symbol,config,hard_pct,trail_pct,return,close_mdd,intra_mdd,trades,win,avg_trade,median_trade,p10,p5,cvar10,worst,exposure,normal_exits,hard_exits,trail_exits,both_exits,gap_exits,stop_exits,stop_ret_mean,stop_ret_median,matched_stops,matched_baseline_profitable,matched_baseline_profitable_but_stop_loss,improved_baseline_loser,matched_delta_mean,post_ret_3,post_ret_5,post_ret_10,post_ret_20,post_min_3,post_min_5,post_min_10,post_min_20,recovery_cost_5_rate,recovery_cost_10_rate,recovery_cost_20_rate
BTC,BASELINE_SIGNAL_ONLY,,,0.07244627437181483,-0.5272900151222275,-0.568841062117097,71,0.6056338028169014,0.003599032907302237,0.014855221714025202,-0.07820009606443845,-0.12466505855805615,-0.1367584338397116,-0.25703713076495227,0.42069849407241267,71,0,0,0,0,0,,,0,0,0,0,,,,,,,,,,,,
BTC,HARD_5,0.05,,-0.4399803431918471,-0.4457892957826388,-0.4457892957826388,101,0.3465346534653465,-0.004849112251500795,-0.030285000000000006,-0.030285000000000117,-0.030285000000000117,-0.03946227272727279,-0.05047500000000005,0.17782761935277155,37,64,0,0,0,64,-0.03186234375000002,-0.030285000000000006,44,18,18,16,-0.014741589902565234,0.007543419845758629,0.018660948832692918,0.01251218358058678,0.02416103962086262,-0.04916206649124937,-0.058948637806303224,-0.08383005964439671,-0.11671859249012348,0.484375,0.609375,0.71875
BTC,HARD_8,0.08,,-0.27822430472714976,-0.3704924516237459,-0.37357437110361846,90,0.4666666666666667,-0.002127253117282651,-0.00476420352878798,-0.048275999999999986,-0.048275999999999986,-0.055427999999999984,-0.08045999999999998,0.2611342518423582,48,42,0,0,0,42,-0.04980857142857138,-0.048275999999999986,35,13,13,13,-0.019817126362768767,0.0222889636091912,0.03387297742917741,0.021279346071232136,0.027861340659539713,-0.05242780060306267,-0.06377207555375641,-0.08675746447160197,-0.12542888097763163,0.42857142857142855,0.5714285714285714,0.6190476190476191
BTC,HARD_10,0.1,,-0.3345180248363371,-0.4383967987005245,-0.4411462746210407,87,0.4942528735632184,-0.0028811111275402882,-0.001028258603697041,-0.060270000000000046,-0.060270000000000046,-0.06473444444444448,-0.10044999999999982,0.30086510733739186,51,36,0,0,0,36,-0.06138611111111109,-0.060269999999999935,31,10,10,8,-0.025501728531544986,0.017822919703020437,0.030587951093051277,0.03221809882824904,0.03606670607285352,-0.06217685250807167,-0.07648868598279554,-0.09018481140305003,-0.14178620135276543,0.3611111111111111,0.4444444444444444,0.5277777777777778
BTC,HARD_12,0.12,,-0.39363502574487186,-0.45247364461161776,-0.45515420363710946,82,0.5365853658536586,-0.004082297050788133,0.010923339664718257,-0.072264,-0.072264,-0.07761688888888892,-0.12043999999999999,0.3268183274591477,52,30,0,0,0,30,-0.07386986666666662,-0.072264,26,6,6,7,-0.023736786728570974,0.009616312564949178,0.030556467459637093,0.015344713818355067,0.028788576791555148,-0.07057134019710504,-0.0880898807627261,-0.1062558007093761,-0.15521944810575766,0.23333333333333334,0.3,0.43333333333333335
BTC,HARD_15,0.15,,-0.2904216599270374,-0.4798721470394982,-0.4886776661407247,79,0.569620253164557,-0.0020330634129471065,0.012446209334040947,-0.09025499999999997,-0.09025500000000009,-0.09777625000000005,-0.15042499999999992,0.35661646908042294,59,20,0,0,0,20,-0.09326349999999999,-0.09025499999999997,17,3,3,6,-0.024015038186774817,0.019564990758953554,0.027946925588644332,0.01612855103694439,0.06928288508721983,-0.0660730968869,-0.09252167895794738,-0.112761907663705,-0.1540603950494545,0.15,0.25,0.4
BTC,HARD_20,0.2,,-0.27556691412388734,-0.5513714837185434,-0.5589665527904766,72,0.5694444444444444,-0.002055402880787911,0.01283804668734001,-0.1202399999999999,-0.12023999999999996,-0.12023999999999996,-0.12024000000000001,0.3681512335789811,61,11,0,0,0,11,-0.12023999999999994,-0.1202399999999999,10,2,2,4,-0.028328034383518608,0.02336516302611803,-0.008142551311373173,-0.00254697905181918,0.13980611151634945,-0.08867547605576691,-0.15918218077862603,-0.1660491967427573,-0.1819113195179196,0.09090909090909091,0.18181818181818182,0.2727272727272727
BTC,TRAIL_5,,0.05,-0.38615382041600055,-0.539142263825144,-0.5428945532199914,103,0.4174757281553398,-0.0035510027051007215,-0.003737672950133386,-0.046929850987882736,-0.05559508718627891,-0.07614257747185241,-0.25552488382291916,0.16308875360461392,35,0,68,0,0,68,-0.024183301817999776,-0.027647862915142263,46,22,16,19,-0.009675976604653797,0.011224089233371324,0.019465709631093273,0.020622638266927174,0.019729929068900108,-0.04232186035491884,-0.052908316640716706,-0.08019917652659181,-0.12067694934120335,0.6029411764705882,0.6911764705882353,0.7941176470588235
BTC,TRAIL_8,,0.08,-0.5481394139983614,-0.5689651163081911,-0.5689651163081911,94,0.43617021276595747,-0.006885649051486071,-0.0056384130323360315,-0.0605681703703474,-0.07153505877074692,-0.09290427334956666,-0.2664030453864058,0.2255687279718039,40,0,54,0,0,54,-0.038655749234618536,-0.038166082081269925,39,15,13,14,-0.01652779552457832,0.006159010473667591,0.015766632921369803,0.02570399686920972,0.05029280235820632,-0.05034043062556902,-0.061379358941719586,-0.07867613950412274,-0.12211420285717389,0.42592592592592593,0.5,0.6666666666666666
BTC,TRAIL_10,,0.1,-0.2714524782025537,-0.5279455702156906,-0.5334685961957406,90,0.5222222222222223,-0.0018226028980134553,0.004811442420805667,-0.06374871071699593,-0.07717944337414599,-0.10012517885121647,-0.2736551530953971,0.29285485421339313,49,0,41,0,0,41,-0.04522334705613798,-0.04569167625585702,32,10,9,14,-0.015274411227622204,0.0033637916367876422,0.006015409274275019,0.01724101790656018,0.04062026235782276,-0.05658934320654113,-0.07345810471090479,-0.09512693256961777,-0.1459843000350596,0.3902439024390244,0.4634146341463415,0.5365853658536586
BTC,TRAIL_12,,0.12,-0.47033328345833125,-0.6059455549085355,-0.6123931681064666,86,0.5348837209302325,-0.005362889978739769,0.008542765745111036,-0.07816325564330828,-0.09040451911848843,-0.11111612092952061,-0.2809072608043883,0.3111182313361102,51,0,35,0,0,35,-0.06048506215667558,-0.062073889271786364,28,8,7,10,-0.019805654364309595,0.01330037426529893,0.025898681142031185,0.039196879430705725,0.048133793055112964,-0.051517590907343584,-0.06961161488651516,-0.08753110203932007,-0.13919786610849466,0.37142857142857144,0.45714285714285713,0.5142857142857142
BTC,TRAIL_15,,0.15,-0.4288269012743906,-0.566819803241788,-0.5739076013582447,81,0.5432098765432098,-0.004164229780041047,0.01017988197892672,-0.08981008215673947,-0.10887805884956359,-0.1260726541035524,-0.2917854223678751,0.34572252483178467,56,0,25,0,0,25,-0.08227497829940773,-0.0764865831305318,21,6,5,5,-0.0227862611555123,0.03872581715639886,0.04961769334562478,0.05791899965856182,0.07542080365096016,-0.04886666072290395,-0.06418521376364537,-0.08662562102940019,-0.1462721547982894,0.28,0.4,0.44
BTC,TRAIL_20,,0.2,-0.3767123962859803,-0.5990973540347102,-0.6058844466441261,75,0.5733333333333334,-0.0030642263378353038,0.012446209334040725,-0.11006535865010143,-0.1283841340927241,-0.15290280714526264,-0.30991569164035293,0.3671900032041012,60,0,15,0,0,15,-0.11777927528215378,-0.11192127108003147,14,3,3,4,-0.02594331826725556,0.04262440403837075,0.0708333815560603,0.0525827898983119,0.09127556557109652,-0.06454136614649404,-0.07392718588378806,-0.1024550655460725,-0.13947796925585954,0.2,0.26666666666666666,0.3333333333333333
BTC,HARD_5_TRAIL_5,0.05,0.05,-0.3137344264457861,-0.37545144290460863,-0.38053649788666755,107,0.34579439252336447,-0.0028752096255081454,-0.017723526935831346,-0.03028500000000005,-0.030285000000000117,-0.03330364770980254,-0.05047500000000005,0.13232938160845883,32,42,33,0,0,75,-0.020798106113989343,-0.030284999999999895,50,24,21,18,-0.012709085746045193,0.004339294377176271,0.01473801212025791,0.010634785682579168,0.022540911668878727,-0.04817176947597423,-0.05575372767838964,-0.08334216293683427,-0.11506980887464674,0.6133333333333333,0.72,0.8
BTC,HARD_5_TRAIL_8,0.05,0.08,-0.46656966028019287,-0.46656966028019287,-0.46656966028019287,104,0.33653846153846156,-0.005346502017621107,-0.030284999999999895,-0.030285000000000117,-0.030285000000000117,-0.03655520937495671,-0.05047500000000005,0.16340916372957384,35,53,16,0,0,69,-0.027000727841368664,-0.030285000000000006,45,19,19,17,-0.01629815833376718,0.006621446409754271,0.017647106147118403,0.013573553461367212,0.03168016050201793,-0.04934810457858921,-0.05839154177458446,-0.08302875587386646,-0.11451212902668344,0.5362318840579711,0.6376811594202898,0.7391304347826086
BTC,HARD_5_TRAIL_10,0.05,0.1,-0.5169543504708637,-0.5169543504708637,-0.5169543504708637,102,0.3431372549019608,-0.006395967149507499,-0.030284999999999895,-0.030285000000000107,-0.03784038110313388,-0.0401852757036492,-0.05047500000000005,0.16981736622877283,35,59,8,0,0,67,-0.02970269744490056,-0.030285000000000006,45,19,19,17,-0.01792313277293913,0.007442207346362622,0.018126526307889072,0.015702402680635285,0.030644969998583356,-0.04853116701830781,-0.05781550959985595,-0.08326926340297348,-0.1149640716732119,0.5223880597014925,0.6268656716417911,0.7313432835820896
BTC,HARD_5_TRAIL_12,0.05,0.12,-0.5073970779672221,-0.5073970779672221,-0.5073970779672221,101,0.3465346534653465,-0.006225960351641156,-0.030285000000000006,-0.030285000000000117,-0.030285000000000117,-0.03946227272727279,-0.05047500000000016,0.1743031079782121,36,63,2,0,0,65,-0.03117405239953207,-0.030285000000000006,44,18,18,16,-0.014465982612915268,0.008070969837426719,0.01949805008975575,0.014816737517657755,0.024521431378378915,-0.048861069993781016,-0.058806200181552484,-0.08330483091444452,-0.11568738633177551,0.49230769230769234,0.6153846153846154,0.7230769230769231
BTC,HARD_5_TRAIL_15,0.05,0.15,-0.4399803431918471,-0.4457892957826388,-0.4457892957826388,101,0.3465346534653465,-0.004849112251500795,-0.030285000000000006,-0.030285000000000117,-0.030285000000000117,-0.03946227272727279,-0.05047500000000005,0.17782761935277155,37,64,0,0,0,64,-0.03186234375000002,-0.030285000000000006,44,18,18,16,-0.014741589902565234,0.007543419845758629,0.018660948832692918,0.01251218358058678,0.02416103962086262,-0.04916206649124937,-0.058948637806303224,-0.08383005964439671,-0.11671859249012348,0.484375,0.609375,0.71875
BTC,HARD_5_TRAIL_20,0.05,0.2,-0.4399803431918471,-0.4457892957826388,-0.4457892957826388,101,0.3465346534653465,-0.004849112251500795,-0.030285000000000006,-0.030285000000000117,-0.030285000000000117,-0.03946227272727279,-0.05047500000000005,0.17782761935277155,37,64,0,0,0,64,-0.03186234375000002,-0.030285000000000006,44,18,18,16,-0.014741589902565234,0.007543419845758629,0.018660948832692918,0.01251218358058678,0.02416103962086262,-0.04916206649124937,-0.058948637806303224,-0.08383005964439671,-0.11671859249012348,0.484375,0.609375,0.71875
BTC,HARD_8_TRAIL_5,0.08,0.05,-0.3183143517407905,-0.44576430610904194,-0.45027687593958043,104,0.3942307692307692,-0.0028752308644206534,-0.01112476042040983,-0.048275999999999875,-0.048275999999999986,-0.04872794133437166,-0.0532473546780885,0.15059275873117592,35,16,53,0,0,69,-0.022865728331860295,-0.029787738881061676,46,22,18,18,-0.013163236892487652,0.010197704433945097,0.01604547446696448,0.011739759711099468,0.021105404587020215,-0.046908782466606375,-0.05406277182409395,-0.08337626799216691,-0.11719032554687703,0.5942028985507246,0.6956521739130435,0.7971014492753623
BTC,HARD_8_TRAIL_8,0.08,0.08,-0.49508680650718173,-0.49508680650718173,-0.49508680650718173,98,0.40816326530612246,-0.006028704307928953,-0.014306288084082297,-0.048275999999999986,-0.048275999999999986,-0.051941667328838405,-0.07351169981389538,0.2057033002242871,39,26,33,0,0,59,-0.03313980245613403,-0.04753339824089853,41,17,16,15,-0.021224285161906005,0.012489077775606735,0.019826812715320795,0.01462915143238212,0.041611666535855796,-0.05227377899724751,-0.060189998207696715,-0.08142122035614192,-0.1134544482521375,0.4915254237288136,0.576271186440678,0.711864406779661
BTC,HARD_8_TRAIL_10,0.08,0.1,-0.4114302013240253,-0.41654711917678167,-0.42129757443717786,93,0.44086021505376344,-0.0046360979530147995,-0.007296175645649772,-0.048275999999999986,-0.048275999999999986,-0.052934316610007734,-0.08045999999999998,0.23550144184556232,42,32,19,0,0,51,-0.038511298046090145,-0.048275999999999875,39,16,16,15,-0.02382630562798569,0.014812934967202977,0.022811713613468357,0.02150122273144834,0.04023409418852097,-0.053521568588185485,-0.0623129127458928,-0.0868071068082937,-0.12046655008585978,0.49019607843137253,0.6274509803921569,0.6666666666666666
BTC,HARD_8_TRAIL_12,0.08,0.12,-0.425085364800054,-0.425085364800054,-0.425085364800054,91,0.45054945054945056,-0.004933355465634299,-0.012989614689014495,-0.048275999999999986,-0.048275999999999986,-0.05440946962207248,-0.08045999999999998,0.24543415571932073,45,34,12,0,0,46,-0.043891509089929295,-0.048275999999999875,37,15,15,13,-0.023789837185849063,0.01631878183487591,0.02738294006054595,0.021642639391605024,0.02781740312157383,-0.05347161183101604,-0.06326045684581896,-0.08613803285671215,-0.12273822253146818,0.45652173913043476,0.6086956521739131,0.6521739130434783
BTC,HARD_8_TRAIL_15,0.08,0.15,-0.21122150376853788,-0.3418532420958956,-0.34507537234521757,90,0.4666666666666667,-0.001141190016745498,-0.0036049527062586018,-0.048275999999999986,-0.0482760000000001,-0.05542800000000005,-0.08045999999999998,0.26209548221723805,48,40,2,0,0,42,-0.04853284443959981,-0.048275999999999986,35,13,13,13,-0.018286253976002906,0.018791818845330842,0.03148442174855446,0.01914389026420822,0.024955103627510404,-0.0551236084220544,-0.06646788337274812,-0.08925498272856451,-0.1274537078200042,0.40476190476190477,0.5714285714285714,0.6190476190476191
BTC,HARD_8_TRAIL_20,0.08,0.2,-0.2719319530431794,-0.36500448228917337,-0.3681132695637862,90,0.4666666666666667,-0.0020350640872234616,-0.004764203528788036,-0.048275999999999986,-0.048275999999999986,-0.05542799999999997,-0.08045999999999986,0.2611342518423582,48,41,1,0,0,42,-0.04961102350701598,-0.048275999999999875,35,13,13,13,-0.01958006885690228,0.02189800759903368,0.033470975910402476,0.020956635162697648,0.027579233618619088,-0.052774317446110774,-0.06411859239680451,-0.08706360939117247,-0.12563878552315982,0.42857142857142855,0.5714285714285714,0.6190476190476191
BTC,HARD_10_TRAIL_5,0.1,0.05,-0.3041828452297105,-0.4247813446602715,-0.42946475711215826,104,0.40384615384615385,-0.002653946524418768,-0.005668179532875073,-0.05254746424655597,-0.06019515855422884,-0.057883161158986174,-0.060270000000000046,0.16084588272989425,35,6,63,0,0,69,-0.022532198312147308,-0.029294971868625175,46,22,17,19,-0.011549074589791836,0.01011143337171408,0.016616698024244977,0.013353912057468846,0.0130339463482673,-0.048056701396252184,-0.05651998051272802,-0.08457483265947056,-0.12449260921994751,0.6086956521739131,0.6956521739130435,0.7971014492753623
BTC,HARD_10_TRAIL_8,0.1,0.08,-0.5373346779836752,-0.5373346779836752,-0.5373346779836752,95,0.42105263157894735,-0.0070630338989546015,-0.00967465557109426,-0.060269999999999935,-0.060270000000000046,-0.06159416998138954,-0.07351169981389538,0.21948093559756487,40,13,42,0,0,55,-0.03719278954753609,-0.04432088009642465,40,16,15,14,-0.02215441725516096,0.012393555090943583,0.019475000169226517,0.017090485756284093,0.03972143391970644,-0.05223825819471259,-0.0623058888651498,-0.08124730960876744,-0.12345446270027413,0.45454545454545453,0.509090909090909,0.6727272727272727
BTC,HARD_10_TRAIL_10,0.1,0.1,-0.4332220570301364,-0.47085906436681735,-0.4789626382152642,91,0.46153846153846156,-0.0051310995422006464,-0.0022322314119263,-0.060269999999999935,-0.06026999999999999,-0.060270000000000004,-0.06027000000000016,0.2669016340916373,45,19,27,0,0,46,-0.04191448742662305,-0.055931198685422345,36,14,14,14,-0.024855035771501728,0.014744951442318983,0.01949496351815324,0.024670056006247942,0.03702578942995876,-0.056670495116318144,-0.07020389716000153,-0.09050270236614544,-0.1386136109990089,0.4782608695652174,0.5652173913043478,0.6086956521739131
BTC,HARD_10_TRAIL_12,0.1,0.12,-0.5171093133539002,-0.549175769964546,-0.5560799559663148,89,0.4606741573033708,-0.006924365944407874,-0.0022322314119263,-0.060269999999999935,-0.060270000000000046,-0.06217629958008056,-0.07742669622072473,0.27395065684075615,47,25,17,0,0,42,-0.050184635346662766,-0.06026999999999988,34,13,13,10,-0.027300555415206533,0.016323912593837798,0.02746091329997586,0.02932253234519198,0.028842057329694016,-0.05570536864054039,-0.07004227771937346,-0.08562245718719705,-0.13760976077888493,0.4523809523809524,0.5476190476190477,0.5952380952380952
BTC,HARD_10_TRAIL_15,0.1,0.15,-0.2747312010831545,-0.41422562526110984,-0.4231965167279439,88,0.48863636363636365,-0.001880634843422839,-0.001187452869660599,-0.060269999999999935,-0.060270000000000046,-0.06473444444444446,-0.10044999999999982,0.2973405959628324,51,32,5,0,0,37,-0.05855337601374202,-0.060269999999999935,32,11,11,8,-0.024114928971499645,0.018599088910270196,0.03938798774791914,0.031482468646004805,0.02849124024835017,-0.05998168264363579,-0.07011039790148907,-0.08458181780975965,-0.14156993957257955,0.3783783783783784,0.4864864864864865,0.5405405405405406
BTC,HARD_10_TRAIL_20,0.1,0.2,-0.32014868128743323,-0.42627044571305006,-0.43308142069621447,87,0.4942528735632184,-0.002647881096444581,-0.001028258603697263,-0.060270000000000046,-0.060270000000000046,-0.0647344444444445,-0.10044999999999982,0.2979814162127523,51,35,1,0,0,36,-0.060822471869296506,-0.060269999999999935,31,10,10,8,-0.024847179734599007,0.022245290043490837,0.042231476151246554,0.03322150014771765,0.02640957427765411,-0.05785108720245878,-0.0682625975429598,-0.08333073608792281,-0.14239840500850165,0.3888888888888889,0.4722222222222222,0.5277777777777778
BTC,HARD_12_TRAIL_5,0.12,0.05,-0.34635857833098593,-0.45266139759510193,-0.457117811520668,104,0.40384615384615385,-0.0032154439303770997,-0.005668179532875017,-0.052547464246556055,-0.0604515690856461,-0.06319186390622861,-0.0722640000000001,0.1611662928548542,35,4,65,0,0,69,-0.023378513242867122,-0.029294971868625286,46,22,17,19,-0.012331291981096195,0.01205121559320801,0.019746451011379434,0.014917812089691366,0.017237720273811825,-0.04664649981449601,-0.055109778930971846,-0.08319138546533056,-0.12312020814209117,0.6086956521739131,0.6956521739130435,0.7971014492753623
BTC,HARD_12_TRAIL_8,0.12,0.08,-0.49008390689409365,-0.49008390689409365,-0.49008390689409365,95,0.43157894736842106,-0.005954156902259513,-0.006118606811102656,-0.0675329526281967,-0.072264,-0.07172224881897567,-0.07351169981389538,0.22460749759692406,41,6,48,0,0,54,-0.03771712867923344,-0.04282040777768775,39,15,14,14,-0.020586826124715896,0.00844380651423848,0.01393388644410679,0.012899983610337685,0.04470299178870838,-0.0555546943150314,-0.06659362263118197,-0.08540618798305256,-0.12542454513152548,0.42592592592592593,0.48148148148148145,0.6666666666666666
BTC,HARD_12_TRAIL_10,0.12,0.1,-0.2691140987958094,-0.4148076677593957,-0.42165440459812775,91,0.4945054945054945,-0.0022393211605962206,-0.001028258603697152,-0.06804870009232122,-0.07226399999999994,-0.07184247000923208,-0.0722640000000001,0.2835629605895546,48,9,34,0,0,43,-0.042857113350903135,-0.05091142996503539,34,12,12,14,-0.02263087871434442,0.003291716800628969,0.007434245119153238,0.0075942498732322035,0.035775991714634955,-0.0620963909227813,-0.07782594426310584,-0.1001626172896774,-0.14612017100831529,0.4186046511627907,0.4883720930232558,0.5581395348837209
BTC,HARD_12_TRAIL_12,0.12,0.12,-0.4310003102189438,-0.4856846980506604,-0.49410004818832165,88,0.5,-0.005018566356971327,-0.00013919265893980182,-0.072264,-0.072264,-0.07283763291341389,-0.07742669622072462,0.2973405959628324,50,14,24,0,0,38,-0.05385150412420083,-0.0648211109568132,30,10,10,10,-0.025207374253837955,0.00990603263411997,0.018816069119041406,0.01616934653101263,0.03103246200311382,-0.061306216467455786,-0.07863856264371942,-0.09922211311923006,-0.14673899441686566,0.39473684210526316,0.47368421052631576,0.5263157894736842
BTC,HARD_12_TRAIL_15,0.12,0.15,-0.34836891332557884,-0.40258241766135094,-0.411731620020924,85,0.5176470588235295,-0.00311377473720568,0.006905649511295575,-0.072264,-0.07226400000000008,-0.07633222876106266,-0.10887805884956347,0.3236142262095482,52,22,11,0,0,33,-0.06691599829630947,-0.072264,28,8,8,7,-0.024485599258428616,0.016385274986073103,0.034764639391743894,0.020663221214653655,0.03769930406862813,-0.06435419324990943,-0.07616511474709506,-0.09616190573138611,-0.14898185896218494,0.30303030303030304,0.3939393939393939,0.48484848484848486
BTC,HARD_12_TRAIL_20,0.12,0.2,-0.3725336554219656,-0.43341984553492496,-0.436193687436359,82,0.5365853658536586,-0.0036885773836499943,0.010923339664718257,-0.072264,-0.0722640000000001,-0.07761688888888892,-0.12043999999999988,0.3236142262095482,52,29,1,0,0,30,-0.07279369957648911,-0.072264,26,6,6,7,-0.022495055470673826,0.017725035177731163,0.04153443389658789,0.017518077882480863,0.01897810714003554,-0.06571905152007998,-0.07656736397487919,-0.09849172371905572,-0.15641490588047346,0.26666666666666666,0.3333333333333333,0.43333333333333335
BTC,HARD_15_TRAIL_5,0.15,0.05,-0.34049950121036654,-0.4368340699561154,-0.4414193494924479,104,0.40384615384615385,-0.0031197083154122637,-0.005668179532875184,-0.050636631935633024,-0.059179913756822154,-0.06501672571198082,-0.09025500000000009,0.16148670297981416,35,2,67,0,0,69,-0.023234216084079527,-0.02903491826170035,46,22,17,19,-0.011723737547262624,0.01007732121203904,0.017155183579536566,0.014626753214931372,0.016212168654473863,-0.04659657698560567,-0.05664270250169174,-0.0835380426790759,-0.1234291811050699,0.6086956521739131,0.6956521739130435,0.7971014492753623
BTC,HARD_15_TRAIL_8,0.15,0.08,-0.4646986078221512,-0.49097338001110113,-0.49097338001110113,95,0.4421052631578947,-0.00539422009920055,-0.005158219253569296,-0.06326920146710147,-0.0731636000645928,-0.07793515361233785,-0.09025499999999997,0.22652995834668377,41,3,51,0,0,54,-0.036732054673851974,-0.04049479781848658,39,15,13,14,-0.0183808349888094,0.003686640485920103,0.011148119720028068,0.014985393912957858,0.044968645243226184,-0.05712395470300176,-0.06816288301915233,-0.08545966358155548,-0.12841042477980194,0.42592592592592593,0.5,0.6666666666666666
BTC,HARD_15_TRAIL_10,0.15,0.1,-0.18009185646570858,-0.41383866782700995,-0.42281548538636926,91,0.5164835164835165,-0.0009456342170665813,0.0027172353303159813,-0.06705662904466214,-0.08156058588644333,-0.079410553225514,-0.09025500000000009,0.2909323934636335,49,3,39,0,0,42,-0.041598479807044036,-0.04776998605100108,33,11,10,14,-0.018943041225618185,-0.0004226094472495836,-0.00043153100445125504,0.004695559047065764,0.03155427370004134,-0.06484240611594652,-0.08130953044163483,-0.10246243382752128,-0.15210891159140494,0.40476190476190477,0.47619047619047616,0.5476190476190477
BTC,HARD_15_TRAIL_12,0.15,0.12,-0.38346905954589006,-0.49462175631239536,-0.5028908761625499,87,0.5287356321839081,-0.004076865533272104,0.006905649511295575,-0.0792622095590924,-0.09025499999999997,-0.08728716735390986,-0.09025500000000009,0.3091957705863505,51,6,30,0,0,36,-0.05503934467691778,-0.06259364372991044,29,9,8,10,-0.023164414204195242,0.0065303005419942006,0.015610167794655476,0.021522370276309058,0.03461809900634756,-0.06308235604980782,-0.08066600648282413,-0.09808773010360673,-0.1482981980566393,0.3888888888888889,0.4722222222222222,0.5277777777777778
BTC,HARD_15_TRAIL_15,0.15,0.15,-0.2655632440429977,-0.41329919147815275,-0.4222842708939252,83,0.5421686746987951,-0.0016875001429651,0.01017988197892672,-0.09025499999999995,-0.09025499999999997,-0.09232422876106262,-0.10887805884956347,0.3418776033322653,56,9,18,0,0,27,-0.07160013746516762,-0.0814163505225336,23,7,6,6,-0.025102932358742745,0.016443944519937782,0.02762526810514574,0.031269772419045286,0.04680376152435427,-0.06853299730836147,-0.08428241964675157,-0.10159327889946655,-0.15960003972827672,0.2962962962962963,0.4074074074074074,0.4444444444444444
BTC,HARD_15_TRAIL_20,0.15,0.2,-0.39892095381523074,-0.4690043365311293,-0.4779938425357205,79,0.5443037974683544,-0.004182628049846583,0.01017988197892672,-0.09025499999999997,-0.09025500000000009,-0.09777625000000005,-0.15042499999999992,0.3486062159564242,57,17,5,0,0,22,-0.08724825761794443,-0.09025499999999997,19,5,5,6,-0.030819998835706946,0.043943130769278464,0.05729904707228495,0.0400188237997922,0.061627102272003166,-0.05734515142237789,-0.07197252431446932,-0.09543129951865734,-0.1564795555437816,0.2727272727272727,0.36363636363636365,0.45454545454545453
BTC,HARD_20_TRAIL_5,0.2,0.05,-0.27460662792338786,-0.4553958981743148,-0.45983004788097304,103,0.4174757281553398,-0.002237557231091776,-0.003737672950133386,-0.046929850987882736,-0.05559508718627891,-0.06384395166976883,-0.12023999999999979,0.16276834347965397,35,1,67,0,0,68,-0.022193818232368618,-0.027647862915142207,46,22,16,19,-0.0096759766046538,0.007418414785594938,0.014372598914164633,0.013229895745309358,0.013198120607377512,-0.04789253797248262,-0.05847899425828049,-0.08576985414415561,-0.12624762695876712,0.6029411764705882,0.6911764705882353,0.7941176470588235
BTC,HARD_20_TRAIL_8,0.2,0.08,-0.45810997900040185,-0.4830850279681914,-0.4830850279681914,94,0.43617021276595747,-0.00533072303673707,-0.0056384130323360315,-0.0605681703703474,-0.07153505877074692,-0.07828796881092609,-0.12024000000000001,0.22524831784684396,40,1,53,0,0,54,-0.03594902617190732,-0.038166082081270036,39,15,13,14,-0.016527795524578337,0.0007003777574799337,0.008638547536817231,0.015537745883982842,0.04116739458768473,-0.057943906571334226,-0.06898283488748481,-0.08627961544988795,-0.1297176788029391,0.42592592592592593,0.5,0.6666666666666666
BTC,HARD_20_TRAIL_10,0.2,0.1,-0.11757208644353045,-0.4282404467838288,-0.43493002041667783,90,0.5222222222222223,-0.00011799008584235289,0.004811442420805778,-0.06374871071699595,-0.07717944337414592,-0.08307905072950568,-0.12024000000000001,0.2925344440884332,49,1,40,0,0,41,-0.041481514053811216,-0.04569167625585713,32,10,9,14,-0.0152744112276222,-0.004443175192917005,-0.004035055991268603,0.0030571478890594355,0.027767131039224343,-0.06714916142459752,-0.08401792292896118,-0.10568675078767413,-0.15654411825311598,0.3902439024390244,0.4634146341463415,0.5365853658536586
BTC,HARD_20_TRAIL_12,0.2,0.12,-0.3519895763848889,-0.5179017674389801,-0.5257899741720324,86,0.5348837209302325,-0.003494666015898039,0.008542765745111147,-0.07816325564330828,-0.09040451911848835,-0.09326420306236632,-0.1202399999999999,0.3107978212111503,51,1,34,0,0,35,-0.0558945689908359,-0.06207388927178614,28,8,7,10,-0.019805654364309595,0.0033987743077664436,0.01331423131435107,0.021608884029878327,0.032055519247546384,-0.06455570452769892,-0.08264972850687044,-0.10056921565967539,-0.15223597972885,0.37142857142857144,0.45714285714285713,0.5142857142857142
BTC,HARD_20_TRAIL_15,0.2,0.15,-0.2811287655252981,-0.4548048857896817,-0.4637254988105908,81,0.5432098765432098,-0.0019051602903985322,0.01017988197892672,-0.08981008215673947,-0.10887805884956347,-0.10574102869676996,-0.12024000000000001,0.34540211470682475,56,2,23,0,0,25,-0.07495559315296607,-0.0764865831305317,21,6,5,5,-0.02224153704631388,0.021932843542076697,0.02886777674163243,0.029717468864193818,0.04876053938548962,-0.06958881591069864,-0.08490736895144008,-0.10734777621719488,-0.1669943099860841,0.28,0.4,0.44
BTC,HARD_20_TRAIL_20,0.2,0.2,-0.3223201428464556,-0.48429646712947594,-0.4930270845794248,75,0.56,-0.002668654799113422,0.012411607040555772,-0.11666126070875961,-0.12023999999999993,-0.12531978129485913,-0.16129699656429497,0.35917975008010256,59,6,10,0,0,16,-0.10362163709431935,-0.11587126243730494,15,4,4,4,-0.03488095213185278,0.06507823479375589,0.06419746430627182,0.026476378464132255,0.0853802567045015,-0.06114452517594721,-0.09424237280509956,-0.12394064020587717,-0.1692863702644545,0.25,0.3125,0.375
ETH,BASELINE_SIGNAL_ONLY,,,0.29392434613592466,-0.7591147633810964,-0.7717342290156299,72,0.6388888888888888,0.009718611107604714,0.024432916866380716,-0.16033043346936907,-0.20619652675867256,-0.22200429773711194,-0.32129852030494943,0.39098228663446055,72,0,0,0,0,0,,,0,0,0,0,,,,,,,,,,,,
ETH,HARD_5,0.05,,0.08645976303570646,-0.4434711933609017,-0.44938629375414063,105,0.34285714285714286,0.0021517405325255376,-0.030284999999999895,-0.030285000000000117,-0.030285000000000117,-0.03946227272727279,-0.05047500000000016,0.14814814814814814,40,65,0,0,0,65,-0.03183807692307693,-0.030285000000000006,45,23,23,15,-0.015608978012559173,0.010119394574547413,0.024035736833844537,0.051664618174854356,0.04634529582948965,-0.08638293906648246,-0.0916133941707748,-0.11615719970814795,-0.1643737537062212,0.5384615384615384,0.6615384615384615,0.7384615384615385
ETH,HARD_8,0.08,,-0.3476599896492627,-0.645053775326656,-0.6508827187678687,102,0.4019607843137255,-0.0023162509523951226,-0.048275999999999764,-0.048275999999999986,-0.0482760000000001,-0.0629050909090909,-0.08046000000000009,0.20257648953301127,49,53,0,0,0,53,-0.05131222641509429,-0.048275999999999986,36,16,16,14,-0.022669389966575658,0.00948345628944651,0.03348521733274821,0.07776397848623065,0.05474745152571134,-0.09798406562080786,-0.10706868272359607,-0.12481463434083982,-0.17086830154788304,0.41509433962264153,0.5094339622641509,0.6037735849056604
ETH,HARD_10,0.1,,-0.3484786583588826,-0.6505583079536644,-0.662970910234775,101,0.44554455445544555,-0.0017482872248320157,-0.007947428737324569,-0.060270000000000046,-0.060270000000000046,-0.07853363636363632,-0.10044999999999993,0.235426731078905,54,47,0,0,0,47,-0.06454446808510635,-0.060269999999999935,32,13,13,12,-0.02751944118561109,0.009473761877654032,0.027872677037029718,0.05619201755817045,0.03546885034836231,-0.09288376587031426,-0.1031477804337387,-0.12652038134464869,-0.17301720994781253,0.3191489361702128,0.46808510638297873,0.5531914893617021
ETH,HARD_12,0.12,,-0.2943038808054619,-0.7333092813132438,-0.7376888887226538,98,0.47959183673469385,-0.0005781818279313478,-0.0007106061227566407,-0.07226400000000002,-0.0722640000000001,-0.09153440000000004,-0.12043999999999999,0.2611916264090177,58,40,0,0,0,40,-0.07708159999999999,-0.072264,28,10,10,12,-0.024322349390597943,0.024794868444461673,0.03467936329268997,0.07087861267250771,0.02894311827935612,-0.09307754562003404,-0.10092866211119682,-0.11993366523863658,-0.17384125275491977,0.275,0.425,0.5
ETH,HARD_15,0.15,,0.032115807676346586,-0.7636892318364887,-0.7675699382827744,92,0.5434782608695652,0.003944291382378482,0.008351262046715102,-0.09025499999999997,-0.09025500000000009,-0.10228900000000005,-0.15042500000000003,0.27053140096618356,61,31,0,0,0,31,-0.09413693548387095,-0.09025499999999997,23,5,5,12,-0.011528529159859295,0.01468091777055599,0.042737889714408075,0.051916755878198606,0.022882729291024813,-0.09368820811120612,-0.10507693147465881,-0.11794000437211245,-0.16622559113984262,0.1935483870967742,0.3548387096774194,0.41935483870967744
ETH,HARD_20,0.2,,0.19124835746716107,-0.7566575620818973,-0.769405755270629,85,0.5882352941176471,0.006123522927465511,0.01340031561782662,-0.12024000000000001,-0.12024000000000001,-0.1291466666666667,-0.2003999999999998,0.30499194847020933,64,21,0,0,0,21,-0.12405714285714281,-0.12024000000000001,16,1,1,9,0.019724519078780034,0.02406460471228629,0.04463032204961943,0.0351141373405552,-0.0255976640684325,-0.08002271293979979,-0.10015510288338375,-0.1099526394030587,-0.1764121398266266,0.09523809523809523,0.09523809523809523,0.19047619047619047
ETH,TRAIL_5,,0.05,-0.12926750440921353,-0.5377771654255825,-0.5420757695283505,112,0.42857142857142855,0.0002437745542368768,-0.006258112085990253,-0.05770780179189889,-0.07337971167491615,-0.08225869221986591,-0.15115965155826872,0.14299516908212562,36,0,76,0,0,76,-0.024949885862037783,-0.02397909446512636,48,25,16,14,-0.011369704563414728,0.029319541856026834,0.028170782251601266,0.03857300274642502,0.05251760990795432,-0.05480169976581462,-0.06491021816874946,-0.10609977058028619,-0.1544000509584871,0.6447368421052632,0.75,0.7894736842105263
ETH,TRAIL_8,,0.08,-0.007868276138195185,-0.6486737892391652,-0.6544432846432229,107,0.4672897196261682,0.0018503523441897526,-0.004772917171150248,-0.06566237691322385,-0.0873599038887654,-0.09638111512557095,-0.16533355729853394,0.20966183574879227,51,0,56,0,0,56,-0.04100427578966491,-0.041922778604513156,37,17,14,13,-0.01604888650268298,0.026157940148281413,0.03293990991773511,0.08146465025421223,0.08858804776934794,-0.06754508282609938,-0.07989597095706022,-0.1083227533872805,-0.14358018843897083,0.5178571428571429,0.6428571428571429,0.7142857142857143
ETH,TRAIL_10,,0.1,-0.49300601413812273,-0.7350849711090939,-0.7375486417564426,102,0.45098039215686275,-0.004412520099655263,-0.004746879905310641,-0.07902152671708626,-0.10183302184581625,-0.10811986558726802,-0.17478282779204402,0.22383252818035426,51,0,51,0,0,51,-0.05420997868433948,-0.05344696324888176,35,16,13,11,-0.025463842411276083,0.03630168286961319,0.03898413541341844,0.1040871423470496,0.11779847293646659,-0.06996100906022358,-0.0824365983678527,-0.09981044916616805,-0.13595009795616145,0.45098039215686275,0.5686274509803921,0.7058823529411765
ETH,TRAIL_12,,0.12,-0.5944370372366424,-0.7931287789877927,-0.7965260278189488,98,0.4489795918367347,-0.00631239902973902,-0.005387939006839815,-0.09573051906492826,-0.11378706672300083,-0.12325410824112146,-0.1842320982855542,0.2360708534621578,52,0,46,0,0,46,-0.06864809460106122,-0.0737073907709806,32,13,12,11,-0.029878736868729664,0.05722154773112887,0.06279332410783976,0.11806135705470311,0.11060734563885764,-0.05913659583525401,-0.07067991418486778,-0.09015078292743202,-0.13501978395206415,0.391304347826087,0.5217391304347826,0.6521739130434783
ETH,TRAIL_15,,0.15,-0.24021486239271606,-0.7798897377110345,-0.7835043986949445,95,0.5263157894736842,0.0008725071169957705,0.004866307399046477,-0.11622479120979476,-0.1306982577240636,-0.14007914422759488,-0.19840600402581932,0.27987117552334945,61,0,34,0,0,34,-0.09039194004958541,-0.09411328981874983,27,10,10,11,-0.03218040486377259,0.05219182763460323,0.05596742650465343,0.09080240091883407,0.052130610256172764,-0.05815660558864143,-0.07356193233088627,-0.09276512202810949,-0.1630031284451858,0.3235294117647059,0.4117647058823529,0.5
ETH,TRAIL_20,,0.2,0.3412136464575599,-0.6415265119105267,-0.6603061761495326,88,0.5909090909090909,0.007416053887861706,0.01548303729152023,-0.12581651946063996,-0.15090694370837507,-0.15741306477152403,-0.22202918025959473,0.3214170692431562,66,0,22,0,0,22,-0.1180193918574667,-0.11839983258991937,18,3,3,9,0.004337022900788184,0.023859076106039226,0.019323593432654693,0.022783074942924673,-0.04809328948586288,-0.060457156928535864,-0.0894922360127144,-0.09343915694615662,-0.20103307695712322,0.09090909090909091,0.18181818181818182,0.22727272727272727
ETH,HARD_5_TRAIL_5,0.05,0.05,0.47974371690739614,-0.31108950647483513,-0.3184116337080438,112,0.38392857142857145,0.0045289868326301745,-0.013023650385225405,-0.030285000000000006,-0.030285000000000117,-0.03449721140989847,-0.05047500000000005,0.11529790660225443,34,42,36,0,0,78,-0.018139557221509593,-0.030284999999999895,49,26,21,16,-0.008136140098275103,0.00296024890527819,0.015176082273821244,0.031055623539690214,0.04023460237934833,-0.08176087572328622,-0.08745571190190787,-0.11901280068552346,-0.16470396066825757,0.6538461538461539,0.7435897435897436,0.7948717948717948
ETH,HARD_5_TRAIL_8,0.05,0.08,0.18687513349489238,-0.3981075020112069,-0.4045047531670667,110,0.36363636363636365,0.002726005586982684,-0.029115894031099765,-0.030285000000000117,-0.030285000000000117,-0.03861501074606486,-0.05047499999999994,0.1391304347826087,40,53,17,0,0,70,-0.0274873774110823,-0.030285000000000006,45,23,22,15,-0.01296171409029878,0.008459715915422942,0.023467871250149798,0.049881031600938666,0.048495083609961465,-0.08248868579408568,-0.08821814071576864,-0.11675247393282286,-0.160613265330609,0.6,0.7142857142857143,0.7571428571428571
ETH,HARD_5_TRAIL_10,0.05,0.1,0.11086763433991198,-0.42203780914832567,-0.42764983024514636,108,0.37037037037037035,0.0021820625553833216,-0.030284999999999895,-0.030285000000000117,-0.035945379047126774,-0.040253934132465335,-0.05047500000000016,0.14557165861513688,41,59,8,0,0,67,-0.02983568753235093,-0.030285000000000006,45,23,21,15,-0.013833918859191793,0.0066510378716741455,0.02039404201213981,0.050679096210113975,0.04655690722871751,-0.08740538828244628,-0.09266458264713459,-0.11663571494867839,-0.16308087292338327,0.5522388059701493,0.6716417910447762,0.746268656716418
ETH,HARD_5_TRAIL_12,0.05,0.12,0.13184465757708796,-0.4324582895950353,-0.43849044130820425,106,0.33962264150943394,0.0025079771951702287,-0.030284999999999895,-0.030285000000000117,-0.0302850000000002,-0.03946227272727277,-0.05047500000000005,0.14653784219001612,40,62,4,0,0,66,-0.030750942018592964,-0.030285000000000006,45,23,23,15,-0.014667549474753976,0.008942972821667446,0.021491139569391162,0.05162959429596814,0.045773800807842484,-0.08614334936816499,-0.09137245001574058,-0.11554437971163838,-0.16283633244897688,0.5454545454545454,0.6666666666666666,0.7424242424242424
ETH,HARD_5_TRAIL_15,0.05,0.15,0.09097733569617672,-0.4434711933609017,-0.44938629375414063,105,0.34285714285714286,0.002190141866766328,-0.030284999999999895,-0.030285000000000117,-0.030285000000000117,-0.03946227272727279,-0.05047500000000016,0.14814814814814814,40,64,1,0,0,65,-0.03177604399853411,-0.030285000000000006,45,23,23,15,-0.01551937489933064,0.010007583735869399,0.023932110796829244,0.051558194472825614,0.046224202474491646,-0.08647699849365903,-0.09170745359795135,-0.1162512591353245,-0.16446781313339776,0.5384615384615384,0.6615384615384615,0.7384615384615385
ETH,HARD_5_TRAIL_20,0.05,0.2,0.08645976303570646,-0.4434711933609017,-0.44938629375414063,105,0.34285714285714286,0.0021517405325255376,-0.030284999999999895,-0.030285000000000117,-0.030285000000000117,-0.03946227272727279,-0.05047500000000016,0.14814814814814814,40,65,0,0,0,65,-0.03183807692307693,-0.030285000000000006,45,23,23,15,-0.015608978012559173,0.010119394574547413,0.024035736833844537,0.051664618174854356,0.04634529582948965,-0.08638293906648246,-0.0916133941707748,-0.11615719970814795,-0.1643737537062212,0.5384615384615384,0.6615384615384615,0.7384615384615385
ETH,HARD_8_TRAIL_5,0.08,0.05,0.231407127574893,-0.39903245056565007,-0.4046213600274844,112,0.41964285714285715,0.0030598703472409852,-0.006647117390250368,-0.048275999999999986,-0.048275999999999986,-0.04901384095284142,-0.05284759512380488,0.13172302737520128,36,21,55,0,0,76,-0.020799849956558026,-0.02534885910261947,48,25,17,15,-0.008204037329156205,0.009469220968897553,0.025468934656120778,0.034861129903769085,0.04169870061995956,-0.0739894060594064,-0.0793809767343155,-0.11565802000242692,-0.16408847840129506,0.6447368421052632,0.7368421052631579,0.7894736842105263
ETH,HARD_8_TRAIL_8,0.08,0.08,0.09471938946372771,-0.5015411200077453,-0.5097268349619444,110,0.41818181818181815,0.0022965523444329157,-0.014692083989214122,-0.048275999999999986,-0.048275999999999986,-0.05213374665245618,-0.08045999999999998,0.17616747181964573,46,31,33,0,0,64,-0.034320783775215156,-0.047826611369461314,40,18,17,14,-0.0140751729453464,0.0073145075274147625,0.02853269195552418,0.06405115754597815,0.06636541431560261,-0.08519830502830332,-0.0930878693877683,-0.12183744613825456,-0.1578906412932224,0.53125,0.65625,0.71875
ETH,HARD_8_TRAIL_10,0.08,0.1,-0.16152223437801372,-0.5661998668364063,-0.570234144013377,107,0.4205607476635514,-0.00006886052109687622,-0.0231674825237983,-0.048275999999999986,-0.0482760000000001,-0.057318402988671725,-0.08045999999999986,0.18711755233494365,48,34,25,0,0,59,-0.04093988151948365,-0.048275999999999875,39,18,16,14,-0.01869102455857891,0.009704588925425656,0.02692099228793707,0.0681124166378668,0.06952461633511152,-0.0900498629068384,-0.09882325350679236,-0.12237988522449848,-0.1589751910536036,0.4745762711864407,0.5932203389830508,0.6949152542372882
ETH,HARD_8_TRAIL_12,0.08,0.12,-0.17630900900255075,-0.5804996830310691,-0.5873887367840229,103,0.4077669902912621,-0.00009789286522815252,-0.02164072103506509,-0.048275999999999986,-0.0482760000000001,-0.05997927272727274,-0.08046000000000009,0.19291465378421901,48,43,12,0,0,55,-0.04547855994020944,-0.048275999999999875,37,16,16,14,-0.01966825628827622,0.009792385407122066,0.02954528001329353,0.07009956891495679,0.0557195955201449,-0.09451075876851664,-0.10175860572682373,-0.12542389983445887,-0.16555527423974603,0.43636363636363634,0.5454545454545454,0.6545454545454545
ETH,HARD_8_TRAIL_15,0.08,0.15,-0.24527152157931964,-0.6052809884290187,-0.6117630824299791,102,0.4117647058823529,-0.0009422691194947583,-0.028712439005942447,-0.048275999999999986,-0.0482760000000001,-0.05997927272727275,-0.08046000000000009,0.20064412238325283,49,49,4,0,0,53,-0.048667959491399265,-0.048275999999999986,36,16,16,14,-0.021612227669509744,0.00913101117140782,0.0309615532028634,0.07442736003735076,0.054769879068857205,-0.09833880966793804,-0.10616692012516021,-0.12770141456442588,-0.17325289459447143,0.4339622641509434,0.5283018867924528,0.6226415094339622
ETH,HARD_8_TRAIL_20,0.08,0.2,-0.32928980413324715,-0.6350583313986454,-0.6410514204858072,102,0.4019607843137255,-0.002062381772523077,-0.048275999999999764,-0.0482760000000001,-0.0482760000000002,-0.060551031241186576,-0.08046000000000009,0.20225442834138485,49,52,1,0,0,53,-0.050823647993453756,-0.048275999999999986,36,16,16,14,-0.022669389966575648,0.011481065195205982,0.03356092943448121,0.07621703446676914,0.05497041516557006,-0.0955178333491462,-0.1073712705547667,-0.1251172221720105,-0.17117088937905367,0.41509433962264153,0.5094339622641509,0.6037735849056604
ETH,HARD_10_TRAIL_5,0.1,0.05,0.008205893335591519,-0.4407531971409141,-0.44595410982071126,112,0.41964285714285715,0.001373377475827539,-0.006647117390250368,-0.060269999999999935,-0.060269999999999935,-0.06026999999999998,-0.060270000000000046,0.13623188405797101,36,16,60,0,0,76,-0.02328520787232522,-0.025348859102619525,48,25,17,14,-0.010258867360581923,0.017674192426814,0.028090018191943036,0.036176837121302874,0.048539833596015415,-0.06776630429170548,-0.07340943961365974,-0.11446099525483837,-0.1595024591424373,0.6447368421052632,0.7368421052631579,0.7894736842105263
ETH,HARD_10_TRAIL_8,0.1,0.08,-0.11148171223795,-0.5603804880991909,-0.5675999402088214,110,0.42727272727272725,0.0005299632918642671,-0.013427204630468592,-0.060269999999999935,-0.060270000000000046,-0.062314333733387614,-0.08275767106726362,0.18840579710144928,47,21,42,0,0,63,-0.03787431809881226,-0.04641563499595747,39,18,16,13,-0.01655242108294827,0.01730574269113557,0.03282954753762663,0.06461836300874702,0.07677024041130462,-0.07809064249340605,-0.08643323961316335,-0.12191299922547429,-0.1534082288204086,0.5079365079365079,0.6507936507936508,0.7142857142857143
ETH,HARD_10_TRAIL_10,0.1,0.1,-0.31736021777169754,-0.6108143877995516,-0.6144337565200161,106,0.42452830188679247,-0.0018585920949089837,-0.014749850026654077,-0.060270000000000046,-0.060270000000000046,-0.06676822117048993,-0.10044999999999993,0.20869565217391303,49,27,30,0,0,57,-0.045580898773605126,-0.060269999999999824,37,17,15,12,-0.021425099705366307,0.019749739325884405,0.031313326436747155,0.07492224899535696,0.0873743273024814,-0.08548016007645795,-0.09457187122274531,-0.12383800801876534,-0.15605253340271333,0.43859649122807015,0.5789473684210527,0.6842105263157895
ETH,HARD_10_TRAIL_12,0.1,0.12,-0.4156200518530301,-0.643025550803958,-0.6488878018427928,102,0.4117647058823529,-0.003230851777827288,-0.014749850026654132,-0.060269999999999935,-0.06027000000000015,-0.07240032130609521,-0.10044999999999993,0.21545893719806763,49,30,23,0,0,53,-0.053090570699516504,-0.060269999999999824,35,15,15,12,-0.025019811987091283,0.027036875009773944,0.043815221314820775,0.08065098407427473,0.07905737121675778,-0.08533616029780594,-0.09286878431003211,-0.12268659722329,-0.1582719660940705,0.39622641509433965,0.5283018867924528,0.6415094339622641
ETH,HARD_10_TRAIL_15,0.1,0.15,-0.16280719657215525,-0.5992715988936158,-0.6058523793695495,101,0.45544554455445546,0.0006152276733175489,-0.004772917171150248,-0.060270000000000046,-0.060270000000000046,-0.07488090909090907,-0.10044999999999993,0.23317230273752013,54,39,8,0,0,47,-0.05946542543163602,-0.060269999999999935,32,13,13,12,-0.02424935679649726,0.007103550742207172,0.020408245159533094,0.04650958562295242,0.030967554920135466,-0.09712835456932074,-0.10592808066426401,-0.13353747257980947,-0.17921731153681592,0.3404255319148936,0.46808510638297873,0.574468085106383
ETH,HARD_10_TRAIL_20,0.1,0.2,-0.3150507809005174,-0.6326293571826195,-0.6456788180307069,101,0.44554455445544555,-0.0012913370795654706,-0.00794742873732468,-0.060270000000000046,-0.06027000000000016,-0.07488090909090911,-0.10045000000000004,0.23510466988727857,54,45,2,0,0,47,-0.0635625113899591,-0.060269999999999935,32,13,13,12,-0.0275110878004557,0.011376787783236978,0.02758074745444055,0.05401466177484732,0.035318148200931994,-0.09042099555504321,-0.103775809689645,-0.12714841060055493,-0.17364523920371877,0.3191489361702128,0.46808510638297873,0.5531914893617021
ETH,HARD_12_TRAIL_5,0.12,0.05,-0.04766048909013931,-0.4798284617441486,-0.48466598023357677,112,0.42857142857142855,0.000928070958771464,-0.006258112085990197,-0.0642654009474959,-0.072264,-0.0716167023145096,-0.0722640000000001,0.1394524959742351,36,11,65,0,0,76,-0.023941449055355214,-0.023979094465126305,48,25,16,14,-0.010424441139369816,0.02361251891252859,0.02744756516277105,0.03757180199640636,0.05114977937297636,-0.065090525154596,-0.0712239930155107,-0.11286749569198563,-0.15797756866818255,0.6447368421052632,0.75,0.7894736842105263
ETH,HARD_12_TRAIL_8,0.12,0.08,0.03266706623203253,-0.5971897930874874,-0.6038047610753765,109,0.44954128440366975,0.0019608543203660047,-0.01197965968374426,-0.07226399999999988,-0.072264,-0.07321797009702397,-0.08275767106726373,0.20193236714975846,50,12,47,0,0,59,-0.03756188595946575,-0.04130134020996812,38,18,15,13,-0.016159500116763658,0.019609394659017548,0.029341089788028803,0.0698689200234324,0.08199753017871732,-0.07958390090148577,-0.08928333073206414,-0.12165836143227826,-0.15262497425266136,0.5254237288135594,0.6610169491525424,0.711864406779661
ETH,HARD_12_TRAIL_10,0.12,0.1,-0.3428783657243133,-0.6614118403933567,-0.6645606602766795,105,0.4380952380952381,-0.0021427665452783016,-0.008496191967680033,-0.07226399999999988,-0.072264,-0.07564252132607249,-0.10269772169623648,0.22028985507246376,51,16,38,0,0,54,-0.04751214364709987,-0.052540454657795554,36,17,14,12,-0.022923378407984252,0.025873526125016127,0.030203365314412634,0.08568856668182133,0.10250299786242191,-0.08540242098734975,-0.09523914798504995,-0.11898805291143671,-0.15011738625054558,0.46296296296296297,0.5925925925925926,0.6851851851851852
ETH,HARD_12_TRAIL_12,0.12,0.12,-0.48189952600901587,-0.7012849760461809,-0.7061904880889409,101,0.42574257425742573,-0.004302206521936091,-0.012202754956236461,-0.072264,-0.0722640000000001,-0.08185013948791343,-0.12043999999999988,0.22801932367149758,51,23,27,0,0,50,-0.057166820522111327,-0.07226399999999977,34,15,14,12,-0.02873430559846612,0.036817026561848834,0.04562692359878987,0.09433552859945692,0.09556204109942418,-0.08230689197328331,-0.09118900993522444,-0.11571659561416858,-0.15077800668479696,0.42,0.54,0.64
ETH,HARD_12_TRAIL_15,0.12,0.15,-0.045171108483744726,-0.6728870030397512,-0.6782588679184991,100,0.48,0.0022675699316051013,-0.0007106061227566407,-0.072264,-0.0722640000000001,-0.08631201744301156,-0.12043999999999999,0.2560386473429952,58,28,14,0,0,42,-0.06685137989639077,-0.07226399999999988,30,12,12,12,-0.023466499348557556,0.02218070436477806,0.019861123435695127,0.056604127804280646,0.029905889544770147,-0.09311602194558108,-0.10361411033692489,-0.12645709345631184,-0.1763223844151382,0.3333333333333333,0.4523809523809524,0.5476190476190477
ETH,HARD_12_TRAIL_20,0.12,0.2,-0.2195695528977878,-0.7109773880785055,-0.7157237308792281,98,0.47959183673469385,0.0003645998955340874,-0.0007106061227565297,-0.072264,-0.07226400000000001,-0.0867168,-0.12043999999999999,0.2608695652173913,58,36,4,0,0,40,-0.0747717847775097,-0.072264,28,10,10,12,-0.023647833669778635,0.02528758404378769,0.032509066666742505,0.06637667686675683,0.026950004397118765,-0.09177093422369571,-0.10321506138268513,-0.1222200645101249,-0.17595958603273748,0.275,0.425,0.5
ETH,HARD_15_TRAIL_5,0.15,0.05,-0.08986534483207309,-0.5183543573281426,-0.5228335906779528,112,0.42857142857142855,0.000567251243548906,-0.006258112085990142,-0.06177315086633856,-0.0765163628813088,-0.07746266508846254,-0.09025500000000009,0.14138486312399356,36,4,72,0,0,76,-0.024473183372525308,-0.023979094465126305,48,25,16,14,-0.0101008576559508,0.024799815887279378,0.029116816858041853,0.03649483401745364,0.05103465394225119,-0.061922955087657605,-0.07117760845457692,-0.11213497955420787,-0.15721045424287766,0.6447368421052632,0.75,0.7894736842105263
ETH,HARD_15_TRAIL_8,0.15,0.08,0.11439442340499473,-0.6162398782117975,-0.6225420048140875,107,0.4672897196261682,0.0027879993274958366,-0.004772917171150248,-0.0691873551007772,-0.08997818681510837,-0.08554258281522276,-0.09025499999999997,0.20676328502415459,51,6,50,0,0,56,-0.039212700303705085,-0.041922778604513045,37,17,14,13,-0.01385108920580159,0.017149009796463464,0.03204212958014764,0.07536490897919694,0.08506146265562921,-0.0787248104646212,-0.09043732984855664,-0.11882243764743591,-0.14940107573149067,0.5357142857142857,0.6607142857142857,0.7142857142857143
ETH,HARD_15_TRAIL_10,0.15,0.1,-0.3799030567460706,-0.6904828129712286,-0.6933612771026341,102,0.45098039215686275,-0.0026847114420552507,-0.004746879905310641,-0.08285448119436188,-0.09025499999999997,-0.09041792588279624,-0.10269772169623625,0.22061191626409019,51,8,43,0,0,51,-0.05075436136913949,-0.05344696324888165,35,16,13,12,-0.02222628930807862,0.023943550703140096,0.03468517395085322,0.0934990598724548,0.11094793300690657,-0.08539208149895776,-0.09704182001858205,-0.1143038163988142,-0.14502823569514126,0.47058823529411764,0.5882352941176471,0.7058823529411765
ETH,HARD_15_TRAIL_12,0.15,0.12,-0.44514613463800756,-0.741709352732836,-0.7459510137779706,98,0.4489795918367347,-0.0035008710670314377,-0.005387939006839759,-0.09025499999999997,-0.09025499999999997,-0.0944138584929313,-0.1226377723252089,0.23123993558776168,52,11,35,0,0,46,-0.062658317637032,-0.07541266205178188,32,13,12,12,-0.024747876643847345,0.03491888718664877,0.05199105463906347,0.10057036103602365,0.10142280044475661,-0.08280614409848278,-0.09386012761467018,-0.11182403802141212,-0.14751228457115714,0.41304347826086957,0.5217391304347826,0.6521739130434783
ETH,HARD_15_TRAIL_15,0.15,0.15,-0.01178789915105849,-0.7335299805952784,-0.7379059636707948,96,0.5104166666666666,0.003049981231022849,0.0031959297948529475,-0.09025499999999997,-0.09025500000000009,-0.10190421744301152,-0.15042500000000003,0.2579710144927536,59,20,17,0,0,37,-0.07721880621554322,-0.09025499999999986,28,10,10,12,-0.023099258365069597,0.022003223878184066,0.03798877933194624,0.06672676590024511,0.03553399963471174,-0.08965208320604777,-0.10300648779512142,-0.11907550454007096,-0.17079783259383247,0.32432432432432434,0.4594594594594595,0.5405405405405406
ETH,HARD_15_TRAIL_20,0.15,0.2,-0.017866166109669956,-0.7656265116428367,-0.76947540398987,93,0.5268817204301075,0.0033456787974896623,0.007010119405693294,-0.09025499999999997,-0.09025500000000009,-0.102289,-0.15042499999999992,0.2669887278582931,60,26,7,0,0,33,-0.08996759253760041,-0.09025499999999997,24,6,6,12,-0.011997500766904798,0.01850589181012005,0.04360924986187134,0.049498354637372274,0.013319065990041576,-0.08913057730785016,-0.10405516851874368,-0.11609262280026256,-0.17596572379394138,0.21212121212121213,0.3939393939393939,0.45454545454545453
ETH,HARD_20_TRAIL_5,0.2,0.05,-0.10158497922079945,-0.523082072127055,-0.5275173384274008,112,0.42857142857142855,0.0004845679681383088,-0.006258112085990142,-0.057707801791898786,-0.07337971167491604,-0.08001128702345262,-0.12024000000000001,0.14235104669887277,36,2,74,0,0,76,-0.024595032409972527,-0.023979094465126305,48,25,16,14,-0.010725545155950776,0.02496590176839767,0.02898621588572924,0.036563417498145394,0.050372912274758506,-0.06058829963892807,-0.07047219049263123,-0.11166174290416796,-0.15683611619212917,0.6447368421052632,0.75,0.7894736842105263
ETH,HARD_20_TRAIL_8,0.2,0.08,0.059368690567103366,-0.6248643411916047,-0.6310248364609615,107,0.4672897196261682,0.0023776219297126683,-0.004772917171150248,-0.0656623769132238,-0.0873599038887654,-0.09125222006639368,-0.12024000000000001,0.20901771336553945,51,2,54,0,0,56,-0.03999681426018365,-0.04192277860451321,37,17,14,13,-0.014830141710830698,0.018771895326160713,0.03272676297354182,0.0772263375812712,0.0844368287966877,-0.07659263862819013,-0.0886287342697386,-0.11705551669995887,-0.14786343141008337,0.5178571428571429,0.6428571428571429,0.7142857142857143
ETH,HARD_20_TRAIL_10,0.2,0.1,-0.4459512421830306,-0.7104978623473451,-0.7131901894752759,102,0.45098039215686275,-0.0036669269508290327,-0.004746879905310641,-0.07902152671708637,-0.10183302184581625,-0.10120618366178831,-0.12024000000000001,0.22318840579710145,51,2,49,0,0,51,-0.052718792386687016,-0.05344696324888176,35,16,13,12,-0.02390547590293199,0.027049834521576575,0.03773028450860888,0.0982657535692861,0.11228169974021526,-0.08081841903074649,-0.09294067262912667,-0.11031452342744197,-0.14140830833830145,0.45098039215686275,0.5686274509803921,0.7058823529411765
ETH,HARD_20_TRAIL_12,0.2,0.12,-0.540967147633969,-0.7685640982003921,-0.7723647493640928,98,0.4489795918367347,-0.005232159478863071,-0.00538793900683987,-0.09573051906492822,-0.11378706672300093,-0.11266776064253718,-0.1226377723252089,0.235426731078905,52,3,43,0,0,46,-0.06634671468832547,-0.0737073907709806,32,13,12,12,-0.027878983797306085,0.04510112105484011,0.05969523243009665,0.10973995835037705,0.10292256079357384,-0.07273186209217522,-0.08387453545526409,-0.10333608457585973,-0.14237481556646236,0.391304347826087,0.5217391304347826,0.6521739130434783
ETH,HARD_20_TRAIL_15,0.2,0.15,-0.07262767119806302,-0.7377221462567756,-0.7420292853924542,95,0.5263157894736842,0.0026625512416097335,0.004866307399046477,-0.11622479120979483,-0.1202399999999999,-0.12307372504376227,-0.15254784826866763,0.27471819645732687,61,6,28,0,0,34,-0.08539034617198757,-0.09411328981874989,27,10,10,12,-0.028451569478786243,0.03570029897385942,0.04910746366566435,0.0780971481183693,0.04643080395287585,-0.07729068757222246,-0.09211890406219986,-0.11177577424771451,-0.16566531233573342,0.3235294117647059,0.4117647058823529,0.5
ETH,HARD_20_TRAIL_20,0.2,0.2,0.1625617698527837,-0.7326873656872003,-0.7466913065253176,88,0.5568181818181818,0.005453308100194151,0.010797658580300795,-0.1202399999999999,-0.12024000000000001,-0.125648395697371,-0.16891556127633922,0.29919484702093396,63,13,12,0,0,25,-0.10661368955926105,-0.12023999999999979,19,4,4,10,0.009342435364618207,0.024356971185257387,0.038334785680683416,0.02817315923368755,-0.02589639633652692,-0.07721161466287361,-0.09938098982510707,-0.10946628389537166,-0.18384764629739359,0.16,0.24,0.32
BNB,BASELINE_SIGNAL_ONLY,,,0.9519029149687179,-0.5942238991870472,-0.6361694848790918,65,0.6923076923076923,0.016565360887560478,0.02720753025549083,-0.14065043023881107,-0.1625857271196615,-0.20900081381001037,-0.2945913588293151,0.31183862433862436,65,0,0,0,0,0,,,0,0,0,0,,,,,,,,,,,,
BNB,HARD_5,0.05,,0.4413760484574658,-0.46017015290937013,-0.4685159033838462,93,0.3655913978494624,0.00541962934985313,-0.030284999999999895,-0.030285000000000117,-0.030285000000000117,-0.03432300000000008,-0.05047499999999994,0.12962962962962962,36,57,0,0,0,57,-0.03099342105263158,-0.030285000000000006,39,21,21,15,-0.01858361142447986,-0.011433234698569482,-0.008751115292914308,-0.005323350457507135,0.057137527635221924,-0.10527040769334652,-0.11723818501625469,-0.1620934900514997,-0.2051763937050136,0.40350877192982454,0.5789473684210527,0.7017543859649122
BNB,HARD_8,0.08,,0.396188422810168,-0.48569543228736867,-0.49364656283923747,88,0.4659090909090909,0.00606247466110291,-0.04827599999999982,-0.048275999999999986,-0.0482760000000001,-0.059003999999999994,-0.08045999999999998,0.17328042328042328,43,45,0,0,0,45,-0.050421599999999955,-0.048275999999999986,35,17,17,11,-0.030948983144351263,-0.014577684336106943,-0.025784447538158138,0.003218201898509469,0.05429628981668998,-0.11877072538719216,-0.1438839848351462,-0.17142627745422842,-0.21290151099995205,0.2222222222222222,0.4666666666666667,0.5777777777777777
BNB,HARD_10,0.1,,0.3095169160695652,-0.5249571228155161,-0.5323012690108881,83,0.5180722891566265,0.005972172390722943,0.002989523202470812,-0.060270000000000046,-0.060270000000000046,-0.07366333333333334,-0.10045000000000004,0.19113756613756613,45,38,0,0,0,38,-0.06344210526315786,-0.060269999999999935,30,12,12,10,-0.03517496475203741,-0.006306694180396684,-0.020955422958897425,0.011332271788698625,0.06641412267743689,-0.11382639873523674,-0.1429487655416569,-0.18056277526487333,-0.21747575390424742,0.23684210526315788,0.4473684210526316,0.5526315789473685
BNB,HARD_12,0.12,,-0.3110468291633456,-0.6820133882382805,-0.6869294500868242,82,0.5121951219512195,-0.0014327104095326107,0.0024311364403459823,-0.072264,-0.0722640000000001,-0.08832266666666672,-0.12043999999999999,0.19808201058201058,44,38,0,0,0,38,-0.07606736842105262,-0.072264,30,12,12,10,-0.047968564752037444,0.010381350270860349,-0.0019982251943432253,0.03832881656716973,0.09309473308228204,-0.09844131466295462,-0.129452447969651,-0.1592325672842519,-0.19664873034101057,0.18421052631578946,0.47368421052631576,0.5526315789473685
BNB,HARD_15,0.15,,0.21482841610632186,-0.5341402338281764,-0.5387816453684715,79,0.569620253164557,0.006879940207043705,0.01501702559250484,-0.09025499999999997,-0.09025500000000009,-0.10529750000000004,-0.15042500000000003,0.2218915343915344,49,30,0,0,0,30,-0.09426633333333331,-0.09025499999999997,24,7,7,9,-0.02863110878800726,-0.020513566050497332,0.0038993298954237013,0.008464369776579883,0.021048546759035107,-0.11929545958393369,-0.14839634317523595,-0.1814210625957546,-0.21974382432337133,0.13333333333333333,0.4,0.5
BNB,HARD_20,0.2,,-0.06628118021902263,-0.6374479045857708,-0.6655316224752419,71,0.6056338028169014,0.004132134275059918,0.017411090831941145,-0.12024000000000001,-0.12024000000000001,-0.13026,-0.2003999999999998,0.24503968253968253,50,21,0,0,0,21,-0.12405714285714277,-0.1202399999999999,18,4,4,8,-0.03020760383898106,0.040231426568377096,0.06250189581788415,0.07659362919284238,0.059760371935724296,-0.10219817894855852,-0.11542231931368278,-0.13993180334647617,-0.19398107770325024,0.14285714285714285,0.38095238095238093,0.42857142857142855
BNB,TRAIL_5,,0.05,1.0912280348569032,-0.32637795567792993,-0.3586003462829095,96,0.46875,0.009545630814762118,-0.006059965300715453,-0.04973183954257454,-0.07078629940687681,-0.07246894726423271,-0.11551136841482101,0.12764550264550265,35,0,61,0,0,61,-0.02354257077176314,-0.028236719963371404,40,21,16,15,-0.01321248228868388,-0.015863169607172507,-0.0190720695293861,-0.01830168908822712,0.04707840922259101,-0.10010996626026288,-0.1274377841954289,-0.1633287349717355,-0.20736852987126062,0.5573770491803278,0.7049180327868853,0.7704918032786885
BNB,TRAIL_8,,0.08,1.9059251999927191,-0.33133991188960654,-0.3380018451039586,89,0.550561797752809,0.014696300645750029,0.005049026659192712,-0.058074559936622805,-0.07364575637503068,-0.07821708230637364,-0.13081100941224788,0.1636904761904762,42,0,47,0,0,47,-0.03515413749340934,-0.04304366744545152,33,15,11,13,-0.008390299839220189,-0.028700927210612563,-0.024459640841656076,0.006092370311754883,0.04343563002314525,-0.12222546092507033,-0.14332813040995532,-0.16697567840314087,-0.21028115089178354,0.3617021276595745,0.5531914893617021,0.6595744680851063
BNB,TRAIL_10,,0.1,0.5142616371399775,-0.4090128407261453,-0.4149009100989536,84,0.5,0.007839602797515633,0.0003045695915845914,-0.07218013017598088,-0.08678354877729622,-0.09099272007528388,-0.1410107700771991,0.17526455026455026,41,0,43,0,0,43,-0.04787189615650898,-0.05546398815067721,32,14,13,11,-0.02022236765364875,-0.00689880263430083,0.00557231800785222,0.02983834754597679,0.0804327986514004,-0.10992266160140202,-0.1280494019267747,-0.16255225520577277,-0.20061767415558798,0.3953488372093023,0.5813953488372093,0.6511627906976745
BNB,TRAIL_12,,0.12,0.06891565015098777,-0.5239906345750334,-0.5300829398964889,84,0.5,0.004211214269538102,0.0011949115262728793,-0.08523800970253556,-0.09999873674157136,-0.10837573026079841,-0.15121053074214996,0.19378306878306878,43,0,41,0,0,41,-0.06253254194141993,-0.06892724286321006,30,12,12,10,-0.025235428476401825,-0.002466183112117085,0.009694180896061179,0.040594890001056746,0.10844365824056734,-0.10171759866183122,-0.12921701486233336,-0.15334359193508812,-0.18824181815665272,0.3170731707317073,0.5609756097560976,0.6341463414634146
BNB,TRAIL_15,,0.15,-0.3452179488053091,-0.6578787436397124,-0.6622574540225343,82,0.5365853658536586,-0.0010416636672002804,0.00452871532967869,-0.10301084503693968,-0.12605864295515942,-0.12816595157766528,-0.16651017173957672,0.20767195767195767,45,0,37,0,0,37,-0.08291551406667237,-0.08903770265749955,28,10,10,9,-0.03937715782215845,0.01512403419258893,0.037283042019921865,0.03962805521892273,0.1135302345154638,-0.09060644537815547,-0.11937603778784978,-0.1431149515487804,-0.1808958211514413,0.2702702702702703,0.4864864864864865,0.5675675675675675
BNB,TRAIL_20,,0.2,-0.22756121734537837,-0.6771939348264593,-0.7070246954977881,77,0.5714285714285714,0.0013819400916399742,0.00609173420145126,-0.12624610640289782,-0.13361757951300307,-0.14310787939205444,-0.1779066040117243,0.2400793650793651,52,0,25,0,0,25,-0.11103762745949605,-0.11951998134881747,19,5,5,7,-0.04005899913300611,0.035214913710921295,0.04262268824805367,0.05760884997598227,0.08893375544828665,-0.08158552946231395,-0.12475692394282191,-0.16214634273831574,-0.2087058277311832,0.24,0.4,0.44
BNB,HARD_5_TRAIL_5,0.05,0.05,1.0683008663178848,-0.26092334816246165,-0.2821908540004089,97,0.3917525773195876,0.008981053488373249,-0.019439614997041166,-0.030285000000000117,-0.030285000000000117,-0.03391223671008482,-0.050474999999999826,0.09986772486772487,31,37,29,0,0,66,-0.019318965930607446,-0.030284999999999895,44,25,22,15,-0.016442709215046064,-0.012888899646976088,-0.01693542900016872,-0.01687841467855318,0.022952396915243138,-0.09693019516975718,-0.1132652442030447,-0.15912698171679238,-0.2090035377608348,0.5606060606060606,0.696969696969697,0.7727272727272727
BNB,HARD_5_TRAIL_8,0.05,0.08,0.93660252016238,-0.2529046910658802,-0.2744029400022464,96,0.3958333333333333,0.008458655044728878,-0.030284999999999895,-0.030285000000000117,-0.030285000000000117,-0.03432300000000008,-0.05047499999999994,0.11408730158730158,36,49,11,0,0,60,-0.02598358896508224,-0.030285000000000006,40,22,21,15,-0.01876633185357581,-0.015052039446216825,-0.01667429744865266,-0.011494187221034752,0.04193113155765802,-0.10452917748780367,-0.11685599995658712,-0.1599545301473636,-0.2048383500169231,0.45,0.6,0.7166666666666667
BNB,HARD_5_TRAIL_10,0.05,0.1,0.7795502845550517,-0.2675122630359683,-0.278836497720771,95,0.37894736842105264,0.0076558537448819085,-0.030284999999999895,-0.030285000000000117,-0.030285000000000117,-0.03432300000000008,-0.05047500000000005,0.12169312169312169,36,52,7,0,0,59,-0.027772784632282537,-0.030285000000000006,40,22,22,15,-0.020307967919231097,-0.013798469273472011,-0.015703872910664354,-0.011871187395847967,0.04272388662658685,-0.10482625196447455,-0.11721781706343935,-0.16368840280176575,-0.20669104487832674,0.423728813559322,0.5932203389830508,0.711864406779661
BNB,HARD_5_TRAIL_12,0.05,0.12,0.8567095447641557,-0.3053674521855122,-0.3161064469757281,95,0.37894736842105264,0.008155109398955546,-0.030284999999999895,-0.030285000000000072,-0.030285000000000117,-0.0343230000000001,-0.05047500000000005,0.12665343915343916,37,54,4,0,0,58,-0.029194905972614753,-0.030285000000000006,39,21,21,15,-0.01855677794631638,-0.017201419359581437,-0.018389618598522763,-0.014744968290934315,0.047167171888434424,-0.10603870371855492,-0.11927040083927273,-0.16437013456798838,-0.20771268014289979,0.41379310344827586,0.5862068965517241,0.7068965517241379
BNB,HARD_5_TRAIL_15,0.05,0.15,0.7641495551307445,-0.3392837451334023,-0.3494983952259548,95,0.37894736842105264,0.007616672550821347,-0.030284999999999895,-0.030285000000000117,-0.030285000000000117,-0.03432300000000008,-0.05047499999999994,0.12731481481481483,37,57,1,0,0,58,-0.03007682839628285,-0.030285000000000006,39,21,21,15,-0.018583611424479844,-0.014015004375522035,-0.01398422994449698,-0.01269196921779891,0.048668892690326974,-0.10408916943472608,-0.11734289029357056,-0.16245815462444396,-0.20585241782418404,0.41379310344827586,0.5862068965517241,0.7068965517241379
BNB,HARD_5_TRAIL_20,0.05,0.2,0.46494394265867456,-0.4513434121455687,-0.4598256237222135,93,0.3655913978494624,0.005590121600485334,-0.030284999999999895,-0.030285000000000117,-0.030285000000000117,-0.03432300000000008,-0.05047499999999994,0.12962962962962962,36,56,1,0,0,57,-0.030715249485810604,-0.030285000000000006,39,21,21,15,-0.01858361142447984,-0.011992265444276846,-0.009399427871904774,-0.006049897805139385,0.055992047164423686,-0.10575734865739098,-0.11772512598029919,-0.16258043101554415,-0.20566333466905798,0.40350877192982454,0.5789473684210527,0.7017543859649122
BNB,HARD_8_TRAIL_5,0.08,0.05,1.5629581044085308,-0.2780652437918807,-0.3115067591740851,96,0.46875,0.011506778616369446,-0.006059965300715564,-0.048275999999999875,-0.048275999999999875,-0.048614713742063755,-0.05166313742063833,0.12268518518518519,35,12,49,0,0,61,-0.02045617423152866,-0.028924491205440495,40,21,16,15,-0.01051531906723655,-0.01897496197058958,-0.028273911776040186,-0.02318866194005949,0.0445102085749423,-0.10780385584346175,-0.1272761875824612,-0.17161371965987351,-0.21532635538492537,0.5409836065573771,0.6885245901639344,0.7704918032786885
BNB,HARD_8_TRAIL_8,0.08,0.08,0.9960112793546214,-0.3303368876650934,-0.3370088141189328,93,0.5053763440860215,0.009341108780640149,0.0008771970502299276,-0.048275999999999986,-0.048275999999999986,-0.05172826764374615,-0.07648208182397853,0.14649470899470898,40,23,30,0,0,53,-0.03223748190758092,-0.04695845464105808,36,18,14,13,-0.0198334156442451,-0.02696881550309667,-0.02844438667109351,-0.008378135837922563,0.0357192308085959,-0.12149238142901089,-0.14251538960715018,-0.1756615170923061,-0.21717287868332502,0.3584905660377358,0.5471698113207547,0.660377358490566
BNB,HARD_8_TRAIL_10,0.08,0.1,0.5847878908919781,-0.37800452167233356,-0.3876205499196632,91,0.45054945054945056,0.007048454548545269,-0.006593703148425778,-0.048275999999999986,-0.048275999999999986,-0.054181292951318946,-0.08045999999999986,0.15443121693121692,40,34,17,0,0,51,-0.037857930797122546,-0.048275999999999875,36,18,17,12,-0.025379102843469267,-0.01672084308675297,-0.023090213686959793,-0.0010573366217974263,0.05261281981288362,-0.11831313529361742,-0.14045540336977222,-0.17751898039196495,-0.21773360250519047,0.3333333333333333,0.5490196078431373,0.6470588235294118
BNB,HARD_8_TRAIL_12,0.08,0.12,0.5364039682722694,-0.42835761784116433,-0.43719518899037835,90,0.4444444444444444,0.006853352963095163,-0.014108447516941847,-0.048275999999999986,-0.048275999999999986,-0.055427999999999984,-0.08045999999999986,0.16236772486772486,41,37,12,0,0,49,-0.041989828737475234,-0.048275999999999875,35,17,17,11,-0.025863784436207942,-0.019969352392523943,-0.023912970418044622,0.00809311297816385,0.07122850220483894,-0.12111746955354913,-0.14395661938272733,-0.16671197057339512,-0.20789389097628888,0.30612244897959184,0.5306122448979592,0.6326530612244898
BNB,HARD_8_TRAIL_15,0.08,0.15,0.28053815213462796,-0.5282967470482485,-0.5355892627702867,90,0.45555555555555555,0.004886062063317864,-0.03648758529328622,-0.048275999999999986,-0.0482760000000001,-0.055428,-0.08045999999999986,0.16832010582010581,42,41,7,0,0,48,-0.04686614197309891,-0.048275999999999875,35,17,17,11,-0.029388859702492262,-0.012517477113657,-0.016124509272404674,0.01188141632826225,0.09053634061018206,-0.11635363074963223,-0.14039859734642743,-0.16620537443550618,-0.20635728304706413,0.2708333333333333,0.5,0.6041666666666666
BNB,HARD_8_TRAIL_20,0.08,0.2,0.1689846776274504,-0.5693889524740608,-0.5760461841435816,88,0.45454545454545453,0.003885708317633392,-0.048275999999999764,-0.048275999999999986,-0.0482760000000001,-0.059003999999999994,-0.08045999999999998,0.1712962962962963,42,45,1,0,0,46,-0.04963915697154788,-0.048275999999999986,35,17,17,11,-0.030948983144351256,-0.011110029911834433,-0.01809804836232037,0.013757376681593955,0.08237734532400307,-0.11624767790469374,-0.14081499692986615,-0.1677585440572292,-0.2083321420910893,0.2391304347826087,0.4782608695652174,0.5869565217391305
BNB,HARD_10_TRAIL_5,0.1,0.05,1.2676811518219515,-0.3008292644619456,-0.3342737645788487,96,0.46875,0.01030167348551006,-0.006059965300715564,-0.05622862431579567,-0.060269999999999935,-0.060269999999999935,-0.060270000000000046,0.12367724867724868,35,10,51,0,0,61,-0.0223527331259959,-0.028924491205440495,40,21,16,15,-0.01211235028302636,-0.014339499557423812,-0.02440231191877726,-0.02190468461772065,0.04851575501970257,-0.1043497258000551,-0.12495155347310445,-0.16887385452813874,-0.21300992238921626,0.5409836065573771,0.6885245901639344,0.7704918032786885
BNB,HARD_10_TRAIL_8,0.1,0.08,0.9918036460756237,-0.34744141740941803,-0.3561652318258751,91,0.5274725274725275,0.009621269814910453,0.004008404000164889,-0.060269999999999935,-0.060269999999999935,-0.06189120818239783,-0.07648208182397853,0.15476190476190477,41,13,37,0,0,50,-0.035270669464940736,-0.04579598951718794,34,16,12,13,-0.019697314492324713,-0.02243497759795304,-0.026672865228426854,-0.007571002392372892,0.041237418204458504,-0.12163433936825335,-0.14402404075076972,-0.17839114460770195,-0.2218990965928051,0.34,0.54,0.66
BNB,HARD_10_TRAIL_10,0.1,0.1,0.4741036002926371,-0.45403395553357595,-0.46247457140394754,87,0.4827586206896552,0.006691973917643199,-0.0005997001499251642,-0.060270000000000046,-0.060270000000000046,-0.06595483197991735,-0.09655855830606608,0.16600529100529102,41,20,26,0,0,46,-0.04371868816096152,-0.059220537974444876,33,15,14,11,-0.0283494167353032,-0.0069376437741080176,-0.011235682614568513,0.004787624004363985,0.06558650361364998,-0.11548659246053515,-0.13600587346572024,-0.18137807823383953,-0.21968746950399257,0.3695652173913043,0.5652173913043478,0.6521739130434783
BNB,HARD_10_TRAIL_12,0.1,0.12,0.5773667611187252,-0.41758876294216674,-0.42659282020986267,86,0.4883720930232558,0.0077086190693945785,-0.0038568245626532383,-0.060270000000000046,-0.060270000000000046,-0.06867080715698853,-0.10044999999999982,0.1779100529100529,43,28,15,0,0,43,-0.04955530685556913,-0.060269999999999935,31,13,13,10,-0.026925042713145598,-0.01546885700503175,-0.02011725267876499,0.00631298550386507,0.08412125685237679,-0.12198560388647728,-0.14715083621083472,-0.17684779411000603,-0.21279560107841355,0.32558139534883723,0.5348837209302325,0.627906976744186
BNB,HARD_10_TRAIL_15,0.1,0.15,0.3135826587034667,-0.52927962453033,-0.536556945001019,85,0.5058823529411764,0.0057154161582269585,0.0018727496782211528,-0.060270000000000046,-0.060270000000000046,-0.06919888888888891,-0.10044999999999993,0.18518518518518517,44,31,10,0,0,41,-0.05628123329782959,-0.060269999999999935,30,12,12,10,-0.03095887908661076,-0.006447341776751891,-0.010942823357936619,0.008682738059729614,0.10692859776219096,-0.11790450476594251,-0.14516717522598108,-0.17975058435256616,-0.21524844013376687,0.2926829268292683,0.4878048780487805,0.5853658536585366
BNB,HARD_10_TRAIL_20,0.1,0.2,0.10016371059043006,-0.6009024946226256,-0.6070725280374438,83,0.5060240963855421,0.0037013078669197513,0.0018727496782211528,-0.060270000000000046,-0.060270000000000046,-0.07332181302781633,-0.10045000000000004,0.18915343915343916,44,37,2,0,0,39,-0.06210655225491156,-0.060269999999999935,30,12,12,10,-0.0350725086603823,-0.002528751688182992,-0.012118399052407507,0.0234286910632693,0.09911793501493545,-0.11106659781884581,-0.13944223727125515,-0.17609178520669685,-0.21205827721429207,0.2564102564102564,0.46153846153846156,0.5641025641025641
BNB,HARD_12_TRAIL_5,0.12,0.05,1.1330957800675225,-0.32603170216365684,-0.358270655641065,96,0.46875,0.009716569494932067,-0.006059965300715564,-0.051925193026114924,-0.072264,-0.06885469388257309,-0.0722640000000001,0.1259920634920635,35,6,55,0,0,61,-0.023273552521003854,-0.028236719963371404,40,21,16,15,-0.013261192537879848,-0.014102113620082082,-0.025879365942115404,-0.0193682501044818,0.05042975671149922,-0.1037623087671565,-0.12918757604679407,-0.16713389024923678,-0.21085736467265895,0.5409836065573771,0.6885245901639344,0.7704918032786885
BNB,HARD_12_TRAIL_8,0.12,0.08,0.9276844704468863,-0.3722856474803071,-0.3854226646518911,90,0.5333333333333333,0.00941673164039029,0.004037701551137363,-0.06976433880732379,-0.072264,-0.07273267575821982,-0.07648208182397853,0.1574074074074074,41,8,41,0,0,49,-0.036562513852423734,-0.04478757208426487,34,16,12,13,-0.021810282008622,-0.023097425385238523,-0.0219660450298279,0.003275611591715152,0.05006624716759044,-0.12048600024265113,-0.1420968535360911,-0.16705075316782247,-0.21096944592309924,0.32653061224489793,0.5306122448979592,0.6530612244897959
BNB,HARD_12_TRAIL_10,0.12,0.1,0.09498089273466181,-0.5575474858248799,-0.5643877861528648,85,0.4823529411764706,0.003266049711925553,-0.0005997001499250532,-0.072264,-0.07226400000000008,-0.075283498646584,-0.09655855830606608,0.16865079365079366,40,11,34,0,0,45,-0.047072394465542775,-0.05735828140128141,33,15,14,11,-0.03195127491363699,-0.004260530991773459,0.002121523375784492,0.021626551612213853,0.0819191456406732,-0.11135488351511516,-0.1304507132263028,-0.16587306314673375,-0.2045231473641296,0.35555555555555557,0.5555555555555556,0.6444444444444445
BNB,HARD_12_TRAIL_12,0.12,0.12,-0.043363665795154493,-0.5887604977490064,-0.5951182460090028,85,0.4823529411764706,0.0019702258681769,-0.007113948975381312,-0.072264,-0.072264,-0.07979781102233892,-0.1166350347881534,0.18518518518518517,42,19,24,0,0,43,-0.0564874610740995,-0.07147197948369932,31,13,13,10,-0.03421919211304256,-0.004418618661557389,-0.0029691984417252685,0.023654647889070235,0.10152542745001743,-0.1108170916258509,-0.1356703776346727,-0.1633146122985106,-0.19929552922500982,0.27906976744186046,0.5348837209302325,0.627906976744186
BNB,HARD_12_TRAIL_15,0.12,0.15,-0.27079858687831104,-0.6723291669580507,-0.6773949465274279,84,0.5,-0.001082974139475739,0.0006365247641481608,-0.072264,-0.0722640000000001,-0.08296977777777781,-0.12043999999999999,0.1931216931216931,43,29,12,0,0,41,-0.06553466723415062,-0.072264,30,12,12,10,-0.041034831850594866,0.006004368570334836,0.007006701427666438,0.030012336841601928,0.12731080941735234,-0.10711685619583138,-0.1348074224400986,-0.16271139165592952,-0.1982873198599947,0.24390243902439024,0.4878048780487805,0.5853658536585366
BNB,HARD_12_TRAIL_20,0.12,0.2,-0.40451859392565015,-0.7251553186775569,-0.7294044077968713,82,0.5,-0.003420273551200491,0.0006365247641480498,-0.072264,-0.0722640000000001,-0.08576003525003856,-0.1204400000000001,0.1960978835978836,43,36,3,0,0,39,-0.0737542041046834,-0.072264,30,12,12,10,-0.04719977532704897,0.012803681470508178,0.005479445250595274,0.04872673178586629,0.12421087230165237,-0.09691401465323314,-0.12698826860332096,-0.15600479511498333,-0.1924615693754149,0.20512820512820512,0.48717948717948717,0.5641025641025641
BNB,HARD_15_TRAIL_5,0.15,0.05,1.1509425679799454,-0.32637795567792993,-0.3586003462829095,96,0.46875,0.009808717985749825,-0.0060599653007153975,-0.04973183954257454,-0.07078629940687681,-0.06994331042275061,-0.09025500000000009,0.12731481481481483,35,1,60,0,0,61,-0.023128531945290666,-0.028236719963371404,40,21,16,15,-0.013212482288683883,-0.017784279364302828,-0.020580784650849185,-0.019731113885227962,0.047370948724493295,-0.10376267586023859,-0.1310904937954046,-0.16698144457171127,-0.21102123947123638,0.5573770491803278,0.6885245901639344,0.7704918032786885
BNB,HARD_15_TRAIL_8,0.15,0.08,2.0425724359800177,-0.33133991188960654,-0.3380018451039586,89,0.550561797752809,0.015155540384651951,0.005049026659192712,-0.058074559936622805,-0.07364575637503068,-0.07367571155501015,-0.09025499999999997,0.16335978835978837,42,2,45,0,0,47,-0.03428451330697802,-0.04304366744545163,33,15,11,13,-0.008380714161946735,-0.032049683981087845,-0.027257061594402658,0.003362466419555661,0.04299083212648555,-0.1276931002181122,-0.14879576970299718,-0.17244331769618274,-0.2157487901848254,0.3617021276595745,0.5319148936170213,0.6595744680851063
BNB,HARD_15_TRAIL_10,0.15,0.1,0.6240708980025023,-0.4090128407261453,-0.4149009100989536,84,0.5,0.008579443675958231,0.0003045695915845914,-0.07218013017598088,-0.08678354877729622,-0.08408753854315294,-0.09655855830606597,0.17493386243386244,41,2,41,0,0,43,-0.046426625603272265,-0.055463988150677435,32,14,13,11,-0.0198664031626494,-0.011778966198288875,0.0012846936219125275,0.02560240481266107,0.07869792082543937,-0.11694234939089451,-0.13506908971626716,-0.16957194299526526,-0.20763736194508048,0.3953488372093023,0.5581395348837209,0.6511627906976745
BNB,HARD_15_TRAIL_12,0.15,0.12,0.24538520965645905,-0.47210128908328686,-0.4773608013804963,84,0.5,0.005829466662381688,0.0011949115262727683,-0.08523800970253562,-0.09025499999999997,-0.09327204126092489,-0.11663503478815351,0.19212962962962962,43,6,35,0,0,41,-0.0592170980146184,-0.06892724286321006,30,12,12,10,-0.023782813820616307,-0.011749445611833447,0.003610160489963191,0.030245465866149013,0.10294391612766346,-0.11253260824430011,-0.1395237304551073,-0.1627684584394555,-0.19811793041434825,0.3170731707317073,0.5365853658536586,0.6341463414634146
BNB,HARD_15_TRAIL_15,0.15,0.15,-0.15673041980502456,-0.6253647723770819,-0.6301596196146233,83,0.5301204819277109,0.001654974935871631,0.004008404000164889,-0.09025500000000009,-0.09025500000000009,-0.10056227958597136,-0.1467497495112845,0.2037037037037037,45,16,22,0,0,38,-0.07542222448927531,-0.08926384142030902,28,10,10,9,-0.033739470738125395,0.0007840572224929966,0.026362919661204565,0.03181269520892519,0.13233574131047068,-0.1034281461900292,-0.13205989524195522,-0.1562919082605751,-0.19298946367992356,0.2894736842105263,0.47368421052631576,0.5789473684210527
BNB,HARD_15_TRAIL_20,0.15,0.2,-0.04719090181663521,-0.5777877757170347,-0.5831915470871342,80,0.55,0.0035219120963767047,0.005570380430321875,-0.09025500000000009,-0.09025500000000009,-0.10618766465629342,-0.15042500000000003,0.21825396825396826,48,24,8,0,0,32,-0.08937066984682106,-0.09025499999999997,25,8,8,9,-0.03314875766972952,-0.0015002602678949456,0.017014636011572375,0.028913516878274755,0.06564841964268094,-0.10359104118237435,-0.14255165881687826,-0.17313623538071699,-0.20891213363664646,0.1875,0.4375,0.53125
BNB,HARD_20_TRAIL_5,0.2,0.05,1.0912280348569032,-0.32637795567792993,-0.3586003462829095,96,0.46875,0.009545630814762118,-0.006059965300715453,-0.04973183954257454,-0.07078629940687681,-0.07246894726423271,-0.11551136841482101,0.12764550264550265,35,0,61,0,0,61,-0.02354257077176314,-0.028236719963371404,40,21,16,15,-0.01321248228868388,-0.015863169607172507,-0.0190720695293861,-0.01830168908822712,0.04707840922259101,-0.10010996626026288,-0.1274377841954289,-0.1633287349717355,-0.20736852987126062,0.5573770491803278,0.7049180327868853,0.7704918032786885
BNB,HARD_20_TRAIL_8,0.2,0.08,1.941266837971404,-0.33133991188960654,-0.3380018451039586,89,0.550561797752809,0.014815076032404504,0.005049026659192712,-0.058074559936622805,-0.07364575637503068,-0.07704252570501274,-0.12023999999999979,0.1636904761904762,42,1,46,0,0,47,-0.0349292223995317,-0.04304366744545152,33,15,11,13,-0.008390299839220168,-0.029287558375499782,-0.025034629518635807,0.005492594402455979,0.042871532705820926,-0.12272383452033625,-0.1438265040052212,-0.1674740519984068,-0.21077952448704942,0.3617021276595745,0.5531914893617021,0.6595744680851063
BNB,HARD_20_TRAIL_10,0.2,0.1,0.5508772071682355,-0.4090128407261453,-0.4149009100989536,84,0.5,0.008086873869863244,0.0003045695915845914,-0.07218013017598088,-0.08678354877729622,-0.08868485673337284,-0.1202399999999999,0.17526455026455026,41,1,42,0,0,43,-0.047388854991922955,-0.055463988150677324,32,14,13,11,-0.020222367653648748,-0.008186684388005674,0.00430999600726188,0.028521608006497508,0.0791943873875946,-0.11101678393633563,-0.1291435242617083,-0.1636463775407064,-0.2017117964905216,0.3953488372093023,0.5813953488372093,0.6511627906976745
BNB,HARD_20_TRAIL_12,0.2,0.12,0.10970198580727164,-0.5058276693765962,-0.5121524372031392,84,0.5,0.0045967471424582995,0.0011949115262728793,-0.08523800970253564,-0.09999873674157136,-0.10477742344687663,-0.1202399999999999,0.19378306878306878,43,2,39,0,0,41,-0.061742669713973686,-0.06892724286320995,30,12,12,10,-0.025235428476401835,-0.004573793450362159,0.007620125388615028,0.03844028343277298,0.10640674903388629,-0.10351120993758459,-0.13100068112004937,-0.15512725819280412,-0.19002548441436873,0.3170731707317073,0.5609756097560976,0.6341463414634146
BNB,HARD_20_TRAIL_15,0.2,0.15,-0.28729477800368264,-0.6276140961423243,-0.6323801549396795,82,0.5365853658536586,-0.0001503972150197472,0.00452871532967869,-0.10301084503693968,-0.12008716453082512,-0.1200455239022426,-0.1467497495112846,0.20767195767195767,45,3,34,0,0,37,-0.08094027490238034,-0.08903770265749944,28,10,10,9,-0.03905243622869882,0.010290913561753757,0.03239011534772467,0.03468471585871984,0.10865414295028235,-0.09476439067599153,-0.12339101765396569,-0.14712993141489625,-0.18491080101755716,0.2702702702702703,0.4864864864864865,0.5675675675675675
BNB,HARD_20_TRAIL_20,0.2,0.2,-0.37109475383686297,-0.67923668488916,-0.6833420411983429,77,0.5584415584415584,-0.0012585884098381525,0.005049026659192712,-0.1202399999999999,-0.12024000000000001,-0.12744832550146556,-0.17790660401172442,0.2337962962962963,49,14,14,0,0,28,-0.10717101619869171,-0.12023999999999985,21,6,6,8,-0.04342621705393294,0.04005362199159072,0.04963809074829149,0.06550237184613657,0.09203617709208009,-0.08061884278564038,-0.11865615896813474,-0.15203956860696857,-0.19240244693035738,0.21428571428571427,0.42857142857142855,0.4642857142857143
SOL,BASELINE_SIGNAL_ONLY,,,1.431440078946435,-0.6322125785885401,-0.6591611372641959,45,0.5777777777777777,0.030154693962861905,0.020557357413761634,-0.11715041292875476,-0.1529432826432901,-0.1863347655640341,-0.3081351481122183,0.343424317617866,45,0,0,0,0,0,,,0,0,0,0,,,,,,,,,,,,
SOL,HARD_5,0.05,,-0.5265288931737121,-0.5473773679104554,-0.5473773679104554,78,0.21794871794871795,-0.00857137708029364,-0.030285000000000006,-0.030285000000000117,-0.030285000000000117,-0.03280875000000012,-0.05047500000000016,0.06947890818858561,18,60,0,0,0,60,-0.030621500000000006,-0.030285000000000006,34,16,16,14,-0.049093150909356474,0.027508594171018332,0.047774445867658034,0.05412341713276929,0.11396483828189198,-0.07491538439638137,-0.09255004176086483,-0.1328558201760267,-0.17974284253413184,0.5666666666666667,0.65,0.7333333333333333
SOL,HARD_8,0.08,,-0.5086621755468269,-0.6502690001581084,-0.6561152126235206,73,0.2876712328767123,-0.007514514583210409,-0.048275999999999875,-0.048275999999999986,-0.048275999999999986,-0.04827600000000003,-0.0482760000000001,0.11761786600496278,24,49,0,0,0,49,-0.04827599999999995,-0.048275999999999875,30,14,14,13,-0.056174086440541976,0.01983248751379649,0.043241910661810115,0.04505871468488115,0.055255108037763685,-0.08023340497072617,-0.09599876595109536,-0.14259606428661378,-0.19276556581325605,0.42857142857142855,0.5714285714285714,0.673469387755102
SOL,HARD_10,0.1,,-0.46481479962161687,-0.740495991861103,-0.7448339417937424,70,0.32857142857142857,-0.004984712154596657,-0.060269999999999935,-0.060270000000000046,-0.060270000000000046,-0.060270000000000046,-0.060270000000000046,0.14838709677419354,26,44,0,0,0,44,-0.06026999999999998,-0.060269999999999935,28,12,12,13,-0.04901106705733995,0.023349690586164925,0.035806071258546686,0.045943801546247776,0.05913988737655525,-0.07808623712365442,-0.09646474161565069,-0.14168857092391293,-0.18887546445139794,0.3409090909090909,0.4772727272727273,0.6136363636363636
SOL,HARD_12,0.12,,-0.5233241363080421,-0.7798719260914266,-0.7873544345286952,69,0.36231884057971014,-0.0061381922451561625,-0.07226399999999988,-0.072264,-0.072264,-0.07226400000000004,-0.0722640000000001,0.1662531017369727,29,40,0,0,0,40,-0.07226399999999997,-0.072264,26,11,11,11,-0.059330659169350944,0.029741106642928623,0.03664992199828211,0.05412446812942719,0.07971185886989142,-0.073650386544544,-0.092860966079727,-0.13462357463039293,-0.17833234372311468,0.275,0.425,0.55
SOL,HARD_15,0.15,,-0.6183812266060091,-0.80564054944447,-0.8122471407929623,66,0.4090909090909091,-0.008881429303160108,-0.09025499999999986,-0.09025500000000009,-0.09025500000000009,-0.09885071428571436,-0.15042499999999992,0.19503722084367245,31,35,0,0,0,35,-0.09197414285714284,-0.09025499999999997,26,11,11,9,-0.07963588993858176,0.03651553106549639,0.06112174567203323,0.08679129937408309,0.16766347206658186,-0.06905186367094103,-0.08468412726751155,-0.12024603619761197,-0.14844311376472077,0.2,0.42857142857142855,0.5428571428571428
SOL,HARD_20,0.2,,0.6149482013589358,-0.6376468760334774,-0.6499638434207278,57,0.5263157894736842,0.017410100467499686,0.017941487521378363,-0.12024000000000001,-0.12024000000000001,-0.12024000000000006,-0.12024000000000012,0.25707196029776674,36,21,0,0,0,21,-0.1202399999999999,-0.1202399999999999,18,4,4,4,-0.044109042843945095,0.03653271134771666,0.03443643891637138,0.0734044597505676,0.19455661418399725,-0.07438765658100921,-0.08895009933319312,-0.12415318205966894,-0.1512797534015578,0.09523809523809523,0.23809523809523808,0.2857142857142857
SOL,TRAIL_5,,0.05,-0.7016244985784843,-0.7639715707353077,-0.7639715707353077,77,0.3116883116883117,-0.014174416238294203,-0.02608601211205419,-0.06612239020901559,-0.09403095956826953,-0.09602008614367649,-0.16675633035500192,0.09925558312655088,13,0,64,0,0,64,-0.03008837545289305,-0.03330041277534124,40,22,14,11,-0.050541795424875594,0.042486139174951545,0.047306166284807494,0.068033251569494,0.06625259296743843,-0.06359168419828598,-0.09072289623207422,-0.12526399269012067,-0.17501412887054718,0.5625,0.65625,0.734375
SOL,TRAIL_8,,0.08,-0.605648831113504,-0.7570865097506172,-0.765343531256526,73,0.3561643835616438,-0.010061896532550697,-0.02825028155281839,-0.0808312693236227,-0.1100092603482885,-0.11104814469948655,-0.1804377093964229,0.14094292803970224,24,0,49,0,0,49,-0.04584600501249978,-0.051574738898253036,31,15,11,11,-0.05746129536515993,0.03838969279876264,0.03290452580963489,0.06880361232132555,0.07769492948484721,-0.0776109969126828,-0.09841295052841707,-0.13166649974442482,-0.18421909665409544,0.40816326530612246,0.5510204081632653,0.673469387755102
SOL,TRAIL_10,,0.1,-0.47110492640722046,-0.6982797223259468,-0.6996511232181524,70,0.4142857142857143,-0.0055120666672696895,-0.03343601586393624,-0.08548438657682889,-0.120661475862965,-0.1246977917403596,-0.18955862875737017,0.15831265508684864,28,0,42,0,0,42,-0.05828183325118114,-0.06240999705192718,28,12,9,11,-0.061789271803380515,0.03427743741202025,0.045501313750956375,0.07672058849142546,0.08996139626242544,-0.07275799872974649,-0.09042678694566314,-0.12607022489352296,-0.17938208683807183,0.38095238095238093,0.5238095238095238,0.6428571428571429
SOL,TRAIL_12,,0.12,-0.6417454127598836,-0.7434352565229865,-0.7521563061541651,69,0.4057971014492754,-0.010843092044779078,-0.04070384688895934,-0.09782128474528226,-0.1313135222378347,-0.13526006303501828,-0.19867954811831756,0.171712158808933,29,0,40,0,0,40,-0.06993114028321437,-0.07411547661722095,27,12,10,10,-0.07455633660466582,0.04654516393008204,0.059919508583434186,0.09497142875060746,0.12308138529526688,-0.05971172251570509,-0.07737927019318562,-0.116018993454029,-0.15963473488751326,0.325,0.475,0.575
SOL,TRAIL_15,,0.15,-0.7390790827365397,-0.8549829388396042,-0.8599123027522291,66,0.4090909090909091,-0.015726993679436325,-0.021232007105830786,-0.10948224552344077,-0.14119777615953794,-0.1471094329631945,-0.21236092715973842,0.20794044665012407,31,0,35,0,0,35,-0.08620906109318023,-0.09283724743384358,25,10,9,8,-0.0892095528350215,0.06801623251108602,0.08250905530195407,0.06632027945909082,0.16247200450242355,-0.06073602650627643,-0.08085186597176137,-0.12353141091319407,-0.15720517023759367,0.2857142857142857,0.4,0.4857142857142857
SOL,TRAIL_20,,0.2,-0.3297754090196763,-0.7901174826392785,-0.7972517280769551,57,0.47368421052631576,0.0006666190687275255,-0.009704853816808745,-0.1335280872208387,-0.15557051090507845,-0.16743243952022535,-0.2351632255621069,0.23870967741935484,32,0,25,0,0,25,-0.10839263027159772,-0.10887423196390689,21,7,6,5,-0.06971136743635638,0.09789784063298007,0.11315138752593892,0.15985414995118996,0.2534492836177944,-0.05103147225275989,-0.07027729153099611,-0.08161265968023676,-0.1161858454022384,0.24,0.4,0.48
SOL,HARD_5_TRAIL_5,0.05,0.05,-0.5748444029563146,-0.593565388453329,-0.593565388453329,78,0.21794871794871795,-0.010242292319296733,-0.030284999999999895,-0.030285000000000117,-0.030285000000000117,-0.031153179840334527,-0.036974602108840404,0.05657568238213399,12,46,20,0,0,66,-0.023104624072636484,-0.030285000000000006,40,22,18,14,-0.048467225477783156,0.03009109698066589,0.03986526167796121,0.05757542983628278,0.09599944970112415,-0.07395316386482136,-0.0911922508218629,-0.12943463987367365,-0.17975441475811643,0.6363636363636364,0.6818181818181818,0.7575757575757576
SOL,HARD_5_TRAIL_8,0.05,0.08,-0.5319764406162226,-0.5525850420986217,-0.5525850420986217,78,0.21794871794871795,-0.008782468617672914,-0.03028499999999995,-0.030285000000000006,-0.030285000000000117,-0.03280875000000007,-0.05047499999999994,0.06699751861042183,17,54,7,0,0,61,-0.02890667890352208,-0.030285000000000006,35,17,16,14,-0.04938924981474271,0.03139835886048972,0.04284262679696788,0.061164158460637504,0.11427352574588251,-0.07359767163182232,-0.09214855961792234,-0.130969989924244,-0.1769184929184726,0.5901639344262295,0.6557377049180327,0.7377049180327869
SOL,HARD_5_TRAIL_10,0.05,0.1,-0.5246040713970246,-0.5455373023049586,-0.5455373023049586,78,0.21794871794871795,-0.00852088564752357,-0.030285000000000006,-0.03028500000000004,-0.030285000000000117,-0.03280875000000012,-0.05047500000000005,0.06947890818858561,18,58,2,0,0,60,-0.03055586113739893,-0.030285000000000006,34,16,16,14,-0.04909315090935643,0.027384718932016237,0.04763210606226839,0.05397675322134228,0.11375087137744878,-0.07502413001730018,-0.0926583763708531,-0.1329613845259014,-0.1798435397715186,0.5666666666666667,0.65,0.7333333333333333
SOL,HARD_5_TRAIL_12,0.05,0.12,-0.5265288931737121,-0.5473773679104554,-0.5473773679104554,78,0.21794871794871795,-0.00857137708029364,-0.030285000000000006,-0.030285000000000117,-0.030285000000000117,-0.03280875000000012,-0.05047500000000016,0.06947890818858561,18,60,0,0,0,60,-0.030621500000000006,-0.030285000000000006,34,16,16,14,-0.049093150909356474,0.027508594171018332,0.047774445867658034,0.05412341713276929,0.11396483828189198,-0.07491538439638137,-0.09255004176086483,-0.1328558201760267,-0.17974284253413184,0.5666666666666667,0.65,0.7333333333333333
SOL,HARD_5_TRAIL_15,0.05,0.15,-0.5265288931737121,-0.5473773679104554,-0.5473773679104554,78,0.21794871794871795,-0.00857137708029364,-0.030285000000000006,-0.030285000000000117,-0.030285000000000117,-0.03280875000000012,-0.05047500000000016,0.06947890818858561,18,60,0,0,0,60,-0.030621500000000006,-0.030285000000000006,34,16,16,14,-0.049093150909356474,0.027508594171018332,0.047774445867658034,0.05412341713276929,0.11396483828189198,-0.07491538439638137,-0.09255004176086483,-0.1328558201760267,-0.17974284253413184,0.5666666666666667,0.65,0.7333333333333333
SOL,HARD_5_TRAIL_20,0.05,0.2,-0.5265288931737121,-0.5473773679104554,-0.5473773679104554,78,0.21794871794871795,-0.00857137708029364,-0.030285000000000006,-0.030285000000000117,-0.030285000000000117,-0.03280875000000012,-0.05047500000000016,0.06947890818858561,18,60,0,0,0,60,-0.030621500000000006,-0.030285000000000006,34,16,16,14,-0.049093150909356474,0.027508594171018332,0.047774445867658034,0.05412341713276929,0.11396483828189198,-0.07491538439638137,-0.09255004176086483,-0.1328558201760267,-0.17974284253413184,0.5666666666666667,0.65,0.7333333333333333
SOL,HARD_8_TRAIL_5,0.08,0.05,-0.6530915297647873,-0.6890516811990873,-0.6890516811990873,77,0.2727272727272727,-0.01267024590913987,-0.03139646508304639,-0.048275999999999986,-0.048275999999999986,-0.04827600000000003,-0.0482760000000001,0.08138957816377171,13,24,40,0,0,64,-0.02827867052562925,-0.038222473246720345,40,22,17,13,-0.05319383093306309,0.028059758073390565,0.0419788055690154,0.05265798583272554,0.07139731765989049,-0.07214343364098623,-0.08746759640670133,-0.1323448562007429,-0.17993560430151503,0.578125,0.65625,0.75
SOL,HARD_8_TRAIL_8,0.08,0.08,-0.5671333414933369,-0.6672410699490581,-0.672803572002695,75,0.28,-0.009409269347186593,-0.04486134370673178,-0.048275999999999986,-0.0482760000000001,-0.05066474130791225,-0.06738593046329766,0.10620347394540942,22,35,18,0,0,53,-0.04075508883130893,-0.048275999999999875,32,16,15,13,-0.05721324869136327,0.022172624267868674,0.03714042858021604,0.04228817879658133,0.06913199686734932,-0.07663029705390173,-0.09630921292086693,-0.14038344571612152,-0.1880878128898539,0.4716981132075472,0.5849056603773585,0.6981132075471698
SOL,HARD_8_TRAIL_10,0.08,0.1,-0.5035840819067546,-0.6079918190972081,-0.6145447501063939,73,0.2876712328767123,-0.007544368607672429,-0.048275999999999875,-0.048275999999999986,-0.048275999999999986,-0.04827600000000001,-0.0482760000000001,0.10818858560794045,23,40,10,0,0,50,-0.04464786554488662,-0.048275999999999875,30,14,14,13,-0.05444337118986245,0.01340528637138952,0.03885978164379341,0.03368874780361526,0.07008456779461444,-0.08003787204877116,-0.0964775838218187,-0.1436184906771026,-0.1936427052536773,0.46,0.6,0.7
SOL,HARD_8_TRAIL_12,0.08,0.12,-0.5479578306780113,-0.6333315563705642,-0.6394609004286796,73,0.2876712328767123,-0.008788933567009148,-0.048275999999999875,-0.048275999999999986,-0.04827600000000003,-0.04827600000000004,-0.0482760000000001,0.10918114143920596,23,46,4,0,0,50,-0.04646493038551824,-0.048275999999999875,30,14,14,13,-0.05564775281874333,0.013773550229742979,0.040408667327018415,0.03803562670710322,0.0726944001369056,-0.07904692409986168,-0.09529534412891212,-0.14094589340752864,-0.19111903018858867,0.46,0.6,0.7
SOL,HARD_8_TRAIL_15,0.08,0.15,-0.4883274201186154,-0.6419267321782463,-0.6479123965969475,73,0.2876712328767123,-0.006974945675293765,-0.048275999999999875,-0.048275999999999986,-0.048275999999999986,-0.04827600000000003,-0.0482760000000001,0.11265508684863523,24,48,1,0,0,49,-0.047472152443307804,-0.048275999999999875,30,14,14,13,-0.056174086440542004,0.01211524840672449,0.03389094807757929,0.026336848647841943,0.04848748904322942,-0.08045835980354515,-0.09622372078391432,-0.14366404578036776,-0.1940818400864571,0.42857142857142855,0.5714285714285714,0.673469387755102
SOL,HARD_8_TRAIL_20,0.08,0.2,-0.5062784934669785,-0.6485723110867584,-0.6544468859358408,73,0.2876712328767123,-0.0074512652000946495,-0.048275999999999875,-0.048275999999999986,-0.04827600000000003,-0.04827600000000004,-0.0482760000000001,0.11761786600496278,24,48,1,0,0,49,-0.04818177132719485,-0.048275999999999986,30,14,14,13,-0.05617408644054199,0.019591799898580887,0.042987845960836456,0.04474193490157366,0.05490327069664079,-0.08039734488735255,-0.09616270586772176,-0.14276000420324017,-0.19292950572988246,0.42857142857142855,0.5714285714285714,0.673469387755102
SOL,HARD_10_TRAIL_5,0.1,0.05,-0.6776371360350244,-0.7237911240439117,-0.7237911240439117,77,0.2857142857142857,-0.013523196416077913,-0.029871241931931802,-0.060269999999999935,-0.060270000000000046,-0.06027000000000002,-0.06027000000000016,0.09181141439205956,13,13,51,0,0,64,-0.02930487660428907,-0.03462331761471121,40,22,16,13,-0.0526952215175646,0.036387601993217514,0.047102098358423466,0.05408282801308808,0.06888171475217209,-0.0676220408005422,-0.08862619566580172,-0.13206632255437087,-0.1795678308150701,0.5625,0.640625,0.734375
SOL,HARD_10_TRAIL_8,0.1,0.08,-0.5727221801894469,-0.7206602172922403,-0.725329748218838,73,0.3013698630136986,-0.00949438491421337,-0.0393495118390329,-0.060270000000000025,-0.060270000000000046,-0.06115949130791226,-0.06738593046329777,0.12456575682382134,22,23,28,0,0,51,-0.04210616874035206,-0.05666284802293897,32,16,14,13,-0.056312883523352245,0.03396119713500552,0.0364685627561539,0.047400585465734085,0.07288482673572369,-0.07441829811172536,-0.09580192562269577,-0.13985766513018882,-0.18705802039503205,0.43137254901960786,0.5490196078431373,0.6862745098039216
SOL,HARD_10_TRAIL_10,0.1,0.1,-0.5065772413204004,-0.6614315250757876,-0.6650072487261833,71,0.323943661971831,-0.007431936571424088,-0.04748351095939529,-0.060270000000000046,-0.060270000000000046,-0.06027000000000006,-0.06027000000000016,0.12903225806451613,24,30,17,0,0,47,-0.04842469027142236,-0.060269999999999935,30,14,13,13,-0.056146223123077675,0.02557640744165686,0.040954820738604104,0.0423844478179637,0.07508993517648216,-0.07725915350979713,-0.09579475027065727,-0.14341537144412453,-0.19327131373057096,0.40425531914893614,0.5531914893617021,0.6808510638297872
SOL,HARD_10_TRAIL_12,0.1,0.12,-0.5918370335245718,-0.7058391928813631,-0.7107564766743073,71,0.323943661971831,-0.010032223816872597,-0.059761655160297744,-0.060270000000000046,-0.060270000000000046,-0.060270000000000046,-0.060270000000000046,0.13548387096774195,24,35,12,0,0,47,-0.05235278376986587,-0.060269999999999935,30,14,13,13,-0.059940285954333684,0.02729406149404712,0.043757761177892165,0.04754891592352694,0.08203259836257586,-0.07659536273962708,-0.0934285736580732,-0.1401008764500502,-0.1870557569721517,0.3829787234042553,0.5319148936170213,0.6595744680851063
SOL,HARD_10_TRAIL_15,0.1,0.15,-0.5247001397597204,-0.71056095828679,-0.7153993115766206,71,0.3380281690140845,-0.00776372357730826,-0.060269999999999824,-0.060269999999999935,-0.060270000000000046,-0.060270000000000004,-0.060270000000000046,0.14193548387096774,26,42,3,0,0,45,-0.05526617340822811,-0.060269999999999935,29,13,12,13,-0.06064939690380006,0.02430582986759296,0.0325551016007919,0.03431517602833837,0.05758560510653561,-0.08313098379871578,-0.10108245612411595,-0.14621927381187938,-0.1926279329541515,0.35555555555555557,0.4888888888888889,0.6222222222222222
SOL,HARD_10_TRAIL_20,0.1,0.2,-0.5625157944680544,-0.7335892142913356,-0.7380426200718766,71,0.3380281690140845,-0.008956452027568127,-0.060269999999999824,-0.060270000000000046,-0.060270000000000046,-0.060270000000000046,-0.060270000000000046,0.14789081885856079,26,43,2,0,0,45,-0.057148033851971466,-0.060269999999999935,29,13,12,13,-0.062370513960971936,0.03154411130789903,0.04310732838523025,0.05443201946561887,0.06671056996669623,-0.07580128331771402,-0.09377137659877703,-0.13811841337444178,-0.18425670926798257,0.35555555555555557,0.4888888888888889,0.6222222222222222
SOL,HARD_12_TRAIL_5,0.12,0.05,-0.680925834996374,-0.7535203391596956,-0.7535203391596956,77,0.2987012987012987,-0.01354370527432439,-0.02675899621890787,-0.07226399999999988,-0.072264,-0.07226399999999997,-0.072264,0.09478908188585608,13,9,55,0,0,64,-0.029329551324366862,-0.03407641327336597,40,22,15,12,-0.05143800746808426,0.03587426526086214,0.04775987815036045,0.055166132006902895,0.0665512388770276,-0.06836269551488833,-0.09103811485543406,-0.13091873119441236,-0.1784202394551116,0.5625,0.640625,0.734375
SOL,HARD_12_TRAIL_8,0.12,0.08,-0.5712910699727108,-0.749475608346351,-0.7579913366721646,73,0.3287671232876712,-0.009306408514153444,-0.03520536675849295,-0.07226399999999988,-0.072264,-0.07226399999999997,-0.072264,0.13300248138957815,23,13,37,0,0,50,-0.043352582747157704,-0.05440664558323027,31,15,12,12,-0.05519478124770319,0.03603995442755676,0.038135322153705416,0.053975931888151356,0.07934859242153196,-0.07944736687017022,-0.09937891150866805,-0.13955174115196925,-0.1880700748881424,0.42,0.54,0.68
SOL,HARD_12_TRAIL_10,0.12,0.1,-0.5803714601800931,-0.734447385599976,-0.7434739474669199,71,0.352112676056338,-0.00948291099871827,-0.04188993826940657,-0.072264,-0.072264,-0.07226400000000001,-0.0722640000000001,0.1369727047146402,25,21,25,0,0,46,-0.05249857233537307,-0.06778971149689306,29,13,11,12,-0.057965077593608604,0.03279327747821794,0.04718004044751933,0.05339070900691698,0.08741266106770937,-0.07835519828618266,-0.09528470226173312,-0.1389712090646727,-0.19059126617347852,0.391304347826087,0.5434782608695652,0.6739130434782609
SOL,HARD_12_TRAIL_12,0.12,0.12,-0.6411706986103147,-0.7595144843668655,-0.7676889750977169,70,0.35714285714285715,-0.01177698542220764,-0.05241345235899858,-0.072264,-0.072264,-0.07226400000000001,-0.0722640000000001,0.14937965260545905,26,27,17,0,0,44,-0.058025376283426994,-0.07226399999999988,28,13,11,12,-0.06444767413607544,0.03464166675932645,0.05172018328253893,0.057955386810829686,0.10763414264517358,-0.07829902378178587,-0.09386089696707742,-0.1393002329376773,-0.18116933325128212,0.3409090909090909,0.5,0.6136363636363636
SOL,HARD_12_TRAIL_15,0.12,0.15,-0.6295012451373667,-0.7856817173312962,-0.7929667415894721,70,0.35714285714285715,-0.011100621420104166,-0.0710811755740327,-0.072264,-0.072264,-0.07226400000000001,-0.0722640000000001,0.15732009925558313,28,34,8,0,0,42,-0.06412456094093286,-0.072264,27,12,11,11,-0.06852447346705827,0.03884005304573465,0.044242015590236265,0.05126009940283445,0.09634419804679105,-0.08140760974114551,-0.10096911888342534,-0.1416939044473236,-0.18354377951256792,0.30952380952380953,0.4523809523809524,0.5714285714285714
SOL,HARD_12_TRAIL_20,0.12,0.2,-0.6807466080545135,-0.8086051528318159,-0.8151109725274013,70,0.35714285714285715,-0.013210799511019984,-0.07226399999999988,-0.072264,-0.072264,-0.07226400000000002,-0.0722640000000001,0.16377171215880892,28,39,3,0,0,42,-0.06764152442579255,-0.072264,27,12,11,11,-0.07219869141519869,0.047922274665917045,0.05812777039136529,0.07707028038972481,0.10993365619992265,-0.07267067235286963,-0.09096646238637723,-0.13087771256180603,-0.17250511169773156,0.30952380952380953,0.4523809523809524,0.5714285714285714
SOL,HARD_15_TRAIL_5,0.15,0.05,-0.7067320593122006,-0.7689751122470773,-0.7689751122470773,77,0.2987012987012987,-0.01453879973773789,-0.02675899621890787,-0.06919047568751333,-0.09025499999999997,-0.08591520789628575,-0.09025500000000009,0.0967741935483871,13,6,58,0,0,64,-0.030526774350661215,-0.03407641327336608,40,22,15,11,-0.05325020009721974,0.04026185556188096,0.04470949203885487,0.06487109102148317,0.06992453436793183,-0.06489601594094527,-0.09343954532335708,-0.12796379478400208,-0.17546530304470132,0.5625,0.65625,0.734375
SOL,HARD_15_TRAIL_8,0.15,0.08,-0.5685486946742098,-0.7400046296472895,-0.7488422918217331,73,0.3424657534246575,-0.00911105049218429,-0.02948749245317117,-0.0834142009699717,-0.09025499999999986,-0.08932462179450644,-0.09025500000000009,0.13796526054590572,24,6,43,0,0,49,-0.04442943846256616,-0.052320629968055865,31,15,12,11,-0.05876859220530469,0.03328486475712905,0.02576116838587543,0.061710081810280454,0.07855855533596075,-0.08444777250602015,-0.10485306649140068,-0.13863911986893965,-0.1881589621752514,0.40816326530612246,0.5510204081632653,0.673469387755102
SOL,HARD_15_TRAIL_10,0.15,0.1,-0.4184053533568849,-0.6444213414600355,-0.6481767147835618,71,0.39436619718309857,-0.004435417907231929,-0.03915732472327005,-0.09025499999999997,-0.09025499999999997,-0.09025499999999999,-0.09025500000000009,0.15037220843672455,28,9,34,0,0,43,-0.05571062156938499,-0.06542984360453974,29,13,11,11,-0.0629472987003784,0.026591366384994534,0.03636156819020647,0.06671297068740956,0.0943100327452377,-0.08225958423808283,-0.09900870600084938,-0.1343864757151316,-0.1829257988155071,0.3488372093023256,0.5348837209302325,0.6511627906976745
SOL,HARD_15_TRAIL_12,0.15,0.12,-0.5625451677224892,-0.7008551697462029,-0.7110235852354012,70,0.4,-0.00834328034113917,-0.04602632662251549,-0.09025499999999997,-0.09025499999999997,-0.090255,-0.09025500000000009,0.16327543424317617,29,10,31,0,0,41,-0.06467686854507125,-0.07730918041332757,28,13,11,11,-0.07288257598580028,0.03434941566485209,0.045839637545518445,0.07804919083182486,0.1208863987328778,-0.07596070506819841,-0.09193585013422349,-0.1291602862372793,-0.16791502139127687,0.2926829268292683,0.4878048780487805,0.5853658536585366
SOL,HARD_15_TRAIL_15,0.15,0.15,-0.690359874264479,-0.8176355528940134,-0.8238344147197663,69,0.391304347826087,-0.013140877901193868,-0.05278905095644926,-0.090255,-0.09025500000000009,-0.09885071428571436,-0.15042500000000003,0.18163771712158808,30,23,16,0,0,39,-0.07663601451798649,-0.09025499999999986,27,12,11,9,-0.08237838672205479,0.044639939193698734,0.051473484169391966,0.06768564609609103,0.15732689800785976,-0.0786803155400335,-0.09892792884680746,-0.13532443347728196,-0.16186743531853917,0.23076923076923078,0.4358974358974359,0.5384615384615384
SOL,HARD_15_TRAIL_20,0.15,0.2,-0.7360647212234968,-0.8331621943047814,-0.8388332805347384,67,0.40298507462686567,-0.015790300583986422,-0.08407817395094519,-0.09025500000000009,-0.09025500000000009,-0.09885071428571438,-0.15042500000000014,0.19255583126550868,30,32,5,0,0,37,-0.08486578730124826,-0.09025499999999997,27,12,11,9,-0.0906613249064171,0.05505917725669785,0.08242235786328302,0.10893042571872211,0.19318528361181422,-0.06972393601652116,-0.08451121239165547,-0.11830675233476055,-0.14497966354689049,0.24324324324324326,0.4594594594594595,0.5675675675675675
SOL,HARD_20_TRAIL_5,0.2,0.05,-0.684967506272889,-0.750795141331978,-0.750795141331978,77,0.3116883116883117,-0.013570308051865602,-0.02608601211205408,-0.06612239020901559,-0.09403095956826961,-0.09020554484930123,-0.1202399999999999,0.09875930521091811,13,1,63,0,0,64,-0.02936155779109614,-0.03330041277534124,40,22,14,11,-0.050541795424875594,0.038773613855983505,0.04457584860607017,0.06575470696124533,0.06664773910134855,-0.06685154161997635,-0.0939827536537646,-0.12852385011181103,-0.17687736201587645,0.5625,0.65625,0.734375
SOL,HARD_20_TRAIL_8,0.2,0.08,-0.5764250845993653,-0.7390851880252189,-0.7479541035040347,73,0.3561643835616438,-0.00922992296725054,-0.02825028155281839,-0.08083126932362265,-0.11000926034828844,-0.10345638591612269,-0.12024000000000001,0.14044665012406948,24,2,47,0,0,49,-0.04460653419072608,-0.051574738898252925,31,15,11,11,-0.057443993401595804,0.03270462896755074,0.02852792015098509,0.06507474645150572,0.07763169560639803,-0.08249509833103594,-0.10329705194677025,-0.13655060116277795,-0.1872195521983857,0.40816326530612246,0.5510204081632653,0.673469387755102
SOL,HARD_20_TRAIL_10,0.2,0.1,-0.4168018743765233,-0.6676199470502757,-0.6691307049770565,70,0.4142857142857143,-0.004325915795853209,-0.033436015863936186,-0.08548438657682887,-0.1202399999999999,-0.11283628302619486,-0.12024000000000001,0.15781637717121588,28,5,37,0,0,42,-0.05630491513215367,-0.062409997051927235,28,12,9,11,-0.0613146386734462,0.02623021268821674,0.03902383650755996,0.07091817871385288,0.08865674066605807,-0.0796092433403863,-0.09727567924544289,-0.13291092947241268,-0.18397516791284255,0.38095238095238093,0.5238095238095238,0.6428571428571429
SOL,HARD_20_TRAIL_12,0.2,0.12,-0.5805653554612991,-0.7034021159097608,-0.7134839565890327,69,0.4057971014492754,-0.008893931115966609,-0.04070384688895923,-0.0978212847452824,-0.1202399999999999,-0.11604690530815244,-0.12024000000000001,0.1707196029776675,29,5,35,0,0,40,-0.06656883768101292,-0.0741154766172209,27,12,10,10,-0.07289046992476535,0.03611912556111767,0.050863934670770786,0.08490578116908062,0.1176703958560151,-0.07134460050689931,-0.08826357600491035,-0.12585151800144426,-0.16702094378494733,0.325,0.475,0.575
SOL,HARD_20_TRAIL_15,0.2,0.15,-0.7448048533355297,-0.8445786005534424,-0.8498616247131594,67,0.40298507462686567,-0.01603621233792135,-0.025485686501115934,-0.12023999999999983,-0.12023999999999999,-0.1264023844461976,-0.1633766911233836,0.2044665012406948,30,7,30,0,0,37,-0.08350615253138743,-0.0928372474338437,25,10,9,8,-0.08762103829791638,0.05753850240705212,0.07030499425590293,0.07271691351418955,0.16632780136101322,-0.06996071555714072,-0.09125706384103241,-0.13037055630580402,-0.15942807835632997,0.2702702702702703,0.43243243243243246,0.5135135135135135
SOL,HARD_20_TRAIL_20,0.2,0.2,-0.21852949694545887,-0.715069991588364,-0.7247552223456939,59,0.4576271186440678,0.0025262846002835244,-0.012920069601910278,-0.1202399999999999,-0.12023999999999992,-0.12023999999999996,-0.12024000000000001,0.23523573200992556,32,13,14,0,0,27,-0.09625045378854384,-0.11989157215320578,21,7,6,5,-0.0651562623574808,0.06711395115388184,0.08567574662743228,0.13200173134832416,0.2210544660071199,-0.07136175098404979,-0.0855352938327564,-0.10845491788602983,-0.13479738495423524,0.25925925925925924,0.4074074074074074,0.48148148148148145
