asset_class,symbol,config,return,return_delta,close_mdd,close_mdd_improvement,intra_mdd,mdd_improvement,p5,p5_delta,cvar10,cvar_delta,worst,worst_delta,win,trades,exposure,risk_exits,matched_stops,killed_winners,saved_losers,confirmed_matched_stops,confirmed_mean_delta,preconfirm_matched_stops,preconfirm_mean_delta
stock,AAPL,BASELINE,1.0650618770572096,0.0,-0.3057618318880533,0.0,-0.3179735311670472,0.0,-0.13122815961116752,0.0,-0.13602612916808607,0.0,-0.19931915412756696,0.0,0.7647058823529411,68,0.5418374728719556,0,0,0,0,0,,0,
stock,AAPL,ATR2_ONLY,1.2257338097567794,0.1606719326995698,-0.22903433388151595,0.07672749800653733,-0.23701693654033218,0.080956594626715,-0.06333630483919556,0.06789185477197196,-0.06827323561637985,0.06775289355170622,-0.10965675220508198,0.08966240192248498,0.5833333333333334,96,0.4142753797926212,39,27,12,8,5,0.04001777778746744,22,-0.01553592996632353
stock,AAPL,ATR3_ONLY,1.3714805712314906,0.306418694174281,-0.24710041684553208,0.0586614150425212,-0.2548959627153877,0.06307756845165946,-0.07755820222180454,0.05366995738936298,-0.08039205452109596,0.055634074646990106,-0.10742973168460512,0.09188942244296183,0.6352941176470588,85,0.4596093561610803,24,19,7,7,5,0.021762763887752,14,-0.014373578258130166
stock,AAPL,LOSS2_MOD,1.143227450886342,0.07816557382913247,-0.2350167435586249,0.07074508832942838,-0.2372363930146798,0.08073713815236738,-0.06727063670276068,0.06395752290840684,-0.0732731486030014,0.06275298056508467,-0.1096567522050822,0.08966240192248476,0.5913978494623656,93,0.44200626959247646,35,25,11,7,5,0.029703331196785653,20,-0.015872260498446818
stock,AAPL,LOSS3_MOD,1.3142347991137706,0.24917292205656105,-0.2471004168455322,0.05866141504252109,-0.2548959627153877,0.06307756845165946,-0.08058111042128643,0.05064704918988108,-0.0821210505792984,0.05390507858878767,-0.10742973168460501,0.09188942244296194,0.6341463414634146,82,0.4680491921871232,21,18,7,6,5,0.019033160435458395,13,-0.01814779663858614
stock,AAPL,LOSS2_SEV,0.9014314733406448,-0.1636304037165648,-0.297279822789705,0.008482009098348287,-0.30129006650786505,0.016683464659182135,-0.0660627411624514,0.06516541844871612,-0.08578265249991406,0.05024347666817201,-0.15560826791032645,0.04371088621724051,0.6067415730337079,89,0.445141065830721,31,23,10,8,5,0.007551331739860357,18,-0.014673183896279763
stock,AAPL,PEAK2_MOD,1.3171594923713412,0.25209761531413166,-0.2479684618252307,0.05779337006282259,-0.25634534842204004,0.06162818274500714,-0.054365996854369686,0.07686216275679783,-0.05665328201385649,0.07937284715422957,-0.06945356562951621,0.12986558849805074,0.584070796460177,113,0.3515794550277309,63,36,21,11,5,0.06783771537694902,31,-0.01571245918324926
stock,AAPL,PEAK3_MOD,1.3169951552289136,0.2519332781717041,-0.297213197808158,0.008548634079895256,-0.30384032792494375,0.014133203242103431,-0.07241248451768732,0.058815675093480194,-0.08035076363074158,0.05567536553734449,-0.1096567522050822,0.08966240192248476,0.65,100,0.4094526163491681,42,28,14,9,5,0.05184119906618552,23,-0.012709565104475401
stock,AAPL,HYBRID25_MOD,1.6795745595107707,0.6145126824535612,-0.23618465752781292,0.06957717436024036,-0.23950079228265453,0.07847273888439266,-0.0624679071313466,0.06876025247982091,-0.069985882379401,0.06604024678868507,-0.1096567522050822,0.08966240192248476,0.625,104,0.390643838919701,49,30,16,10,5,0.05415729242938359,25,-0.007337752080142681
stock,AAPL,CONFIRM_ADAPT,0.9835764785733383,-0.08148539848387126,-0.2687739409369977,0.03698789095105559,-0.27691907510021285,0.04105445606683433,-0.05512733283119364,0.07610082677997387,-0.07127896487381366,0.06474716429427241,-0.15560826791032656,0.0437108862172404,0.5871559633027523,109,0.34169278996865204,60,36,21,9,5,0.013861533953796723,31,-0.01650447703978084
stock,AAPL,LOSS4_SEV,0.9081781868518668,-0.15688369020534276,-0.33292522565809957,-0.027163393770046285,-0.3490010200071215,-0.031027488840074335,-0.09899121600507257,0.03223694360609494,-0.11524542015778896,0.020780709010297105,-0.1955248253500479,0.0037943287775190626,0.726027397260274,73,0.47673016638533877,11,9,1,5,2,-0.028315469076529487,7,-0.001696091844515373
stock,MSFT,BASELINE,1.4545615207135545,0.0,-0.20646706078214472,0.0,-0.2073835539431853,0.0,-0.05218759243613791,0.0,-0.07292037773628875,0.0,-0.10994560906067086,0.0,0.6521739130434783,69,0.5854834820352062,0,0,0,0,0,,0,
stock,MSFT,ATR2_ONLY,0.958612692349244,-0.49594882836431053,-0.18039360995339582,0.0260734508287489,-0.18430169449582523,0.023081859447360076,-0.039597993534703765,0.012589598901434143,-0.042892142294336286,0.03002823544195246,-0.05584976595671631,0.054095843103954544,0.5268817204301075,93,0.45502773088979986,38,29,9,10,1,0.0645916104337746,28,-0.016175852330782566
stock,MSFT,ATR3_ONLY,1.2718859512605776,-0.18267556945297692,-0.17066003466934399,0.03580702611280073,-0.17392640003458426,0.033457153908601045,-0.04700955166899068,0.0051780407671472295,-0.050790642818209365,0.02212973491807938,-0.0750222336799371,0.03492337538073376,0.6024096385542169,83,0.5305039787798409,22,19,2,7,1,0.04945570172177294,18,-0.012690612509168852
stock,MSFT,LOSS2_MOD,1.1709073520099431,-0.2836541687036114,-0.2047887921737761,0.001678268608368616,-0.20858055449653656,-0.0011970005533512573,-0.04132092159428095,0.010866670841856961,-0.04374495137956866,0.02917542635672009,-0.05463968561586274,0.055305923444808114,0.5555555555555556,90,0.49626235833132387,34,25,5,10,1,0.0645916104337746,24,-0.009964409194521351
stock,MSFT,LOSS3_MOD,1.230676527039647,-0.22388499367390757,-0.189038655609722,0.017428405172422723,-0.19223263655673817,0.015150917386447138,-0.05207807795192408,0.00010951448421382681,-0.05639215227482504,0.016528225461463708,-0.08376358392601868,0.026182025134652176,0.6,80,0.5266457680250783,20,18,2,7,1,0.044527731443446905,17,-0.013853147884651125
stock,MSFT,LOSS2_SEV,1.3357085335140741,-0.11885298719948034,-0.15082116198606543,0.055645898796079285,-0.15487025522265152,0.052513298720533785,-0.04271485625757769,0.009472736178560218,-0.04521028100149993,0.027710096734788817,-0.058349721691380974,0.05159588736928988,0.5730337078651685,89,0.5027730889799855,29,22,4,10,1,0.0645916104337747,21,-0.008952436252044211
stock,MSFT,PEAK2_MOD,1.265813770337072,-0.1887477503764825,-0.12196492160046202,0.0845021391816827,-0.13256454362825676,0.07481901031492855,-0.03527446731592761,0.0169131251202103,-0.037980912850606535,0.03493946488568221,-0.062863338429763,0.04708227063090786,0.5446428571428571,112,0.37641668676151435,60,38,18,12,1,0.08535948517814895,37,-0.013889799466733653
stock,MSFT,PEAK3_MOD,1.3217241320318602,-0.13283738868169426,-0.12760289807494263,0.07886416270720209,-0.13256454362825687,0.07481901031492844,-0.04577218987699809,0.006415402559139818,-0.04917591382302049,0.02374446391326826,-0.06399035281841603,0.04595525624225483,0.5463917525773195,97,0.4827586206896552,34,27,11,10,1,0.05895960920161414,26,-0.014122538969550723
stock,MSFT,HYBRID25_MOD,1.218645009073509,-0.23591651164004546,-0.15783303677667038,0.04863402400547434,-0.15974016067899632,0.04764339326418898,-0.04216538827711223,0.010022204159025681,-0.04533439599755029,0.027585981738738455,-0.06286333842976322,0.04708227063090764,0.5523809523809524,105,0.4306727755003617,47,31,12,12,1,0.06459161043377482,30,-0.011252188736994073
stock,MSFT,CONFIRM_ADAPT,1.1224324831853316,-0.33212903752822287,-0.1706594087867358,0.03580765199540892,-0.1736927271734341,0.033690826769751214,-0.036654162626247655,0.015533429809890253,-0.04073646601659423,0.032183911719694515,-0.0628633384297631,0.04708227063090775,0.5405405405405406,111,0.37424644321196043,61,40,19,12,1,0.044527731443446794,39,-0.014515871333808324
stock,MSFT,LOSS4_SEV,1.3127974626576733,-0.14176405805588121,-0.199264663437969,0.007202397344175715,-0.20127642352867148,0.006107130414513828,-0.057215998601013986,-0.005028406164876077,-0.07490932753614175,-0.001988949799853007,-0.14789051247771945,-0.03794490341704859,0.6575342465753424,73,0.568121533638775,10,10,0,2,1,0.044527731443446794,9,-0.013884206408075726
stock,NVDA,BASELINE,1.5128838455092533,0.0,-0.43904739380149505,0.0,-0.4424346633926042,0.0,-0.14238534787410828,0.0,-0.153812524687879,0.0,-0.21311436802253592,0.0,0.6666666666666666,69,0.4709428502531951,0,0,0,0,0,,0,
stock,NVDA,ATR2_ONLY,1.0220365964488645,-0.4908472490603888,-0.40821951044039895,0.030827883361096098,-0.413705801752717,0.028728861639887193,-0.07786304034690755,0.06452230752720073,-0.08278507458302604,0.07102745010485297,-0.10696452666252321,0.10614984136001271,0.5384615384615384,91,0.35905473836508317,41,30,8,14,4,-0.005258968889302079,26,-0.006468356151072603
stock,NVDA,ATR3_ONLY,1.1632678454578773,-0.34961600005137594,-0.45327822818326235,-0.01423083438176731,-0.45834678816435515,-0.01591212477175097,-0.09617331113243212,0.04621203674167616,-0.10901362959261646,0.04479889509526255,-0.16509384527671156,0.04802052274582436,0.6144578313253012,83,0.390643838919701,26,23,3,13,4,-0.014521153264098918,19,-0.006971654389904068
stock,NVDA,LOSS2_MOD,1.7336465193762227,0.22076267386696946,-0.39576685852879123,0.04328053527270381,-0.4013685961547395,0.041066067237864656,-0.0891289579726285,0.05325638990147978,-0.0920793269577496,0.061733197730129405,-0.11192651448399482,0.1011878535385411,0.5666666666666667,90,0.3925729442970822,34,26,6,15,4,-0.015116598221739275,22,0.0020544468686855655
stock,NVDA,LOSS3_MOD,2.031897121442724,0.5190132759334709,-0.3915535268083473,0.047493866993147726,-0.401619365300795,0.04081529809180917,-0.1010412556198674,0.04134409225424088,-0.10268239551187634,0.05113012917600267,-0.12670973691627618,0.08640463110625973,0.6219512195121951,82,0.4094526163491681,22,19,2,12,3,0.03460000158295662,16,0.0032139940396938224
stock,NVDA,LOSS2_SEV,1.4479538369273066,-0.06493000858194664,-0.3957668585287909,0.043280535272704146,-0.4013685961547393,0.04106606723786488,-0.09425197255049791,0.04813337532361037,-0.09704519535528451,0.0567673293325945,-0.12549502788448696,0.08761934013804895,0.5747126436781609,87,0.3896792862310104,32,26,6,14,4,-0.015116598221739136,22,-0.0034255951590082697
stock,NVDA,PEAK2_MOD,1.8409010716725294,0.3280172261632761,-0.39725878666932546,0.041788607132169586,-0.4028466928957255,0.03958797049687868,-0.07481948750095521,0.06756586037315307,-0.08146965518843452,0.07234286949944449,-0.12670973691627607,0.08640463110625984,0.5555555555555556,99,0.3252953942609115,52,36,15,14,6,-0.0027200867562362507,30,-0.0007473335973689598
stock,NVDA,PEAK3_MOD,2.3672527497685425,0.8543689042592892,-0.5088608438704378,-0.0698134500689428,-0.5134141073405094,-0.07097944394790523,-0.09098655289012374,0.051398794983984544,-0.1009272553305656,0.052885269357313414,-0.15792817334438114,0.055186194678154776,0.6136363636363636,88,0.39715456956836265,30,23,6,14,4,0.009957221393926186,19,0.01493868149893833
stock,NVDA,HYBRID25_MOD,1.246252344537862,-0.2666315009713913,-0.511933701242685,-0.07288630744118996,-0.5164584768004263,-0.07402381340782216,-0.0841113851948962,0.05827396267921209,-0.08575140566009634,0.06806111902778267,-0.11192651448399471,0.1011878535385412,0.5416666666666666,96,0.35712563298770195,44,31,11,14,5,-0.006469380359594923,26,-0.0002915745012777454
stock,NVDA,CONFIRM_ADAPT,1.6225204668825142,0.10963662137326091,-0.4184267924572713,0.02062060134422372,-0.42381845387955497,0.01861620951304921,-0.07537863839702721,0.06700670947708107,-0.07851376593034634,0.07529875875753267,-0.11192651448399482,0.1011878535385411,0.5454545454545454,99,0.322160598022667,50,34,13,15,4,0.009957221393926241,30,-0.0003197033403337065
stock,NVDA,LOSS4_SEV,1.3328158851152367,-0.1800679603940165,-0.44377642952078955,-0.004729035719294505,-0.44510448824180027,-0.0026698248491960896,-0.1329072702843357,0.009478077589772593,-0.1301373127478117,0.023675211940067303,-0.1551071527012996,0.058007215321236316,0.6438356164383562,73,0.4398360260429226,11,11,1,4,1,0.012119368851629897,10,-0.007836263612668926
stock,AMD,BASELINE,4.381153103218072,0.0,-0.4302330500379423,0.0,-0.44017227503526657,0.0,-0.11554890854666285,0.0,-0.13582759086582763,0.0,-0.21304537604615414,0.0,0.6551724137931034,87,0.4482758620689655,0,0,0,0,0,,0,
stock,AMD,ATR2_ONLY,2.282585768173603,-2.0985673350444687,-0.33476104295563136,0.09547200708231096,-0.3503618637147953,0.0898104113204713,-0.08796916177759213,0.027579746769070712,-0.09173397716976699,0.04409361369606064,-0.12163792515603966,0.09140745089011448,0.5631067961165048,103,0.34072823727996143,37,31,7,12,2,0.015765306979118987,29,-0.018955987177420856
stock,AMD,ATR3_ONLY,3.9173783047483823,-0.4637747984696894,-0.3233609747262618,0.10687207531168053,-0.33922914366040147,0.1009431313748651,-0.09465478720706658,0.02089412133959627,-0.09946290118173619,0.03636468968409144,-0.11570193164287423,0.09734344440327991,0.6224489795918368,98,0.3691825415963347,26,24,3,12,2,0.008470527872701972,22,-0.011163509015818357
stock,AMD,LOSS2_MOD,3.3261910528276415,-1.0549620503904302,-0.30141766436853235,0.12881538566940998,-0.3129278780778785,0.1272443969573881,-0.09081173777630162,0.024737170770361222,-0.09253429357256464,0.04329329729326299,-0.12163792515603966,0.09140745089011448,0.5784313725490197,102,0.36194839643115506,33,27,5,11,2,0.01576530697911921,25,-0.008803995076403717
stock,AMD,LOSS3_MOD,6.079900984758354,1.6987478815402826,-0.38675417114649,0.0434788788914523,-0.4011356774547721,0.03903659758049449,-0.10866876936233609,0.006880139184326756,-0.11096432794986177,0.024863262915965856,-0.13698271834713005,0.0760626576990241,0.6494845360824743,97,0.39836026042922595,22,21,1,9,2,-0.030869291233981522,19,0.0038794370987258464
stock,AMD,LOSS2_SEV,2.800396849511546,-1.5807562537065256,-0.3158868476124427,0.11434620242549964,-0.3221650350005206,0.11800724003474594,-0.10342235796995114,0.012126550576711706,-0.10401379491836105,0.03181379594746658,-0.13741933381135518,0.07562604223479896,0.5841584158415841,101,0.3814805883771401,30,25,5,10,2,0.015765306979119098,23,-0.0160397391684627
stock,AMD,PEAK2_MOD,2.6989706665614714,-1.6821824366566003,-0.2989970445803457,0.13123600545759662,-0.3054302316903458,0.1347420433449208,-0.09117833843415372,0.02437057011250912,-0.09236609652106376,0.043461494344763874,-0.12163792515603966,0.09140745089011448,0.5333333333333333,105,0.2985290571497468,46,37,13,16,2,0.02120965694477628,35,-0.013240550067620968
stock,AMD,PEAK3_MOD,3.097300470282388,-1.2838526329356839,-0.34103169225839913,0.08920135777954319,-0.3564854571742754,0.08368681786099119,-0.10409564480515378,0.011453263741509068,-0.1022533934432964,0.03357419742253123,-0.13741933381135507,0.07562604223479907,0.6020408163265306,98,0.3515794550277309,30,27,7,11,2,0.0008997615848237439,25,-0.01719484258995347
stock,AMD,HYBRID25_MOD,3.3225946748452024,-1.0585584283728693,-0.2954964699210192,0.13473658011692313,-0.3120181020061157,0.1281541730291509,-0.09187893362963184,0.023669974917031003,-0.09465406607062808,0.04117352479519955,-0.12163792515603966,0.09140745089011448,0.5841584158415841,101,0.32987701953219195,35,31,8,13,2,0.01576530697911921,29,-0.013079573071102914
stock,AMD,CONFIRM_ADAPT,2.2287841009459735,-2.1523690022720983,-0.32369129307015876,0.10654175696778356,-0.32989785813834327,0.1102744168969233,-0.09117833843415388,0.02437057011250897,-0.09801597832832601,0.03781161253750162,-0.13698271834713016,0.07606265769902398,0.5333333333333333,105,0.30142271521581865,47,37,13,15,2,-0.038088809136978596,35,-0.011065880853282287
stock,AMD,LOSS4_SEV,5.462113300409731,1.0809601971916596,-0.4042001504011231,0.026032899636819207,-0.41817252313050457,0.021999751904762,-0.12136005452883393,-0.005811145982171084,-0.12099008091492616,0.014837509950901467,-0.15812744622263908,0.054917929823515066,0.6451612903225806,93,0.4152399324813118,14,14,1,7,1,-0.05338975450192751,13,0.0012903046075641855
stock,AVGO,BASELINE,7.883016246678736,0.0,-0.1771570160818834,0.0,-0.18435547674155717,0.0,-0.03249795079500116,0.0,-0.04374850468096736,0.0,-0.0663150285290206,0.0,0.7625,80,0.4403183023872679,0,0,0,0,0,,0,
stock,AVGO,ATR2_ONLY,4.059979565008956,-3.8230366816697794,-0.20612520255927225,-0.028968186477388858,-0.2078407130850506,-0.02348523634349342,-0.04913448765068575,-0.016636536855684593,-0.05712402909026583,-0.01337552440929847,-0.0899213986106292,-0.023606370081608596,0.6494845360824743,97,0.35085604051121294,30,26,11,6,4,-0.055378326965641766,22,-0.03547299322805429
stock,AVGO,ATR3_ONLY,3.7626486912622106,-4.120367555416525,-0.2236502004344766,-0.0464931843525932,-0.22975681553619087,-0.045401338794633705,-0.06123871465055842,-0.02874076385555726,-0.07501510992618467,-0.03126660524521731,-0.10967601121449655,-0.043360982685475946,0.7159090909090909,88,0.3920906679527369,20,18,4,2,1,-0.003684464310004798,17,-0.04126460763055147
stock,AVGO,LOSS2_MOD,4.171234352396628,-3.7117818942821073,-0.1816726313090885,-0.004515615227205116,-0.1868264112968956,-0.002470934555338422,-0.05354889587272982,-0.02105094507772866,-0.06279937718084352,-0.019050872499876165,-0.10967601121449666,-0.04336098268547606,0.6702127659574468,94,0.37376416686761516,27,25,10,5,4,-0.05537832696564185,21,-0.03750112070494083
stock,AVGO,LOSS3_MOD,3.5936647988646984,-4.289351447814037,-0.2307923585430377,-0.05363534246115431,-0.23684279483129822,-0.05248731808974105,-0.06548277643869176,-0.032984825643690596,-0.0751477113988408,-0.03139920671787344,-0.10967601121449666,-0.04336098268547606,0.7126436781609196,87,0.39715456956836265,18,16,4,2,1,-0.003684464310004798,15,-0.04416305512328073
stock,AVGO,LOSS2_SEV,3.6159252255052943,-4.267091021173441,-0.17993429689388019,-0.0027772808119967962,-0.19578659355403483,-0.01143111681247766,-0.05736346643533008,-0.02486551564032892,-0.06714436100680435,-0.02339585632583699,-0.10094990632933087,-0.03463487780031027,0.6666666666666666,93,0.376657824933687,27,25,10,4,4,-0.055378326965641794,21,-0.039894973477310934
stock,AVGO,PEAK2_MOD,1.8494376565766473,-6.033578590102088,-0.19362732030390195,-0.01647030422201856,-0.1953698379202543,-0.01101436117869714,-0.047406754737748275,-0.014908803942747115,-0.05413328357144949,-0.01038477889048213,-0.08992139861062898,-0.023606370081608374,0.5660377358490566,106,0.2946708463949843,51,42,26,7,7,-0.036855504124497486,35,-0.03670572676907211
stock,AVGO,PEAK3_MOD,3.3094899517730507,-4.573526294905685,-0.20839004819984808,-0.031233032117964687,-0.22214611797900052,-0.037790641237443356,-0.065390410341453,-0.03289245954645184,-0.07157897285424829,-0.02783046817328093,-0.10967601121449666,-0.04336098268547606,0.6630434782608695,92,0.35881360019291053,28,26,13,4,4,-0.050025331222335906,22,-0.03447320418161731
stock,AVGO,HYBRID25_MOD,2.1668363470951846,-5.716179899583551,-0.22956715199621958,-0.05241013591433619,-0.233758546772453,-0.049403070030895835,-0.08034582058089036,-0.0478478697858892,-0.0795948565285983,-0.035846351847630936,-0.10967601121449644,-0.043360982685475835,0.6224489795918368,98,0.32818905232698337,38,31,16,5,5,-0.031589174553996346,26,-0.03768440258568224
stock,AVGO,CONFIRM_ADAPT,2.220288864992008,-5.662727381686728,-0.17485192219183732,0.0023050938900460727,-0.18244648084606285,0.0019089958954943143,-0.047406754737748275,-0.014908803942747115,-0.0558446611726062,-0.012096156491638838,-0.08992139861062898,-0.023606370081608374,0.5754716981132075,106,0.3060043404870991,48,39,23,7,4,-0.050025331222335906,35,-0.036534065631985656
stock,AVGO,LOSS4_SEV,6.507016149352869,-1.3760000973258668,-0.1786463854903816,-0.0014893694084981979,-0.1858318167297356,-0.0014763399881784212,-0.057430010497762286,-0.024932059702761127,-0.062240232068698366,-0.018491727387731006,-0.10094990632933087,-0.03463487780031027,0.7469879518072289,83,0.4287436701229805,6,5,1,1,1,-0.025927711811146392,4,-0.039116721033250146
stock,ORCL,BASELINE,1.3151313263270303,0.0,-0.2561224102642313,0.0,-0.2594144752600638,0.0,-0.0627781063333948,0.0,-0.07813231479589776,0.0,-0.17626297554762438,0.0,0.6451612903225806,62,0.5524475524475524,0,0,0,0,0,,0,
stock,ORCL,ATR2_ONLY,0.6550518886437282,-0.6600794376833021,-0.275595428039096,-0.019473017774864654,-0.27647206024937043,-0.01705758498930665,-0.05680665570737391,0.005971450626020891,-0.06076601437776463,0.017366300418133127,-0.09871496041927263,0.07754801512835174,0.5060240963855421,83,0.42030383409693756,38,31,9,10,2,0.03102886518151482,29,-0.01847774354820171
stock,ORCL,ATR3_ONLY,1.0345801874207838,-0.2805511389062465,-0.21501746453133996,0.04110494573289136,-0.21780699788472768,0.0416074773753361,-0.07187195210469839,-0.009093845771303594,-0.08110021477276058,-0.002967899976862823,-0.11796429387577034,0.058298681671854036,0.6301369863013698,73,0.4781769954183747,22,22,4,6,2,0.008228135698744088,20,-0.025169613245833156
stock,ORCL,LOSS2_MOD,0.5084567017638211,-0.8066746245632093,-0.26448175689506803,-0.008359346630836706,-0.2654138116136717,-0.0059993363536079425,-0.06691632906950773,-0.0041382227361129315,-0.07638159067644522,0.0017507241194525403,-0.15963243958251283,0.016630535965111548,0.5185185185185185,81,0.4441765131420304,33,27,7,8,2,0.031028865181514875,25,-0.022986409679134415
stock,ORCL,LOSS3_MOD,0.9513785243245336,-0.3637528020024967,-0.2216932005868265,0.034429209677404815,-0.22513763365716088,0.0342768416029029,-0.06890689892636243,-0.006128792592967627,-0.08230320617900784,-0.004170891383110081,-0.15963243958251305,0.016630535965111326,0.6338028169014085,71,0.49843260188087773,20,20,3,6,2,0.008228135698744088,18,-0.02294611911943069
stock,ORCL,LOSS2_SEV,0.7512192654560574,-0.5639120608709729,-0.2583179190986902,-0.002195508834458848,-0.2592577846828389,0.00015669057722489388,-0.0666689395379163,-0.003890833204521507,-0.07719123187861084,0.0009410829172869228,-0.15963243958251305,0.016630535965111326,0.5443037974683544,79,0.46394984326018807,29,26,7,8,2,0.03252293117632127,24,-0.022806065223165136
stock,ORCL,PEAK2_MOD,1.0726982375810823,-0.24243308874594804,-0.239247656292357,0.016874753971874323,-0.24084553289485877,0.01856894236520501,-0.044294602273139576,0.018483504060255222,-0.05025750360000318,0.027874811195894578,-0.07506181791388467,0.10120115763373971,0.4803921568627451,102,0.363395225464191,66,43,22,13,4,0.0022112186383462795,39,-0.015723053419876547
stock,ORCL,PEAK3_MOD,1.0096152786963901,-0.3055160476306402,-0.2826477592029535,-0.02652534893872216,-0.2835567938152199,-0.02414231855515614,-0.06142316829119656,0.001354938042198238,-0.07563298388733396,0.0024993309085638016,-0.15963243958251294,0.016630535965111437,0.5747126436781609,87,0.4359778152881601,42,34,17,8,3,-0.001782741258564961,31,-0.026551735226935238
stock,ORCL,HYBRID25_MOD,0.7900058666694669,-0.5251254596575634,-0.2739427683621558,-0.017820358097924482,-0.27482140052489,-0.015406925264826232,-0.056033713099904625,0.006744393233490173,-0.06192604551793124,0.01620626927796652,-0.10593822264238106,0.07032475290524332,0.5157894736842106,95,0.40752351097178685,52,37,18,9,3,-0.0017827412585649978,34,-0.022578549569855246
stock,ORCL,CONFIRM_ADAPT,1.134972993053616,-0.18015833327341424,-0.23670615000583872,0.019416260258392604,-0.2376734022001079,0.021741073059955873,-0.045188787806280384,0.017589318527114414,-0.05235520426476775,0.025777110531130007,-0.07506181791388478,0.1012011576337396,0.47474747474747475,99,0.35929587653725586,62,42,21,12,3,-0.0017827412585649238,39,-0.015014853654008248
stock,ORCL,LOSS4_SEV,1.2999221268654941,-0.015209199461536205,-0.2216932005868264,0.034429209677404926,-0.22513763365716088,0.0342768416029029,-0.0691520392786213,-0.006373932945226507,-0.08503704043544875,-0.006904725639550996,-0.15963243958251294,0.016630535965111437,0.6461538461538462,65,0.5406317820110924,5,5,0,2,0,,5,-0.010177928157450134
stock,INTC,BASELINE,1.029516149934016,0.0,-0.4272640439154787,0.0,-0.4294142867437014,0.0,-0.05912151444953507,0.0,-0.0888548591435585,0.0,-0.19207214719080157,0.0,0.6666666666666666,75,0.547865927176272,0,0,0,0,0,,0,
stock,INTC,ATR2_ONLY,0.33797178880392686,-0.6915443611300891,-0.38088579073006856,0.04637825318541011,-0.38130655435691063,0.04810773238679078,-0.058111452458612545,0.0010100619909225242,-0.07452561324028262,0.014329245903275889,-0.1815831187174468,0.010489028473354756,0.5533980582524272,103,0.411622859898722,44,34,11,7,4,-0.026114182951918252,30,-0.017186247803540017
stock,INTC,ATR3_ONLY,0.6129762398941181,-0.4165399100398979,-0.4307811295312708,-0.003517085615792115,-0.4311679831889954,-0.0017536964452939952,-0.06457263780290501,-0.00545112335336994,-0.08112209068804482,0.007732768455513683,-0.21476659061496928,-0.02269444342416771,0.6404494382022472,89,0.4487581384133108,28,25,3,5,3,-0.018067824489185313,22,-0.016038418597336398
stock,INTC,LOSS2_MOD,0.6126210528004168,-0.4168950971335992,-0.39352890961169174,0.03373513430378694,-0.3939410806970035,0.0354732060466979,-0.058523364074637915,0.0005981503748971537,-0.08386480727375448,0.00499005186980403,-0.21476659061496928,-0.02269444342416771,0.6020408163265306,98,0.4323607427055703,38,31,8,7,4,-0.021354235051406434,27,-0.01595562676073992
stock,INTC,LOSS3_MOD,0.48499536832091183,-0.5445207816131041,-0.48780830301792755,-0.06054425910244887,-0.48815639975490066,-0.05874211301119925,-0.07309156988443073,-0.013970055434895663,-0.09215225890677844,-0.003297399763219938,-0.21476659061496917,-0.0226944434241676,0.6477272727272727,88,0.4605739088497709,27,24,3,5,3,-0.01806782448918524,21,-0.020752126258451565
stock,INTC,LOSS2_SEV,0.4891751837033682,-0.5403409662306478,-0.4004760009773528,0.026788042938125867,-0.4102554236531254,0.019158863090576017,-0.060880589831811854,-0.0017590753822767854,-0.08445177220336346,0.004403086940195047,-0.21247807531169183,-0.02040592812089026,0.6082474226804123,97,0.43380757173860623,35,29,8,5,3,-0.012648098791033235,26,-0.01867209207861348
stock,INTC,PEAK2_MOD,0.28971050631973916,-0.7398056436142768,-0.4953335888417989,-0.06806954492632022,-0.4965061409123338,-0.06709185416863239,-0.06186128183976531,-0.002739767390230241,-0.08220561257182538,0.006649246571733131,-0.21476659061496928,-0.02269444342416771,0.5726495726495726,117,0.3824451410658307,65,41,17,12,4,0.015732889090392305,37,-0.01823628298596143
stock,INTC,PEAK3_MOD,0.5821727595390842,-0.44734339039493176,-0.44618507055830225,-0.01892102664282358,-0.44845447466123467,-0.019040187917533258,-0.07262889308536524,-0.013507378635830174,-0.0888801492371412,-2.5290093582694406e-05,-0.21476659061496917,-0.0226944434241676,0.63,100,0.43959488787074996,42,31,9,10,4,-0.0030459562255366335,27,-0.020160473142873482
stock,INTC,HYBRID25_MOD,0.36391522753688554,-0.6656009223971304,-0.469028187022707,-0.04176414310722831,-0.4693890471393608,-0.03997476039565939,-0.06385161080079316,-0.004730096351258088,-0.08294035284183536,0.005914506301723146,-0.21476659061496917,-0.0226944434241676,0.6071428571428571,112,0.4077646491439595,56,37,13,11,4,0.013477387981778666,33,-0.019354149111764578
stock,INTC,CONFIRM_ADAPT,0.0978242232874933,-0.9316919266465227,-0.49222671502378423,-0.06496267110830556,-0.4934064856673164,-0.06399219892361496,-0.06454480364108807,-0.005423289191553,-0.08207143282402367,0.006783426319534838,-0.21476659061496917,-0.0226944434241676,0.5423728813559322,118,0.36990595611285265,69,43,20,11,3,0.011762939643459905,40,-0.019513339544587928
stock,INTC,LOSS4_SEV,0.560974657586667,-0.468541492347349,-0.45043178491163927,-0.02316774099616059,-0.45939632990613566,-0.029982043162434246,-0.07682265166629265,-0.017701137216757583,-0.09371728365982102,-0.004862424516262509,-0.21247807531169183,-0.02040592812089026,0.6419753086419753,81,0.4880636604774536,15,15,1,3,2,-0.02058217085223535,13,-0.02061546990247598
stock,QCOM,BASELINE,1.2419245439352373,0.0,-0.29799498625411136,0.0,-0.30590887656025667,0.0,-0.09723010177368877,0.0,-0.09687256301999565,0.0,-0.1392155252054581,0.0,0.6507936507936508,63,0.5635399083674946,0,0,0,0,0,,0,
stock,QCOM,ATR2_ONLY,0.43982303620026175,-0.8021015077349756,-0.32633691068065973,-0.02834192442654837,-0.32712591971850224,-0.021217043158245574,-0.057942282643020135,0.03928781913066863,-0.0641144550342283,0.03275810798576735,-0.097807149417525,0.041408375787933105,0.4666666666666667,90,0.403906438389197,46,33,12,14,2,-0.09341539254360393,31,-0.006388120499702724
stock,QCOM,ATR3_ONLY,0.8206170283709795,-0.42130751556425783,-0.3283190932033173,-0.030324106949205953,-0.33303661709013144,-0.027127740529874766,-0.07257929725506498,0.02465080451862378,-0.07866743656110096,0.018205126458894688,-0.12153105319991009,0.017684472005548013,0.5595238095238095,84,0.4844465878948638,35,27,7,9,2,-0.1095862683129597,25,-0.006596778379664227
stock,QCOM,LOSS2_MOD,0.8604720348768355,-0.3814525090584018,-0.3137937106458597,-0.015798724391748342,-0.3162242772970535,-0.01031540073679682,-0.061068825062260995,0.03616127671142777,-0.07031391643916268,0.02655864658083297,-0.097807149417525,0.041408375787933105,0.5232558139534884,86,0.44755244755244755,39,28,8,13,1,-0.05428520943849946,27,-0.0031967216475480165
stock,QCOM,LOSS3_MOD,1.1370750695981786,-0.10484947433705871,-0.2807278816352792,0.017267104618832185,-0.28327556860806435,0.022633307952192316,-0.08616676340125458,0.011063338372434187,-0.09040868401208645,0.006463879007909207,-0.1215310531999102,0.017684472005547902,0.575,80,0.4890282131661442,31,25,6,8,1,-0.05428520943849935,24,-0.010898092048925117
stock,QCOM,LOSS2_SEV,1.0378150234228953,-0.204109520512342,-0.32793095860941923,-0.02993597235530787,-0.3303114506344067,-0.02440257407415003,-0.0674949546479856,0.02973514712570316,-0.07657804532808339,0.02029451769191226,-0.10060310551189888,0.03861241969355922,0.5348837209302325,86,0.4617795997106342,36,27,8,12,1,-0.05428520943849946,26,-0.004444793987135598
stock,QCOM,PEAK2_MOD,0.47728910676581826,-0.7646354371694191,-0.3485457361772063,-0.05055074992309494,-0.35085320993982083,-0.04494433337956416,-0.06333823160835697,0.033891870165331794,-0.06635499233576016,0.030517570684235495,-0.0916666519581153,0.047548873247342804,0.46788990825688076,109,0.3648420544972269,68,38,17,14,2,-0.021976130264849514,36,-0.006154572481994747
stock,QCOM,PEAK3_MOD,0.9307896808253033,-0.311134863109934,-0.3293671858014554,-0.03137219954734405,-0.3317425906595505,-0.025833714099293803,-0.06921939762760623,0.028010704146082532,-0.07556271647713084,0.021309846542864816,-0.09780714941752511,0.041408375787932994,0.5306122448979592,98,0.4345309862551242,48,32,12,13,2,-0.04021137315369755,30,-0.00690668997691675
stock,QCOM,HYBRID25_MOD,0.4365180991168969,-0.8054064448183405,-0.3187338240903065,-0.020738837836195123,-0.32393520189111036,-0.018026325330853687,-0.06475330300540572,0.03247679876828305,-0.06966765000455169,0.027204913015443963,-0.097807149417525,0.041408375787933105,0.48514851485148514,101,0.40101278032312515,57,35,14,15,2,-0.04021137315369755,33,-0.004592778670924864
stock,QCOM,CONFIRM_ADAPT,0.5384789545001787,-0.7034455894350586,-0.32340994656061406,-0.0254149603065027,-0.3258064521682309,-0.019897575607974227,-0.0597924199934023,0.03743768178028647,-0.06418109552134842,0.032691467498647236,-0.09166665195811519,0.047548873247342915,0.46788990825688076,109,0.36001929105377384,69,38,17,14,2,-0.040211373153697494,36,-0.004345711015296994
stock,QCOM,LOSS4_SEV,1.6095908874290057,0.36766634349376837,-0.27180573409590325,0.02618925215820811,-0.27493089659303704,0.030977979967219627,-0.09130588129040451,0.005924220483284254,-0.09050093940670718,0.0063716236132884685,-0.12298649306117027,0.016229032144287836,0.647887323943662,71,0.5179647938268628,14,13,1,6,0,,13,-0.009462631435047579
stock,MU,BASELINE,4.870742354025748,0.0,-0.47016111688927087,0.0,-0.47446208688426195,0.0,-0.10688797173719657,0.0,-0.13341145859724232,0.0,-0.26122147367785276,0.0,0.7228915662650602,83,0.4263322884012539,0,0,0,0,0,,0,
stock,MU,ATR2_ONLY,3.405629794901394,-1.4651125591243543,-0.35811021161975787,0.112050905269513,-0.3702786370599831,0.10418344982427885,-0.10092995134048792,0.0059580203967086465,-0.10604706256023096,0.027364396037011365,-0.14262148481029446,0.11859998886755829,0.5904761904761905,105,0.32433084157222086,41,36,14,12,5,0.0018710858869757986,31,-0.02457298805997576
stock,MU,ATR3_ONLY,4.807077672575778,-0.0636646814499704,-0.39899790330009943,0.07116321358917144,-0.4103912130792846,0.06407087380497734,-0.1303991069819792,-0.02351113524478264,-0.12676700195134297,0.006644456645899355,-0.1631923731212256,0.09802910055662717,0.7052631578947368,95,0.3665300217024355,23,23,2,6,4,0.006381567512033115,19,-0.020406921296280477
stock,MU,LOSS2_MOD,2.252916422196573,-2.617825931829175,-0.38995755400011345,0.08020356288915742,-0.4015222433812208,0.07293984350304117,-0.11151781636307982,-0.004629844625883256,-0.12130474887022903,0.01210670972701329,-0.1990519178694895,0.06216955580836325,0.6078431372549019,102,0.3310827103930552,37,34,12,8,5,-0.032586970388631675,29,-0.02450475078900731
stock,MU,LOSS3_MOD,3.7667003755875736,-1.1040419784381745,-0.4425940492443414,0.027567067644929444,-0.4531608986856197,0.02130118819864224,-0.14043156801024032,-0.03354359627304375,-0.1353889910538264,-0.00197753245658408,-0.1990519178694895,0.06216955580836325,0.7096774193548387,93,0.3723173378345792,21,21,2,5,4,-0.02208202689818875,17,-0.02056954177955638
stock,MU,LOSS2_SEV,2.458183772045416,-2.412558581980332,-0.3733095875096023,0.09685152937966857,-0.38518987552249695,0.089272211361765,-0.11151781636307982,-0.004629844625883256,-0.11495162646272729,0.018459832134515033,-0.16264518686355722,0.09857628681429553,0.6176470588235294,102,0.3477212442729684,32,29,10,6,4,-0.03224443934733445,25,-0.026966207498200064
stock,MU,PEAK2_MOD,2.4228047180635404,-2.447937635962208,-0.41570355101843526,0.05445756587083561,-0.4267801686919488,0.047681918192313155,-0.10235034133248162,0.004537630404714943,-0.11573083530907695,0.017680623288165373,-0.1990519178694895,0.06216955580836325,0.5929203539823009,113,0.31275620930793346,48,43,22,9,7,-0.026132302288341753,36,-0.029239451351082548
stock,MU,PEAK3_MOD,2.6493967567457686,-2.2213455972799796,-0.4614066824077776,0.008754434481493267,-0.4716168972240352,0.0028451896602267324,-0.1402637508531195,-0.033375779115922946,-0.13516639406694891,-0.0017549354697065922,-0.1990519178694895,0.06216955580836325,0.6458333333333334,96,0.34916807330600436,29,28,9,5,5,-0.032586970388631654,23,-0.024158544222952837
stock,MU,HYBRID25_MOD,2.481366037766858,-2.38937631625889,-0.4157496754314006,0.05441144145787025,-0.42682541871574287,0.04763666816851908,-0.10330986395062987,0.0035781077865666977,-0.11969161961061717,0.013719838986625155,-0.1990519178694895,0.06216955580836325,0.6213592233009708,103,0.3209549071618037,41,39,18,8,7,-0.03304054977951249,32,-0.02439431315874145
stock,MU,CONFIRM_ADAPT,2.528313458653758,-2.3424288953719903,-0.36560946549255235,0.10455165139671851,-0.3776357261667065,0.09682636071755546,-0.10873535467419593,-0.0018473829369993616,-0.1169875403331415,0.01642391826410082,-0.1631923731212256,0.09802910055662717,0.6,110,0.308174584036653,46,41,20,10,4,-0.032244439347334425,37,-0.026837560534814352
stock,MU,LOSS4_SEV,2.9541923202037577,-1.9165500338219905,-0.48639766368857185,-0.016236546799300977,-0.48882059432201597,-0.01435850743775402,-0.1656060268714772,-0.05871805513428065,-0.16471202695648715,-0.03130056835924483,-0.2231315479984558,0.03808992567939695,0.7045454545454546,88,0.40728237279961416,9,9,1,2,3,-0.04414315835673451,6,-0.04039433714371895
stock,GOOGL,BASELINE,2.650283576416388,0.0,-0.19901053908429256,0.0,-0.2019901625199656,0.0,-0.07050100192676942,0.0,-0.07374380533163204,0.0,-0.11852934246628188,0.0,0.7611940298507462,67,0.5239932481311792,0,0,0,0,0,,0,
stock,GOOGL,ATR2_ONLY,1.748644500400001,-0.9016390760163868,-0.13462261677048726,0.0643879223138053,-0.14152484658367293,0.060465315936292674,-0.042747655811658715,0.027753346115110704,-0.04576172727615397,0.027982078055478067,-0.06651209413343862,0.05201724833284327,0.611764705882353,85,0.4162044851700024,33,26,12,10,1,-0.011970313111553832,25,-0.01631976032370405
stock,GOOGL,ATR3_ONLY,2.215715368722316,-0.4345682076940718,-0.16389130435441712,0.03511923472987544,-0.1687844075421575,0.03320575497780809,-0.06227243336524164,0.008228568561527781,-0.06559374710147074,0.008150058230161294,-0.09634900925880718,0.0221803332074747,0.7297297297297297,74,0.44297082228116713,17,16,4,6,1,-0.018209871485837192,15,-0.0183880204294244
stock,GOOGL,LOSS2_MOD,2.138106652901922,-0.512176923514466,-0.1324018834640025,0.06660865562029006,-0.13932182579421504,0.06266833672575056,-0.04295537455483128,0.027545627371938136,-0.04613271087058098,0.027611094461051054,-0.06651209413343873,0.05201724833284316,0.6385542168674698,83,0.4289848082951531,29,24,10,10,1,-0.018209871485837192,23,-0.012379452102285946
stock,GOOGL,LOSS3_MOD,1.8771721308435727,-0.7731114455728152,-0.2146103242805899,-0.015599785196297344,-0.2163798529579556,-0.014389690437989988,-0.06751534471823831,0.0029856572085311117,-0.06805590289909132,0.00568790243254072,-0.0963490092588073,0.02218033320747459,0.7162162162162162,74,0.45285748734024595,17,16,4,6,1,-0.018209871485837192,15,-0.02088187006138526
stock,GOOGL,LOSS2_SEV,2.1353213104125017,-0.5149622660038862,-0.1462489967938968,0.05276154229039576,-0.14830523865962175,0.05368492386034385,-0.043100350672090254,0.027400651254679165,-0.049757012349859187,0.02398679298177285,-0.08699300560422052,0.031536336862061365,0.6463414634146342,82,0.4434530986255124,26,23,10,8,1,-0.01588490018377553,22,-0.015613726238066783
stock,GOOGL,PEAK2_MOD,1.9661566222486377,-0.6841269541677502,-0.13649928713974235,0.0625112519445502,-0.14108491876367624,0.06090524375628936,-0.042792350875169825,0.027708651051599593,-0.048903002043780994,0.024840803287851043,-0.07203378349785816,0.04649555896842372,0.6,100,0.3513383168555582,50,34,19,10,3,-0.06051224467036065,31,-0.017957879127632474
stock,GOOGL,PEAK3_MOD,2.287633768474578,-0.3626498079418097,-0.14488452362432847,0.054126015459964094,-0.15170490470793185,0.050285257812033746,-0.05370877036849877,0.01679223155827065,-0.05717985513092104,0.016563950200710997,-0.07203378349785816,0.04649555896842372,0.6551724137931034,87,0.40101278032312515,33,26,13,9,2,-0.04292658065979038,24,-0.01836923176695131
stock,GOOGL,HYBRID25_MOD,2.1910863184578626,-0.4591972579585253,-0.11043088947182733,0.08857964961246523,-0.11752607193738085,0.08446409058258475,-0.05050803737130356,0.019992964555465856,-0.050806258064429566,0.02293754726720247,-0.07203378349785805,0.046495558968423834,0.6413043478260869,92,0.37521099590065105,40,30,15,9,3,-0.05807963236742231,27,-0.016296656563854796
stock,GOOGL,CONFIRM_ADAPT,2.4021999330101984,-0.2480836434061895,-0.14140729282775955,0.057603246256533014,-0.14596686042446316,0.056023302095502436,-0.03876788015749598,0.03173312176927344,-0.041594546093396564,0.03214925923823547,-0.06651209413343862,0.05201724833284327,0.5980392156862745,102,0.3549553894381481,51,34,19,11,2,-0.050642727516822195,32,-0.016923795085065883
stock,GOOGL,LOSS4_SEV,2.47651722461505,-0.17376635180133793,-0.2059032896423505,-0.006892750558057936,-0.20885727253953812,-0.00686711001957252,-0.06642389953389881,0.00407710239287061,-0.06812749694182127,0.005616308389810767,-0.09490638795185724,0.023622954514424643,0.75,72,0.4781769954183747,10,10,2,4,0,,10,-0.02166143397510637
stock,META,BASELINE,2.614272795324614,0.0,-0.32961435032139574,0.0,-0.37052337006427927,0.0,-0.08585120664738784,0.0,-0.1060287051399342,0.0,-0.2489306175538163,0.0,0.7761194029850746,67,0.4647688838782413,0,0,0,0,0,,0,
stock,META,ATR2_ONLY,4.024005767298366,1.4097329719737521,-0.18052058142743,0.14909376889396575,-0.18507445824029967,0.1854489118239796,-0.06174920897380483,0.02410199767358301,-0.0666952954011294,0.03933340973880481,-0.11372507111057428,0.135205546443242,0.6666666666666666,87,0.38923337091319055,26,22,9,6,4,0.04132069152489262,18,-0.022819656246058632
stock,META,ATR3_ONLY,2.39728058797712,-0.2169922073474937,-0.22073096132709236,0.10888338899430339,-0.24823745019495103,0.12228591986932824,-0.08450034041646212,0.0013508662309257152,-0.09233733744798174,0.013691367691952464,-0.13261456275020378,0.11631605480361251,0.7,80,0.41149943630214203,18,17,6,5,4,0.00668647386435714,13,-0.028556783003415583
stock,META,LOSS2_MOD,3.304836620845058,0.690563825520444,-0.19010792808158417,0.13950642223981158,-0.1927819396497572,0.17774143041452206,-0.07026277880658152,0.015588427840806315,-0.07768326821504683,0.028345436924887377,-0.11372507111057406,0.13520554644324223,0.6744186046511628,86,0.3996617812852311,25,21,8,6,4,0.04132069152489262,17,-0.028278402236962156
stock,META,LOSS3_MOD,2.057334554438372,-0.5569382408862418,-0.25498126444993563,0.07463308587146011,-0.28127879269596123,0.08924457736831803,-0.08891927939433036,-0.0030680727469425267,-0.10515733966699146,0.0008713654729427395,-0.17073774316134704,0.07819287439246925,0.7215189873417721,79,0.42080045095828633,17,16,5,5,3,-0.00383902539644998,13,-0.03139113653879449
stock,META,LOSS2_SEV,3.311880038525371,0.697607243200757,-0.19010792808158428,0.13950642223981147,-0.21106127135231456,0.1594620987119647,-0.07318535673607923,0.012665849911308605,-0.0794782881079336,0.026550417032000603,-0.11372507111057406,0.13520554644324223,0.686046511627907,86,0.4024802705749718,23,20,7,6,3,0.06593590519886224,17,-0.03107177621229946
stock,META,PEAK2_MOD,2.829696648111321,0.21542385278670695,-0.22293875783279749,0.10667559248859826,-0.23837969650434143,0.13214367355993784,-0.05961222308986914,0.0262389835575187,-0.06931383719929618,0.036714867940638024,-0.16517106266112536,0.08375955489269094,0.63,100,0.3359639233370913,49,34,21,8,4,0.058898341450945885,30,-0.021925422748917213
stock,META,PEAK3_MOD,2.70945499691679,0.09518220159217616,-0.20300749312697497,0.12660685719442077,-0.22280416855908192,0.14771920150519735,-0.08346259848702636,0.0023886081603614745,-0.09334108559222114,0.012687619547713067,-0.13370289718231365,0.11522772037150264,0.6931818181818182,88,0.39740698985343853,28,23,11,7,4,0.03228473893915415,19,-0.028530202795003467
stock,META,HYBRID25_MOD,3.9135818858978473,1.2993090905732334,-0.18400516752160778,0.14560918279978796,-0.1973927882651647,0.17313058179911456,-0.05594892866546214,0.0299022779819257,-0.06647824451735893,0.03955046062257528,-0.13370289718231376,0.11522772037150253,0.6703296703296703,91,0.3686583990980834,34,26,14,8,4,0.03866190082267268,22,-0.01811921426333524
stock,META,CONFIRM_ADAPT,2.437005421816816,-0.1772673735077981,-0.22293875783279749,0.10667559248859826,-0.23837969650434143,0.13214367355993784,-0.05966947545473287,0.026181731192654968,-0.07705881592008862,0.028969889219845585,-0.16517106266112536,0.08375955489269094,0.63,100,0.3432919954904171,49,34,21,8,4,0.032284738939154206,30,-0.021901080753845458
stock,META,LOSS4_SEV,2.2146748546242145,-0.39959794070039933,-0.2549812644499355,0.07463308587146023,-0.2812787926959611,0.08924457736831815,-0.09122153897138086,-0.005370332323993018,-0.11217210303757572,-0.0061433978976415116,-0.17073774316134693,0.07819287439246936,0.72,75,0.43602029312288615,12,12,3,3,3,-0.006292005368520741,9,-0.03570609940664424
stock,NFLX,BASELINE,3.261655220861953,0.0,-0.43538566172602233,0.0,-0.44064189593200676,0.0,-0.09736888263863269,0.0,-0.14053517818802436,0.0,-0.27128182379398524,0.0,0.7733333333333333,75,0.4123462744152399,0,0,0,0,0,,0,
stock,NFLX,ATR2_ONLY,1.4681058275055796,-1.7935493933563733,-0.4061112484455317,0.02927441328049063,-0.41083489497678205,0.029807000955224705,-0.09744635674928019,-7.74741106474991e-05,-0.11911947462243479,0.02141570356558957,-0.21215274715583377,0.05912907663815148,0.6292134831460674,89,0.29225946467325775,29,24,11,7,4,-0.04357407310130973,20,-0.02315057429984167
stock,NFLX,ATR3_ONLY,3.0360321855000967,-0.22562303536185624,-0.3847329936104459,0.05065266811557645,-0.3923464827688846,0.048295413163122136,-0.1015539481779704,-0.004185065539337701,-0.1174725596029012,0.02306261858512315,-0.21215274715583365,0.05912907663815159,0.7093023255813954,86,0.33638775018085365,19,16,4,5,2,0.008088322295754957,14,-0.021862234995873395
stock,NFLX,LOSS2_MOD,1.6482944328843785,-1.6133607879775744,-0.37526916506562613,0.0601164966603962,-0.38299976233367405,0.0576421335983327,-0.08476154231074252,0.012607340327890168,-0.11528889140599569,0.02524628678202867,-0.21215274715583377,0.05912907663815148,0.632183908045977,87,0.3076923076923077,26,23,10,6,4,-0.04341556949711414,19,-0.024688837096753964
stock,NFLX,LOSS3_MOD,3.173903461339278,-0.08775175952267489,-0.3572523287299797,0.07813333299604264,-0.3652058714618448,0.07543602447016196,-0.10131923614211218,-0.003950353503479484,-0.11813675703262232,0.02239842115540204,-0.21215274715583377,0.05912907663815148,0.7228915662650602,83,0.34530986255124185,17,15,3,5,2,0.008088322295754902,13,-0.01712802932710259
stock,NFLX,LOSS2_SEV,1.8626039486247765,-1.3990512722371764,-0.39050500865702,0.04488065306900235,-0.3980470732574649,0.04259482267454184,-0.08490577751524406,0.012463105123388635,-0.11652429825416608,0.02401087993385828,-0.22306535849722198,0.04821646529676327,0.6436781609195402,87,0.3072100313479624,26,23,10,6,4,-0.04341556949711409,19,-0.025798884492869815
stock,NFLX,PEAK2_MOD,0.6093809038983162,-2.652274316963637,-0.39114290502062943,0.044242756705392905,-0.3986770761098052,0.04196481982220157,-0.07930829655151317,0.018060586087119523,-0.10260889188406574,0.03792628630395861,-0.21215274715583377,0.05912907663815148,0.5360824742268041,97,0.2449963829274174,47,37,23,7,4,-0.019865996165560867,33,-0.038092743711833174
stock,NFLX,PEAK3_MOD,2.616611286459987,-0.6450439344019658,-0.3481013714353334,0.08728429029068896,-0.35616815071885577,0.08447374521315099,-0.09752681896131765,-0.0001579363226849595,-0.11918965475499095,0.021345523433033406,-0.21215274715583377,0.05912907663815148,0.6704545454545454,88,0.30262840607668196,27,23,11,5,3,-0.04269347855031506,20,-0.020608474402783673
stock,NFLX,HYBRID25_MOD,1.1443447641203726,-2.1173104567415804,-0.38057998046891284,0.054805681257109495,-0.38824486019469795,0.052397035737308806,-0.09525136865284106,0.0021175139857916303,-0.116803486942296,0.023731691245728354,-0.21215274715583365,0.05912907663815159,0.6043956043956044,91,0.2884012539184953,37,30,17,5,4,-0.04401308478969154,26,-0.02841970407558247
stock,NFLX,CONFIRM_ADAPT,0.4598742621564469,-2.801780958705506,-0.39114290502062987,0.04424275670539246,-0.3986770761098055,0.04196481982220124,-0.08233038987484484,0.015038492763787853,-0.10549262617032248,0.03504255201770187,-0.21215274715583388,0.05912907663815137,0.5416666666666666,96,0.2510248372317338,46,36,22,7,3,-0.04269347855031502,33,-0.03688616146863068
stock,NFLX,LOSS4_SEV,4.384607863369631,1.122952642507678,-0.36542468372383285,0.06996097800218948,-0.3732770994076058,0.06736479652440097,-0.11166080761612984,-0.01429192497749715,-0.11908046282686557,0.021454715361158783,-0.22306535849722187,0.04821646529676338,0.7530864197530864,81,0.37279961417892454,10,9,1,4,1,0.11194362072633812,8,-0.0018529120625286055
stock,AMZN,BASELINE,5.0211473379227485,0.0,-0.24424489043436992,0.0,-0.24640971893545027,0.0,-0.08143786939509103,0.0,-0.08566119637316308,0.0,-0.10978914324893196,0.0,0.7205882352941176,68,0.5184470701712081,0,0,0,0,0,,0,
stock,AMZN,ATR2_ONLY,3.3320076972263752,-1.6891396406963732,-0.28269105865439625,-0.03844616822002633,-0.2861118350835631,-0.03970211614811281,-0.06259731510351804,0.018840554291572983,-0.06642905334989753,0.01923214302326555,-0.09928145683255918,0.010507686416372786,0.5957446808510638,94,0.44321196045333977,34,24,7,9,2,-0.009352702604709329,22,-0.017228270889496
stock,AMZN,ATR3_ONLY,4.353667813983146,-0.6674795239396021,-0.22734441291688146,0.016900477517488466,-0.22875904700517258,0.017650671930277695,-0.07810871110258089,0.00332915829251014,-0.08014624933830916,0.005514947034853918,-0.11581025700404746,-0.0060211137551154925,0.691358024691358,81,0.4750421991801302,17,17,3,7,2,-0.028861241105253732,15,-0.018569653443213374
stock,AMZN,LOSS2_MOD,5.2066041532647835,0.18545681534203506,-0.1943485182935818,0.049896372140788126,-0.1966789136290813,0.049730805306368975,-0.056288835681770975,0.02514903371332005,-0.06048059185768109,0.025180604515481986,-0.07892161746365045,0.030867525785281513,0.6477272727272727,88,0.45671569809500845,26,22,5,8,2,-0.018575985239930926,20,-0.00842030219302134
stock,AMZN,LOSS3_MOD,4.583592577720949,-0.43755476020179973,-0.2711398096639609,-0.026894919229590974,-0.2724742599521418,-0.026064541016691534,-0.07862869365432335,0.0028091757407676804,-0.08561462667055773,4.656970260534521e-05,-0.13072380698966513,-0.02093466374073316,0.7012987012987013,77,0.4943332529539426,13,13,1,5,2,-0.03824774290426408,11,-0.01170840415487681
stock,AMZN,LOSS2_SEV,4.917072626816223,-0.10407471110652544,-0.238503746507444,0.005741143926925929,-0.2422496209959819,0.004160097939468366,-0.056914421148734,0.02452344824635703,-0.06414591908385689,0.02151527728930619,-0.13072380698966501,-0.02093466374073305,0.6588235294117647,85,0.465396672293224,23,20,4,7,1,-0.002286176417295671,19,-0.005625695052727797
stock,AMZN,PEAK2_MOD,2.869874807870092,-2.1512725300526565,-0.2061007182702459,0.038144172164124024,-0.20755424686096569,0.03885547207448459,-0.05056951205877536,0.03086835733631567,-0.055710932373556725,0.029950263999606354,-0.08971223234027215,0.020076910908659817,0.6037735849056604,106,0.3503737641668676,56,38,20,10,5,-0.031020684546691112,33,-0.025931741590218667
stock,AMZN,PEAK3_MOD,4.307846825033401,-0.7133005128893473,-0.23017357634753322,0.014071314086836706,-0.23396042775715797,0.012449291178292299,-0.06442708401940911,0.017010785375681917,-0.0722701677954899,0.013391028577673172,-0.13072380698966501,-0.02093466374073305,0.651685393258427,89,0.44007716421509524,34,26,12,7,4,-0.038505405342217386,22,-0.013916291838242707
stock,AMZN,HYBRID25_MOD,3.6433701951062814,-1.3777771428164671,-0.20938604771593738,0.03485884271843254,-0.21451743527486689,0.03189228366058339,-0.06127011101687768,0.020167758378213343,-0.06349505221599591,0.022166144157167167,-0.08971223234027215,0.020076910908659817,0.6421052631578947,95,0.4068000964552689,41,30,15,8,5,-0.047093279419475075,25,-0.015131772685276212
stock,AMZN,CONFIRM_ADAPT,2.8496868447363726,-2.171460493186376,-0.20526611479295376,0.03897877564141616,-0.20672117143646818,0.039688547498982096,-0.04890882458327026,0.03252904481182076,-0.05394536432727648,0.0317158320458866,-0.08971223234027226,0.020076910908659706,0.5904761904761905,105,0.3665300217024355,54,37,20,9,3,-0.039718609102101045,34,-0.026253740461047042
stock,AMZN,LOSS4_SEV,4.622675373046624,-0.3984719648761246,-0.2835510278965535,-0.03930613746218359,-0.28486275482301604,-0.03845303588756577,-0.08909325094692876,-0.007655381551837731,-0.08681531166778653,-0.0011541152946234479,-0.13098729727209657,-0.021198154023164606,0.7222222222222222,72,0.5001205690860864,8,8,0,3,1,-0.026247085850264584,7,-0.010303996983376553
stock,TSLA,BASELINE,1.4691097562537867,0.0,-0.4874976056488163,0.0,-0.49162283083700287,0.0,-0.13128010277299237,0.0,-0.1363736631156715,0.0,-0.2127981460150774,0.0,0.6233766233766234,77,0.4163975155279503,0,0,0,0,0,,0,
stock,TSLA,ATR2_ONLY,-0.25626903705831316,-1.7253787933120999,-0.6089193671068551,-0.12142176145803885,-0.6101798222283803,-0.11855699139137743,-0.10426016360398194,0.027019939169010437,-0.11519047020443471,0.021183192911236798,-0.18076921186774475,0.032028934147332655,0.504950495049505,101,0.29714285714285715,48,36,8,11,2,0.044598417154546766,34,-0.02256805604624208
stock,TSLA,ATR3_ONLY,0.03842668698357876,-1.430683069270208,-0.6173042113991156,-0.12980660575029934,-0.6191779207608332,-0.12755508992383036,-0.14725145101128534,-0.015971348238292965,-0.14764731756234437,-0.01127365444667286,-0.17515989207556437,0.03763825393951303,0.5977011494252874,87,0.3525465838509317,27,26,1,4,2,0.06271869853373063,24,-0.03787575242011101
stock,TSLA,LOSS2_MOD,-0.2394868296021857,-1.7085965858559724,-0.6447946749292311,-0.15729706928041487,-0.6466946841172494,-0.15507185328024653,-0.121076999045426,0.010203103727566373,-0.1333674685070793,0.0030061946085921942,-0.2047285185128619,0.008069627502215515,0.5257731958762887,97,0.32472049689440996,42,33,6,8,2,0.05159751787768957,31,-0.028956356451053784
stock,TSLA,LOSS3_MOD,-0.026348621279776108,-1.4954583775335628,-0.6126173149713605,-0.12511970932254424,-0.6145139717549617,-0.12289114091795883,-0.15485922374916053,-0.023579120976168155,-0.16260974679575613,-0.02623608368008462,-0.23394630201104938,-0.021148155995971973,0.6046511627906976,86,0.36149068322981365,24,23,1,3,2,0.01769769562520357,21,-0.041504425577072415
stock,TSLA,LOSS2_SEV,0.030556839427969607,-1.438552916825817,-0.5742824788197662,-0.08678487317094996,-0.576559660901937,-0.08493683006493413,-0.1207654209761301,0.010514681796862269,-0.12530904095454082,0.011064622161130688,-0.18076921186774475,0.032028934147332655,0.5263157894736842,95,0.3391304347826087,36,30,6,8,2,0.051597517877689514,28,-0.027667273907267132
stock,TSLA,PEAK2_MOD,0.15707357671481592,-1.3120361795389708,-0.5629202536855235,-0.07542264803670717,-0.5667510457747774,-0.07512821493777455,-0.10068506814276641,0.030595034630225962,-0.11129159678216408,0.02508206633350743,-0.15034000945854564,0.06245813655653176,0.5137614678899083,109,0.29838509316770184,57,44,16,14,2,0.07440452522850438,42,-0.02149226669761181
stock,TSLA,PEAK3_MOD,-0.07682004678867782,-1.5459298030424646,-0.5932665855263688,-0.10576897987755252,-0.5952579850377375,-0.10363515420073466,-0.1289814786492623,0.002298624123730081,-0.1356262201439804,0.0007474429716911035,-0.18771292998278577,0.025085216032291635,0.5760869565217391,92,0.33987577639751554,32,30,7,7,2,0.03301221742260252,28,-0.0354099432189229
stock,TSLA,HYBRID25_MOD,-0.17088526699672002,-1.6399950232505067,-0.6595834805668208,-0.17208587491800453,-0.6625670663327872,-0.1709442354957843,-0.11358666218368967,0.01769344058930271,-0.12609560342859555,0.010278059687075958,-0.18771292998278566,0.025085216032291746,0.5408163265306123,98,0.3125465838509317,45,37,10,10,2,0.03301221742260263,35,-0.028678954073557587
stock,TSLA,CONFIRM_ADAPT,-0.16563964323035985,-1.6347493994841464,-0.5657468291381841,-0.0782492234893678,-0.5691079540824713,-0.07748512324546841,-0.09127612798051077,0.040003974792481606,-0.11693971319010078,0.019433949925570723,-0.18771292998278577,0.025085216032291635,0.4909090909090909,110,0.29416149068322983,61,45,17,14,2,0.033012217422602574,43,-0.021237002289389552
stock,TSLA,LOSS4_SEV,0.7144218135698421,-0.7546879426839446,-0.5435788306716052,-0.056081225022788894,-0.5491209915074738,-0.05749816067047098,-0.11976010892881894,0.011519993844173432,-0.14097680303955065,-0.004603139923879146,-0.21178743372167685,0.0010107122934005508,0.5925925925925926,81,0.3937888198757764,11,11,1,3,2,0.01769769562520379,9,-0.03367517638922251
stock,HD,BASELINE,0.8013349780493486,0.0,-0.2707977678564625,0.0,-0.27180883310781934,0.0,-0.05438417553334812,0.0,-0.06808598627394949,0.0,-0.12954830233926917,0.0,0.6935483870967742,62,0.6033277067759827,0,0,0,0,0,,0,
stock,HD,ATR2_ONLY,0.5460296025436999,-0.2553053755056487,-0.2321208289962905,0.03867693886017198,-0.23672142328586376,0.03508740982195557,-0.04029811343934341,0.01408606209400471,-0.05407564169328321,0.01401034458066628,-0.1301972779026791,-0.0006489755634099259,0.5476190476190477,84,0.4846877260670364,38,26,8,9,3,-0.03035996643634531,23,-0.00582832664071262
stock,HD,ATR3_ONLY,0.6514170088926774,-0.14991796915667122,-0.2784645871757183,-0.007666819319255835,-0.28038404936079975,-0.008575216252980411,-0.04971162436098666,0.004672551172361462,-0.05244743296418278,0.015638553309766712,-0.06852948666274283,0.06101881567652634,0.5949367088607594,79,0.5083192669399565,29,21,5,9,2,-0.01276626739937814,19,-0.004163042511645249
stock,HD,LOSS2_MOD,0.34713948994262545,-0.45419548810672317,-0.27061786677637467,0.00017990108008780759,-0.2749878137729044,-0.0031789806650850405,-0.05721280062022872,-0.0028286250868805943,-0.06441459826984747,0.003671388004102022,-0.13970621873649414,-0.010157916397224964,0.573170731707317,82,0.4909573185435254,34,24,6,8,3,-0.03035996643634542,21,-0.009446143135944543
stock,HD,LOSS3_MOD,0.5316798270892504,-0.2696551509600982,-0.25058492305673874,0.02021284479972374,-0.2594642497014856,0.012344583406333709,-0.054469203786486994,-8.502825313887186e-05,-0.05725397463773935,0.010832011636210143,-0.06852948666274283,0.06101881567652634,0.6025641025641025,78,0.5203761755485894,26,20,4,8,2,-0.014254037694371502,18,-0.007126996108128602
stock,HD,LOSS2_SEV,0.6562505626903934,-0.14508441535895522,-0.28749706713496403,-0.016699299278501556,-0.2877446027088387,-0.01593576960101939,-0.04923748445304564,0.005146691080302482,-0.053636775634520135,0.014449210639429354,-0.07186929871795111,0.05767900362131806,0.5975609756097561,82,0.5174825174825175,29,20,5,7,2,-0.01397261525620408,18,-0.004622421025494507
stock,HD,PEAK2_MOD,0.46997205763493777,-0.33136292041441084,-0.17807433072040857,0.09272343713605391,-0.18066616924294465,0.09114266386487468,-0.05177030161459807,0.002613873918750051,-0.053061878199263696,0.015024108074685794,-0.08403290296410548,0.04551539937516369,0.5673076923076923,104,0.40848806366047746,65,35,16,11,4,-0.028929973188939778,31,-0.007253959030074892
stock,HD,PEAK3_MOD,1.075866470007576,0.27453149195822735,-0.1798464050898787,0.09095136276658378,-0.2132925898006759,0.058516243307143445,-0.053255428081392185,0.0011287474519559373,-0.05419483567532694,0.013891150598622552,-0.06852948666274283,0.06101881567652634,0.611764705882353,85,0.47480106100795755,36,25,8,9,3,-0.016044652550195604,22,0.0014071751822665936
stock,HD,HYBRID25_MOD,0.9185684128686165,0.11723343481926785,-0.18726014954154335,0.08353761831491913,-0.1925051304126274,0.07930370269519194,-0.04954578374209891,0.004838391791249209,-0.05357016841316877,0.014515817860780718,-0.0840329029641056,0.04551539937516358,0.6086956521739131,92,0.4403183023872679,50,30,11,10,3,-0.027399405383423853,27,-0.003376683142729908
stock,HD,CONFIRM_ADAPT,0.7788956486918739,-0.022439329357474724,-0.17807433072040857,0.09272343713605391,-0.18066616924294465,0.09114266386487468,-0.039154174643850605,0.015230000889497518,-0.04503671307046005,0.023049273203489443,-0.0840329029641057,0.04551539937516347,0.5784313725490197,102,0.4217506631299735,62,34,15,12,3,-0.016044652550195642,31,-0.006329133942239218
stock,HD,LOSS4_SEV,0.6983845398786146,-0.10295043817073402,-0.23511370197728332,0.03568406587917916,-0.237807059450024,0.03400177365779533,-0.06045713082376373,-0.006072955290415606,-0.06664635302249215,0.0014396332514573368,-0.09195936340041444,0.03758893893885473,0.6617647058823529,68,0.567398119122257,14,12,1,3,2,-0.032579794337897594,10,-0.0011258749107702526
stock,MCD,BASELINE,0.45714224021902217,0.0,-0.2710935683362826,0.0,-0.30445760433892866,0.0,-0.050185936180097215,0.0,-0.0595969406957097,0.0,-0.11809324505108543,0.0,0.6491228070175439,57,0.5555823486857969,0,0,0,0,0,,0,
stock,MCD,ATR2_ONLY,0.21229769190637304,-0.24484454831264912,-0.1856397108267437,0.08545385750953893,-0.1879136193613693,0.11654398497755936,-0.033709430998786205,0.01647650518131101,-0.035907981232999014,0.023688959462710685,-0.04620560040804722,0.0718876446430382,0.4567901234567901,81,0.41837472871955633,40,27,9,8,1,-0.04919744267902382,26,-0.002959760737356265
stock,MCD,ATR3_ONLY,0.14212787668131188,-0.3150143635377103,-0.285726680097542,-0.014633111761259365,-0.2885542204272915,0.015903383911637148,-0.048542165067022955,0.0016437711130742605,-0.05827073223827817,0.0013262084574315325,-0.14015116211563539,-0.02205791706454996,0.547945205479452,73,0.4740776464914396,25,18,4,8,0,,18,-0.004988768396258564
stock,MCD,LOSS2_MOD,0.12404174716246352,-0.33310049305655864,-0.239151074742874,0.031942493593408616,-0.2407774534187469,0.06368015092018176,-0.03760683557932978,0.012579100600767439,-0.04427566488497081,0.015321275810738888,-0.07011348492420455,0.04797976012688088,0.4810126582278481,79,0.44393537496985774,35,23,7,8,1,-0.04919744267902382,22,-0.005487428144308132
stock,MCD,LOSS3_MOD,0.4168712780355259,-0.04027096218349624,-0.16572778646246955,0.10536578187381307,-0.1690303574308053,0.13542724690812336,-0.03714747888632194,0.013038457293775278,-0.048623086734142854,0.010973853961566846,-0.07063223622160808,0.04746100882947735,0.5882352941176471,68,0.4960212201591512,20,16,3,7,0,,16,-0.004463691760525579
stock,MCD,LOSS2_SEV,0.17186814815338702,-0.28527409206563514,-0.2312443609051994,0.03984920743108322,-0.23288764084800573,0.07156996349092293,-0.0426970710403975,0.007488865139699714,-0.04699677139471167,0.012600169300998026,-0.07011348492420455,0.04797976012688088,0.5064935064935064,77,0.46153846153846156,32,22,6,7,1,-0.049197442679023706,21,-0.005094250742766794
stock,MCD,PEAK2_MOD,0.14106344850964492,-0.31607879170937725,-0.20864405035921774,0.06244951797706488,-0.2107944429362013,0.09366316140272735,-0.035385250377968136,0.01480068580212908,-0.04050281379852888,0.01909412689718082,-0.07011348492420455,0.04797976012688088,0.4787234042553192,94,0.37906920665541355,61,40,20,10,3,-0.012328312794002446,37,-0.006568107570539506
stock,MCD,PEAK3_MOD,0.3063349085965499,-0.15080733162247228,-0.18041070457246933,0.09068286376381329,-0.1836551513718665,0.12080245296706216,-0.04290624137019948,0.007279694809897735,-0.04909670507510132,0.01050023562060838,-0.07287185539547414,0.04522138965561129,0.56,75,0.46419098143236076,31,24,9,9,3,-0.02889430071188448,21,-0.004677700935870023
stock,MCD,HYBRID25_MOD,0.15865226885909056,-0.2984899713599316,-0.2623575287866039,0.00873603954967872,-0.2652775788265197,0.039180025512408956,-0.0362769972267786,0.013908938953318614,-0.04178893539129891,0.01780800530441079,-0.07011348492420455,0.04797976012688088,0.5,86,0.4241620448517,50,34,16,12,3,-0.013789425013262266,31,-0.005618247951060244
stock,MCD,CONFIRM_ADAPT,0.07189782429845404,-0.38524441592056813,-0.2191775847051617,0.05191598363112093,-0.22226856795779115,0.0821890363811375,-0.03822957526889626,0.011956360911200954,-0.04185089279578236,0.017746047899927342,-0.07011348492420455,0.04797976012688088,0.4574468085106383,94,0.3670122980467808,61,41,21,10,3,-0.02889430071188448,38,-0.008464651423194174
stock,MCD,LOSS4_SEV,0.17680277228135033,-0.28033946793767184,-0.26402465468908487,0.00706891364719775,-0.2668802123341214,0.03757739200480725,-0.055379064370868675,-0.005193128190771459,-0.0726290760661941,-0.013032135370484407,-0.18924428341940136,-0.07115103836831593,0.6060606060606061,66,0.5121774776947191,16,13,2,6,0,,13,-0.013669490148856168
stock,WMT,BASELINE,0.495415443574454,0.0,-0.26152507029312555,0.0,-0.266553330541497,0.0,-0.049768138701676776,0.0,-0.0639797464789093,0.0,-0.09137905368099686,0.0,0.576271186440678,59,0.5543766578249337,0,0,0,0,0,,0,
stock,WMT,ATR2_ONLY,-0.1995841934588417,-0.6949996370332957,-0.38168693324530356,-0.12016186295217801,-0.38486979548915656,-0.11831646494765957,-0.04906268987012683,0.0007054488315499444,-0.05230096885662779,0.011678777622281512,-0.08633717279914244,0.005041880881854421,0.43373493975903615,83,0.4130696889317579,44,31,7,8,2,-0.043463901576802244,29,-0.011691963692178708
stock,WMT,ATR3_ONLY,0.01024696788269619,-0.4851684756917578,-0.32932426865905384,-0.06779919836592829,-0.3330924251518287,-0.0665390946103317,-0.05854299387097295,-0.008774855169296172,-0.05759299284249915,0.006386753636410156,-0.08633717279914244,0.005041880881854421,0.5070422535211268,71,0.48324089703400047,23,20,3,8,2,-0.05619268773662556,18,-0.013093919655812235
stock,WMT,LOSS2_MOD,-0.02820744212848081,-0.5236228857029348,-0.3225653688307347,-0.06104029853760917,-0.32419357786774405,-0.05764024732624706,-0.046814598096197035,0.0029535406054797403,-0.0521701332758725,0.011809613203036806,-0.08633717279914244,0.005041880881854421,0.4567901234567901,81,0.43742464432119604,38,29,7,8,2,-0.043463901576802355,27,-0.010321064116157717
stock,WMT,LOSS3_MOD,0.21457466136670877,-0.2808407822077452,-0.2874802001333575,-0.02595512984023196,-0.2914834553349882,-0.024930124793491215,-0.059201581572733364,-0.009433442871056588,-0.061934001205463454,0.002045745273445851,-0.08633717279914244,0.005041880881854421,0.5217391304347826,69,0.4998794309139137,18,15,1,7,2,-0.05619268773662556,13,-0.002548824407017459
stock,WMT,LOSS2_SEV,0.06658705141370014,-0.42882839216075386,-0.34123410196331005,-0.0797090316701845,-0.3428174408407535,-0.0762641102992565,-0.047602615491258465,0.0021655232104183103,-0.05502583095944054,0.008953915519468766,-0.08633717279914244,0.005041880881854421,0.46835443037974683,79,0.4627441523993248,34,26,6,8,2,-0.0434639015768023,24,-0.00732836406491343
stock,WMT,PEAK2_MOD,-0.042828543121810614,-0.5382439866962646,-0.3309362764202436,-0.06941120612711804,-0.3352818666563234,-0.06872853611482643,-0.03905142936665035,0.010716709335026428,-0.04662832653775297,0.017351419941156333,-0.08633717279914244,0.005041880881854421,0.43434343434343436,99,0.3670122980467808,62,39,16,12,3,-0.02231733524397998,36,-0.007743369376620278
stock,WMT,PEAK3_MOD,-0.04270320875603062,-0.5381186523304846,-0.31831307072781934,-0.056788000434693786,-0.32197796611875373,-0.05542463557725674,-0.04100257853511483,0.008765560166561943,-0.050695738889245785,0.01328400758966352,-0.08633717279914244,0.005041880881854421,0.4523809523809524,84,0.4369423679768507,40,29,10,12,3,-0.03604076481397056,26,-0.007101239333096852
stock,WMT,HYBRID25_MOD,-0.12121427346888525,-0.6166297170433392,-0.3544761458102679,-0.09295107551714232,-0.35921192974693406,-0.09265859920543706,-0.04047259073703413,0.009295547964642645,-0.048196237889940416,0.01578350858896889,-0.08633717279914244,0.005041880881854421,0.449438202247191,89,0.38919700988666506,51,35,13,12,3,-0.023958377907956224,32,-0.008178106232987915
stock,WMT,CONFIRM_ADAPT,-0.19318479121950127,-0.6886002347939553,-0.3917259783366033,-0.13020090804347773,-0.3956767375187912,-0.1291234069772942,-0.04251047070284364,0.007257667998833137,-0.049018893598157295,0.01496085288075201,-0.08633717279914244,0.005041880881854421,0.4166666666666667,96,0.3445864480347239,62,40,17,12,3,-0.036040764813970595,37,-0.010382113422475912
stock,WMT,LOSS4_SEV,0.38738543135895753,-0.10803001221549646,-0.2890754324709587,-0.027550362177833132,-0.29391610288331216,-0.027362772341815167,-0.0660195867449631,-0.01625144804328632,-0.06869675425854387,-0.0047170077796345605,-0.1150634923502104,-0.023684438669213548,0.578125,64,0.527610320713769,9,8,0,4,0,,8,-0.006818828606616381
stock,COST,BASELINE,0.7089799612096359,0.0,-0.2871461109192588,0.0,-0.2891757708097591,0.0,-0.05855427330124791,0.0,-0.06923969657915333,0.0,-0.13063159275755643,0.0,0.6825396825396826,63,0.5459368217988908,0,0,0,0,0,,0,
stock,COST,ATR2_ONLY,0.524882863881901,-0.18409709732773494,-0.2789888144598117,0.008157296459447072,-0.2814150188721588,0.007760751937600285,-0.04388588821947594,0.01466838508177197,-0.04961780100105287,0.019621895578100457,-0.0880856050021176,0.04254598775543883,0.5542168674698795,83,0.44658789486375694,34,27,10,8,1,0.04517744521004652,26,-0.010788342218709664
stock,COST,ATR3_ONLY,0.5087674107226137,-0.20021255048702224,-0.2473359275050474,0.039810183414211386,-0.24986864395983333,0.039307126849925766,-0.04673180278136854,0.01182247051987937,-0.054521011043668716,0.01471868553548461,-0.0880856050021177,0.04254598775543872,0.5949367088607594,79,0.4487581384133108,27,22,6,5,1,0.04517744521004652,21,-0.011644509116288686
stock,COST,LOSS2_MOD,0.4937752906979933,-0.2152046705116426,-0.30110894372936137,-0.013962832810102577,-0.30346071385232176,-0.01428494304256267,-0.04390146560572095,0.01465280769552696,-0.05374269564102604,0.015497000938127288,-0.09025027008722064,0.040381322670335784,0.573170731707317,82,0.4571979744393537,32,25,8,8,1,0.04517744521004652,24,-0.011533870620778213
stock,COST,LOSS3_MOD,0.4461135628713597,-0.2628663983382762,-0.2871564062360191,-1.0295316760333684e-05,-0.2900018790929555,-0.0008261082831964028,-0.06607368664819023,-0.007519413346942318,-0.06749926391432642,0.001740432664826902,-0.09025027008722064,0.040381322670335784,0.6081081081081081,74,0.48854593682179887,21,18,4,5,1,0.04517744521004641,17,-0.014233791697812562
stock,COST,LOSS2_SEV,0.6722641646598044,-0.03671579654983148,-0.21105120143864564,0.07609490948061315,-0.22069590016704332,0.06847987064271577,-0.04391704299196586,0.014637230309282052,-0.04891855600850643,0.0203211405706469,-0.07627607902277422,0.0543555137347822,0.5802469135802469,81,0.46491439594887873,30,25,8,8,1,0.023681912073371003,24,-0.010654266278951488
stock,COST,PEAK2_MOD,0.5399374687830925,-0.16904249242654346,-0.22792001142077334,0.05922609949848545,-0.23051806248092754,0.05865770832883155,-0.04369895958453719,0.01485531371671072,-0.05026737229959767,0.018972324279555655,-0.0880856050021177,0.04254598775543872,0.5473684210526316,95,0.3879913190258018,52,36,19,9,1,0.04517744521004641,35,-0.013111130309038845
stock,COST,PEAK3_MOD,0.3490196225792006,-0.3599603386304353,-0.2688942265812073,0.01825188433805147,-0.2713543993065888,0.017821371503170313,-0.04676137512334259,0.011792898177905325,-0.05972150505546618,0.009518191523687144,-0.09025027008722064,0.040381322670335784,0.5625,80,0.4354955389438148,33,26,11,8,1,0.04517744521004652,25,-0.014336873166159867
stock,COST,HYBRID25_MOD,0.2603885153687251,-0.4485914458409108,-0.29567120959884785,-0.00852509867958906,-0.29804127771052924,-0.008865506900770148,-0.04556307141257077,0.01299120188867714,-0.05758597590567574,0.011653720673477586,-0.09025027008722064,0.040381322670335784,0.5681818181818182,88,0.40462985290571496,46,33,16,9,1,0.04517744521004641,32,-0.015052588795585787
stock,COST,CONFIRM_ADAPT,0.6776961782079223,-0.03128378300171364,-0.25123750756852736,0.03590860335073143,-0.25375709519680545,0.03541867561295364,-0.04194363982444633,0.016610633476801584,-0.04856559284264815,0.020674103736505176,-0.0880856050021177,0.04254598775543872,0.5408163265306123,98,0.3850976609597299,55,38,21,8,1,0.023681912073370892,37,-0.013487861170729646
stock,COST,LOSS4_SEV,0.6736159592263153,-0.03536400198332057,-0.23818235811544564,0.048963752803813154,-0.2436591566144959,0.045516614195263205,-0.06484490697639966,-0.006290633675151751,-0.06262767334745492,0.006612023231698405,-0.07921531184425823,0.051416280913298196,0.6338028169014085,71,0.5232698336146612,12,11,3,3,1,0.023681912073371003,10,-0.019356167344348217
stock,PG,BASELINE,-0.14856684521649,0.0,-0.2480620838510047,0.0,-0.25231092576725733,0.0,-0.05640809129197129,0.0,-0.06167743175217975,0.0,-0.07757328808069042,0.0,0.6037735849056604,53,0.6146612008680974,0,0,0,0,0,,0,
stock,PG,ATR2_ONLY,-0.24781811036280288,-0.09925126514631288,-0.2805432704178896,-0.03248118656688492,-0.2848274087229564,-0.03251648295569909,-0.035209658452479364,0.021198432839491924,-0.03827360530323652,0.023403826448943225,-0.06606154930347319,0.011511738777217229,0.4074074074074074,81,0.438148058837714,45,31,11,13,5,-0.027354282096851045,26,-0.001382913576603191
stock,PG,ATR3_ONLY,-0.17115243540680292,-0.02258559019031292,-0.25922714385452494,-0.011165060003520244,-0.2634128973509474,-0.011101971583690085,-0.04338361709765049,0.013024474194320797,-0.045899306079658586,0.01577812567252116,-0.06606154930347319,0.011511738777217229,0.4722222222222222,72,0.4911984567156981,30,24,7,13,2,0.0012602405551662144,22,-0.0014684799242295438
stock,PG,LOSS2_MOD,-0.18437497374970535,-0.035808128533215355,-0.26105259708730977,-0.012990513236305068,-0.26545279621545836,-0.013141870448201032,-0.038728396816326026,0.017679694475645262,-0.04055751132513681,0.021119920427042936,-0.059554543860837916,0.0180187442198525,0.44155844155844154,77,0.4750421991801302,39,28,10,12,3,-0.0020770483786347973,25,-0.0022741832851061526
stock,PG,LOSS3_MOD,-0.1501504946885852,-0.0015836494720952166,-0.28983192186196927,-0.041769838010964566,-0.2938447423796936,-0.04153381661243627,-0.046149175424372954,0.010258915867598334,-0.05190393162676913,0.009773500125410617,-0.07214244877843479,0.00543083930225563,0.4927536231884058,69,0.5104895104895105,26,21,5,11,2,-0.022724293689077857,19,0.0041044563837265265
stock,PG,LOSS2_SEV,-0.30793819791206134,-0.15937135269557134,-0.3380477147102702,-0.08998563085926548,-0.34198943215474165,-0.08967850638748431,-0.04985945614379875,0.006548635148172541,-0.05160139217185229,0.010076039580327455,-0.07193854437984104,0.005634743700849376,0.4342105263157895,76,0.4998794309139137,37,27,10,11,2,-0.012813111233098362,25,-0.005155644416810414
stock,PG,PEAK2_MOD,-0.16904039294424056,-0.020473547727750563,-0.21417258005415662,0.033889503796848075,-0.218636813074645,0.033674112692612335,-0.031621445856159294,0.024786645435811994,-0.03604310280314514,0.025634328949034606,-0.05955454386083803,0.01801874421985239,0.45,100,0.35833132384856525,69,36,16,16,4,-0.016378567853280485,32,0.0049074210834552275
stock,PG,PEAK3_MOD,-0.20911399290751598,-0.06054714769102598,-0.2681281450152764,-0.020066061164271676,-0.2724862114832368,-0.020175285715979485,-0.04094530933352465,0.015462781958446636,-0.04416179692779443,0.01751563482438532,-0.0662672238756038,0.011306064205086619,0.4880952380952381,84,0.4362189534603328,48,33,14,13,4,-0.015099283767213617,29,-0.001805156436705895
stock,PG,HYBRID25_MOD,-0.17184301477066732,-0.02327616955417733,-0.23627784916620376,0.011784234684800943,-0.24082557411793992,0.01148535164931741,-0.032113449381949245,0.024294641910022043,-0.03549572039390435,0.0261817113582754,-0.05955454386083803,0.01801874421985239,0.45652173913043476,92,0.38437424644321194,59,35,15,14,4,-0.023287303209266946,31,0.0010895939636879823
stock,PG,CONFIRM_ADAPT,-0.1712428681666992,-0.022676022950209207,-0.2537105334216372,-0.0056484495706324855,-0.25627472040990606,-0.0039637946426487325,-0.03328714976276858,0.02312094152920271,-0.03752616340676677,0.02415126834541298,-0.05955454386083803,0.01801874421985239,0.4387755102040816,98,0.3612249819146371,68,36,17,14,3,-0.01552791752111097,33,0.004043013782850035
stock,PG,LOSS4_SEV,-0.2794386837192927,-0.1308718385028027,-0.3699479332326987,-0.121885849381694,-0.37350805644661056,-0.12119713067935323,-0.06455167802766519,-0.008143586735693903,-0.06341967540613279,-0.001742243653953042,-0.07214244877843468,0.005430839302255741,0.49230769230769234,65,0.5239932481311792,21,19,4,8,1,-0.03163520487263405,18,-0.005847778083758464
stock,KO,BASELINE,0.22700427975622417,0.0,-0.20659744883230813,0.0,-0.22039017933376936,0.0,-0.044176654555843006,0.0,-0.057006216379888563,0.0,-0.10828228041057719,0.0,0.5925925925925926,54,0.5789727513865445,0,0,0,0,0,,0,
stock,KO,ATR2_ONLY,0.14544233410225038,-0.08156194565397379,-0.17272045073933662,0.03387699809297151,-0.17747574909720554,0.04291443023656383,-0.03152266765233621,0.012653986903506796,-0.03521098335666063,0.02179523302322793,-0.05984148442706194,0.04844079598351525,0.44594594594594594,74,0.4415239932481312,36,25,7,11,1,-0.04819448286536632,24,-0.0032371733441485667
stock,KO,ATR3_ONLY,0.19932145150701142,-0.027682828249212754,-0.17538798504379705,0.031209463788511083,-0.18414151669800727,0.0362486626357621,-0.04165439301544479,0.002522261540398217,-0.04956189210762972,0.007444324272258843,-0.09944510817034147,0.008837172240235724,0.5373134328358209,67,0.5061490233904027,22,21,5,5,0,,21,-0.009294798926791843
stock,KO,LOSS2_MOD,0.11389081582908167,-0.1131134639271425,-0.22463629327822188,-0.01803884444591375,-0.22805029628533124,-0.0076601169515618794,-0.033123327516137446,0.01105332703970556,-0.04711867745450696,0.009887538925381606,-0.14232175866926366,-0.03403947825868647,0.4788732394366197,71,0.4702194357366771,30,23,7,9,1,-0.04652781487002211,22,-0.007727232616578256
stock,KO,LOSS3_MOD,0.10349999357905038,-0.1235042861771738,-0.23584090143239633,-0.029243452600088204,-0.23886235877843498,-0.018472179444665615,-0.042490353638589606,0.0016863009172534,-0.05655265516971448,0.00045356121017408463,-0.14232175866926378,-0.034039478258686584,0.5303030303030303,66,0.512900892211237,21,21,5,4,0,,21,-0.013197948466623678
stock,KO,LOSS2_SEV,0.17388505847142555,-0.05311922128479862,-0.19164268192816936,0.014954766904138772,-0.19483889743026894,0.025551281903500422,-0.03563397953725964,0.008542675018583364,-0.05297270261496761,0.004033513764920955,-0.14232175866926378,-0.034039478258686584,0.5072463768115942,69,0.48975162768266217,25,22,6,9,1,-0.0459722588715743,21,-0.008058280205610216
stock,KO,PEAK2_MOD,-0.0659118080425658,-0.29291608779878997,-0.25184050313885564,-0.045243054306547514,-0.2551347233221558,-0.034744543988386445,-0.03650459375475323,0.007672060801089779,-0.04548722986782647,0.011518986512062096,-0.1423217586692639,-0.034039478258686695,0.45098039215686275,102,0.39016156257535567,66,40,20,10,1,-0.04652781487002233,39,-0.00607826664435237
stock,KO,PEAK3_MOD,0.004552176282375253,-0.22245210347384892,-0.2645269097719337,-0.05792946093962559,-0.26512459791431353,-0.044734418580544166,-0.04360546593564435,0.0005711886201986566,-0.05460327254633131,0.0024029438335572556,-0.14232175866926366,-0.03403947825868647,0.5131578947368421,76,0.4719074029418857,38,32,14,8,1,-0.0459722588715743,31,-0.009810337578069372
stock,KO,HYBRID25_MOD,-0.02750443889494525,-0.2545087186511694,-0.25591599601153947,-0.04931854717923134,-0.25919227139706,-0.03880209206329066,-0.03815412698692597,0.006022527568917038,-0.05014001623727666,0.006866200142611904,-0.14232175866926378,-0.034039478258686584,0.4888888888888889,90,0.42657342657342656,53,37,18,9,1,-0.04652781487002222,36,-0.009103435275840205
stock,KO,CONFIRM_ADAPT,-0.09331027508278789,-0.32031455483901206,-0.265092882881081,-0.05849543404877289,-0.2683287515270327,-0.04793857219326336,-0.028847466144302447,0.015329188411540559,-0.041509536504915866,0.015496679874972698,-0.14232175866926366,-0.03403947825868647,0.43564356435643564,101,0.3822040028936581,68,40,20,11,1,-0.0459722588715743,39,-0.004854560042985374
stock,KO,LOSS4_SEV,0.09118161318356788,-0.1358226665726563,-0.25289429104532024,-0.04629684221301211,-0.2535014325291891,-0.03311125319541974,-0.03928275954758387,0.004893895008259139,-0.06150844110787682,-0.004502224727988259,-0.17712494317093352,-0.06884266276035633,0.5573770491803278,61,0.5367735712563299,14,14,2,4,0,,14,-0.014028726831414777
stock,PEP,BASELINE,0.15220210673732915,0.0,-0.18672106982104864,0.0,-0.1887854102127502,0.0,-0.04721588758145529,0.0,-0.04710897134291403,0.0,-0.07696331033883053,0.0,0.6166666666666667,60,0.5247166626476971,0,0,0,0,0,,0,
stock,PEP,ATR2_ONLY,0.36840812366941655,0.2162060169320874,-0.11446093412629199,0.07226013569475664,-0.11566218583992982,0.07312322437282037,-0.029418775378316497,0.017797112203138794,-0.03141850365062355,0.01569046769229048,-0.050170050274345845,0.02679326006448468,0.48148148148148145,81,0.3867856281649385,36,30,11,10,1,-0.020215251256958222,29,-0.0065964589381622895
stock,PEP,ATR3_ONLY,0.23580225986744008,0.08360015313011093,-0.14812636974157345,0.038594700079475186,-0.15928140423307335,0.02950400597967684,-0.03560563823454027,0.01161024934691502,-0.03996550698318513,0.007143464359728902,-0.0586616091954022,0.01830170114342833,0.5428571428571428,70,0.43260188087774293,22,20,6,5,1,-0.026435330741644503,19,-0.008612410155214715
stock,PEP,LOSS2_MOD,0.058426360427380475,-0.09377574630994867,-0.17549921369968235,0.01122185612136628,-0.1769365996808674,0.011848810531882803,-0.03744597351528857,0.009769914066166722,-0.04885708639403283,-0.0017481150511187982,-0.11705357415545792,-0.04009026381662739,0.5,80,0.4041475765613697,33,28,10,6,1,-0.012157421015433045,27,-0.013547301347939578
stock,PEP,LOSS3_MOD,0.10421167640755336,-0.04799043032977579,-0.17266303541948524,0.01405803440156339,-0.1740649953964305,0.014720414816319694,-0.04296372133744856,0.004252166244006733,-0.047006801368306164,0.00010216997460786581,-0.0586616091954022,0.01830170114342833,0.5428571428571428,70,0.4408005787316132,21,19,6,4,1,-0.026435330741644503,18,-0.013890143545737655
stock,PEP,LOSS2_SEV,0.06526814773141743,-0.08693395900591172,-0.1619695906207681,0.024751479200280535,-0.16343056334785722,0.025354846864892977,-0.04171978642798657,0.00549610115346872,-0.05089950278917105,-0.003790531446257017,-0.11705357415545803,-0.0400902638166275,0.5189873417721519,79,0.4231974921630094,31,27,9,5,1,-0.020215251256958333,26,-0.014613131333557598
stock,PEP,PEAK2_MOD,0.4418741990416135,0.28967209230428437,-0.15333332445707604,0.0333877453639726,-0.1548093531405934,0.033976057072156784,-0.033819509939231496,0.013396377642223796,-0.035434813999444,0.011674157343470028,-0.06128693026548426,0.015676380073346263,0.5454545454545454,99,0.35929587653725586,57,37,19,9,2,0.007187789714099391,35,-0.006095960576568262
stock,PEP,PEAK3_MOD,0.2528168209303876,0.10061471419305845,-0.1515390755476279,0.035181994273420725,-0.16264942166091823,0.026135988551831968,-0.03779679753918287,0.00941909004227242,-0.04638261274983795,0.0007263585930760777,-0.11705357415545792,-0.04009026381662739,0.5714285714285714,84,0.40583554376657827,36,27,12,6,2,-0.004314125595321183,25,-0.008585361715077395
stock,PEP,HYBRID25_MOD,0.22936641597683094,0.0771643092395018,-0.15836043943973288,0.028360630381315755,-0.169381461800306,0.019403948412444194,-0.03822628348169855,0.008989604099756743,-0.04764143889080377,-0.0005324675478897423,-0.11705357415545792,-0.04009026381662739,0.5555555555555556,90,0.3660477453580902,47,33,15,7,2,-0.004314125595321072,31,-0.00804180178036942
stock,PEP,CONFIRM_ADAPT,0.4514608313734789,0.2992587246361498,-0.147398452487723,0.03932261733332565,-0.14888482767655697,0.03990058253619322,-0.033460803177941666,0.013755084403513626,-0.03476416541896028,0.012344805923953747,-0.061286930265484374,0.015676380073346152,0.5555555555555556,99,0.35712563298770195,56,37,19,9,2,-0.004314125595321294,35,-0.006166936988409751
stock,PEP,LOSS4_SEV,0.08667941539485247,-0.06552269134247668,-0.20612803178601924,-0.019406961964970604,-0.20814311161780974,-0.019357701405059546,-0.04948368478403755,-0.0022677972025822585,-0.05366227147187922,-0.006553300128965191,-0.07696331033883064,-1.1102230246251565e-16,0.5846153846153846,65,0.4899927658548348,13,11,1,2,0,,11,-0.014585613467943515
stock,ABT,BASELINE,-0.022089743018503416,0.0,-0.24420423166881533,0.0,-0.2453710492248532,0.0,-0.06385245701475929,0.0,-0.07403166819778431,0.0,-0.12417157131847445,0.0,0.6451612903225806,62,0.5341210513624307,0,0,0,0,0,,0,
stock,ABT,ATR2_ONLY,-0.06567900431887286,-0.04358926130036944,-0.24705774480414067,-0.0028535131353253362,-0.2533585677066834,-0.007987518481830214,-0.038696607368531345,0.025155849646227947,-0.041631087801838405,0.032400580395945906,-0.060269230957857634,0.06390234036061682,0.5057471264367817,87,0.38292741741017605,42,31,10,11,2,-0.026162905427776995,29,-0.0020034778814852303
stock,ABT,ATR3_ONLY,0.047776479138053496,0.06986622215655691,-0.2998934696661113,-0.05568923799729597,-0.30119574756981893,-0.05582469834496573,-0.04325705757482247,0.020595399439936823,-0.050942620165910904,0.023089048031873408,-0.07109229586190857,0.05307927545656588,0.6025641025641025,78,0.4379069206655414,28,21,2,8,1,-0.011761003709199969,20,0.003805190540988562
stock,ABT,LOSS2_MOD,-0.13601531719612392,-0.1139255741776205,-0.33180640137544437,-0.08760216970662904,-0.33739802477085445,-0.09202697554600126,-0.042329134150199205,0.021523322864560088,-0.04769411468658903,0.02633755351119528,-0.06803223388305846,0.05613933743541599,0.5232558139534884,86,0.4005305039787798,40,30,9,11,2,-0.020679339516128825,28,-0.0060176745342106885
stock,ABT,LOSS3_MOD,-0.010322712742539819,0.011767030275963597,-0.31725166604934396,-0.07304743438052863,-0.31852165573030444,-0.07315060650545124,-0.06093093329659327,0.002921523718166022,-0.05903736192951754,0.014994306268266769,-0.07412281418824529,0.05004875713022916,0.6103896103896104,77,0.44489992765854836,25,19,2,7,1,-0.014791522035536686,18,-0.0011144454820404825
stock,ABT,LOSS2_SEV,-0.21432862461876045,-0.19223888160025704,-0.3588677576263192,-0.11466352595750384,-0.3642329243285862,-0.11886187510373303,-0.05286109000486909,0.010991367009890202,-0.05679167966128083,0.01723998853650348,-0.07462978973962608,0.049541781578848365,0.5301204819277109,83,0.4140342416204485,37,29,9,10,2,-0.03308969704297071,27,-0.007389455804232098
stock,ABT,PEAK2_MOD,-0.0802278757047028,-0.058138132686199384,-0.2875685305544202,-0.04336429888560489,-0.2935303483275604,-0.04815929910270722,-0.042843894154997786,0.021008562859761507,-0.049137626214213984,0.024894041983570328,-0.07462978973962608,0.049541781578848365,0.46938775510204084,98,0.34627441523993246,59,41,20,13,3,-0.0047750311224029245,38,-0.0027769942773538305
stock,ABT,PEAK3_MOD,0.13727073826393643,0.15936048128243985,-0.21532840547066034,0.028875826198154986,-0.22176025167735913,0.023610797547494067,-0.04174077948449244,0.022111677530266854,-0.04806530735676499,0.025966360841019324,-0.07462978973962608,0.049541781578848365,0.5647058823529412,85,0.4005305039787798,38,29,9,13,1,0.031675322826249186,28,0.0008278286388361136
stock,ABT,HYBRID25_MOD,0.05781379189984737,0.07990353491835078,-0.20448984148933502,0.03971439017948031,-0.2111468840332491,0.034224165191604095,-0.042100345692477316,0.021752111322281976,-0.048074638466526966,0.025957029731257346,-0.07462978973962608,0.049541781578848365,0.5053763440860215,93,0.370388232457198,50,37,16,14,3,-0.01819524771906944,34,-0.002324839419277345
stock,ABT,CONFIRM_ADAPT,0.13807074089812388,0.1601604839166273,-0.26093835081275674,-0.016734119143941406,-0.267123017078271,-0.02175196785341782,-0.03822507045696301,0.025627386557796283,-0.040805576243752195,0.033226091954032116,-0.06803223388305846,0.05613933743541599,0.47474747474747475,99,0.34362189534603327,57,39,18,13,1,0.031675322826249075,38,-0.0022613378318302488
stock,ABT,LOSS4_SEV,-0.07582695164425424,-0.05373720862575082,-0.31507232855255807,-0.07086809688374274,-0.3163463720495364,-0.07097532282468322,-0.06447443687428689,-0.0006219798595275966,-0.06466298718825869,0.00936868100952562,-0.07412281418824507,0.05004875713022938,0.6351351351351351,74,0.47745358090185674,19,16,2,5,1,-0.014791522035536464,15,-0.006008372330437332
stock,LLY,BASELINE,2.0219853329489252,0.0,-0.20673459968205787,0.0,-0.20775526591516724,0.0,-0.05030504982164764,0.0,-0.0638833534724869,0.0,-0.10062850958021108,0.0,0.6031746031746031,63,0.5606462503014227,0,0,0,0,0,,0,
stock,LLY,ATR2_ONLY,1.3325689525132982,-0.689416380435627,-0.1919749504075472,0.014759649274510678,-0.20281125967487312,0.004944006240294119,-0.050232289164109684,7.276065753795968e-05,-0.059916102678007496,0.003967250794479404,-0.08567194045647109,0.014956569123739993,0.5125,80,0.4446587894863757,34,31,10,10,4,-0.019975037397041345,27,-0.023510542788161067
stock,LLY,ATR3_ONLY,0.8313893452456977,-1.1905959877032275,-0.20219585140426055,0.004538748277797322,-0.2162482058485493,-0.008492939933382071,-0.06398364061426487,-0.013678590792617226,-0.07273770246517035,-0.008854348992683447,-0.11966282683777285,-0.019034317257561773,0.5352112676056338,71,0.4608150470219436,24,21,5,5,4,-0.0423011165855611,17,-0.02285320855648952
stock,LLY,LOSS2_MOD,1.1917978158571318,-0.8301875170917934,-0.20408652417025497,0.0026480755118029053,-0.20984412685388765,-0.002088860938720405,-0.061834352268151684,-0.01152930244650404,-0.06426341091040505,-0.0003800574379181493,-0.08567194045647109,0.014956569123739993,0.5189873417721519,79,0.46394984326018807,32,30,9,8,4,-0.024856420857395978,26,-0.024295289480114994
stock,LLY,LOSS3_MOD,1.3230088402040607,-0.6989764927448645,-0.20219585140426066,0.004538748277797211,-0.2162482058485493,-0.008492939933382071,-0.06031791518424212,-0.010012865362594478,-0.07155659828198847,-0.007673244809501573,-0.11966282683777285,-0.019034317257561773,0.5714285714285714,70,0.48299975886182783,19,18,3,4,3,-0.028527731933023937,15,-0.018443765400919816
stock,LLY,LOSS2_SEV,1.3217192968516285,-0.7002660360972968,-0.21458213508821067,-0.007847535406152795,-0.22026381298928532,-0.012508547074118082,-0.050184580836719776,0.000120468984927867,-0.05639996614711748,0.00748338732536942,-0.08567194045647109,0.014956569123739993,0.5256410256410257,78,0.49505666747046057,28,26,7,8,4,-0.02363584526325488,22,-0.020777622469447962
stock,LLY,PEAK2_MOD,1.1056068652804583,-0.916378467668467,-0.20941327940579002,-0.002678679723732147,-0.21132161966309315,-0.00356635374792591,-0.04397795735764593,0.0063270924640017115,-0.04934915020550705,0.01453420326697985,-0.08149532655547209,0.019133183024738987,0.4742268041237113,97,0.3677357125632988,61,39,17,12,6,-0.012529729027080105,33,-0.011580093127561744
stock,LLY,PEAK3_MOD,2.24374891650177,0.22176358355284487,-0.15745568122854303,0.04927891845351484,-0.16862465626245715,0.03913060965271009,-0.04262978154405004,0.007675268277597604,-0.04943561546738146,0.014447738005105439,-0.08149532655547209,0.019133183024738987,0.5647058823529412,85,0.4634675669158428,34,28,11,11,5,-0.03534351796951789,23,-0.005816859937506117
stock,LLY,HYBRID25_MOD,1.2401153999866592,-0.781869932962266,-0.19926590579291192,0.00746869388914595,-0.2024749043658549,0.005280361549312329,-0.047039566489153736,0.003265483332493907,-0.05030443928945141,0.013578914183035494,-0.08149532655547209,0.019133183024738987,0.5108695652173914,92,0.40848806366047746,49,35,13,11,5,-0.0225018507301473,30,-0.014318814200399873
stock,LLY,CONFIRM_ADAPT,1.1884258408098765,-0.8335594921390488,-0.18801128751023666,0.018723312171821216,-0.19877520990050568,0.008980056014661564,-0.05018266822554735,0.00012238159610029192,-0.05191112243402507,0.01197223103846183,-0.08149532655547209,0.019133183024738987,0.4948453608247423,97,0.38389197009886666,60,39,17,12,5,-0.035343517969517846,34,-0.012520534390355824
stock,LLY,LOSS4_SEV,1.7932392231163998,-0.2287461098325254,-0.20219585140426066,0.004538748277797211,-0.21624820584854942,-0.008492939933382182,-0.06781648734837165,-0.017511437526724002,-0.07813392551104792,-0.014250572038561019,-0.11966282683777285,-0.019034317257561773,0.6060606060606061,66,0.5225464190981433,10,10,1,2,2,-0.004503959463721452,8,-0.024507304046952352
stock,UNH,BASELINE,1.89842655932463,0.0,-0.2700387449778493,0.0,-0.29226400553177356,0.0,-0.04659763314726373,0.0,-0.0659657701474286,0.0,-0.172574899668972,0.0,0.6842105263157895,76,0.534603327706776,0,0,0,0,0,,0,
stock,UNH,ATR2_ONLY,0.8656219735629125,-1.0328045857617174,-0.2270719962327773,0.042966748745072,-0.23386982791932232,0.05839417761245125,-0.04467341998185467,0.0019242131654090555,-0.05320129340999623,0.012764476737432376,-0.0792144640495408,0.09336043561943119,0.5670103092783505,97,0.4104171690378587,40,34,11,10,1,0.006226947426478446,33,-0.021249038231040667
stock,UNH,ATR3_ONLY,1.4420995339422364,-0.45632702538239345,-0.24893761166968542,0.021101133308163877,-0.2687687770362339,0.023495228495539644,-0.04699925055788268,-0.0004016174106189485,-0.052068198177541,0.013897571969887605,-0.07312187620467048,0.09945302346430152,0.6395348837209303,86,0.4699782975645045,22,22,5,6,1,-0.01713428017351215,21,-0.02012071623748007
stock,UNH,LOSS2_MOD,1.0207791890876514,-0.8776473702369785,-0.25090830951773835,0.01913043546011095,-0.25696751359436765,0.035296491937405916,-0.05598394519510056,-0.009386312047836833,-0.06156781281688682,0.004397957330541782,-0.09537361390903598,0.07720128575993601,0.5789473684210527,95,0.45285748734024595,35,31,9,7,1,-0.025843866770024593,30,-0.01673659112010073
stock,UNH,LOSS3_MOD,1.7459287520331621,-0.15249780729146778,-0.22976216942335737,0.040276575554491933,-0.25009964607918356,0.042164359452590006,-0.04754959523965584,-0.0009519620923921085,-0.04915763931373037,0.016808130833698233,-0.059338320671317946,0.11323657899765405,0.6428571428571429,84,0.4798649626235833,18,18,4,5,1,-0.017134280173512373,17,-0.014174023853814655
stock,UNH,LOSS2_SEV,1.26323928849071,-0.6351872708339199,-0.25741266460399126,0.01262608037385804,-0.2634192566768362,0.028844748854937374,-0.04768086606379291,-0.0010832329165291824,-0.06224539820173715,0.003720371945691456,-0.14936682210052665,0.02320807756844534,0.6129032258064516,93,0.4719074029418857,28,26,8,6,1,-0.025843866770024482,25,-0.01937010052500268
stock,UNH,PEAK2_MOD,1.2417349099210724,-0.6566916494035575,-0.2755075120947893,-0.005468767116939999,-0.3132621112500169,-0.020998105718243343,-0.03998093942303964,0.00661669372422409,-0.04633042384880178,0.019635346298626823,-0.09537361390903587,0.07720128575993612,0.6086956521739131,115,0.39305522064142756,58,42,21,11,1,0.0077735095324010794,41,-0.020724220773472316
stock,UNH,PEAK3_MOD,1.4931664238268243,-0.4052601354978056,-0.2050763500289544,0.06496239494889489,-0.23224142517765034,0.06002258035412322,-0.04700991159743462,-0.0004122784501708887,-0.0477214420791258,0.018244328068302805,-0.059338320671317946,0.11323657899765405,0.6153846153846154,91,0.4434530986255124,33,30,13,4,1,-0.025843866770024482,29,-0.019351263337375253
stock,UNH,HYBRID25_MOD,1.3082360597755534,-0.5901904995490765,-0.23144865713972496,0.03859008783812434,-0.23766526518507636,0.054598740346697205,-0.04583860697902744,0.0007590261682362889,-0.05165774377776833,0.014308026369660276,-0.07921446404954091,0.09336043561943108,0.6019417475728155,103,0.41765131420303836,45,37,17,7,1,-0.025843866770024593,36,-0.02125542539905559
stock,UNH,CONFIRM_ADAPT,0.7751389874388104,-1.1232875718858195,-0.3145822201689811,-0.044543475191131776,-0.3201263828643015,-0.027862377332527943,-0.05096523575591274,-0.004367602608649011,-0.055654310547422224,0.01031145960000638,-0.09537361390903587,0.07720128575993612,0.5739130434782609,115,0.3824451410658307,61,44,21,11,1,-0.025843866770024593,43,-0.020039245564776355
stock,UNH,LOSS4_SEV,1.6877442607893105,-0.2106822985353194,-0.2495643873329868,0.020474357644862495,-0.25589281001538855,0.03637119551638501,-0.05525012373023025,-0.008652490582966521,-0.07061000628442655,-0.004644236136997951,-0.14936682210052665,0.02320807756844534,0.6710526315789473,76,0.5131420303834097,5,5,1,1,0,,5,-0.026117174044929126
stock,JNJ,BASELINE,0.6859991511314547,0.0,-0.2545911254592065,0.0,-0.290635848089836,0.0,-0.04527611843049188,0.0,-0.053082009455201064,0.0,-0.07242437402850288,0.0,0.6461538461538462,65,0.5864480347238968,0,0,0,0,0,,0,
stock,JNJ,ATR2_ONLY,0.9088520199627146,0.22285286883125988,-0.1701121823296623,0.08447894312954418,-0.1784581498884784,0.11217769820135759,-0.02745065783746135,0.017825460593030532,-0.03292927452082971,0.020152734934371357,-0.048830097368644965,0.023594276659857916,0.532608695652174,92,0.4608150470219436,41,33,12,13,3,0.0041481489112461896,30,-0.004961334839715784
stock,JNJ,ATR3_ONLY,0.73685587231401,0.05085672118255524,-0.20162306053893364,0.05296806492027284,-0.20965213132967497,0.08098371676016103,-0.032095573775143264,0.013180544655348618,-0.043844391266120525,0.009237618189080539,-0.08073129359566422,-0.008306919567161342,0.5975609756097561,82,0.5015673981191222,28,26,7,7,3,-0.01491001596075503,23,-0.008878418529360863
stock,JNJ,LOSS2_MOD,0.800911589316887,0.11491243818543229,-0.17072364471989732,0.08386748073930916,-0.1790634629592952,0.1115723851305408,-0.030316661358033074,0.014959457072458809,-0.03492834970827236,0.018153659746928702,-0.048830097368644965,0.023594276659857916,0.5681818181818182,88,0.479382686279238,36,29,8,12,3,0.006416327087394739,26,-0.004515019476755384
stock,JNJ,LOSS3_MOD,0.7166635718396377,0.030664420708182982,-0.1911093789607471,0.06348174649845939,-0.19350579849437655,0.09713004959545946,-0.041906002494442374,0.0033701159360495087,-0.0458131351986852,0.007268874256515866,-0.08073129359566422,-0.008306919567161342,0.6075949367088608,79,0.5208584518929347,23,21,5,6,2,-0.012464254252128881,19,-0.009539904427977497
stock,JNJ,LOSS2_SEV,0.74867387931947,0.06267472818801534,-0.17072364471989732,0.08386748073930916,-0.1790634629592951,0.11157238513054091,-0.03719618133839542,0.008079937092096465,-0.037872614541908725,0.015209394913292339,-0.048830097368644965,0.023594276659857916,0.5581395348837209,86,0.4972269110200145,33,28,8,11,3,0.006416327087394739,25,-0.005376384896342765
stock,JNJ,PEAK2_MOD,0.6192822684142896,-0.06671688271716514,-0.1578441494747299,0.09674697598447657,-0.1611774065240369,0.1294584415657991,-0.036084991093855115,0.009191127336636767,-0.03923338940714623,0.013848620048054837,-0.05619253526797485,0.016231838760528028,0.5370370370370371,108,0.4104171690378587,60,36,15,17,3,0.010988231151493869,33,-0.004176060120134081
stock,JNJ,PEAK3_MOD,0.8342152326350363,0.14821608150358156,-0.17379312881501552,0.08079799664419096,-0.17624084947517438,0.11439499861466162,-0.03946651245657451,0.005809605973917373,-0.0443818838785605,0.008700125576640565,-0.08073129359566411,-0.00830691956716123,0.6263736263736264,91,0.48324089703400047,38,28,9,12,2,-0.007423106019648573,26,-0.0048047222827321285
stock,JNJ,HYBRID25_MOD,0.7575796148484772,0.07158046371702254,-0.15828572688797315,0.09630539857123332,-0.16161723617167978,0.12901861191815622,-0.02757761722695364,0.017698501203538244,-0.03391932085861235,0.019162688596588713,-0.05619253526797485,0.016231838760528028,0.5480769230769231,104,0.43019049915601637,53,33,12,15,3,0.006296946518439743,30,-0.0034367729666860782
stock,JNJ,CONFIRM_ADAPT,0.5335831781527534,-0.15241597297870135,-0.17075220151196724,0.08383892394723924,-0.1715958005825895,0.1190400475072465,-0.02626081273237274,0.019015305698119142,-0.033475065954711315,0.01960694350048975,-0.08073129359566422,-0.008306919567161342,0.5135135135135135,111,0.39884253677357123,65,37,16,15,2,-0.00742310601964874,35,-0.003280885787974405
stock,JNJ,LOSS4_SEV,0.655463676142459,-0.03053547498899567,-0.2055601245097658,0.049031000949440684,-0.20791373226142074,0.08272211582841527,-0.04079188555794285,0.004484232872549031,-0.04692437257309258,0.0061576368821084845,-0.08073129359566422,-0.008306919567161342,0.6111111111111112,72,0.5437665782493368,15,14,2,6,1,-0.008565440624388354,13,-0.003167346296201096
stock,TMO,BASELINE,1.1725185912728366,0.0,-0.2728188874221791,0.0,-0.2744823269187444,0.0,-0.06642301943905395,0.0,-0.07312605873228557,0.0,-0.1499266160935563,0.0,0.7222222222222222,72,0.5039787798408488,0,0,0,0,0,,0,
stock,TMO,ATR2_ONLY,0.63396054233294,-0.5385580489398967,-0.22322573224143383,0.04959315518074525,-0.22506747189100884,0.04941485502773557,-0.043955100733392025,0.02246791870566192,-0.04594133039927004,0.02718472833301553,-0.05743762571584854,0.09248899037770775,0.5543478260869565,92,0.38340969375452133,39,31,13,9,2,0.08953766659248791,29,-0.018947486974355505
stock,TMO,ATR3_ONLY,0.9825349203826037,-0.18998367089023294,-0.2148151167566963,0.05800377066548279,-0.2166767980606984,0.05780552885804602,-0.05100531157120021,0.015417707867853736,-0.052379230405524696,0.020746828326760877,-0.07220235822572696,0.07772425786782933,0.6219512195121951,82,0.4227152158186641,22,18,4,6,2,0.05139373449971679,16,-0.010388453037798263
stock,TMO,LOSS2_MOD,0.6615163462314784,-0.5110022450413583,-0.18098337813475618,0.0918355092874229,-0.1828568929628911,0.09162543395585332,-0.0421406993784853,0.024282320060568643,-0.044377927398532045,0.028748131333753528,-0.05999753633765659,0.0899290797558997,0.5604395604395604,91,0.40631782011092354,36,29,13,7,2,0.06519424901366572,27,-0.019826324266793167
stock,TMO,LOSS3_MOD,0.9947709520684977,-0.1777476392043389,-0.21591299998178481,0.056905887440394265,-0.21777207819355016,0.05671024872519426,-0.0511981208948622,0.015224898544191748,-0.059206186713828095,0.013919872018457478,-0.09842262037298177,0.051503995720574514,0.6419753086419753,81,0.4470701712081022,20,17,3,5,2,0.04141422907179598,15,-0.01088576662219487
stock,TMO,LOSS2_SEV,0.9619772971307263,-0.2105412941421103,-0.1495311510103472,0.12328773641183188,-0.15566098078228796,0.11882134613645645,-0.0479212946860436,0.018501724753010346,-0.0544265740078603,0.018699484724425272,-0.09842262037298188,0.0515039957205744,0.6136363636363636,88,0.4287436701229805,30,27,11,6,2,0.06519424901366566,25,-0.019565932993979157
stock,TMO,PEAK2_MOD,0.7924867116362424,-0.38003187963659424,-0.1858288965776731,0.08698999084450598,-0.18877673524099692,0.0857055916777475,-0.04163943133371428,0.024783588105339663,-0.046169361489330506,0.026956697242955067,-0.09842262037298177,0.051503995720574514,0.5412844036697247,109,0.34820352061731374,58,37,21,9,3,0.04004558407991987,34,-0.014179865287088377
stock,TMO,PEAK3_MOD,0.8941935185221257,-0.27832507275071094,-0.18858454027578275,0.08423434714639633,-0.1904406673127519,0.08404165960599252,-0.04808996235162866,0.01833305708742529,-0.052861357099106644,0.02026470163317893,-0.09842262037298166,0.051503995720574625,0.5934065934065934,91,0.40728237279961416,34,25,11,5,2,0.06519424901366566,23,-0.01462108642615477
stock,TMO,HYBRID25_MOD,0.7819010787599179,-0.39061751251291876,-0.1978852894953581,0.07493359792682097,-0.19972014090603285,0.07476218601271156,-0.040346365734498554,0.02607665370455539,-0.0416596094535165,0.03146644927876907,-0.059997536337656476,0.08992907975589981,0.5490196078431373,102,0.37183506149023393,49,33,17,7,2,0.07866537503802573,31,-0.01524839625331101
stock,TMO,CONFIRM_ADAPT,0.7222662320934432,-0.45025235917939344,-0.1951998542251001,0.07761903319707897,-0.19704084861586169,0.07744147830288273,-0.0396918912430567,0.026731128195997246,-0.04123281148895858,0.03189324724332699,-0.059997536337656365,0.08992907975589992,0.5181818181818182,110,0.3349409211478177,61,39,22,10,2,0.06519424901366583,37,-0.015122141223298037
stock,TMO,LOSS4_SEV,1.2949925796269808,0.12247398835414414,-0.19179270655405534,0.08102618086812374,-0.19364149485462645,0.08084083206411796,-0.06031370174813623,0.006109317690917715,-0.06529114868131079,0.00783491005097478,-0.09842262037298188,0.0515039957205744,0.7027027027027027,74,0.4697371593923318,9,9,1,4,2,0.03509879536155941,7,-0.004610971130895448
stock,JPM,BASELINE,0.8719757859551858,0.0,-0.20007155508131247,0.0,-0.20672047546258798,0.0,-0.038523573348295294,0.0,-0.055846791177275756,0.0,-0.10589194559346826,0.0,0.6727272727272727,55,0.5271280443694237,0,0,0,0,0,,0,
stock,JPM,ATR2_ONLY,0.24577403096524542,-0.6262017549899404,-0.2374732802632994,-0.03740172518198692,-0.2486841114625632,-0.04196363599997521,-0.05801940238133425,-0.019495829033038953,-0.060406096458340997,-0.00455930528106524,-0.07859398492079261,0.027297960672675647,0.47297297297297297,74,0.4222329394743188,33,27,12,5,3,-0.04020355518760869,24,-0.023214884041578513
stock,JPM,ATR3_ONLY,0.5007071745073628,-0.37126861144782297,-0.23574629334352903,-0.035674738262216565,-0.23843373952889713,-0.031713264066309144,-0.06672683179211715,-0.028203258443821856,-0.0674208646991633,-0.011574073521887537,-0.0785939849207925,0.02729796067267576,0.5588235294117647,68,0.47962382445141066,20,17,7,5,1,-0.04850967161896658,16,-0.023981093987402613
stock,JPM,LOSS2_MOD,0.31530665924838064,-0.5566691267068051,-0.23737655303632932,-0.03730499795501685,-0.24015880986156646,-0.033438334398978475,-0.055369714568594394,-0.0168461412202991,-0.05949186268819065,-0.0036450715109148935,-0.07859398492079261,0.027297960672675647,0.5,74,0.44128285507595855,30,24,10,5,3,-0.036708970127906526,21,-0.025487379311252303
stock,JPM,LOSS3_MOD,0.6541200639118403,-0.21785572204334547,-0.23574629334352903,-0.035674738262216565,-0.23843373952889713,-0.031713264066309144,-0.06552793073214339,-0.027004357383848092,-0.06274222507707941,-0.006895433899803655,-0.0785939849207925,0.02729796067267576,0.6060606060606061,66,0.48975162768266217,16,14,5,5,1,-0.04850967161896658,13,-0.021760512286289783
stock,JPM,LOSS2_SEV,0.4302127307850059,-0.4417630551701799,-0.25465713745486973,-0.05458558237355726,-0.25727808494297744,-0.050557609480389454,-0.05285371898236141,-0.014330145634066115,-0.06095900137822226,-0.0051122102009465015,-0.10589194559346826,0.0,0.5211267605633803,71,0.45575114540631784,25,20,10,3,2,-0.04725632708880095,18,-0.030424831617640574
stock,JPM,PEAK2_MOD,0.21826412427001207,-0.6537116616851737,-0.2366053052313225,-0.036533750150010036,-0.2375244020250623,-0.030803926562474326,-0.055197636385034776,-0.016674063036739482,-0.05563636338014236,0.00021042779713339316,-0.07859398492079261,0.027297960672675647,0.4574468085106383,94,0.34048709910778874,59,35,20,9,3,-0.03411959324969479,32,-0.01997013400126556
stock,JPM,PEAK3_MOD,0.7236536871197237,-0.1483220988354621,-0.23242774229473628,-0.032356187213423815,-0.2446377487507706,-0.03791727328818262,-0.06245125926449943,-0.023927685916204137,-0.06480703746416142,-0.00896024628688566,-0.0785939849207925,0.02729796067267576,0.5921052631578947,76,0.4371835061490234,33,23,11,5,1,-0.0012911319442309166,22,-0.013890154696049227
stock,JPM,HYBRID25_MOD,0.2876455646483933,-0.5843302213067925,-0.26641819159468116,-0.0663466365133687,-0.26730139486118476,-0.06058091939859678,-0.051642837759965754,-0.01311926441167046,-0.05987490140472688,-0.004028110227451122,-0.07859398492079261,0.027297960672675647,0.5057471264367817,87,0.36725343621895346,48,30,17,7,2,-0.02117956609688021,28,-0.019890211508506204
stock,JPM,CONFIRM_ADAPT,0.14989635168760262,-0.7220794342675831,-0.2062164674955811,-0.006144912414268622,-0.2085896503217599,-0.0018691748591719293,-0.0520167187964925,-0.013493145448197207,-0.055765435512928604,8.135566434715191e-05,-0.07859398492079261,0.027297960672675647,0.4673913043478261,92,0.3448275862068966,57,33,19,7,1,-0.021764795631323386,32,-0.020326919894033478
stock,JPM,LOSS4_SEV,0.8788253537733548,0.006849567818169033,-0.22307833639633134,-0.023006781315018876,-0.22953602685177454,-0.02281555138918656,-0.05362525048743893,-0.015101677139143635,-0.06379324413114679,-0.00794645295387103,-0.10589194559346837,-1.1102230246251565e-16,0.6666666666666666,57,0.5189293465155534,3,3,0,1,0,,3,-0.0067509574354770825
stock,BAC,BASELINE,-0.04109757531148239,0.0,-0.39027986734042086,0.0,-0.3948182293978918,0.0,-0.11983910376235311,0.0,-0.13286744043435064,0.0,-0.1789478190659095,0.0,0.5660377358490566,53,0.5770436460091632,0,0,0,0,0,,0,
stock,BAC,ATR2_ONLY,0.14959918118181204,0.19069675649329443,-0.2609236795152078,0.12935618782521308,-0.26571665176219084,0.12910157763570096,-0.054731454608373406,0.06510764915397971,-0.05898682090016764,0.07388061953418301,-0.07499833221562513,0.10394948685028438,0.4117647058823529,85,0.4217506631299735,49,33,10,11,2,0.0020202608042320658,31,-0.0001488154058159697
stock,BAC,ATR3_ONLY,-0.3059868303633775,-0.2648892550518951,-0.47259677301830494,-0.08231690567788408,-0.4770372538909874,-0.0822190244930956,-0.07442529609781776,0.04541380766453536,-0.08412998686560355,0.04873745356874709,-0.11977870713765904,0.05916911192825047,0.44,75,0.4608150470219436,38,29,7,9,2,-0.024460479751047703,27,-0.008957316230547534
stock,BAC,LOSS2_MOD,0.12691819461784837,0.16801576992933076,-0.2569168753410248,0.13336299199939605,-0.2623150763025037,0.13250315309538807,-0.055275006750750075,0.06456409701160304,-0.05752843787172447,0.07533900256262617,-0.06921642576053155,0.10973139330537796,0.4146341463414634,82,0.4463467566915843,45,32,9,11,2,0.0037892967138198896,30,0.0015253154524816682
stock,BAC,LOSS3_MOD,-0.20859567709167437,-0.16749810178019198,-0.42837469451630994,-0.03809482717588908,-0.4331875039673786,-0.0383692745694868,-0.08003234843304344,0.039806755329309676,-0.08677425540028075,0.046093185034069895,-0.11977870713765915,0.05916911192825036,0.4722222222222222,72,0.48975162768266217,31,25,4,9,2,-0.024460479751047703,23,-0.004443596608678059
stock,BAC,LOSS2_SEV,0.12928943887969546,0.17038701419117785,-0.2495699685426147,0.14070989879780615,-0.2550215418362419,0.13979668756164987,-0.06358669919164671,0.056252404570706405,-0.0644631808782439,0.06840425955610674,-0.07898801444824355,0.09995980461766596,0.4125,80,0.4617795997106342,42,31,9,11,2,0.0037892967138198896,29,0.0017031493502802795
stock,BAC,PEAK2_MOD,-0.19502344616524037,-0.15392587085375797,-0.3346922032743984,0.055587664066022446,-0.3463749585464696,0.04844327085142219,-0.0650318826349129,0.054807221127440214,-0.06921754440093791,0.06364989603341273,-0.11977870713765926,0.05916911192825025,0.42718446601941745,103,0.3547142512659754,73,40,17,12,2,0.0015039775151169943,38,-0.008891450863941292
stock,BAC,PEAK3_MOD,-0.21947120431982325,-0.17837362900834086,-0.34239747121328945,0.04788239612713141,-0.34381559559478747,0.051002633803104325,-0.06858990489406318,0.051249198868289936,-0.07339070132698476,0.05947673910736588,-0.10029205771334693,0.07865576135256258,0.42168674698795183,83,0.42777911743428987,52,34,12,11,2,-0.02494294409002601,32,-0.011772878298792613
stock,BAC,HYBRID25_MOD,-0.252699471763119,-0.21160189645163663,-0.3478310398014014,0.04244882753901946,-0.35169469154788,0.04312353785001177,-0.06883913438070799,0.050999969381645124,-0.07246496165931803,0.06040247877503262,-0.11977870713765904,0.05916911192825047,0.4375,96,0.38123945020496747,64,38,15,10,2,0.008453118657278769,36,-0.010805951199362167
stock,BAC,CONFIRM_ADAPT,0.14360045621250617,0.18469803152398856,-0.33549762219856205,0.05478224514185881,-0.34565293535412034,0.04916529404377146,-0.05527500675075018,0.06456409701160293,-0.06097371755146703,0.07189372288288362,-0.09035228445321974,0.08859553461268976,0.45098039215686275,102,0.35977815288160114,71,39,16,13,1,0.07092225782983952,38,-0.005860706976742858
stock,BAC,LOSS4_SEV,-0.13763731251817735,-0.09653973720669495,-0.42349608460924093,-0.03321621726882007,-0.4266688966586394,-0.03185066726074759,-0.09341728790262764,0.026421815859725473,-0.10568308829076944,0.027184352143581197,-0.18421046393799145,-0.005262644872081945,0.49230769230769234,65,0.529057149746805,21,18,2,8,1,0.04969382691478552,17,-0.007650773938371377
stock,GS,BASELINE,0.5285037071714986,0.0,-0.32738190281617396,0.0,-0.33697119272158516,0.0,-0.07074274105241266,0.0,-0.0884201313170688,0.0,-0.1870572911569418,0.0,0.6935483870967742,62,0.5010851217747769,0,0,0,0,0,,0,
stock,GS,ATR2_ONLY,0.11359979058702074,-0.4149039165844779,-0.27731113918051775,0.05007076363565621,-0.28194381520899237,0.05502737751259279,-0.053914841142792956,0.0168278999096197,-0.06244645933696977,0.025973671980099033,-0.10493058396313981,0.082126707193802,0.5375,80,0.37159392331806124,36,32,14,7,3,-0.00490230079228197,29,-0.021773938998680915
stock,GS,ATR3_ONLY,0.46138781363030157,-0.06711589354119707,-0.2506679178258139,0.07671398499036008,-0.2634414735593438,0.07352971916224138,-0.0647989888682565,0.005943752184156159,-0.07290278614694677,0.01551734517012203,-0.13050399584990713,0.05655329530703468,0.6438356164383562,73,0.43019049915601637,21,19,4,5,3,-0.019169058127981493,16,-0.009556483551836942
stock,GS,LOSS2_MOD,0.34996656433465523,-0.1785371428368434,-0.21323038511766368,0.11415151769851029,-0.21827384009864204,0.11869735262294312,-0.05356178208205888,0.017180958970353773,-0.061436751227587724,0.026983380089481077,-0.10493058396313959,0.08212670719380222,0.569620253164557,79,0.3981191222570533,32,28,11,5,3,-0.004902300792281859,25,-0.01691304524060353
stock,GS,LOSS3_MOD,0.24066870492424752,-0.2878350022472511,-0.3074225293260844,0.019959373490089583,-0.31922861254591894,0.01774258017566621,-0.07037920062135727,0.00036354043105538136,-0.08701833829605203,0.00140179302101677,-0.14941793751688526,0.03763935364005655,0.625,72,0.43742464432119604,18,16,3,5,3,-0.024276750908861316,13,-0.01615392126399714
stock,GS,LOSS2_SEV,0.12228084079064128,-0.40622286638085736,-0.2909471084631031,0.03643479435307084,-0.2932651795836564,0.04370601313792877,-0.0682910828211317,0.002451658231280962,-0.07761487773092209,0.010805253586146715,-0.10919281927760094,0.07786447187934087,0.5769230769230769,78,0.4024596093561611,30,26,10,4,3,-0.022801073487906238,23,-0.02083194195819665
stock,GS,PEAK2_MOD,-0.06495842391841089,-0.5934621310899095,-0.3727050645114658,-0.045323161695291825,-0.37672623374206105,-0.03975504102047589,-0.05490672254765946,0.015836018504753198,-0.06398184840451017,0.02443828291255863,-0.1049305839631397,0.0821267071938021,0.4897959183673469,98,0.321437183506149,62,41,23,6,4,-0.01960148575678003,37,-0.01717347779292425
stock,GS,PEAK3_MOD,-0.034222375052260445,-0.5627260822237591,-0.41891728746116164,-0.09153538464498767,-0.42882276540742703,-0.09185157268584188,-0.0666834459259112,0.004059295126501453,-0.0786973913915056,0.009722739925563204,-0.14941793751688526,0.03763935364005655,0.5542168674698795,83,0.38437424644321194,37,32,16,5,4,-0.03251331868811777,28,-0.02394195843013328
stock,GS,HYBRID25_MOD,0.04263463656176425,-0.4858690706097344,-0.3485524811461088,-0.021170578329934853,-0.3510715181959806,-0.014100325474395436,-0.04937189592010656,0.021370845132306096,-0.05625697398681108,0.03216315733025772,-0.10493058396313959,0.08212670719380222,0.5483870967741935,93,0.35061490233904025,51,38,20,6,4,-0.027485358603103555,34,-0.01941153612944285
stock,GS,CONFIRM_ADAPT,-0.04733136106714342,-0.5758350682386421,-0.3319385734489029,-0.00455667063272891,-0.3362210694497716,0.0007501232718135631,-0.05360283644974183,0.017139904602670827,-0.06951274369155425,0.018907387625514555,-0.15889049369980723,0.028166797457134574,0.4842105263157895,95,0.33349409211478176,59,40,22,5,3,-0.03138856123876262,37,-0.0163836641886835
stock,GS,LOSS4_SEV,0.29425897125666123,-0.2342447359148374,-0.299922347115273,0.027459555700900973,-0.31185628285571965,0.02511490986586551,-0.08788591031376955,-0.017143169261356894,-0.10337521511662852,-0.014955083799559718,-0.15889049369980723,0.028166797457134574,0.6716417910447762,67,0.465396672293224,11,10,1,3,2,-0.0406397892661679,8,-0.0202280896597484
stock,V,BASELINE,2.689314538455101,0.0,-0.18011913075312957,0.0,-0.1930757973396734,0.0,-0.041599636850600225,0.0,-0.040752815003977365,0.0,-0.06042280900312058,0.0,0.7575757575757576,66,0.5963346997829756,0,0,0,0,0,,0,
stock,V,ATR2_ONLY,1.1581203412504064,-1.5311941972046945,-0.22556572747463832,-0.04544659672150875,-0.22925732323554382,-0.036181525895870426,-0.04081452084375562,0.0007851160068446036,-0.04857060721419807,-0.007817792210220706,-0.0980174002027967,-0.03759459119967612,0.6091954022988506,87,0.5068724379069207,32,24,10,3,1,-0.045234326495435906,23,-0.02475033064518516
stock,V,ATR3_ONLY,1.420756482576333,-1.268558055878768,-0.23641100686123118,-0.0562918761081016,-0.2423357881424072,-0.0492599908027338,-0.048296870319052804,-0.006697233468452579,-0.05350030444587191,-0.012747489441894543,-0.09522038765600083,-0.034797578652880246,0.6710526315789473,76,0.5355678803954667,18,16,5,3,1,-0.04243731394864003,15,-0.02728197651279626
stock,V,LOSS2_MOD,1.064382455647245,-1.624932082807856,-0.21993455069923928,-0.03981541994610971,-0.2236529893169894,-0.03057719197731601,-0.04098333722765766,0.0006162996229425663,-0.05302832860732883,-0.012275513603351468,-0.09894487070041924,-0.03852206169729866,0.6,85,0.5201350373764166,31,23,10,3,1,-0.045234326495435684,22,-0.02597516937958919
stock,V,LOSS3_MOD,1.9564438876665275,-0.7328706507885734,-0.2385298229129641,-0.05841069215983452,-0.24554572066324365,-0.052469923323570256,-0.04221095365823391,-0.0006113168076336828,-0.04943995538617649,-0.008687140382199122,-0.09522038765600083,-0.034797578652880246,0.6933333333333334,75,0.5435254400771642,16,14,4,3,1,-0.04243731394864003,13,-0.019421710210551765
stock,V,LOSS2_SEV,1.2388609476214651,-1.4504535908336358,-0.22754495556636667,-0.047425824813237094,-0.2312271166853762,-0.03815131934570282,-0.04120678251713188,0.00039285433346834125,-0.05678363534030738,-0.016030820336330014,-0.12735139905814197,-0.06692859005502139,0.6309523809523809,84,0.5244755244755245,27,20,8,3,1,-0.045234326495435684,19,-0.023445580240386232
stock,V,PEAK2_MOD,0.6554616770212305,-2.0338528614338705,-0.24598731274265595,-0.06586818198952638,-0.25293450000670337,-0.05985870266702997,-0.03735134618674343,0.004248290663856798,-0.046122750860688295,-0.005369935856710931,-0.09801740020279648,-0.0375945911996759,0.5327102803738317,107,0.40270074752833374,65,42,29,5,3,-0.05863687566335437,39,-0.022241611273836764
stock,V,PEAK3_MOD,1.3510655000960035,-1.3382490383590975,-0.2442504122892022,-0.06413128153607262,-0.2512136026960523,-0.05813780535637891,-0.040182153363428695,0.0014174834871715294,-0.05244240503563677,-0.011689590031659404,-0.09894487070041924,-0.03852206169729866,0.6626506024096386,83,0.4969857728478418,31,25,14,3,2,-0.04860559167286177,23,-0.017079151656268773
stock,V,HYBRID25_MOD,0.9962107835412477,-1.6931037549138532,-0.2152922664530944,-0.03517313569996483,-0.22252226624570526,-0.029446468906031864,-0.03670622171444506,0.004893415136155162,-0.042615124843426846,-0.0018623098394494816,-0.09801740020279659,-0.03759459119967601,0.5473684210526316,95,0.4415239932481312,50,35,23,3,2,-0.04860559167286188,33,-0.021693439963175284
stock,V,CONFIRM_ADAPT,0.5003913051061488,-2.188923233348952,-0.2813425706718181,-0.10122343991868854,-0.2840263012646047,-0.09095050392493131,-0.037412259061909064,0.00418737778869116,-0.04600528871564411,-0.005252473711666747,-0.09801740020279648,-0.0375945911996759,0.5,106,0.4014950566674705,66,43,30,5,2,-0.04860559167286188,41,-0.024984991197832346
stock,V,LOSS4_SEV,2.4539659871748825,-0.23534855128021848,-0.1723337004360611,0.007785430317068465,-0.17995950418231743,0.013116293157355963,-0.05055077918404681,-0.008951142333446585,-0.0523898921150827,-0.011637077111105336,-0.09583943170406739,-0.03541662270094681,0.746268656716418,67,0.569568362671811,4,4,1,0,1,-0.043056357996706596,3,-0.022193212185579347
stock,MA,BASELINE,1.5819934920531473,0.0,-0.27025678422382415,0.0,-0.2873040721303667,0.0,-0.04409104119585683,0.0,-0.06618401160358031,0.0,-0.17162375142782138,0.0,0.7313432835820896,67,0.5071135760790934,0,0,0,0,0,,0,
stock,MA,ATR2_ONLY,0.7907725046570242,-0.7912209873961231,-0.327378927826774,-0.05712214360294987,-0.32758061330568644,-0.04027654117531976,-0.050819491153660676,-0.006728449957803848,-0.05615478962170614,0.01002922198187417,-0.09527399999808961,0.07634975142973177,0.6,90,0.4215095249578008,33,27,11,4,4,-0.041974190783357734,23,-0.019557974417434735
stock,MA,ATR3_ONLY,0.8029430257898538,-0.7790504662632936,-0.33928540456223555,-0.0690286203384114,-0.3450591273720388,-0.057755055241672126,-0.06221845306723378,-0.018127411871376953,-0.0711521057930897,-0.004968094189509387,-0.11126023664339502,0.060363514784426364,0.6455696202531646,79,0.466120086809742,21,19,6,3,2,-0.025070505804025645,17,-0.026967360876983718
stock,MA,LOSS2_MOD,0.7633601071355074,-0.8186333849176399,-0.32757027065498234,-0.05731348643115819,-0.32988788598167673,-0.04258381385131005,-0.05142940490976192,-0.007338363713905088,-0.05717957358488798,0.009004438018692329,-0.0952739999980895,0.07634975142973188,0.6046511627906976,86,0.4345309862551242,30,24,9,4,4,-0.04197419078335771,20,-0.019034188467273623
stock,MA,LOSS3_MOD,1.0705315131021962,-0.5114619789509511,-0.305441139855145,-0.03518435563132083,-0.30916627203239744,-0.021862199902030754,-0.05407035572561,-0.009979314529753175,-0.06795508475401903,-0.001771073150438715,-0.11126023664339502,0.060363514784426364,0.6753246753246753,77,0.47576561369664816,15,13,4,2,2,-0.02507050580402559,11,-0.023083660560776164
stock,MA,LOSS2_SEV,0.7868324418349009,-0.7951610502182465,-0.3259363686404032,-0.05567958441657905,-0.3295515786201154,-0.04224750648974873,-0.05158188334878733,-0.007490842152930499,-0.057179573584887976,0.009004438018692336,-0.0952739999980895,0.07634975142973188,0.611764705882353,85,0.43935374969857727,28,22,8,4,4,-0.04196104386017899,18,-0.019219820640940785
stock,MA,PEAK2_MOD,0.5812430065586622,-1.000750485494485,-0.35814686940136164,-0.08789008517753749,-0.36566074102450674,-0.07835666889414006,-0.051047797587019286,-0.006956756391162458,-0.06071106768747657,0.005472943916103742,-0.10171311105580805,0.06991064037201333,0.58,100,0.3460332770677598,49,34,19,8,5,-0.02680574978923187,29,-0.017837325301883276
stock,MA,PEAK3_MOD,1.0786221322368323,-0.503371359816315,-0.25504294874344535,0.015213835480378801,-0.2633313239445383,0.023972748185828396,-0.05202785461938535,-0.007936813423528519,-0.06405821562956492,0.002125795974015396,-0.11773636024855427,0.05388739117926711,0.6666666666666666,84,0.41186399807089463,26,21,9,4,2,-0.0014781701542209702,19,-0.019045632553410383
stock,MA,HYBRID25_MOD,0.7786072835357059,-0.8033862085174415,-0.33107428109035375,-0.0608174968665296,-0.3385444264801655,-0.05124035434979879,-0.04949299128046273,-0.005401950084605901,-0.060077378985571625,0.006106632618008687,-0.10171311105580805,0.06991064037201333,0.6170212765957447,94,0.3776223776223776,39,26,12,7,2,-0.0042196966125613855,24,-0.01689264601467993
stock,MA,CONFIRM_ADAPT,0.6999594065443842,-0.8820340855087632,-0.34048047899604983,-0.07022369477222568,-0.34820116271252544,-0.06089709058215875,-0.04959927714469502,-0.005508235948838189,-0.058559398124506126,0.007624613479074185,-0.10171311105580805,0.06991064037201333,0.6020408163265306,98,0.35664335664335667,46,31,16,8,1,0.004575129266202627,30,-0.017843138559591985
stock,MA,LOSS4_SEV,1.4193017380539064,-0.16269175399924096,-0.32521853655085997,-0.05496175232703582,-0.3409818812901193,-0.05367780915975262,-0.040772867523178054,0.0033181736726787744,-0.0692921739558697,-0.0031081623522893898,-0.18447838795105054,-0.012854636523229157,0.7285714285714285,70,0.501808536291295,4,4,0,1,0,,4,-0.008609480192191432
stock,CAT,BASELINE,1.771048790409092,0.0,-0.2666621366498805,0.0,-0.2842864358379521,0.0,-0.08686784150229093,0.0,-0.08052706045786365,0.0,-0.1123698882908496,0.0,0.7183098591549296,71,0.5218230045816252,0,0,0,0,0,,0,
stock,CAT,ATR2_ONLY,1.1334112474310811,-0.6376375429780108,-0.22703729154966212,0.03962484510021835,-0.24561389411688417,0.03867254172106793,-0.04625970178754921,0.040608139714741726,-0.0578476292029511,0.02267943125491255,-0.08484120021884956,0.02752868807200004,0.5684210526315789,95,0.37376416686761516,38,31,13,10,1,0.02118774648376498,30,-0.016880370922397123
stock,CAT,ATR3_ONLY,1.1777257211455772,-0.5933230692635147,-0.3030448371491621,-0.036382700499281606,-0.3197947513764735,-0.03550831553852141,-0.07522332206547994,0.011644519436810996,-0.07449611850311995,0.006030941954743699,-0.10193616473270395,0.010433723558145647,0.6511627906976745,86,0.4386303351820593,25,23,6,6,1,-0.006938240926021355,22,-0.01887668068491227
stock,CAT,LOSS2_MOD,1.1871835216941942,-0.5838652687148977,-0.2566167663483211,0.010045370301559386,-0.27448248578822687,0.00980395004972523,-0.06180080657923502,0.02506703492305591,-0.062275493732065236,0.01825156672579841,-0.08399298491510065,0.02837690337574894,0.5894736842105263,95,0.39281408246925487,36,29,11,9,1,0.021187746483765202,28,-0.01717434551038665
stock,CAT,LOSS3_MOD,1.0501619007138854,-0.7208868896952065,-0.4007031763999942,-0.13404103975011372,-0.41510606904941505,-0.13081963321146295,-0.08328266531040078,0.003585176191890152,-0.08743469170294266,-0.00690763124507901,-0.1415978633639059,-0.0292279750730563,0.6785714285714286,84,0.46491439594887873,23,21,4,5,1,-0.06453311600706357,20,-0.01845064671492904
stock,CAT,LOSS2_SEV,1.5212084348348092,-0.24984035557428275,-0.23476069460790072,0.031901442041979755,-0.2531516807313915,0.031134755106560608,-0.05811250344258338,0.02875533805970755,-0.06152662619838639,0.019000434259477256,-0.10193616473270384,0.010433723558145758,0.6129032258064516,93,0.4140342416204485,30,25,8,8,1,0.021187746483765202,24,-0.013763260528143103
stock,CAT,PEAK2_MOD,0.9626909142044608,-0.8083578762046311,-0.2678051865377533,-0.001143049887872838,-0.28540201482296057,-0.0011155789850084696,-0.06440757843858225,0.022460263063708685,-0.06356910155264195,0.0169579589052217,-0.10193616473270395,0.010433723558145647,0.5566037735849056,106,0.3327706775982638,54,39,21,9,3,-0.03687542016161923,36,-0.01694157545157781
stock,CAT,PEAK3_MOD,1.4136385400390385,-0.35741025037005336,-0.27431495360071545,-0.007652816950834973,-0.29175533274004306,-0.00746889690209096,-0.0615351839177771,0.025332657584513835,-0.06798391432899807,0.012543146128865576,-0.10161649851198995,0.010753389778859646,0.6354166666666666,96,0.41644562334217505,35,27,11,7,2,-0.011178287826426214,25,-0.011990983189609544
stock,CAT,HYBRID25_MOD,1.0420692773357354,-0.7289795130733565,-0.32346424247643546,-0.05680210582655498,-0.3397234174051018,-0.05543698156714971,-0.06552765228913746,0.021340189213153476,-0.06823191060735112,0.012295149850512527,-0.10193616473270395,0.010433723558145647,0.58,100,0.3730407523510972,46,34,16,9,2,-0.013909492113036492,32,-0.012333062702516436
stock,CAT,CONFIRM_ADAPT,0.9830951196769828,-0.7879536707321091,-0.2709637573226533,-0.0043016206727728434,-0.2884846757178877,-0.004198239879935617,-0.062144640801346955,0.024723200700943977,-0.06059572552012775,0.019931334937735898,-0.08399298491510043,0.028376903375749163,0.5462962962962963,108,0.32698336146612006,58,40,21,11,2,-0.011178287826426325,38,-0.016642709653873936
stock,CAT,LOSS4_SEV,1.3674448587547756,-0.4036039316543163,-0.3270533741999949,-0.06039123755011444,-0.34322629157333406,-0.05893985573538196,-0.08584462178266838,0.0010232197196225479,-0.0928003386407629,-0.01227327818289925,-0.14159786336390578,-0.02922797507305619,0.717948717948718,78,0.4909573185435254,13,12,0,3,1,-0.06453311600706346,11,-0.00712237888769085
stock,BA,BASELINE,0.28456677436541433,0.0,-0.40373362586667194,0.0,-0.4097284585917085,0.0,-0.08201747709189494,0.0,-0.09464939560609367,0.0,-0.13766156800381824,0.0,0.5757575757575758,66,0.5714974680491922,0,0,0,0,0,,0,
stock,BA,ATR2_ONLY,-0.13417728165895204,-0.4187440560243664,-0.5064199281153998,-0.10268630224872788,-0.5103254290972608,-0.10059697050555227,-0.06620648776427063,0.015810989327624314,-0.07262885459608212,0.02202054101001155,-0.12967816600946547,0.007983401994352768,0.44086021505376344,93,0.4562334217506631,44,34,10,11,3,0.01790807021174397,31,-0.019931849688057956
stock,BA,ATR3_ONLY,0.024064206684333733,-0.2605025676810806,-0.4121892707456618,-0.008455644878989865,-0.4168403810943552,-0.007111922502646695,-0.0828666684983381,-0.000849191406443156,-0.0945071630790317,0.00014223252706196954,-0.12967816600946558,0.007983401994352657,0.5189873417721519,79,0.4817940680009645,27,24,4,8,3,0.0006360969347436832,21,-0.013119722052205886
stock,BA,LOSS2_MOD,-0.1263672945689308,-0.41093406893434514,-0.4407906984730854,-0.037057072606413444,-0.44521549720501197,-0.03548703861330349,-0.06987791293254048,0.012139564159354466,-0.07710137480902404,0.01754802079706963,-0.12967816600946558,0.007983401994352657,0.45054945054945056,91,0.4637087050880154,41,33,9,10,3,0.01448493401372645,30,-0.018260801152799898
stock,BA,LOSS3_MOD,0.06354942129795105,-0.22101735306746328,-0.39455909062702954,0.0091745352396424,-0.3993497015141073,0.010378757077601164,-0.08113193703781778,0.0008855400540771635,-0.08828984074477483,0.006359554861318839,-0.12967816600946547,0.007983401994352768,0.5064935064935064,77,0.48951048951048953,25,22,4,8,2,0.025823434739142836,20,-0.013106184149242178
stock,BA,LOSS2_SEV,-0.060783491708752635,-0.34535026607416697,-0.445494813170104,-0.041761187303432035,-0.4510697809771381,-0.041341322385429646,-0.0657062482815348,0.016311228810360137,-0.07763507911417271,0.017014316491920964,-0.1296781660094657,0.007983401994352546,0.45555555555555555,90,0.4772124427296841,38,30,8,8,3,0.014484934013726488,27,-0.016911921017730407
stock,BA,PEAK2_MOD,-0.12513900676105183,-0.40970578112646616,-0.5013139476316599,-0.09758032176498799,-0.502364125362309,-0.09263566677060053,-0.06542856774211317,0.016588909349781772,-0.08552975909980631,0.00911963650628736,-0.3344242030161467,-0.1967626350123285,0.49107142857142855,112,0.3867856281649385,69,40,16,15,4,0.03953546656469803,36,-0.015842870031847416
stock,BA,PEAK3_MOD,-0.10574235615402428,-0.3903091305194386,-0.5381214556796008,-0.13438782981292885,-0.5417761151990913,-0.13204765660738282,-0.07835963111596578,0.0036578459759291637,-0.1028843633547631,-0.008234967748669428,-0.3344242030161467,-0.1967626350123285,0.5368421052631579,95,0.4637087050880154,45,32,10,11,4,0.02844487754834174,28,-0.01878793869229053
stock,BA,HYBRID25_MOD,0.19682870295195753,-0.0877380714134568,-0.34961211875988607,0.05412150710678587,-0.35551063923004134,0.05421781936166714,-0.06640487601397013,0.01561260107792481,-0.07066259474494757,0.0239868008611461,-0.12967816600946558,0.007983401994352657,0.5145631067961165,103,0.42199180130214614,56,35,12,13,4,0.03981051797004967,31,-0.008054355327449456
stock,BA,CONFIRM_ADAPT,0.0886607398365602,-0.19590603452885413,-0.34790693764779024,0.055826688218881704,-0.3492801735928117,0.06044828499889676,-0.06788008896816623,0.014137388123728709,-0.07158910853852496,0.023060287067568713,-0.12967816600946558,0.007983401994352657,0.49107142857142855,112,0.3841331082710393,69,41,17,16,4,0.028444877548341713,37,-0.011544760753236532
stock,BA,LOSS4_SEV,-0.17089345366435005,-0.4554602280297644,-0.5677473324235452,-0.1640137065568733,-0.5720931794299912,-0.16236472083828268,-0.07576950325829973,0.006247973833595211,-0.11488191383668164,-0.02023251823058797,-0.3344242030161467,-0.1967626350123285,0.5352112676056338,71,0.5384615384615384,13,11,1,4,2,0.009207113892241603,9,-0.03345263374314887
stock,GE,BASELINE,0.24879377062116315,0.0,-0.4656826878209508,0.0,-0.4896969685917397,0.0,-0.07442471202523016,0.0,-0.09885522065183083,0.0,-0.21923343876728296,0.0,0.6197183098591549,71,0.5153122739329636,0,0,0,0,0,,0,
stock,GE,ATR2_ONLY,0.24007662688027875,-0.008717143740884392,-0.35218680374294153,0.11349588407800926,-0.3604503001957935,0.12924666839594623,-0.06219184661703244,0.012232865408197714,-0.07053804346477408,0.028317177187056758,-0.11950625453416619,0.09972718423311677,0.5,92,0.37183506149023393,44,34,10,15,2,0.005707280941106396,32,-0.0038916548587116864
stock,GE,ATR3_ONLY,0.4551973287209483,0.20640355809978517,-0.36694110751858877,0.09874158030236202,-0.3781507601110158,0.11154620848072394,-0.07742166638600834,-0.0029969543607781812,-0.08545231279903573,0.013402907852795104,-0.12300853104721621,0.09622490772006675,0.5632183908045977,87,0.42777911743428987,26,23,3,8,1,0.024738155723822985,22,-0.001899567706851548
stock,GE,LOSS2_MOD,0.3258954973822539,0.07710172676109073,-0.42911782792663533,0.03656485989431546,-0.4392265095929947,0.05047045899874503,-0.07683474870187945,-0.0024100366766492964,-0.07291950457305114,0.02593571607877969,-0.09434154237202497,0.124891896395258,0.5274725274725275,91,0.39353749698577284,38,29,7,11,1,0.08973640906832592,28,-0.0036204038025470587
stock,GE,LOSS3_MOD,0.16745057525687157,-0.08134319536429158,-0.49705588392631195,-0.031373196105361156,-0.5059615779802926,-0.016264609388552898,-0.07742871755101935,-0.003004005525789194,-0.1016093669586146,-0.002754146306783764,-0.18631558689208472,0.032917851875198245,0.5465116279069767,86,0.4369423679768507,22,19,3,7,1,-0.036379709467597054,18,-0.007187052527298843
stock,GE,LOSS2_SEV,0.46239775531810445,0.2136039846969413,-0.389521401925505,0.0761612858954458,-0.4003312224347838,0.08936574615695592,-0.07404079418195596,0.000383917843274198,-0.07465332752985698,0.02420189312197385,-0.08195954701073582,0.13727389175654714,0.5333333333333333,90,0.40559440559440557,34,27,6,11,1,0.08973640906832592,26,-0.0026376671385020234
stock,GE,PEAK2_MOD,0.10855671990513827,-0.14023705071602488,-0.4453463833969411,0.020336304424009688,-0.4551677040119676,0.03452926457977212,-0.06599116886238873,0.008433543162841423,-0.07658595838515153,0.0222692622666793,-0.18631558689208494,0.03291785187519802,0.4716981132075472,106,0.33035929587653723,58,36,13,14,2,0.03483996190829025,34,-0.0008967158403532075
stock,GE,PEAK3_MOD,0.14894712052917303,-0.09984665009199012,-0.43124648248337627,0.03443620533757452,-0.4413174717985914,0.04837949679314835,-0.07254610193220709,0.0018786100930230643,-0.08712374093973888,0.011731479712091958,-0.18631558689208483,0.032917851875198134,0.5212765957446809,94,0.37424644321196043,40,31,10,11,2,0.020288117049703847,29,-0.004318662756494269
stock,GE,HYBRID25_MOD,0.24023717373305598,-0.00855659688810717,-0.418031918813744,0.04765076900720677,-0.42833690005239056,0.061360068539349166,-0.07637313793490953,-0.0019484259096793771,-0.0829721548199062,0.015883065831924628,-0.18631558689208483,0.032917851875198134,0.5,98,0.34699782975645044,47,33,11,13,2,0.020288117049703958,31,0.0003948429817620275
stock,GE,CONFIRM_ADAPT,0.2380245516738675,-0.010769218947295656,-0.38161295420783137,0.08406973361311942,-0.39256281058504205,0.09713415800669767,-0.06327464161729864,0.01115007040793152,-0.06861786941710472,0.03023735123472611,-0.09434154237202497,0.124891896395258,0.4722222222222222,108,0.3209549071618037,62,38,14,15,2,0.020288117049703958,36,0.0012403881251590557
stock,GE,LOSS4_SEV,0.17250374610039843,-0.07629002452076472,-0.4654142241280813,0.0002684636928694806,-0.4894405706926418,0.00025639789909792654,-0.08531493268205803,-0.010890220656827876,-0.11088691979461673,-0.012031699142785901,-0.18631558689208483,0.032917851875198134,0.6,80,0.4697371593923318,15,13,0,4,1,-0.03637970946759683,12,-0.003280247793132185
stock,XOM,BASELINE,0.2553890238594594,0.0,-0.4116248308327922,0.0,-0.4191647277330598,0.0,-0.0687173058654342,0.0,-0.0675740522039599,0.0,-0.09339140601707552,0.0,0.5964912280701754,57,0.589100554617796,0,0,0,0,0,,0,
stock,XOM,ATR2_ONLY,-0.2060992583075596,-0.461488282167019,-0.46730187480314156,-0.05567704397034934,-0.47647608096795113,-0.05731135323489134,-0.052291496011145765,0.016425809854288438,-0.0536940944994443,0.013879957704515597,-0.06591240026844436,0.027479005748631158,0.4457831325301205,83,0.39667229322401737,47,36,15,13,2,-0.069068726292072,34,-0.009912755293498485
stock,XOM,ATR3_ONLY,0.0269918867570198,-0.22839713710243958,-0.45320579165057073,-0.04158096081777851,-0.4556925269888614,-0.03652779925580163,-0.048199123659626565,0.020518182205807638,-0.053278937016301015,0.014295115187658886,-0.08488541632267543,0.008505989694400085,0.5333333333333333,75,0.45768025078369906,30,24,6,9,1,-0.0235512708251171,23,-0.006641811029454511
stock,XOM,LOSS2_MOD,-0.03483912394236033,-0.2902281478018197,-0.4299721093302592,-0.01834727849746698,-0.43256450785587397,-0.013399780122814176,-0.04721111780536358,0.021506188060070625,-0.0481600787330807,0.019413973470879198,-0.0654664860152877,0.027924920001787812,0.5061728395061729,81,0.4316373281890523,40,32,11,12,2,-0.06433016435507538,30,-0.007214208991457749
stock,XOM,LOSS3_MOD,0.11811427996667345,-0.13727474389278593,-0.4374174783971486,-0.025792647564356397,-0.4399760165378461,-0.020811288804786332,-0.046459356622887006,0.022257949242547197,-0.05136987576693024,0.016204176437029663,-0.0674579186177835,0.02593348739929202,0.56,75,0.4789004099348927,25,18,3,7,0,,18,-0.00568812539811432
stock,XOM,LOSS2_SEV,0.1398143759141688,-0.1155746479452906,-0.42307210262297923,-0.011447271790187008,-0.42569588130999914,-0.006531153576939341,-0.04632936486921372,0.022387940996220483,-0.0487612427030054,0.0188128095009545,-0.06745791861778361,0.02593348739929191,0.5384615384615384,78,0.4690137448758138,33,26,8,11,0,,26,-0.007130128968103376
stock,XOM,PEAK2_MOD,-0.03366046594493799,-0.2890494898043974,-0.4072865313729698,0.004338299459822448,-0.40998210039218974,0.009182627340870053,-0.038201499151411085,0.030515806714023118,-0.04531874884585611,0.022255303358103787,-0.0674579186177835,0.02593348739929202,0.45,100,0.35447311309380275,62,34,13,14,2,-0.06199348474318389,32,0.0016412133799967622
stock,XOM,PEAK3_MOD,-0.15681529490472967,-0.41220431876418906,-0.4507751163356367,-0.039150285502844495,-0.45327290600864645,-0.034108178275586654,-0.048051167791445984,0.02066613807398822,-0.05557078851153295,0.01200326369242695,-0.07419732554982339,0.019194080467252128,0.47126436781609193,87,0.4169278996865204,44,29,11,7,2,-0.057842803853639935,27,-0.007765453012535416
stock,XOM,HYBRID25_MOD,-0.019428555796207503,-0.2748175796556669,-0.37687753175233896,0.034747299080453264,-0.37971139619020833,0.039453331542851466,-0.04348147120115593,0.02523583466427827,-0.045396073777670985,0.022177978426288915,-0.06311020521385458,0.030281200803220942,0.5052631578947369,95,0.38365083192669397,55,34,12,14,2,-0.057842803853639824,32,-0.0008947032063178414
stock,XOM,CONFIRM_ADAPT,0.06190627350500111,-0.19348275035445828,-0.39727280917371277,0.01435202165907945,-0.40001391904995076,0.019150808683109033,-0.04330432959328751,0.02541297627214669,-0.047948649202768534,0.019625403001191366,-0.07523912767923435,0.018152278337841166,0.4639175257731959,97,0.36001929105377384,60,35,13,15,2,-0.0044823922123395366,33,0.002004362506944697
stock,XOM,LOSS4_SEV,0.15396703024922975,-0.10142199361022963,-0.38959057949237275,0.022034251340419475,-0.39210459162693156,0.02706013610612823,-0.06628708003987774,0.0024302258255564646,-0.05993310076657216,0.007640951437387737,-0.07419732554982339,0.019194080467252128,0.5714285714285714,63,0.5097660959729925,12,11,1,5,0,,11,-0.0017241830796942414
stock,CVX,BASELINE,0.6690536757193328,0.0,-0.24858050147272281,0.0,-0.25124586556615347,0.0,-0.05021949112287196,0.0,-0.059629506662669786,0.0,-0.12798354533208767,0.0,0.6,65,0.5377381239450205,0,0,0,0,0,,0,
stock,CVX,ATR2_ONLY,0.09396424218608579,-0.575089433533247,-0.39755694141095266,-0.14897643993822984,-0.40199793863144717,-0.1507520730652937,-0.045454475312569916,0.004765015810302045,-0.051459968113853415,0.008169538548816371,-0.09147190847889175,0.03651163685319592,0.4888888888888889,90,0.40559440559440557,43,30,6,14,1,-0.12953648598658973,29,-0.00230616756562794
stock,CVX,ATR3_ONLY,0.3004197354545479,-0.3686339402647849,-0.39806802743331127,-0.14948752596058845,-0.40250525710835516,-0.1512593915422017,-0.059913482060285794,-0.009693990937413834,-0.06342569789896675,-0.0037961912362969655,-0.09957202721336067,0.028411518118726997,0.5609756097560976,82,0.43911261152640463,27,24,3,11,1,-0.13763660472105865,23,-0.005257422003754071
stock,CVX,LOSS2_MOD,0.26301609228665956,-0.40603758343267327,-0.38526180310460634,-0.13668130163188352,-0.38979343573747005,-0.13854757017131658,-0.042966415406455495,0.0072530757164164655,-0.05034176475511751,0.009287741907552279,-0.09147190847889175,0.03651163685319592,0.4943820224719101,89,0.4253677357125633,37,27,4,14,1,-0.12953648598658973,26,0.0007763131209815652
stock,CVX,LOSS3_MOD,0.45706880435236097,-0.21198487136697186,-0.30385201164881304,-0.05527151017609022,-0.3089837684800084,-0.057737902913854944,-0.058152968133272864,-0.007933477010400904,-0.056914722395064024,0.002714784267605762,-0.0842848864426109,0.04369865888947677,0.5679012345679012,81,0.45575114540631784,25,22,2,10,0,,22,-0.006093298732507696
stock,CVX,LOSS2_SEV,0.39819193865516644,-0.2708617370641664,-0.3434924147566538,-0.094911913283931,-0.34833195655190285,-0.09708609098574938,-0.045820499460579575,0.0043989916622923855,-0.05029371220991704,0.009335794452752746,-0.06815955326273193,0.059823992069355736,0.5168539325842697,89,0.4260911502290813,34,25,3,13,0,,25,-0.0013677591329778237
stock,CVX,PEAK2_MOD,0.36740883781824807,-0.30164483790108476,-0.30534052364315745,-0.05676002217043463,-0.31286054900245464,-0.061614683436301165,-0.04395195511090206,0.006267536011969901,-0.04546953783880812,0.014159968823861668,-0.08428488644261078,0.04369865888947688,0.5089285714285714,112,0.3687002652519894,66,41,17,16,1,-0.04075297803781164,40,-0.002373527827406646
stock,CVX,PEAK3_MOD,0.24131842432266382,-0.427735251396669,-0.3291738037242664,-0.0805933022515436,-0.32971603425585383,-0.07847016868970036,-0.05738993377508411,-0.0071704426522121514,-0.06177149923458258,-0.002141992571912797,-0.0926677322017937,0.03531581313029397,0.6043956043956044,91,0.4188570050639016,39,30,9,12,1,-0.12953648598658973,29,-0.004124865888083562
stock,CVX,HYBRID25_MOD,0.2741098335450567,-0.39494384217427614,-0.35666034014498227,-0.10807983867225945,-0.3636248036287657,-0.11237893806261223,-0.05269039742064019,-0.0024709062977682286,-0.05393023092433346,0.005699275738336326,-0.09147190847889175,0.03651163685319592,0.5619047619047619,105,0.39932481311791657,52,34,12,15,1,-0.12953648598658973,33,-0.0004966438173902568
stock,CVX,CONFIRM_ADAPT,0.49233687203226295,-0.17671680368706988,-0.2530253306938649,-0.004444829221142088,-0.26111169336092965,-0.009865827794776183,-0.03954938581436492,0.010670105308507039,-0.04138167157966589,0.0182478350830039,-0.05546695512113353,0.07251659021095413,0.5178571428571429,112,0.36243067277550034,66,40,16,16,0,,40,-0.0004502598783241496
stock,CVX,LOSS4_SEV,0.8081954756755811,0.1391417999562483,-0.2137894659709937,0.03479103550172913,-0.21657823753120087,0.0346676280349526,-0.05664111369373903,-0.006421622570867071,-0.05970160721751519,-7.210055484540429e-05,-0.08742104058337696,0.040562504748710704,0.618421052631579,76,0.5034965034965035,13,13,0,5,0,,13,-0.0030836093790352903
stock,LIN,BASELINE,1.3449889898466814,0.0,-0.15027142481223799,0.0,-0.15378877107860134,0.0,-0.029692854512218345,0.0,-0.040983050394975865,0.0,-0.0760158825311038,0.0,0.68,75,0.5842777911743429,0,0,0,0,0,,0,
stock,LIN,ATR2_ONLY,0.9551173412409546,-0.38987164860572676,-0.16369285375974685,-0.013421428947508862,-0.17135707064216266,-0.017568299563561318,-0.035302515303286645,-0.0056096607910683,-0.04000090339698529,0.0009821469979905753,-0.06435457075298434,0.011661311778119465,0.5510204081632653,98,0.4666023631540873,35,27,10,6,0,,27,-0.011904741629644512
stock,LIN,ATR3_ONLY,1.1536728528463174,-0.19131613700036398,-0.16237885310259215,-0.01210742829035416,-0.17135707064216266,-0.017568299563561318,-0.04136941796705523,-0.011676563454836888,-0.044056363153406455,-0.003073312758430591,-0.06757704802372211,0.008438834507381698,0.6511627906976745,86,0.4986737400530504,23,22,5,5,0,,22,-0.014844230495492045
stock,LIN,LOSS2_MOD,1.1111442938085734,-0.23384469603810798,-0.16068133278409147,-0.010409907971853483,-0.17135707064216255,-0.017568299563561207,-0.03524997413359949,-0.005557119621381144,-0.039860627321191354,0.0011224230737845106,-0.06435457075298434,0.011661311778119465,0.5773195876288659,97,0.49312756209307934,32,25,8,6,0,,25,-0.010545974133023628
stock,LIN,LOSS3_MOD,1.2173860086021886,-0.12760298124449276,-0.16068133278409136,-0.010409907971853372,-0.17135707064216266,-0.017568299563561318,-0.03885473033553378,-0.009161875823315433,-0.04534950892679136,-0.004366458531815498,-0.06757704802372211,0.008438834507381698,0.6785714285714286,84,0.519893899204244,19,18,2,4,0,,18,-0.014209008099097328
stock,LIN,LOSS2_SEV,1.2554769420562297,-0.08951204779045163,-0.16068133278409158,-0.010409907971853594,-0.17135707064216266,-0.017568299563561318,-0.036399525182455594,-0.006706670670237249,-0.042195060950530536,-0.0012120105555546712,-0.06435457075298434,0.011661311778119465,0.6236559139784946,93,0.49674463467566915,27,22,5,6,0,,22,-0.009700728263909724
stock,LIN,PEAK2_MOD,0.9268246525533068,-0.41816433729337454,-0.1558499348827368,-0.00557851007049881,-0.1566172345936283,-0.002828463515026969,-0.037728822609578105,-0.00803596809735976,-0.04009737390339525,0.0008856764915806115,-0.06757704802372211,0.008438834507381698,0.6198347107438017,121,0.40897034000482274,61,39,20,7,1,-0.050079177883456394,38,-0.010323951698809678
stock,LIN,PEAK3_MOD,1.2418189746245791,-0.10317001522210223,-0.17643019947973926,-0.026158774667501272,-0.1771787925272923,-0.023390021448690956,-0.039727384028905896,-0.01003452951668755,-0.04622935800206157,-0.005246307607085707,-0.07064489648036587,0.005370986050737936,0.6666666666666666,99,0.4854111405835544,35,28,13,5,0,,28,-0.0072151517744704985
stock,LIN,HYBRID25_MOD,1.4077789572694566,0.0627899674227752,-0.13278134749615855,0.017490077316079433,-0.14067593077177865,0.013112840306822693,-0.036007245535673145,-0.0063143910234548,-0.03882080356863227,0.0021622468263435973,-0.06757704802372211,0.008438834507381698,0.6607142857142857,112,0.4588859416445623,51,34,17,7,1,-0.04902558038087412,33,-0.008888120769793735
stock,LIN,CONFIRM_ADAPT,1.0726415917127268,-0.2723473981339546,-0.1558499348827369,-0.005578510070498921,-0.15661723459362853,-0.002828463515027191,-0.034572152585656706,-0.00487929807343836,-0.037563005748847786,0.0034200446461280787,-0.06435457075298434,0.011661311778119465,0.5901639344262295,122,0.4034241620448517,63,40,21,7,0,,40,-0.009818526008083885
stock,LIN,LOSS4_SEV,1.2742721031006923,-0.07071688674598908,-0.16344998410156697,-0.013178559289328984,-0.16421037566210783,-0.010421604583506494,-0.04529392704459036,-0.015601072532372012,-0.052370808756222936,-0.011387758361247072,-0.07385343245333109,0.002162450077772715,0.6835443037974683,79,0.5579937304075235,8,7,0,3,0,,7,-0.010598292515818628
stock,NEE,BASELINE,0.52277343692236,0.0,-0.2688802284830031,0.0,-0.2760752757543068,0.0,-0.05004547024794401,0.0,-0.06863226401181989,0.0,-0.1156513168456984,0.0,0.6363636363636364,66,0.5215818664094526,0,0,0,0,0,,0,
stock,NEE,ATR2_ONLY,0.5964737715293804,0.07370033460702041,-0.23485745565005234,0.03402277283295074,-0.25158822662294156,0.024487049131365235,-0.05227153489938183,-0.00222606465143782,-0.05734839014910485,0.011283873862715038,-0.11876527041531237,-0.0031139535696139697,0.6022727272727273,88,0.4244031830238727,33,28,5,9,2,0.0046190851345999095,26,-0.0038639420982172937
stock,NEE,ATR3_ONLY,0.6968975925367467,0.17412415561438666,-0.18483827889092885,0.08404194959207423,-0.20588392330868055,0.07019135244562624,-0.049610729583479014,0.0004347406644649929,-0.05861963051249451,0.01001263349932538,-0.11060057741972384,0.00505073942597456,0.6375,80,0.4579213889558717,23,22,4,6,2,0.0013383819363606553,20,-0.007196131784304444
stock,NEE,LOSS2_MOD,0.5595904691412095,0.036817032218849466,-0.21434988831999602,0.05453034016300706,-0.2315290821583289,0.04454619359597789,-0.05124143510587691,-0.001195964857932906,-0.05715122869734952,0.011481035314470374,-0.11876527041531226,-0.0031139535696138587,0.6091954022988506,87,0.4316373281890523,31,26,3,7,2,0.004619085134599854,24,-0.0032753743664752457
stock,NEE,LOSS3_MOD,0.7350702721010809,0.2122968351787209,-0.19439928961991737,0.07448093886308571,-0.21519809021899372,0.06087718553531307,-0.04935261166138638,0.0006928585865576264,-0.056167339994602855,0.012464924017217036,-0.11060057741972384,0.00505073942597456,0.6296296296296297,81,0.4690137448758138,20,18,3,5,2,0.0013383819363606553,16,-0.006833960678476678
stock,NEE,LOSS2_SEV,0.6012556538662897,0.07848221694392965,-0.23366969176228847,0.035210536720714614,-0.2534546187971032,0.02262065695720361,-0.05410293525416658,-0.004057465006222574,-0.05990757752522871,0.00872468648659118,-0.11931880373938653,-0.003667486893688121,0.611764705882353,85,0.4405594405594406,29,25,3,6,2,0.00845168846096006,23,-0.006978321031477466
stock,NEE,PEAK2_MOD,0.41055705711295,-0.11221637980941002,-0.19486805001226926,0.07401217847073382,-0.1980920973344903,0.0779831784198165,-0.0419322198626308,0.008113250385313207,-0.046462561852060234,0.022169702159759656,-0.06670743964453807,0.048943877201160335,0.49074074074074076,108,0.3568844948155293,59,38,15,10,3,-1.053510200406856e-05,35,-0.007959432142606767
stock,NEE,PEAK3_MOD,0.6839842889646182,0.16121085204225816,-0.21434988831999602,0.05453034016300706,-0.2315290821583288,0.044546193595978,-0.052894416223811455,-0.002848945975867448,-0.05678190511796953,0.01185035889385036,-0.11876527041531226,-0.0031139535696138587,0.6021505376344086,93,0.4260911502290813,36,27,7,8,2,0.0046190851345997985,25,-0.006616906338450024
stock,NEE,HYBRID25_MOD,0.4914599164095772,-0.0313135205127828,-0.20568002897303084,0.06320019950997224,-0.22304879981524683,0.05302647593905996,-0.04514368836919962,0.004901781878744391,-0.05546002602525639,0.0131722379865635,-0.11876527041531226,-0.0031139535696138587,0.5555555555555556,99,0.39281408246925487,46,32,10,7,3,-0.004403992244573403,29,-0.006405066567400115
stock,NEE,CONFIRM_ADAPT,0.49784303891286896,-0.02493039800949104,-0.19486805001226848,0.0740121784707346,-0.19809209733448951,0.07798317841981728,-0.039005402791081924,0.011040067456862084,-0.04427020330525754,0.024362060706562348,-0.06670743964453818,0.048943877201160224,0.5046728971962616,107,0.35543766578249336,58,38,14,11,2,0.008451688460960005,36,-0.007210138838441537
stock,NEE,LOSS4_SEV,0.5103294251610946,-0.012444011761265417,-0.26302105002116694,0.005859178461836145,-0.2820481909221406,-0.0059729151678338255,-0.05755366302934669,-0.0075081927814026825,-0.0714368246243629,-0.002804560612543014,-0.14096297882963205,-0.025311661983933642,0.6351351351351351,74,0.4883047986496262,13,12,1,3,1,-0.025311661983933642,11,-0.007983497558667703
stock,PLD,BASELINE,1.4707955498787912,0.0,-0.3180605520179727,0.0,-0.3320646990810354,0.0,-0.05376154357085694,0.0,-0.07270870108474466,0.0,-0.127946660406982,0.0,0.6447368421052632,76,0.5172413793103449,0,0,0,0,0,,0,
stock,PLD,ATR2_ONLY,1.3191953827733096,-0.15160016710548163,-0.17778651911385113,0.14027403290412155,-0.18206767082111863,0.1499970282599168,-0.04942850038923052,0.004333043181626417,-0.05363446329363804,0.01907423779110662,-0.08966135607743686,0.03828530432954513,0.6043956043956044,91,0.43260188087774293,36,33,7,10,3,-0.06300104140720064,30,-0.0038458893819249052
stock,PLD,ATR3_ONLY,1.6405848400248475,0.16978929014605626,-0.2177111599999716,0.10034939201800108,-0.22178442963224887,0.11028026944878655,-0.05870010918150726,-0.004938565610650321,-0.05899901933523748,0.013709681749507173,-0.08100387830315947,0.04694278210382252,0.6666666666666666,84,0.4762478900409935,19,18,0,5,1,-0.017058676958315977,17,0.0009864297251171929
stock,PLD,LOSS2_MOD,1.3867383195395848,-0.08405723033920642,-0.1950081186065482,0.12305243341142447,-0.19919959983068225,0.13286509925035317,-0.05200850949795806,0.001753034072898882,-0.05630013063802725,0.016408570446717403,-0.08100387830315958,0.04694278210382241,0.6222222222222222,90,0.4571979744393537,31,28,5,8,3,-0.06300104140720071,25,-0.003090280306039799
stock,PLD,LOSS3_MOD,1.5522182724221993,0.0814227225434081,-0.2140375042823528,0.10402304773561988,-0.21812990213110062,0.1139347969499348,-0.055850255603488365,-0.002088712032631425,-0.061702196701738474,0.011006504383006183,-0.08100387830315958,0.04694278210382241,0.6626506024096386,83,0.4805883771401013,16,15,0,6,0,,15,-0.0011294268374130167
stock,PLD,LOSS2_SEV,1.187055481864065,-0.2837400680147262,-0.2628934397488891,0.05516711226908355,-0.2667314515088717,0.06533324757216374,-0.05575858161609765,-0.0019970380452407066,-0.0713756601188164,0.0013330409659282616,-0.15850322741704626,-0.03055656701006426,0.632183908045977,87,0.46949602122015915,26,25,5,4,3,-0.06300104140720071,22,-0.010411983763518212
stock,PLD,PEAK2_MOD,1.1471231195100762,-0.32367243036871507,-0.23973179286004642,0.07832875915792625,-0.2452969356125526,0.0867677634684828,-0.047815849662642324,0.0059456939082146165,-0.05619341794206551,0.016515283142679145,-0.15850322741704626,-0.03055656701006426,0.5660377358490566,106,0.3824451410658307,55,42,19,13,4,-0.043669978758568595,38,-0.01059774035714241
stock,PLD,PEAK3_MOD,1.2992016376750004,-0.17159391220379083,-0.28606686562763584,0.03199368639033684,-0.2943605831815831,0.03770411589945233,-0.056131180687771086,-0.002369637116914146,-0.06853377533611703,0.004174925748627628,-0.15850322741704626,-0.03055656701006426,0.6421052631578947,95,0.44538220400289363,36,30,10,9,1,0.04256615529514596,29,-0.012361583406810553
stock,PLD,HYBRID25_MOD,1.5398244115033082,0.06902886162451694,-0.1633363118119402,0.15472424020603248,-0.17307026652821034,0.15899443255282508,-0.04962776420567791,0.00413377936517903,-0.05305144961818608,0.019657251466558577,-0.08100387830315958,0.04694278210382241,0.6078431372549019,102,0.4198215577525922,46,35,13,11,2,-0.012276223557002253,33,-0.00967525642519645
stock,PLD,CONFIRM_ADAPT,1.5432326315447362,0.07243708166594498,-0.16333631181194008,0.1547242402060326,-0.17307026652821034,0.15899443255282508,-0.039243064821003704,0.014518478749853236,-0.0453552546462487,0.02735344643849596,-0.08100387830315947,0.04694278210382252,0.5714285714285714,105,0.3795514829997589,55,40,16,14,1,0.04256615529514596,39,-0.007888633968272383
stock,PLD,LOSS4_SEV,1.2710295932786861,-0.1997659566001051,-0.29696114189192124,0.021099410126051432,-0.3006217678456832,0.031442931235352245,-0.07142237672073476,-0.01766083314987782,-0.08611096047264749,-0.013402259387902835,-0.15850322741704626,-0.03055656701006426,0.6455696202531646,79,0.4972269110200145,10,10,0,2,0,,10,-0.013792293496449493
crypto,BTC,BASELINE,0.07244627437181483,0.0,-0.5272900151222275,0.0,-0.568841062117097,0.0,-0.12466505855805615,0.0,-0.1367584338397116,0.0,-0.25703713076495227,0.0,0.6056338028169014,71,0.42069849407241267,0,0,0,0,0,,0,
crypto,BTC,ATR2_ONLY,-0.3239254994939762,-0.39637177386579103,-0.5433121698598301,-0.0160221547376026,-0.5507846055032418,0.018056456613855132,-0.12109645153038984,0.003568607027666315,-0.13099204242266044,0.005766391417051153,-0.23739385912255495,0.01964327164239732,0.5679012345679012,81,0.32649791733418776,26,23,4,12,1,-0.024007317226590996,22,-0.008688232373852377
crypto,BTC,ATR3_ONLY,-0.35340267906733325,-0.4258489534391481,-0.6450099242241212,-0.11771990910189367,-0.6508183568562562,-0.08197729473915927,-0.12600702845959952,-0.0013419699015433662,-0.14726772635499508,-0.010509292515283486,-0.23739385912255473,0.019643271642397542,0.5844155844155844,77,0.3614226209548222,19,17,1,5,1,-0.057777936066410684,16,-0.007853564474308253
crypto,BTC,LOSS2_MOD,-0.3705626537291964,-0.4430089281010112,-0.5735265606323893,-0.046236545510161764,-0.5805046211783005,-0.011663559061203532,-0.12115214557338914,0.0035129129846670076,-0.13417537243836075,0.002583061401350839,-0.23739385912255484,0.01964327164239743,0.5625,80,0.3393143223325857,23,20,4,10,0,,20,-0.01258387897919197
crypto,BTC,LOSS3_MOD,-0.23445993484487515,-0.30690620921669,-0.6003363008463959,-0.07304628572416838,-0.6068756940025843,-0.03803463188548739,-0.1066645884619461,0.018000470096110055,-0.1321520450521113,0.00460638878760028,-0.23739385912255484,0.01964327164239743,0.5866666666666667,75,0.36975328420378084,16,14,1,5,0,,14,-0.00022860227343076054
crypto,BTC,LOSS2_SEV,-0.134297155748886,-0.20674343012070084,-0.5683714683126866,-0.04108145319045908,-0.5754338777136638,-0.006592815596566881,-0.12115214557338924,0.0035129129846669105,-0.12902934859885656,0.007729085240855027,-0.23739385912255495,0.01964327164239732,0.5875,80,0.3530919577058635,20,17,2,10,0,,17,0.0033817034360208702
crypto,BTC,PEAK2_MOD,-0.43203392724391576,-0.5044802016157306,-0.6670297431523742,-0.13973972803014667,-0.7006116082592102,-0.13177054614211325,-0.11051209014280076,0.014152968415255388,-0.11783366342400302,0.018924770415708572,-0.1743525216697409,0.08268460909521136,0.5058823529411764,85,0.30022428708747195,33,29,9,12,3,-0.08557566056176236,26,-0.012251963214354917
crypto,BTC,PEAK3_MOD,-0.2664747491137772,-0.33892102348559205,-0.602576652956095,-0.07528663783386746,-0.642658963481636,-0.07381790136453903,-0.11760263315877942,0.007062425399276734,-0.12321727369871088,0.013541160141000708,-0.1743525216697409,0.08268460909521136,0.5657894736842105,76,0.36398590195450176,19,18,3,8,0,,18,-0.011198969737177107
crypto,BTC,HYBRID25_MOD,-0.4178888767590685,-0.49033515113088333,-0.6210923542652693,-0.09380233914304181,-0.6272921319048013,-0.05845106978770431,-0.11176616337443127,0.012898895183624887,-0.12636194064234027,0.01039649319737132,-0.23739385912255484,0.01964327164239743,0.5180722891566265,83,0.31464274271066967,31,27,8,11,2,-0.03272353149252566,25,-0.014349067570217824
crypto,BTC,CONFIRM_ADAPT,-0.3772861119416614,-0.44973238631347623,-0.5518674480352266,-0.024577432912999075,-0.5591999001683321,0.009641161948764854,-0.10401436848534616,0.02065069007270999,-0.1180542086309787,0.018704225208732897,-0.23739385912255473,0.019643271642397542,0.5119047619047619,84,0.2950977250881128,33,28,8,12,0,,28,-0.01375888684021547
crypto,BTC,LOSS4_SEV,-0.15246171048501111,-0.22490798485682595,-0.58981741189539,-0.06252739677316255,-0.5967616095460011,-0.027920547428904152,-0.15517430037556923,-0.030509241817513078,-0.15233751185579464,-0.015579078016083048,-0.23739385912255484,0.01964327164239743,0.5972222222222222,72,0.3989106055751362,7,6,0,2,0,,6,0.003671514603036848
crypto,ETH,BASELINE,0.29392434613592466,0.0,-0.7591147633810964,0.0,-0.7717342290156299,0.0,-0.20619652675867256,0.0,-0.22200429773711194,0.0,-0.32129852030494943,0.0,0.6388888888888888,72,0.39098228663446055,0,0,0,0,0,,0,
crypto,ETH,ATR2_ONLY,0.620670959948346,0.3267466138124213,-0.6360966224557366,0.12301814092535979,-0.6551607470640696,0.11657348195156036,-0.13260322138546068,0.07359330537321188,-0.1409980327086229,0.08100626502848904,-0.19185736281088472,0.1294411574940647,0.5903614457831325,83,0.28373590982286634,24,21,3,12,1,0.14372820426780286,20,0.0006240213586631349
crypto,ETH,ATR3_ONLY,0.6821539193993638,0.3882295732634391,-0.7313794935580613,0.02773526982303509,-0.7454519510376287,0.0262822779780012,-0.13862900237243647,0.06756752438623609,-0.16415246565876815,0.057851832078343796,-0.2711710470607608,0.05012747324418865,0.6125,80,0.31143317230273754,16,15,1,7,1,0.05012747324418865,14,0.012380409441199986
crypto,ETH,LOSS2_MOD,0.7097887437468238,0.4158643976108991,-0.6539717993569372,0.10514296402415924,-0.6720994814344529,0.09963474758117707,-0.1326032213854608,0.07359330537321176,-0.14320042674329928,0.07880387099381267,-0.19185736281088472,0.1294411574940647,0.6024096385542169,83,0.2956521739130435,22,19,2,11,1,0.14372820426780286,18,0.004497408632646699
crypto,ETH,LOSS3_MOD,0.4699792621038539,0.17605491596792922,-0.7588979093669926,0.00021685401410376226,-0.7715287355224827,0.0002054934931472463,-0.15527790230400038,0.050918624454672184,-0.17498140233371134,0.0470228954034006,-0.2711710470607609,0.050127473244188536,0.6125,80,0.32302737520128827,16,15,1,7,1,0.050127473244188536,14,0.004968872608767732
crypto,ETH,LOSS2_SEV,0.7877543559909566,0.4938300098550319,-0.6593337345874102,0.09978102879368622,-0.6771805162729994,0.09455371274263058,-0.12494887091692332,0.08124765584174924,-0.14216035664665366,0.07984394109045828,-0.19185736281088472,0.1294411574940647,0.6024096385542169,83,0.30112721417069244,21,18,2,11,1,0.14372820426780286,17,0.007172394455070654
crypto,ETH,PEAK2_MOD,0.978231568626281,0.6843072224903564,-0.6143946533480824,0.144720110033014,-0.6345956979985059,0.13713853101712403,-0.12559942871040963,0.08059709804826293,-0.1372986674368661,0.08470563030024583,-0.17757031603714668,0.14372820426780275,0.5568181818181818,88,0.29887278582930754,25,23,7,13,1,0.14372820426780275,22,-0.0018982504465642808
crypto,ETH,PEAK3_MOD,0.08205143341614085,-0.2118729127197838,-0.7628524947124679,-0.003737731331371452,-0.775276148545708,-0.003541919530078097,-0.16995968312309598,0.03623684363557658,-0.18040525780097483,0.04159903993613712,-0.2711710470607608,0.05012747324418865,0.5625,80,0.3159420289855073,19,17,4,8,1,0.05012747324418865,16,-0.010577725953135657
crypto,ETH,HYBRID25_MOD,0.3014395995988737,0.007515253462949012,-0.6857899968986578,0.07332476648243857,-0.7022507912247014,0.06948343779092858,-0.14995387844853145,0.05624264831014111,-0.15019604902750772,0.07180824870960423,-0.17757031603714668,0.14372820426780275,0.5662650602409639,83,0.29307568438003223,24,22,6,11,1,0.14372820426780275,21,-0.009187913001299133
crypto,ETH,CONFIRM_ADAPT,0.7843934021403984,0.49046905600447377,-0.6094034201576088,0.14971134322348756,-0.6298659449078724,0.14186828410775754,-0.12484434244522083,0.08135218431345173,-0.14650981582177242,0.07549448191533953,-0.25244805108496093,0.0688504692199885,0.5632183908045977,87,0.28083735909822866,27,25,7,13,1,0.0688504692199885,24,-0.004628974034481699
crypto,ETH,LOSS4_SEV,0.308974186362855,0.015049840226930344,-0.7424566744685424,0.016658088912554048,-0.7559488219806355,0.015785407034994425,-0.18697806979198223,0.019218456966690334,-0.20232428885954595,0.01968000887756599,-0.2845082784127715,0.036790241892177944,0.6233766233766234,77,0.3600644122383253,11,11,1,4,1,0.0688504692199885,10,-0.01831623814313965
crypto,BNB,BASELINE,0.9519029149687179,0.0,-0.5942238991870472,0.0,-0.6361694848790918,0.0,-0.1625857271196615,0.0,-0.20900081381001037,0.0,-0.2945913588293151,0.0,0.6923076923076923,65,0.31183862433862436,0,0,0,0,0,,0,
crypto,BNB,ATR2_ONLY,0.16799511842869363,-0.7839077965400243,-0.7001797117667308,-0.10595581257968356,-0.7234041490235692,-0.08723466414447745,-0.1533526663932509,0.009233060726410586,-0.1810997604264155,0.02790105338359486,-0.2785532269905411,0.016038131838774006,0.6111111111111112,72,0.22685185185185186,24,22,5,7,1,-0.34675057157719225,21,-0.0024372250760109257
crypto,BNB,ATR3_ONLY,0.5577850151012418,-0.39411789986747614,-0.5960373617933943,-0.0018134626063470716,-0.6273287897365123,0.008840695142579458,-0.14873072929098463,0.013854997828676857,-0.18584511285675814,0.02315570095325223,-0.2785532269905412,0.016038131838773895,0.6617647058823529,68,0.251984126984127,17,16,1,5,0,,16,0.0020183355302028014
crypto,BNB,LOSS2_MOD,1.1489161650138326,0.19701325004511472,-0.6145318836381246,-0.0203079844510774,-0.668627984363844,-0.03245849948475221,-0.15217826605266205,0.01040746106699944,-0.1665574653922275,0.042443348417782883,-0.2785532269905412,0.016038131838773895,0.6527777777777778,72,0.24404761904761904,19,19,2,6,0,,19,-0.00320098301013744
crypto,BNB,LOSS3_MOD,0.649933402230138,-0.30196951273857997,-0.5855135952379892,0.00871030394905803,-0.6436820853146037,-0.00751260043551194,-0.17768641443170824,-0.015100687312046751,-0.19452600047597007,0.014474813334040298,-0.2785532269905413,0.016038131838773784,0.6865671641791045,67,0.2701719576719577,12,12,0,3,0,,12,-0.0024742265705287405
crypto,BNB,LOSS2_SEV,0.8178679814242888,-0.13403493354442908,-0.6145318836381246,-0.0203079844510774,-0.668627984363844,-0.03245849948475221,-0.15283635193603434,0.009749375183627146,-0.16655746539222752,0.042443348417782856,-0.2785532269905412,0.016038131838773895,0.647887323943662,71,0.24702380952380953,19,19,2,6,0,,19,-0.006179635191170427
crypto,BNB,PEAK2_MOD,0.7623919371117249,-0.189510977856993,-0.6145318836381245,-0.020307984451077288,-0.6686279843638439,-0.0324584994847521,-0.13840306928007218,0.02418265783958931,-0.14783957425535715,0.06116123955465322,-0.18789654183768656,0.10669481699162853,0.6081081081081081,74,0.23313492063492064,24,24,6,7,1,-0.2677278112391407,23,-0.008230993024313293
crypto,BNB,PEAK3_MOD,0.6615392856597146,-0.2903636293090033,-0.5894640791439644,0.004759820043082841,-0.6470781633794163,-0.010908678500324509,-0.1776864144317083,-0.015100687312046807,-0.19452600047597005,0.014474813334040326,-0.2785532269905412,0.016038131838773895,0.6716417910447762,67,0.26785714285714285,13,13,1,3,0,,13,-0.001957880719442473
crypto,BNB,HYBRID25_MOD,0.6256655941612097,-0.3262373208075082,-0.6145318836381246,-0.0203079844510774,-0.668627984363844,-0.03245849948475221,-0.15283635193603434,0.009749375183627146,-0.16655746539222752,0.042443348417782856,-0.2785532269905412,0.016038131838773895,0.647887323943662,71,0.2443783068783069,18,18,2,5,0,,18,-0.007297493364506346
crypto,BNB,CONFIRM_ADAPT,1.2098832036841332,0.25798028871541523,-0.6145318836381246,-0.0203079844510774,-0.668627984363844,-0.03245849948475221,-0.13840306928007218,0.02418265783958931,-0.14783957425535715,0.06116123955465322,-0.18789654183768656,0.10669481699162853,0.6216216216216216,74,0.23313492063492064,23,23,5,7,0,,23,-0.00599146941800236
crypto,BNB,LOSS4_SEV,1.2151745125569637,0.2632715975882458,-0.5888535192631733,0.0053703799238739025,-0.6465532886886796,-0.01038380380958781,-0.17118643566572048,-0.008600708546058988,-0.18335479535752672,0.025646018452483654,-0.2563361471594813,0.03825521166983381,0.6865671641791045,67,0.2959656084656085,5,5,0,3,0,,5,0.046263099977783016
crypto,SOL,BASELINE,1.431440078946435,0.0,-0.6322125785885401,0.0,-0.6591611372641959,0.0,-0.1529432826432901,0.0,-0.1863347655640341,0.0,-0.3081351481122183,0.0,0.5777777777777777,45,0.343424317617866,0,0,0,0,0,,0,
crypto,SOL,ATR2_ONLY,0.34098421592871153,-1.0904558630177235,-0.7387474318069713,-0.10653485321843126,-0.7476278281646587,-0.08846669090046277,-0.14313315538392893,0.009810127259361173,-0.15244464423947363,0.033890121324560485,-0.2000414142704433,0.10809373384177501,0.5,54,0.24367245657568237,24,19,3,7,0,,19,-0.015067915845639093
crypto,SOL,ATR3_ONLY,1.1697769945105798,-0.2616630844358552,-0.6717925756185028,-0.03957999702996273,-0.6958410245833622,-0.03667988731916627,-0.15198550672327224,0.0009577759200178615,-0.16532774619947382,0.021007019364560287,-0.19746281524768072,0.11067233286453759,0.58,50,0.3062034739454094,11,11,0,4,0,,11,-0.007735358949788768
crypto,SOL,LOSS2_MOD,0.31319451322033465,-1.1182455657261003,-0.7441614636170744,-0.11194888502853428,-0.7528578282972959,-0.09369669103309997,-0.1542751667385329,-0.0013318840952427913,-0.1528838120723778,0.033450953491656304,-0.17256512342983066,0.13557002468238766,0.5094339622641509,53,0.2684863523573201,21,17,2,7,0,,17,-0.014986655175211812
crypto,SOL,LOSS3_MOD,1.4986549275889085,0.06721484864247351,-0.6252916472703969,0.0069209313181431975,-0.6497389710472984,0.00942216621689751,-0.15858471859898868,-0.005641435955698576,-0.17336764849072653,0.012967117073307582,-0.2149228970248711,0.09321225108734721,0.58,50,0.315136476426799,9,9,0,1,0,,9,-0.004768991700688896
crypto,SOL,LOSS2_SEV,0.40610366269595266,-1.0253364162504823,-0.7346175292637245,-0.1024049506751844,-0.7436383076729887,-0.08447717040879277,-0.1394691664267967,0.013474116216493415,-0.14358076256326677,0.04275400300076734,-0.16716798829500878,0.14096715981720953,0.5094339622641509,53,0.27642679900744416,19,16,2,6,0,,16,-0.017073605631486667
crypto,SOL,PEAK2_MOD,0.2298530651158497,-1.2015870138305853,-0.7073918189424961,-0.07517924035395607,-0.7173380431777837,-0.05817690591358782,-0.15470675443355536,-0.0017634717902652586,-0.15288381207237786,0.03345095349165625,-0.17256512342983077,0.13557002468238755,0.46153846153846156,52,0.27791563275434245,19,15,3,7,0,,15,-0.00989946771505971
crypto,SOL,PEAK3_MOD,1.2510663502482995,-0.1803737286981355,-0.6065511932106484,0.025661385377891643,-0.6195010756296624,0.039660061634533506,-0.1585847185989888,-0.005641435955698687,-0.1703129474576928,0.016021818106341318,-0.2149228970248711,0.09321225108734721,0.54,50,0.31265508684863524,10,10,1,4,0,,10,-0.006275213636263999
crypto,SOL,HYBRID25_MOD,0.6794050486353416,-0.7520350303110934,-0.6830357014223963,-0.05082312283385626,-0.6938098293939375,-0.03464869212974164,-0.1551383421285777,-0.002195059485287587,-0.15788493940977943,0.028449826154254676,-0.2149228970248711,0.09321225108734721,0.5294117647058824,51,0.29826302729528537,15,13,1,5,0,,13,-0.00797556690136911
crypto,SOL,CONFIRM_ADAPT,0.23423478901848904,-1.197205289927946,-0.7063493137055583,-0.07413673511701824,-0.7163309743760664,-0.057169837111870514,-0.15427516673853306,-0.0013318840952429578,-0.15288381207237786,0.03345095349165625,-0.17256512342983077,0.13557002468238755,0.4716981132075472,53,0.2620347394540943,22,18,3,8,0,,18,-0.013962575667150935
crypto,SOL,LOSS4_SEV,1.743150507919038,0.3117104289726029,-0.5976694600504243,0.03454311853811576,-0.6154656215762472,0.043695515687948716,-0.15421309122502003,-0.0012698085817299254,-0.1919274284804141,-0.005592662916379998,-0.3081351481122183,0.0,0.5957446808510638,47,0.33300248138957816,3,3,0,0,0,,3,-0.020022905717941113
