### SPY
datetime;open;high;low;close;volume
2025-12-30;687.45001;688.56000;686.58002;687.010010;47160700
2025-12-29;687.53998;689.20001;686.070007;687.84998;62559500
2025-12-26;690.64001;691.65997;689.27002;690.31000;41613300
2025-12-24;687.95001;690.83002;687.79999;690.38000;39445600
2025-12-23;683.91998;688.20001;683.87000;687.96002;64840000
2025-12-22;683.94000;685.35999;680.59003;684.83002;69556700
2025-12-19;676.59003;681.090027;676.46997;680.59003;103599500
2025-12-18;677.59998;680.73999;674.90002;676.46997;108650100
2025-12-17;679.89001;680.44000;671.20001;671.40002;110625200
2025-12-16;679.22998;681.080017;674.97998;678.87000;122030600
2025-12-15;685.73999;685.76001;679.25;680.72998;90811000
2025-12-12;688.16998;688.88000;679.16998;681.76001;113160300
2025-12-11;685.14001;689.25;682.16998;689.16998;86173700
2025-12-10;682.56000;688.96997;681.31000;687.57001;85671300
2025-12-09;683.15002;685.39001;682.59003;683.039978;58310100
2025-12-08;686.59003;686.64001;681.57001;683.63000;55231500
2025-12-05;685.46997;688.39001;684.58002;685.69000;79241000
2025-12-04;685.29999;685.37000;681.34003;684.39001;61970300
2025-12-03;680.57001;684.90997;679.69000;683.89001;57238500
2025-12-02;681.91998;683.82001;679.33002;681.53003;62953800
2025-12-01;678.81000;682.98999;678.73999;680.27002;61201200
2025-11-28;680.85999;683.66998;680.5;683.39001;49212000
2025-11-26;677.63000;681.70001;676.71997;679.67999;71879600
2025-11-25;668.63000;676.21002;664.47998;675.020020;81077100
2025-11-24;662.69000;670.059998;661.59003;668.72998;80437900
2025-11-21;655.049988;664.54999;650.84998;659.030029;123956200
2025-11-20;672.90997;675.56000;651.89001;652.53003;165293500
2025-11-19;660.78003;667.34003;658.75;662.63000;94703000
2025-11-18;662.099976;665.12000;655.85999;660.080017;114467500
2025-11-17;669.70001;673.71002;662.16998;665.66998;90456100
2025-11-14;665.38000;675.65997;663.27002;671.92999;96846700
2025-11-13;680.5;680.85999;670.52002;672.039978;103457800
2025-11-12;684.78998;684.96002;680.95001;683.38000;62312500
2025-11-11;679.95001;683.57001;678.72998;683;58953400
2025-11-10;677.23999;682.17999;675.030029;681.44000;75842900
2025-11-07;667.90997;671.080017;661.21002;670.96997;100592400
2025-11-06;676.46997;677.38000;668.71997;670.31000;85035300
2025-11-05;674.97998;680.85999;674.16998;677.58002;74402400
2025-11-04;676.10999;679.96002;674.58002;675.23999;78427000
2025-11-03;685.66998;685.79999;679.94000;683.34003;57315000
2025-10-31;685.039978;685.080017;679.23999;682.059998;87164100
2025-10-30;683.90002;685.94000;679.83002;679.83002;76335800
2025-10-29;688.71997;689.70001;682.87000;687.39001;85657100
2025-10-28;687.049988;688.90997;684.83002;687.059998;61738100
2025-10-27;682.72998;685.53998;682.12000;685.23999;63339800
2025-10-24;676.46002;678.46997;675.65002;677.25;74356500
2025-10-23;668.12000;672.71002;667.79999;671.76001;65604500
2025-10-22;672;672;663.29999;667.79999;80564000
2025-10-21;671.44000;672.98999;669.97998;671.28998;56249000
2025-10-20;667.32001;672.21002;667.27002;671.29999;60493400
2025-10-17;659.5;665.76001;658.14001;664.39001;96500900
2025-10-16;666.82001;668.71002;657.10999;660.64001;110563300
2025-10-15;666.82001;670.22998;658.92999;665.16998;81702600
2025-10-14;657.16998;665.83002;653.16998;662.22998;88779600
2025-10-13;660.65002;665.13000;659.77002;663.039978;79560500
2025-10-10;672.13000;673.95001;652.84003;653.020020;159422600
2025-10-09;673.53003;673.94000;669.21002;671.15997;66501900
2025-10-08;670.25;673.21002;669.41998;673.10999;60702200
2025-10-07;672.53998;672.98999;667.66998;669.12000;72020100
2025-10-06;671.62000;672.51001;669.46002;671.60999;54623300
2025-10-03;669.98999;672.67999;668.15997;669.21002;70494400
2025-10-02;670.45001;670.57001;666.78003;669.21997;56896000
2025-10-01;663.16998;669.37000;663.059998;668.45001;72545400
2025-09-30;662.92999;666.65002;661.60999;666.17999;86288000
2025-09-29;664.35999;665.28003;661.85999;663.67999;73499000
2025-09-26;659.51001;662.37000;657.88000;661.82001;69179200
2025-09-25;657.94000;659.40997;654.40997;658.049988;89622100
2025-09-24;664.51001;664.60999;659.66998;661.099976;68082200
2025-09-23;666.71997;667.34003;661.97998;663.21002;81708900
2025-09-22;662.20001;667.28998;662.16998;666.84003;69452200
2025-09-19;662.33002;664.54999;660.37000;663.70001;97945600
2025-09-18;661.89001;664.89001;660.27002;662.26001;90459200
2025-09-17;660.010010;661.71997;654.29999;659.17999;101952200
2025-09-16;661.46997;661.78003;659.21002;660;61169000
2025-09-15;659.64001;661.039978;659.34003;660.90997;63772400
2025-09-12;657.59998;659.10999;656.90002;657.40997;72780100
2025-09-11;654.17999;658.33002;653.59003;657.63000;69934400
2025-09-10;653.62000;654.54999;650.63000;652.21002;78034500
2025-09-09;648.96997;650.85999;647.21997;650.33002;66133900
2025-09-08;648.62000;649.84003;647.22998;648.83002;63133100
2025-09-05;651.47998;652.21002;643.33002;647.23999;85178900
2025-09-04;644.41998;649.15002;643.51001;649.12000;65219200
2025-09-03;642.66998;644.21002;640.46002;643.73999;70820900
2025-09-02;637.5;640.48999;634.91998;640.27002;81983500
2025-08-29;647.46997;647.84003;643.14001;645.049988;74522200
2025-08-28;647.23999;649.47998;645.34003;648.91998;61519500
2025-08-27;644.57001;647.37000;644.41998;646.63000;48341100
2025-08-26;642.20001;645.51001;641.57001;645.15997;51581600
2025-08-25;644.039978;645.28998;642.34998;642.46997;51274300
2025-08-22;637.76001;646.5;637.25;645.31000;84083200
2025-08-21;636.28003;637.96997;633.81000;635.54999;54805800
2025-08-20;639.40002;639.65997;632.95001;638.10999;88890300
2025-08-19;643.12000;644.10999;638.47998;639.81000;69750700
2025-08-18;642.85999;644;642.17999;643.29999;43804900
2025-08-15;645.98999;646.090027;642.52002;643.44000;68592500
2025-08-14;642.78998;645.62000;642.34003;644.95001;59327500
2025-08-13;644.90997;646.19000;642.67999;644.89001;60092800
2025-08-12;638.28998;642.84998;636.78998;642.69000;64730800
2025-08-11;637.46002;638.95001;634.65997;635.91998;58742300
2025-08-08;634.059998;637.65002;633.73999;637.17999;64051600
2025-08-07;636.23999;636.97998;629.10999;632.25;74205800
2025-08-06;629.049988;633.44000;628.13000;632.78003;64357500
2025-08-05;631.78998;632.60999;627.039978;627.96997;68051400
2025-08-04;625.66998;631.21997;625.58002;631.16998;73218000
2025-08-01;626.29999;626.34003;619.28998;621.71997;140103600
2025-07-31;639.46002;639.84998;630.77002;632.080017;103385200
2025-07-30;635.91998;637.67999;631.53998;634.46002;80418900
2025-07-29;638.34998;638.66998;634.34003;635.26001;60556300
2025-07-28;637.47998;638.039978;635.53998;636.94000;54917100
2025-07-25;635.090027;637.58002;634.84003;637.099976;56865400
2025-07-24;634.59998;636.15002;633.98999;634.41998;71307100
2025-07-23;631.54999;634.21002;629.72998;634.21002;70511000
2025-07-22;629.099976;629.72998;626.19000;628.85999;60046300
2025-07-21;628.77002;631.53998;628.34003;628.77002;63375000
2025-07-18;629.29999;629.46997;626.46002;627.58002;65621600
2025-07-17;624.40002;628.40002;624.17999;628.039978;68885700
2025-07-16;623.73999;624.72998;618.049988;624.21997;88987500
2025-07-15;627.52002;627.85999;622.059998;622.14001;74317300
2025-07-14;623.15997;625.15997;621.79999;624.81000;51898500
2025-07-11;622.73999;624.85999;621.53003;623.62000;63670200
2025-07-10;624.20001;626.87000;623.010010;625.82001;57529000
2025-07-09;622.77002;624.71997;620.90997;624.059998;66113300
2025-07-08;621.34998;622.10999;619.52002;620.34003;59024600
2025-07-07;623.35999;624.030029;617.87000;620.67999;74814500
2025-07-03;622.45001;626.28003;622.42999;625.34003;51065800
2025-07-02;617.23999;620.48999;616.60999;620.45001;66510400
2025-07-01;616.35999;618.83002;615.52002;617.65002;70030100
2025-06-30;617.38000;619.21997;615.039978;617.84998;92502500
2025-06-27;612.88000;616.39001;610.83002;614.90997;86258400
2025-06-26;608.98999;612.31000;608.37000;611.87000;78548400
2025-06-25;607.90997;608.60999;605.53998;607.12000;62114800
2025-06-24;604.33002;607.84998;603.40997;606.78003;67735300
2025-06-23;595.039978;600.53998;591.89001;600.15002;87426000
2025-06-20;598.38000;599.46002;592.85999;594.28003;94051400
2025-06-18;598.44000;601.21997;596.46997;597.44000;76605000
2025-06-17;600.21002;601.75;596.76001;597.53003;82209400
2025-06-16;600.40002;604.45001;600.21997;602.67999;79984100
2025-06-13;598.5;601.84998;595.47998;597;89506000
2025-06-12;600.010010;603.75;599.52002;603.75;64129000
2025-06-11;604.19000;605.059998;599.27002;601.35999;73658200
2025-06-10;600.21997;603.46997;599.090027;603.080017;66247000
2025-06-09;599.71997;601.25;598.48999;599.67999;53016400
2025-06-06;598.65997;600.83002;596.85999;599.14001;66588700
2025-06-05;597.63000;599;591.049988;593.049988;92278700
2025-06-04;596.96002;597.95001;595.48999;595.92999;57314200
2025-06-03;592.34003;597.080017;591.84998;596.090027;63606200
2025-06-02;587.76001;592.78998;585.059998;592.71002;61630500
2025-05-30;588.92999;591.13000;583.23999;589.39001;90601200
2025-05-29;593.059998;593.20001;586.070007;590.049988;69973300
2025-05-28;591.56000;592.77002;586.98999;587.72998;68445500
2025-05-27;586.070007;591.31000;578.42999;591.15002;72588500
2025-05-23;575.97998;581.81000;575.59998;579.10999;76029000
2025-05-22;582.65997;586.62000;581.40997;583.090027;70860400
2025-05-21;588.44000;592.58002;581.82001;582.85999;95197700
2025-05-20;593.090027;594.049988;589.59998;592.84998;60614500
2025-05-19;588.099976;595.53998;588.099976;594.84998;68168500
2025-05-16;591.25;594.5;589.28003;594.20001;76052100
2025-05-15;585.56000;590.96997;585.099976;590.46002;71268100
2025-05-14;587.81000;588.97998;585.53998;587.59003;66283500
2025-05-13;583.40997;589.080017;582.84003;586.84003;67947200
2025-05-12;581.46997;583;577.039978;582.98999;78993600
2025-05-09;566.47998;567.5;562.76001;564.34003;37603400
2025-05-08;565.23999;570.31000;561.70001;565.059998;65130800
2025-05-07;560.15002;563.82001;556.039978;561.15002;55588000
2025-05-06;557.92999;563.34998;556.96002;558.79999;48264700
2025-05-05;562.57001;566.65002;561.70001;563.51001;38659200
2025-05-02;564.72998;568.38000;562.38000;566.76001;60717300
2025-05-01;560.37000;564.070007;557.85999;558.46997;63186100
2025-04-30;547.57001;556.52002;541.52002;554.53998;93101500
2025-04-29;548.90997;555.45001;548.54999;554.32001;47775100
2025-04-28;551.39001;553.54999;545.020020;550.84998;47613800
2025-04-25;546.65002;551.049988;543.69000;550.64001;61119600
2025-04-24;536.71997;547.42999;535.45001;546.69000;64150400
2025-04-23;540.42999;545.42999;533.88000;535.41998;90590700
2025-04-22;520.14001;529.29999;519.19000;527.25;75948100
2025-04-21;521.15997;521.70001;508.45999;513.88000;69368100
2025-04-17;527.64001;531.16998;523.90997;526.40997;79868100
2025-04-16;531.67999;537.89001;520.28998;525.65997;83484800
2025-04-15;539.66998;543.22998;536.81000;537.60999;56892900
2025-04-14;544.049988;544.28003;533.85999;539.12000;68034000
2025-04-11;523.010010;536.42999;520.070007;533.94000;97866300
2025-04-10;532.16998;533.5;509.32001;524.58002;162331200
2025-04-09;493.44000;548.62000;493.049988;548.62000;241867300
2025-04-08;521.85999;524.97998;489.16000;496.48001;165816600
2025-04-07;489.19000;523.16998;481.79999;504.38000;256611400
2025-04-04;523.66998;525.87000;505.059998;505.28000;217965100
2025-04-03;545.10999;547.96997;536.70001;536.70001;125986000
2025-04-02;555.049988;567.41998;554.81000;564.52002;76014500
2025-04-01;557.45001;562.94000;553.67999;560.96997;54609600
2025-03-31;549.83002;560.71002;546.87000;559.39001;95328200
2025-03-28;565.53003;566.27002;555.070007;555.65997;71662700
2025-03-27;567.17999;570.90002;564.94000;567.080017;42164200
2025-03-26;575.19000;576.33002;567.19000;568.59003;51848300
2025-03-25;575.29999;576.40997;573.69000;575.46002;38355700
2025-03-24;570.79999;575.15002;570.20001;574.080017;58766800
2025-03-21;559.28003;564.89001;558.030029;563.97998;83763000
2025-03-20;563.33002;570.57001;562.59998;565.48999;62958200
2025-03-19;562.83002;570.95001;561.63000;567.13000;66556000
2025-03-18;564.79999;565.020020;559.059998;561.020020;66041400
2025-03-17;562.78998;569.71002;562.34998;567.15002;49008700
2025-03-14;556.10999;563.83002;551.48999;562.81000;62660300
2025-03-13;558.48999;559.10999;549.67999;551.41998;74079400
2025-03-12;562.16998;563.10999;553.69000;558.87000;69588200
2025-03-11;559.40002;564.020020;552.020020;555.91998;88102100
2025-03-10;567.59003;569.53998;555.59003;560.58002;99326600
2025-03-07;570.90002;577.39001;565.63000;575.91998;81158800
2025-03-06;575.47998;580.16998;570.12000;572.71002;80094900
2025-03-05;576.69000;584.88000;573.080017;583.059998;71230500
2025-03-04;579.71002;585.39001;572.25;576.85999;109648200
2025-03-03;596.17999;597.34003;579.90002;583.77002;74249200
2025-02-28;585.56000;594.71997;582.44000;594.17999;88744100
2025-02-27;596.84998;598.020020;584.65002;585.049988;74196700
2025-02-26;595.92999;599.58002;591.85999;594.53998;43321600
2025-02-25;597.15002;597.89001;589.56000;594.23999;58266500
2025-02-24;602.020020;603.030029;596.48999;597.21002;50737200
2025-02-21;610.15997;610.29999;599.46997;599.94000;76519800
2025-02-20;611.53998;611.67999;607.020020;610.38000;36554000
2025-02-19;610.080017;613.22998;609.56000;612.92999;31011100
2025-02-18;610.88000;611.48999;608.38000;611.48999;26749000
2025-02-14;609.94000;610.98999;609.070007;609.70001;26910400
2025-02-13;604.47998;609.94000;603.20001;609.72998;40921300
2025-02-12;599.20001;604.54999;598.51001;603.35999;45076100
2025-02-11;602.54999;605.85999;602.42999;605.31000;30056700
2025-02-10;604.030029;605.5;602.73999;604.84998;26048700
2025-02-07;606.89001;608.13000;600.049988;600.77002;50788500
2025-02-06;605.98999;606.45001;602.63000;606.32001;35771500
2025-02-05;600.64001;604.37000;598.58002;604.21997;30653100
2025-02-04;597.83002;602.29999;597.28003;601.78003;33457800
2025-02-03;592.66998;600.28998;590.48999;597.77002;65857200
2025-01-31;607.5;609.96002;601.049988;601.82001;66566900
2025-01-30;603.96002;606.59998;600.71997;605.039978;39281300
2025-01-29;603.71997;604.13000;599.21997;601.81000;37177400
2025-01-28;600.62000;605.37000;597.25;604.52002;44433300
2025-01-27;594.81000;599.69000;594.64001;599.37000;70361100
2025-01-24;609.81000;610.78003;606.79999;607.96997;34604700
2025-01-23;605.79999;609.75;605.52002;609.75;41152100
2025-01-22;605.91998;607.82001;605.35999;606.44000;48196000
2025-01-21;600.66998;603.059998;598.66998;603.049988;42532900
2025-01-17;596.96002;599.35999;595.60999;597.58002;58070600
2025-01-16;594.16998;594.34998;590.92999;591.64001;43319700
2025-01-15;590.33002;593.94000;589.20001;592.78003;56900200
2025-01-14;584.35999;585;578.34998;582.19000;48420600
2025-01-13;575.77002;581.75;575.34998;581.39001;47910100
2025-01-10;585.88000;585.95001;578.54999;580.48999;73105000
2025-01-08;588.70001;590.58002;585.20001;589.48999;47304700
2025-01-07;597.41998;597.75;586.78003;588.63000;60393100
2025-01-06;596.27002;599.70001;593.59998;595.35999;47679400
2025-01-03;587.53003;592.59998;586.42999;591.95001;37888500
2025-01-02;589.39001;591.13000;580.5;584.64001;50204000
2024-12-31;589.90997;590.64001;584.41998;586.080017;57052700
2024-12-30;587.89001;591.73999;584.40997;588.21997;56578800
2024-12-27;597.53998;597.78003;590.76001;595.010010;64969300
2024-12-26;599.5;602.47998;598.080017;601.34003;41219100
2024-12-24;596.059998;601.34003;595.46997;601.29999;33160100
2024-12-23;590.89001;595.29999;587.65997;594.69000;57635800
2024-12-20;581.77002;595.75;580.90997;591.15002;125716700
2024-12-19;591.35999;593;585.84998;586.099976;85919500
2024-12-18;603.97998;606.40997;585.89001;586.28003;108248700
2024-12-17;604.19000;605.16998;602.89001;604.28998;55773500
2024-12-16;606;607.78003;605.21002;606.78998;43695200
2024-12-13;606.40002;607.13000;602.81000;604.21002;35904700
2024-12-12;606.58002;607.15997;604.33002;604.33002;31543800
2024-12-11;605.78003;608.42999;605.5;607.46002;28677700
2024-12-10;605.37000;605.79999;602.13000;602.79999;37234500
2024-12-09;607.69000;607.85999;604.080017;604.67999;34742700
2024-12-06;607.44000;609.070007;607.020020;607.81000;31241500
2024-12-05;607.65997;608.47998;606.29999;606.65997;28762200
2024-12-04;605.63000;607.90997;604.95001;607.65997;42787600
2024-12-03;603.39001;604.15997;602.34003;603.90997;26906600
2024-12-02;602.96997;604.32001;602.46997;603.63000;31746000
2024-11-29;599.65997;603.34998;599.38000;602.54999;30177400
2024-11-27;600.46002;600.84998;597.28003;598.83002;34000200
2024-11-26;598.79999;601.33002;598.070007;600.65002;45621300
2024-11-25;599.52002;600.85999;595.20001;597.53003;42441400
2024-11-22;593.65997;596.15002;593.15002;595.51001;38226400
2024-11-21;593.40002;595.12000;587.45001;593.66998;46750300
2024-11-20;590.38000;590.78998;584.63000;590.5;50032600
2024-11-19;584.71002;591.039978;584.030029;590.29999;49412000
2024-11-18;586.21997;589.48999;585.34003;588.15002;37001700
2024-11-15;589.71997;590.20001;583.85999;585.75;75988800
2024-11-14;597.32001;597.81000;592.65002;593.34998;38904100
2024-11-13;597.37000;599.22998;594.96002;597.19000;47388600
2024-11-12;598.67999;599.28998;594.37000;596.90002;43006100
2024-11-11;599.81000;600.16998;597;598.76001;37586800
2024-11-08;596.16998;599.64001;596.16998;598.19000;46444900
2024-11-07;593.080017;596.65002;593;595.60999;47233200
2024-11-06;589.20001;591.92999;585.39001;591.039978;68182000
2024-11-05;570.73999;576.73999;570.52002;576.70001;39478300
2024-11-04;571.17999;572.5;567.89001;569.81000;38217000
2024-11-01;571.32001;575.54999;570.62000;571.039978;45667500
2024-10-31;575.56000;575.63000;568.44000;568.64001;60182500
2024-10-30;581.28998;583.32001;579.28998;580.010010;41435800
2024-10-29;579.84998;582.90997;578.42999;581.77002;42899700
2024-10-28;582.58002;582.71002;580.52002;580.83002;30174700
2024-10-25;581.51001;584.46002;578.080017;579.039978;47268200
2024-10-24;579.97998;580.059998;576.57001;579.23999;34979900
2024-10-23;581.26001;581.71002;574.41998;577.98999;49314600
2024-10-22;581.049988;584.5;580.38000;583.32001;34183800
2024-10-21;583.84998;584.84998;580.59998;583.63000;36439000
2024-10-18;584.070007;585.39001;582.58002;584.59003;37416800
2024-10-17;585.90997;586.12000;582.15997;582.34998;34393700
2024-10-16;579.78003;582.83002;578.96002;582.29999;30725400
2024-10-15;584.59003;584.90002;578.53998;579.78003;54203600
2024-10-14;581.21997;585.27002;580.72998;584.32001;36217200
2024-10-11;576.049988;580.33002;575.90997;579.58002;42268000
2024-10-10;575.77002;577.58002;574.48999;576.13000;44138100
2024-10-09;573.15997;577.71002;572.54999;577.14001;37912200
2024-10-08;570.41998;573.78003;569.53003;573.16998;37398700
2024-10-07;571.29999;571.96002;566.63000;567.79999;49964700
2024-10-04;572.34998;573.35999;568.099976;572.97998;42939100
2024-10-03;567.35999;569.79999;565.48999;567.82001;40846500
2024-10-02;567.71002;569.90002;565.27002;568.85999;38097800
2024-10-01;573.40002;574.059998;566;568.62000;72668800
2024-09-30;570.41998;574.38000;568.080017;573.76001;63557400
2024-09-27;573.39001;574.21997;570.41998;571.46997;42100900
2024-09-26;574.38000;574.71002;569.90002;572.29999;48336000
2024-09-25;571.14001;571.89001;568.90997;570.039978;38428600
2024-09-24;570.47998;571.35999;567.59998;571.29999;46805700
2024-09-23;569.34003;570.33002;568.099976;569.66998;44116900
2024-09-20;567.84003;569.31000;565.16998;568.25;77503100
2024-09-19;571.010010;572.88000;568.080017;570.97998;75315500
2024-09-18;563.73999;568.69000;560.83002;561.40002;59044900
2024-09-17;565.099976;566.58002;560.78998;563.070007;49321000
2024-09-16;561.73999;563.10999;559.90002;562.84003;36656100
2024-09-13;559.71002;563.030029;559.45001;562.010010;39310500
2024-09-12;555.010010;559.40002;552.73999;559.090027;51819600
2024-09-11;548.70001;555.35999;539.96002;554.41998;75248600
2024-09-10;548.35999;549.15002;543.38000;548.78998;36394600
2024-09-09;544.65002;547.71002;542.67999;546.40997;40445800
2024-09-06;549.94000;551.59998;539.44000;540.35999;68493800
2024-09-05;550.89001;553.79999;547.099976;549.60999;44264300
2024-09-04;550.20001;554.42999;549.46002;550.95001;47224900
2024-09-03;560.46997;560.81000;549.51001;552.080017;60600100
2024-08-30;560.77002;564.20001;557.14001;563.67999;62700100
2024-08-29;560.31000;563.67999;557.17999;558.34998;38715200
2024-08-28;561.21002;561.65002;555.039978;558.29999;41066000
2024-08-27;559.48999;562.059998;558.32001;561.56000;32693900
2024-08-26;563.17999;563.90997;559.049988;560.78998;35788600
2024-08-23;559.53003;563.090027;557.28998;562.13000;50639400
2024-08-22;562.56000;563.17999;554.97998;556.21997;56121500
2024-08-21;559.77002;562.10999;554.72998;560.62000;41514600
2024-08-20;559.15002;560.84003;557.33002;558.70001;33732300
2024-08-19;554.72998;559.60999;553.85999;559.60999;39121800
2024-08-16;551.41998;555.020020;551.26001;554.31000;44430700
2024-08-15;549.5;553.35999;548.88000;553.070007;60846800
2024-08-14;542.84998;544.96002;540.12000;543.75;42446900
2024-08-13;536.53003;542.28003;536.28003;542.039978;52333100
2024-08-12;534.21002;535.72998;530.95001;533.27002;42542100
2024-08-09;529.81000;534.51001;528.56000;532.98999;45619600
2024-08-08;523.90997;531.28998;521.84003;530.65002;63276600
2024-08-07;528.46997;531.59003;518.049988;518.65997;70698300
2024-08-06;519.21997;529.75;517.87000;522.15002;84826300
2024-08-05;511.64001;523.58002;510.26999;517.38000;146267400
2024-08-02;535.75;536.98999;528.59998;532.90002;82789100
2024-08-01;552.57001;554.87000;539.42999;543.010010;76428700
2024-07-31;548.97998;553.5;547.58002;550.81000;65663400
2024-07-30;546.26001;547.34003;538.52002;542;46853600
2024-07-29;546.020020;547.049988;542.71997;544.76001;39515800
2024-07-26;542.28003;547.19000;541.48999;544.44000;53763800
2024-07-25;541.34998;547.46002;537.45001;538.40997;61158300
2024-07-24;548.85999;549.16998;540.28998;541.22998;74515300
2024-07-23;554.53998;556.73999;553.28003;553.78003;34439600
2024-07-22;553;555.27002;551.020020;554.65002;43346700
2024-07-19;552.41998;554.080017;547.90997;548.98999;65509100
2024-07-18;558.51001;559.52002;550.42999;552.65997;56270400
2024-07-17;558.79999;560.51001;556.60999;556.94000;57119000
2024-07-16;562.87000;565.15997;562.099976;564.85999;36475300
2024-07-15;562.030029;564.84003;559.63000;561.53003;40584300
2024-07-12;557.63000;563.66998;557.15002;559.98999;53084400
2024-07-11;561.44000;562.33002;555.83002;556.47998;53054200
2024-07-10;557.070007;561.66998;556.77002;561.32001;38701200
2024-07-09;556.26001;557.17999;555.52002;555.82001;27289700
2024-07-08;555.44000;556.25;554.19000;555.28003;36110500
2024-07-05;551.77002;555.049988;551.12000;554.64001;41488400
2024-07-03;548.69000;551.83002;548.65002;551.46002;32789900
2024-07-02;543.70001;549.010010;543.65002;549.010010;40434800
2024-07-01;545.63000;545.88000;542.52002;545.34003;40297800
2024-06-28;547.15997;550.28003;542.95001;544.21997;76144500
2024-06-27;545.37000;546.96002;544.60999;546.37000;35041500
2024-06-26;543.69000;546.23999;543.030029;545.51001;38550600
2024-06-25;543.98999;545.20001;542.44000;544.83002;37936200
2024-06-24;544.33002;546.95001;542.62000;542.73999;45528700
2024-06-21;544.40002;545.65002;543.020020;544.51001;64338600
2024-06-20;549.44000;550.12000;545.17999;547;70328200
2024-06-18;547.15997;548.62000;546.72998;548.48999;41376400
2024-06-17;542.080017;548.53003;541.60999;547.099976;55839500
2024-06-14;540.88000;542.81000;539.84998;542.78003;40089900
2024-06-13;543.15002;543.33002;539.59003;542.45001;44760900
2024-06-12;541.63000;544.12000;540.29999;541.35999;63251300
2024-06-11;534.070007;537.010010;532.049988;536.95001;36383400
2024-06-10;533.17999;535.98999;532.57001;535.65997;35686100
2024-06-07;533.65997;536.89001;532.53998;534.010010;43224500
2024-06-06;534.97998;535.41998;532.67999;534.65997;30808500
2024-06-05;530.77002;534.69000;528.72998;534.66998;47610400
2024-06-04;526.46002;529.15002;524.96002;528.39001;34632700
2024-06-03;529.020020;529.31000;522.59998;527.79999;46835700
2024-05-31;523.59003;527.5;518.35999;527.37000;90785800
2024-05-30;524.52002;525.20001;521.33002;522.60999;46377600
2024-05-29;525.67999;527.31000;525.37000;526.099976;45190300
2024-05-28;530.27002;530.51001;527.10999;529.81000;36269600
2024-05-24;527.84998;530.27002;526.88000;529.44000;41291100
2024-05-23;532.96002;533.070007;524.71997;525.96002;57211200
2024-05-22;530.65002;531.38000;527.59998;529.83002;48390000
2024-05-21;529.28003;531.52002;529.070007;531.35999;33437000
2024-05-20;529.57001;531.56000;529.16998;530.059998;37764200
2024-05-17;528.81000;529.52002;527.32001;529.45001;59187600
2024-05-16;529.88000;531.52002;528.53998;528.69000;50244800
2024-05-15;525.83002;530.080017;525.17999;529.78003;59504900
2024-05-14;521.10999;523.83002;520.56000;523.29999;57535900
2024-05-13;522.56000;522.66998;519.73999;520.90997;36716400
2024-05-10;521.81000;522.64001;519.59003;520.84003;52233200
2024-05-09;517.38000;520.21002;516.71002;520.16998;43643700
2024-05-08;515.26001;517.73999;515.14001;517.19000;42047200
2024-05-07;517.56000;518.57001;516.45001;517.14001;52561300
2024-05-06;513.75;516.60999;513.29999;516.57001;47264700
2024-05-03;511.16000;512.54999;508.56000;511.29001;72756700
2024-05-02;504.14999;505.89001;499.54999;505.029999;62550200
2024-05-01;501.38000;508.19000;499.87000;500.35001;80242800
2024-04-30;508.56000;509.56000;501.98001;501.98001;77483600
2024-04-29;510.089996;510.75;507.25;510.059998;46415400
2024-04-26;506.35001;509.88000;505.70001;508.26001;64306100
2024-04-25;499.17999;504.26999;497.48999;503.48999;69122400
2024-04-24;506.56000;507.37000;503.13000;505.41000;55928100
2024-04-23;501.78000;506.089996;499.53000;505.64999;64633600
2024-04-22;497.82999;502.38000;495.42999;499.72000;67961000
2024-04-19;499.44000;500.45999;493.85999;495.16000;102212600
2024-04-18;501.98001;504.13000;498.56000;499.51999;74548100
2024-04-17;506.049988;506.22000;499.12000;500.54999;75910300
2024-04-16;504.94000;506.5;502.20999;503.53000;73484000
2024-04-15;515.13000;515.29999;503.57999;504.45001;92101400
2024-04-12;514.37000;515.82001;509.079987;510.85001;92561100
2024-04-11;515.67999;519.47998;512.080017;518;70099000
2024-04-10;513.47998;516.15997;512.090027;514.12000;82652800
2024-04-09;520.5;520.75;514.34998;519.32001;68049200
2024-04-08;519.15002;520.17999;517.89001;518.71997;48401800
2024-04-05;514.46002;520.44000;514.010010;518.42999;74546500
2024-04-04;523.52002;523.87000;512.76001;513.070007;96858100
2024-04-03;517.71997;520.95001;517.66998;519.40997;59155800
2024-04-02;518.23999;518.97998;516.47998;518.84003;74230300
2024-04-01;523.83002;524.38000;520.96997;522.15997;62477500
2024-03-28;523.21002;524.60999;522.78003;523.070007;96294900
2024-03-27;521.71002;523.21002;519.48999;523.16998;82999800
2024-03-26;521.22998;521.58002;518.40002;518.81000;65463700
2024-03-25;519.79999;520.95001;519.60999;519.77002;48512100
2024-03-22;522.10999;522.60999;520.96997;521.21002;79070800
2024-03-21;523.39001;524.10999;521.90997;522.20001;60256100
2024-03-20;515.77002;520.62000;515.080017;520.47998;69594600
2024-03-19;512.15002;516;511.12000;515.71002;60755300
2024-03-18;514;515.47998;512.44000;512.85999;88893300
2024-03-15;510.20999;511.70001;508.12000;509.82999;107646300
2024-03-14;516.96997;517.13000;511.82001;514.95001;110171800
2024-03-13;517.10999;517.28998;514.48999;515.96997;55104100
2024-03-12;513.45001;517.38000;510.85999;516.78003;73114400
2024-03-11;510.48001;511.88000;508.5;511.28000;62557200
2024-03-08;515.46002;518.21997;511.13000;511.72000;86532500
2024-03-07;513.14001;515.89001;509.81000;514.81000;58652100
2024-03-06;510.54999;512.070007;508.42001;509.75;68382400
2024-03-05;510.23999;510.70001;504.91000;507.17999;72855600
2024-03-04;512.030029;514.20001;512;512.29999;49799300
2024-03-01;508.98001;513.28998;508.56000;512.84998;76844800
2024-02-29;508.070007;509.73999;505.35001;508.079987;83924800
2024-02-28;505.32999;506.85999;504.95999;506.26001;56506600
2024-02-27;506.70001;507.16000;504.75;506.92999;48854500
2024-02-26;508.29999;508.75;505.85999;505.98999;50386700
2024-02-23;509.26999;510.13000;507.10001;507.85001;61321800
2024-02-22;504.010010;508.48999;503.019989;507.5;76402500
2024-02-21;495.42001;497.37000;493.56000;497.20999;59293400
2024-02-20;497.72000;498.41000;494.45001;496.76001;71736700
2024-02-16;501.70001;502.87000;498.75;499.51001;75532900
2024-02-15;499.29001;502.20001;498.79999;502.010010;61683000
2024-02-14;496.79001;499.070007;494.39999;498.57001;68387800
2024-02-13;494.53000;497.089996;490.72000;494.079987;113099200
2024-02-12;501.17001;503.5;500.23999;500.98001;56502300
2024-02-09;498.84000;501.64999;498.48999;501.20001;63979400
2024-02-08;498.10001;498.70999;497.26001;498.32001;52343600
2024-02-07;496.29001;498.53000;495.35999;498.10001;70556500
2024-02-06;493.51999;494.32001;492.049988;493.98001;55918600
2024-02-05;493.70001;494.38000;490.23001;492.54999;75757100
2024-02-02;489.64999;496.049988;489.29999;494.35001;99228200
2024-02-01;484.63000;489.23001;483.79999;489.20001;91891600
2024-01-31;488.62000;489.079987;482.85999;482.88000;126011100
2024-01-30;490.56000;491.62000;490.10999;490.89001;58618400
2024-01-29;487.73001;491.42001;487.17001;491.26999;61322800
2024-01-26;487.59000;489.12000;486.54001;487.41000;76641600
2024-01-25;487.57999;488.31000;485.39001;488.029999;72525000
2024-01-24;487.81000;488.76999;484.88000;485.39001;81765000
2024-01-23;484.010010;485.10999;482.89001;484.85999;49945300
2024-01-22;484.010010;485.22000;482.78000;483.45001;75844900
2024-01-19;477.64999;482.72000;476.54001;482.42999;110834500
2024-01-18;474.010010;477.059998;472.42001;476.48999;91856200
2024-01-17;471.82001;472.79001;469.87000;472.29001;68843900
2024-01-16;475.26001;476.60999;473.059998;474.92999;85014900
2024-01-12;477.84000;478.60001;475.23001;476.67999;58026400
2024-01-11;477.59000;478.12000;472.26001;476.35001;77940700
2024-01-10;474.16000;477.45001;473.87000;476.56000;67310600
2024-01-09;471.87000;474.92999;471.35001;473.88000;65931400
2024-01-08;468.42999;474.75;468.29999;474.60001;74879100
2024-01-05;467.48999;470.44000;466.42999;467.92001;86118900
2024-01-04;468.29999;470.95999;467.049988;467.28000;84232200
2024-01-03;470.42999;471.19000;468.17001;468.79001;103585900
2024-01-02;472.16000;473.67001;470.48999;472.64999;123623700
2023-12-29;476.48999;477.029999;473.29999;475.31000;122283100
2023-12-28;476.88000;477.54999;476.26001;476.69000;77158100
2023-12-27;475.44000;476.66000;474.89001;476.51001;68000300
2023-12-26;474.070007;476.57999;473.98999;475.64999;55387000
2023-12-22;473.85999;475.38000;471.70001;473.64999;67160400
2023-12-21;471.32999;472.98001;468.84000;472.70001;86667500
2023-12-20;473.95999;475.89999;467.82001;468.26001;102921000
2023-12-19;472.53000;474.92001;472.45001;474.84000;55761800
2023-12-18;470.98001;472.98001;469.89001;471.97000;70375300
2023-12-15;469.48999;470.70001;467.42999;469.32999;141553700
2023-12-14;472.5;473.73001;469.25;472.010010;119026000
2023-12-13;464.48999;470.76001;464.12000;470.5;93278000
2023-12-12;461.63000;464.20001;460.60001;464.10001;68327600
2023-12-11;459.69000;462.17001;459.47000;461.98999;65002200
2023-12-08;457.45999;460.75;457.20999;460.20001;83194400
2023-12-07;456.91000;458.89999;456.29001;458.23001;66995400
2023-12-06;458.81000;458.84000;454.31000;454.76001;69124700
2023-12-05;455.26001;457.59000;454.87000;456.60001;69793500
2023-12-04;455.60001;459.12000;454.34000;456.69000;72430900
2023-12-01;455.76999;459.64999;455.16000;459.10001;89183400
2023-11-30;455.48001;456.76001;453.34000;456.39999;79752700
2023-11-29;457.14999;458.32001;454.20001;454.60999;63146000
2023-11-28;454.079987;456.26999;453.5;454.92999;62115000
2023-11-27;454.64999;455.48999;454.079987;454.48001;50506000
2023-11-24;455.070007;455.5;454.73001;455.29999;29737400
2023-11-22;454.98001;456.38000;453.89001;455.019989;59394900
2023-11-21;453.17999;454.13000;451.95999;453.26999;49244600
2023-11-20;450.53000;455.13000;450.51999;454.26001;69936200
2023-11-17;450.23999;451.42001;449.29001;450.79001;83133200
2023-11-16;449.22000;450.56000;448.12000;450.23001;66665800
2023-11-15;450.10999;451.38000;448.79999;449.67999;77327600
2023-11-14;446.32001;450.059998;446.089996;448.73001;97176900
2023-11-13;439.23001;441.32999;438.42001;440.19000;52236100
2023-11-10;435.98001;440.92999;433.82999;440.60999;89462200
2023-11-09;438.42999;438.47000;433.39999;433.84000;83174400
2023-11-08;437.54999;438.089996;434.87000;437.25;61746000
2023-11-07;435.69000;437.59000;434.51001;436.92999;64256100
2023-11-06;435.47000;436.14999;433.67999;435.69000;67831700
2023-11-03;433.14001;436.29001;433.010010;434.69000;100167800
2023-11-02;426.57999;430.92001;426.56000;430.76001;94938900
2023-11-01;419.20001;423.5;418.64999;422.66000;98068100
2023-10-31;416.17999;418.53000;414.20999;418.20001;79665200
2023-10-30;413.56000;416.67999;412.22000;415.59000;86562700
2023-10-27;414.19000;414.60001;409.20999;410.67999;107367700
2023-10-26;416.45001;417.32999;411.60001;412.54999;115156800
2023-10-25;421.89001;421.92001;417.019989;417.54999;94223200
2023-10-24;422.64999;424.82001;420.73999;423.63000;78564200
2023-10-23;419.60999;424.45001;417.79999;420.45999;92035100
2023-10-20;425.98001;426.54001;421.079987;421.19000;123919900
2023-10-19;430.95001;432.82001;425.73001;426.42999;121323000
2023-10-18;434.19000;435.17999;429.089996;430.20999;93559800
2023-10-17;432.81000;438.14001;432.45001;436.019989;75324700
2023-10-16;433.82001;437.14001;433.57001;436.040009;75433200
2023-10-13;435.20999;436.45001;429.88000;431.5;95143100
2023-10-12;436.95001;437.34000;431.23001;433.66000;81154200
2023-10-11;435.64001;436.57999;433.17999;436.32001;62451700
2023-10-10;432.94000;437.22000;432.53000;434.54001;78607300
2023-10-09;427.57999;432.88000;427.010010;432.29001;80374400
2023-10-06;421.97000;431.13000;420.60001;429.54001;113273300
2023-10-05;424.35999;425.37000;421.17001;424.5;70142700
2023-10-04;422.070007;425.42999;420.56000;424.66000;87453000
2023-10-03;425.059998;427.37000;420.17999;421.59000;103760600
2023-10-02;426.62000;428.60001;424.45999;427.31000;83798600
2023-09-29;431.67001;431.85001;425.91000;427.48001;115111300
2023-09-28;425.48001;430.25;424.87000;428.51999;92258300
2023-09-27;427.089996;427.67001;422.29001;426.049988;104705800
2023-09-26;429.089996;429.82001;425.019989;425.88000;96168400
2023-09-25;429.17001;432.26999;428.72000;432.23001;70874500
2023-09-22;432.45001;434.10001;429.98999;430.42001;100829700
2023-09-21;435.70001;435.97000;431.23001;431.39001;104095800
2023-09-20;444.010010;444.44000;438.42999;438.64001;82562600
2023-09-19;442.67999;443.29001;439.94000;442.70999;66514600
2023-09-18;443.049988;444.97000;442.56000;443.63000;55752200
2023-09-15;447.14001;447.48001;442.92001;443.37000;111848900
2023-09-14;449.070007;451.079987;447.72000;450.35999;83430800
2023-09-13;446.22000;447.70999;445.079987;446.51001;60199300
2023-09-12;446.95001;448.53000;445.39001;445.98999;67565400
2023-09-11;448.23999;448.76999;446.47000;448.45001;60180100
2023-09-08;444.89999;447.10999;444.53000;445.51999;61659700
2023-09-07;443.10999;445.54999;442.75;444.85001;70355400
2023-09-06;448.39999;448.51001;443.81000;446.22000;70758500
2023-09-05;450.73001;451.059998;449.17001;449.23999;55166200
2023-09-01;453.17001;453.67001;449.67999;451.19000;58944100
2023-08-31;451.64999;452.82999;450.16000;450.35001;66084600
2023-08-30;449.51001;451.67001;448.78000;451.010010;69053900
2023-08-29;442.64999;449.45001;442.45999;449.16000;83081900
2023-08-28;442.23999;443.39999;439.97000;442.76001;61595400
2023-08-25;438.67999;441.29999;435;439.97000;102325100
2023-08-24;444.69000;445.22000;436.85999;436.89001;88517300
2023-08-23;439.25;443.67001;439.10001;443.029999;68441000
2023-08-22;441.17999;441.17999;437.57001;438.14999;64994200
2023-08-21;437.54999;440.10999;435.32001;439.34000;68719000
2023-08-18;433.37000;437.57001;433.010010;436.5;98852000
2023-08-17;441.16000;441.42999;435.75;436.29001;95711300
2023-08-16;442.45999;444.17999;439.53000;439.64001;80107200
2023-08-15;446.26999;446.64001;442.29999;442.89001;75707500
2023-08-14;444.70001;448.10999;444.38000;448.10999;47867400
2023-08-11;443.97000;446.70001;443.35001;445.64999;68690900
2023-08-10;448.19000;451.70001;444.70001;445.91000;93005500
2023-08-09;449.029999;449.20001;444.95999;445.75;78789600
2023-08-08;448.079987;450.70001;445.26999;448.75;71361300
2023-08-07;448.70999;450.87000;447.98999;450.70999;58357500
2023-08-04;450.72000;452.89999;446.26999;446.81000;100128900
2023-08-03;448.040009;450.79001;447.37000;448.84000;64276100
2023-08-02;453.25;453.51999;449.35001;450.13000;93933400
2023-08-01;456.26999;457.25;455.48999;456.48001;55291500
2023-07-31;457.41000;458.16000;456.049988;457.79001;62040400
2023-07-28;455.88000;457.78000;452.48999;456.92001;80011800
2023-07-27;459.019989;459.44000;451.54999;452.48999;92194400
2023-07-26;454.47000;456.98999;453.38000;455.51001;71052900
2023-07-25;453.92001;456.73999;453.87000;455.44000;55191200
2023-07-24;453.37000;455.040009;452.29999;454.20001;54023400
2023-07-21;453.95999;454.17001;452.17001;452.17999;71275600
2023-07-20;454.17001;455.10001;451.44000;452.17999;70591600
2023-07-19;455.010010;456.42999;454.10999;455.20001;65891700
2023-07-18;450.5;454.85999;450.049988;454.19000;80668200
2023-07-17;449.13000;451.92999;449.079987;450.84000;52680200
2023-07-14;450.48001;451.35999;448.48999;449.28000;69815800
2023-07-13;447.89999;450.38000;447.45001;449.56000;72425200
2023-07-12;446.39001;447.48001;444.91000;446.019989;91924500
2023-07-11;440.45001;442.97000;439.44000;442.45999;64463800
2023-07-10;438.17999;439.84000;437.59000;439.66000;62443500
2023-07-07;438.63000;442.64001;438.29999;438.54999;86134200
2023-07-06;439.42001;440.10001;437.059998;439.66000;80658300
2023-07-05;441.91000;443.89001;441.89999;443.13000;58418400
2023-07-03;442.92001;444.079987;442.63000;443.79001;32793400
2023-06-30;441.44000;444.29999;441.10999;443.28000;104964000
2023-06-29;435.95999;438.28000;435.54001;438.10999;67882300
2023-06-28;435.049988;437.44000;434.41000;436.39001;75636000
2023-06-27;432.35001;436.81000;431.88000;436.17001;72813700
2023-06-26;432.62000;434.60999;431.19000;431.44000;72823600
2023-06-23;432.92999;435.059998;432.47000;433.20999;92074500
2023-06-22;433.95001;436.62000;433.60001;436.51001;70637200
2023-06-21;436.16000;436.98999;434.32999;434.94000;76982300
2023-06-20;437.45001;438.37000;435.029999;437.17999;76160400
2023-06-16;443.019989;443.60999;438.97000;439.45999;114165800
2023-06-15;436.32999;443.89999;436.23001;442.60001;110303100
2023-06-14;437.010010;439.059998;433.59000;437.17999;100612100
2023-06-13;435.32001;437.32999;434.63000;436.66000;95899700
2023-06-12;430.92001;433.88000;430.17001;433.79999;76104300
2023-06-09;429.95999;431.98999;428.87000;429.89999;85742800
2023-06-08;426.62000;429.60001;425.82001;429.13000;61952800
2023-06-07;428.44000;429.62000;426.10999;426.54999;85373300
2023-06-06;426.67001;428.57999;425.98999;428.029999;64022200
2023-06-05;428.28000;429.62000;426.37000;427.10001;65460200
2023-06-02;424.5;428.73999;423.95001;427.92001;91426200
2023-06-01;418.089996;422.92001;416.79001;421.82001;88865000
2023-05-31;418.28000;419.22000;416.22000;417.85001;110811800
2023-05-30;422.029999;422.57999;418.73999;420.17999;72216000
2023-05-26;415.32999;420.76999;415.25;420.019989;93830000
2023-05-25;414.73999;416.16000;412.41000;414.64999;90961600
2023-05-24;412.42001;412.82001;409.88000;411.089996;89213700
2023-05-23;417.079987;418.72000;413.67999;414.089996;86383500
2023-05-22;418.64001;420.39001;417.35001;418.79001;60745400
2023-05-19;420.17001;420.72000;417.35001;418.62000;103793300
2023-05-18;414.89999;419.67001;414.67001;419.23001;97177200
2023-05-17;412.35001;415.85999;410.64001;415.23001;87287000
2023-05-16;411.85999;412.82001;410.23999;410.25;57705500
2023-05-15;412.22000;413.42999;410.23001;413.010010;54289400
2023-05-12;413.42001;413.64001;409.070007;411.59000;70481500
2023-05-11;411.95001;412.42999;409.97000;412.13000;70157100
2023-05-10;413.88000;414.54001;408.87000;412.85001;96142900
2023-05-09;411.13000;412.089996;410.69000;410.92999;49220100
2023-05-08;412.97000;413.23999;411.28000;412.73999;50046800
2023-05-05;408.91000;413.72000;408.64001;412.63000;87891800
2023-05-04;406.92999;407.26999;403.73999;405.13000;94901900
2023-05-03;411.35999;413.87000;407.76999;408.019989;91531800
2023-05-02;414.76999;414.82001;407.82001;410.84000;103998500
2023-05-01;415.47000;417.62000;415.26999;415.51001;62122300
2023-04-28;411.48999;415.94000;411.42999;415.92999;89433100
2023-04-27;407;412.69000;406.73999;412.41000;92968400
2023-04-26;406.72000;407.84000;403.78000;404.35999;80447000
2023-04-25;410.57999;411.16000;406.019989;406.079987;97766700
2023-04-24;411.98999;413.070007;410.60001;412.63000;64332100
2023-04-21;412.19000;412.67999;410.17001;412.20001;73457400
2023-04-20;411.20999;413.70001;410.26999;411.88000;75840400
2023-04-19;412.22000;415.079987;412.16000;414.14001;55227300
2023-04-18;415.57999;415.72000;412.78000;414.20999;63560000
2023-04-17;412.37000;413.95999;411.089996;413.94000;66436400
2023-04-14;412.81000;415.089996;410.059998;412.45999;78161500
2023-04-13;409.17999;413.84000;407.98999;413.47000;85814800
2023-04-12;411.87000;412.17001;407.44000;408.049988;86420400
2023-04-11;410.26001;411.17999;408.92001;409.72000;59297900
2023-04-10;406.60999;409.69000;405.97000;409.60999;63681000
2023-04-06;406.76999;409.48001;405.67999;409.19000;63743300
2023-04-05;407.91000;408.70001;405.88000;407.60001;65200200
2023-04-04;411.62000;411.92001;407.23999;408.67001;66601500
2023-04-03;408.85001;411.37000;408.44000;410.95001;67391100
2023-03-31;404.66000;409.70001;404.54999;409.39001;112062600
2023-03-30;404.089996;404.35001;401.76001;403.70001;69840000
2023-03-29;399.92999;401.60001;398.67999;401.35001;77497900
2023-03-28;395.76999;396.48999;393.69000;395.60001;62871700
2023-03-27;398.12000;398.92001;395.56000;396.48999;74010400
2023-03-24;391.84000;395.84000;389.39999;395.75;107682400
2023-03-23;395.089996;399.29001;390.35001;393.17001;119351300
2023-03-22;398.73001;402.48999;392.070007;392.10999;111746600
2023-03-21;397.23999;399.41000;395.57999;398.91000;91524200
2023-03-20;390.79999;394.17001;390.070007;393.73999;93055800
2023-03-17;393.22000;394.39999;388.54999;389.98999;140553400
2023-03-16;386.82001;396.47000;386.29001;396.10999;143254200
2023-03-15;385.89001;389.48999;383.70999;389.28000;172996900
2023-03-14;390.5;393.45001;387.049988;391.73001;149752400
2023-03-13;381.81000;390.39001;380.64999;385.35999;157790000
2023-03-10;390.98999;393.16000;384.32001;385.91000;189253000
2023-03-09;399.73999;401.48001;390.53000;391.56000;111945300
2023-03-08;398.39001;399.70999;396.59000;398.92001;74746600
2023-03-07;404.42001;404.67001;397.63000;398.26999;108310600
2023-03-06;405.049988;407.45001;404.010010;404.47000;72795900
2023-03-03;399.70999;404.45001;399.029999;404.19000;90120000
2023-03-02;392.67999;398.69000;392.32999;397.81000;85127800
2023-03-01;395.41000;396.69000;393.38000;394.73999;99706800
2023-02-28;397.23001;399.28000;396.14999;396.26001;96438600
2023-02-27;399.87000;401.29001;396.75;397.73001;80444700
2023-02-24;395.42001;397.25;393.64001;396.38000;108194400
2023-02-23;401.56000;402.20001;396.25;400.66000;96242400
2023-02-22;399.51999;401.13000;397.019989;398.54001;83742300
2023-02-21;403.059998;404.16000;398.82001;399.089996;82655900
2023-02-17;406.059998;407.51001;404.049988;407.26001;89257800
2023-02-16;408.79001;412.91000;408.14001;408.28000;76431500
2023-02-15;410.35001;414.059998;409.47000;413.98001;61555700
2023-02-14;411.23999;415.049988;408.51001;412.64001;88389300
2023-02-13;408.72000;412.97000;408.23999;412.82999;64913500
2023-02-10;405.85999;408.44000;405.010010;408.040009;70769700
2023-02-09;414.41000;414.57001;405.81000;407.089996;78694900
2023-02-08;413.13000;414.53000;409.92999;410.64999;76227500
2023-02-07;408.87000;416.48999;407.57001;415.19000;90990700
2023-02-06;409.79001;411.29001;408.10001;409.82999;60295300
2023-02-03;411.59000;416.97000;411.089996;412.35001;94736800
2023-02-02;414.85999;418.31000;412.88000;416.78000;101654500
2023-02-01;405.20999;413.67001;402.35001;410.79999;101459200
2023-01-31;401.13000;406.53000;400.76999;406.48001;86811800
2023-01-30;402.79999;405.13000;400.28000;400.59000;74202000
2023-01-27;403.66000;408.16000;403.44000;405.67999;68346200
2023-01-26;403.13000;404.92001;400.029999;404.75;72287400
2023-01-25;395.95001;400.70001;393.56000;400.35001;84800300
2023-01-24;398.88000;401.14999;397.64001;400.20001;59524900
2023-01-23;396.72000;402.64999;395.72000;400.63000;84178800
2023-01-20;390.10001;396.040009;388.38000;395.88000;91806400
2023-01-19;389.35999;391.079987;387.26001;388.64001;86958900
2023-01-18;399.010010;400.12000;391.28000;391.48999;99632300
2023-01-17;398.48001;400.23001;397.059998;397.76999;62677300
2023-01-13;393.62000;399.10001;393.34000;398.5;63903900
2023-01-12;396.67001;398.48999;392.42001;396.95999;90157700
2023-01-11;392.23001;395.60001;391.38000;395.51999;68881100
2023-01-10;387.25;390.64999;386.26999;390.57999;65358100
2023-01-09;390.37000;393.70001;387.67001;387.85999;73978100
2023-01-06;382.60999;389.25;379.41000;388.079987;104189600
2023-01-05;381.72000;381.84000;378.76001;379.38000;76970500
2023-01-04;383.17999;385.88000;380;383.76001;85934100
2023-01-03;384.37000;386.42999;377.82999;380.82001;74850700
2022-12-30;380.64001;382.57999;378.42999;382.42999;84022200
2022-12-29;379.63000;384.35001;379.079987;383.44000;66970900
2022-12-28;381.32999;383.39001;376.42001;376.66000;70911500
2022-12-27;382.79001;383.14999;379.64999;381.39999;51638200
2022-12-23;379.64999;383.059998;378.029999;382.91000;59857300
2022-12-22;383.049988;386.20999;374.76999;380.72000;100120900
2022-12-21;383.25;387.41000;382.69000;386.23001;78167400
2022-12-20;379.23001;382.23001;377.85001;380.54001;74427200
2022-12-19;383.47000;383.82001;378.28000;380.019989;79878100
2022-12-16;385.17999;386.57999;381.040009;383.26999;119858000
2022-12-15;394.29999;395.25;387.89001;389.63000;117705900
2022-12-14;401.60999;405.5;396.31000;399.39999;108111300
2022-12-13;410.22000;410.48999;399.070007;401.97000;123782500
2022-12-12;394.10999;398.95001;393.41000;398.95001;75405800
2022-12-09;394.94000;397.62000;393.14999;393.28000;81447700
2022-12-08;395.14001;397.35999;393.26999;396.23999;60737900
2022-12-07;392.94000;395.64001;391.97000;393.16000;65927900
2022-12-06;399.42001;399.98999;391.64001;393.82999;77972200
2022-12-05;403.95001;404.92999;398.17001;399.59000;77289800
2022-12-02;402.25;407.85999;402.14001;406.91000;85342700
2022-12-01;408.76999;410;404.75;407.38000;76398200
2022-11-30;395.48999;407.67999;393.48001;407.67999;144566700
2022-11-29;396.049988;397.29999;393.29999;395.23001;52310000
2022-11-28;399.089996;400.81000;395.10999;395.91000;67881600
2022-11-25;401.82999;402.91000;401.54001;402.32999;30545400
2022-11-23;399.54999;402.92999;399.31000;402.42001;68261600
2022-11-22;396.63000;400.070007;395.14999;399.89999;60429000
2022-11-21;394.64001;395.82001;392.66000;394.59000;51243200
2022-11-18;397.73999;397.81000;393.040009;396.029999;92922500
2022-11-17;390.45999;394.95001;390.14001;394.23999;74496300
2022-11-16;396.78000;397.78000;394.79001;395.45001;68508500
2022-11-15;401.14999;402.31000;394.48999;398.48999;93194500
2022-11-14;396.66000;400.17999;394.82999;395.12000;71903500
2022-11-11;395.59000;399.35001;393.60999;398.51001;93839900
2022-11-10;388.049988;395.040009;385.64001;394.69000;141455800
2022-11-09;379.92999;381.14001;373.60999;374.13000;78495500
2022-11-08;381.10999;385.12000;377.72000;382;84641100
2022-11-07;377.70999;380.57001;375.53000;379.95001;68286900
2022-11-04;377;378.87000;370;376.35001;103505200
2022-11-03;371.47000;374.20001;368.79001;371.010010;87100100
2022-11-02;383.89999;388.63000;374.76001;374.87000;126990400
2022-11-01;390.14001;390.39001;383.29001;384.51999;85407600
2022-10-31;386.44000;388.39999;385.26001;386.20999;96631300
2022-10-28;379.87000;389.51999;379.67999;389.019989;100302000
2022-10-27;383.070007;385;379.32999;379.98001;81971800
2022-10-26;381.62000;387.57999;381.35001;382.019989;104087300
2022-10-25;378.79001;385.25;378.67001;384.92001;78846300
2022-10-24;375.89001;380.059998;373.10999;378.87000;85436900
2022-10-21;365.12000;374.79999;363.54001;374.29001;131038400
2022-10-20;368.029999;372.67001;364.60999;365.41000;88283100
2022-10-19;368.98999;371.85001;365.54999;368.5;79746900
2022-10-18;375.13000;375.45001;367.51999;371.13000;97162900
2022-10-17;364.010010;367.98001;357.28000;366.82001;93168200
2022-10-14;368.54999;370.26001;356.95999;357.63000;123737000
2022-10-13;349.20999;367.51001;348.10999;365.97000;147254500
2022-10-12;358.17001;359.82001;356.29999;356.56000;76991800
2022-10-11;358.23999;363.029999;355.70999;357.73999;92482800
2022-10-10;363.95999;364.20999;357.67001;360.019989;76042800
2022-10-07;368.97000;373.29001;360.94000;362.79001;107789500
2022-10-06;375.62000;378.72000;372.67999;373.20001;82333500
2022-10-05;373.39001;379.45999;370.95001;377.089996;88065700
2022-10-04;372.39999;378;366.57001;377.97000;103602800
2022-10-03;361.079987;368.54999;359.20999;366.60999;89756500
2022-09-30;361.79999;365.91000;357.040009;357.17999;153711200
2022-09-29;366.81000;367.10999;359.70001;362.79001;112952300
2022-09-28;364.38000;372.29999;362.60001;370.53000;110802200
2022-09-27;368.019989;370.39999;360.87000;363.38000;108294100
2022-09-26;366.41000;370.20999;363.029999;364.31000;92581200
2022-09-23;370.57999;370.62000;363.29001;367.95001;122346900
2022-09-22;376.57999;378.29999;373.44000;374.22000;89472600
2022-09-21;386.10999;389.31000;377.38000;377.39001;106746600
2022-09-20;385.059998;386.12000;381.20001;384.089996;77274900
2022-09-19;382.26001;388.54999;382.17999;388.54999;73278500
2022-09-16;384.14001;386.25;382.10999;385.56000;103084800
2022-09-15;392.95999;395.95999;388.78000;390.12000;87633800
2022-09-14;394.47000;396.20001;391.12000;394.60001;85023700
2022-09-13;401.82999;403.10001;391.92001;393.10001;122947100
2022-09-12;408.78000;411.73001;408.45999;410.97000;69256300
2022-09-09;402.73999;407.51001;402.45999;406.60001;76706900
2022-09-08;395.39001;400.85999;394.12000;400.38000;80821700
2022-09-07;390.42999;398.59000;390.20001;397.78000;70964200
2022-09-06;393.13000;394.12000;388.42001;390.76001;76637400
2022-09-02;400.28000;401.56000;390.32999;392.23999;99632100
2022-09-01;392.89001;396.78000;390.040009;396.42001;78740100
2022-08-31;399.92999;401.23999;395.040009;395.17999;76029700
2022-08-30;403.85001;404.10001;396;398.20999;85652400
2022-08-29;402.20001;405.84000;401.20001;402.63000;65370800
2022-08-26;419.39001;419.95999;405.25;405.31000;103087000
2022-08-25;415.23999;419.56000;414.089996;419.51001;50942300
2022-08-24;412.10999;415.10999;411.39001;413.67001;49177800
2022-08-23;412.89999;415.42001;411.76999;412.35001;49105200
2022-08-22;417.049988;417.23001;412.39999;413.35001;77695600
2022-08-19;424.98001;425.26001;421.22000;422.14001;68016900
2022-08-18;426.85999;428.60999;425.5;427.89001;49023200
2022-08-17;425.91000;429.5;424.54001;426.64999;63563400
2022-08-16;427.73001;431.73001;426.88000;429.70001;59289000
2022-08-15;424.76999;429.41000;424.70999;428.85999;54048300
2022-08-12;422.029999;427.20999;421.029999;427.10001;61694500
2022-08-11;422.98999;424.95001;419.20999;419.98999;59489700
2022-08-10;418.78000;420.14001;416.72000;419.98999;68665700
2022-08-09;412.22000;412.75;410.22000;411.35001;44931800
2022-08-08;415.25;417.62000;411.82999;412.98999;53886100
2022-08-05;409.66000;414.14999;409.60001;413.47000;56814900
2022-08-04;414.37000;415.089996;412.44000;414.17001;45656600
2022-08-03;410.29999;415.67999;410;414.45001;67820600
2022-08-02;409.12000;413;406.82001;408.059998;63435400
2022-08-01;409.14999;413.41000;408.39999;410.76999;69997500
2022-07-29;407.57999;413.029999;406.76999;411.98999;87003700
2022-07-28;401.89001;406.79999;398.14999;406.070007;73966600
2022-07-27;394.35999;402.88000;394.049988;401.040009;82342100
2022-07-26;393.84000;394.059998;389.95001;390.89001;52946400
2022-07-25;395.75;396.47000;393.20999;395.57001;53631500
2022-07-22;398.92001;400.17999;392.75;395.089996;72197300
2022-07-21;394.16000;398.84000;391.63000;398.79001;64903900
2022-07-20;392.47000;396.26001;391.029999;394.76999;71843800
2022-07-19;386.079987;392.87000;385.39001;392.26999;78506000
2022-07-18;388.38000;389.089996;380.66000;381.95001;63203600
2022-07-15;382.54999;385.25;380.54001;385.13000;79060400
2022-07-14;373.60999;379.049988;371.040009;377.91000;89704800
2022-07-13;375.10001;381.92001;374.66000;378.82999;84224600
2022-07-12;383.64999;386.16000;378.98999;380.82999;62219200
2022-07-11;385.85001;386.87000;383.5;384.23001;58366900
2022-07-08;387.26999;390.64001;385.66000;388.67001;72397800
2022-07-07;385.12000;389.82999;383.26999;388.98999;64525900
2022-07-06;382.10999;385.87000;379.60001;383.25;70426200
2022-07-05;375.88000;381.98001;372.89999;381.95999;81438000
2022-07-01;376.56000;381.70001;373.79999;381.23999;74839700
2022-06-30;376.23999;380.66000;372.56000;377.25;112508300
2022-06-29;381.23001;382.26999;378.42001;380.34000;65676000
2022-06-28;390.23001;393.16000;380.53000;380.64999;86548900
2022-06-27;391.049988;391.35999;387.44000;388.59000;66009600
2022-06-24;381.39999;390.089996;381.37000;390.079987;98050300
2022-06-23;376.64001;378.82999;372.89001;378.059998;79292100
2022-06-22;370.62000;378.72000;370.17999;374.39001;90059400
2022-06-21;371.89001;376.53000;371.81000;375.070007;76811900
2022-06-17;365.51001;369.38000;362.17001;365.85999;111113900
2022-06-16;370.51001;370.94000;364.079987;366.64999;134473300
2022-06-15;377.35999;383.89999;372.12000;379.20001;125666800
2022-06-14;376.85001;377.94000;370.59000;373.87000;104011800
2022-06-13;379.85001;381.81000;373.29999;375;170004900
2022-06-10;394.88000;395.78000;389.75;389.79999;132893900
2022-06-09;409.34000;411.73999;401.44000;401.44000;86289800
2022-06-08;413.92999;415.82001;410.38000;411.22000;64350000
2022-06-07;408.10001;416.22000;407.60999;415.73999;59272400
2022-06-06;414.78000;416.60999;410.54999;411.79001;57508900
2022-06-03;412.39999;414.040009;409.51001;410.54001;71874300
2022-06-02;409.42001;417.44000;407.040009;417.39001;79609600
2022-06-01;415.17001;416.23999;406.92999;409.59000;86585800
2022-05-31;413.54999;416.45999;410.029999;412.92999;95937000
2022-05-27;407.91000;415.38000;407.70001;415.26001;84768700
2022-05-26;398.67001;407.040009;398.45001;405.31000;82168300
2022-05-25;392.31000;399.45001;391.89001;397.37000;91472900
2022-05-24;392.56000;395.14999;386.95999;393.89001;91448800
2022-05-23;392.82999;397.73001;390.38000;396.92001;76414900
2022-05-20;393.25;397.029999;380.54001;389.63000;131432200
2022-05-19;388.62000;394.14001;387.10999;389.45999;98510700
2022-05-18;403.5;403.79999;390.54999;391.85999;117674500
2022-05-17;406.53000;408.57001;402.57999;408.32001;83029700
2022-05-16;399.98001;403.97000;397.60001;400.089996;78622400
2022-05-13;396.70999;403.17999;395.60999;401.72000;104174400
2022-05-12;389.37000;395.79999;385.14999;392.34000;125090800
2022-05-11;398.070007;404.040009;391.95999;392.75;142361000
2022-05-10;404.48999;406.079987;394.82001;399.089996;132497200
2022-05-09;405.10001;406.41000;396.5;398.17001;155586100
2022-05-06;411.10001;414.79999;405.73001;411.34000;151770800
2022-05-05;424.54999;425;409.44000;413.81000;172929100
2022-05-04;417.079987;429.66000;413.70999;429.059998;144247900
2022-05-03;415.010010;418.92999;413.35999;416.38000;100028200
2022-05-02;412.070007;415.92001;405.019989;414.48001;158312500
2022-04-29;423.59000;425.87000;411.20999;412;145491100
2022-04-28;422.29001;429.64001;417.60001;427.81000;105449100
2022-04-27;417.23999;422.92001;415.010010;417.26999;122030000
2022-04-26;425.82999;426.040009;416.070007;416.10001;103996300
2022-04-25;423.67001;428.69000;418.84000;428.51001;119647700
2022-04-22;436.91000;438.079987;425.44000;426.040009;132471800
2022-04-21;448.54001;450.010010;437.10001;438.059998;85417300
2022-04-20;446.92001;447.57001;443.48001;444.70999;65224400
2022-04-19;437.85999;445.79999;437.67999;445.040009;77821000
2022-04-18;436.81000;439.75;435.60999;437.97000;66002500
2022-04-14;443.54999;444.73001;437.67999;437.79001;97869500
2022-04-13;438.029999;444.10999;437.84000;443.31000;74070400
2022-04-12;443.079987;445.75;436.64999;438.29001;84363600
2022-04-11;444.10999;445;439.39001;439.92001;89770500
2022-04-08;447.97000;450.63000;445.94000;447.57001;79272700
2022-04-07;445.59000;450.69000;443.53000;448.76999;78097200
2022-04-06;446.89001;448.92999;443.47000;446.51999;106898000
2022-04-05;455.22000;457.82999;449.82001;451.029999;74214500
2022-04-04;453.13000;456.91000;452.26001;456.79999;59601000
2022-04-01;453.31000;453.45999;449.14001;452.92001;89048800
2022-03-31;457.89001;458.76001;451.16000;451.64001;121699900
2022-03-30;460.34000;461.20001;456.47000;458.70001;79666900
2022-03-29;460.019989;462.070007;457.17999;461.54999;86581500
2022-03-28;452.059998;455.91000;450.059998;455.91000;68529800
2022-03-25;451.16000;452.98001;448.42999;452.69000;77101300
2022-03-24;445.94000;450.5;444.76001;450.48999;64736900
2022-03-23;446.91000;448.48999;443.70999;443.79999;79426100
2022-03-22;445.85999;450.57999;445.85999;449.59000;74650400
2022-03-21;444.34000;446.45999;440.67999;444.39001;88349800
2022-03-18;438;444.85999;437.22000;444.51999;106345500
2022-03-17;433.59000;441.070007;433.19000;441.070007;102676900
2022-03-16;429.89001;435.67999;424.79999;435.62000;144954800
2022-03-15;419.76999;426.84000;418.42001;426.17001;106219100
2022-03-14;420.89001;424.54999;415.79001;417;95729200
2022-03-11;428.12000;428.76999;419.53000;420.070007;95636300
2022-03-10;422.51999;426.42999;420.44000;425.48001;93972700
2022-03-09;425.14001;429.51001;422.82001;427.41000;116990800
2022-03-08;419.62000;427.20999;415.12000;416.25;164772700
2022-03-07;431.54999;432.29999;419.35999;419.42999;137896600
2022-03-04;431.75;433.37000;427.88000;432.17001;113978200
2022-03-03;440.47000;441.10999;433.79999;435.70999;105501700
2022-03-02;432.37000;439.72000;431.57001;437.89001;117726500
2022-03-01;435.040009;437.17001;427.10999;429.98001;137785900
2022-02-28;432.029999;438.20001;430.70001;436.63000;145615000
2022-02-25;429.60999;437.84000;427.85999;437.75;121804500
2022-02-24;411.019989;428.76001;410.64001;428.29999;213942900
2022-02-23;432.66000;433.26001;421.35001;421.95001;132578000
2022-02-22;431.89001;435.5;425.85999;429.57001;124391800
2022-02-18;437.32999;438.66000;431.82001;434.23001;132642900
2022-02-17;443.22000;446.57001;436.42001;437.059998;102259100
2022-02-16;443.92999;448.059998;441.94000;446.60001;84863600
2022-02-15;443.73001;446.28000;443.17999;446.10001;88482700
2022-02-14;439.92001;441.60001;435.34000;439.019989;123006300
2022-02-11;449.41000;451.60999;438.94000;440.45999;153214600
2022-02-10;451.34000;457.70999;447.20001;449.32001;140103700
2022-02-09;455.22000;457.88000;455.010010;457.54001;92589900
2022-02-08;446.73001;451.92001;445.22000;450.94000;81012000
2022-02-07;449.51001;450.98999;445.85001;447.26001;84472900
2022-02-04;446.35001;452.78000;443.82999;448.70001;118454400
2022-02-03;450.95001;452.97000;445.70999;446.60001;118024400
2022-02-02;455.5;458.12000;453.049988;457.35001;117361000
2022-02-01;450.67999;453.63000;446.94000;452.95001;123155400
2022-01-31;441.23999;450.28000;439.81000;449.91000;152251400
2022-01-28;432.67999;442;427.82001;441.95001;164457400
2022-01-27;438.26001;441.59000;429.45001;431.23999;149878300
2022-01-26;440.72000;444.040009;428.85999;433.38000;186391100
2022-01-25;433.059998;439.72000;427.14999;434.47000;167997300
2022-01-24;432.029999;440.38000;420.76001;439.84000;251783900
2022-01-21;445.56000;448.059998;437.95001;437.98001;202271200
2022-01-20;453.75;458.73999;444.5;446.75;122379700
2022-01-19;458.13000;459.60999;451.45999;451.75;109357600
2022-01-18;459.73999;459.95999;455.31000;456.48999;109709100
2022-01-14;461.19000;465.089996;459.89999;464.72000;95890900
2022-01-13;472.19000;472.88000;463.44000;464.53000;91173100
2022-01-12;471.59000;473.20001;468.94000;471.019989;67605400
2022-01-11;465.23001;469.85001;462.049988;469.75;74303100
2022-01-10;462.70001;465.73999;456.60001;465.51001;119362000
2022-01-07;467.95001;469.20001;464.64999;466.089996;85111600
2022-01-06;467.89001;470.82001;465.42999;467.94000;86858900
2022-01-05;477.16000;477.98001;468.28000;468.38000;104538900
2022-01-04;479.22000;479.98001;475.57999;477.54999;71178700
2022-01-03;476.29999;477.85001;473.85001;477.70999;72668200
2021-12-31;475.64001;476.85999;474.67001;474.95999;65237400
2021-12-30;477.92999;479;475.67001;476.16000;55329000
2021-12-29;476.98001;478.56000;475.92001;477.48001;54503000
2021-12-28;477.72000;478.81000;476.059998;476.87000;47274600
2021-12-27;472.059998;477.31000;472.010010;477.26001;56808600
2021-12-23;468.75;472.19000;468.64001;470.60001;56439700
2021-12-22;462.79001;467.81000;462.57999;467.69000;58890200
2021-12-21;458.60999;463.20999;456.31000;463.059998;69806300
2021-12-20;454.48001;455.39999;451.14001;454.98001;107134800
2021-12-17;461.54999;464.73999;458.059998;459.87000;135511600
2021-12-16;472.57001;472.87000;464.79999;466.45001;116568600
2021-12-15;463.42001;470.85999;460.73999;470.60001;116899300
2021-12-14;463.089996;465.73999;460.25;463.35999;97264100
2021-12-13;470.19000;470.56000;466.26999;466.57001;87724700
2021-12-10;469.23001;470.89999;466.51001;470.73999;77159800
2021-12-09;468.14999;469.63000;466.14001;466.35001;61272600
2021-12-08;468.70001;470;466.82999;469.51999;72238800
2021-12-07;464.41000;468.88000;458.64999;468.28000;95484700
2021-12-06;456.13000;460.79001;453.56000;458.79001;98977500
2021-12-03;459.17001;460.29999;448.92001;453.42001;137331600
2021-12-02;450.73001;459.070007;450.31000;457.39999;127637800
2021-12-01;461.64001;464.67001;450.29001;450.5;131939200
2021-11-30;462;464.029999;455.29999;455.56000;148559600
2021-11-29;464.070007;466.56000;461.73001;464.60001;86268800
2021-11-26;462.34000;463.89999;457.76999;458.97000;112669600
2021-11-24;466.059998;469.57001;465.19000;469.44000;61858800
2021-11-23;467.22000;469.10001;464.45001;468.19000;73206500
2021-11-22;470.89001;473.54001;467.35001;467.57001;72762000
2021-11-19;469.60999;470.94000;468.5;468.89001;57315600
2021-11-18;469.23999;470.010010;466.34000;469.73001;50625600
2021-11-17;469;469.19000;467.48001;468.14001;47858300
2021-11-16;467.14999;470.48999;467.070007;469.28000;48857500
2021-11-15;468.64001;468.81000;466.23001;467.42999;46980500
2021-11-12;465.12000;467.85999;464.10999;467.26999;53466700
2021-11-11;465.20999;465.29001;463.75;463.76999;34848500
2021-11-10;465.57999;467.38000;462.040009;463.62000;69429700
2021-11-09;469.32001;469.57001;465.88000;467.38000;51149100
2021-11-08;469.70001;470.23001;468.20001;468.92999;50405200
2021-11-05;469.28000;470.64999;466.92001;468.53000;66390600
2021-11-04;465.35999;467;464.98999;466.91000;52847100
2021-11-03;461.29999;465.14999;460.82999;464.72000;52509800
2021-11-02;460.22000;462.23001;460.079987;461.89999;48908400
2021-11-01;460.29999;460.70001;458.20001;460.040009;48433600
2021-10-29;455.87000;459.56000;455.56000;459.25;70162400
2021-10-28;455.45999;458.39999;455.45001;458.32001;51437900
2021-10-27;456.45001;457.16000;453.85999;453.94000;72438000
2021-10-26;457.20001;458.48999;455.56000;455.95999;56075100
2021-10-25;454.28000;455.89999;452.39001;455.54999;45214500
2021-10-22;453.13000;454.67001;451.049988;453.12000;58845100
2021-10-21;451.76999;453.82999;451.31000;453.59000;41305400
2021-10-20;451.13000;452.73001;451.010010;452.41000;49571600
2021-10-19;448.92001;450.70999;448.26999;450.64001;46996800
2021-10-18;443.97000;447.54999;443.26999;447.19000;62213200
2021-10-15;444.75;446.26001;444.089996;445.87000;66260200
2021-10-14;439.079987;442.66000;438.57999;442.5;70236800
2021-10-13;434.70999;436.049988;431.54001;435.17999;72974000
2021-10-12;435.67001;436.10001;432.78000;433.62000;71181200
2021-10-11;437.16000;440.26001;434.62000;434.69000;65233300
2021-10-08;439.48001;439.89001;437.19000;437.85999;74557400
2021-10-07;438.39001;441.67999;438.20001;438.66000;72437500
2021-10-06;429.26999;435.12000;427.54001;434.89999;113032200
2021-10-05;430.23999;435.48999;429.39001;433.10001;90682500
2021-10-04;433;433.95999;426.35999;428.64001;128570000
2021-10-01;430.98001;436.029999;427.23001;434.23999;129240100
2021-09-30;436.019989;436.76999;428.78000;429.14001;140506000
2021-09-29;435.19000;437.040009;433.85001;434.45001;82329200
2021-09-28;439.69000;440.040009;432.94000;433.72000;130436300
2021-09-27;442.81000;444.049988;441.89999;442.64001;61371100
2021-09-24;441.44000;444.67001;441.20999;443.91000;62094800
2021-09-23;439.85001;444.89001;439.60001;443.17999;76396000
2021-09-22;436.049988;440.029999;433.75;437.85999;102350100
2021-09-21;436.53000;437.91000;433.070007;433.63000;92526100
2021-09-20;434.88000;436.56000;428.85999;434.040009;166445500
2021-09-17;444.92001;445.37000;441.019989;441.39999;118425000
2021-09-16;447.32001;448.35999;444.019989;447.17001;77786700
2021-09-15;444.62000;448.41000;443.44000;447.88000;78792200
2021-09-14;448.12000;448.34000;443.22000;444.17001;78197100
2021-09-13;448.64001;448.92001;444.10999;446.57999;83738600
2021-09-10;451.040009;451.48999;445.31000;445.44000;89948200
2021-09-09;450.70001;452.57001;448.72000;448.98001;57970400
2021-09-08;450.89001;451.67001;448.85999;450.91000;56181900
2021-09-07;452.70999;452.81000;450.73999;451.45999;51671500
2021-09-03;451.98001;453.63000;451.54999;453.079987;47170500
2021-09-02;453.32001;454.049988;451.91000;453.19000;42501000
2021-09-01;452.56000;453.10999;451.54999;451.79999;48721400
2021-08-31;452.13000;452.48999;450.92001;451.56000;59300200
2021-08-30;450.97000;453.070007;450.70999;452.23001;48357400
2021-08-27;447.12000;450.64999;447.059998;450.25;77235100
2021-08-26;448.60999;448.85999;446.16000;446.26001;57829600
2021-08-25;448.17001;449.45999;447.76999;448.91000;40529700
2021-08-24;447.97000;448.54001;447.42001;447.97000;38744700
2021-08-23;445.16000;448.23001;443.44000;447.26001;54973000
2021-08-20;440.23001;443.70999;439.70999;443.35999;72008700
2021-08-19;436.26999;441.14001;436.12000;439.85999;92812200
2021-08-18;442.95999;444.63000;438.92001;439.17999;89351900
2021-08-17;444.23999;444.95999;440.85001;444.040009;92673900
2021-08-16;444.53000;447.10999;442.87000;446.97000;73740000
2021-08-13;445.59000;445.94000;445.070007;445.92001;39470300
2021-08-12;443.62000;445.26001;442.66000;445.10999;38909400
2021-08-11;443.82001;443.88000;442.62000;443.78000;44034300
2021-08-10;442.60999;443.44000;441.88000;442.67999;43339300
2021-08-09;442.45999;442.79999;441.31000;442.13000;41222600
2021-08-06;442.10001;442.94000;441.79999;442.48999;46930000
2021-08-05;440.22000;441.85001;439.88000;441.76001;38969700
2021-08-04;439.78000;441.12000;438.73001;438.98001;46732200
2021-08-03;438.44000;441.28000;436.10001;441.14999;58053900
2021-08-02;440.34000;440.92999;437.20999;437.59000;58783300
2021-07-30;437.91000;440.059998;437.76999;438.51001;68951200
2021-07-29;439.82001;441.79999;439.81000;440.64999;47435300
2021-07-28;439.67999;440.29999;437.31000;438.82999;52472400
2021-07-27;439.91000;439.94000;435.98999;439.010010;67397100
2021-07-26;439.31000;441.029999;439.26001;441.019989;43719200
2021-07-23;437.51999;440.29999;436.79001;439.94000;63766600
2021-07-22;434.73999;435.72000;433.69000;435.45999;47878500
2021-07-21;432.34000;434.70001;431.010010;434.54999;64724400
2021-07-20;425.67999;432.42001;424.82999;431.059998;99608200
2021-07-19;426.19000;431.41000;421.97000;424.97000;147987000
2021-07-16;436.010010;436.059998;430.92001;431.34000;75874700
2021-07-15;434.81000;435.53000;432.72000;434.75;55126400
2021-07-14;437.39999;437.92001;434.91000;436.23999;64130400
2021-07-13;436.23999;437.84000;435.31000;435.59000;52911300
2021-07-12;435.42999;437.35001;434.97000;437.079987;52889600
2021-07-09;432.53000;435.84000;430.70999;435.51999;76238600
2021-07-08;428.78000;431.73001;427.51999;430.92001;97595200
2021-07-07;433.66000;434.76001;431.51001;434.45999;63549500
2021-07-06;433.78000;434.010010;430.010010;432.92999;68710400
2021-07-02;431.67001;434.10001;430.51999;433.72000;57697700
2021-07-01;428.87000;430.60001;428.79999;430.42999;53441000
2021-06-30;427.20999;428.78000;427.17999;428.059998;64827900
2021-06-29;427.88000;428.56000;427.13000;427.70001;35970500
2021-06-28;427.17001;427.64999;425.89001;427.47000;53159600
2021-06-25;425.89999;427.089996;425.54999;426.60999;58129500
2021-06-24;424.89001;425.54999;424.62000;425.10001;45110300
2021-06-23;423.19000;424.049988;422.51001;422.60001;49445400
2021-06-22;420.85001;424;420.079987;423.10999;57700300
2021-06-21;416.79999;421.059998;415.92999;420.85999;72822000
2021-06-18;417.089996;417.82999;414.70001;414.92001;118676300
2021-06-17;421.67001;423.019989;419.32001;421.97000;90949700
2021-06-16;424.63000;424.87000;419.92001;422.10999;80386100
2021-06-15;425.42001;425.45999;423.54001;424.48001;51508500
2021-06-14;424.42999;425.37000;423.10001;425.26001;42358500
2021-06-11;424.20001;424.42999;422.82001;424.31000;45570800
2021-06-10;422.95999;424.63000;421.54999;423.60999;51020100
2021-06-09;423.17999;423.26001;421.41000;421.64999;48436300
2021-06-08;423.10999;423.20999;420.32001;422.28000;47134300
2021-06-07;422.59000;422.78000;421.19000;422.19000;51555000
2021-06-04;420.75;422.92001;418.84000;422.60001;55938800
2021-06-03;417.85001;419.98999;416.28000;418.76999;58138800
2021-06-02;420.37000;421.23001;419.29001;420.32999;49097100
2021-06-01;422.57001;422.72000;419.20001;419.67001;54216600
2021-05-28;420.97000;421.25;419.79001;420.040009;58520200
2021-05-27;420.17001;420.72000;418.98999;419.29001;56707700
2021-05-26;418.87000;419.60999;417.76001;419.070007;43088600
2021-05-25;420.32999;420.70999;417.62000;418.23999;57451400
2021-05-24;417.34000;420.32001;417.079987;419.17001;51376700
2021-05-21;416.87000;418.20001;414.45001;414.94000;76578700
2021-05-20;411.79999;416.63000;411.67001;415.28000;78022200
2021-05-19;406.92001;411.049988;405.32999;410.85999;106467100
2021-05-18;415.79999;416.059998;411.76999;411.94000;59810200
2021-05-17;415.39001;416.39001;413.35999;415.51999;65129200
2021-05-14;413.20999;417.48999;413.17999;416.57999;82201600
2021-05-13;407.070007;412.35001;407.019989;410.28000;106394000
2021-05-12;411.23001;412.59000;404;405.41000;134811000
2021-05-11;413.10001;415.26999;410.059998;414.20999;116888000
2021-05-10;422.5;422.73999;417.81000;417.94000;81852400
2021-05-07;419.89001;422.82001;419.16000;422.12000;67733800
2021-05-06;415.82999;419.20999;413.67999;419.070007;74321400
2021-05-05;417.38000;417.63000;415.14999;415.75;60162200
2021-05-04;416.070007;416.60001;411.67001;415.62000;101591200
2021-05-03;419.42999;419.84000;417.67001;418.20001;68128300
2021-04-30;417.63000;418.54001;416.34000;417.29999;85527000
2021-04-29;420.32001;420.72000;416.44000;420.059998;78544300
2021-04-28;417.81000;419.010010;416.89999;417.39999;51238900
2021-04-27;417.92999;418.14001;416.29999;417.51999;51303100
2021-04-26;417.44000;418.22000;416.81000;417.60999;52182400
2021-04-23;412.87000;418.25;412.79001;416.73999;73209200
2021-04-22;415.89001;416.78000;411.13000;412.26999;97582800
2021-04-21;411.51001;416.29001;411.35999;416.070007;66793000
2021-04-20;413.91000;415.089996;410.59000;412.17001;81851800
2021-04-19;416.26001;416.73999;413.79001;415.20999;78498500
2021-04-16;417.25;417.91000;415.73001;417.26001;82037300
2021-04-15;413.73999;416.16000;413.69000;415.87000;60229800
2021-04-14;412.82999;413.95999;410.87000;411.45001;61659900
2021-04-13;411.53000;413.53000;411.12000;412.85999;56551000
2021-04-12;410.85001;411.92999;410.20001;411.64001;56704900
2021-04-09;408.39001;411.67001;408.26001;411.48999;61104600
2021-04-08;407.92999;408.57999;406.92999;408.51999;57863100
2021-04-07;405.94000;406.95999;405.45001;406.59000;55836300
2021-04-06;405.76001;407.23999;405.39999;406.12000;62021000
2021-04-05;403.45999;406.94000;403.38000;406.35999;91684800
2021-04-01;398.39999;400.67001;398.17999;400.60999;99682900
2021-03-31;395.34000;398;395.31000;396.32999;112734200
2021-03-30;394.42001;395.45001;393.019989;394.73001;76262200
2021-03-29;394.39999;396.75;392.81000;395.78000;108107600
2021-03-26;390.92999;396.41000;390.29001;395.98001;114409100
2021-03-25;385.98001;390.54999;383.89999;389.70001;116128600
2021-03-24;391;392.75;387.47000;387.51999;97588600
2021-03-23;391.91000;393.45999;388.66000;389.5;90686600
2021-03-22;390.029999;394.070007;389.97000;392.59000;73778600
2021-03-19;389.88000;391.57001;387.14999;389.48001;113624500
2021-03-18;394.48001;396.72000;390.75;391.48001;115349100
2021-03-17;394.53000;398.12000;393.29999;397.26001;97959300
2021-03-16;397.070007;397.82999;395.079987;395.91000;73722500
2021-03-15;394.32999;396.69000;392.029999;396.41000;73427200
2021-03-12;392.070007;394.20999;391.20001;394.059998;64653600
2021-03-11;392.23001;395.64999;391.73999;393.53000;86245000
2021-03-10;389.69000;391.39999;388.17001;389.57999;109899400
2021-03-09;385.85001;389.91000;385.31000;387.17001;113633600
2021-03-08;384.66000;387.67999;381.42001;381.72000;123149200
2021-03-05;380.45999;384.76001;372.64001;383.63000;152039600
2021-03-04;381.22000;384;371.88000;376.70001;183433000
2021-03-03;385.79001;386.82999;381.31000;381.42001;119940200
2021-03-02;389.82001;390.070007;386;386.54001;79595300
2021-03-01;385.59000;390.92001;380.57001;389.57999;105348800
2021-02-26;384.35001;385.57999;378.23001;380.35999;152701600
2021-02-25;390.41000;391.88000;380.78000;382.32999;146670500
2021-02-24;386.32999;392.23001;385.26999;391.76999;72433900
2021-02-23;384.66000;388.95001;380.20001;387.5;107284100
2021-02-22;387.059998;389.62000;386.73999;387.029999;67414200
2021-02-19;392.070007;392.38000;389.54999;390.029999;83241000
2021-02-18;389.59000;391.51999;387.73999;390.72000;59712800
2021-02-17;390.42001;392.66000;389.32999;392.39001;52290600
2021-02-16;393.95999;394.17001;391.53000;392.29999;50972400
2021-02-12;389.85001;392.89999;389.76999;392.64001;50593300
2021-02-11;391.23999;391.69000;388.10001;390.70999;42913300
2021-02-10;392.12000;392.28000;387.5;390.079987;59154400
2021-02-09;389.60999;390.89001;389.17001;390.25;35551100
2021-02-08;389.26999;390.56000;388.35001;390.51001;38365200
2021-02-05;388.20001;388.47000;386.14001;387.70999;48669800
2021-02-04;382.95999;386.23999;381.97000;386.19000;47142600
2021-02-03;382.44000;383.70001;380.48001;381.85001;52427100
2021-02-02;379.64999;383.22000;376.32001;381.54999;64450700
2021-02-01;373.72000;377.34000;370.38000;376.23001;75817600
2021-01-29;375.63000;376.67001;368.26999;370.070007;126765100
2021-01-28;376.35999;381.92999;375.89001;377.63000;94198100
2021-01-27;380.22000;380.32001;372.010010;374.41000;123351100
2021-01-26;385.41000;385.85001;383.54001;383.79001;42665300
2021-01-25;383.67001;384.76999;378.45999;384.39001;70402000
2021-01-22;382.25;384.13000;381.84000;382.88000;52860500
2021-01-21;384.48999;384.95001;383.25;384.23999;47840100
2021-01-20;381.10999;384.79001;380.69000;383.89001;61836100
2021-01-19;378.34000;379.23001;376.75;378.64999;51233300
2021-01-15;376.72000;377.57999;373.70001;375.70001;107160000
2021-01-14;380.59000;381.13000;378.10001;378.45999;49989100
2021-01-13;378.69000;380.85999;377.85001;379.79001;45303600
2021-01-12;378.89001;379.85999;376.35999;378.76999;52547700
2021-01-11;377.85001;380.57999;377.72000;378.69000;51034700
2021-01-08;380.59000;381.48999;377.10001;381.26001;71677200
2021-01-07;376.10001;379.89999;375.91000;379.10001;68766800
2021-01-06;369.70999;376.98001;369.12000;373.54999;107997700
2021-01-05;368.10001;372.5;368.049988;371.32999;66426200
2021-01-04;375.31000;375.45001;364.82001;368.79001;110210800
2020-12-31;371.78000;374.66000;371.23001;373.88000;78520700
2020-12-30;372.34000;373.10001;371.57001;371.98999;49455300
2020-12-29;373.81000;374;370.82999;371.45999;53680500
2020-12-28;371.73999;372.59000;371.070007;372.17001;39000400
2020-12-24;368.079987;369.029999;367.45001;369;26457900
2020-12-23;368.28000;369.62000;367.22000;367.57001;46201400
2020-12-22;368.20999;368.32999;366.029999;367.23999;47949000
2020-12-21;364.97000;378.45999;362.029999;367.85999;96386700
2020-12-18;370.97000;371.14999;367.019989;369.17999;136542300
2020-12-17;371.94000;372.45999;371.049988;372.23999;64119500
2020-12-16;369.82001;371.16000;368.87000;370.17001;58420500
2020-12-15;367.39999;369.59000;365.92001;369.59000;63865300
2020-12-14;368.64001;369.79999;364.47000;364.66000;69216200
2020-12-11;364.89999;366.73999;363.26001;366.29999;57698600
2020-12-10;365.37000;367.85999;364.42999;366.73001;57735400
2020-12-09;370.88000;371.049988;365.95001;366.85001;74098300
2020-12-08;367.72000;370.78000;367.67001;370.17001;42458900
2020-12-07;369.019989;369.62000;367.72000;369.089996;48944300
2020-12-04;367.32001;369.85001;367.22000;369.85001;50749900
2020-12-03;366.67999;368.19000;365.5;366.69000;62882000
2020-12-02;364.82001;366.95999;364.20001;366.79001;45927000
2020-12-01;365.57001;367.67999;364.92999;366.019989;74231400
2020-11-30;362.82999;363.12000;359.17001;362.059998;83872700
2020-11-27;363.84000;364.17999;362.57999;363.67001;28514100
2020-11-25;363.13000;363.16000;361.48001;362.66000;45330900
2020-11-24;360.20999;363.81000;359.29001;363.22000;62415900
2020-11-23;357.28000;358.82001;354.87000;357.45999;63230600
2020-11-20;357.5;357.72000;355.25;355.32999;70417300
2020-11-19;355.60001;358.17999;354.14999;357.78000;59940900
2020-11-18;360.91000;361.5;356.23999;356.28000;70591300
2020-11-17;359.97000;361.92001;358.34000;360.62000;66111000
2020-11-16;360.98001;362.78000;359.59000;362.57001;74541100
2020-11-13;355.26999;358.89999;354.70999;358.10001;62892200
2020-11-12;355.57999;356.72000;351.26001;353.20999;67546200
2020-11-11;356.39999;357.56000;355.059998;356.67001;58649000
2020-11-10;353.48999;355.17999;350.51001;354.040009;85552000
2020-11-09;363.97000;364.38000;354.059998;354.56000;172304200
2020-11-06;349.92999;351.51001;347.64999;350.16000;74973000
2020-11-05;349.23999;352.19000;348.85999;350.23999;82039700
2020-11-04;340.85999;347.94000;339.59000;343.54001;126959700
2020-11-03;333.69000;338.25;330.29001;336.029999;93294200
2020-11-02;330.20001;332.35999;327.23999;330.20001;86068300
2020-10-30;328.28000;329.69000;322.60001;326.54001;120287300
2020-10-29;326.91000;333.39999;325.089996;329.98001;90597700
2020-10-28;332.10001;338.25;326.13000;326.66000;127094300
2020-10-27;339.76001;340.12000;337.98999;338.22000;65994100
2020-10-26;342.13000;342.98001;335.62000;339.39001;91473000
2020-10-23;345.92999;345.98999;343.13000;345.78000;49143900
2020-10-22;342.95999;345.23999;340.64999;344.60999;55399300
2020-10-21;343.32999;345.67001;342.39999;342.73001;63575000
2020-10-20;343.45999;346.88000;342.64001;343.38000;60051900
2020-10-19;348.64999;349.32999;341.040009;342.010010;68425600
2020-10-16;348.95999;350.75;347.10001;347.29001;89501900
2020-10-15;343.70999;348.019989;343.13000;347.5;60357700
2020-10-14;350.75;351.92999;347.14001;347.92999;57727900
2020-10-13;352.28000;352.47000;349.089996;350.13000;73255500
2020-10-12;349.59000;354.019989;349.059998;352.42999;80388500
2020-10-09;345.56000;347.35001;344.89001;346.85001;59528600
2020-10-08;342.85001;343.85001;341.85999;343.78000;45242500
2020-10-07;338.12000;341.63000;338.089996;340.76001;56999600
2020-10-06;339.91000;342.17001;334.38000;334.92999;90128900
2020-10-05;336.059998;339.95999;336.010010;339.76001;45713100
2020-10-02;331.70001;337.010010;331.19000;333.84000;89431100
2020-10-01;337.69000;338.73999;335.010010;337.040009;88698700
2020-09-30;333.089996;338.29001;332.88000;334.89001;104081100
2020-09-29;333.97000;334.76999;331.62000;332.37000;51304000
2020-09-28;333.22000;334.95999;332.14999;334.19000;64584600
2020-09-25;322.57999;329.57999;321.64001;328.73001;71069400
2020-09-24;321.22000;326.79999;319.79999;323.5;76681300
2020-09-23;330.89999;331.20001;322.10001;322.64001;93112200
2020-09-22;328.57001;330.89999;325.85999;330.29999;63612100
2020-09-21;325.70001;327.13000;321.73001;326.97000;99450800
2020-09-18;335.37000;335.48999;327.97000;330.64999;105877900
2020-09-17;333.56000;337.70001;332.98999;335.84000;91523300
2020-09-16;341.51001;343.059998;338.51999;338.82001;82096000
2020-09-15;341.12000;342.019989;338.47000;340.17001;52920900
2020-09-14;337.48999;340.38000;334.22000;338.45999;65605700
2020-09-11;335.82001;336.97000;331;334.059998;84680200
2020-09-10;341.82001;342.53000;332.85001;333.89001;90569500
2020-09-09;337.54999;342.45999;336.60999;339.79001;91462300
2020-09-08;336.70999;342.64001;332.88000;333.20999;114465300
2020-09-04;346.13000;347.82999;334.87000;342.57001;139156300
2020-09-03;355.87000;356.38000;342.59000;345.39001;148011100
2020-09-02;354.67001;358.75;353.42999;357.70001;69540000
2020-09-01;350.20999;352.70999;349.23999;352.60001;54908700
2020-08-31;350.35001;351.29999;349.059998;349.31000;66099200
2020-08-28;349.44000;350.72000;348.14999;350.57999;48588900
2020-08-27;348.51001;349.89999;346.53000;348.32999;58034100
2020-08-26;344.76001;347.85999;344.17001;347.57001;50790200
2020-08-25;343.53000;344.20999;342.26999;344.12000;38463400
2020-08-24;342.12000;343;339.45001;342.92001;48588700
2020-08-21;337.92001;339.72000;337.54999;339.48001;55106600
2020-08-20;335.35999;338.79999;335.22000;338.28000;42207800
2020-08-19;339.049988;339.60999;336.62000;337.23001;68054200
2020-08-18;338.34000;339.10001;336.60999;338.64001;38733900
2020-08-17;337.94000;338.34000;336.85001;337.91000;35481000
2020-08-14;336.41000;337.42001;335.62000;336.84000;47260400
2020-08-13;336.60999;338.25;335.82999;336.82999;41816100
2020-08-12;335.44000;338.28000;335.41000;337.44000;53774400
2020-08-11;336.85001;337.54001;332.010010;332.79999;69601100
2020-08-10;335.059998;335.76999;332.95999;335.57001;44282100
2020-08-07;333.28000;334.88000;332.29999;334.57001;57308300
2020-08-06;331.48001;334.45999;331.13000;334.32999;43679400
2020-08-05;331.47000;332.39001;331.17999;332.10999;42697700
2020-08-04;327.85999;330.059998;327.85999;330.059998;41917900
2020-08-03;328.32001;329.62000;327.73001;328.79001;53077900
2020-07-31;325.89999;326.63000;321.32999;326.51999;84986800
2020-07-30;321.89999;324.41000;319.64001;323.95999;61861700
2020-07-29;322.12000;325.73001;322.079987;325.12000;48454200
2020-07-28;322.42999;323.64001;320.85001;321.17001;57495000
2020-07-27;321.63000;323.41000;320.76999;323.22000;48293000
2020-07-24;320.95001;321.98999;319.25;320.88000;73766600
2020-07-23;326.47000;327.23001;321.48001;322.95999;75738000
2020-07-22;324.62000;327.20001;324.5;326.85999;57792900
2020-07-21;326.45001;326.92999;323.94000;325.010010;57292200
2020-07-20;321.42999;325.13000;320.62000;324.32001;56308800
2020-07-17;321.88000;322.57001;319.73999;321.72000;62774900
2020-07-16;319.79001;321.28000;319.089996;320.79001;54622500
2020-07-15;322.41000;323.040009;319.26999;321.85001;87196500
2020-07-14;313.29999;319.76001;312;318.92001;93657000
2020-07-13;320.13000;322.70999;314.13000;314.84000;102997500
2020-07-10;314.31000;317.88000;312.76001;317.59000;57550400
2020-07-09;316.84000;317.10001;310.67999;314.38000;83354200
2020-07-08;314.60999;316.29999;312.70001;316.17999;54638600
2020-07-07;315.38000;317.51999;313.37000;313.78000;82910000
2020-07-06;316.37000;317.67999;315.56000;317.049988;61713800
2020-07-02;314.23999;315.70001;311.51001;312.23001;69344200
2020-07-01;309.57001;311.89001;309.070007;310.51999;72396500
2020-06-30;303.98999;310.20001;303.82001;308.35999;113394800
2020-06-29;301.41000;304.60999;298.92999;304.45999;79773300
2020-06-26;306.16000;306.39001;299.42001;300.049988;127961000
2020-06-25;303.47000;307.64001;301.28000;307.35001;89468000
2020-06-24;309.84000;310.51001;302.10001;304.089996;132813500
2020-06-23;313.48999;314.5;311.60999;312.049988;68471200
2020-06-22;307.98999;311.049988;306.75;310.62000;74649400
2020-06-19;314.17001;314.38000;306.53000;308.64001;135549600
2020-06-18;310.010010;312.29999;309.51001;311.78000;80828700
2020-06-17;314.070007;314.39001;310.85999;311.66000;83398900
2020-06-16;315.48001;315.64001;307.67001;312.95999;137627500
2020-06-15;298.019989;308.28000;296.73999;307.049988;135782700
2020-06-12;308.23999;309.079987;298.60001;304.20999;194678900
2020-06-11;311.45999;312.14999;300.010010;300.60999;209243600
2020-06-10;321.42001;322.39001;318.22000;319;95000800
2020-06-09;320.29999;323.28000;319.35999;320.79001;77479200
2020-06-08;320.22000;323.41000;319.63000;323.20001;73641200
2020-06-05;317.23001;321.26999;317.16000;319.34000;150524700
2020-06-04;311.10999;313;309.079987;311.35999;75794400
2020-06-03;310.23999;313.22000;309.94000;312.17999;92567600
2020-06-02;306.54999;308.13000;305.10001;308.079987;74267200
2020-06-01;303.62000;306.20999;303.059998;305.54999;55758300
2020-05-29;302.45999;304.95999;299.47000;304.32001;119090800
2020-05-28;304.64999;306.84000;302.23999;302.97000;90405200
2020-05-27;302.12000;303.57001;296.87000;303.53000;104817400
2020-05-26;301.92999;302.19000;295.45999;299.079987;88951400
2020-05-22;294.57001;295.63000;293.22000;295.44000;63958200
2020-05-21;296.79001;297.67001;293.69000;294.88000;78293900
2020-05-20;295.82001;297.87000;295.57001;296.92999;85861700
2020-05-19;294.35001;296.20999;291.95001;291.97000;95189300
2020-05-18;293.049988;296.75;292.70001;295;119703800
2020-05-15;282.37000;286.32999;281.34000;286.28000;111146300
2020-05-14;278.95001;285.10999;272.98999;284.97000;121977900
2020-05-13;286.059998;287.19000;278.95999;281.60001;144721100
2020-05-12;293.79001;294.23999;286.51999;286.67001;95870800
2020-05-11;290.34000;294;289.88000;292.5;79514200
2020-05-08;291.089996;292.95001;289.85999;292.44000;76452400
2020-05-07;287.75;289.78000;287.13000;287.67999;75250400
2020-05-06;288.040009;288.45999;283.78000;284.25;73632600
2020-05-05;286.64001;289.25;283.70999;286.19000;79569900
2020-05-04;280.73999;283.89999;279.13000;283.57001;80873200
2020-05-01;285.31000;290.66000;281.51999;282.79001;125180000
2020-04-30;291.70999;293.32001;288.59000;290.48001;122901700
2020-04-29;291.53000;294.88000;290.41000;293.20999;118745600
2020-04-28;291.019989;291.39999;285.39999;285.73001;105270000
2020-04-27;285.12000;288.26999;284.62000;287.049988;77896600
2020-04-24;280.73001;283.70001;278.5;282.97000;85063200
2020-04-23;280.48999;283.94000;278.75;279.079987;104709700
2020-04-22;278.35001;281;276.91000;279.10001;92951600
2020-04-21;276.73001;278.040009;272.019989;273.040009;126385700
2020-04-20;282.60999;286.79001;281.35001;281.59000;100109300
2020-04-17;285.38000;287.29999;282.39999;286.64001;146684800
2020-04-16;279.14999;280.029999;275.76001;279.10001;131798300
2020-04-15;277.57001;283.94000;275.45999;277.76001;121775000
2020-04-14;280.98001;284.89999;275.51001;283.79001;134143400
2020-04-13;277.14001;277.51001;271.41000;275.66000;114839100
2020-04-09;277.57999;281.20001;275.47000;278.20001;189999200
2020-04-08;267.95999;276;265.25;274.029999;153774500
2020-04-07;274.20999;275.029999;264.89001;265.13000;201427200
2020-04-06;257.84000;267;248.17000;264.85999;188061200
2020-04-03;250.75999;253.32001;245.22000;248.19000;135561200
2020-04-02;245.19000;252.67999;244.59000;251.83000;177660400
2020-04-01;247.98000;257.66000;243.89999;246.14999;189554600
2020-03-31;260.56000;263.32999;256.22000;257.75;194881100
2020-03-30;255.70000;262.42999;253.53000;261.64999;171369500
2020-03-27;253.27000;260.81000;251.050003;253.42000;224341200
2020-03-26;249.52000;262.79999;249.050003;261.20001;257632800
2020-03-25;244.87000;256.35001;239.75;246.78999;299430300
2020-03-24;234.42000;244.10001;233.80000;243.14999;235494500
2020-03-23;228.19000;229.67999;218.25999;222.95000;326025200
2020-03-20;242.53000;244.47000;228.5;228.80000;347158800
2020-03-19;239.25;247.38000;232.22000;240.50999;289322000
2020-03-18;236.25;248.37000;228.020004;240;327597100
2020-03-17;245.039993;256.17001;237.070007;252.80000;262070500
2020-03-16;241.17999;256.89999;237.36000;239.85001;297240000
2020-03-13;263.089996;271.48001;248.52000;269.32001;329566100
2020-03-12;256;266.66000;247.67999;248.11000;392220700
2020-03-11;280.70001;281.94000;270.88000;274.35999;255316300
2020-03-10;284.64001;288.51999;273.5;288.42001;276444100
2020-03-09;275.29999;284.19000;273.45001;274.23001;309417300
2020-03-06;293.14999;298.78000;290.23001;297.45999;228667200
2020-03-05;304.98001;308.47000;300.010010;302.45999;186366800
2020-03-04;306.12000;313.10001;303.32999;312.85999;176613400
2020-03-03;309.5;313.84000;297.57001;300.23999;300139100
2020-03-02;298.20999;309.16000;294.45999;309.089996;238703600
2020-02-28;288.70001;297.89001;285.54001;296.26001;384975800
2020-02-27;305.45999;311.56000;297.51001;297.51001;284353500
2020-02-26;314.17999;318.10999;310.70001;311.5;194773800
2020-02-25;323.94000;324.60999;311.69000;312.64999;218913200
2020-02-24;323.14001;333.56000;321.23999;322.42001;161088400
2020-02-21;335.47000;335.81000;332.57999;333.48001;113788200
2020-02-20;337.73999;338.64001;333.67999;336.95001;74163400
2020-02-19;337.79001;339.079987;337.48001;338.34000;48814700
2020-02-18;336.51001;337.67001;335.20999;336.73001;57226200
2020-02-14;337.51001;337.73001;336.20001;337.60001;64582200
2020-02-13;335.85999;338.12000;335.56000;337.059998;54501900
2020-02-12;336.82999;337.64999;336.42999;337.42001;43992700
2020-02-11;336.16000;337.019989;334.67999;335.26001;54864500
2020-02-10;331.23001;334.75;331.19000;334.67999;42070000
2020-02-07;332.82001;333.98999;331.60001;332.20001;64139400
2020-02-06;333.91000;334.19000;332.79999;333.98001;50359700
2020-02-05;332.26999;333.089996;330.67001;332.85999;65951100
2020-02-04;328.070007;330.010010;327.72000;329.059998;62573200
2020-02-03;323.35001;326.16000;323.22000;324.12000;69083000
2020-01-31;327;327.17001;320.73001;321.73001;113845600
2020-01-30;324.35999;327.91000;323.54001;327.67999;75491800
2020-01-29;328.38000;328.63000;326.39999;326.62000;53888900
2020-01-28;325.059998;327.85001;323.60001;326.89001;63834000
2020-01-27;323.029999;325.12000;322.66000;323.5;84062500
2020-01-24;332.44000;332.53000;327.35999;328.76999;87578400
2020-01-23;330.63000;332.17001;329.41000;331.72000;51963000
2020-01-22;332.23999;332.95001;331.17001;331.34000;48914900
2020-01-21;330.89999;332.17999;330.82001;331.29999;77742400
2020-01-17;331.70001;332.17999;330.85001;331.95001;95846000
2020-01-16;329.70001;330.92001;329.45001;330.92001;54050300
2020-01-15;327.35001;329.019989;327.26001;328.19000;72056600
2020-01-14;327.47000;328.62000;326.84000;327.45001;62832800
2020-01-13;326.39001;327.95999;325.92001;327.95001;47086800
2020-01-10;327.29001;327.45999;325.20001;325.70999;53029300
2020-01-09;326.16000;326.73001;325.51999;326.64999;48473300
2020-01-08;322.94000;325.78000;322.67001;324.45001;68296000
2020-01-07;323.019989;323.54001;322.23999;322.73001;40496400
2020-01-06;320.48999;323.73001;320.35999;323.64001;55653900
2020-01-03;321.16000;323.64001;321.10001;322.41000;77709700
2020-01-02;323.54001;324.89001;322.53000;324.87000;59151200


### XLK
datetime;open;high;low;close;volume
2025-12-30;145.85001;146.25999;145.38000;145.41000;6387400
2025-12-29;145.35001;146.38000;145.039993;145.87000;9822300
2025-12-26;146.61000;146.98000;146.24001;146.53000;5052900
2025-12-24;145.78999;146.5;145.67999;146.30000;3676300
2025-12-23;144.74001;145.98000;144.36000;145.95000;7546100
2025-12-22;146.0099945;146.0099945;144.64999;145.16000;8864500
2025-12-19;142.59000;144.62000;142.57001;144.60001;14265900
2025-12-18;141.86000;142.42000;140.78999;141.53999;12319500
2025-12-17;142.72000;142.84000;139.32001;139.39000;18178700
2025-12-16;141.91000;142.97000;141.30000;142.56000;10790900
2025-12-15;144.42000;144.63000;142.020004;142.30000;10790300
2025-12-12;146.94000;147.080002;143.25999;143.69000;14873200
2025-12-11;147.059998;148.13000;145.11000;147.97000;9769300
2025-12-10;147.69000;149.22000;146.82001;148.73000;8961100
2025-12-09;147.34000;148.25;146.96001;148.020004;6978200
2025-12-08;147.42999;148.38000;146.92000;147.63000;8272800
2025-12-05;146.21001;147.31000;145.69000;146.60001;6628000
2025-12-04;145.19000;145.79500;144.49500;145.53500;9995200
2025-12-03;143.95000;145.095001;143.23000;144.99500;11623200
2025-12-02;144.065002;145.51500;143.64500;144.64999;15719000
2025-12-01;141.72000;143.60500;141.28500;143.17500;12846600
2025-11-28;142.19000;143.13499;141.80499;143.11000;6792200
2025-11-26;141.88499;142.49500;140.78999;141.89000;13358800
2025-11-25;138.625;140.59000;136.65500;140.23000;21303400
2025-11-24;137.52000;140.35001;137.43500;139.85500;20124800
2025-11-21;136.30000;138.42000;133.74001;136.60001;44959000
2025-11-20;143.72000;144.25500;135.75999;136.074997;56551800
2025-11-19;139.52499;142.059998;139.16499;140.48500;27668800
2025-11-18;140.59500;141.32001;138.23500;139.51500;36747600
2025-11-17;142.72501;144.28500;140.67500;141.82001;24675400
2025-11-14;140.64999;145.38000;140.14500;144.074997;27429600
2025-11-13;146.14000;146.34000;142.51500;143.29500;22385800
2025-11-12;147.73000;147.73000;146.074997;146.96001;13179200
2025-11-11;146.78999;147.054993;145.53000;146.50500;14871600
2025-11-10;146.65500;148.044998;145.89500;147.76500;18286400
2025-11-07;143.34500;144.11501;140.80000;144.080002;25547000
2025-11-06;147.31000;147.47000;143.83501;144.58000;24797400
2025-11-05;146.71001;148.74001;146.48500;147.54500;14447000
2025-11-04;148.22501;149.20000;146.72501;146.97000;16722600
2025-11-03;151.78000;152.11000;150.13000;150.95500;13983600
2025-10-31;151.71001;151.82001;149.47000;150.34000;16303800
2025-10-30;151.20000;151.98000;150.14500;150.19501;19218600
2025-10-29;152.35001;152.99500;150.93500;152.065002;21506200
2025-10-28;150.22501;151.57001;149.71001;150.98000;15055200
2025-10-27;148.85001;149.63000;148.61000;149.5;15167000
2025-10-24;146.25;147.28500;146.035004;146.78999;14359600
2025-10-23;142.18500;144.77499;142.18500;144.54500;11923400
2025-10-22;144.10500;144.42000;140.95000;142.74500;20723200
2025-10-21;144.0050049;144.68500;143.47501;144.17000;12503800
2025-10-20;143.32001;144.71001;143.23500;144.095001;13805200
2025-10-17;141.41000;142.92999;140.50999;142.50500;25511600
2025-10-16;143.17500;143.81000;141.28500;142.25500;23166200
2025-10-15;142.73000;143.28999;140.39999;142.14999;20937600
2025-10-14;140.71500;142.19000;139.12000;140.75500;26956800
2025-10-13;142.36501;143.059998;141.55499;142.58501;22030400
2025-10-10;145.40500;145.67000;139.14000;139.19501;44574600
2025-10-09;145.28000;145.41000;144.34500;145.10001;11989400
2025-10-08;143.17000;145.35001;143.095001;145.34500;14037800
2025-10-07;144.53999;144.75;142.085007;142.84000;15588400
2025-10-06;144.28000;144.72000;143.72501;143.80000;17945600
2025-10-03;143.21001;143.94000;141.87000;142.36000;17458000
2025-10-02;143.63499;143.66499;142.43500;143.080002;17607800
2025-10-01;140.21001;142.41000;140.17000;142.31000;17411200
2025-09-30;140.16499;141.070007;139.87000;140.92999;18215200
2025-09-29;140.22000;140.96001;139.84000;140.16499;16107400
2025-09-26;139.14999;139.54500;138.19000;139.42000;16534000
2025-09-25;137.98000;139.34500;137.125;139;21349600
2025-09-24;140.48500;140.48500;138.31500;139.24500;13471000
2025-09-23;141.13499;141.36501;139.49001;140.11000;16456400
2025-09-22;139.074997;141.44501;139.020004;141.33000;15771200
2025-09-19;138.61501;139.59000;138.16499;139.46001;15670800
2025-09-18;137.47501;138.46500;136.81000;138.059998;20882600
2025-09-17;136.095001;136.25999;134.31000;135.71500;18948600
2025-09-16;136.97501;137.070007;136.020004;136.18500;16081400
2025-09-15;135.65500;136.69000;135.49001;136.66000;16268000
2025-09-12;135.80000;135.92999;135.14999;135.44000;15612200
2025-09-11;135.92500;136.11501;135.31000;135.53000;23429200
2025-09-10;135.35500;135.98500;134.42999;135.074997;25957200
2025-09-09;132.71001;132.81000;131.73000;132.67000;19355000
2025-09-08;132.12000;132.89500;132.089996;132.41499;20556000
2025-09-05;132.56500;132.61501;130.095001;131.42999;38561800
2025-09-04;130.14000;131.375;129.61000;131.32001;24397400
2025-09-03;130.56500;130.93500;129.70000;130.67500;15636600
2025-09-02;128.90500;130.020004;128.14000;129.89999;18226000
2025-08-29;132.68500;132.71001;130.74500;131.22501;17481200
2025-08-28;132.38499;133.55499;131.72501;133.27000;12380600
2025-08-27;131.64500;132.375;131.039993;132.22501;11538600
2025-08-26;131.024994;131.69000;130.83501;131.51500;11081000
2025-08-25;131.20500;131.73500;130.55499;130.91499;10691800
2025-08-22;129.31500;132.065002;128.95500;131.21001;13756000
2025-08-21;129.61000;130.13000;128.89500;129.45500;15148600
2025-08-20;130.48000;130.48000;127.92000;129.92500;23064200
2025-08-19;133.085007;133.11501;130.56500;130.81000;17367000
2025-08-18;132.68500;133.25500;132.55499;133.13499;12233800
2025-08-15;133.68500;133.68500;132.32001;132.85001;13373200
2025-08-14;133.47501;134.32500;133.16499;133.86501;15484400
2025-08-13;134.88000;135.024994;133.66499;134.15500;13990200
2025-08-12;132.72000;134.14000;131.98500;134.10500;11153800
2025-08-11;132.875;133.47501;131.75500;132.059998;9425400
2025-08-08;132.14000;133.11000;131.79500;132.96001;11015800
2025-08-07;132.99001;133.20500;130.55000;131.64500;10318000
2025-08-06;130.18500;131.69501;130.10001;131.52499;10167000
2025-08-05;131.63000;131.74500;129.75999;130.059998;11176000
2025-08-04;129.74500;131.17000;129.74500;131.14500;12377000
2025-08-01;129.94000;129.98500;127.89000;128.53500;19438000
2025-07-31;134.0050049;134.0050049;130.73000;131.37000;16414400
2025-07-30;132.18500;132.78999;131.30000;132.34000;13934600
2025-07-29;132.89999;133.63499;131.82001;132.044998;13739000
2025-07-28;131.49500;132.074997;131.22501;132.039993;11517600
2025-07-25;130.65500;131.32500;130.38499;130.99500;8002000
2025-07-24;130.46500;130.95000;129.96001;130.69501;12159600
2025-07-23;129.74001;130.31500;128.97000;130.14500;10091800
2025-07-22;130.51500;130.60500;128.47501;129.40500;13448800
2025-07-21;130.59000;131.50500;130.44000;130.61501;9246600
2025-07-18;131.029999;131.074997;130.095001;130.44501;10281000
2025-07-17;129.50999;130.73500;129.25500;130.53000;11955000
2025-07-16;129;129.42999;127.40500;129.35500;17782600
2025-07-15;129.31000;129.61501;128.91000;128.95500;15657000
2025-07-14;127.61000;128.13499;126.60000;127.82000;8125200
2025-07-11;127.88000;128.67500;127.72000;127.92500;9239000
2025-07-10;129.23500;129.35001;127.81500;128.49001;9988600
2025-07-09;128.60001;129.39999;127.96000;128.91499;12933600
2025-07-08;128.13000;128.39000;127.61500;128.14500;15715200
2025-07-07;127.98500;128.32001;126.89000;127.46000;11560800
2025-07-03;127.5;128.86501;127.45000;128.48000;7112800
2025-07-02;125.17000;126.89500;125.080002;126.81000;11950200
2025-07-01;126.21000;126.47500;124.625;125.48500;15144800
2025-06-30;126.48500;126.96000;125.875;126.61500;13365200
2025-06-27;125.875;126.35500;124.81500;125.38500;12196600
2025-06-26;125.23500;125.73500;124.74000;125.53500;11288400
2025-06-25;124.26000;124.86000;124.15000;124.67500;9228600
2025-06-24;122.67500;123.77000;122.53000;123.62000;11329400
2025-06-23;120.19000;121.54500;119.375;121.44000;12277000
2025-06-20;121.23500;121.64500;119.70500;120.27000;11490600
2025-06-18;120.95500;121.56500;120.19000;120.80500;11066000
2025-06-17;121.010002;121.86500;120.375;120.66000;10525400
2025-06-16;120.30500;121.88000;120.30500;121.52000;13866200
2025-06-13;119.88000;120.79500;119.14500;119.58500;13193800
2025-06-12;120.14500;121.56500;120.125;121.28500;11210400
2025-06-11;120.72500;121.21500;119.55000;120.17000;9599600
2025-06-10;119.74500;120.61500;119.29500;120.43500;9831600
2025-06-09;119.64500;120.50500;119.55500;119.76500;11100600
2025-06-06;119.20500;119.73000;118.84000;119.18000;9026000
2025-06-05;118.75;119.78500;117.55500;118.065002;15885200
2025-06-04;118.375;118.77000;117.81500;118.40000;10899200
2025-06-03;116.63000;118.31500;116.54500;118.22500;14312400
2025-06-02;115.15000;116.54500;115.010002;116.47500;12878800
2025-05-30;115.76000;115.81500;113.71000;115.45500;13494000
2025-05-29;117.37000;117.49000;115.22000;115.81500;14011800
2025-05-28;116.24000;116.70500;115.45000;115.62000;10789200
2025-05-27;115.17000;116.26000;114.78500;116.099998;14208400
2025-05-23;112.67500;114.14500;112.55000;113.40500;12004000
2025-05-22;114.69500;115.70000;114.41500;114.67000;11372000
2025-05-21;115.74000;117.35500;114.17500;114.64000;18643600
2025-05-20;116.54500;116.85500;115.95000;116.83500;10273200
2025-05-19;115.71000;117.54000;115.67000;117.27500;11863000
2025-05-16;117.60500;117.60500;116.43000;117.44500;8111600
2025-05-15;116.43000;117.88500;116.29000;117.22500;9536400
2025-05-14;116.85500;117.52500;116.38000;117.065002;10248000
2025-05-13;114.26000;116.69000;114.13000;116.31000;12757200
2025-05-12;113.41500;113.89000;112.27000;113.85000;13478200
2025-05-09;109.42000;109.62000;108.24000;108.80000;7330000
2025-05-08;108.97500;109.97000;108.0049973;108.93500;8704400
2025-05-07;106.83500;108.375;106.099998;107.90500;8169400
2025-05-06;106.13000;107.62000;105.80500;106.83500;7958200
2025-05-05;107.375;108.5;107.32000;107.73000;6757000
2025-05-02;107.74500;108.81000;107.45500;108.30500;8125400
2025-05-01;107.28000;108.27500;106.43000;106.52500;11532800
2025-04-30;102.49500;105.375;101.90000;104.98500;10203800
2025-04-29;103.56500;104.98500;103.56500;104.55000;9144400
2025-04-28;104.099998;104.61500;102.51000;104.065002;5574400
2025-04-25;102.40500;104.43000;102.30500;104.23500;6518400
2025-04-24;99.99500;102.85500;99.83500;102.71500;9317000
2025-04-23;99.92000;100.97500;98.61500;99.019997;13413800
2025-04-22;95.19000;96.78500;94.63500;96.23000;9312800
2025-04-21;94.90500;95.14500;92.59500;93.94000;8973400
2025-04-17;97.65000;97.65000;96.019997;96.43000;7480800
2025-04-16;97.75;98.79000;95.27000;96.95500;13222400
2025-04-15;100.23500;101.20500;99.97500;100.44500;7200000
2025-04-14;102.25;102.31500;99;100.080002;11904400
2025-04-11;96.70000;99.60000;95.97500;99.17500;14423200
2025-04-10;98.42500;99.099998;93.86500;97.18500;19747600
2025-04-09;90.050003;102.49000;89.93500;101.93000;36988800
2025-04-08;95.14500;96.42000;88.22000;89.86500;25811400
2025-04-07;87.46500;95.90500;86.22500;91.73000;44557800
2025-04-04;94.57000;95.32000;91.15000;91.18500;33804600
2025-04-03;99.74500;100.35000;97.53500;97.61500;19451400
2025-04-02;102.51000;105.63000;102.43000;104.76500;9292000
2025-04-01;102.83000;104.084999;101.99000;103.99500;9480200
2025-03-31;101.39000;103.47500;100.36500;103.24000;14219000
2025-03-28;105.20500;105.63000;102.84000;103.19000;10667600
2025-03-27;106.010002;106.61000;105.19500;105.75500;6577800
2025-03-26;108.84000;109.099998;106.32000;106.74000;7873000
2025-03-25;108.74500;109.32000;108.69000;109.17500;7481800
2025-03-24;108.57000;109.074997;108.28500;108.81500;8200200
2025-03-21;105.36000;107.125;104.97000;106.98000;10425400
2025-03-20;106.23500;107.86500;106.074997;106.69000;7145200
2025-03-19;106.62000;108.71500;106.17500;107.45500;8838600
2025-03-18;106.95000;107.059998;105.68500;106.074997;11486600
2025-03-17;106.88500;108.48000;106.57500;107.71500;10148800
2025-03-14;105.19000;107.080002;105.15500;106.97000;10040800
2025-03-13;105.53500;105.77000;103.42500;103.83000;12383000
2025-03-12;106.059998;106.76000;104.57500;105.84000;10981600
2025-03-11;104.30500;105.95500;103.14500;104.20000;14832800
2025-03-10;107.11000;107.31000;103.54000;104.625;21561800
2025-03-07;107.58500;109.54500;106.31500;109.27000;11263400
2025-03-06;108.51000;110.22500;107.19000;107.71000;16432000
2025-03-05;109.59000;111.14500;108.12000;110.78500;11931000
2025-03-04;108.52500;111.18000;107.13000;109.25;17721000
2025-03-03;113.34500;113.57500;108.52500;109.33500;12516200
2025-02-28;110.79500;112.88000;109.85000;112.76500;14172200
2025-02-27;116.13000;116.25;111.24500;111.29500;10100000
2025-02-26;115.375;116.59000;114.61500;115.5;7630600
2025-02-25;115.51000;115.61500;113.47500;114.25500;10433600
2025-02-24;117.89000;118.22000;115.61000;115.75500;7447600
2025-02-21;120.74000;120.79000;117.375;117.43500;9057600
2025-02-20;120.97500;121.13500;119.43000;120.70500;5987400
2025-02-19;120.94500;121.57000;120.099998;121.089996;5604200
2025-02-18;120.60500;121.095001;120.044998;121.080002;6024000
2025-02-14;119.48000;120.084999;119.26000;119.98500;4557000
2025-02-13;118.12000;119.65500;117.95500;119.58000;7829600
2025-02-12;116.5;118.050003;116.37000;117.91000;8555600
2025-02-11;117.45500;118.64000;117.375;118.16500;6456200
2025-02-10;117.33000;118.40500;117.29500;118.11000;6054200
2025-02-07;117.89000;118.45500;116.019997;116.41000;8552800
2025-02-06;117.095001;117.65500;116.57500;117.41500;6808000
2025-02-05;115.59500;117.12000;115.23000;117.095001;5398000
2025-02-04;114.24000;115.67000;114.20000;115.49000;8371200
2025-02-03;112.85000;114.54500;112.25;113.85000;13752800
2025-01-31;117.16500;117.86500;115.095001;115.40500;10741800
2025-01-30;115.66500;116.48500;114.87000;116.084999;8840200
2025-01-29;116.59000;116.64500;114.74500;115.87000;9050000
2025-01-28;114.55500;117.080002;113.34500;116.82000;11260600
2025-01-27;114.29000;115.49000;112.73500;113.78500;20705600
2025-01-24;121.29000;121.29000;119.26500;119.65000;6607600
2025-01-23;119.76500;120.93500;119.65000;120.91000;7604400
2025-01-22;119.625;120.97500;119.45500;120.69500;10243800
2025-01-21;117.44500;118.32000;116.63000;118.029999;6744200
2025-01-17;117.33000;117.47000;116.54000;117.055000;6742600
2025-01-16;117.089996;117.16500;115.22500;115.25;5368400
2025-01-15;115.43500;116.48500;115.055000;116.14500;10465400
2025-01-14;114.46000;114.77500;112.97500;113.88000;7220200
2025-01-13;112.55000;113.66000;112.22500;113.58000;10656000
2025-01-10;115.71000;115.73000;113.71500;114.39000;11665800
2025-01-08;117.25;117.27000;115.81500;116.94000;10023800
2025-01-07;120;120;116.57000;116.98000;10006800
2025-01-06;119.22000;120.53000;118.90500;119.375;8975400
2025-01-03;116.69500;118;116.46500;117.875;9117600
2025-01-02;117.18000;117.51000;114.89000;115.98500;12766600
2024-12-31;117.55500;117.63500;115.88000;116.26000;9381200
2024-12-30;117.014999;118.17000;116.29000;117.23500;7950400
2024-12-27;119.53500;119.69000;117.57500;118.74500;8726400
2024-12-26;119.88000;120.78500;119.49500;120.34500;7150800
2024-12-24;119.46000;120.27000;119.28000;120.26500;4653400
2024-12-23;118.125;119.084999;117.49500;119.035004;7973400
2024-12-20;115.45500;118.93000;115.095001;117.98000;14924800
2024-12-19;117.30000;117.68000;116.095001;116.24500;13383400
2024-12-18;120.39500;120.72500;115.85000;116.12000;16927200
2024-12-17;119.86500;120.46000;119.40500;119.99000;8145000
2024-12-16;119.68000;120.82500;119.42500;120.72000;9442600
2024-12-13;120.089996;120.56000;118.57500;119.52500;8677000
2024-12-12;118.92000;119.45500;118.63000;119.014999;7218200
2024-12-11;118.91000;120.065002;118.5;119.68500;8689600
2024-12-10;119.23000;119.55500;117.60000;117.97500;11234400
2024-12-09;119.97000;120.40000;119.33000;119.63500;8032400
2024-12-06;120.16500;120.94000;120.035004;120.42000;6654200
2024-12-05;120.375;120.51500;119.79000;119.95500;5638000
2024-12-04;119.88000;120.625;119.53000;120.56500;10840000
2024-12-03;117.47500;118.43000;117.24500;118.40000;5576000
2024-12-02;116.95000;118.41500;116.92000;117.97500;9398200
2024-11-29;116.059998;117.11000;115.94500;116.86500;4168400
2024-11-27;116.58500;116.65500;114.76500;115.79000;6369400
2024-11-26;117.32500;117.74500;116.88000;117.38000;6229400
2024-11-25;117.68000;117.88500;116.26500;116.79500;11137200
2024-11-22;116.53000;117.070000;116.11000;116.80000;7090800
2024-11-21;116.68500;117.28500;114.90000;116.74000;10591800
2024-11-20;115.76500;115.80500;114.025002;115.56500;8874400
2024-11-19;114.0049973;115.76000;114.0049973;115.66500;6906800
2024-11-18;114.35500;115.21000;113.86000;114.72500;6166800
2024-11-15;115.81500;115.96500;113.97500;114.35500;11229800
2024-11-14;117.85500;118.059998;117.074997;117.26500;6602000
2024-11-13;117.82500;118.53500;117.30000;117.66500;6329600
2024-11-12;117.84500;118.22500;117.14500;118.074997;7530800
2024-11-11;118.56500;118.64000;117.22000;117.92500;7267200
2024-11-08;118.56000;118.97000;118.15000;118.58000;7236400
2024-11-07;117.48500;118.84500;117.43000;118.71000;10463000
2024-11-06;115.63500;116.89000;115.29000;116.67500;10967800
2024-11-05;112.21500;113.53500;112.21500;113.44500;7273000
2024-11-04;112.059998;112.67500;111.39500;111.87000;6311800
2024-11-01;111.24000;112.79000;111.089996;111.95500;11565800
2024-10-31;113.54500;113.54500;111.080002;111.12000;12110200
2024-10-30;115.59500;115.90500;114.73000;114.80500;8341200
2024-10-29;115.33000;116.99500;114.90000;116.66000;7451600
2024-10-28;115.97000;115.97000;115.084999;115.11000;5899200
2024-10-25;115.20000;116.44000;114.98000;115.14500;8314800
2024-10-24;114.68000;114.83500;113.87000;114.55000;4832800
2024-10-23;115.44500;115.62000;113.24000;114.21500;6083600
2024-10-22;115.38000;116.27000;115.050003;115.875;6169200
2024-10-21;115.095001;116.010002;114.88500;115.99500;6322400
2024-10-18;115.64500;115.88000;115.21000;115.45500;4537000
2024-10-17;116.29500;116.36000;115.044998;115.044998;6051200
2024-10-16;114.70000;114.87000;113.46000;114.69500;5758800
2024-10-15;117;117.28500;113.91500;114.34000;14179400
2024-10-14;116.14000;117.15000;116.084999;116.91000;9810200
2024-10-11;114.93000;115.66500;114.76000;115.40500;8849000
2024-10-10;114.46500;115.50500;114.14500;115.20500;5692200
2024-10-09;114.050003;115.39500;113.69500;115.23500;7579800
2024-10-08;112.67500;114.15000;112.42000;113.96000;7864800
2024-10-07;112.14000;112.88500;111.59000;111.87000;4430400
2024-10-04;112.84500;112.92500;111.46000;112.64500;5009200
2024-10-03;110.62000;112.22000;110.60500;111.40500;5784800
2024-10-02;110.15500;111.45000;109.53000;110.94500;4532400
2024-10-01;112.54500;112.61000;109.47500;110.13000;11295400
2024-09-30;112.059998;112.95000;111.5;112.88000;5500400
2024-09-27;113.77000;113.80500;112.13000;112.55000;6093800
2024-09-26;114.31500;114.44000;112.41500;113.61000;9244800
2024-09-25;111.58500;112.61500;111.53500;112.125;6111600
2024-09-24;111.51000;112.029999;110.31000;111.80500;7025800
2024-09-23;111.16500;111.31000;110.70500;111.044998;7490600
2024-09-20;111.37000;111.76500;110.27000;111.26500;14492800
2024-09-19;111.63500;112.50500;111.025002;111.81000;13934000
2024-09-18;109.86000;110.63000;108.48000;108.58500;12741600
2024-09-17;110.90000;111.070000;109.029999;109.58500;6990000
2024-09-16;109.42500;110.15000;108.78500;109.80000;6897800
2024-09-13;109.80500;110.49500;109.36000;110.22000;8047400
2024-09-12;108.69000;110.13500;107.92500;109.67000;10604200
2024-09-11;105.54000;108.93500;103.87000;108.77000;12768800
2024-09-10;104.34500;105.40500;103.35000;105.18000;10123000
2024-09-09;103.22500;103.74500;102.27000;103.63000;10922000
2024-09-06;104.59000;104.84000;101.49000;101.96000;12441000
2024-09-05;104.080002;105.97500;103.98500;104.67500;8874800
2024-09-04;104.040001;106.029999;103.71000;104.83500;12330000
2024-09-03;109;109.080002;104.50500;105.10500;14765800
2024-08-30;109.90500;110.59000;108.72000;110.16500;10048400
2024-08-29;109.74000;111.28500;108.44000;108.72000;13314800
2024-08-28;111.099998;111.31500;108.79000;109.71000;9002200
2024-08-27;109.89000;111.48000;109.35000;111.24500;7656000
2024-08-26;111.88000;112.30000;110.010002;110.57500;6268800
2024-08-23;111.29000;112.47000;110.55000;111.98000;10681000
2024-08-22;113.42000;113.68500;109.96500;110.19500;9083600
2024-08-21;112.20000;113.18000;111.84500;112.79000;7538800
2024-08-20;112.23000;112.90500;111.47000;112.13000;7221600
2024-08-19;110.44000;112.53000;109.99000;112.52500;13004200
2024-08-16;109.93000;110.91500;109.63000;110.70000;6706400
2024-08-15;108.81500;110.625;108.58000;110.51500;9518800
2024-08-14;107.5;107.97000;105.98000;107.42500;8922400
2024-08-13;104.94000;106.875;104.81000;106.84000;9999600
2024-08-12;103.13500;104.45500;102.65500;103.65500;8580200
2024-08-09;102.29500;103.40500;101.67500;102.81500;9535600
2024-08-08;100.45500;102.61000;99;102.35500;14477200
2024-08-07;102.72500;103.22500;98.53500;98.67000;17653600
2024-08-06;100.21500;102.32500;99.15000;100.29500;24575800
2024-08-05;95.95500;100.86000;95.375;98.95000;31430000
2024-08-02;102.52000;103.36500;100.625;102.36000;18621600
2024-08-01;109.099998;110.36500;104.20000;105.32000;16991400
2024-07-31;108.19500;109.79500;107.43500;109.40000;14614000
2024-07-30;108.059998;108.16500;104.15000;104.95500;10694600
2024-07-29;109;109.47000;107.34500;107.66000;7343800
2024-07-26;108.22500;109;107.22500;108.14000;11697800
2024-07-25;107.82500;109.43500;105.23000;106.78500;21158000
2024-07-24;111.13000;111.48000;107.68000;107.94000;14300800
2024-07-23;112.58000;113.61500;112.45000;112.60000;5530800
2024-07-22;111.89500;113.18000;111.42000;113.050003;10601600
2024-07-19;111.59500;112.28000;110.19000;110.43500;8472800
2024-07-18;113.41000;113.43000;110.77500;112.19000;10837200
2024-07-17;114.050003;114.16500;112.125;112.18000;12440400
2024-07-16;117.38500;117.44500;115.88500;116.72000;7652200
2024-07-15;117.49500;118.26500;116.44500;117.11000;8628000
2024-07-12;116.18500;118.14000;115.78000;116.90000;9767600
2024-07-11;119.019997;119.070000;115.53000;115.86500;14106000
2024-07-10;117.94500;118.92500;117.28500;118.84000;8749400
2024-07-09;117.83500;118.11500;116.47000;117.14000;8678600
2024-07-08;116.81500;117.57500;116.61500;117.23500;7671000
2024-07-05;116.21500;116.95500;115.73500;116.44000;6671800
2024-07-03;114.375;116.14000;114.28000;116.084999;6249200
2024-07-02;112.98000;114.55000;112.98000;114.54000;7076600
2024-07-01;113.28500;114.16000;111.64000;113.97000;9281600
2024-06-28;113.57000;115.19500;112.96000;113.11500;12488200
2024-06-27;112.90000;113.73500;112.76500;113.17500;7923600
2024-06-26;113.080002;113.65500;112.24000;113.12000;9459600
2024-06-25;112.025002;113.31000;111.39500;113.25;9126200
2024-06-24;112.82000;113.33000;111.18000;111.21000;13748600
2024-06-21;114.43000;114.88000;113.68500;114.20500;13560200
2024-06-20;116.22500;116.29500;114.019997;114.40500;13243000
2024-06-18;115.67500;116.084999;115.24500;115.70500;8677800
2024-06-17;114.11500;115.96500;113.72500;115.56000;11602600
2024-06-14;113.25;113.90000;113.17500;113.83500;7864600
2024-06-13;113.56500;113.88000;112.72000;113.41000;12693600
2024-06-12;111.18000;113.65500;110.97500;112.52000;17821200
2024-06-11;107.80000;110.11500;107.75;110.084999;12719200
2024-06-10;107.43500;108.36500;107.36500;108.074997;6734800
2024-06-07;107.66500;108.26000;107.27000;107.80000;6398600
2024-06-06;107.97000;108.044998;107.26500;107.55000;7057600
2024-06-05;106.40000;107.91000;106.23000;107.91000;8788800
2024-06-04;105.29000;105.73500;104.75;105.56500;6405400
2024-06-03;105.88500;105.98000;104.084999;105.34500;9628000
2024-05-31;105.22500;105.24500;102.76500;105.080002;12081000
2024-05-30;106.17000;106.33000;104.59000;104.91500;10450600
2024-05-29;106.91000;107.88000;106.91000;107.36500;8569000
2024-05-28;108.20500;108.29000;107.375;108.050003;8786400
2024-05-24;106.96500;107.82500;106.61000;107.59500;5906400
2024-05-23;108.80000;108.81000;106.35500;106.69500;9400400
2024-05-22;107.63500;107.96500;106.93500;107.57000;11783000
2024-05-21;106.74500;107.50500;106.55500;107.33000;6140400
2024-05-20;106.014999;107.35500;105.92000;107.15500;6276800
2024-05-17;106.39000;106.45500;105.33000;105.91000;7616000
2024-05-16;106.58000;106.91000;106.099998;106.14500;12066600
2024-05-15;104.82500;106.55000;104.75;106.51500;14308600
2024-05-14;103.22000;104.31500;103.16000;104.17000;9825200
2024-05-13;103.52500;103.61000;102.93000;103.25500;6582000
2024-05-10;102.92500;103.38500;102.44500;102.77000;8753800
2024-05-09;102.25500;102.47000;101.88000;102.39000;9589600
2024-05-08;101.76500;102.53000;101.74000;102.42000;7176000
2024-05-07;102.76500;102.81500;102.12000;102.13000;10020800
2024-05-06;101.66000;102.46500;101.50500;102.46500;8021000
2024-05-03;101.19500;101.61500;100.83500;101.27500;13316400
2024-05-02;98.37000;98.66500;97.13000;98.53000;13340000
2024-05-01;97.61000;99.25;97.11000;97.13000;20453600
2024-04-30;100;100.40500;98.10500;98.13500;14929000
2024-04-29;100.43000;100.58000;99.76000;100.34500;7494800
2024-04-26;99.58000;100.64500;99.19000;99.91500;10104200
2024-04-25;97.78000;98.98500;97.34500;98.80000;11568000
2024-04-24;99.29500;99.70500;98.47000;99.014999;9160200
2024-04-23;97.53000;98.71000;97.38500;98.56500;12151600
2024-04-22;97.0049973;97.71000;96.040001;97.125;13293400
2024-04-19;97.91500;98.23500;96.019997;96.26500;21880000
2024-04-18;99.39500;99.65000;98.18500;98.29000;15280600
2024-04-17;101.25;101.42000;99.35000;99.42500;13090400
2024-04-16;100.98000;101.50500;100.48000;100.88000;14914000
2024-04-15;103.34000;103.40500;100.60500;100.76000;17189000
2024-04-12;103.15500;103.64000;102.33000;102.71000;16186800
2024-04-11;102.81000;104.57000;102.31500;104.40000;10563600
2024-04-10;102.44500;102.73500;101.91500;102.35500;13836800
2024-04-09;103.63500;103.85000;102.33000;103.625;9400800
2024-04-08;103.29000;103.63000;102.72500;103.10500;8125800
2024-04-05;102.5;103.75;102.21500;103.22500;12808800
2024-04-04;104.68500;105.050003;102;102.055000;16464800
2024-04-03;102.90000;104.23000;102.875;103.69500;10670000
2024-04-02;103.26500;103.57000;102.58000;103.42000;11418200
2024-04-01;104.35500;105.035004;104.044998;104.42500;11654800
2024-03-28;104.11500;104.43500;103.92500;104.13500;8854400
2024-03-27;104.48500;104.54000;103.56000;104.36000;12495000
2024-03-26;104.63500;104.80500;103.74500;103.83000;8538400
2024-03-25;103.96000;104.70500;103.66000;104.26000;8777800
2024-03-22;104.92500;105.34000;104.55000;104.95500;11507000
2024-03-21;105.96500;105.96500;104.83000;104.92000;12312000
2024-03-20;103.76500;104.88000;103.40000;104.84500;13357400
2024-03-19;102.64500;103.70000;102.13000;103.68500;13390200
2024-03-18;103.54500;104.21000;103.070000;103.15000;14176600
2024-03-15;102.89000;103.36000;102.39500;102.81500;19633400
2024-03-14;104.81000;105.18000;103.75500;104.39000;16023200
2024-03-13;105.19000;105.25;103.93500;104.37000;12815400
2024-03-12;104.38500;105.52000;103.39500;105.51000;17382800
2024-03-11;103.20000;103.62000;102.64500;103.39000;15648400
2024-03-08;105.43000;106.17500;103.61000;103.67500;14912200
2024-03-07;104.49000;105.56000;103.97000;105.24000;12120800
2024-03-06;103.86500;104.38500;102.91000;103.60500;14303200
2024-03-05;104.34000;104.39000;102.125;102.79000;18042800
2024-03-04;105.23000;105.98500;104.99500;105.38000;20443800
2024-03-01;103.75500;105.53000;103.70500;105.38000;13136800
2024-02-29;102.89500;103.73500;102.32000;103.49000;11986800
2024-02-28;102.49500;102.63000;101.98000;102.35000;8329000
2024-02-27;103.025002;103.025002;102.070000;102.83500;9984400
2024-02-26;103.095001;103.35000;102.64000;102.74500;18248800
2024-02-23;103.70000;103.83000;102.32000;102.64500;12324000
2024-02-22;102.20000;103.16500;101.96500;102.88500;18551600
2024-02-21;99.28500;99.625;98.53500;99.625;15954400
2024-02-20;100.69000;101.050003;99.25;100.25500;17447600
2024-02-16;102.5;102.70500;101.15000;101.28500;11090400
2024-02-15;102.57500;102.67500;101.65500;102.22500;10796400
2024-02-14;102.13500;102.52000;101.41500;102.44000;11791600
2024-02-13;100.89500;102.059998;100.59000;101.38000;19459400
2024-02-12;103.91500;104.23500;102.98000;103.13000;10753200
2024-02-09;102.97000;104.055000;102.85000;103.92000;11612200
2024-02-08;102.39500;102.81500;102.27000;102.54000;9948200
2024-02-07;101.59500;102.24500;101.19000;102.22000;11365800
2024-02-06;101.46000;101.63500;100.23500;100.88500;12677200
2024-02-05;101.53000;101.64000;100.40000;101.35000;10086200
2024-02-02;99.40500;101.44000;99.375;101.12000;12872200
2024-02-01;99.23500;100.22500;99.17000;100.084999;14303400
2024-01-31;100;100.41000;98.79000;98.84000;16295200
2024-01-30;101.76500;101.92000;100.65000;100.96000;12251600
2024-01-29;101;101.82000;100.80000;101.80000;7639600
2024-01-26;101.33500;101.78500;100.64500;100.875;10553000
2024-01-25;102.56000;103.074997;101.58000;102.050003;17071400
2024-01-24;101.625;102.64500;101.33500;101.625;17651200
2024-01-23;100.62000;100.99500;100.035004;100.93000;13263800
2024-01-22;100.57500;101.14000;100.14500;100.52500;14969000
2024-01-19;98.47000;100.10500;98.25500;100.084999;18333200
2024-01-18;97.16500;97.92000;96.80000;97.83000;18918800
2024-01-17;95.64500;96;94.84500;95.88500;14109000
2024-01-16;96;96.76500;95.44500;96.36000;11775600
2024-01-12;95.96500;96.34000;95.64000;96.12000;8834600
2024-01-11;95.79500;96.27500;94.46500;95.81000;13296600
2024-01-10;94.56500;95.53000;94.36500;95.32500;9785400
2024-01-09;93.64500;94.79000;93.44500;94.52000;10633800
2024-01-08;92.52500;94.43500;92.43000;94.37000;16434600
2024-01-05;92.19000;92.85500;91.71000;92.059998;16350600
2024-01-04;92.19500;92.83500;91.99500;92.084999;12127200
2024-01-03;92.86500;93.375;92.60000;92.76500;18190000
2024-01-02;94.93000;95.080002;93.125;93.72000;23545400
2023-12-29;96.58500;96.78000;95.76000;96.24000;12190600
2023-12-28;96.76000;96.86000;96.49000;96.53500;9615400
2023-12-27;96.47500;96.62000;96.010002;96.42000;11764600
2023-12-26;96.084999;96.625;96.084999;96.42500;6207600
2023-12-22;96.17500;96.30500;95.55000;96.025002;10215000
2023-12-21;95.80000;96.11500;95.095001;95.90000;11336000
2023-12-20;96.18000;96.52000;94.82000;94.83500;13734800
2023-12-19;95.90500;96.30000;95.85000;96.29000;9003600
2023-12-18;95.62000;96.14000;95.21500;95.92500;10138000
2023-12-15;95.27000;96.40000;95.27000;95.85000;18131200
2023-12-14;95.68000;96.040001;94.66500;95.37000;15427400
2023-12-13;94.99500;95.83500;94.77000;95.60500;29395000
2023-12-12;93.80000;94.80000;93.72000;94.77000;15055400
2023-12-11;93.055000;94.16500;92.84000;94.14500;37795400
2023-12-08;92.34000;93.40500;92.22500;93.33000;12808800
2023-12-07;91.86500;92.69500;91.67000;92.54000;13928800
2023-12-06;92.78500;92.92000;91.36000;91.43000;14731400
2023-12-05;91.17000;92.31500;91.17000;92.21000;10841400
2023-12-04;91.86500;91.86500;90.66000;91.66000;18221800
2023-12-01;92.34000;92.95500;91.89500;92.79000;13992200
2023-11-30;92.83000;92.95500;91.80500;92.58000;13744000
2023-11-29;93.050003;93.45000;92.39000;92.44500;10765400
2023-11-28;91.89000;92.62000;91.89000;92.375;11012400
2023-11-27;92.074997;92.73500;91.91000;92.20000;8420000
2023-11-24;92.23000;92.31000;91.85500;92.20500;4193800
2023-11-22;92.55500;93.17500;92.13500;92.38500;11213400
2023-11-21;92.30500;92.45000;91.64000;91.97500;13350800
2023-11-20;91.51500;92.96500;91.50500;92.72500;11116200
2023-11-17;91.38500;91.75;91.0049973;91.40000;13277800
2023-11-16;90.95500;91.69000;90.79000;91.59000;11553600
2023-11-15;91.42500;91.56500;90.78500;91.13500;13147800
2023-11-14;90.60000;91.25;90.32000;91.019997;16508400
2023-11-13;89.38500;89.46000;88.86000;89.23500;11725000
2023-11-10;88.0049973;89.82000;87.90500;89.76000;13346400
2023-11-09;88.014999;88.66000;87.36000;87.47500;14374600
2023-11-08;87.69000;88.029999;87.29000;87.88500;10722400
2023-11-07;86.67500;87.64500;86.54500;87.39000;13029800
2023-11-06;85.99500;86.47500;85.72500;86.44500;11099200
2023-11-03;84.92000;86.22500;84.73500;85.88000;15661800
2023-11-02;84.34500;85.080002;84.23000;85.0049973;16192600
2023-11-01;82.15000;83.70000;82.15000;83.59000;20945800
2023-10-31;81.46500;82.074997;80.83000;82.0049973;10893600
2023-10-30;80.98500;81.71500;80.74000;81.42500;14180800
2023-10-27;80.58500;81.375;80.20500;80.56000;16231600
2023-10-26;81.80000;82.16000;79.75;80.095001;20646400
2023-10-25;83.025002;83.125;81.41000;81.65500;15529600
2023-10-24;82.39000;82.75500;81.74000;82.63000;11180400
2023-10-23;81.46000;82.90000;81.0049973;82.065002;15159000
2023-10-20;83.34000;83.40000;81.88500;81.97000;15350400
2023-10-19;84.19500;84.76000;83.23500;83.38000;19991800
2023-10-18;84.13500;84.82000;83.51500;83.86000;12862800
2023-10-17;84.055000;85.17000;83.45000;84.73000;15317800
2023-10-16;84.45500;85.51000;84.44000;85.125;14544200
2023-10-13;85.71000;85.85500;84.019997;84.31500;15183200
2023-10-12;85.53500;86.41500;84.89000;85.54000;15405800
2023-10-11;84.93500;85.5;84.66500;85.46000;10389200
2023-10-10;84.60500;85.35500;84.37000;84.67500;20402800
2023-10-09;83.59500;84.67500;83.21000;84.54500;13139200
2023-10-06;82;84.47000;81.76000;84.11000;16625600
2023-10-05;82.45000;82.70000;81.57500;82.56500;12023000
2023-10-04;81.50500;82.67500;81.50500;82.45500;15194200
2023-10-03;82.375;82.94000;81.019997;81.44000;14838800
2023-10-02;82.0049973;83.084999;81.88000;82.84500;13656200
2023-09-29;82.49000;83.25500;81.68500;81.96500;15883800
2023-09-28;80.72500;82.20500;80.34500;81.68500;12829400
2023-09-27;81.375;81.53500;80.30500;81.11000;11665200
2023-09-26;81.93000;81.97500;80.70500;80.98500;14926000
2023-09-25;81.99500;82.59500;81.78500;82.47000;10577400
2023-09-22;82.39000;82.96000;82.019997;82.20500;12537800
2023-09-21;82.42500;83.010002;81.99000;82.029999;14741200
2023-09-20;84.86000;84.97000;83.26500;83.30000;10760400
2023-09-19;84.31500;84.84500;83.85500;84.63000;8236600
2023-09-18;84.025002;84.95500;84;84.67500;9943800
2023-09-15;85.79500;85.82000;84.22500;84.45000;13116800
2023-09-14;86.010002;86.32000;85.47000;86.10500;9473200
2023-09-13;85.23500;85.94500;84.99500;85.48500;10008800
2023-09-12;86.12000;86.42500;85.11500;85.27000;12243000
2023-09-11;87.15500;87.23500;86.084999;86.84500;8272800
2023-09-08;86.21000;86.95000;86.17000;86.39500;8584800
2023-09-07;85.85500;86.40500;85.54000;86.21500;12513600
2023-09-06;88.070000;88.29000;86.94000;87.48000;18143200
2023-09-05;87.88000;88.69000;87.59500;88.41500;10060400
2023-09-01;88.38000;88.49500;87.65000;88.099998;9244600
2023-08-31;87.60500;88.16500;87.51000;87.83000;11963400
2023-08-30;86.76500;87.49500;86.46500;87.40500;12266600
2023-08-29;84.80000;86.83500;84.71000;86.75;13713800
2023-08-28;84.99500;85.22500;84.39000;85.044998;8963800
2023-08-25;83.84000;84.82000;83.095001;84.35500;15686600
2023-08-24;86.55000;86.55500;83.44000;83.50500;13929000
2023-08-23;84.16500;85.72500;84.16000;85.47500;10113200
2023-08-22;84.81000;84.86000;83.77500;83.96000;11361800
2023-08-21;82.90500;84.22500;82.82500;84.055000;13132800
2023-08-18;81.52000;82.81500;81.47000;82.48000;13658600
2023-08-17;83.51500;83.67000;82.23000;82.35500;12614800
2023-08-16;83.76500;84.24500;83.14000;83.14500;9779400
2023-08-15;84.53000;84.83000;83.75;83.94500;9366400
2023-08-14;83.36500;84.79000;83.16500;84.78000;10328000
2023-08-11;83.40000;83.94000;83.16000;83.45000;10772000
2023-08-10;84.70000;85.43500;83.65500;84.070000;12731400
2023-08-09;85.27500;85.27500;83.77000;84.059998;14301800
2023-08-08;85.22000;85.27000;84.30500;85.16000;11461800
2023-08-07;85.94000;86.23500;85.20000;85.82000;9536000
2023-08-04;86.46500;86.98500;85.44500;85.58000;14431800
2023-08-03;86.40500;87.27000;86.35000;86.76000;11321000
2023-08-02;88.54000;88.59500;86.80000;87.11500;15818600
2023-08-01;88.88500;89.51500;88.65000;89.32500;8845800
2023-07-31;89.050003;89.28500;88.66500;89.17500;10138400
2023-07-28;88.59000;89.23500;88.40500;88.97000;11287400
2023-07-27;89.22000;89.49000;87.375;87.77500;13857000
2023-07-26;88.29500;88.51000;87.41000;88.029999;15501600
2023-07-25;88.50500;89.52500;88.49000;89.23000;10802200
2023-07-24;88.45500;88.67000;87.88000;88.22000;11308200
2023-07-21;88.67000;89.11500;87.96000;88.065002;14871400
2023-07-20;89.33000;89.71000;87.83500;88.11000;24356000
2023-07-19;90.35500;90.73000;89.56000;89.90500;20990000
2023-07-18;88.91500;90.56500;88.45000;90.13000;16406000
2023-07-17;88.16000;89.38000;88.059998;89.12000;11858800
2023-07-14;88.34500;89.035004;87.74000;87.99500;11543800
2023-07-13;87.58500;88.31500;87.41000;88.125;9349200
2023-07-12;86.875;87.40000;86.40000;86.99000;16104400
2023-07-11;86.010002;86.11000;85.17500;86.014999;9996000
2023-07-10;85.29500;85.83500;84.97000;85.83000;16877200
2023-07-07;85.84000;86.64000;85.55500;85.60500;11622200
2023-07-06;85.36000;86.059998;85.099998;85.98000;12116400
2023-07-05;86.14000;86.85500;86.065002;86.21000;9395600
2023-07-03;86.91500;86.95500;86.30500;86.74500;6182200
2023-06-30;86.42000;87.15000;86.35500;86.93000;11398400
2023-06-29;85.51000;85.72500;85.055000;85.57000;9128200
2023-06-28;84.89500;85.88000;84.83000;85.42000;11371600
2023-06-27;84.055000;85.56500;83.97500;85.37000;13833000
2023-06-26;84.40000;85.14000;83.66000;83.72000;10890200
2023-06-23;84.20000;84.82500;83.97000;84.32500;14729000
2023-06-22;84.18000;85.28500;84.16500;85.25;15224200
2023-06-21;85.5;85.66500;84.31000;84.56000;12058000
2023-06-20;85.92000;86.45000;85.37000;85.83000;14137800
2023-06-16;88.14500;88.15000;86.51000;86.59500;17366600
2023-06-15;85.85500;87.70500;85.83500;87.31500;17732600
2023-06-14;85.22500;86.23500;84.93000;86.20500;16769000
2023-06-13;85.56500;85.73000;84.63500;85.32500;16595800
2023-06-12;83.57500;84.84500;83.40500;84.81000;13787200
2023-06-09;82.99500;83.85500;82.72500;83.0049973;14413600
2023-06-08;81.83000;82.72500;81.77000;82.59500;10665200
2023-06-07;82.79000;83.43500;81.54000;81.71000;13703800
2023-06-06;82.77000;83.13000;82.35500;82.95000;9975600
2023-06-05;83.40000;83.95500;82.82500;82.97000;10909000
2023-06-02;83.46500;83.83500;82.86000;83.45000;14270600
2023-06-01;81.88000;83.32500;81.61500;82.97500;17419400
2023-05-31;82.35500;83.13000;82.095001;82.14000;19301000
2023-05-30;83.60000;84.019997;82.65500;82.83000;18123600
2023-05-26;80.32000;82.53500;80.31000;82.39000;15160000
2023-05-25;79.20500;80.43000;78.79000;80.11500;18078000
2023-05-24;77.11000;77.46500;76.73500;77.15500;10925600
2023-05-23;78.49500;78.82000;77.69500;77.72500;11691000
2023-05-22;78.50500;79.095001;78.375;78.89000;10794200
2023-05-19;78.79500;78.93000;78.47000;78.74000;9805000
2023-05-18;77.29000;78.89000;77.29000;78.77500;15491200
2023-05-17;76.5;77.32500;76.14500;77.19500;11916600
2023-05-16;75.99500;76.59500;75.97000;76.18000;9398200
2023-05-15;75.55000;76.11500;75.28000;76.099998;6796600
2023-05-12;75.70500;75.81500;74.89000;75.47500;7908000
2023-05-11;75.79000;75.79000;75.050003;75.57500;8956800
2023-05-10;75.65500;76.089996;75.18000;75.91500;10551800
2023-05-09;75.16500;75.30500;74.92000;75;12473200
2023-05-08;75.47500;75.64500;75.11500;75.58000;6795600
2023-05-05;74.48500;75.875;74.38000;75.62000;12230000
2023-05-04;73.83000;74.27000;73.46500;73.77000;10861000
2023-05-03;74.84500;75.33000;74.089996;74.125;11630200
2023-05-02;75.55000;75.63500;74.36500;74.75500;12058800
2023-05-01;75.35500;75.82500;75.23500;75.46000;8194400
2023-04-28;74.60500;75.43000;74.52500;75.41500;11792000
2023-04-27;73.40000;74.66000;73.22000;74.60500;12084800
2023-04-26;73.25;73.81000;72.88000;73.055000;13603400
2023-04-25;73.19500;73.33500;71.96000;71.98500;11022600
2023-04-24;73.58500;73.94500;73.0049973;73.55500;9079800
2023-04-21;73.79500;74.014999;73.40000;73.88000;12237600
2023-04-20;73.92500;74.85500;73.79000;74.12000;11416200
2023-04-19;74.15000;74.75;74.050003;74.61000;8623200
2023-04-18;75.16500;75.36500;74.5;74.82500;9212800
2023-04-17;74.42000;74.76000;74.014999;74.59500;8306000
2023-04-14;74.32000;74.93500;73.67500;74.32500;13003600
2023-04-13;73.66000;74.85500;73.54000;74.74000;13641800
2023-04-12;74.29500;74.49500;73.25500;73.375;13235800
2023-04-11;74.36500;74.375;73.67000;73.79500;12791600
2023-04-10;73.79500;74.51000;73.39000;74.49500;9517200
2023-04-06;73.57500;74.63000;73.25500;74.53500;15696000
2023-04-05;74.61500;74.68500;73.58000;74.11500;15737600
2023-04-04;75.49500;75.75500;74.69000;74.97000;15824800
2023-04-03;75.044998;75.49000;74.68500;75.38500;21142200
2023-03-31;74.35000;75.57500;74.25500;75.50500;15069800
2023-03-30;74.26500;74.54500;73.94000;74.44000;11202400
2023-03-29;72.98000;73.75;72.875;73.58500;14256600
2023-03-28;72.29000;72.31500;71.42500;72.074997;9968000
2023-03-27;73.089996;73.34000;72.24500;72.41500;10810600
2023-03-24;72.56000;73.014999;72.080002;72.98000;11872600
2023-03-23;72.54000;73.77500;72.10500;72.79000;17595800
2023-03-22;72.34500;73.78500;71.58500;71.625;14224400
2023-03-21;72.15500;72.47500;71.40500;72.34500;13066400
2023-03-20;71.44500;71.85500;70.91000;71.76500;11981600
2023-03-17;71.97000;72.59000;71.31000;71.73000;23078600
2023-03-16;69.625;71.93000;69.39500;71.83000;26086800
2023-03-15;69.065002;69.95500;68.73000;69.87000;23060000
2023-03-14;69.13500;70.074997;68.85000;69.83000;21202200
2023-03-13;67.46000;69.20000;67.040001;68.25500;34439400
2023-03-10;69;69.17500;67.61500;67.88500;30556800
2023-03-09;70.21500;71.0049973;68.96500;69.099998;15624600
2023-03-08;69.77500;70.19000;69.36500;70.10500;13247000
2023-03-07;70.35000;70.62000;69.35500;69.53000;14120000
2023-03-06;70.52000;71.36000;70.35000;70.40500;15999200
2023-03-03;69.035004;70.074997;68.97000;70.070000;14439600
2023-03-02;67.57500;68.81000;67.46000;68.59500;10969400
2023-03-01;68.29000;68.40000;67.55000;67.76000;15069400
2023-02-28;68.19000;68.92000;68.070000;68.26000;10485800
2023-02-27;68.73000;69.080002;68.28500;68.41000;9389000
2023-02-24;68.050003;68.34000;67.65000;68.044998;14347400
2023-02-23;69.42000;69.54000;68.30500;69.28000;13120000
2023-02-22;68.39000;68.70000;67.82500;68.15000;14338400
2023-02-21;68.97500;69.39000;68.19000;68.25;12277800
2023-02-17;70.29000;70.37000;69.30000;69.91000;10606600
2023-02-16;71;71.80500;70.74000;70.79500;13001200
2023-02-15;71.27500;72.050003;71.10500;72.044998;10491000
2023-02-14;71.070000;72.11500;70.625;71.71000;12622000
2023-02-13;70.46500;71.56000;70.42000;71.40500;8411800
2023-02-10;69.99000;70.43000;69.52500;70.19000;9861600
2023-02-09;72;72.12000;70.23500;70.51500;12624000
2023-02-08;71.91000;72.29500;70.76000;70.90500;12577000
2023-02-07;70.125;72.040001;70.095001;71.77000;15708200
2023-02-06;70.099998;70.65000;69.75500;70.019997;12977400
2023-02-03;70.25;72.044998;70.14500;70.88500;16145400
2023-02-02;70.77000;71.88000;70.44500;71.48000;18824000
2023-02-01;67.93000;70.13500;67.60500;69.58000;18852800
2023-01-31;67.044998;68.010002;67;67.98000;8871600
2023-01-30;67.56500;67.86000;66.99000;67.044998;9705600
2023-01-27;67.63500;68.83000;67.60500;68.35000;13549400
2023-01-26;67.65000;68.095001;66.95000;68.065002;11161800
2023-01-25;66;67.16500;65.38500;66.99500;14342200
2023-01-24;66.78500;67.39000;66.68500;67.13500;12575600
2023-01-23;65.93500;67.55000;65.78500;67.16500;23472600
2023-01-20;64.26000;65.72000;64.029999;65.67000;14127800
2023-01-19;64.19000;64.55000;63.70500;63.94000;14645000
2023-01-18;65.91000;66.26000;64.65500;64.69500;13936000
2023-01-17;65.15500;65.92500;65.074997;65.54000;10425800
2023-01-13;64.44500;65.34000;64.29500;65.24500;10153200
2023-01-12;64.68000;65.35500;63.89000;65.059998;15358600
2023-01-11;63.68000;64.58000;63.48500;64.58000;13758000
2023-01-10;62.93500;63.58000;62.60000;63.48000;17209000
2023-01-09;62.92500;64.24000;62.90500;63.090000;21427200
2023-01-06;61.125;62.64500;60.40500;62.36500;13825400
2023-01-05;61.48000;61.64000;60.48500;60.59000;11341000
2023-01-04;61.95000;62.18500;61.11000;61.79000;11813000
2023-01-03;62.88500;63.30000;61.19000;61.63000;15196200
2022-12-30;61.66000;62.25500;61.27500;62.22000;8905800
2022-12-29;61.31000;62.51500;61.30500;62.30500;10954200
2022-12-28;61.56000;62.13500;60.64500;60.71500;10362600
2022-12-27;62.084999;62.19500;61.34500;61.71000;9530200
2022-12-23;61.79000;62.36000;61.33500;62.30000;8231600
2022-12-22;63.044998;63.11500;61.18000;62.23500;15323600
2022-12-21;63.095001;64.14500;62.94000;63.84500;14670600
2022-12-20;62.38000;63.125;62.080002;62.80500;12622000
2022-12-19;63.56500;63.66500;62.29500;62.71000;14276600
2022-12-16;64.375;64.75500;63.41500;63.74000;23999200
2022-12-15;66.0049973;66.25;64.35000;64.59500;19223800
2022-12-14;67.61000;68.40000;66.32000;67.10500;19541000
2022-12-13;69.32000;69.66500;66.99000;67.67500;18607600
2022-12-12;65.56000;66.88500;65.54000;66.88500;14806200
2022-12-09;65.56500;66.375;65.21000;65.45500;10402800
2022-12-08;65.16000;66.050003;64.77000;65.86000;8965800
2022-12-07;64.89500;65.30000;64.33500;64.80000;10413800
2022-12-06;66.48500;66.58500;64.71000;65.13000;11799200
2022-12-05;67.16000;67.53500;66.11500;66.55500;11526200
2022-12-02;66.93500;67.90500;66.67500;67.68000;8934400
2022-12-01;68.044998;68.40000;67.23500;68.074997;15165800
2022-11-30;64.70000;67.99000;64.63500;67.98000;23334400
2022-11-29;65.28500;65.48000;64.46500;64.73000;11570200
2022-11-28;66.044998;66.47000;65.10500;65.37000;13030200
2022-11-25;66.73500;67.0049973;66.60500;66.80000;3263000
2022-11-23;66.45500;67.39000;66.41000;67.19000;9480600
2022-11-22;65.62000;66.63500;65.15000;66.60000;9019200
2022-11-21;65.67000;65.94000;65.20500;65.33500;8363800
2022-11-18;66.71500;66.73500;65.49000;66.044998;11912400
2022-11-17;64.83500;66.27500;64.81000;65.97000;8149600
2022-11-16;66.28500;66.48000;65.61000;65.88500;10095800
2022-11-15;67.5;67.77500;66.13000;66.80000;12716200
2022-11-14;66.044998;66.82500;65.68500;66;14526600
2022-11-11;65.39000;66.79000;65.070000;66.57000;15977800
2022-11-10;63.46500;65.52000;63.14500;65.45000;27932200
2022-11-09;61.52000;61.54500;60.39000;60.48000;11962600
2022-11-08;62.014999;62.84500;61.18000;62.095001;12722000
2022-11-07;60.60000;61.60500;60.17000;61.50500;10427600
2022-11-04;60.64500;60.81000;59.11000;60.49500;17896200
2022-11-03;60.35500;60.46500;59.36500;59.41000;16010600
2022-11-02;63.35500;64.17000;61.19000;61.21000;18092400
2022-11-01;64.73000;64.84500;63.125;63.40000;9413200
2022-10-31;64.14500;64.32000;63.55500;63.93500;13292200
2022-10-28;62.43500;64.92500;62.43500;64.79000;14935400
2022-10-27;63.040001;63.42500;61.94500;62.090000;11694800
2022-10-26;62.61500;64.13000;62.51500;62.80500;15169400
2022-10-25;63.18500;64.28000;63.18500;64.23500;10265000
2022-10-24;62.43500;63.26000;61.67500;63.029999;13385200
2022-10-21;60.40000;62.30000;60.19500;62.17000;17126000
2022-10-20;60.53500;61.86500;60.25;60.55000;12429600
2022-10-19;60.16000;61.11500;59.90500;60.51500;10984000
2022-10-18;61.74000;61.96000;59.92500;60.69000;13998000
2022-10-17;59.83000;60.48000;59.67000;60.18000;14599600
2022-10-14;60.58000;60.71000;58.30500;58.40000;22484000
2022-10-13;56.70500;60.40500;56.48500;60.090000;38114600
2022-10-12;58.50500;58.90500;58.18000;58.28000;14111600
2022-10-11;59.029999;59.44000;58.025002;58.46000;21044800
2022-10-10;60.38500;60.47000;58.77500;59.37000;16706200
2022-10-07;61.69000;61.69500;60.060001;60.38500;15749000
2022-10-06;63.33000;64.025002;62.90000;62.97500;14348200
2022-10-05;62.43000;63.95500;62.064999;63.49500;14600400
2022-10-04;62.47000;63.35500;62.42500;63.28500;17779000
2022-10-03;59.86000;61.59500;59.63000;61.23000;17332200
2022-09-30;60.30500;61.20000;59.28000;59.39000;19513000
2022-09-29;61.28000;61.42000;59.83500;60.55000;31096600
2022-09-28;61.11000;62.47000;60.64000;62.17000;18933400
2022-09-27;62.25500;62.84000;60.95000;61.52000;18714800
2022-09-26;61.68000;62.71500;61.26500;61.44000;17193600
2022-09-23;62.12000;62.21500;61.055000;61.87000;19396200
2022-09-22;62.98000;63.38000;62.33500;62.69000;16033800
2022-09-21;64.67500;65.625;63.32500;63.33500;16808800
2022-09-20;64.11500;64.74500;63.78000;64.34000;12109400
2022-09-19;63.55500;64.78000;63.51500;64.72000;15683000
2022-09-16;64.15000;64.49000;63.44000;64.35500;20762200
2022-09-15;65.71000;66.11000;64.32500;64.71500;14885200
2022-09-14;66.31000;66.72500;65.60500;66.24000;13229200
2022-09-13;67.71000;68.089996;65.82000;66;20148800
2022-09-12;69.025002;69.73000;69.014999;69.70000;10181000
2022-09-09;67.83000;68.78500;67.70000;68.60000;11418600
2022-09-08;66.54500;67.62000;66.24500;67.27000;11210600
2022-09-07;66.11500;67.31000;65.89000;67.040001;11657000
2022-09-06;66.51500;66.80000;65.55000;65.98500;14990000
2022-09-02;67.99500;68.38000;66.074997;66.42500;16606600
2022-09-01;66.97000;67.38500;65.89000;67.30000;15988600
2022-08-31;68.70500;68.92500;67.59500;67.63000;14171400
2022-08-30;69.40500;69.52500;67.67500;68.29500;13268800
2022-08-29;69.18500;69.69000;68.75;69.014999;13231600
2022-08-26;73.029999;73.20500;69.89000;69.94000;14321800
2022-08-25;72.029999;73.065002;71.93500;73.059998;7126600
2022-08-24;71.75;72.15000;71.45000;71.84500;8983200
2022-08-23;71.85000;72.56000;71.70500;71.80000;14777200
2022-08-22;73.044998;73.070000;71.81000;71.99000;10744200
2022-08-19;74.80500;74.89500;73.89000;74.055000;10146200
2022-08-18;75.11000;75.72500;74.82000;75.42500;9976800
2022-08-17;74.88500;75.61000;74.49500;75.035004;12632800
2022-08-16;75.43500;75.93000;74.87000;75.57500;10990600
2022-08-15;75.0049973;75.89000;74.92000;75.78000;7162600
2022-08-12;74.32000;75.31000;74.089996;75.30500;8093600
2022-08-11;74.59000;75.025002;73.70000;73.83500;11025800
2022-08-10;73.87000;74.18500;73.28000;74.125;19273200
2022-08-09;72.29500;72.44000;71.76500;72.15500;8565600
2022-08-08;73.44500;74.014999;72.49000;72.88500;11102200
2022-08-05;72.5;73.71500;72.44000;73.51000;7921000
2022-08-04;73.32000;73.71500;72.85000;73.68000;11679800
2022-08-03;71.79500;73.55000;71.78000;73.34500;14243200
2022-08-02;71.33500;72.27000;70.83000;71.44500;15921800
2022-08-01;71.46000;72.67500;71.28500;71.95500;12515800
2022-07-29;71.24000;72.33500;70.94000;72.11000;10177400
2022-07-28;70.035004;71.18000;69.41000;71.019997;12408000
2022-07-27;68.17500;70.32000;68.074997;69.95500;17076200
2022-07-26;68.12000;68.14000;66.82000;67.070000;10167800
2022-07-25;68.58000;68.65500;67.66000;68.17500;13951200
2022-07-22;69.54000;69.82500;68.21500;68.61000;10583600
2022-07-21;68.69000;69.58500;67.97500;69.57000;12957600
2022-07-20;67.56000;68.89000;67.38000;68.60500;12537200
2022-07-19;66.28000;67.62000;65.88000;67.55000;12330600
2022-07-18;66.84000;67.080002;65.30000;65.55000;9897600
2022-07-15;65.67000;66.22000;65.39500;66.19000;13529200
2022-07-14;63.94000;65.27500;63.11500;65.044998;13728800
2022-07-13;63.41000;64.87000;63.13000;64.45500;15162600
2022-07-12;65.76000;66.13000;64.24500;64.625;16553400
2022-07-11;65.85500;66.14000;65.070000;65.52000;11416600
2022-07-08;65.69500;66.65000;65.49000;66.43500;12627000
2022-07-07;65.34500;66.55500;65.34500;66.40500;13082200
2022-07-06;64.64500;65.58000;64.32500;65.059998;16167000
2022-07-05;62.84000;64.52000;62.48000;64.50500;14341000
2022-07-01;63.16000;63.86500;62.61500;63.70500;13930600
2022-06-30;63.56500;64.36000;62.55500;63.56000;15720400
2022-06-29;64.21000;64.80500;63.69000;64.42000;13607200
2022-06-28;66.33500;66.99500;64.26000;64.29000;15260800
2022-06-27;66.94000;67.14000;65.97500;66.27500;13917200
2022-06-24;65.15000;66.74000;65.15000;66.72500;25492200
2022-06-23;64.0049973;64.53500;63.42000;64.41000;16042200
2022-06-22;63.035000;64.34000;62.86000;63.46000;15163400
2022-06-21;63.055000;64.18000;63.055000;63.73000;17245000
2022-06-17;61.73500;62.90000;61.30000;62.31000;27684200
2022-06-16;62.73000;62.78500;61.23500;61.74500;32690800
2022-06-15;63.82000;65.31500;62.95500;64.36500;25069600
2022-06-14;63.11000;63.45500;62.45000;63.035000;18250400
2022-06-13;63.48000;64.084999;62.41000;62.64000;36332600
2022-06-10;66.99000;67.20000;65.52500;65.54500;20886400
2022-06-09;69.52500;70.20500;68.15000;68.16500;9765200
2022-06-08;70.625;70.96500;69.84000;70.035004;8814200
2022-06-07;69.25500;70.97000;69.11500;70.83500;11016600
2022-06-06;70.875;71.31500;69.65500;70;12589600
2022-06-03;70.35000;70.83500;69.67000;69.99500;11263800
2022-06-02;69.52000;71.71500;69.19500;71.71000;13868400
2022-06-01;70.98000;71.46000;69.49500;70.014999;13304800
2022-05-31;70.45500;70.91500;69.54000;70.22500;19420800
2022-05-27;69.18000;70.74500;69.050003;70.73000;16281800
2022-05-26;66.42000;68.71000;66.28000;68.41500;15556600
2022-05-25;65.60500;67.30500;65.55500;66.81000;13656600
2022-05-24;66.099998;66.43500;64.88500;66.040001;17122000
2022-05-23;65.73500;67.12000;65.53000;67.035004;17219600
2022-05-20;66.29500;66.47500;63.52000;65.53000;20252600
2022-05-19;65.61500;66.51000;65.074997;65.38500;20874800
2022-05-18;68.36500;68.56500;65.86000;66.11000;23670200
2022-05-17;68.78000;69.38500;68;69.28000;18602200
2022-05-16;67.36500;68.23500;66.75500;67.33000;17423400
2022-05-13;66.64000;68.26500;66.21000;67.93000;24495400
2022-05-12;65.44500;66.70000;64.21500;65.74500;36506600
2022-05-11;67.97500;69.26500;66.22500;66.43000;34781800
2022-05-10;69.17500;69.56500;67.57500;68.59500;36370400
2022-05-09;69.014999;69.46000;67.25500;67.56500;41124600
2022-05-06;70.21000;71.41000;69.23000;70.28500;34862200
2022-05-05;73.34000;73.43000;70.010002;70.85500;36442200
2022-05-04;72.19000;74.57000;70.99500;74.43500;28650400
2022-05-03;71.77500;72.35000;71.24500;71.91000;27469800
2022-05-02;70.63000;71.88000;69.83000;71.78500;37004400
2022-04-29;72.98000;73.83000;70.57500;70.71000;29589800
2022-04-28;72.059998;74.20500;71.67500;73.78500;27762400
2022-04-27;70.69000;72.31000;70.53500;70.94500;40048600
2022-04-26;71.95500;72.065002;69.875;69.91000;25953200
2022-04-25;71.22500;72.66500;70.78000;72.61500;28707600
2022-04-22;73.52000;73.95000;71.44000;71.54000;22094800
2022-04-21;75.60000;76.31000;73.375;73.60000;18509200
2022-04-20;75.66500;75.86500;74.65000;74.87000;15652600
2022-04-19;73.375;75.070000;73.10500;74.94000;13562200
2022-04-18;72.96000;74.035004;72.94000;73.56000;14060600
2022-04-14;75.22500;75.36000;73.28500;73.32000;17407000
2022-04-13;74;75.375;73.72500;75.14500;14446800
2022-04-12;75.20500;75.77500;73.67500;73.95500;22172200
2022-04-11;75.25;75.34500;74.18500;74.28500;21595400
2022-04-08;76.94000;77.12000;76.040001;76.20500;26354600
2022-04-07;76.75500;77.80500;76.23000;77.28500;23200200
2022-04-06;77.72000;77.90000;76.48000;77.16500;34225400
2022-04-05;80.38500;80.57000;78.76000;79.035004;23588200
2022-04-04;79.43500;80.77500;79.40500;80.73500;23048200
2022-04-01;79.54500;79.73000;78.34500;79.23000;28209600
2022-03-31;80.65000;80.80000;79.34500;79.46500;19424000
2022-03-30;81.33000;81.56000;80.23500;80.66000;18680200
2022-03-29;80.98500;81.82500;80.40500;81.75;18829800
2022-03-28;78.74500;80.084999;78.54500;80.050003;18593000
2022-03-25;79.28000;79.39000;78.12000;79.11000;14874600
2022-03-24;77.58000;79.17500;77.32000;79.15500;14263400
2022-03-23;77.625;78.34000;77.074997;77.15000;12360600
2022-03-22;77.30000;78.76000;77.19500;78.35500;17485800
2022-03-21;76.97500;77.65500;76.23000;77.24500;22341400
2022-03-18;75.71000;77.67500;75.34000;77.53500;27897800
2022-03-17;75.040001;76.029999;74.63500;75.98000;18518800
2022-03-16;73.99500;75.47500;72.82000;75.44500;27176000
2022-03-15;71.25500;73.21500;71.019997;73.070000;22993800
2022-03-14;71.70000;72.51500;70.49000;70.69500;27852400
2022-03-11;73.97000;74.15500;71.92000;72.029999;21457800
2022-03-10;73.30500;73.52500;72.21000;73.32000;27448400
2022-03-09;73.73500;74.96500;73.14500;74.625;35327400
2022-03-08;71.94000;74.014999;70.72500;71.78500;36898400
2022-03-07;74.81000;75.15500;72.095001;72.13500;32864200
2022-03-04;75.61500;75.93000;74.28000;74.875;26731200
2022-03-03;77.78000;77.78500;75.82000;76.21000;23450600
2022-03-02;76.050003;77.45000;75.46000;77.13000;25592400
2022-03-01;76.74500;77.14000;74.90500;75.49500;29925000
2022-02-28;76.35500;77.36000;75.71500;77.035004;34822200
2022-02-25;76.25500;77.20000;75.32000;77.17500;28301600
2022-02-24;71.095001;76.19500;70.86000;76.14000;50967800
2022-02-23;76.30000;76.50500;73.54500;73.625;37879400
2022-02-22;75.42000;76.72500;74.69000;75.51500;26893600
2022-02-18;77.26500;77.375;75.63500;76.22000;25310800
2022-02-17;78.63500;78.71500;76.85500;77;24906400
2022-02-16;78.91500;79.65000;78.055000;79.375;20318200
2022-02-15;78.58500;79.51000;78.31000;79.45500;24437400
2022-02-14;77.24000;78.044998;76.52000;77.42000;41030400
2022-02-11;79.96500;80.31500;77.15000;77.44500;34878800
2022-02-10;80.40000;81.76500;79.46500;79.88500;31692200
2022-02-09;81.28500;82.055000;80.95000;82.029999;17795600
2022-02-08;79.019997;80.46500;78.83500;80.25;21139800
2022-02-07;79.86000;80.33500;78.96500;79.27000;14622600
2022-02-04;79.055000;80.5;78.72000;79.80000;29721400
2022-02-03;80.69500;81.24500;79.18500;79.48000;27865400
2022-02-02;81.37000;81.99000;80.82000;81.85500;25504800
2022-02-01;81.095001;81.33000;80.019997;81.19500;23389800
2022-01-31;79.019997;81.089996;78.63500;80.98500;29121000
2022-01-28;76.63000;79.019997;75.49000;79;44236000
2022-01-27;77.45000;77.86000;75.41500;75.69000;39446800
2022-01-26;77.83000;78.74000;75.31000;76.21500;53596200
2022-01-25;76.044998;77.21000;74.90000;75.77000;48886200
2022-01-24;75.88000;77.62000;73.12000;77.56500;67413400
2022-01-21;78.54000;79.44500;77.14500;77.16500;48016600
2022-01-20;80.47000;81.375;78.625;78.73000;37609000
2022-01-19;81.14500;82.14500;79.68000;79.76000;24961400
2022-01-18;81.67500;82.16000;80.66500;80.89000;24694200
2022-01-14;81.625;82.93000;81.625;82.88000;22351400
2022-01-13;84.80500;85.050003;81.97500;82.18500;20942600
2022-01-12;84.60000;85.18000;83.95000;84.37000;18144000
2022-01-11;82.76500;84.095001;82.15000;83.97500;19207600
2022-01-10;81.73000;83.084999;80.64500;82.98000;32501400
2022-01-07;83.68000;84.080002;82.42000;82.96500;30488600
2022-01-06;83.49000;84.60000;83.23500;83.73500;23767200
2022-01-05;86.32500;86.39000;84.13000;84.16000;23628400
2022-01-04;87.91000;88;86.17500;86.83000;16648000
2022-01-03;87.050003;87.84000;86.67000;87.76000;20302800
2021-12-31;87.27500;87.48500;86.89500;86.93500;10243000
2021-12-30;87.97500;88.27000;87.25500;87.36000;10526400
2021-12-29;87.89500;88.29500;87.48500;87.94000;9687800
2021-12-28;88.49000;88.52000;87.64500;87.86500;11422200
2021-12-27;86.81500;88.34500;86.79500;88.32500;13266600
2021-12-23;86.10500;86.81500;86.095001;86.47000;9792600
2021-12-22;84.76500;86.050003;84.54000;85.99000;13376200
2021-12-21;83.67000;84.95000;82.89500;84.88000;16810800
2021-12-20;82.5;83.044998;82.18000;82.78500;32649600
2021-12-17;83.57500;84.76000;83.14000;83.94000;44821600
2021-12-16;87.29500;87.43500;84.0049973;84.50500;31275600
2021-12-15;84.79500;87.055000;83.99000;86.97000;28270800
2021-12-14;85.099998;85.64500;83.70500;84.72500;27094800
2021-12-13;87.62000;87.79000;86.014999;86.14000;20974000
2021-12-10;86.62000;87.55000;86.36500;87.44000;24776600
2021-12-09;86.44000;87.0049973;85.65000;85.72000;17201000
2021-12-08;86.29000;86.71500;85.69500;86.65500;23261600
2021-12-07;85.010002;86.36500;85;86.26000;28691000
2021-12-06;82.80500;83.60000;81.94500;83.35000;37800400
2021-12-03;84.21000;84.47000;81.52500;82.56500;48470000
2021-12-02;82.43500;84.35500;82.25500;83.97000;46872400
2021-12-01;85.25;85.89500;83.13000;83.20500;39084200
2021-11-30;84.75;85.52500;83.64000;84.36000;54066800
2021-11-29;84.23000;85.30000;83.96500;85.070000;24979800
2021-11-26;83.90500;84.55500;82.66500;82.99500;24767800
2021-11-24;84;85.14000;83.59000;85.12000;18241000
2021-11-23;84.375;84.77500;83.43500;84.50500;29239800
2021-11-22;85.99000;87.125;84.65000;84.70000;28451600
2021-11-19;85.34000;85.98000;85.055000;85.65500;17714600
2021-11-18;84.68000;85.15500;84.070000;85.035004;19964000
2021-11-17;84.28500;84.72500;83.93000;84.19500;15417800
2021-11-16;83.47000;84.56500;83.42000;84.45000;13538800
2021-11-15;83.99000;84.11000;83.095001;83.57000;12490200
2021-11-12;82.92500;83.79500;82.78500;83.65500;12244200
2021-11-11;82.85500;82.89000;82.51500;82.65000;10103800
2021-11-10;83;83.41500;82.014999;82.26500;25788800
2021-11-09;84.11500;84.20500;83.22000;83.64500;16823000
2021-11-08;83.81000;84.13500;83.61500;83.99000;12781000
2021-11-05;83.72000;84.010002;83.019997;83.54000;24223600
2021-11-04;82.14000;83.31000;81.99500;83.11000;28691400
2021-11-03;81.49500;82;81.019997;81.83000;25978600
2021-11-02;80.75500;81.55500;80.75500;81.35500;26814600
2021-11-01;80.76500;80.80500;80.23500;80.64500;24421200
2021-10-29;79.63000;80.81500;79.53500;80.76500;20131800
2021-10-28;80.10500;80.48000;79.95500;80.42000;12756800
2021-10-27;79.82500;80.23000;79.54000;79.62000;17448000
2021-10-26;80;80.33500;79.65000;79.69000;13189600
2021-10-25;79.50500;79.75;79.15500;79.46500;10336800
2021-10-22;79.45000;79.78000;78.875;79.20500;12490000
2021-10-21;78.93500;79.52000;78.77000;79.48000;10023200
2021-10-20;79.47000;79.58500;78.83000;79.17500;12025400
2021-10-19;78.82500;79.39500;78.66500;79.39500;13201400
2021-10-18;77.52000;78.65500;77.30500;78.61500;11630200
2021-10-15;77.60500;77.97000;77.37000;77.95500;12779200
2021-10-14;76.40000;77.37000;76.29000;77.33500;15197200
2021-10-13;75.49500;75.79500;75.0049973;75.63000;19521600
2021-10-12;75.85500;75.95000;75.044998;75.17000;17853400
2021-10-11;75.64000;76.57500;75.50500;75.56000;14970600
2021-10-08;76.56000;76.61500;75.85500;75.98000;18426400
2021-10-07;76.23000;76.85500;76.125;76.26500;19895600
2021-10-06;74.22000;75.63000;73.97500;75.57500;40004800
2021-10-05;74.18000;75.51500;74.11000;75.084999;32967000
2021-10-04;75.35000;75.44000;73.44000;74.029999;50773000
2021-10-01;74.93000;75.95000;74.17000;75.78500;45483800
2021-09-30;75.64000;75.96500;74.62000;74.66000;33415600
2021-09-29;75.60500;76;75.070000;75.20000;25012000
2021-09-28;76.60000;76.77500;75.23500;75.29500;38190600
2021-09-27;77.69500;77.875;77.099998;77.59500;15015000
2021-09-24;77.82500;78.48500;77.79000;78.35500;11652400
2021-09-23;77.66500;78.48500;77.42500;78.30000;19534000
2021-09-22;76.63500;77.56500;76.29500;77.26500;27990600
2021-09-21;76.65500;76.84500;75.92500;76.22000;18455000
2021-09-20;76.46500;76.85500;75.17500;76.19000;35669400
2021-09-17;78.76500;78.77000;77.625;77.74000;22663000
2021-09-16;78.64500;79.050003;78.16000;78.97000;16148600
2021-09-15;78.50500;78.99000;78.065002;78.92500;16339200
2021-09-14;78.67500;78.83500;78.029999;78.24000;18431600
2021-09-13;78.91000;79.11500;77.82500;78.34000;22637800
2021-09-10;79.53500;79.73000;78.23500;78.31500;17080200
2021-09-09;79.45000;79.72500;79.029999;79.095001;11161000
2021-09-08;79.69000;79.71500;78.83000;79.39500;11466400
2021-09-07;79.77500;79.87000;79.32500;79.70000;19721800
2021-09-03;79.27000;79.89000;79.24500;79.68000;21204800
2021-09-02;79.74500;79.85000;79.044998;79.36500;21769600
2021-09-01;79.70500;80.065002;79.38500;79.45000;20289800
2021-08-31;79.90000;79.92500;79.28000;79.43000;21971000
2021-08-30;79.23500;79.94500;79.23500;79.85000;10026800
2021-08-27;78.31500;79.055000;78.18000;79;14088800
2021-08-26;78.64500;78.80500;78.18000;78.24500;12056600
2021-08-25;78.97000;79.18000;78.61000;78.74000;9430400
2021-08-24;78.97500;79.065002;78.71500;78.78500;9537000
2021-08-23;78.074997;78.98500;78.070000;78.875;10802400
2021-08-20;77.17000;77.94000;76.98500;77.87000;14769400
2021-08-19;75.71500;77.16500;75.60500;76.88000;19291000
2021-08-18;77.019997;77.36500;76.050003;76.13500;13481200
2021-08-17;77.37000;77.49500;76.72000;77.20000;19052600
2021-08-16;77.31000;77.85500;76.65500;77.84500;9493800
2021-08-13;77.125;77.51500;77.040001;77.49500;5630800
2021-08-12;76.55500;77.12000;76.24000;77.074997;6947800
2021-08-11;76.89000;77.029999;76.24500;76.63500;10831600
2021-08-10;77.32000;77.39000;76.40500;76.625;10421400
2021-08-09;77.52000;77.66000;77.10500;77.18000;7198200
2021-08-06;77.22500;77.52000;77.20500;77.43000;7602800
2021-08-05;77.21000;77.52000;76.98000;77.49500;6674600
2021-08-04;76.85500;77.26000;76.61000;77.070000;11322800
2021-08-03;76.56500;76.95500;75.94500;76.91500;10824800
2021-08-02;77.044998;77.15000;76.32000;76.42500;12205200
2021-07-30;76.26000;76.78000;76.24000;76.70000;10148800
2021-07-29;76.31500;77.010002;76.30500;76.75;12030600
2021-07-28;76.51500;76.80000;75.66500;76.39500;13941200
2021-07-27;77.125;77.15000;75.52500;76.49000;18089800
2021-07-26;77.065002;77.36000;76.77500;77.22000;8993400
2021-07-23;76.84000;77.30000;76.56500;77.26000;12576200
2021-07-22;76.099998;76.56000;76.099998;76.5;9577800
2021-07-21;75.18500;75.95500;75.044998;75.94000;12234000
2021-07-20;74.48500;75.63000;74.055000;75.21500;14715600
2021-07-19;74.25500;74.46000;73.68500;74.11500;24254000
2021-07-16;76.050003;76.41000;75.074997;75.15000;15080400
2021-07-15;76.44000;76.5;75.49500;75.90000;12506200
2021-07-14;76.58000;76.92000;76.19500;76.53000;12886800
2021-07-13;75.53000;76.52000;75.46500;75.97000;15202800
2021-07-12;75.90000;75.93500;75.41500;75.66000;9619600
2021-07-09;74.82000;75.67000;74.71000;75.60000;9775800
2021-07-08;74.43500;75.12000;74.099998;74.91000;17086200
2021-07-07;75.69500;75.78000;75.019997;75.625;14883800
2021-07-06;75.089996;75.57000;74.49500;75.21500;11870600
2021-07-02;74.31000;75.0049973;74.29000;74.93000;12780000
2021-07-01;73.73000;73.95500;73.45500;73.95500;11636600
2021-06-30;73.79500;74.010002;73.60000;73.83000;11013600
2021-06-29;73.41500;73.94500;73.24500;73.91000;9829200
2021-06-28;72.91500;73.46000;72.90000;73.375;12557400
2021-06-25;72.76500;72.82000;72.49500;72.61500;14385800
2021-06-24;72.71000;72.92000;72.55500;72.70000;12279000
2021-06-23;72.33500;72.5;72.084999;72.24500;8271000
2021-06-22;71.63000;72.36500;71.55000;72.32500;9253200
2021-06-21;70.94500;71.71500;70.48500;71.67500;12276000
2021-06-18;71.35500;71.63500;70.96000;71.044998;20816600
2021-06-17;70.67500;71.99500;70.67500;71.70000;15864200
2021-06-16;71.40000;71.53500;70.18500;70.88000;19202800
2021-06-15;71.65000;71.65000;71.13500;71.26500;15079600
2021-06-14;71.055000;71.71000;70.76500;71.70500;11426600
2021-06-11;70.65500;70.98500;70.59000;70.98500;12100600
2021-06-10;70.19500;70.74000;69.94500;70.56500;11275400
2021-06-09;70.34000;70.46000;70.010002;70.050003;9763400
2021-06-08;70.33000;70.625;69.80500;70;8902600
2021-06-07;69.95000;70.074997;69.65500;69.99500;11784000
2021-06-04;69.11000;70.089996;69.11000;70.010002;11182600
2021-06-03;68.77500;69.050003;68.27000;68.69000;12721200
2021-06-02;69;69.61500;68.87000;69.33500;10098200
2021-06-01;69.51000;69.58500;68.73500;68.86000;12907400
2021-05-28;69.30500;69.60000;69.16500;69.20000;9222600
2021-05-27;69.26000;69.54500;68.94000;68.95500;11354600
2021-05-26;69.42500;69.625;69.095001;69.32000;13311400
2021-05-25;69.58500;69.74500;69.17000;69.32500;11245800
2021-05-24;68.66000;69.54500;68.625;69.30500;13229000
2021-05-21;68.82000;68.88500;68.035004;68.095001;14148400
2021-05-20;67.45500;68.70000;67.44500;68.47000;16828200
2021-05-19;65.91000;67.23500;65.75;67.18500;30581200
2021-05-18;67.68500;67.82500;66.90500;66.95000;11737200
2021-05-17;67.59000;67.61000;66.875;67.49000;16267200
2021-05-14;67.27000;68.22500;67.14000;67.99000;16823000
2021-05-13;66.375;67.125;66.080002;66.52500;22610400
2021-05-12;66.56000;66.92500;65.48000;65.65500;29414600
2021-05-11;66.46500;67.69500;66.30500;67.55500;27046800
2021-05-10;69.18000;69.21500;67.73500;67.76000;20281000
2021-05-07;69.61500;69.92500;69.21500;69.51500;19196600
2021-05-06;68.21000;68.96500;67.72000;68.92500;14338600
2021-05-05;68.96500;68.99500;68.11000;68.24000;11245800
2021-05-04;69.13500;69.15500;67.64500;68.40500;19919600
2021-05-03;70.22500;70.36500;69.48000;69.65500;10805800
2021-04-30;70.095001;70.47500;69.68500;69.85000;10583400
2021-04-29;71.45500;71.54500;70.095001;70.81500;13416600
2021-04-28;71.125;71.22000;70.70500;70.875;10691200
2021-04-27;71.83000;71.88500;71.28500;71.54000;10822000
2021-04-26;71.375;71.79000;71.32500;71.71500;7735000
2021-04-23;70.43000;71.57500;70.41500;71.35000;8886000
2021-04-22;71.010002;71.31500;69.99000;70.30000;11652200
2021-04-21;70.30000;71.16000;70.10500;71.13500;9254200
2021-04-20;70.90500;71.21500;70.029999;70.42500;9873400
2021-04-19;71.33000;71.66000;70.63000;71.055000;10254000
2021-04-16;71.72000;71.78500;71.35000;71.65000;11695600
2021-04-15;71.099998;71.72000;71.089996;71.66500;11028800
2021-04-14;71.20000;71.23500;70.32000;70.45500;11216200
2021-04-13;70.81500;71.26500;70.68500;71.21000;11315800
2021-04-12;70.59500;70.77000;70.20000;70.54500;15907000
2021-04-09;69.95500;70.90500;69.83000;70.88500;9401000
2021-04-08;69.86000;70.22500;69.74000;70.21000;14144600
2021-04-07;68.79000;69.33500;68.54000;69.21000;10085200
2021-04-06;69.029999;69.25500;68.61500;68.84500;11315600
2021-04-05;68.13500;69.26000;68.044998;69.14000;12866800
2021-04-01;67.13000;67.74500;67.065002;67.74000;14351600
2021-03-31;65.86500;66.81000;65.81000;66.40500;15430400
2021-03-30;65.52500;65.59500;64.97000;65.36500;13235400
2021-03-29;66.13500;66.32000;65.49000;65.99000;17317800
2021-03-26;64.65500;66.40500;64.63000;66.33500;14883200
2021-03-25;64.34500;64.98000;63.86000;64.69000;22573000
2021-03-24;65.92000;65.93000;64.72000;64.73000;14209400
2021-03-23;66.11500;66.40500;65.35000;65.52500;12929200
2021-03-22;65.010002;66.25500;64.90500;65.93500;15984200
2021-03-19;65.010002;65.29500;64.49000;64.80000;27224800
2021-03-18;65.93500;66.050003;64.91500;64.99500;17584800
2021-03-17;66.36500;67.25;65.86000;66.85000;19366400
2021-03-16;66.91500;67.54500;66.62000;66.90500;13106800
2021-03-15;65.75500;66.44500;65.49500;66.40500;16585000
2021-03-12;65.39000;65.72500;64.97000;65.70500;12442200
2021-03-11;65.77000;66.59000;65.63000;66.18000;13362800
2021-03-10;65.75500;65.76500;64.74500;64.79500;18459000
2021-03-09;64.38500;65.45500;64.30000;65.055000;22987200
2021-03-08;64.41500;64.72500;62.85000;62.91500;35242400
2021-03-05;64.070000;64.65500;62.35500;64.47500;46085800
2021-03-04;64.51000;64.98000;62.48000;63.28000;76955600
2021-03-03;66.059998;66.25;64.64000;64.71000;29889600
2021-03-02;67.54500;67.59000;66.28500;66.38000;24802800
2021-03-01;66.45500;67.49000;66.035004;67.45000;24773800
2021-02-26;65.64500;66.35000;64.76500;65.34500;35511600
2021-02-25;66.75500;67.20000;64.71000;65;34313800
2021-02-24;65.84500;67.41500;65.34000;67.35500;16472200
2021-02-23;65.42000;66.75;64.30500;66.34000;24198400
2021-02-22;67.19000;67.41000;66.48500;66.52500;14262600
2021-02-19;68.47500;68.53500;67.72000;68.025002;11685600
2021-02-18;67.75;68.24000;67.26500;68.125;10954800
2021-02-17;68.43500;68.61000;67.77000;68.46000;15274800
2021-02-16;69.57000;69.62000;68.89000;69.070000;9722200
2021-02-12;68.76000;69.34000;68.57000;69.29500;6755600
2021-02-11;68.65000;68.98500;68.38500;68.94000;7565800
2021-02-10;68.56500;68.65000;67.61000;68.19000;9464400
2021-02-09;68.19000;68.61500;68.17000;68.29000;10552200
2021-02-08;67.93500;68.40000;67.84000;68.37000;11713200
2021-02-05;68.014999;68.025002;67.46500;67.66000;9413800
2021-02-04;67.10500;67.81000;66.91000;67.81000;8134200
2021-02-03;67.11000;67.25;66.54500;66.74500;11574800
2021-02-02;66.72000;67.17000;66.625;66.97500;8595000
2021-02-01;65.23000;66.40000;64.75;66.080002;11232600
2021-01-29;65.69000;65.95000;64.11500;64.46500;19023200
2021-01-28;66.084999;67.12000;65.86000;66.019997;16181600
2021-01-27;66.69500;66.91000;65.15500;65.75;24484600
2021-01-26;67.20500;67.31000;66.76000;67.014999;8593400
2021-01-25;67.16500;67.39500;65.35000;66.97000;18205200
2021-01-22;66.39000;66.75;66.25500;66.41500;11243600
2021-01-21;66.17500;66.89000;65.82000;66.67000;8945200
2021-01-20;65.035004;66.050003;64.94500;65.82000;11770000
2021-01-19;64.15000;64.65000;63.92500;64.54000;11569600
2021-01-15;64.27500;64.56000;63.58000;63.71000;12641200
2021-01-14;65.099998;65.23500;64.27500;64.37000;15624800
2021-01-13;64.61500;65.14000;64.49000;64.94000;13605200
2021-01-12;64.76000;64.84500;63.91500;64.53000;17089200
2021-01-11;64.74500;65.30000;64.57000;64.84000;17853200
2021-01-08;65.28000;65.55500;64.64000;65.38000;12387600
2021-01-07;63.86500;65.084999;63.84000;64.96000;19652000
2021-01-06;63.44500;64.49000;63.060001;63.25500;27258000
2021-01-05;63.80500;64.47000;63.76500;64.36500;12361400
2021-01-04;65.34000;65.35500;63.12000;63.95000;21017200
2020-12-31;64.94500;65.19500;64.48500;65.010002;11058400
2020-12-30;65.17500;65.31000;64.82000;64.91500;8141400
2020-12-29;65.61500;65.70000;64.83500;64.95000;8841400
2020-12-28;65.17000;65.39000;64.86500;65.26000;8171000
2020-12-24;64.21500;64.69000;64.17000;64.53000;4384600
2020-12-23;64.67000;64.71500;64.010002;64.10500;11300800
2020-12-22;64.39500;64.88500;64.099998;64.59500;14334200
2020-12-21;63.16500;64.070000;62.60000;64.040001;15232200
2020-12-18;64.44500;64.45500;63.71500;64.125;17693400
2020-12-17;64.31000;64.49000;64.044998;64.35000;11505000
2020-12-16;63.5;64.070000;63.29000;63.84500;10309200
2020-12-15;63.049999;63.41500;62.64500;63.41500;9099200
2020-12-14;62.34000;62.93500;62.30000;62.375;11055800
2020-12-11;61.90500;62.15000;61.45000;62.15000;13023200
2020-12-10;61.81000;62.57500;61.66500;62.28000;9997400
2020-12-09;63.36500;63.55500;61.97500;62.19000;17271800
2020-12-08;63.14000;63.60500;62.87000;63.40500;7886800
2020-12-07;63.055000;63.38500;62.94500;63.20000;8905400
2020-12-04;62.48500;63.029999;62.35000;63.020000;10358800
2020-12-03;62.50500;62.81500;62.23000;62.39500;13775400
2020-12-02;62.26500;62.50500;61.79500;62.43500;16038800
2020-12-01;62.25;62.875;61.99000;62.53000;22681200
2020-11-30;61.31000;61.83000;60.61500;61.74000;32229200
2020-11-27;61.33000;61.59000;61.21500;61.33000;7025800
2020-11-25;61.084999;61.26000;60.77500;61.0050011;12186400
2020-11-24;60.27000;60.99500;59.83500;60.875;13634000
2020-11-23;60.24000;60.63500;59.52000;60.040001;9807000
2020-11-20;60.73500;60.75;60.035000;60.055000;9915800
2020-11-19;60.075001;60.79000;59.81000;60.68000;12155200
2020-11-18;60.74000;61.029999;60.17000;60.19500;9542800
2020-11-17;60.88000;61.17500;60.58500;60.84500;9939400
2020-11-16;60.60500;61.29500;60.48000;61.18500;14864200
2020-11-13;60.54500;60.72500;59.97500;60.60000;11851600
2020-11-12;60.63000;60.93000;59.81000;60.090000;14352800
2020-11-11;59.82500;60.79500;59.70500;60.63000;14488600
2020-11-10;59.82500;60.24500;58.74500;59.22500;23538400
2020-11-09;62.080002;62.68000;60.29500;60.35000;39768200
2020-11-06;60.43000;60.98500;59.60500;60.79000;19455200
2020-11-05;60.29500;60.75;60.044998;60.57500;22189800
2020-11-04;58.27000;59.19000;57.68500;58.75;30763800
2020-11-03;56.0050011;57.049999;55.77500;56.55000;20970200
2020-11-02;55.85500;56.31000;55.040001;55.57000;24039800
2020-10-30;55.89000;56.24000;54.78500;55.43000;25848600
2020-10-29;55.97000;57.34000;55.93500;56.68500;19409000
2020-10-28;57.12000;57.15500;55.66000;55.75500;32756600
2020-10-27;58.21500;58.47000;57.89500;58.22500;19064800
2020-10-26;58.56500;59.035000;57.21500;57.93500;18189200
2020-10-23;59.37000;59.38000;58.72500;59.22000;10312800
2020-10-22;59.59000;59.78500;58.60500;59.28500;13486400
2020-10-21;59.51000;60.13500;59.43000;59.56500;12171800
2020-10-20;59.67500;60.28500;59.29000;59.65500;14566600
2020-10-19;60.86500;61.095001;59.26500;59.45000;16616400
2020-10-16;61.070000;61.31500;60.50500;60.56000;11544200
2020-10-15;60;60.85500;59.84000;60.73500;13185000
2020-10-14;61.48500;61.81000;60.55500;61.0099983;14534000
2020-10-13;61.93000;62.040001;61.099998;61.33500;17613800
2020-10-12;60.97500;62.13500;60.67000;61.73000;19163800
2020-10-09;59.46500;60.10500;59.45000;60.090000;14425400
2020-10-08;59.39500;59.39500;58.98500;59.18500;10109600
2020-10-07;58.42500;58.99500;58.38000;58.88000;12992400
2020-10-06;58.59000;59.14500;57.61500;57.82000;26862200
2020-10-05;57.88000;58.76500;57.84500;58.73000;12270600
2020-10-02;57.51500;58.47000;57.24000;57.47000;37251600
2020-10-01;59.16000;59.24000;58.59000;58.96500;27076400
2020-09-30;57.83500;58.94500;57.81000;58.35000;22318400
2020-09-29;57.98500;58.23000;57.74000;57.86500;20851000
2020-09-28;57.91500;58.064999;57.43500;58.060001;17473200
2020-09-25;55.67000;57.14000;55.32000;56.97000;19326600
2020-09-24;54.81500;56.33000;54.74500;55.64000;31838600
2020-09-23;57.14000;57.19500;55.16000;55.33000;23707800
2020-09-22;56.85500;57.25500;55.89000;57.11000;25537400
2020-09-21;54.75;56.24500;54.55500;56.22000;38381800
2020-09-18;56.95500;57.055000;55.19000;55.88000;41837600
2020-09-17;55.99500;57.25500;55.90500;56.86000;30403600
2020-09-16;58.49500;58.57500;57.28000;57.33500;19637000
2020-09-15;58.54500;58.65000;57.84500;58.23500;18260400
2020-09-14;57.42000;57.97500;57.15000;57.66500;24730200
2020-09-11;57.45000;57.67000;55.76000;56.48000;37166400
2020-09-10;59.029999;59.12000;56.57000;56.91500;32109800
2020-09-09;57.76500;58.80000;57.13500;58.23000;36783800
2020-09-08;56.81500;58.16500;56.29000;56.39000;47860400
2020-09-04;59.56000;60.41000;56.52500;59.060001;62544200
2020-09-03;62.5;62.55000;59.40000;59.89500;54162000
2020-09-02;63.85500;63.86000;62.40500;63.51500;40395000
2020-09-01;62.33000;63.035000;61.94000;62.95500;25612600
2020-08-31;61.82500;62.17500;61.44000;61.77500;19040000
2020-08-28;61.28500;61.78000;61.20500;61.58000;13092600
2020-08-27;61.25;61.53000;60.49500;61.044998;18174200
2020-08-26;60.40500;61.15500;60.27000;60.99500;16463000
2020-08-25;59.34500;59.80500;59.25500;59.78000;18628200
2020-08-24;59.82000;59.84000;58.98500;59.48000;16440600
2020-08-21;58.28500;59.035000;58.25500;58.97000;15288600
2020-08-20;57.25;58.34500;57.19000;58.23000;12803000
2020-08-19;57.68000;57.93500;57.37000;57.46500;14239400
2020-08-18;57.43000;57.69000;57.049999;57.53500;8930000
2020-08-17;57.28500;57.45000;57.21500;57.32000;8174600
2020-08-14;57.0050011;57.10500;56.625;56.94000;8334200
2020-08-13;57.035000;57.45500;56.77500;56.98000;11453600
2020-08-12;56.14000;57.10500;56.070000;56.95500;14196800
2020-08-11;56.52500;56.76500;55.57500;55.69000;18844400
2020-08-10;56.98000;57.075001;55.94500;56.71000;16481200
2020-08-07;57.5;57.50500;56.42000;56.87000;27476200
2020-08-06;56.88500;57.78500;56.76000;57.73000;16399400
2020-08-05;56.90000;57.060001;56.64500;56.93000;12960200
2020-08-04;56.45500;56.72500;56.21000;56.72000;17971600
2020-08-03;55.96500;56.75500;55.94000;56.57500;24327000
2020-07-31;54.72000;55.23500;53.83000;55.21500;25185800
2020-07-30;53.084999;53.90500;52.80000;53.87000;21556800
2020-07-29;53.0050011;53.71500;53.0050011;53.57000;13187000
2020-07-28;53.26500;53.43000;52.76500;52.80500;17825400
2020-07-27;52.92000;53.48500;52.81500;53.43000;16908000
2020-07-24;52.35500;52.94500;51.73500;52.60000;22911600
2020-07-23;54.375;54.73500;53.0050011;53.24500;23349600
2020-07-22;54.28000;54.83500;54.23500;54.66500;15028000
2020-07-21;55.17000;55.19000;54.029999;54.23000;18794800
2020-07-20;53.56500;54.91000;53.26500;54.78000;17018400
2020-07-17;53.47000;53.56500;52.92500;53.41500;12710400
2020-07-16;53.24500;53.39500;52.74500;53.15500;17180600
2020-07-15;54.020000;54.28500;53.19000;53.82000;23779200
2020-07-14;52.5;53.60500;51.94000;53.53000;30053200
2020-07-13;54.5;54.86000;52.78500;52.92000;28910400
2020-07-10;53.93000;54.064999;53.40000;54.040001;14724600
2020-07-09;54.30000;54.31000;53.28000;54.055000;17767800
2020-07-08;53.41500;53.86500;53.13000;53.86000;13327000
2020-07-07;53.49500;54.035000;52.94000;52.99500;15863600
2020-07-06;53.31500;53.80500;53.28500;53.55500;16046200
2020-07-02;52.82500;53.11000;52.52500;52.63500;19144600
2020-07-01;52.28000;52.63500;52.040001;52.33000;21709200
2020-06-30;51.33000;52.45500;51.26000;52.24500;16500000
2020-06-29;50.76500;51.33000;50.15500;51.32500;18547200
2020-06-26;51.69000;51.76500;50.61500;50.77000;44275600
2020-06-25;51.21000;51.84500;50.65500;51.79000;20534400
2020-06-24;52.099998;52.39000;50.85500;51.13500;25425600
2020-06-23;52.40500;52.91500;52.24000;52.31500;19028000
2020-06-22;51.044998;51.98500;50.96500;51.94000;14738000
2020-06-19;52.095001;52.15500;50.875;51.12000;31280000
2020-06-18;51.15000;51.53000;51.040001;51.47500;13717200
2020-06-17;51.54500;51.73000;51.16000;51.24500;17324200
2020-06-16;51.38500;51.69500;50.46000;51.25500;27935800
2020-06-15;48.80000;50.41000;48.64000;50.18500;29924000
2020-06-12;50.38500;50.63500;48.84000;49.70500;43287000
2020-06-11;51.15000;51.22500;49.055000;49.070000;39742000
2020-06-10;51.57000;52.44500;51.47500;52.055000;24389600
2020-06-09;50.70500;51.45000;50.66000;51.20000;14707800
2020-06-08;50.61500;50.98000;50.15000;50.96000;16130200
2020-06-05;49.75500;50.85000;49.67000;50.70500;20756400
2020-06-04;49.62000;49.96500;49.13000;49.40500;15138800
2020-06-03;49.63000;49.97500;49.41500;49.81500;22035800
2020-06-02;49.070000;49.43000;48.60500;49.43000;22415200
2020-06-01;48.75500;49.075001;48.54000;48.97000;26719400
2020-05-29;48.52000;49.099998;48.11500;48.98500;35555000
2020-05-28;48.29000;49.26000;48.25500;48.375;21147400
2020-05-27;48.19000;48.49000;47.16500;48.47000;38856800
2020-05-26;49.21000;49.24500;48.15500;48.19500;26001400
2020-05-22;48;48.30500;47.80500;48.24500;18489600
2020-05-21;48.70000;48.84500;48.044998;48.070000;20581600
2020-05-20;48.36500;48.84000;48.34000;48.75;18192000
2020-05-19;47.90000;48.44500;47.68500;47.70500;20092800
2020-05-18;47.65500;48.15000;47.49000;47.88000;20033400
2020-05-15;45.76500;46.74500;45.63500;46.73500;28032800
2020-05-14;45.59500;46.53000;45.095001;46.5;30475200
2020-05-13;46.74500;47.10500;45.31000;45.91500;33942200
2020-05-12;47.90000;48.035000;46.68500;46.72000;27042000
2020-05-11;47.064999;47.98500;46.97000;47.70500;20768800
2020-05-08;47.15000;47.45500;46.875;47.39000;15221600
2020-05-07;46.64000;46.97000;46.57000;46.70500;21088800
2020-05-06;46.099998;46.46000;45.81000;46.014999;16941000
2020-05-05;45.55500;46.24000;45.47500;45.66000;17374600
2020-05-04;44.24500;45.084999;44.040001;45.040001;21458000
2020-05-01;44.70000;45.32500;44.28000;44.45000;23990200
2020-04-30;46.0050011;46.0050011;45.36500;45.70500;30861200
2020-04-29;45.040001;46.070000;44.88000;45.91000;22925800
2020-04-28;45.25;45.28000;44.040001;44.099998;25267600
2020-04-27;44.71500;44.84500;44.42500;44.69500;15598600
2020-04-24;43.57500;44.32500;43.29500;44.31500;16885000
2020-04-23;43.79500;44.29000;43.36000;43.39500;21169600
2020-04-22;43.095001;43.93500;42.94000;43.69500;24032000
2020-04-21;43.29500;43.40000;41.82000;42.075001;32765000
2020-04-20;44.025002;44.61000;43.85500;43.91500;20407000
2020-04-17;44.82500;44.83500;43.98500;44.63000;28284800
2020-04-16;44.084999;44.15500;43.32500;44.044998;23667600
2020-04-15;43.60000;43.87000;43.19000;43.51500;25858200
2020-04-14;43.64500;44.56500;43.47000;44.48500;31779000
2020-04-13;42.43000;42.75500;41.82500;42.69500;25301600
2020-04-09;43.095001;43.31500;42.30000;42.60000;39259800
2020-04-08;42.020000;42.76500;41.625;42.59000;27428600
2020-04-07;43.32500;43.34000;41.43000;41.47500;44298800
2020-04-06;40.25500;42.125;40;41.85000;35987200
2020-04-03;38.99500;39.41500;38.075001;38.56000;31572000
2020-04-02;38.13500;39.21500;37.98000;39.16500;44223600
2020-04-01;38.79500;39.625;37.98500;38.27000;54984800
2020-03-31;40.85500;41.59000;39.97500;40.18500;39988800
2020-03-30;39.82000;41.044998;39.69500;40.95000;47480200
2020-03-27;39.88000;40.63000;39.125;39.29500;58485400
2020-03-26;39.24500;41.25500;39.15000;41.15500;56425800
2020-03-25;39.099998;40.54500;38.0099983;38.75500;57480800
2020-03-24;37.33000;38.83500;37.18000;38.80500;75329000
2020-03-23;35.34500;36.11000;34.049999;35.20000;84958400
2020-03-20;38.13000;38.52000;35.59000;35.71000;90444000
2020-03-19;36.94500;38.69500;36.060001;37.42500;123454200
2020-03-18;36.17500;37.91000;35.13500;37.29000;107412400
2020-03-17;37.13500;39.22000;35.97000;38.75;100814600
2020-03-16;35.86000;39.60500;35.59500;36.28000;81244800
2020-03-13;40.044998;42.19000;38.15000;42.095001;65849600
2020-03-12;38.72000;40.95000;37.5;37.67500;65490600
2020-03-11;42.64500;42.91000;41.15500;41.75;63304200
2020-03-10;42.84000;43.82500;41.31000;43.82000;71164600
2020-03-09;40.79000;43;40.75;41.080002;59119800
2020-03-06;43.89500;44.72000;43.24500;44.45500;57631800
2020-03-05;45.64500;46.51500;45.12000;45.41500;49019000
2020-03-04;45.93500;46.91000;45.30000;46.89500;44727600
2020-03-03;47.0050011;47.33000;44.49000;44.96500;94989200
2020-03-02;44.98000;46.75;44.19000;46.74000;70008600
2020-02-28;42.10500;44.60500;42.029999;44.18500;111854400
2020-02-27;44.83000;45.78000;43.82000;43.85000;67825800
2020-02-26;46.31500;47.35500;46;46.35000;55759600
2020-02-25;48.095001;48.27000;45.97000;46.14000;62934400
2020-02-24;47.33500;48.35500;46.90000;47.66500;42365200
2020-02-21;50.60000;50.64500;49.41000;49.72000;29899000
2020-02-20;51.28500;51.41000;50.16500;50.86000;26324600
2020-02-19;51.12000;51.47000;51.084999;51.39500;16615600
2020-02-18;50.57000;50.90000;50.51500;50.79000;20633200
2020-02-14;50.86000;51.064999;50.70000;50.98000;12392400
2020-02-13;50.49500;51.025002;50.42000;50.76000;14802800
2020-02-12;50.69500;50.91500;50.41000;50.89500;12152800
2020-02-11;50.90500;50.95000;50.20000;50.35000;15105800
2020-02-10;49.55500;50.53000;49.54500;50.52000;16347600
2020-02-07;50.070000;50.26500;49.74500;49.84500;16598000
2020-02-06;50.055000;50.32000;49.83000;50.30500;13505600
2020-02-05;50.375;50.40000;49.49000;49.85000;32697000
2020-02-04;49.13500;49.66500;49.014999;49.56000;19097800
2020-02-03;47.72000;48.41500;47.66500;48.29500;25075600
2020-01-31;48.72500;48.75;47.49500;47.66500;26964600
2020-01-30;48.57000;49.055000;48.27500;49.0099983;19933600
2020-01-29;48.86500;48.93500;48.39500;48.59000;21126600
2020-01-28;47.97000;48.59500;47.87000;48.46500;31184400
2020-01-27;47.58000;47.93000;47.35500;47.55500;35574600
2020-01-24;49.30500;49.41500;48.54500;48.71500;23617400
2020-01-23;48.76500;48.98500;48.55500;48.94500;14956400
2020-01-22;48.84500;49.055000;48.67500;48.71500;15491600
2020-01-21;48.41000;48.82000;48.40000;48.54000;17975000
2020-01-17;48.46000;48.60500;48.20000;48.56000;21661000
2020-01-16;47.90000;48.24500;47.83500;48.23500;11543200
2020-01-15;47.57000;47.82500;47.43500;47.59500;14417000
2020-01-14;47.82500;47.87000;47.46500;47.54000;16134600
2020-01-13;47.39000;47.82000;47.36500;47.76500;15524400
2020-01-10;47.49000;47.55500;47.095001;47.17500;15330600
2020-01-09;47.18500;47.31500;46.94500;47.28500;15554800
2020-01-08;46.31000;46.96000;46.22500;46.75500;23254400
2020-01-07;46.36000;46.49000;46.19000;46.26000;15363600
2020-01-06;45.71000;46.33000;45.625;46.28000;15630000
2020-01-03;46.014999;46.49000;46.0099983;46.17000;30023600
2020-01-02;46.25;46.69500;46.16000;46.69500;26567000


### XLC
datetime;open;high;low;close;volume
2025-12-30;117.68000;118.67000;117.60000;118.29000;4396200
2025-12-29;117.55000;118.13000;117.52000;117.89000;4699300
2025-12-26;117.87000;118.019997;117.69500;117.97000;2849500
2025-12-24;117.31000;118.11000;117.25;118.089996;2044400
2025-12-23;116.61000;117.46000;116.57000;117.39000;3685000
2025-12-22;116.68000;117.089996;116.44000;116.66000;4704400
2025-12-19;116.55000;117.18000;116.36000;116.52000;6174800
2025-12-18;116.43000;117.18000;116.26500;116.47000;4791400
2025-12-17;116.63000;116.79000;115.72500;115.81000;6181900
2025-12-16;116.23000;117.019997;115.98000;116.65000;6178500
2025-12-15;116.83000;116.88800;115.98000;116.57000;5070100
2025-12-12;117.24000;117.52000;116.22600;116.55000;5955100
2025-12-11;116.85000;117.45000;116.60000;116.81000;6495600
2025-12-10;116.44000;117.35000;116.32000;117.070000;5882600
2025-12-09;116.12000;116.54000;115.60500;116.39000;4842700
2025-12-08;117.58000;117.58000;115.80000;116.26000;6128900
2025-12-05;116.080002;117.61500;115.94000;117.13000;6049400
2025-12-04;115.98500;116.036003;114.96000;115.79000;4654300
2025-12-03;115.019997;115.49000;114.65000;115.13000;4885500
2025-12-02;115.30000;115.45000;114.38000;115.23000;4777400
2025-12-01;114.56000;115.44000;114.5;114.85000;5173500
2025-11-28;114.79500;115.39000;114.65000;115.39000;3731600
2025-11-26;114.27500;114.76000;114.21500;114.46000;6301600
2025-11-25;114.13000;114.60000;113.63500;114.30000;8890600
2025-11-24;112.76000;113.34000;112.57500;113.010002;5524000
2025-11-21;110.52000;112.57500;110.52000;111.90000;7535900
2025-11-20;112.80000;113.035004;109.86500;109.97000;7385400
2025-11-19;111.75;112.99500;110.99500;111.19000;4416800
2025-11-18;111.15000;112.47000;110.17000;111.81000;8726100
2025-11-17;111.99500;112.63000;110.60500;111.18000;4582300
2025-11-14;111.29000;111.81000;110.82000;111.33000;4859800
2025-11-13;112.77000;112.98000;111.77500;111.93000;6354300
2025-11-12;114.28000;114.29000;113.23000;113.54000;4563800
2025-11-11;113.23000;114.26500;113.22000;114.20000;3841900
2025-11-10;112.85000;113.52000;112.41500;113.28000;4724100
2025-11-07;111.85000;112.16000;110.83500;112.11000;7460400
2025-11-06;113.30000;113.67000;112.30000;112.40000;6265900
2025-11-05;112.76000;113.91000;112.48500;113.42000;6273900
2025-11-04;112.52000;113.40000;112.48500;112.81000;5198200
2025-11-03;114.89000;114.89000;112.89000;113.59000;6410400
2025-10-31;114.51000;115.084999;114.059998;114.81000;5249700
2025-10-30;114.88500;115.88500;113.97000;114.32000;8434500
2025-10-29;116.60500;116.75800;115.69500;116.29000;6986800
2025-10-28;117.19000;117.24000;116.56500;116.58000;4920400
2025-10-27;116.37000;117.23500;116.25;117.16000;5252300
2025-10-24;115.92000;116.32000;115.5;115.55000;4758000
2025-10-23;116.019997;116.029999;115.24000;115.25;3607200
2025-10-22;116.014999;116.43000;115.059998;115.64000;5438900
2025-10-21;116.60000;116.93000;116.029999;116.65000;6804100
2025-10-20;115.47000;116.40000;115.31000;116.24000;4281500
2025-10-17;114.029999;115.23000;113.90000;114.94000;4393700
2025-10-16;115.62000;116.13000;113.53000;114.17000;4682800
2025-10-15;115.11000;115.97000;114.5;115.40000;4103500
2025-10-14;113.20000;114.88000;112.81000;114.59000;4587900
2025-10-13;113.78000;114.14000;113.5;113.84000;4146000
2025-10-10;114.99000;115.72500;112.71000;112.80000;8248100
2025-10-09;115.5;115.54000;114.70000;114.92000;4033800
2025-10-08;115.98000;116.12000;115.40000;115.58000;4957900
2025-10-07;116.65000;117.099998;115.96000;116.059998;4242900
2025-10-06;116.24000;116.59500;115.39500;116.51000;4293600
2025-10-03;116.60000;116.73500;116.089996;116.39000;3535900
2025-10-02;116.69000;116.71000;115.84500;116.45000;3984800
2025-10-01;117.5;117.5;116.52000;116.71000;7218900
2025-09-30;118.44000;118.70000;117.90500;118.37000;5740500
2025-09-29;118.82000;119.25500;118.40000;118.55000;4875800
2025-09-26;117.28000;118.51000;117.040001;118.17000;7462700
2025-09-25;116.88000;117.49000;116.48000;117.029999;3786700
2025-09-24;118.41000;118.51500;116.93500;117.43000;5099800
2025-09-23;118.84000;119.23000;118.25;118.41000;4127600
2025-09-22;118.85000;119.24000;118.39000;118.58000;6412100
2025-09-19;119.21000;119.55000;118.69000;119.41000;5548000
2025-09-18;118.96000;119.47500;118.48500;118.92000;6022700
2025-09-17;118.83000;119.11000;117.94000;118.83000;5993800
2025-09-16;118.63500;118.85000;117.86000;118.52000;5802300
2025-09-15;117.87000;119.11500;117.78000;119;7242400
2025-09-12;116.59000;117.59000;116.41000;117.35000;6091200
2025-09-11;114.84000;116.65500;114.35000;116.38000;14732600
2025-09-10;115.28000;115.31000;114.24500;114.62000;5378200
2025-09-09;114.77000;115.61500;114.51700;115.47000;5455400
2025-09-08;114.22000;115.21000;114.19500;114.82000;8005300
2025-09-05;114.26000;115.084999;113.83000;114.69000;5323600
2025-09-04;113.46000;114.099998;113.14500;114.080002;5497600
2025-09-03;112.57000;113.14000;112.27000;113.059998;8269300
2025-09-02;109.95000;111.20000;109.70000;111.20000;8205300
2025-08-29;111.28000;111.71500;110.91500;111.39000;4311800
2025-08-28;111.12000;111.65500;110.84000;111.61000;4645100
2025-08-27;110.73000;111.29000;110.625;111.19000;3603900
2025-08-26;111.27000;111.27000;110.67000;111;4680600
2025-08-25;111.21000;111.89500;111.059998;111.49000;5684400
2025-08-22;110.38000;111.69000;110.34500;111.31000;6382900
2025-08-21;109.59000;110;109.27000;109.73000;3794600
2025-08-20;110.099998;110.23000;108.82000;109.85000;8825500
2025-08-19;110.82000;110.82000;109.74000;110.18000;5086000
2025-08-18;111.38000;111.38500;110.57000;110.80000;4295800
2025-08-15;111.53000;112.22000;111.32000;111.48000;5535500
2025-08-14;110.68000;111.79000;110.63000;111.20000;5120900
2025-08-13;110.60000;111.40500;110.49000;111.11000;8215500
2025-08-12;108.68000;110.37000;108.63000;110.25;7128000
2025-08-11;107.94500;108.33500;107.83000;108.18000;4686800
2025-08-08;107.31000;108.21000;107.31000;107.63000;5984400
2025-08-07;108.31000;108.44000;106.63500;107.27000;6248300
2025-08-06;107.87000;108.014999;106.87000;107.73000;5141000
2025-08-05;108.21000;108.56000;107.29000;107.32000;5774100
2025-08-04;106.81000;108.18000;106.67000;108.16000;4883600
2025-08-01;106.83000;106.95000;105.64000;106.12000;9181900
2025-07-31;108.44000;108.66000;107.19000;107.41000;11450800
2025-07-30;106.48000;107.16500;106.095001;106.45000;6331700
2025-07-29;107.34000;107.51000;106.059998;106.12000;5396000
2025-07-28;107.55000;107.73000;106.84500;107.040001;6326900
2025-07-25;107.93500;108.24000;107.37000;107.62000;7300700
2025-07-24;109.39000;109.70000;108.63000;108.63000;5732700
2025-07-23;107.81000;108.49000;107.48000;108.45000;4967000
2025-07-22;108.050003;108.12000;107.56000;107.86000;5292500
2025-07-21;106.77000;107.79500;106.73000;107.61000;4468600
2025-07-18;106.71000;106.78000;105.64000;106.19000;5593900
2025-07-17;106.22000;106.80000;105.97500;106.68000;4640100
2025-07-16;106.46000;106.65000;105.74000;106.31000;6812600
2025-07-15;107.14000;107.34000;105.97500;105.99000;5813500
2025-07-14;106.12000;107.16000;106.059998;107.050003;6101100
2025-07-11;106.34000;106.5;105.57000;106.010002;4769400
2025-07-10;106.81000;106.89000;106.27500;106.70000;4126500
2025-07-09;106.84000;107.70000;106.59000;107.059998;4973900
2025-07-08;107.18000;107.19000;106.30000;106.78000;4353000
2025-07-07;107.84000;107.94000;106.79000;107;5533900
2025-07-03;107.93000;108.35000;107.67000;108.040001;3206100
2025-07-02;107.56000;107.77000;107.39500;107.45000;4865800
2025-07-01;108.099998;108.36000;107.34000;107.76000;6614100
2025-06-30;108.54000;108.74000;107.87000;108.53000;5652500
2025-06-27;106.51000;107.75;106.49000;107.68000;6949700
2025-06-26;105.56000;106.48000;105.21000;106.43000;6375800
2025-06-25;105.25;105.80000;105.040001;105.21000;4401800
2025-06-24;104.58000;105.34500;104.40000;105.23000;4685500
2025-06-23;102.76000;103.97000;101.99100;103.89000;6925400
2025-06-20;104.31000;104.67000;102.64000;102.84000;7469600
2025-06-18;103.67500;104.31000;103.39000;103.47000;5927300
2025-06-17;103.81000;104.11000;103.15500;103.42000;6034700
2025-06-16;103.29000;104.42500;103.25;104.34000;6211900
2025-06-13;102.79000;103.55000;102.41500;102.58000;7342800
2025-06-12;104.26000;104.37000;103.43000;103.63000;5616100
2025-06-11;104.97000;105.11000;104.13000;104.48000;5455600
2025-06-10;103.80000;104.88500;103.28000;104.72000;7313500
2025-06-09;104.080002;104.29000;103.31000;103.41000;6371300
2025-06-06;103.40000;103.93000;103.070000;103.71000;4002100
2025-06-05;102.84000;103.41000;102.11000;102.40000;6785700
2025-06-04;101.74500;102.45500;101.65000;102.26000;4388200
2025-06-03;101.68000;101.99000;100.96000;101.61000;4102100
2025-06-02;100.53000;101.99000;100.36000;101.90000;5983100
2025-05-30;100.95000;101.65000;100.040001;101.40000;9044700
2025-05-29;102.20000;102.20000;100.20000;100.98000;4386200
2025-05-28;101.86000;102.35000;101.67000;101.80000;4014300
2025-05-27;101.17000;101.99000;100.86000;101.82000;3604100
2025-05-23;99.74000;100.58000;99.60000;100.19000;3894000
2025-05-22;101.16000;101.54000;100.59000;100.65000;3808400
2025-05-21;100.92000;102.47000;100.63000;100.87000;5864300
2025-05-20;101.67000;102.17000;101.12000;101.63000;2603100
2025-05-19;100.67000;101.93000;100.67000;101.88000;3947600
2025-05-16;101.47000;101.81500;100.85000;101.78000;4156300
2025-05-15;100.75;101.59500;100.63000;101.089996;3259800
2025-05-14;100.14000;100.79000;100;100.69000;4406000
2025-05-13;99.48000;100.58000;99.19000;100.17000;5384300
2025-05-12;99.5;99.51500;98.32000;99.20000;3341400
2025-05-09;98.010002;98.089996;97.029999;97.18000;4425900
2025-05-08;98.040001;98.61500;97.37000;97.68000;3865800
2025-05-07;98.41000;98.84500;96.65000;97.45000;4160200
2025-05-06;96.69500;98.019997;96.66000;97.63000;4089000
2025-05-05;96.38000;98.070000;96.23000;97.65000;3764000
2025-05-02;96.55000;97.92600;96.41000;97.42000;3542600
2025-05-01;96.74000;96.92000;95.67000;95.93000;3753300
2025-04-30;94.48000;95.69500;93.14000;95.44000;3123000
2025-04-29;94.40000;95.5;94.21900;95.41000;2714700
2025-04-28;94.68000;95.22000;93.85000;94.72000;2455000
2025-04-25;94.54000;94.68000;93.68000;94.36000;3168500
2025-04-24;91.66000;93.94500;91.45000;93.77000;3040400
2025-04-23;92.27000;93.46500;91.52000;91.93000;5029400
2025-04-22;88.91000;90.81000;88.88000;90.48000;4283800
2025-04-21;89.45000;89.82000;87.49000;88.18000;5533900
2025-04-17;90.15000;90.87000;89.53000;90.21000;3516700
2025-04-16;91.31000;91.52000;88.87000;89.63000;3857000
2025-04-15;92.18000;92.95000;91.90000;92.11000;3142400
2025-04-14;92.5;93.082001;91.29000;91.88000;3668100
2025-04-11;90.40000;91.54000;89.60000;91.27000;4819500
2025-04-10;92.61000;92.86000;88.34000;90.5;9320700
2025-04-09;85.45000;94.15000;84.96500;93.74000;23909100
2025-04-08;90.13000;90.40000;85.12000;86.13000;13553900
2025-04-07;84.46000;90.75;84.019997;87.35000;22019700
2025-04-04;90.26000;91;87.17000;87.23000;13027900
2025-04-03;94.019997;94.87000;92.40000;92.53000;10078100
2025-04-02;95.71000;97.34000;95.5;96.85000;5557500
2025-04-01;96.15000;97.20000;95.49000;96.51000;5884200
2025-03-31;95.13000;96.56500;94.13000;96.45000;5187100
2025-03-28;98.47000;98.56000;95.64000;95.74000;5595200
2025-03-27;98.76000;99.57000;98.55000;98.65000;3319300
2025-03-26;99.85000;100.21000;98.93500;99.089996;4482900
2025-03-25;99.11000;100.074997;98.91000;99.94000;2499900
2025-03-24;98.625;98.85000;98.19000;98.69000;3651300
2025-03-21;96.16000;97.69000;96.16000;97.60000;5717500
2025-03-20;96.46000;97.99000;96.32000;96.84000;4881600
2025-03-19;96.28000;97.80000;95.95000;97.050003;5875000
2025-03-18;96.92000;96.92000;95.14000;95.91000;4424100
2025-03-17;96.58000;97.72500;96.58000;97.27000;3031100
2025-03-14;95.58000;96.80000;95.070000;96.58000;3486000
2025-03-13;96.5;96.83000;94.62000;94.84000;4763600
2025-03-12;97.33000;97.65000;95.55000;96.83000;4698800
2025-03-11;96.78000;97.79000;95.54000;96.35000;6699400
2025-03-10;98.78000;99.23000;96.99000;97.79000;6896200
2025-03-07;99.18000;100.65000;98.070000;100.29000;5501700
2025-03-06;100.58000;101.44500;99.20000;99.65000;4829600
2025-03-05;100.17000;101.76000;99.46000;101.47000;4899600
2025-03-04;100.68000;101.31000;99.22000;100.18000;7329500
2025-03-03;102.34000;103.040001;100.51000;100.98000;6074500
2025-02-28;100.85000;102.125;100.099998;102;5690800
2025-02-27;102.18000;102.60000;100.47500;100.53000;3727300
2025-02-26;101.56000;102.61000;101.27000;101.51000;5079500
2025-02-25;103.24000;103.32000;101.14000;101.69000;6021500
2025-02-24;103.66000;103.95500;102.72000;103.22000;5415600
2025-02-21;104.74000;104.83000;102.93000;103.019997;3639600
2025-02-20;104.69000;104.71000;103.77000;104.45000;2984900
2025-02-19;104.57000;105.029999;104.17000;104.94000;3469000
2025-02-18;105.26000;105.33000;104.11200;104.82000;3447900
2025-02-14;104.68000;105.58000;104.59000;105.31000;3425200
2025-02-13;103.47000;104.73000;103.34000;104.67000;2833500
2025-02-12;102.64000;103.73000;102.46000;103.48000;5391900
2025-02-11;102.66000;103.5;102.59000;103.37000;2564500
2025-02-10;103.62000;103.63000;102.80000;103.20000;3042100
2025-02-07;103.5;103.84000;102.60000;102.74000;3142800
2025-02-06;102.61000;103.010002;102.26000;102.96000;2892000
2025-02-05;102.27000;102.54000;101.55500;102.52000;6058900
2025-02-04;103.070000;103.68100;102.77000;103.52000;5543600
2025-02-03;101.12000;103.065002;101.11000;102.60000;7196700
2025-01-31;102.72000;103.50500;102.13000;102.38000;9101800
2025-01-30;102.39000;103.13000;101.26000;101.97000;5112700
2025-01-29;102.050003;102.27000;101.59000;101.87000;4797400
2025-01-28;101.010002;101.78700;100.63000;101.42000;5445400
2025-01-27;98.98000;101.24000;98.79000;100.93000;9407500
2025-01-24;99.69000;100.45000;99.61000;100.41000;3386700
2025-01-23;98.63000;99.51000;98.44500;99.51000;3721300
2025-01-22;99.5;99.81000;99.099998;99.25;5382400
2025-01-21;98.070000;98.71500;97.97000;98.27000;4817400
2025-01-17;97.80000;97.86000;96.89000;97.39000;3109100
2025-01-16;96.94000;97.22000;96.51500;96.55000;2943600
2025-01-15;96.92000;97.48000;96.71000;97.099998;4115700
2025-01-14;95.94000;96.070000;94.99000;95.53000;4194700
2025-01-13;95.17000;95.90000;94.92000;95.85000;6992500
2025-01-10;96.74000;96.93000;95.16000;95.81000;4797400
2025-01-08;97.37000;97.60000;96.58000;97.26000;4631600
2025-01-07;98.89000;99.29000;97.46000;97.84000;5058400
2025-01-06;98.36000;99.18500;98.26000;98.94000;5325300
2025-01-03;97.83000;98.25;97.20000;97.88000;5454100
2025-01-02;97.32000;98.010002;96.46000;97.28000;6900500
2024-12-31;97.24000;97.61000;96.59000;96.81000;3616300
2024-12-30;97.019997;97.68000;96.33100;97.13000;3211100
2024-12-27;98.51000;98.63000;97.27000;98.16000;4100400
2024-12-26;98.77000;99.18500;98.51000;99.040001;3512400
2024-12-24;98.36000;99.17000;98;99.17000;1626800
2024-12-23;97.93000;98.33000;97.14000;98.24000;3768900
2024-12-20;96.73000;99.044998;96.70000;97.96000;6285600
2024-12-19;98.86000;99.019997;97.39000;97.43000;5026100
2024-12-18;100.54000;101;97.63000;97.70000;6406000
2024-12-17;101.18000;101.67000;100.48500;100.57000;4707900
2024-12-16;101.61000;102.040001;101.22000;101.33000;4222700
2024-12-13;101.62000;101.88000;100.875;100.94000;3371500
2024-12-12;102.15000;102.67000;101.98000;102.16000;2885400
2024-12-11;100.56000;102.14000;100.56000;101.97000;4015700
2024-12-10;99.77000;100.60900;99.57000;100.33000;5125300
2024-12-09;100.84000;100.98000;98.72000;98.78000;5040300
2024-12-06;100;101.125;99.94000;100.93000;4364500
2024-12-05;100.51000;100.58000;99.91500;100.010002;2493900
2024-12-04;99.98000;100.35000;99.81500;100.24000;2550200
2024-12-03;99.29000;100.059998;99.16000;100.010002;3077300
2024-12-02;98.47000;99.29000;98.32000;99.21000;4975900
2024-11-29;97.84000;98.53600;97.73500;98.40000;1960500
2024-11-27;97.95000;98.15500;97.55500;97.87000;2413700
2024-11-26;97.42000;98.040001;97.42000;97.74000;2513400
2024-11-25;97.37000;98;96.87000;97.38000;4387200
2024-11-22;96.74000;97.23000;96.49000;96.88000;3266100
2024-11-21;97.29000;97.34000;95.76000;97.089996;3833900
2024-11-20;96.88000;97.35500;96.11000;97.34000;3069500
2024-11-19;95.26000;96.81500;95.22000;96.72000;3186700
2024-11-18;95.38000;96.30000;95.22000;96.089996;3880700
2024-11-15;96.60000;96.79000;94.83500;95.15000;3526400
2024-11-14;97.32000;97.62000;96.74000;97.089996;3170300
2024-11-13;97.17000;97.60000;96.60000;97.20000;2937100
2024-11-12;96.79000;97.24000;96.39000;97.16000;3260600
2024-11-11;96.20000;96.80000;96.17500;96.72000;2625100
2024-11-08;96.63000;96.63000;95.88000;96.18000;3219700
2024-11-07;95.83000;96.84500;95.77000;96.65000;5268000
2024-11-06;94.49000;95.5;94.35000;95.40000;5477400
2024-11-05;92.46000;93.21000;92.38000;93.11000;3090100
2024-11-04;92.66000;92.69000;91.63000;92.089996;3003700
2024-11-01;92.38000;92.98500;92.21000;92.40000;5714000
2024-10-31;92.89000;93.42000;92.010002;92.040001;4840000
2024-10-30;93.58000;93.92000;92.74500;92.85000;4871800
2024-10-29;91.43000;92.40000;91.21500;92.29000;3839600
2024-10-28;91.72000;91.77000;91.089996;91.43000;2079700
2024-10-25;91.15000;91.80500;90.76000;90.85000;2943700
2024-10-24;90.56000;90.70500;90.059998;90.62000;2044700
2024-10-23;90.79000;91.12000;89.97500;90.31000;3015500
2024-10-22;90.46000;91.13000;90.28000;91;3423200
2024-10-21;91.19000;91.26000;90.36000;90.87000;2920800
2024-10-18;91.14000;91.48000;91.050003;91.23000;2665500
2024-10-17;91.39000;91.41000;90.40000;90.56000;2237600
2024-10-16;90.64000;91.11000;90.55000;90.99000;3198700
2024-10-15;91.050003;91.44500;90.76500;91.050003;3436500
2024-10-14;90.67000;91.13500;90.54000;90.85000;3436000
2024-10-11;90.029999;90.66000;89.87000;90.43000;1861400
2024-10-10;90.12000;90.5;89.78000;89.81000;3136400
2024-10-09;90.43000;90.55000;89.68000;90.48000;2390400
2024-10-08;89.97000;90.54500;89.72000;90.45000;3753200
2024-10-07;90.85000;90.95000;89.52000;89.66000;2473800
2024-10-04;90.44000;90.97500;89.90000;90.88000;3345600
2024-10-03;89.69000;90.089996;89.41000;89.88000;5052600
2024-10-02;90.14000;90.45000;89.98000;90.19000;5005700
2024-10-01;90.72000;90.98000;89.62000;90.47000;4859400
2024-09-30;90;90.49500;89.64500;90.40000;3269700
2024-09-27;89.74000;90.35000;89.65200;90.010002;2532000
2024-09-26;89.67000;89.89000;89.014999;89.47000;2245700
2024-09-25;89.19000;89.58000;88.93000;88.97000;2692100
2024-09-24;88.95000;89.28500;88.33000;89.25;2735700
2024-09-23;89.059998;89.17000;88.60000;88.83000;3361400
2024-09-20;89.029999;89.12000;88.43000;88.90000;5857700
2024-09-19;89.24000;89.54000;88.68000;88.90000;4036400
2024-09-18;87.94000;88.60000;87.57000;87.71000;5009700
2024-09-17;88.070000;88.63000;87.33000;87.78000;4079400
2024-09-16;87.14000;87.83000;86.78000;87.78000;3275300
2024-09-13;85.92000;87.065002;85.92000;86.87000;3026500
2024-09-12;84.96000;86.070000;84.96000;86.040001;4689000
2024-09-11;84.19000;84.61000;82.65000;84.46000;5549300
2024-09-10;84.45000;84.70000;83.52000;84.11000;3924200
2024-09-09;84.22000;84.67000;83.69500;84.13000;4120300
2024-09-06;85.70000;86.12000;83.68000;83.77000;4422300
2024-09-05;85.24000;85.98000;85.11000;85.56000;3562800
2024-09-04;85.47000;86.5;85.24500;85.31000;5200200
2024-09-03;86.96000;87.23000;85.31500;85.72000;5599400
2024-08-30;87.16000;87.39000;86.44000;87.32000;3072400
2024-08-29;87.42000;87.81000;86.54000;86.74000;3240300
2024-08-28;87.46000;87.57000;86.49000;86.92000;3182900
2024-08-27;87.46000;88.019997;87.33000;87.5;2554100
2024-08-26;87.65000;87.95000;87.35000;87.70000;2976700
2024-08-23;87.43000;87.85000;86.86000;87.5;3009000
2024-08-22;87.89000;88;86.63000;86.89000;2984400
2024-08-21;87.24000;87.71000;87.029999;87.55000;3298900
2024-08-20;87.11000;87.51000;87.014999;87.18000;3355800
2024-08-19;86.49000;87.27000;86.49000;87.24000;2807400
2024-08-16;85.99000;86.51000;85.90000;86.26000;3929000
2024-08-15;85.70000;86.089996;85.46000;86;3665400
2024-08-14;85.48000;85.71000;84.86000;85.23000;4069000
2024-08-13;85.089996;85.83500;84.96000;85.72000;4184100
2024-08-12;85.31000;85.31000;84.43000;84.62000;3131900
2024-08-09;84.20000;85.30000;84.029999;85.21000;4385800
2024-08-08;83.21000;84.56000;83.13000;84.49000;7612000
2024-08-07;84.17000;84.79000;82.75;82.84000;8590900
2024-08-06;82.49000;84.26000;82.41000;83.28000;9076800
2024-08-05;81.46000;83.48000;81.15000;82.31000;10799500
2024-08-02;85.36000;85.95000;84.26000;84.74000;9145600
2024-08-01;87.56000;87.92000;85.56000;86.14000;7523000
2024-07-31;85.56000;86.19000;85.36000;85.79000;4545600
2024-07-30;84.59000;85.050003;84.074997;84.78000;5373800
2024-07-29;84.099998;84.84000;83.86000;84.44000;4184300
2024-07-26;83.28000;84.0049973;82.94000;83.70000;6660500
2024-07-25;83.32000;83.79000;82.14000;82.16000;7788500
2024-07-24;83.94000;84.099998;83.050003;83.12000;7701200
2024-07-23;85.34000;85.80000;84.94500;85.35000;4242400
2024-07-22;85.49000;85.69000;84.97000;85.47000;4204700
2024-07-19;85.78000;85.97000;85.029999;85.11000;3402800
2024-07-18;86.22000;86.29000;85.29000;85.49000;4524600
2024-07-17;86.019997;86.17000;85.33000;85.54000;5222000
2024-07-16;86.93000;87.38000;86.46000;86.85000;3843000
2024-07-15;86.28000;87.30000;86.24000;86.62000;3543000
2024-07-12;86.14000;86.94000;86.050003;86.31000;3443500
2024-07-11;87.60000;87.86000;86.34000;86.59000;3949100
2024-07-10;87.30000;87.93500;87.21000;87.79000;5169400
2024-07-09;87.39000;87.52200;87.11000;87.24000;2347500
2024-07-08;87.80000;87.82000;86.84000;86.97000;3043300
2024-07-05;86.070000;87.85000;86.070000;87.76000;3344400
2024-07-03;85.94000;86.25500;85.88000;86.089996;2081200
2024-07-02;85.089996;86.059998;85.040001;86.059998;2934400
2024-07-01;85.79000;85.93000;84.89500;85.30000;3213100
2024-06-28;86.41000;87.019997;85.63000;85.66000;4025100
2024-06-27;86.089996;86.55000;86.029999;86.45000;2988500
2024-06-26;85.48000;86.059998;85.40000;85.96000;2746500
2024-06-25;84.99000;85.99000;84.89000;85.95000;3225400
2024-06-24;85;85.52000;84.81500;85;3724900
2024-06-21;84.74000;85.084999;84.45000;84.94000;3757100
2024-06-20;84.019997;84.44500;83.87000;84.39000;3650900
2024-06-18;84.39000;84.68000;83.81000;84.029999;3004500
2024-06-17;83.81000;84.78800;83.40500;84.53000;3420600
2024-06-14;83.47000;84.16000;83.47000;84.13000;2402800
2024-06-13;84.15000;84.22000;83.70000;83.86000;3595500
2024-06-12;85.35000;85.63000;84.070000;84.59000;4248000
2024-06-11;84.46000;84.84000;84.20000;84.77000;5804300
2024-06-10;84.33000;84.70000;84.0049973;84.61000;3442900
2024-06-07;84.97000;85.27500;84.32400;84.40000;3463000
2024-06-06;84.87000;85.55000;84.85000;84.98000;3184500
2024-06-05;84.44000;84.96000;84.32000;84.93000;4160500
2024-06-04;83.45000;84;83.24000;83.91000;2879000
2024-06-03;83.5;83.92000;82.88000;83.59000;5947600
2024-05-31;82.26000;83.30000;81.80500;83.26000;3600000
2024-05-30;82.55000;82.55000;82.040001;82.38000;2942200
2024-05-29;82.51000;83.010002;82.49000;82.65000;2768800
2024-05-28;82.71000;83.15000;82.63000;83.089996;2786100
2024-05-24;82.28000;83.029999;82.17000;82.95000;2028000
2024-05-23;83;83.15000;81.54100;81.90000;3534100
2024-05-22;82.60000;82.97000;82.53000;82.84000;2602600
2024-05-21;82.71000;82.94000;82.49000;82.74000;2317200
2024-05-20;82.49000;82.94500;82.43000;82.85000;2157300
2024-05-17;82.47000;82.63000;82.26000;82.61000;2714100
2024-05-16;82.35000;82.68600;82.26000;82.47000;3136600
2024-05-15;82.47000;82.60000;81.96000;82.53000;3487700
2024-05-14;81.75;82.099998;81.61500;82.010002;2730100
2024-05-13;81.30000;81.68000;81.095001;81.64000;2715500
2024-05-10;81.5;81.86000;81.25500;81.79000;3563900
2024-05-09;81.15000;81.67000;81.040001;81.67000;3995900
2024-05-08;80.60000;81.69200;80.59000;81.26000;2941300
2024-05-07;81.21000;81.62000;81.14000;81.39000;3453300
2024-05-06;80.59000;81.30000;80.38000;81.30000;4714000
2024-05-03;79.96000;80.38000;79.55000;80.21000;4813300
2024-05-02;78.95000;79.49000;78.37000;79.37000;6956800
2024-05-01;77.97000;79.82000;77.91000;78.58000;9300500
2024-04-30;78.90000;79.050003;77.86000;77.86000;7333500
2024-04-29;79.77000;79.85000;78.85000;79.18000;5357800
2024-04-26;79.88000;80.29500;79.39000;80.11000;13015600
2024-04-25;76.64000;78.24000;76.48000;77.96000;14354200
2024-04-24;81.050003;81.23000;80.12000;80.84000;6196600
2024-04-23;80.070000;81.074997;79.98000;80.79000;5068000
2024-04-22;80.019997;80.22000;78.95000;79.58000;5458300
2024-04-19;80.17000;80.20000;78.89000;79.47000;6853300
2024-04-18;80.24000;81.010002;80.13000;80.35000;4539400
2024-04-17;80.58000;80.64000;79.52000;79.96000;4862200
2024-04-16;80.070000;80.48000;79.82500;80.029999;7501000
2024-04-15;81.99000;82.089996;80.089996;80.30000;6494700
2024-04-12;82.15000;82.32000;81.20000;81.33000;5997200
2024-04-11;82.30000;82.93500;81.80000;82.69000;4072900
2024-04-10;81.83500;82.12000;81.58000;81.97000;6845300
2024-04-09;82.74000;83.19000;82.12000;82.62000;4733100
2024-04-08;82.65500;82.98000;82.45000;82.53000;3503100
2024-04-05;81.85000;82.91000;81.69000;82.52000;6619400
2024-04-04;83.19000;83.58500;81.66000;81.69000;8000500
2024-04-03;82.099998;82.88000;82.029999;82.81000;5158900
2024-04-02;81.58000;82.22000;81.40000;82.16000;5271200
2024-04-01;81.55000;82.32000;81.36000;82.29000;5290700
2024-03-28;81.77000;81.90000;81.51000;81.66000;5294700
2024-03-27;81.75;81.86000;81.13000;81.79000;4177800
2024-03-26;81.69000;82.014999;81.27000;81.37000;5441600
2024-03-25;81.59000;81.64000;81.11000;81.54000;3732500
2024-03-22;81.86000;82.16000;81.67000;81.82000;3214200
2024-03-21;82.25;82.25;81.59000;81.65000;5377200
2024-03-20;80.81000;81.78000;80.55000;81.62000;4432700
2024-03-19;80.39000;80.74000;79.97000;80.67000;4777100
2024-03-18;80.56000;81.0090027;80.45000;80.70000;5360600
2024-03-15;79.75;80.14000;79.13000;79.29000;8166000
2024-03-14;80.54000;80.60000;79.63000;80.089996;7210300
2024-03-13;80.11000;80.67000;80.070000;80.28000;5496500
2024-03-12;79.83000;80.42000;79.40000;80.14000;7405100
2024-03-11;79.29000;79.81000;78.82500;79.44000;6934200
2024-03-08;79.83000;80.73500;79.19000;79.59000;8710000
2024-03-07;79.050003;79.93000;78.88000;79.71000;6460500
2024-03-06;78.96000;79.070000;78.18500;78.44000;6833300
2024-03-05;78.44000;78.69000;78.070000;78.33000;7602700
2024-03-04;79.84000;79.89000;78.86500;78.97000;7165800
2024-03-01;79.42000;80.29500;79.41500;80.019997;5829000
2024-02-29;79.17000;79.61000;78.66000;79.36000;6774300
2024-02-28;78.77000;78.96000;78.48000;78.66000;3774600
2024-02-27;78.61000;79.21000;78.5;79.20000;4502500
2024-02-26;79.40000;79.5;78.53000;78.56000;7872600
2024-02-23;79.85000;80.23500;79.56500;79.72000;7327500
2024-02-22;79.66000;80.15600;79.15000;79.92000;7108600
2024-02-21;78.58000;78.79000;78.23500;78.74000;6142700
2024-02-20;78.53000;79.089996;78.49000;78.83000;8030600
2024-02-16;79.76000;79.84000;78.86000;78.95000;7036600
2024-02-15;79.32000;80.42000;79.17000;80.20000;6672500
2024-02-14;79.080002;79.57000;78.63000;79.55000;7344700
2024-02-13;78.19000;78.74000;77.92000;78.30000;8023900
2024-02-12;79.12000;80.19000;79.080002;79.42000;4285300
2024-02-09;79.16000;79.41500;78.86100;79.17000;7624600
2024-02-08;79.29000;79.30000;78.76000;79.080002;4267600
2024-02-07;78.75;79.040001;78.59300;78.78000;5980100
2024-02-06;79.029999;79.22000;78.23500;78.38000;6738300
2024-02-05;79.29000;79.58000;78.59000;78.62000;7886300
2024-02-02;79.070000;80.21500;78.30000;79.74000;11971800
2024-02-01;76.57000;76.98000;76.32500;76.66000;6907200
2024-01-31;76.34000;76.95000;75.84000;75.88000;9336400
2024-01-30;78.14000;78.36000;77.76000;77.80000;4596900
2024-01-29;77.64000;78.39000;77.37200;78.33000;4065400
2024-01-26;77.32000;77.98500;77.30000;77.68000;4718200
2024-01-25;76.54000;77.43000;76.31000;77.43000;6161800
2024-01-24;76.49000;76.92000;76.12400;76.19000;6991100
2024-01-23;75.54000;75.75900;75.35500;75.72000;4663500
2024-01-22;75.21000;75.66000;74.94000;74.98000;5694400
2024-01-19;74.20000;74.875;73.91000;74.83000;6446700
2024-01-18;73.070000;73.88000;73.070000;73.83000;6420400
2024-01-17;72.95000;73.019997;72.32000;72.94000;6561800
2024-01-16;73.5;73.74000;73.13500;73.39000;6365600
2024-01-12;73.75;74.11000;73.65000;73.81000;3862400
2024-01-11;74;74.010002;72.81000;73.45000;6962800
2024-01-10;73.16000;73.97700;73.050003;73.69000;7234900
2024-01-09;72.81000;73.26000;72.67000;73.010002;3533000
2024-01-08;72.28000;73.18500;72.089996;73.16000;4658200
2024-01-05;71.80000;72.45000;71.74000;72.040001;5277300
2024-01-04;72.089996;72.18000;71.74000;71.74000;6665400
2024-01-03;72.070000;72.52000;71.88000;71.98000;7592700
2024-01-02;72.31000;72.42000;71.66500;72.25;6003800
2023-12-29;72.95000;73.050003;72.37000;72.66000;4742900
2023-12-28;72.99000;73.35800;72.99000;73.099998;5465800
2023-12-27;72.90000;73.029999;72.63500;72.90000;4508600
2023-12-26;72.72000;72.98000;72.57000;72.89000;2461800
2023-12-22;72.75;73.095001;72.27000;72.61000;4763900
2023-12-21;72.47000;72.66000;71.99000;72.60000;4867100
2023-12-20;72.51000;73.26500;71.88000;71.89000;6523400
2023-12-19;71.85000;72.55500;71.85000;72.45000;4835800
2023-12-18;71;72.050003;71;71.72000;6993300
2023-12-15;70.89000;71.37000;70.73000;71.019997;7242700
2023-12-14;71.12000;71.53500;70.58500;71.20000;6461000
2023-12-13;70.29000;71.044998;70.059998;70.89000;7708400
2023-12-12;69.86000;70.23000;69.57000;70.23000;7862100
2023-12-11;70.19000;70.23000;69.64000;69.94000;6300500
2023-12-08;69.56000;70.66000;69.56000;70.48000;5282500
2023-12-07;69.39000;70.51500;69.37000;70.15000;6122600
2023-12-06;69.30000;69.37000;68.63000;68.71000;4552500
2023-12-05;69.040001;69.48500;68.51000;68.89000;5984500
2023-12-04;69;69.30000;68.75;69.21000;6609500
2023-12-01;69.65000;69.95700;69.21000;69.91000;7708500
2023-11-30;70.18000;70.38000;69.18000;69.77000;7202700
2023-11-29;70.89000;70.96000;70.029999;70.18000;4089000
2023-11-28;70.37000;70.72000;70.16000;70.69000;4779600
2023-11-27;70.61000;70.98000;70.48000;70.52000;3909800
2023-11-24;71.11000;71.23000;70.76500;70.96000;2416400
2023-11-22;70.98000;71.49500;70.97000;71.20000;4188500
2023-11-21;70.71000;70.80900;70.40000;70.62000;3902200
2023-11-20;69.89000;70.93500;69.81000;70.86000;5727700
2023-11-17;69.91000;70.089996;69.66000;70.070000;3914300
2023-11-16;69.79500;70.11000;69.46000;70.080002;7438400
2023-11-15;69.84000;69.91000;69.40500;69.77000;5401800
2023-11-14;69.39000;69.99000;69.31000;69.43000;6034400
2023-11-13;68.16000;68.60000;67.96900;68.32000;7809400
2023-11-10;67.51000;68.48500;67.27000;68.47000;5105500
2023-11-09;67.78000;68.084999;67.23000;67.40000;4941200
2023-11-08;67.5;67.68000;67.18000;67.42000;4573700
2023-11-07;67.48000;68;67.33500;67.74000;5996200
2023-11-06;67.59000;67.73500;67.089996;67.38000;4962500
2023-11-03;67.080002;67.78000;67.059998;67.56000;7059000
2023-11-02;66.48000;66.69000;66.125;66.54000;7342500
2023-11-01;64.70000;65.70800;64.63000;65.67000;8172400
2023-10-31;64.58000;64.75;64.10500;64.72000;6375400
2023-10-30;63.64000;64.67500;63.59000;64.39000;9146500
2023-10-27;63.38000;63.74000;62.83500;63.090000;10356300
2023-10-26;63.83000;64.040001;62.82000;63.32000;14266200
2023-10-25;66.15000;66.24000;64.68000;64.73000;11531200
2023-10-24;67.54000;68.044998;67.19000;67.66000;6181200
2023-10-23;66.46000;67.34500;66.089996;66.87000;6415200
2023-10-20;67.22000;67.46900;66.47500;66.52000;8249500
2023-10-19;68.24000;68.34000;67.099998;67.14000;9381400
2023-10-18;68.059998;68.41300;67.084999;67.21000;7334200
2023-10-17;67.77000;68.49500;67.71200;68.39000;4743600
2023-10-16;67.57000;68.25;67.43500;68.15000;6463500
2023-10-13;67.82000;68.12000;66.71100;67.070000;8251500
2023-10-12;68.74000;68.78000;67.51000;67.83000;6276900
2023-10-11;68.29000;68.875;68.24000;68.64000;7686800
2023-10-10;67.72000;68.43000;67.65000;68.019997;7788400
2023-10-09;66.58000;67.82100;66.46000;67.63000;6979700
2023-10-06;65.26000;67.029999;65.17000;66.91000;7387200
2023-10-05;65.72000;65.88000;65.040001;65.70000;4678000
2023-10-04;65.12000;65.93000;64.93000;65.79000;6884900
2023-10-03;65.71000;66.16000;65.035004;65.17000;6603800
2023-10-02;65.76000;66.25500;65.55900;66.059998;6891000
2023-09-29;66.38000;66.59000;65.37000;65.57000;6325900
2023-09-28;65.20000;66.28000;65.19000;65.94000;4803100
2023-09-27;65.27000;65.55900;64.31000;65.22000;6537600
2023-09-26;65.14000;65.29000;64.86000;65.050003;5199600
2023-09-25;65.37000;65.78000;65.14000;65.78000;4129700
2023-09-22;66.029999;66.43000;65.62000;65.62000;5348500
2023-09-21;65.98000;66.38000;65.70000;65.70000;6303400
2023-09-20;67.58000;67.68000;66.52000;66.52000;4766100
2023-09-19;67.23000;67.63500;66.88000;67.44000;3366200
2023-09-18;67.24000;67.63500;67.21100;67.39000;3755400
2023-09-15;68.40000;68.46500;67.38000;67.51000;7611000
2023-09-14;67.90000;68.51000;67.56500;68.42000;5912400
2023-09-13;67.35000;67.63000;66.97000;67.48000;4536000
2023-09-12;67.82000;67.87000;67.20000;67.26000;8751200
2023-09-11;67.27000;68.10500;67.27000;67.97000;5761100
2023-09-08;66.78000;67.27000;66.78000;66.96000;3645200
2023-09-07;66.59000;67.29000;66.27000;66.76000;4850300
2023-09-06;67.089996;67.24000;66.50500;66.88000;5208200
2023-09-05;67.029999;67.48500;67.029999;67.089996;4403700
2023-09-01;67.95000;67.95000;66.92300;67.099998;4034300
2023-08-31;67.74000;68.22000;67.67500;67.73000;4070400
2023-08-30;67.66000;67.84000;67.31000;67.66000;4556800
2023-08-29;66.33000;67.76000;66.31000;67.65000;5346300
2023-08-28;65.80000;66.23000;65.63000;66.18000;4719100
2023-08-25;65.40000;65.70000;64.31500;65.38000;6548200
2023-08-24;66.87000;66.99000;65.31000;65.31000;5732200
2023-08-23;65.78000;66.90500;65.77000;66.59000;5836600
2023-08-22;65.76000;65.94000;65.43000;65.53000;4628500
2023-08-21;65.019997;65.65300;64.86000;65.53000;3533500
2023-08-18;64.73000;65.31000;64.44000;65.059998;6811000
2023-08-17;66.41000;66.55000;65.44000;65.45000;6309800
2023-08-16;66.71000;67.040001;66.21000;66.21000;4912600
2023-08-15;67.35000;67.47000;66.86000;67.010002;5024700
2023-08-14;66.99000;67.63000;66.85000;67.61000;3788800
2023-08-11;66.98000;67.45000;66.81000;67.12000;4473700
2023-08-10;67.79000;68.27000;67.24000;67.44000;5574700
2023-08-09;68.029999;68.14000;66.97000;67.21000;8905900
2023-08-08;67.78000;68.080002;67.46100;67.94000;4531800
2023-08-07;67.46000;68.16000;67.39000;68.13000;4493400
2023-08-04;67.48000;68.025002;67.018997;67.089996;4904800
2023-08-03;67.010002;67.64500;66.91500;67.24000;4540500
2023-08-02;68.019997;68.089996;67.20000;67.41000;6492400
2023-08-01;68.42000;68.92000;68.31500;68.70000;5671800
2023-07-31;68.75;69.19500;68.52000;68.79000;7829500
2023-07-28;68.15000;69.14000;68.029999;68.81000;6244300
2023-07-27;68.89000;69.22000;67.35000;67.48000;10384200
2023-07-26;67.099998;67.23000;66.39000;66.92000;6260700
2023-07-25;65.85000;66.18000;65.58000;65.89000;5463200
2023-07-24;65.85000;66.12000;65.46000;65.68000;5837200
2023-07-21;66.42000;66.5;65.34000;65.56000;7016800
2023-07-20;67.089996;67.48000;66.10500;66.22000;8461900
2023-07-19;67.63000;67.99000;67.34000;67.56000;6908900
2023-07-18;66.88000;67.48000;66.87000;67.37000;5209500
2023-07-17;67.15000;67.33500;66.66000;66.91000;4982100
2023-07-14;67.60000;67.84000;67.026001;67.15000;6235500
2023-07-13;67.39000;67.92000;67.24000;67.79000;5963200
2023-07-12;66.56000;67;66.36000;66.81000;6097200
2023-07-11;64.91000;66.16000;64.80000;66.010002;6782400
2023-07-10;65.17000;65.49000;64.52500;64.88000;4535300
2023-07-07;65.050003;65.76000;64.97000;65.050003;5070500
2023-07-06;65.32000;65.45500;64.875;65.28000;5245600
2023-07-05;65.12000;66.029999;65.050003;65.80000;6774700
2023-07-03;64.87000;65.31000;64.82000;65.30000;2809000
2023-06-30;64.92000;65.32700;64.92000;65.080002;5247100
2023-06-29;64.52000;64.77000;64.26500;64.43000;3652600
2023-06-28;64.31000;64.94000;64.27500;64.78000;3975800
2023-06-27;63.48000;64.76000;63.44000;64.49000;6508500
2023-06-26;63.96000;64.35000;63.31000;63.42000;4905500
2023-06-23;63.66000;64.28000;63.55000;64.059998;6830000
2023-06-22;63.51000;64.21000;63.27000;64.20000;4281500
2023-06-21;64.070000;64.12000;63.55000;63.70000;5208100
2023-06-20;64.28000;64.55000;63.84000;64.34000;5617500
2023-06-16;65.58000;65.61000;64.67000;64.76000;7422300
2023-06-15;64.18000;65.52000;63.94000;65.30000;6185600
2023-06-14;64.11000;64.71000;63.58000;64.28000;5512800
2023-06-13;64.47000;64.72000;63.91000;64.17000;5138400
2023-06-12;63.44000;64.010002;63.31000;63.96000;4675100
2023-06-09;63.17000;63.625;63.025002;63.21000;8008400
2023-06-08;62.62000;63.40000;62.53100;63.19000;4159300
2023-06-07;63.70000;64.26000;62.75;62.87000;5343100
2023-06-06;63.28000;63.97000;63.15000;63.58000;4420100
2023-06-05;62.92000;63.88000;62.92000;63.32000;7260600
2023-06-02;62.82000;63.375;62.63000;63.16000;8955300
2023-06-01;62.42000;63.18500;62.28000;63.080002;10175700
2023-05-31;62;62.39000;61.78000;62.24000;7566500
2023-05-30;62.66000;62.72000;61.91000;62.26000;6807700
2023-05-26;61.020000;62.20000;60.74000;62.16000;8314700
2023-05-25;61.49000;61.54000;60.75;60.92000;5962500
2023-05-24;60.87000;61.20500;60.57000;60.92000;6112700
2023-05-23;61.62000;62.10500;61.20000;61.20000;4214600
2023-05-22;61.5;62.43000;61.47000;61.97000;4924900
2023-05-19;61.78000;62.17000;61.17000;61.41000;5739500
2023-05-18;60.69000;61.79500;60.69000;61.74000;6547900
2023-05-17;60.020000;60.91000;59.88000;60.65000;5544900
2023-05-16;59.69000;60.14500;59.60700;59.92000;3775800
2023-05-15;59.71000;60.13500;59.57500;59.99000;3557900
2023-05-12;59.77000;59.88000;59.32500;59.71000;4019800
2023-05-11;59.32000;60.014999;59.060001;59.66000;7617800
2023-05-10;59.090000;59.24500;58.21000;59.070000;6380700
2023-05-09;58.77000;59.0099983;58.5;58.55000;7635100
2023-05-08;58.25;59.0099983;58.20000;58.92000;3997000
2023-05-05;57.75;58.44500;57.43000;58.33000;4970900
2023-05-04;58.21000;58.23000;57.58000;57.61000;7134000
2023-05-03;58.92000;59.44000;58.45500;58.55000;8671300
2023-05-02;59.70000;59.80000;58.49000;58.78000;10152100
2023-05-01;59.81000;60.14000;59.46500;59.89000;7220800
2023-04-28;59.12000;59.91000;59.070000;59.90000;7480600
2023-04-27;58.24000;59.57000;58.099998;59.39000;9597400
2023-04-26;56.75;57.11000;56.064999;56.13000;6964600
2023-04-25;57.36000;57.46000;56.72000;56.73000;5345900
2023-04-24;57.71000;57.95000;57.24000;57.63000;4876000
2023-04-21;57.40000;57.76500;57.21000;57.69000;7125300
2023-04-20;57.54000;58.099998;57.40000;57.55000;4414100
2023-04-19;57.94200;58.39500;57.82000;58.15000;4409400
2023-04-18;59.13000;59.20000;58.47100;58.59000;4380300
2023-04-17;58.58000;58.94000;58.40000;58.89000;6479100
2023-04-14;58.89000;59.43000;58.66000;59.23000;4906200
2023-04-13;58.55000;59.27500;58.48000;59.25;5416200
2023-04-12;59.029999;59.16000;57.98000;58.040001;5886200
2023-04-11;58.91000;59.070000;58.57500;58.65000;17443800
2023-04-10;58.49000;58.81500;58.19000;58.80000;4791100
2023-04-06;58.11000;59.10500;57.76000;58.93000;10713900
2023-04-05;58.42000;58.48000;57.79000;58.20000;12242800
2023-04-04;58.25;58.56000;57.97000;58.39000;9755200
2023-04-03;57.55000;58.24000;57.49000;58.21000;8983800
2023-03-31;57;58.020000;56.98000;57.97000;9690900
2023-03-30;56.74000;56.96000;56.60000;56.88000;6365100
2023-03-29;56.39000;56.67000;56.15000;56.61000;4815700
2023-03-28;56.22000;56.22000;55.58000;55.87000;4113000
2023-03-27;56.65000;56.87000;56.11000;56.33000;3758300
2023-03-24;56.37000;56.72500;55.98000;56.65000;5494600
2023-03-23;56.040001;56.98000;55.90500;56.36000;7071100
2023-03-22;56.38000;57.13000;55.43000;55.46000;6751500
2023-03-21;55.88000;56.56000;55.65000;56.45000;5008700
2023-03-20;54.91000;55.41000;54.71000;55.27000;7192200
2023-03-17;55.36000;55.68000;54.81000;55.0099983;12329700
2023-03-16;54.18000;55.61000;54.029999;55.54000;11404200
2023-03-15;53.28000;54.39000;53;54.32000;12706500
2023-03-14;53.17000;53.84000;53.049999;53.74000;10217800
2023-03-13;51.85000;52.97000;51.37000;52.26000;15248700
2023-03-10;52.89000;53.16500;51.97000;52.26000;13124300
2023-03-09;54.30000;54.66000;52.82500;53.0099983;6195400
2023-03-08;54.16000;54.46000;53.84000;54.23000;4289400
2023-03-07;55.0099983;55.16000;54.040001;54.20000;5464500
2023-03-06;55.090000;55.51500;54.75;54.76000;5626400
2023-03-03;54.070000;54.82500;53.94000;54.76000;5373300
2023-03-02;52.76000;53.70500;52.74000;53.59000;4649200
2023-03-01;53.40000;53.62000;53.0099983;53.090000;7092300
2023-02-28;53.36000;53.97500;53.36000;53.5;5728600
2023-02-27;53.63000;53.90000;53.25;53.41000;3659200
2023-02-24;53.16000;53.37000;52.84500;53.24000;4842300
2023-02-23;54.29000;54.35000;53.38000;53.99000;5151100
2023-02-22;54.070000;54.47000;53.94500;54.24000;4410600
2023-02-21;54.79000;55.080002;54.11000;54.13000;4176400
2023-02-17;54.99000;55.39500;54.72500;55.35000;4245100
2023-02-16;55.28000;56.11000;55.16000;55.41000;5267600
2023-02-15;55.36000;56.30000;55.31000;56.27000;4233800
2023-02-14;55.46000;55.94000;54.97000;55.76000;5887900
2023-02-13;55.23000;55.93000;55.040001;55.74000;2956300
2023-02-10;55.34000;55.57000;54.81000;54.96000;4483300
2023-02-09;57.44000;57.46000;55.28500;55.49000;6056300
2023-02-08;57.63000;57.81000;56.43000;56.73000;6530400
2023-02-07;57.39000;58.77000;57.26000;58.57000;7167000
2023-02-06;57.52000;57.98000;57.17000;57.5;5708300
2023-02-03;58.020000;59.43000;58.0099983;58.20000;7829200
2023-02-02;58.45000;59.79000;58.125;59.39000;9444700
2023-02-01;54.69000;55.99500;54.30000;55.73000;7523200
2023-01-31;54.43000;55.095001;54.43000;55.080002;4265500
2023-01-30;54.74000;55.11500;54.39000;54.42000;3857100
2023-01-27;54.80000;55.59600;54.80000;55.29000;3764100
2023-01-26;54.45000;54.92000;54.11000;54.91000;4303600
2023-01-25;53.5;54.19000;53.31000;54.070000;4976800
2023-01-24;53.58000;54.65000;53.41300;53.88000;8867000
2023-01-23;53.15000;54.15500;53.020000;54.029999;6279000
2023-01-20;51.91000;53.15600;51.77000;53.099998;4874200
2023-01-19;50.97000;51.75500;50.80000;51.49000;7387400
2023-01-18;52.0099983;52.17000;51.081001;51.23000;5930300
2023-01-17;52.22000;52.28000;51.54000;51.86000;3529900
2023-01-13;51.85000;52.43000;51.75500;52.35000;3712300
2023-01-12;51.75;52.35000;51.15000;52.18000;4193700
2023-01-11;51.35000;51.62000;51.080002;51.61000;4098400
2023-01-10;50.070000;51.24500;50.021999;51.24000;8684900
2023-01-09;50.62000;51.099998;50.43000;50.48000;6430100
2023-01-06;50.049999;50.53500;49.35000;50.40000;4578400
2023-01-05;49.43000;49.91500;49.049999;49.59000;5407700
2023-01-04;49.28000;49.83000;48.80000;49.52000;5837200
2023-01-03;48.58000;49.049999;48.15000;48.61000;8577900
2022-12-30;47.38000;48;47.22000;47.99000;4828600
2022-12-29;47.11000;48.15500;47.020000;47.97000;3466900
2022-12-28;47.20000;47.625;46.67000;46.68000;6047800
2022-12-27;47.65000;47.75;47.060001;47.37000;3905700
2022-12-23;47.15000;47.82000;47.060001;47.80000;3845500
2022-12-22;47.26000;47.37000;46.48000;47.34000;4384300
2022-12-21;47.30000;47.98000;47.13000;47.75;5863300
2022-12-20;46.63000;47.23000;46.47500;47.13000;5743800
2022-12-19;47.69000;47.79000;46.68000;46.81000;5688200
2022-12-16;48.15000;48.49000;47.77000;48.049999;8563500
2022-12-15;49.11000;49.30000;47.84000;48.060001;9817300
2022-12-14;50;50.84000;49.47000;50.0099983;10321600
2022-12-13;51.65000;52.070000;50.30000;50.67000;9909700
2022-12-12;49.44000;49.84000;49.090000;49.83000;5129600
2022-12-09;49.29000;49.98000;49.040001;49.44000;6325000
2022-12-08;49.63000;49.76000;49.14000;49.30000;5180800
2022-12-07;49.51000;49.80000;49.099998;49.40000;4700900
2022-12-06;50.95000;51.020000;49.47300;49.65000;5811000
2022-12-05;51.53000;52.090000;50.96500;51.12000;4033200
2022-12-02;50.96000;52.075001;50.96000;51.94000;4402200
2022-12-01;51.61000;52.19000;51.41500;51.81000;6604300
2022-11-30;49.31000;51.52500;49.16000;51.51000;10313800
2022-11-29;49.43000;49.55000;48.97000;49.42000;3823100
2022-11-28;49.91000;50.20500;49.28000;49.40000;3680300
2022-11-25;50.18000;50.45000;50.14000;50.20000;1895800
2022-11-23;49.77000;50.59000;49.77000;50.48000;4605800
2022-11-22;49.21000;49.90000;48.84000;49.85000;5479200
2022-11-21;49.66000;49.86000;48.93000;49.12000;3202100
2022-11-18;50.090000;50.19800;49.26000;49.53000;4049300
2022-11-17;49.099998;49.97500;48.91000;49.68000;7109400
2022-11-16;50.27000;50.42000;49.84500;50.060001;5374000
2022-11-15;50.79200;51.20000;49.85000;50.56000;8965500
2022-11-14;49.66000;50.56000;49.61000;49.82000;5432300
2022-11-11;48.72000;50.22000;48.70000;50.020000;9255300
2022-11-10;47.81000;48.81000;47.35000;48.74000;8306200
2022-11-09;46.41000;46.70000;45.90000;45.96000;7028600
2022-11-08;46.43000;47.11000;45.95000;46.59000;8273000
2022-11-07;46.23000;46.57000;45.89500;46.54000;7202200
2022-11-04;45.93000;46.15000;44.86000;45.72000;6621200
2022-11-03;46.049999;46.15000;45.36000;45.41000;11167500
2022-11-02;47.84000;48.32000;46.53000;46.55000;10548700
2022-11-01;48.84000;49.15000;47.87000;47.90000;4956900
2022-10-31;48.67000;48.86000;47.93000;48.21000;7609400
2022-10-28;48.049999;49.070000;47.94000;49.029999;8235200
2022-10-27;48.40000;49.020000;47.79000;47.82000;6867800
2022-10-26;50.58000;51.39000;50.12000;50.20000;5786000
2022-10-25;50.74000;51.95000;50.73000;51.84000;4684400
2022-10-24;50.29000;50.77000;49.69000;50.5;6334600
2022-10-21;49.029999;50.20000;48.86000;50.15000;7086500
2022-10-20;49.83000;50.80500;49.68000;49.83000;6788900
2022-10-19;49.78000;50.42500;49.42000;49.71000;11117400
2022-10-18;50.37000;50.49000;49.23000;49.67000;5524000
2022-10-17;48.80000;49.62000;48.76000;49.30000;6105200
2022-10-14;49.17000;49.37000;47.88000;47.98000;8173300
2022-10-13;46.65000;48.97500;46.47300;48.78000;10305300
2022-10-12;47.72000;48.0050011;47.41000;47.63000;5351800
2022-10-11;48.29000;48.55500;47.43000;47.69000;7811700
2022-10-10;48.89000;49.13000;48.17500;48.60000;4931000
2022-10-07;49.44000;49.61000;48.5;48.73000;4890300
2022-10-06;50.16000;50.75;49.90000;50.080002;6508700
2022-10-05;49.95000;50.58000;49.27000;50.35000;5179800
2022-10-04;49.87000;50.76000;49.86000;50.74000;8840100
2022-10-03;48.44000;49.48000;48.30000;49.23000;5783700
2022-09-30;48.48000;49.23000;47.86000;47.89000;6277400
2022-09-29;49.16000;49.16000;48.040001;48.48000;6384600
2022-09-28;48.19000;49.88000;48.17000;49.69000;7825400
2022-09-27;48.81000;49.14000;47.80000;48.049999;6616900
2022-09-26;48.89000;49.37000;48.19000;48.31000;6194000
2022-09-23;49.64000;49.70000;48.51500;49.11000;7014300
2022-09-22;50.060001;50.52000;49.86000;50.080002;6186200
2022-09-21;51.65000;52.029999;50.24000;50.26000;6596000
2022-09-20;51.78000;52.12000;51.36000;51.52000;5358400
2022-09-19;51.72000;52.33000;51.56500;52.33000;7144500
2022-09-16;52.29000;52.34900;51.70000;52.14000;10953500
2022-09-15;52.71000;53.56000;52.49500;52.70000;6948600
2022-09-14;53;53.049999;52.18000;52.93000;7515200
2022-09-13;54.31000;54.43000;52.69000;52.84000;7053200
2022-09-12;55.72000;56.23500;55.46000;55.91000;4837200
2022-09-09;54.51000;55.68500;54.51000;55.62000;9515600
2022-09-08;53.72000;54.37000;53.45000;54.11000;11092400
2022-09-07;53.12000;54.34000;53.11000;54.24000;7466700
2022-09-06;53.81000;53.88000;52.81000;53.17000;9950000
2022-09-02;55.22000;55.26000;53.63000;53.84000;5575700
2022-09-01;54.24000;54.93000;53.87000;54.88000;6217300
2022-08-31;55.30000;55.54000;54.37000;54.38000;5491400
2022-08-30;54.94000;55.17000;53.89000;54.25;3754600
2022-08-29;54.77000;55.39000;54.68100;54.73000;3620800
2022-08-26;56.82000;57.22500;55.14000;55.16000;5293800
2022-08-25;56.11000;57.0099983;56.049999;56.98000;2492100
2022-08-24;55.39000;56.30000;55.30000;55.89000;4279000
2022-08-23;55.88000;56.28000;55.47000;55.56000;5294800
2022-08-22;56.94000;56.94000;55.91500;56.040001;3312500
2022-08-19;58.11000;58.19000;57.42500;57.69000;3337800
2022-08-18;58.63000;58.88000;58.090000;58.64000;2416900
2022-08-17;59.13000;59.36000;58.61000;58.73000;4400800
2022-08-16;59.48000;60.24000;59.20000;59.89000;2471200
2022-08-15;59.28000;59.91000;59.18000;59.77000;2623700
2022-08-12;59.15000;59.57000;58.84000;59.56000;2779000
2022-08-11;59.16000;59.75;58.41000;58.52000;3001700
2022-08-10;58.18000;58.75;57.98000;58.46000;3338800
2022-08-09;57.27000;57.27000;56.58000;56.86000;2718100
2022-08-08;57.43000;58.56000;57.34000;57.42000;3962700
2022-08-05;56.69000;57.44000;56.57500;57.090000;3421900
2022-08-04;57.40000;58.090000;57.27000;57.80000;3261800
2022-08-03;56.42000;57.73000;56.32000;57.55000;4331600
2022-08-02;55.94000;56.875;55.88000;56.20000;4688400
2022-08-01;55.95000;56.87000;55.58000;56.29000;3758200
2022-07-29;55.86000;56.49000;55.52000;56.37000;5981000
2022-07-28;55.94000;56.35000;55.24000;56.34000;4808900
2022-07-27;55.60000;57.30000;55.48000;56.99000;4802200
2022-07-26;55.47000;55.47000;54.52000;54.68000;4278000
2022-07-25;56.049999;56.41000;55.41000;55.80000;2894300
2022-07-22;56.73000;57.37000;55.62000;55.99000;3765800
2022-07-21;57.53000;58;56.77000;58;6391000
2022-07-20;57.36000;58.33500;57.00099945;58.029999;5639600
2022-07-19;55.88000;57.15500;55.76000;57.090000;3235800
2022-07-18;55.80000;56.24000;54.98000;55.13000;3790900
2022-07-15;54.58000;55.43000;54.36000;55.41000;4048200
2022-07-14;54.029999;54.27000;53.41000;54.020000;4174000
2022-07-13;54.12000;55.11000;54.048000;54.71000;4924000
2022-07-12;55.19000;55.68000;54.75;54.96000;4103500
2022-07-11;56.020000;56.080002;54.89000;54.99000;3350600
2022-07-08;56.45000;57.13000;56.17000;56.71000;2566900
2022-07-07;56.27000;57.21000;56.12000;56.98000;3297100
2022-07-06;56.090000;56.54500;55.49200;56.099998;4234900
2022-07-05;54.13000;56.12000;53.61000;56.090000;4237400
2022-07-01;54.080002;54.89000;53.70500;54.82000;4400400
2022-06-30;54.36000;55.084999;53.49000;54.27000;4901600
2022-06-29;54.91000;55.17000;54.34000;54.93000;3939100
2022-06-28;56.58000;57;54.73500;54.76000;4805000
2022-06-27;57.060001;57.11000;56.14000;56.40000;3790200
2022-06-24;55.28000;56.94000;55.27000;56.94000;8894500
2022-06-23;54.46000;54.99000;53.96000;54.85000;6001300
2022-06-22;53.83000;54.98000;53.72500;54.18000;6472000
2022-06-21;54.47000;54.88000;53.96500;54.090000;4110000
2022-06-17;53.28000;54.27000;52.87000;53.84000;11930100
2022-06-16;53.89000;54.17000;52.73500;53.080002;6917900
2022-06-15;54.47000;55.81000;54.11000;55.090000;7353100
2022-06-14;54.37000;54.56500;53.43000;53.88000;4388400
2022-06-13;55.32000;55.59000;53.88000;54.029999;7046500
2022-06-10;57.46500;57.63000;56.60500;56.71000;6654000
2022-06-09;59.87000;60.27000;58.29000;58.34000;4422200
2022-06-08;60.13000;61.035999;60.075001;60.19000;3947500
2022-06-07;59.35000;60.41000;59.21000;60.35000;3251500
2022-06-06;60.28000;60.53500;59.50500;59.92000;4689100
2022-06-03;60.32000;60.49000;59.45000;59.62000;4498500
2022-06-02;59.42000;61.0050011;59.27000;60.94000;7218600
2022-06-01;60.65000;60.99000;59.26000;59.49000;6233000
2022-05-31;60.099998;60.79000;59.58000;60.18000;7167800
2022-05-27;59.24000;60.24000;59.099998;60.22000;5187100
2022-05-26;57.70000;59.14000;57.68000;58.96000;4975200
2022-05-25;56.61000;57.82000;56.55000;57.56000;5346200
2022-05-24;56.91000;57.029999;55.68000;56.80000;8468800
2022-05-23;58.48000;58.98000;57.69000;58.89000;9217000
2022-05-20;58.58000;58.80500;56.64000;58.020000;8785200
2022-05-19;57.72000;58.55000;57.65000;57.87000;8299200
2022-05-18;59.23000;59.51000;57.78000;57.95000;9766400
2022-05-17;59.52000;59.95000;59.080002;59.91000;10530000
2022-05-16;58.67000;59.32000;58.49000;58.63000;6900800
2022-05-13;57.84000;59.32000;57.77000;59.0099983;5895400
2022-05-12;56.57000;58.38000;56.28000;57.66000;16809300
2022-05-11;57.87000;59.049999;56.95000;57.040001;15059700
2022-05-10;58.75;59.16000;57.56000;58.090000;9633000
2022-05-09;58.55000;59.070000;57.60000;57.83000;11949000
2022-05-06;60.15000;60.32000;58.92000;59.37000;9318600
2022-05-05;62.19000;62.43000;60;60.62000;9109600
2022-05-04;60.58000;63.090000;60.0050011;62.94000;9761100
2022-05-03;60.53000;61.40000;60.080002;60.85000;8362100
2022-05-02;59.18000;60.74000;59.060001;60.69000;11094700
2022-04-29;60.74000;61.48000;58.97000;59.060001;9692600
2022-04-28;60.82000;61.51100;59.33000;61.13000;11269800
2022-04-27;59.26000;59.92000;58.43000;58.78000;17372400
2022-04-26;61.74000;61.74000;60.090000;60.12000;9913000
2022-04-25;61.20000;62.19000;60.82000;62.16000;13360400
2022-04-22;62.82000;62.97000;61.21000;61.32000;9702000
2022-04-21;64.84000;65.25;62.63000;62.81000;8232100
2022-04-20;66.36000;66.38000;64.34000;64.65000;9530500
2022-04-19;66.080002;67.76000;65.94000;67.58000;4526200
2022-04-18;66.44000;66.75700;65.68000;66.26000;6386400
2022-04-14;67.84000;67.84000;66.44000;66.48000;4718700
2022-04-13;66.55000;67.90000;66.45000;67.63000;6185900
2022-04-12;67.93000;68.19000;66.31500;66.65000;8250300
2022-04-11;67.63000;68.26300;67.11000;67.20000;5360900
2022-04-08;68.24000;68.67000;67.71000;68.080002;3827900
2022-04-07;68.87000;69.029999;67.41000;68.38000;4387200
2022-04-06;69.52000;69.70000;68.53000;68.98000;5010900
2022-04-05;71.23000;71.57000;70.12000;70.29000;3991300
2022-04-04;69.72000;71.27500;69.72000;71.20000;5201400
2022-04-01;69.11000;69.33000;68.73000;69.29000;4019000
2022-03-31;70.099998;70.099998;68.76300;68.78000;4784900
2022-03-30;70.33000;70.61000;69.85000;70.11000;4664600
2022-03-29;69.98000;70.81000;69.82000;70.61000;6935100
2022-03-28;69.099998;69.41000;68.40000;69.40000;2914400
2022-03-25;69.029999;69.39000;68.41000;69.18000;3854400
2022-03-24;68.17000;68.87000;67.93000;68.85000;4300700
2022-03-23;68.18000;68.61500;67.73500;67.74000;5143200
2022-03-22;67.52000;69.050003;67.48000;68.68000;4462400
2022-03-21;67.78000;67.92000;66.74000;67.42000;6153900
2022-03-18;67.099998;68.31000;66.89000;68.23000;8622200
2022-03-17;66.41000;67.35000;66.17000;67.35000;5120700
2022-03-16;65.40000;66.65000;64.86000;66.63000;6621600
2022-03-15;64.099998;64.95000;63.75;64.84000;6259300
2022-03-14;64.36000;65.050003;63.49000;63.62000;6998900
2022-03-11;65.97000;66.050003;64.29000;64.37000;4982600
2022-03-10;65.15000;65.75;64.84500;65.55000;5783600
2022-03-09;65.63000;66.25500;65.38000;66.040001;6776000
2022-03-08;64.19000;65.81000;63.68500;64.12000;10154000
2022-03-07;66.39000;66.39000;64.24000;64.28000;7726800
2022-03-04;67.089996;67.38000;66.19000;66.49000;6324800
2022-03-03;68.66000;68.78000;67.18000;67.46000;6528200
2022-03-02;67.78000;68.44000;67.36000;68.17000;7782500
2022-03-01;68.14000;68.58000;67.21000;67.59000;6151100
2022-02-28;67.70000;68.87000;67.62000;68.45000;8388800
2022-02-25;67.58000;68.625;67.13000;68.53000;7187100
2022-02-24;64.070000;67.58000;64.029999;67.44000;10993400
2022-02-23;67.16000;67.32000;65.55000;65.60000;6548700
2022-02-22;67.059998;67.79500;66.25;66.72000;8859500
2022-02-18;68.14000;68.58500;67.21000;67.41000;7513300
2022-02-17;69.22000;69.36000;67.89500;67.94000;7516700
2022-02-16;69.36000;69.95000;68.95000;69.80000;4556400
2022-02-15;70.059998;70.33000;69.70000;70.29000;4291900
2022-02-14;69.23000;69.76000;68.78000;69.32000;5342600
2022-02-11;70.80000;71.19000;69.059998;69.31000;7358900
2022-02-10;70.88000;72.10500;70.52000;70.84000;6571600
2022-02-09;70.71000;71.89000;70.64000;71.87000;6325600
2022-02-08;69.66000;70.14500;69.36000;69.90000;6073900
2022-02-07;71.35000;71.40000;69.75500;69.93000;4843500
2022-02-04;70.72000;71.75500;69.98000;71.17000;6675800
2022-02-03;71.70000;72.49000;70.85000;70.99000;9281100
2022-02-02;76.57000;76.57000;75.26000;76.080002;5357300
2022-02-01;74;74.69000;73.38000;74.59000;6284100
2022-01-31;72.30000;74;71.82000;73.95000;6105900
2022-01-28;70.47000;72.33000;70.20000;72.31000;6249500
2022-01-27;70.72000;71.75;70.18000;70.30000;9541500
2022-01-26;72.35000;72.35000;69.51000;70.22000;12982900
2022-01-25;71.54000;72.22000;70.62000;71.26000;9180300
2022-01-24;71.099998;72.84000;69.48000;72.75;18812500
2022-01-21;73.78000;74.19500;72.19000;72.22000;14330900
2022-01-20;75.94000;76.83000;74.66500;74.75;7335300
2022-01-19;75.85000;76.66900;75.45100;75.5;6647000
2022-01-18;76.5;76.62000;75.47500;75.63000;5903000
2022-01-14;75.54000;76.62000;75.53500;76.56000;6608600
2022-01-13;77.20000;77.37000;76.074997;76.21000;6354100
2022-01-12;77.19000;77.44000;76.63000;77.010002;5666800
2022-01-11;75.89000;76.92000;75.49000;76.91000;6813400
2022-01-10;75.71000;75.98000;74.23000;75.96000;9446100
2022-01-07;76.43000;76.96000;76.15000;76.44000;7882800
2022-01-06;76.13000;77.38000;75.89000;76.43000;14641300
2022-01-05;78.059998;78.44000;76.070000;76.089996;19325400
2022-01-04;78.53000;78.73000;77.62000;78.050003;11729100
2022-01-03;77.86000;78.51000;77.80000;78.22000;11984800
2021-12-31;78.57000;78.87000;77.65500;77.68000;5689100
2021-12-30;78.63000;79.19000;78.61000;78.77000;4483500
2021-12-29;78.87000;79.070000;78.19300;78.44000;3775600
2021-12-28;78.96000;79.54500;78.71500;78.83000;3214700
2021-12-27;78.35000;79.044998;78.34000;78.87000;2667600
2021-12-23;77.52000;78.37000;77.48000;78.11000;2383200
2021-12-22;77.059998;77.63000;76.90000;77.42000;3267000
2021-12-21;76.15000;77.32500;75.98000;77.23000;5198200
2021-12-20;75.56000;75.84000;75.080002;75.79000;4487000
2021-12-17;76.29000;77.074997;75.82000;76.48000;9932400
2021-12-16;77.080002;77.69000;76.55000;76.79000;7365300
2021-12-15;75.92000;76.98500;74.91300;76.90000;6693200
2021-12-14;75.43000;76.24000;75.33000;76.099998;7010600
2021-12-13;76.61000;76.95000;76.065002;76.30000;4980800
2021-12-10;77.13000;77.28000;76.12000;76.70000;4255400
2021-12-09;77.050003;77.49500;76.48000;76.66000;4065500
2021-12-08;76.92000;77.46500;76.64500;77.27000;9484400
2021-12-07;76.73000;77.080002;76.48000;76.71000;4549200
2021-12-06;75.12000;76.11500;74.83000;75.93000;7739200
2021-12-03;75.23000;75.36000;73.73000;74.70000;8986900
2021-12-02;73.91000;75.17500;73.76000;74.87000;7579100
2021-12-01;76.45000;76.66000;73.59000;73.63000;9392300
2021-11-30;77.53000;77.53000;75.28500;75.37000;10423700
2021-11-29;78.050003;78.20000;77.375;77.84000;6518700
2021-11-26;77.86000;77.86500;77.11000;77.18000;4963000
2021-11-24;78.30000;78.72500;77.90000;78.62000;4243100
2021-11-23;78.57000;78.93000;77.95000;78.51000;5080500
2021-11-22;79.80000;80;78.71000;78.72000;4517100
2021-11-19;80.29000;80.48000;79.57000;79.69000;6857100
2021-11-18;80.35000;80.37000;79.63000;79.96000;3335900
2021-11-17;80.84000;81.019997;80.44300;80.54000;7330300
2021-11-16;81.29000;81.44000;80.80000;80.85000;2383200
2021-11-15;81.46000;81.91000;81.25;81.46000;2319200
2021-11-12;80.46000;81.30000;80.16000;81.23000;3240200
2021-11-11;80.23000;80.52000;80.014999;80.059998;2046900
2021-11-10;80.73000;81.019997;79.91000;80.22000;4074900
2021-11-09;81.52000;81.67000;80.75;81.14000;3920900
2021-11-08;82.11000;82.11000;81.26000;81.34000;3171700
2021-11-05;81.76000;82.35000;81.61000;81.70000;3237500
2021-11-04;80.98000;81.42000;80.68000;81.050003;6281800
2021-11-03;80;80.76000;79.76000;80.73000;2834100
2021-11-02;80.64000;80.77500;79.97500;80.44000;3982100
2021-11-01;80.58000;81.059998;80.20500;80.43000;4124600
2021-10-29;79.87000;80.44000;79.76000;80.30000;2845100
2021-10-28;79.85000;80.52000;79.35000;80.050003;3589100
2021-10-27;79.89000;80.61000;79.68500;79.79000;5846000
2021-10-26;81.070000;81.17000;79.63000;80.010002;6559500
2021-10-25;80.14000;80.73000;79.69000;80.73000;3225100
2021-10-22;80.88000;81.20000;79.98000;80.38000;3131000
2021-10-21;81.85000;82.16000;81.56000;82.12000;2681200
2021-10-20;81.91000;82.11000;81.60000;81.88000;2934600
2021-10-19;81.36000;81.73000;81.16000;81.72000;2460300
2021-10-18;80.22000;80.96000;80.059998;80.94000;2975400
2021-10-15;80.78000;80.80000;80.20000;80.32000;3100400
2021-10-14;80.13000;80.64000;79.96000;80.51000;3614600
2021-10-13;79.52000;79.65000;78.90000;79.39000;4690400
2021-10-12;79.77000;79.83900;78.74000;79.019997;7990700
2021-10-11;80.64000;80.95000;79.73000;79.76000;3590000
2021-10-08;81.53000;81.64000;80.88000;80.98000;2732400
2021-10-07;81.72000;82.14500;81.32000;81.38000;4263900
2021-10-06;80.080002;81.089996;79.73000;81.029999;6599900
2021-10-05;79.98000;81.32000;79.91000;80.89000;3316100
2021-10-04;80.90000;80.95000;79.081001;79.70000;9449000
2021-10-01;80.53000;81.82500;80.17000;81.46000;7308600
2021-09-30;80.61000;80.95000;80.099998;80.11000;10771000
2021-09-29;80.82000;81.29000;80.25;80.36000;5467100
2021-09-28;81.61000;81.81000;80.31000;80.43000;8982600
2021-09-27;82.010002;82.68000;81.76000;82.44000;3459700
2021-09-24;81.41000;82.60500;81.30000;82.45000;4402100
2021-09-23;81.31000;82.18000;81.17000;81.78000;3989400
2021-09-22;80.74000;81.38000;80.59000;80.95000;6815400
2021-09-21;81.88000;82.13000;80.93000;80.99000;6469700
2021-09-20;81.92000;82.040001;80.31000;81.33000;8942900
2021-09-17;83.84000;84.029999;82.78400;83.14000;9970600
2021-09-16;84.040001;84.33000;83.46500;84.070000;3856600
2021-09-15;83.72000;84.29800;83.014999;84.15000;4996700
2021-09-14;84.69000;84.79000;83.60000;83.74000;5467600
2021-09-13;84.82000;84.89000;84.050003;84.47000;5291600
2021-09-10;85.13000;85.26000;84.21500;84.26000;5103400
2021-09-09;85.080002;85.36000;84.67500;84.81000;4114400
2021-09-08;85.52000;85.76000;84.95000;85.23000;3808500
2021-09-07;85.47000;85.83000;85.27000;85.67000;4117500
2021-09-03;85.34000;85.61500;85.10500;85.47000;2799000
2021-09-02;86.12000;86.24000;85.32000;85.47000;3229300
2021-09-01;85.76000;86.35500;85.75;86.050003;3723200
2021-08-31;85.27000;85.81000;85.17000;85.62000;6091000
2021-08-30;84.70000;85.48000;84.41500;85.30000;2734700
2021-08-27;83.59000;84.86000;83.43000;84.72000;3437200
2021-08-26;84.070000;84.20000;83.40000;83.40000;3279800
2021-08-25;84.029999;84.32000;83.85000;84.13000;3835100
2021-08-24;83.91000;84.32700;83.73000;84;3132700
2021-08-23;82.84000;84.080002;82.84000;83.73000;3062200
2021-08-20;82;82.85800;81.83000;82.73000;4143100
2021-08-19;81.5;82.39000;81.42000;82.019997;4409800
2021-08-18;82.45000;82.92000;81.95500;82.010002;3041200
2021-08-17;82.79000;83.13000;82.099998;82.64000;5941400
2021-08-16;82.90000;83.35000;82.25;83.33000;3483200
2021-08-13;83.35000;83.45000;83.125;83.19000;2144600
2021-08-12;82.90000;83.18000;82.47000;83.14000;2269000
2021-08-11;82.99000;83.084999;82.68000;82.99000;2457600
2021-08-10;82.75;82.92000;82.47000;82.83000;6254400
2021-08-09;82.81000;82.82000;82.39000;82.67000;2367800
2021-08-06;82.65000;83.050003;82.61000;82.82000;2764400
2021-08-05;82.31000;82.83500;82.11000;82.82000;2261300
2021-08-04;81.96000;82.27000;81.59000;82.070000;3864600
2021-08-03;82.24000;82.25;80.91000;81.84000;4860500
2021-08-02;82.75;82.83000;82.059998;82.21000;3988200
2021-07-30;82.17000;82.93500;82.029999;82.40000;2999500
2021-07-29;83.040001;83.32000;82.64000;82.68000;5291200
2021-07-28;83.81000;84.18000;83.20000;83.58000;7295300
2021-07-27;83.83000;83.91000;82.32000;82.93000;4857500
2021-07-26;83.40000;83.95500;83.27000;83.93000;3189800
2021-07-23;82.43000;83.72900;82.070000;83.5;3872500
2021-07-22;81.19000;81.5;80.82000;81.48000;2254800
2021-07-21;80.60000;81.20500;80.56000;81.20000;2612700
2021-07-20;79.90000;80.82500;79.47500;80.53000;4111800
2021-07-19;80.21000;80.22000;79.26000;79.63000;6896900
2021-07-16;81.49000;81.72000;80.76000;80.86000;3509300
2021-07-15;82.050003;82.050003;81.029999;81.37000;4500500
2021-07-14;82.48000;82.54000;81.86000;81.95000;3459600
2021-07-13;82.14000;82.64500;81.93000;82.010002;3979100
2021-07-12;81.81000;82.26000;81.5;82.22000;3568600
2021-07-09;80.95000;81.76100;80.94000;81.64000;2914300
2021-07-08;80.77000;81.29000;80.52000;80.92000;5237000
2021-07-07;82.32000;82.32000;81.63000;81.82000;3651700
2021-07-06;82.28000;82.38600;81.19000;81.94000;3829500
2021-07-02;81.87000;82.25500;81.73500;82.14000;4347500
2021-07-01;80.87000;81.68000;80.85000;81.57000;5227500
2021-06-30;81.050003;81.19000;80.68000;80.97000;2533700
2021-06-29;81.57000;81.65000;80.89500;81.12000;4272900
2021-06-28;80.84000;81.66000;80.58900;81.56000;3553900
2021-06-25;80.53000;80.74000;80.375;80.65000;5843400
2021-06-24;80.18000;80.59000;80.13000;80.55000;3430900
2021-06-23;79.81000;80.22000;79.73500;79.80000;4669000
2021-06-22;79.28000;79.99000;79.050003;79.88000;4690300
2021-06-21;78.62000;79.26000;78.28000;79.20000;3274400
2021-06-18;79.15900;79.24000;78.46000;78.58000;6194800
2021-06-17;79.070000;79.97000;79.040001;79.51000;4556300
2021-06-16;80.040001;80.040001;78.51000;79.18000;4691900
2021-06-15;80.41000;80.55000;79.74300;79.88000;3085700
2021-06-14;79.87000;80.36000;79.64000;80.34000;2733200
2021-06-11;79.84000;79.85500;79.44000;79.81000;3729100
2021-06-10;79.37000;79.84500;79.080002;79.72000;2470300
2021-06-09;79.73000;79.86000;79.25;79.29000;5168000
2021-06-08;79.82000;79.82000;78.98000;79.37000;3325100
2021-06-07;79.059998;79.64000;78.98000;79.60000;3321100
2021-06-04;78.39000;79.30000;78.27000;79.19000;2333200
2021-06-03;78.050003;78.28800;77.59000;78.070000;2812300
2021-06-02;78.99000;79.099998;78.20500;78.60000;2782000
2021-06-01;79.080002;79.22000;78.46000;78.84000;3301400
2021-05-28;79.27000;79.30000;78.71100;78.79000;2834100
2021-05-27;78.84800;79.23900;78.71500;79.050003;4462100
2021-05-26;78.47000;79.080002;78.31000;78.75;4644900
2021-05-25;78.68000;78.79000;78.080002;78.24000;3079300
2021-05-24;77.44000;78.46000;77.29000;78.26000;3020000
2021-05-21;77.48000;77.5;76.82000;76.86000;4452000
2021-05-20;76.20000;77.28500;76.019997;77.12000;3504500
2021-05-19;74.61300;75.87000;74.54000;75.82000;4936800
2021-05-18;76.47000;76.71000;75.68000;75.70000;2438200
2021-05-17;77.070000;77.13000;75.98000;76.48000;3006100
2021-05-14;76.28000;77.25;76.15000;77.089996;3257000
2021-05-13;75.53000;76.26000;75.13000;75.60000;7711900
2021-05-12;75.62000;76.080002;74.84000;75.059998;5624800
2021-05-11;75.65000;76.75;75.56000;76.56000;9642100
2021-05-10;77.89000;77.92000;76.72500;76.78000;4043500
2021-05-07;78.27000;78.64500;77.90000;78.28000;3636400
2021-05-06;76.70000;77.71000;76.58000;77.69000;5321700
2021-05-05;77.41000;77.65000;76.69500;76.79000;3829000
2021-05-04;77.21000;77.45000;75.81000;76.94000;6848700
2021-05-03;78.36000;78.44900;77.55000;77.64000;3861300
2021-04-30;78.15000;78.41000;77.92000;78.050003;3819500
2021-04-29;78.81000;79.22000;78.25;79.13000;4816200
2021-04-28;77.34000;77.85000;76.93000;77;3355400
2021-04-27;76.73000;76.87000;76.21000;76.30000;4684900
2021-04-26;76.61000;76.75;76.42000;76.61000;2767100
2021-04-23;75.90000;76.67000;75.73800;76.45000;2741900
2021-04-22;76.31000;76.46500;75.29000;75.57000;3532900
2021-04-21;75.56000;76.15000;75.089996;76.13000;7034100
2021-04-20;76.27000;76.47000;75.43000;76;3535200
2021-04-19;76.64000;77.059998;76.010002;76.41000;3188300
2021-04-16;77.099998;77.14000;76.55000;76.84000;3378100
2021-04-15;76.44000;77.099998;76.33000;76.89000;4523500
2021-04-14;76.64000;76.67000;75.76000;75.92000;3939200
2021-04-13;76.83000;77.16000;76.60000;76.71000;2891100
2021-04-12;76.70000;76.73500;76.26000;76.61000;2234300
2021-04-09;76.64000;76.97500;76.36000;76.92000;2324100
2021-04-08;77.33000;77.39000;76.69200;76.94000;2891400
2021-04-07;76.36000;77.0090027;76.36000;76.93000;2347700
2021-04-06;76.13000;76.57000;75.97000;76.34000;2523500
2021-04-05;74.94000;76.25500;74.94000;76.15000;3970000
2021-04-01;73.98000;74.63000;73.98000;74.58000;4549600
2021-03-31;73.33000;73.77000;73.050003;73.32000;3857400
2021-03-30;73.029999;73.19000;72.71000;73.029999;2660300
2021-03-29;72.27000;73.31000;72.040001;73.029999;4274000
2021-03-26;73.13000;73.33000;71.019997;72.29000;4204600
2021-03-25;73.040001;73.64000;72.52000;73.089996;3846200
2021-03-24;75.35000;75.35000;73.43000;73.45000;4263400
2021-03-23;75.83000;76.25500;75.22500;75.35000;4294800
2021-03-22;75.49000;76.42000;75.14000;75.91000;5225800
2021-03-19;74.88000;75.80000;74.79000;75.41000;9243200
2021-03-18;75.099998;75.79000;74.68000;74.76000;5529800
2021-03-17;75.43300;76.31000;74.74000;76.019997;4617200
2021-03-16;75.65000;76.60000;75.42000;76.010002;3802800
2021-03-15;74.88000;75.26500;74.54000;75.22000;3338900
2021-03-12;74.30000;74.79000;74.040001;74.69000;3106500
2021-03-11;74.23000;75.35500;74.070000;74.90000;3256900
2021-03-10;74.11000;74.11000;73.13000;73.51000;5704600
2021-03-09;73.55000;73.83000;73.010002;73.20000;8758100
2021-03-08;73.43000;73.87000;72.34000;72.39000;8332000
2021-03-05;72.30000;73.59000;71.39000;73.37000;11937300
2021-03-04;71.81000;73.15000;70.81000;71.69000;8581100
2021-03-03;72.77000;73.095001;71.64000;71.82000;4724000
2021-03-02;73.42000;73.87000;72.81000;72.86000;4647700
2021-03-01;72.52000;73.60000;72.22000;73.40000;4196100
2021-02-26;71.69000;72.875;71.050003;71.57000;5379400
2021-02-25;72.91000;73.45000;71.019997;71.29000;5492600
2021-02-24;72.010002;73.059998;71.80000;72.88000;4004600
2021-02-23;71.54000;73;70.5;72.75;4639200
2021-02-22;71.79000;72.86000;71.74000;72.19000;2168100
2021-02-19;73.41000;73.41000;72.38000;72.48000;2500000
2021-02-18;73.059998;73.49000;72.66300;73.20000;2019900
2021-02-17;72.92000;73.62000;72.79000;73.56000;1976400
2021-02-16;73;73.84500;73;73.35000;1997000
2021-02-12;72.60000;73.089996;72.54000;73;1573900
2021-02-11;72.76000;72.76000;72.059998;72.69000;1860100
2021-02-10;72.58000;72.83000;71.60000;72.61000;2494500
2021-02-09;71.51000;72.31000;71.39000;71.93000;6044200
2021-02-08;71.75;71.83000;71.14000;71.69000;5201000
2021-02-05;70.91000;71.5;70.90000;71.41000;1849400
2021-02-04;70.23000;70.53000;69.83000;70.52000;2639900
2021-02-03;70.27000;70.68000;69.65800;70.099998;2848300
2021-02-02;68.58000;69.54000;68.45000;69.17000;2010300
2021-02-01;67.47000;68.43000;66.94000;68.13000;3135100
2021-01-29;67.73000;67.87000;66.44000;66.88000;4555200
2021-01-28;68.52000;69.37000;68.12000;68.15000;6688200
2021-01-27;69.58000;69.77000;67.44000;67.91000;7709600
2021-01-26;69.17000;70.30000;69.17000;70.18000;3038300
2021-01-25;69.29000;69.61000;68.32000;69.24000;4084400
2021-01-22;68.74000;69.095001;68.58000;68.84000;1979400
2021-01-21;68.85000;69.20000;68.63000;68.81000;2393900
2021-01-20;67.80000;68.87000;67.58000;68.56000;4614800
2021-01-19;65.74000;66.63000;65.32000;66.47000;4431500
2021-01-15;65.089996;65.60000;64.78500;65.29000;4829000
2021-01-14;65.57000;65.82000;64.97500;65.080002;2543300
2021-01-13;65.19000;65.77000;65;65.45000;3685300
2021-01-12;66.19000;66.51000;64.86000;65.22000;14316600
2021-01-11;66.51000;66.89000;66.15000;66.29000;2202900
2021-01-08;67.31000;67.54000;66.68000;67.49000;4993100
2021-01-07;66.70000;67.60000;66.59000;67.28000;2202600
2021-01-06;65.69000;66.85000;65.48000;66.40000;3904200
2021-01-05;66.32000;66.90000;66.25;66.72000;2184600
2021-01-04;67.75;67.79000;65.68000;66.48000;4456800
2020-12-31;66.86000;67.59000;66.86000;67.48000;2274200
2020-12-30;67.65000;67.65000;66.90000;66.94000;2151800
2020-12-29;67.61000;67.73000;67.31000;67.39000;1502000
2020-12-28;66.80000;67.55000;66.59000;67.45000;2806600
2020-12-24;66.26000;66.53000;66.035004;66.26000;859700
2020-12-23;66.040001;66.65000;65.87000;66.19000;1671200
2020-12-22;66.43000;66.43000;65.41000;65.81000;2041900
2020-12-21;66.21000;66.55000;65.42000;66.43000;4508500
2020-12-18;67.21000;67.32500;66.58000;67.11000;4397800
2020-12-17;67.47000;67.61500;66.89500;67.050003;2437600
2020-12-16;67.39000;67.45000;66.96100;67.22000;3249300
2020-12-15;67.059998;67.28000;66.41000;67.28000;1604200
2020-12-14;67.12000;67.60000;66.68000;66.73000;2622800
2020-12-11;66.44000;67.040001;66.35000;66.94000;2668300
2020-12-10;66.13000;66.65000;65.5;66.54000;2287400
2020-12-09;67.39000;67.81000;66.059998;66.5;5494600
2020-12-08;67.33000;67.39000;66.78500;67.30000;1712800
2020-12-07;66.92000;67.58500;66.80000;67.40000;1981800
2020-12-04;66.92000;67.12000;66.77000;66.98000;1997000
2020-12-03;67.15000;67.46000;66.79000;66.92000;2129300
2020-12-02;66.51000;67.42000;66.19000;67.22000;2380800
2020-12-01;65.82000;67.050003;65.74000;66.60000;3888900
2020-11-30;65.48000;65.48000;64.72000;65.40000;3617300
2020-11-27;65.52000;65.84000;65.30000;65.63000;1229900
2020-11-25;65.35000;65.36000;64.64200;65.21000;1693300
2020-11-24;64.080002;65.28000;64.029999;65.22000;2179000
2020-11-23;64.11000;64.23500;63.28000;63.91000;2190900
2020-11-20;64.080002;64.36000;63.87000;63.88000;1876300
2020-11-19;63.37000;64.17000;63.28000;64.029999;3390400
2020-11-18;64.25;64.43000;63.63000;63.64000;2470000
2020-11-17;64.22000;64.60000;63.97000;64.29000;3483100
2020-11-16;64.13000;64.59500;64.089996;64.52000;4772300
2020-11-13;63.63000;64.21000;63.27000;64.11000;1661300
2020-11-12;63.49000;63.84000;62.94000;63.17000;7035900
2020-11-11;63.40000;63.61000;63.20000;63.53000;5063100
2020-11-10;62.46000;63.16000;61.86000;62.96000;12894000
2020-11-09;64.66000;64.85000;63.12000;63.16000;6021600
2020-11-06;63.89000;63.89000;63.0099983;63.70000;5735300
2020-11-05;63.71000;64.29000;63.26000;63.85000;3258000
2020-11-04;61.73000;63.11000;61.63000;62.64000;4571200
2020-11-03;59.63000;60.57000;59.41000;60.049999;3494500
2020-11-02;59.63000;60.17000;58.68100;59.17000;3668600
2020-10-30;60.37000;60.73000;58.57000;59.20000;3421000
2020-10-29;59.44000;60.78500;59.15000;60.22000;3172900
2020-10-28;60.070000;60.14000;58.66000;58.74000;4236400
2020-10-27;60.99000;61.31000;60.63500;61.14000;1582100
2020-10-26;61.57000;61.86000;60.17500;60.75;2771500
2020-10-23;61.74000;62.13000;61.28000;62.11000;1839900
2020-10-22;61.33000;61.67200;60.71500;61.53000;2492900
2020-10-21;60.86000;61.70000;60.71000;61.13000;3262000
2020-10-20;59.82000;60.64000;59.57000;60.12000;4365000
2020-10-19;61;61.19500;59.46500;59.69000;3320800
2020-10-16;61.17000;61.40000;60.68500;60.78000;2932200
2020-10-15;60.51000;60.91000;60.25;60.77000;1700200
2020-10-14;62.24000;62.29000;61.060001;61.24000;1999800
2020-10-13;62.24000;62.31000;61.69000;61.98000;2581900
2020-10-12;61.22000;62.58000;60.98500;61.92000;3935600
2020-10-09;60.28000;60.41000;60.080002;60.33000;1838300
2020-10-08;59.51000;60;59.51000;59.97000;1352300
2020-10-07;59.28000;59.38000;58.65000;59.20000;2063400
2020-10-06;59.75;60.070000;58.67000;58.77000;2198400
2020-10-05;59.43000;60.060001;59.35000;60.029999;2122200
2020-10-02;59.28000;59.90000;58.82000;59.060001;3320200
2020-10-01;59.89000;60.38500;59.80000;60.25;7536600
2020-09-30;59.42000;60;59.070000;59.40000;2884000
2020-09-29;59.37000;59.59500;59.029999;59.36000;3249100
2020-09-28;59.40000;59.51000;58.85000;59.30000;2016800
2020-09-25;57.68000;58.72100;57.23000;58.52000;1879800
2020-09-24;57.28000;58.29000;57.18000;57.75;2944900
2020-09-23;59.17000;59.29000;57.47000;57.64000;3913000
2020-09-22;58.46000;59.17000;58.020000;59.049999;2304600
2020-09-21;57.68000;58.12000;57.064999;57.93000;7845700
2020-09-18;59.65000;59.68000;57.96000;58.74000;4665400
2020-09-17;59.37000;59.84000;58.58000;59.31000;4600500
2020-09-16;61.080002;61.56000;60.32000;60.42000;2368600
2020-09-15;60.66000;61.37000;60.48000;61.080002;2024000
2020-09-14;60.43000;61.13000;59.98000;60.0099983;3241600
2020-09-11;60.34000;60.51300;59.12000;59.78000;5509000
2020-09-10;61.24000;61.70000;59.79000;59.97000;4882100
2020-09-09;60.97000;61.45000;60.22000;60.87000;4940700
2020-09-08;60.26000;61.014999;60.020000;60.15000;8138700
2020-09-04;62.61000;62.96000;60.17000;61.78000;10039900
2020-09-03;64.56000;64.71000;62.18500;62.93000;7536500
2020-09-02;64.15000;65.34000;63.89000;65.14000;4321700
2020-09-01;63.38000;63.93700;63.12000;63.78000;4703000
2020-08-31;63.5;63.69000;63.17000;63.26000;2728400
2020-08-28;63.57000;63.66000;63.23000;63.56000;1819300
2020-08-27;64.15000;64.15400;63.16500;63.41000;5037200
2020-08-26;62.20000;64.26000;62.18000;64.19000;3234100
2020-08-25;61.51000;62.17500;61.36000;62.070000;4156100
2020-08-24;61.19000;61.76000;61.11300;61.49000;3340600
2020-08-21;60.88000;61.070000;60.54000;60.75;2003100
2020-08-20;60.029999;61.090000;59.99500;61.020000;7930600
2020-08-19;60.49000;60.94000;60.13000;60.27000;2143500
2020-08-18;60.060001;60.63000;59.79500;60.44000;1353100
2020-08-17;60.060001;60.060001;59.69000;59.90000;1179400
2020-08-14;59.89000;60.0099983;59.63000;59.83000;1205100
2020-08-13;59.60000;60.26800;59.56900;59.84000;1707300
2020-08-12;59.17000;59.91000;59.17000;59.54000;6266000
2020-08-11;59.66000;60.014999;58.72000;58.84000;3121200
2020-08-10;59.91000;60.46000;59.15000;59.73000;4230300
2020-08-07;59.85000;60.88000;59.43000;59.93000;2525900
2020-08-06;58.55000;60.060001;58.45000;60;2277200
2020-08-05;58.72000;58.81000;58.29000;58.46000;1874200
2020-08-04;58.16000;58.56000;58.16000;58.55000;2829100
2020-08-03;58.28000;58.35000;57.75800;58.18000;2335700
2020-07-31;58.38000;58.38000;57.23500;58.13000;2741700
2020-07-30;56.63000;57.43000;56.35000;57.33000;2202100
2020-07-29;56.93000;57.32500;56.72000;57.17000;1720600
2020-07-28;57.080002;57.29000;56.56000;56.65000;1818100
2020-07-27;57.060001;57.32000;56.75800;57.24000;1556100
2020-07-24;56.55000;57.026001;56.26000;56.85000;3291800
2020-07-23;57.99000;58.13000;56.64000;56.94000;2271200
2020-07-22;57.81000;57.92500;57.46500;57.88000;1528700
2020-07-21;58.48000;58.53000;57.66000;57.82000;2228100
2020-07-20;57.31000;58.23000;56.85000;58.099998;2205300
2020-07-17;57.55000;57.58000;56.81000;57.41000;1928900
2020-07-16;56.94000;57.62000;56.73000;57.54000;2216700
2020-07-15;57.35000;57.67000;56.82000;57.44000;3089200
2020-07-14;55.97000;57.16000;55.72500;57.099998;3719800
2020-07-13;58.16000;58.41500;56.35000;56.54000;2954700
2020-07-10;56.68000;57.74000;56.37800;57.70000;2429100
2020-07-09;56.89000;56.95000;55.83000;56.72000;3453700
2020-07-08;56.22000;56.75;55.79500;56.65000;3106800
2020-07-07;56.17000;56.98000;56.074001;56.15000;2392300
2020-07-06;55.82000;56.39000;55.65000;56.31000;2082200
2020-07-02;55.88000;55.97000;55.12000;55.20000;2252800
2020-07-01;54.22000;55.59000;54.18000;55.38000;5156500
2020-06-30;53.42000;54.20000;53.17000;54.040001;2815900
2020-06-29;52.18000;53.44000;51.92500;53.44000;3508300
2020-06-26;54.56000;54.61000;52.37000;52.47000;6241400
2020-06-25;54.61000;55.0099983;54.070000;54.89000;4779400
2020-06-24;55.72000;55.85000;54.15000;54.65000;7736200
2020-06-23;55.91000;56.48000;55.71000;55.91000;4896900
2020-06-22;55.38000;55.63000;55.18600;55.55000;1995800
2020-06-19;56.36000;56.36000;55.13000;55.54000;4740400
2020-06-18;55.40000;55.73000;55.27000;55.69000;4696300
2020-06-17;55.56000;55.93000;55.070000;55.51000;2621400
2020-06-16;56.090000;56.11000;54.65000;55.44000;4335600
2020-06-15;53.33000;55.18000;53.24000;54.99000;4114300
2020-06-12;54.83000;55.029999;53.11000;54.12000;4944200
2020-06-11;54.96000;55.34000;53.53000;53.65000;4669100
2020-06-10;56.76000;56.80000;55.86000;56.24000;2638100
2020-06-09;56.25;56.67000;56.11000;56.41000;3549200
2020-06-08;55.52000;56.59000;55.37000;56.55000;3216000
2020-06-05;54.99000;55.90000;54.98000;55.51000;2784300
2020-06-04;54.88000;55.11000;54.22000;54.62000;2235300
2020-06-03;55;55.20500;54.83000;55.029999;3217000
2020-06-02;54.70000;54.88000;54.070000;54.86000;3468600
2020-06-01;53.89000;54.72000;53.79000;54.64000;6930100
2020-05-29;53.70000;54.17000;53.14500;54.020000;6113400
2020-05-28;53.77000;54.60000;53.60000;53.73000;4074500
2020-05-27;53.90000;54.24000;52.89500;54.24000;5946600
2020-05-26;54.74000;54.79000;53.78000;53.86000;3651100
2020-05-22;53.37000;53.80000;53.090000;53.71000;3870900
2020-05-21;54;54.18000;53.33000;53.39000;4016100
2020-05-20;53.080002;53.90000;53.040001;53.77000;4532500
2020-05-19;52.26000;52.93000;52.080002;52.32000;5526800
2020-05-18;51.82000;52.61000;51.67000;52.33000;2852300
2020-05-15;50.14000;51.25;49.89000;51.25;3938600
2020-05-14;49.59000;50.55000;49.057999;50.55000;3219800
2020-05-13;50.85000;50.99000;49.33000;50.0099983;4338800
2020-05-12;52.049999;52.14000;50.87000;50.88000;13806400
2020-05-11;51.54000;52.25;51.42400;51.89000;2269700
2020-05-08;51.55000;51.93000;51.25;51.86000;4640700
2020-05-07;50.73000;51.12000;50.56000;50.93000;3207200
2020-05-06;50.54000;50.63000;49.97000;49.99000;2486000
2020-05-05;50.28000;50.70000;50.029999;50.13000;2261500
2020-05-04;49.27000;49.94000;49;49.87000;3721800
2020-05-01;49.75;50.31000;49.16700;49.58000;2793500
2020-04-30;50.53000;50.85000;49.85200;50.28000;3663100
2020-04-29;49.90000;50.96000;49.80000;50.5;3551600
2020-04-28;49.56000;49.56000;48.090000;48.17000;2583000
2020-04-27;49.14000;49.30000;48.91500;49.060001;2022300
2020-04-24;47.95000;48.69000;47.5;48.66000;2693000
2020-04-23;47.94000;48.63000;47.78000;48.049999;2486900
2020-04-22;47.68000;48.060001;47.23000;47.71000;2151700
2020-04-21;47.35000;47.43600;46.12000;46.46000;4167700
2020-04-20;47.96000;48.56000;47.80000;47.97000;1948500
2020-04-17;48.60000;48.60000;47.76000;48.41000;3348400
2020-04-16;47.92000;47.92000;47.080002;47.76000;2475600
2020-04-15;47.18000;47.97000;46.98000;47.57000;1969100
2020-04-14;47.61000;48.34600;47.32000;48.020000;5554200
2020-04-13;46.45000;46.73000;45.56000;46.64000;2606200
2020-04-09;46.80000;47.060001;46.080002;46.57000;3256500
2020-04-08;45.76000;46.44000;45.29000;46.23000;2628200
2020-04-07;46.31000;46.45000;45.12000;45.26000;3694300
2020-04-06;43.73000;45.17000;43.48000;44.93000;3294700
2020-04-03;42.94000;43.11000;41.59000;42.15000;3071800
2020-04-02;42.30000;43.29000;42.24000;43.020000;4537200
2020-04-01;42.95000;43.45000;42.080002;42.48000;5481200
2020-03-31;44.31000;45.035000;43.94900;44.24000;4777200
2020-03-30;43.16000;44.47000;42.69000;44.32000;3025600
2020-03-27;43.28000;43.93500;42.59000;42.76000;3378100
2020-03-26;42.48000;44.73000;42.37000;44.54000;4691000
2020-03-25;42.66000;43.95000;41.42000;42.14000;5291400
2020-03-24;42.32000;42.80000;41.47000;42.80000;6497900
2020-03-23;40.0099983;41.17000;39.029999;40.32000;15113800
2020-03-20;42.87000;42.92000;40.049999;40.22000;10077800
2020-03-19;41.0099983;43.52000;40.20000;42.080002;14289200
2020-03-18;40.30000;41.69000;38.68000;41.34000;18094800
2020-03-17;41.80000;43.46000;40.15000;42.76000;14016600
2020-03-16;39.51000;43.69000;39.11000;40.98000;19813500
2020-03-13;45.0099983;46.25;42.63000;46.19000;7604700
2020-03-12;43.76000;45.39000;41.049999;42.38000;9472200
2020-03-11;47.69000;47.93000;46.080002;46.77000;5854600
2020-03-10;48.060001;48.89000;46.38000;48.87000;5108100
2020-03-09;46.55000;48.20000;45;46.5;6080000
2020-03-06;49.080002;50.080002;48.62000;49.82000;6736400
2020-03-05;51.44000;51.76000;50.32000;50.70000;4009100
2020-03-04;51.66000;52.65000;51.17000;52.62000;3398100
2020-03-03;52.59000;53.21000;50.48000;50.79000;9167600
2020-03-02;51.29000;52.52000;50.44000;52.52000;7324000
2020-02-28;49.20000;50.85000;49.040001;50.76000;17880300
2020-02-27;51.68000;52.41000;50.61000;50.61000;8635300
2020-02-26;53.099998;53.76100;52.40000;52.69000;6991500
2020-02-25;54.43000;54.66000;52.69000;52.79000;13048800
2020-02-24;54.40000;54.78000;53.85000;54.24000;5297200
2020-02-21;56.73000;56.82000;55.96000;56.12000;2927400
2020-02-20;57.33000;57.375;56.46000;56.99000;2939000
2020-02-19;57.53000;57.75;57.31000;57.58000;4301800
2020-02-18;56.82000;57.43500;56.81000;57.32000;2952900
2020-02-14;56.92000;57.029999;56.70500;56.94000;2111700
2020-02-13;56.54000;57.084999;56.41000;56.87000;2761600
2020-02-12;56.41000;56.94000;56.39000;56.86000;1730200
2020-02-11;56.48000;56.56000;56.060001;56.13000;1703300
2020-02-10;55.73000;56.20000;55.69000;56.19000;4420500
2020-02-07;55.72000;56.060001;55.55000;55.86000;2698600
2020-02-06;55.48000;55.99500;55.48000;55.90000;1998100
2020-02-05;55.60000;55.65000;54.92000;55.21000;3771700
2020-02-04;54.77000;55.15100;54.34000;55.12000;3504000
2020-02-03;54.35000;54.81000;54.35000;54.55000;5905700
2020-01-31;54.80000;54.80000;53.79000;53.91000;3635500
2020-01-30;54.11000;54.83000;53.97400;54.80000;3163200
2020-01-29;55.76000;55.76000;55.16000;55.36000;5983800
2020-01-28;55.17000;55.67500;54.91000;55.45000;6526600
2020-01-27;54.65000;55.029999;54.51000;54.82000;5708800
2020-01-24;56.51000;56.51000;55.43000;55.69000;3175800
2020-01-23;56.5;56.53000;56.21000;56.37000;1985600
2020-01-22;56.87000;56.90500;56.54000;56.60000;4542800
2020-01-21;56.58000;56.72600;56.34000;56.63000;3182000
2020-01-17;56.48000;56.69500;56.30000;56.68000;6103700
2020-01-16;56.049999;56.24000;55.87000;56.24000;2031600
2020-01-15;55.68000;55.92000;55.59300;55.81000;2136800
2020-01-14;55.67000;55.78500;55.47000;55.54000;2909600
2020-01-13;55.42000;55.71000;55.18000;55.68000;2854000
2020-01-10;55.59000;55.59000;55.080002;55.16000;1941800
2020-01-09;55.53000;55.55500;55.095001;55.38000;2297100
2020-01-08;54.73000;55.36500;54.66000;55.090000;4161200
2020-01-07;54.69000;54.91000;54.51000;54.70000;2642800
2020-01-06;53.61000;54.67000;53.60000;54.63000;2535900
2020-01-03;53.67000;54.20000;53.56000;53.91000;2351400
2020-01-02;53.97000;54.26000;53.74000;54.26000;6379500


### XLY
datetime;open;high;low;close;volume
2025-12-30;120.61000;120.78000;120.27000;120.36000;4180500
2025-12-29;121.56000;121.56000;120.71000;120.85000;6535400
2025-12-26;122.43000;122.78000;121.88000;122.050003;4197000
2025-12-24;122.28000;122.63000;121.93000;122.59000;2250000
2025-12-23;122.27000;122.65000;121.89000;122.17000;9766400
2025-12-22;122.36000;122.82000;122.089996;122.34000;8073400
2025-12-19;122.37000;122.42000;121.74000;121.85000;9728700
2025-12-18;122.22000;123.63000;122.080002;122.34000;11598200
2025-12-17;122.029999;122.65000;120.52000;120.52000;10597600
2025-12-16;121.66000;122.22000;121.059998;121.93000;12052000
2025-12-15;121.72000;122.40000;121.22000;121.73000;12137500
2025-12-12;120.51000;121.36000;119.66000;120.70000;7865600
2025-12-11;119.72000;120.36000;119.51000;120.18000;5863400
2025-12-10;118.12000;120.28000;118.11000;119.71000;9440800
2025-12-09;117.51000;118.49000;117.33000;117.98000;5153900
2025-12-08;119.25;119.36000;117.75;117.99000;6400100
2025-12-05;119.18000;120.089996;119.18000;119.73000;4556800
2025-12-04;119.67000;119.79500;118.39500;119.070000;11828800
2025-12-03;118.23500;119.81000;118.23500;119.49500;9369800
2025-12-02;118.58500;118.66500;117.48500;118.22000;11105800
2025-12-01;117.66000;118.96000;117.61500;118.30000;11579800
2025-11-28;117.77000;118.40000;117.77000;118.23000;4827200
2025-11-26;117.11000;117.74000;116.65000;117.5;8122200
2025-11-25;114.30000;116.89000;114.089996;116.70000;10395400
2025-11-24;113.625;114.93500;113.5;114.25500;11181800
2025-11-21;111.32000;113.84500;110.98000;112.75;19013200
2025-11-20;113.51500;114.75;110.46500;110.58000;24924400
2025-11-19;113.11500;113.11500;111.66500;112.25500;15912200
2025-11-18;113.025002;113.62000;112.074997;112.25;27057400
2025-11-17;114.84500;116.14500;113.71000;114.36000;20233600
2025-11-14;114.67500;116.51000;114.29500;115.44500;14662200
2025-11-13;118.47000;118.85500;115.79000;116;15268400
2025-11-12;120.125;120.25500;118.66500;118.97000;9314200
2025-11-11;119.27500;119.88500;118.97000;119.77500;12775400
2025-11-10;119.095001;119.67000;118.61500;119.48000;10434800
2025-11-07;117.5;118.31000;116.42500;117.93000;11502000
2025-11-06;119.875;120.035004;117.13000;117.74500;14726000
2025-11-05;119.56500;120.71500;118.64500;120.53000;11716200
2025-11-04;119.55000;120.44500;118.91500;119.080002;9312600
2025-11-03;121.20500;121.49500;120.76000;121.089996;10730800
2025-10-31;120.18500;120.63500;119.19500;119.96500;13414400
2025-10-30;117.73500;118.65500;116.86000;116.875;11853400
2025-10-29;120.59500;120.61500;118.89000;119.57500;11064000
2025-10-28;120.36000;121.45500;119.94000;120.57000;8999400
2025-10-27;120.070000;120.97500;119.81000;120.54000;7407800
2025-10-24;119.63000;119.91500;118.71000;118.83000;6481600
2025-10-23;117.66500;119.33500;117.27500;119.18500;11286800
2025-10-22;119.35000;119.43000;117.99000;118.65000;12749600
2025-10-21;118.36500;120.035004;118.30000;119.58500;8674600
2025-10-20;117.75;118.28500;117.58000;118.14000;8356400
2025-10-17;116.15000;117.49000;115.875;117.21000;11769800
2025-10-16;117.43500;117.76500;115.33500;116.21000;13036800
2025-10-15;117.71000;118.49500;116.38000;117.34500;10836000
2025-10-14;115.39000;117.84000;114.91500;117.17500;12533600
2025-10-13;115.42500;117.11000;115.23500;116.93000;10860200
2025-10-10;117.66500;118.21000;114.34000;114.375;17978200
2025-10-09;117.74500;117.78500;116.78500;117.61000;9757600
2025-10-08;118.36500;118.56000;117.17000;118.20000;7910200
2025-10-07;119.63500;119.64000;117.81000;117.85000;14624000
2025-10-06;119.72500;120.12000;118.60000;119.95000;10462800
2025-10-03;120.24500;120.44500;118.27000;118.93000;13934400
2025-10-02;121.16000;121.35000;119.625;119.70000;13191400
2025-10-01;119.61500;120.94000;119.40500;120.57000;11258000
2025-09-30;120.26500;120.375;118.88000;119.82000;12982000
2025-09-29;120.48500;120.79500;119.625;120.38000;11244600
2025-09-26;118.64500;119.92500;118.23500;119.85500;9749400
2025-09-25;119.055000;119.099998;117.57500;118.11000;11590800
2025-09-24;119.49500;120.010002;119.11500;119.80000;9862000
2025-09-23;120.36500;120.45500;118.76000;118.96000;9696400
2025-09-22;120.40000;121.010002;120.040001;120.089996;12283600
2025-09-19;120.87000;121.23500;120.47500;120.69500;12576200
2025-09-18;121.26500;121.32500;120.24000;120.24000;10819800
2025-09-17;121.010002;121.70000;119.5;120.78500;15324000
2025-09-16;120.78500;121.23000;120.42500;121.089996;8687400
2025-09-15;121.22000;121.38500;119.75500;120.35000;13760200
2025-09-12;118.51500;119.49000;118.46500;119.31500;9002800
2025-09-11;116.90500;118.78000;116.75500;118.70000;16448800
2025-09-10;118.029999;118.029999;116.13000;116.43500;16330400
2025-09-09;117.92500;117.97000;117.065002;117.84500;13340200
2025-09-08;118.16500;118.35000;117.62000;118.010002;18769200
2025-09-05;118.20000;118.93000;117.13000;117.55500;30997000
2025-09-04;116.36000;117.63500;116.21000;117.58000;24662400
2025-09-03;115.23500;116.11500;114.96000;115.47000;13839000
2025-09-02;114.40500;115.14000;114.15500;115.0049973;14705400
2025-08-29;117.070000;117.25;115.56500;115.87000;11766000
2025-08-28;117.10500;117.25500;116.34500;117.074997;8211400
2025-08-27;116.84500;117.26500;116.72500;116.875;8764400
2025-08-26;116.15000;116.88500;116.065002;116.85000;10809600
2025-08-25;116.13000;116.75;115.82500;116.31500;9851400
2025-08-22;113.67000;116.60500;113.50500;116.55000;14933800
2025-08-21;113.22500;113.41500;112.47500;113.11500;10117000
2025-08-20;115.16500;115.44000;113.089996;113.79000;15303600
2025-08-19;115;116.029999;114.66500;114.92500;11843000
2025-08-18;114.29000;115.15500;114.29000;114.98000;9293000
2025-08-15;115.39500;115.51500;114.11500;114.52000;9346800
2025-08-14;114.27000;114.98000;114.15000;114.79500;11244600
2025-08-13;113.79500;115.089996;113.67500;114.92500;12555400
2025-08-12;113.029999;113.5;112.23000;113.37000;9791400
2025-08-11;112.17000;112.75;111.99000;112.18000;9686400
2025-08-08;111.76500;112.44000;111.69500;111.89000;10108600
2025-08-07;112.010002;112.52000;110.75500;111.69500;12127600
2025-08-06;109.78000;111.78000;109.63000;111.73000;11728800
2025-08-05;109.47500;110.14500;109.13500;109.45500;11021600
2025-08-04;108.875;109.48500;108.53000;109.31500;12640200
2025-08-01;108.26500;108.65000;107.375;108.044998;22660400
2025-07-31;112.14000;112.33000;110.56500;110.71500;13728200
2025-07-30;112.47500;112.68000;110.97500;111.60000;13746000
2025-07-29;113.11000;113.13000;112.059998;112.31000;11012600
2025-07-28;112.87000;113.67000;112.51500;113.089996;11332600
2025-07-25;111.96000;112.60500;111.68000;112.43500;12268000
2025-07-24;111.76000;112.41000;111.16500;111.40000;15148400
2025-07-23;113;113.44500;112.86500;113.27500;10083200
2025-07-22;111.96500;112.95000;111.65000;112.74000;10980000
2025-07-21;111.46000;112.029999;111.375;111.61000;9807800
2025-07-18;110.66500;111.14000;110.5;111.084999;11246400
2025-07-17;109.81000;110.28500;109.625;110.11000;7742400
2025-07-16;109.72500;109.96500;108.73500;109.73500;13982600
2025-07-15;111.19500;111.46000;109.49000;109.53500;10133200
2025-07-14;110.74000;111.16000;110.42000;111.125;7292200
2025-07-11;110.39000;110.95000;109.93500;110.71500;6690400
2025-07-10;109.71000;110.95500;109.59500;110.68500;7566000
2025-07-09;109.31500;109.79000;108.90500;109.47500;4864800
2025-07-08;109.45000;109.65500;108.74500;108.83000;6855000
2025-07-07;109.095001;109.65000;108.51000;109.20000;10081600
2025-07-03;110.5;110.92000;110.21000;110.60500;6904800
2025-07-02;109.82500;110.24000;109.13000;110.0049973;12436200
2025-07-01;107.62000;109.59000;107.36000;109.13000;13085400
2025-06-30;109.26000;109.5;108.36500;108.66500;7003400
2025-06-27;108.029999;109.30500;107.79500;109.29500;8902000
2025-06-26;106.62000;107.73000;106.39000;107.50500;7543000
2025-06-25;108.13500;108.16000;106.080002;106.52500;9302000
2025-06-24;108.30500;108.34500;107.46500;107.79500;8652000
2025-06-23;105.33000;107.39500;104.85500;107.20000;12557200
2025-06-20;106.13500;106.38000;104.81000;105.34000;9704800
2025-06-18;105.375;106.34500;105.12000;105.21500;7405800
2025-06-17;106.41500;106.67500;104.97000;105.16500;8473200
2025-06-16;106.70500;107.19000;106.39500;107.010002;4764600
2025-06-13;105.49000;107;105.36500;105.87000;10292200
2025-06-12;106.76500;107.43500;106.57000;106.85500;5413800
2025-06-11;108.84500;108.88500;106.96000;107.36000;6888600
2025-06-10;107.089996;108.23500;106.96500;108.21500;8594800
2025-06-09;105.72000;107.13500;105.12000;106.93500;10596400
2025-06-06;106.24000;106.58500;105.72000;106.084999;9948800
2025-06-05;107.16000;107.71500;103.85500;104.72500;12096600
2025-06-04;107.81000;107.87000;106.65000;107.43500;7581000
2025-06-03;107.24500;108.61500;107.22000;107.72000;7855400
2025-06-02;106.59500;107.16500;105.28000;107.15000;8783800
2025-05-30;107.070000;107.81500;106.19000;106.90000;10233200
2025-05-29;108.52000;108.58500;106.93500;107.48500;8031600
2025-05-28;108.53000;108.56000;107.26000;107.44000;7542400
2025-05-27;106.51500;108.52500;106.51500;108.43500;7886800
2025-05-23;104.51000;105.80000;104.34000;105.32500;7497000
2025-05-22;105.64000;107.065002;105.36000;106.28000;8992400
2025-05-21;107.16000;107.53000;105.40000;105.82500;10325600
2025-05-20;108.78000;109.089996;107.5;108.014999;7046800
2025-05-19;107.065002;108.74000;106.84000;108.58000;6935000
2025-05-16;108.18000;108.91000;107.89000;108.83500;5973200
2025-05-15;107.035004;108.10500;106.70000;107.81500;8393000
2025-05-14;107.91500;108.59000;107.60500;108.055000;7117000
2025-05-13;106.88500;108.089996;106.53500;107.64000;11431000
2025-05-12;106.59000;106.60000;105.19500;106.23500;9569400
2025-05-09;100.98000;101.96000;100.71500;101.20500;5159600
2025-05-08;100.50500;101.76000;99.86500;100.72000;6464400
2025-05-07;98.98500;99.99000;98.625;99.54500;5359400
2025-05-06;98.43000;99.5;98.34000;98.77500;4811200
2025-05-05;99.90500;100.22500;99.31500;99.64500;4677000
2025-05-02;100.22500;101.29000;99.57000;100.71500;7457000
2025-05-01;99.125;100.47000;98.96000;99.17500;7359000
2025-04-30;97.099998;98.90500;95.81500;98.63000;5881800
2025-04-29;98.080002;99.67000;97.96500;99.53500;5136600
2025-04-28;99.18500;99.95000;97.46000;98.83500;5562000
2025-04-25;97.050003;98.86500;96.81000;98.80000;5968800
2025-04-24;95.15000;97.15000;94.91500;97.055000;5341200
2025-04-23;96.44000;97.47500;94.93500;95.16000;8957400
2025-04-22;91.26000;93.97500;91.25;93.080002;8564800
2025-04-21;91.36500;91.47500;88.98500;90.22500;9802000
2025-04-17;92.65500;93.30000;91.90000;92.70000;7623600
2025-04-16;93.54000;94.27000;90.94000;92.12000;8579600
2025-04-15;94.98000;95.77500;93.91500;94.45000;6676400
2025-04-14;96.27500;96.78500;93.86000;95.13500;7720600
2025-04-11;93.74500;95.050003;92.070000;94.86000;8266800
2025-04-10;95.41500;95.47500;90.90000;93.95000;16600400
2025-04-09;88.019997;98.074997;87.875;97.77000;29318600
2025-04-08;93.72000;94.23000;86.98000;88.17000;17407400
2025-04-07;87.92500;94.61000;86.55000;90.31500;41234000
2025-04-04;92.31000;94.67500;90.84500;91.39500;25286000
2025-04-03;96.14000;97.46500;95.065002;95.51500;13795600
2025-04-02;97.96500;102.24500;97.88000;101.65500;9356000
2025-04-01;98.60500;100.56500;98.070000;99.76000;11097400
2025-03-31;96.59500;99.065002;95.90500;98.73000;10221000
2025-03-28;101.095001;101.25500;98.22500;98.52000;9886600
2025-03-27;101.29500;103.21500;101.040001;101.68000;6736800
2025-03-26;102.74000;102.96500;101.029999;101.61500;6187000
2025-03-25;102.39000;103.019997;101.77500;102.96000;7421400
2025-03-24;99.875;102.23500;99.875;102.14500;8567600
2025-03-21;97.19500;98.78000;96.69000;98.72500;9794800
2025-03-20;97.88000;99.63000;97.80000;98.37000;8586400
2025-03-19;97.42500;99.16500;97.19000;98.60500;9831400
2025-03-18;97.58500;97.59000;96.35000;96.75;8246200
2025-03-17;98.36000;99.065002;97.65500;98.50500;6053200
2025-03-14;97.77500;98.45500;96.92500;98.35000;6295600
2025-03-13;98.61500;98.61500;95.84500;96.30000;9992800
2025-03-12;99.89500;99.99500;97.56000;98.76500;8548200
2025-03-11;99.11000;99.96000;97.19500;98.19500;14379600
2025-03-10;101.47000;101.61000;98.29000;99.16500;14412600
2025-03-07;102.39000;103.125;100.13500;102.83500;9798800
2025-03-06;104.14000;104.89500;102.57000;103.025002;9755400
2025-03-05;104.19500;105.89500;103.73500;105.70500;10128200
2025-03-04;104.18500;105.93000;102.74500;104.12000;13842600
2025-03-03;108.61000;109.18500;104.86000;105.99000;10983600
2025-02-28;106.25500;108.050003;105.83000;107.98000;7696400
2025-02-27;108.27000;108.57000;106.13000;106.21500;6799000
2025-02-26;108.94500;109.55500;107.54000;107.77000;6143600
2025-02-25;108.72500;108.97500;106.70500;108.21500;8006400
2025-02-24;109.68500;109.84500;108.33000;108.78500;5953400
2025-02-21;112.41000;112.44500;108.76000;109.19500;9043000
2025-02-20;112.81000;112.81000;111.28500;112.14500;4732400
2025-02-19;112.66000;113.18000;112.44000;113.12000;3996400
2025-02-18;113.47000;113.62000;112.46000;113.18500;7567200
2025-02-14;114.36000;114.46000;113.11000;113.5;3425600
2025-02-13;112.59500;113.66500;112.39500;113.55000;6484400
2025-02-12;111.055000;112.45000;110.76000;111.87000;7903000
2025-02-11;112.45500;112.77000;111.61500;111.89000;5538200
2025-02-10;113.24000;113.78500;112.72000;113.17500;5963800
2025-02-07;114.26000;115.13000;112.70000;112.79000;5536400
2025-02-06;114.91000;115.34500;114.33500;115.040001;6045800
2025-02-05;115.15500;115.44000;114.31500;114.58500;5902800
2025-02-04;114.62000;116.014999;114.60500;115.90000;3987000
2025-02-03;113.57000;115.044998;112.60500;114.55000;7460000
2025-01-31;116.74500;117.92500;115.86000;116.084999;5092600
2025-01-30;117.0049973;117.28500;115.72500;116.60000;5386400
2025-01-29;115.89500;116.25;115.089996;115.47000;6538000
2025-01-28;115.32500;116.12000;114.77500;115.80000;5211000
2025-01-27;113.28000;115.71000;113.27500;115.66000;7069800
2025-01-24;115.73500;115.85500;114.78500;115.0049973;3543400
2025-01-23;114.84500;115.71000;114.54000;115.71000;3888800
2025-01-22;115.20500;115.69500;114.82000;115.014999;4948800
2025-01-21;115.64500;115.75;114.18500;115.45000;6036600
2025-01-17;114.51500;115.33000;114.33000;114.61000;3884600
2025-01-16;113.44500;113.44500;112.57500;113.025002;4851800
2025-01-15;113.375;113.73500;112.59000;113.64000;6197400
2025-01-14;112.15000;112.73500;110.40500;110.82000;6762200
2025-01-13;109.57000;111.050003;109.15000;111.035004;5422000
2025-01-10;111.080002;111.27000;109.81000;110.41000;6869400
2025-01-08;111.15000;111.94500;110.59000;111.50500;5309200
2025-01-07;113.29000;113.625;110.78500;111.19000;5554000
2025-01-06;114.16000;114.24500;112.77000;113.38500;6785400
2025-01-03;111.32000;113.010002;110.76000;112.94000;6501000
2025-01-02;112.22000;112.56000;109.99500;110.70000;9166400
2024-12-31;113.64000;113.97500;111.98500;112.17500;5250800
2024-12-30;113.125;113.75500;112.31500;113.025002;5413000
2024-12-27;116.025002;116.025002;114.31500;114.87000;6097200
2024-12-26;116.98500;117.22500;116.28500;116.80000;4109600
2024-12-24;115.070000;117.25;114.97500;117.23500;2552600
2024-12-23;114.44500;114.70000;113.089996;114.58500;5922400
2024-12-20;113.019997;116.25500;112.75;114.45500;10915800
2024-12-19;115.88000;116.21000;113.48500;114.16500;13205200
2024-12-18;118.76500;120.14000;113.85500;114.32000;14405000
2024-12-17;119.88000;119.96500;118.72500;119.71500;10221000
2024-12-16;118.35500;119.42500;118.125;119.34000;6013600
2024-12-13;117.24500;117.79500;116.95000;117.74500;5382400
2024-12-12;118.20000;118.33000;117.13000;117.28000;4871800
2024-12-11;117.18500;118.30000;117.12000;118.26000;5734800
2024-12-10;116.050003;117.30000;115.83500;116.22000;7630800
2024-12-09;117.070000;117.78500;115.61500;116.029999;6513800
2024-12-06;114.93000;116.42500;114.92000;116.40000;4889200
2024-12-05;113.18500;114.51500;113.13500;114;7321000
2024-12-04;112.27500;113.18500;112.15500;113.074997;5539400
2024-12-03;111.90000;112.10500;111.43000;112.035004;7051400
2024-12-02;111.93500;112.38500;111.72500;112.12000;8134800
2024-11-29;110.26500;111.17500;110.20000;111.15000;1771400
2024-11-27;110.77000;110.92500;109.75500;110.019997;3829000
2024-11-26;110.11000;110.75500;109.93500;110.56500;3979600
2024-11-25;110.35000;111.13500;110.11000;110.16500;7360400
2024-11-22;107.81000;109.36500;107.81000;109.050003;4550600
2024-11-21;107.63500;107.77000;106.67000;107.5;5468400
2024-11-20;107.46500;107.53500;106.19000;107.31000;5979200
2024-11-19;106.71000;108.11500;106.21500;107.78500;3935800
2024-11-18;108.0049973;108.53000;107.014999;107.70500;4752200
2024-11-15;107.035004;107.55000;106.23000;106.72000;7824800
2024-11-14;109.010002;109.45000;107.55000;107.64000;4620200
2024-11-13;108.99500;109.77000;108.62000;109.19000;5883400
2024-11-12;109.45000;109.46500;107.875;108.26500;10535200
2024-11-11;109.25;110.19500;108.75500;109.73000;9210000
2024-11-08;106.040001;108.13500;105.92500;107.56000;7785800
2024-11-07;104.91500;106.48000;104.88000;106.055000;8021000
2024-11-06;103.77500;104.79500;102.95000;104.71000;9398600
2024-11-05;99.92500;101.49500;99.84000;101.46500;4424200
2024-11-04;99.625;100.52500;99.45500;99.70000;4769200
2024-11-01;100.25500;101.074997;99.95000;100.044998;7607600
2024-10-31;99.75;99.97500;98.38500;98.44500;6197400
2024-10-30;100.35500;100.80500;99.89500;99.97500;4879800
2024-10-29;99.80500;100.32500;99.49000;100.11500;4247000
2024-10-28;101.19500;101.54000;100.59500;100.64000;4102400
2024-10-25;100.27000;101.29000;100.035004;100.40500;5440000
2024-10-24;99.15000;100.22500;98.85000;100.089996;6991400
2024-10-23;97.79000;98.014999;96.51500;97.029999;4339000
2024-10-22;98.22000;98.93500;97.96000;98.58000;3157600
2024-10-21;99.53500;99.53500;98.60500;98.98000;3304800
2024-10-18;99.57500;100.019997;99.18500;99.75500;3797000
2024-10-17;99.63000;99.79000;99.035004;99.36500;3488800
2024-10-16;99.029999;99.48000;98.90000;99.45500;4607000
2024-10-15;98.75;99.58000;98.75;98.93500;6855200
2024-10-14;98.49000;98.88500;98.084999;98.72000;3566600
2024-10-11;97.71500;98.68500;97.70000;98.29000;4991600
2024-10-10;99.019997;99.24000;98.42000;98.71000;3259000
2024-10-09;98.82000;99.40000;98.39500;99.20000;5537400
2024-10-08;97.98000;98.65500;97.82000;98.49500;4733200
2024-10-07;98.35500;98.35500;97.19500;97.54500;5202000
2024-10-04;98.87000;99.31500;98.059998;99.084999;7828200
2024-10-03;98.074997;98.45500;97.39500;97.79000;7101400
2024-10-02;98.60000;99.21000;98.19500;98.93500;7482400
2024-10-01;100.125;100.21500;98.48000;99.78000;8229000
2024-09-30;100.14500;100.46500;99.22500;100.18500;4572400
2024-09-27;100.65000;100.82500;100.13000;100.42000;3441800
2024-09-26;100.73000;100.95000;99.67500;100.27000;4266400
2024-09-25;99.86000;100.059998;99.54500;99.84500;3389800
2024-09-24;99.82500;100.23000;99.23500;100.20500;4059200
2024-09-23;98.55500;99.375;98.35000;99.33500;7271200
2024-09-20;98.39500;98.49500;97.61500;98.34500;5552400
2024-09-19;98.23500;98.79000;97.91500;98.57000;5865400
2024-09-18;96.70500;98.025002;96.26000;96.375;6634600
2024-09-17;96.64500;97.52000;96.26500;96.56500;4307800
2024-09-16;96.19000;96.39500;95.55500;96.074997;3077200
2024-09-13;95.67500;96.48000;95.55500;96.24000;3926200
2024-09-12;94.52000;95.63500;94.41000;95.59000;4748600
2024-09-11;93.45000;94.65500;91.50500;94.52500;7511200
2024-09-10;92.89000;93.65000;92.33500;93.59000;9424600
2024-09-09;92.15500;92.89000;91.91000;92.53000;4297400
2024-09-06;93.74500;94.084999;91.16000;91.20000;7714000
2024-09-05;92.95000;94.20500;92.86000;93.56500;7264200
2024-09-04;92.014999;92.93500;91.89500;92.51500;10007600
2024-09-03;93.29000;93.72500;91.85000;92.27500;9876400
2024-08-30;92.51000;93.64500;92.14000;93.56000;4672200
2024-08-29;92.87000;93.26500;92.084999;92.17000;4616000
2024-08-28;92.90500;93.13500;91.32500;92.059998;5668600
2024-08-27;92.97500;93.095001;92.33000;92.96000;3328200
2024-08-26;93.84500;94.044998;92.91500;93.20500;3211000
2024-08-23;92.875;94.040001;92.86000;93.93500;6304200
2024-08-22;93.94000;94.029999;91.98500;92.15500;5709800
2024-08-21;93.36500;93.96500;93.15500;93.77500;4532200
2024-08-20;92.70000;93.15000;92.33500;92.60500;4679000
2024-08-19;91.80000;92.74000;91.71000;92.69000;4570000
2024-08-16;90.92500;91.94500;90.92500;91.56500;4767800
2024-08-15;90.21000;91.48500;90.21000;91.35000;6288000
2024-08-14;88.99000;89.26000;88.17000;88.52500;4779800
2024-08-13;87.23000;89.080002;87.059998;89;5847000
2024-08-12;87.34000;87.34000;86.29500;86.82500;4929800
2024-08-09;86.86500;87.57500;86.65000;87.17000;6379600
2024-08-08;85.79000;87.11500;85.32000;86.88000;5935200
2024-08-07;87.24500;87.40000;84.92000;85.025002;8404400
2024-08-06;86.044998;87.77000;85.25500;86.53500;9523400
2024-08-05;83.53000;86.47500;83.24000;85.59000;16391800
2024-08-02;88.46500;88.46500;87.025002;88.080002;12738400
2024-08-01;93.78500;94.065002;90.66000;91.44500;7295800
2024-07-31;93.42000;94.53000;93.21500;93.74500;4993600
2024-07-30;93.040001;93.16500;91.45000;92.31500;4281000
2024-07-29;91.92000;93.17000;91.87000;92.83000;7145600
2024-07-26;90.96000;91.78500;90.73000;91.30500;4529400
2024-07-25;90.63500;91.88000;90.019997;90.29500;10240800
2024-07-24;92.42000;92.46000;90.60500;90.65000;8200800
2024-07-23;95.30500;95.45500;94.47000;94.51500;4823600
2024-07-22;94.58500;95.27000;94.22000;94.94000;4808400
2024-07-19;94.39500;94.78000;93.52500;93.90500;3872200
2024-07-18;95.92500;96.54000;94.47000;94.75;4375200
2024-07-17;96.63000;96.875;95.55500;95.72500;5797200
2024-07-16;96.19000;97.39500;96.035004;97.35000;4123200
2024-07-15;96.28000;96.95000;95.33500;95.63500;5080200
2024-07-12;94.38500;96.55500;94.25;95.74500;5453600
2024-07-11;96.17500;96.83000;94.22500;94.51000;8996000
2024-07-10;95.22000;95.81500;94.66500;95.72500;4557800
2024-07-09;94.59000;95.61000;94.52500;95.010002;3656000
2024-07-08;94.53000;95.11000;94.43500;94.69500;3676800
2024-07-05;94.35000;94.71000;93.88000;94.65000;3996400
2024-07-03;93.61500;94.23500;93.48000;93.88500;4379600
2024-07-02;92.014999;93.30000;91.93000;93.29000;5884600
2024-07-01;91.55500;91.93500;91.035004;91.51000;6393200
2024-06-28;91.76500;92.35500;90.73500;91.20000;7914600
2024-06-27;91.875;92.23500;91.50500;92.22500;4228200
2024-06-26;90.13500;91.85000;90.014999;91.66500;5031800
2024-06-25;90.81500;90.81500;90.065002;90.35500;4712800
2024-06-24;91.32000;91.72000;90.68500;90.72000;5077800
2024-06-21;91;91.42500;90.57000;91.30500;8623200
2024-06-20;90.33500;90.76000;90.065002;90.54000;4722800
2024-06-18;90.65500;90.76500;90.12000;90.42500;4483800
2024-06-17;89.050003;90.95500;88.88500;90.73000;7353200
2024-06-14;89.74000;89.74000;88.63000;89.16500;6105600
2024-06-13;90.41500;90.59000;89.55500;89.875;5227000
2024-06-12;89.66000;90.38500;89.39000;89.80500;7957600
2024-06-11;89.074997;89.074997;88.095001;88.88000;5566000
2024-06-10;88.57000;89.20500;88.57000;89.11500;3731000
2024-06-07;88.69000;89.37000;88.66500;88.83000;4548600
2024-06-06;88.625;89.23000;88.58500;89.19500;4455600
2024-06-05;88.24000;88.55000;87.44500;88.55000;4581800
2024-06-04;87.57500;88.39500;87.54500;88.035004;5779800
2024-06-03;88.044998;88.33500;87.125;87.94500;7929000
2024-05-31;87.55500;88.0049973;86.60500;87.98500;6840400
2024-05-30;87.23500;87.74000;87.065002;87.49500;4496600
2024-05-29;86.90000;87.32000;86.90000;86.98000;4344000
2024-05-28;87.45000;87.74000;87.084999;87.55500;5344200
2024-05-24;87.49000;88.044998;87.24500;87.77000;5150200
2024-05-23;88.56500;88.56500;86.76500;86.89500;7354600
2024-05-22;89.040001;89.13000;87.96500;88.32500;6332200
2024-05-21;88.60500;89.27500;88.27000;89.25500;4375400
2024-05-20;89.14000;89.39000;88.47500;88.68500;4002000
2024-05-17;88.97500;89.36500;88.71500;89.35000;5577400
2024-05-16;89.42500;89.56000;88.86500;88.89500;6589200
2024-05-15;89.74000;89.80500;88.89500;89.47500;7182800
2024-05-14;88.79000;89.48500;88.75;89.34000;6044600
2024-05-13;89.43500;89.64000;88.625;88.93500;8142800
2024-05-10;89.60500;89.67500;88.86500;89.050003;5654400
2024-05-09;88.96500;89.75;88.76500;89.53000;5046000
2024-05-08;88.48000;89.059998;88.41500;88.92500;5763200
2024-05-07;89.84500;89.88500;89.125;89.26000;6300600
2024-05-06;89.51000;89.90500;89.25;89.90500;6229000
2024-05-03;89.47000;89.99500;88.80000;88.95500;9013000
2024-05-02;88.080002;88.53000;87.21000;88.36000;8238600
2024-05-01;87.85500;88.97000;86.81500;87.26000;14336800
2024-04-30;89.12000;89.54000;87.74000;87.81000;7218400
2024-04-29;89.76500;90.14000;89.12000;90;10308400
2024-04-26;87.47000;88.55000;87.34500;87.95500;6665800
2024-04-25;85.77500;87.35500;85.41500;87.17000;10701200
2024-04-24;87.56000;87.81500;86.47000;87.095001;8948600
2024-04-23;85.74000;86.52000;85.31500;86.27000;7889400
2024-04-22;85.059998;85.68500;84.45000;85.25500;8950200
2024-04-19;85.63000;85.82500;84.54500;84.88000;13580800
2024-04-18;86.32500;86.68000;85.39500;85.63000;9411800
2024-04-17;87.0049973;87.095001;85.81000;86.16500;12416800
2024-04-16;86.63000;87.070000;86.17500;86.58500;12870800
2024-04-15;89.20000;89.26500;87;87.080002;11136800
2024-04-12;89.31500;89.375;88.26500;88.55500;10729000
2024-04-11;89.60000;90.34000;88.85000;90.014999;8433400
2024-04-10;89.22000;89.66000;88.88000;89.29500;10806000
2024-04-09;90.71500;90.74500;89.94000;90.69500;8559800
2024-04-08;89.95000;90.56500;89.88000;90.27000;8295800
2024-04-05;89.22000;90;89.035004;89.42000;10081800
2024-04-04;90.66000;91;88.91500;88.92500;9650600
2024-04-03;89.41000;90.29500;89.41000;89.98000;10165200
2024-04-02;89.79000;89.96000;89.51000;89.91500;12270400
2024-04-01;92.044998;92.14500;90.92500;91.26000;9941800
2024-03-28;92.11500;92.38500;91.91500;91.94500;5958200
2024-03-27;91.88500;92.24000;91.43500;92.23000;5812000
2024-03-26;91.64500;92.025002;91.11500;91.17500;5387800
2024-03-25;91.0049973;91.53000;91.0049973;91.059998;5664600
2024-03-22;91.20500;91.60500;91.014999;91.36000;5718600
2024-03-21;92.27000;92.61000;92.12000;92.16500;7146400
2024-03-20;90.46000;91.64500;90.38500;91.63000;8497400
2024-03-19;89.49000;90.33000;89.36500;90.28500;7624200
2024-03-18;89.72500;89.93500;89.099998;89.51000;8512800
2024-03-15;89.31500;89.92000;88.78500;89.025002;9868800
2024-03-14;90.60000;90.69000;89.43500;89.92000;10810400
2024-03-13;90.46000;91.065002;90.35500;90.49500;5717000
2024-03-12;90.21000;91.035004;89.60500;90.68500;7906400
2024-03-11;89.90500;90.26500;89.68500;89.91000;8306400
2024-03-08;90.70000;91.065002;89.85500;90.15500;12463600
2024-03-07;90.050003;90.86000;90.029999;90.49000;6713400
2024-03-06;90.48000;90.72000;89.55000;89.80500;9299600
2024-03-05;90.67500;90.84000;89.81500;90.125;12941800
2024-03-04;92.055000;92.36500;91.23500;91.26000;11336800
2024-03-01;92.125;92.64500;91.65500;92.51000;11065800
2024-02-29;91.91000;92.42000;91.44000;92.20500;8270400
2024-02-28;91.074997;92.019997;91.025002;91.58500;7408800
2024-02-27;91.33500;91.65000;90.88500;91.22500;5852400
2024-02-26;90.91000;91.36500;90.78500;90.92500;7051600
2024-02-23;90.70000;91.10500;90.5;90.64500;7575800
2024-02-22;90.12000;91.20000;89.96000;91.055000;8800000
2024-02-21;88.95500;89.74000;88.73500;89.32000;8886200
2024-02-20;88.69000;89.0049973;88.10500;88.66500;8756400
2024-02-16;89.65500;90.035004;88.96000;89.51000;8512200
2024-02-15;89.19500;90.050003;88.96000;90.044998;10567600
2024-02-14;88.42000;89.055000;87.93500;89.014999;11561000
2024-02-13;88.065002;88.58500;87.61500;88.084999;14801400
2024-02-12;89.98000;90.44000;89.70500;89.875;6040200
2024-02-09;89.24000;90.095001;89.035004;89.95000;9584800
2024-02-08;88.98500;89.37000;88.81500;89.31500;8100000
2024-02-07;88.43000;89.25500;88.22000;88.92500;7796400
2024-02-06;87.035004;87.96000;87.035004;87.94000;9373600
2024-02-05;87.75;87.75;86.38000;87.41000;13346200
2024-02-02;87.70000;89.019997;87.28000;88.66000;20763800
2024-02-01;85.86000;87.13000;85.56000;87.10500;14682200
2024-01-31;86.49000;86.95500;85.38500;85.46000;13663800
2024-01-30;87.24000;87.46000;86.88000;87.044998;6274400
2024-01-29;86.014999;87.11000;85.86500;87.095001;7381200
2024-01-26;85.81500;86.27500;85.51500;85.84000;6977800
2024-01-25;85.70500;85.77500;84.86000;85.45000;11092800
2024-01-24;87.42500;87.51500;86.45500;86.52000;8622200
2024-01-23;87.14500;87.43500;86.41000;86.85000;7107200
2024-01-22;87.63500;87.88500;86.67000;87.059998;11184200
2024-01-19;86.74500;87.62000;86.22500;87.44500;9782800
2024-01-18;86.53000;86.71500;85.66000;86.61000;9926000
2024-01-17;85.96500;86.15000;85.48000;86.12000;7961800
2024-01-16;86.45500;87.22000;86.20000;86.88000;8976200
2024-01-12;87.67500;88.074997;86.81500;86.98000;7444400
2024-01-11;88.055000;88.33500;87.12000;88.040001;8592000
2024-01-10;87.59000;88.37000;87.57000;88.15500;7624400
2024-01-09;87.14000;87.58000;86.91500;87.45500;8330000
2024-01-08;86.46000;87.88000;86.44000;87.78000;8142600
2024-01-05;85.95500;87.014999;85.92000;86.31000;12084400
2024-01-04;86.43500;87.24500;86.14500;86.17500;11915000
2024-01-03;87.98500;88.029999;86.75;86.78500;15522800
2024-01-02;89.125;89.16500;88.23500;88.57500;15369600
2023-12-29;89.99500;90.14500;89.099998;89.40500;8268600
2023-12-28;90.56000;90.73000;89.89000;89.96000;5608800
2023-12-27;90.23500;90.66500;90.19000;90.43000;7495800
2023-12-26;89.94000;90.23500;89.76500;90.12000;5480800
2023-12-22;90.044998;90.43000;89.37000;89.74000;8522800
2023-12-21;89.99000;90.43500;89.48500;90.40500;7855000
2023-12-20;90.30000;91.095001;89.029999;89.050003;8621600
2023-12-19;90.30500;90.94000;90.28500;90.70500;7194000
2023-12-18;89.73000;90.28500;89.55000;90;7719400
2023-12-15;89.44000;89.82500;89.14500;89.60500;11258200
2023-12-14;89.0049973;89.77500;88.66500;89.42000;15288800
2023-12-13;87.065002;88.33000;86.38500;88.23500;10898400
2023-12-12;86.73000;87.15500;86.38500;87.095001;7411400
2023-12-11;86.49500;86.93500;86.23000;86.82500;18892400
2023-12-08;85.76500;86.76000;85.70000;86.59500;8096400
2023-12-07;85.84000;86.35500;85.56500;86.20000;7380200
2023-12-06;86.010002;86.43000;85.43000;85.49500;12228000
2023-12-05;84.76000;86.21500;84.69000;85.37000;7822600
2023-12-04;84.92500;85.59000;84.72000;85.22000;18477600
2023-12-01;84.029999;85.57000;83.86500;85.54500;14955800
2023-11-30;84.51000;84.54500;83.73000;84.39000;13023000
2023-11-29;85.37000;85.80000;84.45000;84.51000;7659400
2023-11-28;84.15500;84.78500;83.69500;84.74000;11974000
2023-11-27;84.17000;84.69500;83.81000;84.25500;7299600
2023-11-24;83.98500;84.26500;83.84000;84.12000;3483000
2023-11-22;84.14500;84.68500;83.71000;84.040001;8963400
2023-11-21;83.375;83.87000;83.10500;83.78500;7603600
2023-11-20;83.55000;84.18000;83.29500;84;9285000
2023-11-17;83.29500;83.79500;82.77500;83.57000;8921000
2023-11-16;83.15000;83.73000;82.65000;83.014999;12287400
2023-11-15;84.18500;84.57500;83.61000;83.875;12388800
2023-11-14;83.070000;84.035004;82.95000;83.77500;15258400
2023-11-13;80.34500;81.32000;79.98500;81.044998;9880000
2023-11-10;79.48000;80.73000;79.074997;80.70000;10312200
2023-11-09;80.78000;80.88000;79.099998;79.38000;11497200
2023-11-08;81.13000;81.27000;80.41000;80.89000;8334600
2023-11-07;80.35500;81.20500;80.19000;81.10500;8773600
2023-11-06;80.41000;80.68000;79.66000;80.21000;11280600
2023-11-03;79.65000;80.54000;79.625;80.11000;13727200
2023-11-02;78.33000;79.044998;78.084999;79;20069600
2023-11-01;76.49500;77.040001;75.89500;76.99000;21669800
2023-10-31;75.51500;76.28500;75.21500;76.050003;10168600
2023-10-30;75.65500;75.95500;74.82000;75.48000;13858000
2023-10-27;75.31000;75.94500;74.55000;74.79500;15226600
2023-10-26;75.11500;75.52500;73.91500;74.019997;16921600
2023-10-25;76.14500;76.27500;75.11000;75.19500;11201000
2023-10-24;76.51500;77.23500;76.18500;76.74500;9960400
2023-10-23;75.54000;76.89500;74.73500;75.93500;15707200
2023-10-20;76.86000;76.90000;75.80500;75.84500;13357800
2023-10-19;78.38000;78.74000;76.67500;77.040001;21134800
2023-10-18;80.34500;80.47000;78.90500;79.059998;10414600
2023-10-17;80.035004;81.36000;79.88500;80.96000;13419800
2023-10-16;79.91500;81.029999;79.71500;80.77000;11071400
2023-10-13;80.79000;80.91500;79.26500;79.48500;11327000
2023-10-12;81.57500;81.72000;80.12000;80.67000;9181200
2023-10-11;81.60000;81.99500;80.84000;81.56000;7974400
2023-10-10;80.51500;82.040001;80.48000;81.27000;13458600
2023-10-09;79.33500;80.55000;78.83000;80.39000;10496000
2023-10-06;78.90500;80.61500;78.47000;80.30500;15265000
2023-10-05;80.035004;80.25;79.11500;79.74500;13922000
2023-10-04;78.98000;80.32000;78.96000;80.14500;15340600
2023-10-03;79.93500;80.019997;78.32000;78.59500;14613800
2023-10-02;80.010002;81.21000;79.81500;80.55500;14663600
2023-09-29;81.23000;81.54000;80.044998;80.49000;13116600
2023-09-28;78.89000;80.29500;78.69000;80.065002;10291800
2023-09-27;79.69500;79.95500;78.37000;79.18000;12485000
2023-09-26;80.22500;80.72000;79.31000;79.48500;11667000
2023-09-25;80.13500;81.13000;79.93500;80.96000;9486800
2023-09-22;81.76000;81.93000;80.39500;80.46500;14209400
2023-09-21;82.49000;82.53500;81.25;81.26500;12236000
2023-09-20;84.66000;85.14500;83.54000;83.54500;8857400
2023-09-19;84.37000;84.55000;83.61000;84.38500;8324000
2023-09-18;85.5;85.60000;84.69500;84.81000;7442400
2023-09-15;86.99000;87.11000;85.70000;85.89500;11981600
2023-09-14;86.82500;87.61500;86.42000;87.39000;9777000
2023-09-13;86.13000;86.78500;85.84500;86.54000;7984800
2023-09-12;86.33500;86.91500;85.86000;85.86000;9908200
2023-09-11;85.63000;86.78000;85.59000;86.64500;10648600
2023-09-08;84.26000;84.95000;84.14000;84.375;5709400
2023-09-07;83.25;84.47500;83.035004;84.375;10439400
2023-09-06;84.45000;84.58000;83.53000;84.14000;11155000
2023-09-05;84.68500;85.095001;84.19500;84.89500;9426200
2023-09-01;85.84000;86.059998;84.34000;84.83500;10618400
2023-08-31;85.14500;85.82000;85.025002;85.35500;7872600
2023-08-30;84.57000;85.41000;84.36000;85.089996;7289000
2023-08-29;82.64000;84.76000;82.64000;84.72500;8913800
2023-08-28;82.86000;82.94500;82.16500;82.66000;5962800
2023-08-25;81.78500;82.57000;81.050003;82.33000;10093000
2023-08-24;83.19000;83.30000;81.39500;81.42000;7949000
2023-08-23;82.0049973;83.28500;81.92500;83.044998;7728600
2023-08-22;82.90000;83.065002;82.074997;82.38500;8006600
2023-08-21;81.80500;82.39500;81.34000;82.26500;6645200
2023-08-18;80.63500;81.54500;80.46500;81.33000;8249000
2023-08-17;83.15500;83.23500;81.46500;81.51500;8709200
2023-08-16;83.60000;84.15000;82.89500;82.92000;6715400
2023-08-15;84.80500;85.18000;83.83500;83.96000;6628600
2023-08-14;84.34000;85.13000;84.17500;85.12000;5639400
2023-08-11;84.57500;85.11500;84.23500;84.86000;6302200
2023-08-10;85.58500;86.45500;84.74000;85.15000;8723000
2023-08-09;86.084999;86.089996;84.80000;84.94500;9045000
2023-08-08;85.78000;86.095001;85.13000;85.96500;7255400
2023-08-07;86.074997;86.67000;85.35500;86.65500;7369000
2023-08-04;86.92500;87.31000;85.67500;85.77500;13507200
2023-08-03;83.86500;84.75500;83.66500;84.54500;8049600
2023-08-02;84.89000;85.19500;84.17000;84.34500;9707000
2023-08-01;86.43500;86.55500;85.82500;85.88500;6900200
2023-07-31;86.59500;86.88000;86.31000;86.87000;6943600
2023-07-28;85.86500;86.61000;85.59500;86.38000;7943000
2023-07-27;86.69500;86.86000;84.77500;84.94000;9464000
2023-07-26;85.31000;86.20500;85.23000;85.83000;8834600
2023-07-25;86.010002;86.18500;85.63000;85.85000;6483600
2023-07-24;85.37000;86.18500;85.010002;86.050003;9651200
2023-07-21;86.23500;86.25500;85.12000;85.49000;10484000
2023-07-20;87.47000;87.59000;85.35000;85.47000;19470600
2023-07-19;88.40000;88.90000;88.31000;88.48500;13090400
2023-07-18;87.5;88.38000;87.24000;88.17500;9365200
2023-07-17;87.51000;88.025002;87.42000;87.81500;8363400
2023-07-14;87.23000;87.84500;87.074997;87.46000;7919800
2023-07-13;87.23000;87.45000;86.62000;87.23500;7390000
2023-07-12;86.82000;86.93500;86.22500;86.42500;10131800
2023-07-11;85.18000;85.80000;85.10500;85.65500;9633200
2023-07-10;84.75;85.010002;84.22000;84.94500;10638800
2023-07-07;84.625;85.52500;84.47000;84.68500;10563600
2023-07-06;84.88000;85.040001;84.18500;84.58000;11474400
2023-07-05;85.79500;86.099998;85.45500;85.96500;14528600
2023-07-03;85.75500;86.40500;85.75500;85.93000;9303200
2023-06-30;84.54500;85.17500;84.33000;84.90500;9479000
2023-06-29;83.89500;84.095001;83.34000;83.84000;7752600
2023-06-28;83.20000;84.35500;83.13000;83.75;8715400
2023-06-27;82.14500;83.53000;82.040001;83.42000;10957000
2023-06-26;82.22000;83.40500;81.63000;81.66500;8673400
2023-06-23;82.71000;83.48000;82.38500;82.72500;11690400
2023-06-22;82.13000;83.71500;82.035004;83.69500;10753000
2023-06-21;83.61500;83.82000;82.5;82.64000;10916000
2023-06-20;82.84500;83.74000;82.59000;83.64500;10973400
2023-06-16;83.90500;83.93500;83.13500;83.19000;13295000
2023-06-15;82.035004;83.60500;81.89000;83.31500;10713600
2023-06-14;82.98000;83.21500;81.67000;82.77500;13420200
2023-06-13;82.64000;82.89000;81.97500;82.83500;10836400
2023-06-12;81.095001;82.095001;80.85500;81.98500;9410800
2023-06-09;81.010002;81.67500;80.41000;80.60000;11579000
2023-06-08;79.14000;80.32500;79.089996;80.18500;6720000
2023-06-07;80.11500;80.38500;78.86500;79.014999;9206400
2023-06-06;78.59000;79.66500;78.54000;79.55500;9799200
2023-06-05;78.48500;79;78.27500;78.73500;7854800
2023-06-02;77.61500;78.79500;77.57000;78.5;10824600
2023-06-01;75.74000;77.074997;75.21500;76.70000;10168800
2023-05-31;75.99000;76.14500;74.75500;75.80500;12489800
2023-05-30;76.81500;77.074997;76;76.49500;10981400
2023-05-26;74.41500;76.53500;74.29000;75.98500;10410200
2023-05-25;74.80500;74.90000;73.99000;74.24000;7997800
2023-05-24;74.69000;74.97000;73.99500;74.57500;6952400
2023-05-23;74.96000;75.92000;74.70000;74.85000;8583200
2023-05-22;75.81000;76.035004;75.28000;75.54000;7120000
2023-05-19;76.23000;76.27000;75.39500;75.77500;7150200
2023-05-18;75.41000;76.44500;75.40000;76.41500;8606600
2023-05-17;74.17500;75.32500;74.16000;75.24500;9331800
2023-05-16;73.50500;74.37000;73.40000;73.71000;6948800
2023-05-15;74;74.16000;73.36500;74.010002;6412000
2023-05-12;74.80000;74.99500;73.47500;73.91500;7557800
2023-05-11;74.24500;74.64000;73.96500;74.54500;8288600
2023-05-10;74.50500;74.88500;73.35000;74.20000;9028000
2023-05-09;73.44000;73.88000;73.32000;73.82500;8465000
2023-05-08;73.82000;73.875;73.35500;73.84500;6850000
2023-05-05;72.81500;73.73500;72.68500;73.59500;7371800
2023-05-04;72.70500;73.019997;72.019997;72.13500;10663000
2023-05-03;72.97000;73.94500;72.64000;72.69500;8512000
2023-05-02;73.089996;73.43500;72.38500;73.27500;9217200
2023-05-01;73.75;73.91000;73.095001;73.20000;8547800
2023-04-28;73.39500;74.029999;72.71000;73.93000;8271000
2023-04-27;72.35000;73.82500;72.30000;73.74000;9630800
2023-04-26;72.58000;72.81500;71.70000;71.84500;7706000
2023-04-25;73.19000;73.32000;72.20500;72.21500;8494400
2023-04-24;73.79500;74.23000;73;73.67500;7750000
2023-04-21;73.47500;73.98000;72.91000;73.68500;8870200
2023-04-20;72.80500;73.50500;72.47000;72.88000;8287000
2023-04-19;73.40000;74.44500;73.33000;74.019997;7600400
2023-04-18;74.34000;74.51000;73.77000;74.089996;9058800
2023-04-17;73.63500;74.13000;73.26500;73.97000;9102400
2023-04-14;73.19000;73.90000;72.84000;73.45000;10801600
2023-04-13;72.29000;73.42000;72.055000;73.35500;13140000
2023-04-12;73.50500;73.53000;71.69000;71.77000;9062600
2023-04-11;72.82500;73.31000;72.57000;72.90000;8808000
2023-04-10;71.72500;72.81000;71.29500;72.78500;7276800
2023-04-06;72.11500;72.59500;71.44500;72.46500;7636200
2023-04-05;73.65500;73.68000;72.29500;72.45000;8861600
2023-04-04;74.33000;74.5;73.32000;73.96500;9383000
2023-04-03;74.095001;74.44500;73.57000;74.084999;11338400
2023-03-31;73.29000;74.81500;73.18500;74.77000;10453800
2023-03-30;72.88500;73.19000;72.53500;72.82500;6478400
2023-03-29;71.62000;72.22000;71.37000;72.19500;7725400
2023-03-28;70.91500;71.10500;70.37000;70.85000;5719600
2023-03-27;71.47000;71.73500;70.64000;70.93500;8414400
2023-03-24;70.85500;70.91500;69.89000;70.79000;9434600
2023-03-23;71.95500;72.48000;70.31500;71.019997;12255600
2023-03-22;72.75;73.28000;71.065002;71.095001;10983600
2023-03-21;71.67500;72.82500;71.64500;72.71500;12776800
2023-03-20;70.37000;71.19500;69.875;70.76000;11729600
2023-03-17;71.56500;71.61000;70.095001;70.67000;16880000
2023-03-16;69.875;71.89000;69.82000;71.58500;21495600
2023-03-15;69.375;70.35500;68.99500;70.31500;18002800
2023-03-14;70.18500;70.62000;69.54000;70.42000;15038200
2023-03-13;68.080002;70.13000;67.85500;69.24500;23628200
2023-03-10;70.025002;70.75;68.86500;69.099998;29058600
2023-03-09;71.375;72.11500;69.73500;69.79500;13337400
2023-03-08;71.5;71.65000;70.76500;71.5;10816600
2023-03-07;72.51000;72.87000;71.59500;71.63000;11941800
2023-03-06;73.34000;73.59500;72.59500;72.62000;9854400
2023-03-03;72.24000;73.28000;72.074997;73.15500;10035200
2023-03-02;70.70500;71.72500;70.51500;71.61500;10982800
2023-03-01;72.51000;72.75;71.43500;71.85500;12688800
2023-02-28;72.77500;73.30500;72.48500;72.77000;11185000
2023-02-27;72.74500;73.36500;72.52000;72.82000;11244400
2023-02-24;71.72500;72.070000;71.34000;71.93000;11914600
2023-02-23;73.39500;73.49000;71.84500;73.080002;10568600
2023-02-22;72.93500;73.62000;72.61000;73.14000;9928400
2023-02-21;74.16000;74.36000;72.75;72.77000;8837200
2023-02-17;74.84000;75.32000;74.019997;75.28500;7480200
2023-02-16;75.77000;76.84500;75.25500;75.27000;11257600
2023-02-15;75.84500;76.96500;75.55000;76.95000;6820200
2023-02-14;74.63000;76.26500;74.16500;76.059998;8722600
2023-02-13;74.070000;75.19500;73.57000;75.16000;6721400
2023-02-10;74.30000;74.65500;73.47500;74.074997;6433000
2023-02-09;76.095001;76.59500;74.58500;74.95500;8316200
2023-02-08;75.49000;75.67500;74.57500;75.095001;11128000
2023-02-07;75.23500;75.93000;73.83000;75.74000;9833200
2023-02-06;75.39000;76.025002;74.93500;75.56500;8770000
2023-02-03;75.74000;77.47500;75.34000;75.67500;13593800
2023-02-02;77.40500;79.014999;77.050003;78.080002;14039600
2023-02-01;74.15500;76.35500;73.39000;75.76000;13913800
2023-01-31;72.76500;74.35000;72.76500;74.35000;6975600
2023-01-30;73.39000;73.875;72.625;72.68500;9578400
2023-01-27;72.36500;74.51500;72.35000;73.94500;10945200
2023-01-26;72.11000;72.51500;71.39500;72.30500;9641200
2023-01-25;69.42500;70.95000;68.90000;70.85500;7540400
2023-01-24;70.33000;70.83000;69.875;70.49500;6373000
2023-01-23;69.67500;70.84000;69.27000;70.57500;9168000
2023-01-20;67.99500;69.53000;67.66000;69.49000;7502600
2023-01-19;68.48500;68.70000;67.49500;67.84500;12957200
2023-01-18;70.61000;71.014999;68.96000;68.99000;9596800
2023-01-17;70.055000;70.46000;69.70000;69.90000;7499800
2023-01-13;68.13000;69.91500;68.035004;69.85000;7969400
2023-01-12;69.51500;69.59500;68.089996;69.20000;9572200
2023-01-11;67.84500;69.089996;67.78500;69.084999;12708000
2023-01-10;66.47000;67.28000;66.11000;67.27000;8830800
2023-01-09;66.83500;67.51500;66.38500;66.43500;9387800
2023-01-06;64.34000;66.29000;63.88500;66.035004;9239400
2023-01-05;64.67000;64.95000;64.084999;64.52000;7776200
2023-01-04;64.79500;65.60500;63.98000;65.125;8079600
2023-01-03;64.96500;65.15000;63.41500;64.19500;9567000
2022-12-30;64.11500;64.59500;63.84000;64.58000;7531000
2022-12-29;64.035004;64.90000;63.78500;64.75500;7492200
2022-12-28;63.69500;64.31500;63;63.13000;10073800
2022-12-27;64.41500;64.53500;63.625;63.66500;8536000
2022-12-23;64.10500;64.89500;63.67000;64.71500;6550800
2022-12-22;65.22500;65.27000;63.31500;64.27500;12894200
2022-12-21;65.72500;66.33500;65.47500;65.97000;10670200
2022-12-20;65.29500;65.84000;64.84500;64.93500;7710200
2022-12-19;66.76000;66.90000;65.44000;65.70000;8675800
2022-12-16;67.84000;68.10500;66.60500;66.95500;13371800
2022-12-15;68.29500;68.625;67.72500;68.23000;11947800
2022-12-14;69.74500;70.32000;68.59000;69.37000;10903800
2022-12-13;72.21000;72.66000;69.13500;69.89000;10744000
2022-12-12;69.57000;69.89000;69.11500;69.89000;6545600
2022-12-09;69.59500;70.41000;69.48500;69.71500;7218400
2022-12-08;69.46500;70.28500;69.13500;70.019997;6407000
2022-12-07;69.29500;70.089996;69.080002;69.35000;10852600
2022-12-06;70.67000;70.97500;69.16500;69.77000;7899800
2022-12-05;72.010002;72.23500;70.68500;70.875;11580000
2022-12-02;72.044998;73.20000;72.029999;72.98000;11972400
2022-12-01;73.35500;73.66000;72.52000;73.074997;9654000
2022-11-30;70.68500;73.11000;70.23000;73.084999;16408600
2022-11-29;70.94000;71.20000;70.38000;70.65000;10423000
2022-11-28;70.93000;71.67000;70.72000;70.875;6041000
2022-11-25;71.31000;71.51500;70.94000;71.31500;2728400
2022-11-23;70.51000;71.42500;70.36500;71.27500;6177000
2022-11-22;69.75;70.29500;69.27000;70.26000;5520800
2022-11-21;70.099998;70.30000;69.099998;69.47500;6752800
2022-11-18;71.31000;71.33500;69.68000;70.49500;7414000
2022-11-17;70.23500;70.70000;69.74000;70.40000;7565000
2022-11-16;71.040001;71.85500;70.74500;71.26500;9573600
2022-11-15;73.089996;73.48000;71.57000;72.37000;8739400
2022-11-14;71.91500;72.55000;71.32000;71.39500;15841000
2022-11-11;70.95000;72.94500;70.73500;72.54500;11350400
2022-11-10;69.33000;70.92500;68.60000;70.84500;15516000
2022-11-09;67.74000;68.055000;65.95000;66.019997;10155400
2022-11-08;68.35000;68.91500;67.16000;68.099998;9535600
2022-11-07;69.16500;69.22500;67.60000;68.27000;7424600
2022-11-04;69.79500;70.48000;67.45500;68.75;12628800
2022-11-03;68.099998;68.96500;67.73000;68.18000;11117400
2022-11-02;71.21500;71.63000;68.57000;68.59000;19853200
2022-11-01;73.24000;73.45000;71.14500;71.28500;12514600
2022-10-31;72.095001;72.56000;71.40500;72.014999;9367400
2022-10-28;70.47000;72.58000;69.96500;72.48000;14082600
2022-10-27;73.050003;73.51500;72.16000;72.41500;12722200
2022-10-26;72.40000;74.16000;72.20000;72.69500;6864600
2022-10-25;71.53000;73.48500;71.53000;73.28500;7455000
2022-10-24;70.875;71.80000;69.61000;71.49500;9081200
2022-10-21;69.10500;71.26500;68.72500;71.20000;15575800
2022-10-20;69.59000;70.89000;68.95500;69.18500;10195200
2022-10-19;70.77000;71.23000;69.80500;70.55000;7144800
2022-10-18;72.57500;72.78500;70.65500;71.35000;10368000
2022-10-17;69.080002;70.57000;69.050003;70.38000;13131000
2022-10-14;70.96000;71.33000;67.52500;67.63500;13421400
2022-10-13;67.42000;70.65500;66.77500;70.26000;19564200
2022-10-12;69.32500;70.035004;68.76500;69.5;19440000
2022-10-11;69.54500;70.73500;68.86000;69.32000;12003400
2022-10-10;70.43000;70.63000;69.20000;69.89000;9728400
2022-10-07;71.75;71.91000;69.91500;70.32500;11195400
2022-10-06;73.19500;73.91500;72.51500;72.83000;14429000
2022-10-05;72.61500;73.83500;71.84000;73.35000;12541200
2022-10-04;73.065002;74.50500;72.85500;73.78500;19663800
2022-10-03;71.16000;71.95500;70.099998;71.29500;17291600
2022-09-30;71.80500;73.27000;71.014999;71.22500;12232400
2022-09-29;74.065002;74.16500;71.95500;72.65500;12313600
2022-09-28;73.58500;75.65000;73.21500;75.25500;13861400
2022-09-27;74.12000;74.87000;72.48500;73.27500;14563400
2022-09-26;72.91000;74.63500;72.90000;73.044998;12839600
2022-09-23;73.94000;74.059998;72.27500;73.21000;11213000
2022-09-22;76.31500;76.59000;74.55000;74.93500;11338800
2022-09-21;78.78500;79.51500;76.69000;76.70500;10222400
2022-09-20;79.095001;79.39500;77.90500;78.56500;9142000
2022-09-19;78.13000;79.93500;78.080002;79.92000;10028600
2022-09-16;78.41000;79.10500;77.84500;78.97000;17364200
2022-09-15;79.91500;81.22000;79.22000;79.61000;11364000
2022-09-14;79.28000;80.35500;78.88000;80.019997;14924800
2022-09-13;80.64500;81.040001;78.78500;79.0049973;13350800
2022-09-12;82.69500;83.59500;82.69500;83.30000;8791600
2022-09-09;81.095001;82.375;81.095001;82.24000;8950800
2022-09-08;79.14500;80.77000;78.89500;80.71000;9391400
2022-09-07;77.5;80.074997;77.5;79.96500;12633200
2022-09-06;78.084999;78.27000;76.42500;77.58500;17922000
2022-09-02;79.25;79.59500;77.30000;77.74500;16482600
2022-09-01;77.24500;78.53000;76.46500;78.46500;11943800
2022-08-31;78.93500;79.17500;77.73500;77.75500;8862800
2022-08-30;80.084999;80.26500;77.74000;78.53000;7334400
2022-08-29;78.73000;80.080002;78.73000;79.41500;7051400
2022-08-26;83.15000;83.42500;79.82000;79.84000;7893800
2022-08-25;82.53000;83.099998;81.91000;83;6090000
2022-08-24;81.50500;82.84000;81.30500;82.019997;6664000
2022-08-23;81.50500;82.27500;81.24000;81.67000;8787000
2022-08-22;82.49500;82.49500;81.26500;81.44000;8369400
2022-08-19;84.78000;84.89000;83.48500;83.76500;7149600
2022-08-18;85.45500;85.72500;84.98000;85.53000;5669000
2022-08-17;85.53500;86.44500;84.99500;85.55500;7495400
2022-08-16;85.67500;87.38000;85.42000;86.48500;7224600
2022-08-15;84.74000;85.81000;84.63500;85.54000;7714800
2022-08-12;83.67500;84.98000;82.95500;84.95500;5897800
2022-08-11;84.23500;84.625;82.81500;83.074997;7822000
2022-08-10;83.58000;83.85000;82.57000;83.5;7246800
2022-08-09;82.025002;82.29000;80.73000;81.21000;6639400
2022-08-08;83.010002;84.29000;82.21000;82.52500;7294000
2022-08-05;82.64500;83.37000;81.73000;82.15500;8788200
2022-08-04;83.44500;83.93000;82.96500;83.58000;9827600
2022-08-03;82.15000;83.62000;81.83500;83.24000;12027600
2022-08-02;81.31000;82.69000;80.99000;81.26000;13815400
2022-08-01;81.43000;82.99500;81.029999;81.82000;17921800
2022-07-29;80.16500;81.74000;79.625;81.41500;13605400
2022-07-28;77.5;78.50500;76.28500;78.375;11074600
2022-07-27;75.36500;77.45000;75.0049973;77.050003;10402600
2022-07-26;74.96000;75.30000;74.10500;74.24000;8196400
2022-07-25;77.44000;77.48000;76.24000;76.71000;9123400
2022-07-22;78.32000;78.90000;76.90000;77.375;7794600
2022-07-21;76.36000;77.875;75.92500;77.82500;10763200
2022-07-20;75;76.23000;74.81000;76.084999;9340400
2022-07-19;73.69500;74.97000;73.070000;74.85500;8840000
2022-07-18;73.41000;74.28500;72.35000;72.63000;8042600
2022-07-15;72.16500;72.75;71.72000;72.42000;7519600
2022-07-14;70.54500;71.39000;69.68500;71.27000;10515200
2022-07-13;69.35000;71.96000;69.070000;71.33000;14236200
2022-07-12;71.18000;72.29500;70.29500;70.75;14874400
2022-07-11;72.72000;72.92000;71.0049973;71.18000;7615200
2022-07-08;72.57000;73.72500;72.23500;73.18500;6196600
2022-07-07;71.52000;73.31500;71.51000;73.17500;8559000
2022-07-06;71.44500;72.074997;70.52500;71.33500;15889800
2022-07-05;69;71.61500;68.51500;71.57000;11515800
2022-07-01;68.85000;70.095001;68.58500;70.0049973;11335400
2022-06-30;68.85500;69.60500;67.38000;68.74000;12569200
2022-06-29;69.78500;70.24500;69.014999;69.76500;11919200
2022-06-28;72.89500;73.76000;69.79500;69.82000;11367800
2022-06-27;73.85500;74.23500;72.49000;72.72500;14574200
2022-06-24;71.30000;73.52000;70.96500;73.49500;13404600
2022-06-23;70.19500;70.98500;69.23500;70.79500;11777400
2022-06-22;68.84500;71.11500;68.84500;69.70000;12021800
2022-06-21;69.23500;70.61500;69.11000;69.83500;12856600
2022-06-17;67.32500;68.64000;67.084999;68.050003;22390000
2022-06-16;68.78000;68.86000;66.52000;67.31500;24019400
2022-06-15;69.33000;71.57500;69.21000;70.78000;18120800
2022-06-14;69.25;69.76000;68.23500;68.84500;13355400
2022-06-13;69.72500;70.47500;68.38000;68.90000;20171800
2022-06-10;73.68000;74.14500;72.010002;72.23500;13439000
2022-06-09;76.66500;77.49000;75.23000;75.23500;7728400
2022-06-08;76.68000;77.74500;76.42000;76.62000;8810200
2022-06-07;75.69000;77.30000;75.25500;77.074997;9637200
2022-06-06;77.86000;78.25500;76.79500;77.26500;10234800
2022-06-03;77.19500;77.75;76.24000;76.5;10714200
2022-06-02;76.54000;78.85000;76.22500;78.80500;11625600
2022-06-01;77.68500;78.22000;75.97500;76.46500;12232800
2022-05-31;76.96000;78.044998;75.78500;77.27000;14145400
2022-05-27;75.16000;76.90000;75.16000;76.88000;15248800
2022-05-26;71.85000;74.85000;71.80000;74.33000;16046000
2022-05-25;68.46500;71.46000;68.43000;70.85500;12955000
2022-05-24;69.57000;69.75500;68;68.91000;14872000
2022-05-23;70.48500;70.91500;68.91500;70.73000;13607000
2022-05-20;72.035004;72.13500;68.16500;70.20500;15624600
2022-05-19;70.95500;72.63500;70.52500;71.45000;15413800
2022-05-18;74.31500;74.31500;70.85500;71.40000;14761600
2022-05-17;76;76.43000;74.47500;76.39500;11210000
2022-05-16;75.85500;75.91000;74.33000;74.51500;11730200
2022-05-13;74.93500;76.51500;74.36000;76.16000;12573400
2022-05-12;71.50500;74.99500;71.014999;73.27500;23601200
2022-05-11;75.31000;76.074997;72.57000;72.77500;25713600
2022-05-10;77.30000;77.75500;74.42000;75.48000;25447000
2022-05-09;77.35000;78.43000;75.28500;75.70500;22095400
2022-05-06;79.64500;80.43000;77.68500;79.074997;25545400
2022-05-05;83.71000;83.76500;79.14000;80.089996;22776800
2022-05-04;82.29500;84.93000;80.94000;84.84500;18696600
2022-05-03;82.59000;82.95500;81.71500;82.42500;24068800
2022-05-02;81.19000;82.69000;80.070000;82.63000;33548200
2022-04-29;83.93000;84.68000;81.28000;81.44000;18836600
2022-04-28;85.22500;86.66500;83.099998;85.80000;13985600
2022-04-27;84.60000;85.86500;83.55000;84.074997;25103000
2022-04-26;87.89000;88.025002;84.029999;84.065002;29196600
2022-04-25;87.14000;88.62000;86.62000;88.54500;25809600
2022-04-22;89.80500;90.14000;87.82000;87.91000;22307400
2022-04-21;93.36500;93.94000;89.71500;90;23446600
2022-04-20;92.24500;92.49000;90.73500;90.88000;13876600
2022-04-19;89.52000;92.19500;89.44500;92.065002;17470000
2022-04-18;88.90500;89.98500;88.55500;89.47000;15385600
2022-04-14;90.29500;90.79500;89.13500;89.20000;17839400
2022-04-13;88.089996;90.62000;88;90.46500;16820200
2022-04-12;89.30500;90.23500;87.92000;88.27000;23297400
2022-04-11;88.39000;89.77000;87.98000;88.074997;18593800
2022-04-08;90.019997;90.82000;89.44500;89.74000;18595000
2022-04-07;89.92000;91.065002;88.70500;90.57500;22538400
2022-04-06;91.22000;91.22000;89.28000;90.11500;27844800
2022-04-05;94.21500;94.70000;92.20500;92.47500;16219800
2022-04-04;92.65500;94.72500;92.035004;94.69500;15424200
2022-04-01;93.0049973;93.23500;92.10500;92.61500;9978800
2022-03-31;94.29000;94.29000;92.41500;92.5;16778000
2022-03-30;95;95.5;93.84000;94.31000;16296000
2022-03-29;95.37000;96.095001;94.52500;95.76500;19373400
2022-03-28;92.64500;94.15000;92.52000;94.125;23065600
2022-03-25;91.96000;92.15000;90.84000;91.68000;16407800
2022-03-24;91.54500;91.94500;90.52000;91.84000;15134000
2022-03-23;91.51500;92.67500;90.93500;91.13000;15758000
2022-03-22;90.63000;92.57500;90.57000;92.27500;16421600
2022-03-21;90.89500;91.44500;89.21000;90.040001;25648000
2022-03-18;88.81500;91.050003;88.39000;90.94000;30129200
2022-03-17;86.83500;89.089996;86.60000;89.065002;26085600
2022-03-16;85.69500;87.60500;84.875;87.60500;33778800
2022-03-15;82.57000;84.95500;82.36500;84.71500;27120400
2022-03-14;83.26500;83.93500;81.46000;81.97000;30349200
2022-03-11;85.67000;85.91000;83.29500;83.36000;24156400
2022-03-10;84.375;85.27000;83.66000;84.99500;25854800
2022-03-09;83.94000;84.875;83.56000;84.39500;31938200
2022-03-08;81.5;84.36000;80.85500;81.76500;50888400
2022-03-07;86.010002;86.20500;81.56000;81.59500;32146200
2022-03-04;86.69000;86.90000;84.91000;85.80000;21659200
2022-03-03;89.66000;89.81500;86.76500;87.18500;22404000
2022-03-02;87.68500;89.59500;87.47000;89.20500;20262800
2022-03-01;88.58500;88.85500;86.76500;87.37000;26997600
2022-02-28;87.23000;89.099998;87.074997;88.71500;32321800
2022-02-25;86.64500;88.11000;85.48000;88.095001;27338000
2022-02-24;80.98500;86.52000;80.74500;86.38500;41736000
2022-02-23;88.059998;88.29000;84.30000;84.45500;27134400
2022-02-22;88.74000;89.61000;86.32500;87.375;27345600
2022-02-18;90.80000;91.089996;89.10500;90;18990400
2022-02-17;92.45500;92.89500;90.43000;90.56000;18136400
2022-02-16;92.22500;93.31000;91.81000;93.050003;17397600
2022-02-15;92.19000;92.87000;92;92.78500;20722400
2022-02-14;90.125;91.94000;89.89500;90.75500;30854800
2022-02-11;93.0049973;93.35000;89.83500;90.24000;25319200
2022-02-10;92.87000;94.73500;92.31500;92.91000;25946400
2022-02-09;94.47500;95.084999;94.15000;94.54000;16918800
2022-02-08;91.74000;93.50500;91.26500;93.30500;18318200
2022-02-07;92.52000;93.54500;91.67000;92.010002;18764600
2022-02-04;91.63500;93.30000;90.33500;92.20000;20021600
2022-02-03;90.32500;91.75500;89.46000;89.65000;19166600
2022-02-02;93.64500;93.76500;91.60000;92.48000;19294200
2022-02-01;92.65500;93.20500;91.17500;93.035004;22366000
2022-01-31;89.5;92.54500;89.15000;92.47500;22194800
2022-01-28;87.45500;89.050003;85.74000;89.050003;31685800
2022-01-27;90.14500;90.29500;86.96000;87.15000;33723000
2022-01-26;91.64500;92.46500;88.17000;89.31500;43384000
2022-01-25;89.74000;91.13000;88.49000;89.75;35890200
2022-01-24;88.34000;91.38500;86.025002;91.29500;53233800
2022-01-21;92.625;93.014999;90.17000;90.21000;37394400
2022-01-20;95.24000;96.43000;92.77000;92.93500;18093800
2022-01-19;96.82000;97.13500;94.58500;94.66000;17404400
2022-01-18;96.87000;97.33500;96.044998;96.40000;18186600
2022-01-14;97.93500;98.71500;96.84500;98.26000;20715200
2022-01-13;101.074997;101.56500;98.48000;98.72000;16493800
2022-01-12;100.79000;101.26000;99.88500;100.74500;13156800
2022-01-11;98.98500;100.28500;98.22500;100.084999;16887400
2022-01-10;98.43000;99.18000;96.29000;99.13000;21271400
2022-01-07;101.58000;101.84000;99.41500;99.74000;15005200
2022-01-06;101.55500;102.14500;99.83000;101.43000;17245000
2022-01-05;104.375;104.69500;101.64500;101.69500;17275600
2022-01-04;105.33000;105.90500;103.94500;104.51500;13169200
2022-01-03;104.14500;105.16500;103.55000;105.15500;14465400
2021-12-31;102.54500;102.90500;102.15000;102.22000;6885600
2021-12-30;102.48500;103.36500;102.375;102.46500;7140200
2021-12-29;102.88000;103.089996;102.18500;102.83500;7584600
2021-12-28;102.81500;103.17500;102.45500;102.63000;8306200
2021-12-27;101.78500;102.89500;101.74000;102.58500;8428000
2021-12-23;100.33000;101.86500;100.18000;101.59500;10588600
2021-12-22;98.73000;100.31000;98.55500;100.20500;11491000
2021-12-21;96.95000;98.43500;96.20000;98.41000;13530600
2021-12-20;95.94000;96.14000;94.95000;95.92500;22326800
2021-12-17;97.49500;98.82000;96.82500;97.64500;23480400
2021-12-16;101.025002;101.20500;98.18500;98.31500;18368600
2021-12-15;98.92500;100.58500;97.60000;100.53500;19042200
2021-12-14;98.75;99.56000;98.17500;99.27500;15371800
2021-12-13;101.90000;102.070000;99.59000;99.85500;14995600
2021-12-10;102.27500;102.53000;101.050003;102.49500;14372800
2021-12-09;103.16000;103.32000;101.75;101.78500;11757200
2021-12-08;103.39500;103.75500;102.77000;103.58000;11988000
2021-12-07;102.64500;103.65000;102.39500;103.32000;13875600
2021-12-06;100.22500;101.875;98.83000;100.96500;23326000
2021-12-03;102.18500;102.48500;98.80000;99.82500;28543200
2021-12-02;100.91500;102.28500;100.28500;101.80500;33287800
2021-12-01;103.375;104.375;100.30500;100.375;25941000
2021-11-30;103.38500;104.040001;101.67500;102.22000;26435400
2021-11-29;103.375;104.44500;103.11500;103.62000;16767600
2021-11-26;103.16000;103.51500;101.86500;102.035004;15329200
2021-11-24;103.57500;105.21500;103.025002;104.89500;16341200
2021-11-23;105.54000;106.12000;103.24500;104.68000;22962800
2021-11-22;106.39000;107.53000;105.010002;105.44500;18430800
2021-11-19;105.25500;105.99500;105.040001;105.71000;14988800
2021-11-18;104.61500;105.43000;104.065002;105.25500;14804000
2021-11-17;103.85500;104.70500;103.65500;104.074997;16547400
2021-11-16;101.94000;103.65000;101.92000;103.41500;11301200
2021-11-15;101.97000;102.16500;101.22500;101.81000;10612000
2021-11-12;101.58500;102.025002;100.93000;101.89500;10335000
2021-11-11;102.91500;102.92500;101.51000;101.55500;12413400
2021-11-10;101.54500;103.26500;100.53500;101.83000;22689600
2021-11-09;104.51000;104.64000;101.91500;102.21000;33102200
2021-11-08;104.50500;105.41000;104.095001;104.13500;11715400
2021-11-05;105.62000;106.35000;105.53000;105.63000;9631200
2021-11-04;104.059998;105.36000;103.93000;104.95500;11600000
2021-11-03;101.70500;103.625;101.61000;103.56000;12816400
2021-11-02;101.54000;102.35000;101.21500;101.73000;13558800
2021-11-01;101.31500;102.44000;100.71000;102.42000;11234200
2021-10-29;99.17000;100.63000;98.89500;100.57500;8508400
2021-10-28;99.83000;100.61000;99.55000;100.31500;9001000
2021-10-27;99.23500;99.93500;98.97000;99;9831000
2021-10-26;99.19500;100.80500;98.39000;98.78000;15031400
2021-10-25;97.21500;99.18500;96.82500;98.76500;11076800
2021-10-22;96.66000;96.90500;95.95000;96.375;7376600
2021-10-21;95.16000;96.77500;95.15500;96.72000;7130200
2021-10-20;95.39000;95.74500;95.15500;95.32000;9606800
2021-10-19;95.88500;95.88500;95.29000;95.39000;5808800
2021-10-18;94.30500;95.72500;94.28500;95.66000;7867000
2021-10-15;93.66000;94.54500;93.52000;94.50500;8717400
2021-10-14;92.65000;93.23000;92.55000;93.080002;7514600
2021-10-13;91.94500;92.36500;91.39000;92.11500;10832000
2021-10-12;91.5;92.035004;91.25;91.66500;10281800
2021-10-11;91.28000;92;90.94000;90.94500;6637000
2021-10-08;91.77000;91.85500;91.23000;91.31500;7399600
2021-10-07;91.11000;92.080002;91.014999;91.73500;7537800
2021-10-06;89.48500;90.43500;89.12000;90.33000;10272600
2021-10-05;89.99500;90.875;89.78500;90.044998;10968600
2021-10-04;90.67500;90.94000;89.38000;89.68500;18494000
2021-10-01;90.18000;90.82500;89.25;90.40000;15519600
2021-09-30;91.26000;91.33000;89.72500;89.72500;16489600
2021-09-29;91.46500;92.16000;91.025002;91.24500;12192200
2021-09-28;92.39500;92.53500;90.66500;91.15500;14941800
2021-09-27;92.080002;93.19500;92.044998;92.94500;9488000
2021-09-24;91.51500;92.53000;91.40500;92.45000;8033000
2021-09-23;91.57000;92.5;91.57000;92.10500;8275000
2021-09-22;90.51500;91.60000;90.31000;91.18000;12367400
2021-09-21;90.36000;90.68500;89.67000;89.95500;12503600
2021-09-20;90.17500;90.64000;88.69000;89.82000;16192000
2021-09-17;92.27000;92.80000;91.84500;92.055000;14925000
2021-09-16;91.77000;92.61000;91.60000;92.38000;12171400
2021-09-15;91.16000;92.11000;90.49000;91.96000;10294600
2021-09-14;91.85000;91.97000;90.99000;91.37000;8461800
2021-09-13;91.86000;91.93500;90.77500;91.67500;11534600
2021-09-10;92.50500;92.59000;91.41000;91.45000;9627200
2021-09-09;92.20500;92.78000;91.98000;92.014999;8714800
2021-09-08;92.0049973;92.35500;91.38000;92.13500;7385600
2021-09-07;91.80000;92.25;91.76000;92.029999;8750600
2021-09-03;91.57500;91.78500;91.18000;91.76000;6889600
2021-09-02;92.065002;92.35000;91.67500;91.81500;6715000
2021-09-01;92.14000;92.31000;91.75500;91.82000;8198400
2021-08-31;91.69000;91.87000;91.31000;91.82500;9555800
2021-08-30;91.18000;91.91500;91.125;91.60500;7366600
2021-08-27;90.30000;91.080002;90.15000;90.92000;7964800
2021-08-26;90.63000;90.67500;89.91500;90.099998;7394200
2021-08-25;90.59000;91.055000;90.42000;90.94000;7266600
2021-08-24;90.33500;90.85000;90.17500;90.59000;5791600
2021-08-23;89.28500;90.16000;89.19500;89.95500;6890200
2021-08-20;88.10500;88.91000;88.025002;88.81000;6618400
2021-08-19;87.77000;88.60000;87.43500;87.96500;11334600
2021-08-18;88.19000;89.44000;88.084999;88.53000;9998200
2021-08-17;89.22000;89.22000;87.47500;88.21500;11065200
2021-08-16;90.25;90.43000;89.40500;90.36000;6657600
2021-08-13;91.099998;91.15000;90.59500;90.78000;4936400
2021-08-12;90.94000;91.084999;90.31000;91.040001;5229400
2021-08-11;90.93500;91.13500;90.60000;91;5500600
2021-08-10;90.48000;91.074997;90.28000;90.73500;5201000
2021-08-09;90.52500;90.60000;90.16000;90.38000;5560600
2021-08-06;91.25;91.30500;90.40500;90.50500;5822200
2021-08-05;90.53500;91.19000;90.46500;91.125;5401200
2021-08-04;90.95000;91.089996;90.26000;90.26000;7913000
2021-08-03;90.84500;91.17000;90.044998;91.14500;8445800
2021-08-02;90.95000;91.19000;90.38000;90.47500;7303000
2021-07-30;90.21500;91.050003;90.044998;90.21500;9327000
2021-07-29;91.49500;92.34500;91.43500;92.11000;7307400
2021-07-28;91.27500;91.60000;90.65000;91.084999;5973800
2021-07-27;92.25500;92.25500;90.40000;91.38000;7359800
2021-07-26;91.68500;92.32500;91.45000;92.31500;6895000
2021-07-23;91.13500;91.78500;90.92000;91.63500;7008600
2021-07-22;90.36000;90.93000;89.90500;90.82500;8061600
2021-07-21;89.94000;90.48500;89.91500;90.43500;8185400
2021-07-20;88.24500;89.84500;87.81000;89.61000;9838000
2021-07-19;87.57000;88.0049973;86.88500;87.98500;16088400
2021-07-16;90.38500;90.49000;88.93500;89.0049973;8424200
2021-07-15;90.44500;90.85500;89.48500;90.11500;6667600
2021-07-14;91.27000;91.375;90.55500;90.60500;7484000
2021-07-13;91.69000;91.84000;90.69500;90.77000;12392400
2021-07-12;91.35000;91.89500;91.28000;91.87000;10814600
2021-07-09;90.79000;91.30500;90.68500;91.24500;5632800
2021-07-08;89.21500;90.70000;88.82000;90.40000;11283400
2021-07-07;90.92000;91.14500;89.98500;90.625;6694200
2021-07-06;90.70500;90.94000;89.85500;90.67500;7792000
2021-07-02;90;90.58500;89.91500;90.57000;5803400
2021-07-01;89.49500;89.80000;89.42000;89.78000;6210600
2021-06-30;89.10500;89.68000;89.10500;89.27500;5798600
2021-06-29;89.040001;89.39000;88.94500;89.20500;4629200
2021-06-28;88.97500;89.065002;88.51500;88.98500;5584200
2021-06-25;89.32500;89.375;88.77500;88.96500;9949200
2021-06-24;88.77500;88.97000;88.23000;88.40500;7959000
2021-06-23;87.60000;88.28000;87.55500;88.10500;5317800
2021-06-22;86.68000;87.78000;86.62000;87.43000;6740400
2021-06-21;86.23000;86.83500;85.99500;86.61500;9607400
2021-06-18;85.90000;86.41500;85.69000;86.080002;13991200
2021-06-17;86;86.84500;85.80000;86.53500;9267000
2021-06-16;86.24500;86.41500;85.46500;86.21000;9414200
2021-06-15;86.64000;86.64000;85.87000;86.17000;5659600
2021-06-14;86.61000;86.79500;86.125;86.63000;5770000
2021-06-11;86.28000;86.61500;86.14000;86.60500;5468400
2021-06-10;85.88500;86.29000;85.625;86.13500;5225000
2021-06-09;86.44500;86.5;85.69500;85.73000;7131600
2021-06-08;86.084999;86.48000;85.62000;86.20500;6124800
2021-06-07;85.45000;85.56500;84.86500;85.51500;6389800
2021-06-04;85.30500;85.59000;85.065002;85.51500;6433200
2021-06-03;85.30500;85.53500;84.69000;84.83500;8702800
2021-06-02;86.33500;86.34500;85.53500;85.85500;7063200
2021-06-01;86.93500;86.99500;86.099998;86.25500;9361200
2021-05-28;86.90000;86.90000;86.21500;86.42000;6451200
2021-05-27;86.51500;86.73500;86.25;86.54000;7783600
2021-05-26;85.78500;86.56000;85.70000;86.19500;7473600
2021-05-25;85.49500;85.77000;84.84500;85.38000;7133800
2021-05-24;84.73000;85.51000;84.44000;85.11000;6726800
2021-05-21;85.26500;85.26500;84.24000;84.27500;7770600
2021-05-20;84.25500;84.88500;84.14500;84.70000;9068000
2021-05-19;83.17000;83.88500;82.74500;83.84000;14120400
2021-05-18;85.40500;85.79000;84.54000;84.55000;7756800
2021-05-17;85.11500;85.41500;84.45500;85.21500;10445000
2021-05-14;84.71000;85.55500;84.47000;85.37000;8211800
2021-05-13;83.90500;84.72500;83.010002;83.91500;14082400
2021-05-12;85.26000;85.66500;83.14000;83.32500;14124000
2021-05-11;85.76500;86.57500;84.90500;86.24500;14220800
2021-05-10;88.84000;88.84000;87.22000;87.23000;6976000
2021-05-07;88.36500;89.050003;87.90500;88.81000;6750200
2021-05-06;88.019997;88.15000;87.18000;88.019997;7850600
2021-05-05;88.72500;88.72500;87.68000;87.83000;6325000
2021-05-04;88.37000;88.51000;87.0049973;88.10500;9207200
2021-05-03;89.94500;89.99000;88.91500;89.035004;7371400
2021-04-30;89.010002;89.74500;88.94000;89.46000;5651000
2021-04-29;89.65500;89.71000;88.32500;89.11500;6444600
2021-04-28;89.084999;89.57000;88.88500;89.089996;4761400
2021-04-27;89.34500;89.55500;88.99500;89.19500;4438600
2021-04-26;89.21000;89.58500;88.72000;89.30000;4460600
2021-04-23;88.27500;89.27500;87.99000;88.91000;3823800
2021-04-22;89.084999;89.21500;87.66500;87.99000;5960000
2021-04-21;87.47500;89.070000;87.30000;88.97500;5540000
2021-04-20;88.61000;88.81500;87.15000;87.80500;8462000
2021-04-19;89.44000;89.52500;88.64500;88.92500;7030800
2021-04-16;89.46000;90.055000;89.22000;89.93500;5276000
2021-04-15;89.23000;89.30000;88.74500;89.24500;5031200
2021-04-14;89.69000;90.080002;88.42500;88.61000;6676400
2021-04-13;88.70500;89.66500;88.58500;89.49000;5351200
2021-04-12;87.98500;88.64000;87.91000;88.55500;6285600
2021-04-09;87.080002;88.010002;86.98500;87.99000;6093800
2021-04-08;87.23500;87.36000;86.60000;87.16000;6424800
2021-04-07;86.96000;87.27000;86.60000;86.75;5049400
2021-04-06;86.55500;87.35000;86.49500;87.010002;6301400
2021-04-05;86.059998;86.95500;85.90000;86.63500;8628400
2021-04-01;84.79500;84.85000;84.42500;84.71000;8140000
2021-03-31;83.74000;84.49000;83.51500;84.035004;7937800
2021-03-30;82.21500;83.51000;81.88500;83.38500;7321800
2021-03-29;82.81500;83.23500;81.97000;82.57500;9358200
2021-03-26;82.67000;83.089996;81.58500;83.029999;8542600
2021-03-25;80.84500;82.62000;80.67500;82.34500;11319800
2021-03-24;83.24000;83.68500;81.63000;81.63000;9352000
2021-03-23;83.64500;84.0049973;82.64000;82.85500;7990200
2021-03-22;83.68000;84.35500;83.33000;83.64000;7224200
2021-03-19;82.63500;83.40000;81.77000;83.22500;12121000
2021-03-18;84.010002;84.38000;82.59000;82.73000;10151400
2021-03-17;83.0049973;85.099998;82.91500;84.80500;8711400
2021-03-16;84.50500;84.66500;83.24500;83.63000;6873600
2021-03-15;83.5;84.53000;83.21000;84.50500;8857000
2021-03-12;82.26000;83.39000;82.029999;83.38500;8343400
2021-03-11;83;83.46000;82.51000;83.14000;8458400
2021-03-10;82.54000;82.99500;81.30500;81.88500;14245800
2021-03-09;80.065002;82;79.65500;81.47000;18614400
2021-03-08;78.72500;80.11000;78.37000;78.50500;12536200
2021-03-05;78.50500;78.64000;74.82500;78.41000;20626800
2021-03-04;79.63000;80.15000;76.42000;77.91500;18469600
2021-03-03;81.35500;81.68000;79.60000;79.60000;11125600
2021-03-02;82.58000;82.76000;81.47500;81.51500;6622400
2021-03-01;81.57500;82.61000;81.42000;82.46500;8697600
2021-02-26;81.27000;81.64000;79.50500;80.57500;12255200
2021-02-25;82.75;83.21000;79.84000;80.24000;14641800
2021-02-24;82.37000;83.45000;81.49000;83.34000;7973600
2021-02-23;81.55000;82.89500;79.53000;82.47500;10768600
2021-02-22;84;84.29500;82.94500;83.019997;5694000
2021-02-19;85.69000;85.69000;84.69500;84.81000;5022800
2021-02-18;84.38500;85.58000;84.32500;85.30500;5160000
2021-02-17;84.27500;85.36500;83.85000;85.28000;6441200
2021-02-16;85.32500;85.43500;84.55500;84.79000;4516200
2021-02-12;84.67000;85.20000;84.43000;85.16000;3994400
2021-02-11;85.5;85.79500;84.63000;85.040001;3911600
2021-02-10;86.40500;86.40500;84.625;85.27500;4883200
2021-02-09;86.33000;86.54000;86.019997;86.125;3615400
2021-02-08;86.67500;86.73000;86.074997;86.60500;4720400
2021-02-05;85.60000;86.40500;85.43000;86.11500;4464200
2021-02-04;84.79000;85.30000;84.53000;85.30000;5142400
2021-02-03;85.15000;85.23500;84.34000;84.40000;4062800
2021-02-02;83.75500;85.43500;83.74500;84.875;5401200
2021-02-01;81.94500;83.20000;81.44500;83.11000;6502600
2021-01-29;82.46000;82.64500;80.54500;81.0049973;10833000
2021-01-28;82.29000;83.76000;81.80500;82.94000;7843200
2021-01-27;84.34500;84.39500;82.26500;82.68000;11241400
2021-01-26;85.66000;85.74000;84.99000;85.31000;7458000
2021-01-25;85.27000;85.98000;83.67000;85.36500;11760600
2021-01-22;84.89000;85.20500;84.55500;85.050003;4456400
2021-01-21;85.39500;85.89500;85.24500;85.34000;6688000
2021-01-20;84.15500;85.18500;83.89500;84.94500;6868600
2021-01-19;83.60500;83.74000;83.044998;83.37000;6348600
2021-01-15;83.41000;83.67000;82.57000;82.90000;7271400
2021-01-14;84.17500;84.58500;83.44500;83.54500;6029800
2021-01-13;84.17500;84.40500;83.66000;84.080002;5654400
2021-01-12;83.25500;84.40000;83.15500;84.084999;11395200
2021-01-11;83.41000;83.75;82.59500;82.82000;7421000
2021-01-08;83.67000;84.48000;83.14500;84.39500;9283800
2021-01-07;81.86000;83.014999;81.83000;82.69000;6725600
2021-01-06;80.39500;82.0049973;80.074997;81.125;8832000
2021-01-05;79.25;80.53000;79.22500;80.30500;6262400
2021-01-04;80.89000;80.94500;78.72000;79.71000;18120400
2020-12-31;80.35500;80.49000;79.96500;80.39000;5859200
2020-12-30;80.15000;80.46500;80.065002;80.34500;4881400
2020-12-29;80.12000;80.26500;79.49000;79.86500;4862400
2020-12-28;79.71000;80.16000;79.30000;79.84000;5824800
2020-12-24;78.85000;79.059998;78.60500;78.94000;2097600
2020-12-23;78.62000;79.025002;78.28500;78.77500;4346000
2020-12-22;78.81500;78.85000;77.91500;78.60500;7453200
2020-12-21;78.70000;79.40500;78.13500;78.94500;7904400
2020-12-18;80.52000;80.56500;79.64000;79.99500;9892800
2020-12-17;80.25;80.40000;80.019997;80.38500;3977400
2020-12-16;79.46500;80.040001;79.43500;79.84000;4443000
2020-12-15;78.95500;79.33500;78.59500;79.32000;4651800
2020-12-14;78.86000;79.31000;78.24000;78.26500;6815000
2020-12-11;78.23500;78.51500;77.61500;78.15000;4134200
2020-12-10;78.29000;78.86000;77.96500;78.52500;5806000
2020-12-09;79.18500;79.22500;78.26000;78.59500;12060800
2020-12-08;78.45500;78.72000;78.059998;78.67000;4956800
2020-12-07;78.84000;78.875;78.43500;78.83500;8430600
2020-12-04;79.099998;79.21500;78.86000;79.014999;4178200
2020-12-03;78.74000;79.375;78.74000;78.94000;6011400
2020-12-02;78.90500;78.90500;78.38500;78.72000;4308800
2020-12-01;79.24500;79.58000;78.74500;79.21500;8737400
2020-11-30;78.99000;79.029999;77.60500;78.63000;6576000
2020-11-27;79.30000;79.39500;78.87000;79.11000;2216600
2020-11-25;78.78500;79.070000;78.56500;78.94000;4624400
2020-11-24;78.42500;79.10500;78.20000;78.84500;5465600
2020-11-23;77.27000;77.89500;77.065002;77.69000;4611200
2020-11-20;77.32500;77.38000;76.82000;76.84500;4132800
2020-11-19;76.85500;77.32500;76.69000;77.25;4214400
2020-11-18;77.36000;77.98000;76.85000;76.87000;5415000
2020-11-17;77.45500;77.75500;76.81500;77.40000;5839600
2020-11-16;77.5;77.75500;76.91500;77.73000;7864600
2020-11-13;75.93500;76.85500;75.82500;76.72500;4463000
2020-11-12;76.52500;76.53500;75.070000;75.5;5929800
2020-11-11;76.34500;76.88500;76.055000;76.52500;7406800
2020-11-10;76.055000;76.23500;75.055000;75.86000;17765200
2020-11-09;79.019997;79.019997;76.035004;76.13000;9782200
2020-11-06;76.38500;76.51500;75.73000;76.38000;4847000
2020-11-05;76.46500;77.074997;76.13000;76.61000;6480000
2020-11-04;74.45000;76.040001;74.30000;75.14500;8541200
2020-11-03;72.76000;73.99500;72.39000;73.58000;5675400
2020-11-02;72.42000;72.67500;71.20500;71.99500;7981800
2020-10-30;72.51500;72.77500;70.87000;71.48500;9983200
2020-10-29;72.83000;73.92000;72.31000;73.080002;6067800
2020-10-28;73.64500;74.014999;72.54000;72.62000;9172600
2020-10-27;75.22500;75.45000;74.78000;74.99000;6241000
2020-10-26;75.71500;76.025002;73.96000;75.025002;6300000
2020-10-23;76.14000;76.50500;75.55500;76.49500;3915000
2020-10-22;75.66500;75.91500;74.85000;75.83000;4135600
2020-10-21;76.0049973;76.53500;75.45000;75.67500;5539800
2020-10-20;75.92500;77.029999;75.72000;76.089996;8514200
2020-10-19;76.92500;77.23000;75.30000;75.48500;5154000
2020-10-16;77.47000;77.84000;76.19000;76.42500;4211000
2020-10-15;75.85000;77.27000;75.625;77.125;4758000
2020-10-14;77.86500;77.94500;76.49500;76.84000;7610800
2020-10-13;77.55500;78.050003;77.29500;77.70000;6826200
2020-10-12;77.23000;78.070000;77.12000;77.71500;6394400
2020-10-09;76.30000;76.875;76.20500;76.69500;7362600
2020-10-08;75.90000;75.95500;75.35000;75.90500;5065800
2020-10-07;74.62000;75.59000;74.62000;75.41000;5005800
2020-10-06;75.18500;75.52500;73.60500;73.72500;7954400
2020-10-05;74.53000;75.20000;74.46500;75.11500;4640800
2020-10-02;73.059998;74.38500;73.029999;74.13500;8181600
2020-10-01;74.21500;74.51500;73.74500;74.45000;7758800
2020-09-30;73.11500;74.36000;73.025002;73.49000;8948800
2020-09-29;73.43000;73.48000;72.84500;72.89500;6055400
2020-09-28;72.90500;73.63500;72.61000;73.46500;5324800
2020-09-25;71.014999;72.20500;70.52000;71.96000;5028000
2020-09-24;70.74000;72.029999;70.20000;71.035004;8997000
2020-09-23;73;73.13500;70.92000;71.065002;7930600
2020-09-22;71.19000;72.31500;70.95500;72.25;7638000
2020-09-21;70.64500;70.83500;69.51500;70.75500;8435800
2020-09-18;73.19000;73.22000;71.34500;71.94500;10847200
2020-09-17;72.92000;73.43500;72.35000;72.96000;8849200
2020-09-16;74.72500;75.014999;73.96500;74;5215800
2020-09-15;74.27500;74.67000;74.029999;74.41500;5412000
2020-09-14;73.84500;74.38000;73.52000;73.81000;5556600
2020-09-11;73.42000;73.75500;72.34500;73.035004;7596400
2020-09-10;74.35500;75.14000;72.68500;72.92500;12553800
2020-09-09;73.29500;74.53500;72.87000;73.98500;7425800
2020-09-08;72.37000;73.63500;72.025002;72.61500;15212600
2020-09-04;74.68000;75.10500;71.81000;73.58000;13339800
2020-09-03;76.66000;76.71500;73.72500;74.44000;15142000
2020-09-02;76.35500;77.070000;75.92000;76.88000;8154200
2020-09-01;75.11500;75.875;75.010002;75.83000;9904400
2020-08-31;75.25500;75.48000;74.94500;75.044998;7025000
2020-08-28;75.16000;75.40000;74.87000;75.26500;4275600
2020-08-27;75.46000;75.51000;74.49500;74.77500;6170800
2020-08-26;74.45000;75.30000;74.38000;75.18000;5583800
2020-08-25;74.375;74.45000;73.84000;74.44500;5197800
2020-08-24;73.59000;74.23000;73.58500;74.20000;5284400
2020-08-21;72.64000;73.13000;72.625;73.089996;3647600
2020-08-20;72.38500;72.92500;72.20000;72.71500;3326600
2020-08-19;73.45500;73.47500;72.72000;72.82500;5310400
2020-08-18;73;73.33000;72.45500;73.17000;5175400
2020-08-17;72.38500;72.81000;72.070000;72.72000;3218000
2020-08-14;71.80000;71.95500;71.48500;71.79500;3374000
2020-08-13;71.76500;72.23000;71.65000;71.80000;4742800
2020-08-12;71.59000;71.98000;71.31500;71.83000;7630800
2020-08-11;71.43500;71.83500;70.72500;70.89000;7093600
2020-08-10;70.44000;71.11000;70.33000;71.029999;4560400
2020-08-07;70.089996;70.40000;69.68000;70.19000;5953000
2020-08-06;69.49500;70.23500;69.39500;70.084999;4312200
2020-08-05;69.17500;69.78000;69.065002;69.74500;6536800
2020-08-04;68.22000;68.92500;68.21000;68.90500;5340200
2020-08-03;68.72000;68.74000;68.27000;68.35500;5588800
2020-07-31;68.98500;69.10500;67.74500;68.5;7671000
2020-07-30;67.71000;68.47500;67.31500;68.14500;7940800
2020-07-29;67.96000;68.34500;67.85500;68.20000;4495000
2020-07-28;68.055000;68.33000;67.41500;67.51500;5119600
2020-07-27;68.059998;68.34500;67.70000;68.19000;4899400
2020-07-24;67.27000;68.065002;66.93500;67.77000;6287200
2020-07-23;68.75500;68.75500;67.18500;67.65000;6867600
2020-07-22;67.98000;68.72000;67.91500;68.68000;5321000
2020-07-21;68.52000;68.61500;67.84500;68.095001;5315800
2020-07-20;66.97000;68.16500;66.80500;67.99000;5471600
2020-07-17;67.49500;67.49500;66.68000;66.92000;6189200
2020-07-16;66.87000;67.42500;66.64000;67.23500;6049400
2020-07-15;67.40000;67.61500;66.46000;67.41500;7505800
2020-07-14;65.48500;66.50500;64.71500;66.46500;11473800
2020-07-13;67.25500;68.25;65.625;65.81000;13282600
2020-07-10;65.91000;66.70500;65.47500;66.65500;12912400
2020-07-09;66.17500;66.22000;64.81000;65.87000;6224800
2020-07-08;65.36500;65.96000;65.059998;65.94500;5479800
2020-07-07;65.98000;66.19000;65.14000;65.25;6893200
2020-07-06;65.72000;66.32000;65.55500;66.29000;7115800
2020-07-02;65.47000;65.82500;64.59000;64.75500;7328600
2020-07-01;63.94500;64.76500;63.89500;64.5;11172600
2020-06-30;63;64.14500;62.80500;63.85500;6729800
2020-06-29;62.15000;63.099998;61.46500;63.049999;7822600
2020-06-26;63.34000;63.47500;61.77000;61.875;11496400
2020-06-25;63.0099983;63.43000;62.38500;63.36000;9769200
2020-06-24;64.31500;64.54500;62.49000;63.27500;11962600
2020-06-23;64.88500;65.10500;64.50500;64.70000;7347200
2020-06-22;63.43500;64.25;63.15000;64.19500;5675800
2020-06-19;64.99500;65.12000;63.48500;63.69000;13384000
2020-06-18;64.17500;64.53500;63.90000;64.19000;5533600
2020-06-17;64.86500;65.084999;64.26500;64.42500;6349800
2020-06-16;65.19000;65.27000;63.29500;64.59500;10166800
2020-06-15;61.29500;63.46500;60.96000;63.26500;9993000
2020-06-12;63.72000;63.94000;61.40000;62.67000;11989400
2020-06-11;63.38500;64.33000;61.90500;62.055000;13735200
2020-06-10;66.36500;66.375;65.41500;65.48500;7783800
2020-06-09;66.040001;66.47500;65.62000;66.10500;8689600
2020-06-08;66.0049973;66.65000;66.0049973;66.625;7005000
2020-06-05;65.61500;65.99500;65.29000;65.625;11689200
2020-06-04;64.26500;64.65500;63.75;64.089996;9971400
2020-06-03;63.53000;64.61500;63.53000;64.41500;11061600
2020-06-02;62.96500;63.22000;62.64000;63.22000;8453400
2020-06-01;62.17000;62.91000;62.12000;62.68500;6662600
2020-05-29;61.85000;62.32000;61.375;62.095001;13016000
2020-05-28;62.81500;63.040001;61.70500;61.87000;7293200
2020-05-27;62.31000;62.64000;61.049999;62.63000;11531200
2020-05-26;62.22000;62.375;61.48500;61.57500;9128400
2020-05-22;60.68000;60.78000;60.15000;60.61500;7642000
2020-05-21;60.64000;61.035000;59.97000;60.70500;9117200
2020-05-20;60.69500;60.71000;60.11500;60.49000;7708200
2020-05-19;59.79500;60.70500;59.56500;59.71000;10513600
2020-05-18;59.32000;60.20000;59.26000;59.92500;10233600
2020-05-15;56.61000;57.75;56.42000;57.74000;12556600
2020-05-14;55.54500;57.099998;55.029999;57.075001;11436400
2020-05-13;57.13500;57.46000;55.67500;56.23500;13362200
2020-05-12;58.75;58.88500;57.19000;57.22000;11944800
2020-05-11;58.12000;58.98000;58.040001;58.5;8086600
2020-05-08;58.24500;58.68500;57.92500;58.63000;7872400
2020-05-07;57.32500;57.79500;57.30000;57.51000;10667200
2020-05-06;57;57.24000;56.54000;56.62000;7810000
2020-05-05;57.17500;57.34500;56.51000;56.63000;9093600
2020-05-04;55.38000;56.45000;55.060001;56.42500;9213600
2020-05-01;56.51000;56.97000;55.68500;56.12000;12553200
2020-04-30;58.24000;58.65000;57.70000;58.30000;10106400
2020-04-29;58.51500;59.10500;58.19000;58.66500;9997600
2020-04-28;58.24500;58.45000;57.11000;57.40000;9458800
2020-04-27;56.70000;57.54500;56.64500;57.17500;8239400
2020-04-24;55.76000;56.375;55.25;56.125;5829000
2020-04-23;55.48000;56.0099983;54.99000;55.19000;8259200
2020-04-22;55.044998;55.59000;54.73500;55.20500;6771200
2020-04-21;54.55500;54.91500;53.62000;54.040001;8655800
2020-04-20;55.85000;56.59500;55.38500;55.48000;6826200
2020-04-17;56.18000;56.60000;55.48500;56.46500;8767000
2020-04-16;54.42000;55.5;53.90000;54.84500;9218400
2020-04-15;54.035000;54.57000;53.54000;54.19500;7617600
2020-04-14;54.44000;55.51500;54.18500;55.41000;11489200
2020-04-13;53.13000;53.52500;52.32500;53.32500;6823400
2020-04-09;53.15000;54.22000;52.82500;53.34000;10645800
2020-04-08;51.41500;52.60500;51.044998;52.39500;8331000
2020-04-07;52.36500;52.75500;50.68500;50.79500;14018200
2020-04-06;47.89500;50.31500;47.89500;50.049999;10607800
2020-04-03;46.74000;46.97500;45.61500;46.20500;10359400
2020-04-02;46.57500;47.74000;45.99000;47.025002;11997600
2020-04-01;47.17500;47.97500;46.43500;46.85000;13516400
2020-03-31;49.61500;50.34500;48.91000;49.040001;10304400
2020-03-30;49.32000;50.24500;48.46500;50.049999;13320600
2020-03-27;49.18000;50.32000;48.44500;49.025002;10262200
2020-03-26;49.24000;51.049999;49.0050011;50.72500;12991000
2020-03-25;48.72000;50.53500;47.51500;48.71000;19997800
2020-03-24;46.17000;47.95000;45.97500;47.87000;20747400
2020-03-23;43.43000;44.65500;42.33000;43.76500;15308400
2020-03-20;45.78000;47.23500;43.83000;43.90500;25783200
2020-03-19;43.54000;46.53000;42.095001;45.25;14884200
2020-03-18;43.41000;44.56000;40.87000;43.72500;27657600
2020-03-17;45.67000;47.36500;43.125;46.39000;27134000
2020-03-16;45.52500;47.92500;44.32000;44.67000;16817800
2020-03-13;50.80000;51.18500;47.98500;51.15000;16073800
2020-03-12;49.53500;51.33500;47.625;48.17000;19961600
2020-03-11;55.13500;55.41000;53.070000;53.58500;15254600
2020-03-10;55.60500;56.68500;53.68500;56.68500;21939200
2020-03-09;53.040001;55.35000;51.75;53.71500;16829800
2020-03-06;56.44500;57.63500;56.084999;57.32500;16655000
2020-03-05;59.029999;59.41500;57.77000;58.22000;14599600
2020-03-04;59.37000;60.52500;58.72500;60.47500;14684400
2020-03-03;60.080002;60.87000;57.90000;58.45500;29548600
2020-03-02;58.090000;59.91000;57.27500;59.90500;19022400
2020-02-28;56.40000;58;56.26500;57.91500;41232200
2020-02-27;59.5;60.74000;58.26000;58.29000;35433800
2020-02-26;61.59500;62.16500;60.59000;60.74500;24720800
2020-02-25;63.46000;63.59500;61.084999;61.23000;29219600
2020-02-24;62.94000;63.52000;62.60000;62.91000;17507200
2020-02-21;65.87000;65.94000;64.98000;65.15000;12322600
2020-02-20;66.080002;66.34000;65.34500;66.16000;10832800
2020-02-19;66.074997;66.36500;66.040001;66.13500;4636200
2020-02-18;65.75;66.055000;65.47500;65.84000;6740200
2020-02-14;66.070000;66.15000;65.66500;65.84500;4959600
2020-02-13;65.80000;66.19000;65.61500;65.94500;7106800
2020-02-12;65.71500;66.095001;65.70500;66.059998;7810600
2020-02-11;65.14500;65.67000;64.98500;65.39000;11015800
2020-02-10;64.10500;64.88500;64.10500;64.88000;5867200
2020-02-07;64.14500;64.46000;63.89500;64.15500;7267600
2020-02-06;64.72500;64.74000;64.43500;64.43500;11039800
2020-02-05;64.68000;64.76000;64.13000;64.58000;13354000
2020-02-04;64.029999;64.47000;63.88500;64.25500;16697200
2020-02-03;63.0099983;63.88500;63.0050011;63.10500;16019000
2020-01-31;63.78000;63.86500;62.53000;62.66000;16844000
2020-01-30;62.11500;62.56500;61.99000;62.5;10461000
2020-01-29;62.84500;63.090000;62.56000;62.60500;5860000
2020-01-28;62.33500;62.875;62.095001;62.64000;11815400
2020-01-27;61.61500;62.35500;61.49500;62.035000;15754200
2020-01-24;63.99000;64.025002;62.70000;62.97500;11381800
2020-01-23;63.44500;63.94500;63.12000;63.86500;7991800
2020-01-22;64.035004;64.26500;63.71500;63.77000;7930200
2020-01-21;63.67000;63.89500;63.46000;63.80000;8003800
2020-01-17;63.94000;64.084999;63.86500;63.99500;13473200
2020-01-16;63.57000;63.78000;63.51500;63.77000;8699000
2020-01-15;63.17500;63.42500;63.049999;63.20500;6523800
2020-01-14;63.27000;63.55500;63.17000;63.35000;8681200
2020-01-13;63.30000;63.47000;63.12000;63.37000;6449200
2020-01-10;63.59500;63.59500;63.10500;63.17000;7407000
2020-01-09;63.51500;63.74500;63.35500;63.51500;7643000
2020-01-08;62.93500;63.52500;62.875;63.18000;9451800
2020-01-07;63.049999;63.13500;62.72500;62.99000;18301600
2020-01-06;62.45500;63.10500;62.375;63.090000;12823200
2020-01-03;62.65000;63.099998;62.61000;62.91500;11192800
2020-01-02;63.10500;63.45500;62.86000;63.45500;12591000


### XLP
datetime;open;high;low;close;volume
2025-12-30;78.099998;78.33000;78.040001;78.15000;5610900
2025-12-29;78.17000;78.48000;78.17000;78.28000;9242300
2025-12-26;78.040001;78.41000;77.97000;78.23000;8761300
2025-12-24;77.55000;78.19000;77.55000;78.12000;4697100
2025-12-23;77.81000;77.82000;77.38000;77.51000;7638500
2025-12-22;77.97000;78.20000;77.73000;77.88000;10983600
2025-12-19;79.12000;79.16000;78.76000;78.78000;13142000
2025-12-18;79.33000;79.82000;79.14000;79.19000;12117100
2025-12-17;79.39000;79.88000;79.35000;79.65000;14268400
2025-12-16;79.79000;79.97000;79.099998;79.28000;13055300
2025-12-15;79.63000;79.91000;79.32000;79.64000;14499400
2025-12-12;78.93000;79.46000;78.80000;79.42000;14506900
2025-12-11;78.41000;79.070000;78.40000;78.80000;13753800
2025-12-10;78.19000;78.38000;77.93000;78.22000;13945300
2025-12-09;77.98000;78.22000;77.65000;77.99000;14040200
2025-12-08;78.31000;78.32000;77.68000;77.81000;14602000
2025-12-05;78.40000;78.99000;78.23000;78.46000;13343200
2025-12-04;78.69000;78.91000;78.010002;78.45000;14269500
2025-12-03;78.93000;79.55000;78.74000;78.83000;16832900
2025-12-02;79.050003;79.050003;78.17000;78.77000;20551000
2025-12-01;79.26000;79.53000;79.040001;79.29000;16939900
2025-11-28;78.80000;79.39000;78.80000;79.37000;8914300
2025-11-26;78.059998;79.11000;78.059998;78.91000;13275100
2025-11-25;77.20000;78.089996;77.20000;78.059998;18586300
2025-11-24;77.80000;77.93000;76.90000;77;17869400
2025-11-21;77.36000;78.40000;77.21000;77.90000;22216000
2025-11-20;76.75;77.38000;76.70000;77.059998;21590200
2025-11-19;76.94000;77.070000;76.23000;76.51000;15122100
2025-11-18;76.98000;77.38000;76.64000;77.099998;16840000
2025-11-17;77.28000;77.60000;76.72000;76.77000;13887100
2025-11-14;77.35000;77.61000;76.79000;77.26000;13138200
2025-11-13;77.33000;77.79000;77.12000;77.32000;15370800
2025-11-12;77.49000;77.73000;77.30000;77.32000;10978200
2025-11-11;76.67000;77.54000;76.61000;77.43000;19801200
2025-11-10;76.48000;76.61000;75.93000;76.43000;16805900
2025-11-07;76.13000;76.85000;75.88000;76.71000;16959500
2025-11-06;75.70000;75.93000;75.16000;75.60000;15452200
2025-11-05;75.90000;76.21000;75.51000;75.94000;15782900
2025-11-04;76;76.20000;75.55000;75.99000;18147000
2025-11-03;76.12000;76.18000;75.46000;75.68000;16185500
2025-10-31;76.19000;76.49000;75.81000;76.28000;14658200
2025-10-30;76.61000;76.95000;76.47000;76.5;17364800
2025-10-29;77.89000;77.90000;76.49000;76.58000;19894100
2025-10-28;78.91000;79;78.41000;78.43000;8927500
2025-10-27;79.30000;79.33000;78.87000;79.22000;13984700
2025-10-24;79.88000;79.90000;79.059998;79.089996;12735500
2025-10-23;79.83000;79.86000;79.010002;79.35000;10809500
2025-10-22;79.41000;80.25;78.99000;79.74000;13294700
2025-10-21;79.80000;79.85000;79.070000;79.29000;17471400
2025-10-20;79.90000;80.010002;79.53000;79.66000;13002500
2025-10-17;79.059998;79.78000;79.019997;79.73000;13983900
2025-10-16;79.43000;79.75;78.48000;78.68000;13600000
2025-10-15;79.080002;79.72000;78.96000;79.23000;9111200
2025-10-14;77.92000;79.13000;77.79000;79.089996;12884100
2025-10-13;77.73000;78.13000;77.44000;77.84000;12692100
2025-10-10;78.30000;78.77000;78.099998;78.099998;20763500
2025-10-09;78.040001;78.16000;77.69000;78.040001;9315600
2025-10-08;78.12000;78.13000;77.66000;77.79000;9503000
2025-10-07;77.56000;78.30000;77.16000;78.18000;12084200
2025-10-06;77.86000;77.92000;77.38000;77.46000;10740000
2025-10-03;77.91000;78.35000;77.81000;78.029999;8426600
2025-10-02;77.91000;78.20000;77.75;77.94000;8422100
2025-10-01;78.27000;78.49000;77.80000;78.25;10125300
2025-09-30;78.010002;78.54000;77.95000;78.37000;12306100
2025-09-29;78.089996;78.13000;77.58000;78.11000;11490300
2025-09-26;77.69000;78.010002;77.49000;77.96000;11547800
2025-09-25;78.86000;78.93000;77.77000;77.77000;12046100
2025-09-24;78.33000;78.83000;78.20000;78.52000;10634100
2025-09-23;78.029999;78.38000;77.73000;78.35000;9703700
2025-09-22;78.54000;78.60000;77.91000;77.96000;11993700
2025-09-19;79.73000;79.75;79.31000;79.38000;13348900
2025-09-18;79.71000;80.019997;79.53000;79.54000;21046100
2025-09-17;79.88000;80.74000;79.88000;80.24000;14408700
2025-09-16;79.53000;79.94000;79.35000;79.76000;16171000
2025-09-15;80.29000;80.48000;79.36000;79.40000;14871900
2025-09-12;80.45000;80.64000;80.11000;80.32000;10261000
2025-09-11;80.15000;80.82000;80.029999;80.59000;16717500
2025-09-10;80.39000;80.54000;79.54000;79.94000;19041800
2025-09-09;80.41000;80.85000;80.32000;80.73000;13459600
2025-09-08;80.78000;80.79000;80.040001;80.57000;18019800
2025-09-05;80.62000;81.28000;80.42000;80.87000;20657300
2025-09-04;80.75;81.050003;80.44000;80.64000;12717400
2025-09-03;80.25;80.63000;79.91000;80.59000;14723100
2025-09-02;80.92000;81.20000;80.33000;80.65000;16662400
2025-08-29;80.44000;80.84000;80.28000;80.78000;15675800
2025-08-28;80.82000;80.87000;80.019997;80.26000;14505000
2025-08-27;80.44000;80.80000;80.35000;80.77000;11764700
2025-08-26;80.95000;81;80.38000;80.53000;17724000
2025-08-25;82.089996;82.23000;80.98000;81.059998;20490600
2025-08-22;82.72000;83.26000;82.26000;82.47000;16491500
2025-08-21;82.65000;82.69000;82.18000;82.47000;18125200
2025-08-20;82.72000;83.90000;82.64000;83.22000;24835800
2025-08-19;82.070000;82.88000;82.050003;82.75;13215600
2025-08-18;82.059998;82.29000;81.86000;81.91000;11892100
2025-08-15;82.029999;82.27000;81.65000;82.019997;12217700
2025-08-14;82.35000;82.40000;81.83000;81.89000;12826500
2025-08-13;82.19000;82.80000;81.93000;82.63000;17683900
2025-08-12;82.52000;82.70000;82.26000;82.63000;16449500
2025-08-11;82.52000;82.63000;81.91000;82.41000;12970500
2025-08-08;82.31000;82.79000;82.28000;82.48000;14135200
2025-08-07;81.76000;82.36000;81.49000;82.24000;15984100
2025-08-06;80.70000;81.89000;80.5;81.62000;16043200
2025-08-05;80.51000;80.91000;80.35000;80.47000;15062900
2025-08-04;80.059998;80.69000;80.059998;80.55000;14441900
2025-08-01;80.22000;80.66000;80.050003;80.16000;28529200
2025-07-31;79.90000;80.56000;79.65000;79.78000;18339700
2025-07-30;81.23000;81.49000;80.25;80.47000;16485500
2025-07-29;80.80000;81.43000;80.37000;81.19000;18872900
2025-07-28;81.070000;81.20000;80.55000;80.66000;12113200
2025-07-25;81.31000;81.52000;81.040001;81.5;9284900
2025-07-24;81.72000;81.81000;81.29000;81.36000;11462600
2025-07-23;81.65000;81.86000;81.39000;81.65000;13808900
2025-07-22;80.48000;81.76000;80.42000;81.62000;20413700
2025-07-21;80.96000;81.32000;80.79000;80.88000;13430900
2025-07-18;81.15000;81.49000;80.79000;80.89000;12755000
2025-07-17;80.66000;81.16000;80.47000;81.11000;17079000
2025-07-16;80.11000;80.42000;79.68000;80.35000;15633600
2025-07-15;80.70000;80.85000;80.059998;80.070000;17681600
2025-07-14;80.83000;80.93000;80.28000;80.88000;13694000
2025-07-11;80.79000;81.010002;80.40000;80.81000;16936700
2025-07-10;80.86000;81.42000;80.57000;81.11000;16687900
2025-07-09;81.46000;81.55000;80.37000;80.82000;22179000
2025-07-08;81.79000;81.91000;81.28000;81.35000;15712800
2025-07-07;82.099998;82.16000;81.68000;82.11000;14365100
2025-07-03;82.27000;82.33000;81.78000;82.18000;10898400
2025-07-02;81.92000;82.27000;81.54000;82.22000;16429100
2025-07-01;81.059998;82.48000;81.059998;81.98000;23302100
2025-06-30;80.51000;81.12000;80.39000;80.97000;12080000
2025-06-27;80.25;80.80000;80.17000;80.55000;15135300
2025-06-26;80.32000;80.64000;79.97000;80.17000;13783200
2025-06-25;81.16000;81.16000;80.13000;80.24000;12880400
2025-06-24;81.39000;81.48000;80.97000;81.33000;12580900
2025-06-23;80.53000;81.47000;80.47000;81.40000;17771400
2025-06-20;80.72000;81.24000;80.61000;81.019997;16771500
2025-06-18;80.75;80.84000;80.38000;80.43000;11117700
2025-06-17;80.99000;81.12000;80.5;80.53000;15059900
2025-06-16;81.16000;81.85000;80.97000;81.22000;12728200
2025-06-13;81.71000;82.16000;80.77000;80.96000;15635100
2025-06-12;81.45000;81.98000;81.089996;81.96000;10709900
2025-06-11;81.71000;81.71000;81.21000;81.48000;11204000
2025-06-10;81.59000;81.95000;81.45000;81.76000;12364900
2025-06-09;81.56000;81.83000;81.19000;81.58000;13027300
2025-06-06;81.81000;81.95000;81.43000;81.69000;10948900
2025-06-05;82.050003;82.16000;81.21000;81.43000;16474500
2025-06-04;82.82000;82.84000;82.15000;82.22000;10804100
2025-06-03;82.74000;82.93000;82.22000;82.80000;13265600
2025-06-02;82.59000;82.89000;82.059998;82.88000;15827900
2025-05-30;81.97000;83.19000;81.97000;82.83000;17778900
2025-05-29;81.81000;82.16000;81.40000;82.11000;13321300
2025-05-28;82.31000;82.58000;81.69000;81.78000;9963800
2025-05-27;81.90000;82.39000;81.72000;82.34000;14433600
2025-05-23;81.26000;81.77000;80.76000;81.60000;10693100
2025-05-22;81.57000;81.74000;80.97000;81.30000;11871600
2025-05-21;82.20000;82.33000;81.51000;81.64000;10989100
2025-05-20;82.27000;82.84000;82.27000;82.60000;12719300
2025-05-19;81.85000;82.37000;81.61000;82.31000;13601400
2025-05-16;81.22000;82.070000;81.099998;82.070000;11973300
2025-05-15;79.58000;81.19000;79.26000;81.14000;13370000
2025-05-14;79.80000;79.91000;79.36000;79.51000;10352000
2025-05-13;80.76000;80.88000;79.65000;79.94000;13148500
2025-05-12;80.97000;81.23000;80.33000;81.029999;18914800
2025-05-09;81.029999;81.34000;80.82000;80.91000;9231500
2025-05-08;81.57000;81.95000;81.070000;81.38000;11018500
2025-05-07;81.43000;81.85000;81.16000;81.48000;10474900
2025-05-06;81.33000;81.63000;80.97000;81.35000;10506300
2025-05-05;81.58000;81.68000;81;81.49000;10236300
2025-05-02;81.58000;81.86000;81.21000;81.56000;14859700
2025-05-01;81.29000;81.55000;80.83000;81.12000;13203000
2025-04-30;81.69000;82.15000;80.67000;81.83000;10565800
2025-04-29;80.23000;81.30000;79.79000;81.24000;10065700
2025-04-28;80.91000;81.22000;80.14000;80.57000;12088900
2025-04-25;81.20000;81.44000;80;80.84000;14378000
2025-04-24;81.22000;81.33000;80.68000;81.050003;12480700
2025-04-23;82.38000;82.71000;81.13000;81.77000;17717300
2025-04-22;81.40000;82.71000;81.26000;82.24000;11258800
2025-04-21;81.94000;82.029999;80.20000;81.089996;13804400
2025-04-17;80.51000;82.26000;80.39000;81.87000;13651800
2025-04-16;81.37000;81.49000;79.82000;80.16000;13657300
2025-04-15;81.84000;81.94000;80.98000;81.029999;8920200
2025-04-14;80.69000;82.050003;80.33000;81.72000;12388100
2025-04-11;79.65000;80.86000;78.91000;80.35000;19009500
2025-04-10;79.30000;80.15000;77.97000;79.35000;25968000
2025-04-09;75.97000;79.94000;75.83000;79.31000;39358900
2025-04-08;78.71000;78.97000;75.61000;76.35000;26842500
2025-04-07;76.60000;79.38000;76.16000;77.55000;45133500
2025-04-04;81.58000;82.040001;78.46000;78.46000;35619500
2025-04-03;81.75;82.82000;81.35000;82.019997;20746100
2025-04-02;81.83000;82.059998;81.18000;81.55000;9219000
2025-04-01;81.86000;82.010002;81.32000;81.79000;11201000
2025-03-31;80.53000;81.92000;80.53000;81.67000;14299100
2025-03-28;80.92000;81.099998;80.11000;80.41000;12493200
2025-03-27;80.13000;80.97000;80.070000;80.81000;9253000
2025-03-26;78.85000;80.080002;78.85000;79.90000;11491900
2025-03-25;79.26000;79.36000;78.43000;78.68000;12703200
2025-03-24;79.029999;79.48000;78.96000;79.40000;9586600
2025-03-21;79.30000;79.53000;78.99000;79.33000;11926200
2025-03-20;79.63000;79.92000;79.24000;79.36000;10954500
2025-03-19;79.57000;79.83000;79.14000;79.75;12042700
2025-03-18;80.61000;80.71000;79.70000;79.75;9461100
2025-03-17;79.65000;80.91000;79.58000;80.67000;12470000
2025-03-14;79.15000;79.58000;78.88000;79.51000;10251300
2025-03-13;79.80000;80.12000;79.18000;79.33000;18077400
2025-03-12;80.68000;80.98000;79.62000;79.70000;22000500
2025-03-11;82.51000;82.58000;81.41000;81.47000;27913700
2025-03-10;82.99000;84.35000;82.36000;82.68000;27412700
2025-03-07;82.059998;83.43000;82.040001;82.86000;19631100
2025-03-06;82.13000;82.80000;81.94000;82.59000;13729400
2025-03-05;81.94000;82.75;81.81000;82.44000;13772700
2025-03-04;83.36000;84.14000;82.050003;82.099998;21845600
2025-03-03;82.68000;83.82000;82.68000;83.52000;18918900
2025-02-28;82.69000;83.13000;82.14000;83.080002;15163900
2025-02-27;81.64000;82.43000;81.62000;81.99000;16613700
2025-02-26;83.28000;83.36000;81.85000;82;19969500
2025-02-25;82.69000;83.88000;82.69000;83.60000;18198000
2025-02-24;81.85000;82.81000;81.81000;82.43000;14114200
2025-02-21;81.23000;82.25;80.98000;82.18000;18203300
2025-02-20;80.56000;81.23000;80.43000;81.23000;14264000
2025-02-19;81.089996;81.58000;80.89000;81.55000;6450800
2025-02-18;80.35000;80.92000;79.90000;80.90000;10432400
2025-02-14;81.38000;81.43000;80.59000;80.61000;10470300
2025-02-13;80.76000;81.49000;80.54000;81.42000;10132300
2025-02-12;79.92000;80.65000;79.87000;80.55000;10564000
2025-02-11;79.96000;80.63000;79.67000;80.61000;9157100
2025-02-10;79.56000;79.85000;79.059998;79.84000;7949600
2025-02-07;79.49000;79.68000;79.12000;79.35000;8104000
2025-02-06;80.15000;80.17000;79.22000;79.47000;9846300
2025-02-05;78.61000;79.13000;78.19000;79.11000;8847800
2025-02-04;79.019997;79.099998;78.30000;78.62000;9307500
2025-02-03;78.41000;79.45000;78.23000;79.29000;13340800
2025-01-31;79.029999;79.57000;78.93000;78.98000;10269000
2025-01-30;79.34000;79.90000;79.18000;79.73000;8192000
2025-01-29;78.88000;79.30000;78.81000;78.95000;10195100
2025-01-28;79.76000;80.099998;78.60000;78.76000;11664900
2025-01-27;78.69000;80.16000;78.68000;80.010002;17519900
2025-01-24;77.47000;77.93000;77.43000;77.90000;6685300
2025-01-23;77.11000;77.53000;76.80000;77.5;7562500
2025-01-22;77.95000;77.95000;77.15000;77.22000;8357500
2025-01-21;77.39000;77.90000;77.31000;77.60000;8849500
2025-01-17;76.94000;77.40000;76.85000;77.24000;10524800
2025-01-16;76.080002;76.88000;75.81000;76.80000;11223400
2025-01-15;76.91000;77.15000;76.11000;76.23000;11426800
2025-01-14;76.56000;76.65000;76.13000;76.49000;7763700
2025-01-13;76.40000;76.66000;76.059998;76.47000;9490900
2025-01-10;76.89000;77.33000;76.24000;76.34000;13943200
2025-01-08;77.16000;77.46000;76.67000;77.38000;9277400
2025-01-07;77.71000;78.16000;77.13000;77.24000;11112800
2025-01-06;78.42000;78.44000;77.42000;77.51000;9275700
2025-01-03;78.52000;78.70000;78.050003;78.33000;6991300
2025-01-02;78.78000;79.14000;78.11000;78.37000;9321800
2024-12-31;78.53000;78.86000;78.16000;78.61000;6125500
2024-12-30;78.96000;79.010002;78.12000;78.37000;7249300
2024-12-27;79.32000;79.72000;79.010002;79.30000;6601700
2024-12-26;79.29000;79.74000;79.22000;79.69000;4253700
2024-12-24;78.85000;79.49000;78.74000;79.44000;3932600
2024-12-23;79.050003;79.23000;78.16000;78.92000;11469000
2024-12-20;79.62000;80.40000;79.35000;79.94000;11035400
2024-12-19;80.16000;80.56000;79.66000;79.66000;15778400
2024-12-18;81.16000;81.43000;80.21000;80.23000;17223000
2024-12-17;81.44000;81.89000;81.33000;81.47000;8535900
2024-12-16;82.070000;82.48000;81.59000;81.61000;6495000
2024-12-13;82.089996;82.52000;81.63000;82.040001;8154300
2024-12-12;82.53000;82.62000;82.12000;82.25;5410800
2024-12-11;82.77000;83.11000;81.97000;82.010002;9046100
2024-12-10;82.19000;82.84000;81.86000;82.64000;8497200
2024-12-09;82.5;82.88000;82.029999;82.25;11614000
2024-12-06;82.81000;83.29000;82.38000;82.38000;7180600
2024-12-05;82.55000;82.95000;82.33000;82.79000;12639000
2024-12-04;82.47000;82.58000;82.050003;82.46000;10100900
2024-12-03;83.050003;83.11000;82.54000;82.69000;11053200
2024-12-02;83.14000;83.22000;82.52000;83.12000;10750100
2024-11-29;82.78000;83.30000;82.67000;83.22000;4982600
2024-11-27;83;83.24000;82.65000;82.80000;7067800
2024-11-26;82.24000;82.71000;82.14000;82.63000;6973600
2024-11-25;82.38000;82.63000;82.040001;82.29000;8243100
2024-11-22;81.54000;81.91000;81.44000;81.84000;7703800
2024-11-21;80.31000;81.18000;80.089996;81.089996;8185800
2024-11-20;79.90000;80.22000;79.53000;80.22000;7687200
2024-11-19;80.73000;80.89000;80.14000;80.63000;8020800
2024-11-18;80.14000;80.67000;80.050003;80.52000;8747600
2024-11-15;80.60000;80.66000;79.92000;79.96000;11359100
2024-11-14;80.67000;81.14000;80.61000;80.67000;7572200
2024-11-13;80.64000;80.95000;80.40000;80.87000;6781600
2024-11-12;80.84000;80.95000;80.49000;80.63000;13518000
2024-11-11;80.71000;81.45000;80.48000;80.54000;9273800
2024-11-08;79.86000;81.019997;79.85000;80.82000;11530300
2024-11-07;79.73000;80.31000;79.67000;79.85000;17598100
2024-11-06;81.089996;81.21000;79.36000;79.56000;18487700
2024-11-05;80.17000;80.88000;80.019997;80.88000;5304800
2024-11-04;80.27000;80.61000;80.15000;80.37000;6958900
2024-11-01;80.38000;80.44000;80.050003;80.15000;7916100
2024-10-31;80.080002;80.59000;79.96000;80.12000;10905300
2024-10-30;80.30000;80.54000;80.050003;80.28000;8504800
2024-10-29;80.83000;81.040001;80.36000;80.41000;9459900
2024-10-28;81.38000;81.56000;81.17000;81.21000;5714200
2024-10-25;81.74000;81.87000;80.99000;81.059998;6546900
2024-10-24;81.83000;82;81.5;81.74000;6211500
2024-10-23;81.60000;81.97000;81.44000;81.85000;6926500
2024-10-22;81.43000;82.11000;81.35000;82.010002;8912400
2024-10-21;82.21000;82.39000;81.47000;81.55000;8704600
2024-10-18;81.88000;82.27000;81.64000;82.24000;8314200
2024-10-17;82.54000;82.65000;81.84000;82.059998;7716400
2024-10-16;82.21000;82.54000;82.019997;82.43000;7720300
2024-10-15;82.080002;83.19000;82.080002;82.49000;11287700
2024-10-14;81.60000;82.010002;81.47000;81.97000;6263000
2024-10-11;81.47000;81.72000;81.11000;81.64000;8741500
2024-10-10;81.53000;81.70000;80.99000;81.19000;9122600
2024-10-09;81.13000;81.67000;81;81.55000;9276300
2024-10-08;80.69000;81.16000;80.47000;81.059998;8218300
2024-10-07;81.5;81.5;80.56000;80.66000;9270800
2024-10-04;81.070000;81.57000;80.95000;81.47000;12463000
2024-10-03;81.69000;81.81000;81.059998;81.20000;11507900
2024-10-02;82.5;82.51000;81.86000;82.019997;10788300
2024-10-01;83.029999;83.14000;82.47000;82.72000;15725800
2024-09-30;83.32000;83.48000;82.68000;83;8468900
2024-09-27;82.98000;83.5;82.88000;83.019997;6432600
2024-09-26;82.53000;83.25;82.53000;82.87000;8565600
2024-09-25;83.18000;83.26000;82.56000;82.68000;6100900
2024-09-24;82.98000;83.28000;82.69000;82.89000;8985100
2024-09-23;82.44000;83.36000;82.38000;83.089996;11985900
2024-09-20;82.57000;83.11000;82.43000;83.050003;12719100
2024-09-19;83.36000;83.37000;82.52000;82.65000;14934200
2024-09-18;83.40000;83.86000;82.80000;83.14000;12935600
2024-09-17;83.97000;84.21000;83.36000;83.46000;8404900
2024-09-16;84.15000;84.53000;83.87000;84.26000;7794600
2024-09-13;83.40000;84;83.22000;83.93000;5953700
2024-09-12;82.85000;83.43000;82.57000;83.34000;8659100
2024-09-11;83.31000;83.37000;82.080002;82.83000;14556400
2024-09-10;83.51000;84;83.39000;83.61000;14002500
2024-09-09;83;83.79000;82.86000;83.63000;10061000
2024-09-06;83.15000;83.51000;82.89000;82.99000;12616500
2024-09-05;83.5;83.63000;82.74000;83.16000;12775800
2024-09-04;82.94000;83.54000;82.86000;83.48000;19276700
2024-09-03;82.53000;83.37000;82.43000;83.089996;15503700
2024-08-30;82.019997;82.58000;81.80000;82.51000;8884800
2024-08-29;82.17000;82.17000;81.69000;81.86000;6343700
2024-08-28;82.64000;82.75;81.96000;82.27000;6666800
2024-08-27;82.54000;82.77000;82.31000;82.62000;5674600
2024-08-26;81.93000;82.59000;81.92000;82.42000;7270700
2024-08-23;81.75;81.86000;81.33000;81.84000;6505100
2024-08-22;81.95000;81.95000;81.26000;81.61000;7632600
2024-08-21;81.86000;82.29000;81.5;81.73000;7960700
2024-08-20;80.76000;81.18000;80.63000;81.18000;6931200
2024-08-19;80.60000;80.97000;80.57000;80.78000;7330000
2024-08-16;80.21000;80.58000;80.080002;80.51000;6976700
2024-08-15;80.59000;80.81000;80.050003;80.29000;7745200
2024-08-14;79.050003;79.71000;78.92000;79.47000;7264000
2024-08-13;78.75;79.13000;78.35000;79.11000;7513900
2024-08-12;79.11000;79.17000;78.55000;78.75;9735300
2024-08-09;78.87000;79.29000;78.53000;79.15000;10319800
2024-08-08;78.099998;79.16000;78.019997;79.029999;13889800
2024-08-07;78.57000;79.40000;78.27000;78.32000;14182300
2024-08-06;78.080002;79.089996;77.99000;78.24000;15801400
2024-08-05;79.12000;79.35000;77.44000;77.70000;29057400
2024-08-02;79.17000;79.75;77.80000;79.26000;24086900
2024-08-01;78;78.74000;77.76000;78.57000;16535000
2024-07-31;77.99000;78.34000;77.51000;77.85000;10474100
2024-07-30;77.58000;78.12000;77.24000;77.99000;11818400
2024-07-29;78.34000;78.69000;77.94000;78.52000;9115000
2024-07-26;78.010002;78.58000;77.82000;78.49000;10271900
2024-07-25;78.059998;78.88000;77.70000;77.70000;15686200
2024-07-24;77.58000;77.93000;77.28000;77.79000;10620400
2024-07-23;78.22000;78.36000;77.79000;77.86000;6937900
2024-07-22;78.27000;78.33000;77.77000;78.14000;9408200
2024-07-19;78.55000;78.65000;77.97000;78.089996;11816500
2024-07-18;78.45000;79.15000;78.34000;78.35000;14877200
2024-07-17;77.86000;78.89000;77.84000;78.74000;18297900
2024-07-16;77.029999;77.75;76.92000;77.74000;7987300
2024-07-15;77.40000;77.60000;76.94000;77;8481200
2024-07-12;77.52000;77.86000;77.19000;77.45000;10028200
2024-07-11;77.29000;77.43000;76.89000;77.11000;11414600
2024-07-10;77.20000;77.43000;77.010002;77.40000;7249100
2024-07-09;77.26000;77.43000;77.029999;77.059998;5635700
2024-07-08;77.44000;77.53000;77.050003;77.26000;4486800
2024-07-05;76.44000;77.43000;76.33000;77.38000;7202900
2024-07-03;76.44000;76.71000;76.24000;76.44000;5600600
2024-07-02;76.13000;76.58000;75.89000;76.57000;8233400
2024-07-01;76.98000;77.27000;75.98000;76.040001;9275300
2024-06-28;76.91000;77;76.38000;76.58000;8396900
2024-06-27;77.23000;77.30000;76.60000;76.92000;4592300
2024-06-26;76.87000;77.44000;76.71000;77.25;8405200
2024-06-25;77.62000;77.73000;77.11000;77.41000;10705700
2024-06-24;77.27000;78.010002;77.11000;77.91000;9722600
2024-06-21;77.77000;78.17000;77.61000;77.67000;11595400
2024-06-20;77.64000;78.010002;77.41000;77.61000;9316300
2024-06-18;77.56000;77.88000;77.45000;77.78000;6567100
2024-06-17;76.66000;77.82000;76.5;77.68000;8762000
2024-06-14;76.59000;76.95000;76.39000;76.95000;7246400
2024-06-13;76.68000;76.88000;76.36000;76.81000;8723500
2024-06-12;77.71000;77.75;76.52000;76.71000;14172800
2024-06-11;77.49000;77.56000;76.92000;77.56000;8583700
2024-06-10;77.78000;77.80000;77.099998;77.60000;10033800
2024-06-07;78.029999;78.25;77.58000;77.66000;7490500
2024-06-06;77.76000;78.33000;77.60000;78.050003;9759400
2024-06-05;77.88000;77.99000;77.19000;77.81000;9095100
2024-06-04;77.32000;78.11000;77.19000;77.98000;9097500
2024-06-03;77.089996;77.68000;76.86000;77.31000;12223400
2024-05-31;76.080002;77.38000;75.73000;77.34000;11873900
2024-05-30;76.17000;76.36000;75.97000;76.15000;7404400
2024-05-29;76.089996;76.36000;75.92000;75.95000;10402400
2024-05-28;76.85000;77.059998;76.22000;76.5;8840700
2024-05-24;77.17000;77.40000;77.059998;77.099998;6943200
2024-05-23;77.58000;77.71000;76.86000;76.90000;10751300
2024-05-22;77.60000;78.080002;77.46000;77.82000;9395100
2024-05-21;77.88000;78.16000;77.72000;78.13000;6595200
2024-05-20;78.19000;78.19000;77.58000;77.67000;9226400
2024-05-17;78.31000;78.38000;78.010002;78.21000;11265700
2024-05-16;78;78.61000;77.83000;78.40000;17360400
2024-05-15;77.050003;77.42000;77.050003;77.30000;18143000
2024-05-14;77.47000;77.60000;76.87000;77.25;10117600
2024-05-13;77.77000;78;77.27000;77.40000;11755400
2024-05-10;77.17000;77.71000;77.099998;77.62000;10774900
2024-05-09;76.59000;77.18000;76.54000;77.18000;12851900
2024-05-08;76.74000;76.89000;76.42000;76.52000;12686000
2024-05-07;76.24000;76.79000;76.24000;76.75;14641800
2024-05-06;76.050003;76.14000;75.43000;75.92000;12508400
2024-05-03;75.68000;76.029999;75.25;75.88000;18088200
2024-05-02;75.27000;75.92000;74.98000;75.65000;22820400
2024-05-01;75.28000;75.57000;74.71000;75.019997;24867400
2024-04-30;75.75;75.77000;75.32000;75.5;12517400
2024-04-29;75.61000;75.86000;75.38000;75.83000;9244000
2024-04-26;75.48000;76;75.43000;75.59000;13488200
2024-04-25;76.089996;76.47000;75.47000;75.75;14352600
2024-04-24;74.84000;76.019997;74.49000;75.93000;15011000
2024-04-23;75.27000;75.43000;75.019997;75.36000;12821100
2024-04-22;74.59000;75.35000;74.26000;75.15000;12181600
2024-04-19;73.69000;74.48000;73.56000;74.44000;15841900
2024-04-18;73.62000;73.89000;73.47000;73.72000;11964200
2024-04-17;73.54000;73.64000;73.029999;73.38000;12731500
2024-04-16;73.23000;73.33000;72.93000;73.11000;12737600
2024-04-15;73.83000;74.019997;72.97000;73.080002;12119600
2024-04-12;73.83000;74.019997;73.30000;73.38000;14605400
2024-04-11;74.67000;74.69000;73.90000;74.13000;10551900
2024-04-10;74;74.43000;73.77000;74.31000;15018400
2024-04-09;74.44000;74.60000;74.019997;74.58000;12633200
2024-04-08;74.20000;74.49000;74.15000;74.22000;10040700
2024-04-05;74.15000;74.56000;73.99000;74.33000;11148900
2024-04-04;74.86000;74.99000;74.11000;74.21000;18289500
2024-04-03;75.33000;75.33000;74.41000;74.53000;16094700
2024-04-02;75.75;75.86000;75.24000;75.36000;16269200
2024-04-01;76.35000;76.46000;75.75;75.75;13205200
2024-03-28;76.49000;76.61000;76.26000;76.36000;9172700
2024-03-27;75.85000;76.26000;75.85000;76.26000;9848100
2024-03-26;75.52000;75.69000;75.41000;75.47000;7964400
2024-03-25;75.64000;75.82000;75.27000;75.43000;11003700
2024-03-22;76.010002;76.13000;75.62000;75.64000;10942300
2024-03-21;76.010002;76.27000;75.69000;76.010002;8936100
2024-03-20;75.85000;76;75.57000;75.97000;10986100
2024-03-19;75.56000;75.78000;75.52000;75.74000;10245900
2024-03-18;74.89000;75.68000;74.89000;75.46000;10229000
2024-03-15;75.20000;75.61000;75.080002;75.53000;14247900
2024-03-14;76.099998;76.28000;75.31000;75.56000;14086100
2024-03-13;75.95000;76.20000;75.83000;76.15000;9739500
2024-03-12;75.74000;76.19000;75.64000;75.96000;10454900
2024-03-11;75.33000;75.68000;75.11000;75.57000;9316500
2024-03-08;75.25;75.39000;74.89000;75.16000;13301600
2024-03-07;75.64000;75.83000;75.46000;75.76000;9174900
2024-03-06;75.050003;75.46000;74.98000;75.33000;11816200
2024-03-05;74.84000;75.22000;74.55000;74.70000;15708400
2024-03-04;74.17000;74.58000;74.15000;74.52000;15912700
2024-03-01;74.25;74.54000;73.94000;74.46000;15512000
2024-02-29;74.80000;74.91000;74.31000;74.45000;14083400
2024-02-28;74.44000;74.64000;74.25;74.57000;6768700
2024-02-27;74.41000;74.53000;74.28000;74.49000;8294300
2024-02-26;74.80000;74.82000;74.37000;74.48000;11806000
2024-02-23;74.59000;75.16000;74.46000;74.78000;12548300
2024-02-22;73.99000;74.63000;73.69000;74.55000;11744900
2024-02-21;74.19000;74.44000;73.97000;74.32000;13776600
2024-02-20;73.80000;74.47000;73.68000;74.050003;15388700
2024-02-16;73.099998;73.62000;72.79000;73.28000;15568300
2024-02-15;72.99000;73.27000;72.91000;73.17000;14235700
2024-02-14;72.78000;72.82000;72.36000;72.70000;15191300
2024-02-13;73.58000;73.79000;72.40000;72.84000;21640600
2024-02-12;73.19000;73.64000;72.80000;73.63000;13422900
2024-02-09;73.60000;73.60000;73;73.11000;20698800
2024-02-08;73.69000;74.080002;73.47000;73.79000;16287600
2024-02-07;74.19000;74.23000;73.74000;73.81000;7544100
2024-02-06;73.71000;73.92000;73.47000;73.88000;11224200
2024-02-05;74.19000;74.24000;73.69000;73.71000;14564700
2024-02-02;74.19000;74.48000;73.81000;74.17000;23158000
2024-02-01;72.95000;74.41000;72.72000;74.41000;20588700
2024-01-31;73.44000;73.65000;72.83000;72.92000;17220600
2024-01-30;72.94000;73.5;72.68000;73.46000;11058900
2024-01-29;72.83000;73.080002;72.57000;73.050003;9321900
2024-01-26;72.42000;72.74000;72.42000;72.63000;7432800
2024-01-25;71.89000;72.28000;71.59000;72.28000;12160900
2024-01-24;72.42000;72.46000;71.57000;71.59000;12290500
2024-01-23;72.080002;72.59000;72.059998;72.48000;13859600
2024-01-22;71.74000;72;71.56000;71.70000;15078600
2024-01-19;72.32000;72.34000;71.68000;72.050003;11309600
2024-01-18;72.17000;72.31000;71.71000;72.26000;10548800
2024-01-17;72.23000;72.60000;72.080002;72.35000;9641400
2024-01-16;72.81000;72.85000;72.11000;72.40000;11566900
2024-01-12;72.82000;72.98000;72.55000;72.80000;7712800
2024-01-11;72.5;72.61000;72.080002;72.57000;9507800
2024-01-10;72.67000;73;72.36000;72.58000;11113300
2024-01-09;72.27000;72.73000;72.010002;72.73000;7838600
2024-01-08;72.019997;72.57000;71.98000;72.54000;9409000
2024-01-05;72.21000;72.48000;71.59000;72.010002;12802200
2024-01-04;72.22000;72.66000;72.019997;72.17000;10865000
2024-01-03;72.97000;73.089996;72.16000;72.27000;13979700
2024-01-02;71.77000;72.96000;71.77000;72.84000;12912000
2023-12-29;71.78000;72.070000;71.71000;72.029999;10412300
2023-12-28;71.75;71.97000;71.65000;71.88000;6466000
2023-12-27;71.54000;71.85000;71.44000;71.85000;7566700
2023-12-26;71.070000;71.70000;71.070000;71.52000;6915800
2023-12-22;70.86000;71.35000;70.79000;71.22000;7831800
2023-12-21;70.57000;70.75;70.12000;70.68000;10971900
2023-12-20;71.11000;71.27000;70.19000;70.19000;16705400
2023-12-19;71.31000;71.66000;71.28000;71.58000;8283200
2023-12-18;71.010002;71.70000;70.86000;71.44000;11816000
2023-12-15;71.14000;71.44000;70.96000;71.24000;17432700
2023-12-14;72.36000;72.47000;71.19000;71.24000;16056700
2023-12-13;71;72.32000;70.82000;72.30000;14052700
2023-12-12;70.93000;71.010002;70.61000;71.010002;8764500
2023-12-11;70.5;70.81000;70.39000;70.78000;16192800
2023-12-08;70.47000;70.53000;70.010002;70.11000;8191300
2023-12-07;70.5;70.83000;70.25;70.60000;8460000
2023-12-06;70.32000;70.47000;70.010002;70.30000;11008700
2023-12-05;70.93000;71.099998;70.39000;70.48000;11565900
2023-12-04;70.56000;71.28000;70.56000;71.040001;11386300
2023-12-01;70.61000;70.98000;70.40000;70.95000;13489300
2023-11-30;70.029999;70.70000;69.57000;70.66000;11803600
2023-11-29;70.60000;70.60000;69.87000;69.96000;9873800
2023-11-28;70.19000;70.71000;70.18000;70.53000;8562300
2023-11-27;70.34000;70.47000;70.17000;70.21000;11746800
2023-11-24;70.16000;70.47000;70.16000;70.41000;4500800
2023-11-22;69.80000;70.19000;69.80000;70.15000;8862100
2023-11-21;69.43000;69.70000;69.13000;69.65000;11681400
2023-11-20;69.20000;69.56000;69.15000;69.44000;11651300
2023-11-17;69.67000;69.72000;69.24000;69.49000;10761100
2023-11-16;69.72000;70.019997;69.44000;69.58000;16536300
2023-11-15;70.40000;70.59000;70.22000;70.45000;10618900
2023-11-14;69.53000;70.12000;69.5;69.89000;13606200
2023-11-13;68.90000;69.38000;68.84000;69.18000;8540800
2023-11-10;68.64000;69.029999;68.27000;68.96000;9266200
2023-11-09;68.84000;68.90000;68.32000;68.48000;10336900
2023-11-08;69.16000;69.26000;68.57000;68.76000;10481700
2023-11-07;68.88000;69.32000;68.80000;69.029999;12567700
2023-11-06;68.77000;69.16000;68.72000;68.86000;14663200
2023-11-03;69.070000;69.34000;68.75;68.75;17201100
2023-11-02;68.029999;68.77000;67.77000;68.67000;21175900
2023-11-01;67.91000;68.050003;67.41000;67.79000;18709400
2023-10-31;67.68000;67.93000;67.34000;67.86000;8586400
2023-10-30;66.83000;67.74000;66.83000;67.62000;12224000
2023-10-27;67.38000;67.65000;66.38000;66.58000;17587700
2023-10-26;67.97000;68.22000;67.48000;67.5;13662200
2023-10-25;67.60000;68.24000;67.42000;67.94000;11351100
2023-10-24;67.24000;67.83000;67.22000;67.71000;12055600
2023-10-23;67.19000;67.63000;66.95000;67.14000;13777300
2023-10-20;67.68000;67.98000;67.27000;67.27000;14730100
2023-10-19;67.98000;68.25;67.51000;67.53000;18237000
2023-10-18;68.059998;68.55000;67.92000;68.029999;16617700
2023-10-17;67.22000;67.91000;67.22000;67.78000;13192200
2023-10-16;67.19000;67.70000;66.91000;67.49000;16172800
2023-10-13;66.34000;66.90000;66.22000;66.80000;15641000
2023-10-12;67.15000;67.18000;65.99000;66.22000;15185000
2023-10-11;67.71000;67.83000;66.65000;66.95000;18293200
2023-10-10;67.28000;67.74000;67.070000;67.41000;18809600
2023-10-09;66.42000;66.76000;65.95000;66.73000;15662900
2023-10-06;66.75;66.90000;65.18000;66.67000;28722400
2023-10-05;68.26000;68.34000;67.010002;67.040001;15757300
2023-10-04;68.019997;68.44000;67.63000;68.39000;15125900
2023-10-03;68.14000;68.49000;67.80000;67.85000;15396200
2023-10-02;68.65000;68.74000;67.89000;68.34000;12642500
2023-09-29;69.23000;69.34000;68.44000;68.81000;11797500
2023-09-28;68.90000;69.19000;68.72000;69.010002;12094400
2023-09-27;69.27000;69.49000;68.44000;68.80000;14182700
2023-09-26;69.59000;69.79000;69.30000;69.37000;11541000
2023-09-25;69.92000;70.070000;69.57000;69.89000;9137600
2023-09-22;70.54000;70.72000;70.099998;70.14000;12243000
2023-09-21;71.38000;71.46000;70.51000;70.52000;11869900
2023-09-20;71.57000;71.92000;71.23000;71.44000;10841700
2023-09-19;71.42000;71.5;71.010002;71.37000;7733500
2023-09-18;71.80000;71.83000;71.24000;71.54000;6841200
2023-09-15;72.5;72.76000;71.99000;72.050003;10891600
2023-09-14;72.12000;72.70000;72.089996;72.65000;9356000
2023-09-13;71.82000;72.099998;71.67000;71.92000;7863700
2023-09-12;72.36000;72.38000;71.64000;71.70000;13300200
2023-09-11;71.80000;72.38000;71.80000;72.32000;8450700
2023-09-08;71.64000;71.71000;71.42000;71.70000;8323000
2023-09-07;71.57000;71.87000;71.32000;71.61000;10149000
2023-09-06;71.44000;71.60000;71.21000;71.44000;9050100
2023-09-05;72.010002;72.28000;71.52000;71.52000;8634200
2023-09-01;73;73.040001;71.90000;72.14000;8346400
2023-08-31;72.86000;73.12000;72.75;72.76000;7731300
2023-08-30;73.099998;73.36000;72.93000;73.13000;9679300
2023-08-29;72.79000;73.050003;72.38000;73.010002;9502800
2023-08-28;72.66000;72.88000;72.5;72.75;6914800
2023-08-25;72.32000;72.60000;71.97000;72.42000;13088500
2023-08-24;72.35000;73;72;72.019997;13797500
2023-08-23;72.37000;72.60000;72.25;72.60000;10796800
2023-08-22;72.30000;72.38000;72.019997;72.12000;11496500
2023-08-21;72.83000;72.97000;72.22000;72.53000;12005400
2023-08-18;72.63000;73.17000;72.56000;73.019997;12334500
2023-08-17;73.48000;73.67000;72.64000;72.75;11798000
2023-08-16;73.93000;74.14000;73.37000;73.46000;14814900
2023-08-15;74.22000;74.34000;73.60000;73.63000;13257500
2023-08-14;74.90000;75.099998;74.30000;74.43000;11483800
2023-08-11;74.71000;74.99000;74.53000;74.80000;7472500
2023-08-10;75.070000;75.53000;74.58000;74.68000;10357700
2023-08-09;74.76000;75.22000;74.64000;74.83000;11912200
2023-08-08;75.21000;75.29000;74.52000;74.72000;11413600
2023-08-07;74.79000;75.34000;74.77000;75.26000;8875600
2023-08-04;75.5;75.68000;74.58000;74.65000;10022800
2023-08-03;75.57000;75.76000;75.36000;75.40000;8774900
2023-08-02;75.040001;76.080002;75.040001;75.61000;11509700
2023-08-01;75.65000;75.97000;75.28000;75.34000;9376700
2023-07-31;76;76.23000;75.46000;75.75;10057100
2023-07-28;75.98000;76.40000;75.78000;76.099998;9672400
2023-07-27;76.13000;76.31000;75.32000;75.32000;10008500
2023-07-26;75.70000;76.21000;75.58000;75.99000;10506500
2023-07-25;75.83000;75.92000;75.51000;75.90000;8576600
2023-07-24;75.61000;76.029999;75.54000;75.92000;10692500
2023-07-21;75.49000;75.84000;75.40000;75.63000;13836800
2023-07-20;74.80000;75.47000;74.64000;75.37000;16106300
2023-07-19;74.22000;74.81000;74.17000;74.73000;14718700
2023-07-18;73.99000;74.61000;73.75;73.98000;10124900
2023-07-17;74;74.31000;73.79000;74.059998;9496300
2023-07-14;74.050003;74.41000;73.83000;74.28000;12475600
2023-07-13;73.85000;74.16000;73.55000;74.029999;10581500
2023-07-12;73.68000;73.92000;73.56000;73.72000;12680900
2023-07-11;73.5;73.66000;73.11000;73.55000;9812500
2023-07-10;73.57000;74.16000;73.35000;73.44000;11953600
2023-07-07;74.25;74.25;73.41000;73.46000;16405400
2023-07-06;74.28000;74.47000;74.050003;74.43000;14881300
2023-07-05;74.44000;74.69000;74.35000;74.62000;17579200
2023-07-03;74.059998;74.75;73.86000;74.75;12817100
2023-06-30;73.70000;74.28000;73.64000;74.17000;14266200
2023-06-29;73.24000;73.65000;73;73.53000;10018000
2023-06-28;73.76000;73.81000;73.20000;73.60000;12800400
2023-06-27;73.68000;74.17000;73.66000;74.099998;8965400
2023-06-26;73.78000;73.91000;73.26000;73.88000;8955400
2023-06-23;74.39000;74.39000;73.74000;73.78000;9706900
2023-06-22;74.22000;74.38000;73.98000;74.27000;17247600
2023-06-21;73.54000;74.080002;73.26000;73.84000;13633500
2023-06-20;74.050003;74.28000;73.56000;73.58000;9731800
2023-06-16;74.81000;75.050003;74.60000;74.67000;12672900
2023-06-15;74.099998;74.76000;73.96000;74.58000;16251200
2023-06-14;73.73000;74.089996;73.51000;73.84000;13849900
2023-06-13;72.99000;73.5;72.89000;73.39000;8401800
2023-06-12;73.20000;73.27000;72.72000;73.089996;11357600
2023-06-09;72.98000;73.34000;72.83000;73.11000;8756200
2023-06-08;72.81000;73.25;72.64000;73.23000;8881300
2023-06-07;72.5;72.93000;72.28000;72.73000;13595100
2023-06-06;73.41000;73.55000;72.55000;72.97000;10796900
2023-06-05;73.5;74.029999;73.21000;73.34000;9629600
2023-06-02;72.64000;73.66000;72.62000;73.61000;14719800
2023-06-01;72.65000;72.73000;72.24000;72.61000;13836100
2023-05-31;72.68000;73.070000;72.31000;72.67000;22328600
2023-05-30;73;73.18000;72.35000;72.59000;22766900
2023-05-26;73.11000;73.55000;72.86000;73.43000;15531000
2023-05-25;73.089996;73.44000;72.63000;73.18000;17725000
2023-05-24;74.25;74.30000;73.68000;73.74000;11901800
2023-05-23;74.57000;74.63000;74.12000;74.22000;13700400
2023-05-22;75.72000;75.85000;74.73000;74.77000;14575700
2023-05-19;76.029999;76.12000;75.58000;75.92000;10457600
2023-05-18;75.96000;76.059998;75.41000;75.87000;10765300
2023-05-17;76.48000;76.49000;75.77000;76.24000;10891300
2023-05-16;76.82000;76.82000;76.17000;76.28000;11310700
2023-05-15;77.24000;77.34000;76.59000;76.93000;8652200
2023-05-12;76.90000;77.15000;76.74000;77.12000;7012000
2023-05-11;76.57000;76.87000;76.15000;76.82000;11790600
2023-05-10;76.73000;77.059998;76.059998;76.59000;12259100
2023-05-09;76.96000;76.96000;76.57000;76.71000;6939500
2023-05-08;76.91000;77.050003;76.69000;76.95000;8069200
2023-05-05;76.59000;77.24000;76.5;77.18000;10479100
2023-05-04;76.74000;76.86000;76.22000;76.47000;11682600
2023-05-03;77.059998;77.38000;76.64000;76.66000;11656600
2023-05-02;77.43000;77.47000;76.51000;77.29000;19136000
2023-05-01;77.31000;77.82000;77.29000;77.5;10860800
2023-04-28;77.23000;77.58000;77.040001;77.44000;9757600
2023-04-27;76.22000;77.11000;76.17000;77.029999;11287800
2023-04-26;76.42000;76.72000;76.14000;76.18000;8778800
2023-04-25;76.86000;77.37000;76.69000;76.78000;12179700
2023-04-24;76.57000;76.93000;76.57000;76.88000;8723100
2023-04-21;76.53000;76.97000;76.41000;76.57000;10431000
2023-04-20;75.57000;76.26000;75.53000;76.019997;7329500
2023-04-19;75.98000;76.059998;75.61000;75.84000;6283600
2023-04-18;75.65000;75.96000;75.41000;75.89000;7233100
2023-04-17;75.33000;75.67000;75.24000;75.66000;9683400
2023-04-14;75.46000;75.79000;74.97000;75.18000;8789700
2023-04-13;75.27000;75.70000;74.92000;75.66000;12919000
2023-04-12;75.57000;75.82000;75.14000;75.24000;10386400
2023-04-11;75.5;75.79000;75.44000;75.58000;12944300
2023-04-10;75.099998;75.38000;74.64000;75.36000;9423400
2023-04-06;75.23000;75.49000;74.91000;75.36000;8616800
2023-04-05;75.16000;75.63000;75.16000;75.30000;12409900
2023-04-04;75.070000;75.39000;74.79000;74.95000;7272900
2023-04-03;74.76000;75.26000;74.48000;75.099998;9607700
2023-03-31;74.49000;74.74000;74.36000;74.71000;10338700
2023-03-30;74.089996;74.30000;73.88000;74.11000;10737800
2023-03-29;73.90000;73.98000;73.71000;73.90000;9483400
2023-03-28;73.47000;73.89000;73.39000;73.49000;11593400
2023-03-27;73.22000;73.69000;73.21000;73.36000;10865500
2023-03-24;71.94000;73.040001;71.86000;72.97000;12352500
2023-03-23;72.22000;72.48000;71.48000;71.75;12160300
2023-03-22;72.83000;73.14000;72.019997;72.029999;11942200
2023-03-21;72.87000;73.029999;72.19000;72.70000;12499700
2023-03-20;72.040001;72.83000;72.010002;72.76000;14130900
2023-03-17;72.54000;72.66000;71.79000;72.11000;13283900
2023-03-16;72.54000;72.71000;72.13000;72.64000;15712500
2023-03-15;71.65000;72.68000;71.49000;72.59000;21438000
2023-03-14;71.68000;72.16000;71.43000;72.12000;19139200
2023-03-13;71.040001;72.58000;71;71.47000;29831400
2023-03-10;71.60000;71.88000;70.85000;71.11000;19026300
2023-03-09;72.41000;72.53000;71.25;71.46000;15612700
2023-03-08;71.94000;72.21000;71.69000;72.13000;11170800
2023-03-07;72.74000;72.98000;71.89000;72.010002;10059400
2023-03-06;72.34000;72.84000;72.31000;72.73000;8356000
2023-03-03;72.48000;72.61000;71.87000;72.54000;12384300
2023-03-02;71.51000;72.62000;71.44000;72.48000;9876000
2023-03-01;71.81000;71.89000;70.93000;71.5;10475000
2023-02-28;72.33000;72.46000;72;72.029999;9757300
2023-02-27;73.059998;73.26000;72.47000;72.63000;10162300
2023-02-24;72.66000;72.83000;72.27000;72.71000;11340600
2023-02-23;73.36000;73.56000;72.75;73.20000;12700000
2023-02-22;73.5;74.010002;73.11000;73.29000;8851000
2023-02-21;73.38000;73.79000;73.010002;73.40000;8974700
2023-02-17;72.53000;73.71000;72.53000;73.68000;11116000
2023-02-16;72.62000;73.18000;72.31000;72.74000;8355100
2023-02-15;72.98000;73.29000;72.68000;73.27000;9006000
2023-02-14;73.75;73.78000;72.88000;73.13000;9344700
2023-02-13;73.19000;73.83000;73.15000;73.80000;7440500
2023-02-10;72.30000;73.029999;72.15000;72.97000;8197200
2023-02-09;73;73.26000;72.21000;72.30000;8341500
2023-02-08;72.78000;72.91000;72.49000;72.62000;8933500
2023-02-07;72.96000;73.32000;72.45000;73.18000;9268200
2023-02-06;73.28000;73.63000;73.23000;73.49000;7208900
2023-02-03;73.91000;73.93000;72.86000;73.40000;12874800
2023-02-02;73.83000;74.17000;73.36000;73.69000;12238800
2023-02-01;73.68000;74.66000;73.36000;74.33000;15447600
2023-01-31;73.089996;73.75;72.87000;73.74000;8002700
2023-01-30;72.71000;73.5;72.71000;72.95000;10463100
2023-01-27;73.019997;73.19000;72.51000;72.86000;10341700
2023-01-26;73.25;73.31000;72.83000;73.070000;8081500
2023-01-25;72.71000;73.33000;72.35000;73.33000;11606800
2023-01-24;72.83000;73.35000;72.40000;73.15000;13465600
2023-01-23;72.76000;73.22000;72.55000;72.85000;12000200
2023-01-20;72.11000;72.65000;71.60000;72.62000;12349600
2023-01-19;72.46000;72.79000;72.040001;72.059998;12421500
2023-01-18;74.61000;74.66000;72.64000;72.75;16069900
2023-01-17;74.86000;75.42000;74.68000;74.79000;9006800
2023-01-13;74.19000;74.76000;74.14000;74.74000;9274200
2023-01-12;75.14000;75.15000;74.21000;74.39000;9841300
2023-01-11;75.19000;75.41000;74.32000;74.98000;9848300
2023-01-10;75.13000;75.25;74.69000;74.94000;8427900
2023-01-09;75.73000;76.25;75.040001;75.040001;11081800
2023-01-06;74.76000;76.080002;74.70000;75.78000;9982400
2023-01-05;74.42000;74.49000;73.66000;73.81000;9848200
2023-01-04;74.48000;75.019997;74.089996;74.56000;12197300
2023-01-03;74.59000;74.62000;73.52000;74.27000;14433300
2022-12-30;74.77000;74.83000;74.010002;74.55000;6249900
2022-12-29;74.90000;75.19000;74.78000;74.92000;5574800
2022-12-28;75.76000;75.86000;74.60000;74.60000;5028900
2022-12-27;75.28000;75.69000;75.12000;75.54000;4839700
2022-12-23;74.83000;75.23000;74.58000;75.18000;4874700
2022-12-22;74.69000;74.83000;73.96000;74.79000;6888300
2022-12-21;74.58000;75.25;74.53000;74.96000;7953100
2022-12-20;74.15000;74.51000;73.81000;74.22000;7368900
2022-12-19;74.31000;74.94000;73.84000;74.28000;8093900
2022-12-16;74.84000;75.099998;74.21000;74.86000;14561500
2022-12-15;75.89000;76.040001;74.67000;75.23000;11281000
2022-12-14;76.70000;77.27000;76.080002;76.53000;13820200
2022-12-13;77.45000;77.62000;76.099998;76.58000;11349000
2022-12-12;76.029999;76.70000;75.79000;76.69000;6996800
2022-12-09;76.11000;76.44000;75.88000;75.89000;9761700
2022-12-08;75.95000;76.49000;75.85000;76.48000;7803400
2022-12-07;75.89000;76.23000;75.75;76.070000;7298700
2022-12-06;76.30000;76.59000;75.38000;75.75;8136300
2022-12-05;76.36000;76.45000;76;76.22000;8632900
2022-12-02;76.28000;77.29000;76.19000;77.19000;6087200
2022-12-01;77.050003;77.14000;76.52000;76.84000;10215700
2022-11-30;75.62000;77.21000;75.22000;77.19000;11704200
2022-11-29;75.76000;75.92000;75.28000;75.67000;7755100
2022-11-28;75.97000;76.38000;75.85000;75.96000;8698300
2022-11-25;76.30000;76.31000;76.099998;76.25;2978000
2022-11-23;76;76.35000;75.90000;76.20000;6286400
2022-11-22;75.95000;76.010002;75.66000;75.94000;6307100
2022-11-21;74.82000;75.5;74.67000;75.39000;8054900
2022-11-18;74.49000;74.77000;74.18000;74.68000;9070800
2022-11-17;73.26000;73.93000;73.26000;73.89000;7827000
2022-11-16;73.65000;74.28000;73.61000;73.91000;9748600
2022-11-15;73.86000;74.099998;72.95000;73.55000;15064200
2022-11-14;73.45000;74.11000;72.90000;72.94000;14803000
2022-11-11;73.80000;73.88000;72.37000;73.52000;14289300
2022-11-10;73.45000;73.79000;72.38000;73.60000;19286100
2022-11-09;72.52000;72.97000;71.85000;71.91000;9465200
2022-11-08;72.71000;73.15000;71.95000;72.70000;9091700
2022-11-07;72;72.62000;71.86000;72.49000;7133600
2022-11-04;71.86000;72.25;70.91000;71.85000;11938600
2022-11-03;70.65000;71.33000;70.49000;71.010002;10624500
2022-11-02;72.36000;73.080002;71.21000;71.25;16291600
2022-11-01;72.92000;73.27000;72.25;72.51000;9535200
2022-10-31;72.96000;73.19000;72.55000;72.74000;9201000
2022-10-28;71.73000;73.30000;71.70000;73.17000;9545400
2022-10-27;71.61000;72.070000;71.49000;71.60000;9988200
2022-10-26;71.23000;72.050003;71.010002;71.54000;9483700
2022-10-25;70.31000;71.16000;69.91000;71.070000;10619600
2022-10-24;69.40000;70.29000;69.25;70.15000;11076000
2022-10-21;67.83000;69.080002;67.61000;68.91000;9613300
2022-10-20;68.86000;69.019997;67.81000;67.87000;10023200
2022-10-19;69.25;69.62000;68.55000;68.83000;8985300
2022-10-18;69.28000;69.62000;68.74000;69.15000;11000700
2022-10-17;68.24000;68.60000;68.099998;68.26000;9105200
2022-10-14;69.18000;69.26000;67.42000;67.53000;11611200
2022-10-13;67;69.029999;66.69000;68.77000;18475600
2022-10-12;67.95000;68.42000;67.64000;67.65000;10963200
2022-10-11;66.78000;67.90000;66.67000;67.29000;10783400
2022-10-10;66.62000;67.019997;66.18000;66.74000;11799000
2022-10-07;67.38000;67.46000;66.24000;66.5;13741600
2022-10-06;68.49000;68.61000;67.36000;67.51000;10607000
2022-10-05;68.55000;68.88000;67.79000;68.51000;10596100
2022-10-04;68.29000;69.27000;68.28000;68.91000;13366400
2022-10-03;67.21000;68.050003;66.84000;67.88000;12703300
2022-09-30;68.080002;68.19000;66.68000;66.73000;13427400
2022-09-29;68.89000;69.029999;67.49000;67.91000;13508200
2022-09-28;68.54000;69.39000;67.94000;69.050003;14259200
2022-09-27;69.77000;70.15000;68.099998;68.23000;17159300
2022-09-26;69.23000;70.029999;69.099998;69.43000;11638000
2022-09-23;70.19000;70.19000;68.66000;69.38000;15909500
2022-09-22;70.74000;71.059998;70.45000;70.58000;10428400
2022-09-21;71.38000;72.080002;70.64000;70.68000;14189700
2022-09-20;70.87000;71.11000;70.40000;70.95000;9169900
2022-09-19;70.60000;71.39000;70.60000;71.34000;9370400
2022-09-16;70.91000;71.41000;70.90000;71.33000;13452600
2022-09-15;71.72000;71.79000;70.97000;71.16000;11234700
2022-09-14;72.010002;72.099998;71.34000;71.76000;12291500
2022-09-13;73.65000;73.75;71.59000;71.79000;12940800
2022-09-12;74.040001;74.52000;73.94000;74.27000;8680000
2022-09-09;73.45000;74.47000;73.18000;73.98000;18139000
2022-09-08;73.089996;73.54000;72.40000;73.26000;14843900
2022-09-07;72.38000;73.54000;72.32000;73.45000;19632300
2022-09-06;72.60000;73.18000;72.050003;72.15000;21871800
2022-09-02;74.080002;74.37000;72.33000;72.56000;15846700
2022-09-01;72.86000;73.68000;72.58000;73.52000;15968200
2022-08-31;73.79000;73.92000;73.11000;73.11000;10397800
2022-08-30;74.47000;74.47000;73.37000;73.56000;10316700
2022-08-29;74.010002;74.75;73.82000;74.33000;13214300
2022-08-26;76.38000;76.47000;74.36000;74.45000;11212500
2022-08-25;76.019997;76.34000;75.66000;76.34000;6105000
2022-08-24;75.93000;76.15000;75.67000;75.99000;8061900
2022-08-23;75.85000;75.91000;75.47000;75.80000;10183400
2022-08-22;76.68000;76.70000;76;76.13000;7113700
2022-08-19;76.92000;77.28000;76.77000;76.91000;6456500
2022-08-18;76.78000;77.27000;76.69000;77.16000;5777700
2022-08-17;76.80000;77.20000;76.71000;76.90000;9667600
2022-08-16;76.54000;77.40000;76.48000;77.12000;12312600
2022-08-15;75.47000;76.34000;75.35000;76.26000;10207200
2022-08-12;75.089996;75.51000;74.80000;75.51000;11094400
2022-08-11;75.36000;75.60000;74.69000;74.86000;8959500
2022-08-10;75.20000;75.27000;74.78000;75.040001;11262300
2022-08-09;74.71000;74.82000;74.35000;74.49000;8086200
2022-08-08;74.93000;75.16000;74.42000;74.60000;6966100
2022-08-05;74.44000;74.69000;73.94000;74.64000;7125700
2022-08-04;75.14000;75.35000;74.51000;74.81000;11983600
2022-08-03;74.84000;75.46000;74.53000;75.31000;12808400
2022-08-02;75.37000;75.51000;74.71000;74.82000;10632700
2022-08-01;74.39000;75.66000;74.36000;75.42000;13150400
2022-07-29;74.21000;74.61000;74.010002;74.49000;13198900
2022-07-28;73.94000;75.22000;73.81000;75.070000;9372000
2022-07-27;73.25;74.099998;72.69000;73.89000;10995600
2022-07-26;72.89000;73.5;72.65000;73.39000;9764200
2022-07-25;73.29000;73.73000;73.14000;73.56000;8157500
2022-07-22;72.88000;73.41000;72.77000;73.20000;9369800
2022-07-21;72.36000;72.89000;72.15000;72.72000;11944800
2022-07-20;73.070000;73.14000;72.12000;72.5;10232000
2022-07-19;72.83000;73.13000;72.63000;72.99000;8729100
2022-07-18;73.070000;73.19000;72.099998;72.23000;8473600
2022-07-15;73.18000;73.41000;72.65000;72.94000;9300100
2022-07-14;71.71000;72.81000;71.69000;72.70000;10801700
2022-07-13;72.17000;73.29000;71.99000;72.64000;13851600
2022-07-12;72.90000;73.55000;72.33000;72.59000;11032200
2022-07-11;72.81000;73.30000;72.55000;72.80000;7172500
2022-07-08;73.059998;73.48000;72.67000;72.90000;10732500
2022-07-07;72.90000;73.15000;72.60000;73.029999;8476300
2022-07-06;73.019997;73.47000;72.73000;72.96000;11768100
2022-07-05;72.73000;72.98000;71.58000;72.75;12828700
2022-07-01;72.20000;73.27000;72.080002;73.22000;11664100
2022-06-30;71.76000;72.5;71.33000;72.18000;12670700
2022-06-29;71.96000;72.43000;71.79000;72.13000;9230600
2022-06-28;72.86000;73.32000;71.62000;71.68000;11004000
2022-06-27;72.92000;73.040001;72.44000;72.65000;10936500
2022-06-24;72.080002;72.88000;71.82000;72.85000;13437000
2022-06-23;70.57000;71.52000;70.5;71.45000;16570700
2022-06-22;69.79000;70.57000;69.52000;70.089996;15207200
2022-06-21;69.13000;70.33000;68.80000;70.14000;16147200
2022-06-17;69.20000;69.58000;68.52000;68.83000;24825300
2022-06-16;68.66000;69.61000;68.22000;69.080002;19017100
2022-06-15;70.029999;70.59000;68.83000;69.61000;20069400
2022-06-14;70.35000;70.67000;69.040001;69.54000;19864600
2022-06-13;70.85000;71.34000;70.080002;70.37000;22813000
2022-06-10;71.34000;72.49000;70.97000;71.92000;17720500
2022-06-09;73.26000;73.97000;72.21000;72.23000;9442200
2022-06-08;73.82000;73.99000;73.28000;73.33000;7896600
2022-06-07;72.89000;74.34000;72.89000;74.24000;9070200
2022-06-06;74.33000;74.56000;73.60000;73.85000;10924200
2022-06-03;74.26000;74.55000;73.63000;73.82000;9750300
2022-06-02;73.67000;74.57000;72.46000;74.57000;17618500
2022-06-01;74.57000;74.63000;73.010002;73.5;17552000
2022-05-31;74.60000;74.96000;73.69000;74.47000;19212200
2022-05-27;74.25;75;74.12000;75;16921300
2022-05-26;73.70000;74.52000;73.58000;74.14000;16580500
2022-05-25;73.20000;73.57000;72.74000;73.36000;16647300
2022-05-24;71.99000;73.45000;71.87000;73.34000;23272400
2022-05-23;71.48000;72.42000;71.27000;72.16000;17710900
2022-05-20;70.95000;70.97000;69.58000;70.70000;26185000
2022-05-19;71.43000;71.45000;70.080002;70.55000;38772000
2022-05-18;75.93000;75.96000;71.60000;71.83000;40188900
2022-05-17;77.029999;77.23000;75.99000;76.77000;20637000
2022-05-16;76.90000;77.65000;76.57000;77.30000;14613700
2022-05-13;76.19000;77.010002;75.73000;76.95000;15405300
2022-05-12;75.98000;76.36000;75;75.81000;29049700
2022-05-11;76.25;77.11000;75.77000;75.83000;30110100
2022-05-10;77.080002;77.33000;75.85000;76.16000;32510900
2022-05-09;76.13000;77.37000;75.77000;76.69000;33323800
2022-05-06;76.36000;77.11000;75.97000;76.72000;34046900
2022-05-05;77.70000;77.88000;76.070000;76.64000;32186100
2022-05-04;76.43000;78.23000;76.20000;78.12000;37161600
2022-05-03;76.49000;77.12000;75.90000;76.40000;47646900
2022-05-02;78.18000;78.29000;75.49000;76.62000;55145100
2022-04-29;79.41000;79.53000;77.54000;77.64000;27802900
2022-04-28;78.76000;79.90000;78.35000;79.81000;22128500
2022-04-27;78.53000;79.47000;78.32000;78.65000;29441700
2022-04-26;79.47000;79.85000;78.34000;78.36000;26864500
2022-04-25;79.49000;79.83000;78.18000;79.59000;30868200
2022-04-22;80.69000;80.79000;79.17000;79.24000;19747900
2022-04-21;80.73000;81.34000;80.44000;80.5;18501800
2022-04-20;79.82000;80.75;79.77000;80.57000;21659600
2022-04-19;78.22000;79.49000;78.15000;79.38000;12814100
2022-04-18;78.66000;78.95000;77.97000;78.19000;11426700
2022-04-14;78.99000;79.39000;78.79000;78.84000;12195600
2022-04-13;78.36000;78.97000;78.35000;78.86000;11715500
2022-04-12;78.41000;78.96000;78.14000;78.42000;19804800
2022-04-11;78.86000;79.12000;78.25;78.40000;18229900
2022-04-08;78.60000;78.96000;78.25;78.72000;13879400
2022-04-07;77.71000;78.56000;77.49000;78.39000;18311500
2022-04-06;76.48000;77.55000;76.15000;77.45000;23849600
2022-04-05;76.059998;77.27000;76.059998;76.48000;12717200
2022-04-04;76.52000;76.52000;75.54000;76.41000;9618400
2022-04-01;76.029999;76.74000;75.74000;76.65000;12644000
2022-03-31;75.98000;76.35000;75.76000;75.89000;12388500
2022-03-30;75.72000;76.080002;75.40000;76.070000;13367500
2022-03-29;75.94000;76.16000;75.34000;76.019997;16595100
2022-03-28;75.070000;75.35000;74.63000;75.35000;11602600
2022-03-25;74.60000;75.19000;74.53000;75.040001;12508400
2022-03-24;74.20000;74.45000;73.95000;74.42000;9458800
2022-03-23;74.59000;74.78000;73.83000;73.90000;14027800
2022-03-22;74.5;74.65000;73.87000;74.5;11667300
2022-03-21;74.040001;74.61000;73.54000;73.95000;17659100
2022-03-18;74.089996;74.26000;73.53000;74.19000;20278600
2022-03-17;73.46000;74.15000;73.29000;74.019997;14484600
2022-03-16;73.61000;73.89000;72.46000;73.51000;18783200
2022-03-15;72.47000;73.52000;72.30000;73.43000;17078100
2022-03-14;71.89000;72.54000;71.43000;71.82000;18438900
2022-03-11;72.54000;72.94000;71.34000;71.44000;14276500
2022-03-10;72.45000;72.73000;71.60000;72.28000;21892400
2022-03-09;73.61000;73.63000;72.66000;72.97000;18254000
2022-03-08;74.57000;74.76000;72.43000;72.48000;29710400
2022-03-07;75.46000;75.79000;74.40000;74.49000;20057300
2022-03-04;75;76.029999;74.71000;75.87000;22078900
2022-03-03;75.58000;76.31000;75.52000;75.86000;19576500
2022-03-02;74.48000;75.59000;74.38000;75.25;18935000
2022-03-01;74.70000;75.31000;74.059998;74.46000;18750300
2022-02-28;74.78000;75.21000;74.089996;74.90000;20975100
2022-02-25;73.97000;76.019997;73.94000;75.91000;21141600
2022-02-24;73.84000;74;72.19000;73.54000;30125500
2022-02-23;75.69000;75.73000;74.73000;74.83000;15134300
2022-02-22;76.089996;76.15000;74.96000;75.44000;21545800
2022-02-18;75.83000;76.32000;75.58000;76.029999;16470100
2022-02-17;75.12000;76.099998;74.90000;75.89000;12873300
2022-02-16;75.13000;75.58000;74.58000;75.31000;13507700
2022-02-15;75.49000;75.97000;74.82000;75.17000;12300400
2022-02-14;75.25;75.53000;74.040001;75.040001;23550800
2022-02-11;75.74000;76.019997;75.029999;75.25;18498300
2022-02-10;75.92000;76.27000;75.25;75.52000;19828500
2022-02-09;76.69000;76.86000;76.21000;76.34000;14899300
2022-02-08;76.21000;76.53000;75.91000;76.32000;11472900
2022-02-07;76.19000;76.40000;75.59000;76.029999;10949400
2022-02-04;76.31000;76.67000;75.46000;75.89000;17939500
2022-02-03;76.46000;77.21000;76.35000;76.83000;14414700
2022-02-02;75.98000;76.93000;75.91000;76.81000;13630400
2022-02-01;75.97000;76.14000;75.12000;75.90000;15620900
2022-01-31;75.22000;76.040001;75.050003;75.97000;15453000
2022-01-28;74.41000;75.72000;73.76000;75.68000;25111500
2022-01-27;74.89000;75.98000;74.51000;74.80000;23816500
2022-01-26;74.64000;75.31000;73.86000;74.30000;33222000
2022-01-25;75.050003;75.31000;73.97000;74.87000;28638500
2022-01-24;75.66000;76.16000;74.11000;75.71000;35518900
2022-01-21;76.28000;76.93000;75.84000;75.96000;25270600
2022-01-20;76.33000;76.98000;75.83000;75.90000;15677800
2022-01-19;76.059998;76.93000;76.040001;76.40000;18518500
2022-01-18;76.46000;76.48000;75.68000;75.92000;16683800
2022-01-14;76.70000;77.13000;76.35000;77.029999;21391700
2022-01-13;76.83000;77.050003;76.58000;76.89000;14287300
2022-01-12;76.67000;76.81000;76.39000;76.75;11155200
2022-01-11;76.73000;76.79000;75.88000;76.72000;19571600
2022-01-10;77.30000;77.46000;76.56000;76.81000;18578300
2022-01-07;77.22000;77.72000;77.010002;77.42000;12650300
2022-01-06;77.5;77.98000;77.23000;77.34000;25023900
2022-01-05;77.52000;78.18000;77.49000;77.55000;29748500
2022-01-04;77.080002;77.86000;77.050003;77.62000;23066000
2022-01-03;76.66000;77.14000;76.019997;77.099998;22320300
2021-12-31;76.54000;77.23000;76.5;77.11000;11289000
2021-12-30;77.019997;77.099998;76.54000;76.59000;6802800
2021-12-29;76.56000;77.019997;76.43000;76.83000;7891600
2021-12-28;75.96000;76.56000;75.96000;76.48000;7285200
2021-12-27;75.30000;76.050003;75.30000;76.050003;7343200
2021-12-23;75.26000;75.51000;75.14000;75.25;8089000
2021-12-22;74.58000;75.11000;74.29000;75.080002;7650200
2021-12-21;74.71000;74.76000;74.17000;74.61000;11872100
2021-12-20;74.12000;74.75;74.029999;74.71000;14116700
2021-12-17;76.24000;76.62000;75.16000;75.20000;23809700
2021-12-16;75.91000;76.78000;75.90000;76.51000;14499000
2021-12-15;75.22000;76.059998;75.19000;75.97000;21277000
2021-12-14;75.010002;75.33000;74.72000;75.21000;16048300
2021-12-13;74.17000;75.39000;74.059998;75.16000;16518100
2021-12-10;73.39000;74.24000;73.26000;74.19000;10890000
2021-12-09;72.75;73.22000;72.44000;72.96000;8613900
2021-12-08;72.87000;73.19000;72.14000;72.76000;14489800
2021-12-07;72.95000;73.35000;72.81000;72.99000;13169300
2021-12-06;72.080002;73.099998;72.070000;72.83000;18524400
2021-12-03;71.080002;71.68000;70.87000;71.57000;22867600
2021-12-02;70.19000;71.14000;70.19000;70.69000;18704000
2021-12-01;70.77000;71.36000;69.92000;69.95000;22897400
2021-11-30;71.69000;71.75;70.14000;70.29000;23715100
2021-11-29;72.040001;72.42000;71.68000;72.14000;13646600
2021-11-26;72.39000;72.72000;71.70000;71.96000;11715600
2021-11-24;73;73.11000;72.55000;72.88000;9556400
2021-11-23;72.63000;73.22000;72.51000;73.099998;13405700
2021-11-22;72.14000;73.12000;72.059998;72.62000;13425400
2021-11-19;72.47000;72.49000;72.010002;72.050003;11924000
2021-11-18;72.38000;72.48000;71.96000;72.31000;11269500
2021-11-17;72.66000;72.80000;72.44000;72.57000;10444900
2021-11-16;73.14000;73.38000;72.70000;72.73000;6562200
2021-11-15;72.97000;73.27000;72.83000;73.19000;6381300
2021-11-12;72.99000;73.18000;72.72000;72.84000;7469800
2021-11-11;72.94000;72.98000;72.67000;72.84000;6319100
2021-11-10;72.74000;73.080002;72.61000;72.89000;11350400
2021-11-09;72.44000;72.74000;72.20000;72.67000;13527600
2021-11-08;73.029999;73.080002;72.080002;72.42000;12813600
2021-11-05;72.86000;73.12000;72.72000;73;9929100
2021-11-04;72.25;72.64000;72.059998;72.58000;11701700
2021-11-03;71.85000;72.51000;71.80000;72.51000;10471100
2021-11-02;71.40000;72;71.19000;71.84000;9942700
2021-11-01;71.40000;71.52000;71.11000;71.36000;7033700
2021-10-29;71.14000;71.53000;71.070000;71.25;8105300
2021-10-28;71.089996;71.35000;70.97000;71.32000;8614800
2021-10-27;71.86000;71.91000;71.040001;71.070000;10334900
2021-10-26;71.25;71.67000;71.20000;71.49000;8805500
2021-10-25;71.24000;71.40000;70.74000;71.24000;6844600
2021-10-22;70.88000;71.40000;70.82000;71.29000;9575700
2021-10-21;70.93000;70.99000;70.66000;70.74000;7976400
2021-10-20;70.49000;71.070000;70.43000;70.83000;8829700
2021-10-19;70.27000;70.43000;69.93000;70.42000;10203100
2021-10-18;70.5;70.72000;70.019997;70.39000;10043300
2021-10-15;71.22000;71.25;70.61000;70.81000;11575200
2021-10-14;70.45000;71.089996;70.40000;70.98000;9975100
2021-10-13;70.13000;70.38000;69.58000;70.19000;9548300
2021-10-12;70.089996;70.60000;69.91000;70.059998;12401200
2021-10-11;70.16000;70.41000;69.97000;70.029999;8218300
2021-10-08;70.18000;70.34000;69.92000;70.050003;7285700
2021-10-07;70.17000;70.75;70.080002;70.13000;8396800
2021-10-06;68.79000;69.89000;68.71000;69.82000;14909900
2021-10-05;68.97000;69.46000;68.82000;69.15000;16186100
2021-10-04;69;69.49000;68.32000;68.80000;20351600
2021-10-01;69.050003;69.35000;68.37000;69.019997;15889200
2021-09-30;70.27000;70.33000;68.81000;68.84000;16259900
2021-09-29;69.61000;70.46000;69.46000;70.099998;13329500
2021-09-28;70.11000;70.19000;69.22000;69.47000;14982900
2021-09-27;70.51000;70.84000;70.24000;70.30000;8467100
2021-09-24;70.49000;70.93000;70.49000;70.62000;6717300
2021-09-23;70.43000;70.91000;70.36000;70.59000;8440500
2021-09-22;70.59000;70.77000;70.19000;70.33000;10025900
2021-09-21;70.41000;70.97000;70;70.13000;11140400
2021-09-20;70.43000;70.84000;69.67000;70.21000;17880700
2021-09-17;71.56000;71.82000;71.35000;71.36000;13150000
2021-09-16;71.90000;72.12000;71.15000;71.75;9789900
2021-09-15;71.73000;72.11000;71.56000;71.99000;8824700
2021-09-14;72.24000;72.29000;71.61000;71.73000;9145500
2021-09-13;72.16000;72.68000;71.89000;72.059998;13798000
2021-09-10;72.33000;72.36000;71.74000;71.88000;10269900
2021-09-09;72.54000;72.56000;72.12000;72.19000;7741500
2021-09-08;71.90000;72.69000;71.86000;72.61000;10662900
2021-09-07;72.71000;72.71000;71.94000;71.99000;9206300
2021-09-03;72.70000;72.94000;72.49000;72.83000;6010700
2021-09-02;72.79000;73.040001;72.66000;72.92000;6623300
2021-09-01;72.32000;72.71000;72.19000;72.64000;8399100
2021-08-31;72.16000;72.34000;71.98000;72.26000;8037000
2021-08-30;71.80000;72.17000;71.73000;72.099998;5645800
2021-08-27;71.60000;71.91000;71.36000;71.78000;9126200
2021-08-26;71.76000;71.81000;71.29000;71.53000;13078000
2021-08-25;71.93000;72.029999;71.61000;71.86000;8007400
2021-08-24;72.49000;72.51000;71.88000;71.98000;8494200
2021-08-23;72.77000;72.90000;72.5;72.53000;8794500
2021-08-20;72.63000;73.050003;72.36000;72.76000;10454500
2021-08-19;71.74000;72.79000;71.70000;72.64000;13035600
2021-08-18;72.83000;72.94000;72.010002;72.059998;10669200
2021-08-17;72.80000;73.25;72.63000;72.97000;15666000
2021-08-16;72.51000;72.95000;72.38000;72.93000;7903100
2021-08-13;72;72.58000;71.89000;72.51000;8808500
2021-08-12;71.99000;72.040001;71.78000;71.91000;6432100
2021-08-11;71.89000;72.24000;71.83000;71.95000;14992700
2021-08-10;71.34000;71.74000;71.22000;71.71000;11291700
2021-08-09;71.17000;71.32000;71.010002;71.20000;9054900
2021-08-06;71.099998;71.23000;70.81000;70.94000;13492100
2021-08-05;70.97000;71.089996;70.77000;70.94000;7063000
2021-08-04;71.28000;71.46000;70.55000;70.60000;8886500
2021-08-03;71.23000;71.66000;71.059998;71.53000;8647700
2021-08-02;71.51000;71.58000;71.13000;71.21000;12049800
2021-07-30;71.5;71.88000;71.40000;71.51000;10403700
2021-07-29;71.30000;71.59000;71.23000;71.39000;8811100
2021-07-28;71.5;71.59000;70.89000;71.040001;9114100
2021-07-27;71.5;71.98000;71.27000;71.67000;14720700
2021-07-26;71.29000;71.63000;71.11000;71.52000;5952200
2021-07-23;70.57000;71.49000;70.47000;71.40000;9732400
2021-07-22;70.49000;70.74000;70.099998;70.55000;9632100
2021-07-21;71.18000;71.24000;70.65000;70.67000;9366300
2021-07-20;70.82000;71.54000;70.66000;70.85000;20404900
2021-07-19;70.80000;71.27000;70.20000;70.83000;20734400
2021-07-16;71.050003;71.31000;70.95000;71.040001;8634300
2021-07-15;70.53000;70.94000;70.33000;70.93000;8662500
2021-07-14;70.11000;70.74000;70.010002;70.64000;7616100
2021-07-13;70.019997;70.45000;69.88000;70.019997;12057600
2021-07-12;70.029999;70.14000;69.77000;70.040001;7384200
2021-07-09;70.019997;70.28000;69.88000;70.15000;6286900
2021-07-08;69.68000;70.059998;69.48000;69.75;9212900
2021-07-07;69.62000;70.28000;69.61000;70.010002;7880500
2021-07-06;69.77000;69.80000;69.31000;69.64000;7595700
2021-07-02;69.92000;70.14000;69.83000;69.93000;20733300
2021-07-01;70;70.17000;69.65000;69.76000;11633100
2021-06-30;69.58000;70.059998;69.55000;69.97000;8815100
2021-06-29;69.78000;69.90000;69.32000;69.43000;13155400
2021-06-28;69.73000;69.93000;69.58000;69.74000;7570600
2021-06-25;69.19000;69.76000;69.070000;69.68000;9241300
2021-06-24;68.83000;69.23000;68.77000;69.15000;6343700
2021-06-23;69.18000;69.19000;68.81000;68.81000;7072900
2021-06-22;69.15000;69.53000;69.040001;69.24000;8351000
2021-06-21;68.76000;69.21000;68.72000;69.14000;14278400
2021-06-18;69.56000;69.65000;68.78000;68.80000;16882500
2021-06-17;69.80000;70.19000;69.61000;70.040001;9239700
2021-06-16;70.75;70.83000;69.77000;69.79000;10507100
2021-06-15;70.96000;71.12000;70.66000;70.73000;5151600
2021-06-14;70.88000;70.92000;70.47000;70.90000;10449400
2021-06-11;71.040001;71.070000;70.60000;70.94000;6232300
2021-06-10;70.59000;71.080002;70.56000;70.90000;8213000
2021-06-09;70.67000;71.019997;70.44000;70.46000;8273800
2021-06-08;71.42000;71.51000;70.79000;70.80000;8545200
2021-06-07;71.53000;71.62000;71.080002;71.40000;7306900
2021-06-04;71.48000;71.69000;71.29000;71.52000;6078200
2021-06-03;70.62000;71.33000;70.62000;71.27000;9410000
2021-06-02;70.67000;70.96000;70.5;70.83000;6411300
2021-06-01;71.080002;71.26000;70.33000;70.57000;8893800
2021-05-28;70.77000;71.11000;70.76000;70.81000;8476400
2021-05-27;71.22000;71.45000;70.59000;70.66000;12693900
2021-05-26;71.29000;71.36000;70.97000;71.099998;10622500
2021-05-25;71.28000;71.31000;70.82000;71.25;8271800
2021-05-24;71.11000;71.48000;70.97000;71.23000;6535900
2021-05-21;71.19000;71.48000;70.89000;71.019997;7779600
2021-05-20;70.37000;71.26000;70.33000;71.010002;11336300
2021-05-19;70.25;70.46000;69.86000;70.36000;13709500
2021-05-18;70.89000;71.17000;70.55000;70.59000;11168900
2021-05-17;70.95000;71.26000;70.66000;70.81000;10705800
2021-05-14;70.87000;71.33000;70.83000;70.91000;9672600
2021-05-13;69.61000;70.92000;69.53000;70.60000;18490900
2021-05-12;70.40000;70.48000;69.61000;69.62000;13223100
2021-05-11;71.21000;71.36000;70.24000;70.56000;14385700
2021-05-10;70.94000;71.64000;70.88000;71.18000;10558400
2021-05-07;70.53000;70.86000;70.36000;70.64000;9841800
2021-05-06;69.87000;70.66000;69.87000;70.64000;10192000
2021-05-05;69.77000;69.87000;69.5;69.74000;8726200
2021-05-04;70;70.27000;69.57000;69.79000;11147300
2021-05-03;69.73000;70.41000;69.66000;70.15000;12671500
2021-04-30;69.52000;69.61000;69.24000;69.58000;10784800
2021-04-29;68.76000;69.63000;68.76000;69.52000;9202600
2021-04-28;69.019997;69.18000;68.71000;68.79000;7925300
2021-04-27;68.75;68.89000;68.44000;68.74000;10078900
2021-04-26;69.53000;69.53000;68.69000;68.79000;8750100
2021-04-23;69.61000;69.79000;69.29000;69.57000;9133800
2021-04-22;70.15000;70.19000;69.60000;69.75;10762900
2021-04-21;70;70.47000;70;70.27000;10794900
2021-04-20;69.050003;70.14000;68.95000;69.92000;13168800
2021-04-19;69.82000;69.96000;69.32000;69.54000;10867400
2021-04-16;69.70000;69.95000;69.43000;69.81000;7810000
2021-04-15;69.019997;69.52000;69.019997;69.41000;7714900
2021-04-14;68.88000;68.96000;68.57000;68.86000;12087500
2021-04-13;68.99000;69.18000;68.83000;68.92000;11982600
2021-04-12;69.010002;69.30000;68.92000;69.29000;10117800
2021-04-09;69.050003;69.21000;68.5;68.92000;7020400
2021-04-08;68.94000;69.18000;68.86000;69.040001;10244700
2021-04-07;69.26000;69.35000;68.88000;68.97000;20763900
2021-04-06;68.73000;69.40000;68.68000;69.14000;19302100
2021-04-05;68.27000;69.22000;68.15000;68.85000;20093000
2021-04-01;68.040001;68.33000;67.53000;67.98000;21191800
2021-03-31;68.5;68.78000;68.16000;68.31000;18241100
2021-03-30;69.14000;69.21000;68.40000;68.53000;14042700
2021-03-29;68.38000;69.33000;68.35000;69.27000;11857300
2021-03-26;67.47000;68.62000;67.28000;68.58000;15098600
2021-03-25;66.83000;67.47000;66.5;67.39000;14764000
2021-03-24;66.84000;67.17000;66.58000;66.74000;15831000
2021-03-23;66.71000;67.31000;66.53000;67;13216300
2021-03-22;65.91000;66.76000;65.86000;66.72000;14499400
2021-03-19;66.22000;66.56000;66.059998;66.38000;20807100
2021-03-18;66.25;66.52000;65.83000;66.15000;14497600
2021-03-17;66.55000;66.82000;66.19000;66.42000;12254200
2021-03-16;66.36000;66.73000;66.36000;66.52000;13550200
2021-03-15;66.39000;66.5;66.040001;66.44000;8383700
2021-03-12;65.85000;66.24000;65.80000;66.15000;10518200
2021-03-11;65.84000;66.040001;65.54000;65.61000;12386500
2021-03-10;64.97000;66.059998;64.76000;65.77000;15827600
2021-03-09;65.20000;65.51000;64.87000;64.92000;17259600
2021-03-08;64.72000;65.67000;64.61000;64.98000;18947000
2021-03-05;63.57000;64.89000;63.33000;64.70000;21719300
2021-03-04;63.66000;64.43000;62.99000;63.30000;25968700
2021-03-03;63.66000;64.029999;63.49000;63.53000;13450900
2021-03-02;63.87000;64.32000;63.80000;63.83000;12942700
2021-03-01;63.75;64.46000;63.73000;63.94000;11263900
2021-02-26;64.47000;64.47000;63.28000;63.30000;17718400
2021-02-25;64.95000;65.32000;64.20000;64.34000;17558500
2021-02-24;64.92000;65.26000;64.73000;65.050003;9103700
2021-02-23;65.21000;65.64000;64.86000;65.089996;12743400
2021-02-22;64.77000;65.17000;64.64000;65;8649600
2021-02-19;65.82000;65.83000;64.88000;64.94000;10246100
2021-02-18;65.22000;65.94000;65.17000;65.77000;7464900
2021-02-17;65.32000;65.94000;65.24000;65.81000;8871000
2021-02-16;65.81000;65.86000;65.34000;65.57000;9246600
2021-02-12;65.53000;65.77000;65.36000;65.69000;7131800
2021-02-11;65.95000;65.97000;65.49000;65.59000;7478500
2021-02-10;66.26000;66.41000;65.73000;65.88000;6957200
2021-02-09;66.019997;66.19000;65.77000;65.95000;12345400
2021-02-08;65.97000;66.16000;65.58000;66.010002;9412200
2021-02-05;65.55000;65.96000;65.52000;65.76000;8889300
2021-02-04;64.74000;65.17000;64.60000;65.15000;7292400
2021-02-03;64.43000;64.83000;64.25;64.68000;9542000
2021-02-02;64.40000;65.099998;64.21000;64.58000;13278400
2021-02-01;64.36000;64.5;63.94000;64.15000;13283300
2021-01-29;65.19000;65.21000;64.059998;64.089996;19374700
2021-01-28;65.32000;66.17000;65.13000;65.44000;19925900
2021-01-27;65.94000;66.83000;65.029999;65.19000;17826800
2021-01-26;65.80000;66.44000;65.5;66.31000;9304200
2021-01-25;64.87000;65.94000;64.84000;65.72000;17486100
2021-01-22;65.19000;65.47000;64.92000;65.070000;8329300
2021-01-21;65.36000;65.41000;65.13000;65.24000;8461200
2021-01-20;65.32000;65.62000;64.88000;65.46000;10700600
2021-01-19;65.85000;65.98000;65.29000;65.34000;8130800
2021-01-15;65.62000;65.92000;65.36000;65.63000;13260300
2021-01-14;66.27000;66.30000;65.78000;65.86000;11549000
2021-01-13;66.040001;66.46000;66.010002;66.21000;8337500
2021-01-12;66.33000;66.48000;65.83000;66.11000;11089500
2021-01-11;66.53000;66.97000;66.22000;66.33000;9648700
2021-01-08;66.62000;66.96000;66.25;66.90000;17960800
2021-01-07;66.82000;66.98000;66.30000;66.57000;13963500
2021-01-06;66.59000;67.099998;66.48000;66.77000;14206600
2021-01-05;66.62000;66.86000;66.099998;66.72000;10871900
2021-01-04;67.42000;67.44000;65.92000;66.72000;12992600
2020-12-31;67.050003;67.55000;66.72000;67.45000;6062200
2020-12-30;67.13000;67.21000;66.90000;66.98000;7359900
2020-12-29;67.42000;67.61000;66.88000;67.050003;4993600
2020-12-28;66.97000;67.45000;66.90000;67.25;6315400
2020-12-24;66.44000;66.76000;66.28000;66.72000;1954900
2020-12-23;66.37000;66.65000;66.24000;66.39000;4302600
2020-12-22;66.61000;66.61000;66.059998;66.17000;9107900
2020-12-21;66.62000;66.77000;65.94000;66.64000;8255600
2020-12-18;67.88000;68.080002;67.41000;67.93000;6980500
2020-12-17;67.59000;67.86000;67.57000;67.78000;4673300
2020-12-16;67.27000;67.67000;67.11000;67.35000;10505500
2020-12-15;67.35000;67.55000;67.14000;67.22000;6121300
2020-12-14;67.65000;67.91000;67.040001;67.059998;6663200
2020-12-11;66.91000;67.51000;66.89000;67.32000;5000800
2020-12-10;67.45000;67.62000;67;67.17000;5723400
2020-12-09;67.84000;67.87000;67.29000;67.47000;10420100
2020-12-08;67.13000;67.88000;66.99000;67.74000;7090900
2020-12-07;67.5;67.61000;67.050003;67.37000;9466300
2020-12-04;67.17000;67.64000;67.089996;67.63000;11055800
2020-12-03;66.77000;67.23000;66.76000;67.11000;10951400
2020-12-02;67.27000;67.59000;66.72000;66.94000;11392100
2020-12-01;67.21000;67.57000;67.080002;67.5;12126200
2020-11-30;66.75;66.98000;66.23000;66.91000;11581900
2020-11-27;67.099998;67.099998;66.72000;66.92000;3228600
2020-11-25;66.94000;67.20000;66.84000;66.93000;5245400
2020-11-24;66.92000;67.20000;66.77000;66.97000;6064900
2020-11-23;66.62000;66.72000;66.11000;66.52000;5825300
2020-11-20;66.82000;67.11000;66.44000;66.5;4663400
2020-11-19;66.56000;67.019997;66.40000;66.92000;8830200
2020-11-18;67.77000;68.010002;66.73000;66.74000;7607700
2020-11-17;67.64000;68.070000;67.47000;67.67000;8147900
2020-11-16;68.15000;68.18000;67.63000;68.15000;12955900
2020-11-13;66.86000;67.62000;66.66000;67.53000;6167300
2020-11-12;66.61000;66.79000;66.050003;66.61000;8945500
2020-11-11;66.60000;67.080002;66.15000;66.79000;10382100
2020-11-10;64.93000;66.40000;64.88000;66.22000;15134300
2020-11-09;66.64000;67.28000;64.85000;64.94000;15142600
2020-11-06;64.89000;65.42000;64.81000;65.089996;12703600
2020-11-05;65.070000;65.40000;64.61000;64.79000;13919500
2020-11-04;64.65000;65.41000;64.24000;64.32000;25605800
2020-11-03;63.89000;64.88000;63.81000;64.29000;20578800
2020-11-02;63.15000;63.54000;62.76000;63.25;10935100
2020-10-30;62.24000;62.54000;61.49000;62.26000;10093200
2020-10-29;62.34000;63.099998;61.72000;62.48000;8942700
2020-10-28;63.46000;63.79000;62.43000;62.5;10980600
2020-10-27;64.59000;64.94000;64.35000;64.38000;5331400
2020-10-26;64.89000;65.019997;63.98000;64.55000;9352300
2020-10-23;65.5;65.65000;65.19000;65.39000;5094100
2020-10-22;65.31000;65.49000;64.96000;65.27000;7779700
2020-10-21;65.17000;65.67000;65.14000;65.30000;7013900
2020-10-20;65.95000;66.080002;65.11000;65.24000;7660200
2020-10-19;66.17000;66.45000;65.13000;65.31000;7733900
2020-10-16;66.35000;66.71000;66.15000;66.17000;6701200
2020-10-15;65.63000;66.33000;65.57000;66.15000;6650000
2020-10-14;66.44000;66.71000;65.84000;66.11000;6566200
2020-10-13;66.30000;66.65000;66.14000;66.45000;7505700
2020-10-12;66.019997;66.85000;65.98000;66.5;8685600
2020-10-09;65.49000;66.029999;65.41000;65.74000;7894700
2020-10-08;65.089996;65.29000;64.82000;65.23000;6659000
2020-10-07;64.48000;65.070000;64.35000;64.80000;8073100
2020-10-06;64.68000;64.93000;63.92000;64.11000;6552800
2020-10-05;64.25;64.61000;64.15000;64.53000;4501200
2020-10-02;63.82000;64.39000;63.61000;64.099998;7463000
2020-10-01;64.47000;64.61000;63.91000;64.46000;9262900
2020-09-30;63.59000;64.5;63.56000;64.099998;8284100
2020-09-29;63.78000;63.93000;63.21000;63.33000;8150400
2020-09-28;63.56000;64.11000;63.53000;63.75;6077600
2020-09-25;62.39000;63.11000;62.25;63.040001;7432100
2020-09-24;62.25;63.040001;61.83000;62.71000;9141700
2020-09-23;63.40000;63.56000;62.18000;62.25;7015900
2020-09-22;62.87000;63.51000;62.81000;63.20000;7148600
2020-09-21;62.88000;63.070000;62.11000;62.83000;11326200
2020-09-18;64.38000;64.47000;63.25;63.69000;9988900
2020-09-17;64.15000;64.62000;63.82000;64.28000;10108700
2020-09-16;65.26000;65.43000;64.63000;64.69000;7270700
2020-09-15;65.23000;65.46000;64.89000;64.98000;5672900
2020-09-14;64.97000;65.37000;64.78000;65.070000;6397000
2020-09-11;64.49000;64.96000;64.19000;64.65000;10212500
2020-09-10;65.089996;65.27000;64.15000;64.29000;11060600
2020-09-09;64.53000;65.72000;64.41000;65.089996;12848500
2020-09-08;65.38000;65.51000;63.89000;64.16000;16316600
2020-09-04;65.88000;66.15000;64.73000;65.54000;15604800
2020-09-03;67;67.61000;65.21000;65.69000;26304400
2020-09-02;65.95000;67.11000;65.85000;66.84000;11174600
2020-09-01;65.57000;65.68000;65.13000;65.65000;9723000
2020-08-31;65.53000;65.77000;65.32000;65.58000;7661200
2020-08-28;65.5;65.81000;64.88000;65.77000;6868200
2020-08-27;64.91000;65.5;64.90000;65.19000;8711200
2020-08-26;64.58000;64.88000;64.28000;64.79000;5375300
2020-08-25;65;65.050003;64.43000;64.71000;4517100
2020-08-24;64.41000;64.85000;64.21000;64.85000;6978500
2020-08-21;64.059998;64.39000;63.87000;64.30000;5713900
2020-08-20;63.90000;64.22000;63.79000;64.14000;10178600
2020-08-19;64.69000;64.78000;64.16000;64.27000;5871600
2020-08-18;64.62000;64.96000;64.33000;64.78000;4927300
2020-08-17;64.31000;64.73000;64.19000;64.52000;5172900
2020-08-14;64.099998;64.37000;63.92000;64.16000;3776300
2020-08-13;64.080002;64.36000;63.99000;64.17000;5857100
2020-08-12;63.66000;64.5;63.66000;64.22000;8021600
2020-08-11;64.14000;64.30000;63.22000;63.40000;8633500
2020-08-10;63.58000;63.97000;63.44000;63.84000;4345600
2020-08-07;63.070000;63.57000;63;63.51000;9175700
2020-08-06;63.029999;63.29000;62.92000;63.17000;11983700
2020-08-05;63.41000;63.54000;63;63.18000;7143600
2020-08-04;62.44000;63.33000;62.33000;63.31000;7417400
2020-08-03;62.73000;62.76000;62.22000;62.53000;8614400
2020-07-31;62.51000;62.71000;61.92000;62.70000;10277200
2020-07-30;62.61000;62.98000;62.32000;62.76000;10901300
2020-07-29;62.65000;62.96000;62.49000;62.76000;7486400
2020-07-28;62.42000;62.98000;62.39000;62.67000;6699300
2020-07-27;62.070000;62.45000;61.94000;62.44000;6801900
2020-07-24;62.31000;62.83000;61.83000;62.13000;6809200
2020-07-23;62.20000;62.46000;62;62.21000;9468000
2020-07-22;61.69000;62.080002;61.060001;61.99000;7022700
2020-07-21;61.40000;62.16000;61.33000;61.5;7847300
2020-07-20;61.46000;61.49000;60.78000;60.97000;6818600
2020-07-17;61.54000;61.69000;61.33000;61.59000;6321700
2020-07-16;61.099998;61.38000;60.98000;61.26000;7770200
2020-07-15;61.39000;61.86000;60.94000;61.13000;14952700
2020-07-14;60.029999;61.23000;59.91000;61.080002;14270100
2020-07-13;60.58000;61;59.97000;60.20000;10906200
2020-07-10;59.27000;60.41000;59.26000;60.29000;14142800
2020-07-09;59.59000;59.75;58.86000;59.20000;7672500
2020-07-08;59.95000;59.99000;59.42000;59.67000;9328000
2020-07-07;58.96000;60.15000;58.92000;59.82000;8161000
2020-07-06;59.44000;59.58000;58.95000;59.28000;10091300
2020-07-02;59.18000;59.57000;58.87000;58.99000;6857200
2020-07-01;58.75;59.060001;58.66000;58.69000;7261600
2020-06-30;58.22000;58.86000;58.13000;58.64000;7379800
2020-06-29;57.5;58.32000;57.45000;58.21000;9654200
2020-06-26;58.30000;58.46000;57.080002;57.13000;14476500
2020-06-25;57.88000;58.39000;57.52000;58.32000;12128900
2020-06-24;58.60000;58.60000;57.70000;57.91000;14343200
2020-06-23;59.38000;59.59000;58.84000;58.90000;7951000
2020-06-22;59.099998;59.22000;58.78000;58.99000;9039600
2020-06-19;60.48000;60.67000;59.53000;59.62000;10777200
2020-06-18;59.35000;59.99000;59.27000;59.93000;6022600
2020-06-17;59.82000;60.070000;59.44000;59.62000;8388400
2020-06-16;59.95000;60.020000;58.94000;59.71000;10840300
2020-06-15;57.58000;58.87000;57.19000;58.79000;11366700
2020-06-12;58.91000;58.92000;57.62000;58.12000;17837500
2020-06-11;59.75;60.12000;58.040001;58.11000;14738500
2020-06-10;60.71000;60.88000;60.28000;60.40000;9877800
2020-06-09;60.84000;60.93000;60.20000;60.57000;13735400
2020-06-08;60.43000;61.099998;60.22000;61.070000;13094200
2020-06-05;60.029999;60.73000;59.86000;60.42000;11502200
2020-06-04;59.76000;60.070000;59.27000;59.59000;8973800
2020-06-03;60.060001;60.16000;59.86000;59.88000;10155300
2020-06-02;59.74000;59.83000;59.34000;59.80000;9837900
2020-06-01;59.26000;59.86000;59.23000;59.64000;9101400
2020-05-29;58.99000;59.42000;58.46000;59.23000;12890900
2020-05-28;59.099998;59.5;58.85000;59.17000;10184300
2020-05-27;58.24000;58.70000;57.91000;58.65000;10937800
2020-05-26;58.28000;58.38000;57.67000;57.78000;10487200
2020-05-22;57.29000;57.52000;57.16000;57.47000;7216300
2020-05-21;57.82000;57.83000;57.15000;57.27000;13913900
2020-05-20;57.71000;57.94000;57.36000;57.91000;8519600
2020-05-19;58.38000;58.41000;57.23000;57.23000;15313100
2020-05-18;58.30000;58.60000;57.88000;58.30000;15213600
2020-05-15;56.88000;57.56000;56.68000;57.39000;20847900
2020-05-14;56.75;57.040001;55.99000;56.89000;11793500
2020-05-13;57.5;57.82000;56.69000;57.029999;12186800
2020-05-12;58.23000;58.55000;57.55000;57.55000;20587300
2020-05-11;57.86000;58.49000;57.80000;58.040001;8807200
2020-05-08;57.42000;58.24000;57.39000;58.12000;13405000
2020-05-07;57.45000;57.53000;56.73000;56.85000;11203600
2020-05-06;57.74000;57.90000;56.96000;57.0099983;10700100
2020-05-05;57.82000;58.26000;57.57000;57.64000;9705200
2020-05-04;57.51000;57.72000;57.020000;57.59000;11314200
2020-05-01;57.94000;58.43000;57.38000;57.62000;13023600
2020-04-30;58.79000;58.82000;57.92000;58.26000;16397100
2020-04-29;59.51000;59.51000;58.40000;58.96000;16038500
2020-04-28;59.56000;59.64000;58.96000;59.21000;13608800
2020-04-27;59.070000;59.15000;58.65000;58.88000;11024000
2020-04-24;58.43000;58.90000;58.23000;58.71000;9638300
2020-04-23;58.47000;58.85000;57.99000;58.090000;21074200
2020-04-22;58.75;58.94000;58.14000;58.61000;15086800
2020-04-21;58.47000;58.81000;57.84000;58.049999;13021900
2020-04-20;59.90000;60.32000;59.26000;59.31000;9263900
2020-04-17;60.32000;60.70000;59.51000;60.5;12083100
2020-04-16;59.51000;59.81000;58.75;59.59000;14486100
2020-04-15;59.35000;59.72000;58.76000;59.20000;12553400
2020-04-14;58.69000;60.22000;58.46000;60.15000;17745300
2020-04-13;57.94000;58.24000;57.14000;57.70000;10679500
2020-04-09;57.75;59.020000;57.61000;58.13000;20376000
2020-04-08;57.17000;57.91000;56.53000;57.59000;13877400
2020-04-07;58.30000;58.76000;56.74000;56.75;22985400
2020-04-06;56.73000;57.81000;55.92000;57.41000;14835200
2020-04-03;54.70000;55.52000;54.47000;55.35000;15374100
2020-04-02;52.81000;55.23000;52.68000;54.92000;14748100
2020-04-01;52.99000;54.38000;52.86000;53.55000;11979800
2020-03-31;55.40000;55.67000;54.34000;54.47000;15203200
2020-03-30;54.029999;55.76000;54.029999;55.60000;15892600
2020-03-27;52.59000;54.99000;52.5;53.51000;26004700
2020-03-26;51.59000;54.12000;51.38000;53.76000;25754100
2020-03-25;51;52.61000;50.080002;50.97000;25526400
2020-03-24;50.75;51.40000;49.80000;51.11000;28041800
2020-03-23;50.0099983;50.60000;47.66000;48.63000;31822200
2020-03-20;54.040001;54.060001;49.96000;50.40000;26903700
2020-03-19;55.16000;55.44000;53.39000;53.89000;26807900
2020-03-18;54.75;57;53.30000;55.75;35524900
2020-03-17;53.79000;57.45000;53.67000;57.22000;32318100
2020-03-16;51.35000;55.57000;50.78000;52.77000;27436800
2020-03-13;54.77000;56.63000;52.76000;56.61000;24835800
2020-03-12;53.89000;56.71000;51.91000;52.17000;26713800
2020-03-11;59.049999;59.36000;56.87000;57.58000;17759800
2020-03-10;60.099998;60.65000;57.89000;60.55000;28174800
2020-03-09;58.14000;60.5;58;58.86000;19126300
2020-03-06;60.39000;61.89000;59.94000;61.54000;24800200
2020-03-05;61.83000;62.86000;61.40000;62.029999;16556300
2020-03-04;61.11000;63.25;61.029999;63.22000;26214300
2020-03-03;61.18000;62.20000;59.82000;60.26000;35237500
2020-03-02;58.11000;61.14000;58.11000;61.090000;27103100
2020-02-28;57.81000;58;56.040001;57.99000;50978800
2020-02-27;61.12000;61.67000;59.15000;59.16000;39092300
2020-02-26;62.21000;62.78000;61.64000;61.67000;26066400
2020-02-25;63.20000;63.51000;61.81000;62.020000;25721400
2020-02-24;63.77000;64.26000;63.090000;63.16000;19892700
2020-02-21;64.36000;64.79000;64.34000;64.65000;10027800
2020-02-20;64.38000;64.59000;63.94000;64.54000;13397700
2020-02-19;64.57000;64.74000;64.46000;64.49000;4971300
2020-02-18;64.70000;64.84000;64.43000;64.56000;6902300
2020-02-14;64.71000;64.81000;64.58000;64.79000;5421200
2020-02-13;64.12000;64.75;64.029999;64.64000;7950900
2020-02-12;64.37000;64.39000;64.13000;64.26000;8479000
2020-02-11;64.63000;64.63000;64.24000;64.29000;8375700
2020-02-10;64.29000;64.65000;64.27000;64.53000;7394100
2020-02-07;64.18000;64.39000;63.99000;64.26000;14849000
2020-02-06;64.14000;64.52000;64.010002;64.18000;9628500
2020-02-05;63.77000;64.099998;63.69000;64.070000;20911400
2020-02-04;63.68000;63.99000;63.43000;63.56000;14290900
2020-02-03;63.41000;63.65000;63.13000;63.18000;21797600
2020-01-31;63.93000;64.21000;63;63.18000;15280000
2020-01-30;63.18000;63.95000;63.14000;63.90000;13824800
2020-01-29;63.52000;63.57000;63.15000;63.15000;8300800
2020-01-28;63.43000;63.66000;63.37000;63.47000;7899500
2020-01-27;63.049999;63.69000;63.0099983;63.39000;8748400
2020-01-24;64.080002;64.16000;63.39000;63.59000;11935100
2020-01-23;63.88000;64.20000;63.64000;64.029999;14563100
2020-01-22;64.059998;64.24000;64.040001;64.089996;8046500
2020-01-21;63.73000;64.070000;63.51000;64.040001;11300300
2020-01-17;63.70000;63.96000;63.62000;63.82000;14902700
2020-01-16;63.62000;63.76000;63.55000;63.71000;8048600
2020-01-15;63.040001;63.67000;63.0099983;63.54000;12454300
2020-01-14;62.99000;63.12000;62.91000;63.090000;7512300
2020-01-13;62.68000;63.080002;62.65000;63.070000;9625700
2020-01-10;62.76000;62.85000;62.58000;62.66000;7410800
2020-01-09;62.45000;62.71000;62.30000;62.70000;6854500
2020-01-08;62.080002;62.52000;61.96000;62.26000;11451400
2020-01-07;62.32000;62.38000;61.98000;62.029999;15607600
2020-01-06;62.29000;62.59000;62.18000;62.51000;22541700
2020-01-03;62.25;62.65000;62.090000;62.38000;26388900
2020-01-02;63.099998;63.099998;62.31000;62.48000;14460700


### XLV
datetime;open;high;low;close;volume
2025-12-30;155.66000;155.98000;155.20000;155.67999;4355000
2025-12-29;156.070007;156.49001;155.67999;155.81000;6357300
2025-12-26;155.69000;156.12000;155.35001;156.050003;4439100
2025-12-24;155.17000;155.94000;155.14999;155.80000;3085700
2025-12-23;154.69000;155.66000;154.64000;154.99001;7465800
2025-12-22;154.14999;155.37000;153.80000;155.30000;7063700
2025-12-19;153.92000;155.77000;153.92000;154.94000;8571500
2025-12-18;153.75;155.17999;153.67999;153.91000;8876400
2025-12-17;154.23000;154.78000;153.67000;153.78999;9093300
2025-12-16;156.039993;156.12000;153.089996;154.070007;12491300
2025-12-15;154.47000;156.31000;154.44000;156.10001;14681800
2025-12-12;153.75;154.56000;153.41000;154.059998;13175500
2025-12-11;152.75999;154.30000;152.25999;153.58000;14703000
2025-12-10;150.38000;152.17999;149.87000;152.14000;15534800
2025-12-09;152;152.67999;149.85001;149.96001;11543300
2025-12-08;153.35001;153.42000;151.20000;151.42999;10996000
2025-12-05;154.45000;154.63000;152.96001;153.25999;8868700
2025-12-04;155;155.029999;153.37000;153.89999;13674600
2025-12-03;154.67000;155.78000;154.66000;155.080002;12724800
2025-12-02;155.25;155.47000;154.14000;154.36000;16150300
2025-12-01;157.039993;157.86000;155.17999;155.28999;17321200
2025-11-28;158.20000;158.25;157.16000;157.64999;8559700
2025-11-26;158.42000;158.95000;158.16000;158.42000;12398900
2025-11-25;155.77000;158.89000;155.77000;158.77000;17298600
2025-11-24;155.14000;156.16000;154.48000;155.25999;17928400
2025-11-21;151.78999;155.71001;151.71001;154.61000;25526100
2025-11-20;152.49001;153.34000;151.12000;151.42000;25278500
2025-11-19;152.48000;152.92999;151.57001;152.33000;17352600
2025-11-18;151.75;153.13000;151.14999;152.59000;24494200
2025-11-17;151.34000;153.32001;151.14000;151.70000;17516500
2025-11-14;152.22000;152.92000;151.19000;151.83000;15468900
2025-11-13;152.039993;154.52000;151.86000;152.74001;21807600
2025-11-12;150.99001;153.16000;150.72000;152.82001;17847500
2025-11-11;147.60001;150.82001;147.60001;150.67999;12659500
2025-11-10;145.78999;147.42999;145.72000;147.28000;12305900
2025-11-07;145.84000;146.14999;144.72000;146.14000;14522900
2025-11-06;145.14000;146.11000;144.94000;145.94000;14395800
2025-11-05;144.63000;146.25999;144.38000;145.66000;13154600
2025-11-04;143.77000;145.49001;143.49001;145.10001;14182200
2025-11-03;144.070007;144.56000;142.83000;144.45000;12279300
2025-10-31;143.020004;144.49001;142.70000;144.25;10581100
2025-10-30;143.96001;145.45000;143.77000;144.30000;10756100
2025-10-29;145.22000;145.45000;143.57001;143.98000;12425600
2025-10-28;146.41000;146.53999;145.19000;145.45000;8652700
2025-10-27;146.089996;146.45000;145.22000;146.37000;6466700
2025-10-24;146.28999;146.75999;145.88000;146.029999;7007400
2025-10-23;145.52000;146.50999;145.37000;146.039993;7924900
2025-10-22;146.21001;146.73000;145.53999;145.96001;12705300
2025-10-21;145.050003;145.63000;144.34000;145.13000;9031800
2025-10-20;143.72000;144.99001;143.56000;144.78999;8435900
2025-10-17;141.58000;143.42000;141.39000;143.27000;8160300
2025-10-16;142.85001;143.64000;141.96001;142.32001;11194100
2025-10-15;142.020004;143.25;141.36000;142.56000;7260600
2025-10-14;141.60001;142.86000;141.050003;142.34000;10044700
2025-10-13;141.73000;142.94000;141.63000;141.95000;8257500
2025-10-10;144.61000;144.74001;141.94000;142.11000;13350100
2025-10-09;144.78000;145.25;143.96001;144.19000;7657000
2025-10-08;144.60001;144.97000;144.020004;144.50999;8925800
2025-10-07;144.12000;144.66000;143.28000;144.23000;12478700
2025-10-06;144.89999;145.059998;143.97000;144.12000;12879900
2025-10-03;143.57001;146.14000;143.56000;144.82001;15829200
2025-10-02;142.14999;143.57001;142.14999;143.19000;15176200
2025-10-01;139.80000;143.73000;139.60001;143.47000;23657900
2025-09-30;135.75999;139.5;135.67000;139.17000;19313500
2025-09-29;135.67999;135.97000;134.74001;135.89999;7735700
2025-09-26;135.14999;135.62000;134.64000;135.5;10071000
2025-09-25;136.13000;136.17999;133.73000;134.13000;14099700
2025-09-24;136.82001;137.059998;136.16000;136.39000;7471600
2025-09-23;136.25999;137.35001;136.14999;136.94000;9903000
2025-09-22;136.19000;137.25999;135.89000;136.63000;9732700
2025-09-19;137.82001;137.89999;137.17999;137.28999;11280900
2025-09-18;137.20000;137.94000;136.89000;137.47000;11472900
2025-09-17;137.13000;138.28999;136.84000;137.20000;12501500
2025-09-16;136.66000;137.39000;136.53999;136.92999;12443800
2025-09-15;138.25999;138.53999;136.66000;136.92999;11233800
2025-09-12;139.23000;139.81000;138.10001;138.11000;11345400
2025-09-11;138.039993;140;137.89000;139.72000;16470800
2025-09-10;138.50999;138.50999;136.81000;137.33000;13588300
2025-09-09;138.059998;138.97000;137.72000;138.59000;12249600
2025-09-08;137.46001;137.87000;136.37000;137.85001;15753300
2025-09-05;137.28000;138.38000;137.050003;137.89999;14664000
2025-09-04;136.80000;137.47000;136.080002;137.42999;11778600
2025-09-03;137.11000;137.75999;136.24001;136.91000;12586000
2025-09-02;136.89000;137.74001;136.46001;137.56000;13325300
2025-08-29;136.53999;137.47000;136.37000;137.42999;9655700
2025-08-28;136.83000;136.85001;135.75999;136.42999;9165700
2025-08-27;136.99001;137.71001;136.73000;136.97000;8321700
2025-08-26;136.59000;137.17000;136.34000;137.050003;11397500
2025-08-25;138.14000;138.25999;136.10001;136.20000;10681000
2025-08-22;137.80000;139.020004;137.80000;138.17000;11898600
2025-08-21;137.21001;138.46001;136.94000;137.039993;13218900
2025-08-20;137.0099945;138.21001;137.0099945;137.5;14607000
2025-08-19;135.87000;137.22000;135.78000;136.75999;13578200
2025-08-18;136.53000;137.19000;135.82001;135.89000;12572000
2025-08-15;135.48000;136.60001;135.17999;136.21001;13929600
2025-08-14;133.059998;134.10001;132.41000;133.96001;15464000
2025-08-13;131.82001;133.37000;131.64999;133.28999;15069900
2025-08-12;130.34000;131.23000;130.13000;131.19000;17219500
2025-08-11;130.28999;131.32001;130.14000;130.28999;14474000
2025-08-08;129.23000;130.44000;129.23000;130.16000;13747100
2025-08-07;129.77000;130.24001;127.96000;129.0099945;24421900
2025-08-06;131.94000;132.050003;130.35001;130.50999;14342800
2025-08-05;132.45000;132.95000;132.039993;132.5;14319200
2025-08-04;131.39000;133.070007;131.36000;133.0099945;11331000
2025-08-01;130.70000;131.39999;129.86000;131.13000;20736200
2025-07-31;133.020004;133.78999;129.98000;130.42999;26441600
2025-07-30;134.88000;135.19000;133.64000;134.19000;11634600
2025-07-29;133.89999;135.10001;132.94000;134.42999;14967600
2025-07-28;136.14000;136.39000;134.92999;135.28999;9780300
2025-07-25;136.25;136.70000;135.74001;136.48000;9539900
2025-07-24;136.13000;136.92999;135.53999;135.75999;11054800
2025-07-23;135.25999;136.32001;134.80000;136.27000;16624000
2025-07-22;131.31000;133.81000;131.31000;133.53000;16681900
2025-07-21;131.91000;132.32001;131.029999;131.089996;9468700
2025-07-18;133.070007;133.24001;131.66000;131.84000;13245500
2025-07-17;133.28999;133.67999;132.28000;132.72000;15740900
2025-07-16;133.14000;134.42000;133;134.25;14142100
2025-07-15;135.23000;135.47000;132.47000;132.60001;17095600
2025-07-14;134.64999;135.31000;134.39999;135.029999;11095400
2025-07-11;135.88000;135.88000;134.35001;135.19000;14246600
2025-07-10;135.50999;137.63000;135;136.32001;17668300
2025-07-09;135.25;135.92000;134.42000;135.49001;13963900
2025-07-08;134.25999;136.22000;134.0099945;134.97000;19485900
2025-07-07;135.45000;135.45000;133.64999;134.36000;14052300
2025-07-03;135.55000;135.89999;135.17000;135.5;7282700
2025-07-02;136.029999;136.28999;135.24001;135.36000;13720400
2025-07-01;134.58000;137.75999;134.46001;136.71001;21204300
2025-06-30;133.89999;134.95000;133.80000;134.78999;12407700
2025-06-27;134.32001;135.13000;133.70000;133.92999;13818500
2025-06-26;134.17999;135.16000;133.75;134.22000;13177700
2025-06-25;133.52000;134.28999;132.77000;133.89999;11996400
2025-06-24;132.50999;134.080002;132;133.78000;11272900
2025-06-23;132.059998;132.74001;130.98000;132.16000;14181600
2025-06-20;133.70000;133.80000;132.41000;132.60001;13744900
2025-06-18;133.48000;134.12000;132.49001;133.24001;12185300
2025-06-17;135.10001;135.41000;133.28999;133.47000;13506000
2025-06-16;136.42000;136.83000;135.080002;135.71001;14171000
2025-06-13;136.059998;137.33000;135.67999;136.13000;13722800
2025-06-12;135.75999;136.84000;135.49001;136.81000;9809500
2025-06-11;135.71001;136.57001;135.34000;135.75;13644000
2025-06-10;134.27000;136.089996;134.25;135.67999;11488000
2025-06-09;134.35001;134.81000;133.39000;134.14999;9976600
2025-06-06;133.81000;134.84000;133.78999;134.38000;9153500
2025-06-05;133.62000;133.91000;132.57001;133.11000;13705000
2025-06-04;133.42999;134.33000;133.28999;133.28999;9986100
2025-06-03;132.37000;133.52000;131.73000;133.029999;14304300
2025-06-02;132.30000;132.78000;131.11000;132.72000;11845000
2025-05-30;132.070007;133.34000;130.88000;132.64000;11651300
2025-05-29;131.67999;132.75999;131.28999;132.36000;10670300
2025-05-28;132.11000;132.58000;131.13000;131.48000;11087500
2025-05-27;131.42999;132.39000;131.16000;132.16000;12304000
2025-05-23;129.92999;130.60001;129.55000;130.34000;9127100
2025-05-22;130.63000;131.24001;129.98000;130.55000;12722600
2025-05-21;133.56000;134.14000;131.52000;131.58000;16635900
2025-05-20;134.39999;135.089996;134.19000;134.70000;11644500
2025-05-19;133.020004;134.44000;132.64999;134.37000;11645200
2025-05-16;130.70000;133.14000;130.31000;133.089996;12901800
2025-05-15;128.47000;130.53999;127.35000;130.46001;18792700
2025-05-14;132.28000;132.55000;128.67999;128.77000;19579500
2025-05-13;133.94000;133.94000;131.83000;131.87000;17817000
2025-05-12;132.88000;136.13000;132.64000;135.96001;15211100
2025-05-09;134.31000;134.77000;132.62000;132.67999;7555200
2025-05-08;134.41000;135.33000;133.69000;134.14000;10558100
2025-05-07;134.75;135.75;134.39999;135.36000;6417500
2025-05-06;137.13000;137.19000;133.97000;134.33000;11625900
2025-05-05;138.25;138.67999;137.58000;138.14000;5479700
2025-05-02;138.78999;139.0099945;137.55000;138.53000;9777000
2025-05-01;138.81000;139.11000;136.47000;136.64000;10363200
2025-04-30;139.55000;140.78999;138.25999;140.47000;6827800
2025-04-29;138.42000;139.97000;137.73000;139.28000;7811900
2025-04-28;138.24001;139.039993;137.39999;138.60001;5803300
2025-04-25;137.59000;138.20000;135.88000;138.050003;6438400
2025-04-24;135.95000;137.53999;135.12000;137.39000;5433000
2025-04-23;136.53999;137.92999;135.13000;135.73000;9503200
2025-04-22;133.64000;135.28000;133.14000;135.059998;8012500
2025-04-21;135.19000;135.36000;131.56000;132.57001;6456000
2025-04-17;135.34000;136.57001;135.10001;135.49001;9660600
2025-04-16;138.12000;138.62000;135.64000;136.28999;8150700
2025-04-15;139;139.039993;137.28999;137.69000;6239000
2025-04-14;138.21001;139.039993;136.96001;138.53999;7437200
2025-04-11;135.14999;137.75999;133.64999;136.87000;10755600
2025-04-10;137.70000;137.74001;131.33000;134.89000;21957400
2025-04-09;130.13000;139.24001;129.67999;138.75999;39444700
2025-04-08;139.42999;139.44000;131.28000;132.98000;20860400
2025-04-07;131.71001;137.37000;129.66000;134.47000;29940300
2025-04-04;141.14000;141.71001;135.23000;135.28000;21341100
2025-04-03;143.75999;145.19000;143.050003;143.13000;10990600
2025-04-02;142.77000;144.39999;142.19000;144.30000;6392700
2025-04-01;145.48000;145.48000;142.89999;143.34000;9906100
2025-03-31;143.78999;146.62000;143.48000;146.0099945;8085600
2025-03-28;144.85001;145.24001;144.45000;144.52000;6210500
2025-03-27;144.52000;145.42000;144.46001;144.97000;6264300
2025-03-26;145.38000;145.97000;144.39000;144.74001;8758600
2025-03-25;147.5;147.59000;144.35001;145.27000;6502000
2025-03-24;146.42000;147.39000;146.11000;147.14999;6500600
2025-03-21;146.58000;146.86000;145.73000;146.60001;7635300
2025-03-20;146.94000;147.64000;146.50999;147.0099945;8033800
2025-03-19;146.95000;147.31000;145.89999;146.92000;6156200
2025-03-18;146.82001;147.059998;146.039993;146.84000;5528000
2025-03-17;144.72000;147.11000;144.72000;146.77000;6017300
2025-03-14;143.92999;145.14999;143.41000;144.92999;6761200
2025-03-13;144.66000;145.070007;143.49001;143.83000;8041600
2025-03-12;145.73000;145.99001;144.12000;144.60001;7141100
2025-03-11;147.67999;147.89000;145.28999;146.059998;9411600
2025-03-10;148.12000;149.91000;147.34000;147.67000;13577800
2025-03-07;148.66000;150.28000;148.45000;149.28000;8532400
2025-03-06;149;149.48000;147.92999;149.27000;7122200
2025-03-05;147.52000;149.91000;147.24001;149.67999;7597700
2025-03-04;149.78999;150.070007;147.97000;148.19000;10804700
2025-03-03;149.020004;150.32001;148.96001;149.58000;9459300
2025-02-28;147.46001;149.16000;146.49001;148.92999;8453700
2025-02-27;147.55000;148.91000;147.16000;147.22000;7377000
2025-02-26;148.31000;148.95000;147.35001;147.82001;6566800
2025-02-25;147.89999;149.089996;147.41000;148.89000;11981300
2025-02-24;146.59000;148.22000;146.27000;147.62000;7559400
2025-02-21;145.48000;147.14000;145.34000;146.42999;8647000
2025-02-20;146.19000;147.30000;146.10001;147.22000;6264800
2025-02-19;144.53000;146.44000;144.5;146.39999;6295900
2025-02-18;143.92000;144.89000;143.84000;144.52000;11366800
2025-02-14;146.5;146.70000;144.80000;144.80000;5299200
2025-02-13;146.11000;146.71001;145.16000;146.39000;6293100
2025-02-12;145.67999;146.61000;145.37000;145.82001;7572200
2025-02-11;145.88000;146.32001;145.44000;146.029999;6634900
2025-02-10;146.60001;146.64999;145.46001;146.30000;7374300
2025-02-07;147.33000;147.92000;146.32001;146.42999;11199700
2025-02-06;148.14999;148.46001;146.89999;147.12000;12422100
2025-02-05;147.39999;148.72000;147.10001;148.45000;10042300
2025-02-04;145.82001;147.20000;145.59000;147.039993;11762000
2025-02-03;145.98000;148.16000;145.94000;147.44000;13001500
2025-01-31;147.58000;148.59000;146.82001;146.87000;9213400
2025-01-30;146.25;147.75;146.24001;147.34000;7705200
2025-01-29;146.089996;146.58000;145.30000;145.66000;8159100
2025-01-28;147.53999;147.74001;146.48000;146.52000;9686400
2025-01-27;145.10001;147.58000;144.97000;147.55000;12311300
2025-01-24;143.44000;144.61000;143.27000;144.31000;8127900
2025-01-23;142.57001;144.10001;141.87000;144.080002;8032900
2025-01-22;141.80000;142.63000;141.13000;142.17999;8189900
2025-01-21;140.92000;142.50999;140.89999;142.5;7257800
2025-01-17;140.94000;141.39999;140.17999;140.17999;7668100
2025-01-16;140.13000;141.34000;139.58000;141.13000;8512100
2025-01-15;140.39000;141.24001;139.77000;140.57001;11388400
2025-01-14;141.27000;141.27000;138.88000;140;10277800
2025-01-13;139.78999;141.82001;139.67000;141.46001;9422200
2025-01-10;139.95000;140.95000;139.35001;139.64000;10343700
2025-01-08;139.97000;140.64000;138.69000;140.42999;7827400
2025-01-07;139.36000;140.92999;139.36000;139.71001;12639700
2025-01-06;138.89999;140.039993;138.56000;139.020004;8653300
2025-01-03;137.89000;139.35001;137.74001;138.96001;8288700
2025-01-02;138.25999;138.77000;137.12000;137.61000;8973000
2024-12-31;137.58000;138.12000;136.78999;137.57001;6626900
2024-12-30;138.14999;138.14999;136.73000;137.24001;6890300
2024-12-27;138.83000;139.81000;138.36000;138.95000;5948000
2024-12-26;138.83000;139.72000;138.67999;139.60001;4720300
2024-12-24;138.63000;139.32001;138.039993;139.32001;3139300
2024-12-23;137.60001;138.95000;136.99001;138.75;8050500
2024-12-20;137.49001;139.28999;137.050003;138;12098400
2024-12-19;137.059998;137.80000;135.95000;136.28000;11929300
2024-12-18;139.12000;140.039993;137.23000;137.32001;14448100
2024-12-17;138.70000;140.24001;138.60001;139.21001;10280100
2024-12-16;140.88000;141.64999;139.20000;139.31000;9476600
2024-12-13;140.83000;141.45000;140.13000;140.99001;7599400
2024-12-12;142.17000;142.53999;140.91000;141.0099945;5994200
2024-12-11;143.52000;143.64000;142.10001;142.14000;6895000
2024-12-10;144.99001;145.10001;143.62000;144.10001;7200500
2024-12-09;144.42000;145.089996;143.92000;144.70000;6258600
2024-12-06;145.28999;145.46001;144.10001;144.28000;6545200
2024-12-05;146.089996;146.25;144.83000;145.10001;8948700
2024-12-04;147.080002;147.58000;146.36000;146.74001;5597400
2024-12-03;147.14000;147.42999;146.74001;146.82001;4236200
2024-12-02;147.32001;147.38000;146.39000;147.14999;6220800
2024-11-29;146.94000;147.78999;146.71001;147.41000;3521200
2024-11-27;146.31000;147.75999;146.31000;146.95000;5952800
2024-11-26;145.83000;146.33000;144.69000;146.17000;6018400
2024-11-25;144.81000;145.85001;144.78999;145.39000;6834300
2024-11-22;144.33000;145.020004;143.94000;144.16000;6330300
2024-11-21;142.88000;144.23000;142.14000;144.029999;7969600
2024-11-20;141.50999;143.080002;141.28000;142.88000;9328800
2024-11-19;140.64999;141.61000;140.25999;141.21001;6205800
2024-11-18;141.47000;142.089996;141.31000;141.94000;7933100
2024-11-15;143.72000;143.85001;141.57001;141.84000;14246100
2024-11-14;146.58000;146.59000;144.36000;144.52000;7936700
2024-11-13;147.16000;147.60001;146.67999;146.83000;5981200
2024-11-12;149.059998;149.31000;147.19000;147.22000;7022300
2024-11-11;149.85001;150.60001;149.080002;149.30000;6071900
2024-11-08;149.31000;150.95000;149.14000;150.17999;8701100
2024-11-07;148.92999;149.28999;148.21001;149.11000;9381600
2024-11-06;150.67000;150.91000;147.35001;148.039993;10685600
2024-11-05;146.48000;147.89000;145.94000;147.85001;5035300
2024-11-04;147.38000;148.089996;146.48000;146.77000;5985900
2024-11-01;147.44000;148.47000;147.42999;147.74001;6896900
2024-10-31;147.24001;147.92999;146.84000;146.87000;6701100
2024-10-30;146.14000;148.17000;145.62000;148.12000;9211800
2024-10-29;148.71001;149.32001;148.33000;148.39999;7342600
2024-10-28;149.0099945;149.49001;148.62000;148.81000;4923500
2024-10-25;149.92000;150;148.42000;148.59000;5314500
2024-10-24;150.39999;151.0099945;149.37000;149.41000;5066300
2024-10-23;150.70000;150.92999;149.60001;150.39999;4910200
2024-10-22;150.53000;151.39000;150.39999;151.11000;5166900
2024-10-21;152.73000;153.14000;151.17999;151.33000;4825900
2024-10-18;152.5;153.5;152.059998;153.13000;9823900
2024-10-17;152.77000;153.020004;152.28999;152.39000;5430000
2024-10-16;152.64999;153.61000;152.24001;153.28000;4510200
2024-10-15;152.67000;154.59000;152.50999;152.85001;9088600
2024-10-14;154.059998;155.0099945;153.53000;154.74001;4819800
2024-10-11;153.25;154.070007;153.029999;153.89000;9354000
2024-10-10;153.34000;153.46001;152.39999;152.77000;4385500
2024-10-09;151.92999;153.46001;151.57001;153.34000;7840000
2024-10-08;151.37000;152.029999;151.24001;151.78999;4726600
2024-10-07;151.64999;152.11000;150.69000;150.97000;5922800
2024-10-04;151.75;152.020004;150.88000;151.64000;6590100
2024-10-03;152.52000;152.66000;151.24001;151.52000;5551000
2024-10-02;153.020004;153.38000;151.87000;152.89999;7158400
2024-10-01;154.14000;154.35001;152.63000;153.21001;10560200
2024-09-30;152.81000;154.059998;152.58000;154.020004;7233800
2024-09-27;153.30000;154.20000;153.0099945;153.020004;7312500
2024-09-26;152.49001;153.28999;152.23000;153.10001;6172900
2024-09-25;154.56000;154.78000;152.53000;152.59000;5940100
2024-09-24;154.33000;154.39000;153.36000;154.089996;5341600
2024-09-23;155.19000;155.21001;154.12000;154.39999;6416400
2024-09-20;155.41000;155.98000;154.89999;155.28000;8541600
2024-09-19;156.75999;156.75999;155.50999;155.92000;6717400
2024-09-18;155.49001;156.98000;154.75999;155.36000;7148900
2024-09-17;157.050003;157.089996;155.070007;155.62000;6280000
2024-09-16;156.98000;157.59000;156.67000;157.24001;4711900
2024-09-13;155.91000;156.64000;155.70000;156.16000;4358500
2024-09-12;155.24001;155.98000;153.78999;155.84000;4838100
2024-09-11;155.17999;155.46001;152.85001;155.28000;6636500
2024-09-10;155.24001;155.85001;154.66000;155.74001;7337200
2024-09-09;154.34000;155.52000;153.75;155.029999;6169200
2024-09-06;155.020004;155.66000;153.63000;153.95000;7651800
2024-09-05;156.46001;156.55000;153.73000;154.48000;7245600
2024-09-04;156.69000;159.64000;155.86000;156.63000;8235500
2024-09-03;156.88000;157.84000;156.47000;156.89999;7674900
2024-08-30;156.23000;157.28000;155.55000;157.20000;7020600
2024-08-29;156.41000;156.83000;155.46001;156.12000;4339200
2024-08-28;155.50999;156.44000;155.059998;155.78999;5150100
2024-08-27;155.52000;156.039993;155.059998;155.61000;3785400
2024-08-26;155.60001;156.080002;155.22000;155.37000;4433600
2024-08-23;155.19000;155.56000;154.64000;155.45000;4069400
2024-08-22;155.20000;155.35001;153.99001;154.78000;4951800
2024-08-21;154.74001;155.080002;154.14000;154.67999;5530100
2024-08-20;154.21001;155.21001;154.050003;154.42000;4878300
2024-08-19;152.88000;153.94000;152.78999;153.80000;4729600
2024-08-16;152.66000;153.12000;152.23000;152.87000;4562500
2024-08-15;152.46001;152.95000;151.75;152.71001;5886800
2024-08-14;151.029999;151.98000;150.67000;151.75999;4837300
2024-08-13;150;151.37000;149.83000;151.22000;4815700
2024-08-12;150.34000;150.34000;148.98000;149.41000;5044300
2024-08-09;149.5;150.36000;149.17999;149.98000;8550400
2024-08-08;148.28999;149.37000;147.62000;149.24001;11479100
2024-08-07;147.41000;148.12000;145.53999;146.0099945;11485000
2024-08-06;147.42000;149.38000;146.95000;147.50999;13335600
2024-08-05;148.5;148.78999;146.19000;146.83000;17575600
2024-08-02;151.39000;151.77000;148.62000;150.86000;15742100
2024-08-01;150.39999;151.33000;149.49001;151.16000;10357700
2024-07-31;150.12000;150.66000;149.050003;149.63000;8417800
2024-07-30;150.050003;151.11000;149.11000;150.17999;7269400
2024-07-29;149.98000;150.56000;149.25999;150.050003;8227200
2024-07-26;149.10001;150.92999;149.0099945;149.96001;6028800
2024-07-25;149.42000;151.53000;148.96001;149.12000;11472800
2024-07-24;148.71001;150.059998;148.21001;149.87000;6870400
2024-07-23;149.33000;149.42000;148.47000;148.63000;3553300
2024-07-22;148.62000;148.99001;147.88000;148.72000;5190200
2024-07-19;147.86000;148.58000;147.28000;147.87000;5985700
2024-07-18;149.58000;150.56000;146.86000;147.12000;11033400
2024-07-17;148.83000;151.33000;148.64000;150.53999;10395500
2024-07-16;148.64000;149.89000;148.31000;149.86000;7602500
2024-07-15;148.84000;148.98000;147.53000;147.75;5804100
2024-07-12;147.85001;148.89000;147.74001;148.27000;6614600
2024-07-11;146.33000;147.74001;146.14999;147.35001;7690700
2024-07-10;145.11000;146.34000;144.78999;146.32001;5342300
2024-07-09;144.56000;145.029999;143.70000;144.95000;8336700
2024-07-08;144.57001;144.97000;143.88000;144.25;4001500
2024-07-05;143.61000;144.49001;142.88000;144.41000;4846900
2024-07-03;144.66000;144.67000;142.73000;143.30000;7654000
2024-07-02;144.41000;144.62000;143.59000;144.39999;7536100
2024-07-01;146.039993;147.49001;144.64999;144.92999;6562000
2024-06-28;146.41000;147.020004;145.10001;145.75;7656800
2024-06-27;146.22000;146.28000;145.029999;145.87000;4637900
2024-06-26;146.37000;146.63000;145.77000;146.11000;4572700
2024-06-25;147.25999;147.47000;146.28000;146.63000;5171600
2024-06-24;146.83000;147.61000;146.45000;147.089996;6446100
2024-06-21;146.59000;147.12000;146.24001;146.81000;8535400
2024-06-20;145.47000;146.59000;145.27000;146.39999;6653600
2024-06-18;145.89000;146.39999;145.60001;145.92000;4872600
2024-06-17;145.25999;145.96001;144.96001;145.73000;4542800
2024-06-14;145.63000;145.92000;145.029999;145.88000;4109600
2024-06-13;145.50999;146.17000;144.58000;145.92999;4720600
2024-06-12;146.99001;147.039993;145.67000;146.050003;6522700
2024-06-11;146.86000;146.86000;145.73000;146.36000;5194000
2024-06-10;146.20000;147.0099945;145.67000;146.97000;5397700
2024-06-07;146.13000;147.16000;145.96001;146.42999;5222300
2024-06-06;145.67999;146.58000;145.17999;146.27000;5425800
2024-06-05;145.30000;145.95000;144.49001;145.78999;5373400
2024-06-04;144.58000;145.53000;144.039993;145.13000;6964200
2024-06-03;143.60001;145.14000;143.35001;144.71001;10303300
2024-05-31;142.080002;143.78000;141.91000;143.70000;7945900
2024-05-30;140.99001;142.14000;140.67999;141.63000;7395500
2024-05-29;141.45000;141.73000;140.95000;141.56000;6838200
2024-05-28;144.10001;144.10001;142.070007;142.67000;8375100
2024-05-24;145.10001;145.33000;144.33000;144.42000;3948800
2024-05-23;146.27000;146.28000;144.81000;144.91000;5155900
2024-05-22;145.86000;146.95000;145.77000;146.50999;6831200
2024-05-21;146.25999;146.88000;145.88000;146.25;4048900
2024-05-20;146.16000;146.36000;145.69000;146;3890000
2024-05-17;146;146.34000;145.44000;146.31000;7071600
2024-05-16;145.89000;146.44000;145.62000;146.029999;6740800
2024-05-15;144.70000;146.36000;144.64000;146.20000;8433700
2024-05-14;143.64999;144.13000;143.11000;144.059998;6198700
2024-05-13;143.88000;144.0099945;143.19000;143.45000;5351500
2024-05-10;143.49001;144.089996;143.39000;143.59000;6324900
2024-05-09;142.25;143.38000;142.23000;143.30000;6821800
2024-05-08;142.86000;142.88000;141.89999;142.080002;5461100
2024-05-07;141.72000;142.70000;141.70000;142.57001;7720600
2024-05-06;140.95000;141.44000;140.64000;141.39999;5605100
2024-05-03;141.089996;141.23000;140.10001;140.83000;8539300
2024-05-02;141.34000;141.44000;139.72000;140.48000;8425500
2024-05-01;139.71001;141.84000;139.55000;140.58000;10710200
2024-04-30;140.89999;141.20000;140.23000;140.33000;9677700
2024-04-29;140.13000;140.83000;139.73000;140.42999;6388600
2024-04-26;139.39999;140.33000;139.30000;139.96001;6013800
2024-04-25;140.77000;141;139.20000;139.92000;9693300
2024-04-24;140.99001;141.14999;140.22000;140.86000;7378600
2024-04-23;140.82001;141.56000;140.17999;141.30000;8615500
2024-04-22;139.38000;140.59000;138.92999;139.48000;8531300
2024-04-19;139.14999;139.34000;138.45000;138.95000;9667300
2024-04-18;138.53000;139.25;138.21001;138.42999;8105800
2024-04-17;139.49001;139.62000;138.22000;138.44000;8480100
2024-04-16;139.83000;139.83000;138.59000;138.67999;10170500
2024-04-15;140.12000;140.63000;138.41000;138.63000;10383600
2024-04-12;140.28000;140.28999;138.46001;138.91000;13796300
2024-04-11;142.020004;142.050003;140.60001;141.0099945;8153900
2024-04-10;141.84000;142.24001;141.10001;141.59000;13052700
2024-04-09;143.070007;143.35001;142.28000;143.27000;10534400
2024-04-08;143.11000;143.11000;142.53999;142.75999;9128200
2024-04-05;141.73000;143.69000;141.61000;143.22000;9073100
2024-04-04;144.92999;145.020004;141.87000;141.95000;12685700
2024-04-03;144.44000;145.089996;143.69000;144.029999;8453400
2024-04-02;144.49001;144.64999;143.44000;144.19000;10776400
2024-04-01;147.64000;147.73000;145.94000;146.47000;7378300
2024-03-28;147.92000;148.23000;147.67999;147.73000;8090200
2024-03-27;147.0099945;147.71001;146.62000;147.71001;8797400
2024-03-26;145.53000;145.94000;145.14000;145.77000;6942400
2024-03-25;145.71001;145.86000;145.0099945;145.24001;5253000
2024-03-22;145.85001;146.22000;145.25999;145.44000;5537200
2024-03-21;145.75;146.17000;145.34000;145.64000;8865300
2024-03-20;145.42999;145.5;144.64000;145.45000;8268200
2024-03-19;144.94000;145.87000;144.52000;145.78000;5240200
2024-03-18;145.42999;145.57001;144.72000;144.82001;6407000
2024-03-15;145.020004;145.66000;144.85001;145.36000;10570500
2024-03-14;146.55000;146.66000;145.13000;145.94000;9605700
2024-03-13;147.59000;147.70000;145.89000;146.46001;7874200
2024-03-12;146.45000;147.39000;145.96001;147.029999;7143700
2024-03-11;146.10001;146.61000;145.28999;146.35001;7723800
2024-03-08;146.56000;147.25;146.17000;146.42999;7802500
2024-03-07;146.38000;147.050003;146.17999;146.70000;6438300
2024-03-06;145.30000;146.56000;145.30000;146.020004;8085300
2024-03-05;146.17000;146.41000;144.55000;145.029999;9743400
2024-03-04;145.92000;146.67999;145.77000;146.12000;10657800
2024-03-01;145.14999;146.44000;144.50999;146.34000;8741400
2024-02-29;146;146.24001;144.72000;144.82001;9435600
2024-02-28;146.12000;146.28000;145.32001;146.0099945;8038800
2024-02-27;146.38000;147.19000;146.039993;146.74001;7374000
2024-02-26;147.77000;148.11000;146.97000;147.10001;7248300
2024-02-23;147.66000;148.27000;147.34000;147.86000;9194600
2024-02-22;145.64000;147.42999;145.33000;147.16000;9130000
2024-02-21;144.66000;145.49001;144.24001;145.45000;7213800
2024-02-20;145.73000;146.19000;144.75999;145.13000;9120400
2024-02-16;145.34000;146.60001;144.82001;145.62000;8424100
2024-02-15;144.20000;145.42999;143.99001;145.14999;9294800
2024-02-14;143.35001;144.14999;143.070007;144.10001;9701100
2024-02-13;143.47000;144.47000;142.14999;142.86000;11170000
2024-02-12;143.82001;144.24001;143.14000;144.20000;6645500
2024-02-09;144.059998;144.28999;143.53999;144.0099945;7447800
2024-02-08;144.23000;144.23000;143.47000;144.12000;6672400
2024-02-07;144.34000;145.029999;144.070007;144.37000;7884600
2024-02-06;143.53999;144.089996;142.82001;143.98000;10159000
2024-02-05;142.5;143.31000;141.78000;142.42999;9631700
2024-02-02;142.14999;142.64999;141.27000;141.99001;10629200
2024-02-01;140.55000;142.20000;139.87000;142.20000;8503600
2024-01-31;141.64000;141.75;140.35001;140.38000;10223100
2024-01-30;140.48000;140.82001;139.81000;140.57001;5940300
2024-01-29;139.39999;140.25999;139.31000;140.25;6229600
2024-01-26;139.44000;139.56000;138.92000;139.27000;5759100
2024-01-25;138.20000;138.50999;137.21001;138.48000;10050200
2024-01-24;140.34000;140.67999;138.67000;138.69000;9104900
2024-01-23;139.89000;140.059998;138.97000;139.97000;6407400
2024-01-22;139.58000;140.44000;139.23000;140.070007;7831400
2024-01-19;139.46001;139.82001;138.69000;139.46001;8841300
2024-01-18;138.20000;139.50999;137.52000;139.38000;8929300
2024-01-17;139.45000;140.089996;139.0099945;139.39999;8337200
2024-01-16;140.17000;140.36000;139.46001;139.67999;7426900
2024-01-12;140.48000;141.16000;140.050003;140.52000;8026400
2024-01-11;140.78999;141.029999;140;140.87000;7182300
2024-01-10;140.41000;141.14000;139.88000;140.97000;9773300
2024-01-09;140.20000;141.56000;139.87000;140.33000;9201300
2024-01-08;139.16000;140.38000;138.59000;140.35001;7999400
2024-01-05;138.92000;139.70000;138.53000;139.12000;9436900
2024-01-04;138.98000;140;138.74001;139.24001;11649200
2024-01-03;139.24001;139.53000;138.38000;138.55000;9585000
2024-01-02;136.039993;139.050003;135.97000;138.78000;11785900
2023-12-29;136.24001;136.62000;135.82001;136.38000;5590000
2023-12-28;136;136.70000;135.98000;136.24001;5800200
2023-12-27;135.17000;135.98000;135.14000;135.89000;5444100
2023-12-26;134.91000;135.67999;134.74001;135.32001;3688600
2023-12-22;134.67999;135.44000;134.48000;135.020004;5355100
2023-12-21;133.53000;134.45000;133.22000;134.35001;5606800
2023-12-20;134.60001;134.67999;132.72000;132.73000;7299000
2023-12-19;133.95000;134.75;133.74001;134.67999;6358200
2023-12-18;134.059998;134.20000;133.42999;133.78000;5944300
2023-12-15;134.67999;134.94000;133.66000;134.16000;8296600
2023-12-14;136.42999;136.50999;134.80000;135.31000;10098700
2023-12-13;132.94000;136.0099945;132.75999;135.97000;9074300
2023-12-12;133.13000;133.70000;132.5;133.50999;6779000
2023-12-11;132.78000;133.19000;132.13000;132.94000;9016800
2023-12-08;131.94000;132.38000;131.28000;132.070007;6007600
2023-12-07;132.029999;132.35001;131.25;131.85001;6396700
2023-12-06;132.20000;132.45000;131.75;132.0099945;6210400
2023-12-05;131.81000;132.12000;131.089996;131.91000;6581000
2023-12-04;131.48000;132.33000;131.44000;132.080002;6943900
2023-12-01;131.13000;131.97000;131.029999;131.83000;9370900
2023-11-30;129.78000;131.39000;129.33000;131.31000;7743100
2023-11-29;129.5;130.38000;129.44000;129.67999;6979000
2023-11-28;130.080002;130.37000;129.55000;129.64000;6261300
2023-11-27;130.85001;131.28999;130.070007;130.31000;10530200
2023-11-24;130.69000;131.16000;130.67999;131.13000;3708800
2023-11-22;130.24001;130.74001;130.070007;130.42999;6737700
2023-11-21;129.47000;130.070007;129.31000;129.81000;8373000
2023-11-20;127.75;129.31000;127.66000;129.029999;6910000
2023-11-17;128.78000;128.99001;127.86000;128.25;6766100
2023-11-16;128.34000;128.78000;127.85000;128.50999;7665900
2023-11-15;127.95000;128.47000;127.64000;127.96000;9262700
2023-11-14;127.73000;128.71001;127.41000;127.86000;11216900
2023-11-13;126.40000;127.25;125.67000;127;11373800
2023-11-10;126;126.45000;124.60000;126.27000;10401300
2023-11-09;128.050003;128.20000;125.40000;125.52000;13905500
2023-11-08;128.89000;128.89000;127.39000;128.17000;10021100
2023-11-07;128.21001;128.66000;127.87000;128.35001;8241900
2023-11-06;127.95000;128.46001;127.43000;128.25999;8425100
2023-11-03;127.65000;128.20000;127.20000;127.41000;11635600
2023-11-02;125.28000;126.89000;124.95000;126.78000;11894000
2023-11-01;124.39000;125.41000;124.17000;124.80000;13802600
2023-10-31;124.27000;124.70000;123.55000;124.54000;13917400
2023-10-30;123.78000;124.21000;122.89000;123.83000;15224500
2023-10-27;124.91000;125.070000;122.59000;123.14000;13566100
2023-10-26;125.47000;126.41000;125.16000;125.26000;14699100
2023-10-25;127.070000;127.46000;125.57000;126.51000;11427000
2023-10-24;126.85000;128.050003;126.85000;127.65000;9375900
2023-10-23;127.97000;128.39999;127.14000;127.26000;12344200
2023-10-20;128.31000;128.98000;128.039993;128.059998;12296300
2023-10-19;129.67999;129.82001;127.77000;128.57001;15492500
2023-10-18;131.17000;131.53999;129.62000;129.85001;10085700
2023-10-17;130.53999;131.71001;130.44000;130.99001;9149900
2023-10-16;130.71001;131.92000;130.60001;131.17000;10545000
2023-10-13;129.86000;130.94000;129.46001;130.19000;11383800
2023-10-12;130.60001;130.85001;129.28000;129.38000;10927700
2023-10-11;131.24001;131.45000;129.92000;130.5;9591800
2023-10-10;130.42000;131.67000;129.97000;131.080002;8154900
2023-10-09;129.64999;130.58000;129.13000;130.46001;8047600
2023-10-06;128.30000;130.42000;128.23000;130.0099945;10692100
2023-10-05;128.25;128.89000;127.52000;128.66000;9609700
2023-10-04;127.53000;128.14000;126.93000;127.96000;10064300
2023-10-03;127.93000;128.20000;126.88000;127.42000;11971100
2023-10-02;128.33000;128.60001;127.059998;128.56000;16035100
2023-09-29;130;130.12000;128.53999;128.74001;12692300
2023-09-28;129.32001;130.089996;129.32001;129.72000;9129000
2023-09-27;129.99001;130.12000;128.14999;129.10001;9888600
2023-09-26;130.25999;130.67999;129.64999;129.75;8200700
2023-09-25;130.020004;130.89999;129.66000;130.86000;6826300
2023-09-22;130.25;130.92000;130;130.14999;7790300
2023-09-21;131.32001;131.53999;130.36000;130.42000;7979500
2023-09-20;132.14000;132.50999;131.55000;131.57001;6350700
2023-09-19;131.23000;131.84000;130.67999;131.56000;6252400
2023-09-18;131.86000;131.99001;130.95000;131.45000;6559400
2023-09-15;132.92000;133.55000;132.10001;132.19000;9611900
2023-09-14;133.57001;133.64999;132.84000;133.24001;6433300
2023-09-13;132.48000;133.35001;132.44000;132.82001;6430300
2023-09-12;132.57001;133.14999;131.85001;132.80000;6941700
2023-09-11;132;133.23000;131.98000;132.97000;7179000
2023-09-08;131.78000;132.46001;131.75;132.059998;8716900
2023-09-07;131.87000;132.63000;131.77000;132.059998;11055700
2023-09-06;132.029999;132.16000;130.83000;131.47000;12840000
2023-09-05;133.64000;133.74001;132.19000;132.19000;11042600
2023-09-01;134.24001;134.24001;133.22000;133.57001;10183600
2023-08-31;134.84000;134.91000;133.17999;133.21001;7540200
2023-08-30;135.25;135.66000;134.70000;134.82001;7892700
2023-08-29;133.89999;134.92000;133.72000;134.92000;10737000
2023-08-28;133.88000;134.31000;133.23000;133.72000;6768400
2023-08-25;132.87000;133.88000;132.42000;133.41000;8509100
2023-08-24;133.34000;134.39000;132.44000;132.44000;10241700
2023-08-23;134;134.30000;133.21001;133.60001;7276800
2023-08-22;133.47000;133.78999;133.13000;133.20000;6939400
2023-08-21;133.48000;133.83000;133.059998;133.67000;6872400
2023-08-18;133.22000;133.88000;133.10001;133.53000;9463000
2023-08-17;134.070007;134.53999;133.42000;133.48000;11163800
2023-08-16;135.36000;135.80000;134.52000;134.55000;9462400
2023-08-15;135.74001;136.14000;135.42999;135.58000;9118500
2023-08-14;135.69000;136.50999;135.57001;136.080002;8723300
2023-08-11;134.78999;135.83000;134.47000;135.67000;7674400
2023-08-10;135.25;136.53000;134.69000;134.83000;9541700
2023-08-09;134.84000;135.64999;134.75;134.92000;9833600
2023-08-08;134.78000;135.13000;134.039993;134.96001;12601200
2023-08-07;132.80000;134.059998;132.73000;133.92999;8165600
2023-08-04;132.91000;133.73000;132.070007;132.39999;12631200
2023-08-03;133.10001;133.27000;132.61000;132.87000;11863400
2023-08-02;133.48000;134.39000;133.17999;133.53999;13873000
2023-08-01;133.84000;134.33000;133.12000;133.45000;10555300
2023-07-31;134.95000;135;133.64999;134.14999;9735900
2023-07-28;135.20000;135.42000;134.42000;135.19000;6897600
2023-07-27;135.99001;136.48000;134.75999;134.78999;8800800
2023-07-26;135.23000;136.23000;134.88000;135.78999;8205300
2023-07-25;135.029999;136.42999;134.85001;135.88000;7802900
2023-07-24;136.24001;136.85001;135.82001;135.94000;12034000
2023-07-21;135.0099945;136.66000;134.78000;136.24001;11308500
2023-07-20;133.57001;135.42999;133.47000;134.88000;12650200
2023-07-19;132.72000;133.50999;132.45000;132.67999;12484000
2023-07-18;131.14999;132.57001;130.91000;132.070007;8130300
2023-07-17;131.35001;131.63000;130.61000;131.10001;7905000
2023-07-14;130.73000;132.12000;130.59000;131.70000;13298600
2023-07-13;130.029999;130.36000;129.62000;129.75;7526200
2023-07-12;130.38000;130.5;129.49001;129.70000;11900400
2023-07-11;129.84000;130.47000;129.48000;130.050003;7279200
2023-07-10;129.0099945;130.17999;129;130.020004;7476500
2023-07-07;129.80000;130.25999;128.92999;129;8749700
2023-07-06;130.69000;131.0099945;130.19000;130.52000;8213100
2023-07-05;131.36000;131.85001;131.059998;131.57001;7942100
2023-07-03;132.35001;132.35001;131.080002;131.64000;5240300
2023-06-30;131.91000;133.039993;131.83000;132.73000;8260900
2023-06-29;130.23000;131.46001;130.0099945;131.38000;7843300
2023-06-28;130.92000;130.95000;130.11000;130.53000;10897800
2023-06-27;131.25;131.39000;130.039993;130.95000;8578200
2023-06-26;131.67000;131.88000;129.98000;131.25;7092800
2023-06-23;132.25999;132.53999;131.64000;132;8096500
2023-06-22;131.74001;132.63000;131.57001;132.44000;8036400
2023-06-21;131.20000;131.99001;130.59000;131.53999;9444800
2023-06-20;130.41000;132.10001;130.39000;131.52000;8585100
2023-06-16;132.56000;133.25;132.070007;132.21001;10535000
2023-06-15;130.21001;132.39999;130.19000;132.22000;10598600
2023-06-14;130.88000;130.99001;129.70000;130.20000;12401600
2023-06-13;130.60001;131.75;130.47000;131.55000;8362700
2023-06-12;130.35001;130.92000;129.84000;130.89000;7321100
2023-06-09;130.050003;130.87000;129.34000;130.42000;10446100
2023-06-08;129.21001;130.20000;128.78000;130.020004;6583100
2023-06-07;129.59000;129.77000;129;129.19000;7519600
2023-06-06;131.32001;131.36000;129.13000;129.70000;9413500
2023-06-05;130.61000;131.38000;130.45000;130.78999;7880200
2023-06-02;129.080002;130.55000;128.78000;130.32001;10293000
2023-06-01;127.95000;128.92000;126.96000;128.67000;9751900
2023-05-31;126.39000;128.050003;126.050003;127.83000;15099100
2023-05-30;126.89000;127.87000;126.42000;126.74000;12114500
2023-05-26;127.67000;128.87000;127.29000;127.53000;8794900
2023-05-25;128.49001;128.66000;126.91000;127.79000;13737000
2023-05-24;129.75;129.78000;128.81000;129.11000;7952900
2023-05-23;130.91000;131.10001;129.71001;130;8723100
2023-05-22;131.5;132.36000;131.13000;131.44000;12856100
2023-05-19;131;132.19000;130.94000;131.31000;9276200
2023-05-18;130.74001;130.91000;129.69000;130.70000;12196900
2023-05-17;131.080002;131.19000;129.56000;131.020004;15512700
2023-05-16;131.67999;131.73000;130.83000;130.86000;7106000
2023-05-15;132.21001;132.30000;131.39000;131.96001;5725600
2023-05-12;132.57001;132.85001;131.60001;132.19000;6626300
2023-05-11;132.5;132.58000;131.53999;132.37000;8764800
2023-05-10;132.78999;133.11000;132;132.78000;6556600
2023-05-09;132.78999;133.42000;132.37000;132.41000;6452700
2023-05-08;133.39000;133.42999;132.67999;133.30000;5305700
2023-05-05;133.27000;134.050003;132.83000;133.59000;7650300
2023-05-04;132.89999;132.98000;131.84000;132.39999;9625300
2023-05-03;134.25999;134.89999;133.27000;133.46001;8961500
2023-05-02;134;134.85001;132.67999;133.64000;14365800
2023-05-01;133.72000;134.75999;133.46001;134.22000;6793900
2023-04-28;132.24001;133.91000;132.029999;133.53000;7917300
2023-04-27;131.77000;132.59000;130.62000;132.39999;10008900
2023-04-26;132.42999;132.52000;130.92000;131.71001;10128800
2023-04-25;134.85001;135.25999;133.42000;133.61000;7752000
2023-04-24;134.44000;135.089996;134.10001;135.050003;6299800
2023-04-21;134.13000;134.75;133.71001;134.30000;6535900
2023-04-20;133.31000;133.60001;132.77000;133.39999;6672000
2023-04-19;133.58000;134.14999;133.17000;133.95000;7048100
2023-04-18;134.73000;134.73000;133.36000;133.53999;7194200
2023-04-17;134.61000;134.75999;133.75999;134.46001;7187000
2023-04-14;135.35001;135.64000;134.070007;134.57001;6632100
2023-04-13;134.49001;135.81000;134.20000;135.66000;9373500
2023-04-12;134.39999;134.89999;133.67999;133.92000;8988600
2023-04-11;133.74001;134.37000;133.66000;133.88000;8887500
2023-04-10;133.16000;133.5;132.46001;133.42999;8024300
2023-04-06;133.71001;134.11000;133.070007;133.52000;8276300
2023-04-05;131.66000;133.42000;131.50999;133.19000;12325800
2023-04-04;131.050003;131.69000;130.69000;130.92999;9052600
2023-04-03;129.56000;131.059998;129.20000;130.91000;8937300
2023-03-31;128.52000;129.53000;128.45000;129.46001;9202500
2023-03-30;128.089996;128.13000;127.28000;128.089996;6820400
2023-03-29;127.68000;127.84000;126.85000;127.40000;8183100
2023-03-28;127.69000;128.14999;126.74000;127.050003;8037400
2023-03-27;128.20000;128.78000;127.67000;127.82000;9455400
2023-03-24;125.44000;127.42000;124.97000;127.30000;8163700
2023-03-23;126.32000;127.080002;124.84000;125.56000;10092300
2023-03-22;127.80000;128.27000;125.78000;125.80000;10480000
2023-03-21;127.45000;127.88000;126.68000;127.73000;8816300
2023-03-20;125.58000;127.15000;125.58000;126.96000;10592100
2023-03-17;127.39000;127.49000;125.46000;125.86000;15071400
2023-03-16;125.37000;127.56000;125.019997;127.5;16011400
2023-03-15;125.070000;126.5;124.84000;126.32000;17244600
2023-03-14;126.16000;126.82000;125.17000;126.43000;14582900
2023-03-13;123.75;127.019997;123.60000;125.31000;21294200
2023-03-10;124.86000;125.90000;123.67000;124.15000;20483200
2023-03-09;126.84000;127.050003;124.56000;125.070000;13270300
2023-03-08;126.77000;127.16000;125.84000;126.35000;10793200
2023-03-07;129.37000;129.52000;126.81000;127.029999;9604400
2023-03-06;129.25999;129.70000;128.81000;129.11000;8153400
2023-03-03;128.33000;129.22000;127.69000;129.17000;10048000
2023-03-02;126.39000;128.10001;126.39000;127.74000;10203100
2023-03-01;126.56000;127.24000;126.41000;126.96000;11101000
2023-02-28;127.83000;127.91000;127.059998;127.17000;10282800
2023-02-27;129.21001;129.57001;127.83000;128.12000;6463900
2023-02-24;129.089996;129.34000;128.13000;128.50999;9008000
2023-02-23;129.81000;130.85001;129.24001;130.19000;9955500
2023-02-22;130.42000;130.73000;129.57001;129.84000;7318900
2023-02-21;131.029999;131.57001;130.089996;130.28000;9066200
2023-02-17;130.20000;132.23000;130.080002;131.99001;10798800
2023-02-16;130.92999;131.99001;130.53999;130.82001;8008000
2023-02-15;132.28000;132.46001;131.69000;132.14000;6491900
2023-02-14;133.77000;134.0099945;132.13000;132.80000;6905900
2023-02-13;132.50999;133.60001;132.50999;133.59000;6300300
2023-02-10;131.42999;132.63000;131.25;132.49001;6198600
2023-02-09;132.74001;133.25;131.039993;131.25;8085700
2023-02-08;132.32001;133.14999;132.21001;132.41000;5614100
2023-02-07;131.49001;133.19000;131.029999;132.80000;7551000
2023-02-06;132.5;132.78000;131.77000;131.95000;7328300
2023-02-03;133.17000;133.60001;132.25;132.69000;10046800
2023-02-02;133.0099945;133.25999;132.13000;133.080002;11274600
2023-02-01;133.36000;134.81000;132.36000;133.99001;11843000
2023-01-31;131.96001;133.38000;131.83000;133.36000;6290600
2023-01-30;132.61000;133.44000;131.46001;131.66000;7055400
2023-01-27;133.57001;133.71001;132.69000;132.86000;5854600
2023-01-26;133.83000;133.95000;132.73000;133.77000;6861100
2023-01-25;132.59000;133.55000;132.21001;133.52000;5999000
2023-01-24;133.70000;134.48000;132.62000;133.48000;5754800
2023-01-23;133.99001;135.12000;133.69000;134.37000;7211000
2023-01-20;133.53999;134.0099945;132.52000;133.91000;5962200
2023-01-19;132.53000;133.77000;132.25999;133.24001;9902300
2023-01-18;134.82001;135.17000;132.78999;132.92000;10629100
2023-01-17;135.38000;135.61000;134.64000;134.82001;6664100
2023-01-13;134.11000;135.86000;134.050003;135.45000;6334100
2023-01-12;134.99001;135.41000;133.53999;134.85001;7580500
2023-01-11;134.61000;135.30000;133.99001;135.28000;7307200
2023-01-10;133.35001;134.73000;133.14999;134.52000;7675200
2023-01-09;135.81000;135.85001;133.22000;133.39999;7719500
2023-01-06;135.33000;136.039993;133.61000;135.67000;7175700
2023-01-05;134.92000;135.25;133.89999;134.42999;6714200
2023-01-04;136.22000;136.57001;134.94000;135.82001;8469800
2023-01-03;135.96001;136.33000;134.42999;135.46001;7239200
2022-12-30;135.88000;136.020004;134.47000;135.85001;6369500
2022-12-29;135.71001;137.039993;135.39999;136.34000;6297300
2022-12-28;136.20000;136.86000;134.82001;134.87000;5054200
2022-12-27;136.36000;136.47000;135.21001;135.75;7050500
2022-12-23;135.89000;136.23000;135.10001;136.10001;3766900
2022-12-22;135.45000;136.059998;134.25999;136.020004;5483300
2022-12-21;135.25999;136.63000;134.84000;136.21001;5937500
2022-12-20;134.52000;134.96001;133.71001;134.44000;4815500
2022-12-19;134.92999;135.17999;133.86000;134.47000;6801600
2022-12-16;136.49001;136.58000;134.78000;135.53000;10843900
2022-12-15;138.85001;139.20000;137.039993;137.53000;8746700
2022-12-14;139.82001;141.28000;138.92000;140.10001;10882200
2022-12-13;141.35001;141.77000;138.91000;139.88000;9886500
2022-12-12;138.070007;139.45000;138.070007;139.45000;5669700
2022-12-09;139.58000;140;137.94000;137.98000;6203000
2022-12-08;138.75999;139.92999;138.49001;139.77000;6765000
2022-12-07;137.39000;138.92000;137.35001;138.52000;7427000
2022-12-06;138.17999;138.62000;136.71001;137.39000;8171500
2022-12-05;138.88000;139.20000;137.97000;138.44000;6921500
2022-12-02;138.020004;139.97000;138.020004;139.78000;7779800
2022-12-01;139.82001;140.16000;138.67000;139.42000;15140200
2022-11-30;135.98000;139.11000;135.25999;139.020004;9377400
2022-11-29;135.83000;136.050003;135.050003;135.78000;5439600
2022-11-28;136.73000;137.53999;135.85001;136.12000;5026800
2022-11-25;136.5;137.25999;136.48000;137.14999;3256000
2022-11-23;135.82001;136.53999;135.48000;136.34000;5340600
2022-11-22;134.95000;135.89999;134.92999;135.80000;5931100
2022-11-21;134.28999;135.21001;134.14000;134.63000;7995200
2022-11-18;134.089996;134.80000;133.64999;134.57001;6720700
2022-11-17;131.97000;133.5;131.86000;132.96001;6498700
2022-11-16;133.41000;134.31000;132.78999;133.020004;6122200
2022-11-15;134.10001;134.66000;131.97000;133.080002;8184100
2022-11-14;133.53000;134.84000;133.20000;133.25;10552600
2022-11-11;134.61000;134.63000;131.39999;133.13000;10487200
2022-11-10;134.47000;135.050003;132.66000;134.78000;12416800
2022-11-09;132.66000;133.55000;131.28000;131.44000;8963500
2022-11-08;132.24001;133.89000;131.33000;132.87000;8930700
2022-11-07;131.020004;132.56000;130.53000;132.21001;6054400
2022-11-04;131;131.28000;128.97000;130.81000;8082200
2022-11-03;129.62000;130.74001;128.70000;130.020004;7916600
2022-11-02;132.52000;134.029999;130.5;130.57001;10228700
2022-11-01;132.91000;133.57001;131.41000;132.83000;8033300
2022-10-31;132.17000;133.27000;131.87000;132.75;7852800
2022-10-28;130.91000;132.96001;130.5;132.86000;6267100
2022-10-27;131.70000;131.72000;130.50999;130.71001;6496800
2022-10-26;130.36000;132.62000;130.32001;131.39999;8277100
2022-10-25;128.59000;130.11000;128.52000;129.96001;7174200
2022-10-24;127.60000;129.37000;127.60000;128.98000;7411300
2022-10-21;123.67000;126.88000;123.010002;126.54000;8433100
2022-10-20;124.60000;125.51000;123.60000;123.76000;7196600
2022-10-19;126.20000;126.21000;123.73000;124.82000;7676200
2022-10-18;127.76000;127.80000;125.97000;126.59000;10016700
2022-10-17;124.69000;126.14000;124.54000;125.89000;8420400
2022-10-14;125.47000;126.40000;123.52000;123.90000;11442300
2022-10-13;120.15000;125.33000;119.95000;124.74000;14063600
2022-10-12;122.89000;123.62000;121.87000;121.90000;9292800
2022-10-11;121.60000;123.80000;121.29000;122.5;10792900
2022-10-10;122.91000;123.080002;121.38000;121.85000;8377800
2022-10-07;124.32000;124.54000;121.92000;122.62000;10068700
2022-10-06;126.42000;126.81000;124.94000;125.27000;9399300
2022-10-05;125.66000;127.55000;125.19000;126.89000;9913400
2022-10-04;124.63000;126.52000;124.34000;126.47000;13717900
2022-10-03;121.99000;124.070000;121.62000;123.60000;9326800
2022-09-30;122.81000;123.66000;120.97000;121.11000;12389800
2022-09-29;123.47000;123.77000;121.97000;122.80000;10791700
2022-09-28;122.89000;124.46000;122.099998;123.84000;16360000
2022-09-27;122.41000;123.20000;120.70000;121.19000;13239900
2022-09-26;122;122.59000;121.019997;121.56000;10450600
2022-09-23;122.70000;122.95000;121.20000;122.73000;16611100
2022-09-22;122.52000;124.20000;122;123.36000;9505600
2022-09-21;125.28000;126.11000;122.68000;122.71000;11642400
2022-09-20;125.41000;125.60000;124.010002;124.78000;9010600
2022-09-19;126.14000;126.29000;124.46000;126.26000;9430100
2022-09-16;127.41000;127.73000;126.47000;127.45000;10810100
2022-09-15;127.65000;129.029999;127.52000;127.81000;8624200
2022-09-14;127.45000;128.20000;126.26000;127.099998;8080100
2022-09-13;129.28000;129.57001;126.69000;127.029999;11928500
2022-09-12;131;132.050003;130.64999;131.37000;7982400
2022-09-09;129.67999;130.85001;129.44000;130.5;8880400
2022-09-08;126.68000;129.39999;126.42000;129.36000;9394800
2022-09-07;125.080002;127.36000;124.68000;127.15000;9038300
2022-09-06;125.48000;126.68000;124.76000;125.11000;9663400
2022-09-02;127.54000;127.66000;124.45000;124.99000;9730300
2022-09-01;124.56000;126.87000;124.39000;126.81000;11212400
2022-08-31;125.97000;126.76000;124.74000;124.76000;8954500
2022-08-30;126.85000;126.85000;125.25;125.56000;7910500
2022-08-29;126.52000;127.19000;125.74000;126.40000;6727700
2022-08-26;130.98000;130.99001;127.19000;127.29000;9044500
2022-08-25;130.059998;130.98000;129.14999;130.94000;5636600
2022-08-24;129.48000;130.0099945;129.039993;129.50999;6719500
2022-08-23;130.60001;130.74001;128.99001;129.35001;7501900
2022-08-22;132.10001;132.52000;130.74001;131.17999;6420400
2022-08-19;132.56000;133.56000;132.37000;132.92000;5946500
2022-08-18;133.11000;133.38000;131.85001;132.56000;7053600
2022-08-17;133.14999;133.92000;132.95000;133.14999;7251800
2022-08-16;134;134.38000;133.41000;133.92999;7138400
2022-08-15;133.55000;134.47000;133.070007;134.28999;7486100
2022-08-12;132.25;133.67999;132.029999;133.62000;7515500
2022-08-11;132.39000;133.69000;131.64999;131.92999;8471400
2022-08-10;132.75999;132.89000;132.020004;132.78999;6736300
2022-08-09;131.92999;132.56000;131.050003;131.36000;5802500
2022-08-08;131.70000;132.63000;131.089996;131.75999;7075100
2022-08-05;130.67999;131.50999;130.37000;131.45000;8883400
2022-08-04;132.46001;132.49001;131.28999;131.5;5493000
2022-08-03;131.66000;132.67000;131.30000;132.14999;6825700
2022-08-02;131.74001;132.80000;130.88000;130.95000;7935100
2022-08-01;131.66000;132.38000;131.12000;131.42000;7665400
2022-07-29;132.17000;132.64000;131.47000;132.39999;8309500
2022-07-28;132.17000;133.81000;129.92000;132.84000;11052600
2022-07-27;131.10001;132.59000;130.49001;132;7680700
2022-07-26;130.88000;131.99001;130.53000;131.17999;7482400
2022-07-25;129.92999;130.75;129.81000;130.50999;5489000
2022-07-22;130.67000;130.92000;129.039993;129.83000;8657100
2022-07-21;128.72000;130.37000;128.39000;130.37000;9507700
2022-07-20;129.44000;129.61000;127.82000;128.34000;7599500
2022-07-19;128.81000;129.84000;128.25;129.62000;6585700
2022-07-18;130.33000;130.45000;127.019997;127.45000;7047700
2022-07-15;129.020004;130.25999;128.45000;130.20000;9684800
2022-07-14;126.040001;127.32000;125.23000;127.13000;7784800
2022-07-13;127.66000;128.53000;127.17000;127.5;9296500
2022-07-12;130;130.88000;128.17000;128.75;9280400
2022-07-11;130.0099945;131.14000;129.87000;130.41000;7027300
2022-07-08;129.98000;132.039993;129.85001;130.74001;6505800
2022-07-07;129.61000;130.52000;129.53999;130.35001;6805500
2022-07-06;129.11000;130.47000;128.88000;129.80000;9033300
2022-07-05;128.42999;128.96001;126.17000;128.92999;9987000
2022-07-01;128.28999;129.85001;126.86000;129.67999;9366600
2022-06-30;127.86000;128.97000;126.89000;128.24001;10697600
2022-06-29;127.59000;129.17000;127.39000;128.53000;9157700
2022-06-28;129.94000;130.59000;127.18000;127.42000;7518700
2022-06-27;129.20000;130.23000;128.78999;129.67999;8963600
2022-06-24;128.020004;129.22000;127.16000;129.20000;10448100
2022-06-23;124.88000;127.19000;124.88000;127.089996;11943300
2022-06-22;121.82000;125.67000;121.76000;124.30000;10188900
2022-06-21;121.059998;123.15000;120.66000;122.60000;7987200
2022-06-17;120;121.79000;119.85000;119.89000;13724900
2022-06-16;119.52000;120.040001;118.75;119.96000;9383300
2022-06-15;121.19000;123.029999;119.89000;121.75;10301600
2022-06-14;121.55000;121.86000;119.67000;120.53000;9299500
2022-06-13;123.010002;123.76000;121.18000;121.69000;14886200
2022-06-10;126.029999;126.66000;125;125.49000;11289000
2022-06-09;130.050003;130.49001;127.51000;127.54000;7772900
2022-06-08;131.16000;131.64000;130.12000;130.49001;5372000
2022-06-07;129.84000;131.66000;129.37000;131.53000;7219100
2022-06-06;130.75;131.020004;129.49001;129.84000;7729000
2022-06-03;130.45000;131.029999;129.64999;129.82001;5852600
2022-06-02;130.5;131.39000;128.17000;131.36000;9575400
2022-06-01;132.71001;132.73000;129.28999;130.33000;9259900
2022-05-31;132.84000;133.080002;131.16000;132.23000;11740800
2022-05-27;132.059998;134.050003;131.50999;134.020004;13696000
2022-05-26;131.60001;132.33000;131.22000;131.83000;9090100
2022-05-25;131.22000;132.13000;130.039993;131.27000;8532400
2022-05-24;130.53999;131.53000;129.70000;131.31000;9031300
2022-05-23;130.64999;131.42999;130.38000;130.92000;9196500
2022-05-20;129.080002;130.059998;127.33000;129.78000;12833700
2022-05-19;126.92000;129;126.46000;128.22000;9672800
2022-05-18;130.44000;130.75999;127.53000;127.94000;10005000
2022-05-17;130.89999;131.39000;129.92999;131.33000;9058700
2022-05-16;128.45000;130.42999;128.42000;129.55000;8839800
2022-05-13;128.089996;129;127.53000;128.60001;9841500
2022-05-12;125.57000;127.33000;125.28000;127.25;17497100
2022-05-11;126.24000;129.089996;125.88000;126.029999;19987300
2022-05-10;127.74000;128.22000;125.70000;126.87000;21850200
2022-05-09;128.33000;128.36000;125.93000;126.42000;17289800
2022-05-06;128.92999;130.14000;128.27000;129.78000;21742300
2022-05-05;132.12000;132.25999;128.85001;130.19000;16119800
2022-05-04;129.67999;133.25;128.59000;132.77000;19053500
2022-05-03;129.88000;131.14000;129.42999;129.89000;13585300
2022-05-02;130.17999;130.91000;127.38000;129.48000;23615100
2022-04-29;132.42999;133.12000;130.089996;130.28999;17430200
2022-04-28;132.84000;134.17000;131.61000;133.73000;15510700
2022-04-27;132.17999;133.25;131.25999;131.91000;16726700
2022-04-26;133.75999;134.48000;132.0099945;132.20000;20087700
2022-04-25;133.28000;134.86000;131.78000;134.57001;16501900
2022-04-22;137.48000;137.52000;133.53000;133.67000;17525300
2022-04-21;140.67000;140.83000;138.42000;138.73000;11409700
2022-04-20;138.80000;140.82001;138.64000;140.28000;13674800
2022-04-19;137.47000;138.91000;137.42000;138.42000;11733100
2022-04-18;138.5;138.82001;136.53000;137.11000;10125000
2022-04-14;139.44000;140.14999;138.53999;138.64000;10993400
2022-04-13;138.62000;139.45000;137.89999;139.31000;15496400
2022-04-12;139.64000;140.46001;138.029999;138.63000;14085400
2022-04-11;142.42000;143;139.78000;139.99001;16570700
2022-04-08;141.99001;143.42000;141.78000;142.83000;19102700
2022-04-07;138.80000;142.34000;138.80000;141.98000;18160200
2022-04-06;136.86000;139.63000;136.77000;139.30000;23197800
2022-04-05;136.57001;138.84000;136.5;137.21001;15025100
2022-04-04;137.75999;138;136.60001;136.92000;16769500
2022-04-01;137.37000;138.12000;136.45000;138.070007;20785700
2022-03-31;138.050003;138.81000;136.75;136.99001;15843000
2022-03-30;138.089996;138.89000;137.64000;138.34000;10752900
2022-03-29;138.39999;138.95000;137.25;138.070007;12327700
2022-03-28;136.5;137.30000;136.0099945;137.25999;8467000
2022-03-25;136.10001;136.5;135.23000;136.27000;7040100
2022-03-24;134.53999;135.64000;134.25;135.64000;7189200
2022-03-23;135.84000;136.089996;134;134.039993;10013400
2022-03-22;136.60001;136.78999;135.99001;136.49001;8892100
2022-03-21;136.5;137.67000;135.82001;136.46001;11473100
2022-03-18;136.070007;137.16000;135.66000;136.99001;11364200
2022-03-17;133.64000;136.21001;133.46001;136.14999;10973100
2022-03-16;133.11000;134.050003;131.75;134.029999;13840400
2022-03-15;130.89999;132.58000;130.67999;132.44000;14374100
2022-03-14;129.98000;131.72000;129.47000;129.85001;14373200
2022-03-11;130.25999;131.020004;128.81000;128.94000;9869100
2022-03-10;128.39000;130.19000;128.25;129.91000;10708800
2022-03-09;129.63000;130.63000;128.67000;129.96001;15576500
2022-03-08;129.35001;130.31000;127.47000;127.55000;21794600
2022-03-07;131.69000;131.94000;129.62000;130.21001;15704000
2022-03-04;130.53000;132.64000;130.14000;132.52000;12160400
2022-03-03;131.77000;132.63000;130.74001;131.86000;11172600
2022-03-02;129.81000;131.89999;129.64000;131.19000;12395600
2022-03-01;129.28000;130.34000;128.24001;129.24001;14064200
2022-02-28;128.85001;130.11000;128.45000;129.96001;17987700
2022-02-25;127.63000;131.27000;127.49000;130.95000;17012300
2022-02-24;124.29000;127.32000;124.059998;127.059998;23220000
2022-02-23;127.84000;128.28000;126.43000;126.55000;12022800
2022-02-22;127.059998;128.23000;126.34000;127.19000;13682100
2022-02-18;128.35001;129.039993;127.080002;127.51000;13505600
2022-02-17;130.039993;130.11000;128.28000;128.47000;11906800
2022-02-16;129.70000;130.94000;129.34000;130.57001;8779200
2022-02-15;130.039993;130.88000;129.71001;130.37000;8969900
2022-02-14;129.98000;130.23000;127.95000;128.92000;14386900
2022-02-11;131.89999;132.89999;130.089996;130.25;13072300
2022-02-10;132.63000;133.78999;131.56000;132.080002;14393300
2022-02-09;133.78999;134.46001;133.64999;134.17999;10811000
2022-02-08;131.37000;133.38000;131.070007;133.14999;11071600
2022-02-07;132.35001;132.81000;131.70000;132.070007;9229200
2022-02-04;131.57001;133.23000;131.33000;132.30000;12004100
2022-02-03;133.17000;133.28000;132.53000;132.78000;13805600
2022-02-02;131.49001;133.67000;131.22000;133.35001;13595200
2022-02-01;131.70000;131.82001;130.53000;131.58000;14674800
2022-01-31;130.24001;131.47000;129.98000;131.23000;19044400
2022-01-28;127.76000;130.53000;126.86000;130.48000;20906800
2022-01-27;128.16000;129.84000;127.45000;127.87000;18483600
2022-01-26;128.42000;129.58000;126.54000;127.54000;29557400
2022-01-25;127.33000;129.31000;126.27000;128.21001;19326800
2022-01-24;128.30000;129.25999;124.92000;129.039993;37938000
2022-01-21;131.19000;131.60001;129.25999;129.47000;25804800
2022-01-20;131.97000;133.32001;130.71001;130.78999;15127800
2022-01-19;132.44000;133.48000;131.52000;131.64999;14639600
2022-01-18;132.75;132.96001;131.85001;132.19000;16471400
2022-01-14;133.94000;134.21001;132.69000;134.070007;14341800
2022-01-13;136.17999;136.35001;134.059998;134.30000;13804900
2022-01-12;136.029999;136.63000;135.83000;136.42000;10831800
2022-01-11;135.92999;136.83000;135;136.81000;12168300
2022-01-10;133.75999;135.81000;133.44000;135.73000;15589900
2022-01-07;134.72000;134.97000;134.070007;134.35001;9619400
2022-01-06;135.77000;136.60001;134.80000;135.039993;15182000
2022-01-05;137.89999;138.73000;136.57001;136.62000;15370700
2022-01-04;139.13000;139.28999;137.0099945;137.60001;14304500
2022-01-03;140.28999;140.55000;138.24001;139.44000;15122300
2021-12-31;141.32001;141.86000;140.84000;140.89000;7882800
2021-12-30;141.46001;141.98000;141.31000;141.49001;7931700
2021-12-29;140.25999;141.49001;140.16000;141.20000;7103600
2021-12-28;140.89999;141.14999;140.029999;140.39999;6065900
2021-12-27;139.80000;140.77000;139.64999;140.77000;6968900
2021-12-23;139.089996;139.75;138.67999;139.30000;7743800
2021-12-22;137.059998;138.81000;136.82001;138.73000;7246000
2021-12-21;136.95000;137.19000;135.67999;137.13000;10773400
2021-12-20;137.11000;137.53000;135.38000;136.56000;16185700
2021-12-17;138.19000;139.039993;137.38000;137.92000;21504200
2021-12-16;138.059998;139.59000;137.81000;138.89000;19227500
2021-12-15;135.59000;138.14000;135.47000;138.070007;14996300
2021-12-14;135.22000;136.0099945;134.63000;135.30000;11070800
2021-12-13;134.58000;136.23000;134.58000;135.85001;12201800
2021-12-10;133.75999;134.86000;133.70000;134.58000;8554300
2021-12-09;133.67000;134.55000;133.57001;134.11000;9095800
2021-12-08;133.17999;133.89000;132.50999;133.80000;15144700
2021-12-07;132;133.12000;131.82001;132.80000;11974700
2021-12-06;130.71001;131.67999;130.50999;131.11000;15230900
2021-12-03;131.039993;131.53999;129.28999;130.37000;22111900
2021-12-02;129.46001;130.66000;128.84000;130.13000;17531100
2021-12-01;130.35001;132.089996;129.48000;129.5;22241400
2021-11-30;131.57001;132.17000;129.53999;129.73000;19467000
2021-11-29;132.69000;133.22000;132.19000;132.33000;17137100
2021-11-26;132.94000;133.72000;131.50999;131.97000;11896900
2021-11-24;132.25999;132.70000;131.80000;132.46001;6760800
2021-11-23;131.75;132.64999;131.35001;132.50999;12075200
2021-11-22;133.16000;133.62000;132.20000;132.37000;11146200
2021-11-19;134.17999;134.63000;132.85001;132.97000;10166100
2021-11-18;133.87000;134.12000;133.32001;133.78000;9029300
2021-11-17;133.69000;134.25;133.11000;133.73000;8229000
2021-11-16;132.95000;134.25999;132.72000;133.53999;6150900
2021-11-15;134.12000;134.19000;132.85001;132.98000;6268900
2021-11-12;134;134.12000;133.070007;133.81000;8317600
2021-11-11;133.52000;133.61000;132.83000;133.14999;8597300
2021-11-10;133.12000;134.080002;133.10001;133.53999;8445400
2021-11-09;133.69000;133.81000;132.89999;133.16000;7287000
2021-11-08;133.10001;133.82001;132.58000;133.64999;8948800
2021-11-05;133.14999;133.70000;131.89999;132.86000;14867300
2021-11-04;134.98000;135.19000;133.42999;134.36000;15818500
2021-11-03;134.24001;135.34000;133.74001;135.28999;14610000
2021-11-02;134.17999;135.17000;133.0099945;134.5;20851500
2021-11-01;133.94000;134.49001;133.14999;133.66000;14356700
2021-10-29;132.36000;133.99001;131.85001;133.82001;15415100
2021-10-28;131.67000;133.039993;131.67000;132.53000;9282500
2021-10-27;132.69000;132.83000;131.39000;131.42999;11851400
2021-10-26;132.13000;132.86000;131.41000;132.48000;9271600
2021-10-25;131.73000;131.97000;130.71001;131.83000;10629700
2021-10-22;131.020004;131.72000;130.82001;131.67000;8009700
2021-10-21;130.88000;131.22000;129.92999;131.14000;8267500
2021-10-20;129.53999;130.80000;129.42000;130.61000;13665700
2021-10-19;127.79000;129.10001;127.79000;128.77000;9487000
2021-10-18;127.41000;127.54000;126.55000;127.099998;11660700
2021-10-15;128;128.55000;127.73000;127.97000;8976100
2021-10-14;126.84000;127.84000;126.84000;127.34000;8857900
2021-10-13;125.55000;126.11000;124.77000;125.54000;10609000
2021-10-12;126.35000;126.48000;125.029999;125.34000;13007200
2021-10-11;126.83000;127.5;125.91000;125.95000;7843400
2021-10-08;127.76000;128;126.68000;126.94000;9552300
2021-10-07;126.78000;128.39999;126.54000;127.58000;15806400
2021-10-06;125.44000;126.019997;124.5;125.91000;21322100
2021-10-05;125.90000;127.42000;125.73000;126.14000;19151800
2021-10-04;126.81000;127.46000;124.76000;125.39000;27580700
2021-10-01;127.47000;127.93000;125.28000;127.33000;23188900
2021-09-30;129.31000;130.12000;127.19000;127.30000;21653100
2021-09-29;128.44000;129.48000;128.17999;128.88000;11171400
2021-09-28;129.27000;129.27000;127.43000;127.87000;17433400
2021-09-27;131.60001;131.75999;129.82001;130.10001;11631400
2021-09-24;132.30000;132.78999;131.70000;131.98000;6962600
2021-09-23;131.87000;133.28999;131.77000;132.52000;10366500
2021-09-22;131.74001;132.23000;130.94000;131.57001;11964100
2021-09-21;131.75;132.70000;131.33000;131.35001;11741800
2021-09-20;131.029999;132.32001;130.0099945;131.14999;17245000
2021-09-17;132.75999;133.11000;132.13000;133;13541400
2021-09-16;133.38000;133.63000;131.96001;132.87000;10525700
2021-09-15;132.17999;133.83000;131.98000;133.21001;10299900
2021-09-14;132.99001;133.30000;132.12000;132.35001;10436300
2021-09-13;133.89000;133.97000;131.70000;132.37000;11676700
2021-09-10;134.89999;135.020004;133.12000;133.19000;10561600
2021-09-09;135.80000;136.11000;134.34000;134.42000;8905600
2021-09-08;135.78000;136.21001;135.42000;135.99001;6986200
2021-09-07;136.34000;136.56000;135.16000;136.050003;8739100
2021-09-03;136.56000;137.039993;135.91000;136.85001;5632800
2021-09-02;135.75;136.72000;135.60001;136.70000;6847800
2021-09-01;135.32001;135.44000;133.97000;135.25;10571100
2021-08-31;135.42000;136.050003;134.73000;135.21001;9299100
2021-08-30;134.50999;135.88000;134.5;135.39000;6417200
2021-08-27;135.080002;135.45000;134.41000;134.63000;8679200
2021-08-26;135.39000;135.69000;134.52000;134.78000;5972100
2021-08-25;135.55000;135.62000;134.75;135.31000;6918500
2021-08-24;136.16000;136.17999;135.28999;135.67999;6548100
2021-08-23;136.88000;136.98000;136.12000;136.16000;8471300
2021-08-20;135.47000;136.52000;135;136.11000;7252700
2021-08-19;133.84000;136.039993;133.80000;135.34000;11669200
2021-08-18;136.63000;136.78000;134.64999;134.73000;12427700
2021-08-17;134.85001;136.81000;134.78000;136.81000;13874500
2021-08-16;133.69000;135.23000;133.23000;135.21001;8404200
2021-08-13;133.19000;133.72000;133.029999;133.69000;7922900
2021-08-12;131.95000;132.97000;131.86000;132.86000;8220300
2021-08-11;133.35001;133.56000;131.71001;131.82001;14512500
2021-08-10;133.52000;133.78999;132.63000;133.14000;5832600
2021-08-09;133.13000;133.70000;133.029999;133.45000;9852500
2021-08-06;132.99001;133.11000;132.089996;132.94000;6923700
2021-08-05;133.5;133.52000;132.039993;133.050003;8240900
2021-08-04;133.64999;134.47000;133.42999;133.60001;8322100
2021-08-03;132.39000;134.21001;132.30000;134.17000;7701700
2021-08-02;132.67000;132.85001;131.94000;132.33000;8366300
2021-07-30;131.81000;132.64000;131.63000;132.14999;6634400
2021-07-29;132.14000;132.23000;131.64000;132.029999;5662700
2021-07-28;131.050003;132.089996;130.72000;131.71001;7432600
2021-07-27;130.45000;131.24001;130.10001;131.24001;9551600
2021-07-26;131.11000;131.49001;130.20000;130.63000;6626500
2021-07-23;130.53000;131.61000;130.37000;131.48000;8303800
2021-07-22;129.14000;129.98000;128.78999;129.98000;9261100
2021-07-21;129.34000;129.38000;127.64000;129.029999;8295700
2021-07-20;127.68000;129.55000;127.68000;128.82001;15053700
2021-07-19;127.78000;128.39000;126.23000;127.27000;19460400
2021-07-16;128.60001;129.089996;128.17999;128.62000;6511000
2021-07-15;128.029999;128.59000;127.48000;128.27000;8750600
2021-07-14;129.13000;129.24001;128.49001;128.72000;7487000
2021-07-13;128.80000;129.25999;128.53000;128.84000;9698800
2021-07-12;128.71001;129.60001;128.61000;128.96001;9097900
2021-07-09;128.73000;129.10001;128.42000;128.71001;5224200
2021-07-08;127.78000;128.37000;127.11000;128.27000;8386600
2021-07-07;128.17999;128.98000;127.71000;128.98000;18435700
2021-07-06;127.91000;128.17999;127.26000;128.17000;11413100
2021-07-02;127.23000;128.41000;127.010002;128.28999;12327900
2021-07-01;126.040001;127.16000;125.99000;127.070000;12021000
2021-06-30;125.90000;126.21000;125.47000;125.95000;8542700
2021-06-29;125.90000;126.42000;125.74000;126.029999;6165500
2021-06-28;125.83000;126.050003;125.41000;125.89000;4631400
2021-06-25;125.080002;126.080002;125.010002;125.70000;8344200
2021-06-24;125.22000;126.010002;124.99000;125.13000;7029200
2021-06-23;124.84000;125.13000;124.44000;124.49000;6506600
2021-06-22;124.82000;125.18000;124.40000;125.010002;7194000
2021-06-21;123.65000;124.97000;123.20000;124.74000;6655400
2021-06-18;124.24000;124.41000;123.57000;123.74000;11152600
2021-06-17;124;125.5;123.98000;125.17000;6527000
2021-06-16;124.83000;125.46000;123.87000;124.22000;11653200
2021-06-15;124.79000;124.98000;124.17000;124.70000;5409100
2021-06-14;124.48000;124.68000;123.78000;124.66000;5156000
2021-06-11;125.25;125.31000;123.92000;124.55000;6958100
2021-06-10;123.63000;125.58000;123.58000;125.44000;9350900
2021-06-09;122.46000;123.54000;122.46000;123.33000;7965600
2021-06-08;122.83000;122.90000;121.21000;122.15000;10799500
2021-06-07;122.39000;123.61000;122.18000;122.53000;13978500
2021-06-04;122.34000;122.70000;121.95000;122.089996;11228900
2021-06-03;120.88000;122.019997;120.61000;121.70000;13244400
2021-06-02;121.68000;121.99000;121.040001;121.33000;13245100
2021-06-01;123.75;123.79000;121.47000;121.57000;13368300
2021-05-28;123.59000;124.62000;123.52000;123.60000;10059900
2021-05-27;123.65000;123.75;123.050003;123.12000;8102900
2021-05-26;124.080002;124.12000;122.86000;123.39000;6848800
2021-05-25;124.66000;124.67000;123.97000;124.11000;6798500
2021-05-24;125;125.25;124.43000;124.48000;4958800
2021-05-21;124.75;125.66000;124.26000;124.36000;8423300
2021-05-20;123.010002;124.87000;123.010002;124.34000;7522700
2021-05-19;122.46000;123.13000;121.59000;123.050003;10063000
2021-05-18;123.18000;123.97000;122.77000;123.26000;9202000
2021-05-17;123.31000;123.88000;123.14000;123.22000;5997700
2021-05-14;123.54000;123.86000;123.14000;123.45000;6590400
2021-05-13;121.95000;123.39000;121.76000;122.83000;11228000
2021-05-12;122.23000;122.84000;121.61000;121.73000;10946500
2021-05-11;123.58000;124.099998;122.61000;122.89000;11357800
2021-05-10;124.52000;125.19000;124.18000;124.23000;8846700
2021-05-07;123.51000;124.72000;123.46000;124.070000;7576700
2021-05-06;122.36000;123.23000;121.73000;123.22000;16115000
2021-05-05;123.010002;123.44000;122.81000;123.059998;16713700
2021-05-04;122.53000;122.93000;122;122.84000;16186300
2021-05-03;121.99000;122.84000;121.82000;122.71000;13179100
2021-04-30;121.21000;121.92000;121.11000;121.33000;7153400
2021-04-29;122.31000;122.34000;121.029999;121.69000;8148900
2021-04-28;122.35000;122.49000;121.96000;122.18000;6788100
2021-04-27;122.95000;122.97000;122.35000;122.55000;7034700
2021-04-26;123.61000;123.62000;123.029999;123.26000;6907100
2021-04-23;122.81000;123.96000;122.55000;123.68000;4974500
2021-04-22;123.32000;123.60000;122.40000;122.87000;10030800
2021-04-21;122.36000;123.49000;122.30000;123.42000;9635900
2021-04-20;120.95000;122.29000;120.95000;121.98000;8063900
2021-04-19;121.25;121.54000;120.89000;121.51000;7094300
2021-04-16;121.20000;121.62000;120.78000;121.48000;7447400
2021-04-15;119.019997;120.93000;119.019997;120.58000;8438300
2021-04-14;118.42000;119.029999;118.34000;118.55000;6226600
2021-04-13;117.70000;118.89000;117.59000;118.56000;6519600
2021-04-12;117.78000;118.31000;117.65000;118.070000;8279500
2021-04-09;116.74000;118.019997;116.67000;117.95000;5919100
2021-04-08;116.83000;117.18000;116.51000;116.67000;4292400
2021-04-07;116.68000;117.080002;116.19000;116.49000;5753200
2021-04-06;117.35000;117.69000;116.58000;116.75;5206700
2021-04-05;116.98000;117.56000;116.79000;117.20000;7190900
2021-04-01;116.93000;117.040001;116.019997;116.39000;6676400
2021-03-31;116.76000;117.45000;116.56000;116.74000;8504100
2021-03-30;117.25;117.25;116.24000;116.51000;6865700
2021-03-29;116.55000;117.97000;116.51000;117.57000;8958900
2021-03-26;115.14000;117.17000;114.83000;117.019997;8286500
2021-03-25;114.54000;115.070000;113.35000;114.85000;11505300
2021-03-24;114.56000;115.25;114.34000;114.37000;12647000
2021-03-23;115.53000;115.72000;114.21000;114.5;9170500
2021-03-22;114.60000;115.75;114.029999;115.67000;6156800
2021-03-19;114.78000;115.75;114.20000;115.070000;12595800
2021-03-18;114.37000;115.60000;114.32000;114.66000;8553300
2021-03-17;114.82000;115.47000;114.21000;114.90000;7524900
2021-03-16;115.51000;115.72000;114.90000;115.32000;8618600
2021-03-15;114.39000;115.42000;114.26000;115.39000;7119100
2021-03-12;114.11000;114.76000;113.93000;114.60000;7452400
2021-03-11;114.050003;114.98000;113.89000;114.35000;6549400
2021-03-10;114.15000;114.80000;113.62000;113.66000;11641100
2021-03-09;113.57000;115.20000;113.35000;113.40000;11022300
2021-03-08;113.11000;114.53000;112.60000;112.74000;12691800
2021-03-05;111.45000;113.38000;110.55000;113.019997;15645200
2021-03-04;112.059998;112.80000;109.93000;110.80000;23441700
2021-03-03;113.33000;113.45000;112.050003;112.31000;14946600
2021-03-02;114.32000;114.59000;113.64000;113.75;8456100
2021-03-01;113.53000;114.61000;113.5;114.080002;7361800
2021-02-26;113.99000;113.99000;112.32000;112.61000;14687000
2021-02-25;114.58000;115.040001;113.010002;113.59000;14494800
2021-02-24;114.080002;115.36000;113.72000;114.74000;9842000
2021-02-23;114.059998;114.76000;113.42000;113.95000;8731500
2021-02-22;113.86000;114.49000;113.12000;114.14000;7213300
2021-02-19;115.90000;115.99000;114.31000;114.41000;9390800
2021-02-18;115.97000;116.28000;115.33000;115.81000;7756600
2021-02-17;115.74000;116.60000;115.61000;116.54000;5022200
2021-02-16;117.43000;117.54000;115.74000;116.12000;9531900
2021-02-12;116.18000;117.41000;116.029999;117.28000;6345300
2021-02-11;116.60000;116.70000;115.86000;116.41000;4684000
2021-02-10;116.82000;116.85000;115.78000;116.19000;5406400
2021-02-09;115.80000;116.089996;115.69000;115.98000;4730300
2021-02-08;116.080002;116.24000;115.47000;115.81000;6956700
2021-02-05;116.25;116.43000;115.39000;115.67000;5557000
2021-02-04;114.98000;115.93000;114.73000;115.46000;8451500
2021-02-03;115.80000;115.86000;114.62000;114.98000;11280300
2021-02-02;116.38000;116.95000;115.77000;115.80000;11515700
2021-02-01;115.97000;116.35000;115.29000;115.47000;10105300
2021-01-29;115.84000;116.66000;114.099998;115.029999;10462400
2021-01-28;115.31000;117.47000;115.089996;116.010002;12626100
2021-01-27;116.62000;116.62000;114.050003;114.34000;13096900
2021-01-26;118.70000;118.99000;117.86000;117.92000;5504000
2021-01-25;117.66000;118.43000;117.42000;118.36000;6962000
2021-01-22;117.59000;118.25;117.44000;117.59000;4796400
2021-01-21;118.35000;118.47000;117.54000;117.94000;5796200
2021-01-20;118.050003;118.69000;117.34000;118.5;6872000
2021-01-19;117.90000;118.23000;117.23000;117.85000;6194500
2021-01-15;116.29000;117.24000;115.83000;116.97000;10335200
2021-01-14;117.17000;117.61000;116.47000;116.61000;5792300
2021-01-13;116.60000;117.38000;116.17000;116.98000;5259600
2021-01-12;117.71000;117.84000;116.13000;116.66000;9225500
2021-01-11;117.42000;118.13000;117.27000;117.94000;6428200
2021-01-08;117.040001;117.91000;116.28000;117.39000;9350600
2021-01-07;115.48000;117;115.30000;116.83000;12407100
2021-01-06;112.18000;115.63000;112.18000;115.33000;17833700
2021-01-05;112.75;114.16000;112.27000;113.77000;11081900
2021-01-04;113.88000;113.90000;111.11000;112.95000;12911800
2020-12-31;112.27000;113.62000;111.90000;113.44000;5581200
2020-12-30;112.51000;112.89000;112.14000;112.26000;3563700
2020-12-29;112.27000;112.79000;111.90000;112.28000;5053300
2020-12-28;112.050003;112.30000;111.45000;111.75;4390100
2020-12-24;111.20000;111.68000;111.050003;111.47000;1674700
2020-12-23;111.46000;111.97000;111.070000;111.15000;3920700
2020-12-22;111.21000;111.47000;110.44000;111.070000;13104100
2020-12-21;110.87000;111.51000;109.37000;111.41000;6129600
2020-12-18;113.019997;113.27000;111.79000;113;7876700
2020-12-17;111.89000;112.98000;111.88000;112.91000;4263700
2020-12-16;111.94000;112.34000;111.23000;111.71000;5355400
2020-12-15;111.61000;112.28000;111.019997;112.040001;5007500
2020-12-14;112.53000;113.089996;110.77000;110.84000;8469300
2020-12-11;111.66000;111.93000;110.91000;111.68000;5222400
2020-12-10;112.29000;112.74000;111.89000;112.12000;5411000
2020-12-09;113.15000;113.16000;111.81000;112.31000;7386400
2020-12-08;111.58000;112.79000;111.54000;112.70000;7953200
2020-12-07;112.42000;112.52000;111.44000;111.85000;5803200
2020-12-04;111.39000;112.56000;111.25;112.54000;7859600
2020-12-03;111.45000;111.79000;110.87000;111.35000;9795700
2020-12-02;110.74000;111.68000;110.67000;111.49000;8552400
2020-12-01;110.80000;111.87000;110.47000;110.66000;12682400
2020-11-30;109.48000;109.84000;108.90000;109.74000;12723400
2020-11-27;108.88000;109.52000;108.53000;109.44000;4443900
2020-11-25;108.97000;109.050003;107.99000;108.44000;11671800
2020-11-24;109.050003;109.58000;108.47000;108.84000;9615900
2020-11-23;109.34000;109.40000;107.84000;108.52000;7747700
2020-11-20;108.80000;109.31000;108.42000;108.80000;7674500
2020-11-19;109.13000;109.22000;108.24000;109.050003;10410900
2020-11-18;111.44000;111.48000;109.099998;109.13000;9849900
2020-11-17;111.36000;111.61000;110.67000;111.20000;8898100
2020-11-16;113.010002;113.19000;111.37000;111.93000;7586000
2020-11-13;111.27000;112.55000;111.070000;112.12000;6576100
2020-11-12;110.92000;111.36000;109.98000;110.72000;7856300
2020-11-11;112.16000;112.16000;110.59000;111.13000;9935400
2020-11-10;111.46000;111.67000;110.070000;111.27000;12526500
2020-11-09;113.92000;114.41000;110.81000;110.95000;20443000
2020-11-06;110;110.67000;109.21000;109.92000;12311200
2020-11-05;111.17000;111.25;109.68000;109.88000;12864800
2020-11-04;107.99000;111.42000;107.78000;109.66000;25531500
2020-11-03;104.76000;106.14000;104.68000;105;9812900
2020-11-02;103.16000;103.73000;102.41000;103.49000;10287300
2020-10-30;101.56000;102.16000;100.31000;101.66000;10741700
2020-10-29;102.46000;102.91000;101.059998;101.69000;15974200
2020-10-28;104.14000;104.77000;102.40000;102.53000;11431700
2020-10-27;106.23000;106.76000;105.83000;105.89000;6893100
2020-10-26;106.95000;107.080002;105.60000;106.62000;8135500
2020-10-23;107.96000;108.60000;107.21000;107.82000;5697900
2020-10-22;105.97000;107.61000;105.96000;107.42000;6127100
2020-10-21;106.34000;106.64000;105.57000;105.82000;5474300
2020-10-20;106.59000;107.23000;106.17000;106.35000;7421100
2020-10-19;108.20000;108.53000;105.85000;106.21000;8308500
2020-10-16;107.21000;108.72000;107.17000;107.92000;7462100
2020-10-15;106.31000;107.059998;106.13000;106.86000;6197700
2020-10-14;108.23000;108.68000;107.30000;107.64000;5999900
2020-10-13;108.45000;109.019997;107.99000;108.27000;6773600
2020-10-12;108.85000;109.53000;108.49000;109.099998;5065000
2020-10-09;107.99000;108.68000;107.71000;108.36000;5636300
2020-10-08;107.49000;107.74000;107.16000;107.39000;5942700
2020-10-07;105.63000;107.20000;105.61000;106.87000;7873100
2020-10-06;106.60000;106.66000;104.79000;104.89000;7747200
2020-10-05;104.91000;106.41000;104.88000;106.30000;6661200
2020-10-02;104.12000;105.21000;103.71000;104.16000;8628700
2020-10-01;105.97000;106.40000;104.67000;105.12000;9113200
2020-09-30;104.14000;106.33000;104.12000;105.48000;7565500
2020-09-29;104.13000;104.66000;103.41000;103.82000;5402700
2020-09-28;104.010002;104.76000;103.75;103.95000;6511100
2020-09-25;101.040001;103.30000;100.93000;103.019997;6769000
2020-09-24;101.54000;101.90000;100.77000;101.39000;8434600
2020-09-23;103.39000;103.43000;101.80000;101.90000;7681900
2020-09-22;103.010002;103.28000;102.029999;102.96000;7833300
2020-09-21;103.72000;103.72000;101.74000;103.18000;8783000
2020-09-18;105.83000;106.22000;104.56000;105.54000;8649300
2020-09-17;105.070000;106.059998;104.73000;105.70000;7597300
2020-09-16;106.80000;107.010002;105.93000;106.050003;7193300
2020-09-15;106.64000;107.080002;105.96000;106.23000;5580500
2020-09-14;105.44000;106.66000;105.23000;106.089996;5846900
2020-09-11;104.67000;105.089996;103.79000;104.59000;8764300
2020-09-10;106.099998;106.099998;103.90000;104.18000;9186200
2020-09-09;104.74000;106.67000;104.72000;105.80000;8200800
2020-09-08;105.53000;105.57000;103.67000;103.96000;9660200
2020-09-04;106.83000;107.019997;104.41000;105.70000;14715500
2020-09-03;109.58000;109.74000;105.70000;106.46000;13337300
2020-09-02;107.39000;109.73000;106.94000;109.44000;8495800
2020-09-01;108.12000;108.29000;106.64000;107.29000;10999300
2020-08-31;107.77000;108.78000;107.68000;108.26000;6721100
2020-08-28;108.059998;108.059998;107.20000;108;5159600
2020-08-27;107.099998;108.26000;106.34000;107.76000;7775200
2020-08-26;106.83000;107.040001;105.77000;106.92000;6995300
2020-08-25;106.87000;107.089996;106.46000;107.050003;5096500
2020-08-24;107.33000;107.37000;105.68000;106.33000;6363200
2020-08-21;106.54000;106.96000;105.99000;106.82000;6466700
2020-08-20;106.58000;106.95000;106.43000;106.71000;4938300
2020-08-19;107.5;107.80000;106.82000;107.050003;6308100
2020-08-18;107.65000;107.83000;106.84000;107.40000;4220500
2020-08-17;106.99000;107.84000;106.94000;107.43000;4610200
2020-08-14;106.81000;107.28000;106.39000;106.80000;3826200
2020-08-13;107.019997;107.12000;106.29000;107.010002;5323300
2020-08-12;105.95000;107.49000;105.91000;107.15000;8205500
2020-08-11;106.64000;106.74000;105.13000;105.38000;8115900
2020-08-10;106.43000;106.52000;105.77000;106.050003;4640200
2020-08-07;105.96000;106.43000;105.66000;106.41000;4274000
2020-08-06;106.51000;106.96000;105.30000;106.070000;5369700
2020-08-05;106.73000;106.83000;106.37000;106.64000;4406600
2020-08-04;106.38000;106.63000;105.49000;106.15000;6092900
2020-08-03;106.19000;106.97000;106;106.62000;8811800
2020-07-31;105.81000;106.099998;104.15000;105.53000;6920400
2020-07-30;105.85000;106.32000;105;106.14000;5349200
2020-07-29;106.010002;107.31000;105.94000;106.88000;5449800
2020-07-28;105.94000;106.47000;105.57000;105.77000;6239400
2020-07-27;105.059998;106.16000;104.73000;105.89000;5934200
2020-07-24;106.099998;106.16000;104.43000;105.099998;6241000
2020-07-23;107.089996;107.53000;105.92000;106.27000;6970100
2020-07-22;106.28000;106.93000;105.73000;106.75;5648400
2020-07-21;106.23000;106.63000;105.58000;105.80000;7458600
2020-07-20;106.13000;106.49000;105.52000;105.87000;6776300
2020-07-17;105.010002;106.25;104.86000;105.89000;7548600
2020-07-16;104.53000;104.54000;103.72000;104.46000;6412200
2020-07-15;104.050003;104.93000;103.83000;104.63000;9606900
2020-07-14;101.040001;103.46000;100.85000;103.29000;10889900
2020-07-13;101.29000;103.15000;101.019997;101.28000;10167200
2020-07-10;101.029999;101.13000;99.97000;100.71000;10502700
2020-07-09;101.64000;102.019997;99.68000;100.95000;10521700
2020-07-08;102.089996;102.40000;101.070000;101.75;5624900
2020-07-07;101.88000;102.97000;101.60000;101.74000;5913200
2020-07-06;102.77000;103.22000;102.14000;102.63000;6374400
2020-07-02;101.73000;102.18000;101.38000;101.60000;6502400
2020-07-01;100.54000;101.26000;99.91000;100.84000;10932800
2020-06-30;98.42000;100.60000;98.13000;100.070000;9183000
2020-06-29;98.28000;98.57000;97.52000;98.39000;7490200
2020-06-26;98.53000;98.78000;97.040001;97.51000;16631400
2020-06-25;97.66000;98.83000;96.84000;98.71000;10506300
2020-06-24;99.62000;99.82000;97.040001;97.75;15739700
2020-06-23;100.63000;101.23000;100.18000;100.37000;5369900
2020-06-22;99.91000;100.080002;98.91000;99.94000;6889200
2020-06-19;100.93000;101.34000;99.71000;100.75;12177000
2020-06-18;99.56000;100.019997;99.16000;99.79000;7115200
2020-06-17;100.73000;100.91000;99.78000;100.13000;9086200
2020-06-16;100.12000;100.87000;98.58000;100.23000;13272800
2020-06-15;96.14000;98.38000;95.42000;97.82000;14521800
2020-06-12;99;99.32000;95.92000;97.60000;19397200
2020-06-11;101.79000;101.98000;96.63000;96.97000;39561900
2020-06-10;103.18000;103.52000;102.23000;102.68000;10519700
2020-06-09;103.71000;104.22000;102.72000;102.84000;10371100
2020-06-08;102.80000;103.96000;102.55000;103.92000;8191300
2020-06-05;102.21000;104.040001;101.68000;103.21000;14579500
2020-06-04;101.76000;102.47000;100.92000;101.57000;10848300
2020-06-03;102.88000;102.98000;101.95000;102.38000;10020900
2020-06-02;102.029999;102.63000;101.42000;102.58000;13162300
2020-06-01;102.36000;102.48000;101.35000;101.99000;8436200
2020-05-29;102.22000;103.23000;100.69000;103.010002;19055300
2020-05-28;101.29000;102.80000;101.26000;101.78000;11707700
2020-05-27;99.58000;100.47000;98.070000;100.47000;15551900
2020-05-26;101.19000;101.28000;99.28000;99.44000;10828800
2020-05-22;99.42000;99.70000;98.90000;99.62000;10233200
2020-05-21;99.87000;99.93000;98.83000;99.41000;12259500
2020-05-20;100.79000;101.17000;99.92000;100.15000;10058000
2020-05-19;100.93000;101.45000;100.019997;100.029999;10561400
2020-05-18;102.30000;102.77000;101.19000;101.25;10557300
2020-05-15;99.30000;100.51000;99.070000;100.42000;15170200
2020-05-14;97.59000;99.63000;97.57000;99.58000;12021400
2020-05-13;99.45000;100.22000;97.71000;98.5;12667200
2020-05-12;101.71000;101.80000;99.57000;99.58000;18471000
2020-05-11;99;101.38000;99;101.12000;15115100
2020-05-08;99.96000;100;99.11000;99.41000;10374500
2020-05-07;99.92000;99.93000;98.78000;98.90000;9453900
2020-05-06;100.42000;100.49000;98.86000;98.91000;9493200
2020-05-05;98.64000;100.62000;98.39000;99.90000;11498300
2020-05-04;97.53000;98;96.89000;97.78000;8991300
2020-05-01;98.59000;98.77000;96.95000;97.83000;10102000
2020-04-30;99.76000;100.38000;99.21000;99.73000;12768900
2020-04-29;101.059998;101.059998;99.54000;100.19000;9939900
2020-04-28;102.26000;102.26000;99.41000;99.53000;11517500
2020-04-27;100.99000;102.010002;100.83000;101.58000;8022100
2020-04-24;99.56000;100.49000;98.94000;100.29000;7853300
2020-04-23;98.94000;100.49000;98.74000;98.96000;16013300
2020-04-22;98.35000;99.029999;97.74000;98.42000;11994100
2020-04-21;98.27000;98.83000;96.62000;96.94000;9291400
2020-04-20;99.82000;101.41000;99.71000;99.98000;10558100
2020-04-17;101.13000;101.13000;99.39000;100.78000;11504400
2020-04-16;97.34000;98.98000;97.029999;98.73000;11331600
2020-04-15;95.83000;97.19000;95.29000;96.62000;11019000
2020-04-14;95.84000;97.47000;95.52000;97.12000;12830800
2020-04-13;94.49000;94.82000;92.66000;94;9606600
2020-04-09;95.17000;95.35000;93.97000;94.83000;12982500
2020-04-08;91.36000;94.86000;90.22000;94.31000;32624300
2020-04-07;93.65000;93.82000;90.49000;90.58000;16699200
2020-04-06;89.54000;91.85000;89.14000;91.33000;13472900
2020-04-03;87.29000;88.12000;85.80000;86.78000;12934200
2020-04-02;84.78000;87.77000;83.93000;87.57000;13588000
2020-04-01;85.62000;86.39000;84.39000;85.21000;15255200
2020-03-31;89.050003;89.53000;87.64000;88.58000;13584900
2020-03-30;86.52000;89.14000;86.51000;88.97000;13766700
2020-03-27;84.34000;87.23000;84.28000;84.99000;13043200
2020-03-26;82.17000;87.31000;82.010002;86.85000;18822500
2020-03-25;79.84000;84.089996;78.87000;81.44000;16851800
2020-03-24;78.15000;80.53000;77.57000;80.37000;16775800
2020-03-23;78.20000;78.31000;73.54000;74.62000;33633000
2020-03-20;82.96000;83.81000;78.64000;79.089996;22004900
2020-03-19;83.029999;84.26000;81.33000;82.25;27121100
2020-03-18;82.40000;85.30000;79.92000;83.97000;28931000
2020-03-17;83.41000;87.55000;82.35000;86.85000;27899700
2020-03-16;82.52000;87.050003;80.67000;81.72000;21474800
2020-03-13;88.72000;90.90000;84.16000;90.66000;29162800
2020-03-12;86.010002;89.73000;82.90000;84.78000;20652200
2020-03-11;93.010002;93.67000;90.45000;91.62000;23217900
2020-03-10;94.76000;95.42000;90.94000;95.26000;26473200
2020-03-09;91.39000;94.28000;90.010002;92.099998;21968500
2020-03-06;94.99000;97.5;94.60000;97.15000;17917700
2020-03-05;97.85000;99.19000;96.56000;97.67000;17873000
2020-03-04;97.38000;100.15000;97.18000;99.99000;26418700
2020-03-03;97.19000;98.89000;93.27000;94.54000;33385500
2020-03-02;92.64000;97.099998;92.32000;96.95000;22359400
2020-02-28;91.35000;92.66000;89.98000;92.61000;27750600
2020-02-27;96.070000;97.34000;93.80000;93.82000;22047900
2020-02-26;97.67000;98.82000;96.91000;97.12000;13721600
2020-02-25;100.53000;100.75;96.79000;97.13000;20301600
2020-02-24;100.93000;101.61000;99.69000;100.17000;16284500
2020-02-21;102.97000;103.53000;102.61000;103.43000;6510800
2020-02-20;103.80000;103.90000;102.43000;103.37000;8080900
2020-02-19;103.83000;104.19000;103.73000;104.040001;6427900
2020-02-18;103.93000;104.059998;103.22000;103.56000;8409300
2020-02-14;103.96000;104;103.42000;103.93000;5114200
2020-02-13;103.96000;104.28000;103.64000;103.85000;4778500
2020-02-12;104.60000;104.84000;103.92000;104.34000;4705700
2020-02-11;103.95000;104.30000;103.74000;104.21000;10277100
2020-02-10;102.66000;103.59000;102.58000;103.59000;4010100
2020-02-07;103.86000;103.95000;102.88000;103.040001;6057200
2020-02-06;104.24000;104.24000;103.40000;103.85000;6166500
2020-02-05;102.28000;104.12000;102.27000;103.76000;14131000
2020-02-04;101.29000;102.21000;101.27000;101.80000;9575100
2020-02-03;99.83000;100.76000;99.83000;100.040001;11850600
2020-01-31;100.76000;100.84000;98.81000;99.14000;14476700
2020-01-30;101.15000;101.22000;100.29000;101.16000;10989400
2020-01-29;102.28000;102.64000;101.88000;101.90000;6435700
2020-01-28;101.98000;102.58000;101.70000;102.18000;8079900
2020-01-27;101.22000;102.070000;101.080002;101.68000;11762300
2020-01-24;104.32000;104.37000;102.20000;102.46000;15962700
2020-01-23;104.55000;104.70000;103.48000;104.20000;8522600
2020-01-22;104.83000;105.080002;104.59000;104.73000;9431500
2020-01-21;104.25;104.84000;104.21000;104.60000;6644800
2020-01-17;104.23000;104.65000;104.23000;104.49000;6533400
2020-01-16;104.38000;104.56000;103.97000;104.49000;5479900
2020-01-15;103.18000;104.22000;103.099998;103.95000;7521800
2020-01-14;102.13000;103.080002;101.95000;103.059998;7294900
2020-01-13;102.97000;102.99000;102.089996;102.44000;7621700
2020-01-10;103.16000;103.33000;102.62000;102.80000;9300300
2020-01-09;102.64000;103.050003;102.42000;102.77000;6660600
2020-01-08;101.72000;102.79000;101.68000;102.33000;7494700
2020-01-07;101.59000;101.76000;101.099998;101.67000;6335300
2020-01-06;100.78000;101.90000;100.75;101.87000;6441800
2020-01-03;100.95000;101.82000;100.45000;101.24000;8247500
2020-01-02;102.17000;102.29000;101.40000;102.13000;6277400


### XLF
datetime;open;high;low;close;volume
2025-12-30;55.40000;55.40000;55.14000;55.18000;16160900
2025-12-29;55.59000;55.68000;55.26000;55.32000;34223800
2025-12-26;55.71000;55.80000;55.44000;55.62000;20410100
2025-12-24;55.51000;55.89000;55.41000;55.73000;15685800
2025-12-23;55.31000;55.56000;55.31000;55.43000;24732900
2025-12-22;54.75;55.44000;54.74000;55.32000;37987800
2025-12-19;54.56000;55.020000;54.56000;54.84000;46595300
2025-12-18;54.77000;55.020000;54.36000;54.54000;35021600
2025-12-17;54.80000;55.070000;54.58000;54.63000;41112400
2025-12-16;55.040001;55.16000;54.48000;54.64000;37342300
2025-12-15;55.18000;55.31000;54.82000;54.99000;35356800
2025-12-12;55.16000;55.21000;54.71000;54.95000;64428900
2025-12-11;53.96000;54.98000;53.93000;54.87000;51786500
2025-12-10;53.28000;54.080002;53.21000;53.89000;45437500
2025-12-09;53.5;53.95000;53.25;53.28000;46335400
2025-12-08;53.70000;53.71000;53.28000;53.48000;31164200
2025-12-05;53.54000;53.93000;53.45000;53.68000;28532300
2025-12-04;53.59000;53.91000;53.47000;53.66000;33678700
2025-12-03;52.94000;53.60000;52.88000;53.55000;32018000
2025-12-02;52.99000;53.14000;52.64000;52.84000;29771500
2025-12-01;53.070000;53.40000;52.84000;52.89000;29296300
2025-11-28;53.099998;53.55000;53.029999;53.33000;16136100
2025-11-26;52.67000;53.15000;52.60000;52.95000;35268500
2025-11-25;52.11000;52.66000;51.91000;52.54000;50989800
2025-11-24;51.74000;51.97000;51.33000;51.89000;43789100
2025-11-21;51.46000;51.97000;51.14000;51.67000;68942900
2025-11-20;52.029999;52.39000;51.080002;51.11000;70096400
2025-11-19;51.38000;51.65000;51.19000;51.56000;46003900
2025-11-18;51.28000;51.75;51.15000;51.37000;66043600
2025-11-17;52.47000;52.49000;51.25;51.45000;70048500
2025-11-14;52.81000;52.81000;52.27000;52.45000;46154600
2025-11-13;53.57000;53.76000;52.88000;52.98000;50455300
2025-11-12;53.22000;53.89000;53.22000;53.67000;46052700
2025-11-11;53.070000;53.34000;52.88000;53.21000;29995800
2025-11-10;52.93000;53.15000;52.65000;52.97000;42010600
2025-11-07;52.28000;52.80000;52.090000;52.78000;46218700
2025-11-06;52.51000;52.70000;52.17000;52.41000;42625700
2025-11-05;52.49000;52.82000;52.18000;52.60000;38036300
2025-11-04;51.95000;52.54000;51.84000;52.42000;44675200
2025-11-03;52.33000;52.34000;51.65000;52.15000;38693200
2025-10-31;52.0099983;52.5;51.94000;52.37000;40425800
2025-10-30;52.020000;52.82000;52.020000;52.23000;48568700
2025-10-29;52.45000;52.58000;51.87000;52.090000;61846300
2025-10-28;53.33000;53.40000;52.94000;52.99000;33648000
2025-10-27;53.37000;53.43000;53.20000;53.33000;27154100
2025-10-24;52.85000;53.28000;52.81000;53.11000;31947800
2025-10-23;52.59000;52.68000;52.29000;52.54000;29483700
2025-10-22;52.78000;52.82000;52.12000;52.43000;53727500
2025-10-21;52.66000;53.13000;52.66000;52.73000;31213600
2025-10-20;52.36000;52.90000;52.29000;52.79000;39479600
2025-10-17;51.90000;52.36000;51.73000;52.18000;52288900
2025-10-16;53.090000;53.12000;51.54000;51.76000;85420100
2025-10-15;53.43000;53.76000;52.86000;53.24000;39526600
2025-10-14;52.45000;53.65000;52.25;53.24000;62588700
2025-10-13;52.55000;52.82000;52.34000;52.66000;39651900
2025-10-10;53.46000;53.68000;52.16000;52.16000;73596200
2025-10-09;53.63000;53.81000;53.19000;53.32000;33922400
2025-10-08;53.93000;53.95000;53.34000;53.51000;26848700
2025-10-07;53.88000;54.049999;53.52000;53.77000;31250500
2025-10-06;53.93000;54.070000;53.30000;53.70000;32001300
2025-10-03;53.42000;53.97000;53.38000;53.72000;32111600
2025-10-02;53.31000;53.48000;53.060001;53.35000;32443400
2025-10-01;53.61000;53.76000;53.37000;53.39000;33210100
2025-09-30;54.060001;54.24000;53.42000;53.87000;32442200
2025-09-29;54.040001;54.15000;53.74000;54.13000;20713800
2025-09-26;53.71000;54.099998;53.64000;53.86000;30686100
2025-09-25;53.47000;53.71000;53.24000;53.47000;24757500
2025-09-24;53.83000;53.96000;53.5;53.61000;23893400
2025-09-23;53.95000;54.49000;53.63000;53.76000;28698900
2025-09-22;53.70000;54.060001;53.64000;54;32393000
2025-09-19;54.26000;54.41000;53.92000;54.25;46731400
2025-09-18;54.11000;54.5;53.99000;54.13000;36609100
2025-09-17;53.67000;54.33000;53.65000;54.080002;47976100
2025-09-16;53.61000;53.67000;53.27000;53.56000;28482500
2025-09-15;53.89000;54.090000;53.62000;53.68000;31922000
2025-09-12;53.96000;54.070000;53.71000;53.80000;25705900
2025-09-11;53.19000;54.070000;53.18000;54.029999;36635400
2025-09-10;53.17000;53.40000;52.93000;53.16000;32915900
2025-09-09;52.98000;53.59000;52.96000;53.34000;38884500
2025-09-08;53.090000;53.17000;52.84000;53.11000;49490900
2025-09-05;54.11000;54.25;52.87000;53.070000;58377100
2025-09-04;53.69000;54.080002;53.57000;54.060001;32730000
2025-09-03;53.5;53.60000;53.13000;53.5;36420100
2025-09-02;53.70000;53.70000;53.12000;53.59000;38733100
2025-08-29;53.90000;54.14000;53.80000;53.99000;36062400
2025-08-28;53.89000;53.91000;53.70000;53.85000;28837300
2025-08-27;53.54000;53.94000;53.51000;53.78000;39530100
2025-08-26;53.099998;53.69000;53.099998;53.67000;27907000
2025-08-25;53.47000;53.58000;53.24000;53.26000;24756500
2025-08-22;52.97000;53.68000;52.95000;53.57000;47249800
2025-08-21;52.72000;52.80000;52.35000;52.70000;29037000
2025-08-20;52.64000;53.0099983;52.51000;52.87000;39138800
2025-08-19;52.45000;52.87000;52.45000;52.60000;24870800
2025-08-18;52.39000;52.56000;52.29000;52.5;25405100
2025-08-15;53.13000;53.16000;52.42000;52.46000;46108500
2025-08-14;52.71000;53.049999;52.53000;53.0099983;35841500
2025-08-13;52.66000;52.91000;52.49000;52.76000;41154900
2025-08-12;52.049999;52.55000;52.040001;52.46000;37510000
2025-08-11;51.96000;52.029999;51.72000;51.83000;29351200
2025-08-08;51.67000;51.97000;51.5;51.85000;39484400
2025-08-07;52.18000;52.25;51.22000;51.37000;43119400
2025-08-06;51.81000;52.029999;51.66000;51.95000;34198700
2025-08-05;52.049999;52.090000;51.36000;51.70000;33551000
2025-08-04;51.60000;51.91000;51.49000;51.91000;40053100
2025-08-01;51.72000;51.76000;51.049999;51.40000;63060800
2025-07-31;52.48000;52.99000;52.27000;52.37000;46179400
2025-07-30;52.78000;53.029999;52.44000;52.70000;37260100
2025-07-29;53.25;53.30000;52.68000;52.80000;37883200
2025-07-28;53.38000;53.44000;52.96000;53.070000;29119300
2025-07-25;53.099998;53.49000;52.99000;53.44000;28964700
2025-07-24;53.12000;53.44000;53.0099983;53.070000;32371900
2025-07-23;52.80000;53.099998;52.56000;53.099998;32111300
2025-07-22;52.5;52.75;52.47000;52.68000;32289100
2025-07-21;52.57000;52.94000;52.37000;52.39000;36871400
2025-07-18;52.58000;52.65000;52.43000;52.54000;29791300
2025-07-17;51.87000;52.60000;51.81000;52.51000;48213900
2025-07-16;51.93000;52.060001;51.33000;52.0099983;46726500
2025-07-15;52.34000;52.45000;51.65000;51.65000;47704600
2025-07-14;52.15000;52.58000;52.020000;52.55000;27636500
2025-07-11;52.36000;52.41000;52.080002;52.16000;30289900
2025-07-10;52.28000;52.76000;52.28000;52.71000;27992600
2025-07-09;52.48000;52.5;52.14000;52.40000;36634900
2025-07-08;52.56000;52.60000;52.18000;52.21000;53715000
2025-07-07;53.13000;53.25;52.42000;52.68000;34049000
2025-07-03;52.75;53.27000;52.70000;53.19000;25904800
2025-07-02;52.75;52.76000;52.34000;52.62000;40791100
2025-07-01;52.24000;52.77000;52.21000;52.66000;33844800
2025-06-30;52.18000;52.44000;52.14000;52.37000;42472900
2025-06-27;51.75;52.23000;51.70000;51.94000;38954100
2025-06-26;51.44000;51.83000;51.41000;51.79000;37866000
2025-06-25;51.59000;51.60000;51.30000;51.41000;33123900
2025-06-24;51.32000;51.77000;51.28000;51.58000;41225000
2025-06-23;50.20000;50.84000;49.84000;50.82000;43022700
2025-06-20;50.37000;50.58000;50.22000;50.36000;44456100
2025-06-18;50.22000;50.77000;50.15000;50.22000;45728200
2025-06-17;50.27000;50.48000;50.090000;50.24000;31130700
2025-06-16;50.32000;50.88000;50.31000;50.53000;35632400
2025-06-13;50.35000;50.46000;49.81000;49.96000;54921900
2025-06-12;50.70000;51.0099983;50.5;51;25500900
2025-06-11;51.11000;51.34000;50.81000;51;39368400
2025-06-10;50.99000;51.080002;50.88000;51.060001;27728600
2025-06-09;51.34000;51.36000;50.69000;51;28322100
2025-06-06;51.17000;51.44000;51.049999;51.28000;34982800
2025-06-05;50.80000;50.88000;50.45000;50.65000;42014400
2025-06-04;51.15000;51.21000;50.78000;50.79000;24600500
2025-06-03;50.82000;51.13000;50.41000;51.080002;33705400
2025-06-02;50.61000;51;50.29000;50.98000;30142300
2025-05-30;50.68000;51.049999;50.46000;50.96000;37953200
2025-05-29;50.76000;50.86000;50.36000;50.85000;34098400
2025-05-28;50.89000;51.020000;50.51000;50.59000;31730200
2025-05-27;50.44000;50.96000;50.26000;50.93000;38636400
2025-05-23;49.59000;50.29000;49.57000;50.049999;33645600
2025-05-22;50.18000;50.52000;49.97000;50.23000;33662800
2025-05-21;51.020000;51.17000;50.25;50.29000;40022000
2025-05-20;51.38000;51.52000;51.11000;51.34000;26903000
2025-05-19;51.32000;51.77000;51.24000;51.62000;26348400
2025-05-16;51.27000;51.67000;51.16000;51.59000;53401000
2025-05-15;50.87000;51.36000;50.83000;51.28000;34742500
2025-05-14;51.11000;51.17000;50.79000;50.94000;38764200
2025-05-13;51;51.32000;50.91000;51.080002;33986100
2025-05-12;51.11000;51.20000;50.55000;50.87000;44274100
2025-05-09;49.96000;50.040001;49.72000;49.86000;22075000
2025-05-08;49.84000;50.37000;49.73000;49.86000;31294200
2025-05-07;49.32000;49.72000;49.26000;49.45000;30070100
2025-05-06;49;49.56000;48.97000;49.16000;28949100
2025-05-05;49.34000;49.83000;49.099998;49.44000;24139900
2025-05-02;49.49000;49.94000;49.33000;49.76000;35032100
2025-05-01;48.58000;49.070000;48.44000;48.75;34420200
2025-04-30;48.15000;48.93000;47.5;48.76000;33759900
2025-04-29;48.18000;48.76000;47.96000;48.67000;42475300
2025-04-28;48.22000;48.57000;47.83000;48.17000;33922800
2025-04-25;48.0099983;48.23000;47.70000;48.020000;28113000
2025-04-24;47.55000;48.34000;47.36000;48.25;26817900
2025-04-23;48.040001;48.73000;47.56000;47.72000;50290900
2025-04-22;46.34000;47.28000;46.20000;47.16000;38154800
2025-04-21;46.41000;46.55000;45.14000;45.65000;43082300
2025-04-17;46.5;47.21000;46.43000;46.65000;61856800
2025-04-16;47.17000;47.34000;46.18000;46.53000;47934300
2025-04-15;47.42000;47.90000;47.23000;47.27000;41840100
2025-04-14;47.35000;47.62000;46.87000;47.15000;52008900
2025-04-11;45.60000;46.97000;45.37000;46.67000;63647400
2025-04-10;46.53000;46.60000;44.54000;45.91000;93318200
2025-04-09;43.24000;47.61000;43.070000;47.23000;177242900
2025-04-08;45.80000;46.22000;43.24000;43.92000;98804200
2025-04-07;42.84000;45.65000;42.21000;44.090000;179993200
2025-04-04;46.070000;46.41000;44.090000;44.20000;128135300
2025-04-03;48.20000;48.65000;47.60000;47.69000;101160600
2025-04-02;49.35000;50.33000;49.27000;50.16000;41792100
2025-04-01;49.62000;49.97000;49.20000;49.75;37959100
2025-03-31;48.72000;50.060001;48.58000;49.81000;38042300
2025-03-28;50.029999;50.30000;49.020000;49.21000;45365400
2025-03-27;50.19000;50.45000;49.79000;50.18000;32299800
2025-03-26;50.58000;50.91000;50.090000;50.28000;39729200
2025-03-25;50.33000;50.51000;50.080002;50.43000;24873700
2025-03-24;49.79000;50.27000;49.66000;50.15000;43158200
2025-03-21;49.39000;49.64000;49.029999;49.46000;53382800
2025-03-20;49.29000;49.98000;49.20000;49.64000;46326000
2025-03-19;49.060001;49.83000;48.86000;49.57000;44290700
2025-03-18;49.13000;49.29000;48.85000;49.029999;32714200
2025-03-17;48.33000;49.33000;48.32000;49.090000;43570500
2025-03-14;47.87000;48.60000;47.62000;48.52000;49535700
2025-03-13;47.80000;48.080002;47.28000;47.42000;49986300
2025-03-12;48.12000;48.19000;47.22000;47.68000;60700100
2025-03-11;47.95000;48.080002;47.28000;47.61000;72972200
2025-03-10;48.29000;48.61000;47.46000;48.020000;78221400
2025-03-07;49.20000;49.33000;48.25;49.12000;87351400
2025-03-06;49.62000;49.96000;49.060001;49.38000;55477700
2025-03-05;49.94000;50.45000;49.56000;50.21000;75561700
2025-03-04;51.22000;51.28000;49.64000;49.92000;99342400
2025-03-03;52.32000;52.64000;51.37000;51.74000;76100100
2025-02-28;51.39000;52.26000;51.17000;52.18000;63537100
2025-02-27;51.029999;51.80000;50.99000;51.13000;44378600
2025-02-26;50.97000;51.32000;50.75;50.85000;31250500
2025-02-25;51.27000;51.41000;50.31000;50.96000;50132800
2025-02-24;50.99000;51.41000;50.68000;50.97000;56673900
2025-02-21;51.41000;51.5;50.65000;50.75;51789900
2025-02-20;52.11000;52.15000;51.040001;51.39000;47078900
2025-02-19;52.040001;52.25;51.90000;52.19000;31748500
2025-02-18;51.88000;52.20000;51.75;52.17000;33496800
2025-02-14;51.77000;52.020000;51.75;51.80000;29574300
2025-02-13;51.5;51.77000;51.28000;51.70000;36372200
2025-02-12;51.28000;51.38000;50.92000;51.36000;45473100
2025-02-11;51.33000;51.64000;51.020000;51.54000;45162900
2025-02-10;51.91000;51.98000;51.19000;51.41000;37921500
2025-02-07;52.17000;52.26000;51.78000;51.82000;40601400
2025-02-06;51.98000;52.13000;51.76000;52.11000;34355900
2025-02-05;51.36000;51.69000;51.14000;51.68000;34758600
2025-02-04;51.32000;51.39000;51;51.14000;41742700
2025-02-03;50.75;51.40000;50.41000;51.26000;77416200
2025-01-31;51.83000;51.97000;51.44000;51.47000;40429500
2025-01-30;51.75;52.040001;51.43000;51.77000;64250500
2025-01-29;51.18000;51.74000;51.17000;51.28000;43612200
2025-01-28;51.35000;51.55000;51.11000;51.32000;39885300
2025-01-27;50.76000;51.44000;50.62000;51.41000;61707400
2025-01-24;50.53000;50.90000;50.48000;50.85000;39088700
2025-01-23;50.49000;50.79000;50.48000;50.70000;32048800
2025-01-22;50.65000;50.66000;50.21000;50.41000;37226400
2025-01-21;50.40000;50.71000;50.39000;50.65000;33267500
2025-01-17;49.91000;50.32000;49.73000;50.23000;43693100
2025-01-16;49.46000;49.85000;49.46000;49.81000;33830400
2025-01-15;49.28000;49.61000;49.0099983;49.48000;61176900
2025-01-14;47.85000;48.29000;47.74000;48.25;39353300
2025-01-13;47.080002;47.68000;47.040001;47.66000;36002800
2025-01-10;48.099998;48.14000;47.15000;47.32000;53128700
2025-01-08;48.34000;48.5;48.020000;48.49000;36422000
2025-01-07;48.65000;48.76000;48.12000;48.33000;57682700
2025-01-06;48.80000;49.020000;48.35000;48.44000;54289900
2025-01-03;48.49000;48.62000;48.080002;48.59000;25198100
2025-01-02;48.58000;48.77000;47.94000;48.21000;35879100
2024-12-31;48.40000;48.57000;48.16000;48.33000;25170500
2024-12-30;48.25;48.5;47.86000;48.28000;34819800
2024-12-27;48.85000;49.17000;48.49000;48.75;33852400
2024-12-26;48.77000;49.13000;48.74000;49.11000;20805600
2024-12-24;48.52000;49.0099983;48.43000;48.99000;18350500
2024-12-23;48.060001;48.46000;47.87000;48.42000;43033300
2024-12-20;47.70000;48.89000;47.60000;48.51000;56066100
2024-12-19;48.17000;48.53000;47.79000;47.80000;63641000
2024-12-18;49.19000;49.30000;47.59000;47.63000;72399500
2024-12-17;49.26000;49.27000;48.93000;49.099998;46103300
2024-12-16;49.57000;49.63000;49.36000;49.45000;35242800
2024-12-13;49.78000;49.80000;49.43000;49.54000;39160400
2024-12-12;49.93000;49.97000;49.58000;49.58000;23107300
2024-12-11;49.90000;49.92000;49.58000;49.80000;35035900
2024-12-10;49.75;49.98000;49.39000;49.70000;38861800
2024-12-09;50.44000;50.49000;49.69000;49.71000;41998300
2024-12-06;50.40000;50.57000;50.26000;50.40000;23439400
2024-12-05;50.34000;50.67000;50.30000;50.41000;33599300
2024-12-04;50.40000;50.44000;50.090000;50.26000;41017400
2024-12-03;51.13000;51.13000;50.45000;50.45000;46924300
2024-12-02;51.42000;51.49000;50.70000;50.83000;55483600
2024-11-29;51.44000;51.57000;51.25;51.34000;15178400
2024-11-27;51.23000;51.62000;51.21000;51.26000;31803700
2024-11-26;51.080002;51.26000;50.76000;51.16000;28418400
2024-11-25;51.0099983;51.25;50.86000;51.060001;47492500
2024-11-22;50.14000;50.78000;50.13000;50.73000;42050800
2024-11-21;49.79000;50.40000;49.66000;50.17000;50881800
2024-11-20;49.89000;49.92000;49.30000;49.54000;33932500
2024-11-19;49.62000;49.88000;49.42000;49.69000;27014700
2024-11-18;49.91000;50.11000;49.70000;50.020000;27146800
2024-11-15;49.64000;50.0099983;49.61000;49.87000;40741500
2024-11-14;49.88000;49.99000;49.55000;49.64000;38252800
2024-11-13;49.84000;50.13000;49.69000;49.77000;31880700
2024-11-12;49.87000;49.94000;49.59000;49.74000;58512400
2024-11-11;49.68000;50.14000;49.67000;49.89000;63654700
2024-11-08;49.099998;49.47000;48.85000;49.19000;60376500
2024-11-07;49.44000;49.44000;48.66000;48.75;70611400
2024-11-06;49.040001;49.68000;48.70000;49.55000;153473400
2024-11-05;46.32000;46.73000;46.23000;46.71000;35221800
2024-11-04;46.61000;46.65000;46.029999;46.28000;41705600
2024-11-01;46.63000;47;46.52000;46.64000;40139900
2024-10-31;47.070000;47.21000;46.48000;46.48000;53417100
2024-10-30;46.98000;47.43000;46.94000;47.13000;28704300
2024-10-29;47.090000;47.22000;46.88000;46.92000;27930900
2024-10-28;46.87000;47.25;46.86000;47.21000;31415900
2024-10-25;47.34000;47.42000;46.52000;46.63000;25526500
2024-10-24;47.12000;47.21000;46.86000;47.15000;19617500
2024-10-23;47.099998;47.22000;46.88000;47.11000;20697200
2024-10-22;47;47.23000;46.78000;47.15000;30018700
2024-10-21;47.54000;47.65000;47.15000;47.24000;26207400
2024-10-18;47.61000;47.72000;47.35000;47.62000;34279600
2024-10-17;47.68000;47.81000;47.58000;47.61000;45823400
2024-10-16;47.080002;47.5;46.99000;47.48000;44973700
2024-10-15;47.12000;47.39000;46.84000;46.90000;42356800
2024-10-14;46.59000;46.85000;46.46000;46.80000;35850800
2024-10-11;45.92000;46.60000;45.89000;46.51000;52850300
2024-10-10;45.82000;45.86000;45.44000;45.63000;34127400
2024-10-09;45.35000;45.86000;45.26000;45.77000;28334300
2024-10-08;45.26000;45.46000;45.18000;45.35000;28763000
2024-10-07;45.65000;45.67000;44.90000;45.090000;26599300
2024-10-04;45.33000;45.69000;45.15000;45.65000;40432000
2024-10-03;44.96000;45.049999;44.67000;44.89000;23545700
2024-10-02;45.060001;45.23000;44.83000;45.13000;37709400
2024-10-01;45.20000;45.31000;44.78000;45.080002;32703000
2024-09-30;45.040001;45.34000;44.84000;45.32000;23593400
2024-09-27;45.12000;45.44000;45.049999;45.15000;23226100
2024-09-26;44.92000;45.11000;44.77000;45.020000;31445200
2024-09-25;45.080002;45.14000;44.65000;44.79000;32546900
2024-09-24;45.30000;45.30000;44.90000;45.060001;40341400
2024-09-23;45.49000;45.67000;45.36000;45.44000;31615300
2024-09-20;45.59000;45.66000;45.34000;45.66000;48699200
2024-09-19;45.65000;45.81000;45.34000;45.69000;46457700
2024-09-18;45.35000;45.69000;45.090000;45.19000;41783900
2024-09-17;45.19000;45.48000;45.14000;45.33000;27893300
2024-09-16;44.70000;45.099998;44.70000;45.090000;37063700
2024-09-13;44.51000;44.69000;44.41000;44.51000;32912300
2024-09-12;44.36000;44.52000;44;44.38000;37739400
2024-09-11;44.32000;44.35000;43.38000;44.28000;59397500
2024-09-10;45.099998;45.14000;43.98000;44.49000;59115000
2024-09-09;44.71000;45.20000;44.65000;44.95000;41010900
2024-09-06;44.95000;45.20000;44.19000;44.29000;51331300
2024-09-05;45.64000;45.66000;44.75;44.95000;39523500
2024-09-04;45.48000;45.77000;45.22000;45.45000;32006100
2024-09-03;45.5;45.88000;45.19000;45.40000;39893900
2024-08-30;45.44000;45.78000;45.23000;45.74000;28967700
2024-08-29;45.060001;45.46000;44.75;45.31000;33726600
2024-08-28;44.68000;45.16000;44.64000;44.91000;24726200
2024-08-27;44.66000;44.82000;44.58000;44.80000;21583500
2024-08-26;44.58000;44.81000;44.47000;44.57000;23716300
2024-08-23;44.18000;44.54000;44.090000;44.43000;32762500
2024-08-22;43.85000;44.049999;43.81000;44.049999;24738700
2024-08-21;43.94000;43.99000;43.57000;43.80000;19914100
2024-08-20;43.96000;44;43.78000;43.87000;19620400
2024-08-19;43.78000;44.020000;43.78000;44.0099983;24458600
2024-08-16;43.40000;43.77000;43.40000;43.77000;25338900
2024-08-15;43.46000;43.69000;43.31000;43.45000;33329000
2024-08-14;42.63000;43.13000;42.60000;43.049999;30673000
2024-08-13;42.43000;42.56000;42.12000;42.53000;24922000
2024-08-12;42.48000;42.59000;42.090000;42.18000;20509300
2024-08-09;42.21000;42.51000;42.040001;42.40000;23838800
2024-08-08;41.82000;42.27000;41.76000;42.22000;41260500
2024-08-07;41.96000;42.36000;41.49000;41.55000;43912600
2024-08-06;41.020000;41.99000;40.91000;41.5;57668900
2024-08-05;41.14000;41.23000;40.66000;40.84000;107913600
2024-08-02;42.63000;42.78000;41.80000;42.060001;78599800
2024-08-01;43.90000;43.96000;42.93000;43.12000;47060900
2024-07-31;43.95000;44.11000;43.71000;43.74000;38694800
2024-07-30;43.62000;44;43.60000;43.85000;31418700
2024-07-29;43.51000;43.54000;43.13000;43.35000;35195700
2024-07-26;42.97000;43.54000;42.95000;43.41000;32636300
2024-07-25;42.66000;43.37000;42.65000;42.74000;44862000
2024-07-24;43.040001;43.13000;42.58000;42.58000;47786900
2024-07-23;43.20000;43.39000;43.099998;43.17000;23800400
2024-07-22;42.95000;43.17000;42.75;43.090000;29071100
2024-07-19;43.27000;43.36000;42.80000;42.85000;47220000
2024-07-18;43.67000;44.11000;43.19000;43.29000;58731300
2024-07-17;43.44000;43.90000;43.37000;43.82000;54773300
2024-07-16;43.029999;43.51000;42.95000;43.49000;52243100
2024-07-15;42.53000;43.040001;42.5;43;46561200
2024-07-12;42.19000;42.56000;42.080002;42.38000;39041200
2024-07-11;41.95000;42.31000;41.82000;42.24000;45836600
2024-07-10;41.55000;41.92000;41.53000;41.91000;28445400
2024-07-09;41.47000;42.020000;41.42000;41.75;33140000
2024-07-08;41.60000;41.85000;41.38000;41.43000;27779300
2024-07-05;41.64000;41.64000;41.30000;41.54000;21421100
2024-07-03;41.72000;41.76000;41.53000;41.55000;21113200
2024-07-02;41.12000;41.68000;41.099998;41.68000;27033100
2024-07-01;41.28000;41.55000;41.029999;41.20000;36131100
2024-06-28;41.060001;41.37000;40.94000;41.11000;44045100
2024-06-27;40.90000;41.020000;40.72000;40.97000;25466100
2024-06-26;41.090000;41.11000;40.82000;41.020000;37978500
2024-06-25;41.51000;41.64000;41.16000;41.28000;32852900
2024-06-24;41.34000;41.85000;41.24000;41.59000;45252000
2024-06-21;41.39000;41.43000;41.090000;41.33000;42532800
2024-06-20;41.18000;41.60000;41.14000;41.49000;42869100
2024-06-18;40.96000;41.27000;40.92000;41.27000;38900300
2024-06-17;40.55000;41.020000;40.48000;41.0099983;36076900
2024-06-14;40.5;40.73000;40.37000;40.65000;29083000
2024-06-13;40.81000;40.82000;40.5;40.78000;39497900
2024-06-12;41.27000;41.32000;40.75;40.81000;46399800
2024-06-11;41.12000;41.14000;40.65000;40.85000;54584900
2024-06-10;41.30000;41.37000;41.049999;41.32000;31619000
2024-06-07;41.30000;41.71000;41.22000;41.48000;42273300
2024-06-06;41.38000;41.5;41.13000;41.29000;39040200
2024-06-05;41.32000;41.36000;41.0099983;41.31000;23817300
2024-06-04;41.16000;41.5;41;41.19000;27586400
2024-06-03;41.63000;41.68000;41.020000;41.38000;37855000
2024-05-31;41.12000;41.68000;41;41.64000;38664000
2024-05-30;40.86000;41.13000;40.76000;41.040001;32772600
2024-05-29;40.82000;40.95000;40.70000;40.82000;40620200
2024-05-28;41.52000;41.52000;41;41.15000;31004900
2024-05-24;41.44000;41.62000;41.44000;41.61000;23474500
2024-05-23;41.90000;41.94000;41.20000;41.36000;51768500
2024-05-22;42.090000;42.27000;41.85000;41.94000;38661100
2024-05-21;41.99000;42.22000;41.97000;42.18000;33413400
2024-05-20;42.40000;42.46000;41.89000;41.91000;35719600
2024-05-17;42.25;42.49000;42.20000;42.49000;29813200
2024-05-16;42.22000;42.38000;42.16000;42.18000;36032700
2024-05-15;41.97000;42.22000;41.96000;42.18000;36138300
2024-05-14;41.82000;41.90000;41.66000;41.87000;30638300
2024-05-13;41.95000;42.020000;41.66000;41.66000;29570100
2024-05-10;41.82000;41.91000;41.77000;41.83000;34306800
2024-05-09;41.26000;41.67000;41.25;41.67000;31594800
2024-05-08;41.17000;41.43000;41.060001;41.36000;28390900
2024-05-07;41.17000;41.29000;41.099998;41.21000;42601200
2024-05-06;40.86000;41.070000;40.77000;41.070000;42335600
2024-05-03;40.70000;40.79000;40.35000;40.55000;45012600
2024-05-02;40.64000;40.70000;40.17000;40.46000;37085100
2024-05-01;40.33000;40.85000;40.28000;40.36000;54717600
2024-04-30;40.67000;40.76000;40.36000;40.36000;34481600
2024-04-29;40.81000;40.99000;40.61000;40.76000;36596100
2024-04-26;40.81000;41.049999;40.72000;40.82000;35796900
2024-04-25;40.92000;41.029999;40.53000;40.88000;50365700
2024-04-24;41.020000;41.18000;40.91000;41.12000;33957500
2024-04-23;41.060001;41.23000;40.95000;41.13000;36488600
2024-04-22;40.60000;41.099998;40.43000;40.87000;50701200
2024-04-19;40.049999;40.46000;39.97000;40.38000;55508000
2024-04-18;39.87000;40.18000;39.74000;39.83000;48893400
2024-04-17;39.77000;39.95000;39.53000;39.69000;41561900
2024-04-16;39.89000;39.98000;39.53000;39.59000;66751300
2024-04-15;40.58000;40.74000;39.74000;39.86000;71800600
2024-04-12;40.33000;40.5;39.91000;40.060001;81224300
2024-04-11;40.87000;40.93000;40.35000;40.60000;56870800
2024-04-10;41.11000;41.27000;40.76000;40.89000;59492800
2024-04-09;41.77000;41.88000;41.18000;41.51000;51971400
2024-04-08;41.58000;41.82000;41.56000;41.75;35165700
2024-04-05;41.34000;41.68000;41.20000;41.57000;47539900
2024-04-04;42;42.080002;41.13000;41.18000;52657500
2024-04-03;41.68000;41.96000;41.54000;41.65000;39715900
2024-04-02;41.76000;41.82000;41.60000;41.67000;36359800
2024-04-01;42.16000;42.20000;41.81000;41.89000;37537700
2024-03-28;41.94000;42.22000;41.87000;42.12000;41490200
2024-03-27;41.60000;41.90000;41.49000;41.89000;36670300
2024-03-26;41.41000;41.53000;41.27000;41.40000;30135500
2024-03-25;41.39000;41.46000;41.26000;41.26000;31784000
2024-03-22;41.95000;42.040001;41.39000;41.42000;32025600
2024-03-21;41.66000;42;41.61000;41.90000;49209200
2024-03-20;41.020000;41.59000;40.95000;41.56000;52255300
2024-03-19;40.90000;41.090000;40.88000;41.070000;36748300
2024-03-18;40.78000;40.92000;40.58000;40.87000;39140600
2024-03-15;40.60000;40.98000;40.52000;40.79000;67555700
2024-03-14;41.17000;41.25;40.61000;40.83000;65563400
2024-03-13;40.94000;41.17000;40.91000;41.16000;43471400
2024-03-12;40.78000;40.98000;40.64000;40.86000;53199300
2024-03-11;40.47000;40.73000;40.40000;40.69000;36233100
2024-03-08;40.61000;40.83000;40.57000;40.62000;47264300
2024-03-07;40.76000;40.84000;40.40000;40.55000;35505100
2024-03-06;40.46000;40.73000;40.28000;40.61000;58459500
2024-03-05;40.25;40.63000;40.25;40.40000;50770200
2024-03-04;40.22000;40.5;40.21000;40.39000;53413200
2024-03-01;40.33000;40.42000;40.16000;40.29000;40760400
2024-02-29;40.46000;40.55000;40.17000;40.34000;37629700
2024-02-28;40.13000;40.5;40.12000;40.36000;40040800
2024-02-27;40.14000;40.22000;39.94000;40.21000;42599500
2024-02-26;40.26000;40.53000;40.029999;40.099998;38370000
2024-02-23;40.25;40.47000;40.22000;40.30000;42190500
2024-02-22;39.86000;40.24000;39.79000;40.099998;55188200
2024-02-21;39.47000;39.64000;39.33000;39.64000;40259000
2024-02-20;39.35000;39.66000;39.32000;39.52000;39952200
2024-02-16;39.73000;39.81000;39.55000;39.63000;37884500
2024-02-15;39.22000;39.85000;39.21000;39.77000;58107900
2024-02-14;38.96000;39.13000;38.81000;39.099998;58722500
2024-02-13;38.96000;39.060001;38.42000;38.73000;62948300
2024-02-12;39.080002;39.43000;38.99000;39.26000;39952700
2024-02-09;38.92000;39.099998;38.82000;39.080002;50680400
2024-02-08;38.94000;39.090000;38.72000;38.97000;47331500
2024-02-07;39.040001;39.17000;38.77000;39.12000;39018700
2024-02-06;38.70000;38.89000;38.65000;38.83000;41055700
2024-02-05;38.76000;38.88000;38.58000;38.75;37351300
2024-02-02;38.69000;39.16000;38.67000;38.98000;61775600
2024-02-01;38.69000;38.85000;38.25;38.82000;63445600
2024-01-31;39.16000;39.45000;38.74000;38.76000;65780900
2024-01-30;38.79000;39.28000;38.77000;39.24000;43229300
2024-01-29;38.53000;38.78000;38.43000;38.75;44175600
2024-01-26;38.45000;38.72000;38.41000;38.65000;38620200
2024-01-25;38.47000;38.55000;38.27000;38.51000;50693800
2024-01-24;38.33000;38.53000;38.29000;38.32000;43975500
2024-01-23;38.090000;38.20000;38.0099983;38.17000;46255500
2024-01-22;38.090000;38.30000;38.020000;38.11000;51828800
2024-01-19;37.47000;37.98000;37.35000;37.93000;59407900
2024-01-18;37.22000;37.37000;36.95000;37.33000;42064900
2024-01-17;37.020000;37.42000;37;37.27000;38715900
2024-01-16;37.28000;37.41000;37.13000;37.34000;44042100
2024-01-12;37.85000;37.99000;37.45000;37.60000;41279800
2024-01-11;37.76000;37.81000;37.37000;37.67000;49043500
2024-01-10;37.69000;37.84000;37.57000;37.81000;37095500
2024-01-09;37.79000;37.80000;37.63000;37.75;36338100
2024-01-08;37.76000;38.0099983;37.56000;37.99000;39098300
2024-01-05;37.59000;37.95000;37.57000;37.75;44845700
2024-01-04;37.57000;37.89000;37.52000;37.59000;36904200
2024-01-03;37.59000;37.65000;37.38000;37.44000;46909000
2024-01-02;37.5;37.78000;37.43000;37.76000;31351900
2023-12-29;37.71000;37.77000;37.49000;37.60000;30211300
2023-12-28;37.55000;37.80000;37.54000;37.72000;25308000
2023-12-27;37.41000;37.61000;37.35000;37.61000;32640800
2023-12-26;37.37000;37.56000;37.31000;37.49000;17837600
2023-12-22;37.37000;37.49000;37.20000;37.34000;30327700
2023-12-21;37.060001;37.27000;36.92000;37.26000;27522200
2023-12-20;37.47000;37.56000;36.90000;36.90000;52985700
2023-12-19;37.27000;37.58000;37.17000;37.57000;32509000
2023-12-18;37.35000;37.42000;37.25;37.29000;43434000
2023-12-15;37.26000;37.44000;37.19000;37.35000;69241700
2023-12-14;37.5;37.71000;37.37000;37.57000;66865700
2023-12-13;36.62000;37.24000;36.55000;37.20000;56989000
2023-12-12;36.44000;36.62000;36.29000;36.61000;37245700
2023-12-11;36.14000;36.42000;36.14000;36.35000;31165700
2023-12-08;35.90000;36.19000;35.86000;36.13000;33210100
2023-12-07;35.86000;35.96000;35.77000;35.94000;26050900
2023-12-06;36.15000;36.28000;35.72000;35.77000;35616100
2023-12-05;36.020000;36.029999;35.79000;35.95000;39510900
2023-12-04;35.96000;36.27000;35.92000;36.13000;41366600
2023-12-01;35.84000;36.21000;35.78000;36.17000;51261600
2023-11-30;35.58000;35.90000;35.47000;35.90000;37334500
2023-11-29;35.35000;35.71000;35.35000;35.5;36651300
2023-11-28;35.22000;35.37000;35.16000;35.25;39329300
2023-11-27;35.25;35.32000;35.18000;35.26000;35017000
2023-11-24;35.27000;35.44000;35.26000;35.38000;13168500
2023-11-22;35.21000;35.34000;35.15000;35.27000;32719200
2023-11-21;35.099998;35.22000;35.070000;35.13000;27285700
2023-11-20;34.96000;35.23000;34.89000;35.15000;37285400
2023-11-17;34.96000;35.020000;34.87000;35.0099983;31336100
2023-11-16;34.79000;34.87000;34.68000;34.83000;33222500
2023-11-15;34.56000;34.79000;34.55000;34.69000;35000200
2023-11-14;34.23000;34.69000;34.20000;34.5;54296300
2023-11-13;33.79000;33.95000;33.74000;33.86000;28327300
2023-11-10;33.69000;33.94000;33.49000;33.91000;35146100
2023-11-09;33.78000;33.83000;33.47000;33.53000;34336600
2023-11-08;33.62000;33.70000;33.46000;33.67000;30165800
2023-11-07;33.58000;33.71000;33.52000;33.63000;27442000
2023-11-06;33.87000;33.92000;33.5;33.68000;40599700
2023-11-03;33.66000;33.94000;33.65000;33.78000;58794800
2023-11-02;32.87000;33.36000;32.81000;33.34000;47417000
2023-11-01;32.42000;32.70000;32.35000;32.57000;51764100
2023-10-31;32.070000;32.37000;32.0099983;32.36000;41050100
2023-10-30;31.67000;32.090000;31.59000;32.0099983;48978100
2023-10-27;31.99000;32.029999;31.36000;31.45000;73057300
2023-10-26;32.020000;32.35000;31.97000;32.029999;56046100
2023-10-25;32.099998;32.32000;32.0099983;32.099998;59240100
2023-10-24;32.15000;32.37000;32.049999;32.22000;35825000
2023-10-23;32.13000;32.36000;31.97000;32;55913700
2023-10-20;32.69000;32.75;32.17000;32.20000;59901700
2023-10-19;33.080002;33.26000;32.68000;32.70000;66656200
2023-10-18;33.55000;33.58000;33.070000;33.14000;46942100
2023-10-17;33.41000;33.94000;33.40000;33.72000;41925200
2023-10-16;33.46000;33.72000;33.39000;33.56000;45589300
2023-10-13;33.35000;33.66000;33.029999;33.21000;53213800
2023-10-12;33.45000;33.45000;32.91000;33.14000;41991200
2023-10-11;33.40000;33.53000;33.099998;33.35000;35746400
2023-10-10;33.16000;33.51000;33.15000;33.30000;44743400
2023-10-09;32.74000;33.13000;32.71000;33.060001;61396600
2023-10-06;32.62000;33.23000;32.51000;33.040001;54048800
2023-10-05;32.52000;32.82000;32.45000;32.76000;41407800
2023-10-04;32.38000;32.63000;32.21000;32.61000;40136000
2023-10-03;32.73000;32.82000;32.24000;32.37000;52921800
2023-10-02;33.060001;33.14000;32.71000;32.89000;49350600
2023-09-29;33.64000;33.69000;33.090000;33.17000;52853400
2023-09-28;33.27000;33.60000;33.26000;33.48000;63638100
2023-09-27;33.38000;33.38000;32.95000;33.24000;49360900
2023-09-26;33.49000;33.64000;33.23000;33.29000;46165400
2023-09-25;33.59000;33.76000;33.48000;33.74000;40141700
2023-09-22;33.97000;34;33.66000;33.66000;41688300
2023-09-21;34.37000;34.37000;33.92000;33.92000;48103300
2023-09-20;34.85000;34.96000;34.48000;34.49000;31618000
2023-09-19;34.80000;34.87000;34.51000;34.73000;36112900
2023-09-18;34.63000;34.82000;34.52000;34.77000;32458700
2023-09-15;34.78000;35.040001;34.76000;34.83000;51766400
2023-09-14;34.93000;35.060001;34.76000;35.0099983;65685500
2023-09-13;34.85000;34.89000;34.56000;34.69000;31994900
2023-09-12;34.45000;34.94000;34.41000;34.69000;48615200
2023-09-11;34.46000;34.64000;34.37000;34.46000;28965100
2023-09-08;34.26000;34.37000;34.13000;34.30000;39720800
2023-09-07;34.18000;34.38000;34.13000;34.23000;47632600
2023-09-06;34.25;34.39000;34.070000;34.32000;35672800
2023-09-05;34.65000;34.79000;34.33000;34.34000;38612300
2023-09-01;34.59000;34.80000;34.56000;34.69000;41069200
2023-08-31;34.61000;34.62000;34.34000;34.38000;27999700
2023-08-30;34.54000;34.71000;34.44000;34.51000;33799900
2023-08-29;34.15000;34.5;34.099998;34.49000;43394300
2023-08-28;34.099998;34.30000;34.070000;34.18000;34905300
2023-08-25;33.97000;34.12000;33.71000;33.99000;40347200
2023-08-24;33.90000;34.31000;33.83000;33.83000;35784900
2023-08-23;33.68000;33.96000;33.63000;33.95000;30240500
2023-08-22;33.95000;33.99000;33.57000;33.62000;43148900
2023-08-21;34.029999;34.099998;33.67000;33.94000;32308300
2023-08-18;33.75;34.080002;33.72000;33.98000;40858300
2023-08-17;34.27000;34.32000;33.89000;33.99000;38205400
2023-08-16;34.15000;34.42000;34.12000;34.16000;33566500
2023-08-15;34.56000;34.60000;34.17000;34.21000;57472100
2023-08-14;34.82000;34.92000;34.69000;34.85000;23773800
2023-08-11;34.74000;34.98000;34.66000;34.92000;27516100
2023-08-10;35;35.26000;34.76000;34.85000;38097500
2023-08-09;35.060001;35.16000;34.78000;34.82000;38304200
2023-08-08;34.94000;35.11000;34.67000;35.080002;37254800
2023-08-07;35.13000;35.46000;35.12000;35.40000;33119300
2023-08-04;35.020000;35.36000;34.88000;34.91000;36191800
2023-08-03;34.82000;35.13000;34.72000;35.049999;31861600
2023-08-02;35.029999;35.16000;34.83000;35.029999;48923800
2023-08-01;35.26000;35.36000;35.14000;35.33000;26480300
2023-07-31;35.27000;35.44000;35.18000;35.33000;28627000
2023-07-28;35.41000;35.42000;35.0099983;35.20000;32422700
2023-07-27;35.58000;35.67000;35.080002;35.13000;44072800
2023-07-26;35.33000;35.69000;35.28000;35.58000;35638700
2023-07-25;35.5;35.58000;35.34000;35.37000;36218600
2023-07-24;35.28000;35.71000;35.27000;35.60000;32299800
2023-07-21;35.44000;35.46000;35.17000;35.26000;30609200
2023-07-20;35.060001;35.39000;35.049999;35.38000;45591500
2023-07-19;34.97000;35.26000;34.96000;35.12000;45599800
2023-07-18;34.66000;35;34.61000;34.97000;47176500
2023-07-17;34.21000;34.68000;34.21000;34.58000;38568900
2023-07-14;34.73000;34.74000;34.20000;34.25;47547500
2023-07-13;34.41000;34.53000;34.35000;34.48000;40453700
2023-07-12;34.42000;34.60000;34.27000;34.36000;46546000
2023-07-11;33.86000;34.18000;33.79000;34.14000;33754200
2023-07-10;33.60000;33.93000;33.57000;33.74000;27254400
2023-07-07;33.40000;33.87000;33.40000;33.59000;33479500
2023-07-06;33.55000;33.58000;33.25;33.54000;45808400
2023-07-05;33.70000;33.92000;33.60000;33.83000;39831600
2023-07-03;33.71000;34;33.66000;33.90000;19128000
2023-06-30;33.64000;33.85000;33.58000;33.71000;44727600
2023-06-29;33.020000;33.42000;32.98000;33.42000;47471000
2023-06-28;32.89000;32.90000;32.70000;32.85000;36663200
2023-06-27;32.73000;33;32.71000;32.93000;34348100
2023-06-26;32.69000;32.94000;32.58000;32.67000;25728300
2023-06-23;32.63000;32.85000;32.52000;32.74000;35529600
2023-06-22;33.080002;33.090000;32.77000;32.88000;38690000
2023-06-21;33.099998;33.30000;33;33.14000;35967600
2023-06-20;33.21000;33.27000;32.98000;33.18000;50683100
2023-06-16;33.80000;33.83000;33.54000;33.58000;49842000
2023-06-15;33.099998;33.73000;33.070000;33.65000;52241800
2023-06-14;33.42000;33.59000;33.099998;33.21000;57195400
2023-06-13;33.11000;33.48000;33.070000;33.34000;46054400
2023-06-12;33.18000;33.27000;32.89000;33.14000;33655200
2023-06-09;33.080002;33.29000;33.060001;33.15000;34021700
2023-06-08;33.060001;33.19000;32.88000;33.14000;36261200
2023-06-07;33.070000;33.24000;32.87000;33.17000;48467100
2023-06-06;32.60000;33.090000;32.58000;33.040001;46236100
2023-06-05;32.84000;32.84000;32.48000;32.63000;53591100
2023-06-02;32.41000;32.92000;32.41000;32.80000;65747500
2023-06-01;31.94000;32.17000;31.72000;32.099998;48643400
2023-05-31;31.91000;31.94000;31.49000;31.76000;67667900
2023-05-30;32.16000;32.23000;31.89000;32.099998;57900500
2023-05-26;31.92000;32.19000;31.87000;32.11000;44183000
2023-05-25;31.78000;31.96000;31.66000;31.85000;41658900
2023-05-24;32.040001;32.070000;31.79000;31.86000;46610700
2023-05-23;32.52000;32.69000;32.26000;32.28000;42217200
2023-05-22;32.71000;32.78000;32.46000;32.66000;35286200
2023-05-19;32.82000;32.92000;32.45000;32.60000;40131500
2023-05-18;32.44000;32.78000;32.32000;32.74000;42232500
2023-05-17;32.11000;32.59000;32.040001;32.5;46818800
2023-05-16;32.099998;32.19000;31.84000;31.86000;31241400
2023-05-15;31.96000;32.22000;31.90000;32.16000;33208500
2023-05-12;32.24000;32.24000;31.69000;31.90000;36217700
2023-05-11;31.88000;32.080002;31.74000;32.029999;36693200
2023-05-10;32.47000;32.54000;31.80000;32.080002;39706100
2023-05-09;32.14000;32.39000;32.070000;32.26000;29736200
2023-05-08;32.51000;32.62000;32.34000;32.38000;34323600
2023-05-05;32.070000;32.38000;32.020000;32.33000;54989500
2023-05-04;31.68000;31.85000;31.26000;31.55000;76076600
2023-05-03;32.37000;32.53000;31.93000;31.96000;65642400
2023-05-02;32.95000;32.96000;32.029999;32.33000;76096700
2023-05-01;33.26000;33.43000;33.040001;33.080002;31950600
2023-04-28;32.62000;33.20000;32.55000;33.17000;54577500
2023-04-27;32.38000;32.84000;32.38000;32.78000;46398800
2023-04-26;32.48000;32.66000;32.12000;32.26000;54294200
2023-04-25;32.93000;32.99000;32.56000;32.57000;58534300
2023-04-24;33.20000;33.32000;33.060001;33.14000;32774200
2023-04-21;33.24000;33.26000;33.029999;33.22000;41545000
2023-04-20;33.22000;33.43000;33.21000;33.34000;39291800
2023-04-19;33.31000;33.53000;33.25;33.44000;39478900
2023-04-18;33.33000;33.43000;33.080002;33.36000;49507500
2023-04-17;32.86000;33.27000;32.72000;33.26000;69670600
2023-04-14;32.90000;33.15000;32.72000;32.88000;65276200
2023-04-13;32.29000;32.58000;32.070000;32.56000;58550300
2023-04-12;32.5;32.67000;32.19000;32.27000;63645800
2023-04-11;32.14000;32.48000;32.12000;32.34000;53912600
2023-04-10;31.87000;32.070000;31.80000;32.060001;27900700
2023-04-06;31.81000;32.049999;31.78000;31.99000;36762300
2023-04-05;31.67000;31.96000;31.66000;31.87000;57965300
2023-04-04;32.29000;32.34000;31.70000;31.91000;45939300
2023-04-03;32.12000;32.34000;32.020000;32.21000;51213500
2023-03-31;31.98000;32.16000;31.86000;32.15000;49034400
2023-03-30;32.099998;32.12000;31.62000;31.80000;45061700
2023-03-29;31.75;31.88000;31.61000;31.87000;52147200
2023-03-28;31.38000;31.52000;31.22000;31.41000;42980100
2023-03-27;31.52000;31.59000;31.24000;31.42000;61393300
2023-03-24;30.63000;31.020000;30.39000;30.99000;76619100
2023-03-23;31.28000;31.60000;30.79000;31.010000;82366300
2023-03-22;31.96000;32.049999;31.20000;31.22000;67874100
2023-03-21;31.88000;32.040001;31.81000;31.96000;115899200
2023-03-20;31.070000;31.44000;31.020000;31.17000;75384500
2023-03-17;31.71000;31.71000;30.90000;30.98000;136760600
2023-03-16;31.20000;32.34000;30.90000;32.0099983;133892600
2023-03-15;31.36000;31.54000;30.96000;31.41000;132235000
2023-03-14;32.84000;32.85000;31.87000;32.27000;128115500
2023-03-13;31.76000;32.32000;31.37000;31.63000;165965900
2023-03-10;33.15000;33.72000;32.53000;32.93000;166569400
2023-03-09;34.76000;34.82000;33.37000;33.54000;107108500
2023-03-08;35.049999;35.24000;34.78000;34.96000;50860300
2023-03-07;35.89000;35.92000;35;35.090000;53804400
2023-03-06;36.0099983;36.24000;35.91000;36.020000;30111100
2023-03-03;35.57000;36;35.5;35.99000;33091600
2023-03-02;35.39000;35.47000;35.0099983;35.43000;38401900
2023-03-01;35.56000;35.76000;35.46000;35.60000;32790300
2023-02-28;35.70000;35.90000;35.61000;35.72000;32531400
2023-02-27;35.99000;36.049999;35.58000;35.65000;31664600
2023-02-24;35.32000;35.77000;35.26000;35.66000;48732600
2023-02-23;35.75;35.92000;35.30000;35.63000;42357600
2023-02-22;35.64000;35.78000;35.41000;35.60000;31065200
2023-02-21;36.080002;36.13000;35.48000;35.64000;36425200
2023-02-17;36.20000;36.44000;36.090000;36.39000;35889800
2023-02-16;36.40000;36.66000;36.31000;36.38000;34379100
2023-02-15;36.42000;36.77000;36.37000;36.75;28510000
2023-02-14;36.84000;37.080002;36.48000;36.71000;33525300
2023-02-13;36.47000;36.91000;36.44000;36.91000;32209000
2023-02-10;36.19000;36.52000;36.070000;36.49000;28108900
2023-02-09;36.93000;37.040001;36.29000;36.37000;44329600
2023-02-08;36.73000;37.099998;36.68000;36.78000;34555500
2023-02-07;36.35000;37.11000;36.35000;37;33000500
2023-02-06;36.38000;36.59000;36.30000;36.58000;32273600
2023-02-03;36.37000;36.90000;36.36000;36.59000;43155000
2023-02-02;36.76000;36.81000;36.37000;36.66000;42107300
2023-02-01;36.18000;36.88000;36.099998;36.56000;51418700
2023-01-31;36.14000;36.57000;35.97000;36.56000;30282100
2023-01-30;36.060001;36.33000;36.0099983;36.070000;31595000
2023-01-27;36.20000;36.46000;36.15000;36.25;30787400
2023-01-26;36.15000;36.31000;35.91000;36.25;29944200
2023-01-25;35.47000;36.070000;35.46000;36.060001;38458700
2023-01-24;35.70000;35.94000;35.30000;35.78000;34333500
2023-01-23;35.38000;35.91000;35.27000;35.76000;44997300
2023-01-20;34.90000;35.37000;34.74000;35.35000;42330100
2023-01-19;34.78000;34.98000;34.56000;34.80000;61169500
2023-01-18;35.68000;35.90000;35.18000;35.21000;53693000
2023-01-17;36.029999;36.049999;35.77000;35.88000;65345200
2023-01-13;35.39000;36.17000;35.26000;36.12000;65920900
2023-01-12;35.90000;36.060001;35.62000;35.85000;56642400
2023-01-11;35.54000;35.78000;35.47000;35.78000;32014700
2023-01-10;35.19000;35.48000;35.070000;35.45000;34663700
2023-01-09;35.5;35.70000;35.16000;35.25;48726600
2023-01-06;34.84000;35.49000;34.60000;35.38000;41229700
2023-01-05;34.75;34.75;34.37000;34.61000;45585700
2023-01-04;34.67000;35.12000;34.57000;34.87000;44669300
2023-01-03;34.45000;34.69000;34.070000;34.32000;37396500
2022-12-30;34.040001;34.27000;33.92000;34.20000;24735700
2022-12-29;34;34.35000;33.92000;34.29000;26624200
2022-12-28;34;34.090000;33.78000;33.82000;24395100
2022-12-27;34.020000;34.099998;33.80000;33.94000;25601100
2022-12-23;33.74000;34;33.57000;33.95000;17116200
2022-12-22;33.84000;33.87000;33.21000;33.76000;25605100
2022-12-21;33.86000;34.16000;33.84000;34.060001;31318100
2022-12-20;33.53000;33.77000;33.41000;33.54000;45446400
2022-12-19;33.40000;33.74000;33.19000;33.40000;37456800
2022-12-16;33.60000;33.80000;33.39000;33.70000;59619300
2022-12-15;34.099998;34.24000;33.74000;33.96000;70330100
2022-12-14;34.99000;35.33000;34.49000;34.64000;54685100
2022-12-13;35.90000;35.90000;34.85000;35.080002;55659000
2022-12-12;34.55000;35.029999;34.39000;34.99000;72570900
2022-12-09;34.49000;34.78000;34.48000;34.53000;40885600
2022-12-08;34.69000;34.86000;34.5;34.62000;46600900
2022-12-07;34.59000;34.98000;34.51000;34.59000;37775900
2022-12-06;35;35.20000;34.45000;34.73000;45102200
2022-12-05;35.66000;35.72000;34.85000;35.040001;53402000
2022-12-02;35.72000;35.96000;35.61000;35.93000;40483300
2022-12-01;36.49000;36.49000;35.82000;36.099998;58157600
2022-11-30;35.65000;36.32000;35.14000;36.31000;58607000
2022-11-29;35.45000;35.78000;35.41000;35.70000;31489600
2022-11-28;35.91000;36.060001;35.43000;35.49000;34196600
2022-11-25;36.029999;36.16000;35.96000;36.11000;11266500
2022-11-23;35.78000;36.080002;35.78000;35.99000;27916900
2022-11-22;35.67000;35.88000;35.67000;35.84000;29582300
2022-11-21;35.32000;35.55000;35.28000;35.48000;24630900
2022-11-18;35.55000;35.60000;35.080002;35.37000;39455400
2022-11-17;34.86000;35.099998;34.76000;35.080002;35706900
2022-11-16;35.42000;35.51000;35.15000;35.27000;32852400
2022-11-15;35.74000;35.88000;35.080002;35.44000;57802100
2022-11-14;35.77000;35.80000;35.33000;35.36000;38002700
2022-11-11;35.76000;36.029999;35.63000;35.87000;46076100
2022-11-10;34.90000;35.63000;34.81000;35.58000;67677700
2022-11-09;34.22000;34.35000;33.80000;33.87000;42126200
2022-11-08;34.26000;34.62000;34.090000;34.45000;34839600
2022-11-07;34.16000;34.27000;33.94000;34.25;30060300
2022-11-04;33.78000;34.090000;33.43000;33.91000;41825600
2022-11-03;33.22000;33.56000;33.080002;33.30000;40828100
2022-11-02;34;34.60000;33.61000;33.64000;58039800
2022-11-01;34.26000;34.35000;33.92000;34.070000;38946100
2022-10-31;33.97000;34.21000;33.93000;33.98000;40083800
2022-10-28;33.45000;34.23000;33.39000;34.19000;36421300
2022-10-27;33.40000;33.73000;33.30000;33.36000;41232200
2022-10-26;33.11000;33.46000;33.020000;33.090000;38012100
2022-10-25;32.45000;33.070000;32.39000;33.0099983;33950300
2022-10-24;32.38000;32.77000;32.28000;32.62000;40117200
2022-10-21;31.35000;32.22000;31.12000;32.19000;54487300
2022-10-20;31.73000;32.049999;31.17000;31.26000;43124400
2022-10-19;32.020000;32.29000;31.59000;31.77000;35205700
2022-10-18;32.62000;32.66000;31.93000;32.30000;48150700
2022-10-17;31.67000;32;31.58000;31.79000;47222200
2022-10-14;31.82000;32.19000;30.94000;31.010000;60886900
2022-10-13;29.68000;31.62000;29.59000;31.54000;83086100
2022-10-12;30.37000;30.69000;30.18000;30.29000;48265700
2022-10-11;30.55000;30.87000;30.23000;30.36000;50431900
2022-10-10;31.059999;31.19000;30.57000;30.75;31011700
2022-10-07;31.36000;31.46000;30.72000;30.89000;36380700
2022-10-06;31.91000;32.13000;31.57000;31.64000;34717900
2022-10-05;31.84000;32.27000;31.73000;32.090000;41766800
2022-10-04;31.66000;32.37000;31.62000;32.34000;53441800
2022-10-03;30.66000;31.34000;30.30000;31.18000;47086100
2022-09-30;30.66000;31.040001;30.28000;30.36000;37984300
2022-09-29;30.70000;30.82000;30.26000;30.64000;41860000
2022-09-28;30.52000;31.21000;30.44000;31.030001;46088700
2022-09-27;30.80000;30.96000;30.12000;30.43000;60630400
2022-09-26;30.82000;31.11000;30.34000;30.56000;49969700
2022-09-23;31.24000;31.31000;30.60000;31.049999;56801000
2022-09-22;32.16000;32.21000;31.49000;31.55000;52299500
2022-09-21;32.98000;33.099998;32.070000;32.090000;49644600
2022-09-20;32.99000;33.060001;32.47000;32.77000;42193600
2022-09-19;32.5;33.28000;32.5;33.26000;36491400
2022-09-16;33.029999;33.12000;32.71000;33.060001;53893300
2022-09-15;33.29000;33.79000;33.20000;33.36000;47653000
2022-09-14;33.42000;33.58000;32.95000;33.25;39233200
2022-09-13;33.96000;34.080002;33.24000;33.35000;60771600
2022-09-12;34.5;34.82000;34.42000;34.64000;41969600
2022-09-09;34.20000;34.45000;34.19000;34.36000;41327100
2022-09-08;33.29000;34.070000;33.15000;34.049999;50760900
2022-09-07;32.71000;33.52000;32.66000;33.46000;35023000
2022-09-06;33.060001;33.14000;32.48000;32.81000;45877100
2022-09-02;33.53000;33.81000;32.73000;32.89000;43208800
2022-09-01;32.91000;33.20000;32.51000;33.15000;40604600
2022-08-31;33.47000;33.59000;33;33.049999;39768200
2022-08-30;33.59000;33.70000;33.099998;33.30000;41870700
2022-08-29;33.47000;33.72000;33.28000;33.48000;34872100
2022-08-26;34.91000;34.92000;33.69000;33.72000;38230600
2022-08-25;34.30000;34.79000;34.21000;34.76000;26402600
2022-08-24;33.99000;34.34000;33.92000;34.23000;20682200
2022-08-23;34.15000;34.40000;34.049999;34.049999;23244000
2022-08-22;34.45000;34.46000;34.099998;34.19000;36810100
2022-08-19;35.46000;35.46000;34.84000;34.96000;33587400
2022-08-18;35.60000;35.72000;35.43000;35.67000;15966200
2022-08-17;35.40000;35.79000;35.38000;35.63000;33158000
2022-08-16;35.39000;35.97000;35.39000;35.81000;41300800
2022-08-15;35.20000;35.65000;35.13000;35.55000;25366000
2022-08-12;35.18000;35.57000;35;35.56000;36370300
2022-08-11;34.92000;35.23000;34.88000;35.0099983;46985200
2022-08-10;34.43000;34.73000;34.36000;34.60000;45366000
2022-08-09;33.73000;33.93000;33.67000;33.84000;26425400
2022-08-08;33.94000;34.049999;33.64000;33.67000;24369100
2022-08-05;33.36000;33.85000;33.24000;33.69000;34366100
2022-08-04;33.53000;33.62000;33.39000;33.45000;24505800
2022-08-03;33.31000;33.64000;33.12000;33.56000;27314900
2022-08-02;33.27000;33.49000;33.020000;33.060001;36806900
2022-08-01;33.39000;33.62000;33.20000;33.43000;35131300
2022-07-29;33.32000;33.82000;33.29000;33.71000;38724000
2022-07-28;33.029999;33.25;32.5;33.24000;40974600
2022-07-27;32.63000;33.16000;32.52000;33;44817200
2022-07-26;32.80000;32.99000;32.42000;32.5;26357800
2022-07-25;32.95000;33.11000;32.72000;32.96000;24699300
2022-07-22;32.99000;33.16000;32.5;32.75;25741200
2022-07-21;32.64000;32.94000;32.39000;32.94000;40561800
2022-07-20;32.54000;32.79000;32.44000;32.73000;38507700
2022-07-19;32.080002;32.71000;31.99000;32.61000;40568000
2022-07-18;32.23000;32.45000;31.52000;31.66000;38671600
2022-07-15;31.18000;31.96000;31.10000;31.78000;59650200
2022-07-14;30.70000;30.84000;30.37000;30.74000;57782300
2022-07-13;31.28000;31.55000;30.95000;31.34000;51441600
2022-07-12;31.58000;32.20000;31.56000;31.62000;38211000
2022-07-11;31.90000;32.060001;31.73000;31.82000;30564300
2022-07-08;32.24000;32.34000;31.95000;32.080002;29062200
2022-07-07;31.96000;32.24000;31.93000;32.15000;33120100
2022-07-06;31.70000;31.95000;31.39000;31.69000;48001700
2022-07-05;31.38000;31.79000;31.020000;31.77000;51536800
2022-07-01;31.35000;31.98000;31.14000;31.88000;77308400
2022-06-30;31.23000;31.73000;30.85000;31.45000;75294300
2022-06-29;31.94000;32.060001;31.62000;31.73000;64507500
2022-06-28;32.56000;32.87000;31.89000;31.91000;42459900
2022-06-27;32.59000;32.59000;32.080002;32.23000;47244800
2022-06-24;31.32000;32.37000;31.27000;32.34000;65489300
2022-06-23;31.33000;31.39000;30.68000;31.19000;69348900
2022-06-22;31.020000;31.60000;30.98000;31.31000;48035800
2022-06-21;31.47000;31.58000;31.19000;31.38000;58065800
2022-06-17;30.91000;31.28000;30.63000;30.93000;116937700
2022-06-16;31;31.010000;30.58000;30.84000;100838500
2022-06-15;31.62000;32.090000;31.10000;31.64000;87858800
2022-06-14;31.69000;31.91000;31.049999;31.29000;75592200
2022-06-13;31.71000;32.099998;31.37000;31.56000;104065100
2022-06-10;33.020000;33.14000;32.5;32.53000;74190900
2022-06-09;34.58000;34.60000;33.73000;33.75;49715100
2022-06-08;34.97000;35.070000;34.49000;34.62000;38251800
2022-06-07;34.73000;35.27000;34.70000;35.24000;32031400
2022-06-06;35.16000;35.52000;34.96000;34.97000;32829600
2022-06-03;35.049999;35.20000;34.83000;34.87000;36699400
2022-06-02;34.93000;35.41000;34.66000;35.38000;45334700
2022-06-01;35.38000;35.47000;34.57000;34.90000;48642400
2022-05-31;35.28000;35.74000;35.090000;35.47000;64778900
2022-05-27;35.13000;35.64000;35.070000;35.57000;43862500
2022-05-26;34.56000;35.099998;34.53000;34.98000;50803200
2022-05-25;33.84000;34.40000;33.74000;34.19000;72192600
2022-05-24;33.79000;34.029999;33.22000;33.92000;77871200
2022-05-23;33.55000;34.24000;33.38000;33.99000;78189300
2022-05-20;33.21000;33.38000;32.23000;32.92000;77984600
2022-05-19;32.75;33.22000;32.70000;32.98000;71525400
2022-05-18;33.82000;33.87000;33.070000;33.20000;74279300
2022-05-17;33.90000;34.24000;33.71000;34.14000;62859300
2022-05-16;33.40000;33.55000;32.99000;33.25;55662200
2022-05-13;33.45000;33.81000;33.23000;33.53000;64036200
2022-05-12;33.020000;33.36000;32.41000;33.049999;114304100
2022-05-11;33.65000;34.33000;33.25;33.30000;110212200
2022-05-10;34.22000;34.44000;33.19000;33.61000;107581200
2022-05-09;34.27000;34.48000;33.75;33.91000;85922800
2022-05-06;34.85000;34.90000;34.24000;34.74000;99281900
2022-05-05;35.62000;35.69000;34.56000;34.99000;101093900
2022-05-04;35.029999;36.099998;34.91000;36.040001;87794900
2022-05-03;34.76000;35.32000;34.64000;34.97000;73896300
2022-05-02;34.67000;34.79000;33.84000;34.52000;104408800
2022-04-29;35.56000;35.69000;34.43000;34.51000;74631700
2022-04-28;35.65000;35.87000;35.12000;35.74000;62680000
2022-04-27;35.27000;35.65000;35.16000;35.29000;81603000
2022-04-26;35.82000;36.20000;35.30000;35.32000;81457500
2022-04-25;35.87000;36.31000;35.33000;36.23000;91392800
2022-04-22;37.22000;37.23000;36.13000;36.17000;73170900
2022-04-21;38.14000;38.32000;37.21000;37.28000;54998100
2022-04-20;37.91000;38.15000;37.79000;37.88000;54635800
2022-04-19;37.21000;37.68000;37.20000;37.62000;41519100
2022-04-18;36.66000;37.28000;36.65000;37.11000;52748400
2022-04-14;37.23000;37.49000;36.88000;36.89000;68544200
2022-04-13;36.96000;37.33000;36.89000;37.31000;57445600
2022-04-12;37.69000;38.040001;37.15000;37.31000;67215400
2022-04-11;37.79000;38.16000;37.66000;37.72000;54435500
2022-04-08;37.66000;38.060001;37.56000;37.89000;44672300
2022-04-07;37.52000;37.69000;36.98000;37.51000;53346900
2022-04-06;37.51000;37.71000;37.41000;37.55000;55835100
2022-04-05;37.90000;38.31000;37.72000;37.81000;56165700
2022-04-04;38.13000;38.36000;37.78000;38.049999;134312400
2022-04-01;38.58000;38.66000;37.95000;38.22000;68422500
2022-03-31;39.17000;39.33000;38.31000;38.32000;66619600
2022-03-30;39.5;39.52000;38.99000;39.22000;47405300
2022-03-29;39.89000;40.0099983;39.27000;39.5;67968600
2022-03-28;39.40000;39.44000;38.96000;39.41000;44761000
2022-03-25;39.15000;39.60000;39.090000;39.52000;48613100
2022-03-24;38.98000;39.060001;38.70000;39.020000;30421500
2022-03-23;39.19000;39.28000;38.69000;38.71000;42142600
2022-03-22;39.27000;39.69000;39.22000;39.44000;61053100
2022-03-21;39.020000;39.14000;38.61000;38.81000;46828600
2022-03-18;38.90000;39.099998;38.53000;39;82342500
2022-03-17;38.21000;38.92000;37.96000;38.91000;58266400
2022-03-16;37.86000;38.49000;37.74000;38.43000;87007600
2022-03-15;37.23000;37.44000;36.91000;37.38000;51828700
2022-03-14;36.95000;37.46000;36.69000;36.86000;70969700
2022-03-11;36.98000;37.21000;36.38000;36.40000;76788200
2022-03-10;36.36000;36.90000;36.25;36.66000;71547300
2022-03-09;36.85000;37.28000;36.70000;36.97000;88716400
2022-03-08;36.020000;36.67000;35.49000;35.66000;114915000
2022-03-07;36.89000;36.93000;35.85000;35.87000;116046200
2022-03-04;37.27000;37.28000;36.80000;37.23000;105904100
2022-03-03;38.23000;38.43000;37.62000;37.94000;71952600
2022-03-02;37.41000;38.28000;37.39000;38.060001;88182500
2022-03-01;38.15000;38.26000;36.85000;37.099998;129873100
2022-02-28;38.17000;38.77000;38.12000;38.52000;107370200
2022-02-25;38.13000;39.20000;38.12000;39.099998;99127100
2022-02-24;37.070000;38;36.80000;37.88000;143075700
2022-02-23;39.31000;39.43000;38.24000;38.34000;64169800
2022-02-22;39.040001;39.40000;38.69000;39.020000;60719700
2022-02-18;39.19000;39.55000;39.020000;39.22000;47816500
2022-02-17;39.81000;39.94000;39.12000;39.23000;59107800
2022-02-16;40;40.41000;39.95000;40.23000;41168800
2022-02-15;40.14000;40.41000;40;40.20000;55439600
2022-02-14;40.090000;40.23000;39.33000;39.66000;71521600
2022-02-11;40.55000;41.040001;39.87000;40.11000;77962800
2022-02-10;40.85000;41.39000;40.51000;40.68000;67260800
2022-02-09;41;41.31000;40.90000;41.040001;67505300
2022-02-08;40.5;40.88000;40.40000;40.78000;56921200
2022-02-07;40.15000;40.48000;39.92000;40.22000;52710400
2022-02-04;39.5;40.44000;39.48000;40.099998;77792400
2022-02-03;39.86000;40;39.37000;39.43000;50677000
2022-02-02;39.58000;39.94000;39.33000;39.87000;46649400
2022-02-01;39.11000;39.70000;38.91000;39.60000;64601500
2022-01-31;38.45000;39.090000;38.22000;39.060001;58740900
2022-01-28;38.070000;38.73000;37.59000;38.72000;79753600
2022-01-27;38.94000;39.34000;37.97000;38.22000;91498900
2022-01-26;38.89000;39.21000;38.11000;38.57000;106682000
2022-01-25;37.88000;38.75;37.26000;38.47000;97364900
2022-01-24;37.54000;38.39000;36.82000;38.31000;169153300
2022-01-21;38.84000;38.95000;38.040001;38.20000;117914300
2022-01-20;39.36000;39.87000;38.92000;39;80314000
2022-01-19;40.22000;40.24000;39.22000;39.25;85975100
2022-01-18;40.56000;40.60000;39.67000;39.92000;82526700
2022-01-14;40.60000;40.87000;40.34000;40.83000;81135500
2022-01-13;41.48000;41.70000;41.12000;41.26000;51659600
2022-01-12;41.5;41.66000;41.22000;41.42000;51560600
2022-01-11;41.18000;41.41000;40.80000;41.39000;60706300
2022-01-10;41.43000;41.46000;40.60000;41.029999;73620000
2022-01-07;40.78000;41.27000;40.64000;41.17000;62185500
2022-01-06;40.52000;40.72000;40.15000;40.69000;57725200
2022-01-05;40.69000;40.90000;40.070000;40.099998;76288400
2022-01-04;39.99000;40.70000;39.97000;40.57000;74210200
2022-01-03;39.34000;39.68000;39.32000;39.53000;49884400
2021-12-31;39.040001;39.24000;38.97000;39.049999;28497800
2021-12-30;39.31000;39.53000;39;39.12000;30089100
2021-12-29;39.32000;39.43000;39.14000;39.19000;27150500
2021-12-28;39.15000;39.49000;39.14000;39.24000;34055200
2021-12-27;38.94000;39.22000;38.74000;39.22000;36120300
2021-12-23;38.84000;39.17000;38.80000;38.82000;39057300
2021-12-22;38.33000;38.65000;38.27000;38.62000;49702700
2021-12-21;38.040001;38.61000;38.040001;38.44000;57667900
2021-12-20;37.81000;37.86000;37.21000;37.66000;85242300
2021-12-17;39.20000;39.25;38.35000;38.59000;97654400
2021-12-16;39.42000;39.74000;39.22000;39.46000;71156600
2021-12-15;38.96000;39.090000;38.48000;38.97000;70424900
2021-12-14;38.57000;39.15000;38.54000;38.86000;51734400
2021-12-13;38.96000;38.97000;38.5;38.63000;44343000
2021-12-10;39.28000;39.29000;38.80000;39.049999;38900900
2021-12-09;38.90000;39.21000;38.76000;39.0099983;45521100
2021-12-08;39.32000;39.48000;38.99000;39.090000;53033200
2021-12-07;39.060001;39.41000;38.87000;39.30000;115475500
2021-12-06;38.63000;38.98000;38.33000;38.61000;69716600
2021-12-03;38.71000;38.81000;37.73000;38.029999;97178200
2021-12-02;37.89000;38.87000;37.75;38.66000;98076400
2021-12-01;38.63000;38.88000;37.54000;37.54000;101946500
2021-11-30;38.42000;38.58000;37.90000;37.96000;121263700
2021-11-29;39.22000;39.36000;38.60000;38.89000;79316500
2021-11-26;38.84000;39.0099983;38.33000;38.77000;76492200
2021-11-24;40.11000;40.26000;39.95000;40.099998;40410300
2021-11-23;39.83000;40.22000;39.66000;40.19000;61571200
2021-11-22;39.54000;39.96000;39.22000;39.57000;81965800
2021-11-19;39.11000;39.25;38.72000;39.020000;71858100
2021-11-18;39.69000;39.77000;39.27000;39.45000;42990100
2021-11-17;40.049999;40.049999;39.54000;39.65000;53557200
2021-11-16;40.20000;40.35000;40;40.11000;32599500
2021-11-15;40.26000;40.36000;40.070000;40.15000;30081100
2021-11-12;40.12000;40.16000;39.79000;40.15000;39218800
2021-11-11;40.0099983;40.19000;39.84000;40.060001;31438900
2021-11-10;39.98000;40.20000;39.85000;39.95000;60695100
2021-11-09;40.029999;40.16000;39.76000;40.020000;48420400
2021-11-08;40.27000;40.53000;40.14000;40.24000;32864600
2021-11-05;40.32000;40.49000;39.89000;40.020000;57866300
2021-11-04;40.38000;40.48000;39.69000;40;48279700
2021-11-03;40.25;40.68000;40.17000;40.53000;42946800
2021-11-02;40.27000;40.5;40.16000;40.38000;31436800
2021-11-01;40.54000;40.63000;40.12000;40.28000;37503800
2021-10-29;40.47000;40.55000;40.18000;40.26000;42092000
2021-10-28;40.090000;40.44000;40.060001;40.42000;44566600
2021-10-27;40.5;40.68000;39.92000;39.93000;62449500
2021-10-26;40.67000;40.86000;40.54000;40.60000;41586900
2021-10-25;40.72000;40.77000;40.47000;40.57000;33121000
2021-10-22;40.25;40.69000;40.21000;40.62000;41458200
2021-10-21;40.22000;40.31000;39.85000;40.060001;35067600
2021-10-20;39.84000;40.23000;39.73000;40.23000;44670200
2021-10-19;39.70000;39.91000;39.55000;39.91000;33082600
2021-10-18;39.43000;39.75;39.32000;39.52000;56312700
2021-10-15;39.31000;39.71000;39.18000;39.51000;58411100
2021-10-14;38.72000;38.94000;38.35000;38.93000;51893500
2021-10-13;38.5;38.54000;37.74000;38.29000;72105100
2021-10-12;38.58000;38.77000;38.41000;38.51000;58527700
2021-10-11;39.11000;39.40000;38.61000;38.63000;50748300
2021-10-08;38.87000;39.16000;38.69000;39.020000;38607500
2021-10-07;39;39.24000;38.78000;38.83000;53295600
2021-10-06;38.21000;38.63000;37.93000;38.60000;63405900
2021-10-05;38.099998;38.75;37.96000;38.56000;56058400
2021-10-04;38.090000;38.59000;37.76000;37.82000;69772700
2021-10-01;37.63000;38.41000;37.49000;38.15000;70444000
2021-09-30;38.35000;38.36000;37.52000;37.53000;73319300
2021-09-29;38.22000;38.30000;37.95000;38.13000;49882500
2021-09-28;38.73000;38.92000;38.040001;38.099998;96152700
2021-09-27;38.56000;38.85000;38.49000;38.74000;58794500
2021-09-24;37.99000;38.35000;37.94000;38.22000;48066100
2021-09-23;37.47000;38.20000;37.41000;38.020000;71805000
2021-09-22;36.96000;37.37000;36.88000;37.11000;58347800
2021-09-21;36.78000;36.92000;36.41000;36.5;45837600
2021-09-20;36.59000;36.69000;36.029999;36.55000;95008800
2021-09-17;37.70000;37.94000;37.48000;37.58000;82987200
2021-09-16;38;38.19000;37.58000;37.75;42630200
2021-09-15;37.48000;37.95000;37.44000;37.86000;36371300
2021-09-14;38.14000;38.28000;37.38000;37.5;45670600
2021-09-13;37.85000;38.070000;37.74000;38.0099983;40357300
2021-09-10;38.070000;38.11000;37.57000;37.58000;39350500
2021-09-09;37.70000;38.22000;37.67000;37.86000;33421000
2021-09-08;37.75;37.93000;37.55000;37.75;32523900
2021-09-07;38.20000;38.20000;37.84000;37.84000;39214900
2021-09-03;38.24000;38.32000;37.98000;38.070000;34847500
2021-09-02;38.27000;38.45000;38.16000;38.31000;29611500
2021-09-01;38.43000;38.45000;38.049999;38.18000;43976200
2021-08-31;38.42000;38.69000;38.26000;38.40000;49876200
2021-08-30;39.020000;39.040001;38.43000;38.45000;30096500
2021-08-27;38.54000;39.0099983;38.53000;39;38511100
2021-08-26;38.85000;38.90000;38.45000;38.49000;38484300
2021-08-25;38.33000;38.92000;38.25;38.68000;47904800
2021-08-24;38.070000;38.32000;38.040001;38.23000;37677300
2021-08-23;37.88000;38.16000;37.88000;38;28807400
2021-08-20;37.46000;37.75;37.32000;37.69000;33898600
2021-08-19;37.33000;37.74000;37.22000;37.46000;48961300
2021-08-18;38.060001;38.33000;37.71000;37.74000;39550400
2021-08-17;38.22000;38.5;37.83000;38.21000;52414800
2021-08-16;38.33000;38.52000;37.99000;38.48000;48011800
2021-08-13;38.90000;38.95000;38.49000;38.58000;43077200
2021-08-12;38.84000;38.92000;38.60000;38.87000;44566400
2021-08-11;38.47000;38.81000;38.29000;38.80000;48372100
2021-08-10;37.93000;38.47000;37.89000;38.36000;40907400
2021-08-09;37.81000;38.14000;37.60000;37.96000;48015600
2021-08-06;37.46000;37.93000;37.45000;37.86000;58081000
2021-08-05;36.86000;37.11000;36.85000;37.11000;37168200
2021-08-04;36.59000;37.020000;36.43000;36.63000;52346400
2021-08-03;36.66000;36.99000;36.12000;36.94000;42169600
2021-08-02;36.77000;37.19000;36.48000;36.53000;47589900
2021-07-30;36.71000;36.98000;36.43000;36.52000;52385300
2021-07-29;36.65000;36.97000;36.49000;36.81000;41434200
2021-07-28;36.59000;36.64000;36.16000;36.41000;42908200
2021-07-27;36.19000;36.62000;36.020000;36.46000;38988400
2021-07-26;36.19000;36.54000;36.17000;36.47000;25396000
2021-07-23;36.55000;36.65000;36.16000;36.26000;36766900
2021-07-22;36.47000;36.56000;36.049999;36.20000;35292300
2021-07-21;36.27000;36.78000;36.24000;36.60000;59975000
2021-07-20;35.070000;36.22000;35;35.98000;70635800
2021-07-19;35.42000;35.61000;34.90000;35.11000;89972200
2021-07-16;36.81000;36.81000;36.040001;36.12000;56160700
2021-07-15;36.14000;36.85000;36.14000;36.62000;53977600
2021-07-14;36.69000;36.93000;36.099998;36.5;69632700
2021-07-13;36.95000;37.0099983;36.53000;36.67000;44476200
2021-07-12;36.49000;37.14000;36.33000;37.070000;62953400
2021-07-09;36.20000;36.76000;36.090000;36.71000;70546500
2021-07-08;35.83000;36.040001;35.51000;35.68000;75084200
2021-07-07;36.14000;36.49000;36.060001;36.41000;43747100
2021-07-06;36.85000;36.87000;36.12000;36.36000;49225300
2021-07-02;36.98000;37.020000;36.79000;36.94000;27018400
2021-07-01;36.87000;37;36.68000;36.98000;36615600
2021-06-30;36.42000;36.77000;36.41000;36.69000;42414100
2021-06-29;36.85000;37.049999;36.43000;36.53000;61051200
2021-06-28;36.86000;36.89000;36.45000;36.66000;70250700
2021-06-25;36.68000;37.029999;36.47000;36.93000;56845000
2021-06-24;36.25;36.58000;36.080002;36.49000;42942800
2021-06-23;36;36.21000;35.95000;36.040001;48094900
2021-06-22;35.99000;36.11000;35.63000;35.97000;42576400
2021-06-21;35.44000;35.93000;35.38000;35.91000;89831400
2021-06-18;35.62000;35.74000;35.18000;35.23000;180960000
2021-06-17;37.39000;37.41000;35.99000;36.099998;97659900
2021-06-16;37.12000;37.45000;36.74000;37.20000;84961100
2021-06-15;37.18000;37.43000;37;37.24000;51315100
2021-06-14;37.49000;37.55000;36.95000;37.17000;50613400
2021-06-11;37.39000;37.58000;37.38000;37.56000;40416700
2021-06-10;38.080002;38.18000;37.29000;37.32000;53775500
2021-06-09;37.97000;38.020000;37.66000;37.76000;40776200
2021-06-08;38.0099983;38.24000;37.73000;38.12000;47747700
2021-06-07;38.53000;38.53000;38.15000;38.22000;37401800
2021-06-04;38.42000;38.5;38.13000;38.47000;27250900
2021-06-03;38.16000;38.60000;38.040001;38.37000;54877500
2021-06-02;38.34000;38.38000;38.070000;38.28000;37537500
2021-06-01;38.37000;38.48000;38.12000;38.22000;35710700
2021-05-28;38.090000;38.090000;37.71000;37.99000;39265000
2021-05-27;37.83000;38.020000;37.61000;37.92000;39789500
2021-05-26;37.52000;37.66000;37.22000;37.49000;38601900
2021-05-25;37.81000;38.099998;37.33000;37.38000;38755900
2021-05-24;37.74000;37.85000;37.55000;37.76000;29159600
2021-05-21;37.36000;37.78000;37.34000;37.58000;44950300
2021-05-20;37.25;37.47000;36.95000;37.21000;59216100
2021-05-19;36.99000;37.21000;36.59000;37.19000;63573900
2021-05-18;37.92000;38.049999;37.40000;37.42000;40299200
2021-05-17;37.76000;37.99000;37.61000;37.95000;40376700
2021-05-14;37.5;37.98000;37.46000;37.88000;44850200
2021-05-13;36.56000;37.52000;36.54000;37.29000;66882600
2021-05-12;37.37000;37.51000;36.55000;36.70000;97911900
2021-05-11;37.37000;37.71000;36.94000;37.080002;82723700
2021-05-10;37.98000;38.26000;37.72000;37.75;56341100
2021-05-07;37.15000;37.79000;37.060001;37.78000;64616700
2021-05-06;37.18000;37.59000;36.96000;37.58000;43332900
2021-05-05;36.84000;37.17000;36.84000;37.029999;38954200
2021-05-04;36.28000;36.73000;36.040001;36.73000;66939700
2021-05-03;36.57000;36.64000;36.30000;36.44000;33317300
2021-04-30;36.38000;36.51000;36.20000;36.26000;43940900
2021-04-29;36.22000;36.61000;36.19000;36.58000;48573000
2021-04-28;35.94000;36.040001;35.83000;35.94000;35771700
2021-04-27;35.57000;35.85000;35.49000;35.80000;50852400
2021-04-26;35.51000;35.85000;35.48000;35.52000;43749700
2021-04-23;34.73000;35.53000;34.67000;35.38000;50437700
2021-04-22;35.080002;35.13000;34.67000;34.73000;43611200
2021-04-21;34.52000;35.15000;34.42000;35.12000;39680000
2021-04-20;35.090000;35.11000;34.52000;34.64000;50227700
2021-04-19;35.39000;35.49000;35.18000;35.30000;31172300
2021-04-16;35.46000;35.53000;35.24000;35.40000;39115700
2021-04-15;35.26000;35.30000;34.82000;35.15000;55483500
2021-04-14;34.88000;35.43000;34.83000;35.18000;44065300
2021-04-13;35.099998;35.14000;34.78000;34.97000;39950900
2021-04-12;35.22000;35.31000;35.14000;35.30000;44435500
2021-04-09;35.090000;35.17000;34.89000;35.15000;40133700
2021-04-08;34.71000;34.89000;34.47000;34.85000;39927400
2021-04-07;34.77000;34.92000;34.60000;34.84000;38660800
2021-04-06;34.66000;34.83000;34.55000;34.67000;41336800
2021-04-05;34.84000;34.91000;34.63000;34.74000;51790700
2021-04-01;34;34.47000;34;34.47000;51690100
2021-03-31;34.24000;34.38000;34.029999;34.049999;51138300
2021-03-30;34.25;34.47000;34.21000;34.31000;55011400
2021-03-29;33.89000;34.29000;33.72000;34.070000;71777800
2021-03-26;34.19000;34.43000;33.95000;34.37000;53779900
2021-03-25;33.26000;33.89000;33;33.84000;60532600
2021-03-24;33.40000;33.80000;33.28000;33.28000;63357100
2021-03-23;33.43000;33.66000;33.040001;33.16000;70441900
2021-03-22;33.82000;33.89000;33.51000;33.63000;68170600
2021-03-19;34.35000;34.38000;33.86000;34.22000;98510500
2021-03-18;34.79000;35.29000;34.5;34.62000;96690500
2021-03-17;34.46000;34.64000;34.080002;34.44000;64051100
2021-03-16;34.39000;34.43000;33.94000;34.21000;67373600
2021-03-15;34.90000;34.91000;34.25;34.57000;57836400
2021-03-12;34.82000;34.95000;34.66000;34.77000;68126000
2021-03-11;34.34000;34.69000;34.14000;34.42000;50904800
2021-03-10;33.99000;34.65000;33.93000;34.52000;73269300
2021-03-09;33.87000;34.33000;33.52000;33.83000;117224600
2021-03-08;33.96000;34.58000;33.82000;34.14000;90538200
2021-03-05;33.64000;33.80000;32.78000;33.71000;109299800
2021-03-04;33.37000;33.69000;32.60000;33.080002;101311800
2021-03-03;33.33000;33.96000;33.29000;33.46000;72541700
2021-03-02;33.28000;33.47000;33.17000;33.20000;49987000
2021-03-01;32.86000;33.52000;32.86000;33.32000;67590700
2021-02-26;32.89000;32.99000;32.19000;32.31000;103105700
2021-02-25;33.82000;33.84000;32.85000;32.94000;92189400
2021-02-24;32.96000;33.64000;32.94000;33.55000;66000600
2021-02-23;32.94000;32.95000;32.57000;32.91000;94331400
2021-02-22;32.30000;32.83000;32.29000;32.71000;65930200
2021-02-19;32.24000;32.52000;32.20000;32.41000;54361800
2021-02-18;31.99000;32.20000;31.77000;32.029999;45188200
2021-02-17;31.96000;32.26000;31.85000;32.22000;60460900
2021-02-16;31.84000;32.21000;31.70000;32.060001;71330600
2021-02-12;31.17000;31.55000;31.14000;31.52000;38271800
2021-02-11;31.32000;31.44000;30.99000;31.20000;31909500
2021-02-10;31.46000;31.5;31.15000;31.30000;38899600
2021-02-09;31.19000;31.40000;31.080000;31.30000;33572000
2021-02-08;30.99000;31.29000;30.99000;31.29000;48756300
2021-02-05;31.10000;31.13000;30.82000;30.89000;38461900
2021-02-04;30.31000;30.89000;30.30000;30.88000;63061800
2021-02-03;30;30.22000;29.94000;30.21000;46195200
2021-02-02;29.67000;30.19000;29.66000;30.040001;54263000
2021-02-01;29.27000;29.37000;29.020000;29.33000;41947400
2021-01-29;29.46000;29.54000;28.82000;28.95000;78260700
2021-01-28;29.37000;29.88000;29.28000;29.54000;62985900
2021-01-27;29.47000;29.5;28.94000;29;84059200
2021-01-26;30.24000;30.28000;29.86000;29.88000;55504600
2021-01-25;30.040001;30.16000;29.74000;30.12000;68321500
2021-01-22;30.25;30.46000;30.20000;30.34000;37928000
2021-01-21;30.87000;30.93000;30.56000;30.56000;43713800
2021-01-20;31.12000;31.12000;30.78000;30.89000;56113100
2021-01-19;31.10000;31.18000;30.83000;31.020000;97457200
2021-01-15;31;31.19000;30.71000;30.94000;68732700
2021-01-14;31.41000;31.62000;31.29000;31.46000;49828800
2021-01-13;31.29000;31.40000;31.090000;31.32000;55394700
2021-01-12;31.20000;31.49000;31.11000;31.34000;60546600
2021-01-11;30.62000;31.070000;30.49000;31.020000;56590400
2021-01-08;31.090000;31.10000;30.51000;30.92000;54266400
2021-01-07;30.95000;31.26000;30.88000;30.94000;64342700
2021-01-06;29.77000;30.74000;29.77000;30.5;102254900
2021-01-05;29.070000;29.34000;28.92000;29.21000;35265400
2021-01-04;29.59000;29.60000;28.83000;29.080000;47086300
2020-12-31;29.080000;29.52000;29;29.48000;26239300
2020-12-30;29.090000;29.21000;29.020000;29.12000;16616700
2020-12-29;29.21000;29.22000;28.96000;28.99000;23607000
2020-12-28;29.15000;29.32000;28.99000;29.090000;32824800
2020-12-24;28.97000;28.98000;28.71000;28.95000;16071000
2020-12-23;28.61000;29.070000;28.60000;28.91000;52681400
2020-12-22;28.74000;28.78000;28.42000;28.44000;42317900
2020-12-21;28.67000;28.86000;28.23000;28.72000;77688100
2020-12-18;28.78000;28.78000;28.32000;28.49000;56080100
2020-12-17;28.71000;28.79000;28.58000;28.74000;38510900
2020-12-16;28.66000;28.68000;28.52000;28.66000;55602800
2020-12-15;28.35000;28.69000;28.19000;28.61000;38604200
2020-12-14;28.84000;28.84000;28.11000;28.13000;38302900
2020-12-11;28.43000;28.53000;28.23000;28.46000;48216300
2020-12-10;28.48000;28.78000;28.39000;28.75;41298300
2020-12-09;28.93000;28.95000;28.59000;28.70000;47589600
2020-12-08;28.51000;28.84000;28.51000;28.77000;31628500
2020-12-07;28.81000;28.86000;28.61000;28.78000;34631600
2020-12-04;28.82000;29.030001;28.80000;28.98000;52713100
2020-12-03;28.64000;28.80000;28.46000;28.63000;49566000
2020-12-02;28.27000;28.67000;28.22000;28.62000;57471800
2020-12-01;28.40000;28.57000;28.29000;28.31000;53972100
2020-11-30;28.30000;28.38000;27.83000;27.88000;72524200
2020-11-27;28.56000;28.59000;28.36000;28.47000;26981200
2020-11-25;28.5;28.58000;28.22000;28.56000;45204600
2020-11-24;28.17000;28.69000;28.10000;28.66000;60983200
2020-11-23;27.53000;27.77000;27.39000;27.69000;51870500
2020-11-20;27.28000;27.39000;27.12000;27.18000;39974700
2020-11-19;27.19000;27.45000;27.020000;27.42000;47194800
2020-11-18;27.72000;27.94000;27.32000;27.33000;71578400
2020-11-17;27.32000;27.64000;27.13000;27.59000;63679700
2020-11-16;27.71000;27.73000;27.36000;27.63000;67556100
2020-11-13;26.84000;27.14000;26.77000;27.030001;45031800
2020-11-12;26.71000;26.77000;26.35000;26.59000;62733800
2020-11-11;27.30000;27.32000;26.88000;27.040001;65062400
2020-11-10;27.040001;27.25;26.79000;27.15000;85851200
2020-11-09;26.98000;27.44000;26.66000;27.010000;162966800
2020-11-06;25.28000;25.31000;24.88000;24.96000;60783500
2020-11-05;24.77000;25.34000;24.77000;25.16000;65942300
2020-11-04;24.41000;25;24.19000;24.56000;87397400
2020-11-03;24.76000;25.10000;24.73000;24.85000;79834200
2020-11-02;24.26000;24.42000;23.96000;24.31000;65136000
2020-10-30;23.65000;23.90000;23.47000;23.86000;66221600
2020-10-29;23.55000;23.96000;23.25;23.79000;60908400
2020-10-28;23.72000;23.93000;23.47000;23.61000;89288300
2020-10-27;24.67000;24.67000;24.21000;24.23000;46083300
2020-10-26;24.89000;24.93000;24.45000;24.68000;54015100
2020-10-23;25.33000;25.41000;25.049999;25.25;45092700
2020-10-22;24.67000;25.20000;24.66000;25.17000;39511800
2020-10-21;24.77000;24.93000;24.68000;24.68000;44307200
2020-10-20;24.77000;25.10000;24.76000;24.81000;67293900
2020-10-19;25.080000;25.090000;24.57000;24.61000;42989000
2020-10-16;25.020000;25.15000;24.87000;24.99000;40103600
2020-10-15;24.55000;24.98000;24.51000;24.97000;41637200
2020-10-14;25.040001;25.13000;24.75;24.78000;48982200
2020-10-13;25.43000;25.51000;24.94000;25.020000;60377800
2020-10-12;25.21000;25.59000;25.21000;25.51000;45931400
2020-10-09;25.34000;25.37000;25.030001;25.23000;52031600
2020-10-08;25;25.26000;24.94000;25.20000;57646300
2020-10-07;24.68000;24.98000;24.68000;24.86000;53815200
2020-10-06;24.91000;25.080000;24.36000;24.45000;88404900
2020-10-05;24.53000;24.78000;24.47000;24.70000;58911700
2020-10-02;23.79000;24.44000;23.73000;24.30000;63368100
2020-10-01;24.17000;24.33000;23.92000;24.11000;65766100
2020-09-30;23.85000;24.27000;23.84000;24.070000;66732200
2020-09-29;23.98000;24.020000;23.62000;23.75;53250800
2020-09-28;23.82000;24.22000;23.82000;24.049999;62803500
2020-09-25;23.080000;23.57000;23.030001;23.49000;46026600
2020-09-24;23.21000;23.58000;22.94000;23.25;56512300
2020-09-23;23.78000;23.95000;23.20000;23.20000;54282500
2020-09-22;23.87000;24.10000;23.53000;23.73000;84561500
2020-09-21;24.030001;24.17000;23.56000;23.93000;72307300
2020-09-18;24.73000;24.93000;24.63000;24.68000;61707200
2020-09-17;24.65000;24.88000;24.58000;24.73000;47334200
2020-09-16;24.76000;25.27000;24.71000;24.99000;62119900
2020-09-15;25.10000;25.12000;24.69000;24.71000;48459900
2020-09-14;24.93000;25.27000;24.86000;25.049999;51021000
2020-09-11;24.58000;24.84000;24.5;24.71000;69285700
2020-09-10;24.97000;25.14000;24.49000;24.54000;55515300
2020-09-09;24.87000;25.070000;24.71000;24.89000;52321200
2020-09-08;25.040001;25.10000;24.55000;24.64000;84687600
2020-09-04;25.55000;25.69000;24.89000;25.29000;111105500
2020-09-03;25.64000;26.010000;24.94000;25.10000;98405500
2020-09-02;25.12000;25.58000;25.049999;25.49000;48432500
2020-09-01;24.93000;25.22000;24.85000;25.13000;42036100
2020-08-31;25.34000;25.34000;25.059999;25.059999;52259000
2020-08-28;25.44000;25.45000;25.15000;25.36000;49170600
2020-08-27;24.82000;25.38000;24.82000;25.26000;66463900
2020-08-26;24.90000;24.96000;24.75;24.84000;30646600
2020-08-25;25.10000;25.17000;24.80000;24.96000;55236900
2020-08-24;24.45000;24.89000;24.39000;24.89000;51010900
2020-08-21;24.32000;24.53000;24.23000;24.31000;35349200
2020-08-20;24.31000;24.5;24.29000;24.36000;45586100
2020-08-19;24.69000;24.94000;24.52000;24.59000;59847200
2020-08-18;24.78000;24.84000;24.58000;24.60000;35502500
2020-08-17;25.090000;25.11000;24.75;24.76000;53397000
2020-08-14;24.96000;25.30000;24.93000;25.18000;28276900
2020-08-13;25.049999;25.26000;24.93000;25.080000;35222500
2020-08-12;25.76000;25.77000;25.059999;25.24000;58793600
2020-08-11;25.49000;25.72000;25.25;25.31000;73758600
2020-08-10;24.98000;25.11000;24.87000;25.020000;45436100
2020-08-07;24.20000;24.86000;24.15000;24.84000;63302800
2020-08-06;24.25;24.42000;24.15000;24.32000;33115400
2020-08-05;24.16000;24.39000;24.13000;24.33000;34860700
2020-08-04;24;24.040001;23.87000;24;30754400
2020-08-03;24.13000;24.29000;23.96000;24.10000;42982100
2020-07-31;24.010000;24.059999;23.71000;24.030001;50115900
2020-07-30;24;24.070000;23.71000;24.020000;53994600
2020-07-29;23.97000;24.49000;23.93000;24.46000;36491600
2020-07-28;23.98000;24.12000;23.90000;24.010000;35370500
2020-07-27;24.16000;24.18000;23.86000;24.070000;43060200
2020-07-24;24.35000;24.48000;24.19000;24.27000;41245600
2020-07-23;24.26000;24.47000;24.18000;24.33000;49916100
2020-07-22;24.19000;24.33000;24.11000;24.31000;44437400
2020-07-21;24;24.43000;23.97000;24.31000;46491300
2020-07-20;23.82000;23.98000;23.75;23.84000;40127600
2020-07-17;24.20000;24.22000;23.94000;23.95000;47033200
2020-07-16;23.94000;24.40000;23.85000;24.15000;74678500
2020-07-15;24.25;24.26000;23.89000;24.15000;90561800
2020-07-14;23.46000;23.75;23.25;23.68000;102468300
2020-07-13;23.76000;23.91000;23.42000;23.56000;102487100
2020-07-10;22.67000;23.49000;22.67000;23.46000;94440600
2020-07-09;23.16000;23.21000;22.49000;22.68000;71163700
2020-07-08;22.92000;23.23000;22.84000;23.17000;53046100
2020-07-07;23.22000;23.23000;22.87000;22.93000;43810900
2020-07-06;23.48000;23.66000;23.28000;23.41000;60271700
2020-07-02;23.45000;23.53000;22.92000;22.97000;50841900
2020-07-01;23.24000;23.35000;22.87000;22.94000;60500300
2020-06-30;22.71000;23.30000;22.69000;23.14000;60653100
2020-06-29;22.82000;22.98000;22.63000;22.83000;69107100
2020-06-26;23.19000;23.26000;22.52000;22.58000;123959100
2020-06-25;22.90000;23.64000;22.86000;23.59000;110208900
2020-06-24;23.51000;23.52000;22.91000;22.98000;90217500
2020-06-23;24.070000;24.22000;23.80000;23.82000;47218900
2020-06-22;23.68000;23.88000;23.53000;23.71000;47929500
2020-06-19;24.60000;24.61000;23.71000;23.98000;99903900
2020-06-18;23.93000;24.37000;23.86000;24.14000;61206500
2020-06-17;24.61000;24.61000;24.13000;24.17000;56320900
2020-06-16;25.12000;25.12000;23.95000;24.54000;108121300
2020-06-15;23.010000;24.24000;22.96000;24.16000;92469500
2020-06-12;24.059999;24.059999;23.22000;23.83000;127502900
2020-06-11;24;24.36000;23.090000;23.13000;233116600
2020-06-10;26.020000;26.16000;25.17000;25.19000;110848900
2020-06-09;26.11000;26.40000;25.92000;26.17000;92833100
2020-06-08;26.67000;26.80000;26.37000;26.74000;80298400
2020-06-05;26.78000;26.83000;26.15000;26.24000;135859300
2020-06-04;24.72000;25.30000;24.52000;25.30000;97575100
2020-06-03;24.40000;24.87000;24.34000;24.76000;77622900
2020-06-02;23.89000;24.040001;23.70000;23.87000;52572800
2020-06-01;23.5;23.79000;23.34000;23.68000;52619200
2020-05-29;23.40000;23.62000;23.17000;23.41000;86969000
2020-05-28;24.33000;24.34000;23.61000;23.68000;101590100
2020-05-27;24.090000;24.10000;23.54000;24.059999;121521200
2020-05-26;22.75;23.30000;22.73000;23.059999;108349200
2020-05-22;21.99000;22.020000;21.70000;21.92000;37584500
2020-05-21;22;22.21000;21.88000;22;49939900
2020-05-20;21.95000;22.20000;21.93000;22.070000;50402600
2020-05-19;22;22.11000;21.58000;21.59000;56673200
2020-05-18;21.83000;22.30000;21.68000;22.13000;79548500
2020-05-15;20.99000;21.23000;20.80000;21.049999;70285000
2020-05-14;20.30000;21.21000;20.090000;21.19000;103763100
2020-05-13;21.11000;21.14000;20.5;20.66000;86848300
2020-05-12;21.95000;22.030001;21.27000;21.29000;62202700
2020-05-11;21.98000;22.049999;21.74000;21.86000;54994900
2020-05-08;22.24000;22.32000;22.010000;22.29000;42218300
2020-05-07;21.60000;22.18000;21.60000;21.82000;61339000
2020-05-06;21.99000;22.049999;21.30000;21.32000;63738400
2020-05-05;22.16000;22.28000;21.79000;21.79000;65123000
2020-05-04;21.77000;21.89000;21.44000;21.86000;50177200
2020-05-01;22.25;22.31000;21.91000;22.059999;37534300
2020-04-30;22.91000;23.16000;22.68000;22.79000;56745700
2020-04-29;23.42000;23.66000;23.18000;23.38000;70064400
2020-04-28;23.16000;23.33000;22.67000;22.72000;46452300
2020-04-27;21.96000;22.60000;21.92000;22.48000;109435100
2020-04-24;21.66000;21.83000;21.33000;21.74000;33825300
2020-04-23;21.58000;21.86000;21.40000;21.43000;71740200
2020-04-22;21.73000;21.79000;21.47000;21.52000;47507800
2020-04-21;21.33000;21.71000;21.21000;21.29000;71957900
2020-04-20;21.95000;22.36000;21.75;22;59063100
2020-04-17;22.10000;22.52000;21.92000;22.39000;88698600
2020-04-16;21.60000;21.64000;21.059999;21.27000;68907600
2020-04-15;21.73000;21.86000;21.54000;21.65000;63482000
2020-04-14;23.070000;23.14000;22.21000;22.63000;96169000
2020-04-13;23.31000;23.33000;22.33000;22.53000;66236300
2020-04-09;22.77000;23.66000;22.73000;23.38000;147845500
2020-04-08;21.58000;22.33000;21.34000;22.19000;80003400
2020-04-07;22.20000;22.22000;21.25;21.26000;70950900
2020-04-06;20.62000;21.22000;20.47000;21.049999;69015100
2020-04-03;19.85000;20.14000;19.36000;19.64000;68418100
2020-04-02;19.43000;20.20000;19.36000;20.040001;68398300
2020-04-01;19.72000;19.94000;19.37000;19.55000;79185000
2020-03-31;21.21000;21.45000;20.64000;20.82000;83819900
2020-03-30;21.040001;21.53000;20.60000;21.41000;67297200
2020-03-27;20.79000;21.67000;20.55000;21.010000;109305600
2020-03-26;20.66000;21.82000;20.63000;21.67000;129753900
2020-03-25;20.14000;21.23000;19.39000;20.39000;162949600
2020-03-24;18.71000;19.96000;18.58000;19.85000;158551100
2020-03-23;18.44000;18.60000;17.49000;17.66000;144547900
2020-03-20;19.82000;19.92000;18.67000;18.91000;157840900
2020-03-19;18.79000;19.89000;18.11000;19.61000;105652800
2020-03-18;19.65000;20.049999;18.28000;19.19000;145056400
2020-03-17;20.35000;21.19000;19.54000;20.97000;122295100
2020-03-16;19.35000;21.34000;18.93000;19.89000;110661600
2020-03-13;21.90000;23.090000;20.90000;23.049999;160945700
2020-03-12;20.94000;22.21000;20.30000;20.37000;161437500
2020-03-11;23.41000;23.65000;22.52000;22.84000;146915400
2020-03-10;23.87000;24.17000;22.84000;24.15000;149282300
2020-03-09;23;23.88000;22.52000;22.81000;134165700
2020-03-06;25.25;25.84000;25.030001;25.55000;160606600
2020-03-05;26.87000;26.94000;26.15000;26.45000;130265700
2020-03-04;27.26000;27.80000;26.80000;27.79000;124408000
2020-03-03;27.86000;28.25;26.63000;26.90000;256525000
2020-03-02;26.64000;27.95000;26.36000;27.95000;127115500
2020-02-28;26.40000;26.85000;25.97000;26.59000;192063500
2020-02-27;27.94000;28.39000;27.31000;27.33000;143536200
2020-02-26;28.95000;29.22000;28.55000;28.55000;95015700
2020-02-25;29.78000;29.84000;28.62000;28.76000;111826900
2020-02-24;29.80000;30.059999;29.63000;29.77000;70455400
2020-02-21;30.92000;30.99000;30.60000;30.77000;51128200
2020-02-20;31.020000;31.28000;30.86000;31.070000;50344300
2020-02-19;31.010000;31.21000;30.97000;31.13000;25643300
2020-02-18;31.080000;31.16000;30.72000;30.90000;37768900
2020-02-14;31.10000;31.19000;31.020000;31.17000;22080200
2020-02-13;31.040001;31.20000;30.95000;31.13000;22758700
2020-02-12;31.28000;31.38000;31.10000;31.14000;26964200
2020-02-11;31.090000;31.26000;31.090000;31.12000;27997400
2020-02-10;30.82000;31.010000;30.81000;31.010000;17723700
2020-02-07;30.86000;31.010000;30.79000;30.92000;27982500
2020-02-06;31.24000;31.27000;30.97000;31.030001;37044400
2020-02-05;30.87000;31.10000;30.80000;31.070000;51086900
2020-02-04;30.58000;30.75;30.45000;30.46000;79273300
2020-02-03;30.17000;30.47000;30.15000;30.17000;40168200
2020-01-31;30.34000;30.38000;29.85000;29.96000;58958800
2020-01-30;29.95000;30.62000;29.93000;30.60000;51210000
2020-01-29;30.37000;30.48000;30.17000;30.22000;41167500
2020-01-28;30.080000;30.40000;30.030001;30.27000;34257900
2020-01-27;29.79000;30.059999;29.75;29.92000;50289300
2020-01-24;30.79000;30.79000;30.20000;30.39000;58924900
2020-01-23;30.70000;30.85000;30.49000;30.78000;43072300
2020-01-22;30.87000;30.94000;30.82000;30.86000;27391000
2020-01-21;30.88000;31.020000;30.77000;30.77000;41276500
2020-01-17;31.030001;31.10000;30.91000;31.030001;38819400
2020-01-16;30.82000;30.94000;30.75;30.94000;34444000
2020-01-15;30.69000;30.79000;30.57000;30.67000;41457300
2020-01-14;30.90000;31.080000;30.80000;30.84000;37575400
2020-01-13;30.76000;30.93000;30.68000;30.90000;27542700
2020-01-10;30.94000;30.95000;30.65000;30.69000;33458200
2020-01-09;30.95000;30.98000;30.83000;30.92000;27705300
2020-01-08;30.56000;30.90000;30.56000;30.73000;47966600
2020-01-07;30.66000;30.71000;30.53000;30.53000;39627500
2020-01-06;30.47000;30.75;30.46000;30.73000;27956100
2020-01-03;30.68000;30.88000;30.59000;30.75;51363600
2020-01-02;30.89000;31.080000;30.80000;31.080000;28843300


### XLI
datetime;open;high;low;close;volume
2025-12-30;156.89000;157.070007;156.39000;156.42000;3810500
2025-12-29;156.91000;157.57001;156.53000;156.87000;4455400
2025-12-26;157.36000;157.42000;156.78999;157.21001;4155300
2025-12-24;156.99001;157.69000;156.80000;157.5;2238500
2025-12-23;157.020004;157.37000;156.67999;156.99001;5044600
2025-12-22;156.070007;157.17999;155.71001;157.050003;5369000
2025-12-19;154.69000;156.12000;154.59000;155.86000;6957800
2025-12-18;154.89000;155.78000;154.059998;154.53000;10021200
2025-12-17;155.77000;156.45000;153.37000;153.53000;11612500
2025-12-16;156.85001;157.28999;155.41000;156.059998;10277500
2025-12-15;157.58000;157.74001;156.61000;156.99001;10889500
2025-12-12;158.22000;158.46001;156.25999;156.74001;12062900
2025-12-11;155.89999;157.88000;155.75999;157.73000;9999300
2025-12-10;154.080002;156.72000;153.84000;156.059998;13463300
2025-12-09;154;155.020004;153.19000;153.25999;7375100
2025-12-08;154.77000;155.0099945;154.020004;154.39000;6721600
2025-12-05;155.029999;155.33000;154.11000;154.58000;8228800
2025-12-04;154.28999;155.47000;154.11000;155.0099945;9249400
2025-12-03;152.94000;154.25;152.55000;154.21001;9128800
2025-12-02;152.24001;153.21001;151.69000;152.75999;9712300
2025-12-01;152.53999;153.0099945;151.37000;151.44000;10704600
2025-11-28;153.059998;153.86000;152.77000;153.69000;3507600
2025-11-26;152.029999;153.57001;151.89999;152.80000;10206200
2025-11-25;150.36000;152.17999;149.31000;151.92000;13636100
2025-11-24;149.82001;150.61000;148.92999;150;12658900
2025-11-21;148.48000;150.28999;147.14000;149.63000;20982900
2025-11-20;152.35001;152.72000;147.72000;147.83000;27790800
2025-11-19;150;150.86000;149.60001;150.35001;12575500
2025-11-18;149.86000;150.75999;149.10001;149.85001;19820200
2025-11-17;152.0099945;152.28999;149.88000;150.52000;15294100
2025-11-14;151.14999;152.88000;150.78999;152.0099945;13433100
2025-11-13;154.32001;154.83000;151.67999;152;15475400
2025-11-12;154.52000;155.53999;154.28999;154.39000;9583300
2025-11-11;154.21001;154.69000;153.35001;154.24001;8652400
2025-11-10;154;154.63000;152.53000;154.20000;10900400
2025-11-07;152.029999;153.55000;151.14000;153.33000;13518600
2025-11-06;153.25;153.77000;152.21001;152.59000;11735400
2025-11-05;152.21001;154.039993;152.029999;153.20000;11121900
2025-11-04;152.75999;153;151.81000;152.61000;13391600
2025-11-03;155.050003;155.050003;153.25;154.39999;9797400
2025-10-31;154.5;155.63000;154.28999;155.059998;10414800
2025-10-30;154.49001;156.99001;154.31000;154.69000;11840000
2025-10-29;154.80000;156.27000;154.35001;155.080002;16439600
2025-10-28;155.89999;156.28999;154.66000;154.67999;9022200
2025-10-27;155.97000;156.050003;155.089996;155.78999;5828900
2025-10-24;156;156.039993;154.84000;154.91000;7502400
2025-10-23;153.20000;155.0099945;153.20000;154.78000;8035200
2025-10-22;155.22000;155.46001;152.41000;152.87000;13612300
2025-10-21;153.82001;155.64999;153.72000;154.88000;11589400
2025-10-20;152.53999;153.85001;152.48000;153.52000;8192600
2025-10-17;151.44000;152.35001;150.99001;151.73000;10806300
2025-10-16;153.050003;153.31000;150.84000;151.60001;13796400
2025-10-15;153.78999;154.64999;151.25999;152.60001;10338300
2025-10-14;150.080002;153.92999;149.98000;153.24001;11015600
2025-10-13;151;152.039993;150.69000;151.46001;11014200
2025-10-10;153.70000;154.20000;149.89000;149.89999;24285300
2025-10-09;155.75;155.94000;153.070007;153.28999;9751200
2025-10-08;154.64000;155.82001;153.96001;155.59000;9686000
2025-10-07;155.36000;155.77000;153.89999;154.25;11204100
2025-10-06;154.91000;155.44000;154.17000;155.13000;6861000
2025-10-03;154.41000;155.41000;153.94000;154.41000;7430000
2025-10-02;153.96001;154.80000;153.28000;154.20000;8495400
2025-10-01;153.48000;154.11000;153.11000;153.80000;8753400
2025-09-30;152.87000;154.38000;152.84000;154.23000;8211200
2025-09-29;153.77000;153.92000;152.53000;153.050003;7177600
2025-09-26;152.059998;153.21001;152.020004;152.58000;6958900
2025-09-25;151.74001;151.77000;150.62000;151.22000;7145800
2025-09-24;153.37000;153.70000;152.22000;152.25;5938400
2025-09-23;153.35001;154.25999;152.42999;153.039993;8589300
2025-09-22;152;153.24001;151.69000;153;5688500
2025-09-19;153.25;153.46001;151.91000;153.12000;8778300
2025-09-18;151.50999;153.10001;151.19000;152.75;13071800
2025-09-17;151.89000;152.70000;150.14999;151.14000;12549500
2025-09-16;152.50999;152.67999;151.34000;151.83000;10336100
2025-09-15;151.92999;152.67999;151.70000;152.28000;9412900
2025-09-12;152.48000;152.84000;151.49001;151.58000;8907500
2025-09-11;151.44000;153.27000;151.22000;152.80000;17820600
2025-09-10;150.5;151.84000;150.47000;151.36000;16515000
2025-09-09;151;151.0099945;149.32001;150.25;12179400
2025-09-08;151.13000;151.53999;150.11000;151.27000;11647200
2025-09-05;151.75;152.080002;149.39999;150.92999;16781000
2025-09-04;150.080002;151.52000;149.67999;151.49001;10148800
2025-09-03;150.52000;150.62000;149.10001;149.80000;12036200
2025-09-02;150.42000;150.72000;149.61000;150.56000;9798600
2025-08-29;153.19000;153.31000;151.41000;152.0099945;8806100
2025-08-28;153.64999;153.75;152.84000;153.42000;7166700
2025-08-27;153.10001;153.39999;152.85001;153.14999;5876400
2025-08-26;151.67000;153.32001;151.61000;153.17000;6927500
2025-08-25;152.88000;153.39000;151.59000;151.61000;6869000
2025-08-22;151.5;154.20000;151.45000;153.14000;9298800
2025-08-21;151;151.39000;150.42000;150.67999;7679600
2025-08-20;151.20000;151.57001;150.27000;151.22000;9549500
2025-08-19;151.20000;152.30000;150.75;151.36000;9035200
2025-08-18;150.45000;151.19000;150.30000;151.029999;7342100
2025-08-15;150.98000;151.25999;150.33000;150.44000;8796000
2025-08-14;151.45000;151.89999;150.85001;151.13000;9516400
2025-08-13;152.33000;152.57001;150.74001;152.48000;12786800
2025-08-12;150.97000;151.96001;150.67999;151.89999;9518300
2025-08-11;150.85001;150.94000;149.98000;150.34000;9643500
2025-08-08;151.14999;151.78999;150.44000;150.83000;9124700
2025-08-07;151.78000;151.84000;149.78999;150.71001;11095100
2025-08-06;150.95000;151.25;149.81000;150.92999;10736700
2025-08-05;150.89000;151.60001;149.78000;150.81000;12724800
2025-08-04;150.25999;151.25999;150.12000;151.12000;11355600
2025-08-01;149.95000;150.35001;148.13000;149.74001;19191700
2025-07-31;151.50999;153.070007;151.50999;152.0099945;16520400
2025-07-30;152.53999;152.84000;151.28999;152;13795300
2025-07-29;154.55000;154.60001;152.24001;152.75;13546500
2025-07-28;155.070007;155.14999;154.070007;154.50999;9214700
2025-07-25;153.94000;155.059998;153.36000;154.99001;9376600
2025-07-24;153.57001;154.59000;153.050003;153.47000;11695600
2025-07-23;152.28000;153.81000;152.039993;153.73000;14747300
2025-07-22;150.13000;151.32001;149.71001;151.020004;15053900
2025-07-21;151.92999;152.039993;150.60001;150.66000;10089300
2025-07-18;152.27000;152.48000;150.78999;151.46001;10201800
2025-07-17;150.98000;151.98000;150.81000;151.80000;13374200
2025-07-16;150.30000;150.52000;148.39000;150.41000;9998300
2025-07-15;151.48000;151.48000;149.86000;149.88000;10278700
2025-07-14;150.19000;151.14000;149.89999;151.0099945;9069900
2025-07-11;149.99001;150.61000;149.62000;150.20000;7065200
2025-07-10;150.070007;151.25999;150.0099945;150.74001;12385600
2025-07-09;149.87000;150.039993;148.89999;149.89999;10173600
2025-07-08;148.91000;149.31000;148.14000;148.86000;10845500
2025-07-07;149.39999;149.82001;147.87000;148.89999;10687700
2025-07-03;148.67000;149.53999;148.55000;149.42000;4864900
2025-07-02;147.78999;148.16000;147.30000;148.16000;11061700
2025-07-01;147.16000;148.36000;146.91000;148.0099945;13189100
2025-06-30;147.059998;147.73000;146.58000;147.52000;10914600
2025-06-27;145.75999;147.42999;145.42999;146.78999;13380900
2025-06-26;144.41000;145.50999;144.10001;145.34000;9728300
2025-06-25;145.16000;145.24001;143.46001;143.78000;9751600
2025-06-24;144.63000;145.30000;143.82001;145.059998;11518200
2025-06-23;142.20000;143.94000;141.28000;143.86000;15902400
2025-06-20;143.080002;143.42000;141.89000;142.37000;13985200
2025-06-18;142.69000;143.66000;142.12000;142.21001;14008800
2025-06-17;143.10001;143.58000;142.35001;142.55000;12654200
2025-06-16;143.5;144.53000;143.33000;143.63000;13711000
2025-06-13;142.84000;143.92000;142.22000;142.64999;14060500
2025-06-12;143.12000;143.98000;142.96001;143.86000;13097400
2025-06-11;144.30000;144.69000;142.84000;144.24001;15837000
2025-06-10;145.080002;145.080002;143.41000;144.17000;15625600
2025-06-09;145.31000;145.52000;144.50999;144.80000;9162800
2025-06-06;145;145.56000;144.47000;144.92999;11289200
2025-06-05;144.27000;144.35001;143.17000;143.72000;13814300
2025-06-04;144.089996;144.57001;143.81000;143.82001;7975800
2025-06-03;142.61000;143.83000;142.55000;143.74001;10896800
2025-06-02;142.63000;142.70000;140.84000;142.64000;12641300
2025-05-30;142.59000;143.32001;141.56000;142.82001;14254700
2025-05-29;143.19000;143.28999;141.72000;142.73000;12106600
2025-05-28;143.53000;143.78999;142.39999;142.60001;9058300
2025-05-27;142.49001;143.42999;141.70000;143.31000;11862100
2025-05-23;139.69000;141.34000;139.63000;140.83000;8233100
2025-05-22;141.059998;142.16000;140.53000;141.28999;8993200
2025-05-21;142.98000;143.39000;141.11000;141.32001;9600200
2025-05-20;143.69000;144.46001;143.19000;143.75;6825700
2025-05-19;142.39000;144.39000;142.39000;144.27000;5459200
2025-05-16;142.38000;143.78000;141.91000;143.78000;5384200
2025-05-15;141;142.38000;140.80000;142.16000;5761900
2025-05-14;141.19000;141.42000;140.20000;140.60001;6517700
2025-05-13;140.75;142.17999;140.59000;141.28000;9795200
2025-05-12;140.31000;140.35001;138.98000;140.30000;8321800
2025-05-09;136.27000;136.56000;135.20000;136.11000;4541200
2025-05-08;135.19000;137.35001;134.94000;136;7914800
2025-05-07;133.87000;134.74001;133.42000;134.14999;5304600
2025-05-06;133.24001;134.23000;132.96001;133.47000;5404100
2025-05-05;133.75999;135.45000;133.67000;134.64999;4523400
2025-05-02;133.89000;135.11000;133.70000;134.58000;7227600
2025-05-01;131.78000;133.16000;131.25;132.21001;9338700
2025-04-30;129.41000;131.59000;127.85000;131.22000;7532300
2025-04-29;129.050003;130.53999;128.94000;130.28000;5040600
2025-04-28;129.23000;130.30000;128.22000;129.44000;6202200
2025-04-25;128.71001;129.5;128.10001;129.0099945;5826900
2025-04-24;126.14000;129.25999;125.76000;129.020004;7145400
2025-04-23;128.029999;129.13000;125.82000;126.19000;9718300
2025-04-22;123.49000;125.18000;123.12000;124.63000;7493200
2025-04-21;124.089996;124.35000;121.14000;122.49000;9083500
2025-04-17;124.71000;126.49000;124.67000;125.30000;7849900
2025-04-16;125.74000;126.43000;123.64000;124.62000;8043500
2025-04-15;126.77000;127.81000;126.16000;126.35000;6230200
2025-04-14;127.19000;127.82000;125.92000;126.98000;8060500
2025-04-11;123.21000;126.32000;121.99000;125.67000;13750300
2025-04-10;124.46000;124.98000;119.91000;123.49000;26234000
2025-04-09;115.23000;127.55000;115.23000;126.76000;36610700
2025-04-08;121.040001;121.67000;114.64000;116.42000;21272000
2025-04-07;114.65000;121.80000;112.75;117.39000;42518300
2025-04-04;122.25;122.68000;117.79000;117.94000;28516400
2025-04-03;128.59000;129.71001;125.76000;125.85000;15962200
2025-04-02;130.31000;133.50999;130.25999;133.050003;6398000
2025-04-01;130.77000;132.089996;129.64999;131.81000;8722200
2025-03-31;129.14000;131.85001;128.42000;131.070007;9650200
2025-03-28;132.45000;132.80000;130.080002;130.14999;10196800
2025-03-27;133.56000;134.0099945;132.27000;132.89000;8414000
2025-03-26;134.70000;135.38000;133.20000;133.60001;6899300
2025-03-25;134.56000;134.94000;133.84000;134.49001;5337100
2025-03-24;133.42999;134.52000;133.10001;134.28999;8446800
2025-03-21;131.81000;132.41000;130.98000;132.25;10036500
2025-03-20;132.57001;133.94000;132.32001;132.96001;8078300
2025-03-19;132.31000;134.39000;132.14999;133.63000;8274900
2025-03-18;132.38000;132.58000;131.13000;131.88000;8051800
2025-03-17;130.94000;133.55000;130.80000;132.94000;6918300
2025-03-14;130.0099945;131.38000;129.47000;131.13000;8920000
2025-03-13;129.80000;130.39999;128.25999;128.78000;10596900
2025-03-12;131.31000;131.49001;128.99001;130.11000;12728100
2025-03-11;131.85001;132.020004;129.42000;130.12000;13176800
2025-03-10;132.53999;134.080002;131.10001;132.14999;15123900
2025-03-07;131.95000;134.60001;131.53000;134.25;17504500
2025-03-06;132.47000;133.60001;131.74001;132.70000;12029100
2025-03-05;132.24001;134.39999;132.10001;133.85001;12117600
2025-03-04;132.91000;134;130.78999;131.77000;15191300
2025-03-03;137.12000;137.64000;133.67000;134.39000;12683000
2025-02-28;134.89999;136.46001;134.24001;136.33000;9888000
2025-02-27;135.31000;136.42999;134.35001;134.53000;9624600
2025-02-26;135.61000;136.36000;134.82001;135;8330400
2025-02-25;134.24001;135.39999;133.49001;134.92000;9898500
2025-02-24;135.36000;135.60001;134.050003;134.23000;10876100
2025-02-21;138;138;134.31000;134.84000;14561200
2025-02-20;138.61000;138.63000;136.87000;137.86000;9306700
2025-02-19;138.28999;139.080002;138.070007;138.77000;9454100
2025-02-18;138.020004;138.89000;137.88000;138.63000;7226600
2025-02-14;138.080002;138.25;137.39000;137.55000;5800000
2025-02-13;137.74001;138.25;137.31000;137.89000;8539100
2025-02-12;136.63000;138.24001;136.41000;137.75;7694300
2025-02-11;138.10001;138.67999;137.70000;138.61000;5787700
2025-02-10;138.22000;138.61000;137.63000;138.56000;5446400
2025-02-07;138.37000;138.53999;137.050003;137.33000;10408900
2025-02-06;137.39000;137.88000;136.78999;137.74001;7368300
2025-02-05;137.5;137.74001;136.16000;137.12000;8179200
2025-02-04;137.11000;137.75;136.72000;137.020004;7577200
2025-02-03;135.92999;137.97000;135.33000;136.98000;13906700
2025-01-31;139.28999;139.74001;138.19000;138.35001;10145800
2025-01-30;137.59000;139.59000;137.59000;139.33000;8169600
2025-01-29;138.35001;139.23000;137.71001;137.78999;9100900
2025-01-28;139.50999;139.63000;137.85001;138.25999;8900000
2025-01-27;138.92999;139.50999;138.5;139.17999;10909300
2025-01-24;141.60001;141.64999;140.78999;141.070007;6457700
2025-01-23;141.14000;141.89999;140.56000;141.67000;7353400
2025-01-22;141.020004;141.17000;140.19000;140.25;7206000
2025-01-21;138.96001;140.58000;138.96001;140.58000;12177700
2025-01-17;137.81000;138.25999;137.21001;137.75;6869200
2025-01-16;135.66000;137.13000;135.50999;136.92999;6556500
2025-01-15;136.42999;136.64000;135.039993;135.28999;9184200
2025-01-14;133.81000;134.64000;133.21001;134.44000;6746700
2025-01-13;130.59000;132.95000;130.45000;132.87000;8365400
2025-01-10;132.13000;132.25;131.050003;131.33000;9997300
2025-01-08;132.050003;132.95000;131.25;132.82001;8277600
2025-01-07;132.73000;133.16000;131.85001;132.30000;6841200
2025-01-06;133.39999;133.82001;132.19000;132.42999;6899500
2025-01-03;131.75999;133;131.33000;132.72000;7676100
2025-01-02;132.73000;132.95000;130.71001;131.30000;7227600
2024-12-31;132.33000;132.53000;131.36000;131.75999;6009800
2024-12-30;131.81000;132.53999;130.64000;131.92000;8725500
2024-12-27;133.49001;134.25999;132.49001;133.25999;6060000
2024-12-26;133.85001;134.59000;133.50999;134.25999;4749500
2024-12-24;132.98000;134.22000;132.73000;134.16000;2972900
2024-12-23;132.99001;133.32001;132.0099945;133.12000;8022300
2024-12-20;132.14000;134.81000;131.81000;133.82001;11849600
2024-12-19;133.080002;134.050003;132.22000;132.27000;12507400
2024-12-18;136.48000;136.78999;132.35001;132.44000;13428100
2024-12-17;136.96001;137.27000;135.97000;136.28999;6861700
2024-12-16;137.58000;138.059998;137.11000;137.55000;6573400
2024-12-13;137.95000;138.10001;137.28999;137.42999;6709900
2024-12-12;138.75;138.95000;137.72000;137.78999;7081600
2024-12-11;139.72000;139.92999;138.62000;138.67999;6168900
2024-12-10;139.17000;139.52000;138.19000;139;7382800
2024-12-09;140.59000;140.75;139.25999;139.34000;7434200
2024-12-06;141.34000;141.66000;140.33000;140.56000;5432800
2024-12-05;142.64999;142.77000;140.89000;140.92000;5233900
2024-12-04;142.050003;142.66000;141.66000;142.64999;5727700
2024-12-03;142.98000;143.22000;141.56000;142.029999;4528000
2024-12-02;143.89999;144.11000;142.74001;142.92999;6217500
2024-11-29;143.39999;144.25999;143.39999;143.99001;3091500
2024-11-27;144.14999;144.50999;143.14000;143.17999;5561100
2024-11-26;143.37000;143.97000;142.83000;143.71001;6524900
2024-11-25;143.38000;143.92999;142.92000;143.53999;7411700
2024-11-22;141.059998;142.69000;140.92999;142.64999;7924300
2024-11-21;139.62000;141.17999;139.080002;140.69000;9677300
2024-11-20;139.13000;139.28000;137.92999;138.95000;6527600
2024-11-19;138.059998;139.16000;137.82001;138.80000;5554700
2024-11-18;139.089996;139.49001;138.58000;138.92000;6414200
2024-11-15;139.37000;140.21001;138.75;139.11000;6628500
2024-11-14;142.12000;142.31000;139.71001;139.86000;9977100
2024-11-13;142.11000;143.059998;142.070007;142.25999;6033400
2024-11-12;143.53000;143.67000;141.38000;141.96001;7161100
2024-11-11;142.89000;143.72000;142.86000;143.19000;8237000
2024-11-08;140.99001;142.53000;140.72000;142.089996;8270000
2024-11-07;141.83000;141.89000;140.39000;140.58000;10062400
2024-11-06;140.67000;141.67999;139.17000;141.42999;17738800
2024-11-05;134.33000;136.13000;133.99001;136.10001;7469400
2024-11-04;134.14999;134.88000;133.49001;133.86000;6744400
2024-11-01;134.50999;135.24001;133.98000;134.0099945;7482300
2024-10-31;134.32001;134.67000;133.41000;133.83000;16640000
2024-10-30;135.020004;136.12000;134.78999;135.39000;10469000
2024-10-29;135.39000;136.14999;134.59000;135.62000;11192300
2024-10-28;136.080002;136.39999;135.75999;135.80000;7132200
2024-10-25;136.38000;136.75;135.12000;135.39999;6399300
2024-10-24;136.49001;136.49001;135.37000;135.75999;6720400
2024-10-23;136.96001;137.53999;136;136.70000;8480700
2024-10-22;138.17000;138.28000;136.39000;137.10001;8579700
2024-10-21;139.25;139.45000;138.22000;138.78000;5216700
2024-10-18;139.21001;139.33000;138.42999;139.27000;4782100
2024-10-17;139.27000;139.47000;138.60001;138.85001;5065100
2024-10-16;138.39999;139.55000;138.34000;139.25;8207800
2024-10-15;139.39999;139.77000;138.059998;138.17999;7808900
2024-10-14;138.39000;139.32001;137.85001;139.25;6817400
2024-10-11;136.49001;138.47000;136.49001;138.42000;8764800
2024-10-10;136.14999;136.37000;135.53000;135.99001;5495600
2024-10-09;135.49001;136.78000;135.30000;136.69000;5064800
2024-10-08;135.70000;135.89999;134.96001;135.48000;4980600
2024-10-07;134.84000;135.74001;134.50999;135.17999;5737800
2024-10-04;135.63000;135.92000;134.27000;135.50999;5797100
2024-10-03;134.87000;135.25999;134.070007;134.57001;6361400
2024-10-02;135.25999;135.78000;134.69000;135.25999;5189700
2024-10-01;135.37000;136.16000;134.28999;135.50999;9398600
2024-09-30;134.83000;135.57001;134.039993;135.44000;5321200
2024-09-27;135.050003;135.70000;134.62000;134.83000;5859200
2024-09-26;135.059998;135.47000;134.47000;134.64000;6620700
2024-09-25;135.0099945;135.14999;133.87000;133.97000;4422400
2024-09-24;134.0099945;134.64000;133.70000;134.60001;7507900
2024-09-23;133.25999;133.85001;132.75999;133.64000;8284000
2024-09-20;133.080002;133.46001;132.44000;133.17999;10907500
2024-09-19;134.0099945;134.37000;132.97000;134.12000;8957800
2024-09-18;132.17000;133.67000;131.64999;131.85001;9191600
2024-09-17;131.5;132.42999;131.22000;131.96001;7820700
2024-09-16;131.14000;132.029999;130.45000;131.24001;6400800
2024-09-13;129.82001;131.059998;129.56000;130.57001;7913800
2024-09-12;128.30000;129.27000;127.59000;129.25999;7012600
2024-09-11;127.73000;128.42999;125.11000;128.27000;7969700
2024-09-10;128.32001;128.32001;126.97000;128.039993;6270200
2024-09-09;126.96000;128.33000;126.92000;127.82000;7283100
2024-09-06;127.34000;128.27000;125.64000;125.89000;9567300
2024-09-05;128.41000;128.56000;126.47000;127.18000;8044500
2024-09-04;128.47000;129.46001;128.19000;128.67999;7809700
2024-09-03;130.81000;131.020004;128.059998;128.55000;9332600
2024-08-30;130.53000;131.59000;129.59000;131.46001;8347900
2024-08-29;129.75999;131.20000;129.10001;130.070007;8226000
2024-08-28;129.28000;129.95000;128.50999;129.16000;4336300
2024-08-27;128.95000;129.28999;128.50999;129.22000;4000900
2024-08-26;129.56000;130;128.87000;129.14000;6226600
2024-08-23;128.44000;129.58000;128.19000;129.28000;5888000
2024-08-22;128.38000;128.67000;127.60000;128;6355600
2024-08-21;127.69000;128.38000;127.54000;128.16000;4989200
2024-08-20;127.68000;127.85000;127.010002;127.39000;6443300
2024-08-19;127.080002;127.78000;126.94000;127.74000;3482900
2024-08-16;126.99000;127.33000;126.41000;126.97000;5448600
2024-08-15;126.65000;127.51000;126.30000;127.15000;5717400
2024-08-14;124.91000;125.68000;124.84000;125.46000;5506400
2024-08-13;124.23000;125.050003;123.34000;124.95000;7808300
2024-08-12;124.29000;124.48000;123.25;123.65000;5733400
2024-08-09;124.099998;124.53000;123;124.28000;5891400
2024-08-08;122.36000;124.35000;122.34000;124.26000;7976800
2024-08-07;123.20000;124.23000;121.39000;121.46000;8307700
2024-08-06;121.31000;123.78000;120.78000;122.050003;13732600
2024-08-05;120.38000;121.84000;119.17000;120.60000;20012000
2024-08-02;124.13000;124.35000;121.57000;122.73000;16916300
2024-08-01;127.54000;128.56000;124.73000;125.49000;17283200
2024-07-31;127.92000;129.070007;127.29000;127.86000;10947600
2024-07-30;126.62000;127.34000;125.94000;126.45000;7811200
2024-07-29;126.70000;126.70000;125.68000;126.080002;8946500
2024-07-26;125.60000;127.19000;125.39000;126.30000;10620800
2024-07-25;123.35000;126.099998;123.029999;124.18000;14738900
2024-07-24;125.28000;125.53000;123.070000;123.19000;11370800
2024-07-23;125.51000;126.59000;125.44000;125.90000;9432900
2024-07-22;125.46000;126.23000;124.48000;126.14000;8334900
2024-07-19;125.84000;126.099998;124.59000;124.87000;9955300
2024-07-18;126.54000;127.81000;125.38000;125.56000;9267900
2024-07-17;127.63000;127.90000;126.52000;126.55000;14511200
2024-07-16;125.44000;128.31000;125.43000;128.19000;15501400
2024-07-15;124.55000;125.66000;124.28000;125.070000;9680800
2024-07-12;124.18000;124.91000;123.87000;124.18000;10565200
2024-07-11;122.24000;123.91000;122.059998;123.47000;11113900
2024-07-10;121.010002;121.96000;120.76000;121.92000;6930900
2024-07-09;121.43000;121.62000;120.81000;120.84000;4617900
2024-07-08;121.56000;122.21000;121;121.37000;7405600
2024-07-05;121.63000;121.63000;120.25;121.22000;6367100
2024-07-03;121.36000;122.099998;121.15000;121.66000;5467700
2024-07-02;120.38000;121.26000;120.29000;121.22000;6789000
2024-07-01;122.44000;122.69000;120.29000;120.56000;10008500
2024-06-28;122.16000;122.96000;121.28000;121.87000;9796400
2024-06-27;121.81000;122.050003;121.38000;121.82000;4804100
2024-06-26;121.86000;121.88000;121.21000;121.69000;7350500
2024-06-25;122.97000;122.97000;121.45000;122.019997;11365600
2024-06-24;122.88000;124.21000;122.61000;123.070000;8650600
2024-06-21;123.21000;123.28000;121.92000;122.97000;8231000
2024-06-20;123.010002;123.56000;122.74000;123.23000;6350700
2024-06-18;122.46000;123.16000;122.23000;123.15000;8176500
2024-06-17;120.73000;122.69000;120.54000;122.49000;12522100
2024-06-14;121.33000;121.33000;119.66000;121.15000;15315800
2024-06-13;123;123.070000;121.34000;122.38000;8056100
2024-06-12;123.14000;123.89000;122.63000;123.17000;11106700
2024-06-11;122.050003;122.17000;121.20000;122.010002;11217000
2024-06-10;122.15000;122.88000;122.089996;122.71000;6642600
2024-06-07;121.89000;123.14000;121.58000;122.33000;7036200
2024-06-06;122.79000;123.089996;121.72000;122.20000;6523900
2024-06-05;122.16000;122.95000;121.44000;122.93000;8666000
2024-06-04;121.75;122.23000;121.010002;121.70000;10061500
2024-06-03;123.91000;123.96000;120.87000;122;15241000
2024-05-31;122.32000;123.56000;121.33000;123.51000;9703500
2024-05-30;121.36000;122.12000;121.33000;122.029999;7816300
2024-05-29;121.90000;121.99000;121.099998;121.20000;16725400
2024-05-28;124.41000;124.41000;122.53000;122.94000;8525400
2024-05-24;124.30000;124.73000;123.79000;124.46000;7556800
2024-05-23;125.61000;125.68000;123.60000;123.83000;9078200
2024-05-22;124.97000;125.63000;124.63000;125.31000;7910500
2024-05-21;125.34000;125.36000;124.84000;125.16000;6010000
2024-05-20;125.36000;126.029999;125.24000;125.57000;4337600
2024-05-17;125.29000;125.48000;124.71000;125.33000;5714100
2024-05-16;125.72000;125.96000;125.14000;125.19000;7135900
2024-05-15;125.78000;126.029999;125.56000;125.94000;8404100
2024-05-14;125.39000;125.61000;124.85000;125.12000;5105700
2024-05-13;125.96000;126.099998;125.080002;125.15000;5946900
2024-05-10;126.14000;126.22000;125.44000;125.68000;6038500
2024-05-09;124.59000;125.59000;124.45000;125.59000;6682000
2024-05-08;123.61000;124.52000;123.59000;124.35000;5062500
2024-05-07;124.24000;124.71000;124.029999;124.35000;5244200
2024-05-06;123.58000;124.11000;123.47000;124.010002;7157300
2024-05-03;123.070000;123.21000;122.20000;122.77000;9068500
2024-05-02;121.80000;122.16000;120.56000;121.92000;11999600
2024-05-01;121.33000;122.85000;120.92000;121.22000;15569500
2024-04-30;123.30000;123.48000;121.47000;121.52000;15475900
2024-04-29;122.91000;123.59000;122.87000;123.48000;6339800
2024-04-26;122.15000;123.029999;122.13000;122.66000;6958100
2024-04-25;121.41000;122.75;120.60000;122.46000;10321200
2024-04-24;122.96000;123.18000;121.070000;122.089996;11063800
2024-04-23;122.24000;123.24000;122.059998;123.070000;9870000
2024-04-22;121.20000;122.19000;120.63000;121.38000;10484900
2024-04-19;120.95000;121.62000;120.17000;120.47000;10832100
2024-04-18;121.69000;122.19000;120.51000;120.69000;9195800
2024-04-17;122.42000;122.45000;120.36000;121.11000;11084200
2024-04-16;121.98000;122.32000;121.12000;121.74000;11046200
2024-04-15;124.58000;124.76000;121.65000;122.019997;10374500
2024-04-12;123.45000;123.89000;122.38000;122.90000;11601700
2024-04-11;124.15000;124.74000;123.20000;124.23000;8228700
2024-04-10;123.61000;124.47000;123.18000;124.089996;14119500
2024-04-09;125.62000;125.96000;123.73000;125.16000;9042200
2024-04-08;125.85000;126.059998;125.36000;125.45000;6096100
2024-04-05;124.35000;126;124.29000;125.67000;10718300
2024-04-04;125.87000;126.39000;123.58000;123.95000;10659800
2024-04-03;124.32000;125.40000;124.32000;125.050003;7589900
2024-04-02;124.49000;124.90000;124.15000;124.41000;11049400
2024-04-01;126.089996;126.16000;124.91000;124.99000;6905300
2024-03-28;126.099998;126.29000;125.72000;125.96000;7287000
2024-03-27;124.75;125.95000;124.68000;125.94000;7162900
2024-03-26;124.40000;124.73000;123.90000;123.95000;7292700
2024-03-25;125.18000;125.27000;124.32000;124.40000;7658200
2024-03-22;126;126.099998;125.18000;125.21000;6771100
2024-03-21;124.99000;125.94000;124.79000;125.64000;9965100
2024-03-20;122.77000;124.59000;122.64000;124.41000;10400900
2024-03-19;121.93000;122.94000;121.86000;122.93000;8842400
2024-03-18;122.099998;122.38000;121.74000;121.88000;7178800
2024-03-15;121.53000;122.53000;121.47000;122.040001;10739900
2024-03-14;122.73000;122.86000;121.22000;122.019997;9684800
2024-03-13;122.019997;122.82000;122.019997;122.54000;8009300
2024-03-12;121.66000;122.33000;121.099998;122.21000;9125300
2024-03-11;121.92000;122.18000;120.82000;121.67000;9179300
2024-03-08;122.86000;123.5;121.96000;122.30000;10153000
2024-03-07;122.37000;122.73000;122.070000;122.57000;7936800
2024-03-06;121.44000;122.27000;121.31000;121.59000;8644800
2024-03-05;121.69000;122.019997;120.45000;120.96000;11999000
2024-03-04;121.52000;122.31000;121.52000;121.96000;11886600
2024-03-01;120.96000;121.59000;120.61000;121.52000;10782400
2024-02-29;121;121.27000;120.41000;121;9662100
2024-02-28;120.099998;120.94000;120;120.63000;8324000
2024-02-27;120.30000;120.34000;119.72000;120.22000;6275500
2024-02-26;120.21000;120.48000;119.91000;120.040001;7951300
2024-02-23;119.86000;120.48000;119.76000;120.22000;8757400
2024-02-22;118.82000;119.81000;118.74000;119.59000;10604300
2024-02-21;117.68000;118.18000;117.35000;118.13000;8873000
2024-02-20;117.62000;118.040001;117.38000;117.66000;7392100
2024-02-16;118.47000;118.86000;117.90000;118.029999;8740900
2024-02-15;118;118.81000;117.83000;118.74000;11644100
2024-02-14;116.81000;117.91000;116.68000;117.86000;11889500
2024-02-13;116.11000;116.14000;115.089996;115.92000;14054200
2024-02-12;116.88000;117.44000;116.77000;117.12000;8383200
2024-02-09;116.93000;116.96000;116.30000;116.95000;10106000
2024-02-08;117.029999;117.099998;116.29000;116.77000;8532300
2024-02-07;116.37000;117.099998;116.32000;116.75;7557100
2024-02-06;115.089996;116.040001;114.82000;115.98000;8722800
2024-02-05;115.12000;115.36000;114.30000;114.95000;9536700
2024-02-02;114.57000;116.080002;114.13000;115.58000;12827100
2024-02-01;113.60000;114.84000;112.98000;114.81000;13946100
2024-01-31;114.13000;114.34000;112.87000;112.89000;14462300
2024-01-30;113.36000;114.37000;113.36000;114.21000;8300000
2024-01-29;113.32000;114.18000;113.17000;114.17000;5849900
2024-01-26;113.73000;114.11000;113.11000;113.43000;7031100
2024-01-25;113.089996;113.63000;112.80000;113.61000;9898900
2024-01-24;113.69000;113.71000;112.47000;112.53000;9638600
2024-01-23;113.35000;113.72000;112.74000;113.23000;10275200
2024-01-22;112.84000;113.61000;112.84000;113.32000;9912900
2024-01-19;111.98000;112.74000;111.099998;112.45000;10355700
2024-01-18;110.64000;111.90000;110.5;111.72000;9060600
2024-01-17;110.19000;110.94000;109.95000;110.23000;7604700
2024-01-16;111.55000;111.64000;110.61000;110.98000;10834200
2024-01-12;112.5;112.75;111.67000;112.11000;6631000
2024-01-11;112.41000;112.57000;111.20000;112.12000;9081700
2024-01-10;111.83000;112.52000;111.73000;112.38000;9109100
2024-01-09;111.40000;111.94000;110.99000;111.81000;8452000
2024-01-08;111.13000;112.16000;110.64000;112.16000;10855900
2024-01-05;111.22000;111.94000;111.029999;111.43000;7888100
2024-01-04;111.36000;112.24000;111.23000;111.30000;10715900
2024-01-03;112.22000;112.42000;111.089996;111.16000;18631200
2024-01-02;113.23000;113.94000;112.49000;112.84000;8558700
2023-12-29;113.98000;114.40000;113.51000;113.99000;7936300
2023-12-28;113.97000;114.37000;113.82000;114.13000;8240700
2023-12-27;113.91000;114.37000;113.72000;114.099998;5893900
2023-12-26;113.22000;114.20000;113.050003;113.93000;5181600
2023-12-22;112.82000;113.53000;112.68000;113.13000;5500100
2023-12-21;112.23000;112.64000;111.72000;112.59000;6962100
2023-12-20;112.46000;113.39000;111.37000;111.44000;8329600
2023-12-19;112.72000;113.39000;112.65000;113.27000;5249400
2023-12-18;112.68000;112.76000;112.28000;112.40000;6977200
2023-12-15;112.90000;113.38000;112.47000;113.019997;13800900
2023-12-14;112.5;113.44000;112.35000;113.17000;15473800
2023-12-13;110.5;111.94000;109.92000;111.73000;12976800
2023-12-12;110.16000;110.73000;109.80000;110.5;6524600
2023-12-11;109.24000;110.13000;109.18000;110;9380200
2023-12-08;108.66000;109.49000;108.62000;108.96000;7150000
2023-12-07;108.76000;108.94000;108.31000;108.62000;8457600
2023-12-06;108.53000;109.17000;108.35000;108.52000;8336300
2023-12-05;108.46000;108.63000;107.90000;108.040001;10056300
2023-12-04;107.89000;108.97000;107.89000;108.92000;11010900
2023-12-01;107.15000;108.81000;107.070000;108.74000;13279800
2023-11-30;106.089996;107.11000;105.76000;107.050003;14101600
2023-11-29;106.080002;106.42000;105.68000;105.89000;9101400
2023-11-28;105.89000;106.38000;105.34000;105.49000;7976000
2023-11-27;106;106.089996;105.58000;105.74000;9157900
2023-11-24;106.12000;106.54000;106.070000;106.34000;4439200
2023-11-22;105.82000;106.41000;105.61000;106.080002;9059700
2023-11-21;105.76000;106.050003;105.41000;105.85000;7676500
2023-11-20;105.5;106.21000;105.059998;105.93000;7338700
2023-11-17;105.47000;105.65000;105.14000;105.61000;8034400
2023-11-16;105.029999;105.52000;104.52000;104.94000;8611100
2023-11-15;104.99000;105.72000;104.84000;104.92000;8516300
2023-11-14;103.89000;105.12000;103.89000;104.70000;12873000
2023-11-13;102.31000;102.87000;102.13000;102.64000;6598000
2023-11-10;101.65000;102.66000;101.29000;102.55000;9576200
2023-11-09;101.95000;102.12000;100.90000;101.089996;12232900
2023-11-08;101.30000;101.63000;100.90000;101.31000;7494200
2023-11-07;100.64000;101.24000;100.40000;101.080002;7244500
2023-11-06;101.68000;101.73000;100.85000;101.33000;6899400
2023-11-03;101.63000;102.15000;101.55000;101.60000;10001200
2023-11-02;99.77000;100.81000;99.55000;100.71000;10739800
2023-11-01;98.46000;98.88000;97.79000;98.68000;14715300
2023-10-31;97.42000;98.47000;97.27000;98.36000;10540200
2023-10-30;97.080002;97.97000;96.71000;97.64000;11242700
2023-10-27;97.35000;97.51000;96.12000;96.44000;13062000
2023-10-26;97.77000;98.46000;97.24000;97.30000;15387400
2023-10-25;98.83000;98.92000;97.67000;97.71000;10996000
2023-10-24;99.49000;99.66000;98.53000;98.98000;9324300
2023-10-23;98.55000;99.62000;98.19000;98.24000;12076800
2023-10-20;99.84000;100.040001;98.66000;98.70000;13641000
2023-10-19;100.86000;101.45000;99.52000;99.73000;12535100
2023-10-18;102.47000;102.52000;100.49000;100.66000;13582700
2023-10-17;102.37000;103.82000;102.33000;103.15000;10707200
2023-10-16;102.67000;103.40000;102.28000;102.83000;8344100
2023-10-13;102.77000;103.15000;101.30000;101.75;9598000
2023-10-12;103.92000;103.92000;101.88000;102.66000;8102200
2023-10-11;103.25;103.65000;102.79000;103.60000;7806500
2023-10-10;102.77000;103.59000;102.36000;102.98000;9658200
2023-10-09;101.17000;102.48000;100.98000;102.36000;11059700
2023-10-06;99.040001;101.36000;98.69000;100.78000;13842700
2023-10-05;99.87000;100.13000;99.010002;99.42000;10336400
2023-10-04;99.66000;100.19000;98.91000;100.010002;11394500
2023-10-03;100.040001;100.78000;99.28000;99.69000;12055500
2023-10-02;101.089996;101.37000;99.93000;100.39000;11079200
2023-09-29;102.54000;102.63000;101.040001;101.38000;11041900
2023-09-28;101.42000;102.63000;101.29000;101.92000;9804800
2023-09-27;101.35000;101.81000;100.69000;101.49000;12676700
2023-09-26;101.64000;101.96000;100.62000;100.74000;11490500
2023-09-25;101.35000;102.34000;101.32000;102.30000;7355500
2023-09-22;101.95000;102.44000;101.74000;101.79000;10971200
2023-09-21;103.46000;103.5;102.099998;102.14000;8931200
2023-09-20;104.85000;105.33000;103.78000;103.84000;8286700
2023-09-19;104.43000;104.60000;103.5;104.25;7360600
2023-09-18;104.57000;105.29000;104.35000;104.69000;6446700
2023-09-15;105.21000;105.65000;104.70000;105;11446100
2023-09-14;105.22000;105.63000;104.99000;105.61000;10123900
2023-09-13;105.14000;105.48000;104.099998;104.58000;10646100
2023-09-12;105.12000;105.87000;105.010002;105.28000;8099500
2023-09-11;105.89000;106.099998;105.080002;105.66000;6308000
2023-09-08;106.20000;106.33000;105.41000;105.63000;6828700
2023-09-07;106.11000;106.62000;105.5;106.16000;7561200
2023-09-06;106.66000;107.31000;105.91000;106.51000;8586600
2023-09-05;108.61000;108.64000;106.93000;106.97000;8452200
2023-09-01;108.98000;109.14000;108.35000;108.80000;7034200
2023-08-31;108.90000;109.15000;108.21000;108.23000;5593400
2023-08-30;108.36000;109.080002;108.28000;108.72000;7849600
2023-08-29;107.33000;108.29000;107.010002;108.23000;9326500
2023-08-28;107.059998;107.77000;107.019997;107.41000;7673700
2023-08-25;106.20000;106.91000;105.31000;106.54000;13142500
2023-08-24;106.54000;107.30000;105.61000;105.65000;9483700
2023-08-23;105.86000;107.070000;105.86000;106.95000;7643300
2023-08-22;106.44000;106.70000;105.61000;105.86000;8152800
2023-08-21;106.22000;106.45000;105.36000;106.11000;6464700
2023-08-18;105.42000;106.58000;105.35000;106.24000;10762500
2023-08-17;107.32000;107.5;106.010002;106.040001;10867800
2023-08-16;107.34000;108.20000;106.85000;106.94000;10281000
2023-08-15;108.22000;108.34000;107.42000;107.54000;6911700
2023-08-14;108.81000;108.99000;108.5;108.93000;6113000
2023-08-11;108.48000;109.17000;108.42000;108.89000;5720300
2023-08-10;109.16000;109.95000;108.47000;108.71000;7259200
2023-08-09;109.080002;109.5;108.60000;109.010002;7881500
2023-08-08;108.90000;109.28000;108.16000;109.070000;7669100
2023-08-07;108.65000;109.72000;108.60000;109.57000;8462600
2023-08-04;109.32000;109.40000;108.070000;108.24000;10631100
2023-08-03;109.19000;109.45000;108.73000;108.90000;7991700
2023-08-02;110.12000;110.60000;109.40000;109.59000;9905900
2023-08-01;110.24000;111.12000;110.059998;110.75;9003600
2023-07-31;110.30000;110.59000;110;110.42000;6587200
2023-07-28;110.35000;110.37000;109.74000;110.16000;7466600
2023-07-27;110.47000;110.47000;109.20000;109.48000;11837800
2023-07-26;110.040001;110.54000;109.87000;110.43000;10555200
2023-07-25;108.81000;109.75;108.59000;109.66000;8768400
2023-07-24;109.51000;110.16000;109.44000;109.80000;6754800
2023-07-21;109.95000;110.19000;109.53000;109.55000;8993400
2023-07-20;109.76000;110.35000;109.37000;110.070000;10643900
2023-07-19;109.37000;109.90000;108.93000;109.58000;8563500
2023-07-18;109.070000;110;109.019997;109.63000;8098000
2023-07-17;108.42000;109.38000;108.17000;109.019997;6517700
2023-07-14;108.85000;108.89000;108.059998;108.61000;9288100
2023-07-13;108.89000;109.18000;108.48000;108.93000;8964900
2023-07-12;109.86000;109.88000;108.67000;108.79000;13492900
2023-07-11;107.96000;109.14000;107.93000;108.98000;10283200
2023-07-10;106.23000;107.71000;106.22000;107.71000;11765400
2023-07-07;105.65000;107.22000;105.62000;106.20000;9359300
2023-07-06;105.92000;106.29000;105.34000;105.96000;11209500
2023-07-05;106.68000;107.12000;106.41000;106.76000;9504700
2023-07-03;106.91000;107.55000;106.47000;107.34000;6786800
2023-06-30;107.059998;107.62000;106.60000;107.32000;11430800
2023-06-29;105.27000;106.44000;105.19000;106.41000;10236000
2023-06-28;105.42000;105.60000;105.029999;105.39000;7866600
2023-06-27;104.36000;105.51000;104.18000;105.39000;8210200
2023-06-26;103.24000;104.34000;103.11000;104.14000;7639200
2023-06-23;103.17000;103.68000;102.91000;103.28000;11246200
2023-06-22;104.43000;104.55000;103.89000;104.070000;11641800
2023-06-21;103.71000;105.13000;103.49000;104.83000;12206200
2023-06-20;104.36000;104.66000;103.84000;104.25;9527500
2023-06-16;105.95000;106.60000;105.29000;105.45000;14448400
2023-06-15;104.010002;105.83000;103.95000;105.62000;12776600
2023-06-14;104.62000;104.87000;103.60000;104.050003;14953600
2023-06-13;103.32000;104.42000;103.19000;104.33000;14474000
2023-06-12;102.5;103.31000;102.12000;103.13000;9905000
2023-06-09;102.69000;102.76000;101.73000;102.40000;9870800
2023-06-08;102.31000;102.91000;101.83000;102.67000;10074600
2023-06-07;100.93000;102.56000;100.58000;102.49000;13384300
2023-06-06;100;101.029999;99.91000;100.87000;10509400
2023-06-05;101.15000;101.15000;100.11000;100.24000;9655500
2023-06-02;99.12000;101.24000;99.059998;100.94000;21450800
2023-06-01;97.080002;98.31000;96.75;98.089996;12573600
2023-05-31;97.81000;97.95000;96.53000;96.85000;13021500
2023-05-30;98.48000;98.72000;97.70000;98.19000;9828300
2023-05-26;97.90000;98.72000;97.78000;98.34000;10790500
2023-05-25;97.36000;97.85000;96.74000;97.61000;14259300
2023-05-24;98.27000;98.30000;97.15000;97.29000;11654900
2023-05-23;99.32000;99.60000;98.39000;98.56000;11744600
2023-05-22;99.82000;100.38000;98.95000;99.76000;9038600
2023-05-19;100.79000;100.89000;99.27000;99.78000;10028200
2023-05-18;99.14000;100.18000;98.86000;100.019997;10813000
2023-05-17;98.23000;99.62000;98.18000;99.30000;12387400
2023-05-16;98.49000;98.59000;97.62000;97.62000;9416200
2023-05-15;98.44000;99.30000;98.089996;98.96000;8433600
2023-05-12;98.84000;99.15000;97.75;98.48000;8552400
2023-05-11;98.49000;98.62000;97.86000;98.41000;11573800
2023-05-10;100;100.12000;97.88000;99.010002;12580500
2023-05-09;98.91000;99.52000;98.71000;99.37000;8068100
2023-05-08;99.90000;100.070000;98.79000;99.15000;7610200
2023-05-05;98.93000;99.81000;98.81000;99.51000;9231300
2023-05-04;99.010002;99.22000;97.49000;98.029999;15150000
2023-05-03;99.82000;100.51000;99.040001;99.11000;13371600
2023-05-02;100.18000;100.36000;98.36000;99.49000;12240400
2023-05-01;100.010002;101.11000;100;100.54000;8551100
2023-04-28;98.92000;100.16000;98.92000;100;10714800
2023-04-27;97.41000;99.16000;97.26000;99.040001;14421500
2023-04-26;98.35000;98.61000;96.92000;97.12000;16058800
2023-04-25;100.25;100.29000;98.92000;98.99000;12306900
2023-04-24;100.61000;101.20000;100.45000;100.85000;6942000
2023-04-21;101.019997;101.17000;100.22000;100.61000;10668600
2023-04-20;100.43000;101.23000;100.43000;100.84000;9265100
2023-04-19;100.74000;101.19000;100.57000;101.019997;7734400
2023-04-18;101.11000;101.70000;100.73000;101.099998;9924700
2023-04-17;100.080002;100.65000;99.94000;100.62000;8007100
2023-04-14;99.61000;100.38000;99.24000;99.83000;9255000
2023-04-13;99.62000;100.14000;98.56000;99.95000;12289300
2023-04-12;99.79000;100.17000;99.31000;99.58000;11277200
2023-04-11;98.95000;99.71000;98.87000;99.25;9753200
2023-04-10;97.39000;98.68000;97.39000;98.66000;10568900
2023-04-06;97.83000;98.17000;97.34000;97.77000;10886000
2023-04-05;98.58000;99.019997;97.5;97.80000;16606700
2023-04-04;101.42000;101.42000;98.72000;99.089996;18801900
2023-04-03;100.96000;101.77000;100.63000;101.36000;11174100
2023-03-31;100.45000;101.24000;100.24000;101.18000;12006400
2023-03-30;100.14000;100.34000;99.54000;99.86000;8160100
2023-03-29;99.11000;99.70000;98.92000;99.65000;9387900
2023-03-28;97.53000;98.61000;97.53000;98.22000;9909000
2023-03-27;97.69000;98.050003;97.080002;97.72000;7668400
2023-03-24;95.79000;96.98000;95.19000;96.91000;15993200
2023-03-23;96.94000;98.15000;95.91000;96.51000;15857500
2023-03-22;98.65000;99.14000;96.75;96.79000;14178400
2023-03-21;98.69000;99.089996;98.17000;98.68000;11495200
2023-03-20;96.71000;97.79000;96.71000;97.55000;14476200
2023-03-17;97.85000;98.019997;96.21000;96.67000;23170200
2023-03-16;96.40000;98.57000;96.13000;98.28000;24105200
2023-03-15;97.67000;97.82000;95.5;97.029999;34251600
2023-03-14;99.70000;100.49000;98.32000;99.48000;15383900
2023-03-13;97.99000;99.36000;97.59000;98.44000;28616500
2023-03-10;100.72000;101.23000;98.69000;99;27405100
2023-03-09;102.97000;103.30000;100.73000;100.88000;11018100
2023-03-08;102.23000;102.64000;101.65000;102.39000;11508800
2023-03-07;103.49000;103.64000;102.070000;102.15000;11034200
2023-03-06;103.74000;104.18000;103.33000;103.48000;9715000
2023-03-03;102.97000;103.84000;102.39000;103.67000;12097400
2023-03-02;100.76000;102.76000;100.76000;102.56000;10570200
2023-03-01;100.88000;101.90000;100.70000;101.37000;10365100
2023-02-28;101.070000;101.60000;100.87000;100.97000;10854200
2023-02-27;101.52000;101.97000;100.97000;101.20000;8677600
2023-02-24;99.85000;100.47000;99.40000;100.31000;9288400
2023-02-23;100.93000;101.5;99.82000;100.89000;8995600
2023-02-22;100.76000;101.25;100;100.42000;8867100
2023-02-21;102.26000;102.58000;100.57000;100.67000;9805000
2023-02-17;102.29000;103.089996;101.89000;103.029999;8779000
2023-02-16;102.099998;103.14000;101.92000;102.36000;8838600
2023-02-15;102.22000;103.46000;102.019997;103.43000;6005600
2023-02-14;102.71000;103.26000;101.73000;102.79000;7722200
2023-02-13;102.34000;103.13000;102.16000;103.070000;5781400
2023-02-10;101.19000;102.22000;101.080002;102.14000;7710500
2023-02-09;102.84000;103.080002;101.14000;101.42000;8882400
2023-02-08;102.39000;102.83000;102;102.34000;7429700
2023-02-07;102.30000;103.19000;101.25;102.92000;10946100
2023-02-06;102.35000;102.99000;102.19000;102.60000;10260900
2023-02-03;102.72000;103.70000;102.58000;102.85000;13567600
2023-02-02;102.97000;103.99000;102.33000;103.39000;13459800
2023-02-01;101.44000;103.33000;100.98000;102.59000;16673700
2023-01-31;100.45000;101.88000;100.089996;101.85000;10367500
2023-01-30;100.51000;101.49000;100.070000;100.15000;10057900
2023-01-27;100.5;101.62000;100.42000;101.14000;14187300
2023-01-26;100.88000;100.88000;99.47000;100.72000;14985500
2023-01-25;99.63000;100.44000;98.80000;100.17000;11728300
2023-01-24;99.51000;101.029999;98.99000;100.73000;11341200
2023-01-23;99.30000;100.61000;98.88000;100.070000;11113600
2023-01-20;97.71000;99.019997;97.31000;98.99000;12816500
2023-01-19;99.070000;99.32000;97.62000;97.63000;17155600
2023-01-18;101.94000;102.17000;99.62000;99.68000;15026000
2023-01-17;102.40000;102.54000;101.48000;101.59000;9274900
2023-01-13;101.71000;102.54000;101.45000;102.46000;14206900
2023-01-12;102.35000;102.98000;101.49000;102.58000;9883200
2023-01-11;101.60000;102;101.040001;101.98000;7395400
2023-01-10;100.13000;101.070000;100.070000;101.010002;9166200
2023-01-09;101.16000;102.070000;100.33000;100.46000;12846700
2023-01-06;99.21000;101.19000;99.029999;100.91000;16270200
2023-01-05;98.73000;98.96000;97.95000;98.22000;9649600
2023-01-04;98.74000;99.61000;98.52000;99.29000;12236000
2023-01-03;98.78000;98.94000;97.51000;98.42000;11407700
2022-12-30;98.010002;98.40000;97.29000;98.21000;6874400
2022-12-29;97.85000;98.90000;97.77000;98.60000;8309000
2022-12-28;98.87000;99.099998;97.38000;97.40000;6803900
2022-12-27;98.54000;99.18000;98.16000;98.69000;5213800
2022-12-23;97.80000;98.53000;97.37000;98.39000;6142400
2022-12-22;98.39000;98.47000;96.30000;97.81000;11024700
2022-12-21;98.38000;99.24000;98.050003;99.070000;8220700
2022-12-20;96.91000;97.87000;96.80000;97.24000;9294200
2022-12-19;97.37000;98.27000;96.65000;97.12000;8814700
2022-12-16;97.59000;98.31000;97.14000;98.099998;17357100
2022-12-15;99.60000;100.050003;98.010002;98.52000;11588400
2022-12-14;101.27000;102.28000;100.38000;100.96000;10428900
2022-12-13;103.23000;103.31000;100.41000;101.15000;17589500
2022-12-12;99.30000;100.80000;99.22000;100.77000;7043300
2022-12-09;99.84000;100.26000;99.040001;99.070000;7208000
2022-12-08;99.66000;100.5;99.53000;99.89000;6462400
2022-12-07;99.25;100;99.11000;99.30000;7173700
2022-12-06;100.85000;100.90000;98.68000;99.43000;8854500
2022-12-05;101.40000;101.52000;100.44000;100.62000;11070700
2022-12-02;100.66000;102.69000;100.66000;102.33000;10767900
2022-12-01;102.099998;102.36000;100.97000;101.75;13848600
2022-11-30;100.050003;101.74000;98.94000;101.72000;18295400
2022-11-29;99.68000;100.23000;99.38000;100.070000;5563400
2022-11-28;100.85000;100.94000;99.14000;99.46000;7870200
2022-11-25;101.13000;101.5;101.010002;101.30000;2665900
2022-11-23;100.65000;101.29000;100.58000;100.91000;5649000
2022-11-22;100.20000;100.76000;100.099998;100.53000;7470200
2022-11-21;99.18000;100.059998;99.15000;99.76000;7072600
2022-11-18;99.60000;99.89000;98.80000;99.44000;7661500
2022-11-17;97.61000;98.75;97.099998;98.71000;8753800
2022-11-16;99.48000;99.68000;98.66000;98.88000;9612000
2022-11-15;99.99000;100.18000;98.74000;99.60000;10514100
2022-11-14;99.24000;100.26000;98.89000;98.92000;8854100
2022-11-11;99.83000;100.24000;99.12000;99.53000;9975400
2022-11-10;98.30000;99.72000;97.84000;99.59000;18633600
2022-11-09;96.35000;97;95.46000;95.58000;9217600
2022-11-08;96.40000;97.38000;95.77000;96.93000;8951500
2022-11-07;95.5;96.24000;94.90000;96.089996;8286900
2022-11-04;94.87000;95.34000;93.5;95.070000;11497500
2022-11-03;91.66000;94.41000;91.60000;93.57000;13331000
2022-11-02;93.79000;95.72000;92.55000;92.60000;13884600
2022-11-01;95.050003;95.17000;93.67000;94.26000;9673000
2022-10-31;94.16000;94.95000;93.89000;94.35000;9144900
2022-10-28;92.66000;94.70000;92.42000;94.62000;9161700
2022-10-27;92.29000;93.58000;92.28000;92.47000;9223900
2022-10-26;91.91000;92.71000;91.070000;91.40000;10250400
2022-10-25;89.77000;91.15000;89.72000;91.080002;9807900
2022-10-24;89.32000;90.21000;89.070000;89.87000;9388700
2022-10-21;86.40000;88.87000;86.089996;88.69000;13148200
2022-10-20;87.79000;88.31000;86.17000;86.32000;8773200
2022-10-19;88.25;88.85000;87.35000;88.050003;7705500
2022-10-18;88.46000;88.91000;87.44000;88.68000;10160500
2022-10-17;86.24000;87.059998;86.14000;86.59000;9541100
2022-10-14;87.25;87.40000;84.56000;84.74000;9432900
2022-10-13;82.85000;87.089996;82.76000;86.64000;18956100
2022-10-12;85.39000;85.79000;84.73000;84.77000;6727400
2022-10-11;85.12000;86.60000;84.89000;85.44000;8661700
2022-10-10;85.87000;86.33000;84.74000;85.46000;7564300
2022-10-07;85.99000;86.13000;84.64000;85.16000;7415200
2022-10-06;87.38000;88.029999;86.60000;86.82000;8813300
2022-10-05;87.35000;88.58000;86.93000;87.83000;7055800
2022-10-04;86.64000;88.33000;86.64000;88.31000;9676100
2022-10-03;83.76000;86.010002;83.5;85.34000;8612500
2022-09-30;83.70000;84.45000;82.75;82.84000;8935700
2022-09-29;84.67000;84.75;83.16000;83.94000;9357400
2022-09-28;83.94000;85.89000;83.67000;85.42000;11920100
2022-09-27;84.62000;84.89000;82.87000;83.58000;12179600
2022-09-26;84.49000;85.21000;83.48000;83.86000;9241600
2022-09-23;85.51000;85.60000;83.71000;84.75;13831600
2022-09-22;87.48000;87.61000;86.24000;86.37000;8925600
2022-09-21;89.66000;90.36000;87.68000;87.69000;10846700
2022-09-20;89.32000;89.38000;88.13000;88.87000;6652500
2022-09-19;88.17000;90.12000;88.11000;89.99000;8455400
2022-09-16;89.070000;89.61000;88.44000;89.21000;19141400
2022-09-15;92;92.65000;90.82000;91.11000;10688800
2022-09-14;92.20000;92.48000;90.92000;92.070000;8889400
2022-09-13;93.80000;94.54000;91.90000;92.25;11236300
2022-09-12;95.84000;96.35000;95.36000;95.86000;5874000
2022-09-09;94.68000;95.49000;94.64000;95.29000;7440000
2022-09-08;93.22000;94.11000;92.63000;94.070000;6979900
2022-09-07;91.98000;94.029999;91.96000;93.79000;7934100
2022-09-06;92.20000;92.77000;91.51000;92.31000;11438600
2022-09-02;94.099998;94.22000;91.73000;92.16000;9839300
2022-09-01;92.32000;93.12000;91.92000;93.059998;8790000
2022-08-31;94.099998;94.27000;92.83000;92.93000;9683700
2022-08-30;95.30000;95.43000;93.33000;93.72000;9546600
2022-08-29;94.91000;95.85000;94.54000;95.089996;6386900
2022-08-26;99.14000;99.19000;95.45000;95.52000;8006200
2022-08-25;97.90000;98.98000;97.81000;98.95000;6045900
2022-08-24;97.24000;97.75;97.050003;97.46000;6443800
2022-08-23;97;97.78000;96.84000;97.14000;9874700
2022-08-22;97.63000;97.78000;96.83000;96.96000;5804800
2022-08-19;99.51000;99.54000;98.58000;98.84000;6893400
2022-08-18;99.91000;100.28000;99.57000;100.13000;7003400
2022-08-17;99.35000;100.19000;99.20000;99.73000;6578800
2022-08-16;99.60000;100.97000;99.60000;100.53000;5564200
2022-08-15;99.15000;100.22000;99;100.080002;6558400
2022-08-12;98.81000;99.87000;98.46000;99.84000;7808200
2022-08-11;98.48000;99.23000;98.17000;98.36000;5711600
2022-08-10;97.26000;98.15000;97.050003;97.84000;5967000
2022-08-09;96.080002;96.23000;95.54000;95.74000;4398000
2022-08-08;96.87000;97.14000;95.84000;96.089996;5606000
2022-08-05;94.99000;96.19000;94.99000;96.12000;7857300
2022-08-04;95.64000;96.25;95.42000;95.97000;5339300
2022-08-03;95.14000;95.92000;94.48000;95.62000;5509400
2022-08-02;95.38000;95.91000;94.55000;94.73000;10039900
2022-08-01;95.040001;96.050003;94.86000;95.74000;8599400
2022-07-29;93.74000;95.84000;93.74000;95.64000;9000600
2022-07-28;92.25;93.81000;91.99000;93.71000;8668500
2022-07-27;90.98000;92.24000;90.38000;91.79000;8662100
2022-07-26;90.59000;91.22000;90.18000;90.39000;5522200
2022-07-25;90.55000;91.14000;90;90.88000;6154900
2022-07-22;91.040001;91.33000;90.029999;90.45000;5969800
2022-07-21;89.83000;90.76000;89.48000;90.74000;5899300
2022-07-20;89.43000;90.33000;89.11000;90.089996;8260600
2022-07-19;87.029999;89.56000;87.010002;89.40000;7326900
2022-07-18;87.61000;87.95000;86.050003;86.32000;6282000
2022-07-15;86.70000;86.97000;85.79000;86.84000;7855600
2022-07-14;84.76000;85.60000;84.28000;85.5;6825200
2022-07-13;85.66000;86.72000;85.44000;85.99000;9498600
2022-07-12;86.92000;88.23000;86.74000;87.050003;8018000
2022-07-11;87.40000;87.91000;87.12000;87.32000;7985000
2022-07-08;88.080002;88.47000;87.23000;87.91000;4912800
2022-07-07;87.89000;88.53000;87.31000;88.31000;5865600
2022-07-06;86.98000;87.82000;86.16000;87.28000;9781700
2022-07-05;86.62000;86.82000;85.27000;86.78000;10994500
2022-07-01;87.18000;88.39000;86.51000;88.099998;11717900
2022-06-30;86.010002;87.72000;85.61000;87.34000;8708500
2022-06-29;87.75;87.76000;86.38000;87.070000;6818200
2022-06-28;89.20000;90.20000;87.51000;87.58000;6476300
2022-06-27;89.29000;89.29000;88.21000;88.61000;6361300
2022-06-24;86.64000;88.83000;86.60000;88.82000;9634000
2022-06-23;86.22000;86.56000;84.75;85.82000;9744400
2022-06-22;85.52000;86.96000;85.35000;86.26000;11136800
2022-06-21;86.53000;87.070000;85.93000;86.74000;9161600
2022-06-17;85.68000;86.41000;84.57000;85.56000;14253500
2022-06-16;87.010002;87.059998;85.33000;85.78000;13500700
2022-06-15;88.58000;89.80000;87.37000;88.74000;13335200
2022-06-14;88.49000;89.15000;87.16000;87.89000;10512800
2022-06-13;89.050003;89.18000;87.56000;88.11000;18353300
2022-06-10;91.94000;92.15000;90.81000;90.84000;10416600
2022-06-09;95.080002;95.46000;93.60000;93.60000;6737800
2022-06-08;96.51000;96.75;95.26000;95.48000;7028700
2022-06-07;95.099998;97.34000;94.78000;97.24000;7427700
2022-06-06;96.24000;96.54000;95.75;95.95000;8334500
2022-06-03;95.059998;95.80000;94.95000;95.55000;6828800
2022-06-02;94.77000;95.97000;93.93000;95.92000;8432500
2022-06-01;95.26000;95.49000;93.35000;94.12000;8713700
2022-05-31;94.47000;95.36000;93.80000;94.70000;14498300
2022-05-27;94.29000;95.49000;94.17000;95.47000;8669600
2022-05-26;92.52000;94.010002;92.33000;93.55000;8028100
2022-05-25;90.86000;92.040001;90.54000;91.69000;9460100
2022-05-24;90.74000;91.37000;89.24000;91.16000;9917000
2022-05-23;90.61000;91.44000;90.16000;91.21000;11989100
2022-05-20;91;91.19000;88.040001;89.74000;15695100
2022-05-19;90.58000;91.88000;89.68000;90.72000;14482000
2022-05-18;94.23000;94.40000;91.27000;91.54000;11173000
2022-05-17;94.47000;95.22000;93.68000;95.080002;9490500
2022-05-16;92.83000;93.71000;92.20000;92.97000;10865900
2022-05-13;92.75;93.63000;92.15000;93.099998;12837800
2022-05-12;91.29000;92.51000;90.19000;91.93000;18517400
2022-05-11;92.53000;94.14000;91.61000;91.76000;21838600
2022-05-10;94.22000;94.5;91.68000;92.60000;22935000
2022-05-09;94.41000;94.78000;92.83000;93.21000;21188700
2022-05-06;95.78000;95.82000;93.96000;95.52000;24153900
2022-05-05;97.80000;98.28000;95.40000;96.17000;24943700
2022-05-04;95.92000;98.98000;95.66000;98.75;18468900
2022-05-03;95.54000;96.60000;95.14000;95.97000;13315900
2022-05-02;95.040001;96.19000;93.5;95.34000;19101300
2022-04-29;97.58000;98.080002;94.95000;95.14000;15135400
2022-04-28;96.91000;98.11000;95.73000;97.73000;13461600
2022-04-27;96.23000;97.51000;95.78000;96.64000;13363100
2022-04-26;97.70000;98.070000;96.25;96.28000;14594100
2022-04-25;97.86000;98.58000;96.19000;98.43000;16391100
2022-04-22;100.40000;100.46000;98.34000;98.43000;12030400
2022-04-21;102.96000;103.12000;100.67000;100.91000;11117200
2022-04-20;102.26000;102.65000;101.81000;101.95000;8623000
2022-04-19;99.92000;101.54000;99.87000;101.40000;10920100
2022-04-18;99.66000;100.60000;99.17000;99.59000;8701000
2022-04-14;100.37000;100.91000;99.92000;99.94000;8252400
2022-04-13;99.32000;100.16000;99.31000;100.050003;7661100
2022-04-12;99.58000;100.56000;98.69000;99.12000;11473900
2022-04-11;99.28000;100.40000;99.099998;99.28000;11246300
2022-04-08;100;100.49000;99.37000;99.60000;12923200
2022-04-07;99.46000;100.52000;98.56000;100.16000;12381300
2022-04-06;99.76000;100.11000;99.14000;99.82000;15573200
2022-04-05;101.65000;102.47000;100.39000;100.60000;15332800
2022-04-04;101.98000;102.13000;100.79000;102.050003;10436500
2022-04-01;103.42000;103.51000;101.43000;102.18000;11182200
2022-03-31;104.32000;104.96000;102.96000;102.98000;9441900
2022-03-30;104.60000;105.23000;104.13000;104.59000;8731200
2022-03-29;104.43000;104.77000;103.70000;104.71000;12157500
2022-03-28;103.63000;103.78000;102.80000;103.75;7940900
2022-03-25;103.30000;103.76000;102.84000;103.72000;7350200
2022-03-24;102.82000;103.13000;102.29000;103.080002;7698900
2022-03-23;102.86000;103.070000;102.28000;102.30000;10475400
2022-03-22;103.050003;103.55000;102.75;103.29000;8292000
2022-03-21;102.26000;103.11000;102.089996;102.73000;10821400
2022-03-18;102.27000;102.93000;101.51000;102.84000;14921800
2022-03-17;100.5;102.5;100.5;102.45000;10897900
2022-03-16;100.46000;101.33000;99.15000;101.15000;15840900
2022-03-15;99.17000;100.029999;98.57000;99.83000;11204900
2022-03-14;98.53000;99.34000;97.58000;98.27000;12988000
2022-03-11;99.30000;99.91000;97.88000;97.94000;10695200
2022-03-10;97.62000;98.92000;97.53000;98.73000;13317200
2022-03-09;98.81000;99.61000;98.41000;98.86000;18757400
2022-03-08;97.94000;99.71000;97.010002;97.099998;22316800
2022-03-07;100.070000;100.80000;97.67000;97.70000;16533900
2022-03-04;99.59000;100.51000;99;100.39000;17167400
2022-03-03;101.24000;101.51000;100.17000;100.61000;14831600
2022-03-02;98.88000;100.98000;98.74000;100.5;16881400
2022-03-01;99.53000;100.16000;97.76000;98.40000;21884800
2022-02-28;98.21000;100.089996;98.16000;99.89000;18310700
2022-02-25;97.050003;99.46000;97;99.13000;13511700
2022-02-24;94.19000;97.029999;93.40000;96.82000;27356100
2022-02-23;97.81000;97.97000;95.45000;95.60000;16296200
2022-02-22;98.27000;98.84000;96.86000;97.39000;16809500
2022-02-18;98.98000;99.73000;98.019997;98.34000;11969700
2022-02-17;100.21000;100.43000;98.99000;99.16000;10912200
2022-02-16;100.21000;101.36000;99.96000;101.010002;8222600
2022-02-15;99.97000;100.91000;99.91000;100.48000;10542100
2022-02-14;99.5;99.78000;98.20000;98.99000;15297400
2022-02-11;100.93000;101.40000;98.87000;99.36000;18726900
2022-02-10;101.37000;102.76000;100.38000;100.90000;15560000
2022-02-09;102.040001;102.72000;102.010002;102.58000;13166200
2022-02-08;100.45000;101.39000;100.050003;101.19000;10376500
2022-02-07;100.37000;100.97000;99.84000;100.19000;10452100
2022-02-04;100.64000;101.099998;99.28000;100.11000;16025200
2022-02-03;102.14000;102.62000;101.059998;101.20000;14007400
2022-02-02;102;103.050003;101.58000;102.84000;14199200
2022-02-01;101.37000;102.46000;100.76000;102.13000;17200700
2022-01-31;99.029999;100.85000;98.80000;100.74000;12183200
2022-01-28;98.59000;99.71000;96.94000;99.70000;22967200
2022-01-27;100.73000;101.56000;98.36000;99.010002;23186100
2022-01-26;101.36000;102.49000;98.88000;99.90000;27633700
2022-01-25;100.010002;101.62000;98.37000;100.78000;28146300
2022-01-24;99.51000;101.93000;98.050003;101.78000;37356500
2022-01-21;102.15000;102.92000;100.80000;101.20000;33329600
2022-01-20;103.66000;104.73000;102.010002;102.14000;16726100
2022-01-19;104.91000;105.050003;103.38000;103.46000;13367000
2022-01-18;104.86000;105.070000;104.029999;104.63000;13878100
2022-01-14;105.52000;105.94000;104.78000;105.85000;14758600
2022-01-13;106.55000;107.44000;106.12000;106.49000;10995400
2022-01-12;106.37000;106.80000;105.92000;106.26000;9938000
2022-01-11;105.40000;106.040001;104.26000;105.92000;11966500
2022-01-10;106.23000;106.32000;104.47000;105.29000;15670900
2022-01-07;106.55000;107.20000;106.45000;106.49000;11614900
2022-01-06;106.40000;106.91000;105.98000;106.52000;10437800
2022-01-05;107.33000;107.88000;105.99000;106.029999;16196100
2022-01-04;105.62000;107.25;105.5;107.050003;14572600
2022-01-03;106.029999;106.26000;104.40000;104.94000;10188300
2021-12-31;105.18000;106.23000;105.059998;105.81000;7726100
2021-12-30;105.85000;106.37000;105.28000;105.36000;6190400
2021-12-29;105.39000;105.97000;105.26000;105.74000;5922300
2021-12-28;104.92000;105.82000;104.86000;105.55000;5368600
2021-12-27;104.080002;105.059998;103.93000;105.019997;5196000
2021-12-23;103.080002;104.26000;103.059998;103.92000;7047000
2021-12-22;102.37000;102.89000;102.20000;102.71000;8297000
2021-12-21;101.17000;102.63000;101.13000;102.42000;10497400
2021-12-20;100.81000;100.83000;99.56000;100.42000;17968300
2021-12-17;104.20000;104.32000;102.41000;102.44000;19332600
2021-12-16;104.84000;105.30000;103.85000;104.22000;11866200
2021-12-15;103.55000;104.31000;102.86000;104.17000;16908600
2021-12-14;103.70000;104.71000;102.86000;103.27000;13174200
2021-12-13;105.11000;105.31000;104.080002;104.26000;12690200
2021-12-10;105.39000;105.57000;104.84000;105.35000;8304100
2021-12-09;104.83000;105.46000;104.56000;104.92000;7325800
2021-12-08;105.040001;105.44000;104.73000;105.25;10419600
2021-12-07;104.72000;105.86000;104.68000;104.99000;10563300
2021-12-06;103.22000;104.58000;103.050003;103.93000;14457500
2021-12-03;102.52000;102.78000;101.17000;102.20000;19584900
2021-12-02;100.13000;102.67000;99.79000;102.32000;21919300
2021-12-01;102.30000;102.71000;99.33000;99.37000;19783600
2021-11-30;102.61000;102.93000;100.67000;100.77000;21058800
2021-11-29;104.26000;104.28000;102.84000;103.39000;11693000
2021-11-26;103.35000;103.78000;102.48000;103.21000;14694100
2021-11-24;105.85000;106.30000;105.71000;106.080002;10760400
2021-11-23;106.14000;106.58000;105.65000;106.20000;14090400
2021-11-22;106.070000;107.010002;105.81000;106.019997;11911200
2021-11-19;106.21000;106.29000;105.58000;105.73000;8935600
2021-11-18;106.83000;106.83000;105.71000;106.26000;9806200
2021-11-17;107.14000;107.28000;106.11000;106.48000;8164300
2021-11-16;107.11000;107.65000;107.019997;107.12000;6625000
2021-11-15;107.33000;107.45000;106.86000;107.099998;7672400
2021-11-12;106.36000;107.080002;106.019997;106.90000;7929000
2021-11-11;106.71000;106.71000;105.95000;106.059998;5921200
2021-11-10;106.95000;107.29000;106.21000;106.5;10326000
2021-11-09;107.029999;107.36000;106.51000;107.099998;10637300
2021-11-08;107.33000;107.58000;106.42000;106.83000;8928900
2021-11-05;106.54000;107.050003;106.040001;106.39000;12906400
2021-11-04;105.20000;105.70000;105.080002;105.32000;10201200
2021-11-03;104.54000;104.97000;103.99000;104.90000;11567300
2021-11-02;104.93000;105.23000;104.63000;105.13000;8833600
2021-11-01;104.70000;104.99000;104.27000;104.78000;10775200
2021-10-29;104.27000;104.87000;104.070000;104.49000;6831600
2021-10-28;103.32000;104.52000;103.32000;104.46000;9260400
2021-10-27;104.59000;104.66000;103.15000;103.17000;9015100
2021-10-26;104.93000;105.37000;104.38000;104.39000;12314000
2021-10-25;104.64000;105.44000;104.30000;105.040001;8093600
2021-10-22;104.64000;105.19000;104.48000;104.80000;9826300
2021-10-21;104;104.48000;103.74000;104.43000;7824900
2021-10-20;103.59000;104.33000;103.35000;104.22000;9258500
2021-10-19;103.47000;103.61000;102.86000;103.57000;6911200
2021-10-18;102.30000;103.070000;101.90000;102.96000;6780200
2021-10-15;102.61000;103.33000;102.47000;102.89000;11775100
2021-10-14;100.83000;101.94000;100.62000;101.91000;9752800
2021-10-13;99.99000;100.44000;98.93000;100.019997;12416600
2021-10-12;100.26000;100.61000;99.61000;99.81000;10048700
2021-10-11;100.82000;101.46000;100.13000;100.14000;9984000
2021-10-08;100.86000;101.20000;100.52000;100.95000;8565100
2021-10-07;100.95000;101.69000;100.87000;100.96000;9669700
2021-10-06;98.67000;100.22000;98.21000;100.18000;14702500
2021-10-05;98.82000;100.25;98.39000;99.74000;12987900
2021-10-04;99.010002;99.64000;98.019997;98.64000;20182900
2021-10-01;98.46000;99.71000;97.48000;99.18000;17051800
2021-09-30;100.21000;100.29000;97.73000;97.84000;24624300
2021-09-29;100.22000;100.41000;99.74000;99.89000;12148200
2021-09-28;100.67000;100.93000;99.55000;99.78000;17057300
2021-09-27;100.99000;101.85000;100.89000;100.95000;9338000
2021-09-24;100.38000;101.13000;100.31000;100.85000;8254500
2021-09-23;99.59000;101.19000;99.55000;100.64000;11439900
2021-09-22;98.63000;99.79000;98.63000;99.12000;13079900
2021-09-21;99.34000;99.40000;97.89000;98.34000;14345200
2021-09-20;98.54000;99.059998;97.78000;98.86000;21453500
2021-09-17;101.059998;101.30000;100.18000;100.33000;16250700
2021-09-16;102.099998;102.35000;101.24000;101.41000;10516200
2021-09-15;101.050003;102.37000;100.83000;102.11000;9175000
2021-09-14;102.51000;102.60000;100.77000;101;11493500
2021-09-13;102.74000;103;101.46000;102.23000;12451000
2021-09-10;102.91000;103.12000;101.92000;101.96000;9547800
2021-09-09;102.75;103.48000;102.17000;102.42000;9406200
2021-09-08;102.57000;103.12000;102.14000;102.92000;13561600
2021-09-07;104.23000;104.30000;102.71000;102.78000;17842300
2021-09-03;104.94000;105.14000;104.52000;104.59000;9855000
2021-09-02;104.54000;105.24000;104.52000;105.23000;9633500
2021-09-01;104.73000;104.73000;103.72000;104.11000;13116800
2021-08-31;104.73000;104.95000;104.28000;104.51000;9621200
2021-08-30;105.099998;105.28000;104.55000;104.80000;6528200
2021-08-27;104.55000;105.21000;104.32000;104.92000;10484200
2021-08-26;104.54000;104.61000;103.99000;104.20000;9951100
2021-08-25;104.070000;105;103.75;104.66000;9404200
2021-08-24;103.67000;104.45000;103.65000;103.99000;7593200
2021-08-23;103.11000;103.92000;103.059998;103.47000;8471000
2021-08-20;102.41000;102.94000;102.14000;102.63000;11753000
2021-08-19;102.31000;103.059998;101.78000;102.36000;17529700
2021-08-18;103.81000;104.40000;103.050003;103.080002;11955100
2021-08-17;104.73000;104.78000;103.23000;104.22000;15569900
2021-08-16;104.69000;105.37000;104;105.36000;10231100
2021-08-13;105.34000;105.5;104.86000;105;8909300
2021-08-12;105.53000;105.73000;104.79000;105.33000;9265300
2021-08-11;104.39000;105.54000;104.010002;105.53000;12817200
2021-08-10;103.32000;104.47000;103.20000;104.18000;12730900
2021-08-09;103.080002;103.38000;102.63000;103.13000;7469700
2021-08-06;103.48000;103.98000;103.35000;103.54000;8677100
2021-08-05;103;103.41000;102.67000;103.059998;12561500
2021-08-04;103.28000;103.81000;102.56000;102.58000;16180900
2021-08-03;102.85000;104.040001;101.97000;103.99000;14814100
2021-08-02;103.76000;104.63000;102.56000;102.65000;15925500
2021-07-30;103.040001;103.58000;102.86000;103.36000;12824400
2021-07-29;103.55000;103.86000;102.98000;103.56000;9767700
2021-07-28;103.32000;103.55000;102.21000;102.75;11996500
2021-07-27;102.90000;103.54000;102.40000;102.99000;12402200
2021-07-26;103.33000;103.91000;102.89000;103.56000;7488800
2021-07-23;103.54000;103.81000;103.099998;103.61000;8055800
2021-07-22;103.74000;103.75;103.010002;103.17000;6318700
2021-07-21;102.94000;103.90000;102.90000;103.55000;14449600
2021-07-20;100.080002;102.70000;99.94000;102.57000;20937100
2021-07-19;100.28000;100.49000;98.77000;99.78000;23792700
2021-07-16;103.17000;103.19000;101.78000;101.91000;17307200
2021-07-15;102.040001;103.24000;101.99000;102.82000;11071600
2021-07-14;102.89000;103.29000;102.26000;102.62000;10140000
2021-07-13;103.41000;103.5;102.58000;102.63000;14881700
2021-07-12;102.97000;103.75;102.60000;103.63000;10846500
2021-07-09;102.97000;103.65000;102.87000;103.49000;13341900
2021-07-08;101.69000;102.53000;101.029999;101.88000;17419300
2021-07-07;102.070000;103.47000;101.97000;103.32000;14971800
2021-07-06;103.050003;103.19000;101.18000;102.30000;11564100
2021-07-02;103.15000;103.47000;102.70000;103.29000;9911600
2021-07-01;103;103.19000;102.59000;103.13000;13858600
2021-06-30;101.53000;102.59000;101.51000;102.40000;13677200
2021-06-29;102.14000;102.57000;101.51000;101.61000;11134200
2021-06-28;102.31000;102.39000;101.35000;101.81000;11997600
2021-06-25;102.23000;102.72000;102.070000;102.35000;13039300
2021-06-24;101.96000;102.31000;101.42000;102.15000;11687400
2021-06-23;101.79000;102.070000;101.33000;101.36000;9136300
2021-06-22;101.52000;101.97000;100.90000;101.59000;10646400
2021-06-21;100.099998;101.61000;100.010002;101.48000;15499900
2021-06-18;99.73000;100.46000;99.49000;99.61000;21546100
2021-06-17;102.44000;102.70000;99.97000;100.92000;20842900
2021-06-16;103.38000;103.5;102.18000;102.5;13977900
2021-06-15;103.19000;103.70000;102.77000;103.48000;8948600
2021-06-14;103.41000;103.55000;102.47000;103.040001;11312100
2021-06-11;103.70000;104.019997;102.97000;103.51000;10113500
2021-06-10;104.48000;104.68000;103.25;103.30000;10645200
2021-06-09;104.81000;104.81000;103.77000;103.81000;10967100
2021-06-08;104.67000;105.11000;104.16000;104.88000;8847800
2021-06-07;105.54000;105.56000;104.33000;104.61000;8298700
2021-06-04;105.39000;105.57000;104.80000;105.34000;7118200
2021-06-03;104.68000;105.59000;104.25;105;10342300
2021-06-02;105.62000;105.73000;105.070000;105.23000;7547800
2021-06-01;106.14000;106.31000;105.32000;105.53000;9456900
2021-05-28;105.44000;105.45000;104.76000;105.12000;7606300
2021-05-27;104.64000;105.30000;104.54000;105.12000;11467400
2021-05-26;103.52000;103.84000;103.12000;103.70000;7615800
2021-05-25;103.96000;104.45000;103.23000;103.37000;8574700
2021-05-24;103.67000;103.90000;103.12000;103.68000;7097900
2021-05-21;103.12000;103.88000;102.68000;103.040001;13420200
2021-05-20;102.48000;102.90000;101.92000;102.54000;11635300
2021-05-19;101.75;102.32000;100.67000;102.31000;16656400
2021-05-18;104.39000;104.56000;102.85000;102.89000;11195500
2021-05-17;104.41000;104.78000;103.65000;104.41000;11547700
2021-05-14;104.099998;105;103.74000;104.73000;11217700
2021-05-13;101.46000;103.79000;101.40000;103.30000;16457900
2021-05-12;103.58000;103.96000;101.33000;101.40000;18125700
2021-05-11;104.40000;104.67000;102.84000;103.89000;25425800
2021-05-10;105.92000;106.81000;105.40000;105.45000;16335500
2021-05-07;104;105.60000;103.62000;105.35000;19343000
2021-05-06;103.80000;104.28000;103.34000;104.25;18276400
2021-05-05;103.69000;104.019997;103.42000;103.53000;9989000
2021-05-04;102.65000;103.45000;102.18000;103.43000;11677400
2021-05-03;102.70000;103.26000;102.32000;102.98000;9445300
2021-04-30;102.010002;102.33000;101.57000;101.93000;9861200
2021-04-29;102.5;102.74000;101.86000;102.61000;11035300
2021-04-28;102.059998;102.41000;101.76000;101.89000;7877900
2021-04-27;101.66000;102.26000;101.31000;102.099998;13774800
2021-04-26;101.91000;102.42000;101.20000;101.26000;7824800
2021-04-23;100.58000;101.82000;100.40000;101.56000;8126800
2021-04-22;101.059998;101.70000;100.36000;100.46000;11778700
2021-04-21;99.48000;101.010002;99.28000;100.97000;11352800
2021-04-20;100.5;100.68000;99;99.61000;13622200
2021-04-19;100.98000;101;100.22000;100.72000;8140900
2021-04-16;101.52000;101.80000;100.70000;101.14000;10221900
2021-04-15;100.86000;101.059998;100.19000;100.92000;12631200
2021-04-14;100.46000;101.20000;100.40000;100.52000;9331900
2021-04-13;100.41000;100.70000;99.68000;100.39000;10612000
2021-04-12;100.37000;100.94000;100.31000;100.88000;7704800
2021-04-09;99.72000;100.56000;99.58000;100.51000;9655900
2021-04-08;99.16000;99.58000;98.61000;99.54000;9151600
2021-04-07;99.78000;100.029999;98.99000;99.30000;8865800
2021-04-06;99.91000;100.57000;99.66000;99.76000;8203000
2021-04-05;99.74000;100.34000;99.56000;100;10789200
2021-04-01;98.62000;98.86000;98.14000;98.78000;11189300
2021-03-31;99;99.26000;98.12000;98.45000;12291300
2021-03-30;98.34000;99.010002;98.15000;98.77000;10180500
2021-03-29;98.21000;98.92000;97.84000;98.34000;12712800
2021-03-26;97.19000;98.38000;96.81000;98.32000;14396000
2021-03-25;94.88000;96.80000;93.95000;96.65000;18519500
2021-03-24;94.93000;96.62000;94.89000;95.13000;14581900
2021-03-23;95.47000;96.34000;94.089996;94.44000;16949000
2021-03-22;96.36000;96.53000;95.45000;96.12000;12319900
2021-03-19;97.27000;97.31000;95.93000;96.47000;18430600
2021-03-18;97.20000;98.52000;97.019997;97.21000;16893400
2021-03-17;96.38000;97.5;96.13000;97.30000;14844000
2021-03-16;97.37000;97.43000;96.080002;96.19000;12538800
2021-03-15;97.16000;97.61000;96.19000;97.58000;11390900
2021-03-12;95.84000;96.85000;95.75;96.77000;10112800
2021-03-11;95.70000;96.31000;94.92000;95.49000;12211100
2021-03-10;94.29000;95.91000;94.16000;95.42000;17276200
2021-03-09;94.90000;95.39000;94.019997;94.029999;12484800
2021-03-08;94.070000;95.89000;93.81000;94.42000;16782400
2021-03-05;92.15000;93.75;90.27000;93.44000;22816300
2021-03-04;92.89000;93.23000;89.85000;91.28000;27730400
2021-03-03;92.74000;93.85000;92.53000;92.76000;17497800
2021-03-02;92.98000;93.13000;92.26000;92.66000;11530700
2021-03-01;91.93000;93.62000;91.80000;92.93000;11494000
2021-02-26;91.78000;92.050003;90.36000;90.61000;18163400
2021-02-25;93.27000;93.38000;91.18000;91.56000;19945300
2021-02-24;91.77000;93.66000;91.36000;93.28000;16795900
2021-02-23;91.44000;91.78000;90.19000;91.55000;16573400
2021-02-22;90.52000;91.94000;90.44000;91.27000;10552200
2021-02-19;90.15000;91.25;90.080002;90.98000;8737200
2021-02-18;89.5;89.72000;88.84000;89.51000;6409500
2021-02-17;89.82000;90.029999;89.26000;89.96000;7266000
2021-02-16;90.51000;90.88000;90.010002;90.21000;8227600
2021-02-12;89.45000;90.37000;89.35000;90.30000;7983500
2021-02-11;90.070000;90.20000;88.74000;89.65000;8868500
2021-02-10;90.38000;90.41000;89.43000;89.84000;10982400
2021-02-09;89.67000;90.28000;89.059998;89.98000;8298500
2021-02-08;89.35000;89.79000;89.15000;89.75;8848000
2021-02-05;89.16000;89.42000;88.76000;88.99000;7481900
2021-02-04;87.83000;88.62000;87.71000;88.47000;7113900
2021-02-03;87.37000;87.69000;86.79000;87.53000;9662900
2021-02-02;86.66000;87.86000;86.57000;87.47000;10443800
2021-02-01;85.61000;85.89000;84.94000;85.65000;11318700
2021-01-29;86.080002;86.51000;84.51000;84.77000;20895000
2021-01-28;86.20000;87.67000;86.11000;86.64000;17928300
2021-01-27;85.93000;86.15000;84.72000;85.37000;23140100
2021-01-26;88.67000;88.81000;87.050003;87.099998;10480800
2021-01-25;88.099998;88.35000;87.040001;87.91000;18249000
2021-01-22;88.39000;88.88000;87.77000;88.51000;9728800
2021-01-21;89.47000;89.68000;88.84000;88.97000;9601500
2021-01-20;89.59000;89.88000;89.089996;89.67000;8374300
2021-01-19;89.59000;89.89000;89.089996;89.12000;8933700
2021-01-15;89.40000;89.61000;88.080002;88.83000;12924800
2021-01-14;90.15000;90.65000;89.84000;90;10669800
2021-01-13;90.32000;90.45000;89.55000;89.69000;9230300
2021-01-12;89.56000;90.69000;89.050003;90.47000;10408000
2021-01-11;88.67000;89.84000;88.60000;89.58000;11911100
2021-01-08;90.029999;90.28000;88.71000;89.61000;11043300
2021-01-07;89.84000;90.18000;89.099998;89.83000;10114900
2021-01-06;87.82000;90.070000;87.55000;89.34000;19500600
2021-01-05;86.25;87.59000;86.24000;87.26000;16004600
2021-01-04;88.66000;88.74000;85.92000;86.41000;16200700
2020-12-31;88.11000;88.72000;87.66000;88.55000;6761600
2020-12-30;87.73000;88.38000;87.68000;88.14000;5019300
2020-12-29;88.56000;88.68000;86.99000;87.58000;6729500
2020-12-28;88.58000;88.87000;88.010002;88.11000;4849900
2020-12-24;88.12000;88.14000;87.5;88;2367400
2020-12-23;87.98000;88.46000;87.87000;87.99000;8939400
2020-12-22;87.90000;87.99000;86.88000;87.53000;11451100
2020-12-21;86.71000;88.35000;86.39000;87.94000;9071100
2020-12-18;88.96000;89.059998;88.14000;88.84000;8640000
2020-12-17;88.81000;88.94000;88.32000;88.83000;9088500
2020-12-16;88.92000;88.97000;88.099998;88.29000;6805000
2020-12-15;88.26000;89.19000;87.73000;88.84000;7351300
2020-12-14;89.63000;89.70000;87.60000;87.62000;6841800
2020-12-11;88.010002;88.96000;88;88.77000;6577500
2020-12-10;88.79000;89.22000;88.17000;88.56000;11628000
2020-12-09;89.52000;89.73000;88.77000;89.41000;12047100
2020-12-08;88.5;89.37000;88.47000;89.21000;5038200
2020-12-07;89.16000;89.26000;88.52000;88.78000;7599000
2020-12-04;88.45000;89.38000;88.42000;89.21000;11754100
2020-12-03;88.050003;88.96000;87.99000;88.16000;11677400
2020-12-02;87.48000;88.15000;87.38000;87.93000;13219800
2020-12-01;89.010002;89.43000;87.77000;87.81000;14520400
2020-11-30;88.62000;88.72000;87.53000;88.029999;10379800
2020-11-27;89.21000;89.5;88.56000;88.82000;5023100
2020-11-25;89.58000;89.60000;88.53000;88.97000;9382800
2020-11-24;89.46000;90.16000;89.019997;89.65000;13977000
2020-11-23;87.40000;88.28000;87.40000;88.11000;11396000
2020-11-20;87.24000;87.59000;86.46000;86.66000;7288200
2020-11-19;87.010002;87.53000;86.44000;87.45000;8451900
2020-11-18;88.31000;88.68000;87.17000;87.23000;11882700
2020-11-17;87.19000;87.91000;86.32000;87.62000;11029700
2020-11-16;87.66000;87.99000;86.43000;87.85000;14364100
2020-11-13;84.61000;85.86000;84.55000;85.76000;9280200
2020-11-12;84.010002;84.81000;83.33000;83.90000;10776400
2020-11-11;86.13000;86.14000;84.44000;84.87000;11081400
2020-11-10;84.39000;85.93000;84.13000;85.59000;18983800
2020-11-09;86.87000;87.88000;84.050003;84.11000;25393800
2020-11-06;81.11000;81.70000;80.76000;81.34000;10091600
2020-11-05;80.47000;81.79000;80.42000;81.26000;12159300
2020-11-04;79.56000;81.19000;78.87000;79.39000;23229800
2020-11-03;78.98000;80.67000;78.80000;80.22000;16357500
2020-11-02;77;78.070000;76.44000;77.92000;14166800
2020-10-30;75.56000;76.18000;74.72000;75.87000;15374700
2020-10-29;74.82000;76.61000;74.64000;75.96000;14272900
2020-10-28;75.83000;76.68000;74.78000;74.87000;17321800
2020-10-27;78.91000;79;77.39000;77.41000;8736000
2020-10-26;80.099998;80.19000;78.28000;79.14000;10692400
2020-10-23;81.27000;81.52000;80.55000;81.17000;8038300
2020-10-22;80.37000;80.99000;80.12000;80.85000;6878200
2020-10-21;80.71000;81.38000;80.19000;80.19000;8009000
2020-10-20;81.010002;82.040001;80.82000;81.010002;9806800
2020-10-19;81.66000;82.13000;80.29000;80.59000;8531000
2020-10-16;81.51000;82.099998;81.39000;81.60000;9422400
2020-10-15;79.85000;81.050003;79.72000;81.010002;12063800
2020-10-14;80.40000;81.33000;80.39000;80.72000;10052300
2020-10-13;80.60000;81.089996;80.029999;80.27000;11004600
2020-10-12;81.070000;81.46000;80.83000;81.17000;8662000
2020-10-09;80.91000;81.26000;80.46000;80.71000;12603500
2020-10-08;80.15000;80.42000;79.44000;80.41000;16341600
2020-10-07;78.82000;79.86000;78.79000;79.62000;10049900
2020-10-06;79.19000;79.72000;77.82000;77.90000;12587300
2020-10-05;78.27000;79.029999;78.27000;78.86000;8880800
2020-10-02;75.5;78.059998;75.47000;77.61000;17895400
2020-10-01;77.52000;77.87000;76.21000;76.75;14045400
2020-09-30;77.48000;78.39000;76.41000;76.98000;12184900
2020-09-29;77.73000;78.050003;76.96000;77.18000;9633000
2020-09-28;77.45000;78.49000;77.45000;77.87000;7409600
2020-09-25;74.90000;76.75;74.90000;76.49000;7346900
2020-09-24;75.13000;76.21000;74.35000;75.36000;12111100
2020-09-23;76.78000;77.59000;75.17000;75.25;16388700
2020-09-22;75.84000;76.77000;75.77000;76.62000;7512500
2020-09-21;77.059998;77.23000;75.11000;75.87000;23188100
2020-09-18;79.92000;80.22000;78.72000;78.78000;13358700
2020-09-17;78.37000;80.16000;78.010002;79.67000;19265500
2020-09-16;79.33000;80.31000;78.89000;79.51000;10296200
2020-09-15;78.98000;79.18000;78.58000;78.71000;13583700
2020-09-14;78.34000;78.91000;77.97000;78.66000;9641800
2020-09-11;76.86000;77.98000;76.80000;77.61000;16124400
2020-09-10;77.82000;78.059998;76.33000;76.57000;16547200
2020-09-09;77.080002;78.20000;76.88000;77.56000;16222000
2020-09-08;77.31000;77.40000;76.17000;76.38000;14913700
2020-09-04;78.35000;78.88000;76.81000;77.84000;21632400
2020-09-03;79.96000;80.26000;77.16000;77.66000;19995100
2020-09-02;78.88000;80.12000;78.66000;79.90000;15333500
2020-09-01;77.56000;78.67000;77.28000;78.60000;14431600
2020-08-31;78.57000;78.86000;77.81000;77.81000;9908100
2020-08-28;78.32000;78.83000;77.95000;78.79000;10323900
2020-08-27;78.21000;78.71000;77.79000;78.050003;10260100
2020-08-26;77.58000;78.040001;77.20000;77.77000;6538500
2020-08-25;78.36000;78.36000;77.32000;77.73000;12076100
2020-08-24;76.96000;77.83000;76.61000;77.83000;10171400
2020-08-21;76.070000;76.66000;76.019997;76.45000;7113600
2020-08-20;75.95000;76.32000;75.71000;76.14000;10529300
2020-08-19;76.84000;77.24000;76.38000;76.55000;6297900
2020-08-18;77.12000;77.36000;76.64000;76.75;5145500
2020-08-17;77.68000;77.84000;77.029999;77.17000;5898700
2020-08-14;76.84000;77.92000;76.72000;77.53000;5909700
2020-08-13;77.22000;77.75;76.93000;77.23000;13298800
2020-08-12;78.12000;78.21000;77.34000;77.64000;12587200
2020-08-11;78.059998;78.67000;77.23000;77.39000;17263700
2020-08-10;75.40000;77.050003;75.36000;76.98000;15626800
2020-08-07;73.82000;75.16000;73.71000;75.13000;12952100
2020-08-06;73.5;73.88000;73.40000;73.87000;5880600
2020-08-05;72.70000;73.68000;72.61000;73.59000;8520900
2020-08-04;71.77000;72.25;71.75;72.21000;6560900
2020-08-03;71.82000;72.28000;71.37000;72.029999;12737000
2020-07-31;71.71000;71.88000;70.53000;71.73000;9836300
2020-07-30;72.22000;72.41000;71.47000;72;9118700
2020-07-29;72.010002;72.89000;71.96000;72.73000;6935400
2020-07-28;71.80000;72.24000;71.58000;71.64000;5964500
2020-07-27;71.82000;72.24000;71.40000;72.14000;6198400
2020-07-24;72.31000;72.71000;71.63000;71.84000;10061400
2020-07-23;72.55000;73.089996;72.14000;72.42000;7538000
2020-07-22;71.78000;72.74000;71.76000;72.64000;7620200
2020-07-21;71.76000;72.58000;71.63000;72.059998;9344300
2020-07-20;71.59000;71.76000;70.91000;71.12000;9404600
2020-07-17;71.89000;72.15000;71.52000;72;8605200
2020-07-16;71.22000;71.92000;70.89000;71.57000;13017100
2020-07-15;71.059998;71.87000;70.66000;71.55000;15472400
2020-07-14;68.050003;69.85000;67.77000;69.77000;12689500
2020-07-13;68.60000;69.46000;67.93000;68.29000;14570100
2020-07-10;67.080002;68.070000;67.080002;68.010002;9255300
2020-07-09;68.51000;68.59000;66.92000;67.14000;16782900
2020-07-08;68.60000;69.059998;68.050003;68.63000;8576500
2020-07-07;69.29000;69.59000;68.55000;68.63000;6111800
2020-07-06;70.050003;70.34000;69.46000;69.97000;10815400
2020-07-02;69.49000;70;68.81000;68.98000;8279800
2020-07-01;69.38000;69.94000;68.33000;68.39000;9789000
2020-06-30;67.79000;69.089996;67.59000;68.70000;8868500
2020-06-29;67.12000;68.31000;66.69000;68.31000;10864700
2020-06-26;67.12000;67.37000;65.85000;66.14000;21429900
2020-06-25;66.21000;67.45000;65.63000;67.39000;11623700
2020-06-24;68.11000;68.34000;66.48000;66.65000;16922800
2020-06-23;69.74000;69.83000;68.88000;69.050003;8849600
2020-06-22;68.51000;69.26000;67.94000;69.040001;7932000
2020-06-19;71.13000;71.21000;68.76000;69.23000;15601300
2020-06-18;69.69000;70.72000;69.55000;70.089996;8632800
2020-06-17;71.019997;71.16000;70.18000;70.35000;9448200
2020-06-16;72.41000;72.49000;69.59000;70.86000;20563200
2020-06-15;66.63000;69.93000;66.36000;69.5;18116200
2020-06-12;69.95000;70.14000;67.14000;68.82000;29161900
2020-06-11;69.52000;70.089996;67.41000;67.51000;26054800
2020-06-10;74.040001;74.14000;72.38000;72.61000;16694200
2020-06-09;74.90000;75;74.059998;74.39000;15074600
2020-06-08;75.75;76.53000;75.72000;76.29000;18906200
2020-06-05;75.16000;76.21000;74.49000;74.79000;19564100
2020-06-04;71.22000;72.17000;71.040001;72.14000;17880500
2020-06-03;69.70000;71.57000;69.67000;71.38000;16253300
2020-06-02;68.33000;68.88000;68.040001;68.70000;10852400
2020-06-01;67.60000;68.33000;67.34000;67.82000;12919200
2020-05-29;67.46000;68.13000;66.75;67.67000;18881500
2020-05-28;69.43000;69.65000;67.97000;68.089996;17490200
2020-05-27;67.96000;68.79000;67.29000;68.74000;21918500
2020-05-26;65.85000;67.029999;65.82000;66.52000;14908000
2020-05-22;64.010002;64.059998;63.27000;63.84000;7113000
2020-05-21;63.75;64.40000;63.41000;63.89000;7682300
2020-05-20;63.56000;64.35000;63.47000;63.74000;8644000
2020-05-19;63.26000;63.87000;62.56000;62.57000;12447700
2020-05-18;61.82000;63.78000;61.65000;63.38000;22117500
2020-05-15;58.97000;59.83000;58.70000;59.46000;17398000
2020-05-14;58.18000;59.67000;56.97000;59.67000;14221100
2020-05-13;60.21000;60.28000;58.5;59.049999;15434500
2020-05-12;62.47000;62.71000;60.56000;60.57000;12329000
2020-05-11;62.48000;62.80000;61.89000;62.32000;8407700
2020-05-08;62.33000;63.24000;62.31000;63.11000;8661500
2020-05-07;61.69000;62.37000;61.34000;61.58000;8144500
2020-05-06;62.060001;62.11000;60.79000;60.87000;7048100
2020-05-05;62.049999;62.56000;61.65000;61.72000;8691200
2020-05-04;61.39000;61.49000;60.60000;61.48000;8551700
2020-05-01;63.080002;63.25;61.86000;62.27000;9019200
2020-04-30;64.60000;64.72000;63.74000;64.21000;14309800
2020-04-29;65.57000;66.22000;64.92000;65.51000;12757000
2020-04-28;64.34000;65.010002;63.61000;64.28000;9938600
2020-04-27;62;63.49000;61.88000;63.099998;9323200
2020-04-24;61.61000;61.78000;60.58000;61.57000;7139000
2020-04-23;61.070000;62.35000;61.060001;61.080002;14256500
2020-04-22;61.14000;61.30000;60.23000;60.60000;9185000
2020-04-21;60.090000;60.77000;59.73000;59.97000;9553300
2020-04-20;61.90000;62.64000;61.22000;61.42000;10475100
2020-04-17;62.33000;63.31000;62.11000;63.099998;18372500
2020-04-16;60.72000;60.74000;59.37000;60.27000;16117600
2020-04-15;61.17000;61.29000;59.79000;60.81000;12758400
2020-04-14;62.72000;63.18000;61.92000;62.54000;15293600
2020-04-13;62.82000;62.86000;60.80000;61.37000;11086600
2020-04-09;63.47000;64.33000;62.65000;63.22000;21132300
2020-04-08;60.93000;62.62000;60.43000;62.28000;11986700
2020-04-07;62.5;63.19000;60.060001;60.099998;18391000
2020-04-06;58.88000;60.59000;58.81000;60.24000;19306700
2020-04-03;56.94000;57.53000;55.72000;56.34000;15912400
2020-04-02;55.85000;57.87000;55.63000;57.099998;23895100
2020-04-01;56.38000;57.060001;55.54000;56.35000;16057100
2020-03-31;59.25;60.25;58.76000;59.0099983;12883900
2020-03-30;58.92000;60.040001;57.98000;59.75;15759000
2020-03-27;59.13000;61.57000;57.97000;58.89000;22486700
2020-03-26;58.93000;61.83000;58.41000;61.48000;22110200
2020-03-25;55.99000;60.049999;54.64000;57.83000;27753000
2020-03-24;51.74000;55.12000;51.61000;54.94000;29349700
2020-03-23;50.83000;50.83000;47.71000;48.77000;34346400
2020-03-20;54.51000;55.16000;51.18000;51.40000;22341700
2020-03-19;53.40000;54.96000;51.29000;54.11000;16868000
2020-03-18;54.30000;54.99000;50.36000;54.070000;26018900
2020-03-17;56.68000;58.67000;54.61000;58.37000;24962200
2020-03-16;56.22000;59.89000;55.57000;55.80000;18656400
2020-03-13;61.83000;62.99000;58.59000;62.94000;18660300
2020-03-12;59.59000;63;54.099998;58.38000;23659800
2020-03-11;67.040001;67.65000;64.40000;65.12000;28414900
2020-03-10;68.040001;69.23000;65.35000;69.18000;18385600
2020-03-09;66.70000;68.35000;65.080002;65.77000;24792500
2020-03-06;70.66000;72.74000;70.45000;72.45000;40681300
2020-03-05;74.67000;75.22000;72.77000;73.089996;28762200
2020-03-04;74.96000;76.95000;74.26000;76.85000;32387800
2020-03-03;75.85000;77.53000;73.35000;73.80000;53823900
2020-03-02;73.95000;75.83000;72.59000;75.65000;44798900
2020-02-28;72.17000;73.67000;71.30000;73.080002;79118200
2020-02-27;75.79000;77.40000;74.39000;74.44000;42597300
2020-02-26;78.39000;79.39000;77.14000;77.31000;32619800
2020-02-25;81.38000;81.62000;77.69000;77.90000;33000700
2020-02-24;81.21000;81.72000;80.71000;81.21000;18010100
2020-02-21;83.56000;83.84000;83.21000;83.59000;13184800
2020-02-20;83.98000;84.59000;83.40000;84.010002;9518700
2020-02-19;84.33000;84.57000;84.089996;84.13000;4638700
2020-02-18;84.29000;84.53000;83.77000;84.16000;10399700
2020-02-14;84.73000;84.89000;84.30000;84.64000;5319300
2020-02-13;84.79000;85.11000;84.46000;84.75;8231500
2020-02-12;84.90000;85.33000;84.70000;85.23000;7808900
2020-02-11;84.55000;84.84000;84.23000;84.44000;6291400
2020-02-10;83.52000;84.14000;83.42000;84.12000;8074200
2020-02-07;83.94000;84.15000;83.58000;83.65000;12394500
2020-02-06;84.33000;84.40000;83.72000;84.26000;8627600
2020-02-05;83.54000;84;83.11000;83.99000;12835800
2020-02-04;82.32000;82.81000;82.24000;82.61000;13597200
2020-02-03;81.55000;82.23000;80.99000;81.080002;15676600
2020-01-31;82.58000;82.70000;80.80000;81.11000;19083600
2020-01-30;82.14000;83.12000;81.97000;83.029999;13158200
2020-01-29;83.33000;83.57000;82.85000;82.94000;10355100
2020-01-28;82.24000;82.91000;81.86000;82.5;14918000
2020-01-27;82.059998;82.52000;81.97000;81.97000;15013800
2020-01-24;84.099998;84.17000;82.93000;83.55000;13402200
2020-01-23;82.93000;84.050003;82.63000;83.94000;10758500
2020-01-22;83.71000;83.90000;82.98000;83.040001;7490500
2020-01-21;84.029999;84.27000;83.11000;83.48000;13005000
2020-01-17;84.46000;84.81000;84.30000;84.41000;7013400
2020-01-16;84;84.44000;83.93000;84.40000;9493300
2020-01-15;83.45000;83.92000;83.38000;83.57000;12014500
2020-01-14;83.48000;83.98000;83.33000;83.44000;9649400
2020-01-13;83.010002;83.52000;82.85000;83.43000;7893800
2020-01-10;83.51000;83.51000;82.61000;82.75;8856800
2020-01-09;83.34000;83.43000;83.080002;83.34000;7407200
2020-01-08;82.77000;83.36000;82.63000;82.99000;10677700
2020-01-07;82.57000;83.019997;82.29000;82.71000;16675400
2020-01-06;82.46000;82.89000;82.27000;82.88000;16153100
2020-01-03;82.059998;82.95000;81.99000;82.85000;17571300
2020-01-02;82.050003;83.010002;81.83000;83.010002;16121300
