### XLE
datetime;open;high;low;close;volume
2025-12-30;44.80000;45.090000;44.80000;44.96000;18654700
2025-12-29;44.51000;44.74000;44.29000;44.62000;31352100
2025-12-26;44.32000;44.44000;43.99000;44.20000;17884500
2025-12-24;44.42000;44.56000;44.31000;44.37000;11293900
2025-12-23;44.37000;44.55000;44.22000;44.5;19137500
2025-12-22;44.14000;44.49000;44.090000;44.21000;23707400
2025-12-19;44.25;44.53000;44.029999;44.13000;31959600
2025-12-18;44.65000;44.71000;43.98000;44.13000;29920200
2025-12-17;44.13000;44.88000;44.060001;44.78000;43375300
2025-12-16;44.83000;44.85000;43.77000;43.81000;49312400
2025-12-15;45.61000;45.61000;44.82000;45.19000;27521600
2025-12-12;46.049999;46.24000;45.39000;45.51000;33161200
2025-12-11;45.90000;46.25;45.84000;45.96000;25827200
2025-12-10;45.84000;46.27000;45.63000;46.18000;26255100
2025-12-09;45.5;46.080002;45.46000;45.70000;20917400
2025-12-08;45.66000;45.92000;45.27000;45.42000;27891900
2025-12-05;46.029999;46.66000;45.91000;45.92000;22164400
2025-12-04;45.89000;46.18500;45.75500;46.11000;23799600
2025-12-03;45.375;45.99500;45.31000;45.91500;30174000
2025-12-02;45.59000;45.59000;44.84500;45.070000;33305000
2025-12-01;45.29000;45.91000;45.25500;45.66000;31150000
2025-11-28;44.66500;45.42000;44.60000;45.22500;16666600
2025-11-26;44.29500;44.96000;44.25500;44.64000;26611000
2025-11-25;44.23500;44.48000;43.94000;44.30500;29299000
2025-11-24;44.66000;44.72500;43.89500;44.58500;33681800
2025-11-21;44.50500;44.90500;44.035000;44.71000;39317200
2025-11-20;45.17000;45.78500;44.39500;44.43000;41630000
2025-11-19;44.72500;45.084999;44.41000;44.94000;41062800
2025-11-18;44.97500;45.65000;44.85000;45.53000;34839400
2025-11-17;45.95500;45.97000;44.99000;45.17000;37447400
2025-11-14;45.48000;46.11000;44.91000;46.0099983;34179400
2025-11-13;45.27000;45.65000;45.040001;45.24000;32243800
2025-11-12;45.45500;45.66500;45.060001;45.125;29863200
2025-11-11;45.44500;46.084999;45.41000;45.76500;38752800
2025-11-10;44.88500;45.28000;44.30500;45.17500;31264600
2025-11-07;44.29000;44.875;44.17000;44.77000;35458400
2025-11-06;43.77500;44.55000;43.77500;44.13500;32154800
2025-11-05;43.60000;44.19500;43.54500;43.71000;23857200
2025-11-04;43.53000;43.71500;43.18500;43.59500;29477600
2025-11-03;44.075001;44.19000;43.56500;44.070000;22232000
2025-10-31;43.85000;44.31500;43.66000;44.064999;26985400
2025-10-30;43.99000;44.31000;43.68500;43.74500;20663400
2025-10-29;43.73000;44.23000;43.64000;44.0050011;26807800
2025-10-28;43.97500;44.11500;43.65500;43.68000;22474600
2025-10-27;44.17500;44.32000;43.94500;44.14000;19597200
2025-10-24;44.68500;44.70000;44.0050011;44.035000;21191000
2025-10-23;44.68500;44.78000;44.21500;44.48500;47308800
2025-10-22;43.63500;44.090000;43.27000;43.90000;32814000
2025-10-21;43.56500;43.66500;43.125;43.34500;25885200
2025-10-20;43.064999;43.54500;43.064999;43.44500;25352400
2025-10-17;42.82000;43.080002;42.64500;42.99000;24071800
2025-10-16;43.23500;43.36500;42.35000;42.64000;29193800
2025-10-15;43.46000;43.70500;42.84000;43.16000;24267000
2025-10-14;42.57500;43.43000;42.52000;43.18500;25084600
2025-10-13;42.93500;43.24500;42.79500;43.19000;22889600
2025-10-10;43.55500;43.77500;42.59500;42.61000;44892200
2025-10-09;44.58000;44.96000;43.83500;43.88000;23397800
2025-10-08;44.74500;44.74500;44.15000;44.48500;20024200
2025-10-07;44.63500;44.78000;43.95500;44.74500;25324000
2025-10-06;44.73500;44.93000;44.49500;44.67500;21488400
2025-10-03;44.44500;44.71500;44.39000;44.45500;24048000
2025-10-02;44.57000;44.96500;44.17500;44.22000;31793600
2025-10-01;44.45000;44.82000;44.40000;44.67000;27661200
2025-09-30;44.75500;44.85000;44.32000;44.67000;47544800
2025-09-29;45.67500;45.74000;44.91500;45.15000;37674400
2025-09-26;45.65000;46.45500;45.64000;45.99500;40161600
2025-09-25;45.16500;45.62000;45.040001;45.57500;31887200
2025-09-24;44.90500;45.59000;44.85500;45.17000;35406200
2025-09-23;44.0099983;45.070000;44.0099983;44.59000;44214800
2025-09-22;43.73000;44.049999;43.55500;43.83500;22502400
2025-09-19;44.81500;44.85000;44.10500;44.26000;29979200
2025-09-18;45.035000;45.125;44.51500;44.85500;28713000
2025-09-17;44.83000;45.31000;44.63500;44.99500;26044800
2025-09-16;44.34500;45.029999;44.33500;44.89000;41593000
2025-09-15;44.38500;44.5;44.075001;44.15000;23287800
2025-09-12;44.75;44.95000;44.29000;44.30000;22297800
2025-09-11;44.20000;44.66000;44.064999;44.56500;25176800
2025-09-10;43.89000;44.58000;43.79000;44.55500;29932800
2025-09-09;43.81500;44.41000;43.76500;43.79000;41193400
2025-09-08;43.82500;44.014999;43.19500;43.58000;34931800
2025-09-05;44.17500;44.32000;43.46000;43.68000;48182200
2025-09-04;44.25;44.72500;44.060001;44.54000;25895400
2025-09-03;44.90000;45.27500;44.095001;44.24500;36018200
2025-09-02;45.075001;45.34000;44.73500;45.26000;25964400
2025-08-29;44.97000;45.31000;44.91000;45.19500;23745000
2025-08-28;44.625;45.014999;44.33000;44.95000;24086200
2025-08-27;44.049999;44.77000;44;44.61000;26877400
2025-08-26;44.0099983;44.15500;43.70500;44.11500;22855600
2025-08-25;43.96000;44.24000;43.81500;44.18500;23412800
2025-08-22;43.33500;44.17500;43.26500;44.070000;30936400
2025-08-21;42.82000;43.28500;42.70500;43.19000;22088000
2025-08-20;42.61000;43.070000;42.57000;42.89500;27967200
2025-08-19;42.40500;42.79000;42.29500;42.54000;25693800
2025-08-18;42.55500;42.72500;42.28000;42.52500;26428400
2025-08-15;42.80000;43.26500;42.64500;42.78000;27297800
2025-08-14;42.79000;42.84500;42.32500;42.78000;24944600
2025-08-13;42.36000;42.82500;42.21000;42.82000;25601200
2025-08-12;42.21000;42.70000;42.084999;42.33000;34522600
2025-08-11;42.55000;42.73500;42.049999;42.125;28828800
2025-08-08;42.39500;42.85500;42.18000;42.46500;40736200
2025-08-07;42.61000;43.084999;42.14000;42.19500;35042000
2025-08-06;43.025002;43.27500;42.23500;42.36000;38249400
2025-08-05;42.69000;42.81500;42.17500;42.75500;31413600
2025-08-04;42.72000;43.040001;42.48000;42.70000;26509600
2025-08-01;43.44000;43.59500;42.56000;42.79500;42329400
2025-07-31;43.38000;44.11000;43.38000;43.60500;24960800
2025-07-30;44.20000;44.22500;43.56500;43.84000;26552400
2025-07-29;44.11500;44.49000;43.97000;44.47500;24552000
2025-07-28;43.84000;44.12000;43.77500;44.044998;23705200
2025-07-25;43.76000;43.83500;43.32500;43.55000;20143200
2025-07-24;43.29000;43.77000;43.095001;43.71500;24022200
2025-07-23;42.91000;43.43000;42.80000;43.40500;28046000
2025-07-22;42.48500;42.97000;42.44500;42.73500;32444000
2025-07-21;43.0099983;43.084999;42.45000;42.53500;30434400
2025-07-18;43.67500;43.875;42.81000;42.98000;60975600
2025-07-17;42.84500;43.39500;42.74000;43.33000;36085600
2025-07-16;43.38000;43.63000;42.91000;43.064999;35501600
2025-07-15;43.99000;44.18000;43.38500;43.44000;33859000
2025-07-14;44.48000;44.48000;43.84000;44.075001;33441600
2025-07-11;44.29000;44.72000;44.15500;44.56500;30171600
2025-07-10;43.93000;44.39000;43.61500;44.36500;28823800
2025-07-09;44.14500;44.32000;43.90000;44.029999;28672400
2025-07-08;43.044998;44.41500;43.035000;44.25500;47472400
2025-07-07;43.25;43.48000;42.65000;43.095001;35673000
2025-07-03;43.40500;43.65500;43.30500;43.51500;22266200
2025-07-02;43.090000;43.53500;42.61500;43.46500;42468800
2025-07-01;42.47000;42.93000;42.080002;42.73000;40772800
2025-06-30;42.48500;42.67000;42.28000;42.40500;26247600
2025-06-27;42.85000;42.85000;42.39500;42.65000;35411800
2025-06-26;42.36500;42.96000;42.26000;42.875;33565600
2025-06-25;42.40500;42.56000;42.13000;42.27000;43723000
2025-06-24;42.39000;42.90000;42.29500;42.45500;65358800
2025-06-23;44.68500;44.71500;42.83000;43.014999;105688200
2025-06-20;44.21500;44.61500;44.084999;44.49000;56744800
2025-06-18;44.49000;44.71500;43.94000;44.040001;70473000
2025-06-17;44.28500;44.66000;44.0099983;44.33000;67884200
2025-06-16;43.93000;44.375;43.59000;43.92000;69406600
2025-06-13;44.10500;44.28500;43.47500;44.049999;84194800
2025-06-12;42.94500;43.31000;42.63000;43.29500;34028200
2025-06-11;42.82000;43.21500;42.40000;43.14500;48996600
2025-06-10;42.23000;42.80500;42.21000;42.53000;46092200
2025-06-09;41.87000;42.22000;41.54000;41.78500;28680400
2025-06-06;41.30500;41.83000;41.30500;41.70500;28556800
2025-06-05;41.28000;41.30000;40.83000;40.93500;27655000
2025-06-04;41.77000;42.095001;40.92500;40.97500;44939200
2025-06-03;41.33000;42.049999;40.94000;41.79000;30352600
2025-06-02;41.53000;41.58500;40.82500;41.30000;32031000
2025-05-30;40.81500;40.98000;40.44000;40.76500;31038600
2025-05-29;40.89000;41.13000;40.63000;41.13000;23792800
2025-05-28;41.55000;41.67500;40.72000;40.82500;29552600
2025-05-27;41.28000;41.41500;40.97500;41.35000;19028000
2025-05-23;40.50500;41.099998;40.49000;40.99500;23511000
2025-05-22;40.81000;41.099998;40.36000;40.86500;23732200
2025-05-21;41.54500;41.625;41.020000;41.025002;25698400
2025-05-20;42.15500;42.25;41.75500;41.79500;22782200
2025-05-19;42.38500;42.43000;41.875;42.18500;24787000
2025-05-16;42.90000;42.92500;42.30500;42.74000;21725800
2025-05-15;42.084999;42.83000;41.98000;42.80500;29721600
2025-05-14;42.60000;42.79000;42.46000;42.625;21332600
2025-05-13;42.5;43.22500;42.33000;42.88500;29031600
2025-05-12;42.74000;42.93500;41.98000;42.29000;32610000
2025-05-09;41.30000;41.42000;40.88000;41.21500;19993200
2025-05-08;40.64500;41.36000;40.58000;40.80500;30565800
2025-05-07;40.35000;40.48000;39.97000;40.27500;22446200
2025-05-06;40.43000;40.61000;40.035000;40.26000;22995400
2025-05-05;40.47500;40.53000;40.025002;40.25;29530200
2025-05-02;40.89000;41.19500;40.16000;40.99000;32038800
2025-05-01;39.92000;40.93000;39.92000;40.40000;36314400
2025-04-30;40.70000;40.76000;39.75500;40.25;37814200
2025-04-29;41.020000;41.51500;40.94000;41.36500;19843400
2025-04-28;41.15000;41.60000;41.095001;41.48500;16436800
2025-04-25;40.90000;41.23000;40.74000;41.19500;17664800
2025-04-24;41;41.39000;40.64500;41.27000;21219000
2025-04-23;41.049999;41.49000;40.37000;40.62000;43216200
2025-04-22;40.20000;40.99500;40.025002;40.69500;22097400
2025-04-21;40.10500;40.20500;39.24500;39.68500;31012000
2025-04-17;40.17500;41.38000;40.15500;40.75;47908800
2025-04-16;39.77000;40.52500;39.67000;39.85000;27331400
2025-04-15;39.55000;40.26000;39.50500;39.52500;22167000
2025-04-14;40.38000;40.38000;39.19000;39.58500;32748200
2025-04-11;38.67000;39.74000;37.91000;39.44500;41916800
2025-04-10;40.11000;40.11000;37.74000;38.49000;79046600
2025-04-09;37.47500;41.60500;37.24500;41.18000;118962400
2025-04-08;40.33000;40.54000;37.61000;38.22000;90538400
2025-04-07;38.10500;40.79000;37.49000;39.125;113906800
2025-04-04;41.82500;42.29500;39.38000;39.38000;100752000
2025-04-03;44.82500;45.17000;43.35500;43.37000;75657800
2025-04-02;46.60000;47.10500;46.49000;47.064999;33960600
2025-04-01;46.75;47.044998;46.24500;47;27121200
2025-03-31;46.11500;47;46.049999;46.72500;28813800
2025-03-28;46.41000;46.58500;45.98500;46.21500;22248800
2025-03-27;46.75;46.92500;46.25;46.43500;19147800
2025-03-26;47.049999;47.41000;46.77500;46.89000;25564600
2025-03-25;46.63000;47.020000;46.47500;46.61500;22292000
2025-03-24;46.11000;46.70000;46.035000;46.42500;23824600
2025-03-21;46.43000;46.54000;45.97000;46.26000;36975600
2025-03-20;46.16000;46.74000;45.96500;46.58500;33163600
2025-03-19;45.73000;46.62000;45.72000;46.41500;31742600
2025-03-18;45.85000;45.95500;45.31000;45.67000;30806600
2025-03-17;44.84500;45.80500;44.84500;45.59500;29761600
2025-03-14;43.83000;44.94000;43.63000;44.88000;32023200
2025-03-13;43.73500;44.36500;43.32500;43.59000;30742000
2025-03-12;43.72000;44.29500;43.55500;43.89000;32240400
2025-03-11;44.22000;44.41000;43.45500;43.69000;30230200
2025-03-10;43.95500;44.64500;43.63000;44.040001;40045400
2025-03-07;43.17500;44.029999;43.17500;43.71500;44849200
2025-03-06;42.64500;43.24500;42.31000;42.98000;47104200
2025-03-05;42.85500;43.075001;42.014999;42.85000;56510800
2025-03-04;43.26500;44.19000;42.71500;43.48500;50677000
2025-03-03;45.67500;45.93500;43.50500;43.91000;49501800
2025-02-28;44.66000;45.53500;44.38000;45.5;26627200
2025-02-27;44.875;45.35500;44.49000;44.80500;30048000
2025-02-26;44.875;44.99500;44.36000;44.56500;24305600
2025-02-25;45.46500;45.67500;44.45500;44.82000;26608600
2025-02-24;45.54500;45.72000;45.23500;45.47500;26295200
2025-02-21;46.15000;46.27500;45.44000;45.46500;31276600
2025-02-20;45.91500;46.51000;45.72000;46.43000;28332200
2025-02-19;45.84000;46.44000;45.81500;46.0099983;24531200
2025-02-18;45.25;45.95000;44.99000;45.65000;29574800
2025-02-14;45.025002;45.66500;45.025002;45.035000;25885800
2025-02-13;44.45000;44.95500;44.16000;44.85500;31550400
2025-02-12;45.24500;45.55500;44.44000;44.52000;38798800
2025-02-11;45.47000;45.92500;45.18000;45.62000;26226800
2025-02-10;44.67500;45.33000;44.67500;45.25500;25871400
2025-02-07;44.45000;44.68500;44.22000;44.28000;22568400
2025-02-06;45.32000;45.43000;44.044998;44.28500;41309600
2025-02-05;45.0050011;45.18000;44.75500;45.11500;21772000
2025-02-04;43.89000;45.11500;43.81500;45.020000;40279800
2025-02-03;43.81500;44.27500;43.41500;44.095001;39816400
2025-01-31;44.95500;45.055000;43.71500;43.82000;44537400
2025-01-30;45.125;45.31500;44.80000;45.080002;39092600
2025-01-29;44.64000;45.080002;44.57500;44.85000;20681800
2025-01-28;45.31500;45.47500;44.52500;44.75;37401800
2025-01-27;45.5;45.58000;44.86500;45.18000;31993400
2025-01-24;46.16500;46.35500;45.60000;45.65500;29156800
2025-01-23;46.24000;46.41000;45.77500;46.099998;29359200
2025-01-22;46.59500;46.65000;45.86000;45.89000;35880200
2025-01-21;46.86000;47;46.49500;46.74000;49302000
2025-01-17;46.62000;47.14500;46.45500;46.98000;23899600
2025-01-16;46.13000;46.66500;46.075001;46.62000;25230600
2025-01-15;45.89000;46.40500;45.70000;46.28500;34657800
2025-01-14;45.044998;45.65000;44.98000;45.61000;31173000
2025-01-13;44.39500;45.39000;44.39500;45.125;48896200
2025-01-10;44.58500;45.099998;43.96000;44.19500;34075800
2025-01-08;43.70000;44.035000;43.54500;44.014999;28483800
2025-01-07;43.85500;44.30500;43.59000;43.97000;25035800
2025-01-06;43.93500;44.28500;43.42500;43.53500;22835200
2025-01-03;43.58500;43.88000;43.41000;43.73500;22120800
2025-01-02;43.18000;43.65000;43.040001;43.33000;34887000
2024-12-31;42.375;42.95000;42.29000;42.83000;21165000
2024-12-30;42.28500;42.51500;41.92500;42.27500;23545400
2024-12-27;42.25;42.74000;42.070000;42.28000;20369800
2024-12-26;42.33500;42.36000;42.025002;42.28500;15386400
2024-12-24;42.084999;42.40000;41.81000;42.32000;15024200
2024-12-23;41.65500;42.10500;41.375;41.96500;34445400
2024-12-20;41.65500;42.21500;41.54500;42.070000;35704800
2024-12-19;42.47000;42.60500;41.63000;41.66000;49981400
2024-12-18;43.18500;43.39000;42.025002;42.025002;39241200
2024-12-17;43.30000;43.38500;42.90000;43.30500;32011600
2024-12-16;44.48500;44.48500;43.59500;43.63000;25036200
2024-12-13;44.94500;44.96000;44.48500;44.61000;22346000
2024-12-12;45.12000;45.20000;44.79000;44.83500;21746200
2024-12-11;45.22000;45.37000;44.98000;45.20000;23147600
2024-12-10;45.69500;45.76000;45.060001;45.125;23299800
2024-12-09;45.89000;46.13500;45.39500;45.43500;23627800
2024-12-06;46.20000;46.20500;45.42500;45.51000;26206600
2024-12-05;46.28500;46.60000;46.099998;46.29500;22662400
2024-12-04;47.23500;47.23500;45.84000;46.11500;32518000
2024-12-03;47.56500;47.65000;47.049999;47.25500;17886600
2024-12-02;47.75;47.83000;46.83500;47.26000;22190000
2024-11-29;47.66500;47.84500;47.58000;47.76500;13636400
2024-11-27;47.56500;47.96500;47.5;47.56000;15595600
2024-11-26;47.74000;47.84000;47.39000;47.61000;24932800
2024-11-25;48.625;48.87000;47.56000;47.67500;32950600
2024-11-22;48.49500;48.96000;48.45000;48.63500;21555600
2024-11-21;48.39000;48.92500;48.27000;48.56000;33541000
2024-11-20;47.86500;48.20500;47.71500;48.17000;17917600
2024-11-19;47.61000;47.97500;47.46500;47.69000;23796400
2024-11-18;47.74000;48.090000;47.53000;47.99500;23892600
2024-11-15;47.39000;47.84500;47.19500;47.36500;28080400
2024-11-14;47.57000;47.59000;47.13500;47.43500;18011000
2024-11-13;47.029999;47.45000;46.46500;47.25500;23676200
2024-11-12;47.27500;47.42500;46.84000;46.89000;18500400
2024-11-11;46.88500;47.30000;46.66500;47.14000;20909400
2024-11-08;46.57000;46.94500;46.38500;46.875;22336800
2024-11-07;46.75;46.75;46.21000;46.56500;26138000
2024-11-06;46.32500;47.13500;46.025002;46.78000;50053200
2024-11-05;45.0050011;45.20000;44.80500;45.084999;20876600
2024-11-04;44.31500;44.85500;44.25500;44.78500;25811800
2024-11-01;44.89500;45.055000;43.92500;44.014999;26304600
2024-10-31;44.30000;44.63000;44.18000;44.29500;31623200
2024-10-30;44.075001;44.36500;43.90500;44.020000;19364200
2024-10-29;44.5;44.53500;43.82500;43.92000;23791600
2024-10-28;43.93000;44.63000;43.89000;44.60000;24228000
2024-10-25;45.14000;45.26000;44.75500;44.88500;19104600
2024-10-24;45;45.13500;44.60000;44.90000;17046600
2024-10-23;45.014999;45.19000;44.64500;44.90500;19813200
2024-10-22;45.20000;45.35000;44.97500;45.14000;17956400
2024-10-21;45.47000;45.61500;44.95500;45.035000;21162000
2024-10-18;45.23500;45.36500;44.85000;45.17000;24015200
2024-10-17;45.099998;45.47000;45.049999;45.32000;21433400
2024-10-16;45.14500;45.25500;44.98500;45.10500;19877000
2024-10-15;45.15000;45.45000;44.86500;44.89000;37839200
2024-10-14;46.080002;46.46000;46.0099983;46.38500;22198600
2024-10-11;46.10500;46.57000;46.014999;46.40500;26414600
2024-10-10;46.064999;46.375;45.73000;46.12000;26047400
2024-10-09;45.19500;45.93000;45.10500;45.81000;31519600
2024-10-08;46.15000;46.20000;45.31500;45.53500;39759800
2024-10-07;46.75500;47.10500;46.60000;46.75500;32519400
2024-10-04;46.55000;46.73500;46.125;46.59000;35945600
2024-10-03;45.52000;46.22000;45.17500;46.16000;44726000
2024-10-02;45.53000;45.64500;44.85500;45.36000;41925200
2024-10-01;43.50500;45.080002;43.45000;44.90000;66114200
2024-09-30;43.51500;43.98000;43.26500;43.90000;22806600
2024-09-27;42.95500;43.66000;42.93000;43.59500;30489600
2024-09-26;42.71500;43.29000;42.58500;42.72500;46896400
2024-09-25;44.33500;44.47000;43.49000;43.58000;27633600
2024-09-24;45.070000;45.070000;44.38500;44.45000;34627400
2024-09-23;44.099998;44.78000;43.95000;44.56000;26630200
2024-09-20;44.29500;44.48500;43.89000;44.38000;27961600
2024-09-19;44.70000;44.98000;44.23500;44.48000;37806800
2024-09-18;43.80500;44.49500;43.74500;43.95500;28209600
2024-09-17;43.30000;43.90000;43.20500;43.87000;25034600
2024-09-16;43.15500;43.55500;42.96000;43.28500;26875000
2024-09-13;42.77000;43.11500;42.67000;42.79500;26195400
2024-09-12;42.34000;42.72000;42.025002;42.55500;31762000
2024-09-11;42.56500;42.58500;41.51000;42.17500;48125800
2024-09-10;43.38000;43.43500;42.20500;42.57000;49326800
2024-09-09;43.13500;43.71500;43.070000;43.31500;32824400
2024-09-06;43.64500;43.91000;42.83000;43.0050011;35912000
2024-09-05;44.20500;44.24000;43.51000;43.55000;24991200
2024-09-04;44.55000;44.83500;43.80500;43.89000;30114000
2024-09-03;44.89500;44.96500;44.22500;44.50500;38194200
2024-08-30;45.0099983;45.65500;44.90500;45.64000;28085000
2024-08-29;45.15000;45.64000;44.72500;45.47000;22498800
2024-08-28;44.90000;45.16500;44.68500;44.88500;17049000
2024-08-27;45.60000;45.72500;45.095001;45.17500;16627200
2024-08-26;45.69500;46;45.26500;45.60000;19514800
2024-08-23;44.74000;45.27000;44.68500;45.19500;20734600
2024-08-22;44.44500;44.73000;44.35500;44.53000;19595400
2024-08-21;44.62000;44.84500;44.29000;44.41500;22737800
2024-08-20;45.44000;45.48000;44.32000;44.34000;33866400
2024-08-19;45.31000;45.92500;45.31000;45.54000;21762600
2024-08-16;45.0050011;45.34500;44.97000;45.23500;17753000
2024-08-15;45.0050011;45.43000;44.96500;45.28500;18335200
2024-08-14;44.57500;44.95000;44.40000;44.75;21657600
2024-08-13;44.58500;44.625;44.27000;44.49000;31386400
2024-08-12;44.96500;45.21500;43.75;44.92500;28785800
2024-08-09;44.54000;44.89500;44.25500;44.70500;22345600
2024-08-08;43.79000;44.66500;43.79000;44.60500;21596800
2024-08-07;44.020000;44.47000;43.64000;43.66500;26126000
2024-08-06;43.38500;43.98000;43.21500;43.49000;31418600
2024-08-05;43.25;43.59000;42.73500;43.22500;50039200
2024-08-02;44.85000;45.095001;43.75500;44.20000;45836200
2024-08-01;46.5;46.73500;45.13500;45.37000;42558400
2024-07-31;47.040001;47.070000;46.57000;46.60500;36173800
2024-07-30;45.69500;46.55500;45.64000;46.41000;25673200
2024-07-29;46.099998;46.13500;45.27000;45.70000;27156600
2024-07-26;45.83000;46.29000;45.66500;46.095001;23730800
2024-07-25;45.20000;46.095001;44.98500;45.95000;36437400
2024-07-24;45.28500;45.57500;44.86000;45.17000;29328600
2024-07-23;45.76500;45.80500;45.11000;45.16500;33103800
2024-07-22;45.94000;46.16000;45.63500;45.89500;21527600
2024-07-19;46.62000;46.94000;46.064999;46.18500;26500200
2024-07-18;46.56000;47.25500;46.39500;46.69500;32867600
2024-07-17;46.25500;46.91000;46.24500;46.61000;29435400
2024-07-16;45.75;46.19500;45.51500;46.15000;24129400
2024-07-15;45.58000;46.36000;45.40500;45.94500;30792000
2024-07-12;45.40000;45.46500;44.92500;45.26000;18117200
2024-07-11;44.56500;45.24000;44.41000;45.14500;22684800
2024-07-10;44.33000;44.69500;44.19500;44.68000;19320800
2024-07-09;44.33000;44.87000;44.20000;44.38000;19086600
2024-07-08;44.72500;45.19000;44.60000;44.77500;19595000
2024-07-05;45.67500;45.71000;44.85000;45.049999;23450400
2024-07-03;45.60500;45.97500;45.52500;45.76500;16280000
2024-07-02;46.040001;46.049999;45.27500;45.56500;25226800
2024-07-01;45.94000;46.090000;45.33000;45.60000;24563200
2024-06-28;45.75;45.91000;45.41000;45.57500;25670000
2024-06-27;45.53500;45.58500;45.14500;45.40000;15631600
2024-06-26;45.79500;45.79500;45.080002;45.29500;23127400
2024-06-25;45.60000;45.75;45.35000;45.74500;27666600
2024-06-24;44.76500;45.81500;44.69000;45.64000;31188200
2024-06-21;45.25500;45.38000;44.81000;44.875;39972600
2024-06-20;44.45000;45.36500;44.31000;45.13500;34073800
2024-06-18;44.42000;44.88000;44.21000;44.32000;29285800
2024-06-17;43.96000;44.33500;43.80000;44.13500;29547800
2024-06-14;44.30000;44.35000;43.83500;44.020000;25811400
2024-06-13;44.64000;44.76500;44.125;44.35000;28495600
2024-06-12;45.62000;45.63500;44.53500;44.76000;32560600
2024-06-11;45.13500;45.29500;44.72000;45.24500;18591200
2024-06-10;45.16500;45.60500;44.99500;45.33500;22543800
2024-06-07;45.090000;45.52000;44.77500;44.99500;20089800
2024-06-06;44.78500;45.19000;44.61500;45.17500;25506600
2024-06-05;45;45.070000;44.66500;44.94000;21040200
2024-06-04;44.91000;44.98500;44.35000;44.94500;34721400
2024-06-03;46.44500;46.46000;45.044998;45.38000;40796600
2024-05-31;45.55000;46.63500;45.50500;46.60000;32503000
2024-05-30;45.24000;45.63500;45.22500;45.47000;22731400
2024-05-29;46.025002;46.064999;45.13500;45.34000;30053600
2024-05-28;45.84500;46.27500;45.73000;46.15500;28904200
2024-05-24;45.97500;46.095001;45.55500;45.68500;19041400
2024-05-23;46.27000;46.43000;45.54000;45.62000;26931400
2024-05-22;46.75;46.77000;45.85500;46.040001;34868000
2024-05-21;47.049999;47.43500;46.90500;46.94000;22467600
2024-05-20;47.5;47.60500;47.055000;47.17000;20134600
2024-05-17;46.91000;47.55500;46.89500;47.48000;29001600
2024-05-16;46.85000;47.19000;46.70000;46.82500;24580200
2024-05-15;46.75;47.040001;46.060001;46.95500;38792200
2024-05-14;46.70000;46.88500;46.51000;46.85000;24911600
2024-05-13;47.025002;47.20000;46.59000;46.79000;20978000
2024-05-10;47.27500;47.43000;46.79000;46.91500;20568400
2024-05-09;46.60000;47.17500;46.60000;47.17500;22489400
2024-05-08;46.33500;46.77500;46.26500;46.55000;19811800
2024-05-07;46.71500;46.95000;46.59000;46.60500;20942200
2024-05-06;46.43000;47.12000;46.43000;46.65000;33445600
2024-05-03;46.32000;46.37000;45.67500;46.28500;38087800
2024-05-02;46.32500;46.59500;46.060001;46.28000;34616800
2024-05-01;46.69500;46.84500;45.76500;46.014999;50943800
2024-04-30;48;48.084999;46.74000;46.76000;35399000
2024-04-29;47.73000;48.30000;47.70000;48.19500;22236400
2024-04-26;47.88000;48.060001;47.38000;47.87000;32366600
2024-04-25;48.040001;48.46000;47.625;48.31500;26500200
2024-04-24;47.76000;48.15000;47.53000;48.095001;21303800
2024-04-23;47.57500;48.060001;47.34500;48.060001;28657400
2024-04-22;47.23500;48.12000;46.86000;47.79500;30244400
2024-04-19;47.0099983;47.80500;46.94000;47.48500;35451400
2024-04-18;47.22500;47.36000;46.75500;46.92000;25555600
2024-04-17;47.099998;47.57000;46.73000;47.064999;27421000
2024-04-16;47.52500;47.74500;46.86500;47.20000;36497600
2024-04-15;48.29500;48.52500;47.55500;47.61500;48690800
2024-04-12;49.17000;49.48500;47.83500;48.064999;46572400
2024-04-11;49.049999;49.070000;48.17000;48.86000;39204600
2024-04-10;48.61000;49.075001;48.40000;48.89500;39199600
2024-04-09;48.94000;49.070000;48.39000;48.74500;35322800
2024-04-08;49.064999;49.20500;48.64500;48.73000;34034600
2024-04-05;48.72000;49.23500;48.42500;49.040001;31194600
2024-04-04;48.625;48.80000;48.33000;48.52000;36941200
2024-04-03;48.40000;48.61500;48.24000;48.55000;29148800
2024-04-02;47.76000;48.27000;47.55000;48.22000;38671200
2024-04-01;47.34500;47.69500;46.88000;47.55500;42899000
2024-03-28;46.97500;47.29000;46.75;47.20500;34615200
2024-03-27;46.17000;46.71000;46.090000;46.70000;33960000
2024-03-26;46.67500;46.78000;46.18000;46.27000;35373800
2024-03-25;46.36000;46.94000;46.35000;46.63000;35074400
2024-03-22;46.32000;46.43500;46.084999;46.20000;17948800
2024-03-21;46.10500;46.39500;45.96000;46.30000;23334200
2024-03-20;45.82500;46.19000;45.75500;46.025002;32659400
2024-03-19;45.56500;46.125;45.53500;46.090000;28545800
2024-03-18;45.59500;45.73000;45.21500;45.57000;30496800
2024-03-15;45.61000;46.11000;45.50500;45.78000;37753400
2024-03-14;45.36000;45.66500;45.18500;45.64500;35946000
2024-03-13;44.93500;45.42500;44.86000;45.18000;42725200
2024-03-12;44.53500;44.66000;44.23500;44.47000;23780600
2024-03-11;44.095001;44.55500;43.76500;44.54000;24983800
2024-03-08;43.87000;44.095001;43.76000;44.084999;28252000
2024-03-07;43.62000;44.17500;43.58500;43.93000;24569200
2024-03-06;43.79000;44.020000;43.46500;43.56000;28008800
2024-03-05;43.040001;43.70500;42.98500;43.42500;32174200
2024-03-04;43.54500;43.66000;43.064999;43.10500;33198000
2024-03-01;43.38000;43.77000;43.30500;43.57000;32459600
2024-02-29;42.95000;43.21000;42.83000;43.070000;27335400
2024-02-28;43;43.32500;42.69000;42.86000;26679600
2024-02-27;43.17000;43.35500;42.72500;42.94500;26317400
2024-02-26;42.93000;43.41500;42.71500;43.13000;23376400
2024-02-23;42.84500;43.12000;42.57000;42.98000;28952400
2024-02-22;42.91500;43.44500;42.71000;43.26500;35206800
2024-02-21;42.57500;43.23000;42.54500;43.19000;28745800
2024-02-20;42.83000;42.85500;42.34000;42.39500;28995600
2024-02-16;42.98500;43.125;42.66000;42.78500;26960800
2024-02-15;41.64000;42.93000;41.60500;42.81000;43364400
2024-02-14;41.99500;42.125;41.43000;41.65000;40894600
2024-02-13;42.15500;42.30000;41.42000;41.69000;41156800
2024-02-12;41.80000;42.23500;41.80000;42.11500;25893800
2024-02-09;42.38500;42.56500;41.61000;41.65500;38073400
2024-02-08;41.85000;42.46000;41.84000;42.30500;36201000
2024-02-07;41.91000;42.090000;41.53500;41.875;26920400
2024-02-06;41.86000;42.20000;41.61500;41.79000;28056200
2024-02-05;41.50500;41.90500;41.20500;41.65500;31593600
2024-02-02;42.049999;42.090000;41.41000;41.76000;38075000
2024-02-01;41.95500;42.15000;41.31500;41.70000;51101400
2024-01-31;42.5;42.58000;41.68500;41.70500;38580800
2024-01-30;41.65000;42.51000;41.49000;42.5;35341200
2024-01-29;42.060001;42.125;41.625;42.064999;29680600
2024-01-26;41.77000;42.14000;41.46500;42.125;36469600
2024-01-25;41.18500;41.83000;40.94000;41.81500;37609400
2024-01-24;40.53000;40.91500;40.34000;40.89500;33841000
2024-01-23;40.17000;40.64500;40.11000;40.32000;24709200
2024-01-22;40;40.32500;39.74000;40.23500;30136800
2024-01-19;39.93500;40.090000;39.79500;40.084999;39940200
2024-01-18;40.029999;40.064999;39.49000;39.95500;35705600
2024-01-17;39.94000;40.42000;39.85000;40.020000;39284200
2024-01-16;41.25;41.30500;40.33000;40.35500;36031200
2024-01-12;41.51000;41.67500;41.090000;41.34000;38769200
2024-01-11;40.99500;41.099998;40.71500;40.88000;38588600
2024-01-10;41.26000;41.27500;40.61000;40.77500;33159800
2024-01-09;41.90500;41.95000;41.090000;41.18000;33750400
2024-01-08;41.62000;41.90000;41.049999;41.85000;47218600
2024-01-05;42.71000;42.73000;42.14500;42.34000;34029200
2024-01-04;43.37000;43.55500;42.28000;42.30500;42049000
2024-01-03;42.43500;43.21500;42.22000;43.060001;37936000
2024-01-02;42.21500;42.76000;42.15500;42.37000;39301800
2023-12-29;42.16000;42.20000;41.79500;41.92000;24345400
2023-12-28;42.44500;42.61000;42;42.014999;26198000
2023-12-27;42.85500;43;42.51000;42.66500;20238200
2023-12-26;42.85000;43.084999;42.72000;42.85500;25983400
2023-12-22;42.67000;42.86000;42.42500;42.49000;25037800
2023-12-21;42.28500;42.43000;41.97000;42.36500;26062800
2023-12-20;42.74500;42.99500;42.15000;42.20000;39818200
2023-12-19;42.17000;42.64000;42.075001;42.59500;36862400
2023-12-18;42.49000;42.70500;42.049999;42.090000;42447200
2023-12-15;41.99500;42.23000;41.80000;42.15000;46366400
2023-12-14;41.58000;42.43000;41.58000;42.375;60717400
2023-12-13;40.625;41.18000;40.43500;41.16500;46445600
2023-12-12;40.78500;40.83000;40.37000;40.60000;45386600
2023-12-11;41.15000;41.30000;40.96000;41.16500;29344200
2023-12-08;40.94500;41.24000;40.86000;41.11500;34127200
2023-12-07;41.14500;41.35000;40.53000;40.67500;40908800
2023-12-06;41.30500;41.59500;40.79500;40.95500;62306600
2023-12-05;42.29000;42.37000;41.55000;41.57500;37747200
2023-12-04;42.20000;42.58000;42.0050011;42.31500;37070200
2023-12-01;42.24000;43.014999;42.049999;42.51000;43048000
2023-11-30;42.37000;42.89500;41.78500;42.29000;58364600
2023-11-29;42.59000;42.64500;41.875;42.0099983;45268000
2023-11-28;42.40000;42.71500;42.24500;42.32500;28921800
2023-11-27;42.24500;42.39000;41.92000;42.31500;24501800
2023-11-24;42.27500;42.78000;42.25;42.46500;19152600
2023-11-22;41.46500;42.32500;41.23000;42.29000;36547200
2023-11-21;42.20500;42.38500;41.90500;42.31000;26973800
2023-11-20;42.52000;42.77000;42.39500;42.40500;29093800
2023-11-17;41.83000;42.625;41.73000;42.34500;48850800
2023-11-16;41.90000;42.060001;41.055000;41.47500;53166000
2023-11-15;42.31500;42.83500;42.24000;42.30000;33043600
2023-11-14;42.16500;42.5;42.095001;42.38000;34724000
2023-11-13;41.77000;42.090000;41.64000;42.0050011;28447400
2023-11-10;41.71500;41.80500;41.31000;41.70500;34565600
2023-11-09;41.68000;41.77500;41.22500;41.25;38232200
2023-11-08;41.74000;42.014999;41.36000;41.375;50742000
2023-11-07;42.29000;42.36500;41.71500;41.90000;47550200
2023-11-06;43.68500;43.68500;42.72500;42.85000;41035400
2023-11-03;43.70000;43.84000;43.075001;43.34000;47235000
2023-11-02;42.60000;43.82000;42.35500;43.78000;45323000
2023-11-01;42.86500;43.095001;42.43500;42.49500;46082600
2023-10-31;42.50500;42.68500;42.080002;42.59500;37205600
2023-10-30;42.46500;42.77000;42.044998;42.45500;45530600
2023-10-27;43.31000;43.47500;42.17000;42.31500;53809400
2023-10-26;43.29500;43.55500;42.92500;43.35500;44770400
2023-10-25;43.80500;44.029999;43.47500;43.69500;41412600
2023-10-24;44.51000;44.54500;43.76000;43.77500;44271600
2023-10-23;44.87000;44.875;44.19500;44.40000;51888200
2023-10-20;45.82000;45.99000;44.97500;45.13000;46549600
2023-10-19;45.82000;46.28000;45.38500;45.90000;63297000
2023-10-18;45.75;46.17000;45.64500;45.98000;47616800
2023-10-17;44.99500;45.70500;44.93000;45.56500;40424000
2023-10-16;45.084999;45.23000;44.66500;45.095001;38365200
2023-10-13;44.54500;45.0099983;44.35500;44.79500;48511800
2023-10-12;44.24500;44.28500;43.625;43.83000;39986400
2023-10-11;43.89500;43.94000;43.27500;43.78000;47145400
2023-10-10;44.33500;44.64500;44.084999;44.35000;41700600
2023-10-09;44.014999;44.48000;43.70000;44.29500;61489000
2023-10-06;42.61000;43.25500;42.13000;42.86500;51481000
2023-10-05;42.26000;42.98500;42.26000;42.61000;47037000
2023-10-04;43.60500;43.68000;42.45500;42.875;59572400
2023-10-03;44.19000;44.35000;43.83000;44.26500;41466600
2023-10-02;45.13500;45.25500;43.99000;44.29500;50599800
2023-09-29;46.055000;46.23500;45.025002;45.19500;48369200
2023-09-28;45.875;46.39500;45.77000;46.125;48462800
2023-09-27;45.51500;46.20500;45.31500;46.075001;46289400
2023-09-26;44.82500;45.22500;44.75500;44.95500;33460000
2023-09-25;44.53500;45.28500;44.53500;45.21500;35073800
2023-09-22;44.91500;45.21500;44.61500;44.65500;42067400
2023-09-21;45.51000;45.61500;44.50500;44.58000;43446200
2023-09-20;45.40000;45.91500;45.17000;45.20000;35930400
2023-09-19;46.40000;46.46500;45.35500;45.625;36264400
2023-09-18;46.14000;46.27500;45.71500;46.055000;33746600
2023-09-15;46.25;46.70500;46.0050011;46.0050011;49612800
2023-09-14;46.62000;46.84500;46.48000;46.68000;37099800
2023-09-13;46.53500;46.63000;45.90000;46.14000;36315400
2023-09-12;45.91000;46.54000;45.82500;46.49000;53599400
2023-09-11;46.36000;46.5;45.23500;45.42000;44095000
2023-09-08;45.80000;46.35500;45.77500;46.025002;34739000
2023-09-07;45.72000;45.95500;45.50500;45.58500;30729200
2023-09-06;45.52000;45.875;45.29500;45.63000;40324200
2023-09-05;45.625;46.075001;45.58000;45.61000;48737400
2023-09-01;44.95000;45.42000;44.94000;45.37000;35764200
2023-08-31;44.59500;44.67000;44.14000;44.46000;29617400
2023-08-30;44.41000;44.51000;44.23500;44.43000;27890200
2023-08-29;44.25;44.25500;43.77000;44.21000;27019400
2023-08-28;43.91000;44.42000;43.83500;44.090000;25718200
2023-08-25;43.63500;44.014999;43.25500;43.79500;38036800
2023-08-24;43.28000;43.83500;43.25;43.375;33455000
2023-08-23;43.31000;43.71500;42.93500;43.67500;38798600
2023-08-22;44.18000;44.33500;43.76000;43.78500;25732800
2023-08-21;44.58500;44.76500;43.82000;44.125;30488400
2023-08-18;43.71500;44.46000;43.57500;44.40500;35307200
2023-08-17;44.060001;44.57000;43.90500;43.97000;40464200
2023-08-16;43.875;44.35000;43.42000;43.45000;37995400
2023-08-15;44.45000;44.5;43.75;43.83000;44982400
2023-08-14;44.82500;44.94500;44.46000;44.76000;30189400
2023-08-11;44.25;45;44.24000;44.95000;46689200
2023-08-10;44.34000;44.84500;43.97000;44.27000;39226600
2023-08-09;44.15000;44.68000;43.875;44.27500;52085600
2023-08-08;42.80500;43.74500;42.48500;43.72500;37237200
2023-08-07;43.70500;43.79500;43.38000;43.51000;26821600
2023-08-04;43.71000;44.12000;43.41000;43.46000;43208200
2023-08-03;43.080002;43.79000;42.84500;43.40000;41630600
2023-08-02;43.24000;43.46000;42.60000;42.96500;45920000
2023-08-01;43.56500;43.66000;43.064999;43.53500;35766000
2023-07-31;43.30000;43.86500;43.17500;43.74000;36266400
2023-07-28;42.76500;42.93500;42.30000;42.92500;34627800
2023-07-27;43.30500;43.48000;42.67500;42.79500;35550600
2023-07-26;42.70000;43.24000;42.64000;43.070000;32788000
2023-07-25;42.81000;43.30500;42.55000;43.055000;33606600
2023-07-24;42.36500;43.14000;42.35000;42.83000;44539600
2023-07-21;41.93500;42.17000;41.66500;42.15000;31529000
2023-07-20;41.63500;41.86500;41.43000;41.78000;35449800
2023-07-19;41.055000;41.57500;40.96500;41.29500;37521000
2023-07-18;40.55000;41.48000;40.48500;41.055000;43209400
2023-07-17;40.58000;40.82000;40.46000;40.64500;32445800
2023-07-14;41.56000;41.60000;40.625;40.72500;43988200
2023-07-13;41.99000;42.25;41.44000;41.83000;53226400
2023-07-12;41.94500;42.22500;41.73000;41.99000;43077600
2023-07-11;40.89500;41.67000;40.81500;41.60500;39642000
2023-07-10;40.29000;40.79000;40.26000;40.71000;30925000
2023-07-07;39.35000;40.77000;39.32000;40.39500;48916000
2023-07-06;40.014999;40.29500;39.24500;39.54500;41967800
2023-07-05;40.85000;40.86000;40.22500;40.45500;32557400
2023-07-03;40.68500;40.98500;40.53000;40.68000;19539800
2023-06-30;40.60000;40.79000;40.30000;40.58500;35970600
2023-06-29;40.014999;40.32500;39.80000;40.32500;28435800
2023-06-28;39.42500;39.91500;39.075001;39.86500;32903200
2023-06-27;39.33500;39.63500;39.10500;39.46500;28388400
2023-06-26;38.75;39.59500;38.66000;39.375;32488600
2023-06-23;38.54000;38.78500;38.36000;38.68000;34905200
2023-06-22;39.13000;39.17500;38.81500;38.96000;33507400
2023-06-21;39.020000;39.82500;38.96000;39.49000;34473800
2023-06-20;39.81000;39.85500;38.88500;39.18000;42552000
2023-06-16;40.64000;40.75500;40.31500;40.43000;47461800
2023-06-15;40.12000;40.79500;40.11000;40.49000;46777000
2023-06-14;40.86500;41.044998;39.75;40.049999;47605400
2023-06-13;40.72000;41.26000;40.44500;40.46500;40136400
2023-06-12;40.055000;40.68000;40;40.27500;36387000
2023-06-09;40.87000;41.070000;40.55500;40.66500;38387000
2023-06-08;41.12000;41.26000;40.21000;40.89000;46155200
2023-06-07;40.20000;41.11500;40.17500;41.064999;60654200
2023-06-06;39.16000;40.040001;39.12000;40.0050011;34750800
2023-06-05;40.53500;40.53500;39.61500;39.68500;37826200
2023-06-02;39.49500;40.14000;39.22500;39.95000;55278800
2023-06-01;38.38500;39.20500;38.125;38.77000;51623600
2023-05-31;38.37000;38.66500;38.16500;38.29500;44797600
2023-05-30;38.70000;39.025002;38.55000;38.98000;40331600
2023-05-26;39.78000;39.89000;39.18000;39.38500;28785800
2023-05-25;39.67500;39.76000;39.17000;39.54000;38251000
2023-05-24;40.39500;40.56500;39.91500;40.25500;33474200
2023-05-23;40.035000;40.53500;39.93000;40.080002;42803800
2023-05-22;39.67000;40.060001;39.59500;39.65500;26943600
2023-05-19;39.88000;40.13000;39.59500;39.82000;36122200
2023-05-18;38.99500;39.56500;38.75;39.51500;33154200
2023-05-17;38.88500;39.44000;38.60000;39.23000;46200600
2023-05-16;39.27500;39.44500;38.43000;38.49000;44511200
2023-05-15;39.40500;39.68500;39.095001;39.46000;32544600
2023-05-12;39.39500;39.66000;38.97500;39.26000;37913200
2023-05-11;39.11500;39.40500;38.90000;39.20000;38168200
2023-05-10;40.33000;40.41000;39.375;39.67500;36052000
2023-05-09;39.80000;40.51000;39.71500;40.13000;41421200
2023-05-08;40.70000;40.875;40.11000;40.11500;32711800
2023-05-05;40.13500;40.43000;39.89500;40.11500;39073400
2023-05-04;39.51000;39.91000;38.93500;39.055000;52861000
2023-05-03;39.74000;40.20500;39.48000;39.49500;59367600
2023-05-02;41.58000;41.64500;39.87000;40.25500;67648000
2023-05-01;42.029999;42.54000;41.86000;42.084999;27821400
2023-04-28;41.76500;42.79500;41.62000;42.56500;38228600
2023-04-27;41.74000;42.020000;41.34500;41.91500;34114600
2023-04-26;42.029999;42.42000;41.51000;41.76500;40070000
2023-04-25;42.72000;42.79500;42.080002;42.33000;30665200
2023-04-24;42.35500;43.34000;42.34000;43.14000;25251800
2023-04-21;42.89500;42.91500;42.30000;42.49000;33757600
2023-04-20;42.52000;42.75;42.22000;42.74000;30396200
2023-04-19;42.88000;43.15500;42.64500;43.12000;34246200
2023-04-18;43;43.38000;42.78500;43.27000;24493600
2023-04-17;43.47000;43.65000;42.95000;43.099998;23762000
2023-04-14;43.59500;43.87000;43.36000;43.61500;23560200
2023-04-13;43.20000;43.64500;43.095001;43.53500;31384600
2023-04-12;43.53500;43.625;43.13500;43.26500;33334400
2023-04-11;43.070000;43.50500;42.82500;43.23500;25575200
2023-04-10;42.65000;43.32000;42.65000;42.83000;26977200
2023-04-06;43.080002;43.125;42.40500;42.49000;33378600
2023-04-05;42.61000;43.14500;42.25500;43.14500;40552200
2023-04-04;43.42000;43.47500;42.125;42.50500;49363000
2023-04-03;43.16000;43.57000;42.93500;43.29000;62452200
2023-03-31;41.23500;41.48500;41.084999;41.41500;32294600
2023-03-30;41.29000;41.35000;40.89000;41.13000;27460800
2023-03-29;40.79000;40.99500;40.52500;40.95000;36204600
2023-03-28;39.55000;40.56500;39.53500;40.39000;32596800
2023-03-27;39.35500;40;39.040001;39.77500;40223800
2023-03-24;38.025002;39.095001;37.90500;38.94500;41298000
2023-03-23;39.55500;39.90000;38.42000;38.79500;49486200
2023-03-22;40.22000;40.40500;39.31000;39.34000;49209400
2023-03-21;39.65000;40.32000;39.53000;40.19500;59712400
2023-03-20;38.049999;39.099998;38.049999;38.85000;52288800
2023-03-17;38.875;39.20000;38.17000;38.48500;67351600
2023-03-16;37.83000;39.20000;37.68000;39.099998;88790400
2023-03-15;39.375;39.67500;38.12000;38.68000;115347000
2023-03-14;40.47000;41.78500;40.15500;40.875;61066400
2023-03-13;40.26000;41.20000;39.55500;40.47500;83327000
2023-03-10;41.85000;42.44000;41.075001;41.31500;56624800
2023-03-09;42.69500;43.29500;41.84000;41.85000;37888200
2023-03-08;42.70000;43.24500;42.040001;42.45000;39399000
2023-03-07;43.39000;43.5;42.78000;42.89000;37000400
2023-03-06;43.39000;43.72000;43.21500;43.65000;33898400
2023-03-03;42.53000;43.84500;42.5;43.63000;50675200
2023-03-02;42.59500;43.20500;42.46000;43.044998;32798600
2023-03-01;41.88000;42.88500;41.72500;42.67000;37094000
2023-02-28;42.88500;42.90000;41.81000;41.84500;38007600
2023-02-27;42.41500;42.64000;42.10500;42.45500;30676400
2023-02-24;41.76000;42.39000;41.52000;42.33000;37496800
2023-02-23;42.38500;42.63000;41.85000;42.38500;35023400
2023-02-22;41.92000;42.31500;41.39500;41.75500;40270400
2023-02-21;42.060001;42.52000;41.95500;42.035000;33622600
2023-02-17;43.125;43.15500;42.060001;42.24500;44680400
2023-02-16;44;44.38000;43.76000;43.80500;25314200
2023-02-15;44.5;44.59500;43.67500;44.24000;31939600
2023-02-14;44.63500;45.33500;44.51000;45.0050011;27022600
2023-02-13;44.875;45.16500;44.41000;44.99000;24744800
2023-02-10;44.125;45.19500;44.084999;45.10500;40003200
2023-02-09;43.78500;43.92500;43.375;43.40500;32150400
2023-02-08;44.14000;44.36500;43.53000;43.78000;26967200
2023-02-07;43.055000;44.24000;42.83000;44.17500;41014000
2023-02-06;43.020000;43.34500;42.26000;42.78500;31714400
2023-02-03;43.25500;43.95500;42.93500;42.98000;45454800
2023-02-02;43.91000;43.99500;42.60000;43.075001;49803000
2023-02-01;44.75500;44.94500;43.5;44.080002;46967200
2023-01-31;44.42000;45.035000;43.96500;44.96500;27848200
2023-01-30;45.28500;45.35000;44.51000;44.57000;27525000
2023-01-27;46.30500;46.53500;45.54000;45.61500;34841000
2023-01-26;45.86000;46.57500;45.30000;46.55500;36663000
2023-01-25;44.90500;45.13000;44.19000;45.13000;26861200
2023-01-24;45.15000;45.23000;44.23000;45.125;30755200
2023-01-23;45.57000;45.79500;45.15500;45.30000;29305000
2023-01-20;44.89000;45.39500;44.43500;45.24000;28560000
2023-01-19;43.99000;44.97500;43.89500;44.79500;34293800
2023-01-18;45.28000;45.78500;44.20000;44.24500;38075200
2023-01-17;45.080002;45.54000;44.88500;45.070000;33933200
2023-01-13;44.875;45.084999;44.40000;44.97500;31808400
2023-01-12;44.33500;45.20000;44.25;44.91000;36716000
2023-01-11;44.32000;44.43000;43.59500;44.070000;32903000
2023-01-10;43.91000;44.025002;43.24500;43.93500;31599000
2023-01-09;44.44000;44.51000;43.48500;43.625;46003200
2023-01-06;43.52000;44.31500;43.41000;43.78000;44422400
2023-01-05;42.125;43.20000;42.0050011;42.96500;38723800
2023-01-04;41.57500;42.44000;41.41500;42.19500;45705200
2023-01-03;43.46000;43.68000;41.67500;42.20000;53082800
2022-12-30;43.23000;43.82000;43.22500;43.73500;22661800
2022-12-29;42.83000;43.65500;42.81000;43.46000;26915800
2022-12-28;43.93500;43.93500;42.875;43.0099983;31838000
2022-12-27;43.72000;44.18000;43.56000;43.99500;32749200
2022-12-23;42.74500;43.54000;42.52500;43.53000;29630000
2022-12-22;43.22500;43.25;41.34000;42.18500;37359400
2022-12-21;43.24000;43.375;42.60500;43.18000;34058200
2022-12-20;41.875;42.64500;41.71500;42.375;28593000
2022-12-19;42.19000;42.32500;41.44000;41.74500;36836600
2022-12-16;41.90000;42.38000;41.60500;42.18000;59101000
2022-12-15;42.59000;42.80500;41.98000;42.70500;40406600
2022-12-14;43.52500;43.68000;42.58000;42.96500;52675600
2022-12-13;43.25;43.59000;42.89000;43.23000;54557400
2022-12-12;41.57500;42.52500;41.41500;42.42500;42184800
2022-12-09;42.23500;42.70000;41.32500;41.34000;48097800
2022-12-08;43.51500;43.61000;42.13500;42.37000;51280800
2022-12-07;42.65000;43.21000;42.18500;42.56000;48894200
2022-12-06;43.54000;44.064999;42.36500;42.66000;64930200
2022-12-05;45.60000;45.78000;43.44000;43.81500;51753800
2022-12-02;45.11000;45.69000;44.89000;45.15500;36770000
2022-12-01;45.89500;46.125;45.27000;45.42500;38902000
2022-11-30;45.85500;45.94500;44.86000;45.57500;43830200
2022-11-29;45.17000;45.61500;45.0050011;45.35000;38048400
2022-11-28;44.81000;45.375;44.52500;44.67500;58262400
2022-11-25;46.13500;46.46000;45.85500;45.93500;15182600
2022-11-23;45.76500;46.40000;45.59500;46.10500;41197400
2022-11-22;45.76000;46.71500;45.55000;46.61000;53755000
2022-11-21;44.82000;45.31500;43.64500;45.19500;85153600
2022-11-18;45.32500;45.94000;44.75500;45.81500;47366200
2022-11-17;45.375;46.22000;45.14000;46.18000;42859800
2022-11-16;46.62000;46.90500;45.84000;46.080002;47277200
2022-11-15;46.72500;47.16000;46.42000;47.040001;51542200
2022-11-14;46.43000;47.35500;46.42500;46.55000;46245200
2022-11-11;46.11500;46.80500;46.0050011;46.56500;51082600
2022-11-10;45.18000;45.30000;44.25;45.25;58488200
2022-11-09;45.91000;46.055000;44.16500;44.26500;63028000
2022-11-08;46.40500;46.74000;45.97000;46.54000;43718600
2022-11-07;45.80500;46.64000;45.72500;46.49500;38775400
2022-11-04;46.16500;46.51000;45.070000;45.71000;60590600
2022-11-03;44.070000;45.41500;43.94500;45.16000;53634400
2022-11-02;45.29000;45.52500;44.23500;44.34000;56499200
2022-11-01;45.75500;45.77500;45.16000;45.43500;43510800
2022-10-31;44.18500;45.59000;44.13500;45;59520800
2022-10-28;44.95000;45.31500;43.82500;44.625;49328000
2022-10-27;44.92000;45.22000;44.33500;44.47000;50021200
2022-10-26;43.88000;44.66000;43.85000;44.31000;45413000
2022-10-25;43.5;43.91500;43.26500;43.71500;37683600
2022-10-24;43.44000;43.97500;43.20500;43.67000;44992000
2022-10-21;42.48000;43.55000;42.37000;43.46500;50548400
2022-10-20;42.52500;42.91500;41.99000;42.24500;50523600
2022-10-19;41.11500;42.36000;41.099998;42.20500;62527600
2022-10-18;40.97500;41.375;40.20500;40.99500;50375800
2022-10-17;40.77000;41.31000;40.52500;40.64000;37988400
2022-10-14;41.24000;41.83500;40.060001;40.14000;53494600
2022-10-13;39.53500;41.85500;39.52500;41.69500;70134800
2022-10-12;39.48000;40.34000;39.22000;40.060001;41102400
2022-10-11;39.31000;40.42500;39.14500;39.74000;53842200
2022-10-10;41.060001;41.41000;39.93000;40.060001;46331600
2022-10-07;41.30500;41.77000;40.60500;40.90000;56915400
2022-10-06;40.17000;41.34500;40.14000;41.22000;52670200
2022-10-05;39.66500;40.81500;39.32500;40.5;61273600
2022-10-04;38.81500;39.71500;38.51000;39.68000;66330800
2022-10-03;37.30500;38.24500;37.24500;38.044998;69550600
2022-09-30;36.0099983;36.51000;35.66000;36.0099983;43369400
2022-09-29;36.035000;36.375;35.40000;36.30000;48563000
2022-09-28;35.11000;36.5;34.90000;36.30000;63147600
2022-09-27;34.97000;35.40500;34.56500;34.76000;67671200
2022-09-26;35.020000;35.46000;34.33000;34.375;72159600
2022-09-23;36.38000;36.45000;34.97000;35.24000;105475600
2022-09-22;38.67500;38.80000;37.82000;37.85000;57748000
2022-09-21;39.27500;39.33000;37.97000;37.98500;68705800
2022-09-20;38.55000;38.77500;38.095001;38.55000;42299600
2022-09-19;37.73000;38.84500;37.64000;38.82000;37625800
2022-09-16;39.95000;39.98000;38.65000;39.22000;70403600
2022-09-15;40.40500;40.57500;39.88000;40.075001;55886400
2022-09-14;40.38000;41.42500;40.38000;41.13500;54384200
2022-09-13;40.40000;41.090000;39.82500;40.0050011;61146000
2022-09-12;40.89000;41.48500;40.54000;41.040001;41731800
2022-09-09;40.025002;40.49500;39.73000;40.30000;38678800
2022-09-08;39.32500;39.51500;38.84500;39.32000;53681600
2022-09-07;38.74500;39.32000;38.39000;39.15000;60541400
2022-09-06;40.35500;40.49000;39.44500;39.61000;45568200
2022-09-02;40.22500;40.51000;39.76500;39.98000;57188200
2022-09-01;39.65500;39.80500;38.71000;39.26000;56604200
2022-08-31;39.61500;40.92000;39.47000;40.25;58304600
2022-08-30;41.32500;41.33500;40.28500;40.62000;57641800
2022-08-29;41.40000;42.59000;41.29500;42.044998;52125000
2022-08-26;41.82500;42.28000;41.23500;41.42000;38635200
2022-08-25;41.83000;42.12000;41.50500;41.91000;39798600
2022-08-24;41.090000;41.65000;40.90500;41.59000;49093200
2022-08-23;40.30500;41.39500;40.27500;41.084999;54367000
2022-08-22;39.39000;39.90000;38.74000;39.65500;45696200
2022-08-19;39.64000;40.0050011;39.41000;39.73000;39488400
2022-08-18;39.13000;39.78000;39.060001;39.74000;46866000
2022-08-17;38.20500;39.099998;38.10500;38.70000;45472400
2022-08-16;38.52500;38.93000;38.14000;38.38000;39357600
2022-08-15;37.81500;38.68000;37.47000;38.47000;42024400
2022-08-12;38.68500;39.25500;38.52000;39.23500;38381000
2022-08-11;38.35000;39.27000;38.23500;38.94000;60531600
2022-08-10;37.46000;37.86000;36.72000;37.64500;34788400
2022-08-09;37.25;37.85000;37.18500;37.375;34683000
2022-08-08;36.5;37.060001;36.44500;36.73000;37756600
2022-08-05;35.34500;36.85500;35.34500;36.54000;45179600
2022-08-04;36.95500;37.060001;35.69500;35.83000;55991000
2022-08-03;38.47000;38.58500;36.98000;37.21000;57013200
2022-08-02;38.40500;38.69500;37.97000;38.31000;39864400
2022-08-01;38.54000;38.64000;37.88500;38.40000;51331000
2022-07-29;38.26500;39.33000;38.19000;39.21000;51667600
2022-07-28;37.70500;37.96500;36.88500;37.58000;46665400
2022-07-27;36.78000;37.55500;36.40500;37.37000;44810800
2022-07-26;37.32000;37.48500;36.30000;36.54500;37228800
2022-07-25;36.064999;36.91500;35.63500;36.88000;39112000
2022-07-22;36.0099983;36.36500;35.37000;35.57500;40836400
2022-07-21;35.51000;35.90500;34.83000;35.87000;43159200
2022-07-20;35.76000;36.67500;35.61000;36.51000;41849400
2022-07-19;35.029999;36.25;35.020000;36.16000;48776400
2022-07-18;35.21000;35.66000;34.91500;35.080002;51453600
2022-07-15;34.48000;34.51500;33.78500;34.29500;59920600
2022-07-14;33.19000;33.78500;32.74000;33.74500;73273600
2022-07-13;33.95000;35.11500;33.95000;34.39500;58978000
2022-07-12;34.21500;34.65500;33.83000;34.45000;64690200
2022-07-11;35.029999;35.43000;34.66500;35.13500;45508200
2022-07-08;35.92000;36.070000;34.98000;35.47500;43940600
2022-07-07;35.18500;35.77000;35.099998;35.49000;67587200
2022-07-06;34.47500;35.095001;33.22500;34.25500;96419000
2022-07-05;35.54000;35.71000;34.095001;34.85000;89865800
2022-07-01;36.19000;36.44500;35.064999;36.29000;69204000
2022-06-30;35.74000;36.68000;35.43500;35.75500;75533400
2022-06-29;38.36500;38.49500;36.42000;36.52500;71184000
2022-06-28;37.72000;38.45000;37.27000;37.84000;79568000
2022-06-27;36.21000;37.095001;36.16500;36.84500;67958800
2022-06-24;35.93500;36.55500;35.41500;35.79500;94797000
2022-06-23;36.86500;37.13000;34.73500;35.33000;113842200
2022-06-22;36.38000;37.33500;36.18000;36.69000;82425200
2022-06-21;37.30500;38.48000;37.24000;38.22000;70013400
2022-06-17;38.60000;38.88500;36.30000;36.74500;128468400
2022-06-16;40.095001;40.31500;38.53500;38.87000;115958200
2022-06-15;42.025002;42.23500;40.49500;41.19000;86446400
2022-06-14;42.88500;43.43500;41.57000;42.12000;69512800
2022-06-13;43.0099983;43.055000;41.20500;42.040001;89462600
2022-06-10;44.60000;45.27000;43.84000;44.35500;62543600
2022-06-09;45.74500;46.035000;45.070000;45.12000;49176200
2022-06-08;46.26500;46.65500;45.85500;46.14000;56985400
2022-06-07;44.67500;46.099998;44.64000;46.040001;51378800
2022-06-06;44.97000;45;44.46500;44.70500;33384600
2022-06-03;44.22500;44.89500;44.17500;44.75500;41050600
2022-06-02;44;44.48000;43.73000;44.17000;52605400
2022-06-01;44.15000;44.63500;43.66500;44.31000;59297200
2022-05-31;44.99500;45.23000;43.36500;43.60000;78681200
2022-05-27;43.27500;44.38500;43.17000;44.26500;37334400
2022-05-26;43.25500;43.79500;43.22500;43.47000;42678200
2022-05-25;42.27000;43.055000;42.21000;42.99500;52648000
2022-05-24;41.5;42.30000;41.18000;42.125;53127600
2022-05-23;41.37000;42.11000;41.11500;41.96500;53289400
2022-05-20;41.21000;41.69500;40.064999;40.88500;63840000
2022-05-19;39.93000;41.39500;39.93000;40.71000;71441000
2022-05-18;42.23500;42.28500;40.37000;40.86000;66461400
2022-05-17;42.014999;42.19000;41.56000;41.93500;56329400
2022-05-16;40.53500;41.88000;40.51000;41.45500;56518800
2022-05-13;39.63500;40.55000;39.56500;40.39000;59437400
2022-05-12;38.875;39.075001;37.84000;39.055000;90043600
2022-05-11;39.014999;40.16500;38.82500;38.89000;99705000
2022-05-10;38.61500;39.34500;37.56500;38.375;113727800
2022-05-09;40.57000;40.60500;37.875;38.029999;106044000
2022-05-06;40.78000;41.46500;39.96500;41.46000;94245600
2022-05-05;41.16500;41.20500;39.44000;40.26000;93194000
2022-05-04;40;40.96000;39.49000;40.875;90767400
2022-05-03;38.24500;39.42500;38.22000;39.24500;83298800
2022-05-02;37.34500;38.19000;37.23000;38.17500;104141200
2022-04-29;38.65000;38.87000;37.44000;37.57500;79416200
2022-04-28;37.68000;38.88000;36.94000;38.56500;87469600
2022-04-27;37.125;37.79500;36.46000;37.43000;89132600
2022-04-26;37.11500;37.90000;36.79500;36.89000;89168600
2022-04-25;36.90000;37.040001;35.5;36.84000;110724400
2022-04-22;38.90000;39.46000;38.084999;38.099998;71499200
2022-04-21;40.57500;40.75500;38.90500;39.055000;65157800
2022-04-20;40.28500;40.55000;39.89500;40.33500;52079400
2022-04-19;40.30000;40.69500;39.94500;40.18000;45727800
2022-04-18;40.25500;40.75;40.0050011;40.51000;60913200
2022-04-14;39.60500;40.24000;39.54500;39.92500;51869400
2022-04-13;39.69000;39.90500;39.035000;39.79500;49295800
2022-04-12;39.35000;39.92500;39.13500;39.21000;63929400
2022-04-11;39.34000;39.35000;38.48500;38.57000;52461000
2022-04-08;38.80500;39.875;38.80500;39.76500;53426200
2022-04-07;38.38000;38.83000;37.67000;38.70000;54097400
2022-04-06;38.39000;38.73500;37.98500;38.20000;64328400
2022-04-05;38.65000;39.24500;37.93000;37.97500;54577200
2022-04-04;38.78000;38.90500;38.17000;38.58000;46007400
2022-04-01;38.17000;38.89000;38.14500;38.53000;49612600
2022-03-31;38.38000;39.10500;38.21500;38.22000;65606600
2022-03-30;38.67000;39.020000;38.43000;38.74500;49736400
2022-03-29;37.54000;38.32000;37.095001;38.30000;73274000
2022-03-28;38.56500;38.58000;38.15500;38.40000;69760400
2022-03-25;38.30000;39.42500;38.27000;39.375;56083600
2022-03-24;38.58000;38.91000;38.27500;38.53000;52700600
2022-03-23;38.49500;38.79000;38.31000;38.43500;58663000
2022-03-22;37.90500;38.11500;37.35500;37.78500;66462200
2022-03-21;37.33000;38.18500;37.31000;38.064999;68714800
2022-03-18;36.91000;37.19000;36.66000;36.94000;58550800
2022-03-17;36.38000;37.070000;36.15500;36.97500;76956400
2022-03-16;36.044998;36.36000;35.37000;35.74500;107536200
2022-03-15;35.83000;36.32500;35.22000;35.91000;124724400
2022-03-14;37.60500;37.87000;36.77500;37.27500;101490000
2022-03-11;38.11500;38.90500;38.055000;38.42500;91837800
2022-03-10;38.029999;38.83500;37.76000;38.73500;137802600
2022-03-09;37.35000;38.47000;36.75;37.58500;174036400
2022-03-08;39.040001;40.11000;37.66500;38.77000;196054400
2022-03-07;38.0050011;38.78000;37.32000;38.17000;131214800
2022-03-04;36.55500;37.63500;36.46000;37.61500;105216800
2022-03-03;36.10500;36.81000;36.029999;36.56000;89119800
2022-03-02;36.19000;36.75;36.014999;36.46000;90908200
2022-03-01;35.60500;36.24500;35.14500;35.64500;124231000
2022-02-28;34.19500;35.33000;34.0050011;35.29000;96394200
2022-02-25;33.63000;34.47500;33.63000;34.44000;78423000
2022-02-24;34.54000;34.58000;32.68000;33.55500;123485800
2022-02-23;33.67000;34.080002;33.47500;33.82000;67958000
2022-02-22;35.055000;35.055000;32.97000;33.47500;93002800
2022-02-18;33.75;34.29500;33.69500;34.025002;63291600
2022-02-17;34.26000;34.59500;33.97000;34.23500;67622800
2022-02-16;34.28500;34.88500;34.080002;34.29000;73444200
2022-02-15;33.53000;34.095001;33.34000;34.014999;86092200
2022-02-14;34.99000;35.029999;33.96500;34.375;99633000
2022-02-11;34.44000;35.25;34.22500;35.20500;93034000
2022-02-10;34.25500;34.87000;33.98500;34.21000;75643200
2022-02-09;34.22000;34.69000;34.13500;34.42500;70791400
2022-02-08;34.78500;34.85500;33.90000;34.14000;75764200
2022-02-07;34.28500;35.21500;34.025002;34.89000;65165000
2022-02-04;34.35000;35;34.27000;34.45000;81733400
2022-02-03;34.10500;34.17500;33.55000;33.92000;61962600
2022-02-02;33.96000;34.31000;33.54000;34.24500;65197000
2022-02-01;32.76500;34.21500;32.69000;34.13500;90444600
2022-01-31;32.74000;33.17000;32.22000;32.96000;63298400
2022-01-28;32.73500;33.13500;32.13000;32.81500;105302400
2022-01-27;33.17500;33.53000;32.41000;32.95500;108901400
2022-01-26;33;33.26500;32.24500;32.60000;130725400
2022-01-25;31.31500;32.77500;30.73500;32.65500;118434400
2022-01-24;30.48500;31.54500;29.92000;31.43500;124505600
2022-01-21;31.49500;31.69500;30.89500;31.22500;114539600
2022-01-20;31.94000;32.71000;31.79000;31.85500;83980800
2022-01-19;32.63500;32.67000;31.89500;32.15000;65978000
2022-01-18;32.60000;32.76500;31.89000;32.38500;82133400
2022-01-14;31.54500;32.30500;31.52500;32.25500;64801000
2022-01-13;31.67500;31.93000;31.38500;31.51500;59554000
2022-01-12;31.78500;31.87000;31.44500;31.67500;60496800
2022-01-11;30.84000;31.67000;30.58000;31.61500;76887800
2022-01-10;30.74000;30.80000;30.17500;30.57500;66473000
2022-01-07;30.37000;30.75;30.16000;30.67000;71169200
2022-01-06;30.29000;30.42500;29.83000;30.25500;74681400
2022-01-05;29.89000;30.22000;29.55000;29.59500;90804000
2022-01-04;29;29.71500;28.90500;29.60000;79957600
2022-01-03;27.79000;28.65500;27.77500;28.61000;65054200
2021-12-31;27.61000;27.89500;27.56500;27.75;26482400
2021-12-30;27.86000;28.080000;27.65500;27.68000;27180000
2021-12-29;27.98500;28.12000;27.71500;27.85000;30218200
2021-12-28;28.12000;28.30500;27.875;28.030001;35877000
2021-12-27;27.36000;28.075001;27.13000;28.049999;43484400
2021-12-23;27.55500;27.83000;27.44000;27.45000;33370600
2021-12-22;27.29000;27.62000;26.96000;27.43500;42206200
2021-12-21;26.77500;27.36000;26.76500;27.26000;50319400
2021-12-20;26.11500;26.52500;25.83000;26.50500;72661600
2021-12-17;27.55000;27.67500;26.94000;27.18500;69270200
2021-12-16;27.81500;28.32000;27.70500;27.75;53731800
2021-12-15;27.67000;27.74000;26.96000;27.57500;67716200
2021-12-14;27.65500;28.13500;27.61500;27.71000;57597600
2021-12-13;28.36500;28.45000;27.69000;27.82500;57208000
2021-12-10;28.71500;28.73500;28.11000;28.62000;39051200
2021-12-09;28.45000;28.52500;28.23500;28.41000;46798800
2021-12-08;28.79500;28.93500;28.57000;28.63000;47030000
2021-12-07;28.37000;28.90500;28.33500;28.63500;73686600
2021-12-06;27.99500;28.31000;27.65000;27.98000;63939000
2021-12-03;28.16500;28.29000;27.30500;27.57000;75880200
2021-12-02;27.020000;27.89000;26.70000;27.79000;100743800
2021-12-01;27.93500;28.19000;26.99000;27.0049992;89549600
2021-11-30;27.42500;27.84000;27.16000;27.29500;92524000
2021-11-29;28.39500;28.68000;27.86000;27.95000;70882400
2021-11-26;27.52000;27.88000;27.070000;27.79000;89454400
2021-11-24;28.52500;29.12000;28.48500;28.95500;42868600
2021-11-23;28.18500;28.77000;28.16000;28.67500;67724600
2021-11-22;27.29500;28.24000;27.29000;27.82000;67785800
2021-11-19;27.83000;27.90500;27.27500;27.33500;91379600
2021-11-18;28.55000;28.77500;28.10000;28.44500;57911000
2021-11-17;28.77500;29.19000;28.51500;28.61500;47339000
2021-11-16;29.10000;29.29500;28.92000;29.059999;40958800
2021-11-15;28.75;29.18500;28.50500;29.014999;42751400
2021-11-12;28.72500;28.89000;28.60000;28.77500;34190000
2021-11-11;28.75500;29.040001;28.75500;28.84500;48996600
2021-11-10;29.39000;29.48500;28.56500;28.73500;72033000
2021-11-09;29.43000;29.52500;29.010000;29.51500;39378000
2021-11-08;29.375;29.70000;29.23500;29.39500;40022400
2021-11-05;29.15000;29.26000;28.89000;29.13000;45207000
2021-11-04;29.14000;29.21500;28.49500;28.75500;76363200
2021-11-03;28.60500;29.014999;28.48500;28.71500;46674800
2021-11-02;29.059999;29.28500;28.86000;28.95500;34125400
2021-11-01;29.020000;29.31000;28.94000;29.23000;49656800
2021-10-29;29.070000;29.13500;28.61500;28.73500;43997800
2021-10-28;28.56500;28.95000;28.56000;28.92500;46735000
2021-10-27;29.25;29.41000;28.65500;28.72000;68007600
2021-10-26;29.5;29.70500;29.39000;29.57000;45503200
2021-10-25;29.33000;29.56000;29.17500;29.40000;50112200
2021-10-22;28.81000;29;28.54000;28.97500;43005000
2021-10-21;29.020000;29.125;28.47000;28.70500;64241800
2021-10-20;28.79000;29.25;28.67500;29.24500;50212600
2021-10-19;28.80500;29.11000;28.65000;29.010000;44552600
2021-10-18;28.94500;29.10500;28.52500;28.68500;65257600
2021-10-15;28.84500;28.95500;28.65000;28.66500;45354800
2021-10-14;28.5;28.64500;28.24000;28.52500;46786600
2021-10-13;28;28.32500;27.68500;28.18000;57902600
2021-10-12;28.125;28.47500;28.010000;28.20500;71038200
2021-10-11;28.71000;28.79500;28.15500;28.18000;86021400
2021-10-08;27.73000;28.35000;27.66500;28.28500;86200400
2021-10-07;27.30000;27.59000;27.16500;27.44000;77596200
2021-10-06;27.065001;27.38000;26.75;27.23000;100174800
2021-10-05;27.75;28.025000;27.23500;27.52000;98029600
2021-10-04;27.21000;27.66000;27.084999;27.36000;114815800
2021-10-01;26.23500;26.94500;26.23500;26.92000;83312000
2021-09-30;26.37000;26.51500;26.045000;26.045000;89198800
2021-09-29;26.42000;26.61000;26.094999;26.44500;69894400
2021-09-28;26.60500;26.91500;26.38500;26.44500;132975200
2021-09-27;26.010000;26.46000;25.97500;26.35500;81697400
2021-09-24;25.125;25.58000;25.075001;25.45000;55503000
2021-09-23;24.54000;25.33500;24.42500;25.26000;49734200
2021-09-22;24.075001;24.69000;24.075001;24.40500;79252200
2021-09-21;23.90000;24.025000;23.42500;23.67500;51323400
2021-09-20;23.77500;23.90500;23.23500;23.62000;85660000
2021-09-17;24.72000;25.11000;24.59500;24.66000;64459000
2021-09-16;25.10500;25.11000;24.71000;24.84500;60643800
2021-09-15;24.57000;25.15000;24.53000;25.13000;76695000
2021-09-14;24.80000;24.84500;24.12000;24.22500;58935800
2021-09-13;24.20500;24.74500;24.20500;24.58000;68499600
2021-09-10;24.27500;24.32500;23.82000;23.89500;37513000
2021-09-09;23.69500;24.28000;23.57000;23.90500;50529600
2021-09-08;24.30000;24.46000;23.84000;23.85500;43798400
2021-09-07;24.19500;24.5;24.075001;24.16500;42472800
2021-09-03;24.40000;24.58000;24.19500;24.31000;39162800
2021-09-02;24.065001;24.64500;24.065001;24.45000;61635400
2021-09-01;24.17500;24.31500;23.75500;23.84500;63459800
2021-08-31;24.24500;24.46500;24.14000;24.20000;53873200
2021-08-30;24.75;24.84500;24.35500;24.36500;31817800
2021-08-27;24.31500;24.82000;24.26000;24.65500;46202600
2021-08-26;24.24500;24.38000;23.97500;24.014999;41465400
2021-08-25;24.15000;24.52000;23.99000;24.38500;39817600
2021-08-24;24.0049992;24.32500;23.96500;24.20000;45382200
2021-08-23;23.5;23.87000;23.45000;23.80500;58704400
2021-08-20;22.68500;23.090000;22.58500;22.94500;61587600
2021-08-19;23.10000;23.25;22.57000;22.89500;99256200
2021-08-18;24;24.19000;23.47500;23.50500;56305800
2021-08-17;24.020000;24.39500;23.79000;24.0049992;51108200
2021-08-16;24.375;24.38500;24.040001;24.25500;48258400
2021-08-13;25.020000;25.020000;24.65000;24.71000;33050800
2021-08-12;25.010000;25.14500;24.70000;25.0049992;36517200
2021-08-11;24.77000;25.075001;24.61500;25.030001;47686200
2021-08-10;24.53500;24.90000;24.50500;24.83500;53283000
2021-08-09;24.42500;24.60000;24.24000;24.40500;42193400
2021-08-06;24.74000;24.95000;24.62000;24.75500;36214800
2021-08-05;24.40500;24.83000;24.30000;24.53000;45800000
2021-08-04;24.48000;24.78500;24.22000;24.25500;64523800
2021-08-03;24.43000;24.98000;24.20000;24.93000;64302000
2021-08-02;24.71000;25.31000;24.47000;24.51000;57810800
2021-07-30;25.045000;25.15000;24.54500;24.69500;49600600
2021-07-29;25.17500;25.28500;24.94500;25.094999;43794000
2021-07-28;24.69500;25.059999;24.47000;24.85500;39169200
2021-07-27;24.66500;24.70500;24.34000;24.63000;46888400
2021-07-26;24.32000;24.96000;24.27500;24.86000;47266200
2021-07-23;24.43000;24.44000;24.014999;24.26000;46951800
2021-07-22;24.60000;24.60000;24.14000;24.35000;47270000
2021-07-21;24.26500;24.82500;24.21000;24.625;82042600
2021-07-20;23.49000;24.045000;23.29000;23.79500;83342000
2021-07-19;23.51000;23.81500;23.15000;23.48000;114994800
2021-07-16;25.24000;25.25;24.29500;24.34000;74253800
2021-07-15;25.13000;25.43500;24.93000;25.049999;59670800
2021-07-14;26.26500;26.57000;25.30500;25.40500;66999400
2021-07-13;26.25500;26.42000;26.030001;26.18500;49786800
2021-07-12;26.125;26.54500;25.94000;26.38500;41353000
2021-07-09;26.20500;26.44500;25.90000;26.42500;51206000
2021-07-08;25.56500;26.12000;25.47500;25.875;49379800
2021-07-07;26.41500;26.66000;25.73500;26.025000;60823800
2021-07-06;27.25500;27.30500;26.34500;26.45500;68446200
2021-07-02;27.29000;27.43500;27.055000;27.34500;30471800
2021-07-01;27.55000;27.63500;27.15000;27.40500;47251600
2021-06-30;26.68500;27.014999;26.66000;26.93500;47034000
2021-06-29;26.89500;27.045000;26.57000;26.60500;31911000
2021-06-28;27.55000;27.56500;26.625;26.73500;65702800
2021-06-25;27.60000;27.68500;27.44500;27.67000;38330000
2021-06-24;27.41500;27.54500;27.15000;27.52500;41756800
2021-06-23;27.46500;27.77500;27.24000;27.29000;40553000
2021-06-22;26.97000;27.32000;26.67500;27.21500;48344400
2021-06-21;26.14500;27.084999;26.14500;27.035000;84366800
2021-06-18;26.43000;26.76500;26.17500;26.19500;113812200
2021-06-17;27.875;28.11000;26.63000;26.99500;106941800
2021-06-16;28.049999;28.27500;27.70000;27.94500;60786400
2021-06-15;27.74500;28.17000;27.67500;28.094999;64285000
2021-06-14;27.79000;27.96000;27.34500;27.57000;37745000
2021-06-11;27.88500;28.040001;27.65500;27.69000;38091400
2021-06-10;28.19500;28.32500;27.49000;27.78500;57353800
2021-06-09;28.075001;28.19500;27.80500;27.82000;56052200
2021-06-08;27.66000;28.045000;27.33000;27.99500;57553000
2021-06-07;27.87000;28.040001;27.71500;27.75500;40070400
2021-06-04;27.87000;27.99000;27.46500;27.875;52658800
2021-06-03;27.5;27.84500;27.32500;27.69000;58761600
2021-06-02;27.27500;27.74500;26.95500;27.61500;67893400
2021-06-01;26.62000;27.17000;26.60500;27.11000;72570200
2021-05-28;26.20000;26.23500;25.96500;26.10500;37125400
2021-05-27;26.14000;26.375;25.91000;26.055000;39053600
2021-05-26;25.83000;26.13000;25.71000;26.035000;39554400
2021-05-25;26.27500;26.34500;25.76500;25.80500;48558600
2021-05-24;26.26000;26.40000;25.96500;26.34000;48020400
2021-05-21;26.28500;26.47000;26.059999;26.080000;50539800
2021-05-20;26.055000;26.14500;25.65500;26.025000;56522600
2021-05-19;26.10500;26.36000;25.70000;26.065001;87969600
2021-05-18;27.32500;27.42500;26.68000;26.73000;70435400
2021-05-17;26.65000;27.375;26.61000;27.36500;67404200
2021-05-14;26.22500;26.84500;26.22500;26.74500;57183600
2021-05-13;25.94500;26.42500;25.59000;25.94000;79698200
2021-05-12;26.27000;27.035000;26.14000;26.26000;82195600
2021-05-11;26.26500;26.64000;25.90500;26.13500;113531800
2021-05-10;27.15000;27.57000;26.80500;26.82500;68998000
2021-05-07;26.075001;26.86000;25.98000;26.81500;63196200
2021-05-06;26.20500;26.34500;25.72000;26.34500;58710400
2021-05-05;25.70500;26.29000;25.70500;26.21000;79621200
2021-05-04;25.42500;25.61500;25.10000;25.39000;53917600
2021-05-03;24.98000;25.44000;24.90000;25.375;45740000
2021-04-30;24.97500;25.32000;24.64000;24.69500;58519000
2021-04-29;25.41500;25.64500;25.025000;25.33500;66042400
2021-04-28;24.40000;25.15000;24.38000;25.055000;65874000
2021-04-27;24.020000;24.30500;23.91000;24.22000;42268800
2021-04-26;23.68000;24.11000;23.68000;23.93000;35891800
2021-04-23;23.57500;23.875;23.43500;23.77000;33897800
2021-04-22;23.95000;23.96000;23.47500;23.55500;50062800
2021-04-21;23.23500;23.92000;23.125;23.83500;56991000
2021-04-20;24.090000;24.125;23.29500;23.53500;72574000
2021-04-19;24.25;24.43000;23.94000;24.17500;40827800
2021-04-16;24.57500;24.63500;24.10000;24.20000;57189000
2021-04-15;24.625;24.625;24.29500;24.39500;49686200
2021-04-14;24.14000;24.92000;24.11500;24.59500;66767800
2021-04-13;23.86500;24.059999;23.69000;23.93000;44825400
2021-04-12;24.30500;24.48000;23.82000;23.90500;39196200
2021-04-09;24.25;24.46000;23.98500;24.094999;44373400
2021-04-08;24.40000;24.40500;23.97500;24.25500;63766600
2021-04-07;24.5;24.70000;24.41000;24.57500;49888600
2021-04-06;24.67500;25.0049992;24.45000;24.49000;53257800
2021-04-05;25.10500;25.11000;24.41000;24.55500;53372200
2021-04-01;24.64000;25.16500;24.51000;25.15500;65039600
2021-03-31;24.65000;24.76000;24.43500;24.53000;48097400
2021-03-30;24.66000;24.96500;24.51500;24.70000;53392200
2021-03-29;25;25.13000;24.61000;24.91500;47286200
2021-03-26;25.049999;25.25;24.76500;25.21500;72348600
2021-03-25;24.10500;24.67500;23.71500;24.60500;80670200
2021-03-24;24.28000;24.84500;24.28000;24.51500;81630800
2021-03-23;23.78000;24.45000;23.63000;23.91500;103196200
2021-03-22;24.45000;24.54500;24.22000;24.27000;59561800
2021-03-19;24.75;25.17500;24.43000;24.76500;81158600
2021-03-18;25.69500;25.81000;24.65500;24.76000;87207200
2021-03-17;25.65000;26.049999;25.43000;25.92500;64552200
2021-03-16;26.040001;26.065001;25.56500;25.72500;77287000
2021-03-15;26.72500;26.80000;26.16000;26.48000;60452600
2021-03-12;26.78000;27.025000;26.58500;26.78500;59786800
2021-03-11;26.77500;27.18500;26.67000;26.73000;50797400
2021-03-10;26.10000;26.81000;25.97500;26.72000;78416600
2021-03-09;26.375;26.75500;25.875;26.059999;118889600
2021-03-08;26.73500;26.875;26.14000;26.52500;100610000
2021-03-05;26.24500;26.53500;25.59000;26.47500;112395800
2021-03-04;25.15000;25.98000;24.91500;25.52000;107573800
2021-03-03;24.74500;25.49000;24.74000;24.92500;82574400
2021-03-02;24.79000;24.99000;24.55000;24.56500;74468200
2021-03-01;24.71000;25.040001;24.53000;24.70000;69391600
2021-02-26;24.33000;24.40000;23.36500;24.075001;90308800
2021-02-25;25.40500;25.40500;24.49000;24.66000;75887800
2021-02-24;24.44500;25.29000;24.24000;25.14500;77748800
2021-02-23;24.17500;24.35500;23.25500;24.28500;98370800
2021-02-22;23.24500;24.23500;23.20500;23.89000;75644600
2021-02-19;22.74000;23.18000;22.71500;23.090000;54404200
2021-02-18;23.13500;23.18000;22.64000;22.71000;61360200
2021-02-17;23.13000;23.38500;22.79500;23.23500;68964400
2021-02-16;22.85000;23.16000;22.73500;22.89500;76593400
2021-02-12;21.85500;22.35500;21.81500;22.33500;47400800
2021-02-11;22.28500;22.29000;21.54500;22.010000;49632600
2021-02-10;22.010000;22.375;21.87000;22.35500;58451000
2021-02-09;21.99500;22.065001;21.64500;21.93500;64798800
2021-02-08;21.59000;22.27500;21.57000;22.17000;62368200
2021-02-05;21.43000;21.5;21.22000;21.28000;48196400
2021-02-04;21.025000;21.10500;20.65500;21.10000;48327800
2021-02-03;20.12000;20.92500;20.045000;20.87000;74385600
2021-02-02;20.27500;20.49500;20.014999;20.014999;63929000
2021-02-01;19.90000;20;19.47000;19.80000;61021400
2021-01-29;20.049999;20.31000;19.58500;19.66000;63069000
2021-01-28;20.26500;20.58000;20.080000;20.33500;57248200
2021-01-27;20.040001;20.66000;19.75500;20.10000;99867200
2021-01-26;21.0049992;21.32000;20.36500;20.375;54999600
2021-01-25;20.80500;20.88500;20.44000;20.82000;81823200
2021-01-22;20.68000;21.094999;20.51000;21.035000;50444600
2021-01-21;21.76500;21.875;20.95000;21.14500;59968000
2021-01-20;21.99000;22.045000;21.67000;21.88500;50725600
2021-01-19;21.63500;21.95500;21.56500;21.80500;55619400
2021-01-15;21.84500;21.85000;21.16500;21.375;95497000
2021-01-14;21.73500;22.5;21.71500;22.24000;83314600
2021-01-13;21.84500;21.85500;21.43500;21.60000;54764400
2021-01-12;21.29000;21.88500;21.13000;21.77000;87947200
2021-01-11;20.26000;21.12000;20.14500;21.035000;46890400
2021-01-08;21;21;20.54500;20.71000;62744000
2021-01-07;20.61500;20.94500;20.40000;20.73500;51457200
2021-01-06;20.22000;20.625;19.96000;20.43500;86262800
2021-01-05;19.18500;20.35000;19.17000;19.83000;95473400
2021-01-04;19.17000;19.33000;18.75500;18.98000;67717600
2020-12-31;19.025000;19.10500;18.86500;18.95000;36309800
2020-12-30;18.83000;19.29000;18.78500;19.11000;56436600
2020-12-29;19.055000;19.11000;18.72500;18.81500;37968600
2020-12-28;19.13000;19.37000;18.88500;18.94000;37824600
2020-12-24;19.18500;19.18500;18.87000;19.059999;22903000
2020-12-23;18.90500;19.42500;18.90000;19.16000;53931800
2020-12-22;19.025000;19.090000;18.72500;18.74500;50185800
2020-12-21;18.70500;19.23000;18.51000;19.065001;80158800
2020-12-18;19.99500;20.10500;19.54500;19.70000;73140400
2020-12-17;20.31000;20.31500;19.91500;20.035000;46363400
2020-12-16;20.28000;20.35500;19.99000;20.13000;47628800
2020-12-15;19.95000;20.33000;19.76500;20.23000;58671800
2020-12-14;20.875;20.88000;19.76500;19.84000;79884400
2020-12-11;20.66000;20.66500;20.27000;20.56000;56152200
2020-12-10;20.20500;21.040001;20.15000;20.80000;77604400
2020-12-09;20.34000;20.67000;19.93500;20.18000;86691800
2020-12-08;19.59500;20.33500;19.59000;20.13500;57854600
2020-12-07;20.075001;20.12000;19.65000;19.84000;69313200
2020-12-04;19.61500;20.33000;19.61500;20.31500;103700400
2020-12-03;19.15000;19.5;18.95500;19.26500;72975400
2020-12-02;18.40500;19.35500;18.34500;19.065001;75483600
2020-12-01;18.89000;18.99500;18.43500;18.46500;68935600
2020-11-30;19.24000;19.26500;18.35000;18.38000;83087200
2020-11-27;19.57500;19.73500;19.30000;19.45500;37510800
2020-11-25;20.025000;20.025000;19.57500;19.68500;71352400
2020-11-24;19.81500;20.21000;19.64000;20.15500;106932000
2020-11-23;18.18500;19.19500;18.16500;19.17000;76324600
2020-11-20;17.95500;18.035000;17.78000;17.90500;39506400
2020-11-19;17.58500;18.035000;17.40500;18;65872400
2020-11-18;18.39500;18.46500;17.71000;17.71000;82000400
2020-11-17;17.82000;18.25;17.58500;18.24000;78020200
2020-11-16;17.66000;18.094999;17.44500;18.055000;95865400
2020-11-13;16.47000;17.025000;16.45000;16.94000;78865400
2020-11-12;16.59500;16.83000;16.17000;16.34500;77169600
2020-11-11;17.25;17.28500;16.73000;16.89000;93085000
2020-11-10;16.84000;17.065001;16.49000;17.065001;146676200
2020-11-09;16.20000;16.89500;16.15000;16.53000;198713400
2020-11-06;14.78500;15.0050001;14.40500;14.46500;66446400
2020-11-05;14.80500;15.080000;14.75500;14.78500;63591600
2020-11-04;14.78500;15.14000;14.38500;14.78500;87227400
2020-11-03;15.10000;15.11000;14.63000;14.76500;69755000
2020-11-02;14.55500;15.045000;14.28500;14.85000;83786200
2020-10-30;14.18000;14.37000;14.015000;14.36000;75799400
2020-10-29;13.67500;14.32500;13.49000;14.28000;74504200
2020-10-28;14.10500;14.19500;13.77500;13.85500;81098200
2020-10-27;14.63500;14.64000;14.42500;14.46000;43193600
2020-10-26;14.93500;14.95500;14.50500;14.65000;60802000
2020-10-23;15.35000;15.44000;15.0050001;15.19500;49975400
2020-10-22;14.69000;15.29000;14.59500;15.27000;65648400
2020-10-21;14.86500;14.95000;14.66000;14.66500;49315200
2020-10-20;14.86000;15.080000;14.76000;14.95000;45980600
2020-10-19;15.15000;15.22500;14.76000;14.77500;50372000
2020-10-16;15.41500;15.43500;15.070000;15.095000;37423000
2020-10-15;15;15.45000;14.86500;15.44500;40707800
2020-10-14;15.23000;15.61500;15.20000;15.26000;54488000
2020-10-13;15.43500;15.52500;15.15000;15.19500;50767600
2020-10-12;15.34500;15.49000;15.18500;15.43500;33369200
2020-10-09;15.78500;15.82500;15.37000;15.39500;51035800
2020-10-08;15.20500;15.65500;15.13500;15.64500;61126200
2020-10-07;14.95500;15.12000;14.78500;15.080000;42086000
2020-10-06;15.31500;15.40000;14.83000;14.87000;62223200
2020-10-05;14.78500;15.10500;14.75;15.095000;63144400
2020-10-02;14.125;14.78000;14.10000;14.65500;57410400
2020-10-01;14.81000;14.875;14.42500;14.51500;56730400
2020-09-30;15.11500;15.29000;14.90500;14.97500;49149000
2020-09-29;15.40000;15.43500;14.87000;15.020000;47601800
2020-09-28;15.36500;15.61500;15.34500;15.44500;52752000
2020-09-25;14.94500;15.20500;14.85000;15.090000;55116800
2020-09-24;15.050000;15.375;14.77000;15.10000;70487600
2020-09-23;15.88000;15.94000;15.085000;15.10500;52969200
2020-09-22;15.99500;16.25;15.79000;15.82000;44697400
2020-09-21;16.13000;16.17000;15.71500;15.98500;61439200
2020-09-18;16.98500;16.99500;16.63500;16.80500;52812800
2020-09-17;16.70000;17.010000;16.53500;16.99500;44713400
2020-09-16;16.46000;17.19000;16.32000;16.97000;71772200
2020-09-15;16.54500;16.69500;16.26500;16.31500;51220800
2020-09-14;16.35500;16.58500;16.24000;16.43500;38888400
2020-09-11;16.33000;16.41500;16.17500;16.31000;50794600
2020-09-10;16.96500;16.98500;16.26500;16.29500;74006600
2020-09-09;16.99000;17.084999;16.85500;16.91500;49955200
2020-09-08;17.10500;17.18500;16.61000;16.80000;98437600
2020-09-04;17.67000;17.79000;17.22000;17.43500;68682000
2020-09-03;17.58500;17.95000;17.38500;17.49000;78884600
2020-09-02;17.70000;17.80500;17.51000;17.62000;47700400
2020-09-01;17.74500;17.78500;17.48500;17.70500;36521000
2020-08-31;18.24500;18.27000;17.82500;17.82500;37583000
2020-08-28;17.97000;18.27500;17.88000;18.22000;29150200
2020-08-27;17.87000;18.020000;17.68000;17.90000;44519400
2020-08-26;18.22500;18.22500;17.84000;17.86500;36002400
2020-08-25;18.61000;18.63500;18.16000;18.25;40237000
2020-08-24;18.125;18.64000;18.014999;18.51000;49654000
2020-08-21;18.059999;18.094999;17.84500;18.014999;34695600
2020-08-20;18.25500;18.375;18.125;18.13000;38215400
2020-08-19;18.73000;18.81500;18.47000;18.53000;29587800
2020-08-18;18.91500;19.10000;18.69000;18.74500;28697600
2020-08-17;19.10000;19.11000;18.88000;18.98500;28511600
2020-08-14;18.76500;19.125;18.69500;19.094999;26559400
2020-08-13;19.13500;19.29500;18.87000;18.91500;31522000
2020-08-12;19.39000;19.51500;19.084999;19.29000;51065400
2020-08-11;19.54000;19.76500;19.010000;19.10000;53026200
2020-08-10;18.73000;19.17500;18.68500;19.16500;52616200
2020-08-07;18.40000;18.63500;18.18500;18.59000;36753200
2020-08-06;18.61000;18.78000;18.49500;18.56500;38381400
2020-08-05;18.88500;18.95000;18.54500;18.71500;61517400
2020-08-04;18.020000;18.56000;18.0049992;18.52000;45144200
2020-08-03;18.010000;18.18000;17.86000;18.080000;42206800
2020-07-31;17.82500;18.035000;17.65000;18.014999;49548200
2020-07-30;18.44500;18.45500;17.94000;18.10000;65667400
2020-07-29;18.50500;18.85500;18.38000;18.84000;34430000
2020-07-28;18.66500;18.84500;18.40500;18.45500;35553800
2020-07-27;18.73000;18.86000;18.49500;18.77500;36462000
2020-07-24;18.86000;19.14000;18.68500;18.75500;39901200
2020-07-23;18.83000;18.95500;18.62000;18.86000;42087800
2020-07-22;18.92500;18.92500;18.62000;18.89500;39243400
2020-07-21;18.35000;19.27500;18.32500;19.13000;72340400
2020-07-20;18.28000;18.49000;18.025000;18.040001;40153000
2020-07-17;18.66500;18.87000;18.26500;18.34500;35433800
2020-07-16;18.56500;18.84500;18.33000;18.60500;37645600
2020-07-15;18.76000;18.81000;18.41500;18.69000;51805000
2020-07-14;17.55500;18.33000;17.50500;18.29500;68442200
2020-07-13;17.93500;18.0049992;17.54000;17.67500;74447600
2020-07-10;17.12000;17.79000;17.12000;17.77000;50456000
2020-07-09;18.035000;18.084999;17.20000;17.22000;61087200
2020-07-08;18.13000;18.41000;17.96500;18.11500;41301800
2020-07-07;18.49000;18.51500;18.10000;18.13000;41821800
2020-07-06;19;19.13500;18.49000;18.72500;45084400
2020-07-02;18.84500;19.10500;18.63000;18.67000;41558400
2020-07-01;19;19.25500;18.44000;18.46500;49146800
2020-06-30;18.35000;19.035000;18.16000;18.92500;41886800
2020-06-29;18.30000;18.66000;18.22000;18.5;38905600
2020-06-26;18.77500;18.77500;18.17000;18.25500;67722200
2020-06-25;18.38000;18.98000;18.28500;18.91000;48034400
2020-06-24;19.34000;19.34500;18.43000;18.55500;64726000
2020-06-23;19.92000;19.97000;19.58500;19.64500;29611600
2020-06-22;19.44000;19.69000;19.21000;19.625;38896400
2020-06-19;20.71500;20.72000;19.76500;19.78500;53934200
2020-06-18;19.64500;20.31000;19.52500;20.090000;36937800
2020-06-17;20.46500;20.47000;19.84000;19.84500;46736000
2020-06-16;20.92000;20.95000;19.96000;20.54500;64083800
2020-06-15;19.059999;20.17500;18.85000;19.97000;65694800
2020-06-12;20.27500;20.42000;19.37000;19.91000;85635000
2020-06-11;19.94500;20.52000;19.35500;19.42000;96304400
2020-06-10;22.34000;22.36000;21.43000;21.44000;80977000
2020-06-09;22.68000;22.74500;22.24000;22.55000;87399000
2020-06-08;23.23500;23.44000;22.71500;23.43000;95069400
2020-06-05;21.91500;22.625;21.89500;22.42000;100393400
2020-06-04;20.75;20.95000;20.45000;20.87000;54849400
2020-06-03;20.59000;20.96000;20.55000;20.86500;54601800
2020-06-02;19.93500;20.29000;19.91000;20.27000;50318400
2020-06-01;19.35000;19.83000;19.090000;19.72000;47680000
2020-05-29;19.30000;19.52500;18.97500;19.38000;71500400
2020-05-28;20.080000;20.080000;19.375;19.47000;54356800
2020-05-27;20.065001;20.18000;19.47000;20.030001;71225600
2020-05-26;19.85500;19.98000;19.72500;19.77500;74888600
2020-05-22;19.20500;19.26000;18.84500;19.24000;38495000
2020-05-21;19.73500;19.81500;19.20500;19.36000;56241800
2020-05-20;19.31000;19.71000;19.21000;19.67500;54521200
2020-05-19;19.49000;19.55000;18.90500;18.92000;53940600
2020-05-18;19.025000;19.59000;18.97500;19.46500;73139600
2020-05-15;18.070000;18.44500;17.83500;17.99500;54427800
2020-05-14;17.55000;18.23500;17.15000;18.065001;61968400
2020-05-13;18.59000;18.61500;17.73500;17.86500;68994800
2020-05-12;19.24000;19.26500;18.69000;18.71500;56129000
2020-05-11;19.26000;19.31500;18.96000;19.049999;46531400
2020-05-08;18.98000;19.40000;18.87000;19.39000;49646200
2020-05-07;18.58500;18.89500;18.41500;18.54500;48469400
2020-05-06;18.65000;18.81000;18.059999;18.075001;47350200
2020-05-05;19.30500;19.46000;18.49500;18.56000;68733400
2020-05-04;17.59500;18.56000;17.51000;18.54500;52780400
2020-05-01;18.61000;18.75;17.70500;17.92500;58531800
2020-04-30;19.54000;19.54000;18.72000;19;84040200
2020-04-29;18.68500;19.49500;18.67000;19.43000;71075000
2020-04-28;17.95000;18.20000;17.66000;18.090000;59138000
2020-04-27;17.18000;17.81000;16.79000;17.68500;46576000
2020-04-24;17.61500;17.77000;17.035000;17.31000;64859200
2020-04-23;17.24000;17.67500;17.070000;17.27000;83207200
2020-04-22;16.88500;16.99500;16.50500;16.73000;73753200
2020-04-21;15.97000;16.45000;15.69500;16.15500;120861600
2020-04-20;15.97500;17.049999;15.89000;16.44500;112790000
2020-04-17;15.66500;16.99500;15.65500;16.97500;91706800
2020-04-16;15.99000;16.040001;15.32500;15.34500;64605800
2020-04-15;16.15000;16.19000;15.53000;16.030001;73421000
2020-04-14;16.98500;17.19000;16.71000;16.82000;72648200
2020-04-13;17.54500;17.61000;16.63000;16.90000;67685600
2020-04-09;17.77000;18.23000;16.31000;16.95500;182655200
2020-04-08;16.38000;17.16500;16.24500;17.11000;83811600
2020-04-07;16.48000;16.93500;16.010000;16.040001;103019000
2020-04-06;15.25;15.81000;15.045000;15.70500;76041400
2020-04-03;15.55000;15.65500;14.49000;14.91500;127668600
2020-04-02;14.50500;15.88000;14.13000;15.075000;146256200
2020-04-01;14.060000;14.24000;13.61500;13.81000;47653000
2020-03-31;14.71000;15;14.24000;14.53000;68701200
2020-03-30;13.97500;14.43500;13.54500;14.31000;84254800
2020-03-27;14.56000;14.60500;14.080000;14.16500;73056800
2020-03-26;14.46500;15.5;14.28500;15.19500;93836200
2020-03-25;13.97500;15;13.37000;14.32000;104869800
2020-03-24;12.70000;13.74500;12.70000;13.67500;89022200
2020-03-23;12.56500;12.64500;11.57500;11.78500;96520400
2020-03-20;13.13000;13.42000;12.38000;12.93000;116714400
2020-03-19;12.16500;12.85500;11.49000;12.80500;104453000
2020-03-18;13.020000;13.29000;11.44000;11.99000;104271600
2020-03-17;14.040000;14.59000;13.47500;14;90887200
2020-03-16;13.97500;15.56000;13.83500;13.90500;80467200
2020-03-13;15.98000;16.11000;14.40000;16.094999;68196800
2020-03-12;15.59500;16;14.69000;14.73500;77658200
2020-03-11;17.22500;17.52500;16.56500;16.83500;86954600
2020-03-10;18.33500;18.41000;16.68000;17.77500;96862200
2020-03-09;17.53500;18.21500;16.86500;16.97000;133113800
2020-03-06;21.75;21.94500;20.93000;21.25;123034800
2020-03-05;22.70000;22.80500;22.14000;22.51500;58774600
2020-03-04;23.32000;23.375;22.83500;23.37000;48969000
2020-03-03;23.68500;23.99500;22.57500;22.83000;97190600
2020-03-02;23.14000;23.58000;22.46500;23.55000;73285400
2020-02-28;21.94000;22.92000;21.76000;22.63500;137511600
2020-02-27;23.31500;23.76500;22.64500;22.65500;122557400
2020-02-26;24.77000;24.89000;23.92500;23.93500;97656600
2020-02-25;25.89000;25.91000;24.52000;24.68000;85674600
2020-02-24;26.049999;26.20000;25.74000;25.82000;66075000
2020-02-21;27.13500;27.16000;26.84500;27.070000;27616400
2020-02-20;27.49500;27.70000;27.32500;27.39500;26101600
2020-02-19;27.24500;27.53500;27.094999;27.42500;24910800
2020-02-18;27.049999;27.28500;26.81500;27.065001;32629400
2020-02-14;27.53000;27.55000;27.12000;27.29000;25040000
2020-02-13;27.44500;27.59000;27.27500;27.43500;23949800
2020-02-12;27.56000;27.67500;27.29500;27.52000;34399600
2020-02-11;27.22000;27.26000;27.035000;27.15500;27689200
2020-02-10;26.85000;26.91500;26.69000;26.85500;29281200
2020-02-07;26.97500;27.10500;26.85000;26.99000;27386600
2020-02-06;27.59000;27.59000;27.13500;27.18000;30801200
2020-02-05;26.90500;27.55500;26.89000;27.46000;68764000
2020-02-04;26.75;26.96000;26.41500;26.46500;39639600
2020-02-03;26.68500;26.72500;26.27500;26.37000;42578400
2020-01-31;27.11500;27.19000;26.58000;26.72000;66861000
2020-01-30;27.075001;27.61000;27.0049992;27.58000;48861000
2020-01-29;27.80500;27.90500;27.32500;27.36000;27490800
2020-01-28;27.68000;27.82000;27.54000;27.65000;28600200
2020-01-27;27.74000;27.85000;27.49000;27.52500;43365000
2020-01-24;28.51000;28.64000;28.090000;28.31000;40781200
2020-01-23;28.45000;28.73000;28.23000;28.64000;26556000
2020-01-22;28.97500;28.99500;28.67000;28.75;29355400
2020-01-21;29.39500;29.40000;28.98000;29.030001;34709200
2020-01-17;29.83000;29.84500;29.51000;29.56000;23818200
2020-01-16;29.875;29.97500;29.73500;29.75;16449000
2020-01-15;29.79000;29.88000;29.61500;29.70000;21661600
2020-01-14;29.85000;29.95500;29.65500;29.92000;34678000
2020-01-13;29.86000;30.010000;29.70500;29.91500;17557000
2020-01-10;30.059999;30.084999;29.87000;29.90500;18302400
2020-01-09;29.84000;30.10500;29.49000;30.075001;30733600
2020-01-08;30.32500;30.36000;29.81500;29.85500;38042800
2020-01-07;30.35000;30.38500;30;30.35500;22925000
2020-01-06;30.30500;30.59000;30.20000;30.43500;44916200
2020-01-03;30.56500;30.65500;30.049999;30.20000;59005800
2020-01-02;30.22000;30.33500;30.11500;30.29000;23889400


### XLB
datetime;open;high;low;close;volume
2025-12-30;45.81000;45.85000;45.63000;45.73000;4432100
2025-12-29;45.74000;45.86000;45.54000;45.74000;6370400
2025-12-26;45.95000;46.14000;45.86000;46.11000;5035800
2025-12-24;45.73000;45.89000;45.61000;45.84000;2767600
2025-12-23;45.78000;45.80000;45.54000;45.75;8424800
2025-12-22;45.39000;45.71000;45.33000;45.67000;9862300
2025-12-19;45.20000;45.54000;45.090000;45.37000;10358000
2025-12-18;45.27000;45.63000;45.13000;45.17000;8978100
2025-12-17;45.0099983;45.37000;44.94000;45.19000;10935000
2025-12-16;45.18000;45.21000;44.72000;45;9742300
2025-12-15;45.42000;45.44000;44.85000;45.12000;9228800
2025-12-12;45.51000;45.58000;44.97000;45.15000;14078600
2025-12-11;44.29000;45.22000;44.29000;45.12000;11009200
2025-12-10;43.35000;44.34000;43.35000;44.24000;10919500
2025-12-09;43.42000;43.82000;43.37000;43.39000;8801100
2025-12-08;44.080002;44.099998;43.45000;43.48000;11389100
2025-12-05;44.34000;44.64000;44.090000;44.090000;7134000
2025-12-04;44.38000;44.50500;44.125;44.23500;9912600
2025-12-03;44.38000;44.625;44.34500;44.49500;11841600
2025-12-02;44.68000;44.68000;43.92500;44.18500;12905800
2025-12-01;44.64000;44.98000;44.56500;44.59000;13367800
2025-11-28;44.56500;44.875;44.45500;44.70000;4786800
2025-11-26;43.94000;44.56000;43.92000;44.44500;9895200
2025-11-25;43.48500;44.0050011;43.45500;43.90500;12455800
2025-11-24;43.14500;43.36000;42.96000;43.26000;14549600
2025-11-21;42.44000;43.50500;42.35500;43.17500;20989200
2025-11-20;43.16500;43.35500;42.21500;42.23000;22669200
2025-11-19;43.020000;43.049999;42.60000;42.87000;15385800
2025-11-18;42.77000;43.060001;42.53000;42.76000;20615000
2025-11-17;43.28000;43.40000;42.66500;42.72500;14150800
2025-11-14;43.47500;43.73000;43.32000;43.38500;12830000
2025-11-13;44.084999;44.22000;43.75;43.78500;17940400
2025-11-12;43.90000;44.33500;43.86000;44.075001;13923800
2025-11-11;43.49500;43.85500;43.39500;43.76500;11641400
2025-11-10;43.19500;43.41000;42.83500;43.31500;15233400
2025-11-07;42.51000;42.99500;42.35500;42.91000;17975200
2025-11-06;42.71500;42.92500;42.37000;42.40000;22407400
2025-11-05;42.60500;42.82000;42.48000;42.61000;18828400
2025-11-04;42.26500;42.54000;42.035000;42.36000;22164800
2025-11-03;42.79000;42.84000;42.14500;42.57000;24127400
2025-10-31;42.85500;43.049999;42.52000;42.83500;17528800
2025-10-30;43.375;43.52000;43.060001;43.084999;20798600
2025-10-29;44.375;44.51000;43.59000;43.67000;20990000
2025-10-28;44.45500;44.77000;44.38000;44.54500;13049400
2025-10-27;44.48500;44.69000;44.29500;44.48500;11936600
2025-10-24;44.625;44.79500;44.46500;44.50500;13450400
2025-10-23;44.48000;44.80500;44.37000;44.69000;10682600
2025-10-22;44.14000;44.42500;43.98500;44.16000;13133000
2025-10-21;44.13500;44.45500;43.99500;44.29500;9335800
2025-10-20;44.33000;44.5;44.19000;44.46500;8425400
2025-10-17;43.99500;44.19000;43.70500;43.94000;12791000
2025-10-16;44.57500;44.57500;43.80000;44.025002;13389600
2025-10-15;44.74000;45;44.11500;44.35500;10555800
2025-10-14;43.71000;44.75;43.625;44.55500;10797400
2025-10-13;44.014999;44.40000;43.89000;44.11500;11979800
2025-10-10;44.42000;44.52000;43.42000;43.42500;22262600
2025-10-09;45.125;45.21500;44.22500;44.33500;13231800
2025-10-08;44.92500;45.12000;44.74500;44.95000;12184200
2025-10-07;44.96000;45.14000;44.55000;44.71000;11308800
2025-10-06;44.95500;45.13500;44.79500;44.89000;8937800
2025-10-03;44.84500;45.17000;44.80000;44.93000;9827600
2025-10-02;44.27500;44.88000;44.27500;44.85500;10673800
2025-10-01;44.75500;44.86000;44.23500;44.34000;13749800
2025-09-30;44.49000;44.84500;44.40500;44.81000;9408200
2025-09-29;44.70500;44.73500;44.34000;44.59000;9378800
2025-09-26;44.020000;44.49500;43.98500;44.42000;9944600
2025-09-25;44.33000;44.34000;43.84000;43.91000;11077200
2025-09-24;44.86000;45.084999;44.43500;44.49000;10669600
2025-09-23;45.29000;45.63000;44.98500;45.040001;8228800
2025-09-22;45.18500;45.33000;44.97500;45.18500;8882400
2025-09-19;45.55000;45.58000;45.27000;45.41500;16468200
2025-09-18;45.29500;45.57500;45.080002;45.43500;15116000
2025-09-17;45.37000;46.23000;45.16500;45.43500;13319600
2025-09-16;45.58000;45.67000;45.21500;45.33000;9700400
2025-09-15;45.89500;45.91500;45.39500;45.47000;9791400
2025-09-12;46.064999;46.24000;45.75500;45.84000;11069400
2025-09-11;45.31500;46.35000;45.28500;46.30500;11685200
2025-09-10;45.23500;45.61500;45.18000;45.35500;10671600
2025-09-09;45.77500;45.95500;45.14500;45.27000;12112400
2025-09-08;46.064999;46.064999;45.48500;46.020000;13605800
2025-09-05;45.83000;46.35000;45.65500;45.98000;15054400
2025-09-04;45.48000;45.68500;45.11000;45.66000;12530000
2025-09-03;45.77000;45.82000;45.37000;45.48500;10157600
2025-09-02;45.75;45.84500;45.52000;45.79500;13028600
2025-08-29;46.084999;46.36000;46.025002;46.14000;8288800
2025-08-28;46.20500;46.22000;45.75;46.075001;8557200
2025-08-27;45.76000;46.13000;45.71500;46.075001;8967800
2025-08-26;45.71500;46;45.68000;45.96000;8414200
2025-08-25;46.044998;46.099998;45.76000;45.83500;12563800
2025-08-22;45.38500;46.32000;45.32500;46.090000;11434200
2025-08-21;44.88500;45.30000;44.82500;45.19500;13017600
2025-08-20;45.035000;45.34000;44.90000;45.060001;13436000
2025-08-19;44.79000;45.24500;44.79000;45.025002;11980200
2025-08-18;44.95000;45.049999;44.69500;44.75500;9423000
2025-08-15;45.31000;45.31000;44.91500;45.014999;16132200
2025-08-14;45.075001;45.090000;44.67000;45.014999;16098600
2025-08-13;44.88000;45.51000;44.76000;45.49000;16882200
2025-08-12;44.15000;44.69000;44.10500;44.65000;12501200
2025-08-11;44.21000;44.40000;43.82500;44.075001;12035600
2025-08-08;44.11500;44.32000;43.98000;44.17500;10402600
2025-08-07;44.19500;44.26500;43.68500;43.95500;15272600
2025-08-06;44.20000;44.31000;43.75500;43.76500;13141000
2025-08-05;44.16500;44.33500;43.83500;44.24500;16047000
2025-08-04;43.61000;43.98000;43.59500;43.93500;15497000
2025-08-01;43.56500;43.58500;43.0099983;43.36000;28581800
2025-07-31;43.90000;44.41000;43.81500;43.86500;23230600
2025-07-30;45.13500;45.18000;44.23500;44.42500;23629400
2025-07-29;45.43500;45.44000;45.075001;45.34000;14205800
2025-07-28;45.92000;45.98500;45.38500;45.51500;15015000
2025-07-25;45.76500;46.21000;45.64000;46.18500;15752800
2025-07-24;45.70000;46;45.51000;45.64500;17343400
2025-07-23;46.14500;46.37000;46.040001;46.12000;13494400
2025-07-22;45.29500;46.0050011;45.27000;45.96500;13651000
2025-07-21;45.38500;45.74000;45.29000;45.34000;10631000
2025-07-18;45.080002;45.14500;44.84000;45.11000;13623200
2025-07-17;44.59500;45.040001;44.53500;45.0050011;11840800
2025-07-16;44.625;44.74000;44.17000;44.69000;13615200
2025-07-15;45.58000;45.60500;44.55500;44.57000;14653600
2025-07-14;45.57500;45.67500;45.34000;45.50500;12949400
2025-07-11;45.64000;45.84000;45.40500;45.76000;11563200
2025-07-10;46;46.43000;45.90500;46.13500;12865600
2025-07-09;45.73500;45.94000;45.46000;45.89000;13435600
2025-07-08;45.34000;45.76000;45.28500;45.61500;16347600
2025-07-07;45.45000;45.61000;45.0050011;45.24500;11761600
2025-07-03;45.68000;45.84500;45.60000;45.68500;6766000
2025-07-02;45.25500;45.73000;45.17500;45.71500;14644200
2025-07-01;44.025002;45.29500;43.94500;45.040001;15844200
2025-06-30;43.99000;44.0099983;43.68500;43.90500;8533800
2025-06-27;43.90500;44.14000;43.70000;43.94500;9375600
2025-06-26;43.625;44.029999;43.625;43.89000;10508600
2025-06-25;43.74500;43.74500;43.36000;43.41000;8744000
2025-06-24;43.56500;43.89500;43.50500;43.83000;8768200
2025-06-23;42.99500;43.51000;42.77000;43.47000;10120600
2025-06-20;43.75500;43.82000;43.15000;43.21000;13409800
2025-06-18;43.67500;43.84500;43.45000;43.50500;8554000
2025-06-17;43.94000;43.99000;43.56500;43.63000;9158000
2025-06-16;43.88500;44.29000;43.88500;44.060001;10504000
2025-06-13;43.78000;44.25;43.57000;43.69000;14289400
2025-06-12;43.86000;44.23500;43.66000;44.20500;8660000
2025-06-11;44.34500;44.39000;43.87000;44.020000;10307800
2025-06-10;44.18000;44.49500;44.18000;44.46000;7875200
2025-06-09;43.99500;44.47500;43.94500;44.18500;11667000
2025-06-06;44.099998;44.22500;43.79000;43.89000;9348400
2025-06-05;44.20500;44.22500;43.67500;43.77500;14234800
2025-06-04;43.92500;44.15500;43.85000;44.035000;13268000
2025-06-03;43.26000;43.88500;43.055000;43.87000;13218200
2025-06-02;43.44000;43.44500;43.095001;43.42500;15811000
2025-05-30;43.049999;43.23000;42.61000;43.17000;12114200
2025-05-29;43.22500;43.24000;42.73500;43.16500;9869600
2025-05-28;43.55000;43.55500;42.96500;43.0050011;10597000
2025-05-27;43.28000;43.61000;43.14500;43.60000;6898600
2025-05-23;42.61000;43.0050011;42.53000;42.85000;7343200
2025-05-22;42.92500;43.12000;42.62000;42.93500;7651000
2025-05-21;43.21500;43.45000;42.91500;42.98000;9612400
2025-05-20;43.57000;43.64000;43.375;43.56000;5128600
2025-05-19;43.28000;43.68500;43.090000;43.63500;10166600
2025-05-16;43.090000;43.53000;42.84000;43.52500;6426800
2025-05-15;42.53500;43.11000;42.50500;43.084999;7114600
2025-05-14;42.80000;42.85500;42.42000;42.65000;7891200
2025-05-13;43.28000;43.37000;43.029999;43.044998;6839000
2025-05-12;43.43500;43.74000;43.040001;43.26000;8798800
2025-05-09;42.17500;42.34000;42.040001;42.28000;6360000
2025-05-08;41.90500;42.58500;41.80000;42.17000;8063200
2025-05-07;41.89000;41.98000;41.45500;41.61500;8746400
2025-05-06;42.0099983;42.20000;41.73500;41.84500;6111200
2025-05-05;42.27500;42.45500;42.090000;42.15000;5679200
2025-05-02;42.26000;42.64500;42.11000;42.46500;8572400
2025-05-01;41.47000;42.070000;41.45000;41.76000;11208400
2025-04-30;41.24000;42.080002;41.020000;41.94500;9867400
2025-04-29;41.47000;41.90500;41.27000;41.73000;9526800
2025-04-28;41.36500;41.67500;40.98000;41.38500;7779600
2025-04-25;41.29500;41.42500;40.97500;41.31000;9400400
2025-04-24;40.80500;41.69500;40.65500;41.62000;9995400
2025-04-23;41.14500;41.73500;40.61000;40.74000;13337000
2025-04-22;40.16500;40.80500;40.16500;40.69000;7293800
2025-04-21;40.34500;40.34500;39.39000;39.76000;7885800
2025-04-17;40.21500;40.69000;40.16500;40.375;9535800
2025-04-16;40.45000;40.72500;39.82500;40.099998;10726400
2025-04-15;40.56500;40.94500;40.38000;40.41500;8028800
2025-04-14;40.72500;40.91500;40.24000;40.73500;10426400
2025-04-11;39.17500;40.54500;38.98000;40.25;17207000
2025-04-10;39.73500;39.75;38.17000;39.090000;28167600
2025-04-09;36.93000;40.58500;36.875;40.38000;40440200
2025-04-08;39.21000;39.33000;36.56000;37.13500;27497400
2025-04-07;38.075001;39.93500;37.12000;38.31500;50243800
2025-04-04;40.54500;40.64000;38.84500;38.94000;29389600
2025-04-03;42.11000;42.39000;41.43000;41.54000;18958600
2025-04-02;42.75;43.56500;42.75;43.50500;11863800
2025-04-01;42.88000;43.17000;42.49500;43.15000;12197600
2025-03-31;42.375;43.19500;42.035000;42.99000;8881800
2025-03-28;43.42500;43.44000;42.47000;42.52500;9147200
2025-03-27;43.21500;43.47000;42.91500;43.32000;6049200
2025-03-26;43.30500;43.60000;43.13000;43.34000;8160800
2025-03-25;43.40500;43.49500;43.075001;43.26000;7622200
2025-03-24;43.125;43.35500;42.97000;43.27000;9204400
2025-03-21;42.96500;42.96500;42.36500;42.89500;16808800
2025-03-20;43.47000;43.69500;43.26500;43.32500;7606200
2025-03-19;43.49000;43.76500;43.19000;43.60000;10253600
2025-03-18;43.71000;43.71000;43.28500;43.45500;10023800
2025-03-17;42.90000;43.66500;42.90000;43.53000;8615000
2025-03-14;42.78500;43.055000;42.61000;42.99000;9507400
2025-03-13;42.49500;42.93000;42.17000;42.43500;10283000
2025-03-12;42.78000;42.84000;42.27500;42.46500;12607200
2025-03-11;43.070000;43.10500;42.42500;42.66500;15426200
2025-03-10;43.52000;43.77000;42.69500;42.99500;16672800
2025-03-07;43.59500;44.095001;43.39000;43.91000;15654600
2025-03-06;43.80000;44.21000;43.55500;43.79000;18493600
2025-03-05;43.30000;44.13500;43.23500;44.020000;17368600
2025-03-04;43.59000;43.59000;42.84000;42.90000;22518600
2025-03-03;44.79500;44.95500;43.38500;43.49000;16883200
2025-02-28;44.17500;44.41500;43.83500;44.38000;9316600
2025-02-27;44.32500;44.60500;43.97500;44.0050011;7089000
2025-02-26;44.48500;44.72000;44.26000;44.30500;7965000
2025-02-25;44.014999;44.46500;43.97500;44.32500;9281200
2025-02-24;44.14500;44.24000;43.86000;43.98500;9454200
2025-02-21;44.94500;44.95000;43.98500;44.035000;9954000
2025-02-20;44.84000;45.014999;44.56500;44.85500;9868600
2025-02-19;44.94500;45.099998;44.80500;44.96000;7608000
2025-02-18;45.049999;45.49500;44.77500;45.49500;7115800
2025-02-14;45.21000;45.43500;44.91500;44.92500;9631400
2025-02-13;44.55500;45.13500;44.49500;45.080002;10430600
2025-02-12;44.029999;44.53500;43.88000;44.31000;11027200
2025-02-11;44.51000;44.91500;44.44500;44.63000;9441800
2025-02-10;44.46500;44.51500;44.13500;44.37000;8950400
2025-02-07;44.57500;44.64500;44.099998;44.14500;13545600
2025-02-06;44.56500;44.80500;44.34000;44.69000;15303000
2025-02-05;44.38000;44.75;44.23500;44.53500;14194200
2025-02-04;44.58500;44.75500;44.44500;44.57000;19718400
2025-02-03;43.94500;44.57000;43.46500;44.44000;21249600
2025-01-31;44.66500;44.80000;44.21500;44.39500;13902800
2025-01-30;44.21000;44.75;44.13000;44.72000;12398200
2025-01-29;44.21000;44.51000;44.19000;44.30000;9020200
2025-01-28;44.63000;44.63500;44.28000;44.38000;9287600
2025-01-27;44.41000;44.56500;44.15500;44.52500;12938800
2025-01-24;44.81500;44.83000;44.45500;44.5;6300000
2025-01-23;44.37000;44.61500;44.13500;44.61500;8568400
2025-01-22;44.78000;44.79500;44.36000;44.37000;11894200
2025-01-21;44.58000;44.85500;44.52000;44.73000;10348000
2025-01-17;44.17000;44.45000;44;44.16500;11589000
2025-01-16;43.55500;43.88500;43.43500;43.88000;11550400
2025-01-15;43.73500;43.85000;43.23500;43.52000;12564200
2025-01-14;42.82000;43.14500;42.71000;43.11000;13084600
2025-01-13;41.61000;42.60500;41.57500;42.58000;20014800
2025-01-10;41.78500;41.95500;41.54000;41.65000;18553600
2025-01-08;41.88000;42.084999;41.58000;42.080002;15743000
2025-01-07;41.90000;42.32500;41.64000;41.85000;23069000
2025-01-06;42.0050011;42.27500;41.81500;41.875;16602000
2025-01-03;41.74000;41.79500;41.52000;41.59500;19348400
2025-01-02;42.27000;42.41000;41.54500;41.60500;20004200
2024-12-31;42.040001;42.21000;41.85000;42.070000;8883200
2024-12-30;42.19500;42.19500;41.70000;41.90000;7528200
2024-12-27;42.48500;42.85500;42.30500;42.47000;8568000
2024-12-26;42.59000;42.86000;42.48500;42.70000;6517600
2024-12-24;42.54500;42.80000;42.34000;42.76500;5502400
2024-12-23;42.51500;42.58500;42.13000;42.53500;11338400
2024-12-20;42.19000;43.040001;42.16500;42.79000;14684600
2024-12-19;42.76500;43.060001;42.25500;42.26500;12495600
2024-12-18;43.95000;44.099998;42.70500;42.72500;14797400
2024-12-17;44.025002;44.34500;43.96500;43.97500;8289800
2024-12-16;44.52500;44.68000;44.20000;44.22000;10486600
2024-12-13;44.84000;44.90500;44.46500;44.61500;8098800
2024-12-12;45.15500;45.28000;44.98000;45;7294000
2024-12-11;45.625;45.625;45.28500;45.31500;12288200
2024-12-10;45.89000;45.92500;45.19500;45.47500;7718600
2024-12-09;46.32000;46.57500;45.93500;45.94500;9417600
2024-12-06;46.25;46.31500;45.93500;45.95500;7131000
2024-12-05;46.5;46.57000;45.92000;46.13500;12762800
2024-12-04;47.025002;47.055000;46.60500;46.75;10865800
2024-12-03;47.55000;47.59000;47.12000;47.21000;11099200
2024-12-02;47.44000;47.47000;47.025002;47.36000;12785600
2024-11-29;47.15500;47.43000;47.084999;47.39000;4265200
2024-11-27;47.24500;47.58000;47.090000;47.15000;14047400
2024-11-26;47.41000;47.41000;46.99500;47.17500;6104600
2024-11-25;47.23500;47.60000;47.18000;47.53000;7524600
2024-11-22;46.74500;47.099998;46.71500;47.044998;5857200
2024-11-21;46.23000;46.80000;46.095001;46.78500;8402400
2024-11-20;45.87000;46.27500;45.69000;46.22000;8345800
2024-11-19;45.65000;45.92000;45.41000;45.84500;6540600
2024-11-18;45.72500;45.99500;45.64000;45.99500;7875200
2024-11-15;45.94000;46.035000;45.56500;45.64000;6395600
2024-11-14;46.27500;46.32500;45.91000;45.96000;5911400
2024-11-13;46.26500;46.43500;46.11500;46.34000;6310000
2024-11-12;46.80000;46.86500;46.11500;46.23000;7078400
2024-11-11;47.18500;47.38000;46.98000;47.029999;7693600
2024-11-08;47.49500;47.54000;47.15000;47.23500;8805600
2024-11-07;47.61000;47.84000;47.51000;47.67000;19949800
2024-11-06;47.87000;47.96500;47.13500;47.48500;12702800
2024-11-05;46.66000;47.029999;46.51000;46.84000;7972800
2024-11-04;46.82000;47.084999;46.56000;46.77000;15308600
2024-11-01;46.73000;46.89500;46.55000;46.56500;6928000
2024-10-31;47;47.19500;46.67500;46.69500;8106800
2024-10-30;47.064999;47.63500;47.064999;47.32000;10643600
2024-10-29;47.13500;47.34500;47.0099983;47.064999;7315600
2024-10-28;47.21000;47.43500;47.16000;47.37000;7701600
2024-10-25;47.26000;47.45000;46.95500;46.98000;7406600
2024-10-24;47.77000;47.86500;47.084999;47.28000;5092000
2024-10-23;47.87000;48.13000;47.64000;47.86500;6782600
2024-10-22;48.40500;48.48000;47.73000;47.99500;6954000
2024-10-21;48.76000;48.83500;48.27500;48.44000;4343200
2024-10-18;48.76500;48.93500;48.57000;48.81500;6035600
2024-10-17;48.65000;48.73000;48.46500;48.62000;5043600
2024-10-16;48.22500;48.64000;48.20500;48.54500;7465800
2024-10-15;48.11000;48.56500;48.11000;48.17000;7717600
2024-10-14;47.73000;48.25;47.65500;48.22000;6217000
2024-10-11;47.73000;48.080002;47.66000;47.94500;6631200
2024-10-10;47.50500;47.71000;47.30500;47.63500;6764600
2024-10-09;47.19000;47.66000;47.11500;47.52500;8562000
2024-10-08;47.17000;47.28500;46.92000;47.22500;8933800
2024-10-07;47.37000;47.56000;47.18000;47.44500;7800600
2024-10-04;47.65000;47.78500;47.29000;47.58500;11380200
2024-10-03;47.60000;47.61000;47.22500;47.35500;13542600
2024-10-02;47.95000;48.26500;47.76000;47.88500;10571400
2024-10-01;48.24000;48.27000;47.85000;48.070000;11546800
2024-09-30;48.38000;48.43500;47.82500;48.19000;7373600
2024-09-27;48.54000;48.89000;48.36000;48.46000;8498600
2024-09-26;48.075001;48.61500;48.075001;48.54500;10243400
2024-09-25;48.0099983;48.049999;47.45000;47.56000;5815400
2024-09-24;47.66000;47.96000;47.56500;47.88000;7918800
2024-09-23;47.0099983;47.27500;46.91000;47.23500;5159800
2024-09-20;47.31500;47.31500;46.85000;47.035000;9617400
2024-09-19;47.44000;47.56000;47.11000;47.37000;8351800
2024-09-18;46.96500;47.21500;46.55000;46.66500;11155400
2024-09-17;46.79500;47.21000;46.75;46.86500;5881400
2024-09-16;46.55000;46.86000;46.41500;46.77500;5838600
2024-09-13;46.064999;46.59500;46.029999;46.34500;6459000
2024-09-12;45.65500;45.94000;45.39500;45.93000;5962800
2024-09-11;45.40000;45.56000;44.44500;45.51000;7392800
2024-09-10;45.36000;45.41000;45.035000;45.40000;6299800
2024-09-09;45.20500;45.61500;45.20500;45.38000;6412400
2024-09-06;45.45500;45.72500;44.85500;44.94500;10616400
2024-09-05;45.97500;46.029999;45.41500;45.52000;7587000
2024-09-04;46.18500;46.38000;45.83000;45.88000;6313400
2024-09-03;46.45500;46.68000;45.92500;46.070000;9503400
2024-08-30;46.76000;47.21000;46.53500;47.14000;8647400
2024-08-29;46.54000;46.92000;46.24500;46.63000;6051200
2024-08-28;46.42000;46.625;46.20500;46.375;6524000
2024-08-27;46.53500;46.58500;46.27500;46.57500;8845400
2024-08-26;46.57000;46.91500;46.49500;46.57000;7663000
2024-08-23;45.95000;46.48000;45.92000;46.36500;5797800
2024-08-22;45.85500;45.93500;45.60000;45.76000;5684400
2024-08-21;45.48500;45.89500;45.46500;45.85500;4611000
2024-08-20;45.52500;45.64500;45.29000;45.33500;4834600
2024-08-19;45.29000;45.54000;45.29000;45.5;4586400
2024-08-16;45.15000;45.31500;44.95000;45.28500;5803200
2024-08-15;44.95000;45.32500;44.85500;45.23000;7728600
2024-08-14;44.63500;44.66000;44.30000;44.52500;7241000
2024-08-13;44.24000;44.62000;44.13500;44.52500;6236000
2024-08-12;44.33000;44.39000;43.98500;44.084999;5561800
2024-08-09;44.34000;44.42500;43.875;44.28000;5722000
2024-08-08;43.86500;44.41000;43.83500;44.31500;10759000
2024-08-07;44.61500;44.80000;43.61000;43.64000;11097400
2024-08-06;43.95500;44.80500;43.88000;44.24000;11812200
2024-08-05;44.21000;44.375;43.64000;44.014999;19482800
2024-08-02;45.37000;45.47500;44.42500;45.020000;20945200
2024-08-01;46.27500;46.69500;45.59500;45.88500;17134400
2024-07-31;45.98500;46.49500;45.83500;46.070000;10466800
2024-07-30;45.58500;45.93000;45.5;45.59500;8502200
2024-07-29;45.69500;45.87000;45.49500;45.74500;7049600
2024-07-26;45.22500;45.84000;45.12000;45.66500;7069800
2024-07-25;44.60000;45.47500;44.56000;44.93000;10052000
2024-07-24;45.46500;45.52000;44.76000;44.80500;8549000
2024-07-23;45.34000;45.46500;45.064999;45.38500;6493400
2024-07-22;45.17000;45.26000;44.83000;45.20500;7526200
2024-07-19;45.24500;45.34500;44.92000;45.055000;9365200
2024-07-18;45.64500;46.14500;45.40500;45.46000;8910200
2024-07-17;45.98500;46.19000;45.89500;45.91500;8790400
2024-07-16;45.095001;46.049999;45.075001;46.0099983;7465600
2024-07-15;45.25500;45.44000;45.029999;45.13500;6485200
2024-07-12;45.075001;45.46500;44.95500;45.25;9796000
2024-07-11;44.43500;44.88500;44.40500;44.82000;11914000
2024-07-10;43.85000;44.24000;43.78000;44.21500;7915400
2024-07-09;43.88500;43.97500;43.62000;43.63000;5951000
2024-07-08;44.080002;44.23500;43.92500;44.080002;10496800
2024-07-05;43.85500;44.0050011;43.61000;43.95000;8846800
2024-07-03;43.70000;43.99000;43.66000;43.88000;4591200
2024-07-02;43.37000;43.67500;43.20500;43.55500;13117200
2024-07-01;44.19000;44.35500;43.34000;43.47500;8647400
2024-06-28;44.17500;44.48000;44.020000;44.15500;7750600
2024-06-27;44.29000;44.31000;44.060001;44.17000;16279600
2024-06-26;44.10500;44.33500;43.97500;44.29500;6474600
2024-06-25;44.81000;44.82000;44.18000;44.32500;7292200
2024-06-24;44.79500;45.080002;44.67000;44.89500;8065200
2024-06-21;44.69500;44.90500;44.48500;44.82000;8209800
2024-06-20;44.74500;45.035000;44.71000;44.81500;6441000
2024-06-18;44.83000;44.99500;44.56500;44.77000;6872200
2024-06-17;44.33000;44.89500;44.22500;44.82000;7631200
2024-06-14;44.64500;44.72000;44.21000;44.49000;5694400
2024-06-13;44.67000;44.96000;44.50500;44.90500;7937200
2024-06-12;45.375;45.51000;44.80500;44.92000;8174200
2024-06-11;44.60000;44.83500;44.42000;44.83500;6457200
2024-06-10;44.77500;44.89500;44.67500;44.85000;5223600
2024-06-07;44.88000;45.27000;44.70000;44.89500;8359000
2024-06-06;45.30000;45.36000;45.099998;45.35000;4238800
2024-06-05;45;45.32000;44.81000;45.30000;6820800
2024-06-04;45.13000;45.21500;44.73000;44.99000;6779000
2024-06-03;45.75500;45.77500;45.10500;45.49500;11900200
2024-05-31;45.26500;45.77500;44.94500;45.76500;8203000
2024-05-30;44.76500;45.24500;44.76500;45.22000;6599400
2024-05-29;45.075001;45.19000;44.82000;44.85500;8145000
2024-05-28;45.69000;45.75;45.34500;45.50500;4223000
2024-05-24;45.49500;45.74000;45.49500;45.68000;4598000
2024-05-23;45.75500;45.80000;45.19500;45.28500;5688000
2024-05-22;45.71000;45.875;45.48000;45.69000;8703200
2024-05-21;46.14000;46.15000;45.93500;46.14000;5425000
2024-05-20;46.0099983;46.22000;45.89000;46.14000;4544600
2024-05-17;45.85500;46.075001;45.78500;46.075001;7256200
2024-05-16;46.029999;46.064999;45.66000;45.68500;7245800
2024-05-15;46.25;46.28000;45.80500;46.014999;7922200
2024-05-14;46.014999;46.099998;45.78500;45.93500;7480400
2024-05-13;46.0050011;46.16500;45.85000;45.89000;5030600
2024-05-10;46.060001;46.10500;45.89000;45.92000;5472600
2024-05-09;45.48000;45.90500;45.42500;45.86500;7070000
2024-05-08;45.40000;45.57000;45.31500;45.36000;6522600
2024-05-07;45.20500;45.64500;45.20000;45.57000;8862200
2024-05-06;45.040001;45.21000;44.83500;45.035000;6615600
2024-05-03;44.68500;44.88500;44.52500;44.76500;8999400
2024-05-02;44.30500;44.50500;43.95000;44.31500;15567400
2024-05-01;44.48000;45.26000;44.37000;44.54500;15456200
2024-04-30;44.76000;44.86500;44.30500;44.31500;9871800
2024-04-29;44.96000;45.19000;44.91500;45.13500;5676800
2024-04-26;44.50500;44.95000;44.49500;44.76000;6274400
2024-04-25;44.17000;44.58500;43.77500;44.48500;9220200
2024-04-24;43.96000;44.21000;43.83000;44.17000;9553800
2024-04-23;43.97000;44.35500;43.88500;44.14000;11470000
2024-04-22;44.23500;44.76000;44.064999;44.52500;8284600
2024-04-19;44.63000;44.82000;44.31500;44.48000;10109000
2024-04-18;44.86000;44.89500;44.31000;44.51500;7497800
2024-04-17;44.70000;44.90000;44.37000;44.5;9156800
2024-04-16;44.5;44.64000;44.24500;44.40000;13555600
2024-04-15;45.44000;45.61000;44.59000;44.74500;11506200
2024-04-12;45.63500;45.72500;44.76000;44.96000;12113000
2024-04-11;45.85000;45.96500;45.53500;45.77000;9900600
2024-04-10;45.81500;46.080002;45.64000;45.80500;14113000
2024-04-09;46.78000;46.79500;46.055000;46.53000;11350600
2024-04-08;46.53500;46.58500;46.29500;46.42000;6522000
2024-04-05;45.96500;46.44500;45.92500;46.38500;9804200
2024-04-04;46.69500;46.86000;45.86500;45.97000;12658600
2024-04-03;46.21500;46.5;46.17500;46.44000;10022800
2024-04-02;46.29000;46.33000;45.96500;46.16500;9570800
2024-04-01;46.66500;46.66500;46.25;46.33500;7647000
2024-03-28;46.32500;46.60500;46.23500;46.44500;9025200
2024-03-27;45.78000;46.33500;45.74000;46.32000;8444400
2024-03-26;45.77500;45.86000;45.63500;45.66500;5434400
2024-03-25;45.66000;45.88500;45.62000;45.70000;5662600
2024-03-22;45.87000;45.98000;45.66000;45.68500;5874600
2024-03-21;45.90000;46.040001;45.72000;45.97000;9384200
2024-03-20;45.29000;45.94500;45.20000;45.78000;13252400
2024-03-19;45.26500;45.40500;45.13000;45.32500;10832800
2024-03-18;45.38000;45.68000;45.30000;45.32000;15242400
2024-03-15;45.084999;45.60000;45.055000;45.40000;18702600
2024-03-14;45.49500;45.60000;45.18000;45.38000;19452000
2024-03-13;45.31500;45.83000;45.31500;45.62000;14529200
2024-03-12;45.17500;45.23500;44.95500;45.17500;10149400
2024-03-11;44.88500;45.37000;44.72500;45.18000;23270600
2024-03-08;45.075001;45.099998;44.66500;44.67500;10311200
2024-03-07;44.74000;45.14500;44.73500;44.93500;7942200
2024-03-06;44.30500;44.54500;44.24000;44.39000;10224000
2024-03-05;44.15000;44.43500;43.91500;44.064999;8493800
2024-03-04;44.029999;44.375;43.98000;44.30000;9349200
2024-03-01;43.78000;44.090000;43.74500;43.98000;10401600
2024-02-29;43.71500;43.90000;43.56500;43.78000;12247600
2024-02-28;43.19000;43.61000;43.075001;43.45000;8994000
2024-02-27;43.31500;43.42500;43.19000;43.31500;8254600
2024-02-26;43.27500;43.33500;43.10500;43.15500;6653600
2024-02-23;43.25;43.48000;43.14500;43.41500;7079000
2024-02-22;42.81000;43.22500;42.75500;43.16000;9448600
2024-02-21;42.48500;42.75500;42.32500;42.73000;8122400
2024-02-20;42.56000;42.63000;42.37000;42.49500;9019000
2024-02-16;42.54000;42.875;42.49500;42.58500;9313400
2024-02-15;41.80500;42.42500;41.80500;42.36000;11984000
2024-02-14;41.52000;41.65500;41.31000;41.57500;8762000
2024-02-13;41.5;41.62000;41.0099983;41.31000;12864600
2024-02-12;41.67000;42.095001;41.63500;41.90000;6796400
2024-02-09;41.38500;41.59000;41.26500;41.57000;7636600
2024-02-08;41.59500;41.60000;41.18500;41.48000;6798600
2024-02-07;41.44000;41.65000;41.42000;41.53500;10820400
2024-02-06;40.82000;41.29500;40.82000;41.20500;19053000
2024-02-05;40.65000;40.74500;40.37000;40.49000;24886800
2024-02-02;41.48500;41.74500;41.090000;41.54500;22920400
2024-02-01;41.73500;41.85500;41.23500;41.79000;19793800
2024-01-31;41.71500;41.77000;41.064999;41.10500;13478400
2024-01-30;41.375;41.84500;41.29500;41.65000;10851400
2024-01-29;41.22500;41.47500;41.035000;41.46000;7125800
2024-01-26;41.39000;41.49000;41.17000;41.25500;7799400
2024-01-25;41.0050011;41.26000;40.88500;41.24000;9734400
2024-01-24;41.39500;41.5;40.78500;40.81000;10317800
2024-01-23;41.43000;41.55500;41.21500;41.37000;7891600
2024-01-22;40.88000;41.31000;40.88000;41.23500;10785200
2024-01-19;41.11500;41.19000;40.72000;41.11500;11653600
2024-01-18;41.025002;41.13500;40.73000;41.075001;9320800
2024-01-17;40.82500;41.090000;40.76500;40.94500;9287600
2024-01-16;41.47000;41.54500;41.14500;41.24500;10552800
2024-01-12;41.92500;42.020000;41.54500;41.72500;8267800
2024-01-11;41.86000;41.86000;41.38000;41.68500;8542200
2024-01-10;41.71500;41.85000;41.61000;41.81000;8202800
2024-01-09;42.080002;42.080002;41.73000;41.86500;12910400
2024-01-08;41.95000;42.36000;41.80000;42.35000;10366200
2024-01-05;41.98500;42.40500;41.93500;42.17000;14692800
2024-01-04;42.16500;42.36000;42.020000;42.099998;20424200
2024-01-03;42.25;42.45000;41.94000;42.23500;23358600
2024-01-02;42.46000;42.76500;42.40000;42.69500;19924800
2023-12-29;42.79500;42.89000;42.68500;42.77000;6992200
2023-12-28;43.029999;43.10500;42.90500;42.94000;7214000
2023-12-27;42.92000;43.15000;42.87000;43.10500;6819600
2023-12-26;42.85500;43.125;42.80000;43;6731400
2023-12-22;42.69500;42.89500;42.62000;42.80000;5386600
2023-12-21;42.44500;42.54500;42.25;42.53500;7544400
2023-12-20;42.63000;42.73500;42.080002;42.090000;9358800
2023-12-19;42.63000;42.84500;42.58500;42.74500;7285400
2023-12-18;42.61000;42.70000;42.32500;42.35500;8052800
2023-12-15;42.46000;42.85000;42.46000;42.58500;10811200
2023-12-14;42.25500;42.93000;42.25500;42.69500;12713400
2023-12-13;41.044998;42.020000;40.94000;42;16392600
2023-12-12;41.64000;41.80000;41.29500;41.49500;20435000
2023-12-11;40.89000;41.26000;40.81500;41.25500;9205800
2023-12-08;40.78500;41.16000;40.78500;40.96500;8247000
2023-12-07;40.69500;40.86000;40.57500;40.81500;8559600
2023-12-06;40.80500;40.94000;40.50500;40.54000;16910000
2023-12-05;40.98500;41.0099983;40.53000;40.625;17533400
2023-12-04;41.33000;41.63000;41.17000;41.19000;21230000
2023-12-01;41.26500;41.82000;41.17000;41.67500;16782800
2023-11-30;40.82500;41.24000;40.69000;41.20500;11482400
2023-11-29;40.74500;40.98500;40.70500;40.80000;6244400
2023-11-28;40.51000;40.81000;40.39000;40.59000;6996200
2023-11-27;40.41000;40.55500;40.23500;40.51000;6524600
2023-11-24;40.39000;40.69500;40.39000;40.56000;3689800
2023-11-22;40.36000;40.44500;40.18000;40.38500;7523000
2023-11-21;40.32500;40.51000;40.29500;40.36000;7363000
2023-11-20;40.075001;40.33000;39.86000;40.20500;9634600
2023-11-17;40.18500;40.27000;40.014999;40.13500;6890000
2023-11-16;39.93000;40.10500;39.82500;40.060001;7165600
2023-11-15;39.85500;40.30500;39.81500;39.94000;9819800
2023-11-14;39.075001;39.94500;39.070000;39.76500;10995800
2023-11-13;38.45500;38.78500;38.40500;38.625;8079400
2023-11-10;38.26500;38.71000;38.21500;38.68000;7248200
2023-11-09;38.82000;38.82500;38.20500;38.23000;13878000
2023-11-08;38.53500;38.66500;38.31000;38.56000;10941600
2023-11-07;38.82000;38.85000;38.39000;38.44000;15016000
2023-11-06;39.40500;39.43000;39.11500;39.20000;9337600
2023-11-03;39.10500;39.66500;39.10500;39.39500;12129600
2023-11-02;38.30000;38.80000;38.27500;38.78500;13101200
2023-11-01;37.97500;38.13500;37.66000;38.049999;17561000
2023-10-31;37.79500;38.14000;37.70000;38.029999;11162600
2023-10-30;37.85500;38.0099983;37.59000;37.86000;11954200
2023-10-27;37.50500;37.75500;37.38500;37.47500;16473200
2023-10-26;37.5;37.83000;37.38000;37.49000;17553400
2023-10-25;37.59500;37.66000;37.20000;37.23000;12540000
2023-10-24;37.53500;37.89500;37.47000;37.67000;14848400
2023-10-23;37.28500;37.62000;37.16500;37.23000;18276000
2023-10-20;38.095001;38.17000;37.63500;37.65000;14322400
2023-10-19;38.42000;38.74000;38.060001;38.11000;18466200
2023-10-18;39.32500;39.32500;38.51000;38.56000;13017200
2023-10-17;38.91500;39.72000;38.91500;39.58500;11636600
2023-10-16;39.11000;39.46000;38.98000;39.20000;12363800
2023-10-13;39.16000;39.33000;38.65000;38.82000;11269200
2023-10-12;39.72500;39.72500;38.66500;38.96500;12126600
2023-10-11;39.62000;39.78000;39.22500;39.55500;9858800
2023-10-10;39.26500;39.78500;39.21000;39.46000;13709800
2023-10-09;38.77000;39.16000;38.58000;39.044998;12974800
2023-10-06;38.53000;39.26500;38.39000;38.99500;16085800
2023-10-05;39.0050011;39.21500;38.39500;38.63000;20474400
2023-10-04;39.049999;39.17000;38.58000;39.10500;17954000
2023-10-03;38.36000;39.14000;38.36000;38.65000;26358000
2023-10-02;39.12000;39.17500;38.49000;38.75500;22598800
2023-09-29;39.71500;39.72000;39.17000;39.27500;11714400
2023-09-28;38.99000;39.48000;38.99000;39.34000;9398200
2023-09-27;39.12000;39.17500;38.69000;38.92000;11032000
2023-09-26;39.25500;39.46500;38.81500;38.92500;10951800
2023-09-25;39.035000;39.51500;39.0099983;39.49500;8245600
2023-09-22;39.33000;39.52500;39.11500;39.18500;12035200
2023-09-21;39.76000;39.77500;39.21000;39.22500;13559600
2023-09-20;40.61000;40.71000;40.0050011;40.029999;9299400
2023-09-19;40.46500;40.64500;40.10500;40.45500;8168200
2023-09-18;40.61000;40.70000;40.36500;40.49000;7366600
2023-09-15;41.20000;41.38000;40.79000;40.85500;13975600
2023-09-14;41.16500;41.40000;41.014999;41.31500;8669000
2023-09-13;40.96000;41.044998;40.625;40.74000;9171000
2023-09-12;40.94000;41.17000;40.89000;40.98000;8421400
2023-09-11;41.16500;41.36500;40.99500;41.075001;8070600
2023-09-08;40.78000;41.075001;40.77500;40.90000;6986400
2023-09-07;40.88000;41.025002;40.55500;40.86000;8874400
2023-09-06;40.99000;41.23500;40.72500;41.044998;9306200
2023-09-05;41.84500;41.88000;41.13500;41.13500;12926400
2023-09-01;41.84000;42.020000;41.75;41.91000;11825400
2023-08-31;41.53500;41.64000;41.40000;41.44500;6560000
2023-08-30;41.37000;41.54000;41.30000;41.46500;7597400
2023-08-29;40.72000;41.39000;40.58000;41.37000;11751000
2023-08-28;40.51000;40.89000;40.49000;40.69500;10101800
2023-08-25;40.46500;40.58500;40.060001;40.40000;10757800
2023-08-24;40.26500;40.63000;40.22500;40.28000;8140400
2023-08-23;40.38000;40.59000;40.28000;40.45000;7004600
2023-08-22;40.61000;40.68000;40.26500;40.38500;7218200
2023-08-21;40.51500;40.57500;40.125;40.42000;9705200
2023-08-18;40.18500;40.51000;40.095001;40.41500;9817800
2023-08-17;40.78000;41.035000;40.38000;40.42000;10530800
2023-08-16;40.71000;40.91500;40.48500;40.5;10564400
2023-08-15;41.049999;41.14000;40.68500;40.77500;11392600
2023-08-14;41.26000;41.45500;41.035000;41.45000;7753400
2023-08-11;41.36500;41.57000;41.21500;41.36000;7974600
2023-08-10;41.65000;41.89000;41.38000;41.47500;11144800
2023-08-09;41.77500;41.86000;41.39000;41.44500;15928200
2023-08-08;41.375;41.69500;41.17000;41.61500;12857600
2023-08-07;41.93500;42.13000;41.75500;42.060001;10322200
2023-08-04;42.090000;42.39500;41.75;41.78500;16990000
2023-08-03;42.014999;42.23000;41.80500;41.88000;18758800
2023-08-02;42.28000;42.52500;42.084999;42.14000;20370600
2023-08-01;42.65000;42.84500;42.5;42.67000;15073400
2023-07-31;42.73500;42.93000;42.61500;42.86000;11001200
2023-07-28;42.80000;42.80500;42.41500;42.63500;8129600
2023-07-27;42.76500;42.89000;42.30000;42.34000;14101400
2023-07-26;42.46000;42.73000;42.28000;42.61500;12335200
2023-07-25;42.24000;42.92000;42.17500;42.76000;17521000
2023-07-24;41.92500;42.080002;41.74000;42.0050011;8705600
2023-07-21;41.75;41.94000;41.54000;41.875;9048000
2023-07-20;41.90500;41.96500;41.58000;41.87000;9853400
2023-07-19;41.94000;42.049999;41.64000;41.77000;10383400
2023-07-18;41.51500;42.12000;41.51500;41.99500;11795400
2023-07-17;41.49000;41.75500;41.41500;41.67000;9072800
2023-07-14;41.89500;41.89500;41.44500;41.63000;11252000
2023-07-13;41.69000;41.92500;41.54000;41.875;9610000
2023-07-12;41.51000;41.67500;41.20500;41.55000;23076800
2023-07-11;40.85500;41.040001;40.67500;41.0099983;9412000
2023-07-10;40.33000;40.85500;40.29500;40.61000;11196200
2023-07-07;40.24500;41.025002;40.19000;40.62000;13663000
2023-07-06;40.044998;40.29500;39.65500;40.27000;17904200
2023-07-05;41.13500;41.17500;40.48500;40.56500;23658800
2023-07-03;41.41500;41.77000;41.34500;41.59000;7865600
2023-06-30;41.27000;41.54000;41.12000;41.43500;12966600
2023-06-29;40.43000;41.070000;40.34000;41.049999;10564000
2023-06-28;40.72000;40.72000;40.35500;40.54000;10987000
2023-06-27;40.35000;40.85000;40.22000;40.82000;13676200
2023-06-26;39.94500;40.30500;39.85000;40.25;8335800
2023-06-23;39.74000;39.91000;39.53500;39.83500;11953400
2023-06-22;40.11000;40.19500;39.78000;40.16000;8650000
2023-06-21;39.93500;40.42500;39.81500;40.25500;13355400
2023-06-20;40.26500;40.35000;39.90000;40.125;11739600
2023-06-16;40.84000;40.89500;40.58000;40.875;16966800
2023-06-15;40.38000;40.93500;40.34500;40.77500;11778200
2023-06-14;40.92000;40.95500;40.21500;40.43000;13956600
2023-06-13;39.98000;40.625;39.89500;40.60000;16467200
2023-06-12;39.54500;39.73000;39.26500;39.68000;9691200
2023-06-09;39.67500;39.73500;39.35000;39.5;11621400
2023-06-08;39.99500;40.11000;39.55500;39.83000;11719200
2023-06-07;39.41500;40.0099983;39.41500;39.97500;13330800
2023-06-06;39.095001;39.60500;39.070000;39.50500;15206800
2023-06-05;39.36500;39.69500;39.11000;39.25500;14321400
2023-06-02;38.76000;39.375;38.70000;39.28500;17659000
2023-06-01;37.70000;38.12000;37.53000;38.0099983;14559600
2023-05-31;37.70000;37.82500;37.35500;37.51000;13816800
2023-05-30;38.090000;38.16000;37.625;37.91500;12780600
2023-05-26;38.21000;38.36000;37.95000;38.12000;15882600
2023-05-25;38.11000;38.11500;37.72000;37.93000;11713000
2023-05-24;38.34000;38.375;37.99000;38.064999;14127600
2023-05-23;38.82500;38.93000;38.42500;38.50500;10494200
2023-05-22;39.39500;39.50500;39.044998;39.11000;8288600
2023-05-19;39.5;39.51500;39.099998;39.31500;9943000
2023-05-18;38.80500;39.25500;38.62000;39.21500;13352400
2023-05-17;38.91500;39.14000;38.73500;38.98500;10505600
2023-05-16;39.17000;39.21000;38.71500;38.73000;8346400
2023-05-15;39.25;39.41000;39.0050011;39.38000;6487200
2023-05-12;39.15500;39.22500;38.71500;39.049999;8287200
2023-05-11;38.99000;39.11000;38.79500;38.98000;12849800
2023-05-10;39.81500;39.81500;38.93500;39.36500;11730200
2023-05-09;39.48000;39.54500;39.18000;39.34000;15114400
2023-05-08;40.075001;40.13000;39.64000;39.70000;7680000
2023-05-05;39.60000;39.97000;39.56500;39.83000;10267200
2023-05-04;39.51000;39.76500;39.075001;39.17000;16655000
2023-05-03;39.92500;40.12000;39.41000;39.42500;12701400
2023-05-02;39.88000;39.93500;39.23000;39.86500;11681000
2023-05-01;40.32500;40.52000;40.18000;40.25500;8416400
2023-04-28;39.79500;40.34500;39.68500;40.27500;10143200
2023-04-27;39.39000;39.82500;39.16500;39.81000;11826400
2023-04-26;39.58500;39.72000;39.14500;39.27500;11910400
2023-04-25;40.20000;40.24000;39.72500;39.74500;11966000
2023-04-24;40.41500;40.63500;40.36500;40.625;7731000
2023-04-21;40.55000;40.59500;40.125;40.35000;10844200
2023-04-20;40.46500;40.84000;40.45500;40.71000;8052000
2023-04-19;40.59500;40.79000;40.5;40.75500;7309600
2023-04-18;40.85500;41.0050011;40.68000;40.87000;6766000
2023-04-17;40.48500;40.71000;40.375;40.70000;7366200
2023-04-14;40.66000;40.94500;40.26000;40.46500;8826200
2023-04-13;40.37000;40.89500;40.28500;40.76000;18003000
2023-04-12;40.59500;40.68500;40.27500;40.34500;11888000
2023-04-11;40.18500;40.53500;40.17000;40.31500;7715400
2023-04-10;39.66000;40.075001;39.62000;40.0050011;9267200
2023-04-06;39.64500;39.85500;39.52000;39.81500;19031400
2023-04-05;39.70000;39.96500;39.55000;39.91000;18561000
2023-04-04;40.48500;40.50500;39.84500;40;17497400
2023-04-03;40.41000;40.69000;40.28500;40.58500;16128600
2023-03-31;39.69000;40.35000;39.69000;40.33000;13526200
2023-03-30;39.82500;39.85000;39.54000;39.68500;8433400
2023-03-29;39.375;39.44000;39.24000;39.41500;8270200
2023-03-28;38.68500;38.94000;38.64500;38.875;10248000
2023-03-27;38.80500;38.96500;38.41000;38.69000;10614000
2023-03-24;37.80500;38.49500;37.53000;38.40500;13465200
2023-03-23;38.31000;38.86000;37.80000;38.095001;13439600
2023-03-22;38.76500;39.055000;38.13000;38.14000;14654600
2023-03-21;38.81500;38.99500;38.57000;38.83000;9498000
2023-03-20;37.88500;38.38500;37.88500;38.36500;14785800
2023-03-17;38.21500;38.22500;37.69000;37.75500;19087000
2023-03-16;37.55500;38.40000;37.44000;38.35000;21605600
2023-03-15;38.17500;38.26000;37.38500;37.91500;28524400
2023-03-14;39.25500;39.64000;38.76000;39.18500;16477200
2023-03-13;38.70000;39.22000;38.40000;38.69000;40704800
2023-03-10;39.95500;39.96500;38.88000;39.090000;26124800
2023-03-09;41.025002;41.16000;39.81500;39.94000;12851800
2023-03-08;40.81500;41.095001;40.67500;40.99500;11590400
2023-03-07;41.46000;41.46000;40.65000;40.79500;13520600
2023-03-06;42.13500;42.13500;41.54500;41.61500;10962800
2023-03-03;41.98000;42.32500;41.65500;42.30000;11994600
2023-03-02;41.020000;41.80500;40.92500;41.70500;12669800
2023-03-01;41.0050011;41.63500;41;41.23500;15481600
2023-02-28;40.72000;41.18000;40.64500;40.91500;17093600
2023-02-27;40.85500;41.11500;40.69000;40.73000;12939600
2023-02-24;39.64500;40.65000;39.43500;40.59500;18648200
2023-02-23;40.43000;40.60000;39.73000;40.32500;11192400
2023-02-22;40.16000;40.48000;39.95500;40.28000;11868800
2023-02-21;40.44000;40.58000;39.92000;39.98000;11800600
2023-02-17;40.75;40.79000;40.43000;40.65000;7452400
2023-02-16;40.93000;41.51500;40.83000;41.035000;8673600
2023-02-15;41.049999;41.51500;40.94000;41.50500;7956800
2023-02-14;41.055000;41.44000;40.85000;41.32500;8215000
2023-02-13;41.084999;41.31500;40.82000;41.23000;5498600
2023-02-10;40.77500;41.075001;40.53000;41.014999;7016000
2023-02-09;41.78500;41.875;40.68000;40.86500;16661200
2023-02-08;41.58000;41.98000;41.43500;41.46500;10531800
2023-02-07;41.19000;41.90500;41.17000;41.80000;15105800
2023-02-06;41.33500;41.5;41.025002;41.24500;12524600
2023-02-03;42.0050011;42.34000;41.64500;41.70500;11875800
2023-02-02;42.42000;42.59500;41.83500;42.47000;12327800
2023-02-01;42.080002;42.95000;41.80500;42.60500;14447200
2023-01-31;41.44500;42.34000;41.44500;42.32500;7742600
2023-01-30;41.44500;41.94000;41.36000;41.41500;10421400
2023-01-27;41.55000;41.99500;41.51000;41.70000;6839400
2023-01-26;41.28500;41.85500;41.15500;41.83500;11506200
2023-01-25;41.095001;41.65000;40.95500;41.63500;7203800
2023-01-24;41.29500;41.61000;40.95000;41.55000;9361000
2023-01-23;41.33500;41.70000;41.13500;41.52500;12497400
2023-01-20;40.68000;41.42000;40.46500;41.39000;6897400
2023-01-19;40.58000;40.74500;40.25500;40.57500;8159800
2023-01-18;41.85500;41.91500;40.87000;40.89000;9444600
2023-01-17;41.96500;42.044998;41.43500;41.47500;6943000
2023-01-13;41.40000;41.98000;41.36500;41.89500;6965200
2023-01-12;41.58000;41.76000;41.16500;41.64000;7787600
2023-01-11;41.27500;41.50500;41.029999;41.48500;9845800
2023-01-10;40.45500;40.875;40.23000;40.84500;8049000
2023-01-09;40.51500;40.98000;40.30500;40.44000;16791200
2023-01-06;39.21000;40.27500;39.21000;40.18500;8729200
2023-01-05;38.86000;39.070000;38.57000;38.85000;8212600
2023-01-04;38.99500;39.58500;38.97000;39.47500;9742000
2023-01-03;38.90500;39.16000;38.44500;38.80000;10684000
2022-12-30;38.83000;38.97500;38.51500;38.84000;5818800
2022-12-29;38.91000;39.28000;38.91000;39.11500;6446200
2022-12-28;39.28500;39.43500;38.66500;38.69500;5046400
2022-12-27;39.35500;39.55500;39.125;39.29500;4868600
2022-12-23;38.99000;39.27000;38.77500;39.26000;6202200
2022-12-22;39.090000;39.090000;38.33000;38.99000;6631200
2022-12-21;39.23500;39.53500;39.14000;39.37000;5755400
2022-12-20;38.84500;39.26000;38.83000;39.029999;5641800
2022-12-19;39.21000;39.43500;38.59000;38.77500;6460000
2022-12-16;39.39500;39.66000;39.15000;39.54000;14570600
2022-12-15;40.26500;40.30500;39.61000;39.71000;10456800
2022-12-14;41.23500;41.5;40.64500;40.96000;15635200
2022-12-13;42.099998;42.18000;41.11000;41.40500;12576000
2022-12-12;40.51500;40.85000;40.37000;40.84000;6385800
2022-12-09;40.79500;41.14500;40.48000;40.49000;7872400
2022-12-08;40.86000;41.10500;40.76500;40.89500;5523800
2022-12-07;40.62000;40.99500;40.49500;40.59500;8167200
2022-12-06;41.075001;41.32500;40.39000;40.68500;9495600
2022-12-05;41.56500;41.73000;40.98500;41.049999;9452400
2022-12-02;40.88500;41.99000;40.88500;41.88000;6825000
2022-12-01;41.66000;41.70500;41.064999;41.42500;8215800
2022-11-30;40.41500;41.39000;40.040001;41.375;14624800
2022-11-29;40.41500;40.62000;40.29000;40.40000;5673200
2022-11-28;40.88500;40.90000;40.18500;40.26500;6464000
2022-11-25;41.14000;41.21500;41.049999;41.18500;2456600
2022-11-23;41;41.24000;40.89500;41.20000;8495800
2022-11-22;40.43000;41.049999;40.34000;41.040001;7214000
2022-11-21;39.71000;40.26500;39.62000;40.13000;7238200
2022-11-18;40.13500;40.13500;39.625;39.99500;7491200
2022-11-17;39.5;39.75500;39.24000;39.73000;9358600
2022-11-16;40.35500;40.48500;40.035000;40.11500;12797800
2022-11-15;41.014999;41.040001;40.11000;40.51000;14455000
2022-11-14;40.49000;41.13000;40.45000;40.57000;12733800
2022-11-11;40.59000;41.090000;40.50500;40.625;12982400
2022-11-10;39.58000;40.17000;39.39000;40.14000;17436600
2022-11-09;38.48000;38.82500;37.95000;38.035000;13207800
2022-11-08;38.22500;39.040001;38.12000;38.66000;12313600
2022-11-07;37.94500;38.029999;37.55000;38.0050011;11153200
2022-11-04;37.375;37.99000;37.064999;37.71000;19279600
2022-11-03;35.72000;36.69500;35.63500;36.44500;17459000
2022-11-02;37.28500;37.60500;36.15500;36.17000;31466600
2022-11-01;37.59500;37.63500;36.82500;37.13500;23317600
2022-10-31;37.17000;37.47500;36.98500;37.040001;9583400
2022-10-28;36.89000;37.45000;36.71000;37.375;9254800
2022-10-27;37.15500;37.44500;36.93500;37.0050011;9954000
2022-10-26;37.049999;37.48500;36.79000;37.099998;13530600
2022-10-25;35.97500;36.86500;35.93000;36.84000;12002600
2022-10-24;36.30500;36.5;35.88000;35.95000;13474800
2022-10-21;34.88500;36.21000;34.85000;36.16000;16680600
2022-10-20;35.25500;35.89000;34.86500;34.95000;11416600
2022-10-19;35.36500;35.66000;34.99000;35.20500;8690200
2022-10-18;35.78000;36;35.23000;35.625;15958800
2022-10-17;34.78000;35.17500;34.73500;34.94000;11471400
2022-10-14;35.51000;35.58500;34.029999;34.090000;16595200
2022-10-13;33.60500;35.44000;33.43000;35.28000;19446400
2022-10-12;34.54500;34.58000;34.25500;34.27500;16029200
2022-10-11;34.51500;35.099998;34.29000;34.53500;13918800
2022-10-10;34.86500;35.0099983;34.57500;34.80500;10391200
2022-10-07;35.31500;35.39000;34.50500;34.73000;10183800
2022-10-06;35.71000;36.090000;35.52000;35.61000;23953600
2022-10-05;35.89000;36.28500;35.58500;35.99000;18429800
2022-10-04;35.81500;36.44000;35.75500;36.40000;30250200
2022-10-03;34.55000;35.37000;34.35500;35.11000;19858000
2022-09-30;34.070000;34.63500;33.90000;34.0050011;10820800
2022-09-29;34.27500;34.27500;33.60000;34.095001;11454600
2022-09-28;33.91500;34.76500;33.78500;34.60500;13507800
2022-09-27;34.090000;34.28500;33.42500;33.73500;14157800
2022-09-26;33.97000;34.40500;33.49000;33.66000;14978000
2022-09-23;34.33000;34.375;33.70500;34.21500;14010200
2022-09-22;35.5;35.60000;34.90500;34.93000;11753000
2022-09-21;36.40500;36.48000;35.34000;35.35500;17767400
2022-09-20;36.34500;36.34500;35.875;36.14500;9549600
2022-09-19;35.85000;36.89500;35.80500;36.84500;10323400
2022-09-16;36.53500;36.59000;36.055000;36.45000;16265400
2022-09-15;37.38500;37.77500;36.97000;37.035000;10417400
2022-09-14;37.82500;37.86500;37.16500;37.53000;11562400
2022-09-13;38.39500;38.83000;37.90000;37.99500;9404000
2022-09-12;39.43500;39.59000;39.16000;39.40000;8099000
2022-09-09;38.84000;39.14500;38.73500;39.035000;7296600
2022-09-08;37.70500;38.48500;37.57000;38.45500;8796600
2022-09-07;36.96000;38.15000;36.875;38.084999;12192000
2022-09-06;37.39000;37.52500;36.89500;37.060001;12551200
2022-09-02;37.76000;38.055000;37.0099983;37.17500;14134200
2022-09-01;37.25;37.31500;36.75500;37.21000;11796000
2022-08-31;38.24000;38.24000;37.69000;37.70500;10050800
2022-08-30;38.91000;38.93500;37.95000;38.17500;7402600
2022-08-29;38.65500;39.13000;38.56000;38.81000;7198800
2022-08-26;40.41000;40.44500;39.055000;39.084999;8665800
2022-08-25;39.69500;40.33500;39.69500;40.32000;6130800
2022-08-24;39.29000;39.57000;39.18000;39.42500;5778200
2022-08-23;38.96000;39.53500;38.96000;39.34000;9840000
2022-08-22;38.97000;39.17000;38.81500;38.95500;7032000
2022-08-19;40.10500;40.10500;39.44000;39.58500;6634400
2022-08-18;40.36000;40.42500;40.064999;40.32500;4562800
2022-08-17;40.30500;40.39500;39.98500;40.20000;8159600
2022-08-16;40.42000;40.93500;40.41500;40.76000;5211400
2022-08-15;40.13000;40.59500;39.99500;40.53500;6380200
2022-08-12;39.93500;40.57000;39.86000;40.56000;7447200
2022-08-11;40.040001;40.31500;39.76000;39.81000;6129200
2022-08-10;39.33000;39.90000;39.32000;39.67500;8528200
2022-08-09;38.83500;38.85000;38.44500;38.58000;13987200
2022-08-08;39.025002;39.32000;38.74500;38.77000;9414200
2022-08-05;38.11500;38.72000;38.060001;38.55500;5892000
2022-08-04;38.45500;38.75;38.22500;38.42000;6898800
2022-08-03;38.56500;38.66000;38.070000;38.39500;9597400
2022-08-02;38.55500;38.89500;38.14000;38.35500;11367400
2022-08-01;38.88000;38.91000;38.47000;38.75;10411600
2022-07-29;38.82500;39.17000;38.67500;39.064999;9258000
2022-07-28;38.060001;38.59000;37.97500;38.55000;11832000
2022-07-27;37.16500;38.029999;36.98500;37.88000;11703200
2022-07-26;37.49000;37.65000;37.28500;37.43000;7703800
2022-07-25;37.63000;37.73500;37.38000;37.68500;7729800
2022-07-22;38.029999;38.22500;37.36000;37.53000;10807400
2022-07-21;37.20500;37.81000;37.035000;37.80000;9401800
2022-07-20;37.15500;37.43500;36.99500;37.27000;9383400
2022-07-19;36.50500;37.29000;36.46500;37.20500;11284800
2022-07-18;36.49000;36.66000;35.97000;36.10500;7533400
2022-07-15;36.040001;36.14500;35.58000;36.020000;10334000
2022-07-14;35.45500;35.49500;34.99000;35.46500;15012400
2022-07-13;35.74500;36.34000;35.56500;36.13000;19998800
2022-07-12;36.25500;36.82000;36.21000;36.34000;13606800
2022-07-11;36.14000;36.57500;36.075001;36.41000;8287600
2022-07-08;36.92500;36.98500;36.31500;36.51000;8182600
2022-07-07;36.99500;37.25;36.76500;36.87000;9897200
2022-07-06;36.27500;36.65000;35.88000;36.54500;16602000
2022-07-05;36.084999;36.32000;35.55500;36.31500;19413000
2022-07-01;36.49500;37.11500;36.095001;37.060001;16434200
2022-06-30;36.66000;37.14000;36.29000;36.80000;13860000
2022-06-29;37.58000;37.64500;36.85500;37.24000;10594800
2022-06-28;38.14000;38.49500;37.45000;37.51000;9846400
2022-06-27;38.20000;38.33000;37.80000;37.91500;13583800
2022-06-24;37.020000;38.24000;36.98000;38.23000;22495000
2022-06-23;37.13000;37.34000;36.38500;36.77000;18934800
2022-06-22;36.95000;37.64500;36.84500;37.28000;16064800
2022-06-21;37.78500;37.94000;37.47500;37.76500;11233200
2022-06-17;37.47000;37.73000;36.81000;37.46000;25019600
2022-06-16;37.86500;37.99000;37.20500;37.52500;18569400
2022-06-15;39.43500;39.48500;38.22000;38.93000;20859400
2022-06-14;39.23000;39.46500;38.63500;38.94000;15700800
2022-06-13;39.79000;39.88000;39.0099983;39.24000;20820400
2022-06-10;41.31000;41.38000;40.78000;40.83500;16668400
2022-06-09;42.81500;42.96000;42.11000;42.125;10812600
2022-06-08;43.60500;43.97500;43.049999;43.14500;8475600
2022-06-07;43.375;44.11500;43.26000;44.060001;12411400
2022-06-06;43.65500;43.92000;43.51000;43.74500;11184000
2022-06-03;43.37000;43.68000;43.18000;43.33500;10651200
2022-06-02;43.040001;43.76000;42.94500;43.76000;13050800
2022-06-01;43.084999;43.22000;42.17000;42.58500;14350000
2022-05-31;43.27000;43.43000;42.87000;43.014999;18490800
2022-05-27;43.040001;43.69500;42.97000;43.68000;13588800
2022-05-26;42.20000;42.89500;42.12000;42.68000;11073000
2022-05-25;41.56500;42.090000;41.42000;41.91000;11071400
2022-05-24;41.82500;41.87000;41.0099983;41.72500;14059600
2022-05-23;41.73500;42.064999;41.45000;41.96500;12760200
2022-05-20;41.71500;41.875;40.31000;41.21000;16114400
2022-05-19;40.75;41.79500;40.70000;41.31000;16195000
2022-05-18;41.93000;42.025002;40.84500;41.020000;13932400
2022-05-17;42.095001;42.40000;41.67000;42.33500;15137400
2022-05-16;41.070000;41.5;40.69500;41.17000;16692600
2022-05-13;40.94500;41.65500;40.94500;41.24500;17295200
2022-05-12;40.27000;41.025002;39.88000;40.62000;26458200
2022-05-11;40.79000;41.78500;40.60500;40.69500;33836600
2022-05-10;41.61000;41.72000;40.19000;40.67500;34030200
2022-05-09;41.49500;41.87000;40.81500;40.93000;27881400
2022-05-06;42.54000;42.54000;41.56500;42.26500;28715400
2022-05-05;43.94000;44.084999;42.41500;42.88000;24543600
2022-05-04;43.14000;44.28000;42.74500;44.25;29811200
2022-05-03;42.41500;43.099998;42.33000;42.86000;22845000
2022-05-02;42.57000;42.75;41.56500;42.38500;32838200
2022-04-29;43.52500;43.88500;42.41000;42.51500;21265600
2022-04-28;42.92000;43.53500;42.19500;43.38500;20703000
2022-04-27;42.47000;43.19500;42.33500;42.71000;26049200
2022-04-26;42.94000;43.18000;42.070000;42.090000;21081400
2022-04-25;42.41500;42.86000;41.57000;42.75;26687800
2022-04-22;44.16500;44.17500;42.79000;42.87000;18824200
2022-04-21;45.61500;45.74500;44.41000;44.53500;15328600
2022-04-20;45.060001;45.45000;44.97500;45.27500;17289400
2022-04-19;44.44500;45.084999;44.33500;44.99000;10121200
2022-04-18;44.5;44.83500;44.42000;44.57000;12443000
2022-04-14;44.73000;45.060001;44.50500;44.53000;12664000
2022-04-13;44.11500;44.70000;43.94000;44.68000;17061600
2022-04-12;44.23500;44.60500;43.85000;44.029999;14295600
2022-04-11;44.095001;44.49000;43.96500;44.020000;12266200
2022-04-08;44.22500;44.53000;43.99500;44.24000;10311000
2022-04-07;43.74000;44.15000;43.43500;43.97000;11529200
2022-04-06;43.91000;43.92500;43.30500;43.68500;16795600
2022-04-05;44.52500;44.83000;44.064999;44.19500;11457400
2022-04-04;44.61500;44.61500;44.15500;44.55000;11518000
2022-04-01;44.33000;44.70500;44.070000;44.54000;12484000
2022-03-31;44.48500;44.82000;44.070000;44.075001;10599400
2022-03-30;44.83500;44.91500;44.45500;44.67000;8967200
2022-03-29;44.48500;44.82000;44.15000;44.82000;15656200
2022-03-28;44.48000;44.51000;44.0050011;44.44500;10706800
2022-03-25;44.25;44.67000;44.17000;44.64500;10050000
2022-03-24;43.55000;44.17000;43.51500;44.15000;10905200
2022-03-23;43.375;43.57500;43.22500;43.28000;11578800
2022-03-22;43.57500;43.75500;43.32000;43.48000;13931800
2022-03-21;43.064999;43.43500;42.96000;43.24500;17759400
2022-03-18;42.58000;43.125;42.46500;43.049999;19242200
2022-03-17;41.84500;42.81000;41.79000;42.79000;14103000
2022-03-16;41.80000;42.38000;41.14000;41.98500;23893200
2022-03-15;40.88500;41.41500;40.61000;41.33500;18169600
2022-03-14;41.19000;41.45500;40.66000;40.86500;15630800
2022-03-11;41.28500;41.64000;40.89000;40.92500;13862800
2022-03-10;40.69500;41.28500;40.64000;41.23000;15590000
2022-03-09;40.54500;41.36500;40.32500;41.12000;20626200
2022-03-08;40.14500;40.72500;39.64500;39.88500;25989800
2022-03-07;41.41500;41.44500;40.084999;40.090000;21826400
2022-03-04;41.16500;41.55000;40.84000;41.53000;17329000
2022-03-03;41.99500;42.14500;41.25500;41.67500;19471600
2022-03-02;40.98000;41.85500;40.88500;41.625;19142800
2022-03-01;41.57000;41.89500;40.48500;40.73000;26263800
2022-02-28;41.52000;41.97500;41.28500;41.69000;22460400
2022-02-25;40.87000;42.19000;40.83500;42.17000;22258400
2022-02-24;39.88500;40.80000;39.69000;40.68500;31807000
2022-02-23;41.60000;41.75;40.74500;40.80500;19162200
2022-02-22;41.73000;41.91000;40.99500;41.33500;21308800
2022-02-18;42.090000;42.31000;41.69500;41.93000;17929600
2022-02-17;42.29000;42.42000;41.85500;42;13083800
2022-02-16;42.375;42.82000;42.29500;42.73000;15678000
2022-02-15;41.94500;42.48500;41.90000;42.42000;13351000
2022-02-14;42.029999;42.070000;41.34000;41.65500;18896800
2022-02-11;42.44500;42.83500;41.86000;42;25266400
2022-02-10;42.75500;43.61000;42.45000;42.66000;26622000
2022-02-09;42.41000;42.97500;42.39500;42.91000;21469200
2022-02-08;41.52000;42.070000;41.43500;41.99500;15501800
2022-02-07;41.64500;41.74500;41.21500;41.35500;25255400
2022-02-04;41.69000;42.025002;41.31500;41.56000;23376200
2022-02-03;42.63500;42.94500;42.19000;42.26000;15542600
2022-02-02;42.86500;43.20000;42.63500;43.0099983;14158800
2022-02-01;42.44000;42.97500;42.21000;42.875;18608400
2022-01-31;41.39000;42.25500;41.32000;42.22500;14549400
2022-01-28;41.19000;41.625;40.61500;41.61000;22016000
2022-01-27;41.68500;42.23500;40.98000;41.37000;23174600
2022-01-26;42;42.35000;40.81500;41.23000;26921600
2022-01-25;41.41500;42.020000;40.70000;41.66500;29311200
2022-01-24;41.23000;42.15500;40.45500;42.044998;42454000
2022-01-21;42.81500;42.97500;41.88000;42.020000;32542400
2022-01-20;43.81500;44.14000;43.020000;43.070000;17147200
2022-01-19;44.14000;44.25;43.68500;43.70500;14832400
2022-01-18;43.92000;43.99500;43.47500;43.81500;15581800
2022-01-14;44.28500;44.48500;43.87000;44.40000;14588800
2022-01-13;45.060001;45.29500;44.67000;44.78000;12006200
2022-01-12;45.055000;45.22500;44.68000;45.13000;10215600
2022-01-11;44.26000;44.69500;43.88000;44.68000;13614800
2022-01-10;44.41000;44.51500;43.77500;44.19500;16819200
2022-01-07;44.74500;44.82000;44.45500;44.65000;16543600
2022-01-06;45.36500;45.36500;44.625;44.69000;17868600
2022-01-05;45.5;46.15500;45.24500;45.26000;21252800
2022-01-04;44.84500;45.43500;44.82500;45.26500;19937400
2022-01-03;45.36000;45.41500;44.61000;44.71500;15088600
2021-12-31;45.025002;45.42000;45.014999;45.30500;6457800
2021-12-30;45.28000;45.54000;45.070000;45.10500;6340000
2021-12-29;45.040001;45.34500;45;45.26500;5153800
2021-12-28;44.80000;45.13000;44.79000;45.080002;8537000
2021-12-27;44.29500;44.82500;44.23000;44.82000;4918600
2021-12-23;43.78500;44.30000;43.72000;44.15500;5745600
2021-12-22;43.32000;43.75;43.26500;43.71500;6190200
2021-12-21;43.14000;43.54000;43.10500;43.37000;9063600
2021-12-20;42.99000;43.014999;42.28500;42.83000;14155400
2021-12-17;44.22500;44.35500;43.80000;43.83000;15645800
2021-12-16;44.23500;44.67000;44.20000;44.38500;13071200
2021-12-15;43.65500;43.99000;43.18000;43.93500;14623000
2021-12-14;43.85000;44.21000;43.72000;43.84000;9073600
2021-12-13;44.125;44.22500;43.74000;43.88500;9406600
2021-12-10;44.21500;44.32000;43.86000;44.15000;9585000
2021-12-09;43.79500;44.090000;43.70000;43.88000;6601600
2021-12-08;44.090000;44.22500;43.87000;44.125;9216400
2021-12-07;43.78000;44.21500;43.77500;43.94000;11307000
2021-12-06;43.084999;43.62000;42.93000;43.28000;16246000
2021-12-03;42.82000;43.28000;42.27500;42.65500;19977200
2021-12-02;42.035000;42.92500;41.95500;42.75;17957400
2021-12-01;42.99500;43.36500;41.875;41.89500;22485600
2021-11-30;43.18000;43.29000;42.24500;42.32500;24004600
2021-11-29;43.53000;43.625;43.11500;43.40000;12280400
2021-11-26;42.95500;43.40500;42.73500;43.20000;14215000
2021-11-24;44.035000;44.13500;43.86000;43.95500;10365200
2021-11-23;44.24000;44.58500;44.044998;44.27000;15231400
2021-11-22;44.17500;44.70000;44.15500;44.22500;13379800
2021-11-19;44.080002;44.42000;44.0099983;44.15500;10426000
2021-11-18;44.46000;44.54500;44.14500;44.23500;10389200
2021-11-17;44.65000;44.76500;44.39000;44.42500;10558600
2021-11-16;44.87000;44.99500;44.69000;44.72000;8776200
2021-11-15;45.064999;45.084999;44.68500;44.84500;8628000
2021-11-12;44.83500;45.075001;44.73000;45.049999;8774600
2021-11-11;44.56000;44.90000;44.46500;44.71500;8158400
2021-11-10;44.62000;44.82500;44.27000;44.36000;12872400
2021-11-09;44.47500;44.66500;44.29500;44.66500;15768000
2021-11-08;44.39000;44.61500;44.30500;44.46000;10690000
2021-11-05;43.68000;44.029999;43.63500;43.91000;11658800
2021-11-04;43.66000;43.75500;43.38500;43.57000;10073200
2021-11-03;43.22000;43.78000;43.10500;43.59500;19187200
2021-11-02;42.77000;43.23000;42.69000;43.14500;13271200
2021-11-01;42.63000;42.91500;42.51000;42.66000;11040400
2021-10-29;42.60500;42.91500;42.40500;42.56000;8699200
2021-10-28;42.39500;42.84500;42.38500;42.76500;8303400
2021-10-27;42.79500;42.87000;42.31500;42.34500;11404200
2021-10-26;42.91500;43.13500;42.56000;42.96000;11553800
2021-10-25;42.68500;43.020000;42.42500;42.84000;10799400
2021-10-22;42.57500;42.86500;42.41500;42.41500;11568400
2021-10-21;42.43000;42.51000;42.055000;42.49500;13392200
2021-10-20;42.30000;42.65500;42.20000;42.60500;9303800
2021-10-19;42.23500;42.26500;41.91500;42.26500;9591000
2021-10-18;41.71500;42.125;41.64000;42.044998;12699800
2021-10-15;42.17000;42.29000;41.97000;42.075001;11705000
2021-10-14;41.35500;42.0099983;41.24000;41.95000;11374200
2021-10-13;40.91500;41.14000;40.46500;40.95500;14431400
2021-10-12;40.62000;40.84000;40.5;40.65000;15331400
2021-10-11;40.73000;41.19000;40.59000;40.59500;9673200
2021-10-08;40.91500;41.014999;40.51500;40.59000;12798000
2021-10-07;40.63500;41.26000;40.63500;40.81500;16938400
2021-10-06;39.95500;40.29000;39.53000;40.29000;15448600
2021-10-05;40.12000;40.59000;39.85000;40.36500;13584200
2021-10-04;40.23500;40.48500;39.72500;40.0099983;17111600
2021-10-01;39.74500;40.40000;39.44500;40.18500;18500000
2021-09-30;40.30000;40.46500;39.54500;39.55500;21458800
2021-09-29;40.34000;40.43000;40.099998;40.18000;13939600
2021-09-28;40.75;40.81000;40.22000;40.34500;16570600
2021-09-27;40.64000;41.080002;40.63500;40.85000;10433000
2021-09-24;40.41000;40.75;40.31500;40.53500;7251800
2021-09-23;40.32500;40.87000;40.28500;40.59500;9516600
2021-09-22;39.99500;40.42500;39.99500;40.025002;15312200
2021-09-21;39.95500;40.025002;39.44500;39.61500;15229000
2021-09-20;39.54000;39.89500;39.18500;39.71000;20155600
2021-09-17;41.29000;41.36500;40.53500;40.66500;19932000
2021-09-16;41.81500;41.85500;41.22000;41.52000;11250600
2021-09-15;41.64000;42.025002;41.56000;41.97500;12651600
2021-09-14;42.14000;42.17000;41.44500;41.53500;12087400
2021-09-13;42.375;42.5;41.73000;41.99500;15220000
2021-09-10;42.21000;42.52500;41.98000;42.0050011;17780200
2021-09-09;41.88000;42.30000;41.88000;42.014999;9871400
2021-09-08;42.28000;42.32000;41.85500;42;12420000
2021-09-07;42.53500;42.56500;42.34500;42.40500;13864600
2021-09-03;42.92500;43.049999;42.67500;42.68500;22878200
2021-09-02;42.82000;43.055000;42.80500;42.97000;10631000
2021-09-01;42.76000;42.86500;42.32500;42.69500;14017600
2021-08-31;42.90500;42.90500;42.60000;42.80500;10608800
2021-08-30;43.15000;43.23000;42.93000;42.93000;9012600
2021-08-27;42.63000;43.099998;42.58500;42.97500;10357400
2021-08-26;42.69500;42.75;42.39500;42.41500;11541800
2021-08-25;42.40000;42.85000;42.23500;42.71000;9824400
2021-08-24;42.45000;42.64500;42.38500;42.51500;11059200
2021-08-23;42.125;42.36500;42.020000;42.25;8095600
2021-08-20;41.66000;41.98000;41.59500;41.89000;13973600
2021-08-19;41.54500;41.83000;41.42000;41.64500;15936200
2021-08-18;42.36500;42.62000;41.99500;42.020000;14712800
2021-08-17;42.77500;42.82500;42.020000;42.51500;14924000
2021-08-16;42.96000;43.064999;42.55500;43.0099983;12273400
2021-08-13;43.24500;43.31500;43.14500;43.22500;7815800
2021-08-12;43.26000;43.30000;42.80000;43.18500;9612600
2021-08-11;42.98000;43.29000;42.78500;43.25500;16544800
2021-08-10;42.0050011;42.82000;42.0050011;42.65500;16047400
2021-08-09;41.99500;42.125;41.68000;42.020000;10743600
2021-08-06;41.71500;42.125;41.67500;42.070000;14054200
2021-08-05;41.73000;42.0099983;41.43000;41.47000;13964800
2021-08-04;41.75500;41.98000;41.51000;41.53000;10539600
2021-08-03;41.54000;41.93500;41.18500;41.93000;13131600
2021-08-02;42.21000;42.45500;41.5;41.5;17010000
2021-07-30;41.76000;42.27000;41.76000;42.0099983;11172400
2021-07-29;41.67500;41.99500;41.57500;41.84000;12574800
2021-07-28;41.28000;41.53500;40.98500;41.38500;12214400
2021-07-27;40.95500;41.45000;40.56500;41.26500;16864400
2021-07-26;40.96500;41.25;40.875;41.21000;11820600
2021-07-23;40.78000;40.90500;40.42000;40.86500;10392800
2021-07-22;40.66000;40.70000;40.24500;40.58000;9453400
2021-07-21;40.40500;40.69500;40.35500;40.56500;13671200
2021-07-20;39.57000;40.41500;39.44500;40.125;21231400
2021-07-19;39.83000;39.86500;39.34000;39.67500;23013400
2021-07-16;41.24000;41.27000;40.47000;40.54500;19222200
2021-07-15;40.95000;41.44000;40.92500;41.16500;12688200
2021-07-14;41.29500;41.625;41.040001;41.16000;12376600
2021-07-13;41.55000;41.64500;41.11500;41.24500;24708800
2021-07-12;41.24000;41.75;41.084999;41.625;20226200
2021-07-09;41.21500;41.60000;41.13500;41.49000;14981600
2021-07-08;40.57500;40.91000;40.33500;40.69000;15825600
2021-07-07;40.83500;41.28500;40.73500;41.25;13178600
2021-07-06;41.42000;41.43500;40.54000;40.82500;12216600
2021-07-02;41.43500;41.49000;41.16000;41.44000;12341200
2021-07-01;41.48500;41.54000;41.17000;41.38000;14184600
2021-06-30;40.93000;41.21500;40.92500;41.15500;9728400
2021-06-29;41.24500;41.46500;40.94500;41.044998;9840000
2021-06-28;41.19500;41.23000;40.74500;41.064999;10148200
2021-06-25;41.28500;41.45000;41.029999;41.064999;20219000
2021-06-24;41.23500;41.30000;40.92500;41.060001;10540600
2021-06-23;41.31500;41.42000;40.92500;40.93000;10336800
2021-06-22;41.20000;41.375;40.90500;41.19500;11156800
2021-06-21;40.66500;41.090000;40.65000;41.029999;18014200
2021-06-18;40.61000;40.78000;40.37000;40.37000;23531600
2021-06-17;41.85000;41.85500;40.53500;41.035000;30323200
2021-06-16;42.44000;42.46000;41.875;41.97000;16649000
2021-06-15;42.59500;42.62000;42.14000;42.44000;20967400
2021-06-14;42.94000;43.044998;42.30000;42.53000;12375600
2021-06-11;43.20500;43.36500;42.83000;43.060001;8715600
2021-06-10;43.49000;43.55000;42.89500;42.90000;12269000
2021-06-09;43.41500;43.54000;43.15000;43.16000;19761200
2021-06-08;43.44000;43.68000;43.11500;43.5;11581600
2021-06-07;43.97500;43.97500;43.22500;43.42000;12097600
2021-06-04;44.044998;44.11000;43.77500;43.95500;10291600
2021-06-03;43.56000;43.88000;43.32500;43.86000;12528600
2021-06-02;44.30000;44.31000;43.81500;43.87000;11410200
2021-06-01;44.13500;44.31000;43.94000;44.24000;13700800
2021-05-28;43.77000;43.82500;43.45500;43.63000;10690800
2021-05-27;43.68500;43.89000;43.56000;43.67500;11654600
2021-05-26;43.33000;43.46500;43.035000;43.33000;12616400
2021-05-25;43.77000;43.87000;43.26500;43.31500;9688800
2021-05-24;43.55500;43.85500;43.375;43.68500;10218400
2021-05-21;43.44500;43.76000;43.27500;43.30000;13533000
2021-05-20;43.25500;43.39500;43.035000;43.20500;11750000
2021-05-19;43.24000;43.37000;42.69000;43.18000;24960000
2021-05-18;44.41500;44.44000;43.82000;43.85000;13594800
2021-05-17;43.98000;44.42000;43.76000;44.34000;15624000
2021-05-14;43.63000;44.070000;43.59000;43.95500;11112600
2021-05-13;42.84500;43.56500;42.74500;43.43500;22130400
2021-05-12;43.72000;43.82000;42.73000;42.78000;18269200
2021-05-11;43.39000;43.94500;43.090000;43.88500;18997000
2021-05-10;44.44500;44.60500;43.73500;43.74000;18238200
2021-05-07;43.51500;44.020000;43.32500;43.93500;15089400
2021-05-06;43.22500;43.53000;42.80000;43.50500;14774400
2021-05-05;42.77000;43.21000;42.77000;43.14000;15113400
2021-05-04;41.86500;42.60000;41.83000;42.60000;15622200
2021-05-03;41.875;42.39000;41.84500;42.14000;12405600
2021-04-30;41.78500;41.98000;41.42500;41.52000;10352600
2021-04-29;41.96000;41.98500;41.53500;41.96500;11571000
2021-04-28;41.61000;41.88000;41.53000;41.70500;7793600
2021-04-27;41.51500;41.71000;41.33500;41.59000;8882800
2021-04-26;41.62000;41.94000;41.53500;41.70000;8192000
2021-04-23;40.96500;41.59000;40.81500;41.45500;9370000
2021-04-22;41.43500;41.43500;40.73500;40.78500;16101000
2021-04-21;40.75500;41.53500;40.70500;41.48500;10809000
2021-04-20;41.064999;41.14500;40.59500;40.74500;10643200
2021-04-19;41.33000;41.40500;40.91000;41.14000;12112600
2021-04-16;41.23500;41.44000;41.16000;41.33000;12927600
2021-04-15;40.56000;40.91000;40.40000;40.83500;10863000
2021-04-14;40.099998;40.52500;40.084999;40.36000;9953200
2021-04-13;40.099998;40.19000;39.89000;40.070000;9311800
2021-04-12;40;40.21000;39.99000;40.16500;8856400
2021-04-09;39.77500;40.035000;39.65500;40.025002;10617600
2021-04-08;39.72000;39.76000;39.35000;39.68000;10828600
2021-04-07;40.26000;40.33000;39.54500;39.63000;17575600
2021-04-06;40.16500;40.47000;40.13000;40.32500;12551800
2021-04-05;40.15500;40.38000;39.96000;40.23500;17460600
2021-04-01;39.46500;39.77500;39.22500;39.74500;14325800
2021-03-31;39.67000;39.79000;39.30000;39.40000;14174400
2021-03-30;39.69500;39.80500;39.49000;39.59500;13140600
2021-03-29;39.70000;40.084999;39.48500;39.71000;12979600
2021-03-26;39.24500;39.875;39.11500;39.84500;15219200
2021-03-25;38.17000;38.95000;37.95000;38.88000;15393400
2021-03-24;38.22000;38.86000;38.22000;38.32500;13470600
2021-03-23;38.68500;38.71500;37.91500;38.049999;20470200
2021-03-22;38.77500;39.020000;38.54500;38.86000;12876400
2021-03-19;39.12000;39.26500;38.54000;39;17836800
2021-03-18;39.32000;39.77000;39.12000;39.19500;13173600
2021-03-17;39.029999;39.51000;38.93500;39.41500;11091200
2021-03-16;39.35500;39.39500;38.84500;39.064999;13154200
2021-03-15;39.34500;39.41500;38.91500;39.39000;9292800
2021-03-12;39.23500;39.37000;39.13000;39.34500;9627600
2021-03-11;39.39000;39.55500;39.21500;39.24000;9525000
2021-03-10;38.58500;39.33500;38.56000;39.029999;14336600
2021-03-09;38.41500;38.70500;38.13500;38.39500;15732600
2021-03-08;37.78000;38.73000;37.71500;38.16000;29673000
2021-03-05;37.19000;37.78000;36.41000;37.65500;23513000
2021-03-04;37.48000;37.63000;36.17000;36.81000;37034800
2021-03-03;37.77500;38.044998;37.53500;37.54000;17340400
2021-03-02;37.81500;38.26000;37.79000;37.91500;15129200
2021-03-01;37.26000;37.90500;37.26000;37.70500;15016000
2021-02-26;37.15500;37.27000;36.53500;36.77500;16280200
2021-02-25;38.055000;38.12000;37.099998;37.25;20375400
2021-02-24;37.82000;38.29000;37.68000;38.13000;14763400
2021-02-23;37.65000;37.90000;36.98000;37.80000;22024400
2021-02-22;37.48000;37.82500;37.35500;37.67000;12198600
2021-02-19;37.060001;37.69000;37.049999;37.52500;11360800
2021-02-18;36.98500;37.025002;36.68000;36.85000;12117600
2021-02-17;36.99500;37.15000;36.60000;37.080002;11821200
2021-02-16;37.31000;37.43500;37.044998;37.099998;12385800
2021-02-12;36.71000;37.19000;36.66000;37.17000;6575800
2021-02-11;36.86500;37;36.47500;36.79000;13346000
2021-02-10;37.035000;37.075001;36.52000;36.75500;10917400
2021-02-09;37.090000;37.12000;36.70500;36.79500;14514000
2021-02-08;37.080002;37.20000;36.97500;37.070000;12635600
2021-02-05;36.49500;36.81500;36.42000;36.76500;12575600
2021-02-04;36.17000;36.34000;35.83500;36.14500;12994200
2021-02-03;36.30500;36.49000;36.14000;36.27500;12846200
2021-02-02;36;36.38500;35.80000;36.20500;15789200
2021-02-01;35.68500;35.80000;35.16000;35.73500;16012000
2021-01-29;35.87000;36.055000;35.14000;35.32000;17979800
2021-01-28;35.76500;36.24500;35.67000;36.020000;14483400
2021-01-27;35.92500;35.92500;35.0050011;35.41000;24779000
2021-01-26;37.22500;37.36500;36.47500;36.48500;13554800
2021-01-25;37.040001;37.14500;36.34500;36.99500;24149400
2021-01-22;36.95000;37.34000;36.89000;37.19000;12131800
2021-01-21;37.88000;37.95500;37.35500;37.37000;12646600
2021-01-20;37.98500;38.040001;37.76500;37.92500;10326600
2021-01-19;37.97500;38.075001;37.64000;37.80000;9912400
2021-01-15;37.86000;37.93000;37.27500;37.67000;19709000
2021-01-14;38.47000;38.50500;38.17000;38.21500;11074000
2021-01-13;38.70000;38.79000;38.18500;38.34500;9809200
2021-01-12;38.22000;38.88500;38.095001;38.74000;17845800
2021-01-11;37.69000;38.41000;37.55000;38.25500;12240200
2021-01-08;38.51000;38.54500;37.78000;38.25500;16988400
2021-01-07;38.38500;38.69500;38.30000;38.44000;18577800
2021-01-06;37.049999;38.42500;37.0099983;38.15500;48521400
2021-01-05;35.79000;36.75500;35.79000;36.65500;26812000
2021-01-04;36.51500;36.70000;35.64500;35.85000;18266000
2020-12-31;36.10500;36.25500;35.81000;36.19500;6500800
2020-12-30;35.68500;36.13000;35.66500;36.055000;5655000
2020-12-29;35.84000;35.92000;35.38500;35.56500;6852800
2020-12-28;36.125;36.17000;35.63500;35.65000;5322600
2020-12-24;35.59500;35.79000;35.45500;35.79000;2732600
2020-12-23;35.71000;35.94000;35.54500;35.56500;8219200
2020-12-22;35.73000;35.77500;35.46500;35.51500;6653800
2020-12-21;35.29000;35.82500;35;35.73500;10098600
2020-12-18;35.98000;36.19500;35.67500;36.10500;10906600
2020-12-17;35.87000;35.97500;35.73500;35.94500;7591400
2020-12-16;35.71500;35.76500;35.38500;35.53500;8139200
2020-12-15;35.33500;35.72500;35.24500;35.63500;8021400
2020-12-14;35.76000;35.81500;34.98500;35;10226400
2020-12-11;35.41500;35.61500;35.18500;35.45000;6851600
2020-12-10;35.68500;35.96000;35.53500;35.65500;7156600
2020-12-09;35.99500;36.064999;35.53500;35.875;13517800
2020-12-08;35.46000;35.94000;35.44500;35.85500;7046600
2020-12-07;35.86500;35.97000;35.53000;35.65500;8008800
2020-12-04;35.33000;35.89500;35.32000;35.89000;11538400
2020-12-03;35.52500;35.64500;35.099998;35.18000;11470200
2020-12-02;35.77500;35.90000;35.36000;35.42500;10779600
2020-12-01;36.099998;36.16500;35.72000;35.88500;10474200
2020-11-30;35.80500;35.83500;35.30500;35.49500;9913400
2020-11-27;35.83000;35.98500;35.68500;35.85500;4594600
2020-11-25;35.98000;35.99500;35.60500;35.67000;7890200
2020-11-24;35.49500;36.15000;35.45500;36.044998;12274400
2020-11-23;35.15500;35.38500;35.0099983;35.17000;8959000
2020-11-20;34.90000;35.040001;34.72500;34.88000;8858000
2020-11-19;34.67500;34.96500;34.40000;34.91000;7465400
2020-11-18;35.17000;35.27500;34.75;34.76500;9243000
2020-11-17;34.96500;35.13500;34.61000;35.055000;13893800
2020-11-16;35.060001;35.23000;34.79000;35.18500;10964200
2020-11-13;34.17500;34.60500;34.16500;34.50500;11077200
2020-11-12;34.49500;34.52000;33.70000;33.92000;11053200
2020-11-11;35.20000;35.20000;34.41500;34.65000;12835400
2020-11-10;34.91000;35.25500;34.86500;35.17500;19650600
2020-11-09;35.63000;36.20500;34.71500;34.76500;32868400
2020-11-06;34.11000;34.30500;33.86000;34;12151400
2020-11-05;33.33500;34.17000;33.31000;33.91500;17707400
2020-11-04;32.99500;33.20500;32.28500;32.58500;22194600
2020-11-03;33.029999;33.32000;32.80500;33.15000;17784200
2020-11-02;32.064999;32.75500;31.98000;32.64000;15868400
2020-10-30;31.48000;31.72000;31.090000;31.59000;14679800
2020-10-29;30.88000;31.85500;30.77000;31.61000;15086800
2020-10-28;31.090000;31.39500;30.85000;30.97000;15424600
2020-10-27;32.18500;32.23000;31.85000;31.87000;9313000
2020-10-26;32.58500;32.59000;31.92500;32.17500;14833600
2020-10-23;33.11500;33.24000;32.83500;33;8233000
2020-10-22;32.68500;32.92000;32.36000;32.88000;7066400
2020-10-21;32.82000;33.20500;32.70000;32.70000;7800400
2020-10-20;32.94500;33.17500;32.72500;32.82500;8399800
2020-10-19;33.24500;33.36000;32.65000;32.75;10827600
2020-10-16;33.099998;33.29000;33.0050011;33.13500;20165000
2020-10-15;32.54000;32.94500;32.5;32.90500;8749800
2020-10-14;32.94000;33.21500;32.89500;33;8767000
2020-10-13;32.96500;33.15000;32.78000;32.90500;10341200
2020-10-12;33.44500;33.48500;33.18000;33.20000;8131200
2020-10-09;33.27500;33.40000;33.049999;33.25500;9547600
2020-10-08;32.92000;33.125;32.83000;33;12583200
2020-10-07;32.25500;32.75500;32.20500;32.67000;14277800
2020-10-06;32.41500;32.68000;31.79000;31.85000;31358800
2020-10-05;31.90500;32.47000;31.89500;32.25500;18641400
2020-10-02;31.014999;31.89500;30.92000;31.65000;27853200
2020-10-01;31.97000;32.12000;31.26500;31.37000;29154800
2020-09-30;31.64000;32.080002;31.57000;31.82000;12347200
2020-09-29;31.75500;31.85500;31.41500;31.5;11333400
2020-09-28;31.67500;31.99500;31.54500;31.73500;8570600
2020-09-25;30.66500;31.33000;30.55500;31.23000;8869000
2020-09-24;30.72000;31.27000;30.46500;30.95500;22009400
2020-09-23;31.60500;31.63500;30.71000;30.73500;14883600
2020-09-22;31.63000;31.74500;31.40500;31.66500;11727400
2020-09-21;32.044998;32.075001;31.24000;31.60500;16070800
2020-09-18;33.54000;33.54000;32.82500;32.86000;18910000
2020-09-17;32.84000;33.50500;32.66500;33.43500;23226600
2020-09-16;33.24000;33.57000;33.095001;33.19000;19141200
2020-09-15;33.17000;33.38500;33.15000;33.16500;8611200
2020-09-14;32.80500;33.099998;32.67500;33.0050011;11562800
2020-09-11;32.38000;32.69500;32.23000;32.53500;19443800
2020-09-10;32.59000;32.71000;32.064999;32.125;14234600
2020-09-09;32.0050011;32.64500;31.98500;32.43000;13236200
2020-09-08;31.90000;31.92500;31.375;31.61500;16465800
2020-09-04;32.39000;32.56000;31.73500;32.22000;27926400
2020-09-03;33.070000;33.070000;31.86000;32.20000;28891200
2020-09-02;32.51500;33.16500;32.30500;33.11500;22911200
2020-09-01;31.49500;32.41500;31.37000;32.38000;18465600
2020-08-31;31.93000;32.0050011;31.49500;31.49500;6109400
2020-08-28;31.76500;32.014999;31.62000;31.98500;4845800
2020-08-27;31.80500;31.87000;31.51500;31.61000;7297600
2020-08-26;31.33500;31.75;31.25500;31.69500;4762800
2020-08-25;31.60000;31.70500;31.23000;31.36500;5754800
2020-08-24;31.34000;31.49500;31.23500;31.49000;7063200
2020-08-21;30.89000;31;30.77500;30.94500;5512600
2020-08-20;31;31.14500;30.91500;31.125;4662400
2020-08-19;31.44500;31.52000;31.14500;31.23500;6209400
2020-08-18;31.55500;31.61500;31.29500;31.32500;4764000
2020-08-17;31.56000;31.68000;31.32500;31.45500;3719600
2020-08-14;31.14000;31.44000;31.10000;31.31500;5179600
2020-08-13;31.13500;31.40000;31.094999;31.28000;16852000
2020-08-12;31.47500;31.51000;31.21000;31.28500;7929000
2020-08-11;31.42500;31.60500;31.040001;31.10000;8975200
2020-08-10;30.88500;31.15500;30.84000;31.15500;6678200
2020-08-07;30.59000;30.86000;30.44500;30.85500;7971600
2020-08-06;30.84000;30.92000;30.63000;30.75;13939400
2020-08-05;30.72000;31.20500;30.63500;30.88000;11793000
2020-08-04;29.89000;30.50500;29.83000;30.43500;15835000
2020-08-03;30.33500;30.34500;30.0049992;30.010000;11077800
2020-07-31;30.20500;30.25500;29.80000;30.18000;10541400
2020-07-30;30.28500;30.375;29.90000;30.15000;14042200
2020-07-29;30.59500;30.83500;30.54500;30.74500;8223000
2020-07-28;31.084999;31.084999;30.46500;30.49500;9140200
2020-07-27;30.93500;31.29500;30.83500;31.18000;7281800
2020-07-24;30.73000;30.89500;30.56000;30.73500;11727000
2020-07-23;30.91000;31.14500;30.625;30.84000;8828000
2020-07-22;30.53000;30.94500;30.52000;30.93500;5899400
2020-07-21;30.50500;30.73000;30.50500;30.58000;7554200
2020-07-20;30.56500;30.64500;30.26500;30.31500;7186400
2020-07-17;30.54000;30.66000;30.43000;30.58000;8155600
2020-07-16;30.28500;30.55500;30.17500;30.32500;11128800
2020-07-15;30.24500;30.35000;30.020000;30.22500;16457200
2020-07-14;28.93500;29.76500;28.90000;29.72500;18868200
2020-07-13;29.29500;29.58500;28.97500;28.99500;18069200
2020-07-10;28.56500;29.030001;28.54500;28.99500;9314200
2020-07-09;28.90500;28.94500;28.18000;28.5;31458800
2020-07-08;29.23500;29.39000;28.44500;28.77000;18333600
2020-07-07;28.96500;29.27000;28.94500;29.18500;14897400
2020-07-06;29.31000;29.34000;28.80000;29.17500;15728400
2020-07-02;28.63000;29;28.57000;28.76500;16065800
2020-07-01;28.20500;28.33000;27.85000;28.23500;16292200
2020-06-30;27.68000;28.34000;27.60000;28.17500;7877800
2020-06-29;27.47500;27.89500;27.41000;27.77500;9878200
2020-06-26;27.52000;27.57000;27.080000;27.24500;16345800
2020-06-25;27.21000;27.65500;26.96500;27.625;10509400
2020-06-24;27.80500;27.83500;27.20500;27.28500;11306000
2020-06-23;28.46000;28.48500;28.094999;28.10500;6232000
2020-06-22;27.93000;28.15500;27.68500;28.040001;6738800
2020-06-19;28.64500;28.69500;27.89000;28.090000;14837000
2020-06-18;28.049999;28.33500;28;28.17500;7135200
2020-06-17;28.57000;28.60000;28.075001;28.15500;8050800
2020-06-16;28.77000;28.89500;27.95500;28.39000;19004800
2020-06-15;26.79500;27.97500;26.64500;27.81000;13771400
2020-06-12;27.93000;28.045000;27;27.52000;27863800
2020-06-11;28.42500;28.51000;26.88000;26.99500;58196800
2020-06-10;29.71500;29.71500;29.13500;29.25500;10384800
2020-06-09;29.61000;29.78500;29.41500;29.59000;12017800
2020-06-08;30.030001;30.125;29.69000;29.95500;10513000
2020-06-05;29.93500;30.14500;29.82000;29.91500;11260000
2020-06-04;28.94500;29.25;28.90000;29.17000;9007400
2020-06-03;28.77500;29.27500;28.74000;29.065001;9448200
2020-06-02;28.0049992;28.46000;27.97500;28.42000;8655400
2020-06-01;27.73500;28.014999;27.69500;27.91500;6466800
2020-05-29;27.72500;27.82000;27.39500;27.72500;14772600
2020-05-28;27.85000;27.94500;27.45000;27.72000;10969400
2020-05-27;27.5;27.64500;27.11500;27.46500;13983400
2020-05-26;27.065001;27.33500;26.97000;27.19000;8228800
2020-05-22;26.47500;26.51500;26.26000;26.46500;7465200
2020-05-21;26.68000;26.82500;26.40500;26.50500;10491400
2020-05-20;26.69000;27.049999;26.68500;26.76000;7598600
2020-05-19;26.49500;26.71000;26.31500;26.34000;9785800
2020-05-18;26.31000;26.80500;26.24500;26.59500;8851400
2020-05-15;25.055000;25.45500;24.93000;25.43500;9761200
2020-05-14;24.45000;25.21500;24.16000;25.21500;10842000
2020-05-13;25.32000;25.42500;24.68000;24.91000;10532200
2020-05-12;25.92500;26.090000;25.44500;25.44500;8400000
2020-05-11;25.80500;25.96000;25.57500;25.84000;8857200
2020-05-08;25.99500;26.27500;25.91500;26.24000;7567000
2020-05-07;25.36000;25.85500;25.32500;25.625;8245800
2020-05-06;25.62000;25.81500;25.084999;25.11000;7506400
2020-05-05;25.71000;25.89500;25.49500;25.55000;9034000
2020-05-04;25.20000;25.52000;24.95000;25.48500;10141000
2020-05-01;25.49000;25.60000;25.16000;25.39500;10134000
2020-04-30;26.31500;26.31500;25.90000;25.94000;10813600
2020-04-29;26.61000;26.87000;26.5;26.73500;11752600
2020-04-28;26.014999;26.22500;25.75;26.070000;13503800
2020-04-27;25.0049992;25.69000;24.97000;25.59500;9722200
2020-04-24;24.74500;25;24.47500;24.93000;8291400
2020-04-23;24.51500;25.045000;24.51500;24.54500;12767200
2020-04-22;24.39500;24.56000;24.13500;24.375;7665200
2020-04-21;23.88500;24.17500;23.79500;23.90500;11975400
2020-04-20;24.69000;25.090000;24.44000;24.51000;9686400
2020-04-17;24.73000;25.21000;24.72500;25.13000;12609200
2020-04-16;24.34500;24.39500;23.76000;24.16000;9255800
2020-04-15;24.66000;24.68500;24.10500;24.30000;11401200
2020-04-14;25.67000;25.83500;25.21000;25.47000;16524000
2020-04-13;25.51000;25.58000;24.79500;25.14500;31714600
2020-04-09;24.92000;25.85000;24.89500;25.71000;61476000
2020-04-08;23.75;24.76000;23.48500;24.65000;32927200
2020-04-07;23.73500;24.31500;23.38500;23.5;22422600
2020-04-06;22.22000;23.059999;22.22000;22.89000;20933400
2020-04-03;21.68000;22.125;21.21000;21.30500;18531600
2020-04-02;21.48000;22.36500;21.43500;21.83000;23569200
2020-04-01;21.69500;22.12000;21.44500;21.50500;20480800
2020-03-31;22.76500;23.084999;22.43000;22.52000;17017400
2020-03-30;22.40500;22.92500;22.22000;22.83500;19508400
2020-03-27;22.10500;22.60500;21.93500;22.13000;28151200
2020-03-26;22.19000;23.070000;22.14500;22.96000;26767800
2020-03-25;21.35000;22.81500;21.13000;21.93000;27152800
2020-03-24;20.38500;21.57000;20.21500;21.43000;23758600
2020-03-23;20.080000;20.22000;19.080000;19.17500;37354800
2020-03-20;21.27500;21.30500;20.010000;20.34000;30497400
2020-03-19;20.21500;21.42500;19.78500;21.094999;17973800
2020-03-18;20.55000;21.39500;19.21000;20.57000;19751800
2020-03-17;21.014999;22.20000;20.41500;21.97500;22089800
2020-03-16;18.84500;21.61500;18.84500;20.69500;28854200
2020-03-13;23.13500;23.27000;21.60000;23.25500;24228000
2020-03-12;22.28500;23.25500;21.18500;21.73000;30731600
2020-03-11;24.52500;24.59500;23.71000;24.045000;29909600
2020-03-10;25.17000;25.28000;24.020000;25.24500;33436000
2020-03-09;24.84000;25.76500;24.18000;24.26000;28490000
2020-03-06;26.76500;26.99000;26.24500;26.76500;37882200
2020-03-05;27.56000;27.87000;27.31000;27.48000;28354600
2020-03-04;27.73000;28.39500;27.34500;28.38000;28159600
2020-03-03;27.58000;28.070000;26.88500;27.25;56780400
2020-03-02;26.61000;27.49500;26.31500;27.49000;33634600
2020-02-28;25.80500;26.40500;25.57500;26.36000;61483400
2020-02-27;27.5;27.82000;26.65000;26.65000;41394400
2020-02-26;28.20500;28.58000;27.91500;27.96000;28607200
2020-02-25;29.32500;29.35000;27.98000;28.055000;40124000
2020-02-24;29.40500;29.54000;29.18500;29.32000;18589800
2020-02-21;30.18500;30.28000;30.10000;30.17000;13041000
2020-02-20;30.15000;30.51500;30.090000;30.31000;10361200
2020-02-19;30.25;30.375;30.23000;30.26000;13654800
2020-02-18;30.21000;30.28500;30.040001;30.18000;9416200
2020-02-14;30.26000;30.37000;30.17500;30.25500;7255000
2020-02-13;30.32000;30.44000;30.17000;30.25;8235600
2020-02-12;30.40000;30.42000;30.26000;30.36000;6487000
2020-02-11;30.19000;30.47000;30.17500;30.19500;8116800
2020-02-10;30;30.11000;29.93500;30.030001;9051200
2020-02-07;30.29000;30.29000;29.94000;30.045000;15666600
2020-02-06;30.64500;30.64500;30.37000;30.48000;24751800
2020-02-05;30.20000;30.55000;29.98500;30.49500;34300800
2020-02-04;29.78000;30.10000;29.66000;29.94000;27190200
2020-02-03;28.92500;29.55000;28.90000;29.42000;24321200
2020-01-31;29.19500;29.21500;28.72000;28.81500;22041400
2020-01-30;29.26000;29.50500;29.070000;29.46500;17398200
2020-01-29;29.65500;29.81500;29.63500;29.65000;7138400
2020-01-28;29.37000;29.65000;29.30500;29.55500;8982200
2020-01-27;29.34000;29.43500;29.22500;29.22500;13869200
2020-01-24;30.13000;30.14500;29.74500;29.87000;10493400
2020-01-23;29.88000;30.11500;29.66500;30.084999;6925200
2020-01-22;30.30500;30.33000;30.10500;30.12000;5475000
2020-01-21;30.36000;30.41500;30.19500;30.24000;7614800
2020-01-17;30.47000;30.57500;30.39000;30.57000;10894400
2020-01-16;30.36000;30.48500;30.26000;30.43500;18799800
2020-01-15;30.045000;30.39500;30.040001;30.25500;7797000
2020-01-14;30.14500;30.23500;29.98500;30.049999;11010200
2020-01-13;29.81500;30.18500;29.78500;30.17500;8818600
2020-01-10;29.98000;30.055000;29.74000;29.79000;11274800
2020-01-09;29.89500;29.96500;29.81500;29.91000;7572400
2020-01-08;29.70000;29.92000;29.60000;29.80000;16159200
2020-01-07;29.68000;29.90000;29.60000;29.69500;40533800
2020-01-06;29.77500;29.91500;29.70500;29.73000;31528800
2020-01-03;30.040001;30.22000;29.85000;29.86000;24846400
2020-01-02;30.91500;30.97000;30.31500;30.35000;14714800


### XLU
datetime;open;high;low;close;volume
2025-12-30;42.88000;43.040001;42.81000;42.96000;9255300
2025-12-29;42.81000;43.11000;42.77000;42.86000;12838700
2025-12-26;42.79000;42.87000;42.63000;42.78000;8436700
2025-12-24;42.61000;42.86000;42.55000;42.81000;5761000
2025-12-23;42.40000;42.75;42.38000;42.62000;15097300
2025-12-22;42.29000;42.53000;42.029999;42.47000;17894900
2025-12-19;43.12000;43.37000;42.60000;42.63000;22612000
2025-12-18;43.029999;43.42000;42.97000;43.18000;21935800
2025-12-17;43.060001;43.14000;42.54000;42.76000;19444600
2025-12-16;43.20000;43.31000;42.78000;43.040001;19067900
2025-12-15;43.11000;43.29000;42.83000;43.22000;19176400
2025-12-12;43.17000;43.38000;42.77000;42.83000;17179800
2025-12-11;42.65000;43.15000;42.65000;43.040001;18703300
2025-12-10;42.80000;42.83000;42.42000;42.73000;25940200
2025-12-09;42.95000;43.17000;42.73000;42.75;24347200
2025-12-08;43.38000;43.41000;42.66000;42.72000;21607900
2025-12-05;43.72000;43.78000;43.28000;43.30000;13474700
2025-12-04;43.77500;44.060001;43.56000;43.71000;15535200
2025-12-03;43.97500;44.099998;43.63000;43.80000;21728000
2025-12-02;44.46000;44.46000;43.88500;43.94000;17384200
2025-12-01;45.060001;45.060001;44.23000;44.25500;26339000
2025-11-28;45.070000;45.35000;45.025002;45.31500;7882600
2025-11-26;44.64500;45.049999;44.56000;44.99500;16759200
2025-11-25;44.69000;44.76000;44.22500;44.40500;22195600
2025-11-24;44.14000;44.69000;43.86500;44.57500;23572800
2025-11-21;44.19500;44.25;43.76000;44.075001;28589400
2025-11-20;44.58500;44.86000;43.98000;44.0099983;25543200
2025-11-19;44.64500;44.77000;44.14000;44.23500;25095600
2025-11-18;44.82000;45.035000;44.59500;44.61000;25158800
2025-11-17;44.46500;44.93000;44.42000;44.78000;24201400
2025-11-14;44.21500;44.72000;44.11000;44.38000;20168200
2025-11-13;44.84500;44.84500;44.30500;44.34000;20675400
2025-11-12;44.88500;45;44.71000;44.96000;15018400
2025-11-11;44.85000;45.029999;44.60500;44.85500;14435400
2025-11-10;44.97500;45.18000;44.44500;44.83000;17947200
2025-11-07;44.049999;44.85500;44.049999;44.84500;24337600
2025-11-06;44.34500;44.68000;44.21000;44.23000;23668200
2025-11-05;44.40500;44.63500;44.22000;44.42500;16858200
2025-11-04;44.55500;44.59000;44.22500;44.41500;17156200
2025-11-03;44.51500;44.70000;44.055000;44.57500;22339600
2025-10-31;44.66000;44.79000;44.31500;44.55000;18434000
2025-10-30;45;45.42500;44.84500;44.86000;18870800
2025-10-29;45.060001;45.35500;44.86500;45.049999;24271800
2025-10-28;45.98500;45.98500;45.0099983;45.064999;20661400
2025-10-27;45.69500;45.86500;45.26000;45.82000;16042800
2025-10-24;45.42500;45.92000;45.38000;45.69500;21737600
2025-10-23;45.49500;45.52000;44.91500;45.16500;16134000
2025-10-22;45.40500;45.43000;44.98500;45.20000;19108600
2025-10-21;45.81500;45.87000;45.084999;45.30500;22107800
2025-10-20;46.13500;46.24500;45.59500;45.77000;25420000
2025-10-17;46.029999;46.095001;45.59000;45.78500;21825800
2025-10-16;46.59000;46.88500;45.93500;45.94500;29119000
2025-10-15;46.055000;46.59000;46.055000;46.45000;19087600
2025-10-14;45.36500;46;45.29000;45.85000;17571800
2025-10-13;45.13000;45.65500;45.11000;45.44500;18760600
2025-10-10;45.43500;45.68500;45.049999;45.099998;23183800
2025-10-09;45.55000;45.68500;45.19500;45.28500;21557400
2025-10-08;45.41000;45.46500;45.064999;45.40000;19790400
2025-10-07;45.070000;45.28500;44.95000;45.090000;32901800
2025-10-06;44.71500;44.93500;44.41000;44.88500;20024200
2025-10-03;44.080002;44.86500;44.044998;44.45500;25133200
2025-10-02;43.91000;43.96000;43.62000;43.94500;22648600
2025-10-01;43.69000;44.12000;43.63500;44.025002;29195400
2025-09-30;43.58500;43.77500;43.29500;43.60500;21960000
2025-09-29;43.38500;43.60000;43.080002;43.53000;17130800
2025-09-26;42.85500;43.42000;42.81500;43.40500;16233800
2025-09-25;43.084999;43.17500;42.71000;42.71000;18689600
2025-09-24;42.90000;43.20000;42.77500;43.125;17317600
2025-09-23;42.53500;42.89000;42.45500;42.82000;17900600
2025-09-22;42.21000;42.69500;42.11000;42.60000;19477000
2025-09-19;42.31000;42.64500;42.084999;42.47500;20974000
2025-09-18;42.099998;42.47500;41.91000;42.20500;25303000
2025-09-17;42.34500;42.53500;42.090000;42.17500;20168200
2025-09-16;42.77500;42.79000;42.049999;42.070000;21652800
2025-09-15;42.75500;43.049999;42.75500;42.85000;22818400
2025-09-12;42.41500;42.875;42.34000;42.75;18727000
2025-09-11;42.25500;42.56500;42.19500;42.53500;24265200
2025-09-10;41.74500;42.38000;41.74500;42.31000;32168800
2025-09-09;41.30000;41.73500;41.22500;41.59500;25741400
2025-09-08;41.76000;41.78000;41.15000;41.31000;28469400
2025-09-05;41.97500;42.075001;41.40500;41.73500;27006800
2025-09-04;42.21000;42.32000;41.64500;41.86500;22362200
2025-09-03;41.875;41.99500;41.69000;41.91500;17268000
2025-09-02;42;42.070000;41.75500;42.020000;20655000
2025-08-29;42.29000;42.38000;42.095001;42.16000;19469400
2025-08-28;42.67000;42.68500;42.25;42.31500;16078800
2025-08-27;42.63000;42.74000;42.51000;42.64000;16821400
2025-08-26;42.57500;42.72500;42.38000;42.63000;17263000
2025-08-25;42.875;43;42.49000;42.53500;16982200
2025-08-22;43.084999;43.27000;42.89500;43.020000;19234800
2025-08-21;43.090000;43.31000;42.67000;42.79000;16230000
2025-08-20;43.11000;43.36000;42.93000;43.084999;20169000
2025-08-19;42.64000;43.060001;42.56500;43.040001;16436800
2025-08-18;42.875;43.035000;42.56500;42.625;16080000
2025-08-15;42.87000;43.044998;42.54500;42.81000;29576600
2025-08-14;43.075001;43.20500;42.89000;42.93500;18747800
2025-08-13;43.20000;43.26500;42.83500;43.23500;22425400
2025-08-12;43.095001;43.15000;42.75500;43.14000;20756800
2025-08-11;43.20000;43.23000;42.74500;42.95500;19548800
2025-08-08;43.39500;43.47500;42.98500;43.090000;18445200
2025-08-07;42.67000;43.39500;42.59000;43.27500;25702800
2025-08-06;43.26000;43.27500;42.77500;42.81000;23020600
2025-08-05;43.67500;43.83500;43.064999;43.19500;21454400
2025-08-04;43.11000;43.78000;43.020000;43.66000;25730800
2025-08-01;42.78500;43.13000;42.45500;42.90000;35852000
2025-07-31;42.47500;42.90000;42.44000;42.83500;30179600
2025-07-30;42.41500;42.98500;42.375;42.60500;27424400
2025-07-29;41.97000;42.31500;41.88000;42.29000;18395400
2025-07-28;42.25500;42.26500;41.70500;41.81000;22413600
2025-07-25;42.21500;42.30500;42.055000;42.26000;16320400
2025-07-24;42.26000;42.35000;42.040001;42.15000;22137600
2025-07-23;42.90500;43.0099983;42.035000;42.20500;40333000
2025-07-22;42.17000;42.55000;42.055000;42.52500;23518200
2025-07-21;41.98000;42.26500;41.84500;42.0099983;19895600
2025-07-18;41.32000;42.020000;41.26500;41.875;28627400
2025-07-17;40.99000;41.31000;40.92500;41.18500;19757000
2025-07-16;41.020000;41.18000;40.69500;41.014999;22625000
2025-07-15;41.38500;41.38500;40.79000;40.99500;26253000
2025-07-14;41.19500;41.52500;40.97000;41.39000;23883400
2025-07-11;40.95500;41.38500;40.84000;41.22500;22199800
2025-07-10;40.81000;41.36500;40.68500;41.28500;29074000
2025-07-09;40.73000;41.029999;40.44500;40.95000;40230400
2025-07-08;40.72000;40.72000;40.17500;40.57000;44289800
2025-07-07;40.83000;41.035000;40.74500;41.0050011;20215600
2025-07-03;40.63500;41.084999;40.56500;40.92000;14900200
2025-07-02;40.82000;41.0050011;40.42000;40.61500;21891000
2025-07-01;40.81500;41;40.34000;40.97000;39690200
2025-06-30;40.47000;40.875;40.34000;40.83000;22018000
2025-06-27;40.69000;40.99500;40.54000;40.66500;25307800
2025-06-26;40.32500;40.60500;40.25;40.58500;18746200
2025-06-25;40.70000;40.70000;40.17500;40.25;26771800
2025-06-24;40.66500;40.91000;40.59500;40.79500;20389600
2025-06-23;40.32000;40.68500;40.23500;40.62000;25573000
2025-06-20;40.36500;40.72000;40.33500;40.39000;31688200
2025-06-18;40.27000;40.48000;40.070000;40.28000;22324000
2025-06-17;40.45000;40.55000;39.89000;40.17500;28335800
2025-06-16;40.91000;41.13000;40.31500;40.51000;27266600
2025-06-13;40.88500;40.95500;40.59000;40.71000;25325400
2025-06-12;40.48000;40.97000;40.46000;40.94500;19568600
2025-06-11;40.55000;40.60500;40.32500;40.45500;21394800
2025-06-10;40.44000;40.52500;40.13000;40.43000;28052800
2025-06-09;40.52500;40.68000;40.27000;40.33500;24866400
2025-06-06;40.62000;40.66500;40.25;40.59500;21267200
2025-06-05;40.59500;40.59500;40.33500;40.41500;21175000
2025-06-04;41.13000;41.13000;40.48000;40.48000;33001800
2025-06-03;41.58500;41.58500;40.87000;41.20000;28547800
2025-06-02;40.78500;41.14500;40.62000;41.090000;26799200
2025-05-30;40.46500;41.029999;40.39000;40.96000;20680400
2025-05-29;40.28500;40.61000;40.10500;40.54500;20867400
2025-05-28;40.81000;40.83000;40.090000;40.26500;20954600
2025-05-27;40.84500;40.94000;40.52500;40.83500;18494200
2025-05-23;40.32000;40.56500;39.85000;40.53000;21730200
2025-05-22;40.28500;40.28500;39.58500;40.049999;30637600
2025-05-21;41.25;41.33000;40.55000;40.63000;22704000
2025-05-20;41.20000;41.52500;41.20000;41.38500;18075200
2025-05-19;40.74500;41.28500;40.73500;41.26500;16306400
2025-05-16;40.55500;41.10500;40.45500;41.090000;20076800
2025-05-15;39.81000;40.60500;39.78500;40.49500;26629200
2025-05-14;39.74000;39.75500;39.055000;39.65000;22912600
2025-05-13;39.82000;40.13500;39.60500;39.82500;24064000
2025-05-12;40.30500;40.41000;39.70000;39.88000;27460200
2025-05-09;40.15500;40.16500;39.86000;40.12000;17420400
2025-05-08;40.39500;40.49500;39.99500;40.049999;22437800
2025-05-07;40.19000;40.61000;40.049999;40.375;19575000
2025-05-06;39.78000;40.54000;39.74500;40.26000;20635000
2025-05-05;39.74500;39.89500;39.38500;39.77500;14895800
2025-05-02;39.71000;39.99500;39.49500;39.875;16074000
2025-05-01;39.69500;40.064999;39.43500;39.56500;17967000
2025-04-30;39.49500;39.58500;38.77000;39.45000;18077200
2025-04-29;39.29000;39.71500;39.125;39.65000;13168000
2025-04-28;39.125;39.42500;38.85500;39.34500;11084800
2025-04-25;39.26000;39.28500;38.93000;39.10500;14074600
2025-04-24;39.13500;39.40500;38.85500;39.22500;16828000
2025-04-23;39.38500;39.60500;38.81000;39.16500;27903600
2025-04-22;38.37000;39.084999;38.34000;39;21700800
2025-04-21;38.71000;38.75500;37.51500;37.96500;20780000
2025-04-17;38.64000;39.375;38.64000;38.88500;18928800
2025-04-16;38.93500;39.084999;38.36000;38.49000;17500800
2025-04-15;38.93000;39.18500;38.79000;38.84000;15257200
2025-04-14;38.46000;38.97000;38.23500;38.84500;19415600
2025-04-11;37.68000;38.29000;37.21500;38.16000;28840000
2025-04-10;37.70000;38.14000;36.91500;37.70000;44167800
2025-04-09;36.23000;38.084999;35.51000;37.98500;70054800
2025-04-08;37.35000;37.61500;36.12000;36.54500;39600400
2025-04-07;36.69500;37.82000;35.89000;36.69500;73162600
2025-04-04;39.64500;39.64500;37.020000;37.26500;66165400
2025-04-03;39.66000;40.10500;39.41000;39.46000;38650200
2025-04-02;39.49500;39.80000;39.29500;39.71000;12951200
2025-04-01;39.40000;39.64000;39.14500;39.52500;18084800
2025-03-31;39.049999;39.58500;39.040001;39.42500;21470000
2025-03-28;38.94000;39.23500;38.87000;38.99000;19078600
2025-03-27;38.68000;39.025002;38.59000;38.70500;13971800
2025-03-26;38.46500;38.80500;38.46500;38.71500;15164000
2025-03-25;39.044998;39.055000;38.28000;38.46000;22396000
2025-03-24;39.25;39.56000;39.049999;39.084999;13996800
2025-03-21;39.47500;39.66500;39.13000;39.375;15627600
2025-03-20;39.47500;39.69000;39.39000;39.63000;16415200
2025-03-19;39.34500;39.52500;39.20500;39.47000;16163400
2025-03-18;39.36500;39.43500;39.070000;39.32500;19285200
2025-03-17;39.42500;39.83000;39.23000;39.60000;19290400
2025-03-14;38.79500;39.48000;38.65500;39.43500;18269400
2025-03-13;38.71500;38.84000;38.43500;38.68000;16801200
2025-03-12;38.70000;38.92500;38.35000;38.58500;17432000
2025-03-11;39.049999;39.20000;38.5;38.70500;32640000
2025-03-10;38.51000;39.18500;38.51000;39.070000;37366000
2025-03-07;38.025002;38.81500;37.91500;38.64500;23234400
2025-03-06;38.44500;38.48000;37.83000;37.94000;25405800
2025-03-05;38.76000;39.020000;38.43000;38.74500;20666800
2025-03-04;39.66500;39.875;38.96000;39.020000;22561800
2025-03-03;39.57000;39.79000;39.40000;39.66500;19276400
2025-02-28;39.27000;39.625;39.060001;39.61000;21770000
2025-02-27;39.79000;39.88000;38.97500;39.014999;25074600
2025-02-26;39.81000;40.25;39.68000;39.90000;15421800
2025-02-25;39.70000;39.81500;39.16000;39.73500;21837800
2025-02-24;40.25;40.25500;39.75500;39.93500;14974000
2025-02-21;40.13000;40.26500;39.94000;40.13500;15547400
2025-02-20;40;40.22000;39.64500;40.125;17390800
2025-02-19;39.875;40.25;39.83500;40.13000;12513200
2025-02-18;39.71500;39.98500;39.58000;39.92000;15509000
2025-02-14;39.69500;40.014999;39.52500;39.55000;13972000
2025-02-13;39.70000;39.79000;39.47000;39.71500;17020800
2025-02-12;39.18500;39.72000;39.0099983;39.625;14888800
2025-02-11;39.34000;39.71500;39.0099983;39.69500;10835600
2025-02-10;39.18000;39.51000;38.96500;39.49500;10664200
2025-02-07;39.14000;39.41500;39.025002;39.070000;14330400
2025-02-06;39.36500;39.36500;38.87000;39.15000;12820800
2025-02-05;39.19000;39.46000;38.87000;39.19500;15992600
2025-02-04;38.92500;38.99000;38.41500;38.80500;20498200
2025-02-03;38.42500;39.29500;38.36500;39.15000;28118800
2025-01-31;39.20500;39.24000;38.85000;38.94000;19669600
2025-01-30;38.81500;39.23000;38.78000;39.17000;18712600
2025-01-29;38.28000;38.81000;38.24000;38.37000;19130800
2025-01-28;38.80500;38.80500;37.95000;38.29000;28540200
2025-01-27;38.94500;39.040001;37.91500;38.82500;42448200
2025-01-24;39.28500;39.86000;39.20000;39.74500;16769600
2025-01-23;39.30500;39.63000;39.23500;39.34500;21585000
2025-01-22;40.13500;40.13500;39.14000;39.16000;23644800
2025-01-21;39.86500;40.22000;39.76500;40.025002;21633400
2025-01-17;39.34000;39.60000;39.21500;39.42000;14668800
2025-01-16;38.375;39.38000;38.36000;39.36500;30415000
2025-01-15;38.5;38.77500;38.35500;38.39500;21360400
2025-01-14;37.49500;37.95500;37.40000;37.84000;19675000
2025-01-13;37.75;37.79000;36.95500;37.35000;24891600
2025-01-10;38.125;38.42000;37.61000;37.79000;31217000
2025-01-08;37.95000;38.044998;37.38000;38.0050011;26845800
2025-01-07;38.24000;38.40500;37.91500;38.014999;22856400
2025-01-06;38.54000;38.57000;37.98500;38.11000;25623800
2025-01-03;38.35500;38.74500;38.19000;38.54000;17767000
2025-01-02;38.12000;38.33000;37.86000;38.13500;24103400
2024-12-31;37.95500;38.070000;37.66500;37.84500;12605400
2024-12-30;37.87000;37.97500;37.53500;37.88000;16870000
2024-12-27;37.95000;38.15000;37.79500;38.040001;13805400
2024-12-26;38.080002;38.25500;37.99500;38.15000;10114000
2024-12-24;38.029999;38.25;37.91500;38.24000;9010200
2024-12-23;37.80500;38.060001;37.43500;38.029999;20114400
2024-12-20;37.40000;38.30000;37.35000;38.21500;25188600
2024-12-19;37.48000;38.040001;37.47000;37.61500;27076400
2024-12-18;38.32500;38.38000;37.42000;37.44500;29811800
2024-12-17;38.27000;38.51000;38.19500;38.35000;15876800
2024-12-16;38.85500;38.95500;38.49500;38.51000;16121000
2024-12-13;38.85000;39.025002;38.75500;38.82000;13808400
2024-12-12;39;39.125;38.76000;38.79500;15425000
2024-12-11;39.16500;39.19500;38.74500;38.81500;14759600
2024-12-10;39.28000;39.28000;38.74500;39.060001;20319000
2024-12-09;39.84500;39.90000;39.32000;39.34500;21053800
2024-12-06;40.36500;40.46000;39.77000;39.84500;14228600
2024-12-05;40.26500;40.57000;40.16000;40.34500;14226000
2024-12-04;40.35000;40.45000;40.064999;40.22000;24169400
2024-12-03;40.82000;40.95000;40.21500;40.22500;18853600
2024-12-02;41.46000;41.47500;40.56000;40.57500;22084200
2024-11-29;41.58500;41.61500;41.375;41.46500;9234800
2024-11-27;41.57500;41.70500;41.41000;41.45000;17156600
2024-11-26;40.91500;41.47500;40.81000;41.45000;17374800
2024-11-25;41.049999;41.125;40.5;40.80000;14253800
2024-11-22;41.075001;41.13500;40.71000;40.72500;15761400
2024-11-21;40.30500;40.99500;40.11000;40.94500;21764000
2024-11-20;40.30000;40.43500;40.044998;40.24500;12196800
2024-11-19;39.82000;40.23000;39.63000;40.22500;11750400
2024-11-18;39.59000;40.080002;39.54000;39.97000;14660200
2024-11-15;39.070000;39.67500;38.99500;39.625;23931400
2024-11-14;39.22500;39.42500;38.98000;39.040001;17707400
2024-11-13;39.5;39.51500;39.0099983;39.17500;16411800
2024-11-12;39.58000;39.67000;39.055000;39.24500;18703200
2024-11-11;39.59500;39.93500;39.50500;39.70000;26011000
2024-11-08;39.040001;39.67500;39.0099983;39.59000;28857200
2024-11-07;38.97000;39.23500;38.64000;38.84500;37703200
2024-11-06;38.67500;38.94500;38.41000;38.77500;32958800
2024-11-05;38.58000;39.18000;38.46500;39.18000;19016200
2024-11-04;38.67500;38.88000;38.39000;38.60000;27956200
2024-11-01;39.95000;40.070000;39.029999;39.064999;30861000
2024-10-31;39.64500;40.25;39.61500;39.95500;27516000
2024-10-30;39.79500;39.87000;39.47500;39.54500;20910600
2024-10-29;40.055000;40.060001;39.63000;39.64000;27733000
2024-10-28;40.40500;40.71000;40.31000;40.50500;14622800
2024-10-25;41;41.035000;40.16000;40.19000;17518200
2024-10-24;41.064999;41.15000;40.66000;40.79500;13092000
2024-10-23;40.70000;41.075001;40.625;41.060001;19645000
2024-10-22;40.54000;40.75500;40.34500;40.67000;17119200
2024-10-21;41.070000;41.19000;40.65500;40.81500;14811600
2024-10-18;40.70500;40.99500;40.52500;40.97500;14035200
2024-10-17;41.24000;41.25;40.71000;40.74000;23527200
2024-10-16;40.50500;41.18500;40.32500;41.10500;19099600
2024-10-15;40.30000;40.60000;40.26000;40.30500;26427600
2024-10-14;39.68500;40.16000;39.61000;40.125;18041800
2024-10-11;39.15000;39.625;39.025002;39.625;19332600
2024-10-10;39.44000;39.75;39.26000;39.28000;26326600
2024-10-09;39.63000;39.75;39.17500;39.40000;34288000
2024-10-08;39.89500;40.020000;39.73500;39.74000;26022200
2024-10-07;40.52000;40.54500;39.61500;39.72000;35284000
2024-10-04;40.37000;40.70000;40.24000;40.65500;25082800
2024-10-03;40.96000;41.029999;40.62000;40.72000;24205400
2024-10-02;40.45500;40.81000;40.38500;40.73500;16491600
2024-10-01;40.34500;40.77500;40.099998;40.71500;24362400
2024-09-30;40.29000;40.41500;39.93000;40.39000;19014200
2024-09-27;39.98000;40.32000;39.94000;40.21000;14804000
2024-09-26;40.014999;40.19000;39.70500;39.81500;19794600
2024-09-25;40.099998;40.21000;39.74000;40.090000;16359200
2024-09-24;39.94000;40.38500;39.79500;39.88000;28105200
2024-09-23;40.014999;40.20000;39.87000;40.16500;23340600
2024-09-20;39.5;40.125;39.44500;40.040001;44279200
2024-09-19;39.099998;39.19000;38.69000;39.0099983;41536400
2024-09-18;39.47000;39.58000;39.070000;39.24000;47034800
2024-09-17;39.59000;39.69000;39.41000;39.54000;27963000
2024-09-16;39.39500;39.68000;39.29000;39.57000;19910600
2024-09-13;38.85500;39.28000;38.70500;39.27000;16238800
2024-09-12;38.72500;38.79000;38.48500;38.72500;19335000
2024-09-11;38.52500;38.68000;38.075001;38.64000;20766600
2024-09-10;38.41000;38.68000;38.28000;38.52000;23255400
2024-09-09;38.12000;38.34500;37.90000;38.34000;14366200
2024-09-06;38.40500;38.48500;37.95000;37.95500;19605800
2024-09-05;38.70500;38.75500;38.20500;38.32000;15545400
2024-09-04;38.27500;38.70500;38.22500;38.41500;27303200
2024-09-03;38.15500;38.36500;37.97000;38.090000;23627000
2024-08-30;37.93000;38.20000;37.79000;38.14500;17007400
2024-08-29;37.78000;37.89500;37.41000;37.86000;12758200
2024-08-28;37.77000;37.98000;37.625;37.65500;10482800
2024-08-27;37.875;38.0099983;37.64000;37.65500;16666800
2024-08-26;37.84000;38.11000;37.83500;37.95500;13336400
2024-08-23;37.73500;37.89000;37.60000;37.71000;15050400
2024-08-22;37.69000;37.77000;37.45500;37.60500;14648000
2024-08-21;37.44000;37.76500;37.39000;37.65000;13451800
2024-08-20;37.46500;37.59000;37.34500;37.38500;15989800
2024-08-19;37.25500;37.49000;37.22500;37.46500;11505400
2024-08-16;37.095001;37.34500;36.93500;37.22000;13522800
2024-08-15;36.84500;37.16500;36.72000;37.055000;18807600
2024-08-14;37;37.28000;36.78500;37.060001;16166000
2024-08-13;37.025002;37.12000;36.86000;37.084999;17075000
2024-08-12;36.81500;36.88500;36.59500;36.87000;15027000
2024-08-09;36.77000;36.85500;36.17500;36.80500;16708400
2024-08-08;36.5;36.90500;36.39500;36.68000;23360400
2024-08-07;36.73500;37.070000;36.5;36.64000;24758800
2024-08-06;36.27000;36.85500;36.24500;36.43500;29286400
2024-08-05;37.30500;37.30500;36.090000;36.13000;41099800
2024-08-02;37.52000;37.78000;36.60500;37.11000;48257200
2024-08-01;36.46500;37.099998;36.42000;37.049999;32567400
2024-07-31;36.43500;36.47500;36.044998;36.39500;21765400
2024-07-30;35.70500;35.96000;35.63000;35.93000;16696400
2024-07-29;35.72000;35.86000;35.43000;35.74500;15151200
2024-07-26;35.52000;35.65500;35.39000;35.58500;16706400
2024-07-25;35.70000;35.89000;35.090000;35.24000;26666000
2024-07-24;35.39000;35.67500;35.17500;35.53500;25284800
2024-07-23;35.29000;35.35500;35.11500;35.14000;12686400
2024-07-22;35.25;35.44000;35.13000;35.36000;12965400
2024-07-19;35.090000;35.17500;34.85500;35.064999;12985400
2024-07-18;35.0099983;35.36500;34.96500;35.025002;13542600
2024-07-17;35;35.5;34.91000;35.055000;27516000
2024-07-16;34.97500;35.095001;34.87000;35.035000;15009200
2024-07-15;35.23000;35.34000;34.71000;34.76500;29827600
2024-07-12;35.49500;35.86000;35.34000;35.63000;16524200
2024-07-11;34.91000;35.46500;34.89500;35.37000;29766400
2024-07-10;34.54000;34.74500;34.28000;34.73500;13800000
2024-07-09;34.31000;34.70000;34.27500;34.41000;21601200
2024-07-08;34.30500;34.42000;34.18000;34.31000;13634400
2024-07-05;34.27000;34.42000;34.11500;34.27500;13830600
2024-07-03;34.060001;34.45500;33.99500;34.21500;13241200
2024-07-02;33.91500;34.075001;33.86000;34.0099983;16724200
2024-07-01;34.42500;34.48500;33.80000;33.83500;16757800
2024-06-28;34.45500;34.5;33.91000;34.070000;23063000
2024-06-27;34.42500;34.5;34.22000;34.45500;10899600
2024-06-26;34.41000;34.47000;34.19000;34.39500;13882000
2024-06-25;34.80000;34.89500;34.43000;34.54000;25099400
2024-06-24;34.41000;34.98500;34.38500;34.87000;17956800
2024-06-21;35.029999;35.070000;34.67000;34.69500;18990800
2024-06-20;34.71000;34.97000;34.59500;34.90000;27948000
2024-06-18;34.30500;34.61000;34.27500;34.60000;24573600
2024-06-17;34.78500;34.86500;34.55000;34.58500;21026400
2024-06-14;34.85000;35.014999;34.70500;34.97000;20280600
2024-06-13;35.029999;35.18500;34.69000;35.055000;22974000
2024-06-12;35.65000;35.65500;34.86000;34.97500;24912200
2024-06-11;35.12000;35.25500;34.90500;35.20500;22694800
2024-06-10;34.96500;35.48000;34.875;35.42000;19591400
2024-06-07;35.049999;35.33000;34.96000;34.97000;16286800
2024-06-06;35.64500;35.85500;35.30500;35.35500;18184800
2024-06-05;35.89000;35.92000;35.66500;35.72500;17920400
2024-06-04;35.85500;36.055000;35.53500;35.93000;29419600
2024-06-03;36.30000;36.33500;35.81500;35.94500;36915800
2024-05-31;35.85000;36.39500;35.69500;36.36000;24777600
2024-05-30;35.37000;35.75500;35.30500;35.73000;18129600
2024-05-29;35.40500;35.45000;35.125;35.25500;28118600
2024-05-28;35.78500;35.93000;35.64000;35.71500;17765200
2024-05-24;35.48500;35.89000;35.42000;35.75;16366800
2024-05-23;35.95000;35.95000;35.375;35.39500;28718600
2024-05-22;36.23500;36.36000;35.97000;36.0050011;21128800
2024-05-21;36.090000;36.45000;36.080002;36.43500;16263400
2024-05-20;36.25;36.25;36.029999;36.11000;13830400
2024-05-17;36.095001;36.25500;35.97000;36.17000;21715600
2024-05-16;36.28500;36.45500;36.084999;36.14000;25322400
2024-05-15;36.099998;36.36500;36.040001;36.26500;29176600
2024-05-14;35.79000;35.84000;35.53000;35.73000;23566400
2024-05-13;35.75500;35.93000;35.56500;35.63500;21219200
2024-05-10;35.87000;35.92500;35.53500;35.63500;39129200
2024-05-09;35.11000;35.70500;35.035000;35.67000;48549200
2024-05-08;34.69500;35.15500;34.61000;35.13500;27708200
2024-05-07;34.52500;34.80000;34.45000;34.77000;28808200
2024-05-06;34.31000;34.41500;34.099998;34.38000;21221400
2024-05-03;34.20000;34.31500;33.90000;34.20500;29817000
2024-05-02;33.89500;34.020000;33.625;33.93500;28609400
2024-05-01;33.36500;34.060001;33.23500;33.75500;42371800
2024-04-30;33.36000;33.63000;33.14000;33.37000;29724800
2024-04-29;33.32500;33.60500;33.29500;33.54500;29368200
2024-04-26;33.46000;33.50500;33.080002;33.095001;24547400
2024-04-25;33.29000;33.59500;33;33.46000;31562400
2024-04-24;32.87000;33.48000;32.70500;33.37000;26127000
2024-04-23;33;33.38000;32.92000;33.17000;22338000
2024-04-22;32.73500;33.10500;32.51000;33.014999;23458600
2024-04-19;32.30500;32.78500;32.27000;32.71500;37004600
2024-04-18;32.15000;32.33000;31.91500;32.22000;22288600
2024-04-17;31.59000;32.12000;31.53000;32.040001;28152800
2024-04-16;31.70500;31.74000;31.27500;31.38500;32907600
2024-04-15;32.32000;32.45500;31.68500;31.80500;29407800
2024-04-12;32.40500;32.5;31.94500;32.099998;39844800
2024-04-11;32.59500;32.63500;32.125;32.34500;25621200
2024-04-10;32.31500;32.53500;32.125;32.41000;38280600
2024-04-09;32.86500;33.040001;32.77000;32.97500;24024200
2024-04-08;32.58500;32.85000;32.54000;32.79500;20142600
2024-04-05;32.27500;32.66500;32.12000;32.58000;32322400
2024-04-04;32.80500;32.90000;32.26500;32.48500;29356800
2024-04-03;32.67500;32.76500;32.43000;32.55000;26574200
2024-04-02;32.55000;32.87000;32.53500;32.68000;30212400
2024-04-01;32.83000;32.86500;32.41500;32.625;22702600
2024-03-28;32.59500;32.88000;32.51000;32.82500;27492200
2024-03-27;31.95000;32.60000;31.91500;32.60000;34600400
2024-03-26;32.11500;32.21000;31.69000;31.71500;29830400
2024-03-25;32.020000;32.099998;31.88500;32.080002;23194200
2024-03-22;32.084999;32.14500;31.89000;31.93000;21059400
2024-03-21;32.020000;32.23500;31.87000;31.88500;40327800
2024-03-20;31.84000;32.099998;31.75500;31.93500;32620800
2024-03-19;31.69000;31.92500;31.60000;31.89500;19985400
2024-03-18;31.51000;31.81500;31.32500;31.61500;26843800
2024-03-15;31.58500;31.90000;31.55500;31.73000;35445000
2024-03-14;31.87000;31.99500;31.46000;31.68500;31869800
2024-03-13;31.97500;32.22500;31.87000;31.94000;25877800
2024-03-12;31.97000;31.98500;31.52500;31.72500;29489000
2024-03-11;31.83000;32.10500;31.71000;32.035000;20968200
2024-03-08;31.88500;31.97000;31.61000;31.875;27511600
2024-03-07;31.85000;31.93000;31.73500;31.79500;21384200
2024-03-06;31.51500;31.75;31.44500;31.59000;32652200
2024-03-05;31.47500;31.98500;31.16000;31.29000;49602800
2024-03-04;30.71500;31.42500;30.71500;31.38000;33020800
2024-03-01;30.95500;30.96000;30.48000;30.86000;42511000
2024-02-29;31.16000;31.31000;30.90500;31.049999;30675400
2024-02-28;30.91000;31.084999;30.84000;31.040001;22983600
2024-02-27;30.55000;30.95500;30.42500;30.94500;27487600
2024-02-26;30.83000;30.85000;30.31500;30.37000;25587000
2024-02-23;30.82500;31.125;30.75;30.98000;24572800
2024-02-22;30.75500;30.89000;30.52500;30.76000;31841600
2024-02-21;30.79500;31.040001;30.64500;31;31565000
2024-02-20;30.56000;30.94500;30.53000;30.59500;22764000
2024-02-16;30.5;30.76000;30.31500;30.61500;29914200
2024-02-15;30.24000;30.67500;30.24000;30.65000;34680800
2024-02-14;30.090000;30.21500;29.92000;30.14500;34871800
2024-02-13;30.31500;30.47000;29.57000;29.98000;45402200
2024-02-12;30.13500;30.51000;30.059999;30.48500;25219000
2024-02-09;29.93500;30.16500;29.875;30.13500;29647800
2024-02-08;30.10000;30.16500;29.76000;30.020000;41755400
2024-02-07;30.33500;30.40000;30.075001;30.23500;23748600
2024-02-06;30.090000;30.31500;29.99500;30.21500;27557000
2024-02-05;30.44500;30.46500;30.090000;30.10500;39895000
2024-02-02;30.95500;31.045000;30.53000;30.74500;51839600
2024-02-01;30.59500;31.31000;30.45500;31.31000;51507200
2024-01-31;31.045000;31.18000;30.55000;30.72500;59642400
2024-01-30;30.72500;30.97500;30.52500;30.79000;36109000
2024-01-29;30.625;30.92000;30.44500;30.80000;26054400
2024-01-26;30.59500;30.72000;30.50500;30.60500;36653200
2024-01-25;30.375;30.52000;30.090000;30.51500;50516800
2024-01-24;30.60000;30.65000;29.93000;29.97500;50878200
2024-01-23;30.34500;30.48500;30.21000;30.39000;41100200
2024-01-22;30.48000;30.70500;30.20500;30.33500;41676200
2024-01-19;30.56000;30.61000;30.29500;30.49000;28257600
2024-01-18;30.70500;30.73500;30.35500;30.53000;39464000
2024-01-17;31.13500;31.42000;30.625;30.86000;39178000
2024-01-16;31.50500;31.59000;31.24000;31.31500;30454000
2024-01-12;31.69000;31.79000;31.53500;31.66000;19537400
2024-01-11;32.125;32.13000;31.38000;31.48000;44353600
2024-01-10;32.23500;32.38000;32.11500;32.23000;21853800
2024-01-09;32.33000;32.38000;32.16500;32.23500;28805400
2024-01-08;32.19500;32.51000;32.095001;32.5;23434400
2024-01-05;32.099998;32.42000;31.95500;32.26500;27190400
2024-01-04;32.28000;32.45000;32.10500;32.14500;26622400
2024-01-03;32.11500;32.30500;31.89500;32.24500;32866400
2024-01-02;31.53000;32.20000;31.46500;32.125;30758600
2023-12-29;31.63500;31.73000;31.45500;31.66500;22478000
2023-12-28;31.38000;31.75;31.38000;31.70500;17346400
2023-12-27;31.44000;31.54000;31.32000;31.48000;18984400
2023-12-26;31.26000;31.62000;31.25;31.5;19075000
2023-12-22;31.32000;31.62000;31.25;31.31000;26447400
2023-12-21;31.25500;31.42000;30.98500;31.20500;31753600
2023-12-20;31.75500;31.84500;31.14500;31.15000;36651800
2023-12-19;31.72500;31.83500;31.59000;31.79500;25377800
2023-12-18;31.77500;31.95500;31.55000;31.61500;32507000
2023-12-15;32.22500;32.39000;31.75;31.98500;53129000
2023-12-14;33.18000;33.35000;32.48500;32.55000;64968200
2023-12-13;31.81500;32.98000;31.64500;32.98000;43452000
2023-12-12;31.95500;31.97000;31.53500;31.78000;21768200
2023-12-11;31.54000;31.95000;31.54000;31.91000;22448800
2023-12-08;31.71500;31.85000;31.47000;31.70500;24002800
2023-12-07;31.88000;31.99500;31.62000;31.76500;21876600
2023-12-06;31.55500;31.84500;31.51000;31.83500;26817800
2023-12-05;31.67000;31.67500;31.29000;31.41500;22536600
2023-12-04;31.61500;31.90500;31.48000;31.64000;30515800
2023-12-01;31.39500;31.77000;31.19000;31.76500;29342800
2023-11-30;31.33500;31.42000;31.12000;31.38000;30483600
2023-11-29;31.50500;31.63000;31.13500;31.24500;35806400
2023-11-28;31.40000;31.72500;31.27500;31.49500;29415200
2023-11-27;31.37000;31.46000;31.14500;31.39500;24833200
2023-11-24;31.26000;31.35000;31.14000;31.34500;9798600
2023-11-22;31.22500;31.27500;30.97000;31.26500;17919600
2023-11-21;31.025000;31.18000;30.82500;31.11500;20288400
2023-11-20;31;31.17000;30.64000;31.049999;28316600
2023-11-17;31.23000;31.26500;30.97500;31.14500;23879000
2023-11-16;31.15000;31.31000;31.035000;31.059999;34650400
2023-11-15;30.90500;31.34500;30.82500;30.89500;49662800
2023-11-14;30.47000;31.014999;30.41000;30.99000;57318200
2023-11-13;30.094999;30.16500;29.75500;29.80000;31159600
2023-11-10;30.13500;30.24500;29.96000;30.16000;28030200
2023-11-09;30.45500;30.55000;29.98500;30;32195600
2023-11-08;30.49500;30.50500;30.059999;30.40000;43295600
2023-11-07;30.86500;30.90500;30.57500;30.625;37684600
2023-11-06;30.98500;31.084999;30.82000;30.85000;38240000
2023-11-03;31.28500;31.32500;30.92000;30.93000;45147200
2023-11-02;30.25;30.91000;30.20000;30.75;51100200
2023-11-01;29.88500;30.36500;29.59500;30.18500;46523000
2023-10-31;29.71000;29.875;29.5;29.84500;21364600
2023-10-30;29.49000;29.78500;29.26500;29.59000;28539200
2023-10-27;29.80000;29.97000;29.27500;29.36500;40502400
2023-10-26;29.75500;30.19500;29.74500;29.93000;47174600
2023-10-25;29.46000;29.73500;29.34000;29.67500;41309400
2023-10-24;29.20500;29.63000;29.11500;29.51000;47194400
2023-10-23;28.75;29.18500;28.52000;28.77000;41041200
2023-10-20;29.25;29.53500;29.010000;29.014999;40044800
2023-10-19;29.52000;29.79500;29.30000;29.32000;39363800
2023-10-18;29.84500;30.025000;29.42500;29.61500;46727000
2023-10-17;29.70000;30.065001;29.65500;29.875;36960400
2023-10-16;29.71000;30.065001;29.48000;29.95500;39554800
2023-10-13;29.51500;29.84000;29.44000;29.65000;39568800
2023-10-12;29.63000;29.80500;29.055000;29.32000;55086600
2023-10-11;29.47000;29.80500;29.26000;29.78000;53347400
2023-10-10;28.91000;29.32000;28.91000;29.30500;61414400
2023-10-09;28.57500;28.91000;28.45500;28.91000;40487600
2023-10-06;27.875;28.69500;27.38500;28.625;68207400
2023-10-05;28.31500;28.40000;27.95000;28.22500;56290000
2023-10-04;28.56500;28.62000;27.94500;28.39000;58997200
2023-10-03;27.875;28.51500;27.46500;28.42000;115236400
2023-10-02;29.29500;29.29500;27.76000;28.094999;111645400
2023-09-29;29.67000;29.91000;29.30500;29.46500;45737800
2023-09-28;30.18000;30.24000;29.37000;29.41500;77189800
2023-09-27;30.59500;30.67000;29.98500;30.065001;52042200
2023-09-26;31.47000;31.50500;30.57000;30.65500;46833400
2023-09-25;31.46000;31.625;31.27000;31.60000;24729800
2023-09-22;31.56500;31.85500;31.43500;31.64500;24595400
2023-09-21;32.014999;32.075001;31.69000;31.70500;25628600
2023-09-20;32.14000;32.375;31.94500;32.040001;18736000
2023-09-19;32.16000;32.27500;32;32.0099983;24889000
2023-09-18;32.23000;32.29000;31.96000;32.18500;19135000
2023-09-15;32.55500;32.80500;32.43500;32.47000;34802000
2023-09-14;32.34000;32.63000;32.29500;32.61000;26201000
2023-09-13;31.77500;32.28500;31.77500;32.14000;30120800
2023-09-12;31.71500;31.85000;31.50500;31.76000;22094800
2023-09-11;31.55500;31.88500;31.54500;31.72000;27023600
2023-09-08;31.37000;31.64500;31.27000;31.59000;32521400
2023-09-07;31.17500;31.56500;31.094999;31.31500;33748600
2023-09-06;30.88500;30.94500;30.71000;30.91000;38940200
2023-09-05;31.30000;31.32000;30.67000;30.84000;37650600
2023-09-01;31.64500;31.75500;31.075001;31.32000;28775400
2023-08-31;31.91000;31.94000;31.47000;31.48000;27542200
2023-08-30;31.82500;32.035000;31.66500;31.78500;22480800
2023-08-29;31.85000;32.025002;31.72000;31.93000;23746200
2023-08-28;31.87000;32.044998;31.74500;31.81000;17326400
2023-08-25;31.62000;31.97500;31.60000;31.81500;24981000
2023-08-24;31.70500;32.14000;31.54500;31.57500;25933800
2023-08-23;31.80500;31.84000;31.54000;31.76000;26772000
2023-08-22;31.52500;31.72500;31.40500;31.63500;27057800
2023-08-21;31.65000;31.73500;31.29500;31.54500;24162000
2023-08-18;31.57500;31.82000;31.54500;31.74500;25675600
2023-08-17;31.68500;31.99500;31.56500;31.58000;23752800
2023-08-16;31.64500;31.79000;31.52500;31.65000;25028400
2023-08-15;31.84500;31.86000;31.49000;31.51000;30379000
2023-08-14;32.26500;32.28500;31.89000;32.029999;21549600
2023-08-11;32.14000;32.33000;32.040001;32.28500;24336200
2023-08-10;32.34000;32.53500;32.014999;32.11000;27384400
2023-08-09;32.125;32.49500;32.070000;32.21000;26387400
2023-08-08;31.98500;32.15500;31.69000;32.14000;30350200
2023-08-07;32.11500;32.26500;31.98000;31.99000;25131800
2023-08-04;32.45500;32.66500;31.85500;31.99500;36497800
2023-08-03;33.025002;33.049999;32.34000;32.37000;41266400
2023-08-02;32.99000;33.28000;32.93500;33.125;30335000
2023-08-01;33.49500;33.67000;33.10500;33.125;26919600
2023-07-31;33.65500;33.79000;33.38000;33.53500;25047000
2023-07-28;33.81500;33.95000;33.35500;33.52000;26432200
2023-07-27;34.064999;34.21000;33.52500;33.59500;32130200
2023-07-26;34.11000;34.58000;34.040001;34.20000;23158200
2023-07-25;34.099998;34.30500;33.99500;34.20000;16701600
2023-07-24;34.28000;34.34000;33.98000;34.14000;26484600
2023-07-21;33.86000;34.36500;33.80000;34.23000;36746000
2023-07-20;33.21000;33.77500;33.040001;33.72500;33329000
2023-07-19;32.81000;33.31500;32.81000;33.12000;27154000
2023-07-18;33.0099983;33.29500;32.49500;32.78500;36264600
2023-07-17;33.31500;33.39000;33.025002;33.040001;21260800
2023-07-14;33.47000;33.57000;33.23500;33.42500;20285600
2023-07-13;33.44000;33.56500;33.32000;33.55500;19835400
2023-07-12;33.060001;33.48000;33;33.44000;26655000
2023-07-11;32.62000;32.97000;32.5;32.96000;22871800
2023-07-10;32.64000;32.75;32.29500;32.55500;24820200
2023-07-07;32.72000;32.92500;32.61000;32.69500;25787600
2023-07-06;33.075001;33.17000;32.75500;32.93500;30845600
2023-07-05;32.85000;33.59000;32.80500;33.34000;38338000
2023-07-03;32.65000;32.98000;32.54000;32.96500;16329200
2023-06-30;32.40500;32.75500;32.39000;32.72000;27858600
2023-06-29;32.10500;32.54000;32.035000;32.36000;29307800
2023-06-28;32.83500;32.83500;32.27500;32.36000;29447600
2023-06-27;32.86000;32.96000;32.74000;32.84500;17020800
2023-06-26;32.57000;32.93500;32.44500;32.83500;20535200
2023-06-23;33.095001;33.21000;32.47000;32.51500;25439200
2023-06-22;33.38000;33.44500;32.90500;33;20000800
2023-06-21;32.875;33.29000;32.51500;33.25500;21445400
2023-06-20;33.28500;33.35500;32.95500;32.99000;25850800
2023-06-16;33.55000;33.92000;33.52500;33.65000;27370800
2023-06-15;33.23500;33.55000;33.16500;33.47000;27402400
2023-06-14;33.25;33.50500;33.044998;33.11000;28047200
2023-06-13;32.93500;33.24500;32.88000;33.13000;23737200
2023-06-12;33.22000;33.31000;33;33.13500;22967400
2023-06-09;33.40000;33.42500;33.17500;33.19500;26632600
2023-06-08;33.23500;33.44000;32.98500;33.39000;29318200
2023-06-07;32.71500;33.32500;32.51500;33.24500;38529600
2023-06-06;32.86500;32.92000;32.60000;32.69000;25723200
2023-06-05;32.63000;33.070000;32.56000;32.71500;24089000
2023-06-02;32.060001;32.68500;31.98500;32.56000;46091600
2023-06-01;32.52500;32.57000;32.025002;32.22500;37306400
2023-05-31;32.18500;32.61000;31.98000;32.46500;34266200
2023-05-30;32.35000;32.51500;32.12000;32.17000;31165800
2023-05-26;32.24500;32.32000;31.96500;32.29500;33187800
2023-05-25;32.67500;32.69000;32.064999;32.29500;32252200
2023-05-24;32.90500;33.025002;32.68000;32.73500;23127600
2023-05-23;32.94000;33.27500;32.86000;32.95000;24128000
2023-05-22;33.14000;33.31000;32.94500;33.064999;18989400
2023-05-19;33.26000;33.44500;33.035000;33.055000;24945000
2023-05-18;33.049999;33.14000;32.81500;33.10500;32335600
2023-05-17;33.43000;33.44000;33.064999;33.20500;34176600
2023-05-16;34.040001;34.10500;33.30500;33.32500;28008000
2023-05-15;34.64500;34.69500;33.94000;34.080002;26370200
2023-05-12;34.51500;34.73500;34.31000;34.51500;23748200
2023-05-11;34.70000;34.71000;34.16500;34.32500;29748200
2023-05-10;34.58000;34.77000;34.33000;34.68000;21416600
2023-05-09;34.33000;34.45500;34.12000;34.36500;20562200
2023-05-08;34.48000;34.73000;34.29500;34.41000;16573400
2023-05-05;34.18000;34.60000;34.18000;34.51500;22833200
2023-05-04;34.095001;34.43000;33.77500;34.29500;29262200
2023-05-03;34.32000;34.52500;33.99500;34.035000;23714400
2023-05-02;34.52000;34.61000;33.93500;34.13000;22931000
2023-05-01;34.41000;34.88500;34.38000;34.55000;21016200
2023-04-28;34.44000;34.69500;34.27500;34.49000;24246800
2023-04-27;34.23000;34.57000;34.20000;34.54000;24933400
2023-04-26;34.68000;34.79000;34.090000;34.13000;29513800
2023-04-25;34.85500;35.14000;34.84500;34.95000;20503200
2023-04-24;34.80000;35.044998;34.59000;34.98500;13579000
2023-04-21;34.93500;35.055000;34.60500;34.81000;14075600
2023-04-20;34.75;34.84500;34.50500;34.71000;14737400
2023-04-19;34.54000;34.82500;34.49000;34.72000;20634600
2023-04-18;34.65000;34.72000;34.32500;34.45500;15566200
2023-04-17;34.50500;34.69500;34.29000;34.63500;15613800
2023-04-14;34.58000;34.65000;34.28500;34.44500;18129400
2023-04-13;34.67500;34.93000;34.17500;34.83500;32892400
2023-04-12;34.93000;35.080002;34.70500;34.83000;25109200
2023-04-11;34.78500;34.96500;34.69500;34.86500;17274000
2023-04-10;34.70500;34.84500;34.36000;34.83500;20463000
2023-04-06;34.94000;34.98000;34.55000;34.90500;33350400
2023-04-05;33.93000;34.75500;33.92500;34.66000;37674400
2023-04-04;33.59500;33.84500;33.50500;33.78500;21613800
2023-04-03;33.72000;33.86500;33.42500;33.61500;24071400
2023-03-31;33.71000;33.86000;33.51500;33.84500;23444000
2023-03-30;33.53500;33.76500;33.41000;33.60000;20585600
2023-03-29;33.15000;33.51000;33.15000;33.45500;19807800
2023-03-28;32.80500;33.32500;32.80500;32.97500;22038800
2023-03-27;32.94500;33.18000;32.79500;32.88500;28273800
2023-03-24;31.88500;32.85500;31.85500;32.84500;36112000
2023-03-23;32.19000;32.5;31.69000;31.85000;33769000
2023-03-22;32.78000;32.95500;32.16500;32.18000;35793200
2023-03-21;33.55500;33.59500;32.38500;32.82500;51865000
2023-03-20;33.29000;33.61000;33.28000;33.5;38838000
2023-03-17;33.73000;33.80000;33.23500;33.48500;35814600
2023-03-16;33.46000;34.0050011;33.33000;33.81000;31646800
2023-03-15;33.040001;33.80000;32.88000;33.58500;48336800
2023-03-14;32.95000;33.40500;32.81000;33.13500;35118400
2023-03-13;32.17000;33.42500;32.125;32.70500;67671200
2023-03-10;32.88500;32.88500;32.044998;32.21000;41666400
2023-03-09;33.080002;33.38500;32.61500;32.72500;34067200
2023-03-08;32.73000;33.055000;32.60500;32.99000;27407400
2023-03-07;33.31500;33.40000;32.58000;32.74000;24055200
2023-03-06;33.14500;33.38500;33.099998;33.28500;24243200
2023-03-03;32.70000;33.14500;32.38000;33.125;30175200
2023-03-02;31.92000;32.59000;31.875;32.57000;30688600
2023-03-01;32.33000;32.36000;31.81500;31.96500;47276000
2023-02-28;32.93000;33.090000;32.5;32.5;41151800
2023-02-27;33.47000;33.79000;33.0099983;33.080002;21720600
2023-02-24;33.0050011;33.42500;32.87000;33.30500;23150400
2023-02-23;33.62000;33.62000;33.15000;33.29500;21406600
2023-02-22;33.59500;33.85500;33.38000;33.47000;26750200
2023-02-21;33.99000;34.084999;33.57500;33.60000;16969000
2023-02-17;33.88500;34.40000;33.70500;34.24000;21873200
2023-02-16;33.80000;34.035000;33.51500;33.875;18399600
2023-02-15;33.72000;34.16000;33.72000;34.13500;11020000
2023-02-14;34.025002;34.26000;33.73500;33.91500;14150400
2023-02-13;33.87000;34.14500;33.87000;34.060001;16183800
2023-02-10;33.23000;33.88500;33.19000;33.85500;30963400
2023-02-09;33.73500;33.92000;33.14000;33.19500;20715200
2023-02-08;34.029999;34.044998;33.48500;33.65500;22471400
2023-02-07;34.090000;34.34000;33.75500;34.23000;21124400
2023-02-06;33.83000;34.27500;33.77000;34.24500;31414200
2023-02-03;34.37000;34.50500;33.5;33.95500;25362200
2023-02-02;34.625;35.064999;34.35500;34.68000;24997000
2023-02-01;34.38000;34.85000;34.13500;34.60500;30944600
2023-01-31;34.38500;34.55500;33.98000;34.54500;19442400
2023-01-30;34.32000;34.68000;34.26500;34.29000;15561000
2023-01-27;34.37000;34.59500;34.23500;34.44500;15425800
2023-01-26;34.15000;34.5;34.084999;34.44500;20360000
2023-01-25;34.29000;34.41000;33.98000;34.33000;25983000
2023-01-24;34.66000;34.90500;34.21500;34.80000;20658800
2023-01-23;34.49500;34.96000;34.34500;34.625;19652600
2023-01-20;34.39000;34.63000;33.92000;34.61500;26621000
2023-01-19;34.74500;34.78000;34.32500;34.41000;28394000
2023-01-18;35.77000;35.77000;34.71500;34.76000;29020400
2023-01-17;35.69000;35.94500;35.55500;35.61500;19530400
2023-01-13;35.64500;35.78500;35.40000;35.66500;23793600
2023-01-12;36.084999;36.13500;35.76500;35.79500;25797800
2023-01-11;35.75;36.090000;35.74500;36.040001;21371800
2023-01-10;35.64500;35.77000;35.33000;35.75;17215000
2023-01-09;35.49500;36.0099983;35.39000;35.74000;23438800
2023-01-06;35.19500;35.67000;35.14500;35.5;19620400
2023-01-05;35.30000;35.43500;34.69500;34.80000;19572800
2023-01-04;35.41000;35.89000;35.35500;35.57000;20872600
2023-01-03;35.35000;35.47000;34.77000;35.25;25774200
2022-12-30;35.55500;35.61500;34.92000;35.25;14700200
2022-12-29;35.51000;35.79000;35.48500;35.59000;11555200
2022-12-28;35.75500;35.90500;35.28000;35.33500;14431200
2022-12-27;35.53500;35.75;35.31000;35.67500;12211400
2022-12-23;35.029999;35.48000;35.025002;35.45500;11349400
2022-12-22;35.25500;35.25500;34.51500;35.095001;14103800
2022-12-21;35.035000;35.32500;34.92000;35.31000;16484800
2022-12-20;34.79500;35.014999;34.57000;34.82500;15964000
2022-12-19;34.77500;35.15000;34.59000;34.81500;19664600
2022-12-16;35.58000;35.58000;34.80000;35.24000;39263400
2022-12-15;36.15000;36.21000;35.68000;35.85000;26308000
2022-12-14;36.46000;36.84500;36.025002;36.29000;26637400
2022-12-13;36.73500;36.89500;35.94000;36.33500;27388400
2022-12-12;35.60500;36.23500;35.47000;36.22500;22763800
2022-12-09;35.47500;35.72500;35.38000;35.41500;23837200
2022-12-08;35.375;35.73000;35.24500;35.60000;19920000
2022-12-07;35.56500;35.80500;35.24000;35.37000;28297800
2022-12-06;35.26500;35.55500;35.13000;35.53500;25649600
2022-12-05;35.24500;35.45000;35.18000;35.31500;22903000
2022-12-02;35.30500;35.61000;35.16000;35.51500;20708200
2022-12-01;36.064999;36.25500;35.59500;35.68500;30706200
2022-11-30;34.78000;35.79000;34.74500;35.71500;32946400
2022-11-29;34.89000;34.92000;34.64000;34.84500;19004400
2022-11-28;35.22500;35.36000;34.95500;35.10500;18262600
2022-11-25;35.39500;35.58000;35.37000;35.47000;8983000
2022-11-23;34.77500;35.28000;34.77500;35.26500;14333400
2022-11-22;34.74500;35.090000;34.65500;34.875;14904800
2022-11-21;34.37000;34.68000;34.34500;34.58000;22876400
2022-11-18;34.025002;34.46000;34.0099983;34.42500;23483000
2022-11-17;33.93500;34.029999;33.54500;33.71000;23247200
2022-11-16;34.020000;34.48500;34.020000;34.31000;26462200
2022-11-15;33.99000;34.24000;33.59500;34.0050011;27241600
2022-11-14;34.060001;34.24500;33.62000;33.63500;20490600
2022-11-11;34.42500;34.51500;33.71500;34.040001;30624000
2022-11-10;33.86500;34.48500;33.36500;34.42500;35830400
2022-11-09;33;33.25500;32.81000;32.875;25781800
2022-11-08;32.95000;33.34000;32.84500;33.13500;24827800
2022-11-07;33.48000;33.53500;32.38500;32.90500;28592800
2022-11-04;33.41000;33.68000;32.96000;33.54500;24298400
2022-11-03;32.88000;33.63500;32.70000;33.34000;28656400
2022-11-02;33.41000;34.10500;33.18000;33.19500;42680400
2022-11-01;33.59000;33.71500;33.25500;33.52000;21479000
2022-10-31;33.62000;33.76000;33.19000;33.39000;21789600
2022-10-28;32.94000;33.77500;32.89500;33.70500;27185800
2022-10-27;32.78000;33.17500;32.71000;32.80500;24514600
2022-10-26;32.73500;32.90000;32.40500;32.54500;27068800
2022-10-25;32.025002;32.64500;31.95000;32.56000;28403600
2022-10-24;31.82500;32.17000;31.57500;31.92000;20061000
2022-10-21;31.19500;31.89000;30.98000;31.65500;31087200
2022-10-20;31.89500;31.89500;30.93000;31.080000;31037000
2022-10-19;31.88500;32.099998;31.61000;31.88500;25686800
2022-10-18;32.35500;32.48000;31.98500;32.30500;32083800
2022-10-17;31.5;32.025002;31.5;31.72500;28247400
2022-10-14;31.85500;32.084999;30.92000;31.075001;39305800
2022-10-13;30.29500;31.65500;30.17500;31.53000;61429800
2022-10-12;31.77000;31.83000;30.74000;30.76000;41833000
2022-10-11;31.81500;32.23500;31.65000;31.82000;34320000
2022-10-10;31.94500;32.31500;31.89000;31.93500;33035600
2022-10-07;32.46000;32.58000;31.66000;31.88000;42166800
2022-10-06;33.52000;33.57500;32.52000;32.55500;51342000
2022-10-05;33.99000;33.99000;33.29000;33.66500;34411400
2022-10-04;33.95000;34.46000;33.74000;34.43000;33993000
2022-10-03;33.29000;33.90000;33.060001;33.71500;50894000
2022-09-30;33.56000;33.69000;32.68500;32.75500;45553000
2022-09-29;34.61500;34.69500;33.33000;33.40000;40662000
2022-09-28;34.82500;35.0099983;34.37000;34.79500;45882600
2022-09-27;35.24500;35.30000;34.25500;34.42500;38286000
2022-09-26;35.79000;35.83500;34.66500;35.014999;35939000
2022-09-23;35.94500;35.99500;35.42000;35.88000;32420600
2022-09-22;36.40000;36.54500;36.11000;36.30000;34700800
2022-09-21;37.17500;37.42500;36.41500;36.43000;30461200
2022-09-20;37.23500;37.23500;36.66500;36.93500;23408400
2022-09-19;36.87000;37.48500;36.77000;37.48000;21462800
2022-09-16;37.24000;37.52500;37.17000;37.23500;32222400
2022-09-15;38.025002;38.025002;37.28000;37.375;36110000
2022-09-14;38.035000;38.54500;37.99500;38.33000;22297400
2022-09-13;38.66500;38.82500;37.83500;38.020000;35156200
2022-09-12;38.79500;39.11000;38.67500;39.060001;22680600
2022-09-09;38.76500;38.91000;38.42500;38.69000;21181400
2022-09-08;38.42000;38.79000;38.33000;38.53500;25150600
2022-09-07;37.57500;38.62000;37.53500;38.56500;31509800
2022-09-06;37.51000;37.91500;37.30000;37.39500;32900400
2022-09-02;37.80000;38.15500;37.19000;37.30000;25536800
2022-09-01;37.025002;37.76000;37.025002;37.70500;28160000
2022-08-31;37.43500;37.66500;37.15500;37.17000;22012800
2022-08-30;37.96000;37.99000;37.27500;37.41500;20560600
2022-08-29;37.66000;38.25;37.44000;37.97000;22477400
2022-08-26;38.46000;38.59000;37.82000;37.85500;17732400
2022-08-25;38.30000;38.44500;38.0099983;38.44500;14601800
2022-08-24;38.040001;38.26000;37.94500;38.21000;15002200
2022-08-23;38.25;38.33500;37.93500;38.090000;15747000
2022-08-22;38.66500;38.73500;38.22000;38.32000;26453000
2022-08-19;38.82000;39.025002;38.67500;38.85000;17286600
2022-08-18;38.76000;38.99000;38.73500;38.87000;16559000
2022-08-17;38.63000;38.89500;38.60000;38.72500;21286000
2022-08-16;38.59500;38.93000;38.55500;38.79000;15577600
2022-08-15;38.28500;38.72000;38.21500;38.68000;15571000
2022-08-12;38;38.36500;37.92500;38.36000;15798800
2022-08-11;37.80500;38.125;37.63500;37.74500;16048200
2022-08-10;37.75500;37.83500;37.47500;37.75;15778600
2022-08-09;37.28500;37.65500;37.26000;37.58500;16213600
2022-08-08;37.43500;37.61000;36.99500;37.17000;16899000
2022-08-05;37.15000;37.32000;36.76500;37.11500;22050200
2022-08-04;37.19000;37.52000;37.070000;37.25;17328200
2022-08-03;36.88500;37.26000;36.31000;37.17000;21960400
2022-08-02;37.18000;37.39500;36.91000;36.94000;22916600
2022-08-01;36.86000;37.044998;36.625;37.014999;23148800
2022-07-29;36.59000;37.13000;36.58500;36.97500;24547600
2022-07-28;36.014999;36.73500;35.98500;36.66000;29715600
2022-07-27;35.19500;35.48500;35.095001;35.39000;20684200
2022-07-26;35.12000;35.47000;35.080002;35.36000;17934400
2022-07-25;34.66000;35.16000;34.56500;35.15000;17292000
2022-07-22;34.52000;34.85000;34.44000;34.71500;19543000
2022-07-21;34.25;34.26000;33.92500;34.24500;26029400
2022-07-20;34.67500;34.69000;34.11000;34.15500;34085200
2022-07-19;34.62000;34.80500;34.5;34.61500;22715400
2022-07-18;34.80000;34.85000;34.38000;34.39500;15422000
2022-07-15;34.85000;34.93000;34.28000;34.88000;17484200
2022-07-14;34.25500;34.86500;34.17500;34.81500;18925000
2022-07-13;34.63500;35.19000;34.60500;34.81500;38159200
2022-07-12;34.92500;35.40500;34.81500;34.96000;19140800
2022-07-11;34.77500;35.19500;34.69500;35.13000;13232800
2022-07-08;34.99000;35.064999;34.79500;34.91000;12564600
2022-07-07;35.24000;35.35500;34.98500;35.025002;16799400
2022-07-06;34.87000;35.38000;34.59500;35.060001;28518200
2022-07-05;35.84500;35.87000;34.15500;34.70000;44053600
2022-07-01;35.24500;35.98500;35.10500;35.92500;34255800
2022-06-30;34.46500;35.32500;34.42000;35.064999;37737800
2022-06-29;34.71000;34.81500;34.46000;34.68000;30329400
2022-06-28;34.90000;35.17000;34.61000;34.65500;26371800
2022-06-27;34.43000;34.86500;34.29500;34.78500;23276800
2022-06-24;34.095001;34.57500;33.96000;34.50500;30075200
2022-06-23;33.33000;33.97500;33.28500;33.91500;41140200
2022-06-22;32.61500;33.38000;32.60500;33.13500;28582200
2022-06-21;32.29000;32.97000;32.21000;32.79000;37266400
2022-06-17;32.79000;33.020000;32.16500;32.43500;43129400
2022-06-16;32.97000;32.97000;32.48000;32.74000;48754400
2022-06-15;33.46500;33.89500;32.98000;33.38500;51664800
2022-06-14;34.070000;34.19500;32.79500;33.17000;51342600
2022-06-13;35.21500;35.29500;33.86000;34.029999;52721400
2022-06-10;35.59000;35.99000;35.37000;35.67000;32800600
2022-06-09;36.81000;36.98500;35.92000;35.94500;25767600
2022-06-08;37.40000;37.40000;36.77500;36.83000;19971400
2022-06-07;37.24500;37.60000;37.014999;37.56500;19820000
2022-06-06;37.51000;37.63000;37.29500;37.34000;20345800
2022-06-03;37.20000;37.40500;37.10500;37.17500;17691200
2022-06-02;37.28500;37.39000;36.53000;37.35500;25038200
2022-06-01;37.30000;37.30000;36.76500;37.10500;22422200
2022-05-31;37.33500;37.47500;37.0050011;37.16500;31041000
2022-05-27;37.075001;37.68500;36.91500;37.68500;23241200
2022-05-26;37.23000;37.375;37.075001;37.10500;23290000
2022-05-25;37.064999;37.12000;36.76000;37;27723800
2022-05-24;36.37000;37.095001;36.095001;37.025002;32311400
2022-05-23;36.28000;36.46500;35.94000;36.30000;27082200
2022-05-20;35.86500;35.97000;35.375;35.87000;31358000
2022-05-19;35.68000;35.93000;35.26500;35.77000;36552200
2022-05-18;36.25500;36.33000;35.75;35.84500;37456600
2022-05-17;35.99500;36.20000;35.44000;36.19500;29901800
2022-05-16;35.73000;35.98000;35.58000;35.82500;23213600
2022-05-13;35.60500;35.77000;35.14500;35.71500;30208800
2022-05-12;35.61500;35.70500;34.92000;35.29500;49892000
2022-05-11;35.375;36.25;35.34500;35.65500;72101800
2022-05-10;35.88500;36.375;34.98000;35.40000;65578400
2022-05-09;35.88500;36.20000;35.53500;35.83500;51419400
2022-05-06;35.61000;36.22000;35.60000;36.10500;55359800
2022-05-05;35.95000;36.25;35.5;35.82000;54849200
2022-05-04;35.62000;36.25500;35.47000;36.19000;56580200
2022-05-03;35.39500;35.98000;35.23500;35.40000;42152800
2022-05-02;35.80000;35.96500;34.82000;35.26500;65832200
2022-04-29;36.57000;36.63500;35.57500;35.63000;54338200
2022-04-28;36.5;36.86000;36.31000;36.73000;39902600
2022-04-27;36.52500;36.86500;36.20500;36.32500;49067800
2022-04-26;36.74000;37.19500;36.48500;36.5;41106200
2022-04-25;37.25500;37.27500;36.26000;36.87000;59671800
2022-04-22;37.71000;37.75;37.099998;37.125;54683400
2022-04-21;38.27000;38.38000;37.73000;37.76000;36817000
2022-04-20;38.49000;38.58500;38.28000;38.39500;36652400
2022-04-19;37.95000;38.16000;37.84000;38.084999;33030400
2022-04-18;38.090000;38.30500;37.66000;37.84000;29878000
2022-04-14;38.099998;38.30000;37.99000;38.044998;28427000
2022-04-13;38.10500;38.20500;37.77500;38.025002;35313000
2022-04-12;37.85000;38.30000;37.71500;38.099998;45313800
2022-04-11;38.50500;38.55500;37.90000;37.95500;46335800
2022-04-08;38.49000;38.61500;38.15500;38.48000;34388600
2022-04-07;38.43000;38.44500;38;38.35000;42033800
2022-04-06;37.81500;38.47000;37.64500;38.44500;56489200
2022-04-05;37.47500;38.125;37.47000;37.69500;38140600
2022-04-04;37.59500;37.59500;37.075001;37.46000;28391000
2022-04-01;37.20000;37.77500;36.98000;37.75;38013800
2022-03-31;37.24500;37.57000;37.21000;37.23000;35701200
2022-03-30;37;37.28000;36.89000;37.27000;35229200
2022-03-29;36.61000;36.96500;36.54500;36.96500;38114600
2022-03-28;36.42500;36.625;36.21000;36.625;30959800
2022-03-25;36;36.40500;35.91500;36.39000;28922000
2022-03-24;35.58000;35.91500;35.51000;35.87000;26591400
2022-03-23;35.42000;35.71000;35.24500;35.50500;27990000
2022-03-22;35.54000;35.54000;35.17500;35.45500;29286400
2022-03-21;35.22000;35.57000;35.21000;35.40500;36294400
2022-03-18;35.71000;35.87000;35.32500;35.40500;37038000
2022-03-17;35.58000;35.96500;35.51000;35.71000;31830000
2022-03-16;35.58000;35.73500;35.055000;35.56000;40011800
2022-03-15;35.51500;35.70000;35.31000;35.625;29004400
2022-03-14;35.44000;35.62000;34.99500;35.17500;41004600
2022-03-11;35.39000;35.625;35.18000;35.21500;24988400
2022-03-10;34.83500;35.40500;34.81000;35.33500;34039800
2022-03-09;35.60500;35.65500;35.035000;35.099998;50953800
2022-03-08;36;36.18500;35.33500;35.35000;53129800
2022-03-07;35.52500;35.98500;35.22500;35.90500;61944000
2022-03-04;34.59000;35.47500;34.52000;35.44500;48683600
2022-03-03;34.21500;34.85000;34.18500;34.68000;41471200
2022-03-02;33.68500;34.20500;33.66500;34.080002;29259800
2022-03-01;33.89500;34.19000;33.41500;33.67000;33464600
2022-02-28;33.58500;34.014999;33.54500;33.96500;36705200
2022-02-25;33.064999;33.83000;32.99000;33.79000;42528000
2022-02-24;32.30500;32.84000;32.14000;32.77500;57320000
2022-02-23;33.13500;33.23500;32.48000;32.51500;34583600
2022-02-22;33.23000;33.31000;32.85000;33.075001;34421400
2022-02-18;33.060001;33.38500;32.96000;33.11000;33686800
2022-02-17;33;33.33000;32.76500;33.17000;29159800
2022-02-16;33.12000;33.29000;32.82500;33.15000;32184600
2022-02-15;33.43500;33.56500;32.92500;33.075001;34174400
2022-02-14;33.625;33.68000;32.91000;33.23000;37112200
2022-02-11;33.64000;33.89000;33.37000;33.51500;36059800
2022-02-10;34.025002;34.19000;33.42500;33.49500;45060000
2022-02-09;34.46000;34.54000;34.26000;34.36500;35231800
2022-02-08;34.33000;34.44000;34.13000;34.21500;38853200
2022-02-07;34.18000;34.33000;33.98000;34.19000;27543600
2022-02-04;34.21500;34.54500;33.89500;34.24000;37029200
2022-02-03;34.57000;34.73000;34.42000;34.51500;34289800
2022-02-02;34.14000;34.72000;34.080002;34.67000;45723800
2022-02-01;34.53000;34.71500;33.84500;34.16500;41020200
2022-01-31;33.78000;34.65500;33.71000;34.625;52580000
2022-01-28;33.48500;34.0099983;33.23000;33.98000;50050400
2022-01-27;33.59000;33.99500;33.41000;33.57500;44982000
2022-01-26;33.62000;33.98500;33.095001;33.28000;49234200
2022-01-25;33.56000;33.96000;33.40000;33.55500;52218600
2022-01-24;34.38000;34.49000;33.21500;34.090000;57602000
2022-01-21;34.65500;34.83500;34.35500;34.42000;48542600
2022-01-20;34.54500;34.98500;34.44500;34.48500;29529600
2022-01-19;34.29500;34.74500;34.28500;34.44000;32051200
2022-01-18;34.44500;34.50500;34.014999;34.28500;35534800
2022-01-14;34.94000;35.0050011;34.52500;34.70000;32547200
2022-01-13;34.75500;35.075001;34.73500;34.94000;33949000
2022-01-12;34.55000;34.86000;34.45000;34.77000;28113600
2022-01-11;34.94500;35.075001;34.43000;34.66000;33653800
2022-01-10;35.17500;35.22500;34.80500;34.97500;31169800
2022-01-07;34.86500;35.375;34.65000;35.20500;39272000
2022-01-06;35.30500;35.45000;34.90000;34.94000;36259600
2022-01-05;35.30000;35.70500;35.27000;35.30500;44486400
2022-01-04;35.43500;35.78000;35.31500;35.32500;29321800
2022-01-03;35.77500;35.78500;35.029999;35.43500;43299600
2021-12-31;35.59000;35.91500;35.52000;35.79000;18618800
2021-12-30;35.63000;35.70000;35.40500;35.66500;18672400
2021-12-29;35.38500;35.59000;35.32500;35.53500;13755400
2021-12-28;35.080002;35.35500;35.055000;35.34500;16104000
2021-12-27;34.875;35.029999;34.77000;35.029999;15707400
2021-12-23;34.88500;35.040001;34.82500;34.86000;14505400
2021-12-22;34.66000;34.91500;34.61000;34.86500;18967800
2021-12-21;34.875;35.10500;34.53000;34.71500;32355800
2021-12-20;34.40000;34.80000;34.12000;34.76500;30091200
2021-12-17;35.40500;35.58000;34.93000;35.0050011;43674000
2021-12-16;35.32500;35.75500;35.29500;35.54000;30209200
2021-12-15;34.75;35.39000;34.75;35.36000;45364600
2021-12-14;34.99500;35.064999;34.625;34.79000;35005000
2021-12-13;34.54000;35.17000;34.54000;35;27500000
2021-12-10;34.53000;34.74000;34.39500;34.57500;23403600
2021-12-09;34.51500;34.58500;34.15500;34.39000;23783400
2021-12-08;34.5;34.66500;34.25;34.43500;25994400
2021-12-07;34.22000;34.55500;34.13000;34.47000;21789000
2021-12-06;33.92000;34.57000;33.90500;34.21500;47222000
2021-12-03;33.53000;33.71000;33.040001;33.70000;42771400
2021-12-02;33.025002;33.67500;33.025002;33.36500;35050200
2021-12-01;33.10500;33.74000;32.92500;32.94500;46024600
2021-11-30;33.71500;33.72000;32.85500;32.88500;48623000
2021-11-29;33.64000;33.97000;33.37000;33.875;22821800
2021-11-26;33.67000;33.89000;33.29500;33.38000;21854600
2021-11-24;33.875;33.98000;33.70000;33.91000;15931600
2021-11-23;33.85000;34.090000;33.68500;33.89000;19036400
2021-11-22;33.625;34.035000;33.53500;33.85500;23154000
2021-11-19;33.50500;33.72500;33.41500;33.65000;20606000
2021-11-18;33.58000;33.64500;33.34500;33.46000;15305000
2021-11-17;33.52500;33.68500;33.35500;33.63500;19001800
2021-11-16;33.78000;33.84500;33.58500;33.60500;13213400
2021-11-15;33.47000;33.78000;33.40000;33.76500;19003800
2021-11-12;33.33500;33.41500;33.18000;33.32500;18179000
2021-11-11;33.53000;33.54500;33.17000;33.34500;15747400
2021-11-10;33.30500;33.58000;33.28500;33.55000;25833200
2021-11-09;33.17000;33.375;33.064999;33.28000;16489400
2021-11-08;33.65000;33.65500;32.95000;33.11000;19670200
2021-11-05;33.40500;33.75500;33.37000;33.61000;21584400
2021-11-04;33.43000;33.5;32.95000;33.29500;32183000
2021-11-03;33.55000;33.68000;33.21000;33.48000;20992200
2021-11-02;33.70000;33.76500;33.36500;33.60500;19864800
2021-11-01;33.44500;33.66000;33.34000;33.57500;16182800
2021-10-29;33.64500;33.78500;33.29000;33.45500;26666800
2021-10-28;33.40500;33.66000;33.36500;33.65500;15443600
2021-10-27;33.74000;33.82500;33.40000;33.43500;22263600
2021-10-26;33.51000;33.92000;33.45500;33.66000;19391400
2021-10-25;33.57500;33.68500;33.40000;33.48000;15160200
2021-10-22;33.54500;33.68500;33.47000;33.625;21399800
2021-10-21;33.47500;33.59000;33.41000;33.45500;17372800
2021-10-20;33.070000;33.58500;33.035000;33.45500;27799600
2021-10-19;32.77500;32.98000;32.68500;32.93500;21413600
2021-10-18;32.62000;32.70500;32.35000;32.52500;20702000
2021-10-15;32.98500;33.099998;32.78500;32.84000;29602400
2021-10-14;32.64500;33;32.56500;32.93500;21398000
2021-10-13;32.17000;32.56000;32;32.53500;26205400
2021-10-12;31.99000;32.25500;31.90500;32.16000;20996000
2021-10-11;32.25;32.31500;31.90000;31.94500;25420200
2021-10-08;32.62000;32.68500;32.36000;32.38500;17795800
2021-10-07;32.86000;33.12000;32.59000;32.625;27540200
2021-10-06;32.20000;32.82500;32.0099983;32.80000;33152400
2021-10-05;32.42000;32.53500;32.26000;32.30000;26130400
2021-10-04;31.90500;32.47000;31.89000;32.38000;40402600
2021-10-01;32.13500;32.19500;31.83000;31.94000;29001200
2021-09-30;32.31500;32.33500;31.89500;31.94000;27142600
2021-09-29;31.875;32.42000;31.79000;32.19500;30867600
2021-09-28;32.15500;32.20500;31.68500;31.78000;40471600
2021-09-27;32.51500;32.84500;32.14000;32.18500;21783400
2021-09-24;32.60000;32.81500;32.49000;32.57000;23660200
2021-09-23;32.78000;33.025002;32.57500;32.60500;19333200
2021-09-22;32.92000;33.044998;32.65500;32.78000;24787600
2021-09-21;32.98500;33.21000;32.78000;32.80000;26417600
2021-09-20;32.88000;33.18000;32.53000;32.89000;45678600
2021-09-17;33.65000;33.83000;33.17000;33.20000;25108000
2021-09-16;34;34.14000;33.67000;33.72000;31464000
2021-09-15;34;34.23000;33.81500;34.0050011;19812800
2021-09-14;34.27500;34.38500;33.96500;34.049999;28103200
2021-09-13;34.51500;34.55500;34.064999;34.16500;26236400
2021-09-10;34.68500;34.72500;34.21500;34.22500;24654400
2021-09-09;34.79000;34.91500;34.68000;34.71000;16355000
2021-09-08;34.26500;34.99500;34.18500;34.90000;29176200
2021-09-07;34.71500;34.72000;34.22500;34.28500;26290200
2021-09-03;34.93000;34.98000;34.66000;34.74500;18942000
2021-09-02;34.79500;35.035000;34.76000;35.035000;20598800
2021-09-01;34.36500;34.83500;34.32000;34.72000;26667400
2021-08-31;34.29500;34.46500;34.125;34.27000;22580200
2021-08-30;34.25;34.41000;34.13500;34.31000;23691400
2021-08-27;34.30500;34.41500;34.19500;34.26000;21005000
2021-08-26;34.35500;34.37000;34.19500;34.27000;16631800
2021-08-25;34.28500;34.46500;34.090000;34.35500;16329800
2021-08-24;34.5;34.53000;34.060001;34.29000;25331000
2021-08-23;34.94000;34.95000;34.45000;34.51500;21830800
2021-08-20;34.47500;34.99000;34.29500;34.96500;23581600
2021-08-19;34.41000;34.81500;34.375;34.53500;27723000
2021-08-18;34.56500;34.64000;34.28000;34.39500;31411200
2021-08-17;34.45500;34.57500;34.22500;34.57000;23037200
2021-08-16;34.34000;34.79500;34.30500;34.55000;25796600
2021-08-13;34.17000;34.38000;34.099998;34.34000;23580800
2021-08-12;34.0050011;34.22000;33.99000;34.099998;18920200
2021-08-11;33.82500;34.22000;33.82500;34.064999;18488800
2021-08-10;33.74500;33.86500;33.59500;33.75;15834200
2021-08-09;33.75;33.84000;33.53000;33.71500;16865200
2021-08-06;33.71000;33.97000;33.63000;33.72500;20000800
2021-08-05;33.42500;33.79000;33.34000;33.74500;31790800
2021-08-04;33.29500;33.42000;32.96500;33.38000;32378000
2021-08-03;33.29000;33.58500;33.13500;33.43000;25994400
2021-08-02;33.060001;33.36000;33.020000;33.24000;23564200
2021-07-30;33.24500;33.52500;32.91000;32.98500;25265200
2021-07-29;33.23500;33.36000;33.075001;33.26500;30247800
2021-07-28;33.41500;33.47500;32.93000;33.17500;24948200
2021-07-27;32.84000;33.48500;32.65000;33.43000;34285800
2021-07-26;32.79000;32.96500;32.63500;32.86500;17936800
2021-07-23;32.52000;32.88500;32.46000;32.85500;16216800
2021-07-22;32.42500;32.58500;32.33500;32.44000;22875400
2021-07-21;32.77000;32.84500;32.36500;32.39000;22456800
2021-07-20;32.64000;33.080002;32.64000;32.75;33779200
2021-07-19;33;33.26500;32.24000;32.61000;45585000
2021-07-16;32.84000;33.30500;32.80500;33.13500;33106600
2021-07-15;32.33000;32.83000;32.32000;32.80500;28574600
2021-07-14;32.17000;32.58000;32.020000;32.44000;20720000
2021-07-13;32.35000;32.45500;32.044998;32.16000;22493200
2021-07-12;32.26500;32.43000;32.11000;32.40500;17323000
2021-07-09;32.30500;32.39000;32.035000;32.30000;21484200
2021-07-08;32.17500;32.45500;32.125;32.26000;20513000
2021-07-07;32.16000;32.36000;31.98000;32.35500;24199200
2021-07-06;32.0050011;32.16500;31.64000;32.14500;18156400
2021-07-02;32.044998;32.044998;31.85000;32.0099983;18629400
2021-07-01;31.67500;32.070000;31.55000;31.96000;22993200
2021-06-30;31.65000;31.77000;31.49500;31.61500;19077400
2021-06-29;32.095001;32.28500;31.58000;31.67500;24688000
2021-06-28;32.12000;32.35500;32.075001;32.19500;16735200
2021-06-25;31.66500;32.014999;31.63000;31.99000;18273600
2021-06-24;31.72000;31.73000;31.51000;31.65000;15215800
2021-06-23;32;32;31.58500;31.68000;25666400
2021-06-22;32.21500;32.31000;32.0050011;32.020000;16608600
2021-06-21;31.90500;32.29500;31.72500;32.21500;27886600
2021-06-18;32.71500;32.74000;32;32.049999;36079800
2021-06-17;32.70000;33.084999;32.60500;32.90500;25708800
2021-06-16;33.31000;33.43000;32.71000;32.72500;46277600
2021-06-15;33.16500;33.40500;33.070000;33.22500;32781000
2021-06-14;33.060001;33.21000;32.92500;33.125;13733000
2021-06-11;32.98000;33.080002;32.82500;33.055000;18198400
2021-06-10;32.79000;33.014999;32.71000;32.98000;16654400
2021-06-09;32.55500;32.82500;32.48500;32.76500;18760800
2021-06-08;32.82500;32.85000;32.33500;32.47500;18363600
2021-06-07;32.72500;32.80500;32.67000;32.75500;13822400
2021-06-04;32.83000;32.88000;32.65500;32.69500;14469600
2021-06-03;32.40000;32.85000;32.29000;32.74500;23707200
2021-06-02;32.43000;32.73000;32.30000;32.55000;20491400
2021-06-01;32.65500;32.73000;32.30500;32.38000;22052200
2021-05-28;32.60000;32.70000;32.48000;32.58000;19565000
2021-05-27;32.74000;32.74000;32.39500;32.40500;16996200
2021-05-26;32.64000;32.76500;32.53000;32.625;16841600
2021-05-25;33.055000;33.055000;32.54500;32.62000;20427400
2021-05-24;33.24000;33.29500;33;33.020000;19343000
2021-05-21;32.99000;33.20500;32.84500;33.080002;20487800
2021-05-20;32.68500;33.11000;32.67500;32.91000;25679600
2021-05-19;32.52500;32.65500;32.24500;32.625;26238000
2021-05-18;32.61500;32.79000;32.53000;32.68000;19532400
2021-05-17;32.94000;33.13000;32.63500;32.68500;25124000
2021-05-14;32.875;33.16500;32.875;32.95500;18910600
2021-05-13;32.21000;32.99000;32.18500;32.79500;28222800
2021-05-12;32.91000;32.91000;32.16000;32.17500;29553800
2021-05-11;33.32000;33.36500;32.71500;32.94500;28210000
2021-05-10;33.090000;33.69000;33.090000;33.35500;26442000
2021-05-07;32.90000;33.27000;32.89000;33.020000;18110800
2021-05-06;32.76000;32.95000;32.54000;32.92000;23305400
2021-05-05;33.23000;33.23000;32.48500;32.67000;23562800
2021-05-04;33.32000;33.38000;33.0099983;33.23000;23445600
2021-05-03;33.43500;33.66500;33.30000;33.35500;21544000
2021-04-30;33.17000;33.37000;32.97000;33.36000;20484600
2021-04-29;32.80000;33.12000;32.80000;33.099998;19223600
2021-04-28;32.86000;32.95000;32.64500;32.80000;15158200
2021-04-27;33.049999;33.064999;32.79000;32.84500;20942000
2021-04-26;33.30500;33.32500;33;33.099998;12578400
2021-04-23;33.35000;33.46000;33.20500;33.29000;16881600
2021-04-22;33.55000;33.66500;33.30500;33.33500;17983600
2021-04-21;33.89500;34.025002;33.45000;33.57500;19230200
2021-04-20;33.43500;33.94500;33.41500;33.86000;29548800
2021-04-19;33.625;33.68000;33.35500;33.43500;21503400
2021-04-16;33.46000;33.73500;33.39000;33.60500;22376000
2021-04-15;32.97500;33.35000;32.95500;33.33500;23863400
2021-04-14;32.74500;32.97000;32.66000;32.97000;15125400
2021-04-13;32.31000;32.88500;32.25;32.82500;18250800
2021-04-12;32.41500;32.67000;32.33000;32.44000;14201400
2021-04-09;32.47500;32.61000;32.34500;32.41000;15751200
2021-04-08;32.55500;32.65500;32.375;32.44500;19909800
2021-04-07;32.48500;32.64500;32.30500;32.47000;15798400
2021-04-06;32.30500;32.51500;32.070000;32.51000;17258600
2021-04-05;32.10500;32.54500;32.075001;32.34000;29288200
2021-04-01;31.97000;32.044998;31.77500;31.99000;21046600
2021-03-31;31.80000;32.080002;31.73500;32.020000;22259200
2021-03-30;31.97500;31.97500;31.55000;31.78500;22111200
2021-03-29;31.67000;32.22500;31.65500;32.075001;32775600
2021-03-26;31.625;31.76500;31.32000;31.73500;20770200
2021-03-25;31.39500;31.73500;31.25500;31.63000;28309600
2021-03-24;31.18500;31.52000;31.075001;31.29500;22058400
2021-03-23;30.81500;31.40500;30.75;31.28500;26117200
2021-03-22;30.80000;30.96500;30.60500;30.82500;25641000
2021-03-19;31.025000;31.37000;30.69500;31.10000;38712600
2021-03-18;31.10000;31.22500;30.80000;31.014999;29627600
2021-03-17;31.62000;31.625;31.10000;31.13000;34407000
2021-03-16;31.53000;31.72500;31.44500;31.64500;29243400
2021-03-15;31.25;31.68500;31.25;31.60500;24417200
2021-03-12;30.92500;31.30000;30.78000;31.20500;20043800
2021-03-11;30.81500;31.18000;30.77500;30.79000;17168800
2021-03-10;30.65000;30.96500;30.56500;30.87000;27421200
2021-03-09;30.42500;30.76000;30.38500;30.66000;22224400
2021-03-08;29.92500;30.52500;29.84500;30.26000;38423800
2021-03-05;29.48500;29.98000;29.22500;29.84000;33606600
2021-03-04;29.40500;29.91000;29.20000;29.36000;44172600
2021-03-03;29.69000;29.69000;29.13500;29.38500;45849800
2021-03-02;29.87000;29.95000;29.57000;29.73500;29306200
2021-03-01;29.55000;30.16000;29.54500;29.82500;31427400
2021-02-26;29.83000;30.014999;29.17000;29.18000;38014800
2021-02-25;29.94000;30.084999;29.58500;29.73000;31360400
2021-02-24;30.28000;30.33500;29.97000;30;23673600
2021-02-23;30.22500;30.46000;30.070000;30.35500;26213200
2021-02-22;30.62000;30.65500;29.82000;30.10500;35602800
2021-02-19;31.17500;31.19000;30.68000;30.70500;17935400
2021-02-18;30.93500;31.30500;30.93500;31.17000;15419600
2021-02-17;30.99500;31.040001;30.77500;30.98500;20358200
2021-02-16;31.27500;31.31500;30.91500;30.96000;31723200
2021-02-12;31.44500;31.59000;31.14500;31.31000;20216000
2021-02-11;31.70500;31.81000;31.49000;31.54000;17422600
2021-02-10;31.78000;31.85000;31.50500;31.72000;19621200
2021-02-09;31.60500;31.71000;31.33500;31.59500;12386800
2021-02-08;31.86500;31.875;31.43000;31.55000;21531400
2021-02-05;31.76500;31.97000;31.63500;31.79500;11920000
2021-02-04;31.36500;31.67000;31.27500;31.625;22702200
2021-02-03;31.44500;31.59000;31.31000;31.38000;16266800
2021-02-02;31.33000;31.96500;31.20000;31.48000;28698600
2021-02-01;31.27500;31.50500;30.96500;31.22500;16109400
2021-01-29;31.084999;31.39000;30.88000;31.075001;27760600
2021-01-28;30.98000;31.72000;30.90000;31.24500;25465800
2021-01-27;31.47500;31.71000;30.73500;30.875;39287400
2021-01-26;32.0050011;32.040001;31.60000;31.73000;19473600
2021-01-25;31.31000;32.095001;31.27500;32.049999;37848600
2021-01-22;31.28500;31.52500;31.16500;31.42000;18760000
2021-01-21;31.48500;31.55000;31.32000;31.375;13975600
2021-01-20;31.36500;31.70000;31.18000;31.56000;44796200
2021-01-19;31.66500;31.69500;31.33000;31.375;18993200
2021-01-15;31.125;31.59000;31.010000;31.49500;27564800
2021-01-14;31.32000;31.34500;31.010000;31.19000;26067000
2021-01-13;30.80500;31.41000;30.75;31.31000;26687400
2021-01-12;30.82500;30.93000;30.34000;30.71000;24619000
2021-01-11;31.049999;31.17500;30.64500;30.875;16657200
2021-01-08;30.94500;31.23000;30.89000;31.16500;26930600
2021-01-07;31.48500;31.54500;30.875;30.90500;24758800
2021-01-06;30.73000;31.52000;30.66000;31.31500;35961800
2021-01-05;30.625;30.71500;30.30500;30.55500;16666600
2021-01-04;31.40500;31.40500;30.38500;30.56000;25260600
2020-12-31;30.89500;31.39500;30.81500;31.35000;18184000
2020-12-30;30.75500;30.99000;30.70500;30.89000;11847200
2020-12-29;30.81500;30.96000;30.65000;30.73500;15165000
2020-12-28;30.76500;30.94000;30.625;30.74000;11739000
2020-12-24;30.45500;30.62000;30.29000;30.60500;7272400
2020-12-23;30.59500;30.83500;30.38500;30.39000;11543400
2020-12-22;30.5;30.58000;30.36000;30.45000;24177000
2020-12-21;30.64000;30.64000;30.16000;30.51000;27915400
2020-12-18;31.42000;31.53500;30.99500;31.14500;20877400
2020-12-17;31.31500;31.64500;31.31000;31.41500;25389800
2020-12-16;31.63000;31.79000;31.16500;31.20500;24312800
2020-12-15;31.10500;31.65000;30.95000;31.57000;22357200
2020-12-14;31.34000;31.60000;30.93000;30.96000;27208800
2020-12-11;30.94000;31.16000;30.91000;31.12000;13351400
2020-12-10;31.21500;31.31500;30.92500;31.070000;21602800
2020-12-09;31.31000;31.36000;31.020000;31.23000;22969800
2020-12-08;31.17500;31.49000;31.045000;31.28500;21005400
2020-12-07;31.10000;31.53500;31.094999;31.38000;17391400
2020-12-04;31.55000;31.625;31.030001;31.20500;21005000
2020-12-03;31.80000;31.83000;31.43500;31.52000;18753600
2020-12-02;31.49000;31.86500;31.29000;31.85000;24397600
2020-12-01;31.65500;32.084999;31.62000;31.64000;30174800
2020-11-30;31.79000;31.81000;31.29500;31.42000;26889400
2020-11-27;32.19000;32.22000;31.75;31.88000;12073200
2020-11-25;32.075001;32.21000;31.79500;32.20000;22985200
2020-11-24;32.029999;32.19500;31.87000;32.11500;21807000
2020-11-23;31.89500;31.95500;31.63000;31.77500;16930600
2020-11-20;31.71000;31.99000;31.61000;31.77000;18632200
2020-11-19;32.049999;32.075001;31.54000;31.76500;26996200
2020-11-18;32.89500;32.93500;32.075001;32.084999;25581400
2020-11-17;33.16500;33.32500;32.67500;32.72500;16811200
2020-11-16;33.45500;33.47500;32.98500;33.38000;27375000
2020-11-13;32.88000;33.13500;32.82000;33.044998;26324800
2020-11-12;33.060001;33.13500;32.46500;32.72000;53020200
2020-11-11;33.30000;33.55000;33.125;33.25500;19459000
2020-11-10;32.83500;33.22500;32.70000;33.13000;31172000
2020-11-09;32.99500;33.96500;32.63000;32.66000;46072200
2020-11-06;32.15500;32.44000;31.98000;32.064999;18955400
2020-11-05;32.18500;32.72000;32.11000;32.13500;31525200
2020-11-04;32.14500;32.64500;31.81500;31.85000;36662200
2020-11-03;32.27500;32.68500;32.14500;32.33500;30157400
2020-11-02;31.61500;31.92000;31.30000;31.875;29911800
2020-10-30;31.31000;31.50500;30.89000;31.19000;34824600
2020-10-29;31.28500;31.87000;30.88000;31.48500;29847800
2020-10-28;31.89000;32.30000;31.33500;31.40000;34026600
2020-10-27;32.42500;32.67000;32.18500;32.34000;19601800
2020-10-26;32.125;32.42500;31.91500;32.36500;20763200
2020-10-23;32.44500;32.5;32.19500;32.375;14485000
2020-10-22;31.88000;32.34000;31.79000;32.28500;15212000
2020-10-21;31.85000;32.044998;31.74500;31.83500;14200000
2020-10-20;31.86000;32.095001;31.74000;31.92000;24979400
2020-10-19;31.98500;32.15500;31.64000;31.73000;26603000
2020-10-16;31.70000;32.12000;31.66500;32;16081000
2020-10-15;31.38000;31.83500;31.30000;31.66000;19124000
2020-10-14;31.76000;31.89500;31.51500;31.68000;22338800
2020-10-13;31.72000;31.80500;31.36500;31.72000;20210400
2020-10-12;31.76000;32.15500;31.68000;31.94000;14970200
2020-10-09;31.92000;31.93500;31.52500;31.74000;17091200
2020-10-08;31.31000;31.79500;31.29000;31.74500;27235600
2020-10-07;31.14500;31.30500;30.94500;31.17500;24403600
2020-10-06;30.74500;31.33500;30.61000;30.98500;32776800
2020-10-05;30.42500;30.81000;30.22000;30.72500;22076800
2020-10-02;29.75;30.5;29.68500;30.34500;33890000
2020-10-01;29.76500;30.065001;29.70500;29.99000;26142000
2020-09-30;29.61000;29.83500;29.44000;29.69000;24208200
2020-09-29;29.52500;29.72500;29.29000;29.42500;18435800
2020-09-28;29.49000;29.73000;29.38500;29.43500;20359600
2020-09-25;28.76000;29.39000;28.65500;29.36000;22576000
2020-09-24;28.53500;29.090000;28.36000;28.88500;31328200
2020-09-23;29.045000;29.094999;28.54000;28.56500;21576400
2020-09-22;28.84500;29.20500;28.82500;29.010000;21247400
2020-09-21;28.80000;28.96500;28.45500;28.83000;30371200
2020-09-18;29.78000;29.80000;29.19500;29.26000;31969600
2020-09-17;29.84000;29.95000;29.55000;29.78500;22775400
2020-09-16;29.96500;30.24000;29.83500;30.030001;23082200
2020-09-15;30.17500;30.51500;29.91000;30.070000;23342600
2020-09-14;29.61000;30.025000;29.58000;29.87000;20927200
2020-09-11;29.46000;29.56000;29.23500;29.46500;25332600
2020-09-10;29.79500;29.83000;29.36000;29.39500;36280400
2020-09-09;29.74000;30.29500;29.71000;29.91000;30869400
2020-09-08;29.71500;29.75;29.24000;29.52000;28990800
2020-09-04;29.91500;30.084999;29.30000;29.68500;35792200
2020-09-03;30.20500;30.52000;29.57500;29.85500;38871400
2020-09-02;29.35000;30.33000;29.23000;30.19500;37298400
2020-09-01;29.53000;29.55000;29.17000;29.28500;26620400
2020-08-31;29.49000;29.80500;29.48500;29.625;19975600
2020-08-28;29.51000;29.56500;29.23000;29.53500;16995800
2020-08-27;29.44000;29.66000;29.27000;29.45000;38907200
2020-08-26;29.58000;29.60000;29.24500;29.35500;23329800
2020-08-25;30.025000;30.030001;29.58500;29.68500;23573200
2020-08-24;29.79500;29.98000;29.52000;29.97000;14985800
2020-08-21;29.68500;29.76500;29.41000;29.71000;18933400
2020-08-20;29.80500;29.95500;29.58000;29.66000;25932000
2020-08-19;30.090000;30.10500;29.86500;29.92500;18042800
2020-08-18;30.13000;30.25;29.86000;30.014999;24294600
2020-08-17;30.21500;30.41500;30.035000;30.15000;19020400
2020-08-14;30.39000;30.43000;30.11000;30.19000;17336600
2020-08-13;30.38000;30.52000;30.22000;30.45500;31627200
2020-08-12;30.16000;30.71000;30.15000;30.50500;34570600
2020-08-11;30.77000;30.83000;29.99000;30.070000;50996000
2020-08-10;30.84500;30.97500;30.63500;30.73500;21208600
2020-08-07;30.080000;30.86500;30.075001;30.74500;30942200
2020-08-06;29.99500;30.25;29.84000;30.20000;27576000
2020-08-05;30.48000;30.5;29.90500;30.025000;23658600
2020-08-04;30.065001;30.55000;29.99000;30.41500;41663600
2020-08-03;30.39500;30.40000;29.92500;30.084999;19303800
2020-07-31;30.28500;30.49500;29.99000;30.41500;24228000
2020-07-30;30.14500;30.37000;29.99500;30.36500;25475800
2020-07-29;30.28000;30.44500;30.14000;30.36500;18205600
2020-07-28;29.70000;30.48000;29.67500;30.22500;37792000
2020-07-27;30.15000;30.17000;29.56000;29.77500;22638600
2020-07-24;30.40000;30.71000;29.97000;30.14000;35397000
2020-07-23;30.29500;30.55500;30.16000;30.34000;38277400
2020-07-22;29.71000;30.41500;29.42000;30.30500;29694200
2020-07-21;29.78500;30.19000;29.69000;29.84500;30216000
2020-07-20;30;30.084999;29.66000;29.71000;24255200
2020-07-17;29.60000;30.18500;29.57500;30.10500;45901600
2020-07-16;29.094999;29.52000;29.020000;29.44000;30126400
2020-07-15;29.46000;29.67500;29.014999;29.070000;26940400
2020-07-14;28.92000;29.35500;28.88500;29.18500;67894200
2020-07-13;28.88500;29.20000;28.78000;28.91500;35531600
2020-07-10;28.35000;28.96500;28.34000;28.88500;27166400
2020-07-09;28.59500;28.61000;27.95500;28.35000;35750400
2020-07-08;28.43500;28.83000;28.38000;28.73500;24359400
2020-07-07;28.28000;28.58500;28.14500;28.48000;22681000
2020-07-06;29.055000;29.24500;28.36000;28.59500;30775400
2020-07-02;29.080000;29.26000;28.875;28.95000;24295200
2020-07-01;28.24000;29;28.19000;28.875;39777400
2020-06-30;28.11500;28.37000;27.95000;28.21500;33743800
2020-06-29;27.81000;28.125;27.51500;28.11000;29730600
2020-06-26;27.84500;28.16000;27.40500;27.59000;57463400
2020-06-25;28.17500;28.19000;27.56000;27.88500;43502400
2020-06-24;28.28000;28.41000;27.89500;28.23500;28538400
2020-06-23;29.080000;29.11500;28.41500;28.49500;25244400
2020-06-22;28.49000;28.96500;28.22500;28.78500;25906400
2020-06-19;29.81000;29.93500;28.70000;28.74500;58531600
2020-06-18;29.39500;29.65500;29.24000;29.57500;26507600
2020-06-17;29.79500;29.80000;29.29500;29.58000;24374400
2020-06-16;30.25;30.41500;29.51000;29.67000;34226600
2020-06-15;28.81500;29.75;28.56500;29.53500;33434000
2020-06-12;29.97000;30.0049992;28.97500;29.33500;46404800
2020-06-11;30.080000;30.16500;29.19500;29.41000;69420400
2020-06-10;30.78500;30.99000;30.50500;30.60500;25052000
2020-06-09;31.13000;31.14500;30.44500;30.78500;37283600
2020-06-08;30.65000;31.51500;30.43000;31.41500;31919000
2020-06-05;30.48500;31.18000;30.45500;30.59500;44260000
2020-06-04;30.59500;30.66000;29.82000;30.21000;43679200
2020-06-03;30.56000;30.97500;30.53500;30.76000;25682800
2020-06-02;30.31500;30.41500;29.99000;30.39500;27998600
2020-06-01;29.83500;30.38500;29.66500;30.20000;29112800
2020-05-29;29.54500;30;29.37000;29.84500;29511800
2020-05-28;29.13500;29.74000;29.11000;29.61500;42582000
2020-05-27;28.92500;28.97500;28.37000;28.76500;32984600
2020-05-26;28.75;28.97500;28.39500;28.42500;35071800
2020-05-22;27.93000;28.26500;27.84000;28.24000;23838000
2020-05-21;28.14000;28.34000;27.875;27.93000;33868200
2020-05-20;28.35000;28.53000;28.10500;28.21500;23583200
2020-05-19;28.41000;28.49000;28.055000;28.059999;32655800
2020-05-18;28.049999;28.71000;28.049999;28.53000;45994600
2020-05-15;27.58000;27.59000;26.98500;27.40500;69347600
2020-05-14;27.20500;27.85500;26.83000;27.77500;46233200
2020-05-13;27.66000;27.66000;27.16500;27.48000;39645000
2020-05-12;28.030001;28.15500;27.66000;27.71500;43734400
2020-05-11;27.86000;28.065001;27.46500;27.96000;31326400
2020-05-08;27.86000;28.19000;27.73000;28.080000;26553200
2020-05-07;27.73000;27.97500;27.48000;27.52500;42266200
2020-05-06;28.48000;28.5;27.375;27.41500;48150400
2020-05-05;28.25;28.72000;28.21500;28.38000;23653600
2020-05-04;27.79500;28.22000;27.625;28.15000;24027600
2020-05-01;28.29500;28.31500;27.78000;27.94000;26918600
2020-04-30;29.094999;29.14000;28.36500;28.63000;38733800
2020-04-29;30.055000;30.070000;29.18500;29.30500;23575600
2020-04-28;29.88000;30.20000;29.44000;29.57500;28643400
2020-04-27;29.33000;29.68000;29.30000;29.46500;25481000
2020-04-24;29.030001;29.28500;28.65500;29.16000;23973800
2020-04-23;29.56500;29.64500;28.81500;28.98000;24830400
2020-04-22;29.18000;29.71500;28.98500;29.47500;31190800
2020-04-21;28.59500;28.98500;28.32000;28.64000;40783200
2020-04-20;30.075001;30.075001;29.075001;29.12000;28761000
2020-04-17;29.94500;30.42500;29.54000;30.26500;21555000
2020-04-16;29.44000;29.56500;29.030001;29.32000;20800000
2020-04-15;29.48000;29.84000;29.15000;29.31500;25671600
2020-04-14;30.084999;30.36000;29.79500;30.31500;34175600
2020-04-13;30.26000;30.26000;29.15500;29.45000;27830400
2020-04-09;29.48500;30.89000;29.375;30.41500;87722800
2020-04-08;27.71000;29.28500;27.48000;29.045000;64925600
2020-04-07;28.64500;28.69000;27.51000;27.54500;49163200
2020-04-06;26.84500;28.17500;26.84500;27.89500;41379600
2020-04-03;26.56000;26.89000;25.69500;25.89500;31872000
2020-04-02;25.76000;27.040001;25.61500;26.85500;53121600
2020-04-01;26.61000;26.97500;25.54000;26.040001;53420600
2020-03-31;28.64500;28.64500;27.61500;27.70500;67456400
2020-03-30;28.080000;29.045000;27.96000;28.87000;59519000
2020-03-27;26.85500;28.84500;26.72000;27.84000;50186200
2020-03-26;25.79000;27.99000;25.53000;27.69000;61794400
2020-03-25;24.91500;26.58500;24.16500;25.51500;61255000
2020-03-24;23.32500;24.98500;23.16500;24.88000;54902800
2020-03-23;23.59500;23.59500;21.72000;22.46500;64018000
2020-03-20;26.21000;26.21000;23.74000;23.91000;56358400
2020-03-19;27.32000;27.44000;25.89000;25.97000;65459000
2020-03-18;27.10500;28.0049992;26.11500;27.57500;85692800
2020-03-17;26.30500;29.075001;26.020000;28.83000;77946000
2020-03-16;26.23000;28.25500;25.46000;25.56000;56293400
2020-03-13;28.88500;28.88500;26.82500;28.83500;54277200
2020-03-12;28.75;29.27000;27.0049992;27.34500;77766400
2020-03-11;31.31000;31.33000;29.98500;30.41500;64307800
2020-03-10;32.25;32.62000;30.59500;32.025002;81616800
2020-03-09;31.77500;32.625;31.23000;31.73000;74339400
2020-03-06;32.93500;33.69000;32.30500;33.55500;70997800
2020-03-05;33.79500;34.29000;33.43000;33.83000;67070200
2020-03-04;32.94500;34.40500;32.92500;34.36000;62856400
2020-03-03;32.94000;33.62000;32.38500;32.51500;126558000
2020-03-02;31.25;32.96500;31.17500;32.92000;84351600
2020-02-28;31.43000;31.46500;30.35000;31.090000;180526200
2020-02-27;33.54500;33.73000;32.15500;32.16500;87206200
2020-02-26;34.025002;34.33000;33.67500;33.68000;52384600
2020-02-25;34.79000;34.85000;33.96500;34.025002;56276600
2020-02-24;35.014999;35.21000;34.74000;34.75500;40884200
2020-02-21;35.16500;35.39500;35.13000;35.16500;23457200
2020-02-20;35.11500;35.25;34.94500;35.23000;28810200
2020-02-19;35.35000;35.40000;35.10500;35.10500;22391000
2020-02-18;35.33000;35.55000;35.23000;35.49000;30069600
2020-02-14;35.025002;35.22500;34.97500;35.19500;21108200
2020-02-13;34.60500;34.98000;34.55000;34.96000;27175200
2020-02-12;34.49500;34.68000;34.38500;34.57500;16094800
2020-02-11;34.48500;34.66500;34.46500;34.55000;20539400
2020-02-10;34.35000;34.42500;34.22500;34.42500;16279600
2020-02-07;34.48500;34.53500;34.28500;34.29500;21392800
2020-02-06;34.43000;34.60000;34.32000;34.40500;29908200
2020-02-05;34.18000;34.48000;34.10500;34.39500;32610200
2020-02-04;34.58000;34.68500;34.22000;34.25500;41384200
2020-02-03;34.54500;34.64000;34.46500;34.60000;27095800
2020-01-31;34.58000;34.72000;34.31000;34.49000;40949000
2020-01-30;34.30500;34.66500;34.22000;34.64500;28808600
2020-01-29;34.25500;34.375;34.12000;34.32500;21599600
2020-01-28;34.13000;34.38000;34.044998;34.23500;35056800
2020-01-27;34.16000;34.40000;34;34.095001;22544400
2020-01-24;34;34.30500;33.94500;34.18000;28803000
2020-01-23;33.78500;34.099998;33.75;34.090000;25938600
2020-01-22;33.75;33.88500;33.70000;33.79000;21683200
2020-01-21;33.45500;33.70000;33.32000;33.68500;47753000
2020-01-17;33.14000;33.42500;33.049999;33.38000;26517600
2020-01-16;32.97000;33.18500;32.96000;33.15000;21797600
2020-01-15;32.56000;33;32.55500;32.94500;31771800
2020-01-14;32.39500;32.5;32.25;32.49000;22990000
2020-01-13;32.19000;32.49000;32.19000;32.39500;25342200
2020-01-10;32.16000;32.31500;32.14500;32.20000;21165800
2020-01-09;31.90000;32.15000;31.89500;32.11500;23286200
2020-01-08;31.97000;32.080002;31.89000;31.94000;25482800
2020-01-07;31.92000;31.97000;31.77500;31.95500;26140600
2020-01-06;31.93000;32.095001;31.88000;32;20889000
2020-01-03;31.93000;32.084999;31.85500;31.97000;35978600
2020-01-02;32.36500;32.375;31.78500;31.90500;38215400


### XLRE
datetime;open;high;low;close;volume
2025-12-30;40.63000;40.74000;40.56000;40.72000;7967100
2025-12-29;40.69000;40.74000;40.52000;40.63000;9519300
2025-12-26;40.35000;40.54000;40.30900;40.52000;5973000
2025-12-24;40.20000;40.51000;40.20000;40.44000;3242600
2025-12-23;40.23000;40.23000;39.99500;40.18000;8384200
2025-12-22;39.85000;40.24000;39.72500;40.19000;6797800
2025-12-19;40.37000;40.61600;40.31500;40.33000;8338000
2025-12-18;40.88000;40.99000;40.43000;40.48000;9482100
2025-12-17;40.55500;40.87000;40.54000;40.73000;8811800
2025-12-16;40.95000;41.020000;40.50100;40.55000;7722200
2025-12-15;40.98000;40.98500;40.61500;40.91000;7820400
2025-12-12;40.97000;41.12000;40.60500;40.75;7441900
2025-12-11;40.67000;40.92500;40.62000;40.80000;10300400
2025-12-10;40.61000;40.87800;40.53400;40.58000;7956300
2025-12-09;40.84000;41.084999;40.47000;40.5;6325000
2025-12-08;40.97000;41.0050011;40.71000;40.74000;6046300
2025-12-05;40.99000;41.19500;40.88500;40.99000;4553300
2025-12-04;40.99000;41.29000;40.94000;41;7427000
2025-12-03;40.94000;41.17000;40.86400;41.070000;4501400
2025-12-02;41.24000;41.25;40.83500;40.99000;5411600
2025-12-01;41.23000;41.39000;41.075001;41.090000;6008700
2025-11-28;41.48000;41.78500;41.42000;41.67000;3771900
2025-11-26;41.17000;41.68500;41.16000;41.47000;6814100
2025-11-25;41.070000;41.46000;41.040001;41.29000;5898100
2025-11-24;40.94000;41.035000;40.63000;40.96000;6796900
2025-11-21;40.65000;41.080002;40.44000;40.90000;7858600
2025-11-20;40.83000;40.98000;40.35500;40.37000;7477000
2025-11-19;40.85000;40.85000;40.38000;40.51000;7201800
2025-11-18;40.72000;40.95500;40.54000;40.83000;6634200
2025-11-17;41.099998;41.11000;40.56000;40.68000;5861900
2025-11-14;41.0099983;41.029999;40.71000;40.95000;6434600
2025-11-13;41.18000;41.32000;40.77500;40.83000;8032500
2025-11-12;41.48000;41.64500;41.36500;41.37000;5801500
2025-11-11;41.32000;41.71500;41.31000;41.70000;5743700
2025-11-10;41.19000;41.40500;40.95000;41.24000;6823600
2025-11-07;40.92000;41.29000;40.80000;41.27000;7674200
2025-11-06;40.87000;41.044998;40.70000;40.73000;8171900
2025-11-05;41.060001;41.12000;40.70500;40.93000;6925600
2025-11-04;40.93000;41.0050011;40.74000;40.94000;8413000
2025-11-03;40.48000;40.87000;40.28000;40.83000;10847400
2025-10-31;40.58000;41.058998;40.49000;40.90000;9788100
2025-10-30;40.67500;41.14000;40.58000;40.88000;14353400
2025-10-29;41.35000;41.52000;40.53000;40.65000;13140800
2025-10-28;42.53500;42.61000;41.77000;41.79000;17438000
2025-10-27;42.67000;42.77600;42.45000;42.74000;6851400
2025-10-24;42.72000;42.88000;42.64000;42.65000;7820300
2025-10-23;42.59000;42.72000;42.10500;42.5;9446300
2025-10-22;42.54000;42.61000;42.29000;42.54000;7755300
2025-10-21;42.38000;42.59600;42.24500;42.35000;6887700
2025-10-20;42.28800;42.49000;42.15000;42.48000;4826100
2025-10-17;41.80000;42.098999;41.63000;42.040001;9458500
2025-10-16;41.99000;42.15000;41.73000;41.77000;9443200
2025-10-15;41.43000;42.020000;41.41000;41.90000;7393900
2025-10-14;40.85000;41.35000;40.78000;41.30000;7769100
2025-10-13;40.69000;40.94600;40.61000;40.91000;6720700
2025-10-10;41.21000;41.31000;40.62000;40.68000;10153200
2025-10-09;41.41500;41.45000;41.025002;41.13000;4517100
2025-10-08;41.30500;41.48000;41.23000;41.32000;6809300
2025-10-07;41.71000;41.71000;41.34500;41.53000;5191500
2025-10-06;42.095001;42.099998;41.63000;41.66000;4921700
2025-10-03;41.96000;42.39500;41.96000;42.080002;4820800
2025-10-02;42;42.040001;41.69000;41.91000;6391600
2025-10-01;42.11000;42.33500;42.0099983;42.13000;6818800
2025-09-30;42.020000;42.16000;41.81000;42.13000;3940800
2025-09-29;41.92000;42.049999;41.74000;41.96000;3891100
2025-09-26;41.61000;41.96600;41.51500;41.88000;3436200
2025-09-25;41.62000;41.76500;41.44500;41.47000;3559500
2025-09-24;41.96000;41.96000;41.56000;41.57000;3990500
2025-09-23;41.69000;42.064999;41.68000;42;3002000
2025-09-22;41.55000;41.76000;41.33000;41.67000;4786500
2025-09-19;42.099998;42.17500;41.85000;41.85000;5331000
2025-09-18;42.044998;42.26000;41.94500;42.060001;5162000
2025-09-17;42.17000;42.65000;41.99000;42.029999;7312900
2025-09-16;42.26000;42.39000;41.97000;42.049999;5432500
2025-09-15;42.40000;42.56000;42.18500;42.30000;3844000
2025-09-12;42.42000;42.58000;42.31000;42.35000;2515100
2025-09-11;41.92000;42.62000;41.91500;42.54000;3604900
2025-09-10;41.89000;42.18000;41.79000;41.86000;4006500
2025-09-09;41.72500;41.89000;41.66200;41.88000;4308300
2025-09-08;41.66000;41.92000;41.55000;41.90000;7678500
2025-09-05;41.98000;42.39000;41.93000;42.18000;5298300
2025-09-04;41.64000;41.83000;41.37000;41.76000;5991100
2025-09-03;41.47000;41.66500;41.34000;41.48000;5668000
2025-09-02;41.93000;42.020000;41.44300;41.59000;8204200
2025-08-29;42.17000;42.33000;42.090000;42.31000;4810600
2025-08-28;42.22000;42.23000;41.86000;42.080002;4199700
2025-08-27;42.12000;42.35000;42.060001;42.19000;5171300
2025-08-26;42.090000;42.20000;41.85000;42.0099983;4318200
2025-08-25;42.29000;42.43000;42.055000;42.13000;6213400
2025-08-22;42.014999;42.58500;41.93000;42.34000;6488900
2025-08-21;41.65000;41.85000;41.51500;41.68000;5851800
2025-08-20;41.78000;42.19000;41.72000;41.83000;7026700
2025-08-19;41.15000;41.69000;41.11000;41.67000;6803400
2025-08-18;41.42000;41.42000;40.93000;40.94000;4496900
2025-08-15;41.060001;41.46500;41.040001;41.33000;5689600
2025-08-14;41.084999;41.14000;40.77000;41.060001;7988300
2025-08-13;41.15000;41.40000;40.98000;41.35000;4962700
2025-08-12;41.070000;41.16000;40.69400;41.080002;8099800
2025-08-11;41.090000;41.29000;40.97000;41.0099983;6054800
2025-08-08;41.67000;41.71000;41.17500;41.25;7161600
2025-08-07;41.68000;41.68000;41.31000;41.59000;6429600
2025-08-06;41.91000;41.91000;41.41500;41.43000;7569500
2025-08-05;41.62000;41.89500;41.45000;41.78000;6265300
2025-08-04;41.36000;41.76000;41.32500;41.64000;6584500
2025-08-01;41.84500;41.87000;41.040001;41.29000;9602600
2025-07-31;41.87000;42.099998;41.35000;41.41000;10320700
2025-07-30;42.66000;42.77000;41.87000;42.15000;9908200
2025-07-29;42.28000;42.79000;42.040001;42.75;9447100
2025-07-28;42.59000;42.67000;42.0099983;42.049999;4776600
2025-07-25;42.80000;42.84000;42.33000;42.79000;4698000
2025-07-24;42.78000;42.95500;42.70000;42.79000;6727900
2025-07-23;42.79000;42.91000;42.65000;42.85000;5625700
2025-07-22;42.18000;42.78500;42.125;42.73000;6165500
2025-07-21;42.055000;42.29000;41.90000;42;5336600
2025-07-18;41.76000;41.98500;41.65000;41.84000;5608100
2025-07-17;41.71000;41.89000;41.52500;41.72000;7848700
2025-07-16;41.64000;41.79500;41.34500;41.76000;8487900
2025-07-15;41.86000;41.91000;41.20000;41.31000;6427500
2025-07-14;41.56000;41.87000;41.52000;41.85000;7270600
2025-07-11;41.30000;41.68000;41.16000;41.57000;5802500
2025-07-10;41.44000;41.89000;41.29000;41.61000;6045300
2025-07-09;41.46000;41.52000;41.23500;41.40000;4867800
2025-07-08;41.30000;41.59700;41.24000;41.42000;5768600
2025-07-07;41.71000;42.049999;41.23000;41.48000;6417800
2025-07-03;41.79000;41.96500;41.62000;41.80000;5758100
2025-07-02;41.65000;41.85600;41.44000;41.78000;6737400
2025-07-01;41.35000;42;41.30500;41.70000;9438400
2025-06-30;41.15000;41.47000;40.67000;41.42000;6959500
2025-06-27;41.040001;41.53000;40.91000;41.12000;6608200
2025-06-26;41.22000;41.23000;40.47500;40.97000;14023700
2025-06-25;41.97000;42.060001;41.18500;41.23000;10960100
2025-06-24;42.17000;42.41500;41.90500;42.26000;5292600
2025-06-23;41.57000;42.10500;41.51500;42.060001;6057900
2025-06-20;42.020000;42.22500;41.78000;41.83000;5834600
2025-06-18;41.83000;42.15000;41.62000;41.84000;5529900
2025-06-17;41.91000;42.020000;41.60000;41.76000;5610100
2025-06-16;42;42.42000;41.77000;41.93000;6304400
2025-06-13;42;42.17000;41.59000;41.89000;6375700
2025-06-12;42;42.30000;41.95000;42.23000;4151500
2025-06-11;42.23000;42.42000;41.82400;42;4809300
2025-06-10;41.97000;42.24000;41.90000;42.23000;4832800
2025-06-09;41.82500;42.13500;41.57000;41.86000;4581000
2025-06-06;41.96000;42.11000;41.67500;41.88000;3533600
2025-06-05;41.83000;41.97500;41.55500;41.76000;5412000
2025-06-04;41.54000;41.94000;41.42500;41.77000;2969700
2025-06-03;41.59000;41.70000;41.30500;41.64000;6276900
2025-06-02;41.43000;41.80500;41.040001;41.79000;4756500
2025-05-30;41.53000;41.84000;41.31000;41.73000;6882700
2025-05-29;41.31000;41.86000;41.26000;41.69000;4811800
2025-05-28;41.35000;41.35000;41.013000;41.31000;3491900
2025-05-27;40.99000;41.42700;40.85000;41.31000;3626800
2025-05-23;40.59500;40.76000;40.39700;40.64000;3751400
2025-05-22;40.84000;40.87000;40.30500;40.63000;3599300
2025-05-21;41.67000;41.76000;40.75;40.77000;3708700
2025-05-20;41.76000;42.0099983;41.74000;41.88000;2311800
2025-05-19;41.68000;42.13500;41.63000;42.099998;3023400
2025-05-16;41.57000;42.029999;41.43000;42.0099983;3421200
2025-05-15;40.92000;41.50500;40.85000;41.49000;4703800
2025-05-14;40.99000;40.99000;40.54000;40.74000;4416300
2025-05-13;41.57000;41.67000;40.94500;41.090000;6501800
2025-05-12;42.11000;42.14000;41.44000;41.65000;5525700
2025-05-09;41.39000;41.74900;41.29000;41.61000;2540300
2025-05-08;41.78000;41.80000;41.28500;41.36000;3841000
2025-05-07;41.62000;41.91700;41.5;41.56000;3892500
2025-05-06;41.69000;41.92500;41.40000;41.59000;2531600
2025-05-05;41.92500;42.10500;41.63000;41.88000;3018300
2025-05-02;41.92500;42.060001;41.74000;41.93000;4073900
2025-05-01;41.42000;41.77000;41.15500;41.42000;6986300
2025-04-30;40.85000;41.45000;40.62000;41.30000;5100700
2025-04-29;40.79000;41.29000;40.72000;41.11000;4088100
2025-04-28;40.52000;40.89000;40.41000;40.78000;4403400
2025-04-25;40.61000;40.76000;40.27500;40.53000;4511000
2025-04-24;40.49000;40.90500;40.28500;40.59000;5093400
2025-04-23;40.76000;41.23000;40.23000;40.47000;8046200
2025-04-22;40.18000;40.61000;39.98000;40.42000;4213200
2025-04-21;40.11000;40.20000;39.11000;39.61000;4364300
2025-04-17;39.97000;40.77900;39.97000;40.45000;4793500
2025-04-16;39.99000;40.35000;39.57000;39.82000;6021900
2025-04-15;39.92000;40.15000;39.64000;39.84000;4272300
2025-04-14;39.23000;40;39.11000;39.78000;6543600
2025-04-11;38.18000;39.0099983;37.74000;38.92000;10742800
2025-04-10;38.82000;39.25;37.43000;38.38000;19936700
2025-04-09;36.46000;39.38500;35.76000;39.21000;27138900
2025-04-08;38.89000;38.98500;36.64500;37.080002;16319500
2025-04-07;38.30000;39.48000;37.17000;38.020000;25297200
2025-04-04;40.62000;40.62000;38.91500;38.96000;15419700
2025-04-03;41.66000;42.060001;40.76000;40.82000;11584800
2025-04-02;41.81000;42.17500;41.60000;42.080002;4657000
2025-04-01;41.99000;42.080002;41.37000;41.88000;5903000
2025-03-31;41.53000;42.11500;41.47000;41.85000;7736800
2025-03-28;41.61000;41.65000;41.16500;41.41000;4905600
2025-03-27;41.59000;41.92000;41.32500;41.43000;3586700
2025-03-26;41.51000;41.72500;41.34400;41.53000;3717700
2025-03-25;41.82000;41.83000;41.080002;41.32000;4660800
2025-03-24;41.5;41.90500;41.31000;41.82000;4457800
2025-03-21;41.73000;41.80000;41.24500;41.51000;6237900
2025-03-20;41.97000;42.16000;41.74000;41.92000;3452800
2025-03-19;41.95000;42.28700;41.61500;41.97000;3919100
2025-03-18;42.18000;42.39000;41.76000;41.92000;4860300
2025-03-17;41.46000;42.32500;41.46000;42.18000;4422800
2025-03-14;41.044998;41.48500;40.80000;41.45000;4548100
2025-03-13;41.48000;41.71000;40.60300;40.66000;6167200
2025-03-12;41.69000;41.81500;41.34000;41.47000;6013500
2025-03-11;42.17000;42.31500;41.38500;41.62000;7103500
2025-03-10;42.43000;42.89000;41.86000;42.060001;9447900
2025-03-07;42.31000;42.63700;41.94000;42.47000;7083600
2025-03-06;43.060001;43.15000;42.16500;42.23000;7954300
2025-03-05;42.55000;43.53500;42.54000;43.42000;5564100
2025-03-04;43.56000;43.86100;42.92000;43.020000;9765700
2025-03-03;43.30000;43.74600;43.17000;43.52000;9874300
2025-02-28;43.060001;43.24500;42.68000;43.15000;5771500
2025-02-27;42.67000;43.080002;42.59000;42.85000;4040600
2025-02-26;42.95000;43.044998;42.53500;42.66000;5472200
2025-02-25;42.56000;43.080002;42.55000;42.87000;5698200
2025-02-24;42.30000;42.64500;42.070000;42.42000;4435200
2025-02-21;42.59000;42.65000;42.020000;42.23000;5072100
2025-02-20;42.29000;42.65000;42.055000;42.58000;3947300
2025-02-19;42.029999;42.38700;41.96500;42.29000;4405400
2025-02-18;41.95000;42.38500;41.92000;42.21000;5622200
2025-02-14;42.35000;42.49000;42.049999;42.060001;4528100
2025-02-13;41.81000;42.34000;41.67000;42.23000;7069100
2025-02-12;41.43000;42.049999;41.43000;41.90000;6834300
2025-02-11;41.83000;42.27000;41.76500;42.26000;3276300
2025-02-10;42.060001;42.095001;41.64500;42.029999;3907600
2025-02-07;42.23000;42.26500;41.78000;41.97000;5337100
2025-02-06;42.24000;42.25;41.82000;42.12000;3680600
2025-02-05;41.83000;42.10500;41.41000;42;4356900
2025-02-04;41.070000;41.45700;40.92000;41.35000;4559300
2025-02-03;41.080002;41.51000;40.68000;41.35000;7439600
2025-01-31;41.38000;41.83000;41.29000;41.42000;4730300
2025-01-30;41.60000;41.82000;41.14400;41.51000;4481500
2025-01-29;41.5;41.58000;40.78000;40.97000;3945600
2025-01-28;41.90000;41.90000;41.31000;41.45000;4366300
2025-01-27;41.5;42.0050011;41.41000;41.96000;11135800
2025-01-24;41.29000;41.84000;41.26000;41.55000;4038800
2025-01-23;41.19000;41.44000;40.79500;41.43000;3916200
2025-01-22;41.75;41.75;41.060001;41.099998;5837100
2025-01-21;41.26000;41.87000;41.24000;41.83000;6105700
2025-01-17;41.21000;41.31000;41.060001;41.080002;4913400
2025-01-16;40.29000;41.125;40.15500;41.090000;5600900
2025-01-15;41.060001;41.15000;40.14000;40.19000;6511000
2025-01-14;39.81000;40.11000;39.71000;40.020000;5022100
2025-01-13;39.13000;39.68900;39.049999;39.68000;5769300
2025-01-10;39.52000;39.62000;39.14500;39.18000;8343100
2025-01-08;40.0099983;40.17000;39.61500;40.15000;6312800
2025-01-07;40.42000;40.63500;39.88500;39.98000;8867700
2025-01-06;40.86000;40.99000;40.22000;40.28000;5980200
2025-01-03;40.38000;40.90000;40.25;40.84000;5128600
2025-01-02;40.72000;40.77000;40.17000;40.29000;9786400
2024-12-31;40.67000;40.75;40.28000;40.67000;7590600
2024-12-30;40.43000;40.45000;39.92500;40.35000;4493500
2024-12-27;40.63000;40.99000;40.40000;40.54000;4588800
2024-12-26;40.70000;40.94000;40.5;40.87000;4044800
2024-12-24;40.39000;40.84000;40.36000;40.81000;2812100
2024-12-23;40.21000;40.60000;40.080002;40.54000;6917200
2024-12-20;40.25;41.22000;40.15000;40.79000;9792600
2024-12-19;40.80000;41.090000;40.0099983;40.060001;8386500
2024-12-18;42.28000;42.49000;40.71000;40.76000;9802600
2024-12-17;42.40000;42.80500;42.27000;42.42000;5319100
2024-12-16;42.85000;43.14000;42.59000;42.61000;3642900
2024-12-13;42.97000;43.070000;42.74000;42.83000;3833300
2024-12-12;42.99000;43.48000;42.93000;43.0099983;3418100
2024-12-11;43.27000;43.39000;42.92000;43.040001;4988900
2024-12-10;43.79000;43.79000;43.014999;43.15000;4090500
2024-12-09;43.85000;43.99500;43.68500;43.86000;5211000
2024-12-06;43.95000;44.080002;43.56500;43.77000;3624700
2024-12-05;43.68000;43.86000;43.55000;43.83000;2971300
2024-12-04;44.060001;44.090000;43.69000;43.94000;3315800
2024-12-03;44.36000;44.45000;44.029999;44.060001;4164900
2024-12-02;44.75;44.83000;44.16000;44.32000;4837300
2024-11-29;45.24000;45.43000;44.97500;45;3737500
2024-11-27;45.11000;45.48200;45.099998;45.21000;3531500
2024-11-26;44.63000;44.98000;44.46500;44.90000;3183800
2024-11-25;44.36000;44.88000;44.32000;44.68000;4625700
2024-11-22;43.93000;44.17000;43.89000;44.090000;3333900
2024-11-21;43.51000;43.90500;43.32000;43.76000;3070100
2024-11-20;43.29000;43.53000;43.13000;43.47000;3198700
2024-11-19;43.23000;43.67000;43.044998;43.54000;3693100
2024-11-18;42.79000;43.37000;42.68000;43.36000;3812000
2024-11-15;42.73000;43.058998;42.60500;42.98000;5875700
2024-11-14;43.25;43.25;42.875;42.93000;4860400
2024-11-13;43.46000;43.65000;43.24500;43.32000;5095000
2024-11-12;43.42000;43.58000;42.96500;42.98000;4972000
2024-11-11;43.85000;44.060001;43.49000;43.53000;7899300
2024-11-08;43.37000;44.035000;43.32000;43.91000;7348100
2024-11-07;42.80000;43.29000;42.72000;43.17000;10597900
2024-11-06;43.42000;43.66000;42.19000;42.64000;12721600
2024-11-05;43.11000;43.82000;42.875;43.81000;4747500
2024-11-04;42.92000;43.29000;42.875;43.22000;6509900
2024-11-01;43.49000;43.54500;42.71000;42.74000;6141400
2024-10-31;43.5;43.89000;43.19000;43.20000;5866200
2024-10-30;43.85000;44.29000;43.79000;43.97000;5513800
2024-10-29;44.070000;44.30500;43.74000;43.81000;4557100
2024-10-28;44.46000;44.65000;44.125;44.21000;3129100
2024-10-25;44.79000;44.98000;44.049999;44.070000;4820700
2024-10-24;44.36000;44.69000;44.34000;44.42000;3188600
2024-10-23;43.78000;44.39500;43.74000;44.32000;4849500
2024-10-22;43.73000;44.060001;43.62000;43.89000;4497400
2024-10-21;44.48000;44.68000;43.76000;43.82000;5938700
2024-10-18;44.52000;44.75600;44.34500;44.74000;3950800
2024-10-17;44.59000;44.63000;44.26000;44.43000;2934000
2024-10-16;44.38000;44.78500;44.25;44.72000;3662700
2024-10-15;43.92000;44.64000;43.89000;44.28000;5176300
2024-10-14;43.32000;43.79000;43.21000;43.73000;3542900
2024-10-11;43.22000;43.44000;43.095001;43.43000;2312100
2024-10-10;43.11000;43.47000;42.84000;42.99000;3659600
2024-10-09;43.24000;43.38600;43.080002;43.35000;3338800
2024-10-08;43.38000;43.49000;43.13500;43.33000;4039700
2024-10-07;43.24000;43.29000;42.98000;43.20000;3793500
2024-10-04;43.56000;43.59000;43.099998;43.52000;5386100
2024-10-03;44.099998;44.21500;43.68000;43.81000;3504500
2024-10-02;43.95000;44.27500;43.93000;44.24000;4022000
2024-10-01;44.80000;44.88000;44.20000;44.40000;6453100
2024-09-30;44.13000;44.70000;44.049999;44.67000;4929900
2024-09-27;44.54000;44.64500;44.22000;44.29000;3613700
2024-09-26;44.69000;44.72000;44.070000;44.23000;4552700
2024-09-25;44.95000;45.070000;44.55000;44.67000;3457000
2024-09-24;44.65000;45.020000;44.47000;44.86000;4103800
2024-09-23;44.69000;44.89000;44.56000;44.86000;4013700
2024-09-20;44.5;44.72500;44.40000;44.68000;4839800
2024-09-19;45.24000;45.24000;44.49000;44.76000;4552400
2024-09-18;45.060001;45.51000;44.81000;44.87000;6234400
2024-09-17;45.38000;45.51000;44.85500;45;5919400
2024-09-16;45.42000;45.58000;45.22500;45.36000;4130200
2024-09-13;45.12000;45.26000;44.97500;45.21000;3707500
2024-09-12;44.88000;44.96000;44.38000;44.89000;4263300
2024-09-11;44.53000;44.87000;44.0099983;44.81000;5792200
2024-09-10;44.34000;44.96000;44.26000;44.93000;7884500
2024-09-09;43.63000;44.25800;43.57000;44.15000;5070000
2024-09-06;43.66000;43.69500;43.23300;43.63000;6671700
2024-09-05;44.080002;44.099998;43.51500;43.63000;5539200
2024-09-04;43.75;44.20000;43.52500;43.75;5855600
2024-09-03;43.27000;43.86000;43.25;43.65000;7580900
2024-08-30;43.34000;43.57000;43;43.55000;5611600
2024-08-29;43.23000;43.30000;42.93000;43.13000;5339900
2024-08-28;43.45000;43.58000;43.049999;43.30000;5035000
2024-08-27;43.080002;43.49500;43.0099983;43.45000;3717600
2024-08-26;43.58000;43.67000;43.27100;43.34000;4047800
2024-08-23;42.71000;43.45000;42.64500;43.37000;6135200
2024-08-22;42.35000;42.55000;42.22000;42.55000;4953100
2024-08-21;42.18000;42.35000;41.94000;42.29000;4214800
2024-08-20;42.090000;42.25500;41.94500;42.15000;4828200
2024-08-19;41.86000;42.15000;41.83500;42.11000;3971100
2024-08-16;41.84000;42;41.65000;41.86000;4212300
2024-08-15;42.029999;42.090000;41.70100;41.88000;6282100
2024-08-14;41.92000;42.20000;41.77000;42;3300600
2024-08-13;41.85000;41.91000;41.59000;41.85000;3707000
2024-08-12;41.63000;41.67000;41.25700;41.56000;4924500
2024-08-09;41.78000;41.92000;41.32000;41.81000;5454900
2024-08-08;41.16000;41.64900;41.060001;41.60000;10383100
2024-08-07;41.66000;42.24000;41.20500;41.25;9907700
2024-08-06;40.68000;41.96000;40.53000;41.55000;11389400
2024-08-05;41.27000;41.87600;40.58500;40.65000;14134700
2024-08-02;41.85000;42.30000;41.49000;41.86000;8818200
2024-08-01;41.62000;41.91000;41.39000;41.83000;9813900
2024-07-31;41.23000;41.64000;41.044998;41.19000;8786900
2024-07-30;41.16000;41.38000;41;41.29000;4674000
2024-07-29;40.73000;41.13000;40.42000;40.99000;5418100
2024-07-26;40.23000;40.87000;40.18000;40.73000;5702800
2024-07-25;40.5;40.93000;39.97300;40.060001;8353400
2024-07-24;40.83000;41.11500;40.24000;40.28000;5606900
2024-07-23;40.89000;41.125;40.66900;40.84000;4351500
2024-07-22;40.57000;40.95000;40.35000;40.91000;5233000
2024-07-19;40.63000;40.72500;40.33000;40.51000;5259100
2024-07-18;40.63000;41.35500;40.46500;40.56000;6016200
2024-07-17;40.62000;41.14000;40.56000;40.90000;7445800
2024-07-16;40.42000;40.58000;40.13000;40.54000;5753700
2024-07-15;40.049999;40.22600;39.84000;40.16000;4828400
2024-07-12;39.96000;40.25;39.84900;39.99000;5322200
2024-07-11;39.26000;39.89000;39.22000;39.70000;8693400
2024-07-10;38.58000;38.68500;38.27000;38.67000;3935600
2024-07-09;38.33000;38.52500;38.0099983;38.40000;3679200
2024-07-08;38.31000;38.45600;38.21500;38.39000;4443200
2024-07-05;38.27000;38.34000;38.020000;38.30000;3785800
2024-07-03;38.29000;38.44000;38.13000;38.16000;2359100
2024-07-02;38.040001;38.28500;37.97900;38.20000;3985500
2024-07-01;38.32000;38.44000;37.81000;38.040001;5700100
2024-06-28;38.32000;38.57000;38.099998;38.41000;5569800
2024-06-27;37.87000;38.16000;37.74000;38.099998;3571700
2024-06-26;37.62000;37.88000;37.53000;37.76000;3639300
2024-06-25;38.32000;38.32000;37.65000;37.81000;4490700
2024-06-24;38.12000;38.76000;38.020000;38.35000;5891800
2024-06-21;38.43000;38.53000;38.17000;38.48000;5334600
2024-06-20;38.36000;38.49000;38.24000;38.38000;4503300
2024-06-18;38.43000;38.63000;38.36000;38.48000;4893400
2024-06-17;38.32000;38.53000;38.090000;38.33000;4880900
2024-06-14;38.36000;38.64500;38.21000;38.53000;4975400
2024-06-13;38.45000;38.63000;38.21000;38.5;3704300
2024-06-12;38.87000;39.025002;38.28000;38.31000;7600800
2024-06-11;38.029999;38.24000;37.90500;38.040001;3492400
2024-06-10;37.85000;38.30000;37.65000;38.16000;4148800
2024-06-07;37.76000;38.070000;37.64000;37.97000;5140400
2024-06-06;38.070000;38.30500;37.88000;38.27000;3888600
2024-06-05;38.29000;38.29000;37.99000;38.21000;4541200
2024-06-04;37.83000;38.41000;37.79000;38.26000;5647500
2024-06-03;38.12000;38.19000;37.69900;37.90000;5826300
2024-05-31;37.54000;38.060001;37.35500;38.049999;7949600
2024-05-30;37.040001;37.32000;36.97500;37.31000;5867800
2024-05-29;36.80000;36.85000;36.62000;36.78000;6076400
2024-05-28;37.59000;37.68500;37.080002;37.13000;4696100
2024-05-24;37.58000;37.61000;37.30000;37.35000;4686100
2024-05-23;38.17000;38.17000;37.32500;37.35000;5597300
2024-05-22;38.43000;38.55500;38.040001;38.16000;7027100
2024-05-21;38.43000;38.57500;38.34000;38.49000;3621500
2024-05-20;38.70000;38.79000;38.47500;38.52000;4067100
2024-05-17;38.82000;38.86000;38.62000;38.76000;6153000
2024-05-16;38.86000;39.0079994;38.72000;38.76000;7195600
2024-05-15;38.80800;38.95000;38.67000;38.83000;10083500
2024-05-14;38.16000;38.36600;37.99500;38.18000;9703800
2024-05-13;37.97000;38.13500;37.70000;37.91000;6846500
2024-05-10;38;38.020000;37.69000;37.81000;6882900
2024-05-09;37.51000;37.98000;37.5;37.95000;8914600
2024-05-08;37.21000;37.22500;36.98500;37.070000;8182100
2024-05-07;37.31000;37.51000;37.17500;37.42000;13276100
2024-05-06;37.27000;37.33000;36.85000;37.029999;9739000
2024-05-03;37.33000;37.58000;36.93000;37.020000;11887700
2024-05-02;36.58000;36.78000;36.14000;36.73000;13264300
2024-05-01;36.18000;36.85800;36.075001;36.21000;15601300
2024-04-30;36.56000;36.77000;36.17000;36.19000;9796800
2024-04-29;36.65000;36.96000;36.63200;36.87000;6987400
2024-04-26;36.45000;36.83000;36.39000;36.46000;6950900
2024-04-25;36.31000;36.51000;36.020000;36.43000;8374300
2024-04-24;36.33000;36.71000;36.15000;36.64000;10758500
2024-04-23;36.26000;36.61600;36.17000;36.5;10804900
2024-04-22;36.029999;36.26000;35.79000;36.17000;7762900
2024-04-19;35.90000;36.049999;35.74000;35.88000;10628800
2024-04-18;35.89000;35.94900;35.57000;35.74000;10327600
2024-04-17;35.93000;36.099998;35.72500;35.73000;11722700
2024-04-16;36.46000;36.51000;35.91500;36.029999;11776100
2024-04-15;37.47000;37.53000;36.34500;36.59000;7757100
2024-04-12;37.49000;37.5;37.090000;37.24000;9245000
2024-04-11;37.84000;37.90500;37.30500;37.63000;9441800
2024-04-10;38.18000;38.18000;37.34500;37.59000;14873300
2024-04-09;38.90000;39.21000;38.77500;39.20000;7566100
2024-04-08;38.49000;38.74000;38.41000;38.71000;5588500
2024-04-05;38.029999;38.47100;37.95000;38.38000;6055700
2024-04-04;38.81000;38.96000;38.020000;38.13000;6667800
2024-04-03;38.37000;38.51000;38.17500;38.43000;5392200
2024-04-02;38.60000;38.60000;38.28000;38.41000;7393500
2024-04-01;39.61000;39.62000;38.79000;38.84000;8064400
2024-03-28;39.37000;39.62000;39.37000;39.53000;5695400
2024-03-27;38.73000;39.28000;38.62000;39.28000;6711000
2024-03-26;38.5;38.56500;38.28000;38.31000;6160300
2024-03-25;38.67000;38.79000;38.44000;38.47000;5661600
2024-03-22;39.080002;39.17000;38.58000;38.62000;4400800
2024-03-21;39.099998;39.30000;38.84500;39.080002;6263500
2024-03-20;38.44000;39.021999;38.31000;38.93000;8678200
2024-03-19;38.79000;38.91000;38.51000;38.77000;5255100
2024-03-18;38.84000;39.0099983;38.71000;38.77000;4971000
2024-03-15;38.68000;39.12800;38.68000;39.040001;9638900
2024-03-14;39.43000;39.54000;38.69000;39.060001;10442800
2024-03-13;39.80000;40.014999;39.49000;39.62000;6245300
2024-03-12;39.87000;40.020000;39.52000;39.87000;5669000
2024-03-11;40.029999;40.33000;39.78000;39.97000;4594600
2024-03-08;39.99000;40.26500;39.93000;40.17000;7549200
2024-03-07;39.92000;40.0050011;39.48000;39.70000;5077000
2024-03-06;39.74000;39.84000;39.49000;39.70000;5483600
2024-03-05;39.83000;40.095001;39.31500;39.48000;6913800
2024-03-04;39.45000;40.019001;39.18000;39.99000;8697600
2024-03-01;39.0099983;39.58000;38.61000;39.54000;9654900
2024-02-29;39.049999;39.32000;38.95000;39.11000;12860800
2024-02-28;38.13000;38.96000;38.070000;38.80000;7497600
2024-02-27;38.51000;38.66000;38.19000;38.31000;9466100
2024-02-26;38.64000;38.82500;38.22000;38.28000;6427800
2024-02-23;38.74000;38.92200;38.60000;38.72000;5263400
2024-02-22;38.69000;38.88000;38.56500;38.67000;6144400
2024-02-21;38.45000;38.61800;38.28000;38.57000;5653100
2024-02-20;38.21000;38.49000;37.97000;38.29000;6929300
2024-02-16;38.23000;38.55700;38.070000;38.35000;7682800
2024-02-15;38.17000;38.79600;38.17000;38.75;8637600
2024-02-14;37.72000;38.060001;37.52000;37.84000;14186400
2024-02-13;37.52000;37.60000;37.075001;37.59000;21419000
2024-02-12;38.5;38.66500;38.21300;38.29000;5376400
2024-02-09;38.30000;38.44000;37.94500;38.41000;5515700
2024-02-08;37.97000;38.39700;37.95000;38.31000;4517700
2024-02-07;38.25800;38.31000;37.87000;38.099998;6679000
2024-02-06;37.63000;38.17500;37.48000;38.12000;7866800
2024-02-05;37.83000;37.87000;37.43000;37.55000;8668200
2024-02-02;38.36000;38.56000;37.65000;38.31000;12844000
2024-02-01;38.049999;38.81500;37.89500;38.80000;10887000
2024-01-31;38.63000;38.88000;38.035000;38.13000;11580700
2024-01-30;38.55000;38.74000;38.33000;38.41000;6931500
2024-01-29;38.48000;38.81000;38.39000;38.77000;5724200
2024-01-26;38.71000;38.80000;38.41000;38.49000;4398000
2024-01-25;38.68000;38.82000;38.47000;38.66000;6601700
2024-01-24;39.060001;39.080002;38.11000;38.14000;7349500
2024-01-23;39.040001;39.15000;38.53000;38.67000;4549800
2024-01-22;38.83000;39.30000;38.73500;38.88000;5850600
2024-01-19;38.46000;38.85000;38.13000;38.70000;7566200
2024-01-18;38.60000;38.75;38.088001;38.33000;6142100
2024-01-17;38.82000;39.28000;38.18000;38.58000;9752000
2024-01-16;39.35000;39.55000;39.17800;39.30000;11100100
2024-01-12;39.65000;39.74000;39.32000;39.54000;4393500
2024-01-11;39.41000;39.52000;39.070000;39.24000;5151900
2024-01-10;39.61000;39.80000;39.47000;39.61000;4498600
2024-01-09;39.52000;39.74000;39.29000;39.55000;4134500
2024-01-08;39.26000;39.87000;39.19000;39.83000;4812700
2024-01-05;39.15000;39.63000;38.91800;39.29000;5770000
2024-01-04;39.39000;39.66000;39.23500;39.37000;7180300
2024-01-03;40.13000;40.13000;39.39500;39.47000;7424500
2024-01-02;39.97000;40.45000;39.78000;40.43000;6591500
2023-12-29;40.23000;40.41000;40.020000;40.060001;5776000
2023-12-28;40.25;40.5;40.16000;40.5;3764800
2023-12-27;40.099998;40.26000;39.91500;40.25;4006300
2023-12-26;39.78000;40.13000;39.69500;40.020000;2537600
2023-12-22;39.69000;40.0099983;39.54000;39.73000;4929100
2023-12-21;39.55000;39.68000;39.17000;39.57000;6684700
2023-12-20;39.74000;40.0099983;39.21500;39.24000;6513500
2023-12-19;39.61000;39.85000;39.60000;39.74000;4681400
2023-12-18;39.73000;39.79500;39.41000;39.47000;6638700
2023-12-15;40.29000;40.40000;39.65500;40;8011100
2023-12-14;40.18000;40.75;40.099998;40.49000;8647400
2023-12-13;38.060001;39.52000;37.93000;39.40000;7112400
2023-12-12;38.040001;38.12600;37.80000;38.020000;5580500
2023-12-11;37.81000;38.095001;37.71500;38.029999;4871000
2023-12-08;37.91000;38.029999;37.51000;37.90000;4873300
2023-12-07;37.97000;38.15000;37.80000;37.98000;5663100
2023-12-06;38.29000;38.44900;37.91000;37.93000;4832200
2023-12-05;38.070000;38.099998;37.83000;38.060001;7758300
2023-12-04;37.80000;38.24000;37.76000;38.22000;10359500
2023-12-01;37.22000;38.040001;37.11000;38.0099983;7273600
2023-11-30;36.90000;37.26500;36.78000;37.23000;5804100
2023-11-29;36.92000;37.22000;36.88000;36.93000;7941600
2023-11-28;36.33000;36.70000;36.18000;36.65000;6450900
2023-11-27;36.34000;36.66500;36.19000;36.45000;4648900
2023-11-24;36.12000;36.33000;35.94000;36.32000;2620300
2023-11-22;36.36000;36.47500;36.040001;36.18000;4951400
2023-11-21;36.11000;36.20500;35.97000;36.070000;3300600
2023-11-20;35.91000;36.25;35.62000;36.25;4228100
2023-11-17;36.32000;36.33000;35.82000;35.97000;4417300
2023-11-16;36.12000;36.20500;35.91000;36.0099983;5026800
2023-11-15;35.87000;36.33100;35.87000;36.020000;7168900
2023-11-14;35.28000;36.22500;35.11000;35.94000;10526900
2023-11-13;34.12000;34.23000;33.89600;34.099998;4313800
2023-11-10;34.25;34.44000;33.94500;34.39000;5969000
2023-11-09;34.64000;34.66000;33.95000;34.0099983;7336200
2023-11-08;34.5;34.62000;34.36000;34.54000;7298000
2023-11-07;34.58000;34.65000;34.30000;34.34000;6579300
2023-11-06;35.049999;35.070000;34.45500;34.63000;7431300
2023-11-03;34.93000;35.625;34.84000;35.11000;8575200
2023-11-02;33.81000;34.45000;33.74000;34.30000;8882200
2023-11-01;33.14000;33.31000;32.90500;33.27000;8343100
2023-10-31;32.74000;33.14000;32.43000;33.099998;8490800
2023-10-30;32.54000;32.72000;31.99000;32.45000;7071900
2023-10-27;32.96000;32.96000;32.23500;32.35000;10350600
2023-10-26;32.33000;33.095001;32.30000;32.87000;10663200
2023-10-25;32.54000;32.65000;32.099998;32.19000;8454400
2023-10-24;32.58000;32.96000;32.57000;32.88000;5749200
2023-10-23;32.47000;32.91000;32.37000;32.47000;6709100
2023-10-20;33.070000;33.23500;32.74000;32.75;8554200
2023-10-19;33.48000;33.73000;32.89500;32.92000;10377000
2023-10-18;34.28000;34.40500;33.74000;33.75;8313200
2023-10-17;34.42000;34.97000;34.27500;34.51000;7239500
2023-10-16;34.55000;34.80000;34.19000;34.69000;7719300
2023-10-13;34.53000;34.65000;34.18000;34.34000;5688400
2023-10-12;34.70000;34.75;34.17500;34.35000;5970000
2023-10-11;34.40000;34.82000;34.34000;34.81000;5178300
2023-10-10;33.97000;34.41000;33.80000;34.12000;4979700
2023-10-09;33.37000;34.090000;33.34000;34;6258000
2023-10-06;33.16000;33.77100;32.82000;33.56000;10218500
2023-10-05;33.21000;33.46500;33.020000;33.43000;7857600
2023-10-04;33.060001;33.23000;32.62000;33.19000;9241000
2023-10-03;33.27000;33.43000;32.74000;32.84000;9197900
2023-10-02;33.94000;34.11000;33.24500;33.45000;8673300
2023-09-29;34.47000;34.54000;33.89000;34.070000;7305700
2023-09-28;33.77000;34.049999;33.68000;33.95000;7431500
2023-09-27;34.040001;34.18000;33.45900;33.60000;9007100
2023-09-26;34.25;34.36800;33.78500;33.90000;7143100
2023-09-25;34.40000;34.53000;34.25500;34.51000;5017200
2023-09-22;34.80000;35.028999;34.51000;34.57000;8497400
2023-09-21;35.84000;35.86000;34.79000;34.81000;5749900
2023-09-20;36.25;36.47500;36.029999;36.060001;3873400
2023-09-19;36.18000;36.29000;35.89000;35.99000;3937100
2023-09-18;36.5;36.50700;36.099998;36.18000;3812000
2023-09-15;36.79000;36.93000;36.65500;36.79000;4755300
2023-09-14;36.57000;37;36.55000;36.93000;3686900
2023-09-13;36.66000;36.66000;36.17000;36.27000;4274000
2023-09-12;36.57000;36.69000;36.32500;36.64000;3225000
2023-09-11;36.66000;36.75;36.45000;36.64000;3336700
2023-09-08;36.93000;36.93500;36.56000;36.62000;4369000
2023-09-07;36.53000;37.0050011;36.48000;36.86000;3861000
2023-09-06;36.62000;36.72100;36.25;36.56000;3974900
2023-09-05;36.94000;36.99500;36.62900;36.63000;5000000
2023-09-01;37.25;37.30500;36.88000;37;3927600
2023-08-31;37.27000;37.33000;36.98000;37.020000;4084700
2023-08-30;37.21000;37.41000;37.125;37.29000;3051300
2023-08-29;36.75;37.18500;36.59000;37.16000;3808200
2023-08-28;36.57000;36.91500;36.57000;36.74000;4212900
2023-08-25;36.44000;36.64000;36.25;36.45000;4985900
2023-08-24;36.58000;37.025002;36.34000;36.35000;5086900
2023-08-23;36.16000;36.55000;36.15000;36.52000;5105800
2023-08-22;36.020000;36.11500;35.84000;35.99000;5446600
2023-08-21;36.13000;36.16000;35.57500;35.88000;3958300
2023-08-18;35.84000;36.29000;35.79000;36.19000;4503900
2023-08-17;36.39000;36.67000;36.070000;36.090000;5679300
2023-08-16;36.85000;36.86500;36.32000;36.36000;4804500
2023-08-15;36.95000;37.047001;36.72500;36.81000;3931200
2023-08-14;37.34000;37.34000;37.070000;37.19000;3069500
2023-08-11;37.16000;37.44000;37.049999;37.39000;3643000
2023-08-10;37.54000;37.79000;37.20500;37.32000;4901600
2023-08-09;37.27000;37.61000;37.12000;37.44000;5354500
2023-08-08;37.25;37.45500;36.99000;37.35000;4094200
2023-08-07;37.18000;37.55000;37.16000;37.54000;3606100
2023-08-04;37.27000;37.66800;36.95500;37.070000;5874700
2023-08-03;37.51000;37.55000;36.91900;37.44000;6268000
2023-08-02;37.89000;38.029999;37.71500;37.96000;6503700
2023-08-01;38.090000;38.27500;37.96000;38.12000;6124600
2023-07-31;38;38.36500;37.89500;38.19000;4940900
2023-07-28;38.44000;38.56000;37.85000;37.89000;5870000
2023-07-27;39.099998;39.20000;37.99000;38;7511200
2023-07-26;38.60000;38.90000;38.59000;38.82000;5117900
2023-07-25;38.91000;39.099998;38.67000;38.68000;4383300
2023-07-24;38.71000;38.99000;38.61000;38.97000;5157000
2023-07-21;38.56000;38.72000;38.42000;38.60000;4799500
2023-07-20;38.37000;38.44000;37.88000;38.43000;6665000
2023-07-19;38.42000;38.82000;38.38000;38.56000;6610700
2023-07-18;38.56000;38.58000;37.81500;38.14000;6516600
2023-07-17;38.66000;38.81000;38.43500;38.46000;4556400
2023-07-14;38.70000;38.81600;38.47000;38.79000;3901200
2023-07-13;38.52000;38.81000;38.27000;38.79000;4708100
2023-07-12;38.77000;38.87000;38.51000;38.53000;7247700
2023-07-11;38;38.38000;37.88000;38.35000;4772800
2023-07-10;37.69000;37.95000;37.59500;37.92000;4345300
2023-07-07;37.72000;38.029999;37.63300;37.79000;4617200
2023-07-06;37.75;38.020000;37.26000;37.97000;5046400
2023-07-05;37.88000;38.42900;37.66000;38.18000;6300600
2023-07-03;37.54000;38.19500;37.47000;37.99000;3628200
2023-06-30;37.81000;37.91000;37.22000;37.69000;6436600
2023-06-29;37.0099983;37.5;36.84000;37.5;3727400
2023-06-28;37.060001;37.21600;36.81200;37.16000;3963100
2023-06-27;36.76000;37.14500;36.55000;37.060001;4012700
2023-06-26;35.85000;36.69000;35.81000;36.66000;2988900
2023-06-23;36.13000;36.38500;35.84000;35.86000;5413800
2023-06-22;36.80000;36.83000;36.025002;36.25;5103500
2023-06-21;36.73000;36.90500;36.47000;36.77000;4543300
2023-06-20;37.13000;37.21000;36.68000;36.93000;4026500
2023-06-16;37.74000;38.060001;37.64000;37.69000;6076400
2023-06-15;37.42000;37.81000;37.16000;37.73000;4383300
2023-06-14;37.49000;37.79600;37.23000;37.57000;7845400
2023-06-13;37.099998;37.41000;36.97000;37.37000;4358200
2023-06-12;37.099998;37.15000;36.77500;37.099998;3819100
2023-06-09;37.34000;37.42000;36.91500;37.12000;4261700
2023-06-08;37.37000;37.41000;36.89500;37.31000;4027000
2023-06-07;37.018002;37.63000;36.79000;37.54000;4415600
2023-06-06;36.84000;36.93500;36.51000;36.86000;3260600
2023-06-05;36.89000;37.040001;36.55000;36.64000;3970500
2023-06-02;36.48000;36.95500;36.31000;36.81000;4350000
2023-06-01;36.0099983;36.25;35.68000;36.049999;5485000
2023-05-31;35.83000;36.11000;35.61000;36.040001;6945100
2023-05-30;35.97000;36.30000;35.74000;35.81000;4540300
2023-05-26;35.38000;35.78500;35.23000;35.70000;4403100
2023-05-25;35.39000;35.57500;35.040001;35.29000;5230700
2023-05-24;35.88500;35.90000;35.15000;35.21000;3991400
2023-05-23;36.38000;36.66000;35.96000;36;3152000
2023-05-22;36.28000;36.68000;36.057999;36.45000;3943200
2023-05-19;36.48000;36.63000;36.049999;36.21000;4558200
2023-05-18;36.36000;36.46500;35.98000;36.27000;4111000
2023-05-17;36.28000;36.56500;35.95000;36.5;3220400
2023-05-16;36.99000;36.99000;36.029999;36.029999;3240300
2023-05-15;37.13000;37.23500;36.89200;37.020000;3003600
2023-05-12;37.16000;37.16000;36.78500;37.090000;2948700
2023-05-11;37.18000;37.21000;36.78500;37.020000;3419800
2023-05-10;37.39000;37.57000;37.040001;37.41000;3770000
2023-05-09;37.060001;37.19500;36.65000;37.060001;2995000
2023-05-08;37.32000;37.49000;37.049999;37.18000;3358700
2023-05-05;37.11000;37.52000;37.040001;37.44000;3265100
2023-05-04;36.52000;37.099998;36.39000;36.87000;4887800
2023-05-03;36.83000;37.24000;36.5;36.53000;6140700
2023-05-02;37.32000;37.39000;36.53000;36.76000;6376400
2023-05-01;37.63000;37.83000;37.35500;37.40000;4381900
2023-04-28;37.32000;37.88000;37.25;37.75;5256200
2023-04-27;36.54000;37.40500;36.54000;37.32000;4278800
2023-04-26;36.65000;37.0099983;36.34000;36.44000;4446300
2023-04-25;36.87000;37.040001;36.72000;36.74000;3664000
2023-04-24;37.25;37.37000;36.79500;37.080002;3709700
2023-04-21;37.23000;37.34000;36.88000;37.18000;3252700
2023-04-20;37.36000;37.39000;36.98400;37.14000;4243600
2023-04-19;37.13000;37.69000;37.060001;37.59000;5605700
2023-04-18;37.5;37.5;37.16200;37.37000;3479300
2023-04-17;36.62000;37.43000;36.62000;37.43000;4601000
2023-04-14;37.30000;37.44000;36.34000;36.60000;4853400
2023-04-13;37.41000;37.41200;36.88900;37.24000;4650800
2023-04-12;37.85000;37.88000;37.29500;37.36000;6764800
2023-04-11;37.38000;37.77000;37.21000;37.47000;9963400
2023-04-10;36.88000;37.30000;36.71000;37.29000;3814600
2023-04-06;36.98000;37.10500;36.65000;37.099998;4053400
2023-04-05;36.97000;37.23000;36.82000;36.85000;4476400
2023-04-04;37.049999;37.21500;36.80500;37.040001;5639900
2023-04-03;37.29000;37.55500;36.82500;37.029999;6452000
2023-03-31;36.74000;37.40000;36.70500;37.38000;6971500
2023-03-30;36.5;36.67600;36.43000;36.58000;4383800
2023-03-29;35.62000;36.13000;35.62000;36.11000;4108600
2023-03-28;35.11000;35.47000;35;35.27000;5117800
2023-03-27;35.73000;35.84000;35.34000;35.39000;5108800
2023-03-24;34.41000;35.52000;34.34000;35.51000;8241100
2023-03-23;34.94000;35.42500;34.51000;34.62000;7494000
2023-03-22;35.89000;35.92000;34.80400;34.83000;8042000
2023-03-21;36.61000;36.64000;35.76400;36.15000;4952600
2023-03-20;36.060001;36.49300;35.87000;36.36000;4962800
2023-03-17;36.94000;36.96000;36.21000;36.23000;8692500
2023-03-16;36.81000;37.25;36.42000;37.080002;8068700
2023-03-15;36.45000;37.20500;36.45000;37.080002;14961500
2023-03-14;37.25;37.41000;36.625;37.060001;7719000
2023-03-13;35.87000;37.22000;35.81500;36.68000;16936000
2023-03-10;37.25;37.34000;35.95000;36.099998;11736200
2023-03-09;38.25;38.29000;37.21000;37.29000;5683500
2023-03-08;37.65000;38.39000;37.62000;38.16000;4473000
2023-03-07;38.60000;38.67000;37.60000;37.63000;5385900
2023-03-06;38.96000;38.96000;38.53000;38.60000;4248500
2023-03-03;38.40000;38.83500;38.29000;38.75;4420200
2023-03-02;37.35000;38.17000;37.30000;38.11000;5067200
2023-03-01;37.97000;38.0099983;37.375;37.62000;7279000
2023-02-28;38.22000;38.68000;38.070000;38.21000;4202100
2023-02-27;38.67000;38.77000;38.020000;38.19000;4816100
2023-02-24;38.37000;38.49000;37.94400;38.13000;8159000
2023-02-23;38.71000;38.93000;38.47000;38.85000;9331700
2023-02-22;38.95000;38.98000;38.30000;38.48000;7049600
2023-02-21;39.40000;39.40000;38.65500;38.83000;4220800
2023-02-17;39.64000;39.74000;39.24000;39.61000;7192500
2023-02-16;39.53000;40.15300;39.26000;39.81000;4807200
2023-02-15;39.83000;40.19500;39.72000;40.18000;3873000
2023-02-14;40.34800;40.63000;39.85500;40.070000;4544900
2023-02-13;40.27000;40.55500;40.22000;40.49000;2943000
2023-02-10;39.83000;40.23000;39.61500;40.12000;4253400
2023-02-09;40.72000;40.85000;39.93000;40.040001;3476900
2023-02-08;40.38000;40.61000;40.23500;40.43000;4347800
2023-02-07;40.39100;40.75500;40.0099983;40.54000;7056600
2023-02-06;40.38000;40.74400;40.19000;40.70000;5384400
2023-02-03;41.23000;41.26000;40.41000;40.96000;7467200
2023-02-02;41.31000;42.21000;41.24000;41.83000;7014400
2023-02-01;40.42000;41.17000;39.99000;40.89000;7921000
2023-01-31;39.85000;40.64500;39.76000;40.59000;4274800
2023-01-30;40.029999;40.49500;39.83000;39.86000;3806400
2023-01-27;39.87000;40.52000;39.86000;40.35000;3519900
2023-01-26;39.76000;39.99000;39.55000;39.99000;4497400
2023-01-25;39.25;39.61000;39.15000;39.54000;8163100
2023-01-24;39.30000;39.65000;38.54000;39.5;7089700
2023-01-23;39.25;39.58900;38.94000;39.33000;7002200
2023-01-20;38.80000;39.26000;38.28000;39.22000;4262500
2023-01-19;38.79000;39.26000;38.74000;38.77000;7253700
2023-01-18;39.78000;39.82000;38.90400;38.96000;7466700
2023-01-17;39.58000;39.82500;39.47000;39.57000;5463200
2023-01-13;39.34000;39.72000;39.25;39.56000;3796000
2023-01-12;39.44000;39.87000;39.060001;39.79000;5102300
2023-01-11;38.21000;39.36000;38.21000;39.35000;4733100
2023-01-10;37.80000;37.99000;37.47000;37.97000;5196700
2023-01-09;38.060001;38.31000;37.73000;37.86000;3965600
2023-01-06;37.11000;38.0099983;36.83000;37.88000;6329600
2023-01-05;37.62000;37.62000;36.75;36.81000;6581100
2023-01-04;37.40000;38.26000;37.27000;37.92000;7586900
2023-01-03;37.23000;37.56000;36.61000;37.070000;7060300
2022-12-30;37.040001;37.18000;36.53000;36.93000;5087800
2022-12-29;36.72100;37.36500;36.62000;37.27000;4143200
2022-12-28;37.14000;37.34000;36.42500;36.46000;4730900
2022-12-27;37.099998;37.18800;36.72000;37.049999;4259700
2022-12-23;36.63000;37.099998;36.47500;37.080002;3935100
2022-12-22;36.60000;36.83000;36.095001;36.75;4206200
2022-12-21;36.88800;37.31000;36.76000;36.93000;4082400
2022-12-20;36.46000;36.78000;36.12000;36.56000;4333900
2022-12-19;37;37.049999;36.42000;36.64000;4543900
2022-12-16;38.12000;38.14000;37.12400;37.5;8016200
2022-12-15;38.59000;38.99000;38.40000;38.64000;6033200
2022-12-14;39.42000;39.91000;38.93500;39.090000;10786500
2022-12-13;39.82000;40;38.99000;39.47000;10763800
2022-12-12;38.34000;38.64000;37.98000;38.62000;4945000
2022-12-09;38.27000;38.71500;38.16000;38.30000;6077000
2022-12-08;38.23000;38.68500;38.12000;38.38000;4461000
2022-12-07;37.90000;38.50500;37.84000;38.099998;6159800
2022-12-06;38.39000;38.46000;37.84000;38.020000;5249500
2022-12-05;38.61000;38.82000;38.23000;38.31000;7165500
2022-12-02;38.68000;39.17000;38.49000;38.97000;5460800
2022-12-01;39.63000;39.84000;38.84000;39.16000;9814100
2022-11-30;38.24000;39.27000;38.0099983;39.24000;8120200
2022-11-29;37.78800;38.39000;37.65000;38.34000;4954300
2022-11-28;38.57000;38.74000;37.625;37.71000;7298200
2022-11-25;38.69000;38.84000;38.58000;38.80000;2254100
2022-11-23;38.45000;38.73000;38.22000;38.57000;3604500
2022-11-22;38.47000;38.53000;38.21900;38.51000;5547200
2022-11-21;37.98800;38.37000;37.83000;38.32000;4836700
2022-11-18;38.070000;38.20000;37.67000;38.049999;5865600
2022-11-17;37.38200;37.69000;37.25500;37.57000;4402600
2022-11-16;38.13000;38.31000;37.81000;37.91000;7771200
2022-11-15;38.26000;38.42000;37.75;38.18000;9588700
2022-11-14;38.52000;38.57000;37.71000;37.71000;6304100
2022-11-11;38.88000;39.20000;38.63500;38.74000;7291400
2022-11-10;37.34500;38.86000;37.19000;38.76000;11979200
2022-11-09;36.29800;36.74000;35.93000;36;7752900
2022-11-08;36.28000;36.77000;36.16500;36.40000;6225500
2022-11-07;36.42000;36.56000;35.96000;36.18000;6479800
2022-11-04;36.0099983;36.36500;35.46000;36.19000;7524100
2022-11-03;35.43000;35.98000;35.029999;35.69000;10969400
2022-11-02;36.47000;36.95000;35.64500;35.71000;13999400
2022-11-01;37.099998;37.30000;36.56500;36.67000;6000900
2022-10-31;36.48000;36.97000;36.32000;36.73000;7154700
2022-10-28;35.87000;36.92000;35.66000;36.82000;5460300
2022-10-27;36.13000;36.39000;35.81500;35.97000;8435500
2022-10-26;36.040001;36.29000;35.72000;35.95000;8945000
2022-10-25;34.70000;36.060001;34.68000;36.020000;7176700
2022-10-24;35;35.14500;34.38000;34.65000;6076300
2022-10-21;34.5;34.68000;33.96000;34.67000;9826900
2022-10-20;34.61000;34.96000;34.32500;34.43000;7603500
2022-10-19;35.17000;35.27000;34.40000;34.60000;7615200
2022-10-18;35.68000;35.96500;35.16000;35.49000;7743400
2022-10-17;34.38000;35.16500;34.32000;35.029999;7687600
2022-10-14;35.070000;35.15000;33.70000;33.77000;9011700
2022-10-13;33.29000;34.81000;33.125;34.64000;14575700
2022-10-12;34.40000;34.43000;33.83000;34;8899300
2022-10-11;34.040001;34.73000;33.71000;34.46000;8847600
2022-10-10;34.62000;34.92000;34.090000;34.14000;7805100
2022-10-07;35.029999;35.26000;34.33500;34.53000;6487600
2022-10-06;36.45000;36.58000;35.32000;35.37000;8933000
2022-10-05;36.77000;36.83000;35.98000;36.57000;7074300
2022-10-04;37.090000;37.60000;36.98000;37.26000;8889900
2022-10-03;36.58000;36.90000;35.99000;36.68000;11620000
2022-09-30;35.79000;36.27000;35.72000;36.0099983;7700800
2022-09-29;36.33000;36.33000;35.42000;35.63000;7684000
2022-09-28;36.24000;36.80000;35.92000;36.65000;7304200
2022-09-27;36.79000;37.055000;35.90200;35.97000;10794400
2022-09-26;37.24000;37.27000;36.055000;36.45000;10027200
2022-09-23;37.54000;37.75;37.014999;37.46000;7329900
2022-09-22;38.16000;38.18000;37.77500;37.93000;6380200
2022-09-21;39.17000;39.41500;38.27000;38.29000;9215800
2022-09-20;39.54000;39.56000;38.67000;38.86000;6259200
2022-09-19;39.62000;39.91000;39.27000;39.91000;4129400
2022-09-16;40.029999;40.38000;39.86500;40.35000;6045400
2022-09-15;41.19000;41.28200;40.29000;40.34000;6227200
2022-09-14;41.60000;41.69000;40.95000;41.24000;4143900
2022-09-13;42.56000;42.71700;41.60000;41.75;4139500
2022-09-12;43.20000;43.47500;43.11000;43.40000;2802400
2022-09-09;42.79000;43.19500;42.52000;43.040001;2909100
2022-09-08;42.26000;42.75;42.14000;42.63000;4505200
2022-09-07;41.72000;42.58000;41.69500;42.51000;4618500
2022-09-06;41.39000;41.92000;41.26000;41.71000;6399500
2022-09-02;42.35000;42.44500;41.18500;41.28000;3911300
2022-09-01;41.53000;42.0099983;41.24000;42;5343200
2022-08-31;42.23000;42.46000;41.75;41.85000;4646700
2022-08-30;42.69000;42.76000;41.87000;42;3539400
2022-08-29;42.74000;43.040001;42.5;42.61000;2492900
2022-08-26;44.13000;44.13000;42.96000;42.98000;2725600
2022-08-25;43.63000;44.11000;43.45000;44.099998;1713900
2022-08-24;43.17000;43.66500;43.090000;43.43000;3277100
2022-08-23;43.64000;43.71000;42.93000;43.090000;2800000
2022-08-22;44.34000;44.37000;43.71000;43.75;3430400
2022-08-19;45.020000;45.080002;44.53500;44.68000;3202300
2022-08-18;45.51000;45.58000;44.86000;45.12000;1654800
2022-08-17;45.14000;45.70100;45.11000;45.43000;3331300
2022-08-16;45.52000;45.81500;45.43000;45.56000;3279000
2022-08-15;45.5;45.86500;45.39000;45.74000;3296500
2022-08-12;45.060001;45.56900;44.99000;45.54000;2392600
2022-08-11;45.22000;45.31000;44.63500;44.78000;2815500
2022-08-10;44.89000;45.070000;44.62000;44.99000;3617200
2022-08-09;44.20000;44.39000;43.94000;44.39000;2368400
2022-08-08;44.13000;44.51000;43.81000;44.040001;4055100
2022-08-05;43.26000;43.76000;43.099998;43.72000;3320200
2022-08-04;43.63000;43.75500;43.31000;43.58000;3236400
2022-08-03;43.63000;43.96000;43.53000;43.54000;3208100
2022-08-02;43.98000;44.070000;43.33000;43.36000;3477300
2022-08-01;44.14000;44.24000;43.77000;43.94000;4102700
2022-07-29;44.18000;44.54000;43.99000;44.34000;3523300
2022-07-28;43.049999;44.23000;42.88000;44.17000;5375700
2022-07-27;42.43000;42.69000;42.099998;42.60000;5156000
2022-07-26;42.33000;42.64500;42.21000;42.37000;3006400
2022-07-25;42.26000;42.55000;42.064999;42.29000;3131300
2022-07-22;42.17000;42.51000;41.94000;42.26000;3791600
2022-07-21;41.58000;41.95000;41.23000;41.94000;5243600
2022-07-20;41.61000;42.099998;41.38000;41.51000;3630300
2022-07-19;40.99000;41.79000;40.91000;41.72000;3414900
2022-07-18;41.29000;41.30000;40.45000;40.60000;4191200
2022-07-15;40.85000;41.24500;40.63000;41;3126600
2022-07-14;40.040001;40.53000;39.99000;40.35000;4305800
2022-07-13;40.49000;41.090000;40.24000;40.75;5314500
2022-07-12;41;41.42500;40.68000;40.97000;3978300
2022-07-11;41.11000;41.35000;40.83000;41.23000;3716600
2022-07-08;41.26000;41.50500;41.020000;41.23000;3067500
2022-07-07;41.59000;41.84000;41.28000;41.42000;3019300
2022-07-06;41.59000;41.96000;41.28000;41.39000;5866400
2022-07-05;41.18000;41.42000;40.41500;41.42000;4563400
2022-07-01;40.78000;41.71000;40.72000;41.59000;4894100
2022-06-30;40.65000;41.36000;40.33000;40.86000;4305200
2022-06-29;40.75;40.92000;40.27000;40.83000;4473000
2022-06-28;41.87000;42.18000;41.020000;41.090000;3487300
2022-06-27;41.73000;42.17000;41.47000;41.66000;4743000
2022-06-24;41.21000;41.83000;41.099998;41.81000;6781800
2022-06-23;40.32000;41.055000;40.28000;40.92000;7414500
2022-06-22;39.12000;40.68500;39.080002;40.13000;5776400
2022-06-21;39.18000;39.82000;39.14000;39.49000;6031800
2022-06-17;39.029999;39.64000;38.74400;39.080002;14302000
2022-06-16;38.93000;39.31000;38.66000;38.85000;8398000
2022-06-15;39.30000;40.36000;39.17000;39.80000;9429200
2022-06-14;39.32000;39.40000;38.63000;38.91000;9800800
2022-06-13;40.099998;40.26000;39.020000;39.19000;13192800
2022-06-10;41.61000;41.73000;41.15000;41.17000;8566800
2022-06-09;43.0099983;43.34000;42.16000;42.17000;5533800
2022-06-08;43.97000;44.040001;43.060001;43.16000;5418800
2022-06-07;43.5;44.25;43.20000;44.22000;4812800
2022-06-06;44.15000;44.22000;43.59000;43.71000;7605400
2022-06-03;44;44.31000;43.74000;43.84000;6905100
2022-06-02;43.53000;44.42000;42.90500;44.40000;8401500
2022-06-01;44.39000;44.42000;43.26000;43.74000;9317800
2022-05-31;44.35000;44.55000;43.97000;44.22000;15462000
2022-05-27;43.83000;44.84000;43.83000;44.82000;4540800
2022-05-26;43.91000;44.11600;43.5;43.59000;7131100
2022-05-25;43.21000;43.79000;43.060001;43.64000;7668000
2022-05-24;42.63000;43.47000;42.14000;43.40000;9706200
2022-05-23;42.68000;43;42.11000;42.90000;8100200
2022-05-20;42.31000;42.43000;41.69000;42.35000;9859500
2022-05-19;41.65000;42.35000;41.59000;41.86000;8204600
2022-05-18;43.13000;43.18000;41.80000;41.94000;9546400
2022-05-17;43.25;43.30000;42.59000;43.20000;7254800
2022-05-16;42.96000;43.14000;42.69500;42.74000;7445500
2022-05-13;42.51000;43.12000;42.12000;43.090000;8949200
2022-05-12;41.71000;42.040001;41.37000;42.040001;20802700
2022-05-11;41.91000;42.67000;41.66000;41.73000;25360800
2022-05-10;43.26000;43.57000;41.52000;41.79000;27771000
2022-05-09;44.42000;44.42000;42.60000;42.74000;18005000
2022-05-06;44.90000;45.080002;44.33000;44.83000;16154900
2022-05-05;46.22000;46.58000;44.96000;45.29000;13591600
2022-05-04;45.93000;46.55000;45.15500;46.48000;14707100
2022-05-03;45.62000;46.26000;45.22000;45.94000;13431300
2022-05-02;46.73000;46.89000;44.45800;45.39000;17231300
2022-04-29;48.62000;48.67000;46.49000;46.60000;11520500
2022-04-28;48.43000;49.10500;47.78000;48.96000;9532500
2022-04-27;48.47000;48.86000;48.029999;48.080002;13001300
2022-04-26;49.049999;49.38000;48.36000;48.37000;8830300
2022-04-25;49.31000;49.45000;48.34000;49.14000;8143800
2022-04-22;50.20000;50.20000;49.33000;49.37000;8511100
2022-04-21;50.80000;50.97000;50.24000;50.27000;6083100
2022-04-20;49.80000;50.74000;49.71000;50.60000;6241800
2022-04-19;48.91000;49.79000;48.90000;49.66000;5908900
2022-04-18;48.67000;48.97000;48.38000;48.64000;5247900
2022-04-14;49.15000;49.38000;48.73400;48.76000;5098900
2022-04-13;48.91000;49.10500;48.62000;49.040001;8415000
2022-04-12;48.89000;49.26000;48.63000;48.84000;6728900
2022-04-11;49.56000;49.79000;48.85000;48.99000;5041300
2022-04-08;49.49000;49.83000;49.25;49.67000;5033700
2022-04-07;49.62000;49.71000;49.14000;49.49000;6015900
2022-04-06;48.96000;49.96000;48.75;49.90000;6810900
2022-04-05;48.94000;49.81000;48.94000;49.17000;5239100
2022-04-04;49.26000;49.43000;48.69500;49.13000;5056000
2022-04-01;48.55000;49.31000;48.30000;49.28000;6746700
2022-03-31;49.099998;49.22000;48.29000;48.32000;5624200
2022-03-30;48.94000;48.99000;48.59000;48.86000;3881400
2022-03-29;48.090000;49.20000;48.090000;49.13000;5108100
2022-03-28;47.16000;47.76000;47.16000;47.73000;3705400
2022-03-25;46.76000;47.16000;46.60000;47.13000;4003200
2022-03-24;46.29000;46.58000;46.090000;46.58000;3758900
2022-03-23;46.62000;46.80000;46.16400;46.22000;3976800
2022-03-22;46.89000;47.070000;46.68000;46.75;2853300
2022-03-21;46.95000;47.22000;46.49000;46.72000;3979300
2022-03-18;47.29000;47.44000;46.93000;47.23000;4727800
2022-03-17;46.32000;47.14000;46.27000;47.12000;4499700
2022-03-16;46.31000;46.66900;45.5;46.46000;6868200
2022-03-15;46.12000;46.31000;45.54000;45.95000;4988500
2022-03-14;46.22000;46.24000;45.41000;45.59000;4846100
2022-03-11;46.56000;46.88000;45.85500;45.87000;4363500
2022-03-10;45.72000;46.40000;45.47000;46.33000;5638500
2022-03-09;46.19000;46.61000;46.049999;46.17000;6229300
2022-03-08;45.83000;46.31000;45.37000;45.41000;10469300
2022-03-07;46.58000;46.72000;45.82000;45.82000;7882200
2022-03-04;45.93000;46.71000;45.83000;46.67000;6193600
2022-03-03;46.040001;46.45500;45.67000;46.28000;5774900
2022-03-02;45.14000;45.98500;45.12200;45.78000;5481500
2022-03-01;45.29000;45.54000;44.73000;44.98000;9027900
2022-02-28;45.27000;45.53000;44.59000;45.070000;8591800
2022-02-25;44.92000;45.89500;44.71000;45.86000;6193400
2022-02-24;43.16000;44.875;43;44.74000;11608800
2022-02-23;44.95000;45.20000;43.92000;43.98000;5917600
2022-02-22;44.60000;44.87000;44.29000;44.56000;6832300
2022-02-18;44.74000;45.19000;44.54100;44.68000;6226000
2022-02-17;45.15000;45.32000;44.77500;44.88000;5008400
2022-02-16;45.22000;45.38000;44.79000;45.27000;5675200
2022-02-15;45.35000;45.54000;44.99000;45.15000;5395100
2022-02-14;45.46000;45.69000;44.73000;44.93000;6979200
2022-02-11;46.22000;46.33000;45.14000;45.42000;9040100
2022-02-10;46.63000;47.21500;45.78500;46.049999;8187100
2022-02-09;46.83000;47.42500;46.81000;47.40000;4927400
2022-02-08;46.57000;46.71500;46.18000;46.28000;4876000
2022-02-07;46.69000;47.0099983;46.56000;46.70000;5403300
2022-02-04;47;47.30000;46.34000;46.69000;5447900
2022-02-03;47.55000;47.71000;47.28000;47.34000;4484000
2022-02-02;47.28000;47.93500;47.24000;47.83000;6716600
2022-02-01;47.34000;47.41000;46.71000;47.020000;8057400
2022-01-31;46.57000;47.41000;46.42000;47.34000;4557200
2022-01-28;45.35000;46.82000;44.80000;46.82000;6455400
2022-01-27;46.43000;46.71500;45.070000;45.25;8783800
2022-01-26;47.099998;47.67000;45.74500;46.080002;12858500
2022-01-25;46.43000;47.20000;45.99000;46.86000;10908900
2022-01-24;46.47000;47.084999;45.35300;46.99000;19972200
2022-01-21;47.15000;47.46500;46.77500;46.89000;10920600
2022-01-20;47.43000;48.061001;46.87000;46.92000;7586800
2022-01-19;48.21000;48.5;47.34000;47.34000;7152500
2022-01-18;47.99000;48.12000;47.48000;47.96000;8948300
2022-01-14;48.58000;48.64000;47.73000;48.29000;5737300
2022-01-13;49.20000;49.30000;48.77600;48.86000;5481200
2022-01-12;48.84000;49.35000;48.84000;49.029999;4686800
2022-01-11;48.88000;48.98500;48.17500;48.90000;7442400
2022-01-10;48.85000;48.98000;48.25;48.98000;6870600
2022-01-07;49.37000;49.59900;49.040001;49.27000;6141100
2022-01-06;49.51000;49.67500;48.88000;49.53000;9807100
2022-01-05;50.96000;50.96000;49.44000;49.47000;14980800
2022-01-04;51.47000;51.69000;51.080002;51.13000;7440700
2022-01-03;51.98000;51.98000;50.55000;51.33000;8441200
2021-12-31;51.72000;52.17000;51.66000;51.81000;3979100
2021-12-30;51.52000;51.87000;51.44000;51.70000;3665900
2021-12-29;51.26000;51.62000;51.020000;51.47000;4404700
2021-12-28;50.94000;51.18000;50.77000;51.16000;5592700
2021-12-27;50.060001;50.94000;49.96000;50.94000;5183100
2021-12-23;50.17000;50.19000;49.63000;49.92000;5264600
2021-12-22;49.73000;50.099998;49.67500;50.070000;4530000
2021-12-21;49.64000;49.89000;49.375;49.58000;6024000
2021-12-20;49.049999;49.5;48.77000;49.30000;9760200
2021-12-17;50.17000;50.64500;49.98000;50.049999;8626500
2021-12-16;50.14000;50.55000;49.90500;50.22000;7161500
2021-12-15;49.46000;50.099998;49.41000;50.029999;8196000
2021-12-14;49.74000;49.85000;48.93000;49.30000;8920600
2021-12-13;49.049999;50.075001;48.98000;49.85000;5105600
2021-12-10;49.14000;49.23000;48.88200;49.19000;3683700
2021-12-09;49.46000;49.47000;48.89500;48.94000;3572400
2021-12-08;49.36000;49.70000;49.19000;49.57000;6931400
2021-12-07;48.88000;49.43500;48.76000;49.36000;7763600
2021-12-06;48.16000;48.90000;48.14000;48.5;8711100
2021-12-03;48.11000;48.34000;47.40000;47.81000;11826500
2021-12-02;47.090000;48.34000;46.98000;48.049999;10097200
2021-12-01;47.90000;48.43000;46.74000;46.77000;12299600
2021-11-30;48.18000;48.30000;47.37000;47.39000;11022100
2021-11-29;48.17000;48.76000;47.80900;48.40000;7173400
2021-11-26;48.47000;48.59000;47.73000;47.80000;6829200
2021-11-24;48.47000;49.19500;48.34000;49.13000;5086700
2021-11-23;48.12000;48.61500;47.89500;48.48000;9784700
2021-11-22;48.22000;48.42000;47.85000;47.97000;5416900
2021-11-19;48.52000;48.59000;48.090000;48.21000;5099600
2021-11-18;48.53000;48.58000;48.25;48.47000;5484700
2021-11-17;48.060001;48.54000;47.46000;48.48000;15340000
2021-11-16;48.49000;48.58000;48.064999;48.16000;4936700
2021-11-15;48.21000;48.46000;48.0099983;48.46000;3591500
2021-11-12;48.33000;48.35000;48.0099983;48.19000;3902800
2021-11-11;48.21000;48.21000;47.81000;48.17000;4191900
2021-11-10;48.24000;48.56000;48.14500;48.15000;5063100
2021-11-09;48.31000;48.48000;48.20000;48.39000;4410400
2021-11-08;48.36000;48.42000;47.77000;48.21000;5791700
2021-11-05;48.58000;48.85000;48.13800;48.22000;5731400
2021-11-04;48.58000;48.70000;47.91000;48.11000;4620600
2021-11-03;48.44000;48.76000;48.16000;48.66000;4814500
2021-11-02;48.17000;48.54800;47.92000;48.38000;6617300
2021-11-01;47.94000;48.025002;47.14500;47.93000;6766900
2021-10-29;48.22000;48.36000;47.61000;47.82000;7925200
2021-10-28;47.69000;48.40000;47.67200;48.40000;6690300
2021-10-27;48.29000;48.32000;47.70000;47.70000;7158300
2021-10-26;47.89000;48.21900;47.83000;48.049999;9546200
2021-10-25;47.73000;47.94500;47.35500;47.83000;4933100
2021-10-22;47.49000;47.79500;47.41000;47.69000;5378000
2021-10-21;47.18000;47.39000;47.025002;47.35000;5528800
2021-10-20;46.58000;47.21000;46.51000;47.20000;5596400
2021-10-19;46.52000;46.70000;46.41000;46.49000;3509700
2021-10-18;46.029999;46.47000;45.93000;46.28000;4251300
2021-10-15;46.48000;46.60000;45.92000;46.20000;5210100
2021-10-14;45.82000;46.23500;45.71000;46.18000;4392500
2021-10-13;45.20000;45.59000;44.85300;45.54000;9279200
2021-10-12;44.75;45.48000;44.66000;45.28000;5663300
2021-10-11;44.60000;44.87600;44.34000;44.68000;4151900
2021-10-08;45.11000;45.17000;44.55000;44.62000;5464400
2021-10-07;45.30000;45.72000;45.049999;45.11000;7269800
2021-10-06;44.46000;45.099998;43.95000;45.060001;8996300
2021-10-05;45.060001;45.060001;44.43000;44.63000;5480300
2021-10-04;44.84000;45.16000;44.65000;44.98000;10456400
2021-10-01;44.74000;45.25;44.40000;44.93000;8294700
2021-09-30;45.38000;45.39500;44.45000;44.45000;6342800
2021-09-29;45.049999;45.38000;45;45.17000;5975800
2021-09-28;44.87000;45.080002;44.53000;44.88000;12068800
2021-09-27;45.87000;46.14000;45.10500;45.15000;6701100
2021-09-24;46.35000;46.52000;45.78000;45.91000;5211600
2021-09-23;46.78000;46.92000;46.37000;46.44000;4571500
2021-09-22;46.60000;46.93000;46.35000;46.67000;6432400
2021-09-21;46.46000;46.83000;46.26000;46.28000;6982600
2021-09-20;46.070000;46.61500;45.72000;46.27000;13017800
2021-09-17;47.020000;47.33000;46.77300;46.85000;8711800
2021-09-16;47.19000;47.47900;46.85000;47.28000;4685700
2021-09-15;47.11000;47.44000;46.83000;47.19000;4885700
2021-09-14;47.33000;47.39000;46.77000;47.0099983;5234500
2021-09-13;47.33000;47.50500;46.91100;47.11000;5495200
2021-09-10;47.5;47.52000;46.83000;46.85000;6203600
2021-09-09;48.21000;48.26000;47.44000;47.45000;4573200
2021-09-08;48.0099983;48.63000;47.91000;48.48000;6704200
2021-09-07;48.55000;48.60000;47.73400;48.19000;7162300
2021-09-03;48.58000;48.80500;48.15500;48.73000;5537900
2021-09-02;48.58000;48.73000;48.14000;48.73000;6576100
2021-09-01;47.75;48.55000;47.74000;48.5;9196200
2021-08-31;47.24000;47.74000;47.12000;47.68000;4855300
2021-08-30;46.87000;47.41500;46.77000;47.40000;6169800
2021-08-27;46.64000;46.96000;46.54000;46.83000;2530500
2021-08-26;46.47000;46.59500;46.27500;46.45000;2861300
2021-08-25;46.47000;46.65500;46.26000;46.42000;4543600
2021-08-24;46.94000;46.94000;46.35000;46.47000;4291800
2021-08-23;47.14000;47.16000;46.72000;46.82000;4653700
2021-08-20;46.76000;47.23700;46.43000;47;4420700
2021-08-19;46.25;46.85000;46.12000;46.78000;5385100
2021-08-18;46.77000;46.79000;46.33000;46.39000;5431500
2021-08-17;46.63000;46.89500;46.47000;46.88000;4916800
2021-08-16;46.67000;46.98000;46.60000;46.79000;4879200
2021-08-13;46.58000;46.76000;46.38500;46.74000;4763300
2021-08-12;46.37000;46.44000;46.11000;46.43000;3733000
2021-08-11;46.24000;46.37000;46.049999;46.27000;4074400
2021-08-10;46.58000;46.60000;45.99000;46.020000;6752900
2021-08-09;46.73000;46.73000;46.41000;46.52000;3556200
2021-08-06;46.85000;47.0099983;46.63200;46.73000;3452600
2021-08-05;46.69000;46.83000;46.41000;46.81000;5469000
2021-08-04;46.60000;46.80000;46.22000;46.44000;4374600
2021-08-03;46.53000;46.66500;46.28800;46.59000;6669700
2021-08-02;46.62000;46.89000;46.34000;46.40000;6819300
2021-07-30;46.33000;46.93000;46.27000;46.38000;4998700
2021-07-29;46.49000;46.74000;46.18000;46.23000;7659100
2021-07-28;46.68000;46.70000;46.22000;46.37000;6457100
2021-07-27;46.26000;46.69000;46.095001;46.65000;3937400
2021-07-26;46.17000;46.29900;45.88000;46.28000;3699600
2021-07-23;46.0099983;46.32000;45.88000;46.28000;4995800
2021-07-22;46.029999;46.029999;45.62000;45.86000;4127600
2021-07-21;46.41000;46.47000;46.11500;46.19000;4280500
2021-07-20;45.74000;46.48000;45.67000;46.33000;4986200
2021-07-19;45.81000;45.92000;45.13000;45.51000;8124900
2021-07-16;46.33000;46.54500;46.18000;46.23000;4107200
2021-07-15;46.070000;46.25;46.014999;46.18000;4138400
2021-07-14;45.75;46.24500;45.61000;46.11000;3942900
2021-07-13;46.15000;46.24000;45.56000;45.71000;4764500
2021-07-12;45.89000;46.36000;45.85000;46.31000;3406600
2021-07-09;45.53000;45.94000;45.35000;45.91000;4090400
2021-07-08;45.070000;45.43000;44.97000;45.31000;5252900
2021-07-07;45.090000;45.52000;44.86000;45.35000;4634400
2021-07-06;44.70000;45.16000;44.41000;45.12000;5002400
2021-07-02;44.66000;44.87600;44.5;44.72000;3992900
2021-07-01;44.32000;44.85000;44.16500;44.51000;6332000
2021-06-30;44.66000;44.92000;44.28000;44.33000;6087600
2021-06-29;44.66000;44.97800;44.60000;44.68000;2851400
2021-06-28;44.78000;44.78000;44.35000;44.71000;3260700
2021-06-25;44.46000;44.70000;44.30000;44.69000;3278500
2021-06-24;44.74000;44.74000;44.18000;44.37000;3267900
2021-06-23;44.70000;44.84400;44.52300;44.58000;5049300
2021-06-22;44.94000;44.95000;44.71000;44.72000;2428600
2021-06-21;44.24000;45.029999;44.070000;44.92000;4818200
2021-06-18;44.79000;45.044998;44.33000;44.33000;9034600
2021-06-17;44.77000;45.070000;44.67000;45.040001;4558600
2021-06-16;45.38000;45.50500;44.83000;44.87000;6093100
2021-06-15;45.70000;45.70000;45.24000;45.28000;2948300
2021-06-14;45.45000;45.72000;45.38000;45.70000;2746000
2021-06-11;45.78000;45.78000;45.27000;45.44000;4478100
2021-06-10;45.29000;45.81000;45.17500;45.73000;3818400
2021-06-09;45.38000;45.46800;45.23000;45.27000;2401800
2021-06-08;45.070000;45.36800;45.0050011;45.22000;5577200
2021-06-07;44.62000;45.15000;44.62000;44.98000;5659700
2021-06-04;44.67000;44.73000;44.34000;44.56000;3061300
2021-06-03;44.44200;44.56000;44.23500;44.52000;3447300
2021-06-02;44.11000;44.62000;43.98000;44.61000;4599000
2021-06-01;43.48000;44;43.28000;44;5512300
2021-05-28;43.22800;43.41000;43.15000;43.26000;3534100
2021-05-27;43.16000;43.18000;42.90400;42.97000;4288000
2021-05-26;43;43.30000;42.89000;43.020000;4738200
2021-05-25;42.90000;43.078999;42.61000;42.92000;4333800
2021-05-24;42.58000;42.99500;42.51000;42.80000;9873000
2021-05-21;42.51000;42.57000;42.27000;42.34000;4565100
2021-05-20;41.82000;42.57000;41.74500;42.41000;5260700
2021-05-19;41.73000;41.89000;41.33000;41.89000;7500900
2021-05-18;41.95000;42.29900;41.67500;42.049999;4545500
2021-05-17;41.91000;42.075001;41.82000;41.97000;3583400
2021-05-14;41.77000;42.11000;41.62000;41.95000;3828600
2021-05-13;41.12000;41.79800;41.11000;41.56000;10719300
2021-05-12;41.89000;42;41.020000;41.040001;5443800
2021-05-11;42.11000;42.21800;41.67500;42.060001;5546200
2021-05-10;42.58000;42.93800;42.46500;42.56000;3873100
2021-05-07;41.82000;42.39000;41.82000;42.37000;3863600
2021-05-06;41.68000;41.91000;41.51000;41.86000;4116400
2021-05-05;42.22000;42.23000;41.48000;41.66000;5972400
2021-05-04;42.45000;42.72000;42.020000;42.28000;4892400
2021-05-03;42.87000;42.87000;42.48000;42.54000;5074000
2021-04-30;42.34000;42.81000;42.30000;42.77000;4592300
2021-04-29;42.41000;42.58000;42.20000;42.49000;4261900
2021-04-28;42.40000;42.48000;42.15000;42.18000;2246200
2021-04-27;42.47000;42.47000;42.22000;42.33000;3715200
2021-04-26;42.41000;42.57000;42.22000;42.33000;2893600
2021-04-23;42.11000;42.36000;41.98000;42.24000;3551700
2021-04-22;42.13000;42.37000;41.93000;42;4074600
2021-04-21;42.060001;42.26000;41.93000;42.18000;4182600
2021-04-20;41.45000;42.12000;41.40000;41.99000;5042100
2021-04-19;41.41000;41.54500;41.16500;41.53000;3291600
2021-04-16;41.52000;41.55000;41.29000;41.40000;3173700
2021-04-15;40.80000;41.35000;40.70000;41.34000;3786400
2021-04-14;40.80000;41.0099983;40.52000;40.57000;3027900
2021-04-13;40.58000;40.86000;40.48000;40.82000;7557800
2021-04-12;40.43000;40.58500;40.090000;40.58000;2946900
2021-04-09;40.35000;40.39000;40.16000;40.34000;1887000
2021-04-08;40.53000;40.70000;40.24500;40.28000;4042700
2021-04-07;40.45000;40.57400;40.11500;40.48000;3063200
2021-04-06;40.24000;40.43000;40.080002;40.43000;4270100
2021-04-05;40.37000;40.37000;39.94000;40.33000;5235600
2021-04-01;39.68000;40.12000;39.47000;40.12000;6082700
2021-03-31;39.60000;39.89600;39.27000;39.49000;5083900
2021-03-30;39.76000;39.82000;39.55000;39.65000;4534600
2021-03-29;39.77000;40;39.34000;39.82000;5335600
2021-03-26;39.14000;39.93000;39.040001;39.91000;4550900
2021-03-25;38.63000;39.0050011;38.22000;38.96000;5725300
2021-03-24;38.78000;39.029999;38.50500;38.63000;10398000
2021-03-23;38.76000;39.070000;38.60000;38.80000;4453800
2021-03-22;38.28000;38.80000;38.16000;38.68000;4371700
2021-03-19;39.17000;39.30900;38.58000;38.64000;5718700
2021-03-18;39.19000;39.27000;38.86000;39.16000;4147000
2021-03-17;39.40000;39.45000;39.060001;39.41000;4914800
2021-03-16;39.53000;39.66000;39.29000;39.47000;3814700
2021-03-15;39.060001;39.58000;38.84200;39.47000;4585700
2021-03-12;38.33000;39.029999;38.31000;39.029999;3621600
2021-03-11;37.92000;38.65000;37.82500;38.37000;4092700
2021-03-10;37.48000;38.040001;37.38000;37.81000;4908400
2021-03-09;37.21000;37.69500;37.21000;37.44000;4163400
2021-03-08;36.93000;37.48000;36.67000;37.020000;5381500
2021-03-05;36.70000;37;35.89000;36.84000;9431800
2021-03-04;36.81000;37.12000;36.070000;36.42000;11162900
2021-03-03;37.15000;37.15000;36.63500;36.69000;7743400
2021-03-02;37.40000;37.42000;36.85000;37.15000;7482600
2021-03-01;37.76000;38.020000;37.375;37.38000;4505600
2021-02-26;38.12000;38.12000;37.31700;37.34000;8008400
2021-02-25;38.64000;38.90000;37.74000;38;6790200
2021-02-24;38.45000;38.76500;38.31000;38.63000;3779900
2021-02-23;38.54000;38.69000;38.30500;38.45000;5986100
2021-02-22;38.029999;38.45000;37.88000;38.31000;4293100
2021-02-19;38.15000;38.36000;37.98500;38.090000;2448500
2021-02-18;37.84000;38.029999;37.82000;37.97000;2932100
2021-02-17;37.94000;38.055000;37.72000;37.99000;3277200
2021-02-16;38.43000;38.47000;37.77000;37.96000;3341300
2021-02-12;38.29000;38.46000;38.021000;38.37000;1826300
2021-02-11;38.5;38.61000;38.18000;38.38000;2301000
2021-02-10;38.38000;38.70500;38.23100;38.45000;3329000
2021-02-09;38.099998;38.31000;37.98000;38.19000;1682200
2021-02-08;37.96000;38.029999;37.69000;38.020000;2590000
2021-02-05;37.92000;38.0099983;37.78000;37.94000;2019400
2021-02-04;37.65000;38.040001;37.53000;37.81000;3040200
2021-02-03;37.70000;37.73000;37.090000;37.60000;3472200
2021-02-02;37.78000;37.94000;37.51000;37.75;3017400
2021-02-01;36.99000;37.60500;36.52000;37.59000;3729300
2021-01-29;36.87000;37.29000;36.55000;36.76000;5590700
2021-01-28;37.12000;37.59100;36.80000;37.15000;11831200
2021-01-27;37.30000;37.69000;36.81000;37.049999;8415100
2021-01-26;37.20000;37.63000;37.12000;37.53000;3398900
2021-01-25;36.81000;37.37000;36.63000;37.15000;5784200
2021-01-22;36.55000;36.91000;36.52000;36.82000;2355200
2021-01-21;36.70000;36.76900;36.37000;36.73000;2669600
2021-01-20;36.19000;36.99400;36.0099983;36.85000;4404200
2021-01-19;36.52000;36.54000;36.025002;36.099998;3317800
2021-01-15;35.71000;36.40600;35.63000;36.34000;4213000
2021-01-14;35.67000;36.020000;35.5;35.79000;3792500
2021-01-13;35.070000;35.63000;35.070000;35.57000;3024400
2021-01-12;34.99000;35.13000;34.65000;35.090000;4372500
2021-01-11;35.47000;35.63000;34.95500;35.060001;4050000
2021-01-08;35.37000;35.77000;35.32000;35.66000;3419900
2021-01-07;35.25;35.40000;35.014999;35.28000;3433700
2021-01-06;35.35000;35.39500;34.97000;35.17000;7383400
2021-01-05;35.40000;35.68000;35.31000;35.34000;4432400
2021-01-04;36.64000;36.71000;35.37000;35.38000;4967000
2020-12-31;36.13000;36.61000;35.85000;36.56000;4083800
2020-12-30;36.0099983;36.39000;35.93500;36.12000;2365000
2020-12-29;36.36000;36.51000;35.92000;35.92000;2212200
2020-12-28;36.029999;36.23000;35.86000;36.20000;2955500
2020-12-24;35.70000;35.91000;35.68000;35.91000;1600000
2020-12-23;36.020000;36.21800;35.56000;35.56000;1965300
2020-12-22;35.68000;35.90000;35.53000;35.90000;1673100
2020-12-21;35.53000;35.74000;35.30000;35.65000;5463900
2020-12-18;37.11000;37.13000;36.17500;36.44000;4150700
2020-12-17;36.85000;37.13000;36.74000;37.080002;2124200
2020-12-16;36.71000;36.90500;36.43900;36.65000;2919300
2020-12-15;36.20000;36.64000;35.94000;36.64000;2593200
2020-12-14;36.58000;36.79500;35.99000;36.0099983;3412600
2020-12-11;36.099998;36.28000;35.85000;36.27000;2340600
2020-12-10;36.31000;36.60000;36.14000;36.25;2687300
2020-12-09;36.83000;36.86000;36.22000;36.45000;3443200
2020-12-08;36.82000;37.040001;36.77000;36.79000;2184100
2020-12-07;37.28000;37.36000;36.83500;36.96000;3027800
2020-12-04;37.049999;37.35000;37.0099983;37.33000;3325500
2020-12-03;36.64000;37.020000;36.60000;36.84000;2953400
2020-12-02;36.86000;37.090000;36.54000;36.57000;3019100
2020-12-01;36.87000;37.088001;36.79000;36.96000;4491900
2020-11-30;36.80000;36.80000;36.32500;36.5;4225200
2020-11-27;37.060001;37.060001;36.67000;36.82000;1791100
2020-11-25;36.87000;36.97000;36.57000;36.89000;3553300
2020-11-24;37.24000;37.37000;36.75800;36.80000;3201500
2020-11-23;37.15000;37.22000;36.75500;36.82000;4084700
2020-11-20;37.24000;37.25;36.81000;36.94000;2799000
2020-11-19;37.080002;37.26000;36.68000;37.19000;4583900
2020-11-18;37.80000;38.14500;37.11000;37.13000;4579100
2020-11-17;37.52000;37.91000;37.24000;37.77000;4501200
2020-11-16;38.19000;38.27000;37.30000;37.75;4066500
2020-11-13;36.87000;37.60000;36.87000;37.51000;3078700
2020-11-12;36.94000;37.16500;36.45000;36.67000;5034500
2020-11-11;36.96000;37.27000;36.67000;37.049999;6219300
2020-11-10;36.62000;36.99000;36.46000;36.77000;9593400
2020-11-09;37.35000;39.11000;36.48000;36.57000;11855500
2020-11-06;35.80000;36.055000;35.5;35.63000;4562400
2020-11-05;35.92000;36.12000;35.61100;35.77000;4718500
2020-11-04;35.69000;36.30000;35.45000;35.64000;5642500
2020-11-03;35.27000;35.76000;35.16000;35.54000;4895700
2020-11-02;34.53000;34.99000;34.29000;34.99000;5349800
2020-10-30;34.16000;34.37000;33.71000;34.15000;5662400
2020-10-29;34.060001;34.66000;33.74000;34.37000;4989600
2020-10-28;34.19000;34.57000;33.83000;33.98000;5331500
2020-10-27;35.26000;35.44000;34.75;34.75;2760300
2020-10-26;35.36000;35.36000;34.87000;35.20000;3322600
2020-10-23;35.54000;35.73000;35.34500;35.63000;2194100
2020-10-22;35.64000;35.69000;35.33500;35.40000;3013900
2020-10-21;35.67000;35.87000;35.56000;35.65000;3566700
2020-10-20;35.74000;36.035000;35.68000;35.78000;5962200
2020-10-19;36.19000;36.33000;35.5;35.54000;3782500
2020-10-16;36.27000;36.34000;35.99000;36.11000;2730500
2020-10-15;35.85000;36.54000;35.83000;36.24000;3691200
2020-10-14;36.54000;36.55000;36.020000;36.070000;7041600
2020-10-13;37;37;36.28000;36.49000;4258700
2020-10-12;37;37.20000;36.76000;37.12000;2747100
2020-10-09;37.24000;37.25;36.78900;36.93000;2617400
2020-10-08;36.65000;37.21000;36.60000;37.029999;2208700
2020-10-07;36.56000;36.65500;36.29000;36.42000;2158300
2020-10-06;36.73000;36.83000;36.19000;36.32000;4225600
2020-10-05;36.53000;36.68000;35.88500;36.63000;2185900
2020-10-02;35.31000;36.54000;35.29000;36.43000;4494600
2020-10-01;35.40000;35.86000;35.17000;35.85000;5842200
2020-09-30;35.26000;35.60000;34.92000;35.27000;4386100
2020-09-29;35.17000;35.32000;34.88000;35.090000;2217600
2020-09-28;35.12000;35.42000;35.060001;35.27000;2802800
2020-09-25;33.88000;34.71000;33.82000;34.67000;2765000
2020-09-24;33.87000;34.45000;33.74000;34.0099983;4926400
2020-09-23;34.79000;34.86000;33.79500;33.85000;4330800
2020-09-22;34.53000;35.13000;34.48000;34.85000;4578000
2020-09-21;34.99000;35.040001;34.25500;34.44000;6227100
2020-09-18;36.34000;36.34000;35.53000;35.60000;6254300
2020-09-17;36.82000;37.060001;36.074001;36.32000;3656800
2020-09-16;37.080002;37.51500;36.96000;37.14000;3545400
2020-09-15;36.52000;37.24000;36.49000;36.90000;2947800
2020-09-14;35.79000;36.51400;35.79000;36.42000;3205600
2020-09-11;35.77000;35.86000;35.29000;35.55000;5445000
2020-09-10;36.14000;36.25;35.65000;35.67000;6048400
2020-09-09;36.029999;36.67000;35.96000;36.18000;4081600
2020-09-08;36.0099983;36.099998;35.52000;35.79000;6823000
2020-09-04;36.5;36.73000;35.62000;36.25;9308100
2020-09-03;36.95000;37.20000;36.11000;36.38000;8943100
2020-09-02;36.24000;37.040001;35.96000;37;4663200
2020-09-01;36.14000;36.24000;35.87000;36.19000;4280200
2020-08-31;36.52000;36.52000;36.12000;36.25;3522700
2020-08-28;36.35000;36.57000;35.99000;36.57000;1583700
2020-08-27;35.90000;36.40000;35.86000;36.29000;3098400
2020-08-26;35.96000;36.0099983;35.56700;35.81000;2231400
2020-08-25;36.060001;36.099998;35.74100;36.060001;3226600
2020-08-24;35.95000;35.97000;35.43000;35.95000;3438400
2020-08-21;35.87000;35.99000;35.44100;35.90000;2155700
2020-08-20;35.26000;35.94500;35.17000;35.78000;3032800
2020-08-19;36.21000;36.23000;35.35000;35.40000;4328900
2020-08-18;36.25;36.26500;35.91000;36.14000;2603600
2020-08-17;35.85000;36.18000;35.73600;36.18000;2824900
2020-08-14;35.75;36.13000;35.71200;35.86000;2416800
2020-08-13;36.090000;36.36000;35.73000;35.77000;4096600
2020-08-12;36;36.28000;35.84000;36.19000;4035200
2020-08-11;36.75;36.75;35.61700;35.74000;5520100
2020-08-10;36.58000;36.67000;36.29000;36.44000;2986400
2020-08-07;35.86000;36.52500;35.85000;36.5;4065400
2020-08-06;35.87000;36.070000;35.74500;36.0099983;2887800
2020-08-05;36.35000;36.43000;35.84000;35.94000;2729100
2020-08-04;35.69000;36.32500;35.64000;36.21000;4030600
2020-08-03;36.13000;36.18000;35.58500;35.68000;4743600
2020-07-31;36.25;36.32000;35.74000;36.26000;4594400
2020-07-30;36.13000;36.32000;35.82000;36.30000;3104000
2020-07-29;36.049999;36.60000;36.029999;36.60000;3072600
2020-07-28;35.20000;36.098000;35.12000;35.92000;3591000
2020-07-27;34.82000;35.23000;34.46000;35.21000;3487800
2020-07-24;34.88000;35.099998;34.73000;34.80000;3388800
2020-07-23;35.060001;35.25;34.56000;34.94000;9896100
2020-07-22;34.65000;35.13000;34.43000;35.12000;21831500
2020-07-21;35.0099983;35.090000;34.60000;34.70000;5930700
2020-07-20;35.049999;35.24000;34.57000;34.69000;2792300
2020-07-17;34.69000;35.19000;34.51000;35.020000;8696300
2020-07-16;34.81000;34.97000;34.45500;34.54000;3339300
2020-07-15;35.25;35.37000;34.75500;34.95000;7492500
2020-07-14;34.49000;34.90000;34.40000;34.79000;6206300
2020-07-13;35.12000;35.19000;34.36000;34.45000;10021700
2020-07-10;34.96000;35.18000;34.82000;35;5978400
2020-07-09;35.0099983;35.099998;34.40000;34.96000;6024700
2020-07-08;35.21000;35.32000;34.77000;35.080002;11063900
2020-07-07;35.38000;35.53000;35.090000;35.099998;2668600
2020-07-06;36.25;36.36000;35.61300;35.68000;3206300
2020-07-02;36.29000;36.32000;35.51000;35.64000;2586000
2020-07-01;34.95000;35.87000;34.875;35.76000;5182500
2020-06-30;34.38000;34.98000;34.29000;34.81000;3640600
2020-06-29;34.0099983;34.31000;33.63000;34.31000;4052700
2020-06-26;34.22000;34.39000;33.65000;33.73000;4398900
2020-06-25;33.78000;34.34000;33.67400;34.32000;3520100
2020-06-24;34.45000;34.58000;33.26000;33.96000;6262800
2020-06-23;35.31000;35.40000;34.80000;34.85000;2444900
2020-06-22;34.97000;35.10500;34.51000;34.98000;2525400
2020-06-19;36.22000;36.25;35.080002;35.35000;5057400
2020-06-18;35.90000;35.95000;35.54000;35.71000;2261000
2020-06-17;36.82000;36.82000;36.15000;36.16000;3553800
2020-06-16;37.099998;37.20000;35.99000;36.59000;6559300
2020-06-15;34.58000;36.12000;34.53000;35.99000;5146600
2020-06-12;35.52000;35.69000;34.66000;35.54000;7645100
2020-06-11;35.33000;35.72000;34.41000;34.45000;17916000
2020-06-10;37.26000;37.43000;36.5;36.72000;3956600
2020-06-09;37.31000;37.60000;36.97000;37.42000;3636100
2020-06-08;37.44000;37.86000;37.38000;37.86000;4384200
2020-06-05;36.87000;37.30000;36.71000;37.049999;5313700
2020-06-04;36.24000;36.26000;35.46000;35.74000;3692400
2020-06-03;35.89000;36.625;35.83000;36.42000;3685700
2020-06-02;35.56000;35.71000;35.16000;35.57000;4613100
2020-06-01;34.62000;35.60500;34.52000;35.34000;5275600
2020-05-29;34.62000;34.82000;34.31000;34.65000;7830900
2020-05-28;34.86000;34.91000;34.44000;34.85000;5281400
2020-05-27;34.43000;34.46000;33.60000;34.46000;5779800
2020-05-26;33.73000;33.97000;33.34500;33.74000;5756600
2020-05-22;32.029999;32.72000;31.88000;32.70000;4743200
2020-05-21;32.049999;32.27000;31.76000;32;4289000
2020-05-20;32.20000;32.25;31.91000;32.16000;4041700
2020-05-19;32.32000;32.44000;31.86000;31.86000;5799300
2020-05-18;31.91000;32.75;31.91000;32.49000;6286400
2020-05-15;30.87000;30.99000;30.39000;30.98000;7482800
2020-05-14;30.65000;31.090000;30.030001;31.090000;8269300
2020-05-13;31.37000;31.74000;30.89500;31.049999;5131500
2020-05-12;33.080002;33.11000;31.53000;31.55000;16049400
2020-05-11;32.99000;33.45000;32.78000;32.95000;4566400
2020-05-08;33.13000;33.45000;33.040001;33.35000;4428800
2020-05-07;32.78000;33.16000;32.56000;32.75;4927700
2020-05-06;33.17000;33.32000;32.46000;32.46000;4609500
2020-05-05;33.14000;33.50900;33.025002;33.070000;4899400
2020-05-04;32.59000;32.89000;32.090000;32.86000;6816600
2020-05-01;33.090000;33.31000;32.68000;32.88000;5724300
2020-04-30;33.71000;34.049999;33.37000;33.92000;6837500
2020-04-29;34.76000;34.87000;34.14000;34.16000;6095100
2020-04-28;34.64000;35.020000;34.040001;34.070000;5955000
2020-04-27;33.35000;34.16000;33.35000;34.040001;4024200
2020-04-24;33.13000;33.23100;32.71500;33.080002;5142700
2020-04-23;33.40000;33.62000;32.89000;32.96000;6367800
2020-04-22;33.27000;33.64000;33.020000;33.34000;5386000
2020-04-21;32.48000;33.0099983;32.37000;32.77000;7839500
2020-04-20;33.93000;34.060001;33.26000;33.26000;5773900
2020-04-17;34.35000;34.70000;33.96000;34.54000;6540400
2020-04-16;33.73000;34.020000;33.26500;33.46000;4372800
2020-04-15;34.11000;34.38000;33.39000;33.68000;5378900
2020-04-14;34.59000;35.19000;34.59000;35.029999;6720300
2020-04-13;35.33000;35.39000;33.69500;33.90000;9877300
2020-04-09;34.40000;35.95000;34.35000;35.53000;49899800
2020-04-08;31.84000;33.97000;31.5;33.79000;27207800
2020-04-07;32.68000;32.99000;31.41000;31.43000;19488600
2020-04-06;30.41000;31.55000;30.41000;31.42000;9514500
2020-04-03;29.34000;29.80000;28.77000;29.30000;7984100
2020-04-02;28.78000;29.97000;28.76000;29.55000;11021700
2020-04-01;29.60000;29.62000;28.48000;29.12000;11255400
2020-03-31;31.79000;31.84000;30.27000;31;9015800
2020-03-30;31.38000;32.18000;30.69000;32.020000;10377700
2020-03-27;30.17000;31.95000;30.15000;31.21000;11840800
2020-03-26;29.16000;31.26000;28.96000;31.13000;17228600
2020-03-25;27.88000;30.43000;27.48000;28.91000;18863500
2020-03-24;26.63000;27.77000;26.22000;27.68000;15346800
2020-03-23;26.88000;26.92000;24.88000;25.46000;28171300
2020-03-20;28.95000;29.60000;26.97000;27.16000;16549800
2020-03-19;28.82000;29.54000;28;28.79000;13526100
2020-03-18;29.60000;30.87000;28.37000;29.25;12255800
2020-03-17;30.11000;32.29000;29.44000;31.46000;7267800
2020-03-16;31.80000;32.66000;29.43000;29.66000;5840100
2020-03-13;34.17000;35.36000;32.53000;35.31000;9694900
2020-03-12;33.26000;34.58000;28;32.46000;9058600
2020-03-11;36.61000;36.67000;35.15000;35.51000;16089100
2020-03-10;36.70000;37.58000;35.40000;37.52000;18902400
2020-03-09;36.45000;36.96000;35.75;35.78000;12791800
2020-03-06;38.32000;38.66000;37.24000;38.5;16942300
2020-03-05;39.43000;39.75;38.73000;39.17000;13348200
2020-03-04;39.099998;40.14000;39.040001;40.090000;13712900
2020-03-03;38.70000;39.55500;38.22000;38.59000;37983700
2020-03-02;36.97000;38.63000;36.88000;38.62000;19686200
2020-02-28;36.92000;37.16000;35.69300;36.79000;44499000
2020-02-27;39.32000;39.48000;37.71000;37.72000;15861500
2020-02-26;40.38000;40.69500;39.89100;39.98000;8641900
2020-02-25;41.48000;41.62000;40.18000;40.33000;9190200
2020-02-24;41.44000;41.81500;41.18100;41.37000;4703100
2020-02-21;41.71000;42;41.66000;41.93000;2986900
2020-02-20;41.36000;41.74000;41.16000;41.71000;3901800
2020-02-19;41.85000;41.85000;41.25;41.25;2606100
2020-02-18;41.93000;41.93000;41.59000;41.84000;3260100
2020-02-14;41.5;41.89000;41.44000;41.88000;2235200
2020-02-13;41.090000;41.49500;41.040001;41.40000;2825500
2020-02-12;40.94000;41.25;40.79000;41.15000;2539700
2020-02-11;40.54000;41.17000;40.54000;40.89000;10001700
2020-02-10;40.070000;40.42000;40.029999;40.40000;3489300
2020-02-07;39.94000;39.98500;39.82500;39.94000;3216600
2020-02-06;39.88000;40.0099983;39.80000;39.92000;2676700
2020-02-05;39.82000;39.92000;39.65000;39.75;3049300
2020-02-04;39.41000;39.92500;39.33500;39.78000;5309500
2020-02-03;39.39000;39.63800;39.23500;39.27000;6254800
2020-01-31;39.70000;39.75;39.13500;39.23000;7586200
2020-01-30;39.58000;39.83300;39.51000;39.80000;3847400
2020-01-29;40.049999;40.14000;39.67000;39.71000;5409600
2020-01-28;39.87000;40.089001;39.77000;39.92000;2904300
2020-01-27;39.75;39.97000;39.71000;39.82000;6741600
2020-01-24;40.13000;40.20500;39.84000;39.99000;2397900
2020-01-23;39.69000;40.080002;39.59000;40.049999;2637800
2020-01-22;40.099998;40.21000;39.60000;39.67000;5815200
2020-01-21;39.60000;40.020000;39.53000;39.99000;2329500
2020-01-17;39.52000;39.73000;39.47000;39.59000;3014700
2020-01-16;39.28000;39.54000;39.18000;39.54000;4244500
2020-01-15;39.020000;39.31000;39.0099983;39.19000;4468700
2020-01-14;39.070000;39.070000;38.70500;38.92000;3720200
2020-01-13;38.66000;39.11000;38.65000;39.11000;2988100
2020-01-10;38.35000;38.65100;38.26500;38.64000;6513200
2020-01-09;38.25;38.36000;38.15000;38.27000;2885000
2020-01-08;38.13000;38.34000;37.99000;38.28000;5089000
2020-01-07;38.40000;38.40000;37.88500;38.090000;3550600
2020-01-06;38.43000;38.66000;38.35000;38.51000;3097200
2020-01-03;37.99000;38.58500;37.97000;38.5;3499000
2020-01-02;38.79000;38.85000;38.070000;38.22000;4380100
