v,vw,o,c,h,l,t,n
39.42589633000001,93679.2989,93654.2,93635.54,94015,93524.35,1735703100000,3373
43.436796789999995,93578.9866,93625.1,93509.82,93989,93476.8,1735704000000,3305
109.34808739,93537.914,93510.46,93540.14,93918,93477.2,1735704900000,3557
66.54185497999998,93500.774,93540.15,93449.21,93892,93411.1,1735705800000,3320
80.32363319999999,93464.1608,93449.21,93358.58,93800,93305.54,1735706700000,3379
67.11924936,93419.4643,93334.7,93425.01,93800,93323.88,1735707600000,2945
53.69188072,93604.0597,93425.01,93663.13,94043,93400.15,1735708500000,4048
40.51992371,93674.6003,93663.13,93639.64,94078,93572.79,1735709400000,3087
22.261054429999998,93687.1402,93639.65,93572.8,94024,93565.95,1735710300000,2434
42.102837920000006,93541.4025,93628.7,93387.96,93947,93384.04,1735711200000,2757
50.153906389999996,93493.8225,93387.96,93449.87,93843,93387.96,1735712100000,3296
66.29818678,93458.4048,93449.87,93507.98,93826,93354.99,1735713000000,2951
24.344261040000006,93572.0931,93507.98,93551.21,93897,93438.8,1735713900000,2498
28.47503858,93590.8616,93551.2,93471.81,93906,93445.59,1735714800000,2442
26.67537106,93611.5926,93470.88,93579.13,93954,93469.91,1735715700000,2805
24.741921719999997,93599.949,93578.47,93537.9,93959,93502.9,1735716600000,2472
38.49218077999999,93572.4489,93537.9,93478.85,93921,93469.91,1735717500000,2216
27.681135159999997,93588.4968,93478.85,93534.43,93927,93470.0,1735718400000,2757
49.81701425,93383.5924,93534.43,93234.17,93909,93106.4,1735719300000,3894
46.824664799999994,93349.6813,93234.16,93297.2,93686,93202.0,1735720200000,3232
21.96232121,93366.3421,93297.21,93247.38,93694,93144.43,1735721100000,3108
33.93681021,93284.6208,93243.0,93141.29,93659,93042.26,1735722000000,3441
112.27862414999998,92949.8124,93141.29,92973.47,93469,92588.1,1735722900000,5861
67.18338579,92984.9052,92872.0,92906.6,93458,92804.5,1735723800000,3949
93.80386854,93125.2197,92906.6,93220.42,93593,92854.9,1735724700000,3542
79.68505552000002,93300.3597,93222.48,93185.83,93688,93162.88,1735725600000,3542
81.99187225,93304.3767,93185.84,93208.43,93705,93184.1,1735726500000,4332
71.78097711000001,93267.7914,93214.78,93198.13,93679,93079.75,1735727400000,3352
69.47418189,93190.5961,93197.68,93124.74,93589,93078.18,1735728300000,3015
84.68704890999997,93127.1317,93099.5,93127.98,93530,92956.1,1735729200000,4032
67.58836754000001,93288.806,93127.99,93295.44,93637,93127.98,1735730100000,4194
62.87795558,93324.5065,93295.44,93388.44,93729,93202.5,1735731000000,3803
86.48485956,93343.4577,93388.44,93250.79,93860,93222.86,1735731900000,3505
74.4272398,93274.9826,93278.1,93242.09,93670,93172.42,1735732800000,4077
111.42351388000002,93532.8492,93278.1,93691.67,94127,93239.72,1735733700000,4753
37.54734963999999,93704.0532,93682.12,93593.72,94062,93560.08,1735734600000,3768
127.60714736999999,93573.1763,93593.72,93614.93,93987,93472.44,1735735500000,3837
125.83992995999999,93566.3755,93614.94,93452.9,94057,93407.93,1735736400000,4382
131.34218415,93477.4836,93452.9,93513.82,93950,93368.07,1735737300000,4782
93.99233282,93620.3736,93584.3,93578.05,94039,93509.51,1735738200000,4040
124.59822194999998,93687.5809,93604.2,93783.7,94207,93514.98,1735739100000,4547
168.57748701000003,94075.0248,93821.33,94412.0,94612,93783.7,1735740000000,6510
120.88136653,93946.1547,94039.81,93723.36,94451,93668.4,1735740900000,5337
165.24273728999998,93722.389,93724.37,93764.1,94298,93466.91,1735741800000,6192
106.32567399000001,93950.4674,93775.52,93975.58,94377,93704.53,1735742700000,5154
118.85048721000001,93907.2622,93967.7,93780.55,94420,93695.99,1735743600000,5103
146.26666803,93918.5742,93780.55,93942.95,94407,93708.95,1735744500000,5465
91.55086657,93973.4121,93969.7,94040.12,94412,93865.66,1735745400000,4941
80.19437654999999,94147.2643,94036.73,94225.28,94666,93969.9,1735746300000,6616
132.12791958,94146.6846,94189.8,94068.4,94643,94017.83,1735747200000,6541
191.65766190999997,93950.8714,94073.9,93926.42,94441,93854.39,1735748100000,6002
177.54063224,93876.9136,93926.42,93805.99,94313,93778.09,1735749000000,6013
176.5355178,93792.1921,93805.98,93877.71,94238,93640.87,1735749900000,6026
188.62231178000002,93760.4156,93877.7,93645.54,94301,93602.44,1735750800000,6153
173.71237761,93683.5372,93652.76,93766.85,94144,93521.72,1735751700000,6145
175.75532281999998,93809.6116,93762.21,93815.84,94238,93712.58,1735752600000,5780
195.43450765,93819.5447,93815.85,93924.22,94343,93660.23,1735753500000,5881
142.15945131999996,93819.5412,93922.41,93799.81,94337,93682.21,1735754400000,6009
99.09855987,93966.791,93799.62,94007.42,94370,93787.3,1735755300000,5552
59.539660809999994,94059.1932,93981.2,94056.12,94446,93962.45,1735756200000,5855
77.11389168,94102.7439,94066.18,94123.99,94529,94005.68,1735757100000,6411
38.080773380000004,94119.5787,94119.22,94136.39,94502,94046.87,1735758000000,5890
37.62165259,94024.621,94136.12,94041.94,94487,93933.4,1735758900000,5245
75.71570485999999,94071.4972,94041.95,94201.78,94577,93901.7,1735759800000,5436
170.59614822999998,94424.7342,94167.1,94434.89,94937,94144.77,1735760700000,8793
101.8243574,94556.6424,94440.1,94508.5,94921,94411.9,1735761600000,6036
95.23198104,94503.9504,94498.9,94526.54,94973,94400.97,1735762500000,6488
57.790804660000006,94538.4071,94526.54,94538.11,94931,94453.19,1735763400000,6032
61.079304500000006,94611.9839,94540.16,94597.57,94999,94524.84,1735764300000,5894
71.07419623,94634.9482,94611.1,94579.68,95038,94483.6,1735765200000,6078
78.26114589,94763.6965,94578.25,94760.23,95287,94564.26,1735766100000,6738
70.39476171000001,94655.2539,94760.23,94598.44,95114,94530.44,1735767000000,6427
72.39043219,94698.8052,94600.72,94776.87,95089,94582.2,1735767900000,6139
102.69912135999999,94626.3477,94700.0,94642.21,95122,94483.3,1735768800000,6087
65.35441291000001,94616.3688,94636.1,94542.25,94992,94501.9,1735769700000,5159
35.025476219999994,94632.4811,94512.1,94750.54,95112,94512.1,1735770600000,5252
38.82516249,94701.3158,94750.54,94595.96,95111,94563.48,1735771500000,5281
79.17728709000002,94623.5563,94595.97,94647.98,95081,94475.99,1735772400000,6149
78.79998186000002,94494.1929,94647.98,94436.44,94988,94388.8,1735773300000,5711
86.30135873999998,94437.9156,94436.44,94514.69,94853,94316.57,1735774200000,5569
88.3774731,94428.911,94514.69,94383.59,94870,94360.63,1735775100000,4895
14.206416059999997,94336.5194,94380.9,94327.5,94777,94269.2,1735776000000,427
42.15286477,94755.3176,94327.6,94725.7,95312,94167.2,1735776900000,1272
17.92024817,95013.8229,95083.0,94900.0,95279,94565.0,1735777800000,1141
44.02652296999999,95173.2893,94889.5,95261.0,95539,94848.9,1735778700000,1272
29.909754109999994,95269.2267,94893.9,95141.8,95677,94893.8,1735779600000,1148
19.756209309999996,95335.4727,95141.8,95292.0,95580,94870.5,1735780500000,1161
26.266552039999997,94985.4651,94911.6,94850.1,95292,94579.6,1735781400000,1097
6.275360689999999,94791.5584,94850.1,94676.1,95165,94671.5,1735782300000,399
3.975975799999999,94730.2605,94676.1,94832.1,95257,94650.1,1735783200000,400
12.43876726,94973.56,95210.0,94842.0,95269,94701.8,1735784100000,503
3.37608467,95056.8801,95191.0,95195.0,95286,94677.1,1735785000000,379
2.4300539899999998,95143.203,95195.0,95369.0,95369,94883.2,1735785900000,329
10.959710910000002,95006.9486,94978.5,94829.1,95445,94812.8,1735786800000,344
1.6332197300000002,95084.862,94829.0,94925.1,95294,94829.0,1735787700000,312
0.8523208500000001,94949.4672,94925.0,94750.2,95243,94750.2,1735788600000,241
102.51407463000001,94852.9377,94750.1,94847.2,95179,94730.7,1735789500000,441
14.422243960000001,95054.1173,94847.3,94999.9,95410,94847.2,1735790400000,840
9.84306142,95093.6015,95000.0,94987.4,95357,94922.0,1735791300000,663
30.396454759999997,95480.4667,94987.4,95681.9,96132,94987.3,1735792200000,1125
8.63222439,95786.2441,95681.9,95514.1,96163,95514.0,1735793100000,629
6.842445460000002,95542.0252,95514.1,95305.1,95872,95292.7,1735794000000,549
6.262230799999999,95773.7393,95305.1,95997.0,95997,95252.7,1735794900000,454
2.08523124,95710.1897,95582.1,95949.0,95949,95573.2,1735795800000,264
14.39322299,95584.0003,95595.3,95749.0,95947,95407.0,1735796700000,446
3.10089289,95556.9735,95412.0,95364.3,95817,95335.8,1735797600000,415
1.9492757999999997,95455.7903,95364.3,95657.0,95690,95235.8,1735798500000,287
1.69995821,95466.6596,95654.0,95372.9,95753,95287.8,1735799400000,426
3.38838141,95651.556,95714.0,95714.0,95714,95370.0,1735800300000,241
6.685321150000001,95605.0474,95409.2,95559.1,95895,95409.2,1735801200000,499
15.01857187,95781.6615,95559.1,95980.0,95995,95559.1,1735802100000,476
5.975384669999999,95871.7168,95641.8,95694.4,96079,95641.7,1735803000000,260
11.004656270000002,95805.359,95694.4,96005.0,96022,95620.0,1735803900000,335
19.357461089999997,95828.1698,95694.4,95852.0,96186,95694.3,1735804800000,393
5.410278959999999,95909.219,95851.9,95578.2,96145,95559.1,1735805700000,497
33.283559430000004,95667.2205,95578.3,95757.1,96095,95493.9,1735806600000,499
22.555083679999996,96172.93,96094.0,96000.0,96340,95757.0,1735807500000,872
9.28435982,96069.4278,96000.0,96040.0,96362,95932.8,1735808400000,413
50.08595228,96199.6376,96344.0,96497.0,96596,96039.9,1735809300000,975
49.33291611999999,96351.9691,96497.0,96539.0,96609,96211.0,1735810200000,851
37.03614734000001,96602.916,96539.0,96600.0,96968,96187.0,1735811100000,1216
6.514619779999999,96744.8456,96600.0,96756.0,96941,96500.0,1735812000000,500
13.379656709999999,96724.5675,96500.1,96886.0,96890,96500.0,1735812900000,549
29.010401439999995,96654.6197,96600.0,96535.2,96900,96535.1,1735813800000,493
17.175581149999996,96568.6457,96738.0,96561.1,96837,96500.1,1735814700000,418
14.44752377,96714.7862,96561.1,96620.3,97009,96561.0,1735815600000,615
48.51984403,96467.0928,96895.0,96449.9,96895,96363.0,1735816500000,473
16.46433668,96693.2233,96449.9,96568.3,96838,96449.9,1735817400000,637
10.381861120000002,96647.6534,96565.6,96558.3,96893,96558.1,1735818300000,383
17.65437968,96665.1518,96558.3,96693.7,96993,96558.2,1735819200000,563
20.115850719999997,96699.6012,96693.8,96570.0,96998,96500.1,1735820100000,637
35.417620320000005,96718.1605,96570.0,96592.2,96895,96524.3,1735821000000,621
24.315204220000002,96848.6009,96592.2,96725.6,96992,96592.1,1735821900000,866
98.5969564,96887.7726,96725.6,96663.6,97100,96663.6,1735822800000,1836
9.17386788,96841.1311,96653.7,96644.6,96999,96596.9,1735823700000,447
18.27179177,96791.3053,96644.6,96530.0,96934,96522.0,1735824600000,692
10.82600398,96416.8746,96822.0,96328.1,96822,96324.6,1735825500000,600
64.72928929,96105.935,96328.1,96467.0,96591,95900.3,1735826400000,1551
11.734108330000002,96241.3354,96194.4,96341.2,96578,96088.0,1735827300000,905
68.50585436,96863.9568,96581.0,96730.6,97530,96211.5,1735828200000,2197
40.014175269999996,97105.0478,96951.0,97354.0,97518,96753.4,1735829100000,1084
22.3420831,97133.4345,97370.0,97000.1,97440,96905.8,1735830000000,998
36.85634340000001,96674.8079,97000.1,96498.0,97169,96269.3,1735830900000,1246
23.359489470000003,96356.4241,96744.0,96204.3,96800,96088.0,1735831800000,1205
34.38843892,96408.8701,96441.0,96508.0,96700,96132.1,1735832700000,852
24.839691560000006,96303.8884,96380.3,96747.0,96769,95957.9,1735833600000,974
18.092118480000003,97049.506,96594.5,97430.0,97444,96594.5,1735834500000,1071
56.62370637000001,97338.9856,97430.0,97300.0,97681,97186.1,1735835400000,1211
19.509663700000004,97334.0805,97300.0,97141.7,97714,97138.6,1735836300000,726
116.31877916,97133.277,97305.0,97432.3,97647,97030.8,1735837200000,1433
126.90312049,97224.9906,97432.3,97000.0,97609,97000.0,1735838100000,793
32.1100719,96693.3922,97156.0,96731.0,97156,96280.8,1735839000000,1295
11.73894512,96490.3443,96720.0,96570.0,96759,96300.0,1735839900000,739
13.650547490000001,96532.6207,96570.0,96687.0,97061,96323.5,1735840800000,790
24.316923830000004,96820.9552,96687.0,96780.3,97121,96643.3,1735841700000,692
9.670341969999999,96727.3978,96928.0,96916.1,97124,96523.7,1735842600000,689
81.4221662,97142.2455,96916.1,97100.0,97386,96916.1,1735843500000,982
72.93378825999999,97196.3862,97371.0,97552.0,97620,97099.9,1735844400000,1737
28.69311847,97534.3306,97355.0,97468.6,97827,97351.5,1735845300000,1668
12.3616661,97300.6929,97675.0,97297.5,97675,97099.9,1735846200000,941
8.962175380000001,97378.4222,97297.1,97249.2,97634,97249.1,1735847100000,821
42.052865739999994,97475.4505,97354.0,97600.0,97780,97249.1,1735848000000,998
34.7488631,97690.7903,97600.0,97516.2,97887,97516.1,1735848900000,824
39.71215559,97452.6604,97516.1,97516.0,97766,97288.0,1735849800000,778
29.653907450000005,97418.8449,97392.7,97266.8,97759,97213.7,1735850700000,784
7.144531440000001,97144.9457,97266.8,97308.0,97394,97077.5,1735851600000,426
16.791411059999998,97061.4113,97110.1,97000.0,97308,97000.0,1735852500000,474
4.0663754,97072.709,97000.2,97121.8,97300,96988.1,1735853400000,675
4.95826276,97118.3288,97121.9,97140.0,97314,97090.6,1735854300000,489
8.23881473,97042.6365,97140.1,96921.1,97261,96921.1,1735855200000,537
14.56470863,96906.9616,97075.0,96768.3,97075,96587.0,1735856100000,934
6.43568335,96877.7989,96768.3,96951.0,97095,96768.2,1735857000000,466
5.61145666,96868.4354,96781.1,96830.2,97046,96781.0,1735857900000,320
11.73699148,96842.9878,96984.0,96748.0,97062,96716.0,1735858800000,463
3.23067424,96901.6071,96748.1,96864.4,97025,96721.4,1735859700000,242
6.3251188900000015,96903.142,97026.0,96849.1,97106,96825.0,1735860600000,453
4.69083075,96857.0564,96849.0,96805.2,97035,96776.0,1735861500000,559
98.104556,96879.8758,96805.3,96848.66,97092,96805.2,1735862400000,5516
91.46149099,96838.155,96848.66,96927.74,97067,96698.56,1735863300000,5627
40.840081739999995,96882.7439,96927.74,96816.99,97101,96778.91,1735864200000,5092
43.79007839,96790.7317,96817.0,96745.67,97022,96704.24,1735865100000,4493
46.995979219999995,96708.7819,96724.2,96641.09,96912,96606.05,1735866000000,5325
56.22268039,96670.1482,96641.1,96808.19,96944,96550.01,1735866900000,5063
57.21680389000001,96671.1937,96808.19,96655.1,96981,96576.92,1735867800000,4794
32.79756176,96822.4946,96647.69,96889.05,97074,96607.63,1735868700000,4480
127.89893168,96907.3246,96876.1,97002.44,97126,96750.37,1735869600000,5705
350.57162854999996,97160.4631,97002.43,97175.41,97420,96960.77,1735870500000,8578
41.73282242999999,97066.9359,97175.42,96993.57,97323,96977.1,1735871400000,4680
37.51413575,96976.791,96993.58,96886.48,97190,96863.92,1735872300000,4492
32.64745547,96959.6303,96941.1,96893.95,97122,96883.12,1735873200000,4386
46.28066438,96853.6377,96886.9,96853.64,97067,96744.35,1735874100000,4192
38.12406482,96852.174,96853.64,96850.65,97055,96780.0,1735875000000,4471
38.47763427,96935.1685,96850.65,96970.54,97142,96814.1,1735875900000,4562
41.32282185,96929.7871,96964.3,96890.14,97137,96825.55,1735876800000,4749
26.292194600000002,96873.4561,96890.13,96841.87,97042,96790.32,1735877700000,4178
42.20595264,96833.4079,96841.88,96820.35,97007,96711.55,1735878600000,3970
34.39424792,96739.7956,96820.36,96735.71,96930,96680.01,1735879500000,3902
31.18869304,96643.214,96720.1,96691.52,96898,96531.23,1735880400000,4281
29.06666787,96592.3776,96670.0,96610.0,96854,96510.01,1735881300000,3877
25.97188299,96620.0519,96610.0,96671.57,96815,96554.16,1735882200000,3617
26.56270075,96709.4067,96671.58,96677.58,96820,96630.36,1735883100000,3449
25.715586740000003,96760.9391,96659.0,96795.16,96955,96609.5,1735884000000,3937
33.62806407,96695.901,96954.0,96596.66,96955,96533.98,1735884900000,3910
28.27171803,96620.2155,96596.67,96599.72,96790,96570.0,1735885800000,3434
57.59340142,96518.1409,96599.72,96467.96,96728,96427.72,1735886700000,3661
46.04342528999999,96454.5292,96467.97,96472.56,96650,96376.42,1735887600000,3865
47.6276675,96451.5814,96472.56,96380.67,96705,96327.0,1735888500000,3594
83.12773043000001,96317.7216,96379.83,96320.53,96523,96202.01,1735889400000,4358
34.570122319999996,96287.0487,96320.41,96232.47,96462,96225.0,1735890300000,2993
58.00522702999999,96319.4069,96232.46,96386.45,96500,96221.1,1735891200000,3514
21.49015258,96358.7512,96386.45,96268.57,96581,96260.21,1735892100000,2606
81.60233232000002,96128.5157,96261.94,96193.14,96431,96029.99,1735893000000,3951
56.49073388,96103.9167,96193.14,96044.07,96367,96016.63,1735893900000,3117
53.07179791,96108.8683,96075.1,96257.12,96353,96018.94,1735894800000,3002
110.3716593,96365.4108,96248.81,96385.71,96577,96167.9,1735895700000,4075
74.22209913,96492.5526,96385.71,96548.26,96733,96349.13,1735896600000,3768
57.51955204000001,96548.1054,96548.26,96467.56,96746,96467.55,1735897500000,2837
23.30621434,96405.6268,96522.1,96358.06,96648,96320.0,1735898400000,3151
34.12045635,96427.2011,96366.75,96463.0,96609,96352.0,1735899300000,3258
15.24779769,96511.5192,96462.99,96409.41,96672,96392.29,1735900200000,3022
18.831313989999995,96406.2973,96409.41,96411.54,96574,96369.96,1735901100000,2730
38.85391337,96438.0324,96405.6,96441.11,96587,96398.23,1735902000000,2998
61.14865454,96642.1969,96441.12,96677.53,96876,96424.7,1735902900000,4148
24.537920600000003,96663.6257,96677.54,96617.02,96854,96580.1,1735903800000,3853
30.579883080000002,96693.4878,96639.2,96679.43,96882,96609.33,1735904700000,3973
51.170469929999996,96752.7665,96715.2,96779.29,96929,96639.61,1735905600000,4497
65.9506122,96738.543,96758.3,96826.49,96950,96635.19,1735906500000,5325
36.23823812999999,96755.7339,96826.49,96643.78,96978,96631.51,1735907400000,5345
20.389379789999996,96628.2137,96664.4,96585.53,96814,96585.52,1735908300000,3877
59.38671584999999,96606.9708,96585.53,96546.59,96890,96450.5,1735909200000,5773
68.15326604999998,96505.2522,96548.61,96466.45,96771,96401.0,1735910100000,6013
59.687913839999986,96517.2048,96455.4,96557.8,96759,96420.28,1735911000000,5756
44.43776828,96494.3428,96543.51,96430.55,96719,96425.23,1735911900000,5181
47.90772238,96666.6051,96631.0,96700.71,96972,96422.84,1735912800000,5697
113.15318548999998,96903.609,96700.71,97005.88,97200,96622.16,1735913700000,6860
421.77586640999994,97037.5481,97011.07,97198.91,97453,96555.01,1735914600000,12970
194.70981608999998,96909.8037,97198.9,96957.36,97387,96661.48,1735915500000,10161
282.30841822,97082.9877,96956.5,97093.89,97633,96803.7,1735916400000,11631
314.42317208000003,97046.3483,97092.71,97193.8,97413,96695.58,1735917300000,11033
289.01951095999993,97356.7264,97197.24,97374.97,97653,97062.28,1735918200000,11063
298.48577463,97432.0164,97374.96,97464.8,97750,97210.01,1735919100000,10713
258.92053338000005,97518.7413,97458.07,97564.35,97831,97342.97,1735920000000,9929
508.89809399999996,98061.2917,97564.37,98020.56,98516,97530.35,1735920900000,13745
256.02484842999996,98194.6532,98020.58,98084.16,98539,97970.2,1735921800000,9919
233.87363125999997,97877.4944,98084.17,97804.66,98203,97650.0,1735922700000,10757
202.58940868000002,97921.4833,97804.67,97851.3,98125,97753.5,1735923600000,9372
148.83637523,98071.4842,97912.9,98099.77,98287,97835.18,1735924500000,8140
159.32427022000002,98158.6753,98099.78,98148.85,98379,98045.09,1735925400000,8291
156.96478434,98042.1714,98148.85,97969.7,98291,97869.96,1735926300000,7585
258.15869615,98116.598,98090.0,98257.91,98371,97933.23,1735927200000,9590
202.66890174000002,98313.2621,98257.91,98412.76,98519,98194.2,1735928100000,8531
198.38837608000003,98367.0767,98417.55,98380.41,98603,98226.89,1735929000000,9112
276.62345834999996,98490.3085,98437.3,98490.05,98764,98310.7,1735929900000,10156
346.34918938,98696.7864,98489.44,98888.0,98893,98458.7,1735930800000,12072
264.49926939000005,98843.0876,98877.35,98681.17,99028,98600.0,1735931700000,10070
187.33242874,98722.8388,98681.16,98678.31,98888,98609.9,1735932600000,8608
121.05722699999998,98578.4202,98738.1,98550.0,98770,98507.96,1735933500000,7916
288.12134120999997,98413.8362,98550.1,98466.47,98646,98252.93,1735934400000,9070
383.22178894999996,98588.3661,98467.6,98591.42,98768,98456.6,1735935300000,10447
332.18922040999996,98509.6542,98591.42,98430.02,98678,98379.48,1735936200000,9963
440.01605967,98396.5018,98429.6,98300.02,98550,98271.71,1735937100000,9816
138.67850731,98237.8124,98292.8,98163.81,98392,98160.97,1735938000000,6731
70.07316257000001,98207.4738,98163.81,98241.63,98309,98150.0,1735938900000,5748
91.91192082999999,98307.0565,98246.77,98303.14,98444,98197.98,1735939800000,6744
84.95836505999998,98257.375,98298.57,98234.45,98387,98165.21,1735940700000,6419
68.48723201,98334.4602,98227.3,98338.97,98480,98227.3,1735941600000,6341
67.6928931,98401.5499,98338.98,98436.15,98541,98276.27,1735942500000,5528
31.34963336,98392.4417,98419.9,98368.76,98524,98355.03,1735943400000,5330
45.0489168,98270.3341,98377.03,98269.15,98442,98207.44,1735944300000,5601
54.53984201,98281.2497,98269.15,98229.01,98380,98213.75,1735945200000,6378
71.48795839,98160.6728,98229.01,98049.68,98307,98047.53,1735946100000,5932
85.00077565,98066.7387,98049.68,98121.75,98201,98020.47,1735947000000,5218
43.50887858000001,98096.9171,98121.75,98136.51,98200,98060.18,1735947900000,5205
101.12373705,98115.3576,98111.1,98070.0,98297,97966.26,1735948800000,5837
33.2513266,98074.7541,98066.18,98044.71,98167,98036.92,1735949700000,4565
53.00025239999999,97937.1566,98050.81,97952.18,98122,97839.12,1735950600000,5214
25.93092139,97938.0139,97873.2,97919.27,98061,97865.1,1735951500000,5253
29.941583609999995,97897.1622,97910.52,97854.67,98015,97800.01,1735952400000,5396
40.36719345000001,97833.3459,97854.73,97928.97,97958,97749.98,1735953300000,4755
30.114072049999997,97970.1357,97928.54,98021.94,98099,97860.52,1735954200000,4834
39.68213297999999,98007.5449,97999.2,97989.74,98118,97965.6,1735955100000,4676
33.346609279999996,97911.1624,97989.35,97874.88,98084,97803.95,1735956000000,4780
27.672115129999998,97870.3671,97880.0,97858.15,97984,97816.0,1735956900000,4237
136.49574395000002,97959.4786,97857.48,98108.81,98210,97825.77,1735957800000,4947
39.08388562,98202.8824,98108.81,98268.34,98327,98100.0,1735958700000,4671
38.10243218,98165.2337,98231.0,98120.76,98340,98063.44,1735959600000,4476
34.105556050000004,98063.6662,98120.77,98044.59,98206,98004.27,1735960500000,4057
31.823219700000003,98114.7087,98051.09,98265.0,98266,98020.4,1735961400000,4215
29.517825720000005,98184.7382,98212.69,98162.98,98283,98134.4,1735962300000,4167
41.13381534,97956.9507,98190.1,97897.33,98243,97873.01,1735963200000,4474
22.264114940000002,97908.526,97897.34,97905.69,97985,97859.59,1735964100000,3726
35.45904094,97898.6838,97911.1,97966.03,98023,97826.77,1735965000000,3813
27.347177310000003,97926.2389,97966.04,97957.84,98023,97881.86,1735965900000,3621
28.54402574,97975.4966,97899.0,97993.67,98060,97898.9,1735966800000,3457
16.31653795,98075.9398,97982.9,98101.08,98173,97982.9,1735967700000,3542
23.807326950000004,98113.195,98104.46,98142.37,98226,98073.69,1735968600000,3199
32.59773306,98087.2564,98153.4,98092.44,98218,98014.89,1735969500000,3194
22.47339454,98066.4958,98091.0,98021.48,98161,98005.62,1735970400000,3113
14.30411341,98039.1458,98021.48,98029.19,98138,98000.0,1735971300000,2800
10.4103032,98032.5823,98029.18,98013.29,98126,97989.85,1735972200000,2445
24.479532759999998,98083.176,98013.36,98085.7,98218,97992.91,1735973100000,2736
23.889540349999997,98109.1858,98085.7,98198.88,98259,98054.77,1735974000000,2882
28.87718831,98197.6677,98198.57,98151.46,98364,98101.5,1735974900000,3349
18.71627539,98178.0045,98147.0,98257.46,98344,98130.23,1735975800000,2912
27.72668615,98247.8803,98257.47,98240.53,98372,98171.44,1735976700000,3125
25.42102205,98214.2128,98236.76,98219.99,98331,98167.77,1735977600000,2606
17.778017769999998,98152.622,98220.0,98156.2,98290,98082.15,1735978500000,2497
25.840701029999998,98193.0668,98156.21,98110.06,98312,98100.5,1735979400000,2624
44.15960201,97988.9532,98110.07,97886.86,98198,97872.5,1735980300000,3813
28.500203509999995,97884.3852,97918.3,97818.71,98042,97801.68,1735981200000,3035
44.757234690000004,97799.5971,97813.16,97843.34,97979,97685.8,1735982100000,3702
29.570999700000005,97775.7483,97843.34,97765.03,97934,97741.71,1735983000000,2308
31.471029709999996,97626.1084,97765.04,97653.5,97868,97528.26,1735983900000,3149
13.879400389999999,97650.2726,97656.26,97688.54,97795,97597.08,1735984800000,2498
14.353783570000001,97680.0256,97689.52,97708.92,97791,97575.44,1735985700000,2428
20.29217175,97756.2216,97708.91,97796.1,97888,97663.9,1735986600000,2921
9.19295847,97789.6412,97796.1,97759.33,97897,97738.7,1735987500000,3453
14.53789288,97725.3743,97738.8,97748.89,97879,97673.55,1735988400000,2625
14.69451195,97730.039,97745.42,97731.1,97824,97682.75,1735989300000,2674
9.17743387,97757.9488,97735.0,97814.77,97857,97731.09,1735990200000,2939
65.49280641,97801.4742,97814.76,97855.09,97958,97735.1,1735991100000,3029
26.017227939999998,97849.0571,97862.02,97815.03,97970,97759.9,1735992000000,2660
34.07137325,97860.4742,97760.0,97880.4,98026,97759.9,1735992900000,3246
26.76923514,97892.5334,97880.39,97822.93,98010,97822.93,1735993800000,3281
16.32613929,97822.246,97822.94,97858.41,97940,97772.81,1735994700000,2995
17.32572353,97880.473,97853.76,97868.01,97999,97827.51,1735995600000,3341
25.859262179999998,97821.4584,97868.0,97822.27,97963,97735.92,1735996500000,3738
87.13594013000001,97797.6302,97823.07,97860.46,97885,97712.41,1735997400000,4324
51.005777599999995,97985.5558,97860.47,97948.8,98193,97844.0,1735998300000,4061
22.86987285,97900.4318,97998.4,97847.07,98049,97820.01,1735999200000,3914
20.23949799,97916.4867,97851.18,97972.96,98053,97800.57,1736000100000,4507
65.95955138,98012.3671,97972.96,98041.58,98124,97911.69,1736001000000,4760
21.19531416,98016.6466,98035.65,98020.04,98115,97968.04,1736001900000,4084
21.40306066,97980.0457,98028.0,97982.21,98088,97900.43,1736002800000,4239
77.74552639999999,97842.0979,97982.22,97824.35,98177,97624.44,1736003700000,6266
166.64596557000004,97628.5122,97824.35,97635.19,97852,97564.87,1736004600000,8280
62.600885700000006,97657.0348,97641.0,97649.43,97761,97516.65,1736005500000,6009
30.21778417,97726.3507,97666.1,97729.0,97818,97609.84,1736006400000,5364
59.572429590000006,97770.2737,97772.53,97723.1,97879,97684.34,1736007300000,5256
89.60733851999998,97605.6596,97687.34,97629.68,97776,97550.47,1736008200000,6173
32.80186701,97686.9664,97634.3,97700.74,97759,97610.23,1736009100000,4664
34.74226202,97737.3041,97701.97,97771.03,97825,97669.14,1736010000000,5103
22.55630005,97789.9437,97771.03,97772.15,97867,97755.76,1736010900000,4574
31.0079518,97856.0605,97770.62,97875.06,97958,97736.36,1736011800000,4776
39.70562505,97934.9269,97875.06,98006.89,98070,97851.96,1736012700000,5113
34.27129105,98011.9011,98017.68,98055.92,98122,97938.37,1736013600000,4929
38.431650469999994,98077.3805,98055.1,98046.67,98158,98022.44,1736014500000,4971
20.131857070000002,98044.2338,98051.75,98041.86,98133,97955.8,1736015400000,4985
23.58960587,97948.2325,98035.09,97948.21,98125,97879.01,1736016300000,4303
124.05743179000001,98134.5162,97948.2,98127.4,98500,97907.92,1736017200000,5675
45.014771669999995,98240.0892,98124.63,98154.14,98380,98093.8,1736018100000,5454
19.261912809999995,98180.4054,98159.25,98135.5,98310,98108.6,1736019000000,4869
21.888833549999998,98150.0359,98137.6,98163.2,98236,98090.7,1736019900000,4804
70.39473068000001,98318.712,98150.12,98286.98,98550,98145.97,1736020800000,5954
28.244397969999994,98360.7675,98282.6,98444.47,98503,98236.58,1736021700000,4629
46.42119570999999,98504.7814,98444.48,98527.69,98686,98383.61,1736022600000,5987
36.782165109999994,98552.7929,98527.69,98590.39,98671,98502.61,1736023500000,5340
63.19645773999999,98633.2889,98584.9,98535.72,98781,98515.56,1736024400000,6060
54.20272911,98559.6809,98528.29,98509.12,98693,98481.77,1736025300000,5499
29.07158803,98444.0611,98509.13,98367.79,98582,98338.8,1736026200000,5114
21.841724130000003,98347.7291,98367.8,98355.36,98438,98309.1,1736027100000,4620
28.726471969999995,98334.7343,98336.1,98327.37,98417,98297.2,1736028000000,4803
29.62365993,98293.172,98327.37,98252.13,98382,98244.13,1736028900000,4263
34.84662852,98360.6969,98246.8,98391.52,98469,98246.7,1736029800000,4792
24.055887789999996,98428.346,98391.52,98399.1,98528,98336.86,1736030700000,4532
38.03386371999999,98274.3302,98418.5,98166.32,98499,98132.54,1736031600000,5094
23.28848722,98233.4381,98166.32,98210.87,98329,98154.1,1736032500000,4493
22.83952078,98233.5846,98215.62,98203.47,98336,98180.12,1736033400000,4599
24.90256077,98251.3293,98208.06,98209.85,98371,98185.48,1736034300000,4550
42.51880545,98218.4167,98208.9,98263.91,98363,98134.66,1736035200000,3983
18.243074220000004,98263.2556,98263.91,98265.17,98409,98181.53,1736036100000,4403
16.464090340000002,98271.4614,98265.17,98245.16,98403,98220.8,1736037000000,4172
16.237998970000003,98219.6085,98245.16,98203.82,98347,98188.21,1736037900000,3386
19.54582932,98195.4198,98240.7,98269.52,98339,98126.29,1736038800000,3736
44.84611887,98200.0783,98262.37,98231.0,98375,98053.0,1736039700000,3980
26.350570539999996,98127.2166,98190.01,98144.56,98244,98041.62,1736040600000,4382
34.43493628,98067.8355,98139.52,98114.97,98177,98020.01,1736041500000,4089
14.669789740000002,98148.3749,98114.96,98175.96,98208,98079.3,1736042400000,3959
14.05309497,98167.6482,98173.51,98165.61,98220,98119.76,1736043300000,3418
18.81721476,98119.5704,98166.98,98135.4,98223,98076.12,1736044200000,3596
11.075044709999998,98157.3569,98133.44,98207.94,98240,98109.9,1736045100000,3272
14.361294620000002,98172.747,98145.4,98152.06,98249,98123.8,1736046000000,3171
13.521149389999998,98125.1195,98152.84,98137.15,98216,98087.14,1736046900000,3462
13.408553350000002,98107.5055,98135.44,98074.61,98182,98069.31,1736047800000,3283
16.40684375,98124.9556,98163.0,98161.13,98192,98033.74,1736048700000,3113
30.31859739,98289.6098,98116.0,98223.67,98407,98116.0,1736049600000,3957
24.552322730000004,98354.4881,98228.75,98461.78,98556,98208.33,1736050500000,3955
19.71661787,98415.8706,98461.78,98358.38,98546,98352.23,1736051400000,2992
8.71388426,98348.5602,98357.81,98329.0,98439,98310.51,1736052300000,2783
12.645970110000002,98326.7568,98325.0,98325.0,98389,98272.7,1736053200000,2734
14.228033649999997,98297.8954,98325.1,98407.71,98430,98232.03,1736054100000,2858
9.968145759999999,98373.1544,98407.67,98342.57,98496,98300.0,1736055000000,3378
9.063300159999999,98319.0142,98342.57,98334.9,98415,98269.72,1736055900000,2789
13.49481307,98293.3328,98355.1,98289.41,98407,98257.1,1736056800000,2598
20.981288400000004,98334.457,98289.41,98348.73,98397,98268.1,1736057700000,2879
8.682044809999999,98351.2711,98304.3,98371.42,98396,98300.0,1736058600000,3295
12.847677630000002,98426.3376,98371.42,98430.25,98503,98344.1,1736059500000,2944
10.5108196,98421.3722,98430.9,98355.16,98505,98347.69,1736060400000,2364
8.45215787,98370.1153,98356.73,98311.97,98426,98310.1,1736061300000,2440
13.51673681,98306.9415,98314.8,98321.68,98379,98285.1,1736062200000,2847
8.28380201,98276.9615,98320.01,98247.84,98361,98236.76,1736063100000,2135
66.25497402000002,98002.3755,98247.84,97938.97,98311,97886.25,1736064000000,4271
25.186497690000003,97854.7968,98025.0,97881.67,98025,97763.56,1736064900000,3197
18.56984149,97868.2321,97881.66,97862.0,97950,97798.49,1736065800000,2787
15.871722459999999,97827.3574,97862.0,97840.84,97913,97784.44,1736066700000,2265
14.483711240000003,97849.3725,97820.1,97882.78,97958,97780.6,1736067600000,2518
14.42417325,97848.0278,97883.07,97784.02,97961,97777.85,1736068500000,2952
13.22592274,97817.733,97784.03,97885.14,97900,97762.34,1736069400000,2325
65.10222986,97699.3238,97885.14,97631.76,97937,97609.0,1736070300000,3246
32.739124759999996,97639.9381,97631.76,97693.97,97764,97565.0,1736071200000,2955
14.07734462,97652.0979,97693.96,97568.49,97765,97554.3,1736072100000,2920
14.492090300000001,97644.7086,97568.49,97660.94,97729,97557.5,1736073000000,2339
8.061111579999999,97696.5187,97660.94,97700.53,97758,97651.5,1736073900000,2274
12.626792439999997,97689.1827,97695.5,97689.89,97791,97644.06,1736074800000,2480
13.358158759999998,97756.8202,97689.89,97706.69,97838,97675.7,1736075700000,3121
24.6924091,97639.7574,97706.7,97639.98,97786,97585.08,1736076600000,2996
15.46407942,97617.9744,97600.7,97621.82,97699,97582.3,1736077500000,2577
19.035957180000004,97615.5156,97600.6,97704.24,97754,97550.0,1736078400000,3112
18.219324880000002,97770.9957,97651.5,97678.74,97935,97643.16,1736079300000,3212
13.308125989999999,97710.8515,97678.88,97743.39,97802,97635.52,1736080200000,3155
18.90262271,97848.8222,97730.94,97778.0,97976,97705.55,1736081100000,3052
17.803332270000006,97835.7785,97737.02,97828.81,97933,97712.02,1736082000000,3042
17.60553891,97884.9128,97828.81,97943.52,97989,97813.52,1736082900000,3113
19.86907905,97912.7243,97943.52,97849.67,98035,97838.26,1736083800000,3125
41.31182661999999,97789.3761,97850.15,97668.99,97951,97650.0,1736084700000,3439
25.783624389999996,97642.2881,97669.0,97626.51,97817,97555.4,1736085600000,3492
223.38895623000005,97459.165,97625.19,97455.68,97683,97250.0,1736086500000,7671
50.60883987,97501.8739,97455.68,97648.42,97732,97342.99,1736087400000,4587
44.76916215,97805.8411,97648.43,97831.21,98003,97641.4,1736088300000,4627
50.47288269999999,97875.5518,97843.7,97800.39,98074,97782.69,1736089200000,4498
46.12861196,97747.846,97798.67,97888.07,97937,97681.13,1736090100000,4049
78.96617602000002,98079.5905,97888.07,98060.09,98307,97830.8,1736091000000,5198
19.143716209999997,98046.0798,98060.08,98003.23,98185,97962.39,1736091900000,3735
73.87171293,98200.0446,97993.7,98169.03,98453,97959.98,1736092800000,4934
54.7678312,98083.9524,98169.03,98059.82,98270,98013.01,1736093700000,4546
37.92976973999999,97973.6291,98059.81,97970.37,98141,97906.1,1736094600000,4360
21.39956795,98031.7576,97969.86,98005.96,98163,97946.05,1736095500000,4234
30.488076770000003,98021.4849,98005.96,97976.77,98136,97967.22,1736096400000,4424
30.87863443,97924.7374,97976.77,97938.71,98100,97850.02,1736097300000,4574
22.681188819999996,97906.5546,97876.1,97823.57,98074,97777.98,1736098200000,4747
36.34167603000001,97695.0478,97823.56,97717.87,97919,97638.62,1736099100000,4901
62.77270786999999,97647.6277,97717.86,97688.81,97824,97560.0,1736100000000,5473
27.287269029999997,97683.827,97688.8,97677.63,97801,97580.64,1736100900000,4836
38.555234920000004,97780.2537,97681.89,97813.77,97901,97658.0,1736101800000,4870
22.3051022,97858.8735,97813.76,97895.55,98000,97813.76,1736102700000,4796
19.31051077,97966.5781,98001.0,98014.23,98089,97822.02,1736103600000,5120
89.20583672,98004.6802,98013.66,98023.79,98168,97934.0,1736104500000,6112
45.42802827,97979.3551,98023.4,97989.13,98100,97937.16,1736105400000,4838
31.50216482,97991.0031,97983.1,98060.46,98101,97948.88,1736106300000,4481
21.54210251,98064.5665,98060.46,98102.2,98190,97987.36,1736107200000,4607
134.39332933,98453.3371,98109.07,98451.31,98687,98102.1,1736108100000,7344
39.213979439999996,98351.6457,98455.54,98318.08,98510,98299.9,1736109000000,5343
42.50992824,98250.628,98317.6,98253.13,98416,98131.13,1736109900000,5412
65.73108691,98313.848,98234.0,98381.01,98441,98185.57,1736110800000,5593
40.225540640000006,98331.4697,98381.02,98284.9,98458,98271.22,1736111700000,5072
30.6081504,98380.1644,98284.9,98408.12,98510,98251.3,1736112600000,4811
38.30283997,98440.901,98412.59,98482.67,98571,98394.03,1736113500000,4338
29.891211100000007,98391.1279,98455.0,98357.04,98567,98316.5,1736114400000,4574
23.11476342,98438.6748,98357.05,98465.0,98596,98336.2,1736115300000,4310
37.14424714,98587.8157,98465.0,98618.17,98801,98464.9,1736116200000,4796
40.740671969999994,98587.1313,98618.17,98658.42,98772,98473.97,1736117100000,4762
109.81339564000001,98671.1512,98658.41,98526.18,98889,98488.34,1736118000000,6840
54.36295936,98461.3162,98533.78,98439.83,98660,98317.17,1736118900000,4940
18.92326151,98438.9084,98438.64,98400.42,98569,98380.3,1736119800000,4353
29.77802269,98378.777,98400.43,98345.33,98548,98286.69,1736120700000,4568
72.63482582000002,98485.5259,98306.3,98425.27,98654,98306.3,1736121600000,5932
38.5418012,98511.3745,98425.26,98456.02,98789,98274.24,1736122500000,5814
39.67926981,98429.9129,98456.02,98413.44,98633,98290.86,1736123400000,5273
50.63225505,98295.1079,98431.0,98198.82,98491,98162.78,1736124300000,5270
47.98203972999999,98157.149,98198.81,98026.7,98391,98010.2,1736125200000,4921
56.455919789999996,98007.967,98026.71,98102.2,98200,97900.0,1736126100000,5104
29.53352633,98168.179,98091.67,98244.75,98297,98079.2,1736127000000,4067
73.22819313000001,98513.6963,98244.69,98716.36,98846,98158.71,1736127900000,5781
436.1671416399999,99076.4531,98716.36,99006.3,99335,98655.63,1736128800000,12280
74.71419525,98779.3665,98981.02,98724.14,99050,98618.86,1736129700000,6162
123.39121423000002,98915.2558,98734.23,98804.5,99239,98645.01,1736130600000,6631
61.86502673999999,98853.975,98844.08,98780.02,98992,98765.12,1736131500000,4987
44.177988989999996,98880.3072,98780.3,98928.93,99050,98728.0,1736132400000,4578
46.40455411,98985.5997,98928.93,99067.26,99102,98844.33,1736133300000,4240
62.92595251,99120.5412,99067.26,99077.13,99243,98999.9,1736134200000,4771
50.866584329999995,99023.7976,99079.14,98993.48,99170,98953.8,1736135100000,4154
75.06994861,99195.6584,98982.0,99240.0,99350,98982.0,1736136000000,4837
98.58048434999999,99308.1888,99240.0,99219.59,99473,99200.0,1736136900000,5043
90.53327789999999,99188.1011,99215.99,99175.15,99323,99152.9,1736137800000,4045
78.28924344000002,99321.5001,99172.36,99420.86,99532,99172.35,1736138700000,4292
117.85594073,99474.0827,99403.5,99375.15,99649,99350.0,1736139600000,5181
86.7425182,99537.4105,99376.5,99630.0,99699,99354.45,1736140500000,4669
388.42475912,99701.0582,99629.99,99709.6,99858,99587.9,1736141400000,6852
149.36690277000002,99718.5064,99709.6,99572.59,99956,99460.0,1736142300000,5561
63.12645229000001,99576.9875,99580.27,99511.37,99762,99452.38,1736143200000,3986
83.75065441000001,99507.8721,99511.37,99460.09,99673,99399.98,1736144100000,4180
59.040281639999996,99593.9104,99460.09,99799.0,99800,99411.84,1736145000000,3966
84.44176492000001,99597.1405,99669.26,99488.29,99799,99433.7,1736145900000,4024
92.29720225999999,99376.827,99459.0,99361.52,99581,99266.57,1736146800000,4075
72.17022600999998,99260.0268,99361.52,99295.33,99453,99142.43,1736147700000,3584
24.89132734,99294.773,99295.32,99265.35,99449,99200.5,1736148600000,2828
23.970827349999997,99334.427,99272.25,99278.82,99459,99240.98,1736149500000,2646
83.11354567,99479.3355,99277.29,99524.96,99636,99267.58,1736150400000,4441
42.057512990000006,99387.2246,99524.96,99349.1,99618,99289.67,1736151300000,3212
100.57638508,99177.8343,99349.2,99022.34,99486,98968.48,1736152200000,4375
66.58906101999999,99080.4585,99022.38,99014.89,99240,98985.68,1736153100000,3847
49.93598739000001,99107.104,99014.9,99151.6,99269,98987.54,1736154000000,3169
21.349613180000002,99091.8676,99151.59,99083.45,99229,99024.44,1736154900000,2290
43.71021999,99041.495,99074.0,99019.27,99182,98990.0,1736155800000,2705
38.904577870000004,98962.3798,99019.26,98969.01,99151,98914.79,1736156700000,2693
90.93510235000002,98866.9792,98963.7,98853.0,99085,98765.01,1736157600000,3804
54.03149171999999,98901.8489,98855.54,98966.23,99013,98809.66,1736158500000,3124
44.806433770000005,98825.0293,98966.24,98721.99,99015,98709.3,1736159400000,2643
72.61940122000001,98749.4747,98721.98,98745.86,98870,98668.11,1736160300000,2851
36.86399272,98855.5679,98714.2,98984.48,99029,98666.31,1736161200000,3404
99.46699702999999,99086.3658,98984.48,99210.64,99324,98930.77,1736162100000,3979
56.92868305000001,99254.7714,99212.25,99207.09,99447,99126.77,1736163000000,4115
44.90817271,99201.6908,99200.1,99219.43,99340,99129.76,1736163900000,3600
99.01450077000001,99373.6386,99200.0,99448.92,99549,99199.9,1736164800000,4374
113.80263255,99502.3348,99454.6,99536.64,99729,99371.12,1736165700000,5101
48.250661,99469.9359,99531.2,99499.99,99623,99414.73,1736166600000,3875
49.83206893,99316.4533,99499.99,99130.8,99570,99111.0,1736167500000,4149
59.352319800000004,99093.4733,99130.8,99006.87,99233,98950.63,1736168400000,5062
176.18516612999997,99092.707,99006.87,99281.19,99393,98865.7,1736169300000,7050
91.78779532,99249.8368,99281.18,99250.01,99494,99107.76,1736170200000,5422
101.51160166999999,99336.1738,99250.0,99460.46,99583,99160.52,1736171100000,5007
104.93505298,99375.9804,99482.5,99255.1,99610,99180.74,1736172000000,5817
248.17311108999996,98908.3752,99248.73,99038.11,99340,98676.5,1736172900000,8821
517.41455806,99198.2305,99032.1,99507.18,99671,98825.94,1736173800000,15598
1817.0850917399996,100528.8175,99505.59,100738.42,101320,99500.8,1736174700000,37016
787.3306034,100963.6145,100718.5,101290.0,101300,100487.31,1736175600000,18876
662.4706160100001,101423.6721,101248.53,101672.66,101716,100979.6,1736176500000,17440
670.38821019,101827.02,101672.66,101993.6,101999,101618.36,1736177400000,18741
614.5145555800001,102163.8791,101993.6,102167.04,102485,101850.93,1736178300000,19262
597.4286072800002,102209.1039,102167.05,102223.58,102480,101999.1,1736179200000,16053
474.45983192,102382.4688,102223.59,102469.89,102560,102103.9,1736180100000,12104
425.94908903,102264.6061,102471.38,101902.74,102520,101872.39,1736181000000,11198
465.51957446,102050.0708,101898.71,102185.59,102372,101724.69,1736181900000,12853
369.0128497200001,102024.3551,102185.63,101938.82,102240,101882.39,1736182800000,11870
347.91359585,101949.7284,101938.81,101878.26,102081,101750.0,1736183700000,11941
388.41475156999996,101673.0135,101853.3,101437.65,102050,101257.0,1736184600000,14058
184.18548542999997,101654.1483,101437.65,101864.76,101950,101328.73,1736185500000,9866
224.79900564,101822.9695,101800.0,101977.51,102010,101589.33,1736186400000,10635
187.55231425,101971.4231,101977.51,101968.32,102090,101876.16,1736187300000,8756
226.79463048999997,102011.5049,101968.32,101987.69,102130,101874.74,1736188200000,8894
300.10060669,101867.4015,101991.46,101786.32,102070,101662.5,1736189100000,9983
240.63763498,101827.0861,101799.8,101959.32,102000,101668.98,1736190000000,8963
295.37383144000006,102004.8586,101957.15,101940.56,102090,101868.95,1736190900000,8764
196.32349413,101920.6464,101936.81,102063.21,102090,101788.5,1736191800000,7842
255.25307273999994,101914.3471,101995.0,101854.25,102100,101776.29,1736192700000,8782
468.02306978,102084.8706,101854.26,102246.66,102246,101845.2,1736193600000,9776
374.0280172699999,102264.6291,102246.66,102182.05,102399,102109.36,1736194500000,9394
349.5624731699999,102137.8217,102177.22,102097.43,102320,102012.98,1736195400000,9228
665.15917136,102134.3978,102097.42,102182.39,102376,101878.64,1736196300000,12328
208.05008908000002,102303.0504,102185.7,102117.31,102420,102117.31,1736197200000,9438
118.50097185999999,102160.2898,102115.77,102128.53,102264,102015.63,1736198100000,7433
95.4061928,101919.1923,102128.4,101818.81,102154,101780.1,1736199000000,6662
191.58218309,101765.5829,101818.74,101648.09,101920,101616.2,1736199900000,7072
85.78938097999999,101700.4199,101680.0,101745.05,101840,101630.0,1736200800000,5937
82.28514743999999,101896.5202,101745.05,101976.41,102010,101725.0,1736201700000,5656
46.462854840000006,102005.4025,101921.0,102015.99,102120,101920.9,1736202600000,5109
58.67019086,102048.2803,102016.0,102036.03,102124,102000.0,1736203500000,5684
150.10867371000003,102075.3594,102036.04,102050.0,102227,101920.01,1736204400000,7217
63.92573621,102126.6055,102050.0,102128.81,102199,102021.1,1736205300000,6072
55.65101981999999,102127.1701,102128.8,102222.71,102270,102007.18,1736206200000,5990
60.884234819999996,102239.1894,102222.71,102279.41,102290,102190.82,1736207100000,5697
73.17850241000001,102148.4393,102300.0,102083.51,102320,102011.78,1736208000000,6168
148.97844943,102223.1342,102101.0,102400.0,102480,101981.23,1736208900000,7057
340.61547561,102482.6022,102428.95,102091.58,102760,102052.29,1736209800000,10789
72.41135950999998,102153.2284,102091.58,102092.84,102265,102007.0,1736210700000,6236
95.25726142,101944.0151,102092.84,101859.74,102123,101822.42,1736211600000,6561
80.3485173,101874.4544,101859.74,101718.32,101964,101711.0,1736212500000,5655
80.9140071,101875.1152,101718.32,102017.31,102037,101711.12,1736213400000,5755
64.68269826,102002.1806,102017.32,101958.96,102083,101869.9,1736214300000,4737
59.052595010000005,102015.3352,101958.97,101992.93,102069,101887.1,1736215200000,4932
54.65717502,101989.6176,101989.48,101883.35,102060,101877.58,1736216100000,4435
48.73375024,101864.8049,101883.35,101849.51,101930,101822.0,1736217000000,4393
74.00011989999999,101769.7957,101848.09,101708.12,101890,101672.1,1736217900000,4538
119.30173825,101787.8908,101764.8,101690.18,101853,101681.56,1736218800000,5332
62.61316868000001,101693.2367,101690.18,101684.57,101750,101655.16,1736219700000,3899
44.58539037,101737.4242,101684.56,101638.08,101840,101631.01,1736220600000,3739
51.0738761,101643.6329,101642.81,101730.11,101757,101528.71,1736221500000,4089
60.460309689999995,101801.0025,101700.0,101872.28,101880,101700.0,1736222400000,4049
43.670005610000004,101840.1334,101872.28,101892.0,101900,101799.97,1736223300000,3277
49.363270959999994,101884.5128,101892.01,101800.72,101990,101777.09,1736224200000,3349
57.72624181,101779.9528,101800.72,101674.54,101870,101670.54,1736225100000,3427
45.89443315,101730.365,101728.0,101731.2,101810,101592.61,1736226000000,3496
67.23856921,101703.6935,101731.19,101736.95,101830,101608.71,1736226900000,3657
91.20524312999999,101688.1337,101736.96,101650.55,101760,101621.81,1736227800000,3837
52.39735433999999,101719.5493,101650.55,101748.66,101770,101633.97,1736228700000,2939
43.3432067,101686.5176,101741.8,101749.67,101770,101645.87,1736229600000,2995
54.57290831,101856.0013,101749.67,101845.41,101911,101729.1,1736230500000,3577
33.97308264,101857.3528,101845.39,101851.4,101910,101785.17,1736231400000,2878
33.579234639999996,101811.3144,101851.4,101822.64,101880,101780.0,1736232300000,2735
68.4520033,101948.6819,101790.1,101858.91,102043,101790.0,1736233200000,3879
47.89955669,101809.4432,101858.92,101773.57,101941,101768.58,1736234100000,2939
84.55853161,101766.8475,101773.58,101764.15,101832,101670.52,1736235000000,3431
53.38610702,101708.8676,101764.15,101684.3,101790,101655.03,1736235900000,2631
77.25876181999999,101691.734,101693.7,101635.11,101761,101622.12,1736236800000,3158
48.25159786999999,101705.1796,101635.12,101787.7,101840,101618.0,1736237700000,3203
43.95176353,101846.7495,101787.01,101876.17,101910,101770.79,1736238600000,3292
67.1989979,101926.7338,101867.9,101895.42,102000,101827.1,1736239500000,3456
52.152748290000005,101868.738,101895.43,101832.85,101950,101800.0,1736240400000,2959
60.51225452,101783.6676,101832.85,101764.53,101920,101718.4,1736241300000,3143
95.90424255,101695.5727,101764.52,101659.4,101800,101632.29,1736242200000,3650
52.34032723000001,101702.049,101659.39,101713.38,101790,101621.46,1736243100000,3375
152.55193816000002,101545.0508,101705.2,101446.0,101780,101414.1,1736244000000,5142
103.05493256000001,101489.0789,101446.0,101536.74,101566,101366.91,1736244900000,4437
136.47633128,101517.6185,101532.29,101496.87,101590,101439.91,1736245800000,3908
55.84236636000001,101441.8795,101496.86,101401.0,101550,101377.9,1736246700000,3730
58.88342356,101372.0054,101419.8,101382.85,101469,101292.63,1736247600000,3927
68.90941853,101349.3108,101382.85,101352.78,101464,101291.09,1736248500000,3703
284.09683371,100914.3482,101352.78,100655.3,101370,100609.14,1736249400000,8535
317.0691564,100675.5813,100646.5,100827.28,100930,100448.9,1736250300000,8245
84.14481426,100845.0492,100830.4,100701.01,100968,100701.0,1736251200000,5123
117.54738029,100720.3761,100701.0,100629.96,100814,100618.0,1736252100000,5659
53.62565676,100786.4947,100634.0,100843.1,100893,100619.0,1736253000000,4465
70.05315886999999,100831.1051,100833.2,100752.3,100915,100711.09,1736253900000,4336
97.86796535,100766.4698,100752.3,100743.93,100850,100688.0,1736254800000,4651
134.86596840000004,100814.9067,100744.42,100933.3,100950,100658.8,1736255700000,5655
85.55427266999999,100740.8693,100937.02,100691.91,100956,100601.8,1736256600000,5059
64.9245522,100714.2492,100691.91,100631.83,100793,100618.0,1736257500000,5246
85.02498460999999,100718.8849,100635.66,100565.67,100815,100565.66,1736258400000,4915
73.2484255,100650.1097,100565.67,100743.96,100874,100500.0,1736259300000,5541
468.5380283899999,100528.519,100743.95,100705.72,100850,100171.33,1736260200000,13586
494.9463247,100190.5392,100705.73,99966.01,100820,99714.26,1736261100000,15264
1432.7197020099998,99137.0413,99963.14,98561.44,100150,98369.22,1736262000000,34651
1172.2213209499998,98467.6551,98561.44,98420.01,98829,98081.93,1736262900000,25502
1242.6905223600002,97932.7803,98420.01,97519.68,98628,97443.6,1736263800000,28157
889.5143297200001,97796.7138,97505.52,97902.38,98276,97064.9,1736264700000,21845
447.15303092,97799.4145,97900.1,97769.36,98145,97500.01,1736265600000,15901
380.00613726999995,97838.3285,97758.21,97945.5,98063,97616.85,1736266500000,12351
404.06352143000004,98018.5608,97955.19,98175.0,98408,97741.62,1736267400000,12896
317.29820455,97953.9021,98174.99,97705.66,98207,97692.32,1736268300000,11872
334.70362122,97532.981,97705.66,97359.65,97831,97303.07,1736269200000,11561
286.39887518,97315.3277,97359.91,97274.81,97573,97194.6,1736270100000,11331
416.77494322999996,97154.0263,97274.81,97206.72,97614,96760.1,1736271000000,14415
368.0808221100001,96947.6632,97206.7,97233.28,97386,96505.9,1736271900000,14948
234.13222505999997,97340.0043,97304.0,97356.94,97562,97164.65,1736272800000,10382
188.20214351000004,97186.6094,97356.94,97032.94,97445,96975.39,1736273700000,9343
371.0979406100001,96863.2594,97032.95,96820.05,97151,96652.3,1736274600000,11863
346.77073781999997,96709.5392,96820.05,96700.01,96932,96545.0,1736275500000,12152
226.7351162,96880.7055,96795.0,97114.34,97201,96650.24,1736276400000,10168
267.40368859,96900.5905,97117.66,96808.82,97208,96667.91,1736277300000,10686
472.07386829,96551.1737,96808.81,96647.8,96887,96270.0,1736278200000,14850
208.43933745999996,96515.4919,96647.8,96401.64,96850,96322.56,1736279100000,10247
504.84356603,96430.3194,96401.61,96367.7,96713,96187.08,1736280000000,13362
492.4831402,96241.172,96390.32,96196.73,96515,96105.11,1736280900000,12725
467.9266101400001,96314.1277,96196.74,96159.2,96609,96100.0,1736281800000,12066
870.0272406599997,96523.4538,96184.82,96450.93,96870,96159.2,1736282700000,16014
240.19545254000005,96647.8275,96448.81,96800.0,96901,96414.6,1736283600000,10035
126.08530659000003,96904.7788,96818.52,96880.16,97110,96795.81,1736284500000,7728
189.98844271000002,96689.214,96880.17,96620.99,97110,96355.04,1736285400000,9313
174.41915281,96591.7584,96620.99,96470.73,96766,96421.93,1736286300000,8838
181.43939564,96735.0593,96463.4,96880.44,96961,96370.8,1736287200000,8271
102.08517427000001,96896.7134,96869.36,96894.48,97017,96756.37,1736288100000,6651
195.16577162,97047.736,96894.48,97114.74,97232,96838.75,1736289000000,8234
108.52135437000001,97085.1508,97114.3,97152.82,97210,96949.21,1736289900000,6148
173.03989277999995,96939.7727,97153.37,96870.93,97208,96804.0,1736290800000,8386
91.95998002,96977.9288,96950.0,97048.0,97187,96771.87,1736291700000,6476
137.13645547000002,97095.6072,97053.78,96942.24,97200,96940.0,1736292600000,6126
77.41766034000001,96911.5862,96942.24,96941.98,97031,96843.56,1736293500000,6118
101.21713143000002,96857.5723,96932.2,96995.51,97100,96680.0,1736294400000,7060
123.15888298,97013.4246,96995.5,96908.03,97196,96878.74,1736295300000,6692
90.1192817,97033.9983,96904.39,97195.25,97276,96756.37,1736296200000,6712
65.40094591,97149.5811,97189.66,97243.86,97341,97000.01,1736297100000,5680
60.7910754,97072.2001,97236.42,96915.81,97346,96908.71,1736298000000,5673
53.75783568,97021.8685,96921.22,96963.05,97190,96881.41,1736298900000,5202
68.85065919,96941.4274,96963.07,96810.88,97181,96742.62,1736299800000,5790
102.0961098,96708.9203,96805.12,96888.3,97014,96580.1,1736300700000,6476
66.51800713,96972.0483,96855.4,96958.13,97186,96750.92,1736301600000,5994
79.82437873,97054.5202,96965.37,96959.54,97269,96926.43,1736302500000,5460
76.33466385000001,97044.148,96959.55,97019.37,97241,96951.2,1736303400000,5417
46.444440830000005,96932.2588,97019.38,96853.93,97138,96853.34,1736304300000,4498
214.02187521000002,96606.1333,96910.0,96614.49,97001,96418.13,1736305200000,8610
94.93246632999998,96682.6006,96614.48,96598.92,96946,96528.44,1736306100000,5962
95.64704522999999,96527.6146,96595.01,96467.6,96917,96279.0,1736307000000,6471
220.14763053,96364.7406,96464.85,96515.21,96678,96191.9,1736307900000,7800
97.66440032999999,96495.2127,96503.1,96498.84,96756,96377.82,1736308800000,5386
154.50802774000002,96303.1266,96498.84,96475.67,96673,96166.95,1736309700000,6052
112.29687417999999,96343.0224,96475.66,96278.81,96637,96167.49,1736310600000,5491
211.30881879,96223.074,96273.41,96253.0,96493,96060.0,1736311500000,6990
69.92463836,96246.4586,96233.8,96435.0,96493,96057.3,1736312400000,5742
59.58208042,96463.8722,96306.0,96606.14,96749,96270.8,1736313300000,4381
44.78437483,96572.629,96606.14,96567.83,96759,96515.31,1736314200000,3640
46.53845132,96493.2554,96567.53,96474.77,96760,96350.0,1736315100000,3734
28.599027189999997,96530.2749,96636.0,96512.4,96753,96450.4,1736316000000,3327
80.72390469,96296.9206,96512.21,96222.1,96692,96172.05,1736316900000,4606
458.32385157000004,95770.6205,96182.26,95742.8,96367,95562.63,1736317800000,13162
223.85992448,95438.5795,95752.98,95258.73,95958,95222.37,1736318700000,8086
125.37301759999998,95456.3263,95300.1,95664.46,95790,95222.22,1736319600000,5888
69.21112966999999,95457.1323,95661.36,95464.93,95801,95325.68,1736320500000,5338
55.74845714,95485.2098,95471.56,95559.58,95664,95327.3,1736321400000,4348
72.74521889000002,95704.01,95544.6,95620.94,95910,95530.5,1736322300000,4262
98.15347832,95594.2826,95620.94,95647.2,95840,95486.72,1736323200000,5542
98.71990608,95777.3307,95647.2,95788.08,96047,95586.5,1736324100000,4717
73.66380296999999,95960.955,95788.07,96075.26,96206,95753.85,1736325000000,3998
59.4310397,96011.5363,96075.26,95913.2,96211,95900.0,1736325900000,3086
56.38661057000001,95961.7638,95913.2,95964.02,96159,95884.8,1736326800000,2902
44.124819020000004,95967.3747,95964.03,95878.89,96168,95878.88,1736327700000,2820
70.78851476,95773.9614,95878.88,95763.19,96044,95656.62,1736328600000,3332
33.76534584,95600.6828,95763.19,95400.11,95908,95373.99,1736329500000,3209
76.32199656,95567.1105,95418.3,95509.14,95771,95402.89,1736330400000,3703
70.33370982000001,95647.0323,95509.14,95832.68,95919,95420.88,1736331300000,3842
64.15174974,95724.5583,95832.68,95769.0,95918,95642.0,1736332200000,3283
35.157834619999996,95757.4989,95706.36,95923.03,96052,95621.78,1736333100000,3013
49.665490739999996,95884.8966,95951.7,95693.47,96110,95662.17,1736334000000,3891
62.77561648,95618.5794,95693.47,95519.43,95870,95456.69,1736334900000,3780
563.9896692700001,94948.744,95519.42,94694.4,95656,94500.3,1736335800000,17496
215.54691213,95040.2511,94752.27,95088.9,95264,94694.4,1736336700000,7776
131.55619786,95146.9258,95099.19,95149.7,95388,94930.2,1736337600000,6513
143.39037296,95060.2024,95150.1,95098.3,95262,94884.6,1736338500000,6181
130.89060479,95073.1081,95085.2,95138.34,95387,94818.18,1736339400000,6702
117.36683128000001,94966.3992,95138.36,94852.72,95241,94821.8,1736340300000,6077
231.74129718,95250.8106,94852.71,95283.22,95525,94852.71,1736341200000,8707
213.56074874000004,95476.0704,95283.22,95526.02,95689,95212.35,1736342100000,8202
142.28813125,95351.1466,95568.9,95313.25,95667,95159.8,1736343000000,6777
82.32990975000001,95286.9151,95313.25,95354.46,95465,95105.9,1736343900000,5708
134.0510454,95360.3381,95354.45,95261.29,95686,95163.69,1736344800000,7027
111.96466317,95375.6214,95256.5,95413.89,95572,95211.45,1736345700000,6521
542.75750711,95362.7289,95413.9,95342.12,95890,94989.91,1736346600000,15882
504.90863400000006,95160.7283,95342.12,95258.37,95517,94850.01,1736347500000,15361
717.5749902800001,95611.5028,95259.5,95139.26,96105,95102.46,1736348400000,17674
561.7192976599999,95013.5304,95139.25,94781.1,95509,94673.25,1736349300000,15692
332.76191022,94864.6418,94780.13,94977.98,95347,94595.0,1736350200000,12826
166.96325702000001,95157.8861,94973.14,95464.37,95600,94913.92,1736351100000,9627
248.18521285000006,95111.4903,95406.7,94990.11,95597,94823.3,1736352000000,10108
153.16647451,95010.5535,94980.56,94851.71,95326,94820.43,1736352900000,9169
297.56336423,94888.4668,94851.71,94757.85,95247,94636.9,1736353800000,12489
309.73629891,94699.1955,94757.85,94740.36,94955,94503.33,1736354700000,12920
648.8006206500002,94249.0375,94740.35,93826.39,94938,93784.66,1736355600000,21646
1104.6818634699998,93393.8664,93832.0,92983.55,94197,92774.0,1736356500000,28414
869.0309977,93142.1762,92981.08,93573.26,93880,92500.0,1736357400000,23573
337.81907063000006,93735.1251,93575.03,94007.23,94210,93390.33,1736358300000,14580
504.42802981999995,94343.5445,94032.2,94356.33,94712,93944.9,1736359200000,15096
361.00588971,94679.0891,94507.0,94908.65,95256,94309.94,1736360100000,13480
361.11542423,94594.554,94905.1,94353.63,95086,94310.63,1736361000000,11737
345.10755412000003,94070.6981,94352.4,94231.24,94508,93724.25,1736361900000,12298
271.46792946999994,94396.5361,94223.92,94267.99,94900,94021.43,1736362800000,10891
163.10221282999998,94587.2654,94267.98,94731.3,94979,94255.66,1736363700000,10253
334.19520395999996,94288.4232,94725.6,94138.29,94883,94009.81,1736364600000,11594
190.74797122,94239.1445,94135.03,94213.57,94613,94057.3,1736365500000,8459
395.76688354,94070.3213,94213.57,93764.3,94539,93756.26,1736366400000,9953
291.1578435499999,93940.9281,93760.7,93988.04,94231,93713.54,1736367300000,10288
200.81835324,94085.2002,93981.2,94169.77,94378,93933.74,1736368200000,9409
282.02594092,94046.7753,94169.76,93948.24,94413,93815.66,1736369100000,10831
94.49612056999999,93916.6241,93948.25,93785.36,94286,93713.53,1736370000000,7607
171.87660746000003,93900.9698,93785.36,94144.1,94417,93553.0,1736370900000,8264
114.40902200000002,94325.1761,94317.0,94455.59,94699,94058.51,1736371800000,7396
90.83259949,94442.7729,94462.29,94436.54,94680,94300.02,1736372700000,6819
185.43143102,94694.9435,94476.8,94717.52,95070,94413.71,1736373600000,9296
183.37290984999998,94702.2932,94717.52,94759.43,95052,94547.2,1736374500000,7620
114.85958358000002,95043.3128,94766.5,95217.22,95390,94671.99,1736375400000,6803
96.40709251,95071.3771,95217.22,95266.58,95401,94869.77,1736376300000,6897
130.91097227,95037.726,95266.57,95000.0,95401,94924.49,1736377200000,6964
65.57922794,95003.9984,94999.99,95008.1,95180,94930.0,1736378100000,5074
63.622246579999995,95006.4942,95013.9,95097.27,95240,94878.0,1736379000000,5747
56.20384865,95099.814,95097.27,95202.0,95354,94989.74,1736379900000,5752
38.41983403999999,94971.3454,95060.1,94908.1,95185,94868.5,1736380800000,6196
94.37383851,94859.4137,94925.05,94846.23,95169,94765.0,1736381700000,6815
150.29499651,94886.807,94846.23,94979.71,95116,94791.76,1736382600000,7397
50.04447009000001,95039.508,94979.71,95100.3,95238,94938.33,1736383500000,5638
62.510771000000005,95088.6954,95105.82,95099.77,95327,94933.38,1736384400000,5902
75.47867143,95205.1266,95099.77,95220.79,95479,95063.6,1736385300000,5837
99.88958739,95120.9317,95220.79,95075.45,95391,95031.79,1736386200000,6493
125.03674497,95002.2606,95075.45,94953.29,95241,94932.48,1736387100000,5761
486.67292615,94028.3438,94953.29,94054.1,95154,93418.63,1736388000000,17152
220.03716410999996,94337.7456,94042.8,94391.6,94800,94019.21,1736388900000,10630
164.13967726999996,94515.0892,94431.06,94751.17,94913,94200.0,1736389800000,7452
69.37907324999999,94687.7516,94751.17,94739.37,94967,94605.79,1736390700000,5852
79.86985086,94386.1788,94723.9,94323.14,94905,94202.91,1736391600000,6521
37.70870505,94381.4486,94318.59,94309.45,94634,94255.18,1736392500000,5051
93.07938288000003,94224.5187,94309.45,94135.23,94468,94111.11,1736393400000,5581
43.917188919999994,94087.1957,94135.23,93978.6,94354,93962.93,1736394300000,4994
65.19278577000001,93975.6792,94000.1,93787.84,94255,93783.33,1736395200000,4690
55.036299449999994,93929.8603,93792.03,94128.59,94305,93737.19,1736396100000,5010
46.609928919999994,94217.6133,94131.4,94291.31,94531,94076.51,1736397000000,4529
32.220990439999994,94305.8624,94291.31,94369.2,94589,94209.36,1736397900000,3850
33.61859551,94321.0043,94370.7,94311.04,94592,94228.51,1736398800000,3758
25.495683610000004,94359.3159,94311.04,94444.77,94635,94252.78,1736399700000,3706
38.06635557,94431.4221,94451.62,94388.86,94665,94353.6,1736400600000,3680
37.71129058,94360.4584,94388.86,94424.85,94679,94273.61,1736401500000,3603
23.70112678,94345.4646,94615.0,94439.13,94629,94225.59,1736402400000,3540
70.14968237,94301.529,94443.87,94345.37,94734,94154.65,1736403300000,3977
27.779212479999998,94311.4762,94345.37,94234.2,94534,94169.12,1736404200000,3322
29.04505613,94135.635,94233.34,94049.9,94454,93966.14,1736405100000,3471
24.90967346,94146.1553,94050.0,94072.15,94430,94006.21,1736406000000,3135
122.51818702999999,93912.3741,94260.0,93712.22,94266,93711.0,1736406900000,5334
117.98326974999998,93538.4616,93708.72,93595.03,93940,93273.0,1736407800000,6182
106.52037608000002,93384.0189,93582.16,93179.77,93830,93159.0,1736408700000,5490
282.31922830999997,93081.8769,93355.0,92887.8,93416,92800.0,1736409600000,8377
89.1408522,92970.5243,92887.7,92950.0,93234,92755.0,1736410500000,5056
196.09895611000002,93155.5471,92950.0,93342.49,93527,92700.0,1736411400000,6026
147.22953437,93017.3853,93349.26,92990.86,93486,92748.1,1736412300000,5274
37.16995292,93202.3839,92944.1,93264.4,93524,92924.6,1736413200000,3459
90.71431330999998,93460.3235,93268.16,93433.3,93751,93254.3,1736414100000,3648
52.79376591,93596.6793,93433.3,93545.06,93877,93381.3,1736415000000,3571
33.619108350000005,93507.2787,93545.05,93470.43,93773,93413.13,1736415900000,2948
35.01933779000001,93591.5729,93488.1,93579.71,93814,93439.44,1736416800000,3200
32.84634802,93355.6401,93577.4,93266.48,93803,93160.17,1736417700000,3595
43.116791479999996,93169.877,93266.47,93178.27,93530,92978.1,1736418600000,4368
44.65003070000001,93242.3112,93181.5,93612.0,93623,93059.91,1736419500000,3515
22.48004399,93510.1979,93607.0,93521.26,93775,93250.02,1736420400000,3485
41.77627389999999,93689.5348,93521.27,93660.47,93989,93485.57,1736421300000,3956
49.24325779,93459.2374,93664.43,93362.2,93898,93170.88,1736422200000,5760
54.83050485,93452.4956,93362.2,93407.52,93723,93291.54,1736423100000,5876
160.87071561000002,93296.5038,93414.3,93474.37,93733,93165.6,1736424000000,5180
86.77844951,93574.5153,93673.0,93564.98,93818,93367.03,1736424900000,4958
83.76202596,93473.7616,93572.24,93295.47,93813,93233.4,1736425800000,5407
71.63800276,93285.0698,93292.83,93371.22,93554,93095.81,1736426700000,4729
62.939166500000006,93223.7165,93554.0,93018.6,93607,93018.6,1736427600000,5262
168.19670959999996,92879.1389,93066.3,92819.62,93353,92638.15,1736428500000,9141
439.34940112,92341.4368,92771.8,92281.21,93030,92055.09,1736429400000,17269
419.91951824,92071.0692,92288.89,91943.29,92523,91868.49,1736430300000,17667
385.09356049,92073.9124,92128.0,92343.89,92704,91750.0,1736431200000,15494
212.22481682999998,92475.7981,92343.89,92394.98,92899,92167.98,1736432100000,10719
195.97076889,92335.4655,92374.3,92180.22,92896,92051.28,1736433000000,9761
206.9099523,92582.6597,92180.22,92817.98,93043,92141.37,1736433900000,10400
294.44457128000005,92807.8116,92787.4,92913.72,93132,92620.46,1736434800000,9309
156.32801424,93299.4672,92905.19,93492.25,93688,92887.6,1736435700000,9078
195.49731867,93680.0454,93492.26,93883.33,94060,93411.16,1736436600000,9028
219.46614341,94230.5956,93883.33,94217.09,94740,93775.05,1736437500000,11472
165.45458646,94436.9304,94211.9,94393.15,94855,94142.77,1736438400000,10291
135.15020567,94100.2377,94389.23,94024.93,94603,93891.45,1736439300000,7589
119.06430833000003,93966.823,94024.92,94123.13,94358,93826.23,1736440200000,7387
69.71538120999999,94238.7864,94123.13,94239.57,94516,94057.21,1736441100000,6434
80.73843191999998,94101.4955,94239.57,93976.26,94424,93927.11,1736442000000,6440
121.49523343000001,93810.7099,93976.26,93797.32,94200,93623.4,1736442900000,7679
176.99247253000001,93584.1695,93795.4,93440.03,93983,93394.33,1736443800000,7933
452.56117427000004,92656.612,93438.74,92690.06,93568,92299.9,1736444700000,14475
314.8097415600001,92751.8886,92683.17,92737.94,93077,92409.84,1736445600000,10760
208.56750409,92701.0855,92737.47,92748.46,93021,92390.0,1736446500000,10264
247.12721612,92985.5879,92748.46,93002.08,93412,92614.7,1736447400000,9679
133.66381053,93008.4251,93010.44,93016.99,93289,92814.21,1736448300000,6781
123.93884539000001,93097.8695,93016.98,93267.4,93421,92813.08,1736449200000,6585
123.99178840999998,93057.7092,93295.14,92831.84,93453,92730.99,1736450100000,6370
103.93201209,92825.6181,92831.84,92656.53,93153,92612.01,1736451000000,6798
415.68794648000005,92177.5263,92656.47,91900.0,92850,91899.0,1736451900000,15423
521.2257317699999,91980.4626,91902.64,91749.28,92494,91600.0,1736452800000,15798
707.9939410400002,91483.8312,91741.41,91271.41,92162,91168.5,1736453700000,24217
388.17796484999997,91537.7098,91452.0,91791.61,92029,91200.04,1736454600000,16734
351.53382667000005,91906.2292,91791.61,91871.06,92342,91620.0,1736455500000,13412
159.42414669999997,92056.4165,91888.52,92171.12,92399,91753.53,1736456400000,9390
147.7942758,92320.9687,92171.12,92272.1,92674,92050.0,1736457300000,8363
77.85919462999998,92211.5053,92272.09,92244.29,92519,92031.49,1736458200000,7040
84.56262855000001,92080.5543,92244.29,92105.01,92457,91910.2,1736459100000,7114
149.31204944999996,92002.8229,92100.1,91683.07,92423,91626.0,1736460000000,8764
83.87013394,91863.9468,91683.07,92328.0,92328,91631.7,1736460900000,6599
118.51746088,92485.8537,92139.6,92577.96,92886,92139.6,1736461800000,7834
74.07982808000001,92509.9707,92577.43,92626.0,92783,92349.7,1736462700000,5958
94.24285737000001,92539.4389,92458.63,92635.0,92841,92352.48,1736463600000,6552
82.42418527000001,92385.726,92464.65,92230.66,92680,92178.6,1736464500000,5962
86.93722397999997,92228.1672,92230.67,92193.44,92471,92030.6,1736465400000,5931
70.56387817000002,92406.5207,92191.77,92547.44,92760,92163.83,1736466300000,5621
75.53098641,92646.1075,92547.44,92626.59,92943,92516.07,1736467200000,5993
87.14693126000002,92631.7535,92618.02,92733.0,92930,92452.92,1736468100000,6133
57.38262515000001,92635.6756,92568.43,92871.0,92939,92457.9,1736469000000,5398
46.82242433,92765.8673,92699.31,92772.22,92991,92529.84,1736469900000,5265
61.17349887,92795.5165,92756.8,92997.0,93049,92583.05,1736470800000,5521
57.79828094999999,92818.4555,92828.69,92781.38,93072,92660.0,1736471700000,6200
82.70106063,92960.6367,92960.0,93108.93,93319,92750.1,1736472600000,6946
86.24701654,93015.0479,93111.06,93095.55,93332,92876.6,1736473500000,5458
101.56844237,93166.095,93065.6,93104.34,93437,93065.6,1736474400000,5520
74.3820676,93246.0553,93102.77,93512.72,93691,93013.6,1736475300000,5887
74.53157199,93477.0056,93512.68,93309.9,93868,93262.45,1736476200000,5901
56.68233402,93404.6999,93312.5,93364.11,93714,93301.56,1736477100000,5363
69.38940537,93466.7442,93363.1,93426.14,93739,93345.74,1736478000000,5190
34.83605595,93472.6271,93426.14,93508.3,93758,93300.0,1736478900000,4407
33.19102528,93557.4237,93547.65,93527.31,93800,93406.26,1736479800000,4204
71.45703685,93670.0073,93529.22,93700.81,93907,93504.31,1736480700000,5111
102.40384933000001,93772.2626,93659.9,93699.81,94061,93600.99,1736481600000,5359
50.63875425,93653.0095,93908.0,93567.12,93985,93525.94,1736482500000,4709
67.2122308,93665.0394,93570.25,93721.15,93952,93491.06,1736483400000,4009
90.28281525,93784.73,93720.37,93843.01,94042,93666.82,1736484300000,3919
117.40289768999999,93842.5871,93835.65,93728.41,94061,93726.27,1736485200000,3841
63.60279688,93737.1818,93728.56,93817.9,94010,93633.73,1736486100000,3827
144.63113284000002,94091.0005,93817.9,94102.3,94400,93769.9,1736487000000,6044
39.02635963999999,94013.8052,94110.6,93967.02,94289,93897.9,1736487900000,3746
98.47675981,94012.5506,93938.6,93966.16,94287,93867.28,1736488800000,4175
78.30722267,94003.4684,93966.15,93923.29,94251,93892.17,1736489700000,3462
50.81361111999999,93901.0374,93924.22,94277.0,94304,93724.1,1736490600000,3845
54.991931120000004,94214.6969,94095.84,94288.9,94466,94066.84,1736491500000,3644
45.77615527,94169.9897,94288.9,94239.45,94447,94058.43,1736492400000,3201
74.83213004000002,94283.2704,94239.07,94347.05,94523,94147.96,1736493300000,3696
264.55065262999995,94721.1046,94335.26,94787.3,95091,94265.09,1736494200000,6671
104.46870824999999,94720.1093,94794.16,94486.6,95120,94429.23,1736495100000,5110
56.74302189,94605.8934,94472.0,94730.0,94867,94378.24,1736496000000,4234
43.421580280000015,94687.2556,94730.0,94670.1,94897,94555.52,1736496900000,3398
37.85410280999999,94563.4059,94680.31,94516.61,94832,94474.85,1736497800000,3278
42.581514920000004,94624.9733,94516.61,94674.52,94855,94465.18,1736498700000,3331
64.80721797000001,94660.4828,94670.2,94816.56,94939,94570.93,1736499600000,3605
47.402474229999996,94862.6336,94816.56,94934.3,95117,94740.9,1736500500000,3918
49.08314155,94904.6105,94934.3,94851.97,95103,94842.01,1736501400000,3525
52.66216051,94863.6981,94842.92,94795.93,95094,94742.32,1736502300000,3770
27.804174470000003,94913.0939,94794.4,94951.66,95121,94789.64,1736503200000,3214
22.898831669999996,94870.2857,94951.65,94789.84,95108,94770.34,1736504100000,3150
49.511040789999996,94893.3799,94789.85,94966.0,95127,94752.09,1736505000000,3641
120.47318342999999,95081.1433,94966.0,95213.77,95401,94911.87,1736505900000,4697
50.24777582000001,95100.7538,95201.7,94950.04,95401,94933.2,1736506800000,3701
47.46394163,94899.8614,94950.02,94803.27,95117,94798.48,1736507700000,3694
99.48695539000002,94784.723,94803.27,94919.26,95043,94618.0,1736508600000,4658
101.31438315999999,94946.3243,94917.4,95025.9,95189,94862.3,1736509500000,4195
124.87346149000001,95026.8522,95083.51,94887.71,95261,94851.43,1736510400000,5925
100.6383363,94848.1681,94879.0,94770.16,95064,94741.57,1736511300000,4967
86.44477057000002,94781.0225,94770.16,94802.34,94999,94694.07,1736512200000,4313
48.13413724000001,94942.8093,94802.33,95018.31,95185,94780.45,1736513100000,3895
161.88483621999998,94924.1712,95005.4,94789.25,95146,94780.46,1736514000000,6028
147.55084753999998,94855.9521,94793.79,94817.16,95113,94717.43,1736514900000,5932
1527.0766880999997,93670.6213,94813.25,93538.13,95001,92730.41,1736515800000,32685
254.69855413000002,93545.9548,93558.93,93538.93,94081,93137.42,1736516700000,10672
201.08345919,93895.8913,93545.3,94145.35,94490,93400.02,1736517600000,9530
205.11275107000006,94420.6401,94140.22,94407.29,94776,94100.15,1736518500000,9294
662.52816233,93996.8872,94399.08,94299.64,94574,93534.87,1736519400000,17057
358.39502897,93987.3789,94212.3,94146.7,94650,93653.34,1736520300000,12418
858.8636979900001,93158.2581,94095.15,92359.4,94228,92200.0,1736521200000,21691
630.5888730699999,92888.9796,92335.8,93236.6,93493,92304.59,1736522100000,17166
343.99864327999995,93691.7724,93233.11,94071.88,94468,93000.0,1736523000000,13061
366.98809056000005,94161.6577,94070.61,93720.05,94643,93684.68,1736523900000,12361
367.84309031,93575.2437,93720.06,93626.61,93938,93358.4,1736524800000,10172
197.37991979,93646.3797,93631.03,93409.53,94116,93318.0,1736525700000,9140
207.84678205,93513.4373,93391.69,93862.94,94037,93157.87,1736526600000,9417
383.8833461700001,93858.3399,93849.55,93645.16,94153,93576.7,1736527500000,10876
129.2830712,93514.4742,93645.06,93518.85,93850,93303.0,1736528400000,8042
257.17537207,94093.8693,93518.85,94356.11,94458,93467.83,1736529300000,9978
271.4110225,94295.6288,94280.1,94422.28,94575,94036.39,1736530200000,11476
711.64295003,95219.196,94422.28,95751.5,95930,94255.9,1736531100000,18336
519.52567965,95561.1336,95812.05,95426.48,95920,95338.88,1736532000000,16300
276.72337516,95227.7163,95412.25,94968.06,95557,94832.7,1736532900000,10131
229.15473407,94756.3192,94900.0,94711.02,95096,94545.97,1736533800000,11613
134.03604418000003,94915.0378,94711.02,94858.54,95225,94692.41,1736534700000,8254
219.14441125,94659.6464,94860.0,94752.02,95021,94390.4,1736535600000,9041
160.24717256999998,94975.5648,94744.47,94980.42,95258,94689.44,1736536500000,7892
206.07969577000003,95113.5985,94980.43,95113.12,95362,94935.5,1736537400000,8529
255.13667869000002,95214.6206,95112.02,95333.1,95485,94975.97,1736538300000,8416
153.30664617,95312.34,95333.1,95169.9,95542,95162.67,1736539200000,7735
184.8796809,94967.602,95174.39,94929.64,95329,94790.01,1736540100000,7732
189.22909767000002,94774.933,94929.63,94730.65,95076,94593.03,1736541000000,8846
340.5916791,94772.2251,94727.95,94672.29,95021,94621.08,1736541900000,11149
90.44541914,94690.6409,94664.69,94805.57,94892,94592.85,1736542800000,6426
54.46239152,94820.3113,94805.57,94863.2,95009,94716.27,1736543700000,5164
59.5704861,94812.773,94870.1,94706.74,95017,94670.12,1736544600000,5173
64.77441132,94724.029,94706.74,94609.45,94989,94580.53,1736545500000,5463
69.77369323,94628.074,94605.43,94614.05,94791,94565.64,1736546400000,4892
49.79760142,94691.7678,94608.75,94792.99,94939,94569.96,1736547300000,4329
51.47425533,94770.115,94796.0,94832.2,95051,94575.8,1736548200000,5475
24.21114201,94727.5591,94832.19,94748.64,94984,94640.98,1736549100000,4821
25.506095079999998,94717.2121,94748.64,94771.12,94907,94629.34,1736550000000,5263
35.614735870000004,94784.7394,94771.11,94865.6,94997,94666.34,1736550900000,4689
27.580297,94829.6909,94867.77,94796.92,94944,94752.28,1736551800000,4424
26.81714556,94725.2581,94796.92,94701.18,94906,94668.21,1736552700000,4344
40.0185279,94660.1127,94698.9,94640.88,94836,94601.3,1736553600000,4364
99.82624072,94445.5698,94636.92,94491.75,94766,94293.37,1736554500000,5876
33.11668606999999,94486.3049,94491.5,94370.1,94694,94352.2,1736555400000,4652
48.37416579,94487.0928,94370.11,94577.27,94678,94351.16,1736556300000,3965
18.29025344,94609.1675,94570.7,94607.65,94773,94501.45,1736557200000,3893
38.76499495,94587.8305,94607.65,94512.17,94752,94497.18,1736558100000,3572
25.34163404,94425.0772,94512.18,94312.09,94648,94311.38,1736559000000,3669
43.925204910000005,94310.0184,94312.08,94369.1,94496,94198.39,1736559900000,4178
19.94763114,94423.7639,94369.1,94299.88,94563,94276.03,1736560800000,3702
33.75250399,94247.9478,94299.87,94237.68,94419,94189.8,1736561700000,3669
26.469862540000005,94284.6159,94238.76,94289.33,94437,94149.52,1736562600000,3893
26.93792692,94392.6555,94300.51,94390.13,94570,94261.74,1736563500000,3256
18.00369561,94269.2413,94425.9,94229.52,94548,94158.49,1736564400000,3419
34.30599929,94146.6869,94234.05,94145.78,94330,94090.72,1736565300000,3515
8.74094872,94194.575,94145.77,94214.49,94323,94100.01,1736566200000,3165
19.16926052,94191.7761,94204.47,94193.22,94330,94135.55,1736567100000,3002
58.45254714,94215.0641,94158.3,94148.58,94392,94125.99,1736568000000,3815
24.16766985,94166.3439,94151.4,94059.64,94283,94038.7,1736568900000,3360
53.5070162,93909.0488,94059.64,93946.32,94195,93804.05,1736569800000,4248
11.009706780000002,93983.1335,93953.05,94047.57,94117,93876.18,1736570700000,3041
20.474916300000004,94107.9009,94001.0,94186.21,94309,93982.53,1736571600000,2890
10.808866889999997,94131.4163,94185.83,94172.65,94289,94064.4,1736572500000,3371
11.70998619,94262.462,94168.42,94409.0,94415,94124.08,1736573400000,2936
11.987885680000002,94288.3506,94322.1,94342.8,94472,94216.95,1736574300000,2477
22.637239710000003,94403.8874,94342.8,94355.6,94504,94324.57,1736575200000,2743
7.97539047,94346.9087,94355.61,94368.68,94499,94288.5,1736576100000,2402
11.729942459999998,94332.838,94374.91,94355.09,94479,94253.81,1736577000000,2780
5.90676887,94281.1124,94342.5,94334.0,94479,94180.99,1736577900000,1926
7.623232860000002,94229.9128,94248.1,94297.3,94408,94180.99,1736578800000,1964
13.8667197,94197.0467,94307.38,94152.5,94421,94134.7,1736579700000,2052
9.732249249999999,94192.5996,94167.57,94150.71,94342,94117.2,1736580600000,2233
7.46015518,94173.9729,94156.31,94217.48,94311,94114.03,1736581500000,1755
10.548729180000002,94287.9871,94206.4,94366.52,94462,94157.58,1736582400000,2224
7.7453350799999985,94363.6103,94363.02,94331.93,94461,94257.62,1736583300000,1898
14.028390120000003,94254.8356,94332.51,94197.26,94431,94160.16,1736584200000,2163
22.287716510000003,94079.7975,94197.18,94047.39,94318,94000.0,1736585100000,1890
16.81995322,94066.6025,94030.8,94155.52,94244,94004.57,1736586000000,1923
3.50104975,94151.5966,94149.99,94203.89,94312,94095.24,1736586900000,1424
3.5489343400000006,94240.0076,94207.15,94390.0,94390,94173.4,1736587800000,1468
6.413235100000001,94254.918,94303.56,94297.14,94406,94184.67,1736588700000,1686
6.8487573799999995,94339.4788,94282.9,94355.27,94485,94282.8,1736589600000,1875
25.511423670000006,94330.0413,94355.28,94341.55,94485,94270.73,1736590500000,1751
9.421818519999999,94339.8755,94341.31,94355.88,94500,94267.4,1736591400000,1838
20.198264599999998,94457.6487,94355.88,94451.33,94584,94338.36,1736592300000,3585
10.416410370000001,94512.9619,94460.3,94457.52,94672,94409.49,1736593200000,2759
10.690700079999997,94553.1321,94457.52,94551.24,94710,94447.84,1736594100000,2434
11.00799396,94680.1092,94551.44,94721.39,94852,94537.52,1736595000000,2776
12.991628140000003,94622.5921,94659.5,94600.1,94840,94546.44,1736595900000,2134
9.3319652,94537.1761,94600.1,94488.73,94720,94477.42,1736596800000,3030
7.85031143,94560.0307,94534.9,94543.69,94723,94479.03,1736597700000,1944
10.65277209,94526.1446,94562.8,94569.26,94703,94496.63,1736598600000,1892
11.48304995,94526.0221,94569.26,94507.24,94694,94484.52,1736599500000,2046
12.804441689999997,94478.3711,94507.24,94476.98,94699,94378.24,1736600400000,2453
21.822129450000006,94392.516,94466.8,94413.78,94597,94320.25,1736601300000,2740
26.79150831,94462.3738,94409.69,94374.02,94548,94300.01,1736602200000,3235
11.87769357,94387.9099,94374.02,94361.62,94531,94344.05,1736603100000,2831
24.251290549999997,94414.7097,94356.8,94304.32,94546,94275.36,1736604000000,3100
31.39350309,94424.6175,94304.32,94353.08,94543,94260.73,1736604900000,3755
23.64247323,94484.7485,94351.52,94546.2,94722,94299.9,1736605800000,3701
19.86870605,94511.904,94512.89,94570.01,94735,94442.01,1736606700000,3243
15.352285740000001,94544.0618,94570.01,94447.26,94739,94446.84,1736607600000,3231
18.57071645,94419.082,94447.26,94406.35,94614,94353.62,1736608500000,3508
28.638062350000006,94397.6318,94405.9,94431.49,94577,94338.41,1736609400000,3631
17.777831819999996,94381.4834,94427.48,94379.55,94576,94330.61,1736610300000,3133
21.88545914,94405.8021,94359.3,94376.25,94569,94275.21,1736611200000,3912
25.045607669999995,94362.7564,94376.25,94406.87,94607,94305.32,1736612100000,3808
39.231047430000004,94593.9921,94406.87,94626.42,94835,94391.05,1736613000000,4406
247.66018940999996,94466.1281,94624.86,94399.1,94832,94384.21,1736613900000,7813
509.11610565999996,94128.0364,94399.1,94017.31,94576,93971.96,1736614800000,13844
149.52849619000003,94025.0394,94017.31,94059.46,94271,93882.5,1736615700000,6573
39.636674760000005,94150.3363,94085.9,94124.32,94322,93996.76,1736616600000,4353
22.98996418,94081.4527,94127.32,94104.2,94294,94010.29,1736617500000,4417
35.00380934,94139.4652,94104.2,94210.98,94328,94058.23,1736618400000,4207
18.259090530000005,94200.3094,94210.99,94235.0,94389,94136.4,1736619300000,3932
41.385724010000004,94145.8572,94252.4,94132.1,94389,94098.36,1736620200000,3710
29.87364105,94218.5754,94275.0,94227.19,94398,94129.98,1736621100000,3543
21.466487089999998,94202.0534,94244.1,94206.65,94415,94131.68,1736622000000,3970
15.767296300000003,94225.1925,94203.67,94185.81,94413,94185.78,1736622900000,3785
23.18782136,94088.3886,94185.81,94104.43,94350,94007.6,1736623800000,3878
22.095693609999998,94108.5532,94104.44,94190.17,94347,94042.82,1736624700000,3978
21.930645720000005,94185.5868,94190.16,94155.62,94373,94125.36,1736625600000,4343
25.55934626,94286.9093,94155.47,94417.44,94554,94132.93,1736626500000,4563
16.89066853,94385.8528,94417.45,94446.77,94580,94309.1,1736627400000,4381
27.656104840000005,94555.3193,94445.69,94548.46,94776,94400.0,1736628300000,5184
50.09275842,94600.9451,94567.7,94627.87,94801,94520.42,1736629200000,5398
62.04295074000001,94780.1991,94627.86,94767.7,94991,94599.9,1736630100000,5547
52.63931064,94663.0884,94759.46,94711.34,94885,94600.2,1736631000000,4813
69.44686413000001,94859.61,94711.33,94904.29,95115,94644.67,1736631900000,5326
49.50727663999999,94819.9441,94901.56,94773.27,95079,94696.8,1736632800000,5312
17.87719124,94720.2504,94774.0,94687.81,94887,94675.3,1736633700000,4057
22.633371800000003,94664.8302,94687.81,94620.96,94890,94565.2,1736634600000,4237
18.15831208,94607.4599,94617.46,94549.83,94770,94515.88,1736635500000,3879
21.09768398,94608.4154,94590.1,94556.8,94765,94522.77,1736636400000,4427
20.787162519999995,94607.1814,94569.68,94634.06,94787,94525.0,1736637300000,3848
18.12782065,94677.8761,94634.06,94597.84,94858,94589.51,1736638200000,3834
36.5809254,94587.7887,94596.91,94565.02,94785,94502.08,1736639100000,4897
33.72624568,94579.1624,94562.1,94595.99,94742,94510.9,1736640000000,4870
18.36145218,94540.4577,94591.0,94493.73,94717,94460.6,1736640900000,4322
15.691805589999998,94501.4752,94493.73,94499.65,94671,94438.52,1736641800000,3593
23.695074759999994,94460.9748,94492.9,94414.49,94641,94379.03,1736642700000,3701
15.581687910000001,94407.9909,94416.1,94376.45,94583,94350.0,1736643600000,3493
17.615140869999998,94343.5226,94376.45,94318.11,94525,94255.78,1736644500000,3361
12.222673480000001,94389.938,94318.12,94394.57,94586,94311.61,1736645400000,3215
11.73671691,94467.1661,94396.91,94525.33,94667,94392.6,1736646300000,4213
12.764415660000001,94492.8453,94525.41,94514.87,94667,94436.1,1736647200000,3286
10.619527810000001,94472.7928,94516.52,94505.31,94639,94425.08,1736648100000,2760
22.535988770000003,94576.5923,94499.23,94545.91,94740,94451.86,1736649000000,3425
12.59390869,94557.4447,94545.44,94581.12,94733,94469.13,1736649900000,2935
16.52678313,94599.2564,94732.0,94577.09,94791,94538.0,1736650800000,2927
10.26154639,94464.6702,94577.14,94407.72,94750,94377.9,1736651700000,2738
14.4976249,94437.1732,94407.73,94501.93,94647,94368.01,1736652600000,3152
8.72094424,94535.8506,94501.93,94560.7,94710,94471.24,1736653500000,2824
8.86329803,94553.9827,94560.8,94532.63,94727,94522.65,1736654400000,2464
9.31439224,94574.6168,94532.91,94582.51,94742,94510.94,1736655300000,2577
10.92150453,94585.0368,94582.68,94556.89,94751,94508.76,1736656200000,2776
16.65113761,94515.8636,94551.24,94535.34,94725,94446.4,1736657100000,2536
12.309688549999999,94557.4261,94493.9,94572.04,94713,94493.8,1736658000000,2486
9.09415789,94530.9954,94572.04,94554.05,94713,94490.0,1736658900000,2225
8.04270224,94503.6257,94555.78,94477.14,94685,94445.07,1736659800000,2172
5.640858339999999,94522.3748,94493.9,94524.83,94648,94458.04,1736660700000,3667
6.1594761600000005,94507.2298,94493.9,94508.63,94713,94460.61,1736661600000,2823
19.933336559999997,94481.7987,94508.63,94449.03,94671,94401.2,1736662500000,2522
5.401116029999999,94436.9888,94449.04,94385.54,94617,94366.95,1736663400000,1999
17.22690076,94388.3871,94385.54,94335.14,94566,94314.1,1736664300000,2339
10.760827719999998,94301.1124,94363.2,94269.51,94533,94230.0,1736665200000,2335
5.0921335800000005,94320.0877,94269.51,94344.91,94512,94269.51,1736666100000,2036
10.44665422,94326.9574,94345.28,94299.9,94522,94274.4,1736667000000,2093
10.611086239999999,94283.0403,94274.4,94275.17,94476,94235.01,1736667900000,2863
7.065308530000002,94332.7383,94257.7,94305.82,94499,94257.7,1736668800000,2427
4.868882860000001,94289.9207,94299.61,94286.44,94479,94261.9,1736669700000,1868
18.574548280000002,94218.7337,94297.0,94211.11,94475,94120.66,1736670600000,2755
15.284411960000002,94123.8879,94189.7,94133.11,94359,94065.0,1736671500000,2311
5.8008524800000005,94134.9112,94103.0,94178.93,94308,94076.04,1736672400000,1875
74.3289854,94175.7231,94178.93,93955.53,94308,93951.19,1736673300000,3391
45.31050803,93882.1449,93954.51,93753.68,94212,93716.02,1736674200000,3293
43.83124151999999,93757.7294,93753.67,93862.41,94003,93652.2,1736675100000,2608
29.096570109999995,93895.2406,93834.2,93923.98,94081,93800.0,1736676000000,2341
13.161861029999999,93905.5144,93921.55,93862.8,94142,93788.59,1736676900000,2157
9.215080120000001,93854.1323,93875.95,93925.59,94042,93775.12,1736677800000,2760
16.46503229,93964.4675,93925.58,93961.15,94127,93863.0,1736678700000,2338
35.89412496999999,94041.1216,93941.4,94111.95,94260,93941.3,1736679600000,2661
27.46020758,94258.2221,94111.95,94239.79,94456,94047.93,1736680500000,2936
7.94088073,94259.1848,94239.8,94304.32,94441,94176.0,1736681400000,1794
13.04182207,94253.6118,94223.6,94209.21,94443,94194.94,1736682300000,2053
15.10570001,94229.779,94214.6,94377.93,94519,94104.9,1736683200000,2523
13.05781718,94441.8774,94300.0,94380.04,94674,94300.0,1736684100000,2615
12.542049789999998,94373.4908,94380.04,94386.69,94563,94300.0,1736685000000,2369
10.94073371,94333.7513,94386.69,94282.3,94530,94267.63,1736685900000,1964
19.62856848,94337.413,94300.1,94494.95,94605,94251.87,1736686800000,2611
36.57086957,94572.8083,94494.81,94594.77,94784,94418.4,1736687700000,3722
35.18755527,94544.69,94594.77,94476.63,94791,94472.11,1736688600000,4455
24.79438264,94612.6974,94476.68,94606.93,94777,94474.88,1736689500000,3953
26.199308119999998,94730.3107,94599.5,94801.41,94985,94599.5,1736690400000,3923
21.630604969999997,94843.4885,94786.41,94771.42,95042,94738.46,1736691300000,4849
20.43041818,94866.7131,94771.56,94822.54,95049,94744.4,1736692200000,4448
17.77124895,94786.3218,94815.05,94757.17,94984,94709.66,1736693100000,4110
25.937188810000002,94705.2825,94741.8,94675.01,94896,94618.73,1736694000000,3629
206.74421973,95118.5731,94675.01,95203.37,95534,94656.4,1736694900000,7750
78.76647864,95098.5507,95208.18,95020.73,95371,94912.04,1736695800000,4651
18.056152240000003,95022.8614,95024.45,95019.26,95169,94967.47,1736696700000,4025
43.64563793999999,94952.9338,95000.0,94807.89,95188,94805.84,1736697600000,4850
33.0276511,94846.0638,94807.89,94856.31,94990,94757.9,1736698500000,4573
42.14765367,94965.6807,94849.66,94910.87,95117,94834.88,1736699400000,4364
23.598042169999996,94933.5799,94910.83,95011.75,95116,94863.92,1736700300000,3747
31.54850218,95062.6988,94990.3,95096.5,95265,94968.72,1736701200000,4091
19.9586399,95104.9326,95096.5,95026.1,95258,95025.76,1736702100000,3870
35.603019540000005,95082.0247,95026.1,95193.1,95321,94920.6,1736703000000,4651
17.58296525,95161.878,95193.03,95093.16,95312,95089.24,1736703900000,4131
25.05087253,95168.2033,95087.22,95160.21,95356,95042.7,1736704800000,4531
21.869046759999996,95112.5516,95159.77,95051.74,95282,95022.3,1736705700000,3918
27.330433929999998,95006.0834,95051.74,94898.79,95215,94873.1,1736706600000,4194
22.905554999999996,94919.6104,94898.77,94947.02,95101,94850.01,1736707500000,3839
41.405345790000005,94930.9298,94945.5,94808.77,95119,94781.53,1736708400000,4344
34.546589759999996,94745.8389,94808.76,94668.51,94956,94621.6,1736709300000,4207
18.95610854,94741.3329,94672.31,94753.74,94893,94667.18,1736710200000,3904
43.90194462,94642.2148,94753.81,94604.55,94863,94524.57,1736711100000,4517
55.90904544,94638.3857,94604.55,94754.78,94850,94579.4,1736712000000,4809
9.308038849999999,94730.3948,94753.76,94721.33,94867,94655.67,1736712900000,3476
14.893839739999999,94702.9869,94721.32,94673.48,94869,94633.14,1736713800000,3690
20.497827900000004,94631.143,94671.3,94647.46,94829,94560.0,1736714700000,3846
27.685506200000003,94613.2588,94622.2,94471.49,94774,94463.54,1736715600000,4451
31.28752489,94486.9497,94500.1,94560.63,94720,94336.96,1736716500000,4548
19.17424784,94504.808,94565.96,94468.72,94719,94404.47,1736717400000,3845
24.54942896,94331.744,94468.72,94302.92,94603,94258.27,1736718300000,4570
78.32838735,94071.327,94296.74,93996.0,94438,93883.21,1736719200000,6255
105.92033032,93903.3303,93996.0,93863.45,94128,93807.5,1736720100000,6811
86.13463161000001,93900.7674,93863.44,93970.04,94209,93750.0,1736721000000,5354
25.799151400000003,93923.619,93966.82,93907.18,94127,93802.68,1736721900000,4286
183.1980378,94075.3677,93907.17,94199.98,94288,93870.2,1736722800000,8380
40.32549415,94137.6218,94199.98,94245.84,94339,94022.26,1736723700000,4375
52.30212258000001,94367.6454,94245.83,94411.7,94497,94199.6,1736724600000,4337
57.755490189999996,94435.7318,94411.71,94580.0,94595,94364.72,1736725500000,4287
48.39528714,94501.7052,94450.0,94510.34,94675,94397.36,1736726400000,4712
149.77711338,95060.211,94520.93,95189.1,95615,94406.32,1736727300000,7424
282.55479798,95630.536,95184.57,95519.7,96069,95154.32,1736728200000,9762
89.12386602999999,95493.1021,95537.76,95280.24,95848,95227.56,1736729100000,5867
81.20119873,95172.392,95279.68,95031.94,95437,95010.46,1736730000000,7027
108.69407053,94997.7053,95031.94,95125.45,95345,94750.36,1736730900000,7265
50.388214,94930.6847,95125.45,94654.98,95314,94621.42,1736731800000,5212
178.69914109000004,94322.8773,94659.86,94169.51,94888,94050.0,1736732700000,7924
69.68554682,94130.2775,94178.78,94240.51,94369,94032.2,1736733600000,5344
46.71229019,94273.2358,94240.5,94282.63,94555,94147.7,1736734500000,5018
33.422558460000005,94158.4492,94282.63,94041.03,94419,94031.7,1736735400000,4642
81.80809264,93962.1014,94040.85,94174.46,94264,93860.76,1736736300000,5579
42.167526200000005,94179.0638,94152.3,94163.73,94458,94037.65,1736737200000,4582
39.959173799999995,94157.9777,94161.2,94258.91,94376,93982.52,1736738100000,4337
22.713271629999998,94268.2058,94261.1,94247.21,94434,94183.22,1736739000000,3448
42.498647840000004,94080.2786,94243.65,94222.08,94346,93929.79,1736739900000,4050
39.683701830000004,94368.6672,94213.1,94450.0,94639,94148.02,1736740800000,4172
69.11894535,94648.0276,94431.0,94759.75,94958,94422.03,1736741700000,4886
42.262663960000005,94668.3386,94759.76,94518.47,94958,94503.2,1736742600000,4246
44.94182037999999,94457.6902,94503.2,94446.16,94672,94356.1,1736743500000,3640
23.98787388,94310.7172,94504.0,94267.6,94609,94186.46,1736744400000,4219
18.01418311,94282.3588,94271.42,94196.42,94512,94142.78,1736745300000,4183
28.483027009999997,94125.1137,94204.19,94134.32,94360,94048.72,1736746200000,3169
27.163285469999998,94085.4097,94150.1,94109.47,94338,93982.0,1736747100000,3236
19.8542731,94172.8091,94270.0,94181.83,94399,94035.0,1736748000000,3512
32.55273194,94140.1021,94189.97,94061.96,94334,94009.13,1736748900000,2915
46.23461914,93922.3579,94061.96,93813.14,94177,93800.01,1736749800000,3585
198.90405455,93501.9196,93820.82,93568.5,93955,93212.0,1736750700000,8578
48.91669541,93632.8434,93537.8,93710.0,93829,93425.46,1736751600000,3940
33.07084851,93557.0703,93543.97,93646.69,93795,93412.58,1736752500000,2905
33.22618088,93758.8272,93648.45,93745.58,93996,93581.14,1736753400000,2737
24.84880288,93611.2726,93756.9,93536.22,93893,93455.96,1736754300000,2488
31.046553220000003,93482.4742,93513.1,93389.48,93701,93285.97,1736755200000,3135
165.82080113,93080.4668,93497.0,93163.18,93580,92840.34,1736756100000,7299
57.272155850000004,93186.4066,93133.9,93202.97,93414,93037.6,1736757000000,3544
44.01511139,93053.8507,93195.63,92978.1,93395,92885.36,1736757900000,3326
113.72451007,92984.492,92978.1,92872.41,93283,92809.51,1736758800000,5174
97.34226744999998,92830.8672,92872.53,92746.65,93164,92670.46,1736759700000,4938
141.11287429,92855.4402,92740.83,92859.74,93293,92571.98,1736760600000,5786
43.58413866,92926.9904,92873.9,92786.02,93224,92786.01,1736761500000,3250
111.17744616,92636.0073,92786.01,92839.0,93014,92500.0,1736762400000,5014
367.48357395000005,92146.9257,92585.84,91923.62,92840,91833.0,1736763300000,12232
258.88004749000004,91701.2233,91921.23,91535.8,92124,91500.0,1736764200000,9781
192.14673051,91457.8058,91535.5,91552.96,91926,91302.0,1736765100000,7428
161.68394367999997,91502.5146,91562.7,91313.99,91919,91305.12,1736766000000,6772
130.98517095,91415.3518,91307.09,91360.6,91916,91225.85,1736766900000,6299
489.52395161,91089.8531,91370.01,90899.95,91668,90738.29,1736767800000,18126
305.74624113999994,91107.7302,90900.13,90760.43,91557,90750.0,1736768700000,9400
475.1813126800001,90843.0998,91061.0,90862.54,91560,90414.93,1736769600000,17009
247.11453334,90801.3086,90855.0,90738.82,91315,90588.38,1736770500000,11392
449.12271566999993,90427.3278,90719.0,90701.89,91048,90183.2,1736771400000,15316
253.40268985,90665.6817,91007.0,90641.17,91163,90386.37,1736772300000,11261
270.51832662,90997.398,90684.0,91305.13,91638,90480.03,1736773200000,12220
222.01242328,91500.6955,91305.13,91325.0,91941,91202.1,1736774100000,10520
127.77719115,91296.6748,91322.42,91132.41,91665,91031.2,1736775000000,9330
149.82707877,91092.7427,91128.82,91301.0,91391,90909.0,1736775900000,8156
359.87434483,90918.2016,91050.11,91020.0,91301,90548.87,1736776800000,11942
221.29307554000002,90834.5802,90756.76,90862.57,91274,90700.0,1736777700000,10266
1880.45143814,90266.127,90875.18,91155.4,91774,89005.8,1736778600000,52192
756.8825516100001,91642.8097,91180.65,92018.0,92512,90852.4,1736779500000,22636
489.33327818000004,92057.826,91714.8,92347.77,92660,91505.1,1736780400000,15472
681.47428954,92630.8221,92358.68,92179.42,93240,91986.32,1736781300000,17485
345.3712648,92296.5249,92174.66,92630.7,92859,91832.6,1736782200000,11649
196.25736488,92330.6753,92627.27,92088.55,92815,92077.56,1736783100000,9485
350.72278267999997,91941.4604,92088.64,91768.74,92392,91563.55,1736784000000,12095
290.32307077,91657.7348,91949.0,91650.86,92099,91384.03,1736784900000,11645
203.20083224999996,91766.7455,91650.86,92026.95,92269,91453.01,1736785800000,9304
279.53371448999997,91667.2822,92019.91,91516.0,92317,91190.1,1736786700000,10728
244.05321234999997,91567.6908,91250.0,91673.17,92210,91173.01,1736787600000,11366
136.90009762000003,91862.7793,91673.17,91988.35,92293,91620.0,1736788500000,9030
164.81372962000003,91924.2528,91988.31,91652.32,92452,91566.81,1736789400000,10138
192.2871183,91768.9526,91653.67,91937.8,92173,91539.84,1736790300000,10126
209.31308595000002,92161.5052,91922.4,91985.68,92597,91755.0,1736791200000,9286
242.43073426,91699.0371,91991.43,91667.7,92226,91525.62,1736792100000,9435
194.41574975999995,91952.1234,91679.79,91766.79,92398,91663.8,1736793000000,9315
152.77380950999998,92011.7634,91768.92,92029.3,92393,91671.47,1736793900000,9048
197.55295944,92141.517,92026.3,91919.01,92491,91901.11,1736794800000,9372
175.21640264,91827.7327,91913.52,92109.9,92333,91526.17,1736795700000,9037
227.68926440999996,92287.4115,92122.92,92337.27,92610,91954.25,1736796600000,8950
213.26758257,92196.447,92352.4,92253.2,92718,91960.02,1736797500000,10069
172.69630739000002,92106.8226,92247.14,91920.37,92587,91896.3,1736798400000,9495
157.05547281000005,92080.0637,91920.37,92065.85,92543,91853.89,1736799300000,7941
201.16706472000004,92585.1261,92065.85,92913.78,93177,92049.69,1736800200000,9893
577.2606533100001,93417.6621,92920.05,93564.5,93900,92906.97,1736801100000,16964
283.63913091,93754.9818,93573.47,93747.81,94073,93375.88,1736802000000,11101
172.13674558000002,93695.1949,93747.8,93808.83,94014,93485.15,1736802900000,7845
242.62270365000003,94089.9429,93814.98,94420.92,94590,93701.41,1736803800000,10073
129.74261242,94264.7345,94399.9,94166.29,94590,94101.29,1736804700000,7763
173.77072601,94426.9683,94172.89,94608.47,94769,94108.13,1736805600000,8400
133.71469668,94569.461,94608.47,94538.84,94890,94375.03,1736806500000,7332
144.37716593999997,94310.4491,94589.8,94322.41,94751,94157.5,1736807400000,6656
75.47313387000001,94332.1489,94313.01,94371.07,94600,94200.0,1736808300000,5264
138.44275497,94345.6839,94505.0,94577.0,94607,94149.56,1736809200000,6904
45.3404417,94304.0049,94406.42,94243.82,94575,94158.1,1736810100000,4963
84.00699281000001,94316.3686,94248.72,94387.79,94554,94158.1,1736811000000,5133
64.85755958,94449.3355,94387.79,94506.45,94709,94289.4,1736811900000,5217
40.104777139999996,94430.0937,94487.1,94380.58,94682,94329.3,1736812800000,5921
136.58539009999998,94698.1167,94380.58,94549.1,94979,94373.0,1736813700000,7607
98.13104656000002,94461.4151,94551.02,94330.86,94727,94313.1,1736814600000,5992
60.48946810000001,94407.392,94313.2,94437.17,94683,94311.36,1736815500000,4817
141.64043763,94809.0019,94437.17,94965.9,95150,94416.61,1736816400000,6409
149.31346220999998,94811.4605,94968.48,94889.9,95150,94627.17,1736817300000,6312
63.19011734000001,94747.8472,94904.22,94646.02,95088,94626.57,1736818200000,5346
31.33615756,94712.2256,94646.01,94800.78,94970,94553.67,1736819100000,4874
52.40989178,94843.1678,94800.77,94907.24,95115,94703.87,1736820000000,5289
194.19857206999998,95153.1015,94907.24,95190.1,95545,94884.91,1736820900000,6974
93.83573812000002,95065.5353,95186.93,94990.71,95348,94959.14,1736821800000,5610
69.96224037,94907.2409,94990.71,94853.43,95188,94833.67,1736822700000,4428
66.79428985999999,94883.6327,94879.1,94943.3,95130,94776.04,1736823600000,4681
75.72499312,94982.4993,94943.29,95014.25,95218,94813.97,1736824500000,4757
44.27870486,94907.8209,95014.24,94918.52,95189,94825.1,1736825400000,3841
29.762759600000003,94892.9333,94918.52,94836.47,95094,94805.47,1736826300000,3102
82.63050426,95000.1276,94855.0,95105.57,95243,94836.47,1736827200000,4088
75.78403691,95036.8058,95105.47,94908.45,95277,94894.8,1736828100000,3999
50.84577749,94858.1416,94908.44,94930.8,95099,94779.9,1736829000000,3255
44.9419226,95031.9978,94930.81,95090.0,95248,94899.52,1736829900000,3116
178.86617267999998,95315.5312,95064.1,95422.87,95559,95064.1,1736830800000,5506
48.041417919999994,95217.6846,95422.87,95133.07,95559,95059.25,1736831700000,3602
25.399404819999997,95118.9817,95133.06,95064.29,95351,95028.51,1736832600000,3070
49.68431596,94952.8772,95102.1,94878.72,95248,94826.66,1736833500000,3458
121.36459795999998,94816.6756,94862.8,94797.29,95114,94726.4,1736834400000,4172
50.99352043000001,94786.4542,94797.29,94773.68,95003,94683.48,1736835300000,3178
67.06126714,94800.5724,94771.23,94902.09,95060,94666.55,1736836200000,3204
25.1511988,94875.5467,94902.1,94996.69,95111,94790.16,1736837100000,2669
42.65808207999999,95058.9317,94931.3,95040.01,95261,94931.3,1736838000000,3204
43.83116097,94994.8382,95040.0,94996.03,95228,94917.03,1736838900000,3223
45.49733009999999,94923.0156,95000.1,94821.74,95196,94805.86,1736839800000,2873
25.265567539999996,94843.0856,94821.73,94828.02,95004,94802.01,1736840700000,2131
170.50227024,95292.6773,94879.9,95501.91,95688,94818.48,1736841600000,6414
161.04660125,95511.3448,95501.91,95320.75,95830,95198.4,1736842500000,6444
72.71851898,95462.6829,95320.74,95603.41,95796,95246.66,1736843400000,4742
67.15540465999999,95663.5564,95603.41,95467.99,95976,95447.2,1736844300000,4538
163.66529876,95712.979,95467.99,95843.51,95956,95433.57,1736845200000,6110
322.95618155,96174.7327,95843.51,96402.1,96576,95752.1,1736846100000,9568
246.74488207999997,96555.0105,96403.18,96767.75,96980,96238.11,1736847000000,9474
385.65475916,97128.178,96767.75,97250.0,97451,96690.08,1736847900000,10432
159.72533348000002,96925.9813,97259.0,96729.11,97312,96633.81,1736848800000,7403
164.40533663999997,96798.1907,96729.12,96735.66,97036,96623.04,1736849700000,6607
60.34475466999999,96641.4852,96701.4,96688.1,96869,96555.1,1736850600000,4183
82.12545234999999,96602.9439,96735.05,96768.0,96923,96537.5,1736851500000,3428
36.24998579,96599.8836,96570.0,96565.08,96771,96522.27,1736852400000,3260
89.41107487000001,96443.1406,96568.78,96424.28,96742,96304.16,1736853300000,4650
73.00280263,96463.2824,96429.0,96602.89,96761,96330.02,1736854200000,4513
53.40181620999999,96514.8017,96611.9,96504.22,96760,96465.27,1736855100000,3531
104.63697132,96393.8075,96504.21,96290.42,96780,96237.7,1736856000000,5681
109.50293829,96094.9157,96256.9,96136.31,96471,95934.63,1736856900000,6373
48.96859696,96144.2965,96082.6,96119.11,96400,96066.95,1736857800000,4566
30.152326140000007,96105.3894,96119.11,95935.0,96338,95935.0,1736858700000,4153
117.13073392999998,95962.0848,95945.54,95964.67,96226,95783.7,1736859600000,5750
103.76945963,95868.3798,95964.66,95995.0,96126,95714.31,1736860500000,5927
447.98130534,96705.6127,95783.1,96265.8,97372,95783.1,1736861400000,16889
99.12257734,96399.5216,96265.8,96288.91,96861,96224.59,1736862300000,7540
148.56836873999998,96213.169,96333.1,96300.1,96542,95974.52,1736863200000,8443
148.05925836999998,96552.8044,96299.99,96750.88,96955,96191.98,1736864100000,8320
350.65591141000004,96960.3397,96753.0,96799.24,97430,96586.29,1736865000000,15286
282.21274379,96485.8618,96799.24,96253.8,97050,96100.0,1736865900000,11247
307.37930843,96548.393,96244.5,96787.26,96979,96148.67,1736866800000,11494
315.47517825,96610.1177,96787.26,96458.93,97083,96279.41,1736867700000,10540
243.86097169,96584.0879,96459.06,96835.19,97001,96340.25,1736868600000,10195
222.80012717,96588.7276,96835.19,96415.81,96976,96414.48,1736869500000,9777
530.40731421,95864.6898,96442.5,95950.0,96633,95589.72,1736870400000,14983
190.48415085999997,96035.6616,95950.1,95810.98,96428,95765.67,1736871300000,10177
341.62011434999994,95666.562,95810.17,95389.03,96082,95310.03,1736872200000,12188
243.49253120999998,95542.7126,95396.11,95690.52,95917,95300.01,1736873100000,10714
186.3184645,95807.2083,95690.51,95993.05,96238,95512.93,1736874000000,9425
185.2252987,95956.5745,96213.0,95975.98,96329,95654.53,1736874900000,9457
129.86021709,95957.1519,95983.72,96279.0,96375,95649.46,1736875800000,8683
220.90917081,96333.6356,96108.86,96486.24,96668,96038.04,1736876700000,9517
185.41670121999996,96455.0866,96485.6,96280.48,96781,96268.8,1736877600000,8701
140.43623247,96468.6443,96283.4,96589.52,96807,96222.05,1736878500000,8253
192.01580428000003,96704.862,96585.23,96712.29,97000,96500.0,1736879400000,9406
211.93169592,96832.3055,96712.29,96726.66,97064,96613.23,1736880300000,9165
161.04559116000001,96706.4681,96726.7,96888.0,97052,96559.82,1736881200000,8675
202.47178276999998,96898.5663,96884.68,96836.15,97133,96743.3,1736882100000,7913
144.63377537000002,96934.2853,96836.15,96865.2,97194,96783.04,1736883000000,7627
192.38918264000003,96685.2281,96877.9,96490.37,97020,96405.55,1736883900000,8201
273.90294866999994,96307.1531,96479.94,96399.74,96707,96069.36,1736884800000,11016
173.62585987000003,96676.609,96399.74,96843.29,97026,96380.3,1736885700000,8858
214.76051471000002,96542.1698,96843.28,96529.68,97017,96310.19,1736886600000,8593
282.15509542,96493.3497,96529.69,96447.58,96802,96300.0,1736887500000,10336
150.69244326999998,96517.3457,96455.43,96523.94,96762,96393.12,1736888400000,7112
107.94170839000003,96541.5037,96523.94,96473.92,96758,96469.4,1736889300000,5772
99.24416512999998,96362.5009,96473.92,96424.39,96666,96269.06,1736890200000,5797
61.642840019999994,96364.2376,96424.39,96447.8,96581,96300.0,1736891100000,5375
140.88537363,96491.5848,96581.0,96500.09,96706,96399.1,1736892000000,8417
58.52321725,96568.2598,96500.09,96602.41,96833,96447.1,1736892900000,5178
36.242692840000004,96606.648,96600.5,96605.01,96817,96485.76,1736893800000,5159
53.71959134,96644.7611,96605.02,96652.62,96846,96539.3,1736894700000,5161
51.62859996999999,96667.7211,96652.62,96564.88,96891,96538.1,1736895600000,5723
68.71748360999999,96571.9481,96700.0,96501.85,96794,96482.8,1736896500000,5439
104.18400324,96518.9573,96494.94,96642.45,96826,96467.85,1736897400000,6717
47.39124352999999,96582.8786,96642.44,96534.96,96826,96503.91,1736898300000,5107
110.26202638,96659.9082,96534.97,96813.42,96967,96464.37,1736899200000,7063
148.31307862,97071.9014,96813.41,97190.44,97400,96725.91,1736900100000,9349
101.62907877999999,97104.75,97190.44,96827.29,97450,96761.45,1736901000000,8037
56.00392854,96870.0431,96821.14,96855.27,97126,96737.96,1736901900000,6186
77.85446633,96999.9475,97071.0,96960.45,97343,96745.9,1736902800000,6902
41.61383867000001,96990.777,96960.45,97071.27,97344,96800.72,1736903700000,6483
171.84457564,97226.8836,97071.26,97278.44,97562,96936.82,1736904600000,9544
160.16105272000001,97325.4634,97264.88,97311.56,97655,96984.06,1736905500000,9818
89.24082417000001,97231.936,97520.0,97110.25,97575,97066.6,1736906400000,8015
83.85078811000002,96982.1921,97110.25,96911.45,97292,96885.5,1736907300000,6267
91.53571105999998,96840.9072,96911.45,96850.39,97117,96707.87,1736908200000,6917
52.229079700000014,96917.3128,96847.48,96995.0,97161,96775.35,1736909100000,6179
49.10508574999999,96992.2038,96776.22,97022.57,97319,96776.21,1736910000000,6214
73.36842381000001,96896.9235,97022.57,96887.69,97266,96709.3,1736910900000,6058
90.54763265000001,97057.3527,96887.69,97033.77,97281,96836.9,1736911800000,5931
94.31576624,97115.8966,97033.77,97287.67,97436,96961.21,1736912700000,5618
367.2664025200001,97521.3676,97200.0,97260.01,97822,97200.0,1736913600000,11556
105.88294926,97182.8836,97260.0,97228.34,97534,97023.4,1736914500000,6320
54.68333245,97255.7471,97228.34,97197.47,97500,97139.8,1736915400000,4897
54.00235193,97160.2703,97197.48,97151.4,97382,97092.61,1736916300000,4409
79.57532579000001,96953.6285,97155.1,96823.36,97364,96767.15,1736917200000,4821
93.15972606,96843.2264,96823.36,96932.04,97114,96700.0,1736918100000,5257
78.53659259999999,96883.6968,96932.03,96947.62,97114,96828.1,1736919000000,4275
25.586630590000002,96994.7122,96883.8,96993.34,97163,96883.8,1736919900000,3496
40.50482446,96978.1252,97145.0,96856.29,97209,96856.29,1736920800000,3630
22.04745407,96905.6046,96856.28,96818.0,97144,96818.0,1736921700000,3473
38.786119930000005,96869.1051,96818.0,97108.0,97109,96797.5,1736922600000,3455
29.49141203,97033.011,96929.24,97059.24,97248,96921.0,1736923500000,3485
41.698846329999995,97128.0163,97218.0,97279.0,97336,97040.1,1736924400000,3630
99.46674340000001,97415.4097,97110.27,97502.52,97706,97096.8,1736925300000,5322
58.48180134,97427.64,97502.52,97198.07,97730,97198.07,1736926200000,4539
33.94337582000001,97227.8786,97198.07,97262.16,97467,97137.97,1736927100000,3830
29.926753229999996,97323.6488,97227.5,97292.7,97563,97188.13,1736928000000,4215
51.525153489999994,97235.9292,97292.7,97470.57,97626,97118.36,1736928900000,4186
66.48907324,97442.2801,97470.58,97353.39,97664,97302.65,1736929800000,3923
36.08284469,97211.3842,97353.37,97166.25,97514,97147.98,1736930700000,3230
31.539681520000002,97237.8043,97173.0,97291.08,97480,97118.35,1736931600000,3296
89.10497468,97089.2379,97291.09,96864.98,97480,96864.98,1736932500000,4313
59.94753308,96935.621,96916.5,97031.05,97163,96850.0,1736933400000,4529
111.8236762,96856.8761,97031.05,96780.5,97180,96742.41,1736934300000,5095
81.32494281,96841.7762,96769.1,97062.0,97123,96680.61,1736935200000,5219
45.786438690000004,96951.6964,96912.7,97033.51,97212,96800.0,1736936100000,3795
24.22629166,97033.6467,97033.51,96987.54,97242,96928.3,1736937000000,3092
20.812664159999994,96921.5841,96987.53,96903.23,97165,96833.85,1736937900000,2862
63.673883370000006,96742.7436,96849.7,96750.5,97057,96640.17,1736938800000,4082
107.64218088000001,96569.92,96750.5,96589.39,96925,96400.0,1736939700000,5622
31.80894924,96641.6981,96589.39,96653.29,96838,96500.0,1736940600000,3988
34.430593030000004,96676.7711,96659.2,96663.4,96900,96603.2,1736941500000,3841
44.02550791,96642.4781,96900.0,96576.93,96908,96567.31,1736942400000,3872
59.10383323999999,96548.3979,96577.3,96553.78,96760,96500.0,1736943300000,4247
45.68950515,96855.7143,96553.71,97040.03,97279,96500.1,1736944200000,5265
28.310771749999997,96943.4528,97039.71,96895.8,97218,96834.11,1736945100000,4186
42.74514317,96949.5138,96895.1,96891.52,97187,96871.85,1736946000000,5063
122.38421123999998,97099.6625,96891.52,97247.61,97447,96796.1,1736946900000,7302
1381.6120932200001,98286.0125,97255.14,98495.81,98777,97200.0,1736947800000,33933
411.08408856999995,98875.2177,98503.57,98965.35,99214,98484.7,1736948700000,14432
550.9386362,99188.3609,98965.35,98910.6,99607,98765.4,1736949600000,16590
289.54613835,98840.81,98915.26,98692.4,99269,98551.1,1736950500000,11886
395.13999005999995,98856.11,98686.62,98972.88,99208,98606.36,1736951400000,14864
610.86319187,99244.2208,98972.87,99434.65,99639,98808.66,1736952300000,18961
692.5020133000002,99566.7072,99434.67,99316.0,99800,99267.88,1736953200000,19260
376.77334200999996,99418.8882,99277.62,99732.64,99861,99127.74,1736954100000,14607
341.386124,99474.0592,99714.88,99274.49,99791,99236.4,1736955000000,13519
325.73438459000005,99257.459,99274.49,98981.81,99553,98966.53,1736955900000,11801
332.03722885,99307.9565,99015.0,99454.43,99557,98973.6,1736956800000,11791
169.98593240000002,99296.3576,99445.28,99288.58,99531,99081.18,1736957700000,10682
207.62121021000002,99049.1853,99288.57,98978.0,99364,98875.59,1736958600000,11173
188.00695305000002,99031.2849,99001.56,99017.47,99216,98915.79,1736959500000,9985
241.72848757,99224.5465,99008.75,99307.76,99397,98975.87,1736960400000,11697
265.4704662099999,99214.2378,99307.76,99099.9,99421,99022.01,1736961300000,10714
165.31509524,99190.444,99130.03,99106.98,99375,99013.7,1736962200000,8648
193.31024040000005,98875.8548,99106.99,98646.74,99201,98607.37,1736963100000,9033
137.83968593,98845.1661,98646.74,98903.9,98989,98645.1,1736964000000,8363
146.1735521,99091.9642,98919.1,99094.49,99189,98903.9,1736964900000,7607
173.13731975,99144.0802,99090.0,99246.39,99303,99002.26,1736965800000,9054
315.92547471999995,99337.3109,99246.39,99458.35,99480,99234.01,1736966700000,11968
225.90073673,99467.6992,99427.2,99395.02,99586,99340.5,1736967600000,11015
146.5397112,99399.5345,99396.4,99364.36,99499,99288.0,1736968500000,8257
235.64093463,99571.174,99364.37,99493.0,99733,99348.68,1736969400000,10100
403.13360912,99737.7834,99456.15,99865.05,99990,99428.84,1736970300000,12372
582.9742696,100094.5938,99850.1,100286.07,100440,99752.2,1736971200000,17604
470.60809093,100497.6602,100286.07,100205.81,100731,100150.0,1736972100000,14735
481.63912643,99999.0372,100205.81,99830.0,100244,99708.01,1736973000000,14354
525.13008083,99625.0451,99782.28,99572.92,99886,99456.31,1736973900000,15487
173.89263759999997,99659.5922,99582.07,99785.6,99836,99468.4,1736974800000,8591
144.29745261,99781.3412,99776.8,99790.0,99887,99658.3,1736975700000,7551
100.94643767,99733.5508,99806.86,99622.16,99828,99606.7,1736976600000,5921
143.32111602,99710.4803,99622.15,99691.83,99856,99582.4,1736977500000,7403
91.08900003000001,99636.4377,99691.83,99633.66,99730,99553.0,1736978400000,6893
82.78572471,99595.5782,99633.67,99593.95,99677,99567.2,1736979300000,5222
82.24190891,99723.6276,99593.94,99793.95,99822,99579.3,1736980200000,5913
89.4079717,99758.0677,99793.95,99728.01,99865,99681.8,1736981100000,5636
139.64550752000002,99716.6155,99748.0,99690.56,99808,99645.85,1736982000000,8400
149.63466915,99899.2564,99688.03,100150.26,100186,99669.0,1736982900000,8564
218.82856336000003,100126.8917,100150.31,100311.73,100330,99909.94,1736983800000,9932
151.93334165000002,100321.3298,100311.73,100510.23,100547,100117.15,1736984700000,8565
415.6476033900001,100636.6611,100490.0,100312.72,100880,100304.3,1736985600000,13760
148.35235772000001,100320.0624,100312.68,100342.43,100556,100069.58,1736986500000,9353
220.39524518000002,99900.8657,100342.43,99826.94,100435,99626.73,1736987400000,10304
156.31140061000002,99787.2725,99823.01,99810.0,99910,99647.56,1736988300000,8373
113.76615662999998,99982.8863,99876.69,100007.01,100125,99805.47,1736989200000,7817
89.13064785999998,99948.2049,100012.97,99984.72,100094,99839.02,1736990100000,6691
64.03168222000001,100039.0381,99984.71,100092.77,100167,99869.02,1736991000000,6694
84.03111309999998,100104.0686,100053.0,100093.15,100222,99986.98,1736991900000,6427
70.09176986000001,100042.5705,100080.0,100046.36,100128,99923.0,1736992800000,6603
97.97221583999999,99881.0719,100046.22,99735.78,100059,99721.24,1736993700000,6296
85.66850526,99705.8666,99735.79,99624.0,99890,99551.0,1736994600000,6875
103.46454149,99557.9024,99620.07,99628.49,99664,99462.78,1736995500000,6854
62.89995794000001,99699.118,99628.49,99702.03,99851,99569.37,1736996400000,6043
49.56306891,99592.1864,99702.08,99526.03,99740,99500.0,1736997300000,5820
154.26079292,99348.7264,99526.03,99447.1,99555,99121.0,1736998200000,8852
59.87473390999999,99435.1226,99439.96,99456.66,99523,99338.98,1736999100000,5500
48.55325511000001,99567.9124,99485.3,99616.08,99665,99455.64,1737000000000,5148
39.04425706,99590.7606,99616.09,99596.39,99653,99522.0,1737000900000,4655
40.59550751,99621.3329,99588.42,99593.46,99691,99556.0,1737001800000,4664
25.182200150000003,99574.3497,99593.46,99605.01,99611,99523.0,1737002700000,3851
78.52524804999999,99482.1518,99603.0,99366.22,99607,99354.0,1737003600000,5303
28.07497851,99451.5683,99366.27,99515.13,99554,99319.0,1737004500000,4317
26.92919175,99478.4369,99456.0,99420.74,99605,99366.0,1737005400000,3998
17.822958589999995,99392.9231,99419.04,99364.0,99492,99320.0,1737006300000,3368
60.06415297,99386.5151,99370.0,99454.01,99471,99297.0,1737007200000,4531
28.01982344,99491.7375,99454.01,99670.0,99670,99360.0,1737008100000,4181
64.41046904000001,99773.5949,99670.0,99780.4,99883,99599.9,1737009000000,4548
28.087968110000006,99754.5021,99747.0,99778.55,99816,99672.0,1737009900000,3608
38.22189825000001,99752.7905,99757.9,99762.65,99844,99666.0,1737010800000,3818
22.323780900000003,99697.5717,99696.0,99705.33,99806,99597.0,1737011700000,3545
105.51241611,99671.8736,99711.68,99733.8,99788,99524.52,1737012600000,6534
30.962615839999998,99708.8631,99733.8,99785.53,99785,99637.0,1737013500000,3113
50.007777319999995,99724.4076,99698.0,99767.8,99803,99649.0,1737014400000,3368
39.499062179999996,99526.2907,99697.9,99535.9,99803,99330.0,1737015300000,3873
137.33379226,99207.0208,99490.0,99037.54,99535,98931.0,1737016200000,5683
214.78320245999998,98813.9668,99037.55,98930.94,99121,98474.0,1737017100000,8194
82.87615480000001,98805.7747,98943.0,98826.1,99071,98586.0,1737018000000,5463
58.19559069000001,98830.2349,98826.09,98920.01,99006,98662.0,1737018900000,4312
50.52044568,98962.9645,98927.35,99048.92,99099,98768.0,1737019800000,3857
41.394535710000014,99165.7958,99048.92,99130.55,99303,98960.0,1737020700000,3622
30.508277890000002,99182.3991,99148.1,99208.74,99286,99046.0,1737021600000,3755
51.08516606,99266.9688,99208.73,99326.0,99363,99108.0,1737022500000,3253
36.87004498,99311.158,99326.0,99210.61,99399,99178.0,1737023400000,3557
19.425798250000003,99223.3125,99210.6,99194.45,99297,99151.0,1737024300000,2844
95.88852751,99156.3287,99214.1,99178.11,99314,99006.0,1737025200000,6509
108.22203028000001,98924.0536,99181.53,99049.24,99224,98666.0,1737026100000,6167
29.680636370000006,99025.3708,99049.24,99053.71,99180,98900.0,1737027000000,4270
55.55290769,99173.3021,99011.7,99141.92,99266,99002.0,1737027900000,5156
156.38182793000001,99071.3905,99141.92,99248.54,99298,98858.0,1737028800000,7122
144.64819715,99307.8088,99241.11,99190.78,99461,99160.38,1737029700000,8659
90.02640425000001,99317.7073,99190.78,99338.06,99500,99173.0,1737030600000,5802
140.79386477,99343.4656,99341.4,99365.37,99491,99250.04,1737031500000,7961
167.90642758,99063.3297,99368.4,98884.64,99411,98739.0,1737032400000,10282
145.93935205000002,99009.6387,98884.62,98805.82,99166,98760.39,1737033300000,10380
225.31501558000002,99095.9236,98805.32,99355.44,99408,98711.2,1737034200000,11229
87.17017753,99166.2853,99355.44,99065.32,99415,99025.7,1737035100000,7349
88.20821325,98980.8392,99045.0,99108.9,99150,98837.72,1737036000000,8008
195.26055662,99216.981,99108.9,99330.02,99388,99077.0,1737036900000,8509
405.54711926,98687.3718,99330.02,98229.97,99333,98174.4,1737037800000,17539
701.3440349,97759.558,98229.98,97595.9,98229,97440.01,1737038700000,26031
548.85892576,97712.3339,97555.1,97780.88,98271,97277.58,1737039600000,18837
238.83006486000002,98128.3916,97780.89,98375.31,98447,97697.8,1737040500000,13243
212.41176741000004,98270.6504,98370.25,98278.29,98522,98015.68,1737041400000,14304
351.19883178,98695.9344,98270.58,99270.6,99315,98168.71,1737042300000,16003
438.46307838,99487.5477,99188.0,99401.04,99823,99150.01,1737043200000,17351
291.10077957,99424.3138,99401.04,99726.15,99787,99051.34,1737044100000,13733
341.71120284,99640.3798,99764.0,99300.19,99879,99250.0,1737045000000,12237
221.67109093000002,99355.641,99298.89,99324.73,99520,99148.47,1737045900000,9902
240.61302784000003,99327.2191,99411.0,99382.03,99486,99154.45,1737046800000,8883
298.27306808,99601.2212,99382.03,99780.0,99895,99241.1,1737047700000,9187
461.55048659000005,100073.5482,99780.0,99983.22,100366,99780.0,1737048600000,16322
313.4550021400001,99845.0492,99986.29,99834.3,100105,99721.68,1737049500000,10882
151.68921713,99855.031,99861.0,99648.7,100067,99617.1,1737050400000,8231
123.00874383000003,99535.9874,99645.23,99506.49,99698,99440.0,1737051300000,7531
201.45933329999997,99437.0271,99506.5,99380.14,99595,99261.75,1737052200000,9487
195.72150733,99449.8103,99380.14,99566.26,99668,99238.48,1737053100000,9332
175.33141309,99625.1487,99544.2,99734.13,99792,99380.01,1737054000000,8674
188.23478832,99742.3825,99736.98,99757.34,99870,99555.29,1737054900000,7914
273.95860952,99933.1086,99754.84,100021.62,100070,99679.24,1737055800000,7971
282.41305030999996,100238.179,100021.63,100403.2,100438,99999.0,1737056700000,10088
261.86682331000003,100427.4588,100403.71,100406.72,100599,100281.47,1737057600000,10276
316.26528945,100455.726,100406.73,100610.85,100654,100262.73,1737058500000,10748
220.05429882,100566.3759,100610.85,100501.11,100650,100452.01,1737059400000,9321
320.57869344999995,100477.82,100501.11,100348.45,100621,100250.0,1737060300000,11155
237.6052085,100213.423,100348.51,100194.74,100400,100070.0,1737061200000,7874
262.97218050000004,99921.3085,100197.55,99868.99,100228,99603.0,1737062100000,8925
130.86368318,99969.9933,99867.94,100171.58,100203,99782.1,1737063000000,6050
130.17348051,100089.5707,100171.58,100123.2,100220,99888.99,1737063900000,6920
72.38846208,99924.9476,100132.06,99913.72,100140,99831.0,1737064800000,5476
116.18765035999999,99723.8697,99911.62,99600.0,99977,99537.43,1737065700000,6943
122.29814850999999,99491.0317,99600.0,99540.01,99621,99325.9,1737066600000,6613
162.47321749000002,99658.981,99540.0,99819.8,99857,99490.05,1737067500000,7227
179.17928816,99863.5331,99819.79,99989.77,100060,99719.99,1737068400000,7861
167.83488765,99923.7456,99989.78,99886.64,100120,99823.01,1737069300000,6752
80.85930977,99945.6029,99886.64,100025.7,100113,99800.02,1737070200000,5788
90.15070438000001,100039.4315,100101.79,99981.78,100110,99953.72,1737071100000,5315
105.84762071,100158.9792,99976.7,100276.77,100370,99937.81,1737072000000,6960
174.18026888,100244.3744,100276.77,100158.47,100450,100074.26,1737072900000,7146
73.80849893,100172.0387,100156.36,100187.3,100360,100106.56,1737073800000,5846
27.920459140000002,100116.6621,100187.29,100122.23,100270,100052.84,1737074700000,4256
76.41142427,100156.8806,100129.17,100073.86,100360,100039.01,1737075600000,5313
73.10937695,100126.9184,100073.86,100213.14,100280,100032.4,1737076500000,6029
822.8697323399999,100991.6199,100213.14,101598.44,101644,100186.48,1737077400000,19644
458.8615997300001,101547.7713,101573.2,101641.42,101800,101169.48,1737078300000,14088
201.47705329999997,101599.1007,101670.0,101791.6,101799,101410.0,1737079200000,8787
305.72161731000006,101970.1561,101791.59,101841.9,102085,101749.9,1737080100000,12216
115.81577453999999,101703.4238,101841.9,101541.76,101906,101526.49,1737081000000,7622
183.76572838,101060.2618,101545.92,101074.79,101545,100760.0,1737081900000,9553
136.41300921,101119.4207,101053.7,101000.0,101267,100920.0,1737082800000,6840
90.41437715999999,100971.1211,101000.0,100966.75,101116,100800.0,1737083700000,6106
83.24440064,101045.6142,100964.95,101026.98,101240,100920.0,1737084600000,5798
81.9466715,101024.7574,101026.99,101022.07,101127,100930.0,1737085500000,5540
145.03477281,101032.0102,101025.9,100978.81,101256,100880.0,1737086400000,5494
66.32779374,101050.5176,100978.81,101161.26,101198,100900.0,1737087300000,5009
51.09853124000001,101088.1475,101161.26,101146.67,101212,100970.0,1737088200000,4825
81.91324948999997,101292.0977,101146.67,101462.6,101487,101068.3,1737089100000,5476
106.68596808,101555.8033,101432.5,101646.36,101738,101350.0,1737090000000,5981
106.08852376,101639.055,101645.48,101618.67,101776,101560.0,1737090900000,5343
141.35455469000004,101538.9868,101614.49,101397.95,101697,101300.0,1737091800000,5713
57.91939939,101392.6347,101398.42,101319.89,101521,101240.0,1737092700000,4248
52.14572203,101436.3178,101311.8,101526.82,101529,101260.0,1737093600000,4530
41.849767930000006,101501.9106,101526.82,101380.0,101586,101380.0,1737094500000,4035
31.759684819999997,101416.243,101449.1,101449.79,101466,101360.0,1737095400000,3538
31.14606931,101358.3852,101443.62,101398.12,101443,101270.0,1737096300000,3398
62.92056519,101477.1387,101350.0,101613.29,101642,101330.0,1737097200000,4247
36.76565546,101605.8374,101605.84,101619.24,101720,101510.0,1737098100000,3626
142.26496661000002,101607.7091,101619.25,101665.81,101878,101260.0,1737099000000,5730
63.861610089999985,101547.6644,101665.8,101437.55,101741,101390.0,1737099900000,3971
130.35363558,101644.5468,101440.1,101686.04,101775,101420.0,1737100800000,5145
92.72724007999999,101768.598,101686.04,101889.55,101896,101610.0,1737101700000,5362
191.95336248000004,102004.4302,101889.55,101951.32,102166,101840.0,1737102600000,7204
166.28973428,101915.393,101951.31,102107.38,102189,101700.0,1737103500000,7032
87.80247612999999,102183.909,102102.53,102171.53,102286,102045.45,1737104400000,6389
176.5063193,102026.7624,102171.53,101994.75,102221,101928.3,1737105300000,5645
54.29103399,101882.6573,101960.3,101800.0,102019,101761.87,1737106200000,4632
81.92785981,101820.6911,101780.26,101843.85,101939,101704.01,1737107100000,4107
178.60715785,101978.7907,101844.82,102000.01,102143,101774.06,1737108000000,7228
151.50549896999996,102058.2955,102012.61,102206.39,102237,101971.06,1737108900000,6760
210.35241880999996,102379.0577,102206.63,102350.73,102544,102137.72,1737109800000,8676
55.618398400000004,102287.173,102350.73,102299.48,102405,102140.0,1737110700000,4673
67.11559924,102175.9199,102276.4,102202.23,102311,102043.6,1737111600000,4330
65.62184727,102352.0944,102202.23,102331.26,102436,102160.0,1737112500000,4097
70.06024517000002,102302.4528,102331.27,102291.38,102379,102185.64,1737113400000,3848
43.64463673,102254.6665,102309.8,102220.23,102309,102170.0,1737114300000,3758
375.97875865,102419.1049,102216.7,102530.69,102561,102162.34,1737115200000,9647
225.73882548999998,102543.4717,102500.0,102529.12,102660,102410.1,1737116100000,8757
236.16510333,102545.2433,102529.12,102700.8,102780,102340.0,1737117000000,10348
219.99346801999994,102812.6642,102699.14,102741.09,102941,102650.0,1737117900000,9564
259.80656518,102884.8634,102751.5,102766.53,103000,102700.0,1737118800000,9842
312.80379210000007,102607.0422,102766.53,102531.3,102831,102340.0,1737119700000,11148
137.94354332,102641.6934,102537.39,102750.66,102841,102400.0,1737120600000,9441
145.25661946000002,102559.7271,102750.66,102445.06,102820,102403.3,1737121500000,8731
132.87610005000002,102583.1409,102445.05,102527.16,102718,102412.9,1737122400000,9473
216.81988853000001,102687.9478,102530.0,102739.16,102795,102510.0,1737123300000,10489
767.72971871,102784.0442,102745.15,102550.12,103202,102250.0,1737124200000,27433
803.76723347,102974.4627,102553.53,103422.08,103422,102471.1,1737125100000,25043
1066.5859377000002,103857.4326,103373.5,104146.88,104292,103240.0,1737126000000,28315
745.4939123600001,104008.1597,104146.88,103993.81,104378,103400.0,1737126900000,22790
505.63276099999996,103963.1985,103993.82,103976.86,104155,103657.52,1737127800000,20093
382.45001872999995,103927.1561,103967.37,104058.23,104058,103700.0,1737128700000,16667
602.15392572,104176.165,104058.23,104493.57,104513,103860.0,1737129600000,22072
788.9401125,104584.3827,104442.0,104645.73,104835,104000.0,1737130500000,22384
792.59044418,104877.1558,104645.73,104871.56,105027,104510.0,1737131400000,21703
511.57934114999995,104922.1266,104871.57,105041.95,105093,104570.0,1737132300000,19932
553.9679885099999,104885.6042,105035.56,104820.38,105095,104600.0,1737133200000,17064
507.53213973999993,104997.9709,104820.38,105072.62,105334,104630.0,1737134100000,17173
473.72918887000003,104612.7314,105072.62,104311.76,105218,104180.0,1737135000000,16855
357.70915246000004,104270.2639,104314.08,104169.79,104539,104000.0,1737135900000,15552
452.14078386,104288.3005,104085.6,104447.21,104466,104010.0,1737136800000,15078
390.87691671,104655.9732,104447.2,104690.39,104838,104290.0,1737137700000,14363
255.74970119000005,104775.3809,104690.39,104799.02,104947,104500.0,1737138600000,10404
311.51792467,104934.0459,104799.03,104909.95,105000,104660.0,1737139500000,10976
347.99039458,104936.369,104843.8,105195.17,105195,104570.0,1737140400000,13152
642.0665995100002,105512.0683,105195.17,105487.03,105845,105030.0,1737141300000,19625
511.51531288999996,105462.7799,105475.0,105725.84,105740,105130.0,1737142200000,16130
416.22814768,105809.3708,105617.7,105849.9,105970,105490.0,1737143100000,16101
718.18916784,105581.7611,105935.45,105517.86,105945,105230.0,1737144000000,18032
602.50225932,105468.2297,105517.87,105362.27,105638,105130.0,1737144900000,14949
834.5780739499999,105165.7691,105362.26,105088.98,105409,104850.0,1737145800000,17592
1058.89529094,104863.5439,105092.41,104732.3,105115,104500.0,1737146700000,19683
205.40211314999996,104725.7467,104729.3,104824.04,104925,104510.0,1737147600000,10229
157.56806142000002,104926.5917,104700.0,105041.0,105100,104670.0,1737148500000,9119
200.27572397999995,104875.6935,105041.0,104896.7,105092,104610.0,1737149400000,9474
256.56353932,104663.5993,104876.23,104651.04,104967,104440.0,1737150300000,9245
98.62498036,104580.9784,104651.04,104452.89,104749,104350.0,1737151200000,7743
88.92641620999999,104459.6739,104450.01,104625.92,104633,104300.0,1737152100000,7220
78.42523686999999,104622.6966,104609.1,104611.64,104734,104420.0,1737153000000,6823
93.9708894,104394.8965,104611.64,104447.82,104619,104160.0,1737153900000,7882
119.66878675999999,104411.4627,104447.82,104484.99,104525,104200.0,1737154800000,7946
96.5690925,104482.1961,104484.59,104454.97,104577,104360.0,1737155700000,6794
66.11424182,104328.2022,104441.7,104275.2,104455,104220.0,1737156600000,6558
86.1278032,104180.2453,104295.25,104107.0,104295,104040.0,1737157500000,6195
110.44635082999999,104242.3937,104040.0,104402.35,104435,104040.0,1737158400000,7748
74.22696718,104370.5687,104402.35,104252.0,104525,104180.0,1737159300000,6500
56.01046568,104466.3547,104252.01,104620.96,104648,104180.0,1737160200000,6736
69.11371869,104613.5387,104620.96,104703.58,104704,104510.0,1737161100000,6655
42.126589259999996,104546.4033,104697.09,104471.18,104703,104420.0,1737162000000,6402
84.03346620999999,104485.6977,104471.17,104617.04,104691,104300.0,1737162900000,6865
106.10130842999999,104393.7431,104617.03,104250.0,104617,104250.0,1737163800000,6529
89.84719661000001,104199.7183,104307.85,104310.05,104380,104090.0,1737164700000,6176
26.44149916,104394.8239,104230.0,104422.6,104474,104230.0,1737165600000,5890
34.04234073,104465.711,104422.6,104444.25,104516,104360.0,1737166500000,5145
45.75320468000002,104443.8896,104450.0,104442.74,104529,104340.0,1737167400000,5365
44.761980890000004,104376.8302,104442.74,104343.49,104537,104230.0,1737168300000,7188
37.3797196,104387.7175,104333.14,104383.3,104487,104260.0,1737169200000,6215
79.44402194,104202.8947,104416.44,104188.03,104418,104050.0,1737170100000,9248
271.68624897,103676.523,104188.04,103250.0,104245,103040.0,1737171000000,15451
153.56917534,103514.8084,103201.9,103545.03,103687,103201.9,1737171900000,10398
144.28130620000002,103605.3273,103536.4,103491.39,103691,103400.0,1737172800000,8071
317.25648046000003,103043.7142,103491.39,102972.26,103528,102600.0,1737173700000,11488
73.54140758,103314.096,102974.66,103425.98,103495,102930.0,1737174600000,7606
139.74432929999998,103402.4653,103426.87,103565.78,103571,103240.0,1737175500000,7461
183.37356216,103448.8532,103530.3,103379.32,103743,103260.0,1737176400000,7936
139.12353116,103489.8279,103385.74,103627.17,103731,103260.0,1737177300000,7558
135.44862885,103364.7614,103628.35,103407.62,103671,103217.1,1737178200000,7107
535.1850353299999,103413.4954,103339.0,102810.52,103551,102750.0,1737179100000,16796
73.10995842,103083.0101,102795.7,103208.0,103267,102760.0,1737180000000,7874
108.13933125000001,103245.9536,103190.2,103152.93,103371,103080.0,1737180900000,6439
112.90590370000001,103258.6901,103152.93,103347.01,103583,102965.45,1737181800000,7047
82.71910269000001,103442.8217,103347.01,103389.35,103590,103308.36,1737182700000,5654
71.48623442,103207.0149,103405.1,103000.0,103458,102860.0,1737183600000,5122
116.74793141999999,103029.2594,103000.0,103135.72,103228,102860.0,1737184500000,5801
89.70284642000001,102815.7161,103135.72,102774.45,103135,102666.66,1737185400000,5801
55.73593498000001,102703.5447,102781.15,102776.24,102842,102530.0,1737186300000,5942
144.16844848,102435.1591,102804.2,102545.2,102804,102200.0,1737187200000,7498
69.42208757,102511.3788,102542.59,102743.82,102755,102250.0,1737188100000,6060
108.59146881,103010.5476,102700.1,103147.01,103178,102700.0,1737189000000,6700
59.77446373999999,103192.4943,103147.01,103237.48,103310,103068.31,1737189900000,4810
65.81193350000001,103225.739,103185.0,103200.15,103278,103132.01,1737190800000,4464
115.99919554,103313.8187,103200.15,103416.5,103428,103112.23,1737191700000,6129
43.99103109,103183.2771,103420.38,103072.82,103422,103001.0,1737192600000,4674
50.587848359999995,103095.2611,103072.82,103100.0,103179,103025.76,1737193500000,4115
44.81722424,103045.3075,103091.1,102853.27,103240,102760.0,1737194400000,4713
58.48415141999999,102991.428,102853.27,103097.66,103214,102770.0,1737195300000,5785
56.123219379999995,102988.7296,103097.91,102926.68,103184,102804.83,1737196200000,5423
66.66484374999999,103060.028,102921.43,103112.48,103227,102770.0,1737197100000,5157
66.34720563,102988.71,103127.1,102959.8,103140,102873.15,1737198000000,4953
39.53854414,103156.9255,102951.16,103304.33,103335,102914.2,1737198900000,4222
52.435788679999995,103393.8085,103304.34,103550.2,103635,103164.61,1737199800000,5629
63.566651449999995,103673.3388,103634.29,103513.8,103840,103511.09,1737200700000,5472
38.91297308,103535.5916,103513.7,103573.89,103653,103440.13,1737201600000,4904
66.93283707999998,103766.394,103554.5,103561.79,103985,103553.59,1737202500000,6007
116.28030966,103501.2562,103561.78,103490.18,103704,103322.04,1737203400000,5880
50.56042572,103487.8235,103490.17,103392.74,103560,103387.24,1737204300000,4758
50.54450278,103288.3817,103392.73,103234.3,103458,103078.12,1737205200000,5905
43.2438443,103340.1261,103270.86,103435.27,103483,103147.2,1737206100000,5242
80.51332078,103737.8167,103435.25,103806.18,103917,103393.37,1737207000000,6666
197.67250810999997,104131.8499,103810.4,104318.44,104359,103738.2,1737207900000,10344
432.21299316,104260.3499,104248.0,104162.52,104529,104081.04,1737208800000,13053
70.29251224000001,104300.1186,104162.51,104154.4,104483,104120.0,1737209700000,7130
164.83273911999999,103860.4306,104164.2,103848.98,104164,103657.1,1737210600000,8324
60.156878000000006,103920.2331,103847.59,103943.6,104059,103771.87,1737211500000,6776
80.07159579,103896.9866,103927.1,104076.88,104119,103702.86,1737212400000,7561
121.22588866999999,104145.1602,104076.87,104183.92,104300,103999.9,1737213300000,8767
244.04831251,104552.8245,104260.0,104596.23,104930,104151.99,1737214200000,11495
201.43116736,104743.0606,104596.23,104502.19,104960,104475.2,1737215100000,11412
129.63375424,104454.0086,104485.7,104246.09,104680,104189.11,1737216000000,10704
195.07942269000003,104007.074,104246.09,104000.0,104340,103685.19,1737216900000,11538
309.44588657,103606.3715,103884.14,103318.69,104210,103250.0,1737217800000,12939
204.59868366999996,103283.6237,103308.13,103168.88,103550,103047.5,1737218700000,10980
114.26522943,103521.9599,103260.0,103793.59,103860,103168.88,1737219600000,9540
113.77002118,103863.0332,103716.8,103794.6,104060,103697.33,1737220500000,10205
84.72465222999999,103902.9683,103772.0,104017.68,104080,103705.03,1737221400000,9051
72.53436556,103953.2391,104018.85,103740.08,104180,103696.59,1737222300000,7942
87.94219574000002,103910.5309,103716.8,104016.57,104090,103702.86,1737223200000,8406
264.95870456,103930.5612,104029.16,103956.27,104090,103700.96,1737224100000,22960
162.23447866,104044.117,103956.26,104148.95,104220,103899.9,1737225000000,12901
110.69567101,104135.7022,104148.95,104016.12,104420,103886.55,1737225900000,8498
98.31103861999999,104095.322,103996.1,104080.09,104280,103996.0,1737226800000,7543
73.74043623000001,104085.6897,104043.1,104062.55,104300,103980.82,1737227700000,8111
102.34031021000001,104193.6556,104062.56,104349.95,104470,104000.01,1737228600000,9935
63.90461687000001,104309.2045,104349.95,104283.64,104470,104229.8,1737229500000,9905
51.3272508,104319.1657,104283.64,104289.1,104490,104206.6,1737230400000,6875
91.48973509999999,103937.7759,104283.8,103824.12,104380,103704.23,1737231300000,7740
58.85036937999999,103913.8815,103818.54,103880.19,104110,103802.9,1737232200000,7497
138.29812642,103813.5995,103880.19,103936.61,104010,103664.3,1737233100000,11754
59.34516068,104026.1734,103907.6,104067.95,104250,103865.8,1737234000000,7319
111.1885122,104028.0706,104067.95,104023.12,104270,103884.23,1737234900000,7390
82.01026243999998,103873.5371,104023.13,103895.12,104130,103770.8,1737235800000,6864
36.872239,103877.6661,103899.6,103762.5,104070,103762.4,1737236700000,5749
43.65450799999999,103842.746,103762.5,103972.36,104030,103751.3,1737237600000,6130
46.909709709999994,104035.7403,103980.97,104098.93,104180,103924.9,1737238500000,5384
69.16836359999999,104124.6826,104029.9,104056.25,104280,104029.8,1737239400000,5770
20.315360190000003,104117.3577,104056.24,104192.87,104250,104009.7,1737240300000,5056
61.83281205,104374.4283,104192.87,104475.63,104540,104169.7,1737241200000,7106
132.10391411999998,104474.8644,104469.6,104344.33,104740,104326.7,1737242100000,7712
61.12439638000001,104463.0543,104368.8,104383.82,104630,104319.6,1737243000000,6532
58.574134689999994,104316.2062,104383.83,104435.0,104490,104237.0,1737243900000,6326
84.84746487999999,104321.1343,104382.0,104211.39,104500,104172.65,1737244800000,6727
70.90622795999998,104200.4367,104204.02,104138.12,104380,104046.8,1737245700000,7032
41.97580873,104167.2568,104134.48,104193.68,104330,104078.83,1737246600000,6497
52.51533349,104199.1186,104188.9,104015.91,104360,104010.19,1737247500000,6158
60.99246875,104106.7552,104022.2,104106.2,104260,104008.43,1737248400000,6332
90.79435905999999,104049.229,104106.19,104305.12,104360,103863.4,1737249300000,6484
88.26000389000001,104471.1306,104305.13,104438.87,104630,104285.3,1737250200000,6645
35.01857976,104434.1135,104438.15,104380.26,104540,104364.1,1737251100000,5125
114.23342387,104624.852,104380.25,104738.08,104800,104364.0,1737252000000,6459
170.89841230000002,104879.0977,104738.09,105083.58,105270,104667.0,1737252900000,9194
149.38488419,105107.6103,105083.53,105008.37,105400,104969.0,1737253800000,8710
118.70636448000002,104896.326,105008.37,104767.67,105160,104697.02,1737254700000,7273
142.75701465999998,104756.4864,104760.1,104567.33,104950,104450.01,1737255600000,7297
72.14745644999999,104619.9138,104564.0,104669.81,104740,104468.72,1737256500000,6539
58.17565065000001,104755.2562,104669.8,104732.23,104910,104600.0,1737257400000,5877
74.83245131,104929.2851,104732.23,104853.64,105120,104654.3,1737258300000,6417
87.28006000999999,104880.5231,104860.78,105040.0,105110,104769.1,1737259200000,6872
134.57520168000002,104849.0791,105039.99,104930.72,105170,104539.9,1737260100000,9077
62.822260799999995,104866.1432,104930.72,104878.84,105010,104686.4,1737261000000,7324
63.30287143999999,104828.598,104878.83,104864.0,105010,104700.29,1737261900000,7596
122.08358527,104554.6107,104864.0,104364.78,104970,104324.48,1737262800000,8744
109.15175079,104392.0525,104368.8,104636.15,104660,104128.96,1737263700000,7591
60.193725279999995,104647.666,104624.4,104709.94,104740,104546.2,1737264600000,5946
69.4342383,104824.7305,104670.2,105003.97,105020,104550.2,1737265500000,6290
67.82918216,104985.7154,105003.97,105031.96,105090,104913.12,1737266400000,6186
53.973138520000006,105005.436,105030.38,105179.25,105220,104911.68,1737267300000,5444
78.18993398,105234.2823,105177.32,105339.09,105350,105086.64,1737268200000,6949
74.35289646000001,105342.7445,105339.08,105439.02,105500,105223.6,1737269100000,5638
103.60362957999999,105203.9825,105405.4,105236.02,105480,105054.6,1737270000000,6733
39.53095226,105186.396,105236.18,105082.39,105330,105059.0,1737270900000,5317
80.36407185,104944.1816,105089.33,104896.56,105170,104825.9,1737271800000,5814
45.695037920000004,105004.0907,104893.04,104995.34,105200,104769.66,1737272700000,5202
68.37969585,104782.4146,104995.35,104652.0,105130,104651.99,1737273600000,5020
113.29788767999999,104573.54,104652.0,104506.08,104770,104469.28,1737274500000,6557
58.38563727000001,104649.7285,104506.08,104576.03,104870,104489.45,1737275400000,5610
135.97039826,104282.1664,104587.44,104268.2,104680,104155.0,1737276300000,8082
221.53642595999997,104082.3195,104221.4,104030.0,104420,103658.9,1737277200000,9946
421.77173387,103795.0209,103984.99,104165.3,104300,103292.7,1737278100000,12857
128.24740707,104273.7144,104165.3,104410.9,104650,104107.28,1737279000000,7535
136.34287259,104809.8404,104417.73,105149.03,105370,104220.48,1737279900000,8653
69.21113945,104788.8796,105143.65,104706.43,105230,104554.35,1737280800000,6802
100.33310096,104582.2875,104707.4,104341.65,104960,104235.46,1737281700000,6443
61.9726551,104530.8747,104341.65,104827.34,104930,104281.8,1737282600000,5553
95.58103259,104770.2623,104820.18,104639.85,105060,104614.5,1737283500000,5667
146.09020934,104922.8273,104614.6,104965.65,105100,104614.6,1737284400000,7760
131.61541658000002,105007.5014,104965.64,104809.05,105240,104760.9,1737285300000,7340
382.09951103,104415.5122,104860.0,104380.95,104920,104269.01,1737286200000,13905
144.59323581,104320.7987,104375.93,104199.8,104600,103990.0,1737287100000,8041
121.23284308000001,104465.7455,104199.8,104603.86,104780,104128.4,1737288000000,7884
141.80606836,104360.1541,104580.0,104270.23,104700,104221.2,1737288900000,7338
72.29531359,104451.221,104270.23,104577.99,104690,104153.08,1737289800000,6259
240.21517922,104678.406,104578.0,104767.03,104920,104525.7,1737290700000,7831
168.59394153999997,104976.1317,104870.0,105044.57,105230,104688.99,1737291600000,7358
94.04214444,105045.1738,105037.4,104960.0,105230,104816.68,1737292500000,6542
123.62251615999999,104812.3553,104880.3,105000.01,105100,104560.0,1737293400000,6726
102.18975689999999,104924.8734,105000.01,104807.23,105130,104736.5,1737294300000,7577
91.78109154999999,104744.3396,104798.5,104702.99,104960,104603.4,1737295200000,8121
179.04940711999998,105024.1649,104693.67,105280.74,105610,104603.0,1737296100000,10252
208.98796739,105119.4079,105286.15,104847.59,105500,104823.96,1737297000000,10368
88.82469206,104932.3281,104847.59,104998.84,105130,104745.61,1737297900000,8069
121.83997418000001,104669.4463,104954.7,104632.03,105140,104376.33,1737298800000,9338
87.82398565,104643.899,104632.03,104893.5,104940,104429.61,1737299700000,8772
60.289903769999995,104983.1605,104893.49,104954.79,105110,104827.35,1737300600000,7392
169.37422174,104709.0553,104957.2,104762.6,105020,104503.2,1737301500000,8556
66.98457992,104711.0345,104760.0,104593.2,104970,104545.87,1737302400000,6623
59.60896846000001,104786.7353,104605.53,104998.05,105070,104543.1,1737303300000,7275
80.38875230999997,104898.7411,104999.77,104743.89,105130,104697.6,1737304200000,7753
58.12786755,104775.468,104735.26,104804.6,104930,104662.7,1737305100000,7166
154.44530805999997,104577.2684,104803.34,104475.08,104900,104455.52,1737306000000,7512
127.27802052000001,104540.3175,104475.08,104419.83,104690,104412.8,1737306900000,7733
52.02930252000001,104474.6749,104429.23,104525.17,104620,104378.77,1737307800000,6494
97.11471758,104848.9411,104525.18,104990.22,105090,104477.46,1737308700000,8521
66.68234847999999,105026.5839,104990.22,105082.98,105190,104920.0,1737309600000,7790
55.818377010000006,105018.1313,105083.3,104954.28,105200,104901.01,1737310500000,6841
57.19003743000001,104909.2959,104954.27,104925.71,105060,104829.59,1737311400000,6852
45.12577078,104886.2037,104922.54,104901.99,105080,104767.81,1737312300000,6598
61.202484260000006,105015.3409,104864.1,105132.8,105260,104835.91,1737313200000,7003
46.333113579999996,105109.2664,105128.19,105066.88,105300,105042.14,1737314100000,6763
104.04896626,105249.2267,105066.68,105369.61,105490,105019.53,1737315000000,8844
435.37729575000003,105778.8516,105369.6,106071.46,106170,105321.9,1737315900000,14773
459.91761589000004,106055.7136,106071.45,105952.0,106340,105866.11,1737316800000,14479
367.54737350000005,105717.3667,105951.99,105829.0,106050,105363.4,1737317700000,11350
171.32327572000003,106007.7027,105762.64,106067.18,106310,105706.44,1737318600000,11124
239.41511018999998,106033.8997,106067.19,106260.0,106370,105773.01,1737319500000,12372
170.8797151,105914.3921,106163.09,105900.61,106340,105660.03,1737320400000,11420
363.94969449999996,104789.2079,105896.4,104302.81,105970,104011.0,1737321300000,17334
464.77555652999996,104591.8843,104326.8,104278.5,105230,104160.33,1737322200000,17381
532.3795289699999,103876.9857,104299.37,103510.0,104480,103510.0,1737323100000,20024
772.6057121700001,103256.2541,103550.2,103899.38,103930,102550.0,1737324000000,23548
464.10788904999987,103906.7721,103888.8,104048.71,104400,103408.2,1737324900000,15784
378.41936752999993,103410.1975,104033.4,103230.39,104130,102804.84,1737325800000,16019
1022.74753768,102193.3275,103228.15,103306.32,103360,100999.0,1737326700000,29388
1100.40277403,101684.1061,103303.31,101153.73,103360,100847.37,1737327600000,31742
1092.97798471,100950.6474,101154.92,100350.0,101650,100174.94,1737328500000,28070
1317.79343096,100218.3261,100411.99,101080.1,101210,99518.0,1737329400000,37765
883.11805765,101409.9791,101091.65,101211.13,101860,100872.7,1737330300000,23012
610.27637507,101067.6575,101217.78,101290.64,101580,100527.9,1737331200000,20833
568.91618316,101098.9252,101310.4,100988.83,101540,100596.48,1737332100000,18440
727.4711691299999,100285.9165,100988.85,100640.56,101170,99416.27,1737333000000,22899
400.8459384899999,99924.4423,100650.63,99651.05,100750,99532.43,1737333900000,17573
506.59762058000007,99862.6123,99651.06,100070.26,100450,99475.21,1737334800000,19575
283.88631264,99964.1974,100060.29,100134.82,100440,99565.98,1737335700000,14745
237.66514079,100366.837,100131.92,99927.49,100950,99808.02,1737336600000,14066
287.64773423,100189.0667,99943.35,100535.31,100670,99882.81,1737337500000,13791
229.43220597,100765.791,100536.92,100843.34,101140,100434.52,1737338400000,12977
211.57050247,101225.8844,100833.63,101560.0,101640,100720.29,1737339300000,12587
324.37323808,101734.7457,101559.99,101540.95,102230,101242.89,1737340200000,15568
181.08795491000004,101735.0128,101536.86,101793.87,102150,101396.51,1737341100000,11614
144.1156638,101606.1474,101777.4,101669.68,101890,101335.71,1737342000000,10505
244.64575481999998,101644.4518,101662.58,101533.43,102120,101366.61,1737342900000,12800
197.06859867,101536.9687,101542.85,101469.95,101765,101355.52,1737343800000,10474
267.29569101,101622.089,101470.01,101793.67,101850,101296.17,1737344700000,10901
151.57962844,101615.4801,101793.51,101668.7,101814,101427.83,1737345600000,9424
140.63276476000001,101709.9001,101671.6,101659.63,101964,101488.47,1737346500000,9060
113.90693159000003,101837.6748,101588.8,102195.64,102290,101563.19,1737347400000,8723
213.90765787,102390.8526,102195.64,102123.2,102740,102112.1,1737348300000,11535
143.12728638,102392.228,102120.39,102377.41,102690,102005.66,1737349200000,10074
166.9579703,102496.5507,102369.3,102383.4,102730,102303.07,1737350100000,9336
134.8304168,102362.1275,102373.63,102511.79,102570,102225.6,1737351000000,7944
64.49591703,102371.3959,102511.79,102230.22,102680,102171.37,1737351900000,6272
112.60568049999998,102317.0336,102200.1,102399.9,102530,102101.96,1737352800000,7298
89.97012674000001,102511.4867,102399.54,102538.71,102720,102346.63,1737353700000,6651
455.31179279,103575.5227,102538.71,104556.47,104650,102493.69,1737354600000,15197
3057.4486409300002,107128.7255,104563.24,107300.9,109590,104528.9,1737355500000,65301
1741.9653740800002,108479.3497,107300.9,108867.7,109290,107015.1,1737356400000,41028
772.50614832,108238.3706,108807.6,108536.1,108980,107560.0,1737357300000,21964
487.68080229000003,108154.8643,108558.19,107806.85,108810,107654.57,1737358200000,17377
389.81691988,107476.3236,107799.64,106888.3,107970,106751.35,1737359100000,15064
352.88071838999997,107458.1429,106954.05,107700.02,107910,106912.14,1737360000000,13520
248.82896335,107857.258,107700.02,107885.08,108200,107497.6,1737360900000,10560
297.53565727,108014.0923,107900.1,108085.19,108200,107671.25,1737361800000,10818
219.10951029,108063.7218,108085.19,108178.16,108290,107741.87,1737362700000,9117
494.01930823999993,108669.6858,108141.3,108612.15,109080,108039.71,1737363600000,15869
339.73822049999995,108339.7356,108612.17,108120.8,108800,107832.1,1737364500000,11841
336.12891824,107774.7346,108123.12,107839.91,108270,107397.92,1737365400000,12009
161.12629574,107904.3264,107839.87,107930.0,108130,107669.6,1737366300000,7789
207.22253270000002,107931.5753,107998.1,107919.3,108220,107760.28,1737367200000,7979
281.79309834000003,108293.2066,107933.51,108358.75,108670,107909.19,1737368100000,9379
216.4050335,108282.0078,108358.76,108308.41,108550,107964.0,1737369000000,8420
217.75645249000002,108067.4431,108316.17,107835.67,108530,107619.15,1737369900000,9085
184.22464424999998,107858.1275,107797.1,107958.13,108120,107631.15,1737370800000,8744
285.66289421999994,108195.949,107956.81,108272.89,108500,107890.77,1737371700000,10000
194.20294387,108201.2966,108272.9,108007.58,108470,107955.62,1737372600000,8392
87.36787858,108070.0202,108005.71,108103.56,108270,107900.0,1737373500000,7255
353.20677542,107680.3377,108100.0,107236.79,108650,106838.4,1737374400000,14578
1296.5402405000002,106344.7155,107236.76,106576.99,107520,105090.0,1737375300000,33439
553.98846931,106526.5954,106540.37,106357.11,106950,105908.41,1737376200000,17741
376.4976299599999,106883.5125,106367.09,106788.69,107350,106342.5,1737377100000,13301
259.41215371000004,106846.9594,106750.1,106842.97,107200,106509.65,1737378000000,13159
254.13474162000003,107042.0002,106842.98,107203.76,107430,106694.1,1737378900000,12320
377.70916364000004,107515.0558,107203.75,107553.98,108050,107075.35,1737379800000,18166
283.73855848000005,107711.5807,107553.98,107800.0,108100,107421.58,1737380700000,14069
247.05619506,107672.4194,107807.09,107533.62,108090,107274.76,1737381600000,15154
294.56229616,107598.1769,107533.62,107343.33,107980,107302.4,1737382500000,15744
317.47052805000004,107439.0691,107343.34,107586.19,107880,107132.96,1737383400000,15952
283.72621417000005,107721.0492,107586.19,107719.3,108080,107370.22,1737384300000,16058
243.46623984,107526.5156,107713.4,107257.26,107960,107243.76,1737385200000,16471
496.91034016,106611.4484,107256.93,106894.01,107490,106102.07,1737386100000,24074
270.42711142,106520.4721,106894.01,106322.21,107010,106201.07,1737387000000,16712
894.0431436099999,105294.0261,106322.21,104854.0,106470,104302.15,1737387900000,30240
857.3312826099999,104736.1864,104823.51,104387.31,105780,103625.53,1737388800000,30622
403.20992285,104822.0609,104390.34,105469.05,105570,104195.83,1737389700000,19954
537.21146732,105971.2721,105482.55,106369.4,107000,105115.04,1737390600000,21865
307.88378744000005,106464.7974,106353.35,106520.33,106830,106052.82,1737391500000,17082
2786.79338534,103953.6507,106520.32,104081.32,106730,101558.8,1737392400000,73825
1031.5168179400002,104633.2385,104102.88,104049.87,105580,103754.94,1737393300000,35000
2289.0736695,102171.4213,104097.4,100700.0,104710,100423.7,1737394200000,48015
1724.2917574399999,102701.444,100673.33,102829.6,104570,100520.0,1737395100000,37942
559.33460745,103295.0014,102856.9,103790.86,104090,102600.01,1737396000000,21404
314.50733844,103559.2048,103795.14,103630.4,104070,103000.0,1737396900000,15213
391.96929701000005,103837.8118,103609.9,103886.7,104260,103397.14,1737397800000,14457
496.05422063000003,104103.0782,103886.68,103900.0,104470,103748.6,1737398700000,16215
354.85179087999995,103404.1375,103826.8,103610.46,103910,102989.92,1737399600000,13940
308.37057492,103317.8711,103618.58,103133.53,103820,102921.64,1737400500000,13529
304.99048389999996,103026.6086,103133.53,103171.04,103480,102635.43,1737401400000,13026
267.24720406,103616.374,103172.17,103579.18,103970,103159.1,1737402300000,11813
310.24840530999995,103606.4662,103579.18,103650.9,103930,103250.11,1737403200000,12676
232.8766702,103762.5438,103650.89,103848.73,104300,103407.44,1737404100000,12218
131.28481914,103947.3213,103838.3,103751.46,104310,103700.0,1737405000000,8952
200.16274638,103787.6291,103742.22,103527.69,104110,103502.51,1737405900000,8804
108.94635072,103723.6326,103523.77,103725.78,103970,103488.57,1737406800000,8769
190.50833261,103707.5416,103729.41,103590.75,104040,103513.06,1737407700000,9060
175.07427287000002,103400.4071,103588.04,103209.9,103830,103112.34,1737408600000,9359
552.05283737,102943.4909,103254.17,102479.85,103340,102447.18,1737409500000,11859
473.9071392700001,102272.4131,102491.42,102451.38,102910,101727.1,1737410400000,13548
226.35567060999998,102760.6451,102459.96,102962.65,103150,102403.6,1737411300000,9952
195.37278739999996,103186.3569,102944.1,103288.5,103530,102788.0,1737412200000,9034
115.19317301999999,103485.4259,103275.79,103472.21,103750,103236.64,1737413100000,7167
283.68718185,103166.9372,103472.22,102615.9,103630,102597.45,1737414000000,10289
206.89913488,102561.8988,102611.6,103117.31,103170,102025.0,1737414900000,10918
111.22283023,103108.1394,103117.5,103188.0,103300,102861.3,1737415800000,9309
341.60689493999996,102267.4953,103188.01,102145.43,103290,101585.03,1737416700000,14422
210.90476341999997,101961.9598,102142.1,102278.48,102480,101570.88,1737417600000,11233
163.7909303,102093.6085,102278.46,101835.28,102451,101608.82,1737418500000,11011
171.16163631,101920.7002,101835.28,102149.99,102310,101500.0,1737419400000,10191
292.90926493,101537.4318,102164.68,101057.33,102590,100929.91,1737420300000,13146
292.04921744,101661.3874,101070.0,102034.15,102150,100917.54,1737421200000,13535
312.87044481,101052.1725,102025.02,100373.62,102050,100200.0,1737422100000,15476
475.87935012,100612.3717,100376.35,101093.2,101400,100051.0,1737423000000,14463
174.86409659000003,101286.0279,101108.77,101369.02,101780,100951.88,1737423900000,11075
194.53869806,101727.9026,101346.89,102252.51,102380,100942.57,1737424800000,13863
243.80064819999996,102118.1329,102243.51,102297.21,102700,101805.0,1737425700000,12939
127.84149456000002,102119.3993,102297.21,101978.88,102490,101822.77,1737426600000,11101
79.92659069,102246.0582,101969.44,102414.96,102590,101657.0,1737427500000,9164
117.19979213,102493.3324,102418.6,102559.9,102920,102151.68,1737428400000,10464
105.38557477,102761.1818,102565.63,102767.18,103210,102309.8,1737429300000,9632
96.05711742999999,102889.8097,102764.98,102931.09,103170,102639.11,1737430200000,9612
84.16599181,102931.1901,102930.97,102803.43,103120,102741.26,1737431100000,8122
93.9988626,102508.0924,102806.2,102530.0,102930,102248.0,1737432000000,9045
82.46532294999999,102613.3194,102540.2,102579.5,102910,102365.0,1737432900000,8201
71.85297549,102128.8131,102585.55,102192.65,102650,101811.35,1737433800000,8759
60.82595250999999,102223.5933,102207.62,102209.05,102450,102018.0,1737434700000,7468
147.263987,102211.2365,102197.6,101867.23,102440,101800.0,1737435600000,8181
74.96907567,101819.3285,101867.22,101800.4,102050,101705.0,1737436500000,6763
93.4264366,101466.5255,101883.79,101541.8,101970,101236.84,1737437400000,8312
86.08462882999999,101381.3395,101541.8,101246.49,101710,101198.3,1737438300000,7946
100.31280710000001,101429.8255,101233.2,101633.56,101830,100962.13,1737439200000,9081
50.33229936,101723.4762,101633.57,101664.89,101910,101542.01,1737440100000,6305
63.54614135999999,101561.5568,101750.0,101366.86,101890,101250.0,1737441000000,7199
123.47495049,101686.2582,101366.87,102100.0,102100,101274.7,1737441900000,7831
127.95756929,102090.0378,102049.5,102247.71,102390,101902.6,1737442800000,9044
85.22038538000001,102272.9886,102254.54,102311.81,102420,102169.33,1737443700000,6734
74.77132393,102142.3627,102315.7,102041.76,102390,101977.05,1737444600000,6524
65.98153653,101909.1069,102043.99,101852.09,102190,101705.81,1737445500000,6569
65.29891145,101968.0095,101864.09,102261.79,102400,101609.81,1737446400000,6396
35.85050375,102153.4463,102261.77,102116.02,102360,102020.59,1737447300000,5730
46.89618926,102099.2397,102112.72,102045.95,102350,101851.97,1737448200000,5878
73.01788389000001,102163.4403,102045.96,102326.74,102420,101876.12,1737449100000,6354
125.58180314,102507.6979,102321.93,102419.67,102800,102183.21,1737450000000,8093
93.66566145000002,102221.2115,102419.67,102220.44,102590,101943.34,1737450900000,6577
64.98969013000001,102306.3857,102227.94,102359.25,102490,102180.1,1737451800000,5886
67.1913176,102551.9568,102359.24,102594.17,102730,102319.47,1737452700000,5605
79.93617178000001,102591.3911,102555.0,102570.47,102800,102447.83,1737453600000,6177
74.53299142,102898.5937,102579.0,103056.19,103220,102556.5,1737454500000,5665
69.08267074999999,102966.5332,103057.49,102862.78,103190,102862.78,1737455400000,5977
93.83319195999998,103111.0926,102881.15,103051.67,103350,102836.95,1737456300000,6262
104.56267199999999,103260.2684,103050.0,103464.07,103670,102972.83,1737457200000,6293
166.03663863,103535.8971,103462.6,103550.0,103800,103391.42,1737458100000,8602
129.56943647,103629.3077,103550.0,103758.61,103970,103334.89,1737459000000,8195
86.66992067999999,103783.7049,103758.62,103651.97,103950,103601.24,1737459900000,7259
89.54041197000001,103718.0395,103651.97,103881.0,103960,103500.01,1737460800000,6748
312.69704631999997,104260.6109,103892.54,104363.63,104760,103847.2,1737461700000,12056
157.35395758,104441.0897,104363.64,104357.74,104690,104234.44,1737462600000,9322
68.44405072,104313.5019,104357.75,104356.1,104560,104196.5,1737463500000,6020
232.56843751,104288.8363,104426.42,104536.94,104680,104055.31,1737464400000,8867
231.02720349,104743.1069,104536.94,104562.46,104990,104372.0,1737465300000,9740
78.01978187,104487.2015,104562.47,104553.46,104750,104356.6,1737466200000,6901
139.03135048000001,104556.5378,104553.46,104370.76,104840,104264.16,1737467100000,6956
82.75490984,104414.8465,104336.5,104439.89,104690,104294.95,1737468000000,6402
310.92158631000007,104879.5498,104439.84,105135.87,105290,104426.8,1737468900000,10866
581.95568473,103817.6548,105151.19,103647.71,105290,103137.01,1737469800000,19560
449.43428088,103590.4419,103647.7,103178.25,104240,102900.0,1737470700000,15729
351.46141687000005,103003.7533,103115.9,102959.87,103460,102688.0,1737471600000,14574
239.19759210000004,103348.0981,102959.87,103634.42,103790,102910.45,1737472500000,11684
405.81543588999995,103624.0441,103634.42,103702.86,104070,103254.26,1737473400000,13606
300.0958011,103697.8122,103703.22,103854.59,104050,103365.79,1737474300000,11248
936.09255471,105084.0216,103813.8,105977.33,106300,103729.79,1737475200000,29317
1156.6398774800002,106021.32,105978.03,105361.65,106580,105135.42,1737476100000,26436
458.38529478,105268.9125,105361.65,105067.0,105850,104775.47,1737477000000,22159
641.88103838,105242.4518,105067.0,104926.33,105730,104756.82,1737477900000,18211
348.36838272,105090.1947,104970.0,105439.09,105520,104838.81,1737478800000,12578
292.09555968,105579.5893,105439.09,105659.75,105793,105331.6,1737479700000,13272
277.65945091000003,105724.4432,105600.0,105828.93,105988,105500.0,1737480600000,13592
788.51184887,106136.3887,105828.22,106195.4,106530,105789.87,1737481500000,21651
396.46903095000005,106057.7292,106195.41,106093.22,106280,105874.0,1737482400000,15439
522.0301745400001,106319.3665,106093.14,106409.11,106542,106023.32,1737483300000,15796
1010.0812611999999,106900.5973,106409.11,106843.77,107360,106270.0,1737484200000,26845
495.44935736,106959.6121,106843.77,106845.6,107137,106710.0,1737485100000,14752
568.0232084,106704.9659,106877.05,106346.9,106941,106310.0,1737486000000,16315
359.40804198,106604.4023,106354.8,106905.84,106989,106260.0,1737486900000,13543
417.70013578000004,106693.1284,106909.3,106665.49,106928,106490.0,1737487800000,12572
425.56897302000004,106984.1738,106665.49,107051.81,107179,106590.0,1737488700000,15911
351.41891866,107010.486,107051.82,106900.04,107227,106785.43,1737489600000,13132
525.50816684,107022.8466,106900.05,107063.0,107194,106660.0,1737490500000,17226
707.4651823899999,106321.2254,107063.01,106085.0,107139,105862.1,1737491400000,17469
540.82253125,106141.6544,106081.84,106137.11,106414,105920.0,1737492300000,15661
335.31401098,106256.1012,106151.32,106000.0,106612,106000.0,1737493200000,11817
267.90228392,106010.2344,106026.79,106250.46,106381,105720.0,1737494100000,12030
170.89209158999998,106444.6424,106180.0,106536.63,106593,106180.0,1737495000000,11230
274.66163457,106596.2677,106536.63,106794.5,106859,106379.1,1737495900000,13279
129.25677089,106612.0746,106770.0,106487.01,106824,106413.93,1737496800000,9214
69.59849304,106508.972,106497.33,106470.69,106692,106360.0,1737497700000,7150
87.74954852,106311.993,106425.0,106197.7,106554,106100.74,1737498600000,8082
63.32887307,106157.8923,106197.78,106032.2,106382,105992.3,1737499500000,6809
375.68110451000007,105821.2894,106023.93,105736.78,106140,105430.0,1737500400000,13650
129.8204805,105859.1789,105717.26,105738.08,106095,105671.55,1737501300000,10179
102.29758771,105926.0901,105743.71,106010.66,106072,105720.0,1737502200000,8191
108.23257979999998,106062.5796,106019.51,106159.26,106300,105798.16,1737503100000,8696
97.84655321999999,106050.9367,106162.8,105978.15,106237,105850.0,1737504000000,8463
125.12462417,106060.2068,105979.35,105990.97,106334,105831.67,1737504900000,9661
61.06956817000001,105935.517,105990.97,105930.02,106085,105828.6,1737505800000,7366
60.54679528,105906.3832,105928.28,105934.3,106065,105797.29,1737506700000,7900
122.25580810999996,106088.4,105949.22,105840.65,106431,105759.91,1737507600000,9471
63.36086017,105791.9851,105835.91,105685.62,105983,105618.18,1737508500000,7118
83.32696926999999,105625.9769,105685.61,105479.62,105803,105448.26,1737509400000,7245
88.85519901,105682.2259,105470.17,105742.3,105916,105470.17,1737510300000,7949
83.58420633,105811.4401,105742.4,105870.62,105932,105651.0,1737511200000,7396
70.94351956999999,105962.0906,105863.23,106022.57,106200,105829.3,1737512100000,7418
79.46746901,106004.9389,106022.57,105862.91,106132,105853.96,1737513000000,6745
60.84654004,105775.9281,105882.4,105593.11,105930,105547.64,1737513900000,6135
83.13870019,105722.19,105579.9,105818.01,105843,105579.8,1737514800000,6424
60.75435003,105846.4085,105818.01,105834.96,105930,105753.12,1737515700000,6527
58.491497210000006,105744.9241,105834.96,105701.89,105850,105697.18,1737516600000,6082
83.63220587,105666.485,105701.89,105617.78,105782,105587.0,1737517500000,6145
54.153930159999994,105701.9166,105594.9,105717.15,105805,105565.0,1737518400000,5939
42.535738720000005,105707.8307,105717.14,105756.53,105813,105632.0,1737519300000,5049
85.23623862,105517.5513,105756.45,105418.34,105833,105130.0,1737520200000,6962
58.24016921999999,105506.5719,105418.33,105570.19,105610,105374.8,1737521100000,5690
47.203765860000004,105656.3608,105570.19,105747.29,105770,105488.69,1737522000000,6339
54.70769522,105731.9621,105740.1,105621.87,105869,105605.07,1737522900000,5587
40.56198534,105563.2694,105621.87,105617.04,105660,105500.0,1737523800000,4160
51.2402772,105668.6707,105597.2,105684.36,105774,105512.89,1737524700000,5045
70.35115769,105802.4535,105678.0,105894.57,105973,105599.2,1737525600000,4961
77.9162031,105673.4859,105890.76,105513.38,105894,105350.08,1737526500000,5660
44.4862901,105434.7872,105519.67,105391.4,105590,105332.85,1737527400000,5462
48.72977228,105301.2916,105387.12,105375.71,105447,105172.09,1737528300000,4960
40.967739879999996,105456.0307,105300.0,105559.69,105560,105300.0,1737529200000,4297
58.986973160000005,105478.1518,105559.69,105462.59,105668,105336.2,1737530100000,4504
82.96933676999998,105216.0237,105465.7,105092.09,105470,105056.96,1737531000000,4986
66.9470486,105134.1198,105092.09,105062.67,105250,105038.53,1737531900000,4388
158.33320124,105001.6749,105111.2,105014.97,105171,104936.14,1737532800000,6916
220.98648099000002,104921.6915,105014.97,104815.01,105069,104736.02,1737533700000,6607
124.40749858999999,104859.8004,104815.01,105064.37,105123,104530.0,1737534600000,5832
98.80677721999999,105233.6202,105071.3,105251.8,105348,105000.0,1737535500000,5598
141.59856199,105009.8967,105243.6,104935.0,105261,104898.76,1737536400000,5172
111.74755099,105014.141,105003.51,105002.57,105151,104931.01,1737537300000,5042
62.004562070000006,105037.2218,105002.56,105100.0,105200,104950.0,1737538200000,3644
63.37566708,105014.572,105100.0,104990.33,105183,104910.0,1737539100000,3543
113.17282538,104806.7763,104946.0,104812.5,105010,104630.0,1737540000000,5895
102.39349972999999,104849.7572,104812.5,104959.8,105011,104710.0,1737540900000,4833
36.97177666,104973.5753,104968.82,105032.28,105088,104770.0,1737541800000,3458
29.365767150000003,105068.5298,105032.28,105122.79,105156,104940.0,1737542700000,3485
33.55367512,105070.1711,105109.5,105031.07,105146,104980.0,1737543600000,3431
76.24181498,104968.5057,105041.19,104740.0,105237,104730.0,1737544500000,4934
55.08321163,104961.7616,104793.99,105074.42,105110,104750.0,1737545400000,4298
462.34159725000006,104713.8177,105074.41,105070.75,105457,103100.0,1737546300000,9052
108.13803076999999,105236.7356,105084.2,105456.34,105462,105030.0,1737547200000,5826
82.32872476000001,105466.4325,105442.4,105348.72,105610,105347.84,1737548100000,5022
75.70300019000001,105333.6126,105348.72,105470.3,105473,105224.35,1737549000000,4324
40.176335439999995,105339.6133,105471.88,105330.0,105471,105261.37,1737549900000,4064
132.39024791999998,105067.4521,105330.0,104936.43,105358,104850.75,1737550800000,6516
86.82921098,104954.6435,104935.72,104881.3,105054,104838.55,1737551700000,5777
203.45916792,104582.2981,104856.6,104602.38,104930,104237.66,1737552600000,10234
232.46024414,104158.9002,104586.24,104046.19,104614,103790.43,1737553500000,10277
177.82326758999997,103896.5539,104055.27,104067.58,104150,103642.89,1737554400000,10671
192.67151373000002,104415.7613,104062.26,104638.0,104687,104012.93,1737555300000,9461
293.21570506999996,104426.4282,104633.06,104182.75,104957,104032.25,1737556200000,13270
404.50160789000006,104040.624,104186.38,104388.76,104716,103629.58,1737557100000,15570
265.42844931999997,104588.0683,104391.1,104968.0,104972,104109.9,1737558000000,12931
270.49713203,104842.5194,104969.48,104384.62,105155,104384.62,1737558900000,13497
204.69440834,104270.7504,104383.24,104291.56,104521,103956.85,1737559800000,11501
114.49613118,104354.9827,104291.55,104182.11,104685,104049.36,1737560700000,9767
225.09637213999997,103867.1769,104182.11,103766.06,104235,103673.1,1737561600000,12964
181.13542218999999,103938.9307,103792.31,103983.2,104107,103700.0,1737562500000,10615
251.29132361,103677.135,103984.81,103428.3,104067,103271.3,1737563400000,13786
221.06748657999998,103685.5268,103430.0,103700.19,104010,103317.77,1737564300000,13346
199.37717033,104027.1349,103700.19,104109.4,104250,103658.74,1737565200000,12415
141.29744999000002,104229.2612,104114.84,104257.16,104390,104023.97,1737566100000,9431
246.43993462000003,104433.2043,104237.6,104426.26,104640,104124.55,1737567000000,13625
228.86308892,104424.7385,104426.26,104336.85,104600,104120.29,1737567900000,11184
155.33482948,104490.1624,104335.9,104516.04,104750,104258.28,1737568800000,11334
144.83195258,104259.7084,104516.04,104296.3,104590,104050.0,1737569700000,10731
138.22235348,104400.0401,104297.83,104358.79,104590,104270.39,1737570600000,9876
229.38759218,104201.5812,104358.76,103879.33,104450,103739.33,1737571500000,13078
159.00218719,104127.9116,103970.0,104265.33,104330,103831.21,1737572400000,10930
147.20298369,104551.3869,104265.34,104460.78,104750,104265.33,1737573300000,9267
136.85256991,104552.6536,104460.78,104445.99,104780,104262.19,1737574200000,10358
167.99636010999998,104588.9028,104445.98,104625.04,104740,104428.76,1737575100000,11109
332.41081281999993,104593.6635,104630.8,104536.61,104870,104350.27,1737576000000,12993
248.31470622999993,104456.9769,104536.61,104429.0,104620,104288.57,1737576900000,10486
311.07579376,104327.7311,104428.97,104178.55,104610,104126.7,1737577800000,10769
397.26458329999997,104265.3544,104178.55,104313.15,104544,104026.5,1737578700000,15172
270.4632118099999,104049.1307,104313.15,103867.98,104393,103750.0,1737579600000,11510
169.27200184,103787.5792,103864.87,103878.56,103950,103602.39,1737580500000,8095
125.02394869000001,104006.0728,103878.55,103989.9,104130,103866.7,1737581400000,6893
123.11354187,104049.0649,103989.9,104060.32,104144,103874.67,1737582300000,7207
109.41606709,104018.4295,104060.32,103982.59,104111,103872.73,1737583200000,6007
90.04313484999999,103871.5681,104009.7,103982.74,104030,103760.0,1737584100000,5614
138.10784590999998,104242.342,103989.1,104279.69,104490,103982.74,1737585000000,7728
84.6622633,104164.0688,104279.71,103850.0,104358,103785.69,1737585900000,6404
100.05952199,103885.1771,103866.16,103907.02,104142,103641.01,1737586800000,9948
52.59163201999999,103886.4904,103920.38,103811.47,104050,103740.3,1737587700000,7097
47.54695931,103824.9375,103811.47,103861.5,103954,103715.8,1737588600000,6072
77.01919586,103740.5643,103861.5,103667.11,103916,103602.14,1737589500000,5734
87.20872671000001,103631.8902,103648.6,103637.64,103779,103511.45,1737590400000,7055
234.63040119000001,103302.4774,103628.8,103320.99,103650,103057.7,1737591300000,9863
72.23758121,103390.2975,103320.8,103181.12,103585,103155.81,1737592200000,7135
179.07435095,103161.3115,103181.11,103244.13,103417,103000.86,1737593100000,9080
85.06165072,103189.5676,103240.44,103158.73,103362,103039.15,1737594000000,7399
133.97809114999998,103280.38,103164.53,103477.49,103523,103067.38,1737594900000,7661
172.29296151,103382.0778,103487.55,103316.96,103600,103220.0,1737595800000,8801
415.40958643000005,102741.9803,103316.96,102886.24,103401,102270.0,1737596700000,14241
311.77074538000005,102488.227,102886.95,102454.87,102938,102180.0,1737597600000,11658
313.80376849999993,102215.3229,102456.94,102309.7,102486,102000.0,1737598500000,12210
159.08789698,102200.3103,102312.81,102377.91,102427,102030.0,1737599400000,9089
109.37474417999998,102531.897,102377.92,102574.45,102706,102322.6,1737600300000,8389
93.77325826,102778.5734,102574.45,102874.35,102939,102530.0,1737601200000,8677
86.91108323000002,102825.1843,102874.35,102897.97,102928,102694.35,1737602100000,6543
65.15001491000001,102875.3616,102897.98,102884.64,102920,102833.36,1737603000000,4836
138.46080141000002,102467.1651,102884.63,102393.5,102884,102116.68,1737603900000,8011
142.29462259000002,102240.1582,102376.7,102191.46,102440,102000.0,1737604800000,7467
324.73485676,101921.4295,102191.45,101738.4,102191,101670.0,1737605700000,10983
166.24310641,101707.3888,101738.4,101766.2,101942,101470.0,1737606600000,10493
100.73677362,101922.8157,101763.49,101988.16,102070,101690.0,1737607500000,8083
55.60670844999999,102051.8228,101940.0,102135.15,102161,101904.75,1737608400000,6218
65.21026651999999,102049.7101,102135.14,101948.12,102200,101890.0,1737609300000,5926
73.87865857,102198.3865,101948.13,102419.25,102496,101920.0,1737610200000,6633
60.101946430000005,102444.4015,102423.6,102380.0,102586,102327.76,1737611100000,5802
55.136936180000006,102671.9649,102481.12,102835.39,102907,102380.0,1737612000000,6380
28.511097619999997,102762.72,102835.39,102812.16,102869,102630.0,1737612900000,4304
80.88262828999999,102621.7009,102812.16,102557.93,102814,102550.0,1737613800000,4866
88.18620320000001,102370.2477,102595.6,102211.35,102595,102140.0,1737614700000,5531
62.63159077,102172.1197,102226.3,102329.53,102361,101990.0,1737615600000,5338
45.646442210000004,102334.9024,102329.54,102281.16,102471,102180.81,1737616500000,3879
36.83847232,102355.0462,102281.17,102384.38,102508,102094.42,1737617400000,4302
48.45980136,102610.5761,102387.39,102656.27,102737,102358.0,1737618300000,4130
59.08856548999999,102495.1374,102664.4,102416.7,102664,102312.69,1737619200000,4286
62.03818683999999,102409.6057,102416.71,102326.51,102639,102215.2,1737620100000,3832
66.71927477,102295.2833,102319.0,102411.32,102420,102191.03,1737621000000,4324
63.429552789999995,102175.096,102411.32,102175.01,102465,102000.01,1737621900000,4203
87.75734713,102280.001,102190.1,102377.11,102424,102130.42,1737622800000,4457
35.96784936,102271.1334,102380.47,102257.3,102390,102166.25,1737623700000,2907
114.16350847999998,101988.6486,102237.7,101848.96,102257,101843.97,1737624600000,5745
94.92551149,101710.7636,101850.82,101604.61,101942,101588.01,1737625500000,5571
75.86268539999999,101678.7029,101612.0,101849.13,101851,101538.98,1737626400000,5726
50.67646507,101893.9599,101797.1,101902.0,102024,101760.1,1737627300000,4529
215.66726545,101529.8343,101894.97,101254.38,101990,101200.01,1737628200000,8389
69.6319707,101442.2541,101254.38,101653.2,101664,101247.02,1737629100000,5378
48.16208808,101801.2816,101636.8,101920.0,101970,101630.0,1737630000000,4853
70.37543462999999,102013.1198,101920.0,101985.88,102140,101885.1,1737630900000,5280
76.47907161,102024.4159,101985.64,101912.0,102166,101805.17,1737631800000,4274
40.670740159999994,101887.9437,101912.0,101916.25,101981,101809.99,1737632700000,4006
69.45985234,101928.7154,101933.5,101728.74,102096,101717.08,1737633600000,5290
95.48981801000001,101511.8387,101728.87,101650.0,101770,101354.64,1737634500000,6350
53.375857849999996,101667.1429,101673.91,101560.84,101904,101435.4,1737635400000,5613
86.19711333000002,101549.4886,101553.22,101590.99,101714,101411.37,1737636300000,5742
60.47732792,101617.5955,101590.99,101670.83,101751,101464.29,1737637200000,6052
70.81852572,101451.5041,101670.83,101481.41,101700,101257.16,1737638100000,6165
133.31259236,101924.5945,101480.14,102122.97,102175,101465.53,1737639000000,9293
212.81366748,102378.4394,102122.99,102480.07,102662,102085.53,1737639900000,12244
54.04334951,102321.6312,102454.7,102269.08,102510,102178.55,1737640800000,6318
92.16700891999997,102175.0825,102269.08,102394.56,102408,101952.68,1737641700000,7284
1260.6855343700001,104216.7353,102391.02,104948.82,105170,102302.2,1737642600000,43215
1186.15734887,105348.9242,104948.8,105200.0,106086,104710.35,1737643500000,31407
1781.2487841899997,103958.6585,105210.0,103470.0,105931,102655.0,1737644400000,45315
1350.22625227,103739.5837,103514.82,104180.13,104498,102859.69,1737645300000,40862
799.3390745300001,104734.456,104218.62,105000.0,105081,104171.5,1737646200000,23124
761.9187736700002,105083.0533,105048.99,105220.0,105449,104656.3,1737647100000,22722
1091.8910087799998,105948.2829,105301.53,106529.12,106614,105067.21,1737648000000,34532
931.79876061,105991.7854,106529.05,106013.23,107000,105310.0,1737648900000,28995
441.01244286,105933.8283,106022.73,106098.95,106241,105570.65,1737649800000,16696
707.3611528900001,105665.5821,106098.94,105147.5,106473,105065.1,1737650700000,21261
571.75650263,104707.1622,105159.99,104764.1,105181,104239.22,1737651600000,19935
343.73508602,105053.6995,104764.44,105303.4,105420,104670.0,1737652500000,16309
317.25943337,105510.8066,105255.5,105627.07,105726,105251.67,1737653400000,14821
380.33696438000004,105982.5667,105627.08,105957.45,106300,105410.0,1737654300000,15750
206.57968375999997,105773.484,105913.4,105266.69,106221,105200.0,1737655200000,12178
169.76965245999997,105647.3315,105259.0,105780.0,105973,105239.29,1737656100000,11712
263.68978733,105600.9538,105812.68,105223.38,105987,105144.94,1737657000000,14359
345.79892479999995,105486.7173,105230.14,105486.32,105683,105230.14,1737657900000,15052
383.99771141999986,105165.5191,105500.1,105005.96,105567,104854.4,1737658800000,14325
418.65336123000003,104868.5217,105005.96,104938.13,105257,104320.0,1737659700000,17218
259.83552805,104767.5647,104937.2,104804.19,104967,104530.87,1737660600000,11089
629.21608597,103974.3789,104804.19,103807.02,104813,103428.32,1737661500000,16096
1451.31393643,104456.8454,103820.6,104887.99,105996,103100.01,1737662400000,34168
2521.8439999300003,105418.689,104875.54,105818.39,106513,103722.69,1737663300000,58481
1218.1099429399999,105176.6769,105818.38,104904.4,105901,104571.07,1737664200000,32105
1909.2266577700004,103709.0185,104904.41,103331.39,105073,102600.0,1737665100000,40241
595.4846256899999,103026.9269,103322.84,102957.55,103483,102688.57,1737666000000,18175
554.3544286499999,102808.5424,102963.95,102760.3,103358,102260.0,1737666900000,19687
359.8607993,102885.6338,102771.04,103047.69,103333,102346.1,1737667800000,14259
240.99522492999998,102984.2,103043.65,103114.25,103326,102564.44,1737668700000,10841
249.00503657999997,103383.6297,103123.91,103711.19,103797,103021.0,1737669600000,10214
333.93511551999995,103876.1034,103711.2,104164.6,104199,103329.4,1737670500000,15619
250.17491703000002,104310.6934,104178.17,104043.02,104736,103863.38,1737671400000,12335
189.08368592000002,104017.3183,104037.31,104024.94,104284,103760.0,1737672300000,7678
362.50907197,104170.9273,104024.94,104196.17,104411,103804.4,1737673200000,12238
164.61861825000003,104439.4501,104196.17,104359.35,104593,104170.0,1737674100000,8931
105.09243435,104284.3106,104359.35,104178.08,104427,104143.1,1737675000000,7201
83.05493302,104070.3237,104225.4,103926.36,104225,103900.0,1737675900000,7420
207.43520305000004,103928.057,103920.2,103831.66,104182,103788.0,1737676800000,8961
148.50242273000003,103703.3373,103831.66,103652.98,103963,103516.0,1737677700000,8043
53.24434774,103640.2027,103652.98,103627.38,103781,103527.8,1737678600000,6563
78.64693243,103599.0964,103627.35,103444.55,103790,103401.71,1737679500000,7386
89.72959705999999,103546.0757,103493.2,103605.84,103690,103400.02,1737680400000,9053
83.31296894,103679.8121,103605.84,103631.41,103894,103490.77,1737681300000,7962
52.55158135999999,103479.8009,103631.4,103366.05,103671,103321.6,1737682200000,6768
111.01505929,103162.0407,103370.49,103222.43,103381,103000.0,1737683100000,7791
69.79089163999998,103170.5291,103205.0,103243.68,103320,103000.01,1737684000000,6494
97.68719139999999,103368.7283,103233.75,103370.27,103540,103206.1,1737684900000,7094
53.50099353,103391.3187,103369.77,103295.42,103530,103257.28,1737685800000,5872
88.50239448,103095.3633,103291.77,103017.07,103330,102952.11,1737686700000,7246
65.26381671,103225.6511,103019.5,103213.97,103468,103019.5,1737687600000,7112
138.81178234,103213.1408,103208.92,103461.45,103805,102700.0,1737688500000,9412
203.71296686999997,103988.3456,103463.08,104101.71,104295,103413.34,1737689400000,11038
90.26447424,104008.3731,104101.72,103895.59,104220,103826.68,1737690300000,7567
93.59944700999999,103906.3644,103898.2,103998.02,104122,103790.63,1737691200000,7000
44.096263070000006,103981.594,103998.02,103985.17,104107,103847.79,1737692100000,5738
68.49823355000001,104214.1803,103983.61,104412.16,104520,103894.7,1737693000000,6815
233.82139429,104576.0109,104410.42,104617.35,104900,104374.6,1737693900000,9537
127.90285985000001,104860.8475,104612.5,104856.48,105049,104534.09,1737694800000,9183
148.52223795999998,104827.3976,104847.27,104873.42,105020,104663.1,1737695700000,7535
76.82433220000001,104896.8005,104873.42,104911.68,105000,104799.9,1737696600000,5736
101.12659346000001,105062.1064,104912.24,105213.47,105263,104806.47,1737697500000,6627
150.13295115000005,105035.0187,105191.0,104910.4,105355,104866.57,1737698400000,7507
113.63815066,104881.7417,104908.88,104905.73,105030,104680.0,1737699300000,5763
67.71037373,104768.0777,104939.7,104851.94,104954,104610.2,1737700200000,4987
64.86010012,104932.5406,104851.93,104966.4,105008,104808.9,1737701100000,4905
134.31603908,105025.728,104992.81,104816.34,105195,104756.72,1737702000000,7135
56.5400449,104773.4617,104816.34,104734.84,104864,104628.6,1737702900000,4098
193.52933136,104778.433,104734.84,104836.86,104881,104650.0,1737703800000,7016
269.01848521,105022.1519,104836.85,105079.32,105142,104770.0,1737704700000,8610
90.49383775999999,105071.6234,105079.32,105237.28,105249,104914.3,1737705600000,4644
111.53363149,105344.08,105237.27,105551.17,105583,105160.4,1737706500000,5868
105.33777375000001,105462.7939,105551.16,105400.1,105649,105342.92,1737707400000,6335
102.71003706999998,105493.9049,105366.37,105516.17,105635,105263.42,1737708300000,5698
92.33297939,105482.398,105516.17,105501.08,105550,105392.8,1737709200000,5375
124.5161951,105667.9171,105501.1,105630.06,105779,105480.4,1737710100000,6311
118.50947750000002,105402.319,105630.05,105309.25,105651,105209.95,1737711000000,6226
100.81349389,105149.9549,105304.49,105149.81,105316,105060.9,1737711900000,5207
51.42360314999999,105170.5809,105150.6,105236.51,105333,105047.67,1737712800000,4647
42.96657427,105200.4485,105236.51,105279.22,105321,105064.0,1737713700000,4248
115.71108749000003,105321.4376,105279.22,105378.68,105448,105080.0,1737714600000,5830
89.53651144000003,105294.3772,105375.5,105441.44,105441,105110.67,1737715500000,5000
41.46995783999999,105429.1371,105400.0,105398.89,105500,105345.01,1737716400000,3375
30.80381019,105456.0789,105400.32,105384.74,105552,105350.0,1737717300000,3850
41.62789179999999,105285.8452,105384.75,105233.5,105440,105226.49,1737718200000,3898
63.89615454,105392.8758,105233.6,105434.23,105492,105233.5,1737719100000,4476
103.26645874000002,105351.2028,105443.31,105284.22,105619,105130.0,1737720000000,6320
57.24009799000001,105355.4548,105284.22,105337.56,105461,105190.0,1737720900000,5200
52.47718811000001,105394.4209,105337.56,105414.57,105505,105293.3,1737721800000,4810
46.673128580000004,105468.7484,105414.56,105546.93,105552,105330.0,1737722700000,4746
96.15717810999999,105490.9138,105460.0,105261.18,105800,105170.0,1737723600000,7076
100.02595650999999,105176.0518,105261.18,105296.06,105394,104970.95,1737724500000,6383
59.67578897,105126.463,105296.07,105065.02,105296,104980.0,1737725400000,5541
93.95938816,105149.8735,105070.47,105124.0,105306,105000.0,1737726300000,6157
100.52745893999997,105049.3993,105119.9,105000.0,105250,104720.0,1737727200000,6875
119.04649821000001,105202.184,105025.99,105281.79,105359,104990.0,1737728100000,7638
530.60299914,105526.7021,105281.8,106226.6,106250,104666.01,1737729000000,18265
427.11446212999994,105910.3119,106242.84,105772.32,106500,105541.3,1737729900000,15007
254.02946623000003,105731.5692,105778.88,105583.5,105983,105320.0,1737730800000,11971
268.54326934,105771.8571,105583.49,105696.25,106048,105266.06,1737731700000,12664
201.71152449000002,105776.707,105699.65,105674.32,106012,105434.74,1737732600000,11116
183.46792121000004,105889.821,105674.3,105889.96,105999,105590.0,1737733500000,9416
259.82477945,105990.6632,105888.1,105987.1,106156,105720.0,1737734400000,12564
289.76034591999996,106057.641,105987.09,106037.49,106179,105854.97,1737735300000,11516
232.11359423,106073.1993,106036.35,106050.73,106225,105867.6,1737736200000,8095
221.5281624,106027.2296,106045.06,105635.0,106185,105600.0,1737737100000,9639
221.86256318000005,105844.1044,105687.37,106013.16,106078,105635.1,1737738000000,10152
371.10604347000003,106296.7834,106013.15,106547.68,106567,105960.0,1737738900000,11188
380.9899935899999,106373.3944,106547.68,106376.09,106576,106254.9,1737739800000,14390
466.42863362,106599.3593,106376.1,106528.73,106770,106286.0,1737740700000,12263
674.72911865,106860.698,106530.34,106723.07,107085,106420.0,1737741600000,17391
368.81655843000004,106992.7547,106725.92,106993.2,107200,106600.0,1737742500000,12723
218.65138336,106894.7389,106928.1,106708.49,107044,106610.0,1737743400000,10432
270.99895839,106396.6137,106708.49,106371.56,106719,106090.0,1737744300000,10962
332.37163664,106195.2138,106371.55,106144.17,106681,105860.0,1737745200000,12048
190.62095129000002,106363.8974,106144.18,106433.73,106525,106060.0,1737746100000,10285
170.35439921999998,106223.2888,106433.72,105940.64,106503,105870.0,1737747000000,9822
195.42239915000002,105814.926,105940.69,105793.67,105963,105700.0,1737747900000,7812
246.73835104,105697.4616,105793.67,105696.81,105800,105612.81,1737748800000,9302
345.56049188,105406.4286,105696.81,105239.16,105696,105120.0,1737749700000,11731
482.4619399299999,105056.3507,105235.59,105095.6,105325,104760.0,1737750600000,15670
512.1617648700001,105080.5296,105054.31,104870.05,105462,104672.7,1737751500000,15439
266.71948017,105030.9004,104872.0,105102.61,105280,104809.0,1737752400000,12016
109.95041265999998,105217.3079,105102.61,105309.8,105405,105025.3,1737753300000,7950
133.91400889,105244.992,105311.65,105157.63,105404,105008.7,1737754200000,9241
104.56542466,105162.9024,105157.62,105143.92,105306,105020.0,1737755100000,8286
80.43603277999999,105233.4098,105131.25,105223.53,105490,105020.0,1737756000000,7087
72.69841574,105146.2801,105223.53,104976.0,105319,104947.5,1737756900000,6293
37.15705341,105119.5478,104991.0,105213.3,105239,104970.0,1737757800000,6360
44.63000271000001,105011.6116,105232.85,104772.97,105239,104710.67,1737758700000,6497
147.42884645,104646.5829,104772.97,104580.45,104946,104390.0,1737759600000,9533
69.45592041,104561.9615,104580.46,104593.19,104689,104450.0,1737760500000,6376
58.76657539,104683.7854,104593.18,104731.64,104785,104500.0,1737761400000,5896
62.39401577,104776.37,104731.58,104850.27,104883,104675.34,1737762300000,5528
70.03106469,104661.8591,104840.4,104527.16,104867,104507.48,1737763200000,5637
87.32079538,104655.7244,104526.86,104610.47,104798,104505.21,1737764100000,6355
75.74925295,104581.9853,104610.48,104574.44,104749,104454.56,1737765000000,6258
51.608681329999996,104465.1919,104574.44,104408.77,104631,104349.38,1737765900000,5377
45.08028647,104506.8642,104407.6,104534.83,104624,104358.51,1737766800000,5341
57.12023499,104624.7242,104530.02,104699.97,104718,104490.0,1737767700000,5403
54.983799139999995,104736.9749,104699.97,104750.84,104786,104648.39,1737768600000,5084
39.122203109999994,104713.4178,104750.84,104717.38,104788,104650.0,1737769500000,4893
28.07017113,104613.7813,104717.37,104671.01,104717,104526.93,1737770400000,4608
63.14001932000001,104700.6515,104673.1,104670.53,104846,104576.88,1737771300000,5286
47.620171240000005,104644.9975,104670.49,104600.2,104706,104544.12,1737772200000,4197
52.77726675,104530.8276,104566.89,104523.98,104633,104434.72,1737773100000,4417
56.83783546,104522.7965,104487.9,104496.34,104587,104436.83,1737774000000,4142
50.375665760000004,104572.1336,104496.34,104686.91,104746,104426.4,1737774900000,4481
62.704477020000006,104831.9138,104686.91,104836.95,104958,104660.0,1737775800000,4379
96.56445543999999,105036.8472,104836.95,105165.9,105245,104805.39,1737776700000,5520
31.507942589999995,105070.1826,105171.2,104969.31,105171,104946.82,1737777600000,3723
23.478844759999998,104906.9252,104982.0,104871.99,104982,104810.0,1737778500000,3700
34.395280480000004,104769.9704,104871.99,104795.86,104871,104742.73,1737779400000,3484
33.18365248,104712.7071,104795.85,104623.54,104850,104586.74,1737780300000,3374
62.56971096,104505.0002,104657.5,104451.29,104659,104345.48,1737781200000,4223
73.22340155999999,104521.4711,104451.28,104595.35,104619,104345.47,1737782100000,3731
37.40236397,104560.7999,104595.36,104531.19,104636,104467.93,1737783000000,2977
85.54971179,104365.0975,104531.19,104339.0,104532,104170.0,1737783900000,3790
65.29313010999999,104364.8857,104334.5,104405.23,104440,104256.38,1737784800000,3146
68.05397229999998,104280.7478,104405.22,104333.78,104421,104166.0,1737785700000,3735
113.19846793999999,104288.1975,104333.78,104341.13,104357,104190.0,1737786600000,3863
49.87885631,104275.8836,104341.44,104292.1,104341,104180.0,1737787500000,2750
23.21437845,104353.6722,104300.0,104443.31,104464,104240.0,1737788400000,2723
37.246621260000005,104455.9062,104435.71,104437.27,104508,104330.0,1737789300000,2411
15.602540120000002,104431.2018,104452.1,104320.0,104488,104320.0,1737790200000,2602
31.168660049999996,104378.8797,104368.11,104363.0,104450,104310.0,1737791100000,2717
24.33491385,104353.6143,104363.0,104421.91,104440,104260.0,1737792000000,2850
20.596064629999997,104392.6036,104421.9,104326.03,104484,104250.0,1737792900000,2302
32.17690812,104242.4053,104326.04,104281.5,104330,104123.25,1737793800000,2940
25.762599540000004,104287.3056,104281.51,104271.1,104347,104180.0,1737794700000,2264
17.67281698,104320.4936,104271.2,104273.19,104393,104220.0,1737795600000,2668
10.13940042,104339.2064,104274.56,104292.09,104418,104230.0,1737796500000,2026
27.670862540000005,104360.4382,104334.1,104407.68,104448,104260.0,1737797400000,2601
34.686203299999995,104356.485,104407.68,104356.36,104440,104290.0,1737798300000,2245
77.75852981000001,104261.8462,104348.2,104300.57,104455,104100.0,1737799200000,4255
25.507276230000002,104289.8968,104300.58,104260.41,104381,104199.92,1737800100000,2616
21.07185881,104374.1616,104260.41,104425.51,104441,104230.0,1737801000000,2625
54.84467965,104519.4662,104425.51,104526.1,104651,104380.0,1737801900000,3406
46.70849662,104558.5505,104523.2,104488.8,104615,104478.31,1737802800000,2878
21.876996499999997,104440.9431,104488.79,104432.3,104522,104367.82,1737803700000,3135
36.79756876,104447.2487,104432.3,104518.01,104537,104375.0,1737804600000,2271
62.86406404,104637.8253,104513.9,104676.4,104687,104500.0,1737805500000,2966
24.415255530000003,104577.4129,104676.4,104567.0,104679,104505.58,1737806400000,3212
25.331395710000002,104506.971,104575.97,104449.97,104637,104445.13,1737807300000,2489
39.370530249999995,104555.7965,104449.96,104633.13,104689,104449.96,1737808200000,3068
33.502560960000004,104718.2251,104633.14,104750.0,104789,104600.0,1737809100000,3056
35.44392876999999,104792.1173,104741.91,104809.12,104862,104670.49,1737810000000,3730
43.894597649999994,104764.9465,104809.12,104718.29,104850,104688.86,1737810900000,3880
51.23096176999999,104748.8554,104718.29,104738.09,104780,104681.55,1737811800000,3141
37.218659020000004,104693.4361,104738.1,104696.81,104776,104609.37,1737812700000,3498
21.86372248,104609.9293,104676.6,104557.75,104708,104528.55,1737813600000,3843
24.63513278,104585.0331,104557.75,104592.0,104638,104530.0,1737814500000,3823
19.134312610000002,104546.6002,104592.0,104534.73,104641,104448.59,1737815400000,3649
18.239099819999996,104540.2426,104534.77,104578.1,104614,104474.5,1737816300000,3627
79.12066362,104807.5267,104578.11,104926.6,104966,104564.45,1737817200000,5388
51.194783560000005,104929.4645,104926.6,104923.68,105100,104779.24,1737818100000,5142
47.47003969999999,104965.6259,104923.69,104816.86,105073,104779.37,1737819000000,4720
30.58758374,104845.5476,104814.09,104903.89,104934,104738.7,1737819900000,4139
61.6570188,104961.6027,104903.89,104926.41,105044,104819.99,1737820800000,4673
35.49622786,104865.8778,104926.42,104785.77,104973,104716.4,1737821700000,3941
69.76069338,104721.6585,104785.78,104625.77,104825,104592.42,1737822600000,5253
36.176535570000006,104664.4029,104625.78,104658.47,104756,104572.12,1737823500000,4207
21.414940129999998,104607.9863,104658.48,104600.0,104690,104542.74,1737824400000,4181
63.87606366,104630.2895,104600.0,104760.24,104837,104449.1,1737825300000,5332
25.341602469999998,104662.4618,104760.25,104605.01,104804,104556.44,1737826200000,4168
47.85529225,104765.195,104605.01,104884.49,104923,104552.29,1737827100000,4185
118.4172085,104759.3256,104896.68,104717.1,105090,104557.3,1737828000000,5954
62.07340912,104933.3386,104860.33,105021.33,105093,104717.0,1737828900000,5230
78.97938811000002,105133.1167,105005.8,104958.82,105294,104951.0,1737829800000,5057
33.0570795,104981.9876,104958.83,104970.19,105060,104907.05,1737830700000,4071
78.02454802999999,105096.6664,104954.3,105069.1,105189,104954.2,1737831600000,4707
39.72554271999999,105104.8117,105076.59,104989.87,105181,104967.7,1737832500000,4249
24.248343799999997,104986.1174,104992.7,104984.16,105046,104949.04,1737833400000,4017
24.6751588,104937.779,104984.73,105036.46,105063,104890.83,1737834300000,3679
19.05911488,105085.1065,105031.18,105101.2,105166,104988.0,1737835200000,3780
16.19403339,105106.6259,105101.1,105064.88,105182,105003.73,1737836100000,3577
26.801709480000007,105043.5232,105069.33,105019.89,105145,104943.23,1737837000000,4094
19.576289799999998,105004.4795,105019.89,104947.57,105089,104923.11,1737837900000,3958
33.99785569,104921.6956,105017.1,104900.06,105017,104834.36,1737838800000,4266
20.75915679,104940.1535,104901.07,104967.41,104996,104863.15,1737839700000,4266
29.914361320000005,104928.7545,104967.41,104942.05,104987,104867.4,1737840600000,4217
47.60137028,105002.0215,104940.74,105092.4,105132,104877.71,1737841500000,4895
53.17746748,105167.313,105092.39,105047.88,105250,105035.91,1737842400000,5800
27.60829562,105063.1017,105047.89,105013.64,105110,105003.9,1737843300000,4525
43.16382443,105054.6819,105019.1,105042.9,105167,104972.2,1737844200000,5063
36.23501812000001,105061.0967,105042.9,105060.25,105127,104998.89,1737845100000,4847
44.98692551,104982.6065,105060.25,104958.89,105124,104835.03,1737846000000,5575
19.669208980000004,104952.479,104958.88,104960.19,104984,104920.0,1737846900000,4170
22.14914219,104889.6622,104960.2,104874.99,104960,104844.43,1737847800000,4274
51.46214605,104780.6333,104875.0,104733.56,104890,104660.0,1737848700000,5033
30.860707240000004,104762.9434,104705.3,104725.08,104835,104673.03,1737849600000,4789
22.82630634,104712.335,104725.08,104650.0,104792,104631.89,1737850500000,4438
26.160654150000003,104634.5915,104650.0,104633.04,104709,104585.75,1737851400000,4485
32.614390799999995,104659.6918,104633.05,104583.0,104726,104511.27,1737852300000,4908
41.89478429,104549.688,104600.1,104536.0,104648,104500.0,1737853200000,5138
20.48830553,104635.0673,104592.89,104690.13,104694,104536.0,1737854100000,4229
21.19059705,104679.7703,104690.13,104611.18,104765,104597.61,1737855000000,4482
16.477038840000002,104600.2034,104611.18,104597.4,104665,104530.12,1737855900000,4304
18.37471801,104544.1836,104597.9,104582.6,104604,104500.01,1737856800000,4260
19.861991869999997,104632.0836,104585.95,104679.89,104679,104555.0,1737857700000,4175
23.074827619999997,104627.2578,104679.89,104618.04,104709,104549.37,1737858600000,4381
19.21215454,104584.1759,104618.05,104665.59,104665,104525.59,1737859500000,4237
32.052212080000004,104730.7354,104665.6,104756.19,104790,104620.6,1737860400000,4584
21.73671276,104760.8806,104756.18,104765.11,104827,104710.0,1737861300000,3653
46.76184466,104916.8496,104758.75,105061.26,105077,104736.96,1737862200000,5313
48.310449479999996,105119.9062,105061.27,105046.11,105225,104968.17,1737863100000,5352
16.250133939999998,105058.1993,105019.1,105078.28,105121,104939.43,1737864000000,4146
56.167495679999995,105248.728,105078.27,105340.01,105478,105028.6,1737864900000,5165
26.04036827,105232.5855,105340.01,105168.27,105374,105126.15,1737865800000,4682
32.055689820000005,105139.2467,105168.27,105142.67,105216,105076.72,1737866700000,4327
22.81998619,105095.6106,105120.0,105104.99,105193,105055.4,1737867600000,4194
56.09221934,105042.8534,105105.0,105020.06,105172,105000.6,1737868500000,3873
15.921682000000002,104999.2641,105015.86,105059.92,105070,104963.09,1737869400000,3797
14.195027759999997,105119.5359,105056.88,105058.23,105178,105011.8,1737870300000,4041
9.64828358,105055.4073,105067.1,105058.21,105098,104986.27,1737871200000,3662
13.22441286,105034.7986,105058.22,105035.0,105084,104995.0,1737872100000,3357
17.065785960000003,104991.0177,105035.0,104950.6,105050,104921.7,1737873000000,3739
7.638226350000002,104976.6073,104950.59,104970.06,105019,104933.2,1737873900000,3723
14.179075789999999,104961.7889,104960.8,104939.39,105002,104924.45,1737874800000,3607
16.09767122,104977.0856,104939.4,104982.18,105080,104910.48,1737875700000,3026
11.681009590000002,104953.8225,104982.17,104986.9,105030,104914.0,1737876600000,2804
19.88547207,104983.3365,104963.0,104974.62,105012,104955.0,1737877500000,3180
32.57581132999999,105029.2902,104971.7,105070.04,105203,104863.98,1737878400000,3842
10.17535835,105028.7836,105070.05,104963.16,105126,104953.18,1737879300000,2427
8.849060070000002,104933.1867,104963.15,104968.06,104983,104839.99,1737880200000,2910
10.17700256,105023.1422,104968.07,105015.86,105115,104913.69,1737881100000,2639
5.524817159999999,104953.7945,105007.6,104932.8,105040,104894.03,1737882000000,2962
11.88700505,104885.8276,104936.36,104841.67,104990,104777.77,1737882900000,2906
187.52051987999997,104592.8635,104830.6,104611.5,104841,104412.41,1737883800000,5913
46.670821960000005,104620.0539,104611.47,104615.41,104677,104520.28,1737884700000,3105
15.31066623,104659.9211,104588.0,104683.1,104692,104587.9,1737885600000,3094
14.79598439,104587.8522,104683.1,104620.25,104683,104500.0,1737886500000,2444
25.60786089,104590.5516,104620.25,104495.18,104696,104483.31,1737887400000,2982
19.697464810000003,104545.9926,104495.18,104699.65,104718,104479.02,1737888300000,3229
23.7013933,104736.1672,104700.2,104795.14,104811,104667.73,1737889200000,2911
15.853263760000003,104763.831,104795.14,104695.0,104847,104664.89,1737890100000,2398
11.4783724,104734.3553,104695.0,104737.51,104785,104657.27,1737891000000,2630
13.777867120000002,104757.646,104754.6,104801.9,104837,104655.0,1737891900000,2773
9.17359747,104769.0466,104801.9,104713.24,104810,104706.07,1737892800000,2293
13.89553286,104740.4877,104713.24,104763.75,104769,104693.15,1737893700000,2636
13.00675107,104723.0236,104763.76,104717.15,104768,104703.27,1737894600000,2854
21.342144899999997,104780.5659,104717.15,104889.38,104889,104704.9,1737895500000,3462
41.10545940000001,104935.7102,104889.39,104993.49,105050,104849.86,1737896400000,3852
22.987381189999997,104936.176,104993.5,104921.9,105027,104818.55,1737897300000,3488
24.64931756,104944.6163,104921.9,104927.04,105056,104857.75,1737898200000,4168
19.02531515,104885.6553,104927.04,104950.46,104956,104820.59,1737899100000,3899
13.953461230000002,104852.2516,104943.0,104829.7,104955,104778.5,1737900000000,4374
17.63378084,104852.2749,104819.48,104833.66,104896,104777.98,1737900900000,4537
21.927511490000004,104894.3592,104833.66,104941.38,104955,104827.11,1737901800000,4740
27.18046074,104950.6556,104939.9,104916.96,105000,104888.1,1737902700000,4835
36.42576445,104965.4421,104927.1,104972.31,105036,104852.11,1737903600000,5841
82.68720048999998,105004.0644,104969.24,104969.71,105040,104941.89,1737904500000,4916
75.94153019000001,104986.4627,104976.39,104967.45,105040,104930.85,1737905400000,5576
25.5890184,104985.6435,104965.92,104956.14,105020,104945.45,1737906300000,5057
22.36168232,104938.2826,104994.2,104886.46,105009,104886.46,1737907200000,5533
29.880603790000002,104914.9703,104889.46,104955.19,104966,104840.0,1737908100000,4982
43.41973453000001,104986.1621,104955.18,105011.65,105028,104930.0,1737909000000,5429
19.79057396,104956.26,105011.65,104933.93,105028,104909.66,1737909900000,5049
29.07704599,104926.0596,104933.92,104990.19,104991,104885.0,1737910800000,5243
20.14759703,104973.3871,104990.19,104935.78,105016,104920.63,1737911700000,4511
24.13150168,104972.2781,104920.9,104960.68,105030,104915.99,1737912600000,5125
17.175538270000004,104992.5575,104968.47,104932.22,105030,104922.61,1737913500000,4933
147.82833848000004,105031.1878,104924.6,105068.54,105149,104886.1,1737914400000,6159
72.53663985999998,105159.8593,105050.0,105178.15,105245,105049.9,1737915300000,5915
31.149980489999997,105172.3086,105180.34,105130.82,105240,105115.51,1737916200000,4572
26.74688568,105120.6381,105130.83,105170.09,105200,105062.25,1737917100000,5534
33.08411057,105136.7554,105143.1,105082.32,105234,105060.89,1737918000000,5073
25.694895429999995,105076.3252,105082.33,105054.59,105120,105020.1,1737918900000,4808
18.3470263,105084.494,105056.5,105069.74,105145,105002.34,1737919800000,5534
28.815862750000004,105069.7704,105069.73,105070.81,105110,105036.44,1737920700000,5728
31.845602470000003,105001.3383,105070.81,104992.39,105100,104943.78,1737921600000,4680
26.494144309999996,105099.8048,104992.4,105152.79,105190,104992.39,1737922500000,4891
29.240028,105081.6933,105152.79,105029.68,105180,105009.08,1737923400000,5489
53.63436532,104978.6803,105029.67,104931.81,105082,104874.1,1737924300000,5231
65.56624149,104773.7684,104899.2,104725.5,104950,104689.4,1737925200000,6422
58.543802819999996,104894.2124,104721.08,104886.3,104974,104708.0,1737926100000,5871
45.222305829999996,104813.5207,104825.3,104787.41,104904,104759.9,1737927000000,5241
124.23329686999999,104659.1755,104787.41,104541.9,104820,104537.65,1737927900000,6949
154.90104408,104502.3441,104541.9,104400.0,104676,104270.0,1737928800000,8614
40.44952566999999,104431.07,104400.0,104516.0,104547,104343.41,1737929700000,5786
47.84711573,104627.2685,104516.1,104693.09,104715,104500.0,1737930600000,5896
52.36822162,104429.0674,104694.5,104319.07,104710,104300.0,1737931500000,6249
1144.5172624299998,103709.0652,104319.06,103440.0,104350,103250.0,1737932400000,23009
945.80917179,102968.2973,103440.0,103103.65,103440,102646.74,1737933300000,24328
345.40776959,102842.2076,103093.15,102914.37,103140,102696.82,1737934200000,13109
381.58117294,102742.5549,102914.37,102563.0,103160,102452.24,1737935100000,14055
296.93281383,102759.5912,102565.28,102944.61,103300,102261.01,1737936000000,13976
147.64226825,102827.4327,102944.81,102770.5,103040,102700.98,1737936900000,9729
161.31576055,102622.3956,102812.39,102457.33,102900,102437.0,1737937800000,10478
687.5901805599999,101941.6491,102457.32,101677.81,102540,101510.0,1737938700000,20760
756.13135483,101530.7022,101760.0,101379.93,102090,101100.0,1737939600000,22793
377.27461473999995,101567.227,101364.66,101676.2,101960,101158.17,1737940500000,13838
214.48109085000002,101672.2305,101604.5,101675.52,101980,101431.09,1737941400000,11025
334.66305802999995,101496.8698,101662.36,101221.82,101790,101221.82,1737942300000,12078
604.6181795,101103.9566,101370.0,101490.79,101620,100766.68,1737943200000,18346
157.03502258000003,101402.3935,101497.5,101278.2,101710,101118.6,1737944100000,9647
179.64083295999998,101136.6589,101278.14,101150.01,101380,100985.01,1737945000000,10386
180.74124358999998,100934.3763,101148.5,100930.27,101250,100800.01,1737945900000,10045
215.93216296,101026.1071,100930.27,101369.3,101490,100650.0,1737946800000,10985
184.63893740999993,101579.6156,101380.33,101775.62,101920,101300.36,1737947700000,9628
103.53455722,101508.9134,101770.29,101550.0,101850,101306.95,1737948600000,7174
63.34914529,101379.2443,101464.37,101364.7,101600,101265.33,1737949500000,5787
97.42400877,101109.1132,101355.0,100995.48,101480,100892.01,1737950400000,7418
237.15083636,100861.7258,100995.49,100875.42,101220,100540.0,1737951300000,10124
307.27322886999997,100602.4875,100843.8,100552.31,101050,100422.09,1737952200000,11278
165.84396192,100374.4331,100552.31,100362.72,100650,100230.0,1737953100000,9313
114.89922498,100477.7087,100500.0,100524.29,100750,100300.01,1737954000000,8071
116.51453977,100476.8995,100524.29,100530.0,100790,100255.0,1737954900000,7630
388.58753411000004,100201.7711,100530.0,100245.98,100600,100000.0,1737955800000,11923
585.5238776699999,99958.1096,100242.1,100308.72,100470,99694.7,1737956700000,17677
153.52435361999997,100333.4401,100315.45,100212.51,100530,100111.06,1737957600000,8154
321.3217305999999,99877.6305,100265.1,99930.44,100360,99700.19,1737958500000,11725
576.1980707600001,99328.0474,99928.96,99049.49,100050,98903.5,1737959400000,19472
376.05036121,98961.3231,99060.4,98909.71,99437,98678.0,1737960300000,15402
207.30468711000003,98985.365,99022.0,98910.61,99262,98769.0,1737961200000,10184
717.2945220199999,98303.7532,98905.8,97753.31,99063,97688.7,1737962100000,23682
415.40677236,98469.0852,97755.91,99101.33,99236,97723.1,1737963000000,19028
209.98209386,99116.7318,99099.53,98998.13,99424,98829.56,1737963900000,10229
234.19291877,98917.4334,99001.71,99120.94,99178,98642.1,1737964800000,11607
187.6293867,99149.4486,99120.95,99106.17,99373,98834.91,1737965700000,9256
135.55483154,98855.8255,99109.3,98780.0,99138,98652.02,1737966600000,8816
111.23969602,98887.4927,98779.99,98994.19,99067,98708.51,1737967500000,8019
182.84113433000002,99229.4833,98994.19,99267.22,99488,98890.8,1737968400000,9652
192.32699778999995,99095.3414,99267.21,98768.48,99535,98751.01,1737969300000,9113
187.94421075,99093.4718,98768.47,99115.38,99331,98742.86,1737970200000,8232
130.45865622,99232.2266,99115.38,99380.38,99413,99042.64,1737971100000,6984
229.69036861000006,99254.986,99413.0,99168.0,99451,99084.39,1737972000000,8442
196.30497856999997,99090.83,99111.85,99071.02,99325,98913.38,1737972900000,8152
295.927803,98797.139,99071.02,98739.04,99170,98564.9,1737973800000,10792
451.52972959,98507.8283,98739.04,98335.66,99049,98194.37,1737974700000,14421
265.38486029,98620.685,98310.0,98662.95,98903,98265.19,1737975600000,10898
292.64436574,98950.9291,98662.94,99009.73,99145,98530.02,1737976500000,12447
155.47968899,99023.7817,99001.14,98907.73,99373,98838.97,1737977400000,9104
118.6938126,98905.7255,98900.3,98719.82,99042,98695.18,1737978300000,8688
154.02274577000003,98982.3664,98751.0,98995.17,99263,98656.12,1737979200000,10318
135.71218147,99023.252,98995.17,99057.59,99164,98865.04,1737980100000,9739
216.63058200999998,99352.5061,99057.03,99637.8,99784,98966.91,1737981000000,12372
497.38081960000005,100196.3621,99728.43,100552.3,100900,99591.38,1737981900000,20133
368.2144405700001,100970.2377,100670.0,101598.18,101670,100278.79,1737982800000,18338
328.30876778,101127.9813,101598.18,100876.94,101700,100593.09,1737983700000,17702
232.70451696000003,101001.7664,100876.93,100847.23,101230,100667.39,1737984600000,13485
361.9872129699999,100447.5092,100907.1,100499.14,101000,100000.0,1737985500000,16709
210.87211954999998,100419.9133,100499.13,100138.9,100640,100100.0,1737986400000,13091
289.24939793999994,100631.3233,100143.16,100783.74,100890,100143.16,1737987300000,12718
771.3578084900001,101031.3174,100780.54,101224.84,101490,100396.08,1737988200000,24797
837.23445161,101878.3287,101224.06,101911.14,102458,101128.78,1737989100000,23354
497.45313834,101845.1711,101916.62,101558.98,102200,101520.6,1737990000000,18321
445.86442166999996,101358.8623,101558.98,101626.1,102010,100865.01,1737990900000,16525
362.94934106999995,101607.9545,101676.72,101333.29,101890,101280.18,1737991800000,15564
204.08212407999997,101339.3128,101323.81,101109.94,101600,101090.08,1737992700000,11817
423.2544484,101003.4405,101111.8,101040.68,101300,100820.16,1737993600000,16224
297.50690217,100824.0583,101039.01,100815.62,101260,100522.72,1737994500000,14052
673.8332973099999,100060.421,100810.52,99945.33,100880,99523.53,1737995400000,23894
412.89468196999985,99842.1555,99945.9,99697.7,100330,99531.08,1737996300000,17779
359.81473010999997,99659.6077,99650.7,99553.46,100120,99255.29,1737997200000,18902
347.27310638000006,99341.6139,99553.47,99531.97,99740,99010.6,1737998100000,16741
253.70635313,99697.7536,99521.6,99539.32,100040,99338.74,1737999000000,15214
301.38352693999997,99375.631,99539.32,99079.2,99858,99073.98,1737999900000,15466
314.32168686000006,99301.537,99100.2,99584.0,99651,99000.0,1738000800000,15111
152.4992953,99437.6027,99454.47,99123.0,99845,99100.0,1738001700000,13257
228.38125158,99220.0917,99122.99,99111.31,99627,99022.42,1738002600000,12677
377.3060932799999,99108.3068,99116.22,99138.35,99500,98809.98,1738003500000,16769
263.89418796,99349.4269,99148.37,99151.78,99781,99112.0,1738004400000,14127
185.52066966,99460.5164,99153.27,99641.53,99916,99119.2,1738005300000,12504
205.73464678000002,99723.3615,99641.54,99693.59,100080,99524.01,1738006200000,12777
338.97115494999997,99490.8033,99692.62,99620.5,99848,99336.02,1738007100000,12738
442.24772454,99767.2887,99620.5,99697.54,100010,99553.74,1738008000000,14937
358.91971348000004,100014.2228,99697.54,100307.44,100480,99594.5,1738008900000,14494
344.14193761,100669.713,100317.18,101000.0,101000,100287.5,1738009800000,14871
1045.02095103,101404.5082,101000.0,101352.86,101870,100892.0,1738010700000,25067
610.08659553,101844.7458,101393.7,102450.0,102540,101296.42,1738011600000,20562
354.67848152,102025.9194,102284.29,101599.8,102510,101482.64,1738012500000,16099
197.52894941,101319.3671,101641.41,101089.2,101840,100895.13,1738013400000,11488
212.99949259,101278.0047,101089.19,101327.5,101640,101075.05,1738014300000,11140
135.09718036,101547.9984,101327.49,101483.1,101830,101327.46,1738015200000,9995
146.7271901,101439.4437,101517.27,101452.44,101730,101236.36,1738016100000,9813
130.65533014,101535.1936,101486.4,101695.9,101840,101397.75,1738017000000,9545
116.39182262,101813.1114,101695.62,101623.64,102070,101583.2,1738017900000,8027
136.56394077,101955.3649,101623.65,101995.65,102250,101600.7,1738018800000,9034
220.21916239,101908.9029,101995.65,101735.0,102250,101679.68,1738019700000,9566
86.04643944,101851.4685,101728.82,101757.96,102170,101712.8,1738020600000,7398
72.81251007,101983.7087,101757.96,102062.42,102320,101750.66,1738021500000,6523
332.22784265,102602.0032,102133.3,102452.36,103070,102048.48,1738022400000,13059
78.98610160000001,102338.4632,102452.37,102185.4,102690,102147.66,1738023300000,7077
134.67442662,102176.9753,102185.41,102287.42,102500,102000.01,1738024200000,7781
115.63074058999999,101973.793,102298.15,101839.85,102490,101751.85,1738025100000,7196
62.04055377999999,101791.4547,101839.69,101836.23,102040,101601.42,1738026000000,6073
68.39705842000001,101727.97,101839.55,101474.32,102150,101438.27,1738026900000,6736
56.196150540000005,101602.7394,101466.48,101560.86,101880,101450.0,1738027800000,6629
109.60005767,101634.0787,101560.85,101363.82,101980,101362.84,1738028700000,8165
71.74402176000001,101454.8082,101366.35,101516.48,101740,101310.49,1738029600000,7495
104.52265197000003,101871.2237,101516.49,101974.34,102250,101479.37,1738030500000,8389
85.81912039000001,102103.2404,101974.22,102273.98,102460,101838.3,1738031400000,7845
59.132353820000006,102294.4624,102273.97,102381.31,102550,102153.95,1738032300000,7307
74.98762072000001,102223.5038,102333.9,102342.84,102570,102029.2,1738033200000,7046
57.06023158999999,102340.6623,102342.84,102335.88,102610,102215.79,1738034100000,6624
54.370597059999994,102451.9094,102264.3,102600.0,102710,102264.2,1738035000000,6298
87.72402714,102726.5117,102700.0,102760.0,102980,102504.3,1738035900000,7308
73.0138519,102773.1762,102760.0,102812.6,102970,102582.78,1738036800000,7082
94.86100055,102863.312,102808.08,103018.79,103120,102656.75,1738037700000,6829
135.51354221999998,103188.1257,103018.79,103114.1,103480,102991.5,1738038600000,9331
67.20514067000002,103037.683,103114.1,102906.51,103250,102900.0,1738039500000,6207
66.78593719999999,103049.2647,102907.2,102984.11,103260,102905.1,1738040400000,5766
81.35175656,102925.1449,102984.11,102999.9,103170,102814.46,1738041300000,5144
83.40791678000001,103191.4761,103046.04,103225.3,103380,102983.74,1738042200000,5880
58.899256310000005,103204.6443,103225.3,102966.9,103450,102908.44,1738043100000,5616
46.288497910000004,103083.7658,103016.3,102956.49,103280,102904.99,1738044000000,5541
29.91895062,102866.8143,102959.46,102844.35,103080,102788.11,1738044900000,4085
67.31985058000001,102765.3702,102844.35,102648.6,103010,102608.38,1738045800000,4502
30.850085869999997,102768.4584,102655.23,102737.84,102940,102640.62,1738046700000,4185
110.52701927000001,102757.8731,102729.8,103038.53,103140,102508.23,1738047600000,5265
148.24602353,103201.9995,103038.53,103265.73,103430,103000.0,1738048500000,6237
65.40080674999999,103059.0243,103268.87,102855.46,103400,102840.36,1738049400000,5168
59.81978761,102721.7356,102855.46,102802.32,103010,102606.61,1738050300000,4551
95.23210696,102753.8091,102763.4,102843.92,102970,102606.16,1738051200000,5748
44.369404880000005,102930.5756,102837.96,102838.49,103090,102776.3,1738052100000,4294
27.077772140000004,102757.8746,102840.41,102853.81,102940,102639.68,1738053000000,3926
20.75944817,102783.9349,102844.99,102845.64,102940,102704.83,1738053900000,3788
61.97530341000001,102844.3971,102844.26,102821.24,103010,102732.08,1738054800000,4618
65.15850845,102492.7487,102821.92,102450.56,102930,102325.5,1738055700000,4801
45.261150449999995,102626.0998,102395.7,102650.1,102870,102395.7,1738056600000,4500
70.57328649,102813.8357,102616.55,102941.05,103020,102524.71,1738057500000,4577
35.527663510000004,102920.2361,102887.3,102975.58,103080,102796.36,1738058400000,3654
40.95917011,103065.2898,102975.46,103080.0,103270,102887.2,1738059300000,4338
58.55122379999999,102848.0982,103080.0,102734.1,103080,102685.58,1738060200000,3924
20.992124389999997,102682.2823,102734.1,102730.44,102850,102573.02,1738061100000,3861
28.59504356,102813.1326,102715.5,102862.2,102990,102685.17,1738062000000,4149
46.04966043,102735.2007,102866.3,102677.39,103010,102621.0,1738062900000,3825
41.93691945,102650.3945,102677.38,102688.47,102810,102539.83,1738063800000,4295
22.076372639999995,102759.5863,102672.7,102754.41,102960,102672.7,1738064700000,4106
67.57645187,102860.8801,102743.4,102858.6,103060,102704.98,1738065600000,5097
50.60719709999999,102714.3761,102858.59,102665.9,103000,102613.36,1738066500000,5733
52.42214154999999,102603.0378,102669.81,102654.94,102810,102444.79,1738067400000,6122
37.20047864,102580.8576,102643.13,102598.65,102760,102485.2,1738068300000,5096
45.25234767,102730.4205,102597.69,102888.72,102940,102553.27,1738069200000,4624
41.585358559999996,102886.4914,102888.73,103000.0,103000,102758.26,1738070100000,5412
66.21581434000001,102645.886,103000.0,102571.83,103000,102474.16,1738071000000,6780
56.89980922,102588.0418,102558.46,102580.6,102770,102493.21,1738071900000,5343
251.71317862999996,102133.4042,102556.9,101945.47,102670,101793.98,1738072800000,10072
172.57131603,102309.0801,101952.4,102567.77,102690,101917.54,1738073700000,8593
386.08350885999994,102532.371,102567.78,102159.15,102950,102033.78,1738074600000,14632
371.49533347000005,102462.0542,102149.4,102638.13,102850,102030.91,1738075500000,13138
445.8671916799999,102982.4992,102683.7,102946.4,103390,102612.48,1738076400000,17879
288.91049369999996,102971.6501,102928.37,103217.09,103350,102734.38,1738077300000,10783
467.20318621999996,103428.2276,103217.09,102963.69,103850,102888.86,1738078200000,16463
178.07590431999998,102824.3672,102954.19,102775.74,103130,102490.38,1738079100000,9741
218.36616542999997,102541.2546,102746.7,102263.9,102920,102234.93,1738080000000,10960
293.360777,102177.5611,102267.5,102032.88,102455,101910.0,1738080900000,12193
132.36392561000002,102257.7086,102032.88,102371.36,102440,101967.0,1738081800000,9098
131.98927043,102295.9122,102369.05,102249.33,102600,101958.3,1738082700000,9705
267.87684435999995,102775.8931,102226.8,103028.42,103120,102205.45,1738083600000,11934
101.99868679999999,102876.6924,103028.43,102843.93,103110,102712.0,1738084500000,8379
118.24581524999999,102564.2049,102821.3,102432.27,102960,102326.4,1738085400000,8550
107.34306191000002,102569.0384,102432.28,102568.04,102800,102323.81,1738086300000,7972
215.37062136000003,102697.8385,102558.9,103022.9,103110,102366.24,1738087200000,10595
175.76192529999997,102919.1964,103022.91,102846.55,103140,102747.9,1738088100000,10095
125.50720811999999,102716.2782,102846.55,102514.72,102970,102442.36,1738089000000,9380
170.68358853,102304.5405,102640.0,102280.0,102640,102125.0,1738089900000,9450
202.47324099000002,101964.265,102176.94,102053.69,102310,101788.0,1738090800000,9738
177.31443736999998,102125.9602,102053.69,102202.56,102470,101952.31,1738091700000,8854
100.9767003,102224.0835,102203.88,102378.49,102450,102012.58,1738092600000,7987
143.24406593,102524.8168,102378.49,102402.97,102750,102302.9,1738093500000,7456
98.13841683000001,102380.882,102399.8,102364.16,102590,102265.38,1738094400000,6997
128.98541688,102037.3654,102364.16,101936.56,102460,101911.99,1738095300000,7981
146.16064815000001,101972.8219,101936.56,101926.2,102210,101850.3,1738096200000,8684
337.64002059999996,101442.4219,101859.5,101207.91,102040,101151.31,1738097100000,13582
183.24756126000003,101221.1057,101207.92,101241.41,101550,101052.55,1738098000000,9948
102.12352708999997,101351.8152,101241.4,101422.53,101590,101156.8,1738098900000,7622
346.82449045,100969.1355,101422.53,100733.83,101560,100583.0,1738099800000,12266
207.90979269000002,100482.8582,100733.83,100284.63,100990,100201.2,1738100700000,13430
192.10408626999998,100428.2496,100278.78,100833.61,100960,100200.0,1738101600000,12465
203.81678479999997,100806.4956,100842.1,100685.31,101200,100478.9,1738102500000,10380
82.66465936,100810.5854,100642.5,100994.79,101160,100489.8,1738103400000,7068
101.71483759,101120.3525,100994.79,101203.7,101440,100853.41,1738104300000,8147
114.87480344,101238.4941,101203.7,101176.15,101480,100922.5,1738105200000,8597
151.79153968,100966.7149,101168.41,100910.4,101350,100803.8,1738106100000,7462
65.04331169,100906.3967,100917.78,101112.73,101240,100696.02,1738107000000,7726
73.43367764999999,101265.0065,101112.72,101299.8,101500,101072.9,1738107900000,6567
141.30414229000002,101371.3196,101299.9,101480.04,101650,101275.6,1738108800000,6574
94.79912461,101497.9598,101480.03,101437.23,101730,101356.0,1738109700000,6224
111.74174198,101587.3422,101437.22,101726.74,101790,101341.98,1738110600000,6058
47.92400503,101677.5485,101790.0,101650.38,101870,101573.9,1738111500000,5785
50.62053491,101827.8204,101644.28,101703.18,102030,101629.0,1738112400000,5623
77.72832562,101640.4858,101703.17,101618.8,101910,101551.41,1738113300000,5385
49.70537415,101541.8684,101615.95,101662.06,101770,101404.52,1738114200000,5684
43.16500502,101756.6692,101662.05,101801.44,101940,101621.3,1738115100000,4911
185.81811102999998,102028.8352,101757.9,101999.25,102340,101757.9,1738116000000,7404
87.92093152,101769.1066,101999.25,101809.6,102110,101656.5,1738116900000,5094
25.19738827999999,101848.8941,101800.64,101760.95,102000,101684.2,1738117800000,4481
24.084049460000003,101686.1593,101760.96,101747.12,101840,101630.9,1738118700000,4532
79.05810756999999,101980.5614,101675.0,101844.85,102110,101674.9,1738119600000,5117
75.9482837,101785.1612,101844.84,101970.01,102030,101697.1,1738120500000,4593
39.759353270000005,102021.1695,101966.31,101940.7,102140,101840.7,1738121400000,4937
65.63661266,102011.4188,101983.59,102008.1,102170,101874.2,1738122300000,4819
35.14920398,102015.1358,102008.0,101967.0,102170,101917.9,1738123200000,4393
57.712191090000005,102069.2548,102053.81,102108.77,102200,101967.1,1738124100000,5098
38.934032220000006,102095.3068,102108.78,101989.96,102220,101946.86,1738125000000,4219
25.05976609,101999.6173,101989.95,101961.93,102110,101949.06,1738125900000,3465
112.98778136000001,102213.9917,101965.2,102185.51,102430,101937.89,1738126800000,5052
32.0486641,102173.1326,102185.41,102148.51,102310,102082.8,1738127700000,3586
29.097221570000002,102183.8079,102148.5,102170.1,102350,102082.8,1738128600000,2444
24.300395880000004,102179.5778,102170.66,102229.42,102310,102088.11,1738129500000,4053
63.60164304999999,102298.1683,102234.1,102386.96,102470,102202.6,1738130400000,4894
53.35032288,102454.6176,102386.96,102493.79,102640,102319.78,1738131300000,4594
103.37884810999999,102655.8221,102488.38,102612.92,102850,102456.0,1738132200000,5714
31.301504360000003,102671.7286,102612.92,102788.15,102850,102504.9,1738133100000,3917
41.250686959999996,102588.7815,102699.8,102515.39,102860,102425.53,1738134000000,3770
25.36414373,102510.7309,102515.38,102505.21,102660,102441.1,1738134900000,2851
60.928703330000005,102508.6149,102505.22,102559.85,102640,102427.4,1738135800000,3729
79.55506406,102627.6807,102559.84,102696.02,102770,102476.4,1738136700000,4706
127.37050264000001,102864.1772,102655.0,102740.9,103020,102654.9,1738137600000,7282
39.43003599,102770.5642,102739.88,102858.0,102940,102642.01,1738138500000,3631
74.45474336,102789.9328,102858.0,102758.9,103000,102701.96,1738139400000,5062
33.272729350000006,102732.2678,102770.39,102694.78,102900,102654.0,1738140300000,3325
113.05170457,102589.9014,102661.9,102598.97,102790,102479.8,1738141200000,4724
48.46402261,102464.3951,102598.97,102309.03,102680,102288.31,1738142100000,3860
33.49578557,102393.9413,102344.7,102504.34,102560,102309.04,1738143000000,3312
18.811368800000004,102373.243,102504.33,102285.66,102570,102247.2,1738143900000,2633
56.39195832,102270.5444,102300.1,102352.0,102510,102118.27,1738144800000,3691
49.239132440000006,102501.3791,102352.01,102503.13,102700,102324.64,1738145700000,3554
57.17343175,102565.4798,102503.13,102464.45,102720,102464.45,1738146600000,3124
52.772526049999996,102489.86,102464.45,102494.51,102590,102425.65,1738147500000,3228
80.7600943,102423.0166,102467.3,102447.11,102580,102354.3,1738148400000,3438
26.71228799,102492.395,102447.11,102600.0,102600,102415.5,1738149300000,3179
97.68725814999999,102622.9064,102568.09,102672.7,102765,102498.98,1738150200000,4295
43.40492851,102573.1417,102670.8,102544.3,102740,102475.77,1738151100000,3718
92.87340485,102624.6613,102553.7,102718.28,102730,102500.01,1738152000000,4790
55.10454907,102616.2293,102718.28,102378.25,102786,102338.44,1738152900000,4451
65.04266476000001,102315.0277,102378.85,102305.07,102480,102168.0,1738153800000,4658
89.42440105,102274.4717,102306.79,102197.32,102430,102165.53,1738154700000,4884
172.24014649000006,102022.5587,102250.0,102106.0,102330,101804.6,1738155600000,7221
109.89307353000001,101881.4204,102143.39,101856.6,102143,101772.2,1738156500000,6527
98.33447214000002,101878.8495,101829.8,101952.41,102120,101732.66,1738157400000,6806
95.52182524,101798.1725,101953.61,101820.0,102030,101673.84,1738158300000,6505
103.54814121,101847.6739,101803.24,101980.0,102008,101711.74,1738159200000,6027
81.36404363000001,102054.1239,102007.23,102150.0,102166,101891.24,1738160100000,5894
169.13125513,102064.7522,102128.97,102086.69,102360,101687.96,1738161000000,8988
183.39262132,101857.0475,102086.69,102001.59,102109,101531.49,1738161900000,8349
223.21426444999997,102209.9713,102001.59,102242.81,102490,101917.7,1738162800000,9467
103.81803238,102099.2134,102242.81,101942.42,102317,101818.11,1738163700000,8124
81.69946137,101925.9461,101949.55,101809.36,102076,101792.33,1738164600000,7340
79.67958709,101939.3703,101813.25,101957.26,102092,101750.0,1738165500000,7024
68.90848265,101868.3091,101950.3,101845.48,102094,101727.0,1738166400000,6456
98.47108247999999,101818.628,101849.17,101844.96,101999,101641.28,1738167300000,7216
81.18900599000003,101949.303,101844.96,101990.2,102080,101783.55,1738168200000,5912
83.43527936000001,102043.7991,102016.0,102071.51,102144,101902.1,1738169100000,6188
100.11549394000001,102173.2675,102071.51,102265.03,102304,101968.01,1738170000000,7221
102.75839728,102333.1977,102263.78,102391.66,102423,102199.9,1738170900000,7043
251.33038271,102589.7295,102362.2,102587.2,102796,102362.2,1738171800000,9873
121.50203480999998,102520.6193,102587.19,102407.83,102661,102343.6,1738172700000,7264
221.49649618999996,102261.8806,102366.0,102297.96,102495,101975.0,1738173600000,10103
120.46044328000002,102338.8371,102297.3,102572.91,102589,102132.6,1738174500000,7630
274.5066987,102760.1915,102572.91,102757.71,102849,102500.0,1738175400000,9753
306.42396417,102913.9579,102757.71,102846.97,103020,102730.0,1738176300000,10459
578.4383410400001,102170.9272,102846.81,102036.75,102902,101618.22,1738177200000,19009
289.26276944,101596.2438,102040.17,101520.0,102042,101375.82,1738178100000,12049
1194.8420683400002,103110.9394,101518.39,103420.0,104190,101417.7,1738179000000,26232
589.38242246,103629.0388,103420.0,103592.05,103924,103147.7,1738179900000,17653
574.37225209,103327.4087,103565.3,103444.88,103772,102850.72,1738180800000,18482
814.4321844500001,104012.9118,103440.09,104382.84,104700,103011.0,1738181700000,20481
710.0313988500001,104335.4034,104390.2,104294.36,104829,103873.3,1738182600000,19431
508.53290169,104310.8436,104294.36,104220.34,104524,103987.6,1738183500000,15455
458.33446371,104055.1403,104220.34,104228.7,104422,103734.9,1738184400000,15963
270.31704784000004,104156.1926,104220.91,104123.53,104420,103941.6,1738185300000,11140
109.93537567999998,104132.6729,104119.66,103903.9,104410,103883.69,1738186200000,8134
190.89136944999998,103888.7673,103900.0,103748.77,104106,103729.78,1738187100000,8128
229.17222184,103604.3639,103748.76,103537.73,103850,103415.0,1738188000000,9130
119.61763015000002,103488.2239,103537.75,103666.1,103780,103314.37,1738188900000,6157
58.69455954,103790.9307,103683.9,103493.46,104070,103456.0,1738189800000,6138
42.67639605,103549.9103,103491.38,103492.12,103710,103427.7,1738190700000,5521
156.71816112999997,103855.2229,103492.09,104127.6,104180,103431.0,1738191600000,8255
129.25681662000002,104186.6406,104127.62,104207.49,104410,103955.95,1738192500000,7700
94.79877838000002,103997.3106,104207.5,103829.4,104270,103801.98,1738193400000,5293
73.32519331,103762.1859,103835.68,103747.25,103960,103629.8,1738194300000,5173
120.05693321999999,103667.9478,103708.1,103585.28,103860,103528.95,1738195200000,6499
80.26424878000002,103564.2742,103586.95,103546.54,103750,103480.0,1738196100000,5800
141.83035156,103559.9785,103546.54,103632.04,103820,103252.5,1738197000000,6737
116.13068786,103934.3849,103635.19,104037.37,104180,103612.74,1738197900000,5901
97.17771488000001,104058.9595,104037.34,104181.88,104210,103922.22,1738198800000,6067
231.20519406,104292.7045,104181.88,104372.39,104570,104078.4,1738199700000,7733
122.72472483000001,104391.9327,104372.38,104335.71,104600,104121.88,1738200600000,7323
55.81559848,104269.2599,104326.83,104275.06,104430,104173.27,1738201500000,5480
80.59757523,104131.0572,104275.06,104123.6,104320,103989.21,1738202400000,6098
48.23886955,104168.2013,104127.06,104366.61,104390,104042.37,1738203300000,5087
128.14778546000002,104460.9791,104366.63,104396.94,104640,104269.5,1738204200000,6414
88.5790915,104481.5145,104400.99,104555.0,104690,104312.98,1738205100000,6093
109.78904421,104645.0857,104555.0,104709.79,104800,104493.5,1738206000000,6310
90.36303885999999,104644.1458,104721.37,104686.69,104790,104546.9,1738206900000,5153
305.09288075,104860.4264,104690.52,104930.0,105000,104665.5,1738207800000,7993
497.79030157,105090.0814,104930.0,105209.75,105330,104875.9,1738208700000,10621
306.78202326,105038.7446,105290.0,104966.82,105430,104876.0,1738209600000,6698
87.81563502999998,105056.3515,104966.82,105066.6,105220,104886.54,1738210500000,5717
135.07906925,105047.9669,105066.59,105205.84,105230,104847.18,1738211400000,6059
315.02338823,105389.6973,105119.7,105496.33,105640,105108.92,1738212300000,8927
266.64543738000003,105452.3096,105478.8,105407.62,105590,105234.8,1738213200000,6882
102.10546385999999,105379.2556,105407.62,105330.59,105530,105246.6,1738214100000,4900
65.00223938999999,105283.0656,105330.59,105218.31,105420,105123.7,1738215000000,4114
100.16780950999998,105156.7194,105150.0,105393.67,105410,105036.6,1738215900000,5587
170.31924258,105497.6349,105284.6,105514.79,105630,105284.5,1738216800000,7080
53.32443859999999,105314.9298,105514.79,105214.74,105590,105195.5,1738217700000,4226
41.086640560000006,105217.8825,105214.75,105199.92,105360,105153.2,1738218600000,3631
46.91050231,105202.4264,105199.92,105195.06,105290,105160.0,1738219500000,4053
166.53054299999997,105064.4295,105181.5,104916.31,105390,104835.9,1738220400000,5716
103.04657879000001,104994.8279,104916.32,105024.15,105099,104858.3,1738221300000,4645
93.74966274999998,104910.8126,105019.05,104939.85,105040,104809.0,1738222200000,4479
66.48515201000001,105012.5339,104939.85,105180.0,105200,104849.8,1738223100000,4279
160.51860779999998,105254.0013,105180.0,105043.3,105365,105003.86,1738224000000,5917
67.58887855000002,105106.1995,105020.08,105186.1,105270,104937.7,1738224900000,4172
58.48942669,105104.4086,105186.1,105127.08,105240,104993.0,1738225800000,3786
43.308004479999994,105208.6387,105127.09,105059.13,105299,105048.6,1738226700000,4120
39.05477916,105094.4819,105048.7,105187.83,105260,105007.0,1738227600000,3954
28.45823063,105215.4916,105187.84,105293.12,105330,105162.83,1738228500000,3695
104.29242912,105479.2731,105225.3,105445.28,105780,105225.3,1738229400000,4940
87.79658309000001,105456.2854,105445.27,105376.0,105600,105365.3,1738230300000,4748
105.84903217,105200.6103,105400.47,105207.7,105510,105086.1,1738231200000,5488
60.73889327,105201.5903,105161.6,105248.94,105350,105115.95,1738232100000,4052
29.569744709999995,105248.9587,105248.94,105214.11,105380,105169.76,1738233000000,3513
41.85003395,105311.1692,105214.1,105336.88,105390,105182.73,1738233900000,3794
66.58505662999998,105177.6896,105315.4,105099.0,105390,105049.41,1738234800000,4034
28.43586562,105138.159,105128.93,105128.79,105280,105064.53,1738235700000,4135
37.56522174,105245.5185,105128.79,105255.04,105390,105095.96,1738236600000,4251
78.88201177,105314.6049,105282.5,105292.18,105450,105185.75,1738237500000,4456
44.56179865,105153.7508,105338.6,105113.17,105390,105080.8,1738238400000,4402
49.56835755999999,105054.69,105113.18,105035.2,105210,104988.31,1738239300000,4264
64.32385431,104967.0357,105035.2,104879.9,105160,104850.6,1738240200000,5408
53.37655526,105018.555,104879.9,105012.04,105160,104846.94,1738241100000,4581
50.190149809999994,105000.0625,105012.04,105035.1,105170,104902.23,1738242000000,4997
153.28125943999999,105244.8438,105072.39,105185.1,105450,105035.1,1738242900000,8075
143.20901933000002,105138.8663,105265.31,105026.87,105430,104883.9,1738243800000,7996
143.09355091,104888.6916,105008.4,104840.67,105140,104718.16,1738244700000,6358
136.16725424999998,104826.1509,104817.9,104820.56,105070,104632.59,1738245600000,7580
225.80678576999995,104818.5035,104820.91,104900.0,105030,104696.21,1738246500000,7927
273.31925821999994,105039.7179,104897.17,105150.13,105260,104739.8,1738247400000,11872
1116.1862890700002,105823.5149,105145.41,105931.57,106320,105099.9,1738248300000,25062
850.3165960299999,106114.221,105926.6,106246.33,106520,105764.27,1738249200000,21539
458.98635136999997,105912.4539,106250.32,105507.99,106300,105386.59,1738250100000,13646
304.93755164,105826.6316,105498.6,105847.82,106050,105436.65,1738251000000,12813
377.13644632,105865.2412,105847.83,105584.17,106270,105509.53,1738251900000,12909
163.50205553,105733.4083,105587.84,105650.8,105940,105479.52,1738252800000,9992
256.51772554999997,105862.3451,105672.8,105963.17,106090,105560.0,1738253700000,10768
150.16594267,105859.4073,105963.17,105815.61,106080,105705.16,1738254600000,8425
115.91284159,105759.2168,105815.61,105720.4,105910,105633.88,1738255500000,8242
243.69899819,105460.0253,105720.4,105353.19,105820,105270.22,1738256400000,9969
158.44613006,105296.6102,105353.19,105138.59,105500,105116.72,1738257300000,8486
250.79717672999996,105068.8387,105183.3,105036.99,105270,104918.5,1738258200000,10231
217.04154935000003,105177.746,105036.93,105307.08,105370,105020.0,1738259100000,8573
212.5641931,105268.6111,105258.9,105340.0,105380,105169.57,1738260000000,8328
236.95292162000004,105055.6711,105229.52,104924.29,105320,104742.4,1738260900000,8866
256.92370162000003,105274.7912,104915.65,105405.76,105560,104858.8,1738261800000,9494
221.84837586,105518.311,105405.77,105620.7,105650,105360.49,1738262700000,10235
220.68965696,105581.2686,105620.71,105491.81,105690,105458.04,1738263600000,10347
171.93711531000002,105384.5551,105494.34,105441.78,105570,105247.29,1738264500000,8898
150.74854065,105388.8932,105440.37,105507.12,105540,105270.02,1738265400000,7531
153.08702891000002,105632.822,105460.0,105744.96,105830,105414.5,1738266300000,7534
187.19470789000002,105764.5669,105741.37,105801.98,105870,105685.0,1738267200000,8806
216.33234790000006,105765.1447,105801.98,105683.0,105860,105675.83,1738268100000,9075
382.3616317399999,105309.3534,105683.0,104934.87,105770,104907.1,1738269000000,13106
532.15125285,105163.2341,104934.86,104915.66,105350,104846.54,1738269900000,15107
177.47068206,104945.2626,104909.85,104999.7,105070,104817.97,1738270800000,7876
69.24508941,105105.0674,104999.69,105025.19,105240,104900.0,1738271700000,6150
115.03002742000001,105137.1468,105010.82,105164.58,105258,104915.06,1738272600000,6222
67.58910192,105102.2719,105164.58,105075.32,105204,105013.72,1738273500000,5543
51.35609851,105065.2061,105064.82,105117.91,105133,104990.65,1738274400000,5104
39.704842080000006,105120.1398,105117.92,105111.72,105164,105066.2,1738275300000,5136
57.59067661,105206.3027,105086.3,105326.39,105387,105086.3,1738276200000,5535
51.543767030000005,105185.8558,105326.39,105115.57,105338,105077.7,1738277100000,5547
101.32563015999999,105139.1782,105113.74,105091.26,105264,105046.8,1738278000000,6274
69.53404959,105210.8298,105091.27,105205.26,105275,105072.0,1738278900000,5717
59.096377489999995,105094.5628,105205.27,104990.0,105235,104977.2,1738279800000,5613
82.18440764,104846.4996,104990.01,104742.64,105110,104700.0,1738280700000,5949
121.62711664999998,104680.4099,104742.63,104574.44,104873,104526.1,1738281600000,7187
135.23200828,104540.8959,104574.45,104760.49,104852,104402.0,1738282500000,8003
59.88939968,104817.9251,104766.5,104881.27,104930,104671.09,1738283400000,6069
46.98932434,104953.3495,104881.28,104913.14,105067,104836.85,1738284300000,5517
53.86535918,104788.2718,104882.8,104759.66,104926,104708.7,1738285200000,5751
77.21563617,104543.326,104759.66,104492.68,104781,104400.01,1738286100000,5761
50.04746243,104604.1131,104450.1,104660.01,104712,104450.1,1738287000000,6163
26.66862388,104694.5597,104660.0,104747.08,104788,104550.0,1738287900000,4907
37.808286470000006,104793.059,104750.0,104720.7,104872,104700.0,1738288800000,6143
103.80864145,104459.7096,104720.69,104370.0,104760,104316.47,1738289700000,6749
90.78479149999998,104329.8777,104370.01,104430.83,104490,104224.6,1738290600000,6824
47.529782229999995,104398.3834,104423.24,104331.09,104491,104331.08,1738291500000,5746
121.97396650000002,104119.2415,104401.1,104209.76,104401,104000.0,1738292400000,7799
114.11463063999999,104034.0687,104209.76,104113.0,104223,103882.2,1738293300000,6319
45.73045514999999,104078.8499,104113.0,104172.26,104221,103978.96,1738294200000,5838
44.05753505999999,104297.7943,104172.38,104327.36,104389,104146.8,1738295100000,5699
38.14594632,104317.3807,104329.7,104313.74,104350,104263.35,1738296000000,5465
35.81278432,104351.6482,104302.8,104493.26,104540,104151.35,1738296900000,5800
33.12157595,104377.548,104480.0,104231.45,104517,104198.7,1738297800000,5240
67.07663867000001,104070.7783,104231.44,103999.99,104250,103942.36,1738298700000,6028
45.64186522000001,104208.3488,103999.98,104367.74,104442,103984.64,1738299600000,5483
30.774966449999997,104421.0707,104367.74,104409.32,104476,104354.4,1738300500000,4761
26.41862138,104370.8641,104409.32,104334.01,104432,104314.04,1738301400000,4288
29.88872522,104281.9701,104334.02,104306.85,104360,104232.38,1738302300000,4792
42.44593861,104402.2275,104282.3,104426.46,104494,104260.0,1738303200000,5462
34.909218689999996,104481.2547,104426.46,104532.16,104552,104404.4,1738304100000,4026
46.13744859,104578.3015,104511.9,104603.88,104627,104490.0,1738305000000,4389
34.59187753,104624.5697,104580.0,104511.11,104741,104500.0,1738305900000,4308
40.27505498,104550.962,104542.1,104609.42,104632,104453.34,1738306800000,4010
53.23338801,104735.2759,104609.42,104665.23,104800,104600.0,1738307700000,4395
126.93790768999999,104434.6364,104665.21,104292.61,104724,104262.2,1738308600000,5544
194.80462005000004,104137.8596,104292.61,104201.05,104330,104012.36,1738309500000,5769
41.74610907,104206.3134,104201.1,104105.18,104320,104093.52,1738310400000,4424
85.38747665999999,104137.9664,104104.74,104070.07,104320,104007.58,1738311300000,5234
33.26091785,104157.3578,104067.72,104231.11,104280,104025.56,1738312200000,4098
49.64319831,104102.754,104199.8,104019.48,104250,104016.67,1738313100000,4117
46.13723581,104015.9212,104019.49,103938.63,104133,103916.2,1738314000000,4410
83.23014683999999,103996.8596,103938.64,104169.85,104210,103897.44,1738314900000,5171
52.46767339,104247.1636,104169.85,104167.02,104319,104120.31,1738315800000,4467
35.628096940000006,104169.8462,104167.03,104253.53,104256,104102.1,1738316700000,3425
21.968398649999997,104245.6333,104237.7,104247.81,104317,104194.97,1738317600000,3810
25.574281529999997,104171.8055,104247.81,104110.0,104302,104071.5,1738318500000,3671
16.58791652,104179.0685,104163.9,104291.34,104291,104091.5,1738319400000,3554
33.18569484,104333.7111,104291.34,104276.04,104434,104260.0,1738320300000,4072
84.31801437,104561.1414,104282.2,104707.11,104727,104273.02,1738321200000,5776
97.91545200000002,104706.5818,104699.57,104817.38,104845,104587.81,1738322100000,5859
47.49993303,104729.1185,104817.15,104736.18,104830,104616.96,1738323000000,4248
47.36385022999999,104677.2406,104742.2,104727.38,104821,104548.23,1738323900000,4471
51.340381179999994,104704.6161,104750.0,104688.73,104780,104600.0,1738324800000,4688
90.80226170000003,104763.908,104688.72,104710.75,104920,104666.98,1738325700000,4919
84.19683325,104644.6184,104710.76,104637.49,104770,104548.23,1738326600000,5391
65.58579983999999,104670.4321,104637.49,104704.4,104790,104619.9,1738327500000,4540
166.71208747999998,104941.5213,104704.5,104890.06,105070,104701.56,1738328400000,7779
75.44876349,104864.8045,104943.7,104862.65,104980,104750.0,1738329300000,5339
95.79967739999996,104697.8117,104862.64,104619.35,105020,104552.95,1738330200000,6157
72.32083693000001,104632.722,104619.35,104661.72,104750,104539.99,1738331100000,5819
66.43969165,104644.8626,104661.73,104661.81,104769,104542.07,1738332000000,6041
146.78253808,104628.9074,104661.81,104725.95,104830,104460.01,1738332900000,7467
279.03964775,104406.4739,104694.3,104480.27,104890,104133.39,1738333800000,11849
92.05018066000001,104325.9481,104480.27,104384.9,104540,104100.0,1738334700000,8341
381.55160903999996,104741.7667,104384.9,104903.45,105021,104384.9,1738335600000,12525
583.98875467,104929.4997,104889.23,105195.29,105247,104556.3,1738336500000,15201
873.1948591500001,105622.2895,105195.3,105658.4,105921,105142.16,1738337400000,20416
458.92873328,105755.5297,105691.2,105477.7,106090,105414.8,1738338300000,13577
287.46563683,105425.8582,105477.7,105203.1,105600,105159.3,1738339200000,10808
246.07718057000002,105066.8631,105269.08,104812.05,105333,104709.9,1738340100000,10108
215.24106326,104954.2487,104812.05,105000.0,105155,104797.31,1738341000000,10068
131.38423311000003,105032.9448,105000.01,105089.95,105120,104951.9,1738341900000,7460
220.04701461,104800.333,105084.77,104829.82,105090,104546.5,1738342800000,10687
121.81440864999999,104823.7638,104838.67,105020.43,105020,104701.34,1738343700000,7026
121.84832534000002,104865.867,105020.43,104772.75,105057,104641.37,1738344600000,6656
63.29938294,104699.2201,104768.5,104578.13,104840,104563.5,1738345500000,5638
99.66476673,104605.3158,104571.0,104786.87,104788,104500.0,1738346400000,6390
437.31276384999995,104287.6748,104758.1,104001.14,104840,103971.46,1738347300000,12399
1036.4031359399999,103438.1865,104042.1,103070.85,104060,102999.1,1738348200000,24961
1053.84845584,102831.338,103061.13,102565.23,103400,102508.5,1738349100000,26177
685.01810057,102650.2915,102710.0,102615.9,103050,102432.97,1738350000000,20366
499.48311063000006,102336.76,102615.9,102424.75,102990,102000.0,1738350900000,18253
328.33341719000003,102443.2072,102424.74,102298.54,102690,102202.29,1738351800000,13604
355.49540243000007,102220.9858,102296.82,102242.23,102540,102045.9,1738352700000,13290
409.16199246,102103.3715,102236.47,102055.16,102360,101980.75,1738353600000,14577
590.7533121499999,101855.5585,102055.16,101865.05,102270,101613.63,1738354500000,17450
533.36390373,101915.3128,101862.03,101786.15,102350,101689.92,1738355400000,15595
611.0407020199999,101728.8808,101783.25,101599.53,102100,101526.35,1738356300000,17164
157.94169771000003,101720.8704,101599.51,101590.59,101990,101545.0,1738357200000,9980
122.0369119,101636.7213,101590.59,101592.58,101920,101550.0,1738358100000,7297
117.37352914,101703.3075,101589.96,101861.31,102010,101500.0,1738359000000,6762
160.68692748,102011.5586,101860.34,102111.73,102270,101745.0,1738359900000,7616
70.13101702,102036.4637,102111.75,101965.03,102310,101882.91,1738360800000,5859
53.90084468,102151.2405,101958.99,102339.24,102410,101920.47,1738361700000,5064
77.99384735999999,102385.6794,102332.3,102457.09,102550,102209.79,1738362600000,4910
71.30653023,102234.1238,102457.09,102247.37,102550,102018.76,1738363500000,5023
48.07974164,102094.3203,102241.64,102119.85,102320,101924.04,1738364400000,5562
36.696401879999996,102189.0457,102112.86,102258.15,102340,102077.13,1738365300000,4103
24.67640174,102196.9145,102258.15,102272.03,102340,102069.65,1738366200000,4200
34.386569220000005,102338.4741,102272.03,102411.26,102480,102194.7,1738367100000,4816
72.47608198000002,102438.9052,102406.0,102509.64,102600,102250.39,1738368000000,4786
53.20067845999999,102406.9241,102528.1,102255.09,102600,102237.2,1738368900000,5148
42.515503069999994,102378.8001,102255.1,102435.97,102540,102200.0,1738369800000,4327
35.164575219999996,102444.0254,102435.97,102470.17,102560,102323.89,1738370700000,4386
85.09431547,102504.0016,102470.24,102585.48,102650,102425.53,1738371600000,5240
40.40379028000001,102628.4733,102579.95,102687.54,102740,102525.58,1738372500000,5337
71.87080502,102714.77,102688.87,102756.23,102790,102600.0,1738373400000,5975
60.94132441,102594.0919,102756.23,102556.22,102780,102516.51,1738374300000,4994
42.44386016,102560.8078,102545.6,102670.66,102730,102386.53,1738375200000,4801
41.08376729,102708.1498,102670.66,102682.35,102790,102650.56,1738376100000,4490
33.106243309999996,102626.0211,102679.58,102651.04,102750,102563.71,1738377000000,4881
57.46055097000001,102528.4813,102646.4,102446.71,102720,102382.41,1738377900000,5302
30.316984479999995,102383.6755,102446.71,102424.7,102550,102276.1,1738378800000,4371
24.16211878,102384.1238,102407.68,102347.2,102480,102317.0,1738379700000,4418
37.709338339999995,102265.6843,102347.21,102246.22,102420,102169.15,1738380600000,4471
22.3754724,102255.3795,102246.22,102225.68,102370,102198.86,1738381500000,4059
48.614174309999996,102212.7429,102228.0,102192.43,102340,102107.76,1738382400000,4813
27.67588945,102207.6668,102197.1,102221.29,102280,102156.07,1738383300000,4285
40.71516214,102339.5386,102221.29,102477.68,102500,102215.16,1738384200000,4145
19.1532222,102390.724,102473.7,102297.43,102490,102281.88,1738385100000,3688
25.3823928,102317.2755,102299.9,102323.45,102390,102222.54,1738386000000,4102
20.734412059999997,102414.5675,102323.44,102478.4,102500,102320.6,1738386900000,3334
23.244240299999998,102484.7708,102478.4,102538.17,102600,102394.4,1738387800000,3419
21.52422471,102489.9686,102536.4,102479.97,102600,102459.27,1738388700000,3591
13.165822349999997,102485.3062,102484.51,102412.87,102580,102404.92,1738389600000,3656
11.43310181,102356.9073,102412.87,102337.14,102500,102294.56,1738390500000,3167
29.748480990000004,102330.4709,102337.14,102281.97,102460,102223.92,1738391400000,3252
14.004176,102280.8594,102281.97,102387.5,102430,102160.54,1738392300000,3389
14.44802166,102426.3898,102386.9,102417.79,102510,102350.0,1738393200000,3482
20.536816090000002,102333.5636,102417.78,102290.4,102490,102250.0,1738394100000,3369
12.64822653,102275.0799,102290.4,102173.49,102410,102171.58,1738395000000,2941
20.034414540000004,102183.7914,102173.47,102147.0,102270,102132.22,1738395900000,3130
25.72606037,102197.0169,102145.1,102188.09,102260,102127.81,1738396800000,3415
68.30138174000001,102039.5658,102188.08,101988.21,102260,101920.42,1738397700000,4564
19.3861504,101976.1376,101988.2,101993.63,102050,101896.66,1738398600000,3376
39.888974510000004,101963.4884,101995.15,101996.59,102050,101813.17,1738399500000,4377
37.439015870000006,101886.0415,102030.8,101788.47,102040,101784.83,1738400400000,4275
20.25134397,101842.3308,101790.55,101847.13,101970,101780.0,1738401300000,4321
80.42755897,101676.2738,101847.13,101609.97,101920,101587.42,1738402200000,5627
98.94076190999999,101510.2351,101609.97,101690.0,101690,101400.0,1738403100000,6302
45.45311845999999,101774.9607,101643.1,101798.4,101900,101643.1,1738404000000,4447
15.46161266,101797.1541,101798.39,101850.97,101950,101678.84,1738404900000,3624
15.35532518,101877.3295,101855.55,101758.27,102000,101758.25,1738405800000,3863
51.14210883,101672.8855,101758.26,101617.6,101870,101589.7,1738406700000,4035
86.19989588,101758.891,101625.0,101836.2,101910,101617.6,1738407600000,3563
18.957565,101946.8741,101859.89,101958.38,102030,101843.8,1738408500000,3575
27.70282931,101949.1978,101958.37,101939.99,102040,101865.52,1738409400000,4038
21.348227239999996,101964.4979,101932.5,102005.24,102060,101846.68,1738410300000,4012
45.06453981,102071.6922,101998.6,102200.0,102210,101976.54,1738411200000,4595
25.49735378,102098.7389,102200.0,102146.78,102240,102005.78,1738412100000,4109
27.319950859999995,102194.7713,102155.23,102217.44,102290,102079.9,1738413000000,4088
25.265399489999997,102298.37,102222.29,102258.15,102460,102187.82,1738413900000,4383
17.726936440000003,102214.495,102250.1,102237.45,102320,102131.78,1738414800000,4320
15.113031409999998,102230.289,102237.45,102233.58,102330,102181.51,1738415700000,4248
23.24492533,102230.9403,102233.57,102171.83,102330,102163.5,1738416600000,4069
100.64553805999999,101960.7338,102171.82,101837.5,102280,101784.29,1738417500000,6856
123.67677453,101837.6728,101843.08,101933.71,102130,101773.2,1738418400000,7411
32.83489999,101963.1737,101933.71,102082.32,102140,101822.87,1738419300000,5308
16.14404526,102079.4737,102140.0,102011.84,102210,102000.8,1738420200000,5376
28.267613650000005,101862.3298,102015.29,101805.13,102120,101800.0,1738421100000,5706
93.77803666,101851.2968,101808.16,101885.21,102070,101700.0,1738422000000,6913
20.55039671,101886.6913,101885.22,101984.12,102020,101750.0,1738422900000,5832
21.70546186,102049.7655,101980.61,102052.65,102150,101915.83,1738423800000,6334
62.925455770000006,102079.9969,102056.54,102064.23,102210,101990.0,1738424700000,6279
35.07150458,102112.4378,102064.23,102050.13,102230,102021.36,1738425600000,6107
43.90178254000001,101973.6655,102053.35,102079.47,102130,101877.17,1738426500000,6448
15.22036082,102043.8488,102079.45,102017.67,102150,102000.0,1738427400000,5535
78.54624944000001,102001.5335,102017.67,101874.9,102110,101841.56,1738428300000,6037
40.74127665999999,102096.7071,101875.3,102101.2,102210,101875.2,1738429200000,6881
54.240431830000006,102227.2228,102095.12,102201.72,102340,102050.0,1738430100000,6715
45.23667386,102158.0952,102200.71,102128.98,102300,102074.46,1738431000000,5592
20.252753119999998,102230.805,102128.98,102252.69,102360,102117.72,1738431900000,5534
22.90130652,102236.2763,102248.0,102216.72,102360,102171.93,1738432800000,4662
25.823879110000004,102140.4393,102216.73,102144.86,102330,102082.74,1738433700000,4900
48.167666860000004,102066.5029,102144.86,102084.95,102250,102011.23,1738434600000,5548
43.643965079999994,102025.574,102084.95,101988.83,102190,101948.92,1738435500000,5695
72.61895490999999,101909.9304,101978.6,101864.59,102100,101818.0,1738436400000,6999
41.27532840999999,101866.2571,101863.9,101799.5,102020,101765.89,1738437300000,6780
87.56719062,101644.2111,101794.84,101546.21,101890,101500.0,1738438200000,8325
71.44578915,101591.5708,101546.2,101650.27,101703,101427.56,1738439100000,7255
156.67492114,101352.5873,101650.27,101275.67,101700,101195.1,1738440000000,11571
94.3224262,101305.34,101275.66,101167.66,101560,101111.0,1738440900000,9603
88.99623782,101128.1114,101158.45,101253.58,101360,101043.9,1738441800000,9691
219.71715368,101071.5627,101253.58,101293.93,101510,100928.01,1738442700000,10943
89.75347801999999,101398.6753,101350.1,101462.26,101540,101135.42,1738443600000,8032
41.30468506,101492.5435,101462.27,101463.32,101590,101411.41,1738444500000,6684
58.24754161,101396.1245,101455.59,101358.39,101540,101227.78,1738445400000,6533
64.42774893,101206.4447,101358.15,101185.0,101430,101000.0,1738446300000,7995
46.66610206,101265.216,101185.47,101051.88,101450,101032.84,1738447200000,7404
152.08969994,100825.4708,101055.55,100712.81,101140,100640.84,1738448100000,10399
99.40208171999998,100664.7124,100708.1,100873.34,100950,100527.17,1738449000000,9964
91.30587972999999,100683.4839,100860.2,100651.44,100960,100493.44,1738449900000,9341
102.32061103000001,100504.8185,100649.73,100500.0,100690,100371.91,1738450800000,9973
117.96712424000002,100334.3059,100500.0,100499.45,100590,100147.0,1738451700000,9426
102.96263723,100693.0684,100499.43,100800.74,100920,100400.0,1738452600000,8815
101.79825466,100692.9372,100798.61,100623.85,100890,100578.78,1738453500000,7876
90.24510766,100691.0696,100690.0,100828.57,100970,100469.75,1738454400000,8175
48.85120131,100950.2291,100828.57,101144.49,101210,100768.39,1738455300000,7012
54.93840023,101157.7018,101147.87,101250.1,101310,101041.17,1738456200000,7118
36.80693376999999,101217.7864,101245.44,101246.56,101350,101125.95,1738457100000,5927
45.71050333,101299.6945,101191.9,101350.66,101450,101181.72,1738458000000,6379
46.82189563000001,101371.3935,101350.67,101371.85,101460,101288.11,1738458900000,5593
29.633073200000005,101301.4857,101364.48,101357.29,101440,101197.5,1738459800000,5084
45.65702093,101224.0313,101357.3,101227.98,101410,101136.83,1738460700000,5721
57.64846165999999,101005.5905,101199.2,100921.02,101330,100877.05,1738461600000,5864
46.485560039999996,100900.9583,100921.02,100904.63,101090,100751.05,1738462500000,6230
40.30777177,100758.8165,100904.73,100767.31,100940,100635.58,1738463400000,6344
111.65962806999998,100542.2291,100764.76,100430.01,100770,100397.25,1738464300000,7158
432.54731186,100157.0155,100470.8,99990.18,100745,99850.21,1738465200000,18080
311.50402197,99712.41,99975.38,99589.31,100180,99400.82,1738466100000,17489
289.96975509,99524.6945,99589.31,99468.02,99795,99344.88,1738467000000,14112
252.58438718,99415.875,99468.04,99183.07,99751,99132.27,1738467900000,13936
232.52528129000004,99274.9634,99174.9,99239.99,99584,99021.46,1738468800000,13461
179.71097159,99308.2199,99248.65,99515.49,99688,99050.0,1738469700000,10717
88.54388079,99643.1301,99515.48,99747.14,99847,99432.39,1738470600000,7772
49.722210990000015,99699.5488,99747.14,99519.98,99916,99505.5,1738471500000,7036
52.97821414,99689.7008,99519.98,99631.19,99849,99469.79,1738472400000,6895
68.64852098,99845.7395,99635.25,99799.92,100000,99569.32,1738473300000,6919
74.00875339,100068.6874,99799.92,100223.16,100330,99778.15,1738474200000,6628
36.42254537,100242.3853,100225.71,100236.17,100400,100101.06,1738475100000,5537
65.81953064999999,100203.2228,100380.0,100274.7,100420,100073.46,1738476000000,5728
78.4534692,100410.8332,100274.71,100450.0,100520,100178.26,1738476900000,5259
38.06865381,100404.7786,100450.0,100449.98,100500,100291.3,1738477800000,4754
29.162271099999998,100318.9889,100441.24,100264.43,100510,100219.7,1738478700000,4648
35.65660596,100147.7458,100264.53,100280.0,100310,100057.31,1738479600000,4629
35.28245826999999,99975.0695,100226.53,99872.03,100280,99768.45,1738480500000,4717
82.88394856999999,99757.2297,99872.03,99737.11,99989,99603.13,1738481400000,5449
71.30362430000001,99678.3709,99737.12,99606.07,99884,99578.7,1738482300000,5010
144.64047993000003,99566.4518,99619.0,99372.53,99871,99363.69,1738483200000,5482
61.30010336000001,99532.4516,99372.52,99715.3,99850,99276.64,1738484100000,4450
60.218358009999996,99947.8494,99722.0,99971.1,100200,99718.32,1738485000000,4258
32.533916530000006,99881.7143,99971.11,99805.24,100100,99630.8,1738485900000,3564
100.47426263999999,99690.5822,99806.9,99759.28,99896,99555.85,1738486800000,4151
86.95996020000001,99515.1376,99759.28,99543.37,99832,99330.1,1738487700000,5034
32.9881017,99631.8331,99542.83,99800.6,99912,99464.51,1738488600000,3863
37.30850407,99730.3189,99799.19,99664.47,99891,99568.79,1738489500000,3505
56.78156768000001,99445.4375,99645.0,99257.14,99709,99253.07,1738490400000,4570
51.8739606,99325.8164,99259.41,99347.16,99451,99216.26,1738491300000,4150
49.438731250000004,99380.8111,99347.16,99436.29,99500,99254.08,1738492200000,4711
68.92029092,99515.2366,99436.29,99393.97,99598,99354.12,1738493100000,4196
47.990891649999995,99391.3813,99393.98,99309.86,99575,99243.28,1738494000000,4493
279.86242822,99133.6684,99309.86,98991.39,99346,98991.31,1738494900000,8387
196.53115123999999,99009.732,98991.3,98813.81,99285,98770.0,1738495800000,9285
190.85498988000003,98813.5971,98819.5,98807.02,99027,98612.58,1738496700000,9391
78.02023581,98988.9031,98830.99,99099.3,99162,98703.73,1738497600000,6331
99.56678102000001,98922.5647,99095.18,98805.11,99142,98703.01,1738498500000,6443
210.38437277000006,98621.6961,98825.2,98689.0,98869,98462.5,1738499400000,9691
226.81470359,98385.035,98656.12,98141.85,98675,98130.0,1738500300000,10480
114.72820168999999,98330.8859,98141.85,98502.59,98609,98128.5,1738501200000,8751
81.05201530000001,98622.9587,98502.52,98691.5,98778,98370.95,1738502100000,7475
82.79151567000001,98643.6469,98688.98,98674.74,98785,98534.91,1738503000000,7678
164.11022124000004,98694.908,98674.73,98760.02,98798,98462.53,1738503900000,8843
141.83918944,98974.4586,98787.0,99250.7,99278,98659.86,1738504800000,8706
140.24829279,99295.6024,99249.53,99403.47,99437,99099.47,1738505700000,8695
78.95038971999999,99328.3215,99403.13,99327.01,99477,99221.64,1738506600000,6274
44.419964799999995,99250.4931,99327.01,99200.1,99450,99150.15,1738507500000,5921
144.09279569,99182.4057,99200.1,99052.17,99328,98934.81,1738508400000,7990
224.29106596999998,99014.4137,99052.17,98800.68,99189,98775.01,1738509300000,10004
71.07066598,99046.8666,98809.37,99093.13,99429,98702.34,1738510200000,8282
127.26540403999999,99323.3145,99090.78,99319.5,99435,99042.9,1738511100000,8778
105.66817789000001,99161.1881,99308.1,98953.11,99426,98934.75,1738512000000,8249
172.25718175000003,98998.0568,98953.12,98844.0,99219,98768.6,1738512900000,9885
133.31370398000004,98743.5592,98814.3,98550.71,98938,98534.5,1738513800000,11307
334.8571322,98212.3608,98567.0,98223.84,98600,98000.0,1738514700000,17070
576.62986111,98217.264,98274.8,98155.76,98523,98044.0,1738515600000,18816
558.87257986,97931.3217,98150.8,97788.31,98336,97512.61,1738516500000,22969
275.4190787,97723.7902,97797.8,97682.09,98069,97476.0,1738517400000,19238
478.52247378,97250.5164,97682.06,97182.46,97739,96924.0,1738518300000,26103
308.19759543,97218.6749,97187.37,97417.45,97456,96916.0,1738519200000,20361
237.11231765000005,97458.1012,97417.46,97783.2,97879,97038.0,1738520100000,17890
300.38019253,97333.8948,97685.0,96978.74,97829,96700.0,1738521000000,20427
274.52213966000005,97007.8409,96984.27,97023.68,97414,96721.0,1738521900000,21233
282.81916318000003,97197.0335,97014.07,97237.22,97500,96767.46,1738522800000,23311
189.51728961,97247.6159,97237.23,97433.0,97531,96938.0,1738523700000,16994
301.78506874000004,97948.9112,97453.31,98307.28,98350,97400.0,1738524600000,18758
426.22490508,98282.9932,98314.99,98234.55,98679,97877.0,1738525500000,20153
210.55322378,98342.1474,98211.0,98479.68,98611,98104.0,1738526400000,13587
108.67731605999998,98332.3569,98474.6,98147.94,98532,98018.0,1738527300000,10847
94.11607298999999,97966.2222,98147.94,97915.0,98222,97765.0,1738528200000,10650
122.12883284000002,97747.8148,97914.98,97760.33,97915,97561.0,1738529100000,11401
108.87356415,97689.7601,97753.0,97469.0,97940,97459.0,1738530000000,11630
200.34004455000002,97231.2667,97530.66,96921.6,97597,96900.0,1738530900000,13426
345.96658508999997,96842.4707,96921.61,96761.24,97307,96519.14,1738531800000,18865
139.87975455,96862.4599,96749.05,97020.62,97072,96592.92,1738532700000,15642
149.64114756,97378.8276,96984.8,97477.49,97690,96959.0,1738533600000,14779
104.25494036000002,97426.9571,97477.49,97390.98,97706,97101.0,1738534500000,12543
631.0254345100001,96666.554,97382.7,97179.94,97391,96100.0,1738535400000,25221
185.61487921,97520.793,97069.6,97995.4,98016,97069.6,1738536300000,14231
385.20544520000004,97427.2567,97923.6,97710.13,97978,97089.0,1738537200000,22586
469.2972698,97172.6088,97705.24,97000.52,97916,96511.05,1738538100000,26602
280.3656732,97235.7371,97003.31,97295.41,97628,96716.89,1738539000000,18639
138.54018179000002,97560.3427,97295.41,97676.52,97765,97262.8,1738539900000,13218
217.91255833000002,97441.0814,97676.53,97287.97,97752,97185.0,1738540800000,15791
699.4289787699998,96712.1136,97287.96,97040.45,97566,95999.0,1738541700000,26631
549.18118039,96226.5786,97033.68,95668.34,97162,95438.0,1738542600000,25850
618.96670358,96331.7247,95669.18,96478.28,96878,95551.0,1738543500000,26309
365.59195804000007,96301.9203,96479.33,95743.19,96900,95674.0,1738544400000,20530
657.6029340399999,95287.1277,95733.0,95099.81,95802,95000.0,1738545300000,27019
969.34403612,94584.3298,95099.76,94080.54,95432,93750.0,1738546200000,38244
2280.9310704,93141.6229,94117.43,93398.0,94136,92000.0,1738547100000,72414
2305.40521962,92763.1491,93359.1,94034.16,94282,91000.0,1738548000000,67820
1039.19189229,94352.8843,94034.06,93894.66,95177,93472.0,1738548900000,48416
554.2112136200001,93713.1166,93894.68,93926.59,94237,93245.0,1738549800000,32577
407.61208329999994,93680.2212,93911.68,93574.83,94161,93290.0,1738550700000,24144
481.0785878,94125.73,93515.0,94410.73,94650,93445.0,1738551600000,23242
381.58122125,94533.3767,94406.58,94479.1,94757,94326.0,1738552500000,19697
510.22843513,94253.3415,94485.7,93939.33,94593,93851.91,1738553400000,16418
283.36353942000005,94080.677,93939.33,94111.05,94392,93855.87,1738554300000,14621
277.16628672,94125.9879,94142.0,93900.0,94588,93844.45,1738555200000,14025
268.63963053,93731.1676,94026.47,93439.42,94227,93237.01,1738556100000,11959
301.5318901,93243.8241,93421.4,93075.71,93611,92898.8,1738557000000,12719
271.34417118,93119.9032,93075.72,92841.43,93585,92713.01,1738557900000,11870
253.97742222999997,92976.5862,92836.77,92976.33,93268,92798.1,1738558800000,11324
249.38869490999997,93407.3928,92976.34,93653.34,93765,92904.1,1738559700000,10246
236.51401227000002,93791.4009,93664.26,93676.1,94039,93521.9,1738560600000,9812
202.84974506,93944.3742,93676.1,94285.54,94348,93625.46,1738561500000,8377
229.04438388,94019.6785,94302.0,94025.11,94413,93826.92,1738562400000,9582
275.74343149,94311.8459,94029.94,94532.73,94706,93887.72,1738563300000,8394
217.48742139,94443.7763,94531.41,94095.9,94717,94061.94,1738564200000,9017
176.78400038,94077.8081,94110.7,93995.03,94363,93738.26,1738565100000,7955
159.54678484000002,94105.3793,93985.09,94098.8,94333,93910.3,1738566000000,7775
171.49132723000002,94275.5113,94098.79,94278.57,94445,94065.7,1738566900000,7666
198.58102662,94465.1643,94295.1,94674.72,94805,94100.2,1738567800000,7533
367.76080894,95210.6389,94674.71,95431.27,95555,94569.91,1738568700000,12437
280.35788833000004,95265.763,95410.6,95535.0,95535,95000.0,1738569600000,15732
230.30502305,95478.2092,95520.6,95512.84,95726,95161.4,1738570500000,10074
199.14178585000002,95310.8543,95517.0,95114.39,95739,94942.26,1738571400000,10143
162.01413483,95248.5525,95092.6,95417.12,95528,95046.68,1738572300000,7538
272.82643986999994,95761.1565,95417.13,95904.98,96007,95333.4,1738573200000,11713
245.41644663000002,95726.3096,95901.47,95980.9,96063,95364.9,1738574100000,12578
176.04942434,95854.4172,95999.35,95842.2,96038,95629.47,1738575000000,10431
145.17362832999999,95645.0877,95833.13,95367.18,95896,95322.66,1738575900000,9575
146.85909482999998,95349.2019,95365.2,95416.0,95556,95209.45,1738576800000,8960
282.92063649999994,95097.3094,95345.44,95146.3,95442,94886.92,1738577700000,10453
113.43323517,95330.041,95146.31,95448.2,95549,95021.13,1738578600000,6973
136.04238737,95531.3786,95443.51,95749.8,95905,95337.6,1738579500000,7598
112.30957231,95679.4376,95886.0,95675.07,95886,95560.63,1738580400000,8797
145.78057285,95512.5841,95675.08,95475.69,95761,95356.73,1738581300000,9516
149.12092707,95235.6491,95479.9,95174.82,95549,95066.77,1738582200000,8439
131.45502345,95116.5482,95125.1,95154.7,95307,95007.19,1738583100000,6737
1372.2755164500002,94170.6376,95170.79,95382.23,95405,93049.0,1738584000000,21286
195.50488283000007,95498.1335,95356.2,95447.22,95699,95187.0,1738584900000,8623
157.47874313000003,95327.3938,95447.24,95329.79,95513,95090.0,1738585800000,7956
208.63114444,95051.365,95325.4,94850.0,95346,94737.0,1738586700000,9412
252.39188651999999,94896.0698,94850.0,94802.44,95211,94542.0,1738587600000,12112
198.39680533,94764.4348,94815.11,94449.8,95084,94352.0,1738588500000,11323
374.13973787000003,94937.3922,94467.4,95431.15,95490,94352.0,1738589400000,14208
160.23484735,95139.2556,95431.12,94729.32,95490,94637.0,1738590300000,10500
340.88682898,94441.9275,94767.9,94571.66,94811,94079.0,1738591200000,13549
357.34486623,94672.2271,94571.65,94868.38,94963,94241.0,1738592100000,14906
1401.19309947,95871.5113,94857.9,96252.46,96614,94370.87,1738593000000,39413
522.4673563700001,96146.761,96273.55,96706.34,96823,95631.0,1738593900000,21598
679.31923453,96710.009,96692.83,96854.83,97096,96167.0,1738594800000,23448
1612.59903425,97933.8587,96854.83,98506.28,98700,96568.0,1738595700000,36961
1071.0659555999998,98466.7282,98494.21,98815.18,99159,97766.0,1738596600000,30905
921.8031698100001,99251.8451,98815.17,99042.03,99693,98558.0,1738597500000,30949
829.66956852,98640.1217,99075.0,98600.0,99246,98139.0,1738598400000,26715
532.88542377,98834.6918,98418.0,98892.11,99200,98185.0,1738599300000,22497
321.28797016,98931.2502,98895.64,98953.1,99199,98446.0,1738600200000,15823
302.65123274,98897.481,98953.1,98697.59,99177,98430.0,1738601100000,14574
311.37258936,98420.7193,98482.0,98470.0,98744,98005.0,1738602000000,13903
252.395282,98769.5884,98640.63,98659.5,99072,98346.0,1738602900000,11588
160.59365085000002,98404.5076,98661.4,98335.52,98662,98042.0,1738603800000,11491
989.44866176,98939.037,98325.58,99356.54,99457,98126.0,1738604700000,22890
531.3334060899999,99292.2881,99353.3,99242.16,99693,98929.0,1738605600000,18427
296.8783825,99489.0242,99242.15,99635.9,99799,99027.0,1738606500000,14253
266.86217224000006,99804.6164,99635.91,99787.77,100038,99269.0,1738607400000,14338
354.86176264,99973.2929,99805.86,100015.87,100161,99501.0,1738608300000,14737
432.38972484,100103.2714,100015.86,100132.94,100335,99632.0,1738609200000,15940
477.65823767000006,100593.9722,100132.94,100649.81,101030,99955.0,1738610100000,16680
395.9648192899999,101061.367,100649.81,101401.97,101411,100510.0,1738611000000,14009
959.58590839,101777.7241,101401.98,102094.44,102094,101190.0,1738611900000,22171
635.5958808600001,101711.3524,102094.43,101526.96,102123,100830.0,1738612800000,16765
431.85335893,101833.1158,101526.96,101885.57,102075,101280.0,1738613700000,13054
293.08530291,101867.9352,101885.58,101575.59,102144,101330.0,1738614600000,11117
596.5149189199999,101448.1351,101553.6,101209.94,101867,101050.0,1738615500000,14673
246.4802773,101234.7771,101220.1,101159.38,101499,100890.0,1738616400000,10006
264.31403737,101212.5435,101159.38,101312.69,101408,100920.0,1738617300000,8590
254.59163605000003,101652.192,101319.4,101665.19,102000,101090.0,1738618200000,10230
271.70603022,101922.2642,101630.9,101923.8,102099,101510.0,1738619100000,9872
324.20464917000004,102208.7636,101918.41,101910.53,102599,101660.0,1738620000000,14193
161.96264963,102077.9595,101903.31,102117.76,102333,101570.0,1738620900000,9889
85.33571349999998,101897.7734,102122.85,101761.35,102166,101600.0,1738621800000,7152
131.01209083999998,101741.3787,101761.35,101817.1,101895,101470.0,1738622700000,7017
263.47984649000006,101771.7954,101824.5,101661.8,101970,101500.0,1738623600000,10299
132.90468637999996,101648.3872,101700.34,101658.71,101767,101320.0,1738624500000,6438
112.57810563999998,101576.6501,101659.0,101633.6,101774,101210.0,1738625400000,6712
154.87857493,101502.7323,101633.6,101460.2,101709,101260.0,1738626300000,6094
159.29268573,101612.3985,101460.15,101746.55,101797,101270.0,1738627200000,6665
118.53915482000004,101590.0008,101746.54,101443.25,101784,101300.0,1738628100000,6305
63.69802234000001,101536.8647,101441.34,101590.61,101692,101270.0,1738629000000,6102
125.01846613999999,101250.3157,101590.61,101160.01,101602,101040.0,1738629900000,6518
207.52117501000004,101097.5738,101173.27,100844.33,101269,100750.0,1738630800000,7748
118.03222059,101080.6363,100846.13,101351.72,101353,100720.0,1738631700000,6525
117.54526073000004,101386.7629,101351.72,101643.31,101715,101140.0,1738632600000,7298
140.11629967,101551.3929,101600.1,101481.65,101812,101260.0,1738633500000,7524
60.966078720000006,101373.3824,101481.64,101220.42,101547,101030.0,1738634400000,5724
82.56306905000001,101149.2321,101220.41,101148.92,101285,100950.0,1738635300000,5578
68.44293142000001,101224.3553,101160.11,101230.03,101382,101010.0,1738636200000,5168
82.45360876000001,101154.7155,101237.37,100935.69,101329,100780.0,1738637100000,5449
56.800001970000004,100953.1017,100900.3,101000.0,101128,100790.0,1738638000000,4933
68.0188531,100848.7712,101000.0,100745.27,101053,100640.0,1738638900000,5022
67.58312952,100740.0478,100745.27,100809.8,100840,100560.0,1738639800000,4996
74.53077952999999,100723.2513,100797.61,100714.99,100847,100610.0,1738640700000,4347
145.51102341000004,100499.5054,100700.1,100368.23,100860,100180.0,1738641600000,7523
47.22618368999999,100427.5888,100368.27,100366.77,100611,100210.0,1738642500000,4632
88.00460893000002,100283.8711,100366.77,100279.31,100433,100110.0,1738643400000,5378
47.03697213,100208.2736,100276.33,100164.72,100417,100040.0,1738644300000,4157
373.97872294,99584.4465,100133.5,99237.9,100224,99137.0,1738645200000,12926
473.53567624,98853.1407,99237.9,98934.37,99520,98440.0,1738646100000,15980
233.55563293,98607.0129,98934.36,98851.0,99048,98259.0,1738647000000,9955
196.86682395,99093.5838,98853.3,99000.0,99400,98699.0,1738647900000,8289
236.41355074999998,99252.4976,98969.49,99346.67,99467,98858.0,1738648800000,8790
230.96027506999997,99343.7241,99346.66,99135.81,99745,98898.0,1738649700000,8575
144.63935800000002,99301.0597,99131.43,99528.2,99551,99014.0,1738650600000,6005
85.61922750000001,99510.6423,99528.2,99455.46,99635,99333.0,1738651500000,5335
108.39935957000002,99332.2086,99422.1,99349.92,99505,99148.0,1738652400000,5500
95.15115563,99306.7244,99357.27,99112.98,99575,99000.0,1738653300000,4857
236.98742807999997,98906.1996,99116.43,98680.25,99193,98520.0,1738654200000,7814
242.95897911999998,98538.6172,98691.96,98500.0,98733,98284.0,1738655100000,7922
179.31007718,98369.9312,98506.6,98498.27,98747,98109.0,1738656000000,7443
138.80467426000004,98503.7111,98494.32,98716.95,98819,98184.0,1738656900000,7013
190.20244141,98156.7744,98724.62,97969.39,98750,97876.0,1738657800000,8063
110.11710964000001,98221.4651,97969.39,98379.61,98465,97868.0,1738658700000,6637
96.38679081,98537.6329,98361.9,98652.57,98717,98185.0,1738659600000,6150
69.84912087000001,98606.5194,98652.57,98722.8,98854,98283.0,1738660500000,5287
60.17242474000001,98746.108,98722.79,98791.53,98905,98446.0,1738661400000,5078
77.90870002999999,98614.0158,98789.64,98430.67,98845,98246.0,1738662300000,5366
55.896493260000014,98657.7419,98275.0,98710.82,98832,98275.0,1738663200000,4519
64.76985321,98829.7851,98723.03,98839.38,98938,98584.0,1738664100000,3712
92.07895832000001,98755.6122,98844.93,98951.3,99051,98554.0,1738665000000,4444
64.31790742000001,98812.3735,99010.23,98857.79,99010,98688.0,1738665900000,4716
136.15155597999998,99294.1032,98800.0,99362.24,99563,98737.0,1738666800000,6757
62.86822422,99335.5153,99362.27,99333.0,99459,99169.0,1738667700000,4838
59.11308373,99360.8084,99422.7,99359.91,99476,99153.0,1738668600000,4076
52.85337175000001,99176.7812,99268.0,99067.83,99361,98921.0,1738669500000,4042
69.00231138,99214.3545,99058.52,99330.65,99384,98958.0,1738670400000,4514
93.91427630999999,99410.499,99329.7,99381.75,99529,99234.0,1738671300000,4758
193.14104293,99575.4664,99381.74,99452.32,99877,99285.0,1738672200000,7088
70.99220689999999,99400.3016,99455.61,99460.67,99653,99175.0,1738673100000,5420
107.57630363,99504.1591,99460.67,99588.29,99627,99276.0,1738674000000,5823
117.74117538,99509.358,99554.5,99581.23,99659,99346.0,1738674900000,6299
146.4553066,99504.378,99581.23,99518.32,99625,99291.0,1738675800000,6744
154.47635683000001,99344.1919,99518.31,99106.87,99649,98996.0,1738676700000,7063
170.11124718,99010.4562,99106.87,98781.6,99349,98557.0,1738677600000,8486
171.04249784,99170.3971,98781.57,99354.3,99390,98698.0,1738678500000,8098
510.23356889,100051.8878,99354.3,100248.02,100538,99068.0,1738679400000,17323
233.96326215000002,100080.395,100237.49,100093.0,100375,99700.0,1738680300000,11149
386.71406849,99818.8322,100093.01,99274.58,100352,99169.0,1738681200000,15074
510.52992669,98988.4584,99277.8,99084.73,99526,98357.0,1738682100000,16874
168.19158596,99213.5062,99084.73,99143.29,99536,98710.0,1738683000000,10228
120.93680930999997,99428.301,99130.66,99417.5,99731,99066.0,1738683900000,8893
193.38247286,99509.6706,99426.9,99932.68,100020,99108.0,1738684800000,10764
111.67835284000002,99763.4533,99930.56,99847.33,100014,99564.0,1738685700000,8095
133.73393724,99650.9293,99847.34,99360.32,99899,99233.0,1738686600000,7517
162.62618737,99312.5044,99356.8,99102.09,99540,99053.0,1738687500000,9089
151.37436953,99181.6287,99098.98,99533.5,99597,98909.0,1738688400000,10633
217.17546134,99252.3684,99533.51,98938.0,99694,98799.0,1738689300000,11421
117.59758517999998,99191.1181,98946.8,99331.77,99371,98900.0,1738690200000,8568
62.52874122,99224.3503,99331.79,99224.75,99368,99026.0,1738691100000,6853
114.41432703999999,99034.3888,99202.0,99080.23,99271,98812.0,1738692000000,7831
131.03652025000002,99185.5445,99080.24,99135.48,99309,99009.0,1738692900000,6688
120.24270537,99449.5194,99135.48,99426.24,99669,99000.0,1738693800000,7535
106.58336612999999,99465.6037,99424.45,99477.11,99576,99306.0,1738694700000,6287
161.01958922,99792.7998,99477.23,100044.12,100044,99382.7,1738695600000,7299
460.5051993600001,100465.2982,100044.13,100498.12,100806,99887.0,1738696500000,14769
249.52667561000004,100501.4237,100492.1,100482.34,100886,99909.0,1738697400000,12113
636.71989804,99426.5945,100492.9,98940.21,100631,98850.0,1738698300000,21221
955.3896026699999,98840.6441,98947.03,98598.0,99578,98140.0,1738699200000,28373
564.42727188,98359.1187,98636.8,98307.21,98905,98000.0,1738700100000,17342
400.13865836,98655.0119,98308.67,98865.14,99055,98181.0,1738701000000,14391
271.03032732,98852.1815,98855.3,98690.8,99099,98639.45,1738701900000,11858
