v,vw,o,c,h,l,t,n
279.70997495999995,65751.4092,65591.86,65854.2,65956.0,65556.0,1729703700000,7668
159.42146271,65674.815,65850.78,65662.03,65897.0,65595.61,1729704600000,7031
142.87613757,65699.1513,65662.03,65620.35,65850.0,65575.0,1729705500000,6061
533.7493701799999,65424.2731,65620.35,65437.08,65715.0,65240.0,1729706400000,11809
352.4090425400001,65342.5722,65437.08,65515.85,65597.0,65149.51,1729707300000,9583
168.54634904999998,65607.1153,65514.46,65711.23,65768.0,65482.67,1729708200000,6482
176.42650083000004,65836.3046,65711.23,65962.06,66042.0,65710.78,1729709100000,7362
203.26401040000002,65918.9242,65955.92,65816.48,66142.0,65764.29,1729710000000,6275
260.38860225,66034.7495,65818.09,66143.43,66303.0,65780.39,1729710900000,6745
263.4523759,66255.8439,66143.43,66390.11,66498.0,66028.96,1729711800000,7371
319.57560088,66349.2511,66392.07,66393.44,66517.0,66257.9,1729712700000,8112
108.99687341,66287.8405,66393.42,66271.84,66462.0,66244.5,1729713600000,4725
101.22360527999999,66376.3041,66271.83,66337.21,66507.0,66270.85,1729714500000,4353
87.45852066000002,66459.681,66341.1,66542.11,66589.0,66338.86,1729715400000,3895
109.74417018999998,66546.6289,66596.0,66588.06,66650.0,66481.35,1729716300000,3926
124.25764276,66483.2146,66587.2,66572.0,66664.0,66381.21,1729717200000,3957
61.171397590000005,66480.6411,66523.2,66456.87,66600.0,66400.0,1729718100000,2698
54.80988827000001,66392.287,66456.86,66356.19,66522.0,66318.5,1729719000000,3111
36.38217434999999,66345.4357,66356.19,66349.19,66439.0,66291.31,1729719900000,2678
70.44956986000001,66462.0456,66354.5,66470.7,66554.0,66347.33,1729720800000,3133
59.027521879999995,66348.8372,66466.26,66315.46,66528.0,66280.28,1729721700000,3477
29.331996280000002,66384.1472,66298.2,66479.09,66520.0,66282.4,1729722600000,2990
52.70616942,66463.4718,66479.1,66416.99,66556.0,66407.39,1729723500000,2865
93.52894343,66519.2803,66415.55,66567.32,66648.0,66394.46,1729724400000,3736
65.87596421,66601.3997,66567.32,66635.66,66695.0,66535.24,1729725300000,3277
84.26710498000001,66677.3481,66635.62,66669.88,66799.0,66582.11,1729726200000,3762
52.549726299999996,66686.1997,66669.8,66601.11,66780.0,66593.18,1729727100000,2670
45.35763254999999,66598.6881,66630.5,66581.61,66685.0,66526.79,1729728000000,2697
38.10321475,66516.7129,66581.61,66511.22,66634.0,66445.32,1729728900000,3039
38.82813153000001,66585.4568,66511.11,66711.9,66736.0,66472.8,1729729800000,2872
293.10178092,67058.661,66711.77,67358.86,67450.0,66673.5,1729730700000,8079
159.19722215,67419.393,67350.0,67470.39,67600.0,67251.09,1729731600000,5915
149.90683643,67342.9298,67473.96,67194.1,67577.0,67142.69,1729732500000,5311
98.41350197000001,67074.9179,67193.92,67014.67,67294.0,66965.4,1729733400000,4005
72.48935827,67092.7688,67014.32,67196.73,67266.0,66991.24,1729734300000,4147
51.68797991999999,67154.2058,67194.35,67184.76,67300.0,67076.45,1729735200000,3362
54.778673760000004,67277.1356,67184.91,67312.11,67380.0,67154.0,1729736100000,3601
42.45510132999999,67283.7475,67312.11,67200.0,67430.0,67170.45,1729737000000,3447
46.104192770000004,67326.4518,67200.0,67374.97,67474.0,67176.85,1729737900000,3724
46.429295350000004,67333.7718,67376.1,67290.92,67450.0,67262.53,1729738800000,2936
30.943104869999992,67295.8209,67283.72,67331.91,67407.0,67229.29,1729739700000,2963
24.65107069,67263.9448,67331.91,67236.91,67390.0,67206.77,1729740600000,2225
34.96409329,67195.4727,67236.91,67136.73,67305.0,67136.73,1729741500000,2093
38.57815148,67219.9487,67160.1,67199.48,67319.0,67128.02,1729742400000,2437
31.300328499999996,67202.1031,67204.45,67257.18,67307.0,67148.28,1729743300000,2500
20.424152479999997,67231.131,67306.0,67260.38,67306.0,67193.22,1729744200000,1912
39.29109639,67299.4399,67260.39,67310.82,67379.0,67208.93,1729745100000,2174
30.21206108,67339.2131,67338.0,67379.09,67418.0,67268.57,1729746000000,2239
56.950528240000004,67366.7103,67382.07,67309.13,67431.0,67294.78,1729746900000,2010
20.626380710000003,67323.7262,67306.22,67358.06,67394.0,67274.45,1729747800000,1601
22.80382094,67301.3011,67358.06,67304.4,67404.0,67271.77,1729748700000,1589
25.303133350000003,67354.8295,67282.14,67353.65,67424.0,67277.42,1729749600000,1866
33.30437588,67367.8918,67353.65,67322.71,67444.0,67319.65,1729750500000,1815
46.70945415999999,67334.0899,67322.5,67297.6,67417.0,67287.02,1729751400000,2409
76.28445218,67148.9686,67297.55,67044.66,67374.0,67035.32,1729752300000,2910
43.88156332,67089.2219,67049.3,67156.83,67186.0,67005.0,1729753200000,2376
41.151199870000006,67184.9307,67156.83,67197.68,67276.0,67092.48,1729754100000,2195
49.09866065,67180.6522,67197.68,67139.2,67276.0,67118.93,1729755000000,2213
59.64827075,67059.6328,67139.19,67046.67,67193.0,67000.84,1729755900000,2411
46.68258333,67090.7154,67054.5,67156.26,67202.0,66978.68,1729756800000,2361
29.388325800000004,67103.2982,67146.46,67076.62,67192.0,67047.05,1729757700000,1958
55.84665047,67064.5785,67076.62,66989.56,67183.0,66979.35,1729758600000,2165
119.34623493999999,66885.2995,66991.31,66786.0,67047.0,66777.6,1729759500000,3055
85.76603939999998,66778.6627,66795.9,66858.24,66900.0,66665.47,1729760400000,3315
51.38205295,66857.7591,66858.16,66883.8,66950.0,66763.47,1729761300000,2599
50.47334494,66858.4243,66913.74,66786.63,66962.0,66786.63,1729762200000,2183
65.82664532,66771.6456,66786.62,66816.98,66850.0,66692.0,1729763100000,2737
94.17832358,66861.5831,66817.44,66849.92,66944.0,66784.9,1729764000000,3106
34.45814459,66914.5082,66849.92,66953.39,67020.0,66809.9,1729764900000,2283
72.79970578999999,66999.9094,66953.39,66920.46,67105.0,66906.82,1729765800000,2746
64.78459282,66917.5438,66920.46,66930.31,67001.0,66850.76,1729766700000,2544
61.17573002000001,66954.3778,66930.31,66920.79,67042.0,66900.0,1729767600000,2371
32.94985656,67021.3021,66920.79,67085.35,67144.0,66918.95,1729768500000,2231
65.30816148000001,67174.7588,67085.35,67183.59,67327.0,67029.6,1729769400000,3153
54.048324320000006,67215.1202,67155.3,67213.4,67290.0,67155.3,1729770300000,2499
112.73527949999999,67311.7097,67216.04,67277.7,67480.0,67184.1,1729771200000,3941
53.956978989999996,67321.1048,67277.7,67263.64,67428.0,67263.63,1729772100000,2499
107.38759498,67280.3985,67347.0,67316.39,67386.0,67217.54,1729773000000,4052
175.4907509,67423.3898,67316.39,67453.22,67576.0,67312.6,1729773900000,4963
158.86270715,67479.9606,67453.23,67558.3,67665.0,67379.27,1729774800000,4861
142.30951883,67598.4759,67556.74,67540.78,67731.0,67488.81,1729775700000,5381
410.45970684,67674.8933,67540.1,67778.06,67888.0,67424.4,1729776600000,9991
326.50469692999997,67816.4516,67779.74,67837.91,67987.0,67592.86,1729777500000,8743
260.52620026,67711.9003,67837.92,67656.46,67919.0,67544.96,1729778400000,8211
388.40629704,67584.3153,67655.39,67502.0,67803.0,67462.41,1729779300000,9122
399.2177632,67790.7662,67508.76,67799.04,67966.0,67490.76,1729780200000,11609
217.74705728,67724.3317,67799.04,67724.48,67903.0,67555.74,1729781100000,7397
207.97138189,67724.1889,67706.5,67877.06,67934.0,67525.34,1729782000000,8019
163.97538282000002,67755.8858,67873.39,67656.93,67912.0,67635.0,1729782900000,7043
217.80247766999997,67764.9607,67654.07,67827.69,67940.0,67617.98,1729783800000,6720
264.05526648000006,67649.2749,67824.39,67635.99,67871.0,67529.23,1729784700000,7698
289.6987936,67484.4588,67680.0,67327.89,67743.0,67324.28,1729785600000,8593
196.22259503,67431.5062,67327.91,67597.47,67623.0,67278.74,1729786500000,7836
180.74900191,67642.292,67601.17,67550.97,67751.0,67535.55,1729787400000,6066
127.35692746999999,67599.7996,67550.97,67522.16,67674.0,67494.39,1729788300000,5341
155.35810352000001,67491.0523,67552.0,67506.76,67587.0,67397.0,1729789200000,5707
131.11538156,67527.9441,67508.83,67535.3,67610.0,67431.22,1729790100000,5632
185.41755377999996,67668.1629,67535.42,67734.92,67778.1,67523.57,1729791000000,6636
165.43971936000003,67715.5613,67734.91,67596.32,67852.0,67577.78,1729791900000,5672
161.26333441,67724.0821,67595.87,67825.01,67841.0,67564.84,1729792800000,5304
319.88344154000004,67850.7046,67825.0,67804.1,67953.0,67787.85,1729793700000,7830
185.37814066999996,67774.7977,67799.61,67693.06,67880.0,67661.99,1729794600000,5691
194.29957987,67738.5835,67693.06,67784.84,67832.0,67643.06,1729795500000,5906
219.59901389,67729.9518,67780.55,67744.55,67804.0,67669.1,1729796400000,4965
379.16679306,67925.9807,67744.56,68050.0,68121.0,67739.31,1729797300000,7406
479.19631883,68118.9178,68050.01,68195.36,68245.0,67987.4,1729798200000,8973
422.30107329000003,68215.9397,68195.35,68289.0,68346.0,68115.6,1729799100000,8554
213.39270599000002,68177.7934,68257.4,68126.0,68328.0,68097.96,1729800000000,5629
74.23436453999999,68151.555,68163.56,68084.36,68250.0,68074.92,1729800900000,4182
187.10660428000003,68039.1813,68110.8,68122.62,68167.0,67931.55,1729801800000,4927
62.60912714,68175.8779,68122.62,68148.24,68225.0,68109.22,1729802700000,3812
150.6201323,68376.4538,68139.6,68477.73,68576.0,68139.6,1729803600000,6136
395.97861462,68603.8378,68478.61,68567.86,68846.0,68449.5,1729804500000,7920
110.29510375,68477.4637,68511.0,68399.87,68650.0,68345.45,1729805400000,5020
55.349541959999996,68322.6336,68399.87,68305.7,68450.0,68253.14,1729806300000,3794
137.79929981,68440.9801,68305.69,68501.0,68529.62,68290.21,1729807200000,5911
76.28024371999999,68402.514,68456.39,68342.69,68518.0,68295.81,1729808100000,4025
128.61001195999998,68245.2734,68346.1,68177.38,68374.0,68161.92,1729809000000,4893
112.52125963999998,68162.2098,68182.41,68139.56,68231.0,68134.7,1729809900000,3675
66.18095072999999,68151.0869,68190.0,68121.45,68221.0,68102.76,1729810800000,3752
61.6273554,68168.2313,68121.44,68084.68,68224.94,68062.7,1729811700000,4174
51.53710246,68076.265,68086.34,68104.73,68123.19,68010.02,1729812600000,3596
42.91664979000001,68140.1648,68104.73,68156.84,68211.0,68082.9,1729813500000,3505
94.21134459,68170.7155,68170.1,68151.21,68241.0,68090.51,1729814400000,3870
69.02772384,68161.7686,68153.22,68111.19,68239.0,68093.04,1729815300000,3503
96.72772803000001,68004.0896,68111.2,67970.06,68132.0,67932.62,1729816200000,4424
55.84063909999999,67932.9677,67973.1,67948.22,68004.0,67870.07,1729817100000,4073
107.70812832,67874.2951,67941.8,67826.49,67966.0,67820.0,1729818000000,3759
70.226905,67878.356,67826.49,67961.48,67972.0,67816.81,1729818900000,3434
206.26177890999995,67870.6088,67958.98,67860.45,67972.0,67805.78,1729819800000,4342
58.18409319,67879.4476,67858.8,67933.22,67938.4,67817.14,1729820700000,3313
41.59821318,67959.6314,67893.8,67884.92,68060.0,67859.96,1729821600000,3537
75.69801840999999,67868.0649,67884.44,67933.0,67949.0,67790.75,1729822500000,3489
56.67610773,67950.9656,67928.77,67959.49,68026.0,67912.25,1729823400000,2920
40.911402,68006.2103,67959.49,68023.9,68063.0,67933.7,1729824300000,2693
69.30794264000001,68084.7957,68035.2,68114.59,68136.0,68020.02,1729825200000,3393
41.17129980000001,68144.1667,68114.59,68131.12,68210.0,68074.9,1729826100000,2442
43.508302279999995,68073.1054,68132.24,68027.6,68187.0,68000.0,1729827000000,2672
28.628118730000004,67978.9375,68024.6,67966.65,68070.0,67937.8,1729827900000,2099
51.19112662999999,67942.1665,67978.4,67867.76,68020.0,67865.11,1729828800000,2622
82.22948857,67753.8937,67867.77,67667.34,67920.0,67659.56,1729829700000,4181
54.7416505,67743.0176,67667.35,67767.45,67813.0,67667.35,1729830600000,2846
72.93532655,67718.5081,67767.44,67702.69,67798.0,67650.0,1729831500000,3395
54.505354919999995,67678.765,67700.0,67640.01,67719.0,67623.31,1729832400000,2731
34.02349407000001,67645.4069,67640.01,67707.93,67721.71,67550.38,1729833300000,2471
71.74196986,67755.5314,67707.94,67825.75,67862.0,67693.21,1729834200000,2653
27.526021829999998,67744.9521,67825.75,67706.14,67856.0,67684.63,1729835100000,2260
43.71833455,67733.2701,67706.14,67756.36,67822.0,67631.56,1729836000000,2453
26.16518004,67717.5566,67756.37,67696.56,67773.0,67676.0,1729836900000,2129
33.15141355,67655.0264,67696.55,67600.01,67738.0,67595.9,1729837800000,2408
31.30973608,67577.1695,67600.01,67592.05,67630.52,67550.0,1729838700000,2562
133.00840866,67522.601,67592.49,67453.0,67694.0,67411.91,1729839600000,4058
91.15480034000001,67372.8217,67443.99,67260.83,67506.0,67220.01,1729840500000,4646
143.59825302,67347.4862,67260.85,67425.13,67431.0,67204.96,1729841400000,5021
179.1165719,67420.6264,67394.1,67502.8,67507.0,67361.57,1729842300000,5097
66.48620324,67425.8011,67499.48,67387.93,67538.25,67326.97,1729843200000,3447
144.07118711,67352.5129,67387.93,67554.24,67582.38,67267.97,1729844100000,3375
58.24263438,67633.7674,67553.61,67672.47,67736.0,67544.9,1729845000000,3529
53.13271606000001,67617.4401,67673.48,67608.89,67730.0,67566.74,1729845900000,2895
68.17421019999999,67663.5267,67602.1,67633.0,67755.0,67569.06,1729846800000,3408
62.62887635,67596.9512,67633.0,67588.6,67694.0,67542.83,1729847700000,2880
52.67833084999999,67538.2395,67588.6,67517.33,67642.0,67463.43,1729848600000,2626
84.3458081,67648.661,67517.32,67774.12,67849.0,67488.75,1729849500000,3639
34.91811055,67722.7093,67774.13,67705.17,67830.0,67672.69,1729850400000,2675
44.712105420000015,67708.7131,67711.3,67803.99,67833.0,67609.73,1729851300000,2885
37.90985988,67763.3728,67794.64,67780.58,67848.0,67714.7,1729852200000,2699
56.57101607,67800.3315,67780.59,67816.64,67850.0,67739.3,1729853100000,2668
81.37471570000001,67828.7642,67807.3,67886.47,67934.0,67739.54,1729854000000,4335
51.31494395,67946.1452,67886.46,67931.69,68024.0,67860.9,1729854900000,3998
67.73578431,67927.3441,67935.06,68009.83,68025.0,67884.47,1729855800000,3773
117.79551177,68056.4132,67965.0,68065.06,68155.0,67964.9,1729856700000,4628
116.98806695,68182.4361,68065.06,68105.38,68280.0,68065.05,1729857600000,4898
97.49455585000001,68024.5903,68105.38,68038.55,68155.0,67939.8,1729858500000,4767
98.82551073000002,68031.3854,68036.87,68116.4,68147.0,67979.15,1729859400000,4084
79.85681643000001,68096.1618,68116.39,68022.14,68182.0,67993.19,1729860300000,4540
116.18975155999999,68016.4992,68027.4,68055.3,68103.0,67904.19,1729861200000,5863
94.56296367,68020.778,68055.3,67972.05,68145.0,67944.56,1729862100000,4117
270.27643276,67847.399,67972.06,67725.04,68078.87,67686.95,1729863000000,9099
386.50131445,68090.398,67728.54,68281.72,68400.0,67717.75,1729863900000,12410
405.12412638000006,68322.98,68293.1,68412.97,68456.71,68086.33,1729864800000,13412
624.5995866899999,68540.4218,68412.96,68641.46,68713.25,68388.6,1729865700000,16277
431.72101432999995,68549.5477,68639.69,68265.7,68750.0,68225.93,1729866600000,11487
355.28203992000005,68309.8176,68264.53,68274.22,68446.0,68195.54,1729867500000,8539
282.01169543000003,68415.2277,68312.9,68437.28,68512.09,68274.22,1729868400000,7569
176.31101363000002,68372.4833,68434.94,68258.79,68517.0,68235.31,1729869300000,6707
302.42646397,68161.3827,68258.79,68034.46,68341.0,67921.2,1729870200000,7703
631.88214739,67631.9345,68034.45,67650.56,68063.0,67400.0,1729871100000,12617
356.43310577000005,67580.3207,67650.56,67766.41,67838.0,67294.07,1729872000000,9818
221.42752191,67710.9896,67766.41,67562.74,67832.0,67552.56,1729872900000,6559
173.06165160999998,67587.6134,67561.71,67735.31,67743.7,67460.15,1729873800000,6624
182.51676488000004,67716.8313,67736.0,67622.56,67842.0,67614.37,1729874700000,5767
137.59539596,67689.1221,67647.5,67672.25,67787.36,67564.99,1729875600000,5522
199.63267413000003,67435.38,67671.68,67366.95,67701.9,67310.01,1729876500000,7023
149.75369049999998,67339.6853,67364.87,67223.78,67457.0,67217.22,1729877400000,6458
738.46817887,66970.5421,67218.28,66762.11,67476.0,66690.04,1729878300000,18687
1467.2732491499999,66376.904,66823.0,66948.0,66998.0,65837.92,1729879200000,33657
771.07002608,67039.6998,66849.2,67313.59,67489.0,66691.61,1729880100000,19595
496.3424361499999,67396.3545,67313.6,67252.0,67555.0,67226.58,1729881000000,11077
218.82463605,67172.6319,67250.26,66915.42,67401.0,66889.55,1729881900000,7895
305.99334438,66867.9837,66915.41,66839.0,67186.0,66698.94,1729882800000,9939
440.66262481,66692.9921,66777.0,66785.2,67013.0,66468.51,1729883700000,12452
355.9800177,66879.3203,66787.55,66903.87,67070.0,66708.84,1729884600000,10157
297.69224973,66864.023,66903.88,66725.35,67034.0,66671.68,1729885500000,7794
170.35506296999998,66702.6972,66739.4,66691.6,66886.0,66602.09,1729886400000,5772
140.72181831999998,66641.1231,66691.6,66752.43,66896.0,66446.13,1729887300000,5600
91.94437599,66716.0253,66749.4,66579.15,66996.0,66556.89,1729888200000,6066
131.61991386000003,66715.0622,66569.31,66779.38,66936.0,66533.66,1729889100000,6390
80.9176439,66868.656,66788.88,66888.1,67050.0,66756.0,1729890000000,4631
70.92229452,66974.3119,66907.39,67033.41,67195.0,66825.65,1729890900000,4154
106.26611048,67071.3002,67033.42,67138.9,67234.0,66937.33,1729891800000,3696
79.10722321,67119.5699,67138.91,67171.51,67285.0,67056.28,1729892700000,3072
106.09904569000003,67208.7904,67171.52,67236.17,67354.0,67147.8,1729893600000,4275
60.98678623,67148.5736,67236.17,67082.41,67349.0,67068.66,1729894500000,3245
38.68585047,67107.107,67111.9,67092.33,67246.0,67074.24,1729895400000,3016
242.25296421,66850.5818,67092.33,66515.13,67211.0,66504.37,1729896300000,6772
433.34413508,66107.2295,66616.0,65692.47,66694.0,65691.0,1729897200000,11734
440.35668145,65839.7227,65692.12,65743.85,66292.0,65500.01,1729898100000,14617
231.24370054,66147.3594,65738.8,66165.84,66424.0,65636.84,1729899000000,10239
161.39817639,66415.1325,66160.85,66564.51,66779.0,66129.53,1729899900000,7127
138.32448275000002,66542.9522,66564.51,66514.34,66763.0,66442.2,1729900800000,6036
113.84695536000001,66601.7648,66530.2,66668.29,66798.0,66413.18,1729901700000,5953
70.48434177,66658.9173,66668.29,66678.54,66807.0,66554.21,1729902600000,4212
72.14760174,66707.1927,66678.54,66635.55,66834.0,66622.56,1729903500000,3752
54.65591223,66579.7224,66659.3,66465.71,66775.0,66451.45,1729904400000,3506
62.66078069,66561.993,66465.71,66657.11,66743.0,66436.91,1729905300000,3434
68.02006839,66547.2072,66657.11,66513.3,66743.0,66430.8,1729906200000,3217
63.04089163,66578.3961,66513.3,66597.1,66729.0,66504.0,1729907100000,3286
58.41519283,66470.9582,66594.88,66500.0,66701.0,66331.95,1729908000000,3759
38.102825089999996,66566.1291,66430.62,66626.14,66761.0,66419.2,1729908900000,3348
43.10270714999999,66606.8189,66626.13,66757.11,66866.0,66519.52,1729909800000,3097
54.15857664999999,66845.0161,66757.11,66728.09,67011.0,66716.4,1729910700000,4198
52.218143300000015,66650.6013,66750.1,66684.12,66851.0,66580.85,1729911600000,3495
38.03025107,66730.7982,66685.31,66835.62,66915.0,66648.06,1729912500000,2977
30.79444216,66841.9467,66835.61,66868.11,66956.0,66777.62,1729913400000,2215
20.01285754,66829.5479,66871.3,66816.54,66956.0,66788.04,1729914300000,2044
68.36634375999999,66805.3184,66823.8,66954.0,66954.0,66687.79,1729915200000,3217
54.88981293,66861.1064,66882.07,66860.84,66973.0,66823.8,1729916100000,2380
29.7239638,66830.729,66860.83,66862.64,66948.0,66789.99,1729917000000,1952
31.11891949,66845.867,66860.14,66855.95,66942.0,66815.86,1729917900000,1796
63.28588244999999,66926.313,66840.3,66968.12,67049.0,66840.2,1729918800000,2633
53.32583548,67027.5056,66968.12,67060.55,67150.0,66944.0,1729919700000,2343
51.355272570000004,67086.7063,67060.55,67112.6,67204.0,67026.2,1729920600000,2448
21.760136179999996,67075.5078,67091.3,67049.34,67200.0,67038.19,1729921500000,1687
43.82059642000001,67021.4946,67049.33,66994.1,67146.0,66959.24,1729922400000,2296
54.06501323000002,67053.1622,67008.89,67038.49,67158.0,66994.2,1729923300000,2132
32.42186289000001,67103.3083,67038.48,67105.37,67227.0,67029.2,1729924200000,1933
16.25489935,67090.0681,67108.53,67086.89,67181.0,67065.31,1729925100000,1485
34.37279592,67082.4409,67075.2,67050.58,67184.0,67042.99,1729926000000,1963
42.90589106000001,67022.8631,67050.58,66959.38,67158.0,66956.19,1729926900000,1920
27.209763690000003,66968.9653,66959.38,66939.99,67069.0,66913.98,1729927800000,1672
20.308232230000005,66949.967,66939.97,66926.56,67049.0,66918.95,1729928700000,1614
37.98851285,66998.3706,66958.5,67042.03,67115.0,66920.3,1729929600000,1668
30.481764940000005,67012.7468,67042.04,67055.82,67154.0,66933.45,1729930500000,1588
18.206330499999996,67048.5518,67066.16,67044.5,67173.0,67000.09,1729931400000,1302
39.88989145000001,67071.3448,67030.73,67164.0,67164.0,67030.73,1729932300000,1328
16.155290739999998,67042.3114,67067.8,67037.86,67164.0,67017.9,1729933200000,1324
38.786776579999994,67124.1283,67037.87,67140.72,67275.0,67032.0,1729934100000,1735
34.709894680000005,67073.1792,67140.71,67068.7,67249.0,67050.25,1729935000000,1322
25.677666860000002,67041.5867,67057.4,67104.0,67182.0,66973.03,1729935900000,1272
26.21563371,67002.0067,66968.89,66979.6,67122.0,66968.89,1729936800000,1336
22.463002609999997,67057.72,67009.39,67062.1,67171.0,66979.6,1729937700000,1243
15.3841313,67050.0279,67089.59,66948.34,67181.0,66948.3,1729938600000,1322
16.251165609999997,66986.8542,66951.77,66977.74,67100.0,66920.07,1729939500000,1276
43.29336422000001,66933.5008,66987.9,66950.0,67079.0,66876.82,1729940400000,2307
25.480229849999994,66981.9807,66949.99,66969.88,67079.0,66906.0,1729941300000,1783
24.473601170000002,67018.0063,66966.87,67032.4,67138.0,66955.95,1729942200000,1825
14.808952169999998,67051.8945,67032.4,67055.68,67153.0,67020.21,1729943100000,1427
51.61150799999999,67045.4356,67050.0,67038.1,67176.0,66978.8,1729944000000,1967
38.23904711,66949.2237,66980.33,66934.92,67080.0,66919.86,1729944900000,2152
32.449329899999995,66940.3303,66928.44,66964.49,67052.0,66906.75,1729945800000,1841
8.88559863,66952.7133,66952.5,66946.4,67052.0,66929.84,1729946700000,1746
16.69185009,66935.6536,66946.4,66921.32,67052.0,66902.96,1729947600000,1960
44.37832885999999,66883.2213,66920.83,66979.04,67069.0,66789.15,1729948500000,2827
22.81457366,66993.3278,66978.1,66923.86,67100.0,66923.85,1729949400000,1977
44.148983279999996,66834.9944,66923.86,66808.06,67042.0,66784.25,1729950300000,2795
54.36859889,66799.2252,66840.6,66791.7,66935.0,66734.03,1729951200000,3065
56.98330292,66733.0857,66791.7,66738.9,66909.0,66664.67,1729952100000,3723
26.49940883,66738.6361,66738.9,66799.0,66844.0,66661.51,1729953000000,3144
33.16778324,66742.0395,66714.23,66713.12,66853.0,66644.83,1729953900000,3507
39.41696879,66752.4874,66701.0,66732.98,66869.0,66675.24,1729954800000,3368
29.77180872,66805.4495,66736.9,66851.18,66963.0,66704.47,1729955700000,3915
24.56673346,66844.7048,66851.18,66896.49,66969.0,66772.67,1729956600000,3228
8.66873277,66824.0286,66896.49,66795.54,66969.0,66769.33,1729957500000,1137
6.66412405,66805.0925,66788.3,66741.3,66927.0,66741.3,1729958400000,600
6.169222380000001,66831.1349,66741.3,66859.6,66946.0,66723.7,1729959300000,270
1.04014931,66892.4802,66853.1,66850.6,66945.0,66833.9,1729960200000,139
9.787268619999999,66876.806,66850.6,66879.7,67040.0,66850.6,1729961100000,212
3.4118152200000003,66931.3393,66879.6,66911.2,67003.0,66877.3,1729962000000,284
38.18787532,66842.3418,66911.2,66955.28,67028.0,66388.2,1729962900000,1091
25.788703100000006,67032.6107,66955.27,67023.24,67120.0,66952.0,1729963800000,1118
30.10374183,66989.2667,67023.24,66974.5,67106.0,66959.0,1729964700000,2457
62.187790820000004,66988.7376,66974.49,67034.28,67124.0,66926.63,1729965600000,3667
28.585058959999998,67026.8385,67026.41,67019.42,67110.0,66986.18,1729966500000,4149
30.42416489,67009.4902,67040.1,67006.41,67095.0,66973.17,1729967400000,4031
14.64438757,66994.5868,67012.82,66942.16,67074.0,66938.08,1729968300000,2641
91.98440212999999,67036.0086,66942.16,67046.77,67125.0,66936.07,1729969200000,3275
46.934050979999995,67034.2289,67046.77,67028.66,67125.0,67000.0,1729970100000,2542
32.75940165,67019.4154,67028.67,66992.31,67106.0,66989.9,1729971000000,2510
106.48668368000001,67058.5534,66994.17,67100.49,67152.0,66969.75,1729971900000,3984
44.08275393,67098.1639,67100.5,67137.35,67187.0,67048.1,1729972800000,2513
81.4888141,67206.1947,67130.84,67271.38,67337.0,67091.9,1729973700000,3262
51.22101455000001,67260.5301,67257.1,67182.09,67446.0,67150.43,1729974600000,3255
33.28363671999999,67189.2118,67182.07,67173.56,67285.0,67129.79,1729975500000,2387
19.89775028,67146.2373,67173.56,67128.99,67230.0,67120.0,1729976400000,2313
23.203951899999996,67116.286,67128.99,67101.69,67216.0,67101.64,1729977300000,1850
65.15311466,67118.7813,67101.7,67044.18,67253.0,67039.32,1729978200000,3156
26.91610155,67034.1674,67044.18,67089.21,67170.0,66999.83,1729979100000,2284
14.652043140000004,67103.9131,67107.6,67083.54,67212.0,67054.4,1729980000000,2319
12.78360415,67047.4851,67077.77,67052.45,67160.0,67015.71,1729980900000,1850
13.915034500000003,67082.3777,67065.7,67098.44,67161.0,67042.55,1729981800000,1907
16.222987540000002,67063.454,67105.0,67042.5,67161.0,67039.43,1729982700000,1796
36.03079806,67029.9924,67039.92,67015.0,67125.0,67002.09,1729983600000,2136
26.496519619999994,67026.3087,67014.99,67035.35,67098.0,66993.44,1729984500000,2365
31.053568409999997,67033.3873,67050.8,67032.17,67140.0,67004.5,1729985400000,2663
14.391687759999998,67015.1137,67032.57,67012.56,67108.0,66996.1,1729986300000,2009
17.272717380000003,66977.8482,67026.1,66942.63,67082.0,66933.65,1729987200000,2202
19.668909460000002,66966.8024,66941.09,66984.86,67062.0,66919.42,1729988100000,2504
14.81916944,66975.6623,66984.86,66966.93,67049.0,66941.43,1729989000000,2299
23.922756240000002,66932.5187,66967.01,66926.41,67033.0,66881.25,1729989900000,2266
22.122583780000003,66893.9583,66947.8,66864.02,66990.0,66857.0,1729990800000,2281
32.98386879,66870.0979,66864.01,66900.21,66965.0,66836.78,1729991700000,2750
16.321726669999997,66944.6283,66900.22,66903.32,67045.0,66856.0,1729992600000,2416
12.047810619999998,66975.8022,66922.0,66985.09,67077.0,66886.09,1729993500000,2333
14.781164239999999,67000.6127,66979.04,67006.51,67070.0,66952.25,1729994400000,2263
5.976858259999999,66960.3858,67009.8,66942.88,67066.0,66936.09,1729995300000,1694
11.936373210000001,66962.7099,66942.85,66968.8,67029.0,66935.57,1729996200000,1988
12.413391069999998,66958.1645,66971.42,66960.1,67026.0,66931.05,1729997100000,2035
13.514521560000002,66959.9832,66990.1,66974.99,67026.0,66904.74,1729998000000,2086
17.89222697,67050.1897,66982.16,67105.68,67148.0,66981.0,1729998900000,2553
43.92570347000001,67082.1416,67105.68,67087.14,67177.0,67038.1,1729999800000,2664
64.15798514,67170.6634,67087.13,67197.58,67272.0,67079.8,1730000700000,2834
41.741084019999995,67164.2852,67156.0,67141.34,67272.0,67136.59,1730001600000,1975
23.265282150000004,67151.8297,67141.34,67145.8,67226.0,67120.23,1730002500000,1692
12.05211725,67106.3413,67143.28,67056.49,67209.0,67050.33,1730003400000,1761
9.406062700000001,67073.0328,67054.9,67061.46,67142.0,67021.79,1730004300000,1821
16.608995520000004,67066.3629,67059.8,67108.66,67150.0,67048.2,1730005200000,1732
31.3094689,67089.8699,67108.67,67084.9,67150.0,67071.1,1730006100000,1844
6.55206151,67103.1869,67104.63,67121.88,67175.0,67060.12,1730007000000,1605
8.63443977,67111.1123,67121.88,67095.66,67188.0,67080.02,1730007900000,1443
14.102650870000002,67102.4555,67093.81,67060.21,67188.0,67045.68,1730008800000,1307
4.81532148,67053.3797,67062.29,67059.43,67144.0,67030.11,1730009700000,1163
8.0931946,67056.0362,67048.4,67047.86,67128.0,67031.48,1730010600000,1230
4.54569321,67066.5938,67045.03,67096.33,67156.0,67035.08,1730011500000,1214
9.004958219999999,67101.2086,67064.8,67128.52,67191.0,67064.8,1730012400000,1158
8.27688979,67116.7935,67128.53,67103.58,67192.0,67088.44,1730013300000,1091
10.44078322,67102.4992,67103.58,67109.15,67179.0,67089.12,1730014200000,974
7.073030159999999,67124.0045,67104.49,67114.71,67192.0,67104.49,1730015100000,863
10.516931489999997,67146.2148,67111.9,67151.72,67238.0,67111.8,1730016000000,1073
6.83784907,67147.1057,67156.07,67119.17,67231.0,67119.16,1730016900000,925
9.795282929999999,67093.4983,67119.16,67081.91,67198.0,67077.04,1730017800000,974
11.901890929999999,67106.492,67081.92,67129.98,67205.0,67081.91,1730018700000,953
10.79737676,67091.3445,67127.7,67093.9,67204.0,67047.0,1730019600000,1063
7.80613472,67083.7983,67093.9,67062.89,67152.0,67047.08,1730020500000,995
10.303998390000002,67048.512,67078.4,67036.71,67131.0,67020.0,1730021400000,919
6.8601078499999995,67051.886,67071.5,67060.45,67120.0,67021.75,1730022300000,939
12.416975480000001,67071.6086,67067.9,67088.92,67156.0,67040.74,1730023200000,1022
22.55427971,67063.7765,67086.44,67034.52,67150.0,67004.48,1730024100000,1063
20.538981529999997,67043.6114,67067.9,67001.01,67100.0,67001.0,1730025000000,925
22.550332859999994,67020.8157,67001.0,67011.25,67095.0,66989.27,1730025900000,1111
14.872084110000003,66992.0842,67020.1,66986.13,67071.0,66955.36,1730026800000,1039
25.784960259999995,67044.6057,66986.14,67063.92,67105.0,66982.56,1730027700000,1403
9.97342424,67079.365,67064.19,67080.07,67138.0,67053.68,1730028600000,1070
11.62066447,67094.1528,67080.06,67050.77,67137.0,67040.03,1730029500000,1120
20.211526029999998,67054.5521,67055.1,67104.72,67147.0,67039.57,1730030400000,1597
133.15408884,67228.4508,67068.0,67285.04,67387.0,67067.9,1730031300000,3070
66.64813502,67354.6143,67285.03,67328.27,67500.0,67270.0,1730032200000,2481
34.53438235000001,67309.4719,67328.03,67303.1,67401.0,67263.13,1730033100000,1626
116.56345702000002,67463.9365,67303.2,67500.0,67618.0,67303.2,1730034000000,3429
91.68462021,67587.9616,67518.54,67578.58,67767.0,67499.9,1730034900000,3460
67.02521314999998,67570.0104,67578.58,67591.59,67692.0,67510.26,1730035800000,2439
38.50172812000001,67595.4121,67591.56,67536.43,67690.0,67498.49,1730036700000,2086
33.18086213,67622.7718,67535.9,67546.04,67723.0,67522.99,1730037600000,2563
20.37434827,67588.1201,67546.03,67593.67,67682.0,67538.83,1730038500000,1926
33.08402213,67622.14,67593.67,67636.92,67721.0,67555.02,1730039400000,2417
28.328012040000004,67610.2593,67636.92,67617.91,67721.0,67562.51,1730040300000,2237
63.02172448000001,67702.7162,67598.9,67709.9,67818.0,67598.9,1730041200000,2876
35.534336710000005,67679.2655,67661.28,67640.64,67769.0,67612.05,1730042100000,2270
24.867486470000003,67677.1792,67640.64,67714.92,67778.0,67610.71,1730043000000,2035
32.01721887,67725.4541,67713.52,67707.61,67850.0,67648.94,1730043900000,2383
45.8395587,67742.2184,67707.62,67751.59,67847.0,67686.62,1730044800000,2475
86.89276095000001,67673.5003,67751.61,67612.35,67861.0,67579.23,1730045700000,3238
60.70149834,67584.9798,67609.22,67650.37,67737.0,67535.05,1730046600000,2612
75.10424254,67694.3221,67657.03,67743.44,67827.0,67648.32,1730047500000,2310
39.17563658,67711.8708,67743.45,67715.72,67834.0,67682.45,1730048400000,2081
32.45413714,67692.9851,67715.72,67669.14,67826.0,67636.26,1730049300000,2044
101.37917970000001,67815.4942,67669.14,67760.66,67982.0,67669.13,1730050200000,3781
63.624426729999996,67715.4048,67760.65,67676.73,67853.0,67658.0,1730051100000,2741
57.145268089999995,67624.095,67774.0,67590.28,67774.0,67572.2,1730052000000,2678
22.06478356,67599.7122,67590.27,67605.67,67682.0,67551.06,1730052900000,2416
15.35509892,67613.0036,67605.67,67608.64,67710.0,67559.42,1730053800000,2139
31.769756169999994,67517.3616,67608.64,67480.84,67709.0,67455.55,1730054700000,2426
37.93365978,67508.011,67556.0,67516.4,67602.0,67468.03,1730055600000,2305
48.40185811999999,67615.6047,67514.91,67694.6,67809.0,67489.59,1730056500000,2773
20.132793819999996,67730.3549,67702.05,67713.6,67856.0,67655.02,1730057400000,2540
13.778409710000002,67722.7976,67713.6,67755.4,67834.0,67682.12,1730058300000,2147
38.00008748,67778.0345,67755.57,67727.16,67936.0,67704.64,1730059200000,2250
24.302609500000003,67771.9097,67727.17,67800.0,67878.0,67727.17,1730060100000,1984
19.53889681,67778.7492,67784.6,67748.74,67919.0,67728.58,1730061000000,2243
40.148609640000004,67706.058,67748.74,67680.34,67841.0,67637.78,1730061900000,2965
38.44137006,67681.1394,67715.1,67689.5,67792.0,67637.7,1730062800000,2294
31.75085329,67772.6159,67690.79,67865.27,67935.0,67674.17,1730063700000,1976
57.09277387,67865.0885,67865.26,67914.5,67990.0,67791.72,1730064600000,2545
114.23960235000001,67944.9345,67913.58,67840.67,68169.0,67742.03,1730065500000,3874
451.7578865,68077.608,67847.52,68164.83,68287.0,67845.63,1730066400000,10150
105.79387092,68141.3452,68165.78,68157.8,68300.0,68013.6,1730067300000,3477
73.34147234,68158.9846,68157.9,68142.54,68328.0,68062.21,1730068200000,3263
31.026169630000002,68084.6475,68142.55,68030.74,68255.0,68028.83,1730069100000,2227
66.20706121,68147.1118,68041.1,68163.44,68294.0,68030.31,1730070000000,2822
83.16037638,68106.5353,68163.44,67991.5,68271.0,67960.3,1730070900000,2755
89.58774659,67980.0684,67989.27,67963.26,68126.0,67900.0,1730071800000,2583
78.45957578,67957.0971,67963.26,67943.19,68083.0,67899.19,1730072700000,2564
129.97796161,67963.5148,67943.18,67977.76,68108.0,67881.21,1730073600000,3866
84.86173828,67988.2839,67977.76,67963.12,68115.0,67919.15,1730074500000,2829
54.74259967999999,67882.833,67964.32,67793.92,68078.0,67777.22,1730075400000,2812
60.55091021999999,67794.3564,67793.96,67765.66,67985.0,67733.35,1730076300000,3016
71.68373573,67778.6964,67786.6,67793.27,67921.0,67711.0,1730077200000,2582
43.47494906,67732.8513,67788.57,67710.25,67914.0,67670.73,1730078100000,3044
24.23095886,67715.0536,67712.28,67696.93,67846.0,67667.41,1730079000000,2422
42.10884376000001,67683.9205,67696.66,67657.78,67811.0,67642.7,1730079900000,2166
49.52937465,67629.9366,67651.57,67648.0,67775.0,67572.8,1730080800000,2759
21.51526536,67685.4885,67648.0,67764.01,67871.0,67608.41,1730081700000,2425
26.25404856,67699.7899,67764.0,67679.98,67870.0,67646.05,1730082600000,2275
12.37082567,67714.6479,67682.53,67710.0,67813.0,67671.54,1730083500000,1976
55.85738430000001,67825.7371,67710.0,67842.93,67948.0,67686.3,1730084400000,2562
57.7923162,67834.7092,67842.92,67844.79,67979.0,67775.85,1730085300000,2249
162.18539718,67781.7343,67844.89,67740.3,67956.0,67687.45,1730086200000,2932
42.05623471,67654.7879,67738.95,67646.8,67819.0,67618.96,1730087100000,2289
60.492462980000006,67655.8177,67640.4,67711.54,67785.0,67597.76,1730088000000,2187
91.02385861,67637.6305,67709.66,67593.49,67789.0,67551.43,1730088900000,2565
27.187898840000003,67592.5296,67587.15,67590.2,67708.0,67559.28,1730089800000,1746
32.16141657000001,67646.0096,67590.7,67658.54,67770.0,67583.0,1730090700000,1700
25.03434,67629.1136,67670.6,67617.01,67764.0,67612.39,1730091600000,1729
35.33251952,67637.5299,67617.01,67620.48,67748.0,67614.3,1730092500000,1700
64.96335018,67622.0015,67620.48,67677.58,67797.0,67532.48,1730093400000,2448
26.17577445,67793.2071,67674.8,67825.0,67937.0,67661.9,1730094300000,1887
62.41734020000001,67824.2304,67821.6,67888.0,67928.0,67753.5,1730095200000,2672
24.311754020000002,67781.4438,67764.41,67746.68,67889.0,67714.77,1730096100000,1377
15.38791719,67775.0616,67746.68,67803.59,67883.0,67707.9,1730097000000,1114
12.31052707,67833.9585,67803.6,67867.05,67951.0,67788.0,1730097900000,1231
178.87835919999998,68101.4963,67821.1,68348.77,68456.0,67821.1,1730098800000,3959
259.62290022,68466.7599,68342.14,68496.01,68679.0,68274.64,1730099700000,5573
163.27279941,68463.4996,68504.51,68397.15,68679.0,68335.45,1730100600000,4016
141.41335680999998,68371.8129,68397.15,68328.5,68548.0,68273.75,1730101500000,3299
87.14810308000001,68379.9845,68332.02,68449.12,68532.0,68324.4,1730102400000,3201
99.60362463999999,68397.0497,68535.0,68489.0,68593.0,68337.21,1730103300000,2804
140.49137765,68278.146,68363.79,68272.71,68489.0,68232.5,1730104200000,2811
75.22096398000001,68272.3129,68233.0,68241.57,68434.0,68233.0,1730105100000,2031
81.46599268000001,68258.8771,68244.0,68316.73,68469.0,68182.84,1730106000000,2428
37.25552698,68270.0163,68315.68,68213.64,68423.0,68200.0,1730106900000,1538
64.86480503,68199.2999,68213.63,68257.65,68342.0,68149.3,1730107800000,2207
98.10748956999998,68420.8509,68257.65,68492.49,68618.0,68197.5,1730108700000,3813
70.86893121,68542.9647,68591.0,68505.93,68672.0,68461.22,1730109600000,3098
128.09952011,68591.9562,68505.94,68665.71,68754.0,68484.1,1730110500000,4045
194.00437288,68705.9329,68665.72,68710.3,68873.0,68630.26,1730111400000,3954
159.26145881,68587.6172,68663.65,68550.76,68799.0,68530.6,1730112300000,3151
76.85773784999999,68529.3965,68545.8,68587.46,68699.0,68413.36,1730113200000,2990
54.36156580000001,68583.5677,68587.45,68657.31,68791.0,68495.06,1730114100000,2472
72.25348032,68649.0286,68657.31,68612.78,68791.0,68568.09,1730115000000,2625
72.88940521,68658.8153,68603.3,68682.91,68793.0,68598.8,1730115900000,3029
104.27615932999998,68659.7072,68682.93,68613.38,68886.0,68509.47,1730116800000,4676
191.39018385,68790.1051,68546.2,68847.78,68956.0,68546.2,1730117700000,5783
338.6778257000001,68894.6113,68849.72,68884.95,69069.0,68720.89,1730118600000,8456
411.78805235000004,68864.5556,68884.95,68838.91,69067.0,68747.14,1730119500000,8866
308.58334655000004,68886.9964,68837.78,68955.5,69060.0,68790.53,1730120400000,7855
340.45178897999995,68955.1562,68955.5,68902.76,69098.0,68842.3,1730121300000,7948
746.59460197,68965.3902,68903.5,69000.0,69228.0,68705.94,1730122200000,18002
589.1723092300001,69066.8385,69043.8,68763.0,69299.0,68736.0,1730123100000,12151
433.87638998999995,68819.7469,68773.56,68987.39,69090.0,68627.41,1730124000000,10526
317.26035915,68869.0487,68985.91,68758.8,69091.0,68737.2,1730124900000,8761
326.24524435,68780.011,68760.23,68880.0,68948.0,68625.22,1730125800000,8632
308.23875698000006,68915.2676,68879.97,68783.39,69060.0,68764.28,1730126700000,7238
407.17496760999995,68662.0153,68800.2,68650.94,68874.0,68554.0,1730127600000,8619
352.66702683,68550.9915,68645.0,68476.37,68758.0,68455.0,1730128500000,8550
366.88747194,68531.2354,68476.38,68538.52,68713.0,68381.46,1730129400000,9041
270.96296194999996,68589.6973,68546.84,68428.44,68771.0,68400.0,1730130300000,7153
286.34758912999996,68592.7558,68436.1,68736.44,68819.0,68378.92,1730131200000,7408
257.60592465,68785.9984,68724.48,68776.3,68926.0,68712.3,1730132100000,8101
413.10650538000004,68677.8962,68734.47,68864.58,68922.0,68442.08,1730133000000,8770
320.19977233000003,68774.5521,68860.39,68663.71,68989.0,68659.4,1730133900000,9309
412.77017277000004,68691.5451,68663.71,68864.08,68967.0,68461.02,1730134800000,10557
424.23757853000006,68866.6358,68864.08,68913.5,68970.0,68767.5,1730135700000,9929
479.1568666200001,69083.9684,68913.49,69151.61,69234.0,68869.1,1730136600000,10985
279.44629378999997,69028.1702,69151.6,68951.93,69226.0,68909.89,1730137500000,7991
347.60599277999995,69102.9799,68949.67,69135.08,69283.0,68892.2,1730138400000,10527
196.79712111,69003.8668,69135.08,68995.0,69221.0,68838.2,1730139300000,7705
171.09628674,68903.0476,68884.97,68977.0,69031.0,68834.28,1730140200000,6855
387.72425230999994,69046.4545,68910.1,69175.0,69260.0,68800.69,1730141100000,7437
913.2487936299999,69376.7438,69201.6,69567.68,69650.0,69102.19,1730142000000,18402
1097.1472783800002,69751.8981,69554.4,69780.27,70000.0,69536.72,1730142900000,21505
639.5176590599999,69690.9861,69780.27,69743.72,69921.0,69474.79,1730143800000,14544
423.53482427999995,69627.9143,69743.71,69616.92,69820.0,69451.19,1730144700000,11743
165.59760847,69543.8286,69612.53,69536.05,69738.0,69429.6,1730145600000,6307
139.34580723,69537.5798,69536.05,69414.61,69665.0,69400.64,1730146500000,6166
113.90477042,69490.2018,69414.61,69519.87,69585.0,69414.61,1730147400000,4468
99.58561107000001,69499.9182,69519.87,69639.35,69669.0,69425.14,1730148300000,4143
122.93386657,69691.1615,69639.35,69659.04,69812.0,69568.2,1730149200000,6174
102.86200894,69593.6671,69659.04,69567.09,69776.0,69488.11,1730150100000,4494
52.53269927000001,69659.1888,69567.09,69661.81,69815.0,69556.8,1730151000000,4107
61.27059046,69726.7226,69662.53,69770.0,69805.0,69662.53,1730151900000,3597
1172.7861910600002,70002.9791,69769.99,69968.54,70287.0,69706.3,1730152800000,20223
276.4075136799999,69904.0228,69972.2,69865.14,70072.0,69805.1,1730153700000,8966
133.38800977999998,69846.1901,69867.9,69762.56,69983.0,69734.0,1730154600000,5492
73.58952511999999,69807.4259,69762.56,69909.68,69946.0,69749.02,1730155500000,4272
201.05633568000002,70004.0739,69959.0,69910.7,70143.0,69850.0,1730156400000,5980
115.91361375000001,69817.9112,69881.3,69770.77,70040.0,69704.23,1730157300000,5201
77.01783954999999,69840.7688,69773.03,69828.81,69965.0,69750.1,1730158200000,3688
72.02094217999999,69873.9691,69828.81,69924.5,69992.0,69793.81,1730159100000,3330
138.72470534,69835.3332,69912.0,69811.08,70026.0,69705.76,1730160000000,4692
62.12455035000001,69819.0663,69811.07,69799.77,69952.0,69759.54,1730160900000,3967
55.738764120000006,69812.2076,69805.54,69745.12,69984.0,69719.94,1730161800000,4183
51.86743995,69879.7119,69745.12,69908.62,70030.0,69740.07,1730162700000,4097
47.70855666,69856.5079,69902.1,69832.94,70005.0,69780.11,1730163600000,3692
55.76787151,69861.6909,69833.03,69868.31,70046.0,69790.0,1730164500000,3695
58.38508631999999,69899.7879,69868.32,69894.0,70022.0,69820.81,1730165400000,4035
214.50310026999998,70147.5975,69926.65,70249.93,70367.0,69882.5,1730166300000,7255
912.32177942,70656.1027,70249.93,70957.16,71000.0,70165.53,1730167200000,19014
1015.99871728,71168.9461,70963.46,71344.0,71500.0,70730.75,1730168100000,22203
372.94739378,71274.1564,71300.01,71312.06,71458.0,71137.78,1730169000000,11758
313.29037554,71204.4374,71309.12,71099.9,71407.0,71067.0,1730169900000,9817
210.45414662999997,71294.6646,71100.0,71281.0,71407.0,71099.9,1730170800000,7108
122.15298454,71204.9671,71280.99,71225.0,71361.0,71091.23,1730171700000,6535
145.80886561,71062.7822,71129.77,70965.3,71283.0,70941.42,1730172600000,6799
129.64339284,70894.4259,70977.56,70875.61,71071.0,70811.73,1730173500000,6419
132.31829474,70956.5402,70875.62,71019.86,71120.0,70856.53,1730174400000,5931
87.67053468,71060.1774,71016.32,71044.07,71174.0,71013.92,1730175300000,4643
99.00388411000002,70997.3787,71026.8,70956.78,71159.0,70915.74,1730176200000,5377
85.48677342,70978.1928,70956.7,71023.2,71103.0,70933.1,1730177100000,4279
105.61716167000002,70983.7598,70962.9,70966.06,71108.0,70933.14,1730178000000,4680
99.07478633,70887.0364,70964.68,70844.7,71035.0,70835.8,1730178900000,4671
66.11109673,70888.1541,70850.27,70893.43,71000.0,70835.4,1730179800000,4153
84.66660173999999,70980.2879,70892.51,70969.53,71098.0,70864.0,1730180700000,4397
63.97171261,71106.7975,71067.0,71136.56,71264.0,70942.94,1730181600000,3658
64.4280919,71089.5752,71136.55,71043.94,71253.0,70988.69,1730182500000,3815
62.12700425999999,71109.4399,71041.86,71115.5,71244.0,71037.02,1730183400000,3778
226.73701551999997,71219.1355,71145.0,71199.24,71375.0,71111.87,1730184300000,5803
147.38477953999998,71094.3332,71199.23,70909.15,71285.0,70887.71,1730185200000,3881
62.03302432999999,70957.8101,70909.14,70983.81,71102.0,70909.14,1730186100000,2332
59.32838271,70928.0945,70983.81,70877.38,71102.0,70810.13,1730187000000,2772
49.2686102,70875.1061,70877.39,70963.89,71019.0,70781.31,1730187900000,2291
79.3184755,70977.7724,70968.78,70983.19,71115.0,70910.9,1730188800000,2713
53.31923435,70995.6929,70983.19,71061.66,71123.0,70938.79,1730189700000,2267
81.60994239,71101.4575,71059.74,71162.64,71237.0,70987.0,1730190600000,2344
55.18848486,71104.5303,71143.7,71084.59,71243.0,71048.91,1730191500000,2181
51.22189551,71144.407,71098.1,71207.18,71270.0,71064.85,1730192400000,2863
57.203611450000004,71252.0531,71207.18,71282.69,71395.0,71178.3,1730193300000,2962
53.64335507000001,71222.9906,71282.69,71166.8,71369.0,71154.34,1730194200000,2660
88.91219253,71163.7361,71169.49,71243.11,71304.0,71088.09,1730195100000,3804
64.54307405,71239.3689,71243.1,71123.31,71356.0,71123.28,1730196000000,3807
62.92498335000002,71129.9387,71123.31,71103.1,71268.0,71086.99,1730196900000,3388
60.600042699999996,71132.8382,71101.4,71237.27,71291.0,71033.43,1730197800000,3557
53.715208540000006,71160.0889,71237.28,71122.13,71310.0,71113.02,1730198700000,3567
71.65961633,71168.0985,71122.13,71213.16,71294.0,71098.28,1730199600000,3557
185.23483597999999,71238.492,71213.16,71276.49,71333.0,71186.9,1730200500000,5403
340.6237560899999,71432.1359,71275.18,71500.0,71579.0,71238.8,1730201400000,10767
156.73523523,71455.9547,71495.1,71413.7,71578.0,71393.17,1730202300000,6448
143.19174133,71346.5282,71416.91,71189.28,71529.0,71135.05,1730203200000,5939
72.78967746,71207.0069,71182.17,71193.62,71328.0,71140.15,1730204100000,4335
78.90634562,71211.1382,71193.62,71238.5,71329.0,71140.41,1730205000000,4020
237.58140554999994,71135.6863,71238.43,71061.86,71321.0,71053.78,1730205900000,4998
84.61055701,71078.9282,71061.82,71132.85,71213.0,71040.16,1730206800000,3794
71.42167660999999,71153.5602,71132.85,71183.13,71297.0,71071.6,1730207700000,4141
698.6537716100001,71280.0131,71182.71,71489.33,71579.0,70878.05,1730208600000,15986
801.0081284199999,71612.2953,71485.0,71774.14,71809.35,71313.54,1730209500000,20125
969.0338468600002,71775.6584,71769.3,71577.97,71973.28,71476.82,1730210400000,19863
483.16170361999997,71501.6437,71577.91,71558.82,71774.88,71280.19,1730211300000,11074
475.70663519000004,71799.0929,71560.88,71790.95,72120.1,71488.83,1730212200000,11391
387.5373753000001,71889.6722,71790.94,71838.87,72104.5,71722.85,1730213100000,10988
245.15547394,71746.3661,71849.7,71835.22,71907.0,71620.6,1730214000000,8386
993.1609529299999,71959.2826,71837.83,71925.29,72103.77,71725.94,1730214900000,21670
502.45188098999995,71980.2935,71931.64,72193.78,72250.0,71689.9,1730215800000,15461
812.66536964,72316.2765,72193.77,72402.22,72423.76,72125.1,1730216700000,18087
830.5195543599999,72480.8174,72362.0,72457.95,72683.73,72342.0,1730217600000,17641
542.18649729,72628.254,72457.94,72710.64,72746.86,72423.0,1730218500000,11762
395.2941876,72594.1029,72666.0,72667.0,72712.85,72498.6,1730219400000,9052
741.34119419,72790.2816,72692.56,72732.17,72936.71,72621.0,1730220300000,14412
610.7501359600001,72796.8224,72733.55,72746.54,72992.0,72609.0,1730221200000,10645
452.63322802999994,72843.3681,72746.54,72923.6,72968.36,72650.0,1730222100000,10354
361.03965434,72913.2021,72923.59,72720.46,72999.0,72706.37,1730223000000,9995
478.13598961,72621.3309,72720.83,72703.81,72824.35,72514.16,1730223900000,10688
212.83145537,72760.717,72701.04,72795.3,72841.15,72661.59,1730224800000,6969
307.81626216,72907.3028,72795.29,72843.64,73000.0,72651.18,1730225700000,8485
535.4871554099999,72986.2938,72843.64,72935.63,73105.67,72828.9,1730226600000,10140
546.99171334,73106.3496,72935.43,73168.16,73250.0,72879.0,1730227500000,10884
1025.73616692,73350.7672,73170.34,73550.14,73624.98,73118.0,1730228400000,17006
723.5951069099999,73103.9759,73550.14,72852.3,73568.95,72579.0,1730229300000,15827
552.6795283100001,72756.9736,72850.0,72661.29,72978.5,72465.0,1730230200000,13361
913.40599236,72755.6728,72657.98,72512.31,72959.88,72489.8,1730231100000,15298
376.3485576599999,72412.7991,72512.32,72420.61,72658.09,72177.0,1730232000000,10769
636.3037680099999,72133.0009,72420.62,71978.37,72446.06,71822.8,1730232900000,12472
187.31668677999997,72056.3485,71978.37,72154.03,72213.0,71842.66,1730233800000,7089
157.21835796000002,72318.4449,72154.04,72307.76,72409.0,72117.54,1730234700000,5687
103.61568172,72335.45,72301.22,72466.73,72475.97,72175.1,1730235600000,4628
105.17619288999998,72464.9522,72469.7,72395.17,72599.55,72338.1,1730236500000,5075
111.46519578999998,72325.1037,72387.0,72300.01,72434.0,72231.7,1730237400000,4732
74.23222478,72277.2547,72300.01,72259.89,72331.0,72212.2,1730238300000,4014
108.21445433,72280.2991,72263.61,72369.93,72387.2,72161.9,1730239200000,6458
112.30755144000003,72362.5314,72369.93,72355.45,72491.33,72240.9,1730240100000,7149
165.10786225,72564.9746,72338.5,72727.35,72774.58,72333.5,1730241000000,7900
237.95367937999998,72826.7607,72727.34,72635.9,72971.0,72610.25,1730241900000,9707
293.94760495,72610.5026,72645.94,72560.97,72798.0,72493.82,1730242800000,8456
190.28060349,72603.2271,72560.97,72620.68,72712.07,72504.85,1730243700000,8263
164.88612117,72674.3435,72620.69,72720.92,72782.01,72559.6,1730244600000,7015
110.86697239999998,72699.7934,72720.93,72724.35,72778.77,72553.5,1730245500000,5796
144.85368,72590.9768,72661.0,72523.34,72774.59,72407.5,1730246400000,5128
156.47586722,72443.1241,72523.34,72439.25,72523.34,72332.1,1730247300000,5407
129.23692813,72289.185,72439.24,72176.0,72439.24,72160.4,1730248200000,5874
191.66212753000002,72235.8062,72306.15,72274.51,72351.55,72034.8,1730249100000,6906
230.62259856999998,72089.0442,72143.5,72010.0,72274.52,71920.9,1730250000000,7369
153.82008825,72076.5868,72113.45,72131.98,72179.7,71878.8,1730250900000,4772
147.56046127999997,72278.1164,72131.99,72298.4,72406.34,71999.4,1730251800000,4320
101.11782766,72333.8334,72298.4,72408.55,72413.09,72118.3,1730252700000,3886
163.0903372,72475.2041,72406.9,72535.66,72624.0,72173.9,1730253600000,4688
102.74760635999999,72448.0069,72534.06,72402.56,72568.0,72288.0,1730254500000,3502
101.17174758000002,72430.2058,72402.56,72392.71,72545.61,72248.3,1730255400000,3490
60.03669193,72352.1755,72392.71,72316.45,72448.0,72183.4,1730256300000,2701
93.17149181,72347.3579,72196.9,72379.91,72463.61,72183.3,1730257200000,3498
118.89333848999998,72302.8188,72379.91,72239.9,72457.88,72149.2,1730258100000,3670
95.66428819,72219.6184,72239.91,72309.68,72309.68,72107.5,1730259000000,3110
82.51448366,72225.4829,72309.67,72224.23,72321.0,72100.0,1730259900000,2637
94.62965064999999,72222.5852,72133.7,72227.96,72276.0,72133.6,1730260800000,3033
75.19210308,72243.5912,72227.95,72306.71,72340.43,72170.9,1730261700000,2794
51.16198568,72285.5043,72306.7,72328.43,72328.43,72230.2,1730262600000,2199
86.80006982,72280.9792,72325.99,72266.1,72328.43,72171.9,1730263500000,2320
48.41323254,72306.2075,72217.8,72404.65,72404.65,72217.7,1730264400000,2647
56.20375404000001,72395.9779,72404.64,72469.69,72480.47,72292.0,1730265300000,2469
53.04699622,72437.7224,72469.69,72443.43,72495.38,72353.7,1730266200000,2543
78.03915989,72381.2801,72444.89,72485.7,72500.0,72299.9,1730267100000,2768
78.13009579,72521.188,72485.7,72540.57,72600.0,72412.9,1730268000000,3406
76.83156512000001,72408.6319,72538.15,72393.23,72578.0,72267.2,1730268900000,2835
53.784348570000006,72387.9747,72341.1,72327.6,72450.0,72320.3,1730269800000,2105
37.87029083,72328.4015,72327.59,72287.25,72379.0,72268.0,1730270700000,2165
23.777286500000002,72356.1227,72268.1,72402.98,72432.0,72268.0,1730271600000,1874
25.07627745,72353.3908,72402.98,72308.39,72449.0,72281.16,1730272500000,1890
77.61375616999999,72274.2434,72308.4,72211.7,72351.0,72190.7,1730273400000,1990
83.28549364,72151.8102,72210.27,72214.08,72260.0,72082.7,1730274300000,2678
135.54490832000002,72366.7137,72214.07,72490.5,72509.0,72190.7,1730275200000,3639
81.88185581000002,72481.3266,72490.5,72479.58,72556.0,72403.9,1730276100000,2593
86.62013035999998,72459.6637,72479.58,72381.28,72519.0,72363.92,1730277000000,2408
91.9068354,72288.1164,72381.29,72226.19,72430.0,72202.69,1730277900000,2822
55.71920693,72292.043,72244.7,72422.0,72422.0,72203.56,1730278800000,2647
26.39662772,72443.6819,72401.18,72484.01,72514.0,72347.7,1730279700000,2206
52.90803277,72477.1856,72440.1,72395.05,72525.69,72386.78,1730280600000,2460
72.10289421,72466.3687,72391.96,72553.33,72595.0,72367.24,1730281500000,3352
53.585728329999995,72517.5204,72553.33,72537.15,72608.0,72412.5,1730282400000,2702
35.691802859999996,72494.0112,72537.14,72477.5,72583.0,72433.08,1730283300000,2562
53.621309620000005,72412.6704,72477.5,72410.9,72502.0,72345.0,1730284200000,2705
46.71240056,72363.1529,72410.91,72341.15,72448.0,72320.5,1730285100000,2681
120.57831392000001,72260.1987,72326.4,72183.45,72415.0,72172.0,1730286000000,4506
79.24809058999999,72196.2351,72183.45,72122.79,72310.0,72109.67,1730286900000,3975
71.04175678,72177.1458,72125.26,72202.02,72292.0,72000.0,1730287800000,3306
166.58167639,72004.7566,72183.4,71988.0,72240.0,71823.5,1730288700000,5551
225.66652555000002,71900.0168,71973.15,72044.94,72136.26,71645.0,1730289600000,6691
100.39481588000001,72025.9362,72038.73,72040.04,72110.0,71919.64,1730290500000,5167
145.51299460999996,71916.2984,72040.04,71900.0,72084.0,71751.4,1730291400000,5608
220.28310265,71831.7219,71910.23,71849.29,72066.0,71730.2,1730292300000,6300
149.29636844,71783.213,71841.99,71843.9,71967.0,71645.0,1730293200000,6096
171.24919340999998,71756.5348,71843.9,71743.47,71951.0,71645.1,1730294100000,5729
505.51750540000006,71646.4656,71743.47,71458.16,71890.0,71404.1,1730295000000,10684
517.90686869,71747.8169,71455.19,71940.21,72139.0,71400.0,1730295900000,9958
307.84872334000005,72131.9255,71940.2,72292.91,72351.0,71900.01,1730296800000,8896
256.38807961,72202.4572,72288.93,72143.71,72427.0,72072.26,1730297700000,8923
271.80203781,72323.8316,72150.1,72305.37,72524.0,72067.0,1730298600000,9436
254.23523543000005,72325.7448,72420.0,72404.01,72498.0,72150.56,1730299500000,8166
352.64702372,72237.8801,72407.5,71853.97,72479.0,71838.39,1730300400000,8679
254.02285944,71862.72,71854.2,71941.41,72112.0,71681.28,1730301300000,7845
215.91566168999998,71928.0191,71941.4,71891.3,72093.0,71779.01,1730302200000,7207
162.87789675,72042.0415,71891.4,72040.42,72200.0,71855.62,1730303100000,5943
145.12132055000004,71949.5949,72046.3,71839.7,72106.0,71808.1,1730304000000,6219
166.04046793999998,71891.0928,71839.71,72013.28,72052.0,71775.55,1730304900000,6380
167.26441351,72042.3063,72013.28,72050.21,72177.0,71911.07,1730305800000,6107
258.54864511,72138.2412,72050.2,72114.7,72216.0,72030.0,1730306700000,6034
143.37216551999998,71934.1783,72099.98,71842.9,72178.0,71800.0,1730307600000,5591
107.63572812000001,71879.1654,71842.37,71829.44,71956.0,71817.0,1730308500000,4432
158.40107331999997,71752.1395,71827.64,71761.92,71957.0,71621.36,1730309400000,5958
102.06335135,71806.5525,71755.0,71873.59,71915.0,71740.01,1730310300000,4367
150.07931825999998,71950.7406,71873.6,71985.14,72078.0,71824.96,1730311200000,4605
136.88725985000002,71982.9804,71985.15,72008.1,72057.0,71923.29,1730312100000,3863
130.51462106,72054.0359,71980.0,72134.14,72184.0,71966.43,1730313000000,3809
205.27324077,71950.2133,72132.77,71960.98,72183.0,71832.1,1730313900000,5197
288.57358444,71915.7089,71955.27,72026.9,72038.0,71833.92,1730314800000,5398
364.65442508000007,71831.1242,72026.91,71848.05,72038.0,71761.53,1730315700000,5379
364.76722074,71924.9885,71848.04,71938.8,72005.0,71841.1,1730316600000,5403
537.99687822,71934.4168,71950.0,71817.56,72085.0,71796.88,1730317500000,7002
806.15171167,72033.0873,71812.7,71900.22,72474.0,71630.07,1730318400000,14592
666.00697958,72089.3641,71898.36,72285.29,72320.0,71812.83,1730319300000,9977
391.12167609,72276.2613,72285.3,72430.12,72520.0,72137.1,1730320200000,6523
507.29670698999996,72697.637,72425.5,72844.31,72898.0,72400.8,1730321100000,9878
440.31322515,72734.8769,72849.97,72453.96,73060.0,72445.36,1730322000000,9096
235.65800763,72339.0331,72457.1,72280.57,72561.0,72210.89,1730322900000,5719
100.34780274,72221.169,72280.58,72185.18,72410.0,72100.0,1730323800000,4369
66.95792507,72319.1704,72182.28,72376.57,72449.0,72174.25,1730324700000,3356
132.25933020999997,72357.546,72376.57,72474.92,72589.0,72234.75,1730325600000,4421
111.54401285,72521.2458,72473.77,72505.36,72732.0,72400.0,1730326500000,5845
60.612953420000004,72382.4426,72496.0,72379.51,72600.0,72274.93,1730327400000,3819
53.9257411,72367.9431,72378.22,72375.18,72516.0,72300.65,1730328300000,3683
90.47605453,72455.7592,72375.18,72547.76,72652.0,72335.02,1730329200000,3848
100.21249367,72616.0108,72546.88,72592.3,72762.0,72520.99,1730330100000,4495
55.93967512999999,72509.3674,72594.13,72459.49,72699.0,72408.02,1730331000000,3821
42.43517206,72386.8129,72459.5,72322.91,72542.0,72322.88,1730331900000,3107
98.32438287000001,72346.978,72331.1,72313.4,72471.0,72280.01,1730332800000,4006
59.393129470000005,72282.1317,72313.4,72299.65,72440.0,72232.0,1730333700000,3998
162.36137806999997,72090.7153,72299.65,72032.46,72397.0,72019.42,1730334600000,5712
48.38385381,72120.4045,72035.41,72144.0,72236.0,72032.46,1730335500000,3879
55.72675167,72239.0314,72132.0,72279.65,72387.0,72132.0,1730336400000,3598
32.94184423,72270.1829,72274.12,72272.83,72388.0,72223.51,1730337300000,2833
74.63010493,72143.1744,72272.83,72200.26,72376.0,72000.0,1730338200000,4000
95.80652480000002,72367.433,72200.27,72346.16,72513.0,72143.5,1730339100000,4106
35.14701141,72262.3425,72346.17,72231.18,72478.0,72160.6,1730340000000,3947
44.72734562,72285.373,72231.44,72287.35,72465.0,72212.4,1730340900000,3779
79.16827448,72411.9265,72287.35,72399.14,72578.0,72256.5,1730341800000,3587
91.15800981999999,72459.8885,72399.14,72528.97,72631.0,72352.7,1730342700000,3852
108.35942008999999,72530.7737,72484.0,72518.95,72668.0,72473.73,1730343600000,3788
66.12042625,72415.8188,72518.95,72358.63,72633.0,72325.0,1730344500000,3260
54.760062,72388.0225,72358.63,72412.33,72529.0,72335.91,1730345400000,2833
30.948216670000004,72353.226,72412.33,72335.04,72525.0,72268.0,1730346300000,2572
44.049816959999994,72322.8966,72313.4,72313.61,72429.0,72290.37,1730347200000,2793
39.425000239999996,72270.6126,72313.62,72285.77,72428.0,72206.06,1730348100000,3016
42.5225599,72307.4147,72285.76,72306.98,72441.0,72268.3,1730349000000,2271
67.22826744999999,72255.1636,72306.98,72258.31,72400.0,72207.51,1730349900000,2501
42.522749160000004,72213.1127,72223.1,72212.9,72354.0,72180.18,1730350800000,2126
72.75004688,72300.5313,72212.9,72262.76,72432.0,72198.9,1730351700000,2442
28.651698679999996,72310.6384,72262.77,72318.09,72407.0,72259.1,1730352600000,1980
54.159573300000005,72277.9517,72318.09,72266.2,72406.0,72257.1,1730353500000,1740
36.77534863,72270.5988,72271.06,72272.22,72393.0,72235.59,1730354400000,1902
32.88012094,72266.6341,72272.22,72264.69,72371.0,72236.75,1730355300000,1794
40.917412600000006,72235.3297,72264.7,72224.94,72360.0,72160.55,1730356200000,2318
53.11804558,72217.4169,72224.95,72194.0,72313.0,72133.35,1730357100000,2236
90.77541967999998,72200.6795,72193.9,72201.1,72338.0,72125.25,1730358000000,2909
94.81815359000001,72310.5833,72201.1,72355.71,72451.0,72201.1,1730358900000,2189
66.16822517,72417.9488,72355.71,72434.11,72524.0,72335.0,1730359800000,2183
50.22404572000001,72416.421,72434.1,72407.23,72493.0,72385.07,1730360700000,1811
51.307167449999994,72364.3206,72393.0,72293.47,72491.0,72290.57,1730361600000,2588
49.09352841999999,72248.4076,72293.47,72197.0,72363.0,72138.9,1730362500000,2529
30.68247233,72172.6889,72202.47,72167.96,72247.0,72130.0,1730363400000,3182
41.98033418,72209.3348,72170.65,72261.08,72296.0,72160.66,1730364300000,2277
79.36068843000001,72283.9326,72215.7,72306.0,72356.0,72215.6,1730365200000,2552
67.40668803,72289.9965,72306.0,72345.38,72377.0,72230.2,1730366100000,2166
23.60431969,72353.457,72345.37,72333.61,72397.0,72309.9,1730367000000,1596
27.95344613,72290.7301,72333.61,72284.75,72363.0,72263.38,1730367900000,1701
27.433391330000006,72324.8832,72285.56,72286.2,72400.0,72256.68,1730368800000,2245
32.0075532,72255.8351,72309.87,72261.3,72322.05,72200.0,1730369700000,2540
88.73769394,72369.7422,72258.73,72499.87,72500.0,72221.53,1730370600000,2739
172.52635070000002,72611.7325,72499.87,72606.8,72684.02,72455.4,1730371500000,4379
73.39059132,72449.4368,72606.9,72383.31,72644.24,72286.19,1730372400000,3730
71.79414987999999,72351.5742,72383.3,72330.71,72451.0,72271.94,1730373300000,3314
71.92117787000001,72294.8904,72330.71,72250.01,72364.39,72250.01,1730374200000,2897
101.65641254,72218.5183,72250.0,72200.1,72262.0,72197.01,1730375100000,2578
64.67930311,72204.4107,72200.11,72188.0,72261.69,72141.67,1730376000000,3109
122.82675385999998,72109.2943,72183.06,72113.63,72219.08,72019.42,1730376900000,4584
152.73682594000002,72167.69,72104.78,72162.2,72254.99,72056.01,1730377800000,5488
161.07899357999997,72090.0043,72163.63,72102.89,72282.0,71974.0,1730378700000,6092
58.46579832,72083.4364,72102.89,72055.52,72175.29,72006.39,1730379600000,3763
131.42212751000002,71991.1459,72055.51,71950.0,72071.67,71916.88,1730380500000,5475
449.8161618,71845.0458,71950.1,71774.14,71994.46,71715.02,1730381400000,10622
769.2947313100001,71418.1105,71774.1,71282.6,71775.35,71088.37,1730382300000,15017
876.98738587,71039.6737,71257.9,71137.2,71356.69,70730.8,1730383200000,18282
270.76392408000004,71129.8346,71146.06,70999.0,71341.44,70921.86,1730384100000,10322
361.16984591,70957.8639,70999.0,70841.14,71205.0,70790.4,1730385000000,11005
774.87904472,70704.7882,70841.14,70721.36,70885.1,70593.08,1730385900000,15260
556.15411182,70753.4342,70665.7,70729.7,71033.0,70511.03,1730386800000,13090
354.57956315,70876.4388,70729.69,70825.99,71009.9,70707.27,1730387700000,8810
439.14947091,70749.2621,70825.99,70700.47,70912.0,70621.18,1730388600000,8461
445.50911070999996,70522.7878,70700.47,70573.63,70736.0,70387.13,1730389500000,9482
386.05309769,70472.7147,70549.5,70620.13,70665.0,70249.1,1730390400000,8683
360.73078576,70652.4175,70620.14,70484.27,70899.0,70417.72,1730391300000,8723
395.6691313799999,70414.4645,70484.27,70385.97,70526.0,70365.4,1730392200000,8194
283.16601334,70348.9544,70385.96,70333.42,70455.0,70302.55,1730393100000,6479
209.69406109,70467.1703,70350.3,70736.23,70771.0,70280.1,1730394000000,6631
193.24352668999995,70624.8792,70736.23,70591.07,70767.0,70549.66,1730394900000,5521
232.37851216,70487.5602,70591.07,70617.92,70672.0,70343.93,1730395800000,7303
201.10102895,70651.5227,70618.17,70740.51,70778.0,70527.26,1730396700000,6018
263.62583542,70446.2078,70740.51,70408.67,70778.0,70306.72,1730397600000,8676
296.75774063,70309.8397,70408.66,70301.54,70476.0,70228.08,1730398500000,8280
401.77693745,70214.4973,70302.41,70371.66,70450.0,70000.7,1730399400000,10048
154.98850462,70522.3236,70370.9,70566.82,70670.0,70342.26,1730400300000,5632
152.82775213,70597.2801,70566.81,70665.85,70737.0,70483.8,1730401200000,5477
172.69302752000004,70487.1837,70665.85,70326.8,70707.0,70326.8,1730402100000,5159
275.79675686,70301.9696,70331.01,70371.28,70449.0,70225.01,1730403000000,6869
887.0887156199999,70175.2731,70371.28,69963.39,70603.0,69886.44,1730403900000,18506
604.2480402399999,69994.307,69956.56,69958.31,70176.0,69878.0,1730404800000,12953
275.34408468,70099.6314,69958.31,70100.45,70255.0,69957.75,1730405700000,6234
267.04092907,70089.8752,70100.44,69976.64,70251.0,69950.0,1730406600000,6285
591.7042621300001,69776.7109,69976.63,69922.3,70060.0,69559.33,1730407500000,11740
167.12274774,69962.3712,69925.37,70134.11,70216.0,69750.71,1730408400000,5748
174.73362371999997,70188.8882,70134.1,70213.54,70353.0,70071.6,1730409300000,4924
85.05241660000002,70206.1714,70213.54,70224.74,70393.0,70135.69,1730410200000,3788
123.53147205000002,70347.2852,70224.66,70350.1,70526.0,70220.27,1730411100000,4283
139.21230835,70314.3466,70350.1,70228.3,70478.0,70200.0,1730412000000,4781
88.51195267000001,70138.949,70228.01,70201.71,70311.0,70081.26,1730412900000,3954
124.99298717999999,70268.9555,70200.0,70376.5,70442.0,70172.03,1730413800000,3726
91.48363981999998,70388.2601,70393.16,70383.13,70497.0,70333.02,1730414700000,3209
104.34158975000001,70404.4038,70389.55,70400.1,70594.0,70297.65,1730415600000,4352
115.74728991000002,70465.613,70400.1,70519.33,70638.0,70376.4,1730416500000,3612
74.89808334000001,70463.4143,70510.8,70373.87,70611.0,70357.0,1730417400000,3196
89.90765054,70285.4396,70373.86,70197.83,70478.0,70175.16,1730418300000,3082
90.81336101,70267.385,70250.1,70355.72,70431.0,70162.0,1730419200000,3635
81.63253884,70317.7343,70343.0,70314.63,70439.0,70252.6,1730420100000,2990
98.52893286999999,70125.2778,70315.27,70154.73,70422.0,70038.83,1730421000000,4266
56.69380543999999,70183.8929,70165.7,70188.0,70354.0,70061.42,1730421900000,3187
39.02933131,70128.8947,70077.8,70231.95,70331.0,70056.05,1730422800000,3329
89.02862712,70012.8253,70231.6,69939.02,70327.0,69906.31,1730423700000,4703
356.35203982999997,69646.0926,69939.01,69820.93,70044.0,69420.0,1730424600000,11450
399.85003144999996,69468.2993,69820.93,69421.0,70022.0,69208.43,1730425500000,10828
543.6625112999999,69045.9073,69316.7,68954.52,69507.0,68750.37,1730426400000,13973
144.95753952,69162.3092,68954.53,69291.03,69420.0,68945.1,1730427300000,6436
116.43867951000001,69332.5411,69284.5,69222.18,69484.0,69202.93,1730428200000,5095
101.51390128000001,69292.2136,69222.17,69497.55,69583.0,69042.26,1730429100000,4720
87.78775111,69498.4869,69494.4,69480.28,69629.0,69408.19,1730430000000,3993
95.60664335999999,69562.0496,69480.28,69564.37,69697.0,69460.36,1730430900000,3509
108.34285888,69448.8051,69564.36,69380.29,69666.0,69365.88,1730431800000,3768
103.54818868000001,69297.1047,69378.91,69275.71,69481.0,69241.48,1730432700000,4382
102.02404279,69303.9446,69294.8,69341.72,69426.0,69250.04,1730433600000,3177
120.62263873000002,69338.1988,69341.71,69424.17,69510.0,69269.34,1730434500000,3310
145.61977675999998,69467.5374,69421.91,69506.6,69572.0,69395.4,1730435400000,3175
146.83903352000004,69535.7789,69506.6,69525.91,69639.0,69461.8,1730436300000,3729
39.94990606,69519.5873,69600.0,69484.54,69626.0,69453.73,1730437200000,2248
35.48900166,69510.4077,69484.53,69544.83,69639.0,69451.1,1730438100000,2880
41.37271915,69550.8043,69544.83,69563.38,69657.0,69510.01,1730439000000,2715
37.84372709,69544.754,69563.44,69541.2,69661.0,69513.18,1730439900000,2358
62.88250477,69464.5951,69541.04,69344.76,69690.0,69340.87,1730440800000,3479
54.99032449,69327.2531,69340.89,69245.74,69456.0,69241.91,1730441700000,2955
55.92849765,69315.9086,69245.0,69376.0,69510.0,69208.36,1730442600000,2953
42.755170580000005,69281.2886,69372.1,69147.67,69549.0,69141.26,1730443500000,2738
86.76106329,69174.2489,69186.8,69034.9,69326.0,69020.82,1730444400000,3939
47.182282079999986,69109.5521,69040.58,69192.03,69286.0,69025.8,1730445300000,3265
155.50752960000003,69287.9243,69192.03,69225.66,69432.0,69192.03,1730446200000,3608
54.19302784,69260.4762,69225.65,69204.78,69398.0,69163.02,1730447100000,2733
36.27561892,69234.9007,69200.5,69373.55,69436.0,69161.83,1730448000000,2845
57.45190794999999,69406.1972,69373.55,69390.81,69526.0,69338.81,1730448900000,2976
41.31674508,69345.7336,69390.82,69357.89,69513.0,69274.17,1730449800000,2873
49.87588133999999,69348.2697,69359.58,69309.7,69498.0,69230.46,1730450700000,2969
57.28900895000001,69335.0445,69291.3,69411.79,69486.0,69249.79,1730451600000,2947
35.894723709999994,69367.1629,69411.79,69353.8,69487.0,69326.45,1730452500000,2695
54.40498821,69428.6352,69353.8,69470.57,69558.0,69330.68,1730453400000,2364
39.08347744999999,69478.0264,69470.57,69469.4,69585.0,69431.47,1730454300000,2588
68.88270045,69539.8155,69470.15,69583.46,69646.0,69452.63,1730455200000,2783
130.40031183,69785.7031,69583.46,69890.0,69992.0,69565.5,1730456100000,5181
298.18823515,69881.8454,69923.44,69752.99,70137.0,69739.02,1730457000000,6474
125.46954151999998,69856.1187,69752.98,69920.31,70027.0,69692.24,1730457900000,3903
88.90510121,70038.1112,69920.1,70115.74,70192.0,69914.11,1730458800000,3764
89.79248776,70113.6912,70115.74,70126.55,70227.0,70045.01,1730459700000,3740
64.82229450000001,70092.6313,70126.55,70112.51,70191.0,70019.07,1730460600000,3700
130.46553685000003,69992.2278,70112.1,69937.72,70190.0,69913.62,1730461500000,4298
94.15704392,70040.4358,69945.1,70097.34,70236.0,69923.03,1730462400000,3875
92.86170895000002,70103.4567,70097.34,70019.62,70245.0,69985.12,1730463300000,3806
426.33237146999994,70143.6899,70027.12,70212.57,70437.0,69834.49,1730464200000,9751
153.87715032,70276.0431,70214.6,70294.48,70455.0,70162.57,1730465100000,5187
177.41171294,70170.3225,70300.0,70128.08,70361.0,70066.3,1730466000000,5393
125.41229799999999,70200.1016,70128.07,70155.35,70343.0,70102.71,1730466900000,5300
507.3287219299999,70550.6163,70155.35,70566.16,70888.0,70103.19,1730467800000,12225
554.96566189,70866.1288,70566.16,71205.0,71215.0,70430.44,1730468700000,11671
581.3109479100001,71188.9344,71150.77,71309.19,71394.0,70883.21,1730469600000,13212
690.2477839,71370.3141,71309.19,71474.86,71653.0,71216.22,1730470500000,12611
873.2385187,71441.1656,71474.83,71204.37,71637.0,71122.5,1730471400000,11287
545.58995524,71127.6403,71204.48,71258.6,71315.33,70903.71,1730472300000,9821
436.11605155000007,71123.715,71245.4,71075.6,71350.29,70900.0,1730473200000,8637
430.3706248699999,70836.3683,71072.34,70860.7,71079.33,70633.54,1730474100000,8338
616.0101451500001,70211.3303,70860.69,69936.86,70880.0,69727.0,1730475000000,13832
910.91923444,69418.7697,69935.96,69364.48,69959.0,69025.0,1730475900000,18172
309.09829441,69643.9356,69356.4,70016.56,70020.0,69327.86,1730476800000,8690
402.09026874000006,70185.9967,70018.39,70205.99,70512.0,69911.47,1730477700000,9749
200.84573958,70152.1895,70204.97,69955.0,70411.0,69846.79,1730478600000,7395
168.29313862,70057.2013,69949.73,69905.99,70224.0,69857.13,1730479500000,6399
350.70596452,69768.6315,69910.1,69877.33,70017.0,69450.0,1730480400000,8777
147.68593257,70039.842,69870.16,70025.03,70191.0,69840.94,1730481300000,6288
274.69613998,69699.0856,70025.02,69653.94,70060.0,69578.25,1730482200000,7569
230.60894212,69701.1201,69653.94,69552.21,69953.0,69524.07,1730483100000,6760
469.23622724,69474.4406,69555.27,69395.01,69641.0,69322.89,1730484000000,7593
381.3019625600001,69359.4007,69395.0,69418.34,69571.0,69215.95,1730484900000,9700
191.62710975,69340.6316,69413.9,69309.46,69547.0,69204.12,1730485800000,7164
302.22777702999997,69175.1934,69255.0,69099.91,69401.0,69003.64,1730486700000,9626
642.4064220599998,69002.4602,69099.9,68819.87,69333.0,68720.0,1730487600000,12628
226.08736854,69001.0236,68818.99,69003.35,69226.0,68768.72,1730488500000,7657
352.78114209,69192.8808,69002.09,69133.84,69469.0,68974.83,1730489400000,8619
298.7270328,69084.2244,69133.83,69211.34,69373.0,68851.58,1730490300000,9380
207.34288898,69219.6893,69206.18,69296.18,69392.0,69114.36,1730491200000,5933
125.74956711000002,69271.1515,69296.18,69361.05,69471.0,69200.0,1730492100000,4474
89.42242893999999,69378.2677,69360.5,69389.51,69516.0,69309.21,1730493000000,4190
94.68502272,69232.2492,69389.5,69205.22,69484.0,69115.8,1730493900000,4226
78.39548503,69214.4784,69203.65,69187.48,69398.0,69120.1,1730494800000,4136
128.69072469,69031.1815,69196.66,68924.7,69309.0,68878.63,1730495700000,5180
119.60514561,68944.7306,68926.08,68924.58,69171.0,68815.89,1730496600000,5218
75.33864743999999,69104.5288,68924.58,69213.07,69325.0,68899.0,1730497500000,3752
52.42521905,69303.7939,69202.0,69365.75,69441.0,69198.52,1730498400000,3838
52.517630079999996,69307.4197,69365.75,69232.51,69456.0,69186.75,1730499300000,3733
41.86922307,69306.8453,69210.9,69393.42,69478.0,69199.93,1730500200000,3380
30.77434971,69406.1164,69393.42,69400.76,69501.0,69350.71,1730501100000,3062
107.62981176999999,69495.0317,69391.4,69534.19,69600.0,69317.77,1730502000000,3338
61.9068263,69516.704,69534.19,69522.06,69645.0,69425.0,1730502900000,3036
25.26387751,69477.7027,69522.05,69455.9,69596.0,69441.47,1730503800000,2461
34.25873587,69496.7199,69455.9,69467.29,69600.0,69435.01,1730504700000,3011
76.10906501,69555.9087,69490.1,69598.07,69681.0,69441.17,1730505600000,3271
64.62579106,69552.9312,69591.4,69599.27,69694.0,69462.6,1730506500000,3418
38.172065599999996,69580.5701,69599.27,69580.24,69690.0,69534.74,1730507400000,2742
28.709354389999998,69621.462,69580.24,69647.91,69704.0,69572.5,1730508300000,2742
36.06606817000001,69625.6276,69647.91,69579.9,69730.0,69565.72,1730509200000,2877
29.103665609999997,69516.5244,69578.16,69551.08,69668.0,69472.62,1730510100000,2920
20.90133604,69559.4303,69553.66,69643.92,69718.0,69494.3,1730511000000,2720
17.814525070000002,69626.9693,69643.93,69642.27,69730.0,69596.43,1730511900000,2471
38.13588131,69697.8639,69642.26,69723.64,69801.0,69599.9,1730512800000,2329
47.10348205,69799.8977,69723.56,69864.74,69939.0,69703.3,1730513700000,2990
17.837467150000002,69819.1285,69864.73,69780.3,69939.0,69765.4,1730514600000,2708
26.674587000000002,69707.3271,69779.21,69641.0,69860.0,69632.8,1730515500000,2525
21.363688550000003,69706.0018,69635.6,69728.13,69810.0,69635.5,1730516400000,2342
36.00041042,69703.5466,69728.13,69730.0,69809.0,69650.11,1730517300000,2349
43.3782363,69651.5799,69700.0,69659.42,69731.0,69585.97,1730518200000,2738
13.52477688,69600.5593,69659.42,69581.79,69731.0,69539.2,1730519100000,2280
11.210591819999998,69530.6459,69574.6,69560.09,69639.0,69510.61,1730520000000,2368
63.36983714999999,69542.3614,69613.0,69502.1,69648.0,69495.37,1730520900000,2139
16.95131321,69495.6581,69520.82,69464.47,69600.0,69440.5,1730521800000,2253
16.92049954,69514.0002,69464.47,69542.42,69611.0,69435.93,1730522700000,1955
14.46864678,69489.6147,69540.0,69548.48,69610.0,69414.79,1730523600000,2022
10.013630940000002,69580.9525,69548.48,69547.57,69672.0,69536.9,1730524500000,1926
27.35882519,69592.5289,69543.61,69644.45,69726.0,69527.34,1730525400000,1995
15.545928150000003,69662.0796,69655.4,69675.43,69749.0,69607.16,1730526300000,1802
17.991418809999995,69671.5395,69675.44,69613.84,69751.0,69610.42,1730527200000,1874
14.48658996,69586.7965,69613.49,69609.56,69702.0,69541.56,1730528100000,1890
21.10760041,69609.5585,69609.57,69632.55,69684.0,69557.52,1730529000000,1660
20.47089759,69678.7909,69636.13,69724.41,69770.0,69635.5,1730529900000,1606
30.32729614,69708.9237,69700.0,69708.01,69794.0,69675.41,1730530800000,1997
22.84507556,69695.9811,69708.01,69675.21,69788.0,69655.0,1730531700000,1692
24.72653987,69709.1178,69675.22,69711.1,69845.0,69655.26,1730532600000,1514
23.005967860000002,69747.4493,69704.6,69775.82,69832.0,69697.1,1730533500000,1397
19.70191855,69749.6546,69775.5,69696.5,69854.0,69681.89,1730534400000,1384
15.11088378,69655.0315,69696.52,69607.62,69777.0,69600.36,1730535300000,1836
10.658217950000001,69593.4693,69607.62,69574.26,69699.0,69544.16,1730536200000,1312
50.077905310000006,69641.9694,69574.25,69603.03,69690.0,69572.44,1730537100000,1438
17.38197095,69580.3418,69644.0,69594.7,69680.0,69512.39,1730538000000,1488
12.456855449999999,69594.8531,69593.79,69618.79,69662.0,69553.06,1730538900000,1449
8.4400079,69619.7354,69618.79,69634.12,69686.0,69583.49,1730539800000,1401
35.24990549,69526.0978,69645.7,69525.64,69687.0,69483.81,1730540700000,1859
30.49495677,69462.4172,69525.64,69450.42,69585.0,69409.02,1730541600000,1910
52.06133433000001,69470.3689,69450.42,69400.0,69574.0,69384.28,1730542500000,1732
44.416995969999995,69464.9788,69400.0,69540.5,69594.0,69382.33,1730543400000,1862
17.77989666,69568.616,69537.04,69595.16,69646.0,69513.88,1730544300000,1401
41.30721643,69579.0186,69600.0,69563.15,69650.0,69561.17,1730545200000,1292
16.78274361,69607.7678,69563.15,69598.53,69690.0,69563.14,1730546100000,1481
7.887610059999999,69618.9376,69600.67,69620.45,69691.0,69599.0,1730547000000,1127
18.18700826,69634.0635,69599.9,69579.3,69715.0,69550.43,1730547900000,1464
9.76556832,69607.6354,69600.1,69601.88,69695.0,69562.58,1730548800000,1276
15.713068400000001,69545.4455,69601.89,69508.23,69683.0,69488.59,1730549700000,1597
44.93818053000001,69519.4964,69499.14,69546.44,69643.0,69451.14,1730550600000,1876
39.8220886,69463.256,69546.43,69437.37,69615.0,69370.0,1730551500000,2267
34.30935778,69467.011,69478.0,69504.87,69566.0,69355.0,1730552400000,2083
34.52792128,69611.1489,69504.87,69653.2,69705.0,69504.19,1730553300000,1893
81.91044971999999,69553.7547,69678.5,69557.21,69688.0,69416.21,1730554200000,3019
43.92174245,69440.4415,69557.21,69349.8,69581.0,69325.02,1730555100000,2486
133.80388808000004,69319.4594,69349.8,69282.75,69439.0,69212.12,1730556000000,3501
151.47501572999997,69181.1423,69282.75,69114.54,69300.0,69077.76,1730556900000,3731
63.31091764999999,69163.6829,69114.28,69122.08,69215.64,69091.39,1730557800000,2904
83.37400665999999,69084.0953,69121.5,69229.0,69245.46,69000.0,1730558700000,3864
78.29895675999998,69188.3805,69228.0,69181.97,69259.64,69106.26,1730559600000,3631
60.755423519999994,69239.7883,69181.96,69338.3,69346.78,69139.89,1730560500000,3467
43.49580235,69336.8296,69304.26,69252.28,69415.75,69249.9,1730561400000,3144
42.11417691,69324.5528,69252.26,69365.72,69420.89,69249.9,1730562300000,3230
40.79846028000001,69387.3738,69401.5,69355.71,69450.38,69330.35,1730563200000,2984
31.89382454,69354.23,69355.71,69445.36,69460.8,69289.0,1730564100000,2740
45.470818009999995,69500.0378,69439.65,69548.66,69574.44,69436.0,1730565000000,2994
20.378853460000002,69546.3925,69545.86,69557.17,69591.97,69518.91,1730565900000,2674
32.77621474000001,69508.4339,69555.17,69515.91,69577.77,69438.46,1730566800000,2314
16.10261668,69454.1057,69515.03,69431.42,69533.4,69405.94,1730567700000,2480
59.56704756,69382.3945,69429.15,69318.97,69498.87,69307.96,1730568600000,2704
23.90559163,69350.6161,69318.98,69376.59,69412.57,69312.49,1730569500000,2565
46.341317659999994,69267.5053,69390.0,69252.76,69408.89,69192.0,1730570400000,3188
26.086322379999995,69264.9933,69252.76,69264.9,69326.91,69224.0,1730571300000,2940
63.23762927000001,69331.697,69264.89,69439.78,69465.99,69250.0,1730572200000,2775
26.400850039999998,69423.6477,69439.78,69406.93,69470.63,69389.0,1730573100000,2715
18.9108546,69435.2609,69406.93,69447.29,69475.37,69361.56,1730574000000,3155
20.63209784,69440.2912,69447.29,69431.23,69477.57,69411.24,1730574900000,2537
24.116850539999998,69470.2476,69434.84,69515.95,69521.67,69431.24,1730575800000,2329
21.170377759999997,69517.7174,69515.94,69497.24,69548.25,69484.31,1730576700000,2248
14.364806759999997,69493.4428,69492.44,69524.84,69537.53,69439.0,1730577600000,2635
17.30113592,69518.5435,69519.73,69506.25,69556.46,69478.88,1730578500000,2077
41.80955713,69520.9019,69506.18,69535.2,69550.2,69461.73,1730579400000,2184
30.991522829999997,69522.6951,69538.0,69520.64,69560.63,69450.0,1730580300000,1834
29.154745249999998,69492.0104,69520.64,69420.7,69550.1,69420.7,1730581200000,1986
11.62395712,69453.9288,69420.7,69452.42,69498.1,69418.24,1730582100000,1743
20.186531650000003,69468.1575,69452.42,69433.4,69524.1,69429.56,1730583000000,1927
20.49158172,69436.9341,69486.1,69418.01,69486.1,69418.0,1730583900000,1520
41.945383619999994,69432.2129,69463.9,69499.48,69533.7,69335.26,1730584800000,2207
16.21684532,69461.3829,69499.48,69457.99,69522.0,69423.04,1730585700000,1739
16.329349770000004,69457.7733,69467.4,69476.64,69490.53,69428.18,1730586600000,1942
10.644502859999998,69442.0152,69476.64,69409.24,69488.3,69385.35,1730587500000,1639
146.92448905000003,69263.9351,69409.24,69264.93,69436.4,69166.17,1730588400000,3694
85.36515148000001,69180.4653,69263.82,69152.32,69287.0,69131.11,1730589300000,2788
38.80389478000001,69174.9088,69152.24,69229.7,69242.54,69101.0,1730590200000,2137
36.83536066,69295.8401,69224.95,69358.94,69365.27,69215.87,1730591100000,1809
55.41615316,69256.3246,69300.9,69339.71,69364.65,69180.86,1730592000000,2416
41.52485265,69284.4373,69339.72,69282.82,69346.1,69249.98,1730592900000,2396
32.37158043,69200.7555,69292.7,69205.26,69339.91,69136.84,1730593800000,2392
21.39911799,69187.8227,69205.88,69137.34,69251.25,69129.05,1730594700000,2262
27.31853585,69131.1308,69202.0,69090.01,69202.0,69082.26,1730595600000,2403
126.59842626999999,69044.3188,69090.0,69091.19,69145.0,68978.17,1730596500000,3749
28.42210585,69097.1346,69091.19,69126.35,69156.0,69050.0,1730597400000,2456
52.808150600000005,69089.4915,69126.98,68987.06,69201.01,68974.99,1730598300000,3036
319.15549760000005,68816.4522,68985.0,68666.92,69000.1,68592.7,1730599200000,8084
1193.44827293,68278.1239,68679.4,68200.4,68737.0,67604.3,1730600100000,14864
442.73142910999997,68082.0571,68190.04,68079.21,68412.0,67833.0,1730601000000,9522
223.80586817999998,68148.8283,68074.51,68182.58,68304.0,67868.89,1730601900000,6605
177.61011799999997,68261.8397,68225.0,68346.61,68452.0,67990.02,1730602800000,5505
86.29451088,68305.4727,68346.84,68245.27,68458.0,68232.45,1730603700000,3679
35.622846280000005,68315.5296,68240.81,68358.67,68394.0,68201.28,1730604600000,3161
104.73432396999999,68397.6837,68355.59,68355.74,68450.0,68348.27,1730605500000,3463
124.73371235000003,68392.907,68393.9,68399.0,68466.0,68282.76,1730606400000,3245
72.39894235999999,68428.3425,68399.0,68516.79,68564.0,68383.52,1730607300000,2900
67.07438545999999,68582.1714,68516.72,68517.02,68716.0,68509.85,1730608200000,2414
45.87366857,68529.3706,68517.03,68560.97,68626.0,68474.58,1730609100000,2155
34.35508198,68598.0637,68568.9,68627.95,68695.0,68495.79,1730610000000,2109
19.068037099999994,68544.7652,68627.43,68460.08,68689.0,68444.11,1730610900000,2296
36.10999214,68465.3872,68458.78,68527.97,68586.0,68396.19,1730611800000,2228
14.736284520000002,68468.5355,68527.66,68408.05,68587.0,68398.73,1730612700000,1637
55.04147727000001,68439.5728,68408.05,68392.95,68517.0,68355.98,1730613600000,1878
15.737146109999998,68437.1918,68392.95,68449.37,68537.0,68367.63,1730614500000,2033
16.81640778,68492.2968,68449.36,68594.56,68626.0,68423.04,1730615400000,1908
43.67309289999999,68652.2898,68591.5,68550.87,68770.0,68537.39,1730616300000,2421
78.62536768,68652.2084,68546.2,68678.92,68736.8,68498.83,1730617200000,2527
42.42739716,68524.2166,68682.96,68425.11,68729.0,68425.09,1730618100000,2440
116.47057208000001,68382.2095,68471.1,68374.9,68504.0,68356.32,1730619000000,3147
63.199326750000004,68376.3151,68374.9,68350.28,68496.0,68328.99,1730619900000,2491
65.75083303000001,68308.9954,68376.1,68312.78,68427.0,68254.45,1730620800000,2482
25.29900285,68305.2749,68378.0,68377.5,68424.0,68265.71,1730621700000,2139
48.21558084,68397.4244,68377.4,68458.05,68522.0,68335.06,1730622600000,2307
55.56250057,68502.9915,68467.4,68500.1,68604.0,68439.48,1730623500000,2418
17.157005129999998,68460.1994,68500.1,68487.67,68530.0,68396.04,1730624400000,1624
12.93442891,68454.2093,68494.7,68378.96,68537.0,68366.52,1730625300000,1549
41.84675956000001,68295.6122,68408.0,68262.2,68455.0,68191.61,1730626200000,1842
42.48656364,68227.1262,68218.48,68206.57,68327.0,68168.9,1730627100000,1822
50.081970780000006,68270.2246,68251.0,68300.0,68389.0,68203.87,1730628000000,2018
84.81896103000001,68405.2033,68357.3,68515.95,68550.0,68300.0,1730628900000,2245
18.06021652,68471.3659,68515.95,68510.86,68573.0,68380.41,1730629800000,1488
11.510926649999998,68459.7798,68504.89,68405.48,68568.0,68391.37,1730630700000,1201
15.19664001,68436.7587,68423.1,68519.16,68574.0,68344.01,1730631600000,1465
26.836384210000002,68479.8274,68519.15,68454.7,68562.0,68426.88,1730632500000,1696
15.650968340000002,68372.626,68454.69,68367.46,68503.0,68314.47,1730633400000,1926
13.6531951,68330.5332,68364.8,68330.01,68423.0,68282.08,1730634300000,1733
22.177076890000002,68320.8224,68325.0,68319.0,68436.0,68257.34,1730635200000,1759
17.70057243,68344.0232,68319.0,68463.0,68489.0,68257.05,1730636100000,1702
15.506042749999999,68454.804,68488.0,68505.88,68531.0,68389.0,1730637000000,1467
117.51655456,68477.5234,68505.15,68470.0,68540.0,68431.94,1730637900000,2379
96.54579229000001,68397.0898,68468.21,68310.51,68518.0,68290.0,1730638800000,2941
94.85886507,68402.3956,68310.51,68344.98,68471.0,68247.52,1730639700000,2638
115.53165086999999,68273.6204,68344.99,68198.53,68423.0,68143.28,1730640600000,3176
236.84183521,68115.6602,68196.93,68027.6,68333.0,67950.19,1730641500000,5142
90.4914084,68015.3592,68028.0,68039.83,68257.0,67889.97,1730642400000,3773
205.34285526,67862.1201,67999.9,67695.76,68188.0,67655.74,1730643300000,5813
160.12515080999998,67811.4737,67695.74,67686.36,68015.0,67654.01,1730644200000,5755
166.32269266,67703.0273,67689.21,67744.4,67964.0,67563.63,1730645100000,6774
179.57236986,67676.6012,67717.8,67707.88,67942.0,67573.69,1730646000000,6686
161.88560018999996,67623.7104,67704.48,67595.67,67800.0,67538.0,1730646900000,5579
243.87387529,67592.1183,67595.67,67661.08,67783.0,67444.0,1730647800000,7429
234.36149192,67958.9393,67661.04,68054.57,68244.0,67532.92,1730648700000,7466
198.42806638,68295.5417,68078.4,68421.95,68560.0,68025.02,1730649600000,6614
64.51053453,68421.6221,68360.8,68388.0,68561.0,68328.99,1730650500000,3710
231.21167595,68193.7778,68388.0,68194.93,68449.0,68046.28,1730651400000,6006
30.47508090000001,68164.5692,68196.5,68125.06,68294.0,68094.24,1730652300000,3051
34.58629297,68320.3937,68187.0,68477.0,68480.0,68105.42,1730653200000,2998
37.75987716,68335.203,68381.42,68340.04,68479.0,68244.28,1730654100000,2643
84.44630234999998,68415.9997,68340.04,68394.01,68501.0,68300.0,1730655000000,3510
76.40253881,68303.7599,68394.01,68336.38,68473.0,68247.35,1730655900000,3329
56.28005293999999,68378.9928,68336.43,68337.99,68471.0,68330.21,1730656800000,3299
71.38293374000001,68314.1141,68337.99,68274.64,68438.0,68252.07,1730657700000,3478
84.89584069,68055.456,68274.64,67885.07,68366.0,67880.32,1730658600000,4673
129.62115861,67820.9496,67885.05,67980.7,68079.0,67664.17,1730659500000,4875
71.07860115,68171.9408,67980.2,68317.0,68399.0,67968.22,1730660400000,3735
66.60772619,68392.3265,68317.0,68430.5,68566.0,68246.69,1730661300000,3337
186.43918432,68494.3897,68426.34,68601.38,68719.0,68376.79,1730662200000,3807
48.61665489,68610.3684,68602.26,68649.52,68712.0,68553.58,1730663100000,3086
71.82203084000001,68629.8697,68600.0,68536.29,68815.0,68491.01,1730664000000,3195
25.49380443,68567.4688,68536.29,68594.77,68688.0,68467.31,1730664900000,2693
109.88908121,68785.256,68626.7,68755.66,68971.0,68578.4,1730665800000,4040
64.1338111,68864.2757,68752.04,68937.07,69007.0,68741.47,1730666700000,2742
209.97353373,69058.9067,68939.19,69005.52,69241.0,68900.1,1730667600000,4708
154.94020001,69177.0698,69005.51,69287.3,69351.0,69005.51,1730668500000,4027
100.39157495,69212.53,69287.24,69191.69,69409.0,69049.0,1730669400000,3565
47.7082376,69115.1081,69191.69,69111.25,69285.0,69054.33,1730670300000,2356
126.10034882000001,69183.9422,69103.7,69158.45,69368.0,69078.28,1730671200000,3117
57.46972763000001,69112.7475,69197.2,69045.17,69259.0,69040.61,1730672100000,2046
106.45499086,68925.6452,69081.0,68853.12,69165.0,68747.89,1730673000000,2897
85.88088701,68862.2684,68835.6,68903.7,69028.0,68786.82,1730673900000,2407
320.37943681999997,68676.857,68845.17,68700.0,68942.0,68464.91,1730674800000,7036
198.24656166,68648.0818,68718.99,68724.7,68825.0,68538.71,1730675700000,4486
75.56745387000001,68751.0958,68766.16,68756.76,68915.0,68653.14,1730676600000,2488
99.45071064000001,68790.2462,68756.76,68738.18,68919.0,68683.07,1730677500000,2153
106.30777394,68614.8154,68806.0,68603.74,68806.0,68547.14,1730678400000,2969
100.64667656,68571.0324,68603.74,68492.56,68700.0,68484.75,1730679300000,2958
101.16507292000001,68386.8865,68512.4,68381.23,68606.0,68201.0,1730680200000,4070
60.59000425,68508.4594,68396.38,68676.1,68730.0,68317.54,1730681100000,3090
94.19907968999999,68673.8272,68685.0,68670.02,68849.0,68523.3,1730682000000,3527
161.63426108000002,68801.4704,68670.02,68786.48,69064.0,68602.39,1730682900000,3799
57.30849374,68779.3594,68786.49,68789.9,68979.0,68635.83,1730683800000,3061
36.49932536,68893.3884,68782.23,68923.78,69027.0,68708.25,1730684700000,2284
58.29153542,68956.9171,68928.3,68870.5,69135.0,68833.69,1730685600000,2879
74.07238059000002,68985.8972,68851.99,69132.75,69180.0,68833.69,1730686500000,2601
98.15523056,69117.3389,69132.73,69111.83,69293.0,69025.36,1730687400000,3195
59.15916823999999,69208.6328,69111.82,69252.18,69359.0,69081.64,1730688300000,2610
83.29115352999999,69320.7191,69325.0,69149.98,69505.0,69131.1,1730689200000,3511
34.23360076,69133.7589,69147.88,69107.97,69254.0,69064.88,1730690100000,2324
33.69882937,69119.1556,69110.04,69105.85,69261.0,69027.71,1730691000000,2119
46.302492599999994,69050.0231,69105.85,69000.61,69212.0,68954.84,1730691900000,2230
33.00201473,69080.6729,69014.1,69123.69,69191.0,68999.98,1730692800000,1877
42.83035514,69153.9426,69115.54,69291.67,69353.0,69080.4,1730693700000,2167
57.84542401000001,69177.295,69286.62,69181.0,69399.0,69064.16,1730694600000,2209
19.06288949,69112.449,69110.5,69092.75,69249.0,69033.45,1730695500000,1669
43.279701159999995,69058.3849,69096.8,69082.89,69187.0,68993.12,1730696400000,1802
29.717353270000004,69056.0704,69082.89,68918.1,69198.0,68913.29,1730697300000,1808
30.429479079999997,68885.5131,69051.0,68801.36,69084.0,68794.0,1730698200000,1941
53.69808773,68736.828,68802.85,68759.28,68920.0,68661.74,1730699100000,2291
32.26246434,68879.6323,68759.28,68932.67,69086.0,68759.27,1730700000000,1719
18.87048128,69014.3729,68987.9,69036.19,69171.0,68911.0,1730700900000,1600
15.849719130000002,68979.4686,69036.19,68937.08,69142.0,68900.06,1730701800000,1390
29.693726109999997,68991.6421,68932.91,69063.1,69197.0,68875.85,1730702700000,1540
36.14507557,69046.1833,69066.0,68964.53,69195.0,68955.43,1730703600000,1547
28.314867279999998,68935.6881,69017.4,68863.27,69090.0,68849.82,1730704500000,1448
103.62371230999999,68756.7234,68863.24,68694.88,68982.0,68681.07,1730705400000,2488
111.94061577000002,68604.691,68687.71,68544.76,68803.0,68541.01,1730706300000,2839
88.99575193000001,68584.1273,68564.6,68620.33,68764.0,68513.7,1730707200000,2862
32.40224118,68551.3763,68617.22,68570.29,68747.0,68491.84,1730708100000,1854
37.99030800999999,68516.4221,68570.3,68469.29,68672.0,68426.7,1730709000000,1848
45.89503893,68514.0696,68470.77,68631.01,68722.0,68405.28,1730709900000,2077
208.05729329000002,68694.9546,68631.01,68871.0,68878.0,68622.28,1730710800000,2653
96.2594837,68810.4598,68791.99,68693.03,68952.0,68693.03,1730711700000,1990
50.60273123000001,68544.0885,68693.03,68590.11,68809.0,68432.81,1730712600000,2070
64.82462631,68589.3637,68595.5,68584.7,68722.0,68513.7,1730713500000,1788
57.811791989999996,68716.9892,68584.12,68754.49,68907.0,68542.47,1730714400000,2142
54.20718266000001,68805.2834,68749.85,68709.13,68932.0,68700.38,1730715300000,2184
23.439132509999993,68779.7655,68709.13,68843.74,68931.0,68694.07,1730716200000,1559
22.718848739999995,68759.7261,68843.74,68786.32,68938.0,68709.53,1730717100000,1606
37.826812419999996,68758.1256,68799.7,68791.94,68940.0,68648.95,1730718000000,1913
67.41304021,68868.1054,68791.94,68728.01,69060.0,68714.74,1730718900000,2192
14.963020389999999,68762.3601,68730.59,68743.36,68887.0,68689.4,1730719800000,1680
56.93597143,68748.4003,68742.7,68734.39,68910.0,68694.6,1730720700000,2150
78.50935476999999,68826.6441,68734.39,68874.1,68988.0,68675.0,1730721600000,3069
44.83113944,68894.3863,68858.62,68886.0,69031.0,68809.28,1730722500000,2710
58.691268900000004,68848.7605,68872.46,68932.0,69004.0,68780.87,1730723400000,2648
57.91830462,68905.2568,68827.07,68935.6,69035.0,68820.53,1730724300000,2637
170.13450820000003,69056.2747,68912.42,69093.95,69276.0,68887.3,1730725200000,3925
143.94600867999998,69153.8627,69091.22,69044.74,69304.0,69023.96,1730726100000,3503
170.46377696000002,68914.9025,69064.2,68845.35,69205.0,68815.01,1730727000000,4277
203.61149803000004,68769.1544,68845.34,68731.0,68995.0,68608.27,1730727900000,5111
270.07259221,68544.6524,68651.0,68537.63,68733.0,68395.36,1730728800000,6006
145.37471874,68565.0716,68537.62,68601.93,68749.0,68463.22,1730729700000,4412
405.23525028999995,68362.4626,68603.95,68344.03,68716.0,68216.79,1730730600000,9606
314.02568424000003,68281.119,68344.02,68358.01,68507.0,68144.04,1730731500000,7537
280.74455954,68347.3034,68371.42,68217.45,68551.0,68217.45,1730732400000,7697
253.43195903000003,68352.0994,68217.46,68434.63,68530.0,68197.16,1730733300000,6930
281.72696699,68379.6008,68437.14,68398.87,68529.0,68298.75,1730734200000,6639
258.75609579999997,68564.936,68398.87,68612.35,68788.0,68293.75,1730735100000,6097
265.23695744,68619.8043,68612.67,68621.77,68839.0,68440.58,1730736000000,6311
253.84639900999994,68381.7624,68625.08,68253.09,68720.0,68198.94,1730736900000,5346
404.54604323,68104.4318,68253.09,67932.78,68373.0,67800.0,1730737800000,7638
509.83849848,67748.8468,67928.57,67708.93,68036.0,67561.05,1730738700000,9211
530.8228471100001,67531.6634,67795.0,67393.74,67795.0,67365.09,1730739600000,10066
498.17088715,67518.0951,67393.28,67752.29,67910.0,67191.0,1730740500000,10248
317.04699039999997,67798.5131,67752.05,67758.51,67957.0,67638.57,1730741400000,6137
167.73787443,67786.4213,67758.47,67794.73,67934.0,67669.19,1730742300000,4508
405.4855108000001,67650.359,67794.72,67640.54,67889.0,67503.38,1730743200000,6975
390.4607624,67836.7856,67640.54,67731.82,68080.0,67608.77,1730744100000,6474
295.01229817,67731.129,67767.5,67609.2,67858.0,67579.44,1730745000000,6117
193.99002203000006,67643.6964,67629.39,67604.68,67750.0,67585.43,1730745900000,4262
277.51716053,67853.7447,67604.68,67968.39,68073.0,67596.96,1730746800000,5634
175.43982563000003,67941.8166,67965.82,67925.99,68088.0,67854.0,1730747700000,3670
284.13774452999996,67835.4516,67922.88,67781.79,68031.0,67746.42,1730748600000,5121
174.23424631,67819.2342,67781.78,67799.08,67974.0,67746.95,1730749500000,3639
182.81349540000002,67685.4946,67805.3,67638.29,67899.0,67627.43,1730750400000,4302
145.43524751,67605.189,67634.65,67559.5,67758.0,67524.0,1730751300000,3992
201.43119136,67517.328,67605.5,67518.82,67699.0,67407.69,1730752200000,5194
439.13973495999994,67369.7099,67517.2,67279.04,67617.0,67231.21,1730753100000,8264
335.22143741,67379.8318,67273.4,67439.36,67554.0,67261.58,1730754000000,5470
248.31042892000002,67284.9825,67439.35,67446.1,67634.0,67039.01,1730754900000,6895
463.0702305,67047.6751,67431.98,66968.68,67534.0,66862.58,1730755800000,10857
301.57422314999997,66954.5673,66968.37,67071.68,67254.0,66783.77,1730756700000,8440
292.49142118,67467.2474,67095.0,67633.8,67695.0,67006.92,1730757600000,7370
193.70509719,67660.5857,67642.82,67663.06,67846.0,67562.02,1730758500000,5321
121.65909174000001,67694.6197,67629.1,67725.76,67847.0,67600.0,1730759400000,3839
142.48030843,67944.526,67725.76,67874.11,68132.0,67720.29,1730760300000,4006
135.84027591000003,67867.1283,67874.11,67790.97,68051.0,67750.03,1730761200000,4697
87.63569906,67759.5561,67800.1,67706.66,67938.0,67648.46,1730762100000,3368
78.19996583999999,67832.0717,67706.66,67700.01,67988.0,67694.1,1730763000000,3464
81.49397694999998,67683.5785,67698.43,67807.48,67886.0,67596.41,1730763900000,3284
169.23629142000001,67899.6795,67787.8,68004.0,68093.0,67744.72,1730764800000,5494
110.49383198999999,67981.6841,67881.48,67955.53,68105.0,67824.17,1730765700000,4690
102.07913189000001,68020.2519,67949.75,67989.17,68133.0,67904.86,1730766600000,4847
207.59775661,68040.9792,67983.47,67979.8,68203.0,67925.0,1730767500000,4763
40.856996869999996,67956.4221,67995.0,67926.18,68123.0,67888.0,1730768400000,3681
174.05788206,67763.5918,67926.18,67585.68,68059.0,67547.22,1730769300000,5608
94.86249475999999,67549.4516,67692.0,67814.12,67874.0,67427.53,1730770200000,4329
62.49305909,67946.4504,67814.12,67940.18,68082.0,67799.4,1730771100000,3673
79.1777879,67951.6672,67950.0,67973.06,68093.0,67866.29,1730772000000,3655
57.64528811,67920.7506,68042.0,67961.38,68073.0,67815.83,1730772900000,3456
73.66537263,67933.7135,67961.69,67840.71,68098.0,67839.06,1730773800000,3353
43.65779163999999,67829.7366,67950.0,67832.28,67950.0,67778.0,1730774700000,2843
34.31152956,67987.6811,67921.0,68011.39,68124.0,67821.41,1730775600000,2469
38.96654863,68014.9099,68028.0,68085.11,68162.0,67936.74,1730776500000,2761
28.427983239999996,68063.0434,68083.11,68044.4,68162.0,67957.4,1730777400000,2605
54.73381519,68095.9717,68051.75,68189.0,68285.0,67982.56,1730778300000,3005
81.92923399000001,68230.8871,68189.0,68301.05,68394.0,68166.3,1730779200000,3152
63.529887170000016,68359.4551,68274.0,68332.59,68488.0,68274.0,1730780100000,2920
75.09043711,68368.9442,68340.07,68394.89,68482.0,68287.59,1730781000000,2948
77.91129142999999,68349.7367,68394.89,68401.0,68538.0,68269.96,1730781900000,3573
81.04501209000001,68304.7818,68304.1,68348.63,68449.0,68248.94,1730782800000,2840
41.59876353,68344.1204,68348.69,68349.07,68460.0,68288.57,1730783700000,2213
88.41115395,68476.1838,68342.4,68446.11,68594.0,68342.4,1730784600000,2612
117.94669823999999,68618.4491,68446.1,68697.66,68814.0,68446.1,1730785500000,3742
62.51450877,68665.722,68785.0,68571.95,68849.0,68540.79,1730786400000,3430
44.15862546000001,68588.9195,68571.95,68570.88,68725.0,68528.77,1730787300000,2575
42.494816109999995,68613.0431,68570.88,68642.12,68764.0,68560.0,1730788200000,2221
47.193171219999996,68725.6951,68643.44,68733.42,68844.0,68610.95,1730789100000,2357
45.26488206,68727.5097,68756.5,68696.13,68845.0,68680.01,1730790000000,2656
56.41986830000002,68629.879,68696.13,68545.25,68816.0,68535.47,1730790900000,2443
108.81259919,68803.0631,68545.25,68881.38,69007.0,68545.25,1730791800000,3225
50.4137539,68863.6727,68879.29,68861.88,69029.0,68776.45,1730792700000,2484
96.15044585,68912.5739,68857.49,68910.5,69069.0,68806.44,1730793600000,3071
59.40333787,68814.5777,68846.05,68891.0,68981.0,68770.78,1730794500000,2173
65.37158864999999,68795.5351,68778.77,68864.0,68906.0,68737.82,1730795400000,2120
59.35225963999999,68906.3439,68742.58,68988.44,69083.0,68742.58,1730796300000,2303
151.20368112999998,68979.1063,69083.0,68958.97,69145.0,68793.71,1730797200000,4066
41.91646274000001,68859.4086,68956.18,68792.37,69022.0,68787.7,1730798100000,2428
68.37824454,68801.1607,68793.25,68812.03,68933.0,68704.26,1730799000000,2573
53.655008030000005,68783.6471,68758.9,68790.0,68932.0,68696.57,1730799900000,2462
63.250773769999995,68669.4769,68730.34,68654.2,68832.0,68594.21,1730800800000,2501
67.09200843999999,68687.7152,68653.79,68787.36,68843.0,68575.49,1730801700000,2368
52.20983722999999,68739.6765,68793.18,68714.13,68885.0,68681.21,1730802600000,1957
28.35281271,68690.5353,68714.13,68735.24,68810.0,68636.8,1730803500000,1620
52.827244179999994,68801.4998,68728.0,68870.66,68947.0,68724.24,1730804400000,2212
51.71787885,68811.2464,68868.37,68799.46,68946.0,68758.23,1730805300000,2538
71.40833871999999,68843.896,68799.45,68745.23,68999.0,68739.73,1730806200000,3105
63.01031509999999,68792.3417,68777.1,68777.08,68886.0,68739.44,1730807100000,3033
79.66090652999999,68820.9541,68780.01,68766.42,68920.0,68756.23,1730808000000,3425
80.07995630999999,68701.1946,68766.41,68687.31,68859.0,68644.5,1730808900000,3390
101.68150729999999,68805.6927,68696.3,68852.01,68966.0,68652.39,1730809800000,3665
79.84074814,68836.6534,68846.95,68837.16,68958.0,68770.17,1730810700000,3985
49.63593753000001,68760.4304,68837.15,68725.96,68923.0,68682.28,1730811600000,3752
53.52680912999999,68683.9272,68725.37,68701.38,68805.0,68626.59,1730812500000,3624
86.45364950999999,68755.9863,68703.0,68747.03,68875.0,68690.23,1730813400000,4072
123.74786174,68810.9729,68747.02,68779.64,68956.0,68682.52,1730814300000,4673
71.06777469000001,68802.1996,68779.64,68880.25,68959.0,68730.73,1730815200000,3610
309.53626263,69221.8914,68880.25,69301.17,69489.0,68828.14,1730816100000,9264
916.28097438,69687.8421,69304.93,69949.89,70079.0,69304.93,1730817000000,20249
1090.0245375900001,70028.4287,69950.23,69957.01,70391.0,69606.09,1730817900000,23243
572.3966631400001,69812.3347,69956.98,69932.32,70100.0,69554.5,1730818800000,15433
408.28145997,69677.6735,69930.81,69371.1,70031.0,69330.82,1730819700000,11367
360.97547512000006,69446.997,69405.7,69696.54,69771.0,69200.06,1730820600000,9920
205.33410744999998,69583.9001,69696.33,69661.0,69803.0,69410.58,1730821500000,7270
235.08412260999998,69697.9557,69591.0,69798.08,69955.0,69500.38,1730822400000,7289
268.29996847999996,69893.0687,69803.91,70000.0,70033.0,69772.46,1730823300000,6824
815.1281484800002,70248.8765,69958.86,70122.33,70599.0,69947.46,1730824200000,16778
365.27542033000003,70105.8419,70121.32,70231.0,70323.0,69864.0,1730825100000,10280
295.08253500999996,70288.0566,70181.81,70426.4,70494.0,70059.46,1730826000000,8824
272.80749091,70297.943,70426.04,70125.99,70509.0,70111.94,1730826900000,8523
227.62033742999998,70085.1222,70125.99,70104.45,70248.0,69965.2,1730827800000,7373
437.1476409399999,70010.5395,70104.45,69955.78,70169.0,69888.13,1730828700000,9899
256.36075669,69972.4558,69951.04,69777.59,70155.0,69738.35,1730829600000,8669
197.60559279000003,69873.5373,69794.9,70001.71,70070.0,69736.72,1730830500000,7366
137.99241042000003,70077.9567,70000.77,70154.72,70280.0,69930.09,1730831400000,6139
189.48792884000002,70192.7463,70159.44,70242.64,70326.0,70027.2,1730832300000,6445
191.67644065,70153.1839,70235.14,69999.72,70337.0,69979.3,1730833200000,7359
145.01059167999998,69959.2812,69992.16,70022.11,70150.0,69840.56,1730834100000,6220
68.78692079,69957.066,70020.19,69964.01,70089.0,69869.4,1730835000000,4944
845.06630709,69290.0468,69973.93,68997.73,70066.0,68713.49,1730835900000,17986
444.75985637,69265.3917,69007.1,69485.58,69577.0,68813.58,1730836800000,12442
355.47078603999995,69376.792,69487.14,69461.72,69565.0,69172.5,1730837700000,9454
181.06644151000003,69540.514,69461.73,69490.87,69732.0,69353.78,1730838600000,7608
182.21441242,69486.2946,69490.87,69439.54,69652.0,69396.01,1730839500000,7344
101.49420342999998,69402.6282,69439.55,69514.56,69619.0,69295.39,1730840400000,5155
117.62216778,69475.5254,69514.56,69510.0,69652.0,69327.03,1730841300000,5205
80.37278536000001,69534.9404,69510.0,69481.29,69686.0,69469.87,1730842200000,4179
122.91349915,69245.7784,69483.6,69163.99,69576.0,69069.69,1730843100000,5279
92.7501606,69176.9048,69159.83,69195.09,69347.0,69053.41,1730844000000,5207
143.72218313,69044.0675,69195.09,69224.17,69294.0,68887.2,1730844900000,5662
151.35302374000005,69377.6833,69226.3,69382.78,69580.0,69224.19,1730845800000,5376
76.70941675,69497.8502,69388.1,69586.45,69659.0,69316.03,1730846700000,3564
118.04623311999998,69603.1894,69586.45,69613.83,69752.0,69480.94,1730847600000,5393
69.35266376,69668.4539,69615.45,69806.0,69857.0,69554.02,1730848500000,4642
183.28344587,69677.3864,69859.0,69449.51,69970.0,69407.01,1730849400000,6567
184.66716738999997,69393.6402,69467.0,69380.73,69558.0,69285.83,1730850300000,6057
623.68923395,69715.6145,69382.7,69730.15,70500.0,69285.82,1730851200000,10474
771.8992341400002,70028.0527,69724.87,70333.08,70424.0,69521.13,1730852100000,11332
932.3382944499999,70846.5998,70333.08,71234.08,71300.0,70331.33,1730853000000,18112
817.55119427,71293.8673,71230.76,71138.76,71576.0,71029.26,1730853900000,14810
453.95136461,71304.0002,71217.0,71337.51,71517.0,71119.3,1730854800000,10717
689.5391989700001,70879.3372,71336.0,71051.16,71450.0,70502.45,1730855700000,13888
345.4755683799999,71076.9907,71051.17,71025.8,71333.0,70875.82,1730856600000,9316
491.13507789000005,71201.3862,71024.55,71136.09,71383.0,70974.56,1730857500000,8223
395.08562533,71246.4515,71136.49,71319.2,71567.0,70957.13,1730858400000,9695
886.1655392,72027.018,71315.74,72411.67,72597.0,71307.05,1730859300000,19282
775.5453701399999,72717.7344,72414.32,72856.86,72916.28,72387.2,1730860200000,18027
1452.32171532,73063.0201,72858.29,73112.53,73324.76,72786.2,1730861100000,20927
4257.56668679,74143.7406,73112.63,73986.0,75000.0,73006.89,1730862000000,63831
1077.7838123099998,74023.2163,73986.0,73943.5,74760.03,73233.0,1730862900000,27812
713.62528907,74169.8782,73872.0,74361.75,74438.94,73738.0,1730863800000,19227
759.21554213,74283.5979,74359.61,74349.49,74425.63,74100.0,1730864700000,16141
1110.29774934,74311.3517,74318.0,74395.88,74696.88,73864.0,1730865600000,19156
681.46017113,74642.8838,74387.1,74715.88,74905.91,74338.0,1730866500000,16895
628.51084625,74759.8948,74704.06,74637.0,74974.89,74467.0,1730867400000,15228
669.65717077,74549.3996,74647.87,74300.0,74795.0,74220.0,1730868300000,12238
962.2231141799998,73996.2747,74267.0,73981.4,74376.99,73661.0,1730869200000,17517
691.5671252400001,74124.7485,73979.63,74379.05,74473.0,73901.0,1730870100000,13149
412.5748519499999,74466.4887,74382.28,74582.98,74616.83,74279.45,1730871000000,9239
480.38664858999994,74740.7825,74586.42,74781.91,74882.27,74507.0,1730871900000,9017
1009.0060953399999,74878.532,74785.28,74901.22,75127.99,74486.88,1730872800000,17191
824.2131620400002,75127.0547,74900.0,74740.89,75410.1,74654.0,1730873700000,17413
374.58063343000003,74866.0602,74751.54,74730.95,75099.99,74513.0,1730874600000,13672
499.16452202,74525.6337,74732.98,74274.2,74830.0,74201.0,1730875500000,12250
479.82892533,74562.3762,74300.2,74520.39,74713.76,74229.0,1730876400000,11050
741.2031316299999,74431.3395,74520.38,74176.0,74684.45,74109.0,1730877300000,13439
1012.76040723,73838.7091,74176.0,73660.67,74313.24,73038.0,1730878200000,19879
772.3714781700002,73591.9815,73651.52,73411.0,73869.16,73240.0,1730879100000,14692
869.02086695,73132.6067,73408.04,73387.23,73579.68,72499.0,1730880000000,16483
340.30256418,73076.3806,73378.68,73000.0,73459.26,72837.0,1730880900000,9494
538.39411099,72979.7723,73056.22,73376.67,73405.41,72711.0,1730881800000,9474
210.19715071,73360.6977,73376.67,73464.06,73539.69,73207.0,1730882700000,5309
309.8953109600001,73703.8147,73466.14,73793.19,73885.13,73461.9,1730883600000,7353
203.20979465000002,73755.305,73793.19,73768.9,73927.76,73601.27,1730884500000,5529
285.46190117000003,73947.6916,73781.53,73898.97,74134.51,73717.34,1730885400000,6778
602.5592061000001,73902.6165,73898.97,73809.53,74002.54,73730.9,1730886300000,8274
327.66653871,73639.4805,73809.54,73507.72,73875.42,73400.0,1730887200000,7119
184.60421252999998,73562.6239,73501.67,73566.5,73660.2,73430.0,1730888100000,5153
245.3868567,73727.0741,73566.49,73904.86,73964.0,73438.91,1730889000000,5658
141.1559002,73886.7474,73904.85,73864.09,73983.94,73830.0,1730889900000,4368
137.35043288999998,73783.3379,73857.0,73873.52,73910.4,73690.0,1730890800000,5085
294.55339243000003,74129.1373,73873.52,74316.36,74365.54,73854.69,1730891700000,6992
217.10594265000003,74366.9062,74317.58,74300.0,74500.0,74227.03,1730892600000,6806
208.04795905999998,74225.6126,74300.1,74322.8,74379.31,74071.79,1730893500000,6876
519.12405433,74609.487,74319.62,74615.07,74833.75,74300.05,1730894400000,10871
356.0758806,74585.7146,74615.07,74476.78,74745.47,74420.08,1730895300000,8043
287.84958445999996,74458.0077,74476.79,74404.76,74571.12,74331.57,1730896200000,7143
211.58099699000002,74321.8996,74404.76,74211.03,74482.08,74193.91,1730897100000,6949
354.16005496,74160.0054,74211.88,74128.82,74323.59,73980.72,1730898000000,8793
368.36412625,73864.2404,74135.16,73945.2,74250.16,73625.57,1730898900000,9340
286.39573972,73970.468,73945.8,73826.09,74100.0,73818.01,1730899800000,8009
269.47199352,73991.6093,73826.09,74028.48,74100.0,73792.15,1730900700000,7971
345.381488,73898.1528,74021.5,73878.68,74244.52,73626.83,1730901600000,10383
348.26140735,74004.7319,73877.44,74217.93,74264.54,73760.35,1730902500000,9551
1646.7589378199998,74571.2709,74217.93,74464.24,74830.68,74145.1,1730903400000,28871
1035.38812955,73848.5467,74464.24,73699.36,74470.64,73476.0,1730904300000,20131
1074.11825972,73987.1989,73699.92,74418.38,74476.08,73563.1,1730905200000,20447
542.3936875599999,74408.9963,74408.0,74413.82,74604.0,74142.0,1730906100000,14136
624.0916123499999,74186.7608,74413.83,74261.06,74424.28,73924.5,1730907000000,14854
613.40934434,74464.8356,74261.07,74396.58,74641.58,74191.0,1730907900000,14650
663.1929385899999,74462.8363,74396.58,74612.99,74633.58,74205.0,1730908800000,12445
559.72300239,74387.9025,74500.0,74340.41,74663.26,74191.0,1730909700000,11784
443.78375049999994,74370.3661,74342.33,74263.34,74526.64,74228.0,1730910600000,10136
376.93120862000006,74284.4461,74263.05,74398.22,74424.0,74181.19,1730911500000,9047
1645.8753162399996,74640.4899,74398.22,74630.78,75900.0,74211.0,1730912400000,24038
670.6798104200001,74658.8663,74624.12,74603.74,74754.91,74520.0,1730913300000,11942
474.65575651000006,74649.7266,74600.45,74651.92,74745.47,74527.7,1730914200000,8968
393.4549992000001,74534.589,74651.93,74504.53,74685.98,74446.65,1730915100000,8864
554.7418898100001,74755.219,74504.89,74911.21,74989.13,74453.55,1730916000000,10998
505.60274334999997,74960.0031,74911.21,75041.48,75061.16,74801.0,1730916900000,10530
505.24148410999993,74999.8352,74999.0,75070.92,75122.56,74792.0,1730917800000,10717
634.9680418100002,75165.3566,75070.93,75349.21,75364.0,74845.0,1730918700000,12492
985.2172089000001,75384.7284,75349.22,75499.06,75558.53,75035.0,1730919600000,17061
1039.4822743700001,75482.2212,75499.06,75483.05,75675.82,75269.0,1730920500000,19554
894.5461124400001,75367.8235,75418.4,75665.27,75685.71,75030.0,1730921400000,16769
1019.3607045000001,75774.0713,75665.27,75966.43,76000.0,75384.0,1730922300000,18350
956.7342177599999,75934.3586,75889.9,76099.1,76175.0,75500.0,1730923200000,16295
672.53166025,75982.3145,75886.0,75777.0,76163.24,75593.0,1730924100000,13972
641.84208922,75714.5851,75791.15,75846.84,75915.41,75442.0,1730925000000,11880
1663.1430962599998,76159.8295,75846.85,76211.0,76509.56,75639.0,1730925900000,23615
537.9241366,76108.592,76203.42,76182.03,76292.29,75755.0,1730926800000,11608
489.35332801,76036.3804,76181.7,75856.98,76235.13,75699.0,1730927700000,9167
334.46887717,75836.5608,75856.98,75922.92,75953.92,75621.0,1730928600000,7687
273.01120470000006,75883.7928,75922.92,75976.52,75999.0,75625.0,1730929500000,7264
202.34811549,75997.4448,75922.3,75794.2,76128.25,75625.0,1730930400000,7702
148.29193548,75819.458,75794.66,75782.42,75975.65,75618.0,1730931300000,6551
289.01284479,75678.59,75782.41,75685.01,75822.97,75487.0,1730932200000,6898
119.53038769999999,75791.8658,75685.0,75702.84,75949.99,75601.0,1730933100000,6377
226.29785563000004,75713.5893,75700.1,75710.08,75797.07,75576.0,1730934000000,8623
176.67606353000002,75769.0232,75711.83,75875.39,75919.7,75555.0,1730934900000,6985
162.47233265,75736.1566,75878.36,75641.06,75893.61,75560.0,1730935800000,6406
89.40349242000002,75652.9859,75641.07,75646.55,75713.46,75563.0,1730936700000,5635
302.49732514,75528.1976,75642.1,75481.49,75713.59,75313.0,1730937600000,8276
221.57140722000003,75362.4502,75473.66,75258.99,75521.89,75201.0,1730938500000,7776
160.95693026,75244.9013,75257.49,75275.85,75376.02,75129.0,1730939400000,7032
162.68055464999998,75252.7393,75275.86,75402.94,75411.45,75111.0,1730940300000,6538
223.98472778000001,75404.0619,75370.0,75503.42,75514.6,75261.0,1730941200000,7575
218.57248691,75450.0901,75503.42,75591.19,75681.69,75300.4,1730942100000,8137
348.64946834000006,75757.0588,75583.1,75440.53,76067.11,75419.0,1730943000000,9829
196.80435441999995,75393.2464,75447.1,75425.9,75525.95,75285.0,1730943900000,7405
141.99536368,75387.6073,75425.0,75331.17,75519.0,75293.0,1730944800000,6367
141.70350979,75390.9589,75313.1,75274.69,75479.17,75236.5,1730945700000,5852
136.1969747,75287.8607,75271.35,75240.2,75397.04,75189.01,1730946600000,6353
129.5563,75235.0429,75206.3,75316.15,75358.97,75178.28,1730947500000,5569
138.29649864,75176.4907,75299.7,75194.48,75316.15,75032.0,1730948400000,6194
150.42000302,75310.7724,75194.48,75405.36,75456.55,75057.41,1730949300000,6333
98.31463387,75223.0175,75403.21,75217.2,75405.36,75133.16,1730950200000,5000
117.53397834,75137.6206,75217.2,75089.35,75274.61,75031.0,1730951100000,4123
180.18784092,74964.5883,75088.09,74901.58,75104.25,74834.0,1730952000000,6310
182.79296183999998,74867.5149,74901.58,74903.96,74956.18,74752.58,1730952900000,4665
133.53348263,74798.0037,74906.46,74693.64,74955.46,74666.6,1730953800000,4613
194.40323773,74749.5769,74690.17,74766.81,74853.0,74632.0,1730954700000,4855
94.89938224,74810.3166,74779.0,74817.74,74872.98,74715.84,1730955600000,3620
83.67441318999998,74873.2416,74817.74,74900.0,74948.73,74756.66,1730956500000,3393
61.96453765999999,74890.5436,74926.0,74815.64,74937.92,74808.59,1730957400000,2807
78.82056512999999,74816.4729,74815.64,74793.45,74909.83,74707.0,1730958300000,3192
127.59383665,74598.4736,74800.6,74467.0,74800.6,74463.96,1730959200000,4971
117.36586503999999,74704.2282,74480.26,74763.68,74814.83,74397.0,1730960100000,4196
111.37155953000001,74749.1538,74763.68,74571.56,74876.98,74511.0,1730961000000,4481
125.76340977999998,74648.2918,74577.81,74803.69,74826.28,74478.0,1730961900000,4028
63.971815510000006,74844.354,74795.0,74879.41,74928.59,74714.06,1730962800000,3291
61.064888739999994,74864.3911,74883.42,74814.77,74912.9,74811.77,1730963700000,2728
71.19704307,74911.5926,74814.76,74924.0,74984.68,74805.12,1730964600000,2852
88.97250819,74895.4262,74942.53,74795.02,75000.0,74785.62,1730965500000,2874
157.6707096,74951.2072,74795.01,75061.74,75109.99,74703.0,1730966400000,4023
91.28000077,75095.551,75063.91,75049.26,75174.42,74990.8,1730967300000,3058
86.73525456,75103.1285,75073.0,75098.03,75161.97,75008.61,1730968200000,2753
65.45836881,75103.8514,75101.4,75177.2,75179.14,75016.96,1730969100000,2566
62.57783832999999,75146.8193,75122.0,75128.29,75183.93,75091.86,1730970000000,2539
77.01003413999999,75078.7616,75128.18,75110.89,75178.06,74995.02,1730970900000,2830
68.83952188999999,75035.883,75110.89,74966.21,75133.0,74960.19,1730971800000,3034
128.24160842,74936.6676,74968.58,74947.74,75063.84,74830.0,1730972700000,3843
84.86617549,74879.2538,74947.74,74999.0,75057.71,74738.0,1730973600000,3742
65.31072544999998,74955.0091,75030.5,74892.86,75044.65,74869.6,1730974500000,3312
49.43097036,74851.4632,74892.86,74876.35,74941.12,74775.0,1730975400000,3155
77.49675678,74981.0981,74877.29,75053.27,75069.65,74838.0,1730976300000,3165
131.86745687,75000.3336,75025.2,74991.1,75078.84,74897.24,1730977200000,3342
54.52725278,74916.1775,75000.78,74864.61,75007.2,74837.0,1730978100000,2980
74.53861109,74870.8706,74864.6,74850.02,74959.35,74810.0,1730979000000,3035
71.66050654,74791.2757,74860.3,74776.42,74898.73,74721.83,1730979900000,3442
90.52071353999999,74906.9877,74776.42,75011.17,75020.48,74736.0,1730980800000,3626
84.26315826,74994.8411,75011.17,74942.0,75036.04,74925.47,1730981700000,3006
80.44111828000001,75001.0599,74990.29,75090.44,75124.03,74929.21,1730982600000,3313
127.92166489,75040.7702,75090.44,75027.38,75153.0,74900.0,1730983500000,5063
88.93734228,74979.5497,75027.38,74973.25,75085.7,74905.81,1730984400000,4512
167.33329013,74899.5259,74973.25,74847.0,75015.0,74818.0,1730985300000,4826
273.39703177,74762.255,74902.6,74742.91,74902.6,74613.0,1730986200000,5961
150.07762498,74764.4275,74746.23,74707.34,74861.9,74660.92,1730987100000,5059
355.95620049,74790.4586,74710.4,74791.88,74916.46,74612.0,1730988000000,6898
222.98952085,74834.0859,74793.4,74891.33,74920.05,74658.06,1730988900000,6091
461.60097648,74869.976,74891.34,74711.39,75052.23,74660.42,1730989800000,12363
350.35218497000005,74826.0502,74711.38,74871.04,74975.77,74551.42,1730990700000,10822
508.26928681,75060.851,74865.3,75300.1,75378.22,74712.0,1730991600000,10878
626.76634756,75413.1282,75287.85,75457.25,75535.67,75270.78,1730992500000,11416
635.26012146,75556.8861,75464.97,75711.0,75850.0,75287.94,1730993400000,10820
623.10578036,75916.7591,75758.77,76175.16,76187.21,75592.0,1730994300000,13252
723.91171345,76030.2928,76176.42,75860.61,76302.95,75718.0,1730995200000,13614
464.28717307999995,75752.4206,75860.61,75729.14,75863.52,75612.0,1730996100000,9256
378.29628197,75815.6881,75729.15,75835.01,75921.43,75610.0,1730997000000,7753
491.57861562,75948.0081,75835.0,75997.61,76071.47,75763.0,1730997900000,7616
493.21698604000005,76016.7396,75971.1,76205.83,76259.92,75820.0,1730998800000,9613
731.4603358699999,76281.8486,76203.6,76363.12,76412.83,76071.0,1730999700000,12084
718.58331358,76354.9078,76363.11,76355.68,76500.0,76122.0,1731000600000,10810
675.78180582,76415.1322,76354.54,76372.09,76582.97,76223.0,1731001500000,10430
609.2634737999999,76164.7296,76372.09,76134.68,76485.23,75807.0,1731002400000,10912
513.42604918,76346.5927,76126.24,76485.35,76531.74,76011.0,1731003300000,8259
740.6878892,76535.2868,76483.97,76561.19,76775.0,76244.0,1731004200000,12800
589.61524057,76644.12,76573.23,76679.56,76824.0,76439.0,1731005100000,10407
747.5718270899998,76466.3087,76676.95,76536.8,76686.6,76116.0,1731006000000,14343
511.53764480999996,76291.3881,76420.0,76367.79,76661.95,75915.0,1731006900000,10434
528.3641704099999,76304.0581,76342.0,76235.24,76495.86,75940.0,1731007800000,10251
557.28736655,76434.361,76235.23,76638.99,76639.43,76079.0,1731008700000,8681
660.56952059,76659.0818,76639.0,76730.65,76782.22,76449.0,1731009600000,9411
1243.1418663200002,76756.4133,76730.64,76570.04,76999.0,76315.0,1731010500000,17685
888.51512593,76649.3902,76570.03,76531.02,76851.32,76273.0,1731011400000,12551
839.5094911699998,76577.6886,76531.08,76599.9,76757.23,76254.0,1731012300000,11025
403.80937970000014,76624.724,76595.33,76499.36,76721.47,76334.0,1731013200000,7779
267.22895117999997,76419.9065,76499.35,76443.08,76536.11,76199.0,1731014100000,6233
280.54056103,76235.3282,76443.08,76175.0,76448.87,76017.0,1731015000000,7097
212.95114572,76082.8885,76154.1,75962.67,76208.11,75837.0,1731015900000,6440
258.79405935,75858.4737,75950.0,75739.1,76070.0,75543.0,1731016800000,7638
282.80783841999994,75649.098,75742.34,75693.19,75812.05,75455.0,1731017700000,7562
134.79917989,75790.1083,75660.6,75860.28,75896.97,75598.0,1731018600000,4328
118.50364675000002,75853.4345,75860.28,75935.48,75939.04,75720.0,1731019500000,3214
195.44163202000001,75909.5665,75933.76,75885.05,76088.0,75669.0,1731020400000,6405
85.51792931,75929.8294,75885.92,75906.97,76000.0,75802.0,1731021300000,4638
194.93229909,75983.4727,75910.01,76069.89,76092.72,75824.0,1731022200000,5340
106.98644883999998,76018.9736,76062.0,75920.0,76142.07,75864.0,1731023100000,5600
196.71846752000002,76017.2817,75925.0,76042.28,76162.86,75861.0,1731024000000,6676
101.42571708,76227.9605,76042.29,76284.33,76369.99,75982.0,1731024900000,6536
195.95354461,76312.1771,76284.31,76218.13,76419.44,76131.0,1731025800000,6725
96.01434640000001,76151.43,76218.11,76077.85,76293.93,76010.0,1731026700000,5880
161.94450423,76144.5967,76067.9,76203.13,76249.89,76011.0,1731027600000,5816
234.68834086000004,76255.1631,76195.85,76293.15,76399.99,76060.0,1731028500000,6307
158.44117864000003,76038.3621,76293.15,76025.0,76317.14,75852.0,1731029400000,6022
103.01257103999998,76039.4785,76025.01,76051.71,76188.08,75911.0,1731030300000,5219
89.9052535,75951.1803,76055.1,75875.43,76099.06,75812.0,1731031200000,5102
85.46090343,75809.2859,75875.43,75779.28,75945.15,75668.0,1731032100000,4654
91.03273489999998,75801.2379,75779.28,75740.22,75884.09,75675.0,1731033000000,3938
66.51439246999999,75768.5946,75783.5,75789.43,75830.41,75686.0,1731033900000,4355
120.94758279000001,75778.0542,75760.5,75915.16,75963.57,75608.0,1731034800000,5142
69.89605938,75878.8387,75850.0,75824.65,75959.92,75767.0,1731035700000,3857
99.57374985000001,75784.7818,75824.64,75862.71,75868.77,75650.0,1731036600000,4138
104.21097727000001,75903.9728,75862.72,75975.88,75977.1,75779.0,1731037500000,3222
98.3570103,75967.887,75960.4,76000.91,76010.96,75854.0,1731038400000,3461
112.17501393999997,76052.1881,76000.91,76037.83,76110.2,75923.0,1731039300000,3417
117.10286708999999,76032.8091,76037.82,75973.92,76108.65,75921.0,1731040200000,3258
60.138118389999995,75939.1241,75973.93,75914.58,76006.34,75836.0,1731041100000,2457
83.60505823000001,75989.1467,75899.1,76027.62,76070.26,75832.0,1731042000000,3078
105.42342904,76007.1096,76026.0,76068.13,76070.03,75867.0,1731042900000,3549
149.85443912999997,76144.8309,76068.13,76122.57,76223.71,75971.0,1731043800000,3962
92.98622681,76069.7244,76122.57,76051.21,76147.11,75999.9,1731044700000,2938
96.13978093,75998.343,76051.2,76025.78,76066.99,75914.0,1731045600000,3300
46.92196896000001,76012.4421,76025.78,75979.98,76085.05,75902.0,1731046500000,2560
59.23771289,75966.5489,75979.99,75975.2,76024.05,75883.0,1731047400000,2963
50.65516378999999,75942.9096,75975.21,75942.4,76018.07,75852.0,1731048300000,2710
81.25604497,75829.9532,75925.9,75801.8,75975.78,75696.0,1731049200000,3347
129.97859617,75903.0496,75825.31,76074.53,76083.89,75721.0,1731050100000,6259
282.92441335999996,76168.966,76074.52,76196.63,76279.44,75976.0,1731051000000,4075
309.24495658,76268.3538,76196.63,76284.82,76348.08,76105.0,1731051900000,5220
137.04520133,76090.3624,76270.3,75932.68,76310.48,75824.0,1731052800000,4290
54.50671217,75934.0392,75932.68,75969.5,76036.65,75780.0,1731053700000,3226
46.99876177,75942.0933,75986.52,75885.01,76014.64,75777.0,1731054600000,2559
59.27359728000001,75891.0135,75885.01,75892.8,75963.57,75788.0,1731055500000,2913
107.86585955000001,75948.1517,75880.7,75985.86,76022.6,75811.0,1731056400000,3296
78.65682034000001,76083.0979,75985.85,76084.58,76147.07,75911.0,1731057300000,3077
73.83862899,76091.317,76090.2,76116.09,76160.0,75945.0,1731058200000,2934
50.99497345999999,76069.631,76116.09,76020.86,76117.01,75967.0,1731059100000,2818
56.193117650000005,75932.6509,76026.01,75934.4,76035.89,75807.0,1731060000000,3192
38.91107309,75942.1923,75934.41,76094.0,76097.25,75806.0,1731060900000,2814
56.070731789999996,76077.861,76089.47,76172.04,76172.05,75950.0,1731061800000,2417
100.78969234,76247.4048,76172.05,76315.28,76410.4,76072.0,1731062700000,3731
71.14991713,76282.228,76299.2,76233.49,76375.11,76172.0,1731063600000,3229
83.6094351,76231.5353,76233.5,76213.98,76299.06,76151.0,1731064500000,2879
43.39528903,76175.0628,76213.99,76181.94,76246.79,76103.0,1731065400000,2581
75.31278599000001,76129.9943,76181.93,76020.93,76217.58,75974.0,1731066300000,2813
199.79564617999998,76137.6672,76020.94,76052.12,76410.0,75980.0,1731067200000,3932
69.27279412000001,76079.698,76045.5,76070.97,76128.52,76011.9,1731068100000,3282
140.89957694,76157.2424,76073.9,76154.99,76247.74,76028.44,1731069000000,4592
69.99785265,76166.9094,76154.99,76146.35,76266.91,76078.0,1731069900000,3748
103.59782524,76044.9356,76146.34,75977.95,76180.35,75927.8,1731070800000,4853
89.87552876000001,76009.571,75973.62,75998.72,76095.44,75913.0,1731071700000,4421
104.6529568,75995.0823,75998.72,76071.48,76078.26,75918.0,1731072600000,3814
362.45853478,76264.156,76071.47,76363.17,76406.56,76033.0,1731073500000,5694
457.69129752000003,76358.1256,76324.9,76125.39,76483.28,76096.0,1731074400000,6424
164.49455775,76134.3082,76125.39,76218.16,76220.98,76022.0,1731075300000,5236
495.82976697000004,76067.0497,76218.19,75761.78,76322.23,75718.0,1731076200000,9969
401.35870423,75808.2521,75762.66,75816.41,75933.61,75660.0,1731077100000,10004
374.97752198999996,75864.3374,75793.9,75949.86,76075.67,75663.0,1731078000000,10923
490.13386964999995,76313.2564,75949.86,76471.73,76568.64,75842.0,1731078900000,11925
413.01399153,76491.0129,76468.21,76362.43,76660.72,76310.0,1731079800000,10159
531.06169266,76275.4219,76362.44,76516.29,76526.04,75955.0,1731080700000,9702
512.1965377299999,76465.4593,76473.0,76422.91,76605.0,76281.0,1731081600000,8627
238.08279402000002,76351.8668,76422.91,76250.9,76471.33,76209.0,1731082500000,7094
390.5751113,76020.0115,76255.14,75970.54,76284.53,75854.0,1731083400000,10075
214.21584971,76029.4579,75959.38,75984.09,76182.62,75860.0,1731084300000,8263
266.48159920999996,75996.3072,75981.5,75943.09,76168.16,75861.0,1731085200000,9017
284.41833563,76007.3467,75942.7,76015.44,76112.9,75839.0,1731086100000,9194
322.56618958,76211.3756,76016.19,76352.34,76369.64,75888.0,1731087000000,10499
387.31521568,76470.2904,76352.34,76447.0,76600.0,76226.0,1731087900000,9450
406.59219274000003,76477.5225,76454.18,76396.0,76565.01,76370.0,1731088800000,8691
621.0931421199999,76584.2957,76483.37,76671.27,76689.23,76382.0,1731089700000,9212
1241.7001706100002,76907.1314,76671.28,76933.6,77134.4,76556.0,1731090600000,15908
459.33798179999997,76912.4117,76933.61,76926.01,77100.0,76691.0,1731091500000,10435
596.93969578,76993.5404,76917.96,77069.21,77105.16,76795.0,1731092400000,9946
602.94523065,77039.037,77069.21,77153.4,77153.4,76807.0,1731093300000,9138
710.6197916899999,77088.5965,77154.12,77213.43,77312.18,76751.0,1731094200000,10725
627.8693846499999,77186.3587,77018.0,77032.78,77300.0,76866.0,1731095100000,9982
604.7019403,77071.2896,77032.78,76860.25,77245.51,76704.0,1731096000000,9979
549.94577805,76687.8616,76860.01,76582.78,76927.73,76217.0,1731096900000,10338
453.1582854,76650.3896,76582.8,76726.04,76772.19,76404.0,1731097800000,8097
542.0668979000001,76680.0766,76726.05,76712.64,76840.99,76459.0,1731098700000,8874
497.11408413,76734.9101,76709.7,76640.53,76814.73,76517.0,1731099600000,8525
217.25476969,76523.3584,76634.72,76489.44,76637.1,76361.0,1731100500000,6822
172.41340513,76563.6069,76489.44,76558.39,76710.46,76408.0,1731101400000,6124
167.09158544,76519.6003,76558.39,76535.62,76580.0,76362.0,1731102300000,5541
130.48656121999997,76589.865,76535.61,76565.58,76664.25,76463.0,1731103200000,5690
183.7108983,76575.0733,76565.57,76660.22,76681.39,76436.0,1731104100000,6192
125.46389479000003,76584.7387,76641.0,76544.68,76679.66,76446.0,1731105000000,4879
112.75004509,76444.1861,76551.8,76430.23,76551.81,76340.0,1731105900000,4883
159.76201801999997,76447.5648,76431.95,76500.85,76511.2,76318.0,1731106800000,5630
107.98156459,76488.2975,76492.15,76453.94,76543.46,76411.0,1731107700000,5016
65.65683006,76456.4955,76453.94,76502.82,76530.75,76364.0,1731108600000,4488
55.71900080000001,76540.9488,76502.82,76566.73,76586.6,76459.0,1731109500000,4069
61.03485948,76562.1031,76550.5,76644.64,76666.35,76441.0,1731110400000,4842
50.09622057999999,76624.3698,76644.64,76575.5,76692.21,76549.0,1731111300000,4512
50.443591659999996,76574.7318,76579.99,76678.41,76684.26,76458.0,1731112200000,4821
91.15581510000001,76520.5693,76678.4,76485.89,76678.41,76379.0,1731113100000,5172
72.62988433,76511.4417,76452.7,76554.98,76603.81,76404.0,1731114000000,4465
85.95099423,76449.1385,76554.98,76390.08,76573.44,76371.0,1731114900000,4753
92.97576627999999,76385.3347,76390.08,76463.32,76478.39,76276.0,1731115800000,5238
52.81698631999999,76364.5719,76463.31,76362.85,76468.62,76294.0,1731116700000,4195
71.08562565999999,76329.9778,76362.86,76275.95,76385.86,76232.0,1731117600000,4496
75.86572115,76244.2112,76280.49,76306.46,76336.41,76142.0,1731118500000,4662
55.16114842999999,76317.1668,76306.47,76315.77,76381.51,76224.0,1731119400000,3879
49.72846005,76404.6148,76315.77,76479.68,76487.31,76261.0,1731120300000,3583
42.624082699999995,76402.2347,76440.1,76389.29,76496.5,76313.0,1731121200000,3630
36.10028495,76343.3484,76389.29,76328.5,76411.75,76272.0,1731122100000,3602
44.20429685,76329.2621,76354.16,76383.68,76385.37,76266.0,1731123000000,3524
43.31287096999999,76361.0766,76382.93,76396.77,76420.28,76293.0,1731123900000,3325
39.91330934,76419.3484,76390.5,76396.25,76457.39,76343.0,1731124800000,3384
26.49807547,76418.6109,76396.26,76417.34,76459.05,76363.0,1731125700000,3325
39.05290785,76402.3196,76416.7,76450.74,76460.11,76312.0,1731126600000,3586
20.684557150000003,76433.5902,76450.75,76433.99,76469.66,76393.0,1731127500000,3053
43.37309829,76448.7768,76412.1,76451.81,76500.0,76379.0,1731128400000,3233
47.3711985,76451.9006,76451.82,76444.78,76500.0,76394.0,1731129300000,3398
75.01362577,76568.3321,76439.81,76634.96,76690.36,76401.0,1731130200000,3755
69.72028825999999,76615.503,76643.3,76595.55,76706.02,76526.0,1731131100000,4337
111.80771927,76692.7658,76585.1,76760.1,76845.0,76506.0,1731132000000,5321
62.02935789,76703.2937,76746.71,76678.78,76773.32,76625.0,1731132900000,3899
88.00373042000001,76591.1107,76678.77,76534.22,76704.92,76400.0,1731133800000,4327
35.7752982,76547.218,76537.3,76562.71,76608.15,76467.0,1731134700000,3201
26.48426002,76531.1217,76564.5,76531.54,76588.74,76449.0,1731135600000,2992
41.1006937,76477.1655,76531.6,76443.88,76589.07,76355.0,1731136500000,2983
37.10843003000001,76475.7568,76443.88,76484.9,76510.68,76386.0,1731137400000,3144
69.38499258000002,76532.9794,76455.25,76586.05,76616.19,76408.0,1731138300000,3732
46.57676593,76532.3367,76586.06,76573.21,76602.51,76459.0,1731139200000,3400
51.51893525,76617.9627,76575.71,76612.5,76667.64,76503.0,1731140100000,3272
49.85217039,76623.908,76627.0,76626.7,76688.88,76570.0,1731141000000,3340
42.2581248,76668.7285,76671.35,76585.38,76777.4,76561.0,1731141900000,3095
45.882155,76629.1631,76580.1,76630.75,76688.54,76562.0,1731142800000,2942
59.28685636,76595.1013,76630.83,76596.38,76665.48,76533.0,1731143700000,3146
54.436992270000005,76610.4416,76592.42,76583.11,76662.86,76540.0,1731144600000,3000
39.53819269,76605.8092,76583.11,76599.32,76641.81,76545.0,1731145500000,2389
34.566091879999995,76612.6916,76599.31,76624.45,76645.0,76561.0,1731146400000,2658
36.2702345,76621.4168,76618.0,76568.28,76682.75,76564.63,1731147300000,2724
84.56774737999999,76518.0663,76567.65,76504.19,76599.1,76455.0,1731148200000,2898
39.91483868,76501.6074,76504.19,76509.81,76548.64,76453.0,1731149100000,2567
22.425303279999998,76507.1496,76500.0,76484.92,76570.6,76451.0,1731150000000,2651
34.11747793,76479.3006,76484.92,76422.45,76504.36,76412.0,1731150900000,2483
17.32537504,76448.2024,76422.45,76465.36,76482.52,76410.0,1731151800000,2404
31.426791489999996,76503.9528,76442.9,76534.61,76555.27,76415.0,1731152700000,2681
52.61075503,76493.9485,76525.6,76438.53,76583.19,76427.0,1731153600000,2958
47.755294340000006,76446.0507,76441.99,76442.6,76510.27,76397.54,1731154500000,3147
44.269788919999996,76389.4684,76442.7,76386.01,76458.78,76349.0,1731155400000,2932
36.462443660000005,76359.2819,76386.01,76330.91,76399.44,76319.0,1731156300000,2812
55.68730406000001,76372.4289,76349.3,76396.76,76400.63,76293.0,1731157200000,3300
38.154735720000005,76372.0447,76396.76,76379.53,76405.84,76321.0,1731158100000,3373
56.48935913,76406.7547,76367.1,76425.41,76506.06,76314.0,1731159000000,3701
54.94809271,76464.613,76425.4,76461.02,76517.26,76363.0,1731159900000,3638
55.99984933,76386.7443,76493.0,76365.46,76493.0,76324.0,1731160800000,4028
46.29266326,76344.0026,76365.58,76375.36,76399.99,76291.0,1731161700000,4040
56.848072779999995,76341.665,76374.55,76319.03,76376.96,76307.0,1731162600000,3710
91.34104148,76394.1445,76322.85,76395.53,76469.5,76308.0,1731163500000,4027
50.58065691000001,76349.457,76380.0,76350.47,76402.0,76319.87,1731164400000,3644
42.74053446999999,76378.4174,76350.46,76380.72,76420.1,76330.0,1731165300000,3130
41.30218167,76407.4158,76380.72,76394.66,76456.16,76357.2,1731166200000,3382
41.89605555000001,76356.4636,76390.76,76349.1,76405.0,76323.0,1731167100000,3285
36.23374319999999,76328.162,76349.99,76280.0,76366.2,76280.0,1731168000000,3178
121.35603401,76173.4655,76288.68,76154.65,76323.05,76060.0,1731168900000,5784
72.39341726,76130.4502,76150.14,76115.96,76238.33,76000.0,1731169800000,3907
66.29545979000001,76134.0998,76115.96,76117.98,76199.26,76088.0,1731170700000,3700
174.92375732999997,76006.9754,76122.3,75904.56,76123.0,75879.0,1731171600000,5332
201.97143565,75876.019,75902.46,76011.39,76034.11,75746.0,1731172500000,5719
66.1189579,76052.0148,75971.7,76064.02,76139.63,75962.0,1731173400000,3525
80.82605406,76160.0243,76057.7,76272.1,76283.43,76020.0,1731174300000,3529
31.754007709999996,76257.0967,76279.09,76241.54,76326.8,76192.0,1731175200000,3109
56.20231366000001,76335.5562,76239.58,76352.84,76399.98,76193.0,1731176100000,3527
37.426190649999995,76368.6147,76352.85,76377.91,76419.66,76296.0,1731177000000,3493
59.91930791,76361.2882,76377.9,76396.63,76429.21,76311.0,1731177900000,3416
207.81414269999996,76509.623,76396.64,76538.8,76732.32,76297.0,1731178800000,6935
84.93331525,76495.2034,76538.8,76404.8,76599.99,76335.0,1731179700000,4883
83.11229368999999,76259.4069,76426.0,76170.57,76426.1,76115.0,1731180600000,4817
53.76867964,76197.6384,76170.58,76244.62,76257.21,76125.0,1731181500000,3606
51.28897515,76284.8853,76242.1,76330.07,76392.38,76177.0,1731182400000,4218
49.004746889999986,76354.0235,76339.7,76374.28,76413.26,76255.0,1731183300000,4587
58.260356439999995,76354.4826,76377.23,76369.82,76392.09,76299.83,1731184200000,4208
46.00942112999999,76315.6175,76369.81,76333.14,76376.45,76255.59,1731185100000,3919
35.724487069999995,76298.9748,76330.79,76284.45,76350.62,76250.25,1731186000000,3667
67.55282068000001,76393.7866,76284.44,76475.54,76518.98,76254.76,1731186900000,3969
45.01229865999999,76421.4389,76477.85,76457.49,76477.85,76369.35,1731187800000,3700
45.67064076999999,76446.8009,76454.76,76481.71,76502.09,76391.38,1731188700000,3524
40.30719894,76440.7657,76450.0,76417.94,76497.89,76390.51,1731189600000,3894
45.04173130000002,76443.5609,76417.73,76499.99,76499.99,76400.69,1731190500000,3787
70.17540812,76511.9801,76450.0,76550.17,76562.09,76449.9,1731191400000,4136
300.2555027,76512.2302,76549.39,76541.99,76648.94,76393.46,1731192300000,6362
124.88026153000003,76653.3161,76572.0,76642.1,76794.11,76500.46,1731193200000,6459
149.61611562,76783.4836,76642.04,76855.39,76899.99,76594.38,1731194100000,5766
124.10652418,76883.8205,76831.1,76934.71,76952.67,76740.0,1731195000000,5834
165.63913302999995,76754.0921,76934.67,76728.3,76949.08,76611.0,1731195900000,6269
80.99293869,76636.976,76728.3,76731.1,76761.41,76531.0,1731196800000,5044
120.21203179999999,76795.464,76731.1,76842.4,76940.92,76652.0,1731197700000,6001
143.16804801000004,76813.5985,76842.41,76888.0,76941.0,76699.0,1731198600000,5713
292.43903873,76993.8831,76935.85,76878.0,77150.0,76834.0,1731199500000,17618
65.18069007,76853.6359,76974.4,76746.16,77019.03,76720.0,1731200400000,5422
74.72643001,76770.1291,76774.1,76824.5,76844.45,76697.0,1731201300000,4762
50.05051374999999,76785.5758,76824.5,76749.4,76889.59,76700.0,1731202200000,4598
56.856330400000004,76754.2755,76749.4,76741.01,76843.36,76691.0,1731203100000,4253
103.00282170999999,76831.9995,76754.3,76920.7,76961.92,76680.0,1731204000000,5271
575.1699195200001,77235.2085,76920.7,77324.26,77520.41,76869.0,1731204900000,11892
125.23303002,77287.124,77376.7,77443.12,77449.99,77071.0,1731205800000,7185
214.54629754,77345.3605,77443.12,77077.09,77518.35,77000.0,1731206700000,7551
219.32285229,77125.1866,77069.8,77252.85,77289.0,76961.0,1731207600000,7669
116.43677917,77375.8619,77261.35,77442.71,77477.37,77188.0,1731208500000,6924
57.15782677999999,77342.8858,77442.71,77398.76,77450.59,77215.0,1731209400000,5380
58.521811459999995,77284.8585,77394.0,77264.97,77399.96,77168.0,1731210300000,5314
66.97649063,77298.3259,77272.2,77364.85,77397.76,77126.0,1731211200000,5470
58.16832877999999,77351.0559,77365.22,77352.16,77398.86,77261.0,1731212100000,4621
755.3589849199999,77750.4689,77348.03,77924.88,78000.0,77270.0,1731213000000,16773
2201.6184498099997,78646.9831,77921.27,79145.15,79338.39,77834.0,1731213900000,33218
695.75182191,79123.1101,79090.0,79098.58,79367.0,78770.0,1731214800000,17173
821.95295841,79392.3632,79083.32,79671.77,79775.0,78980.0,1731215700000,16627
576.9177594399999,79570.8012,79671.77,79617.97,79799.79,79361.0,1731216600000,13798
333.18536333000003,79319.5963,79621.8,79100.68,79678.08,78956.0,1731217500000,11333
345.86696584,79154.062,79102.28,79184.86,79333.0,78885.0,1731218400000,10450
162.40151693,79063.4404,79182.24,78897.0,79192.3,78886.0,1731219300000,7946
282.19677703,78820.6113,79000.1,78770.79,79000.1,78413.0,1731220200000,6681
291.62928116,78815.1854,78769.17,78941.87,78954.36,78554.0,1731221100000,8764
102.20322319000002,79016.2564,78912.7,79054.91,79139.37,78850.0,1731222000000,5548
118.27671164,79055.9404,79061.14,78969.34,79199.3,78864.0,1731222900000,6370
83.65930179,78934.7416,78974.89,78887.67,79055.66,78751.0,1731223800000,5133
100.52208922,78835.2237,78885.11,78862.66,78930.0,78642.0,1731224700000,4419
86.17346544999998,78982.1346,78876.0,78999.74,79086.5,78763.0,1731225600000,4745
88.10553700000001,79014.4731,78999.76,79066.36,79119.56,78877.0,1731226500000,4694
78.73117438,79018.487,79069.31,78946.71,79107.47,78879.0,1731227400000,4319
77.36146331,79072.5154,78944.09,79060.0,79178.5,78876.0,1731228300000,3904
206.63386748,79190.801,79157.84,79260.0,79341.97,79056.0,1731229200000,5136
63.27955708,79322.1278,79254.59,79372.47,79427.03,79167.0,1731230100000,3949
133.26561725,79429.3201,79317.1,79468.94,79533.58,79262.0,1731231000000,5485
127.74713818000001,79399.6201,79468.94,79412.84,79542.92,79185.0,1731231900000,5222
134.10401326,79395.7088,79405.03,79347.49,79506.53,79186.0,1731232800000,5099
85.28780905,79353.3623,79382.1,79343.15,79385.42,79249.0,1731233700000,4136
352.9956773,79557.373,79340.86,79495.51,79829.2,79236.0,1731234600000,8039
133.17956119,79593.3233,79495.52,79592.1,79681.02,79383.0,1731235500000,5261
314.53138784000004,79798.7,79592.1,79813.61,79991.0,79504.0,1731236400000,12694
234.50256449999995,79898.4199,79814.48,79790.38,80000.0,79635.0,1731237300000,8225
158.67699907,79893.6217,79790.38,79946.56,80000.0,79673.0,1731238200000,6640
539.94552863,79984.4178,79948.92,79885.68,80000.0,79783.0,1731239100000,13189
498.74257861000007,79816.3989,79920.6,79465.38,80137.69,79184.0,1731240000000,13955
246.07140895999999,79466.7109,79465.39,79347.57,79631.97,79289.0,1731240900000,8893
158.91595200000003,79408.3673,79388.1,79467.04,79498.9,79260.0,1731241800000,7105
202.38100492000004,79556.8057,79471.07,79709.6,79734.18,79325.0,1731242700000,7029
88.47757483000001,79692.4608,79686.1,79650.8,79766.73,79524.0,1731243600000,5105
113.98407031000002,79798.6221,79650.8,79946.18,79946.18,79542.0,1731244500000,6025
105.71255745,79834.478,79873.2,79875.54,79981.65,79695.0,1731245400000,6404
151.50018118000003,79789.5156,79876.09,79784.86,79880.42,79629.0,1731246300000,6634
112.46839489999999,79766.3201,79779.5,79883.99,79916.79,79580.0,1731247200000,6435
226.37318513,79904.6301,79889.75,79865.0,80047.32,79757.0,1731248100000,8773
292.94217258,79558.4761,79784.11,79460.43,79884.49,79306.0,1731249000000,9772
316.22634631,79438.2331,79454.41,79561.9,79724.74,79180.0,1731249900000,9154
112.83888968000002,79584.3924,79608.1,79760.67,79761.89,79360.0,1731250800000,6955
164.31299991000003,79678.3602,79758.02,79653.7,79839.94,79437.0,1731251700000,6994
144.54243141,79674.4408,79653.7,79755.87,79789.6,79548.0,1731252600000,7054
101.89817168,79743.7493,79755.91,79756.44,79813.15,79671.0,1731253500000,6421
141.89067259,79724.7361,79756.44,79724.81,79836.4,79586.0,1731254400000,6853
121.17683986,79630.1781,79724.83,79773.65,79773.65,79512.0,1731255300000,7197
171.79383593999998,79776.6993,79763.23,79837.35,79855.24,79638.0,1731256200000,8142
138.18571234,79796.7641,79837.08,79838.21,79853.25,79630.0,1731257100000,7117
84.91316838000002,79805.1979,79832.4,79755.92,79870.0,79688.0,1731258000000,6608
70.52172250000001,79778.8172,79755.85,79861.13,79872.36,79656.0,1731258900000,6359
691.89728742,80147.057,79861.13,80196.0,80426.21,79749.0,1731259800000,16871
839.6896456600001,80496.8675,80273.85,80430.85,80787.73,80057.0,1731260700000,20262
510.20151977000006,80747.3174,80430.16,80814.45,80977.74,80286.0,1731261600000,17609
729.1844281,80909.985,80817.05,80716.0,81111.0,80477.0,1731262500000,17204
308.27838913,80886.6592,80929.2,80798.19,81026.23,80592.0,1731263400000,13528
280.60962261,80763.6197,80797.85,80621.62,80926.79,80437.0,1731264300000,13360
217.65292302,80763.8392,80621.63,80765.06,80935.18,80447.0,1731265200000,11805
400.09010988,80458.0215,80705.0,80355.1,80805.9,80217.0,1731266100000,12160
274.42310411000005,80185.9577,80334.6,79874.45,80436.02,79820.0,1731267000000,12429
578.4447421699999,79710.4402,79868.31,79811.97,79924.9,79273.0,1731267900000,16244
213.05470727000002,79686.6064,79810.97,79504.6,79970.0,79392.0,1731268800000,9676
301.23519003999996,79427.5148,79504.36,79505.0,79600.0,79248.0,1731269700000,10110
300.60283358000004,79383.1455,79505.01,79262.96,79647.31,79174.0,1731270600000,9643
289.72852213,79150.114,79272.86,78988.6,79375.8,78805.0,1731271500000,11770
491.39140352999993,78836.1381,78989.0,78911.6,79148.87,78420.0,1731272400000,18231
274.92408101999996,79328.6142,78911.7,79599.46,79638.33,78904.37,1731273300000,12595
140.55374400999997,79626.7644,79599.47,79578.29,79770.17,79465.0,1731274200000,8480
161.85437065,79848.4974,79584.9,79927.16,80062.52,79540.0,1731275100000,8806
204.33887113000003,80173.3382,79971.0,80364.9,80456.47,79827.54,1731276000000,10001
761.35334407,81050.4449,80362.09,80889.31,81534.28,80348.73,1731276900000,23519
360.67447980000003,80689.4185,80870.0,80468.03,81123.01,80313.0,1731277800000,14662
240.10840404000004,80500.2608,80466.85,80662.49,80753.41,80156.0,1731278700000,10834
482.69615971,80411.3762,80658.77,80412.82,80783.09,80185.0,1731279600000,13004
374.84824004000006,80427.0894,80412.81,80427.46,80619.66,80312.0,1731280500000,9642
266.61901111,80346.1991,80427.64,80279.67,80612.54,79933.0,1731281400000,10177
154.47465043,80389.5058,80278.62,80428.92,80500.0,80170.0,1731282300000,7663
205.07410337000002,80460.9119,80423.3,80436.54,80582.33,80244.0,1731283200000,8044
270.13993855,80638.1686,80436.57,80795.56,80866.93,80347.0,1731284100000,8951
173.51100381,80692.4321,80795.55,80678.7,80850.27,80506.0,1731285000000,7970
144.34321025,80624.3499,80670.63,80638.34,80737.02,80464.0,1731285900000,7070
141.62876351999998,80554.386,80603.9,80585.13,80723.18,80402.0,1731286800000,6378
204.04577042,80720.3401,80585.12,80838.49,80887.0,80437.0,1731287700000,7260
372.81168393999997,81123.929,80838.49,81349.17,81391.33,80780.0,1731288600000,10558
469.50481264999996,81466.5847,81350.96,81262.59,81788.99,81151.0,1731289500000,13070
261.75506946999997,81287.2276,81269.13,81374.29,81572.38,81061.0,1731290400000,8687
169.57665929,81463.1152,81371.59,81496.91,81567.91,81249.0,1731291300000,7605
161.23875726000003,81449.9531,81496.34,81354.04,81588.0,81247.0,1731292200000,7526
165.75394165000003,81379.945,81354.04,81512.24,81545.0,81216.0,1731293100000,6087
122.72749952000001,81386.5728,81453.2,81414.38,81512.44,81256.0,1731294000000,5195
147.23369088,81195.9829,81407.24,81027.7,81423.26,80958.0,1731294900000,6597
306.70173439,81307.31,81034.77,81485.47,81516.22,80978.0,1731295800000,7260
413.49806682999997,81734.0502,81485.46,81693.14,81943.26,81414.0,1731296700000,9075
146.15784739999998,81670.8254,81737.8,81648.47,81826.64,81524.0,1731297600000,6024
189.96983391,81519.8001,81648.45,81284.4,81656.5,81228.0,1731298500000,5970
132.48313366000002,81409.9084,81280.62,81398.66,81538.16,81160.0,1731299400000,5447
103.40901069,81464.2608,81398.66,81505.22,81548.42,81337.0,1731300300000,5009
122.09350406,81539.3229,81536.0,81423.71,81658.3,81384.0,1731301200000,4925
192.73939631,81152.2297,81423.71,81064.65,81490.0,80832.0,1731302100000,6289
146.87146305000002,80925.5432,81064.51,80839.83,81202.92,80729.0,1731303000000,5678
222.98265673999998,80680.1333,80839.83,80808.62,80980.58,80443.0,1731303900000,6893
155.04163294000003,80899.2767,80800.43,80939.35,81020.76,80531.0,1731304800000,5293
150.29669484,80999.0834,80937.19,81169.52,81250.0,80697.0,1731305700000,5283
147.69658835,81153.2246,81170.45,80860.43,81318.0,80807.0,1731306600000,5047
109.35109777000001,80942.0185,80860.44,80965.87,81026.74,80800.0,1731307500000,3740
83.32549678,80975.6288,80959.7,81060.92,81066.95,80780.0,1731308400000,3993
73.25097015,80956.5057,81060.91,80855.96,81070.97,80800.0,1731309300000,3982
87.38790986999999,80963.6517,80855.96,81079.38,81079.38,80800.0,1731310200000,3717
149.99498046999997,81187.6332,81079.37,81143.0,81300.89,80988.0,1731311100000,4020
205.72495063000002,81302.95,81209.5,81309.2,81454.21,81119.0,1731312000000,5225
119.79387534000001,81182.7549,81309.09,81160.66,81365.63,81043.0,1731312900000,3923
86.63851392000001,81182.1571,81160.65,81299.85,81323.32,81050.0,1731313800000,2762
110.75016385,81340.4158,81297.31,81321.35,81463.6,81147.0,1731314700000,3812
156.10511223,81400.1101,81359.1,81523.18,81558.19,81194.0,1731315600000,4673
128.88897387,81494.1291,81523.19,81487.4,81593.39,81363.0,1731316500000,4247
184.72698112999998,81587.285,81478.21,81540.12,81678.46,81368.0,1731317400000,4853
173.55564281,81739.6668,81551.09,81771.96,81852.08,81450.0,1731318300000,5049
430.84897652,82009.5861,81771.95,82207.34,82225.0,81725.0,1731319200000,10541
245.39304156,82172.2013,82207.29,82006.93,82444.39,81897.0,1731320100000,7944
128.37854101999997,82077.3927,82003.8,82124.56,82209.58,81882.0,1731321000000,5118
83.17638844000001,82097.5578,82127.2,82040.1,82245.21,81962.0,1731321900000,4656
166.60994821,81997.6028,82040.1,82004.94,82166.58,81880.0,1731322800000,5125
135.21518078,82146.4025,82004.93,82227.16,82251.7,81946.0,1731323700000,4927
118.43766966,82174.5716,82225.04,82102.58,82312.47,82039.0,1731324600000,5235
166.92538521000003,82206.3965,82092.8,82217.97,82325.05,82046.0,1731325500000,5735
295.25430524999996,82304.5846,82217.97,82245.37,82544.09,82132.0,1731326400000,8136
490.33375961,82110.4406,82249.76,82194.02,82320.16,81805.82,1731327300000,11713
143.74697229000003,82310.8047,82169.6,82364.8,82429.73,82134.0,1731328200000,6301
149.20714063000003,82324.9986,82363.65,82231.0,82428.33,82231.0,1731329100000,6022
286.7093284299999,82014.4855,82232.2,81761.0,82319.0,81678.0,1731330000000,8398
247.50276996000002,81803.0004,81761.16,81940.86,82022.92,81536.0,1731330900000,7798
431.58804339,81802.1785,81930.6,81775.35,81977.92,81656.01,1731331800000,7248
164.01830661999998,81866.9264,81761.87,81900.01,81967.37,81685.83,1731332700000,6035
333.79753019000003,82063.0686,81903.9,81818.79,82250.0,81805.38,1731333600000,8014
313.7131561,81728.2463,81818.71,81816.94,81941.28,81602.51,1731334500000,9008
1597.7789678700003,82282.7294,81820.29,82074.99,82700.0,81600.0,1731335400000,26847
704.26457277,82395.0623,82074.99,82597.75,82650.0,81895.0,1731336300000,16293
1367.88538987,82821.1467,82566.4,83058.05,83137.75,82411.0,1731337200000,23871
1208.51663446,83409.5644,83058.05,83893.37,83900.0,82868.0,1731338100000,27257
1464.67022306,84050.7516,83893.38,83921.57,84449.0,83426.0,1731339000000,31940
1000.3572563600001,84087.6712,83927.54,84153.1,84263.41,83708.0,1731339900000,22274
1850.5653370100003,84627.1995,84196.18,84899.76,84993.46,84101.0,1731340800000,33253
1075.98546063,84755.7292,84899.76,84465.86,85000.0,84164.0,1731341700000,25981
778.1146233599999,84364.339,84465.87,84338.01,84590.68,83883.0,1731342600000,20381
873.7240125,84205.0061,84336.75,84330.17,84496.76,83798.0,1731343500000,19208
726.1712337499999,84618.8506,84330.9,84813.65,84870.0,84142.0,1731344400000,17315
524.8990952400001,84639.6817,84800.32,84486.12,84858.92,84182.0,1731345300000,16530
671.8219232600001,84793.1861,84484.2,84988.35,85000.0,84222.0,1731346200000,17470
488.88567281,84864.9204,84980.52,84739.41,85000.0,84491.0,1731347100000,16696
489.47734231,84508.9127,84740.22,84608.71,84780.23,84199.0,1731348000000,14861
482.3758826800001,84589.1606,84608.72,84800.0,84879.61,84234.0,1731348900000,13404
1187.91167429,85086.7439,84854.0,85337.47,85462.37,84686.0,1731349800000,22783
961.9898732700001,85603.6363,85337.47,85965.72,85969.0,84978.0,1731350700000,23543
1141.71460568,86043.0695,85965.47,85892.8,86847.0,85382.0,1731351600000,30519
717.8747246500001,86118.8888,85892.8,86209.93,86414.98,85572.0,1731352500000,21344
710.6376693200002,86446.677,86157.3,86447.0,86700.0,85935.0,1731353400000,19389
640.42806357,86381.2776,86455.21,86281.69,86628.14,86022.0,1731354300000,17595
1289.4224198499999,86844.616,86279.53,87353.14,87369.01,86093.0,1731355200000,26543
891.6635382200001,87135.2575,87353.08,87041.96,87494.7,86692.0,1731356100000,23793
728.1239155499999,87051.6022,87041.95,87156.85,87292.4,86591.0,1731357000000,21715
933.71983315,87212.5644,87155.99,87047.89,87548.52,86691.0,1731357900000,23530
462.29781197,87121.0505,87058.85,87361.94,87445.15,86694.0,1731358800000,17368
1536.7617992899998,87900.9413,87356.62,88400.2,88499.0,87144.0,1731359700000,35712
706.12656122,88106.6349,88377.5,88072.21,88409.98,87623.0,1731360600000,24035
547.09339089,87932.0404,88071.29,88031.5,88150.0,87409.0,1731361500000,19252
552.82636854,87809.2343,88034.54,87473.16,88208.83,87177.0,1731362400000,20033
1138.3268894900002,86883.742,87473.16,86875.0,87527.67,86275.0,1731363300000,28649
489.07011444,86971.3809,86936.08,87151.56,87344.33,86545.0,1731364200000,16882
445.78112491,87641.3217,87151.55,88084.34,88158.56,86856.0,1731365100000,14639
1896.980724,88891.9051,88085.26,89461.9,89652.0,87944.0,1731366000000,39451
913.1781319900001,89331.8773,89433.1,89043.03,89666.0,88488.0,1731366900000,26691
1025.7933526900001,88758.418,89043.03,88578.5,89240.14,87371.9,1731367800000,23053
552.9070554900001,88718.6801,88578.68,88770.73,89064.3,88298.0,1731368700000,16899
572.68407079,88272.9464,88737.5,87731.0,88948.15,87541.0,1731369600000,20363
1196.1292271099999,87298.1708,87735.3,88057.33,88111.5,86521.0,1731370500000,31478
432.70846487000006,87874.821,88057.33,88072.44,88177.06,87394.0,1731371400000,17207
532.7155311600001,88599.081,88081.76,89093.37,89100.56,87867.0,1731372300000,23328
824.06491667,89185.6337,89093.35,89355.63,89557.5,88548.0,1731373200000,49712
590.54162699,89205.3861,89355.63,88817.62,89600.0,88621.0,1731374100000,34338
536.4364451399999,89008.9686,88817.62,88874.68,89298.99,88612.0,1731375000000,30954
372.3977820899999,88727.9557,88874.64,88663.66,89034.95,88372.0,1731375900000,15145
199.70082053000002,88776.1361,88666.03,88700.01,88998.94,88458.0,1731376800000,11892
347.87553355,88357.7095,88659.3,88358.76,88772.59,87972.0,1731377700000,12926
393.91021416,87851.0428,88358.74,87620.63,88413.68,87351.0,1731378600000,13454
465.33429488,87403.3931,87620.6,87815.74,87865.07,86970.0,1731379500000,14298
288.9240878,87862.8184,87759.2,87774.7,88136.0,87354.7,1731380400000,11905
164.63878680999997,87841.5805,87917.13,87774.96,88095.88,87589.0,1731381300000,9249
203.15234390000003,87829.7714,87774.84,87874.2,88044.4,87522.0,1731382200000,9042
205.60835391999998,88061.9545,87876.59,88175.87,88346.98,87660.0,1731383100000,10072
195.79406303000002,88034.9767,88200.1,88050.43,88289.56,87721.0,1731384000000,9208
249.81480385000003,88451.8025,88049.9,88784.21,88807.42,87903.0,1731384900000,13029
284.98547957999995,88814.3449,88784.57,88767.56,89100.0,88503.0,1731385800000,15700
200.98967150000001,88697.5853,88770.18,88538.55,88912.01,88442.0,1731386700000,10322
239.97525686,88448.058,88505.1,88512.94,88651.86,88110.0,1731387600000,9804
348.64849366999994,88683.4096,88512.93,88588.81,88938.7,88381.0,1731388500000,19317
206.50326637999999,88594.5037,88588.82,88556.73,88776.79,88269.0,1731389400000,10261
180.02169729,88477.957,88568.07,88487.12,88643.1,88252.0,1731390300000,7303
122.01999860999999,88395.0292,88487.11,88459.71,88542.13,88191.0,1731391200000,7715
158.75719623999998,88495.3951,88459.72,88643.58,88687.86,88097.0,1731392100000,7956
344.96380392,89093.9863,88647.19,89523.69,89530.9,88501.0,1731393000000,10909
736.3634335200001,89734.7771,89535.12,89655.19,89933.18,89398.0,1731393900000,17375
324.47296437,89576.4836,89629.8,89917.13,89979.0,89129.0,1731394800000,12297
330.5290358,89757.0522,89918.8,89445.99,89993.69,89391.0,1731395700000,12841
293.88646241,89397.4148,89443.0,89497.39,89588.26,89244.0,1731396600000,9467
210.45431893,89307.0936,89454.2,89114.02,89538.31,89050.0,1731397500000,8174
234.14594633999997,89027.5207,89113.95,88917.0,89223.77,88785.0,1731398400000,8155
198.91390743999995,88984.1435,88975.9,88882.5,89177.91,88788.0,1731399300000,7675
198.89708628,89032.5793,88882.51,89149.8,89250.0,88833.0,1731400200000,7785
277.09970922,89203.5738,89245.19,89414.1,89445.92,88971.0,1731401100000,10108
634.66645249,89010.9634,89414.08,88511.28,89512.49,88237.0,1731402000000,16707
274.95678747000005,88582.4292,88493.02,88645.8,88759.18,88192.0,1731402900000,8968
188.98665078000002,88503.3125,88644.69,88258.71,88829.59,88175.0,1731403800000,7186
399.56745517000013,88027.1198,88266.57,87734.5,88303.32,87679.0,1731404700000,11725
618.87041422,87581.2569,87737.83,87919.31,88122.77,86984.0,1731405600000,18794
217.28141938999997,87663.2984,87917.63,87514.45,88076.12,87236.0,1731406500000,10805
662.4165510700001,86809.7855,87514.45,86292.67,87731.37,86216.0,1731407400000,24154
1515.99722837,86115.9902,86310.17,86860.53,87134.0,85223.0,1731408300000,42372
780.0018422200001,87082.1425,86851.79,86844.95,87625.68,86590.0,1731409200000,20608
472.33057170999996,87398.6876,86850.78,87500.18,87818.02,86711.0,1731410100000,14370
256.62648031000003,87701.7389,87500.18,87491.84,87941.84,87441.0,1731411000000,9461
320.37593044999994,87305.5825,87485.3,87241.48,87738.32,86862.0,1731411900000,11303
283.53287322,87592.8634,87209.5,87791.4,87928.56,86997.1,1731412800000,11652
298.62827126999997,87410.3995,87789.95,87163.24,87805.92,87045.0,1731413700000,11235
327.5891937199999,86941.718,87133.0,86746.09,87303.8,86642.0,1731414600000,11713
421.72878965999996,86583.3859,86744.06,86389.04,86979.45,86203.0,1731415500000,14998
825.2531173600001,86178.3689,86395.39,86519.6,86593.34,85759.0,1731416400000,20053
588.6941598999998,86232.8395,86519.6,86075.73,86519.6,85963.0,1731417300000,17116
963.5188314299999,85558.7129,86125.0,85724.93,86208.62,85010.0,1731418200000,23174
1030.28601708,85615.6965,85743.98,86385.38,86473.03,85119.0,1731419100000,22154
566.4321455099999,86275.8824,86343.9,86028.29,86576.07,85874.74,1731420000000,15807
454.7100701,86030.792,86026.83,86056.91,86209.48,85786.0,1731420900000,13641
953.19624269,85815.7419,86053.78,86395.7,86420.34,85250.0,1731421800000,23445
689.2634737300001,86769.4845,86393.79,87073.35,87155.84,86238.4,1731422700000,18823
637.63057732,87259.2918,87061.3,87437.2,87549.01,86889.0,1731423600000,18354
590.90082707,87080.5473,87516.15,86919.41,87598.24,86566.0,1731424500000,17158
454.04096828,86940.5463,86925.87,86417.44,87339.99,86352.0,1731425400000,14805
482.80125715,86556.9823,86417.95,86713.09,86817.3,86185.0,1731426300000,14708
776.9472926400001,86346.8608,86711.06,85841.8,86817.61,85791.0,1731427200000,17651
600.82317845,86219.6564,85851.6,86577.49,86610.72,85800.0,1731428100000,15993
581.4568324500001,86868.3249,86552.0,87169.11,87183.45,86489.0,1731429000000,15152
942.15361312,87321.151,87169.12,87155.08,87715.83,86836.0,1731429900000,18930
541.8417317300001,87355.5924,87137.5,87570.59,87589.38,87043.0,1731430800000,14223
717.4724011799999,87503.753,87573.1,87592.71,87851.22,87098.0,1731431700000,15246
711.9369539400002,87825.7579,87599.91,87702.88,88050.36,87478.0,1731432600000,16621
697.25577594,87473.8755,87700.49,87073.27,87824.92,86895.0,1731433500000,15745
626.04169206,87358.3195,87073.9,87748.96,87811.33,86941.0,1731434400000,13461
950.1571256299999,88082.653,87750.25,88510.14,88543.2,87654.0,1731435300000,18685
807.08533084,88661.1451,88487.9,88773.05,88924.38,88305.0,1731436200000,19444
805.8125408800001,88879.0071,88765.57,88964.0,89074.57,88501.0,1731437100000,18781
977.67265967,89191.3271,88982.24,89491.78,89598.0,88648.0,1731438000000,17964
973.6301532900001,89477.9311,89493.36,89612.27,89730.62,89031.0,1731438900000,17177
1111.02731139,89582.2315,89599.9,89215.17,89966.0,88863.0,1731439800000,21239
593.3350943199999,89074.2467,89181.2,88874.49,89383.68,88632.0,1731440700000,14716
849.46510054,89212.1957,88811.4,89281.95,89550.0,88655.0,1731441600000,16289
874.73492169,89436.5995,89281.96,89662.22,89811.19,88823.0,1731442500000,15707
1152.62478359,89678.488,89662.22,89794.71,89900.0,89291.0,1731443400000,13959
1402.5984004900001,89841.1664,89792.56,89577.1,90100.0,89285.0,1731444300000,18075
599.07593424,89328.4937,89618.09,88934.78,89843.85,88785.0,1731445200000,14874
503.68754894,88866.2609,88934.78,88969.98,89080.25,88458.0,1731446100000,14833
549.6084996,88628.375,88969.99,88524.23,88990.28,88322.0,1731447000000,14249
438.37340680000005,88412.1037,88524.23,88315.94,88671.69,88071.0,1731447900000,13889
634.22530442,88023.8204,88315.96,88076.24,88389.63,87566.0,1731448800000,16695
298.13279128999994,88123.8005,88076.24,88114.31,88349.94,87761.0,1731449700000,11488
234.2986531,88405.7999,88112.8,88577.9,88648.56,88040.0,1731450600000,10475
172.48265757000001,88603.6775,88577.9,88660.75,88732.38,88392.0,1731451500000,9252
245.6666139,88372.9609,88660.74,88442.95,88660.74,88031.0,1731452400000,10663
526.8244133,87853.5012,88442.95,87953.0,88478.37,87416.0,1731453300000,13529
189.6411715,88005.4876,88053.84,87972.53,88158.45,87712.0,1731454200000,9736
155.7251191,88067.2565,87972.53,88035.43,88261.48,87772.0,1731455100000,9688
181.88284141,88044.772,88087.3,87801.97,88276.48,87703.0,1731456000000,8657
277.16786633,88023.6178,87796.06,88314.15,88407.91,87611.0,1731456900000,9330
230.32764377000004,88399.506,88311.1,88402.1,88569.91,88102.0,1731457800000,8800
199.43623369999997,88342.5317,88402.1,88158.54,88514.92,88011.0,1731458700000,8752
309.09894181000004,88325.3653,88147.2,88616.07,88665.3,87870.0,1731459600000,10451
290.05539989,88154.5392,88616.06,88086.16,88666.0,87736.0,1731460500000,10659
251.84984363,88035.3855,88080.01,88208.8,88292.47,87745.0,1731461400000,9082
128.07508493,88365.6566,88213.14,88379.24,88495.25,88066.0,1731462300000,7938
184.22896810000003,88246.9844,88376.2,88133.19,88450.0,87991.0,1731463200000,7722
557.53439383,87570.2239,88042.0,87624.74,88178.32,87255.0,1731464100000,12121
372.7387606299999,87464.9409,87629.75,87821.6,87827.76,87074.0,1731465000000,10537
168.15574133000004,87825.8905,87821.42,87984.16,88021.56,87551.0,1731465900000,7085
198.07653546999998,87980.3217,87975.3,88094.51,88239.5,87731.0,1731466800000,6843
220.88685232,87925.7388,88094.19,87440.2,88271.6,87300.0,1731467700000,7529
240.36731190999996,87538.3041,87446.49,87254.79,87763.65,87124.0,1731468600000,7977
312.72112057,87429.3337,87255.88,87278.73,87705.06,87082.0,1731469500000,8111
222.37048425999998,87499.0893,87227.5,87636.0,87665.02,87170.0,1731470400000,7375
235.95626350000003,87570.536,87636.0,87284.13,87827.38,87152.0,1731471300000,7573
537.52872624,86970.4762,87289.06,86805.67,87405.82,86568.0,1731472200000,12725
558.88452664,86763.1058,86801.86,87311.47,87374.14,86268.0,1731473100000,12365
212.88400147000002,87282.8133,87311.46,87318.86,87498.61,86967.0,1731474000000,7631
169.92797929999998,87463.1832,87315.29,87443.08,87573.02,87184.0,1731474900000,6147
214.52493628999997,87208.8733,87439.7,87067.26,87499.99,86847.0,1731475800000,7306
257.81751042999997,86817.5993,87067.26,86691.48,87131.4,86491.0,1731476700000,7796
180.77711931,86778.5767,86689.64,86819.3,86982.45,86475.0,1731477600000,6364
207.57610100999997,86829.778,86819.29,86596.89,87079.5,86464.0,1731478500000,7059
314.96026422000006,86433.4537,86593.9,86729.99,86740.86,86137.0,1731479400000,8276
222.30415767000002,86668.5754,86729.99,86600.22,86838.43,86378.0,1731480300000,6366
321.48602294,86883.9788,86586.0,87082.87,87111.76,86499.0,1731481200000,7316
303.87524303,87180.8971,87082.88,87255.86,87365.57,86876.0,1731482100000,7342
345.53683553,87380.5543,87246.6,87522.6,87622.47,86953.0,1731483000000,7654
304.29476712,87500.2236,87522.6,87504.95,87625.68,87325.0,1731483900000,6762
281.72365936,87394.6763,87485.7,87442.29,87580.47,87181.0,1731484800000,5886
359.36214083,87611.6102,87439.5,87555.0,87764.58,87337.0,1731485700000,6117
314.3553474,87506.1207,87685.61,87318.41,87819.73,87105.65,1731486600000,6123
216.13878247999995,87331.0312,87319.61,87335.5,87435.8,87115.0,1731487500000,4732
220.53125142000002,87367.3269,87323.5,87614.28,87652.4,87116.0,1731488400000,5334
171.75546688,87588.6157,87608.88,87634.05,87655.43,87448.0,1731489300000,5052
229.37405182999998,87417.5652,87634.04,87532.72,87646.07,87195.0,1731490200000,5431
174.87755434000002,87555.7187,87533.87,87496.3,87657.77,87367.0,1731491100000,4725
181.95154428999996,87431.6319,87509.39,87379.31,87614.5,87204.0,1731492000000,4827
154.62831754,87424.5625,87379.32,87423.45,87493.55,87204.0,1731492900000,4767
142.40130521,87354.8257,87424.54,87272.43,87515.18,87153.0,1731493800000,4152
195.90787594,87515.7178,87272.4,87651.71,87672.65,87166.0,1731494700000,4646
311.12570548,87704.0061,87600.1,87971.09,87994.71,87418.0,1731495600000,7251
386.51948449,87889.4988,87810.0,87749.88,88200.0,87442.0,1731496500000,8389
199.93487373000002,87808.7519,87735.77,87807.82,87956.6,87534.0,1731497400000,5386
196.41653523,87860.5222,87807.81,87789.62,87958.5,87588.0,1731498300000,5296
186.26818697,87759.4907,87797.5,87779.51,87884.68,87505.0,1731499200000,5647
219.10131283,87829.4402,87780.97,87874.57,87980.33,87539.0,1731500100000,5712
259.30301883,87946.4593,87867.8,88098.99,88149.09,87588.0,1731501000000,6908
164.85939188999998,87964.6342,88099.0,87775.7,88139.34,87622.0,1731501900000,6235
273.76852944,87798.3856,87812.5,87804.43,87907.83,87561.0,1731502800000,7635
599.9267252599999,88163.1285,87804.43,88425.2,88534.63,87646.0,1731503700000,11061
799.6473076999999,88780.8149,88421.11,89270.06,89326.66,88215.0,1731504600000,17792
857.7735031999998,89499.3712,89284.17,89362.24,89877.0,88888.0,1731505500000,17832
672.38731655,89451.2398,89360.0,89578.0,89850.0,88683.0,1731506400000,16936
803.66979902,89810.7894,89592.31,89942.83,90000.0,89390.0,1731507300000,16228
2707.27598733,90565.3555,89955.03,90946.36,91203.83,89450.0,1731508200000,51023
1870.0385135700003,91429.7578,90946.34,91666.92,91981.63,90354.0,1731509100000,40993
1418.20335604,91140.6268,91630.5,91315.98,91675.04,90431.0,1731510000000,38099
1318.9796678599998,91716.4262,91371.1,91987.32,92000.0,91035.0,1731510900000,33265
1399.3936007200002,91809.6565,91987.33,92240.99,92286.72,91260.0,1731511800000,33601
1397.6395686600001,92601.0451,92241.0,92759.73,92929.0,91931.0,1731512700000,38954
1476.5871334299998,92903.9655,92752.42,93425.77,93489.99,92235.0,1731513600000,38701
1143.5784172099998,93083.6569,93425.43,93104.45,93495.0,92620.0,1731514500000,34829
1233.5397357000002,92262.6359,93090.2,92031.12,93250.0,91467.0,1731515400000,33930
753.66137002,92434.1989,92032.14,92451.34,92784.95,91828.0,1731516300000,26638
705.0846562200002,92776.2147,92451.34,92879.94,93000.0,92188.0,1731517200000,22313
513.91175525,92609.1739,92881.98,92374.97,92990.0,92155.0,1731518100000,18840
672.0639174199998,92163.3166,92411.1,91988.29,92450.8,91814.0,1731519000000,19494
515.2218032,92160.3664,91989.92,92391.41,92411.53,91766.0,1731519900000,17089
671.7799575500001,92513.4023,92391.4,92515.92,92668.5,92153.0,1731520800000,16826
561.9513860699999,92708.0478,92515.92,92784.91,93028.6,92024.0,1731521700000,15995
682.0729719299999,92728.6048,92750.0,92849.61,92917.99,92369.0,1731522600000,16623
932.7043244600001,93050.8637,92840.07,92962.15,93290.89,92561.0,1731523500000,20242
1183.1577987899998,91778.9445,92962.14,91021.62,93018.89,90706.0,1731524400000,27215
1555.4816693799996,90909.7827,91012.19,91299.09,91497.91,90193.0,1731525300000,31847
1398.52078264,90463.16,91224.0,90743.5,91334.49,89933.0,1731526200000,30415
838.7992249800001,90705.9239,90687.5,90313.24,91033.86,90148.0,1731527100000,21106
1512.7270119999998,90095.7191,90306.94,90851.39,90957.97,89364.0,1731528000000,32111
1009.4714439300001,90848.3823,90856.44,90667.1,91115.19,90508.0,1731528900000,27154
983.9945956,90962.8489,90669.75,90877.39,91304.32,90554.0,1731529800000,19004
1162.12461362,90132.2453,90862.3,89780.86,90903.99,89520.0,1731530700000,22463
1306.98970144,89056.6515,89780.86,88671.77,89898.2,88406.0,1731531600000,27426
1117.86768093,88558.5857,88685.5,88848.69,89025.44,88017.0,1731532500000,26056
572.51920117,89263.7392,88848.68,89462.99,89519.69,88753.39,1731533400000,16651
497.90335357000004,89022.984,89462.99,88639.67,89464.19,88552.0,1731534300000,16170
302.70283488,89061.7687,88644.5,89490.7,89636.9,88414.0,1731535200000,14256
210.62424983,89589.7202,89437.96,89730.0,89799.7,89333.0,1731536100000,11293
313.72433482,89746.6062,89650.0,89739.23,89927.5,89440.0,1731537000000,9971
189.84554156,89782.5033,89739.23,89825.83,89903.69,89627.0,1731537900000,8720
310.3492693299999,89595.0361,89825.83,89686.31,89836.85,89325.0,1731538800000,11318
375.1375483300001,90058.2782,89686.32,90312.93,90391.7,89597.0,1731539700000,13057
265.39028665,90437.442,90309.33,90537.15,90595.52,90167.0,1731540600000,11418
221.4293405,90506.583,90537.15,90493.82,90666.71,90300.0,1731541500000,10501
252.50185372,90380.609,90499.4,90253.07,90639.37,90169.0,1731542400000,11600
178.37948873,90221.9588,90253.09,90148.47,90484.67,90003.0,1731543300000,10475
202.08130954,90038.1843,90138.6,89818.44,90444.73,89734.0,1731544200000,10460
146.80157407000002,90085.5314,89817.78,90197.57,90339.53,89746.0,1731545100000,9643
211.11286027999998,90302.2324,90225.2,90305.94,90527.2,89986.0,1731546000000,9687
217.64942405000005,90089.1836,90305.94,89818.94,90391.02,89706.0,1731546900000,10521
140.47237497999998,89799.925,89818.95,89825.05,90016.79,89546.0,1731547800000,9963
164.79509553999998,90154.5639,89818.1,90459.67,90540.15,89680.0,1731548700000,9851
186.6397091,90347.109,90463.4,90202.19,90651.64,90108.0,1731549600000,10399
117.5638145,90165.1928,90202.4,90023.77,90399.21,89807.0,1731550500000,9164
162.54805485999998,89891.4589,90023.76,89823.99,90118.9,89721.0,1731551400000,9458
123.12115350999998,90007.737,89819.98,90171.39,90263.78,89743.0,1731552300000,8770
114.30180105999999,90000.6102,90177.2,89849.96,90299.99,89771.0,1731553200000,8773
147.26022898000002,89832.8903,89806.0,89961.84,90124.0,89585.0,1731554100000,8247
81.16657889,89890.1823,89961.84,89915.35,90000.0,89792.0,1731555000000,6193
196.63577322999998,90055.2601,89920.6,90012.61,90157.4,89840.0,1731555900000,7655
143.51180508000002,89868.4168,90023.2,89910.85,90049.55,89693.0,1731556800000,6913
147.8490248,89838.1734,89910.89,89748.69,89991.22,89672.0,1731557700000,6608
324.70571523000007,89643.7897,89748.69,89790.0,89919.39,89347.0,1731558600000,8890
222.10680132000002,90056.2183,89905.8,90198.96,90280.13,89790.0,1731559500000,7404
115.88305008999998,90057.6442,90149.9,89818.72,90198.26,89781.0,1731560400000,6337
114.85855449,89940.3754,89818.72,89935.49,90119.03,89734.0,1731561300000,6298
114.39801398999998,89877.6146,89938.53,89854.3,90098.45,89692.0,1731562200000,6627
90.61612901000002,89974.3775,89844.86,90015.3,90075.48,89799.0,1731563100000,5168
159.31613969000003,90172.1194,89989.9,90107.45,90327.37,89977.98,1731564000000,6330
99.87176404,90152.5105,90100.5,90015.08,90357.99,89974.0,1731564900000,5528
129.4258676,89948.6936,90015.01,89915.81,90034.0,89816.0,1731565800000,5624
134.39754145,89604.6341,89914.87,89350.0,89916.7,89291.0,1731566700000,5925
185.13898593000002,89462.2341,89342.32,89704.42,89719.08,89111.0,1731567600000,8317
108.50687823,89693.8579,89704.42,89816.85,89835.92,89546.0,1731568500000,5921
174.35062462000002,89945.5068,89817.2,90150.0,90165.26,89631.0,1731569400000,6196
335.36148026000006,90562.2426,90155.63,90846.0,90921.73,90069.0,1731570300000,7844
388.96067208,91153.2086,90846.0,91434.49,91478.77,90678.0,1731571200000,10590
248.67720755,91162.5081,91434.49,91164.15,91469.91,90925.33,1731572100000,8180
206.39528774999997,91037.1373,91166.89,90903.0,91269.35,90864.79,1731573000000,7010
266.7374049,90694.8978,90897.1,90623.4,90956.87,90377.0,1731573900000,7373
175.90471473,90686.0256,90623.5,90651.65,90957.31,90476.0,1731574800000,6439
108.42171725,90658.2557,90651.66,90692.59,90832.41,90414.0,1731575700000,5608
123.77245853,90556.395,90700.12,90667.39,90730.18,90400.0,1731576600000,5386
92.30222903000002,90763.6136,90668.42,90963.53,90969.79,90533.38,1731577500000,5432
324.18371942,91243.0073,90963.52,91320.11,91479.89,90890.6,1731578400000,10605
212.53355464,91238.1406,91320.11,91140.91,91396.76,91088.0,1731579300000,6948
139.95819550000002,91128.7524,91147.43,91064.49,91463.19,90881.0,1731580200000,7171
141.95560914,91184.9233,91064.39,91164.72,91408.7,90983.0,1731581100000,6584
243.42202257000002,90818.6311,91164.3,90897.8,91242.63,90499.0,1731582000000,8550
187.23407243,90928.0862,90899.14,91274.96,91285.74,90481.0,1731582900000,8529
136.75967792,90995.2591,91271.22,91161.58,91273.99,90770.0,1731583800000,6836
295.79810689,91540.2093,91159.6,91545.36,91715.26,91037.0,1731584700000,8816
251.48215771000002,91387.3912,91592.8,91574.59,91602.48,91111.0,1731585600000,8353
230.95295074,91451.2977,91574.58,91318.45,91659.01,91225.0,1731586500000,8404
139.14761932000002,91187.7347,91282.4,91158.07,91334.02,90953.0,1731587400000,7494
133.69587154,91227.9529,91151.47,91290.32,91387.69,91018.0,1731588300000,7342
130.89943895,91276.7218,91310.9,91258.8,91446.0,91067.0,1731589200000,7542
202.68168708000002,91071.5214,91258.48,90987.22,91263.13,90902.0,1731590100000,7888
377.64525790999994,90913.0729,91024.4,90990.63,91276.92,90572.0,1731591000000,12732
248.93146757,90825.1885,90993.69,90801.43,91048.07,90618.0,1731591900000,9960
248.27159140000003,90823.6928,90795.6,90970.82,91086.73,90538.0,1731592800000,9058
290.6229677,91040.3201,90980.09,91332.47,91357.86,90688.0,1731593700000,10378
1817.45791318,90583.8293,91324.1,89739.9,91831.25,88900.0,1731594600000,32270
1182.13399196,89156.9133,89769.55,88749.38,89793.41,88608.0,1731595500000,26902
967.8803190400001,88906.2588,88749.38,89428.72,89464.17,88240.0,1731596400000,24067
1037.7644469499999,89133.4485,89435.81,89195.17,89913.3,88415.0,1731597300000,22130
759.6348507,88875.7861,89195.17,88765.78,89195.17,88441.0,1731598200000,22327
1045.8623168099998,88226.1556,88755.67,87962.45,88841.99,87810.0,1731599100000,22570
853.2733098900001,87934.6446,87962.47,87730.05,88252.91,87491.0,1731600000000,19438
476.77280169,88234.1714,87737.16,88243.42,88556.64,87644.9,1731600900000,15618
369.44748749999997,88601.6676,88243.36,88842.53,89025.3,88200.0,1731601800000,13536
417.31625377,88976.9601,88842.52,89235.35,89284.74,88532.9,1731602700000,12398
300.28104086999997,89092.3689,89235.62,88844.16,89285.28,88829.0,1731603600000,10205
350.61804296,88861.5831,88841.53,88632.55,89019.58,88624.8,1731604500000,10447
502.60059114000006,89005.8778,88632.55,89069.58,90000.0,88609.92,1731605400000,10229
339.34838708000007,89220.3642,89075.69,89266.96,89455.61,88956.0,1731606300000,10396
685.14420642,89583.8186,89278.7,89656.58,89746.1,89113.8,1731607200000,11579
241.76615005000002,89532.3996,89656.57,89399.0,89742.96,89333.8,1731608100000,8354
304.65441345000005,89194.9292,89399.0,89129.5,89472.28,88935.0,1731609000000,9843
327.31266538999995,89180.8377,89126.71,89153.68,89359.99,88998.0,1731609900000,8433
292.54211122,89470.9963,89161.43,89559.66,89675.94,89117.0,1731610800000,8822
271.57962815999997,89540.5809,89549.38,89566.85,89693.8,89353.86,1731611700000,8788
280.1621316100001,89437.0075,89552.0,89508.19,89599.91,89252.0,1731612600000,8608
281.47831204000005,89504.2893,89503.1,89479.9,89700.0,89201.0,1731613500000,8959
992.9040014600001,88574.9387,89499.71,88178.41,89499.71,87963.0,1731614400000,17376
454.6495739,88454.5691,88208.0,88428.26,88668.71,88112.31,1731615300000,11553
676.7797690300001,88058.7939,88432.12,87953.5,88507.97,87756.0,1731616200000,13894
702.7930482199998,87834.8205,87948.02,87550.16,88099.4,87500.45,1731617100000,15945
1118.19886909,87352.0782,87550.1,87435.18,87889.85,86966.63,1731618000000,22011
365.34969443,87807.5062,87435.59,88082.32,88102.0,87431.4,1731618900000,10635
264.51756426000003,87993.3798,88083.25,88026.86,88197.0,87700.17,1731619800000,8644
371.66794389,88131.3853,88027.08,88232.0,88283.64,87945.71,1731620700000,10318
269.15565231,87913.0002,88227.2,87926.6,88362.77,87460.37,1731621600000,9282
226.60119787000002,87963.0989,87935.57,87812.5,88199.98,87742.0,1731622500000,8140
209.61592610999998,87450.9383,87812.5,87916.37,87916.63,87055.88,1731623400000,9347
180.00483531,87917.6134,87908.45,87654.16,88135.49,87582.39,1731624300000,7548
340.45771125,87298.8229,87654.17,86974.86,87801.0,86879.0,1731625200000,10895
243.69241500000004,87287.3101,86974.87,87389.8,87634.44,86952.0,1731626100000,9169
447.15804163,86963.838,87460.89,87290.0,87460.89,86621.9,1731627000000,12583
366.83209209999995,87221.7885,87287.68,87340.4,87426.21,87001.62,1731627900000,9972
393.6865475199999,87835.0425,87314.4,88100.03,88331.0,87248.27,1731628800000,12028
254.11364486999997,88178.4005,88100.03,88211.45,88349.74,87964.38,1731629700000,9518
188.91307819,88280.2466,88207.9,88067.79,88454.15,88016.98,1731630600000,8611
154.21883115,88016.8339,88067.69,87903.21,88190.87,87867.26,1731631500000,8079
127.93024353999999,87973.2902,87915.1,87815.74,88200.0,87670.55,1731632400000,7324
168.06118940000002,87781.385,87815.74,87652.63,88058.55,87401.54,1731633300000,8048
190.80499540999998,87836.6321,87642.42,87984.88,88043.92,87575.87,1731634200000,8429
114.20451639999999,88028.582,87984.02,88113.7,88191.09,87856.59,1731635100000,7056
73.73213701,88063.6111,88100.8,88089.92,88205.19,87821.36,1731636000000,6610
95.14288447999998,87980.3173,88087.78,88046.19,88179.29,87743.11,1731636900000,6761
126.00101989000001,88280.5967,88040.5,88431.02,88443.3,88006.51,1731637800000,7421
83.50903804,88400.0891,88423.45,88389.7,88477.31,88285.82,1731638700000,6855
81.12524271,88324.4622,88389.4,88239.26,88433.52,88170.11,1731639600000,6676
55.70110877000001,88242.9477,88248.51,88267.17,88369.57,88137.5,1731640500000,6201
121.29508639999999,88361.6162,88267.17,88422.23,88506.78,88210.95,1731641400000,7044
91.23463567,88314.2701,88416.69,88254.11,88443.51,88200.89,1731642300000,6333
44.30068564000001,88204.4477,88252.4,88099.0,88293.22,88099.0,1731643200000,6061
357.40150737,87793.8093,88101.34,87810.36,88143.37,87559.5,1731644100000,10360
348.05913914,87395.8861,87810.38,87420.1,87826.85,87118.0,1731645000000,10836
133.31637836000002,87254.7111,87412.73,87487.8,87566.2,87100.83,1731645900000,7347
97.53259316,87597.8466,87487.75,87649.47,87797.7,87304.32,1731646800000,6947
84.58985161999999,87589.7777,87645.96,87793.91,87807.46,87353.72,1731647700000,6253
90.88449685,87797.6391,87793.56,87837.19,87902.5,87696.37,1731648600000,6200
106.81703165000002,87749.811,87836.29,87755.72,87900.0,87608.25,1731649500000,4931
66.98275972000002,87927.2023,87757.9,87929.48,88048.79,87720.83,1731650400000,5270
50.392928510000004,88017.1493,87929.48,87986.28,88113.76,87909.8,1731651300000,4226
67.64476871,87839.2027,87982.88,87734.69,88011.18,87614.75,1731652200000,5283
62.60996677,88058.9467,87742.85,88208.61,88217.12,87699.3,1731653100000,4829
86.68465392,88181.8377,88149.9,88132.64,88321.99,88074.91,1731654000000,5055
55.25866685,88264.0733,88128.0,88285.52,88431.2,88083.39,1731654900000,4095
78.74276297,88044.6637,88285.55,87978.13,88307.0,87830.67,1731655800000,4720
121.35802844000001,87761.7441,87976.29,87663.18,88007.33,87621.6,1731656700000,4734
114.66425045000001,87599.2083,87657.5,87499.8,87834.99,87400.06,1731657600000,5719
58.76104827,87626.7817,87466.01,87618.0,87753.32,87466.01,1731658500000,4884
104.64927107,87918.3178,87622.68,88094.67,88195.0,87613.95,1731659400000,5273
80.90398984,88110.5894,88097.62,88106.48,88191.32,88005.2,1731660300000,4896
295.35690674,88506.8395,88146.6,88820.27,88850.0,88032.33,1731661200000,9434
388.45588157000003,89072.1681,88818.96,89204.77,89372.9,88652.53,1731662100000,10115
122.77312685999999,89207.1407,89204.77,89077.15,89374.84,89047.69,1731663000000,6941
129.30771891,89089.1806,89077.14,89207.1,89292.5,88907.61,1731663900000,6132
92.44656861,89074.759,89210.0,89148.62,89240.0,88951.38,1731664800000,6066
98.30894578000002,89269.6093,89148.62,89368.06,89440.16,89001.82,1731665700000,5756
55.84189672,89183.0977,89378.34,89135.03,89394.0,89083.15,1731666600000,5116
125.37876089,89347.2813,89142.43,89357.82,89477.0,89124.4,1731667500000,5902
137.28733334,89400.3173,89400.1,89275.2,89600.0,89200.0,1731668400000,6528
78.7711064,89228.3955,89275.2,89317.45,89363.0,89130.1,1731669300000,5104
155.42447341000002,89473.9646,89317.45,89432.8,89618.0,89239.9,1731670200000,6484
162.6348685,89619.0197,89490.1,89742.57,89796.0,89411.19,1731671100000,6972
429.92041746000007,90042.1456,89742.58,90641.04,90699.97,89594.45,1731672000000,11609
372.70890437,90405.825,90664.0,90291.3,90705.0,90163.05,1731672900000,11579
219.27282873000001,89913.3411,90282.85,89831.35,90317.0,89647.8,1731673800000,9826
149.64454646000002,89837.0071,89831.35,89759.52,90017.74,89693.0,1731674700000,7968
99.26136622,89812.5022,89774.5,89932.65,89979.0,89582.92,1731675600000,7566
138.80922164999998,89730.2604,89932.55,89600.51,90019.0,89487.4,1731676500000,8234
257.10558212000007,89664.8098,89599.54,89937.86,89976.98,89252.0,1731677400000,11321
232.68567776,90210.9228,89937.87,90164.0,90493.3,89887.0,1731678300000,9960
224.88747399000002,89945.3689,90162.0,89767.56,90209.0,89665.63,1731679200000,9902
244.31871735000004,89527.9638,89767.55,89318.97,89836.76,89240.14,1731680100000,10814
895.4994792499999,88991.3523,89310.73,89321.69,89429.9,88570.0,1731681000000,20222
679.3964646099998,89466.0694,89322.09,89121.11,89984.09,88925.0,1731681900000,17935
849.6249201400001,88628.9228,89089.9,88475.64,89142.34,88198.9,1731682800000,19845
839.1019422999999,88102.2367,88474.01,88215.1,88601.64,87731.41,1731683700000,20069
738.5723866899999,88159.0605,88208.78,88199.8,88587.28,87775.6,1731684600000,16903
478.52044243000006,88452.7014,88190.76,88440.27,88827.06,88090.35,1731685500000,14001
542.51472345,88808.6854,88440.25,89149.23,89194.49,88376.42,1731686400000,14318
579.1845367200001,89303.1872,89149.23,89643.19,89706.02,88888.0,1731687300000,16041
371.76363746000004,89357.9191,89631.88,89098.75,89752.02,88944.1,1731688200000,15028
349.40976534,89373.5305,89098.76,89385.04,89588.28,88946.5,1731689100000,14060
362.1051108099999,89554.2777,89387.31,89576.48,89743.21,89286.75,1731690000000,13514
393.91202996,89676.4523,89576.47,89578.94,89859.99,89450.7,1731690900000,12386
347.82843263999996,89585.1082,89578.76,89903.98,89970.46,89195.88,1731691800000,11662
179.06569366999997,89568.5742,89903.77,89493.38,89966.32,89317.44,1731692700000,9214
314.14177076000004,89540.8165,89493.38,89503.94,89741.6,89310.44,1731693600000,10653
283.75279709999995,89668.9984,89503.94,89793.21,89830.78,89444.6,1731694500000,10931
281.77632978,89719.9012,89793.21,89749.92,89847.37,89533.0,1731695400000,11097
238.74631099,89431.1235,89747.49,89394.97,89813.55,89211.05,1731696300000,9991
206.50204681,89459.2094,89394.98,89515.85,89652.96,89267.24,1731697200000,9735
258.02931763000004,89596.9793,89505.67,89731.43,89749.94,89363.1,1731698100000,10257
803.12139847,90166.2595,89731.43,90624.21,90645.29,89674.58,1731699000000,16981
585.13670368,90574.2924,90622.01,90418.2,90959.0,90077.57,1731699900000,16138
535.37946242,90672.328,90400.5,90961.3,90979.95,90357.7,1731700800000,14324
659.4075006400001,91043.353,90961.29,90934.06,91272.0,90753.7,1731701700000,17539
638.5989234699999,90980.1312,90938.73,91195.15,91235.49,90634.93,1731702600000,14926
812.43758031,91343.4868,91186.05,91523.12,91541.67,91002.0,1731703500000,17810
519.48867595,91310.8762,91493.3,91381.98,91539.13,91117.0,1731704400000,13443
384.6231718899999,91360.5769,91381.97,91363.87,91511.11,91103.0,1731705300000,13153
383.38476275999994,91327.3977,91363.87,91467.25,91499.99,91078.0,1731706200000,12844
515.2628313299999,91635.0681,91467.63,91733.56,91890.56,91251.0,1731707100000,13360
320.37445196,91572.1962,91721.6,91393.11,91934.62,91298.21,1731708000000,12434
167.35232517000003,91286.6317,91401.0,91237.29,91493.65,91100.0,1731708900000,9475
246.90352287000002,91451.704,91215.2,91482.71,91680.0,91215.1,1731709800000,8421
181.33184855,91281.3228,91482.71,91238.48,91499.71,91117.0,1731710700000,7209
209.13935748000003,91369.4083,91247.32,91463.3,91478.66,91192.1,1731711600000,8709
137.43743240999999,91343.9932,91463.29,91283.0,91494.61,91228.0,1731712500000,7701
188.98252953000002,91183.1805,91283.01,91103.86,91333.7,91048.0,1731713400000,7418
240.56100752999998,91009.7968,91103.85,91058.36,91131.08,90870.0,1731714300000,8641
335.60490595,91139.4246,91062.0,90907.89,91365.77,90867.0,1731715200000,9624
216.36817047000002,91027.2988,90907.89,90894.3,91184.4,90853.0,1731716100000,9344
157.96067152999998,91016.1347,90894.4,91016.01,91101.45,90859.0,1731717000000,8315
119.08458385,91102.5712,91010.97,91062.46,91216.29,90868.0,1731717900000,7550
125.98118553000002,91243.3552,91036.1,91324.95,91401.28,90942.0,1731718800000,7316
174.94581925999998,91341.0675,91324.95,91384.88,91499.99,91146.0,1731719700000,7178
184.22953195,91319.1307,91364.1,91363.24,91414.31,91187.0,1731720600000,7606
127.93539899999999,91307.3908,91358.31,91296.94,91463.98,91111.0,1731721500000,6843
98.94084571000002,91353.8037,91289.2,91353.0,91452.03,91145.0,1731722400000,7257
110.7714349,91622.1084,91452.03,91687.79,91764.06,91354.0,1731723300000,7675
118.73389633,91551.9064,91692.05,91485.55,91720.02,91376.0,1731724200000,6863
106.40345601,91481.7366,91481.5,91478.15,91624.66,91333.0,1731725100000,7448
87.21819830999999,91493.153,91475.77,91469.43,91643.77,91361.0,1731726000000,6936
54.69984745000001,91430.3889,91469.43,91397.99,91550.0,91314.0,1731726900000,6515
124.79762158,91250.5724,91397.99,91270.86,91453.21,91028.0,1731727800000,6887
53.20529026,91271.1041,91270.86,91289.95,91393.6,91090.0,1731728700000,5816
67.64485087999999,91233.1866,91320.1,91162.09,91456.28,91082.0,1731729600000,6027
64.38210776,91178.9449,91162.08,91224.3,91250.3,91053.0,1731730500000,5693
56.24160703,91282.4486,91224.31,91209.08,91358.35,91140.0,1731731400000,5388
49.44898877999999,91331.7965,91207.64,91328.74,91416.29,91118.0,1731732300000,5281
53.16592031,91341.1734,91312.9,91457.65,91469.89,91159.0,1731733200000,4962
117.29578015999999,91612.9683,91457.65,91597.1,91820.73,91350.0,1731734100000,6057
67.11454448,91511.7652,91597.11,91411.34,91671.09,91354.0,1731735000000,5274
46.63332095,91419.7406,91409.7,91389.71,91549.65,91304.0,1731735900000,5109
71.47515736000001,91330.0398,91369.9,91325.17,91419.19,91205.0,1731736800000,5396
42.71121236,91404.6564,91325.17,91412.38,91506.8,91231.0,1731737700000,5226
63.92760245000001,91294.9762,91403.0,91226.0,91412.38,91174.0,1731738600000,4572
48.07897641999999,91319.7578,91229.0,91258.0,91447.79,91167.0,1731739500000,5627
102.00955215,91280.9735,91258.0,91381.49,91439.12,91118.0,1731740400000,5920
64.61333446,91398.4558,91381.71,91363.49,91452.5,91296.0,1731741300000,5101
43.51190342999999,91233.2868,91363.49,91134.0,91363.49,91075.0,1731742200000,4992
26.101674449999997,91164.1404,91134.0,91154.59,91241.12,91050.0,1731743100000,4340
76.77437825,91171.6931,91200.1,91114.48,91277.84,91045.0,1731744000000,4806
74.20743852999999,91181.5508,91114.47,91258.9,91334.72,91017.0,1731744900000,4710
78.33295133,91360.2921,91256.86,91310.5,91448.88,91208.0,1731745800000,4980
53.471864870000005,91362.7326,91321.04,91454.84,91461.27,91257.0,1731746700000,4582
45.200953080000005,91398.9557,91400.0,91407.02,91457.71,91268.0,1731747600000,4021
61.25804041999999,91355.75,91407.02,91289.61,91434.89,91246.0,1731748500000,4343
70.3462294,91362.3961,91289.59,91406.51,91470.6,91231.0,1731749400000,4694
44.83062447,91348.6759,91414.68,91256.25,91430.17,91241.0,1731750300000,4075
110.98305131000001,91347.2677,91256.26,91324.76,91427.09,91195.0,1731751200000,5102
39.79230175,91391.0986,91324.75,91449.29,91474.84,91237.0,1731752100000,3954
61.44691647,91534.1988,91449.29,91599.0,91621.18,91391.0,1731753000000,3865
33.00328916,91485.58,91609.07,91411.32,91615.11,91370.0,1731753900000,3955
49.02700808000001,91345.8339,91400.1,91360.88,91439.57,91259.0,1731754800000,4616
111.19346685000001,91235.894,91358.42,91245.69,91365.38,91037.0,1731755700000,5327
111.19136830000001,91105.2998,91245.69,91045.62,91247.66,90982.0,1731756600000,5875
124.61407334,91116.5278,91032.6,91203.76,91242.3,90967.0,1731757500000,6308
268.85224206,90921.2057,91150.1,90684.58,91344.05,90529.0,1731758400000,8814
137.47428512000002,90787.9363,90684.59,90829.68,90953.31,90475.0,1731759300000,6495
86.06835039,90929.8358,90826.62,90959.74,91024.65,90723.0,1731760200000,5361
78.14670038999999,90931.1776,90961.1,90853.0,91014.33,90841.0,1731761100000,4403
93.81201444,91091.9625,90869.6,91219.56,91228.98,90860.0,1731762000000,4885
102.64986904000001,91092.07,91217.29,90958.7,91228.89,90909.0,1731762900000,4991
102.76950521999997,90898.4125,90958.69,90946.2,90999.56,90765.0,1731763800000,5615
68.02057198,90823.5522,90940.99,90787.57,90949.32,90667.0,1731764700000,5126
72.30221395000001,90835.6144,90787.57,90836.7,90918.22,90730.0,1731765600000,5315
107.23983688,90843.807,90826.1,91079.22,91079.22,90636.63,1731766500000,6272
87.23707833,90997.2295,91079.02,90990.88,91109.32,90842.49,1731767400000,6100
51.319832299999995,91004.1901,90990.89,90995.25,91086.58,90917.0,1731768300000,5683
159.70845667999998,90763.539,90970.8,90554.98,91051.84,90522.0,1731769200000,7659
206.19877628,90567.3506,90554.98,90400.1,90749.81,90227.0,1731770100000,7333
125.17539762,90400.9709,90385.68,90417.48,90598.68,90222.0,1731771000000,6956
263.61561509,90319.0596,90413.82,90558.9,90582.95,90069.21,1731771900000,8768
139.29244705,90427.5116,90500.0,90500.0,90614.79,90207.0,1731772800000,6028
140.04504472000002,90612.6254,90500.0,90724.31,90763.74,90422.4,1731773700000,6823
91.37574117999999,90727.8994,90724.31,90588.04,90881.06,90508.0,1731774600000,6299
49.460381010000006,90609.6695,90595.87,90638.84,90750.0,90445.0,1731775500000,5461
82.8217802,90741.1683,90642.4,90809.0,90879.19,90518.0,1731776400000,5394
69.92668558,90849.8688,90841.45,90876.53,90933.64,90762.7,1731777300000,5106
81.32289768999999,90867.2739,90876.52,90923.0,90963.91,90761.28,1731778200000,5111
85.14409727,90951.0479,90956.77,90952.45,91050.41,90854.0,1731779100000,5452
112.53399248999999,91076.8872,90945.5,91144.65,91211.12,90856.0,1731780000000,6286
56.19614021999999,91188.0404,91143.06,91212.93,91292.09,91122.0,1731780900000,5307
156.55527912000002,91348.6057,91218.71,91358.0,91446.39,91171.0,1731781800000,6058
69.88303429999999,91336.7275,91327.75,91345.18,91400.0,91220.0,1731782700000,4936
70.06786350000002,91258.3818,91335.81,91259.74,91374.32,91125.0,1731783600000,4970
110.96032217000001,91074.4429,91258.77,91038.24,91262.81,90934.0,1731784500000,5286
51.32996821,91048.9108,91019.8,91082.23,91163.79,90940.0,1731785400000,5304
44.31871655,91105.8004,91096.29,91158.93,91200.0,90983.0,1731786300000,4423
81.78410576,91118.5488,91129.9,91066.6,91255.38,90947.0,1731787200000,4917
104.96748877,90907.2644,91066.54,90804.63,91114.32,90683.0,1731788100000,5959
54.42971948,90900.482,90799.76,90973.34,91000.0,90737.0,1731789000000,4613
40.25422064,90870.9734,90973.32,90796.04,91021.56,90682.0,1731789900000,4590
71.0788682,90881.9702,90802.97,90953.36,90987.36,90698.0,1731790800000,4867
48.20176231000001,90977.3381,90959.26,91094.14,91100.0,90823.0,1731791700000,4498
39.891583399999995,91042.1534,91004.0,91022.66,91130.79,90940.0,1731792600000,4256
34.522354230000005,91017.6582,91022.68,91058.79,91073.76,90870.0,1731793500000,4222
41.99699932,90993.2221,91058.79,90953.12,91063.88,90817.0,1731794400000,3883
30.45203825999999,90943.8856,90946.0,90922.41,90987.65,90832.0,1731795300000,3376
46.11680312,90835.2539,90946.1,90797.66,90946.1,90676.0,1731796200000,3640
140.45689299,90552.9305,90797.65,90327.0,90797.66,90327.0,1731797100000,5878
99.93694715000001,90562.8788,90366.82,90591.98,90713.24,90319.0,1731798000000,5890
80.40588471000002,90519.8581,90532.0,90596.66,90655.78,90405.0,1731798900000,5076
53.01475836,90567.7412,90596.66,90476.55,90712.28,90401.0,1731799800000,4445
93.42762929999999,90549.1486,90476.56,90555.1,90643.66,90382.0,1731800700000,4908
53.779839239999994,90682.3772,90567.7,90729.23,90756.39,90555.0,1731801600000,5151
82.29490027000001,90827.5813,90729.23,90853.58,90897.4,90693.0,1731802500000,5202
49.900697400000006,90833.1829,90840.1,90719.65,90935.79,90716.0,1731803400000,4993
38.95975315999999,90813.5435,90731.68,90849.79,90906.21,90690.0,1731804300000,4693
61.752073110000005,90758.7895,90844.0,90748.0,90907.61,90670.0,1731805200000,4644
57.849826719999996,90744.708,90748.0,90707.94,90877.34,90663.0,1731806100000,4637
159.08373623000003,90394.8592,90707.94,90215.13,90718.11,90197.47,1731807000000,6112
169.56699123999996,90194.1225,90206.4,90309.36,90380.17,90033.99,1731807900000,7195
422.2811859700001,89776.3172,90309.36,89513.55,90327.62,89502.27,1731808800000,11233
248.90741316,89709.9469,89529.5,89781.07,89936.38,89400.0,1731809700000,8348
74.27850950999999,89735.1173,89781.07,89925.0,89993.07,89578.0,1731810600000,5433
93.68976848999998,89993.8118,89930.59,90070.88,90172.16,89790.0,1731811500000,5086
68.30721134,90099.6785,90100.1,89816.59,90291.52,89802.0,1731812400000,4640
45.55774679,89942.1937,89825.48,90060.19,90100.0,89803.0,1731813300000,4845
40.52123652,90109.7101,90060.68,90169.36,90199.79,90014.0,1731814200000,3677
37.72323628,90199.1434,90169.16,90295.81,90298.0,90050.0,1731815100000,3905
70.0960252,90314.1355,90268.0,90318.5,90465.0,90166.0,1731816000000,4984
96.12966588999998,90405.4117,90318.5,90444.1,90549.83,90275.0,1731816900000,4750
52.999519629999995,90495.5435,90436.16,90644.19,90696.02,90276.0,1731817800000,4643
84.73661630000001,90461.331,90644.79,90606.46,90688.83,90325.0,1731818700000,4722
89.39257884,90787.2082,90606.47,90780.92,90899.0,90464.0,1731819600000,5111
51.951140380000005,90694.0142,90792.37,90633.6,90815.49,90598.0,1731820500000,3880
44.16783356,90470.9559,90638.08,90432.36,90679.12,90372.63,1731821400000,3407
39.344218909999995,90508.8989,90440.41,90467.27,90615.5,90410.1,1731822300000,3146
27.82294113,90439.9208,90460.9,90401.01,90523.52,90357.7,1731823200000,2798
23.84735099,90524.6719,90447.0,90561.49,90608.76,90395.17,1731824100000,2761
34.47282858999999,90642.1826,90564.46,90763.43,90783.0,90484.6,1731825000000,3226
42.10002507,90669.6768,90703.4,90632.73,90781.6,90555.88,1731825900000,3519
46.73274868,90481.7654,90602.0,90364.88,90667.99,90353.42,1731826800000,3274
15.133565070000001,90451.2719,90361.0,90512.93,90555.57,90359.42,1731827700000,2699
36.53402989,90566.4445,90507.8,90625.09,90637.54,90478.47,1731828600000,3052
41.44662509,90551.7545,90625.09,90537.0,90630.83,90455.0,1731829500000,2660
74.98028355,90625.8334,90549.2,90683.16,90789.54,90455.41,1731830400000,3709
36.75797573,90592.9337,90682.97,90601.32,90734.74,90500.96,1731831300000,2995
74.06589994,90632.2511,90601.32,90721.6,90827.0,90530.0,1731832200000,3674
104.74351156000002,90915.4531,90738.0,90969.51,91065.0,90720.4,1731833100000,4464
131.31593633,91269.6304,90963.0,91236.26,91439.82,90950.37,1731834000000,5141
35.64557015999999,91198.1039,91240.86,91122.85,91330.0,91105.86,1731834900000,3334
34.70637472999999,91141.8642,91170.0,91248.84,91278.58,91016.87,1731835800000,3041
56.886465730000005,91193.2409,91248.84,91286.78,91333.0,91074.0,1731836700000,3132
35.400673450000006,91230.4261,91278.2,91216.81,91343.0,91119.67,1731837600000,2991
23.26002495,91161.3053,91211.47,91133.22,91248.0,91068.88,1731838500000,2643
29.66214667,91089.3585,91133.22,91035.75,91158.82,91000.96,1731839400000,2599
40.39940942,91034.63,91035.75,91074.5,91152.0,90874.2,1731840300000,2792
105.71256274999999,90754.5998,91044.0,90711.3,91086.0,90531.0,1731841200000,4355
46.99714131,90737.3122,90712.81,90723.75,90824.0,90581.54,1731842100000,3093
53.15568026999999,90691.6711,90725.06,90667.38,90816.0,90559.7,1731843000000,3359
66.88545981,90711.4777,90650.0,90674.33,90837.0,90505.73,1731843900000,3287
40.01990328,90811.6386,90730.0,90829.98,90936.21,90624.28,1731844800000,3376
43.89652744000001,90890.1032,90804.3,90845.29,90979.59,90722.41,1731845700000,3324
31.37738109,90865.6746,90840.78,90950.0,90989.07,90772.81,1731846600000,3203
64.27320144,91073.303,90973.34,91080.0,91179.85,90919.8,1731847500000,4284
63.2967279,90904.5711,91089.9,90863.27,91097.45,90804.97,1731848400000,3696
60.31760233000001,90734.386,90859.17,90736.12,90870.0,90638.0,1731849300000,4097
134.94642593,90516.0549,90736.12,90459.55,90834.84,90303.91,1731850200000,5589
45.426265410000006,90529.7893,90451.82,90504.95,90648.94,90406.27,1731851100000,4035
72.67222735,90620.8398,90507.3,90676.47,90760.64,90469.97,1731852000000,4919
147.18397095,90347.4197,90678.47,90089.0,90713.26,90080.2,1731852900000,6066
150.8319951,90148.1931,90096.31,90283.26,90353.0,89920.23,1731853800000,7437
50.750315379999996,90294.2677,90283.26,90307.73,90361.78,90207.49,1731854700000,5231
151.28734408,90311.3353,90282.6,90389.88,90488.0,90111.01,1731855600000,5677
50.664995700000006,90375.1716,90389.89,90367.41,90449.71,90300.0,1731856500000,4437
54.77681553,90459.3705,90367.33,90468.51,90594.23,90294.71,1731857400000,4602
65.21902236,90369.0439,90468.51,90257.57,90577.6,90227.93,1731858300000,4505
62.888472300000004,90171.6081,90270.1,90160.47,90407.68,90066.29,1731859200000,5506
27.059400610000004,90243.1968,90136.86,90322.76,90372.52,90113.9,1731860100000,4925
44.86446567,90343.6459,90321.41,90271.3,90418.7,90218.25,1731861000000,4761
90.91887519000001,90412.6019,90271.3,90439.77,90530.76,90248.54,1731861900000,4729
46.56993872,90373.8162,90447.61,90282.92,90468.0,90282.92,1731862800000,4981
85.29051684,90323.7297,90279.16,90469.9,90589.99,90132.82,1731863700000,5755
78.27844505999998,90518.6248,90454.42,90490.43,90630.75,90388.37,1731864600000,5846
35.380497160000004,90542.7124,90490.42,90577.66,90628.11,90434.99,1731865500000,4611
74.98873647,90420.693,90577.62,90305.54,90628.36,90221.9,1731866400000,5215
114.59329872000002,90131.0676,90305.54,90046.0,90317.0,89953.24,1731867300000,5783
144.67016918000002,89997.7455,90046.0,90112.51,90174.0,89767.0,1731868200000,6305
64.59652299,90039.4333,90112.51,89934.96,90176.0,89931.84,1731869100000,5162
110.03593116,89869.8412,89928.03,89866.5,90041.0,89761.48,1731870000000,6039
82.41513164,89792.8608,89860.9,89889.6,89918.58,89685.7,1731870900000,5646
67.61943607,89959.8503,89889.6,90128.39,90129.72,89828.2,1731871800000,5465
86.3278268,90094.1616,90128.1,90054.48,90156.59,90009.01,1731872700000,4741
92.47308967000001,90108.3214,90029.9,90150.01,90226.0,89936.0,1731873600000,5056
130.80700479,89789.2952,90150.01,89670.22,90214.0,89500.0,1731874500000,6998
78.76963596,89711.5498,89681.76,89741.15,89833.18,89568.33,1731875400000,6154
87.59616812999998,89632.2248,89741.15,89630.95,89783.0,89554.87,1731876300000,5425
81.77356731,89546.0726,89620.3,89488.55,89700.74,89458.8,1731877200000,6126
175.84709459000004,89453.7191,89530.5,89624.3,89768.0,89215.62,1731878100000,7764
126.05267871999999,89488.9506,89637.7,89428.58,89681.72,89264.0,1731879000000,6555
229.9188982,89213.0305,89428.09,89141.19,89472.12,89006.4,1731879900000,8285
453.51183956000006,89071.3945,89147.8,89376.92,89426.1,88713.64,1731880800000,11312
270.36928916999994,89521.3787,89376.92,89528.44,89775.5,89372.42,1731881700000,7115
84.48189563000003,89420.0873,89537.0,89330.6,89579.87,89275.68,1731882600000,5309
73.00192974,89515.9071,89314.23,89563.59,89611.94,89305.89,1731883500000,5220
222.4154289,89529.0332,89563.27,89459.77,89784.04,89330.08,1731884400000,9042
134.27312154999998,89609.019,89459.77,89672.4,89779.07,89351.19,1731885300000,6267
92.69734254,89687.3311,89676.18,89724.47,89832.29,89529.24,1731886200000,5988
49.10361808,89816.4332,89713.88,89886.69,89895.81,89668.0,1731887100000,5454
109.10477522,89840.2426,89850.0,89819.16,89985.47,89640.83,1731888000000,6896
95.89769706000001,89788.7926,89820.82,89943.64,89951.95,89672.04,1731888900000,6016
137.99920253,90031.2342,89907.0,90026.52,90132.25,89811.0,1731889800000,7341
112.88598769,89986.5742,90026.52,89966.17,90110.97,89846.76,1731890700000,5741
85.88966790999999,90106.7683,89955.8,90168.14,90189.0,89892.51,1731891600000,5165
195.38452079,90343.6481,90168.14,90584.03,90600.0,90095.7,1731892500000,8352
169.11569372999998,90755.4605,90584.02,90711.22,90919.72,90501.2,1731893400000,8078
132.41297732,90740.4832,90711.22,90747.34,90949.0,90581.82,1731894300000,6438
133.76492439,90631.7645,90737.1,90565.15,90863.42,90496.66,1731895200000,6514
74.42124471,90510.1015,90565.16,90470.99,90613.57,90410.96,1731896100000,5762
63.926497409999996,90569.9449,90470.99,90567.6,90640.0,90458.93,1731897000000,5391
41.44542806000001,90593.8537,90617.06,90500.0,90764.3,90469.53,1731897900000,4811
96.59800663,90433.8297,90484.4,90395.21,90554.71,90304.18,1731898800000,6122
78.44635800999998,90424.2603,90395.27,90377.11,90505.42,90303.21,1731899700000,5573
26.640358609999996,90505.0933,90376.96,90468.0,90583.41,90376.96,1731900600000,4483
39.33539882,90593.4037,90468.01,90658.1,90691.36,90455.06,1731901500000,4536
101.34404495,90622.6759,90660.8,90544.73,90726.24,90517.8,1731902400000,5593
34.421121490000004,90566.2084,90544.73,90567.66,90630.0,90494.16,1731903300000,3708
30.21519116,90560.4644,90567.67,90571.26,90609.03,90487.06,1731904200000,3760
30.962509320000002,90511.7139,90571.27,90456.6,90599.0,90450.0,1731905100000,3463
51.02487251,90525.8791,90515.1,90510.21,90619.0,90450.02,1731906000000,3620
104.10636106999999,90647.1387,90510.2,90810.93,90849.0,90462.19,1731906900000,4416
56.344410679999996,90713.2932,90810.94,90667.36,90880.0,90600.17,1731907800000,4529
42.82695364999999,90612.6831,90667.35,90626.05,90696.0,90565.18,1731908700000,3939
90.48650157,90727.0776,90612.9,90748.0,90829.0,90612.9,1731909600000,5260
176.65662079,90940.3467,90664.4,90953.47,91152.0,90664.4,1731910500000,7555
146.53383608000001,91198.3013,90942.79,91452.0,91453.0,90901.4,1731911400000,7289
413.85121425,91640.7553,91452.0,92055.03,92229.0,91223.86,1731912300000,12011
379.82738917999995,91985.8749,92000.0,91931.6,92239.0,91667.05,1731913200000,12284
158.76570802,91680.6373,91931.59,91521.24,92009.0,91488.0,1731914100000,7049
96.63067631000001,91619.7624,91522.97,91807.3,91879.0,91408.8,1731915000000,5415
59.748962109999994,91799.6885,91807.28,91726.75,91958.0,91687.5,1731915900000,4487
118.36398716,91761.2624,91774.9,92024.48,92075.0,91561.9,1731916800000,5918
97.38604780000001,91964.2551,92015.9,91880.9,92183.0,91874.2,1731917700000,5779
75.13404211000001,91781.7042,91892.1,91828.5,91972.0,91617.6,1731918600000,4555
47.683414580000004,91891.4515,91895.0,91806.3,91996.0,91767.87,1731919500000,3406
66.76932689,91768.1331,91806.3,91730.07,91944.0,91643.89,1731920400000,4174
104.2121123,91978.6233,91737.95,92112.15,92140.0,91720.1,1731921300000,5689
96.80992352999999,91979.995,92111.01,91809.52,92221.0,91727.99,1731922200000,5490
83.81617853000002,91782.2131,91801.99,91723.31,91998.0,91650.0,1731923100000,4240
103.22610277000003,91888.7039,91741.2,91776.07,92021.0,91704.96,1731924000000,4524
89.69098970999998,91832.9375,91771.8,91905.04,92031.0,91657.72,1731924900000,4268
115.26481612,91968.0184,91905.03,91939.2,92078.0,91871.01,1731925800000,4419
33.70046318,91829.6505,91939.39,91763.08,91997.0,91753.02,1731926700000,3688
234.35398201,91455.445,91782.1,91137.47,91889.0,91091.88,1731927600000,7285
204.25303556999998,91061.8939,91140.81,90963.0,91314.0,90809.0,1731928500000,7446
260.43842926,90734.2398,90966.57,90343.76,91109.0,90319.95,1731929400000,7821
273.93471943000003,90249.9245,90345.6,90275.89,90573.0,90051.24,1731930300000,8538
260.68518121,90359.6985,90282.71,90282.45,90630.0,90095.2,1731931200000,6346
217.89965755999998,90488.9511,90302.0,90657.0,90657.0,90282.45,1731932100000,6137
88.26753593999999,90659.5621,90608.9,90669.71,90797.0,90527.79,1731933000000,4643
137.59777077,90594.3822,90669.71,90535.1,90774.0,90443.13,1731933900000,4603
433.9105247900001,90024.229,90535.1,89800.96,90637.0,89690.44,1731934800000,11533
255.96033785999998,89641.3488,89801.23,89703.11,90022.0,89467.36,1731935700000,8180
160.46792557,89797.5315,89709.96,89961.62,90038.0,89626.93,1731936600000,6694
198.41360445,89678.7123,89945.0,89511.06,90031.0,89372.65,1731937500000,6658
231.00474098,89941.1535,89462.8,90222.2,90325.0,89434.62,1731938400000,7524
262.91193706,90293.9002,90220.47,90387.76,90479.0,90086.3,1731939300000,8026
508.42811771,90699.5717,90388.02,90607.25,91105.22,90130.0,1731940200000,11792
364.13955294000004,90232.4376,90599.9,90320.3,90711.0,89769.86,1731941100000,10332
350.2545888800001,90603.5468,90335.2,90868.13,90903.0,90258.14,1731942000000,9303
295.08891986000003,90600.1268,90815.7,90671.95,90904.0,90362.0,1731942900000,8520
1306.58492482,91665.9594,90671.94,91940.02,92371.89,90659.6,1731943800000,19028
1148.9498217,92308.2917,91931.02,92392.15,92674.8,91740.0,1731944700000,20285
547.66624824,92215.3455,92345.1,92141.67,92639.8,91875.99,1731945600000,14313
349.58882385,91962.0998,92087.0,92022.12,92199.03,91652.0,1731946500000,11381
316.78297689,91993.6876,91989.1,91749.76,92189.3,91733.2,1731947400000,9457
278.19590052999996,91417.7257,91749.75,91466.65,91832.88,91156.75,1731948300000,9005
270.49706371,91333.2218,91464.23,91459.6,91599.99,91081.98,1731949200000,7845
432.52754145,91849.8426,91459.6,91910.59,92265.0,91286.85,1731950100000,11134
291.06952186,91694.6028,91910.59,91289.42,91972.81,91269.51,1731951000000,9288
316.99855497999994,91291.0859,91287.57,91636.23,91694.5,90967.43,1731951900000,9621
199.0660078,91495.8859,91658.7,91542.96,91676.54,91324.79,1731952800000,7070
397.67409731,91445.3245,91543.0,91135.1,91735.37,91073.85,1731953700000,10639
244.95094338999994,90840.7704,91136.52,90502.78,91154.93,90500.0,1731954600000,8853
343.05047914,90410.9985,90505.27,90415.72,90588.33,90142.33,1731955500000,9169
349.39508357,90237.8171,90415.72,90101.99,90504.51,90000.0,1731956400000,9507
538.2685286,89959.4821,90101.98,89900.72,90242.0,89720.74,1731957300000,11816
350.57104903999993,90102.1675,89900.73,90386.33,90471.76,89738.97,1731958200000,9139
288.25229650999995,90529.8292,90386.33,90681.98,90724.48,90250.49,1731959100000,8218
280.04000157999997,90762.7222,90684.04,90677.64,90870.0,90591.02,1731960000000,7759
1209.6315194699998,91500.0936,90685.91,91856.14,92060.1,90483.42,1731960900000,20562
733.62620269,91659.4905,91856.19,91487.82,92072.7,91331.0,1731961800000,16067
465.4764719100001,91334.3997,91485.66,91575.13,91662.65,91001.01,1731962700000,11164
668.45829233,91845.9137,91572.1,92053.6,92077.77,91392.0,1731963600000,12817
339.70546678000005,91879.472,92076.12,91766.42,92095.34,91695.0,1731964500000,8080
164.11719551,91805.5308,91770.59,91632.61,91953.71,91628.71,1731965400000,6034
224.20467788000002,91417.7599,91632.61,91371.51,91686.33,91212.0,1731966300000,7713
214.00653372000002,91227.1015,91309.9,91295.52,91477.42,91036.05,1731967200000,6154
129.15889866,91265.6282,91295.52,91340.58,91358.18,91166.78,1731968100000,5213
130.79611004999998,91406.9201,91323.6,91477.5,91553.07,91178.83,1731969000000,5542
110.62911092999998,91305.358,91477.5,91230.51,91477.5,91205.93,1731969900000,4788
185.30578792,91033.1364,91230.5,90993.27,91297.33,90768.0,1731970800000,7181
182.92142628,90619.4459,90996.56,90305.04,91000.82,90304.76,1731971700000,8128
151.0361744,90563.2074,90309.51,90675.4,90759.5,90294.86,1731972600000,8211
113.51708236,90539.8846,90675.4,90520.3,90700.1,90452.35,1731973500000,6637
154.32031171,90521.8203,90508.0,90569.56,90687.0,90403.24,1731974400000,6497
129.9390146,90601.9732,90600.0,90611.52,90723.83,90500.0,1731975300000,6466
110.49088142000001,90711.6685,90635.1,90922.47,90929.07,90450.81,1731976200000,6331
113.40555117000001,91082.5618,90922.37,91083.57,91269.0,90788.17,1731977100000,7019
148.20607331,91184.719,91091.68,90935.91,91309.87,90905.17,1731978000000,6342
116.65723736,91019.7462,90935.91,91016.54,91182.89,90916.76,1731978900000,6018
102.86568457999999,90892.5938,91016.55,91054.98,91075.29,90730.93,1731979800000,5097
113.45051768999998,90848.6151,91052.69,90762.73,91097.5,90659.13,1731980700000,5824
68.54084996,90947.9154,90766.15,90990.78,91065.29,90746.9,1731981600000,4982
121.25861334000001,91186.9181,90990.54,91194.44,91307.4,90984.47,1731982500000,5978
80.54057792000002,91189.1709,91194.45,91314.86,91333.78,91039.11,1731983400000,5088
60.98398005000001,91264.6798,91300.31,91232.0,91327.42,91168.41,1731984300000,4786
71.23828271,91295.3047,91259.9,91330.32,91371.07,91221.73,1731985200000,4861
116.71704786000002,91388.8737,91330.31,91402.77,91592.37,91213.03,1731986100000,5878
69.70876104999999,91384.1987,91389.8,91399.45,91489.14,91292.3,1731987000000,4437
52.673167989999996,91483.7396,91405.13,91471.93,91527.09,91366.0,1731987900000,4213
75.08477091,91384.8285,91466.0,91346.51,91531.13,91274.0,1731988800000,4658
133.70279306,91495.8597,91346.95,91655.0,91762.42,91310.3,1731989700000,6142
108.14981721,91740.2998,91669.58,91663.89,91868.87,91540.11,1731990600000,5248
76.20366097,91507.0434,91663.89,91589.0,91682.77,91387.09,1731991500000,4404
82.75748861000001,91638.4822,91560.1,91666.4,91724.55,91458.0,1731992400000,4083
94.30459689999999,91487.7929,91666.4,91415.26,91719.6,91276.0,1731993300000,4739
61.212143379999986,91467.6422,91408.69,91527.28,91567.71,91259.0,1731994200000,3823
150.06202775000003,91764.4354,91521.21,91940.75,91978.19,91468.0,1731995100000,5082
109.94512832999999,91786.2149,91939.64,91730.25,91958.02,91652.0,1731996000000,4495
53.8787844,91821.7951,91730.25,91973.59,91989.73,91654.0,1731996900000,3734
69.07188732,91928.8515,91973.85,91905.1,91998.0,91829.0,1731997800000,3969
84.34255460000001,91982.7144,91900.13,92025.45,92055.99,91830.0,1731998700000,3660
101.48906816,91976.6182,92022.4,91795.0,92091.99,91795.0,1731999600000,4153
104.89205429999998,91821.0643,91807.2,91895.5,91941.15,91666.22,1732000500000,4410
88.05202897,91922.5189,91895.51,91843.01,92044.03,91841.2,1732001400000,3416
81.01406342,91763.6945,91843.02,91677.0,91893.56,91643.7,1732002300000,3408
56.51768556,91688.6007,91643.8,91595.96,91794.7,91573.51,1732003200000,3266
83.42259877000001,91675.0337,91605.57,91688.55,91789.0,91556.2,1732004100000,3734
89.59648715,91605.6647,91688.55,91521.75,91789.0,91431.6,1732005000000,3441
87.31226543000001,91708.422,91518.55,91740.0,91830.22,91435.8,1732005900000,3951
75.34127199999998,91904.6744,91740.0,91917.0,91996.44,91740.0,1732006800000,4276
112.02279712,91562.7409,91853.48,91260.62,91916.0,91256.23,1732007700000,5363
108.72560924999999,91330.3134,91260.63,91355.2,91445.75,91234.32,1732008600000,5583
155.51802044,91671.985,91355.21,91750.72,91891.29,91284.29,1732009500000,5827
112.89009724,91713.7463,91766.8,91673.27,91845.9,91529.05,1732010400000,5029
91.49347779,91837.3467,91673.27,91792.72,91979.74,91584.0,1732011300000,4933
93.0973245,91709.3195,91792.72,91759.66,91809.0,91608.05,1732012200000,4258
67.94497795,91795.8149,91751.6,91809.14,91872.0,91692.0,1732013100000,3755
58.814297079999996,91800.1521,91809.15,91750.63,91922.1,91676.0,1732014000000,4186
69.64087889,91666.4333,91750.64,91586.97,91770.81,91558.0,1732014900000,4260
75.84595882,91662.2287,91586.97,91708.72,91815.28,91561.0,1732015800000,4106
45.20777435,91725.1225,91703.8,91709.49,91778.0,91659.0,1732016700000,3872
149.90354153,91943.3644,91716.9,92090.0,92100.0,91708.0,1732017600000,6094
317.39660579,92258.354,92011.3,92441.54,92499.0,92011.3,1732018500000,9511
349.46629766999996,92429.0699,92448.89,92319.89,92660.6,92212.61,1732019400000,8552
186.62806798,92377.2105,92319.89,92535.1,92543.21,92174.07,1732020300000,6784
538.7978143299999,92628.8856,92535.71,92747.71,92850.0,92406.0,1732021200000,12549
250.56010243000003,92404.4662,92754.15,92234.44,92760.71,92083.0,1732022100000,9606
443.02995610999994,91848.416,92273.6,91506.91,92273.6,91492.0,1732023000000,11649
409.46894338000004,91429.9501,91500.0,91196.55,91728.61,91083.0,1732023900000,10643
498.59498398,91362.2488,91188.4,91773.43,91811.91,90997.4,1732024800000,11752
202.35340057,91569.8091,91773.42,91600.65,91882.71,91334.78,1732025700000,9077
472.1693476500001,91620.3362,91595.4,92022.89,92038.71,91188.4,1732026600000,13373
448.73852817,92082.5947,92022.79,91907.5,92375.19,91774.0,1732027500000,12351
364.28464271,92116.0201,91905.29,92091.94,92322.31,91733.1,1732028400000,10690
460.74499872,91797.6329,92105.55,91715.07,92139.4,91526.0,1732029300000,12456
600.92292098,92139.9248,91711.28,92254.97,92347.87,91537.0,1732030200000,13054
570.10112237,92433.7965,92254.96,92492.76,92563.35,92179.0,1732031100000,11424
360.5418427199999,92471.7414,92492.76,92334.91,92611.99,92214.0,1732032000000,10364
433.91316613000004,92543.5049,92331.89,92671.81,92762.05,92243.0,1732032900000,10346
408.2274396099999,92479.7773,92672.94,92418.5,92763.65,92166.0,1732033800000,10010
372.11748359,92540.7379,92418.5,92663.8,92715.74,92257.0,1732034700000,10219
538.56308537,92812.2494,92663.79,92840.5,93000.0,92450.0,1732035600000,14548
453.44825219,92755.0907,92840.51,92951.94,93000.0,92331.0,1732036500000,12174
882.0279251499998,93117.3405,92951.94,92856.0,93395.86,92658.0,1732037400000,20041
385.22588857,92806.7344,92858.95,92833.0,92999.0,92481.0,1732038300000,13983
493.89628957,93091.5402,92934.0,93423.95,93450.0,92715.0,1732039200000,13017
1301.66980448,93373.1989,93439.36,93801.14,93859.0,92697.0,1732040100000,29549
836.78994605,93744.0359,93801.13,93793.22,93911.83,93140.0,1732041000000,24771
725.5559075200001,93824.5632,93540.0,93788.37,93989.0,93371.0,1732041900000,23047
668.3907595,93713.135,93789.63,94048.22,94105.84,93049.0,1732042800000,19899
410.3508411000001,93855.096,94048.22,93748.33,94059.08,93471.0,1732043700000,14268
438.4957173899999,93679.6689,93769.9,93723.17,93922.78,93297.0,1732044600000,16023
337.83736075,93458.388,93713.7,93331.02,93762.7,93023.0,1732045500000,12458
368.9962487,93431.3085,93331.01,93636.29,93697.59,93050.0,1732046400000,13168
490.56118611000005,93254.6539,93636.29,93259.48,93674.74,92839.0,1732047300000,16682
468.54003058,93098.2125,93259.48,93090.59,93449.67,92751.0,1732048200000,15317
722.9599846799999,92623.8153,93090.6,92577.97,93143.02,92082.0,1732049100000,18520
287.42147306000004,92496.1992,92577.96,92308.56,92869.02,92062.0,1732050000000,12686
277.58923967,92117.706,92308.56,92302.02,92454.86,91801.0,1732050900000,12433
206.62802134999998,92293.2532,92300.19,92200.0,92562.5,91913.0,1732051800000,11004
225.35190039,92356.8408,92199.99,92313.16,92548.1,92019.0,1732052700000,9818
154.36146023,92395.3495,92313.15,92479.22,92562.06,92164.0,1732053600000,8870
239.02247699000003,92235.8207,92479.22,92062.31,92547.84,91900.0,1732054500000,9640
383.08878448,91700.6087,92100.1,91828.87,92100.1,91348.0,1732055400000,12157
157.77465992999998,91842.8857,91828.88,91960.64,91977.65,91541.0,1732056300000,8366
134.23488856,91822.6003,91939.92,91865.74,91951.08,91591.0,1732057200000,9802
183.97039915999997,92122.2405,91872.26,92178.04,92256.45,91680.0,1732058100000,9429
161.05079331,92294.6055,92178.04,92369.53,92415.28,91960.0,1732059000000,9059
118.271595,92317.8249,92369.53,92435.89,92451.04,92050.0,1732059900000,7397
220.19441419000003,92435.5567,92445.04,92331.52,92577.36,92080.0,1732060800000,9824
106.19020312,92264.402,92324.03,92188.61,92407.49,92000.0,1732061700000,7700
90.07694990000002,92312.9515,92189.6,92360.01,92473.33,91956.0,1732062600000,7533
70.74336727999999,92278.214,92360.42,92168.77,92417.44,91964.0,1732063500000,6778
89.86265825999999,92227.1361,92179.1,92174.0,92397.2,91955.0,1732064400000,7562
170.14807079,91985.6032,92191.35,92007.84,92204.65,91687.0,1732065300000,8271
98.78489896,92115.9964,92007.84,91957.79,92266.4,91702.0,1732066200000,7568
122.4176682,92030.263,91949.12,92125.87,92164.61,91662.0,1732067100000,8592
102.22936434,91888.2446,92106.1,91854.27,92129.21,91512.0,1732068000000,8544
132.25171237,92023.2567,91854.28,92115.81,92195.9,91539.0,1732068900000,8405
178.70386749999997,91931.551,92115.81,92052.18,92123.9,91563.0,1732069800000,10439
50.487630360000004,92021.1431,92052.19,91884.84,92116.92,91671.0,1732070700000,5478
190.3546857,91747.2877,91884.84,91775.71,91942.28,91404.0,1732071600000,8499
85.88342052999998,91745.5209,91775.71,91852.31,91861.38,91456.0,1732072500000,6620
104.31614281000002,91943.7357,91852.32,92097.65,92155.07,91660.0,1732073400000,7267
93.08661327,92127.667,92097.65,92160.34,92196.88,91914.0,1732074300000,6611
89.80394702999999,92071.8848,92154.7,92196.48,92198.72,91812.0,1732075200000,6342
172.13516409000002,92259.5139,92190.01,92245.99,92353.17,91936.0,1732076100000,6907
143.87081955,92271.1861,92245.98,92360.86,92393.62,92014.0,1732077000000,6276
146.24535472,92279.008,92360.86,92204.06,92385.74,92048.0,1732077900000,5583
155.55108995,92131.9291,92204.05,92138.44,92250.1,91933.0,1732078800000,5513
172.38057708000002,92347.8058,92138.44,92521.86,92578.8,91975.0,1732079700000,6773
169.85443623,92467.166,92518.43,92404.8,92626.23,92233.0,1732080600000,6488
121.32987918999999,92539.812,92402.21,92617.54,92649.31,92241.0,1732081500000,4816
166.35887956,92671.7423,92601.1,92609.03,92759.0,92460.0,1732082400000,6311
140.71192661,92648.6534,92609.03,92654.39,92761.59,92449.0,1732083300000,4881
140.91953001,92602.7164,92665.57,92526.09,92736.51,92339.0,1732084200000,5450
135.75789378,92533.1802,92526.67,92468.37,92608.89,92346.0,1732085100000,4662
136.47195918,92524.4653,92468.37,92668.05,92721.75,92317.0,1732086000000,4851
170.62879048000002,92782.7746,92668.05,92772.98,92906.77,92551.0,1732086900000,5710
109.00940832999997,92829.3377,92772.98,92814.64,92922.22,92665.0,1732087800000,4797
153.52221334,92860.9694,92706.0,92946.91,92968.73,92678.0,1732088700000,5081
196.10906854999996,92971.8937,92871.7,93033.62,93081.83,92712.0,1732089600000,5494
211.36453090999998,93089.5679,93033.61,93111.06,93180.14,92864.0,1732090500000,5578
99.21741524000001,93200.0407,93111.06,93296.23,93299.99,92958.0,1732091400000,4402
206.78497719000003,93326.3992,93288.09,93299.83,93429.57,93122.0,1732092300000,5938
230.08319992000003,93370.9156,93280.7,93552.08,93574.99,93142.0,1732093200000,6181
191.76453541,93549.445,93552.08,93382.08,93772.26,93254.0,1732094100000,6198
174.77432274,93294.4159,93382.09,93314.88,93430.81,93084.0,1732095000000,4811
90.17866514,93190.5032,93314.89,93171.36,93383.54,92944.0,1732095900000,4039
99.36557939999999,93255.3619,93161.2,93327.76,93400.0,92984.0,1732096800000,4477
90.21415929999998,93471.1865,93327.76,93442.5,93574.03,93186.0,1732097700000,4646
107.42078800000002,93481.0372,93442.51,93596.32,93600.68,93198.0,1732098600000,5046
103.7117148,93470.9931,93597.73,93382.79,93628.75,93235.0,1732099500000,4566
157.43390852,93145.896,93375.1,92959.5,93424.74,92788.0,1732100400000,6354
95.52188934000002,93201.3671,92935.25,93325.58,93400.0,92818.0,1732101300000,4720
115.60751409,93299.9575,93325.72,93389.32,93461.95,93072.0,1732102200000,4637
209.04175966999998,93568.6574,93336.1,93561.47,93739.22,93212.0,1732103100000,7786
126.30809043,93563.2442,93549.8,93725.76,93760.72,93269.0,1732104000000,6719
194.26646397999997,93701.1261,93665.5,93747.02,93876.49,93430.0,1732104900000,7747
173.51141147,93707.7974,93737.71,93603.97,93843.27,93453.0,1732105800000,7515
249.62773727,93596.6374,93603.96,93639.14,93825.0,93272.0,1732106700000,8130
336.6570112,93838.0466,93634.4,94016.65,94024.91,93503.0,1732107600000,10758
676.03631029,94191.9817,94007.12,94384.52,94400.0,93792.0,1732108500000,17531
578.1090218400002,94402.068,94282.6,94322.9,94535.82,94005.0,1732109400000,14340
409.74147062,94510.4765,94322.9,94492.52,94709.2,94152.0,1732110300000,14258
383.72639019999997,94473.4198,94449.9,94448.85,94681.95,94162.0,1732111200000,12943
389.90525763,94354.0437,94437.21,94567.5,94645.69,94051.0,1732112100000,12738
1012.2389912,94367.0144,94567.53,94314.76,94849.99,93727.0,1732113000000,28103
771.14530639,94622.7855,94314.93,94769.21,94837.89,94052.0,1732113900000,21391
576.0523129600001,94532.3057,94761.51,94432.26,94888.0,93995.0,1732114800000,15603
678.0597249199999,94583.957,94437.6,94706.23,94820.12,94122.0,1732115700000,15531
759.76479515,94820.2027,94706.21,94871.1,94987.0,94376.0,1732116600000,16979
483.14282366,94843.8954,94865.66,94887.11,94953.92,94520.0,1732117500000,12116
783.38088125,94691.1951,94836.8,94444.82,94989.99,94078.0,1732118400000,18130
813.21749929,94038.5894,94446.0,93660.24,94489.57,93438.0,1732119300000,18241
604.58543015,93665.6675,93660.66,93744.55,93984.33,93234.0,1732120200000,14410
368.11907714,93929.9132,93744.53,94172.96,94256.69,93414.0,1732121100000,11198
397.5086276299999,94283.2546,94172.75,94096.56,94468.62,93757.0,1732122000000,12771
438.44809657,93948.3382,94082.31,94182.84,94255.68,93496.0,1732122900000,12550
346.00772804,94108.4497,94182.84,94107.0,94366.0,93585.0,1732123800000,10634
249.52439118999996,94286.6564,94296.4,94045.2,94432.83,93820.0,1732124700000,9592
344.01678348,94203.0663,94099.8,94332.76,94407.97,93774.0,1732125600000,11557
523.0004079,94018.4096,94318.1,94066.11,94405.99,93527.0,1732126500000,13488
664.74648515,93898.8417,94071.4,93509.51,94450.0,93286.0,1732127400000,17284
456.35989080999997,93579.2485,93508.86,93791.31,93888.28,93074.0,1732128300000,13049
405.48013446,93750.5855,93785.23,93686.4,93956.27,93399.0,1732129200000,10737
367.33545451,93500.6627,93686.4,93478.98,93833.84,93206.0,1732130100000,10221
320.06869844999994,93743.4809,93459.8,93923.26,94031.28,93345.0,1732131000000,9408
331.47547625,93994.6536,93923.25,94050.0,94159.99,93697.0,1732131900000,8654
420.37863252999995,94164.0986,94050.0,94046.74,94373.09,93853.0,1732132800000,11005
310.5677454,94184.1107,94046.75,94299.96,94397.42,93851.0,1732133700000,10632
490.76230445999994,94516.3413,94268.6,94585.61,94744.99,94194.0,1732134600000,12376
304.85403936,94406.4938,94586.87,94380.69,94647.66,94086.0,1732135500000,9866
198.24192152,94272.5879,94353.0,94165.85,94514.72,94000.0,1732136400000,7705
245.24803720999998,94249.3694,94165.9,94243.77,94469.03,93898.0,1732137300000,7769
191.07774387,94472.1007,94244.45,94596.31,94614.19,94168.0,1732138200000,7299
123.64946177000002,94495.6445,94596.31,94479.9,94618.91,94335.0,1732139100000,6601
112.36093005000001,94455.7611,94480.0,94451.06,94542.35,94305.0,1732140000000,6057
148.38882077,94419.9399,94485.7,94254.27,94583.06,94087.0,1732140900000,6751
131.38736196,94147.8566,94258.2,94181.98,94320.66,93925.0,1732141800000,6677
85.70286965,94206.437,94181.99,94244.28,94304.93,93971.0,1732142700000,5770
113.94938551,94194.2335,94244.28,94141.49,94307.03,94000.0,1732143600000,6705
171.26457814,93996.4201,94138.39,94067.56,94182.61,93800.0,1732144500000,7154
244.85375167,94019.5337,94068.63,94200.43,94258.55,93872.0,1732145400000,7269
137.94142323999998,94234.6365,94196.7,94364.5,94393.15,94012.0,1732146300000,6994
174.28789022,94374.4085,94356.8,94481.91,94489.68,94179.0,1732147200000,6782
362.02039688,94696.8331,94477.65,94924.26,94967.49,94348.0,1732148100000,9912
264.58824677999996,94838.2046,94879.9,94958.91,94993.58,94531.0,1732149000000,9302
204.21111617000005,94891.5126,94958.91,94815.42,95000.0,94561.0,1732149900000,8986
172.84952657999997,94839.2978,94804.34,94967.88,95000.0,94512.0,1732150800000,9495
402.2287141899999,94962.6364,94967.88,94834.0,95000.2,94618.0,1732151700000,12953
140.83450068,94868.2174,94984.26,94921.11,94997.08,94578.0,1732152600000,8636
155.78404569,94856.7455,94922.85,94792.12,94998.52,94600.0,1732153500000,7845
153.27506978,94647.7972,94792.11,94761.23,94890.37,94350.0,1732154400000,7856
208.33094986999998,94531.1744,94579.0,94289.37,94815.71,94089.0,1732155300000,9471
298.24646966,94269.677,94301.18,94211.89,94464.55,93986.0,1732156200000,9368
154.42678199,94448.3409,94223.62,94524.1,94543.0,94067.0,1732157100000,7090
234.69200003999998,94822.6747,94524.1,94978.44,95012.0,94346.0,1732158000000,8847
896.5279155,95180.845,94978.22,95756.25,95787.0,94759.0,1732158900000,19216
455.20080691,95707.6435,95777.85,95687.06,95990.28,95189.0,1732159800000,15159
322.2679921,95830.4435,95707.1,95899.6,96000.0,95300.0,1732160700000,11962
1244.15655534,96467.1405,95899.44,96974.0,96995.0,95626.0,1732161600000,29094
423.58040475000007,96633.5762,96972.48,96521.53,96995.0,96322.0,1732162500000,17703
261.00689714000004,96531.1982,96520.02,96799.8,96850.01,96102.0,1732163400000,12386
888.94674841,97142.2536,96776.74,97611.15,97749.0,96333.0,1732164300000,23053
406.44010177,97424.4687,97608.79,97482.76,97658.88,96953.0,1732165200000,17102
410.88812323999997,97610.5404,97482.74,97748.61,97800.0,97091.0,1732166100000,16471
430.81033904000003,97669.7406,97748.61,97638.17,97931.0,97034.0,1732167000000,15063
496.02368891000003,97183.626,97638.12,97403.71,97694.17,96400.0,1732167900000,15460
199.73286991000003,97167.0693,97404.5,97213.6,97470.17,96620.0,1732168800000,10890
240.18120174,97063.8378,97212.9,97153.84,97450.0,96528.0,1732169700000,10142
161.93013097999997,97311.1543,97154.72,97143.0,97481.12,96852.0,1732170600000,8707
181.28452618000003,97213.9653,97443.46,97007.0,97443.83,96762.0,1732171500000,7612
119.43865081999999,97089.1412,97007.1,97174.36,97225.11,96754.0,1732172400000,6644
94.61519143,97258.4882,97174.36,97186.62,97443.31,96821.0,1732173300000,6274
105.22800321999998,97205.7909,97188.16,97118.49,97448.22,96834.0,1732174200000,6330
100.40181702,97021.0731,97118.49,96982.73,97170.0,96710.0,1732175100000,5876
100.62567485999999,97007.4604,96952.1,97010.44,97205.98,96631.0,1732176000000,6019
81.0630056,96971.0603,97013.62,96927.13,97180.6,96599.0,1732176900000,5461
115.74253980999998,96826.3767,96924.97,96774.9,96990.32,96528.0,1732177800000,5772
129.63691280999998,96998.1834,96841.65,97157.74,97174.28,96569.0,1732178700000,5814
265.08471249,97366.1136,97157.74,97473.68,97745.89,96834.0,1732179600000,8142
142.11126603000002,97536.4121,97473.68,97458.44,97663.13,97124.0,1732180500000,6669
155.16639125999998,97460.8109,97458.12,97595.84,97640.31,97130.0,1732181400000,6740
120.23081577000002,97554.4329,97595.04,97635.6,97708.45,97195.0,1732182300000,6723
135.28958462999998,97537.8516,97655.03,97461.97,97749.04,97198.0,1732183200000,7728
180.17994735999997,97477.1418,97461.98,97564.93,97678.95,97058.0,1732184100000,8225
151.97535858999998,97610.6312,97564.93,97626.67,97721.94,97265.0,1732185000000,6834
121.64763260000001,97630.4611,97634.73,97724.0,97790.0,97245.0,1732185900000,7757
952.9058467099999,98017.215,97724.1,98253.95,98370.3,97413.0,1732186800000,20932
262.27371133,98099.5599,98181.0,98037.48,98362.99,97724.0,1732187700000,12372
274.75123099,97933.9191,98037.38,98027.72,98101.02,97526.0,1732188600000,10587
217.50933637,97916.075,97976.2,97799.0,98085.64,97650.0,1732189500000,10161
422.84194447999994,98034.3872,98007.19,97713.0,98265.49,97685.0,1732190400000,15474
381.92042404999995,97940.7948,97910.0,97961.3,98198.03,97531.0,1732191300000,15173
427.89679566,97881.5054,97961.29,97946.73,98050.4,97521.0,1732192200000,14987
604.54798664,97614.6084,97946.72,97327.01,97971.85,97099.0,1732193100000,16840
398.73585679,97510.25,97324.29,97469.42,97631.55,97174.0,1732194000000,15377
358.46405442,97288.9471,97469.43,97145.98,97526.33,96931.0,1732194900000,15025
563.4726112500001,97540.2175,97145.98,97538.12,97800.0,96996.0,1732195800000,17467
268.94410722,97546.0578,97540.14,97569.99,97691.23,97279.0,1732196700000,13495
281.31163119,97427.1243,97547.5,97479.24,97600.62,97151.0,1732197600000,13357
295.58775806,97373.8512,97407.2,97326.26,97627.42,97043.0,1732198500000,13363
650.1402575000001,96978.5535,97326.27,97310.52,97424.57,96390.0,1732199400000,20492
575.30528411,97295.2368,97303.94,97071.06,97746.95,96871.0,1732200300000,17987
652.7873182899999,96767.9529,97077.05,96959.89,97094.17,96368.0,1732201200000,20713
609.33704468,96750.8076,96952.61,96210.29,97181.74,96012.0,1732202100000,16996
777.4933548700001,96071.7303,96069.0,96293.73,96479.94,95559.0,1732203000000,20151
551.6910117199999,96501.6072,96278.02,96706.08,96993.07,95992.0,1732203900000,15407
466.72792047,96661.6998,96689.6,96804.32,96988.97,96231.0,1732204800000,15493
458.15921896,96995.0116,96804.33,97203.17,97293.98,96572.0,1732205700000,15619
373.74918009000004,97146.6523,97203.17,97261.06,97285.46,96842.0,1732206600000,14174
411.20297838,97241.3837,97261.05,97216.66,97475.61,96971.0,1732207500000,14686
449.98887627000005,97242.1026,97216.39,97370.1,97443.83,96887.0,1732208400000,15597
705.70127388,97545.0199,97370.21,97708.86,97752.59,97205.0,1732209300000,18247
446.93805649,97623.9432,97713.15,97690.04,97763.25,97357.0,1732210200000,16346
768.9853701700001,97849.7192,97692.62,98167.11,98188.6,97474.0,1732211100000,17921
778.4407362700001,98027.535,98167.11,98087.34,98316.76,97613.0,1732212000000,18269
798.37166841,98219.4659,98087.57,98433.64,98449.0,97844.0,1732212900000,18625
617.0516227900001,98305.0995,98433.65,98174.56,98500.0,97899.0,1732213800000,18581
475.81688245000004,98265.4809,98164.01,98389.68,98478.09,97872.0,1732214700000,15167
911.1837141399999,98543.2275,98389.69,98862.91,98889.0,98150.0,1732215600000,21310
1416.5810096100001,98820.9145,98859.97,98795.0,99073.53,98199.0,1732216500000,29645
702.9998206600001,98514.1438,98768.7,98438.18,98906.75,98060.0,1732217400000,20687
737.8655454999999,98058.6082,98438.18,97936.94,98438.19,97625.0,1732218300000,22505
755.39557982,98297.7881,97936.95,98379.61,98598.3,97728.0,1732219200000,22686
717.9146536,98611.8388,98379.61,98668.74,98831.28,98244.0,1732220100000,18959
732.6941623,98300.2718,98668.75,97992.68,98790.02,97765.0,1732221000000,16738
646.39023922,98012.6121,97992.68,98273.4,98433.73,97538.0,1732221900000,15350
571.5182210400001,98018.9078,98240.34,98254.42,98361.17,97500.0,1732222800000,15289
405.0537794999999,98138.7844,98254.97,98069.7,98332.96,97790.0,1732223700000,12962
641.81251849,98001.0974,98069.7,97981.47,98244.07,97575.0,1732224600000,12827
330.29965245,97893.165,97985.59,98090.4,98147.58,97597.0,1732225500000,11015
211.84876924999998,98056.8511,98082.3,98010.21,98239.3,97843.0,1732226400000,10090
142.15955661,98162.6841,98027.16,98331.22,98331.22,97878.0,1732227300000,8566
258.7051522,98280.6248,98239.9,98350.84,98420.51,98036.0,1732228200000,9429
306.93666852,98425.4658,98347.75,98484.25,98536.0,98133.0,1732229100000,9783
427.66088656,98652.3417,98486.47,98648.0,98857.28,98315.0,1732230000000,12704
268.91051145,98580.8901,98677.17,98496.56,98741.79,98245.0,1732230900000,10996
232.26378458,98542.2913,98496.56,98656.87,98692.1,98314.0,1732231800000,10024
216.01504381,98518.242,98656.87,98439.09,98656.87,98305.0,1732232700000,10353
308.33175996,98441.1116,98496.0,98356.86,98633.64,98135.0,1732233600000,12737
242.21680966,98397.6435,98356.86,98552.51,98552.52,98168.0,1732234500000,13192
242.81951533000003,98370.7094,98473.2,98267.16,98588.05,98030.0,1732235400000,12991
392.5611215300001,98126.0873,98267.17,98112.67,98509.8,97795.0,1732236300000,12615
217.44643568999996,98082.9498,98112.66,98254.9,98317.54,97804.0,1732237200000,12586
241.16820178,98390.5558,98296.01,98510.88,98520.13,97999.0,1732238100000,10971
222.10262089000003,98161.4748,98511.13,98000.0,98511.29,97648.0,1732239000000,12189
240.63142538,98058.6576,98025.02,98195.63,98288.64,97570.0,1732239900000,11359
178.83097820999998,98318.9675,98093.2,98373.77,98440.2,97946.0,1732240800000,9783
238.99834697,98425.7998,98373.77,98399.9,98531.64,98080.0,1732241700000,11367
351.98606937,98626.723,98462.98,98684.21,98899.99,98169.0,1732242600000,13846
198.97077715000003,98680.3483,98684.2,98718.66,98880.71,98375.0,1732243500000,11237
283.50417326,98855.9089,98682.8,99009.61,99009.61,98451.0,1732244400000,9730
651.24834147,99123.1403,99009.61,98762.9,99390.0,98474.0,1732245300000,16981
266.21699241,98668.4003,98783.18,98764.23,98894.0,98248.0,1732246200000,10228
163.07015217000003,98845.1027,98764.24,98958.87,99000.0,98401.0,1732247100000,8204
186.81898550000003,98954.3291,98900.0,98913.76,99124.83,98543.0,1732248000000,10172
176.06405147,98902.6124,98893.14,98986.01,99050.0,98485.0,1732248900000,9582
224.68726462,99068.1322,98969.9,99142.68,99227.78,98670.0,1732249800000,9736
233.9826339,98945.091,99142.68,98915.49,99146.65,98526.0,1732250700000,9312
215.89172109,98787.1399,98839.9,98907.13,99013.64,98345.0,1732251600000,9397
192.56659933000003,98844.4262,98907.05,99073.72,99102.35,98426.0,1732252500000,8150
212.71077041,99027.5084,99073.74,98991.52,99139.0,98624.0,1732253400000,7694
277.98211646,98949.8775,98996.3,98909.24,99010.27,98622.0,1732254300000,7421
290.40936452,98874.4021,98909.24,98908.31,99014.97,98518.0,1732255200000,7139
260.62179294,98944.2162,98894.39,98890.01,99173.0,98544.0,1732256100000,8277
209.26598578,98841.9793,98889.95,98954.35,98954.36,98499.0,1732257000000,6423
161.64500725,98986.4468,98954.34,99121.81,99133.22,98648.0,1732257900000,6017
201.15170374,99060.0456,99125.02,98854.0,99197.22,98793.0,1732258800000,7798
277.48848123,99181.386,99083.37,99342.22,99365.61,98784.0,1732259700000,8649
524.381987,99457.5592,99342.22,99509.99,99543.0,99137.0,1732260600000,12282
285.97475746000003,99392.6015,99505.35,99305.24,99522.26,98961.0,1732261500000,8171
118.4498602,99245.5884,99273.0,99151.61,99411.66,98869.0,1732262400000,6574
145.48567929,99090.6274,99150.4,99239.5,99284.55,98718.0,1732263300000,7556
224.86145281,98997.1316,99242.91,98904.36,99249.0,98601.0,1732264200000,7298
161.95349584,98962.7868,98901.88,98911.75,99073.81,98610.0,1732265100000,6035
183.67552442,98818.8257,98945.9,98647.35,98974.76,98409.0,1732266000000,6692
204.23576376,98606.7169,98639.95,98483.9,98797.41,98207.0,1732266900000,7469
138.1519576,98619.0131,98570.17,98659.47,98750.0,98285.0,1732267800000,6653
112.06553380000001,98669.972,98658.09,98790.59,98900.72,98320.0,1732268700000,6415
187.72003811,98683.9777,98790.58,98599.74,98876.18,98278.0,1732269600000,6535
192.71830961,98421.8062,98599.73,98454.64,98702.94,97946.0,1732270500000,7377
160.58123128999998,98453.0427,98454.65,98466.35,98600.36,98163.0,1732271400000,6671
150.50466841,98378.4421,98474.88,98462.79,98579.99,98000.0,1732272300000,6941
201.17033204000003,98513.4685,98429.9,98631.14,98721.97,98145.0,1732273200000,7994
163.63835699,98705.0264,98634.2,98782.02,98864.87,98436.0,1732274100000,7544
154.02721942,98893.1817,98782.02,98888.8,98989.66,98616.0,1732275000000,8184
177.14821773999998,98917.0228,98935.1,98969.35,99000.45,98617.0,1732275900000,8181
146.71239261999997,98908.6865,98948.1,98844.14,99050.46,98597.0,1732276800000,8423
153.56314371,98808.2393,98821.5,98819.58,99000.0,98471.0,1732277700000,9063
116.32722772999999,98777.5568,98812.77,98712.43,98896.86,98503.0,1732278600000,8029
129.67895431999997,98715.6225,98718.5,98722.11,98890.06,98413.0,1732279500000,8785
165.72636304,98543.2765,98714.1,98444.53,98737.47,98151.0,1732280400000,10156
486.43874229,98051.0017,98206.0,97458.0,98509.55,97458.0,1732281300000,15789
501.59959171,97830.355,97700.92,97697.02,98223.68,97162.0,1732282200000,16494
354.68755164,97864.2483,97696.95,97844.74,98266.65,97352.0,1732283100000,12654
239.55679352,97930.6047,97853.4,98095.1,98221.46,97424.0,1732284000000,11133
221.41650535,97839.7096,98095.1,97736.49,98200.0,97501.0,1732284900000,11371
530.78554389,97669.8707,97738.71,97749.47,98083.94,97155.0,1732285800000,17915
651.2488874800001,97478.9235,97749.48,97168.0,97961.6,97010.0,1732286700000,18997
690.3456482099998,97797.1694,97389.05,98091.14,98144.42,97083.0,1732287600000,17718
711.2660146499999,98395.0486,98091.15,98439.23,98578.28,97863.0,1732288500000,14353
646.2389229400001,98664.5038,98449.99,98937.17,99000.0,97866.0,1732289400000,11869
397.16622038,98920.0009,98937.17,98803.2,99012.07,98512.0,1732290300000,11083
479.77327123,98521.5811,98803.3,98380.49,98847.64,98048.0,1732291200000,12683
562.4401234100001,98601.7718,98380.48,98658.94,98769.71,98134.0,1732292100000,16199
509.17785999000006,98732.9554,98658.94,98757.15,98908.04,98256.0,1732293000000,16169
731.0727325099999,99012.4746,98743.78,99013.49,99178.99,98520.0,1732293900000,16539
737.22042293,99086.7483,99013.25,99222.2,99428.69,98620.0,1732294800000,15629
622.07890997,99287.3946,99334.35,99330.72,99488.0,98829.0,1732295700000,14730
596.3065435,99126.8854,99330.73,99038.89,99498.0,98669.0,1732296600000,13570
722.12837208,99130.2053,99038.9,98950.01,99362.2,98685.0,1732297500000,14716
558.4290731099999,99204.5941,98950.02,99167.96,99441.97,98712.0,1732298400000,12758
869.64943573,99056.0037,99167.97,98862.47,99390.0,98610.0,1732299300000,15159
483.02949495,99021.2022,98862.45,99120.58,99245.72,98644.0,1732300200000,11987
637.38904008,99216.4802,99120.59,99353.22,99408.49,98781.0,1732301100000,13349
1240.0675486700002,99518.4922,99353.23,99478.75,99689.11,98955.0,1732302000000,20332
968.73777057,99540.1092,99478.74,99603.57,99750.0,98849.0,1732302900000,16024
1031.81923512,99589.9973,99485.4,99400.0,99850.0,98582.0,1732303800000,16563
811.06412318,99518.5622,99399.99,99230.0,99860.0,98643.0,1732304700000,16064
971.2663454099999,99347.5303,99316.61,99468.4,99536.23,98639.0,1732305600000,16870
965.0685554400001,99527.6287,99468.4,99430.99,99765.79,98888.0,1732306500000,13547
860.4072606199999,99286.329,99430.86,98798.0,99473.62,98726.0,1732307400000,13468
868.27419857,99283.1336,99189.61,99379.49,99507.98,98714.0,1732308300000,14629
393.70271936000006,99229.182,99379.16,99227.42,99499.0,98478.0,1732309200000,12835
302.47573083,99054.0829,99227.15,99055.21,99356.81,98345.0,1732310100000,10523
275.93123161,99020.8725,99054.55,99184.36,99210.15,98339.0,1732311000000,10656
320.08164532000006,99261.4444,99184.36,99485.35,99531.23,98582.0,1732311900000,12536
455.0449919800001,99368.3502,99494.98,99172.56,99641.89,98497.0,1732312800000,14162
128.06299675,99022.4524,99172.56,98614.0,99266.46,98500.0,1732313700000,10341
292.179719,98882.9911,99019.7,98792.68,99118.69,98206.0,1732314600000,13368
345.57744429999997,98789.1813,98792.13,98755.61,98941.0,98240.0,1732315500000,12642
186.50699264,98870.3608,98755.54,98960.31,99026.22,98400.0,1732316400000,9638
124.49868051,98824.2412,98960.31,98888.73,98960.32,98445.0,1732317300000,7773
146.81621732999997,98808.8058,98881.48,98901.85,98968.32,98460.0,1732318200000,9392
215.28347801,98929.3291,98599.0,99024.03,99069.69,98560.0,1732319100000,10624
226.81026999,98819.3734,99024.03,98506.0,99024.32,98425.0,1732320000000,10581
220.65664644999998,98867.4116,98820.19,98956.29,99044.11,98468.0,1732320900000,10752
190.94974582999998,98815.0373,98979.9,98748.23,99024.13,98311.0,1732321800000,10482
207.23295433000004,98686.8945,98748.22,98772.68,98875.91,98159.0,1732322700000,10881
191.80039994000003,98640.3114,98759.23,98702.79,98797.8,98052.0,1732323600000,10912
314.28261003999995,98524.4278,98702.79,98470.9,98778.48,97865.0,1732324500000,13444
296.2227821899999,98462.9839,98491.9,98525.21,98675.31,97806.0,1732325400000,12288
174.89117155000002,98623.2108,98525.22,98715.33,98813.25,97921.0,1732326300000,10128
204.88714217000003,98510.224,98688.1,97893.0,98721.55,97841.0,1732327200000,10133
195.85328917,98426.8731,98481.42,98575.39,98611.04,97843.0,1732328100000,9826
224.28892852999996,98520.7788,98575.39,98677.1,98711.04,97890.0,1732329000000,10468
139.67508371000002,98591.2155,98566.9,98609.08,98751.61,97973.0,1732329900000,8573
159.61563466,98562.1708,98609.08,98687.9,98776.1,98020.0,1732330800000,8826
250.90892527000003,98794.1373,98744.95,98904.95,98979.48,98215.0,1732331700000,10346
202.44325038000005,98760.1266,98904.95,98738.86,98979.99,98273.0,1732332600000,8944
116.42255356000001,98797.3029,98738.87,98787.94,98902.61,98271.0,1732333500000,7097
148.83948150999998,98685.9353,98787.93,98681.05,98835.72,98166.0,1732334400000,7907
150.36336921000003,98676.5817,98681.05,98656.64,98838.69,98119.0,1732335300000,7964
144.26569053,98664.0809,98656.64,98527.83,98815.25,98039.0,1732336200000,8340
293.65725850999996,98473.5672,98527.83,98690.01,98742.35,97924.0,1732337100000,10078
129.47574612,98652.4673,98690.0,98640.76,98801.52,98006.0,1732338000000,7323
122.21121413,98555.1447,98639.92,98620.33,98689.45,97973.0,1732338900000,5893
167.84904941000002,98535.6089,98620.34,98810.98,98866.38,97867.0,1732339800000,7012
147.99507997999996,98797.2073,98810.97,98882.74,98950.68,98173.0,1732340700000,7569
145.10660389999998,98788.664,98812.5,98839.99,98968.39,98154.0,1732341600000,6813
130.7028885,98705.3252,98245.0,98782.72,98869.36,98102.0,1732342500000,5624
151.46336286,98783.5859,98782.72,98897.75,98965.31,98113.0,1732343400000,6022
145.3078364,98811.7883,98897.74,98835.1,98998.8,98171.0,1732344300000,5838
148.3011774,98727.0798,98816.4,98809.52,98895.78,98135.0,1732345200000,6002
130.71447661000002,98738.6918,98809.52,98740.78,98922.28,98162.0,1732346100000,5441
147.70222348000001,98518.3863,98740.31,98633.95,98740.78,98001.0,1732347000000,6315
121.60211614999999,98572.1314,98633.95,98657.9,98784.2,98040.0,1732347900000,6622
138.09938645999998,98606.421,98657.9,98594.32,98786.89,98011.0,1732348800000,6380
131.39554876,98478.7735,98073.0,98517.28,98668.18,97980.0,1732349700000,5594
164.92646692,98490.3557,98514.68,98610.44,98673.96,97974.0,1732350600000,6279
152.36068577999998,98551.9885,98610.54,98585.09,98664.09,98032.0,1732351500000,5593
150.63300751,98504.8309,98530.8,98059.0,98660.51,98003.0,1732352400000,5168
158.61041623999998,98483.0968,98552.15,98501.0,98610.53,97958.0,1732353300000,4918
149.64684565999997,98573.3712,98563.1,98546.65,98718.84,98033.0,1732354200000,4707
152.47972755,98503.2908,98546.64,98087.0,98629.58,97972.0,1732355100000,4666
154.40315352,98555.4268,98073.0,98656.03,98729.97,98020.0,1732356000000,5261
168.60001525,98476.2199,98656.02,98479.54,98723.93,97900.0,1732356900000,5475
249.99425465999997,98439.8042,98479.55,98539.41,98580.99,97862.0,1732357800000,6834
166.80742271000003,98510.7616,98491.9,98553.0,98659.04,97941.0,1732358700000,5214
143.93092630999996,98507.9749,98540.4,98013.0,98689.68,97857.0,1732359600000,4895
144.08823761000002,98523.0632,98013.0,98608.13,98686.76,97922.0,1732360500000,5292
154.04112105000002,98557.8052,98608.12,98633.6,98725.9,97981.0,1732361400000,5619
163.00243079,98507.7379,98588.1,98564.28,98682.63,98092.0,1732362300000,6141
166.02447202,98532.8649,98564.29,98676.94,98738.35,98127.0,1732363200000,6741
163.39692155999995,98558.7962,98600.0,98650.12,98695.1,98221.0,1732364100000,6004
144.15353904,98640.463,98650.12,98669.8,98787.28,98280.0,1732365000000,5980
197.96307180999997,98632.4744,98669.9,98449.0,98800.0,98303.0,1732365900000,7507
177.10976134,98763.9381,98759.01,98951.28,98960.48,98403.0,1732366800000,7847
208.31363391,98909.7914,98951.28,98874.9,99000.0,98597.0,1732367700000,7124
138.48451095000001,98855.3829,98890.46,98841.48,98970.0,98527.0,1732368600000,6690
186.21948354000003,98723.2293,98557.0,98664.48,98875.18,98408.0,1732369500000,7780
211.94833724,98640.0587,98632.2,98675.33,98743.06,98371.0,1732370400000,8657
166.95213855999995,98742.1964,98675.33,98798.94,98893.75,98408.0,1732371300000,9450
270.00072919,98763.3721,98798.95,98879.89,98927.08,98520.0,1732372200000,10414
180.12481165999998,98864.8344,98722.0,98905.99,98988.99,98597.0,1732373100000,8778
175.54529256,98837.3624,98881.7,98800.01,98965.0,98409.0,1732374000000,8929
147.80603649,98821.0473,98800.0,98844.74,98923.0,98472.0,1732374900000,8087
161.09765878000002,98703.0784,98844.74,98636.92,98859.87,98250.0,1732375800000,8745
196.08332082999996,98610.2177,98636.35,98595.49,98700.02,98229.0,1732376700000,9140
179.90418597000001,98570.2024,98579.9,98455.01,98703.68,98133.0,1732377600000,9612
438.1135037,98116.1769,98455.01,97938.86,98500.1,97400.0,1732378500000,19082
299.48704179000003,97903.0405,97946.91,97961.43,98195.32,97430.0,1732379400000,12450
377.86779029000013,97813.6191,97961.58,97873.89,98038.42,97458.0,1732380300000,10629
224.51162260000004,97615.7379,97874.73,97662.27,97874.73,97213.0,1732381200000,12110
213.93752179999998,97809.3118,97656.38,98097.15,98139.6,97365.0,1732382100000,10178
150.47265421,98119.276,98101.28,98255.83,98266.55,97740.0,1732383000000,8164
94.12489274,98001.2782,98255.83,98081.6,98257.52,97630.0,1732383900000,6801
155.76937273,97843.6094,97746.0,98067.87,98167.61,97633.0,1732384800000,7732
96.28889480000001,97877.276,98067.86,97942.34,98098.42,97633.0,1732385700000,7143
95.27714676999999,97799.6101,97942.34,97839.68,97942.34,97622.0,1732386600000,6936
77.99211328999999,97846.2771,97839.69,97968.52,98022.57,97622.0,1732387500000,7793
126.24325937000002,97766.8425,97976.27,97719.25,97976.28,97588.0,1732388400000,7568
130.99012107,97648.6976,97719.25,97637.0,97812.37,97533.0,1732389300000,8630
156.68995112,97558.2624,97697.4,97571.39,97697.5,97351.0,1732390200000,9303
88.60118360000001,97626.1783,97568.78,97628.5,97772.9,97403.0,1732391100000,8459
149.30715245999997,97483.8052,97628.6,97425.0,97636.5,97278.0,1732392000000,10430
253.87350026,97354.2343,97425.0,97296.86,97572.83,97142.0,1732392900000,11160
140.31065544,97538.5244,97296.86,97805.91,97828.17,97136.0,1732393800000,10022
75.36357539000001,97752.394,97808.81,97838.41,97839.27,97569.0,1732394700000,7139
112.91239589,97802.2727,97806.2,97859.03,97938.22,97527.0,1732395600000,7639
98.42694747999998,97822.5461,97859.21,97918.99,97930.5,97600.0,1732396500000,6647
96.25947114999998,97920.1506,97918.99,98010.63,98037.58,97688.0,1732397400000,7017
115.51697804999999,98043.5415,98010.64,98082.55,98159.99,97740.0,1732398300000,7358
134.89310236999998,98031.6065,98100.1,98026.06,98150.66,97673.0,1732399200000,7850
98.30814394999999,97915.7896,98021.55,97903.03,98042.89,97600.0,1732400100000,6890
95.13309731,97714.5002,97855.2,97713.71,97903.04,97380.0,1732401000000,6253
88.47769217999998,97702.6017,97713.72,97730.0,97874.55,97378.0,1732401900000,6551
87.25484583000001,97727.8705,97761.05,97826.55,97902.98,97384.0,1732402800000,6115
101.50440824,97657.6279,97825.7,97562.5,97871.2,97291.0,1732403700000,7378
67.1559266,97656.5423,97562.51,97706.6,97780.13,97321.0,1732404600000,6121
65.4007564,97710.4388,97746.82,97778.77,97840.66,97396.0,1732405500000,6121
17.06657689,97742.0163,97759.1,97933.4,97933.4,97479.0,1732406400000,630
8.31349258,97883.049,97933.4,97832.0,98040.5,97640.0,1732407300000,392
14.46529646,97870.7488,98040.5,97929.5,98081.7,97693.0,1732408200000,458
7.52386121,97798.1616,97701.0,97811.0,98000.0,97629.0,1732409100000,408
21.99056307,98089.9728,97811.0,98394.0,98453.7,97787.0,1732410000000,951
11.938087079999999,98120.4541,98149.0,98203.7,98419.9,97897.0,1732410900000,522
15.32382362,98179.5918,98203.8,98212.1,98359.0,97900.0,1732411800000,490
34.797422899999994,98228.7024,97960.0,98289.2,98377.9,97960.0,1732412700000,648
22.74521541,98261.3986,98289.2,98555.0,98555.0,98024.0,1732413600000,993
14.680338499999998,98302.5859,98315.0,98596.1,98604.2,98144.0,1732414500000,776
19.67593058,98406.7239,98596.1,98290.0,98607.4,98217.0,1732415400000,670
17.96066492,98314.6634,98282.0,98157.0,98607.4,98141.0,1732416300000,668
25.75073853,98273.9064,98492.9,98481.8,98492.9,98017.0,1732417200000,767
15.427138929999998,98238.6895,98481.8,98381.0,98523.1,98049.0,1732418100000,665
26.904190680000003,98233.4541,98076.0,98284.1,98381.1,97963.0,1732419000000,647
13.609626369999997,98092.9731,98283.8,98000.0,98321.9,97923.0,1732419900000,601
15.86694422,98101.2095,98280.0,97986.0,98350.9,97942.0,1732420800000,575
13.789965880000002,97948.7905,98278.4,98215.8,98278.4,97745.0,1732421700000,676
28.653896000000003,98087.6966,98215.8,98109.0,98226.0,97713.0,1732422600000,740
10.695722170000002,97999.9443,97850.0,97972.0,98289.2,97808.0,1732423500000,491
9.72307356,98029.8607,98283.0,98011.0,98331.1,97928.0,1732424400000,442
11.04132911,98096.4257,98331.0,98282.9,98351.2,97941.0,1732425300000,407
6.18906666,97936.5826,97954.0,98033.6,98283.0,97736.0,1732426200000,365
75.15596709,98173.659,97761.0,98351.1,98351.1,97761.0,1732427100000,526
44.04333643,98275.4568,98351.1,98262.1,98415.0,97968.0,1732428000000,623
8.63373938,98023.5083,98262.1,98031.0,98387.6,97854.0,1732428900000,581
12.572961500000002,98117.5409,98325.0,97991.0,98369.4,97991.0,1732429800000,342
13.908192849999999,98226.8979,98307.7,98450.4,98450.4,98010.0,1732430700000,369
8.505984450000001,98283.1976,98450.4,98498.8,98498.9,98130.0,1732431600000,279
8.03022936,98126.3403,98498.9,98351.2,98498.9,98021.0,1732432500000,304
7.348101179999999,98133.1495,98023.0,98101.0,98475.3,97929.0,1732433400000,401
8.98109758,98133.1365,98425.5,98447.9,98447.9,98015.0,1732434300000,355
17.945674250000003,98278.2948,98447.9,98175.0,98537.3,98067.0,1732435200000,552
8.2091744,98134.7593,98445.4,98400.1,98459.9,97984.0,1732436100000,238
11.35817506,98077.7929,98400.1,98181.2,98400.1,97835.0,1732437000000,493
8.978534669999998,97953.9965,98181.2,98172.0,98181.2,97717.0,1732437900000,523
8.52954882,98042.216,98172.0,98221.5,98221.5,97843.0,1732438800000,355
29.3286649,97990.5164,97955.0,97710.0,98230.8,97697.0,1732439700000,485
43.375321499999984,98007.9051,98050.1,98006.0,98050.1,97635.0,1732440600000,436
8.884333589999999,97836.0323,98006.0,97745.0,98050.1,97707.0,1732441500000,378
8.153361219999999,97793.0521,97746.0,98000.0,98034.9,97635.0,1732442400000,405
13.15716967,97745.1488,98000.0,97684.0,98000.1,97623.0,1732443300000,446
28.071446520000002,97796.0178,97683.0,97759.1,97976.5,97425.0,1732444200000,448
29.10375683,97678.9728,97759.1,97558.0,97845.2,97318.0,1732445100000,651
24.057808050000002,97578.3197,97808.6,97610.8,97812.2,97258.0,1732446000000,1050
13.476322709999998,97483.2437,97393.0,97579.0,97741.0,97200.0,1732446900000,692
11.988598589999999,97509.9371,97329.0,97578.9,97628.5,97201.0,1732447800000,424
25.165028030000002,97494.4162,97579.0,97384.6,97580.2,97164.0,1732448700000,648
30.445092210000002,97424.5846,97384.7,97433.1,97498.4,97150.0,1732449600000,638
68.32159374,97251.7131,97433.1,97166.0,97446.9,97002.0,1732450500000,1496
114.53102309000002,96805.0733,97312.7,96563.0,97312.7,96391.0,1732451400000,3282
47.27999600999999,96667.3602,96697.6,96904.8,96943.9,96372.0,1732452300000,1447
40.25517532,97161.5839,96822.0,97191.0,97404.9,96709.0,1732453200000,1112
19.478183239999996,97420.5301,97299.9,97443.0,97607.5,97150.0,1732454100000,814
26.32851401,97469.4201,97606.2,97330.1,97688.9,97175.0,1732455000000,723
22.34223691,97304.2225,97195.0,97281.9,97464.3,97139.0,1732455900000,592
20.04345807,97023.2002,97281.9,96700.0,97281.9,96700.0,1732456800000,814
19.343936240000005,96742.9473,96890.8,96663.3,96959.0,96567.0,1732457700000,819
39.19046794999999,96832.5776,96663.2,96983.8,97141.7,96535.0,1732458600000,1093
33.165712680000006,97043.1122,96849.0,97128.8,97157.0,96744.0,1732459500000,712
9.35357405,96947.6959,97118.7,96936.7,97134.0,96688.0,1732460400000,492
30.081021129999996,96555.2951,96936.8,96687.5,96939.9,96221.0,1732461300000,907
67.17493822,96358.639,96554.0,96394.6,96719.8,96120.0,1732462200000,1448
63.78833266,96042.7442,96394.6,95941.0,96394.6,95770.0,1732463100000,1455
75.54066121,95960.7012,95941.3,96163.3,96322.9,95611.0,1732464000000,1977
34.16541285,96221.2551,96021.0,96512.0,96512.1,95877.0,1732464900000,759
10.767745999999999,96390.4461,96512.0,96500.0,96512.1,96132.0,1732465800000,573
34.33661782,96563.1018,96384.0,96428.3,96720.8,96269.0,1732466700000,734
24.486987159999998,96083.3104,96428.3,96025.0,96428.4,95824.0,1732467600000,860
27.117092310000004,95943.469,96025.1,95900.7,96079.8,95715.0,1732468500000,751
19.31605872,95873.3512,95900.5,95778.2,95979.4,95640.0,1732469400000,690
15.688040610000002,95876.1874,95781.6,95930.9,96084.7,95640.0,1732470300000,725
10.96745137,96028.6894,95930.8,96081.8,96149.8,95732.0,1732471200000,598
41.88305915000001,96144.9633,96081.8,96276.3,96279.0,95950.0,1732472100000,1062
24.905014380000004,96328.2986,96129.0,96354.1,96404.0,96105.0,1732473000000,520
15.94636838,96487.6451,96266.0,96439.0,96603.7,96255.0,1732473900000,640
16.36520293,96212.3307,96438.0,96264.6,96603.7,96105.0,1732474800000,762
19.997117700000008,96192.9685,96264.6,96275.3,96401.1,96105.0,1732475700000,433
6.135865860000001,96333.6882,96275.3,96386.0,96410.2,96156.0,1732476600000,410
5.08567018,96364.7206,96394.9,96356.0,96414.1,96244.0,1732477500000,299
12.738952010000002,96277.9557,96356.0,96399.9,96399.9,96130.0,1732478400000,452
28.87811008,96606.5881,96399.8,96747.8,96769.6,96257.0,1732479300000,831
49.37389395999999,96765.1956,96747.9,96790.4,96801.1,96554.0,1732480200000,616
21.202322860000002,96777.716,96790.4,96791.0,96791.0,96581.0,1732481100000,603
32.316737939999996,96737.1546,96791.0,96700.0,96883.4,96535.0,1732482000000,628
11.62624967,96770.0881,96700.1,96739.7,96835.5,96536.0,1732482900000,441
6.22789921,96833.8781,96739.8,96887.9,96888.0,96596.0,1732483800000,345
14.494985759999999,96948.5205,96887.9,97031.1,97031.5,96742.0,1732484700000,495
35.120905390000004,97176.6195,97031.1,97494.3,97533.9,96896.0,1732485600000,1374
40.142688650000004,97671.7495,97494.4,97604.5,97874.7,97363.0,1732486500000,1036
18.80655445,97665.8291,97622.5,97554.0,97856.1,97277.0,1732487400000,618
21.421426429999997,97768.7005,97731.3,97999.9,98000.0,97465.0,1732488300000,893
188.20315924000002,98073.1833,98000.0,98299.9,98430.9,97860.0,1732489200000,2245
37.053459229999994,98176.2446,98299.9,98150.1,98445.2,97872.0,1732490100000,811
24.26578295,97751.7786,97911.0,97568.0,98150.0,97431.0,1732491000000,764
50.737249649999995,97933.9572,97560.0,97994.1,98117.3,97501.0,1732491900000,700
164.39331256,97942.2561,97994.1,97813.01,98102.9,97570.0,1732492800000,9766
183.58075006999997,97881.8883,97813.01,97736.98,98046.48,97543.0,1732493700000,8705
179.92317479,97781.5581,97741.1,97899.66,97971.15,97445.0,1732494600000,8740
132.70756396000002,98025.6823,97890.96,97830.0,98180.04,97644.0,1732495500000,7197
137.98715097000002,97762.2131,97870.1,97680.56,97960.87,97434.0,1732496400000,7493
304.82861223,97273.1974,97677.79,97209.04,97761.3,96797.0,1732497300000,9871
179.38612174999997,97212.7698,97204.48,97386.07,97389.85,96836.0,1732498200000,9063
120.55031939999999,97362.4767,97386.84,97317.56,97452.81,97091.0,1732499100000,7387
79.37624573999999,97495.5475,97317.12,97598.56,97610.6,97150.0,1732500000000,6781
70.72707011,97698.4647,97598.56,97713.51,97841.64,97368.0,1732500900000,7217
79.23203712000002,97627.9312,97713.52,97706.54,97800.0,97351.0,1732501800000,5864
63.28331738999999,97599.2272,97705.94,97480.48,97741.91,97258.0,1732502700000,6323
62.98904328999999,97548.4253,97481.9,97582.62,97644.23,97290.0,1732503600000,6399
96.70768146,97800.4778,97582.61,97737.74,97925.64,97404.0,1732504500000,6983
68.24145112999999,97787.1172,97740.24,97847.22,97913.29,97511.0,1732505400000,5745
85.23560089,97921.267,97847.22,98002.78,98009.23,97669.0,1732506300000,5632
96.2444413,98009.4916,98002.81,98111.46,98158.15,97755.0,1732507200000,6178
85.91886215000001,97882.5537,98095.8,97853.04,98123.3,97591.0,1732508100000,6140
77.94787955000001,97880.9522,97853.05,97891.21,97934.73,97625.0,1732509000000,4983
85.68749103000002,97813.6346,97890.79,97928.85,97928.85,97526.0,1732509900000,5627
69.5014809,97997.8106,97900.6,98070.89,98106.25,97698.0,1732510800000,5349
100.01104129999999,98149.4323,98070.88,98250.01,98350.43,97850.0,1732511700000,5352
61.53785737,98218.1538,98250.8,98209.93,98360.0,97900.0,1732512600000,4784
54.560067999999994,98143.3078,98209.6,98195.65,98260.0,97906.0,1732513500000,4410
97.08690799999998,98298.14,98154.7,98140.0,98467.73,97940.0,1732514400000,6330
105.97707591,98389.2807,98387.53,98376.75,98484.27,98057.0,1732515300000,5005
79.46486319000003,98306.1376,98376.76,98320.35,98418.35,98020.0,1732516200000,4677
53.89041720999999,98200.9798,98078.0,98195.71,98366.94,97883.0,1732517100000,3582
68.83461941,98264.8699,98195.71,98351.31,98360.41,97905.0,1732518000000,4044
90.23548021999999,98187.8624,98351.3,98178.62,98400.0,97803.0,1732518900000,4221
98.81822861,98028.1397,98178.61,97949.81,98193.95,97691.0,1732519800000,4636
75.18841569000001,98029.4441,97952.08,98164.71,98217.16,97617.0,1732520700000,5028
68.92521678,98164.7496,98133.1,98315.7,98368.53,97753.0,1732521600000,4841
72.34664084999999,98276.8543,98316.84,98357.13,98384.36,98004.0,1732522500000,4131
75.02075285,98254.0726,98357.13,98288.1,98394.54,97939.0,1732523400000,4319
93.69454540999999,98311.7708,98288.09,98319.11,98403.07,98058.0,1732524300000,4817
200.18953009,98565.921,98319.11,98637.02,98765.0,98062.0,1732525200000,8016
328.85295802,98746.3379,98641.53,98749.81,98999.0,98393.0,1732526100000,8583
137.97064340999995,98735.7434,98749.58,98728.4,98861.5,98439.0,1732527000000,6438
155.92884417,98545.6674,98728.41,98586.61,98746.8,98340.0,1732527900000,5406
150.58214282,98470.604,98586.61,98609.62,98806.22,98231.0,1732528800000,8061
112.58519980000001,98429.2963,98609.63,98436.98,98695.3,98065.0,1732529700000,6749
120.21706847,98419.3449,98226.0,98343.63,98582.29,98097.0,1732530600000,5362
136.46289177,98385.8348,98346.17,98402.16,98476.66,98115.0,1732531500000,5174
100.60571341999999,98422.3657,98450.9,98421.39,98562.2,98118.0,1732532400000,5374
94.22428666000002,98502.2752,98421.39,98569.2,98644.5,98174.0,1732533300000,5491
122.63909081999999,98368.7704,98569.19,98202.51,98569.2,97963.0,1732534200000,5071
121.67593488000001,98226.6963,98180.0,98279.7,98341.99,97970.0,1732535100000,5247
169.37097655000002,98250.8557,98279.7,98141.6,98408.08,97953.0,1732536000000,6449
179.05534079,98111.0123,98141.7,98115.55,98198.14,97897.0,1732536900000,6128
167.62532314999999,98062.9467,98115.54,97970.07,98173.2,97833.0,1732537800000,5226
144.48462007,97987.0885,97970.08,97978.33,98088.2,97783.0,1732538700000,5817
184.50918512,97619.8523,97946.2,97588.96,98023.42,97200.0,1732539600000,7931
154.16986774,97434.5463,97560.1,97705.46,97734.97,97158.0,1732540500000,7594
116.67952976000002,97660.4605,97705.15,97785.28,97890.0,97377.0,1732541400000,7223
92.60139901000001,97696.7425,97781.78,97571.5,97830.6,97397.0,1732542300000,6850
105.04576498,97585.0644,97529.05,97607.76,97700.0,97380.0,1732543200000,6741
212.16399497,97335.0423,97613.52,97314.03,97621.02,97031.0,1732544100000,10462
567.21185463,96913.8467,97285.2,96618.0,97436.78,96354.0,1732545000000,18066
946.41898587,95999.498,96617.98,95395.24,96635.63,95267.0,1732545900000,28233
1797.4889455299997,95174.488,95395.24,95220.92,95832.09,94500.0,1732546800000,38601
597.50141758,95553.1137,95224.87,96120.09,96282.6,95120.04,1732547700000,20053
747.06574617,95959.8303,96124.15,96153.42,96372.0,95548.11,1732548600000,17538
493.95135816000004,96301.1322,96152.32,96028.64,96565.0,95953.29,1732549500000,13537
348.36865554,96019.6139,96021.0,96161.73,96326.0,95700.38,1732550400000,14939
326.9735315,96272.714,96161.72,96117.15,96525.32,96019.6,1732551300000,13015
273.48744716000004,96051.8781,96117.15,95880.5,96410.33,95831.3,1732552200000,11105
242.19069959,95903.3655,95883.62,95912.82,96149.01,95715.43,1732553100000,11097
555.58292631,95474.5332,95920.8,95053.3,95970.0,95036.7,1732554000000,14883
596.3563323999999,95081.6786,95053.21,95061.67,95388.0,94821.0,1732554900000,16773
548.31430228,95202.8785,95061.66,94942.25,95647.0,94922.17,1732555800000,14559
512.0147238,95132.8658,94942.24,95211.34,95337.0,94837.92,1732556700000,13107
581.3687289999999,95256.4538,95250.0,95660.96,95809.0,94935.99,1732557600000,14755
312.74368983999994,95665.6231,95660.96,95453.89,95928.0,95413.2,1732558500000,13639
373.56485426999996,95277.7005,95453.9,94993.98,95586.0,94969.1,1732559400000,11863
321.30904104999996,95064.0431,94997.36,95151.19,95238.0,94851.04,1732560300000,11364
264.99662613000004,95012.3044,95109.6,95203.34,95315.0,94759.9,1732561200000,12331
696.18952388,94744.7725,95196.04,95089.51,95254.0,94410.2,1732562100000,16463
407.65570594,94874.7895,94999.9,95078.68,95268.0,94546.11,1732563000000,13754
243.16517358000002,94866.4687,95078.69,94664.79,95188.0,94594.8,1732563900000,11595
763.04454457,94730.3232,94672.08,94984.17,95008.0,94500.01,1732564800000,15769
579.7096024399999,94955.0266,94984.03,95039.56,95225.0,94659.3,1732565700000,13369
706.34376454,95197.533,95039.56,94861.35,95383.0,94837.0,1732566600000,13038
906.0698785300001,94792.4065,94861.35,94985.99,95089.0,94621.55,1732567500000,13773
223.63474161999997,94968.3696,94985.09,94962.31,95229.0,94750.01,1732568400000,9686
171.52945128,94870.0744,94957.97,94908.92,95077.0,94743.0,1732569300000,9401
560.39842147,94409.3371,94908.92,94017.16,94980.0,93933.5,1732570200000,17309
790.3411717600001,93881.9276,94020.52,93727.42,94316.0,93516.55,1732571100000,21601
374.47672124999997,93801.8601,93727.37,94106.18,94342.0,93388.7,1732572000000,16031
425.56665312,93440.6985,94106.21,93360.66,94220.0,93111.0,1732572900000,17624
646.7381724899999,93142.3216,93369.6,93216.5,93685.0,92534.93,1732573800000,21936
471.34776707,93922.0278,93246.3,94378.9,94489.0,93171.12,1732574700000,17182
273.18571073999993,94219.8392,94386.51,94260.86,94487.0,94014.2,1732575600000,12978
292.23773516999995,93934.7227,94260.92,93663.58,94351.0,93656.12,1732576500000,10909
533.9009268799999,93328.5878,93663.58,93194.09,93838.0,92836.14,1732577400000,13597
233.58913753000002,93041.1825,93193.99,93000.01,93370.0,92803.59,1732578300000,12065
333.80571919000005,93064.4147,93000.1,93367.17,93607.0,92720.0,1732579200000,13808
219.29179248,93843.9716,93367.4,94229.38,94467.0,93277.5,1732580100000,12284
223.89391389999997,94134.441,94171.9,94280.42,94429.0,93945.3,1732581000000,10314
114.72186975000001,94103.8351,94280.44,93818.51,94436.0,93800.3,1732581900000,5324
90.03710298,94018.7732,93826.71,93996.0,94335.0,93800.0,1732582800000,4592
127.40686769,94297.3089,94027.56,94331.87,94523.0,93933.3,1732583700000,6630
266.50738976,94594.5251,94331.87,94501.78,94918.0,94329.04,1732584600000,20397
108.01491920999999,94787.5086,94501.79,94889.88,95090.0,94422.1,1732585500000,9222
124.27580645,94823.3224,94824.0,94645.04,95032.0,94639.82,1732586400000,8224
126.09102449000002,94722.8697,94645.04,94545.1,94866.0,94527.2,1732587300000,9092
67.77807673999999,94606.0541,94547.6,94723.05,94829.0,94415.9,1732588200000,7035
42.476191789999994,94668.004,94719.27,94619.22,94852.0,94539.2,1732589100000,6301
78.38399529999998,94501.2568,94581.0,94477.47,94807.0,94287.74,1732590000000,6533
63.40622619,94420.3539,94477.48,94357.38,94631.0,94264.82,1732590900000,6267
66.41486593,94510.6951,94357.38,94660.67,94799.0,94262.65,1732591800000,6796
58.109788120000005,94646.4187,94660.67,94495.82,94813.0,94453.15,1732592700000,5724
71.84695157,94278.2266,94491.1,94222.13,94663.0,94077.89,1732593600000,7043
80.62239897999999,94316.3162,94222.14,94444.0,94482.0,94119.31,1732594500000,5724
76.54668133999999,94426.7663,94289.08,94437.43,94633.0,94275.0,1732595400000,4807
49.318570560000005,94372.0469,94434.16,94325.35,94550.0,94252.53,1732596300000,4586
46.109618379999986,94397.3187,94335.1,94371.68,94597.0,94204.92,1732597200000,5195
51.317847539999995,94363.973,94366.59,94432.88,94524.0,94201.81,1732598100000,5198
55.68565333000001,94496.449,94432.89,94600.01,94714.0,94324.18,1732599000000,5671
69.89140434000001,94628.7607,94601.16,94674.63,94772.0,94501.24,1732599900000,4969
44.92129689000001,94721.3195,94669.7,94675.0,94903.0,94625.02,1732600800000,4655
90.73891904,94890.7703,94670.58,94925.59,95083.0,94658.39,1732601700000,5385
89.87805455,94792.5791,94905.0,94797.4,95039.0,94685.16,1732602600000,4866
76.60474120000002,94689.8547,94797.4,94533.78,94900.0,94475.65,1732603500000,4664
75.19726101,94276.9457,94526.8,93966.14,94637.0,93950.2,1732604400000,5495
142.63026491999997,93816.4382,93963.01,93992.57,94141.0,93536.78,1732605300000,6665
73.26555678,93918.8536,93992.92,93837.31,94198.0,93668.4,1732606200000,5091
74.54536478,93779.9215,93813.2,93775.09,94059.0,93621.61,1732607100000,4638
189.67649136,93501.9993,93776.0,93241.67,93881.0,93218.0,1732608000000,7607
428.9879483800001,92723.4765,93225.65,92482.71,93378.0,92400.0,1732608900000,13916
225.50222340000002,92507.342,92477.03,92773.83,92900.0,92310.0,1732609800000,9513
188.51020749999998,92858.1454,92773.04,93153.75,93239.0,92646.05,1732610700000,6753
148.03148088999995,93362.1025,93132.0,93578.53,93678.0,93085.04,1732611600000,7025
144.76816165,93579.4915,93570.83,93567.67,93803.0,93464.8,1732612500000,6478
107.63414644,93454.5893,93568.36,93424.51,93787.0,93263.8,1732613400000,5328
93.22811454999999,93406.1865,93434.97,93546.42,93758.0,93143.5,1732614300000,5577
136.18045275999998,93471.3525,93573.0,93237.06,93853.0,93166.9,1732615200000,6112
155.66029902,93012.0245,93234.58,92950.5,93302.0,92823.1,1732616100000,6603
154.00274062,92828.1924,93012.07,92659.26,93181.0,92553.9,1732617000000,6159
240.70086582999997,92465.6322,92653.73,92304.9,92786.0,92242.7,1732617900000,8877
296.61445934,92332.5067,92306.01,92512.07,92750.0,92011.3,1732618800000,10799
417.93361249,91995.7754,92504.81,91750.33,92619.0,91700.0,1732619700000,13614
456.34016569,91677.0448,91739.96,91487.91,92099.0,91487.9,1732620600000,14604
323.95869380000005,91889.8864,91555.1,92355.45,92484.0,91420.12,1732621500000,11474
288.27827985,92313.7725,92347.83,92605.81,92717.0,91992.4,1732622400000,10725
181.24759733,92407.8273,92601.24,92222.28,92750.0,92144.33,1732623300000,8650
211.28672912000002,92084.7926,92221.42,92177.99,92379.0,91889.75,1732624200000,8775
288.72594886999997,91948.2109,92174.59,92129.23,92284.0,91755.33,1732625100000,10758
367.33272107000005,92286.9306,92129.24,92431.54,92671.0,91879.67,1732626000000,11441
399.45828960999995,92643.9535,92430.89,92462.83,93019.0,92429.71,1732626900000,10693
318.14072184,92422.2721,92462.78,92239.41,92643.0,92201.76,1732627800000,10506
219.5134422,92310.4314,92239.41,92135.46,92593.0,92135.44,1732628700000,9256
314.38422022,91961.2447,92201.1,91958.83,92419.0,91755.01,1732629600000,10989
225.95856985,92183.1271,91954.76,92100.78,92502.0,91865.84,1732630500000,9801
789.01553793,92418.4729,92106.73,92876.19,93187.0,91590.1,1732631400000,19079
668.9113709200001,93358.6378,92888.68,93285.64,93604.5,92882.07,1732632300000,16521
532.31713547,93348.9282,93285.65,93222.59,93621.0,92984.72,1732633200000,14860
548.1845236300001,92736.2683,93210.72,93128.14,93274.0,92332.16,1732634100000,14434
410.91459592,93188.8136,93145.0,93357.14,93454.0,92748.6,1732635000000,12106
332.1139157399999,93218.7186,93357.13,92836.57,93433.29,92802.1,1732635900000,9903
244.53374429,93049.9402,92818.1,93244.01,93373.0,92694.39,1732636800000,7884
269.29283437000004,93895.9084,93232.57,94283.5,94438.38,93137.3,1732637700000,6723
349.00036629000004,94437.8767,94283.51,94652.44,94684.94,94212.0,1732638600000,9739
256.34012046,94378.5179,94652.48,94108.93,94819.02,94055.44,1732639500000,10021
259.25628039000003,93795.8018,94099.98,93603.18,94124.0,93544.35,1732640400000,10950
160.16834804,93735.3384,93603.18,93812.0,93906.0,93451.4,1732641300000,8325
248.56341572,93850.9561,93773.9,93758.83,94126.0,93610.5,1732642200000,9582
110.21700174,93636.9161,93744.83,93575.3,93815.0,93470.83,1732643100000,7039
304.60919363000005,93316.1305,93572.7,93048.58,93691.0,92970.01,1732644000000,9950
328.57050081,92712.0106,93046.73,92437.25,93145.0,92397.99,1732644900000,11109
370.05842302,92219.0488,92427.76,92339.67,92530.0,91977.2,1732645800000,12235
362.81795174,92534.4987,92339.67,92120.8,92778.0,92100.0,1732646700000,10703
276.75655425,92416.9775,92122.1,92390.44,92737.0,92045.2,1732647600000,10219
489.2052064,92010.8294,92399.72,92075.46,92514.0,91823.66,1732648500000,13816
435.6008909199999,91847.5858,91999.9,91903.86,92268.0,91691.6,1732649400000,14366
468.64254890999996,91765.2034,91903.86,91676.86,92047.0,91545.9,1732650300000,15164
418.08846296999997,91694.7531,91651.0,91574.17,92165.0,91385.75,1732651200000,15731
855.61121044,91231.389,91577.94,91266.16,91802.0,91000.0,1732652100000,19986
851.3921267400001,90999.5732,91251.28,91310.06,91498.0,90682.58,1732653000000,21476
764.963585,91366.4357,91309.53,90940.03,91877.0,90775.12,1732653900000,19468
419.05914328000006,91042.8413,90992.5,91081.79,91498.0,90777.4,1732654800000,16913
241.78178646,91433.3249,91081.8,91598.18,91860.0,91029.92,1732655700000,11934
169.63863315999996,91657.9878,91598.45,91686.45,92017.0,91418.28,1732656600000,9156
105.74648398,91693.0561,91686.44,91634.86,91964.0,91458.31,1732657500000,8179
222.71067834000002,92010.2932,91644.11,92100.0,92364.0,91491.4,1732658400000,10188
109.45504328,92153.5725,92100.01,92260.74,92418.0,91972.88,1732659300000,7427
81.63378001000001,92133.2405,92309.9,92011.25,92418.0,91909.92,1732660200000,7196
90.25691309,91925.3981,92008.98,91775.21,92256.0,91727.69,1732661100000,6395
219.47844537,91756.6598,91775.21,91938.42,92110.0,91527.46,1732662000000,10776
82.14591869,91813.356,91938.42,91649.54,92144.0,91625.0,1732662900000,6861
90.20486073999999,91809.0079,91642.01,91933.1,92058.0,91615.46,1732663800000,6071
83.73265104000001,91970.0073,91933.11,91929.54,92159.0,91880.33,1732664700000,5619
258.83827439,92167.7377,91914.6,92390.52,92509.0,91763.82,1732665600000,9187
114.24605516999999,92274.4274,92390.52,92169.66,92509.0,92118.9,1732666500000,6973
110.77656875000001,92065.9804,92209.1,91806.03,92405.0,91765.75,1732667400000,7217
51.44901032,91890.7999,91807.56,91898.48,92140.0,91747.46,1732668300000,6379
62.20931367,92015.1921,91903.28,92259.08,92419.0,91772.8,1732669200000,6652
126.13716747,92430.7025,92259.08,92334.96,92670.0,92250.0,1732670100000,7492
68.86220288999999,92508.8394,92334.96,92526.33,92717.0,92302.69,1732671000000,6298
72.37228162,92664.9632,92535.09,92735.03,92904.0,92450.01,1732671900000,6511
108.89606900999999,92613.4082,92750.0,92332.93,92914.0,92331.1,1732672800000,6067
145.01966262000002,92697.059,92339.8,92910.69,93147.0,92267.7,1732673700000,7640
93.44849324999998,92791.2537,92910.7,92674.03,93059.0,92646.47,1732674600000,6479
61.04998501000001,92858.2674,92674.04,92907.03,93093.0,92669.66,1732675500000,5565
74.50616675,92855.0432,92899.1,92882.89,93059.0,92740.02,1732676400000,5108
112.80723632,92781.0253,92889.97,92774.78,93071.0,92655.61,1732677300000,5487
110.20534253,92648.0145,92774.78,92646.94,92872.0,92542.92,1732678200000,5463
79.95472031,92606.5084,92647.28,92547.72,92841.0,92465.85,1732679100000,5373
39.650450580000005,92644.0647,92556.0,92686.95,92864.0,92511.09,1732680000000,4563
174.35945887,93000.3844,92685.95,92993.38,93293.0,92649.24,1732680900000,6674
78.78904922,92789.7489,92994.17,92715.21,93120.0,92619.6,1732681800000,5277
75.69549885,92614.0311,92717.48,92539.1,92922.0,92473.47,1732682700000,4680
72.42440561,92444.0122,92531.8,92460.1,92669.0,92321.64,1732683600000,4778
44.699302890000006,92574.6044,92468.23,92682.57,92821.0,92409.35,1732684500000,4394
38.03165952,92727.2476,92678.3,92723.85,92898.0,92636.9,1732685400000,3908
34.119546400000004,92695.6032,92722.0,92738.52,92891.0,92600.0,1732686300000,3903
160.69797502,93023.277,92671.1,93102.29,93302.5,92671.1,1732687200000,4684
141.69397975000004,93219.5225,93103.1,93183.61,93500.0,93050.71,1732688100000,4714
62.438538470000005,93220.9096,93183.6,93216.52,93432.0,93092.46,1732689000000,3887
67.49230770999999,93128.5394,93216.29,93044.91,93378.0,92977.11,1732689900000,4835
56.33641255999999,93180.5628,93034.3,93265.0,93418.0,93000.01,1732690800000,4066
70.38861642,93409.9012,93259.29,93416.18,93629.0,93184.16,1732691700000,4460
53.31088469999999,93430.5868,93410.85,93511.92,93639.0,93340.1,1732692600000,4068
49.550545779999986,93565.1758,93505.38,93584.06,93758.0,93431.65,1732693500000,4083
99.36662776000001,93477.2772,93583.1,93336.66,93702.0,93298.03,1732694400000,4711
128.95924753999998,93394.6315,93336.67,93345.36,93590.0,93229.64,1732695300000,4379
64.22377956000001,93376.7498,93345.31,93472.19,93648.0,93286.82,1732696200000,5813
49.940883,93455.1756,93472.2,93434.14,93611.0,93369.72,1732697100000,3336
57.301218510000005,93331.9987,93420.4,93180.47,93592.0,93161.12,1732698000000,3947
31.98126615,93240.0172,93173.09,93307.31,93503.0,93114.02,1732698900000,3189
29.863729139999997,93250.3547,93300.4,93248.99,93554.0,93106.1,1732699800000,3084
42.38315449,93381.7718,93240.0,93407.82,93591.0,93193.34,1732700700000,4081
32.14507594,93422.0665,93407.83,93461.28,93591.0,93351.31,1732701600000,3119
85.68490362,93591.7538,93461.27,93614.53,93779.0,93425.0,1732702500000,3938
