v,vw,o,c,h,l,t,n
311.48201094,102892.5843,102517.0,102925.17,103200.0,102450.54,1750701600000,10694
263.04784632,103033.557,102925.17,102714.97,103330.0,102705.18,1750702500000,10048
241.58483116000002,103178.6983,102714.97,103140.62,103460.0,102692.84,1750703400000,8909
145.7668727,103090.7244,103140.62,103004.67,103320.0,102943.21,1750704300000,7758
163.88010058000003,103159.9629,103010.25,103105.41,103350.0,102985.04,1750705200000,7588
82.52045033,102957.853,103105.41,102931.69,103250.0,102857.27,1750706100000,4898
100.08635265,102918.9361,102931.68,102789.72,103230.0,102731.69,1750707000000,5781
138.59515019999998,103174.3503,102789.72,103243.85,103420.0,102739.69,1750707900000,6022
127.20176623,103267.5583,103245.73,103396.29,103560.0,102943.24,1750708800000,7183
179.24438673,103704.168,103396.28,103816.97,103960.0,103371.28,1750709700000,9333
170.64279384999998,103869.7191,103816.95,103952.47,104050.0,103676.46,1750710600000,7212
77.07200825000001,103839.5555,103943.85,103801.43,104080.0,103717.14,1750711500000,4988
93.54615935999999,103920.7903,103776.0,103985.97,104140.0,103776.0,1750712400000,6032
157.96113387,104048.9209,103981.98,103781.01,104400.0,103740.2,1750713300000,7105
167.68719571,103793.8251,103769.46,103731.85,104030.0,103717.02,1750714200000,5503
66.64370541,103794.748,103731.89,103762.97,104020.0,103703.36,1750715100000,3948
928.7859457700001,104899.1783,103763.02,105490.0,105690.0,103763.0,1750716000000,18988
444.40313719,105586.1717,105500.0,106059.86,106170.0,105035.4,1750716900000,13956
530.00528992,105626.0625,106000.0,105212.29,106210.0,104926.6,1750717800000,12459
277.58983656000004,105439.9893,105207.73,105631.9,105830.0,104953.62,1750718700000,9152
169.12447564,105538.681,105629.69,105349.38,105860.0,105325.01,1750719600000,7628
90.49625173,105407.0191,105351.0,105525.66,105650.0,105186.92,1750720500000,6724
92.11925647000001,105550.7076,105525.68,105482.29,105840.0,105453.51,1750721400000,6330
106.72453382000002,105528.473,105482.28,105382.0,105690.0,105361.56,1750722300000,5568
67.39254679,105426.5284,105418.4,105312.35,105630.0,105309.68,1750723200000,5783
46.73410767,105306.55,105460.0,105227.11,105490.0,105213.64,1750724100000,4677
60.86780302999999,105177.4937,105227.11,105127.53,105360.0,105063.55,1750725000000,5013
98.06292578,105120.033,105127.53,105207.66,105350.0,104972.5,1750725900000,5652
76.95703505,105183.4514,105195.5,105189.69,105340.0,105038.74,1750726800000,4231
60.357622719999995,105177.8797,105187.0,105257.15,105360.0,105050.08,1750727700000,4038
33.77561467,105148.3915,105259.4,105161.31,105350.0,105080.11,1750728600000,3084
140.30693670999997,105339.2154,105161.31,105526.17,105660.0,105108.3,1750729500000,5947
81.83677679999998,105143.2871,105521.23,105015.7,105620.0,104871.07,1750730400000,5408
93.43809549,104903.9144,105015.69,105083.6,105170.0,104797.52,1750731300000,6088
29.795445809999997,105034.1418,105079.81,105110.72,105220.0,104923.3,1750732200000,3468
73.52271201,104929.3531,105110.72,104841.98,105180.0,104809.69,1750733100000,4127
46.80047407999999,104927.8914,104845.6,104951.96,105160.0,104772.91,1750734000000,3903
114.52677598,104975.8586,104951.96,105056.48,105270.0,104895.08,1750734900000,3972
41.911372330000006,105040.1501,105040.6,104983.7,105220.0,104952.35,1750735800000,2970
16.73501043,104998.8695,104983.7,104996.12,105120.0,104936.82,1750736700000,2460
22.841542060000002,104970.1969,105003.6,104844.15,105130.0,104844.14,1750737600000,2631
30.519980039999993,104923.0669,104844.14,104970.07,105100.0,104773.8,1750738500000,4014
35.388666109999996,104957.0621,104970.06,104888.72,105090.0,104852.34,1750739400000,4126
49.36649382999999,104947.7513,104887.24,104898.61,105100.0,104820.99,1750740300000,3406
122.58475683,105018.1761,104891.6,105151.06,105240.0,104891.6,1750741200000,3868
109.46526155000002,105173.7522,105151.06,105210.07,105390.0,104991.22,1750742100000,5722
83.98685299000002,105375.2632,105225.4,105406.17,105550.0,105192.06,1750743000000,5080
68.71658253000001,105427.4776,105370.1,105580.0,105580.0,105331.48,1750743900000,4416
126.6318579,105487.2877,105476.1,105489.59,105690.0,105312.11,1750744800000,6349
39.89872387,105537.0613,105488.89,105525.4,105670.0,105456.13,1750745700000,3103
81.94241684999999,105684.8364,105525.5,105762.72,105920.0,105525.5,1750746600000,4261
92.09187145000001,105805.356,105762.74,105788.6,106000.0,105675.08,1750747500000,3988
62.56815268999999,105692.1754,105788.6,105565.69,105890.0,105543.5,1750748400000,3842
127.74652325,105706.5863,105565.68,105760.5,105940.0,105482.81,1750749300000,4874
140.49687828,105333.2961,105760.5,105341.38,105790.0,105161.32,1750750200000,5630
199.89227911999996,105102.648,105328.61,104997.25,105430.0,104949.01,1750751100000,6290
239.29400214,104913.025,104994.68,104906.92,105220.0,104726.5,1750752000000,7113
141.28688365,104912.2033,104903.45,105143.35,105230.0,104681.83,1750752900000,4969
54.29945662,105122.4605,105141.62,105118.65,105270.0,104934.54,1750753800000,3432
38.58759286,105067.3621,105118.64,105079.95,105240.0,104989.16,1750754700000,2388
43.80202387999999,105175.1707,105064.2,105169.4,105372.98,105035.01,1750755600000,2979
39.018715869999994,105361.586,105169.39,105524.1,105660.0,105122.0,1750756500000,3529
34.864108710000004,105394.6308,105467.91,105410.0,105570.0,105277.5,1750757400000,3133
22.533635450000002,105314.3519,105375.5,105273.31,105420.0,105227.55,1750758300000,2341
36.81528601,105283.8084,105277.0,105282.6,105380.88,105180.02,1750759200000,2780
17.74092037,105276.6225,105251.12,105223.15,105392.19,105181.59,1750760100000,2744
16.472816200000004,105299.0421,105238.2,105332.14,105450.0,105137.98,1750761000000,2852
11.775626410000001,105337.8907,105335.02,105339.02,105400.0,105283.31,1750761900000,2062
26.679743649999995,105343.4138,105356.5,105243.91,105460.0,105213.01,1750762800000,2862
46.83155116,105189.6342,105247.9,105430.05,105430.11,105064.02,1750763700000,3544
35.14670274,105322.6956,105417.9,105229.46,105493.52,105157.9,1750764600000,3048
18.62978889,105272.9832,105231.27,105290.0,105343.34,105206.78,1750765500000,2670
46.380101839999995,105291.7421,105282.6,105284.12,105373.85,105223.67,1750766400000,2920
35.789885229999996,105174.5173,105284.12,105131.37,105330.0,105050.01,1750767300000,3355
49.77937278,105091.3672,105131.36,105256.9,105256.9,105018.9,1750768200000,4120
28.954138989999993,105245.1881,105256.9,105262.41,105375.48,105108.1,1750769100000,3789
33.35239446999999,105255.0463,105270.0,105255.4,105314.9,105128.1,1750770000000,3510
76.33685904000001,105230.9461,105280.19,105155.61,105452.0,105031.02,1750770900000,5397
134.14479978999998,105062.5843,105155.61,105122.18,105360.25,104851.26,1750771800000,6555
88.15709025,105062.4101,105117.03,105134.95,105364.12,104888.51,1750772700000,5608
114.46604822,105175.3268,105121.4,105283.94,105340.87,104985.71,1750773600000,7097
128.53050795000001,105415.2967,105245.9,105451.43,105610.29,105207.08,1750774500000,7221
118.09621159999999,105572.6764,105451.44,105646.9,105717.33,105324.71,1750775400000,6231
158.02343973000004,105591.4658,105647.0,105588.51,105737.96,105400.0,1750776300000,6993
171.3309692,105679.9767,105588.52,105659.5,105812.65,105536.3,1750777200000,6883
88.94226412999998,105684.6996,105650.78,105720.83,105805.75,105569.04,1750778100000,5440
151.86914325,105466.905,105718.44,105308.35,105739.55,105236.16,1750779000000,6451
82.07939866999999,105354.7032,105316.91,105300.0,105548.51,105201.01,1750779900000,5420
52.43085807,105344.1186,105287.0,105313.59,105504.01,105234.99,1750780800000,4382
67.02007198,105428.6342,105313.9,105466.07,105561.11,105279.54,1750781700000,4346
193.97831249,105604.4467,105467.4,105877.57,105947.6,105440.27,1750782600000,5751
290.87006883,106070.8526,105880.1,106284.58,106343.47,105792.57,1750783500000,8676
145.07321768999998,106179.2498,106290.0,105998.93,106366.29,105953.86,1750784400000,6602
123.75129102999999,105908.8107,105998.93,105735.98,106092.74,105675.66,1750785300000,5836
70.25154875000001,105863.8074,105735.97,106120.95,106136.39,105700.03,1750786200000,4798
79.87886113,106138.1071,106118.66,106123.58,106246.96,106033.13,1750787100000,4945
80.05826787999999,106034.8445,106100.0,105941.88,106170.47,105936.77,1750788000000,4479
137.08952942000002,105795.9478,105941.88,105906.23,106010.0,105696.6,1750788900000,4771
44.69294387,105805.8231,105906.69,105791.33,105954.7,105735.0,1750789800000,3945
88.49580496,105734.0821,105791.33,105584.69,105895.78,105583.97,1750790700000,4269
156.09645114,105495.8508,105633.7,105432.17,105670.0,105368.45,1750791600000,5936
76.81737145999999,105527.1576,105432.17,105525.53,105618.87,105428.4,1750792500000,3699
98.34924286000002,105604.4453,105525.53,105517.88,105727.0,105477.2,1750793400000,4578
132.93889663,105484.7646,105516.01,105710.77,105744.01,105330.0,1750794300000,5137
33.47790005,105610.7522,105696.5,105530.09,105730.0,105500.0,1750795200000,3586
113.02615344000002,105696.1657,105550.1,105886.79,105921.69,105518.2,1750796100000,5781
103.16603512,105890.4659,105879.65,105954.07,106019.09,105797.48,1750797000000,6992
74.70651823,106076.7336,105960.0,106145.66,106178.39,105938.6,1750797900000,5485
64.23649832000001,105979.263,106100.0,105886.16,106159.15,105779.8,1750798800000,5501
49.18255188,106035.3725,105886.15,106097.7,106142.04,105881.92,1750799700000,4729
55.6070499,105993.65,106035.16,105971.99,106110.0,105874.0,1750800600000,4671
92.79524901000003,106051.1843,105984.0,106032.0,106168.96,105977.32,1750801500000,5888
58.878798440000004,105935.5515,106033.75,105931.56,106050.0,105784.63,1750802400000,5251
40.3566613,105918.7906,105931.57,105999.99,106031.24,105847.72,1750803300000,4192
16.40026629,105925.1456,105926.4,105975.8,106017.43,105861.47,1750804200000,3330
29.431051439999994,106011.2134,105975.32,106069.4,106097.12,105941.54,1750805100000,3421
32.54005299,105953.0584,106069.4,105916.16,106088.77,105870.34,1750806000000,3491
22.94269601,105873.9259,105916.15,105891.28,105940.0,105820.01,1750806900000,2960
26.771685,105915.3004,105891.27,105957.83,105999.25,105850.0,1750807800000,3085
53.96835917,105999.9475,105957.82,106141.0,106157.7,105910.4,1750808700000,3123
96.34618125999998,106240.8376,106100.0,106486.73,106499.0,106069.04,1750809600000,4749
47.203645400000006,106287.0777,106486.6,106224.34,106499.0,106149.42,1750810500000,4043
50.493063140000004,105995.306,106224.34,106011.81,106233.19,105875.0,1750811400000,3607
79.49774871000001,106308.2723,106011.82,106451.89,106550.0,105962.5,1750812300000,4793
42.86913013,106438.9714,106400.0,106466.79,106522.11,106349.47,1750813200000,4340
123.75270436000002,106398.6468,106467.7,106208.58,106672.06,106094.61,1750814100000,5548
54.64119890999999,106302.4002,106207.68,106481.74,106500.0,106074.24,1750815000000,3756
28.57909757,106402.7934,106481.74,106447.15,106488.92,106310.29,1750815900000,3104
100.32740774999999,106657.8283,106442.4,106796.34,106839.99,106356.01,1750816800000,5528
74.99156973999999,106720.2157,106773.2,106603.39,106865.31,106600.0,1750817700000,4325
32.17157912,106601.783,106603.94,106587.99,106672.96,106519.95,1750818600000,3997
20.967451410000002,106598.2071,106588.0,106537.56,106767.44,106480.34,1750819500000,3385
32.83626362,106550.3431,106505.1,106600.01,106672.0,106380.0,1750820400000,3236
25.131144499999994,106594.7569,106600.01,106538.2,106660.0,106507.9,1750821300000,2781
18.39844817,106471.6962,106538.2,106355.33,106599.9,106355.28,1750822200000,2380
39.41158179,106360.3817,106355.33,106301.44,106428.23,106282.0,1750823100000,2880
51.60481296999999,106307.0914,106290.1,106240.11,106396.45,106223.53,1750824000000,7847
19.50983575,106278.1329,106240.1,106323.66,106346.22,106224.17,1750824900000,3226
25.824795260000002,106177.7345,106323.61,106122.4,106328.08,106094.29,1750825800000,2335
33.23333327,106193.4694,106122.39,106256.06,106291.4,106055.7,1750826700000,2539
20.334928110000003,106249.8936,106244.4,106232.12,106341.31,106178.74,1750827600000,2272
19.04783281,106171.482,106232.13,106213.33,106232.13,106090.88,1750828500000,2014
21.300361229999996,106309.7003,106150.1,106366.7,106464.1,106150.0,1750829400000,2114
27.00708547,106317.5494,106366.7,106270.77,106424.16,106263.92,1750830300000,1995
16.904455579999997,106247.9505,106273.6,106237.87,106350.18,106183.4,1750831200000,2511
20.133766689999998,106381.2231,106237.87,106450.27,106489.94,106204.5,1750832100000,2127
17.96098093,106462.758,106432.5,106499.29,106522.74,106349.47,1750833000000,1949
29.247467730000004,106449.5003,106499.28,106460.71,106501.08,106426.08,1750833900000,1886
26.4565197,106420.2061,106437.9,106437.25,106495.0,106373.42,1750834800000,2272
17.95795784,106566.6833,106380.1,106678.8,106693.62,106380.0,1750835700000,2279
96.71841919,106721.3429,106668.7,106730.57,106773.6,106592.0,1750836600000,2857
25.37427485,106704.6386,106730.57,106657.35,106771.22,106632.01,1750837500000,2366
11.82230786,106639.8104,106683.7,106694.18,106715.39,106576.01,1750838400000,1933
112.2477658,106549.2228,106628.1,106517.39,106735.9,106460.0,1750839300000,2484
19.96848203,106439.5195,106519.23,106438.51,106523.7,106390.0,1750840200000,1720
29.562933819999998,106530.1757,106438.51,106600.0,106688.0,106370.0,1750841100000,2328
73.28090841000001,106854.0357,106620.0,106882.55,106959.3,106600.0,1750842000000,3692
41.56146404,106930.8748,106887.43,106919.62,106979.93,106870.0,1750842900000,2879
97.69221802000001,106831.6589,106924.37,106574.08,107035.04,106500.0,1750843800000,3999
29.614807770000002,106640.2051,106574.15,106706.82,106715.26,106500.0,1750844700000,2623
40.043726330000005,106733.4509,106667.0,106783.92,106824.84,106615.79,1750845600000,2971
89.74434138,107074.9223,106783.92,107173.2,107245.83,106750.0,1750846500000,5029
33.885859679999996,107075.4353,107173.2,107058.49,107173.2,106964.61,1750847400000,2905
124.05913926,107101.3658,107051.5,107190.29,107191.56,106971.69,1750848300000,3574
62.59671224,107091.3991,107148.2,107009.62,107199.99,106980.0,1750849200000,3096
116.17308221999998,106939.3122,107010.57,107030.19,107065.15,106828.3,1750850100000,3378
131.99400240999998,107210.9564,107000.0,107252.62,107393.5,106970.0,1750851000000,3958
52.305174380000004,107226.6253,107252.62,107252.04,107286.5,107170.0,1750851900000,3281
62.36103286000001,107163.92,107246.0,107090.82,107260.62,107050.0,1750852800000,4017
96.91842369999999,107054.9844,107090.81,107070.23,107150.29,106940.0,1750853700000,3989
55.77202599,107121.6046,107069.87,107134.01,107214.9,106980.0,1750854600000,3177
73.94487319,107229.7437,107134.01,107291.51,107343.35,107099.5,1750855500000,4041
101.84907858999999,107377.294,107237.6,107469.29,107500.0,107206.06,1750856400000,5333
305.8061843600001,107735.2841,107469.29,107935.41,107976.11,107400.0,1750857300000,10540
203.09638421,107882.5864,107904.4,107910.0,108100.85,107560.0,1750858200000,9099
242.13899536999998,108002.8386,107912.42,107995.47,108184.86,107720.0,1750859100000,9130
231.25090991,108069.8113,107996.6,107978.67,108206.0,107860.0,1750860000000,9159
314.15920875000006,107602.5099,107973.2,107553.4,107978.66,107280.0,1750860900000,10557
147.72739736000003,107757.2599,107553.4,107829.53,107874.11,107530.0,1750861800000,7370
177.33267016,107822.1788,107788.9,107703.0,107962.88,107660.0,1750862700000,7730
264.39383647,107560.2547,107703.0,107585.95,107721.03,107370.0,1750863600000,7313
296.07087469,107251.1602,107585.95,107139.32,107599.99,107070.0,1750864500000,9277
290.46402699,107045.2463,107139.32,106985.61,107223.73,106740.0,1750865400000,9393
151.30166556,107122.2049,106985.61,107101.15,107284.53,106921.1,1750866300000,6644
161.86464545,107349.8135,107087.0,107448.82,107448.82,107060.0,1750867200000,7382
206.97179433,107486.1996,107360.0,107407.56,107593.16,107330.0,1750868100000,9461
116.09364592,107315.5947,107407.56,107262.44,107456.01,107160.0,1750869000000,6354
82.77800076999999,107154.3948,107262.44,107213.41,107262.44,107020.0,1750869900000,5720
136.42089921000002,107270.398,107199.0,107459.79,107500.01,107140.0,1750870800000,6695
145.68303718,107535.2412,107459.79,107419.07,107611.36,107380.0,1750871700000,6630
162.29309908000005,107246.2234,107419.08,107070.2,107467.5,106940.0,1750872600000,7061
144.84490959000001,107232.3064,107070.2,107465.34,107500.0,107000.0,1750873500000,6156
121.84864836000001,107460.9398,107418.0,107548.23,107578.54,107310.0,1750874400000,6248
143.22097845000005,107502.4474,107539.62,107505.83,107599.05,107380.0,1750875300000,6603
101.47803904,107458.3618,107467.5,107514.62,107585.61,107200.0,1750876200000,6017
111.4021768,107489.2167,107514.62,107406.9,107621.78,107370.0,1750877100000,5669
185.83879660999997,107675.6218,107406.9,107773.26,107832.89,107406.8,1750878000000,8849
286.07722530999996,107854.8268,107773.26,107943.1,107993.02,107650.0,1750878900000,10587
182.83022922999996,107748.9888,107943.09,107747.77,107952.46,107600.0,1750879800000,7617
223.16434886000002,107794.0447,107747.77,107836.0,107909.93,107650.0,1750880700000,8403
128.32178651,107680.4819,107834.02,107690.47,107835.76,107540.0,1750881600000,6387
124.28350570999997,107719.7396,107689.47,107754.89,107797.85,107600.0,1750882500000,6672
105.49244894999998,107804.7045,107754.9,107735.01,107917.43,107650.0,1750883400000,5788
60.59170722,107849.1248,107735.0,107846.37,107943.88,107670.0,1750884300000,5822
88.52771966000002,107875.1239,107844.23,107630.0,108091.8,107630.0,1750885200000,7056
48.35124756,107682.5772,107649.11,107617.47,107770.0,107570.0,1750886100000,5577
61.189711560000006,107613.8057,107629.0,107541.12,107712.64,107490.0,1750887000000,5565
34.08231604,107552.2404,107541.13,107616.9,107659.55,107490.0,1750887900000,3279
50.15738016,107488.5852,107617.0,107521.82,107641.22,107360.0,1750888800000,4375
27.518618609999997,107471.3149,107521.81,107433.1,107539.85,107390.0,1750889700000,3637
34.33021691999999,107372.9684,107443.5,107377.51,107447.14,107260.0,1750890600000,3666
34.406053920000005,107318.464,107377.52,107346.74,107387.45,107260.0,1750891500000,3479
102.14475859,107233.5645,107336.1,107378.0,107381.71,107100.0,1750892400000,5160
29.44603586,107366.6517,107376.95,107275.45,107454.75,107190.0,1750893300000,3891
15.245089790000002,107278.6883,107275.45,107266.29,107325.64,107190.0,1750894200000,3339
74.22433751000001,107277.0885,107266.3,107400.22,107434.76,107180.0,1750895100000,4052
47.64920583,107480.1607,107360.0,107574.92,107592.53,107330.0,1750896000000,3710
49.677244030000004,107590.6319,107574.92,107499.99,107682.38,107430.0,1750896900000,3836
32.10162103999999,107435.3134,107500.0,107412.02,107510.33,107340.0,1750897800000,3728
30.574175309999998,107422.2556,107412.02,107310.0,107536.53,107280.0,1750898700000,4125
23.893787730000003,107324.1559,107389.61,107314.56,107389.61,107240.0,1750899600000,4027
38.75648019,107287.4185,107328.2,107509.49,107522.82,107120.0,1750900500000,3828
84.25672147999998,107714.3331,107509.5,107697.4,107948.53,107360.0,1750901400000,6161
54.86057629999999,107700.3031,107683.75,107696.21,107777.77,107570.0,1750902300000,4026
59.88945957999999,107889.8445,107696.21,107852.14,108019.32,107670.0,1750903200000,4699
23.81835095,107874.9997,107852.14,107848.3,107944.87,107780.0,1750904100000,3357
29.336085570000005,107812.9826,107839.66,107775.7,107884.07,107700.0,1750905000000,3581
80.95366358000001,107882.7474,107798.22,107990.89,108113.72,107610.0,1750905900000,5210
122.80859911999998,108181.8773,107996.6,108047.78,108345.0,107990.0,1750906800000,7141
46.87729322,108004.7385,108047.78,107961.54,108185.14,107840.0,1750907700000,4422
24.38770489,107921.5831,107963.67,107927.27,108007.8,107820.0,1750908600000,3498
29.51175033,107903.9888,107927.27,107928.17,107978.47,107780.0,1750909500000,3477
46.062964830000006,107889.0349,107888.8,107905.85,108026.37,107760.0,1750910400000,3966
18.614887379999995,107861.2721,107905.85,107849.93,107928.59,107800.0,1750911300000,3212
30.237700789999998,107875.1219,107849.94,107834.74,107999.28,107720.0,1750912200000,3740
28.97883046,107809.2281,107834.74,107901.26,107936.78,107720.0,1750913100000,3380
30.606540369999998,107837.0523,107884.3,107873.6,107901.25,107750.0,1750914000000,3197
24.81696273,107805.1192,107855.64,107737.59,107880.33,107710.0,1750914900000,3359
33.7998881,107676.3506,107754.7,107587.85,107754.7,107550.0,1750915800000,3246
11.142414689999999,107621.688,107621.8,107610.0,107690.02,107550.0,1750916700000,2205
26.139440209999997,107709.2275,107624.0,107793.97,107816.13,107560.0,1750917600000,2699
17.10727242,107779.2925,107793.47,107759.52,107836.86,107700.0,1750918500000,2636
18.64043476,107804.4927,107774.1,107800.04,107863.53,107710.0,1750919400000,2408
20.976456319999997,107831.2915,107800.04,107811.44,107889.0,107720.0,1750920300000,2636
36.76316896,107900.8152,107812.6,107897.63,107962.89,107750.0,1750921200000,3864
96.40750035,108015.6135,107897.64,108039.58,108132.24,107830.0,1750922100000,5120
55.41196036999999,108036.0536,108039.58,107990.0,108121.75,107930.0,1750923000000,4354
61.84569946,108015.1615,108025.9,107890.24,108160.38,107840.0,1750923900000,4702
42.36182074999999,108024.3772,107925.1,108153.93,108154.78,107830.0,1750924800000,3689
89.22017298000002,108003.0044,108153.94,107917.62,108238.78,107810.0,1750925700000,6368
36.52613639000001,107878.4736,107917.62,107877.15,108015.99,107740.0,1750926600000,3503
24.451665900000002,107840.0682,107877.15,107818.87,107899.79,107780.0,1750927500000,3057
121.89117697999998,107578.7384,107850.1,107368.59,107855.88,107280.0,1750928400000,6152
27.825353049999993,107495.6535,107373.78,107479.0,107568.76,107367.01,1750929300000,3075
38.473301420000006,107496.4701,107525.48,107493.15,107544.28,107400.0,1750930200000,2717
29.95833256,107391.2588,107493.16,107385.02,107509.99,107280.0,1750931100000,2905
36.36454340000001,107410.3992,107379.5,107431.74,107527.35,107270.0,1750932000000,3120
28.224405710000003,107357.1299,107431.73,107393.81,107431.73,107260.0,1750932900000,3061
27.773843210000003,107404.9612,107397.97,107405.01,107447.86,107300.0,1750933800000,2715
26.70441682,107434.7283,107405.0,107439.57,107496.24,107320.0,1750934700000,2974
20.986383479999997,107410.7274,107402.0,107405.15,107467.5,107320.0,1750935600000,3042
48.45493845,107264.2525,107405.15,107240.85,107407.19,107190.0,1750936500000,3188
31.124269199999997,107239.8783,107240.85,107205.11,107295.94,107170.0,1750937400000,3177
33.64150196,107336.1187,107205.11,107374.17,107427.6,107140.0,1750938300000,3964
54.19386911,107368.3726,107383.3,107290.36,107481.33,107230.0,1750939200000,4059
47.546469,107218.9393,107250.0,107241.4,107354.8,107070.0,1750940100000,3787
84.89963119999999,107241.0062,107241.4,107354.26,107385.44,107060.0,1750941000000,4437
19.454193220000004,107251.0747,107354.26,107161.82,107364.45,107140.0,1750941900000,3344
57.495376620000016,107141.7507,107161.81,107088.95,107266.84,107020.0,1750942800000,4312
88.73969236999999,107107.4299,107088.95,107163.1,107185.8,107020.0,1750943700000,4970
132.91690986,107177.6543,107163.1,107280.31,107401.37,107030.0,1750944600000,7036
153.90852876999998,107017.3373,107280.31,106967.5,107366.26,106800.0,1750945500000,6302
158.38297176,107079.1057,106989.85,107077.98,107244.45,106900.0,1750946400000,5826
99.92170754999998,107160.1818,107053.6,107284.29,107344.68,106960.0,1750947300000,5936
234.31635949,107619.8665,107284.29,107695.89,107784.9,107200.0,1750948200000,9354
90.63366806,107624.4567,107690.6,107494.52,107823.59,107400.0,1750949100000,5180
57.13006973,107468.3149,107496.91,107337.73,107587.7,107310.0,1750950000000,4721
105.17991951000002,107294.0834,107337.73,106972.63,107464.79,106900.0,1750950900000,6043
175.52465092000006,106853.9836,106978.0,106965.97,107100.65,106520.0,1750951800000,7865
81.90814264,107187.7955,106965.97,107366.24,107388.71,106930.0,1750952700000,5410
62.98435895000001,107341.7691,107311.8,107277.04,107468.09,107150.0,1750953600000,5367
52.707796589999994,107174.0064,107277.03,107279.71,107352.77,107040.0,1750954500000,4837
82.34246909999999,107207.4389,107277.6,107212.41,107339.35,107090.0,1750955400000,5409
37.86529349,107182.3794,107212.41,107214.4,107260.72,107030.0,1750956300000,4750
57.9525833,107390.6245,107258.08,107275.37,107489.83,107160.0,1750957200000,5426
58.05060042,107348.5748,107275.38,107394.3,107440.35,107250.0,1750958100000,4849
41.15602195,107364.6391,107394.3,107329.84,107445.0,107250.0,1750959000000,4504
81.83502782000001,107323.5558,107329.85,107245.29,107396.8,107170.0,1750959900000,5337
60.03813131999999,107444.9759,107240.7,107581.2,107654.74,107160.0,1750960800000,5580
80.05844588000001,107483.6203,107603.85,107337.89,107640.69,107300.0,1750961700000,4337
28.51540489,107301.629,107337.89,107387.58,107398.87,107210.0,1750962600000,3673
30.352980830000003,107374.7392,107387.79,107433.0,107462.13,107260.04,1750963500000,3794
58.63067565,107443.9499,107390.0,107404.9,107560.7,107355.58,1750964400000,4870
86.16435455,107536.7831,107404.9,107499.24,107611.12,107370.0,1750965300000,4911
84.77655827999999,107620.8952,107499.24,107643.53,107677.51,107490.0,1750966200000,5919
109.79284771,107630.543,107643.53,107584.79,107723.31,107530.0,1750967100000,6648
125.63513291,107580.5486,107584.75,107600.72,107704.03,107497.2,1750968000000,5600
86.27310344000001,107637.3794,107600.71,107668.82,107724.99,107568.39,1750968900000,4665
164.74243511,107898.1037,107668.83,108000.68,108005.39,107610.0,1750969800000,6340
98.09153118,107853.9635,108000.42,107829.87,108058.94,107734.63,1750970700000,4812
83.52642339,107663.8578,107802.6,107451.91,107851.84,107400.0,1750971600000,5642
98.63558577,107311.3231,107449.03,107300.01,107500.0,107196.87,1750972500000,6234
137.66205985,107065.9276,107300.0,107011.68,107397.15,106838.41,1750973400000,6980
51.12049634000001,107035.1432,107010.78,107073.3,107165.26,106944.15,1750974300000,4623
82.09836032000001,107158.4699,107073.31,107057.5,107277.56,107000.01,1750975200000,5325
37.59654172,107137.2316,107049.0,107226.99,107297.59,107001.5,1750976100000,4376
32.916494709999995,107119.6168,107212.5,107020.0,107284.06,107000.0,1750977000000,4285
23.27793691,107064.1777,107008.7,107041.56,107163.08,106960.0,1750977900000,3519
62.839306359999995,107004.6301,107076.4,106940.45,107076.4,106910.0,1750978800000,4203
51.58031864000001,107070.1691,106945.39,107061.29,107134.01,106920.0,1750979700000,3784
37.69037123,107042.3397,107061.32,107035.83,107125.59,106973.64,1750980600000,3424
58.30411204,106959.8272,107035.83,107029.64,107035.83,106880.0,1750981500000,3994
33.91353838,107063.0859,107029.63,107070.39,107218.8,106940.0,1750982400000,3754
18.201916960000002,107186.3527,107070.4,107224.63,107243.48,107070.4,1750983300000,3245
44.44471498,107082.1582,107224.66,106987.8,107245.56,106930.0,1750984200000,3911
61.18611252,106811.1033,106987.79,106743.79,107000.0,106650.0,1750985100000,3745
124.34692688999999,106669.5555,106747.2,106948.1,107018.23,106370.0,1750986000000,5594
33.6025543,106986.3418,106948.0,107060.25,107126.24,106866.69,1750986900000,3692
30.184167200000005,107115.5801,107060.26,107145.26,107182.42,107019.9,1750987800000,3235
41.273115110000006,107189.7054,107124.0,107175.34,107277.71,107072.41,1750988700000,3720
53.08423239000001,107189.9178,107175.35,107275.54,107293.79,107100.01,1750989600000,3558
57.13657468,107311.557,107275.53,107255.75,107347.46,107222.5,1750990500000,3942
21.086815890000004,107293.5432,107259.29,107306.41,107338.7,107240.0,1750991400000,2840
12.84657121,107310.0614,107300.71,107304.04,107345.32,107258.21,1750992300000,2740
35.06609071,107325.6288,107300.0,107285.0,107400.0,107217.96,1750993200000,3135
29.044653389999993,107327.1792,107230.0,107391.43,107412.75,107217.95,1750994100000,2425
51.79763263999999,107480.0028,107391.43,107512.24,107569.29,107362.2,1750995000000,2994
22.431067829999996,107548.9895,107512.23,107538.51,107584.24,107500.0,1750995900000,2305
26.265767420000003,107514.6594,107533.7,107486.84,107565.02,107455.82,1750996800000,2902
22.878094720000004,107457.0826,107479.0,107480.65,107497.46,107418.11,1750997700000,2878
28.92295762,107500.1007,107480.69,107523.44,107568.79,107444.78,1750998600000,2647
38.36818445,107600.5808,107523.44,107563.8,107643.37,107523.44,1750999500000,2642
15.042467620000004,107575.1282,107598.9,107585.02,107618.24,107540.83,1751000400000,2309
33.597638769999996,107460.5729,107585.02,107413.2,107597.36,107355.0,1751001300000,2818
40.77738282,107397.835,107413.2,107399.75,107450.07,107355.44,1751002200000,2976
8.64884344,107382.7555,107395.8,107322.6,107431.44,107322.6,1751003100000,1849
10.02143969,107330.9639,107325.1,107419.51,107427.9,107258.2,1751004000000,2542
12.17531837,107368.5995,107420.4,107329.5,107449.0,107275.02,1751004900000,2357
9.230267009999999,107361.6249,107329.6,107383.08,107420.68,107290.4,1751005800000,1758
22.40565928,107376.8682,107388.04,107331.48,107429.61,107313.88,1751006700000,2223
19.955493110000003,107450.8738,107367.9,107562.87,107567.94,107325.0,1751007600000,2124
87.54944166,107685.0756,107562.86,107410.59,107804.2,107368.09,1751008500000,4112
350.71339391,107224.0365,107402.83,107040.69,107422.49,107023.85,1751009400000,11461
357.18549464,107015.2828,107040.71,106962.68,107092.21,106924.87,1751010300000,7296
52.940762709999994,106987.791,106962.09,106955.64,107100.0,106884.17,1751011200000,3088
27.5167093,106865.1127,106955.64,106774.96,106955.64,106771.85,1751012100000,2524
42.63393135999999,106805.4642,106774.96,106840.0,106904.68,106720.0,1751013000000,2884
28.191062369999997,107027.548,106869.42,107053.45,107155.14,106817.8,1751013900000,2901
23.714951409999998,106954.4084,107053.45,106859.61,107066.35,106837.89,1751014800000,2476
29.99418289,106935.3351,106859.61,106886.23,106994.82,106847.68,1751015700000,2392
35.27814006,107065.4901,106886.22,107091.84,107140.21,106886.22,1751016600000,2989
28.30910259,107128.5755,107086.0,107139.96,107187.32,107060.0,1751017500000,2541
40.39744863,107124.5785,107135.9,107065.8,107213.4,107005.85,1751018400000,2981
42.13383237000001,107097.5862,107065.79,107048.14,107175.87,107003.79,1751019300000,2692
28.22317424,107077.3185,107048.14,107053.87,107138.45,107018.9,1751020200000,2657
70.44433127,107072.3549,107053.87,107037.95,107119.47,107000.0,1751021100000,2976
21.778723179999997,107052.0893,107059.6,107050.8,107086.88,107020.0,1751022000000,2395
58.79804274999999,107032.9409,107050.79,106966.12,107187.89,106924.72,1751022900000,3021
27.35466915,107014.7984,106966.12,107037.96,107060.32,106964.24,1751023800000,2545
26.127048879999997,107024.1365,107037.96,106975.3,107071.8,106947.76,1751024700000,2419
49.75919065,107001.9123,106975.3,107007.79,107068.11,106962.75,1751025600000,3156
106.67809883,107052.3395,107007.79,107209.83,107238.96,106899.93,1751026500000,4135
117.23565477999999,106943.1232,107209.82,106792.8,107210.4,106760.0,1751027400000,5692
96.84877322999999,106777.1817,106792.79,106721.57,106921.38,106644.81,1751028300000,4582
72.67201565,106767.5637,106672.3,106821.37,106872.12,106648.0,1751029200000,4415
99.33229530000001,106782.3344,106821.37,106741.04,106879.14,106698.1,1751030100000,4446
180.33725585,106852.3683,106741.04,106889.5,107044.94,106688.0,1751031000000,7284
145.81684719,106671.8277,106889.5,106867.42,106910.0,106413.79,1751031900000,7154
287.20341037,106969.8993,106867.43,106761.77,107169.05,106757.28,1751032800000,9064
162.73657203999997,106657.7459,106761.77,106553.02,106821.36,106464.87,1751033700000,6775
168.61123861000002,106555.5564,106559.1,106608.11,106744.02,106427.36,1751034600000,7461
159.54788279000002,106597.6515,106574.0,106630.6,106711.98,106490.72,1751035500000,7420
125.55925594,106626.963,106571.3,106636.48,106767.17,106541.24,1751036400000,5849
93.84217708999999,106710.1581,106645.61,106846.89,106853.36,106536.01,1751037300000,5283
179.26654806999997,107079.9006,106846.89,107242.1,107318.95,106810.0,1751038200000,7389
108.36913150999999,107283.5864,107242.1,107385.92,107488.91,107112.1,1751039100000,6163
118.43994807,107353.8859,107382.2,107247.96,107455.82,107203.58,1751040000000,7151
106.00527609000001,107266.7321,107247.96,107356.95,107423.0,107151.13,1751040900000,6668
196.76090420999995,107575.1575,107356.96,107506.49,107800.0,107320.0,1751041800000,8284
137.86281691999997,107517.4266,107506.48,107530.36,107639.21,107430.0,1751042700000,6343
48.751181190000004,107349.4382,107530.35,107255.82,107557.9,107227.56,1751043600000,4708
160.87506519000002,107139.495,107255.82,107050.0,107344.7,106961.16,1751044500000,5006
80.12847979,106981.3164,107029.33,106803.05,107100.0,106803.05,1751045400000,4924
195.91644803999995,106651.8733,106803.04,106914.62,106977.36,106500.0,1751046300000,7668
83.15119297,106948.0738,106948.0,106858.31,107051.97,106842.45,1751047200000,5539
117.39248822,106830.3971,106858.3,106742.73,106987.87,106650.5,1751048100000,5779
156.03686335000003,106639.3925,106773.4,106613.49,106773.4,106488.1,1751049000000,5795
50.00310606000001,106662.8382,106613.5,106771.06,106773.3,106532.5,1751049900000,4557
94.87649471,106819.0413,106765.78,106915.67,106954.72,106642.88,1751050800000,5149
102.26760001,106857.6966,106915.67,106845.04,106937.0,106765.29,1751051700000,4750
139.50063329,106816.6204,106845.04,106869.42,106894.05,106750.0,1751052600000,5069
232.12781483999998,106968.9963,106869.41,106851.43,107081.13,106845.51,1751053500000,6620
113.89969984000001,107016.774,106849.52,107076.58,107160.0,106830.42,1751054400000,5105
43.174588459999995,107100.808,107076.59,107090.5,107170.06,107051.0,1751055300000,3957
51.500361440000006,107135.4806,107090.5,107176.3,107183.71,107047.94,1751056200000,4561
41.521526359999996,107151.9357,107177.32,107183.0,107210.66,107045.03,1751057100000,3738
58.351974919999996,107233.0975,107152.6,107221.45,107303.7,107130.0,1751058000000,4084
31.823784970000002,107179.1118,107221.45,107231.0,107257.33,107082.33,1751058900000,3919
44.399683900000014,107235.4139,107231.0,107160.83,107330.65,107141.8,1751059800000,3928
18.525349090000002,107183.4928,107160.84,107105.71,107230.88,107105.7,1751060700000,2955
15.75155161,107182.7266,107137.1,107230.04,107239.84,107102.16,1751061600000,3400
14.26114636,107244.0723,107230.03,107244.49,107273.92,107177.2,1751062500000,3418
35.48425413000001,107217.748,107238.0,107191.7,107244.49,107168.99,1751063400000,3354
13.71161666,107170.2043,107180.1,107165.14,107200.0,107153.03,1751064300000,2706
23.197291259999993,107154.6416,107161.6,107213.4,107247.51,107093.89,1751065200000,3290
28.12066035,107113.1579,107213.4,107067.7,107213.4,107030.0,1751066100000,2842
34.79457647,107044.4156,107067.69,107042.0,107094.99,107010.5,1751067000000,3108
24.434015310000003,107096.4846,107044.02,107113.38,107123.06,107030.0,1751067900000,2712
33.1606282,106990.2076,107119.17,106911.43,107125.0,106908.43,1751068800000,4275
22.48768864,106990.6698,106911.43,107021.93,107040.08,106906.61,1751069700000,2974
22.084261599999998,107076.6707,107021.93,107128.71,107144.29,106993.93,1751070600000,3325
32.3708112,107173.0945,107135.25,107113.55,107233.47,107076.3,1751071500000,3088
16.65883501,107045.0896,107119.3,106975.74,107140.0,106975.73,1751072400000,2964
18.828576039999998,106939.7068,107040.1,106905.3,107040.1,106868.94,1751073300000,3416
24.41221112,106951.9584,106905.3,107059.14,107065.32,106886.48,1751074200000,3017
28.495143239999997,107103.7892,107059.15,107129.44,107190.85,107020.0,1751075100000,2663
20.1936828,107118.5795,107129.44,107123.71,107169.5,107062.31,1751076000000,2699
19.20110725,107193.2294,107123.72,107235.0,107235.0,107111.44,1751076900000,2382
16.09049703,107230.4858,107235.0,107209.87,107255.53,107180.0,1751077800000,2561
10.87628709,107178.0585,107209.87,107164.89,107226.1,107156.81,1751078700000,1930
9.815167090000001,107161.7458,107214.6,107141.3,107214.6,107141.3,1751079600000,2060
9.41948206,107217.6941,107177.5,107236.44,107253.69,107141.3,1751080500000,2216
16.902617329999998,107270.946,107236.43,107283.83,107285.12,107200.0,1751081400000,2250
28.061543029999996,107346.4507,107283.83,107347.24,107400.0,107237.9,1751082300000,2595
26.385782629999998,107341.1154,107350.9,107303.49,107379.05,107303.49,1751083200000,2725
17.05508777,107274.6966,107303.49,107294.31,107340.0,107236.29,1751084100000,2189
18.84246223,107265.3779,107294.31,107254.74,107294.31,107245.56,1751085000000,1779
6.14738836,107254.7432,107254.74,107248.06,107281.9,107238.95,1751085900000,1495
15.206461359999999,107312.4791,107253.5,107349.18,107370.89,107246.84,1751086800000,1956
9.921399509999999,107340.6343,107349.18,107329.42,107366.73,107310.0,1751087700000,1528
18.807624219999994,107337.8818,107340.4,107332.4,107362.62,107316.33,1751088600000,2294
7.193561829999999,107335.7283,107332.5,107355.61,107362.5,107307.68,1751089500000,1625
14.17100668,107395.5681,107342.1,107424.9,107448.42,107340.0,1751090400000,1902
10.16898745,107455.7209,107445.35,107500.0,107500.0,107420.0,1751091300000,1445
11.211558,107466.4802,107448.8,107464.44,107500.0,107447.86,1751092200000,1630
8.41719799,107458.164,107464.9,107477.07,107484.97,107420.0,1751093100000,1654
8.340795430000002,107474.0835,107448.8,107477.95,107492.24,107430.0,1751094000000,1471
8.52450888,107489.652,107477.95,107512.33,107512.34,107440.0,1751094900000,1153
15.944542210000002,107505.0134,107512.34,107534.54,107544.24,107450.0,1751095800000,1688
9.33547507,107531.3867,107534.54,107540.37,107562.01,107475.0,1751096700000,1053
15.935601489999998,107484.241,107475.1,107449.49,107567.86,107449.49,1751097600000,1663
14.955375429999998,107485.1549,107449.49,107481.28,107536.51,107410.0,1751098500000,1466
13.214267499999998,107454.5272,107481.29,107443.0,107490.5,107420.0,1751099400000,1285
16.711149279999997,107434.5188,107434.62,107439.9,107447.55,107386.4,1751100300000,1418
10.706548399999997,107393.4406,107386.5,107373.73,107439.9,107346.8,1751101200000,1776
12.66664418,107361.7543,107373.73,107384.57,107385.02,107339.5,1751102100000,1597
12.68979192,107362.4566,107384.56,107345.11,107384.57,107330.65,1751103000000,1306
7.6975766199999995,107363.0852,107332.9,107368.78,107376.87,107332.4,1751103900000,1675
7.82680456,107378.9047,107343.8,107380.0,107396.21,107343.8,1751104800000,997
25.08509081,107366.5886,107379.99,107346.9,107439.85,107346.8,1751105700000,1300
17.8562371,107378.8239,107395.01,107361.36,107431.74,107310.0,1751106600000,1354
34.20901679999999,107332.3247,107361.36,107330.65,107361.36,107309.1,1751107500000,1529
5.11397275,107336.8438,107309.2,107331.91,107354.53,107309.1,1751108400000,1340
7.1843331,107345.3293,107331.9,107362.87,107362.87,107309.1,1751109300000,1462
12.664263680000001,107366.6818,107362.86,107402.12,107404.64,107310.0,1751110200000,1565
21.446113060000002,107384.9564,107379.7,107430.78,107434.49,107340.0,1751111100000,1674
13.121025230000003,107414.0434,107405.5,107411.4,107434.5,107340.0,1751112000000,1399
9.25824824,107361.1992,107407.56,107331.3,107411.4,107328.1,1751112900000,1102
7.70673399,107362.4321,107331.2,107384.27,107384.28,107330.0,1751113800000,1307
9.404092890000001,107391.1277,107384.28,107394.66,107419.97,107330.0,1751114700000,2170
10.45433066,107398.8481,107353.4,107381.91,107421.21,107330.0,1751115600000,1495
14.264667200000002,107310.7539,107381.91,107239.69,107383.91,107217.7,1751116500000,1918
20.44283121,107176.6732,107233.1,107173.2,107248.13,107131.2,1751117400000,1904
14.100398840000002,107155.7735,107173.21,107140.0,107183.61,107131.9,1751118300000,1675
14.17962821,107175.8584,107170.0,107239.69,107239.7,107130.0,1751119200000,2511
16.53058231,107275.9839,107223.2,107286.62,107320.0,107200.0,1751120100000,2003
10.016892969999999,107279.1881,107286.61,107271.08,107317.44,107254.67,1751121000000,1559
13.813840469999999,107257.6077,107255.9,107262.75,107273.17,107241.0,1751121900000,1927
11.48070195,107281.5945,107243.0,107299.62,107302.88,107240.0,1751122800000,2042
17.34068393,107281.0313,107299.63,107259.83,107302.77,107245.3,1751123700000,1561
15.70846543,107296.3098,107259.83,107345.33,107345.33,107259.83,1751124600000,2077
85.00417224,107404.6908,107345.33,107506.75,107596.13,107290.0,1751125500000,3654
20.849722380000003,107510.6943,107518.4,107480.93,107578.35,107439.8,1751126400000,3081
22.549011,107404.1151,107480.93,107384.18,107480.96,107319.0,1751127300000,2534
20.86320148,107424.3586,107365.1,107355.07,107517.54,107318.44,1751128200000,2954
17.921855790000002,107330.6167,107355.06,107355.98,107363.42,107302.01,1751129100000,2275
13.435406910000001,107368.845,107310.3,107414.83,107428.29,107310.2,1751130000000,2154
11.693881979999999,107381.5211,107414.83,107381.02,107418.05,107338.8,1751130900000,1857
18.01269961,107430.0286,107381.02,107418.9,107486.46,107359.3,1751131800000,2520
23.715955429999998,107530.8865,107469.43,107501.3,107599.81,107418.9,1751132700000,3514
12.978941500000001,107459.9841,107501.3,107477.2,107515.06,107425.1,1751133600000,2708
44.10917156,107450.7159,107477.2,107400.03,107501.26,107390.47,1751134500000,2268
179.46969312000002,107292.5779,107400.03,107337.45,107441.4,107064.0,1751135400000,2044
9.097065809999998,107328.0412,107337.45,107388.01,107391.6,107295.0,1751136300000,1877
16.36070821,107348.104,107295.1,107351.43,107389.75,107295.0,1751137200000,1605
9.09690528,107375.4082,107351.43,107354.8,107403.56,107331.0,1751138100000,2060
14.596467150000002,107332.7711,107354.8,107331.0,107365.85,107300.2,1751139000000,2205
9.02041994,107305.398,107311.35,107277.8,107331.1,107277.7,1751139900000,1342
13.146713520000002,107263.116,107277.8,107239.67,107280.61,107221.44,1751140800000,1625
12.66844365,107239.9655,107239.66,107283.92,107283.94,107198.06,1751141700000,2151
30.790897909999998,107255.4347,107283.93,107234.4,107283.93,107206.2,1751142600000,2906
15.953230129999998,107245.2949,107234.4,107221.45,107272.97,107206.2,1751143500000,1840
15.03851796,107251.6793,107206.3,107243.28,107283.93,107206.2,1751144400000,2193
23.20510757,107248.057,107243.3,107311.16,107318.3,107222.5,1751145300000,2261
21.375261879999996,107309.1478,107311.15,107280.7,107351.36,107246.0,1751146200000,2535
20.85708893,107338.9182,107327.1,107392.02,107416.18,107279.44,1751147100000,2529
18.816126569999998,107375.3399,107392.02,107311.7,107432.55,107311.68,1751148000000,3145
12.909378819999999,107345.6467,107311.69,107352.2,107371.95,107311.69,1751148900000,2224
26.490432140000003,107357.3594,107337.8,107432.46,107432.55,107328.4,1751149800000,2195
14.986136910000003,107392.6316,107432.45,107411.5,107432.45,107358.1,1751150700000,2778
14.25165503,107389.7547,107360.0,107389.92,107411.5,107359.9,1751151600000,3012
13.451616730000003,107365.9882,107389.91,107370.94,107389.92,107350.0,1751152500000,2561
8.589178560000002,107351.829,107370.94,107347.16,107373.78,107320.0,1751153400000,1710
8.48577545,107350.2987,107347.16,107352.2,107362.85,107320.0,1751154300000,2182
7.74703717,107337.3509,107325.1,107320.03,107370.54,107290.0,1751155200000,1719
33.94554908,107407.0371,107320.02,107468.86,107528.03,107280.0,1751156100000,2526
18.66979464,107443.9113,107468.85,107455.91,107513.2,107390.9,1751157000000,1862
20.612690670000003,107519.8985,107455.92,107513.29,107558.0,107390.9,1751157900000,2447
8.01623456,107482.0387,107500.0,107447.87,107524.98,107433.6,1751158800000,2016
17.392243960000002,107473.7337,107433.1,107473.36,107492.12,107433.0,1751159700000,2072
17.85816472,107450.953,107473.36,107415.01,107482.39,107385.9,1751160600000,1821
15.47898395,107393.9328,107415.0,107371.98,107420.0,107350.2,1751161500000,1778
18.39320292,107296.5935,107371.98,107251.1,107380.0,107228.2,1751162400000,2172
10.76564702,107261.2961,107277.72,107276.09,107298.2,107237.54,1751163300000,1613
15.460918430000001,107317.8062,107276.09,107361.2,107409.05,107240.0,1751164200000,2015
9.01077372,107341.1436,107361.2,107351.25,107370.22,107319.9,1751165100000,1408
7.57048916,107325.1632,107320.0,107333.19,107351.25,107310.0,1751166000000,1522
9.21342969,107329.9657,107333.19,107331.77,107346.75,107300.0,1751166900000,1424
14.0664315,107288.1785,107331.77,107250.67,107341.6,107220.0,1751167800000,1349
6.679492269999999,107261.5136,107250.66,107272.5,107272.52,107228.8,1751168700000,1876
9.83599844,107278.0296,107234.1,107302.87,107302.87,107234.0,1751169600000,1905
5.817815669999999,107288.3629,107302.87,107284.46,107302.87,107260.0,1751170500000,2389
3.65822913,107284.5155,107284.46,107272.2,107295.61,107260.0,1751171400000,3178
5.49253231,107303.1346,107285.4,107321.68,107321.68,107270.0,1751172300000,1930
4.86088248,107300.4109,107321.68,107306.27,107321.68,107270.0,1751173200000,1631
3.0615556299999995,107286.5785,107306.26,107276.02,107306.27,107270.0,1751174100000,1181
9.031819890000001,107275.6968,107276.03,107298.45,107298.45,107251.2,1751175000000,1708
6.598129820000001,107341.5868,107251.3,107357.38,107373.82,107251.2,1751175900000,1401
3.57170196,107364.3812,107278.3,107376.63,107376.64,107278.2,1751176800000,1192
5.677495699999999,107383.229,107376.64,107374.56,107404.84,107330.0,1751177700000,1890
5.13620438,107388.2789,107350.8,107389.11,107399.99,107350.0,1751178600000,1386
8.675424979999999,107411.4006,107389.1,107390.0,107453.68,107350.0,1751179500000,1471
6.77685889,107411.991,107379.4,107379.4,107439.8,107379.3,1751180400000,1402
7.09437858,107392.3186,107407.37,107392.57,107407.37,107370.0,1751181300000,1414
2.9729831200000003,107389.7327,107392.57,107380.75,107396.77,107360.0,1751182200000,896
8.97948923,107391.8607,107379.3,107390.0,107455.92,107350.0,1751183100000,1969
18.037541080000004,107486.1387,107371.5,107499.01,107546.56,107371.4,1751184000000,1622
10.157217380000002,107490.002,107504.9,107503.07,107505.0,107470.0,1751184900000,1133
69.45506062999998,107644.2852,107503.07,107738.03,107770.5,107485.6,1751185800000,2926
17.58673833,107736.7826,107738.03,107736.44,107757.75,107670.0,1751186700000,1498
52.59596202,107765.2718,107706.4,107765.97,107860.3,107666.01,1751187600000,2435
30.33473744,107796.7784,107765.97,107829.32,107845.33,107699.1,1751188500000,1578
56.01105211999999,107921.7287,107785.0,107949.32,107984.43,107785.0,1751189400000,2244
36.6970144,107973.2853,107949.31,107935.42,108000.0,107880.0,1751190300000,2084
82.55782413,108103.3947,107900.1,108181.36,108202.25,107900.0,1751191200000,4175
94.31778662999999,108203.2134,108181.36,108177.92,108326.9,108106.3,1751192100000,4088
43.88553578,108139.373,108167.6,108025.0,108214.54,108025.0,1751193000000,2208
66.19916883999998,108080.9853,108025.01,108191.54,108263.36,107880.0,1751193900000,3024
16.323479340000002,108186.2653,108196.0,108159.36,108225.01,108110.0,1751194800000,1785
42.26886637999999,108201.0973,108159.36,108189.25,108235.44,108120.0,1751195700000,2567
14.440613770000002,108216.8945,108189.24,108244.99,108275.72,108169.0,1751196600000,1915
90.85764928999997,108419.3028,108244.99,108517.46,108518.57,108200.0,1751197500000,3975
41.93831084,108396.1395,108452.3,108209.9,108590.0,108169.0,1751198400000,3371
23.28556507,108292.2484,108218.07,108255.87,108362.85,108199.9,1751199300000,2412
47.40877603,108155.2843,108255.86,108073.89,108270.82,108042.2,1751200200000,2139
33.17660252,108186.0258,108073.89,108232.29,108232.71,108069.2,1751201100000,2307
18.13665887,108211.4179,108215.0,108183.53,108267.42,108157.5,1751202000000,2264
10.93198551,108158.1032,108183.53,108146.84,108190.94,108113.42,1751202900000,1849
28.60626013,108131.8793,108168.7,108183.11,108225.91,108053.0,1751203800000,2185
21.096675280000003,108105.1449,108196.5,108102.96,108225.92,108073.87,1751204700000,2105
12.530233189999999,108156.358,108085.6,108235.35,108242.75,108080.0,1751205600000,2018
35.99764342,108157.2273,108180.0,108126.01,108253.87,108114.4,1751206500000,2397
48.56188381,107941.6781,108126.01,107906.79,108134.0,107790.0,1751207400000,3444
29.854141439999996,107932.168,107938.9,107979.6,108013.18,107831.62,1751208300000,2814
16.950199209999997,107979.2665,107979.59,108033.86,108062.09,107862.34,1751209200000,2649
42.11022227,107982.5195,108033.87,107953.17,108033.87,107900.0,1751210100000,2545
17.18140495,107954.8307,107953.17,107932.04,108000.01,107910.0,1751211000000,2079
36.763080439999996,107770.3571,107932.03,107775.37,107932.03,107676.42,1751211900000,3434
19.18884135,107740.3277,107789.2,107711.49,107822.26,107652.6,1751212800000,3028
56.61559450000001,107643.4523,107711.49,107567.84,107795.28,107488.07,1751213700000,3894
33.728555310000004,107564.7751,107560.1,107518.81,107660.73,107500.47,1751214600000,3149
49.73988093,107466.5917,107571.1,107589.25,107636.38,107350.0,1751215500000,3768
15.201385519999999,107585.6005,107575.9,107593.8,107637.63,107540.0,1751216400000,2460
23.55074743,107522.8134,107593.79,107448.41,107605.37,107430.0,1751217300000,2724
18.22796203,107413.1773,107459.8,107425.0,107480.1,107350.0,1751218200000,2763
16.714091120000003,107456.6175,107425.0,107559.2,107580.4,107370.0,1751219100000,2711
16.81739761,107544.2125,107559.2,107485.77,107589.0,107485.77,1751220000000,2662
26.07221752,107581.1459,107485.78,107576.4,107682.13,107477.25,1751220900000,3272
13.447858970000002,107637.6031,107576.4,107675.01,107689.91,107576.4,1751221800000,2506
24.113461620000002,107718.3613,107675.0,107674.09,107762.29,107630.0,1751222700000,2993
52.98006486999999,107670.4427,107730.1,107579.61,107730.1,107553.63,1751223600000,3071
12.55519069,107565.0492,107579.61,107589.35,107600.0,107520.0,1751224500000,2083
21.75729812,107516.1799,107589.36,107426.03,107600.0,107410.89,1751225400000,2414
16.62127736,107445.2424,107425.6,107431.35,107488.16,107392.3,1751226300000,2747
16.88902269,107425.1438,107450.5,107435.36,107450.5,107400.0,1751227200000,3051
14.011613819999999,107482.1161,107435.36,107507.9,107517.86,107420.0,1751228100000,3386
8.35727367,107486.5462,107507.89,107474.91,107507.9,107448.9,1751229000000,2977
36.14644416,107480.2818,107474.91,107400.38,107504.28,107400.37,1751229900000,3063
109.11808219999999,107397.3519,107449.0,107442.17,107520.4,107290.01,1751230800000,5217
28.84517998,107511.642,107464.4,107563.82,107605.38,107423.4,1751231700000,2861
13.797108759999999,107637.0905,107563.81,107730.65,107753.12,107523.9,1751232600000,2543
17.24927248,107624.2014,107730.64,107588.59,107730.64,107524.29,1751233500000,2159
52.28047108,107756.5609,107588.6,107832.87,107847.55,107560.0,1751234400000,4006
86.61912317,107963.3863,107832.87,108058.87,108072.66,107790.0,1751235300000,4349
80.04265989000001,108098.8322,108000.0,108160.69,108275.03,107856.9,1751236200000,5349
59.57656697000001,108196.6113,108103.2,108122.51,108300.0,108076.2,1751237100000,4674
84.28866118000002,108198.1952,108089.7,108089.98,108300.0,108041.27,1751238000000,4829
95.11276629999999,108294.0583,108089.98,108417.6,108485.43,108049.54,1751238900000,5246
47.20787497999999,108402.9991,108421.13,108341.38,108470.46,108310.0,1751239800000,3580
33.12479269,108399.264,108341.37,108387.2,108452.81,108300.0,1751240700000,2842
113.89771108,108427.1058,108387.3,108494.25,108500.01,108282.11,1751241600000,5381
176.0482505,108575.3121,108494.25,108650.0,108741.53,108405.43,1751242500000,6595
97.36500384,108741.6955,108702.78,108795.53,108800.0,108600.0,1751243400000,4671
105.36151837999999,108775.4625,108795.53,108743.3,108800.0,108663.96,1751244300000,4089
85.52249585,108566.1562,108756.54,108555.03,108756.54,108395.64,1751245200000,4299
40.75260771000001,108662.4289,108530.8,108729.14,108750.0,108510.0,1751246100000,3966
60.35696546,108780.9814,108729.15,108792.59,108800.0,108670.8,1751247000000,3438
87.31295644000001,108737.7612,108792.6,108540.2,108800.0,108530.0,1751247900000,3304
28.733693,108551.4462,108552.6,108615.2,108615.2,108460.0,1751248800000,2658
54.867190449999995,108648.7839,108615.19,108642.37,108698.48,108557.13,1751249700000,2678
34.51069259,108631.5537,108666.3,108655.69,108687.65,108561.4,1751250600000,2557
46.45204357,108594.1621,108655.7,108534.72,108655.91,108470.0,1751251500000,3332
19.268985400000002,108550.7025,108545.1,108519.24,108631.36,108480.0,1751252400000,3526
17.825612200000002,108519.406,108519.24,108508.73,108570.0,108468.63,1751253300000,3321
13.04272852,108550.1433,108509.8,108579.54,108600.0,108480.0,1751254200000,3469
28.295831279999998,108537.5826,108509.8,108553.6,108615.0,108509.7,1751255100000,2634
26.784428819999995,108545.9892,108509.8,108509.8,108587.6,108480.0,1751256000000,2741
24.43686009,108503.9085,108554.25,108509.8,108563.18,108465.75,1751256900000,2474
14.087307749999999,108472.0376,108491.97,108415.95,108509.8,108380.0,1751257800000,2149
26.47638182,108408.5586,108415.95,108361.24,108469.91,108343.98,1751258700000,3692
15.006583379999999,108385.747,108400.1,108413.55,108428.0,108341.01,1751259600000,3040
14.70274407,108379.0952,108413.54,108345.64,108413.55,108320.0,1751260500000,1437
54.512313,108257.2893,108400.1,108261.34,108400.1,108177.13,1751261400000,4223
26.43797675,108277.4044,108229.4,108312.37,108349.56,108219.73,1751262300000,4094
18.91161663,108298.5387,108270.3,108272.09,108336.93,108261.5,1751263200000,1856
19.44832505,108237.456,108272.09,108182.79,108290.0,108182.76,1751264100000,1664
131.19492639000003,107984.3413,108261.5,107811.38,108261.5,107783.09,1751265000000,4440
150.00356504,107632.8039,107811.39,107600.02,107834.56,107533.53,1751265900000,5738
69.79708209,107585.1282,107657.6,107589.51,107657.6,107503.44,1751266800000,5337
44.89662833999999,107678.0972,107589.51,107743.7,107781.08,107572.36,1751267700000,3408
29.056983330000005,107700.1342,107743.72,107670.08,107770.5,107640.13,1751268600000,2234
43.077353179999996,107693.1236,107670.07,107648.06,107721.0,107632.39,1751269500000,2114
37.042446260000006,107691.9503,107642.78,107657.0,107775.56,107585.66,1751270400000,2478
11.51630857,107613.3973,107657.0,107647.71,107710.5,107556.69,1751271300000,1992
16.486340860000002,107600.3252,107648.9,107555.78,107677.6,107528.89,1751272200000,2037
26.247171650000002,107545.6564,107555.79,107539.88,107619.95,107480.0,1751273100000,2124
12.96729887,107623.7224,107520.0,107693.87,107700.0,107488.32,1751274000000,2095
26.294548900000002,107665.5329,107693.86,107674.51,107729.23,107605.33,1751274900000,2179
18.41817428,107619.734,107674.51,107521.47,107720.38,107500.0,1751275800000,2517
16.252285060000002,107537.7112,107521.46,107498.18,107568.8,107496.48,1751276700000,2102
18.2473056,107523.8954,107530.0,107479.16,107560.04,107478.13,1751277600000,2356
29.65359670000001,107486.9144,107479.16,107544.04,107556.98,107410.06,1751278500000,2149
24.122020789999997,107582.4895,107520.0,107633.32,107637.66,107492.31,1751279400000,1995
26.465091570000002,107656.5516,107633.31,107672.57,107698.91,107599.9,1751280300000,1901
44.039001530000014,107663.5759,107650.0,107732.0,107754.88,107625.5,1751281200000,1993
51.99466079,107834.8923,107741.83,107880.0,107964.53,107700.0,1751282100000,2658
45.225238919999995,107906.2678,107880.0,107832.12,107996.59,107795.6,1751283000000,2920
24.545756060000002,107796.9695,107832.12,107688.4,107901.36,107661.76,1751283900000,5766
21.363043190000006,107713.6981,107676.6,107735.2,107759.67,107676.5,1751284800000,4373
28.596296839999997,107772.2207,107735.2,107758.2,107854.88,107686.96,1751285700000,3333
23.118270480000003,107674.7858,107740.0,107659.3,107794.4,107619.8,1751286600000,2532
30.015104750000003,107604.6245,107654.45,107651.4,107659.3,107560.0,1751287500000,2731
26.444711169999998,107693.4182,107610.0,107701.84,107739.99,107595.48,1751288400000,3069
93.06376285,107823.2225,107701.84,107855.88,107909.4,107672.9,1751289300000,4239
145.23070156000003,107724.6114,107850.0,107633.09,107922.4,107575.13,1751290200000,6723
152.26977791000002,107589.0244,107629.33,107539.09,107758.7,107490.01,1751291100000,7945
311.5362307799999,107323.7768,107571.1,107517.55,107620.16,107155.79,1751292000000,9520
185.86820196,107402.58,107500.0,107250.0,107661.48,107217.95,1751292900000,10422
147.58065513000003,107323.9197,107250.0,107231.58,107488.15,107180.0,1751293800000,8085
581.0806388999999,107021.6979,107231.59,106835.96,107296.6,106771.55,1751294700000,15321
203.72018214,106954.223,106823.3,106844.5,107121.61,106823.3,1751295600000,9624
184.02828574999998,106885.776,106844.49,107199.34,107310.0,106724.76,1751296500000,8756
144.77321881,107299.276,107300.0,107363.65,107470.0,107097.01,1751297400000,6457
179.33938464,107603.3997,107363.64,107607.32,107870.0,107357.71,1751298300000,6761
169.44129722,107755.4286,107594.3,107845.3,107930.0,107519.49,1751299200000,5654
175.68043317,107478.8029,107803.14,107321.7,107920.0,107311.92,1751300100000,6270
134.82090832,107449.2069,107377.8,107561.35,107640.0,107304.45,1751301000000,4817
147.65976404,107649.0176,107561.34,107643.66,107820.0,107528.73,1751301900000,4892
100.39784112,107622.1819,107686.1,107646.05,107790.0,107566.35,1751302800000,5690
96.73319173,107690.7541,107646.04,107783.51,107870.0,107551.04,1751303700000,5766
41.57401178,107751.2594,107760.0,107800.01,107930.0,107643.0,1751304600000,3801
57.31866066999999,107668.2322,107767.7,107526.1,107910.0,107467.72,1751305500000,4588
33.04913093,107519.1667,107526.1,107399.63,107720.0,107371.74,1751306400000,3943
60.65000641,107386.8733,107399.62,107306.38,107570.0,107302.0,1751307300000,5476
104.23054314,107228.363,107311.52,107282.75,107440.0,107136.08,1751308200000,6818
48.355720070000004,107266.088,107282.75,107266.75,107430.0,107224.8,1751309100000,4230
42.83952421,107324.9732,107276.7,107417.74,107490.0,107214.37,1751310000000,4026
72.65270166,107541.5942,107417.75,107542.95,107710.0,107404.21,1751310900000,3932
74.85810115000002,107548.9244,107542.95,107481.73,107710.0,107447.32,1751311800000,4495
83.02154852,107625.1886,107516.8,107751.68,107890.0,107455.92,1751312700000,6051
68.81864413000001,107643.7772,107751.68,107589.25,107880.0,107486.85,1751313600000,4715
37.05403286,107616.7605,107589.25,107613.44,107750.0,107560.44,1751314500000,3225
25.5735071,107639.3801,107613.45,107604.4,107780.0,107567.53,1751315400000,2894
22.71451541,107609.753,107569.48,107605.18,107740.0,107565.03,1751316300000,3350
34.73186461000001,107545.7352,107604.5,107503.88,107710.0,107437.94,1751317200000,3424
26.509245180000004,107446.8582,107503.87,107374.34,107630.0,107370.8,1751318100000,3668
28.996410240000003,107389.8963,107374.34,107367.93,107550.0,107355.21,1751319000000,3599
116.04839111,107175.7898,107367.94,107150.03,107540.0,106944.55,1751319900000,5692
50.33100875,107237.729,107148.6,107222.15,107440.0,107052.6,1751320800000,4942
54.26969144000001,107272.0083,107222.15,107256.1,107420.0,107203.6,1751321700000,4072
42.95749509000001,107305.6672,107256.1,107298.42,107440.0,107256.0,1751322600000,3437
21.896151370000002,107163.8498,107298.42,107132.53,107440.0,107106.82,1751323500000,3490
27.059084540000008,107149.9614,107132.53,107244.55,107340.0,107088.88,1751324400000,3620
24.592557519999996,107181.3793,107244.55,107181.33,107350.0,107128.52,1751325300000,3445
28.95015917,107142.8464,107181.33,107178.5,107300.0,107090.0,1751326200000,3245
60.48213454999999,107166.2818,107178.5,107173.21,107250.0,107073.93,1751327100000,3639
40.24741423,107258.2149,107120.3,107355.25,107440.0,107111.92,1751328000000,3407
53.4703533,107383.9626,107355.24,107194.5,107550.0,107174.68,1751328900000,3918
63.21866592,107176.8271,107192.98,107316.56,107380.0,107062.0,1751329800000,3821
20.389321909999996,107371.8398,107316.55,107406.29,107480.0,107306.52,1751330700000,2864
34.74108262000001,107430.4455,107403.4,107513.98,107570.0,107332.18,1751331600000,3290
30.78991443,107501.4428,107478.7,107445.61,107620.0,107421.0,1751332500000,3077
25.62732389,107437.8748,107444.6,107363.67,107590.0,107334.58,1751333400000,3051
30.064148050000004,107298.4685,107363.8,107253.51,107490.0,107200.36,1751334300000,3116
19.35884919,107276.1827,107253.61,107314.77,107400.0,107205.45,1751335200000,2464
20.220352329999997,107331.8822,107314.77,107364.4,107440.0,107266.42,1751336100000,2596
22.87716462,107368.2822,107364.4,107302.19,107490.0,107285.06,1751337000000,2832
107.33855895000002,107195.9866,107302.18,107126.83,107410.0,107116.93,1751337900000,3302
48.01195243999999,107134.2773,107125.6,107131.49,107250.0,107101.35,1751338800000,2778
22.482602600000007,107183.5762,107131.48,107233.3,107300.0,107090.87,1751339700000,2445
14.59485182,107207.7303,107233.3,107189.21,107300.0,107181.24,1751340600000,2094
15.81723098,107194.3539,107189.21,107221.44,107290.0,107124.62,1751341500000,2277
12.44683102,107228.9196,107175.7,107227.19,107300.0,107175.6,1751342400000,2099
22.426136439999997,107165.1561,107227.19,107168.6,107290.0,107101.98,1751343300000,2475
14.12255522,107124.4417,107124.1,107084.24,107220.0,107084.23,1751344200000,1659
44.33867188999999,106964.313,107084.24,106919.27,107190.0,106896.0,1751345100000,3360
48.642870200000004,106918.0934,106950.1,106829.36,107050.0,106802.08,1751346000000,3130
68.21406268999999,106853.276,106829.37,106795.28,106980.0,106766.27,1751346900000,3029
28.48846789,106859.8188,106777.1,106861.85,107030.0,106773.3,1751347800000,2794
15.402353040000001,106921.4406,106854.4,106968.66,107070.0,106813.66,1751348700000,2303
22.405898800000003,106854.2192,106968.5,106960.0,107060.0,106769.44,1751349600000,2598
25.79250247,106836.4735,106823.01,106801.9,106990.0,106788.97,1751350500000,2542
26.340170810000004,106831.8954,106835.1,106860.31,106970.0,106779.03,1751351400000,2158
21.41443071,106915.3067,106860.31,106904.0,107010.0,106830.4,1751352300000,1856
27.033954979999997,107007.9536,106904.0,106971.47,107140.0,106903.9,1751353200000,2579
133.08220561000002,106857.4947,106962.74,106942.97,107080.0,106659.96,1751354100000,4638
32.277631340000006,107014.9766,106942.96,106978.78,107190.0,106872.6,1751355000000,2935
52.84729302000001,107128.3423,106978.78,107212.88,107340.0,106959.17,1751355900000,2588
20.84033694,107065.4305,107212.89,106960.1,107330.0,106933.67,1751356800000,2594
21.404849260000002,106961.3415,106941.67,106956.85,107120.0,106916.93,1751357700000,2111
27.984474510000002,106889.7554,106940.9,106776.41,107100.0,106773.3,1751358600000,2409
31.238080950000004,106782.8723,106776.4,106704.6,106930.0,106703.69,1751359500000,2022
36.4363125,106795.3913,106704.7,106736.11,106950.0,106704.0,1751360400000,2365
71.40165908000002,106800.9022,106736.1,106718.4,106920.0,106608.0,1751361300000,3006
166.8793227,106787.5853,106715.82,106541.86,106910.0,106521.0,1751362200000,4152
54.80574189000001,106597.4765,106541.86,106575.41,106850.0,106518.64,1751363100000,2946
37.65744005999999,106643.6937,106571.0,106529.83,106850.0,106520.01,1751364000000,2982
48.14298365,106682.2654,106529.83,106820.0,106840.0,106500.0,1751364900000,2730
327.60101006,106664.5701,106820.0,106400.01,106820.0,106336.06,1751365800000,6036
231.72056613999996,106583.4904,106400.01,106512.12,106740.0,106310.18,1751366700000,4950
43.183441169999995,106590.7954,106512.12,106358.68,106750.0,106358.67,1751367600000,4134
30.459925080000005,106440.962,106358.68,106523.33,106690.0,106338.08,1751368500000,2972
69.00646182,106689.9722,106523.34,106582.89,106770.0,106513.7,1751369400000,2541
29.67171615,106648.7431,106582.88,106780.0,106800.0,106529.82,1751370300000,2778
39.52722546,106658.2583,106604.8,106609.89,106870.0,106582.97,1751371200000,3104
97.06203702,106600.8836,106609.9,106443.79,106780.0,106397.34,1751372100000,4130
65.92275458,106478.4546,106443.78,106447.26,106690.0,106401.33,1751373000000,3599
44.84458205999999,106478.0077,106449.41,106462.43,106690.0,106402.47,1751373900000,3438
108.35045596,106493.6978,106477.0,106525.22,106730.0,106373.35,1751374800000,4091
89.7068974,106589.8323,106525.22,106671.94,106810.0,106485.56,1751375700000,4408
488.41987886000004,106654.6147,106671.94,106467.85,107030.0,106290.11,1751376600000,9978
399.77674913,106801.2322,106425.0,106856.85,107010.0,106424.17,1751377500000,9505
323.32181048999996,106998.5474,106856.53,107176.42,107310.0,106796.19,1751378400000,10787
102.14185638000001,106925.9038,107122.0,106585.96,107340.0,106501.72,1751379300000,6895
583.88782691,106323.566,106585.95,106067.43,106840.0,105990.03,1751380200000,14662
364.64880136000005,105907.9922,106068.5,105950.7,106260.0,105750.0,1751381100000,13086
204.12064719000003,105811.8261,105926.5,105683.5,106280.0,105635.14,1751382000000,9776
175.61045651,105821.9408,105683.49,106010.0,106190.0,105661.92,1751382900000,9524
128.46552078000002,106089.1015,106010.0,105987.67,106440.0,105886.27,1751383800000,6388
83.04367166,106014.8092,105987.67,105986.38,106260.0,105933.76,1751384700000,6290
81.50315821999999,106071.375,106042.2,106285.73,106460.0,105839.73,1751385600000,6121
81.76762559,106222.858,106285.73,106248.22,106470.0,106090.89,1751386500000,5139
41.57838595000001,106215.6171,106248.21,106189.97,106410.0,106115.42,1751387400000,4737
80.70307708000001,106130.9617,106189.97,106117.24,106360.0,105987.09,1751388300000,5588
71.29731972,106075.5164,106100.0,106171.12,106440.0,105923.0,1751389200000,5719
36.7081586,106270.4118,106171.14,106234.34,106490.0,106149.44,1751390100000,4525
38.23211426,106222.1889,106234.34,106275.17,106450.0,106105.73,1751391000000,4072
79.04095256000001,106250.5613,106275.17,106281.8,106490.0,106155.27,1751391900000,4658
50.41070417,106245.5542,106270.0,106169.48,106470.0,106155.79,1751392800000,3552
104.33308449,106004.9395,106169.47,105871.95,106380.0,105811.07,1751393700000,5540
93.83260690000002,105915.0504,105871.96,105893.8,106120.0,105822.69,1751394600000,5602
89.48665410000001,105839.859,105893.77,105759.99,106090.0,105683.0,1751395500000,5761
222.30771447999996,105603.7215,105801.7,105666.01,105970.0,105451.51,1751396400000,9653
91.63391421000001,105728.3545,105666.01,105752.64,105990.0,105600.02,1751397300000,5118
155.61734593,105548.4192,105752.63,105471.92,105990.0,105361.49,1751398200000,7722
105.33163899999998,105535.6848,105471.91,105417.2,105810.0,105394.8,1751399100000,6042
211.29284292,105411.1749,105403.27,105463.66,105730.0,105262.0,1751400000000,7354
57.24367929999999,105611.9409,105463.67,105645.01,105830.0,105440.1,1751400900000,4619
59.02518396,105729.4551,105645.01,105759.35,105950.0,105645.01,1751401800000,4064
71.89080741000001,105908.5168,105759.36,105938.82,106200.0,105755.06,1751402700000,4587
54.09494462000001,105865.7919,105955.9,105915.64,106120.0,105761.4,1751403600000,3891
47.722016090000004,106023.2793,105915.64,106006.29,106320.0,105879.9,1751404500000,4347
71.49575481,105913.9424,106006.29,105853.69,106160.0,105837.8,1751405400000,4236
37.083670690000005,105831.7554,105851.03,105800.1,106070.0,105750.55,1751406300000,4394
48.229017639999995,105832.4819,105800.1,105846.97,106150.0,105736.8,1751407200000,4281
50.777078489999994,105809.9337,105847.47,105725.64,106070.0,105722.78,1751408100000,5020
46.06053687000001,105737.8994,105800.1,105809.12,106060.0,105631.49,1751409000000,5095
21.10005421,105774.3568,105809.2,105641.33,106040.0,105614.51,1751409900000,3513
33.93830199,105511.4142,105700.1,105396.78,105860.0,105376.81,1751410800000,4475
33.47300997,105508.5198,105396.77,105518.16,105780.0,105390.94,1751411700000,3724
31.26667464,105520.3386,105518.17,105557.33,105780.0,105449.86,1751412600000,3546
23.689259009999997,105639.3439,105557.32,105920.0,105940.0,105499.9,1751413500000,3145
50.763243,105704.5909,105700.1,105751.08,105970.0,105621.13,1751414400000,3832
60.34670784000001,105735.5659,105751.08,105651.4,106000.0,105633.15,1751415300000,3809
46.722593599999996,105662.7933,105651.4,105621.14,105910.0,105570.72,1751416200000,4795
53.76163263,105498.0004,105621.14,105404.39,105840.0,105392.84,1751417100000,3793
38.10578866,105452.6314,105423.4,105398.1,105680.0,105392.84,1751418000000,3428
86.08152804000001,105371.4776,105398.1,105637.55,105810.0,105116.4,1751418900000,6251
37.71072449,105687.838,105632.0,105793.99,105970.0,105600.0,1751419800000,3397
67.2214809,105789.402,105793.99,105742.06,106010.0,105669.63,1751420700000,3409
88.37079973999998,105697.9862,105742.06,105611.0,106030.0,105607.38,1751421600000,3791
31.352726760000003,105643.5658,105609.0,105733.97,105950.0,105542.72,1751422500000,3553
31.572415409999994,105695.6145,105733.99,105719.88,105950.0,105622.57,1751423400000,3198
88.80303765000001,105864.8486,105719.88,105925.28,106150.0,105698.4,1751424300000,3141
37.31511309,106023.3014,105925.29,106083.52,106320.0,105851.3,1751425200000,3295
60.47973119,106129.0024,106083.51,106138.64,106390.0,106017.16,1751426100000,3895
53.03448361000001,106193.2653,106138.64,106191.61,106430.0,106107.0,1751427000000,3032
28.553959159999994,106236.9246,106161.8,106229.67,106460.0,106134.42,1751427900000,2735
31.607269979999998,106245.8822,106199.2,106233.7,106470.0,106164.02,1751428800000,2929
29.56476545,106221.0707,106240.73,106251.45,106440.0,106151.43,1751429700000,3140
26.754337919999998,106250.1294,106251.45,106283.19,106490.0,106162.54,1751430600000,3380
40.122121869999994,106354.3298,106283.2,106409.15,106590.0,106227.94,1751431500000,3280
20.151262730000003,106360.3999,106377.0,106340.98,106590.0,106317.57,1751432400000,2817
67.61023165,106504.5332,106340.98,106720.0,106750.0,106340.5,1751433300000,2838
27.589040639999997,106550.4709,106536.1,106603.22,106750.0,106449.74,1751434200000,3121
30.18791731,106659.0321,106603.22,106662.29,106820.0,106580.7,1751435100000,2399
67.13058433,106769.6756,106664.0,106781.31,106970.0,106653.57,1751436000000,2958
59.51254312,106805.1171,106781.32,106771.66,106990.0,106703.8,1751436900000,3613
93.19474320999998,106935.8395,106730.0,106956.06,107120.0,106729.9,1751437800000,3784
63.13337128,106997.1798,106956.07,107059.22,107150.0,106906.6,1751438700000,3453
103.07929617000002,107013.4808,106976.9,106939.43,107170.0,106939.43,1751439600000,3302
37.94465437,106943.6025,106939.43,106905.3,107110.0,106868.82,1751440500000,2221
91.91828642,107064.5786,106905.3,107118.82,107300.0,106902.9,1751441400000,3014
41.78254198,107175.9015,107118.82,107126.85,107310.0,107096.12,1751442300000,2682
112.59629536000003,107359.8181,107175.0,107530.0,107590.0,107116.9,1751443200000,4855
133.95713222999996,107569.7826,107419.31,107676.1,107800.0,107406.06,1751444100000,4576
72.1145935,107709.4481,107636.3,107703.83,107870.0,107588.98,1751445000000,3596
90.84295895,107673.3628,107703.83,107777.69,107910.0,107499.4,1751445900000,3622
85.49236597999999,107757.957,107756.3,107658.19,107950.0,107633.69,1751446800000,4350
71.00112709000001,107696.6981,107658.19,107587.89,107840.0,107556.71,1751447700000,4000
94.82219318,107634.9215,107587.88,107694.48,107810.0,107573.13,1751448600000,5204
81.56113252,107696.0416,107694.47,107690.26,107860.0,107625.0,1751449500000,3781
42.05647313000001,107719.3214,107666.8,107723.38,107880.0,107654.94,1751450400000,2864
47.952105620000005,107794.1168,107729.1,107790.96,107960.0,107710.0,1751451300000,2962
52.52096792,107817.7529,107790.96,107849.04,107970.0,107778.02,1751452200000,3476
34.5671066,107843.5631,107849.05,107880.01,108010.0,107783.0,1751453100000,2150
21.91035817,107858.5206,107800.0,107844.0,108000.0,107799.9,1751454000000,2210
49.37248012000001,107773.5034,107844.01,107790.58,107990.0,107654.6,1751454900000,2345
66.72961959,107694.3453,107790.58,107565.04,107950.0,107542.5,1751455800000,3419
51.82976001000001,107458.2464,107565.04,107512.04,107740.0,107372.17,1751456700000,3203
50.690165259999986,107482.132,107452.5,107434.43,107650.0,107387.01,1751457600000,3296
79.01999582,107317.0161,107434.43,107359.1,107600.0,107227.8,1751458500000,3995
42.23226328999999,107296.1499,107359.09,107265.96,107480.0,107211.14,1751459400000,3222
33.07512079,107401.0852,107266.29,107406.41,107580.0,107243.0,1751460300000,2865
74.56775298,107476.4139,107419.5,107693.87,107800.0,107300.0,1751461200000,4759
100.79678383000001,107589.4962,107693.86,107577.89,107820.0,107508.54,1751462100000,3861
212.90363564999998,107693.7905,107528.0,107805.94,107950.0,107418.11,1751463000000,9512
359.72760264,107884.3181,107805.94,107819.12,108150.0,107630.2,1751463900000,10395
116.17073566000002,107949.5506,107781.7,108040.01,108190.0,107770.27,1751464800000,6241
162.01305438,107923.7,107993.8,107913.52,108230.0,107705.73,1751465700000,7319
151.0329505,107981.3612,107913.53,107847.68,108220.0,107794.76,1751466600000,5005
162.95897595,108129.4715,108040.0,108209.44,108320.0,107834.52,1751467500000,6148
333.74678054,108339.3457,108209.45,108402.3,108690.0,108149.9,1751468400000,8458
198.56873198,108480.2244,108429.8,108332.04,108660.0,108280.42,1751469300000,6726
82.29693548000002,108411.7705,108332.03,108522.47,108640.0,108225.0,1751470200000,5944
199.00166024,108700.5282,108522.48,108800.0,108950.0,108479.9,1751471100000,6489
831.8504163499999,109254.7936,108797.47,109485.57,109800.0,108707.09,1751472000000,22362
441.02157465999994,109422.7789,109486.11,109264.19,109780.0,109159.63,1751472900000,15470
205.71786039000003,109434.4404,109247.8,109581.62,109740.0,109194.71,1751473800000,10374
252.19210135,109558.6994,109582.33,109499.25,109800.0,109377.74,1751474700000,12426
236.82659414000003,109530.4027,109464.3,109517.96,109790.0,109401.78,1751475600000,12223
298.46318207,109631.8392,109517.97,109465.38,109900.0,109438.49,1751476500000,12510
213.20278342,109230.8725,109465.37,109192.1,109600.0,108946.5,1751477400000,10306
243.02320284,109080.604,109186.28,109217.43,109330.0,108914.3,1751478300000,9723
186.24451145999998,109226.4704,109187.0,109116.9,109410.0,109080.3,1751479200000,8848
92.16151308999999,109334.6021,109212.48,109423.89,109550.0,109117.0,1751480100000,6124
99.53520986,109398.1195,109420.0,109441.11,109570.0,109336.65,1751481000000,6287
136.19524442,109517.3537,109441.36,109617.3,109710.0,109411.0,1751481900000,7766
107.69287381999999,109514.3951,109580.0,109469.05,109720.0,109344.96,1751482800000,6284
143.18066621,109526.2414,109469.05,109626.86,109750.0,109402.38,1751483700000,6016
86.89502636999998,109554.5994,109626.85,109518.06,109740.0,109471.06,1751484600000,5284
128.98954164,109550.4293,109518.05,109755.27,109850.0,109362.9,1751485500000,6812
104.68190886000001,109583.9571,109755.27,109516.57,109890.0,109429.62,1751486400000,5681
128.2861383,109398.1511,109516.57,109532.39,109670.0,109282.55,1751487300000,6035
47.72694007,109470.9339,109532.39,109436.81,109640.0,109416.42,1751488200000,4918
71.11419627,109308.691,109436.82,109199.72,109580.0,109189.3,1751489100000,4930
61.55713079,109230.0483,109199.73,109250.0,109420.0,109184.73,1751490000000,4302
35.32363142,109326.0316,109260.71,109283.2,109510.0,109249.9,1751490900000,3691
50.64498468,109360.8884,109283.2,109294.99,109520.0,109283.19,1751491800000,3760
57.900842540000006,109440.1272,109326.1,109489.47,109680.0,109292.0,1751492700000,3700
81.45217674000001,109424.7818,109503.0,109325.56,109640.0,109270.44,1751493600000,4704
29.856304299999998,109317.8892,109325.57,109330.6,109440.0,109254.67,1751494500000,3200
68.56370254,109325.9304,109334.9,109229.04,109580.0,109197.27,1751495400000,4204
32.47144166,109186.0595,109228.96,109191.2,109350.0,109134.98,1751496300000,2898
37.81927777,109164.3013,109191.2,109165.95,109350.0,109120.01,1751497200000,3100
72.50549864000003,109048.7247,109165.95,109012.28,109290.0,108973.97,1751498100000,3710
64.22414563000001,108877.9495,109012.28,108775.95,109160.0,108761.8,1751499000000,4043
49.387257369999986,108841.2464,108775.95,108888.32,109000.0,108766.8,1751499900000,3377
51.18377749999999,108975.0614,108846.9,108952.42,109180.0,108846.8,1751500800000,4136
27.381245219999997,108889.8397,108952.41,108922.7,109080.0,108757.48,1751501700000,3829
40.07315816,108945.8778,108923.6,109145.76,109230.0,108808.17,1751502600000,3790
24.643021580000003,109044.7792,109145.76,108978.22,109230.0,108938.78,1751503500000,3873
26.22321293,108967.203,108978.22,108975.44,109110.0,108855.24,1751504400000,3407
41.28674485,109064.0502,108985.6,109108.99,109250.0,108975.18,1751505300000,3345
27.625438799999998,109070.8349,109076.8,109041.79,109250.0,109005.48,1751506200000,3765
30.70782651,109058.2119,109041.79,109055.0,109210.0,109019.49,1751507100000,3121
51.76618588,108893.1419,109025.02,108844.2,109190.0,108826.95,1751508000000,4219
51.657121229999994,108738.9199,108878.78,108657.3,109000.0,108622.22,1751508900000,4086
21.89991174,108653.7172,108657.31,108611.71,108810.0,108610.1,1751509800000,3011
23.51625392,108681.3406,108611.71,108758.47,108880.0,108574.31,1751510700000,2979
17.236521720000002,108747.8043,108779.7,108709.41,108890.0,108698.33,1751511600000,2287
31.671394730000003,108715.9884,108709.41,108799.2,108930.0,108656.93,1751512500000,2520
29.86083087,108793.0692,108771.71,108830.04,108950.0,108742.38,1751513400000,2481
19.589008600000003,108739.3891,108830.04,108688.4,108940.0,108663.96,1751514300000,2409
41.39402945999999,108733.411,108678.2,108844.7,108950.0,108615.05,1751515200000,3123
30.576754329999996,108956.2129,108859.66,108998.5,109130.0,108844.8,1751516100000,2307
16.2081526,108987.1628,108998.51,108941.04,109130.0,108930.62,1751517000000,2084
16.14947528,108886.3715,108941.04,108835.0,109070.0,108807.55,1751517900000,2587
63.14861782,109056.9413,108824.6,109131.72,109400.0,108824.2,1751518800000,3585
16.19337938,109174.2096,109131.72,109146.3,109340.0,109118.04,1751519700000,2785
49.94669894999999,109258.816,109146.4,109289.6,109460.0,109146.3,1751520600000,3157
19.83682224,109351.8155,109270.2,109395.24,109530.0,109250.0,1751521500000,2487
32.01500075,109367.4076,109387.4,109323.64,109570.0,109291.05,1751522400000,2861
35.84732658,109423.5215,109323.63,109590.0,109590.0,109318.13,1751523300000,2860
17.428276909999997,109450.8924,109471.2,109491.23,109600.0,109385.01,1751524200000,2444
241.51916128,109420.8326,109491.24,109541.3,109690.0,109022.19,1751525100000,3225
34.63456316,109369.3461,109499.62,109256.64,109640.0,109249.13,1751526000000,3089
42.91627496000001,109253.7414,109256.64,109270.49,109430.0,109180.9,1751526900000,2520
49.16866888,109363.7989,109270.48,109344.76,109610.0,109262.0,1751527800000,2139
15.805942479999999,109375.838,109344.76,109322.3,109520.0,109310.21,1751528700000,1719
34.29361301,109445.847,109322.31,109434.0,109650.0,109322.31,1751529600000,2559
35.94246904,109532.2893,109433.99,109567.6,109730.0,109427.28,1751530500000,2335
44.419209359999996,109566.4507,109567.6,109574.78,109740.0,109502.6,1751531400000,2498
29.475194730000002,109506.1986,109574.78,109423.3,109710.0,109416.3,1751532300000,2254
76.44838508000001,109573.4348,109422.2,109685.58,109790.0,109415.71,1751533200000,3893
268.14617878999996,109939.064,109685.58,109990.9,110160.0,109662.6,1751534100000,7676
197.00699525,110062.2606,110029.01,110400.0,110400.0,109859.1,1751535000000,6933
85.91567147999999,110081.6496,110296.0,109989.57,110450.0,109926.4,1751535900000,4204
56.75352514000001,109954.6399,109965.0,109992.42,110150.0,109851.7,1751536800000,3336
46.06308837,109798.9563,109992.42,109779.6,110130.0,109665.0,1751537700000,3214
24.772617240000002,109798.3408,109779.6,109820.72,109970.0,109738.82,1751538600000,2339
50.378298619999995,109760.907,109820.72,109879.98,110010.0,109695.9,1751539500000,2475
46.86093408999999,109753.4197,109869.4,109688.92,110020.0,109672.94,1751540400000,3611
32.46280902000001,109712.8123,109688.93,109656.62,109900.0,109656.53,1751541300000,2924
47.313726169999995,109680.5129,109850.0,109689.01,109890.0,109614.55,1751542200000,3291
27.79441661,109669.8339,109689.01,109625.99,109880.0,109601.22,1751543100000,2826
88.34870244000001,109609.7031,109625.99,109604.68,109810.0,109508.83,1751544000000,3895
43.113160150000006,109635.3355,109598.54,109661.49,109790.0,109563.2,1751544900000,3142
337.0370171999999,109319.0041,109661.5,108966.77,110110.0,108818.1,1751545800000,13112
140.71642916000002,109002.486,108966.76,109207.08,109360.0,108769.08,1751546700000,7342
80.45640098999999,109310.3978,109204.0,109373.92,109550.0,109164.51,1751547600000,5012
63.91361208000001,109358.381,109373.92,109363.97,109580.0,109259.42,1751548500000,5257
462.34509413,109910.717,109363.97,110159.12,110280.0,109339.3,1751549400000,17865
574.7417017,110357.8705,110152.29,110329.76,110700.0,109958.5,1751550300000,17929
239.13719633000002,110382.6006,110329.77,110000.0,110670.0,109958.49,1751551200000,10843
133.40122289999996,110173.1953,110000.1,109964.91,110590.0,109906.51,1751552100000,8278
155.30801110000002,109857.6066,109964.11,109918.63,110130.0,109653.08,1751553000000,7869
62.508739459999994,109754.2773,109930.1,109782.29,110070.0,109598.55,1751553900000,6040
131.67111690000002,109557.5589,109782.29,109521.4,110010.0,109378.0,1751554800000,7355
118.15576095999998,109541.5453,109521.4,109609.18,109810.0,109333.75,1751555700000,6447
160.22001301000003,109408.0326,109609.18,109370.1,109780.0,109125.76,1751556600000,7535
114.64504983,109224.0294,109321.55,109162.22,109470.0,109117.87,1751557500000,6057
117.86646458999999,109205.6962,109161.4,109368.47,109500.0,109050.0,1751558400000,6609
110.84254602,109212.5114,109368.46,109221.95,109500.0,109111.18,1751559300000,6059
154.63757555,109301.1491,109215.6,109418.36,109550.0,109191.4,1751560200000,6239
134.67763361000002,109530.1814,109430.6,109316.08,109830.0,109223.68,1751561100000,7237
76.63455402000001,109425.9944,109370.1,109514.6,109680.0,109294.3,1751562000000,4503
78.08056235,109574.2879,109603.25,109484.96,109810.0,109450.43,1751562900000,4494
37.666830010000005,109548.5565,109484.97,109579.16,109710.0,109484.97,1751563800000,3165
53.766670129999994,109609.0049,109579.59,109597.26,109760.0,109561.4,1751564700000,3587
64.93844668,109558.1278,109578.5,109510.77,109860.0,109389.0,1751565600000,3765
52.01941762,109508.7809,109510.77,109654.8,109760.0,109373.63,1751566500000,3865
50.464269110000004,109630.8835,109654.8,109647.8,109800.0,109513.83,1751567400000,4212
46.07005421999999,109658.8592,109646.5,109730.74,109830.0,109572.87,1751568300000,3711
145.50854350999998,109801.7858,109730.73,109830.1,110010.0,109654.15,1751569200000,6174
154.08177542,109891.5574,109843.9,109923.39,110060.0,109802.7,1751570100000,5226
238.87642440000002,109813.3565,109923.39,109864.83,110050.0,109710.63,1751571000000,7405
337.4717852,109791.052,109864.83,109834.12,109960.0,109679.01,1751571900000,11205
55.47510574,109899.2445,109834.12,109865.03,110060.0,109829.23,1751572800000,4436
56.86767005,109886.1245,109865.03,109907.9,110060.0,109799.99,1751573700000,4281
48.87388904,109925.7738,109929.83,109954.6,110060.0,109872.16,1751574600000,4240
69.88743068000001,109942.4903,109954.6,109988.77,110080.0,109877.21,1751575500000,4253
123.94753638999997,109975.6819,109939.5,109815.39,110140.0,109766.48,1751576400000,5057
40.24132444999999,109794.0174,109815.39,109810.85,110000.0,109732.98,1751577300000,3595
42.05111122,109784.8251,109810.85,109827.76,109950.0,109722.36,1751578200000,3929
45.59832627000001,109828.5132,109827.76,109824.32,109950.0,109775.98,1751579100000,3284
37.3166709,109850.5291,109824.33,109731.36,110010.0,109726.08,1751580000000,4223
28.234718159999996,109727.3356,109731.36,109724.71,109890.0,109686.4,1751580900000,3269
22.998704490000005,109794.4049,109734.1,109754.13,109930.0,109724.71,1751581800000,3330
20.23814873,109739.6931,109754.15,109741.47,109890.0,109682.66,1751582700000,3147
34.41301961999999,109762.0405,109737.3,109698.76,109950.0,109672.56,1751583600000,3775
28.135044809999997,109638.0194,109698.76,109641.17,109840.0,109572.16,1751584500000,3370
26.572914169999997,109615.9601,109641.16,109618.36,109760.0,109574.28,1751585400000,3243
27.01808397,109631.2339,109618.36,109631.0,109760.0,109594.17,1751586300000,2872
25.659897320000002,109634.5761,109631.0,109641.5,109760.0,109580.82,1751587200000,2874
48.81303991,109584.6413,109661.11,109539.73,109760.0,109487.93,1751588100000,4256
23.484104309999996,109623.2669,109539.72,109691.62,109820.0,109539.72,1751589000000,3268
32.13232445,109606.4245,109691.62,109508.65,109820.0,109413.35,1751589900000,3347
24.277693219999996,109556.4643,109508.65,109601.62,109730.0,109480.35,1751590800000,3073
36.53419997,109668.975,109601.62,109675.4,109910.0,109569.9,1751591700000,3729
26.339854600000002,109661.2919,109675.5,109560.06,109840.0,109547.95,1751592600000,3165
21.387726539999996,109561.0647,109560.06,109539.51,109710.0,109536.5,1751593500000,3000
22.864667190000002,109499.6499,109539.51,109457.55,109680.0,109426.66,1751594400000,2973
28.00085459,109388.0753,109457.55,109389.52,109570.0,109314.84,1751595300000,3045
51.88132013,109255.1317,109389.52,109170.39,109500.0,109156.32,1751596200000,3537
29.67873694,109244.7376,109168.13,109230.04,109410.0,109142.99,1751597100000,3083
20.30725862,109233.0021,109260.0,109250.23,109410.0,109166.0,1751598000000,3005
14.285691810000001,109334.6691,109250.23,109398.26,109510.0,109240.0,1751598900000,2628
12.50219375,109341.3324,109398.26,109349.04,109510.0,109270.37,1751599800000,2396
12.13653089,109297.2429,109349.04,109284.22,109440.0,109267.63,1751600700000,2307
32.66424433,109306.403,109291.7,109312.25,109440.0,109275.01,1751601600000,2380
23.707803270000003,109304.6224,109312.24,109249.99,109470.0,109225.38,1751602500000,2355
25.34225824,109178.9012,109249.99,109114.04,109370.0,109100.01,1751603400000,2649
26.613558649999995,109051.4338,109120.92,109025.75,109260.0,109000.01,1751604300000,2663
27.204669579999997,109096.9304,109050.1,109149.79,109290.0,109000.0,1751605200000,2815
26.651553639999996,109125.9418,109149.79,109161.81,109340.0,109004.09,1751606100000,2342
16.158817390000003,109209.7441,109155.15,109164.52,109340.0,109130.7,1751607000000,2181
50.91844158,109036.6928,109176.0,109054.37,109320.0,108943.73,1751607900000,2767
43.24204214,108967.2885,109060.9,108907.9,109170.0,108850.0,1751608800000,3176
23.118582410000002,108900.975,108859.54,108947.62,109070.0,108838.51,1751609700000,3420
41.24298849,108977.3557,108969.0,108949.97,109130.0,108938.76,1751610600000,2256
25.643786379999995,109032.4507,108950.0,109067.75,109150.0,108942.62,1751611500000,1830
40.223966350000005,109021.7752,109057.0,108926.37,109260.0,108899.75,1751612400000,2347
30.54331658,108856.8052,108926.38,108794.35,109050.0,108794.34,1751613300000,2582
23.411226449999997,108895.6238,108794.35,108898.65,109050.0,108794.34,1751614200000,2209
102.69273670999999,108835.1199,108898.65,108755.7,109030.0,108739.6,1751615100000,3370
45.242389839999994,108708.5871,108755.8,108617.45,108880.0,108617.06,1751616000000,3046
45.363952790000006,108660.8519,108617.46,108835.0,108950.0,108500.0,1751616900000,2647
32.768279559999996,108879.4191,108835.0,108916.49,109010.0,108756.49,1751617800000,2072
13.98578686,108837.5592,108916.5,108807.06,109010.0,108776.4,1751618700000,1590
11.30901968,108884.0075,108796.6,108935.4,109010.0,108796.6,1751619600000,1768
20.6139423,109000.4223,108937.45,109083.24,109190.0,108873.43,1751620500000,2259
17.3802861,109044.8382,109083.24,109092.69,109180.0,108989.05,1751621400000,1768
12.203538610000003,109032.2707,109092.69,109038.59,109190.0,108958.86,1751622300000,1889
28.13062619,109083.5793,109001.0,109032.84,109190.0,109000.9,1751623200000,2265
11.910080959999997,109002.3019,109032.84,108995.1,109160.0,108945.9,1751624100000,1669
22.186058969999994,108990.4856,108990.0,108963.89,109150.0,108907.23,1751625000000,2147
41.37897713,108960.964,108963.88,108944.63,109090.0,108897.94,1751625900000,2248
21.730620450000004,109048.5243,108962.6,109035.74,109180.0,108934.41,1751626800000,2494
20.729944579999998,109060.972,109042.38,109139.94,109220.0,108970.33,1751627700000,2444
15.52303718,109089.2822,109139.95,109078.76,109200.0,109029.02,1751628600000,2153
19.41231587,108991.1883,109078.76,108919.6,109150.0,108890.9,1751629500000,2568
16.438442610000003,108965.7556,108919.7,108940.94,109090.0,108901.82,1751630400000,2457
17.952465930000002,108890.9696,108940.94,108897.11,109040.0,108831.67,1751631300000,2641
18.43370038,108849.4324,108897.1,108778.63,108970.0,108778.63,1751632200000,2619
24.96970367,108748.5711,108778.63,108770.92,108910.0,108640.86,1751633100000,2826
24.90966536,108761.2287,108771.6,108663.96,108970.0,108663.96,1751634000000,3301
51.10729641,108671.1863,108663.96,108637.98,108810.0,108600.0,1751634900000,3395
168.31600095,108480.7706,108637.97,108405.42,108740.0,108335.23,1751635800000,6575
143.21163152999998,108194.342,108402.59,108014.1,108530.0,108000.0,1751636700000,7550
249.04040344999999,107883.0466,108024.8,107900.0,108170.0,107636.74,1751637600000,8441
183.8371969,107838.7408,107850.0,108086.77,108230.0,107534.11,1751638500000,7422
138.32759465,107952.8586,108100.0,108021.61,108200.0,107815.43,1751639400000,5418
68.43530424000001,107898.1894,108033.3,107863.84,108160.0,107783.1,1751640300000,4807
59.45662234,107821.813,107870.2,107797.94,108050.0,107662.01,1751641200000,4879
64.15928459,107840.7572,107797.82,107907.1,108070.0,107675.0,1751642100000,4592
46.024711460000006,107798.7607,107908.97,107795.14,108040.0,107690.25,1751643000000,4204
81.4545517,107715.1983,107795.14,107606.44,107930.0,107600.02,1751643900000,5458
76.51024512000001,107592.4091,107606.0,107488.03,107860.0,107469.32,1751644800000,5942
123.87495879000001,107495.9851,107488.14,107560.88,107760.0,107378.1,1751645700000,6604
28.36630761,107597.7115,107561.8,107630.09,107890.0,107438.53,1751646600000,4483
45.921724999999995,107666.457,107630.09,107663.92,107880.0,107562.35,1751647500000,4358
143.31316170000002,107866.9832,107607.3,107754.88,108070.0,107607.2,1751648400000,6329
64.91863718,107850.9958,107754.88,107793.51,108030.0,107754.88,1751649300000,4000
40.22922148999999,107901.4133,107793.5,107882.91,108100.0,107740.66,1751650200000,3870
33.540102559999994,107881.1017,107881.77,107920.68,108080.0,107814.35,1751651100000,3744
23.15009763,107901.3703,107923.2,108010.0,108070.0,107826.8,1751652000000,3484
38.53860827,107775.6093,107830.9,107850.0,108000.0,107646.2,1751652900000,3517
26.82063691,107771.9387,107672.44,107730.65,107930.0,107672.44,1751653800000,2988
54.85953862,107670.2565,107730.65,107515.02,107960.0,107510.77,1751654700000,4217
54.71139486999999,107494.7114,107527.8,107581.2,107770.0,107400.0,1751655600000,4278
45.80811529999999,107430.3939,107581.17,107301.78,107810.0,107268.84,1751656500000,4245
40.328644409999995,107414.4869,107299.9,107488.17,107680.0,107283.47,1751657400000,2933
32.56136483,107520.108,107502.19,107493.54,107710.0,107459.09,1751658300000,3097
28.95864311,107577.2749,107490.69,107647.09,107820.0,107459.77,1751659200000,3407
26.184559059999994,107731.663,107651.87,107763.56,107960.0,107629.6,1751660100000,2814
26.62256379,107808.1536,107763.56,107796.71,108020.0,107735.33,1751661000000,2735
23.57503666000001,107788.8841,107796.71,107718.32,107970.0,107713.74,1751661900000,3044
48.318389730000014,107763.8688,107774.0,107748.38,107940.0,107715.11,1751662800000,3212
53.561602530000016,107820.1585,107748.39,107863.71,108070.0,107740.45,1751663700000,3327
32.0664309,107844.2615,107863.71,107859.9,108040.0,107765.76,1751664600000,3780
27.093175060000004,107934.2139,107885.7,107949.48,108100.0,107859.9,1751665500000,2728
48.244861070000006,108015.3128,107952.1,108067.49,108230.0,107910.21,1751666400000,3515
36.754201679999994,108144.9845,108067.5,108159.12,108330.0,108029.73,1751667300000,2935
33.600612260000005,108250.3699,108139.5,108241.04,108420.0,108139.4,1751668200000,2783
21.82499188,108245.4803,108241.03,108287.72,108440.0,108189.36,1751669100000,2493
21.4311856,108188.4737,108225.8,108144.99,108430.0,108114.42,1751670000000,2352
20.960802839999996,108115.6759,108144.98,108142.77,108290.0,108080.88,1751670900000,2139
20.36468845,108081.4264,108142.76,108027.45,108290.0,107989.2,1751671800000,2117
16.12782387,108058.7204,108027.45,108028.6,108230.0,108013.5,1751672700000,1882
25.77179422,108014.2454,108018.9,108052.93,108180.0,107978.4,1751673600000,2394
20.29409293,108122.8769,108052.94,108118.74,108290.0,108027.9,1751674500000,2227
13.909409809999998,108166.6605,108118.74,108231.39,108370.0,108090.08,1751675400000,2183
12.97898685,108231.7254,108231.39,108226.71,108380.0,108154.97,1751676300000,1963
20.3889276,108151.167,108225.8,108119.96,108340.0,108094.24,1751677200000,2122
19.177788589999995,107995.1472,108135.7,107969.56,108250.0,107932.5,1751678100000,2090
13.091402480000001,108014.6144,107969.55,108029.69,108180.0,107937.71,1751679000000,1778
13.236709089999998,108013.4889,108029.7,108029.72,108160.0,107976.0,1751679900000,1740
18.16412992,107934.841,108029.72,107927.1,108110.0,107829.7,1751680800000,2211
13.494993520000001,107935.8793,107927.1,107847.98,108110.0,107839.0,1751681700000,2136
23.32901482,107920.6523,107870.2,108001.75,108100.0,107783.1,1751682600000,2322
22.35269792,108097.6666,108001.75,108110.4,108240.0,107958.9,1751683500000,1967
30.459032699999998,108211.5355,108111.3,108159.26,108390.0,108110.4,1751684400000,2359
16.90732071,108231.9269,108159.27,108289.45,108400.0,108154.0,1751685300000,1782
15.84694538,108283.4517,108262.1,108163.28,108440.0,108163.07,1751686200000,1959
8.30682336,108197.8834,108163.29,108187.38,108310.0,108163.29,1751687100000,1496
22.966202060000004,108129.7031,108220.1,108138.38,108330.0,108063.75,1751688000000,1881
25.36533428,108263.0288,108138.38,108409.31,108510.0,108106.3,1751688900000,2033
18.34876474,108373.8068,108409.3,108263.97,108540.0,108263.96,1751689800000,1822
8.22479993,108218.1012,108263.97,108178.64,108400.0,108167.8,1751690700000,1571
22.429396100000005,108142.4433,108180.4,108128.7,108330.0,108071.5,1751691600000,1941
9.39761125,108150.0807,108169.41,108169.58,108270.0,108100.01,1751692500000,1367
9.86054879,108100.3417,108169.57,108111.76,108270.0,108052.26,1751693400000,1436
14.198640239999998,108160.918,108084.8,108168.62,108310.0,108084.7,1751694300000,1470
10.49300335,108165.9311,108168.62,108156.03,108310.0,108106.31,1751695200000,1438
17.595885350000003,108227.7348,108156.03,108258.97,108400.0,108136.03,1751696100000,1632
15.38294658,108291.6728,108258.97,108247.01,108430.0,108231.48,1751697000000,1883
13.490777330000004,108322.314,108247.01,108319.38,108430.0,108247.0,1751697900000,1421
16.71201732,108268.9383,108290.3,108188.47,108430.0,108180.04,1751698800000,1448
19.8379906,108175.1116,108188.47,108162.4,108320.0,108130.65,1751699700000,1499
20.991495930000003,108138.9622,108193.73,108095.27,108270.0,108064.51,1751700600000,1551
21.79093306,108075.7832,108095.26,108110.18,108220.0,108041.76,1751701500000,1210
13.04323336,108104.6613,108076.2,108076.2,108260.0,108053.43,1751702400000,1393
8.58572362,108125.3178,108160.6,108098.59,108270.0,108076.1,1751703300000,1301
14.54161213,108011.075,108076.2,107997.3,108220.0,107967.22,1751704200000,1503
12.67687231,108034.2,107998.86,108055.59,108170.0,107967.22,1751705100000,1252
8.66798663,107992.8708,108051.6,107963.7,108170.0,107940.61,1751706000000,1289
11.57603986,107949.4045,107986.89,107973.01,108100.0,107914.58,1751706900000,1436
11.457464199999999,107978.1762,107973.01,107995.08,108120.0,107932.51,1751707800000,1283
17.947228360000004,108130.744,107995.07,108123.86,108270.0,107965.3,1751708700000,1561
8.258739870000001,108135.027,108146.1,108127.9,108270.0,108090.09,1751709600000,1283
9.95971417,108151.254,108127.89,108173.54,108300.0,108098.19,1751710500000,1506
13.30914019,108205.1023,108173.55,108194.27,108350.0,108161.2,1751711400000,1289
10.97976385,108197.5453,108194.27,108132.2,108350.0,108130.63,1751712300000,1326
11.710716710000002,108172.046,108178.4,108178.3,108290.0,108131.29,1751713200000,1180
13.13306986,108200.7576,108178.4,108213.08,108330.0,108160.74,1751714100000,1176
11.64416394,108250.3876,108213.08,108261.15,108370.0,108204.9,1751715000000,1362
44.40296565,108217.6249,108261.14,108206.7,108370.0,108146.85,1751715900000,2000
10.25162783,108086.9284,108206.7,108089.19,108280.0,108030.1,1751716800000,1611
16.2348049,108069.7393,108089.19,108056.36,108210.0,108031.21,1751717700000,1689
11.896796800000002,108059.3228,108056.37,108124.56,108230.0,108001.41,1751718600000,1699
9.65929362,108168.0132,108124.56,108145.0,108290.0,108047.3,1751719500000,1540
15.01664284,108209.3923,108145.0,108172.86,108340.0,108145.0,1751720400000,1783
10.6538591,108223.2928,108172.85,108230.7,108370.0,108164.2,1751721300000,1838
16.16201085,108179.7703,108247.68,108217.73,108370.0,108135.02,1751722200000,2247
12.928301540000001,108185.5743,108217.72,108166.01,108310.0,108138.75,1751723100000,1902
21.191728110000003,108190.4861,108175.7,108198.74,108330.0,108135.01,1751724000000,2250
32.069872450000005,108227.2215,108182.5,108217.32,108360.0,108182.4,1751724900000,2338
12.89898183,108221.7164,108217.32,108206.41,108340.0,108168.49,1751725800000,2117
13.60045392,108211.6968,108191.7,108238.06,108340.0,108166.0,1751726700000,1975
14.886329949999999,108222.8254,108183.9,108197.9,108330.0,108183.8,1751727600000,1967
17.52846803,108173.9918,108211.43,108153.33,108320.0,108152.23,1751728500000,2014
12.750213409999997,108149.1921,108153.34,108111.03,108290.0,108099.1,1751729400000,2152
21.399426769999998,108118.126,108111.02,108103.3,108250.0,108082.14,1751730300000,2132
17.497541079999998,108086.5469,108103.3,108085.42,108220.0,108034.7,1751731200000,2415
20.644094720000005,108068.8695,108085.42,108002.1,108220.0,108000.0,1751732100000,2612
71.81746756999999,107949.8263,108045.1,107983.85,108150.0,107900.0,1751733000000,3135
25.391758560000003,108059.8768,107983.84,108143.85,108230.0,107934.09,1751733900000,2734
20.112124090000002,108072.9803,108143.6,108047.14,108280.0,107994.46,1751734800000,2549
12.228393070000001,108035.5036,108047.14,108005.4,108180.0,107964.91,1751735700000,2225
11.018912860000002,108045.7627,108046.08,108120.5,108200.0,108005.4,1751736600000,2043
11.24089991,108117.3133,108114.41,108124.5,108230.0,108065.75,1751737500000,2073
12.456046249999998,108086.1057,108124.5,108040.0,108230.0,108036.75,1751738400000,2103
15.05142905,108035.3153,108062.1,108019.54,108180.0,108003.61,1751739300000,2403
17.139742220000002,108036.7098,108019.55,108056.89,108150.0,108001.0,1751740200000,2505
18.106326309999996,108053.4639,108061.75,108040.28,108160.0,108020.3,1751741100000,2364
29.914022329999998,108011.5584,108030.4,107993.81,108160.0,107981.4,1751742000000,2837
17.65331823,108031.105,107993.82,108089.79,108160.0,107982.8,1751742900000,2182
23.62351531,108119.926,108089.78,108156.64,108250.0,108039.9,1751743800000,2642
17.9559424,108195.7621,108156.63,108180.64,108280.0,108141.7,1751744700000,2270
39.55917087,108133.0292,108163.9,108081.99,108280.0,108065.76,1751745600000,2469
21.013653109999996,108079.1919,108082.0,108027.09,108200.0,108027.0,1751746500000,2167
13.300359749999998,108098.3039,108027.09,108107.31,108190.0,108027.08,1751747400000,1939
17.95684285,108136.7111,108107.32,108135.04,108240.0,108097.3,1751748300000,2132
60.35169912,108160.5447,108132.8,108102.46,108260.0,108102.46,1751749200000,2751
16.97683214,108125.1773,108102.45,108132.49,108230.0,108084.0,1751750100000,2095
16.119941089999998,108152.318,108230.0,108141.2,108250.0,108094.6,1751751000000,2257
19.56331472,108146.3414,108141.2,108120.26,108280.0,108093.13,1751751900000,2540
24.228152499999997,108140.2835,108122.7,108145.1,108250.0,108091.29,1751752800000,2664
14.95219333,108165.1243,108150.13,108180.0,108230.0,108131.91,1751753700000,1821
24.96562728,108198.3296,108150.0,108220.08,108300.0,108131.51,1751754600000,2455
13.40233422,108233.7833,108220.07,108220.17,108300.0,108174.9,1751755500000,1927
17.588644210000002,108260.3361,108225.1,108273.11,108330.0,108220.17,1751756400000,2181
17.98973568,108239.826,108273.1,108250.01,108340.0,108207.13,1751757300000,1945
17.58276327,108245.2885,108250.0,108270.28,108330.0,108215.41,1751758200000,1962
14.41061454,108244.8585,108270.28,108246.65,108270.28,108226.01,1751759100000,1659
23.987603160000006,108206.6915,108249.5,108168.46,108350.0,108147.89,1751760000000,2243
12.30531152,108184.4286,108168.46,108248.06,108350.0,108135.58,1751760900000,1811
7.467013389999998,108243.2514,108248.05,108278.12,108350.0,108177.6,1751761800000,5102
5.842499129999998,108244.6578,108278.11,108251.71,108350.0,108215.24,1751762700000,4242
5.63572398,108221.4479,108238.8,108205.56,108340.0,108192.17,1751763600000,1596
6.58538996,108195.502,108202.9,108129.2,108310.0,108129.19,1751764500000,1584
9.474785469999999,108167.7901,108129.2,108178.6,108260.0,108115.34,1751765400000,1795
6.55644815,108207.166,108178.6,108248.81,108310.0,108169.83,1751766300000,1716
8.56288582,108258.6055,108248.81,108279.44,108350.0,108221.01,1751767200000,1831
12.966036959999999,108220.9997,108279.44,108186.18,108380.0,108160.0,1751768100000,2090
7.147565319999998,108167.9695,108187.85,108176.52,108280.0,108142.62,1751769000000,1685
10.79067495,108170.2998,108176.51,108091.99,108280.0,108083.23,1751769900000,1850
8.80497248,108107.4675,108140.1,108141.0,108220.0,108070.4,1751770800000,1735
9.67539319,108096.372,108140.99,108076.94,108230.0,108058.13,1751771700000,1683
10.362741540000002,108070.9299,108076.95,108098.25,108190.0,108044.0,1751772600000,1532
8.1735089,108091.6424,108098.25,108086.43,108190.0,108059.85,1751773500000,1601
6.82916604,108127.4369,108102.7,108129.8,108220.0,108084.0,1751774400000,1408
7.33128382,108092.6453,108143.42,108039.61,108220.0,108034.22,1751775300000,1724
8.76819162,108015.2008,108039.61,108018.6,108140.0,107979.45,1751776200000,1512
3.4425311400000003,108042.466,108053.52,108021.93,108130.0,108018.6,1751777100000,1375
4.33772788,108015.439,108029.3,108120.0,108130.0,108003.84,1751778000000,1587
3.42679071,108039.0496,108013.41,108047.42,108130.0,108012.07,1751778900000,1300
9.15088189,108028.4861,108047.42,108036.67,108130.0,108005.32,1751779800000,1321
6.437987990000001,108048.239,108029.4,108038.24,108130.0,108029.13,1751780700000,1281
11.894179710000001,108072.199,108044.8,108130.65,108190.0,108001.68,1751781600000,1711
19.8814795,108182.737,108130.65,108158.52,108330.0,108065.3,1751782500000,1729
21.286909360000003,108171.0019,108151.1,108194.16,108270.0,108103.81,1751783400000,1751
4.07203585,108174.6542,108184.9,108171.07,108250.0,108156.04,1751784300000,1311
4.881909769999999,108184.7913,108170.4,108185.88,108290.0,108157.19,1751785200000,1206
7.256741479999999,108193.8157,108185.88,108166.8,108300.0,108140.02,1751786100000,1310
2.84445707,108128.3021,108166.81,108102.93,108270.0,108090.1,1751787000000,1364
3.01672688,108096.7941,108102.93,108081.97,108230.0,108076.0,1751787900000,1390
8.12488776,108088.0806,108076.1,108057.11,108210.0,108053.34,1751788800000,1340
5.92714868,108030.5928,108057.11,108016.68,108180.0,108006.66,1751789700000,1215
5.418637139999999,108044.3014,108016.5,108055.29,108160.0,108016.4,1751790600000,942
3.56360883,108084.573,108055.3,108044.88,108180.0,108016.4,1751791500000,1114
4.31433056,108074.5543,108053.9,108190.0,108200.0,108033.4,1751792400000,1202
4.873778729999999,108065.8994,108097.12,108054.1,108200.0,108044.85,1751793300000,951
3.48097125,108067.4463,108048.2,108062.33,108190.0,108039.6,1751794200000,1120
44.55885283,107955.0078,108053.9,107887.44,108180.0,107850.01,1751795100000,2386
11.97334523,107918.7388,107895.4,107949.4,108070.0,107825.2,1751796000000,1397
10.7024963,107971.5543,107952.86,107988.7,108090.0,107936.23,1751796900000,1298
22.23012577,108069.6599,107988.7,108066.79,108250.0,107988.7,1751797800000,1667
4.90492011,108039.5586,108066.78,108024.23,108180.0,108007.65,1751798700000,1262
4.350252510000001,108017.3111,108015.6,108001.45,108160.0,107991.2,1751799600000,1308
31.53492065,107952.964,108001.45,108029.7,108140.0,107873.9,1751800500000,1463
5.30675969,108040.3854,108029.7,108074.72,108150.0,107994.5,1751801400000,1249
11.394042059999999,108062.2217,108074.72,108068.4,108200.0,108016.0,1751802300000,1359
8.399673129999998,108099.5487,108068.4,108102.93,108200.0,108068.3,1751803200000,1427
12.399804439999999,108104.2682,108102.93,108135.96,108200.0,108068.4,1751804100000,1449
20.87774099,108169.6205,108135.96,108211.14,108320.0,108111.5,1751805000000,1776
12.85208786,108252.939,108200.0,108277.42,108360.0,108199.9,1751805900000,1491
16.259348600000003,108239.6943,108203.9,108271.77,108370.0,108203.8,1751806800000,1787
47.67156247,108384.9304,108271.77,108511.01,108590.0,108245.4,1751807700000,3005
92.26767297,108634.5123,108511.01,108723.85,108810.0,108491.5,1751808600000,5054
141.45697983,108959.0094,108734.66,108804.99,109310.0,108679.7,1751809500000,5831
31.91750587,108826.849,108760.8,108832.46,109010.0,108740.5,1751810400000,3236
34.310379989999994,108938.5022,108789.9,108936.09,109030.0,108789.9,1751811300000,2865
61.339924370000006,108872.4518,108936.09,108777.25,109140.0,108625.8,1751812200000,3893
28.935217839999993,108839.7511,108759.0,108961.48,109060.0,108660.07,1751813100000,2953
24.042085410000002,108955.8365,108912.0,108945.07,109100.0,108872.52,1751814000000,2878
21.567200909999997,108861.5739,108929.8,108855.85,109010.0,108751.78,1751814900000,2958
14.110268800000002,108806.2276,108866.29,108795.93,108970.0,108687.7,1751815800000,2807
20.79767333,108806.5629,108795.94,108944.6,109020.0,108721.92,1751816700000,2751
21.938205540000002,108872.2663,108921.9,108780.01,109100.0,108740.17,1751817600000,3067
18.61215687,108859.6434,108780.01,108850.01,108980.0,108759.5,1751818500000,2808
22.020835440000003,108816.8019,108864.0,108763.31,108950.0,108729.86,1751819400000,3225
19.753048170000003,108822.4086,108763.65,108879.14,109010.0,108728.75,1751820300000,2731
21.34602421,108822.5396,108850.0,108778.7,108990.0,108741.32,1751821200000,2498
16.15285068,108856.191,108782.75,108895.55,109000.0,108773.25,1751822100000,2333
41.46309100999999,108947.6783,108895.54,108970.37,109130.0,108881.7,1751823000000,2634
16.208560290000005,108935.4217,108970.37,108933.6,109100.0,108881.59,1751823900000,2258
26.11833807,108848.5368,108933.6,108807.17,109060.0,108774.0,1751824800000,2438
24.67115669,108689.4104,108807.17,108581.73,108940.0,108512.21,1751825700000,2977
31.863997,108544.6985,108581.72,108590.0,108750.0,108404.19,1751826600000,3441
60.839361170000004,108414.3126,108436.04,108497.22,108590.0,108307.87,1751827500000,3774
13.792133769999998,108591.5983,108484.9,108580.12,108740.0,108484.8,1751828400000,2699
15.831917350000001,108533.2771,108580.11,108483.32,108700.0,108478.14,1751829300000,2487
13.82153182,108430.2656,108483.32,108387.43,108640.0,108346.69,1751830200000,2803
17.35527507,108485.9474,108387.43,108570.58,108660.0,108324.13,1751831100000,2663
70.01138623,108772.3938,108530.9,108812.99,108950.0,108530.8,1751832000000,3384
16.002753050000003,108800.9078,108812.99,108733.09,108970.0,108730.48,1751832900000,2613
12.15382705,108758.5535,108733.08,108780.41,108920.0,108724.63,1751833800000,2303
18.57606909,108747.8361,108780.41,108695.55,108950.0,108691.6,1751834700000,2710
30.59586108,108810.5518,108691.7,108963.38,109060.0,108682.08,1751835600000,3002
77.97556268000001,109206.7787,108947.23,109332.25,109470.0,108919.9,1751836500000,4394
152.95034233000004,109527.9427,109332.24,109467.37,109860.0,109230.78,1751837400000,7670
41.09439069,109251.0034,109464.32,109240.52,109570.0,109027.43,1751838300000,4323
102.24652369,109355.2867,109240.51,109353.4,109680.0,109221.87,1751839200000,5838
43.12375936000001,109461.9661,109411.61,109485.01,109630.0,109332.58,1751840100000,3829
25.325943129999995,109387.5821,109446.0,109358.85,109570.0,109285.17,1751841000000,3299
30.559274929999997,109363.7647,109336.6,109261.16,109490.0,109228.34,1751841900000,3363
77.53279851,109171.0291,109233.9,109266.6,109410.0,109037.07,1751842800000,4840
46.73971030999999,109178.1024,109266.59,109084.53,109350.0,109061.63,1751843700000,4077
35.11834981,109094.7046,109084.52,109191.23,109290.0,109004.0,1751844600000,3483
21.67597309,109238.8783,109191.23,109217.98,109390.0,109152.78,1751845500000,3149
66.59095339000001,109194.3877,109223.2,109269.4,109400.0,109118.45,1751846400000,4878
48.792846770000004,109108.7808,109300.0,109031.38,109420.0,109002.23,1751847300000,4705
85.34127058000001,108972.0899,109031.38,108861.96,109200.0,108839.94,1751848200000,5568
41.28974127000001,108867.3193,108861.96,108842.35,109070.0,108798.42,1751849100000,4273
94.98953715,108744.5458,108877.1,108785.0,108980.0,108683.4,1751850000000,5410
28.09833575,108894.3533,108767.4,108934.62,109070.0,108744.56,1751850900000,4235
29.912258519999998,109074.5317,108934.62,109065.2,109220.0,108928.74,1751851800000,2975
27.4465802,109047.1736,109065.19,109045.31,109220.0,108967.01,1751852700000,2899
48.68848591,109371.2832,109043.23,109486.82,109640.0,109031.4,1751853600000,3798
42.79241684,109489.484,109485.89,109477.42,109650.0,109434.05,1751854500000,3358
25.0760273,109418.9159,109470.9,109511.26,109620.0,109363.4,1751855400000,2712
61.78756392,109484.6498,109511.27,109405.59,109620.0,109381.7,1751856300000,2502
20.07510543,109468.4498,109382.5,109429.12,109630.0,109382.4,1751857200000,2686
57.766670729999994,109589.6274,109429.12,109652.73,109830.0,109421.6,1751858100000,3612
37.58210509,109582.5238,109652.72,109563.2,109770.0,109539.73,1751859000000,2815
26.23830254,109451.2749,109563.1,109426.67,109690.0,109385.2,1751859900000,2372
17.396453410000003,109421.8448,109385.3,109351.41,109590.0,109322.0,1751860800000,2479
25.56610662,109270.3049,109351.4,109253.66,109510.0,109210.0,1751861700000,2412
6.00992927,109214.4246,109253.66,109162.54,109390.0,109151.0,1751862600000,2037
10.040501749999999,109162.8709,109162.53,109136.43,109330.0,109131.76,1751863500000,1661
13.81442496,109171.7641,109143.1,109167.29,109330.0,109136.17,1751864400000,3091
12.958732309999998,109175.4562,109167.28,109135.19,109330.0,109135.19,1751865300000,2507
18.847054319999998,109156.7995,109150.1,109167.32,109320.0,109052.34,1751866200000,2859
12.96825378,109121.5294,109178.2,109080.1,109310.0,109036.53,1751867100000,2752
33.152672079999995,109084.1443,109080.1,109148.12,109300.0,109017.22,1751868000000,2591
10.725718839999999,109175.3037,109148.11,109160.7,109300.0,109139.9,1751868900000,2512
39.32313355000001,108979.8024,109177.5,108831.68,109290.0,108831.68,1751869800000,3178
35.7321925,108832.4397,108900.0,108791.67,109010.0,108772.89,1751870700000,1977
32.72087125,108771.4174,108787.3,108893.4,109010.0,108657.35,1751871600000,2552
14.7237906,108913.5757,108882.24,108926.27,109080.0,108857.08,1751872500000,1772
15.15911665,108950.8602,108926.27,108948.11,109090.0,108853.71,1751873400000,1539
10.787321829999998,109038.5781,108948.11,109087.74,109200.0,108948.11,1751874300000,1480
43.29348428000001,109037.8033,109086.78,108923.79,109210.0,108923.78,1751875200000,2261
11.84399964,108922.854,108923.79,108900.85,109090.0,108881.59,1751876100000,1435
12.52181287,108969.8777,108943.6,109052.83,109240.0,108865.26,1751877000000,1790
10.63186283,109033.6184,109054.09,109029.86,109200.0,108952.33,1751877900000,1522
11.23647951,108919.0165,109029.86,108914.27,109190.0,108852.71,1751878800000,1986
9.8616724,108841.2655,108914.28,108876.33,109010.0,108771.41,1751879700000,1620
19.670561619999997,108926.9442,108876.33,108925.1,109050.0,108826.58,1751880600000,1724
21.27546507,108895.2608,108930.9,108872.7,109040.0,108791.55,1751881500000,1792
36.26013761,108800.364,108868.8,108861.82,108980.0,108740.34,1751882400000,2582
79.57357739000001,108870.5428,108862.78,108910.0,109020.0,108745.6,1751883300000,3773
43.42945606,108763.1771,108800.1,108760.52,108920.0,108727.76,1751884200000,2869
18.48721294,108740.1324,108760.52,108695.04,108910.0,108681.47,1751885100000,3333
22.4027475,108728.2192,108740.1,108740.1,108870.0,108685.11,1751886000000,3172
29.82140422,108709.4492,108727.1,108756.51,108920.0,108585.0,1751886900000,3440
13.49804263,108724.7607,108756.51,108764.61,108900.0,108650.0,1751887800000,2172
14.63842378,108684.6663,108764.61,108648.0,108890.0,108638.04,1751888700000,3422
24.834994130000005,108582.6364,108648.0,108538.76,108790.0,108506.23,1751889600000,3075
62.94784963,108468.75,108538.76,108434.42,108670.0,108400.0,1751890500000,3504
23.66005971,108499.4542,108434.42,108548.5,108670.0,108400.0,1751891400000,2544
45.26953729000001,108432.6822,108548.5,108356.14,108690.0,108317.56,1751892300000,3385
42.73267027,108321.97,108340.2,108280.62,108530.0,108225.45,1751893200000,3301
116.81761043,108224.7622,108280.62,108424.43,108560.0,108023.28,1751894100000,5387
187.38873627,108207.233,108424.4,108140.27,108640.0,108001.2,1751895000000,8073
164.10369729,108295.4503,108146.83,108525.6,108680.0,108004.83,1751895900000,7563
137.79762284999998,108485.7206,108534.88,108157.0,108790.0,108114.41,1751896800000,8109
168.61674978,108203.5123,108158.68,108157.22,108420.0,108069.3,1751897700000,6957
81.86305748000002,108062.6555,108169.1,108190.01,108330.0,107961.97,1751898600000,5954
86.65624294999999,108257.7329,108213.4,108235.51,108500.0,108108.01,1751899500000,6163
118.63579064999999,108386.9137,108242.1,108455.55,108600.0,108216.4,1751900400000,6506
147.78067542000002,108496.6672,108455.0,108569.32,108710.0,108267.21,1751901300000,6100
134.21044152,108555.7948,108569.31,108500.23,108780.0,108427.72,1751902200000,6207
198.24404089,108372.5631,108500.22,108309.93,108650.0,108279.0,1751903100000,6595
176.98905192,108317.3325,108309.93,108324.1,108520.0,108257.12,1751904000000,6559
138.10508678000002,108167.0739,108281.6,108206.6,108610.0,107913.76,1751904900000,8782
48.92768107999999,108266.6477,108206.6,108390.0,108470.0,108130.63,1751905800000,5668
62.44945880000001,108042.5621,108293.76,107980.23,108450.0,107906.01,1751906700000,4896
135.08792008999998,107880.1194,107951.5,108039.82,108180.0,107761.1,1751907600000,6404
35.87109297,108064.5658,108035.62,108146.84,108280.0,107998.29,1751908500000,3787
104.95725546,108070.2891,108146.84,108006.04,108490.0,107925.77,1751909400000,5027
53.33438480999999,107992.0173,108006.03,107950.98,108190.0,107897.75,1751910300000,4018
27.89077655,108011.6627,107930.1,108063.81,108240.0,107922.4,1751911200000,3589
127.32723968,107757.3389,108068.51,107548.52,108200.0,107523.51,1751912100000,6012
106.74301984,107634.2094,107548.52,107750.31,107960.0,107507.0,1751913000000,5473
39.69298846,107903.8763,107750.31,108030.97,108140.0,107750.3,1751913900000,3851
62.82890432,108109.253,108026.73,108175.66,108320.0,107999.9,1751914800000,4232
75.76354599,108260.1523,108177.16,108206.0,108450.0,108167.93,1751915700000,4463
66.76514456999999,108214.0358,108204.61,108121.27,108380.0,108116.57,1751916600000,4203
132.26704259000002,108104.6383,108121.26,108058.12,108310.0,108019.02,1751917500000,6303
59.327820540000005,107963.3567,108053.62,107998.1,108220.0,107863.43,1751918400000,4232
48.95222426,108015.1786,107999.99,108043.35,108250.0,107900.49,1751919300000,3836
82.73121937,108104.906,108048.33,108010.61,108280.0,108007.55,1751920200000,3712
52.96747226000001,107921.413,108065.9,107890.46,108180.0,107864.87,1751921100000,4000
39.31010852,107963.5631,107908.1,107976.32,108110.0,107871.6,1751922000000,3658
58.652717419999995,107884.427,107976.31,107817.79,108120.0,107800.87,1751922900000,4399
76.12728369,108020.474,107817.79,108059.15,108260.0,107811.54,1751923800000,5412
51.69531600999999,108203.0235,108063.75,108191.07,108360.0,108063.75,1751924700000,4637
44.19656154,108101.7713,108153.0,108067.24,108300.0,107986.41,1751925600000,4118
55.85356785,108042.8241,108067.23,108015.38,108230.0,108000.04,1751926500000,3160
22.26747861,108035.6474,108038.3,108104.28,108210.0,108000.0,1751927400000,3518
18.50003421,108049.838,108104.28,108024.72,108190.0,108014.6,1751928300000,3729
33.65233717,108128.4331,108020.1,108204.15,108340.0,108020.0,1751929200000,3816
12.82080512,108186.5571,108204.24,108176.86,108350.0,108152.0,1751930100000,3011
21.48541406,108252.5507,108186.78,108209.44,108410.0,108181.7,1751931000000,3432
28.725303389999997,108264.4685,108214.53,108269.84,108420.0,108212.56,1751931900000,3387
38.133894559999995,108271.67,108282.1,108267.7,108430.0,108187.34,1751932800000,4472
53.565434499999995,108298.0578,108267.7,108429.27,108540.0,108200.0,1751933700000,4768
30.29254294,108459.6549,108405.9,108534.5,108640.0,108318.42,1751934600000,4462
60.55398426,108381.3505,108534.5,108298.89,108620.0,108202.29,1751935500000,5362
21.16743425,108207.6592,108341.6,108172.81,108480.0,108124.21,1751936400000,4016
45.82890992,108064.5847,108192.1,108052.09,108330.0,107990.0,1751937300000,3863
49.65288591,107984.0057,108065.5,107880.54,108240.0,107864.4,1751938200000,4359
59.88980137,107834.1435,107880.53,107691.55,108060.0,107666.01,1751939100000,4660
73.15513503,107646.2223,107691.54,107649.51,107950.0,107518.14,1751940000000,4656
91.87197242,107658.9154,107657.7,107918.47,108080.0,107438.33,1751940900000,5663
50.26963615,107804.8766,107918.48,107730.16,108080.0,107686.83,1751941800000,3607
20.904768169999997,107723.2561,107730.16,107781.46,107930.0,107552.84,1751942700000,3128
27.228330109999998,107782.3005,107774.0,107785.85,107990.0,107683.49,1751943600000,2751
21.01786165,107869.8555,107785.85,107899.22,108030.0,107753.16,1751944500000,2465
17.634145389999997,107961.7592,107896.22,107958.9,108130.0,107880.07,1751945400000,2157
11.239897289999998,107907.805,107956.55,107905.48,108110.0,107866.85,1751946300000,2120
27.73149639,107842.1932,107912.0,107828.77,108070.0,107797.2,1751947200000,2311
26.49460842,107811.5169,107828.77,107867.66,108010.0,107750.08,1751948100000,2198
11.864082090000002,107963.7535,107867.67,107989.92,108130.0,107824.1,1751949000000,1945
17.653630169999996,107998.5416,107989.92,108037.79,108140.0,107954.48,1751949900000,2009
17.62532464,108019.3216,108000.0,108019.73,108180.0,107983.77,1751950800000,1855
15.244627499999996,108049.542,108019.73,108096.89,108200.0,108005.41,1751951700000,1564
10.90390472,108046.8838,108096.89,108130.82,108240.0,108010.68,1751952600000,1738
18.430611550000002,108184.4543,108052.7,108210.81,108350.0,108052.7,1751953500000,1866
23.25158541,108224.0087,108210.81,108247.23,108390.0,108152.4,1751954400000,1926
11.301126970000002,108200.3229,108247.23,108187.77,108370.0,108127.9,1751955300000,1820
17.80484296,108255.7689,108174.1,108308.71,108420.0,108174.0,1751956200000,1852
14.2801915,108321.3827,108308.71,108299.87,108490.0,108234.3,1751957100000,1921
7.3909455600000005,108282.13,108299.87,108295.6,108460.0,108231.12,1751958000000,1514
32.32099572,108337.8009,108236.08,108361.48,108510.0,108224.35,1751958900000,2163
13.879135530000001,108400.6971,108361.48,108426.67,108540.0,108327.13,1751959800000,1659
38.317740959999995,108470.09,108426.68,108506.19,108630.0,108403.1,1751960700000,2307
44.75839233000001,108496.3276,108506.19,108489.55,108640.0,108449.29,1751961600000,2430
37.85840151,108468.0645,108489.55,108401.69,108640.0,108381.05,1751962500000,2151
16.40634937,108377.2807,108451.4,108297.39,108540.0,108287.0,1751963400000,1789
7.608887859999999,108304.7924,108300.29,108267.18,108490.0,108267.17,1751964300000,1317
53.36344810999999,108293.7591,108291.9,108333.2,108470.0,108229.67,1751965200000,1748
7.119308920000002,108353.9229,108342.96,108402.26,108510.0,108288.32,1751966100000,1430
7.20643031,108443.2101,108402.27,108499.99,108620.0,108380.7,1751967000000,1528
7.943010609999999,108479.9115,108499.99,108468.19,108610.0,108444.6,1751967900000,1335
15.46277545,108468.8216,108455.0,108526.74,108630.0,108405.39,1751968800000,1838
59.81981046000001,108583.9505,108526.74,108554.1,108800.0,108454.9,1751969700000,2979
133.46297575,108782.9214,108531.05,108901.77,109030.0,108522.49,1751970600000,5445
60.37219872,108856.2704,108901.76,108841.41,109000.0,108808.24,1751971500000,3560
80.43768854,108932.6674,108844.55,108960.06,109130.0,108835.0,1751972400000,3973
28.988069059999997,108959.0863,108960.06,108915.96,109090.0,108875.34,1751973300000,2184
68.03841510000001,108891.1293,108915.95,108906.13,109080.0,108846.4,1751974200000,2454
76.85549165,108828.7756,108871.2,108774.04,109030.0,108761.06,1751975100000,3065
36.49464678,108827.8305,108772.6,108828.19,108940.0,108769.98,1751976000000,2940
37.21273202,108756.7356,108828.19,108721.57,108930.0,108692.9,1751976900000,3284
30.532864340000003,108787.1219,108717.58,108813.78,108940.0,108708.9,1751977800000,2896
33.54172358,108892.2582,108785.0,108979.63,109090.0,108784.9,1751978700000,3632
47.463840879999985,108926.8249,108911.9,108863.11,109080.0,108840.35,1751979600000,3794
55.80475097000001,108869.5641,108849.1,108913.31,109040.0,108802.2,1751980500000,4114
152.80168225,108887.202,108913.31,109062.15,109190.0,108650.01,1751981400000,7774
204.02633654000005,109102.9653,109062.16,109050.46,109340.0,108900.01,1751982300000,8029
53.88010318,108751.9482,109077.4,108629.1,109200.0,108532.88,1751983200000,4794
85.65371604999999,108528.866,108639.55,108500.3,108840.0,108385.45,1751984100000,6055
53.74261893,108698.7793,108530.22,108769.56,108940.0,108473.6,1751985000000,4186
87.90306163,108528.1892,108758.0,108398.44,108880.0,108258.58,1751985900000,5798
43.25738543000001,108458.7802,108391.9,108462.09,108640.0,108329.16,1751986800000,4586
43.2921076,108411.2289,108462.09,108288.65,108650.0,108250.02,1751987700000,4060
46.37717412999999,108311.5889,108288.65,108330.02,108490.0,108222.53,1751988600000,4110
46.46857571000001,108308.7473,108330.02,108278.82,108510.0,108218.13,1751989500000,3842
57.78249925,108220.0435,108282.5,108157.7,108430.0,108119.36,1751990400000,5116
44.25696978,108259.4388,108170.84,108462.7,108680.0,108092.88,1751991300000,4204
41.464061220000005,108400.5576,108470.0,108370.33,108640.0,108193.09,1751992200000,4793
36.562358429999996,108396.0867,108371.72,108459.17,108600.0,108303.75,1751993100000,3860
81.64660669999999,108712.6811,108469.7,108790.9,109020.0,108449.81,1751994000000,5253
97.24128987999998,108928.3413,108790.88,108909.1,109160.0,108715.59,1751994900000,5639
47.40632496,108825.4969,108899.19,108798.7,109100.0,108704.05,1751995800000,4475
88.67716772,108997.3582,108793.79,109003.72,109220.0,108793.79,1751996700000,5019
93.91079059,109058.3655,109008.6,109133.09,109240.0,108914.28,1751997600000,5868
108.30024723,109083.3007,109136.1,109085.54,109270.0,108956.77,1751998500000,6044
125.84255075000002,109047.3872,109085.54,109050.95,109230.0,108971.28,1751999400000,6418
134.01210253,109105.6074,109042.81,109188.36,109290.0,108968.8,1752000300000,5411
124.12910230999998,109078.2823,109163.8,108993.13,109270.0,108975.69,1752001200000,5924
63.744408439999994,109018.3758,108993.14,109100.0,109170.0,108966.78,1752002100000,3884
80.42548785,108848.5591,109014.0,108809.51,109090.0,108772.8,1752003000000,4748
96.87763617,108801.0474,108784.7,108809.1,108980.0,108737.0,1752003900000,4868
52.823892910000005,108762.9379,108783.78,108730.55,108940.0,108718.38,1752004800000,4874
49.206944650000004,108802.5025,108730.54,108920.6,109070.0,108700.01,1752005700000,4520
30.34007992,108852.5666,108920.61,108807.08,109030.0,108795.58,1752006600000,3104
33.09260827,108726.7747,108807.08,108660.64,108910.0,108659.0,1752007500000,2833
45.277127920000005,108782.6807,108705.1,108779.16,108910.0,108659.0,1752008400000,3887
32.84264062,108723.4244,108779.16,108777.6,108870.0,108624.63,1752009300000,4345
36.97868915000001,108883.2378,108748.5,108933.38,109070.0,108748.5,1752010200000,4407
51.00351587000001,108926.4731,108933.38,109020.0,109080.0,108830.52,1752011100000,5098
30.576834380000005,108913.2609,108900.0,108980.0,109090.0,108830.45,1752012000000,4164
14.081400039999998,108889.8932,108876.13,108914.32,108990.0,108858.01,1752012900000,3391
27.04330224,108941.2032,108914.32,108933.5,109060.0,108874.3,1752013800000,3290
25.576046510000005,108936.2095,108933.49,108947.42,109070.0,108905.35,1752014700000,2978
52.048116459999996,108945.8838,108929.7,108942.8,109080.0,108889.77,1752015600000,3355
36.09487401,108955.026,108954.28,108878.39,109100.0,108839.27,1752016500000,2809
14.05127304,108961.7761,108878.4,108962.62,109090.0,108865.1,1752017400000,3046
24.21225726,108971.8288,108966.29,108931.9,109080.0,108925.8,1752018300000,2793
20.44110356,108911.2005,108932.0,108960.0,109070.0,108816.18,1752019200000,3447
23.579065510000003,108850.6308,108858.39,108827.27,108980.0,108806.75,1752020100000,3015
15.317177089999998,108861.9426,108829.91,108921.14,109020.0,108801.8,1752021000000,2931
18.55206167,108945.7265,108921.14,108969.21,109090.0,108881.57,1752021900000,2957
46.66450279,109089.8464,108951.0,109109.3,109270.0,108946.95,1752022800000,3711
25.801090090000002,108942.4678,109109.4,108819.55,109230.0,108780.2,1752023700000,3568
16.047842590000002,108811.1857,108819.54,108764.67,108930.0,108750.0,1752024600000,3054
17.942190989999997,108812.5572,108764.67,108920.0,108930.0,108741.52,1752025500000,2861
16.79921314,108854.0155,108788.9,108863.21,108980.0,108770.78,1752026400000,2747
16.99180439,108776.5902,108863.21,108748.66,108970.0,108714.7,1752027300000,2538
42.21197102,108721.9642,108748.65,108734.85,108880.0,108683.29,1752028200000,2977
17.182839519999998,108675.5281,108734.85,108643.37,108850.0,108605.33,1752029100000,2515
27.729142699999997,108590.709,108650.2,108620.0,108780.0,108480.0,1752030000000,2933
29.29709012,108456.8306,108482.37,108475.68,108610.0,108406.08,1752030900000,2655
31.423113930000007,108435.0759,108475.69,108402.89,108590.0,108398.0,1752031800000,2419
30.38572118,108398.0206,108416.8,108378.76,108530.0,108354.82,1752032700000,2801
18.10275407,108415.2856,108381.2,108375.5,108560.0,108357.07,1752033600000,2377
22.830427609999997,108387.8324,108361.54,108530.0,108530.0,108329.87,1752034500000,2811
24.96191717,108515.8463,108417.02,108509.7,108670.0,108415.7,1752035400000,2353
10.23741792,108573.9219,108509.7,108557.0,108690.0,108480.27,1752036300000,2112
12.539832509999998,108604.8441,108557.0,108690.0,108740.0,108534.9,1752037200000,2535
11.855419519999998,108562.64,108573.06,108523.5,108710.0,108502.88,1752038100000,1986
48.43990659999999,108815.261,108523.5,108896.35,109040.0,108506.73,1752039000000,3452
88.04947676,108783.699,108893.6,108787.66,109040.0,108646.12,1752039900000,2918
17.940719599999998,108771.6125,108790.2,108734.04,108950.0,108688.25,1752040800000,2242
16.193630380000002,108764.1922,108734.03,108727.53,108930.0,108706.15,1752041700000,2092
17.216712930000003,108719.8387,108723.6,108717.06,108870.0,108660.18,1752042600000,1917
16.90732328,108847.5604,108717.06,108865.5,108990.0,108716.8,1752043500000,2161
13.90861975,108851.0909,108865.5,108782.64,109000.0,108782.64,1752044400000,1659
8.720977049999998,108807.2139,108800.0,108799.63,108950.0,108760.14,1752045300000,1517
15.20280868,108773.7553,108797.6,108697.53,108920.0,108686.96,1752046200000,1429
9.52108389,108718.1824,108697.53,108738.16,108850.0,108688.81,1752047100000,1280
18.690968780000006,108746.4381,108747.4,108750.0,108900.0,108698.85,1752048000000,1455
9.255706660000001,108829.6861,108781.74,108837.0,108970.0,108749.9,1752048900000,1547
13.959204380000001,108800.5117,108837.0,108795.73,108960.0,108750.0,1752049800000,1447
9.380929669999999,108718.938,108794.91,108672.14,108910.0,108669.37,1752050700000,2217
10.4895353,108656.1359,108686.9,108572.72,108830.0,108572.71,1752051600000,2174
9.53873283,108626.1335,108572.71,108617.08,108770.0,108568.0,1752052500000,1761
10.812692810000001,108652.033,108616.93,108712.41,108830.0,108587.6,1752053400000,1768
6.349431369999999,108754.4077,108712.41,108721.0,108920.0,108683.0,1752054300000,1353
6.909357029999999,108754.3482,108721.1,108816.19,108930.0,108713.11,1752055200000,1745
9.75375122,108809.6421,108817.01,108805.77,108960.0,108758.9,1752056100000,1869
12.41927634,108836.326,108805.77,108841.8,108990.0,108790.3,1752057000000,1927
19.24340739,108867.4008,108898.02,108921.91,109020.0,108817.5,1752057900000,2006
26.038609369999996,108982.6219,108841.8,109033.29,109140.0,108841.8,1752058800000,2511
71.22668325000001,109078.8046,109033.29,109063.0,109210.0,108999.9,1752059700000,3647
50.61328526,109049.4234,109088.2,109086.11,109220.0,108946.96,1752060600000,2849
42.40741763999999,109111.336,109086.04,109068.9,109240.0,109049.9,1752061500000,2945
127.74579911,109293.007,109068.9,109404.16,109550.0,108996.34,1752062400000,4058
71.85192062,109480.5201,109404.16,109519.59,109630.0,109381.28,1752063300000,4423
67.89440146,109511.875,109519.59,109499.26,109650.0,109448.35,1752064200000,4179
58.31986738000001,109434.3441,109499.25,109352.08,109600.0,109289.39,1752065100000,4851
132.59268564,109659.4504,109342.8,109733.03,109900.0,109342.7,1752066000000,5553
52.301872530000004,109663.2233,109733.03,109602.93,109870.0,109572.61,1752066900000,4679
113.77283630000001,109538.955,109586.5,109467.96,109830.0,109366.99,1752067800000,6571
92.87479969999998,109408.011,109467.96,109203.07,109680.0,109152.39,1752068700000,5648
56.11590712,109235.1608,109202.3,109287.88,109440.0,109127.47,1752069600000,4566
120.64111192,109145.8144,109270.6,108938.78,109570.0,108865.48,1752070500000,4766
190.2257329,108710.3403,108931.79,108722.45,109060.0,108500.0,1752071400000,7620
99.32095239,108839.0728,108709.5,108901.87,109150.0,108604.98,1752072300000,5085
63.46990612,109034.6632,108912.1,108893.6,109300.0,108824.83,1752073200000,4696
40.34722531999999,109001.7994,108829.9,108995.15,109150.0,108829.9,1752074100000,3384
58.06149706000001,108935.2536,108995.16,108875.81,109130.0,108817.36,1752075000000,3715
47.213225009999995,109038.6172,108868.92,109086.77,109200.0,108868.9,1752075900000,3336
49.69703663,109127.7708,109098.0,109153.5,109290.0,109041.91,1752076800000,3549
53.63511207,109212.3881,109153.49,109211.72,109360.0,109107.1,1752077700000,4536
84.50953883999999,109330.6125,109239.2,109334.79,109430.0,109230.03,1752078600000,5312
80.12510511,109422.503,109334.87,109430.91,109570.0,109307.2,1752079500000,4725
68.72086834000001,109372.2767,109440.1,109276.01,109550.0,109272.8,1752080400000,4654
91.83856186,109197.4051,109319.4,109139.92,109410.0,109065.39,1752081300000,4134
42.999215469999996,109136.7982,109139.92,109182.25,109310.0,109042.97,1752082200000,3933
28.894106089999998,109156.1485,109181.0,109174.02,109290.0,109093.32,1752083100000,3551
128.00763616,109427.1215,109143.0,109490.17,109650.0,109135.43,1752084000000,5693
70.41518832999999,109548.1399,109490.17,109571.05,109670.0,109414.67,1752084900000,4812
44.13188171,109505.461,109538.3,109415.1,109660.0,109380.2,1752085800000,4158
57.59947484,109518.8255,109415.0,109563.77,109670.0,109397.59,1752086700000,3477
192.56730251,109616.2819,109543.8,109709.32,109760.0,109523.39,1752087600000,6592
830.3538550000001,110056.4212,109602.6,110394.12,110490.0,109602.6,1752088500000,22225
1114.58905809,110907.9134,110394.13,111441.86,111570.0,110292.0,1752089400000,28894
1248.16458898,111726.0372,111452.18,111792.0,112152.91,111252.1,1752090300000,36626
713.0264591000001,111525.9187,111699.4,111384.72,111990.0,111158.04,1752091200000,21559
418.13376902000005,111182.4834,111384.69,111035.41,111450.0,110956.52,1752092100000,13425
229.93593871999997,110967.0414,111040.59,111038.04,111180.0,110850.01,1752093000000,10436
195.16488358,110803.175,111038.04,110758.65,111070.0,110592.17,1752093900000,9794
228.51202144,111036.2085,110758.64,111088.55,111260.0,110700.01,1752094800000,10116
184.65640536,111184.9772,111088.55,111263.93,111390.0,111047.67,1752095700000,8930
60.525665180000004,111024.9846,111263.94,111099.98,111280.0,110880.55,1752096600000,5413
96.4129829,111029.8401,111099.99,110866.09,111220.0,110864.03,1752097500000,6712
82.50000643999999,111154.7896,110868.32,111358.39,111420.0,110868.32,1752098400000,5667
86.82843337999999,111274.3034,111300.0,111145.3,111450.0,111127.52,1752099300000,5918
94.93353615000001,111235.4965,111145.3,111335.28,111420.0,111128.8,1752100200000,5328
125.58949905999998,111416.7152,111335.29,111430.26,111530.0,111315.8,1752101100000,7515
176.29275179,111434.406,111429.89,111396.85,111570.0,111305.5,1752102000000,7051
117.14467728000001,111533.7649,111390.18,111466.84,111650.0,111390.17,1752102900000,7632
51.53846522,111486.3656,111466.84,111411.37,111630.0,111390.18,1752103800000,4719
54.625251150000004,111367.3493,111411.37,111282.85,111520.0,111267.79,1752104700000,4259
48.14414977,111316.9675,111323.7,111313.85,111450.0,111242.71,1752105600000,3630
54.57539594000001,111285.5899,111305.96,111185.85,111420.0,111185.72,1752106500000,3597
65.79586435000002,111126.7862,111185.85,111066.5,111320.0,111041.92,1752107400000,4132
64.40062289000001,111049.4204,111080.49,110950.01,111210.0,110941.7,1752108300000,4068
70.79431022999998,110977.9692,110957.9,111059.43,111110.0,110922.25,1752109200000,4211
24.941024239999997,111120.6847,111053.8,111149.14,111250.0,111049.02,1752110100000,3330
36.10999886,111220.738,111147.6,111244.9,111310.0,111135.12,1752111000000,2945
66.64895736999999,111304.7971,111244.89,111244.07,111450.0,111196.1,1752111900000,3838
106.23859816,111328.7129,111221.4,111415.14,111520.0,111221.4,1752112800000,4165
99.99370123,111470.6545,111433.0,111325.77,111660.0,111325.77,1752113700000,5701
58.364202549999995,111291.2777,111347.12,111230.85,111440.0,111200.0,1752114600000,5589
34.74278981,111236.9637,111230.85,111269.41,111340.0,111180.03,1752115500000,3853
39.04667145,111229.9452,111212.6,111169.9,111340.0,111169.89,1752116400000,4294
50.92536868,111177.7904,111169.89,111104.54,111320.0,111091.1,1752117300000,4975
32.94413641,111080.9746,111104.54,111080.41,111190.0,111041.6,1752118200000,3771
38.5921355,111101.4215,111080.41,111114.62,111180.0,111065.9,1752119100000,2864
28.886995240000005,111048.6506,111090.0,111012.39,111150.0,111000.01,1752120000000,3886
25.49472879,111063.0239,111012.39,111105.4,111160.0,111008.01,1752120900000,4011
66.23955727,111153.1304,111105.4,111199.28,111240.0,111078.4,1752121800000,3581
45.95073283,111174.5784,111167.6,111200.95,111270.0,111125.02,1752122700000,2594
36.561664560000004,111108.3049,111199.9,111039.15,111260.0,111022.25,1752123600000,2958
36.10035765,111038.0273,111039.15,111053.48,111120.0,111000.0,1752124500000,2749
33.50159696,111015.8891,111053.47,111002.66,111110.0,111000.0,1752125400000,3347
31.35737704,111091.2767,111002.67,111188.4,111250.0,111000.0,1752126300000,3019
39.657522619999995,111177.3248,111188.5,111193.3,111290.0,111126.0,1752127200000,2826
43.69292746000001,111260.8234,111205.52,111341.4,111400.0,111184.49,1752128100000,3370
73.18192952999999,111314.0857,111341.5,111197.38,111410.0,111189.6,1752129000000,4434
24.01220952,111277.8157,111197.38,111284.26,111390.0,111189.7,1752129900000,2340
72.60897851,111412.125,111284.4,111450.01,111550.0,111259.83,1752130800000,3293
147.55350812999998,111420.2513,111450.01,111413.35,111550.0,111369.87,1752131700000,5371
58.290595759999995,111349.5505,111413.36,111308.8,111520.0,111251.0,1752132600000,4468
38.96888481,111283.1416,111308.8,111272.74,111410.0,111178.5,1752133500000,2532
44.868292630000006,111215.3675,111272.74,111171.25,111380.0,111160.02,1752134400000,2302
31.4650531,111293.5076,111171.24,111319.09,111420.0,111165.8,1752135300000,3140
37.279487200000005,111378.2217,111319.1,111540.0,111540.0,111277.6,1752136200000,3993
55.9102326,111348.2462,111445.0,111272.6,111540.0,111244.96,1752137100000,3465
45.847023130000004,111229.124,111279.3,111222.23,111400.0,111176.95,1752138000000,2884
58.83284568999999,111204.2689,111222.16,111181.73,111360.0,111152.4,1752138900000,3357
53.78442741,111173.7809,111181.72,111130.57,111310.0,111112.6,1752139800000,3522
126.57834269,111121.1884,111130.57,111066.4,111240.0,111057.02,1752140700000,4810
51.10077722000001,111085.7335,111066.5,111033.35,111240.0,111032.3,1752141600000,3045
35.07371498,111064.8326,111049.9,111056.21,111210.0,111032.46,1752142500000,2423
61.18469988,111055.6886,111056.21,110994.8,111210.0,110942.85,1752143400000,3067
100.92040647999998,111030.2501,110994.8,111137.06,111240.0,110909.91,1752144300000,3466
70.31221562,111140.014,111099.9,111142.05,111310.0,111064.05,1752145200000,3735
139.40916854000002,111162.1705,111142.06,111213.99,111300.0,111076.52,1752146100000,3607
42.90783461,111142.0844,111213.99,111144.93,111270.0,111075.6,1752147000000,2781
39.745141589999996,111089.4306,111144.93,111076.74,111240.0,111021.81,1752147900000,2816
100.28452044000001,110931.3834,111063.9,110854.31,111160.0,110842.1,1752148800000,5642
60.091657,110881.2799,110852.84,110962.38,111070.0,110800.0,1752149700000,3601
51.85447853000001,110907.5153,110965.34,110878.8,111040.0,110861.91,1752150600000,2938
39.35902641,110858.719,110878.79,110906.56,111000.0,110809.61,1752151500000,3026
43.545192279999995,110944.3451,110872.0,110935.4,111100.0,110859.13,1752152400000,3465
89.87440039999998,110991.4995,110938.34,111088.65,111170.0,110905.01,1752153300000,4038
138.69566539000002,110790.2475,111088.67,110840.63,111180.0,110541.87,1752154200000,6237
150.53465045000002,110825.0023,110841.38,110930.0,111120.0,110629.0,1752155100000,6553
116.28995585,110968.6153,110930.0,111150.61,111250.0,110678.77,1752156000000,6403
176.36213421000002,111109.0912,111150.61,110925.1,111450.0,110755.69,1752156900000,7489
99.56784276,111111.2951,110925.1,111117.98,111310.0,110856.1,1752157800000,5049
85.79561109999999,111238.8094,111113.1,111318.3,111400.0,111038.91,1752158700000,5440
110.59312440000001,111252.3175,111249.6,111044.2,111440.0,111031.46,1752159600000,6677
108.06693483,111324.2708,111068.14,111406.02,111500.0,111044.1,1752160500000,6628
128.75422428000002,111339.8013,111400.29,111257.53,111540.0,111102.72,1752161400000,6728
88.26166209,111393.0883,111320.0,111485.5,111560.0,111180.0,1752162300000,5839
248.70046061,111519.428,111413.0,111548.15,111620.0,111395.16,1752163200000,7904
1274.54777388,112088.3278,111548.15,112487.54,112672.65,111541.6,1752164100000,24891
736.66461347,112683.7318,112477.78,112718.29,112817.0,112430.0,1752165000000,22821
319.25657295999997,112640.3358,112711.4,112737.45,112747.5,112470.0,1752165900000,13207
1078.52661386,113031.3793,112700.0,113502.84,113549.99,112630.0,1752166800000,23031
454.95502995,113351.7063,113170.0,113290.0,113546.82,113070.0,1752167700000,15283
494.07723945000004,113555.6137,113532.57,113650.0,113819.47,113210.0,1752168600000,15235
345.19028085,113737.132,113711.93,113808.4,113923.99,113400.0,1752169500000,14142
251.08473136,113547.356,113808.4,113406.3,113840.77,113260.0,1752170400000,10702
190.77406902000004,113417.8502,113408.29,113239.5,113702.03,113090.0,1752171300000,9876
210.76432156000004,113170.876,113242.92,113115.26,113366.38,112970.0,1752172200000,8102
219.64074207999997,113316.9776,113121.15,113501.0,113527.23,113000.0,1752173100000,8489
425.72618765,113699.6416,113501.0,113736.18,113787.44,113400.0,1752174000000,10566
271.53340317,113592.3507,113736.18,113425.95,113748.25,113330.0,1752174900000,8222
296.95872780999997,113291.4825,113425.95,113353.48,113447.6,113060.0,1752175800000,7790
297.06773637,113352.367,113353.47,113300.0,113530.16,113090.0,1752176700000,8669
163.41521221999997,113470.0769,113404.43,113550.47,113624.32,113210.0,1752177600000,8525
214.79969266000003,113554.1391,113557.43,113547.24,113620.65,113330.0,1752178500000,5018
151.00461897000005,113561.8236,113547.24,113678.34,113682.31,113380.0,1752179400000,5168
126.27845049999998,113620.7968,113678.35,113575.56,113693.13,113430.0,1752180300000,6394
184.16739374000002,113707.8786,113575.58,113753.9,113807.99,113390.0,1752181200000,9558
2288.1965318,115459.5953,113747.58,115680.0,117430.0,113590.0,1752182100000,55120
556.31032021,116269.9746,115770.79,116300.0,116842.0,115670.0,1752183000000,25094
439.84637473,116331.5651,116299.89,116478.62,116650.0,115810.0,1752183900000,20743
319.4308697899999,116257.0906,116457.27,116112.79,116499.99,115910.0,1752184800000,14748
169.24486893,116051.7456,116101.17,115918.81,116281.2,115810.0,1752185700000,10483
124.91190857000001,115867.7724,115918.81,115968.78,115982.61,115750.0,1752186600000,9337
139.26420048999998,116086.0964,115974.44,116021.0,116206.03,115870.0,1752187500000,8382
123.17296012999999,115999.4667,116029.8,116026.55,116121.04,115850.0,1752188400000,7290
91.52424905000001,115887.5767,116026.56,115827.9,116040.6,115750.0,1752189300000,6881
117.13999122999999,115728.3129,115804.82,115797.9,115832.94,115620.0,1752190200000,6864
68.21765512,115938.8074,115797.9,116031.3,116042.45,115690.0,1752191100000,6147
94.45722989999999,116003.7456,116031.29,115885.02,116103.17,115850.0,1752192000000,6715
181.05719585,115501.4513,115890.84,115507.64,115926.8,115211.74,1752192900000,8337
68.60777721,115553.5885,115498.45,115460.36,115732.2,115312.71,1752193800000,6672
60.32080002000001,115573.2827,115464.02,115600.47,115744.0,115416.3,1752194700000,5949
48.62399292999999,115588.516,115589.8,115655.87,115674.04,115510.0,1752195600000,4937
50.63474377,115828.1051,115586.9,115952.85,115994.79,115586.9,1752196500000,4932
49.17048044,115956.4365,115905.8,116017.12,116050.0,115880.0,1752197400000,4971
111.62747532,115973.4486,115958.7,115983.16,116099.36,115877.56,1752198300000,6232
77.47037067000001,115896.5879,115983.16,115994.97,116012.56,115690.0,1752199200000,6010
127.58930228,116208.1661,115999.99,116308.45,116333.88,115917.4,1752200100000,6782
133.84312745000003,116480.4486,116305.17,116523.8,116600.84,116220.0,1752201000000,7958
128.15192376,116650.2791,116533.4,116698.11,116827.84,116430.0,1752201900000,7381
68.83208495,116568.795,116666.3,116509.12,116699.02,116400.0,1752202800000,6415
92.98908047000003,116518.4546,116509.12,116546.13,116642.11,116380.0,1752203700000,6505
92.61789813000001,116518.3418,116550.01,116628.15,116628.15,116400.0,1752204600000,5340
103.52775604000001,116819.4537,116622.76,116930.12,116982.73,116530.0,1752205500000,6937
155.53724025,116797.6266,116899.7,116664.74,116941.56,116580.0,1752206400000,8107
52.417609909999996,116619.4972,116664.74,116592.75,116713.41,116510.0,1752207300000,5194
58.06153942,116587.7914,116593.74,116680.25,116700.0,116450.0,1752208200000,4809
71.51955815999999,116842.4473,116677.4,116939.66,116961.34,116600.0,1752209100000,5643
254.36313566999996,117096.5053,116897.0,117235.58,117376.94,116880.0,1752210000000,8762
183.89079868000002,117385.1405,117236.8,117523.17,117610.0,117130.0,1752210900000,8319
373.07662447000007,117805.2526,117523.17,117992.73,118124.6,117440.0,1752211800000,12487
367.47976801000004,118091.9487,117992.73,117899.73,118438.84,117720.0,1752212700000,12894
125.46292625000001,118138.108,117870.0,117940.0,118442.88,117740.0,1752213600000,9222
105.80437911000001,118223.1029,118044.4,118186.84,118384.87,117870.0,1752214500000,7901
84.10825186,118084.8272,118176.4,118015.0,118231.74,117780.0,1752215400000,6689
146.64845954,117761.5141,117934.9,117679.58,118036.8,117540.0,1752216300000,6714
111.55134764,117563.2526,117634.1,117503.66,117685.25,117370.0,1752217200000,6024
91.68877317999998,117692.8922,117518.3,117929.14,117944.34,117400.0,1752218100000,5601
165.28298563000004,117977.9402,117874.9,117860.0,118156.13,117740.0,1752219000000,6644
144.60008643,117759.7619,118020.05,117601.25,118062.77,117460.0,1752219900000,6107
113.60849818,117732.4207,117584.1,117842.58,117868.3,117500.0,1752220800000,6350
78.49825774,117926.0344,117809.6,118022.3,118046.0,117710.0,1752221700000,5152
149.08190309,118033.7584,117993.2,118057.91,118218.98,117780.0,1752222600000,7028
60.50593941,118037.467,118057.91,118028.29,118126.03,117850.0,1752223500000,4885
52.90287854000001,118016.4813,117987.6,118082.33,118106.28,117860.0,1752224400000,4782
70.21856016999999,118210.5705,118024.1,118219.52,118284.37,117970.0,1752225300000,6156
189.96594448000002,118585.6526,118219.56,118629.67,118909.74,118100.0,1752226200000,11047
80.89152443,118605.9314,118636.99,118514.58,118808.97,118370.0,1752227100000,6383
112.61567880000001,118305.3658,118500.3,118187.9,118518.91,118060.0,1752228000000,7339
166.66358710000003,118214.0196,118187.9,118278.42,118390.0,118030.0,1752228900000,8487
122.0317661,118177.6275,118294.2,118133.7,118371.58,118000.0,1752229800000,6336
104.43170704000002,118089.2016,118096.4,118029.37,118224.33,117920.0,1752230700000,5747
136.20146012,117993.841,118029.38,117766.87,118170.08,117690.0,1752231600000,7374
104.16591361999998,117695.7925,117765.69,117712.62,117786.86,117570.0,1752232500000,7358
74.25467235,117774.1441,117712.62,117795.02,117854.88,117668.0,1752233400000,5489
47.57113467,117846.1124,117799.55,117839.32,117990.85,117680.0,1752234300000,4849
98.83429132,118066.6319,117839.42,118240.1,118303.73,117824.3,1752235200000,5864
66.90368916999999,117978.893,118258.72,117772.08,118258.72,117751.31,1752236100000,5942
53.19930002000001,117829.1322,117775.1,117791.91,117930.58,117740.7,1752237000000,5441
72.957131,117810.8339,117791.91,117898.7,117937.08,117697.89,1752237900000,5765
80.83523384,117843.417,117892.7,117809.86,118047.06,117680.0,1752238800000,7265
94.76173422000001,117709.6695,117809.86,117657.27,117885.29,117610.0,1752239700000,7816
215.29938381999997,117547.3343,117657.27,117460.0,117824.13,117246.21,1752240600000,13579
217.40461468,117811.2352,117460.0,118010.86,118237.14,117320.89,1752241500000,10059
150.74223446,117977.6005,118008.1,117966.49,118199.99,117764.0,1752242400000,9487
186.84638676999998,117901.0888,117964.3,117936.25,118086.29,117690.0,1752243300000,10201
122.15633122,118017.5564,117971.5,118064.83,118187.97,117843.37,1752244200000,8348
184.86428186,117801.0581,118056.06,117901.0,118056.06,117405.96,1752245100000,10521
147.98740328,117819.8615,117863.9,117675.19,117996.62,117591.2,1752246000000,9022
134.14084341,117765.2648,117666.63,117788.76,117984.72,117611.6,1752246900000,8102
154.83707083000002,117511.1542,117792.18,117440.03,117792.18,117406.11,1752247800000,10282
273.5936144,117009.07,117426.8,116902.9,117493.0,116739.82,1752248700000,14575
231.45177430999993,116842.1384,116918.54,116863.74,117186.37,116590.0,1752249600000,12553
196.51412922,117038.7641,116800.0,117285.0,117330.4,116640.0,1752250500000,11556
131.25973783999999,117356.4506,117285.0,117348.42,117488.5,117219.62,1752251400000,8630
86.37495310999999,117359.2025,117348.42,117442.21,117493.0,117130.0,1752252300000,7522
166.45887777,117609.6835,117428.6,117509.4,117806.0,117350.0,1752253200000,8962
96.98592405000001,117562.4404,117529.5,117562.75,117722.75,117320.0,1752254100000,8045
290.68599766,117352.4036,117562.75,117433.47,117624.55,116904.0,1752255000000,8064
168.55008519999998,117596.4867,117434.2,117686.72,117751.94,117310.0,1752255900000,7401
286.11435738,117651.3633,117650.0,117609.48,117807.79,117470.0,1752256800000,9928
80.91499684,117558.8162,117609.47,117380.1,117725.6,117170.0,1752257700000,7305
81.63147518999997,117519.6567,117363.4,117664.24,117664.24,117220.0,1752258600000,6704
166.00365488,117639.0218,117615.1,117750.39,117783.42,117440.0,1752259500000,8965
261.10807696,117644.0892,117733.6,117806.39,117806.41,117370.0,1752260400000,7987
364.98017444000004,118040.003,117806.38,117961.72,118214.65,117630.0,1752261300000,11887
203.35482341,117941.5624,117961.71,117898.79,118028.92,117720.0,1752262200000,7380
250.24313930999995,118018.2333,117898.78,118191.06,118240.47,117720.0,1752263100000,8072
109.77896678000002,118032.0425,118191.07,117992.3,118203.39,117780.0,1752264000000,7241
59.230236510000005,117975.7827,118010.46,117994.69,118113.41,117770.0,1752264900000,6078
107.28438708000002,117901.9372,117994.69,117885.94,118007.84,117630.0,1752265800000,6423
101.74030573,117868.1421,117885.97,117740.03,117965.99,117580.0,1752266700000,5332
80.2905013,117704.8184,117724.1,117707.22,117812.15,117460.0,1752267600000,5759
72.93948639,117816.2612,117707.22,117909.77,117958.06,117530.0,1752268500000,5679
113.11892635999999,117666.6423,117909.78,117544.12,117911.0,117350.0,1752269400000,7196
71.26989493999999,117608.0521,117536.22,117679.68,117735.57,117330.0,1752270300000,5219
40.45189442,117631.5126,117679.67,117579.16,117734.66,117330.0,1752271200000,5038
137.71449877000003,117525.9885,117577.99,117288.9,117636.05,117090.0,1752272100000,7994
98.96466849999999,117474.0729,117315.31,117430.7,117723.36,117040.0,1752273000000,6903
70.48542246000001,117539.9218,117484.34,117669.84,117692.89,117320.0,1752273900000,4323
50.92545997,117666.1169,117669.84,117719.02,117738.15,117450.0,1752274800000,4689
28.239555149999997,117668.5363,117719.02,117671.01,117720.53,117460.0,1752275700000,4053
33.28139272,117647.8251,117671.0,117639.28,117729.0,117410.0,1752276600000,4629
183.42722471000002,117494.3328,117640.92,117582.16,117700.49,117176.0,1752277500000,4554
31.14800743,117586.3762,117532.6,117593.77,117707.49,117400.0,1752278400000,4199
27.4205713,117561.9285,117593.78,117566.49,117607.4,117370.0,1752279300000,3765
86.99413909,117304.3507,117538.7,117289.72,117566.51,116910.0,1752280200000,6171
32.434036309999996,117352.366,117261.5,117459.62,117465.68,117110.0,1752281100000,4117
70.56406806999999,117651.0873,117389.9,117652.63,117801.97,117270.0,1752282000000,4490
34.47605918,117681.3889,117609.8,117676.9,117748.77,117470.0,1752282900000,3972
23.85233704,117686.7742,117676.9,117656.95,117749.96,117440.0,1752283800000,3276
24.856820389999996,117669.7154,117656.95,117690.3,117727.66,117450.0,1752284700000,3159
23.167467799999997,117699.7952,117694.64,117708.6,117783.37,117490.0,1752285600000,3588
21.81396147,117778.8106,117708.6,117780.41,117858.09,117520.0,1752286500000,3052
23.02465612,117774.7362,117780.41,117731.95,117827.73,117560.0,1752287400000,3052
29.47351381,117667.9318,117743.4,117660.28,117752.88,117430.0,1752288300000,3500
21.33566346,117728.644,117631.2,117843.04,117854.81,117470.0,1752289200000,3039
28.823926589999996,117865.9243,117843.03,117891.51,117909.78,117650.0,1752290100000,3401
33.70268217,117841.3649,117891.52,117762.06,117910.0,117590.0,1752291000000,3489
23.911795930000004,117750.5154,117767.91,117838.46,117838.46,117520.0,1752291900000,3074
24.232067439999998,117864.8096,117739.2,117872.56,117951.83,117610.0,1752292800000,3457
70.79261324999999,117846.1214,117876.56,117925.62,117925.62,117620.0,1752293700000,2910
30.217332049999996,117816.3071,117925.61,117786.44,117925.61,117590.0,1752294600000,3764
30.6667513,117697.6457,117786.44,117716.29,117788.06,117470.0,1752295500000,4019
19.52171637,117651.7598,117694.9,117597.09,117738.69,117430.0,1752296400000,2834
25.98428164,117623.5387,117597.09,117676.28,117693.4,117420.0,1752297300000,1970
22.5875548,117694.7105,117676.26,117692.9,117756.14,117410.0,1752298200000,2603
14.15046692,117732.1259,117692.89,117744.28,117781.94,117500.0,1752299100000,2134
30.735260100000005,117771.1961,117700.0,117785.06,117848.49,117560.0,1752300000000,2956
46.482025379999996,117899.3579,117785.06,117963.44,118030.83,117590.0,1752300900000,2910
25.678126360000004,117988.5028,117950.0,118026.44,118060.15,117720.0,1752301800000,2540
24.746473390000002,117968.9115,118026.43,117902.73,118049.64,117740.0,1752302700000,2495
27.23664332,118006.1443,117963.5,118014.77,118130.31,117740.0,1752303600000,2901
25.46179087,118008.8205,118014.78,117994.98,118099.99,117780.0,1752304500000,2734
19.11372613,117867.3317,117994.98,117787.22,117998.9,117640.0,1752305400000,2245
12.641902580000002,117737.9767,117812.6,117797.06,117812.6,117540.0,1752306300000,2340
17.1096611,117844.8785,117784.2,117890.35,117894.89,117610.0,1752307200000,1851
14.076763099999999,117906.3232,117890.35,117900.1,117939.0,117710.0,1752308100000,1850
13.768593639999999,117876.4672,117900.2,117872.55,117927.4,117670.0,1752309000000,1917
25.366124139999997,117906.7552,117872.56,117971.06,118026.55,117640.0,1752309900000,2049
10.107952439999998,117948.1937,117920.3,117929.5,117994.05,117760.0,1752310800000,1782
27.23300261,118031.7992,117932.07,118022.79,118098.72,117770.0,1752311700000,2065
31.27327869,118008.813,118022.8,118089.4,118116.33,117840.0,1752312600000,2160
31.04670564,118174.1885,118089.4,118207.02,118244.51,117940.0,1752313500000,2347
42.942910600000005,118057.9726,118194.6,117830.0,118207.01,117800.0,1752314400000,3141
66.23040277,118124.3284,118032.45,118129.06,118224.91,117850.0,1752315300000,2651
15.23048261,118143.0796,118129.05,118134.72,118207.67,117950.0,1752316200000,1927
16.15309476,118101.5601,118134.72,118115.86,118197.72,117920.0,1752317100000,2066
44.206999689999996,118021.481,118110.2,117997.06,118159.49,117850.0,1752318000000,3251
36.84899448,118030.8096,117997.06,118046.72,118125.81,117830.0,1752318900000,2941
61.07510862,117899.3943,118046.72,117745.96,118089.74,117480.0,1752319800000,5155
51.36464028,117853.3053,117745.97,117870.35,117900.01,117530.0,1752320700000,3154
40.204572750000004,117822.6012,117843.6,117840.02,117933.08,117570.0,1752321600000,3666
60.61442345,117768.7988,117840.01,117707.79,117840.01,117500.0,1752322500000,3690
65.03574353,117629.2844,117520.0,117535.22,117781.0,117320.0,1752323400000,4952
77.83407772999999,117481.7381,117538.45,117360.0,117604.01,117130.0,1752324300000,5424
30.86614907,117512.7668,117589.01,117524.82,117632.34,117260.0,1752325200000,4121
19.09867069,117409.709,117524.89,117344.61,117524.9,117190.0,1752326100000,3926
32.37099628,117389.8297,117344.61,117420.04,117533.96,117130.0,1752327000000,4115
38.72183299,117425.0489,117420.05,117551.39,117551.4,117100.0,1752327900000,4346
50.281297589999994,117607.0201,117270.0,117645.33,117791.26,117250.0,1752328800000,4620
28.752165129999998,117662.0822,117624.7,117704.08,117769.66,117390.0,1752329700000,3779
42.919555900000006,117525.6687,117697.31,117507.19,117697.31,117210.0,1752330600000,4042
19.59642484,117420.9345,117498.4,117426.98,117518.55,117150.0,1752331500000,3133
53.38922292,117376.2171,117416.4,117460.48,117461.4,117130.0,1752332400000,3781
47.92270370000001,117367.4752,117460.49,117371.89,117517.94,116990.0,1752333300000,4491
55.172808610000004,117157.601,117371.89,117031.28,117497.76,116720.0,1752334200000,5517
69.93075282,117077.8086,117031.28,117154.27,117200.0,116730.0,1752335100000,5534
37.130396469999994,117188.7332,117164.5,117303.49,117325.49,116900.0,1752336000000,4251
41.29980432,117319.6867,117303.49,117341.41,117419.9,116990.0,1752336900000,3532
23.41308187,117353.4755,117341.41,117303.08,117446.11,117100.0,1752337800000,3278
27.83240938,117247.5984,117312.8,117238.78,117385.11,116980.0,1752338700000,3439
15.613055899999999,117283.3672,117214.0,117329.77,117378.76,116990.0,1752339600000,3082
40.030026219999996,117466.1947,117328.0,117489.97,117528.03,117120.0,1752340500000,3384
24.10751883,117515.6698,117489.97,117531.17,117629.36,117240.0,1752341400000,3523
22.52787886,117481.8755,117515.07,117517.49,117550.34,117290.0,1752342300000,3512
17.248798890000003,117506.0724,117468.0,117502.5,117546.99,117320.0,1752343200000,2957
29.012517120000002,117464.6276,117502.49,117457.18,117519.41,117290.0,1752344100000,3127
17.739297969999996,117451.8384,117459.76,117424.54,117540.94,117290.0,1752345000000,3109
17.3541693,117453.7574,117424.53,117538.87,117572.82,117290.0,1752345900000,2962
23.72459411,117601.4202,117500.0,117647.09,117666.85,117370.0,1752346800000,2980
22.89554707,117611.4891,117647.75,117483.93,117696.68,117330.0,1752347700000,3010
15.457466209999996,117559.998,117483.93,117635.05,117654.39,117320.0,1752348600000,2904
14.054635259999998,117607.6881,117635.05,117570.2,117675.0,117430.0,1752349500000,2500
26.58321858,117519.1737,117570.2,117491.78,117608.74,117350.0,1752350400000,3083
20.692418049999997,117471.1379,117491.48,117486.71,117520.03,117290.0,1752351300000,2756
18.18556278,117364.8821,117482.47,117389.13,117488.32,117260.0,1752352200000,2831
40.26748303,117255.1626,117389.12,116960.0,117417.63,116960.0,1752353100000,4013
40.067545859999996,117242.174,117122.1,117191.3,117340.16,116930.0,1752354000000,4392
18.49460852,117291.6562,117194.26,117367.26,117409.31,117050.0,1752354900000,3057
36.46442548,117485.5918,117367.22,117618.04,117624.05,117170.0,1752355800000,3559
11.22903269,117500.6191,117612.74,117529.33,117617.19,117310.0,1752356700000,2872
12.84951161,117516.0774,117500.1,117513.7,117612.91,117350.0,1752357600000,2823
15.04900895,117447.5403,117513.7,117506.53,117513.83,117230.0,1752358500000,2846
19.50584519,117480.2807,117486.4,117446.02,117563.0,117280.0,1752359400000,3016
18.662107370000005,117399.3414,117446.03,117411.2,117459.37,117260.0,1752360300000,2701
16.41792098,117369.0398,117411.2,117303.76,117461.28,117140.0,1752361200000,3384
11.872828299999998,117337.4132,117309.51,117332.8,117408.07,117160.0,1752362100000,2683
17.01011067,117320.7316,117330.03,117300.15,117370.22,117160.0,1752363000000,2760
31.632280760000004,117410.0263,117300.15,117472.65,117523.86,117160.0,1752363900000,2841
18.073242739999998,117394.3194,117461.0,117362.62,117521.14,117210.0,1752364800000,2952
19.933883799999997,117367.5585,117362.6,117437.53,117464.38,117140.0,1752365700000,3024
16.042144110000002,117404.6057,117398.0,117484.86,117499.99,117180.0,1752366600000,2868
13.95281834,117406.042,117484.86,117400.0,117484.87,117210.0,1752367500000,2629
17.483160150000003,117398.9427,117400.0,117378.47,117464.02,117200.0,1752368400000,2712
27.27875001,117361.4961,117356.4,117433.72,117468.13,117120.0,1752369300000,3258
52.02891887999999,117505.7339,117400.0,117500.0,117609.0,117250.0,1752370200000,3262
35.712752710000004,117614.0059,117584.23,117587.38,117697.18,117370.0,1752371100000,3110
16.31594351,117539.6026,117587.39,117511.86,117600.0,117360.0,1752372000000,2686
11.950327360000001,117474.7099,117511.86,117476.64,117531.5,117300.0,1752372900000,2170
10.80324907,117492.8766,117476.64,117549.67,117560.54,117300.0,1752373800000,2644
26.39018864,117699.1717,117549.67,117650.02,117840.0,117350.0,1752374700000,3285
14.105966950000001,117676.5024,117708.1,117638.07,117738.17,117480.0,1752375600000,2697
11.72032485,117759.2627,117639.9,117802.49,117823.76,117480.0,1752376500000,4431
26.764798449999994,117838.0168,117802.49,117784.39,117881.39,117620.0,1752377400000,6154
27.27237227,117756.5061,117784.4,117797.77,117838.95,117560.0,1752378300000,4005
7.945453240000001,117765.7719,117813.3,117749.8,117829.92,117570.0,1752379200000,2334
19.002929690000002,117718.7287,117789.18,117834.4,117865.0,117570.0,1752380100000,2938
11.08512609,117858.9612,117811.53,117867.35,117916.44,117580.0,1752381000000,2411
11.562295680000002,117900.8483,117853.9,117924.01,117953.02,117670.0,1752381900000,2088
37.703882990000004,117911.0121,117873.6,117909.56,117967.02,117700.0,1752382800000,2038
9.97778756,117843.1917,117909.55,117881.39,117911.9,117630.0,1752383700000,1993
12.88186361,117880.2135,117881.39,117813.79,117958.15,117590.0,1752384600000,2267
11.24770959,117755.1329,117813.79,117806.28,117823.8,117550.0,1752385500000,1887
9.974572030000001,117819.1309,117769.0,117829.26,117847.8,117590.0,1752386400000,1615
10.93598607,117837.59,117829.26,117899.57,117908.26,117610.0,1752387300000,1678
34.0275849,117987.2753,117896.5,118013.27,118032.44,117710.0,1752388200000,2147
9.15341093,117960.9044,118013.27,117930.01,118013.27,117720.0,1752389100000,1553
12.336254410000002,117922.5818,117931.8,117929.18,117969.63,117710.0,1752390000000,1862
13.93697307,118013.2278,117929.18,117981.0,118077.2,117730.0,1752390900000,1703
37.64649781000001,118013.1474,117981.0,118002.68,118110.82,117770.0,1752391800000,2111
14.159879830000001,117974.3084,118002.67,118043.07,118043.82,117740.0,1752392700000,1777
15.86556429,117962.1297,117976.9,117991.41,118058.17,117770.0,1752393600000,1508
11.76343477,117884.8753,117945.9,117887.0,117999.99,117650.0,1752394500000,1819
8.499525679999998,117740.9257,117865.1,117832.23,117887.0,117630.0,1752395400000,1393
6.0201172099999996,117826.9842,117832.24,117938.57,117949.5,117590.0,1752396300000,1467
4.91072159,117933.2066,117906.8,117917.42,117961.07,117700.0,1752397200000,1349
5.096120860000001,117870.5049,117917.42,117899.71,117917.42,117680.0,1752398100000,1275
38.76015133,117753.882,117899.71,117832.64,117899.71,117540.0,1752399000000,1669
5.337793260000001,117797.5763,117832.64,117778.51,117850.34,117769.8,1752399900000,1257
3.8188294799999993,117852.085,117778.6,117874.75,117894.88,117640.0,1752400800000,1192
6.891030849999999,117835.7694,117790.5,117840.55,117874.75,117630.0,1752401700000,1511
4.295927509999999,117800.3263,117838.92,117820.66,117840.55,117600.0,1752402600000,1346
10.06749926,117736.875,117820.65,117811.55,117833.0,117530.0,1752403500000,1886
7.40314979,117868.6109,117787.2,117959.47,117959.47,117550.0,1752404400000,1881
21.982216890000004,117998.7609,117955.22,118102.14,118123.0,117730.0,1752405300000,2062
35.30157183,118019.7715,118102.13,118055.38,118102.14,117810.0,1752406200000,2280
32.90953434,118017.1815,118055.38,118130.41,118154.99,117830.0,1752407100000,2313
26.473255850000005,118086.6284,118038.0,118092.46,118190.0,117810.0,1752408000000,2722
31.66350532,118148.4297,118092.46,118040.0,118248.99,117860.0,1752408900000,2549
33.97960784,118150.3042,118234.61,118192.47,118234.7,117900.0,1752409800000,3150
158.03386876,118410.4413,118192.46,118477.48,118668.17,117980.0,1752410700000,7396
82.25004267999998,118398.1033,118470.0,118219.79,118646.76,118040.0,1752411600000,4792
27.67878135,118307.97,118060.0,118343.77,118386.63,118050.0,1752412500000,3265
42.28880569,118580.75,118343.77,118650.91,118700.0,118180.0,1752413400000,4139
52.957993560000006,118685.0184,118650.92,118653.36,118800.0,118330.0,1752414300000,4916
87.02159928,118616.3637,118653.34,118702.1,118725.0,118340.0,1752415200000,4645
394.36822553999997,119123.085,118702.1,119197.55,119450.0,118480.0,1752416100000,15243
166.54904377999998,118961.3803,119204.8,118798.62,119234.63,118640.0,1752417000000,8913
106.66534144,118662.6462,118805.0,118814.25,118919.47,118280.0,1752417900000,7243
63.766646959999996,118939.3983,118777.0,119038.41,119178.91,118600.0,1752418800000,6231
92.56978092000003,119007.1495,119049.37,118951.22,119080.92,118760.0,1752419700000,5441
50.97256942,118747.56,118950.01,118660.0,118959.1,118460.0,1752420600000,5071
29.096864280000002,118717.0534,118640.88,118716.69,118820.0,118440.0,1752421500000,4322
34.94333681,118816.8349,118720.64,118822.63,118945.44,118590.0,1752422400000,4558
43.90240837,118903.954,118818.91,118868.13,119050.51,118630.0,1752423300000,4870
22.918987749999996,118815.036,118867.9,118897.4,118944.53,118560.0,1752424200000,4232
52.60948075,118656.7449,118897.38,118561.87,118924.38,118430.0,1752425100000,5140
47.1693488,118518.1514,118584.4,118662.69,118707.04,118280.0,1752426000000,4631
30.871236109999998,118690.0347,118661.61,118712.86,118787.11,118490.0,1752426900000,3836
21.081023870000006,118779.2767,118712.86,118802.52,118837.44,118580.0,1752427800000,3582
55.95812897999999,118799.4353,118803.88,118795.0,118900.99,118540.0,1752428700000,4404
54.08909519,118746.7356,118795.1,118823.81,118883.94,118470.0,1752429600000,5341
50.34048096000001,118942.8613,118823.82,119072.54,119118.77,118620.0,1752430500000,5234
43.643831729999995,118975.8362,119072.54,118935.32,119072.54,118740.0,1752431400000,5285
40.47211919,118961.6168,118935.32,119021.7,119072.54,118700.0,1752432300000,4493
95.92671014999998,119091.5845,119021.7,119130.87,119161.09,118810.0,1752433200000,5668
119.53428595,119167.5106,119126.24,119303.41,119370.99,118900.0,1752434100000,6271
224.35286401000002,119287.4772,119303.4,119112.7,119500.0,118830.0,1752435000000,8786
77.70879484,119151.4236,119126.4,119011.9,119300.0,118770.0,1752435900000,5989
47.95990434000001,118928.021,118987.8,119023.04,119033.7,118700.0,1752436800000,4896
38.238035530000005,119164.6662,119018.26,119319.49,119337.66,118810.0,1752437700000,4818
39.83766026000001,119257.4978,119313.22,119100.0,119429.54,118920.0,1752438600000,4623
47.95017845,119115.4356,119100.0,119123.61,119221.33,118880.0,1752439500000,4007
33.02852174,118992.5559,119181.4,118945.16,119181.4,118730.0,1752440400000,4572
26.4402499,118992.7578,118904.3,119001.18,119069.1,118750.0,1752441300000,4033
127.51434137,118758.9884,119001.18,118745.94,119045.1,118330.0,1752442200000,6865
69.2684593,118805.1284,118745.94,118711.09,118928.7,118440.0,1752443100000,5974
90.92940142,118501.515,118711.09,118468.57,118714.96,118100.0,1752444000000,5594
68.84886344999998,118434.9218,118466.06,118477.42,118591.64,118120.0,1752444900000,4507
147.25272982,118656.628,118463.9,118833.92,118848.6,118270.0,1752445800000,4788
72.26159532,118743.4013,118817.2,118450.0,118850.0,118450.0,1752446700000,4205
118.07400370000002,118590.6526,118450.0,118629.7,118711.56,118270.0,1752447600000,4407
100.36553334999999,118727.4901,118629.7,118710.93,118841.21,118400.0,1752448500000,6258
101.71680088000001,118774.8157,118710.93,118746.37,118850.0,118520.0,1752449400000,6319
129.66139477,119112.5138,118746.37,119130.81,119274.7,118550.0,1752450300000,5776
47.98443160999998,119051.1697,119130.81,119211.29,119211.29,118810.0,1752451200000,3836
94.62914636,119367.759,119104.0,119235.55,119500.0,118890.0,1752452100000,4486
34.91264037,119275.5493,119284.0,119425.15,119469.94,118950.0,1752453000000,4037
33.068875090000006,119281.571,119425.15,119121.01,119483.99,118940.0,1752453900000,4101
51.63503255,119077.6373,119132.3,119034.79,119236.77,118840.0,1752454800000,4344
59.88768001,119012.7897,119034.78,118982.09,119107.15,118800.0,1752455700000,4297
49.562776240000005,119055.8491,118970.8,119214.12,119288.51,118790.0,1752456600000,4555
34.89499114,119111.0369,119214.12,119138.56,119225.29,118900.0,1752457500000,4101
24.83668928,119123.2206,119138.56,119204.71,119225.0,118870.0,1752458400000,4083
217.05345161,119648.0759,119204.7,119879.88,119943.25,119000.0,1752459300000,9448
95.22604407000001,119810.1125,119849.6,119799.97,119984.52,119530.0,1752460200000,6954
166.70081628999995,119822.1976,119750.0,119697.8,120000.0,119360.0,1752461100000,7838
99.04027128999999,119822.3653,119697.9,119897.0,119988.0,119490.0,1752462000000,6636
99.18361249,119916.1506,119930.41,119942.3,120000.0,119660.0,1752462900000,5984
971.85499774,120476.6472,119969.32,121185.92,121450.0,119680.0,1752463800000,23423
211.13502003,120889.4742,121195.64,120781.98,121246.07,120380.0,1752464700000,14001
175.2335817,120721.4861,120763.5,120794.2,120896.63,120450.0,1752465600000,9480
105.3446867,120976.7954,120849.97,120979.91,121119.98,120680.0,1752466500000,8054
86.39854856,121079.2501,120979.91,121254.25,121300.0,120730.0,1752467400000,7994
94.83111942000001,121318.1794,121213.9,121418.09,121466.0,121040.0,1752468300000,7797
79.79868121,121321.7221,121413.5,121495.24,121497.96,121040.0,1752469200000,6858
608.2765999200001,122103.4549,121495.25,122349.88,122656.11,121300.0,1752470100000,23527
188.35036786,122310.9309,122349.87,122332.8,122510.02,122010.0,1752471000000,10050
181.13647586,122211.2968,122332.79,122507.08,122535.98,121810.0,1752471900000,8518
105.84745236,122196.915,122468.9,122165.36,122510.44,121940.0,1752472800000,6747
108.37837885000002,122351.9435,122155.7,122462.96,122499.83,122040.0,1752473700000,6245
85.41806070000001,122185.6202,122456.42,122168.76,122456.42,122000.0,1752474600000,4841
63.55329914,122099.2203,122168.76,122156.56,122209.12,122000.0,1752475500000,4075
79.66564072999999,122260.9924,122076.1,122247.31,122461.53,122050.0,1752476400000,4772
46.65645835,122346.4727,122170.0,122333.39,122471.4,122140.0,1752477300000,4988
227.02032465999997,122868.8025,122333.38,122871.23,123231.07,122270.0,1752478200000,11162
67.94253993,122811.2367,122871.23,122751.9,122979.36,122610.0,1752479100000,5917
87.82976811000002,122555.7175,122757.35,122408.01,122807.37,122270.0,1752480000000,6802
79.11895383,122392.3211,122396.6,122458.64,122538.77,122240.0,1752480900000,5134
107.31482308,122563.0585,122458.62,122677.86,122709.66,122320.0,1752481800000,5609
45.66809525,122601.6546,122677.86,122603.6,122733.67,122430.0,1752482700000,3573
70.06806018,122426.1451,122530.3,122274.42,122612.95,122120.0,1752483600000,4162
88.30089189,122110.8942,122242.3,122038.05,122309.46,121830.0,1752484500000,5406
52.3486908,122034.7832,122036.91,122056.83,122220.04,121850.0,1752485400000,4662
83.49060992,122027.2148,122065.0,122000.0,122180.0,121870.0,1752486300000,4539
191.15349707,121816.8492,121952.8,121777.2,122015.38,121600.0,1752487200000,8135
85.32469384000001,121864.6166,121803.87,121945.26,122015.24,121690.0,1752488100000,4273
82.86149298000001,122018.9383,121945.26,122056.98,122183.72,121830.0,1752489000000,4827
53.328537510000004,121971.1728,122062.01,121915.75,122094.44,121840.0,1752489900000,4275
53.96782428,121805.916,121915.72,121710.07,121922.3,121630.0,1752490800000,4598
68.957819,121528.9359,121707.23,121529.45,121753.37,121300.0,1752491700000,6483
129.49115654000002,121483.8159,121529.46,121612.44,121673.22,121200.0,1752492600000,5918
57.25185026,121551.3028,121612.45,121463.61,121720.5,121370.0,1752493500000,5417
65.40541611,121662.3451,121469.5,121809.4,121888.93,121300.0,1752494400000,5939
86.56214565,121771.3781,121809.6,121797.94,121885.72,121590.0,1752495300000,5637
61.55800223,121771.6304,121797.94,121882.59,121944.68,121580.0,1752496200000,5300
78.46496702,121870.9125,121882.77,121937.3,121975.6,121690.0,1752497100000,5379
63.131899849999996,121856.1783,121854.3,121914.11,121981.41,121510.0,1752498000000,5221
118.26086368000001,121714.3963,121891.4,121721.52,121920.28,121540.0,1752498900000,6372
184.56359517000004,121530.7434,121723.05,121835.89,121882.88,121090.0,1752499800000,8960
192.42244656,121932.7103,121835.88,121630.0,122161.58,121540.0,1752500700000,8880
154.89880131,121741.9992,121722.7,121780.2,121925.42,121450.0,1752501600000,9056
184.14448309,121573.8779,121780.2,121475.4,122026.2,121040.0,1752502500000,9423
460.0443695,120948.4884,121475.4,120924.85,121533.45,120670.0,1752503400000,13682
532.3142653599999,120918.7631,120872.1,121157.84,121206.05,120560.01,1752504300000,15749
429.71712867,120832.4452,121187.6,120730.85,121187.6,120360.0,1752505200000,14768
348.65300895000007,120445.1584,120733.73,120428.3,120764.24,120270.0,1752506100000,14520
598.9420789600001,120186.3956,120387.9,120130.33,120428.3,120030.0,1752507000000,18837
530.18546001,119830.6093,120130.32,119867.12,120148.34,119520.0,1752507900000,15456
475.7976456,119659.4546,119867.12,119381.53,119899.34,119310.0,1752508800000,13152
572.28005944,119522.3776,119381.53,120022.66,120065.19,119150.0,1752509700000,18742
260.37552702,119859.9362,120000.0,119796.5,120021.45,119710.0,1752510600000,9965
201.75453824,120062.7478,119799.32,120283.97,120308.76,119665.78,1752511500000,9178
259.36042297999995,120411.9771,120283.97,120504.63,120544.49,120180.0,1752512400000,10649
158.05781158,120289.4815,120504.64,120165.81,120505.34,120055.2,1752513300000,7508
135.00768029999998,120049.1446,120144.7,119933.6,120284.66,119850.0,1752514200000,7233
257.75399799,119845.3702,119933.61,119900.0,120028.06,119740.0,1752515100000,11987
108.94315686,119878.7752,119844.9,119795.54,120100.0,119731.99,1752516000000,6432
90.17668033000001,119956.7675,119795.54,120129.22,120196.28,119774.36,1752516900000,7273
57.23104753999999,120012.4733,120129.14,119888.47,120199.48,119858.0,1752517800000,5385
238.97956192,119727.7167,119874.3,119627.79,119888.47,119620.0,1752518700000,8207
246.28946805,119865.6462,119650.7,119800.0,120129.76,119594.41,1752519600000,8903
229.36734973999998,119785.3883,119810.22,119792.22,119906.49,119679.62,1752520500000,9186
207.18545415,119847.4873,119789.66,119825.68,120100.0,119709.01,1752521400000,7604
601.5611396900001,119812.2522,119825.68,119900.0,120064.17,119670.0,1752522300000,15951
275.84061649,119762.9521,119950.06,119726.4,119961.75,119622.6,1752523200000,13839
183.42338216000005,119809.2803,119726.4,119997.5,120016.98,119500.0,1752524100000,8510
85.5123078,120104.3305,119990.7,120261.52,120270.46,119910.0,1752525000000,6003
77.03306299,120311.374,120261.5,120186.93,120484.31,120171.36,1752525900000,6036
58.70360038,120062.6584,120212.6,119863.68,120224.36,119863.68,1752526800000,5601
91.05831236,120017.8236,119863.83,120004.61,120172.61,119850.01,1752527700000,6252
79.90773841,120011.3066,120010.0,120005.98,120119.02,119939.77,1752528600000,5162
162.86959238,120094.8987,120005.98,120019.09,120280.79,120000.0,1752529500000,6874
183.44808600999997,120049.9793,120019.52,120220.53,120283.7,119923.16,1752530400000,6856
73.09485848,120204.7415,120220.53,120304.99,120331.36,120112.32,1752531300000,5129
268.93545604,120132.9217,120309.9,120157.35,120322.92,119997.07,1752532200000,9131
222.09259093999998,120070.543,120157.35,120055.2,120170.49,119988.02,1752533100000,7780
76.40240372000001,119994.8351,120081.3,119986.24,120090.0,119894.03,1752534000000,5206
43.54075651000001,119876.8148,119986.24,119836.69,119987.3,119780.0,1752534900000,4218
137.70067564000001,119894.8803,119836.69,119850.0,119996.99,119824.71,1752535800000,5749
137.30034043999999,119845.5363,119849.99,119863.71,119899.49,119780.0,1752536700000,7092
95.85510579,119725.2966,119855.0,119638.62,119884.39,119621.26,1752537600000,5970
149.42071626,119666.0784,119638.61,119899.42,119973.3,119565.22,1752538500000,7706
175.53946993,119498.4209,119899.9,119433.21,119906.88,119160.0,1752539400000,8899
115.47844116,119487.6228,119433.2,119524.55,119614.8,119330.0,1752540300000,7914
308.21588384,119278.911,119562.6,119226.03,119562.6,119165.25,1752541200000,9843
1004.73038786,118998.0408,119219.1,119036.66,119420.59,118728.86,1752542100000,20898
117.98849742000002,119160.1524,119076.6,119297.67,119496.27,118997.17,1752543000000,6472
411.58180403,118951.8528,119300.94,118506.3,119463.38,118358.26,1752543900000,13328
273.91899138,118404.0736,118503.34,118263.93,118886.12,118170.34,1752544800000,12187
890.4568743500001,117983.3312,118265.8,117905.78,118310.62,117795.87,1752545700000,30829
365.28159391,118080.8613,117907.92,118230.0,118303.84,117887.29,1752546600000,10682
104.27697011,118301.2199,118225.1,118265.8,118427.68,118183.64,1752547500000,5403
728.0601585100002,117723.9015,118265.8,117604.11,118265.8,117243.1,1752548400000,21225
201.57953608000003,117382.6352,117595.14,117461.24,117600.0,117065.39,1752549300000,9697
281.75958253999994,117133.8094,117461.23,117277.6,117480.0,116660.0,1752550200000,12293
119.75901075,117319.6376,117283.51,117148.04,117561.0,117104.94,1752551100000,7183
318.84787951,116767.4177,117200.1,116991.79,117210.02,116250.0,1752552000000,12628
165.86465028,117206.9015,116937.6,117297.0,117410.0,116937.6,1752552900000,6651
120.52269413000002,117260.0373,117297.1,117471.2,117514.2,116950.0,1752553800000,5568
62.18132344,117424.2566,117507.9,117482.36,117520.0,117312.24,1752554700000,3754
95.20814887,117616.2429,117499.9,117669.5,117780.0,117461.32,1752555600000,4533
68.26580913999999,117512.9637,117653.33,117504.73,117710.0,117358.38,1752556500000,4110
158.95259728,117264.2067,117504.73,117118.01,117550.0,116950.12,1752557400000,6698
118.46823631000001,117208.2742,117201.9,117304.62,117459.79,117061.14,1752558300000,5765
148.16663139,117026.4,117306.37,117095.63,117380.0,116750.0,1752559200000,7191
97.22715556000001,117041.7711,117137.6,117000.0,117190.0,116905.56,1752560100000,4854
117.51990272999998,116987.0781,117032.6,117001.76,117120.0,116722.86,1752561000000,5567
125.98797252,116958.4512,117001.76,117059.32,117100.0,116823.7,1752561900000,5230
195.30258819,117060.1222,117000.0,116997.8,117258.52,116829.86,1752562800000,9219
222.63896606999998,116999.6386,116996.11,116900.0,117080.0,116899.99,1752563700000,11183
630.8194467899999,116748.6992,116915.28,116650.19,117020.0,116575.05,1752564600000,27711
139.57355242999998,116638.8401,116650.18,116762.15,116960.0,116356.98,1752565500000,7917
258.14005393,116799.2468,116762.15,116753.28,116890.0,116656.92,1752566400000,10559
193.70424982999998,116667.1389,116753.29,116800.0,116840.0,116288.0,1752567300000,7949
160.23148047,116798.8754,116812.8,116798.39,116870.0,116674.44,1752568200000,6852
96.41679727999998,116792.6678,116798.39,116749.1,116940.0,116703.48,1752569100000,5633
132.22602497999998,116873.5085,116735.8,117103.87,117170.0,116735.8,1752570000000,6077
74.62128517000001,117037.2812,117105.61,116947.95,117230.0,116851.44,1752570900000,4496
121.61528797999999,116959.6448,116946.39,116832.52,117090.0,116800.0,1752571800000,5210
102.2470301,116946.2772,116832.52,116772.77,117100.0,116697.05,1752572700000,4159
193.47107200999997,116827.3744,116750.5,116700.0,117050.0,116695.72,1752573600000,6699
271.1218545599999,116854.6307,116700.0,117000.24,117140.0,116699.99,1752574500000,12037
35.406589880000006,117027.3909,116997.43,117144.91,117240.0,116900.26,1752575400000,4206
85.92645858,117080.0877,117144.92,117005.92,117280.0,116989.51,1752576300000,5108
425.15119013000003,116974.0136,117051.1,116768.14,117140.0,116735.33,1752577200000,14306
166.49666519,116553.1275,116768.27,116454.68,116910.0,116309.0,1752578100000,8085
72.69812511999999,116542.3831,116462.3,116672.69,116800.0,116384.1,1752579000000,5242
51.514507099999996,116915.9354,116672.81,117103.18,117260.0,116651.48,1752579900000,5249
72.58424732,117110.2314,117065.9,117070.39,117400.0,116975.01,1752580800000,5336
47.65796893,117006.5027,117070.38,116922.59,117240.0,116863.41,1752581700000,6149
226.65422228999995,117082.3847,116906.4,116512.4,117560.0,116405.5,1752582600000,11240
258.04076023,117071.0794,116512.5,117179.87,117360.0,116512.4,1752583500000,8621
468.69500416,117748.6037,117192.4,118000.11,118230.0,117133.38,1752584400000,17781
739.00577096,117689.3031,118000.11,117649.47,118180.0,117488.05,1752585300000,27845
365.57984597000006,117836.2776,117649.04,118251.87,118530.0,117500.0,1752586200000,14733
786.42227662,118147.5562,118251.87,118068.32,118490.0,117865.84,1752587100000,16072
478.2031525599999,118219.7809,118068.37,118370.0,118600.0,117954.47,1752588000000,13080
397.84832264000005,117819.3976,118370.0,117544.15,118500.0,117538.81,1752588900000,12210
969.5355100400001,117148.3241,117544.02,116930.42,117750.0,116651.24,1752589800000,22657
901.7248773300001,116378.8525,116954.6,115976.73,117110.0,115697.37,1752590700000,22966
937.68941038,116079.5822,115979.7,116082.07,116430.0,115738.9,1752591600000,19604
821.9832724099999,116132.2766,116082.07,116215.74,116490.0,115840.31,1752592500000,18183
1131.6046432599999,116262.3393,116184.6,116151.74,116530.0,116090.7,1752593400000,17248
751.2522814,116474.8574,116151.74,116318.4,116800.0,116148.18,1752594300000,15772
390.77538562999996,116692.3262,116375.0,116846.71,117240.0,116296.3,1752595200000,9651
112.67619151,116858.1657,116950.0,116834.99,117100.0,116602.5,1752596100000,7817
94.88531713,117273.3644,116835.7,117640.11,117730.0,116835.41,1752597000000,8236
287.41708607000004,117323.3321,117652.62,117168.76,117760.0,116998.43,1752597900000,10558
359.9024136,117207.9042,117168.76,117246.7,117430.0,117100.39,1752598800000,10676
355.06770733999997,117255.3461,117246.6,117451.75,117560.0,117132.98,1752599700000,13063
563.8808393500001,117250.8232,117450.0,117453.29,117560.0,117128.66,1752600600000,16303
564.9423344700001,117375.9955,117453.28,117355.31,117590.0,117288.87,1752601500000,11567
276.18476287999994,117221.8499,117359.9,117115.57,117470.0,117059.62,1752602400000,9791
443.92424249,117039.738,117115.56,116777.29,117370.0,116745.79,1752603300000,16645
263.97552839,116363.2623,116777.28,116346.48,116940.0,116000.0,1752604200000,15088
144.99601468999998,116708.7015,116346.49,116840.0,116950.0,116270.45,1752605100000,9725
280.1624157,116956.6887,116695.36,117042.08,117310.0,116615.71,1752606000000,11471
234.85673946,116932.786,117042.08,116832.39,117210.0,116757.11,1752606900000,8834
204.02784640000002,116667.123,116832.38,116503.51,116970.0,116458.22,1752607800000,9215
296.99337768,116424.2873,116496.83,116410.21,116640.0,116276.39,1752608700000,11820
157.34769846,116516.3414,116409.42,116582.67,116710.0,116395.93,1752609600000,10095
168.44796989,116459.3551,116582.67,116536.19,116780.0,116194.03,1752610500000,11910
124.63308889000001,116522.4591,116534.49,116571.08,116700.0,116383.42,1752611400000,9038
71.18450413,116545.3431,116574.98,116412.37,116690.0,116412.37,1752612300000,6510
51.024136289999994,116622.9194,116479.1,116958.15,117010.0,116323.84,1752613200000,6238
64.25231004,117066.7522,116958.12,117162.96,117250.0,116862.81,1752614100000,7493
172.53774991,117383.1436,117164.61,117488.8,117670.0,117059.82,1752615000000,8055
148.31734076,117448.299,117488.8,117568.44,117650.0,117343.59,1752615900000,7172
144.26987526,117420.2702,117544.2,117481.2,117690.0,117281.38,1752616800000,8123
92.93862811999999,117522.1559,117481.2,117517.85,117670.0,117439.69,1752617700000,5670
143.11111566,117554.9229,117510.6,117746.4,117880.0,117249.45,1752618600000,7005
58.984752199999996,117783.8159,117746.4,117845.41,117960.0,117651.43,1752619500000,5389
101.89976089999999,117938.6794,117855.3,117848.99,118250.0,117745.91,1752620400000,7296
114.87819260999999,117658.0212,117848.99,117596.33,117970.0,117550.0,1752621300000,6702
72.37291745,117638.5765,117606.1,117818.43,117900.0,117516.36,1752622200000,6219
36.10867572000001,117735.5464,117900.0,117781.64,117900.0,117647.63,1752623100000,5730
104.94963723999999,117536.1651,117741.0,117449.9,117870.0,117425.57,1752624000000,6401
40.05227485,117583.2576,117449.9,117602.19,117750.0,117435.93,1752624900000,5289
48.0255443,117770.4447,117591.3,117930.71,118000.0,117591.3,1752625800000,5644
89.56182980999999,118088.8398,117922.12,118135.0,118260.0,117883.68,1752626700000,7104
68.74157641999999,118098.3878,118112.7,117936.24,118320.0,117926.27,1752627600000,6319
53.69365632,117777.3953,117955.3,117671.01,118040.0,117657.19,1752628500000,5442
73.26078539999999,117685.3209,117671.01,117683.93,117880.0,117599.97,1752629400000,6104
53.23031397,117676.6218,117700.8,117740.85,117890.0,117604.6,1752630300000,5874
70.12430413,117553.6911,117740.85,117550.52,117860.0,117432.95,1752631200000,7122
99.49639912000002,117388.8756,117510.5,117375.34,117640.0,117253.13,1752632100000,8153
60.44196955,117200.8328,117320.1,117116.03,117480.0,117033.23,1752633000000,7374
28.63995265,117236.9611,117116.04,117276.0,117430.0,117101.17,1752633900000,4740
42.438808110000004,117403.6051,117337.46,117270.76,117610.0,117232.32,1752634800000,4802
32.865573579999996,117426.9592,117272.17,117385.81,117620.0,117270.77,1752635700000,4825
27.350833259999995,117464.8163,117381.48,117479.46,117580.0,117365.5,1752636600000,4395
22.811332659999998,117478.4891,117475.0,117499.4,117610.0,117410.89,1752637500000,3863
36.478044319999995,117460.8402,117497.0,117309.8,117600.0,117298.0,1752638400000,3910
25.422086800000002,117426.8028,117346.5,117547.7,117630.0,117300.54,1752639300000,3546
27.8332233,117641.1075,117526.4,117638.5,117810.0,117495.62,1752640200000,3884
18.359243850000002,117595.535,117573.57,117624.67,117750.0,117527.75,1752641100000,3668
46.29555884,117855.5887,117624.67,117997.36,118140.0,117624.67,1752642000000,4582
34.35051853,117928.1726,117997.36,117869.78,118110.0,117745.2,1752642900000,3959
31.726517960000002,117960.9555,117811.8,117962.6,118110.0,117811.8,1752643800000,3539
34.579002460000005,117899.6003,117962.6,117889.64,118120.0,117780.4,1752644700000,3614
33.69630078,117862.4842,117872.7,117825.1,118030.0,117788.23,1752645600000,3243
38.47422746,118006.6791,117825.1,118037.8,118200.0,117781.65,1752646500000,3603
54.81015546,118224.9993,118037.8,118303.84,118420.0,118033.34,1752647400000,3937
27.78289659,118283.4943,118303.83,118305.0,118410.0,118218.13,1752648300000,3227
66.12398042,118182.076,118305.0,118117.69,118430.0,118065.6,1752649200000,3739
33.20089933,118231.8667,118081.9,118286.27,118390.0,118080.0,1752650100000,2390
78.30853551,118281.2531,118249.9,118206.54,118410.0,118203.87,1752651000000,3456
44.96378547999999,118204.6946,118250.0,118238.3,118350.0,118138.9,1752651900000,2691
58.63677215,118232.5112,118238.3,118199.39,118380.0,118140.55,1752652800000,3964
25.276377940000003,118216.3461,118199.4,118262.63,118380.0,118144.0,1752653700000,2670
70.97632425,118572.5759,118221.9,118790.45,118900.0,118221.8,1752654600000,4570
20.358535389999997,118724.3717,118790.45,118725.8,118890.0,118686.93,1752655500000,2582
70.93188456999998,118923.8774,118725.81,119031.25,119240.0,118690.0,1752656400000,4321
46.24966123,119089.4176,119042.2,119167.64,119270.0,118938.78,1752657300000,3717
39.854604290000005,119000.9624,119175.15,118863.35,119270.0,118765.62,1752658200000,3787
57.23019486999999,119045.071,118779.6,119231.95,119250.0,118754.15,1752659100000,4151
53.44436756,119211.2646,119119.9,119239.36,119310.0,119119.9,1752660000000,3673
67.84522361999998,119251.4279,119239.35,119209.8,119330.0,119154.86,1752660900000,3966
61.48471716,119021.3333,119200.0,118853.59,119228.0,118840.27,1752661800000,3517
20.76583662,118874.017,118853.58,118777.43,118955.62,118750.2,1752662700000,2649
33.10839531,118800.8355,118750.2,118918.41,118952.53,118688.62,1752663600000,3791
19.80848114,118872.525,118896.9,118941.35,118964.96,118818.71,1752664500000,3238
30.29007718,118884.9123,118887.9,118938.87,118962.0,118850.0,1752665400000,3197
87.97493505,118880.0213,118860.1,118800.0,118960.24,118722.01,1752666300000,3678
29.513031559999995,118841.3472,118731.1,118883.6,118936.08,118727.89,1752667200000,3466
41.14889309,118871.8096,118883.5,118934.26,118945.56,118787.6,1752668100000,3213
80.44513616,118864.9035,118934.27,118991.08,119112.0,118621.51,1752669000000,5276
44.485316739999995,118868.8345,118978.22,118669.7,119046.02,118643.18,1752669900000,4326
66.19751541,118577.9937,118669.7,118716.78,118777.03,118441.46,1752670800000,5267
77.73775806000002,118805.5259,118716.79,118850.0,118866.28,118687.5,1752671700000,4466
184.95547416000002,118590.1588,118826.6,118369.82,118973.7,118265.99,1752672600000,7751
209.24921549,118467.9043,118360.8,118708.23,118780.0,118195.89,1752673500000,7081
133.19219950000002,118578.7562,118715.7,118321.16,118828.3,118271.38,1752674400000,6844
89.48591274999998,118422.0061,118300.1,118529.78,118539.26,118240.72,1752675300000,5660
116.78862717000003,118513.0789,118529.77,118660.01,118684.49,118314.35,1752676200000,7040
245.68396992,119013.8832,118557.9,119097.52,119333.19,118557.8,1752677100000,9238
446.9533579,119541.6382,119002.1,119230.0,119875.52,119002.0,1752678000000,12203
390.71128753999994,119223.8359,119230.02,119562.95,119602.65,118784.27,1752678900000,12569
248.94442245000002,118961.2429,119561.17,119099.4,119568.6,118369.1,1752679800000,11039
234.97930437,119218.3078,119099.4,119170.36,119525.51,118922.7,1752680700000,9786
230.77734122,118797.8861,119125.9,118836.38,119182.26,118503.42,1752681600000,10203
128.5592429,119082.4831,118828.77,119226.72,119323.02,118797.03,1752682500000,6978
139.79087893,119226.3889,119226.73,119143.39,119400.0,119063.69,1752683400000,6609
166.30013394000002,119242.3289,119143.39,119350.0,119378.05,119005.4,1752684300000,6225
340.20748204,119331.4332,119328.0,119279.41,119509.94,119240.0,1752685200000,7380
329.47225406999996,119496.8198,119270.53,119718.25,119814.17,119250.0,1752686100000,8154
132.93996314,119632.5583,119718.26,119367.94,119768.07,119300.0,1752687000000,7699
81.27480162,119243.5999,119367.94,119140.64,119571.2,119010.0,1752687900000,5936
106.81190756000001,119356.4455,119119.1,119399.99,119602.77,118930.0,1752688800000,6239
129.09141960000002,119309.132,119400.0,119243.62,119466.6,119150.0,1752689700000,5769
153.43009836000002,119619.6554,119243.63,119812.62,119812.62,119230.0,1752690600000,7637
300.20217161,119767.0416,119719.8,119587.9,120000.0,119490.54,1752691500000,8185
375.58312816999995,119499.6807,119575.3,119294.0,119719.99,119070.0,1752692400000,7928
318.06662305,119314.3806,119289.7,119250.0,119452.2,119183.0,1752693300000,7243
323.41567388000004,118996.9609,119249.99,118974.41,119256.59,118900.0,1752694200000,8634
349.18417716,119201.0953,118974.4,119304.15,119401.95,118930.0,1752695100000,7994
219.50002316,119212.8602,119306.04,119332.73,119393.0,118994.41,1752696000000,6642
165.89677365000003,119406.7206,119330.3,119658.14,119666.47,119245.14,1752696900000,5946
188.60190477000003,119757.7832,119663.71,119989.25,119992.41,119554.19,1752697800000,6615
200.77851931,119809.6349,119989.22,119978.98,119994.22,119582.21,1752698700000,6313
185.21393091000004,120026.0519,119888.8,119962.21,120134.8,119866.89,1752699600000,7051
51.830691009999995,119892.4506,119953.26,119999.97,120011.67,119754.76,1752700500000,5210
86.37713309,119691.8475,119991.98,119445.02,120010.0,119426.05,1752701400000,5700
74.64464649000001,119466.6026,119449.82,119370.0,119596.85,119268.0,1752702300000,4620
75.18978863000001,119411.6274,119369.89,119399.0,119526.74,119274.62,1752703200000,5147
81.90014694999999,119425.1082,119398.99,119267.9,119573.43,119243.89,1752704100000,5283
127.8183861,119084.7639,119321.0,119056.56,119327.89,118921.45,1752705000000,6118
142.61235602000002,118755.9223,119056.56,118713.13,119075.9,118650.8,1752705900000,5795
80.88972031,118650.069,118763.0,118640.0,118763.0,118550.0,1752706800000,4625
94.43911681,118611.0099,118640.0,118711.0,118729.96,118425.65,1752707700000,5538
152.47486325,118783.321,118711.0,118882.51,118907.88,118630.0,1752708600000,6576
138.20360551,118751.0755,118891.1,118681.68,118891.2,118619.23,1752709500000,6001
112.50656492000002,118749.9814,118712.6,118824.91,118895.0,118660.0,1752710400000,5261
115.09539474,118945.0763,118824.91,118912.53,119020.54,118790.0,1752711300000,5192
110.19516832,118950.6607,118938.5,119183.8,119206.44,118862.61,1752712200000,4972
62.296459129999995,119088.0949,119188.0,118946.24,119234.95,118910.0,1752713100000,4772
34.75148744,119040.3706,118976.3,119134.2,119150.0,118900.0,1752714000000,4156
40.427364830000016,118834.4847,119081.4,118812.6,119134.2,118600.0,1752714900000,4779
133.33508413,118303.274,118745.64,118325.8,118812.5,118040.0,1752715800000,7522
179.46046472,117949.4183,118330.76,118176.09,118330.76,117680.0,1752716700000,8520
64.1009194,118264.3693,118174.37,118415.56,118487.32,118000.0,1752717600000,5099
48.22808983,118470.5477,118402.9,118462.61,118571.48,118320.0,1752718500000,4170
42.822483520000006,118382.0604,118462.6,118382.3,118525.61,118200.0,1752719400000,4368
35.63154175000001,118274.2466,118379.32,118379.27,118438.96,118070.0,1752720300000,4157
44.90904258,118195.1364,118334.8,118053.65,118409.8,118040.0,1752721200000,4010
46.483874910000004,118010.1251,118055.2,117925.54,118111.59,117880.0,1752722100000,4373
71.69477458,117923.2745,117920.01,117961.71,118097.91,117750.0,1752723000000,4927
30.644733720000005,118072.0421,117961.7,118177.96,118208.69,117860.0,1752723900000,3714
22.70966316,118176.3805,118174.68,118317.13,118358.75,117990.0,1752724800000,3365
20.133368650000005,118306.8501,118317.12,118333.07,118379.28,118200.0,1752725700000,3174
23.71279888,118448.8137,118282.2,118450.0,118514.65,118282.2,1752726600000,3326
70.04258870000001,118469.3288,118450.0,118560.51,118562.29,118360.0,1752727500000,2544
20.59975258,118425.5658,118499.4,118346.41,118560.51,118280.0,1752728400000,2861
19.09468156,118415.1258,118346.4,118476.56,118477.3,118300.0,1752729300000,2746
44.027299310000004,118408.3232,118399.9,118613.85,118625.07,118250.0,1752730200000,3569
28.10226753,118643.3105,118535.0,118651.52,118706.79,118520.0,1752731100000,3228
37.13263602000001,118704.1025,118633.9,118564.94,118823.77,118516.86,1752732000000,3525
74.97122250999999,118595.5523,118578.7,118710.21,118839.73,118400.0,1752732900000,3694
47.521296060000005,118577.088,118770.1,118478.61,118770.1,118410.0,1752733800000,3415
34.114947220000005,118469.3764,118462.4,118510.91,118523.56,118390.0,1752734700000,3022
113.61017442,118257.2757,118493.0,118121.76,118516.68,117990.0,1752735600000,4858
72.08218151999999,118018.8956,118114.4,117976.61,118171.29,117870.0,1752736500000,3707
70.67680410000001,118273.5398,117976.61,118594.47,118618.91,117960.0,1752737400000,4038
35.854720119999996,118460.2358,118594.46,118373.81,118594.46,118352.64,1752738300000,3133
34.59522648999999,118254.4425,118424.9,118189.36,118424.9,118120.0,1752739200000,2934
32.65547568,118249.1692,118189.35,118314.71,118337.03,118130.0,1752740100000,3072
51.33474026999998,118338.6906,118291.6,118450.68,118468.07,118140.0,1752741000000,3884
86.60324889,118332.6726,118450.68,118372.73,118485.84,118240.0,1752741900000,3945
46.863026149999996,118500.6799,118350.1,118601.91,118676.6,118250.0,1752742800000,4205
79.37211642,118879.9898,118601.86,119181.1,119216.62,118490.0,1752743700000,5455
55.83439188,119052.6141,119193.08,119057.76,119249.7,118900.0,1752744600000,3703
41.48512299,118979.3766,119057.76,118827.6,119081.01,118800.0,1752745500000,3388
50.20835942,118716.7822,118850.2,118684.5,118935.9,118600.0,1752746400000,3579
53.02109534000001,118662.933,118677.27,118599.97,118723.88,118561.74,1752747300000,3244
55.37808462000001,118494.6575,118618.1,118354.9,118618.1,118320.0,1752748200000,3943
44.049544850000004,118354.7937,118354.9,118382.43,118516.73,118250.0,1752749100000,3542
59.393935250000006,118316.7008,118452.0,118276.15,118460.93,118204.87,1752750000000,4476
55.94420948,118249.8078,118276.15,118213.85,118350.72,118160.0,1752750900000,4111
53.06166593999998,118187.6349,118213.84,118192.45,118256.22,118120.0,1752751800000,4314
54.5132867,118100.4383,118192.45,118038.1,118213.61,117970.0,1752752700000,4563
110.16394678,117958.2694,118038.1,117840.06,118138.76,117750.0,1752753600000,5416
122.99306944000001,117720.8233,117900.1,117523.6,117900.1,117500.0,1752754500000,5919
258.50487454,117723.1613,117523.6,118029.34,118029.39,117469.0,1752755400000,8631
89.30442717999999,118074.511,118022.15,117870.0,118247.27,117870.0,1752756300000,4888
67.53887354999999,117887.4256,117949.7,117883.55,118059.29,117690.0,1752757200000,5033
47.98117979999999,117827.7657,117883.54,117946.34,117975.36,117650.0,1752758100000,4807
152.25481157,117888.3139,117946.33,117693.72,118086.3,117590.0,1752759000000,8118
181.86132902999998,118112.6657,117693.72,118331.11,118507.67,117520.0,1752759900000,8377
207.08457532,118405.3779,118325.42,118528.08,118559.59,118160.0,1752760800000,7950
187.89525835,118541.4775,118523.19,118768.84,118768.84,118300.0,1752761700000,8137
153.49027392000002,118768.9841,118768.84,118584.6,118900.0,118500.0,1752762600000,8192
86.09654591,118767.9076,118584.5,118838.29,118883.19,118530.0,1752763500000,6211
98.55513322999998,118722.6526,118832.67,118491.32,118980.0,118440.0,1752764400000,6448
103.95965964,118607.3752,118537.6,118572.86,118731.95,118350.0,1752765300000,6258
139.25624178,118896.104,118572.86,119153.83,119176.92,118510.0,1752766200000,6972
164.27703080999999,118970.9195,119153.82,118937.61,119153.83,118780.0,1752767100000,6140
69.1632775,118759.872,118972.9,118733.86,119020.65,118500.0,1752768000000,5674
113.60302978000001,118670.0247,118733.86,118620.4,118823.76,118500.0,1752768900000,6022
129.78856289,118510.5771,118612.2,118512.73,118678.43,118350.0,1752769800000,7440
75.86215428,118514.0374,118503.51,118615.14,118615.29,118390.0,1752770700000,5798
76.43222746999999,118845.563,118615.13,118969.6,119016.11,118530.0,1752771600000,5794
128.49641246,118828.2112,118969.59,118756.73,118994.2,118680.0,1752772500000,5961
79.39436668,118701.591,118743.0,118716.17,118836.83,118530.0,1752773400000,5324
314.50604439,119099.2232,118716.17,119360.2,119384.99,118650.0,1752774300000,7524
158.22359968,119363.4922,119309.88,119277.32,119474.69,119270.61,1752775200000,6623
291.63726888,119609.8536,119272.0,119744.55,119800.0,119271.9,1752776100000,8250
209.28798478,119790.4221,119732.7,119750.01,119862.0,119692.56,1752777000000,7158
98.11490565999999,119633.136,119750.01,119640.26,119780.0,119525.84,1752777900000,5831
239.72903136,119814.5362,119627.2,119864.7,119937.6,119627.1,1752778800000,6495
287.1245286,119818.6555,119864.69,119718.71,119950.0,119700.0,1752779700000,6327
207.5594644,119663.0787,119718.7,119570.09,119760.0,119525.25,1752780600000,6583
369.75077888,119197.4144,119570.09,119032.03,119580.0,118885.76,1752781500000,11419
282.86216626,118722.2873,119032.03,118841.58,119088.7,118456.74,1752782400000,9470
93.91397481,118947.6011,118841.58,119090.49,119208.34,118682.99,1752783300000,7093
76.90970438999999,119299.921,119090.49,119305.0,119479.87,119069.3,1752784200000,5494
110.87123213,119275.9751,119310.39,119504.65,119504.65,119148.83,1752785100000,5927
266.24316536000003,119916.4419,119406.8,120158.38,120166.99,119406.8,1752786000000,12797
293.06768863,120671.5745,120158.53,120935.35,121050.0,120090.0,1752786900000,15339
199.77173569,120561.6552,120935.35,120599.9,120969.61,120109.38,1752787800000,12836
105.85524392000002,120484.9725,120676.16,120325.12,120800.81,120243.5,1752788700000,8490
132.35164806999998,120336.1474,120328.15,120503.15,120515.68,120173.48,1752789600000,8791
79.46594999,120419.261,120489.3,120145.67,120784.99,120111.12,1752790500000,7824
56.78220287999999,120246.6867,120150.1,120238.62,120337.25,120145.67,1752791400000,6097
98.48646608,119917.8909,120238.66,119845.05,120407.98,119547.71,1752792300000,7686
51.2928944,119817.9011,119767.7,119807.88,119967.7,119640.54,1752793200000,6056
127.00731417999998,119702.6449,119807.88,119695.28,119967.72,119511.95,1752794100000,7503
75.88002454,119542.3753,119695.27,119449.94,119756.28,119342.22,1752795000000,6013
61.974526170000004,119402.6184,119450.0,119273.69,119566.87,119226.08,1752795900000,5796
90.78184079,119239.8448,119273.7,119150.0,119469.59,119109.11,1752796800000,6532
81.1547148,119367.2591,119147.09,119599.9,119690.0,119110.0,1752797700000,7281
45.59674104,119709.6226,119599.9,119838.1,119844.17,119582.06,1752798600000,6274
69.52508916000001,119770.5464,119838.1,119860.81,119895.78,119613.85,1752799500000,7535
134.30284897,120135.5651,119825.9,120374.18,120579.65,119739.59,1752800400000,8545
165.60077465000003,120278.6517,120369.3,120281.8,120542.54,120110.0,1752801300000,8387
208.78291915,120530.7474,120262.5,120467.57,120890.9,120135.57,1752802200000,9814
64.106029,120429.9552,120465.28,120450.04,120580.89,120345.6,1752803100000,6495
133.24058483,120202.6941,120450.05,120193.0,120469.11,120004.87,1752804000000,6981
70.79900708,120154.3404,120203.94,120317.67,120400.0,119959.65,1752804900000,6209
50.08122254000001,120380.2991,120313.37,120379.07,120499.33,120209.55,1752805800000,5302
39.02471847,120262.237,120379.08,120194.14,120390.62,120156.9,1752806700000,5213
66.54559348000001,120142.452,120193.4,120197.08,120262.31,120034.9,1752807600000,5654
71.06087912,120216.1072,120197.84,120165.44,120339.2,120094.62,1752808500000,5631
49.38930027999999,120232.5158,120165.44,120427.08,120427.08,120091.2,1752809400000,4887
44.0124187,120399.5558,120427.08,120320.1,120605.75,120255.39,1752810300000,4425
79.63883186000001,120049.0801,120315.92,119965.04,120330.0,119828.99,1752811200000,4994
38.40503217999999,120011.3959,119965.03,120166.49,120170.0,119919.05,1752812100000,4567
46.46437341000001,120301.2194,120166.49,120362.4,120420.93,120161.2,1752813000000,4595
38.40375938,120522.0721,120375.64,120501.23,120591.93,120362.2,1752813900000,4098
100.04042167000001,120456.3831,120503.1,120650.18,120760.0,120284.47,1752814800000,6141
56.83777937,120626.0368,120650.18,120642.44,120720.0,120476.08,1752815700000,4943
39.310924310000004,120523.4036,120644.21,120378.79,120667.45,120376.23,1752816600000,4101
96.17122117000001,120566.7671,120396.4,120680.09,120739.71,120374.4,1752817500000,5786
79.35000063,120641.0919,120680.09,120517.24,120920.0,120372.74,1752818400000,6926
65.41317053,120352.6169,120517.23,120245.74,120517.24,120245.73,1752819300000,3648
102.80678612,120270.8186,120253.0,120358.42,120395.3,120167.4,1752820200000,3989
47.66467266,120439.1698,120358.42,120344.64,120557.44,120327.8,1752821100000,3636
74.98765825000001,120301.2112,120327.9,120179.66,120480.0,120093.29,1752822000000,4590
91.59357134,119903.6421,120179.65,119762.43,120179.65,119709.0,1752822900000,5004
67.34842341000001,119801.2897,119760.32,119920.09,119935.58,119721.76,1752823800000,5481
67.38404969000001,119642.1786,119850.0,119446.63,119927.1,119371.18,1752824700000,5337
59.30173105,119374.9193,119432.13,119319.35,119554.47,119279.55,1752825600000,5131
82.23416153000001,119285.4801,119351.1,119182.51,119478.14,119119.51,1752826500000,5347
198.40352607999995,118804.2748,119204.0,118514.35,119210.0,118380.0,1752827400000,9562
74.21903418,118591.4782,118560.0,118697.72,118780.0,118468.14,1752828300000,5055
54.37520113000001,118728.0593,118697.72,118899.94,118955.55,118506.18,1752829200000,4297
64.64104697,118754.8298,118899.98,118716.8,118920.0,118604.5,1752830100000,4226
82.42945544000003,118871.4419,118719.77,118894.71,118985.24,118711.94,1752831000000,4800
122.92598533,118987.9742,118894.72,118950.06,119092.23,118868.04,1752831900000,6375
70.52528604,118835.6366,118940.7,118741.31,118995.84,118724.83,1752832800000,4343
75.99995599,118730.0442,118741.3,118858.99,118966.73,118583.63,1752833700000,4497
58.88835675,118914.4355,118875.1,118948.9,118999.99,118804.51,1752834600000,4201
129.59784327,119184.1081,118988.11,119315.64,119342.56,118940.0,1752835500000,6099
51.66933027000001,119182.0351,119292.2,119040.13,119360.28,119039.07,1752836400000,4239
47.77357159999999,118933.4702,119087.4,118955.06,119097.13,118845.1,1752837300000,4087
77.78708416000002,118993.4514,118955.06,119154.3,119182.3,118847.27,1752838200000,4875
49.33753202,119164.7079,119154.3,119199.9,119268.89,119080.01,1752839100000,4013
48.27694543,119307.9368,119231.51,119376.1,119393.0,119199.9,1752840000000,4309
50.23059012,119345.3334,119376.1,119269.82,119423.88,119203.9,1752840900000,4705
50.21260987,119425.1132,119258.9,119486.41,119562.14,119258.8,1752841800000,4958
34.89597400999999,119529.8993,119478.7,119509.91,119586.55,119436.8,1752842700000,5063
116.13102933000002,119175.6494,119500.0,118936.94,119540.0,118930.11,1752843600000,6958
160.98510782,118830.3775,118936.94,118841.52,119000.0,118691.97,1752844500000,9428
155.62105412000003,118737.7672,118841.63,118714.89,118956.36,118542.64,1752845400000,9530
100.40118008,118818.9028,118714.89,118861.95,118939.27,118674.0,1752846300000,7076
164.82756079,119057.7282,118851.57,119068.61,119348.84,118770.0,1752847200000,9248
424.22295776,118185.1397,119075.1,117982.6,119146.98,117800.0,1752848100000,16725
573.2943764400001,117693.0032,117992.98,117824.98,118165.81,117331.0,1752849000000,20510
168.33807257999996,118127.9685,117793.0,118200.1,118454.34,117792.9,1752849900000,9432
101.58129559999999,118062.8452,118200.1,117806.16,118337.0,117800.0,1752850800000,7953
176.52850794999998,117723.5923,117800.37,117817.34,118010.0,117528.55,1752851700000,9972
135.91982797,117789.9784,117817.33,117684.29,117999.99,117507.05,1752852600000,8232
112.59263860000003,117856.7301,117697.77,117899.13,118080.56,117550.0,1752853500000,7464
112.6037714,117921.495,117939.7,117719.86,118150.0,117719.86,1752854400000,7434
263.96009357,117702.6718,117812.6,117634.89,117880.0,117555.0,1752855300000,11554
266.55579841,117710.5695,117676.8,117952.62,118079.89,117501.92,1752856200000,10419
130.33636451,117768.9248,117962.5,117610.36,117980.0,117551.57,1752857100000,7170
154.83862892000005,117555.1318,117610.36,117634.8,117718.97,117404.65,1752858000000,7829
67.61601392,117786.5011,117644.42,117977.9,118055.25,117607.89,1752858900000,6387
81.67991106000001,117859.2724,117999.9,117658.89,118030.0,117623.53,1752859800000,5804
48.087631349999995,117645.321,117692.0,117672.6,117774.06,117526.4,1752860700000,5742
135.5765738,117490.6837,117672.5,117437.6,117690.0,117380.8,1752861600000,6530
81.42225540000001,117522.4088,117421.1,117733.97,117735.49,117383.77,1752862500000,7652
53.39348793,117655.2687,117733.98,117606.21,117783.26,117572.46,1752863400000,6273
76.37804895,117500.4513,117606.21,117380.83,117692.55,117271.57,1752864300000,7566
312.95412745,117353.7098,117380.82,117433.54,117490.0,117170.0,1752865200000,9938
258.58414356,117762.7337,117373.7,117881.57,117966.2,117373.7,1752866100000,8105
242.92784361999998,117652.2669,117881.56,117566.78,117935.4,117478.3,1752867000000,7407
330.94909156,117480.9676,117566.77,117426.36,117594.6,117358.01,1752867900000,8970
145.47941364,117319.9765,117426.36,117246.62,117476.19,117188.71,1752868800000,9263
117.60899486000002,117178.5488,117246.62,117069.3,117338.86,116940.0,1752869700000,7966
219.44624174000003,117001.9593,117069.3,117082.66,117150.06,116892.42,1752870600000,9999
105.54647281999999,117432.8142,117087.48,117472.23,117632.33,117069.0,1752871500000,7605
58.41942055999999,117647.0135,117518.7,117917.04,117920.0,117431.12,1752872400000,6965
53.04906038,117863.6569,117915.28,117807.07,117964.55,117746.75,1752873300000,6075
35.42283342,117863.6598,117807.07,117891.04,117938.0,117787.88,1752874200000,5416
30.801180849999998,117775.8812,117887.34,117747.67,117966.0,117650.81,1752875100000,4889
62.82054094,117611.6549,117662.1,117713.63,117771.1,117465.29,1752876000000,6155
143.88101804,117971.8095,117713.63,117953.56,118101.59,117680.0,1752876900000,7345
69.75363374,117960.733,117953.56,117867.55,118013.53,117858.48,1752877800000,5208
36.79802290000001,117807.2087,117867.54,117782.68,117919.68,117685.0,1752878700000,5134
25.71315958,117675.3106,117782.69,117748.73,117800.0,117541.2,1752879600000,5961
27.795187760000005,117884.9955,117744.99,117921.69,117980.07,117699.9,1752880500000,6334
38.560319670000005,117971.0878,117919.1,117949.67,118000.0,117876.57,1752881400000,5712
41.01028914,118019.7977,117951.97,118023.05,118108.99,117917.41,1752882300000,5827
24.857753549999995,117985.7774,118011.9,118029.84,118044.84,117917.74,1752883200000,4664
28.05898995,118016.176,118029.84,118050.48,118069.26,117950.17,1752884100000,4791
26.49944164,118036.8452,118013.0,118002.08,118125.87,117934.46,1752885000000,4731
31.357368059999995,117928.4205,118002.08,117819.83,118032.12,117798.25,1752885900000,5034
33.3686434,117844.9776,117819.83,117989.1,118007.62,117700.02,1752886800000,5005
26.593651289999997,118052.3833,117989.2,118083.04,118111.0,117940.0,1752887700000,4312
22.64312358,118079.905,118083.04,118126.69,118184.76,118017.57,1752888600000,3664
25.879458299999996,118125.7102,118118.22,118141.27,118192.66,118035.4,1752889500000,4051
21.549528260000002,118112.0069,118141.27,118086.7,118192.66,118026.37,1752890400000,4049
30.569962879999995,118117.2663,118139.23,118083.41,118194.06,118048.32,1752891300000,3709
57.65557579,118168.4213,118079.13,118234.78,118313.42,118077.49,1752892200000,4489
45.932513570000005,118319.3146,118238.8,118292.07,118381.99,118203.1,1752893100000,3666
28.254401809999997,118278.3518,118299.9,118311.38,118320.96,118206.61,1752894000000,3644
17.00784005,118337.01,118274.9,118308.6,118396.11,118273.49,1752894900000,3489
27.110767680000002,118392.3417,118308.5,118390.13,118469.93,118308.5,1752895800000,3293
20.394069670000004,118365.9384,118391.76,118431.22,118441.44,118299.36,1752896700000,3483
20.092829240000004,118403.7414,118431.22,118446.05,118472.5,118320.0,1752897600000,4351
15.337426450000004,118372.8471,118425.0,118297.0,118459.2,118297.0,1752898500000,3249
15.93233825,118328.5307,118370.1,118270.39,118428.83,118247.4,1752899400000,3146
13.04873518,118227.327,118285.9,118235.85,118300.0,118175.9,1752900300000,2999
12.870045649999998,118216.9052,118263.6,118180.28,118287.92,118143.74,1752901200000,3038
13.95087145,118208.138,118180.66,118232.4,118248.43,118130.0,1752902100000,3114
14.543901249999998,118309.2311,118232.4,118384.2,118393.41,118208.6,1752903000000,2705
11.553125559999998,118334.2047,118370.0,118301.52,118390.0,118284.05,1752903900000,3455
11.64193014,118321.1087,118307.2,118311.33,118375.24,118280.0,1752904800000,3031
9.7872097,118272.7344,118311.32,118157.76,118315.2,118156.55,1752905700000,3080
8.799130369999999,118211.424,118157.75,118206.29,118273.26,118156.13,1752906600000,3431
7.11915584,118238.751,118206.29,118265.83,118277.05,118188.1,1752907500000,3125
7.94911651,118309.0834,118194.9,118355.19,118357.76,118194.9,1752908400000,2691
11.909031050000001,118380.2476,118355.18,118379.25,118432.58,118270.0,1752909300000,2334
15.177868609999999,118297.6914,118379.26,118264.09,118382.21,118220.0,1752910200000,2630
10.470869460000001,118265.7614,118264.09,118264.24,118303.4,118200.0,1752911100000,2753
18.47170263,118252.1336,118254.1,118161.43,118368.16,118140.0,1752912000000,1930
20.758447950000004,118167.7979,118161.43,118186.05,118214.34,118110.0,1752912900000,2393
24.694269140000003,118117.9843,118173.4,118179.22,118186.05,118010.0,1752913800000,2918
18.5674852,118169.6084,118159.9,118177.69,118262.32,118070.0,1752914700000,2492
10.89723847,118212.6,118224.9,118213.87,118262.31,118120.0,1752915600000,2020
10.12967573,118258.7585,118204.9,118282.41,118339.02,118170.0,1752916500000,2236
20.163718689999996,118346.6562,118285.9,118394.09,118394.1,118230.0,1752917400000,2235
19.033936850000003,118363.8154,118389.29,118328.3,118415.18,118250.0,1752918300000,1793
31.34511895,118289.8577,118328.4,118249.9,118361.27,118220.0,1752919200000,2181
5.55032778,118351.2706,118311.81,118410.16,118410.16,118240.0,1752920100000,1665
26.121630179999997,118457.3009,118369.0,118513.47,118546.0,118320.0,1752921000000,2233
22.317055879999995,118473.8475,118513.47,118516.84,118542.22,118350.0,1752921900000,2615
20.082149530000002,118504.2115,118506.3,118382.77,118564.59,118320.0,1752922800000,2289
18.08707501,118393.4317,118371.5,118546.9,118546.9,118180.0,1752923700000,3122
24.07424142,118494.0291,118479.7,118505.86,118546.89,118390.0,1752924600000,3658
15.78826499,118424.145,118474.8,118393.7,118509.83,118330.0,1752925500000,3015
21.78543427,118326.8451,118393.7,118278.48,118416.33,118190.0,1752926400000,3558
21.202228429999998,118271.9861,118278.39,118279.45,118398.0,118140.0,1752927300000,2891
15.413545270000002,118276.0135,118279.45,118223.11,118344.54,118170.0,1752928200000,3042
17.82399569,118268.0767,118223.1,118316.94,118332.19,118130.0,1752929100000,3275
19.99063108,118276.9293,118270.8,118314.05,118356.99,118120.0,1752930000000,3251
10.66069088,118319.2724,118314.06,118358.79,118363.43,118200.0,1752930900000,3078
12.27923173,118355.086,118358.79,118350.0,118395.75,118260.0,1752931800000,3372
14.490815959999999,118235.9308,118310.3,118268.53,118350.39,118100.0,1752932700000,3578
26.304825539999996,118199.8701,118250.0,118129.39,118307.68,118060.0,1752933600000,3579
43.024140749999994,118102.184,118130.1,117958.94,118254.88,117870.0,1752934500000,4475
41.38469967,117874.5597,117973.11,117881.39,118075.82,117680.0,1752935400000,4769
30.77868538,117822.1046,117873.0,117749.56,117976.96,117660.0,1752936300000,4536
19.811035369999992,117904.5802,117746.77,118000.0,118030.06,117670.0,1752937200000,3770
27.093161009999996,118196.7641,117999.9,118255.2,118278.16,117930.0,1752938100000,4063
19.064080600000004,118257.7541,118267.5,118286.75,118319.99,118140.0,1752939000000,3973
18.3645308,118192.5138,118281.0,118114.79,118289.72,118050.0,1752939900000,3695
24.15774171,117986.2419,118114.79,117940.04,118159.0,117850.0,1752940800000,4112
20.870660859999997,118032.7885,117939.69,118172.24,118210.12,117860.0,1752941700000,3848
14.253841530000003,118128.992,118201.8,118139.57,118222.49,118010.0,1752942600000,3680
19.615511429999998,118103.2663,118140.0,118038.34,118200.0,117960.0,1752943500000,3832
17.4435091,117993.3575,118037.6,117948.2,118048.26,117900.0,1752944400000,3692
18.53593859,117922.4199,117942.5,117904.05,118000.0,117820.0,1752945300000,4146
16.426259899999998,117849.7166,117900.1,117870.46,117944.93,117750.0,1752946200000,3993
19.491776780000002,117863.9187,117876.43,117857.5,117929.43,117770.0,1752947100000,3912
27.55633114,117939.2241,117857.5,118010.76,118029.96,117750.0,1752948000000,4376
20.54176623,118000.1718,117999.7,117978.2,118059.25,117898.5,1752948900000,4674
30.670601840000003,118050.3612,117992.0,118007.75,118100.0,117940.0,1752949800000,5100
22.01634795,117979.6439,118000.1,117934.43,118068.42,117880.0,1752950700000,4037
33.69969539,117842.5939,117904.8,117808.67,117999.98,117600.0,1752951600000,4721
18.40516706,117850.4959,117805.73,117932.05,117937.62,117720.0,1752952500000,5043
19.253717710000004,118052.3449,117932.04,118182.22,118218.96,117840.0,1752953400000,4356
17.45775911,118089.5943,118183.15,118083.66,118195.07,117990.0,1752954300000,3935
17.479581350000004,118092.9067,118081.2,118080.78,118222.0,118000.0,1752955200000,4959
19.55742685,118016.2466,118085.01,118075.48,118096.5,117920.0,1752956100000,4381
15.253957089999998,118036.9883,118075.61,118056.4,118075.63,117950.0,1752957000000,3982
21.40311824,117965.6941,118053.01,117801.0,118145.42,117761.34,1752957900000,4024
35.63062454,117765.9121,117801.0,117675.75,117911.52,117573.61,1752958800000,4865
119.60186777999996,117515.3203,117675.76,117744.39,117763.99,117300.0,1752959700000,7957
21.602488970000003,117585.892,117724.8,117545.38,117763.94,117410.0,1752960600000,5379
18.91365094,117678.8168,117540.02,117763.6,117818.71,117494.4,1752961500000,3920
19.705284029999998,117718.6051,117786.0,117834.41,117854.99,117570.0,1752962400000,5584
23.654005920000003,117817.3908,117834.41,117780.83,117878.31,117720.0,1752963300000,4623
13.384669669999997,117844.1132,117818.7,117908.71,117931.31,117730.0,1752964200000,3483
11.62445602,117894.8907,117914.1,117856.9,117931.32,117820.0,1752965100000,3131
14.278304600000002,117898.3918,117856.9,117975.41,118000.0,117770.0,1752966000000,3036
12.30595056,117872.4452,117975.4,117870.9,117975.41,117790.0,1752966900000,3252
12.69749549,117913.2677,117870.9,117879.38,118000.0,117850.0,1752967800000,4029
11.983044529999999,117917.0244,117878.43,117914.17,117965.07,117830.0,1752968700000,3297
13.26013247,117849.0318,117909.1,117765.71,117952.12,117740.0,1752969600000,2795
17.506512060000002,117812.9952,117765.71,117718.88,117880.57,117700.0,1752970500000,3345
14.431905070000003,117779.3908,117718.88,117756.87,117885.71,117690.0,1752971400000,3397
23.248510909999997,117961.7562,117752.29,118001.01,118074.73,117730.0,1752972300000,3206
23.81543605,118047.0302,117995.5,118053.71,118146.06,117940.0,1752973200000,3622
31.431638599999996,118111.8548,118024.9,118050.98,118198.0,118000.0,1752974100000,3571
23.611561610000003,118072.4431,118120.1,118066.06,118122.0,117980.0,1752975000000,3528
11.797627569999998,118044.9122,118066.05,118004.05,118118.76,117950.0,1752975900000,2962
14.944755960000002,117947.4135,118000.1,117961.8,118031.42,117870.0,1752976800000,3145
21.026220660000003,117952.9277,117961.8,117862.1,117996.86,117850.0,1752977700000,3065
9.63811074,117936.4928,117862.09,117965.4,117992.52,117830.0,1752978600000,2917
14.910044089999996,118022.2196,117952.48,118062.56,118089.0,117933.55,1752979500000,2871
13.008842379999999,118083.8804,118000.0,118059.19,118172.64,117999.9,1752980400000,2469
19.34743495,117939.6907,118059.18,117953.9,118104.2,117788.19,1752981300000,3326
32.22367582,118129.3241,117953.9,118053.6,118230.54,117930.0,1752982200000,3242
23.83187638,118015.8607,118053.43,118021.09,118066.9,117960.0,1752983100000,2998
13.83921007,118010.2928,118025.0,117990.6,118058.36,117952.8,1752984000000,3237
12.212856559999999,118062.8869,117987.33,118146.3,118148.58,117945.11,1752984900000,2872
20.051848660000005,118106.7363,118142.58,118010.4,118199.65,118001.0,1752985800000,2820
17.11497176,118026.2001,118032.4,118018.05,118065.47,117999.7,1752986700000,2288
9.222352399999998,117969.4271,118015.1,117942.24,118058.23,117894.52,1752987600000,2229
11.5585621,117902.6925,117942.21,117882.33,117971.64,117850.0,1752988500000,2111
12.71541376,117924.6668,117881.5,117965.82,117988.2,117872.2,1752989400000,2083
8.160747789999999,117932.7633,117920.0,117908.2,117994.14,117900.18,1752990300000,1806
8.01634752,117877.7473,117902.3,117838.03,117920.0,117836.54,1752991200000,2009
8.50346449,117870.4905,117838.02,117890.3,117942.82,117821.17,1752992100000,1856
5.319578590000001,117880.1818,117890.7,117914.2,117914.2,117850.0,1752993000000,1761
6.9197725000000005,117921.7769,117914.19,117891.37,117961.44,117860.0,1752993900000,1828
10.506199460000001,117901.9796,117877.4,117900.0,117954.87,117868.92,1752994800000,1680
19.18025913,117968.896,117877.4,118117.88,118121.0,117877.3,1752995700000,1700
26.83499312,118151.9225,118074.8,118279.89,118279.89,118067.95,1752996600000,2193
18.306604780000004,118163.0691,118279.88,118080.01,118279.88,118053.1,1752997500000,2010
21.965659679999998,118218.7562,118089.2,118315.54,118321.19,118080.29,1752998400000,2027
8.78223943,118239.9603,118265.9,118225.99,118323.0,118180.0,1752999300000,1714
12.648142140000001,118246.4366,118212.6,118209.17,118316.69,118165.83,1753000200000,1706
31.824125849999998,118224.4538,118225.76,118222.65,118310.0,118172.59,1753001100000,2368
28.618248169999998,118213.1687,118212.4,118071.99,118343.55,118059.51,1753002000000,2556
14.353311249999999,118128.4271,118055.81,118058.95,118241.46,118046.31,1753002900000,2093
29.88619913,118123.9619,118058.95,118145.96,118175.89,118058.95,1753003800000,1603
16.679425170000002,118050.1537,118124.3,117979.02,118170.98,117920.0,1753004700000,2003
11.55606088,117990.4434,118005.2,118005.14,118050.12,117900.0,1753005600000,1855
14.81745198,118008.9544,118004.54,118005.1,118048.85,117920.0,1753006500000,1947
18.455211349999995,118032.0948,118005.2,118024.87,118067.55,117950.0,1753007400000,1562
17.9466763,117958.3789,118024.86,117950.33,118024.87,117890.0,1753008300000,1963
14.100963429999998,117935.798,117937.1,117971.76,118004.34,117890.0,1753009200000,2379
18.68307781,117953.8231,117951.7,117919.46,118074.99,117840.0,1753010100000,2360
13.62791878,117928.1706,117910.75,117973.5,117985.86,117830.0,1753011000000,2239
31.360261580000007,117983.2851,117967.66,117914.1,118128.47,117820.0,1753011900000,2992
42.96212742,117859.1523,117914.1,117952.41,118040.77,117670.0,1753012800000,3834
23.27057877,117977.9474,117952.42,117930.0,118107.81,117810.0,1753013700000,3472
16.18744736,117902.6535,117890.24,117910.52,117965.38,117820.0,1753014600000,2689
70.85973601,118091.3575,117910.52,118127.02,118227.33,117830.0,1753015500000,3554
17.647890479999997,118170.9759,118112.5,118160.08,118247.75,118060.0,1753016400000,2802
17.76110993,118147.7301,118120.0,118158.77,118213.97,118070.0,1753017300000,3201
15.20938607,118154.6839,118168.59,118175.82,118200.0,118050.0,1753018200000,3124
30.81152368,118297.9448,118183.19,118448.86,118454.35,118100.0,1753019100000,3236
81.13375223,118574.3617,118409.5,118601.49,118804.97,118280.0,1753020000000,5325
57.06227941000001,118718.6795,118518.3,118685.59,118850.0,118460.0,1753020900000,5098
39.17217251,118640.7658,118685.59,118630.36,118842.1,118520.0,1753021800000,3676
35.76495288,118545.2471,118618.1,118519.06,118654.8,118380.0,1753022700000,4716
93.90971411000001,118503.7048,118500.1,118709.19,118712.17,118350.0,1753023600000,4647
20.07014564,118635.6206,118711.9,118756.51,118764.92,118510.0,1753024500000,3773
32.50260333999999,118710.3476,118756.51,118639.37,118816.99,118600.0,1753025400000,5211
42.17663686,118729.8361,118639.36,118726.73,118824.86,118600.0,1753026300000,5008
61.66613906,118762.0026,118699.1,118663.73,118921.76,118550.0,1753027200000,6666
41.56476009,118599.1624,118666.39,118702.21,118716.39,118480.0,1753028100000,5723
27.978561159999998,118731.6411,118662.5,118780.92,118883.47,118600.0,1753029000000,5408
25.871022,118650.8756,118780.92,118617.22,118792.9,118540.0,1753029900000,5176
50.676598150000004,118372.773,118602.0,118379.31,118617.22,118190.0,1753030800000,6367
22.970531100000002,118397.0987,118385.11,118381.87,118485.51,118230.0,1753031700000,4676
45.28594914,118316.1634,118370.8,118262.51,118490.32,118080.0,1753032600000,4505
50.45060495,118110.1206,118264.94,118067.8,118264.94,117980.0,1753033500000,4464
24.06132556,118197.2044,118066.9,118248.02,118275.71,117980.0,1753034400000,4043
18.357510970000003,118208.8373,118262.5,118240.35,118276.98,118080.0,1753035300000,3243
23.6585651,118224.4289,118248.42,118294.71,118300.0,118120.0,1753036200000,3476
32.73928031,118383.266,118291.77,118407.74,118495.01,118200.0,1753037100000,3594
20.36077575,118492.3265,118406.65,118558.64,118604.22,118320.0,1753038000000,3511
25.36251637,118545.8986,118558.64,118599.13,118610.38,118440.0,1753038900000,3670
24.35520752,118490.2695,118587.02,118390.9,118596.51,118370.0,1753039800000,3284
30.18928808,118377.2586,118400.1,118201.2,118459.99,118180.0,1753040700000,3739
57.24987355,118031.2331,118220.1,118120.93,118226.46,117870.0,1753041600000,5653
18.018175139999997,118157.6811,118120.91,118140.38,118277.56,118020.0,1753042500000,3874
40.307930660000004,118124.9418,118140.51,118225.0,118225.42,118060.0,1753043400000,3196
20.651439970000002,118231.325,118202.9,118130.98,118324.63,118070.0,1753044300000,3362
53.47218938000001,117999.0885,118164.1,118079.56,118164.1,117820.0,1753045200000,4698
39.01797810999999,118008.382,118079.57,118138.55,118189.75,117830.0,1753046100000,4196
28.551303009999998,118074.6065,118154.72,118087.09,118218.49,117920.0,1753047000000,4181
33.80468676,118094.7524,118086.39,118061.37,118129.8,117970.0,1753047900000,4056
359.6214244899999,117480.6373,118061.37,116983.79,118110.45,116870.0,1753048800000,14058
290.3050955,116871.6766,117000.0,117330.86,117369.72,116410.0,1753049700000,13658
96.55279621999999,117403.4498,117330.86,117679.68,117699.99,117100.0,1753050600000,6496
62.23780111999999,117603.1905,117681.05,117545.78,117748.02,117430.0,1753051500000,5636
45.088178230000004,117443.4103,117575.1,117441.48,117636.35,117260.0,1753052400000,4870
53.44110033,117342.1281,117442.51,117299.66,117490.56,117200.0,1753053300000,4136
45.65242154,117223.6088,117291.89,117294.7,117454.92,116930.0,1753054200000,4851
23.082672949999996,117292.7776,117307.7,117312.7,117406.14,117130.0,1753055100000,3681
72.49379442,117137.8443,117319.0,116918.56,117353.27,116850.0,1753056000000,4933
81.02070119000003,116805.5176,116953.7,116957.24,117060.45,116550.0,1753056900000,6659
55.108628519999996,117041.4783,117001.0,117067.86,117266.63,116760.0,1753057800000,5633
46.49815299000001,117205.2356,117067.86,117421.83,117446.99,116890.0,1753058700000,5124
33.47680126,117368.3244,117401.8,117241.39,117509.48,117160.0,1753059600000,4796
24.885993759999998,117193.456,117237.7,117192.52,117329.4,117020.0,1753060500000,4226
64.42620376,117003.1402,117162.6,117032.16,117302.19,116770.0,1753061400000,5247
44.65173892,117168.3386,117032.16,117369.36,117387.79,116900.0,1753062300000,4333
80.11774437,117737.8227,117374.4,118000.0,118067.85,117230.0,1753063200000,5645
41.426817629999995,117947.6747,117979.35,118078.4,118153.2,117710.0,1753064100000,4225
24.74090722,117990.443,118078.4,117916.1,118112.13,117840.0,1753065000000,3661
43.18337648,118056.8053,117975.1,118262.02,118275.0,117790.0,1753065900000,3780
80.99837132,118446.5153,118180.8,118495.3,118572.69,118120.0,1753066800000,5302
31.920413090000004,118523.0817,118495.31,118550.87,118616.8,118360.0,1753067700000,3296
50.30403794,118504.6141,118547.1,118474.04,118672.53,118390.0,1753068600000,3890
63.38458174000001,118390.5627,118449.9,118451.9,118483.23,118260.0,1753069500000,4130
14.96551394,118421.7508,118451.9,118435.72,118474.48,118290.0,1753070400000,2909
42.66939896000001,118507.023,118420.1,118500.0,118691.72,118290.0,1753071300000,3719
13.922924680000001,118591.5912,118500.01,118619.21,118695.46,118440.0,1753072200000,2472
18.044055909999997,118488.9982,118617.9,118395.66,118619.21,118360.0,1753073100000,2541
22.6466891,118356.0531,118375.4,118417.44,118436.8,118270.0,1753074000000,2619
14.520708469999999,118293.2987,118417.44,118255.66,118418.81,118180.0,1753074900000,2303
11.72416317,118329.5785,118226.7,118361.5,118410.89,118190.0,1753075800000,2607
17.553545800000002,118397.5991,118362.3,118470.03,118490.0,118290.0,1753076700000,3194
11.311782769999999,118386.93,118473.84,118416.73,118487.68,118310.0,1753077600000,2573
84.19248367,118733.619,118345.0,118880.0,118900.0,118345.0,1753078500000,3884
132.25810043,119074.4882,118880.0,119023.37,119270.0,118840.0,1753079400000,5204
29.985667,119096.4479,119023.37,119214.2,119250.0,118940.0,1753080300000,2693
76.8359537,119356.0808,119200.0,119417.45,119456.0,119150.0,1753081200000,3873
65.4860794,119511.7617,119417.44,119660.72,119674.45,119330.0,1753082100000,3828
45.87944892,119474.8534,119657.72,119328.06,119745.93,119316.48,1753083000000,3267
32.82792029,119374.856,119399.9,119414.15,119477.24,119310.0,1753083900000,2346
36.705737279999994,119463.2082,119399.9,119422.75,119556.74,119350.0,1753084800000,2720
55.338039509999994,119329.4914,119425.75,119304.19,119459.12,119220.0,1753085700000,2883
65.99323483,119135.0426,119250.1,119031.99,119397.66,118962.39,1753086600000,3546
51.98091958,118997.962,119032.16,119042.38,119151.5,118874.47,1753087500000,2842
15.016319509999999,119054.1534,119036.9,118962.5,119147.12,118929.3,1753088400000,2186
28.488766989999995,118880.7131,118967.32,118833.35,119002.42,118806.6,1753089300000,2258
42.48694419,118735.7107,118833.34,118669.61,118886.81,118578.7,1753090200000,2804
32.59971136,118688.1668,118669.62,118737.48,118781.97,118578.8,1753091100000,2329
19.0823428,118734.7402,118737.5,118757.3,118850.48,118650.0,1753092000000,2188
31.822535010000003,118710.4494,118820.95,118564.93,118820.96,118535.53,1753092900000,2841
84.7818135,118490.7186,118553.2,118551.62,118626.92,118368.6,1753093800000,3535
26.091367790000003,118615.0351,118551.62,118617.14,118645.9,118510.0,1753094700000,2436
35.657241479999996,118711.9431,118616.6,118715.9,118789.37,118590.0,1753095600000,2633
90.20325641999999,118673.0185,118664.31,118661.82,118832.67,118564.71,1753096500000,3398
35.967696829999994,118555.5315,118662.6,118412.65,118696.94,118384.61,1753097400000,3431
40.477301080000004,118294.1292,118424.1,118104.65,118474.57,118100.0,1753098300000,3998
195.29002212,118007.9259,118138.6,118228.92,118241.5,117800.0,1753099200000,7707
31.822686550000004,118464.594,118187.2,118535.0,118635.82,118180.0,1753100100000,4016
45.89685915999999,118299.814,118535.0,118234.93,118581.01,118140.0,1753101000000,4320
47.20415889000001,118279.1747,118245.37,118210.64,118383.34,118150.0,1753101900000,3972
43.571130540000006,118040.614,118209.9,118006.14,118247.99,117909.88,1753102800000,4508
55.112132,118242.8195,118006.8,118348.77,118370.56,118000.0,1753103700000,4365
232.38254850999996,118514.4684,118310.5,118685.2,118749.99,118270.0,1753104600000,8125
231.47196633,118981.6276,118683.77,118912.84,119167.4,118620.0,1753105500000,8806
76.88291457,118751.312,118912.85,118712.47,119025.09,118450.0,1753106400000,5602
148.01021292000001,118989.3785,118618.0,118974.75,119171.5,118618.0,1753107300000,7459
122.00908862,118966.4616,118970.46,119095.9,119125.97,118774.71,1753108200000,6754
108.76948672000002,119065.0922,119069.0,118888.26,119310.57,118820.0,1753109100000,7147
57.17593355999999,118888.1051,118872.9,118832.78,119028.33,118725.15,1753110000000,5538
58.04715782,118971.8061,118833.85,118765.32,119201.85,118747.02,1753110900000,5693
38.57720606,118584.2628,118763.61,118488.07,118837.6,118371.07,1753111800000,5081
105.70661826,118485.0274,118488.07,118383.53,118642.8,118310.0,1753112700000,6971
169.11108188000003,118148.0858,118372.5,118041.63,118469.22,117920.0,1753113600000,8178
210.85766776000003,117757.345,118044.14,117954.3,118082.1,117490.0,1753114500000,10129
95.99562341000001,117975.4313,117969.39,117944.9,118177.45,117843.93,1753115400000,5518
55.059895600000004,117817.6854,117898.44,117794.38,117964.29,117688.2,1753116300000,4882
42.48543375,117995.2506,117786.88,117975.5,118177.45,117752.47,1753117200000,4853
82.05830442999999,117856.676,117975.49,117651.77,118043.11,117607.95,1753118100000,5747
152.04593251000003,117571.534,117654.84,117492.69,117791.36,117410.0,1753119000000,7091
63.84114342999999,117654.1604,117490.43,117903.26,117964.21,117389.0,1753119900000,5599
40.552385410000014,117942.0799,117940.0,118006.95,118010.51,117840.0,1753120800000,4940
100.25288584,118086.5026,118000.61,118024.7,118278.98,117927.38,1753121700000,5578
176.50276250999997,117664.9957,118051.53,117500.0,118201.0,117472.0,1753122600000,6648
159.21060477,117314.272,117488.9,117208.29,117510.0,117120.0,1753123500000,8675
103.12623357000001,117330.3451,117217.2,117495.72,117503.09,117010.0,1753124400000,6755
93.13892825999999,117351.7029,117496.47,117134.42,117584.76,117030.0,1753125300000,6375
265.00524727000004,116949.256,117145.7,116969.8,117166.0,116780.0,1753126200000,9681
260.88684633,116810.4217,116889.41,116782.87,116969.0,116681.72,1753127100000,12583
142.78830682999998,116803.9565,116783.78,116975.76,117039.94,116650.0,1753128000000,7998
53.418135590000006,117075.692,117027.6,117115.5,117181.5,116930.0,1753128900000,5124
85.78334871999999,117150.2715,117128.48,117214.13,117265.5,116960.0,1753129800000,5074
68.79154774,117153.0475,117214.12,116985.37,117325.01,116960.0,1753130700000,5395
52.50618246999999,117080.1387,117028.1,116998.55,117258.66,116900.0,1753131600000,5422
37.27297170000001,117211.4345,117010.1,117298.73,117312.5,117003.75,1753132500000,4510
49.37359476,117283.973,117277.6,117436.16,117446.94,117130.0,1753133400000,4645
44.047525779999994,117331.3602,117435.0,117274.68,117441.45,117170.0,1753134300000,4547
52.59168885999999,117265.5216,117331.8,117380.98,117390.09,117150.0,1753135200000,4223
63.28586589000001,117349.1606,117372.12,117360.0,117485.95,117190.0,1753136100000,4263
67.37096394,117614.369,117463.72,117673.75,117712.37,117360.0,1753137000000,4735
43.660678850000004,117551.5209,117668.2,117404.51,117687.15,117380.0,1753137900000,4080
33.72416624,117349.6157,117462.7,117338.72,117462.7,117210.0,1753138800000,4210
60.143168749999994,117262.1025,117339.97,117414.86,117414.86,117133.65,1753139700000,4398
39.543647480000004,117487.6075,117404.54,117383.39,117573.37,117320.0,1753140600000,3901
38.305118570000005,117467.254,117383.39,117428.79,117545.54,117333.67,1753141500000,4016
29.85495654,117385.4758,117461.0,117384.35,117468.84,117300.0,1753142400000,3653
32.071722949999995,117492.6322,117384.35,117579.9,117582.25,117337.5,1753143300000,3705
75.08778627999999,117278.2868,117574.38,117120.04,117583.08,117058.89,1753144200000,4948
29.82103482,117256.4149,117120.05,117170.01,117389.43,117106.77,1753145100000,3948
76.03681237,117024.6974,117179.9,116914.73,117200.9,116900.0,1753146000000,5288
441.47904628000003,116692.1742,116970.1,117304.39,117313.66,116150.0,1753146900000,13122
153.16391051999997,117571.5684,117304.55,117686.51,117885.83,117149.51,1753147800000,7077
131.3247631,117807.2823,117686.5,117813.34,118050.95,117650.0,1753148700000,5740
98.36142985,117664.2516,117812.81,117550.99,117886.81,117467.8,1753149600000,5356
44.35560129,117609.6927,117554.38,117607.15,117765.59,117453.96,1753150500000,3992
56.52218183,117497.4342,117607.37,117340.5,117733.66,117297.48,1753151400000,3898
80.24572551,117159.7996,117340.5,117072.67,117400.1,117008.73,1753152300000,4536
41.810645169999994,117128.4842,117094.0,117069.28,117297.05,117011.04,1753153200000,3610
75.2809982,116959.8556,117069.29,117173.99,117217.13,116740.01,1753154100000,5336
53.71611225999999,117039.6597,117173.99,116960.99,117315.49,116833.95,1753155000000,4411
38.33524123,117106.6271,116960.95,117262.61,117266.53,116882.03,1753155900000,3340
38.29567872,117229.3895,117237.6,117185.11,117325.7,117119.23,1753156800000,3265
40.13516122,117041.1172,117185.1,117017.92,117225.57,116870.0,1753157700000,3916
50.197906030000006,117152.044,117022.5,116903.13,117398.99,116888.88,1753158600000,4106
78.67159196000001,116814.226,116921.98,116603.28,117000.5,116603.28,1753159500000,5552
118.56737804000002,116885.5793,116687.4,117256.7,117302.03,116600.0,1753160400000,5422
23.17279961,117246.8902,117256.7,117222.25,117396.99,117153.13,1753161300000,3026
29.50626248,117258.842,117223.9,117163.32,117395.87,117110.0,1753162200000,2712
44.69428113999999,117198.6021,117163.31,117349.8,117390.6,116984.73,1753163100000,3089
25.286320540000002,117498.5423,117349.9,117599.33,117634.42,117320.0,1753164000000,2680
27.52211476,117656.979,117594.94,117759.44,117789.19,117472.68,1753164900000,2402
33.543126199999996,117718.1017,117759.44,117598.31,117818.32,117586.8,1753165800000,2658
103.73245706999998,117733.7428,117598.31,117884.78,117886.71,117523.5,1753166700000,3279
157.29314083000003,118061.7241,117850.0,118337.45,118341.75,117808.78,1753167600000,5353
109.44133688,118435.2949,118339.59,118620.61,118641.86,118237.7,1753168500000,4272
64.72861652,118326.6678,118620.62,118247.69,118631.74,118150.0,1753169400000,3478
60.093571909999994,118134.2052,118218.9,117960.0,118271.82,117850.0,1753170300000,3013
69.24130285000001,117814.3254,118044.33,117730.68,118059.81,117570.0,1753171200000,4531
43.31490648,117732.5095,117728.44,117765.35,118041.82,117510.0,1753172100000,4160
31.45983336,118078.6731,117708.0,118199.9,118254.84,117707.9,1753173000000,3653
41.774326069999994,118265.9799,118153.26,118348.55,118409.15,118050.0,1753173900000,3245
35.972986580000004,118205.1426,118319.3,118100.0,118345.61,118060.0,1753174800000,2544
28.15807216,118091.8074,118077.39,118248.7,118304.24,117900.0,1753175700000,3042
54.43589966999999,118480.3695,118248.9,118585.07,118615.58,118230.0,1753176600000,3224
89.46493670000001,118563.0924,118585.07,118449.78,118704.48,118425.43,1753177500000,3876
93.99468787999999,118470.8358,118454.7,118492.79,118567.45,118334.0,1753178400000,3822
51.73640417000001,118503.0101,118399.7,118575.13,118589.47,118389.15,1753179300000,2772
63.22287827,118705.8311,118535.0,118769.16,118795.43,118534.9,1753180200000,3125
181.56692723999998,118864.1014,118769.16,119007.0,119007.0,118740.0,1753181100000,5443
95.24999917,119019.0151,119006.99,118985.96,119166.64,118825.1,1753182000000,4370
44.18388544,119025.2229,118980.16,119050.0,119104.99,118925.0,1753182900000,2645
51.48901167,119057.5843,119104.99,119119.07,119142.39,118920.3,1753183800000,3338
108.65180541,119195.2899,119119.06,119184.9,119265.55,119037.3,1753184700000,4402
96.47312644999998,119264.4616,119184.9,119323.46,119377.77,119141.36,1753185600000,4583
95.77906527999997,119300.9494,119323.45,119304.59,119344.2,119239.75,1753186500000,4651
101.17109986,119300.5745,119304.59,119440.81,119473.0,119108.92,1753187400000,5786
98.80451004,119410.3337,119447.95,119373.06,119490.0,119280.0,1753188300000,4152
155.75671294,119428.5193,119321.5,119423.68,119539.03,119240.4,1753189200000,5721
93.16763028,119277.2282,119423.68,119259.61,119423.75,119120.0,1753190100000,5062
272.83886073,119330.9111,119262.03,119530.11,119677.88,118875.0,1753191000000,10173
276.60692826,118568.8496,119535.03,118209.74,119535.03,118070.0,1753191900000,10488
185.66838588999997,118040.2775,118196.8,118469.91,118567.93,117583.11,1753192800000,9889
96.0959685,118399.5188,118474.8,118491.19,118635.5,118200.17,1753193700000,6043
137.54907099,118658.1139,118452.0,118812.04,118875.39,118330.0,1753194600000,6314
357.89738560999996,118355.8942,118799.9,119116.6,119185.73,116600.0,1753195500000,8435
116.78848731,119131.8197,119112.0,119100.0,119250.0,119020.0,1753196400000,5963
113.71973915000001,119053.4282,119100.0,118939.27,119234.62,118840.0,1753197300000,6104
106.77890578,119053.9696,118939.27,118870.0,119245.11,118710.0,1753198200000,6402
90.12922860999998,119007.6442,118930.36,118966.03,119132.33,118870.0,1753199100000,5264
97.28900266,119080.8871,118954.7,119272.01,119300.0,118770.0,1753200000000,5352
126.93292670000001,119239.9484,119200.0,119088.54,119447.44,118974.4,1753200900000,6764
95.71193604999999,118969.8635,119022.6,118962.4,119195.52,118740.0,1753201800000,5356
58.29071587000001,118769.6481,118957.12,118726.41,118957.12,118645.0,1753202700000,4791
82.97407826,118660.8833,118718.3,118560.4,118873.11,118410.0,1753203600000,5394
68.92053249000001,118689.6549,118520.0,118764.95,118803.71,118520.0,1753204500000,5006
102.52026951,119096.1753,118762.5,119176.55,119278.88,118710.0,1753205400000,6228
74.49336281,119193.3723,119176.56,119235.0,119287.53,119095.2,1753206300000,4511
137.13758038000003,119363.9007,119254.6,119370.43,119499.99,119110.0,1753207200000,6402
164.08761447,119446.3373,119380.84,119473.32,119588.23,119147.27,1753208100000,6281
76.13872092000001,119374.3568,119462.53,119248.26,119522.83,119210.0,1753209000000,4651
535.3797576000001,119894.3818,119252.79,119821.7,120288.0,119241.75,1753209900000,13417
195.65477780000003,119791.3194,119790.0,119913.03,119994.37,119630.0,1753210800000,7801
84.80908712000002,119695.4628,119908.44,119696.86,119910.45,119420.0,1753211700000,5860
75.28089428999999,119420.3272,119696.85,119380.1,119696.86,119290.0,1753212600000,6083
98.15968142,119324.1508,119384.05,119326.44,119496.19,119144.96,1753213500000,6364
107.71042565,119592.473,119329.1,119712.26,119790.76,119247.29,1753214400000,5626
61.30776436,119782.6868,119749.4,119839.4,119892.13,119552.28,1753215300000,4072
59.12299509999999,119747.9563,119832.41,119733.58,119915.13,119580.24,1753216200000,4527
54.428461569999996,119824.6556,119733.58,119768.22,119962.23,119700.0,1753217100000,4036
38.076967719999985,119719.9527,119786.1,119611.23,119841.77,119605.02,1753218000000,4077
77.55214953000002,119633.8319,119650.1,119585.1,119692.61,119556.01,1753218900000,4102
42.72426931,119542.8595,119564.54,119535.56,119608.95,119485.1,1753219800000,3999
40.13042094,119570.0006,119535.57,119446.69,119630.0,119445.77,1753220700000,3970
75.16192538,119648.7038,119446.69,119697.52,119800.0,119438.74,1753221600000,6168
83.35434964000001,119868.6842,119697.52,119896.73,119989.99,119657.88,1753222500000,5505
121.43792942,119975.3197,119901.1,120045.36,120091.14,119850.0,1753223400000,6374
65.72028648,119934.9568,120045.37,119902.9,120053.94,119835.0,1753224300000,4553
66.33868925,120052.1656,119900.0,120250.0,120250.0,119881.66,1753225200000,4135
66.87856617,120235.7844,120250.0,120180.45,120300.0,120169.78,1753226100000,4236
121.18582018,120080.5852,120180.44,120075.42,120200.1,119927.4,1753227000000,5373
54.02527264,120048.1202,120075.3,120026.42,120166.37,119888.0,1753227900000,4577
34.77676727,119917.0628,119977.5,119820.33,120041.99,119806.83,1753228800000,3559
72.09279935,119923.5964,119820.32,119718.36,120180.93,119680.0,1753229700000,4602
30.772532680000005,119868.6642,119702.1,119884.68,120035.31,119700.0,1753230600000,4106
35.6796595,119680.9823,119886.8,119623.82,119953.0,119550.0,1753231500000,3906
54.21668094999999,119553.2239,119585.9,119458.68,119670.63,119445.77,1753232400000,4736
50.12627972999999,119576.0166,119458.68,119543.22,119690.22,119458.68,1753233300000,4456
41.49420444,119581.6743,119626.0,119618.56,119712.18,119494.82,1753234200000,3716
22.719086179999998,119617.6582,119609.03,119560.38,119749.31,119527.38,1753235100000,3338
93.02117805,119302.0184,119560.38,119188.05,119608.42,119160.12,1753236000000,4997
26.91495626,119317.8731,119250.1,119377.12,119442.52,119170.0,1753236900000,3293
45.8137586,119257.1151,119377.11,119056.06,119432.11,119050.0,1753237800000,3723
53.04347974,119120.0914,119067.45,119141.19,119205.96,119030.0,1753238700000,4217
49.2058803,119027.9605,119129.3,119026.53,119156.22,118970.0,1753239600000,3261
27.21818029,118966.9346,119026.53,119006.8,119054.75,118880.0,1753240500000,2884
38.84251379,118919.4544,119011.38,118827.43,119021.3,118807.47,1753241400000,3128
84.87852964,118698.7004,118827.42,118676.0,118905.4,118573.3,1753242300000,4417
42.56701184999999,118692.619,118675.98,118751.84,118804.26,118620.0,1753243200000,3211
60.172179990000004,118831.6804,118751.84,118877.52,118964.05,118670.64,1753244100000,3132
36.98226960000001,118871.1365,118877.52,118852.33,118924.36,118810.0,1753245000000,2662
25.265689480000002,118862.2348,118852.35,119038.92,119038.92,118770.0,1753245900000,2569
22.40178005,118919.8549,119037.6,118947.83,119058.73,118809.12,1753246800000,2753
15.845111690000001,118904.8201,118947.83,118819.93,119001.99,118789.14,1753247700000,2308
18.43765826,118819.0987,118819.93,118725.87,118904.06,118725.75,1753248600000,2364
28.62881623,118737.1836,118725.87,118691.37,118817.76,118655.5,1753249500000,2322
16.38493693,118655.9556,118700.0,118606.97,118775.25,118590.0,1753250400000,2156
54.44933605,118555.9813,118606.97,118658.87,118677.9,118470.0,1753251300000,2595
40.119965990000004,118605.0911,118658.87,118519.3,118749.34,118472.12,1753252200000,2415
61.275337099999994,118466.6225,118486.88,118477.33,118541.87,118413.66,1753253100000,2402
49.16282596,118497.1173,118501.1,118544.15,118597.26,118382.22,1753254000000,2832
18.53827338,118581.3349,118544.15,118596.2,118661.38,118514.71,1753254900000,2433
15.39199013,118563.5895,118592.52,118521.5,118644.09,118468.34,1753255800000,1913
30.98270905,118472.2674,118521.5,118415.11,118557.99,118360.0,1753256700000,2295
64.60909771,118368.0599,118415.1,118607.12,118609.5,118140.0,1753257600000,2918
36.296639580000004,118513.8867,118609.49,118415.75,118616.54,118362.4,1753258500000,2373
16.99106947,118360.5686,118413.1,118343.76,118450.3,118276.77,1753259400000,1851
23.223869850000003,118397.0258,118343.76,118467.19,118495.56,118304.44,1753260300000,1763
28.603093220000005,118370.4802,118461.0,118300.0,118518.36,118250.33,1753261200000,2310
87.51570902,118162.7102,118316.9,118160.0,118316.9,118032.11,1753262100000,3232
128.73882781999998,118112.4898,118160.0,118137.6,118250.0,117959.94,1753263000000,3980
31.194538360000003,118173.5898,118122.21,118083.41,118280.0,118083.4,1753263900000,2176
102.81593908,118013.5984,118111.0,117885.6,118230.0,117865.16,1753264800000,4305
67.7155699,118126.9842,117885.6,118299.72,118390.0,117885.59,1753265700000,3292
23.41972389,118292.966,118300.1,118340.56,118430.0,118223.84,1753266600000,2442
21.43756303,118409.9578,118339.92,118431.96,118490.0,118318.1,1753267500000,2301
20.39685689,118394.3006,118415.5,118219.0,118530.0,118219.0,1753268400000,2947
60.44094232,118517.567,118219.01,118654.8,118740.0,118219.01,1753269300000,3513
25.094701559999997,118628.8874,118656.47,118622.02,118720.0,118568.7,1753270200000,2558
17.547807329999998,118585.3906,118622.02,118597.48,118690.0,118546.7,1753271100000,2693
38.14021848000001,118557.2751,118588.1,118711.55,118750.0,118485.92,1753272000000,3148
50.047879019999996,118619.5265,118664.0,118612.6,118750.0,118503.71,1753272900000,3037
55.54163191,118419.9576,118612.6,118303.89,118700.0,118238.37,1753273800000,3359
115.41384736,118100.1583,118301.5,118040.29,118460.0,117865.5,1753274700000,5727
57.72032026,118120.1219,118040.28,118173.47,118290.0,117920.91,1753275600000,5484
133.15008212,117977.0425,118173.46,118127.24,118230.0,117855.01,1753276500000,6655
242.45217569,117834.395,118150.0,117642.18,118200.0,117633.85,1753277400000,8670
431.01306877999997,117603.6541,117642.18,117420.0,117820.0,117362.74,1753278300000,11437
140.3398725,117715.7681,117492.9,117748.05,118030.0,117342.21,1753279200000,7684
123.62928788000002,117961.5219,117762.5,118068.8,118200.0,117748.04,1753280100000,6120
91.98006930000001,118011.9158,118054.19,117972.5,118170.0,117874.49,1753281000000,5968
55.050585080000005,118063.2862,117974.9,118180.8,118310.0,117819.18,1753281900000,5013
62.303362509999985,118162.7648,118180.9,117895.66,118390.0,117892.39,1753282800000,5510
64.64743106,118036.4741,117895.66,118152.76,118230.0,117878.38,1753283700000,4717
37.31203046,118231.5484,118148.34,118351.96,118400.0,118091.1,1753284600000,4488
126.39407203,118517.1619,118351.94,118648.92,118830.0,118177.92,1753285500000,6641
120.89495015,118324.4468,118648.91,117964.48,118720.0,117942.58,1753286400000,6687
99.32133645999998,117912.81,117967.74,117916.0,118150.0,117701.0,1753287300000,5855
111.09621165,117722.5209,117916.0,117846.27,117960.0,117609.11,1753288200000,5615
68.64437549999998,117806.8039,117838.56,117778.08,118020.0,117600.0,1753289100000,5475
103.97954618,117756.5279,117770.9,117614.7,118020.0,117536.82,1753290000000,6184
200.56183701999996,117569.538,117614.7,117695.07,117990.0,117377.78,1753290900000,6979
106.76310540000001,117796.2782,117721.0,117908.18,118040.0,117493.02,1753291800000,6364
232.09093117,118002.328,117917.8,118198.47,118260.0,117725.6,1753292700000,7799
124.74248518999998,118222.0919,118203.97,118179.32,118380.0,118044.86,1753293600000,7838
83.18580766999999,118230.483,118179.32,118236.89,118400.0,118072.35,1753294500000,6421
91.05747136999999,118287.3553,118287.6,118250.67,118450.0,118169.14,1753295400000,6640
83.55261768,118375.2873,118254.67,118444.24,118520.0,118246.09,1753296300000,4930
90.72306558000001,118453.4057,118394.0,118414.83,118600.0,118356.57,1753297200000,5047
91.35400381,118435.7319,118414.81,118416.44,118600.0,118290.48,1753298100000,5583
394.07968127000004,118363.005,118416.44,118341.85,118510.0,118278.02,1753299000000,10544
114.57715403,118451.9602,118341.84,118450.0,118610.0,118341.82,1753299900000,4939
81.33090277000001,118457.7096,118458.67,118539.25,118630.0,118334.6,1753300800000,5462
114.16759537,118223.4916,118539.0,118083.09,118610.0,118000.0,1753301700000,5217
99.10934761,117835.6711,118083.09,117925.3,118230.0,117607.8,1753302600000,6124
46.164704699999994,117976.6532,117926.66,117952.91,118190.0,117810.62,1753303500000,4957
31.116372930000004,118024.1067,117987.4,118083.99,118240.0,117940.73,1753304400000,4093
169.29529122000002,117592.9706,118079.72,117610.44,118210.0,117398.0,1753305300000,6923
71.98705621,117727.7875,117610.43,117898.11,118090.0,117425.01,1753306200000,5791
40.21961111000001,118141.4049,117898.19,118330.0,118330.0,117897.78,1753307100000,4009
72.01765622,118222.3486,118153.8,118275.0,118430.0,117985.45,1753308000000,4429
76.47941878,118490.0172,118334.04,118640.1,118760.0,118263.84,1753308900000,4892
50.44872877999999,118620.6273,118618.0,118634.73,118760.0,118557.41,1753309800000,3955
28.938496040000004,118613.9179,118634.73,118632.15,118770.0,118540.17,1753310700000,3222
46.89494831,118723.0555,118572.8,118744.8,118850.0,118572.7,1753311600000,3866
53.6571513,118691.6735,118744.79,118690.0,118850.0,118560.0,1753312500000,4307
42.00707405,118637.5504,118690.0,118632.5,118790.0,118468.15,1753313400000,3859
69.39584009,118682.1622,118632.5,118810.44,118900.0,118519.53,1753314300000,3842
52.030206559999996,118787.9176,118735.3,118803.36,118930.0,118632.63,1753315200000,3862
182.71051384,118879.6289,118803.35,119067.82,119180.0,118723.3,1753316100000,5599
58.15503677,119123.0736,119067.83,119116.97,119270.0,118938.67,1753317000000,4359
45.54592315000001,119110.9315,119116.98,119101.75,119260.0,118979.78,1753317900000,3506
82.93183314000001,118981.5867,119096.6,118900.0,119260.0,118885.77,1753318800000,4514
38.17245002,119003.6337,118900.0,119017.6,119200.0,118899.99,1753319700000,3455
49.57893999,119019.626,119020.85,119047.93,119200.0,118824.68,1753320600000,3850
23.73586444,119115.2877,119052.22,119154.39,119270.0,119019.05,1753321500000,3281
33.24613115999999,119058.2092,119154.4,119000.0,119270.0,118957.12,1753322400000,3721
118.53851059,118897.1802,119000.06,118907.94,119130.0,118849.99,1753323300000,6430
35.44246786000001,119002.1789,118907.95,119090.48,119210.0,118894.4,1753324200000,3376
19.34641381,119045.1734,119090.49,119025.51,119230.0,118967.54,1753325100000,2769
22.16000202,119022.9163,118977.8,119061.99,119190.0,118962.23,1753326000000,2879
51.84624647,119216.4731,119062.0,119318.62,119410.0,119018.0,1753326900000,3688
55.41015404,119139.3348,119313.63,118992.22,119440.0,118990.23,1753327800000,3652
58.777567879999985,118740.8172,118992.23,118557.79,119130.0,118529.6,1753328700000,4075
57.59836096000001,118436.5018,118538.1,118641.7,118740.0,118243.77,1753329600000,4350
24.07405515,118465.5525,118641.7,118352.1,118740.0,118298.42,1753330500000,3028
49.813325070000005,118143.1856,118352.1,117945.02,118500.0,117936.45,1753331400000,4550
38.28443909,118004.0223,117945.01,118017.58,118220.0,117892.68,1753332300000,3643
78.49541740000001,117865.0617,118000.6,117673.02,118140.0,117670.87,1753333200000,4222
61.03993090999999,117670.4562,117673.01,117666.86,117950.0,117562.42,1753334100000,4318
121.81054252,117835.2877,117650.1,117966.05,118000.0,117616.17,1753335000000,4437
59.383750709999994,117738.0304,117957.9,117667.94,118000.0,117562.42,1753335900000,3998
157.98946837999998,117710.448,117653.7,117809.34,117920.0,117649.9,1753336800000,4122
38.09550347,117761.411,117811.07,117871.89,117980.0,117562.94,1753337700000,3430
44.751150640000006,117693.7335,117887.6,117524.19,117980.0,117508.92,1753338600000,3964
77.07404648,117538.4511,117524.19,117525.8,117730.0,117454.04,1753339500000,4983
225.22001788000006,117489.5857,117525.8,118082.39,118120.0,117190.0,1753340400000,10167
48.61762869999999,118091.4763,118082.39,118183.54,118250.0,117955.76,1753341300000,3522
36.31644315,118163.6191,118183.54,118332.78,118360.0,117981.09,1753342200000,2680
52.55989996,118358.2291,118332.78,118470.55,118580.0,118175.01,1753343100000,2217
68.91445828,118543.2206,118470.51,118788.12,118940.0,118283.7,1753344000000,2914
38.08821102,118700.5799,118779.21,118690.82,118880.0,118580.75,1753344900000,2196
35.973711699999996,118763.6037,118689.99,118697.63,118890.0,118614.33,1753345800000,2658
42.508719289999995,118792.4683,118697.62,118838.97,118940.0,118625.0,1753346700000,2328
63.27549910999999,118789.0508,118823.8,118717.39,118950.0,118671.15,1753347600000,3143
89.14976613000002,118653.1189,118810.0,118669.94,118830.0,118520.05,1753348500000,3775
82.23482407,118580.4483,118669.94,118620.23,118770.0,118455.13,1753349400000,3403
132.67110247,118483.7171,118632.57,118543.9,118680.0,118288.74,1753350300000,4137
60.09946636,118574.1607,118543.9,118414.75,118780.0,118361.52,1753351200000,3533
56.67267480999999,118246.7288,118417.26,118172.32,118510.0,118163.8,1753352100000,2676
29.838178109999994,118107.6125,118224.9,118185.96,118280.0,118015.69,1753353000000,2570
33.84030911,118348.6478,118188.38,118446.16,118510.0,118135.82,1753353900000,2875
46.409570259999995,118559.6007,118442.25,118728.72,118810.0,118370.77,1753354800000,3020
28.0842657,118730.44,118725.77,118679.28,118850.0,118654.78,1753355700000,2732
16.842152340000002,118682.8719,118680.43,118696.48,118790.0,118626.04,1753356600000,2405
66.52642032,118731.2591,118696.49,118654.8,118850.0,118647.5,1753357500000,3384
47.99343521000001,118665.9834,118718.4,118640.1,118840.0,118558.96,1753358400000,3392
100.80746793,118544.3798,118645.45,118635.53,118710.0,118388.15,1753359300000,4951
63.58160667999999,118514.7892,118633.14,118404.65,118700.0,118388.1,1753360200000,4879
42.617087469999994,118475.6176,118404.65,118588.56,118690.0,118350.0,1753361100000,4433
50.720534410000006,118655.6001,118607.1,118696.71,118800.0,118518.27,1753362000000,4036
102.63647105000003,118761.9929,118696.7,118761.08,118850.0,118687.4,1753362900000,4733
112.37258544000001,118682.7342,118761.07,118668.57,118850.0,118482.72,1753363800000,6680
68.21644707,118522.7248,118678.45,118286.63,118830.0,118269.7,1753364700000,4493
197.9904862,118171.009,118285.6,118051.92,118610.0,117870.18,1753365600000,7263
82.14567999999998,118151.6751,118051.44,118217.9,118390.0,117956.53,1753366500000,5535
136.45338162999997,118587.3661,118217.9,118684.9,118850.0,118209.86,1753367400000,6333
121.51733354,118957.4342,118684.89,119126.02,119260.0,118683.2,1753368300000,5934
251.12363639999998,119409.3888,119123.2,119357.23,119590.0,119110.89,1753369200000,7937
104.61669929000001,119097.2955,119355.01,119060.4,119400.0,118948.79,1753370100000,5493
105.05465205000002,118860.9974,119068.29,118907.55,119160.0,118671.01,1753371000000,5888
52.7132682,119081.4259,118907.54,119176.25,119200.0,118889.95,1753371900000,4551
88.91963724,119115.432,119164.2,118954.31,119290.0,118888.48,1753372800000,5922
182.94626426,118880.6915,118954.29,118751.99,119070.0,118714.03,1753373700000,7309
136.32176227000002,118635.1618,118787.9,118500.2,118910.0,118424.61,1753374600000,6063
78.583954,118555.6587,118500.2,118593.14,118730.0,118423.69,1753375500000,4763
75.08094987999999,118852.4084,118587.5,118919.92,119050.0,118539.26,1753376400000,5415
120.10815569000002,119102.9922,118919.93,119075.07,119237.99,118837.95,1753377300000,7334
93.83344111999997,119209.8388,119143.2,119258.1,119290.52,119075.07,1753378200000,6838
103.452571,119297.7429,119220.7,119191.04,119440.0,119157.53,1753379100000,6795
156.22168972,119352.5184,119220.7,119389.45,119500.0,119061.58,1753380000000,8277
121.00070613,119325.7168,119372.7,119372.06,119440.0,119236.97,1753380900000,6564
92.80145808000002,119182.3688,119349.9,119093.68,119450.0,119018.21,1753381800000,5952
57.31437017,119127.651,119093.68,119120.52,119230.0,119030.77,1753382700000,4102
118.37317314,119299.3652,119113.0,119421.93,119460.0,119104.43,1753383600000,6244
82.67479515000001,119336.2608,119420.42,119247.11,119470.0,119134.45,1753384500000,4770
76.85323267,119116.9937,119270.0,119069.74,119280.0,119012.13,1753385400000,4733
82.65439026,119110.9198,119069.74,119030.64,119250.0,118964.78,1753386300000,5210
91.10258395,118942.2347,119030.65,118945.02,119130.0,118851.52,1753387200000,4302
359.57201172,118911.1802,118940.8,118974.9,119010.67,118842.83,1753388100000,4796
249.48103579999997,118859.1217,118953.2,118833.17,119000.0,118805.94,1753389000000,5486
123.10604325,118829.888,118833.17,118768.61,118950.0,118762.39,1753389900000,4068
152.85379312999999,118763.8465,118787.2,118650.36,118870.0,118643.97,1753390800000,4185
136.35359061,118667.9513,118701.0,118602.64,118750.0,118602.63,1753391700000,4113
36.43679573,118630.7657,118602.63,118661.96,118710.0,118533.19,1753392600000,3830
67.05236448,118639.9558,118661.95,118585.07,118730.0,118570.0,1753393500000,3456
54.938139500000005,118598.4066,118631.8,118516.91,118720.0,118507.59,1753394400000,4152
67.45441909,118545.1926,118513.51,118536.82,118680.0,118434.78,1753395300000,4077
184.74875114000002,118456.1698,118536.82,118458.08,118536.82,118415.0,1753396200000,4466
89.56974209,118367.9301,118458.08,118338.15,118500.1,118244.2,1753397100000,4314
119.87938109000001,118443.8166,118377.8,118403.35,118550.0,118250.0,1753398000000,3927
111.51721043,118419.7596,118403.34,118309.85,118550.0,118256.65,1753398900000,4215
96.17823288,118382.8448,118311.35,118422.6,118490.0,118234.02,1753399800000,4184
59.791128920000006,118376.8194,118379.28,118397.04,118470.0,118287.4,1753400700000,3568
131.54977164,118281.6927,118400.0,118201.23,118520.0,118068.01,1753401600000,5383
209.81063290000003,118095.5458,118201.22,118000.68,118250.0,117999.0,1753402500000,6046
329.50858779,117828.8958,118067.0,117846.53,118110.0,117678.6,1753403400000,8697
134.39412549,117750.7265,117843.17,117706.03,117910.0,117687.16,1753404300000,5543
355.82403547999996,117672.2157,117767.8,117600.0,117870.0,117579.42,1753405200000,9695
563.5739534,117469.1137,117600.0,117471.05,117700.0,117360.53,1753406100000,11960
642.93312516,117529.714,117501.8,117396.01,117790.0,117390.01,1753407000000,11193
576.22122021,117349.3446,117399.97,117399.8,117575.0,117241.62,1753407900000,15049
154.0078184,117296.5176,117399.8,117237.58,117499.9,117150.0,1753408800000,7185
212.82494329000002,117210.8307,117237.58,117148.13,117340.0,117119.86,1753409700000,6794
456.61640155,116929.1176,117148.13,116671.74,117250.0,116611.0,1753410600000,15132
304.14625505000004,116611.1361,116671.74,116409.44,116860.0,116400.0,1753411500000,10672
503.6352995200001,116246.6739,116450.1,116281.2,116520.0,115888.33,1753412400000,15917
181.17982007,116093.5551,116278.61,116067.5,116350.0,115889.0,1753413300000,8908
353.9346470800001,115570.7711,116066.0,115452.47,116130.0,115383.12,1753414200000,15310
619.85952209,115460.459,115452.5,115400.0,115741.78,115366.47,1753415100000,20533
1229.74415428,115381.5118,115434.3,115234.07,115633.93,115159.23,1753416000000,26856
726.7046409,115234.3171,115238.76,115364.05,115400.0,115100.0,1753416900000,15335
612.50824385,115862.8406,115375.0,115742.43,116010.0,115350.0,1753417800000,15440
462.36848667000004,115949.4096,115742.43,116127.65,116200.0,115742.43,1753418700000,13101
465.03596716000004,115882.4976,116148.0,115376.82,116180.0,115309.25,1753419600000,11616
98.26167985,115639.7899,115376.05,115649.92,115870.0,115338.24,1753420500000,5746
573.0987168799999,115588.8081,115643.5,115679.97,115750.0,115522.0,1753421400000,15038
133.58949313,115557.281,115675.17,115596.6,115760.0,115450.0,1753422300000,6320
302.72732584,115450.151,115596.7,115429.54,115640.0,115319.7,1753423200000,7645
178.57841610999998,115380.6767,115413.8,115341.11,115550.0,115278.56,1753424100000,5470
234.35427297,115371.7068,115355.5,115422.94,115540.0,115235.6,1753425000000,5370
150.58647684000002,115405.4339,115422.94,115328.15,115530.0,115311.97,1753425900000,4255
384.30253164999993,115143.5385,115380.2,115545.08,115630.0,115000.0,1753426800000,11422
116.12672758999999,115742.7352,115587.9,115690.0,116000.0,115496.59,1753427700000,5753
185.71523940000003,115356.3543,115601.71,115202.39,115700.0,115176.9,1753428600000,5522
318.53029554,114998.6102,115188.0,115335.28,115440.0,114733.1,1753429500000,9651
523.9626139700001,115504.8398,115338.91,115687.15,115700.58,115273.99,1753430400000,11827
442.9535332700001,115687.0327,115680.99,115735.48,116015.99,115499.11,1753431300000,12826
165.83912942,115393.3597,115829.1,115113.0,115830.0,115103.78,1753432200000,6910
551.4885830500001,115270.3872,115203.9,115181.66,115630.0,115033.23,1753433100000,15669
854.1196084699998,115100.5356,115220.7,115333.35,115360.0,114979.92,1753434000000,24555
94.60572355,115553.6255,115333.36,115752.9,115830.0,115147.14,1753434900000,4938
104.47237739,115786.1793,115817.92,115581.01,115940.0,115581.01,1753435800000,5412
129.11719960999997,115704.9235,115572.32,116062.22,116080.01,115488.3,1753436700000,5222
102.45165648999999,116154.795,115981.0,116239.78,116360.0,115980.9,1753437600000,5361
84.06866002999999,116238.5272,116241.65,116150.39,116340.0,116099.32,1753438500000,3643
56.915585379999996,116344.2312,116150.4,116434.33,116460.0,116150.4,1753439400000,4466
82.23041997,116401.8539,116470.0,116375.1,116550.0,116275.75,1753440300000,4830
437.82471457,116534.6731,116375.1,116505.5,116670.0,116337.34,1753441200000,9910
244.80503245999998,116670.2493,116499.48,116707.37,116830.0,116496.65,1753442100000,6752
436.59203911,116612.1272,116707.37,116500.0,116830.0,116494.0,1753443000000,9104
358.04825669,116540.3108,116500.0,116514.27,116680.0,116446.24,1753443900000,11004
250.91671366000003,116491.6793,116550.7,116470.7,116680.0,116325.0,1753444800000,10508
238.79989304000003,116343.525,116470.8,116227.38,116630.0,116198.91,1753445700000,7439
206.21934617,116185.8689,116227.38,116430.24,116500.0,115952.73,1753446600000,7026
247.69991066,116266.796,116428.03,116160.0,116530.0,116014.66,1753447500000,8985
101.75528535000001,116080.9524,116100.0,116103.96,116190.0,115953.04,1753448400000,5203
164.95716235999998,116132.201,116100.01,116130.42,116200.0,116016.69,1753449300000,5798
413.12812519999994,116066.1836,116136.91,115676.54,116660.0,115557.6,1753450200000,14497
290.97066661,115844.1698,115742.1,116209.9,116310.0,115633.0,1753451100000,11763
249.59921354000005,115924.8601,116209.9,115611.86,116340.0,115589.03,1753452000000,9363
737.1510204799999,115580.636,115610.2,115575.22,115760.0,115307.8,1753452900000,13219
732.63127329,115304.6602,115574.9,115082.99,115710.0,115000.0,1753453800000,15410
718.2646510399999,115080.4485,115120.2,114950.34,115370.0,114854.2,1753454700000,24871
366.38822280999995,115200.4211,114960.6,115347.7,115470.0,114900.0,1753455600000,12760
214.56508554999996,115502.9784,115423.9,115532.41,115700.0,115225.0,1753456500000,8558
198.19750492,115427.2753,115532.4,115344.31,115650.0,115247.54,1753457400000,8602
142.20377617999998,115635.203,115344.31,115728.38,115890.0,115344.3,1753458300000,7307
116.63429228999999,115827.2592,115728.38,115874.18,115990.0,115665.49,1753459200000,6689
127.49075457999999,115707.9127,115874.17,115790.86,115970.0,115455.54,1753460100000,7355
135.50107988,115793.8529,115761.5,115921.06,115990.0,115564.47,1753461000000,7080
265.47829472,116095.2118,115921.06,116205.78,116250.0,115886.48,1753461900000,7211
277.39191649,116305.5962,116203.85,116300.0,116420.0,116163.46,1753462800000,8950
125.55481654000002,116192.2422,116300.02,116136.89,116362.4,115981.56,1753463700000,6160
135.99762966,116091.0857,116200.1,116242.96,116290.0,115889.01,1753464600000,6423
113.72230075000002,116188.5577,116242.96,116154.1,116280.0,116067.75,1753465500000,5407
150.72035086,116288.6212,116060.54,116434.09,116520.0,116056.4,1753466400000,7252
123.84130074,116433.311,116439.5,116429.1,116530.0,116332.29,1753467300000,6157
109.59571193999999,116474.4443,116429.1,116539.43,116570.0,116362.08,1753468200000,5274
99.2087214,116547.8765,116537.46,116526.68,116640.0,116461.2,1753469100000,4974
229.51894165999997,116603.6649,116529.1,116706.63,116730.0,116436.2,1753470000000,6722
305.41503429,116735.7407,116706.64,116671.85,116890.0,116606.57,1753470900000,8646
349.30465082000006,116885.9928,116671.85,116998.9,117120.0,116657.6,1753471800000,7770
321.38095202,116871.9814,117030.4,116721.63,117120.0,116648.56,1753472700000,8482
108.47495201999998,116759.1317,116721.63,116644.34,116930.0,116603.53,1753473600000,5068
103.63266517,116741.9431,116643.1,116767.23,116850.0,116641.15,1753474500000,4665
261.05444014,117045.9886,116794.9,117281.9,117340.0,116752.17,1753475400000,6704
113.74111369999999,117221.8768,117281.88,117095.99,117380.0,117036.6,1753476300000,5811
100.62398261,117248.7126,117101.1,117332.44,117380.0,117077.88,1753477200000,5026
155.45928497999998,117329.2962,117332.44,117280.04,117440.0,117219.3,1753478100000,7297
120.58650087999999,117124.5835,117280.05,117062.67,117350.0,116964.18,1753479000000,5460
113.16547139999999,117183.7379,117062.68,117240.59,117320.0,117062.67,1753479900000,5598
118.12711478999998,117233.9622,117230.7,117210.02,117330.0,117171.06,1753480800000,4731
81.93076421,117217.4088,117210.02,117275.54,117310.0,117134.81,1753481700000,3529
65.55488311,117338.8065,117252.4,117361.89,117430.0,117222.27,1753482600000,4054
72.31454329,117301.6031,117361.88,117308.61,117420.0,117222.03,1753483500000,5025
91.17251778,117280.7066,117293.3,117241.76,117400.0,117203.7,1753484400000,5593
67.12094787000001,117379.17,117241.76,117335.24,117430.0,117241.76,1753485300000,4952
114.74965231,117493.2933,117335.25,117551.63,117675.99,117299.9,1753486200000,6336
75.6089113,117628.7272,117551.63,117633.27,117706.0,117546.48,1753487100000,5161
91.02518651999999,117494.9332,117628.1,117440.0,117690.0,117352.3,1753488000000,6345
77.73761362,117509.1078,117439.99,117543.9,117610.01,117412.3,1753488900000,4615
77.43572186999998,117587.259,117543.9,117496.87,117700.0,117489.3,1753489800000,5161
65.8528585,117470.3502,117496.17,117538.36,117582.47,117361.38,1753490700000,4626
68.00254684999999,117541.5641,117520.2,117592.05,117629.0,117465.61,1753491600000,4584
97.66803032,117497.5339,117544.0,117437.4,117631.53,117421.43,1753492500000,6090
93.88111758000002,117395.6381,117481.1,117300.0,117512.37,117274.92,1753493400000,5573
125.48870472000002,117250.4612,117274.79,117195.53,117403.39,117095.73,1753494300000,5932
72.53589499,117317.1087,117195.53,117350.89,117400.0,117195.52,1753495200000,4183
129.51394140999997,117476.7825,117350.89,117618.7,117670.0,117297.0,1753496100000,5423
97.7138857,117643.8532,117618.68,117502.81,117850.0,117502.79,1753497000000,5548
60.8914429,117587.3994,117502.8,117502.8,117692.52,117502.8,1753497900000,3734
97.49482194,117611.8916,117560.9,117625.61,117683.5,117500.01,1753498800000,3749
71.25361343,117593.8385,117596.5,117505.89,117684.4,117500.02,1753499700000,4344
99.32858954,117588.4397,117553.3,117564.16,117660.0,117511.0,1753500600000,4265
106.17166959000002,117594.6627,117564.16,117522.69,117680.0,117522.68,1753501500000,3743
96.64131024,117539.4188,117522.69,117592.07,117650.0,117466.01,1753502400000,4532
85.52333277000001,117564.441,117580.6,117538.8,117630.0,117505.37,1753503300000,4841
91.09842540999999,117552.2639,117538.8,117530.6,117630.0,117520.44,1753504200000,4207
116.50586151000002,117538.0611,117530.92,117548.56,117611.62,117454.25,1753505100000,5596
75.09659292,117520.439,117500.2,117474.33,117600.0,117465.68,1753506000000,5152
87.67559442000001,117537.5763,117474.33,117598.44,117640.48,117474.33,1753506900000,4563
81.34709296999999,117575.7838,117580.9,117533.43,117647.24,117531.28,1753507800000,4749
73.77422503000001,117519.19,117581.0,117495.45,117620.0,117487.76,1753508700000,3873
79.13398686,117471.4712,117505.1,117415.32,117580.0,117411.55,1753509600000,4888
98.32127091,117418.8109,117415.32,117411.24,117495.1,117373.58,1753510500000,5077
76.78863032000001,117453.7098,117418.1,117460.43,117560.0,117397.15,1753511400000,4497
82.37516683,117448.3416,117460.42,117401.84,117540.0,117393.4,1753512300000,4912
87.71073102000001,117416.3079,117418.1,117386.97,117500.0,117374.7,1753513200000,4279
97.79293904000001,117411.0745,117386.95,117417.94,117510.0,117363.2,1753514100000,4586
91.33482420999998,117406.0683,117417.96,117408.37,117500.0,117362.42,1753515000000,5763
93.98275088000001,117413.4906,117362.6,117362.5,117510.0,117362.39,1753515900000,5350
104.12709033,117399.1245,117362.6,117394.32,117480.0,117362.5,1753516800000,4565
102.72834709000001,117479.8336,117394.32,117537.69,117620.0,117376.0,1753517700000,3759
84.47967766,117537.3214,117516.7,117523.53,117640.0,117497.72,1753518600000,3246
94.28716836,117604.6697,117523.52,117618.36,117740.0,117517.42,1753519500000,2833
79.17209993,117612.4367,117639.7,117600.06,117760.0,117546.9,1753520400000,3275
77.97140519,117583.6776,117590.3,117508.59,117710.0,117508.57,1753521300000,3752
72.82983693999999,117553.8565,117508.58,117576.27,117660.0,117491.2,1753522200000,2820
73.67386780000001,117633.517,117576.27,117636.04,117720.0,117559.3,1753523100000,2769
72.10144145000001,117642.833,117596.4,117670.12,117770.0,117574.03,1753524000000,3913
86.90655003999998,117736.8772,117670.12,117816.22,117900.0,117611.5,1753524900000,3279
216.48346463,118007.8154,117742.1,118227.02,118300.0,117742.0,1753525800000,6242
92.16214492,118098.3634,118227.01,118017.05,118300.0,117983.19,1753526700000,3536
75.44833016,118063.0819,118000.3,118080.0,118190.0,117993.9,1753527600000,3517
76.86886028,118019.1659,118089.0,117981.5,118200.0,117912.85,1753528500000,3688
80.68832916999999,117970.6383,117981.5,117860.17,118110.0,117849.32,1753529400000,3884
114.14932718000003,117889.5024,117860.18,117825.1,118000.0,117815.9,1753530300000,3738
89.84572594000001,117867.6528,117825.1,117881.06,117980.0,117804.4,1753531200000,3479
91.91956468999999,117979.9008,117881.06,117994.7,118120.0,117815.4,1753532100000,3971
74.38445895999999,117994.246,118003.42,117997.45,118110.0,117942.63,1753533000000,3678
74.85084132000001,118005.0783,117994.7,117963.51,118100.0,117963.39,1753533900000,3639
116.08957894000002,118091.1184,117973.7,118175.26,118280.0,117890.11,1753534800000,5679
97.6383457,118190.74,118175.26,118132.64,118370.0,118112.09,1753535700000,4903
78.67950869,118226.6123,118132.63,118270.21,118360.0,118129.99,1753536600000,4245
81.37060136,118226.7299,118270.21,118175.66,118360.0,118170.0,1753537500000,4482
89.19101623999998,118213.2801,118179.8,118198.68,118340.0,118150.83,1753538400000,4300
85.45807726999999,118188.8132,118175.1,118087.67,118310.0,118054.0,1753539300000,4052
77.66697871000001,118105.8234,118080.1,118170.31,118280.0,118011.78,1753540200000,3848
65.11749951000002,118188.2415,118126.0,118117.85,118300.0,118101.27,1753541100000,3272
70.33653822999999,118129.7378,118125.9,117975.63,118270.0,117968.2,1753542000000,4342
76.37017481000002,117951.3841,117975.63,117925.96,118080.0,117882.01,1753542900000,3477
70.74149884,117986.7231,117914.6,117962.75,118090.0,117910.96,1753543800000,3404
125.83636283999999,118072.7431,117962.74,118172.6,118280.0,117957.3,1753544700000,3816
89.95439334,118157.8428,118126.0,118120.01,118300.0,118048.3,1753545600000,4601
74.68868365,118210.0311,118120.01,118219.96,118300.0,118048.3,1753546500000,3868
76.40562077,118177.6596,118200.0,118106.9,118320.0,118101.79,1753547400000,4124
65.37787028000001,118116.5239,118114.94,118116.29,118230.0,118065.01,1753548300000,3720
63.273448179999995,118090.133,118102.0,118063.99,118220.0,118043.3,1753549200000,3510
62.115514590000004,118108.9302,118063.99,118100.89,118210.0,118043.3,1753550100000,3061
61.473341690000005,118085.6646,118043.4,118033.55,118210.0,118033.55,1753551000000,3959
60.05774875,118080.7364,118033.55,118081.19,118170.0,118029.95,1753551900000,3225
62.053309289999994,118131.3257,118038.4,118117.2,118200.0,118038.3,1753552800000,3272
59.7086842,118074.1117,118117.2,118114.73,118180.0,117989.0,1753553700000,3594
66.98673703000001,118111.3493,118113.82,118087.87,118180.0,118043.3,1753554600000,3576
64.35829181,118153.5001,118087.62,118154.04,118240.0,118043.3,1753555500000,3278
66.52721113,118144.6152,118097.6,118132.15,118250.0,118084.63,1753556400000,3207
56.11882071,118156.7523,118132.15,118151.12,118240.0,118097.06,1753557300000,2993
64.76734945000001,118181.9129,118151.11,118223.36,118280.0,118098.2,1753558200000,3358
80.62737282000002,118298.5946,118223.36,118276.5,118430.0,118132.9,1753559100000,4471
38.57570405,118207.7563,118276.6,118150.88,118340.0,118150.88,1753560000000,3025
59.04846188999999,118100.0296,118200.0,117989.7,118270.0,117986.89,1753560900000,3649
66.85015393,117995.6175,117989.7,118034.88,118110.0,117919.44,1753561800000,4591
49.59757501,118039.4918,118036.57,117995.86,118170.0,117950.02,1753562700000,3193
43.07804034,118008.4333,117993.8,117934.99,118130.0,117931.62,1753563600000,3474
44.46468526000001,117994.7758,117959.1,117990.02,118080.0,117931.96,1753564500000,3570
48.23907077999999,118009.9773,117990.03,118003.27,118100.0,117927.3,1753565400000,3123
37.30202699,118090.8474,118003.27,118081.81,118160.0,117987.4,1753566300000,2702
51.761093360000004,118127.2577,118084.4,118126.73,118250.0,118030.42,1753567200000,3642
71.32963412999999,118202.8435,118126.72,118107.14,118360.0,118100.0,1753568100000,3431
42.740208880000004,118093.9147,118126.7,118135.25,118250.0,118019.15,1753569000000,3015
28.70159664,118127.878,118135.24,118056.11,118190.0,118044.01,1753569900000,2554
37.020129909999994,118064.0533,118087.6,118035.01,118150.0,118004.72,1753570800000,2827
44.63988508,118029.574,118012.7,117982.04,118131.79,117948.33,1753571700000,2942
38.41792541,117999.0851,118000.0,117956.77,118080.0,117938.88,1753572600000,2739
32.69497154,117956.4433,117956.76,117937.5,118030.0,117921.0,1753573500000,2439
40.4219125,117935.8644,117937.6,117944.35,118030.0,117863.8,1753574400000,2909
37.66509269000001,117972.4012,117944.34,117891.77,118080.0,117873.1,1753575300000,3021
45.59019521000001,117932.2991,117934.7,117907.63,118060.0,117873.43,1753576200000,2827
39.41252713,117937.3833,117907.63,117998.89,118050.0,117877.14,1753577100000,2677
40.232748189999995,118059.0185,117920.0,118133.1,118230.0,117919.9,1753578000000,2847
53.760441009999994,118182.6482,118132.8,118199.18,118280.0,118131.41,1753578900000,2710
50.39569911,118216.0755,118170.9,118186.9,118310.0,118170.8,1753579800000,2518
30.72855454,118155.0874,118186.9,118143.98,118270.0,118112.6,1753580700000,2540
38.36157488999999,118178.0574,118133.6,118242.79,118330.0,118060.91,1753581600000,2871
47.07239104000001,118269.6739,118200.0,118187.3,118380.0,118187.3,1753582500000,2825
42.834703340000004,118260.9871,118200.43,118241.35,118320.0,118187.3,1753583400000,3596
74.73020237,118334.8522,118230.8,118368.05,118480.0,118159.35,1753584300000,3703
75.27561814999999,118251.138,118325.8,118165.81,118450.0,118130.11,1753585200000,3540
53.69276252,118207.5663,118165.81,118256.94,118300.0,118130.0,1753586100000,2987
35.64438284,118298.2421,118258.89,118274.0,118370.0,118199.9,1753587000000,2123
91.75569656999998,118225.4839,118277.87,118227.13,118360.0,118199.99,1753587900000,2699
34.292463260000005,118259.8168,118211.2,118241.25,118350.0,118186.2,1753588800000,2104
36.4865751,118277.6187,118241.24,118300.0,118350.0,118201.3,1753589700000,2002
73.56558122999999,118275.9093,118299.99,118250.01,118300.0,118242.0,1753590600000,2360
43.44062867000001,118230.2293,118250.01,118256.66,118340.0,118188.0,1753591500000,2076
26.83888077,118254.6625,118237.4,118244.01,118350.0,118201.24,1753592400000,2053
43.081642720000005,118263.0255,118244.02,118250.7,118380.0,118210.8,1753593300000,2436
43.172239080000004,118326.2479,118380.0,118319.18,118390.0,118250.7,1753594200000,2374
31.36196096999999,118287.4072,118319.18,118333.1,118380.0,118231.7,1753595100000,2018
49.20473971,118310.8489,118293.5,118333.93,118400.0,118220.0,1753596000000,2464
32.184918229999994,118368.8592,118300.0,118329.64,118412.24,118299.9,1753596900000,2044
36.23027278000001,118373.134,118300.0,118403.7,118450.0,118299.9,1753597800000,2037
80.38880438,118374.3303,118403.69,118326.91,118540.0,118286.61,1753598700000,2804
44.85046620999999,118268.1417,118300.0,118280.0,118400.0,118167.23,1753599600000,2807
44.199191119999995,118229.3184,118177.45,118188.18,118300.0,118177.44,1753600500000,2417
40.35366126999999,118225.1042,118188.19,118212.7,118300.0,118167.38,1753601400000,2230
37.125757539999995,118185.048,118235.26,118165.53,118280.0,118123.25,1753602300000,2197
57.319939319999996,118165.2654,118154.2,118151.19,118250.0,118075.0,1753603200000,3005
43.84978479999999,118099.6047,118151.19,118064.73,118210.0,118038.0,1753604100000,2910
39.39548058999999,118060.5942,118038.1,118098.0,118140.0,118000.2,1753605000000,2319
117.77284304000001,118034.7835,118098.0,117990.47,118164.94,117978.2,1753605900000,2174
171.92301978000006,117910.9682,117978.2,117993.47,118100.0,117849.99,1753606800000,3920
10.3929291,117951.8695,117993.46,117919.5,118080.0,117919.5,1753607700000,1259
12.60920297,117959.0106,117932.61,117927.9,118070.0,117895.71,1753608600000,1411
9.788401440000001,117929.1041,117927.89,117982.89,118040.0,117890.94,1753609500000,1498
21.725685870000003,118142.0596,117980.2,118163.88,118190.37,117980.1,1753610400000,1490
29.718642390000003,118220.4344,118163.88,118171.2,118300.0,118104.0,1753611300000,2014
42.51002778,118249.3039,118171.3,118247.3,118350.0,118166.19,1753612200000,2584
33.67525721,118294.9208,118258.04,118245.23,118370.0,118227.0,1753613100000,2160
49.514570080000006,118302.046,118227.1,118360.0,118360.0,118227.0,1753614000000,3091
40.79773655000001,118273.8883,118311.55,118253.98,118350.0,118214.8,1753614900000,2392
28.70553081,118226.5994,118253.98,118202.2,118320.0,118157.14,1753615800000,2400
57.15114967,118119.7346,118202.19,118133.83,118250.0,118081.3,1753616700000,2586
52.68457972000001,118151.6688,118081.4,118150.1,118223.74,118077.8,1753617600000,3177
36.27213419,118113.7528,118150.1,118037.69,118176.58,118010.35,1753618500000,2624
73.44729447999998,117986.3248,118037.69,117965.28,118130.0,117922.9,1753619400000,3880
44.104282500000004,118076.4325,117961.85,118150.0,118201.69,117945.8,1753620300000,2679
40.78431914000001,118209.894,118150.0,118249.79,118296.66,118128.62,1753621200000,2816
38.62191395,118259.8563,118249.78,118226.2,118301.12,118177.88,1753622100000,3036
32.96287808,118220.5615,118255.63,118193.95,118290.0,118143.2,1753623000000,2781
47.44495165,118243.6731,118193.94,118263.99,118315.02,118187.51,1753623900000,3515
53.48067088999999,118301.9799,118233.0,118363.82,118430.0,118197.0,1753624800000,3586
119.92928384999999,118452.3887,118368.7,118480.07,118550.0,118362.04,1753625700000,4336
93.64306099,118438.7254,118480.07,118341.43,118550.0,118300.1,1753626600000,4053
155.81397492,118439.5255,118370.0,118450.0,118610.0,118231.74,1753627500000,4652
72.22632569,118435.3533,118450.0,118411.23,118640.0,118279.9,1753628400000,3671
54.709658489999995,118529.0845,118380.0,118504.01,118650.0,118349.29,1753629300000,3684
66.81253612999998,118427.1022,118504.01,118498.82,118600.0,118294.2,1753630200000,3440
47.26630793,118534.5711,118498.81,118564.1,118680.0,118407.5,1753631100000,2692
247.39595287999998,118929.4238,118564.2,119197.05,119290.0,118564.2,1753632000000,7409
182.23741014999996,119316.7443,119197.06,119399.99,119480.0,119114.9,1753632900000,5601
163.62804831000003,119493.5261,119314.4,119337.37,119800.0,119288.7,1753633800000,6180
65.56840011999999,119222.6744,119351.91,119112.87,119540.0,118970.21,1753634700000,4391
50.20408694999999,119121.0765,119024.0,119069.42,119330.0,118994.22,1753635600000,3396
62.262386410000005,118987.9362,119069.41,119220.72,119330.0,118879.3,1753636500000,3913
48.40862398999999,119176.5035,119225.0,119133.89,119450.0,119025.0,1753637400000,3490
47.913048880000005,119218.3222,119143.78,119225.02,119390.0,119125.51,1753638300000,3002
82.57531747999998,119342.1265,119199.0,119324.07,119500.0,119190.0,1753639200000,3956
51.854520799999996,119238.235,119324.06,119276.66,119400.0,119140.4,1753640100000,3559
48.251296239999995,119145.1609,119283.7,119107.88,119370.0,119024.0,1753641000000,3242
52.99024875,119067.4794,119107.87,119061.73,119170.0,118980.07,1753641900000,3191
25.66765472,119004.3584,119084.2,119016.0,119150.0,118930.48,1753642800000,2967
15.677604610000001,118978.7149,119007.15,118992.53,119110.0,118925.0,1753643700000,2524
23.94612755,119067.7555,118990.71,119130.0,119160.0,118977.1,1753644600000,2509
15.810655850000003,119018.7956,119025.72,119006.15,119160.0,118954.89,1753645500000,2427
40.23978072,119135.0828,119020.1,119120.81,119270.0,118974.97,1753646400000,3532
27.877692500000002,119089.8641,119120.82,119031.79,119250.0,118969.48,1753647300000,3034
180.66834629999994,118923.3594,119031.79,118903.61,119110.0,118871.01,1753648200000,5302
38.896809760000004,118893.9421,118910.1,118794.62,119050.0,118754.4,1753649100000,3399
22.919158279999998,118820.8741,118818.1,118774.45,119000.0,118774.45,1753650000000,2837
34.26992196,118933.9207,118774.46,119071.77,119160.0,118754.4,1753650900000,3210
20.948152430000004,119079.4996,119071.76,119131.61,119210.0,118974.4,1753651800000,3114
14.35432286,119227.0301,119131.61,119310.08,119380.0,119103.41,1753652700000,2718
273.26267188,119618.8547,119310.09,119742.07,119850.0,119250.01,1753653600000,10352
188.58258973000002,119708.2566,119742.07,119716.52,119850.0,119588.6,1753654500000,4980
60.78715834,119756.761,119746.7,119800.0,119870.0,119707.34,1753655400000,3268
104.59392292,119679.1246,119799.99,119545.01,119870.0,119523.6,1753656300000,4309
112.97405914999999,119413.0187,119622.1,119272.21,119690.0,119175.0,1753657200000,4896
55.819365409999996,119465.0548,119272.21,119479.48,119670.0,119221.2,1753658100000,3390
32.034475390000004,119448.633,119479.48,119405.11,119600.0,119378.11,1753659000000,2913
35.847752899999996,119426.8145,119490.8,119465.52,119590.0,119369.54,1753659900000,2820
41.34753996,119424.2773,119455.1,119492.94,119620.0,119373.08,1753660800000,2926
51.92607873000001,119627.7654,119492.94,119672.2,119810.0,119407.1,1753661700000,4134
33.89344678,119491.727,119672.1,119285.61,119790.0,119285.6,1753662600000,3574
33.08084542,119270.6302,119337.5,119259.13,119490.0,119154.0,1753663500000,3392
43.44651032000001,119215.9526,119259.13,119263.14,119470.0,119088.02,1753664400000,3530
38.90806122,119380.1779,119257.6,119407.09,119600.0,119195.22,1753665300000,3964
54.48097083000001,119177.094,119407.09,119097.6,119500.0,119085.0,1753666200000,3067
69.15504847000001,119080.5988,119097.6,119072.63,119250.0,118977.81,1753667100000,3263
34.54938717,119127.7592,119034.9,119243.83,119360.0,119034.8,1753668000000,2862
30.011319390000004,119426.7972,119243.86,119512.7,119640.0,119199.9,1753668900000,2939
86.73154311000002,119717.4864,119512.7,119626.5,119900.0,119495.09,1753669800000,4528
28.17656309000001,119499.214,119626.49,119468.86,119680.0,119383.0,1753670700000,3002
19.1661225,119462.7439,119417.5,119386.82,119610.0,119334.67,1753671600000,2669
20.886184170000003,119383.8034,119386.82,119302.25,119570.0,119284.1,1753672500000,2651
21.904183370000002,119308.7875,119302.25,119247.6,119460.0,119235.76,1753673400000,2427
15.22692532,119283.1386,119247.61,119306.42,119420.0,119247.6,1753674300000,2068
27.96739179,119343.651,119290.1,119274.23,119510.0,119271.13,1753675200000,2576
18.066927540000002,119188.6314,119274.57,119170.95,119440.0,119152.32,1753676100000,2122
21.85946821,119227.4698,119173.4,119295.64,119390.0,119134.04,1753677000000,2233
40.265048730000004,119276.5687,119299.58,119224.36,119430.0,119203.12,1753677900000,2348
38.27515896,119272.9001,119295.0,119284.04,119400.0,119158.34,1753678800000,2584
64.48160162,119387.535,119295.57,119400.5,119550.0,119295.57,1753679700000,3126
62.63459016,119468.0001,119390.5,119500.0,119600.0,119282.6,1753680600000,2841
101.12364543,119544.558,119499.9,119553.98,119760.0,119388.09,1753681500000,3887
20.718451440000003,119569.9565,119559.1,119595.78,119680.0,119521.2,1753682400000,2127
21.5452998,119554.5757,119595.78,119508.5,119690.0,119478.52,1753683300000,2153
83.1546846,119495.8716,119512.6,119501.2,119600.0,119454.73,1753684200000,3240
100.90183999999999,119495.8955,119500.01,119486.16,119590.0,119463.6,1753685100000,4240
242.11597971000006,119075.6756,119467.5,118885.93,119580.0,118877.22,1753686000000,4979
158.8268372,118957.6213,118885.93,119045.02,119220.0,118779.47,1753686900000,4650
87.46419557999998,118904.5069,119146.6,118896.61,119190.0,118765.02,1753687800000,3584
25.544040789999997,118907.6051,118896.61,118894.66,119060.0,118872.9,1753688700000,2116
48.36657689,118912.9996,118894.65,118928.19,119170.0,118804.85,1753689600000,2944
36.126284350000006,118967.9377,118928.2,119030.76,119190.0,118856.02,1753690500000,2127
40.35458204999999,118893.3296,119025.9,118875.52,119170.0,118765.0,1753691400000,2161
35.64956156,118975.6276,118880.0,119077.24,119230.0,118842.6,1753692300000,1891
23.162316630000003,118987.4948,119081.6,118930.75,119210.0,118921.44,1753693200000,1705
24.38456015,118924.3528,118930.75,118862.35,119130.0,118848.74,1753694100000,2046
19.52255596,118806.8976,118867.1,118764.27,119030.0,118725.75,1753695000000,1679
40.25129582,118964.69,118764.26,118948.32,119160.0,118764.26,1753695900000,2055
52.43360191,118852.8912,118960.1,118788.89,119110.0,118788.89,1753696800000,1846
19.75095976,118893.5337,118788.9,118952.89,119100.0,118770.19,1753697700000,1729
43.22965024,118795.7587,118932.3,118678.95,119060.0,118636.82,1753698600000,2425
28.067679710000004,118747.2544,118678.95,118779.71,118950.0,118662.93,1753699500000,1997
81.21884567000001,118714.3109,118730.0,118682.44,118990.0,118656.13,1753700400000,3054
