v,vw,o,c,h,l,t,n
25.552575689999998,85689.3234,85698.52,85703.03,85749.2,85623.0,1744702200000,2760
31.1623519,85667.7182,85702.72,85747.04,85748.49,85624.2,1744703100000,2002
136.01501475999999,85801.9853,85673.4,85864.14,85914.28,85653.0,1744704000000,5974
60.10212115,85908.0638,85864.14,85852.0,85992.21,85838.13,1744704900000,4263
55.07534971,85806.7844,85899.1,85876.06,85904.71,85719.4,1744705800000,3486
58.884655699999996,85848.8328,85883.75,85841.24,85929.31,85756.19,1744706700000,3199
91.86249773,85832.1105,85797.1,85870.89,85948.01,85754.34,1744707600000,3771
42.587260840000006,85906.8141,85867.87,85855.59,85954.89,85839.75,1744708500000,3761
31.38095732,85699.7425,85855.61,85739.54,85864.66,85584.89,1744709400000,3633
38.28134444,85885.6199,85739.55,85969.0,85977.04,85676.73,1744710300000,3670
39.26777988,85870.6754,85943.7,85781.18,85997.35,85759.36,1744711200000,3993
44.15711277,85729.8953,85781.17,85761.48,85799.9,85655.71,1744712100000,3948
90.07353192999999,85613.1496,85729.5,85498.03,85785.16,85481.79,1744713000000,4586
48.39457997999999,85571.3713,85498.03,85635.19,85697.16,85427.51,1744713900000,3662
54.06591674,85535.2293,85637.79,85484.77,85672.92,85433.34,1744714800000,4146
65.00113525,85460.8818,85484.63,85562.69,85570.77,85333.72,1744715700000,4249
41.47805162,85570.6209,85560.2,85524.38,85634.73,85490.14,1744716600000,4491
90.3424475,85463.3463,85522.37,85553.7,85590.85,85381.12,1744717500000,4351
48.38062633999999,85649.8346,85553.7,85687.67,85750.0,85532.0,1744718400000,4905
43.87685067,85585.6145,85707.1,85494.02,85756.8,85450.0,1744719300000,5090
57.694036839999995,85556.8014,85494.02,85554.36,85614.54,85434.28,1744720200000,4714
34.635586509999996,85656.3425,85551.56,85818.54,85826.63,85488.69,1744721100000,4910
66.45934875000002,85782.2205,85760.0,85779.83,85883.15,85694.46,1744722000000,5528
58.43393816,85715.0336,85787.22,85842.63,85850.9,85583.78,1744722900000,5433
345.83793535,85957.7508,85839.69,86031.0,86124.0,85589.29,1744723800000,12863
452.80202394,86016.1162,86047.46,85592.96,86491.4,85513.27,1744724700000,17184
379.7001634999999,85625.5881,85589.6,85775.74,85994.19,85400.03,1744725600000,14032
390.58052784000006,85181.0771,85769.7,84962.41,85884.62,84842.03,1744726500000,16699
181.70338329999998,85075.6346,84962.43,85240.01,85341.3,84863.1,1744727400000,9668
170.73765716,85211.3124,85275.1,85149.01,85340.83,85061.53,1744728300000,9331
144.10457902,85177.0349,85179.4,85260.11,85289.17,85008.67,1744729200000,8309
70.26775262999999,85309.4647,85248.01,85213.36,85392.88,85161.93,1744730100000,5858
117.29209415,85001.0768,85219.87,84874.6,85263.27,84856.2,1744731000000,7057
118.36746522000001,84780.0827,84873.02,84916.68,84935.65,84628.43,1744731900000,6863
61.54488429999999,84985.5114,84871.7,84994.33,85124.01,84868.17,1744732800000,6244
74.38096560999999,84972.4067,84996.57,85013.05,85158.14,84860.72,1744733700000,5432
84.29992918999999,84994.4019,85013.05,84992.36,85045.4,84839.12,1744734600000,5092
52.85266096,84907.7348,84992.36,84857.39,85040.0,84772.63,1744735500000,5878
68.62760018,84932.6545,84857.39,84994.05,85000.58,84772.06,1744736400000,5724
63.79722315000001,84829.1867,84994.06,84726.35,85014.62,84704.0,1744737300000,6028
58.18887023999999,84775.8417,84733.09,84785.01,84850.67,84682.99,1744738200000,5311
117.22598195,84587.6231,84782.8,84493.2,84845.12,84425.18,1744739100000,8351
157.49399766999997,84480.8016,84490.3,84456.05,84615.79,84390.43,1744740000000,7290
149.23102923000002,84272.9465,84451.0,84321.71,84454.26,84149.66,1744740900000,7194
63.315755679999995,84363.756,84312.1,84438.68,84440.62,84289.48,1744741800000,5723
72.83252200000001,84301.5085,84438.67,84197.03,84508.43,84161.01,1744742700000,5055
124.50811575,84129.8633,84197.8,84104.78,84231.1,84026.0,1744743600000,6180
80.53972391999999,84116.5056,84104.78,84081.43,84230.99,84022.39,1744744500000,5294
97.57844188,84055.4787,84081.43,84043.79,84104.64,84021.23,1744745400000,4910
209.69664797999997,83977.4637,84043.95,83983.6,84149.51,83874.75,1744746300000,7450
101.66811004000002,84032.2662,83983.6,84164.0,84180.6,83898.0,1744747200000,5834
76.37936171999999,84034.2394,84164.02,84020.88,84200.0,83922.08,1744748100000,5044
62.44481218999999,84040.3738,84020.89,83992.0,84145.56,83966.45,1744749000000,4762
60.576220670000005,83895.689,83989.54,84018.29,84042.0,83800.01,1744749900000,5310
38.72978419,83989.3697,83995.5,84009.05,84112.4,83900.63,1744750800000,4588
43.270928149999996,83993.8316,84007.2,84067.35,84097.99,83872.0,1744751700000,4389
47.357320019999996,84141.0331,84069.8,84119.38,84241.19,84040.0,1744752600000,5014
32.923922700000006,84144.0643,84117.66,84180.71,84232.66,84052.0,1744753500000,4152
141.87673227000005,84006.4826,84186.1,83924.39,84186.1,83857.36,1744754400000,7744
73.86606063,83906.4992,83924.39,83938.17,84050.0,83829.1,1744755300000,5811
86.12773494000001,83983.3459,83936.5,83978.69,84063.44,83906.53,1744756200000,5415
104.02492011999999,83765.8357,83978.68,83835.09,83991.1,83667.02,1744757100000,6453
146.05100471999998,83684.6811,83835.09,83728.23,83859.66,83610.0,1744758000000,5817
59.04623759999999,83732.289,83728.23,83751.1,83826.73,83650.0,1744758900000,4726
84.9499298,83675.4208,83751.1,83630.87,83799.99,83592.77,1744759800000,5204
82.23722144,83645.2904,83623.0,83629.78,83702.83,83599.85,1744760700000,4256
173.36221424,83463.6612,83633.5,83292.76,83710.0,83273.97,1744761600000,7136
113.14155663000001,83343.6995,83299.8,83479.17,83516.87,83197.98,1744762500000,6520
100.77911147,83437.7893,83479.17,83366.63,83572.81,83310.06,1744763400000,4885
96.58151333000002,83214.8641,83364.11,83135.44,83385.18,83124.24,1744764300000,4375
106.12251405000002,83302.6788,83151.0,83276.15,83481.03,83088.02,1744765200000,5661
76.83898246999999,83463.4358,83276.16,83498.89,83601.65,83240.72,1744766100000,4365
99.14675932999998,83351.9818,83498.89,83393.98,83548.9,83239.57,1744767000000,4889
59.89058853,83574.2359,83385.0,83627.16,83653.46,83380.61,1744767900000,4190
63.64904871,83734.2263,83630.5,83787.22,83831.65,83579.37,1744768800000,4629
70.17318856000001,83764.6657,83787.23,83839.87,83868.95,83639.48,1744769700000,4545
53.34777647,83792.7794,83828.36,83727.0,83917.67,83709.75,1744770600000,3817
26.35269193,83824.0514,83712.65,83888.89,83919.96,83711.64,1744771500000,3037
37.417891100000006,83886.1964,83888.9,83920.83,83939.38,83791.26,1744772400000,3312
25.713371629999997,83895.7491,83920.83,83790.72,83946.7,83790.72,1744773300000,3090
33.19312797,83742.9201,83785.11,83717.45,83844.0,83662.55,1744774200000,2913
16.25277792,83687.3419,83712.85,83682.7,83742.92,83650.0,1744775100000,2638
33.13061543,83692.2745,83682.8,83682.59,83785.5,83623.4,1744776000000,3379
93.3012174,83538.3975,83692.64,83562.89,83715.0,83493.3,1744776900000,3488
49.57213456000001,83505.7351,83562.89,83467.15,83630.2,83421.0,1744777800000,3299
28.0174437,83469.181,83467.14,83581.15,83592.43,83366.25,1744778700000,2552
38.848329080000006,83675.0809,83571.0,83749.72,83776.8,83534.0,1744779600000,3481
77.02061977,83416.2448,83749.72,83379.4,83814.06,83239.57,1744780500000,4566
35.89689382,83347.8006,83393.0,83461.95,83478.27,83209.52,1744781400000,3366
28.203761250000003,83439.794,83450.0,83352.63,83512.61,83342.1,1744782300000,2415
53.28473424,83337.7531,83403.1,83483.62,83483.62,83260.92,1744783200000,3055
31.928234219999997,83530.8673,83483.62,83467.93,83611.43,83422.4,1744784100000,2613
38.72494726000001,83590.5171,83460.1,83578.03,83641.9,83451.26,1744785000000,2651
39.10683952000001,83660.164,83578.0,83673.0,83719.79,83574.41,1744785900000,2473
106.08715077000001,83602.7236,83673.0,83562.68,83759.59,83523.54,1744786800000,2785
76.02463937000002,83509.5296,83562.67,83381.3,83608.0,83338.2,1744787700000,2584
96.68350755,83396.7102,83367.5,83445.13,83486.0,83323.59,1744788600000,2756
67.71952622,83365.3508,83455.0,83349.86,83455.0,83298.77,1744789500000,2464
90.30373718999999,83232.147,83322.1,83161.28,83383.0,83132.89,1744790400000,3485
122.00154291999999,83403.4809,83155.56,83585.79,83769.0,83127.07,1744791300000,4168
203.91777022,83850.8866,83590.2,83903.62,84139.0,83581.07,1744792200000,7505
62.85391957000001,83763.9786,83893.2,83736.62,83934.1,83614.96,1744793100000,3421
130.59209914,83811.3971,83741.9,83825.72,83906.44,83682.3,1744794000000,3450
50.57632003,83812.2168,83837.71,83799.1,83943.68,83738.51,1744794900000,2786
44.25577903000001,83768.0848,83795.88,83732.1,83819.0,83712.0,1744795800000,2420
30.04841196,83661.226,83732.09,83592.66,83770.54,83588.01,1744796700000,2391
38.42016057000001,83674.6122,83651.2,83750.26,83771.95,83563.08,1744797600000,2719
58.753204860000004,83851.4084,83750.25,83898.08,83940.58,83728.26,1744798500000,3234
69.96775834,83906.8177,83900.06,83885.86,83968.24,83846.27,1744799400000,2543
21.235968679999996,83939.1432,83885.86,83944.82,83994.59,83881.05,1744800300000,2587
38.440501819999994,83988.9525,83963.9,83980.67,84069.44,83888.01,1744801200000,2924
66.9266889,83971.0647,83982.63,83878.28,84084.13,83830.85,1744802100000,3114
37.96182162,83872.3857,83878.29,83984.45,84010.24,83775.02,1744803000000,2888
84.5523253,84061.0869,83987.24,84033.9,84129.8,83974.3,1744803900000,3346
80.10140795999999,84063.6035,84033.9,84000.0,84120.99,83989.0,1744804800000,4037
79.03079018999999,84153.8051,84037.0,84177.38,84269.56,83998.6,1744805700000,3820
68.66481068,84057.2144,84180.85,83924.52,84219.9,83910.04,1744806600000,4159
67.07772945,83829.8662,83924.51,83751.92,83935.3,83722.66,1744807500000,4371
100.09181508999998,83720.1665,83751.92,83730.9,83809.13,83668.0,1744808400000,3768
55.69463283,83676.8636,83730.13,83723.77,83785.34,83608.84,1744809300000,3521
191.00636729,83872.2398,83723.49,84040.43,84201.67,83480.25,1744810200000,8665
157.50111873000003,83791.8366,84040.43,83732.31,84078.98,83553.43,1744811100000,6504
139.56305221999997,84027.9739,83769.3,83995.8,84193.04,83700.98,1744812000000,6922
240.59894545000003,84298.5231,83998.6,84365.52,84469.04,83908.62,1744812900000,8476
178.62889026999997,84499.5771,84367.77,84680.86,84731.02,84246.56,1744813800000,7470
271.30403666999996,84687.8274,84680.88,84602.02,84865.0,84484.23,1744814700000,7175
204.91116797,84662.8458,84602.01,84769.99,84865.0,84500.0,1744815600000,6612
350.75384569000005,85040.7755,84772.94,85043.2,85272.61,84677.09,1744816500000,9382
261.78246289,84988.6634,85099.88,84966.03,85186.04,84861.0,1744817400000,7630
208.72973619,84922.6289,84966.03,84858.7,85033.06,84789.27,1744818300000,5654
92.68863030000001,84993.4278,84843.1,84996.67,85129.18,84843.0,1744819200000,5112
110.62060509,84889.4465,84996.67,84854.06,85099.96,84721.22,1744820100000,5068
360.43872794,84848.7386,84872.9,84899.89,84981.3,84715.88,1744821000000,7857
173.02441761,85041.3214,84899.89,85055.27,85245.28,84852.0,1744821900000,5567
168.03248824,85168.9381,85100.1,85165.06,85274.29,85022.92,1744822800000,6290
208.60950239999997,85319.0136,85161.55,85353.4,85500.0,85145.62,1744823700000,7478
467.57601144,84915.1317,85319.14,84357.92,85526.4,84304.23,1744824600000,14407
465.81133647999985,83736.8371,84360.4,83339.2,84360.4,83250.0,1744825500000,13780
364.8260983100001,83824.4616,83289.0,84276.45,84295.88,83250.01,1744826400000,12818
234.87864603000003,84155.3061,84278.29,84388.83,84487.18,83740.18,1744827300000,8484
189.52769596000002,84103.9225,84384.7,83746.31,84421.64,83601.0,1744828200000,7794
155.84087764999998,83911.7811,83755.0,84033.99,84171.93,83671.09,1744829100000,7154
194.92639074,84071.7587,84034.0,84206.96,84234.61,83869.23,1744830000000,6164
259.5581569,84015.5129,84206.96,83827.23,84242.26,83789.0,1744830900000,6589
125.64404574000001,83974.3663,83835.55,84143.39,84199.75,83829.0,1744831800000,5245
232.19693738000004,84352.9156,84143.41,84338.62,84497.0,84109.0,1744832700000,8125
78.69207532,84386.776,84325.89,84388.79,84490.87,84267.22,1744833600000,4268
81.83124059,84512.0266,84386.8,84614.77,84636.88,84354.0,1744834500000,4191
44.336247070000006,84507.409,84614.82,84416.59,84658.69,84354.0,1744835400000,3389
45.09684321,84357.2293,84416.59,84311.16,84488.94,84235.0,1744836300000,3372
51.178683,84404.318,84301.2,84454.21,84510.16,84263.0,1744837200000,3704
56.43090077,84607.0757,84450.5,84587.04,84687.67,84413.94,1744838100000,3427
45.683856080000005,84513.2176,84587.04,84475.0,84643.43,84401.03,1744839000000,4076
23.603548439999997,84580.3864,84474.98,84553.8,84681.42,84442.0,1744839900000,3288
38.14703357,84487.8398,84559.27,84400.01,84604.86,84400.0,1744840800000,4169
29.867660639999997,84391.4752,84400.01,84366.74,84466.71,84318.03,1744841700000,2959
36.11534285,84395.0899,84366.73,84491.06,84531.34,84296.0,1744842600000,2985
22.91857189,84471.3403,84491.05,84467.88,84530.62,84406.36,1744843500000,2697
28.3468233,84362.1384,84499.4,84312.54,84499.4,84280.17,1744844400000,3355
28.19837956,84283.5118,84312.54,84240.0,84353.87,84239.79,1744845300000,2793
57.677064699999995,84168.0061,84240.01,84200.0,84269.2,84064.53,1744846200000,3506
80.93372968999999,84085.7688,84178.99,84028.72,84199.9,84006.0,1744847100000,3284
82.75350105000001,84015.1617,84027.5,83953.51,84118.21,83938.3,1744848000000,4598
58.99193938999999,83997.4255,83970.2,84007.64,84083.48,83924.19,1744848900000,4115
41.697372290000004,84100.1552,84012.73,84051.41,84197.55,83985.55,1744849800000,3749
35.17345817,84130.5926,84051.4,84214.54,84221.74,84013.0,1744850700000,3144
52.42113469999999,84191.9105,84180.0,84291.29,84300.0,84103.1,1744851600000,3413
29.81845966,84309.7294,84290.99,84368.0,84375.0,84225.8,1744852500000,2950
33.52273399,84382.5819,84368.58,84321.68,84500.0,84280.4,1744853400000,3047
48.590725400000004,84314.8347,84321.68,84339.36,84367.37,84188.94,1744854300000,3132
26.154169990000003,84225.4391,84293.4,84136.77,84339.36,84124.98,1744855200000,3001
39.70976944000001,84099.5113,84179.5,84181.13,84210.66,84048.11,1744856100000,2682
18.032979479999998,84110.7109,84186.63,84105.46,84238.19,84026.0,1744857000000,2635
29.382822379999997,84173.1617,84105.35,84266.8,84292.38,84096.0,1744857900000,2525
31.891042730000002,84194.3026,84266.8,84147.51,84297.62,84117.0,1744858800000,2715
55.475590170000004,83953.6134,84147.5,83822.55,84160.52,83795.38,1744859700000,3273
25.264385700000002,83907.1788,83823.04,83883.95,83987.99,83815.0,1744860600000,2380
26.488509410000002,83954.2204,83883.96,84000.61,84039.79,83828.47,1744861500000,2530
27.45220318,83958.9331,84016.8,83919.9,84018.25,83910.67,1744862400000,3900
25.488277899999996,83950.4546,83910.68,83973.0,84018.12,83894.0,1744863300000,2074
19.51183049,84011.0911,83972.99,84015.3,84050.4,83955.0,1744864200000,2077
37.88360695000001,84124.589,84015.29,84158.23,84197.47,83992.0,1744865100000,2494
29.027829,84194.3507,84157.4,84227.85,84277.08,84093.0,1744866000000,2230
37.01748634,84323.3931,84227.85,84289.88,84362.52,84212.0,1744866900000,2268
64.55223311,84396.4721,84314.5,84409.32,84467.01,84275.0,1744867800000,2632
33.14074161,84439.311,84430.0,84395.09,84499.0,84363.0,1744868700000,1977
74.19432890999997,84396.1029,84400.1,84443.39,84493.09,84301.78,1744869600000,2608
63.93170766000001,84499.9345,84442.92,84604.87,84664.49,84359.0,1744870500000,2422
33.27153207,84705.115,84596.4,84763.86,84832.82,84571.0,1744871400000,2170
25.842791469999998,84795.5574,84762.0,84777.48,84870.52,84704.52,1744872300000,2065
43.033066240000004,84732.8635,84777.39,84677.99,84868.97,84621.0,1744873200000,2634
73.16920641,84746.6584,84678.01,84925.68,84950.73,84632.0,1744874100000,2624
52.08298036,84886.1978,84887.9,84723.8,85044.22,84695.0,1744875000000,3197
24.66592118,84682.9135,84717.69,84670.31,84809.03,84593.0,1744875900000,2032
55.7303091,84689.0265,84670.31,84702.52,84778.84,84621.5,1744876800000,1938
28.42883951,84633.5278,84702.52,84590.24,84726.0,84550.55,1744877700000,1951
8.192800850000001,84620.4536,84590.21,84582.47,84650.86,84558.0,1744878600000,1594
24.416287970000006,84476.6343,84582.47,84452.37,84632.8,84395.2,1744879500000,2200
42.298939520000005,84417.433,84444.9,84443.06,84475.96,84333.01,1744880400000,2491
16.4196314,84398.3228,84442.93,84347.37,84450.01,84338.41,1744881300000,1737
31.54879889,84432.704,84347.37,84500.05,84509.89,84338.0,1744882200000,1864
24.76506295,84470.5296,84499.03,84462.12,84517.11,84411.64,1744883100000,1733
24.533187329999997,84380.8378,84484.5,84215.33,84501.23,84215.33,1744884000000,2268
30.761186879999997,84258.6863,84220.84,84344.16,84344.17,84166.14,1744884900000,2335
23.506011129999997,84337.1936,84289.0,84310.0,84389.45,84258.0,1744885800000,2088
15.39516392,84319.0448,84310.01,84370.03,84372.02,84255.0,1744886700000,1923
32.46634306,84395.0282,84310.0,84286.85,84497.99,84260.0,1744887600000,2628
37.56937779,84358.1262,84287.44,84441.38,84444.15,84259.0,1744888500000,2382
45.61634417,84500.4252,84441.38,84665.6,84722.92,84379.0,1744889400000,3058
49.58089081,84655.3377,84665.6,84582.9,84750.02,84525.0,1744890300000,3148
103.10009089000002,84717.6217,84582.9,84708.36,84842.39,84515.0,1744891200000,4292
49.76017022999999,84787.0627,84690.0,84809.35,84864.64,84648.0,1744892100000,2798
59.25091315,84794.8833,84818.6,84785.83,84856.65,84667.0,1744893000000,3269
43.880455520000005,84790.5342,84785.82,84762.05,84849.99,84716.0,1744893900000,3081
107.6464544,84671.3685,84762.03,84645.1,84786.0,84570.0,1744894800000,4273
171.00485485,84545.752,84625.21,84632.14,84645.1,84433.0,1744895700000,4430
126.04216362999999,84506.1827,84632.14,84554.08,84691.86,84272.0,1744896600000,7043
72.08986575,84478.8797,84552.07,84461.87,84625.05,84338.0,1744897500000,4681
141.55000102,84219.6605,84461.86,84161.22,84461.86,84005.0,1744898400000,6459
248.68884493,84060.606,84155.0,84031.82,84192.5,83911.0,1744899300000,6583
284.7975575700001,83914.0077,84031.83,84127.89,84141.0,83650.0,1744900200000,8272
129.25774493,84116.741,84122.9,84082.25,84219.31,83980.0,1744901100000,5514
213.16218464000002,84340.5445,84077.7,84590.86,84684.52,84022.0,1744902000000,7921
126.94540478,84504.9747,84582.1,84398.7,84656.48,84281.0,1744902900000,5639
121.07289288999999,84573.5931,84408.02,84606.75,84700.0,84317.0,1744903800000,5537
124.95933099,84573.6037,84606.75,84536.49,84688.74,84395.0,1744904700000,5733
268.61634118999996,84636.1196,84536.49,84607.19,84800.0,84327.0,1744905600000,10191
193.37465393,84827.6047,84620.53,84938.31,84965.36,84500.0,1744906500000,8076
202.76830662000003,84931.7815,84938.32,84767.11,85094.91,84672.0,1744907400000,7673
67.08792263,84807.3988,84767.54,84936.74,84978.84,84645.0,1744908300000,4540
79.72476563,84958.994,84927.78,84983.68,85080.18,84710.0,1744909200000,4647
85.15717938,84944.8503,84983.67,85002.17,85090.15,84692.0,1744910100000,5542
111.23015200000002,85079.4775,85002.17,85044.34,85186.87,84880.0,1744911000000,5147
118.55839883,85159.6213,85044.31,85127.7,85221.0,84945.0,1744911900000,4666
133.07969747,85194.7285,85127.7,85283.97,85311.48,84970.0,1744912800000,5213
233.08446715999997,85386.6913,85262.2,85316.2,85494.94,85120.0,1744913700000,7826
183.06895169999999,85395.1928,85267.73,85270.0,85488.71,85184.0,1744914600000,6728
222.16039834999998,85188.2693,85382.59,84917.74,85418.39,84831.0,1744915500000,8723
198.34066679999998,85032.6982,84917.74,84955.43,85136.49,84802.0,1744916400000,6591
219.54253244,84780.4824,84955.47,84706.66,84982.78,84606.0,1744917300000,8002
189.40447690000002,84653.4792,84713.83,84746.68,84825.4,84455.0,1744918200000,7288
174.70627126,84799.4571,84747.25,84860.31,84957.98,84569.0,1744919100000,7480
104.70060518000001,84977.9238,84860.04,85032.93,85143.56,84772.0,1744920000000,5290
56.668990089999994,84996.0873,85032.91,85000.0,85097.31,84816.0,1744920900000,4292
87.33391827999999,84946.8958,85007.86,84987.59,85110.24,84757.0,1744921800000,5456
100.02092451000001,85097.2676,84987.59,85148.71,85183.74,84867.0,1744922700000,5418
53.58060858,85034.037,85153.53,84968.89,85156.99,84860.0,1744923600000,4163
45.97571305,84950.8967,84968.86,84912.63,85061.6,84791.0,1744924500000,4328
55.109100659999996,84950.164,84912.49,84995.63,85001.72,84791.0,1744925400000,3284
36.22429045,85027.9975,84995.63,85066.25,85123.24,84871.0,1744926300000,3045
43.50555262,85008.0554,85066.24,85055.91,85109.18,84834.0,1744927200000,3541
32.920691780000006,85024.4941,85055.91,85026.8,85107.52,84891.0,1744928100000,2798
39.35111746,84954.2732,85037.0,84942.14,85040.7,84774.0,1744929000000,2947
50.49809696,84807.425,84942.13,84749.58,84942.14,84602.0,1744929900000,3993
46.920069489999996,84815.937,84743.6,84940.25,84940.31,84615.0,1744930800000,3360
32.020287180000004,84926.5395,84940.24,84995.4,85021.29,84780.0,1744931700000,2805
32.604481740000004,84945.8556,84995.4,84926.01,85029.29,84813.0,1744932600000,2816
36.1021272,84895.7507,84926.01,84961.97,84961.97,84761.0,1744933500000,2572
32.16814575,84952.5377,84961.97,84953.57,85035.07,84766.0,1744934400000,3219
46.57803323000001,84901.2413,84953.56,84885.97,84999.0,84740.0,1744935300000,3205
59.79456574,84852.1649,84885.98,84820.82,84912.23,84692.0,1744936200000,2527
56.47727962,84776.5396,84820.81,84771.0,84870.1,84631.0,1744937100000,2941
46.45590455,84929.8435,84712.0,85029.7,85042.91,84711.0,1744938000000,3196
51.35802711,85033.9816,85029.7,85150.92,85150.94,84841.0,1744938900000,3092
35.14792471,84989.5726,85150.92,84960.1,85150.92,84826.0,1744939800000,2781
26.76581779,84933.0936,84977.45,84939.41,85048.65,84788.0,1744940700000,2600
24.543402529999998,84855.4201,84800.0,84841.23,84962.46,84700.0,1744941600000,2826
33.29853894000001,84862.7464,84846.9,84980.83,84983.05,84682.0,1744942500000,2657
22.87332291,84889.0821,84973.07,84792.0,84973.07,84741.0,1744943400000,2388
22.244829170000003,84904.8102,84925.63,84897.24,84992.5,84770.0,1744944300000,2438
22.202016849999996,84782.9224,84906.1,84810.81,84911.17,84661.0,1744945200000,2612
18.19481147,84760.4335,84805.41,84765.87,84875.44,84629.0,1744946100000,2522
24.91097483,84775.995,84765.85,84836.02,84858.17,84631.0,1744947000000,2373
19.46481788,84793.2026,84836.02,84844.67,84850.43,84669.0,1744947900000,1978
30.95617895,84752.46,84831.3,84653.58,84857.07,84521.0,1744948800000,2569
21.15393285,84574.8119,84653.58,84711.56,84714.84,84472.0,1744949700000,2653
52.273973590000004,84687.4147,84700.6,84690.47,84738.0,84537.0,1744950600000,2136
18.65957155,84660.543,84690.46,84679.28,84752.38,84508.0,1744951500000,1876
30.89614467,84588.9565,84675.7,84590.35,84689.04,84447.0,1744952400000,2573
35.89893393999999,84562.4879,84590.35,84578.88,84648.83,84414.0,1744953300000,2601
16.34880367,84565.5645,84608.1,84673.72,84687.07,84429.0,1744954200000,1966
29.6886731,84652.3758,84651.0,84745.85,84751.85,84521.0,1744955100000,1931
12.79283976,84703.5121,84742.3,84750.85,84783.16,84552.0,1744956000000,2020
9.89672873,84685.924,84749.5,84697.44,84764.1,84558.0,1744956900000,1618
24.406623460000002,84608.7126,84699.8,84637.19,84699.8,84480.0,1744957800000,2031
21.25929226,84620.1909,84637.19,84593.0,84752.99,84508.0,1744958700000,1836
24.56498514,84624.8671,84717.1,84628.09,84735.87,84461.0,1744959600000,2177
74.88746902,84524.4579,84628.1,84522.66,84680.31,84284.0,1744960500000,3294
37.29853905,84538.2961,84522.66,84611.51,84621.85,84341.0,1744961400000,2082
20.27825927,84588.3459,84611.51,84657.73,84659.51,84453.0,1744962300000,1796
21.8884444,84652.9167,84600.0,84745.65,84753.73,84525.0,1744963200000,2558
20.04002529,84693.9551,84745.19,84739.68,84766.95,84554.0,1744964100000,2097
14.70234535,84645.6683,84733.4,84750.89,84761.54,84524.0,1744965000000,1620
18.24943874,84632.613,84751.05,84640.19,84762.91,84491.0,1744965900000,1687
11.64673397,84555.6712,84612.1,84439.0,84642.94,84435.0,1744966800000,1849
20.418785280000005,84567.1836,84557.6,84552.55,84640.98,84416.0,1744967700000,2053
27.129873139999997,84524.8836,84552.55,84571.47,84578.74,84404.0,1744968600000,1501
11.11121946,84527.5407,84571.47,84539.86,84633.75,84422.0,1744969500000,1755
12.524722769999997,84490.0768,84560.1,84545.02,84570.39,84368.0,1744970400000,1989
14.562874490000004,84565.8575,84535.49,84626.07,84653.27,84424.0,1744971300000,1643
14.92668693,84553.1508,84614.4,84557.56,84638.75,84415.0,1744972200000,1749
13.77118669,84525.4054,84557.56,84523.47,84585.26,84380.0,1744973100000,1793
18.15476851,84512.2872,84550.1,84586.0,84594.03,84356.0,1744974000000,2260
34.14262369,84528.1489,84585.99,84518.75,84614.15,84448.0,1744974900000,2185
24.16067947,84538.4973,84518.74,84599.38,84614.89,84448.0,1744975800000,2167
21.870832789999998,84585.02,84599.38,84662.41,84670.1,84474.0,1744976700000,2015
28.269244239999995,84617.9881,84615.9,84604.26,84709.09,84481.0,1744977600000,2362
29.756424180000003,84592.5596,84600.2,84520.0,84655.0,84450.0,1744978500000,2283
29.75456412,84700.0281,84627.0,84692.25,84764.74,84523.0,1744979400000,2578
31.958102049999997,84625.2696,84692.25,84632.88,84722.7,84488.0,1744980300000,2174
40.96090177000001,84526.8949,84641.3,84539.14,84641.3,84448.0,1744981200000,2826
29.646337480000003,84538.3268,84539.12,84535.39,84584.18,84448.0,1744982100000,2791
73.05483438000002,84497.7468,84541.8,84495.76,84604.79,84448.0,1744983000000,3503
25.317656600000003,84523.8482,84495.75,84561.97,84593.5,84448.0,1744983900000,2789
50.68469199,84515.56,84564.1,84510.8,84616.53,84448.0,1744984800000,3363
104.07252328000001,84449.1125,84510.8,84448.01,84513.15,84353.0,1744985700000,3649
51.17906793,84466.145,84500.8,84563.73,84588.46,84364.0,1744986600000,3106
24.18344426,84531.5863,84573.0,84583.03,84584.03,84430.0,1744987500000,2555
42.332828760000005,84515.2635,84537.1,84489.14,84607.59,84367.0,1744988400000,3039
46.12413978,84414.0848,84489.14,84361.99,84523.86,84268.0,1744989300000,3808
40.19254992,84363.9875,84362.04,84383.44,84431.67,84248.0,1744990200000,3220
43.24716642,84376.8669,84383.44,84367.82,84456.43,84248.0,1744991100000,3023
41.19470115000001,84386.7215,84368.9,84425.07,84460.09,84200.0,1744992000000,3433
38.71503944000001,84493.8046,84438.1,84475.24,84542.8,84340.0,1744992900000,3443
25.70180448,84482.353,84475.24,84472.76,84536.56,84352.0,1744993800000,3095
18.01651832,84431.8876,84472.54,84481.23,84489.23,84311.0,1744994700000,2672
36.90904405,84471.8325,84476.55,84488.93,84501.1,84320.0,1744995600000,2597
35.073026989999995,84434.2724,84488.92,84316.0,84514.7,84298.0,1744996500000,2844
69.07593448,84538.4778,84423.62,84543.84,84604.99,84307.0,1744997400000,3357
25.541014580000006,84539.3993,84543.84,84559.22,84585.06,84426.0,1744998300000,2689
24.063174019999998,84535.4088,84559.5,84580.3,84601.4,84403.0,1744999200000,2708
36.23494173,84580.3928,84580.3,84609.47,84643.36,84461.0,1745000100000,2881
25.18838971,84569.0866,84609.7,84618.45,84628.94,84450.0,1745001000000,2749
18.174533050000004,84576.0675,84618.45,84610.21,84643.78,84472.0,1745001900000,2683
20.75349924,84568.3801,84610.21,84574.17,84625.08,84434.0,1745002800000,2867
19.076059089999998,84577.8062,84574.18,84604.1,84632.05,84462.0,1745003700000,2578
26.70501022,84518.3585,84604.09,84554.9,84604.1,84399.0,1745004600000,2920
23.524035790000003,84506.195,84552.57,84555.94,84561.25,84393.0,1745005500000,2684
45.03849859,84529.2319,84555.93,84505.48,84621.57,84379.0,1745006400000,3137
23.801532250000005,84505.649,84505.49,84522.57,84555.85,84365.0,1745007300000,2531
27.94132544,84495.5344,84522.58,84470.52,84545.76,84365.0,1745008200000,2468
31.698934359999996,84469.6661,84470.51,84506.5,84518.59,84354.0,1745009100000,2905
13.433823949999999,84480.0908,84506.6,84518.76,84522.7,84374.0,1745010000000,2757
16.951421480000004,84498.7597,84518.76,84512.89,84522.7,84385.0,1745010900000,2097
29.35827862,84587.4815,84512.9,84657.7,84680.37,84402.0,1745011800000,2824
31.25760209,84564.7844,84657.7,84621.54,84657.7,84432.0,1745012700000,2546
22.84433576,84544.9616,84620.5,84507.97,84640.56,84420.0,1745013600000,3149
23.115591289999994,84459.4679,84507.96,84475.12,84563.2,84311.0,1745014500000,2778
22.45492897,84495.9844,84478.2,84515.72,84532.74,84365.0,1745015400000,2715
11.60188381,84509.743,84515.72,84521.17,84542.06,84391.0,1745016300000,2470
30.59445539,84440.4679,84521.8,84394.51,84521.8,84328.0,1745017200000,3077
20.699181880000005,84375.5281,84394.5,84434.63,84451.91,84332.0,1745018100000,2512
20.961551789999994,84436.0709,84434.63,84467.9,84487.1,84388.0,1745019000000,2288
17.629127439999998,84452.6403,84487.1,84472.5,84487.1,84362.0,1745019900000,2160
27.72313402,84417.6182,84472.5,84407.78,84485.5,84311.0,1745020800000,2377
15.316756499999999,84393.6064,84407.77,84358.75,84443.72,84316.0,1745021700000,2545
13.678903820000004,84414.3213,84385.1,84437.18,84447.76,84313.0,1745022600000,2560
14.1611965,84440.7637,84437.17,84431.63,84473.53,84325.0,1745023500000,2160
13.463059780000004,84494.0903,84431.63,84540.82,84550.0,84343.0,1745024400000,2467
11.88778575,84530.9448,84540.74,84564.2,84575.98,84413.0,1745025300000,2258
19.836850239999997,84548.318,84571.4,84493.66,84597.54,84423.0,1745026200000,2110
12.25006487,84524.4227,84493.65,84541.9,84560.84,84420.0,1745027100000,2331
56.78631855,84621.2315,84537.11,84652.78,84797.2,84446.0,1745028000000,3491
45.85098463,84697.5092,84652.78,84725.0,84763.47,84587.0,1745028900000,3011
21.536203850000003,84653.4732,84725.64,84650.73,84741.77,84587.0,1745029800000,2745
17.59759141,84712.198,84650.72,84782.45,84794.8,84588.0,1745030700000,2715
88.71010041999999,84756.6257,84755.0,84879.0,84942.82,84665.0,1745031600000,4405
20.100721900000003,84878.9056,84849.01,84870.16,84937.43,84664.0,1745032500000,2962
24.817375730000002,84896.3875,84870.17,84778.16,84970.66,84665.0,1745033400000,2856
17.014953750000004,84870.382,84778.16,84875.52,84923.8,84716.0,1745034300000,2473
22.424706210000004,84925.5296,84897.5,84957.99,84986.17,84761.0,1745035200000,2817
46.729004329999995,84989.5596,84957.98,85000.0,85066.2,84876.0,1745036100000,3303
78.64395659,85167.1486,85067.99,85211.72,85250.0,84934.0,1745037000000,4213
48.79464734,85086.2131,85209.23,85014.2,85237.0,84971.0,1745037900000,3014
21.165475530000002,85053.2484,85031.9,85045.01,85111.47,84972.0,1745038800000,2042
35.64963186,85085.8436,85045.01,85181.91,85190.05,84931.0,1745039700000,2221
12.974096840000001,85132.867,85175.9,85121.52,85181.89,85049.0,1745040600000,1565
17.732356590000002,85107.7022,85115.2,85068.2,85136.42,84998.0,1745041500000,1681
19.83067315,85001.2664,85068.3,84998.54,85108.01,84883.0,1745042400000,2178
9.203124299999999,85020.5781,84998.55,85010.07,85045.75,84899.0,1745043300000,1613
19.310455949999998,84933.4708,85000.0,84896.95,85010.08,84812.0,1745044200000,1759
5.552476269999999,84916.8225,84896.0,84921.14,84941.52,84797.0,1745045100000,1388
6.127988800000001,84950.7238,84920.8,84977.59,84986.76,84838.0,1745046000000,1718
31.596779090000002,85084.77,84977.59,85154.47,85219.32,84866.0,1745046900000,2250
15.948478580000003,85143.836,85154.47,85224.05,85249.45,85000.0,1745047800000,1569
6.87404768,85180.7066,85224.06,85214.06,85239.36,85078.0,1745048700000,1325
15.805395219999998,85184.9315,85221.1,85140.0,85255.98,85030.0,1745049600000,1504
17.51982011,85169.4198,85134.71,85225.05,85235.53,85006.0,1745050500000,1700
43.6992157,85291.5085,85230.0,85329.0,85379.0,85078.0,1745051400000,2737
26.581363680000003,85304.4686,85319.49,85308.62,85379.0,85174.0,1745052300000,1926
28.617928609999996,85337.4337,85302.64,85412.36,85434.99,85148.0,1745053200000,2312
23.664875180000003,85355.6909,85406.89,85328.0,85434.97,85232.0,1745054100000,1725
25.192865859999994,85317.0438,85320.99,85387.2,85434.99,85124.0,1745055000000,2263
20.57526659,85353.0658,85387.19,85334.9,85442.05,85212.0,1745055900000,1535
20.83097792,85244.4621,85335.1,85278.04,85357.01,85135.0,1745056800000,2038
25.398002979999994,85209.5048,85278.04,85199.69,85298.08,85070.0,1745057700000,2065
16.54775038,85155.9682,85203.06,85210.0,85244.09,85029.0,1745058600000,1655
18.102572029999997,85181.0135,85226.8,85253.31,85262.28,85060.0,1745059500000,1465
25.260814339999996,85211.966,85248.1,85205.59,85291.52,85067.0,1745060400000,2025
16.928283110000002,85129.7588,85205.59,85176.58,85249.9,85016.0,1745061300000,1703
37.01022621999999,85174.8937,85159.7,85215.43,85224.97,85032.0,1745062200000,2298
13.868736029999999,85150.3305,85215.42,85187.0,85231.05,85057.0,1745063100000,1683
14.95438333,85208.5595,85187.0,85262.02,85300.0,85086.0,1745064000000,1832
30.669008650000002,85264.488,85250.0,85299.99,85300.0,85087.0,1745064900000,1875
17.068779,85246.7522,85299.99,85284.1,85328.49,85169.0,1745065800000,1960
16.45230352,85222.8189,85297.97,85289.48,85324.38,85100.0,1745066700000,2023
23.237185340000003,85240.7253,85284.1,85268.0,85343.21,85073.0,1745067600000,2594
32.36252088,85323.3634,85339.02,85389.99,85428.79,85160.0,1745068500000,2490
21.868188699999997,85324.9403,85400.0,85384.93,85415.31,85203.0,1745069400000,2367
41.05109934,85408.1959,85382.64,85470.69,85491.14,85250.0,1745070300000,2927
45.02556818,85435.2827,85470.68,85415.75,85496.39,85302.0,1745071200000,2995
37.91572951,85408.9615,85415.75,85462.23,85486.31,85256.0,1745072100000,2541
23.44355478,85406.683,85462.22,85363.35,85490.95,85258.0,1745073000000,2460
23.06406609,85385.5133,85355.9,85405.0,85419.99,85261.0,1745073900000,3024
27.43901524,85411.3588,85373.9,85419.6,85453.02,85265.0,1745074800000,3324
52.00933671000001,85446.8274,85419.6,85420.0,85524.16,85226.0,1745075700000,3975
63.276560569999994,85409.1101,85475.3,85258.82,85625.0,85111.0,1745076600000,5021
35.12304067,85155.3678,85265.89,85180.7,85293.02,84987.0,1745077500000,3622
35.53468805,85248.6845,85180.7,85214.05,85318.48,85084.0,1745078400000,3372
39.4286606,85218.9611,85214.06,85118.92,85315.88,85051.0,1745079300000,3643
51.600668490000004,85036.8398,85118.91,84995.59,85119.1,84899.0,1745080200000,3988
69.42001780999999,84819.9073,84995.59,84846.41,85020.0,84614.0,1745081100000,5149
34.939031209999996,84893.5582,84826.0,84950.01,84960.0,84745.0,1745082000000,3379
28.858855970000004,84992.4362,84950.02,85023.81,85058.15,84834.0,1745082900000,2683
18.01441892,85047.1051,85023.81,85062.96,85167.71,84897.0,1745083800000,3269
24.738003029999998,85127.0442,85059.86,85227.65,85236.39,84919.0,1745084700000,3604
15.29939904,85231.6531,85198.9,85241.16,85295.32,85086.0,1745085600000,3169
16.87380957,85231.8147,85241.16,85228.26,85268.97,85111.0,1745086500000,2906
20.784455589999997,85253.3015,85231.3,85196.48,85327.13,85119.0,1745087400000,3087
19.619042760000003,85142.9242,85196.47,85133.71,85210.0,85053.0,1745088300000,3029
14.84817166,85113.9299,85133.71,85152.21,85196.95,84971.0,1745089200000,3116
11.117590949999999,85121.2583,85152.22,85148.91,85163.35,85029.0,1745090100000,2561
11.433657020000002,85091.2784,85148.92,85095.29,85148.92,85005.0,1745091000000,2682
28.470594910000003,85074.9419,85095.29,85078.6,85128.53,84982.0,1745091900000,3123
8.420610390000002,85077.3289,85083.4,85074.08,85124.15,84935.0,1745092800000,2909
12.27510418,85127.4005,85074.45,85202.5,85209.51,84998.0,1745093700000,2625
10.491214670000002,85233.6556,85199.4,85255.97,85263.63,85085.0,1745094600000,2486
13.676655760000001,85224.8885,85255.98,85177.25,85260.59,85111.0,1745095500000,2193
17.855684019999998,85237.4195,85214.5,85307.42,85319.0,85102.0,1745096400000,3099
27.74131438,85300.0993,85307.43,85271.05,85360.0,85163.0,1745097300000,2737
20.187494559999998,85268.9044,85271.06,85311.42,85344.65,85128.0,1745098200000,2811
19.53509983,85306.4559,85305.25,85332.31,85368.11,85152.0,1745099100000,2756
18.00185462,85259.3012,85332.4,85281.31,85337.58,85147.0,1745100000000,2425
19.98751113,85221.5093,85281.3,85225.45,85320.1,85085.0,1745100900000,2388
19.372834519999998,85261.1899,85256.9,85258.0,85350.0,85100.0,1745101800000,2713
12.79393014,85186.2367,85228.88,85248.43,85258.52,85081.0,1745102700000,2247
20.72869396,85174.6952,85246.6,85169.12,85257.6,85035.0,1745103600000,2639
24.405013150000002,85100.2409,85169.12,85104.4,85189.49,84965.0,1745104500000,2810
19.29139743,85070.4748,85104.42,85112.89,85175.43,84967.0,1745105400000,2791
15.356019319999998,85065.5215,85112.9,85074.99,85159.5,84899.0,1745106300000,2581
21.261014799999998,85085.7255,85121.3,85193.56,85196.28,84910.0,1745107200000,2444
16.97325429,85143.9578,85190.68,85175.24,85225.01,85028.0,1745108100000,2643
20.25274112,85104.5033,85175.24,85104.0,85223.92,84995.0,1745109000000,3181
36.50724761000001,85128.6068,85104.0,85158.0,85194.48,84974.0,1745109900000,3110
12.10431953,85197.4141,85158.0,85243.94,85268.5,85036.0,1745110800000,2688
13.9319901,85267.9361,85243.93,85249.74,85315.06,85139.0,1745111700000,2360
16.467386440000002,85259.1796,85249.74,85245.98,85301.99,85108.0,1745112600000,2523
11.194838420000002,85258.1483,85245.97,85316.55,85318.97,85133.0,1745113500000,2474
15.84060738,85272.2184,85178.0,85255.2,85319.21,85149.0,1745114400000,3148
10.276948940000002,85223.1611,85255.19,85214.39,85290.1,85111.0,1745115300000,2294
10.21307369,85249.9996,85215.41,85274.74,85295.79,85119.0,1745116200000,2423
12.24869657,85228.2151,85274.74,85255.1,85284.0,85102.0,1745117100000,2300
8.790091680000002,85212.0759,85255.1,85203.22,85267.57,85103.0,1745118000000,2142
8.21538405,85191.8694,85203.22,85207.89,85248.8,85072.0,1745118900000,2012
11.900526990000001,85154.902,85207.89,85125.16,85221.0,85051.0,1745119800000,2023
13.66534743,85078.1754,85125.22,85159.92,85178.75,85023.0,1745120700000,1935
12.92237132,85135.7339,85158.0,85160.46,85171.99,85005.0,1745121600000,1896
29.33712379,85076.9856,85160.46,85206.46,85223.24,85019.0,1745122500000,2125
8.262875229999999,85201.856,85206.19,85237.06,85245.37,85045.0,1745123400000,1818
11.471294680000002,85209.7578,85237.06,85182.31,85251.59,85073.0,1745124300000,1733
6.3604869200000005,85184.2931,85226.1,85172.99,85226.1,85047.0,1745125200000,1714
10.43392204,85162.7113,85172.99,85154.83,85193.1,85031.0,1745126100000,1634
5.485050309999999,85134.1443,85176.1,85120.01,85176.1,85007.0,1745127000000,1239
11.3293894,85111.4814,85158.1,85087.96,85159.6,84981.0,1745127900000,1788
8.523576519999999,85126.3086,85111.0,85121.83,85163.4,84973.0,1745128800000,1630
12.788997879999997,85100.5947,85118.57,85074.16,85131.24,84955.0,1745129700000,1546
36.58729957,85052.834,85105.1,84977.81,85120.9,84839.0,1745130600000,2803
82.79002894999999,84921.6656,84977.81,84964.88,84991.2,84750.0,1745131500000,3138
35.94169608000001,84833.7483,84951.1,84880.37,84964.88,84632.0,1745132400000,2872
19.401329859999997,84763.874,84880.38,84750.48,84891.08,84605.0,1745133300000,2321
25.424854939999996,84729.7907,84750.48,84740.39,84790.87,84566.0,1745134200000,2035
17.771439110000003,84749.7321,84740.39,84784.25,84845.93,84598.0,1745135100000,1631
12.537155810000002,84727.7567,84788.1,84777.07,84788.1,84591.0,1745136000000,1579
16.33803869,84688.3418,84777.07,84677.76,84793.75,84510.0,1745136900000,1620
13.784975479999998,84642.2918,84700.1,84677.49,84706.64,84492.0,1745137800000,1522
15.37510529,84607.4197,84677.48,84648.38,84700.1,84465.0,1745138700000,1504
10.11729108,84563.228,84641.8,84620.03,84653.0,84429.0,1745139600000,1554
18.47732684,84547.8786,84620.02,84581.02,84641.8,84363.0,1745140500000,1468
16.764889340000003,84495.3895,84581.02,84499.82,84635.78,84300.0,1745141400000,1744
44.01417868000001,84502.2551,84499.83,84538.5,84560.74,84227.0,1745142300000,1573
7.063296579999999,84411.5311,84536.6,84444.0,84538.5,84253.0,1745143200000,1528
15.692854650000001,84414.4345,84444.0,84403.0,84500.0,84195.0,1745144100000,1562
60.9481964,84299.6931,84403.0,84243.41,84461.2,84000.0,1745145000000,3128
67.59030178999998,84123.3104,84243.41,84176.29,84243.41,83850.0,1745145900000,3564
29.07851067,84093.284,84176.9,84218.9,84259.57,83942.0,1745146800000,2812
42.88560996,84089.2668,84224.12,84048.09,84224.12,83845.0,1745147700000,2677
34.840502570000005,84032.1401,84045.81,84041.95,84159.53,83817.0,1745148600000,2627
16.62520926,84027.3733,84041.95,84135.23,84148.83,83831.0,1745149500000,2285
31.11890361,84227.8425,84128.9,84316.0,84334.32,83924.0,1745150400000,2654
20.277143900000002,84324.8085,84310.1,84399.86,84411.35,84089.0,1745151300000,2073
20.40671229,84409.3568,84399.86,84368.06,84514.11,84144.0,1745152200000,2019
11.77803232,84315.0147,84368.06,84369.0,84400.1,84125.0,1745153100000,1989
13.444232509999999,84271.2538,84183.0,84237.94,84399.03,84008.0,1745154000000,2402
29.80565342,84190.9455,84237.89,84347.95,84349.47,83936.0,1745154900000,2334
26.32295064,84313.3941,84338.9,84411.48,84471.07,84034.0,1745155800000,2353
17.14253009,84341.4943,84411.49,84314.07,84440.03,84122.0,1745156700000,2276
37.37681477,84420.6503,84374.6,84360.0,84674.72,84080.0,1745157600000,3721
25.22242414,84488.6926,84559.25,84354.0,84598.4,84279.0,1745158500000,2493
23.42836328,84574.0215,84558.82,84553.35,84652.77,84360.0,1745159400000,2700
13.571344439999999,84564.713,84608.0,84629.37,84650.0,84331.0,1745160300000,2305
18.85688459,84507.4704,84641.0,84537.0,84641.0,84276.0,1745161200000,2872
34.233176889999996,84405.6314,84526.01,84383.6,84558.2,84161.0,1745162100000,2841
16.82337004,84408.837,84375.0,84284.0,84494.69,84180.0,1745163000000,2553
16.207864349999998,84323.4162,84485.76,84350.04,84489.99,84120.0,1745163900000,2903
19.345751189999998,84311.4661,84366.0,84440.26,84443.58,84063.0,1745164800000,3319
29.947082269999996,84491.9711,84440.25,84535.33,84614.21,84200.0,1745165700000,3345
12.686813990000001,84484.9327,84535.33,84525.12,84580.32,84301.0,1745166600000,2575
22.45247336,84548.3701,84529.17,84608.7,84630.7,84330.0,1745167500000,2390
13.015338799999999,84525.2118,84609.61,84505.41,84622.64,84320.0,1745168400000,2784
12.1760291,84436.9932,84505.4,84500.1,84538.1,84237.0,1745169300000,2737
13.18588428,84433.1933,84485.98,84509.55,84519.03,84240.0,1745170200000,2384
17.74270046,84517.8516,84509.55,84582.79,84622.71,84278.0,1745171100000,2436
12.770229239999999,84559.3232,84584.0,84605.94,84621.06,84403.0,1745172000000,2904
13.074078949999999,84572.33,84601.7,84568.38,84642.66,84403.0,1745172900000,2349
30.748242169999997,84464.121,84568.39,84499.99,84601.7,84350.0,1745173800000,2576
19.95722279,84486.8098,84500.0,84576.32,84587.36,84325.0,1745174700000,2330
14.372977610000001,84522.6188,84576.33,84521.3,84596.03,84340.0,1745175600000,2360
12.5035303,84515.5265,84521.3,84548.45,84596.04,84343.0,1745176500000,2213
12.328728289999999,84531.2546,84548.44,84558.66,84599.93,84362.0,1745177400000,2178
14.523853830000002,84586.2627,84558.65,84643.3,84663.76,84393.0,1745178300000,2207
66.14365791,84850.0996,84643.32,84942.35,84969.75,84419.0,1745179200000,4189
116.70963555000002,85035.7053,84946.8,85107.35,85216.94,84727.0,1745180100000,5952
72.40549305,85082.3396,85107.35,84990.0,85219.63,84874.0,1745181000000,4463
109.40190848999998,85124.7817,85161.67,85122.97,85244.0,84850.0,1745181900000,3392
36.739901280000005,85012.8345,85068.0,84952.96,85233.97,84780.0,1745182800000,3837
58.77745384999999,84992.6415,84952.42,84991.26,85021.59,84767.0,1745183700000,2557
32.77580693,85078.965,84991.25,85079.21,85185.64,84819.0,1745184600000,2923
11.91463933,85044.2285,85068.91,85001.63,85127.13,84800.0,1745185500000,2274
62.75900301000001,84887.1011,84999.1,84880.9,85032.98,84658.0,1745186400000,4407
27.486996689999998,84748.682,84880.91,84698.19,84906.52,84539.0,1745187300000,3453
26.870904709999998,84737.0007,84750.1,84791.73,84795.69,84551.0,1745188200000,2423
25.00947202,84797.3549,84792.0,84829.61,84841.36,84621.0,1745189100000,2329
54.79704164000002,85009.6096,84833.6,85123.38,85124.14,84672.0,1745190000000,3976
166.74067565000001,85167.7126,85114.77,85085.32,85298.25,84915.0,1745190900000,5676
79.53342963,85044.6952,85085.32,85100.0,85153.35,84859.0,1745191800000,3759
34.88235376,85098.9215,85059.0,85177.34,85203.75,84910.0,1745192700000,2990
98.39061679,85266.9142,85177.33,85328.87,85347.24,84940.0,1745193600000,4521
552.75285415,85774.6963,85328.95,86184.21,86300.64,85131.0,1745194500000,13253
434.20111118,86568.1318,86193.97,86664.27,86832.0,86000.0,1745195400000,14436
264.59214731,86833.9356,86676.57,86622.93,87000.0,86401.0,1745196300000,10616
295.70811966,86981.7115,86622.92,86966.15,87265.48,86456.0,1745197200000,11464
162.57483394999997,86996.0654,86963.26,87098.3,87187.18,86627.0,1745198100000,6708
202.48138170000001,87219.6506,87098.75,87269.13,87413.27,86851.0,1745199000000,7563
194.15663178999998,87293.612,87269.13,87284.69,87450.0,86958.0,1745199900000,8250
144.09911143000002,87230.1574,87083.0,87273.64,87422.0,86948.0,1745200800000,6217
172.62394281999997,87441.0488,87273.63,87385.93,87661.07,87006.0,1745201700000,7388
107.62043012000001,87311.9456,87385.95,87184.01,87518.35,86939.0,1745202600000,5142
99.20148052,87294.1952,87184.0,87357.49,87425.32,86969.0,1745203500000,5015
116.73299131000002,87476.3934,87353.9,87427.11,87661.07,87144.0,1745204400000,5214
52.85523755,87406.4208,87427.1,87400.0,87524.66,87117.0,1745205300000,3627
56.68883105,87311.7778,87394.56,87256.9,87461.47,87004.0,1745206200000,3678
46.52143892000001,87196.2583,87256.89,87206.28,87333.62,86997.0,1745207100000,3381
56.82962807000001,87257.6872,87176.4,87262.49,87364.12,87031.0,1745208000000,3310
81.65097673999999,87170.1074,87262.48,87119.56,87265.73,86910.0,1745208900000,4115
54.51890772,87162.4253,87178.8,87258.0,87311.66,86880.0,1745209800000,3209
30.590393979999998,87271.342,87260.01,87349.2,87390.02,87017.0,1745210700000,3187
38.86142563000001,87360.7476,87353.7,87152.0,87495.0,87091.0,1745211600000,3177
38.837733879999995,87371.0763,87364.06,87257.0,87470.12,87157.0,1745212500000,2668
47.45920392000001,87396.5012,87435.1,87468.9,87530.19,87110.0,1745213400000,2846
98.79886230000001,87552.768,87444.0,87548.32,87738.76,87236.0,1745214300000,4571
53.36947049,87525.9875,87539.1,87292.0,87699.74,87260.0,1745215200000,2988
76.85470989999999,87484.7356,87500.21,87507.12,87596.62,87260.0,1745216100000,3368
56.14086322,87408.8966,87482.7,87421.45,87530.71,87160.0,1745217000000,2689
47.112797549999996,87472.8639,87421.45,87318.0,87563.22,87221.0,1745217900000,2683
48.16031051,87477.299,87514.9,87490.15,87624.8,87219.0,1745218800000,3255
45.36168671,87390.3559,87490.16,87432.11,87509.25,87097.0,1745219700000,2499
61.00815409999999,87481.1776,87437.4,87552.14,87571.2,87199.0,1745220600000,2688
43.82513318,87430.1726,87552.14,87432.69,87597.77,87178.0,1745221500000,2557
61.15882262000002,87503.5678,87432.69,87537.59,87636.3,87177.0,1745222400000,2608
33.99711632999999,87503.4879,87537.59,87638.66,87724.11,87222.0,1745223300000,2726
20.84211538,87534.012,87638.66,87582.74,87663.06,87330.0,1745224200000,1982
68.12222093000003,87566.6071,87583.19,87577.9,87670.68,87307.0,1745225100000,2019
53.748819420000004,87630.2748,87591.4,87546.84,87799.97,87332.0,1745226000000,3379
62.43142721,87399.5066,87546.84,87351.39,87570.44,87132.0,1745226900000,3341
69.02941249,87344.114,87351.37,87367.5,87456.83,87092.0,1745227800000,3250
32.1436097,87435.7855,87401.97,87512.36,87543.97,87192.0,1745228700000,2647
48.478466440000005,87425.3859,87493.4,87243.0,87586.9,87192.0,1745229600000,3077
50.64623375,87368.6662,87423.42,87144.0,87445.44,87143.0,1745230500000,2051
39.44868585,87252.6269,87303.95,87269.23,87322.74,87121.0,1745231400000,2313
35.76937541,87275.4554,87269.72,87348.92,87422.74,87126.0,1745232300000,2429
52.42134125,87227.8978,87348.91,87020.0,87361.94,87013.0,1745233200000,2930
144.70909946,86858.8657,87154.56,86813.17,87163.1,86541.0,1745234100000,6180
41.03296397999999,86811.673,86815.86,86852.1,86922.47,86665.0,1745235000000,3100
66.57684606999999,86943.338,86922.47,86982.49,87008.65,86763.0,1745235900000,3300
65.20112887999998,87207.82,86974.3,87332.68,87451.92,86845.0,1745236800000,4681
119.14444600000002,87370.8637,87332.67,87335.0,87555.0,87137.0,1745237700000,4794
61.80614101999999,87243.0282,87334.99,87055.0,87419.39,87031.0,1745238600000,3853
36.300393740000004,87097.5225,87182.08,87039.1,87234.88,86901.0,1745239500000,3492
98.62714998,86892.4518,87039.1,86935.42,87109.63,86699.0,1745240400000,5021
170.06108372999998,87072.9159,86941.2,87249.19,87254.03,86742.0,1745241300000,4910
751.01954448,87316.1507,87186.5,87480.98,87599.23,86851.0,1745242200000,17777
354.50588375,87336.441,87480.99,87051.53,87577.97,87003.0,1745243100000,10899
492.07334812000005,87356.6341,87078.1,87703.43,87727.99,86903.0,1745244000000,13918
1015.6441048500001,88136.7162,87684.6,88468.21,88529.9,87498.0,1745244900000,20780
1036.45334305,88350.6044,88479.54,88164.85,88575.62,87998.0,1745245800000,29960
417.55037546000005,88084.4463,88149.35,88288.03,88369.04,87777.0,1745246700000,11887
286.79669544,88176.0469,88273.56,88018.28,88370.33,87823.0,1745247600000,11419
588.0660985,88301.489,88008.15,88351.03,88630.0,87813.0,1745248500000,15808
689.0646596800002,88325.883,88351.03,88226.74,88470.78,88145.0,1745249400000,12675
394.1540900299999,88076.9652,88226.74,87997.0,88246.68,87886.0,1745250300000,8331
453.29764266999996,88150.0866,88089.17,88155.25,88322.07,87881.0,1745251200000,12269
162.92549297,87987.2553,88155.25,87752.5,88213.15,87653.0,1745252100000,8234
138.18384561000002,87759.6726,87799.87,87606.86,87971.78,87552.0,1745253000000,7943
312.33409061,87293.7967,87615.05,87195.83,87653.7,87011.0,1745253900000,10361
687.7598133099999,86690.216,87189.88,86870.84,87191.52,86352.0,1745254800000,18337
205.32157382,87057.7911,86877.1,87094.0,87347.17,86731.0,1745255700000,10489
103.84205253,87075.5561,87166.7,86962.51,87297.8,86921.0,1745256600000,7627
194.02400960999998,86886.4759,86921.0,86869.28,87090.64,86676.0,1745257500000,8735
114.17163458,86824.9931,86857.7,86932.93,87016.51,86618.0,1745258400000,7303
75.89043845,86903.1243,86935.65,86895.69,87068.52,86793.0,1745259300000,6679
78.91395555000001,86951.6633,86893.15,86944.57,87041.01,86830.0,1745260200000,5979
53.11347664,86893.6625,86944.57,86793.72,86977.57,86782.0,1745261100000,4905
119.21802213999999,86953.8545,86864.1,87052.29,87152.7,86712.0,1745262000000,6139
108.49359142,87188.6256,87052.29,87299.02,87309.63,87015.0,1745262900000,5892
131.27916847,87333.2965,87296.98,87251.67,87452.06,87198.0,1745263800000,6373
349.01035082,87373.2289,87255.38,87366.0,87491.25,87202.0,1745264700000,8212
66.30741197,87283.6939,87416.85,87208.23,87447.2,87183.0,1745265600000,4157
41.901162719999995,87174.4172,87207.07,87159.06,87227.28,87121.0,1745266500000,3272
46.614335909999994,87209.4933,87159.07,87233.11,87284.57,87117.0,1745267400000,3548
53.79449501999999,87251.3054,87233.11,87376.68,87376.68,87180.0,1745268300000,4502
28.836568309999997,87223.2719,87373.06,87167.58,87394.51,87139.0,1745269200000,3316
43.001163719999994,87183.693,87167.59,87180.0,87251.6,87127.0,1745270100000,2951
86.38328503,87095.1443,87180.0,87185.53,87278.79,86871.0,1745271000000,5377
29.43342453,87296.4317,87185.52,87275.14,87350.0,87151.0,1745271900000,3286
56.91910040000001,87079.768,87297.8,87100.93,87297.8,86946.0,1745272800000,4900
50.54848046000001,87032.4633,87100.94,86990.65,87119.19,86919.0,1745273700000,4117
34.115162080000005,87059.9727,87012.1,87074.99,87109.11,86943.0,1745274600000,3647
39.97789938,87130.152,87074.99,87178.41,87194.88,87007.0,1745275500000,3452
66.17666647,87113.4037,87165.0,87227.73,87237.81,86994.0,1745276400000,4738
48.44813439,87303.6841,87227.73,87351.45,87367.51,87159.0,1745277300000,3903
32.2618325,87278.2287,87346.28,87270.62,87365.49,87153.0,1745278200000,4063
61.97934830999999,87457.3735,87274.49,87522.07,87631.85,87230.0,1745279100000,5071
71.04408308,87550.0626,87473.0,87519.18,87725.0,87416.0,1745280000000,5045
56.647757670000004,87574.7462,87519.18,87601.14,87681.02,87448.0,1745280900000,5171
85.56179102000002,87281.1311,87601.0,87382.07,87602.3,87038.0,1745281800000,6599
70.46186202000001,87472.7017,87383.82,87706.45,87731.86,87193.0,1745282700000,5411
92.35235847999999,87645.5753,87706.45,87774.5,87845.0,87464.0,1745283600000,6013
396.40483818,88446.0053,87774.49,88409.16,88872.41,87740.0,1745284500000,14400
120.68823484,88401.3524,88427.2,88467.25,88562.73,88190.0,1745285400000,7899
78.87973169000001,88418.1441,88464.26,88399.94,88535.87,88250.0,1745286300000,5260
84.45208092,88531.5962,88399.93,88353.93,88700.0,88273.0,1745287200000,6256
94.61255759,88174.0344,88353.93,88072.33,88395.0,87954.0,1745288100000,6253
74.49838403000001,88063.8351,88072.33,87956.31,88226.78,87872.0,1745289000000,5165
71.92702515,88103.9165,87956.3,88095.0,88288.79,87847.0,1745289900000,5089
83.16040986,88033.032,88141.1,87902.91,88291.0,87769.0,1745290800000,5837
59.82973791,88025.6832,87911.9,88147.63,88184.79,87830.0,1745291700000,4169
43.74489774,88161.6228,88147.64,88251.07,88290.29,87999.0,1745292600000,3918
45.412336350000004,88156.134,88251.07,88169.95,88270.0,87987.0,1745293500000,3550
57.305991080000005,88266.708,88154.7,88223.82,88387.92,88069.0,1745294400000,4023
32.46895187,88225.4553,88218.92,88288.16,88335.21,88072.0,1745295300000,2916
41.559418120000004,88256.7702,88184.0,88278.91,88332.63,88120.0,1745296200000,3146
50.94928222,88139.2193,88242.2,88061.51,88297.25,87979.0,1745297100000,3213
49.4670157,88022.306,88055.7,87975.14,88179.72,87867.0,1745298000000,3263
36.53587452000001,88027.4443,87872.0,88031.0,88143.03,87871.0,1745298900000,2742
43.934414929999996,88248.2487,88096.2,88294.85,88355.3,88019.0,1745299800000,3257
42.31681898,88342.6803,88281.4,88384.7,88421.0,88160.0,1745300700000,2779
53.30931061,88310.5189,88384.7,88171.57,88462.18,88063.0,1745301600000,3565
39.343685529999995,88176.7653,88171.57,87993.0,88295.66,87978.0,1745302500000,2816
48.01592977,88047.0299,88085.6,88061.43,88149.8,87894.0,1745303400000,2938
36.84962294,88110.5317,88060.06,88253.83,88264.44,87917.0,1745304300000,2675
31.329496139999996,88224.7635,88237.0,88172.34,88276.51,88077.0,1745305200000,2239
26.391427840000002,88250.8136,88172.34,88296.64,88339.49,88077.0,1745306100000,2108
69.1449327,88391.5398,88296.64,88470.97,88495.0,88212.0,1745307000000,3314
41.90556660000001,88415.1366,88470.96,88485.65,88499.92,88284.0,1745307900000,2268
78.24264789999998,88528.883,88485.64,88553.75,88637.19,88370.0,1745308800000,3530
64.49362615000001,88529.3423,88553.75,88408.24,88691.99,88295.0,1745309700000,3176
32.77191356,88408.3311,88408.25,88379.14,88503.36,88268.0,1745310600000,2179
27.03583417,88390.8019,88380.82,88422.32,88450.55,88251.0,1745311500000,1925
27.419486080000006,88390.0408,88394.1,88354.77,88511.13,88260.0,1745312400000,2258
41.59526829000001,88365.281,88354.76,88541.58,88552.96,88240.0,1745313300000,2240
43.966231730000004,88489.1454,88541.58,88530.19,88572.32,88362.0,1745314200000,2066
36.767157319999995,88531.6125,88530.19,88583.53,88615.68,88380.0,1745315100000,2380
41.808007929999995,88536.99,88583.53,88600.01,88609.75,88384.0,1745316000000,2949
58.330734389999996,88389.7294,88600.01,88335.33,88600.01,88176.0,1745316900000,3477
31.783780869999994,88441.8063,88335.33,88535.74,88583.2,88207.0,1745317800000,2592
25.379846530000002,88501.9697,88535.67,88511.81,88569.56,88363.0,1745318700000,2499
81.02216001000002,88557.8632,88530.3,88533.17,88608.01,88421.0,1745319600000,3422
53.12642612,88607.333,88532.39,88637.33,88689.0,88445.0,1745320500000,3109
53.81037718,88573.6083,88637.32,88508.08,88679.3,88444.0,1745321400000,3415
92.50816181000002,88653.4428,88524.0,88626.65,88700.0,88444.0,1745322300000,3486
128.90766559999997,88653.0731,88652.1,88656.76,88700.0,88446.0,1745323200000,4231
130.70579902999998,88709.2666,88656.76,88812.28,88850.0,88515.0,1745324100000,5371
190.41444497,88756.1797,88812.27,88729.61,88946.5,88444.0,1745325000000,7638
374.13378525,88931.1078,88724.54,89015.52,89250.0,88571.0,1745325900000,9777
414.60578112999997,89321.0124,89015.52,89706.0,89723.66,88887.0,1745326800000,14108
478.56169518000013,89661.659,89706.0,89645.63,89886.47,89400.0,1745327700000,15789
1061.04743471,89912.1753,89641.2,90085.0,90234.3,89300.0,1745328600000,28061
1114.0271380899997,90241.9139,90193.09,90286.02,90541.74,89891.0,1745329500000,32484
460.0451369,90309.13,90217.8,90421.0,90522.52,89994.0,1745330400000,16897
536.2780266,90394.79,90522.53,90301.34,90600.0,90167.0,1745331300000,16470
727.2027193399999,90561.3934,90301.33,90764.59,90918.64,90059.0,1745332200000,18460
721.1176108299999,90823.703,90776.96,90855.55,91080.9,90565.0,1745333100000,18249
770.3754124200001,91239.7614,90869.0,91502.4,91520.0,90720.0,1745334000000,18783
658.2695964299999,91304.3681,91502.4,91000.0,91594.4,90884.0,1745334900000,13506
792.92769965,90777.7577,91077.02,90523.16,91129.84,90393.0,1745335800000,17495
614.1050892300001,90770.1455,90535.4,91031.65,91035.21,90427.0,1745336700000,13482
833.8081958799999,90941.244,91027.62,90900.0,91156.11,90722.0,1745337600000,24370
423.4526714799999,90810.0832,90897.29,90758.09,90945.34,90627.0,1745338500000,10566
354.83606096000005,90791.4868,90758.09,90883.27,90894.94,90631.0,1745339400000,9471
306.33789773,90803.991,90883.26,90737.2,90938.61,90617.0,1745340300000,9908
394.41271836999994,90948.7662,90749.93,90893.08,91128.1,90675.0,1745341200000,11151
361.10238913,90879.9637,90893.07,91001.61,91042.91,90641.0,1745342100000,16360
516.2865544699999,91280.9571,91002.24,91377.94,91487.0,90894.0,1745343000000,28499
556.46133861,91405.5742,91377.94,91493.67,91584.18,91166.0,1745343900000,20203
462.69882431999997,91495.7813,91499.0,91292.23,91750.0,91177.0,1745344800000,26334
347.87395477000007,91293.8449,91292.23,91280.48,91436.23,91110.0,1745345700000,19550
233.7057524,91316.0941,91280.48,91517.62,91523.32,91136.0,1745346600000,17487
257.67694629,91521.807,91517.62,91583.05,91616.34,91241.0,1745347500000,17377
367.08097688,91680.7107,91583.05,91636.25,91781.4,91447.0,1745348400000,19404
347.15695434,91653.5839,91636.26,91730.48,91745.26,91426.0,1745349300000,17087
391.03955209,91389.9209,91730.48,91291.34,91762.81,90859.0,1745350200000,19949
564.7185796299999,91442.7315,91291.34,91497.04,91600.0,91128.0,1745351100000,21663
308.00123790000004,91463.8056,91497.04,91371.65,91611.63,91185.0,1745352000000,17990
160.14200125,91349.2999,91371.66,91318.43,91481.43,91110.0,1745352900000,16444
114.31646962,91266.3207,91318.43,91268.39,91348.63,91085.0,1745353800000,15695
120.47131746000001,91201.4077,91268.4,91173.93,91274.81,91027.0,1745354700000,15927
86.99314446,91253.4426,91200.0,91278.0,91399.39,90990.0,1745355600000,15371
377.89213499999994,91580.2995,91278.0,91474.93,91977.95,91154.0,1745356500000,21834
345.0495029499999,91480.3783,91474.93,91667.1,91703.89,91071.0,1745357400000,24596
1025.4345077799999,92880.435,91675.62,93065.54,93952.62,91557.0,1745358300000,39482
598.3649790700001,92838.0597,93070.78,92781.0,93401.69,92470.0,1745359200000,28450
247.53499305000005,92932.8388,92887.1,92937.84,93120.0,92682.0,1745360100000,20848
265.66914762,92805.9168,92930.1,92777.26,93085.43,92544.0,1745361000000,18629
107.37118585000002,92782.1465,92777.43,92830.59,92930.58,92530.0,1745361900000,16443
200.93486213999998,93025.0822,92830.6,93198.94,93274.77,92677.0,1745362800000,13242
243.33749835999998,93325.6401,93208.74,93613.09,93736.58,92809.0,1745363700000,13056
247.48658973999997,93684.0862,93624.32,93548.21,93896.0,93372.0,1745364600000,11845
102.01383981000001,93525.4403,93558.86,93472.0,93716.31,93290.0,1745365500000,8049
159.98247534,93578.949,93486.57,93519.12,93839.06,93291.0,1745366400000,10101
211.91504176999996,93581.0421,93500.1,93350.0,93929.4,93160.0,1745367300000,12954
133.83321514,93238.4129,93350.0,93158.83,93459.51,92999.0,1745368200000,9362
147.85696603999997,92997.7325,93158.46,92939.25,93249.89,92703.0,1745369100000,11049
95.58876193,93145.1418,92789.0,93248.95,93535.54,92786.0,1745370000000,8881
72.3331957,93267.4338,93243.45,93321.32,93386.42,93040.0,1745370900000,6867
103.40963481000001,93074.7473,93321.32,93046.68,93337.59,92856.0,1745371800000,7865
194.71553333,92780.0777,93050.57,92670.9,93118.75,92527.0,1745372700000,10332
162.66976342000004,92787.6184,92670.29,92933.64,92938.68,92519.0,1745373600000,8169
142.93449393999998,93033.4773,92933.61,93030.67,93279.26,92760.0,1745374500000,7993
95.57973179999999,92907.2088,93024.85,92905.04,93038.98,92690.0,1745375400000,7198
78.99159331,92939.0163,92905.03,92893.96,93050.0,92730.0,1745376300000,6118
154.70572705,92791.2353,92900.0,92747.45,92900.0,92591.0,1745377200000,6755
167.78189566,92872.1132,92747.45,92928.0,92928.0,92613.0,1745378100000,5912
145.03178151999998,92980.5934,92928.0,93057.93,93144.53,92744.0,1745379000000,6187
64.13101977999999,93105.515,93058.5,93190.48,93247.5,92925.0,1745379900000,4747
92.17854670999998,93185.5737,93190.4,93191.68,93289.58,93005.0,1745380800000,5804
58.01026532999999,93105.5703,93191.84,93115.8,93247.21,92957.0,1745381700000,4825
59.28028731,93169.7808,93115.8,93202.4,93259.89,93000.0,1745382600000,4788
139.45941058,93450.1988,93202.4,93645.4,93725.12,93085.0,1745383500000,8206
131.51630822,93538.5079,93645.4,93489.43,93700.13,93332.0,1745384400000,7111
71.69305111,93449.0339,93489.42,93446.12,93551.1,93291.0,1745385300000,4437
101.6471071,93422.0047,93432.3,93368.1,93562.19,93220.0,1745386200000,5438
97.35138671000001,93494.8334,93361.2,93427.0,93596.8,93241.0,1745387100000,5455
91.39225512999998,93618.7979,93500.0,93750.0,93803.33,93380.0,1745388000000,6286
76.94415210999999,93782.4684,93738.8,93777.3,93900.0,93543.0,1745388900000,4619
68.24666894,93733.4681,93800.1,93579.0,93864.33,93552.0,1745389800000,4376
59.26363927999999,93662.5699,93670.04,93572.0,93767.2,93521.0,1745390700000,4376
69.0466445,93645.2454,93658.45,93538.59,93854.39,93426.0,1745391600000,4919
53.68871714,93526.244,93545.7,93572.61,93618.8,93421.0,1745392500000,4491
90.78432585,93794.8749,93572.62,93654.0,93951.99,93475.0,1745393400000,6252
205.57474273999998,94021.1156,93725.56,94152.05,94273.48,93631.0,1745394300000,9630
161.18775700999998,94116.9409,94152.05,94383.72,94449.0,93852.0,1745395200000,10665
193.62339054999995,94348.707,94382.8,94251.86,94500.0,94076.0,1745396100000,7542
64.11556296,94192.1741,94256.72,94190.0,94335.63,94048.0,1745397000000,4710
101.00770969,94324.4477,94308.0,94307.98,94463.68,94120.0,1745397900000,4680
66.20955549,94303.1316,94307.0,94361.3,94415.55,94208.0,1745398800000,4201
127.66865476000002,94255.2841,94361.4,94168.86,94361.4,94141.0,1745399700000,3889
121.98019537,94113.1717,94168.86,94078.66,94234.84,93980.0,1745400600000,4722
161.02814907,94000.1025,94078.67,93918.94,94160.5,93842.0,1745401500000,4602
279.3705858300001,93589.7303,93850.0,93444.4,93948.4,93227.0,1745402400000,10946
70.15956713,93572.5859,93441.56,93656.17,93705.58,93259.0,1745403300000,5415
83.54238124999999,93600.1852,93656.17,93592.69,93725.83,93413.0,1745404200000,4521
59.78827997999999,93643.1993,93592.7,93758.46,93779.94,93414.0,1745405100000,4607
39.212679300000005,93675.6195,93738.9,93664.61,93797.83,93501.0,1745406000000,4858
42.32575154999999,93697.516,93664.52,93648.75,93817.17,93480.0,1745406900000,4908
125.27930333,93540.4945,93648.76,93487.02,93710.8,93350.0,1745407800000,7194
79.99734592,93436.6848,93487.29,93484.6,93542.09,93256.0,1745408700000,5705
94.45652686999999,93672.2434,93484.6,93809.61,93870.35,93342.0,1745409600000,7044
78.76421396,93727.181,93809.59,93760.36,93830.27,93550.0,1745410500000,6236
73.69542797,93745.4176,93760.36,93667.9,93899.99,93523.0,1745411400000,5820
76.52243375,93753.4658,93668.09,93779.06,93826.88,93537.0,1745412300000,6399
140.15181967,93866.9718,93777.78,94000.8,94051.69,93640.0,1745413200000,8617
99.47272001,94039.9482,94000.8,94044.13,94189.89,93846.0,1745414100000,6088
973.5846896599999,93978.7332,94044.13,93503.17,94686.0,93315.0,1745415000000,33457
491.52713097000003,93515.0405,93503.0,93066.97,94070.84,92829.0,1745415900000,21492
396.67202995,93367.5997,93059.62,93341.25,93713.43,92851.0,1745416800000,17278
386.8596685000001,93046.7245,93343.26,93178.01,93378.02,92593.0,1745417700000,15707
317.6659753,93006.259,93178.04,93227.64,93270.03,92721.0,1745418600000,12277
255.79422706,93039.8931,93172.9,92951.94,93246.14,92871.0,1745419500000,9754
367.1512987400001,92775.4365,92981.2,92670.03,92981.2,92561.0,1745420400000,14073
518.6145725899999,92199.9959,92663.05,92165.2,92678.93,91902.19,1745421300000,21753
373.64004308000005,92361.653,92172.6,92608.54,92839.21,92012.0,1745422200000,13561
296.97151739,92859.0948,92608.54,93135.0,93268.16,92495.0,1745423100000,11688
280.11140542,93165.4671,93215.1,93175.56,93386.99,92938.0,1745424000000,12288
213.45536403,93107.2064,93175.57,93392.3,93403.67,92854.0,1745424900000,10287
345.86753653,93581.7007,93370.7,93585.8,93799.37,93260.0,1745425800000,12325
209.89196090000002,93684.422,93560.58,93667.0,93783.58,93521.0,1745426700000,10193
267.09759575,93811.7119,93660.57,93862.1,93977.81,93467.42,1745427600000,11553
178.30199452000002,93846.9224,93882.64,93795.97,93959.25,93697.0,1745428500000,8000
179.88443648000003,93734.3638,93800.44,93812.34,93919.03,93531.0,1745429400000,8655
145.43066306999998,93847.4484,93812.33,93928.56,93992.25,93654.0,1745430300000,7140
265.94775741,94063.9807,93914.6,94087.09,94276.48,93790.0,1745431200000,9199
292.90722422000005,94074.7797,94089.02,93926.86,94243.76,93850.0,1745432100000,9300
151.61314283,93870.3215,93938.9,93719.49,93998.49,93645.0,1745433000000,6863
74.67787486,93713.024,93719.5,93642.82,93805.38,93580.0,1745433900000,5723
301.4525642,93492.0961,93640.03,93303.77,93668.0,93263.0,1745434800000,8760
421.6853923300001,93203.3684,93303.78,93034.66,93431.96,92921.0,1745435700000,9655
451.14403358000004,93289.3659,93034.66,93453.87,93485.46,92949.0,1745436600000,9371
557.21308651,93536.7923,93453.88,93558.79,93704.68,93354.0,1745437500000,10632
91.32448818000002,93612.6263,93558.77,93698.87,93701.92,93486.0,1745438400000,5978
109.80445605999999,93849.7198,93698.87,93803.22,93944.92,93614.0,1745439300000,7076
90.59589174999999,93828.1079,93830.1,93741.56,93922.35,93657.0,1745440200000,5632
65.03793682,93720.5238,93741.55,93740.1,93797.31,93571.0,1745441100000,4227
127.30475245999999,93801.8975,93740.1,93901.66,93969.22,93571.0,1745442000000,5644
27.49544264,93828.5335,93901.65,93797.41,93930.49,93678.0,1745442900000,3232
54.37840883,93681.628,93797.41,93558.63,93859.37,93367.0,1745443800000,4680
64.42085870999999,93557.2129,93561.6,93515.2,93702.44,93273.0,1745444700000,4145
110.85007497999997,93428.7464,93532.52,93309.45,93578.19,93218.0,1745445600000,6048
104.79562728000002,93459.8465,93312.19,93462.93,93536.25,93241.0,1745446500000,4348
58.100679989999996,93584.5913,93483.9,93763.8,93768.47,93378.0,1745447400000,4657
45.73135210000001,93775.5402,93763.8,93836.0,93836.0,93663.0,1745448300000,4119
97.23706113999998,93783.0083,93770.0,93846.7,93898.99,93669.0,1745449200000,4760
47.09514666000001,93779.7322,93846.71,93750.44,93869.82,93633.0,1745450100000,3877
49.3240282,93675.0303,93750.43,93628.69,93758.2,93509.0,1745451000000,4072
43.299550110000006,93622.3612,93628.68,93740.92,93757.45,93489.0,1745451900000,3606
85.55242385,93614.8659,93677.0,93477.2,93843.15,93359.0,1745452800000,5222
60.781524069999996,93489.355,93373.0,93368.64,93699.57,93252.0,1745453700000,5235
63.79485756,93500.9684,93368.65,93679.75,93702.11,93221.0,1745454600000,4889
65.61385580000001,93522.1416,93679.76,93418.35,93703.98,93341.0,1745455500000,4545
81.81745098,93386.6608,93414.91,93278.34,93502.57,93172.0,1745456400000,5583
60.66972651,93206.6993,93278.32,93322.59,93325.1,93073.0,1745457300000,5514
43.540474599999996,93438.9251,93322.59,93489.5,93515.98,93235.0,1745458200000,4893
30.08408677,93550.5524,93494.16,93528.76,93665.52,93312.0,1745459100000,4312
46.59212386,93529.3898,93598.2,93613.03,93648.49,93331.0,1745460000000,4790
30.370193350000008,93558.0332,93623.67,93552.13,93669.79,93422.0,1745460900000,3872
54.68867023,93452.6424,93552.13,93282.74,93584.67,93221.0,1745461800000,4720
69.6076009,93209.1699,93282.74,93139.26,93355.0,93027.0,1745462700000,4990
63.12874248,93234.5406,93130.1,93171.0,93370.81,93066.0,1745463600000,4500
48.22416145,93254.5169,93171.41,93319.19,93319.19,93122.0,1745464500000,3945
94.33962876000001,93022.5436,93319.19,92870.86,93319.19,92826.0,1745465400000,5728
95.57038322999998,92825.638,92870.86,92697.64,93042.58,92632.0,1745466300000,5597
158.57556538,92640.1676,92713.0,92678.0,92869.4,92357.0,1745467200000,7730
84.62352217,92658.874,92678.0,92757.54,92838.49,92438.0,1745468100000,7170
33.89021707,92712.3998,92757.55,92657.31,92851.09,92546.0,1745469000000,4519
31.212676610000003,92720.0054,92657.3,92773.23,92809.66,92578.0,1745469900000,3471
40.82111707000001,92848.4315,92770.8,92883.82,92924.19,92726.0,1745470800000,3929
51.55598517000001,92688.2513,92883.83,92634.73,92919.66,92539.0,1745471700000,4114
26.106593680000007,92704.7384,92600.1,92682.8,92770.98,92574.0,1745472600000,3114
22.96299172,92686.6554,92704.0,92608.14,92773.2,92573.0,1745473500000,3216
30.85831427,92580.9487,92633.1,92542.5,92669.35,92465.71,1745474400000,3829
101.43974651000002,92437.7466,92542.5,92654.51,92671.47,92270.0,1745475300000,6581
35.489639280000006,92529.6152,92633.1,92420.75,92697.94,92417.0,1745476200000,3590
49.42824422,92457.9567,92420.73,92434.1,92564.57,92350.01,1745477100000,3784
78.26797031,92494.5361,92434.1,92631.98,92640.44,92319.0,1745478000000,5004
35.263722980000004,92455.2909,92631.97,92401.4,92663.09,92308.0,1745478900000,3631
50.19360168,92303.7592,92401.4,92285.25,92484.59,92182.9,1745479800000,3973
54.24378034,92179.1793,92284.93,92220.97,92284.93,92110.0,1745480700000,4180
113.37151645,92266.7807,92222.35,92128.23,92383.53,92110.0,1745481600000,3993
174.84638714000002,92100.0671,92166.0,91891.13,92231.25,91883.55,1745482500000,5186
103.53669132999997,91941.3994,91893.68,91893.49,92199.41,91773.83,1745483400000,6082
109.80543872,91870.7446,91866.1,92040.04,92087.3,91685.18,1745484300000,5611
82.19930023,92175.2131,92039.2,92300.14,92317.44,91988.06,1745485200000,4554
73.24937814,92374.6273,92298.51,92396.72,92567.22,92286.98,1745486100000,4068
35.69855212,92406.4671,92396.72,92354.51,92600.0,92328.39,1745487000000,2872
31.31543293,92356.421,92356.33,92487.7,92506.92,92258.98,1745487900000,3442
38.57319325,92480.6914,92487.78,92440.48,92537.71,92376.7,1745488800000,3183
31.509916699999998,92540.2005,92440.48,92570.43,92623.24,92435.9,1745489700000,3424
35.22518534,92524.3422,92570.43,92640.82,92668.98,92419.58,1745490600000,3337
38.927341049999995,92595.7218,92640.83,92571.72,92681.26,92467.41,1745491500000,3574
35.672410400000004,92453.0766,92565.8,92376.06,92591.0,92313.2,1745492400000,3557
24.13826285,92357.353,92376.06,92460.32,92463.72,92292.02,1745493300000,3342
78.66740708,92441.4544,92460.31,92490.26,92626.85,92307.9,1745494200000,5043
34.41229967,92582.6773,92490.25,92648.58,92668.6,92489.0,1745495100000,3555
82.39008880999998,92572.7067,92631.7,92640.76,92708.94,92450.03,1745496000000,5700
204.23535821000002,92643.4976,92592.5,92607.61,92765.22,92528.0,1745496900000,7747
168.45989224,92724.1388,92612.52,92695.02,92841.73,92515.0,1745497800000,7218
127.97511418,92721.3129,92695.03,92818.56,92819.9,92618.46,1745498700000,5256
234.21900140000005,92787.8365,92818.55,92799.1,92863.12,92684.82,1745499600000,8265
140.23661084999998,92814.0608,92799.1,92763.4,92870.69,92753.0,1745500500000,5339
432.49990475999994,92901.4071,92763.4,92889.51,93055.08,92592.0,1745501400000,14489
397.84128861,92718.1866,92889.52,92867.47,92960.31,92595.1,1745502300000,11474
404.76713634000004,93117.326,92809.0,92846.95,93330.0,92697.95,1745503200000,14134
207.45388581,92833.7501,92846.95,92876.02,93011.41,92658.67,1745504100000,8972
203.23998303,93043.5397,92876.02,93173.25,93229.84,92835.2,1745505000000,9069
182.66260667999998,93244.4162,93141.4,93145.64,93452.55,93001.0,1745505900000,8652
129.54936341,93329.1021,93104.8,93341.48,93526.09,93050.0,1745506800000,7605
107.1742154,93307.3042,93341.48,93176.51,93472.03,93167.59,1745507700000,7293
104.03902802999998,93298.0282,93176.52,93302.3,93403.85,93109.98,1745508600000,6474
134.14126151,93295.6099,93302.3,93247.4,93393.07,93194.0,1745509500000,6892
182.52589553,93398.6866,93266.7,93529.39,93545.04,93233.0,1745510400000,7334
206.3708883,93532.4055,93524.76,93578.01,93614.49,93439.0,1745511300000,8564
177.12213088999997,93583.9751,93523.0,93564.67,93655.56,93509.0,1745512200000,7367
142.61320326,93536.6887,93569.83,93401.73,93634.68,93394.9,1745513100000,6442
130.01643602000001,93258.3834,93401.74,92981.0,93491.33,92981.0,1745514000000,6276
138.0586941,92990.1861,93059.6,93080.98,93149.99,92812.75,1745514900000,7332
111.38939196,92971.0526,93074.83,92812.34,93152.19,92748.0,1745515800000,5754
145.49474354,92851.0955,92812.34,93029.0,93073.5,92708.0,1745516700000,6515
84.92127463,93171.704,93050.41,93372.83,93399.98,93009.0,1745517600000,5414
115.65574095,93330.3648,93372.84,93267.18,93446.97,93193.0,1745518500000,6468
96.49077969000001,93292.6049,93267.19,93324.04,93357.21,93203.7,1745519400000,6099
87.57789981000002,93413.557,93324.05,93423.06,93510.64,93292.17,1745520300000,5486
178.85323594,93381.5598,93423.07,93277.06,93492.98,93235.93,1745521200000,5921
171.68706225999998,93407.9646,93277.06,93537.44,93575.29,93249.0,1745522100000,6071
478.10395972,93621.0127,93537.45,93644.83,93684.1,93519.0,1745523000000,7477
508.10783663,93671.0428,93644.83,93618.4,93769.05,93555.36,1745523900000,7549
289.75886656,93570.8421,93602.0,93505.05,93752.05,93491.6,1745524800000,6015
71.81275168,93458.1313,93494.64,93500.55,93522.13,93369.6,1745525700000,3973
90.84553657,93453.1782,93500.55,93472.7,93509.46,93344.2,1745526600000,5216
124.84860501,93541.44,93472.71,93459.86,93634.3,93431.09,1745527500000,6615
83.25518231000001,93560.9517,93500.0,93599.88,93637.28,93408.42,1745528400000,4505
76.52107649000001,93401.7702,93599.73,93219.86,93629.71,93071.0,1745529300000,5098
50.90225105,93297.3303,93220.12,93265.02,93459.03,93146.0,1745530200000,5411
47.283864050000005,93352.0324,93265.02,93400.02,93402.97,93251.5,1745531100000,3704
74.9671253,93464.1552,93377.5,93547.14,93585.42,93332.47,1745532000000,4815
67.90473845,93573.7363,93547.14,93581.14,93620.02,93484.9,1745532900000,4239
64.63183696,93573.7506,93571.0,93490.94,93649.25,93470.4,1745533800000,4392
50.341227270000005,93452.7468,93490.93,93485.17,93517.9,93356.36,1745534700000,3858
83.95542081,93522.8143,93485.17,93567.66,93603.93,93422.52,1745535600000,4530
120.09119257,93617.6274,93567.66,93723.54,93778.4,93498.0,1745536500000,5100
248.19434239999998,93915.5132,93723.55,93919.5,94061.02,93678.0,1745537400000,9312
58.6512022,93926.5637,93919.5,94021.96,94031.54,93824.0,1745538300000,4119
129.08102895,93841.8438,94000.0,93750.13,94061.9,93674.0,1745539200000,6117
71.52576094999999,93665.8773,93750.13,93701.75,93790.13,93561.0,1745540100000,4733
64.44798449,93886.3672,93701.75,93940.01,93964.0,93649.51,1745541000000,4363
46.59812446000001,93915.9914,93940.0,93950.55,93969.74,93811.0,1745541900000,4336
272.81155681,94282.9581,93902.0,94231.91,94499.52,93894.0,1745542800000,8378
86.44521776000002,93951.2313,94239.65,93751.9,94293.55,93691.0,1745543700000,6375
38.31199005,93785.2597,93733.66,93827.48,93867.74,93650.07,1745544600000,4013
29.68965573,93781.2993,93832.0,93707.7,93906.71,93687.3,1745545500000,3803
49.42309541,93718.6347,93701.78,93652.1,93924.86,93600.0,1745546400000,4577
94.77634474,93379.9125,93652.1,93370.25,93652.1,93200.02,1745547300000,5691
109.38302107999999,93299.648,93370.25,93290.32,93387.0,93106.25,1745548200000,5605
102.89970519,93093.3167,93278.77,93031.09,93365.93,92914.0,1745549100000,6385
64.67241815,93039.8026,93000.0,93151.52,93196.0,92880.01,1745550000000,4973
69.45003495000002,93125.6315,93151.52,93170.95,93249.72,92961.31,1745550900000,5400
40.913341130000006,93282.5757,93170.95,93345.59,93419.0,93157.02,1745551800000,3984
22.985341940000005,93367.7098,93345.6,93348.18,93452.0,93304.31,1745552700000,2961
45.84331544000001,93418.9077,93321.2,93504.05,93559.0,93289.73,1745553600000,4906
35.279098700000006,93404.976,93504.06,93252.01,93558.0,93250.06,1745554500000,3602
46.98893631999999,93174.4411,93252.02,93233.28,93321.0,93107.84,1745555400000,3485
27.79817723,93141.037,93233.29,93084.78,93257.0,93062.94,1745556300000,2723
33.28027202,93243.0074,93099.1,93360.89,93418.0,93040.97,1745557200000,3345
23.786816180000002,93391.2664,93361.15,93424.8,93462.61,93321.13,1745558100000,2906
22.35700418,93329.6368,93409.5,93283.0,93446.55,93272.46,1745559000000,2413
28.2216175,93284.5556,93283.0,93235.55,93361.71,93229.58,1745559900000,2862
40.5193182,93328.2768,93244.8,93368.29,93450.22,93225.06,1745560800000,3197
37.65829095000001,93302.0882,93368.29,93467.88,93483.99,93238.4,1745561700000,3432
71.36625382999999,93563.4587,93400.0,93581.69,93623.48,93399.9,1745562600000,3408
44.79521796000001,93580.2287,93581.69,93580.86,93651.0,93478.95,1745563500000,3338
265.51487404,93705.0974,93573.7,93630.45,93830.9,93573.6,1745564400000,4681
73.26720294999998,93608.3763,93631.89,93540.49,93705.24,93523.8,1745565300000,3510
148.26572506,93664.5258,93540.48,93722.56,93747.82,93529.0,1745566200000,5654
292.73103184999997,93756.804,93722.56,93820.2,93928.66,93588.88,1745567100000,8721
115.89601188,93774.0062,93812.1,93681.0,93945.57,93655.15,1745568000000,4263
109.74852328,93758.7667,93681.01,93841.56,93860.96,93647.1,1745568900000,3827
52.6073705,93770.2859,93841.56,93727.18,93845.82,93693.0,1745569800000,2495
48.84330086000001,93733.6635,93727.18,93716.55,93794.48,93681.15,1745570700000,2603
59.55521871000001,93673.734,93703.9,93712.31,93726.26,93614.47,1745571600000,3068
54.09929018,93661.2016,93712.31,93691.03,93712.31,93579.9,1745572500000,2278
57.1339413,93794.5894,93691.03,93749.76,93917.21,93671.4,1745573400000,3159
66.94578204000001,93796.1859,93749.77,93857.75,93910.11,93687.9,1745574300000,3446
77.62699177000002,93800.6464,93857.75,93795.18,93907.61,93730.53,1745575200000,3061
129.28853259,93851.4388,93795.18,93726.12,94026.4,93702.08,1745576100000,5599
120.65299411999999,93703.8639,93726.11,93711.4,93785.5,93637.21,1745577000000,4140
65.51347218000001,93663.7668,93711.4,93678.47,93795.75,93611.3,1745577900000,3597
70.60171464999999,93866.0227,93678.47,94061.41,94061.41,93656.4,1745578800000,4084
169.4754757,94101.4511,94061.41,94226.94,94249.99,93993.12,1745579700000,5973
86.29618172,94246.2995,94222.32,94282.81,94338.21,94116.01,1745580600000,4616
220.55224026,94512.7694,94281.42,94677.3,94699.99,94258.8,1745581500000,7051
583.6386988000002,94808.2994,94677.29,94849.74,95044.62,94566.9,1745582400000,15057
262.21846107,94742.3379,94848.12,94515.17,94999.0,94395.9,1745583300000,9917
163.09352602999996,94736.7421,94441.9,94828.19,94875.0,94437.52,1745584200000,6729
187.59868230000004,94635.9218,94828.18,94475.1,94909.01,94314.0,1745585100000,7398
141.98451414000002,94456.7043,94463.88,94370.25,94672.22,94293.71,1745586000000,8225
130.32249244,94401.5392,94370.26,94254.72,94562.39,94240.46,1745586900000,5396
214.95922212000002,94372.0176,94261.14,94517.68,94633.47,94000.0,1745587800000,10950
286.33811396,94557.6527,94515.22,94461.39,94761.58,94299.52,1745588700000,10961
897.15320772,94920.1313,94461.4,95401.91,95428.98,94440.58,1745589600000,23145
908.41561777,95037.4179,95337.6,94836.05,95396.2,94651.0,1745590500000,20253
881.5075697999999,95005.8158,94836.06,95424.18,95458.26,94637.0,1745591400000,20624
1067.40683444,95604.2171,95349.6,95564.9,95976.34,95191.0,1745592300000,23220
401.48979936,95567.4522,95565.03,95623.81,95867.35,95364.0,1745593200000,13711
580.3841617800001,95520.0286,95623.81,95403.97,95650.0,95319.3,1745594100000,11365
514.77253258,95238.507,95403.97,95066.04,95536.95,94854.0,1745595000000,11931
367.04158099000006,95145.5994,95066.03,95172.63,95246.37,95007.0,1745595900000,7906
295.62353525,95131.874,95162.5,94991.0,95339.0,94991.0,1745596800000,7690
148.33772596999998,94962.7373,94993.09,95179.42,95185.22,94803.86,1745597700000,7778
116.0451437,95280.5514,95179.42,95450.19,95467.71,95103.0,1745598600000,6743
126.41774518999996,95342.0789,95450.2,95305.64,95450.22,95263.17,1745599500000,7027
126.41033739,95448.1833,95304.04,95524.65,95570.0,95267.93,1745600400000,7237
129.10379558000002,95558.0662,95521.05,95489.05,95642.65,95438.2,1745601300000,8013
270.14172539000003,95104.5865,95489.04,94911.04,95500.1,94815.1,1745602200000,10108
311.78978606999993,94600.3201,94911.04,94588.5,94914.12,94398.8,1745603100000,10691
187.45731024000003,94731.504,94588.56,94766.11,94807.9,94568.0,1745604000000,7672
243.24364167,94884.7493,94766.1,94936.36,94981.32,94721.6,1745604900000,6221
386.06352187000005,95119.2862,94943.61,95293.84,95309.7,94894.0,1745605800000,7280
369.6323754,95183.5722,95293.85,95011.7,95373.26,94986.0,1745606700000,7151
471.37381983,95237.0646,95076.44,95129.17,95438.05,95000.0,1745607600000,7732
377.55043756,95108.6489,95129.17,95154.43,95218.41,94952.0,1745608500000,6446
230.19601403000004,95196.3291,95154.43,95243.17,95304.87,95052.0,1745609400000,6073
608.63730913,95270.8383,95243.16,95423.14,95460.1,95074.5,1745610300000,8243
125.36241009999998,95312.6515,95434.06,95172.25,95479.17,95101.0,1745611200000,4505
109.43464025,95116.4742,95172.24,95063.68,95204.62,94962.0,1745612100000,4277
100.44086028000001,95004.8351,95063.68,94878.65,95127.81,94849.8,1745613000000,4423
102.43141254,94980.5595,94878.64,94963.0,95087.74,94849.8,1745613900000,4528
77.10802555,95038.5424,94974.0,95029.67,95135.0,94889.01,1745614800000,4166
83.79873719,94871.2896,95029.67,94789.5,95052.85,94774.5,1745615700000,4756
108.31410152,94791.0479,94789.5,94822.1,94941.28,94716.0,1745616600000,5184
85.00882324,94681.1394,94822.1,94685.5,94891.18,94551.26,1745617500000,4990
45.91039839,94816.6029,94685.6,94886.46,94904.95,94656.0,1745618400000,4810
30.6579859,94903.1225,94886.46,94919.4,94989.28,94787.0,1745619300000,4732
32.16993316000001,94997.37,94929.7,95030.67,95052.71,94899.9,1745620200000,3919
38.88829931,94975.4091,95033.15,94911.4,95065.39,94874.0,1745621100000,3740
39.90098443,94969.3523,94911.5,94916.17,95057.81,94832.0,1745622000000,4787
31.363401810000003,94805.5248,94916.16,94803.17,94951.2,94691.0,1745622900000,4841
36.411933860000005,94746.9744,94801.4,94830.06,94852.2,94677.0,1745623800000,4941
38.80131814,94740.9376,94830.07,94717.1,94843.95,94663.0,1745624700000,4804
31.0756519,94806.0471,94717.2,94837.5,94878.36,94683.0,1745625600000,5454
25.462969039999997,94825.2304,94858.23,94776.32,94883.11,94710.01,1745626500000,4912
37.909078199999996,94713.2938,94776.32,94631.0,94808.73,94610.57,1745627400000,5228
66.70380390999999,94907.9754,94618.12,94942.0,95000.0,94604.22,1745628300000,5795
25.594875799999997,94945.7751,94950.69,94949.9,95030.38,94808.2,1745629200000,3884
44.29643829,95073.4671,94947.37,95081.11,95160.28,94897.78,1745630100000,4689
27.4827979,95173.9437,95077.73,95113.1,95273.52,95077.73,1745631000000,4953
33.83880861000001,95105.8053,95104.48,95070.22,95179.36,95050.0,1745631900000,4388
40.17493561999999,94936.4842,95070.21,94830.32,95075.3,94815.0,1745632800000,4201
38.05078664,94869.481,94830.32,94937.66,94964.63,94757.97,1745633700000,4075
30.712877909999996,95040.6912,94937.66,95143.9,95217.98,94895.0,1745634600000,4049
16.6491719,95087.1999,95145.26,95049.82,95145.53,94999.38,1745635500000,3555
18.01780166,95036.7154,95104.3,95039.9,95119.45,94960.07,1745636400000,4363
20.59561681,94893.8338,95054.9,94847.86,95054.9,94807.41,1745637300000,3859
16.62325731,94807.4975,94856.1,94785.64,94856.1,94779.9,1745638200000,3369
19.08262656,94799.8623,94787.03,94780.15,94849.9,94755.52,1745639100000,3029
19.258756270000003,94798.0475,94780.15,94773.44,94880.1,94748.04,1745640000000,2910
26.305244450000004,94705.1402,94773.45,94667.76,94802.0,94641.4,1745640900000,3089
22.29024298,94634.068,94663.0,94660.1,94729.14,94579.87,1745641800000,2938
25.504385249999995,94634.6425,94729.14,94575.77,94751.33,94531.08,1745642700000,2966
28.609862639999996,94607.7927,94604.8,94551.81,94690.72,94541.04,1745643600000,2939
56.172586210000006,94522.021,94551.8,94603.71,94632.36,94420.0,1745644500000,3526
14.032312679999999,94641.7604,94590.0,94670.22,94736.53,94588.71,1745645400000,2956
16.50865199,94683.1627,94600.5,94660.84,94751.37,94600.4,1745646300000,2335
9.991714439999999,94677.6238,94708.1,94740.12,94762.0,94624.75,1745647200000,2145
8.81671545,94677.8897,94740.11,94645.84,94740.12,94628.33,1745648100000,1828
13.765153210000001,94678.8787,94649.5,94668.27,94739.3,94641.66,1745649000000,2175
34.147731330000006,94701.673,94668.96,94670.26,94787.0,94649.31,1745649900000,2240
11.94426615,94696.7701,94681.0,94747.59,94754.1,94659.06,1745650800000,1921
7.71563733,94751.5922,94747.59,94740.73,94794.73,94701.0,1745651700000,1765
48.68791494,94783.1229,94740.73,94832.74,94856.35,94687.25,1745652600000,2984
95.30790793999999,94723.0529,94830.74,94623.38,94832.41,94613.48,1745653500000,4633
26.401963310000003,94582.6912,94672.1,94638.65,94672.1,94452.1,1745654400000,2947
22.14850769,94663.7023,94647.51,94687.94,94767.84,94556.5,1745655300000,2815
54.70455537,94511.6511,94687.95,94430.79,94719.66,94392.64,1745656200000,3405
62.18921757,94394.6302,94430.79,94352.91,94464.0,94305.1,1745657100000,3531
37.702504860000005,94355.0081,94372.3,94388.1,94399.36,94250.0,1745658000000,2828
28.104803879999995,94363.0673,94388.34,94293.55,94468.23,94276.87,1745658900000,2215
49.19487346,94274.4156,94293.55,94218.9,94336.0,94165.0,1745659800000,2753
24.438458139999998,94207.4054,94217.2,94311.8,94344.0,94157.1,1745660700000,2169
17.22975305,94321.5622,94285.6,94294.82,94419.0,94177.83,1745661600000,2301
32.073690670000005,94276.7643,94294.81,94316.02,94429.0,94235.7,1745662500000,2014
11.209488280000002,94354.8137,94316.03,94421.79,94426.0,94266.58,1745663400000,2156
18.80037028,94302.777,94393.0,94242.52,94447.0,94224.1,1745664300000,2359
31.71791555,94210.1504,94227.9,94198.19,94312.0,94182.37,1745665200000,2693
24.75083999,94224.9792,94198.1,94171.44,94311.0,94151.3,1745666100000,2652
78.13412952,94178.8433,94256.0,94092.21,94296.0,94042.3,1745667000000,3804
43.40503958000001,94143.1992,94092.47,94178.17,94274.0,94023.66,1745667900000,2983
28.654711689999996,94234.2097,94168.0,94256.36,94387.0,94137.24,1745668800000,2799
20.297773619999997,94303.0,94256.36,94337.69,94422.0,94207.69,1745669700000,2406
21.729077110000006,94287.2363,94319.2,94269.6,94414.0,94218.79,1745670600000,2414
18.80492695,94259.6786,94269.6,94284.9,94370.0,94150.1,1745671500000,2695
21.145561060000002,94293.403,94284.9,94270.16,94400.0,94204.01,1745672400000,2632
25.094443689999995,94190.1529,94270.15,94150.0,94331.0,94100.0,1745673300000,2909
64.42702384,94116.6795,94146.0,94013.16,94258.0,94000.0,1745674200000,4304
145.13743846000006,94051.3198,94141.0,94123.0,94269.0,93903.01,1745675100000,5279
46.81788256,94116.039,94123.1,94066.74,94316.0,93950.0,1745676000000,4148
28.550019150000004,94062.7877,94064.59,94146.36,94245.0,93943.07,1745676900000,3620
21.71111884,94178.9128,94244.0,94236.74,94350.0,94082.88,1745677800000,3459
15.87443044,94262.5668,94245.1,94273.14,94381.0,94210.02,1745678700000,3655
44.92562221000001,94366.1674,94282.9,94369.06,94485.0,94267.5,1745679600000,4184
27.88224758,94343.9915,94369.05,94421.65,94499.0,94213.1,1745680500000,3783
32.7275538,94355.2179,94400.0,94297.46,94499.0,94280.65,1745681400000,3352
16.197756160000004,94380.8143,94297.46,94410.01,94509.0,94274.69,1745682300000,2977
48.863510850000004,94345.2191,94414.4,94301.74,94479.0,94285.88,1745683200000,3475
15.25585817,94329.5933,94301.74,94354.4,94439.0,94274.91,1745684100000,2975
83.04115755999999,94218.5073,94376.62,94192.25,94438.0,94058.1,1745685000000,5206
32.05313736000001,94289.4325,94198.68,94330.92,94456.0,94149.7,1745685900000,4359
18.6650125,94333.7841,94330.92,94299.59,94438.0,94272.14,1745686800000,3085
17.921908050000003,94344.3784,94299.59,94361.99,94449.0,94259.01,1745687700000,3203
19.710551380000002,94362.7077,94361.98,94384.8,94466.0,94310.28,1745688600000,2737
16.12232062,94367.6277,94384.8,94366.62,94461.0,94338.44,1745689500000,2635
19.47408574,94362.3237,94355.0,94301.93,94466.0,94290.78,1745690400000,2921
18.53535098,94322.878,94301.93,94371.8,94454.0,94267.42,1745691300000,2838
17.82020746,94351.2294,94371.8,94284.96,94441.0,94276.76,1745692200000,2888
46.53832164,94240.9867,94284.96,94196.4,94377.0,94152.28,1745693100000,2945
36.917030319999995,94194.6685,94196.39,94200.8,94293.0,94137.53,1745694000000,3049
19.72182086,94234.1571,94200.8,94266.08,94297.0,94174.17,1745694900000,2730
29.2922671,94280.0411,94273.21,94308.31,94381.0,94226.01,1745695800000,3157
44.043760980000016,94290.4809,94308.31,94336.37,94425.0,94250.03,1745696700000,2883
40.142267489999995,94378.0474,94334.8,94303.26,94449.0,94290.54,1745697600000,2974
24.90843873,94290.4263,94303.25,94281.5,94367.0,94250.0,1745698500000,2383
36.34814009,94265.5161,94281.49,94266.99,94332.0,94225.59,1745699400000,2999
62.56055628,94232.4018,94266.99,94137.54,94327.0,94126.42,1745700300000,3378
20.23345346,94252.76,94171.1,94310.7,94318.18,94137.54,1745701200000,2338
32.21288098000001,94298.9832,94310.7,94324.0,94403.0,94222.0,1745702100000,2621
19.006892640000004,94344.7877,94323.0,94388.47,94409.0,94254.3,1745703000000,2900
12.44274175,94381.4095,94388.47,94403.05,94421.0,94345.61,1745703900000,1985
42.14373287999999,94528.3892,94385.7,94624.08,94632.01,94385.7,1745704800000,3686
38.1002996,94660.1472,94624.08,94694.59,94770.0,94543.07,1745705700000,3898
26.228748550000002,94714.5329,94690.0,94813.97,94833.22,94655.58,1745706600000,2811
33.441754710000005,94776.5606,94813.97,94836.88,94845.0,94677.12,1745707500000,3075
28.74059435,94844.7278,94799.0,94734.59,94937.95,94734.59,1745708400000,3687
20.660701890000002,94776.4869,94734.6,94782.7,94832.52,94694.69,1745709300000,3318
37.899955610000006,94682.1621,94782.7,94667.56,94804.0,94602.06,1745710200000,3703
27.472951809999998,94647.5593,94667.56,94666.64,94694.0,94604.71,1745711100000,3303
45.84641582,94711.038,94663.5,94830.02,94894.0,94618.93,1745712000000,3537
68.00080005000001,94937.0949,94829.83,94988.9,95049.0,94807.37,1745712900000,4354
32.569633689999996,94922.9703,94988.9,94980.0,95017.0,94855.36,1745713800000,3634
33.294711209999996,94944.2552,94960.7,94909.29,95023.0,94858.5,1745714700000,3183
100.68041783,95019.2266,94909.28,95152.56,95300.0,94850.01,1745715600000,5327
115.30130443999998,94969.0691,95143.76,94769.44,95369.0,94644.11,1745716500000,6825
69.38655642,94456.4557,94765.71,94571.26,94809.0,94284.39,1745717400000,5285
52.97641065,94302.1781,94571.26,94169.51,94606.0,94084.88,1745718300000,4415
25.65763906,94252.9111,94169.52,94440.37,94468.0,94097.84,1745719200000,4110
19.43474901,94420.9441,94440.37,94379.97,94527.0,94343.8,1745720100000,2951
9.941836209999998,94389.5668,94379.98,94360.37,94489.0,94310.68,1745721000000,2458
11.86447714,94308.1311,94350.0,94384.22,94390.0,94211.44,1745721900000,2691
19.377950799999997,94399.2033,94339.0,94376.86,94499.0,94303.91,1745722800000,3578
10.795885949999999,94306.9978,94376.86,94250.0,94482.0,94184.0,1745723700000,3169
27.61478877,94278.2916,94249.99,94305.93,94346.0,94196.65,1745724600000,3144
17.65986192,94252.5814,94299.86,94193.66,94340.0,94159.6,1745725500000,2813
20.326746160000006,94219.0786,94160.5,94249.9,94327.0,94156.99,1745726400000,2511
19.434598890000004,94275.6321,94312.88,94246.72,94337.36,94234.94,1745727300000,2252
30.05101747,94172.4689,94246.71,94132.3,94296.0,94115.6,1745728200000,2268
34.741672599999994,94105.0695,94132.3,94100.0,94196.0,94029.59,1745729100000,2469
31.86634589,94097.973,94100.1,94067.37,94201.34,94014.11,1745730000000,2674
184.11960423000002,93919.1184,94067.37,93823.02,94171.56,93695.73,1745730900000,5737
39.86577920999999,93886.8567,93837.9,93964.7,94030.0,93680.0,1745731800000,3594
49.08826767000001,93981.2065,93953.1,93945.98,94041.0,93891.08,1745732700000,3056
10.793394760000002,94033.3269,93970.1,94044.56,94095.0,93921.04,1745733600000,2233
48.92559621000001,94011.8696,94044.56,94032.76,94140.0,93957.85,1745734500000,3006
14.860145409999998,94012.2185,94032.76,93980.62,94075.0,93954.67,1745735400000,2186
9.61144427,93997.5021,94033.1,94049.07,94091.0,93890.77,1745736300000,1997
17.87853853,94044.2018,94044.1,94018.9,94165.0,93953.91,1745737200000,2432
8.58784105,94098.3667,94027.21,94126.27,94180.0,94018.8,1745738100000,1776
9.635380979999999,94108.525,94126.27,94072.5,94196.0,94054.56,1745739000000,1615
14.96517467,94126.2133,94072.6,94094.01,94214.0,94037.78,1745739900000,2255
10.359405,94126.4804,94104.5,94183.53,94249.0,94043.25,1745740800000,2110
18.13758013,94213.401,94183.53,94230.36,94329.0,94129.73,1745741700000,2512
18.951414160000002,94237.6434,94230.35,94286.21,94299.0,94158.43,1745742600000,2325
20.54723473,94292.3855,94286.22,94239.16,94368.0,94215.92,1745743500000,2286
12.437023549999997,94192.398,94237.5,94144.82,94253.0,94133.04,1745744400000,2216
6.3479285700000005,94192.2618,94144.08,94146.12,94239.0,94138.63,1745745300000,1817
13.35072871,94198.2621,94146.12,94256.8,94256.8,94135.37,1745746200000,1932
17.217169140000003,94215.8387,94250.0,94185.67,94259.0,94144.1,1745747100000,1578
11.99411333,94175.5325,94185.67,94149.4,94214.87,94117.67,1745748000000,1725
9.663535520000002,94108.3921,94149.41,94051.08,94203.9,94038.06,1745748900000,1590
11.792186110000001,94022.0541,94096.1,94046.0,94096.1,93960.99,1745749800000,1887
17.48206572,94038.7165,94047.27,94076.26,94081.95,94000.0,1745750700000,1797
14.81475716,94036.9242,94073.1,93995.07,94116.35,93967.71,1745751600000,2269
16.129688950000002,93976.7067,93987.25,93954.0,94042.36,93897.7,1745752500000,2098
31.562440759999998,94008.0427,93953.0,93954.55,94083.97,93941.3,1745753400000,2568
12.947468269999998,93990.6487,93952.54,93981.0,94061.76,93938.91,1745754300000,2226
22.85951201,93917.4607,93970.1,93867.99,93981.0,93850.0,1745755200000,2188
40.683444269999995,93886.5351,93926.0,93809.98,93927.0,93800.01,1745756100000,2720
92.71010322000001,93827.5612,93901.0,93880.66,93917.03,93719.99,1745757000000,3697
81.88672254,93845.933,93880.66,93780.01,94023.17,93754.02,1745757900000,3834
133.96854128,93816.1752,93780.0,93877.96,93921.34,93621.5,1745758800000,4858
41.72396212,93843.9678,93877.96,93845.77,93984.0,93735.58,1745759700000,3091
38.10646072,93958.4533,93840.0,94002.41,94074.0,93822.63,1745760600000,2796
28.520110680000002,94053.4201,94040.3,94101.3,94144.0,93935.33,1745761500000,2845
22.421686130000005,94042.4454,94096.0,94035.9,94161.0,93965.26,1745762400000,3084
24.95676886,94120.6223,93989.5,94082.72,94230.0,93989.49,1745763300000,3005
11.13721497,94101.4577,94082.72,94047.3,94185.0,94037.86,1745764200000,2724
21.587966469999994,94027.2544,94100.1,94008.3,94114.0,93980.52,1745765100000,2780
23.260146990000003,93934.9307,94008.3,93901.12,94075.0,93869.09,1745766000000,3017
18.6285382,93950.9726,93901.12,93828.03,94021.0,93825.97,1745766900000,2669
11.847588099999998,93863.0376,93900.0,93906.38,93917.0,93824.5,1745767800000,2638
15.33858127,93940.625,93906.38,93937.11,93976.84,93889.0,1745768700000,2754
17.27956447,93924.0415,93952.2,93952.3,93985.0,93880.94,1745769600000,3207
38.41480918999999,93869.4522,93952.27,93872.46,93981.0,93811.03,1745770500000,3432
31.741168620000003,93827.2992,93870.86,93909.04,93925.0,93764.01,1745771400000,3607
26.32683924,93876.1525,93906.8,93911.66,93978.0,93742.1,1745772300000,3755
37.32271545999999,93950.1474,93895.2,94122.96,94179.0,93824.83,1745773200000,4643
16.13484245,94140.7257,94127.63,94085.56,94200.0,94054.96,1745774100000,3633
12.675436529999999,94066.2118,94085.31,94071.77,94149.0,94004.51,1745775000000,2926
13.66502189,94080.6865,94071.78,94076.94,94135.13,94023.35,1745775900000,2783
22.746346989999996,94110.6715,94076.94,94188.15,94209.0,94016.54,1745776800000,3802
34.0426391,94237.0805,94187.5,94205.0,94277.0,94162.8,1745777700000,3231
31.991060829999995,94318.849,94205.0,94399.71,94451.73,94205.0,1745778600000,3390
21.464783740000005,94363.6488,94399.36,94323.37,94424.69,94300.1,1745779500000,3527
19.076408299999997,94310.8786,94323.35,94285.71,94351.88,94274.25,1745780400000,3330
23.2800369,94312.366,94285.71,94372.04,94391.27,94230.05,1745781300000,3213
35.823889769999994,94393.0854,94371.78,94405.04,94463.47,94355.2,1745782200000,2907
35.18243814,94441.4981,94405.05,94462.84,94479.7,94398.9,1745783100000,3187
24.139782170000004,94407.2004,94438.6,94346.31,94475.0,94306.91,1745784000000,3952
13.238850909999998,94337.8463,94346.31,94321.67,94417.42,94273.0,1745784900000,3539
18.88763384,94358.4108,94321.66,94358.02,94400.02,94299.0,1745785800000,3805
21.6029505,94368.797,94358.01,94290.5,94425.52,94267.0,1745786700000,3634
31.35155812,94251.0502,94354.6,94230.15,94354.6,94200.0,1745787600000,4289
19.502825859999998,94308.5195,94227.91,94394.67,94399.53,94198.0,1745788500000,3797
55.449401999999985,94473.7238,94394.67,94536.03,94542.77,94358.0,1745789400000,3625
73.35993467999998,94481.9994,94536.02,94358.38,94588.54,94348.0,1745790300000,3111
114.55939781999999,94165.1096,94358.43,93949.5,94400.0,93920.7,1745791200000,5721
120.54530964,93954.1184,93949.51,93854.55,94053.48,93826.0,1745792100000,5454
92.94412025000001,93810.0786,93900.1,94003.42,94019.06,93672.88,1745793000000,5069
33.175456409999995,93984.5514,93998.1,93973.61,94049.89,93949.84,1745793900000,3351
49.86163502,93798.1253,93988.0,93737.54,93988.0,93720.77,1745794800000,3623
27.40665164,93817.8664,93739.67,93858.79,93898.7,93680.15,1745795700000,3708
23.089764040000002,93858.4778,93861.3,93751.93,93931.49,93736.14,1745796600000,3225
18.805847410000002,93784.1703,93751.93,93817.0,93846.63,93718.97,1745797500000,3129
358.60142128,93583.5661,93780.56,93451.31,93833.58,93306.12,1745798400000,8725
64.93486075999999,93532.1124,93452.86,93650.0,93684.0,93382.75,1745799300000,5285
73.11029589,93711.0512,93620.0,93642.46,93865.0,93574.65,1745800200000,4957
49.152760199999996,93495.4413,93648.64,93460.9,93712.0,93399.9,1745801100000,4049
186.93421767999996,93459.6867,93400.0,93443.0,93689.0,93231.86,1745802000000,6748
333.19265074999987,93263.0556,93444.0,93088.48,93446.0,93033.96,1745802900000,8571
372.94971545999994,93068.0674,93088.48,92937.14,93242.0,92842.77,1745803800000,9428
113.41505547,92944.1342,92937.15,92977.65,93173.0,92829.44,1745804700000,5533
132.22646278,93129.93,92971.1,93106.52,93420.0,92915.28,1745805600000,5710
72.26633208000001,93342.3898,93106.51,93418.64,93569.0,93072.06,1745806500000,5130
55.997602719999996,93527.9358,93418.64,93504.67,93729.0,93402.3,1745807400000,4365
47.4031376,93603.0226,93503.15,93649.58,93745.0,93475.1,1745808300000,3997
26.612072409999996,93578.2973,93626.2,93622.73,93775.0,93485.32,1745809200000,3591
41.75610103,93765.3497,93622.74,93760.1,93952.0,93609.7,1745810100000,3911
76.89894989000001,93898.1388,93771.32,93907.14,94135.0,93771.32,1745811000000,4386
39.923875550000005,93886.2186,93907.15,93884.88,94028.0,93837.54,1745811900000,2875
27.854182929999997,93981.4174,93884.87,94007.3,94132.0,93884.87,1745812800000,2844
46.541474120000004,94083.5996,94007.3,94204.03,94256.0,93958.7,1745813700000,3364
53.49925096,94108.278,94204.02,94085.48,94278.0,94063.88,1745814600000,2838
42.1405853,94086.4311,94085.48,94070.19,94209.0,94032.2,1745815500000,2852
49.16965733,94153.4299,94060.0,94171.75,94376.0,93984.5,1745816400000,3208
113.6811198,94245.7999,94173.06,94144.52,94424.0,94131.2,1745817300000,4147
73.11943737,94160.8033,94156.4,94211.92,94284.0,94069.63,1745818200000,3286
42.272236459999995,94244.0742,94192.4,94260.2,94354.0,94132.3,1745819100000,2726
59.192751470000005,94387.1737,94260.3,94384.5,94480.0,94260.3,1745820000000,3179
37.00585098999999,94428.4202,94443.03,94371.35,94522.0,94333.35,1745820900000,2480
51.45966729,94507.2561,94390.4,94555.5,94648.0,94371.35,1745821800000,2862
59.99887012,94569.4578,94599.34,94615.79,94731.0,94459.8,1745822700000,3528
63.702544290000006,94612.004,94620.1,94533.31,94738.0,94488.71,1745823600000,3401
47.630155189999996,94651.8248,94533.95,94704.11,94747.0,94533.95,1745824500000,3182
47.769294669999994,94761.1489,94704.12,94798.0,94863.0,94641.39,1745825400000,3342
38.967652089999994,94770.831,94798.0,94726.69,94868.0,94685.35,1745826300000,2798
42.72460145,94766.9316,94726.69,94758.21,94889.0,94645.33,1745827200000,3073
40.18364968,94809.2924,94763.77,94789.0,94897.0,94710.2,1745828100000,2227
39.81269124,94800.7188,94866.1,94769.74,94928.0,94742.56,1745829000000,2267
51.84055222,94715.1716,94769.73,94746.42,94829.0,94630.44,1745829900000,2720
109.86992931,94872.4869,94703.7,94717.0,94929.99,94703.7,1745830800000,3476
48.71964017999999,94792.3045,94717.01,94772.8,94857.0,94714.57,1745831700000,2659
52.971018189999995,94845.3076,94772.79,94879.89,94903.0,94725.2,1745832600000,2829
44.482038040000006,94818.4231,94879.88,94777.43,94891.0,94725.24,1745833500000,2892
109.12085333000003,94762.6874,94772.3,94705.57,94850.0,94575.41,1745834400000,4475
87.38646327999999,94574.0437,94710.35,94623.75,94752.31,94381.27,1745835300000,4691
176.61638572,94991.8089,94626.47,95222.42,95250.0,94621.1,1745836200000,7015
78.98634786999999,95155.2046,95222.42,95087.8,95250.0,95049.8,1745837100000,3976
133.84457656,95271.8949,95108.14,95289.94,95507.0,95029.93,1745838000000,6095
78.27278455999998,95401.7322,95293.39,95522.49,95540.66,95283.66,1745838900000,4210
99.1447386,95499.1275,95525.98,95458.51,95583.6,95399.27,1745839800000,5148
84.02977848,95339.0287,95458.5,95363.13,95494.52,95250.6,1745840700000,4465
65.8809095,95217.9156,95302.0,95166.14,95420.83,95099.15,1745841600000,4722
57.37984194,95275.3688,95225.6,95359.75,95364.7,95154.45,1745842500000,5347
87.70396027,95411.8152,95359.74,95561.73,95568.4,95269.73,1745843400000,5074
133.25043106,95493.355,95552.97,95378.84,95652.66,95317.0,1745844300000,5342
104.39365346999999,95370.3102,95427.8,95327.48,95555.0,95157.0,1745845200000,6253
98.72226962,95257.9575,95326.09,95115.94,95344.87,95089.5,1745846100000,5092
221.50535283,94854.7813,95153.9,94788.99,95242.3,94581.84,1745847000000,8679
360.56198515,94299.1884,94800.92,94001.3,94861.56,93949.0,1745847900000,10290
240.3654252,94317.102,94001.3,94557.5,94582.0,93871.74,1745848800000,9179
182.2857172,94721.2667,94557.49,94710.08,94965.11,94512.26,1745849700000,8973
195.46884235000002,94574.0216,94710.07,94672.2,94765.85,94421.31,1745850600000,6978
105.95974456999998,94620.5106,94672.2,94475.09,94815.91,94411.74,1745851500000,5756
92.84781668000001,94297.6992,94441.9,94190.96,94598.28,94084.11,1745852400000,6614
299.31286972000004,93895.6738,94192.43,93802.01,94247.0,93630.66,1745853300000,8352
227.10471334,93806.1327,93802.0,93791.16,93986.0,93612.8,1745854200000,8653
265.27367561999995,93737.4508,93791.15,93877.43,93898.0,93650.0,1745855100000,10067
136.03538763999998,93698.23,93869.13,93603.97,93908.0,93550.0,1745856000000,7252
170.2727018,93596.6392,93603.97,93752.83,93817.0,93477.0,1745856900000,6899
209.15520424000002,93932.1528,93752.83,94066.04,94101.0,93707.86,1745857800000,7421
106.55983574,93824.5602,94061.4,93770.41,94119.0,93679.64,1745858700000,5285
129.53699313,93795.7977,93770.38,93687.92,93987.0,93680.75,1745859600000,4931
197.36615465,93687.0511,93687.93,93611.49,93860.0,93573.02,1745860500000,5298
144.55516172,93703.2688,93611.48,93926.99,93965.0,93522.78,1745861400000,4861
137.66222204000002,94039.1065,93926.98,94117.78,94179.0,93910.25,1745862300000,5033
88.00676123000001,93971.4742,94128.2,93842.71,94195.0,93810.46,1745863200000,5012
32.140640049999995,93891.7385,93842.7,93923.36,94045.0,93805.0,1745864100000,4621
46.233047150000004,93988.0395,93923.37,94031.54,94125.0,93881.71,1745865000000,4228
79.79612566999998,94193.7203,94031.54,94228.02,94297.0,94027.24,1745865900000,4215
163.63858017,94487.3114,94209.2,94468.84,94714.0,94195.03,1745866800000,6681
103.01211419,94707.3828,94468.83,94720.59,94876.0,94444.0,1745867700000,6300
108.56181519000002,94862.0198,94720.58,94946.59,94967.0,94713.14,1745868600000,5867
158.04473540000004,94877.4413,94946.6,94813.63,94995.0,94790.21,1745869500000,6791
101.24822950000001,94676.1188,94813.53,94592.85,94888.0,94587.7,1745870400000,5117
43.877743869999996,94655.9185,94592.85,94696.02,94785.0,94561.5,1745871300000,4266
50.340709380000014,94600.2673,94696.02,94495.07,94749.0,94481.58,1745872200000,3859
46.79107372,94469.4516,94485.7,94498.19,94579.0,94400.41,1745873100000,3946
39.018783619999994,94498.3359,94519.7,94393.1,94603.0,94388.0,1745874000000,3451
23.51526863,94422.4809,94400.84,94423.81,94500.0,94382.48,1745874900000,3067
50.43949411,94398.1636,94423.8,94394.37,94488.0,94323.78,1745875800000,3745
30.24900166,94488.8918,94394.36,94575.31,94631.0,94360.01,1745876700000,3568
73.97199896,94625.34,94553.6,94663.59,94764.0,94511.23,1745877600000,4732
49.42958478,94598.8727,94663.58,94542.49,94762.0,94504.67,1745878500000,3798
25.970061790000003,94629.8908,94541.8,94665.99,94755.0,94506.6,1745879400000,3316
48.895761779999994,94831.7904,94661.23,94844.74,94944.0,94647.0,1745880300000,4355
101.77912861000003,94981.7712,94847.9,95000.0,95105.0,94813.63,1745881200000,4908
223.07145841999997,95029.5916,95000.0,95090.69,95169.0,94922.14,1745882100000,6203
65.3799656,95148.8446,95090.7,95138.17,95229.0,95066.32,1745883000000,5597
43.60706248,95043.135,95127.83,95042.57,95189.0,94954.95,1745883900000,5049
94.92608270999999,94980.2858,95042.56,94890.26,95084.0,94864.35,1745884800000,5353
55.57022010000001,94990.5449,94890.25,95071.63,95159.0,94851.12,1745885700000,4551
49.81481720000001,95101.8927,95075.68,95202.98,95238.0,94990.03,1745886600000,5180
91.12843907999999,95111.0079,95202.99,95089.95,95284.0,94959.63,1745887500000,5450
133.1387906,95231.3139,95089.95,95063.37,95459.0,95005.11,1745888400000,7338
82.19275378999998,94925.6389,95065.82,95047.63,95121.0,94756.41,1745889300000,5696
75.45258287,95224.0393,95047.62,95279.43,95385.0,94984.51,1745890200000,6196
127.16959821,95213.092,95279.43,94888.66,95482.0,94863.18,1745891100000,7025
84.37563301,94789.2586,94888.67,94854.43,94988.0,94641.5,1745892000000,6139
41.63987345,94794.273,94854.42,94857.63,94889.34,94670.49,1745892900000,4449
59.71699325000001,94893.9226,94851.05,94789.1,94998.0,94765.24,1745893800000,4884
76.52320304,94645.7935,94775.07,94645.79,94821.0,94534.06,1745894700000,4983
67.85831197,94582.6377,94672.0,94483.0,94757.0,94464.04,1745895600000,4281
39.474113179999996,94626.6868,94488.11,94674.07,94779.0,94483.0,1745896500000,3294
35.64552218,94714.9912,94677.46,94770.69,94798.0,94672.08,1745897400000,2640
35.851628940000005,94764.1398,94753.0,94684.01,94853.0,94652.3,1745898300000,2992
28.65391043,94685.2619,94684.0,94775.73,94833.0,94557.04,1745899200000,3325
30.75582835,94820.5288,94769.85,94880.48,94920.0,94723.19,1745900100000,3418
59.398760630000005,94685.9033,94880.47,94565.53,94935.0,94525.45,1745901000000,3883
94.67660844999999,94443.3203,94565.53,94393.06,94615.0,94334.5,1745901900000,4556
84.23178117,94345.2503,94385.6,94358.0,94441.0,94234.3,1745902800000,3872
24.90482563,94335.4983,94358.0,94378.36,94449.0,94249.46,1745903700000,2812
32.134386400000004,94338.8306,94375.1,94262.8,94466.0,94239.26,1745904600000,3143
25.83271541,94315.2835,94268.3,94312.93,94425.0,94251.16,1745905500000,2615
26.20496642,94477.8257,94299.6,94512.0,94562.0,94286.78,1745906400000,2694
23.722028939999998,94664.1126,94512.0,94703.9,94809.0,94502.1,1745907300000,2767
45.6085817,94677.8926,94704.0,94600.0,94834.0,94591.94,1745908200000,3190
54.89738664000001,94736.8898,94600.0,94814.53,94903.0,94599.43,1745909100000,3199
24.36948212,94785.0154,94813.1,94784.67,94898.0,94740.09,1745910000000,2147
37.56224594,94832.8983,94784.67,94922.29,94970.0,94759.4,1745910900000,2466
33.00965669,94879.8751,94922.31,94839.3,95000.0,94814.35,1745911800000,2293
45.72546928,94965.0492,94839.4,94956.23,95041.0,94819.23,1745912700000,2304
79.09502213,95009.2057,94990.0,95016.28,95083.0,94929.37,1745913600000,3036
87.90063265000002,95036.9943,95016.28,94990.16,95179.0,94918.97,1745914500000,3393
51.84152753000001,94917.801,94990.15,94909.6,95049.0,94851.5,1745915400000,2325
52.168256879999994,94968.3714,94911.38,95073.82,95122.0,94870.84,1745916300000,2485
66.47301562999999,95050.007,94981.2,94947.13,95155.0,94944.15,1745917200000,3026
71.98526220000001,94905.076,94947.13,94974.11,95023.0,94833.08,1745918100000,2810
47.061020330000005,94970.692,94974.11,94948.65,95041.0,94913.0,1745919000000,2387
66.01572902,94950.6561,94948.64,95029.84,95078.0,94856.17,1745919900000,2452
54.69312415000001,95034.2477,95000.0,95022.98,95098.18,94934.86,1745920800000,2699
26.70325731,94985.776,95022.98,94983.27,95112.0,94892.64,1745921700000,1778
43.22700333,94960.1688,94983.28,94915.49,95048.0,94875.01,1745922600000,2149
69.92927369,94844.0452,94910.77,94859.11,94961.0,94784.51,1745923500000,2998
52.828810159999996,95033.192,94830.4,95245.34,95286.0,94830.3,1745924400000,2957
110.23454865,95254.4551,95232.74,95272.82,95360.0,95153.8,1745925300000,4216
46.32232794,95138.537,95263.57,95058.4,95318.0,95045.1,1745926200000,3080
86.00403813,95160.7567,95074.49,95161.84,95234.0,95058.4,1745927100000,3408
29.173886709999998,95146.8694,95159.9,95122.17,95250.0,95090.49,1745928000000,3337
50.86690702,95069.0044,95122.17,94998.29,95194.0,94928.92,1745928900000,3315
42.11411267999999,94978.8324,95000.0,95086.96,95117.0,94870.3,1745929800000,3361
53.82275825999999,94908.1142,95086.97,94853.19,95119.0,94827.23,1745930700000,3847
66.22267307999999,94852.3676,94853.2,94820.13,94922.0,94742.35,1745931600000,4361
119.99718797000001,94745.6879,94820.13,94895.51,94935.0,94632.52,1745932500000,5840
101.33731642999999,94885.2362,94850.0,94861.81,95086.0,94716.95,1745933400000,5500
86.90830313000001,94844.9854,94861.8,94834.02,95030.0,94721.17,1745934300000,5132
157.17449864,94862.5629,94878.1,94936.82,95118.77,94567.5,1745935200000,8655
55.11054427,94815.3665,94936.82,94778.02,94956.78,94703.6,1745936100000,4612
103.14805802999999,95099.3589,94778.03,95182.64,95321.47,94728.77,1745937000000,5917
113.32511864000001,95138.6336,95182.65,95075.2,95231.0,94994.36,1745937900000,5522
62.88346608999999,95071.2557,95119.6,95000.64,95178.0,94949.47,1745938800000,5392
120.42870842,94861.7326,95000.64,94893.99,95068.0,94748.61,1745939700000,4955
162.55484935,94852.7597,94893.99,95008.08,95035.0,94776.78,1745940600000,4420
66.83574164000001,94938.38,95008.07,94859.76,95045.0,94819.05,1745941500000,4357
47.09289193,94905.1254,94864.3,94971.83,95000.0,94823.58,1745942400000,4348
113.26037440000002,95069.5753,94971.82,95170.36,95242.0,94922.64,1745943300000,5736
269.84950004,95375.4341,95170.35,95487.98,95508.0,95110.46,1745944200000,7990
153.94119969,95261.9166,95487.98,94992.92,95498.99,94940.6,1745945100000,6559
180.33571987000002,94873.4672,94984.97,95077.59,95169.0,94679.98,1745946000000,6714
103.30876026000001,95195.9896,95077.58,95244.44,95298.0,95045.31,1745946900000,5074
108.63196381000003,95192.8666,95244.44,95234.26,95278.0,95084.67,1745947800000,5428
140.22395558,95278.4067,95234.26,95273.6,95420.0,95101.94,1745948700000,5953
162.3753281,95306.9219,95257.0,95231.0,95505.0,95080.43,1745949600000,6804
99.24307089999999,95347.2763,95231.01,95444.27,95490.0,95163.81,1745950500000,5577
132.72935544,95430.5968,95444.28,95474.99,95505.0,95337.8,1745951400000,4939
94.57832301,95445.1126,95474.99,95437.64,95531.0,95308.01,1745952300000,4503
104.16550483999998,95411.9336,95437.64,95388.47,95499.0,95327.12,1745953200000,5615
102.35009851000001,95404.3241,95388.46,95362.54,95485.31,95308.03,1745954100000,4265
102.83396234000003,95305.0226,95362.54,95286.53,95418.9,95250.0,1745955000000,3998
90.20205041,95377.8888,95286.54,95347.0,95433.28,95269.35,1745955900000,4468
98.37793283,95300.8318,95349.42,95195.99,95445.0,95146.16,1745956800000,3480
180.36507034000002,95050.285,95195.99,94984.52,95195.99,94980.01,1745957700000,4087
43.279419790000006,94945.5848,94984.52,94932.8,95025.39,94850.01,1745958600000,4342
33.310601690000006,94910.6972,94967.06,94866.48,95024.48,94850.0,1745959500000,4148
69.55697468,94814.3471,94866.47,94704.29,95011.11,94677.01,1745960400000,5089
281.76961438999996,94566.4839,94705.2,94597.0,94728.0,94395.5,1745961300000,7021
115.8302485,94612.6131,94620.11,94704.17,94766.46,94444.6,1745962200000,6467
48.94715028000001,94661.4674,94701.81,94775.2,94800.56,94520.23,1745963100000,3891
142.43884597000005,94413.0718,94762.8,94266.8,94780.0,94253.3,1745964000000,6313
160.78718308,94240.4677,94300.9,94186.0,94421.0,94075.06,1745964900000,5336
43.61699337000001,94202.4107,94186.1,94120.02,94356.0,94100.0,1745965800000,4153
40.3537705,94230.4935,94120.02,94198.4,94379.0,94100.01,1745966700000,3741
330.86906317,94012.7639,94195.1,93841.03,94282.0,93761.26,1745967600000,8403
68.73096663,93897.8407,93841.03,93931.4,94118.0,93775.04,1745968500000,5879
68.70083134000001,94017.5513,93926.99,94106.05,94244.0,93901.2,1745969400000,4967
90.80096194,94229.7839,94092.4,94271.09,94464.0,94070.83,1745970300000,4481
58.676838350000004,94329.703,94269.7,94409.7,94557.0,94152.2,1745971200000,4314
52.24165126,94444.6553,94421.6,94419.95,94621.0,94364.73,1745972100000,4246
39.67963254,94566.9058,94419.96,94546.0,94759.0,94362.09,1745973000000,4527
24.25342121,94498.9621,94546.0,94577.32,94659.0,94396.99,1745973900000,3949
35.271988220000004,94504.1193,94577.32,94428.0,94712.0,94403.47,1745974800000,4031
47.98676452,94533.8549,94414.8,94619.98,94746.0,94375.48,1745975700000,3898
47.925886870000014,94560.6157,94619.98,94421.21,94733.0,94402.35,1745976600000,3749
34.270645359999996,94420.3624,94476.1,94565.43,94679.0,94306.92,1745977500000,3514
18.511990599999997,94569.4872,94536.9,94583.3,94757.0,94473.6,1745978400000,3003
43.62431463000001,94647.3249,94592.74,94544.16,94872.0,94510.0,1745979300000,3749
34.75371882,94583.074,94532.62,94733.15,94854.0,94494.9,1745980200000,3393
42.681002910000004,94744.9694,94734.78,94672.0,94923.0,94634.05,1745981100000,3289
36.79509931,94625.2378,94660.4,94628.53,94795.0,94515.55,1745982000000,3469
34.46293457,94710.2731,94628.54,94684.41,94852.0,94605.0,1745982900000,3340
26.21347748,94792.4035,94684.4,94782.51,94932.0,94684.4,1745983800000,3006
96.76101853,94999.1281,94782.5,95062.08,95233.0,94769.1,1745984700000,4774
78.64445539,95041.3488,95049.6,95038.34,95285.0,94945.64,1745985600000,4627
43.46982143,94977.3206,95038.33,94936.79,95169.0,94884.1,1745986500000,3797
25.50884106,94974.0573,94933.97,94932.78,95099.0,94907.6,1745987400000,2870
33.856362940000004,95017.1821,94932.79,95087.03,95172.0,94918.65,1745988300000,3362
29.64934677,95041.5023,95075.7,95076.71,95200.0,94958.98,1745989200000,3354
23.1181287,95090.505,95075.68,94997.43,95207.0,94989.9,1745990100000,2689
28.39326318,95039.012,95026.9,95031.53,95152.0,94979.44,1745991000000,2571
29.615037949999998,94954.6398,95000.0,94928.92,95116.0,94897.83,1745991900000,2537
23.376054200000002,94926.053,94914.9,94940.77,95027.0,94867.2,1745992800000,2172
40.15511345,94949.0541,94948.48,94971.9,95055.0,94892.02,1745993700000,2507
58.732151689999995,94850.9468,94971.9,94795.0,95044.0,94777.38,1745994600000,3337
28.84562193,94812.0667,94793.17,94779.45,94918.0,94766.03,1745995500000,2741
25.92763337,94819.1982,94769.2,94836.58,94935.0,94752.48,1745996400000,2676
22.376075249999996,94855.861,94841.59,94784.01,94956.0,94784.0,1745997300000,2300
34.13393276,94693.0517,94784.0,94636.0,94878.0,94592.1,1745998200000,3148
48.053428919999995,94589.2263,94600.11,94707.0,94721.0,94523.16,1745999100000,3235
33.350878439999995,94653.3573,94651.44,94742.93,94809.0,94574.2,1746000000000,2545
27.458906600000002,94735.522,94742.94,94550.01,94881.0,94550.0,1746000900000,2604
19.09126895,94611.2021,94550.01,94656.58,94704.0,94537.48,1746001800000,2075
20.131857070000002,94681.9768,94656.57,94737.25,94807.0,94590.0,1746002700000,2145
18.0420513,94772.4731,94697.2,94742.85,94844.0,94697.1,1746003600000,2110
26.07827323,94731.9502,94734.01,94717.0,94823.0,94691.31,1746004500000,2245
82.16650002,95000.1639,94804.49,95027.47,95091.0,94719.7,1746005400000,2477
33.913222780000005,94991.9973,95023.38,94997.52,95084.0,94939.34,1746006300000,2275
31.537651529999998,94935.6737,94987.0,94963.38,95047.0,94876.63,1746007200000,2213
15.95911913,94930.1631,94963.38,94950.61,94994.0,94889.0,1746008100000,1678
22.034280499999998,94965.5993,94950.6,95002.21,95020.96,94907.34,1746009000000,2051
34.51803774,95010.7943,95002.2,94972.01,95065.0,94929.59,1746009900000,2545
30.051847560000006,94999.8323,94960.0,95021.82,95039.78,94960.0,1746010800000,2846
66.0482549,95067.4495,95021.89,95129.8,95162.0,94955.38,1746011700000,3465
64.31786862999999,95138.341,95133.93,95126.16,95244.89,95094.56,1746012600000,3217
104.71725279999998,95158.4008,95128.73,95211.0,95263.74,95067.6,1746013500000,3373
62.38584685,95171.3751,95194.3,95184.44,95252.77,95075.42,1746014400000,3763
78.62654804000002,95060.6151,95178.93,94969.1,95226.7,94901.5,1746015300000,4795
291.8089649,94614.4906,94958.89,94515.39,95063.01,94368.44,1746016200000,9550
129.57612188000002,94529.4175,94523.72,94635.9,94719.0,94391.98,1746017100000,6234
233.40053308000006,94480.9936,94579.47,94304.9,94711.0,94276.16,1746018000000,7295
227.59780862999997,94426.6613,94304.9,94562.32,94767.0,94228.85,1746018900000,7165
625.27859028,94171.5015,94544.1,93924.81,94657.0,93711.0,1746019800000,14794
790.2141723499999,93623.8925,93924.81,93050.32,94139.0,93010.95,1746020700000,17841
444.7645561800001,93274.3475,93080.1,93432.79,93845.0,92911.88,1746021600000,15848
287.8949481,93739.3761,93432.78,94122.21,94409.0,93264.33,1746022500000,11524
227.84778468,94103.7248,94122.2,94305.0,94570.0,93850.0,1746023400000,9118
204.60058804000002,93864.6746,94157.0,93713.8,94301.0,93687.64,1746024300000,8364
169.97678894999999,93947.1161,93785.0,93970.14,94200.0,93701.37,1746025200000,7580
157.0972985,93846.5393,93970.14,93845.5,94216.0,93650.18,1746026100000,7126
90.93186917,93968.2459,93845.5,94105.43,94260.0,93778.35,1746027000000,5278
49.41688563,94021.799,94105.43,94001.08,94248.0,93915.01,1746027900000,4559
79.27549794000001,93916.6483,94020.1,93753.25,94167.0,93750.0,1746028800000,4986
98.24316026999999,93663.748,93753.26,93726.41,93944.0,93521.41,1746029700000,6045
87.47576468,93930.4247,93726.41,94089.18,94322.0,93705.3,1746030600000,5386
72.50531203000001,94029.5475,94089.18,93946.84,94296.0,93876.64,1746031500000,4471
52.55579506,93886.3785,93946.85,93812.12,94214.0,93745.05,1746032400000,4264
79.77375443999999,93917.3924,93812.12,94026.24,94179.0,93766.5,1746033300000,4387
118.19719234999998,94178.0097,94026.25,94278.01,94444.0,94000.01,1746034200000,4383
51.04377958,94172.3237,94278.01,94106.94,94421.0,94071.19,1746035100000,4183
186.87326491,94339.2691,94111.2,94359.83,94708.0,94054.0,1746036000000,7481
127.14419181,94319.7957,94353.02,94159.44,94610.0,94138.79,1746036900000,5355
56.11534844999999,94102.9622,94202.6,94060.79,94361.0,93984.38,1746037800000,4253
82.51847661000001,94111.8475,94060.78,94086.87,94338.0,94031.48,1746038700000,3399
87.60993999,94118.7914,94086.86,94103.39,94318.0,94026.0,1746039600000,3665
130.19063045,93930.8187,94103.3,93791.11,94254.0,93748.01,1746040500000,5050
142.63659403999998,93871.9528,93791.1,93955.32,94089.0,93765.38,1746041400000,4145
124.93636616000002,94113.3124,93955.31,94157.42,94400.0,93939.7,1746042300000,6146
132.75940058999998,94383.0008,94155.22,94633.62,94797.0,94104.88,1746043200000,7340
193.71915821,94593.6868,94632.3,94719.61,94837.0,94491.5,1746044100000,6515
52.43063147,94607.4866,94716.42,94612.18,94844.0,94523.28,1746045000000,4342
52.9462983,94636.0447,94612.19,94577.56,94809.0,94551.97,1746045900000,3782
60.26029483000001,94678.3705,94591.1,94595.48,94919.0,94490.0,1746046800000,4296
35.4729184,94661.8481,94595.48,94652.25,94778.0,94537.0,1746047700000,2651
81.12600652,94586.2244,94652.25,94555.0,94768.0,94501.52,1746048600000,4631
30.77877065,94500.2072,94501.53,94447.48,94678.0,94387.64,1746049500000,3244
122.79775130000002,94654.6097,94447.47,94598.87,94829.0,94404.2,1746050400000,6269
45.36339501999999,94537.4084,94598.87,94386.51,94704.0,94386.51,1746051300000,4287
113.18918658999999,94320.7727,94438.9,94294.3,94528.0,94251.43,1746052200000,5708
61.417854350000006,94147.312,94275.9,94150.61,94400.0,94057.75,1746053100000,4709
95.30810894999999,94185.0106,94120.1,94299.65,94397.0,94010.0,1746054000000,5794
51.30355969999999,94281.3678,94299.64,94285.9,94475.0,94167.6,1746054900000,5115
41.30448165999999,94249.8155,94273.0,94180.52,94439.0,94180.51,1746055800000,5065
38.37849986,94216.6819,94180.51,94182.54,94380.0,94140.1,1746056700000,4570
31.886407769999998,94252.8581,94182.55,94280.21,94442.0,94136.79,1746057600000,4791
47.07341411,94262.0704,94280.21,94304.31,94433.0,94177.55,1746058500000,4656
70.35695422999999,94270.5159,94304.31,94299.62,94429.0,94243.69,1746059400000,3465
67.69373508999999,94384.4917,94299.61,94419.68,94505.0,94285.9,1746060300000,3375
66.06609461,94537.8143,94377.7,94545.43,94699.0,94377.6,1746061200000,4275
78.76186363,94664.6137,94545.42,94646.39,94799.0,94526.3,1746062100000,4559
60.39106041,94632.8777,94646.39,94721.11,94800.0,94493.58,1746063000000,3899
81.39454420999999,94653.1845,94721.11,94658.77,94788.0,94579.58,1746063900000,3710
71.37769159,94743.7765,94658.78,94709.16,94904.0,94624.31,1746064800000,4378
83.42768506,94868.2848,94709.17,94942.35,95050.0,94709.16,1746065700000,4420
88.72335411000002,94919.7586,94937.78,94914.94,95060.0,94836.79,1746066600000,3974
51.30451716,94864.9886,94918.25,94873.66,95016.0,94769.4,1746067500000,3775
147.82973776999998,94910.3379,94791.0,94735.0,95100.0,94693.49,1746068400000,4603
84.81000897999999,94742.1555,94729.61,94822.62,94905.0,94683.5,1746069300000,3177
69.93617898,94847.3903,94822.63,94863.38,95019.0,94734.8,1746070200000,3953
27.468714009999996,94787.5694,94827.3,94807.6,94938.0,94732.83,1746071100000,2369
23.25593442,94849.2787,94780.0,94849.11,94970.0,94772.18,1746072000000,2426
30.24381454,94813.8739,94849.11,94755.02,94939.0,94746.14,1746072900000,2274
36.15638605,94792.9755,94755.01,94845.19,94899.0,94732.04,1746073800000,2165
31.61155174,94888.4862,94845.19,94890.82,95016.0,94796.8,1746074700000,2247
99.78643869,94905.0468,94850.0,94997.64,95057.0,94849.9,1746075600000,3284
42.03776613,94948.016,94997.64,94947.91,95069.0,94889.28,1746076500000,2349
135.84564577,95011.6629,94921.1,95134.8,95230.0,94881.0,1746077400000,3644
67.11341591,95149.644,95099.0,95100.0,95266.0,95061.82,1746078300000,3022
95.29310344999999,95119.7661,95100.0,95099.98,95251.0,95056.55,1746079200000,3278
73.38610749,95066.6949,95099.98,95032.89,95178.0,95017.62,1746080100000,2627
66.64076082999999,94987.3061,95069.3,94897.57,95113.0,94852.2,1746081000000,2281
34.110474540000006,94900.5566,94899.81,94916.17,94973.0,94826.53,1746081900000,2087
21.820634279999997,94934.9857,94914.9,95009.72,95046.0,94820.0,1746082800000,2164
15.745235379999999,95018.0664,94968.3,95013.6,95079.0,94946.8,1746083700000,1942
17.79116808,95068.3799,95000.01,95128.0,95132.0,94990.52,1746084600000,1729
26.447821360000002,95081.4129,95053.03,95039.37,95198.0,94999.9,1746085500000,2096
32.371999210000006,95023.0728,95039.38,95033.01,95150.0,94926.04,1746086400000,2240
51.97126660000001,95146.8218,95033.01,95164.3,95235.0,94968.9,1746087300000,2304
23.755683180000002,95128.427,95100.0,95109.83,95236.0,95086.3,1746088200000,1923
35.681623460000004,95176.84,95109.71,95226.3,95299.0,95099.2,1746089100000,3020
36.57968063,95198.4201,95150.0,95200.51,95297.0,95150.0,1746090000000,2313
188.47747653,95246.3625,95200.51,95360.85,95448.0,95179.3,1746090900000,4280
129.10108114000002,95467.5524,95360.84,95447.49,95578.0,95307.81,1746091800000,4554
202.7708569,95665.2437,95433.8,95666.0,95957.0,95433.7,1746092700000,6606
103.80646705000001,95711.6484,95545.8,95759.48,95812.0,95541.84,1746093600000,3671
366.89402281,96161.9906,95759.47,96344.95,96485.0,95737.9,1746094500000,12186
74.67242343,96212.0621,96356.73,96158.88,96457.0,96089.32,1746095400000,4908
89.22839797,96097.8656,96158.88,96195.49,96256.0,95909.7,1746096300000,4319
69.61481214999999,96185.091,96180.0,96192.62,96327.0,96098.08,1746097200000,4573
144.84753772,96004.4315,96191.59,95959.36,96252.0,95850.0,1746098100000,6593
58.38627448,96077.3115,95959.36,96131.99,96212.0,95899.9,1746099000000,4506
105.45662288,96218.7253,96135.05,96208.98,96308.0,96113.6,1746099900000,5895
141.85558807,96249.6847,96209.5,96302.0,96389.0,96143.45,1746100800000,4868
197.72378642999996,96319.0194,96302.0,96240.24,96447.0,96194.02,1746101700000,7834
185.65941855999998,96322.0033,96240.23,96461.32,96525.0,96147.18,1746102600000,7288
184.94273287,96378.5785,96461.32,96390.1,96519.0,96267.35,1746103500000,5993
143.25780725,96458.6896,96390.1,96544.35,96582.0,96340.51,1746104400000,5631
256.66224522,96605.5549,96544.36,96690.75,96780.0,96495.92,1746105300000,9575
265.07510956,96329.5011,96681.77,96220.48,96699.98,95982.32,1746106200000,11094
228.55228816999997,96093.1704,96140.0,95861.43,96305.5,95846.1,1746107100000,9462
296.94516218,96171.2664,95860.15,96320.83,96332.32,95860.15,1746108000000,11032
268.41152946999995,96463.9037,96320.84,96525.05,96569.11,96238.9,1746108900000,8107
401.18155076000005,96607.716,96525.06,96466.02,96826.64,96231.3,1746109800000,10033
256.11049267,96743.9903,96409.6,96927.04,96998.98,96409.0,1746110700000,8201
475.29594148000007,97140.1024,96888.2,97483.0,97520.0,96794.3,1746111600000,13856
233.42769369999996,97250.8688,97482.28,97201.36,97546.99,97037.6,1746112500000,10230
201.00679752999997,97141.8577,97200.35,97075.25,97276.15,97000.01,1746113400000,9207
138.01425894,97021.4744,97075.24,96929.0,97153.95,96900.0,1746114300000,6416
135.38808632,97114.3208,96923.8,97156.59,97241.9,96901.0,1746115200000,6492
103.43349319,97140.0205,97156.59,97281.08,97297.11,96932.32,1746116100000,6003
181.34324919999997,97368.9143,97209.9,97429.15,97462.51,97209.9,1746117000000,7843
167.91915512,97228.5678,97373.0,97088.38,97455.08,97044.0,1746117900000,5183
77.1213005,97188.157,97088.37,97185.01,97260.53,97029.0,1746118800000,4864
125.83241848,97146.1487,97185.01,96959.31,97300.0,96905.0,1746119700000,5445
135.62654088,96817.2266,96959.3,96639.1,97094.74,96579.2,1746120600000,6057
134.14553568,96715.9086,96639.09,96847.29,96873.36,96570.0,1746121500000,6296
80.13311252,96794.167,96796.8,96650.0,96931.0,96650.0,1746122400000,6095
87.74656252,96624.1058,96650.0,96526.77,96720.12,96506.0,1746123300000,5749
88.34058268999999,96648.6237,96526.76,96734.2,96820.52,96484.0,1746124200000,5116
111.53482233000003,96925.3387,96818.32,96938.18,97023.1,96745.1,1746125100000,6645
70.93732258,96754.5923,96938.21,96533.83,96953.66,96500.0,1746126000000,5868
120.34544108999998,96543.6849,96533.83,96505.27,96681.46,96459.0,1746126900000,6501
50.763002410000006,96638.6511,96505.27,96560.79,96754.76,96483.53,1746127800000,5715
176.18356311,96610.3638,96560.78,96588.48,96721.73,96505.0,1746128700000,8693
258.99486227,96582.4418,96594.8,96839.01,96851.62,96340.0,1746129600000,10577
199.23504386,96893.1424,96838.9,96795.5,97010.68,96726.0,1746130500000,8826
76.54542718,96711.1878,96808.0,96650.02,96875.65,96559.0,1746131400000,5901
62.729786989999994,96538.7216,96650.03,96463.0,96703.6,96382.0,1746132300000,5195
43.23320450999999,96607.7881,96458.7,96714.1,96779.09,96452.0,1746133200000,4331
35.81199204999999,96666.5579,96751.47,96617.6,96785.01,96588.0,1746134100000,4803
35.83530378,96668.9962,96640.23,96819.75,96837.38,96502.0,1746135000000,5338
39.04101768,96625.02,96819.75,96510.82,96819.75,96480.0,1746135900000,4970
43.073965449999996,96551.9146,96504.1,96655.27,96660.09,96426.0,1746136800000,5319
30.05530678,96642.903,96655.27,96637.55,96689.77,96558.0,1746137700000,5449
46.70216356,96514.8338,96635.1,96504.03,96640.88,96391.0,1746138600000,5553
27.41653658,96427.1874,96503.95,96422.6,96506.21,96372.0,1746139500000,5368
101.91059779999999,96325.5872,96419.6,96343.43,96454.98,96209.0,1746140400000,5976
31.441916319999997,96425.0863,96343.43,96429.0,96524.91,96289.0,1746141300000,4746
50.67002151999999,96287.6212,96428.99,96335.91,96440.1,96208.0,1746142200000,5652
33.25470795,96442.9041,96335.91,96524.98,96555.21,96293.0,1746143100000,4865
35.11518863,96594.3518,96524.98,96645.11,96731.59,96467.0,1746144000000,5363
82.55857413,96785.861,96643.0,96874.37,96904.15,96552.0,1746144900000,7336
69.05618223,96906.0848,96874.38,96850.18,97079.0,96754.0,1746145800000,6681
51.17329584,96956.1136,96850.18,97068.84,97081.75,96801.0,1746146700000,5592
55.74789641000001,97096.998,97050.0,97035.31,97209.71,96980.0,1746147600000,6681
37.06560921,97102.1234,97035.31,97031.7,97199.99,96968.0,1746148500000,6248
52.39587021,96937.4773,97031.7,96866.3,97051.2,96803.24,1746149400000,6004
43.394932340000004,96928.9645,96866.3,97005.45,97068.73,96807.0,1746150300000,5727
52.30423648999999,96840.7715,97005.45,96824.17,97005.45,96742.0,1746151200000,6725
75.87000812000001,96951.7762,96824.16,97052.69,97082.43,96766.0,1746152100000,5967
34.980153830000006,97021.2764,97052.69,96981.83,97098.0,96921.0,1746153000000,4793
58.17370382000001,97036.2381,96981.82,96990.45,97070.99,96938.0,1746153900000,5192
38.30526271,97098.1711,96990.45,97222.09,97241.91,96954.0,1746154800000,4698
47.72840642,97092.5219,97222.09,97073.92,97223.4,97002.0,1746155700000,5486
47.88353867,97202.3454,97073.91,97225.66,97266.34,97038.0,1746156600000,4950
34.23550714,97209.4803,97192.0,97147.72,97282.56,97103.0,1746157500000,4189
77.61824036999998,97237.5188,97183.1,97166.16,97333.0,97101.0,1746158400000,4890
30.268813850000004,97166.1183,97166.17,97135.02,97246.54,97107.0,1746159300000,3036
45.59744908,97017.42,97135.02,96952.48,97139.08,96939.01,1746160200000,3296
23.791968869999998,96950.7369,96952.49,96968.0,97043.79,96894.09,1746161100000,2969
22.88987281,96975.8399,96964.9,96971.41,97040.73,96898.0,1746162000000,3063
34.00834188,96867.0879,96971.4,96872.58,96971.4,96815.0,1746162900000,3011
17.68585295,96854.3184,96854.8,96843.97,96925.11,96821.19,1746163800000,2474
48.16107117999999,96762.5648,96850.1,96737.63,96928.07,96657.13,1746164700000,3346
58.64372185000001,96692.8452,96709.5,96741.51,96794.64,96607.0,1746165600000,3391
38.34031842000001,96740.6693,96739.8,96853.73,96882.32,96642.0,1746166500000,3292
47.24510784,96776.7073,96795.4,96667.19,96923.62,96650.0,1746167400000,3332
31.691550600000003,96673.5111,96667.19,96746.46,96752.7,96593.88,1746168300000,2640
44.96945083999999,96596.9697,96729.9,96540.4,96771.67,96476.49,1746169200000,3316
48.55959504,96661.1521,96564.32,96657.17,96768.55,96475.0,1746170100000,2679
59.01811959,96490.0919,96657.17,96548.55,96703.7,96369.69,1746171000000,3670
42.43547479,96475.3375,96548.55,96384.21,96584.85,96381.0,1746171900000,2479
43.57373046,96499.7489,96384.21,96604.29,96616.51,96376.86,1746172800000,2867
16.62386828,96641.7936,96604.29,96655.34,96699.96,96538.9,1746173700000,2066
26.98417884,96681.8995,96673.0,96746.27,96815.41,96494.0,1746174600000,2470
28.78147216,96720.7997,96745.81,96671.74,96791.0,96611.0,1746175500000,2256
40.80645485,96627.5411,96639.9,96804.49,96815.68,96494.0,1746176400000,3056
12.622737099999998,96730.8767,96804.48,96747.23,96809.08,96652.0,1746177300000,2172
16.00076838,96666.2038,96757.69,96630.23,96788.62,96596.0,1746178200000,1868
35.89478746,96671.554,96629.13,96639.66,96761.34,96598.0,1746179100000,2132
22.23946012,96769.8982,96655.1,96810.7,96839.35,96597.0,1746180000000,2048
39.71779477,96840.6522,96810.69,96911.41,96934.79,96769.0,1746180900000,2262
36.71142983000001,96891.0479,96911.41,96931.78,96951.24,96817.0,1746181800000,2541
39.94267197,96897.3723,96931.76,96939.25,96974.07,96815.0,1746182700000,2613
62.50973830000001,97003.524,96887.3,97041.68,97072.81,96873.0,1746183600000,2966
46.89068759999999,97037.8911,97041.68,96997.61,97146.3,96926.0,1746184500000,2876
77.52183452999998,96971.6466,96997.61,97004.92,97034.9,96888.0,1746185400000,2798
27.708837220000003,96981.3378,96979.1,96964.54,97070.28,96906.0,1746186300000,2756
40.84258132,96894.087,96970.5,96831.74,96997.69,96800.0,1746187200000,2707
82.36975987,96865.9045,96831.74,96825.96,96978.19,96765.0,1746188100000,3629
201.92258799,96966.2361,96808.8,97024.76,97221.1,96659.0,1746189000000,7797
116.07623436999998,97121.7734,97024.76,97234.58,97245.6,96986.0,1746189900000,4330
106.32740365999999,97082.4118,97189.9,96813.02,97310.97,96800.0,1746190800000,5374
62.201497710000005,96901.3197,96813.01,97000.0,97000.0,96803.48,1746191700000,3871
125.31852081999999,96890.3507,97000.0,96977.08,97098.24,96709.95,1746192600000,6770
134.06013383,96870.3556,96977.08,96813.84,97049.61,96731.0,1746193500000,5767
255.74277906999998,97014.8817,96764.8,96877.1,97283.24,96733.98,1746194400000,7795
127.85429976,97090.5521,96897.1,97206.25,97241.31,96826.0,1746195300000,5546
392.4862812399999,97523.4367,97208.3,97419.28,97822.0,97150.0,1746196200000,12931
321.02541028,97702.4142,97419.31,97793.68,97945.0,97396.0,1746197100000,10024
215.27576606999997,97786.7557,97793.68,97606.46,97948.56,97557.0,1746198000000,8928
115.38420839999999,97429.3146,97619.9,97200.15,97743.8,97097.0,1746198900000,7053
72.18357474,97399.5592,97194.31,97479.34,97558.55,97117.0,1746199800000,5299
81.37542033000001,97438.0158,97479.33,97363.03,97544.0,97331.81,1746200700000,5474
196.20971955000002,97613.4496,97419.1,97670.39,97800.3,97356.0,1746201600000,8723
107.5619252,97739.4604,97663.49,97672.27,97850.0,97596.65,1746202500000,5556
101.44680720000001,97665.1638,97701.2,97727.6,97771.29,97568.95,1746203400000,5899
79.12599009,97541.253,97727.07,97394.8,97727.07,97394.7,1746204300000,4944
102.0223545,97256.8065,97404.26,97196.61,97451.96,97118.02,1746205200000,5411
92.70790788000001,97310.1094,97201.88,97366.38,97413.72,97157.32,1746206100000,4729
78.99936262,97421.3783,97366.38,97305.33,97507.8,97289.53,1746207000000,4227
38.343068380000005,97369.5043,97305.32,97454.85,97486.66,97254.4,1746207900000,3541
66.99908175,97531.9312,97447.7,97548.1,97623.65,97412.79,1746208800000,4138
138.95931445,97517.7351,97590.5,97478.52,97622.79,97461.0,1746209700000,5316
184.37211882,97577.4995,97499.5,97606.71,97685.13,97456.0,1746210600000,6227
230.46692517,97351.887,97606.72,97229.13,97628.4,97200.0,1746211500000,5723
245.30936577,97133.4033,97229.12,97099.65,97229.12,97047.3,1746212400000,6078
141.29740383,97160.6275,97099.65,97213.4,97244.34,97046.0,1746213300000,4689
157.23343082000002,97007.5697,97213.39,96946.02,97213.39,96851.0,1746214200000,5746
228.89906233000002,96899.957,96946.01,96966.7,97074.98,96802.0,1746215100000,7031
38.12989941,97024.6019,96971.8,97075.41,97102.56,96880.0,1746216000000,3814
29.192472379999998,97017.571,97075.4,97050.2,97075.41,96929.0,1746216900000,3975
50.207724060000004,97132.1611,97053.49,97105.71,97222.73,97010.0,1746217800000,3632
33.37527205999999,97088.29,97105.71,97062.0,97161.88,97023.0,1746218700000,3441
26.025200340000005,97054.3001,97093.5,97082.64,97093.5,97002.0,1746219600000,3543
27.666937649999998,97008.9619,97082.64,96976.79,97097.23,96931.0,1746220500000,3406
37.68465595,96946.4095,96976.79,96870.1,97010.52,96835.0,1746221400000,4074
50.87959029,96737.394,96870.1,96753.0,96875.01,96585.0,1746222300000,4078
29.433075219999996,96722.4835,96777.0,96688.93,96852.34,96629.0,1746223200000,3746
27.381308050000005,96681.0095,96688.92,96728.62,96774.23,96574.0,1746224100000,3516
65.61465567,96704.1589,96745.0,96665.0,96834.64,96603.0,1746225000000,3874
22.23313586,96676.0967,96664.99,96694.82,96748.62,96612.0,1746225900000,3315
22.239737340000005,96682.468,96669.9,96755.72,96779.05,96601.0,1746226800000,3657
27.713902259999998,96757.218,96755.73,96742.88,96844.11,96674.0,1746227700000,3055
26.24017352,96832.8135,96742.87,96844.9,96870.02,96706.0,1746228600000,2927
40.91907005,96873.5507,96856.9,96929.81,96949.68,96817.0,1746229500000,2543
47.36466317000001,96921.9523,96920.7,96849.0,96974.78,96845.83,1746230400000,3425
20.96126883,96847.1974,96848.9,96788.45,96919.14,96784.48,1746231300000,3126
21.51683842,96794.2813,96815.0,96716.47,96830.36,96696.87,1746232200000,3570
26.414535819999998,96697.4427,96711.02,96743.41,96771.1,96640.52,1746233100000,3094
26.932536140000003,96661.9926,96743.41,96612.65,96769.16,96586.0,1746234000000,3509
47.73349801999999,96590.7789,96612.65,96621.19,96660.4,96519.0,1746234900000,3235
74.13896974,96530.8369,96621.19,96518.06,96621.19,96466.0,1746235800000,3472
38.34945209000001,96498.1739,96518.06,96534.22,96556.07,96450.0,1746236700000,3775
32.49219671999999,96626.661,96543.95,96650.2,96705.44,96491.0,1746237600000,3462
19.816235239999997,96659.2567,96657.38,96698.05,96699.98,96595.0,1746238500000,3116
20.0834783,96668.2381,96698.05,96660.5,96738.3,96559.0,1746239400000,2662
18.24007944,96559.5757,96595.27,96561.35,96660.6,96498.0,1746240300000,2643
20.48167745,96542.0113,96599.2,96511.84,96599.2,96464.0,1746241200000,2957
35.20455733,96458.0993,96511.84,96445.03,96545.55,96400.0,1746242100000,2770
70.06176974,96419.8549,96445.03,96445.77,96479.15,96335.67,1746243000000,3417
36.97086228,96449.3268,96445.76,96379.08,96540.39,96353.32,1746243900000,2910
19.96723814,96421.0024,96434.6,96506.25,96510.84,96344.25,1746244800000,2262
19.35253781,96498.3848,96506.24,96521.72,96573.51,96419.9,1746245700000,2615
13.74695582,96549.7064,96521.73,96601.61,96627.38,96499.8,1746246600000,2252
13.57686901,96547.4912,96601.61,96528.8,96635.05,96521.7,1746247500000,2045
16.38438385,96507.0733,96528.9,96458.55,96572.5,96450.0,1746248400000,2164
16.729633890000002,96549.2703,96459.01,96507.4,96596.63,96447.0,1746249300000,1775
9.44533995,96581.6163,96507.4,96629.62,96638.34,96507.3,1746250200000,1635
10.30322731,96531.4975,96563.0,96500.2,96631.79,96449.0,1746251100000,2022
35.266406249999996,96405.4691,96500.2,96376.62,96500.2,96354.5,1746252000000,2434
118.15419452,96354.0408,96376.62,96293.1,96401.0,96224.98,1746252900000,3827
32.35277577,96304.8001,96293.1,96349.54,96384.0,96231.89,1746253800000,2201
84.22111796000002,96330.2849,96349.54,96211.5,96384.0,96135.72,1746254700000,2540
21.137042980000004,96303.4364,96220.1,96289.13,96399.0,96188.57,1746255600000,2047
24.387938199999997,96292.5738,96240.1,96223.9,96401.0,96189.07,1746256500000,1854
26.723323309999998,96350.5603,96243.37,96386.08,96445.0,96223.9,1746257400000,2030
40.65380151,96349.9177,96386.07,96359.54,96464.0,96308.33,1746258300000,2281
21.939395630000007,96272.9052,96382.0,96198.04,96435.0,96164.6,1746259200000,2404
17.14310245,96276.4508,96198.04,96390.3,96420.0,96184.44,1746260100000,1691
13.355958740000002,96414.2839,96309.9,96392.54,96489.0,96309.9,1746261000000,2019
8.7897193,96373.2882,96400.1,96322.21,96470.0,96311.17,1746261900000,1837
31.575125890000002,96321.3307,96378.2,96273.68,96435.0,96248.22,1746262800000,1827
13.0602575,96352.0048,96273.67,96442.0,96469.0,96268.57,1746263700000,1611
10.301637190000001,96318.4071,96347.89,96282.04,96441.0,96278.93,1746264600000,1542
18.947765479999997,96322.7495,96282.04,96289.3,96450.0,96218.31,1746265500000,2049
18.87339118,96262.7657,96289.29,96192.99,96366.0,96174.38,1746266400000,1979
19.238830509999996,96207.0133,96192.99,96178.89,96332.0,96169.01,1746267300000,1795
253.41882376,96218.055,96212.1,95983.51,96343.0,95930.0,1746268200000,5246
135.87994541999998,96133.5296,95975.01,95934.67,96255.0,95872.01,1746269100000,4548
49.80539025999999,96103.9042,95900.0,95972.3,96212.0,95885.23,1746270000000,2483
37.20395466000001,96036.4802,95972.31,96052.45,96222.0,95946.54,1746270900000,2221
49.35289489,96133.7294,96052.44,95982.65,96255.0,95941.0,1746271800000,2444
22.246413309999998,96062.2413,95982.66,95939.9,96196.0,95911.01,1746272700000,1859
28.83403243,95985.9425,95939.9,95963.0,96182.0,95911.0,1746273600000,2536
19.590973400000003,96065.2125,95963.0,96072.13,96220.0,95924.5,1746274500000,2260
52.07889507000001,96134.5262,96243.0,96175.53,96309.0,96009.55,1746275400000,2354
25.929635830000002,96167.1692,96175.53,96151.55,96324.0,96101.03,1746276300000,2465
17.483278750000004,96221.9369,96153.44,96212.59,96366.0,96130.01,1746277200000,2416
27.06845979,96253.956,96212.59,96285.98,96408.0,96183.79,1746278100000,2462
28.55479364,96282.8714,96252.1,96288.6,96449.0,96210.0,1746279000000,2430
68.81418864999999,96348.2314,96288.6,96368.0,96439.0,96264.56,1746279900000,2447
50.67781658999999,96420.9593,96358.3,96326.78,96559.0,96312.93,1746280800000,2856
19.996037110000003,96401.9524,96326.78,96395.28,96519.0,96326.77,1746281700000,2415
30.481364779999993,96376.1299,96395.27,96398.3,96501.0,96306.39,1746282600000,2588
28.370636450000006,96388.2582,96391.3,96403.26,96497.0,96325.22,1746283500000,2459
39.56523855,96513.9431,96393.0,96486.5,96598.0,96392.9,1746284400000,3042
24.220870670000004,96490.9772,96520.1,96455.33,96547.0,96447.31,1746285300000,2403
18.34446252,96496.3934,96517.8,96454.19,96571.0,96447.25,1746286200000,2287
53.289330389999996,96390.4009,96451.92,96444.8,96517.7,96333.33,1746287100000,2908
23.3539614,96384.5491,96438.94,96322.14,96515.0,96320.0,1746288000000,2870
29.6624643,96305.7665,96325.48,96300.19,96393.0,96224.01,1746288900000,2855
33.373358780000004,96206.9734,96300.19,96184.49,96350.0,96140.35,1746289800000,3447
22.89672484,96199.1772,96184.49,96228.32,96309.0,96101.43,1746290700000,2827
61.46399064,96127.2043,96220.5,96035.0,96272.0,95989.6,1746291600000,4652
119.28146393,96121.6959,96035.0,96146.58,96240.0,95911.01,1746292500000,4136
26.987151289999996,96077.3312,96146.84,96094.94,96228.0,96000.01,1746293400000,3111
21.776457839999996,96191.8932,96094.94,96205.2,96285.0,96046.9,1746294300000,2590
24.085805760000007,96200.1643,96205.2,96231.26,96300.0,96126.91,1746295200000,3044
23.073091480000002,96239.0461,96231.26,96207.74,96353.0,96143.51,1746296100000,2950
23.31723086,96169.1225,96207.73,96124.44,96269.0,96113.29,1746297000000,2800
20.30736043,96163.7366,96124.44,96172.66,96252.0,96116.86,1746297900000,2690
12.670857790000001,96203.8074,96172.67,96228.14,96289.0,96136.66,1746298800000,2329
27.48167223,96262.6036,96228.13,96291.64,96359.0,96202.2,1746299700000,2253
20.075108290000003,96338.6726,96270.9,96309.7,96395.0,96270.9,1746300600000,2712
21.33544761,96364.2824,96309.69,96388.06,96419.0,96301.02,1746301500000,2533
24.88519394,96403.1337,96380.8,96359.51,96449.0,96356.29,1746302400000,2521
46.27526811999999,96367.2963,96359.51,96376.6,96441.0,96329.88,1746303300000,3158
28.35339842,96333.5425,96376.61,96373.14,96442.0,96291.39,1746304200000,2915
36.85086858999999,96359.9139,96373.13,96362.85,96449.0,96310.7,1746305100000,2800
34.223256150000005,96311.2682,96322.9,96297.71,96449.0,96269.5,1746306000000,3177
75.35303027999998,96382.8836,96297.71,96420.5,96500.0,96297.12,1746306900000,2860
69.32963475000001,96381.91,96420.51,96310.8,96538.0,96266.99,1746307800000,2726
26.277302969999997,96301.1142,96305.3,96284.95,96429.0,96250.62,1746308700000,2824
102.09756003,96260.9252,96270.8,96223.56,96444.0,96209.63,1746309600000,4141
29.2306186,96237.4122,96223.56,96298.0,96344.0,96211.63,1746310500000,3166
22.749653180000003,96251.7191,96231.7,96265.31,96333.0,96222.49,1746311400000,2940
20.113228340000006,96218.9735,96265.31,96185.19,96332.0,96177.18,1746312300000,2744
22.18357582,96182.4593,96198.2,96146.07,96267.0,96141.84,1746313200000,2853
67.64786312,96104.2205,96146.07,95951.48,96237.0,95941.01,1746314100000,3627
261.03708107,95997.4169,95951.48,95924.54,96158.0,95765.13,1746315000000,6387
75.50090832999999,95907.2059,95934.06,95861.33,96128.0,95810.53,1746315900000,3891
79.16810637,95929.8965,95869.9,95971.4,96119.0,95786.64,1746316800000,4565
59.527550340000005,95974.5992,95971.4,95915.81,96209.0,95882.77,1746317700000,4247
99.90447879000001,95922.0505,95915.8,95809.73,96109.0,95765.34,1746318600000,4942
82.44816809999999,95879.7526,95810.7,95877.89,96091.0,95775.24,1746319500000,4812
68.67757587999999,95906.0112,95861.6,95942.14,96100.0,95789.76,1746320400000,4459
83.11276994,95919.0726,95942.13,95949.07,96109.0,95806.65,1746321300000,4078
334.77947108,95885.7882,95949.07,95684.05,96108.0,95582.14,1746322200000,6857
145.69759003000001,95915.7334,95684.04,96103.14,96339.0,95595.0,1746323100000,5762
55.00436091,96223.3427,96105.25,96238.96,96439.0,96075.82,1746324000000,3934
18.12374202,96235.0242,96238.97,96206.01,96439.0,96140.58,1746324900000,2596
34.69306392,96029.3269,96206.01,95924.58,96395.0,95814.9,1746325800000,3325
26.604862569999998,95915.6577,95924.57,95905.63,96120.0,95821.58,1746326700000,2653
27.140425199999996,95860.1707,95911.3,95772.6,96071.0,95679.5,1746327600000,3367
19.98247142,95792.0465,95772.19,95742.4,95981.0,95676.49,1746328500000,2358
20.004462250000003,95830.1113,95806.19,95775.22,96059.0,95707.67,1746329400000,2338
34.79241889,95836.1192,95775.25,95743.43,96027.0,95723.2,1746330300000,2546
39.29230642,95852.422,95803.3,95856.4,96042.0,95734.3,1746331200000,2351
22.83821622,95971.1641,95856.4,95925.94,96103.0,95856.4,1746332100000,2197
23.2340317,95810.5816,95930.99,95778.53,96094.0,95765.23,1746333000000,2135
19.462563579999998,95807.8056,95778.53,95744.19,95995.0,95742.23,1746333900000,2094
34.992046710000004,95913.23,95772.8,95905.83,96117.0,95705.01,1746334800000,2551
22.447089270000003,95918.3354,95905.83,95953.89,96118.0,95798.9,1746335700000,2307
25.31668894,95968.0232,95956.0,95968.59,96139.0,95906.8,1746336600000,2153
20.84910051,96077.7532,95935.8,96054.63,96269.0,95935.8,1746337500000,2114
19.066079919999996,96072.4168,96066.5,96035.38,96269.0,95969.08,1746338400000,2250
11.839269830000001,96012.818,96043.06,95954.0,96208.0,95937.26,1746339300000,1920
9.634830299999999,95952.2043,95969.7,95927.17,96104.0,95868.4,1746340200000,1706
10.80477855,96014.6173,95923.2,95944.2,96118.0,95912.2,1746341100000,1401
20.0284299,96035.4208,95944.3,96048.02,96198.0,95878.18,1746342000000,1930
10.533662760000002,96017.5377,96048.02,95918.92,96209.0,95889.58,1746342900000,1672
22.806517040000003,96013.3149,95918.93,95846.5,96089.0,95811.63,1746343800000,1627
9.962812330000002,95952.4223,95846.49,95897.69,96067.0,95825.64,1746344700000,1256
11.039180929999999,95953.9179,95900.1,95908.59,96090.0,95890.34,1746345600000,1677
149.92946118999998,95958.0895,95908.59,95934.0,96066.0,95625.01,1746346500000,3174
258.91093867,95807.8922,95657.5,95639.58,95934.0,95444.4,1746347400000,4801
30.176313330000003,95681.3157,95639.58,95669.45,95901.0,95552.69,1746348300000,1998
20.032130340000002,95719.6054,95664.5,95658.08,95896.0,95559.88,1746349200000,2175
103.14620640000001,95792.7391,95658.07,95802.0,95867.0,95472.19,1746350100000,2518
33.82639785,95608.4973,95512.01,95802.0,95826.0,95455.01,1746351000000,2137
26.179659630000007,95702.6412,95510.51,95788.0,95802.0,95468.36,1746351900000,1937
74.62668353,95721.7955,95500.1,95469.82,95789.0,95421.07,1746352800000,2686
101.90644205,95652.8824,95469.81,95458.96,95762.0,95305.6,1746353700000,3166
21.97760516,95502.5728,95458.96,95494.62,95760.0,95402.61,1746354600000,1725
25.15080166,95531.359,95494.62,95442.4,95769.0,95389.04,1746355500000,1849
50.42932429000001,95558.9567,95437.6,95474.78,95776.0,95364.93,1746356400000,2197
34.501682190000004,95561.1013,95474.78,95474.87,95783.0,95450.94,1746357300000,1863
60.59854275000001,95690.2757,95766.0,95454.74,95767.0,95428.06,1746358200000,2153
39.41629219,95614.8325,95455.8,95440.1,95767.0,95384.12,1746359100000,1917
26.723958019999998,95608.5022,95440.1,95509.86,95716.0,95414.15,1746360000000,2194
34.00677029999999,95636.1376,95509.86,95461.92,95779.0,95441.73,1746360900000,2232
33.12459593,95497.2697,95461.92,95533.31,95743.0,95441.74,1746361800000,2093
23.00555048,95577.5937,95533.3,95473.38,95826.0,95470.14,1746362700000,2077
24.535279940000002,95614.6234,95473.83,95460.21,95770.0,95448.42,1746363600000,2096
111.41574882,95628.0968,95460.14,95448.32,95694.0,95313.0,1746364500000,2923
102.31309408,95514.3497,95380.1,95613.0,95656.0,95245.67,1746365400000,3983
95.10708350999998,95521.8028,95254.05,95383.38,95645.0,95231.0,1746366300000,2857
23.521917100000003,95486.9031,95381.2,95492.16,95739.0,95321.59,1746367200000,2774
22.62216363,95586.0948,95534.4,95576.47,95817.0,95476.6,1746368100000,2670
30.726585509999996,95569.34,95576.47,95560.1,95820.0,95500.78,1746369000000,2820
39.643040920000004,95623.2195,95560.1,95590.0,95900.0,95528.19,1746369900000,2294
50.92492903,95670.3961,95590.0,95652.27,95881.0,95589.9,1746370800000,2972
22.41118798,95594.5479,95652.27,95598.7,95865.0,95521.01,1746371700000,2666
23.38122774,95533.3105,95601.52,95458.98,95780.0,95448.54,1746372600000,2418
21.308414100000004,95458.0055,95458.98,95471.07,95702.0,95401.27,1746373500000,2423
15.88380434,95507.0019,95498.8,95450.02,95739.0,95398.27,1746374400000,2742
42.086812970000004,95439.5121,95450.02,95505.05,95762.0,95372.0,1746375300000,3067
32.11668859,95487.3859,95505.05,95338.5,95725.0,95298.01,1746376200000,3070
45.099793989999995,95485.9777,95338.5,95353.42,95618.0,95299.99,1746377100000,2921
19.21940966,95409.5615,95332.1,95461.37,95689.0,95327.6,1746378000000,2478
28.13478981,95469.9011,95461.36,95346.13,95681.0,95304.33,1746378900000,2616
114.20039808999998,95379.9349,95346.12,95389.6,95638.0,95250.0,1746379800000,3437
25.104924269999998,95447.2982,95389.59,95419.08,95689.0,95389.59,1746380700000,2502
20.392424269999996,95451.0173,95461.3,95433.2,95687.0,95357.71,1746381600000,2445
23.617855550000005,95450.4893,95433.1,95462.96,95698.0,95364.16,1746382500000,2841
11.20266872,95460.3694,95462.95,95445.24,95691.0,95404.9,1746383400000,2219
9.52452741,95430.0961,95445.23,95378.23,95659.0,95378.23,1746384300000,2506
11.777485210000004,95417.5853,95384.05,95443.21,95649.0,95347.75,1746385200000,2247
28.82331408,95446.6673,95448.6,95494.88,95659.0,95419.6,1746386100000,2258
49.75747907,95602.5482,95494.87,95610.35,95829.0,95476.51,1746387000000,2667
29.417513470000003,95601.597,95610.34,95603.63,95808.0,95543.77,1746387900000,2461
27.578780390000006,95640.3918,95615.8,95656.72,95858.0,95603.63,1746388800000,2247
58.78831395,95720.7739,95656.72,95725.0,95879.0,95576.16,1746389700000,2754
33.554358859999994,95711.6445,95725.0,95714.39,95889.0,95654.05,1746390600000,2312
22.86735783,95717.6157,95714.38,95735.6,95739.69,95685.25,1746391500000,2092
59.157161220000006,95740.2774,95720.1,95720.0,95900.0,95636.05,1746392400000,2838
40.27614762999999,95703.1425,95720.0,95713.18,95867.0,95630.89,1746393300000,2392
27.50295711,95735.9231,95713.18,95763.82,95915.0,95697.09,1746394200000,2385
22.06332092,95792.3914,95763.81,95693.01,95978.0,95652.83,1746395100000,1943
413.42444716000006,95419.613,95690.79,95221.14,95890.0,95104.33,1746396000000,10025
46.08729250999999,95304.4783,95221.14,95234.28,95537.0,95146.64,1746396900000,4123
582.25811519,95208.5151,95293.1,94898.7,95481.0,94725.21,1746397800000,12829
80.57180265000001,95142.78,94898.7,95022.91,95306.0,94820.0,1746398700000,4460
365.11609380000004,95035.4301,94979.4,94797.39,95299.0,94558.55,1746399600000,8927
527.82511947,94955.595,94794.74,95000.0,95190.0,94404.01,1746400500000,9485
347.67880941,94649.1537,95000.0,94725.0,95000.0,94151.67,1746401400000,10123
120.12081688,94390.2032,94152.3,94272.55,94741.0,94152.29,1746402300000,5980
180.27266184,94446.3229,94303.1,94438.55,94797.0,94185.81,1746403200000,7040
73.08258566,94581.415,94438.51,94727.99,95029.0,94432.44,1746404100000,4566
61.108317529999994,94754.2662,94727.99,94681.62,95089.0,94666.19,1746405000000,3866
39.2674836,94748.8566,94681.61,94721.18,95051.0,94675.05,1746405900000,3153
90.43523427,94516.6565,94750.1,94492.94,95014.0,94364.29,1746406800000,4334
142.91234655,94439.4597,94773.0,94637.0,94822.0,94214.41,1746407700000,5259
638.4964274600001,94300.8998,94637.0,93964.79,94638.0,93716.6,1746408600000,13762
74.48179495,94049.1378,93964.78,93929.69,94450.0,93859.05,1746409500000,4520
425.57154658,94117.4516,93899.1,94058.51,94419.0,93500.01,1746410400000,9931
72.43892683000001,94245.7522,94035.7,94274.89,94672.0,94035.6,1746411300000,4817
47.0402768,94343.091,94280.39,94252.58,94726.0,94203.8,1746412200000,3517
65.33679489000001,94323.5509,94252.58,94249.17,94717.0,94194.86,1746413100000,3065
30.378389650000003,94176.0249,94238.9,94154.24,94634.0,94098.26,1746414000000,2843
39.0931802,94124.4493,94153.64,94024.58,94554.0,94017.78,1746414900000,3388
30.38489501,94101.2348,94024.58,94110.9,94477.0,94024.58,1746415800000,2880
24.724904469999995,94116.1515,94474.0,94047.17,94488.0,94027.11,1746416700000,2339
36.73952918,94097.0105,94046.3,94152.06,94508.0,94010.0,1746417600000,2813
38.23547801,94270.4336,94152.06,94334.89,94666.0,94120.3,1746418500000,2633
40.490829219999995,94373.2193,94332.24,94428.44,94742.0,94275.04,1746419400000,2491
34.020569310000006,94417.9977,94428.44,94417.14,94746.0,94348.77,1746420300000,2223
42.443124430000005,94414.4798,94416.0,94289.6,94811.0,94235.15,1746421200000,2773
14.223677450000002,94380.5696,94289.59,94432.84,94748.0,94273.68,1746422100000,1730
29.0636723,94491.2308,94416.0,94513.89,94836.0,94365.81,1746423000000,2379
36.17367052,94610.8919,94530.0,94729.86,95062.0,94500.02,1746423900000,2285
31.773709070000002,94695.308,94729.88,94640.36,95061.0,94626.64,1746424800000,2437
13.628692100000002,94651.0679,94640.36,94598.02,94996.0,94572.21,1746425700000,1902
23.562721849999996,94718.9737,94598.03,94707.4,95048.0,94585.9,1746426600000,1987
30.556087989999998,94787.9674,94710.27,94775.81,95033.0,94658.53,1746427500000,1679
66.35002705000001,94729.7522,94767.6,94600.04,95068.0,94570.11,1746428400000,2612
50.10847285,94734.7224,94600.04,94583.1,94905.0,94532.78,1746429300000,2245
41.82025209,94669.1272,94583.09,94713.9,94966.0,94550.6,1746430200000,1679
27.5972915,94787.92,94713.89,94764.89,95009.0,94656.48,1746431100000,1945
74.66791064999998,94862.9585,94738.9,94663.2,95020.0,94644.01,1746432000000,2248
32.75098497999999,94698.1568,94669.1,94557.19,94988.0,94557.0,1746432900000,1933
45.691462810000004,94684.249,94600.2,94552.83,94862.0,94508.5,1746433800000,1949
68.08430728999998,94673.4478,94853.0,94564.73,94853.0,94458.61,1746434700000,2284
27.41970723,94596.7139,94561.0,94511.15,94842.0,94509.81,1746435600000,1733
39.20130992,94684.4545,94511.17,94612.12,94865.0,94480.01,1746436500000,1897
16.16673684,94626.7194,94612.12,94609.17,94875.0,94542.87,1746437400000,1534
35.872381770000004,94648.8047,94609.17,94567.68,94888.0,94557.72,1746438300000,1783
107.94052944000002,94685.3796,94609.1,94453.24,94812.0,94407.8,1746439200000,2514
73.87882013,94596.2087,94453.23,94376.15,94751.0,94376.13,1746440100000,2700
194.01035539000003,94540.2818,94376.15,94200.0,94721.0,94152.9,1746441000000,4124
170.20391576,94447.0717,94200.01,94592.0,94643.0,94055.85,1746441900000,4479
90.75517358999998,94424.2847,94121.47,94231.08,94592.0,94085.91,1746442800000,2776
137.32295518,94355.2111,94183.2,94009.1,94577.0,93955.58,1746443700000,3549
186.0209853,94328.179,94541.0,93941.93,94541.0,93880.31,1746444600000,4908
106.05996664000001,94326.4915,93941.93,94454.0,94485.0,93906.8,1746445500000,3437
77.23798961,94174.3062,94071.9,94481.0,94481.0,93905.0,1746446400000,3548
90.34853691999999,94279.2728,94172.7,94325.08,94627.0,94154.16,1746447300000,3444
29.53301686,94354.8376,94323.57,94325.99,94609.0,94233.23,1746448200000,2981
22.97548698,94323.0613,94326.43,94336.2,94588.0,94256.17,1746449100000,2495
69.74027018000001,94310.7203,94329.9,94209.2,94663.0,94201.51,1746450000000,3174
42.721447000000005,94256.2559,94213.09,94175.99,94608.0,94129.73,1746450900000,3214
448.58949089,94080.3877,94175.99,93883.29,94509.0,93704.08,1746451800000,9165
346.87013647000003,93911.9924,93885.36,94234.19,94489.0,93624.4,1746452700000,10290
145.5416701,94337.7782,94235.02,94026.59,94811.0,93987.49,1746453600000,7607
105.38789650000001,94008.5197,94044.5,94179.0,94409.0,93800.0,1746454500000,6198
127.79527670000002,93963.9257,93931.21,94103.05,94397.0,93707.37,1746455400000,6499
117.13859572,94093.0944,94077.2,93885.63,94477.0,93850.03,1746456300000,5826
405.90629295,93929.8711,93889.0,93719.88,94128.0,93585.35,1746457200000,7441
59.44132332,93856.1307,93727.71,93847.75,94229.0,93647.01,1746458100000,4781
37.87286175,93824.0613,93853.34,93692.7,94194.0,93678.01,1746459000000,4334
53.37165876,93814.6317,94000.0,93768.58,94026.0,93603.97,1746459900000,4537
94.42132226,93941.2221,93719.6,93976.15,94297.0,93719.6,1746460800000,4769
47.32889683,94150.6644,93976.14,94185.23,94497.0,93967.25,1746461700000,3834
72.95796229999999,94197.9215,94185.23,94239.68,94518.0,94121.71,1746462600000,3992
60.50252285,94221.1424,94239.68,94206.11,94505.0,94100.0,1746463500000,4158
48.382815369999996,94189.595,94206.11,94100.2,94494.0,94061.05,1746464400000,3937
86.77423646999999,94279.3276,94088.57,94362.1,94648.0,94075.18,1746465300000,4098
194.08415774999997,94502.4641,94362.12,94438.0,94850.0,94357.67,1746466200000,5873
64.06918394,94479.2052,94444.43,94500.6,94763.0,94408.4,1746467100000,4236
84.66213486,94604.0911,94519.0,94661.26,94914.0,94433.04,1746468000000,4261
76.2476203,94652.8374,94621.3,94591.45,94948.0,94549.01,1746468900000,3647
143.72470973,94795.6428,94591.46,94859.29,95128.0,94555.0,1746469800000,4996
96.29388642000004,94806.8486,94859.29,94735.99,95127.0,94714.56,1746470700000,4060
92.93163025,94788.6678,94727.3,94811.27,95068.0,94673.28,1746471600000,4427
178.92701153999997,94756.5806,94811.26,94649.02,95129.0,94599.9,1746472500000,5647
113.37276241,94578.3134,94647.68,94496.05,94901.0,94470.06,1746473400000,4179
171.70428925,94403.2171,94489.5,94348.18,94725.0,94278.89,1746474300000,4932
80.56912546,94244.7379,94344.72,94461.0,94576.0,94161.68,1746475200000,3986
54.64397091000001,94217.4586,94233.48,94190.2,94474.0,94159.84,1746476100000,3217
69.27295758,94014.5972,94186.7,94054.84,94430.0,93865.09,1746477000000,4581
38.392241629999994,94160.7808,94280.0,94242.18,94459.0,93984.5,1746477900000,3323
44.6656396,94445.4195,94239.6,94587.94,94794.0,94226.21,1746478800000,3917
42.85051932,94611.8125,94587.94,94608.5,94862.0,94515.24,1746479700000,3411
48.45203504999999,94501.9352,94608.5,94556.31,94859.0,94335.59,1746480600000,4159
52.97970125,94739.166,94556.31,94717.62,95052.0,94532.16,1746481500000,3494
65.75462295000001,94795.9067,94700.1,94831.88,95103.0,94700.1,1746482400000,4543
69.13498037,94920.374,94831.87,94893.44,95188.0,94788.9,1746483300000,3909
76.69743045000003,95105.3554,94855.6,95175.06,95400.0,94855.6,1746484200000,4283
40.91127408,95058.9163,95175.06,95060.39,95407.0,94973.66,1746485100000,3635
39.58896171,95054.4419,95040.2,95000.03,95314.0,95000.01,1746486000000,3217
32.65915793,95012.4891,95000.03,94897.8,95329.0,94880.06,1746486900000,3341
30.573347679999998,94881.9008,94897.81,94821.71,95139.0,94815.99,1746487800000,3068
56.16582755000001,94757.9135,94821.71,94733.99,95071.0,94709.3,1746488700000,3202
27.36507183,94706.3361,94733.99,94682.75,94996.0,94630.75,1746489600000,3092
27.122351929999994,94632.0112,94682.75,94720.8,94928.0,94559.54,1746490500000,2968
199.89927756000003,94509.1187,94716.8,94451.4,94906.0,94328.0,1746491400000,3485
33.09652234000001,94498.7641,94452.07,94596.09,94789.0,94444.89,1746492300000,2646
73.59563225000001,94591.1694,94596.1,94751.69,94961.0,94451.32,1746493200000,3723
72.63258066000002,94819.4145,94736.07,94807.04,95115.0,94678.7,1746494100000,3409
65.17041583000001,94589.7431,94803.37,94374.36,95052.0,94357.18,1746495000000,3815
32.753702540000006,94359.7823,94375.99,94301.82,94627.0,94294.34,1746495900000,3501
41.09920954,94296.9087,94294.36,94244.56,94589.0,94199.01,1746496800000,3373
57.48570912,94117.3829,94244.56,94111.46,94451.0,94049.9,1746497700000,3530
69.53461314,94095.3379,94111.46,94123.6,94409.0,94012.77,1746498600000,3587
54.61889161,94280.9752,94146.11,94328.83,94549.0,94123.5,1746499500000,3195
25.492246329999997,94304.7146,94294.1,94246.86,94583.0,94225.21,1746500400000,2764
45.421285870000006,94282.8027,94246.86,94389.38,94609.0,94217.11,1746501300000,2617
21.96163285,94440.7624,94389.38,94474.77,94689.0,94389.37,1746502200000,2404
21.241229070000003,94465.8556,94474.77,94449.92,94706.0,94418.0,1746503100000,2143
14.127843820000002,94425.4536,94440.2,94386.86,94653.0,94329.51,1746504000000,2836
50.13408542,94471.7388,94386.89,94566.88,94749.0,94353.19,1746504900000,2654
16.57990211,94520.0549,94566.89,94465.65,94782.0,94450.0,1746505800000,1852
37.53404673,94527.869,94465.66,94572.01,94779.0,94465.65,1746506700000,2139
21.35550965,94534.2336,94504.7,94477.02,94814.0,94475.1,1746507600000,2009
17.916448850000002,94408.354,94700.0,94347.84,94700.0,94325.86,1746508500000,2059
23.43399905,94415.0605,94370.8,94379.9,94589.0,94297.23,1746509400000,1874
40.87498366,94385.0176,94380.0,94324.48,94589.0,94298.25,1746510300000,2210
14.79007379,94447.2244,94326.3,94434.38,94685.0,94313.72,1746511200000,1707
15.51106275,94428.9294,94434.38,94414.38,94672.0,94379.9,1746512100000,1388
39.131054879999986,94407.8497,94414.46,94475.41,94667.0,94376.04,1746513000000,1760
11.35775826,94456.3463,94475.41,94488.44,94668.0,94414.05,1746513900000,1527
40.83838295000001,94566.0693,94430.3,94484.8,94808.0,94430.3,1746514800000,2016
67.17500948,94424.0511,94484.79,94434.63,94712.0,94399.8,1746515700000,1958
38.11977853000001,94432.6886,94434.32,94399.66,94716.0,94337.21,1746516600000,1923
21.70229171,94409.6526,94603.0,94377.4,94629.0,94373.06,1746517500000,1642
67.82539905,94420.6714,94377.4,94192.65,94600.0,94152.26,1746518400000,2488
128.95092710999998,94242.1625,94192.97,94027.97,94450.0,93989.01,1746519300000,3696
42.7893426,94184.3088,94009.1,94248.0,94489.0,94009.1,1746520200000,2040
25.54006297,94307.7057,94239.9,94367.15,94580.0,94239.9,1746521100000,1933
17.67137007,94287.8988,94289.9,94202.68,94574.0,94202.68,1746522000000,1856
14.332728269999999,94174.049,94200.0,94173.32,94444.0,94133.04,1746522900000,1650
14.789320579999998,94155.0409,94173.67,94111.11,94428.0,94091.3,1746523800000,1513
15.008983299999997,94165.3269,94111.12,94208.06,94408.0,94097.0,1746524700000,1536
26.046854360000005,94165.9974,94150.0,94143.54,94400.0,94127.01,1746525600000,1820
22.03019671,94253.5365,94154.0,94207.43,94516.0,94133.51,1746526500000,1973
53.80843931,94154.0651,94205.01,94333.0,94431.0,94042.19,1746527400000,2900
170.31191988999998,94082.3948,94060.53,94222.0,94333.0,93846.0,1746528300000,4514
31.897369479999995,94037.383,93880.0,93988.5,94268.0,93879.9,1746529200000,2631
46.34530572,94050.1567,93988.47,94222.0,94270.0,93863.92,1746530100000,2849
58.117478200000015,93961.5277,93878.81,94111.0,94223.0,93805.02,1746531000000,3238
156.98270159999998,93866.1899,93839.8,94043.0,94123.0,93666.82,1746531900000,4163
38.55301172,93847.1925,93728.2,93796.37,94129.0,93728.1,1746532800000,2629
36.132127589999996,93817.3728,93792.31,93827.87,94094.0,93749.91,1746533700000,2674
58.879591510000004,93947.5606,93824.81,93994.56,94231.0,93800.0,1746534600000,3290
49.67319649999999,93964.6054,93981.48,93933.87,94251.0,93905.07,1746535500000,3102
131.47705872,93792.3319,93931.46,93706.42,94168.0,93700.0,1746536400000,4209
95.78890815000001,93757.7313,93706.42,93726.35,94079.0,93700.09,1746537300000,3876
185.3750093,93798.1427,93726.35,93931.44,94209.0,93675.0,1746538200000,6084
373.20694883999994,93656.3744,93972.8,93600.88,94212.0,93363.28,1746539100000,9145
269.04353386,93964.7856,93609.9,94025.99,94389.0,93592.2,1746540000000,7147
238.21629588000005,94395.8658,94078.1,94317.15,94900.0,94021.98,1746540900000,7145
131.05645554,94314.9199,94315.77,94257.32,94669.0,94193.7,1746541800000,4784
92.74331175,94228.9143,94309.7,94143.35,94574.0,94087.25,1746542700000,4493
86.91385056,94185.125,94133.9,94332.74,94531.0,94037.16,1746543600000,4570
51.3376597,94424.7207,94327.14,94501.32,94749.0,94202.74,1746544500000,3640
88.86404802999998,94643.6335,94500.92,94593.01,94948.0,94451.11,1746545400000,4630
93.60724612,94599.9343,94593.0,94558.11,94863.0,94494.5,1746546300000,4025
154.41971748999998,94654.8659,94558.11,94806.41,94999.0,94378.0,1746547200000,5533
116.81976464999998,94607.4961,94806.41,94504.67,94999.0,94414.61,1746548100000,5639
108.28901114,94604.4285,94694.0,94477.79,94925.0,94458.67,1746549000000,4812
105.83474456,94364.8181,94479.21,94241.89,94672.0,94214.41,1746549900000,4615
43.87396206,94375.7683,94241.9,94458.34,94651.0,94232.1,1746550800000,3836
101.72194145000002,94618.7692,94458.34,94704.93,94883.0,94438.1,1746551700000,4951
105.33346243999999,94750.0169,94702.3,94591.44,95000.0,94577.24,1746552600000,4730
81.65430579000001,94546.1098,94597.63,94514.6,94791.0,94489.32,1746553500000,3985
138.08511765000003,94579.4917,94524.3,94598.34,94818.0,94508.03,1746554400000,4109
146.04636463,94813.4969,94598.34,94929.3,95099.0,94573.0,1746555300000,4136
103.31033212999999,94912.1182,94929.3,94819.97,95109.0,94812.84,1746556200000,4566
104.15046718000002,94978.4789,94819.81,95082.44,95249.0,94819.78,1746557100000,4380
79.0747511,95054.8287,95080.8,95223.0,95266.0,94940.94,1746558000000,4114
57.98588472000001,95097.4071,95067.45,95131.04,95288.0,95021.18,1746558900000,3351
68.36766744,95116.4442,95131.04,95141.24,95302.0,95052.41,1746559800000,3230
167.02746224000003,95013.6671,95141.23,94977.68,95316.0,94922.4,1746560700000,4542
59.92824324,94991.1047,94977.68,94995.87,95188.0,94884.3,1746561600000,3500
78.77432412,94905.9842,94995.86,94780.1,95157.0,94773.45,1746562500000,3810
72.19227487,94693.1783,94787.06,94731.16,94932.0,94627.86,1746563400000,3593
59.32979809,94706.8935,94731.15,94699.84,94905.0,94641.66,1746564300000,3494
46.63325406,94734.9031,94708.1,94624.73,94943.0,94592.7,1746565200000,2912
158.32723172000001,94575.8284,94624.72,94506.91,94802.0,94456.85,1746566100000,3071
39.26272338,94577.9886,94506.91,94622.0,94794.0,94500.0,1746567000000,3139
23.277528880000002,94681.3683,94666.74,94692.38,94851.0,94619.81,1746567900000,2419
455.83188635999994,95285.8061,94692.38,95169.29,95648.0,94663.0,1746568800000,12249
167.33854655000005,95441.1768,95169.29,95652.75,95737.0,95128.4,1746569700000,6746
151.77818149,95890.7712,95652.72,96035.94,96263.0,95597.5,1746570600000,7812
146.49139191,96164.0253,96035.94,96249.63,96384.0,96000.52,1746571500000,6199
160.92422505,96292.4787,96222.0,96204.68,96520.0,96104.68,1746572400000,6956
208.58895746,96522.7546,96204.67,96637.41,96883.0,96156.9,1746573300000,7877
89.32523248000001,96622.9488,96635.24,96869.56,96945.0,96468.21,1746574200000,5050
149.53772713,96844.335,96871.2,96839.17,96999.0,96770.4,1746575100000,5804
166.15376518,96921.1281,96843.84,97023.72,97166.0,96744.32,1746576000000,7485
227.84131391999998,97282.7287,97023.72,97270.0,97600.0,96986.2,1746576900000,8953
106.6612311,97210.072,97263.01,97234.71,97408.0,97128.3,1746577800000,5649
93.83642200999999,97338.2295,97234.72,97427.1,97545.0,97134.93,1746578700000,5431
210.74916827999996,97523.5935,97427.1,97480.1,97840.0,97379.9,1746579600000,7522
137.23919046999995,97496.5889,97494.94,97541.62,97668.0,97400.1,1746580500000,5624
116.64251763000001,97451.3209,97541.61,97298.94,97643.0,97275.3,1746581400000,5825
73.97950114,97330.2871,97298.94,97257.78,97545.0,97199.03,1746582300000,4906
239.49213879999996,96973.5556,97257.77,96972.51,97394.0,96767.5,1746583200000,6564
68.37119982,96963.9835,96972.51,96892.92,97170.0,96846.43,1746584100000,4583
108.98331092000001,96829.9811,96890.04,96726.99,97021.0,96718.29,1746585000000,4296
135.03360081,96628.979,96727.07,96628.52,96880.0,96481.3,1746585900000,4321
111.05267041000002,96506.8347,96616.1,96425.39,96768.0,96385.83,1746586800000,4813
158.61584879,96348.1812,96425.38,96442.69,96607.0,96207.28,1746587700000,5679
58.38618236,96509.8927,96442.69,96499.84,96691.0,96441.57,1746588600000,3604
42.34614828,96488.4543,96499.84,96498.78,96688.0,96420.0,1746589500000,2788
59.33932333999999,96604.5414,96486.8,96701.99,96826.0,96486.7,1746590400000,2809
61.534694740000006,96646.4806,96702.0,96554.72,96811.0,96554.71,1746591300000,2386
25.22288695,96492.3289,96554.71,96507.62,96711.0,96441.4,1746592200000,2018
53.18945154000001,96519.1248,96506.2,96573.49,96709.0,96400.68,1746593100000,2567
34.876915999999994,96514.4301,96547.8,96490.61,96709.0,96452.76,1746594000000,2996
47.25124708,96447.4456,96490.6,96431.5,96611.0,96374.99,1746594900000,2683
50.81758180999999,96383.5398,96419.9,96361.05,96570.0,96321.06,1746595800000,2834
25.07423217,96359.2628,96350.4,96376.84,96543.0,96306.8,1746596700000,1901
75.65105091000001,96512.7622,96312.2,96660.02,96749.0,96312.2,1746597600000,3275
27.9254289,96590.2206,96660.01,96588.28,96749.0,96509.1,1746598500000,2179
32.02995254,96528.0061,96521.3,96523.98,96695.0,96449.39,1746599400000,2353
29.40029463,96524.2717,96523.98,96556.91,96669.0,96435.24,1746600300000,2042
23.51322838,96605.0292,96511.6,96667.21,96789.0,96511.5,1746601200000,1811
32.77253073,96734.4347,96667.21,96779.05,96919.0,96641.61,1746602100000,2333
100.4702133,96812.5287,96773.84,96882.34,96970.0,96729.11,1746603000000,3594
106.26855901,96959.2468,96891.38,97000.82,97120.0,96825.3,1746603900000,3638
95.6259973,96938.7137,97000.81,96878.98,97119.0,96864.0,1746604800000,2297
33.24408295999999,96915.428,96877.89,96917.06,97068.0,96868.74,1746605700000,1902
27.751880740000004,97011.5774,96922.1,97030.98,97177.0,96886.0,1746606600000,1955
31.6625093,97023.6828,97030.97,97022.95,97206.0,96970.86,1746607500000,1689
24.74501401,96993.0499,97000.0,96955.28,97177.0,96929.05,1746608400000,1737
20.527145089999998,96930.5351,96955.28,96917.89,97099.0,96873.17,1746609300000,1494
20.50880742,96905.2025,96917.89,96990.1,97128.0,96868.28,1746610200000,1685
43.523172710000004,96987.9307,97014.53,96980.77,97149.0,96955.68,1746611100000,1567
40.4831979,96958.4626,96976.1,96954.82,97110.0,96886.92,1746612000000,2150
32.328133709999996,96912.0282,96954.82,96879.46,97088.0,96841.01,1746612900000,2102
60.06069128000001,96941.918,96879.46,97069.27,97145.0,96842.97,1746613800000,2992
63.640059449999995,97051.5559,97069.27,97039.0,97200.0,96999.9,1746614700000,2586
26.50328559,97022.5072,97039.0,97060.33,97145.0,96955.54,1746615600000,2434
19.448062209999996,97019.9075,97060.33,96959.76,97163.0,96959.76,1746616500000,1976
23.271478470000005,96997.5714,96959.76,97047.01,97128.0,96950.0,1746617400000,2406
50.14377528,97047.6197,97120.0,97071.81,97168.0,96995.01,1746618300000,2882
84.44107571,97037.1283,97071.81,97014.63,97188.0,96930.24,1746619200000,3056
80.19028912999998,97109.8662,97014.63,96992.71,97311.0,96965.8,1746620100000,4066
55.75922691,96964.1199,96998.65,96949.12,97095.0,96885.97,1746621000000,3157
36.39475357,96970.9613,96949.11,96979.99,97069.0,96895.7,1746621900000,2823
62.78779902,96889.908,96980.0,96851.07,97026.0,96836.72,1746622800000,3364
84.8488858,96786.998,96851.07,96734.04,96959.0,96724.6,1746623700000,3709
281.23546058,97025.743,96735.91,97237.1,97378.0,96719.32,1746624600000,9456
220.96573997000004,97065.8926,97239.66,97044.22,97339.0,96850.68,1746625500000,7021
272.6610045,97209.3054,97027.4,97218.3,97387.0,96981.66,1746626400000,7437
266.95069976,97324.6264,97243.1,97442.3,97524.0,97144.85,1746627300000,6476
253.91568389999998,97429.5031,97488.18,97325.22,97572.0,97319.4,1746628200000,5458
156.60115632000003,97040.5313,97343.8,96945.0,97400.0,96814.91,1746629100000,5923
91.66385678000002,96900.3145,96900.0,96889.9,97064.02,96772.11,1746630000000,5106
133.75401994,96992.7614,96889.91,97041.81,97084.0,96868.69,1746630900000,5244
129.06112530000001,97086.4289,96976.6,97111.0,97199.0,96934.02,1746631800000,5524
75.57875399999999,96963.674,97111.27,96946.41,97156.0,96845.32,1746632700000,4223
150.93042111,96817.2837,96919.9,96824.97,96993.0,96666.7,1746633600000,5997
87.78078578000002,96676.841,96829.5,96543.33,96872.17,96540.97,1746634500000,3412
51.55672125,96602.2787,96543.33,96714.12,96774.0,96521.6,1746635400000,2588
166.90416148,96870.0716,96679.9,96865.29,97039.0,96679.9,1746636300000,4510
62.346385309999995,96808.7298,96865.29,96852.96,96970.0,96741.43,1746637200000,3515
90.03685313000001,96710.534,96852.96,96743.0,96969.0,96638.57,1746638100000,3771
108.44968952,96629.9116,96661.99,96581.9,96792.0,96564.57,1746639000000,4352
297.35216765,96396.9814,96588.94,96318.6,96801.0,96189.79,1746639900000,8464
461.10455297000004,96224.0032,96316.58,96238.72,96739.0,95897.42,1746640800000,13631
159.33133005000002,96374.6939,96233.47,96447.69,96611.0,96111.13,1746641700000,6579
262.18195550999997,96668.3397,96447.69,96423.06,96947.0,96300.0,1746642600000,8948
266.50513912,96301.8649,96427.89,96616.54,96688.0,96002.0,1746643500000,8555
168.35233121,96467.0695,96618.81,96411.54,96707.0,96315.44,1746644400000,6096
157.43230441000003,96271.6269,96411.54,96027.2,96532.0,96005.64,1746645300000,5986
300.77700039999996,96090.7123,96027.19,96489.32,96709.0,95800.0,1746646200000,9366
148.43281668,96248.724,96489.33,96208.29,96607.0,96091.0,1746647100000,7230
83.25421884999999,96282.2563,96200.57,96411.97,96512.0,96092.02,1746648000000,5093
53.81524331,96336.5707,96384.4,96326.55,96520.0,96243.07,1746648900000,3665
63.011420539999996,96380.2611,96326.55,96484.19,96549.0,96294.2,1746649800000,4204
289.42506515,96666.663,96484.2,96804.91,96845.0,96418.0,1746650700000,7308
196.31898303,96779.1062,96759.3,96818.5,96912.0,96683.06,1746651600000,4215
162.23439611,96959.9377,96843.4,97100.0,97220.0,96808.4,1746652500000,4036
75.64536856000002,97133.0383,97170.27,97325.0,97325.0,96990.87,1746653400000,4903
52.50685903999999,97216.6185,97264.3,97143.39,97393.0,97028.82,1746654300000,4156
109.52531518000002,97221.2255,97123.2,97189.71,97370.0,97088.95,1746655200000,5937
33.03983363,97104.8075,97189.68,97068.59,97275.0,97027.0,1746656100000,3937
64.64031845000001,97167.6153,97075.0,97256.46,97329.0,97031.6,1746657000000,3905
33.59959131,97230.8894,97256.46,97279.74,97350.0,97182.1,1746657900000,3696
118.84316283,97362.4759,97236.0,97365.83,97480.0,97236.0,1746658800000,5688
46.497160009999995,97267.3917,97365.83,97220.4,97441.0,97213.4,1746659700000,3591
55.966717579999994,97157.2952,97237.32,97066.47,97336.0,97028.68,1746660600000,3839
28.28482507,97051.1083,97066.48,97058.32,97175.0,96984.43,1746661500000,3600
43.07650459000001,97088.1159,97031.4,97108.78,97205.0,96994.69,1746662400000,3766
38.136557270000004,97106.7956,97108.76,97148.72,97246.0,97025.02,1746663300000,3802
103.19504067000001,96972.5135,97148.71,96949.08,97229.0,96874.9,1746664200000,4037
234.94492979,97512.3792,96949.08,97767.01,97858.0,96910.25,1746665100000,7092
591.21828862,98033.6186,97730.0,97873.46,98414.0,97729.9,1746666000000,16978
175.73993827999996,98003.8612,97869.88,97999.3,98175.0,97615.68,1746666900000,7024
64.10455000999998,97964.3206,97999.3,97852.98,98120.0,97814.68,1746667800000,5137
115.74398903000002,97827.1182,97852.99,97837.77,98040.0,97725.3,1746668700000,6044
126.36533668000003,98003.3843,97839.19,98099.99,98139.0,97777.5,1746669600000,5568
314.24729213999996,98396.1698,98099.99,98619.46,98673.0,98049.9,1746670500000,9830
224.08796718999997,98733.1819,98612.62,98689.73,98900.0,98530.8,1746671400000,9722
102.02016712000001,98765.8822,98689.74,98701.25,98900.0,98660.79,1746672300000,5759
126.13816145999998,98724.0613,98682.8,98800.38,98933.0,98544.95,1746673200000,6256
58.14056693,98809.7024,98800.38,98819.54,98900.0,98702.43,1746674100000,4745
224.25427722,98937.4355,98819.53,99122.28,99191.0,98735.61,1746675000000,7353
238.79940871,99054.0667,99118.37,99160.03,99269.0,98840.0,1746675900000,7674
191.81070449999999,99252.9801,99158.0,99224.06,99457.0,99111.8,1746676800000,7534
123.88813496999998,99346.9105,99220.39,99378.86,99473.0,99204.7,1746677700000,5948
118.34136274000001,99271.5348,99378.87,99156.94,99442.0,99142.76,1746678600000,5151
157.83954937,99056.8795,99156.94,98968.74,99283.0,98944.46,1746679500000,5538
79.32626256,99027.9323,98956.0,98931.78,99189.0,98923.5,1746680400000,4498
62.317683339999995,98887.5548,98923.6,98948.86,99032.0,98800.0,1746681300000,3696
40.751211479999995,98913.3834,98860.0,98891.0,99008.0,98820.11,1746682200000,2628
44.62474078,98819.6647,98861.0,98760.69,98944.0,98742.22,1746683100000,2517
57.24256043999999,98787.3976,98773.4,98898.51,98968.0,98680.0,1746684000000,2976
69.68858236,98854.2504,98898.51,98841.72,98967.0,98813.63,1746684900000,2496
100.44089221,98850.5008,98830.3,98901.89,98965.0,98797.09,1746685800000,3159
65.18748054000001,98935.4015,98911.84,99020.91,99082.0,98846.83,1746686700000,2711
47.26655278,99118.3847,99000.0,99149.73,99220.0,98999.9,1746687600000,2966
59.36330907999999,99230.3123,99148.58,99330.32,99369.0,99122.24,1746688500000,3113
52.39726437999999,99289.0695,99330.3,99304.0,99409.0,99198.84,1746689400000,3384
57.01960409000001,99272.9176,99365.02,99274.11,99394.0,99214.8,1746690300000,2759
207.68131734,99459.566,99229.5,99491.16,99666.0,99222.6,1746691200000,5647
138.33332172,99623.8156,99489.56,99545.33,99760.0,99457.37,1746692100000,4343
59.215405249999996,99551.1888,99560.0,99640.96,99694.0,99446.8,1746693000000,3013
123.49391205,99719.4241,99640.98,99686.09,99857.0,99609.78,1746693900000,4390
86.38822903,99628.744,99730.1,99611.09,99754.0,99568.08,1746694800000,3084
79.5229505,99654.8101,99599.7,99665.07,99716.0,99579.7,1746695700000,2709
69.43309503,99600.0237,99656.0,99608.3,99694.0,99547.36,1746696600000,2857
82.48950791,99750.7684,99608.3,99802.92,99860.0,99608.3,1746697500000,3520
132.24277108,99756.6272,99802.93,99700.01,99861.0,99692.05,1746698400000,3692
66.81461123,99812.571,99700.01,99839.4,99883.0,99700.0,1746699300000,3243
70.54848853000001,99830.6452,99838.54,99794.8,99900.0,99766.33,1746700200000,3629
96.58361975999999,99852.2062,99794.8,99804.5,99919.99,99774.69,1746701100000,3944
57.55685225,99701.9763,99800.41,99623.32,99829.0,99612.27,1746702000000,4108
73.05787771,99580.3482,99623.32,99508.33,99719.0,99495.59,1746702900000,4012
68.76776337999999,99540.829,99511.82,99540.8,99623.0,99457.28,1746703800000,4011
49.05788529,99509.4443,99583.71,99423.03,99602.0,99414.19,1746704700000,3575
76.40132609000001,99441.6596,99433.1,99401.51,99520.0,99349.23,1746705600000,4026
80.34654573,99489.9269,99401.51,99446.11,99585.0,99401.5,1746706500000,4405
91.46013162,99376.6851,99446.11,99319.95,99600.0,99271.53,1746707400000,5001
82.38907427000001,99371.805,99319.96,99308.61,99495.0,99278.1,1746708300000,4061
103.84144538000001,99329.7063,99308.6,99280.67,99438.0,99260.0,1746709200000,4145
108.28193275999999,99384.8501,99282.78,99399.5,99468.0,99261.36,1746710100000,4530
332.06171898,99431.4647,99399.5,99318.76,99669.0,99234.1,1746711000000,8531
218.65560288,99261.5673,99318.75,99322.48,99443.18,99099.0,1746711900000,7034
342.46663658000006,99399.3645,99301.7,99210.82,99574.0,99189.14,1746712800000,8295
203.23318564,99451.1832,99210.81,99531.91,99644.0,99201.7,1746713700000,7509
224.58866873,99673.0324,99531.91,99663.87,99888.0,99520.0,1746714600000,8295
284.84629664,99656.446,99663.87,99417.67,99888.0,99385.0,1746715500000,9819
265.60118930999994,99559.5225,99394.8,99780.02,99870.0,99348.7,1746716400000,8381
1545.34283535,100287.6375,99778.35,100648.18,100920.0,99655.3,1746717300000,26922
881.76487959,100970.7149,100648.04,101282.16,101600.0,100439.47,1746718200000,21573
683.5167061000001,101052.5397,101282.16,100795.68,101500.0,100679.0,1746719100000,17844
482.00088565,100855.3855,100799.1,101003.22,101070.0,100580.02,1746720000000,15272
393.83078625,101005.0624,101003.22,100894.43,101220.0,100814.66,1746720900000,10805
355.8507152900001,101067.6819,100867.7,101194.22,101260.0,100750.4,1746721800000,10139
302.9035171299999,101289.978,101194.21,101317.13,101430.0,101100.0,1746722700000,10436
315.17209130000003,101259.8314,101317.12,101293.03,101370.0,101137.1,1746723600000,10509
521.44392365,101546.9137,101293.04,101566.89,101780.0,101266.0,1746724500000,10153
182.50362184,101395.1684,101566.88,101116.94,101660.0,101052.01,1746725400000,7676
160.34095048,100971.2789,101100.18,101000.0,101160.0,100811.2,1746726300000,7971
201.84227221999996,101189.2696,101046.79,101289.01,101360.78,100999.9,1746727200000,8704
192.9534308,101348.6088,101272.33,101341.04,101442.37,101237.11,1746728100000,8951
113.39528535,101413.6964,101341.04,101400.0,101510.0,101289.83,1746729000000,6223
116.84988529000002,101366.9428,101400.0,101391.89,101459.57,101276.88,1746729900000,6378
162.44253845,101198.7593,101391.86,101090.45,101391.86,101074.0,1746730800000,6749
220.41817657,101160.7612,101103.1,101207.17,101410.0,101010.0,1746731700000,7971
187.20941333000005,101276.0738,101225.62,101270.71,101366.45,101182.2,1746732600000,6548
317.38306819999997,101223.9066,101270.97,101335.87,101380.0,100989.02,1746733500000,9393
256.7102581,101574.6814,101337.6,101474.83,101862.93,101249.9,1746734400000,9575
85.45332594999999,101449.2219,101474.84,101555.6,101618.09,101314.3,1746735300000,5777
532.702175,102024.1888,101605.62,102141.8,102309.83,101571.4,1746736200000,16092
438.68171463,102481.3172,102150.57,102592.9,102842.27,102036.72,1746737100000,15452
344.27411768999997,102389.4538,102592.9,102533.16,102698.87,102124.41,1746738000000,12330
814.8524932,103431.1963,102533.16,103306.06,104190.0,102451.2,1746738900000,26359
261.07005431,103326.8966,103314.65,103002.72,103710.0,102850.0,1746739800000,13171
327.52614579,102925.5261,103004.71,102815.96,103320.0,102602.65,1746740700000,10611
214.36765455,102562.2981,102815.97,102554.19,102870.0,102343.4,1746741600000,9591
157.83670472999998,102803.4239,102555.0,102814.98,103070.0,102555.0,1746742500000,8107
131.07387047,102896.4628,102769.9,103177.99,103200.0,102651.86,1746743400000,6973
87.57204928000002,103011.2108,103180.66,102999.98,103250.0,102869.04,1746744300000,5919
76.53443037,102942.7747,102921.5,102978.54,103110.0,102783.38,1746745200000,5606
90.93172568,102989.1175,102978.53,102844.21,103200.0,102761.77,1746746100000,5485
117.75814538,102971.9525,102842.26,103078.99,103116.06,102806.3,1746747000000,5850
358.88404175999995,103208.521,103078.88,103228.0,103310.0,103024.29,1746747900000,6925
92.38519429000002,103109.6795,103228.0,103060.68,103270.0,103000.0,1746748800000,5348
81.25576095,103002.8352,103049.22,102889.9,103190.0,102810.5,1746749700000,5832
103.02240830000001,102688.6935,102826.34,102694.71,102890.0,102529.76,1746750600000,6427
89.23651588999999,102813.3355,102694.72,102810.15,103058.34,102607.3,1746751500000,5460
55.30168859,102788.316,102810.15,102731.84,102970.0,102689.2,1746752400000,5384
66.28988251,102715.8979,102730.77,102752.49,102996.38,102521.36,1746753300000,5315
53.313100389999995,102741.1997,102752.48,102904.89,102919.96,102612.52,1746754200000,5539
69.83146461,102937.7432,102904.89,103080.73,103130.0,102823.51,1746755100000,5385
45.20296166000001,102965.2064,103087.81,102897.54,103120.0,102871.55,1746756000000,4793
43.273204580000005,102815.8696,102902.56,102708.36,102999.98,102700.03,1746756900000,5373
44.18684662,102680.6433,102707.37,102618.48,102761.95,102605.53,1746757800000,4324
52.39079141,102600.3375,102618.49,102509.7,102724.8,102500.0,1746758700000,4676
80.87479608,102608.3129,102509.7,102720.83,102778.97,102414.7,1746759600000,5113
53.57995078,102671.5727,102720.83,102622.31,102800.0,102585.94,1746760500000,4157
55.66680995,102494.4943,102625.41,102400.0,102650.0,102352.3,1746761400000,4489
60.709692950000004,102398.3743,102360.56,102433.37,102500.0,102350.01,1746762300000,3875
54.769064130000004,102505.8876,102372.0,102638.79,102680.0,102350.64,1746763200000,3661
47.268561070000004,102609.7683,102637.02,102543.6,102710.0,102508.31,1746764100000,3601
38.523462480000006,102532.3374,102586.4,102565.94,102610.0,102456.07,1746765000000,3759
74.73119743,102716.6074,102565.94,102812.11,102850.0,102518.3,1746765900000,4185
63.712627180000005,102775.3921,102798.9,102728.09,102880.0,102700.55,1746766800000,3527
31.36852817,102665.956,102727.71,102717.69,102760.0,102566.61,1746767700000,2852
45.03407807000001,102856.5329,102665.0,102911.0,102940.0,102664.9,1746768600000,3025
38.820387780000004,102920.2497,102891.7,102944.0,102980.0,102869.25,1746769500000,2325
35.67677521000001,102961.2975,102939.9,102920.35,103030.0,102904.01,1746770400000,2679
70.61494703,103058.0104,102920.36,103108.89,103210.0,102904.0,1746771300000,3462
75.05894619,103084.6882,103105.5,103029.14,103210.0,102971.02,1746772200000,3420
59.092877730000005,103162.9904,103029.13,103214.48,103260.0,102999.9,1746773100000,3268
127.02922826000001,103326.0073,103214.49,103499.99,103530.0,103115.24,1746774000000,4636
172.42665182000002,103628.6847,103500.0,103786.17,103820.0,103437.94,1746774900000,5797
175.70997885,103820.0311,103786.17,103905.37,104000.0,103522.46,1746775800000,6300
241.45219089999998,103992.329,103907.04,103659.95,104352.6,103644.18,1746776700000,8165
95.95436052,103594.5144,103729.8,103536.5,103737.05,103386.24,1746777600000,4718
72.73298267000001,103720.3496,103536.47,103637.64,103980.0,103480.6,1746778500000,4822
154.04064272000002,103286.4428,103641.0,102761.08,103920.0,102650.0,1746779400000,7648
110.35078247,102916.0522,102776.58,102968.15,103090.0,102730.1,1746780300000,5154
91.72096344,102918.5875,102961.3,102628.11,103300.0,102559.0,1746781200000,5917
110.84988844,102726.6406,102638.52,102553.26,103020.0,102432.52,1746782100000,5076
68.21029358999999,102714.3005,102559.11,102764.68,102910.0,102413.91,1746783000000,3837
31.72716521,102779.1104,102765.3,102910.51,102959.61,102575.88,1746783900000,3412
50.02281734,102974.0529,102863.7,103024.6,103095.91,102796.5,1746784800000,3834
64.34659180999999,103018.6825,103035.23,103082.47,103117.26,102915.23,1746785700000,4316
80.74921811,103139.309,103082.46,103248.78,103278.72,102939.77,1746786600000,4381
45.73445634,103330.3046,103248.78,103340.99,103450.0,103205.02,1746787500000,3779
95.12609751000002,103182.2062,103345.75,103215.0,103360.0,103072.28,1746788400000,4004
164.73626308,103122.8334,103224.05,103025.51,103500.0,102612.4,1746789300000,7218
77.39402879,103043.2448,103027.51,103113.0,103150.0,102833.6,1746790200000,3722
55.01762090999999,103041.0404,103106.2,102942.84,103242.44,102900.76,1746791100000,3461
62.81177099,102926.0471,102976.8,102940.49,103130.0,102784.23,1746792000000,4691
68.52759634,103015.8808,102935.11,103105.21,103160.0,102867.48,1746792900000,4056
67.91238824000001,103020.6953,103099.9,102991.19,103160.0,102916.84,1746793800000,6544
106.25225859999999,103010.0671,102990.44,102898.83,103130.0,102865.59,1746794700000,5517
70.49953635,103033.0141,102898.82,103079.6,103150.0,102882.31,1746795600000,5712
65.23358319,103012.8518,103128.17,102993.44,103169.34,102894.1,1746796500000,4922
180.3249411,103171.0588,103006.8,103262.12,103381.09,102820.13,1746797400000,8089
343.76074843000004,103631.8378,103262.15,103641.82,103799.48,103231.12,1746798300000,10384
413.70336641999995,103495.7652,103641.78,103565.79,103697.13,103311.89,1746799200000,12514
341.88619945000005,103139.4477,103565.79,102672.87,103777.0,102612.0,1746800100000,12340
353.84042077,102731.8809,102672.86,102969.46,103042.14,102410.0,1746801000000,10656
202.21398936000003,102955.3303,102969.46,103193.22,103208.49,102622.21,1746801900000,8976
135.90085307,103146.0412,103148.9,103104.19,103331.14,103003.14,1746802800000,7033
141.5068711,102938.3728,103104.19,102878.02,103172.47,102735.0,1746803700000,7911
137.57278402,102809.4191,102878.03,102855.56,102941.7,102684.66,1746804600000,7795
99.01719811000002,102868.4442,102855.56,102909.0,102967.21,102725.45,1746805500000,6528
167.39643408,102722.4357,102872.0,102824.14,102951.88,102511.42,1746806400000,9124
116.54404054000001,102826.4851,102825.27,102769.51,102940.04,102640.0,1746807300000,7075
121.90239032999999,102812.919,102761.81,102738.57,102912.25,102670.0,1746808200000,6015
146.95025900000002,102591.0275,102738.56,102500.0,102784.7,102330.76,1746809100000,6725
140.60976392999999,102620.3164,102500.0,102791.25,102909.0,102330.0,1746810000000,6813
152.22613795,102988.556,102795.27,103047.83,103076.99,102772.1,1746810900000,7365
75.75368681999998,103112.2807,103061.53,103142.04,103238.57,102963.24,1746811800000,5183
75.25243680000003,103185.6939,103142.03,103220.67,103256.08,103110.0,1746812700000,4840
72.42296086,103136.1148,103186.2,103112.06,103269.93,103020.0,1746813600000,5240
63.48742798,103125.1535,103112.04,103199.11,103244.3,102955.05,1746814500000,5189
102.51057922,103277.2481,103199.11,103329.86,103386.33,103134.7,1746815400000,5665
135.7819646,103314.5067,103329.86,103203.5,103413.26,103190.0,1746816300000,6173
178.91974235000004,103254.3729,103203.53,103140.0,103328.6,103140.0,1746817200000,6026
156.62971889999997,103029.597,103171.69,103011.8,103210.6,102899.9,1746818100000,5779
188.91637459999998,103066.4392,103016.39,103125.68,103148.37,102890.0,1746819000000,5799
230.36908069999998,103165.2178,103125.68,103229.28,103248.0,103060.0,1746819900000,6403
107.96596298,103300.4686,103240.53,103338.76,103454.3,103179.8,1746820800000,5791
58.764754460000006,103344.9137,103338.77,103340.66,103389.3,103290.0,1746821700000,3862
51.746277619999994,103266.6199,103340.68,103259.3,103341.58,103190.0,1746822600000,4143
58.87443754,103205.0637,103236.6,103211.32,103274.75,103140.0,1746823500000,4030
41.75670346,103135.9707,103157.1,103031.11,103244.04,102970.0,1746824400000,4828
52.506795329999996,102905.075,103031.11,102953.26,103104.5,102787.92,1746825300000,5096
48.27986122,102914.809,102951.98,102837.23,103023.36,102790.0,1746826200000,4038
38.247444460000004,102885.7816,102837.23,103000.0,103011.52,102750.0,1746827100000,3766
41.620225839999996,103037.0864,103000.0,103038.37,103084.62,102930.0,1746828000000,4539
26.150231130000005,102988.8019,103032.19,103068.2,103068.22,102920.0,1746828900000,4163
20.908960560000004,102978.9463,102999.9,102961.3,103098.92,102890.0,1746829800000,4013
25.588929849999996,102874.3331,102961.3,102791.84,102985.56,102720.0,1746830700000,4114
51.966814160000006,102788.2235,102794.9,102888.71,102893.58,102720.0,1746831600000,4261
32.258992649999996,102904.9058,102888.47,102941.23,102991.72,102800.0,1746832500000,4520
24.830054509999997,102922.4092,102941.22,102930.86,102998.17,102830.0,1746833400000,4296
62.43689446,102956.9225,102931.79,102976.9,102999.98,102860.0,1746834300000,3800
52.19118748999999,103035.3925,102977.0,103010.65,103110.0,102880.0,1746835200000,5087
41.69236713000001,103017.7816,103010.64,102915.3,103124.99,102900.0,1746836100000,5002
34.508474070000005,102907.2366,102946.23,102892.75,103009.67,102840.0,1746837000000,4584
24.786965409999997,102888.3223,102888.64,102867.38,102975.21,102800.0,1746837900000,4392
25.548112509999996,102915.1282,102862.1,102970.25,102989.03,102820.0,1746838800000,3677
27.118653919999996,103033.5368,102970.25,103069.73,103099.73,102890.3,1746839700000,3628
33.752077979999996,103055.5977,103069.73,103028.75,103129.78,103000.0,1746840600000,3654
37.379091079999995,102985.5601,103036.27,102993.6,103088.7,102900.0,1746841500000,3476
18.59974608,103004.2072,102960.0,103067.9,103073.08,102930.0,1746842400000,2644
30.850197219999995,103025.8923,103067.9,103019.98,103095.4,102920.0,1746843300000,2936
34.225884369999996,103128.9656,103019.97,103198.94,103238.58,102970.0,1746844200000,3391
34.49147883,103172.7748,103194.53,103149.61,103296.92,103080.0,1746845100000,3585
28.154360839999995,103114.8446,103140.1,103115.71,103180.88,103040.0,1746846000000,3740
27.865662059999995,103047.7595,103100.1,103050.31,103120.15,102930.0,1746846900000,3147
25.231079980000004,103105.4214,103050.32,103200.78,103200.79,102980.0,1746847800000,2711
27.014669950000002,103189.6431,103200.79,103200.0,103249.99,103113.9,1746848700000,2588
33.164449080000004,103142.8169,103200.0,103080.0,103235.24,103030.0,1746849600000,2859
41.91949219999999,103143.9954,103149.08,103143.6,103223.6,103040.0,1746850500000,3149
23.173796590000002,103148.7857,103143.59,103167.39,103211.57,103070.0,1746851400000,2517
23.5009406,103167.215,103167.4,103130.0,103213.58,103080.0,1746852300000,2327
25.3938554,103177.0564,103150.1,103168.93,103228.01,103100.0,1746853200000,2418
72.70796374,103182.6767,103168.93,103201.26,103327.98,103060.0,1746854100000,3665
26.529106869999996,103193.2483,103150.0,103245.39,103267.12,103110.0,1746855000000,2389
35.63016417,103273.8883,103223.5,103299.9,103383.21,103120.0,1746855900000,2800
56.80592414000001,103465.2355,103300.0,103417.08,103546.71,103299.9,1746856800000,3754
71.03852421000002,103590.0033,103410.0,103741.98,103747.4,103360.0,1746857700000,3575
55.47287163000001,103762.0173,103686.7,103657.4,103884.85,103610.0,1746858600000,3359
66.26634129,103716.955,103653.56,103947.84,103947.86,103551.53,1746859500000,3370
139.66819146999998,103966.6133,103947.83,103808.98,104099.0,103770.0,1746860400000,4529
52.394669629999996,103762.6111,103808.97,103751.35,103909.31,103630.0,1746861300000,2690
23.674678979999996,103742.7966,103751.34,103670.34,103838.46,103640.0,1746862200000,2206
68.92146984,103715.9313,103670.34,103779.9,103900.48,103610.0,1746863100000,2688
67.22686793000001,103911.8787,103787.9,103822.8,104099.12,103720.0,1746864000000,3795
38.00136096,103889.7061,103832.46,104018.03,104036.57,103790.0,1746864900000,2569
31.628857319999995,103941.0183,104000.0,103900.0,104027.52,103820.0,1746865800000,2286
55.28963177000001,103687.0215,103900.0,103647.39,103930.94,103440.0,1746866700000,3470
64.72315539,103464.3492,103590.0,103483.1,103686.49,103340.0,1746867600000,3872
28.54536089,103493.5554,103483.09,103601.5,103646.86,103390.0,1746868500000,2225
25.86031288,103731.6831,103601.5,103745.24,103933.2,103520.0,1746869400000,2561
24.18058443,103820.1004,103745.24,103778.13,103900.81,103720.0,1746870300000,2267
16.481593850000003,103801.4676,103804.7,103827.34,103910.13,103700.0,1746871200000,2225
24.76684052,103835.6147,103827.34,103774.71,103912.01,103710.0,1746872100000,2125
24.597081569999997,103781.2017,103773.59,103743.21,103879.72,103640.0,1746873000000,2567
21.677394409999998,103694.2701,103743.2,103608.49,103819.9,103540.0,1746873900000,2825
24.241348390000002,103588.1452,103630.8,103631.54,103674.19,103480.0,1746874800000,2769
18.164912499999996,103570.9928,103631.53,103570.02,103652.06,103460.0,1746875700000,2300
55.893485319999996,103468.6717,103570.01,103468.8,103575.67,103310.0,1746876600000,3501
38.51011731999999,103442.4005,103468.79,103440.31,103521.77,103310.0,1746877500000,2794
22.827798549999997,103517.1886,103426.4,103610.33,103660.42,103320.0,1746878400000,2283
40.734735189999995,103626.2268,103610.34,103738.13,103799.99,103470.0,1746879300000,2940
45.256061349999996,103659.5297,103738.13,103668.83,103848.06,103530.0,1746880200000,2983
54.02040825,103688.1561,103668.82,103716.83,103860.0,103540.0,1746881100000,3061
25.809174709999997,103717.6824,103686.7,103689.16,103813.1,103580.0,1746882000000,2752
27.27451662999999,103588.7266,103689.15,103609.99,103689.16,103440.0,1746882900000,2570
19.49348945,103566.9875,103600.0,103613.11,103672.65,103430.0,1746883800000,2757
41.205377760000005,103606.8611,103616.96,103640.85,103720.79,103470.0,1746884700000,3009
22.895333809999997,103570.7624,103628.0,103575.98,103684.02,103420.0,1746885600000,3037
35.428282880000005,103507.4033,103569.1,103518.77,103589.99,103330.0,1746886500000,3062
25.592070160000002,103516.3007,103518.78,103564.06,103564.07,103370.0,1746887400000,2733
39.668461869999994,103511.6251,103510.0,103537.48,103646.52,103350.0,1746888300000,3330
21.782145980000003,103475.779,103528.0,103508.15,103556.08,103320.0,1746889200000,2917
31.286721560000004,103457.5227,103508.16,103485.57,103530.42,103320.0,1746890100000,3159
57.98516310999998,103344.4214,103480.1,103338.59,103525.29,103130.0,1746891000000,4151
115.31312305999998,103247.6139,103330.1,103156.75,103421.92,103030.0,1746891900000,4878
60.767042450000005,103201.0926,103186.9,103265.25,103288.39,103050.0,1746892800000,3919
51.11773811,103375.1693,103250.0,103339.8,103560.45,103120.0,1746893700000,4237
32.93834298,103403.9891,103328.57,103387.98,103519.22,103180.0,1746894600000,3867
35.77756663,103342.8642,103386.8,103446.64,103487.99,103140.0,1746895500000,4012
28.623922460000003,103446.3657,103399.9,103397.23,103522.77,103280.0,1746896400000,3793
38.85109988,103437.7071,103401.78,103439.48,103550.0,103230.0,1746897300000,4272
50.955150270000004,103479.2538,103435.57,103438.71,103623.08,103320.0,1746898200000,4761
72.11295120000001,103286.4091,103431.18,103185.01,103496.08,103070.0,1746899100000,5371
25.6074296,103229.0916,103200.1,103315.07,103333.33,103050.0,1746900000000,3509
30.02549275,103211.9807,103315.17,103200.0,103334.36,103040.0,1746900900000,3447
61.35156011,103099.2807,103200.1,103163.83,103263.22,102820.0,1746901800000,4703
48.91648276,103231.2078,103163.83,103261.02,103340.18,103010.0,1746902700000,3710
22.553178839999998,103144.2382,103261.03,103104.75,103296.6,102970.0,1746903600000,3602
24.907711550000002,103182.1696,103104.75,103230.57,103268.16,102970.0,1746904500000,2922
34.940383419999996,103261.2188,103238.46,103271.07,103330.19,103130.0,1746905400000,3695
20.54000217,103228.2702,103270.23,103205.1,103291.3,103110.0,1746906300000,3661
24.46447138,103143.5133,103205.1,103232.6,103241.29,103020.0,1746907200000,3433
21.784549070000004,103220.3661,103232.59,103223.11,103280.0,103080.0,1746908100000,3167
25.628483420000002,103235.9754,103228.2,103303.34,103314.11,103100.0,1746909000000,3176
43.54235454999999,103252.5612,103303.35,103201.77,103333.07,103060.0,1746909900000,3463
23.692480860000003,103205.7407,103200.2,103282.66,103347.2,103060.0,1746910800000,3779
29.476959230000006,103215.2461,103282.65,103234.99,103282.93,103100.0,1746911700000,3187
25.81766846,103246.7991,103235.01,103386.6,103386.7,103110.0,1746912600000,3472
73.34030189999999,103588.9781,103378.04,103770.0,103827.69,103260.0,1746913500000,5456
54.792217009999995,103644.8641,103759.87,103603.9,103819.14,103490.0,1746914400000,5098
66.34428056,103666.9917,103603.9,103642.36,103766.95,103490.0,1746915300000,4410
34.54355631,103721.7446,103686.7,103671.1,103844.98,103600.0,1746916200000,4257
54.39923918999999,103660.9342,103671.11,103612.4,103756.7,103530.0,1746917100000,4364
64.77451518999999,103723.521,103612.31,103903.7,103993.0,103510.0,1746918000000,5390
512.4545136300001,104560.3862,103992.98,104805.06,104997.0,103900.0,1746918900000,18375
177.25228537,104502.8625,104806.58,104397.68,104869.19,104270.0,1746919800000,7732
106.30049911000002,104640.8943,104400.15,104821.19,104835.7,104310.0,1746920700000,6596
92.8187819,104807.3941,104817.83,104629.75,104980.89,104560.0,1746921600000,7140
163.42987345999998,104308.531,104629.75,103925.45,104678.46,103845.9,1746922500000,8351
78.32993536000001,104225.3087,103934.15,104416.31,104431.59,103930.0,1746923400000,6639
67.49993192999999,104485.8074,104416.34,104427.33,104598.09,104310.0,1746924300000,4479
41.00636995000001,104311.8032,104427.32,104482.5,104537.24,104080.0,1746925200000,4174
34.312859380000006,104365.435,104485.25,104386.92,104500.0,104180.0,1746926100000,3818
32.37179866,104388.3349,104386.92,104401.74,104513.67,104240.0,1746927000000,3839
58.551552459999996,104087.1667,104390.18,104138.3,104391.53,103866.4,1746927900000,4964
55.41243532,103992.5769,104138.31,104023.27,104159.71,103888.5,1746928800000,4370
26.635434360000005,104163.5318,104024.4,104128.45,104271.7,103960.0,1746929700000,3147
45.886228970000005,104187.1225,104199.9,104058.81,104292.15,103960.0,1746930600000,3267
125.70775841,103749.2796,104058.81,103779.89,104126.16,103450.0,1746931500000,6424
57.026128480000004,103798.4355,103765.6,103863.33,103893.1,103660.0,1746932400000,3856
22.47013663,103899.7515,103864.7,104005.75,104013.88,103730.0,1746933300000,2697
28.548524439999998,103926.155,104010.22,104043.76,104063.66,103730.0,1746934200000,2637
72.583763,104107.0564,103970.0,103980.0,104208.15,103950.0,1746935100000,3192
66.16147765000001,104217.4911,104056.7,104347.61,104426.0,103940.0,1746936000000,4127
21.266862600000003,104272.9681,104347.61,104240.42,104382.7,104170.0,1746936900000,2445
38.840962160000004,104166.9347,104240.42,104171.56,104298.67,104020.0,1746937800000,2923
12.390770059999996,104141.1841,104171.56,104164.37,104197.29,104060.0,1746938700000,1917
20.530446280000003,104116.1142,104153.8,104119.98,104214.71,104010.0,1746939600000,2169
37.68449834,103984.9188,104119.98,103889.28,104146.1,103800.0,1746940500000,2833
25.623221470000004,103948.5328,103892.5,103997.56,104037.13,103800.0,1746941400000,2112
27.913905609999997,103892.1438,103989.8,103845.85,104019.66,103770.0,1746942300000,2042
32.55655548000001,103812.3999,103863.0,103806.0,103914.37,103700.0,1746943200000,2776
17.79142821,103889.785,103805.99,103956.27,103983.38,103720.0,1746944100000,1918
42.14366173,103789.13,103955.0,103774.12,103985.18,103660.0,1746945000000,2454
32.27224695,103718.0014,103783.73,103868.7,103882.8,103580.0,1746945900000,2962
33.72378654999999,103714.9547,103863.4,103708.4,103893.7,103570.0,1746946800000,2944
22.5961712,103684.49,103630.0,103620.0,103815.88,103540.0,1746947700000,2453
39.94753069,103543.8728,103680.3,103421.02,103715.51,103370.0,1746948600000,3223
45.47702845,103469.8774,103421.01,103393.57,103611.67,103310.0,1746949500000,2927
27.94659809,103603.5585,103402.0,103812.11,103818.32,103350.0,1746950400000,2459
28.234421609999995,103920.8174,103812.11,103869.55,104046.91,103729.6,1746951300000,2377
28.33936141,103857.8038,103888.9,103966.22,103984.84,103690.0,1746952200000,2403
12.50480609,103838.2442,103966.2,103760.0,103975.08,103750.0,1746953100000,1578
31.346708149999998,104012.4116,103839.16,104170.0,104275.86,103760.0,1746954000000,2431
40.99593534,104207.1475,104180.0,104328.51,104333.0,104080.0,1746954900000,2924
17.08506706,104255.333,104330.38,104210.0,104349.27,104160.0,1746955800000,1780
28.57983057,104381.6739,104295.7,104368.08,104499.82,104210.0,1746956700000,2724
18.48404672,104339.0004,104368.07,104297.77,104430.1,104230.0,1746957600000,1922
38.03917487,104405.7506,104297.77,104508.12,104508.12,104200.0,1746958500000,2544
26.796048649999996,104431.3387,104508.12,104385.02,104543.82,104290.0,1746959400000,2128
43.89304792,104492.3212,104385.03,104658.96,104666.0,104280.0,1746960300000,2825
59.366330739999995,104597.89,104579.1,104440.5,104774.47,104350.0,1746961200000,3771
23.179410260000004,104459.0698,104447.03,104544.7,104557.05,104350.0,1746962100000,2060
24.51741234,104473.0389,104544.66,104533.3,104568.13,104340.0,1746963000000,2087
41.293512099999994,104500.9924,104533.29,104665.28,104704.02,104350.0,1746963900000,2561
87.12490229,104744.0772,104675.0,104854.33,104907.72,104570.0,1746964800000,3760
58.28650200000001,104712.1731,104855.65,104687.0,104857.5,104590.0,1746965700000,2972
116.58240441,104665.4462,104673.6,104601.0,104815.01,104500.0,1746966600000,3356
88.24659600000001,104682.8251,104589.79,104616.55,104808.56,104510.0,1746967500000,2789
23.72288812,104591.9935,104611.2,104619.97,104689.28,104460.0,1746968400000,2546
39.93363513,104449.5158,104617.47,104339.7,104619.32,104200.0,1746969300000,2844
54.87787293,104363.4278,104339.7,104343.26,104556.14,104100.0,1746970200000,4235
61.15416758,104222.8222,104342.77,104036.6,104451.0,103880.0,1746971100000,3970
41.590395990000005,103990.7027,103997.65,103977.64,104087.34,103840.0,1746972000000,3607
62.664009979999996,103941.4794,104003.1,103941.2,104085.7,103720.0,1746972900000,4141
33.982540820000004,104140.9838,103941.23,104271.16,104317.77,103830.0,1746973800000,2919
35.47290858,104219.0839,104248.9,104187.15,104330.28,104050.0,1746974700000,3198
48.015953759999995,104372.0385,104184.7,104525.96,104585.0,104040.0,1746975600000,3571
37.48572920000001,104536.9604,104525.94,104379.95,104713.37,104260.0,1746976500000,3722
28.1020622,104349.4767,104270.0,104298.74,104477.47,104190.0,1746977400000,3350
77.83738402,104101.5432,104298.74,104177.33,104418.7,103870.0,1746978300000,4923
60.159023709999985,103949.9057,104192.0,104054.66,104218.54,103770.0,1746979200000,4367
56.06123914999999,103937.7002,104054.44,104114.97,104114.97,103720.0,1746980100000,3874
27.502080029999995,103995.5977,104114.96,103970.55,104150.0,103840.0,1746981000000,3108
19.71813807,103899.035,103970.58,104018.03,104018.16,103740.0,1746981900000,2784
31.368890719999996,103949.0542,103988.3,104058.61,104068.32,103770.0,1746982800000,3490
35.017756070000004,103998.7995,104058.73,103924.15,104179.23,103770.0,1746983700000,3448
32.258556,103929.9455,103924.27,104046.83,104049.83,103770.0,1746984600000,3664
28.850373150000003,104020.8772,104046.84,104066.09,104132.4,103860.0,1746985500000,3384
37.675899689999994,104029.8729,104060.96,103946.42,104149.49,103820.0,1746986400000,3138
36.62774917,103989.1055,103946.42,103932.97,104088.9,103840.0,1746987300000,3088
112.96125966,104293.0661,103932.97,104514.74,104639.98,103820.0,1746988200000,5330
85.71360914999998,104717.4422,104514.74,104565.53,104879.99,104440.0,1746989100000,4951
73.37222915000001,104570.6851,104546.2,104605.62,104690.62,104380.0,1746990000000,4456
49.34593814000001,104512.5255,104606.3,104568.16,104685.07,104420.0,1746990900000,3477
50.577893820000014,104522.4459,104568.17,104488.01,104650.0,104430.0,1746991800000,3412
32.31983487,104500.4537,104488.01,104455.36,104628.81,104350.0,1746992700000,3198
38.283792580000004,104322.3534,104403.1,104330.0,104485.0,104140.0,1746993600000,3510
30.80401096,104362.8428,104424.67,104404.86,104452.43,104160.0,1746994500000,3085
33.74577051,104380.1186,104405.0,104331.73,104484.9,104240.0,1746995400000,3061
34.33206086,104297.3073,104331.73,104296.29,104366.95,104200.0,1746996300000,3099
43.12599741,104156.0663,104293.0,104047.53,104321.4,103980.0,1746997200000,3605
24.438670980000005,104191.4629,104047.91,104221.17,104297.37,103980.0,1746998100000,3034
27.742129500000004,104122.0109,104221.52,104124.93,104252.6,103930.0,1746999000000,3156
31.828499689999994,104262.7287,104124.92,104388.08,104422.94,103990.0,1746999900000,3230
126.8673217,104058.1679,104378.3,104126.91,104600.0,103770.0,1747000800000,6296
62.76851798000001,104042.4188,104120.4,103965.64,104236.86,103850.0,1747001700000,4055
82.18219955,103778.4208,103953.8,103651.2,104059.04,103570.0,1747002600000,4615
48.930646509999995,103747.8364,103651.2,103819.34,103845.41,103560.0,1747003500000,3111
57.659456350000006,103914.9518,103805.9,103905.05,104020.95,103730.0,1747004400000,3481
58.81829805999999,103934.0254,103904.29,103965.0,104039.08,103780.0,1747005300000,3204
40.2207065,103885.6885,103999.99,104019.29,104020.57,103690.0,1747006200000,2846
89.54220759999998,104021.9314,103954.2,104137.62,104162.19,103909.86,1747007100000,3506
82.82744799,104209.2312,104119.0,104325.13,104338.63,104010.0,1747008000000,3739
59.26952179,104395.9091,104325.13,104423.78,104484.79,104250.0,1747008900000,4030
110.43679929,104504.6861,104423.77,104371.72,104668.2,104310.0,1747009800000,4892
82.45074967999999,104515.9265,104371.72,104610.83,104668.21,104310.0,1747010700000,4235
483.26336886999997,104947.6772,104608.56,104746.89,105060.0,104500.0,1747011600000,12062
103.26830463999998,104439.1096,104746.89,104294.97,104798.0,104183.4,1747012500000,5447
112.56557256000002,103958.0443,104297.37,104030.42,104316.26,103750.0,1747013400000,5846
75.66028639000001,103978.1913,104029.2,103997.01,104104.4,103870.0,1747014300000,3586
71.72730133999998,104113.6359,103997.02,104026.49,104220.56,103920.0,1747015200000,4133
59.94263124999999,104010.5239,104027.21,103974.01,104210.31,103888.0,1747016100000,3693
73.4148663,104016.8165,104000.1,103918.59,104122.8,103850.0,1747017000000,3528
81.50078429,103849.5527,103918.61,103907.37,104000.45,103660.0,1747017900000,3730
47.96774791,103789.0757,103888.8,103892.05,103907.35,103670.0,1747018800000,3260
48.47043246999999,103933.1512,103898.47,103865.98,104050.0,103760.0,1747019700000,3001
33.95591503,103887.6463,103865.98,103944.08,103973.78,103760.0,1747020600000,2643
54.60318903000001,104027.8544,103944.07,104100.0,104100.0,103870.0,1747021500000,2603
82.12701701,104063.1126,104089.2,104067.05,104166.58,103930.0,1747022400000,3110
41.735981450000004,104025.4472,104067.05,103906.15,104177.92,103800.0,1747023300000,3047
29.67218741,103941.2793,103906.15,103982.68,104015.97,103810.0,1747024200000,2610
42.16880742,103995.5394,103982.68,104055.78,104117.6,103898.37,1747025100000,2319
29.67185049,103945.3957,104051.1,103924.6,104069.52,103850.0,1747026000000,2355
43.76495189,103855.6973,103931.6,103810.57,103962.35,103750.0,1747026900000,2628
74.86518671,103824.597,103810.57,103972.49,103977.45,103720.0,1747027800000,3138
26.470427129999997,103928.3707,103901.1,103958.27,104025.16,103810.0,1747028700000,2396
28.341133880000008,103936.5917,103931.9,103950.52,104020.01,103829.13,1747029600000,2292
127.54873826000001,104220.4724,103950.52,104217.76,104530.0,103797.08,1747030500000,2925
36.021999089999994,104293.725,104209.0,104340.0,104380.35,104182.83,1747031400000,2715
34.73055298,104359.4709,104350.9,104397.22,104420.0,104282.97,1747032300000,2157
756.33171781,105271.2975,104397.3,105606.7,105787.37,104370.0,1747033200000,19365
237.01443603,105478.9281,105606.71,105461.5,105746.19,105230.0,1747034100000,7598
466.39273543999997,105179.3995,105461.49,104720.0,105710.65,104654.37,1747035000000,11462
263.8055198,104459.3524,104753.12,104479.68,104763.74,104141.72,1747035900000,9036
183.06960954,104320.692,104460.0,104303.57,104552.99,104080.46,1747036800000,6385
108.24804139000001,104299.6395,104303.57,104302.76,104439.32,104150.1,1747037700000,4568
82.29619528999999,104394.3197,104278.5,104528.85,104542.24,104230.0,1747038600000,3626
69.31058334000001,104616.1971,104528.85,104621.19,104749.1,104480.0,1747039500000,3211
72.43928973999999,104564.0867,104655.1,104422.12,104683.63,104407.66,1747040400000,3344
64.2790954,104464.4137,104422.12,104521.49,104563.19,104389.82,1747041300000,3250
59.493247370000006,104474.505,104521.5,104539.08,104556.53,104384.6,1747042200000,3063
34.6703961,104447.9318,104528.99,104465.03,104544.32,104376.17,1747043100000,2480
136.92635160000003,104387.3377,104440.0,104284.6,104579.23,104213.52,1747044000000,4619
70.73422136999999,104252.1867,104284.59,104328.67,104347.88,104167.5,1747044900000,3428
33.66689053,104441.9028,104327.63,104380.04,104550.88,104260.0,1747045800000,3059
66.68479542000001,104384.6657,104380.04,104515.66,104531.19,104310.0,1747046700000,3597
82.82659222000001,104499.8642,104515.8,104476.06,104629.26,104370.0,1747047600000,4260
57.84110991000001,104403.7033,104476.06,104357.53,104501.7,104298.47,1747048500000,3533
141.33809397000002,104264.7721,104359.13,104153.95,104380.0,104142.75,1747049400000,4862
375.44026589,103913.7131,104154.48,103694.1,104245.82,103594.04,1747050300000,9191
125.85401216,103851.4976,103694.1,103900.0,103937.69,103694.1,1747051200000,5395
100.72873427000002,103903.8071,103921.91,103996.61,104031.24,103782.21,1747052100000,4733
108.03580033,104023.156,103996.61,104100.0,104143.36,103862.27,1747053000000,4592
71.75388032000001,103996.1102,104100.01,103877.3,104104.8,103861.9,1747053900000,4220
94.13863640000001,104027.9582,103877.3,104171.5,104242.19,103870.0,1747054800000,5312
85.84926494999999,104285.0914,104171.5,104166.72,104383.95,104130.0,1747055700000,5219
315.74168449,104023.4928,104172.93,103812.61,104450.45,103658.01,1747056600000,12144
204.41842091999996,104220.6592,103805.0,104290.0,104649.99,103791.01,1747057500000,9992
205.38958162,104222.8125,104300.0,104009.21,104420.99,103950.01,1747058400000,9142
497.56229328,103364.4569,104010.5,102950.99,104266.26,102649.5,1747059300000,16043
341.40113908000006,103096.9287,102948.4,103460.86,103496.11,102546.4,1747060200000,13656
245.31917927,102989.0074,103448.4,102801.39,103461.14,102723.1,1747061100000,9495
446.72088885,102733.2202,102801.37,102926.9,103037.23,102250.0,1747062000000,14089
309.07779951,102941.3019,102926.89,102966.58,103206.8,102748.76,1747062900000,8983
184.37142186,102757.0489,102966.63,102613.94,102981.54,102492.13,1747063800000,9026
240.75485491999996,102544.0428,102613.93,102483.9,102710.99,102358.44,1747064700000,9907
184.74732729,102578.0436,102483.9,102800.0,102800.0,102421.14,1747065600000,9981
134.27358958999997,102908.9569,102800.0,102984.98,103026.12,102751.9,1747066500000,7797
83.60340077000001,102894.3638,102984.21,102922.61,103019.16,102742.1,1747067400000,6372
87.87991236,102987.2965,102922.61,102853.89,103081.94,102836.11,1747068300000,6171
83.6123422,102985.7596,102858.49,102992.5,103095.89,102809.1,1747069200000,5545
133.43814496999997,102833.7073,103004.74,102927.34,103049.36,102700.0,1747070100000,5437
72.37359364999999,102894.6861,102941.1,102772.99,103011.73,102771.18,1747071000000,5605
129.80215463999997,102654.5392,102772.99,102564.85,102906.38,102525.01,1747071900000,6750
560.7235690800001,102084.5555,102564.85,101960.75,102673.72,101762.72,1747072800000,16774
216.91264041,101981.3848,101960.75,101644.11,102270.0,101623.8,1747073700000,11238
383.45291418000005,101376.5434,101644.11,101193.9,101751.98,101062.08,1747074600000,16636
375.17076909,101184.7163,101193.9,101630.99,101780.0,100703.71,1747075500000,16040
164.81484658,101867.6096,101665.9,101862.72,102060.0,101568.51,1747076400000,8976
139.26029873,101914.8131,101884.9,101677.56,102120.0,101625.61,1747077300000,7261
234.56599633999997,101699.7929,101720.0,101553.28,101930.0,101460.75,1747078200000,8811
128.19141266999998,101763.2294,101562.17,101850.92,101990.0,101555.0,1747079100000,6661
107.56826946999999,101864.458,101799.9,101841.1,102000.0,101760.66,1747080000000,5508
188.38756208999996,102138.5908,101840.75,102240.02,102310.0,101840.75,1747080900000,6205
171.23900817999998,102479.2401,102240.16,102532.35,102700.0,102210.37,1747081800000,6531
161.19176746,102686.5016,102532.36,102690.29,102910.0,102452.24,1747082700000,6472
83.91552175,102625.1491,102706.1,102521.16,102780.0,102487.93,1747083600000,4583
89.82690851,102464.0533,102521.16,102369.46,102650.0,102367.54,1747084500000,4264
103.43848381999999,102484.6436,102369.46,102530.97,102630.0,102367.54,1747085400000,3435
82.58988925000001,102513.7419,102530.97,102542.1,102640.0,102438.65,1747086300000,3658
56.05415969,102514.2519,102542.1,102551.55,102633.58,102352.29,1747087200000,4851
36.93938319,102696.0717,102550.0,102752.18,102799.48,102543.52,1747088100000,4008
47.423339150000004,102820.6769,102740.2,102843.3,102880.0,102722.88,1747089000000,3690
44.28033148,102884.1156,102802.31,102865.6,102950.0,102785.19,1747089900000,4455
63.550580690000004,102939.3117,102856.6,102930.0,103000.0,102856.6,1747090800000,5107
59.70063514999999,103064.2225,102933.02,103099.39,103150.0,102926.4,1747091700000,4660
46.35537066,102905.5524,103099.36,102880.55,103130.0,102815.72,1747092600000,4276
54.97405802,102888.7873,102880.58,102825.0,102979.0,102793.4,1747093500000,2998
62.90125052,102654.4487,102825.1,102599.69,102860.0,102553.67,1747094400000,3684
39.65285689,102531.3785,102599.69,102542.58,102676.76,102416.17,1747095300000,4469
80.96130684999999,102409.3588,102542.59,102248.96,102574.91,102203.83,1747096200000,4519
66.98444183,102302.1856,102260.53,102279.55,102460.0,102169.13,1747097100000,4880
70.05841741,102471.3876,102249.4,102562.1,102653.47,102226.7,1747098000000,4691
63.76584793,102618.8426,102550.84,102478.36,102740.0,102465.35,1747098900000,4713
76.53243485,102312.9142,102470.29,102264.04,102560.0,102082.65,1747099800000,6058
56.31650557,102401.2153,102264.04,102398.36,102522.92,102187.69,1747100700000,4435
84.23199754,102389.9776,102405.44,102099.23,102736.1,102072.41,1747101600000,6207
97.48553395000002,101992.8786,102105.12,102295.75,102320.0,101708.61,1747102500000,6701
45.64821341,102106.4441,102295.98,101931.4,102320.9,101913.74,1747103400000,4247
37.74556507,101940.5395,101931.4,102070.62,102140.0,101794.1,1747104300000,4021
32.91881658,102005.2637,102069.0,102042.1,102173.83,101848.25,1747105200000,3577
43.20231679,101792.28,102044.12,101608.58,102100.0,101519.98,1747106100000,4224
89.91465124,101636.5229,101578.3,101853.4,101875.2,101447.78,1747107000000,4317
40.85277063999999,101739.0911,101853.23,101724.52,101853.37,101626.03,1747107900000,3189
59.81745650999999,101806.6526,101731.7,101903.47,101950.0,101603.92,1747108800000,3608
69.33837478999999,102147.9148,101909.08,102372.21,102389.29,101860.2,1747109700000,4059
62.62989048,102513.883,102372.22,102558.02,102654.29,102359.8,1747110600000,4053
49.61602206,102676.8558,102562.16,102741.12,102767.38,102546.0,1747111500000,3219
39.68958456000001,102659.7487,102732.5,102700.0,102750.0,102588.65,1747112400000,2803
25.186420430000002,102606.6434,102663.0,102566.42,102690.0,102543.1,1747113300000,2268
38.345888990000006,102404.9037,102543.2,102299.37,102600.0,102275.51,1747114200000,2273
19.52234478,102353.5446,102321.1,102471.43,102480.35,102275.5,1747115100000,2120
35.38958584,102602.7737,102410.0,102625.39,102690.07,102410.0,1747116000000,2149
25.34800958,102477.7752,102625.39,102358.3,102670.0,102325.11,1747116900000,2245
22.16636982,102501.0563,102358.3,102573.46,102590.65,102341.0,1747117800000,2127
22.687859789999997,102529.8354,102574.86,102551.89,102607.13,102435.92,1747118700000,1909
19.466115,102677.8677,102487.5,102725.72,102770.0,102487.4,1747119600000,1796
78.19206487000002,102835.0577,102725.72,102805.21,102952.17,102676.41,1747120500000,3513
45.14918250000001,102730.5351,102805.2,102677.38,102850.88,102656.0,1747121400000,2023
42.377782970000005,102683.8677,102677.38,102671.88,102770.0,102634.96,1747122300000,1650
82.74017783000001,102818.6327,102671.88,102904.82,102942.8,102643.4,1747123200000,2570
96.76466158,102745.0595,102880.0,102583.36,102990.0,102547.5,1747124100000,2936
85.23523229,102737.2765,102588.1,102747.31,102870.0,102567.97,1747125000000,2264
69.05341002,102745.3296,102751.38,102716.62,102850.0,102663.03,1747125900000,1985
53.30114776,102862.6501,102766.0,102994.13,103000.0,102716.63,1747126800000,2291
71.65678411999998,103155.5245,102994.13,103259.08,103309.0,102919.9,1747127700000,2942
76.45835668000002,103349.3957,103261.26,103356.55,103460.0,103214.19,1747128600000,3292
61.386775080000014,103478.1244,103356.55,103467.55,103531.14,103356.54,1747129500000,2574
97.1127226,103442.7076,103477.1,103422.51,103540.73,103356.55,1747130400000,3053
138.36718771,103364.2366,103422.52,103503.57,103517.38,103284.23,1747131300000,3150
49.516627629999995,103473.2169,103507.38,103481.54,103570.0,103407.89,1747132200000,2812
62.402389629999995,103535.7456,103481.53,103575.38,103680.0,103439.56,1747133100000,2979
57.28827346000001,103533.1981,103611.8,103476.59,103611.8,103467.75,1747134000000,2966
48.12071171000001,103590.1033,103476.58,103641.7,103676.07,103467.78,1747134900000,2860
88.23174055999999,103715.0095,103628.21,103847.63,103847.83,103593.3,1747135800000,3425
48.3956012,103747.4559,103844.46,103748.34,103847.83,103652.46,1747136700000,3009
106.66429893,103652.3641,103699.5,103560.02,103847.83,103471.0,1747137600000,4186
87.82092172,103576.2975,103558.55,103576.9,103707.77,103467.56,1747138500000,4017
390.531738,103799.5576,103578.93,103749.09,103989.99,103332.7,1747139400000,12205
100.59160384000002,103739.4975,103749.08,103709.09,103857.63,103564.75,1747140300000,5350
85.99116357,103673.2071,103683.8,103567.46,103821.6,103509.12,1747141200000,5299
72.30896245,103732.3154,103567.46,103782.85,103852.69,103555.1,1747142100000,5089
127.75750323000001,103755.3021,103786.5,103600.0,103952.42,103560.01,1747143000000,7084
266.80889862,103633.1292,103600.01,103751.99,103833.67,103400.0,1747143900000,9775
253.4219772,103324.0975,103755.74,103108.34,103776.09,103011.72,1747144800000,8344
183.69825293000002,103192.9594,103140.1,103426.01,103493.15,102850.0,1747145700000,7455
105.6500917,103234.1062,103426.01,103140.52,103426.01,103034.4,1747146600000,6824
94.75592306000001,103128.563,103180.1,103211.63,103293.39,102918.08,1747147500000,5254
203.30444323,103577.3539,103202.0,103771.74,103900.0,103147.23,1747148400000,8216
144.55125782,103721.7765,103771.6,103696.95,103851.85,103589.29,1747149300000,5930
119.31787295,103635.8682,103696.94,103646.12,103767.93,103470.0,1747150200000,5934
106.05055897,103539.7389,103646.12,103705.49,103746.9,103420.15,1747151100000,4710
312.98568898999997,103953.5169,103689.8,104355.66,104372.13,103554.1,1747152000000,9596
250.99764840000003,104243.1816,104355.65,104184.46,104442.31,104013.91,1747152900000,9863
87.72578404,104129.552,104187.95,103963.86,104291.32,103954.32,1747153800000,6493
131.51020949999997,103895.5049,103965.05,103747.87,104032.53,103730.0,1747154700000,5737
111.2798033,103865.9384,103747.87,103909.1,103999.0,103720.0,1747155600000,5723
129.16724705000001,103936.1726,103909.1,103869.35,104075.24,103808.84,1747156500000,5818
163.87565132,103932.6346,103869.35,104098.49,104110.88,103737.71,1747157400000,6840
177.79058195,104227.0411,104098.49,104298.32,104354.0,104030.0,1747158300000,7373
169.93018762,104376.8675,104291.0,104463.88,104490.59,104213.49,1747159200000,7309
198.12364415999997,104392.0846,104463.88,104392.72,104482.87,104310.05,1747160100000,8099
152.65261952999995,104292.2558,104392.73,104140.0,104435.79,104138.7,1747161000000,7777
144.66729703000001,104313.751,104169.42,104405.23,104429.0,104097.6,1747161900000,6664
115.63833407,104326.2329,104405.24,104310.89,104444.0,104190.0,1747162800000,6171
233.25134545999998,104468.6923,104310.9,104632.85,104724.96,104190.0,1747163700000,8260
298.57266383999996,104778.4498,104632.86,104893.43,104950.0,104590.9,1747164600000,9436
471.03575528000005,104835.2508,104893.42,104836.64,105038.53,104529.55,1747165500000,14466
271.40814621999994,104688.9558,104842.0,104616.94,104985.83,104450.0,1747166400000,8743
151.25324219,104523.0948,104615.72,104556.48,104623.3,104450.0,1747167300000,5553
88.90277443000001,104609.7326,104556.46,104531.87,104700.1,104474.48,1747168200000,4663
105.12963063999997,104632.2379,104531.88,104580.58,104750.0,104498.0,1747169100000,4737
113.00042402,104439.0309,104580.6,104322.59,104650.0,104305.3,1747170000000,5272
163.97895774,104416.1379,104329.62,104532.02,104555.55,104238.0,1747170900000,5618
86.07489689999998,104518.6309,104532.03,104400.1,104630.64,104327.11,1747171800000,4346
83.93371013000001,104365.0122,104400.1,104363.8,104440.83,104231.0,1747172700000,3932
119.46691589999999,104302.3095,104390.1,104226.86,104450.0,104189.92,1747173600000,5872
83.99439283999999,104240.704,104226.85,104268.9,104341.52,104120.41,1747174500000,5601
71.63492939999999,104275.1272,104232.8,104242.6,104357.61,104148.49,1747175400000,4290
74.70964289999998,104174.4953,104242.6,104136.2,104315.1,104100.01,1747176300000,4582
123.88327072999999,104050.0597,104136.3,104143.77,104199.96,103887.21,1747177200000,6016
67.06586091,104099.5267,104150.8,103992.16,104210.0,103955.7,1747178100000,4176
94.17744213,104081.4236,103989.89,104166.63,104177.43,103976.2,1747179000000,4781
73.52538833999999,104223.1463,104166.63,104156.7,104300.0,104127.11,1747179900000,4114
92.20320733999999,104035.6,104156.8,103973.26,104156.8,103912.46,1747180800000,5014
80.06406503000001,103956.3692,103966.0,103917.25,104090.9,103812.7,1747181700000,5135
64.13110234,103875.0951,103911.81,103860.26,104027.79,103777.0,1747182600000,4677
36.909810279999995,103878.0311,103860.26,103911.62,104013.32,103780.0,1747183500000,3922
82.6770867,103963.0925,103928.0,104022.06,104044.06,103820.0,1747184400000,5828
104.31760744,103942.5637,104025.02,103907.85,104058.22,103790.0,1747185300000,5817
141.12004312,104002.6582,103902.1,104008.44,104070.64,103860.0,1747186200000,6472
99.87896339999999,103861.3231,104008.44,103728.8,104075.87,103660.0,1747187100000,6124
129.93179955999997,103602.6874,103749.5,103726.58,103798.63,103480.0,1747188000000,6897
32.15175427,103696.6577,103726.58,103601.86,103763.84,103570.0,1747188900000,3108
30.079605320000002,103666.6352,103601.84,103751.52,103756.72,103520.0,1747189800000,3206
33.53174149,103656.1156,103750.52,103710.5,103753.55,103570.0,1747190700000,3211
28.763947070000004,103647.7726,103713.0,103648.82,103780.27,103480.0,1747191600000,3397
34.10163523,103564.7693,103648.83,103538.92,103657.69,103470.0,1747192500000,3209
32.03520364,103519.0139,103539.14,103529.9,103620.04,103430.0,1747193400000,3320
27.883972870000004,103557.1041,103605.86,103585.29,103614.01,103500.0,1747194300000,2369
131.65397828999997,103504.8645,103572.8,103545.37,103585.31,103420.0,1747195200000,4942
45.28068716999999,103535.433,103545.37,103680.64,103693.99,103430.0,1747196100000,3234
26.74479422,103746.8422,103680.64,103797.02,103848.75,103570.0,1747197000000,2810
43.73993518,103772.9531,103797.04,103747.99,103861.15,103660.0,1747197900000,2699
33.618936489999996,103801.7523,103723.9,103746.86,103899.0,103660.0,1747198800000,3167
14.755183949999997,103785.085,103748.94,103756.19,103849.68,103690.0,1747199700000,2236
25.44131766,103787.0994,103809.8,103834.7,103859.54,103630.0,1747200600000,2349
34.90568383,103914.4031,103834.7,103912.36,103999.42,103770.0,1747201500000,2414
102.93653869,103914.0473,103896.3,103863.3,103973.72,103750.0,1747202400000,2900
77.64260111,103780.4283,103863.31,103771.64,103913.13,103650.0,1747203300000,4286
29.94192328,103731.0235,103780.5,103730.37,103794.32,103650.0,1747204200000,2577
109.53256126999999,103738.1557,103720.0,103754.66,103815.01,103640.0,1747205100000,2640
27.778328640000005,103681.2435,103754.9,103632.27,103769.11,103631.01,1747206000000,3067
518.7403815799998,103481.7034,103632.28,103504.11,103719.9,103404.08,1747206900000,11369
115.95303111999998,103513.8449,103504.19,103654.33,103669.89,103427.92,1747207800000,5702
29.265531870000004,103716.6719,103651.3,103714.43,103805.99,103600.0,1747208700000,2179
68.30500678,103656.6927,103752.0,103574.92,103885.66,103475.01,1747209600000,5692
34.620514670000006,103630.0198,103574.93,103658.43,103725.65,103500.0,1747210500000,2694
33.66816033999999,103604.0577,103642.3,103708.8,103725.49,103500.0,1747211400000,3378
327.99256239,103475.2141,103708.8,103220.54,103749.61,103210.1,1747212300000,10586
134.16651194,103081.313,103216.3,103123.44,103313.95,102878.01,1747213200000,7151
33.90309104999999,103233.055,103140.02,103330.35,103332.0,103110.0,1747214100000,2866
34.470565650000005,103270.6782,103330.35,103226.1,103362.26,103183.85,1747215000000,3383
20.864914690000003,103382.9305,103229.93,103486.2,103501.77,103226.1,1747215900000,2186
57.423498380000005,103564.4753,103448.9,103646.55,103665.99,103448.56,1747216800000,3081
71.16936881,103739.2903,103646.56,103833.75,103970.16,103555.06,1747217700000,3466
38.051738209999996,103832.4797,103833.74,103818.67,103886.42,103769.22,1747218600000,3045
42.24408338999999,103761.3083,103840.0,103717.42,103868.64,103646.69,1747219500000,3458
51.324437,103894.6222,103763.0,103957.37,103957.42,103710.0,1747220400000,3400
40.57153992999999,103936.3732,103957.38,103912.37,104000.0,103870.76,1747221300000,2307
49.03650467,104015.7544,103912.37,104079.9,104168.17,103896.47,1747222200000,2482
46.62473157,104030.646,104086.68,103952.28,104088.56,103880.0,1747223100000,1749
22.83872937,104027.4687,103949.8,104062.26,104137.1,103909.89,1747224000000,2305
39.59473659,104092.1617,104062.27,104019.28,104189.63,104000.01,1747224900000,2616
53.22783306,104065.5797,104018.11,104216.61,104220.54,103941.92,1747225800000,3632
75.78528102,104108.2135,104216.61,104013.8,104239.31,103976.09,1747226700000,4438
65.88375925999999,103936.732,104053.3,104000.0,104059.93,103837.07,1747227600000,4011
67.15830019,104033.9702,104036.13,104114.19,104137.99,103933.64,1747228500000,3115
185.78645244000003,104121.7014,104038.0,103708.49,104373.0,103655.0,1747229400000,7975
225.13616737000004,103727.6948,103716.36,103989.43,103992.24,103480.0,1747230300000,8205
228.97166161999996,103702.4659,103985.96,103497.2,103990.46,103376.41,1747231200000,9493
238.57271119,103285.027,103495.45,103112.05,103506.09,103107.93,1747232100000,11817
229.65605847999998,103153.045,103107.94,103273.3,103367.1,102911.01,1747233000000,8858
192.48294367999998,103354.8996,103273.3,103287.7,103499.65,103170.0,1747233900000,10033
120.32689178,103087.9543,103263.8,103312.64,103330.82,102858.0,1747234800000,6484
111.24041264,103292.3584,103312.64,103435.51,103471.27,103111.3,1747235700000,5915
100.73465076,103439.8834,103435.53,103438.8,103562.68,103300.0,1747236600000,6155
72.16392359999999,103399.6957,103410.0,103536.89,103581.54,103210.0,1747237500000,4798
97.18311435,103550.2459,103505.5,103632.63,103659.25,103440.0,1747238400000,5652
74.64742987999999,103444.7546,103632.63,103478.05,103632.63,103314.02,1747239300000,4436
80.47258668999999,103500.8212,103473.24,103414.06,103622.0,103378.91,1747240200000,4882
108.62963810999997,103327.354,103424.68,103386.4,103507.91,103188.01,1747241100000,5890
182.00848258000002,103293.2814,103379.6,103165.79,103491.98,103087.01,1747242000000,7430
178.95980939,102842.2585,103165.79,102893.56,103179.62,102510.0,1747242900000,7722
109.55380708000001,102985.1251,102893.56,103122.02,103181.3,102856.9,1747243800000,5017
68.03377846000001,103191.1771,103122.02,103279.95,103288.25,103073.95,1747244700000,4610
103.7282238,103195.5962,103279.95,103139.58,103321.94,103090.0,1747245600000,4716
121.37460506000002,103277.9178,103142.62,103271.38,103481.0,103040.0,1747246500000,4691
58.29696370999999,103342.6336,103315.4,103309.04,103474.5,103184.27,1747247400000,4003
65.65139146,103390.3583,103309.04,103541.59,103561.35,103231.77,1747248300000,3904
59.08013812,103535.8034,103540.15,103557.85,103594.88,103466.0,1747249200000,4039
160.40643584,103634.0733,103557.85,103549.36,103741.08,103531.25,1747250100000,4687
126.58338781,103511.4062,103549.56,103500.65,103571.69,103430.0,1747251000000,4431
201.21112653999998,103363.7913,103500.64,103302.0,103500.64,103240.5,1747251900000,5050
67.87653322,103384.9842,103309.71,103319.1,103500.0,103254.1,1747252800000,3429
63.65398087,103430.3065,103334.19,103460.15,103487.0,103319.0,1747253700000,3253
94.24606223,103484.9083,103460.14,103523.08,103552.73,103389.63,1747254600000,3703
122.10217214999999,103610.5134,103523.07,103580.59,103700.0,103470.0,1747255500000,6490
109.69721616999999,103563.9365,103577.05,103490.46,103631.23,103450.0,1747256400000,5742
61.28392650000001,103564.5088,103528.1,103558.74,103614.0,103490.0,1747257300000,3348
82.45317375000002,103548.5175,103559.02,103577.19,103645.08,103456.86,1747258200000,4650
66.34261490000002,103649.5843,103577.19,103666.03,103711.93,103510.0,1747259100000,3497
56.76708298,103552.1654,103600.0,103532.1,103691.24,103470.0,1747260000000,3843
41.48257328,103516.0634,103505.19,103548.94,103590.53,103440.0,1747260900000,3010
95.38610287999998,103499.0063,103545.0,103500.0,103569.95,103430.0,1747261800000,3536
137.06602463999997,103495.6674,103500.01,103536.17,103566.71,103420.0,1747262700000,5320
157.51191271000002,103493.9354,103521.1,103572.42,103587.42,103401.0,1747263600000,4751
316.89508905,103484.2876,103572.4,103579.01,103600.0,103360.0,1747264500000,8334
26.638966590000003,103601.8617,103579.0,103561.72,103653.4,103510.0,1747265400000,3002
20.041332410000003,103594.1956,103561.72,103545.38,103648.49,103530.0,1747266300000,2529
45.25260863,103617.7533,103540.91,103726.32,103744.55,103500.0,1747267200000,3541
54.31876287,103802.1618,103726.32,103788.54,103869.82,103650.0,1747268100000,3855
24.39046664,103803.7533,103785.77,103873.83,103883.47,103700.0,1747269000000,2375
27.77742296,103825.8706,103873.83,103831.66,103898.61,103770.0,1747269900000,2072
20.1476023,103723.1728,103800.0,103601.48,103831.66,103593.6,1747270800000,2730
94.62556726000001,103543.3749,103601.45,103500.02,103703.95,103490.0,1747271700000,3990
288.94534626,103467.533,103500.01,103302.27,103538.76,103203.03,1747272600000,8726
55.92484722999999,103127.625,103298.34,103058.12,103369.93,102995.0,1747273500000,4300
89.02735343,103152.0489,103088.0,103069.52,103241.14,102995.46,1747274400000,3874
36.09282105999999,103031.697,103079.4,103037.72,103185.34,102963.38,1747275300000,3295
39.021501449999995,102991.5369,103037.72,102976.77,103088.91,102926.81,1747276200000,3228
26.023225029999995,103086.2767,102973.6,103068.27,103189.77,102950.13,1747277100000,2868
40.77875438,103022.5074,103093.4,102891.86,103171.11,102880.0,1747278000000,3217
54.972538039999996,102914.8076,102891.19,102952.81,103024.27,102810.0,1747278900000,3585
24.529330260000002,102897.2765,102952.8,102875.89,102996.81,102850.0,1747279800000,3047
28.80564503,102808.3816,102875.89,102769.0,102929.11,102730.0,1747280700000,3306
35.31467659,102806.9166,102800.1,102758.38,102925.16,102722.03,1747281600000,3396
41.27895505,102850.1346,102758.38,102857.88,102922.32,102753.56,1747282500000,3192
21.053817820000006,102890.2897,102857.88,102887.0,102980.75,102750.0,1747283400000,2991
20.555605760000002,102866.0626,102887.0,102908.62,102944.91,102770.0,1747284300000,2666
59.82909027,102757.4094,102901.4,102636.02,102944.98,102590.0,1747285200000,3261
49.39737108,102604.0094,102636.03,102574.91,102681.3,102556.97,1747286100000,2780
81.00442821,102499.7461,102600.1,102499.39,102648.4,102400.4,1747287000000,3925
40.67188987,102402.7225,102499.29,102389.01,102523.22,102310.0,1747287900000,3137
74.44413843000001,102440.1537,102384.3,102569.4,102601.19,102330.0,1747288800000,3773
31.126196899999993,102581.7715,102569.4,102647.65,102709.34,102473.28,1747289700000,2827
70.36533552,102363.5628,102684.9,102226.36,102684.9,102120.0,1747290600000,3624
55.306222649999995,102242.1611,102226.36,102283.01,102319.42,102150.0,1747291500000,2607
66.10860054999999,102300.4389,102250.0,102116.0,102476.02,102110.0,1747292400000,3823
121.76833520999999,102024.4678,102115.42,101921.61,102164.55,101900.92,1747293300000,5148
49.446531150000006,101887.7196,101921.61,101907.35,102013.25,101800.0,1747294200000,4131
31.523339500000002,101809.0415,101904.0,101807.59,101904.0,101739.24,1747295100000,3273
54.601039979999996,101988.5523,101807.59,102047.1,102096.89,101750.0,1747296000000,3495
35.75242811,102036.2544,101993.12,102079.54,102119.74,101911.44,1747296900000,2928
79.00918897999999,102204.5922,102065.2,102195.98,102333.67,102030.0,1747297800000,4386
29.457264899999995,102257.9611,102195.98,102328.0,102352.29,102179.32,1747298700000,2656
41.74918149,102133.7302,102328.1,102026.17,102328.1,102017.9,1747299600000,3392
37.825469999999996,102010.2051,102026.18,102002.21,102091.9,101900.0,1747300500000,3410
55.56024098999999,101774.9427,101970.0,101724.62,102021.32,101636.78,1747301400000,4834
68.13906036,101708.4698,101724.62,101839.68,101995.02,101526.69,1747302300000,4454
26.42049519,101731.9073,101826.5,101766.26,101895.35,101644.4,1747303200000,3403
35.93620642999999,101874.7469,101766.25,101934.01,101958.93,101725.7,1747304100000,3743
19.32820824,101745.2854,101914.9,101694.28,101929.28,101644.91,1747305000000,3636
33.87932206999999,101731.7132,101693.06,101841.26,101865.2,101614.67,1747305900000,4175
73.79147237,101970.8853,101856.9,102098.98,102175.18,101802.27,1747306800000,4715
59.814856860000006,102238.9882,102098.97,102295.12,102355.0,102060.0,1747307700000,4166
46.83129038,102305.696,102295.12,102285.77,102460.16,102209.96,1747308600000,4303
45.771192000000006,102333.689,102285.77,102402.12,102450.0,102216.28,1747309500000,5275
60.91900367,102359.9809,102360.0,102360.1,102481.01,102240.0,1747310400000,5350
67.53168401999999,102415.34,102360.0,102569.21,102640.34,102240.0,1747311300000,4936
150.45920561000003,102682.7968,102569.21,102801.11,102872.36,102459.17,1747312200000,7856
50.42084775,102615.4761,102802.38,102585.25,102809.3,102485.44,1747313100000,5105
45.76367166000001,102692.4887,102557.7,102777.09,102831.64,102506.75,1747314000000,5206
47.23272545,102647.0914,102778.44,102593.67,102803.21,102583.0,1747314900000,4954
207.52561488999999,102370.2859,102605.8,102357.22,102805.14,102103.4,1747315800000,9297
245.79813273,101941.9062,102354.06,102171.81,102357.22,101571.29,1747316700000,9632
180.86580112000001,102113.0761,102164.97,102151.69,102441.42,101827.84,1747317600000,7502
129.09000020000002,102154.8718,102090.9,102061.49,102420.0,101822.77,1747318500000,6218
160.84863914,101807.7311,102061.51,101692.63,102111.15,101600.01,1747319400000,7281
229.89621772,101685.8047,101765.9,101998.51,102010.35,101400.01,1747320300000,7990
197.93562061,102076.1333,101948.9,102127.47,102195.22,101933.94,1747321200000,6647
237.94075581,102349.4149,102129.37,102535.05,102541.36,102113.0,1747322100000,9316
228.01070687000004,102726.6058,102535.03,103021.05,103094.4,102464.92,1747323000000,9102
189.97344011000004,103188.1516,103022.43,103282.1,103320.83,102965.28,1747323900000,9437
169.79454694,103254.5085,103282.2,103111.52,103437.36,103091.2,1747324800000,7863
316.1003982600001,103234.4884,103111.51,103185.28,103433.51,103070.9,1747325700000,8195
204.22713371999998,103336.9799,103182.2,103622.93,103639.31,103040.01,1747326600000,7536
191.3936349,103742.2695,103622.93,103869.62,103879.62,103564.1,1747327500000,8819
176.32319701,103769.1957,103816.5,103715.21,103918.1,103670.0,1747328400000,7847
222.85362349,103952.5671,103722.56,103989.56,104167.66,103703.8,1747329300000,9005
109.99349757,104030.0908,103989.56,104084.03,104200.0,103905.74,1747330200000,5859
91.50726675,104030.2328,104084.03,103990.88,104186.8,103925.15,1747331100000,4612
145.49903356,103920.7354,103972.9,103935.77,104044.52,103725.5,1747332000000,5997
87.81749486,103679.8872,103931.47,103521.01,103985.05,103488.4,1747332900000,4919
72.34002284000002,103381.4833,103508.04,103331.76,103626.47,103142.8,1747333800000,4921
130.71783981,102951.0461,103330.95,102689.3,103400.0,102620.0,1747334700000,6525
200.21496706999997,102913.283,102712.36,103053.86,103156.45,102646.0,1747335600000,8028
176.95901281,102980.9732,103053.85,102824.45,103252.79,102570.0,1747336500000,7641
128.93182872,102995.2489,102824.46,103082.9,103123.93,102791.7,1747337400000,6058
216.14945432,103156.4,103082.9,103179.6,103268.49,102953.07,1747338300000,8462
194.02718067000004,103201.1668,103179.6,102995.2,103456.89,102950.0,1747339200000,7808
134.6968637,103240.9152,102970.11,103348.8,103428.36,102907.65,1747340100000,5830
64.48152837999999,103349.5138,103348.8,103501.48,103512.03,103232.2,1747341000000,4616
45.97469676,103466.806,103501.49,103457.38,103521.82,103389.43,1747341900000,4031
46.70900937,103275.9989,103476.1,103210.31,103476.1,103125.69,1747342800000,4097
87.84598788,102893.6098,103210.33,103074.03,103210.33,102734.41,1747343700000,4420
63.83073186,103111.7956,103074.03,103191.71,103265.66,102851.4,1747344600000,5093
50.84131877999999,103277.3005,103217.1,103323.25,103360.0,103135.4,1747345500000,4116
100.19438500000001,103541.799,103257.1,103760.0,103804.01,103257.1,1747346400000,5907
127.74940984999999,103839.1439,103802.05,103706.25,104000.0,103691.52,1747347300000,6145
51.383436859999996,103694.5385,103720.8,103682.81,103763.42,103646.44,1747348200000,4646
51.85714214,103588.9319,103682.83,103522.69,103740.39,103475.7,1747349100000,4539
67.41703385,103522.3612,103526.0,103485.08,103685.15,103370.0,1747350000000,5247
82.24489757,103423.6061,103487.9,103542.15,103641.51,103250.0,1747350900000,5665
67.23507629,103783.8067,103547.78,103811.69,103923.8,103542.26,1747351800000,4399
41.61266128999999,103813.5014,103825.0,103786.43,103898.74,103700.0,1747352700000,3758
57.95638309,103805.4145,103786.4,103942.39,103951.51,103641.6,1747353600000,5163
31.055183269999993,103914.1465,103948.1,103764.75,104000.0,103750.0,1747354500000,3988
73.40639668,103975.7462,103758.09,103972.58,104050.0,103758.09,1747355400000,4340
40.300365160000005,103842.3726,103972.59,103786.12,104005.25,103679.49,1747356300000,4316
41.38316208999999,103673.0567,103763.0,103675.73,103837.21,103513.63,1747357200000,4574
44.15578724,103576.1596,103675.73,103799.99,103821.11,103460.0,1747358100000,4289
111.41679772999998,104023.8475,103800.0,104084.72,104134.01,103750.0,1747359000000,7090
71.88538700999999,104016.5675,104051.2,104074.55,104099.0,103932.8,1747359900000,4871
180.64194723,104255.8255,104074.55,104289.32,104373.44,104040.0,1747360800000,7561
134.90279218,104168.4902,104290.25,104295.5,104375.0,103890.0,1747361700000,6379
138.97997727,104366.6594,104295.51,104178.17,104493.89,104157.9,1747362600000,6286
44.062724839999994,104170.8535,104178.18,104221.49,104274.16,104091.88,1747363500000,3526
32.25072634,104153.5157,104216.7,104134.17,104277.87,104068.14,1747364400000,3529
79.65403389,104155.3638,104134.17,104275.3,104335.04,104046.87,1747365300000,4907
61.28350106,104200.7251,104275.31,104066.36,104361.41,104011.93,1747366200000,4789
28.362015709999998,104078.9615,104070.0,104046.94,104150.0,104015.57,1747367100000,3377
28.511219559999997,104130.8492,104046.0,104078.14,104224.62,104037.01,1747368000000,3629
33.28567359000001,103979.6707,104078.14,103957.71,104082.2,103930.0,1747368900000,3608
40.23705577,103904.4716,103962.14,103855.91,104017.75,103830.0,1747369800000,3226
32.62775309,103905.0894,103855.92,103946.57,103980.0,103836.99,1747370700000,3194
27.214961089999996,103984.6497,103917.0,104020.58,104056.06,103900.0,1747371600000,2898
48.87773146000001,104057.7193,104020.57,104053.75,104172.38,103960.7,1747372500000,3009
20.23528,103936.3557,104103.6,104054.78,104103.6,103838.48,1747373400000,2684
39.461914400000005,103993.9097,103994.0,103934.56,104094.57,103907.68,1747374300000,3073
52.04962182999999,103958.0336,103952.2,103948.63,104031.25,103881.12,1747375200000,3748
25.48847552,104004.1491,103956.8,103988.24,104066.18,103900.0,1747376100000,2637
26.12282892,104025.7822,103980.1,104030.52,104105.55,103959.14,1747377000000,2746
24.309404190000002,104053.4891,104030.52,103973.2,104126.92,103959.06,1747377900000,2448
29.962480160000002,103949.3208,104019.69,104007.5,104060.09,103873.47,1747378800000,2383
33.32935959,104100.6785,104007.5,104103.76,104211.65,103937.5,1747379700000,2500
218.05683144,103933.5452,104103.76,103868.27,104118.45,103810.0,1747380600000,6525
282.65811135,103822.6381,103831.9,103737.28,103927.41,103718.62,1747381500000,13109
67.3089124,103662.8626,103737.28,103516.18,103813.1,103500.0,1747382400000,4416
86.2946429,103279.5781,103516.18,103292.31,103520.0,103100.0,1747383300000,4039
40.015433820000005,103293.3283,103212.9,103338.96,103378.41,103194.35,1747384200000,2886
45.60008635,103372.8315,103338.96,103427.69,103493.26,103254.68,1747385100000,2700
58.262938690000006,103603.2181,103442.4,103652.66,103693.0,103410.0,1747386000000,3182
79.92297658000001,103708.0882,103652.66,103733.0,103804.86,103580.0,1747386900000,3400
97.07366769000001,103735.653,103733.0,103701.9,103807.48,103643.13,1747387800000,4796
66.21373645,103779.8179,103707.87,103831.44,103859.23,103699.5,1747388700000,3318
75.87312510000001,103794.9024,103800.0,103814.8,103932.81,103640.0,1747389600000,3739
67.21968539,103808.1184,103760.0,103751.15,103880.22,103730.0,1747390500000,3012
48.40314204,103823.8801,103755.31,103799.66,103878.75,103730.0,1747391400000,3431
37.735403080000005,103844.6241,103805.41,103842.81,103919.25,103750.0,1747392300000,3235
42.94903396,103840.4771,103870.7,103817.35,103934.75,103740.0,1747393200000,2547
34.96018165,103756.4613,103817.35,103698.9,103943.47,103630.0,1747394100000,3253
28.391636350000002,103677.212,103656.69,103602.81,103754.45,103580.0,1747395000000,2699
21.41689316,103687.6006,103602.81,103706.52,103744.52,103590.0,1747395900000,2745
24.35396493,103726.0601,103675.1,103764.38,103824.39,103609.0,1747396800000,3083
30.010985599999994,103674.6305,103764.39,103642.54,103764.39,103554.31,1747397700000,2965
37.28588127,103671.2631,103642.54,103644.02,103750.0,103570.0,1747398600000,3087
38.50401126,103637.9292,103642.1,103542.51,103710.3,103528.54,1747399500000,3360
24.5167224,103621.5094,103567.1,103664.57,103696.12,103501.11,1747400400000,3064
40.60224527,103626.2844,103664.57,103547.15,103696.65,103500.0,1747401300000,3755
139.80311274,103778.5038,103536.4,103782.19,103980.98,103480.0,1747402200000,6514
210.50573797,103981.6336,103790.2,104048.99,104158.01,103708.0,1747403100000,7559
132.20234686,103781.8387,104053.02,103640.12,104090.8,103522.16,1747404000000,7797
135.14055735,103896.1754,103674.9,103864.36,104026.87,103600.0,1747404900000,5907
107.99812338,103596.2323,103864.36,103377.66,103901.6,103367.11,1747405800000,5338
120.08805147999999,103532.776,103431.1,103631.0,103674.24,103300.0,1747406700000,4921
276.37205084000004,104093.8274,103631.1,104146.26,104335.46,103600.0,1747407600000,7704
110.66718757,103991.5537,104146.27,103882.03,104199.99,103810.0,1747408500000,5632
109.21309632999998,103995.901,103882.04,104051.74,104137.08,103810.0,1747409400000,5601
87.72966370000002,104059.8135,104054.03,104229.4,104233.29,103860.0,1747410300000,4878
464.53161686000004,104449.4128,104181.0,104334.23,104616.71,104150.0,1747411200000,13920
143.47078273000002,104201.9379,104334.23,103991.22,104457.92,103950.0,1747412100000,7060
88.23582730000001,103982.6527,103993.59,104012.8,104128.12,103810.0,1747413000000,5589
50.48578564,104144.1129,104018.8,104197.69,104267.72,103880.0,1747413900000,4697
69.22588614,104171.8299,104191.2,104166.12,104310.43,104000.0,1747414800000,4482
134.88077399999997,104274.7234,104173.65,104310.42,104446.91,104082.2,1747415700000,4396
94.17958871,104127.7224,104310.43,104065.17,104354.38,103930.0,1747416600000,4148
41.186574570000005,103956.9277,104026.9,103901.06,104117.48,103800.0,1747417500000,3905
34.78866801,103990.2886,103884.8,104036.91,104100.0,103820.0,1747418400000,3777
35.5371536,104009.0159,104035.78,103895.4,104136.0,103850.0,1747419300000,3720
33.06028846,103960.1891,103895.4,103857.05,104070.53,103800.0,1747420200000,3828
95.88040148999998,103805.69,103857.71,103721.93,103936.68,103710.0,1747421100000,4546
75.46431713,103780.449,103724.9,103763.89,103876.64,103700.0,1747422000000,3779
145.54142586000003,103677.5674,103763.9,103699.42,103778.32,103604.9,1747422900000,5595
87.72559508000002,103825.9988,103699.42,103832.49,103881.81,103630.9,1747423800000,4496
219.74747148000003,103933.7755,103832.49,104069.32,104104.0,103700.0,1747424700000,7791
65.03512693,103969.9486,104073.36,103952.7,104078.76,103790.0,1747425600000,4586
29.941899049999996,103893.4639,103952.7,103916.49,103958.56,103760.0,1747426500000,3747
89.05189532000001,103700.6808,103916.47,103642.83,103916.49,103587.48,1747427400000,4625
81.65800546,103621.4135,103642.83,103718.91,103794.47,103440.0,1747428300000,4861
91.63245543999999,103754.5621,103700.0,103791.94,103823.51,103670.0,1747429200000,3652
31.592815620000003,103650.7792,103791.94,103600.61,103791.94,103580.0,1747430100000,3022
25.467468179999997,103661.6495,103600.6,103753.42,103780.0,103523.99,1747431000000,3836
47.68999194,103682.2699,103754.57,103638.32,103754.58,103582.6,1747431900000,3611
166.18531948999998,103500.5638,103653.0,103500.1,103656.63,103410.0,1747432800000,6289
253.48760546,103496.5887,103500.0,103500.14,103614.92,103410.0,1747433700000,8775
156.00914401,103493.452,103500.1,103498.83,103526.91,103410.0,1747434600000,6363
306.36301099,103488.3059,103483.7,103554.69,103600.0,103400.0,1747435500000,12090
32.04713605999999,103645.4257,103504.5,103697.91,103728.54,103504.4,1747436400000,3465
24.643034219999997,103630.1834,103697.9,103656.68,103729.01,103550.0,1747437300000,3217
17.14395119,103615.1272,103656.68,103550.8,103679.5,103540.0,1747438200000,3434
112.08735473,103493.1857,103555.73,103500.03,103620.1,103410.0,1747439100000,4874
49.845803059999994,103494.4681,103500.1,103566.3,103577.19,103410.0,1747440000000,3797
32.61539148,103408.0759,103566.3,103318.81,103575.46,103260.0,1747440900000,3649
116.03553597999999,103232.9472,103318.81,103224.88,103415.66,103110.0,1747441800000,4459
25.983565820000003,103289.4354,103224.87,103382.12,103445.05,103150.0,1747442700000,3150
99.67562132,103026.8518,103382.08,102965.9,103382.08,102930.0,1747443600000,4502
93.44619233,102823.2885,102960.84,103028.35,103041.48,102710.04,1747444500000,5009
26.384916629999996,102953.7554,103028.35,102996.66,103063.02,102820.0,1747445400000,3705
39.722767530000006,102730.6143,102993.4,102861.15,102997.74,102612.0,1747446300000,3964
28.34462415,102989.1603,102867.36,102796.76,103091.0,102790.0,1747447200000,3269
25.895688190000005,103074.6986,102794.47,103186.74,103268.97,102750.0,1747448100000,3255
23.63542912,103264.0837,103186.74,103277.8,103341.26,103160.0,1747449000000,2984
20.15999367,103278.8463,103275.58,103301.41,103386.11,103182.87,1747449900000,2695
16.811154119999998,103296.5194,103285.5,103258.81,103378.23,103180.0,1747450800000,2395
11.004716890000001,103240.0945,103259.21,103317.64,103318.66,103150.0,1747451700000,2404
15.74585792,103400.8782,103316.18,103490.0,103527.49,103200.0,1747452600000,2676
44.6230212,103491.6017,103489.56,103529.59,103617.16,103385.94,1747453500000,2434
16.620910270000003,103529.1382,103550.1,103532.5,103614.14,103460.0,1747454400000,2153
14.80003479,103614.5336,103532.51,103624.24,103672.95,103518.62,1747455300000,2156
8.72560993,103648.1132,103625.82,103590.34,103688.73,103560.0,1747456200000,1850
12.565974349999998,103564.3706,103590.34,103677.05,103689.73,103493.79,1747457100000,2226
11.922072490000001,103672.3109,103629.9,103612.68,103741.98,103580.0,1747458000000,1823
8.79035287,103585.2891,103617.51,103575.51,103654.5,103529.99,1747458900000,1886
5.66354669,103567.1332,103576.07,103549.69,103627.53,103519.5,1747459800000,1748
20.06739886,103415.2207,103544.6,103377.28,103549.69,103300.0,1747460700000,1925
28.25056542,103426.4607,103354.1,103494.8,103524.7,103330.0,1747461600000,2151
11.224783880000002,103439.953,103410.0,103351.77,103517.76,103343.6,1747462500000,1744
16.345015859999997,103435.9077,103364.3,103508.8,103515.55,103290.0,1747463400000,1882
32.529881640000006,103443.7173,103505.11,103510.79,103532.91,103390.0,1747464300000,1778
44.45684079,103446.4713,103474.8,103573.46,103582.34,103400.0,1747465200000,1965
19.802280869999997,103519.8822,103568.33,103639.41,103658.62,103410.0,1747466100000,1567
12.310823489999997,103580.8953,103640.58,103504.95,103651.61,103490.0,1747467000000,1459
25.39465483,103464.7298,103504.95,103476.63,103508.35,103440.5,1747467900000,1670
37.76818555,103432.535,103481.5,103382.6,103490.64,103310.0,1747468800000,2184
41.48458039999999,103297.0028,103382.6,103490.65,103494.0,103110.0,1747469700000,3005
9.872887890000001,103529.3982,103433.1,103501.65,103595.92,103430.0,1747470600000,1588
37.16455251,103487.6053,103501.56,103449.83,103521.0,103390.0,1747471500000,1991
24.167913440000003,103369.0033,103460.1,103192.66,103581.54,103130.0,1747472400000,2675
47.602461170000005,103008.7522,103203.3,102910.21,103213.1,102878.57,1747473300000,3172
28.35406646,102982.2729,102910.21,102974.3,103102.48,102870.0,1747474200000,2222
11.8715535,102900.4133,102919.15,102963.0,103027.69,102840.0,1747475100000,1902
14.133481030000002,102951.2988,102963.0,103048.52,103086.35,102850.0,1747476000000,2269
10.38392147,103027.3355,103048.08,103023.32,103078.4,102968.93,1747476900000,1676
37.82123683999999,102913.1241,103023.93,102879.5,103060.1,102800.0,1747477800000,1853
48.93541593999999,102879.8439,102879.49,102909.29,102995.52,102840.0,1747478700000,1905
25.04442232,102836.1508,102894.1,102804.4,102988.91,102760.0,1747479600000,2082
19.173196439999998,102823.1102,102798.2,102833.9,102907.0,102760.0,1747480500000,2209
11.46841353,102941.5424,102820.0,103036.4,103048.42,102810.0,1747481400000,2084
20.965344159999997,103070.4246,103036.4,103021.2,103136.27,102990.0,1747482300000,2283
28.449507899999993,102998.1845,103006.7,102977.5,103100.84,102939.01,1747483200000,2870
22.97943188,102982.1445,102956.44,103021.08,103070.75,102910.17,1747484100000,2524
13.457556470000002,103006.6944,103021.07,103014.23,103065.94,102950.73,1747485000000,2363
11.139368690000001,102963.158,103014.23,102963.68,103015.01,102924.82,1747485900000,2149
22.97845529,102970.3633,102963.68,103107.7,103117.64,102820.0,1747486800000,2688
21.34537327,103037.3086,103107.7,102971.3,103144.35,102894.03,1747487700000,2588
19.27297319,102896.75,102916.9,102840.5,102991.95,102815.41,1747488600000,2800
29.141219349999997,102748.1212,102840.5,102742.58,102886.1,102670.0,1747489500000,3530
29.18540955,102855.8959,102723.8,102960.34,102960.35,102720.0,1747490400000,2999
33.14572821,102991.9027,102891.4,103052.93,103075.0,102891.3,1747491300000,2868
31.80992484,103064.6173,103052.94,103092.44,103123.37,103000.0,1747492200000,3104
21.255268980000004,103155.2578,103073.9,103162.31,103213.91,103070.0,1747493100000,2849
20.23455539,103100.42,103143.8,103103.12,103200.0,103022.27,1747494000000,3124
22.09619887,103101.6517,103103.12,103130.47,103213.33,102980.0,1747494900000,3065
16.85620048,103111.0963,103132.8,103092.39,103149.58,103080.0,1747495800000,2336
13.834688680000001,103003.1332,103092.4,102976.24,103092.4,102969.89,1747496700000,2722
22.036741910000003,103019.0783,102971.1,103008.84,103090.76,102930.0,1747497600000,3226
27.844020139999994,103027.7497,103008.84,103036.58,103140.0,102931.9,1747498500000,3469
27.516719589999997,102898.8819,103036.59,102926.96,103052.11,102800.0,1747499400000,3699
28.462662960000003,102840.2854,102923.26,102987.63,102990.79,102750.0,1747500300000,3130
23.967663220000002,103131.6937,102901.5,103166.5,103222.46,102901.5,1747501200000,2589
18.10527238,103165.4724,103166.48,103271.23,103301.26,103069.92,1747502100000,2418
16.60045907,103272.5101,103271.56,103239.94,103334.33,103199.33,1747503000000,2569
16.90855357,103201.8887,103237.99,103145.9,103270.4,103145.4,1747503900000,2250
47.39938843,103227.8918,103145.9,103260.75,103425.28,103114.64,1747504800000,4150
23.74810883,103204.1686,103260.55,103239.3,103337.54,103070.0,1747505700000,3001
16.7301239,103129.3669,103246.57,103126.16,103246.57,103000.0,1747506600000,2726
12.11231811,103071.1216,103123.28,103027.95,103123.31,103000.0,1747507500000,2008
11.707623719999999,103037.7118,103027.95,103129.74,103134.76,102955.01,1747508400000,2470
12.10457841,103105.1484,103129.07,103093.41,103150.44,103036.4,1747509300000,2086
18.30941557,103140.9818,103093.41,103226.47,103226.48,103040.98,1747510200000,2478
9.86497385,103195.8705,103226.11,103188.14,103240.0,103150.0,1747511100000,2110
21.04052553,103189.3298,103188.14,103130.31,103250.0,103117.23,1747512000000,2886
19.872260049999998,103166.9199,103139.78,103215.74,103232.62,103107.66,1747512900000,2617
17.44282015,103231.4769,103215.74,103281.27,103287.21,103177.7,1747513800000,1850
37.08080661,103329.5753,103281.27,103406.89,103473.73,103189.9,1747514700000,2756
26.66404508,103421.3398,103400.0,103441.57,103516.94,103320.0,1747515600000,2831
13.104396079999997,103303.3309,103383.1,103248.64,103451.89,103198.8,1747516500000,2221
18.320525449999998,103264.6455,103248.64,103263.95,103353.27,103179.59,1747517400000,2737
31.5357534,103265.3429,103270.62,103286.46,103339.78,103150.0,1747518300000,3910
45.93783517999999,103115.1742,103250.2,103039.01,103297.58,102960.69,1747519200000,3721
20.579975750000003,103015.0014,103045.64,102977.18,103071.1,102950.0,1747520100000,2868
30.895872900000008,103021.0458,102976.6,103069.35,103106.31,102940.0,1747521000000,2663
17.5174111,103074.4423,103069.35,103073.44,103155.44,103027.5,1747521900000,2701
29.632225199999997,103054.5514,103100.0,103196.33,103212.63,102987.03,1747522800000,3093
9.22237336,103161.6999,103197.81,103195.57,103248.9,103090.0,1747523700000,2234
5.8133956399999995,103204.0217,103191.94,103192.0,103251.28,103146.72,1747524600000,1818
11.237460820000003,103208.048,103192.47,103161.07,103248.99,103138.89,1747525500000,1969
11.47611401,103213.1035,103169.1,103264.95,103272.9,103140.69,1747526400000,2413
13.257950490000002,103265.1214,103194.4,103220.0,103361.34,103130.95,1747527300000,2264
15.10119965,103289.7756,103296.49,103312.24,103374.68,103200.0,1747528200000,2140
13.67403699,103383.7676,103312.24,103408.28,103453.34,103286.26,1747529100000,2363
16.31583483,103345.4828,103433.7,103294.77,103446.68,103260.0,1747530000000,2236
10.52686056,103309.0476,103294.76,103252.95,103359.79,103215.46,1747530900000,2099
13.140161169999999,103263.4429,103252.95,103213.93,103305.79,103206.48,1747531800000,2090
9.72406942,103251.326,103215.15,103296.14,103347.46,103169.31,1747532700000,2077
11.87042045,103311.341,103296.13,103353.2,103353.42,103248.9,1747533600000,2103
10.029409119999999,103321.8253,103353.2,103300.0,103359.02,103291.38,1747534500000,2314
7.48626224,103320.1912,103324.08,103321.02,103352.16,103280.83,1747535400000,1735
8.40010668,103359.113,103321.13,103300.0,103398.64,103299.9,1747536300000,1836
17.73815868,103321.011,103300.0,103251.41,103428.28,103220.0,1747537200000,2263
6.986622270000001,103215.6694,103251.41,103248.9,103258.8,103161.0,1747538100000,1743
14.813024569999998,103295.9508,103248.9,103258.0,103355.52,103161.0,1747539000000,1975
8.29069321,103311.6551,103320.73,103320.92,103340.54,103258.0,1747539900000,1457
5.25174922,103329.5212,103258.1,103336.14,103351.67,103258.0,1747540800000,1463
4.580936050000001,103325.5912,103338.92,103327.42,103346.08,103258.0,1747541700000,1085
7.641505630000001,103388.9472,103327.2,103442.92,103459.77,103268.8,1747542600000,1512
7.3583485600000005,103405.6609,103442.92,103384.12,103476.27,103329.61,1747543500000,1587
8.821605799999999,103422.768,103344.0,103442.86,103466.79,103344.0,1747544400000,1761
14.568268749999998,103467.2653,103442.86,103467.65,103500.0,103387.6,1747545300000,2118
11.465926920000001,103465.2935,103389.0,103516.46,103527.44,103388.9,1747546200000,1628
24.900109150000002,103577.9224,103485.9,103671.09,103717.91,103485.8,1747547100000,1869
12.58961513,103635.8805,103642.2,103637.09,103708.28,103574.62,1747548000000,1570
5.35650563,103585.2625,103633.17,103547.45,103659.09,103525.95,1747548900000,1328
17.29247813,103446.213,103563.7,103506.31,103563.7,103400.0,1747549800000,1852
4.38714663,103452.3515,103506.32,103503.44,103517.59,103403.98,1747550700000,1234
4.03806807,103495.2148,103443.9,103466.1,103560.79,103443.9,1747551600000,1221
17.74004251,103594.9876,103560.79,103631.01,103638.08,103466.1,1747552500000,1375
4.976490449999999,103604.226,103627.85,103645.0,103650.0,103569.03,1747553400000,1461
89.14035441000001,103767.2845,103645.0,103957.26,103999.88,103610.0,1747554300000,3420
74.68242501,104013.2299,103919.0,103937.49,104107.85,103890.0,1747555200000,3227
38.27470176,103949.737,103937.48,103949.9,104063.71,103830.0,1747556100000,1816
25.33433131,103924.98,103949.9,103891.18,104019.19,103870.0,1747557000000,1447
12.12321033,103926.0698,103891.28,103910.0,104011.67,103830.0,1747557900000,1452
17.34464923,103955.5193,103910.0,104033.59,104038.34,103900.0,1747558800000,1567
31.3285687,103969.7712,104033.59,103987.2,104062.25,103870.0,1747559700000,1666
14.34900054,103969.5609,103987.19,103888.03,104030.47,103830.0,1747560600000,1534
12.58902591,103874.0586,103882.14,103900.77,103918.02,103810.0,1747561500000,1534
10.768230540000001,103887.0115,103851.7,103956.56,103958.38,103820.0,1747562400000,1353
18.00670538,103883.2039,103862.3,103833.27,103965.97,103770.0,1747563300000,1570
13.109527169999996,103839.6665,103833.27,103866.07,103881.02,103770.0,1747564200000,1344
16.1587538,103857.9756,103866.07,103885.29,103900.0,103790.0,1747565100000,1295
13.346482479999999,103884.0373,103856.6,103890.54,103948.47,103790.0,1747566000000,1380
22.731438759999996,103933.2267,103891.1,103963.35,104000.0,103820.0,1747566900000,1624
33.2666337,103967.2641,103963.35,103901.6,104038.02,103855.37,1747567800000,2420
48.51691682,103834.9096,103840.0,103836.86,103901.6,103750.0,1747568700000,2388
24.49061767,103790.5445,103821.1,103783.06,103845.0,103690.0,1747569600000,1850
25.5932561,103865.0699,103784.2,103903.77,103913.32,103730.0,1747570500000,2270
15.463857520000001,103901.9749,103810.9,103900.05,103941.17,103800.0,1747571400000,1545
11.684544240000001,103922.8989,103900.04,103972.88,103977.61,103820.0,1747572300000,1628
13.7491506,103930.8373,103939.0,103946.4,103979.54,103850.0,1747573200000,1700
13.168766169999998,103924.6957,103942.87,103934.82,103963.93,103850.0,1747574100000,1583
174.79855841,104322.2161,103918.3,104509.3,104555.0,103850.0,1747575000000,5469
91.74848655,104555.7741,104488.17,104750.23,104829.06,104250.0,1747575900000,5007
122.06351267,104730.9358,104747.99,104589.3,104866.0,104557.4,1747576800000,4054
81.69427831000002,104791.9026,104557.5,104834.53,104950.0,104540.0,1747577700000,3915
333.05726570999997,105067.8286,104834.52,105140.0,105278.43,104770.0,1747578600000,8266
236.65964019999998,105383.5713,105178.8,105290.0,105558.58,105140.0,1747579500000,8143
114.48887257999998,105147.8597,105251.7,105189.53,105370.91,104990.0,1747580400000,5294
107.24555921,105384.5018,105188.28,105358.93,105550.0,105100.0,1747581300000,4944
84.54569292000001,105366.5244,105358.96,105476.71,105499.97,105230.0,1747582200000,4142
142.53707493,105509.5585,105467.69,105551.85,105703.0,105350.0,1747583100000,6274
60.927591299999996,105503.2945,105522.1,105444.02,105670.0,105370.0,1747584000000,4204
167.08612987,105348.4119,105444.02,105481.95,105561.46,105157.0,1747584900000,4760
47.16998712999999,105457.04,105481.95,105532.1,105554.61,105320.0,1747585800000,4075
222.09399928,105793.2683,105532.1,105844.34,105982.3,105390.0,1747586700000,7411
67.44904335,105791.5447,105871.4,105840.97,105930.0,105604.0,1747587600000,5025
134.1983563,105657.416,105844.78,105575.35,105900.0,105400.0,1747588500000,4439
95.07744847000001,105483.4983,105581.13,105533.89,105722.79,105260.0,1747589400000,4848
183.88369710999999,105125.4716,105521.1,104878.45,105554.32,104859.95,1747590300000,5531
332.69710623,104459.3252,104900.1,104304.3,104967.44,103980.0,1747591200000,10985
117.20711990000002,104377.206,104354.97,104725.2,104725.2,104060.0,1747592100000,6133
65.78733111999999,104665.8884,104722.94,104620.0,104807.67,104530.0,1747593000000,4569
94.40359140999999,104544.9001,104620.0,104535.04,104792.81,104370.0,1747593900000,4488
48.64379098,104573.8763,104457.2,104676.66,104686.91,104430.0,1747594800000,3725
99.63802685,104658.0929,104676.65,104576.59,104795.53,104430.0,1747595700000,3231
140.09076338000003,104243.6932,104575.83,104287.54,104577.4,104120.0,1747596600000,4346
110.84769969,104074.4179,104287.54,103925.72,104327.95,103888.89,1747597500000,5355
321.55366901,103615.2858,103925.74,103660.1,103939.1,103310.0,1747598400000,8720
82.01795218,103852.1774,103660.1,103972.47,104018.95,103640.0,1747599300000,4929
76.15592342000001,104040.3087,103970.0,104179.0,104200.88,103910.0,1747600200000,4157
132.74725644,104177.4329,104200.87,104112.36,104300.0,104030.0,1747601100000,4104
59.81443988,104230.606,104115.33,104256.6,104351.52,104104.1,1747602000000,3897
29.48613415,104339.5774,104274.07,104358.33,104435.22,104230.0,1747602900000,2901
71.9098763,104421.1479,104358.33,104521.99,104667.0,104200.0,1747603800000,4355
31.666687940000006,104388.5413,104521.98,104230.2,104617.5,104150.0,1747604700000,3210
143.06293316999998,104193.2481,104269.1,104142.3,104343.49,103991.7,1747605600000,5620
136.60388468999997,104703.6804,104135.89,105103.43,105133.47,104000.0,1747606500000,5236
155.94514618,105127.9565,105019.3,105282.63,105453.66,104930.0,1747607400000,6197
221.87387549000002,105670.6837,105249.2,105971.1,105995.0,105200.0,1747608300000,6385
111.42059348,105821.3757,105952.1,105781.2,106000.0,105580.0,1747609200000,5239
91.46037410000001,105729.4058,105781.19,105840.0,105930.59,105480.0,1747610100000,4267
62.0459282,105765.4943,105918.98,105775.0,105918.98,105610.0,1747611000000,4143
433.80491064999995,106286.5286,105760.0,106473.46,106692.97,105690.0,1747611900000,13105
427.78360636,106831.908,106525.6,106575.09,107137.68,106330.0,1747612800000,13144
142.51843969,106371.8931,106560.88,106140.42,106726.18,106110.0,1747613700000,6988
216.24246913000002,105752.6393,106137.89,105556.2,106201.95,105360.0,1747614600000,7380
209.95727958999998,105326.9527,105526.96,105270.0,105556.1,105152.08,1747615500000,7235
161.33053782999997,105147.9102,105282.4,105062.31,105425.49,104890.0,1747616400000,7348
109.48436399,104945.0791,105064.28,105099.39,105253.72,104731.52,1747617300000,5543
103.38422349999999,105031.1823,105099.4,104977.0,105293.85,104854.82,1747618200000,4380
48.12593541999999,105070.6644,104976.99,105073.49,105206.51,104860.0,1747619100000,3102
112.36763814,104864.7715,105077.23,104606.9,105195.09,104567.0,1747620000000,4915
76.19864311,104695.7587,104614.42,104916.25,104932.15,104540.0,1747620900000,3878
58.292534720000006,104926.0142,104916.15,104811.99,105091.8,104790.0,1747621800000,2856
97.32177399999999,104700.9266,104811.98,104660.94,104892.97,104530.0,1747622700000,3876
146.26017976999998,104374.8872,104629.4,104183.58,104660.93,104110.0,1747623600000,5016
118.10194827000002,104192.6675,104183.96,104220.7,104342.18,104060.0,1747624500000,4560
156.87899872,104048.1405,104220.7,103880.0,104299.0,103800.0,1747625400000,5089
186.9538354,103746.6328,103836.36,103634.83,104000.0,103530.0,1747626300000,5798
378.34718187,103326.7225,103630.21,103697.0,103807.49,102930.0,1747627200000,10161
55.23055626,103419.5308,103678.85,103326.54,103697.0,103210.0,1747628100000,3327
68.87366297,103315.427,103326.53,103286.76,103556.53,103040.0,1747629000000,3511
158.44875403,102938.1898,103292.2,103022.91,103307.99,102770.0,1747629900000,4429
72.05314947000001,102886.3072,103001.5,103003.72,103103.72,102640.0,1747630800000,4151
115.52365891,102842.7644,102980.69,102755.18,103037.1,102600.0,1747631700000,3458
126.79064010000002,102937.8019,102726.6,103062.26,103151.4,102530.0,1747632600000,5412
67.91158241999999,102946.696,103063.73,103051.85,103075.09,102830.0,1747633500000,2935
136.07651751999998,103077.9764,103047.9,103184.7,103212.18,102840.0,1747634400000,4422
100.35040073,102804.6846,103119.48,102650.55,103184.6,102600.0,1747635300000,4101
256.0854231,102364.1233,102641.1,102340.0,102655.91,102010.0,1747636200000,8041
54.91516427,102409.0688,102424.34,102224.7,102540.53,102220.0,1747637100000,3240
53.327191299999996,102551.0618,102224.6,102580.0,102727.49,102170.0,1747638000000,3216
86.25493193000001,102802.3737,102638.87,102848.88,102930.0,102593.22,1747638900000,3461
51.85855146999999,102965.6278,102848.86,103150.0,103195.6,102800.0,1747639800000,2844
44.900134470000005,103274.5187,103195.6,103256.57,103380.02,103108.8,1747640700000,2798
35.53390984,103180.7702,103246.1,103162.1,103296.25,102990.0,1747641600000,2717
38.606005960000005,103249.6168,103174.21,103274.73,103394.36,103100.0,1747642500000,2327
18.78490785,103115.9225,103290.1,103005.26,103290.1,102930.0,1747643400000,2021
47.91518043999999,103181.1199,103005.26,103270.25,103270.25,102977.43,1747644300000,3277
114.78298347,103184.0815,103261.58,103195.15,103484.99,103021.92,1747645200000,5233
32.04022978,103221.4392,103195.15,103268.16,103296.93,103126.58,1747646100000,2800
25.31877978,103265.3529,103268.57,103278.92,103333.58,103182.43,1747647000000,2439
32.101509959999994,103118.6124,103280.25,103091.87,103280.25,103043.29,1747647900000,2641
43.339936220000006,102971.184,103065.3,102910.38,103115.21,102840.0,1747648800000,3281
39.00146232,102961.6755,102910.4,103070.12,103107.93,102850.0,1747649700000,2919
25.721742399999997,103008.9687,103071.46,102972.64,103092.29,102950.0,1747650600000,2885
27.897279389999998,102996.2993,102973.59,102951.63,103097.58,102912.0,1747651500000,2675
31.66138825,102917.0837,102951.62,102885.06,103033.67,102790.0,1747652400000,2852
33.97755865,103014.7662,102889.02,103074.95,103090.29,102860.0,1747653300000,2944
52.89384763,103032.9953,103074.95,103070.34,103086.19,102910.0,1747654200000,3242
42.244097950000004,103028.5407,103070.34,102979.01,103094.99,102970.0,1747655100000,2827
78.95369933,102787.3515,102982.1,102681.37,102982.1,102666.24,1747656000000,4410
91.66911653999999,102558.9127,102681.37,102609.87,102698.5,102450.0,1747656900000,4579
126.01788216,102379.278,102609.86,102402.0,102653.8,102140.0,1747657800000,6343
57.694439319999994,102371.9299,102415.47,102499.99,102499.99,102286.44,1747658700000,4334
78.70224776,102493.7891,102410.0,102359.1,102599.65,102330.0,1747659600000,4605
67.69377044999999,102467.2534,102359.1,102543.94,102592.99,102335.06,1747660500000,4092
227.75616177999999,102875.3915,102543.94,103054.07,103075.77,102402.81,1747661400000,9148
364.54400258,103284.8807,103054.08,103318.56,103559.19,103000.0,1747662300000,12929
225.74926794,103466.7012,103330.2,103512.53,103627.34,103210.71,1747663200000,8815
319.59250371999997,103637.342,103500.9,103459.36,103817.99,103353.7,1747664100000,9780
198.80898531000003,103731.5261,103459.37,103773.43,103935.45,103405.6,1747665000000,8374
433.87253296999995,104190.4572,103782.1,104367.08,104419.83,103760.0,1747665900000,11914
263.25067583000003,104503.5152,104285.7,104615.44,104650.0,104285.6,1747666800000,8327
261.99017256999997,104554.8184,104608.12,104483.8,104736.9,104400.0,1747667700000,8610
378.64720603000006,104837.3778,104483.8,104904.27,104981.17,104450.0,1747668600000,9197
285.00840056,104908.465,104904.28,104822.66,105000.0,104700.0,1747669500000,8361
288.1397238,104713.2176,104800.0,104614.41,104937.28,104470.0,1747670400000,8627
162.42929421,104912.4563,104614.41,105144.04,105167.75,104520.0,1747671300000,7856
285.27997863999997,104901.4379,105144.02,104900.0,105165.29,104700.0,1747672200000,7965
155.92251806,105225.4492,104987.11,105398.79,105471.43,104880.0,1747673100000,7500
356.58173158,105406.176,105392.43,105093.6,105589.91,104990.0,1747674000000,9431
177.72680752000002,105200.1097,105084.73,105254.38,105432.02,104880.0,1747674900000,7817
184.22264385999998,105251.4489,105254.37,105304.01,105395.7,105050.0,1747675800000,8051
128.67905901,105390.0259,105304.02,105400.16,105482.59,105200.0,1747676700000,7558
163.67752971,105428.4853,105372.0,105332.0,105590.73,105170.0,1747677600000,8632
167.03314118,105217.878,105321.1,105185.82,105404.18,105000.0,1747678500000,8709
224.69707326,104928.2091,105185.82,104980.35,105186.59,104690.0,1747679400000,10101
105.4074999,104880.3375,104980.35,104811.48,105048.66,104630.0,1747680300000,6179
138.34060951,104824.1079,104782.0,104915.15,104972.78,104610.0,1747681200000,5993
138.04704282999998,105004.0296,104915.14,104943.37,105123.32,104790.0,1747682100000,4926
241.7562136,105273.078,104943.38,105450.6,105548.86,104850.0,1747683000000,8092
201.36933591,105535.2973,105494.79,105556.13,105615.26,105330.0,1747683900000,7937
223.89895575999998,105669.1128,105556.13,105452.59,105851.73,105320.0,1747684800000,7861
92.01437315,105644.4313,105452.59,105759.08,105800.0,105350.0,1747685700000,4965
126.57067937000002,105540.9626,105759.08,105440.47,105769.2,105290.0,1747686600000,7249
58.77014570000001,105431.425,105440.47,105445.9,105528.31,105260.0,1747687500000,4294
58.800330159999994,105419.2663,105507.28,105468.44,105563.42,105230.0,1747688400000,4630
74.03080469999999,105281.1212,105465.49,105067.72,105500.0,105000.0,1747689300000,4133
131.73631595,105070.9456,105065.87,105284.52,105291.32,104980.0,1747690200000,5092
48.84160826,105408.8295,105160.0,105486.25,105518.74,105160.0,1747691100000,3816
62.142050880000006,105501.3592,105460.5,105482.78,105599.0,105320.0,1747692000000,4824
45.048451359999994,105300.2999,105499.9,105247.73,105499.9,105130.0,1747692900000,4470
72.64606746999999,105279.8481,105223.9,105432.07,105448.49,105160.0,1747693800000,3856
149.60301937000003,105585.3447,105424.12,105594.84,105689.25,105330.0,1747694700000,3861
88.69664065999999,105738.512,105575.1,105704.54,105862.54,105500.0,1747695600000,4732
42.58731444000001,105608.6313,105704.54,105499.69,105743.04,105400.0,1747696500000,3264
48.22605826,105527.5425,105499.68,105530.0,105671.28,105380.0,1747697400000,3593
44.12935992999999,105646.5367,105653.81,105616.18,105733.63,105470.0,1747698300000,3342
166.56087199,105886.0383,105637.7,106027.65,106041.38,105500.0,1747699200000,5306
268.63859130000003,106244.237,106027.66,105674.22,106600.0,105610.0,1747700100000,11099
103.97592595000002,105831.0958,105682.25,105961.86,106199.95,105540.0,1747701000000,6430
