v,vw,o,c,h,l,t,n
419.20235520999995,80313.7181,80633.59,79868.08,81050,79787.85,1741702500000,15800
490.2441564,79632.9797,79855.45,79423.84,80389,79000.01,1741703400000,19350
500.59072154000006,79921.0103,79409.4,79724.64,80671,79227.52,1741704300000,15950
615.41224167,80573.1284,79724.64,81194.5,81451,79579.99,1741705200000,18270
356.56844762,81064.1153,81186.56,80839.34,81666,80667.15,1741706100000,14209
251.15170252000001,81152.6309,80828.64,81044.55,81571,80748.6,1741707000000,12338
293.25182659999996,81219.8606,81044.55,81201.43,81827,80866.25,1741707900000,10521
358.90347906,81070.9365,81189.9,80629.09,81683,80588.13,1741708800000,13501
279.91159407,81065.3889,80630.33,81459.82,81748,80603.05,1741709700000,13153
247.61704087,81597.4288,81459.83,81608.45,82000,81348.3,1741710600000,10734
214.48278718999998,81515.6859,81608.36,81360.86,82073,81235.67,1741711500000,9852
159.54273991999997,81286.8237,81356.85,81331.24,81709,81102.6,1741712400000,8831
324.0361252199999,81314.5575,81340.98,80855.51,81848,80741.26,1741713300000,9844
281.38998546,81038.0573,80842.88,81386.6,81589,80750.0,1741714200000,10763
231.78108943000007,81449.8159,81387.86,81284.8,81883,81077.26,1741715100000,9308
404.84294636000004,81954.8129,81291.1,82407.33,82648,81258.48,1741716000000,13691
478.62683295,82519.0864,82407.35,82540.45,83039,82037.64,1741716900000,15510
304.26121741,82612.6532,82540.45,82868.12,83110,82336.21,1741717800000,12541
654.1504236900001,83210.9541,82868.12,83267.38,83685,82824.07,1741718700000,16061
373.75364751,83251.0161,83267.38,83047.82,83820,82975.25,1741719600000,13138
565.5272031499999,83038.8877,83060.3,83172.57,83476,82821.36,1741720500000,16108
402.34419649,83290.3491,83179.78,83348.64,83719,83129.36,1741721400000,14585
260.56559861999995,83143.4632,83348.22,83295.0,83603,82916.9,1741722300000,11097
145.45971305,83035.793,83077.39,82821.3,83355,82792.55,1741723200000,7931
157.00944923,82719.2196,82811.48,82606.64,83164,82583.04,1741724100000,7126
170.49665967,82821.9971,82608.31,82893.75,83187,82608.31,1741725000000,6898
143.14385962,82942.6336,82893.75,82780.09,83285,82757.27,1741725900000,6495
131.97840908999999,83047.5762,82805.9,83030.0,83368,82770.81,1741726800000,6207
91.86573971,83094.0669,83030.0,83182.39,83428,82937.25,1741727700000,5394
140.12596716,83117.3464,83182.39,82970.81,83462,82935.23,1741728600000,6120
66.99328929999999,83127.462,82970.81,83081.77,83431,82970.81,1741729500000,4906
92.65556574,83178.359,83116.0,83204.2,83472,83004.4,1741730400000,6884
124.21663831000001,83201.9325,83204.19,83142.2,83519,83048.74,1741731300000,6203
56.27959107000001,83105.5818,83160.1,83067.68,83391,82952.75,1741732200000,5498
63.105710550000005,83138.609,83068.82,83112.8,83417,82981.83,1741733100000,5052
96.8189348,82930.2176,83112.8,82863.98,83389,82716.15,1741734000000,7105
120.23330883000001,82695.0515,82864.97,82643.17,83088,82517.47,1741734900000,6965
80.61909142,82736.87,82643.18,82768.28,83093,82539.89,1741735800000,6287
66.30982298,82784.2976,82770.71,82914.51,83163,82630.42,1741736700000,5409
51.17198945999999,82840.1005,82900.0,82745.25,83194,82665.97,1741737600000,6219
53.617882789999996,82832.7781,82747.07,82872.0,83137,82664.92,1741738500000,6216
76.0362003,82964.9167,82837.42,82712.67,83339,82650.01,1741739400000,6380
65.15606318,82814.2398,82705.96,82746.43,83015,82583.19,1741740300000,5765
119.718439,82977.7342,82746.43,83007.0,83349,82727.95,1741741200000,6969
87.29810748,83101.2418,83260.0,83045.24,83461,82904.9,1741742100000,7029
119.98826816,83299.0817,83094.3,83321.24,83731,83017.41,1741743000000,7892
199.79422197000002,83526.2195,83319.24,83288.29,83984,83210.0,1741743900000,9406
171.85968662999997,83007.6921,83288.29,83199.19,83540,82750.01,1741744800000,8564
78.63821268,82883.846,83199.18,82688.21,83431,82650.01,1741745700000,6919
210.79544477,82494.7045,82693.79,82450.6,83003,82208.01,1741746600000,9195
84.12493372,82399.3198,82441.98,82430.0,82725,82224.66,1741747500000,5972
62.33981834000001,82488.0699,82427.0,82513.6,82825,82267.52,1741748400000,5477
46.624742260000005,82377.7147,82460.73,82328.13,82694,82253.62,1741749300000,5390
78.25274004999999,82288.5271,82328.13,82291.1,82653,82097.38,1741750200000,6213
78.18292671,82252.5487,82287.01,82102.47,82560,82075.57,1741751100000,5051
449.2539858899999,81906.7578,82108.4,81990.64,82401,81727.0,1741752000000,10884
60.86589773000001,81944.5923,81990.63,82110.0,82264,81783.81,1741752900000,4935
184.48799635,81684.1097,81849.66,81595.67,82110,81577.37,1741753800000,6635
263.32498869000005,81641.1152,81595.67,81756.87,82052,81562.8,1741754700000,11030
84.40216545000001,81755.8115,81763.3,81731.5,82140,81558.48,1741755600000,4741
47.80612181999999,81742.371,81698.85,81767.58,82058,81604.82,1741756500000,3959
88.00876427,81858.2411,81762.41,81828.52,82169,81740.68,1741757400000,4349
95.39199546999998,81930.5084,82098.0,81936.04,82239,81782.86,1741758300000,4102
106.96731715000003,81710.9275,81974.1,81573.43,82212,81451.69,1741759200000,5053
53.41620187000001,81640.0567,81824.0,81649.21,81962,81456.0,1741760100000,4440
47.177353489999994,81713.9163,81649.21,81607.57,82007,81580.56,1741761000000,3858
96.98811862000001,81444.9534,81607.57,81450.1,81893,81247.25,1741761900000,5475
101.04699349,81504.4895,81450.2,81702.0,81891,81280.77,1741762800000,5920
85.50233866999999,81522.3354,81452.57,81702.3,82048,81291.14,1741763700000,5872
83.41612740999999,81741.9178,81650.6,81855.01,82099,81547.33,1741764600000,5273
141.99890269,82254.851,81857.02,82390.69,82730,81767.34,1741765500000,8068
145.15710400000003,82611.4753,82395.82,82676.4,83049,82333.41,1741766400000,6757
193.65121414999996,82311.3746,82678.13,82483.47,83010,81987.01,1741767300000,9374
58.73442429,82543.9027,82483.46,82874.0,82906,82291.93,1741768200000,5270
55.35539059999999,82692.9776,82657.13,82649.37,82993,82542.94,1741769100000,5013
127.90352372999999,82624.5302,82667.9,82536.34,83139,82306.8,1741770000000,8072
79.18377945,82389.8539,82536.33,82246.16,82773,82224.17,1741770900000,5717
68.35110207,82422.7609,82295.7,82486.88,82744,82204.79,1741771800000,5263
56.08578491,82637.7551,82486.95,82655.16,82892,82425.02,1741772700000,3932
63.44887981,82544.4638,82670.2,82498.6,82962,82369.35,1741773600000,3822
209.50822126000003,82392.7042,82497.68,82497.0,82754,82125.79,1741774500000,7334
77.73837553999996,82295.4433,82266.08,82275.31,82528,82071.75,1741775400000,4518
53.55411433,82462.6332,82479.0,82473.41,82734,82220.1,1741776300000,4122
80.39527017,82572.0746,82480.3,82572.77,82840,82412.15,1741777200000,4311
46.40443367999999,82693.489,82566.0,82701.5,82981,82486.22,1741778100000,4249
67.05590291,82872.7918,82745.79,82810.44,83171,82701.4,1741779000000,5183
60.10227344,82960.3211,82880.2,82978.09,83309,82719.93,1741779900000,4728
168.72484659999998,83132.1771,82986.3,82975.5,83500,82840.03,1741780800000,6989
192.95213108000002,83142.8229,82921.7,83340.76,83719,82915.99,1741781700000,8342
1013.77177219,84017.3512,83540.0,83600.3,84630,83331.06,1741782600000,32416
195.61551582,83715.9135,83608.27,84037.83,84277,83385.76,1741783500000,9680
279.14627884,84010.6997,84039.16,83827.84,84450,83666.83,1741784400000,9231
260.10708757,83448.522,83828.18,83310.52,84108,83248.43,1741785300000,8875
516.0802310600001,83560.0785,83314.85,83472.6,83991,83171.78,1741786200000,18233
511.69382044,82990.9935,83479.14,82672.79,83905,82338.86,1741787100000,17843
293.51797267,82625.5886,82673.03,82448.32,83134,82330.0,1741788000000,13124
298.58886225000003,82396.2494,82447.56,82460.7,82951,82153.49,1741788900000,11718
682.6989369799999,81884.7815,82451.06,81643.27,82815,81521.16,1741789800000,17842
325.37788457000005,81625.6285,81648.9,81493.18,82082,81477.17,1741790700000,10914
408.09825887000005,81093.4298,81550.1,80898.58,81780,80572.21,1741791600000,14821
340.67346495,81039.4131,80898.58,81208.56,81619,80749.16,1741792500000,12687
1151.6467240800002,81424.9358,81206.92,81586.76,81925,81202.58,1741793400000,19827
345.60376793,81653.7797,81586.76,81712.02,82184,81415.79,1741794300000,12043
204.21668287999998,81987.5852,81717.5,82155.01,82422,81597.43,1741795200000,10356
189.46337881,81998.4503,82161.47,81810.87,82463,81741.09,1741796100000,10502
209.11264857999998,81982.1773,81819.92,81635.66,82410,81628.43,1741797000000,10171
196.90376704,81946.345,81635.66,81933.29,82286,81635.66,1741797900000,8708
222.55846725000004,82283.1172,81941.91,82430.28,82770,81869.39,1741798800000,8504
188.78204259999998,82696.5477,82431.12,82758.93,83093,82397.25,1741799700000,8697
128.68078838,82593.2358,82758.92,82417.17,83081,82400.01,1741800600000,7187
179.47835442,82079.9497,82419.04,81816.36,82739,81748.29,1741801500000,8352
187.67970574,82086.1603,81839.0,82347.8,82594,81685.5,1741802400000,8770
206.14637071,82535.6864,82346.93,82740.0,82904,82305.4,1741803300000,8328
109.18326374,82631.7254,82544.6,82696.6,82949,82327.34,1741804200000,6439
144.71010010000003,82672.9082,82682.64,82621.93,83044,82475.87,1741805100000,7473
153.58673938000004,82722.7609,82637.8,82905.39,83151,82451.12,1741806000000,7603
118.20144917,82878.4127,82894.96,82750.54,83232,82700.23,1741806900000,7200
100.57018161999999,82786.9478,82750.55,82647.47,83184,82458.19,1741807800000,6771
194.86261093999997,82927.9261,82641.89,82893.13,83358,82637.57,1741808700000,8996
71.49497299,82828.0587,82893.77,82756.44,83158,82680.94,1741809600000,6261
90.99834244,82853.7209,82757.3,82842.12,83140,82716.08,1741810500000,5979
92.42988477000003,83064.6352,82842.12,83118.28,83384,82842.12,1741811400000,6479
84.55362425999999,83080.2085,83118.28,83096.86,83376,82999.01,1741812300000,5773
134.38958121000002,83197.2039,83100.0,83263.38,83502,83096.85,1741813200000,5144
53.24916385,83206.812,83263.38,83127.2,83516,83090.94,1741814100000,3421
55.15947049,83143.1574,83127.2,83077.85,83435,83011.33,1741815000000,5341
102.81000268,82990.8061,83077.86,83064.49,83333,82841.8,1741815900000,5660
115.4649604,83258.6935,83046.9,83365.94,83603,83046.9,1741816800000,7074
192.83224933,83480.428,83375.21,83480.0,83759,83300.63,1741817700000,8425
110.59723929,83559.1998,83500.0,83599.17,83842,83416.98,1741818600000,6024
87.51168831999998,83628.6186,83597.63,83632.75,83865,83520.01,1741819500000,5228
90.26928057999999,83602.1239,83670.0,83547.24,83917,83485.79,1741820400000,5641
81.70788160000002,83498.2893,83556.0,83428.33,83763,83405.05,1741821300000,5976
44.59007101000001,83556.1407,83428.32,83668.71,83882,83373.51,1741822200000,5144
99.20644109000001,83752.8396,83668.71,83659.43,84056,83618.16,1741823100000,5461
55.51291323999999,83689.0152,83659.45,83641.87,83993,83580.94,1741824000000,4771
128.11331847999998,83748.6214,83829.0,83688.38,84190,83461.3,1741824900000,6533
67.50514790000001,83801.8051,83688.38,83824.9,84152,83596.4,1741825800000,5477
86.86396661,83512.8916,83815.02,83414.25,84010,83414.24,1741826700000,4701
59.21816872,83477.627,83423.74,83654.93,83873,83290.25,1741827600000,4642
41.23528854999999,83608.7539,83662.88,83629.32,83958,83477.89,1741828500000,4263
57.89677184,83753.6883,83628.49,83712.3,84043,83616.69,1741829400000,4434
134.60237349,84008.3104,83691.96,83901.21,84389,83676.36,1741830300000,6621
161.11956853,84123.7197,83972.1,84144.64,84494,83848.58,1741831200000,6512
74.93231064999999,83990.1873,84144.64,83935.67,84375,83860.76,1741832100000,4798
80.37220617000001,83911.0428,83935.66,83936.59,84204,83796.8,1741833000000,5079
49.345525980000005,83893.5439,83936.59,83763.32,84233,83741.64,1741833900000,4077
44.49408256,83852.8684,83771.6,83943.55,84158,83711.68,1741834800000,4135
38.74338361,84028.5456,83943.99,83866.34,84355,83847.0,1741835700000,4165
38.81731313000001,83679.4688,83866.34,83587.5,84082,83557.75,1741836600000,4333
34.019312209999995,83590.9912,83581.42,83556.96,83861,83525.0,1741837500000,3946
39.9838063,83611.254,83556.95,83595.66,83876,83507.34,1741838400000,3722
45.678480449999995,83506.9611,83595.66,83441.61,83829,83433.0,1741839300000,3765
60.821306820000004,83365.7761,83437.52,83297.54,83700,83248.43,1741840200000,4437
47.80059808,83352.4892,83297.53,83275.75,83629,83191.33,1741841100000,3399
35.77322933,83375.1908,83275.74,83361.12,83600,83237.0,1741842000000,3209
63.139672929999996,83390.6696,83361.12,83440.68,83698,83282.05,1741842900000,3325
105.68392316999999,83198.1792,83440.69,83079.21,83636,83068.84,1741843800000,4156
39.253743220000004,83155.9021,83139.4,83138.51,83403,83068.83,1741844700000,3389
26.13100871,83048.9032,83150.0,83000.1,83359,82935.22,1741845600000,3132
70.05425704,82965.3373,82945.91,83005.37,83192,82836.1,1741846500000,3578
34.42191835,83040.7186,83005.36,83027.05,83325,82964.3,1741847400000,2555
62.30149767999999,83262.462,83031.26,83274.8,83493,83030.33,1741848300000,3459
71.14257214000001,83260.5344,83278.6,83177.26,83533,83125.06,1741849200000,3164
58.31706385000001,83380.7603,83177.22,83408.99,83738,83173.05,1741850100000,3541
33.61716123,83355.4764,83408.98,83257.45,83691,83184.83,1741851000000,3021
32.67471628,83230.6209,83257.46,83139.92,83511,83112.06,1741851900000,2561
22.84798706,83184.6078,83139.92,83089.43,83418,83089.43,1741852800000,2697
206.89309807,82746.6163,83084.03,82648.14,83291,82523.76,1741853700000,5722
115.14942037,82617.7591,82642.5,82645.27,82953,82396.51,1741854600000,4419
45.16358476,82840.3384,82654.78,82967.47,83220,82624.5,1741855500000,3423
99.44585883999999,83128.2122,82989.8,83147.96,83429,82961.33,1741856400000,4692
113.63426120000001,83349.0896,83155.62,83214.98,83650,83154.6,1741857300000,4311
93.35204990999999,83308.4589,83214.98,83278.8,83537,83181.81,1741858200000,3276
47.32482592,83393.08,83286.06,83406.33,83668,83278.8,1741859100000,3456
30.282304480000004,83320.9111,83406.32,83320.63,83642,83229.74,1741860000000,3035
103.97620494999995,83194.3533,83320.63,83271.97,83539,83084.03,1741860900000,3747
28.55035944,83184.3198,83272.0,83066.43,83556,83015.64,1741861800000,3386
49.36151734,83153.6431,83066.43,83157.79,83437,82968.32,1741862700000,3653
66.07490386,83040.0405,83180.9,82990.0,83386,82920.7,1741863600000,4199
52.36242104000001,82871.8889,82932.62,82839.46,83133,82751.99,1741864500000,3839
62.89659462,82846.3797,82839.46,82839.64,83167,82726.0,1741865400000,3891
109.02452925,82842.0023,82839.56,82945.17,83122,82672.84,1741866300000,5226
115.52991376000001,82830.5487,82940.63,82811.2,83159,82719.18,1741867200000,5033
72.64391377,83103.334,82811.2,83248.4,83475,82809.91,1741868100000,4518
276.95676719999994,83341.5743,83243.35,82983.19,84101,82627.61,1741869000000,11895
144.71550545,82564.8173,82974.52,82631.0,83168,82257.95,1741869900000,8306
169.7482452,82703.485,82492.18,82558.09,83077,82428.26,1741870800000,7967
155.3099867,82779.9206,82559.07,82887.13,83132,82509.3,1741871700000,6789
372.95412975,82632.625,82888.0,82405.9,83246,82352.55,1741872600000,13606
477.8094365,81996.4409,82361.69,81744.41,82627,81552.0,1741873500000,14191
373.41965797,81840.764,81736.1,82200.0,82242,81500.01,1741874400000,12523
343.83060421,82192.4771,82008.49,82058.0,82652,81800.21,1741875300000,11263
255.65427100999997,82018.8085,81866.95,82224.0,82350,81820.0,1741876200000,9338
126.15509036000002,82015.5322,82044.5,81979.36,82400,81829.32,1741877100000,7528
302.64418524,81765.6063,81979.36,81620.53,82309,81533.13,1741878000000,10527
247.44224903,81574.1769,81620.71,81756.0,81972,81374.5,1741878900000,9942
463.12681705000006,81212.8712,81547.35,81387.36,81745,80915.01,1741879800000,13867
179.23763601000002,81102.924,81382.72,81013.84,81559,80943.76,1741880700000,8669
198.9896042,80960.8929,81007.9,80923.08,81328,80789.15,1741881600000,10390
122.10456581,80991.5477,80913.24,80910.2,81295,80813.54,1741882500000,7589
177.63462413,80991.0434,80973.4,80985.43,81389,80810.0,1741883400000,8648
266.58793959,80723.6921,80985.43,80842.79,81171,80601.44,1741884300000,12359
397.55666735999995,80604.6437,80842.79,80731.0,81008,80388.0,1741885200000,13227
496.21336628,80312.9125,80528.48,80349.41,80732,80150.0,1741886100000,17467
328.44549932999996,80181.3916,80341.32,80102.94,80669,80015.0,1741887000000,12775
202.81538874999998,80017.1348,80102.92,80000.0,80399,79890.0,1741887900000,10504
270.28239179,80352.8348,80000.0,80692.4,80912,79950.0,1741888800000,10713
199.59212148999995,80731.6747,80694.04,80866.12,81112,80465.52,1741889700000,8019
134.05832035999998,80781.1963,80873.48,80704.99,81096,80594.37,1741890600000,7001
98.88631078999998,80707.5165,80704.99,80985.0,81026,80500.0,1741891500000,5869
198.518589,80783.737,80769.23,80689.54,81171,80590.59,1741892400000,8294
206.05452072,80568.4049,80689.16,80519.38,80931,80350.01,1741893300000,8154
229.21624085999997,80467.1325,80516.99,80287.72,80839,80260.52,1741894200000,7822
437.82726812999994,80191.4328,80294.28,80140.82,80620,80049.99,1741895100000,12895
243.46942577000002,80317.4369,80139.99,80363.75,80732,80053.0,1741896000000,7859
109.68684818,80549.2199,80363.75,80606.34,80863,80356.2,1741896900000,5402
93.96582126000001,80603.905,80606.35,80333.13,80926,80322.82,1741897800000,4968
87.16133858,80330.4398,80330.32,80318.53,80659,80221.08,1741898700000,5130
123.26910396,80413.4879,80320.6,80410.4,80736,80222.53,1741899600000,4902
54.9349,80540.4397,80407.16,80595.15,80856,80347.24,1741900500000,4327
56.9011261,80615.2708,80595.16,80730.37,81005,80438.32,1741901400000,4898
84.81638384000001,80792.7454,80730.36,81008.0,81080,80616.09,1741902300000,4381
105.69492827,80917.9196,80753.2,80897.74,81188,80675.5,1741903200000,5317
96.54278701000001,80895.2471,80897.74,81020.82,81242,80778.78,1741904100000,4560
54.554806070000005,81048.3911,80983.0,81097.73,81357,80927.13,1741905000000,4637
83.12689646,81268.2066,81096.37,81350.0,81592,81096.34,1741905900000,4893
103.16639431,81381.5105,81350.0,81309.34,81675,81228.34,1741906800000,5477
151.69789233,81163.8037,81347.4,81062.18,81569,81051.51,1741907700000,6093
147.96415980999998,81077.7056,81294.0,81040.96,81379,81000.03,1741908600000,5665
59.1032662,81107.4266,81275.0,81073.43,81371,81034.07,1741909500000,3513
102.36364118999998,80957.2026,81112.3,80969.58,81303,80771.17,1741910400000,4899
48.56618216,81044.4826,80966.09,81152.28,81434,80855.23,1741911300000,4604
65.20148971,81393.7586,81152.45,81725.0,81733,81152.28,1741912200000,5080
186.87923475999997,81640.4701,81491.57,81454.97,81881,81346.35,1741913100000,5408
45.00947235999999,81374.4998,81487.4,81414.7,81713,81166.05,1741914000000,4567
39.85702385,81359.6569,81377.7,81388.84,81658,81224.36,1741914900000,3465
58.73766019,81665.1534,81402.0,81791.74,82038,81393.99,1741915800000,4519
64.67400516,81687.8837,81791.73,81571.6,82069,81526.69,1741916700000,4506
45.16209184,81675.7547,81572.4,81694.04,81913,81560.03,1741917600000,3759
49.06071543000001,81830.4578,81694.04,81842.88,82186,81635.34,1741918500000,4163
58.259659199999994,81825.8039,81842.88,81811.0,82121,81652.87,1741919400000,4095
187.30367346999998,82010.0679,81812.05,82193.95,82475,81766.68,1741920300000,6796
93.29421566,82034.11,82201.1,82075.35,82419,81935.52,1741921200000,4272
51.58309348,82073.9586,82079.52,81997.99,82375,81950.91,1741922100000,3480
60.082267990000005,81905.8514,81991.08,81794.66,82198,81787.63,1741923000000,3785
33.626518589999996,81857.5555,81794.66,81875.88,82083,81714.94,1741923900000,3194
38.38219189,81976.3123,81879.6,81986.6,82213,81852.01,1741924800000,3260
53.15749043,81977.7939,81986.6,81986.78,82226,81829.78,1741925700000,3339
52.62363868,81927.6668,81986.79,81879.98,82231,81815.05,1741926600000,3336
31.391381959999997,81957.3993,81879.98,81926.12,82178,81875.02,1741927500000,2573
28.83641521,81944.2389,81949.0,81813.05,82190,81792.62,1741928400000,2572
27.771249089999998,81934.6064,81813.05,81965.89,82176,81813.05,1741929300000,2471
32.47096493,82046.466,81972.0,82075.53,82300,81915.06,1741930200000,2772
36.95038215,82081.7028,82050.0,82135.41,82388,81986.54,1741931100000,2452
39.28194379,82112.1442,82150.0,82033.32,82358,82006.83,1741932000000,2776
32.45001651,82003.7474,82033.33,81824.45,82241,81822.5,1741932900000,2542
53.86431164,81901.0082,81824.71,81999.0,82161,81749.65,1741933800000,2964
50.52136796999999,81950.4193,81762.9,82024.62,82234,81762.8,1741934700000,2781
21.760413460000002,82029.5121,82025.24,81996.86,82227,81871.68,1741935600000,2265
31.75912452,82088.5521,82000.0,82057.65,82298,81970.14,1741936500000,2404
45.87226418,82205.7835,82054.41,82351.63,82600,81993.21,1741937400000,2829
60.08706108,82343.7123,82351.63,82397.0,82651,82159.18,1741938300000,2715
36.178634880000004,82316.4265,82159.17,82249.9,82574,82149.03,1741939200000,2574
153.12465257000002,82409.0294,82297.48,82453.41,82787,82250.0,1741940100000,3773
48.650945959999994,82474.0823,82453.41,82494.61,82784,82294.72,1741941000000,2906
38.59902897999999,82614.1336,82494.62,82576.57,82830,82494.62,1741941900000,2764
123.0024398,82699.0219,82568.0,82633.76,82967,82553.4,1741942800000,3555
79.51489422,82820.1439,82633.75,82885.28,83147,82617.21,1741943700000,3266
102.0531325,82836.8622,82840.8,82874.43,83138,82676.15,1741944600000,3696
65.09269540999999,82846.3786,82874.44,82765.6,83108,82750.01,1741945500000,2665
54.64365649999999,82761.1992,82769.5,82676.65,83049,82652.9,1741946400000,2986
118.24656897000001,82879.747,82676.66,82964.79,83231,82667.18,1741947300000,3968
115.97643281999999,83004.6485,82985.9,83023.55,83273,82861.02,1741948200000,3838
188.40836922999998,83202.3796,83023.55,83033.2,83460,82988.88,1741949100000,4689
113.35530956,83126.4125,83029.0,83031.33,83381,82994.2,1741950000000,4594
120.61532385999999,83107.8105,83097.3,83206.14,83420,82953.77,1741950900000,4712
102.21495598,83289.6097,83202.75,83262.7,83545,83124.88,1741951800000,4302
64.44392275999999,83292.7388,83253.48,83236.54,83555,83132.99,1741952700000,3678
135.57348187999997,83229.4113,83271.0,83394.71,83631,83030.12,1741953600000,5207
105.42678739,83415.9878,83404.21,83395.4,83700,83335.45,1741954500000,4923
85.78564148,83388.8815,83395.38,83257.3,83728,83253.3,1741955400000,4901
137.13105282,83311.8525,83257.3,83418.35,83632,83129.56,1741956300000,4956
160.56083504,83497.5185,83418.35,83385.21,83778,83371.51,1741957200000,5674
208.97106795999997,83387.6933,83400.0,83338.75,83694,83300.0,1741958100000,5666
404.67330611000006,83550.3805,83321.4,83268.61,83990,83038.68,1741959000000,11468
387.18574863000003,83602.5252,83263.7,83592.46,84089,83235.59,1741959900000,10210
446.88671913999997,83180.0096,83594.55,82986.74,83812,82800.94,1741960800000,14966
303.70248876000005,82848.5919,82978.02,82791.65,83260,82605.43,1741961700000,9665
177.91363525,83138.3367,82790.38,83134.81,83660,82752.92,1741962600000,8583
284.87720709000007,83258.328,83123.8,83527.61,83712,82988.97,1741963500000,8672
680.53431024,84110.9927,83527.61,84271.09,84671,83469.2,1741964400000,15970
622.07896302,84773.8464,84271.09,84939.37,85160,84263.85,1741965300000,16332
543.62710619,85085.4867,84945.6,85131.68,85487,84904.39,1741966200000,14580
410.3567789999999,84858.8926,85128.35,84729.11,85364,84639.1,1741967100000,11872
417.2635037500001,84637.0969,84731.19,84521.38,85160,84506.77,1741968000000,10010
285.76824002000006,84605.8784,84525.63,84403.88,85001,84383.19,1741968900000,9601
782.3282699,84173.9485,84426.2,84486.5,84697,83925.99,1741969800000,17333
364.72347234000006,84674.5544,84478.07,84783.92,85036,84325.64,1741970700000,9287
218.53007584000002,84692.2316,84776.52,84560.16,85031,84477.44,1741971600000,8628
132.00425891999998,84495.005,84559.92,84394.8,84850,84259.62,1741972500000,6910
105.24516462999999,84363.9963,84383.91,84232.1,84706,84216.77,1741973400000,6255
130.95085354,84308.2889,84224.12,84373.72,84622,84189.63,1741974300000,6084
194.10441634,84540.3655,84355.7,84416.1,84872,84355.6,1741975200000,7791
120.61663479000002,84364.3383,84418.56,84303.76,84646,84200.78,1741976100000,6200
159.37828376000002,84539.4359,84306.13,84631.68,84944,84283.3,1741977000000,6736
137.73781177,84592.0638,84808.0,84604.9,84841,84487.2,1741977900000,6248
221.42631719999997,84782.5244,84604.9,84895.59,85147,84475.45,1741978800000,6725
140.5969017,84738.7134,84896.4,84633.91,85137,84587.52,1741979700000,5857
145.58506967999998,84644.2069,84633.9,84570.19,84919,84539.16,1741980600000,5890
344.76949607999995,84554.8005,84568.05,84561.86,84817,84457.05,1741981500000,8725
176.83438216999997,84456.2761,84569.77,84295.52,84766,84221.69,1741982400000,6406
213.89607096999998,83974.398,84295.51,84038.2,84493,83711.65,1741983300000,8274
187.14234049000004,84127.8166,84065.94,84263.11,84509,83982.65,1741984200000,7161
112.8334448,84201.0931,84262.44,84152.4,84445,84129.69,1741985100000,4870
110.33000493,84085.9684,84147.29,83997.13,84403,83955.79,1741986000000,4653
86.24633196,84228.2789,83989.39,84243.16,84496,83984.68,1741986900000,4366
83.39641673999999,84227.8023,84243.15,84188.0,84492,84140.12,1741987800000,4525
75.34750470000002,84234.5263,84192.04,84215.66,84440,84144.27,1741988700000,3669
53.87079029,84192.2369,84215.66,84193.98,84409,84111.87,1741989600000,4553
225.41893893999998,84523.9638,84194.1,84350.99,84765,84187.73,1741990500000,5592
67.55786259,84353.3527,84405.9,84387.29,84616,84274.24,1741991400000,4403
159.02228741000002,84684.2704,84387.29,84454.48,84911,84370.41,1741992300000,4685
56.31710338,84361.301,84451.1,84258.58,84709,84236.08,1741993200000,4350
41.32774073,84261.3925,84262.23,84267.77,84527,84175.17,1741994100000,3768
35.2782215,84211.5863,84275.45,84004.3,84539,84000.0,1741995000000,4602
55.46191503,84041.5969,84004.3,84207.0,84312,83952.1,1741995900000,4173
45.420150379999995,84099.7071,83997.7,84171.79,84438,83962.56,1741996800000,4081
52.58057694,84195.8213,84171.79,84449.0,84449,84111.41,1741997700000,3845
36.897986370000005,84306.0209,84239.28,84229.64,84549,84204.19,1741998600000,4108
30.61293402,84363.3638,84229.53,84300.0,84602,84219.55,1741999500000,4328
73.64181295,84383.1197,84305.41,84700.0,84700,84289.62,1742000400000,3967
64.50698998,84453.3251,84472.49,84399.4,84789,84351.5,1742001300000,4154
49.384469790000004,84225.0601,84399.4,84171.57,84604,84111.0,1742002200000,4746
38.83803133999999,84302.6492,84166.0,84374.0,84596,84137.33,1742003100000,3760
26.47603262,84327.4335,84368.24,84402.67,84636,84162.97,1742004000000,3789
34.95578849,84373.4907,84402.7,84290.72,84631,84235.29,1742004900000,3876
54.640904,84402.362,84295.89,84402.98,84730,84241.32,1742005800000,4442
52.74624491,84567.3133,84408.9,84799.0,84864,84403.22,1742006700000,4149
45.456528170000006,84556.3086,84575.1,84549.93,84827,84464.33,1742007600000,3986
30.004287850000004,84652.9933,84549.94,84659.26,84909,84522.88,1742008500000,3302
34.060815229999996,84600.0394,84639.1,84444.6,84911,84411.82,1742009400000,4617
35.43168109,84532.3526,84440.41,84502.27,84767,84416.54,1742010300000,3774
40.004915579999995,84471.4277,84500.8,84381.58,84769,84359.11,1742011200000,4253
29.58067943,84380.0973,84381.92,84414.0,84610,84291.47,1742012100000,2825
27.03370857,84486.823,84405.59,84547.82,84766,84341.9,1742013000000,3113
22.348704820000002,84588.1043,84547.82,84466.34,84764,84465.15,1742013900000,2539
24.776621050000003,84416.0749,84494.9,84430.49,84676,84366.17,1742014800000,2353
13.072484249999999,84407.2809,84430.49,84344.92,84644,84315.02,1742015700000,2256
14.639934799999999,84364.3227,84339.85,84351.75,84577,84307.81,1742016600000,2241
19.63648547,84345.1024,84350.2,84274.28,84576,84260.7,1742017500000,2091
10.704276409999999,84219.1648,84312.7,84229.04,84505,84177.77,1742018400000,2107
14.45563961,84276.0312,84229.04,84264.73,84505,84190.1,1742019300000,1811
6.8341408800000005,84223.461,84264.72,84199.92,84456,84179.9,1742020200000,1589
9.97380061,84204.4713,84199.34,84191.9,84409,84177.77,1742021100000,1488
52.165583930000004,84094.5103,84192.0,84101.88,84408,84035.33,1742022000000,2848
23.444991150000003,84014.5039,84109.97,83966.96,84312,83950.0,1742022900000,2408
53.14661972999999,83923.0416,83966.9,84015.87,84240,83802.9,1742023800000,2828
22.461144210000004,83962.2071,84015.86,83847.18,84279,83838.9,1742024700000,2355
30.53800152,83815.5455,83839.0,83785.88,84129,83747.5,1742025600000,2931
52.467094620000005,83751.2435,83785.87,83823.51,84060,83612.24,1742026500000,4082
21.984167640000003,83906.4378,83823.51,84004.78,84211,83769.31,1742027400000,2931
16.5509233,83956.578,84000.03,83904.83,84202,83878.79,1742028300000,2574
23.32724641,83835.1591,83890.6,83821.89,84091,83760.38,1742029200000,3035
29.70640766,83776.0385,83821.73,83743.59,84034,83709.24,1742030100000,2752
20.86839333,83883.549,83751.29,83903.1,84139,83731.01,1742031000000,2406
10.663537160000002,83929.2172,83948.7,83968.11,84135,83879.47,1742031900000,1922
32.578508920000004,83962.3284,83968.12,83874.88,84149,83870.55,1742032800000,2669
30.060276010000006,83799.5715,83874.88,83729.24,84097,83660.96,1742033700000,3563
13.490897690000002,83836.0697,83730.1,83839.24,84038,83729.24,1742034600000,2559
17.21147739,83891.8182,83839.24,83925.47,84092,83826.68,1742035500000,2773
26.395616629999996,83941.3451,83918.6,83929.19,84183,83849.14,1742036400000,2651
41.36857472999999,83996.9231,83929.19,84010.97,84208,83886.35,1742037300000,2775
31.029113230000004,84088.4888,84010.97,84095.0,84320,83986.25,1742038200000,2984
31.872453609999997,84166.5012,84100.62,84118.58,84353,84056.27,1742039100000,2985
41.57024742,84125.4246,84121.0,84164.17,84390,84022.43,1742040000000,2912
48.29030324,84189.9158,84121.0,84227.32,84455,84120.9,1742040900000,2981
55.02628311,84235.1339,84431.0,84224.64,84456,84185.0,1742041800000,2745
26.02381684,84240.7497,84226.7,84155.79,84474,84124.79,1742042700000,2963
25.387151,84281.1886,84155.79,84304.68,84517,84140.3,1742043600000,3197
40.47912275000001,84369.2119,84304.69,84308.22,84601,84267.88,1742044500000,3413
35.241113389999995,84418.3713,84348.0,84466.28,84687,84250.0,1742045400000,3752
32.68107395,84487.2441,84466.27,84471.02,84688,84379.78,1742046300000,3344
25.47558362,84371.0229,84471.01,84362.02,84680,84229.4,1742047200000,3582
36.41788231,84255.7078,84362.03,84172.2,84561,84140.88,1742048100000,3804
28.561397470000006,84210.653,84214.8,84215.48,84440,84106.14,1742049000000,3395
25.230313480000003,84253.0141,84207.1,84141.3,84495,84123.0,1742049900000,2905
31.791963509999995,84313.749,84141.3,84333.35,84553,84140.06,1742050800000,3494
56.29009746,84367.6105,84333.35,84305.6,84618,84281.5,1742051700000,3111
110.60760003000001,84258.3084,84305.6,84342.2,84603,84132.62,1742052600000,3859
59.81514745,84366.5026,84348.2,84333.83,84618,84299.29,1742053500000,3457
32.779450929999996,84368.7707,84343.24,84309.21,84611,84241.65,1742054400000,3544
35.5555713,84280.4559,84309.22,84276.36,84541,84187.36,1742055300000,3651
46.04980819,84390.6855,84249.0,84386.8,84675,84248.92,1742056200000,3536
42.132374739999996,84409.7527,84386.8,84351.84,84700,84320.64,1742057100000,3441
36.391602889999994,84379.3483,84351.83,84404.25,84640,84260.57,1742058000000,3505
44.864370470000004,84451.6478,84404.25,84483.72,84725,84340.22,1742058900000,4076
37.322901169999994,84449.0563,84483.72,84430.06,84722,84386.68,1742059800000,3788
26.200950119999998,84412.3156,84430.06,84419.29,84646,84366.83,1742060700000,3179
17.555576900000005,84447.4745,84423.7,84429.9,84678,84400.0,1742061600000,2688
42.60687595,84361.7368,84457.2,84358.6,84665,84310.61,1742062500000,3235
61.422495819999995,84263.723,84358.59,84420.0,84604,84132.0,1742063400000,3653
32.73316963,84232.5114,84192.5,84224.29,84449,84138.54,1742064300000,2935
43.116398790000005,84175.0097,84227.0,84428.0,84439,84111.0,1742065200000,3252
32.88630056,84265.5053,84209.6,84228.32,84464,84182.04,1742066100000,3316
30.71238997,84257.244,84228.33,84281.15,84455,84182.83,1742067000000,3186
22.079046499999997,84322.5343,84223.8,84302.36,84522,84223.7,1742067900000,3027
36.75104347,84431.8839,84302.36,84401.54,84652,84293.0,1742068800000,3567
42.45947572999999,84426.1012,84401.55,84428.29,84645,84340.0,1742069700000,3287
25.517742839999997,84430.6044,84428.29,84383.96,84643,84353.57,1742070600000,3064
51.80230548999999,84407.6385,84383.97,84392.89,84639,84350.0,1742071500000,3518
28.65820006,84384.7328,84368.0,84275.79,84624,84272.26,1742072400000,3277
14.71887763,84282.1387,84275.79,84387.39,84569,84241.19,1742073300000,2803
29.692829610000004,84445.0652,84387.13,84417.33,84680,84325.8,1742074200000,3234
23.30553392,84458.2799,84417.32,84392.59,84642,84362.52,1742075100000,2732
30.384450600000008,84425.0239,84412.5,84370.93,84639,84357.8,1742076000000,3337
20.22272934,84446.4489,84370.89,84419.26,84653,84364.09,1742076900000,3359
23.214675099999997,84418.2139,84417.74,84331.47,84661,84324.79,1742077800000,3359
22.33832128,84446.1363,84334.31,84382.0,84595,84329.03,1742078700000,3036
21.903579909999998,84370.7958,84382.01,84349.37,84595,84328.62,1742079600000,3205
15.584251940000003,84325.0282,84349.37,84312.04,84543,84300.0,1742080500000,2582
32.697948610000005,84313.94,84312.03,84370.34,84555,84260.15,1742081400000,2974
12.032461999999999,84375.9566,84371.39,84351.46,84572,84332.39,1742082300000,2488
36.335189240000005,84320.7092,84351.45,84329.69,84571,84261.83,1742083200000,3104
17.647779070000002,84305.9014,84337.11,84289.6,84552,84263.72,1742084100000,2703
26.9646497,84265.9041,84271.6,84294.01,84514,84221.48,1742085000000,2799
18.743047509999997,84307.471,84294.02,84253.81,84502,84216.97,1742085900000,2454
46.92768785,84255.7661,84276.2,84170.76,84479,84161.04,1742086800000,3123
41.28794792,84225.7254,84170.75,84185.48,84456,84132.0,1742087700000,3260
146.11035757999997,84003.7627,84211.9,84015.56,84406,83836.01,1742088600000,6082
28.342510169999997,83977.2324,84001.0,83877.26,84259,83868.0,1742089500000,3826
43.771429590000004,83832.5927,83931.0,83802.13,84132,83744.92,1742090400000,4420
37.112620580000005,83862.1328,83802.12,83957.83,84122,83768.91,1742091300000,3835
35.16346772,84022.7771,83950.98,84046.19,84305,83916.47,1742092200000,3302
22.96957811,83994.3611,84046.18,83965.28,84265,83887.91,1742093100000,3034
26.19847005,83981.6055,83950.0,84019.56,84242,83896.09,1742094000000,2959
16.06303119,84101.846,84019.56,84118.68,84297,84019.55,1742094900000,2370
14.33704501,84181.5068,84118.67,84233.0,84400,84103.68,1742095800000,2481
25.30395475,84292.882,84233.0,84324.83,84549,84174.57,1742096700000,3105
17.475051869999998,84366.675,84314.8,84358.04,84599,84282.07,1742097600000,2939
24.2765366,84367.3554,84358.04,84291.41,84595,84277.0,1742098500000,2502
24.3098259,84365.3278,84291.41,84384.89,84566,84244.56,1742099400000,2696
17.90994415,84372.0588,84384.9,84411.97,84589,84314.91,1742100300000,2511
11.656740319999999,84372.9344,84395.7,84337.59,84596,84317.95,1742101200000,2165
16.76585533,84376.8265,84337.6,84411.5,84578,84323.73,1742102100000,2375
10.260280009999999,84378.4703,84411.5,84333.75,84592,84330.33,1742103000000,2352
12.26208232,84345.1149,84390.1,84374.3,84558,84301.0,1742103900000,2418
8.95341159,84375.2579,84374.3,84384.84,84577,84339.36,1742104800000,1824
11.7122635,84345.4879,84385.87,84322.35,84558,84303.78,1742105700000,1989
9.09353614,84318.4905,84316.19,84300.95,84531,84263.17,1742106600000,2040
10.645395350000001,84261.3694,84300.94,84227.59,84484,84220.2,1742107500000,2171
26.58599811,84111.1642,84227.59,84051.27,84427,83974.73,1742108400000,2191
16.812839190000002,84183.7651,84058.57,84145.01,84404,84008.31,1742109300000,1715
24.054404780000006,84307.403,84144.99,84368.3,84537,84144.98,1742110200000,1965
19.460633150000003,84292.9117,84356.44,84286.17,84537,84245.82,1742111100000,1429
14.76134127,84259.002,84290.1,84437.0,84480,84219.64,1742112000000,1556
7.776631879999999,84223.0924,84286.87,84190.98,84437,84156.6,1742112900000,1462
13.473509250000003,84241.3906,84202.3,84237.31,84465,84190.97,1742113800000,1481
8.76508524,84269.0348,84237.3,84262.3,84463,84225.36,1742114700000,1435
9.02926432,84221.6928,84266.1,84217.26,84462,84185.68,1742115600000,1253
31.824208660000004,84100.9432,84211.54,84180.0,84395,83936.87,1742116500000,2259
30.37536417,83907.8901,84017.0,83831.06,84222,83804.83,1742117400000,2255
22.26900409,83885.0598,83825.33,83894.35,84110,83815.53,1742118300000,1624
22.81091223,83949.5807,83896.7,84213.0,84218,83825.12,1742119200000,1948
70.25482252000002,83771.8346,84044.79,83761.47,84206,83670.08,1742120100000,2867
14.142719860000001,83744.137,83754.34,83797.83,83983,83700.01,1742121000000,1775
20.317694129999996,83716.8963,83799.17,83667.03,83966,83650.45,1742121900000,1791
133.55960740999998,83404.5414,83666.9,83239.8,83901,83089.05,1742122800000,6644
187.71885661000002,82872.8646,83232.89,82852.15,83446,82686.03,1742123700000,6588
151.90340642,82606.4935,82842.62,82578.2,83024,82381.57,1742124600000,5604
50.31630746,82495.5571,82528.02,82404.39,82820,82373.06,1742125500000,3723
82.15685778,82599.7173,82409.5,82641.41,82934,82374.68,1742126400000,4289
80.92993439,82706.8462,82637.28,82874.61,83120,82433.35,1742127300000,3995
32.89332898,82757.8996,82864.52,82634.6,83047,82594.04,1742128200000,2992
41.09955247,82705.4665,82634.6,82750.83,83010,82562.82,1742129100000,3311
52.18249101,82985.9118,82963.0,83002.97,83329,82720.31,1742130000000,4154
51.96907227000001,82927.0884,83002.88,82955.66,83223,82801.94,1742130900000,3479
41.62696921,82944.6909,82958.6,82718.72,83289,82666.88,1742131800000,3531
56.58672527,82631.6068,82724.96,82597.73,82990,82492.76,1742132700000,4262
55.43504546,82801.881,82605.4,82689.45,83158,82564.51,1742133600000,4365
32.07484715,82809.083,82689.45,83085.0,83103,82617.86,1742134500000,3250
35.26566089000001,82878.4912,83085.0,82934.14,83209,82701.47,1742135400000,3494
82.46826967,83149.6899,82990.9,83356.27,83576,82887.62,1742136300000,4797
72.95592627999999,83300.9502,83336.2,83269.47,83686,83150.01,1742137200000,4976
34.35425954,83187.6372,83265.67,83093.5,83500,83046.48,1742138100000,3493
43.23343784,83192.0004,83101.33,83250.87,83509,82964.75,1742139000000,4181
45.31040454000001,83339.0714,83247.51,83311.6,83647,83190.62,1742139900000,3908
479.9272888,84409.5173,83311.6,84125.55,85280,83285.57,1742140800000,18052
135.22579153999996,84349.181,84125.55,84342.95,84794,84014.37,1742141700000,9193
93.98900403999997,84105.9375,84395.7,84044.98,84561,83779.12,1742142600000,6516
136.02383133,83714.653,84044.98,83627.45,84317,83433.36,1742143500000,6325
72.52466029,83853.5934,83600.0,83808.98,84284,83600.0,1742144400000,5310
48.50030097,83748.5836,83808.98,83589.31,84091,83487.39,1742145300000,4172
45.874438109999986,83640.2647,83589.29,83670.01,83947,83475.74,1742146200000,4026
45.53442024999999,83796.6204,83670.01,83907.01,84158,83549.03,1742147100000,3866
41.81133215,83884.3841,83907.0,83902.75,84200,83700.41,1742148000000,4230
38.48492841000001,83948.3309,83902.74,84018.92,84187,83844.87,1742148900000,3392
37.65367676999999,83920.445,84018.92,83903.89,84267,83737.73,1742149800000,3588
52.524500700000004,83735.629,83903.88,83693.86,84078,83621.99,1742150700000,3983
83.10120227,83364.2696,83669.1,83215.3,83891,82974.0,1742151600000,6084
136.58860546999998,82979.4436,83204.6,83204.3,83458,82560.06,1742152500000,8672
47.8591048,83088.1148,83202.25,83195.4,83413,82883.26,1742153400000,4528
31.706227110000004,83116.6379,83156.59,83102.88,83390,83000.01,1742154300000,3743
57.00029750000001,83250.1173,83096.7,83315.74,83545,83014.65,1742155200000,4284
61.65199236,83222.3906,83316.51,83061.29,83615,83014.01,1742156100000,4542
35.33372005999999,83085.1287,83061.28,83093.12,83328,82996.9,1742157000000,3611
40.27431456,83023.4645,83104.43,83213.26,83373,82910.0,1742157900000,3807
47.037031039999995,83031.0508,83187.1,82963.63,83386,82910.0,1742158800000,4159
72.26030059,82879.3548,82965.79,82957.91,83135,82782.73,1742159700000,4142
35.89470028,82826.0972,82957.91,82855.87,83121,82736.68,1742160600000,4059
38.6766268,82746.6501,82862.41,82761.7,83054,82648.14,1742161500000,3266
139.96663415,82516.1634,82765.8,82555.05,83016,82211.31,1742162400000,6925
105.47272116,82412.3104,82555.05,82449.37,82770,82250.0,1742163300000,5205
68.17340902000001,82335.7208,82450.0,82421.38,82636,82165.64,1742164200000,4942
119.07720115999997,82184.029,82421.0,82086.89,82616,82062.0,1742165100000,4675
156.78084752,82102.4851,82129.1,82217.06,82496,81969.44,1742166000000,6577
103.30768963999999,82359.9139,82219.26,82425.56,82641,82190.33,1742166900000,4531
86.60899441000001,82495.8801,82425.56,82609.07,82789,82346.15,1742167800000,4880
41.787322499999995,82574.6399,82609.09,82562.57,82801,82487.77,1742168700000,3418
91.53533651,82691.1251,82600.0,82726.74,82989,82504.95,1742169600000,4386
109.79407254000002,82796.4933,82806.1,82866.53,83081,82700.0,1742170500000,3818
60.20117176999999,82884.6411,82866.52,82943.44,83184,82800.0,1742171400000,3661
48.54590697000002,83042.6104,82934.74,83045.72,83309,82934.74,1742172300000,4037
75.76668450000001,83034.7728,83045.72,83032.0,83433,82821.51,1742173200000,4949
48.23496291000001,82932.8829,83060.0,82941.58,83178,82819.6,1742174100000,3692
36.93090544999999,83165.1153,82983.6,83164.44,83392,82943.04,1742175000000,3192
50.87562692,83306.9613,83164.44,83221.69,83547,83157.84,1742175900000,3765
33.30248022999999,83172.4411,83264.9,83027.59,83411,83027.58,1742176800000,3149
48.40524734,83116.4286,83027.58,83262.8,83434,82957.84,1742177700000,3547
38.83085166,83234.4702,83262.86,83302.23,83498,83162.83,1742178600000,2913
34.063818600000005,83240.1604,83313.88,83199.5,83544,83121.18,1742179500000,2938
48.28946526000001,83453.5347,83215.6,83490.87,83781,83204.72,1742180400000,4057
36.208053930000005,83513.1017,83483.85,83470.0,83754,83428.77,1742181300000,3150
24.75459897,83450.8198,83466.07,83466.56,83679,83367.02,1742182200000,2505
38.28477526000001,83600.3577,83466.55,83658.05,83878,83459.09,1742183100000,3008
54.11455873,83786.4549,83702.4,83731.73,84043,83658.01,1742184000000,3268
38.27932949,83728.8287,83730.72,83708.68,83959,83631.98,1742184900000,2751
37.840074099999995,83675.4721,83700.1,83614.84,83933,83582.36,1742185800000,2464
37.03130964999999,83570.8081,83621.8,83602.96,83833,83500.01,1742186700000,2112
43.38081055,83364.0698,83566.3,83289.79,83783,83169.37,1742187600000,2937
21.620113410000005,83278.4622,83290.3,83296.96,83506,83218.04,1742188500000,2305
36.18942131000001,83235.0047,83296.95,83243.0,83500,83138.61,1742189400000,2352
17.845545740000002,83199.6435,83258.5,83105.33,83448,83102.38,1742190300000,1787
22.74394154,83223.2861,83132.4,83226.9,83440,83103.32,1742191200000,1975
85.74134550000001,82967.2374,83226.89,82894.38,83422,82861.5,1742192100000,2769
79.17397993,82794.0227,82884.06,83063.31,83218,82660.86,1742193000000,3147
33.198302299999995,83151.6114,83062.86,83204.61,83428,83031.08,1742193900000,2431
35.660706330000004,83333.087,83165.2,83306.46,83628,83165.1,1742194800000,3175
38.83292539999999,83321.4941,83306.46,83358.7,83578,83204.07,1742195700000,2732
24.054514100000002,83355.9577,83358.7,83406.57,83577,83294.43,1742196600000,1887
48.40655513,83507.2332,83397.66,83541.9,83760,83390.73,1742197500000,2810
34.73110562,83456.0218,83564.0,83373.5,83727,83296.81,1742198400000,2506
24.28602429,83331.5884,83366.37,83531.0,83679,83192.56,1742199300000,2143
18.33756374,83500.5398,83508.0,83536.13,83705,83406.01,1742200200000,1723
44.53786006000001,83564.4721,83543.72,83526.48,83863,83460.08,1742201100000,2155
81.96798213,83478.7894,83551.3,83519.37,83778,83402.95,1742202000000,2655
65.66735678,83671.2298,83526.96,83741.05,83935,83472.4,1742202900000,2553
43.65495891999999,83676.013,83740.98,83587.89,83903,83584.08,1742203800000,2052
43.072833620000004,83619.207,83596.12,83652.41,83829,83532.81,1742204700000,2180
51.21249527,83492.3959,83620.0,83379.74,83820,83345.06,1742205600000,2368
64.33049329,83444.1922,83377.53,83460.01,83654,83316.95,1742206500000,2345
40.11525074,83375.3471,83472.5,83375.59,83615,83291.16,1742207400000,2265
35.43615681,83359.6867,83375.78,83323.31,83587,83238.23,1742208300000,1806
51.693635990000004,83289.1611,83341.1,83388.95,83536,83201.92,1742209200000,2218
67.03693717,83528.0502,83388.95,83524.63,83769,83330.0,1742210100000,2662
51.97046819999999,83614.578,83524.63,83544.36,83832,83511.97,1742211000000,2494
67.60332561,83546.2333,83544.32,83527.6,83758,83471.35,1742211900000,2401
336.5073070100001,83585.953,83527.6,83349.54,84157,83270.72,1742212800000,8940
72.54102381000001,83174.8402,83347.97,83177.1,83515,82956.17,1742213700000,4786
401.0367613800001,83456.3288,83186.36,83322.05,84017,83111.0,1742214600000,13389
104.48484511,83177.5998,83321.15,83031.62,83562,82984.59,1742215500000,4688
187.99036476,83147.0029,83097.1,83146.44,83451,82829.15,1742216400000,5996
61.991839389999996,83048.2698,83146.43,82920.5,83386,82866.59,1742217300000,3833
273.04000111999994,83391.4819,82885.1,83420.79,83920,82787.24,1742218200000,8585
187.37358623999995,83162.9844,83414.73,83014.01,83666,82903.32,1742219100000,7662
527.4934463100001,82753.9873,83010.05,82814.2,83220,82416.98,1742220000000,12184
138.05504377999998,82726.186,82795.46,82758.64,83167,82520.54,1742220900000,7502
202.86783663,83056.5804,82765.33,83181.7,83440,82691.63,1742221800000,7077
120.34765949000001,83088.8989,83202.8,82903.97,83524,82825.13,1742222700000,5335
129.29785065,82998.5056,82912.96,83228.25,83453,82693.08,1742223600000,5851
158.51835282000002,83447.4971,83234.76,83342.61,83752,83158.56,1742224500000,6064
176.07128361000002,83331.7778,83334.09,83362.0,83621,83143.66,1742225400000,5416
116.40637865000001,83522.5997,83355.67,83537.88,83855,83340.91,1742226300000,5526
185.10940178999996,83723.079,83518.0,83726.48,84019,83418.12,1742227200000,6330
88.88734333,83674.7997,83726.49,83603.9,83980,83500.0,1742228100000,4240
84.41900767999999,83414.7911,83604.0,83249.2,83925,83200.0,1742229000000,4351
151.71276100999998,83300.2567,83249.2,83436.97,83657,83102.01,1742229900000,5091
303.29624020000006,83661.0367,83436.96,83759.42,83966,83349.2,1742230800000,5810
196.56810819999998,83881.0782,83759.43,83920.02,84171,83699.9,1742231700000,5540
319.11525393,84167.6654,83940.1,84244.43,84463,83812.02,1742232600000,8322
239.83236222000002,84243.9174,84244.43,84190.12,84520,84082.84,1742233500000,6338
157.24538987999998,84225.4822,84193.62,84108.99,84543,83982.0,1742234400000,5708
159.52481651000002,84154.5396,84114.28,84169.0,84412,84000.96,1742235300000,5438
225.66010906,84316.8845,84119.28,84452.49,84673,84080.7,1742236200000,6572
227.40814890999997,84515.7312,84458.28,84491.09,84762,84374.0,1742237100000,6010
219.33947496,84532.9531,84503.1,84677.0,84794,84381.4,1742238000000,5545
145.99545390999998,84428.4055,84495.8,84408.45,84685,84309.59,1742238900000,4755
124.89555968,84513.3344,84407.47,84582.99,84762,84361.98,1742239800000,4372
171.03448066,84599.79,84566.1,84481.92,84920,84386.66,1742240700000,5659
232.56011804,84271.4077,84481.92,84270.7,84691,84191.98,1742241600000,4841
71.30244298,84202.8037,84270.71,84122.66,84517,84029.03,1742242500000,3446
122.59281955,83973.8806,84122.66,84020.02,84325,83870.74,1742243400000,4676
74.26666133,84055.4487,84020.01,83967.62,84358,83842.69,1742244300000,3957
55.91449057,84015.5525,83959.9,84052.38,84232,83936.18,1742245200000,3086
63.38203702,84068.9278,84061.3,83954.99,84423,83947.99,1742246100000,3367
55.21242798,83981.5823,83954.98,83986.52,84252,83856.57,1742247000000,3598
39.739076440000005,84143.2796,83985.01,84073.45,84407,83974.03,1742247900000,2943
52.22356461,84092.8395,84084.4,84101.9,84323,83991.63,1742248800000,3516
52.99093403999999,84170.9562,84110.31,84188.25,84384,84084.3,1742249700000,2760
79.61572543000001,84200.0213,84188.1,84137.63,84433,84129.82,1742250600000,2783
28.935335730000002,84160.8042,84137.65,84066.17,84333,84066.16,1742251500000,1877
54.209446019999994,84011.345,84100.1,83979.28,84261,83975.0,1742252400000,2098
67.85361017,83953.3194,83975.09,83847.36,84174,83837.69,1742253300000,3589
93.72081458999999,83937.5186,83847.36,84116.46,84297,83745.72,1742254200000,3664
37.40220745,84107.3235,84047.0,84011.4,84299,84010.5,1742255100000,2541
51.91266721000001,83954.1635,84015.2,83886.98,84221,83864.2,1742256000000,3029
46.812688730000005,83921.9722,83886.98,83756.68,84159,83751.06,1742256900000,2985
58.48607923000001,83810.0062,83756.67,83759.56,84004,83718.2,1742257800000,3242
47.28458478,83775.6139,83759.57,83796.89,83981,83711.36,1742258700000,2913
42.67147599,83800.6199,83796.89,83597.35,84062,83592.23,1742259600000,3313
183.787724,83408.9183,83649.8,83341.13,83781,83205.13,1742260500000,6198
97.37366293999999,83144.4144,83383.7,83051.39,83543,83019.58,1742261400000,4802
81.31635726999998,83107.0511,83047.98,83161.44,83384,83008.73,1742262300000,3865
72.71439685000001,83224.901,83193.7,83363.33,83548,83069.54,1742263200000,4000
46.915806589999995,83367.3902,83364.33,83441.54,83654,83230.53,1742264100000,3231
50.02554935999999,83435.3019,83443.32,83462.81,83699,83328.75,1742265000000,3172
45.71361521000001,83438.1124,83462.75,83365.65,83698,83336.78,1742265900000,2955
56.59660187000001,83237.8043,83371.4,83223.69,83558,83149.55,1742266800000,3584
52.13036771,83230.588,83224.9,83077.41,83490,83058.43,1742267700000,3147
60.512178860000006,83044.2403,83077.41,83150.79,83342,82950.0,1742268600000,3338
30.063060989999993,83158.0113,83142.51,83128.35,83396,83057.6,1742269500000,2513
36.220857820000006,83180.8687,83138.7,83184.55,83400,83068.67,1742270400000,2468
73.25813734,83154.6568,83187.27,83171.35,83399,83071.06,1742271300000,2473
52.00956975000001,83067.3118,83171.36,82968.63,83366,82958.0,1742272200000,2957
115.66293620000003,82936.8899,83206.0,82983.76,83228,82830.0,1742273100000,3041
45.28454548,83049.1186,82984.9,83004.59,83330,82970.66,1742274000000,2153
35.54557355,82991.3905,83004.59,83011.26,83213,82908.84,1742274900000,1941
72.24996481000001,83064.6007,83152.0,83079.5,83236,82892.09,1742275800000,2291
57.46879297,83037.092,83095.8,83194.0,83254,82924.97,1742276700000,1877
80.80327619999998,82865.7884,83015.5,82772.19,83196,82736.2,1742277600000,2617
84.44191404000001,82681.284,82769.29,82622.0,82991,82574.37,1742278500000,3168
236.37719626,82567.743,82682.96,82313.9,82875,82313.9,1742279400000,5044
82.29213501,82388.8707,82312.5,82448.57,82704,82235.91,1742280300000,3066
250.17252054000002,82890.0748,82427.1,82932.99,83447,82344.58,1742281200000,7370
42.770831619999996,83035.378,82946.58,83138.12,83389,82784.48,1742282100000,2987
83.26553505999999,83072.5632,83124.17,83104.08,83349,82953.5,1742283000000,2571
39.20578794,83121.4623,83098.04,83150.66,83372,83040.8,1742283900000,1856
72.64812273999999,83215.9567,83174.2,83091.32,83494,83087.98,1742284800000,2352
35.663200550000006,83176.2598,83091.31,83232.93,83484,83029.03,1742285700000,2088
59.29073402999999,83363.2868,83248.7,83281.66,83630,83219.35,1742286600000,2625
33.16173671,83319.297,83281.66,83280.52,83537,83225.3,1742287500000,1904
30.033230099999997,83328.5156,83257.3,83250.2,83517,83219.41,1742288400000,1815
34.24947984000001,83158.6596,83250.12,83109.23,83446,83064.8,1742289300000,2157
44.52182471999999,83171.2013,83109.24,83133.49,83405,83083.41,1742290200000,2324
43.49195379,82986.311,83133.48,82833.3,83334,82762.8,1742291100000,2379
60.673413440000004,82843.8138,82816.3,82754.93,83128,82725.08,1742292000000,2490
60.396501249999986,82727.3571,82763.39,82751.55,82979,82578.32,1742292900000,2947
62.412754539999995,82760.2614,82744.83,82823.57,83092,82628.12,1742293800000,2538
74.14039426,82800.0176,82823.57,82812.43,83035,82704.69,1742294700000,2269
29.11158412,82805.3258,82767.0,82764.71,83069,82639.02,1742295600000,2503
36.0913864,82782.608,82764.71,82682.31,82984,82671.65,1742296500000,2286
62.66723334999999,82683.9558,82685.68,82544.41,82921,82536.43,1742297400000,3057
86.63464314999999,82599.4781,82544.41,82595.1,82861,82487.81,1742298300000,3110
69.1431607,82605.8023,82595.1,82543.84,82908,82482.5,1742299200000,3480
62.45631906999999,82676.9506,82572.4,82596.17,83011,82483.73,1742300100000,3500
108.05773994,82530.3593,82596.14,82525.14,82824,82376.97,1742301000000,4137
71.80249528,82455.059,82525.13,82387.62,82764,82303.95,1742301900000,3417
87.17880786,82419.643,82400.1,82301.38,82679,82284.01,1742302800000,3715
111.77895273,82358.9481,82301.39,82360.63,82644,82252.0,1742303700000,4338
767.67280112,81788.822,82360.63,81374.3,82580,81346.93,1742304600000,19534
403.07958193999997,81318.797,81378.99,81342.45,81742,81134.83,1742305500000,13434
270.48099257999996,81338.8397,81401.0,81241.0,81785,81193.17,1742306400000,10359
350.54809047000003,81342.1803,81241.0,81610.9,81822,81125.0,1742307300000,8806
209.29061549000005,81746.7571,81592.06,81671.28,82175,81463.92,1742308200000,7861
106.13340148,81725.2623,81677.2,81833.15,82073,81501.64,1742309100000,5705
133.16653567,81631.0739,81862.9,81751.27,82072,81502.42,1742310000000,6055
113.75925006,81794.537,81735.13,81833.2,82135,81573.28,1742310900000,5421
135.08668959999997,82044.8645,81818.86,81869.23,82377,81765.78,1742311800000,6336
145.78441571000002,81740.4055,81858.82,81595.35,82179,81525.0,1742312700000,5541
184.15799833,81691.2614,81572.5,81775.6,82039,81530.2,1742313600000,5636
118.43943724,81861.8963,81830.95,82093.62,82309,81649.97,1742314500000,5245
133.12204559,82007.3746,82039.3,81712.1,82380,81663.56,1742315400000,5542
81.87534706,81671.2177,81690.42,81842.42,82145,81506.27,1742316300000,4917
68.47859003999999,81795.6241,81843.37,81729.79,82177,81555.02,1742317200000,5333
169.82338834999996,81682.8835,81720.32,81580.56,81967,81500.01,1742318100000,6809
133.20329606,81646.1433,81583.88,81658.93,82054,81340.67,1742319000000,6247
105.18247254,81548.5082,81657.31,81446.0,81982,81301.14,1742319900000,5594
94.23157992000002,81416.2291,81473.9,81381.35,81731,81277.07,1742320800000,5443
106.01087500000001,81528.0643,81382.64,81339.97,81868,81321.7,1742321700000,5243
120.27213769,81425.495,81333.41,81586.86,81863,81222.54,1742322600000,5159
177.41880860999999,81799.1257,81586.85,81866.96,82184,81586.85,1742323500000,7200
129.90063924000003,81887.8496,81866.97,81916.21,82193,81736.86,1742324400000,6825
205.56219552,81947.599,81916.19,81890.58,82288,81833.0,1742325300000,7110
192.97456157000002,82049.1853,82120.0,82029.21,82334,81879.46,1742326200000,5817
511.71246886000006,82262.8589,82029.21,82308.47,82710,81978.23,1742327100000,12226
126.71489726999998,82248.4126,82308.09,82090.25,82591,82087.03,1742328000000,4725
66.13717041,82096.7049,82090.75,81999.97,82387,81986.11,1742328900000,3783
41.061700570000006,81967.1319,81999.98,81912.1,82272,81848.31,1742329800000,3513
39.856553840000004,81991.7246,81912.1,82036.62,82284,81859.63,1742330700000,3640
51.54977835,82093.5777,82028.39,82170.96,82414,81990.0,1742331600000,3231
26.9572045,82181.2576,82170.96,82104.92,82423,82052.08,1742332500000,2944
43.941338439999996,82041.1098,82101.81,81978.98,82352,81905.02,1742333400000,3419
63.97083924999999,82025.9934,82206.0,82282.0,82318,81928.44,1742334300000,3308
101.75062425,82147.077,82031.15,82252.47,82570,81971.51,1742335200000,4798
70.18045904000002,82319.3224,82258.02,82250.22,82600,82181.46,1742336100000,4131
65.15504219,82301.3798,82276.4,82265.42,82577,82199.74,1742337000000,3605
82.34613193,82449.3916,82265.42,82370.3,82811,82217.5,1742337900000,4145
70.49823016000002,82515.3472,82370.31,82802.0,82832,82370.31,1742338800000,3946
85.10243613000002,82693.0519,82804.0,82760.31,82999,82554.77,1742339700000,4944
140.32652563,82679.1461,82759.27,82638.73,82999,82579.02,1742340600000,4848
73.01889861000001,82750.1711,82638.72,82698.76,83002,82607.66,1742341500000,3477
39.79570688,82732.1281,82705.4,82726.05,82991,82581.96,1742342400000,3487
90.58880857,82923.5339,82726.04,82917.25,83345,82709.85,1742343300000,4327
123.04195972,83084.453,82917.23,82974.78,83418,82913.85,1742344200000,4773
64.46913963999998,83164.631,82974.79,83102.68,83450,82965.72,1742345100000,4079
73.95588978999999,83016.3682,83093.66,82856.13,83365,82846.2,1742346000000,3795
74.11973062,82866.2042,82856.13,82839.71,83167,82773.24,1742346900000,3827
25.220236590000006,82903.8637,82834.47,82878.53,83135,82797.19,1742347800000,3164
61.28632551,82903.3835,82884.98,82602.89,83267,82587.83,1742348700000,3750
152.77260120999998,82686.057,82655.0,82743.7,83046,82535.53,1742349600000,3800
41.43562087999999,82790.2316,82743.7,82694.89,83066,82631.77,1742350500000,3073
59.50195141999999,82777.5247,82694.89,82814.18,83076,82615.79,1742351400000,2961
36.654947220000004,82858.7189,82822.24,82862.19,83085,82729.62,1742352300000,2489
62.31107288,82955.6895,82854.6,82934.77,83219,82842.4,1742353200000,2691
45.47176567000001,82878.7134,82933.86,82792.05,83151,82739.48,1742354100000,2567
33.45521898,82931.2085,82792.05,82913.41,83166,82792.04,1742355000000,2361
55.849834099999995,83026.6644,82929.4,83045.81,83280,82841.15,1742355900000,2656
68.3723893,82992.3499,83059.6,82912.54,83290,82880.91,1742356800000,2840
32.610170260000004,82923.5653,82912.98,82815.37,83158,82810.47,1742357700000,2557
68.69355872999999,82934.0981,82815.36,82973.24,83217,82782.08,1742358600000,2860
54.46063100000001,82995.0394,82973.24,82961.08,83223,82922.67,1742359500000,2450
34.849819700000005,83028.674,82985.2,82914.74,83242,82908.72,1742360400000,2159
157.95874551000003,83025.8552,82909.85,83033.17,83290,82909.85,1742361300000,2892
250.96651683000002,83139.8737,83033.16,83171.28,83457,82978.65,1742362200000,5088
84.78325115,83243.8002,83200.1,83460.0,83514,83152.05,1742363100000,3445
49.42818777000001,83259.7217,83252.9,83313.03,83527,83169.78,1742364000000,2425
54.97116488999999,83279.0639,83303.56,83207.8,83523,83184.2,1742364900000,2260
89.28145853,83225.7022,83200.83,83182.29,83500,83150.01,1742365800000,2614
117.82145634,83197.1449,83419.0,83217.22,83446,83134.66,1742366700000,3067
411.34362859999993,83173.2567,83228.3,83174.09,83423,83055.79,1742367600000,7828
96.58518504999998,83235.4886,83167.55,83321.27,83501,83129.7,1742368500000,2629
147.60817574,83208.7746,83321.26,83204.1,83571,83129.6,1742369400000,4277
78.59780703999999,83206.6158,83182.2,83217.46,83454,83151.01,1742370300000,2742
86.58892228999999,83321.692,83212.4,83380.15,83601,83190.68,1742371200000,2728
37.9773121,83385.2667,83375.32,83415.22,83665,83303.3,1742372100000,1923
66.84505721,83431.8692,83415.22,83412.13,83730,83356.72,1742373000000,2757
58.46084822,83475.6008,83412.14,83416.18,83700,83391.3,1742373900000,2713
78.08418864,83468.3873,83425.2,83438.89,83712,83363.75,1742374800000,2659
64.65089009,83522.2692,83434.22,83549.18,83769,83431.1,1742375700000,2668
63.33269074,83551.6754,83549.18,83438.46,83786,83438.46,1742376600000,2582
42.702756550000004,83498.1135,83434.95,83532.03,83725,83387.1,1742377500000,2096
57.19716362999999,83571.2753,83724.0,83478.98,83865,83454.22,1742378400000,2867
38.369878840000005,83560.4799,83483.91,83548.07,83762,83481.4,1742379300000,2275
222.82448591000002,83701.1981,83542.1,83570.7,84000,83459.42,1742380200000,6229
45.17489248,83568.1078,83570.67,83467.57,83808,83461.67,1742381100000,2939
113.24280418,83528.8541,83478.1,83698.11,83944,83370.8,1742382000000,3638
92.49108580000001,83789.7971,83700.44,83765.36,84046,83599.1,1742382900000,4582
209.52780915,83973.3733,83766.52,83991.33,84266,83730.82,1742383800000,5437
125.78671459999998,83917.0608,83991.32,83909.8,84201,83761.25,1742384700000,4144
62.43617491,83776.7661,83909.8,83762.13,84100,83682.04,1742385600000,3349
125.89203214000001,83734.0649,83762.13,83647.44,84025,83577.27,1742386500000,3730
82.09217358,83667.1546,83647.43,83833.0,83972,83512.0,1742387400000,3837
72.02459508,83662.6704,83664.94,83744.43,83962,83574.06,1742388300000,3804
107.64552982000001,83865.2339,83746.48,83911.55,84138,83683.54,1742389200000,6114
262.91381543,84051.2934,83911.55,83925.2,84500,83812.03,1742390100000,9063
186.49893322,83827.4367,83929.86,83950.0,84150,83600.01,1742391000000,9050
271.21548299,84191.6207,83942.74,84090.57,84499,83899.9,1742391900000,8991
323.85407994,84275.205,84120.0,84110.95,84568,84022.11,1742392800000,9530
151.99252235999998,84189.8474,84110.94,83971.71,84499,83951.76,1742393700000,6916
254.02651384000004,84089.2586,83964.6,84204.96,84419,83870.98,1742394600000,8204
281.90009105,84252.1096,84203.0,84319.93,84505,84125.01,1742395500000,7276
180.48624321000003,84382.5948,84300.0,84212.11,84640,84212.11,1742396400000,6282
154.86103459,84247.4811,84220.15,84339.2,84504,84105.89,1742397300000,5458
305.43453343,84532.6711,84326.92,84719.13,84934,84289.46,1742398200000,8035
318.3412884,84747.2792,84716.1,84746.38,85065,84565.56,1742399100000,7737
251.54045718999998,84691.1385,84746.69,84528.0,84999,84506.0,1742400000000,6522
214.8878455,84637.1658,84528.01,84697.02,84960,84451.09,1742400900000,5197
192.32979052999997,84552.3462,84697.02,84482.81,84860,84399.27,1742401800000,5123
146.03556460000001,84593.6783,84482.81,84600.83,84804,84480.9,1742402700000,4574
162.38744868,84645.9591,84765.0,84557.6,84884,84518.11,1742403600000,4654
161.57155747000002,84619.6301,84550.0,84485.76,84834,84485.75,1742404500000,4597
464.86694784,84302.5344,84500.0,84008.01,84676,83981.9,1742405400000,11153
220.43374068999995,84032.729,84002.33,84244.86,84418,83795.1,1742406300000,7612
777.67711975,84358.9958,84167.3,84524.42,85150,83575.51,1742407200000,24592
242.41135386,84571.2736,84524.41,84277.84,84981,84176.42,1742408100000,10669
468.93202242999996,84531.2733,84254.5,84611.42,84868,84254.5,1742409000000,12663
813.16029116,85248.0143,84611.41,85672.63,86029,84456.1,1742409900000,20178
704.0657788000001,85675.4266,85660.37,85723.02,86110,85370.54,1742410800000,19344
453.39309545000003,85380.2043,85723.03,85028.0,85879,84959.89,1742411700000,14205
394.32568287,85288.2264,85032.53,85493.06,85650,85000.0,1742412600000,11438
477.63609156,85356.4004,85493.07,85469.73,85635,85164.34,1742413500000,12748
179.36437322999996,85670.0985,85469.73,85648.45,86023,85444.9,1742414400000,7011
174.51797212999998,85801.8881,85648.46,85723.78,86042,85644.5,1742415300000,4800
135.56933256,85577.5178,85723.77,85421.37,85911,85400.0,1742416200000,4727
83.18517394,85337.13,85421.37,85542.0,85569,85221.1,1742417100000,4019
82.70711605999999,85485.325,85369.8,85569.82,85741,85356.36,1742418000000,4427
174.84221535999998,85763.2606,85569.83,85670.9,86115,85526.0,1742418900000,5694
94.51520066,85731.6174,85671.75,85609.45,86009,85600.53,1742419800000,4344
182.11425413,85607.5297,85609.45,85600.0,85833,85508.38,1742420700000,5304
214.16397066999997,85805.1035,85670.64,85900.0,86041,85608.5,1742421600000,7421
151.40818068000002,85874.4393,85900.0,85978.0,86127,85763.99,1742422500000,4485
378.31357750000006,86120.8317,85826.3,86373.37,86644,85824.92,1742423400000,9436
231.22823489,86393.9623,86381.82,86186.46,86678,86138.24,1742424300000,7730
163.44219974,86367.2327,86186.46,86361.45,86566,86186.46,1742425200000,7310
181.14664301000002,86566.4907,86361.45,86833.03,86979,86212.88,1742426100000,7692
278.04862096999994,86876.9081,86824.7,86900.04,87189,86673.38,1742427000000,9590
149.40800725,86862.2483,86915.99,86877.96,87087,86740.49,1742427900000,6050
491.81826397,87241.1013,87030.0,87330.3,87622,86877.97,1742428800000,12026
499.5316003700001,86971.3155,87307.92,86793.02,87468,86731.19,1742429700000,11645
399.12363753999995,86512.2664,86793.92,86317.88,87039,86294.22,1742430600000,12326
208.90708028000003,86171.5337,86317.59,86033.52,86546,85963.69,1742431500000,8493
190.34430741,86092.7654,86040.39,86322.75,86498,85818.35,1742432400000,7151
101.75207139999999,86323.8473,86322.75,86284.16,86515,86228.88,1742433300000,5017
149.62621054000002,85993.2974,86275.05,85777.6,86435,85715.52,1742434200000,6228
106.23100539999999,85883.5698,85777.6,85899.86,86128,85756.4,1742435100000,4788
152.23069271,85810.4233,85874.2,85731.1,86077,85661.01,1742436000000,5613
214.69335925,85766.587,85731.1,85817.89,86058,85637.09,1742436900000,5403
131.47411122,85902.1197,85817.89,86047.3,86197,85737.99,1742437800000,4337
105.03390580000001,86093.6151,86047.29,86095.41,86279,85976.35,1742438700000,4040
62.632118080000005,86092.6622,86121.3,85984.23,86288,85976.14,1742439600000,3297
52.71365033,85970.0989,86012.8,85925.74,86229,85901.8,1742440500000,3115
58.89731314,85933.505,85925.74,86007.82,86142,85843.66,1742441400000,2851
33.29879690999999,85930.2907,86007.82,85904.18,86169,85834.17,1742442300000,2996
27.272115250000002,85888.2055,85900.3,85838.33,86080,85815.18,1742443200000,2805
40.06067882999999,85815.7866,85838.32,85773.22,86000,85747.9,1742444100000,3172
108.13311856,85606.4867,85770.51,85537.08,85928,85522.01,1742445000000,3644
62.272447240000005,85578.9505,85537.09,85698.55,85835,85443.53,1742445900000,3841
32.14697169,85658.6546,85655.8,85655.7,85869,85606.22,1742446800000,2927
36.16483657000001,85570.7432,85676.95,85483.8,85830,85480.51,1742447700000,2390
35.5693921,85591.0288,85496.63,85790.0,85819,85469.1,1742448600000,2708
83.9446124,85792.9307,85627.6,85843.07,85981,85603.8,1742449500000,2863
40.79628566,85896.1229,85836.0,85961.38,86144,85776.64,1742450400000,2763
50.66203941,85970.0362,85961.38,86040.0,86157,85868.17,1742451300000,2443
44.264326870000005,85743.8255,85871.37,85729.04,86033,85647.72,1742452200000,2785
38.60500021,85762.1483,85671.9,85763.04,85939,85671.9,1742453100000,2529
26.823603399999993,85865.3797,85813.2,85976.04,86096,85703.84,1742454000000,2425
22.777844339999998,85877.444,85976.84,85856.75,86095,85813.47,1742454900000,1811
19.89583131,85835.5964,85856.75,85805.72,86011,85780.17,1742455800000,1845
22.08856169,85855.7465,85805.72,85825.76,86029,85788.18,1742456700000,1930
30.664611179999994,85813.3172,85825.76,85779.29,86060,85713.63,1742457600000,2115
39.178738440000004,85915.9521,85757.7,85949.03,86126,85757.7,1742458500000,2104
31.18823433,85969.6663,85978.5,86069.21,86197,85879.39,1742459400000,2109
63.87306555999999,86232.9287,86031.7,86249.31,86438,86031.7,1742460300000,3405
38.638380350000006,86221.5598,86250.1,86155.69,86411,86122.51,1742461200000,2525
109.50740537000001,86338.2566,86155.62,85977.49,86678,85975.38,1742462100000,2416
28.402611469999997,85998.3322,85977.48,86007.67,86192,85905.91,1742463000000,2252
40.770563329999995,85900.0348,86023.4,85877.28,86201,85807.97,1742463900000,2436
134.6559614,85681.7127,85874.4,85546.79,86087,85537.25,1742464800000,4547
333.50725237000006,85145.5566,85546.79,85226.0,85729,84755.16,1742465700000,10294
78.57464592000001,85234.4149,85223.81,85269.53,85559,85090.37,1742466600000,4449
38.72826559,85224.5811,85269.52,85141.89,85503,85124.93,1742467500000,3252
47.50560392,85222.5912,85151.1,85230.48,85454,85133.89,1742468400000,3127
35.89892964,85269.0343,85238.43,85276.66,85509,85179.06,1742469300000,2807
95.46091577,85397.1386,85276.66,85478.37,85686,85229.9,1742470200000,3171
29.08108349,85457.5732,85477.23,85485.4,85667,85382.73,1742471100000,2585
49.37571646,85384.3683,85485.4,85379.26,85645,85300.5,1742472000000,3039
57.95939661999999,85456.2346,85379.25,85347.42,85694,85324.58,1742472900000,3760
64.17350815,85337.7317,85353.17,85280.48,85584,85202.63,1742473800000,3717
109.95724841000002,85229.4277,85276.6,85323.02,85500,85159.7,1742474700000,3606
70.81650967999998,85235.5311,85323.01,85276.43,85499,85170.01,1742475600000,3584
104.98817831999999,85208.4726,85276.43,85121.76,85489,85042.27,1742476500000,4320
295.29351316000003,85445.8083,85121.77,85596.14,85889,85085.15,1742477400000,8706
87.40504838000001,85622.8954,85595.97,85482.9,85989,85333.31,1742478300000,6257
148.78151718,85891.925,85501.5,85970.26,86258,85424.7,1742479200000,7956
267.60105983,86311.4675,85971.1,86325.48,86671,85827.83,1742480100000,9376
175.96897105000002,86221.014,86325.48,86207.79,86531,86037.32,1742481000000,7553
266.42288247,86113.7329,86214.1,86139.99,86443,85882.1,1742481900000,8248
444.8032998500001,85728.4905,86140.1,85945.55,86359,85242.0,1742482800000,13669
224.10314647,85766.3929,85945.55,85669.86,86128,85504.85,1742483700000,7679
264.22992669,85102.0849,85664.17,85032.48,85845,84808.02,1742484600000,10204
232.96778779000002,84946.7852,85034.13,84667.21,85401,84548.65,1742485500000,8858
375.62720601,84568.0213,84667.22,84433.87,85010,84304.86,1742486400000,10529
293.33290318999997,84331.0576,84429.48,84027.17,84713,84022.56,1742487300000,8774
323.98581888000007,83975.4225,84038.41,83872.34,84336,83735.34,1742488200000,10532
253.92434745,83739.8041,83872.39,83768.82,84018,83596.75,1742489100000,8344
288.28326597,83949.0631,83910.0,84112.05,84293,83677.29,1742490000000,8245
225.87875748,83889.1126,84112.05,83747.74,84292,83687.73,1742490900000,7445
180.5477637,84009.3038,83747.56,84311.09,84441,83738.13,1742491800000,6638
142.50737638,84119.1295,84302.85,84054.22,84460,83852.78,1742492700000,5637
127.53162325999999,84065.0082,84052.7,84184.76,84330,83912.25,1742493600000,5847
192.67371666,84080.6179,84184.76,83922.99,84430,83902.97,1742494500000,7559
118.17707044999997,84021.1801,83922.98,83964.7,84319,83876.79,1742495400000,6395
101.91718082,84034.4337,83947.02,84134.0,84262,83913.77,1742496300000,5524
136.24644192,83987.3592,84009.88,83948.55,84231,83866.61,1742497200000,5152
259.89112981,84115.0535,83948.55,84014.24,84345,83931.75,1742498100000,6188
265.32406246,84190.0262,84014.24,84318.73,84405,83994.69,1742499000000,5986
245.32990980000002,84267.0596,84318.74,84137.13,84487,84087.71,1742499900000,7493
94.83151413,84204.7198,84136.49,84239.0,84379,84104.83,1742500800000,3993
124.97013957,84406.9508,84239.0,84463.45,84614,84205.6,1742501700000,4918
100.54942582000001,84466.818,84463.44,84508.66,84650,84389.2,1742502600000,4535
76.16456735,84512.6594,84508.66,84505.05,84668,84463.71,1742503500000,3960
112.46237001,84437.4117,84498.63,84302.7,84673,84285.0,1742504400000,4894
68.8892333,84297.1387,84302.05,84395.97,84499,84212.97,1742505300000,3847
68.03612425,84452.9878,84395.97,84450.68,84643,84350.0,1742506200000,4251
23.677779119999997,84341.4607,84451.74,84320.9,84589,84267.3,1742507100000,3060
56.15695222,84366.1875,84320.9,84265.07,84600,84237.7,1742508000000,4744
108.74805629,84155.606,84266.12,83976.41,84439,83954.28,1742508900000,5824
64.59592246999999,84026.9124,83978.6,84105.34,84239,83963.65,1742509800000,4386
60.08350733999999,84159.0747,84082.9,84110.04,84381,84048.89,1742510700000,6789
44.144457040000006,84053.9787,84106.68,84056.9,84251,83979.62,1742511600000,5629
83.66029678,83934.2744,84000.18,83998.16,84152,83872.73,1742512500000,5312
71.34360281,84091.1338,83988.96,84154.98,84276,83951.9,1742513400000,4845
45.14857948,84210.9849,84154.98,84183.42,84418,84117.2,1742514300000,4202
29.549728520000002,84330.6599,84183.41,84390.5,84532,84141.47,1742515200000,4224
30.117746470000004,84314.0618,84390.5,84262.0,84531,84206.32,1742516100000,4406
37.977601789999994,84347.6793,84216.36,84372.29,84520,84187.88,1742517000000,3790
71.16870763,84428.2789,84372.29,84426.1,84589,84359.62,1742517900000,3697
36.33599702000001,84490.9005,84426.1,84507.4,84631,84395.9,1742518800000,3906
48.02289413999999,84431.3978,84515.6,84331.16,84642,84323.0,1742519700000,3799
56.23006741,84479.7538,84331.16,84508.64,84648,84319.39,1742520600000,3581
67.62631499,84657.3764,84508.76,84732.69,84844,84457.3,1742521500000,4673
81.86400597,84704.6538,84725.0,84629.7,84945,84600.01,1742522400000,4250
66.37533828000001,84570.735,84603.77,84597.58,84757,84473.1,1742523300000,4103
34.40553311000001,84551.2684,84597.59,84513.5,84735,84505.82,1742524200000,3083
45.970832279999996,84625.8078,84514.85,84640.58,84824,84485.02,1742525100000,3813
80.15292620000002,84482.7305,84594.1,84385.92,84790,84343.41,1742526000000,4124
42.587834089999994,84343.1262,84385.92,84403.76,84541,84220.17,1742526900000,3915
51.48600950000001,84374.356,84403.75,84422.21,84536,84302.96,1742527800000,3537
50.86363379000001,84439.2711,84422.22,84420.97,84572,84383.01,1742528700000,2992
59.98981204,84561.5587,84418.2,84584.18,84732,84418.2,1742529600000,3683
49.68774728,84594.3812,84584.87,84654.4,84745,84516.76,1742530500000,2989
43.81500538999999,84702.8565,84654.4,84716.13,84855,84650.0,1742531400000,3113
38.08042631000001,84725.3451,84683.3,84645.92,84890,84619.12,1742532300000,3004
27.826576940000006,84558.617,84645.2,84499.76,84760,84468.3,1742533200000,3105
28.355544250000005,84474.9301,84504.14,84393.19,84650,84393.19,1742534100000,2990
25.20213051,84401.6171,84547.0,84374.95,84598,84345.01,1742535000000,2707
35.23967759000001,84349.02,84379.1,84437.17,84523,84301.78,1742535900000,3122
71.61168957,84287.8275,84422.6,84207.04,84542,84184.6,1742536800000,3966
58.96822033,84133.8909,84207.05,84187.6,84349,84026.76,1742537700000,4498
30.404379679999998,84175.2458,84187.29,84195.66,84353,84068.16,1742538600000,3146
23.96061739,84153.4968,84200.63,84175.08,84347,84070.02,1742539500000,2778
40.549294120000006,84147.2999,84144.3,84124.24,84326,84017.84,1742540400000,3177
49.70368096999999,83981.6092,84133.98,84047.21,84224,83916.8,1742541300000,3752
57.34701959,83855.9007,84047.21,83763.21,84135,83699.99,1742542200000,3681
52.16079411,83823.5766,83885.0,83900.25,84013,83720.35,1742543100000,3537
93.58356531,84048.846,83902.16,84087.9,84223,83796.28,1742544000000,3759
38.29175375,83847.3413,84179.0,83812.71,84184,83752.39,1742544900000,3572
73.09826619,83834.6837,83812.0,83824.78,84049,83673.87,1742545800000,4957
34.65654616,83901.48,83823.24,83982.01,84099,83774.21,1742546700000,3082
20.82765799,83848.7624,83968.9,84045.0,84099,83750.09,1742547600000,2986
36.77851425,84025.1041,83845.7,84095.8,84231,83845.7,1742548500000,3063
52.3418452,84209.3787,84095.66,84189.6,84400,84057.26,1742549400000,3497
18.946060569999993,84136.1874,84184.77,84103.56,84313,84032.57,1742550300000,2502
39.714888030000004,84179.1634,84089.5,84203.01,84311,84089.4,1742551200000,2438
27.082190420000003,84050.5954,84203.02,84004.86,84350,83964.5,1742552100000,3160
27.131967880000005,83963.9831,84000.0,84030.21,84185,83863.08,1742553000000,3262
25.89307791,84130.8212,84035.73,84127.47,84269,84031.5,1742553900000,2762
25.120518869999998,84058.2243,84134.3,84014.58,84267,83988.91,1742554800000,2880
22.562013219999997,83991.3241,84014.58,83927.26,84168,83915.99,1742555700000,2666
22.27092527,83959.1462,83927.2,84018.2,84156,83900.66,1742556600000,2984
32.322903350000004,84050.3034,84010.51,84015.23,84207,83986.24,1742557500000,3090
44.38762408,84120.8448,84153.0,84158.02,84349,83988.3,1742558400000,3755
48.416472080000005,84231.9027,84158.03,84238.37,84433,84118.46,1742559300000,3970
100.45864495000001,83822.8068,84250.0,83699.3,84341,83650.0,1742560200000,6732
273.41147859,83569.4751,83759.83,83430.4,84001,83340.8,1742561100000,8815
149.81238155,83528.8329,83388.7,83635.1,83809,83333.0,1742562000000,6844
134.53195825999998,83622.4261,83583.58,83660.64,83901,83475.01,1742562900000,6597
309.06239155,83404.2846,83671.84,83689.7,83960,83100.0,1742563800000,13329
297.4349447999999,83887.9178,83745.04,83896.95,84176,83659.79,1742564700000,11425
259.52352651,83677.1185,83902.74,83720.99,84074,83461.09,1742565600000,9566
276.4614539600001,84011.7535,83720.99,84050.63,84370,83647.53,1742566500000,10594
145.63386477,84070.0494,84050.63,84056.75,84348,83910.1,1742567400000,7787
139.82284939999997,84078.6603,84021.1,84200.76,84310,83868.07,1742568300000,7473
89.63004026,84063.7695,84208.65,83788.08,84324,83767.0,1742569200000,6474
59.399108170000005,83795.3533,83788.33,83702.01,84004,83682.39,1742570100000,5878
92.88377012000001,83690.5303,83702.0,83609.5,84042,83534.0,1742571000000,6640
130.20079980000003,83601.2556,83605.04,83521.98,83858,83497.68,1742571900000,6733
205.9950271,83489.3401,83525.04,83775.67,83912,83321.02,1742572800000,7995
113.43160211,83806.2103,83775.68,83896.25,84105,83599.26,1742573700000,5835
71.74973453,83903.468,83908.47,83801.62,84156,83747.41,1742574600000,5070
61.379541300000014,83965.2435,83804.5,84066.53,84199,83799.72,1742575500000,4122
49.071598290000004,83909.4656,84066.98,83854.97,84193,83816.14,1742576400000,4246
133.44978187999996,83847.5984,83854.97,83754.97,84066,83702.49,1742577300000,5005
99.55289418,83827.8878,83754.97,84038.4,84154,83653.65,1742578200000,5096
82.39460813999999,84062.207,84038.4,83986.0,84211,83959.95,1742579100000,3951
88.55238141,83950.6624,84000.1,83887.1,84130,83863.84,1742580000000,3896
82.63726240999999,84006.671,83915.95,84083.51,84199,83887.1,1742580900000,3965
143.08256346000002,84230.0549,84083.51,84264.37,84513,84078.03,1742581800000,5668
48.676519840000005,84127.3909,84241.5,84059.11,84390,84057.32,1742582700000,4231
118.11104645,83993.631,84088.1,84028.81,84217,83930.95,1742583600000,4232
137.04908559,84066.432,84028.81,83982.55,84265,83963.45,1742584500000,3966
148.50095744000004,83905.4061,83982.55,83840.66,84143,83765.59,1742585400000,3997
195.61629485000003,83938.6351,83840.65,83918.76,84117,83824.25,1742586300000,4989
215.71689841,83871.9743,83952.6,83886.39,84068,83782.25,1742587200000,4405
247.60240816999996,83997.2482,83981.0,84077.86,84174,83836.09,1742588100000,4166
70.55959313000001,84092.3749,84077.47,84102.2,84216,84048.29,1742589000000,2762
54.63546493,84107.7047,84110.22,84186.45,84300,84037.0,1742589900000,3618
27.812425890000004,84210.6702,84155.4,84400.0,84400,84139.48,1742590800000,2518
68.45993117999998,84351.5321,84319.74,84333.79,84516,84254.9,1742591700000,2882
78.09135389,84438.4707,84333.78,84359.09,84646,84326.74,1742592600000,4697
31.359244520000008,84309.5697,84359.08,84373.85,84487,84199.01,1742593500000,3001
32.007343230000004,84288.2801,84350.0,84250.02,84488,84216.31,1742594400000,3275
148.78125955,84303.8685,84250.02,84240.2,84477,84225.1,1742595300000,2883
41.73611178,84161.0693,84240.3,84100.01,84377,84100.0,1742596200000,3126
35.500470480000004,84134.9742,84100.01,84143.07,84277,84069.82,1742597100000,3762
23.553884290000003,84130.1147,84142.75,84199.0,84296,84057.77,1742598000000,3660
19.114449039999997,84125.9236,84199.01,84103.68,84292,84080.43,1742598900000,3302
19.45437922,84075.6146,84103.68,84046.16,84215,84040.69,1742599800000,2688
23.02763143,84032.9528,84046.17,84061.96,84179,84006.97,1742600700000,2279
22.657382690000002,84060.3878,84034.3,84053.8,84215,84014.3,1742601600000,2854
24.788342980000007,84135.6919,84053.8,84198.03,84301,84041.0,1742602500000,2577
20.777020650000004,84174.4232,84198.03,84147.49,84323,84130.31,1742603400000,2469
16.547333990000002,84143.5873,84147.42,84168.8,84289,84064.36,1742604300000,2260
11.426046030000002,84254.9469,84166.43,84274.53,84399,84164.9,1742605200000,2258
15.88463865,84200.1274,84274.53,84154.74,84388,84151.46,1742606100000,2178
31.50142211,84055.0757,84154.74,84166.0,84313,83956.6,1742607000000,2713
15.584807,84023.4303,84002.77,84048.19,84174,83981.56,1742607900000,2067
28.976107860000003,84077.9526,84048.28,84144.25,84272,83982.9,1742608800000,2481
13.79787713,84132.9086,84134.8,84152.98,84292,84085.49,1742609700000,2148
13.261767910000003,84190.4381,84152.98,84183.18,84328,84152.98,1742610600000,2020
8.2263958,84171.6832,84183.18,84159.19,84319,84110.82,1742611500000,1774
20.02437916,84162.3114,84157.2,84157.1,84272,84100.0,1742612400000,1889
11.534175889999998,84208.5785,84107.27,84220.09,84341,84107.27,1742613300000,1961
9.600755869999999,84210.173,84220.08,84211.44,84331,84175.11,1742614200000,1561
11.146348630000002,84227.6227,84207.92,84220.4,84377,84177.9,1742615100000,1600
8.398453329999999,84236.4105,84220.4,84290.14,84384,84180.82,1742616000000,1638
31.02249995,84258.5404,84290.13,84215.05,84408,84195.32,1742616900000,1554
3.7250728399999997,84243.3019,84211.49,84269.07,84352,84211.49,1742617800000,1343
25.53570492,84295.5259,84267.61,84333.09,84469,84250.0,1742618700000,1428
9.42722636,84330.0867,84333.05,84354.26,84446,84299.0,1742619600000,1475
5.70282266,84359.403,84354.26,84308.7,84503,84297.67,1742620500000,1403
26.63763016,84298.1475,84302.75,84279.6,84446,84210.74,1742621400000,1584
17.166107550000003,84307.33,84261.4,84296.31,84402,84261.4,1742622300000,1332
18.32266932,84350.6566,84310.3,84337.87,84459,84296.3,1742623200000,1295
18.15389972,84343.7189,84337.86,84272.34,84474,84261.3,1742624100000,1164
18.615027519999998,84227.0216,84272.33,84267.36,84396,84138.03,1742625000000,1266
20.07573641,84316.3598,84259.1,84297.5,84420,84259.0,1742625900000,1116
25.219782189999997,84352.8181,84421.0,84351.54,84464,84297.5,1742626800000,972
21.606376689999998,84319.3659,84351.53,84292.39,84459,84284.75,1742627700000,1016
17.122221980000003,84326.7244,84292.39,84296.86,84366,84292.39,1742628600000,907
25.283822129999997,84250.8145,84296.25,84267.13,84440,84202.87,1742629500000,1184
27.55417338,84247.1482,84210.3,84248.35,84374,84203.2,1742630400000,1285
21.75116083,84198.6368,84248.35,84188.23,84359,84160.12,1742631300000,1075
17.13846052,84186.7974,84174.9,84230.57,84327,84102.9,1742632200000,1053
17.61396171,84198.7148,84230.58,84206.51,84326,84160.0,1742633100000,909
26.10979974,84254.666,84201.8,84307.09,84386,84201.8,1742634000000,1238
27.942284400000002,84343.0989,84304.88,84314.66,84461,84285.0,1742634900000,1219
54.8042093,84439.8348,84314.96,84452.99,84594,84314.74,1742635800000,1559
21.26632097,84412.4219,84452.97,84329.73,84590,84329.73,1742636700000,1200
21.91051933,84357.1552,84354.4,84335.75,84475,84329.32,1742637600000,1196
19.73302363,84383.107,84337.19,84359.03,84476,84336.3,1742638500000,1110
23.231101109999997,84379.8659,84359.04,84383.05,84493,84329.87,1742639400000,1382
22.737863549999997,84401.5359,84383.8,84394.4,84520,84347.05,1742640300000,984
27.947195639999997,84343.8017,84392.0,84292.56,84520,84255.01,1742641200000,1379
20.31096903,84282.1889,84292.55,84313.14,84408,84257.33,1742642100000,1190
35.610943989999996,84260.315,84314.69,84250.1,84416,84228.59,1742643000000,1165
22.120739579999995,84233.6172,84241.52,84217.55,84354,84185.64,1742643900000,1376
22.15048661,84231.7344,84210.1,84278.7,84352,84186.53,1742644800000,1288
13.20785109,84247.9671,84278.69,84200.39,84360,84200.0,1742645700000,1238
38.57705822,84193.2197,84200.37,84207.91,84327,84149.6,1742646600000,1437
21.35218177,84212.325,84207.91,84214.35,84328,84175.5,1742647500000,1564
21.0877854,84208.3289,84214.34,84207.61,84327,84162.19,1742648400000,1834
27.40643548,84150.8721,84207.61,84078.83,84312,84058.75,1742649300000,1703
26.30989868,84115.4722,84086.3,84132.03,84203,84041.0,1742650200000,1608
31.35998817,84151.0885,84132.02,84169.3,84255,84115.82,1742651100000,1933
26.51213921,84138.2309,84145.8,84173.6,84235,84100.75,1742652000000,1786
27.97825118,84151.8424,84173.61,84119.14,84273,84072.48,1742652900000,1670
19.024673959999998,84077.7817,84119.15,84075.04,84208,84040.33,1742653800000,1766
29.02854774,84041.0738,84053.9,84005.83,84157,83989.2,1742654700000,2004
29.0711361,84032.2022,84000.2,84054.83,84136,83969.35,1742655600000,2126
19.66924856,84035.6452,84054.68,84001.34,84173,84000.0,1742656500000,1880
28.648463780000004,84035.227,84002.12,84029.17,84158,83970.98,1742657400000,2130
29.197921129999997,84071.7262,84029.17,84104.35,84189,84029.17,1742658300000,1949
28.2381795,84085.4439,84104.35,84099.84,84203,84038.4,1742659200000,1679
75.51667512999998,84076.4287,84099.84,84128.51,84219,84005.35,1742660100000,2043
34.95052682,84119.9145,84128.51,84121.99,84230,84087.3,1742661000000,1784
29.33394771,84128.679,84121.96,84127.3,84245,84088.49,1742661900000,2231
49.929827339999996,84140.3692,84140.0,84159.4,84257,84081.15,1742662800000,1952
29.009417399999997,84156.8868,84159.39,84183.29,84273,84110.36,1742663700000,2165
30.670781390000002,84182.5215,84166.7,84218.73,84279,84139.6,1742664600000,2260
37.18691023,84232.0818,84218.72,84237.94,84347,84169.9,1742665500000,2619
27.673338589999997,84256.9817,84230.0,84238.9,84370,84192.9,1742666400000,2355
34.376775620000004,84277.439,84258.59,84197.43,84399,84197.13,1742667300000,2806
20.08527638,84230.8281,84197.13,84321.78,84416,84188.77,1742668200000,2358
27.6002687,84297.5976,84321.79,84247.0,84422,84246.96,1742669100000,1999
31.632319889999998,84242.1611,84251.9,84238.36,84364,84203.91,1742670000000,2524
25.769242840000004,84252.5214,84238.36,84219.83,84351,84205.02,1742670900000,2712
23.37021611,84253.3211,84219.83,84218.0,84376,84200.0,1742671800000,2750
23.47485411,84213.465,84217.99,84177.5,84341,84157.93,1742672700000,2151
26.47198419,84191.8297,84177.6,84204.21,84314,84161.29,1742673600000,2259
27.135133530000008,84192.5786,84204.21,84171.48,84322,84138.0,1742674500000,1873
21.69521511,84181.07,84171.47,84163.03,84317,84147.2,1742675400000,2037
96.01744787999999,84018.4354,84163.04,83938.84,84282,83923.0,1742676300000,2412
64.88951952000001,83937.0484,83937.67,84071.32,84170,83825.8,1742677200000,3072
31.749219739999997,84052.1604,84070.68,84041.27,84170,84008.8,1742678100000,2106
27.624609279999994,84006.0284,84041.26,83968.67,84159,83962.18,1742679000000,1921
48.450052389999996,84021.3798,83970.12,84003.7,84173,83964.4,1742679900000,2145
26.638353850000005,84015.8789,84003.7,84045.28,84156,83976.84,1742680800000,2075
32.33623863,84050.6754,84045.28,84006.62,84165,84006.6,1742681700000,2003
20.96243027,84011.8761,84022.1,84021.55,84131,83990.0,1742682600000,1864
29.59833375,83987.9025,84021.54,83956.02,84099,83950.0,1742683500000,1933
37.82488539,83890.9125,83956.01,83874.74,84071,83833.7,1742684400000,2339
34.82040354000001,83904.8668,83874.73,83897.28,84032,83860.5,1742685300000,2128
161.88890075,83810.0467,83897.28,83744.6,84032,83659.69,1742686200000,3286
31.24280281,83824.9177,83771.4,83800.0,83919,83730.9,1742687100000,1837
33.46504664,83873.919,83800.0,83897.53,84001,83799.9,1742688000000,2056
35.39332779,83978.8094,83897.53,83990.5,84114,83863.7,1742688900000,2310
30.64760775,84013.8978,83972.92,84030.24,84129,83949.92,1742689800000,2056
22.164904019999998,84015.0317,84030.24,84008.97,84128,83954.28,1742690700000,1732
26.7135843,84008.1227,83991.5,84047.63,84146,83979.0,1742691600000,1846
30.071647500000008,84103.8269,84046.63,84115.56,84219,84022.5,1742692500000,1700
27.017714259999998,84104.0504,84115.56,84080.1,84218,84051.4,1742693400000,1571
26.29317416,84063.8567,84081.66,84072.7,84192,84025.07,1742694300000,1446
20.617043830000004,84034.9175,84072.7,84021.66,84160,83986.44,1742695200000,1511
42.206354600000004,84085.2429,84021.66,84114.84,84189,84021.65,1742696100000,1538
35.60653408,84208.8974,84115.56,84215.73,84339,84088.7,1742697000000,2025
27.841189260000004,84251.8542,84215.73,84230.17,84340,84191.2,1742697900000,1549
23.042457650000003,84184.9764,84200.9,84176.67,84340,84130.2,1742698800000,1458
22.27314946,84210.3164,84175.94,84180.58,84289,84152.0,1742699700000,1572
27.644242870000003,84189.6988,84176.51,84192.7,84289,84155.9,1742700600000,1546
31.906824580000002,84215.9016,84207.42,84211.9,84345,84184.0,1742701500000,1542
35.34280285,84160.2018,84232.33,84084.67,84333,84062.8,1742702400000,1897
19.74942518,84102.556,84084.67,84106.89,84212,84061.2,1742703300000,1254
24.593408519999993,84131.0458,84104.99,84084.28,84243,84080.0,1742704200000,1257
22.9413403,84099.6,84080.02,84112.12,84212,84071.99,1742705100000,1227
20.19735228,84141.073,84103.4,84112.03,84238,84103.3,1742706000000,1349
19.830527249999996,84122.7367,84112.02,84126.43,84261,84100.0,1742706900000,1087
20.533549310000005,84181.8,84126.42,84187.99,84289,84103.5,1742707800000,1221
37.711448680000004,84222.2146,84142.2,84228.64,84339,84142.2,1742708700000,1488
18.93771808,84224.5261,84209.2,84198.24,84332,84180.6,1742709600000,1208
18.195569239999998,84233.9733,84190.2,84238.99,84354,84190.2,1742710500000,1236
25.146734549999998,84255.82,84238.99,84253.69,84360,84225.26,1742711400000,974
19.409562610000005,84282.8498,84254.55,84238.59,84383,84233.8,1742712300000,1052
21.57897506,84239.9706,84264.2,84245.77,84382,84211.36,1742713200000,907
17.86783965,84259.7366,84264.1,84274.33,84372,84235.34,1742714100000,839
23.994174509999997,84296.1752,84274.33,84314.14,84438,84264.0,1742715000000,1173
25.127968250000002,84305.3953,84314.14,84274.04,84453,84264.91,1742715900000,1254
21.094443599999998,84301.0719,84275.0,84298.99,84421,84256.15,1742716800000,1097
20.86813145,84324.7157,84266.1,84297.36,84440,84266.1,1742717700000,1062
25.670809749999997,84337.2461,84275.0,84275.0,84438,84274.9,1742718600000,1283
22.292107000000005,84346.7682,84336.19,84349.42,84453,84274.9,1742719500000,938
23.34605465,84357.3529,84275.0,84328.93,84477,84275.0,1742720400000,1157
21.39496493,84337.7204,84328.83,84339.66,84462,84299.9,1742721300000,986
36.23502469,84331.4688,84339.67,84321.0,84455,84299.9,1742722200000,1052
32.03398753,84341.035,84339.68,84319.76,84458,84315.4,1742723100000,1064
16.96728191,84336.1562,84329.1,84319.95,84458,84305.06,1742724000000,1027
28.278262350000002,84360.1831,84319.94,84344.0,84474,84319.94,1742724900000,1039
45.991955129999994,84390.2078,84325.0,84507.19,84585,84324.9,1742725800000,1687
32.280262119999996,84473.8767,84507.19,84465.07,84593,84426.0,1742726700000,1331
74.53642073,84696.4002,84436.5,84692.26,84929,84436.4,1742727600000,3965
152.78318836,84952.114,84692.26,84947.1,85143,84668.2,1742728500000,4549
54.774839009999994,84814.0264,84947.09,84775.15,85046,84732.4,1742729400000,2415
45.200428300000006,84740.9519,84800.0,84659.2,84940,84591.15,1742730300000,2143
32.1644856,84707.0555,84659.2,84644.78,84853,84630.33,1742731200000,1730
27.413415630000003,84645.4218,84644.78,84701.78,84807,84572.52,1742732100000,1642
28.261452130000002,84754.0952,84701.09,84726.64,84919,84644.7,1742733000000,1619
31.210011169999994,84755.7003,84726.64,84725.01,84903,84704.11,1742733900000,1690
24.08352407,84704.8988,84725.01,84739.28,84858,84641.93,1742734800000,1621
51.0864654,84902.433,84742.2,84979.77,85082,84708.3,1742735700000,2635
47.374699070000005,84964.2947,84962.1,84855.83,85145,84855.7,1742736600000,2470
63.136002669999996,84970.3054,84855.82,85070.0,85199,84845.96,1742737500000,2988
57.66303732999999,85037.3331,85053.8,85031.45,85303,84951.32,1742738400000,3742
46.35682551,84955.2081,85023.66,84885.44,85179,84849.99,1742739300000,3024
29.478673,84984.0259,84885.45,84983.9,85195,84885.44,1742740200000,2641
36.786941909999996,84963.6955,85000.1,84896.44,85126,84876.81,1742741100000,2644
33.899376710000006,84984.5567,84925.1,85035.33,85126,84886.0,1742742000000,2556
37.99344121,85099.2822,85023.3,85067.78,85268,84988.3,1742742900000,3026
39.43016651,85141.3513,85072.86,85124.86,85353,85009.26,1742743800000,3421
64.67182598,85158.0279,85120.1,85179.08,85272,85110.45,1742744700000,3243
110.03351481,85174.8776,85180.69,85303.69,85400,85042.29,1742745600000,4006
50.00583796,85279.3605,85303.7,85278.28,85411,85214.82,1742746500000,3619
77.19427473,85042.3386,85278.28,85104.17,85387,84943.31,1742747400000,3790
36.43423613,85297.595,85105.0,85240.71,85479,85103.6,1742748300000,3870
39.424240350000005,85332.2062,85240.71,85287.27,85489,85240.7,1742749200000,3199
44.797852559999995,85340.5801,85287.27,85244.39,85520,85243.1,1742750100000,3320
199.68489316,85028.7226,85244.38,84950.96,85398,84868.5,1742751000000,5070
80.57749353999999,85035.4217,85062.0,85014.24,85244,84934.0,1742751900000,3831
39.072011399999994,84941.135,85006.9,85036.0,85124,84890.62,1742752800000,2999
48.505927969999995,84900.1305,84942.69,84810.21,85097,84801.3,1742753700000,3117
72.62258012000001,84907.6227,84810.21,84954.66,85068,84810.21,1742754600000,2937
58.67600030999999,84977.8282,84954.66,84975.76,85140,84930.0,1742755500000,2607
38.536266469999994,84996.9239,84999.1,85052.26,85179,84901.77,1742756400000,2815
72.19210905999999,85103.3126,85052.26,84989.4,85181,84969.9,1742757300000,3046
59.109861329999994,85034.3873,84989.39,85009.29,85200,84960.15,1742758200000,3138
21.63185335,85015.0674,85009.29,85016.54,85200,84987.53,1742759100000,2472
44.28467393000001,85163.9031,85000.0,85124.81,85365,84999.9,1742760000000,3108
22.15939949,85166.4596,85124.82,85217.01,85376,85114.32,1742760900000,2658
25.40500989,85214.197,85217.01,85221.59,85429,85173.95,1742761800000,2451
28.20454436,85199.2736,85221.59,85107.79,85448,85107.79,1742762700000,2736
48.77260138999999,85022.3598,85100.24,84977.62,85302,84960.7,1742763600000,3014
109.85783013,84992.0213,84977.39,85020.51,85226,84921.1,1742764500000,3215
23.886331639999998,85043.9948,85014.64,84963.32,85269,84960.7,1742765400000,3049
47.91229445,85039.6775,84963.31,85191.5,85377,84954.07,1742766300000,3274
129.70719916000002,85310.5618,85165.5,85399.36,85550,85164.85,1742767200000,6021
109.72546833999999,85529.8951,85373.4,85508.14,85839,85373.4,1742768100000,5107
51.055462569999996,85481.7046,85525.6,85343.42,85770,85334.7,1742769000000,3676
42.81260537000001,85364.2175,85338.3,85374.93,85640,85269.42,1742769900000,3727
37.57438379,85489.5857,85366.2,85516.23,85739,85366.2,1742770800000,3692
79.62623004,85675.6369,85516.23,85753.79,85935,85497.9,1742771700000,4529
67.44175866,85751.0368,85753.8,85676.47,86021,85650.0,1742772600000,4429
173.29005532999997,85946.9009,85676.47,86092.94,86288,85658.83,1742773500000,6042
61.98377352,86001.2939,86076.5,85975.65,86276,85861.34,1742774400000,4573
149.41106862,86235.7966,85993.9,86430.08,86592,85975.84,1742775300000,6850
148.74420473,86442.7582,86430.09,86253.15,86816,86212.88,1742776200000,7514
71.30560386,86143.6016,86253.15,86043.4,86425,85980.0,1742777100000,4931
83.13975045000001,85873.3624,86036.7,85811.43,86195,85694.22,1742778000000,4924
50.134246430000005,85819.9261,85811.43,85658.42,86084,85626.56,1742778900000,4227
45.616907440000006,85657.0289,85658.73,85627.87,85903,85580.01,1742779800000,4031
47.74381151,85632.6925,85627.86,85568.5,85859,85549.64,1742780700000,3693
67.20473842,85687.8718,85580.44,85721.5,85914,85533.06,1742781600000,4476
96.31347957999999,85678.8691,85721.5,85723.39,85877,85602.91,1742782500000,3549
61.18455504,85745.693,85723.4,85765.41,85939,85682.7,1742783400000,3546
63.566487099999996,85875.2405,85765.4,85918.2,86098,85765.4,1742784300000,3982
84.32874748000002,86102.6072,85918.3,86211.52,86364,85875.99,1742785200000,4976
144.44632280000002,86339.1128,86195.9,86380.39,86649,86109.24,1742786100000,6016
54.01883548,86349.4957,86380.21,86302.68,86546,86226.86,1742787000000,4512
52.80045537000001,86400.8337,86302.67,86531.17,86705,86215.64,1742787900000,4017
113.44715112000002,86724.2242,86524.0,86724.8,87013,86524.0,1742788800000,6540
46.46270943999999,86746.0222,86724.78,86718.82,86952,86633.14,1742789700000,3905
59.61918979999999,86767.6639,86709.8,86852.44,86983,86645.57,1742790600000,4154
94.36494834999999,86863.2545,86849.02,86846.64,87079,86766.07,1742791500000,3760
54.96760382,86963.5339,86867.5,86969.75,87122,86846.64,1742792400000,3935
137.70677704,86923.8449,86969.74,86880.0,87165,86808.2,1742793300000,3974
100.86150640000001,86950.8821,87001.0,87080.0,87129,86814.2,1742794200000,3596
44.25376719000001,86917.11,86928.1,86909.7,87111,86835.99,1742795100000,2818
140.29704067999998,87050.0489,87035.0,87185.32,87309,86909.7,1742796000000,5190
154.83274337,87158.5861,87191.58,87017.24,87438,86984.4,1742796900000,4203
46.95376562,86956.0303,87017.61,87002.3,87201,86900.0,1742797800000,3114
170.61435365000003,87084.697,87002.29,87126.12,87300,86938.4,1742798700000,2764
98.41964325000001,87008.0988,87130.9,87039.76,87319,86755.9,1742799600000,4454
33.77819626,87027.7033,87039.75,86932.02,87249,86918.49,1742800500000,2858
59.75087315000001,86833.599,86932.02,86824.75,87101,86758.48,1742801400000,3541
46.144049810000006,86941.292,86824.74,86880.5,87119,86805.39,1742802300000,2697
84.81493307,87080.7655,86880.04,87151.34,87325,86847.5,1742803200000,3510
75.93286280000001,87307.2463,87151.35,87410.0,87557,87147.41,1742804100000,3851
74.05292154,87398.3202,87409.99,87354.96,87611,87246.9,1742805000000,3465
71.45416058,87454.8446,87354.96,87417.65,87641,87325.3,1742805900000,3502
31.708216650000004,87371.1494,87422.1,87347.6,87635,87247.94,1742806800000,3363
57.62483361,87285.2728,87347.6,87264.05,87512,87175.57,1742807700000,2888
42.503884809999995,87343.3954,87378.0,87435.0,87472,87244.9,1742808600000,3019
101.10270955,87264.2053,87266.73,87158.39,87469,87122.38,1742809500000,3005
28.955685820000003,87299.5726,87156.9,87364.65,87512,87128.44,1742810400000,2857
45.31718168,87358.7162,87364.65,87434.95,87564,87302.01,1742811300000,2701
129.36499991,87647.2596,87419.9,87687.43,87929,87419.9,1742812200000,5472
108.21289103000001,87808.7117,87687.44,87804.39,88073,87673.59,1742813100000,4596
50.82058801,87764.0112,87812.1,87799.0,87981,87651.69,1742814000000,3456
31.13857284,87608.619,87664.64,87547.63,87799,87535.47,1742814900000,3343
56.38106544,87679.1664,87560.27,87693.91,87839,87525.2,1742815800000,3363
104.97248916999999,87756.3458,87693.92,87709.91,87915,87675.7,1742816700000,3647
153.55505122999998,87542.6169,87692.0,87645.59,87851,87368.69,1742817600000,5963
135.0579669,87445.309,87674.6,87353.31,87774,87300.0,1742818500000,4533
122.85804079000002,87386.1938,87318.7,87409.9,87541,87282.2,1742819400000,4710
126.18629915999999,87338.9574,87409.91,87308.7,87587,87260.52,1742820300000,4442
136.940093,87204.8061,87308.7,87207.38,87490,87105.3,1742821200000,4880
186.71400813,87284.5954,87206.5,87287.28,87435,87148.9,1742822100000,5199
253.67435515999998,87440.3882,87298.9,87421.77,87779,87214.3,1742823000000,8827
187.86980662000002,87580.708,87419.94,87713.5,87826,87276.67,1742823900000,8348
493.87943891,88116.9574,87707.0,88364.34,88467,87646.7,1742824800000,14606
800.6927981900001,88552.7738,88359.28,88361.61,88868,88290.44,1742825700000,15314
1018.6079524999998,88127.6066,88361.61,88317.25,88447,87875.7,1742826600000,14733
347.67554022,88153.8573,88272.7,88002.46,88399,87917.6,1742827500000,7068
451.44251568000004,87946.066,88007.72,87951.61,88189,87722.01,1742828400000,8889
369.97255436999995,88159.9889,87951.61,88032.77,88468,87881.9,1742829300000,8683
171.71876582000002,88047.9622,88028.03,88135.74,88249,87906.43,1742830200000,6684
195.01001862999996,88231.6907,88135.74,88357.49,88437,88066.0,1742831100000,8014
278.76933792,88423.7598,88343.4,88425.81,88579,88294.22,1742832000000,8735
326.9324720799999,88115.435,88432.18,87872.73,88507,87808.8,1742832900000,10149
357.4368654,87948.7094,87872.73,88018.74,88217,87705.98,1742833800000,10486
154.00880053000003,88043.9261,88011.49,88075.74,88189,87903.32,1742834700000,6150
120.47066335000001,88114.9122,88024.8,88174.0,88317,87950.98,1742835600000,6361
128.17717884,88293.4522,88171.52,88400.0,88500,88127.59,1742836500000,7023
184.63300846999996,88406.04,88442.53,88296.88,88549,88250.44,1742837400000,7568
151.64285471,88375.897,88296.88,88482.34,88553,88178.6,1742838300000,6717
201.68536969,88411.199,88450.0,88448.36,88560,88284.6,1742839200000,6596
260.12288155,88360.4173,88448.36,88283.46,88560,88163.89,1742840100000,7342
260.04447968,88351.8421,88283.47,88508.95,88666,88150.0,1742841000000,7276
470.03104512999994,88504.6271,88508.26,88486.76,88628,88395.3,1742841900000,7763
180.70191094,88439.6985,88508.0,88504.77,88609,88259.9,1742842800000,5756
244.29928569999998,88428.5107,88504.78,88387.02,88596,88308.47,1742843700000,5738
345.87902802,88161.9617,88387.03,88087.2,88478,88020.0,1742844600000,6584
452.67862408999997,88245.1946,88065.65,88292.88,88459,88000.0,1742845500000,8066
526.3315419199998,88365.9962,88282.99,88488.9,88579,88161.25,1742846400000,6444
111.92018081,88416.3471,88498.22,88386.1,88568,88305.82,1742847300000,5371
248.48096371999998,88089.3782,88386.22,87960.38,88465,87927.62,1742848200000,6466
239.9816019,87932.5874,87954.22,87874.61,88102,87847.62,1742849100000,6346
137.75118729000002,87939.1249,87855.7,87930.66,88141,87847.62,1742850000000,4026
212.44411952,88085.7051,87930.66,88236.77,88353,87923.9,1742850900000,6023
194.68169433999998,88123.4282,88236.77,88216.04,88369,87984.62,1742851800000,4679
84.53623907999999,88163.7092,88216.04,88139.74,88279,88079.14,1742852700000,3590
154.83700106999999,88004.3078,88150.1,87802.36,88284,87800.0,1742853600000,4639
149.79784471,87661.1531,87800.02,87617.8,87900,87528.6,1742854500000,5978
38.7738069,87628.9077,87610.9,87589.08,87761,87537.36,1742855400000,2930
145.91648997000001,87422.399,87589.07,87476.73,87700,87338.4,1742856300000,4766
87.40428334999999,87374.7568,87476.73,87316.38,87619,87308.12,1742857200000,4081
128.10703415999998,87211.6342,87316.39,87226.61,87445,87074.42,1742858100000,5005
51.393000289999996,87300.6213,87279.0,87295.68,87423,87192.1,1742859000000,3908
57.346765909999995,87419.1764,87285.4,87523.62,87614,87245.5,1742859900000,4084
46.553268499999994,87385.9218,87511.9,87349.98,87603,87273.47,1742860800000,3822
86.81261707,87541.8223,87350.0,87511.86,87729,87282.26,1742861700000,4383
44.108308349999994,87566.8629,87511.86,87600.01,87739,87403.92,1742862600000,4151
44.59194604000001,87645.044,87600.0,87627.86,87767,87540.3,1742863500000,3607
39.73666077,87482.7442,87718.0,87413.15,87718,87413.15,1742864400000,3575
53.46658255,87266.3332,87413.16,87125.0,87520,87064.05,1742865300000,4014
177.15330455,86936.201,87091.02,87146.7,87225,86823.3,1742866200000,6056
54.75031596000001,87163.0565,87149.64,87113.08,87379,87025.77,1742867100000,3862
50.23110627,86971.3304,87098.9,86979.44,87212,86880.6,1742868000000,3732
87.79078290000001,87008.1045,87050.0,87095.01,87174,86942.13,1742868900000,3683
40.53226047,87005.1946,87085.09,86962.06,87157,86900.0,1742869800000,2986
49.65732370999999,86924.518,86955.15,86879.78,87060,86850.78,1742870700000,3001
42.53325738,86940.0322,86861.4,86900.02,87081,86800.52,1742871600000,3138
86.34530492000002,86753.2473,86900.01,86792.93,86999,86644.47,1742872500000,4366
125.18416822000002,86648.6598,86792.94,86490.9,86920,86486.8,1742873400000,4426
133.71659037,86487.5497,86508.4,86536.52,86666,86352.95,1742874300000,4901
80.63190499999999,86505.5641,86531.1,86635.01,86758,86306.7,1742875200000,4250
57.59344385,86558.4419,86635.01,86465.09,86743,86455.63,1742876100000,3223
55.41214518,86450.3328,86465.09,86503.41,86614,86380.51,1742877000000,3173
41.93806307,86469.0862,86503.41,86564.46,86631,86416.71,1742877900000,2375
53.83487643999999,86495.3239,86540.8,86438.56,86631,86419.62,1742878800000,2390
69.73866824000001,86542.9315,86438.56,86633.88,86819,86417.3,1742879700000,2694
59.676155910000006,86672.0525,86633.89,86704.5,86839,86559.5,1742880600000,2897
57.31663184,86748.4047,86704.5,86673.81,86872,86673.81,1742881500000,2364
75.7406606,86731.3777,86720.1,86795.22,86899,86616.6,1742882400000,2691
39.11925188,86747.0268,86795.21,86750.1,86898,86671.2,1742883300000,2117
83.86066012,86792.1466,86750.1,86623.73,86972,86623.73,1742884200000,2718
77.02164885,86582.1816,86623.73,86559.2,86763,86537.53,1742885100000,3074
57.02196233,86693.1202,86567.7,86605.08,86899,86544.17,1742886000000,2824
39.02811872,86582.6604,86605.07,86580.0,86739,86526.62,1742886900000,1920
60.663973399999996,86437.3991,86580.0,86379.04,86647,86339.29,1742887800000,2457
47.159919290000005,86461.9067,86379.04,86428.4,86575,86358.7,1742888700000,2105
33.76919170000001,86520.8131,86455.75,86517.87,86660,86428.3,1742889600000,2014
46.5920318,86565.9895,86517.87,86628.09,86751,86420.38,1742890500000,2593
40.62388035,86695.2101,86654.3,86690.52,86815,86613.62,1742891400000,2256
36.47216765,86716.9323,86690.52,86732.98,86848,86636.1,1742892300000,1914
36.78147832,86728.5832,86732.4,86690.05,86862,86653.65,1742893200000,2219
46.241314519999996,86865.3744,86690.06,86898.57,86997,86690.06,1742894100000,2196
178.65926621,87120.9738,86898.57,87117.47,87410,86878.1,1742895000000,4888
100.19577408,87269.244,87117.47,87241.71,87440,87068.66,1742895900000,3382
47.210793869999996,87144.0185,87247.2,87071.6,87380,87021.2,1742896800000,2449
39.45216427,87052.6468,87071.6,87103.94,87222,86957.26,1742897700000,2441
28.661756809999996,87134.3511,87103.94,87228.63,87295,87050.22,1742898600000,2276
72.20058518,87192.5237,87228.63,87145.46,87295,87109.88,1742899500000,2261
50.386509430000004,87173.5705,87240.0,87168.4,87361,87063.8,1742900400000,3558
45.7938799,87321.693,87168.41,87357.14,87449,87157.59,1742901300000,3334
115.59356781,87413.7847,87357.15,87503.24,87578,87279.29,1742902200000,4757
85.09024505999999,87444.7735,87498.64,87391.98,87580,87377.18,1742903100000,4475
76.27832753,87316.7952,87400.1,87328.32,87548,87193.38,1742904000000,4170
49.709135270000004,87272.002,87347.2,87236.02,87434,87176.89,1742904900000,2970
96.46062132,87154.0742,87236.02,87183.0,87409,86944.42,1742905800000,3999
41.145649899999995,87128.0861,87191.73,87098.32,87302,87011.76,1742906700000,2850
93.08548181999998,87272.809,87098.32,87377.25,87478,87070.56,1742907600000,3575
181.76111556,87631.7116,87377.24,87707.58,87812,87377.24,1742908500000,6162
345.35956997000005,87666.8057,87707.58,87290.57,88085,87228.37,1742909400000,10709
248.81853589999997,87442.8956,87298.3,87626.14,87769,87059.37,1742910300000,9070
186.09735162999996,87545.9369,87646.8,87686.28,87769,87352.7,1742911200000,7824
169.99345249000004,87748.4811,87681.85,87723.29,87983,87562.1,1742912100000,6884
325.60151295,87992.0434,87728.62,88181.75,88315,87621.8,1742913000000,8379
231.32416255000004,88060.129,88129.1,88047.59,88290,87869.69,1742913900000,6900
184.79128046,88117.1505,88022.9,88079.73,88356,87991.79,1742914800000,6228
164.72862701,88012.0899,88079.73,87998.31,88188,87824.17,1742915700000,4868
266.08508021,87930.4184,87998.48,88047.13,88154,87750.28,1742916600000,6834
178.82125252,87876.5228,88047.12,87793.01,88139,87734.7,1742917500000,6046
115.52769234000002,87828.3576,87819.4,87927.77,88051,87714.08,1742918400000,5148
97.18986711000001,87875.7992,87925.55,87851.29,88061,87768.1,1742919300000,4464
95.86012668999999,87749.1602,87851.29,87797.49,87970,87657.5,1742920200000,5009
276.19996482,87778.0181,87797.48,87829.24,87973,87660.26,1742921100000,4608
387.33658774,88153.2899,87829.9,88232.37,88429,87829.25,1742922000000,7214
468.7513100700001,88140.9864,88232.45,87980.06,88365,87962.62,1742922900000,6449
213.11927885999998,88064.6823,87966.8,88083.58,88201,87963.44,1742923800000,4013
122.80701576999999,88013.389,88081.35,87962.76,88202,87900.01,1742924700000,4066
72.17762327,87979.0568,87962.76,87961.3,88159,87880.0,1742925600000,3805
68.77791318,87834.2269,87962.46,87822.92,88072,87700.0,1742926500000,3480
84.18629612000001,87749.5986,87822.93,87658.85,87974,87611.0,1742927400000,3680
271.55722479,87765.7979,87658.85,87869.72,87969,87610.2,1742928300000,4959
373.82627697,88011.979,87877.7,88074.83,88255,87861.9,1742929200000,5583
232.17795814999997,88052.7634,88074.84,87952.67,88215,87901.7,1742930100000,4871
179.10133765,87945.479,87952.66,87993.59,88134,87861.9,1742931000000,5162
218.30813712,88207.7457,87993.6,88175.6,88373,87966.8,1742931900000,7824
441.19716206000004,88383.793,88164.95,88417.0,88651,88002.27,1742932800000,11058
234.98298861000006,88396.4918,88444.42,88197.47,88589,88195.62,1742933700000,6208
121.10103096,88120.9595,88197.47,88038.62,88317,88000.99,1742934600000,4651
181.54468531999999,87982.7049,88038.63,87902.65,88173,87854.5,1742935500000,4743
116.55700733000002,88099.285,87902.65,88189.17,88322,87888.23,1742936400000,4066
84.89345280999999,88182.3628,88189.16,88007.98,88317,88000.0,1742937300000,3025
118.2645641,87957.9061,88007.98,87888.78,88119,87861.46,1742938200000,3275
198.35644376000005,87909.6368,87888.78,87795.8,88029,87756.06,1742939100000,3476
164.09641778999998,87807.7395,87800.1,87758.34,87967,87638.01,1742940000000,4537
301.97684111000007,87645.4692,87757.67,87408.79,87933,87300.01,1742940900000,7110
228.61073542999992,87445.0253,87383.9,87621.34,87760,87216.02,1742941800000,6167
100.97304876,87599.2283,87593.0,87493.98,87823,87462.2,1742942700000,4273
214.74967622,87337.043,87493.98,87277.25,87661,87170.43,1742943600000,5911
92.65494635000002,87336.7238,87277.25,87415.91,87508,87259.8,1742944500000,3542
80.48976065,87513.6308,87419.99,87458.19,87746,87365.2,1742945400000,3568
61.24854465999999,87448.6461,87447.01,87427.88,87648,87357.0,1742946300000,3547
51.1899707,87372.1076,87432.82,87327.23,87672,87257.1,1742947200000,3586
57.18256499000001,87514.723,87327.23,87625.71,87759,87327.22,1742948100000,3397
58.477126939999984,87684.8041,87629.78,87779.52,87903,87495.41,1742949000000,3733
52.01443027,87760.1579,87779.52,87666.2,87949,87644.22,1742949900000,3346
93.88420897,87746.7791,87666.3,87744.2,87869,87600.0,1742950800000,3016
54.26527215,87818.5854,87744.2,87867.39,88039,87688.04,1742951700000,3482
33.607729760000005,87819.8239,87867.39,87821.42,88021,87750.01,1742952600000,3218
79.15363362,87845.4008,87821.39,87863.41,87992,87780.0,1742953500000,2955
96.20773795999999,87739.2589,87871.6,87568.99,87992,87567.26,1742954400000,3529
54.73725217,87527.5877,87568.99,87550.74,87748,87462.34,1742955300000,3223
84.23220006,87607.6624,87553.28,87464.98,87708,87435.05,1742956200000,2706
72.85395118,87570.5901,87471.36,87355.03,87666,87323.93,1742957100000,2475
61.70883867999999,87297.9271,87354.8,87200.01,87586,87200.0,1742958000000,3049
66.33062865000001,87254.4183,87200.0,87265.02,87490,87157.22,1742958900000,2814
37.611103109999995,87185.8885,87265.01,87143.57,87454,87127.0,1742959800000,2684
40.93695874,87129.8408,87143.39,87176.89,87324,87057.0,1742960700000,2919
45.176286270000006,87241.8752,87151.0,87313.18,87451,87079.51,1742961600000,2759
121.25011993999999,87246.9338,87303.67,87275.93,87456,87157.96,1742962500000,2680
30.22137215,87396.109,87274.97,87425.87,87618,87254.3,1742963400000,2508
46.58547311,87342.0943,87430.25,87350.49,87597,87246.29,1742964300000,2704
42.90298783000001,87293.1628,87329.3,87287.96,87482,87258.68,1742965200000,2366
30.95273136999999,87283.2226,87287.81,87311.3,87467,87238.35,1742966100000,2129
81.44968214000001,87482.822,87313.52,87617.57,87767,87298.1,1742967000000,3279
67.91208633,87571.5544,87596.7,87552.49,87767,87481.21,1742967900000,2239
42.922088499999994,87548.1448,87566.7,87584.89,87722,87467.14,1742968800000,2434
39.71234779,87570.3999,87584.9,87593.16,87714,87507.99,1742969700000,2102
50.340862859999994,87665.845,87593.16,87796.88,87879,87568.7,1742970600000,2381
59.70511042999999,87840.3189,87796.87,87932.64,88064,87730.9,1742971500000,2979
41.636678790000005,87870.418,87932.65,87875.01,88077,87778.96,1742972400000,2546
46.77299617,87909.5313,87875.01,88000.0,88129,87804.02,1742973300000,2302
118.90967909,88194.3255,88033.55,88174.6,88400,87989.76,1742974200000,4914
28.033845299999996,88235.3421,88234.37,88159.18,88401,88150.46,1742975100000,2642
21.87154517,88109.9527,88197.6,88088.2,88328,88031.01,1742976000000,2295
18.182223849999996,88071.6898,88077.92,88056.55,88271,88015.39,1742976900000,2108
23.46076906,88085.561,88046.2,88066.32,88216,88040.05,1742977800000,1688
91.16454685999997,87979.7799,88080.6,87985.39,88202,87907.45,1742978700000,2319
35.50385468,87972.6789,87996.3,87918.84,88138,87917.54,1742979600000,1812
49.16403549999999,87937.3267,87918.83,87988.7,88103,87851.39,1742980500000,1797
24.983636299999997,87997.8703,87989.7,87999.41,88180,87953.66,1742981400000,1675
22.040194000000003,87957.8447,87999.41,87969.49,88129,87907.9,1742982300000,1615
25.917970320000002,88025.6786,87950.7,88054.62,88159,87950.6,1742983200000,1846
44.60922961000001,88155.5834,88049.63,88184.18,88350,88038.8,1742984100000,2351
25.65659265,88225.3419,88185.95,88134.05,88388,88118.89,1742985000000,2382
42.36717761,88202.0227,88134.05,88244.6,88399,88124.55,1742985900000,2312
26.00156316,88238.1546,88244.6,88263.02,88361,88169.29,1742986800000,2734
91.05707316000002,88223.7512,88266.15,88205.15,88460,88133.6,1742987700000,3434
47.22844958999999,88129.9743,88205.16,88024.78,88340,88003.43,1742988600000,3722
65.24396529,88012.6653,88024.77,87991.1,88199,87963.62,1742989500000,3700
150.6467347,88043.1333,88001.2,88000.24,88123,87861.54,1742990400000,4138
73.67882102,87828.6814,87963.2,87817.72,88101,87711.06,1742991300000,4808
57.40240366,87713.1491,87812.46,87720.94,87967,87610.1,1742992200000,4973
78.03379964,87799.5449,87699.0,87826.8,87979,87637.71,1742993100000,4153
41.936643919999995,87762.1739,87827.18,87684.8,87947,87669.5,1742994000000,3587
142.01907329,87712.0263,87684.8,87518.9,87822,87491.6,1742994900000,3619
220.99613700999996,87716.9043,87518.9,87832.55,88060,87428.91,1742995800000,7755
333.44816646000004,87227.9704,87979.0,86875.6,88086,86735.28,1742996700000,11416
229.19270269999998,87091.1227,86875.6,86995.55,87456,86763.74,1742997600000,8176
455.27629198000005,86801.3083,86995.56,86726.04,87189,86460.19,1742998500000,10577
196.74430914000004,86688.5151,86726.04,86582.88,87000,86522.04,1742999400000,7535
132.99224780999998,86749.6325,86628.3,86787.25,87175,86472.03,1743000300000,6585
159.01189293,86923.5407,86805.8,86883.5,87225,86739.21,1743001200000,6239
187.64979189,86738.7684,86883.49,86654.31,87080,86571.21,1743002100000,6751
139.7085611,86819.0723,86654.31,86858.81,87064,86638.0,1743003000000,4875
189.7935322,86839.4772,86858.8,86760.12,87185,86621.24,1743003900000,6701
191.66029074000002,86711.9701,86750.0,86765.05,87009,86584.01,1743004800000,5728
70.59019315999998,86758.3411,86765.05,86968.2,87095,86615.33,1743005700000,4513
99.40315127,86862.1088,86920.0,86707.98,87208,86666.0,1743006600000,5229
200.23997407000002,86623.4846,86707.98,86507.95,86980,86390.67,1743007500000,6432
94.60934388999999,86652.2009,86507.95,86728.49,86942,86476.45,1743008400000,5127
110.48870323999999,86590.5944,86728.49,86626.82,86931,86476.01,1743009300000,5574
82.81274009000002,86624.2339,86626.83,86687.87,87016,86500.01,1743010200000,5038
91.72838415,86570.288,86736.7,86517.6,86961,86480.01,1743011100000,5154
54.89321666000001,86653.9493,86517.6,86679.03,86910,86517.6,1743012000000,4242
77.90844747000001,86659.4854,86678.97,86644.48,86896,86584.6,1743012900000,4693
57.63611307000001,86596.7113,86650.8,86498.92,86909,86496.35,1743013800000,4172
193.12430012000002,86414.1539,86498.92,86209.27,86680,86166.2,1743014700000,6587
274.91897839,86063.6931,86201.6,85925.03,86529,85864.39,1743015600000,9166
172.25521691999998,86146.1366,85924.99,86126.3,86509,85850.0,1743016500000,7514
163.86314389999998,86324.6363,86131.55,86482.84,86677,86121.27,1743017400000,7486
200.62412104,86616.2105,86483.49,86567.47,86941,86473.8,1743018300000,9249
212.45302548,86844.9428,86561.21,86935.17,87144,86507.1,1743019200000,8526
395.01976552,87122.0986,86909.9,87245.66,87489,86852.2,1743020100000,8359
348.92963031000005,87319.9101,87245.67,87303.82,87559,87182.5,1743021000000,6628
214.84865609,87180.925,87287.0,87432.0,87508,87026.9,1743021900000,4954
49.67934227,87179.2092,87264.2,87218.11,87453,87078.83,1743022800000,3527
76.19304401,87096.5987,87218.11,87075.41,87393,86975.55,1743023700000,4804
91.93304706999999,86940.6893,87075.4,87092.04,87240,86721.25,1743024600000,4592
57.67827625999999,87176.8773,87093.57,87121.13,87379,87072.4,1743025500000,3544
74.25214681000001,87033.241,87121.12,86951.08,87318,86901.86,1743026400000,4659
85.00550847000001,86865.3182,86951.09,86825.99,87155,86765.28,1743027300000,4492
52.00322722,86929.714,86812.1,86904.83,87129,86812.0,1743028200000,3484
38.61016540999999,86940.1726,86904.83,86848.81,87186,86825.33,1743029100000,3443
74.75662593999998,86760.9882,86852.8,86714.21,87068,86679.47,1743030000000,4141
100.03189818,86667.2273,86714.98,86692.05,86964,86575.41,1743030900000,3982
48.04777277,86838.2391,86693.35,86872.12,87050,86693.35,1743031800000,3712
43.988195659999995,86899.4711,86872.12,86899.0,87094,86812.43,1743032700000,3388
65.55308099999998,86938.1284,86899.0,86921.96,87123,86886.59,1743033600000,3795
39.26326007,86872.7391,86921.96,87141.99,87272,86808.8,1743034500000,3405
105.74635554999999,87165.4879,87141.98,87124.14,87400,87056.96,1743035400000,4570
104.79136547,87215.8063,87124.13,87308.31,87453,87105.88,1743036300000,3824
65.70170323000002,87394.9833,87255.0,87303.71,87582,87254.57,1743037200000,3771
30.40649361,87300.0119,87303.7,87373.91,87535,87195.83,1743038100000,2995
26.82202497,87283.816,87373.91,87318.05,87534,87200.95,1743039000000,3113
67.62913767,87438.3715,87339.7,87395.1,87685,87261.78,1743039900000,3814
56.515397160000006,87499.7331,87424.4,87543.47,87737,87352.32,1743040800000,3548
52.302297149999994,87610.0095,87543.47,87613.3,87842,87500.0,1743041700000,3767
45.01131263,87615.3962,87613.29,87695.28,87827,87536.8,1743042600000,3333
33.78508899,87683.0907,87695.28,87594.44,87934,87567.91,1743043500000,3289
35.6717969,87561.0004,87602.1,87598.69,87797,87490.66,1743044400000,3017
57.669471519999995,87536.5244,87598.69,87571.75,87727,87453.41,1743045300000,2821
38.30985699,87630.2588,87571.76,87620.68,87823,87563.35,1743046200000,3017
23.611785499999996,87667.2457,87620.69,87689.44,87812,87607.4,1743047100000,2563
26.814842600000002,87571.6455,87670.0,87513.45,87851,87456.82,1743048000000,2763
24.758805680000002,87549.8034,87513.46,87603.7,87728,87462.83,1743048900000,2807
29.448958180000005,87529.0028,87603.71,87498.85,87739,87439.64,1743049800000,2556
18.377492540000002,87523.7974,87498.85,87500.0,87655,87477.7,1743050700000,2268
31.198912150000005,87491.1359,87500.0,87506.9,87654,87438.6,1743051600000,2631
22.472476479999997,87426.467,87493.26,87470.57,87630,87373.3,1743052500000,2784
14.745033379999999,87406.8015,87460.7,87370.16,87573,87360.51,1743053400000,2460
24.50543373,87339.6631,87403.1,87331.58,87528,87277.0,1743054300000,2272
22.356155629999996,87358.016,87307.0,87484.04,87591,87304.81,1743055200000,2617
35.67222812,87504.5576,87478.09,87516.51,87650,87424.84,1743056100000,2364
14.548076150000002,87523.7946,87516.49,87435.62,87651,87435.0,1743057000000,2024
12.68933476,87370.0569,87435.61,87376.23,87593,87304.64,1743057900000,2060
21.9163981,87330.7817,87350.1,87367.38,87508,87270.35,1743058800000,2506
22.389815769999995,87366.7839,87366.53,87355.39,87534,87288.33,1743059700000,2223
37.46653373,87362.8441,87355.39,87321.61,87559,87300.0,1743060600000,2223
32.89756414000001,87396.5009,87321.6,87433.26,87525,87301.68,1743061500000,2109
71.51680065000001,87419.3036,87411.3,87372.8,87619,87272.13,1743062400000,2804
35.70895019,87414.7277,87372.8,87426.93,87576,87343.75,1743063300000,2266
58.38408423,87537.7027,87405.4,87499.4,87745,87405.3,1743064200000,2730
33.770320250000005,87429.1928,87499.4,87457.35,87628,87311.28,1743065100000,2432
49.881164850000005,87487.012,87434.1,87494.07,87624,87416.43,1743066000000,3132
23.817408490000002,87508.4382,87494.07,87478.29,87627,87438.93,1743066900000,2078
47.52662515,87506.1585,87476.27,87480.59,87655,87436.19,1743067800000,2261
41.27119702,87483.5019,87480.59,87430.04,87656,87402.0,1743068700000,2502
29.461006539999996,87539.9823,87423.6,87491.11,87704,87419.91,1743069600000,2331
20.66681843,87499.0457,87491.76,87517.67,87641,87444.96,1743070500000,2462
15.11162317,87498.7955,87517.93,87432.82,87640,87432.41,1743071400000,2117
95.57148151,87266.7692,87435.23,87312.0,87545,87124.2,1743072300000,3763
21.85726707,87253.2309,87207.0,87198.02,87409,87161.35,1743073200000,2102
47.01435141,87069.7287,87194.1,86968.69,87332,86924.41,1743074100000,3326
58.02360257000001,86978.9539,86961.64,86919.79,87169,86871.9,1743075000000,2934
64.84144789999999,86909.9647,86919.8,86955.43,87068,86782.75,1743075900000,3303
46.88204868999999,86912.905,86955.43,87000.0,87120,86785.23,1743076800000,3454
30.628616920000006,86993.0531,87000.0,86968.4,87141,86892.73,1743077700000,2300
54.278891869999995,87036.5321,86962.42,86903.06,87210,86868.52,1743078600000,3309
59.3831335,86832.0289,86905.37,86771.73,87035,86719.85,1743079500000,2684
30.642941019999995,86741.823,86767.16,86649.98,86959,86607.93,1743080400000,3095
219.77317584,86393.3542,86649.98,86353.96,86792,86180.6,1743081300000,7475
562.45511781,86065.7685,86334.5,86097.0,86621,85784.0,1743082200000,15161
275.35886516000005,86203.611,86012.31,86383.37,86562,85899.53,1743083100000,8724
257.72336722,86460.5751,86383.37,86441.7,86850,86178.96,1743084000000,8664
204.12609808999997,86497.8986,86443.18,86606.0,86719,86361.13,1743084900000,7576
274.68294105999996,86825.207,86628.26,87042.95,87285,86508.66,1743085800000,8068
367.92527939,87121.3834,87042.49,87298.88,87394,86876.1,1743086700000,8523
323.23113272,87259.6739,87273.9,87389.95,87495,87120.66,1743087600000,8034
289.63196888999994,87436.334,87391.75,87278.45,87660,87278.44,1743088500000,6815
198.16588955,87062.6714,87278.44,86865.69,87381,86842.07,1743089400000,5125
170.01226736,86971.9101,86877.65,86952.06,87141,86735.38,1743090300000,4696
123.88512019000001,87017.3675,86952.07,87066.37,87271,86877.45,1743091200000,4777
76.36955667999999,87145.5321,87073.21,87004.01,87335,86990.97,1743092100000,4349
78.21705730000002,87055.2279,87000.67,87143.13,87215,86955.5,1743093000000,4509
116.23614496,86912.9289,87143.99,86821.14,87229,86790.18,1743093900000,5035
100.86345723,86921.4443,86821.14,86955.74,87094,86811.45,1743094800000,5662
85.63205497999999,86958.0628,86955.75,86852.38,87114,86850.01,1743095700000,4755
164.18769302999996,86911.3043,86860.76,86968.19,87049,86774.2,1743096600000,5376
103.60966221000001,87012.2987,86968.19,86890.3,87229,86888.0,1743097500000,5494
86.20838364,86998.7066,86890.3,87116.6,87230,86850.76,1743098400000,4800
72.37798460999998,87078.6013,87116.6,87043.44,87252,86934.01,1743099300000,4023
97.01367829,87212.4308,87043.45,87325.01,87469,87004.13,1743100200000,4705
118.88120657,87324.2623,87325.01,87188.82,87521,87185.6,1743101100000,4421
139.80955732,87233.5148,87193.1,87348.42,87439,87117.46,1743102000000,4833
167.08302843,87360.7689,87349.96,87366.39,87525,87240.1,1743102900000,5479
108.57859086999999,87323.4723,87355.47,87302.55,87481,87259.3,1743103800000,4731
240.75020629,87184.228,87301.47,87059.54,87422,87009.95,1743104700000,7335
59.783653220000005,87012.0026,87063.38,86953.27,87190,86940.51,1743105600000,4137
94.49097471,87127.4705,86953.29,87211.56,87379,86926.02,1743106500000,4411
66.09812213000001,87262.338,87206.03,87312.97,87412,87171.4,1743107400000,3633
67.12151259999999,87309.6264,87312.96,87312.06,87434,87247.06,1743108300000,3809
66.82353347,87302.7504,87300.0,87297.2,87450,87233.05,1743109200000,3286
70.95513671,87375.8384,87293.63,87373.6,87549,87269.9,1743110100000,4422
112.76508795000001,87596.0728,87373.6,87626.65,87814,87363.78,1743111000000,5114
31.318230389999997,87566.0789,87613.8,87558.69,87751,87469.2,1743111900000,3655
48.58256076,87507.7139,87558.7,87413.08,87672,87400.02,1743112800000,3538
28.91077743,87404.1082,87407.6,87367.31,87562,87343.13,1743113700000,3186
43.91619903,87340.3333,87356.5,87330.93,87492,87296.15,1743114600000,3504
31.47919784,87351.7661,87342.2,87333.02,87500,87289.08,1743115500000,3426
62.830067699999994,87241.1414,87376.8,87173.28,87461,87116.01,1743116400000,4335
50.129152829999995,87215.7631,87173.27,87284.32,87399,87161.6,1743117300000,3860
57.512134659999994,87245.9148,87284.31,87134.16,87423,87116.37,1743118200000,4353
29.45554082,87176.6958,87134.16,87217.48,87317,87108.87,1743119100000,3396
45.03746914,87100.2816,87209.9,87051.61,87335,87002.69,1743120000000,3451
46.70017418,87026.5081,87051.62,86947.16,87198,86941.16,1743120900000,3696
85.30974988,87042.2854,86947.16,87202.93,87286,86912.31,1743121800000,4810
79.03699141000001,87304.2063,87162.3,87340.79,87487,87141.56,1743122700000,4720
33.68374364,87246.0104,87341.5,87151.45,87477,87140.21,1743123600000,3529
35.767589969999996,87160.7322,87151.52,87160.31,87305,87107.45,1743124500000,3368
61.104923320000005,87388.1207,87160.31,87497.19,87578,87101.6,1743125400000,3902
43.01396812,87336.4517,87497.19,87224.46,87578,87193.23,1743126300000,4029
39.42435889,87216.6407,87225.04,87227.22,87389,87149.27,1743127200000,3620
52.21009569,87279.0208,87227.23,87245.23,87418,87191.1,1743128100000,3930
131.90334944999998,87093.8942,87245.23,87079.99,87362,86915.7,1743129000000,4241
61.72846591000001,87019.9304,87080.0,86972.84,87243,86922.3,1743129900000,4097
131.98001128,86898.3419,86925.8,86849.0,87123,86750.0,1743130800000,4496
103.88825419,86821.7998,86848.99,86794.74,87017,86738.32,1743131700000,4419
91.18401338000002,86830.9363,86792.17,86832.76,86961,86786.2,1743132600000,3530
65.41876949,86804.657,86832.76,86779.12,86945,86738.43,1743133500000,3055
32.538906759999996,86797.231,86769.2,86893.0,86922,86739.9,1743134400000,3051
83.65464186000001,86775.9963,86762.23,86888.0,86889,86654.51,1743135300000,3241
364.5672289,86561.4649,86679.61,86237.21,86888,86085.0,1743136200000,8983
165.28533899,86092.2057,86237.2,86277.09,86517,85935.39,1743137100000,6541
69.26154189,86145.4623,86292.1,86052.31,86477,86015.99,1743138000000,4655
69.35757283999999,86036.6939,86052.32,85950.01,86320,85931.8,1743138900000,3680
79.01059424999998,85940.4121,85939.8,85883.49,86176,85814.85,1743139800000,4100
82.86578672,86006.8163,85880.4,86025.69,86307,85799.0,1743140700000,4313
65.58367406,86136.2805,86060.4,86194.44,86358,85959.21,1743141600000,3451
71.79629265,86047.9591,86194.43,85984.08,86329,85887.58,1743142500000,3297
91.26842096,85898.214,85984.09,85831.34,86131,85812.87,1743143400000,3322
156.44104789,85826.0107,85831.43,85699.54,86072,85620.3,1743144300000,4699
100.84724966999998,85786.1636,85888.0,85689.2,86019,85581.89,1743145200000,3833
56.550207300000004,85719.3729,85689.63,85586.06,85972,85539.45,1743146100000,2989
398.22716119,85442.0908,85585.97,85209.29,85786,85176.55,1743147000000,8998
114.66199298999999,85219.0482,85209.36,85164.98,85514,85122.33,1743147900000,4418
110.72458911000001,85294.0305,85164.8,85254.1,85588,85119.18,1743148800000,4710
114.79807628,85114.7883,85253.05,85042.6,85551,85017.62,1743149700000,4523
143.92547287,85131.3615,85038.2,85142.68,85319,85012.66,1743150600000,4182
93.10088454,85280.8575,85140.64,85177.78,85505,85131.45,1743151500000,3128
67.82775121999998,85133.4575,85219.0,85033.43,85342,85024.56,1743152400000,2857
188.97377365,85100.817,85049.1,85297.09,85439,84964.58,1743153300000,5444
77.13291084,85276.7065,85293.88,85182.0,85520,85172.46,1743154200000,3286
51.943405729999995,85105.7754,85185.71,85127.0,85364,85031.43,1743155100000,3648
69.33181936999999,85110.0467,85122.9,85145.58,85354,84980.0,1743156000000,4670
60.57432166,85148.2026,85145.58,85208.26,85345,85058.4,1743156900000,4102
62.79307087,85128.6361,85208.26,85097.61,85357,85074.01,1743157800000,3280
127.13722801,84959.6382,85097.6,84929.56,85241,84855.03,1743158700000,3759
76.12115372,84879.3154,84899.1,84800.01,85123,84800.0,1743159600000,3734
193.8612389,84994.0784,84800.0,85069.38,85308,84771.04,1743160500000,6032
91.05819316,85043.5951,85069.37,85034.69,85310,84900.0,1743161400000,4180
66.79655066000001,85118.9951,85033.78,85222.1,85350,84973.66,1743162300000,3697
57.430236959999995,85166.1643,85221.76,85143.11,85369,85105.0,1743163200000,3434
153.28029422999998,85237.6547,85163.3,85330.68,85499,85064.61,1743164100000,4939
319.77401639,85100.6797,85332.24,85092.92,85717,84854.56,1743165000000,10243
94.93833896000001,85095.9203,85088.64,85007.44,85324,84950.93,1743165900000,4644
169.06143942,85186.235,85054.2,85313.09,85426,84935.91,1743166800000,5639
131.54764061,85383.3495,85315.04,85294.91,85623,85229.27,1743167700000,5610
240.17333735,85352.2196,85294.91,85267.83,85649,85090.09,1743168600000,8076
196.04128359000003,85040.7845,85321.1,84974.5,85424,84900.0,1743169500000,7063
586.91374204,84556.9343,84974.5,84409.83,85210,84261.45,1743170400000,15507
432.11989694,84379.6348,84409.71,84315.77,84725,84231.53,1743171300000,15355
449.96897871999994,84287.3925,84313.48,84369.34,84565,84126.58,1743172200000,10790
252.73822069000002,84215.976,84378.0,84124.23,84514,84100.66,1743173100000,8181
407.21384171000005,84068.259,84291.0,84264.98,84442,83897.5,1743174000000,13060
191.83694975000003,84191.2692,84264.98,84195.08,84475,84011.78,1743174900000,8000
174.14523924000002,84348.9147,84331.0,84251.69,84611,84143.75,1743175800000,7045
393.34025671,84273.3401,84251.69,84009.68,84501,83999.1,1743176700000,8067
352.19190851999997,84062.5056,84001.75,83822.57,84359,83810.55,1743177600000,9576
385.4815475499999,83880.3642,83822.8,83876.32,84194,83602.99,1743178500000,11674
131.72652609000002,83905.9134,83876.31,83855.26,84211,83794.08,1743179400000,6686
161.35492348,83797.8034,83855.26,83740.32,84131,83691.42,1743180300000,5962
210.27724107000003,83657.0692,83733.34,83604.77,84066,83530.1,1743181200000,7682
152.14339803000001,83730.3432,83604.77,83698.65,84089,83557.72,1743182100000,6811
137.69045098,83795.4526,83698.65,83681.33,84081,83608.56,1743183000000,6461
59.88966633000001,83796.0439,83681.32,83936.73,84145,83641.95,1743183900000,4951
151.68638662,84041.42,83943.3,84023.97,84299,83904.15,1743184800000,6091
126.53171655999999,83882.2214,84027.57,83757.66,84294,83729.96,1743185700000,5639
117.77036938999998,83801.8414,83795.2,83775.61,84096,83681.96,1743186600000,5361
96.17229749999998,83770.928,83775.62,83822.56,84028,83650.68,1743187500000,5119
150.42536454999998,83701.9711,83827.6,83706.3,84022,83612.9,1743188400000,5988
328.03697821,83663.1829,83706.3,83735.92,83927,83568.57,1743189300000,6477
283.46891691999997,83676.4565,83735.91,83613.51,83926,83582.01,1743190200000,6674
319.66380554000006,83712.6037,83621.59,83742.7,84037,83593.98,1743191100000,8116
301.27444908,83773.357,83736.51,83762.83,84060,83654.34,1743192000000,7988
120.70362431000002,83847.1781,83762.83,83840.57,84149,83730.32,1743192900000,4818
88.78637819,83949.6935,83840.57,84010.53,84342,83808.23,1743193800000,4893
63.85455868999999,83839.1673,84008.71,83757.09,84243,83657.82,1743194700000,4630
65.19382209000001,83778.5837,83765.5,83933.36,84176,83650.0,1743195600000,3720
36.98416331000001,83885.4286,83933.35,83957.14,84241,83752.19,1743196500000,3875
36.694548190000006,84009.919,83957.14,83986.2,84269,83892.21,1743197400000,3445
20.156154360000002,83922.8198,83981.02,83984.2,84210,83780.02,1743198300000,2153
60.38139236,84174.7371,83984.3,84220.3,84433,83984.3,1743199200000,520
20.27443266,84196.0619,84220.3,84219.1,84419,84102.0,1743200100000,422
14.145968719999999,84276.3828,84219.1,84270.5,84500,84219.0,1743201000000,317
47.511710109999996,84348.4243,84276.3,84644.0,84644,84276.2,1743201900000,424
3.9638847400000006,84443.002,84420.2,84280.8,84689,84280.6,1743202800000,403
7.447835179999999,84329.1542,84280.8,84200.2,84521,84200.1,1743203700000,322
4.6966411400000005,84353.7381,84200.2,84350.0,84578,84200.2,1743204600000,266
14.92621922,84355.9937,84350.0,84373.9,84584,84349.0,1743205500000,210
55.490557419999995,84394.9401,84373.9,84435.71,84609,84313.77,1743206400000,3134
25.2288808,84476.8306,84436.12,84495.99,84742,84393.8,1743207300000,3637
48.799626059999994,84520.0454,84497.59,84531.96,84779,84444.77,1743208200000,3203
22.621108740000004,84405.3304,84559.7,84359.45,84778,84311.11,1743209100000,2933
31.76825871,84423.5775,84357.23,84465.5,84651,84328.16,1743210000000,3066
31.64142173,84290.8383,84446.78,84202.45,84654,84172.34,1743210900000,3462
31.735623959999995,84299.482,84202.45,84266.29,84569,84202.44,1743211800000,3194
33.03609192,84304.9633,84266.42,84246.53,84498,84174.63,1743212700000,2757
35.47692454,84340.576,84251.9,84360.26,84589,84246.55,1743213600000,2831
120.08157557999999,84361.5127,84360.26,84169.99,84568,84108.68,1743214500000,3545
33.20737311,84155.3017,84169.99,84007.9,84473,84007.9,1743215400000,2973
81.04317796,83998.48,84042.1,83828.64,84329,83800.0,1743216300000,3484
73.40964764,83826.0148,83833.6,83818.75,84164,83675.05,1743217200000,4298
41.666438240000005,83961.3311,83815.78,84030.69,84269,83800.0,1743218100000,3218
36.15511434,84150.9362,84030.69,84187.11,84382,84025.3,1743219000000,3114
22.408972550000005,84173.5476,84187.11,84139.06,84425,84122.51,1743219900000,2360
48.894536990000006,84158.7643,84149.9,84105.13,84429,84077.01,1743220800000,2537
19.69172184,84029.4879,84105.12,84024.77,84334,83964.99,1743221700000,2285
13.52617256,84015.7968,84024.76,83975.68,84266,83955.1,1743222600000,2407
16.45528527,83988.3173,83976.07,84042.48,84222,83931.66,1743223500000,2230
17.00801775,84035.6896,84020.2,84049.67,84254,83961.61,1743224400000,2681
23.256327409999997,83974.0282,84049.67,83901.1,84253,83890.86,1743225300000,2299
65.67370798,83865.1374,83901.2,83900.0,84131,83813.5,1743226200000,2732
24.56877359,83953.7311,83853.4,83975.7,84184,83853.4,1743227100000,2539
12.970043180000001,83865.7894,83966.4,83758.22,84184,83745.5,1743228000000,2694
17.765816020000003,83736.5091,83758.32,83684.3,83999,83628.19,1743228900000,2530
17.463985039999997,83801.3681,83684.3,83800.0,84036,83684.3,1743229800000,2487
10.796650010000002,83803.4343,83831.23,83763.74,84036,83683.91,1743230700000,2261
15.940058340000002,83773.6929,83982.0,83676.18,83999,83618.31,1743231600000,2158
19.39566126,83788.5741,83683.87,83803.68,84040,83634.79,1743232500000,2148
8.82090046,83819.5384,83803.68,83759.73,84059,83672.35,1743233400000,2015
12.096351679999998,83777.0029,83762.19,83699.25,84014,83623.75,1743234300000,2163
21.5736296,83758.0424,83665.0,83752.73,83987,83625.53,1743235200000,2223
15.57432522,83785.4586,83752.74,83978.0,84014,83665.63,1743236100000,1904
17.2927819,83847.9706,83700.0,83825.53,84088,83700.0,1743237000000,1860
11.657602100000002,83875.3594,83825.52,83893.3,84093,83801.01,1743237900000,1693
22.09388135,83861.1357,83898.4,83800.34,84101,83800.34,1743238800000,2118
11.2102366,83783.0876,83800.34,83706.17,84014,83700.01,1743239700000,1682
206.93878315999999,83445.2808,83706.18,83491.61,83922,83131.4,1743240600000,6224
125.45093625,83465.593,83491.61,83518.44,83789,83288.0,1743241500000,4054
70.57126870999998,83402.3717,83490.2,83466.78,83716,83252.87,1743242400000,2753
18.22390748,83470.6422,83468.7,83373.41,83700,83338.12,1743243300000,1976
24.961186889999997,83294.3262,83373.63,83267.23,83588,83217.26,1743244200000,2586
274.43858937,82956.6682,83267.26,82887.46,83486,82768.8,1743245100000,7090
175.23485007000002,82966.3613,82861.8,83000.0,83269,82810.94,1743246000000,3520
268.80713472,82676.3222,83058.94,82476.33,83241,82347.11,1743246900000,8240
145.87971316,82169.6413,82464.79,82009.17,82663,82000.0,1743247800000,6823
107.49659313999999,82110.0158,82011.98,82481.0,82495,81966.0,1743248700000,5043
66.65132517,82267.1752,82480.0,82308.63,82594,82104.7,1743249600000,3863
59.44623319,82401.483,82300.4,82376.33,82676,82226.07,1743250500000,3566
32.39961369,82304.2091,82376.08,82283.1,82645,82193.2,1743251400000,3074
36.46786652,82381.0049,82283.99,82426.9,82646,82257.55,1743252300000,3095
47.728130060000005,82561.3201,82426.9,82616.84,82840,82416.1,1743253200000,3502
46.76175965999999,82685.4009,82616.84,82663.25,82989,82543.04,1743254100000,3394
70.30340953,82614.5085,82659.1,82580.02,82897,82520.93,1743255000000,3292
50.87002834,82779.3021,82600.0,82825.03,83015,82570.74,1743255900000,3369
43.71323571999999,82775.9633,82800.8,82711.62,83057,82633.99,1743256800000,3206
52.13694623,82569.5073,82710.06,82494.99,82934,82411.79,1743257700000,3797
38.75628877,82599.352,82503.45,82636.95,82907,82460.36,1743258600000,3355
34.28313158,82578.4407,82650.1,82470.8,82865,82463.8,1743259500000,3049
25.68312647,82555.0982,82470.9,82517.41,82766,82432.83,1743260400000,3299
26.522489219999997,82575.2434,82517.42,82517.51,82804,82469.02,1743261300000,3002
64.03112903000002,82448.2236,82509.5,82379.29,82755,82353.35,1743262200000,3777
45.32150168000001,82418.219,82383.58,82392.06,82684,82350.0,1743263100000,4102
78.17464403999999,82509.8481,82396.38,82627.29,82886,82387.44,1743264000000,3664
40.49966499,82519.5115,82627.29,82386.51,82857,82377.19,1743264900000,3480
73.84311111,82407.9628,82400.0,82315.4,82683,82296.76,1743265800000,4439
105.18123637999997,82260.3948,82307.19,82155.0,82546,82140.63,1743266700000,5324
125.87805975,82047.134,82164.6,81870.75,82435,81825.52,1743267600000,6588
173.79651457000003,81807.6638,81870.73,82164.82,82388,81608.99,1743268500000,8703
69.55558176000001,82340.078,82158.87,82116.43,82790,82101.35,1743269400000,5093
44.66824546999999,82302.064,82116.43,82315.14,82563,82049.56,1743270300000,4286
55.06495577,82334.228,82314.9,82392.55,82640,82194.64,1743271200000,4133
26.584241270000003,82434.518,82392.55,82455.46,82689,82321.39,1743272100000,3511
49.446222999999996,82535.5803,82430.0,82519.72,82777,82408.61,1743273000000,3547
47.74217842000001,82519.7609,82519.98,82322.17,82859,82308.42,1743273900000,3715
51.20802881,82434.8575,82371.1,82407.73,82733,82231.34,1743274800000,3680
102.19704517999999,82265.8704,82405.52,82261.69,82614,82189.89,1743275700000,4059
22.491869739999995,82302.8532,82258.66,82322.32,82580,82168.17,1743276600000,3494
51.32773734,82463.4042,82322.31,82727.58,82929,82236.16,1743277500000,4308
50.2390783,82620.3606,82696.0,82524.43,82930,82442.68,1743278400000,4144
24.616141029999998,82631.4957,82524.25,82631.14,82887,82477.68,1743279300000,3407
49.684428249999996,82703.7994,82631.14,82542.95,82963,82533.01,1743280200000,3578
26.951024359999995,82519.2748,82543.39,82482.42,82805,82398.0,1743281100000,3358
28.257467719999998,82535.6827,82493.5,82583.75,82825,82388.0,1743282000000,3569
20.826425370000003,82650.3345,82582.37,82494.16,82886,82489.22,1743282900000,3099
35.24935300999999,82435.273,82494.16,82453.31,82752,82320.06,1743283800000,3404
29.111405679999997,82585.693,82718.0,82476.15,82836,82400.73,1743284700000,2983
25.996631609999998,82487.959,82500.1,82432.91,82725,82395.08,1743285600000,3362
29.74997252,82477.4274,82430.03,82424.37,82698,82366.95,1743286500000,3471
18.171633850000003,82443.7997,82392.4,82328.32,82666,82320.0,1743287400000,2875
32.364776459999995,82330.716,82329.73,82371.2,82616,82225.79,1743288300000,3331
18.276489960000003,82418.6954,82613.0,82438.13,82689,82303.3,1743289200000,2871
15.957297859999999,82502.1636,82438.13,82432.67,82747,82396.86,1743290100000,2790
21.45740818,82473.9305,82432.67,82463.27,82696,82362.56,1743291000000,3031
17.027045740000002,82589.0895,82463.26,82613.8,82884,82434.86,1743291900000,3045
37.42154824,82632.2124,82866.0,82722.79,82957,82530.74,1743292800000,3234
22.046207519999996,82710.3977,82722.78,82586.62,82980,82584.23,1743293700000,2720
26.900713930000002,82557.3941,82587.22,82580.07,82826,82462.18,1743294600000,3063
62.342368130000004,82771.2843,82580.07,82765.32,83068,82567.51,1743295500000,3985
102.12757791000001,82942.6553,82775.6,82937.7,83244,82725.23,1743296400000,3910
35.08485751999999,82976.1201,83010.01,82963.84,83243,82877.36,1743297300000,3017
37.65351340000001,83006.7895,82963.84,82880.7,83256,82870.38,1743298200000,3260
20.972880670000002,82898.5992,82880.7,82917.26,83151,82790.47,1743299100000,2847
60.5457343,83088.7788,82908.3,83363.0,83436,82897.65,1743300000000,3757
18.339667900000002,83163.3452,83132.39,83072.95,83419,83056.62,1743300900000,2433
46.87365012999999,83212.4645,83072.95,83271.76,83523,83022.52,1743301800000,3421
39.86496012999999,83303.091,83280.43,83301.8,83562,83204.03,1743302700000,3245
24.729772439999998,83377.3894,83530.0,83409.76,83635,83264.9,1743303600000,3143
41.887103059999994,83403.4812,83409.75,83322.98,83684,83312.69,1743304500000,2926
37.51478037,83243.0355,83322.98,83192.9,83573,83133.51,1743305400000,2557
33.767088810000004,83197.2879,83189.75,83071.92,83492,83021.45,1743306300000,2951
14.032924730000001,83160.3134,83061.2,83155.9,83400,83061.2,1743307200000,2710
25.15903031,83152.2755,83179.99,83112.79,83408,83046.56,1743308100000,2681
17.094494060000002,83177.6703,83112.81,83187.5,83392,83079.5,1743309000000,2574
20.59674775,83236.8791,83187.5,83097.63,83500,83072.66,1743309900000,2348
13.28316927,83127.0956,83099.1,83111.0,83336,83053.5,1743310800000,2055
19.180305089999997,83196.5473,83116.33,83154.5,83400,83082.7,1743311700000,2171
12.776729530000004,83175.0471,83154.6,83093.3,83400,83087.2,1743312600000,1926
123.58535849999998,83234.2296,83150.1,82941.71,83316,82900.0,1743313500000,2772
30.270711229999996,82986.9384,82940.0,82973.78,83247,82883.76,1743314400000,2160
31.6203828,82969.91,82973.77,82838.95,83229,82828.35,1743315300000,2518
65.34469030999999,83046.9255,82841.0,83140.47,83379,82825.21,1743316200000,1912
23.77884274,83229.6222,83141.17,83172.28,83492,83099.04,1743317100000,2107
14.412562829999999,83292.6492,83163.4,83297.04,83512,83163.3,1743318000000,2082
13.541608140000001,83302.2549,83297.03,83235.11,83513,83215.81,1743318900000,2097
63.106007729999995,83153.1765,83483.0,83072.97,83483,83071.55,1743319800000,1911
7.39978702,83139.9174,83076.2,83054.77,83338,83040.55,1743320700000,1871
12.57899685,83231.168,83060.5,83228.68,83439,83054.76,1743321600000,1901
28.406110670000004,83418.8765,83235.6,83199.23,83477,83189.73,1743322500000,1937
84.55400634,83311.9584,83235.8,83234.74,83514,83190.58,1743323400000,1695
9.16719844,83394.0256,83234.74,83352.57,83577,83234.73,1743324300000,1242
21.93515274,83394.9719,83369.1,83501.0,83576,83275.75,1743325200000,1385
27.56853031,83301.7128,83300.03,83371.49,83561,83221.02,1743326100000,764
9.988104929999997,83432.1709,83371.15,83439.0,83636,83352.5,1743327000000,911
45.46396447000001,83467.7892,83439.0,83476.66,83696,83412.02,1743327900000,4518
14.820969559999998,83502.3459,83481.2,83461.25,83697,83417.13,1743328800000,2157
108.92801378999998,83167.8116,83461.25,83188.12,83657,83062.3,1743329700000,2581
10.988022879999999,83153.4207,83188.42,83042.97,83375,83034.22,1743330600000,1725
10.994645110000002,83167.576,83042.99,83103.01,83350,83034.16,1743331500000,1825
14.87580001,83220.8702,83090.3,83241.63,83468,83075.0,1743332400000,2302
30.286542280000006,83177.7672,83241.63,83065.21,83534,82945.8,1743333300000,2639
16.593674019999998,83087.8652,83065.2,83034.45,83355,82962.57,1743334200000,2315
11.465657830000001,83118.567,83034.45,83100.64,83332,82965.3,1743335100000,2376
22.444650199999995,83056.794,83076.6,83004.86,83332,82940.0,1743336000000,2336
18.81513224,83127.7912,82970.9,83234.49,83428,82970.8,1743336900000,2610
19.54401403,83165.3999,83198.8,83013.71,83437,83007.5,1743337800000,2372
12.188451950000001,83068.4206,83013.79,83256.0,83257,82984.46,1743338700000,1957
15.88574901,83033.5262,83045.38,83021.92,83257,82943.36,1743339600000,2258
29.370354250000002,83015.6745,83021.91,82900.38,83328,82855.0,1743340500000,2501
131.6232479,82696.6386,82900.4,82948.19,83119,82479.5,1743341400000,4924
41.5256172,82812.6058,82938.01,82670.92,83117,82650.0,1743342300000,3162
27.974458939999998,82678.9487,82663.3,82653.74,82935,82588.55,1743343200000,2972
28.69775046,82762.343,82648.15,82723.69,83011,82603.02,1743344100000,2870
30.793058940000005,82768.8823,82700.0,82822.09,83012,82673.72,1743345000000,2948
34.54061024000001,82904.3609,82829.4,82777.21,83161,82747.67,1743345900000,3100
26.099703650000002,82864.6573,82766.6,82907.47,83049,82742.11,1743346800000,3075
26.617193139999998,82932.7514,82910.95,82807.7,83169,82784.64,1743347700000,3269
17.7110806,82809.1499,82817.24,82821.48,82986,82740.28,1743348600000,2754
19.33929074,82807.3415,82822.68,82709.34,83032,82689.0,1743349500000,3154
20.09235234,82731.0708,82712.8,82726.03,82891,82666.16,1743350400000,2985
29.845901089999995,82745.5831,82726.03,82621.13,82927,82612.21,1743351300000,3145
128.62764911999997,82474.3454,82621.13,82482.4,82800,82286.01,1743352200000,5232
71.87460977999999,82241.01,82484.21,82272.12,82645,82163.61,1743353100000,4435
85.07873226000001,82182.0149,82272.11,82354.73,82512,82028.32,1743354000000,4560
39.700287010000004,82448.5935,82354.73,82407.78,82655,82291.48,1743354900000,3614
78.01402451,82510.9765,82409.25,82343.24,82698,82333.9,1743355800000,3558
39.20000195,82352.0743,82343.23,82388.57,82578,82247.31,1743356700000,3549
77.67025361,82633.5518,82371.8,82581.46,82874,82371.7,1743357600000,3895
76.65148051,82672.9986,82582.18,82751.2,82980,82516.97,1743358500000,3778
41.72645607,82666.6455,82731.13,82603.34,82965,82532.2,1743359400000,3176
53.09928552,82680.809,82603.34,82696.31,82939,82592.4,1743360300000,3302
50.163213590000005,82766.5523,82673.2,82673.22,83078,82637.88,1743361200000,3371
43.91740458,82652.5625,82673.22,82605.5,82919,82546.53,1743362100000,3275
50.4029193,82618.3303,82564.7,82584.4,82830,82546.0,1743363000000,3304
57.64031321,82707.7707,82584.4,82518.34,82796,82515.0,1743363900000,3294
86.28509732,82645.084,82521.53,82553.8,82793,82361.27,1743364800000,3765
32.176486690000004,82643.0397,82553.8,82509.48,82845,82462.03,1743365700000,2815
41.156820810000006,82623.8935,82509.49,82548.83,82834,82493.7,1743366600000,3060
22.62596192,82570.2163,82558.48,82544.57,82783,82469.48,1743367500000,3071
82.45470965999999,82621.1602,82514.1,82608.13,82861,82514.1,1743368400000,3645
22.835847100000002,82622.5635,82608.13,82569.0,82824,82545.5,1743369300000,2756
35.72116612,82494.9935,82560.4,82297.1,82788,82205.29,1743370200000,3521
56.695473799999995,82231.713,82246.62,82223.83,82542,82036.57,1743371100000,4143
229.00151974000002,81847.8555,82223.83,81866.8,82433,81538.88,1743372000000,9834
65.46451508,82054.8222,81884.36,82200.01,82419,81774.96,1743372900000,5103
98.98488373999999,82538.9762,82197.0,82496.46,82959,82135.95,1743373800000,5664
135.01299759,82574.9448,82542.1,82406.03,82815,82321.51,1743374700000,4252
48.14604818999999,82305.1771,82391.8,82204.46,82628,82106.13,1743375600000,3968
57.985378929999996,82085.9649,82207.86,81943.39,82430,81916.32,1743376500000,4465
51.482531040000005,82118.4186,81943.39,82303.01,82525,81916.32,1743377400000,4679
37.2380892,82319.1718,82297.58,82379.98,82553,82187.22,1743378300000,3236
34.69926232,82359.9852,82325.4,82270.77,82608,82164.83,1743379200000,3899
53.42258787,82104.408,82270.77,81979.08,82488,81949.88,1743380100000,4029
153.95632465,81575.2113,81981.51,81363.38,82173,81333.01,1743381000000,8344
136.51222164,81511.9299,81358.18,81623.07,81879,81265.16,1743381900000,6672
83.64202027,81813.1271,81795.0,81900.38,82212,81527.25,1743382800000,5291
97.93021064999999,81965.5959,81893.71,82162.13,82497,81734.53,1743383700000,5547
62.333131560000005,82000.9757,82162.33,81963.32,82344,81808.2,1743384600000,4307
43.1391435,81880.3961,81960.7,81944.82,82196,81736.0,1743385500000,4225
71.97105072,81794.1193,81945.67,81747.89,82163,81620.45,1743386400000,4432
43.543407460000005,81825.4041,81749.57,81705.91,82106,81629.53,1743387300000,3604
41.2161088,81782.5844,81701.73,81934.91,82164,81626.97,1743388200000,3935
40.9057887,82047.8865,81934.91,82124.0,82335,81871.54,1743389100000,3804
42.54232801,81888.5211,81913.2,81688.46,82209,81650.15,1743390000000,3603
47.480369509999996,81682.9536,81683.12,81784.3,82002,81538.27,1743390900000,4079
52.880377059999994,81769.6821,81814.26,81699.81,82080,81669.64,1743391800000,3603
42.11613162,81577.3683,81694.78,81517.95,81891,81459.07,1743392700000,3734
35.41615843,81677.1265,81518.96,81699.03,81907,81508.6,1743393600000,3128
37.08033749,81525.0421,81695.5,81507.21,81879,81391.98,1743394500000,3329
29.6307018,81579.2619,81507.21,81661.31,81864,81461.87,1743395400000,2767
45.78549323,81773.6622,81667.61,81850.0,82021,81648.92,1743396300000,2941
52.784933300000006,82082.0529,81850.0,82168.56,82355,81816.9,1743397200000,3492
42.30294645000001,82217.7699,82168.56,82216.7,82456,82053.0,1743398100000,2661
22.428148580000002,82123.4636,82216.7,82150.0,82366,82024.01,1743399000000,2299
30.412183890000005,82204.2956,82122.0,82340.0,82418,82079.83,1743399900000,1953
31.11604228,82144.096,82124.0,82077.98,82434,82027.3,1743400800000,2534
87.88963386999998,82082.0237,82077.99,81956.23,82359,81924.73,1743401700000,3119
15.601712529999999,81991.0023,81964.03,82026.4,82209,81900.0,1743402600000,1874
12.926645179999996,82024.2278,82041.33,82038.42,82224,81929.87,1743403500000,1834
39.78763213,82125.4552,82038.41,82057.76,82438,82000.0,1743404400000,3227
33.6566803,81995.4948,82057.76,82032.81,82266,81901.27,1743405300000,2740
47.57936049999999,81911.8858,82030.31,81830.89,82209,81765.61,1743406200000,2793
40.74094493,81815.2454,81830.89,81918.99,82074,81729.23,1743407100000,2857
74.10499474,82114.9348,81918.99,82152.45,82388,81883.93,1743408000000,3279
29.37121489,82108.1323,82147.46,82179.76,82339,82019.7,1743408900000,2145
22.431853550000003,82199.3348,82149.5,82063.02,82388,82063.01,1743409800000,2126
25.358460819999998,82049.6108,82063.02,81894.91,82294,81871.16,1743410700000,2130
79.90448765999999,81764.9969,81901.2,81575.23,82097,81520.45,1743411600000,3595
44.55724263,81569.1962,81579.39,81499.56,81880,81433.95,1743412500000,3054
57.829163920000006,81477.8489,81499.55,81486.75,81643,81358.51,1743413400000,3271
45.65246709,81420.1513,81484.52,81440.31,81639,81310.3,1743414300000,2882
91.50325964000001,81475.5909,81444.09,81465.28,81728,81277.02,1743415200000,3481
40.427316669999996,81624.357,81465.28,81756.48,81924,81425.0,1743416100000,3292
33.42394994,81804.7767,81760.7,81909.0,82062,81700.0,1743417000000,3010
74.96200456999998,82145.7197,81909.0,82159.85,82344,81898.9,1743417900000,4055
44.06978156000001,82121.0638,82164.61,82116.23,82329,81999.96,1743418800000,2831
98.94270348999999,82065.3803,82109.72,81951.73,82339,81950.77,1743419700000,3381
88.02250479000001,81971.1829,81964.01,82029.94,82187,81886.26,1743420600000,3095
59.07752215000001,82149.0609,82029.94,82199.88,82349,82000.1,1743421500000,3194
107.70983516000001,82125.7284,82169.6,81993.32,82360,81986.68,1743422400000,3414
69.13361975000001,82002.0917,81997.24,82114.34,82246,81900.0,1743423300000,3388
65.93980541,82229.1725,82127.0,82480.5,82651,82030.4,1743424200000,4472
297.28334064,82833.4723,82480.5,82776.28,83281,82375.99,1743425100000,9162
123.29138778,82761.2121,82800.9,82641.82,83008,82603.8,1743426000000,5115
100.08673859999999,82581.4186,82643.97,82546.43,82870,82431.36,1743426900000,4676
462.1924689599999,82112.7816,82546.0,81905.65,82736,81731.1,1743427800000,13712
242.43723205999996,82105.7144,81901.63,82485.44,82909,81632.09,1743428700000,12550
506.34799055999997,83102.9755,82485.43,83321.77,83536,82467.6,1743429600000,14602
383.68830051000003,83204.0909,83321.76,82806.96,83708,82787.4,1743430500000,11468
240.03811856000002,83241.4281,82806.96,83171.5,83609,82806.96,1743431400000,9122
264.92013701999997,83502.5219,83171.5,83494.06,83870,83152.22,1743432300000,9974
176.05888369,83594.2815,83494.06,83438.9,83945,83400.01,1743433200000,9203
169.24162313,83690.229,83437.49,83637.89,83998,83431.16,1743434100000,8517
139.72035571,83581.7752,83633.81,83500.0,83829,83418.61,1743435000000,8528
100.95899203,83586.9757,83499.99,83400.0,83770,83389.43,1743435900000,6300
106.42257104000001,83475.9384,83400.0,83333.23,83783,83236.35,1743436800000,6598
86.34968391999999,83413.4839,83337.32,83614.62,83729,83272.65,1743437700000,6415
78.49396269999998,83436.3126,83614.62,83373.4,83712,83321.0,1743438600000,6089
102.85024422000001,83363.5863,83410.6,83284.62,83585,83242.1,1743439500000,6458
113.01576305,83447.0593,83284.62,83464.15,83630,83244.34,1743440400000,5700
92.00225086,83296.0701,83464.15,83305.21,83576,83200.0,1743441300000,5587
182.50992637000002,83075.39,83286.0,82800.99,83500,82755.75,1743442200000,6990
139.82056871,82712.2779,82800.99,82666.85,82925,82561.75,1743443100000,8081
125.39102391,83030.1437,82679.5,83127.74,83400,82666.84,1743444000000,6984
130.20960696,83251.0081,83281.0,83344.91,83440,83071.03,1743444900000,5539
116.78382359,83453.1516,83345.46,83402.16,83661,83281.92,1743445800000,5576
93.99543149999998,83370.5387,83412.1,83282.95,83650,83256.79,1743446700000,6053
156.35942488999999,83331.2243,83286.1,83353.7,83569,83258.8,1743447600000,6674
193.69965264,83159.1488,83359.11,82925.68,83520,82917.0,1743448500000,6573
193.89390369999998,82886.1442,82921.51,82784.01,83168,82757.46,1743449400000,7127
424.56209974000006,82576.0893,82784.0,82443.85,82940,82368.9,1743450300000,12567
94.49421797999999,82516.3649,82394.5,82571.81,82817,82338.85,1743451200000,5632
78.51485848,82694.3888,82571.79,82759.02,82910,82540.31,1743452100000,4463
94.08569181000003,82733.0132,82759.03,82732.18,82958,82650.0,1743453000000,4349
88.86549701,82521.4578,82731.44,82427.7,82844,82350.0,1743453900000,4355
50.34697936,82538.3873,82427.7,82541.98,82641,82390.93,1743454800000,3614
82.71595883,82632.5469,82541.98,82557.96,82832,82480.04,1743455700000,3548
96.12916443000002,82634.9338,82562.36,82591.33,82755,82525.28,1743456600000,5646
43.78074537,82609.1143,82679.0,82542.4,82790,82472.56,1743457500000,3467
48.466681949999995,82450.7152,82543.7,82397.56,82682,82370.0,1743458400000,4116
49.06470963000001,82324.2773,82397.55,82339.84,82534,82235.92,1743459300000,4122
45.67135288000001,82314.48,82340.8,82306.87,82516,82249.28,1743460200000,3410
28.140412299999998,82365.4149,82306.86,82385.1,82496,82261.2,1743461100000,2911
48.72485196000001,82521.5191,82386.0,82531.31,82700,82352.94,1743462000000,4098
79.12687513,82551.4634,82539.47,82338.51,82936,82300.0,1743462900000,4202
46.41482744,82427.6949,82335.25,82453.93,82641,82264.67,1743463800000,3777
22.109322650000003,82479.3002,82452.88,82534.32,82679,82370.01,1743464700000,3587
36.03824376,82573.2307,82523.0,82459.65,82789,82445.9,1743465600000,3676
55.98257597999999,82609.2051,82463.47,82617.48,82832,82403.32,1743466500000,4092
32.17459855,82657.6793,82617.35,82715.94,82850,82518.7,1743467400000,3895
71.93343722,82690.2559,82712.11,82633.87,82929,82544.55,1743468300000,5281
41.90131389999999,82551.3469,82631.24,82549.78,82770,82435.87,1743469200000,4227
37.73021374,82614.4602,82549.78,82830.0,82845,82482.7,1743470100000,3917
35.72407072,82615.9479,82679.42,82557.17,82844,82521.38,1743471000000,3665
37.74387842,82677.5762,82557.17,82687.05,82849,82557.17,1743471900000,3864
38.17279771,82735.0264,82688.9,82826.21,82939,82625.01,1743472800000,4330
92.45008200999999,82943.5171,82826.21,82867.64,83123,82771.9,1743473700000,4912
66.26630045,82841.2631,82867.64,82932.65,83077,82766.07,1743474600000,4130
78.08171303,82999.1836,82932.66,83079.78,83242,82859.8,1743475500000,4261
48.61877757000001,83127.7689,83030.0,83160.85,83321,83005.68,1743476400000,4126
68.11219785,83161.9909,83160.84,83064.12,83380,83052.19,1743477300000,4300
62.00668978000001,83028.7537,83064.11,82981.05,83225,82962.48,1743478200000,3727
31.020015800000003,83009.256,82980.25,82944.98,83210,82906.3,1743479100000,3064
28.60322578,82947.8259,83083.0,82924.18,83150,82883.7,1743480000000,3243
23.49640514,82967.8803,82924.18,83035.03,83157,82869.58,1743480900000,3014
44.315632820000005,83159.3425,83033.9,83152.2,83313,82998.5,1743481800000,2978
16.21446045,83107.4527,83152.82,83049.62,83297,83030.64,1743482700000,2508
27.797190209999993,83065.9202,83078.0,83161.39,83247,82992.31,1743483600000,2780
45.97487161,83265.9907,83161.39,83278.32,83431,83106.0,1743484500000,3732
20.813839169999998,83249.596,83250.0,83156.39,83425,83103.8,1743485400000,2594
22.741235649999997,83087.3305,83151.0,82987.42,83275,82976.86,1743486300000,2440
49.33037165,82969.9092,82991.4,82975.32,83139,82870.18,1743487200000,3141
40.235423710000006,83010.3086,82975.32,83121.61,83184,82929.0,1743488100000,2258
49.819194880000005,83249.5817,83121.6,83337.8,83454,83051.9,1743489000000,3170
77.97148320000001,83420.6388,83352.32,83451.66,83587,83280.02,1743489900000,3405
78.38278849,83475.7405,83455.15,83501.44,83584,83370.33,1743490800000,3760
35.35911003000001,83473.3725,83508.72,83508.0,83620,83374.96,1743491700000,3062
41.12214962000001,83515.6431,83445.53,83523.78,83669,83390.9,1743492600000,2970
31.15433179,83504.5525,83558.9,83447.04,83631,83431.06,1743493500000,2936
60.58547679000001,83585.3781,83475.1,83682.78,83748,83422.52,1743494400000,3305
216.54128927,83868.4477,83682.78,83921.64,84094,83659.6,1743495300000,4783
88.62936759999998,84027.4593,83918.6,83980.82,84265,83910.57,1743496200000,4015
124.95499035999998,84118.1658,83982.8,84108.91,84267,83955.0,1743497100000,3927
111.65252100000002,84227.8929,84110.3,84150.54,84361,84098.99,1743498000000,4521
56.317138969999995,84229.648,84147.62,84228.61,84329,84120.18,1743498900000,3179
67.62257234,84288.7729,84228.6,84321.73,84390,84185.18,1743499800000,3415
40.064857110000005,84343.4448,84321.73,84350.01,84421,84239.06,1743500700000,2994
144.94567296999998,84270.4925,84350.01,84288.52,84390,84150.03,1743501600000,5428
84.36553288000002,84441.0279,84289.08,84423.69,84507,84276.0,1743502500000,4114
89.33551803,84283.3754,84423.75,84250.34,84447,84171.62,1743503400000,4014
58.70609601000001,84261.3263,84246.61,84185.04,84351,84153.22,1743504300000,3302
150.33665144000003,84076.5711,84176.2,84099.95,84211,83944.87,1743505200000,4099
50.7439883,84073.6342,84107.37,84038.06,84176,83990.65,1743506100000,3495
83.65955474999998,83921.4444,84048.87,83965.4,84050,83819.89,1743507000000,4367
52.762343539999996,83984.5404,83976.62,83917.98,84046,83870.51,1743507900000,3560
60.07157725,84022.3396,83907.1,84090.6,84128,83903.58,1743508800000,4380
48.7641478,84021.2094,84090.6,84064.66,84149,83912.96,1743509700000,4606
53.94751651999999,83867.8247,84064.65,83741.82,84064,83651.35,1743510600000,4921
57.98967614,83676.3645,83741.83,83600.09,83805,83589.0,1743511500000,4525
70.43456040000001,83681.9783,83651.2,83757.56,83815,83574.34,1743512400000,5139
72.09403206,83682.988,83757.55,83656.36,83808,83593.77,1743513300000,5898
202.67456915999998,83613.5384,83656.37,83719.0,83827,83379.78,1743514200000,9765
181.84848738000002,83692.3994,83719.01,83681.0,83888,83517.0,1743515100000,8212
520.3934222400001,83093.4783,83614.03,82775.19,83731,82609.61,1743516000000,15970
522.6464518800001,82749.7174,82775.2,82951.13,83049,82496.92,1743516900000,17019
267.58295284,83244.3105,82939.52,83498.45,83663,82915.34,1743517800000,8931
561.10683505,84006.3347,83495.6,84248.0,84351,83423.67,1743518700000,11440
520.55524408,84469.0251,84200.1,84906.78,84930,84163.28,1743519600000,11637
680.8464972699999,84950.0841,84907.0,84746.5,85223,84696.07,1743520500000,14240
394.34769441,85040.5011,84745.94,85332.27,85336,84739.04,1743521400000,10867
440.17287004,85342.2719,85332.27,85288.24,85519,85203.01,1743522300000,10434
193.84271293999998,85300.6832,85288.24,85178.13,85500,85101.04,1743523200000,7204
169.30077454,85043.3655,85181.55,84916.74,85267,84814.63,1743524100000,6111
281.22162698,85006.6136,84928.08,84940.04,85135,84808.68,1743525000000,9020
246.06587406000003,85155.1518,84955.0,85112.42,85291,84885.84,1743525900000,8391
171.30889964,85044.0514,85112.41,85144.52,85158,84893.02,1743526800000,6534
117.01017508000001,85037.9625,85144.53,85127.5,85160,84905.7,1743527700000,5936
167.10109749000003,85186.6391,85127.5,85107.76,85266,85084.17,1743528600000,6245
138.82845380000003,85201.6169,85107.76,85109.38,85342,85086.52,1743529500000,6165
164.13117407,84902.523,85148.5,84855.0,85148,84744.23,1743530400000,6534
100.93142778999999,84802.6121,84855.46,84898.02,84955,84705.88,1743531300000,5767
123.87152064000001,85044.623,84898.01,85130.24,85188,84844.27,1743532200000,5971
111.6107369,85046.3529,85130.24,85123.34,85163,84914.08,1743533100000,4877
83.24781956,85084.9677,85119.8,85124.98,85175,84991.8,1743534000000,5374
130.64235256999999,85061.4656,85124.98,84920.73,85175,84917.82,1743534900000,5261
149.73376932999997,84967.5762,84920.73,84997.88,85066,84850.47,1743535800000,5828
163.30596427,84994.3613,84997.89,84955.25,85118,84794.57,1743536700000,7015
66.92220911,84900.6732,84958.27,84982.05,85020,84765.14,1743537600000,4476
83.45641336999999,85035.3271,84982.06,84969.56,85116,84938.97,1743538500000,4060
75.97848169999999,84995.2992,84969.56,85026.78,85060,84848.75,1743539400000,4429
163.16019947000004,85183.3743,85026.78,85273.0,85351,85004.2,1743540300000,5462
138.49991179,85247.4641,85266.1,85289.96,85341,85121.0,1743541200000,4310
41.167735210000004,85223.4075,85289.96,85175.77,85319,85175.77,1743542100000,3923
71.19028555,85323.4384,85176.13,85362.2,85487,85125.62,1743543000000,4603
37.54463887,85274.5012,85356.91,85200.12,85378,85176.19,1743543900000,4033
93.7012313,85325.529,85243.5,85374.1,85477,85140.55,1743544800000,5002
88.28577685,85283.0028,85372.97,85222.31,85395,85212.09,1743545700000,4508
63.20439828999999,85240.2948,85239.1,85210.25,85325,85168.49,1743546600000,4429
57.02348639,85235.1376,85210.24,85104.6,85336,85085.0,1743547500000,4390
46.01561805,85041.7763,85104.7,85073.39,85137,84976.37,1743548400000,3912
56.275667559999995,85207.4067,85073.38,85347.09,85354,85025.0,1743549300000,4017
123.06640629,85347.4883,85347.09,85261.24,85566,85206.18,1743550200000,5115
36.12894952,85199.0914,85261.24,85170.37,85261,85137.79,1743551100000,3584
42.865395910000004,85156.7385,85166.92,85103.9,85271,85095.11,1743552000000,3935
73.91111257999998,85142.5155,85102.79,85074.3,85250,85048.0,1743552900000,4800
97.37220368,85098.1164,85074.3,85037.49,85142,85018.28,1743553800000,4415
83.34201999999999,85025.0453,85037.5,84960.02,85122,84919.46,1743554700000,4183
86.42427293,84931.2069,84961.52,84896.84,85097,84847.0,1743555600000,4905
50.72511458,84936.7881,84896.84,84928.44,85035,84865.54,1743556500000,3730
54.239490520000004,85093.9359,84932.72,85174.25,85218,84909.02,1743557400000,3715
28.152660739999995,85110.2876,85176.1,85158.35,85192,85025.46,1743558300000,3351
104.64692753,84904.4703,85157.0,84753.0,85176,84649.4,1743559200000,4924
71.34602396000001,84769.2201,84753.0,84804.51,84921,84659.55,1743560100000,3977
58.01377425,84752.2857,84804.5,84668.51,84894,84638.0,1743561000000,3899
42.65155473,84735.4146,84665.97,84735.0,84865,84656.9,1743561900000,3304
69.66710229999998,84831.3519,84729.3,84853.1,84907,84702.89,1743562800000,3744
74.60301515999998,84755.3667,84853.1,84715.38,84900,84656.0,1743563700000,3969
63.87152141,84618.6654,84714.7,84610.15,84795,84500.0,1743564600000,3703
47.23021229,84598.5476,84610.15,84548.3,84646,84528.0,1743565500000,3643
41.56983563,84621.6401,84550.2,84700.18,84711,84481.0,1743566400000,3162
41.76656456999999,84668.0013,84700.17,84626.53,84731,84569.0,1743567300000,2998
67.26451596000001,84512.3086,84664.1,84479.37,84664,84444.0,1743568200000,3060
40.54045329,84535.2997,84479.37,84610.18,84633,84427.0,1743569100000,2460
65.58881568,84426.2014,84603.3,84370.3,84610,84370.0,1743570000000,3171
77.76658081,84235.0281,84370.29,84241.93,84385,84094.34,1743570900000,3351
42.33876354999998,84269.4158,84222.0,84195.52,84351,84161.0,1743571800000,2808
32.58506813,84176.8502,84204.1,84106.72,84238,84106.71,1743572700000,2632
187.74151874,84066.9997,84141.1,83999.17,84167,83911.01,1743573600000,4866
73.23798718999998,84035.7106,83999.18,84101.9,84176,83940.86,1743574500000,2885
45.70687266,84208.6345,84134.24,84307.64,84359,84048.0,1743575400000,2718
19.729649130000002,84200.5439,84307.64,84126.77,84307,84114.23,1743576300000,2046
19.95986123,84114.7421,84127.1,84034.03,84234,84011.0,1743577200000,1975
30.513924040000006,84143.4204,84034.03,84141.01,84250,84007.37,1743578100000,2244
107.68008966000001,84304.1998,84141.01,84241.41,84454,84088.0,1743579000000,4197
51.69473049999999,84332.1394,84241.41,84422.1,84467,84153.0,1743579900000,2626
94.62769855,84362.3004,84446.1,84340.01,84446,84299.0,1743580800000,2738
93.77240551,84421.2574,84340.01,84561.54,84600,84242.0,1743581700000,3026
193.81473692999998,84667.8763,84577.6,84684.23,85000,84520.0,1743582600000,3318
30.501074709999997,84672.2629,84684.16,84680.2,84756,84584.0,1743583500000,2258
174.20784264999998,85019.535,84680.2,85303.25,85447,84601.0,1743584400000,5861
86.08111457999999,85118.065,85303.24,85083.94,85352,84863.0,1743585300000,3614
44.44693214,85067.0919,85083.94,85009.84,85187,84948.0,1743586200000,2530
32.08503342,85022.5992,85009.84,85027.18,85103,84915.0,1743587100000,1984
57.78013539,85066.9862,85030.0,85121.01,85202,84882.0,1743588000000,3368
62.96394634,85181.2596,85121.0,85105.17,85300,85030.0,1743588900000,3259
30.42947716,85006.6718,85105.17,85026.67,85114,84881.0,1743589800000,2501
117.45672506,84807.2304,85001.1,84861.24,85069,84629.0,1743590700000,2867
29.765174260000002,84867.243,84834.1,84876.97,84973,84714.0,1743591600000,2590
26.01673117,84916.0831,84876.96,84815.33,84987,84785.0,1743592500000,2325
35.899525540000006,84762.096,84813.03,84726.3,84883,84593.0,1743593400000,2981
70.802068,84630.7433,84728.7,84566.01,84764,84498.0,1743594300000,2973
134.62082843000002,84597.5475,84538.6,84755.71,84778,84360.0,1743595200000,5329
94.72593757,84717.1405,84755.71,84573.67,84800,84528.0,1743596100000,5141
73.9634965,84798.2149,84576.31,84964.8,84998,84528.0,1743597000000,3970
67.64227419,84911.9068,84958.99,85050.13,85058,84722.0,1743597900000,3770
82.53851443000002,84943.7684,85050.13,84844.16,85058,84771.0,1743598800000,4491
94.42859118000001,84743.3737,84844.15,84621.24,84877,84510.0,1743599700000,4338
406.3105092400001,85171.9184,84621.25,85466.45,85500,84360.0,1743600600000,12368
554.6438583199999,85737.1553,85359.0,85250.13,86109,84974.0,1743601500000,15164
289.50610982,85593.655,85235.46,85436.62,85816,85122.0,1743602400000,10637
221.37158966,85630.2723,85434.35,85736.98,85768,85271.0,1743603300000,8457
170.79641138999997,85686.8939,85736.97,85576.97,85900,85393.0,1743604200000,7960
181.26173209000004,85754.6012,85576.97,85874.71,85972,85495.0,1743605100000,6878
494.25799227999994,86177.5705,85874.74,86203.93,86475,85753.0,1743606000000,11936
591.4864506600001,86465.2423,86203.92,86559.41,86635,86155.0,1743606900000,11807
1036.306433,87112.9584,86559.47,87208.31,87397,86497.0,1743607800000,23902
558.2703057599999,86952.9828,87214.54,86792.01,87329,86604.0,1743608700000,18750
190.16391276999997,86763.5063,86713.5,86902.27,86954,86567.0,1743609600000,8425
116.18268763000002,86956.1119,86902.27,87025.18,87054,86797.0,1743610500000,6544
132.72045106,87002.8861,87000.0,87038.67,87130,86796.0,1743611400000,6656
248.92338533999998,87112.9376,87038.69,87063.7,87240,86919.0,1743612300000,7613
247.48637363999998,87117.8773,87041.0,87223.25,87337,86960.65,1743613200000,10883
223.69429121000002,87008.3919,87229.29,86759.98,87265,86735.0,1743614100000,8040
181.12489410999999,86581.4653,86759.99,86590.77,86846,86425.01,1743615000000,7864
141.84004241999997,86533.8753,86589.17,86600.0,86750,86350.53,1743615900000,6005
178.09760017,86532.5912,86600.0,86526.22,86744,86389.0,1743616800000,6766
231.05725093,86433.6061,86526.21,86237.13,86600,86232.0,1743617700000,6704
207.93640419000005,86428.744,86238.5,86582.26,86675,86211.37,1743618600000,6297
132.22898612,86491.7673,86582.27,86283.08,86633,86276.0,1743619500000,5047
121.39032875000001,86330.1714,86283.08,86271.81,86466,86244.39,1743620400000,5629
200.1343116,86263.4138,86271.81,86350.0,86401,86181.5,1743621300000,5696
193.91359619,86387.5458,86350.0,86421.76,86483,86221.52,1743622200000,6120
346.82838138,86682.3214,86421.76,86925.98,87035,86339.03,1743623100000,8843
826.87128552,87177.8073,86922.03,87776.92,88137,86016.0,1743624000000,21858
1640.50312603,86937.2905,87754.0,85855.72,89042,85410.0,1743624900000,45562
1038.4476101799999,85628.0347,85874.17,85357.47,86453,85202.17,1743625800000,26452
648.9436029299999,85575.7683,85366.02,85635.62,85838,85206.06,1743626700000,18486
507.51500832,84913.2171,85664.0,84521.1,85737,84469.0,1743627600000,13284
941.39325199,84405.8254,84532.97,84614.36,84912,83057.97,1743628500000,14954
130.34409296,84534.0047,84614.36,84613.92,84688,84370.53,1743629400000,6693
487.73047183000006,84637.5662,84614.0,84849.5,84891,84411.15,1743630300000,7821
927.28243025,84186.1646,84841.8,83661.12,84841,83543.98,1743631200000,18409
426.65449829999994,83444.3337,83661.12,83443.22,83661,83265.0,1743632100000,16127
379.39195225000003,83083.5431,83474.5,82689.82,83474,82677.31,1743633000000,15353
250.28276887,82880.9474,82703.6,82794.77,83106,82640.96,1743633900000,11814
546.9563161699999,82467.0524,82806.0,82677.49,82806,82141.5,1743634800000,18140
421.1243989900001,82583.9702,82661.98,82795.2,82800,82412.5,1743635700000,15018
286.66497305999997,82642.8142,82800.0,82624.74,82800,82475.5,1743636600000,12321
169.51854759999998,82516.045,82626.07,82490.08,82652,82450.0,1743637500000,8210
330.89940289,82491.2384,82517.0,82741.69,82786,82140.41,1743638400000,12236
230.49537415999998,83026.171,82742.49,82957.41,83254,82675.11,1743639300000,10056
130.48761595000002,83230.1525,82956.17,83202.12,83396,82947.1,1743640200000,8021
118.62657558000001,83093.8264,83202.12,83208.78,83243,82926.06,1743641100000,6352
113.68764456000001,83248.6579,83208.78,83347.62,83393,83083.35,1743642000000,6424
125.18019581000001,83333.9311,83347.63,83475.0,83497,83151.07,1743642900000,7003
143.31226424000002,83501.1011,83471.01,83704.05,83704,83341.3,1743643800000,7570
123.00205037,83825.6257,83699.99,83755.74,83953,83670.04,1743644700000,6210
158.03523815999998,83692.6606,83800.0,83713.23,83888,83523.3,1743645600000,6818
91.64595664000001,83469.6188,83709.04,83420.4,83739,83291.12,1743646500000,5924
78.69317480000001,83442.2264,83405.11,83491.73,83647,83257.88,1743647400000,5408
35.66390953,83665.0528,83491.73,83763.39,83771,83482.62,1743648300000,4001
43.47207376000001,83570.1803,83761.7,83479.77,83770,83458.49,1743649200000,4251
57.361160809999994,83564.4669,83479.75,83598.51,83693,83459.29,1743650100000,4486
73.48510013999999,83494.0033,83598.52,83402.26,83680,83341.98,1743651000000,4587
47.04325096,83476.1198,83401.32,83480.9,83582,83391.21,1743651900000,4346
54.46866889000001,83459.4891,83480.9,83421.85,83553,83349.57,1743652800000,4419
53.44462318,83351.4136,83424.8,83313.65,83475,83268.64,1743653700000,3655
60.83479823,83532.6372,83314.44,83684.8,83746,83269.17,1743654600000,4068
46.587369779999996,83598.8759,83696.37,83550.04,83710,83527.39,1743655500000,3234
45.20270288999999,83618.7906,83556.1,83603.27,83707,83536.85,1743656400000,3522
34.51025308999999,83554.868,83603.27,83497.32,83646,83442.98,1743657300000,3439
39.80171127,83407.2361,83500.1,83493.62,83520,83333.0,1743658200000,3038
21.7855074,83410.5599,83438.9,83330.01,83524,83323.0,1743659100000,2735
37.38838346,83346.8228,83330.01,83330.03,83415,83283.7,1743660000000,3064
62.60199017000001,83277.3251,83330.02,83295.37,83370,83200.0,1743660900000,3403
58.94256621000001,83206.0498,83295.36,83238.9,83313,83144.33,1743661800000,3357
45.391343209999995,83174.8697,83238.89,83051.97,83378,83001.0,1743662700000,3309
72.47859322000001,83123.0217,83055.1,83090.1,83300,83022.95,1743663600000,3903
76.406841,83081.5961,83090.09,83384.15,83406,82975.4,1743664500000,4177
32.56133914,83313.5345,83384.15,83326.36,83412,83175.49,1743665400000,3072
28.60481799,83356.1848,83304.0,83468.9,83488,83222.0,1743666300000,2591
86.29300645,83592.2587,83463.0,83632.49,83657,83439.58,1743667200000,3740
54.13099771999998,83652.521,83632.48,83646.58,83718,83562.68,1743668100000,3280
160.06112757999998,83659.6708,83637.0,83683.05,83774,83528.82,1743669000000,3909
97.91045631,83599.425,83683.06,83682.77,83724,83543.55,1743669900000,3479
51.33668181,83674.6551,83708.8,83591.01,83760,83581.65,1743670800000,3296
29.438754709999998,83638.5623,83591.02,83620.98,83682,83589.45,1743671700000,2050
45.88093409,83711.2779,83620.98,83737.47,83750,83617.0,1743672600000,2277
67.25352798000002,83583.9966,83736.14,83469.3,83736,83438.79,1743673500000,3185
186.69610305999998,83625.1061,83473.7,83616.29,83740,83430.62,1743674400000,4049
102.49734629,83468.2671,83623.98,83293.19,83718,83263.55,1743675300000,4286
98.85408849999999,83298.585,83293.19,83357.77,83403,83137.34,1743676200000,4497
29.67674068,83319.4385,83356.47,83215.48,83478,83199.73,1743677100000,3410
126.91715067999999,83169.6431,83268.1,83322.54,83335,83034.6,1743678000000,5570
48.555829079999995,83182.9196,83322.55,83134.23,83326,83062.0,1743678900000,3780
85.01945188000002,83135.6844,83157.3,83167.65,83229,83031.0,1743679800000,4255
57.16375762999999,83109.462,83174.81,83076.96,83210,83020.1,1743680700000,3575
162.67149633000002,82944.9362,83076.95,82983.67,83131,82836.78,1743681600000,6181
126.24420955999999,82704.4562,82983.66,82540.56,83000,82503.4,1743682500000,6153
192.68239028999994,82448.6619,82540.56,82181.3,82681,82159.35,1743683400000,8874
531.38897263,82019.0763,82161.68,81928.33,82250,81827.11,1743684300000,18056
356.76799052000007,81894.7854,81935.0,81895.12,82041,81770.1,1743685200000,11607
278.69682998999997,81893.4692,81895.0,81973.37,82021,81755.0,1743686100000,11581
601.91942181,82346.7567,81973.36,82350.76,82756,81895.81,1743687000000,19575
316.17878694,82290.5687,82346.32,82350.1,82558,82096.67,1743687900000,15655
535.2302221000001,82000.3824,82331.09,81757.94,82386,81619.01,1743688800000,18403
388.99046399,81957.0887,81757.27,82269.35,82289,81741.8,1743689700000,16526
348.86064745999994,82001.8566,82269.34,81782.99,82387,81698.0,1743690600000,13280
629.738018,81471.0505,81784.9,81487.83,81800,81250.0,1743691500000,18472
648.5793860899998,81484.0658,81484.53,81605.64,81778,81177.7,1743692400000,18102
396.6261281,81705.0957,81605.63,81674.15,81911,81524.2,1743693300000,12373
247.95364840999997,81857.573,81674.15,81972.47,82033,81666.61,1743694200000,9674
254.88384777,81886.381,81972.46,82017.27,82091,81660.21,1743695100000,9255
225.44526344,82194.6128,82014.97,82101.5,82439,81959.29,1743696000000,8568
161.25114334,82175.1168,82129.31,82258.57,82346,82013.27,1743696900000,8218
250.65526165999998,81992.6475,82255.11,81979.72,82350,81875.3,1743697800000,9310
219.46198446999998,81840.2997,81987.78,81797.93,82049,81684.25,1743698700000,9293
179.08771859999996,81841.3759,81799.64,81813.3,82049,81725.0,1743699600000,8979
165.7729977,81765.3317,81811.68,81744.3,81936,81632.3,1743700500000,8543
152.19921462999997,81799.8106,81744.69,82061.61,82127,81591.3,1743701400000,7868
137.19530634,81940.3697,82061.6,81799.94,82157,81771.64,1743702300000,7785
143.80090491,81770.9073,81817.3,81668.12,81973,81638.23,1743703200000,8130
208.41908088000002,81610.8612,81668.12,81648.47,81787,81495.38,1743704100000,10168
320.1832509999999,81732.6367,81648.57,82112.38,82173,81560.29,1743705000000,11694
140.72776555,82072.1635,82112.37,82064.55,82341,81939.07,1743705900000,7378
114.68187788,82155.2518,82060.4,82154.04,82371,82030.6,1743706800000,6918
141.70720807,81951.1079,82146.78,81927.1,82221,81772.37,1743707700000,8218
203.10751580999997,82066.4228,81891.3,82215.89,82275,81825.0,1743708600000,7966
266.25270321,82006.8321,82226.54,81949.14,82290,81862.78,1743709500000,10713
65.56859851,81960.3715,81955.72,81986.93,82121,81827.39,1743710400000,5559
52.68666563000001,81924.9508,81986.93,81773.99,82049,81768.66,1743711300000,5035
120.79269731000001,81848.1766,81777.98,82060.59,82111,81750.07,1743712200000,5809
63.24329439,82246.16,82060.59,82325.91,82409,82050.4,1743713100000,5055
106.29010482999999,82443.6429,82300.8,82476.0,82554,82285.1,1743714000000,5558
128.13428435,82516.3617,82476.0,82513.49,82590,82400.01,1743714900000,4200
43.44459544,82457.6678,82511.97,82507.95,82573,82365.88,1743715800000,3841
101.02744494000001,82622.3827,82506.23,82688.87,82859,82407.15,1743716700000,4605
118.04569754,82698.2781,82688.87,82747.46,82898,82562.0,1743717600000,5772
118.31291671,82783.2369,82747.46,82740.35,82876,82677.0,1743718500000,5204
52.46606642000001,82719.6012,82741.7,82660.12,82859,82601.35,1743719400000,4175
35.60377394,82694.4528,82660.11,82706.04,82806,82608.81,1743720300000,4010
53.762614830000004,82571.2919,82759.0,82560.1,82815,82465.07,1743721200000,4446
65.69468730999999,82618.7857,82560.25,82783.5,82866,82494.35,1743722100000,4409
72.29491277,82877.5805,82783.5,82857.28,83001,82770.0,1743723000000,4689
152.89606399000002,83091.7497,82857.28,83174.33,83338,82834.63,1743723900000,6330
189.86953452999998,83099.4102,83133.0,83120.0,83312,82991.74,1743724800000,7340
72.40708350000001,83207.4063,83032.65,83306.28,83385,82995.38,1743725700000,5076
83.73862504000002,83313.8965,83306.27,83278.57,83433,83202.2,1743726600000,4601
52.48237334999999,83083.9951,83278.56,83010.92,83324,82956.75,1743727500000,4228
55.439021790000005,83103.3422,83025.0,83201.93,83315,83000.0,1743728400000,4469
90.97800681000001,83186.6282,83201.92,83080.86,83369,82975.95,1743729300000,5328
64.63768479,82953.0768,83080.85,82898.8,83166,82852.73,1743730200000,4157
102.45343202,82793.0458,82901.2,82668.97,83024,82543.4,1743731100000,5080
67.56856272,82926.0906,82645.6,83029.32,83138,82645.6,1743732000000,4334
41.4639656,83046.9878,83029.32,82905.58,83201,82896.4,1743732900000,3877
30.518472219999996,82900.2484,82905.58,82894.58,82989,82804.99,1743733800000,3330
44.272377840000004,82873.6857,82895.62,82881.92,83039,82735.16,1743734700000,3730
34.47667603,82849.6476,82878.8,82850.0,83032,82745.11,1743735600000,3729
29.801895059999996,82948.2319,82850.0,82942.73,83084,82760.59,1743736500000,3458
74.14472152000002,82757.1266,82942.73,82765.56,83012,82659.83,1743737400000,4253
30.89315084,82783.6408,82765.57,82793.31,82894,82688.57,1743738300000,3269
44.96425277,82717.595,82788.2,82766.0,82885,82630.93,1743739200000,3376
47.59524159,82664.2942,82669.39,82772.72,82866,82574.38,1743740100000,3260
75.27741046,82816.5108,82772.86,82739.94,82964,82713.19,1743741000000,3462
32.17392314,82741.0648,82739.95,82694.79,82872,82661.56,1743741900000,2570
46.74740585,82748.9175,82692.1,82801.5,82902,82609.27,1743742800000,3247
65.72004415,82929.3127,82797.15,83069.13,83105,82797.14,1743743700000,3102
49.13130511,83113.6493,83051.6,83194.0,83219,83016.84,1743744600000,3013
62.82299183999999,83136.3594,83151.1,83169.87,83195,83086.0,1743745500000,3859
59.22732366,83182.9414,83174.9,83194.91,83228,83124.0,1743746400000,3976
21.398109679999997,83194.5677,83194.92,83228.99,83246,83100.0,1743747300000,2611
56.77534191000001,83118.8184,83238.0,83044.0,83238,83032.0,1743748200000,3748
24.982939520000006,83047.2501,83042.45,83025.0,83103,83008.36,1743749100000,2498
114.2413889,83314.08,83070.1,83499.83,83550,83016.38,1743750000000,5503
77.48043542,83540.2786,83500.72,83571.05,83680,83393.01,1743750900000,3837
86.11304943,83628.7788,83571.06,83705.48,83719,83461.49,1743751800000,3343
180.53601920000003,83916.4932,83705.48,83989.28,84000,83679.0,1743752700000,5011
183.84398736,84152.8244,83988.18,84244.76,84299,83941.0,1743753600000,6261
165.74875808000002,84474.3575,84222.1,84384.74,84598,84221.0,1743754500000,5942
152.50863026000002,84450.2828,84383.6,84527.24,84536,84339.0,1743755400000,4546
163.76393177,84521.9835,84527.24,84411.83,84644,84341.15,1743756300000,4599
114.6841594,84315.8129,84377.0,84387.27,84466,84117.51,1743757200000,4023
54.58518429,84437.5474,84365.0,84324.73,84522,84314.71,1743758100000,2897
93.41343929,84412.3948,84324.73,84521.0,84592,84243.31,1743759000000,3662
95.89540447,84586.84,84510.44,84571.01,84720,84444.09,1743759900000,3645
234.17617893999997,84065.2826,84571.01,83689.6,84695,83549.7,1743760800000,8691
415.50845217999995,83147.7853,83673.0,82919.61,83792,82764.33,1743761700000,14872
239.57394064,82990.4193,82899.1,82790.52,83210,82790.52,1743762600000,9500
260.35048079,82603.8843,82792.71,82566.73,82874,82395.61,1743763500000,10267
256.68782667,82390.4422,82546.0,82142.75,82765,82051.4,1743764400000,10077
208.80624387,81970.8873,82142.75,81755.6,82317,81656.27,1743765300000,9223
295.23183983,82005.8434,81755.6,81963.0,82281,81634.0,1743766200000,11488
203.38334219,82274.3555,81910.88,82656.0,82713,81891.83,1743767100000,8616
392.17536086999996,82355.5817,82656.36,82412.57,82656,82227.92,1743768000000,13830
410.02719364,82344.9969,82408.47,82466.85,82582,82178.91,1743768900000,11588
575.7347905,82728.1188,82466.85,82740.5,83243,82299.5,1743769800000,18429
221.04680607999998,82724.9934,82750.51,82855.89,82875,82490.7,1743770700000,8617
228.37647432999998,83050.5931,82800.0,82943.9,83298,82768.13,1743771600000,8121
268.38391514,82810.2746,82952.12,82562.12,83043,82549.96,1743772500000,8574
679.77850589,82373.9138,82575.27,82289.82,82969,82100.01,1743773400000,17755
504.66499199000003,82822.4374,82282.78,83311.0,83473,82165.89,1743774300000,15329
401.71615499,83013.9273,83314.1,82942.02,83496,82664.84,1743775200000,12952
592.4090927999999,82828.5889,82932.33,82632.2,83186,82611.99,1743776100000,14554
522.7618574500001,82433.6524,82614.95,82219.44,82823,82158.58,1743777000000,16093
637.03304366,82098.1377,82214.84,82529.9,82741,81800.01,1743777900000,18496
629.8615624299999,83102.1381,82517.82,83509.74,83579,82430.12,1743778800000,20935
459.52181585,83401.9561,83501.64,83177.81,83685,83064.02,1743779700000,17300
356.70230299,82976.0087,83178.87,82847.9,83518,82546.79,1743780600000,15081
238.47229192999995,83040.5716,82847.9,82826.61,83278,82666.76,1743781500000,12940
322.72725525,83194.3775,82832.41,83403.66,83554,82817.19,1743782400000,13677
239.7326702,82943.9933,83412.82,82930.06,83463,82681.21,1743783300000,10828
206.41466081,83173.7388,82927.74,83094.72,83342,82768.56,1743784200000,9838
181.34723806,83288.6099,83095.15,83348.69,83518,83000.34,1743785100000,9224
144.15481832999998,83374.2626,83341.0,83084.77,83584,83056.43,1743786000000,8266
339.48413532000006,83247.7624,83090.04,83436.04,83611,82895.99,1743786900000,9951
435.00644977999997,83938.9416,83432.17,84125.97,84410,83233.28,1743787800000,14026
334.39131728,84361.7428,84122.97,84439.62,84597,84060.99,1743788700000,11468
243.36971388,84227.5399,84390.4,83987.15,84584,83952.0,1743789600000,9963
221.57154344,83833.6379,83985.42,83932.0,84013,83697.02,1743790500000,8430
168.42227910999995,83926.4094,83923.4,83876.45,84057,83760.52,1743791400000,8380
170.33810992,84105.0642,83868.0,83954.71,84292,83800.01,1743792300000,8648
156.11483549,83963.0998,83954.72,84240.37,84279,83737.92,1743793200000,7856
267.36207582,84227.829,84240.24,84188.24,84410,84000.01,1743794100000,9443
174.75884699999997,84255.5881,84189.54,84228.38,84437,84086.56,1743795000000,8847
209.58299979000003,83975.8712,84228.37,83967.63,84324,83792.26,1743795900000,9182
167.35000827999997,83949.7771,83963.41,83828.26,84091,83735.15,1743796800000,6788
115.52843748000001,83669.0841,83828.25,83769.53,83857,83454.0,1743797700000,6155
104.58468742000001,83932.5127,83769.54,84005.59,84005,83744.0,1743798600000,5090
99.29500863,84120.5324,84005.58,84126.44,84260,83974.05,1743799500000,4634
82.39977916,84137.2044,84141.1,84154.71,84268,84001.6,1743800400000,4466
40.59226382000001,84111.2945,84154.62,84087.79,84222,84025.0,1743801300000,3597
73.79868694999999,84103.1297,84087.79,84349.17,84349,83906.63,1743802200000,4864
65.45571263000001,84292.8907,84295.0,84149.99,84425,84132.09,1743803100000,4210
48.72390087,84152.8181,84151.0,84116.64,84249,84089.36,1743804000000,4205
35.91912072,84129.4754,84116.63,84122.2,84212,84051.01,1743804900000,3269
41.102888820000004,84064.059,84110.0,84053.13,84147,84001.68,1743805800000,3008
43.71176195000001,84008.8272,84053.12,84027.96,84053,84000.0,1743806700000,2725
96.22018111,83923.9536,84027.96,83791.88,84077,83734.5,1743807600000,4040
59.79866259,83747.1826,83791.01,83685.63,83857,83641.94,1743808500000,4061
39.05549829,83687.8634,83665.0,83783.98,83789,83610.51,1743809400000,3602
19.71223095,83837.9186,83787.1,83860.16,83876,83771.8,1743810300000,3096
28.99219992,83732.6599,83859.78,83729.13,83862,83616.73,1743811200000,3125
45.96707384,83731.9615,83729.77,83728.01,83814,83657.4,1743812100000,3047
117.97320495000001,83556.0444,83728.01,83477.01,83728,83385.0,1743813000000,4425
56.477282669999994,83681.1796,83477.01,83760.75,83817,83474.16,1743813900000,3531
83.09923083,83941.2588,83760.75,83959.28,84050,83751.2,1743814800000,3859
78.93442568,84104.0012,83959.27,84158.47,84238,83959.27,1743815700000,3880
45.52231592,84141.4149,84158.46,84040.05,84217,84024.1,1743816600000,3112
37.19857014,83954.3049,84040.05,83963.0,84061,83887.94,1743817500000,2031
34.1607374,83945.6713,83955.5,83883.92,84068,83862.71,1743818400000,1472
27.54693528,83890.5025,83896.05,83813.4,83953,83799.44,1743819300000,1501
43.5491217,83912.1449,83813.4,84058.3,84058,83773.76,1743820200000,1857
52.309141460000006,83955.3132,84058.29,83945.56,84065,83890.16,1743821100000,8132
28.80567279,83843.0514,83934.0,83795.89,83954,83769.3,1743822000000,2565
44.305249010000004,83777.0483,83793.94,83731.0,83882,83691.28,1743822900000,2693
53.13419135,83719.7673,83730.99,83689.9,83796,83660.92,1743823800000,2796
37.77695509,83656.3553,83702.06,83597.43,83750,83595.59,1743824700000,2697
46.338468840000004,83669.9541,83628.1,83775.26,83790,83596.49,1743825600000,2443
36.6198891,83749.011,83775.26,83812.53,83812,83725.0,1743826500000,1854
17.62985384,83781.4376,83812.52,83725.0,83852,83725.0,1743827400000,1897
37.00625151999999,83664.2993,83725.01,83665.54,83766,83584.04,1743828300000,2061
20.93605525,83673.0309,83641.1,83702.23,83721,83607.9,1743829200000,2240
21.57711651,83783.3359,83702.22,83839.22,83842,83677.9,1743830100000,1939
18.15582038,83779.2713,83799.0,83700.26,83844,83700.26,1743831000000,1578
11.444287940000002,83689.7559,83727.1,83661.81,83734,83620.1,1743831900000,1329
16.10014209,83658.183,83665.6,83658.33,83704,83629.4,1743832800000,1385
33.65377428,83606.1122,83658.32,83592.49,83707,83549.6,1743833700000,1808
91.54360082,83417.8349,83592.5,83361.84,83634,83322.4,1743834600000,2687
35.56621983000001,83374.4566,83363.18,83404.0,83481,83286.76,1743835500000,2078
32.23896677,83400.0618,83404.0,83356.65,83501,83330.25,1743836400000,2046
18.448770569999997,83400.9928,83408.0,83461.15,83496,83339.76,1743837300000,1459
19.581662149999996,83408.6471,83461.16,83432.84,83492,83345.61,1743838200000,1472
17.74187819,83473.0417,83411.9,83498.36,83540,83411.9,1743839100000,1507
24.410176760000002,83564.1622,83472.5,83505.75,83628,83472.5,1743840000000,1839
22.99860601,83439.7645,83505.76,83416.63,83616,83338.01,1743840900000,1979
14.14144605,83479.788,83367.1,83532.25,83561,83367.0,1743841800000,1744
13.753023440000002,83515.565,83532.25,83491.72,83573,83469.0,1743842700000,1561
33.64860266,83606.8553,83488.9,83719.3,83732,83482.92,1743843600000,1811
41.55349627999999,83689.3904,83719.3,83699.09,83742,83629.88,1743844500000,1637
44.45421113999999,83662.7987,83699.08,83698.4,83760,83636.99,1743845400000,1546
25.303718900000003,83763.0087,83755.03,83810.41,83831,83698.3,1743846300000,1550
16.919651630000004,83787.7159,83772.1,83782.92,83876,83718.0,1743847200000,1642
11.95444529,83718.3156,83782.91,83710.53,83798,83654.34,1743848100000,1558
18.729367860000004,83670.3342,83710.41,83597.34,83740,83591.29,1743849000000,1496
15.54193996,83607.7224,83597.34,83619.37,83666,83550.0,1743849900000,1648
125.87793836,83646.712,83613.1,83551.5,83682,83524.72,1743850800000,2372
19.417286949999998,83619.6393,83555.41,83638.36,83701,83555.41,1743851700000,1557
23.600213760000006,83513.5707,83638.22,83466.16,83707,83431.18,1743852600000,2108
30.507524360000005,83451.507,83471.61,83440.1,83500,83404.17,1743853500000,1958
20.57446479,83451.2531,83440.1,83534.0,83539,83378.62,1743854400000,2133
35.00538065,83444.4696,83487.95,83400.0,83564,83389.51,1743855300000,2199
61.49491766,83310.447,83400.0,83197.67,83472,83178.69,1743856200000,3246
49.79265355,83189.6639,83238.0,83253.9,83306,83102.0,1743857100000,2837
27.19307277,83213.1061,83253.9,83112.05,83343,83108.89,1743858000000,2735
140.97809049,82873.5003,83112.06,82800.0,83167,82662.65,1743858900000,5872
91.2130053,82706.1239,82791.1,82628.34,82909,82586.21,1743859800000,4243
88.96510524,82578.6865,82625.2,82732.9,82790,82500.0,1743860700000,4318
64.38340000999999,82772.4277,82692.1,82723.76,82939,82682.5,1743861600000,3466
44.652088930000005,82773.2867,82723.76,82837.9,82932,82640.61,1743862500000,3005
30.75961057,82858.4666,82837.9,82886.26,83005,82748.56,1743863400000,3158
97.36956406,82950.0469,82892.9,82887.08,83028,82863.78,1743864300000,3483
51.7509398,82774.218,82900.1,82691.78,82936,82661.1,1743865200000,3207
57.64425114,82681.6262,82691.78,82622.14,82831,82583.19,1743866100000,3338
197.05250143,82594.4163,82593.4,82370.07,82736,82347.61,1743867000000,5048
63.09443318000001,82498.9096,82367.99,82587.5,82659,82346.61,1743867900000,3736
36.220455830000006,82667.2107,82589.69,82691.17,82770,82574.0,1743868800000,3119
36.38959082,82646.2592,82691.17,82627.53,82827,82565.8,1743869700000,3224
25.46532797,82737.6018,82627.54,82773.96,82861,82627.53,1743870600000,3052
32.94450469,82712.0887,82773.96,82716.85,82862,82624.29,1743871500000,2994
26.24124775,82723.2152,82719.8,82730.27,82856,82644.17,1743872400000,2897
26.092206990000005,82812.1835,82729.72,82873.03,82945,82716.7,1743873300000,2837
35.207679420000005,82881.2064,82873.03,82897.33,83009,82823.01,1743874200000,2985
26.345596880000006,82876.6519,82897.33,82840.0,82998,82810.77,1743875100000,2963
42.83029975,82957.1987,82840.0,83030.53,83100,82818.6,1743876000000,3156
39.616948550000004,83004.0203,83026.84,82949.15,83145,82896.16,1743876900000,3132
49.27181272,82939.8431,82949.16,82953.5,83070,82879.77,1743877800000,3169
55.27711832999999,83004.7822,82956.46,83005.23,83153,82939.72,1743878700000,3011
27.716273130000005,83058.1139,83039.6,83022.65,83184,83000.0,1743879600000,2827
15.671338730000002,83037.3932,83022.65,83031.64,83148,82990.27,1743880500000,2407
31.515274979999997,82950.6307,83031.64,82869.57,83134,82836.59,1743881400000,2896
33.78783298,82801.943,82869.56,82827.42,82980,82737.25,1743882300000,2971
16.05418703,82912.0395,82825.8,82937.46,83046,82820.18,1743883200000,2665
27.110438230000003,82974.7057,82937.45,83018.72,83117,82920.0,1743884100000,2881
63.435722999999996,83011.1827,83016.5,83014.08,83169,82787.53,1743885000000,3553
28.561212939999994,82962.7028,83014.08,83049.51,83137,82856.3,1743885900000,3110
24.11764345,83044.2007,83032.4,83067.81,83185,82973.77,1743886800000,2985
36.96329424,83104.3413,83067.8,83178.23,83268,83000.0,1743887700000,3042
35.71537625999999,83082.6919,83178.23,82997.32,83262,82981.7,1743888600000,3229
22.83498597,82959.2448,82997.32,82883.47,83126,82866.0,1743889500000,3039
30.932951679999995,83011.846,82917.1,82993.68,83170,82883.47,1743890400000,3024
18.56402955,82996.6865,82993.67,82988.54,83111,82922.39,1743891300000,2668
20.436665579999996,83012.2231,82962.1,83029.39,83145,82943.49,1743892200000,2637
72.40161115000001,83097.5703,83029.39,83156.11,83263,83002.16,1743893100000,3200
28.994063900000004,83201.1386,83251.0,83188.86,83322,83091.5,1743894000000,3092
13.808448449999998,83194.9522,83188.85,83143.57,83299,83119.29,1743894900000,2457
31.20838345,83224.5639,83143.57,83273.62,83380,83105.05,1743895800000,3156
83.76521387000001,83445.9117,83273.62,83498.25,83719,83219.1,1743896700000,4584
33.32973405,83471.2179,83508.9,83435.1,83644,83381.49,1743897600000,3046
20.99315579,83515.2539,83436.79,83502.3,83619,83403.58,1743898500000,2668
34.42133108,83456.1539,83503.26,83484.72,83607,83386.22,1743899400000,2945
36.92819452,83487.5514,83484.72,83494.94,83613,83420.49,1743900300000,2504
37.175597409999995,83504.6569,83480.8,83502.66,83622,83448.26,1743901200000,2534
22.7707596,83594.7821,83502.65,83671.0,83716,83502.41,1743902100000,2689
46.76147147,83616.2897,83616.28,83450.02,83807,83450.0,1743903000000,3185
44.78125524,83420.124,83450.02,83400.94,83586,83376.24,1743903900000,2318
22.89376865,83419.454,83400.95,83360.09,83541,83329.24,1743904800000,2930
31.469368810000002,83389.0526,83360.1,83391.65,83501,83325.01,1743905700000,2706
16.26294075,83376.7872,83393.05,83331.2,83492,83327.92,1743906600000,2582
19.68931109,83304.7494,83340.9,83269.69,83437,83245.05,1743907500000,2554
16.065882569999996,83277.0016,83265.2,83325.31,83426,83210.51,1743908400000,2185
20.75185876,83325.5422,83325.09,83261.11,83460,83222.12,1743909300000,2113
44.40584072000001,83221.8008,83261.11,83232.6,83360,83131.54,1743910200000,2701
16.646048620000002,83288.3925,83232.59,83312.11,83395,83226.26,1743911100000,2034
23.84957955,83301.6375,83309.4,83267.9,83419,83188.87,1743912000000,2396
23.893825900000003,83320.4348,83301.39,83367.97,83485,83226.01,1743912900000,2218
19.461753409999996,83409.907,83366.79,83412.61,83510,83352.95,1743913800000,1964
10.775818639999999,83437.7637,83506.0,83470.46,83556,83383.51,1743914700000,1761
14.46404203,83484.382,83457.0,83440.0,83582,83420.29,1743915600000,1941
16.43126844,83470.6774,83440.3,83462.48,83579,83401.78,1743916500000,1884
20.488029169999997,83421.9471,83477.9,83345.64,83560,83299.1,1743917400000,1893
11.44267237,83423.4075,83299.2,83410.94,83535,83299.2,1743918300000,1807
15.711378699999997,83368.0889,83415.4,83376.21,83523,83312.42,1743919200000,1661
8.79507027,83405.9837,83376.21,83379.97,83479,83353.4,1743920100000,1388
23.68330015,83266.7712,83379.73,83178.22,83470,83094.3,1743921000000,2088
36.002651799999995,83159.9107,83186.0,83082.88,83277,83082.87,1743921900000,1702
30.701174709999997,83097.3547,83106.1,83149.55,83198,83006.86,1743922800000,1989
19.072773910000002,83101.9054,83148.82,83036.92,83187,83028.82,1743923700000,1847
39.842868790000004,83019.6889,83036.92,83052.39,83093,82973.68,1743924600000,2280
9.141125859999999,83049.23,83055.83,82990.65,83113,82982.85,1743925500000,1449
33.512231459999995,82916.9821,82992.2,82841.04,83017,82839.18,1743926400000,2288
48.58094021999999,82788.6653,82840.97,82748.69,82901,82678.31,1743927300000,2325
24.240995469999998,82794.9175,82701.7,82914.16,82942,82701.7,1743928200000,1896
18.18288678,82926.0433,82914.16,82995.72,83009,82882.96,1743929100000,1364
10.405607589999999,82959.9085,82960.3,82901.88,82997,82881.3,1743930000000,1528
9.73433068,83016.6996,82910.19,83079.96,83095,82894.0,1743930900000,1448
11.09839925,83051.5642,83079.96,83064.87,83134,82997.0,1743931800000,1507
9.950506579999997,83053.7775,83064.87,83031.59,83098,82995.52,1743932700000,1355
19.555059869999997,82883.1016,83023.5,82868.67,83039,82800.88,1743933600000,1751
33.80599896,82786.877,82868.66,82786.92,82916,82675.11,1743934500000,2068
16.037082249999997,82780.761,82786.91,82742.3,82821,82730.61,1743935400000,1626
44.06052568999999,82752.857,82744.68,82830.31,82830,82708.0,1743936300000,1525
33.0869391,82754.6974,82791.1,82714.02,82883,82691.5,1743937200000,1911
22.243989210000002,82670.7509,82711.33,82737.08,82748,82621.5,1743938100000,2209
24.449866399999998,82678.7288,82736.39,82716.0,82744,82611.13,1743939000000,2065
21.537892439999997,82731.4239,82724.41,82802.77,82819,82664.21,1743939900000,2069
22.89599837,82886.0756,82818.0,82809.62,82943,82759.12,1743940800000,2361
52.884781270000005,82793.0807,82813.38,82838.34,82873,82713.66,1743941700000,2302
27.16358339,82697.3624,82838.2,82720.49,82856,82598.04,1743942600000,2660
42.40542635,82675.899,82720.48,82659.0,82779,82615.65,1743943500000,2806
29.98455741,82689.2684,82658.99,82758.71,82798,82603.84,1743944400000,2662
121.2536789,82619.3975,82758.72,82503.1,82767,82500.0,1743945300000,3825
66.82976348999998,82506.5637,82502.97,82445.4,82609,82413.7,1743946200000,3667
118.09927072,82296.2479,82445.73,82272.9,82475,82199.0,1743947100000,5274
135.35869416999995,82328.2782,82300.0,82589.59,82648,82190.05,1743948000000,5088
57.441928510000004,82441.46,82589.58,82343.74,82599,82342.83,1743948900000,3344
52.281109310000005,82415.8205,82354.75,82528.82,82528,82334.69,1743949800000,3180
61.469078,82600.6555,82467.0,82639.36,82751,82458.0,1743950700000,3756
52.195739950000004,82569.2405,82628.2,82503.0,82795,82366.82,1743951600000,4031
42.47425781,82515.9968,82568.78,82427.32,82623,82405.0,1743952500000,3284
37.99646562,82528.5972,82427.32,82597.55,82631,82407.0,1743953400000,2986
41.95532871,82603.4322,82597.54,82518.56,82695,82502.9,1743954300000,3151
43.911279179999994,82466.7035,82518.56,82419.44,82557,82402.0,1743955200000,3287
50.64940962000001,82349.262,82419.43,82315.68,82474,82240.11,1743956100000,3694
129.85047153,82233.5171,82315.68,82115.1,82412,82072.04,1743957000000,4457
186.71966173,82034.5009,82113.6,81951.32,82195,81909.09,1743957900000,6257
221.72132840999998,81821.4513,81951.31,81657.14,81960,81650.0,1743958800000,7500
201.08284855999997,81677.6219,81654.8,81583.62,81881,81510.0,1743959700000,7711
456.24521881,81311.6659,81583.63,81050.0,81583,80888.0,1743960600000,12141
848.62643482,80903.5682,81072.73,80777.26,81476,80542.14,1743961500000,19146
594.6079672199999,80374.5255,80771.6,80311.0,80816,80101.01,1743962400000,16383
777.2552976500001,79954.9635,80245.81,79695.1,80405,79399.7,1743963300000,26229
715.09015123,79565.4363,79695.0,79142.04,80160,79100.0,1743964200000,22359
755.50545104,79010.0946,79124.61,79037.09,79369,78612.49,1743965100000,31146
420.72965877999997,79139.6706,79038.0,79353.64,79403,78766.91,1743966000000,19875
321.51871012,79504.729,79349.13,79452.83,79791,79110.35,1743966900000,17512
279.46028748,79588.5249,79447.65,79471.29,79809,79381.29,1743967800000,12711
220.10579988,79383.6976,79467.2,79588.11,79685,79067.13,1743968700000,11914
257.51052912,79644.9554,79602.3,79438.1,79870,79423.63,1743969600000,10880
150.80884264,79435.3632,79449.5,79334.32,79657,79290.0,1743970500000,8912
519.64031956,78919.3401,79334.33,79194.24,79594,78500.0,1743971400000,19213
195.34568937,78858.7114,79194.22,78820.0,79250,78669.51,1743972300000,13274
332.2057616,78958.1984,78820.0,79261.71,79394,78668.2,1743973200000,13319
276.29627498,79350.7297,79270.72,79105.42,79700,79008.64,1743974100000,11115
193.30517634000003,79141.8758,79105.39,79057.39,79393,78976.82,1743975000000,9966
185.30969038,79035.6776,79055.77,78896.16,79259,78823.81,1743975900000,8215
1156.65220146,78691.389,78903.1,78763.52,79141,78145.8,1743976800000,34870
508.25323977,78720.8081,78763.51,78996.3,79132,78416.01,1743977700000,17454
1205.7941519100004,78680.3868,78996.3,78262.18,79045,78080.64,1743978600000,19291
712.8204019399999,77995.5487,78276.3,77984.1,78494,77734.8,1743979500000,23897
734.2491457699999,77628.9081,77984.1,77676.05,78162,77211.04,1743980400000,26390
431.2437593899999,77301.3848,77676.05,77345.73,77818,77057.7,1743981300000,23919
452.28282356000005,77863.1965,77372.9,78248.3,78380,77278.26,1743982200000,19553
355.69052402,78361.1232,78261.49,78370.75,78718,78006.71,1743983100000,14298
342.30086333,77854.6265,78364.8,77384.15,78513,77344.34,1743984000000,16222
272.20271685999995,77818.0459,77384.14,78257.65,78329,77384.14,1743984900000,15164
212.88072065,77995.2067,78266.3,77897.25,78389,77784.38,1743985800000,12823
222.56539784999995,77898.4009,77889.17,78274.74,78372,77556.49,1743986700000,12589
386.6194763799999,78574.697,78274.46,78784.2,78910,78252.96,1743987600000,13109
338.56563122,79045.9367,78802.64,78986.29,79337,78633.78,1743988500000,12188
170.41459662999998,78838.9329,78986.3,78652.01,79129,78559.82,1743989400000,10696
201.12940474,78928.279,78661.64,79099.42,79214,78620.3,1743990300000,9233
121.08654130000001,79010.7037,79099.42,78998.11,79211,78848.51,1743991200000,7816
98.80564547,78803.301,78998.12,78605.22,79088,78533.01,1743992100000,9231
112.60295064,78572.7155,78601.33,78449.78,78843,78386.33,1743993000000,8592
145.89322299,78481.8587,78453.09,78388.64,78752,78328.28,1743993900000,7618
123.24338555999998,78228.0724,78390.2,78036.8,78487,78000.01,1743994800000,8644
119.35517597000002,78236.4768,78045.28,78294.38,78445,78000.01,1743995700000,8192
213.16728569000003,77785.5424,78288.18,77372.78,78344,77359.31,1743996600000,11820
125.42428552000001,77439.87,77372.77,77651.82,77701,77298.81,1743997500000,10562
208.72683502,77521.8484,77661.0,77353.72,77969,77111.01,1743998400000,11788
290.76290070000005,77196.4807,77361.91,77377.77,77664,76934.0,1743999300000,13648
368.08201537,76904.0972,77377.77,76756.57,77515,76604.74,1744000200000,14901
334.55876549,76791.7213,76756.58,76927.63,77048,76427.3,1744001100000,12434
263.45461749,76838.634,76927.62,77010.67,77256,76572.28,1744002000000,12306
222.96403455999996,77241.7923,77012.15,77141.52,77459,76843.47,1744002900000,10835
130.98409792,77056.7189,77166.1,76931.56,77342,76809.78,1744003800000,9273
183.54380962,76798.6592,76950.1,76871.1,77080,76688.01,1744004700000,9091
149.29322335,76934.3466,76890.16,76797.8,77266,76724.5,1744005600000,9655
895.4018775799999,76119.6823,76801.03,75738.09,76850,75544.4,1744006500000,27644
1066.00658931,75199.8519,75729.1,74989.75,75821,74915.0,1744007400000,29433
894.23430156,74878.3201,74943.0,74718.76,75375,74500.0,1744008300000,25851
429.5344853,74773.4292,74716.98,75000.0,75250,74409.1,1744009200000,18533
388.42205942000004,75068.84,75000.0,74982.12,75328,74913.81,1744010100000,14965
357.6860424900001,74936.7482,74983.48,75146.19,75401,74650.0,1744011000000,11960
179.52425314,75096.429,75143.51,75039.76,75309,74932.22,1744011900000,10000
241.92705952999998,75436.9364,75036.15,75456.52,75809,74997.67,1744012800000,13193
518.33290019,76196.6559,75450.01,76217.05,76415,75404.81,1744013700000,13133
168.53143020000002,76349.5506,76217.04,76588.0,76784,76000.0,1744014600000,9652
171.65655025,76450.0176,76588.02,76203.1,76749,76144.12,1744015500000,9016
243.34310294,76228.7836,76199.0,76041.39,76488,76041.39,1744016400000,9713
211.59029748000003,75977.0143,76053.0,76204.15,76305,75693.36,1744017300000,9614
141.56643032,76405.421,76194.82,76599.59,76703,76131.0,1744018200000,7600
163.15129693,76421.3084,76603.0,76233.57,76751,76150.0,1744019100000,7662
204.43385582,76530.2879,76229.64,76933.19,76974,76097.0,1744020000000,10395
354.9614338800001,77239.0602,76934.31,77192.3,77526,76901.31,1744020900000,11709
217.55102323000003,77248.0887,77183.8,77316.95,77497,77030.12,1744021800000,10037
174.84702936999997,77096.8009,77316.98,76948.34,77441,76762.9,1744022700000,8893
138.20612694,77155.0089,76949.86,77079.35,77366,76857.89,1744023600000,8383
174.96922945,77014.4384,77073.71,77043.7,77195,76850.07,1744024500000,9513
150.51341954999998,76706.2798,77042.26,76548.1,77086,76516.82,1744025400000,10111
140.67347962,76578.0145,76572.43,76649.67,76736,76387.8,1744026300000,9380
249.53247048000003,76574.0451,76647.99,76700.0,76876,76370.0,1744027200000,12414
286.87277613,76999.3515,76699.99,77374.42,77471,76576.8,1744028100000,14346
283.93281221,77199.2863,77374.45,76945.0,77643,76856.04,1744029000000,13866
335.5551250799999,77237.4382,76945.0,77287.88,77596,76687.12,1744029900000,16983
264.26995362,77161.5107,77285.1,77191.25,77342,76976.4,1744030800000,13799
343.90520908999997,76983.6396,77182.09,76825.0,77251,76763.72,1744031700000,12875
1065.23536582,76367.2008,76823.0,75972.07,77170,75696.25,1744032600000,34272
1399.51280025,77202.8604,75972.07,78310.71,78454,75713.63,1744033500000,37959
1821.24249644,78908.8116,78306.19,79539.86,80052,77858.74,1744034400000,48396
2443.56892798,79546.8612,79551.08,78055.34,81262,77784.38,1744035300000,68511
1280.87018615,78537.7795,78055.34,78638.75,79969,77854.96,1744036200000,43644
895.32002455,78943.089,78638.74,78991.23,79494,78370.5,1744037100000,31667
919.15801582,78659.1397,78989.3,77793.21,79350,77762.88,1744038000000,29388
890.3390209099999,78066.7075,77790.9,77980.04,78606,77500.0,1744038900000,30406
686.44368553,78560.448,77993.81,78924.3,79079,77990.44,1744039800000,24141
505.11596238,78675.3264,78923.21,78444.26,78971,78421.0,1744040700000,19528
456.59199422000006,78290.4417,78444.25,78238.96,78480,78017.99,1744041600000,16884
520.4657943,78047.366,78244.35,78301.8,78403,77597.51,1744042500000,18819
460.40241288000004,78261.1503,78293.23,77879.16,78594,77772.82,1744043400000,17111
289.62817755,77675.1312,77879.15,77391.99,77892,77266.58,1744044300000,15418
510.96626382999995,77928.8538,77395.1,78200.15,78383,77386.58,1744045200000,24295
299.28403001000004,78312.6627,78200.15,78529.63,78601,78019.42,1744046100000,17463
283.89719633000004,78565.8241,78529.63,78908.09,78929,78232.01,1744047000000,15879
416.62596592,78943.714,78885.1,79030.23,79172,78518.06,1744047900000,19317
299.32055868000003,78908.8386,79058.1,78790.46,79175,78657.0,1744048800000,17221
411.00328456000005,78986.0349,78790.46,78590.59,79336,78521.58,1744049700000,17327
243.92897933999998,78776.7671,78589.0,78828.49,79129,78458.96,1744050600000,15184
193.18177014000003,78571.9787,78830.93,78443.13,78955,78246.48,1744051500000,12786
261.37566812999995,78495.6732,78489.1,78298.84,78939,78179.43,1744052400000,14870
300.01224068,78402.9858,78287.43,78249.44,78676,78143.52,1744053300000,15234
256.73176496,78531.5939,78243.66,78085.79,78872,78056.75,1744054200000,15189
273.10730459,78154.202,78075.89,78071.42,78422,77966.0,1744055100000,15022
133.10500022000002,78335.3555,78076.93,78181.52,78539,78051.49,1744056000000,9524
132.41478177000002,78486.4288,78193.24,78650.0,78650,78193.24,1744056900000,7747
153.77763622999998,78891.914,78651.0,79053.9,79070,78624.0,1744057800000,7286
64.63517255000001,78943.934,79053.89,78921.07,79106,78766.8,1744058700000,6219
77.7492672,78836.0056,78924.3,79085.45,79093,78650.0,1744059600000,5929
102.90187685000001,79062.2729,79084.01,78930.47,79212,78787.86,1744060500000,6108
76.16727004,78910.5196,78930.46,78964.68,79040,78784.97,1744061400000,5080
175.94402772000004,79329.6899,78972.3,79200.09,79569,78971.25,1744062300000,6406
149.77620980999998,79398.7443,79181.2,79565.77,79681,79133.62,1744063200000,7001
97.65814062,79697.7137,79569.94,79776.84,79832,79560.17,1744064100000,6245
147.30149778,79742.8028,79763.7,79925.78,79959,79600.0,1744065000000,6132
155.76037430000002,80004.5133,79929.89,79934.94,80204,79767.02,1744065900000,7426
100.25987944999999,79892.3114,79934.93,79740.34,80090,79687.92,1744066800000,6874
86.65730156000001,79726.265,79740.34,79839.71,79897,79623.82,1744067700000,5890
124.95331633,79555.347,79838.95,79293.41,79894,79235.37,1744068600000,6963
100.16145093,79227.2647,79291.44,79140.01,79429,79060.0,1744069500000,6357
102.37740627,79315.6675,79130.1,79482.07,79538,79050.85,1744070400000,6099
116.11096938000001,79467.0436,79488.06,79397.0,79634,79325.0,1744071300000,7193
138.72790088,79218.9239,79325.01,79319.46,79515,79071.55,1744072200000,7545
76.38796441999999,79163.1404,79321.82,78999.43,79391,78971.0,1744073100000,6386
106.73638681000001,79005.6678,78995.1,79187.2,79322,78750.01,1744074000000,7697
164.71660611000001,79362.2471,79186.01,79681.68,79829,78990.6,1744074900000,7272
225.28260941,80210.7192,79692.1,80388.1,80598,79625.26,1744075800000,9123
206.65589459000003,80486.4021,80395.74,80577.13,80847,80168.9,1744076700000,8263
126.3841385,80623.7004,80569.4,80633.37,80901,80366.73,1744077600000,7119
86.64003036,80522.2256,80634.64,80428.96,80735,80417.64,1744078500000,5550
159.21233329999995,80277.2757,80428.96,80206.04,80514,80150.11,1744079400000,6012
110.46584054999998,80093.7116,80209.21,79907.63,80315,79867.46,1744080300000,5403
88.77362868,79952.3055,79920.1,79939.36,80150,79853.0,1744081200000,4834
77.43540995000001,79924.66,79939.37,80148.45,80210,79791.42,1744082100000,5740
95.88186536000002,80030.576,80148.44,79842.2,80246,79811.01,1744083000000,5218
50.200836540000005,79830.5931,79837.0,79892.73,80020,79727.79,1744083900000,4208
67.85390401000001,79950.5889,79864.7,80047.19,80139,79827.86,1744084800000,4028
92.36954666000003,80089.4277,80047.19,80226.22,80319,79939.24,1744085700000,4177
63.78611665,80234.9131,80200.0,80289.1,80460,80083.77,1744086600000,3866
66.87163317,80221.0797,80274.03,80280.84,80379,80087.88,1744087500000,3900
79.4501882,79927.9473,80283.7,79784.84,80378,79676.36,1744088400000,5164
83.64596193999999,79631.8192,79784.84,79576.47,79890,79500.03,1744089300000,5359
53.11554518,79674.2352,79576.47,79657.77,79886,79544.45,1744090200000,4324
49.086386479999994,79763.6278,79668.1,79841.14,79921,79626.61,1744091100000,3564
119.11054633999998,79615.6363,79860.1,79455.66,79915,79447.7,1744092000000,5790
67.82234600999999,79426.3154,79459.32,79373.06,79573,79335.2,1744092900000,4070
82.36382644,79382.2252,79373.06,79515.15,79602,79233.12,1744093800000,4319
74.76371825,79436.4107,79513.01,79433.75,79629,79354.63,1744094700000,3832
66.4278013,79368.3831,79449.6,79467.17,79608,79177.1,1744095600000,4713
75.8684724,79503.9998,79469.94,79537.07,79776,79348.12,1744096500000,4406
82.01376610999999,79428.15,79537.06,79529.0,79607,79342.57,1744097400000,5285
156.03964031,79393.0745,79437.59,79449.71,79616,79221.21,1744098300000,6496
115.95055624,79290.727,79449.7,79016.66,79573,79014.88,1744099200000,5961
163.26020229000005,79015.5587,79016.65,78919.27,79254,78910.12,1744100100000,4997
46.57098434,79081.8152,78958.6,79187.56,79259,78919.27,1744101000000,3804
42.37314324,79097.4092,79187.55,79136.23,79285,78956.14,1744101900000,3501
72.69823697,79096.8113,79129.9,79080.39,79262,78953.41,1744102800000,4409
94.76183814999999,78983.7026,79078.28,78850.49,79167,78834.59,1744103700000,4994
86.28776373999999,78971.8452,78900.0,79102.17,79184,78834.23,1744104600000,3934
49.58792178,79013.6542,79101.22,78878.07,79220,78858.89,1744105500000,4848
69.96137144,78921.245,78913.2,78874.38,79067,78795.56,1744106400000,4332
73.71348108000001,78916.4686,78874.39,78971.06,79067,78834.24,1744107300000,3802
128.623954,79040.5963,78957.0,79035.9,79172,78900.0,1744108200000,4680
48.579041190000005,78989.7867,79035.89,78980.02,79135,78905.06,1744109100000,3973
144.1199284,79096.2308,78980.02,79213.0,79281,78934.95,1744110000000,6151
97.14313721,79223.8433,79130.31,79334.41,79395,79016.28,1744110900000,5415
166.21936068000002,79566.0471,79328.77,79563.73,79808,79298.9,1744111800000,7108
147.84010109,79813.0931,79569.87,79956.21,80079,79569.87,1744112700000,6629
142.14479086,79974.2735,79968.1,79961.32,80127,79770.31,1744113600000,7595
76.2108286,79846.2923,79983.0,79848.32,80013,79746.64,1744114500000,6145
73.79051916,79704.35,79848.32,79664.63,79964,79542.01,1744115400000,6004
56.35690931,79737.1166,79664.63,79798.78,79875,79574.44,1744116300000,5244
311.68969996,80012.4885,79806.62,80022.08,80367,79733.86,1744117200000,11804
194.04381291,80097.4337,80022.09,80158.77,80269,79872.15,1744118100000,8053
402.36683762000007,79821.8289,80158.78,79750.95,80367,79333.41,1744119000000,17491
258.37451391,79807.4586,79750.95,79879.61,80014,79488.11,1744119900000,13108
296.21571984,79937.4617,79863.21,79945.43,80259,79707.26,1744120800000,13018
451.43215353999994,79618.2025,79945.42,79414.56,80164,79326.5,1744121700000,12448
281.35786623999996,79358.6718,79428.67,79098.85,79585,79077.85,1744122600000,12660
512.10678384,78831.5713,79110.2,78446.82,79249,78368.3,1744123500000,13864
405.67410126999994,78470.0529,78429.0,78302.12,78855,78151.32,1744124400000,12840
241.62167201999998,78311.17,78309.97,78164.02,78579,78128.72,1744125300000,10479
252.51103317,78453.5421,78164.03,78561.02,78688,78140.67,1744126200000,12141
245.34875914000003,78407.8405,78568.97,78467.74,78707,78220.47,1744127100000,10316
195.24680734999995,78365.2056,78450.0,78156.99,78516,78156.11,1744128000000,10035
307.1100226600001,77974.8609,78158.37,78142.0,78223,77779.0,1744128900000,12303
632.43853846,77587.9705,78085.93,77477.26,78241,77331.34,1744129800000,21935
516.0922711600001,77550.6262,77477.26,77350.0,77844,77285.66,1744130700000,18924
601.4698129499999,77094.8174,77352.36,76950.74,77532,76783.0,1744131600000,21135
596.08297742,76819.2941,76941.59,76587.03,77214,76474.87,1744132500000,18949
794.6384377299999,76788.1544,76586.91,77270.69,77548,76475.56,1744133400000,22334
569.4328946499999,77178.3617,77270.67,77275.57,77520,76832.02,1744134300000,17022
193.79341420999998,77200.4991,77288.33,77113.35,77489,77016.98,1744135200000,13069
161.81473373,77383.8716,77109.25,77260.99,77684,77083.53,1744136100000,10985
337.45212413999997,77601.4793,77261.01,77392.37,77980,77257.44,1744137000000,15963
173.73155084,77344.8641,77398.33,77185.27,77669,77161.42,1744137900000,11238
336.19909691,76982.599,77185.87,76721.19,77358,76700.29,1744138800000,15490
368.98519918000005,76750.0105,76722.6,76780.01,77039,76473.9,1744139700000,17685
720.42317855,76453.4109,76780.0,76370.17,76865,76212.0,1744140600000,26563
492.6324507,76624.2895,76370.15,76751.4,77069,76292.68,1744141500000,20538
264.02335298,76749.1606,76744.49,76780.59,76961,76562.64,1744142400000,12931
203.33809833,76742.5891,76791.52,76589.98,76990,76516.23,1744143300000,9839
261.16617324000003,76900.929,76589.97,77076.51,77189,76530.68,1744144200000,9807
105.70241274999998,76987.75,77070.87,77066.82,77150,76907.23,1744145100000,7577
102.10301666,77015.0811,77066.82,76975.77,77279,76773.32,1744146000000,7406
112.71820896999999,76958.1691,76975.77,76780.14,77129,76714.18,1744146900000,7750
71.01375780000001,76847.4152,76780.29,76997.97,77080,76653.33,1744147800000,6617
48.78793226,77014.7411,77002.6,77037.56,77142,76920.13,1744148700000,5570
177.93443087,76727.6678,77033.59,76704.37,77109,76528.49,1744149600000,9434
132.28370384,76685.2862,76695.88,76618.51,76904,76500.0,1744150500000,9719
228.82293527,76404.8716,76644.8,76458.47,76737,76164.6,1744151400000,10480
92.19599254999999,76531.7083,76451.45,76651.06,76811,76360.25,1744152300000,7244
106.92923037999998,76551.9249,76651.05,76509.79,76798,76409.43,1744153200000,8257
112.94465186000001,76400.9239,76509.88,76273.82,76668,76228.45,1744154100000,8889
71.78879127,76378.8392,76273.82,76291.43,76547,76270.88,1744155000000,7192
65.57208672000002,76328.2688,76293.46,76251.64,76510,76225.0,1744155900000,6725
297.718157,76194.8189,76276.5,76560.45,76722,75836.51,1744156800000,15177
135.73297622000004,76573.3769,76555.94,76592.55,76814,76328.52,1744157700000,10249
109.0775969,76566.366,76601.56,76575.75,76881,76371.19,1744158600000,7948
68.97607022,76466.0202,76576.22,76449.99,76752,76269.11,1744159500000,7492
464.85652328000003,75603.7889,76452.46,75265.13,76574,75000.0,1744160400000,16142
934.6044878499999,74979.5695,75217.1,74637.87,75471,74553.01,1744161300000,26189
448.91384981,75280.0475,74629.54,75448.56,75867,74618.93,1744162200000,16485
312.30319695,75902.3834,75442.82,76025.76,76259,75385.2,1744163100000,12608
169.32594541999998,76189.9532,76036.23,76155.88,76425,75990.0,1744164000000,10748
108.87398634999998,76074.6155,76146.35,75782.25,76336,75741.6,1744164900000,8834
204.19933682,75841.0168,75782.26,75528.52,76133,75502.3,1744165800000,9969
243.82885593000003,75670.9564,75530.47,75613.86,75935,75510.0,1744166700000,8533
125.14885401,75632.5192,75613.86,75697.62,75876,75475.8,1744167600000,9032
154.79555689,75612.9951,75697.63,75500.0,75839,75425.2,1744168500000,8777
164.90230287999995,75465.6392,75437.62,75236.67,75727,75093.36,1744169400000,9517
126.3419914,75135.9608,75227.41,75012.31,75478,74952.0,1744170300000,9445
321.84760947000007,75429.201,75006.1,75750.27,75994,74906.26,1744171200000,15122
149.83046639,75733.7518,75750.66,75643.12,76188,75466.43,1744172100000,9518
200.82471694,76278.9464,75644.35,76495.65,76632,75644.35,1744173000000,9848
135.67989744,76556.3732,76495.65,76362.69,76901,76286.45,1744173900000,8330
110.64117115000002,76363.9955,76331.4,76379.58,76660,76150.24,1744174800000,7049
134.92329531,76671.8934,76383.4,76581.49,76894,76313.73,1744175700000,6837
106.34900228000001,76502.9956,76590.0,76483.94,76680,76378.71,1744176600000,7120
71.50083961,76556.7269,76484.31,76651.7,76734,76354.43,1744177500000,5563
146.91337474000002,76993.4722,76651.8,77242.49,77344,76644.09,1744178400000,8090
101.94361725999998,77007.6558,77249.36,76869.15,77308,76825.44,1744179300000,6755
70.8570228,76926.1354,76864.43,77092.76,77169,76811.91,1744180200000,5122
72.97959114,76919.2423,77099.23,76785.86,77186,76716.68,1744181100000,4976
465.88020173,77339.043,76783.27,77586.86,77711,76742.8,1744182000000,18613
139.60808338,77539.1815,77593.87,77669.84,77833,77271.73,1744182900000,8011
310.52182854,77816.2208,77664.31,77871.09,77965,77590.26,1744183800000,11050
80.66581747999999,77722.7635,77871.08,77665.4,77939,77583.71,1744184700000,5652
132.84309062,77485.1627,77666.86,77391.1,77900,77295.65,1744185600000,5688
101.8510951,77384.9288,77415.26,77264.15,77549,77247.78,1744186500000,5193
93.78045295,77156.3203,77270.95,77219.09,77326,77027.12,1744187400000,6055
106.83217910000002,77162.965,77225.49,77261.17,77356,77049.2,1744188300000,4532
103.59717487999998,77297.9418,77254.8,77312.45,77477,77190.96,1744189200000,5213
92.78501163000001,77251.4904,77314.36,77221.59,77375,77165.2,1744190100000,4891
133.60329471,77223.6343,77221.59,77365.53,77409,77130.4,1744191000000,5675
165.88245569999998,77432.0911,77362.07,77439.85,77569,77297.1,1744191900000,7098
207.53487927999998,77375.0815,77439.85,77492.22,77572,77201.1,1744192800000,8425
61.29066104,77329.4017,77570.0,77198.12,77606,77145.87,1744193700000,4458
79.52023344,77043.8108,77279.0,77065.43,77297,76901.3,1744194600000,5646
138.35947545,77261.8545,77031.1,77148.43,77549,77013.06,1744195500000,5705
895.40714171,76257.4688,77157.54,76531.71,77223,75812.0,1744196400000,25023
372.99289977,76397.4759,76531.71,76527.6,76796,76221.0,1744197300000,13331
179.6741463,76024.8542,76532.68,75914.7,76600,75690.0,1744198200000,10890
237.47376744,76196.7404,75914.69,76201.93,76557,75763.0,1744199100000,13568
138.19064535,76257.332,76193.99,76422.62,76471,75974.35,1744200000000,10340
140.74882693,76366.9278,76430.1,76259.83,76539,76174.43,1744200900000,9112
133.08964084000002,76177.5101,76255.0,76470.09,76472,75984.1,1744201800000,9271
166.86445656,76751.2441,76470.09,76708.07,77012,76349.12,1744202700000,10171
290.6651118500001,76894.8624,76710.3,76899.7,77092,76684.46,1744203600000,14862
149.96418898000002,76863.9507,76899.69,76788.48,77035,76640.0,1744204500000,10177
497.30038901,77335.8223,76798.0,77181.4,77802,76778.9,1744205400000,21754
576.57209047,77468.799,77175.71,77616.99,77850,77001.36,1744206300000,19378
853.9372757399999,77719.8035,77617.17,77279.61,78269,77137.23,1744207200000,25999
362.8608277999999,77471.0027,77279.61,77533.18,77782,77279.6,1744208100000,17258
265.8433784,77600.6272,77534.41,77394.93,77899,77356.22,1744209000000,13507
499.21746226000005,77089.1319,77393.14,76788.9,77690,76704.66,1744209900000,18092
318.60517953999994,77085.261,76796.8,77327.61,77445,76737.1,1744210800000,14386
214.67524121000005,77428.5824,77331.26,77320.98,77604,77250.01,1744211700000,11083
109.19883540000001,77153.8135,77322.97,77017.91,77536,76933.76,1744212600000,9337
158.70689947,77210.0,77026.2,77193.8,77499,77013.87,1744213500000,10067
291.24905679000005,77354.8126,77193.73,77694.44,77821,77054.39,1744214400000,9674
155.81251909999997,77606.398,77742.0,77514.74,77828,77458.96,1744215300000,8760
229.79445237999997,77694.8087,77511.3,77758.6,77908,77434.3,1744216200000,9532
508.47011154000006,78049.9426,77762.55,78205.91,78356,77663.01,1744217100000,11808
608.92953795,78421.0211,78200.5,78442.35,78792,78064.78,1744218000000,17036
2870.4257124100004,80196.6311,78487.0,80809.15,81599,77576.77,1744218900000,63253
2010.02737299,81302.1849,80809.15,80897.35,81827,80767.25,1744219800000,49209
1012.1832224699999,81589.9834,80918.12,82200.8,82289,80863.6,1744220700000,34607
1006.5062056600001,82096.5455,82200.8,82296.48,82500,81652.59,1744221600000,35931
1011.94894205,82603.7744,82297.82,82575.46,82999,82135.34,1744222500000,29714
878.0624751500002,82449.6416,82522.0,82104.87,82782,82036.4,1744223400000,22621
587.75423266,82077.8448,82104.87,81750.0,82361,81723.1,1744224300000,20656
441.390528,81939.4406,81750.07,82258.84,82277,81687.5,1744225200000,17371
290.53124517,82339.5,82224.0,82364.77,82549,82060.0,1744226100000,13672
253.37581716,82363.1379,82358.1,82262.15,82568,82201.96,1744227000000,12056
415.90304177999997,82273.1254,82270.25,82301.16,82457,82084.0,1744227900000,14433
261.28717193,82310.7825,82301.2,82160.94,82487,82139.65,1744228800000,11018
215.59291801999996,82163.4998,82167.18,82063.93,82323,81999.0,1744229700000,7779
243.50462563,82404.3014,82055.81,82750.14,82763,81979.8,1744230600000,8381
611.41564956,82920.7424,82750.13,83181.97,83242,82629.0,1744231500000,12994
327.11034464999994,83306.709,83189.2,83477.61,83522,82974.86,1744232400000,11864
242.65466324,83414.7509,83476.35,83325.1,83583,83233.28,1744233300000,10043
182.07424392000001,83021.9514,83325.1,82938.3,83325,82829.1,1744234200000,9555
172.77478946999997,83105.1717,82938.3,83272.89,83370,82890.96,1744235100000,6037
190.92316291999998,83326.9871,83260.7,83279.61,83474,83080.59,1744236000000,9356
113.72968080999999,83378.1134,83279.61,83353.11,83500,83251.37,1744236900000,6904
85.68824243,83193.4434,83313.0,83024.18,83471,83002.65,1744237800000,6168
189.63691544000002,83034.812,83024.1,83047.18,83150,82940.16,1744238700000,6471
100.77726920999997,83055.359,83030.4,83005.59,83155,82970.31,1744239600000,5864
207.93148572,82890.3985,83000.9,82760.86,83008,82705.2,1744240500000,7109
110.24315990999997,82748.7566,82760.85,82766.32,82834,82687.6,1744241400000,5514
153.60002854,82644.0853,82769.13,82594.75,82769,82513.71,1744242300000,5289
123.46875924999998,82570.6576,82593.15,82457.55,82730,82441.5,1744243200000,6035
138.37063449000001,82422.6027,82457.55,82414.91,82614,82332.1,1744244100000,6331
156.64480881,82221.8041,82414.91,82130.51,82481,82035.73,1744245000000,7405
206.62488676,82154.5413,82072.1,82326.37,82354,82050.99,1744245900000,6691
152.60996343,82413.2444,82287.1,82458.33,82576,82225.0,1744246800000,6245
89.36287894999998,82453.8386,82466.95,82408.19,82554,82330.5,1744247700000,5239
100.41706609,82367.2005,82408.19,82358.29,82438,82275.0,1744248600000,5206
78.73887778000001,82335.803,82358.29,82227.42,82443,82182.35,1744249500000,4371
84.84100243000002,82343.3414,82227.41,82492.22,82504,82184.99,1744250400000,5411
91.94256759999999,82470.5064,82492.22,82423.16,82547,82391.37,1744251300000,5011
75.28817296,82360.1335,82423.16,82327.75,82463,82279.52,1744252200000,4379
79.80979019,82228.7558,82327.75,82174.34,82339,82133.0,1744253100000,4515
170.25287007,81936.275,82189.1,81719.72,82198,81681.0,1744254000000,7293
167.24645293999998,81635.2583,81711.39,81626.06,81758,81511.0,1744254900000,6576
118.36793218999999,81606.3986,81627.08,81693.85,81760,81442.78,1744255800000,5412
99.96681470000001,81674.6194,81693.86,81744.34,81780,81625.51,1744256700000,4278
62.479777969999994,81791.6298,81721.5,81671.32,81923,81648.0,1744257600000,4512
65.85620501999999,81723.0891,81671.32,81629.34,81823,81616.45,1744258500000,3974
67.68356847,81731.8229,81629.34,81822.65,81868,81615.0,1744259400000,3334
61.48856416000001,81941.687,81822.62,82000.0,82052,81806.33,1744260300000,3446
79.21558417,82020.6774,82000.0,82075.76,82123,81892.62,1744261200000,3942
57.82815309,82116.0571,82075.75,82144.1,82213,82004.06,1744262100000,3552
53.004709059999996,82150.7991,82150.2,82161.01,82209,82067.75,1744263000000,3381
36.31110768,82110.8001,82157.9,82150.0,82217,82022.53,1744263900000,3108
39.97827361,82211.0616,82150.1,82236.99,82327,82063.17,1744264800000,3261
24.31812587,82174.8108,82236.99,82058.3,82270,82035.17,1744265700000,2456
42.049610129999984,81973.6694,82074.9,81880.18,82087,81816.22,1744266600000,3301
42.732598419999995,81956.0054,81881.79,82125.0,82149,81832.0,1744267500000,3068
35.18152781,82112.0281,82125.0,82081.73,82227,82013.09,1744268400000,3245
46.1955312,81943.8107,82086.86,81790.84,82124,81790.83,1744269300000,3021
178.16396767999998,81464.7125,81790.84,81558.63,81828,81247.0,1744270200000,6791
40.60127071000001,81651.2032,81552.4,81583.67,81794,81520.0,1744271100000,3270
89.21782637999999,81673.5874,81583.66,81724.0,81829,81500.0,1744272000000,4046
27.172182799999998,81719.6544,81740.49,81745.48,81834,81600.01,1744272900000,3084
49.38120387000001,81502.2485,81745.12,81567.8,81745,81375.0,1744273800000,4258
43.218989820000004,81563.284,81567.91,81528.16,81682,81438.0,1744274700000,3282
42.956569110000004,81422.6889,81496.6,81483.77,81571,81312.0,1744275600000,3689
52.53100185999998,81738.8508,81483.78,81759.94,81885,81401.0,1744276500000,3814
56.69728133999999,81868.309,81757.52,81798.39,81989,81720.0,1744277400000,3685
60.753904070000004,81964.4644,81798.39,82016.82,82074,81751.0,1744278300000,3667
182.92174905000002,82020.4623,82026.1,82059.35,82115,81922.0,1744279200000,4532
97.19725801999999,81871.4479,82053.63,81689.71,82079,81668.36,1744280100000,4838
60.90727571000001,81698.6263,81677.49,81566.01,81837,81560.45,1744281000000,4797
40.84652735000001,81609.9015,81566.01,81722.39,81735,81522.17,1744281900000,3492
36.03088799,81654.1395,81710.9,81503.51,81829,81495.1,1744282800000,3431
39.677858959999995,81547.6582,81503.5,81582.78,81706,81455.61,1744283700000,3086
142.36156255,81799.2288,81583.65,81805.71,81859,81540.68,1744284600000,3848
104.26607414,81864.5472,81805.73,81829.71,81948,81710.58,1744285500000,3913
300.2587991900001,81654.9067,81855.1,81617.9,81977,81493.43,1744286400000,6869
117.08687924999998,81806.8825,81580.3,81974.12,82135,81550.4,1744287300000,6084
476.94036898999997,82005.4776,81966.0,81784.84,82450,81674.57,1744288200000,14814
156.45966331,81615.2213,81784.79,81672.02,81814,81409.0,1744289100000,6505
102.78899148000002,81580.4924,81673.27,81505.66,81695,81474.55,1744290000000,6077
232.03244608,81749.4535,81534.0,81693.0,81916,81443.73,1744290900000,6412
589.1377181800001,81186.6629,81688.49,80837.61,81802,80702.0,1744291800000,17577
317.15556403,81067.3947,80834.07,80812.99,81381,80766.06,1744292700000,12361
440.91820435,80904.2018,80815.24,81024.65,81126,80555.52,1744293600000,16359
294.11366511999995,81146.6674,81033.38,81223.99,81437,80972.06,1744294500000,11224
230.99215350000003,81539.9649,81227.37,81587.28,81793,81227.37,1744295400000,9633
114.59011180000002,81405.2107,81567.0,81218.13,81611,81163.3,1744296300000,7607
247.57764031000002,80935.7095,81215.8,80664.3,81297,80647.14,1744297200000,9982
331.44607118,80371.8973,80664.02,80175.27,80701,80132.83,1744298100000,12907
732.8930137700002,79616.9225,80175.27,79159.21,80226,79100.0,1744299000000,22813
730.61042632,78844.3092,79146.85,78692.32,79238,78548.52,1744299900000,21466
648.1633998600001,78804.4505,78692.21,78817.75,79230,78387.24,1744300800000,20786
402.06614692,78686.7578,78819.93,78794.89,78927,78406.62,1744301700000,16551
300.74423336,79182.5485,78796.3,79175.62,79426,78757.92,1744302600000,13796
203.76022776,79364.9096,79165.48,79399.95,79646,79017.24,1744303500000,11416
463.93933926000005,79045.4866,79399.7,78740.33,79638,78573.79,1744304400000,17654
276.22115227,78812.8442,78730.43,79123.85,79213,78536.69,1744305300000,13540
463.64912645,79096.2952,79123.18,79321.93,79391,78685.0,1744306200000,12745
197.99105261999998,79253.8259,79331.56,79269.04,79420,78997.65,1744307100000,11141
267.21766505,79452.7005,79274.0,79230.94,79659,79169.0,1744308000000,12335
198.99235650999995,79570.8026,79230.93,79695.39,79789,79156.42,1744308900000,10129
152.13961588,79622.3662,79705.72,79667.99,79840,79396.0,1744309800000,9717
131.33585132,79453.5467,79663.77,79434.58,79677,79281.0,1744310700000,9617
188.50463159,79547.2237,79492.1,79522.49,79741,79321.0,1744311600000,10625
147.94840443,79528.1533,79526.19,79293.88,79725,79279.82,1744312500000,9951
177.6575117,79445.3618,79294.11,79287.68,79643,79233.47,1744313400000,9620
252.4890385,79607.3016,79293.53,79574.75,79982,79282.0,1744314300000,12081
129.02077138,79760.5961,79589.33,79857.86,79899,79550.0,1744315200000,6597
109.77689930999998,79602.9645,79857.78,79545.05,79865,79491.0,1744316100000,5198
76.70431028999998,79699.0092,79545.04,79808.47,79846,79501.0,1744317000000,4896
62.142171989999994,79847.2045,79801.9,79832.0,79900,79746.0,1744317900000,4552
76.06784491,79878.9221,79884.0,79763.5,79989,79661.0,1744318800000,4663
43.621047260000005,79692.556,79763.49,79796.68,79815,79600.0,1744319700000,4296
44.99102117,79835.0098,79796.67,79790.92,79900,79731.0,1744320600000,4932
47.507748889999995,79712.523,79787.08,79666.55,79794,79631.0,1744321500000,3672
74.19788402999998,79604.4093,79666.55,79700.0,79717,79488.0,1744322400000,5978
109.61179599,79762.5064,79699.99,79660.81,79864,79641.0,1744323300000,5410
47.86367059,79788.1147,79677.1,79868.33,79872,79655.0,1744324200000,4166
27.813822769999998,79737.2474,79868.34,79659.1,79868,79603.0,1744325100000,4107
71.6580963,79542.0667,79659.1,79440.98,79681,79390.0,1744326000000,5770
48.08501782999999,79460.4973,79440.97,79433.9,79596,79303.0,1744326900000,5656
40.17910959,79514.1729,79425.77,79583.47,79609,79346.0,1744327800000,4747
54.98244061,79604.7037,79583.47,79552.34,79703,79506.0,1744328700000,5184
89.0533745,79551.2144,79552.34,79634.71,79713,79351.0,1744329600000,6566
49.56926817000001,79535.2795,79634.71,79401.62,79693,79394.0,1744330500000,5496
123.97245560999998,79406.8026,79400.0,79330.61,79550,79293.0,1744331400000,7135
119.86131712,79175.0131,79342.61,78988.75,79416,78888.0,1744332300000,7614
104.39855323,79120.2372,78988.75,79355.55,79366,78936.0,1744333200000,5946
57.52409812000001,79486.3054,79355.81,79489.37,79583,79299.0,1744334100000,4457
88.91933958000001,79700.4823,79486.26,79704.36,79842,79468.0,1744335000000,5716
365.33478699999995,80176.0451,79704.35,80401.26,80408,79636.0,1744335900000,8262
86.33751317000001,80234.1781,80405.56,80261.54,80443,80104.0,1744336800000,5478
297.88002033000004,80586.9696,80259.02,80657.07,80796,80180.02,1744337700000,7636
81.51860980000001,80570.0486,80658.19,80387.69,80763,80366.06,1744338600000,4803
55.08383218,80332.29,80393.24,80254.21,80472,80237.34,1744339500000,4137
38.0723523,80431.6004,80266.1,80481.42,80531,80236.0,1744340400000,3828
94.90762255,80589.0082,80478.94,80632.39,80678,80431.0,1744341300000,4574
50.72718381000001,80608.3797,80624.94,80767.03,80778,80446.4,1744342200000,3941
61.27804046000001,80757.0704,80767.03,80801.48,80868,80639.0,1744343100000,3808
70.13823371,80776.5041,80774.9,80911.83,80925,80680.0,1744344000000,4294
68.45268393,80900.5965,80911.84,80995.13,81000,80791.0,1744344900000,3752
96.86860269000002,80866.7866,80987.5,80751.33,81060,80674.0,1744345800000,3957
45.96418013,80770.3843,80756.96,80842.85,80882,80657.0,1744346700000,3159
75.89988897,80619.814,80856.0,80598.19,80870,80437.0,1744347600000,4001
64.9430766,80613.8411,80598.19,80757.4,80779,80491.61,1744348500000,3295
47.62924016,80714.8131,80720.0,80581.0,80853,80575.0,1744349400000,3076
65.39788319,80691.3086,80604.1,80774.42,80809,80563.0,1744350300000,2743
95.06198384000001,81008.3505,80778.8,81067.04,81147,80763.0,1744351200000,4327
45.62501999,81018.0862,81067.04,80938.64,81163,80907.0,1744352100000,3153
35.020093349999996,81039.9742,80958.7,81119.41,81142,80918.53,1744353000000,2649
83.21580521,81141.6804,81119.4,81062.5,81268,81017.0,1744353900000,2780
38.925771669999996,81052.3586,81057.09,81003.03,81159,80913.97,1744354800000,2660
28.32467097,80937.1828,81002.86,80839.09,81063,80796.09,1744355700000,2851
67.2145554,81185.4729,80839.09,81320.27,81363,80839.09,1744356600000,3653
76.38436469999999,81321.6038,81320.28,81224.99,81396,81207.93,1744357500000,3473
353.00626576999997,81401.9165,81220.81,81401.31,81864,80740.0,1744358400000,12249
57.84001281000001,81301.1079,81398.66,81294.86,81456,81174.81,1744359300000,3895
65.23245965,81506.3002,81294.87,81563.96,81777,81193.67,1744360200000,4626
52.986375030000005,81548.814,81564.52,81582.47,81700,81423.22,1744361100000,3955
70.06250080999999,81458.7183,81549.0,81447.66,81618,81393.62,1744362000000,3518
188.40081591,81819.3627,81455.23,82018.09,82145,81399.0,1744362900000,5750
173.27017464999997,82140.9719,82015.63,82148.7,82285,81982.0,1744363800000,4979
156.33318004999998,82258.6179,82164.2,82400.0,82400,82119.95,1744364700000,5029
147.0138227,82370.2545,82354.5,82339.05,82492,82246.0,1744365600000,5623
328.40445688,82647.8863,82337.42,82713.56,82817,82290.0,1744366500000,7252
89.83937567000001,82765.6406,82724.0,82596.05,82956,82559.0,1744367400000,5472
115.09439199000002,82565.6265,82596.05,82672.79,82698,82349.0,1744368300000,4500
117.77682062999999,82714.2089,82656.1,82593.67,82867,82496.0,1744369200000,4810
129.7338033,82410.7353,82589.4,82311.51,82608,82224.0,1744370100000,5229
122.48305859,82218.8889,82307.6,82161.75,82414,82061.32,1744371000000,5473
80.10017878000001,82084.9784,82161.76,82085.93,82276,81960.0,1744371900000,4151
127.76566722000001,81969.7858,82110.6,81971.67,82240,81779.0,1744372800000,5029
101.31496168000001,82099.3202,81967.2,82220.16,82238,81916.0,1744373700000,4446
176.32580779000003,82305.7775,82215.1,82263.12,82570,82161.0,1744374600000,7151
125.62602271000002,82061.21,82263.12,82021.0,82277,81961.0,1744375500000,5413
142.97663471,81999.6622,82021.0,81909.13,82174,81817.96,1744376400000,6624
104.25260989,81950.4937,81904.24,82085.96,82141,81762.0,1744377300000,5663
783.7089114099999,82771.572,82084.59,82890.95,83304,81967.0,1744378200000,21329
270.43704670000005,82958.8034,82890.95,82909.2,83200,82729.0,1744379100000,11415
371.67580229,82597.1627,82882.1,82502.63,82899,82269.0,1744380000000,14927
386.0838234599999,81872.0802,82497.98,81422.79,82623,81281.0,1744380900000,12784
206.64923159999998,81793.9893,81423.35,81984.76,82000,81370.71,1744381800000,8345
177.32457844,82050.7281,81936.0,81851.2,82314,81848.71,1744382700000,7497
191.46616762,81967.9201,81851.1,81825.31,82237,81659.1,1744383600000,9863
127.81112820000001,82013.9928,81825.44,82135.84,82195,81742.0,1744384500000,7790
184.85868364,82425.3015,82134.35,82484.96,82670,82092.0,1744385400000,9500
102.93939682,82487.7147,82487.4,82481.53,82593,82354.27,1744386300000,6720
115.73040472000001,82394.6423,82457.5,82246.1,82597,82210.23,1744387200000,7588
146.96749952000002,82174.5024,82246.1,82198.82,82338,81966.33,1744388100000,7427
265.62329148,82658.6787,82180.0,82930.98,82931,82180.0,1744389000000,9705
180.72350598999998,82875.6145,82930.98,82762.36,82994,82709.0,1744389900000,7775
209.03068753000002,82830.6463,82755.1,82929.84,82968,82657.75,1744390800000,7354
161.67853681000003,82939.2461,82929.85,82957.92,83065,82718.0,1744391700000,8058
629.8119193699999,83550.7349,82957.92,83928.68,84045,82938.0,1744392600000,17734
322.0049837300001,83875.2753,83928.68,83915.19,84027,83627.2,1744393500000,12151
376.54276043999994,83996.1998,83871.0,83984.89,84187,83777.0,1744394400000,13806
289.58824377999997,83838.846,83976.87,83994.31,84018,83610.0,1744395300000,9496
133.44815008,83883.7692,83990.0,83857.0,84008,83756.0,1744396200000,7212
91.76441077,83676.0712,83857.01,83580.6,83907,83482.88,1744397100000,6594
167.44018559999998,83756.6317,83584.82,83861.96,83909,83533.95,1744398000000,6727
114.33451289,83833.1988,83861.98,83734.73,83950,83707.22,1744398900000,6233
102.31197433,83719.6304,83734.72,83839.39,83845,83618.96,1744399800000,5782
138.58737821,83837.0983,83839.38,83835.8,83951,83729.58,1744400700000,6447
88.21718918999998,83763.4045,83828.38,83736.0,83900,83655.0,1744401600000,4587
92.52687784999999,83825.2576,83735.99,83927.04,83965,83688.18,1744402500000,4300
127.63163643,83930.5236,83927.04,83954.16,84000,83794.0,1744403400000,4752
108.91074359,83897.3627,83954.17,83849.4,83989,83781.3,1744404300000,4173
76.17488,83942.7224,83849.4,83908.25,84000,83795.0,1744405200000,3954
197.32405452999998,84050.4145,83908.23,83878.66,84299,83868.01,1744406100000,6530
104.43624908,83724.7097,83879.28,83659.15,83881,83597.71,1744407000000,6653
33.59606067,83679.9568,83663.26,83630.77,83766,83605.32,1744407900000,3380
82.37288192000001,83613.2414,83664.1,83533.21,83676,83478.74,1744408800000,3904
94.17413979000001,83434.87,83533.21,83425.0,83533,83395.0,1744409700000,3994
60.44304082,83335.4726,83415.9,83311.0,83425,83261.97,1744410600000,3527
49.8140276,83421.4227,83338.74,83373.91,83486,83310.9,1744411500000,3215
78.42127267000001,83285.7971,83412.5,83226.0,83412,83224.0,1744412400000,3055
69.27661355000001,83194.2037,83226.0,83183.25,83290,83101.95,1744413300000,3778
49.76627762,83331.6496,83185.84,83404.01,83438,83145.9,1744414200000,3630
59.58811064999999,83463.6113,83404.04,83380.47,83534,83354.0,1744415100000,3218
98.16626525000001,83377.4084,83372.0,83243.93,83474,83237.0,1744416000000,4132
68.40344338,83298.2261,83243.91,83330.61,83387,83207.18,1744416900000,4645
82.21915867999999,83402.0708,83324.93,83459.35,83522,83273.41,1744417800000,4357
26.311194609999998,83427.3063,83454.24,83349.1,83557,83306.0,1744418700000,2882
30.392086629999998,83360.1988,83309.0,83317.13,83430,83289.0,1744419600000,3004
113.88033044999999,83214.1062,83317.13,83156.93,83340,83134.0,1744420500000,3848
33.4340322,83195.6548,83156.93,83283.14,83297,83117.32,1744421400000,2988
22.322300000000002,83217.9084,83283.16,83190.89,83319,83134.41,1744422300000,2999
29.641241079999993,83200.4275,83160.0,83148.27,83279,83118.6,1744423200000,3345
29.93499161,83184.8193,83148.26,83190.66,83234,83126.0,1744424100000,2955
22.593970489999997,83194.0391,83195.9,83190.47,83264,83137.32,1744425000000,2778
106.34040479000001,82995.7017,83190.48,82779.23,83239,82777.0,1744425900000,4370
53.34820304000001,82855.5213,82785.3,82928.43,82980,82750.0,1744426800000,3027
34.4304986,82973.3554,82928.43,83046.27,83046,82863.0,1744427700000,2778
56.26882133000001,83041.2328,83037.31,83093.44,83120,82959.0,1744428600000,2845
22.85276656,83038.6745,83093.43,82950.7,83118,82898.0,1744429500000,2123
17.1366423,82898.6785,82942.9,82924.08,82970,82831.18,1744430400000,2056
34.612717790000005,83069.659,82924.09,83187.92,83230,82868.0,1744431300000,2808
62.95703565999999,83149.7007,83193.86,83093.21,83439,82908.88,1744432200000,4047
38.59706882,83207.7012,83093.21,83179.3,83345,83052.0,1744433100000,3154
21.58560723,83293.6627,83187.1,83296.99,83378,83154.0,1744434000000,2631
18.26922691,83379.7673,83297.02,83336.26,83461,83284.0,1744434900000,2474
28.968157719999997,83411.878,83382.3,83357.58,83481,83336.26,1744435800000,2327
15.332602430000001,83292.4928,83385.1,83308.21,83385,83223.0,1744436700000,2155
34.54953617999999,83445.3287,83295.7,83505.46,83512,83251.0,1744437600000,2742
27.13712021,83579.0631,83505.48,83591.46,83706,83437.0,1744438500000,2575
40.85510187,83614.7666,83602.8,83709.22,83757,83503.0,1744439400000,2785
35.45172125,83592.925,83709.22,83534.74,83709,83499.0,1744440300000,2798
27.61274837,83504.1278,83547.1,83573.66,83573,83460.9,1744441200000,2618
29.17722374,83610.0982,83510.7,83577.19,83718,83510.7,1744442100000,2630
38.36882466000001,83671.4463,83580.95,83726.0,83754,83551.0,1744443000000,2843
19.37953056,83746.7745,83725.99,83699.25,83805,83660.82,1744443900000,2400
45.04367635,83818.921,83710.1,83973.23,83999,83643.52,1744444800000,3063
45.96745279,83679.4658,83973.22,83549.54,83976,83500.0,1744445700000,3224
14.83620498,83578.7835,83549.57,83615.6,83692,83440.0,1744446600000,2341
8.624314210000001,83568.3008,83622.74,83582.37,83656,83479.14,1744447500000,1830
51.75233830999999,83538.7634,83577.2,83455.38,83749,83453.4,1744448400000,2365
24.789706260000003,83481.4989,83460.51,83428.16,83568,83402.72,1744449300000,2056
20.425603369999994,83449.3484,83429.5,83541.34,83562,83360.0,1744450200000,2253
13.26479097,83540.3165,83540.72,83518.23,83633,83476.0,1744451100000,1842
29.9402066,83460.4006,83517.0,83454.31,83542,83395.0,1744452000000,1988
12.732611089999999,83407.9253,83454.31,83454.39,83487,83352.54,1744452900000,1867
72.80493262,83346.1239,83454.4,83312.23,83480,83298.27,1744453800000,2029
13.439140340000002,83350.9794,83299.71,83398.67,83407,83269.48,1744454700000,2107
13.645759860000002,83483.0339,83384.9,83488.9,83542,83345.0,1744455600000,2139
20.994542820000003,83550.192,83492.59,83571.44,83616,83466.0,1744456500000,1982
20.826081890000005,83473.6735,83571.44,83466.63,83571,83393.0,1744457400000,1956
23.865874659999996,83505.8537,83466.62,83500.0,83548,83428.0,1744458300000,2045
36.137872390000005,83534.4068,83500.0,83634.19,83669,83445.0,1744459200000,2402
20.56317001,83693.1861,83598.9,83726.5,83775,83598.9,1744460100000,2688
34.68006154,83765.6118,83726.5,83809.57,83900,83641.0,1744461000000,3054
40.06749152999999,83731.3248,83802.78,83797.88,83833,83625.03,1744461900000,3239
129.88173788,83938.2601,83806.12,83968.85,83999,83750.0,1744462800000,3518
68.42945989,83799.3466,83968.85,83830.9,84050,83538.84,1744463700000,4351
210.80228100999997,84077.9619,83830.9,84135.1,84545,83658.7,1744464600000,6492
200.8268842,84417.7551,84134.41,84427.26,84651,84111.48,1744465500000,7841
100.07831806000002,84526.826,84450.7,84464.08,84731,84271.37,1744466400000,5916
206.33715325,84756.1948,84464.08,84865.89,85000,84308.0,1744467300000,7822
309.28020159000005,84992.1342,84876.57,84826.44,85229,84771.0,1744468200000,9141
175.73685698999995,84868.647,84859.5,84802.79,84996,84647.0,1744469100000,5381
78.38324372,84755.0574,84870.0,84668.92,84922,84597.0,1744470000000,4926
97.31122779,84961.2034,84668.9,85129.43,85165,84633.0,1744470900000,5915
268.22360083999996,85219.348,85130.0,85264.39,85384,85028.0,1744471800000,7200
137.57540326000003,85113.7362,85282.9,84986.86,85353,84929.0,1744472700000,4617
87.26443434000001,84939.0614,84986.84,84881.94,85187,84790.0,1744473600000,5127
61.676353150000004,84970.7711,84881.26,84970.67,85092,84801.0,1744474500000,4493
48.73431239000001,84850.0345,84970.67,84728.87,85000,84712.0,1744475400000,4317
64.09810164000001,84643.0155,84731.54,84630.17,84765,84542.61,1744476300000,4474
93.48556824,84542.5274,84650.1,84402.41,84783,84387.0,1744477200000,4390
56.48918686000001,84521.3652,84402.4,84589.46,84642,84385.0,1744478100000,3642
62.604711980000005,84746.8361,84593.17,84839.42,84843,84591.0,1744479000000,3936
45.953569980000005,84749.9039,84831.35,84738.49,84847,84662.0,1744479900000,3643
69.90646054,84811.1789,84728.0,84810.78,84914,84696.0,1744480800000,3948
41.63914688,84892.8934,84816.34,84970.0,84970,84800.0,1744481700000,3147
41.82414333999999,84963.9246,84960.0,85000.31,85033,84853.0,1744482600000,3515
76.60699859,85127.4862,85000.83,85160.22,85193,84966.0,1744483500000,3985
43.58229952,85084.1405,85160.22,85059.6,85199,84990.0,1744484400000,3647
146.53665641999999,85078.9463,85059.6,85034.9,85271,84964.0,1744485300000,4701
71.70733434,84976.7945,85043.46,84886.27,85121,84879.36,1744486200000,4027
45.49080744,84891.5702,84893.66,84929.59,84941,84819.98,1744487100000,3299
41.30978529000001,85030.4651,84897.9,85137.65,85157,84867.61,1744488000000,3716
109.24941539,85169.3919,85137.65,85269.47,85274,85042.32,1744488900000,3849
216.53402544,85590.8402,85228.0,85791.67,85909,85228.0,1744489800000,8888
179.87259158999998,85641.1664,85791.53,85504.95,85813,85400.0,1744490700000,6146
66.85905979000002,85401.0408,85505.8,85309.08,85562,85256.0,1744491600000,4952
85.18785768000001,85447.3826,85309.06,85397.4,85568,85272.0,1744492500000,3951
53.52724398999999,85378.1808,85391.61,85456.92,85548,85224.0,1744493400000,4118
74.15164341999998,85424.7188,85456.93,85361.24,85511,85251.0,1744494300000,4407
33.9749955,85441.4699,85410.1,85497.4,85516,85339.0,1744495200000,3565
85.86737701999999,85600.2462,85497.39,85468.8,85706,85431.0,1744496100000,5033
25.971569899999995,85480.2894,85459.6,85476.34,85574,85391.0,1744497000000,3474
21.0874987,85378.6845,85476.31,85328.87,85479,85307.0,1744497900000,3111
75.96112863,85363.3681,85380.1,85250.01,85416,85222.0,1744498800000,3533
29.498816900000005,85228.937,85250.22,85205.97,85366,85171.0,1744499700000,3354
33.05537087,85224.4726,85207.27,85294.06,85310,85123.0,1744500600000,3551
25.046358520000002,85309.4185,85294.05,85271.01,85421,85254.0,1744501500000,3254
35.820727059999996,85330.1616,85284.1,85437.79,85444,85251.0,1744502400000,4153
62.64192303999999,85325.1755,85374.0,85167.64,85511,85135.0,1744503300000,4888
81.47419983,85168.203,85174.57,85244.82,85268,84988.0,1744504200000,3992
75.49683661000002,85409.3047,85244.82,85494.97,85566,85204.0,1744505100000,4046
119.97369296,85532.7185,85500.0,85773.64,85787,85389.0,1744506000000,4658
44.838627519999996,85695.6314,85773.64,85815.0,85826,85513.0,1744506900000,4228
126.45037969,85820.2519,85825.31,85709.31,86092,85490.0,1744507800000,7147
96.74512894,85361.1005,85709.32,85264.5,85785,85115.0,1744508700000,6095
53.19197202,85233.0399,85218.0,85106.0,85376,85106.0,1744509600000,4247
151.61863417,84913.1652,85122.84,84790.0,85160,84699.0,1744510500000,5773
47.56991121,84909.0376,84812.2,85011.5,85081,84768.0,1744511400000,4018
43.77783083999999,85185.807,85011.5,85264.82,85412,84972.0,1744512300000,4288
44.573839609999986,85341.4607,85293.1,85366.39,85478,85224.0,1744513200000,4187
23.19814949,85307.1434,85366.39,85306.3,85401,85193.0,1744514100000,3477
20.325641,85423.3278,85295.47,85484.24,85510,85262.0,1744515000000,3260
86.16666445,85556.8889,85484.24,85407.47,85699,85348.38,1744515900000,4111
63.868916490000004,85232.5632,85428.5,85124.8,85428,85014.0,1744516800000,3844
55.091171190000004,84970.3574,85124.8,85016.8,85124,84810.0,1744517700000,4194
94.22066873999998,84744.4913,85013.76,84760.33,85031,84611.0,1744518600000,4680
72.41341012000001,84641.6391,84755.75,84602.2,84874,84461.0,1744519500000,4642
42.716315509999994,84604.4457,84555.0,84455.6,84768,84450.0,1744520400000,3842
19.874142430000003,84538.7811,84463.38,84600.0,84650,84442.0,1744521300000,3436
41.14219351,84697.0174,84600.0,84741.02,84789,84554.06,1744522200000,3655
74.45119594999998,84465.1262,84741.02,84500.57,84749,84382.0,1744523100000,3041
20.551149220000006,84612.3496,84480.0,84612.23,84731,84429.23,1744524000000,3217
52.33262624,84625.9046,84612.23,84679.26,84725,84510.58,1744524900000,2795
18.377276329999997,84733.9867,84690.1,84737.66,84783,84662.0,1744525800000,2787
19.913141460000002,84705.4894,84735.57,84593.93,84834,84583.58,1744526700000,2330
27.067915329999998,84656.4261,84616.0,84758.39,84758,84591.22,1744527600000,2401
18.66193997,84678.8185,84750.56,84669.2,84767,84639.0,1744528500000,1976
13.801626659999998,84507.9964,84680.3,84472.8,84700,84439.15,1744529400000,2088
13.35517112,84464.4309,84461.25,84407.53,84546,84393.0,1744530300000,2232
52.49087926999999,84325.0743,84453.1,84299.15,84453,84260.48,1744531200000,2837
35.26511118999999,84428.293,84296.98,84525.73,84530,84263.0,1744532100000,2347
27.418777090000003,84535.7279,84492.0,84534.56,84600,84456.0,1744533000000,2385
17.4708859,84601.5716,84534.56,84648.19,84679,84504.0,1744533900000,2524
10.410475530000003,84613.1753,84642.0,84567.82,84694,84542.0,1744534800000,2238
22.62483073,84626.1449,84567.81,84752.0,84763,84471.0,1744535700000,2373
26.608454710000004,84762.6126,84752.17,84870.71,84908,84650.0,1744536600000,2464
30.459812900000003,84846.3751,84870.71,84879.0,84925,84764.0,1744537500000,2234
54.879481610000006,84799.333,84879.0,84800.74,84937,84695.0,1744538400000,2688
22.88625882,84647.0766,84800.74,84544.39,84816,84528.0,1744539300000,2405
16.96789515,84610.8744,84538.37,84586.45,84681,84484.94,1744540200000,2237
20.218988560000003,84673.3578,84585.26,84676.9,84761,84566.0,1744541100000,2238
10.94119672,84689.6069,84676.9,84698.93,84755,84612.0,1744542000000,2218
48.85646671,84452.5483,84698.93,84475.83,84698,84267.0,1744542900000,3802
42.890135340000015,84400.5857,84475.82,84436.04,84501,84319.23,1744543800000,2614
47.008214859999995,84337.8618,84436.09,84509.34,84518,84181.0,1744544700000,3406
38.3659357,84491.0449,84452.0,84613.86,84619,84360.0,1744545600000,3144
52.43343339,84429.7766,84570.9,84262.14,84673,84237.0,1744546500000,3683
44.565600740000015,84352.7281,84260.96,84350.0,84482,84211.0,1744547400000,3122
17.54085985,84380.9058,84350.0,84437.48,84455,84295.0,1744548300000,2808
23.35084977,84454.555,84437.62,84542.16,84586,84323.49,1744549200000,3260
228.51828007,84126.9464,84534.58,84072.79,84566,84053.5,1744550100000,4282
148.44545673,83907.4673,84052.4,83732.74,84167,83710.0,1744551000000,5721
91.07245357000001,83670.5784,83732.74,83569.52,83851,83438.0,1744551900000,5279
74.28303967000001,83738.2945,83511.0,83740.0,83881,83435.0,1744552800000,5334
53.92961015000001,83714.9836,83734.58,83829.36,83860,83642.51,1744553700000,4129
91.94482526000002,84029.0209,83824.82,84004.46,84139,83740.72,1744554600000,5228
69.22219171,84008.5263,84000.0,84061.67,84109,83925.0,1744555500000,4080
60.04367527,83853.6513,84049.1,83779.09,84061,83675.0,1744556400000,5006
45.682246,83798.9116,83779.09,83780.17,83892,83710.44,1744557300000,4476
66.29780741,83760.6043,83780.18,83708.68,83910,83656.0,1744558200000,4264
33.16365709,83739.2413,83709.0,83820.58,83845,83630.94,1744559100000,3445
68.90374383999999,84020.2815,83820.59,84048.03,84185,83803.95,1744560000000,5055
65.41441579999999,84211.9631,84047.51,84262.73,84408,84025.49,1744560900000,5348
68.37641355,84242.2015,84263.85,84144.68,84344,84110.12,1744561800000,4817
28.39123258,84171.1116,84144.68,84199.62,84258,84067.49,1744562700000,3587
53.37150946,84367.8155,84199.63,84524.08,84532,84165.86,1744563600000,4762
101.63965754,84760.5476,84524.78,84711.1,84992,84454.23,1744564500000,6678
116.56074325,84720.5615,84709.01,84819.06,84876,84550.0,1744565400000,5120
32.3130905,84827.3786,84825.16,84798.0,84913,84739.89,1744566300000,3866
57.07136986999999,84771.0576,84753.0,84770.53,84878,84633.44,1744567200000,4873
32.44299141,84565.2971,84759.79,84554.01,84780,84501.0,1744568100000,4962
33.40213399,84797.2015,84554.01,84857.1,84934,84550.0,1744569000000,4255
29.476281320000002,84748.1648,84866.38,84707.18,84885,84678.0,1744569900000,3598
48.540890729999994,84468.5158,84693.7,84518.85,84711,84306.77,1744570800000,4826
40.44464808000001,84438.1069,84515.4,84464.77,84516,84307.13,1744571700000,4585
274.14099436,83565.3978,84459.0,83509.82,84537,83036.7,1744572600000,11059
98.25705548999998,83747.6534,83513.85,83972.84,84102,83399.0,1744573500000,7307
75.81837236999999,84107.0828,83916.9,84177.03,84422,83764.39,1744574400000,5872
44.37833853000001,84276.6606,84177.02,84167.03,84382,84140.06,1744575300000,4166
201.6766491,83553.7866,84170.67,83394.73,84198,83100.0,1744576200000,8728
66.45647786,83405.4885,83394.73,83487.64,83595,83237.0,1744577100000,5480
127.28859374000002,83186.9315,83484.1,83350.8,83484,83009.0,1744578000000,7470
130.71573051000001,83418.5324,83333.17,83646.94,83710,83144.94,1744578900000,6758
116.18705854000001,83399.4123,83652.29,83252.36,83792,83000.0,1744579800000,7657
42.43722568999999,83507.1574,83252.35,83574.17,83761,83227.73,1744580700000,4636
147.47284578,83519.1121,83593.4,83370.2,83865,83312.0,1744581600000,8027
88.95897910000001,83365.2593,83341.32,83419.67,83500,83234.16,1744582500000,5284
69.08749054000002,83249.8334,83420.0,83253.59,83486,83138.8,1744583400000,4932
44.4411337,83310.182,83277.1,83312.1,83492,83178.72,1744584300000,4436
104.40663492,83360.2317,83314.6,83535.87,83585,83146.85,1744585200000,5884
34.88024635,83561.0592,83529.36,83595.26,83664,83462.11,1744586100000,3600
30.487884720000004,83475.8467,83595.27,83439.21,83646,83326.01,1744587000000,4205
55.84786035,83635.6239,83442.85,83733.07,83822,83400.0,1744587900000,4326
77.46918838999999,83902.5518,83719.8,84121.21,84196,83655.27,1744588800000,5668
233.96711495,84708.2966,84153.0,84723.93,85113,84068.42,1744589700000,9407
113.36131358999998,84773.9467,84734.69,84763.0,85034,84472.0,1744590600000,5996
110.53658846000002,84395.8832,84760.86,84260.0,84800,84177.0,1744591500000,5444
47.74109628000001,84430.8232,84301.3,84403.33,84628,84239.27,1744592400000,5178
45.83976199,84394.2958,84403.33,84531.68,84542,84249.34,1744593300000,4453
47.25645296000001,84525.5566,84531.69,84432.27,84648,84313.67,1744594200000,4793
42.37809595000001,84202.9807,84438.1,84209.03,84482,84051.02,1744595100000,4150
45.30383376,84219.6112,84200.0,84364.18,84446,83990.0,1744596000000,4607
94.66237387000001,84635.242,84364.19,84980.11,84985,84291.6,1744596900000,5792
222.0112834,85200.6111,84980.1,85276.89,85500,84949.0,1744597800000,9750
109.93405860999998,85269.3968,85280.5,85100.99,85483,85007.19,1744598700000,6444
136.90159728000003,84885.9047,85100.98,84742.81,85123,84594.0,1744599600000,6578
70.87502074,84696.3997,84742.86,84653.85,84836,84560.6,1744600500000,4767
33.993877080000004,84627.5034,84646.01,84645.1,84769,84502.34,1744601400000,3484
41.11220356,84538.3184,84644.56,84546.56,84694,84425.93,1744602300000,3108
64.24121835999999,84548.2323,84547.9,84429.3,84680,84415.39,1744603200000,3662
43.89787736,84633.2505,84429.3,84784.88,84818,84387.08,1744604100000,3623
34.7197522,84896.9152,84784.88,84951.0,84999,84709.75,1744605000000,3523
33.03320697,84970.387,84971.27,84849.82,85088,84840.6,1744605900000,3043
41.92199625,84764.9636,84857.2,84635.32,84985,84629.0,1744606800000,3422
19.00182442,84660.3445,84644.04,84674.64,84747,84586.84,1744607700000,2543
67.01416268000001,84464.8403,84672.1,84348.61,84739,84307.0,1744608600000,4071
18.56846791,84453.7715,84366.1,84560.85,84560,84337.62,1744609500000,2673
80.08638168,84396.0917,84510.0,84408.15,84573,84252.52,1744610400000,3718
25.18942469,84425.2887,84411.81,84319.44,84522,84300.84,1744611300000,2582
23.384774590000003,84425.884,84327.7,84520.9,84566,84319.35,1744612200000,2588
24.98147415,84582.4638,84525.26,84604.53,84631,84475.0,1744613100000,2416
40.643539919999995,84594.3197,84555.0,84290.12,84769,84271.68,1744614000000,3699
25.35806776,84335.2456,84288.18,84469.92,84520,84180.0,1744614900000,3009
35.40246744999999,84486.9503,84462.98,84415.65,84573,84352.0,1744615800000,2590
17.619583900000002,84510.1707,84415.64,84564.1,84614,84405.86,1744616700000,2246
89.87326733000002,84680.8074,84564.1,84519.67,84777,84436.0,1744617600000,3317
28.443426090000003,84501.3189,84517.56,84598.13,84640,84411.0,1744618500000,2769
56.10565297,84691.4216,84608.0,84799.09,84858,84468.88,1744619400000,2909
54.89714848,84796.8724,84799.1,84752.4,84952,84667.68,1744620300000,3150
37.35272663999999,84810.8367,84741.9,84850.64,84900,84719.0,1744621200000,3157
35.48963213,84668.1311,84850.67,84510.1,84864,84419.0,1744622100000,2768
39.039014040000005,84382.2827,84483.14,84351.91,84530,84290.67,1744623000000,2614
85.76184425999999,84316.4369,84366.34,84426.33,84458,84231.0,1744623900000,2627
18.390782710000003,84445.3947,84429.3,84388.48,84600,84288.4,1744624800000,2663
115.38176620999998,84498.2746,84388.48,84619.57,84647,84370.84,1744625700000,3348
32.623230740000004,84667.2999,84609.1,84777.0,84783,84538.12,1744626600000,2982
72.66732470000001,84716.6548,84780.06,84645.49,84820,84616.28,1744627500000,2668
193.55119029000002,84753.2444,84645.49,84793.74,84833,84479.0,1744628400000,3410
42.064858480000005,84796.3623,84798.97,84831.37,84895,84642.82,1744629300000,2983
33.91439943,84865.4635,84832.47,84812.66,84956,84782.0,1744630200000,2962
47.32678237,84873.6702,84825.0,84888.1,84936,84777.0,1744631100000,3161
81.01881698,84921.3701,84888.1,84763.09,85018,84733.0,1744632000000,4203
58.07711348999999,84891.3485,84816.4,85024.19,85046,84727.0,1744632900000,4067
65.55962640999999,85080.4171,85024.74,85137.88,85209,84908.0,1744633800000,4194
90.54023837,85117.0342,85137.89,85136.8,85223,84990.0,1744634700000,5397
102.88222662999999,85136.0816,85077.1,85084.86,85274,84961.0,1744635600000,5552
81.97585122999999,85106.6596,85084.86,84935.68,85259,84924.0,1744636500000,5008
301.6536647200001,84630.8966,84950.0,84401.13,85051,84252.0,1744637400000,9555
485.77093590000004,84416.5689,84409.77,84366.38,84683,84027.0,1744638300000,10113
219.46807314999998,84505.1976,84362.09,84506.56,84636,84232.0,1744639200000,8480
167.30016057,84761.0387,84515.12,85077.08,85103,84407.0,1744640100000,8106
395.24554694999995,85266.8054,85088.47,85515.63,85640,84922.0,1744641000000,12350
307.37930213,85660.2949,85507.3,85431.75,85818,85363.0,1744641900000,9606
295.78611159999997,84863.295,85437.1,84536.01,85475,84445.0,1744642800000,11318
156.16801492,84669.3276,84536.0,84545.42,84861,84382.0,1744643700000,7847
222.40052515,84246.6922,84545.42,84249.57,84779,83825.0,1744644600000,10000
172.14247108,83996.1836,84243.39,84123.1,84279,83658.0,1744645500000,8312
121.11053224,84134.5928,84123.1,84071.09,84378,83832.0,1744646400000,7997
129.87941199,84271.4818,84071.09,84206.4,84487,84019.0,1744647300000,7721
104.16301036000002,84428.962,84206.39,84678.15,84678,84111.0,1744648200000,6465
114.44457368999998,84475.1575,84674.89,84342.77,84683,84307.0,1744649100000,5859
233.62328104000002,84455.2991,84343.12,84418.86,84693,84299.0,1744650000000,9210
131.94623127,84438.1493,84418.86,84537.7,84642,84183.0,1744650900000,6130
94.64109645,84545.7886,84517.85,84612.11,84633,84359.0,1744651800000,5244
110.77689136000002,84760.2518,84606.26,84813.0,84902,84489.0,1744652700000,6638
200.66992523000002,84939.2718,84861.1,84933.6,85084,84778.0,1744653600000,7276
98.00580315,84937.4238,84941.84,84905.83,85016,84812.0,1744654500000,6119
73.0056874,84899.2229,84906.29,84896.15,84968,84797.0,1744655400000,5263
185.87553552,84864.3251,84896.14,84986.39,85016,84670.0,1744656300000,5478
195.57031450000002,85117.9231,84989.8,85073.0,85227,84944.0,1744657200000,6449
181.05955312,85042.5202,85070.04,84973.69,85149,84934.0,1744658100000,8192
125.98658514000002,84995.3912,84973.69,85029.63,85161,84821.0,1744659000000,5960
234.60711157,84940.788,85029.64,84918.89,85059,84758.0,1744659900000,7577
96.21648238000002,84836.7632,84929.72,84804.14,84982,84671.0,1744660800000,4684
234.75053020000001,84691.8498,84804.13,84642.31,84847,84468.0,1744661700000,4695
123.05234322999999,84640.0189,84642.1,84674.18,84717,84555.0,1744662600000,3960
94.24310771999998,84782.3398,84674.15,84853.69,84939,84609.0,1744663500000,4381
64.57495005,84793.8688,84857.2,84925.67,84941,84681.0,1744664400000,3579
60.44124993,84832.6361,84917.8,84777.98,84973,84733.4,1744665300000,3607
94.92573200000001,84591.6072,84777.97,84615.36,84789,84436.0,1744666200000,5553
65.54912927,84658.5996,84609.49,84710.42,84770,84514.0,1744667100000,3853
96.07434332999999,84648.6809,84710.42,84578.81,84759,84522.0,1744668000000,4738
77.79204383999999,84544.7737,84578.81,84500.0,84637,84407.0,1744668900000,4940
28.791216520000003,84641.1323,84500.1,84620.41,84700,84441.0,1744669800000,3330
46.78485152999999,84545.89,84629.46,84503.16,84645,84469.0,1744670700000,3595
40.16999666,84554.8606,84530.7,84606.82,84685,84449.0,1744671600000,3865
30.579492829999992,84679.9478,84615.54,84640.84,84777,84605.0,1744672500000,3584
40.99671642,84628.4232,84641.74,84470.63,84744,84454.0,1744673400000,4105
53.254020499999996,84493.4938,84470.62,84590.36,84598,84391.0,1744674300000,3940
47.42743765,84540.7993,84530.7,84453.49,84689,84419.0,1744675200000,4846
43.18158622000001,84474.4065,84453.49,84578.29,84635,84341.8,1744676100000,4423
51.0496204,84765.9335,84578.3,84774.48,84875,84543.47,1744677000000,4729
83.94229437,84821.1095,84774.49,84888.0,84940,84705.41,1744677900000,4994
32.937902550000004,84720.4369,84913.89,84679.53,84940,84531.0,1744678800000,4480
38.75977236,84841.1707,84679.54,84919.17,84933,84667.11,1744679700000,4311
90.00846809000001,84980.6268,84919.14,85005.15,85127,84803.5,1744680600000,5546
54.31215297999999,85011.8951,84969.1,84978.08,85097,84940.0,1744681500000,4713
47.245522140000006,85064.355,84979.98,85143.4,85150,84919.0,1744682400000,4485
68.99986119,84998.4682,85099.0,84853.3,85174,84816.52,1744683300000,4695
35.76626866000001,84798.6635,84853.3,84846.64,84899,84686.2,1744684200000,3991
86.64985119,85020.1551,84851.91,85225.18,85291,84795.0,1744685100000,5116
61.10772283,85160.4708,85232.4,85133.48,85300,85044.0,1744686000000,4843
44.50290347,85217.5526,85133.47,85227.18,85316,85102.0,1744686900000,3911
75.08425039000002,85292.4142,85224.63,85285.05,85405,85165.0,1744687800000,4589
24.63970921,85294.8854,85285.06,85369.75,85391,85220.0,1744688700000,3086
51.09925796,85330.8674,85332.2,85275.2,85488,85190.26,1744689600000,4125
25.345752779999998,85258.149,85263.07,85160.65,85396,85138.55,1744690500000,3413
31.82885083,85240.9023,85160.62,85323.96,85324,85150.75,1744691400000,3102
53.864744290000004,85405.4156,85323.1,85478.51,85504,85257.1,1744692300000,3848
98.97754033,85589.8109,85473.0,85642.16,85673,85471.23,1744693200000,4469
42.2728556,85657.9214,85645.49,85542.95,85729,85538.71,1744694100000,3164
66.99720375999999,85725.7546,85554.1,85780.45,85866,85512.3,1744695000000,4197
64.34720143999999,85669.8347,85785.8,85522.69,85801,85522.69,1744695900000,3431
48.558069149999994,85528.3112,85536.6,85480.92,85681,85437.0,1744696800000,3747
55.40976352999998,85473.2907,85492.77,85524.75,85549,85357.53,1744697700000,2613
32.368418639999994,85555.1307,85479.9,85489.28,85672,85455.85,1744698600000,2788
29.65943604,85411.6391,85481.76,85378.47,85493,85336.6,1744699500000,2390
45.17417055,85516.9048,85350.0,85519.2,85621,85350.0,1744700400000,3538
74.26196544,85709.3262,85519.2,85696.14,85784,85513.0,1744701300000,3489
