v,vw,o,c,h,l,t,n
674.5310939399999,61960.1096,61853.0,62058.91,62182,61724.32,1726704000000,14311
487.98943656999995,62232.9667,62057.84,62255.94,62475,61893.22,1726704900000,11834
253.1947279,62297.3713,62255.43,62339.87,62518,62114.31,1726705800000,8124
353.23900610000004,62421.8244,62336.19,62352.0,62666,62176.3,1726706700000,9132
282.94512626999995,62111.8422,62353.0,61952.64,62418,61850.01,1726707600000,8277
147.87146249000003,61891.0252,62034.0,61767.16,62123,61753.38,1726708500000,6104
224.30023512999998,61762.5394,61762.52,61882.12,62048,61569.16,1726709400000,6686
112.51722841000002,61952.8372,61892.61,62028.72,62119,61861.13,1726710300000,4769
135.46809781,61968.9903,62028.72,62014.23,62158,61823.52,1726711200000,4864
93.45948953,62028.2963,62014.23,62102.01,62192,61963.71,1726712100000,3893
108.55545055,62174.2874,62082.0,62287.54,62399,62070.55,1726713000000,4962
118.50516449999999,62247.9702,62287.54,62222.45,62396,62179.6,1726713900000,4861
150.4151338,62156.3427,62178.0,62095.07,62363,62083.4,1726714800000,5026
152.79406160000002,62114.3193,62095.06,62172.71,62258,62010.8,1726715700000,4382
122.03868533,62131.353,62172.71,62111.06,62269,62023.71,1726716600000,4459
58.72294432,62106.9604,62109.78,62132.68,62242,62061.27,1726717500000,3191
109.78202865,62106.7517,62111.0,62055.95,62268,62009.8,1726718400000,4340
121.56040996,62042.9017,62055.94,61944.62,62243,61916.55,1726719300000,3976
63.55447293,61960.6769,61944.62,61981.99,62095,61911.47,1726720200000,2614
124.88482054,62045.4304,61981.98,62105.65,62231,61940.0,1726721100000,3764
143.5591142,62137.9589,62060.3,62080.2,62301,62060.2,1726722000000,4174
92.69260802000001,62091.7816,62105.0,62007.72,62268,61997.9,1726722900000,3704
71.3598193,62000.1348,62007.72,62000.01,62148,61940.0,1726723800000,2632
73.02812105000001,61984.2766,61945.6,61971.6,62126,61903.4,1726724700000,2647
87.38479422,61904.0321,62015.0,61876.27,62125,61825.8,1726725600000,3062
96.082962,61990.7003,61876.27,62046.43,62178,61840.3,1726726500000,3526
111.69126772999999,62118.7685,62046.65,62141.33,62256,62025.1,1726727400000,3920
88.81525187,62061.1552,62141.32,62048.22,62229,61981.33,1726728300000,2968
137.40086321999996,62056.8136,61999.3,61986.11,62267,61942.91,1726729200000,3935
90.66928055,62084.0171,61989.41,62208.0,62224,61978.2,1726730100000,3353
99.77353193,62085.2795,62100.16,62122.98,62259,61995.3,1726731000000,3765
80.66654622,62136.7487,62122.97,62113.15,62278,62082.28,1726731900000,2861
101.25731569999999,62127.5686,62095.1,62142.58,62300,62045.01,1726732800000,3368
105.03623697000002,62135.3032,62142.57,62072.59,62305,62056.03,1726733700000,3171
94.14396415,62031.7006,62072.59,61964.07,62206,61950.01,1726734600000,3233
87.04740597000001,61939.287,61964.06,61945.1,62108,61889.49,1726735500000,2996
184.08456907000001,62043.1848,61936.9,62104.3,62270,61904.3,1726736400000,4653
97.08896164000001,62159.1948,62143.5,62175.38,62308,62080.67,1726737300000,3187
121.67857292000001,62258.9376,62175.38,62305.8,62459,62133.94,1726738200000,3847
73.02308186,62314.9617,62359.97,62289.55,62472,62241.97,1726739100000,3244
192.09415901999995,62446.2535,62289.55,62502.02,62666,62278.6,1726740000000,6038
139.74276698,62569.8371,62499.45,62666.31,62823,62431.58,1726740900000,4424
155.75640367000003,62504.4574,62655.4,62442.1,62825,62349.19,1726741800000,4441
82.51950434999999,62416.7227,62440.98,62341.51,62582,62334.75,1726742700000,3367
128.39767028,62332.9608,62343.0,62416.44,62547,62262.88,1726743600000,3537
189.04955669000003,62496.5167,62416.45,62524.29,62646,62395.95,1726744500000,4293
141.98876143,62563.421,62524.28,62593.84,62707,62505.6,1726745400000,4368
134.21361001999998,62634.5283,62550.0,62661.24,62821,62540.01,1726746300000,4348
739.6715386799999,62992.419,62789.0,63082.0,63297,62602.33,1726747200000,16273
237.51081413,62981.1908,62988.89,62883.3,63192,62856.31,1726748100000,8591
189.86498547000002,62956.5369,62879.79,62861.77,63141,62842.46,1726749000000,7109
186.1976187,62836.8218,62862.46,62941.58,63044,62742.92,1726749900000,6265
291.08169025999996,63058.7134,63032.0,63234.81,63333,62869.95,1726750800000,8012
224.59674007,63179.9229,63232.42,63274.0,63435,63054.22,1726751700000,7689
302.07739470999996,63118.2113,63300.0,62926.49,63369,62917.52,1726752600000,11362
221.03863052999995,62890.9052,62921.72,63052.31,63145,62700.0,1726753500000,10813
443.53118349000005,63218.7736,63005.0,63303.57,63519,63005.0,1726754400000,13005
357.32362903999996,63311.9794,63300.26,63349.95,63480,63141.97,1726755300000,9057
239.31709554999995,63409.9258,63354.1,63248.28,63611,63214.0,1726756200000,9623
416.45842818999995,63003.6554,63248.28,62943.88,63335,62878.5,1726757100000,11164
304.09786703,62985.2253,62940.3,63093.06,63249,62847.0,1726758000000,8117
229.4031262,63082.9194,63093.05,63209.29,63307,62984.8,1726758900000,7807
194.53072852,63196.1781,63209.3,63255.15,63378,63091.6,1726759800000,6338
168.88151523000002,63248.35,63255.16,63164.23,63467,63142.1,1726760700000,6247
202.97225036000003,63195.3142,63146.6,63091.78,63449,62954.11,1726761600000,8613
216.24440285000003,63250.9864,63091.78,63316.74,63441,63028.94,1726762500000,9939
302.2832018,63414.4943,63315.78,63424.26,63635,63243.7,1726763400000,12237
405.23983509,63591.7384,63424.18,63582.5,63781,63382.7,1726764300000,10859
341.2609718,63674.9808,63691.0,63453.0,63888,63440.3,1726765200000,10032
227.78004925000002,63434.0785,63556.0,63405.77,63672,63298.0,1726766100000,7760
351.48592497000004,63674.991,63405.77,63848.04,63929,63367.1,1726767000000,10248
271.93949965,63808.5619,63823.9,63742.72,63950,63694.5,1726767900000,9092
266.71627378,63691.8944,63742.71,63625.0,63870,63581.35,1726768800000,7990
247.76218533999997,63632.0365,63631.15,63627.56,63816,63514.48,1726769700000,7677
254.95142382999995,63711.6147,63629.16,63735.84,63856,63593.0,1726770600000,7541
192.64960734000002,63607.8699,63737.02,63661.13,63819,63499.0,1726771500000,6487
254.68703879999998,63522.1375,63644.2,63520.0,63724,63429.18,1726772400000,7535
313.68708300000003,63364.216,63448.3,63326.75,63585,63212.0,1726773300000,7705
288.34782321999995,63407.8847,63326.74,63483.08,63594,63247.47,1726774200000,7779
383.97541308,63370.4534,63483.08,63266.78,63632,63211.39,1726775100000,10364
183.34532635,63207.0205,63266.77,63206.53,63350,63138.19,1726776000000,6039
146.90604798,63223.2671,63206.53,63226.53,63321,63171.51,1726776900000,4342
144.81921077999996,63189.9039,63226.53,63143.7,63320,63135.49,1726777800000,4593
202.3205033,63104.7964,63143.7,63035.15,63264,63000.05,1726778700000,4659
225.13925938999998,63028.882,63125.0,63116.01,63232,62927.2,1726779600000,5293
100.72546819000002,63059.9,63116.0,62975.03,63193,62975.02,1726780500000,2775
116.26679786999999,62983.814,62975.03,62940.76,63182,62907.19,1726781400000,3477
123.76654442,62959.446,62940.76,63000.0,63093,62884.55,1726782300000,3311
202.11660548,62818.1449,62881.72,62819.22,63002,62720.0,1726783200000,5090
136.21709020999998,62738.1993,62822.02,62731.51,62962,62650.0,1726784100000,4723
265.22162766,62912.2596,62722.6,62900.42,63186,62680.0,1726785000000,6383
111.91225875,62942.136,62903.03,62943.94,63096,62869.37,1726785900000,4037
65.5853778,62987.2393,62944.06,63021.68,63146,62905.75,1726786800000,3757
59.586829370000004,63033.5632,63021.67,63024.31,63164,62959.47,1726787700000,3351
50.24571068,63011.4136,63024.31,63002.41,63148,62984.0,1726788600000,2658
39.789156229999996,62978.0774,63002.44,62960.14,63105,62904.51,1726789500000,2942
69.21950963,62925.7251,62922.2,62911.25,63095,62840.01,1726790400000,3562
70.4732276,62853.943,62905.16,62804.17,62989,62775.8,1726791300000,3361
74.60769389999999,62785.0693,62793.2,62874.34,62958,62683.07,1726792200000,3879
92.31216681000001,62863.6207,62873.53,62767.11,63019,62761.63,1726793100000,3731
153.20497645,62690.656,62765.1,62717.68,62876,62609.1,1726794000000,4473
95.07123075999999,62777.1284,62717.67,62842.8,62931,62685.04,1726794900000,3344
59.64978774999999,62955.9404,62844.95,62964.93,63099,62830.1,1726795800000,3269
140.21760494,63089.3732,62964.81,62992.0,63271,62959.8,1726796700000,4956
68.25385809000001,63012.7278,62992.1,62954.81,63206,62949.98,1726797600000,3720
48.3441709,62897.5569,62951.9,62936.44,63087,62798.71,1726798500000,4618
38.93228601,62977.7152,62937.7,62946.0,63111,62910.0,1726799400000,4310
145.99559621,62948.9662,62949.01,63119.44,63216,62848.76,1726800300000,7013
105.4503915,63230.5996,63118.5,63177.21,63412,63072.2,1726801200000,5663
65.55327773,63297.3396,63177.2,63275.01,63451,63140.55,1726802100000,3964
61.38073024999999,63342.0807,63275.01,63374.96,63468,63267.5,1726803000000,3771
201.5117488,63563.362,63371.76,63740.62,63845,63361.4,1726803900000,6121
478.104382,63964.8071,63700.0,63953.31,64200,63661.42,1726804800000,10460
256.19851300000005,63935.8256,63953.31,63870.01,64159,63710.0,1726805700000,8025
116.14900778,63840.8875,63873.64,63917.53,64075,63714.18,1726806600000,5043
48.75055152,63887.0375,63917.54,63848.5,64030,63752.23,1726807500000,3892
86.44732345999999,63885.462,63833.1,63866.1,64027,63775.82,1726808400000,3939
73.34250345000001,63907.4119,63867.42,63806.8,64111,63790.88,1726809300000,4008
53.8696679,63781.2775,63799.95,63700.15,63966,63690.01,1726810200000,3727
141.18167275000002,63764.7674,63700.78,63813.74,63895,63604.65,1726811100000,4888
132.75853463999997,63794.4093,63813.74,63682.8,64005,63682.7,1726812000000,4505
22.387356359999995,63712.4529,63704.09,63691.49,63862,63640.91,1726812900000,3033
65.24208477,63721.002,63690.44,63750.3,63910,63658.0,1726813800000,3928
113.07636686999999,63800.2374,63755.13,63800.0,63929,63702.25,1726814700000,4720
60.56777024,63702.6013,63800.01,63665.77,63884,63605.93,1726815600000,4179
99.80922998,63533.6981,63663.81,63452.1,63738,63422.88,1726816500000,4726
349.62484595999996,63511.4488,63453.06,63522.12,63690,63403.19,1726817400000,10262
482.33841542000005,63610.5395,63522.12,63555.45,63757,63504.18,1726818300000,10847
123.11837883000001,63484.4639,63555.45,63423.68,63620,63400.69,1726819200000,4775
84.18106996,63427.5344,63421.93,63376.0,63574,63247.5,1726820100000,3821
166.0388069,63254.0164,63256.12,63288.0,63412,63114.01,1726821000000,5339
41.22214949000001,63331.4041,63288.0,63314.15,63456,63261.2,1726821900000,2748
46.41693856,63366.0933,63316.9,63408.01,63520,63288.0,1726822800000,2931
94.41125219,63476.6959,63408.01,63488.0,63589,63372.5,1726823700000,3510
86.48477807,63501.6253,63488.0,63533.22,63645,63455.0,1726824600000,3838
130.87624678,63497.8122,63534.5,63489.04,63625,63464.22,1726825500000,4532
116.59266418,63503.4068,63489.05,63478.31,63641,63463.7,1726826400000,3737
80.41046982,63495.6491,63477.22,63488.02,63605,63468.3,1726827300000,2855
197.43087121,63553.5669,63488.0,63664.78,63731,63357.03,1726828200000,5470
66.41743458,63608.5235,63663.47,63676.48,63739,63552.07,1726829100000,3643
76.40148965999998,63656.1246,63672.52,63567.58,63775,63567.58,1726830000000,3473
116.05295146,63575.3889,63570.7,63494.21,63757,63477.58,1726830900000,4049
149.65863548,63428.1632,63494.21,63372.83,63606,63353.4,1726831800000,5237
88.97046022,63433.2942,63370.0,63450.82,63540,63356.11,1726832700000,5047
102.57131932,63463.5918,63440.9,63444.67,63624,63340.2,1726833600000,5476
138.34888425999998,63433.3121,63436.44,63447.0,63594,63350.0,1726834500000,5801
177.51388769,63444.1567,63468.12,63497.55,63589,63331.9,1726835400000,5942
116.09052552,63429.5722,63499.13,63427.34,63588,63370.0,1726836300000,5375
324.1577773000001,63148.7312,63427.33,62904.81,63531,62885.1,1726837200000,10102
295.94866813000004,62916.0609,62906.44,62911.99,63107,62779.45,1726838100000,8937
277.86843566000005,62821.1562,62939.4,62736.37,63114,62669.0,1726839000000,9215
348.25351167,62828.0846,62731.2,62842.33,63052,62698.3,1726839900000,8864
386.85206178000004,62798.1034,62842.32,62622.6,63045,62565.71,1726840800000,9253
364.16805826,62982.3274,62613.64,63232.6,63365,62579.6,1726841700000,9538
267.40343244999997,63308.6753,63235.11,63271.82,63590,63064.77,1726842600000,9053
251.11134232000003,63142.8187,63269.45,63041.47,63463,63000.0,1726843500000,7698
263.68742129,62924.1538,63007.6,62941.24,63154,62688.4,1726844400000,8495
157.18557886,62911.7584,62941.24,62892.01,63073,62769.8,1726845300000,6730
275.99966769,63100.9423,62891.97,63278.43,63364,62847.31,1726846200000,7176
149.85833419000002,63245.6841,63278.39,63159.19,63414,63133.6,1726847100000,6250
159.71386486999998,63166.5238,63149.2,63117.8,63349,63091.98,1726848000000,6732
171.61741064999998,62989.3781,63117.8,62992.71,63211,62916.82,1726848900000,6797
119.79495714,62881.1978,62990.29,62915.1,63066,62802.0,1726849800000,6071
131.64199782000003,62946.6627,62911.8,62863.69,63093,62850.08,1726850700000,5717
177.98982977,62857.4824,62862.92,62946.43,63029,62789.0,1726851600000,6454
186.37673189000003,62852.6715,62950.08,62733.5,63037,62717.61,1726852500000,5877
162.78151677999998,62755.7531,62732.05,62742.26,62861,62700.0,1726853400000,5293
137.03647420999997,62699.39,62744.99,62700.45,62826,62618.01,1726854300000,5049
248.07711762999998,62537.79,62699.56,62478.66,62800,62340.0,1726855200000,7518
107.68344997999999,62549.2277,62573.0,62617.59,62679,62474.68,1726856100000,5176
143.77721835,62648.4568,62609.97,62715.92,62844,62549.54,1726857000000,5334
120.52473889999999,62843.8122,62715.26,62866.18,62999,62690.56,1726857900000,4756
106.89536573,62892.2568,62869.1,62918.16,62997,62787.4,1726858800000,5179
119.83113007999998,62946.1445,62918.8,62929.94,63048,62881.67,1726859700000,4897
136.28056898,62965.5868,62929.98,62928.98,63060,62862.3,1726860600000,4611
189.89953846999998,62877.8114,62925.45,62806.9,62982,62785.53,1726861500000,5853
101.52980480000002,62794.0742,62853.3,62736.24,62895,62701.05,1726862400000,3444
86.28774775,62784.5146,62736.25,62747.2,62837,62732.5,1726863300000,3157
56.35874918,62789.5201,62745.14,62873.52,62878,62707.34,1726864200000,3079
71.53527072,62898.1405,62871.2,62823.6,62954,62808.57,1726865100000,3520
386.95875216999997,63162.3967,62817.46,63296.81,63309,62808.6,1726866000000,9650
92.44572121,63271.1863,63294.09,63231.9,63305,63196.44,1726866900000,3398
72.21880542999999,63151.9115,63231.0,63099.53,63280,63083.55,1726867800000,3761
40.12032495,63141.3916,63091.72,63127.92,63183,63086.4,1726868700000,2512
57.766284250000005,63237.5194,63142.8,63224.8,63288,63121.78,1726869600000,2921
34.92088861,63220.9504,63228.89,63237.3,63260,63183.79,1726870500000,2557
46.16465532000001,63250.9384,63232.7,63244.95,63290,63181.16,1726871400000,2600
34.175687020000005,63212.6447,63245.04,63219.0,63251,63177.32,1726872300000,2455
66.18230136999999,63123.822,63213.0,63129.71,63213,63088.0,1726873200000,2970
51.973963190000006,63110.2251,63129.7,63146.79,63159,63079.9,1726874100000,3003
48.516457749999994,63185.9082,63150.0,63150.25,63214,63142.39,1726875000000,2586
49.61961656,63146.4172,63161.1,63210.69,63225,63072.37,1726875900000,2775
40.289807669999995,63126.3265,63210.3,63084.8,63217,63039.01,1726876800000,2755
80.70324773,63204.9586,63085.0,63127.72,63317,63064.06,1726877700000,4083
53.08656176,63206.1755,63127.73,63259.22,63324,63092.96,1726878600000,3115
54.77976899000001,63252.5367,63259.23,63175.14,63294,63169.2,1726879500000,2976
41.27285215,63128.1341,63175.14,63033.2,63230,63004.14,1726880400000,2758
100.17569314,62989.3939,63033.2,63033.26,63139,62881.73,1726881300000,4346
44.24016572,62981.4036,63033.25,62947.59,63079,62900.89,1726882200000,2846
52.29743604,62894.3991,62947.59,62833.88,62984,62825.15,1726883100000,3111
50.21735478000001,62882.5224,62833.89,62858.95,62944,62815.07,1726884000000,3187
47.1811668,62885.2867,62870.4,62928.06,62939,62818.08,1726884900000,2843
28.769858909999996,62963.5767,62928.05,62994.01,63005,62916.19,1726885800000,2302
30.03329024,62946.4612,62998.2,62913.92,63005,62906.18,1726886700000,2306
28.284653479999992,62952.8366,62945.1,62996.92,63009,62875.43,1726887600000,2273
30.842219070000002,62944.4263,62996.93,62910.32,63020,62892.5,1726888500000,2290
30.38104555,62944.3261,62910.36,62940.34,62992,62878.04,1726889400000,2292
25.63644073,62926.6713,62940.34,62892.9,62991,62883.36,1726890300000,2009
28.3360674,62907.9071,62915.1,62862.47,62945,62856.98,1726891200000,2085
42.16174614999999,62883.125,62915.0,62913.32,62936,62831.56,1726892100000,2323
39.44232821000001,62851.5907,62907.76,62830.1,62936,62809.81,1726893000000,2292
31.57782697,62851.7022,62830.23,62855.81,62903,62814.33,1726893900000,1951
57.213442189999995,62825.814,62865.0,62883.7,62905,62755.0,1726894800000,2644
37.130514930000004,62908.9407,62878.35,62919.57,62947,62848.53,1726895700000,2031
27.296565270000002,62925.1591,62919.46,62895.02,62963,62889.72,1726896600000,1933
24.573997060000004,62908.4864,62892.3,62917.45,62960,62888.29,1726897500000,1696
34.64933776,62970.2782,62917.43,63019.98,63064,62887.48,1726898400000,1996
28.91846135,63039.7714,63026.4,63093.2,63127,62973.75,1726899300000,1925
36.21348711,63069.0626,63079.1,63043.42,63127,63032.98,1726900200000,1875
24.47431565,63046.2768,63041.47,63000.25,63108,62976.78,1726901100000,1735
21.038623149999996,63030.9844,63019.4,63047.09,63086,62980.0,1726902000000,1576
31.28240665,63019.1186,63047.08,62992.09,63088,62965.92,1726902900000,1818
25.5141295,63011.9381,62992.09,63026.2,63052,62982.3,1726903800000,1422
37.70137475999999,63103.7105,63026.2,63092.89,63165,63026.2,1726904700000,1923
39.82900556,63097.1338,63095.7,63075.17,63153,63051.33,1726905600000,1687
29.024250419999994,63071.2849,63075.11,63052.58,63123,63033.48,1726906500000,1557
48.243104820000006,63055.7455,63051.47,63065.97,63127,63000.92,1726907400000,2393
24.57348995,63045.0445,63065.94,63036.11,63125,63016.85,1726908300000,1311
28.984647589999998,63058.1855,63046.0,63065.3,63129,63002.73,1726909200000,1728
29.415871469999995,63103.7128,63129.0,63134.52,63202,63041.51,1726910100000,1703
23.527685939999998,63138.4645,63133.4,63100.01,63208,63092.87,1726911000000,1554
24.94562951,63116.9946,63133.6,63133.5,63182,63086.28,1726911900000,1392
29.020804890000004,63107.6373,63123.09,63077.41,63175,63074.0,1726912800000,1310
42.23219327,63064.8115,63077.42,63021.25,63151,63014.36,1726913700000,1497
35.83076806,63034.979,63021.26,63041.67,63108,63011.79,1726914600000,1494
67.96145968,63051.499,63040.19,62992.56,63113,62967.82,1726915500000,2026
41.43894764,63049.6443,62997.9,63057.75,63141,62976.86,1726916400000,1656
48.685673310000006,63093.7071,63057.74,63064.12,63182,63052.03,1726917300000,1948
32.419280410000006,63078.1496,63060.22,63102.16,63191,63059.67,1726918200000,1582
28.309263859999998,63108.3656,63099.6,63098.79,63196,63076.83,1726919100000,1707
29.937117869999998,63103.3517,63113.9,63058.94,63201,63055.01,1726920000000,1761
24.011167439999998,63092.0619,63058.95,63052.54,63168,63047.5,1726920900000,1767
25.195520159999997,63099.3163,63052.55,63102.42,63183,63044.17,1726921800000,1844
106.15422735999998,63056.0565,63099.94,63159.25,63243,62940.99,1726922700000,2934
47.66013513,63116.9201,63230.0,63060.23,63263,63038.97,1726923600000,2485
35.240463219999995,63134.7538,63060.24,63130.17,63207,63059.73,1726924500000,2406
36.02100831,63159.2844,63166.5,63169.46,63219,63108.3,1726925400000,2285
64.87065493,63194.1501,63169.46,63198.55,63272,63143.23,1726926300000,2829
59.556135680000004,63205.9485,63203.5,63176.62,63274,63136.03,1726927200000,2667
39.01012758,63186.5357,63176.61,63161.58,63243,63156.11,1726928100000,2368
54.15290947,63243.4472,63161.58,63261.15,63307,63161.57,1726929000000,2743
49.10649656,63270.0334,63261.15,63312.76,63359,63211.99,1726929900000,2769
69.17546413,63207.9925,63298.1,63105.2,63359,63066.98,1726930800000,3503
38.04063031000001,63176.6709,63113.42,63215.89,63264,63088.37,1726931700000,2666
35.94490188,63228.8327,63214.98,63196.64,63278,63172.87,1726932600000,2641
41.695793429999995,63231.0943,63196.0,63183.84,63277,63155.93,1726933500000,3065
35.41815053999999,63237.7443,63225.1,63187.27,63301,63171.58,1726934400000,3189
33.35525956,63177.5545,63187.49,63130.16,63279,63099.89,1726935300000,2654
49.83577957,63155.1032,63131.5,63129.7,63269,63095.76,1726936200000,2976
36.22324797,63194.9538,63157.5,63227.97,63297,63125.36,1726937100000,2488
46.24809306,63273.1244,63225.15,63336.57,63415,63182.1,1726938000000,2617
72.22856462,63363.9723,63330.9,63310.06,63466,63264.87,1726938900000,3075
41.05076115,63351.5852,63311.33,63308.24,63438,63301.0,1726939800000,2499
37.573869619999996,63300.1249,63308.0,63296.06,63383,63234.9,1726940700000,2378
36.032673960000004,63276.8915,63290.09,63252.98,63362,63236.47,1726941600000,2092
26.774306050000003,63275.9952,63252.98,63272.8,63338,63248.27,1726942500000,2134
34.402492020000004,63267.4378,63272.8,63247.23,63339,63238.22,1726943400000,2109
28.605752450000004,63269.7769,63247.24,63277.95,63331,63234.54,1726944300000,1935
37.468320489999996,63308.7061,63277.95,63330.0,63402,63260.61,1726945200000,2305
53.0412584,63258.1126,63317.34,63239.88,63378,63190.0,1726946100000,2565
30.893259509999996,63252.7041,63269.4,63234.06,63324,63198.61,1726947000000,2205
36.718228970000006,63223.2164,63233.8,63216.86,63294,63173.39,1726947900000,2164
32.19244872,63216.4875,63218.01,63181.97,63273,63169.69,1726948800000,2286
29.7466913,63221.0912,63182.39,63203.92,63272,63173.45,1726949700000,2300
34.37269992,63210.8946,63203.92,63164.49,63271,63157.5,1726950600000,2111
30.635364729999992,63180.6111,63164.48,63153.77,63246,63137.83,1726951500000,1855
39.82950395,63147.789,63151.93,63124.51,63212,63109.43,1726952400000,2028
30.370891859999997,63148.5205,63123.07,63123.24,63209,63109.71,1726953300000,2049
32.4490348,63128.4835,63123.24,63075.35,63195,63072.87,1726954200000,1953
35.99790604,63086.6289,63075.36,63099.21,63161,63053.97,1726955100000,1762
39.68663179000001,63130.0927,63117.3,63125.38,63187,63087.06,1726956000000,2072
26.132194280000004,63120.2155,63125.2,63125.13,63194,63058.63,1726956900000,1743
23.045772210000003,63147.3704,63126.8,63145.43,63212,63115.08,1726957800000,1614
32.22717364,63210.3542,63148.61,63233.05,63303,63148.6,1726958700000,2008
30.31639798999999,63212.8005,63233.02,63186.9,63303,63163.3,1726959600000,1983
64.31540878,63273.9149,63185.4,63293.01,63365,63184.32,1726960500000,2803
45.81312985,63340.582,63293.0,63367.71,63432,63277.02,1726961400000,2504
171.32829814000002,63455.5386,63367.71,63362.74,63614,63323.3,1726962300000,4427
110.37892143,63389.8788,63376.1,63279.65,63498,63250.69,1726963200000,3790
67.59020478,63248.1735,63279.65,63169.97,63395,63167.44,1726964100000,3334
76.82244623,63178.7435,63169.97,63150.0,63254,63123.12,1726965000000,2742
53.083621869999995,63214.9689,63150.01,63245.8,63299,63150.01,1726965900000,2493
29.974598840000002,63222.171,63245.9,63217.63,63317,63178.82,1726966800000,2219
27.26243209,63234.7905,63276.0,63178.24,63345,63163.52,1726967700000,2113
27.92087172,63194.4259,63175.37,63155.6,63253,63154.57,1726968600000,1980
72.75395001999998,63125.5295,63217.9,63050.16,63242,63022.51,1726969500000,2650
292.28619900999996,63083.2102,63050.01,62881.06,63173,62851.96,1726970400000,5475
41.954028529999995,62924.7072,62881.06,62955.2,63056,62839.82,1726971300000,2577
41.75191945,62922.3932,62955.2,63019.0,63049,62878.87,1726972200000,2282
30.428690369999998,62930.6081,62913.84,62969.48,63047,62852.66,1726973100000,2051
109.00990515000002,63108.2784,62973.1,63185.42,63334,62930.9,1726974000000,3654
34.414502369999994,63157.0646,63190.15,63135.8,63283,63111.0,1726974900000,2335
28.94857052,63133.896,63129.07,63090.05,63254,63055.53,1726975800000,2050
24.452280759999997,63111.8934,63090.03,63119.82,63202,63076.36,1726976700000,1709
23.55875976,63126.7389,63128.0,63213.0,63240,63081.92,1726977600000,1559
20.725749239999995,63111.8952,63101.7,63133.81,63220,63074.85,1726978500000,1525
19.989349850000004,63169.0369,63133.81,63180.19,63301,63116.17,1726979400000,1624
19.87762835,63160.0338,63181.23,63081.96,63287,63080.64,1726980300000,1617
49.38017096,63048.9419,63128.9,62985.22,63213,62966.36,1726981200000,2046
26.30110664,62997.9689,62980.17,63014.94,63094,62950.9,1726982100000,1641
20.29126264,63007.3568,63013.56,62956.41,63109,62925.11,1726983000000,1481
26.97893018,62946.437,62956.4,62946.04,63052,62911.0,1726983900000,1487
18.466643369999996,63002.5116,62954.5,62984.99,63091,62923.76,1726984800000,1629
31.653355230000003,63036.629,62984.99,63017.08,63129,62982.85,1726985700000,1669
44.38349794,62927.8559,63017.09,62904.8,63122,62816.12,1726986600000,1885
21.362220399999998,62887.942,62890.17,62883.74,62985,62847.49,1726987500000,1253
50.96279166,62914.1255,62980.0,62932.64,63016,62879.33,1726988400000,1395
28.376689449999997,62966.748,62934.92,62981.93,63061,62899.85,1726989300000,1557
22.820146020000003,62965.998,62981.93,62945.85,63069,62919.77,1726990200000,1282
22.26561596,62958.5582,62956.4,62947.81,63051,62922.93,1726991100000,1267
62.460202209999984,62976.9715,62963.8,62969.19,63081,62901.05,1726992000000,1830
18.74462514,62991.3267,62969.19,62987.1,63078,62955.6,1726992900000,1312
23.41510784,62989.7017,62987.09,62988.2,63078,62937.36,1726993800000,1190
20.08914568,63012.5927,62970.33,63028.8,63132,62959.67,1726994700000,1251
65.58483172,62925.7808,63047.6,62876.27,63132,62820.86,1726995600000,2358
52.29700989000001,62844.8314,62876.27,62809.48,62972,62800.0,1726996500000,1611
81.4185557,62787.0746,62833.4,62770.0,62930,62666.01,1726997400000,2395
32.08069342,62737.5782,62666.0,62706.01,62830,62661.24,1726998300000,1562
33.55439418,62759.4776,62740.3,62708.96,62842,62701.69,1726999200000,1564
21.52216399,62741.1951,62715.97,62740.38,62805,62677.5,1727000100000,1256
37.00373209999999,62671.2616,62740.38,62664.37,62805,62558.27,1727001000000,1998
28.976104850000002,62668.3847,62656.75,62667.65,62725,62593.44,1727001900000,1500
36.24587991999999,62646.6359,62680.2,62654.0,62739,62578.7,1727002800000,1966
38.84958663,62715.4141,62653.0,62742.59,62812,62559.95,1727003700000,2095
34.31337847,62829.6636,62742.58,62803.06,62893,62733.5,1727004600000,1944
33.279006609999996,62831.9262,62871.9,62840.3,62883,62775.38,1727005500000,1819
39.00196868,62850.1559,62840.3,62894.85,62921,62765.81,1727006400000,1542
32.83752368,62859.7028,62894.86,62808.64,62981,62773.1,1727007300000,1783
42.71028611000001,62835.0746,62804.35,62798.75,62901,62745.01,1727008200000,1900
34.01606768,62824.8607,62788.89,62784.72,62908,62773.82,1727009100000,1667
59.496862709999995,62842.3969,62785.65,62829.7,62918,62731.93,1727010000000,2255
54.34828411999999,62845.0757,62832.89,62736.6,62929,62710.86,1727010900000,2271
80.00037932000001,62752.6673,62761.2,62662.4,62889,62600.01,1727011800000,3045
39.404184009999994,62623.1484,62653.24,62588.77,62748,62564.97,1727012700000,2196
107.05959105000001,62552.1289,62589.06,62681.92,62780,62458.84,1727013600000,3408
37.99293375,62639.3619,62677.97,62547.45,62794,62506.07,1727014500000,2312
58.14443057,62552.6463,62535.78,62552.31,62692,62462.66,1727015400000,2786
47.03735957999999,62638.6987,62548.75,62667.1,62755,62547.28,1727016300000,2158
34.14812563,62655.5707,62681.1,62641.43,62778,62574.99,1727017200000,2414
32.833246419999995,62730.9757,62641.43,62755.96,62838,62637.5,1727018100000,2294
38.95400617,62761.6232,62754.84,62720.35,62890,62692.14,1727019000000,2289
37.889755480000005,62715.4008,62720.36,62655.58,62820,62652.5,1727019900000,2222
75.65298386,62602.8728,62713.0,62493.92,62759,62490.2,1727020800000,3294
79.41237215000001,62606.4511,62521.4,62691.8,62770,62461.94,1727021700000,3820
108.13666626,62734.0989,62665.16,62803.33,62923,62612.78,1727022600000,4077
33.406871360000004,62810.9927,62803.48,62772.92,62911,62766.58,1727023500000,2389
65.76739938,62919.1299,62812.2,62953.9,63077,62773.68,1727024400000,2777
40.75428294,62953.6912,62954.33,62963.62,63062,62870.31,1727025300000,2400
45.28204572,63032.5945,62963.62,63034.6,63194,62961.48,1727026200000,2888
42.86581931999999,63088.4436,63034.3,63057.28,63226,62992.6,1727027100000,2792
35.98970991,63014.1488,63097.0,62923.62,63176,62913.75,1727028000000,2800
46.20454437000001,62934.6961,62926.19,62954.21,63036,62828.55,1727028900000,2914
32.12978845,62989.4029,62954.21,62999.99,63075,62925.09,1727029800000,2513
33.27027336,63019.4178,63000.0,62956.97,63113,62946.95,1727030700000,2487
38.830308750000015,62967.8321,62988.7,62917.59,63059,62903.23,1727031600000,2682
52.29415864999999,62898.8413,62917.59,62840.01,63018,62812.01,1727032500000,2709
39.59656431999999,62955.1824,62840.0,62957.9,63031,62840.0,1727033400000,2702
105.25378415,63122.2057,62957.9,63169.19,63318,62949.08,1727034300000,4062
88.62671578000001,63200.4544,63202.0,63267.12,63335,63107.6,1727035200000,4208
86.42304342000001,63281.1518,63268.22,63255.87,63402,63179.11,1727036100000,3767
69.64742623,63210.6985,63260.8,63185.1,63340,63128.55,1727037000000,2720
31.96109751,63189.6103,63153.16,63216.81,63294,63139.03,1727037900000,2096
49.56746271,63278.7843,63201.6,63262.81,63391,63201.5,1727038800000,2702
39.862527959999994,63287.2357,63265.98,63222.96,63410,63214.66,1727039700000,2289
43.007570900000005,63147.9294,63257.5,63114.23,63325,63045.55,1727040600000,2567
63.85769077,63017.8684,63115.74,62787.29,63268,62760.89,1727041500000,3333
262.48942479,62567.8898,62787.31,62654.84,62953,62380.55,1727042400000,7645
81.89596605999999,62820.4269,62648.42,62824.93,63000,62629.14,1727043300000,3831
400.85835406,63384.4087,62900.1,63493.57,63824,62820.05,1727044200000,9438
282.24493263,63782.9013,63495.25,63871.37,64093,63495.25,1727045100000,8668
200.61014598999998,63789.268,63871.36,63586.14,64037,63560.64,1727046000000,5701
108.66318346,63553.9974,63586.47,63510.8,63724,63420.81,1727046900000,3908
50.96329295999998,63546.464,63497.21,63562.19,63683,63414.67,1727047800000,2971
42.29831746,63577.3046,63570.53,63577.66,63720,63497.64,1727048700000,2851
136.61033437000003,63270.8291,63615.2,63052.69,63680,63021.19,1727049600000,5062
305.37094607000006,62888.3662,63052.45,63193.57,63269,62566.28,1727050500000,8109
110.22831829,63289.7473,63190.72,63322.78,63470,63069.21,1727051400000,4089
147.31224745,63561.5014,63330.65,63570.36,63831,63317.52,1727052300000,5063
124.72817569,63757.8714,63600.6,63750.0,64000,63478.45,1727053200000,5031
188.59363121,63748.2254,63800.0,63696.36,63952,63591.37,1727054100000,5151
68.26310430999999,63850.3386,63674.7,63959.0,64048,63662.56,1727055000000,3725
100.38846474,63823.0313,63831.54,63826.51,64037,63743.63,1727055900000,3442
65.43857154000001,63804.3812,63843.7,63824.01,63990,63687.04,1727056800000,3349
59.07096948,63751.5599,63821.89,63741.15,63939,63676.49,1727057700000,2899
74.33469809,63844.0584,63739.91,63796.78,64036,63727.85,1727058600000,3265
46.792410630000006,63897.675,63925.0,63936.05,64067,63783.01,1727059500000,2573
388.6946203399999,64228.9138,63950.0,64308.45,64525,63916.84,1727060400000,8476
562.31686034,64598.4289,64308.44,64660.28,64842,64263.6,1727061300000,10557
290.40631475000004,64504.1079,64653.44,64499.93,64823,64359.6,1727062200000,7161
82.37455795999999,64380.9518,64499.93,64353.17,64589,64289.88,1727063100000,3858
73.32952039999999,64401.4366,64366.3,64328.44,64544,64309.15,1727064000000,3724
169.46128264,64149.2596,64328.03,63913.66,64436,63889.24,1727064900000,4637
167.55186160999997,63895.97,63917.17,63900.1,64106,63800.59,1727065800000,5033
54.27331342,63862.7136,63877.07,63938.9,64028,63779.4,1727066700000,2252
69.18149795000001,63820.3917,63939.0,63674.02,64012,63656.19,1727067600000,2819
64.08743759999999,63780.2458,63674.01,63770.82,63905,63663.6,1727068500000,2149
35.71472330000001,63829.7665,63763.03,63847.05,63956,63740.61,1727069400000,1811
47.14085613,63821.1576,63849.17,63755.0,63952,63676.9,1727070300000,1629
96.93442644999999,63711.8231,63756.2,63657.96,63846,63597.68,1727071200000,2427
91.89379597000001,63681.2277,63649.92,63632.31,63835,63532.38,1727072100000,2505
45.04344860000001,63697.3305,63632.3,63705.74,63844,63614.04,1727073000000,1718
51.02133645,63729.387,63722.1,63664.69,63878,63635.47,1727073900000,1927
160.08239589999997,63628.0629,63666.6,63528.68,63787,63445.02,1727074800000,3751
73.86930752,63470.5621,63523.08,63484.2,63665,63384.57,1727075700000,3398
43.71047183999999,63507.6703,63476.62,63577.22,63702,63430.99,1727076600000,2023
47.3418266,63540.799,63577.22,63545.43,63702,63486.84,1727077500000,1840
77.2110033,63447.4679,63555.8,63399.72,63657,63378.02,1727078400000,2340
72.63627773,63415.9498,63398.94,63550.13,63743,63296.0,1727079300000,2760
72.52959631,63443.2422,63705.0,63364.41,63722,63350.0,1727080200000,2312
40.15603705,63445.2182,63350.77,63478.01,63626,63335.19,1727081100000,1979
57.49866864999999,63528.0837,63503.7,63525.87,63689,63471.89,1727082000000,2078
71.68533191,63615.1159,63526.99,63672.58,63827,63491.98,1727082900000,2656
72.37067970000001,63644.812,63672.58,63595.54,63814,63572.86,1727083800000,2391
59.20978656,63610.0918,63595.54,63629.35,63766,63554.15,1727084700000,2126
58.91671216,63562.9683,63629.47,63494.58,63755,63486.33,1727085600000,2112
71.37210895,63498.2498,63502.8,63574.24,63702,63401.95,1727086500000,2439
29.652538709999998,63573.3555,63571.95,63530.83,63719,63520.5,1727087400000,1700
33.58152143,63539.7725,63548.5,63481.32,63671,63466.15,1727088300000,1636
33.31425695000001,63453.2109,63485.55,63389.29,63609,63379.28,1727089200000,1828
77.12397387,63451.4982,63389.28,63442.9,63604,63378.71,1727090100000,2761
64.19688894,63466.5212,63430.22,63512.91,63632,63355.56,1727091000000,2271
33.66547721,63463.4005,63500.0,63424.0,63632,63377.09,1727091900000,1757
113.51107206,63420.7095,63424.1,63492.0,63584,63312.42,1727092800000,3132
56.69147490999999,63427.5699,63348.45,63505.92,63647,63321.45,1727093700000,2965
72.89559583,63405.5277,63504.71,63287.01,63647,63273.02,1727094600000,2816
56.75434475000001,63301.5338,63283.11,63305.9,63486,63215.1,1727095500000,2845
61.788653450000005,63285.1156,63448.0,63241.7,63495,63182.79,1727096400000,3061
54.26571501,63276.6134,63193.74,63310.51,63479,63155.81,1727097300000,3231
214.29238725000002,63314.4557,63309.36,63316.66,63523,63154.48,1727098200000,5505
341.3183244499999,63240.3757,63313.74,63163.9,63479,63051.0,1727099100000,8330
254.37980694,63436.0758,63171.14,63528.7,63791,63120.25,1727100000000,6903
269.79553221,63660.2789,63528.7,63649.2,63941,63424.68,1727100900000,8591
419.67389144000003,63324.6903,63648.97,63236.25,63839,63073.79,1727101800000,9086
132.98002737,63356.1612,63236.24,63389.24,63599,63196.19,1727102700000,5085
110.62295006999997,63202.9785,63397.6,63318.34,63524,63103.33,1727103600000,4906
92.86926229,63382.9253,63319.2,63494.83,63657,63192.0,1727104500000,4785
118.72474248,63539.9288,63493.84,63611.7,63745,63449.81,1727105400000,4629
145.67035269000002,63683.0265,63620.93,63613.08,63878,63595.61,1727106300000,5321
148.78672144,63638.4425,63640.1,63517.1,63931,63414.99,1727107200000,7379
203.96737434,63391.1737,63501.47,63298.62,63667,63248.22,1727108100000,7534
142.75875938000001,63257.3601,63298.56,63226.54,63469,63195.0,1727109000000,5487
76.80964807000001,63235.4873,63226.55,63230.65,63373,63200.0,1727109900000,4480
129.83545693,63169.8785,63229.29,63197.37,63370,63094.0,1727110800000,5070
77.59600983,63192.4095,63197.36,63227.9,63358,63122.94,1727111700000,4201
93.09274688,63280.9906,63227.9,63175.02,63458,63175.0,1727112600000,3876
81.55587652999999,63253.8223,63344.0,63313.87,63443,63168.02,1727113500000,3712
89.23151359,63366.1974,63319.0,63400.82,63583,63270.65,1727114400000,3936
75.77338543,63428.772,63400.81,63409.11,63598,63367.67,1727115300000,3604
64.25079029,63482.2497,63408.29,63549.36,63659,63396.44,1727116200000,3553
79.57676829,63499.5983,63549.37,63427.57,63668,63389.02,1727117100000,3716
77.60308022000001,63403.9222,63427.58,63433.43,63579,63312.88,1727118000000,4158
45.03558697999999,63459.5884,63433.42,63448.61,63599,63425.7,1727118900000,3337
69.41713335,63365.7342,63448.61,63343.51,63590,63291.54,1727119800000,4099
125.91892553000001,63319.0681,63343.5,63297.31,63552,63248.07,1727120700000,5079
41.75753637,63322.9753,63297.77,63395.26,63531,63252.0,1727121600000,3345
46.85884126,63354.7047,63395.26,63323.42,63550,63271.75,1727122500000,3281
38.06931404,63352.5419,63323.42,63378.39,63506,63287.37,1727123400000,3125
33.74144607000001,63378.9609,63378.38,63303.23,63552,63300.0,1727124300000,3236
36.89107278,63350.2047,63311.79,63367.51,63495,63301.97,1727125200000,2799
241.66535278,63298.1073,63367.51,63360.88,63644,63090.0,1727126100000,6721
35.361556390000004,63372.8782,63363.43,63287.4,63570,63268.56,1727127000000,3382
45.722578070000004,63315.2878,63278.66,63376.23,63504,63215.68,1727127900000,3238
61.56304833000001,63294.6033,63380.1,63276.95,63503,63187.46,1727128800000,4168
35.28633796999999,63301.2001,63276.95,63292.91,63441,63254.47,1727129700000,3098
76.03455745000001,63283.331,63300.7,63215.0,63471,63215.0,1727130600000,3493
59.37757342,63261.9651,63215.0,63221.31,63423,63190.0,1727131500000,3367
80.19271289,63310.2644,63221.38,63368.59,63540,63214.73,1727132400000,3501
113.07052539999998,63329.3127,63368.59,63247.42,63513,63180.56,1727133300000,4066
58.38420904999999,63350.7398,63247.42,63367.43,63517,63246.1,1727134200000,3519
74.27344690999999,63365.5014,63367.43,63338.87,63534,63299.86,1727135100000,3445
100.55824828,63303.7037,63338.85,63246.84,63517,63221.75,1727136000000,4423
41.08451213000001,63293.3337,63246.84,63300.0,63461,63222.02,1727136900000,3490
309.91725778999995,63038.0828,63300.01,63238.6,63461,62798.03,1727137800000,7392
181.63510585,63049.2223,63231.07,62900.0,63359,62900.0,1727138700000,5390
98.51584850000002,62957.0706,62900.77,63034.68,63211,62843.34,1727139600000,4189
134.66310102999998,63095.1844,63158.0,62924.91,63397,62836.11,1727140500000,4654
88.33199451000003,62899.9045,62924.91,63006.29,63157,62798.04,1727141400000,3985
79.51401416000002,62968.0115,62999.58,62932.38,63196,62850.77,1727142300000,3556
114.23548318000002,62847.3076,63102.0,62763.72,63103,62689.15,1727143200000,4789
46.14613069,62874.9283,62763.72,62891.98,63069,62725.43,1727144100000,3186
41.6308142,62896.2932,62891.28,62985.74,63105,62799.08,1727145000000,2784
73.27629286000001,63096.7693,62985.74,63123.87,63254,62968.15,1727145900000,3360
62.00547061,63104.4923,63118.5,63158.97,63285,63045.67,1727146800000,3097
55.08060816,63147.6235,63158.96,63036.54,63305,63035.41,1727147700000,2732
58.95688778,63035.3429,63036.53,63093.7,63210,62928.98,1727148600000,3022
33.36796737000001,63129.9839,63091.28,63117.33,63279,63091.28,1727149500000,2241
29.372199939999998,63086.5575,63111.5,63074.92,63266,63036.39,1727150400000,1948
39.42860759,63027.6385,63074.92,63100.7,63214,62968.48,1727151300000,2178
25.87164611,63056.2055,63100.71,63015.28,63226,63000.97,1727152200000,2013
45.57035308,63005.3106,63015.28,63069.0,63185,62925.91,1727153100000,2330
47.73933168999999,63121.0867,63069.0,63148.5,63294,63030.0,1727154000000,2341
25.183583090000003,63132.8793,63148.5,63166.27,63284,63089.87,1727154900000,1900
29.58573509,63166.5351,63166.27,63128.0,63315,63110.0,1727155800000,1948
19.6141449,63204.2391,63128.17,63214.61,63337,63121.72,1727156700000,1841
26.56272377,63254.9412,63209.03,63286.52,63412,63186.6,1727157600000,2172
46.233961640000004,63331.7447,63286.53,63263.22,63494,63255.0,1727158500000,2790
54.921501469999995,63332.3389,63263.22,63325.19,63483,63262.28,1727159400000,2983
37.50318585,63306.6994,63322.52,63298.02,63467,63272.17,1727160300000,2337
57.51759496999999,63394.8162,63295.0,63437.76,63553,63293.25,1727161200000,2756
75.82083880999998,63470.9278,63437.77,63555.0,63638,63403.21,1727162100000,3092
41.57545723999999,63458.3073,63430.6,63418.77,63609,63383.0,1727163000000,2449
108.57591688000001,63536.2205,63418.77,63562.53,63673,63411.9,1727163900000,3966
178.22691698,63628.7401,63536.7,63611.16,63795,63536.6,1727164800000,5453
81.33477723,63688.5506,63611.16,63708.61,63863,63565.16,1727165700000,5080
57.286037330000006,63752.8996,63712.69,63768.44,63899,63661.52,1727166600000,3557
150.73009644,63910.4712,63768.44,63905.6,64128,63739.9,1727167500000,4739
87.77221818999999,63799.2337,63905.7,63651.15,64035,63651.15,1727168400000,3785
40.23416462,63632.3364,63651.15,63596.52,63809,63560.54,1727169300000,2962
61.37318597,63562.5716,63596.52,63530.1,63745,63480.62,1727170200000,3134
17.6221008,63530.0881,63530.1,63518.01,63666,63492.67,1727171100000,1930
23.606095300000003,63556.4649,63518.01,63548.69,63704,63492.72,1727172000000,2576
94.25952792999999,63662.7109,63548.7,63683.36,63810,63542.7,1727172900000,3637
49.24876036999999,63655.5177,63683.35,63671.34,63826,63598.18,1727173800000,2859
60.9037051,63596.5781,63671.34,63527.51,63770,63525.59,1727174700000,2994
77.47155844000001,63439.2477,63553.2,63424.28,63662,63374.0,1727175600000,3718
68.82187555999998,63496.3049,63424.29,63516.12,63615,63405.45,1727176500000,3546
68.43064068,63562.2273,63516.11,63506.54,63708,63486.42,1727177400000,3530
36.5419411,63487.0032,63512.1,63477.61,63632,63448.27,1727178300000,2671
58.99542029999999,63532.6541,63579.0,63488.85,63695,63469.1,1727179200000,3317
51.8564912,63592.7623,63488.85,63563.46,63759,63487.68,1727180100000,3041
97.37709835000001,63592.6926,63563.52,63553.08,63749,63498.99,1727181000000,4195
90.33245785999999,63471.2418,63550.83,63448.37,63690,63400.01,1727181900000,4041
78.53262782999998,63472.1591,63447.36,63518.55,63646,63417.02,1727182800000,3948
51.41162372,63516.9021,63518.56,63461.27,63661,63437.0,1727183700000,3417
132.87398631,63567.1305,63461.27,63630.2,63768,63405.78,1727184600000,6675
186.94519430000003,63724.1492,63628.06,63525.47,63878,63508.5,1727185500000,7865
462.03149597,63326.2536,63525.4,63254.68,63639,63116.21,1727186400000,12709
385.85941588,63109.0872,63254.68,62861.48,63395,62820.88,1727187300000,10786
394.55660731999996,62841.8311,62861.49,62920.12,63092,62719.91,1727188200000,10181
174.98867859,63105.9631,62918.79,63187.49,63322,62897.6,1727189100000,6550
176.39424417,63247.3808,63210.2,63239.24,63443,63079.23,1727190000000,7107
105.54951537999999,63245.1403,63242.02,63133.8,63424,63099.0,1727190900000,5465
105.11738344999999,63081.0057,63114.74,63106.67,63312,62988.91,1727191800000,4828
72.34013424999999,63192.2968,63102.18,63154.87,63368,63086.99,1727192700000,4701
113.84811249,63191.6258,63156.2,63199.85,63355,63094.09,1727193600000,5591
147.01090493,63189.205,63199.84,63123.23,63385,63084.37,1727194500000,5083
52.71356156,63195.7527,63120.3,63266.01,63359,63080.25,1727195400000,4204
98.32187502,63290.0519,63266.03,63256.75,63452,63216.3,1727196300000,4865
91.250855,63340.7605,63255.59,63390.31,63510,63230.0,1727197200000,4638
125.43112792000001,63497.9084,63390.3,63541.6,63748,63356.38,1727198100000,5893
302.44434543,63751.8406,63541.46,63818.67,63985,63530.78,1727199000000,8385
299.18234896,63912.1081,63818.69,63774.74,64111,63760.73,1727199900000,8414
151.47741894,63741.5632,63774.74,63580.05,63982,63552.01,1727200800000,6649
113.61024142,63645.987,63580.05,63620.48,63867,63552.18,1727201700000,5618
150.77274812000002,63777.7783,63620.49,63797.88,63953,63530.94,1727202600000,6859
80.73722300000001,63764.8855,63798.1,63720.68,63925,63709.75,1727203500000,5047
80.44938809000001,63805.7322,63722.16,63859.51,63965,63678.1,1727204400000,5245
114.69686741,63850.791,63859.52,63839.44,64007,63776.4,1727205300000,5601
102.5136094,63848.9171,63839.36,63869.42,63999,63759.66,1727206200000,5551
457.00163244000004,64165.2359,63869.42,64300.87,64486,63840.0,1727207100000,14361
490.8819713499999,64399.1249,64300.87,64338.89,64708,64181.8,1727208000000,13927
379.78554319,64198.2148,64338.03,64282.35,64467,64059.87,1727208900000,9552
217.45153006999996,64219.4032,64280.74,64199.63,64407,64140.32,1727209800000,6454
120.05052255999999,64235.849,64199.64,64227.99,64418,64130.89,1727210700000,5235
248.56051888,64267.5039,64222.16,64281.69,64409,64208.0,1727211600000,7966
103.72469638999998,64186.378,64281.69,64115.34,64406,64092.88,1727212500000,4977
118.19065252,64057.5221,64115.35,64006.45,64247,63964.91,1727213400000,5118
71.76763521,64074.7166,64004.99,64034.69,64247,63967.9,1727214300000,3282
185.03903755000002,64302.058,64034.7,64466.3,64589,64026.29,1727215200000,7241
102.59605624999999,64417.0703,64466.3,64418.41,64615,64280.55,1727216100000,5677
89.96690282999998,64364.5921,64412.2,64316.13,64548,64270.4,1727217000000,4972
176.86789333000002,64489.9426,64314.68,64583.39,64775,64241.84,1727217900000,6750
167.00471418999996,64536.35,64583.39,64425.23,64727,64408.67,1727218800000,5572
101.11858495,64437.7933,64424.57,64336.8,64613,64329.1,1727219700000,4915
64.74628495,64304.6233,64344.87,64311.02,64470,64252.2,1727220600000,3986
50.36159338,64320.6412,64308.7,64272.93,64463,64251.42,1727221500000,3338
57.74914016999999,64251.0078,64272.93,64212.0,64408,64202.9,1727222400000,3607
89.33074216000001,64141.6608,64213.15,64186.4,64339,64067.97,1727223300000,4842
111.43038289000002,64310.9313,64186.4,64392.36,64535,64137.39,1727224200000,4938
218.87627996,64246.1042,64392.36,64134.85,64517,63991.06,1727225100000,6515
55.01905850000001,64172.6535,64134.86,64199.45,64310,64082.5,1727226000000,4102
121.60880345,64309.6248,64199.44,64393.74,64555,64091.22,1727226900000,5597
274.12546017000005,64637.8987,64393.74,64616.83,64888,64370.46,1727227800000,9063
66.08021265999999,64485.6585,64616.84,64387.63,64715,64379.04,1727228700000,4563
62.22106311,64347.7777,64387.62,64365.1,64552,64277.04,1727229600000,4175
73.39968916999999,64387.9441,64365.11,64399.93,64579,64311.34,1727230500000,3697
87.70980462,64454.8259,64399.9,64543.32,64662,64391.7,1727231400000,3950
24.96576805,64463.9234,64543.32,64420.3,64661,64410.74,1727232300000,2978
42.21477113000001,64314.825,64431.1,64292.95,64569,64229.63,1727233200000,3862
32.47828327,64266.9936,64292.95,64283.88,64432,64217.06,1727234100000,3235
42.55030314000001,64341.2982,64288.37,64348.12,64519,64261.8,1727235000000,3669
68.72337818999999,64405.184,64348.12,64458.62,64544,64344.0,1727235900000,3125
81.33148882,64404.5035,64456.2,64391.13,64556,64371.2,1727236800000,3077
65.02723513,64396.0349,64389.7,64387.45,64513,64346.71,1727237700000,3480
43.41350425,64314.1369,64387.44,64267.88,64483,64226.86,1727238600000,3527
23.07087612,64266.7976,64267.99,64178.44,64400,64172.01,1727239500000,2814
43.21752123,64228.4826,64226.4,64210.2,64369,64162.57,1727240400000,3405
21.883624599999997,64224.7638,64216.0,64206.13,64352,64182.0,1727241300000,2817
27.93892526,64264.9104,64206.14,64182.02,64369,64182.0,1727242200000,2452
33.272107289999994,64173.9056,64182.01,64173.52,64304,64144.94,1727243100000,2618
41.380235070000005,64112.0673,64167.02,64086.82,64278,64054.01,1727244000000,3052
81.41982192,63980.2793,64086.82,63948.31,64203,63900.3,1727244900000,4901
59.713209150000004,63917.2144,63947.35,63978.2,64092,63867.7,1727245800000,3453
68.94975114,63858.0247,63977.54,63814.33,64081,63752.67,1727246700000,3602
37.31960563,63816.8142,63780.4,63810.0,63932,63752.92,1727247600000,2911
88.93612361000002,63749.4515,63757.88,63830.22,63909,63641.43,1727248500000,4310
30.00203161,63819.6509,63830.23,63818.68,63958,63747.29,1727249400000,3315
17.27516146,63811.6173,63818.65,63847.83,63930,63762.76,1727250300000,3479
53.51872486,63830.1393,63815.0,63831.38,63998,63795.0,1727251200000,3410
48.304721820000005,63860.86,63831.38,63865.03,64000,63810.8,1727252100000,3056
28.708822930000004,63876.5571,63865.02,63891.29,63998,63842.21,1727253000000,2270
39.18188887,63852.6017,63891.3,63824.15,63997,63754.63,1727253900000,2181
14.89966311,63845.2611,63800.1,63868.62,63963,63800.1,1727254800000,1746
55.834415699999994,63774.4057,63868.62,63730.78,63962,63706.95,1727255700000,2269
30.155338330000003,63765.5705,63730.77,63700.12,63908,63689.71,1727256600000,2288
60.551544469999996,63683.7545,63699.98,63608.11,63827,63601.83,1727257500000,2590
199.76933793999999,63527.103,63628.1,63667.63,63772,63407.47,1727258400000,5239
64.57898705,63671.8487,63652.79,63728.8,63850,63625.0,1727259300000,2060
24.28420129,63675.5974,63718.11,63680.1,63839,63626.9,1727260200000,2066
39.919966620000004,63618.6639,63685.16,63630.16,63782,63589.0,1727261100000,2092
26.51420332,63592.7193,63608.8,63581.45,63746,63555.01,1727262000000,2223
68.13098269000001,63534.8964,63580.95,63641.17,63747,63476.9,1727262900000,2517
65.31444673,63740.8432,63641.17,63768.34,63942,63627.39,1727263800000,3523
47.21417180999999,63794.4665,63781.4,63836.79,63954,63692.13,1727264700000,2453
84.22854497999998,63798.5621,63836.78,63771.62,63955,63716.7,1727265600000,2518
41.7921788,63800.8628,63771.61,63774.35,63941,63750.0,1727266500000,2198
60.36202141,63735.5233,63777.4,63736.47,63921,63676.1,1727267400000,2205
57.203665029999996,63660.9782,63733.8,63590.08,63880,63583.45,1727268300000,2485
73.76544509999998,63571.7561,63590.07,63488.06,63772,63481.37,1727269200000,3170
125.33893985999998,63492.3362,63488.06,63530.28,63669,63423.21,1727270100000,3901
172.46513503,63466.0612,63528.6,63430.78,63748,63306.31,1727271000000,6257
114.95476805999999,63642.7224,63435.97,63760.3,63874,63434.1,1727271900000,4248
124.42879224000002,63783.2669,63754.69,63758.0,63973,63678.4,1727272800000,4854
107.23566939,63797.7489,63767.8,63697.63,63979,63677.89,1727273700000,5269
115.35046007000001,63830.5723,63701.02,63815.06,64008,63635.22,1727274600000,4365
96.96262921000002,63834.7169,63815.07,63933.5,64079,63684.09,1727275500000,4342
99.85491834000001,63921.3356,63936.9,63851.78,64128,63827.92,1727276400000,4175
80.75731555999998,63853.0684,63854.69,63797.71,64070,63755.9,1727277300000,3994
70.19813394,63773.6234,63835.0,63894.0,63979,63659.96,1727278200000,3849
91.34507026,63607.5726,63776.76,63502.98,63923,63442.91,1727279100000,4630
82.92040878999998,63548.1572,63508.6,63590.16,63756,63454.0,1727280000000,4469
43.113858969999995,63586.3761,63590.16,63619.31,63733,63515.39,1727280900000,4040
58.51912761999999,63613.5491,63619.3,63638.9,63773,63535.0,1727281800000,3977
103.77450782000003,63533.268,63595.83,63460.75,63739,63440.41,1727282700000,4558
137.87469098000003,63466.6683,63457.41,63397.25,63661,63380.61,1727283600000,4551
141.42035474,63298.5997,63397.25,63300.0,63546,63144.4,1727284500000,5936
294.50236548,63125.8303,63144.4,63086.76,63313,63006.7,1727285400000,6977
150.72313803000003,63055.0334,63090.27,63159.08,63279,62973.96,1727286300000,5064
165.01009140000002,63236.3468,63157.15,63200.0,63515,63114.03,1727287200000,4569
99.44699600999998,63194.9027,63195.93,63355.0,63391,63129.11,1727288100000,4118
74.61388977,63240.9654,63216.4,63237.62,63412,63170.16,1727289000000,3392
149.07424742999999,63324.0888,63396.0,63337.9,63512,63224.03,1727289900000,4560
144.71733428,63394.999,63337.9,63337.75,63591,63311.3,1727290800000,4862
168.25654398999998,63298.6078,63332.16,63258.0,63575,63206.93,1727291700000,4976
123.09631437999997,63257.3537,63257.2,63262.42,63491,63178.53,1727292600000,4184
96.40503578,63231.8457,63263.63,63167.39,63445,63119.55,1727293500000,4759
196.27261884000006,63257.1686,63168.3,63340.66,63481,63154.0,1727294400000,5063
77.50765836000001,63285.9378,63340.65,63276.2,63481,63239.41,1727295300000,3071
69.88259426999998,63376.7936,63276.2,63393.0,63551,63276.2,1727296200000,2853
48.36933695000001,63444.1619,63395.0,63490.0,63646,63354.07,1727297100000,2960
43.89024499,63456.5893,63490.0,63447.09,63637,63421.1,1727298000000,2873
17.82846714,63451.2507,63447.08,63464.38,63604,63410.15,1727298900000,2210
59.635182969999995,63511.3825,63464.38,63505.07,63679,63454.88,1727299800000,2808
56.016120609999994,63547.9863,63505.07,63434.61,63697,63398.08,1727300700000,2432
79.01324483,63421.4596,63438.0,63300.99,63639,63291.05,1727301600000,4531
49.531696110000006,63355.1386,63300.99,63388.22,63544,63251.5,1727302500000,3412
101.16290554000001,63258.622,63391.3,63155.53,63564,63111.47,1727303400000,3582
85.97981105,63186.3066,63327.0,63259.79,63444,63030.61,1727304300000,4417
51.357528730000006,63165.297,63261.8,63153.48,63404,63088.21,1727305200000,3706
59.32589668,63101.6495,63153.48,63077.85,63324,63013.51,1727306100000,3255
110.90357488000001,63015.8569,63084.06,62940.58,63231,62917.4,1727307000000,4193
58.6569748,63043.256,62940.58,63130.89,63273,62933.0,1727307900000,3846
50.260029749999994,63165.1764,63139.2,63216.09,63387,63051.1,1727308800000,3030
29.781548940000004,63218.355,63216.09,63246.01,63386,63160.01,1727309700000,2845
44.27023151,63141.4427,63246.0,63159.08,63378,63017.53,1727310600000,3243
149.68607024000002,62908.618,63159.08,62925.0,63275,62827.52,1727311500000,5909
97.61687487000002,62868.6995,62925.0,62951.7,63173,62775.0,1727312400000,4485
87.95565521999998,62868.55,62955.06,62881.89,63104,62769.82,1727313300000,4030
107.78452754,62796.45,62828.6,62939.06,63088,62652.99,1727314200000,4643
42.34237879999999,63065.9925,62934.73,63142.2,63263,62918.8,1727315100000,3087
46.55964964999999,63158.2907,63145.14,63124.74,63320,63083.18,1727316000000,3052
45.790714539999996,63213.9734,63126.75,63183.89,63403,63125.3,1727316900000,2727
26.420230849999996,63251.9759,63183.9,63291.59,63415,63180.45,1727317800000,2243
59.9113098,63326.1345,63288.94,63341.31,63490,63249.9,1727318700000,2851
26.02014531,63371.1811,63323.4,63365.42,63525,63323.4,1727319600000,2017
65.79279814,63370.8069,63365.43,63300.0,63576,63283.49,1727320500000,2630
52.059146739999996,63405.0091,63291.14,63435.96,63617,63283.5,1727321400000,2434
51.88300180000001,63492.2872,63432.33,63499.99,63650,63428.88,1727322300000,2588
47.926973829999994,63493.7721,63500.0,63468.87,63638,63447.33,1727323200000,1870
32.351744860000004,63452.6167,63468.87,63436.44,63617,63425.9,1727324100000,2220
23.87475679,63394.0233,63436.44,63372.95,63592,63356.64,1727325000000,2040
40.740341869999995,63388.6538,63372.95,63413.57,63535,63324.57,1727325900000,1945
31.089229359999997,63444.9857,63363.4,63460.39,63602,63347.2,1727326800000,1913
29.12352858,63508.1809,63460.38,63536.99,63658,63427.1,1727327700000,2001
49.59043693,63583.424,63537.0,63644.08,63775,63486.0,1727328600000,2850
48.70265264,63661.0177,63644.36,63579.7,63838,63562.26,1727329500000,2631
40.63560093,63653.7008,63579.71,63712.63,63847,63575.5,1727330400000,2088
53.18408245,63698.679,63719.32,63652.41,63888,63626.7,1727331300000,2309
66.31271550000001,63710.2706,63651.58,63749.91,63894,63647.1,1727332200000,2264
35.302385529999995,63732.1706,63749.92,63715.34,63898,63676.08,1727333100000,1958
32.332956939999995,63702.5796,63729.0,63688.76,63877,63658.97,1727334000000,1460
67.65094257999999,63791.8423,63688.92,63776.16,63967,63674.4,1727334900000,3026
40.77481451,63842.8258,63771.78,63795.0,63968,63745.81,1727335800000,1775
30.598488640000006,63841.8788,63794.44,63846.62,63968,63786.88,1727336700000,1511
67.34010975000001,63867.6051,63811.0,63767.93,63992,63752.28,1727337600000,2398
37.130490869999996,63810.2098,63767.93,63803.02,63953,63767.93,1727338500000,1756
31.404308620000002,63843.532,63798.2,63777.37,63985,63766.71,1727339400000,1624
33.71691134,63760.6453,63776.98,63706.55,63929,63685.53,1727340300000,1884
74.15719995999999,63654.5815,63748.8,63635.21,63868,63568.4,1727341200000,2245
115.47063333999999,63818.8667,63632.5,63885.61,64098,63599.9,1727342100000,3481
51.15568769,63825.3676,63889.62,63808.19,64059,63767.59,1727343000000,1883
25.1411901,63801.0659,63811.45,63790.31,63951,63740.51,1727343900000,1581
33.07390552,63854.5505,63790.31,63900.0,64065,63751.56,1727344800000,1994
221.35241928999997,64061.729,63935.99,64202.17,64363,63902.6,1727345700000,4773
232.41059606,64377.8791,64202.09,64363.84,64579,64171.0,1727346600000,6138
106.98263466,64357.2586,64364.48,64394.46,64537,64272.83,1727347500000,2943
71.67662363000002,64364.0957,64357.1,64383.63,64572,64290.2,1727348400000,2598
152.87524807000003,64423.503,64383.64,64328.45,64610,64321.44,1727349300000,3196
102.38117851999999,64357.7537,64329.36,64407.96,64571,64286.84,1727350200000,2880
62.23256156,64397.764,64399.3,64399.53,64564,64357.05,1727351100000,2503
284.25597546999995,64391.609,64386.9,64414.46,64581,64327.61,1727352000000,7530
339.62656173000005,64500.0839,64417.1,64527.98,64680,64379.9,1727352900000,10184
453.1049071500001,64585.8609,64528.36,64609.83,64829,64377.63,1727353800000,9992
170.12333364,64566.6001,64607.99,64482.57,64772,64482.57,1727354700000,5077
145.15171786,64495.1504,64482.74,64474.76,64663,64405.08,1727355600000,4405
224.40931358999998,64422.7197,64474.75,64376.64,64645,64330.0,1727356500000,7231
281.22407958,64296.8641,64377.82,64349.78,64535,64155.01,1727357400000,9581
246.16040479000003,64341.423,64351.37,64450.31,64559,64212.3,1727358300000,8972
799.75132428,64709.4408,64450.57,64833.37,64997,64385.7,1727359200000,23468
1073.7731972200002,64980.8678,64833.37,64729.5,65334,64528.5,1727360100000,19482
306.09942175000003,64842.2507,64729.02,64757.59,65107,64552.8,1727361000000,9401
260.24389363,64700.2926,64759.66,64435.05,65075,64373.23,1727361900000,8272
280.15858424000004,64572.5608,64409.8,64710.21,64833,64292.8,1727362800000,10647
471.00367072,64866.8234,64711.99,65019.96,65125,64664.52,1727363700000,15602
1035.54162314,65367.325,65019.96,65372.18,65622,64951.35,1727364600000,21719
487.7876918300001,65334.7806,65352.7,65241.9,65654,65178.0,1727365500000,13169
506.20878106999993,65315.1289,65239.4,65312.3,65588,65104.3,1727366400000,12414
370.68064413,65384.3832,65427.0,65450.0,65588,65235.1,1727367300000,9657
340.5932630399999,65528.4395,65473.19,65485.61,65666,65381.6,1727368200000,7255
323.87749658,65481.6849,65490.28,65354.62,65646,65340.5,1727369100000,9393
592.46639152,65640.769,65357.44,65598.02,65888,65314.19,1727370000000,16782
152.78879078,65464.0621,65597.52,65416.59,65693,65350.0,1727370900000,6576
293.8860727200001,65336.7588,65410.89,65299.6,65611,65120.1,1727371800000,7978
108.33262461000001,65302.2053,65231.2,65167.47,65486,65134.4,1727372700000,4836
179.36661130999997,65180.7133,65167.47,65275.69,65376,65050.8,1727373600000,5739
116.4244518,65219.1991,65275.69,65256.0,65412,65104.9,1727374500000,4552
307.13547431000006,65156.9633,65256.0,65073.55,65307,64964.43,1727375400000,7099
189.75935987000003,65176.0084,65066.73,65311.52,65400,64998.3,1727376300000,5117
247.00301070999998,65234.6388,65319.54,65227.73,65415,65138.2,1727377200000,4819
179.10290699000004,65199.708,65227.18,65155.47,65381,65138.29,1727378100000,4115
188.3742884,65125.4904,65155.47,65116.88,65307,65066.21,1727379000000,3879
408.50280017,64898.9224,65114.75,64722.33,65250,64683.18,1727379900000,8008
204.29309526999998,64769.9861,64722.77,64748.4,64994,64651.3,1727380800000,4691
271.93211768,64741.1941,64726.42,64757.02,64913,64653.96,1727381700000,5749
171.53909527999997,64834.043,64754.28,64790.71,64994,64738.16,1727382600000,4369
61.19778054,64739.8051,64790.7,64677.89,64936,64664.0,1727383500000,3376
78.67785834,64800.7693,64677.86,64862.81,65004,64612.8,1727384400000,3875
136.86113969,65002.1125,64866.65,64847.83,65350,64847.83,1727385300000,5189
80.1180888,64916.4773,64850.44,64937.42,65133,64787.93,1727386200000,4344
39.75899393000001,65019.9961,64937.41,65056.5,65184,64923.12,1727387100000,3028
150.44229711,65167.4083,65058.93,65147.95,65368,65047.88,1727388000000,4699
63.76161438,65078.0478,65150.56,64984.4,65264,64972.96,1727388900000,4090
45.54228308,65134.6529,65008.1,65155.33,65325,64987.01,1727389800000,3356
30.909376480000006,65081.8872,65153.18,65085.8,65290,65033.01,1727390700000,2775
53.63518859,65025.6796,65095.53,64937.08,65223,64915.39,1727391600000,3380
78.46340879,64890.693,64944.9,64965.07,65124,64729.18,1727392500000,4629
44.895683319999996,65007.3629,64965.08,65089.98,65210,64925.37,1727393400000,3370
60.17804813,65140.5607,65095.81,65177.21,65307,65069.36,1727394300000,3174
63.22962952,65115.0533,65179.3,65115.56,65322,64998.76,1727395200000,3447
66.4325052,65149.8601,65117.0,65171.68,65320,65072.24,1727396100000,3000
128.30244085,65172.0305,65169.76,65229.54,65387,65064.15,1727397000000,4128
105.96333955,65246.6361,65227.98,65261.55,65444,65135.04,1727397900000,3555
122.83446972,65294.5071,65261.55,65224.91,65472,65211.5,1727398800000,3726
73.82461470999999,65206.7331,65224.91,65379.0,65426,65116.53,1727399700000,3137
58.75246681000001,65181.7514,65219.63,65085.83,65437,65077.81,1727400600000,3228
46.82539198,65097.5322,65085.83,65137.11,65292,65031.55,1727401500000,2914
47.13541617999999,65148.0139,65137.11,65120.2,65328,65087.28,1727402400000,2859
38.04894199,65015.7251,65119.77,64935.82,65269,64921.14,1727403300000,2642
59.71961405999999,64969.0119,64935.82,64975.72,65124,64906.23,1727404200000,2611
54.21970269,64908.0075,64975.71,64894.45,65101,64838.01,1727405100000,2549
71.74235220000003,64893.0427,64891.0,64936.29,65038,64827.85,1727406000000,2587
51.276973070000004,64994.4671,64936.19,65019.82,65157,64910.0,1727406900000,2028
144.38749378000003,65241.1202,65149.0,65288.6,65460,65011.2,1727407800000,3355
145.00827392,65353.115,65286.91,65370.59,65555,65250.7,1727408700000,3092
77.82524330999999,65401.656,65375.75,65370.12,65584,65330.7,1727409600000,3097
64.89162044999999,65370.1376,65370.86,65340.5,65566,65316.84,1727410500000,2613
28.08431442,65352.8089,65342.36,65363.35,65509,65287.46,1727411400000,2123
39.98042849999999,65363.019,65363.35,65310.27,65515,65288.6,1727412300000,1924
33.398587580000004,65322.8454,65309.64,65311.84,65473,65255.04,1727413200000,2068
33.31394435000001,65266.8919,65316.43,65207.79,65462,65193.62,1727414100000,2381
68.79561881999999,65155.9699,65207.56,65158.84,65348,65036.2,1727415000000,2392
54.955665599999996,65301.4713,65158.84,65371.34,65491,65150.4,1727415900000,2149
82.39109308,65452.0013,65382.6,65500.37,65620,65352.96,1727416800000,2872
123.34930206,65463.8075,65501.38,65499.27,65623,65345.35,1727417700000,3396
98.86276864,65471.02,65505.52,65351.56,65637,65295.66,1727418600000,3304
94.29277775000001,65317.1839,65358.85,65363.13,65473,65239.91,1727419500000,3104
83.2754796,65366.6613,65342.8,65424.71,65509,65274.2,1727420400000,3360
101.31420956000001,65497.4542,65424.71,65648.0,65653,65358.6,1727421300000,2910
158.69013295,65501.0602,65543.15,65429.76,65656,65389.03,1727422200000,3344
247.92492208999997,65492.9447,65429.75,65497.75,65608,65418.5,1727423100000,4550
113.98149336000002,65560.8736,65498.6,65567.05,65698,65432.9,1727424000000,3832
102.75557586,65646.5389,65572.79,65639.38,65813,65555.0,1727424900000,3270
113.17609011,65686.8542,65639.38,65673.46,65874,65572.54,1727425800000,3296
123.41423229,65701.4916,65677.4,65740.25,65845,65605.01,1727426700000,3187
146.95276214000003,65808.7851,65729.1,65816.47,65959,65729.1,1727427600000,3597
164.55308511000004,65883.9617,65816.91,65771.07,66101,65688.94,1727428500000,5027
116.57364684000001,65746.863,65771.08,65726.23,65905,65687.67,1727429400000,2625
228.68482790999997,65808.3846,65726.24,65755.46,65990,65722.1,1727430300000,3680
87.80131887000002,65686.3703,65755.46,65641.55,65892,65570.93,1727431200000,2935
61.20139828000001,65568.6966,65641.55,65580.98,65749,65509.47,1727432100000,2228
51.40268447000001,65556.6707,65579.34,65579.31,65727,65499.99,1727433000000,2280
55.550865740000006,65583.7471,65579.32,65504.11,65722,65497.23,1727433900000,2070
85.24382195,65551.6959,65510.1,65561.53,65687,65494.2,1727434800000,3025
66.54284318999999,65511.4951,65561.53,65385.79,65714,65381.2,1727435700000,3117
45.56729745999999,65400.1618,65391.11,65415.17,65520,65343.57,1727436600000,3192
59.464090690000006,65440.9199,65371.3,65447.05,65586,65371.2,1727437500000,2812
71.341171,65474.2646,65557.0,65485.89,65623,65418.71,1727438400000,3104
62.58156932,65408.6707,65485.9,65461.47,65599,65331.02,1727439300000,4037
201.50566016,65656.3517,65461.47,65798.07,65887,65456.23,1727440200000,6143
100.87379150999999,65820.9617,65754.7,65750.01,66001,65700.52,1727441100000,4478
148.32412635999998,65731.8078,65750.0,65651.49,65898,65645.8,1727442000000,4545
64.52856304,65703.9022,65655.4,65670.72,65852,65648.3,1727442900000,3829
239.22939562,65495.7004,65669.05,65449.26,65777,65369.2,1727443800000,6492
205.40181092,65527.5168,65426.6,65687.51,65775,65406.56,1727444700000,5231
797.9423879999999,65960.9059,65687.5,66103.07,66296,65569.74,1727445600000,13981
456.43569992,66208.2974,66103.07,66322.32,66443,65967.42,1727446500000,10759
559.87462599,66374.2699,66321.93,66333.67,66587,66133.1,1727447400000,13332
329.73688997000005,66339.6846,66336.64,66280.15,66497,66205.4,1727448300000,8905
266.14162884999996,66282.1481,66278.7,66329.38,66465,66197.06,1727449200000,7113
212.68229070000004,66384.7141,66334.76,66370.97,66541,66277.7,1727450100000,7019
147.07742611,66315.7241,66375.55,66236.47,66479,66236.47,1727451000000,5691
164.31109135,66133.3689,66236.47,66025.0,66387,66010.6,1727451900000,6152
134.14354198,66148.3988,66025.0,66130.44,66323,66004.2,1727452800000,5547
191.31824431,66036.916,66130.43,66111.5,66265,65893.29,1727453700000,6116
164.83470611,66198.7389,66111.5,66203.19,66383,66062.56,1727454600000,5994
211.92898696999995,66302.9152,66203.19,66325.58,66484,66143.16,1727455500000,5982
99.0265442,66206.1512,66325.06,66040.31,66488,66030.96,1727456400000,5787
156.23786775,65921.4312,66037.1,65824.4,66179,65800.0,1727457300000,6351
252.03066711,65806.0497,65828.25,65757.55,66057,65699.16,1727458200000,6295
103.23059773,65857.3634,65757.19,65926.6,66062,65739.0,1727459100000,5229
106.19265284,65851.1459,65924.49,65784.24,66062,65779.52,1727460000000,4478
185.84437603000003,65692.8683,65784.24,65605.24,65941,65595.32,1727460900000,5130
165.48607365,65630.7976,65605.24,65695.9,65827,65517.88,1727461800000,5543
109.54536530999998,65790.1229,65652.79,65894.62,65979,65652.79,1727462700000,4443
144.84310618,65872.7122,65894.61,65768.85,66093,65741.79,1727463600000,5067
131.20184201,65815.9272,65772.01,65786.94,65976,65759.78,1727464500000,4075
168.12190841999998,65783.2881,65786.73,65758.73,65949,65694.1,1727465400000,4445
198.79074749,65710.7408,65758.74,65664.45,65877,65628.96,1727466300000,5211
105.00793053000002,65700.7396,65664.44,65744.73,65864,65630.3,1727467200000,4230
67.76176436,65732.4553,65740.36,65761.83,65874,65678.92,1727468100000,3813
78.10205324,65815.589,65761.83,65884.39,65983,65756.05,1727469000000,3448
75.49378266000001,65860.048,65882.43,65808.24,66032,65794.48,1727469900000,3515
47.55814436,65813.8598,65808.24,65786.55,65977,65773.84,1727470800000,3200
49.48694089,65827.2195,65786.11,65977.0,65977,65763.81,1727471700000,3034
41.62679511999999,65854.4813,65870.35,65775.44,66004,65771.7,1727472600000,3014
48.00256372,65815.4174,65775.7,65825.19,65974,65773.97,1727473500000,2762
51.65435387000001,65858.237,65825.01,65910.37,66041,65765.28,1727474400000,3133
41.633309759999996,65898.9913,65910.36,65922.29,66064,65838.13,1727475300000,3051
61.22053712,65953.0067,65888.2,65947.71,66102,65888.1,1727476200000,3181
35.1090135,65909.396,65947.56,65884.77,66087,65872.36,1727477100000,2541
35.30362344,65884.2055,65885.02,65838.45,66025,65817.17,1727478000000,2823
71.33155522,65859.3632,65837.98,65751.98,65969,65725.0,1727478900000,3555
57.98079095,65752.4314,65750.28,65693.7,65915,65683.57,1727479800000,3015
37.831950570000004,65767.2315,65693.7,65789.0,65934,65685.93,1727480700000,2902
28.295548729999997,65806.4291,65788.8,65807.35,65953,65767.24,1727481600000,2520
30.11583087,65794.0025,65807.35,65743.92,65975,65733.15,1727482500000,2766
39.23054552,65843.4834,65743.91,65871.97,66000,65729.04,1727483400000,2886
23.34223046,65904.4542,65872.03,65911.82,66041,65840.14,1727484300000,2535
34.09170413,65876.0982,65904.6,65878.67,66042,65824.42,1727485200000,2547
27.520948880000002,65842.7651,65878.68,65864.0,66020,65804.74,1727486100000,2633
42.01106891,65840.8996,65836.19,65887.72,66019,65793.0,1727487000000,2942
50.24602371,65941.306,65892.38,66001.37,66110,65852.51,1727487900000,3033
40.11939913,65975.8309,66001.38,65961.25,66150,65908.64,1727488800000,2957
51.57305119,66018.2206,65961.26,66073.44,66199,65932.28,1727489700000,2970
68.51160315,66138.0113,66073.43,66156.04,66317,66065.94,1727490600000,3514
49.85714259999999,66167.2607,66155.4,66175.41,66328,66098.42,1727491500000,2771
44.400989779999996,66213.4629,66187.4,66146.71,66410,66133.99,1727492400000,2889
38.20358773,66091.2905,66169.7,66073.97,66317,66061.19,1727493300000,2792
36.84962781,66064.8192,66073.96,65994.58,66233,65994.58,1727494200000,2700
38.63695256,66068.5312,65994.58,66081.22,66211,65993.42,1727495100000,2443
35.82342935,66037.5572,66075.0,66003.67,66211,65974.84,1727496000000,2779
32.52000788,66064.9616,66003.68,66087.96,66209,65989.4,1727496900000,2391
28.5542706,66071.1428,66087.95,66072.37,66208,66043.74,1727497800000,2402
20.35526828,66031.447,66069.87,66025.31,66196,66000.16,1727498700000,1938
23.726916489999997,66017.8127,66038.6,65995.93,66158,65985.37,1727499600000,2092
34.23777266,65995.1584,65994.04,65933.11,66130,65932.71,1727500500000,2074
24.100990599999996,65993.0455,65935.29,66015.96,66145,65921.7,1727501400000,2124
33.2146342,65977.6409,65990.2,65965.89,66145,65915.95,1727502300000,2417
51.63420847999999,65911.5572,65965.42,65839.06,66099,65830.23,1727503200000,2704
40.35466709999999,65878.94,65830.78,65902.38,66024,65826.53,1727504100000,2085
54.90160774,65823.7331,65902.37,65898.0,66024,65750.14,1727505000000,2558
19.967543659999997,65824.0038,65780.11,65815.7,65942,65759.0,1727505900000,1556
9.833725839999998,65838.5665,65800.1,65818.52,65963,65800.0,1727506800000,1227
20.64991084,65835.8496,65818.52,65800.82,65953,65800.02,1727507700000,1326
44.41738567,65842.0742,65800.28,65856.5,66018,65768.92,1727508600000,1809
37.02587613,65858.4688,65904.74,65824.98,66018,65815.62,1727509500000,1392
64.27868194,65743.4379,65849.5,65641.67,65968,65638.09,1727510400000,1781
22.9315095,65691.8043,65642.05,65655.39,65837,65638.97,1727511300000,1367
27.642235009999993,65652.3823,65655.86,65726.03,65873,65582.0,1727512200000,1628
26.311433349999994,65680.4812,65726.03,65643.98,65874,65625.98,1727513100000,1352
63.14359998000001,65553.5076,65647.1,65526.51,65806,65462.8,1727514000000,2621
27.90743418,65551.4181,65526.51,65532.39,65723,65487.04,1727514900000,1614
12.309438449999998,65561.6252,65532.38,65600.98,65727,65519.6,1727515800000,1165
28.10843213,65569.047,65600.98,65639.09,65761,65542.4,1727516700000,1254
21.094995179999998,65624.7015,65639.11,65706.07,65814,65579.38,1727517600000,1215
12.65878654,65683.856,65706.07,65671.29,65825,65646.36,1727518500000,1243
43.92240676,65743.6006,65671.28,65755.77,65899,65670.01,1727519400000,1699
41.31459382,65753.0371,65755.81,65770.82,65909,65721.42,1727520300000,1500
16.96894035,65781.1324,65770.82,65730.0,65918,65729.37,1727521200000,1298
11.511177660000001,65755.5275,65730.0,65724.33,65896,65721.16,1727522100000,1118
11.89813885,65760.0097,65720.86,65769.81,65918,65700.0,1727523000000,1316
16.04190293,65786.1444,65749.9,65802.27,65950,65737.67,1727523900000,1237
27.325089030000004,65770.0759,65780.6,65708.17,65949,65647.25,1727524800000,1672
18.707608009999998,65657.7562,65701.63,65644.18,65870,65626.14,1727525700000,1592
58.51812991,65571.0926,65644.17,65465.31,65821,65450.01,1727526600000,2446
36.920445640000004,65552.1021,65465.31,65554.69,65733,65465.31,1727527500000,1817
33.34056318,65523.8002,65556.37,65454.11,65715,65450.0,1727528400000,2004
28.244463980000006,65512.7755,65454.1,65507.3,65701,65432.1,1727529300000,2037
24.79200683,65537.7265,65507.4,65620.78,65770,65480.21,1727530200000,1826
27.33090082,65554.6351,65620.79,65540.07,65766,65518.31,1727531100000,1708
35.80202114,65643.2074,65570.1,65647.75,65853,65540.1,1727532000000,2071
70.26114572,65754.263,65647.75,65723.67,65957,65647.75,1727532900000,2439
30.355259320000002,65768.028,65723.67,65769.28,65942,65723.67,1727533800000,1790
19.221342850000003,65731.3777,65769.29,65735.62,65915,65700.64,1727534700000,1816
32.03873266,65709.2961,65733.5,65696.92,65867,65681.61,1727535600000,2008
29.99174052,65672.332,65696.91,65680.35,65837,65629.45,1727536500000,2036
25.11258921,65664.9538,65680.35,65634.23,65836,65632.21,1727537400000,2085
18.048514939999997,65635.3171,65634.24,65635.1,65791,65621.85,1727538300000,1902
40.90330264000001,65614.7836,65633.94,65619.17,65779,65588.9,1727539200000,1943
50.487329499999994,65618.0481,65619.92,65672.72,65804,65557.48,1727540100000,2066
32.111655819999996,65587.2067,65672.16,65540.71,65804,65531.01,1727541000000,2047
28.742432,65536.6136,65565.1,65525.14,65708,65501.01,1727541900000,2049
32.90713572000001,65588.1749,65525.28,65602.74,65721,65513.3,1727542800000,1763
34.625622199999995,65634.5132,65602.75,65696.15,65839,65554.63,1727543700000,1955
19.458119770000003,65661.7135,65696.15,65657.16,65835,65628.2,1727544600000,1706
12.261411299999999,65643.2838,65661.2,65643.64,65798,65611.21,1727545500000,1681
33.87254549,65730.9545,65643.64,65793.74,65901,65642.23,1727546400000,2131
33.339194109999994,65810.0405,65793.73,65776.88,65952,65760.1,1727547300000,1992
31.68133183999999,65764.8953,65776.89,65732.52,65923,65728.13,1727548200000,1923
15.531692849999999,65723.0568,65732.52,65707.92,65892,65700.01,1727549100000,1787
19.36697767,65719.5873,65710.34,65737.58,65867,65700.0,1727550000000,1637
18.231032420000002,65760.8205,65737.57,65869.0,65904,65724.14,1727550900000,1846
22.423629880000004,65726.0629,65730.02,65735.13,65868,65700.42,1727551800000,1847
15.921097959999999,65732.6643,65733.37,65737.02,65860,65709.42,1727552700000,1628
17.020266269999997,65756.6402,65736.47,65769.89,65895,65713.25,1727553600000,1660
13.14699475,65763.4173,65765.6,65773.96,65892,65738.01,1727554500000,1504
23.865651749999998,65754.1625,65773.96,65749.12,65893,65738.02,1727555400000,1624
32.586221720000005,65691.8835,65749.11,65654.96,65879,65650.0,1727556300000,1831
39.19214724,65627.9496,65654.96,65573.85,65795,65553.55,1727557200000,2253
96.73417458999998,65534.8041,65572.36,65595.14,65724,65450.01,1727558100000,2871
40.17145584,65639.5107,65595.13,65683.14,65790,65594.82,1727559000000,1813
20.10111607,65666.338,65682.83,65705.24,65797,65645.52,1727559900000,1420
167.49695455,65577.5168,65666.4,65658.65,65847,65400.0,1727560800000,2936
29.941043709999995,65699.3755,65658.65,65732.05,65842,65616.9,1727561700000,1773
26.06170136,65742.3075,65720.3,65727.93,65880,65687.2,1727562600000,1772
19.912230610000005,65732.8959,65722.57,65687.33,65867,65687.0,1727563500000,1682
24.084198420000003,65674.065,65688.82,65649.54,65823,65649.19,1727564400000,1777
17.12704791,65650.0316,65649.54,65667.22,65784,65622.0,1727565300000,1570
13.90904451,65693.2959,65634.3,65731.0,65813,65634.2,1727566200000,1416
147.86630846,65874.3512,65730.99,65858.99,66106,65705.6,1727567100000,3174
33.35895326,65871.4661,65862.7,65856.72,66019,65804.86,1727568000000,1928
45.32205279,65935.4636,65856.71,65898.59,66105,65838.36,1727568900000,2064
42.290104719999995,65819.833,65898.59,65752.1,66047,65744.11,1727569800000,2260
36.21068394000001,65715.5476,65753.02,65685.32,65911,65641.23,1727570700000,2096
24.924761580000002,65739.5192,65700.2,65697.93,65889,65684.18,1727571600000,2000
24.79940006,65752.5215,65694.64,65768.6,65935,65667.07,1727572500000,1901
17.24823884,65764.8426,65768.52,65755.1,65922,65708.55,1727573400000,1784
25.11477226,65830.9079,65758.13,65849.7,65992,65755.0,1727574300000,1719
20.488170219999997,65883.4112,65873.38,65882.95,66053,65818.76,1727575200000,1596
44.77197087,65910.579,65882.94,65907.76,66064,65831.54,1727576100000,2273
17.899934449999996,65878.5774,65907.72,65867.37,66057,65830.23,1727577000000,1571
16.68529255,65902.1351,65864.83,65862.7,66036,65815.59,1727577900000,1582
21.271034269999998,65790.5001,65824.14,65777.99,65983,65763.73,1727578800000,1486
14.212763849999998,65780.4353,65778.0,65828.34,65946,65727.3,1727579700000,1594
15.687496670000002,65816.1993,65828.35,65824.29,65961,65783.13,1727580600000,1390
11.57779734,65819.804,65824.28,65819.53,65961,65802.51,1727581500000,1218
12.370525269999998,65789.7616,65813.9,65742.02,65959,65739.7,1727582400000,1429
13.2040357,65736.9076,65742.02,65759.6,65889,65696.41,1727583300000,1259
14.114465990000001,65732.3374,65759.61,65742.01,65868,65700.0,1727584200000,1103
17.192087290000003,65716.5342,65742.0,65753.03,65867,65690.01,1727585100000,1249
11.00609519,65740.9295,65714.4,65722.01,65867,65714.3,1727586000000,1165
11.2130951,65742.2706,65722.01,65738.07,65889,65714.3,1727586900000,1068
45.10812487000001,65645.0515,65738.07,65566.81,65867,65566.81,1727587800000,1824
49.06442967999999,65573.2617,65569.29,65606.15,65725,65520.97,1727588700000,1564
23.85404362,65604.825,65726.0,65578.52,65740,65570.0,1727589600000,1347
37.07691181,65546.2163,65572.17,65592.5,65716,65509.14,1727590500000,1386
18.13165723,65561.0907,65603.61,65541.53,65721,65516.38,1727591400000,1159
29.745932869999997,65521.7318,65544.71,65503.68,65661,65489.11,1727592300000,1317
15.019503039999998,65532.4846,65508.7,65563.15,65678,65496.09,1727593200000,1217
14.263367579999999,65519.2328,65563.15,65519.42,65684,65467.61,1727594100000,1130
11.636040409999996,65530.1874,65519.42,65525.92,65679,65500.0,1727595000000,953
62.560249129999995,65484.7851,65526.55,65480.91,65650,65433.29,1727595900000,1543
33.527679400000004,65502.3943,65479.2,65524.32,65645,65456.75,1727596800000,1087
37.44069136,65497.4483,65517.8,65445.64,65644,65441.29,1727597700000,1069
17.610776590000004,65545.3397,65448.16,65571.4,65717,65448.15,1727598600000,1053
40.869753970000005,65582.3192,65592.51,65566.5,65723,65560.0,1727599500000,987
20.551716369999994,65640.0765,65566.5,65661.61,65788,65565.71,1727600400000,1166
26.176034870000002,65624.6146,65661.6,65604.77,65791,65592.59,1727601300000,1167
5.265673830000001,65625.1853,65601.5,65617.36,65750,65601.4,1727602200000,749
9.00007263,65595.9868,65617.36,65587.4,65750,65574.17,1727603100000,833
16.26185568,65579.6226,65600.1,65551.43,65726,65541.72,1727604000000,977
53.94328423,65507.4607,65551.43,65486.66,65695,65469.0,1727604900000,1078
34.244464959999995,65518.9918,65486.67,65537.73,65639,65478.06,1727605800000,921
14.53523548,65549.9106,65537.73,65575.81,65684,65509.7,1727606700000,998
30.121469140000002,65637.8611,65540.4,65652.3,65773,65540.3,1727607600000,1098
15.67758585,65654.9261,65656.61,65657.41,65785,65614.8,1727608500000,937
22.96828829,65693.1748,65658.79,65694.15,65830,65622.1,1727609400000,1333
15.19986819,65704.1597,65675.0,65701.78,65837,65674.9,1727610300000,1079
12.40666553,65734.8522,65702.06,65868.0,65890,65700.0,1727611200000,1106
27.508732009999996,65732.505,65868.0,65689.29,65899,65670.01,1727612100000,1369
30.370241659999998,65697.6536,65689.3,65715.12,65840,65666.16,1727613000000,1179
26.30793236,65681.0753,65715.12,65639.79,65852,65621.64,1727613900000,1323
30.505187240000005,65661.1405,65639.78,65769.82,65880,65585.59,1727614800000,1755
20.928418430000004,65776.9827,65770.75,65735.37,65932,65724.05,1727615700000,1430
39.617275750000005,65776.5011,65740.0,65819.1,65987,65723.21,1727616600000,1901
50.027869200000005,65823.9189,65819.2,65819.56,65985,65790.85,1727617500000,1555
29.38874521,65770.6719,65819.56,65757.24,65953,65715.49,1727618400000,1766
25.022777939999997,65751.6411,65757.24,65731.34,65917,65708.52,1727619300000,1773
38.69931244000001,65718.6853,65731.33,65697.91,65878,65681.0,1727620200000,1909
26.003944200000003,65692.5919,65697.85,65704.3,65845,65661.9,1727621100000,1724
77.82299021999998,65662.5022,65700.0,65714.56,65833,65580.1,1727622000000,2939
58.34762066999999,65753.4398,65711.34,65652.78,65939,65614.94,1727622900000,2327
22.6168872,65710.8268,65652.62,65743.79,65873,65639.26,1727623800000,1932
30.830498640000002,65780.7688,65746.59,65763.87,65911,65717.8,1727624700000,2275
31.58674409,65772.4387,65746.9,65764.38,65912,65723.97,1727625600000,2324
20.426704210000004,65737.8881,65764.38,65718.51,65879,65702.98,1727626500000,1905
32.84426805,65703.3131,65716.65,65740.41,65853,65663.69,1727627400000,2303
28.243380910000003,65775.124,65834.0,65774.91,65916,65700.0,1727628300000,1951
110.13733219999999,65870.2122,65772.0,65888.42,66047,65771.66,1727629200000,2640
37.325137680000005,65899.9564,65888.43,65868.59,66046,65848.78,1727630100000,2127
39.79048831,65893.8337,65868.59,65862.94,66029,65861.0,1727631000000,2253
38.83547546999999,65834.024,65862.94,65828.16,66008,65795.33,1727631900000,1748
43.94555025000001,65816.1408,65828.17,65798.38,65975,65776.14,1727632800000,1998
27.047361260000002,65792.3765,65798.38,65768.89,65942,65755.09,1727633700000,1997
28.059180220000002,65816.1818,65770.11,65814.6,65974,65760.0,1727634600000,1905
14.14894488,65799.1305,65810.95,65804.92,65949,65776.48,1727635500000,1796
21.127204819999996,65815.0697,65804.92,65829.6,65923,65793.0,1727636400000,1679
20.317048289999995,65861.4974,65829.99,65853.7,65986,65829.6,1727637300000,1895
21.26568264,65875.8831,65853.69,65909.99,66005,65844.2,1727638200000,1786
36.4047718,65953.296,65872.8,65967.93,66086,65872.8,1727639100000,1911
156.21220522,66025.0609,65967.93,65931.91,66193,65885.48,1727640000000,4398
41.73617285000001,65927.1168,65903.0,65916.15,66129,65844.55,1727640900000,2165
53.229033480000005,65925.4051,65916.15,65865.5,66081,65841.46,1727641800000,2388
37.497344860000005,65838.5272,65865.51,65829.09,65997,65815.52,1727642700000,1907
31.996444329999996,65861.8081,65839.1,65868.26,66012,65802.32,1727643600000,1845
25.69696598,65927.9655,65868.26,65862.39,66092,65850.53,1727644500000,1766
29.550313269999993,65843.9376,65862.38,65857.17,66018,65800.0,1727645400000,1874
12.23079096,65852.6789,65857.16,65879.2,65979,65810.01,1727646300000,1583
142.72176202999998,65800.9419,65879.19,65736.83,66043,65627.89,1727647200000,4635
83.14585699,65669.9163,65736.83,65753.41,65886,65595.01,1727648100000,3281
43.09889693,65768.6078,65750.8,65695.02,65929,65686.56,1727649000000,2363
56.93098347,65701.6862,65698.72,65676.51,65884,65647.32,1727649900000,2485
94.30187133999999,65618.7596,65675.32,65611.1,65828,65551.27,1727650800000,2887
90.10107931,65591.0866,65637.17,65555.7,65763,65524.26,1727651700000,2708
87.17323183,65581.0683,65555.7,65627.21,65732,65528.82,1727652600000,2826
75.85745166,65667.9834,65626.22,65600.01,65831,65583.9,1727653500000,2932
155.99749984000002,65535.8325,65600.01,65502.95,65759,65462.79,1727654400000,3818
214.92175956,65400.9369,65500.02,65251.24,65650,65213.6,1727655300000,5537
212.12373167000004,65217.1453,65252.37,65348.45,65449,65107.35,1727656200000,5919
87.15532234,65390.9968,65348.24,65472.17,65587,65300.0,1727657100000,2904
131.19735997,65398.9447,65469.1,65300.29,65654,65234.35,1727658000000,3779
75.61477208999999,65230.9489,65293.38,65294.47,65424,65181.2,1727658900000,2944
55.54061209999999,65222.848,65291.16,65170.05,65431,65156.22,1727659800000,2594
510.81047113000005,64958.0222,65170.05,64765.74,65300,64740.26,1727660700000,9794
302.10397217,64620.066,64768.75,64529.34,64921,64414.75,1727661600000,7938
123.04224202,64576.9537,64529.34,64666.0,64798,64484.9,1727662500000,4099
148.08692383,64431.3839,64493.77,64462.64,64686,64326.4,1727663400000,4806
154.80297237,64472.9505,64460.83,64568.0,64609,64328.83,1727664300000,4797
240.08059197999998,64355.5933,64372.47,64416.02,64609,64178.03,1727665200000,7033
114.53354381,64391.0664,64415.25,64402.99,64588,64311.12,1727666100000,3931
142.02750813,64502.4215,64402.99,64480.43,64755,64363.47,1727667000000,3945
180.41275782,64506.4641,64478.27,64561.52,64705,64431.36,1727667900000,3783
82.59131551,64504.7266,64557.5,64447.21,64704,64414.86,1727668800000,2867
79.77460036,64407.491,64447.21,64351.85,64625,64313.89,1727669700000,2875
56.63809926000001,64424.9091,64351.85,64431.57,64622,64307.2,1727670600000,2231
31.151417999999996,64442.3199,64431.58,64430.55,64618,64400.0,1727671500000,1829
45.94214087,64439.486,64435.2,64421.3,64652,64386.28,1727672400000,1991
65.31090855,64474.7063,64425.32,64513.9,64670,64420.01,1727673300000,1964
104.07239333,64502.3328,64513.9,64459.19,64671,64445.44,1727674200000,1946
44.87316903,64487.7112,64459.19,64527.25,64660,64434.25,1727675100000,1963
111.63296769,64652.1094,64522.4,64642.5,64834,64520.42,1727676000000,3547
103.80039654000002,64585.0799,64642.5,64511.93,64779,64492.13,1727676900000,3381
68.21177100999999,64486.3103,64512.27,64421.61,64667,64420.01,1727677800000,2061
77.71442403,64418.7644,64421.6,64506.0,64609,64345.15,1727678700000,2054
95.54426382,64527.5731,64360.0,64595.14,64789,64335.53,1727679600000,3385
55.44716416,64589.4898,64598.21,64577.73,64802,64532.72,1727680500000,2737
38.87930303,64570.5568,64577.72,64534.23,64739,64519.35,1727681400000,1940
24.60275891,64563.9949,64534.12,64559.58,64725,64534.12,1727682300000,1365
49.018804939999995,64475.4592,64559.57,64428.28,64704,64403.53,1727683200000,2448
91.50123188,64342.7529,64428.3,64284.06,64583,64230.01,1727684100000,3269
245.5905716,64288.7729,64284.05,64367.0,64494,64118.48,1727685000000,4858
148.10083254999998,64180.8753,64202.11,64310.21,64459,64029.44,1727685900000,4013
61.84369443,64126.9773,64305.1,64075.65,64450,64017.65,1727686800000,3024
344.41623296,63920.4786,64075.64,63964.37,64237,63707.19,1727687700000,7537
80.13580876000002,63868.8381,63968.42,63848.81,64154,63774.66,1727688600000,3037
137.62042603,63706.9758,63846.7,63700.0,64005,63527.96,1727689500000,4550
360.52756897000006,63426.5065,63527.62,63303.61,63774,63241.66,1727690400000,9005
286.84021329,63463.3718,63301.88,63594.0,63730,63241.67,1727691300000,7268
62.74118334,63538.0116,63597.98,63566.57,63705,63462.57,1727692200000,2754
67.24334712,63608.0868,63568.21,63641.97,63743,63510.1,1727693100000,2369
116.35310759999999,63588.8887,63637.62,63688.22,63800,63500.47,1727694000000,3206
57.07646803000001,63665.4204,63688.22,63711.74,63802,63600.0,1727694900000,2594
89.32737138,63688.7206,63681.5,63642.87,63845,63614.96,1727695800000,2776
126.08023897,63730.6389,63636.0,63816.31,63963,63546.23,1727696700000,3652
70.06627157000001,63814.4067,63843.9,63821.9,63962,63751.56,1727697600000,2927
42.67354879999999,63831.3481,63822.2,63817.61,63972,63788.0,1727698500000,2215
113.93929429,63848.7403,63835.9,63919.0,63987,63751.27,1727699400000,4000
151.03672554,64010.6836,63919.0,64034.59,64273,63764.16,1727700300000,4498
128.45191505,64081.4583,64034.59,64101.16,64272,63976.29,1727701200000,4398
115.66653539999999,64058.5329,64101.16,63974.4,64273,63940.43,1727702100000,3718
321.62002443,63946.8863,63979.0,63944.1,64201,63808.01,1727703000000,7053
135.98233398000002,63984.9329,63944.1,63865.41,64215,63852.0,1727703900000,4129
409.5526924600001,63763.9592,63886.4,63741.68,64060,63550.0,1727704800000,8600
163.20920807000002,63676.6563,63741.67,63795.54,63932,63575.01,1727705700000,5779
184.39629765,63867.321,63795.53,63903.89,64146,63702.89,1727706600000,4995
108.54012681999998,63844.2268,63893.9,63739.61,64087,63721.77,1727707500000,4045
132.42197481,63736.358,63750.1,63791.99,63981,63612.68,1727708400000,4807
165.39604545,63889.9483,63803.56,63845.58,64101,63766.6,1727709300000,4973
95.34797633,63719.5329,63845.83,63749.62,63994,63611.66,1727710200000,4274
113.73261638,63652.3028,63744.39,63548.32,63959,63519.41,1727711100000,5095
214.47908929000002,63582.1051,63567.1,63625.7,63786,63504.18,1727712000000,6817
243.48054665,63640.7948,63625.7,63608.39,63829,63590.16,1727712900000,5006
245.65758935999995,63537.7575,63608.71,63515.18,63751,63433.68,1727713800000,6299
184.62486466999997,63503.1482,63516.2,63468.7,63720,63441.88,1727714700000,4945
201.28828065,63463.1162,63468.7,63431.73,63656,63388.06,1727715600000,5942
225.20526056,63535.6301,63431.73,63436.84,63766,63406.11,1727716500000,5612
241.77947494,63479.269,63436.84,63630.53,63748,63345.16,1727717400000,7299
205.84877716,63584.1354,63630.53,63666.13,63818,63530.26,1727718300000,5890
176.44260988,63512.2522,63803.0,63368.81,63825,63271.8,1727719200000,5573
398.85894256,63151.0285,63365.81,63141.23,63496,63032.77,1727720100000,10190
142.88614706999996,63255.1438,63141.22,63335.21,63532,63031.6,1727721000000,5443
98.24403546,63365.3142,63332.02,63305.79,63572,63297.54,1727721900000,4083
163.5575839,63361.7595,63306.16,63324.03,63605,63250.0,1727722800000,5445
133.18283671999998,63360.1124,63322.23,63425.0,63542,63290.64,1727723700000,4389
133.81220101,63417.5273,63424.99,63403.01,63612,63327.48,1727724600000,4961
268.6007252,63508.342,63403.0,63464.76,63730,63392.85,1727725500000,7830
128.63811704999998,63557.1091,63462.97,63594.44,63779,63421.29,1727726400000,4379
89.73170741,63655.5946,63594.07,63644.64,63824,63579.27,1727727300000,3419
91.0130422,63701.2873,63644.63,63679.27,63889,63621.1,1727728200000,3274
73.23710561,63774.4204,63678.91,63786.67,63960,63652.58,1727729100000,3597
72.20794912000001,63774.4842,63781.0,63738.76,63949,63728.67,1727730000000,2878
30.36076952,63741.7571,63736.71,63769.57,63900,63714.32,1727730900000,1868
48.21337206,63722.7911,63771.47,63616.38,63929,63613.93,1727731800000,2803
35.617855260000006,63686.4756,63616.38,63684.12,63837,63616.38,1727732700000,2303
52.27528999,63711.7449,63684.12,63721.02,63865,63632.3,1727733600000,2936
49.41986891,63640.8567,63721.02,63571.05,63860,63557.0,1727734500000,3192
62.22426153000001,63599.0605,63600.5,63576.25,63769,63554.0,1727735400000,2941
84.22058501,63573.6864,63576.25,63464.77,63730,63459.76,1727736300000,3303
202.56005032,63528.3373,63464.77,63545.12,63744,63283.75,1727737200000,5613
56.054817820000004,63445.1285,63545.12,63340.3,63710,63334.0,1727738100000,3161
227.7788222,63067.7494,63364.3,62956.41,63511,62833.95,1727739000000,7855
166.94594088,63178.6755,62960.66,63301.25,63468,62960.66,1727739900000,5827
136.6343109,63306.0537,63305.52,63182.7,63635,63136.74,1727740800000,5411
197.49885908000002,63114.0399,63182.69,63317.13,63468,62963.28,1727741700000,6053
107.63178074999998,63312.6826,63314.79,63376.8,63521,63215.18,1727742600000,4403
158.26694654000002,63474.6702,63376.8,63491.87,63702,63342.0,1727743500000,3917
191.39327996999998,63520.7629,63494.1,63469.26,63742,63390.06,1727744400000,4979
89.00474116000001,63480.1028,63469.26,63530.45,63680,63413.77,1727745300000,3404
87.74266402,63540.9963,63530.45,63532.22,63721,63494.37,1727746200000,2919
127.72805061000001,63414.9208,63532.22,63413.28,63711,63349.6,1727747100000,4340
215.10710068,63274.4075,63416.46,63179.2,63582,63122.75,1727748000000,5483
110.63637164000001,63235.2727,63178.26,63283.3,63465,63129.15,1727748900000,3727
96.20290365000001,63310.2157,63300.1,63291.78,63498,63261.5,1727749800000,3044
99.78901869000002,63292.7142,63291.26,63386.6,63547,63214.85,1727750700000,3144
117.00536982999999,63460.007,63390.0,63563.19,63699,63362.97,1727751600000,3313
156.41614908,63548.5348,63528.8,63481.9,63788,63456.42,1727752500000,3714
172.92499129000004,63568.6967,63481.59,63690.34,63838,63473.02,1727753400000,4354
182.19691072,63653.8293,63650.9,63677.63,63845,63596.25,1727754300000,4184
160.70212896000007,63671.7776,63679.2,63629.19,63965,63595.83,1727755200000,4654
68.2010217,63690.6588,63629.19,63736.91,63890,63621.55,1727756100000,2586
57.69441518,63767.9484,63740.89,63770.0,63971,63704.16,1727757000000,3111
50.000562009999996,63770.4725,63771.31,63817.07,63982,63724.69,1727757900000,2371
50.722134690000004,63762.36,63791.0,63715.15,63996,63676.88,1727758800000,2603
33.63632363999999,63700.4055,63715.14,63684.45,63898,63632.03,1727759700000,1958
22.13212287,63676.0647,63684.74,63661.04,63851,63637.49,1727760600000,1576
22.9589823,63698.5251,63677.3,63724.16,63875,63660.53,1727761500000,1388
50.00936728,63834.9005,63724.15,63843.71,64030,63699.1,1727762400000,2203
50.23910896,63953.735,63843.7,63949.9,64141,63843.7,1727763300000,2666
40.39581233,63945.1202,63949.9,63892.63,64122,63870.0,1727764200000,1958
42.32745295,63984.3923,63891.74,64061.9,64200,63891.74,1727765100000,2195
73.44008486999999,64008.1442,64012.93,63937.4,64181,63925.01,1727766000000,2734
24.48707302,63978.2843,63934.6,63992.43,64142,63900.0,1727766900000,1946
51.23973286999999,64066.5895,63993.46,64082.4,64217,63930.26,1727767800000,2426
30.29487933,64036.4274,64084.66,63999.9,64200,63971.5,1727768700000,1712
44.966490529999994,64022.3205,64031.23,63940.63,64199,63936.43,1727769600000,2088
53.450459069999994,63936.2943,63980.1,63946.0,64098,63905.61,1727770500000,2084
45.412504299999995,63928.9864,63946.1,63859.99,64098,63859.98,1727771400000,2233
54.663702060000006,63916.1947,63863.8,63937.04,64066,63821.66,1727772300000,2269
44.61925343000001,64027.7766,63936.0,64069.09,64214,63915.08,1727773200000,2385
39.25969645,64043.6695,64069.09,64048.12,64200,63987.99,1727774100000,2385
33.405415250000004,63984.4967,64048.11,63931.48,64175,63921.48,1727775000000,1861
29.430072949999996,63924.434,63931.47,63851.27,64077,63850.05,1727775900000,1780
68.62552708999999,63804.9482,63851.27,63744.38,64002,63709.6,1727776800000,2496
37.9031443,63816.2625,63739.52,63845.78,63967,63728.8,1727777700000,2209
33.9533123,63856.1368,63845.75,63871.56,64005,63806.17,1727778600000,1872
26.934990739999996,63916.3603,63871.56,63906.23,64056,63871.55,1727779500000,1782
52.34296651,63940.2988,63900.0,63926.03,64072,63898.99,1727780400000,2304
32.45537243,63872.1126,63926.03,63825.06,64049,63811.38,1727781300000,2169
46.20532856,63783.1938,63825.06,63784.51,63950,63734.5,1727782200000,2266
65.29752187,63769.7803,63778.0,63719.48,63938,63710.1,1727783100000,2589
45.10179887000001,63771.9549,63719.48,63765.12,63878,63669.64,1727784000000,2677
48.20704828,63802.0937,63765.11,63765.47,63919,63707.2,1727784900000,2581
73.28570237999999,63736.9915,63765.47,63619.03,63901,63607.87,1727785800000,3324
62.65059639000002,63651.6545,63619.44,63659.29,63806,63555.92,1727786700000,3394
57.72489354000001,63589.6395,63659.81,63526.54,63777,63500.91,1727787600000,3181
133.54412223999998,63450.9336,63526.54,63388.57,63629,63375.72,1727788500000,4476
741.6684212600001,62913.0727,63383.5,62769.76,63535,62500.0,1727789400000,17733
500.40335531000005,62657.3221,62799.9,62849.19,63053,62493.78,1727790300000,12313
530.11116533,62801.5921,62860.0,62680.99,63178,62514.08,1727791200000,14012
248.68689696,62796.4728,62680.98,62782.55,63141,62577.46,1727792100000,8537
427.41261776,62634.764,62784.83,62774.56,63019,62403.22,1727793000000,11810
362.44432958,62568.4445,62769.85,62570.81,62921,62431.11,1727793900000,9373
992.2422862,62115.2198,62584.0,62120.92,62778,61762.39,1727794800000,21032
433.66614446999995,62160.9207,62117.21,62338.67,62459,62022.33,1727795700000,11194
378.83582579999995,62550.8282,62338.67,62669.35,62906,62305.76,1727796600000,9227
180.20275288,62671.559,62676.7,62614.01,62864,62600.0,1727797500000,6007
129.37578678,62643.1038,62624.2,62530.77,62891,62524.09,1727798400000,6282
326.86168034,62350.3468,62529.2,62297.89,62714,62141.8,1727799300000,7702
403.16919841000004,62143.4891,62297.77,62006.57,62439,61900.0,1727800200000,12357
489.5973519600001,62178.1689,62006.65,62438.96,62610,61872.01,1727801100000,12491
240.19712901999998,62130.7019,62450.5,61956.88,62560,61934.93,1727802000000,7772
1051.4041639499997,61449.2216,61956.89,61538.84,62100,61060.0,1727802900000,22928
346.71222949,61652.9732,61531.84,61911.0,61937,61482.7,1727803800000,11069
438.98199038,61982.5211,61786.95,62148.0,62318,61738.8,1727804700000,10245
311.10861194999995,62234.7852,62256.0,62273.06,62475,62034.35,1727805600000,8430
336.25797698,62222.9963,62273.05,62324.37,62470,62103.75,1727806500000,7988
197.35793632000002,62199.0199,62324.36,62020.1,62535,62004.07,1727807400000,6578
173.98509874,61960.368,62020.1,61965.35,62149,61840.98,1727808300000,6961
558.76297533,61867.4039,61976.19,61769.05,62085,61752.1,1727809200000,9091
860.8471019399999,61881.2117,61769.0,62041.19,62178,61581.55,1727810100000,13940
638.6661352400001,61956.5474,62041.2,61861.0,62190,61807.91,1727811000000,11113
661.1796169599999,61806.7348,61862.61,61745.74,61980,61682.5,1727811900000,11403
379.05307605999997,61437.2426,61846.0,61303.47,61858,61159.0,1727812800000,10519
590.7927716499998,60885.3356,61309.43,60731.08,61485,60572.68,1727813700000,13425
629.03499779,60521.4165,60730.87,60598.72,61006,60150.89,1727814600000,16510
365.68334666,60690.4498,60602.94,60786.74,60972,60353.98,1727815500000,9569
173.57361731,60815.5384,60928.0,60920.0,61040,60638.24,1727816400000,6401
120.24153853000001,60842.0346,60920.0,60849.95,61056,60714.22,1727817300000,4989
84.86680622,60834.573,60849.95,60912.65,61084,60695.6,1727818200000,4614
196.64889188,61100.9891,60912.66,61145.1,61351,60900.13,1727819100000,4985
149.53540411999998,60917.3709,61127.54,60867.27,61281,60758.3,1727820000000,5885
75.30859323000001,60858.333,60867.26,60817.22,61084,60764.48,1727820900000,4147
114.53361477,60751.3306,60842.9,60662.75,60989,60640.01,1727821800000,4745
108.38293741,60732.8885,60668.81,60754.76,60945,60608.07,1727822700000,4272
88.23001323,60754.5602,60899.0,60776.9,60984,60625.86,1727823600000,4405
87.44664767999998,60803.7145,60776.84,60669.95,60997,60663.7,1727824500000,4096
77.17870720000002,60897.1699,60821.0,60948.5,61143,60661.28,1727825400000,3909
44.952283009999995,60899.6257,60972.59,60790.0,61098,60790.0,1727826300000,3613
66.68451696,60840.1714,60819.1,60824.85,61068,60745.42,1727827200000,4190
78.80363858,60879.4632,60824.84,60953.98,61159,60711.09,1727828100000,4310
94.09920766000002,61085.26,60953.98,61106.55,61314,60916.5,1727829000000,4800
67.24708893,61020.3082,61106.55,61043.0,61260,60954.46,1727829900000,4136
72.37567674000002,61192.2644,61023.39,61270.6,61402,60975.13,1727830800000,3918
75.11972471,61286.3336,61270.6,61375.0,61537,61172.02,1727831700000,3661
52.714721690000005,61381.1009,61375.0,61367.53,61579,61310.73,1727832600000,3127
63.203054879999996,61451.896,61367.52,61502.2,61642,61365.0,1727833500000,3292
69.99759602,61500.6777,61503.93,61513.4,61694,61411.25,1727834400000,3198
84.31394505000002,61549.3481,61518.68,61615.26,61770,61471.45,1727835300000,3630
46.10162943000001,61611.5648,61615.27,61651.93,61831,61560.8,1727836200000,3151
92.86663723,61784.8497,61649.4,61764.61,61921,61626.48,1727837100000,3603
53.936315300000004,61755.3199,61764.61,61753.26,61936,61678.79,1727838000000,3087
43.28015659,61763.0511,61764.02,61715.6,61942,61669.28,1727838900000,2887
85.93036545999999,61745.2795,61715.6,61848.51,62000,61645.08,1727839800000,2812
32.26015911,61791.3085,61854.22,61760.1,61988,61728.21,1727840700000,2397
56.589025070000005,61674.1285,61760.1,61784.0,61876,61601.54,1727841600000,2724
62.981596810000006,61553.1051,61676.42,61616.81,61794,61476.58,1727842500000,2786
41.992272799999995,61502.9238,61616.8,61502.66,61743,61426.43,1727843400000,2506
35.43954622,61490.0944,61502.65,61481.55,61681,61442.85,1727844300000,2373
40.1104334,61524.7968,61486.1,61517.7,61683,61455.75,1727845200000,2548
36.83908823,61477.6511,61496.58,61434.34,61709,61369.93,1727846100000,2793
22.415057239999996,61431.2489,61433.93,61482.85,61601,61378.2,1727847000000,2155
24.459609509999996,61402.7217,61482.85,61477.53,61602,61323.66,1727847900000,2168
27.07284874,61483.2785,61478.5,61549.17,61676,61329.35,1727848800000,2290
25.312343600000002,61524.2194,61549.17,61588.61,61729,61478.99,1727849700000,1975
59.820446659999995,61693.3307,61588.61,61759.99,61865,61556.7,1727850600000,2749
56.40455419,61738.0622,61759.98,61692.04,61883,61685.96,1727851500000,2261
38.38683754,61669.2597,61732.4,61649.99,61847,61581.08,1727852400000,1952
24.0555335,61657.0185,61649.98,61719.77,61839,61575.01,1727853300000,1856
98.35574904,61856.3188,61719.42,61837.18,62055,61702.2,1727854200000,3065
67.40173427,61807.5765,61837.17,61709.08,62031,61694.88,1727855100000,2574
34.63775947999999,61667.3327,61712.59,61630.1,61859,61587.5,1727856000000,1965
28.824614420000003,61698.9516,61630.1,61702.61,61864,61606.16,1727856900000,1573
29.416869260000006,61860.0037,61703.08,61837.59,62022,61683.32,1727857800000,1583
24.228530540000005,61813.4331,61837.59,61786.69,61989,61750.01,1727858700000,1603
34.219938930000005,61727.9974,61809.9,61658.93,61936,61638.63,1727859600000,1691
72.55177101000001,61575.8955,61654.66,61517.9,61807,61467.57,1727860500000,2557
39.96777276,61431.6123,61517.89,61388.0,61659,61327.1,1727861400000,2287
67.63456443,61244.8644,61396.39,61239.5,61531,61119.65,1727862300000,3291
32.1964658,61196.8706,61253.51,61177.19,61392,61141.27,1727863200000,2438
47.727782430000005,61346.8284,61177.19,61455.22,61579,61166.22,1727864100000,2335
27.06481862,61443.9467,61461.0,61386.1,61666,61335.99,1727865000000,2314
26.54990001,61303.0592,61372.37,61185.36,61528,61157.38,1727865900000,2163
128.98338324,61072.8731,61183.93,61369.0,61495,60856.5,1727866800000,4709
55.93126716,61180.9822,61229.88,61285.19,61455,61043.04,1727867700000,2897
152.3019372,61388.8451,61282.7,61254.5,61492,61200.47,1727868600000,3383
28.543421260000002,61184.5557,61264.5,61154.7,61409,61092.3,1727869500000,2532
147.04871373000003,61117.2459,61154.71,60912.44,61321,60871.99,1727870400000,4499
109.11962703999998,61029.5263,60909.15,60992.8,61282,60885.23,1727871300000,4021
56.18318111000001,61110.1447,60995.36,61120.3,61353,60968.63,1727872200000,2796
133.34400460000003,60880.305,61070.99,60789.27,61242,60682.61,1727873100000,4716
116.373354,60793.0353,60808.2,60910.65,61082,60666.0,1727874000000,4709
93.06006204,60909.7544,60910.66,60879.96,61118,60775.68,1727874900000,4365
296.87070609,60717.1393,60880.03,60690.46,61029,60518.78,1727875800000,9421
392.69968223,61177.0877,60836.0,61336.02,61580,60676.86,1727876700000,9595
265.26874314,61450.0807,61341.0,61277.27,61700,61242.24,1727877600000,7750
230.20124807000002,61353.0841,61277.25,61216.0,61791,61101.24,1727878500000,7465
175.68756636000003,61366.3543,61213.38,61421.61,61647,61142.19,1727879400000,6147
158.06260139,61313.4242,61421.61,61065.28,61656,61056.51,1727880300000,6952
231.08877578000005,61359.054,61106.5,61432.09,61635,61040.0,1727881200000,6712
270.38652077,61609.8981,61432.1,61728.36,61864,61382.2,1727882100000,7316
138.16633822999998,61807.9435,61729.96,61843.23,61979,61692.62,1727883000000,7627
162.11531605000002,61847.7285,61843.24,61889.99,62050,61740.27,1727883900000,8077
277.70556539000006,62170.6383,61885.0,62139.47,62480,61843.24,1727884800000,9995
120.96188298,62165.291,62265.0,62043.49,62384,62040.95,1727885700000,7582
116.49899587,62012.4223,62043.49,61906.02,62228,61878.98,1727886600000,6260
138.7446286,61898.1517,61906.03,61821.9,62119,61778.52,1727887500000,6322
145.35261658000002,61693.0844,61801.99,61748.56,61948,61537.58,1727888400000,6116
80.86037896,61695.8782,61747.16,61677.45,61881,61591.65,1727889300000,4934
206.79731031000003,61454.5211,61677.44,61465.25,61815,61237.71,1727890200000,6964
76.33608363999998,61577.1664,61465.24,61657.0,61777,61436.24,1727891100000,4702
179.34288192,61368.7744,61611.9,61112.81,61802,61079.03,1727892000000,6274
273.03768484000005,61059.3521,61108.02,61180.67,61379,60831.24,1727892900000,9389
104.68794195999999,61118.4179,61166.7,61224.8,61319,61028.07,1727893800000,5133
159.77958232,60894.943,61225.39,60902.0,61334,60752.65,1727894700000,5872
374.68848882,60737.7475,60756.61,60837.45,61042,60516.62,1727895600000,10149
557.4099781,60408.7273,60848.14,60234.01,60967,60209.05,1727896500000,12465
579.8229767299999,60200.4617,60234.01,60077.27,60619,60017.12,1727897400000,13236
521.57637872,60132.7301,60077.26,60164.4,60497,59969.2,1727898300000,12079
194.86870353,60304.1167,60324.0,60312.0,60643,60100.1,1727899200000,7421
146.96115412000003,60304.0306,60309.3,60373.61,60511,60158.69,1727900100000,6282
207.98659694999998,60591.1984,60373.08,60770.27,60919,60338.57,1727901000000,6933
187.12111792000002,60879.581,60770.26,60907.22,61114,60688.87,1727901900000,6354
76.58725898,60779.8737,60907.54,60703.4,61065,60636.68,1727902800000,5436
66.16195384000001,60738.6728,60700.88,60863.9,60988,60636.68,1727903700000,3892
72.94880234,60817.0944,60872.13,60757.59,61056,60700.0,1727904600000,4099
43.456140229999995,60852.0299,60757.59,60818.0,61038,60747.4,1727905500000,3530
130.66932424,60606.0332,60812.31,60537.94,60963,60429.58,1727906400000,6011
69.4364673,60532.1032,60534.39,60556.51,60759,60424.34,1727907300000,4773
72.76793897,60666.6402,60548.7,60692.02,60884,60526.66,1727908200000,4621
35.359128010000006,60758.1476,60692.02,60837.23,60970,60670.52,1727909100000,3921
68.4076656,60797.5297,60837.22,60784.26,60976,60727.47,1727910000000,3939
47.55333774,60761.8638,60784.25,60745.6,60952,60687.9,1727910900000,3632
82.50338442,60768.2709,60745.1,60689.77,60896,60623.83,1727911800000,3967
113.54623854999998,60743.9072,60685.44,60631.37,60895,60594.04,1727912700000,4434
126.40069337,60718.8036,60643.9,60798.23,60964,60515.73,1727913600000,5510
127.23597973999999,60704.5357,60798.23,60758.02,60951,60537.68,1727914500000,5050
109.81774435999998,60955.3127,60758.01,60874.04,61234,60732.49,1727915400000,6442
54.00607521,60947.7107,60873.94,60977.19,61214,60831.49,1727916300000,4371
89.95244089999998,61073.6627,60962.8,61095.97,61250,60962.8,1727917200000,4537
61.29346741999999,61068.6116,61095.51,61161.53,61285,60989.05,1727918100000,3802
38.372860079999995,61121.3608,61150.4,61054.9,61303,61013.79,1727919000000,4014
69.93581077,61007.8442,61019.89,61010.78,61231,60905.45,1727919900000,4105
36.32019312,61091.6481,61007.62,61172.3,61327,60967.44,1727920800000,3938
45.06275906,61132.6326,61176.18,61102.37,61326,61054.45,1727921700000,3707
43.437371500000005,61094.2768,61102.36,61113.15,61300,61044.86,1727922600000,3403
82.46767894,61209.9121,61113.15,61190.0,61400,61106.5,1727923500000,4127
30.619184730000004,61133.057,61319.0,61107.73,61332,61083.38,1727924400000,2945
101.51634432,61237.6243,61104.99,61244.66,61480,61065.35,1727925300000,4474
58.661929949999994,61272.7957,61244.66,61271.57,61526,61178.06,1727926200000,4030
31.473252929999997,61376.7813,61271.58,61410.0,61581,61242.35,1727927100000,3299
70.38437916000001,61405.6022,61410.1,61330.9,61600,61318.43,1727928000000,3605
40.57475016,61348.4512,61325.62,61356.35,61496,61295.63,1727928900000,3318
54.06268954,61396.1152,61359.1,61398.39,61569,61350.61,1727929800000,2661
33.45715771,61347.3839,61398.39,61318.1,61566,61261.9,1727930700000,2781
32.718679030000004,61270.0183,61312.5,61221.24,61492,61215.9,1727931600000,2947
62.91225255999999,61188.239,61386.0,61190.76,61386,61132.98,1727932500000,3227
42.34352747,61153.2727,61189.18,61210.97,61335,61089.67,1727933400000,2981
15.04845307,61172.402,61210.98,61167.83,61354,61106.57,1727934300000,2641
29.191625069999997,61185.5912,61167.83,61238.34,61390,61098.01,1727935200000,2715
31.93954933,61262.8674,61239.05,61280.4,61407,61226.98,1727936100000,2131
33.89308011,61319.1774,61281.47,61394.1,61509,61243.38,1727937000000,2736
20.75143018,61366.5945,61394.11,61479.0,61514,61315.35,1727937900000,2189
36.27232936,61319.52,61345.0,61221.8,61529,61195.83,1727938800000,2709
55.68884864,61230.5192,61215.34,61198.06,61435,61138.96,1727939700000,3436
70.54537509,61193.4188,61198.06,61088.14,61395,61065.33,1727940600000,3286
121.91773303000002,60981.0601,61088.13,60945.0,61244,60813.1,1727941500000,4789
75.96693783,60749.2702,60945.1,60537.15,61087,60529.26,1727942400000,4988
135.20579872000002,60434.1871,60540.09,60377.4,60765,60263.29,1727943300000,5695
121.42788194,60295.835,60342.4,60372.88,60562,60175.3,1727944200000,5245
95.65178098999999,60269.5278,60379.27,60336.7,60543,60139.81,1727945100000,4647
88.44952729000002,60317.1239,60348.0,60406.01,60547,60115.96,1727946000000,5206
41.34734192,60557.7929,60409.0,60628.03,60764,60320.45,1727946900000,3337
42.52433083,60650.896,60627.82,60635.23,60839,60563.5,1727947800000,3049
33.55376962,60695.31,60626.68,60708.88,60858,60612.3,1727948700000,2665
27.893951179999995,60700.9005,60708.89,60727.91,60879,60637.1,1727949600000,2865
48.94591634,60736.2511,60719.42,60760.8,60879,60658.1,1727950500000,2685
31.332234399999997,60864.2078,60760.8,60903.43,61072,60760.8,1727951400000,2969
43.1898664,60962.4653,60900.63,61016.34,61137,60872.42,1727952300000,2967
29.56735691,61029.3899,61011.1,60987.37,61167,60973.06,1727953200000,2742
55.46708979,60823.0124,60987.39,60710.94,61136,60661.57,1727954100000,3403
29.236622009999998,60721.4989,60710.94,60815.99,60919,60580.79,1727955000000,3667
26.463062800000003,60811.1478,60798.0,60750.17,60945,60716.55,1727955900000,3041
61.55678293000002,60550.8635,60896.0,60563.6,60897,60345.7,1727956800000,4764
67.72162396999998,60532.0125,60562.79,60526.27,60755,60407.31,1727957700000,4197
99.67229635,60520.2301,60524.18,60479.18,60804,60407.32,1727958600000,5159
42.58810977,60467.9039,60479.17,60454.15,60683,60372.51,1727959500000,4215
212.73286458,60302.0466,60452.34,60206.56,60642,60173.01,1727960400000,5901
483.76822552,60093.8958,60206.55,60480.04,60678,59824.87,1727961300000,12434
297.47589744,60299.5779,60440.7,60229.45,60674,59999.0,1727962200000,10335
182.53687425,60241.2563,60218.43,60361.35,60600,60014.69,1727963100000,8366
465.56233199999997,60654.5362,60367.52,60446.61,61009,60314.52,1727964000000,12818
423.5152380199999,60411.483,60446.62,60261.77,60894,60124.88,1727964900000,11960
219.74837238,60351.8675,60261.76,60358.5,60639,60170.54,1727965800000,8297
199.1610017,60314.9128,60358.51,60152.65,60578,60134.02,1727966700000,7972
196.74085884000002,60109.3513,60168.9,60194.09,60428,60016.82,1727967600000,8439
107.90923916999998,60200.6125,60188.9,60149.99,60500,60065.17,1727968500000,6430
132.26665874999998,60248.1303,60147.09,60248.02,60476,60096.42,1727969400000,6505
122.80791378000002,60503.9233,60247.47,60621.4,60782,60221.8,1727970300000,7011
146.07920936,60654.3725,60612.0,60588.0,60882,60550.26,1727971200000,7486
154.81822477,60404.4782,60579.01,60205.5,60774,60186.05,1727972100000,7482
215.23044808000003,60189.9727,60205.5,60159.88,60449,60075.0,1727973000000,8338
259.5988964,60151.4557,60158.44,60157.86,60365,60062.81,1727973900000,9215
217.00848755000004,60152.2692,60273.0,60371.35,60566,59910.77,1727974800000,8450
243.22924734,60546.5796,60371.34,60623.96,60830,60346.1,1727975700000,8594
146.16205528,60498.7223,60623.95,60552.14,60814,60323.13,1727976600000,6359
88.84461652,60582.7812,60558.44,60613.51,60808,60474.74,1727977500000,5782
96.41086614999999,60594.2482,60613.51,60615.56,60761,60533.06,1727978400000,5524
117.61953725000001,60722.6203,60615.57,60653.0,60991,60578.2,1727979300000,6142
111.79245705000001,60621.9086,60651.47,60644.41,60858,60523.76,1727980200000,5054
81.76816256,60724.5446,60642.77,60876.0,60917,60604.6,1727981100000,4410
128.31980432,60661.4754,60709.47,60643.0,60889,60530.83,1727982000000,4899
161.39190207000001,60739.7836,60642.99,60760.04,60960,60621.9,1727982900000,5201
135.77805841000003,60857.6163,60759.89,60794.42,61034,60758.1,1727983800000,4935
267.16596832,60950.7522,60792.57,61030.5,61168,60791.19,1727984700000,7660
245.62723208,60970.5075,61025.24,60934.7,61215,60885.18,1727985600000,6029
116.62779172,60877.8489,60928.56,60841.05,61123,60794.77,1727986500000,4912
82.06076532000002,60755.5937,60829.9,60765.26,60972,60666.0,1727987400000,3877
80.22931027999999,60761.4124,60769.9,60784.56,60894,60721.94,1727988300000,3216
115.38286941999999,60763.9513,60784.59,60802.8,60968,60608.8,1727989200000,4879
43.10357191000001,60886.6858,60827.0,60847.79,61062,60808.4,1727990100000,3001
223.59651319999998,60768.2169,60847.78,60728.12,60969,60594.5,1727991000000,3584
25.170421670000003,60768.1121,60728.12,60808.5,60928,60728.12,1727991900000,2569
52.79183948,60802.5949,60808.5,60833.0,60967,60724.03,1727992800000,3923
41.11617447,60827.6144,60832.99,60896.48,60999,60715.38,1727993700000,3956
51.77929990999999,60841.8273,60885.6,60800.17,61081,60760.88,1727994600000,3651
43.99929521000001,60854.4823,60800.17,60892.35,61014,60778.65,1727995500000,3384
60.75726272,60863.5693,60892.35,60813.27,61083,60799.99,1727996400000,3872
48.449736779999995,60752.0767,60813.35,60780.53,60954,60688.21,1727997300000,3953
48.44341140000001,60774.5426,60778.42,60796.81,60926,60711.45,1727998200000,3541
35.7995638,60760.8589,60796.82,60744.99,60925,60690.71,1727999100000,3081
73.0778,60740.6219,60739.7,60700.51,60917,60675.58,1728000000000,4209
68.2610188,60643.1069,60692.61,60702.38,60846,60545.02,1728000900000,4065
71.58080201000001,60659.6943,60702.27,60584.9,60899,60537.97,1728001800000,4370
63.38227077,60545.7145,60610.7,60498.06,60783,60451.6,1728002700000,3534
30.147516760000006,60583.2637,60495.6,60597.21,60746,60480.61,1728003600000,3191
120.85703766,60953.2392,60591.96,61066.92,61339,60591.96,1728004500000,5956
73.39844475,61051.6574,61064.7,61028.57,61314,60929.73,1728005400000,4245
81.62445661000001,61175.4527,61028.19,61212.17,61366,61003.41,1728006300000,4025
72.99924991,61184.5958,61205.1,61102.9,61393,61084.07,1728007200000,3449
45.421452190000004,61029.1905,61102.9,60978.15,61256,60930.74,1728008100000,3163
42.48457893,61096.9591,60980.35,61121.9,61252,60961.52,1728009000000,2877
38.44010025,61084.1694,61078.84,61029.15,61252,61015.83,1728009900000,2732
34.437519079999994,60980.9084,61044.1,60931.64,61203,60924.82,1728010800000,2655
41.21084452,60935.4965,60931.65,60911.04,61092,60889.52,1728011700000,2527
51.07354311,60923.8709,60941.3,60920.07,61088,60881.3,1728012600000,3064
40.100975460000015,60938.0181,60930.1,60948.54,61090,60886.57,1728013500000,2531
41.584722760000005,61004.9845,60932.0,61001.44,61155,60932.0,1728014400000,2333
63.06892455999999,61071.3539,61001.43,61158.6,61296,60962.65,1728015300000,3804
61.15705263999999,61162.1532,61158.61,61072.02,61324,61059.59,1728016200000,2972
48.85553514000001,61018.9719,61076.41,60996.47,61226,60913.83,1728017100000,2718
34.67531015,61084.9595,60979.5,61144.07,61279,60974.13,1728018000000,2710
45.087650260000004,61159.4466,61144.06,61159.7,61318,61121.51,1728018900000,2572
26.37737663,61167.6838,61180.98,61188.57,61323,61110.96,1728019800000,2471
35.26145067999999,61203.367,61188.58,61219.56,61350,61159.7,1728020700000,2335
29.38085963,61151.5484,61221.73,61115.89,61350,61091.54,1728021600000,2623
52.868230229999995,61259.8366,61115.88,61237.81,61459,61107.38,1728022500000,3155
47.13762918999999,61247.7772,61233.56,61179.9,61409,61134.51,1728023400000,2468
43.50266966,61159.7647,61154.35,61114.12,61320,61095.8,1728024300000,2398
58.813457189999994,61130.9323,61114.12,61189.9,61295,61060.41,1728025200000,2838
55.443090950000006,61315.3874,61187.8,61310.54,61489,61186.86,1728026100000,2764
29.5963377,61349.286,61310.53,61527.0,61527,61270.95,1728027000000,2338
50.24497979000001,61447.0397,61395.92,61430.58,61600,61370.9,1728027900000,2898
33.80891762,61383.7041,61430.0,61393.88,61567,61327.53,1728028800000,2622
125.42199847999997,61511.0932,61393.84,61561.26,61750,61330.06,1728029700000,4009
43.40662845000001,61594.2928,61558.59,61577.84,61762,61521.68,1728030600000,3061
36.05425433,61531.8477,61580.23,61439.12,61739,61439.12,1728031500000,2729
59.01119533999999,61509.0159,61464.1,61512.68,61708,61398.94,1728032400000,2911
90.93398341,61462.1875,61544.0,61569.0,61718,61371.4,1728033300000,2923
54.845739910000006,61384.6991,61380.7,61343.45,61570,61320.57,1728034200000,2664
36.36078657000001,61327.1424,61343.46,61325.53,61514,61288.44,1728035100000,2334
57.61890177000001,61324.2164,61325.52,61284.05,61523,61254.3,1728036000000,2799
24.20108243,61292.5114,61284.05,61261.69,61497,61242.99,1728036900000,2195
26.339434680000004,61354.5682,61261.7,61352.09,61539,61238.72,1728037800000,2165
19.73146715,61305.7587,61351.07,61269.17,61509,61258.26,1728038700000,1723
33.15424796999999,61340.1812,61269.17,61404.86,61530,61259.0,1728039600000,2286
82.75110636000001,61347.4949,61404.45,61463.0,61588,61283.93,1728040500000,3048
112.36630911000002,61315.3339,61296.24,61372.79,61519,61272.07,1728041400000,4363
55.334379629999994,61427.6195,61367.9,61429.57,61581,61367.9,1728042300000,2574
27.258915029999997,61435.0896,61447.4,61397.15,61597,61385.56,1728043200000,2727
99.05699607,61497.5734,61399.67,61565.21,61687,61399.43,1728044100000,3588
544.9347932499999,61548.9936,61560.95,61342.62,61882,61194.99,1728045000000,14696
271.52259352,61702.8488,61342.62,61914.4,62031,61322.5,1728045900000,6775
184.58527219000004,61828.2326,61873.7,61762.0,62108,61664.84,1728046800000,6075
80.18720087000001,61593.9702,61760.8,61538.85,61927,61482.55,1728047700000,4714
217.18019101000002,61713.3288,61560.7,61810.14,62004,61472.92,1728048600000,7195
129.04339038999998,61680.9485,61813.09,61559.22,61957,61501.83,1728049500000,5514
352.86761182000004,61314.091,61562.07,61286.27,61688,61129.77,1728050400000,8491
372.8047518,61095.3593,61282.9,61098.0,61552,60778.51,1728051300000,8432
438.45288987000004,60918.6575,61097.0,61268.0,61268,60775.03,1728052200000,11299
107.38308038999999,61180.3418,61139.25,61224.15,61387,61072.0,1728053100000,4459
231.92228128,61575.8419,61218.9,61616.84,61914,61205.45,1728054000000,7010
130.70585479,61586.5791,61622.5,61536.6,61884,61493.38,1728054900000,4952
217.16673500000002,61559.7018,61539.61,61677.5,61806,61453.65,1728055800000,6416
156.48775451999998,61761.9455,61669.23,61864.87,61979,61577.46,1728056700000,6025
163.48999884999998,61794.7037,61871.17,61743.74,61991,61626.66,1728057600000,7517
257.1183272,61879.6374,61743.76,61990.81,62125,61721.63,1728058500000,8676
357.46285911,62190.6517,61988.46,62201.21,62416,61969.4,1728059400000,11165
179.64870528,62211.9437,62201.21,62242.75,62405,62118.58,1728060300000,6249
197.09505383999996,62281.8369,62242.74,62184.5,62461,62169.87,1728061200000,6669
108.71329584000001,62147.9865,62184.51,62041.41,62373,62033.45,1728062100000,4678
140.67554576000003,62003.7751,62035.98,62146.26,62278,61836.13,1728063000000,5805
161.21847975,62074.067,62145.32,61983.8,62307,61966.59,1728063900000,5353
104.2379678,61954.4689,61983.86,61955.47,62147,61898.71,1728064800000,4967
115.49460522999999,62078.3898,61952.0,62149.61,62307,61932.91,1728065700000,5279
145.37351909999998,62230.5307,62149.6,62178.42,62389,62133.61,1728066600000,4962
120.15658595999999,62250.4976,62178.41,62351.9,62467,62154.9,1728067500000,5861
260.55289153,62350.2498,62315.0,62366.89,62571,62282.89,1728068400000,6889
206.76265650000002,62404.3003,62366.9,62377.23,62574,62339.9,1728069300000,5933
170.50481620000005,62339.3936,62377.22,62283.96,62515,62256.17,1728070200000,5698
211.78308564999998,62366.2116,62278.47,62373.62,62574,62256.28,1728071100000,6514
92.27359445,62343.8521,62375.73,62319.59,62509,62281.84,1728072000000,4658
52.59845953,62268.4295,62319.59,62230.19,62452,62218.37,1728072900000,4192
94.58602419,62237.4365,62230.19,62335.76,62478,62161.2,1728073800000,4740
104.04161926999998,62419.881,62335.77,62403.98,62575,62318.8,1728074700000,4351
59.02469194,62390.7184,62427.1,62369.82,62575,62326.96,1728075600000,3299
35.30698821,62420.014,62382.1,62399.9,62546,62370.25,1728076500000,3107
40.71190974,62332.8027,62524.0,62322.2,62524,62271.71,1728077400000,3334
23.158321649999998,62310.2988,62322.2,62275.86,62470,62272.85,1728078300000,2579
39.764445869999996,62284.3276,62281.3,62268.34,62443,62218.56,1728079200000,3367
35.233891119999996,62309.4241,62264.17,62326.92,62469,62253.64,1728080100000,3022
61.61516089999999,62258.4629,62317.9,62213.64,62461,62212.22,1728081000000,3798
37.26809867000001,62207.2537,62213.63,62220.0,62361,62184.42,1728081900000,2698
97.91216408999999,62109.8884,62214.37,62118.54,62353,62035.73,1728082800000,3725
46.46637097,62048.2384,62118.53,62004.33,62253,61991.94,1728083700000,3240
26.446215510000002,62016.5094,62004.29,62032.8,62166,61967.56,1728084600000,2704
54.03606567999999,62074.9319,62032.81,62090.71,62251,62024.9,1728085500000,3304
54.34031386000001,62151.7908,62081.0,62081.88,62322,62071.25,1728086400000,3637
19.086708259999998,62085.7347,62081.88,62098.01,62246,62044.25,1728087300000,2675
27.883118469999996,62133.294,62098.58,62126.91,62288,62086.14,1728088200000,2860
22.279205219999998,62137.3091,62131.58,62168.61,62287,62105.33,1728089100000,2967
69.30659163000001,62159.9481,62170.0,62133.83,62326,62039.74,1728090000000,3729
33.53735717,62054.2347,62133.83,62005.01,62289,61973.58,1728090900000,3217
21.71258323,62027.4089,62005.01,62056.76,62180,61979.78,1728091800000,2601
13.93109845,62060.4762,62053.91,62065.11,62200,62016.14,1728092700000,2355
17.40307025,62032.2085,62065.0,61989.19,62201,61977.54,1728093600000,2439
25.038174939999994,62031.9925,61989.18,62023.62,62178,61989.18,1728094500000,2391
16.9435391,62017.8272,62023.62,61966.13,62170,61966.12,1728095400000,2168
51.755155139999985,61891.6413,61966.13,61808.68,62124,61784.0,1728096300000,3541
137.10586812000003,61790.0425,61808.66,61861.55,61978,61686.34,1728097200000,3866
30.0672401,61895.3528,61824.9,61943.53,62052,61819.68,1728098100000,2840
26.244493759999997,61926.1623,61943.53,61938.45,62067,61884.41,1728099000000,2447
15.573041549999997,61910.165,61931.18,61859.66,62063,61842.94,1728099900000,2191
16.72460424,61862.9879,61859.67,61816.95,62025,61814.63,1728100800000,2177
18.779762340000005,61873.8828,61815.09,61944.59,62073,61813.93,1728101700000,2379
23.983425190000006,61960.2527,61944.59,61995.58,62118,61903.0,1728102600000,2338
16.17489206,61969.298,61995.57,61936.5,62118,61926.09,1728103500000,2093
45.88341965,62006.0461,62087.0,62077.82,62266,61934.62,1728104400000,3262
22.485781980000006,62092.6504,62080.1,62212.0,62239,62055.0,1728105300000,2220
12.042895439999999,62086.983,62062.81,62081.28,62233,62058.77,1728106200000,2190
8.168554219999999,62116.0614,62083.63,62100.0,62266,62068.3,1728107100000,2066
9.21391272,62129.4551,62138.06,62068.76,62265,62059.35,1728108000000,2046
7.62929779,62111.2708,62066.87,62126.68,62247,62066.87,1728108900000,2199
15.58597618,62154.1107,62126.68,62193.67,62310,62094.6,1728109800000,3392
16.19226961,62222.2013,62186.8,62221.2,62348,62159.21,1728110700000,2387
39.40802146,62232.0545,62210.8,62161.06,62376,62161.06,1728111600000,2206
27.3092807,62208.854,62161.06,62136.98,62334,62133.6,1728112500000,1940
17.00175595,62174.4824,62136.98,62116.96,62292,62108.82,1728113400000,1873
27.595954020000004,62119.0685,62118.01,62073.63,62230,62067.87,1728114300000,1740
9.931397439999998,62106.8596,62115.7,62097.05,62227,62069.6,1728115200000,2040
19.558759910000003,62127.063,62097.04,62147.26,62299,62088.06,1728116100000,2152
10.998952959999999,62133.8839,62147.26,62086.05,62268,62070.68,1728117000000,1988
9.51367715,62109.0997,62085.61,62099.4,62241,62084.49,1728117900000,2123
15.029124840000001,62169.0979,62099.4,62207.31,62285,62099.3,1728118800000,1909
30.13561002,62225.9948,62207.31,62229.93,62349,62156.33,1728119700000,2430
18.23725391,62243.9893,62229.92,62291.41,62376,62181.59,1728120600000,2328
32.19742428000001,62279.4229,62290.17,62248.08,62390,62230.88,1728121500000,1946
19.53228943,62282.7694,62244.1,62315.0,62349,62214.16,1728122400000,2025
31.027009649999997,62276.1834,62234.0,62233.1,62315,62194.54,1728123300000,2643
35.92556164,62242.9001,62218.48,62264.47,62327,62194.86,1728124200000,2243
18.15560069,62269.7285,62265.15,62210.41,62335,62205.54,1728125100000,1612
21.60020382,62236.035,62216.1,62216.89,62303,62174.45,1728126000000,2041
15.812125140000003,62219.5986,62216.89,62178.6,62303,62171.56,1728126900000,2183
19.448225519999998,62231.0972,62200.28,62203.72,62295,62178.5,1728127800000,1887
16.25302215,62200.6988,62199.9,62179.01,62294,62169.35,1728128700000,2259
21.59492398,62215.5053,62179.01,62199.8,62311,62179.01,1728129600000,2438
19.76579807,62221.8394,62184.96,62251.61,62296,62184.96,1728130500000,2547
21.768501439999998,62258.9624,62251.41,62247.78,62336,62195.9,1728131400000,2623
20.24153867,62270.0698,62247.78,62308.15,62368,62227.66,1728132300000,2581
36.88093775,62323.111,62308.15,62344.6,62437,62278.61,1728133200000,3262
29.707781020000002,62310.5334,62344.6,62225.71,62431,62218.55,1728134100000,3025
39.87608787,62201.8301,62264.3,62186.1,62320,62139.83,1728135000000,3182
36.49442904000001,62148.7609,62186.1,62150.0,62240,62097.83,1728135900000,3458
23.63772076,62162.7067,62145.1,62125.46,62244,62105.2,1728136800000,2968
22.00508863,62170.3303,62129.3,62150.0,62249,62097.28,1728137700000,2732
19.73105693,62160.4872,62166.43,62189.74,62249,62127.41,1728138600000,2718
32.14721006,62203.3164,62189.18,62188.7,62296,62135.1,1728139500000,3087
45.73700062999999,62191.0786,62188.7,62129.94,62264,62122.67,1728140400000,3352
19.101709239999998,62151.188,62131.01,62183.46,62222,62114.63,1728141300000,2893
25.43065531,62168.5995,62183.45,62159.89,62233,62145.3,1728142200000,2707
19.14040207,62174.8748,62159.88,62159.23,62238,62145.08,1728143100000,2720
24.45446461,62139.9315,62159.9,62097.15,62225,62096.86,1728144000000,3351
39.94979963,62113.2183,62097.21,62157.54,62223,62042.53,1728144900000,3701
21.88779205,62115.7255,62157.54,62066.98,62222,62050.04,1728145800000,2803
40.14257596000001,62030.6979,62066.98,61956.65,62137,61952.86,1728146700000,3187
87.80847698999999,61919.4877,61961.74,61950.4,62042,61832.76,1728147600000,3339
42.67489936,61966.6953,61950.41,61983.1,62060,61925.19,1728148500000,2556
23.15517196,62011.677,61977.09,62022.74,62084,61971.0,1728149400000,2785
15.670927669999998,62014.3316,61982.0,62011.35,62091,61981.9,1728150300000,2263
38.39589933,61964.6064,62091.0,61903.94,62095,61886.92,1728151200000,2810
30.29973365,61922.0029,61903.94,61913.61,62021,61884.59,1728152100000,2869
26.12240108,61905.6743,61906.3,61892.09,61982,61874.09,1728153000000,2512
33.26032972,61867.3555,61891.23,61855.38,61960,61830.97,1728153900000,2856
22.457073489999996,61849.1428,61855.1,61856.48,61949,61823.35,1728154800000,2452
50.847616020000004,61857.5351,61856.48,61896.7,61933,61800.0,1728155700000,3056
38.88525917,61862.0706,61897.26,61835.53,61948,61820.4,1728156600000,2658
41.22684626,61814.6953,61835.35,61844.84,61910,61775.01,1728157500000,2828
25.22361328,61773.9744,61899.0,61773.02,61899,61728.78,1728158400000,2319
18.698740000000004,61770.4607,61773.01,61785.24,61866,61735.39,1728159300000,2200
25.83705685,61771.7016,61752.8,61774.17,61838,61725.35,1728160200000,2298
29.285037219999992,61742.3965,61774.16,61721.17,61826,61704.37,1728161100000,2321
37.000081449999996,61775.8988,61728.0,61846.55,61889,61689.45,1728162000000,2766
31.11710635,61859.9461,61846.55,61874.43,61947,61786.65,1728162900000,2370
18.302828320000003,61888.244,61874.42,61931.93,61972,61841.27,1728163800000,2067
10.79666481,61869.1108,61931.92,61849.0,61975,61840.5,1728164700000,1944
24.82330937,61937.4964,61847.9,61955.77,62022,61842.03,1728165600000,2594
19.098018500000002,61995.3265,61943.9,61979.46,62096,61940.92,1728166500000,2432
19.55779262,62035.5504,61974.0,62012.49,62128,61973.9,1728167400000,2189
11.577771119999998,62022.748,62012.5,62033.82,62078,61981.95,1728168300000,2171
13.719820850000001,62002.5142,62033.75,62010.82,62077,61969.46,1728169200000,2325
10.566906119999999,61999.9165,62010.84,62003.88,62073,61968.94,1728170100000,1769
15.636639079999998,62012.5903,61992.5,62026.77,62078,61978.42,1728171000000,1929
13.66449266,62051.3582,62026.78,62051.29,62138,61998.0,1728171900000,2162
28.766651839999998,61999.5263,62051.29,61943.13,62137,61929.02,1728172800000,2494
22.045411180000002,61967.3753,61942.74,61960.92,62018,61930.2,1728173700000,1941
20.493086529999996,61920.0903,61960.83,61879.0,62010,61878.9,1728174600000,2401
21.705881230000003,61896.5283,61902.39,61918.26,61940,61874.9,1728175500000,2506
18.526877669999998,61940.1066,61879.0,62013.96,62026,61878.9,1728176400000,2428
34.83357432,62054.2129,62013.96,62096.8,62159,61980.0,1728177300000,2707
40.511103940000005,62081.782,62109.44,62057.88,62159,62012.96,1728178200000,2726
27.5213612,62046.1289,62057.75,62082.85,62087,62020.57,1728179100000,2056
18.31489499,62046.8276,62083.9,61996.75,62136,61972.32,1728180000000,2145
8.42759868,62014.4492,61996.75,62037.98,62062,61994.37,1728180900000,1996
10.445529679999998,61973.1593,62038.39,61953.94,62062,61934.62,1728181800000,1737
7.2634634,61967.8931,61953.94,61967.37,62010,61949.73,1728182700000,1942
13.19753171,61939.066,61965.4,61940.25,62010,61901.35,1728183600000,2059
9.855233250000001,61974.8103,61938.74,61975.58,62043,61918.0,1728184500000,1748
10.677754140000001,61965.2299,61975.64,61931.17,62019,61927.01,1728185400000,1822
19.72132842,61901.7014,61931.17,61874.65,61985,61863.39,1728186300000,1955
6.464805690000001,61902.9986,61889.7,61892.26,61950,61873.44,1728187200000,1806
13.272193999999999,61925.5303,61892.26,61917.07,61973,61886.37,1728188100000,1791
15.61650214,61863.6861,61917.03,61849.67,61964,61805.85,1728189000000,1949
43.49017270000001,61841.2898,61849.67,61871.91,61901,61824.9,1728189900000,2029
15.14942699,61866.575,61853.9,61842.62,61924,61830.8,1728190800000,1690
22.69484718,61916.6134,61842.02,61939.14,61984,61830.8,1728191700000,1820
8.792063850000002,61940.2688,61939.13,61937.74,61982,61906.41,1728192600000,1448
11.76927974,61936.0148,61937.73,61934.6,61982,61910.2,1728193500000,1580
10.342063750000001,61946.8137,61932.0,61954.1,61996,61922.7,1728194400000,1470
47.231833009999995,61993.5681,61954.96,62006.78,62039,61950.1,1728195300000,2372
5.97326189,61992.3361,62006.77,61994.66,62031,61965.11,1728196200000,1496
14.449662499999999,61955.4305,61993.21,61962.31,62024,61883.31,1728197100000,1658
4.305895789999999,61971.2397,61935.7,61983.34,62013,61935.7,1728198000000,1489
4.6880418200000005,61983.6199,61983.35,61962.67,62034,61957.77,1728198900000,1333
4.50248114,61975.8781,61961.92,61951.2,62033,61940.75,1728199800000,1333
4.953699579999999,61956.9293,61949.77,61947.92,62008,61935.36,1728200700000,1483
10.10218093,61947.0353,61941.1,61935.7,61996,61918.1,1728201600000,1113
5.0807943700000004,61999.2015,61940.14,62020.17,62055,61935.8,1728202500000,1430
12.065898869999998,62039.6344,62022.48,62016.56,62091,61982.06,1728203400000,1675
5.676932719999999,61994.9377,62013.29,61988.42,62047,61975.91,1728204300000,1196
13.167700439999999,62012.9466,61987.1,62012.7,62054,61971.87,1728205200000,1441
22.342592389999997,62033.1423,62006.29,62047.42,62092,61997.1,1728206100000,1167
5.473777739999999,62051.3312,62034.0,62092.17,62117,62031.82,1728207000000,1281
15.59019747,62119.3232,62090.16,62064.82,62178,62054.74,1728207900000,1311
8.243602489999999,62060.0821,62064.82,62047.46,62120,62020.5,1728208800000,1274
4.0421147,62038.0067,62048.57,62021.84,62098,62003.08,1728209700000,901
2.5624489699999997,62000.098,62011.9,61994.35,62074,61993.05,1728210600000,762
5.82629384,62018.1661,61994.35,62014.61,62073,61993.69,1728211500000,1081
3.54123844,62019.4325,62016.0,62007.66,62073,62000.01,1728212400000,1532
7.791946060000001,62051.159,62005.63,62064.46,62089,62000.51,1728213300000,1390
21.93478401,62103.7598,62064.45,62108.57,62158,62052.98,1728214200000,1837
8.95457488,62118.6259,62100.9,62094.72,62177,62090.3,1728215100000,1605
25.161646509999997,62111.8406,62094.72,62087.56,62214,62050.84,1728216000000,2320
11.251151819999999,62116.3166,62087.56,62092.7,62169,62073.12,1728216900000,1650
8.29188048,62123.7662,62096.49,62130.15,62181,62090.34,1728217800000,1794
30.253518220000004,62186.3137,62130.15,62210.59,62263,62099.9,1728218700000,2302
33.56963934,62287.3467,62262.0,62291.93,62391,62186.3,1728219600000,2651
42.9635717,62299.8513,62329.0,62236.71,62353,62234.93,1728220500000,2375
41.45125734999999,62299.4049,62248.4,62278.29,62375,62227.88,1728221400000,2267
30.112180689999995,62297.5666,62281.02,62245.49,62369,62228.47,1728222300000,2234
21.084337870000006,62228.1887,62328.0,62287.07,62328,62178.57,1728223200000,2034
46.25018200000001,62364.9413,62249.1,62396.87,62461,62249.1,1728224100000,2436
81.31482980999999,62470.3146,62396.86,62538.68,62590,62359.3,1728225000000,3874
148.17881697,62647.9976,62538.69,62707.04,62800,62476.18,1728225900000,4867
104.40437124000002,62647.0009,62765.0,62633.84,62799,62517.42,1728226800000,3787
44.795871350000006,62552.6231,62629.08,62479.2,62719,62433.51,1728227700000,2949
74.65593146999998,62533.5619,62476.37,62598.92,62662,62474.5,1728228600000,3531
43.14634524,62635.0138,62597.11,62708.01,62783,62568.92,1728229500000,2551
106.86313432000001,62819.5949,62700.0,62806.2,62950,62699.9,1728230400000,5199
36.36156149,62742.4512,62806.25,62697.62,62879,62617.34,1728231300000,3867
65.99451735000001,62757.7343,62697.88,62678.84,62839,62675.0,1728232200000,3117
47.48435673,62671.9445,62679.18,62590.6,62783,62583.61,1728233100000,2614
45.93337883,62619.4296,62594.6,62625.94,62722,62529.38,1728234000000,2810
36.28461545,62715.2694,62625.94,62703.7,62817,62596.1,1728234900000,2439
20.8057218,62681.1468,62703.71,62653.0,62795,62634.34,1728235800000,2384
11.607369100000001,62626.105,62645.1,62579.08,62734,62579.08,1728236700000,2126
14.488434729999998,62668.7112,62581.41,62643.77,62770,62581.41,1728237600000,2214
31.00013243,62678.6266,62645.11,62719.2,62801,62618.71,1728238500000,2319
36.53234734,62741.0484,62718.5,62705.54,62819,62693.14,1728239400000,2667
25.650568,62710.9723,62704.7,62711.06,62809,62673.44,1728240300000,2206
50.88094788999999,62836.5,62799.0,62835.52,62935,62705.84,1728241200000,3203
39.40462742,62883.0968,62845.61,62919.38,62984,62819.35,1728242100000,2799
64.9824508,62878.7675,62919.38,62729.99,63033,62725.7,1728243000000,3476
48.35233905,62675.6124,62729.98,62630.06,62826,62586.34,1728243900000,2860
37.38980307,62685.9571,62630.09,62755.87,62834,62584.7,1728244800000,2563
27.290647039999993,62707.6609,62752.47,62669.31,62833,62631.59,1728245700000,2112
23.900189080000004,62644.6203,62666.5,62619.55,62778,62591.95,1728246600000,2356
22.9225118,62626.7274,62603.1,62617.83,62715,62577.71,1728247500000,2265
23.507659139999998,62615.9495,62706.0,62563.4,62740,62557.86,1728248400000,2503
46.29459509,62509.2876,62563.74,62499.38,62670,62403.75,1728249300000,2835
73.4000521,62503.641,62497.37,62466.26,62689,62412.2,1728250200000,3271
77.06452723,62386.0858,62464.28,62300.44,62533,62300.0,1728251100000,3286
89.84029579999999,62440.6462,62300.45,62486.39,62578,62300.0,1728252000000,3506
32.39290766,62486.8753,62486.38,62525.19,62592,62414.93,1728252900000,2434
25.52573625,62538.006,62525.07,62574.37,62639,62480.35,1728253800000,2346
14.169669420000002,62575.5336,62573.74,62609.29,62694,62545.9,1728254700000,1905
97.18080616,62741.1364,62609.3,62663.9,62958,62609.29,1728255600000,3871
33.99639027,62751.412,62661.69,62796.5,62897,62630.27,1728256500000,2480
51.26044327,62793.7676,62803.01,62899.71,62963,62673.3,1728257400000,2951
22.60617901,62842.4491,62899.7,62810.86,62963,62789.7,1728258300000,2365
94.83244391999999,62794.9453,62809.4,62797.34,62939,62645.15,1728259200000,3573
70.39920456000002,62857.69,62799.14,62745.8,63023,62713.03,1728260100000,4040
252.12673805,63109.87,62760.8,63309.14,63436,62696.65,1728261000000,7628
199.76747009,63544.0244,63306.96,63672.75,63777,63233.9,1728261900000,6679
311.17625002,63881.7637,63662.7,63879.96,64027,63658.06,1728262800000,10115
140.8694091,63788.64,63879.99,63832.5,63970,63686.16,1728263700000,5427
91.51607666999999,63843.5931,63838.31,63789.58,63979,63755.04,1728264600000,3410
108.13867001999999,63824.6112,63784.69,63807.39,63938,63766.9,1728265500000,3479
61.22782114999998,63895.5268,63811.21,63855.65,63993,63791.9,1728266400000,3127
91.94791825000001,63893.7338,63855.65,63837.45,63999,63800.58,1728267300000,3395
82.19145221000001,63725.058,63837.46,63621.01,63932,63581.13,1728268200000,3369
82.54591041,63683.3263,63624.24,63632.03,63799,63598.11,1728269100000,2678
21.98377309,63696.2515,63613.3,63722.57,63839,63613.3,1728270000000,2000
39.83037508,63639.5825,63719.33,63655.61,63826,63587.55,1728270900000,2345
156.77216108000002,63473.3367,63657.26,63463.36,63742,63325.67,1728271800000,4866
31.81470214,63497.3996,63463.36,63512.36,63599,63447.52,1728272700000,2201
31.9769885,63589.4213,63512.35,63621.19,63708,63512.35,1728273600000,1980
35.03928074,63632.0356,63618.1,63631.38,63737,63595.31,1728274500000,1828
15.832940700000002,63579.4985,63631.38,63541.26,63708,63523.29,1728275400000,1571
46.42898050000001,63503.1783,63543.78,63469.5,63630,63450.01,1728276300000,2105
24.670306840000002,63539.1012,63468.1,63590.52,63668,63431.46,1728277200000,1845
15.18125524,63574.8953,63590.52,63515.76,63695,63500.0,1728278100000,1586
56.89155080000001,63426.2014,63627.0,63395.65,63628,63350.0,1728279000000,2519
32.421332279999994,63384.9353,63393.59,63377.5,63488,63350.0,1728279900000,1843
36.86999322,63419.857,63393.7,63481.07,63570,63310.0,1728280800000,1789
24.0071956,63548.0246,63481.83,63550.08,63633,63455.47,1728281700000,1733
41.93178459000001,63590.0538,63550.08,63650.92,63723,63505.73,1728282600000,1842
26.75053782,63690.7658,63650.93,63659.2,63799,63625.43,1728283500000,1596
23.256706099999995,63649.1175,63698.83,63591.6,63782,63581.62,1728284400000,1736
21.628717799999997,63542.2163,63591.61,63512.43,63689,63500.02,1728285300000,1715
80.81285618999999,63561.0766,63512.43,63447.14,63666,63436.31,1728286200000,3184
16.96194622,63510.5352,63474.0,63530.3,63664,63437.59,1728287100000,1637
60.283360609999995,63607.729,63530.31,63608.76,63749,63522.95,1728288000000,1986
37.85194146,63610.4143,63608.75,63605.7,63749,63548.39,1728288900000,2045
32.29234537999999,63646.1121,63605.3,63606.2,63772,63550.91,1728289800000,1744
19.65794092,63573.9693,63599.06,63534.56,63693,63501.68,1728290700000,1473
61.74390337,63405.8937,63534.56,63366.22,63651,63333.35,1728291600000,2124
79.72416469000001,63245.4374,63365.12,63109.36,63464,63106.25,1728292500000,3061
80.42508973,63152.092,63109.19,63194.56,63326,63052.23,1728293400000,2668
30.59552594,63190.521,63199.7,63190.68,63319,63141.36,1728294300000,1623
88.43605206000001,63123.4068,63185.44,63053.81,63289,63043.56,1728295200000,2410
108.90639833000002,63018.6067,63053.8,62962.48,63233,62936.71,1728296100000,3359
33.367972800000004,62981.7897,62962.47,63005.72,63101,62932.31,1728297000000,2052
72.78533196000001,62939.4585,63005.72,62874.11,63100,62851.22,1728297900000,2293
204.12967359,62773.7254,62874.11,62897.71,62990,62620.91,1728298800000,4782
47.56974821,62821.8488,62897.7,62766.45,62989,62761.68,1728299700000,2485
36.94587747999999,62810.228,62764.34,62866.45,62971,62708.98,1728300600000,2248
143.95336068,62963.1813,62871.8,63114.99,63226,62823.76,1728301500000,3689
54.25173038999999,63010.776,63111.0,63013.7,63186,62907.62,1728302400000,2674
37.464976289999996,63046.5198,63038.2,63087.3,63156,62935.54,1728303300000,2072
38.93252527,62980.9614,63087.3,62925.0,63179,62866.95,1728304200000,2886
44.05168020000001,62886.5534,62925.0,62847.6,63047,62808.2,1728305100000,2271
56.61171830000001,62913.3717,62847.5,62928.74,63068,62800.0,1728306000000,3149
93.64925692999999,63059.548,62924.0,63095.4,63244,62868.59,1728306900000,3600
360.19060127,63196.9097,63100.1,63300.01,63382,62911.16,1728307800000,7631
427.75924848999995,63435.1906,63290.31,63451.8,63626,63253.72,1728308700000,8986
359.81648221,63682.0675,63457.7,63910.54,63966,63451.63,1728309600000,8932
877.1754064199998,64167.1009,63907.47,64190.19,64514,63841.97,1728310500000,16702
305.51926045000005,64212.9053,64195.87,64187.67,64443,64041.83,1728311400000,7809
375.9686544999999,64034.3001,64187.88,63976.65,64271,63931.81,1728312300000,7820
572.3692995799998,63751.0517,63980.2,63760.5,64077,63646.0,1728313200000,10355
423.78171747,63687.6958,63756.41,63751.84,63875,63516.76,1728314100000,8188
283.3604945999999,63830.0197,63751.84,63682.39,63979,63674.65,1728315000000,6101
192.74139880999996,63639.6296,63680.8,63641.31,63800,63555.0,1728315900000,4563
144.74542388,63614.2436,63638.9,63541.57,63894,63418.38,1728316800000,6059
99.36445604999999,63672.0516,63541.55,63662.02,63843,63515.9,1728317700000,5141
184.20701405999998,63774.3024,63662.02,63768.14,63923,63570.22,1728318600000,4787
134.21955084,63803.4261,63847.0,63800.99,63931,63726.11,1728319500000,4519
99.60093239000001,63820.9273,63899.0,63694.9,63964,63633.96,1728320400000,4198
97.25039489,63695.6589,63695.23,63611.06,63852,63602.25,1728321300000,4299
108.81166624000001,63605.1272,63614.37,63729.62,63783,63515.0,1728322200000,4329
99.9173094,63727.0606,63729.61,63808.35,63863,63671.32,1728323100000,4061
134.93304483999998,63630.7834,63808.34,63495.06,63876,63474.69,1728324000000,5173
151.60115921000002,63420.3655,63495.06,63490.82,63595,63290.23,1728324900000,5625
214.65938812,63314.9254,63491.53,63191.48,63578,63162.73,1728325800000,6835
466.62130961,62934.7058,63180.83,62834.76,63278,62717.2,1728326700000,9833
441.51384330999997,63137.488,62834.87,63288.1,63393,62834.55,1728327600000,8104
351.02482275999995,63269.8284,63326.39,63186.1,63439,63139.8,1728328500000,7503
332.31705212,63256.2774,63201.28,63219.62,63389,63126.69,1728329400000,7108
326.57874486000003,63345.0355,63219.46,63368.59,63521,63217.14,1728330300000,7722
97.57914458,63316.9296,63368.57,63276.59,63480,63257.6,1728331200000,3795
69.58322173,63179.4328,63275.37,63150.0,63380,63102.57,1728332100000,3509
48.92171957999999,63126.732,63160.5,63055.56,63255,63044.11,1728333000000,3285
71.78217088,63045.7064,63055.55,63009.46,63186,62950.88,1728333900000,3338
82.27462683,63161.7642,63013.82,63210.93,63337,62978.2,1728334800000,3257
44.874161390000005,63156.719,63210.93,63249.06,63321,63087.22,1728335700000,2848
57.76476883000001,63297.1943,63216.0,63305.3,63433,63216.0,1728336600000,3002
19.92064207,63313.2535,63305.2,63354.16,63421,63250.54,1728337500000,2295
31.19957084,63261.6164,63321.0,63250.1,63433,63199.19,1728338400000,2834
44.181919539999996,63250.2788,63244.28,63228.93,63363,63183.55,1728339300000,3316
91.30976030000001,63099.3965,63237.0,63067.8,63277,63025.66,1728340200000,4705
292.07094766,62653.3999,63135.0,62457.5,63155,62407.84,1728341100000,8373
403.43959771,62352.7088,62507.0,62619.22,62666,62113.28,1728342000000,11041
94.93093988000003,62589.6925,62616.74,62547.1,62672,62510.08,1728342900000,3473
83.42034976999999,62466.3665,62547.1,62477.72,62615,62374.49,1728343800000,3721
131.42601052,62273.7163,62477.71,62200.28,62520,62200.28,1728344700000,4608
164.64165650999996,62264.9086,62203.82,62340.4,62382,62139.43,1728345600000,4979
96.43427487000001,62351.3143,62331.06,62360.98,62470,62230.74,1728346500000,4245
57.245514459999995,62482.753,62364.34,62518.72,62575,62364.34,1728347400000,3290
40.480130890000005,62496.1443,62518.77,62531.96,62589,62439.81,1728348300000,2975
38.239517500000005,62512.0821,62518.2,62508.37,62584,62446.85,1728349200000,2632
23.706933520000003,62390.3296,62569.0,62424.8,62569,62338.24,1728350100000,2794
140.16292656000005,62474.8889,62419.47,62627.53,62681,62291.16,1728351000000,4866
34.69149392,62620.8357,62626.83,62607.57,62730,62534.58,1728351900000,2854
40.187052980000004,62656.744,62607.57,62544.14,62730,62532.53,1728352800000,2938
23.2470209,62458.8828,62539.94,62430.06,62615,62393.3,1728353700000,2701
60.494457469999986,62462.5555,62430.18,62529.46,62599,62399.12,1728354600000,3190
67.52895377000002,62639.3886,62529.33,62771.2,62821,62505.87,1728355500000,3107
54.48129915,62699.7562,62771.8,62668.88,62832,62640.27,1728356400000,3040
95.34541148999999,62623.9245,62665.15,62646.0,62704,62530.87,1728357300000,3133
18.19281326,62630.9474,62624.05,62631.72,62692,62560.65,1728358200000,2291
12.703734889999998,62602.3395,62631.72,62612.61,62673,62553.44,1728359100000,1901
17.10110547,62641.2321,62605.4,62636.25,62714,62587.11,1728360000000,2130
22.692368049999995,62714.2414,62632.55,62720.53,62783,62630.1,1728360900000,2385
25.40755387,62688.868,62724.75,62582.19,62785,62560.74,1728361800000,1965
33.61315391,62661.0618,62582.19,62674.16,62745,62514.09,1728362700000,2421
17.24435176,62637.3112,62741.0,62554.28,62741,62521.97,1728363600000,2083
56.74266285999999,62529.5662,62613.0,62420.69,62621,62410.32,1728364500000,2079
46.42111261999999,62429.8401,62440.4,62463.45,62518,62388.71,1728365400000,2110
104.63668619,62417.1759,62463.45,62486.7,62574,62284.05,1728366300000,3277
45.32228654,62358.1226,62563.0,62338.6,62563,62286.44,1728367200000,2610
81.53939371999998,62259.1487,62338.61,62236.93,62392,62172.66,1728368100000,3120
40.858510349999996,62338.4647,62245.69,62419.45,62483,62233.1,1728369000000,2388
19.58632403,62446.3245,62419.44,62482.23,62522,62369.25,1728369900000,2031
66.31646083,62375.1567,62469.1,62300.39,62520,62255.84,1728370800000,2756
135.56321494999997,62062.4818,62297.07,62154.09,62340,61976.74,1728371700000,4322
72.63775668000001,62232.5974,62154.08,62262.92,62360,62106.39,1728372600000,3003
29.88560472,62272.9624,62262.92,62289.2,62358,62203.94,1728373500000,2112
42.627907329999985,62263.414,62289.21,62210.72,62387,62195.77,1728374400000,2389
34.506984020000004,62289.7495,62210.8,62331.67,62429,62155.08,1728375300000,3441
16.80718445,62350.4898,62333.2,62308.47,62444,62295.94,1728376200000,1657
17.721443909999998,62369.5762,62308.67,62395.49,62459,62290.81,1728377100000,1760
28.87404742,62385.5688,62392.5,62293.05,62493,62285.92,1728378000000,1780
29.433632519999996,62363.9399,62295.51,62417.2,62459,62281.02,1728378900000,1878
22.22068629,62406.0457,62417.2,62378.26,62483,62325.77,1728379800000,1922
26.346233050000002,62477.9664,62378.53,62515.32,62620,62326.93,1728380700000,2734
41.43288187000001,62529.0462,62537.9,62504.33,62600,62463.58,1728381600000,3128
33.88024755,62492.8873,62504.34,62452.29,62577,62445.5,1728382500000,2562
32.88619833,62449.2686,62452.3,62412.1,62544,62386.56,1728383400000,2007
50.55521324,62498.0156,62412.1,62497.48,62610,62412.0,1728384300000,2027
43.13437282,62484.8349,62487.1,62449.6,62573,62437.21,1728385200000,1836
15.16473854,62512.5722,62449.6,62465.4,62596,62449.5,1728386100000,2161
37.83713449,62562.0236,62465.39,62577.72,62665,62461.15,1728387000000,2313
27.619466079999995,62614.6614,62577.4,62597.18,62690,62577.3,1728387900000,2170
27.969074850000002,62568.6949,62597.19,62541.5,62702,62520.0,1728388800000,1900
23.07292421,62533.6629,62527.31,62561.92,62635,62488.17,1728389700000,2080
44.64326825,62540.9203,62561.92,62434.21,62643,62397.0,1728390600000,2688
54.09386457000001,62481.8551,62437.3,62412.28,62594,62408.8,1728391500000,2827
40.29129217,62398.6773,62409.11,62369.29,62552,62347.18,1728392400000,2816
90.36750914,62453.1102,62351.1,62531.5,62722,62300.07,1728393300000,3964
310.25365547,62763.9534,62531.5,62815.23,62952,62505.57,1728394200000,7501
360.7770223,62847.0942,62802.1,63009.96,63079,62630.26,1728395100000,8148
608.48462493,62940.9393,63012.59,62627.93,63248,62584.1,1728396000000,12446
199.27133239000003,62528.8941,62627.93,62332.59,62781,62324.45,1728396900000,6277
198.48135735000002,62329.7867,62330.98,62458.18,62547,62125.7,1728397800000,6444
183.27256481999996,62627.0284,62458.18,62748.68,62847,62398.89,1728398700000,5621
146.55541817,62722.8866,62733.5,62780.0,62879,62606.91,1728399600000,5009
186.80727421999995,62442.8298,62661.8,62182.16,62774,62164.78,1728400500000,6389
379.62946728,62058.3694,62182.16,62197.0,62309,61850.0,1728401400000,8151
89.12324843,62298.2601,62207.24,62258.27,62454,62194.3,1728402300000,3983
155.14864942000003,62186.8179,62250.0,62212.5,62389,62000.0,1728403200000,6058
125.18015408999999,62206.9524,62212.5,62317.78,62378,62081.9,1728404100000,5958
100.03072118000001,62392.6474,62319.65,62473.4,62547,62283.4,1728405000000,4897
62.31583710999999,62463.17,62532.0,62526.88,62635,62369.6,1728405900000,4303
133.45933744999996,62327.9853,62526.88,62384.41,62599,62198.07,1728406800000,5150
64.08925532,62223.6318,62389.61,62249.92,62463,62101.63,1728407700000,4581
66.62882189,62214.1273,62249.91,62187.55,62334,62136.54,1728408600000,4447
93.60324288000001,62156.6647,62193.47,62341.6,62426,62046.66,1728409500000,5512
65.14216442,62383.0999,62433.0,62373.24,62556,62295.94,1728410400000,5653
128.21846905,62256.5349,62373.25,62151.95,62462,62117.12,1728411300000,5732
94.22228462999998,62095.3996,62151.95,62039.56,62245,62025.98,1728412200000,4124
105.94608093,61990.1752,62039.56,62076.53,62157,61885.59,1728413100000,4297
265.9142775099999,61969.7438,62082.5,61874.17,62156,61868.28,1728414000000,5284
404.8991284500001,61936.0999,61874.16,62062.9,62206,61824.48,1728414900000,7591
242.35749466,62225.8827,62062.89,62265.91,62392,62033.14,1728415800000,5602
253.00058368999998,62269.8307,62262.13,62216.84,62392,62189.25,1728416700000,6210
65.49930353999999,62197.4842,62215.1,62274.24,62358,62102.8,1728417600000,4547
36.10893665,62222.3611,62274.24,62234.13,62369,62182.17,1728418500000,4084
40.68078087000001,62261.2748,62204.3,62263.1,62373,62204.2,1728419400000,4387
67.88908062,62318.0214,62264.39,62344.09,62445,62249.76,1728420300000,4767
46.343148879999994,62302.4096,62344.16,62301.49,62438,62271.51,1728421200000,3159
75.65897715000001,62368.4875,62301.53,62416.19,62521,62271.05,1728422100000,3490
48.93532989,62408.7862,62416.19,62404.39,62547,62360.0,1728423000000,3446
44.34817878000001,62432.3599,62404.38,62389.45,62610,62346.19,1728423900000,3322
77.40101011,62356.7005,62394.13,62289.1,62500,62280.11,1728424800000,3286
57.606856580000006,62258.1949,62283.8,62184.43,62393,62159.64,1728425700000,3534
55.83682618,62184.9359,62206.7,62198.93,62308,62130.7,1728426600000,3663
45.01649110999999,62155.0623,62198.92,62137.22,62297,62109.0,1728427500000,5037
23.5416521,62102.9087,62137.23,62043.13,62259,62040.25,1728428400000,3318
71.6730888,62014.9105,62043.14,62006.2,62146,61978.2,1728429300000,3273
50.50540243000002,62109.0323,62006.21,62155.4,62246,61999.57,1728430200000,2880
42.1967706,62186.3274,62155.4,62122.02,62307,62115.45,1728431100000,2862
43.190774600000005,62101.8966,62120.6,62113.23,62231,62016.88,1728432000000,3690
19.397473939999998,62145.2748,62113.22,62190.34,62276,62075.73,1728432900000,3775
31.756565780000003,62057.5611,62190.35,62023.83,62298,61964.88,1728433800000,3409
46.07744049000001,62069.697,62026.92,62117.34,62220,61990.05,1728434700000,3320
47.129203360000005,62149.7163,62088.9,62162.88,62262,62066.98,1728435600000,2729
87.81389084000001,62291.838,62162.46,62335.85,62406,62128.51,1728436500000,3630
65.04593827,62389.5379,62335.84,62392.56,62523,62296.7,1728437400000,3653
94.74071435999998,62377.3611,62392.56,62357.94,62496,62271.45,1728438300000,3285
22.38612096,62314.9492,62369.4,62280.89,62482,62269.63,1728439200000,2597
24.945259699999998,62294.9773,62280.89,62269.75,62388,62248.6,1728440100000,2095
24.41950494,62260.486,62269.44,62283.2,62390,62228.18,1728441000000,2356
15.086683930000001,62275.1645,62295.24,62233.2,62392,62220.38,1728441900000,2615
67.58453743000001,62172.5171,62283.3,62213.14,62345,62110.55,1728442800000,2896
20.23099275,62280.3793,62213.14,62346.67,62423,62159.2,1728443700000,2564
44.25737014,62366.8961,62347.06,62353.14,62485,62299.3,1728444600000,2820
126.65184776999999,62359.565,62353.14,62347.88,62464,62311.99,1728445500000,3243
38.631095550000005,62342.3258,62333.4,62359.86,62462,62284.27,1728446400000,2522
9.615376589999999,62355.104,62360.1,62342.9,62436,62311.8,1728447300000,1980
14.50481793,62359.3717,62346.7,62350.0,62442,62313.86,1728448200000,1739
20.40072348,62351.2684,62346.16,62310.48,62426,62260.61,1728449100000,2129
37.31458594,62381.3537,62299.2,62381.0,62494,62299.2,1728450000000,2530
28.385654180000003,62406.5106,62357.45,62391.75,62537,62338.38,1728450900000,2294
31.22989688,62424.3531,62391.76,62473.24,62560,62370.46,1728451800000,2429
65.39870969,62480.0464,62473.24,62489.62,62587,62391.16,1728452700000,2618
15.18879834,62483.1386,62489.62,62483.28,62580,62434.03,1728453600000,2099
10.72331389,62477.2072,62483.31,62467.25,62579,62439.84,1728454500000,2891
20.012054980000006,62471.5426,62467.25,62390.62,62566,62353.55,1728455400000,2065
9.98501333,62397.4063,62393.76,62400.0,62504,62339.2,1728456300000,2469
14.621002690000001,62268.9138,62400.1,62188.15,62488,62180.4,1728457200000,2479
25.558000040000003,62195.9181,62188.14,62217.56,62312,62152.55,1728458100000,3420
18.76823662,62259.7889,62217.56,62246.58,62345,62186.45,1728459000000,2154
13.730224509999998,62226.2317,62240.37,62233.87,62342,62205.84,1728459900000,2001
35.814968549999996,62173.9339,62259.0,62184.05,62328,62087.55,1728460800000,3660
16.76050535,62119.9541,62184.04,62089.51,62296,62060.23,1728461700000,2633
56.093476530000004,62055.645,62089.51,62085.01,62208,62013.0,1728462600000,3581
35.88962606,62077.1708,62085.01,62108.97,62186,62042.73,1728463500000,2715
33.1869299,62124.275,62108.2,62090.4,62266,62072.97,1728464400000,2698
26.136463120000002,62098.0029,62090.4,62098.73,62255,62051.12,1728465300000,2575
27.654859250000005,62130.4757,62098.73,62166.34,62260,62083.98,1728466200000,2560
29.735128960000004,62178.0044,62166.34,62209.6,62304,62130.62,1728467100000,2167
20.474338789999997,62167.3195,62215.33,62174.05,62304,62142.6,1728468000000,1519
65.12655079999999,62078.5297,62173.95,62061.44,62263,62014.94,1728468900000,2179
56.978608,62031.0158,62057.45,62053.04,62150,62005.0,1728469800000,2023
28.15317026,62103.0482,62054.6,62102.5,62205,62039.9,1728470700000,1758
16.2661179,62119.4651,62102.5,62120.27,62222,62071.33,1728471600000,1742
34.26417565,62104.6238,62120.27,62099.42,62222,62050.99,1728472500000,2216
38.83934383,62144.172,62100.5,62116.57,62187,62068.5,1728473400000,2526
35.694499900000004,62144.7345,62116.57,62149.18,62243,62069.7,1728474300000,1880
57.87332989,62069.6712,62149.17,62073.52,62249,62010.0,1728475200000,2721
55.58553952000001,62049.5657,62073.52,62077.7,62178,62010.0,1728476100000,2426
171.25536455000002,61872.6989,62061.05,61814.16,62159,61718.09,1728477000000,5116
230.87237587,61829.8037,61818.49,61919.39,62026,61706.2,1728477900000,5698
131.45535579,61892.9091,61917.13,61920.65,62053,61762.31,1728478800000,4151
44.836514769999994,61898.5397,61914.75,61901.83,62039,61830.53,1728479700000,3333
244.03493783,61861.336,61852.6,61843.78,62068,61696.96,1728480600000,6965
82.42525993000001,61841.7166,61821.7,61739.71,62005,61739.71,1728481500000,4102
152.15678838,61755.5616,61745.44,61844.92,61958,61633.32,1728482400000,5636
44.82452017,61923.6828,61838.29,61891.52,62026,61809.25,1728483300000,3634
62.893606459999994,61805.1916,61896.49,61744.31,61994,61709.98,1728484200000,4272
170.33320075000003,61673.6277,61750.21,61819.7,61879,61571.34,1728485100000,6111
109.99946876,61901.143,61801.3,62087.5,62142,61726.39,1728486000000,5054
263.99984642,62194.5321,62087.51,62253.68,62390,62005.34,1728486900000,7051
119.04942116,62229.8019,62253.69,62225.14,62411,62100.0,1728487800000,5050
119.51611034000001,62304.145,62225.11,62266.46,62451,62209.04,1728488700000,5316
136.2575471,62168.3566,62257.3,62033.84,62391,62012.05,1728489600000,6093
166.63209211999998,61851.4064,62033.83,61779.19,62140,61680.68,1728490500000,7280
105.03398720999999,61730.3623,61777.57,61781.16,61927,61632.02,1728491400000,5005
121.33081115,61724.3351,61782.52,61766.5,61913,61670.39,1728492300000,4901
121.1308938,61725.7718,61758.74,61831.19,61913,61654.82,1728493200000,4048
77.08978164999999,61775.131,61831.18,61689.04,61935,61647.32,1728494100000,3823
61.166035660000006,61745.129,61689.04,61787.65,61877,61670.87,1728495000000,3377
79.66619757999999,61683.352,61787.64,61699.85,61875,61613.59,1728495900000,4218
240.18197623,61509.2074,61792.0,61402.31,61840,61335.76,1728496800000,8066
295.06754623,61314.9017,61402.31,61379.46,61488,61191.77,1728497700000,8248
186.61210469,61329.5032,61379.3,61279.03,61475,61279.0,1728498600000,5125
285.61249939,61197.5503,61279.03,61137.69,61387,61080.2,1728499500000,6709
548.25009683,61035.3083,61137.69,60952.47,61223,60930.76,1728500400000,9458
373.28434603,60951.8926,60951.57,60913.7,61135,60770.0,1728501300000,8168
261.33380716,61013.5479,60887.89,61060.85,61161,60838.27,1728502200000,5155
309.81900979000005,61009.2835,61060.84,60968.18,61147,60936.32,1728503100000,6517
164.35326910000003,60938.4587,60969.2,60942.82,61054,60870.5,1728504000000,5221
174.53582128,60899.5408,60942.83,60897.5,61058,60818.07,1728504900000,6001
97.46813351,60973.3007,60912.51,61067.59,61142,60897.4,1728505800000,3838
654.7059994099999,60539.4026,61067.6,60371.54,61141,60255.0,1728506700000,13851
216.67900000999995,60439.3322,60446.0,60621.0,60629,60309.0,1728507600000,6355
178.78745788,60616.0861,60577.66,60754.47,60817,60489.63,1728508500000,4729
83.95372984,60724.4723,60740.9,60791.53,60837,60653.78,1728509400000,3731
78.57054998000001,60852.8423,60791.53,60857.61,60960,60748.1,1728510300000,3304
122.44849107000002,60797.2797,60857.6,60799.01,60937,60689.54,1728511200000,4395
71.98117646000001,60710.9384,60799.01,60654.77,60862,60640.36,1728512100000,3553
46.781307819999995,60685.6563,60666.0,60680.05,60794,60640.97,1728513000000,3593
53.76927595,60713.1537,60678.76,60746.85,60812,60678.1,1728513900000,3800
77.58382434,60683.6709,60746.86,60694.02,60838,60589.38,1728514800000,3554
133.61848724,60611.5678,60694.01,60658.0,60750,60546.69,1728515700000,4138
74.85081305000001,60643.3674,60597.53,60656.13,60736,60573.1,1728516600000,3127
71.21893588,60607.9022,60656.13,60578.28,60726,60557.9,1728517500000,3140
167.42856295,60524.656,60558.0,60543.73,60694,60418.01,1728518400000,5573
131.85315664,60400.8616,60546.37,60434.87,60632,60305.35,1728519300000,4931
82.6003689,60398.8853,60434.49,60409.38,60598,60300.0,1728520200000,4270
84.42714819999998,60420.7788,60409.38,60374.49,60558,60344.05,1728521100000,3756
47.73745904000001,60467.5281,60369.7,60520.03,60627,60360.1,1728522000000,3260
94.81425985999999,60567.0381,60524.53,60546.82,60684,60487.34,1728522900000,3601
70.84633614000002,60662.236,60554.89,60733.67,60834,60527.44,1728523800000,3984
88.21635770999998,60736.723,60733.66,60736.94,60851,60674.1,1728524700000,3640
40.16749849,60746.3449,60737.07,60664.5,60890,60642.74,1728525600000,2949
31.40764232,60774.8162,60673.62,60799.82,60898,60664.6,1728526500000,2759
39.36995771,60838.5411,60799.82,60842.92,60943,60792.02,1728527400000,2383
33.14415463,60827.9413,60846.07,60817.46,60950,60754.1,1728528300000,2441
52.042210350000005,60787.9046,60840.1,60848.95,60914,60754.34,1728529200000,2142
42.21364678000001,60863.9276,60848.94,60868.93,60956,60829.25,1728530100000,2002
22.274212040000002,60876.6147,60868.93,60852.46,60973,60820.66,1728531000000,1801
25.20672793,60867.9351,60852.46,60805.03,60959,60798.33,1728531900000,1921
19.826052779999998,60811.8189,60810.1,60774.15,60926,60756.87,1728532800000,1888
20.90847274,60810.15,60774.15,60872.3,60943,60750.88,1728533700000,1924
25.59190002,60850.4475,60872.28,60854.54,60951,60827.5,1728534600000,2390
50.13021121999999,60875.1521,60857.5,60804.63,60966,60801.82,1728535500000,1942
69.26817549999998,60804.0249,60828.4,60815.5,60930,60788.7,1728536400000,2018
63.65560794,60808.6449,60815.5,60829.11,60890,60779.3,1728537300000,1853
39.05148555,60816.7849,60829.1,60858.55,60948,60791.67,1728538200000,1955
85.21087632,60928.5536,60854.1,60873.74,61063,60850.01,1728539100000,2513
68.5690235,60866.3917,60873.74,60926.68,61032,60820.4,1728540000000,2157
28.36579302000001,60980.7593,60930.91,60983.46,61090,60924.2,1728540900000,1897
100.27919932999998,61009.2289,60983.47,61000.01,61117,60974.4,1728541800000,2926
66.06253132,61036.2578,61000.01,61078.37,61159,60970.0,1728542700000,2931
23.4191818,61049.1421,61077.46,61076.91,61159,61012.96,1728543600000,1654
23.569552879999996,61022.1715,61076.64,60957.78,61154,60957.78,1728544500000,1727
27.10873057,60922.1283,60957.78,60900.8,61047,60867.67,1728545400000,2249
25.669247889999998,60884.4373,60883.7,60835.02,61004,60833.0,1728546300000,1961
25.004002489999994,60852.9245,60880.1,60827.57,60967,60786.87,1728547200000,1934
101.51248701000002,60964.3028,60827.57,60972.0,61084,60806.65,1728548100000,3103
82.02214629,60965.1545,61000.02,60868.59,61084,60847.32,1728549000000,3398
62.11608706,60807.2187,60864.0,60758.12,60962,60732.32,1728549900000,2842
39.619234590000005,60768.0757,60788.7,60725.8,60908,60716.69,1728550800000,2241
51.63826812999999,60689.3653,60725.8,60604.03,60888,60562.5,1728551700000,2926
74.57109907,60758.9109,60604.03,60856.3,60988,60587.92,1728552600000,2992
27.964278690000004,60886.8527,60852.67,60872.06,61010,60823.6,1728553500000,1945
38.38174449,60939.7418,60860.0,60909.05,61082,60859.9,1728554400000,2202
50.64359331000001,61010.5438,60909.05,61024.85,61146,60905.2,1728555300000,2786
29.84620203,61077.3543,61024.85,61041.87,61234,60995.69,1728556200000,2188
43.287646110000004,61026.7735,61041.87,61010.0,61177,60958.28,1728557100000,2481
29.107161200000007,61014.1955,60996.89,61060.1,61155,60976.78,1728558000000,1783
30.97073582,61101.4709,61060.09,61084.5,61227,61027.9,1728558900000,2016
72.65893485999999,61174.5346,61127.42,61199.9,61338,61066.2,1728559800000,3497
32.55211107999999,61187.8002,61178.7,61308.0,61364,61146.46,1728560700000,2524
51.622238149999994,61199.7935,61308.0,61231.08,61345,61132.48,1728561600000,2757
74.09212576,61194.4993,61231.08,61195.68,61348,61116.54,1728562500000,3610
333.92235423,60925.9718,61195.6,60896.54,61325,60684.4,1728563400000,10422
101.5846502,60904.8761,60894.32,60902.09,61109,60784.43,1728564300000,4553
83.44253400000002,60920.9186,60896.68,60959.88,61113,60826.17,1728565200000,4360
121.23627134000002,61091.9908,60959.87,61092.16,61287,60959.87,1728566100000,4398
262.95287263,60893.5461,61100.1,60810.95,61187,60766.03,1728567000000,7312
195.85486613999998,60737.1149,60808.7,61008.0,61083,60537.03,1728567900000,6882
88.39293432000001,60845.308,60866.67,60833.31,61083,60695.34,1728568800000,4744
139.98727166,60706.4393,60833.32,60678.79,61009,60580.9,1728569700000,4964
219.91347197000002,60556.1441,60678.78,60541.9,60801,60438.41,1728570600000,6835
146.07709465,60549.7386,60502.44,60522.71,60730,60476.7,1728571500000,5916
145.56150273000003,60565.5493,60544.3,60686.62,60793,60370.2,1728572400000,6198
118.53455304000002,60563.9653,60686.21,60417.53,60793,60405.0,1728573300000,5511
119.21218993,60488.0714,60417.53,60573.71,60692,60380.01,1728574200000,5156
133.34496248,60642.6574,60573.7,60730.19,60849,60516.49,1728575100000,5654
169.72612951000002,60815.6137,60741.2,60692.44,61060,60614.49,1728576000000,7069
75.54661814,60623.2899,60687.2,60495.4,60857,60456.18,1728576900000,5653
127.42669569,60472.6749,60495.4,60450.82,60648,60396.99,1728577800000,5242
227.25179168000003,60332.8072,60450.82,60225.51,60565,60186.0,1728578700000,6452
505.60969176000003,60114.9672,60225.79,60130.04,60487,59929.51,1728579600000,11879
248.77202565000005,60140.895,60130.04,60175.94,60362,60010.0,1728580500000,7299
157.91468080999996,60138.9679,60175.94,60148.21,60373,60058.61,1728581400000,5969
1093.47894676,59688.1382,60148.21,59525.95,60274,59477.72,1728582300000,21345
993.5060320700001,59165.4466,59525.95,59087.79,59600,58865.21,1728583200000,23547
394.52158904,58976.012,59087.81,59004.44,59200,58863.9,1728584100000,12752
557.12801429,59124.6558,59004.43,59156.56,59381,58888.03,1728585000000,13262
282.84327164,59258.6631,59156.56,59414.25,59506,59075.28,1728585900000,8729
426.30760646999994,59379.6976,59414.25,59344.5,59557,59282.51,1728586800000,9276
327.5077919,59383.057,59344.81,59469.92,59540,59283.22,1728587700000,8025
362.58168041,59568.5132,59469.92,59632.63,59714,59439.9,1728588600000,8696
348.6950731200001,59646.5416,59632.63,59670.0,59745,59580.0,1728589500000,8462
148.42986259,59757.773,59670.0,59912.81,59972,59592.28,1728590400000,5877
207.45129150999998,59690.1302,59912.8,59619.66,60000,59581.21,1728591300000,7261
116.46663917999999,59611.2111,59620.0,59671.47,59718,59519.03,1728592200000,5199
106.04422582999999,59701.3222,59671.46,59731.03,59790,59650.0,1728593100000,4734
108.4619939,59682.9796,59719.9,59658.93,59789,59625.88,1728594000000,4059
68.67866623,59770.6888,59658.93,59859.13,59899,59658.92,1728594900000,3682
84.47585197000001,59854.8586,59851.1,59803.72,59980,59797.14,1728595800000,4499
96.85705850000001,59954.1557,59803.72,60133.38,60177,59800.66,1728596700000,4846
177.04921369999997,59991.7068,60133.37,59909.04,60177,59878.39,1728597600000,5460
49.38690062999999,59966.1941,59907.56,60063.2,60102,59883.74,1728598500000,3176
127.69366738000001,60133.2798,60048.9,60180.84,60239,60039.02,1728599400000,5177
56.34160676,60146.1051,60181.7,60091.96,60239,60088.45,1728600300000,4108
41.96295824,60154.833,60091.96,60217.89,60263,60091.96,1728601200000,3672
58.77613157,60231.7826,60217.88,60219.66,60315,60173.64,1728602100000,4274
66.62497985,60223.3762,60219.65,60202.38,60305,60175.75,1728603000000,3792
47.56102354000001,60213.0459,60202.38,60279.53,60337,60134.41,1728603900000,3834
52.4447445,60269.4145,60275.9,60295.19,60352,60216.33,1728604800000,4751
75.58757965000001,60217.1686,60280.0,60154.82,60353,60150.0,1728605700000,4682
42.29431008,60186.5438,60154.82,60249.82,60285,60108.61,1728606600000,3645
43.332771150000006,60205.8604,60241.57,60140.0,60288,60136.49,1728607500000,3637
47.62699052999999,60115.099,60146.6,60095.1,60223,60056.07,1728608400000,3632
64.94871011000001,60128.9299,60094.95,60093.62,60226,60093.61,1728609300000,3239
59.783327639999996,60079.1999,60093.61,60113.68,60172,60029.98,1728610200000,3303
248.66271585999993,60430.7162,60113.68,60522.17,60740,60113.68,1728611100000,7282
90.07091034000001,60434.6511,60533.9,60354.87,60598,60318.53,1728612000000,4188
52.30309954999999,60434.1914,60354.88,60410.83,60523,60354.88,1728612900000,3329
63.51251210999999,60427.0492,60409.1,60438.69,60485,60404.2,1728613800000,3179
70.74612256,60504.5451,60437.96,60495.57,60638,60419.9,1728614700000,3149
50.22732647,60587.6738,60565.0,60604.91,60699,60485.9,1728615600000,2780
96.67965536000001,60590.6773,60606.29,60633.86,60676,60529.34,1728616500000,3648
51.64533327,60587.868,60631.98,60578.4,60694,60549.35,1728617400000,2871
39.36889942,60607.7613,60578.39,60560.57,60690,60558.64,1728618300000,2749
43.06918142,60615.7461,60595.2,60628.58,60718,60543.78,1728619200000,2710
49.79769228999999,60592.0857,60627.72,60559.87,60681,60555.11,1728620100000,2866
70.41302437999998,60565.7827,60559.87,60572.57,60650,60523.85,1728621000000,2723
36.74240914000001,60591.4139,60577.0,60657.26,60689,60548.52,1728621900000,3085
53.81710249,60678.7994,60633.8,60619.9,60786,60618.78,1728622800000,2631
42.54063633,60611.5134,60621.95,60571.57,60747,60544.52,1728623700000,2359
28.474389660000007,60586.8147,60568.25,60601.0,60660,60555.77,1728624600000,1976
38.45359234,60587.7492,60592.17,60551.99,60682,60547.0,1728625500000,2373
26.224575729999998,60581.5839,60601.1,60599.0,60655,60548.69,1728626400000,2324
82.90139718,60626.9728,60599.0,60688.35,60754,60558.09,1728627300000,2710
84.96376495999999,60805.3967,60686.56,60823.03,60920,60666.33,1728628200000,3427
73.82442849,60804.3175,60829.11,60754.39,60897,60748.17,1728629100000,2714
71.97861597,60815.7984,60768.6,60819.93,60940,60722.21,1728630000000,3101
68.03730673,60779.6617,60820.8,60760.28,60900,60742.46,1728630900000,2952
54.515835239999994,60762.9318,60764.13,60696.35,60849,60691.97,1728631800000,2882
50.651942899999995,60659.0727,60723.0,60625.6,60790,60609.0,1728632700000,2378
39.21746556,60671.1854,60624.69,60660.5,60751,60619.55,1728633600000,1987
34.33223240999999,60712.2267,60657.49,60675.69,60820,60657.49,1728634500000,1856
49.3360144,60657.171,60749.0,60636.34,60749,60607.19,1728635400000,2363
54.44005103,60649.0203,60635.45,60639.6,60730,60618.61,1728636300000,2821
71.15165040000001,60712.4498,60639.6,60861.29,60929,60604.67,1728637200000,2991
87.71418243,60861.8603,60861.28,60789.96,60997,60786.88,1728638100000,3370
66.36286017,60805.7745,60789.97,60825.27,60914,60780.0,1728639000000,2831
80.73863985999999,60972.6938,60819.2,61038.9,61140,60819.1,1728639900000,3739
88.05313892999999,61113.0774,61040.41,61055.07,61250,61027.35,1728640800000,3912
75.59042802,61120.2477,61054.8,60983.51,61259,60976.94,1728641700000,3807
60.512307889999995,61020.6287,60983.5,60985.48,61128,60959.11,1728642600000,3123
76.58744169,61064.9192,61011.1,61109.6,61198,60971.49,1728643500000,2997
86.39594575000001,61085.6055,61109.6,61039.93,61194,61028.35,1728644400000,2163
43.36671392,61087.3291,61039.93,61055.24,61191,61039.34,1728645300000,2818
61.52406189999999,61148.0024,61055.24,61137.18,61235,61055.24,1728646200000,3386
25.09279459,61165.796,61147.0,61135.59,61286,61118.46,1728647100000,2523
102.67369241,61175.3847,61135.7,61167.8,61328,61083.66,1728648000000,3684
41.053451409999994,61180.5419,61172.81,61231.14,61295,61118.47,1728648900000,3143
242.60028441,61331.6278,61213.4,61167.61,61500,61123.31,1728649800000,7868
64.38638339,61264.7412,61167.61,61346.09,61419,61146.7,1728650700000,3170
83.25287943,61335.9224,61349.9,61272.5,61457,61253.99,1728651600000,4490
109.67124022,61299.5472,61296.3,61392.9,61465,61173.07,1728652500000,4677
429.97943841999995,61563.8498,61392.9,61462.01,61790,61365.8,1728653400000,10804
288.36611357000004,61669.7895,61561.0,61650.36,61886,61419.12,1728654300000,8346
299.62284461999997,61800.2195,61726.0,61902.6,61963,61644.58,1728655200000,10002
415.25379397,61828.0568,61903.37,61747.09,61974,61740.63,1728656100000,9929
153.00528734000005,61810.2088,61747.04,61734.0,61927,61720.21,1728657000000,6165
217.40610618999997,61756.6394,61733.32,61731.59,61878,61606.02,1728657900000,7897
358.72751007,61996.8344,61732.65,62200.62,62249,61728.31,1728658800000,10095
333.45606755,62172.5672,62201.16,62149.1,62324,62039.14,1728659700000,10505
175.25639108,62034.3396,62163.2,62035.25,62196,61958.78,1728660600000,6969
315.30755855999996,62281.5887,62035.14,62263.45,62477,62029.68,1728661500000,10613
336.63710773,62288.2012,62294.4,62206.3,62467,62197.8,1728662400000,11277
379.66992005000003,62235.9083,62209.5,62280.65,62396,62166.76,1728663300000,11371
213.21397629,62349.0275,62280.65,62412.33,62453,62254.04,1728664200000,6616
262.57967064,62301.2513,62407.75,62263.96,62466,62116.6,1728665100000,7600
156.54097769999998,62238.3379,62240.9,62186.3,62343,62175.67,1728666000000,6789
242.26000548999997,62275.5283,62209.9,62381.72,62428,62159.29,1728666900000,8599
691.8362544100002,62665.0555,62373.51,62733.93,62888,62364.0,1728667800000,14103
323.66405278,62819.4199,62733.94,62916.76,62988,62690.2,1728668700000,9744
306.79683206,62887.9606,62974.0,62778.7,63003,62761.26,1728669600000,10450
186.99513302000003,62787.196,62792.2,62734.95,62873,62701.72,1728670500000,7162
199.79694998000002,62845.7611,62734.95,62890.1,62936,62734.95,1728671400000,6748
325.5219847000001,62858.0053,62878.55,62927.48,62950,62790.72,1728672300000,5903
731.9471716000002,63174.9828,62929.02,63247.11,63455,62834.28,1728673200000,13079
469.23035631000005,63130.0044,63250.79,63034.85,63317,62999.18,1728674100000,7680
470.76809612,62938.1366,63034.85,62987.3,63130,62815.93,1728675000000,7680
412.98530206,62992.9359,62972.42,63093.1,63130,62917.5,1728675900000,7503
159.23801741,63002.958,63095.3,62921.85,63143,62915.03,1728676800000,6634
138.25952544,62978.7085,62918.0,62997.76,63040,62918.0,1728677700000,5188
120.43852305999998,62994.3583,62964.9,63001.2,63082,62944.6,1728678600000,4309
138.59473593,62998.2308,63010.59,62991.85,63083,62958.9,1728679500000,5103
117.61905127000001,63067.4844,62991.85,63048.42,63203,62991.85,1728680400000,4170
63.337581119999996,63028.6673,63054.3,63029.9,63110,62972.87,1728681300000,3323
54.09603569,63037.5722,63027.9,62975.93,63120,62963.14,1728682200000,3404
64.76604306,62906.8568,62975.49,62844.06,63067,62800.0,1728683100000,3495
110.84448988,62801.5291,62843.23,62749.97,62966,62716.25,1728684000000,3564
116.23945590999999,62582.5114,62749.96,62466.27,62821,62457.72,1728684900000,4843
114.84394911000001,62443.4036,62462.5,62402.64,62633,62358.9,1728685800000,4085
41.1270525,62444.2469,62402.64,62438.91,62557,62387.4,1728686700000,2888
65.62423312000001,62489.3738,62510.0,62624.76,62733,62376.0,1728687600000,3148
53.95260249,62542.975,62628.4,62502.02,62729,62457.64,1728688500000,3220
28.300208449999996,62496.6945,62501.86,62446.58,62609,62446.58,1728689400000,2713
65.34919018,62402.6426,62446.58,62518.75,62581,62329.83,1728690300000,3260
84.56399074000001,62588.7772,62502.5,62721.31,62799,62469.89,1728691200000,3630
95.34776913,62650.1656,62695.5,62712.22,62799,62574.43,1728692100000,3242
82.55785686,62742.8638,62712.22,62738.84,62864,62665.5,1728693000000,3158
68.69906353,62758.9839,62737.9,62819.13,62975,62641.82,1728693900000,3167
122.12097009,62937.8927,62838.1,62798.2,63135,62783.42,1728694800000,4360
43.15499099,62783.2452,62802.19,62818.08,62931,62737.57,1728695700000,2954
32.54507486,62817.5639,62808.0,62774.69,62931,62739.46,1728696600000,2582
32.868019960000005,62722.7371,62774.82,62715.08,62860,62666.89,1728697500000,2384
21.5108761,62703.6652,62805.0,62671.25,62821,62660.58,1728698400000,2658
27.036049140000003,62664.1021,62671.57,62658.77,62788,62634.3,1728699300000,2207
28.812426829999996,62597.3477,62658.6,62711.0,62750,62532.42,1728700200000,2758
21.262037,62540.0076,62624.16,62534.29,62709,62500.01,1728701100000,2525
24.942422739999998,62569.7618,62537.5,62586.25,62703,62509.97,1728702000000,2258
20.089265380000004,62526.7032,62586.24,62491.65,62689,62464.15,1728702900000,2433
18.32712584,62521.3347,62494.15,62476.9,62643,62473.2,1728703800000,2047
15.592271069999999,62526.4086,62476.6,62545.18,62634,62468.72,1728704700000,1910
23.859042369999994,62585.2699,62538.3,62622.46,62709,62538.3,1728705600000,1839
50.05728917,62627.7122,62622.45,62634.2,62770,62543.54,1728706500000,2213
55.917268469999996,62653.6478,62630.6,62578.26,62822,62567.51,1728707400000,2857
14.14129218,62585.3566,62578.26,62567.51,62694,62561.5,1728708300000,1679
12.387481349999998,62592.7516,62568.4,62607.58,62701,62554.39,1728709200000,1598
19.172138659999995,62605.9768,62604.92,62622.52,62714,62576.25,1728710100000,1651
11.28428235,62658.0082,62622.52,62659.49,62758,62621.1,1728711000000,1876
21.45441877,62732.75,62668.1,62755.72,62884,62648.81,1728711900000,1746
25.22302044,62721.2915,62780.0,62700.58,62883,62676.29,1728712800000,2016
27.389893550000004,62668.7392,62698.71,62667.18,62805,62643.37,1728713700000,1545
21.95550252,62687.3574,62667.17,62693.4,62795,62656.8,1728714600000,1484
9.389751910000001,62673.9264,62685.7,62661.03,62791,62648.51,1728715500000,1091
14.88331504,62648.018,62678.1,62678.0,62761,62622.25,1728716400000,1543
22.535744200000003,62669.2712,62678.1,62697.63,62795,62620.39,1728717300000,1577
20.311166410000002,62683.5329,62697.64,62732.11,62825,62625.54,1728718200000,1583
23.40632616,62741.1675,62732.11,62751.0,62848,62711.73,1728719100000,1480
37.63099406999999,62729.7172,62751.1,62728.9,62847,62673.63,1728720000000,1831
19.811458740000003,62720.576,62728.9,62754.29,62837,62674.9,1728720900000,1216
15.172076469999999,62717.2859,62754.28,62732.56,62837,62696.65,1728721800000,1209
10.00312677,62706.5741,62732.56,62703.3,62831,62668.78,1728722700000,1048
12.188771459999998,62692.3318,62700.05,62702.7,62802,62656.73,1728723600000,1826
11.46300843,62700.8326,62702.8,62714.0,62830,62650.0,1728724500000,1111
7.777936870000001,62715.7685,62714.01,62731.55,62835,62699.69,1728725400000,1242
13.151434940000001,62768.1952,62728.92,62824.52,62916,62702.7,1728726300000,1220
29.989111499999993,62855.9968,62824.52,63022.0,63022,62771.2,1728727200000,2283
25.206512580000002,62947.6102,62935.31,62926.51,63075,62893.72,1728728100000,1668
47.138556290000004,62944.9643,62926.5,62966.44,63074,62891.14,1728729000000,1740
41.36095453000001,62985.3736,62966.44,62997.5,63121,62908.28,1728729900000,1765
40.3937279,63087.9315,62997.5,63084.58,63200,62971.29,1728730800000,1979
102.63372176000001,63196.3447,63084.58,63116.01,63356,63055.7,1728731700000,3219
42.96841503999999,63051.8061,63117.11,62960.0,63249,62912.19,1728732600000,2380
29.15410946,62975.9347,62960.1,62920.03,63142,62889.89,1728733500000,1820
42.9783382,62884.7695,62913.9,62925.1,63050,62803.47,1728734400000,2655
22.60828206,62874.8498,62931.34,62887.97,63049,62833.23,1728735300000,2026
21.248442539999996,62869.2065,62886.36,62873.0,63009,62825.01,1728736200000,1965
140.25159786999998,62983.1411,62873.44,63030.8,63159,62865.1,1728737100000,4697
90.19476787,63039.8274,63036.71,63077.75,63243,62963.77,1728738000000,3842
110.69644938,63008.6559,63077.75,63025.08,63216,62967.08,1728738900000,5076
50.24118745,63010.9375,63018.6,63032.92,63168,62987.35,1728739800000,3388
148.95012153,63002.3375,63031.51,63060.63,63193,62953.87,1728740700000,7534
39.16741586999999,63085.2534,63061.1,63173.01,63304,63000.01,1728741600000,2877
65.40322359,63158.4334,63173.01,63136.2,63319,63100.81,1728742500000,3493
84.20679915999999,63202.495,63137.27,63231.97,63413,63114.84,1728743400000,3647
373.4862656699999,63366.8523,63230.54,63224.99,63516,63201.54,1728744300000,9765
226.57902703999997,63297.5654,63230.1,63429.29,63590,63133.17,1728745200000,7208
83.09345664,63351.9473,63427.37,63306.7,63575,63270.0,1728746100000,5009
70.65853874999999,63187.897,63308.07,63047.0,63436,63044.99,1728747000000,4038
79.9670698,63103.8232,63067.8,63153.77,63268,63047.56,1728747900000,3558
98.17230970000001,63252.6826,63142.9,63332.33,63455,63142.9,1728748800000,4172
192.47314658999997,63194.2634,63332.75,63174.66,63500,63090.7,1728749700000,6765
73.14301979999999,63161.1783,63172.15,63124.3,63316,63092.38,1728750600000,3330
106.69742068000001,63088.3278,63131.12,63061.13,63283,63055.53,1728751500000,4797
149.73863362,63090.1094,63196.0,63169.12,63286,63045.29,1728752400000,5417
29.819208140000004,63225.9508,63169.33,63249.19,63378,63108.0,1728753300000,2769
77.58820010000001,63130.8144,63248.85,63136.1,63375,63073.18,1728754200000,3320
61.612755130000004,63088.6826,63148.02,63093.8,63267,63069.76,1728755100000,3200
92.85309177,63128.6333,63231.0,63088.02,63295,63066.79,1728756000000,3496
236.65627503999994,63101.6094,63088.02,63132.0,63231,62930.74,1728756900000,7039
26.23355801,63007.8828,63020.15,62977.46,63165,62944.7,1728757800000,2766
30.87770006999999,62963.46,62977.45,62932.85,63131,62921.33,1728758700000,2486
27.339780549999997,62980.4628,62929.59,62999.63,63134,62922.2,1728759600000,2542
28.6544199,62989.1888,62993.71,63033.0,63176,62895.03,1728760500000,3097
15.94909812,63011.9611,63033.0,63003.97,63192,62950.82,1728761400000,2773
10.56100488,63019.4029,63003.97,62989.09,63153,62978.76,1728762300000,2380
40.52449500000001,63041.9846,63126.0,63066.66,63214,62982.5,1728763200000,3021
24.07054906,63070.7635,63066.67,63068.38,63213,63021.4,1728764100000,2288
13.896575080000002,63061.7376,63065.1,63030.8,63219,63008.76,1728765000000,2245
18.204113409999998,63063.4901,63030.8,63029.24,63177,63021.43,1728765900000,2293
20.94994875,63082.1669,63025.11,63135.14,63252,63021.1,1728766800000,2408
35.08461440000001,63130.392,63135.21,63175.63,63293,63092.59,1728767700000,2192
26.06873831,63147.3107,63136.9,63127.05,63330,63113.4,1728768600000,2547
24.535183390000004,63157.9718,63123.74,63203.0,63338,63091.06,1728769500000,2522
40.33286456999999,63199.5205,63204.21,63200.59,63395,63119.62,1728770400000,2922
18.6336467,63263.677,63200.59,63243.55,63405,63197.25,1728771300000,2073
31.58285606,63267.0055,63240.5,63216.73,63402,63193.13,1728772200000,2238
19.888949909999997,63308.783,63216.57,63273.87,63453,63195.18,1728773100000,2017
31.08650446,63307.5248,63273.86,63316.18,63487,63250.75,1728774000000,2256
23.868487090000002,63282.371,63317.17,63216.33,63486,63195.41,1728774900000,2367
15.154317650000001,63195.4105,63216.32,63193.7,63367,63155.4,1728775800000,2094
16.72303821,63180.3311,63191.09,63187.47,63341,63148.36,1728776700000,1845
37.16458125000001,63229.7663,63184.9,63181.65,63406,63170.35,1728777600000,2471
67.64490094,63137.6218,63181.65,63220.01,63356,63036.89,1728778500000,2693
13.299739169999999,63231.3643,63219.31,63253.37,63387,63194.35,1728779400000,1793
14.976806960000001,63215.978,63247.57,63164.56,63389,63164.56,1728780300000,1730
51.91341363,63047.0293,63201.1,63009.64,63326,62971.94,1728781200000,2569
201.32221850000002,62982.8722,63009.64,62934.11,63137,62803.7,1728782100000,4193
20.618244369999996,62977.3963,62934.1,63009.07,63161,62841.64,1728783000000,2095
25.469018710000004,62920.1494,63009.07,62862.03,63163,62841.82,1728783900000,2057
51.91861135999999,62805.6255,62861.7,62708.66,63050,62705.13,1728784800000,2872
28.994598850000003,62750.5696,62708.28,62779.9,62928,62678.75,1728785700000,1986
15.45415451,62806.3315,62775.34,62823.06,62958,62756.5,1728786600000,1704
13.72440824,62845.8807,62815.26,62857.14,62978,62759.18,1728787500000,1724
13.044260990000001,62837.7544,62982.0,62794.99,63010,62769.81,1728788400000,1562
30.456298220000004,62731.5651,62794.99,62766.89,62944,62636.59,1728789300000,2133
17.320903310000002,62710.1811,62766.89,62684.67,62903,62660.33,1728790200000,1728
4.97495151,62698.1407,62684.68,62701.21,62847,62657.5,1728791100000,1349
10.484842109999999,62731.0762,62700.1,62747.62,62888,62685.72,1728792000000,1310
12.79251611,62808.4831,62745.08,62836.3,62959,62741.0,1728792900000,1484
46.293929379999994,62855.9733,62831.96,62801.24,62959,62768.32,1728793800000,1390
17.89639168,62833.0986,62801.24,62803.28,62952,62781.52,1728794700000,1383
10.692155530000003,62850.7383,62803.8,62868.57,62987,62794.11,1728795600000,1530
12.467248789999996,62897.7224,62868.58,62947.62,63060,62840.1,1728796500000,1296
6.25129113,62910.0372,62947.61,62868.73,63059,62868.73,1728797400000,1271
7.204467169999999,62860.5542,62868.73,62837.81,63008,62828.76,1728798300000,1105
11.264823510000001,62935.5358,62850.1,63063.0,63063,62834.56,1728799200000,1315
22.575016659999992,62936.9522,62944.93,62853.98,63081,62840.02,1728800100000,1224
6.005866459999999,62882.6866,62853.97,62892.48,63027,62841.23,1728801000000,1096
6.160553600000001,62888.7638,62892.49,62848.78,63028,62844.17,1728801900000,1099
8.82302815,62851.6289,62988.0,62925.0,63007,62767.46,1728802800000,1012
15.033773109999998,62751.4092,62765.37,62749.93,62921,62707.77,1728803700000,1424
7.23079503,62768.9713,62749.93,62743.98,62899,62742.07,1728804600000,968
17.58472737,62789.3351,62745.25,62835.03,62952,62704.6,1728805500000,1463
12.1962665,62846.9785,62788.0,62882.12,63006,62787.9,1728806400000,1232
75.42323899,62880.9558,62882.12,62881.73,63043,62831.7,1728807300000,1307
134.9834661,62872.6822,62881.45,62835.01,63041,62810.88,1728808200000,1336
16.21452724,62821.3955,62835.0,62793.67,62973,62771.79,1728809100000,1192
9.93803506,62810.5807,62800.1,62779.95,62934,62772.93,1728810000000,1177
22.143294129999997,62794.8359,62779.96,62785.49,62934,62744.46,1728810900000,963
9.12739022,62791.9828,62777.1,62814.86,62930,62756.55,1728811800000,983
6.406276060000001,62829.0421,62814.85,62812.87,62974,62785.1,1728812700000,995
5.5117963,62784.3221,62966.0,62743.81,62966,62735.04,1728813600000,1064
4.24034984,62774.3641,62741.42,62786.52,62925,62739.35,1728814500000,1000
6.072871990000001,62772.4747,62786.52,62761.2,62925,62727.47,1728815400000,1094
14.63776388,62722.6589,62729.9,62683.67,62880,62667.58,1728816300000,1297
19.89351195,62712.1821,62700.1,62666.01,62884,62651.45,1728817200000,1391
55.01785745000001,62690.7392,62670.29,62611.95,62828,62581.0,1728818100000,2234
17.65815092,62602.2381,62605.1,62519.92,62783,62510.7,1728819000000,2007
33.39269729,62534.1943,62510.8,62540.53,62707,62500.0,1728819900000,1741
17.536032610000003,62603.7771,62528.4,62627.77,62750,62523.1,1728820800000,1828
18.96741269,62678.2911,62627.77,62690.12,62810,62587.26,1728821700000,1960
33.80754518,62676.9219,62690.11,62684.77,62812,62578.93,1728822600000,2394
6.773444809999999,62668.0493,62685.91,62647.4,62808,62634.0,1728823500000,1704
18.474215270000002,62688.8655,62653.32,62696.78,62870,62612.28,1728824400000,1881
18.715235069999995,62757.237,62696.78,62752.16,62916,62667.4,1728825300000,1868
15.605032079999997,62704.3007,62725.6,62682.94,62872,62644.66,1728826200000,1750
25.80062521,62663.8185,62682.93,62638.35,62825,62596.1,1728827100000,1987
25.784803659999998,62580.1739,62637.68,62531.08,62763,62520.0,1728828000000,1893
28.762876619999993,62564.3667,62531.07,62623.89,62752,62509.9,1728828900000,2060
155.96596231999996,62662.0126,62758.0,62465.29,62758,62461.17,1728829800000,3643
241.77882763,62314.8849,62469.7,62236.9,62661,62181.75,1728830700000,5073
96.14239008000001,62291.865,62223.7,62252.54,62459,62184.02,1728831600000,3355
189.55348246999998,62259.234,62252.54,62033.26,62408,62030.8,1728832500000,4659
69.56890406000001,62129.2821,62034.4,62095.99,62305,62029.9,1728833400000,3180
42.011320950000005,62219.7606,62095.99,62211.92,62397,62075.0,1728834300000,2625
92.69532776999999,62226.1854,62205.1,62267.74,62412,62139.9,1728835200000,3437
71.97256704,62408.1825,62266.78,62421.8,62609,62241.2,1728836100000,3901
89.49328426,62607.6873,62442.24,62757.0,62830,62434.9,1728837000000,4235
40.564516209999994,62613.2877,62605.48,62610.21,62791,62557.64,1728837900000,2557
37.03850034,62724.2919,62610.21,62792.1,62924,62594.92,1728838800000,2543
34.58181769,62775.0558,62795.52,62718.73,63000,62660.75,1728839700000,2565
45.32133014,62607.7519,62714.75,62436.38,62857,62418.13,1728840600000,2692
51.59047451000001,62509.8068,62431.5,62500.65,62679,62399.9,1728841500000,2956
61.341837649999995,62438.7455,62500.64,62331.8,62634,62290.77,1728842400000,3269
43.83659909,62463.7311,62469.0,62533.6,62653,62310.78,1728843300000,2843
60.51846111,62482.203,62532.71,62344.85,62730,62342.8,1728844200000,3027
17.667778170000002,62414.0658,62349.5,62392.2,62562,62340.0,1728845100000,2429
25.8194696,62498.0794,62392.1,62491.33,62679,62392.1,1728846000000,2543
40.46764313,62513.2226,62491.33,62556.78,62678,62472.1,1728846900000,2421
19.81381068,62638.656,62555.52,62645.6,62820,62526.2,1728847800000,2287
30.128987420000005,62666.324,62645.6,62717.52,62833,62597.08,1728848700000,2338
19.998234349999997,62647.065,62718.0,62631.75,62839,62579.03,1728849600000,2275
24.039616419999998,62617.2842,62626.06,62615.74,62781,62585.0,1728850500000,2305
16.574721639999996,62630.6946,62603.2,62609.6,62781,62586.0,1728851400000,2139
44.46614856,62643.119,62606.85,62748.71,62866,62586.0,1728852300000,2310
31.54449982,62724.808,62744.47,62655.48,62885,62651.47,1728853200000,2637
44.76653486000001,62778.8322,62655.49,62847.36,62990,62655.49,1728854100000,2440
109.31025602999998,62952.5853,62847.36,62842.01,63141,62841.9,1728855000000,3562
31.226150759999996,62863.6224,62900.0,62863.51,63075,62777.0,1728855900000,2602
104.45402351999998,63004.858,62861.27,62972.12,63253,62842.37,1728856800000,4400
39.12129358000001,62898.037,62960.4,62774.56,63149,62741.41,1728857700000,3077
25.49323073,62792.435,62766.5,62813.49,62981,62693.8,1728858600000,2942
19.848091690000004,62788.9438,62813.49,62815.67,62948,62700.01,1728859500000,2283
33.96349981,62704.8805,62940.0,62668.79,62945,62646.17,1728860400000,2603
22.797196879999998,62661.7421,62668.79,62673.07,62818,62600.38,1728861300000,2598
23.651737320000002,62745.3229,62665.31,62772.03,62930,62660.8,1728862200000,2674
26.651889909999998,62822.6569,62771.3,62845.3,62987,62737.01,1728863100000,2428
23.793315279999998,62792.7793,62834.9,62681.55,63001,62664.64,1728864000000,2472
27.330646620000003,62607.1055,62675.96,62682.41,62831,62518.76,1728864900000,2862
19.783329209999998,62641.7791,62668.9,62589.25,62827,62553.3,1728865800000,2427
50.66253694,62510.2459,62592.19,62490.81,62715,62426.67,1728866700000,2827
17.91903282,62581.5108,62502.1,62649.96,62788,62482.18,1728867600000,2710
34.506163040000004,62700.5108,62649.96,62759.49,62922,62590.5,1728868500000,2702
24.117102680000002,62711.5659,62760.35,62628.84,62889,62627.77,1728869400000,2734
13.81986609,62612.3343,62634.6,62600.58,62793,62519.22,1728870300000,2342
25.145605849999995,62518.3577,62600.58,62553.11,62740,62448.77,1728871200000,2677
15.064647390000001,62566.8266,62551.23,62513.93,62739,62506.48,1728872100000,2287
16.603028379999998,62570.4354,62513.11,62579.66,62733,62502.94,1728873000000,2118
28.451197119999996,62559.1844,62581.16,62590.51,62732,62503.1,1728873900000,2359
73.44031249999999,62639.9599,62590.27,62724.27,62853,62549.7,1728874800000,3261
235.11628687999996,63104.6265,62723.12,63302.37,63469,62707.4,1728875700000,6007
532.5676021400001,63755.2607,63302.37,63984.5,64263,63164.7,1728876600000,14339
320.36823440999996,64091.1943,63977.18,64264.0,64499,63872.37,1728877500000,8146
268.99948345,64320.7781,64264.0,64180.0,64615,64096.28,1728878400000,8053
120.39971254999999,64172.7657,64179.99,64144.65,64415,64052.23,1728879300000,4419
121.67889599000002,64261.1632,64139.5,64254.05,64484,64123.7,1728880200000,4588
79.34069203,64190.1739,64259.36,64112.2,64434,64089.12,1728881100000,3287
157.63322291,64021.0317,64100.1,63908.4,64271,63892.8,1728882000000,4406
77.32310277999999,63914.0886,63921.14,63882.31,64126,63832.1,1728882900000,3369
98.77291506999998,63882.6361,63877.68,63912.36,64037,63736.66,1728883800000,3766
46.24694473000001,63894.2332,63912.32,63901.23,64030,63807.0,1728884700000,1863
69.60872589,63853.6158,63876.0,63791.42,64008,63750.3,1728885600000,3062
106.70905791,64006.7691,63791.42,64081.63,64235,63761.1,1728886500000,3493
72.38557155,64084.7851,64081.64,64116.53,64298,63974.0,1728887400000,3703
59.72956112000001,64096.5183,64106.38,64049.6,64280,64032.73,1728888300000,2714
46.289198860000006,64032.0627,64050.1,64075.52,64191,63953.7,1728889200000,2979
96.55890593999999,64079.5779,64050.1,64040.22,64241,63999.81,1728890100000,2958
213.23773417,64226.4023,64040.21,64273.63,64448,64019.06,1728891000000,5888
368.54126123000003,64473.8662,64270.79,64568.16,64733,64182.85,1728891900000,8582
172.84012199,64623.5438,64694.0,64443.5,64896,64442.02,1728892800000,5161
107.26901982999999,64538.8346,64443.5,64577.03,64753,64381.47,1728893700000,4028
88.47777023999998,64473.6875,64577.04,64424.24,64719,64362.6,1728894600000,3380
42.37975151,64401.3265,64420.74,64382.65,64547,64334.86,1728895500000,2213
146.28277931000002,64390.4123,64356.9,64432.27,64564,64278.5,1728896400000,4506
112.99611087,64569.6554,64432.25,64545.92,64757,64412.5,1728897300000,3122
87.2724533,64622.5526,64546.58,64691.7,64821,64532.93,1728898200000,3047
130.57746726,64806.7573,64691.53,64779.19,64946,64672.69,1728899100000,3626
85.71408194,64758.4852,64900.0,64858.52,64948,64635.2,1728900000000,2816
162.62989456,64883.2147,64858.52,64927.0,65090,64774.5,1728900900000,4448
71.99736127999999,64839.5561,64783.81,64903.32,65023,64735.0,1728901800000,3000
75.98583215000001,64856.6841,64897.98,64816.4,65036,64781.1,1728902700000,2697
81.91354761999999,64851.5132,64816.5,64840.9,65015,64748.47,1728903600000,2992
82.65597735999998,64910.3405,64854.06,64943.63,65043,64816.88,1728904500000,2933
201.47161934000005,64976.2276,64943.62,64873.89,65199,64761.6,1728905400000,5765
57.321968720000015,64863.8575,64865.1,64875.85,65018,64805.66,1728906300000,2916
178.32807824999998,64878.7769,64872.55,64890.73,65067,64779.89,1728907200000,5622
143.47195662,64790.051,64890.75,64734.62,65011,64702.66,1728908100000,4372
346.42658551,64880.6428,64734.62,64867.53,65069,64717.8,1728909000000,7353
122.15519408,64872.0717,64871.62,64844.76,65010,64819.2,1728909900000,3887
151.32943790999997,64786.7425,64960.0,64799.47,64960,64705.0,1728910800000,4150
158.40100179,64774.4179,64799.47,64706.48,64968,64640.0,1728911700000,4408
472.85814252999995,64756.0062,64706.48,64968.51,65064,64628.96,1728912600000,10971
586.55521401,65115.0473,64968.53,65121.79,65333,64899.9,1728913500000,13777
688.9182700499999,65314.0206,65121.79,65434.61,65568,65086.9,1728914400000,17757
1030.26945648,65698.9653,65434.61,66024.8,66190,65232.6,1728915300000,21997
733.79957442,65931.3868,66024.86,66136.69,66279,65547.8,1728916200000,17752
608.0099216,66093.1239,66135.18,65893.74,66381,65787.5,1728917100000,16087
347.4763827399999,65905.8429,65998.0,65952.97,66150,65723.2,1728918000000,8986
333.87241525,66006.8204,65954.05,65997.23,66185,65871.9,1728918900000,10012
321.64059828999996,65974.5725,65999.44,65851.77,66146,65711.9,1728919800000,10963
289.96023013000007,65916.2324,65851.77,65856.72,66092,65710.4,1728920700000,9752
279.14952186000005,65844.1311,65856.72,65684.93,66071,65563.8,1728921600000,10085
289.62208947,65663.9238,65686.4,65642.01,65829,65563.8,1728922500000,9348
267.09549926,65786.5382,65640.75,65756.77,65978,65564.9,1728923400000,7109
156.79856429,65676.6483,65754.26,65668.67,65858,65577.9,1728924300000,6154
112.74760879,65657.2318,65668.67,65637.52,65833,65523.7,1728925200000,5387
139.29184967,65539.4747,65633.23,65539.29,65789,65344.9,1728926100000,6420
198.12945571,65680.9247,65539.29,65763.86,65858,65442.9,1728927000000,6408
166.18610152999997,65745.0892,65763.87,65607.44,65898,65512.5,1728927900000,5146
233.84103210000004,65740.1034,65607.45,65790.32,65938,65500.0,1728928800000,6611
183.10704969,65807.1445,65790.33,65839.69,65974,65680.3,1728929700000,5372
133.52117693000002,65870.088,65835.11,65838.8,66007,65731.0,1728930600000,5939
125.46134173,65845.9277,65935.94,65746.65,66007,65700.0,1728931500000,4658
195.62703219999997,65886.4458,65745.53,65982.91,66089,65646.0,1728932400000,5965
338.22832507999993,65912.3554,65982.91,65853.42,66116,65715.4,1728933300000,7682
220.00750192999996,65981.6656,65854.95,66039.79,66118,65814.8,1728934200000,6059
209.74551922,65986.9505,66036.03,65914.86,66134,65843.0,1728935100000,7513
102.81005331000001,65887.418,66009.0,65972.45,66039,65762.5,1728936000000,5624
128.42995673,65975.9293,65972.47,66016.04,66101,65878.7,1728936900000,4803
98.82168202000001,65990.9816,65952.9,66081.0,66098,65920.45,1728937800000,4620
87.05234646000001,65959.8737,66004.48,65918.18,66082,65867.4,1728938700000,4535
78.70194153,65923.9527,65918.18,65964.08,66068,65804.1,1728939600000,3978
80.77000796,65858.0536,65965.12,65802.98,66039,65735.2,1728940500000,4311
103.83750458000002,65804.6281,65801.73,65851.92,65944,65717.83,1728941400000,4607
43.61344279,65815.9282,65851.91,65776.81,65930,65730.0,1728942300000,3234
67.82268874999998,65891.3671,65776.81,65973.84,66057,65731.5,1728943200000,4725
189.39413717000002,66121.5099,65973.83,66096.45,66334,65905.5,1728944100000,7466
135.12327684,66139.4099,66048.8,66193.61,66400,65977.2,1728945000000,6849
304.56383518,66310.8015,66187.94,66445.13,66539,66070.9,1728945900000,10823
243.2379475,66368.959,66533.0,66122.25,66555,66067.4,1728946800000,8555
100.43376687000004,66134.2088,66120.49,66143.28,66294,66015.0,1728947700000,5545
57.80542858999999,66075.5401,66143.08,66020.95,66253,66013.0,1728948600000,4427
65.75354554,66081.7929,66020.95,66065.65,66265,66014.38,1728949500000,4283
89.97958627000001,66029.2423,66065.64,65946.35,66225,65866.2,1728950400000,4942
123.37560121,66163.2344,65943.51,66313.4,66419,65930.72,1728951300000,5551
77.30900688,66060.4721,66312.56,65900.57,66426,65868.8,1728952200000,5246
74.25139933999999,65943.7282,65898.22,65913.59,66102,65834.48,1728953100000,4511
64.36720274,65943.7478,65905.5,65956.95,66125,65871.1,1728954000000,4265
119.69620506999999,65879.4318,65959.17,65865.36,66097,65809.8,1728954900000,3756
90.92756331999999,65822.7987,65866.56,65883.38,66011,65727.31,1728955800000,4340
21.5586225,65863.9717,65882.87,65846.69,66011,65809.84,1728956700000,2909
71.03695266999999,65766.094,65967.0,65763.18,65980,65686.08,1728957600000,3961
43.07186125999999,65858.2657,65763.01,65803.06,66009,65749.9,1728958500000,3353
42.21565724,65747.2563,65800.01,65717.29,65938,65692.25,1728959400000,3112
20.96006585,65710.1669,65842.0,65729.58,65845,65671.67,1728960300000,2677
30.853124949999998,65676.9739,65690.0,65654.54,65845,65651.25,1728961200000,2790
66.03989609999999,65613.2326,65653.94,65612.63,65801,65547.55,1728962100000,3346
130.24484753,65473.1704,65612.44,65488.41,65715,65329.7,1728963000000,4987
104.00144183999998,65395.3938,65485.18,65368.58,65632,65283.0,1728963900000,3079
79.32503377000002,65379.5509,65354.4,65478.39,65579,65281.15,1728964800000,3396
39.61561869,65513.0661,65472.2,65545.08,65711,65419.9,1728965700000,2872
40.65379615,65617.7663,65553.09,65626.39,65739,65504.2,1728966600000,2607
32.893126540000004,65597.8894,65617.99,65562.68,65755,65514.28,1728967500000,2250
44.383997269999995,65466.654,65580.0,65390.92,65676,65333.8,1728968400000,2844
28.26073772,65388.5851,65395.22,65346.93,65551,65315.85,1728969300000,2393
112.73344381,65276.051,65346.92,65264.18,65490,65186.0,1728970200000,4272
50.49999722,65336.024,65264.18,65333.85,65432,65245.8,1728971100000,2732
54.00785194,65309.2566,65299.9,65334.42,65432,65250.0,1728972000000,2475
78.28998507999998,65448.441,65334.43,65428.8,65604,65299.1,1728972900000,3345
31.905238480000005,65435.0923,65435.43,65392.6,65598,65366.6,1728973800000,2265
54.638860009999995,65468.1953,65392.35,65523.99,65670,65334.15,1728974700000,2381
67.38368239,65676.3995,65671.0,65760.0,65892,65514.4,1728975600000,3698
44.08465498000001,65688.4311,65759.99,65714.82,65891,65632.1,1728976500000,2845
46.2768908,65730.6775,65714.82,65830.0,65912,65661.5,1728977400000,2929
39.093978740000004,65686.0721,65714.74,65619.73,65830,65601.71,1728978300000,2299
112.81600961000001,65668.5722,65619.73,65739.25,65845,65583.46,1728979200000,4324
44.09798883,65729.2673,65739.26,65752.15,65867,65688.6,1728980100000,2664
32.42534682,65752.2199,65752.14,65700.01,65918,65675.5,1728981000000,2473
141.08909611,65702.4736,65702.17,65729.57,65843,65636.3,1728981900000,4223
119.85213854999999,65675.3101,65674.4,65624.42,65844,65562.88,1728982800000,3601
21.90086634,65650.155,65624.41,65636.12,65800,65586.2,1728983700000,2178
30.715949650000002,65666.0738,65636.11,65625.78,65865,65580.49,1728984600000,2515
28.904827670000003,65684.4127,65625.85,65605.62,65851,65586.0,1728985500000,2536
42.294621129999996,65611.1566,65605.63,65687.59,65803,65538.3,1728986400000,2721
118.27631462999999,65680.9237,65687.59,65721.32,65846,65623.7,1728987300000,3339
26.044252870000005,65665.2189,65721.31,65683.03,65846,65606.1,1728988200000,2624
28.66462916,65691.9245,65683.03,65656.86,65848,65630.58,1728989100000,2730
82.24601097,65573.9034,65655.1,65460.44,65818,65407.96,1728990000000,3767
119.23595062,65413.3155,65460.45,65524.98,65622,65329.68,1728990900000,4216
77.47736610000001,65542.635,65524.98,65513.78,65755,65420.0,1728991800000,4142
153.04315294000003,65355.3526,65456.1,65482.0,65676,65246.9,1728992700000,4521
113.80577433,65448.2616,65383.02,65419.23,65619,65341.8,1728993600000,4049
262.83755872,65531.4667,65417.9,65573.63,65750,65393.9,1728994500000,6247
346.43850853000004,65782.2068,65573.63,65857.4,66053,65535.4,1728995400000,7941
99.64751014,65816.1652,65857.41,65787.31,65984,65736.46,1728996300000,3503
92.31563035,65906.4046,65895.0,65903.78,66037,65771.5,1728997200000,3705
125.75714085,65910.9638,65901.35,65844.18,66088,65768.2,1728998100000,4796
561.37988184,66086.7787,65844.18,66427.89,66500,65758.79,1728999000000,12999
2265.57739168,67040.4921,66427.9,67651.84,67744,66388.0,1728999900000,43880
1139.0959219499998,67590.4656,67620.0,67347.98,67944,67274.6,1729000800000,23122
640.83138701,67075.2827,67347.11,66785.74,67434,66785.74,1729001700000,14230
1314.3908389399999,66025.952,66788.27,65573.38,66942,65392.7,1729002600000,22816
948.8325075800001,65569.7781,65566.08,65364.45,65954,65138.44,1729003500000,14323
1077.6667478499999,65062.7641,65371.5,65377.43,65517,64686.1,1729004400000,16731
670.12990419,65596.6311,65313.0,65817.22,65936,65281.44,1729005300000,13543
422.78870636,66097.6662,65829.34,66145.3,66309,65792.0,1729006200000,9632
273.74126533000003,66052.0305,66145.3,65993.4,66250,65909.0,1729007100000,7511
413.97450724,66243.1845,65979.4,66410.15,66497,65962.64,1729008000000,9924
537.97513323,66565.6372,66410.16,66599.18,66777,66337.48,1729008900000,11584
474.95295940999995,66888.0405,66605.0,66922.2,67248,66548.47,1729009800000,12216
291.50709418,66861.5762,66936.0,66853.99,67072,66652.01,1729010700000,8120
398.82980161,66776.126,66890.0,66843.47,67078,66486.47,1729011600000,9962
234.76257126,66703.1884,66813.4,66611.31,66907,66524.13,1729012500000,7380
259.87861742,66811.9061,66610.18,66956.22,67078,66522.82,1729013400000,8154
182.44797434999995,66904.6614,66945.25,66802.52,67032,66752.01,1729014300000,6203
235.01164263,67023.1357,66802.52,67088.25,67197,66729.8,1729015200000,8090
321.04288832000003,67242.8493,67088.28,67071.57,67434,67027.49,1729016100000,9029
261.58689089,67053.8136,67071.57,67108.0,67216,66917.21,1729017000000,7347
416.24301483000005,66987.6219,67136.69,66885.69,67215,66872.64,1729017900000,8292
756.3061006900001,66741.3681,66885.56,66823.54,67085,66500.0,1729018800000,11979
225.77769523,66792.9795,66824.99,66777.91,66919,66662.87,1729019700000,6329
355.52326058,66749.1239,66777.92,66894.92,66943,66592.83,1729020600000,8006
437.60872457000005,66947.5373,66894.93,66975.69,67078,66806.05,1729021500000,9501
165.53630796000002,66949.4757,66981.85,66918.2,67064,66850.0,1729022400000,5420
169.48277523,66727.9634,66912.11,66676.96,66990,66559.36,1729023300000,6395
216.72408031,66593.1664,66672.11,66652.12,66766,66475.99,1729024200000,6011
116.67488263,66571.806,66645.25,66456.17,66791,66389.23,1729025100000,5598
254.54287384999998,66445.0303,66470.3,66401.89,66671,66357.96,1729026000000,6691
168.56556003,66311.7276,66402.56,66444.0,66561,66114.55,1729026900000,6061
195.21258825,66335.0314,66444.0,66227.31,66492,66108.01,1729027800000,5521
53.812945430000006,66377.4363,66227.28,66415.62,66519,66215.67,1729028700000,3896
121.44669499,66510.3968,66414.42,66544.98,66696,66389.77,1729029600000,5311
150.95562536,66734.9393,66544.99,66811.09,66877,66527.82,1729030500000,5153
128.43446193000003,66871.1632,66780.0,66780.0,67033,66764.55,1729031400000,5288
78.22597485,66748.9791,66779.39,66737.11,66869,66708.19,1729032300000,3929
87.94910386,66775.3386,66736.93,66681.45,66918,66676.16,1729033200000,4329
42.85051166,66705.2346,66681.45,66727.9,66816,66658.6,1729034100000,3751
285.20865696000004,67045.2931,66769.0,67015.75,67193,66727.8,1729035000000,7368
107.84417525,67031.6518,67014.8,67056.6,67146,66954.48,1729035900000,4390
147.17317743,66978.4137,67056.0,66932.8,67188,66864.9,1729036800000,5172
79.45748920000001,66860.3783,66932.79,66794.59,67062,66785.2,1729037700000,4526
67.63365886999999,66862.863,66794.59,66913.54,67086,66751.5,1729038600000,4596
106.47318787,66867.4487,66913.54,66871.38,67021,66800.0,1729039500000,5143
105.12466797,66853.1579,66846.5,66854.3,67026,66743.0,1729040400000,4395
302.34686991999996,67262.3263,66976.0,67471.66,67581,66854.4,1729041300000,8613
120.97640778,67268.5289,67471.67,67218.08,67577,67137.68,1729042200000,5391
86.08626745000001,67285.1448,67217.46,67365.85,67464,67119.73,1729043100000,5083
183.99092410999995,67453.4368,67367.02,67475.6,67633,67287.83,1729044000000,6246
88.15363871,67369.2329,67474.97,67309.57,67584,67278.8,1729044900000,4409
95.84411387,67293.9144,67309.57,67305.0,67475,67216.83,1729045800000,4306
89.31462004000001,67314.1673,67314.64,67270.27,67473,67260.62,1729046700000,3862
131.46650247,67237.3918,67305.1,67178.19,67386,67152.05,1729047600000,4187
73.68618628,67135.3916,67178.2,67131.22,67286,67079.13,1729048500000,3368
47.81330178999999,67120.8606,67133.5,67114.63,67260,67071.3,1729049400000,3163
41.61783564,67147.5678,67114.64,67085.86,67309,67064.79,1729050300000,3110
56.21549144000001,67149.7491,67120.1,67196.87,67314,67075.92,1729051200000,2965
73.19976306000001,67072.4376,67196.87,67033.61,67293,66971.6,1729052100000,3599
67.02501752,66954.422,67033.61,66967.37,67125,66877.26,1729053000000,3422
78.63046797000001,66979.6336,66967.37,66989.0,67130,66901.35,1729053900000,2979
95.45470341,66978.7799,66989.0,66995.93,67111,66917.41,1729054800000,4101
62.019019180000015,67095.7675,66995.92,67186.52,67254,66977.0,1729055700000,3223
78.79544485,67190.5575,67186.52,67294.51,67398,67065.06,1729056600000,3307
82.74150177000003,67250.003,67283.9,67211.54,67428,67172.11,1729057500000,2804
58.582553379999986,67223.7644,67214.82,67279.56,67370,67108.37,1729058400000,3876
55.09650158,67170.5828,67279.56,67009.26,67370,66968.13,1729059300000,3817
79.96997970999999,67087.5433,67009.25,67126.79,67248,66957.23,1729060200000,3786
63.52791801000001,67113.4922,67132.81,67045.58,67262,67033.42,1729061100000,2968
135.8813961,66950.3432,67034.5,66807.7,67151,66792.0,1729062000000,4501
130.37747875,66894.0353,66807.7,66882.79,67002,66769.86,1729062900000,4224
85.58936598999998,66914.1241,66882.79,66863.74,67037,66821.61,1729063800000,2638
105.39034948999999,66937.0516,66860.59,66967.75,67057,66841.55,1729064700000,2747
103.87349776,67007.7036,66965.6,67020.11,67202,66904.6,1729065600000,3413
47.45438123,67091.0713,67020.12,67158.9,67227,66995.59,1729066500000,2945
183.17872459999995,67171.864,67158.9,67199.71,67300,67071.39,1729067400000,4796
81.43846182000001,67191.9624,67199.4,67121.39,67300,67113.9,1729068300000,3067
34.58653863,67120.3672,67135.1,67174.7,67247,67055.67,1729069200000,2689
94.72463601,67162.7218,67180.09,67180.1,67296,67102.42,1729070100000,3276
337.87923242000005,67389.8334,67296.0,67391.59,67528,67199.9,1729071000000,9523
145.50098398000003,67342.9865,67387.98,67414.96,67482,67240.53,1729071900000,4807
171.19146163,67466.5728,67414.97,67609.28,67695,67312.1,1729072800000,5024
243.72941044999996,67712.3053,67610.35,67734.0,67834,67555.8,1729073700000,6692
119.02014250000002,67639.9617,67650.0,67554.34,67848,67507.71,1729074600000,4214
201.20635306999998,67669.1038,67558.63,67729.78,67848,67538.4,1729075500000,5361
147.29867829,67725.1557,67709.0,67794.14,67848,67589.2,1729076400000,3943
999.24471633,67984.071,67794.15,68132.0,68186,67704.9,1729077300000,14882
528.9726833000001,68210.0527,68100.0,68230.32,68295,68100.0,1729078200000,10081
412.13029335,68187.0444,68251.1,67887.4,68399,67880.2,1729079100000,9275
304.10684698000006,67881.5433,67883.35,67926.57,68060,67640.73,1729080000000,8332
148.85945099000003,67869.2838,67926.57,67991.0,67992,67775.76,1729080900000,6419
113.94401271999999,67910.8441,67993.33,67883.51,67998,67817.7,1729081800000,4526
167.31338010000002,67851.249,67885.62,67825.25,67962,67761.04,1729082700000,4680
201.72071351999998,67831.3194,67825.25,67772.93,67966,67742.0,1729083600000,4679
205.93606471,67789.5169,67772.93,67867.0,67886,67715.23,1729084500000,4696
648.3158453599999,67528.7729,67844.17,67187.7,67902,67106.2,1729085400000,12713
351.14976893,67326.7255,67225.09,67373.94,67467,67138.06,1729086300000,9340
496.19707051000006,67688.3799,67421.9,67884.83,68010,67323.39,1729087200000,11450
461.33378137999995,68065.8336,67884.74,67741.69,68304,67741.68,1729088100000,10624
374.93657125,67568.421,67737.97,67471.01,67865,67394.51,1729089000000,7102
214.37711777,67665.4228,67467.91,67663.83,67865,67378.01,1729089900000,6284
177.51497105,67574.6886,67637.9,67700.01,67738,67370.73,1729090800000,5534
201.34133806,67855.3741,67700.25,67955.49,67990,67670.2,1729091700000,5615
217.68257371,67918.3192,67955.49,67859.25,68047,67815.9,1729092600000,6129
145.67263036999998,67751.4696,67853.23,67748.4,67885,67651.38,1729093500000,6050
187.47242332000002,67764.2771,67700.0,67675.89,67925,67605.52,1729094400000,7982
205.12242448,67638.5021,67675.89,67671.77,67778,67495.21,1729095300000,9009
117.24506008,67572.3338,67671.77,67558.72,67716,67459.97,1729096200000,6790
116.93631787999999,67713.3238,67558.71,67806.37,67841,67518.84,1729097100000,6758
170.91009491,67740.8829,67799.4,67802.0,67840,67665.29,1729098000000,5486
151.66023315,67870.5115,67787.6,67837.34,67969,67768.64,1729098900000,5886
266.84022574,67978.5193,67837.9,68018.73,68063,67833.12,1729099800000,6672
224.43948874999998,68006.4896,68005.95,67932.3,68103,67879.42,1729100700000,7329
223.23325010000002,67969.222,67932.3,67907.49,68101,67885.13,1729101600000,7217
175.58468673999997,67950.4317,67906.59,68010.06,68049,67843.32,1729102500000,6042
187.72759854000003,67886.4132,67976.0,67802.83,68073,67785.18,1729103400000,7455
173.03554687999997,67827.4398,67802.83,67817.18,67924,67772.51,1729104300000,4450
194.63898934000002,67808.3201,67817.17,67900.0,67930,67700.0,1729105200000,5077
238.12694375000004,67880.9597,67920.0,67853.07,67959,67813.22,1729106100000,5184
281.71212825,67755.2909,67853.07,67725.59,67894,67640.4,1729107000000,5534
210.13535618999998,67744.0181,67725.83,67756.0,67858,67669.94,1729107900000,6915
94.52435006999998,67814.7108,67754.0,67868.06,67949,67659.3,1729108800000,5489
53.82421108999999,67869.6758,67868.06,67851.75,67910,67818.83,1729109700000,4693
79.18985253999999,67892.082,67851.74,67881.16,67968,67806.85,1729110600000,4660
97.01768808,67786.1445,67881.15,67616.37,67981,67610.85,1729111500000,4814
101.46519087,67606.5863,67616.36,67599.1,67721,67554.4,1729112400000,4415
54.379523209999995,67567.3861,67599.11,67599.26,67664,67520.58,1729113300000,4078
36.69674414,67560.4248,67595.89,67530.0,67634,67525.54,1729114200000,3465
75.30329607,67517.0184,67529.99,67555.93,67621,67468.11,1729115100000,4060
86.12698595000002,67618.4678,67547.87,67680.05,67700,67523.9,1729116000000,4784
45.62884070000001,67671.4737,67680.05,67671.58,67744,67632.93,1729116900000,3395
61.26646348999999,67771.1219,67671.59,67785.78,67866,67656.59,1729117800000,3991
65.6400603,67770.9665,67785.78,67776.19,67850,67726.49,1729118700000,3699
66.32826803,67745.122,67776.19,67725.15,67839,67672.2,1729119600000,3970
46.605722,67674.3033,67725.15,67658.2,67766,67593.24,1729120500000,3979
92.78611732,67709.7152,67658.19,67647.95,67787,67644.42,1729121400000,4784
66.46885965999999,67633.0129,67647.94,67608.44,67692,67588.6,1729122300000,4243
60.39977948999999,67700.484,67654.0,67695.31,67801,67589.9,1729123200000,3087
65.58707663,67686.8944,67737.0,67753.28,67783,67561.68,1729124100000,4595
55.08105817999999,67861.4934,67753.28,67882.94,67962,67723.2,1729125000000,4470
50.95371658,67759.8694,67880.97,67693.41,67912,67667.22,1729125900000,3388
46.65836878000001,67722.4133,67700.1,67694.57,67842,67652.02,1729126800000,3469
64.32124032,67640.1742,67694.57,67627.63,67751,67596.58,1729127700000,3249
205.29014315000006,67482.712,67621.28,67583.71,67669,67383.1,1729128600000,4833
188.36676738,67773.6217,67580.49,67885.81,67928,67541.88,1729129500000,5924
94.20301103,67792.1969,67909.0,67671.3,67927,67661.61,1729130400000,3775
89.5978907,67556.4807,67671.3,67545.65,67740,67492.24,1729131300000,3553
83.56432363,67501.1687,67545.65,67495.25,67637,67383.08,1729132200000,3749
51.78195764,67476.2503,67496.5,67455.0,67564,67418.18,1729133100000,3233
132.59222648,67450.9164,67445.9,67500.0,67541,67409.3,1729134000000,4454
52.82905332000001,67536.7003,67499.99,67569.8,67650,67465.5,1729134900000,2557
58.015184090000005,67560.8028,67569.72,67603.65,67667,67507.75,1729135800000,2571
42.86572283,67620.3991,67603.66,67582.54,67709,67568.76,1729136700000,2708
47.8995388,67524.803,67580.9,67467.32,67650,67460.0,1729137600000,2637
40.791441299999995,67494.02,67467.31,67446.0,67569,67434.91,1729138500000,2205
119.53636929000001,67398.5858,67445.21,67320.21,67534,67280.0,1729139400000,3967
111.00154853999999,67283.1677,67369.0,67246.04,67404,67220.41,1729140300000,3795
47.95692881,67299.6698,67248.07,67367.0,67412,67231.06,1729141200000,2526
55.72991408,67350.3338,67363.46,67307.68,67425,67294.77,1729142100000,2473
58.13964592,67397.8621,67307.68,67432.0,67492,67260.06,1729143000000,2642
56.08842292999999,67336.9154,67366.38,67325.92,67453,67268.13,1729143900000,2691
109.88883516,67267.7171,67325.43,67278.16,67398,67217.01,1729144800000,3060
45.73015988999999,67374.0822,67278.16,67397.43,67501,67274.13,1729145700000,2274
65.55975061999999,67425.034,67397.42,67446.35,67519,67327.84,1729146600000,3060
154.97910974,67264.6857,67432.5,67184.0,67523,67100.0,1729147500000,4922
210.40656097000002,67170.5709,67146.29,67158.8,67290,67060.09,1729148400000,5221
77.39882182999999,67133.678,67158.81,67179.08,67258,67059.1,1729149300000,3417
41.21402528,67166.2367,67179.08,67165.3,67239,67111.76,1729150200000,2441
35.224766839999994,67207.281,67165.4,67273.76,67316,67143.89,1729151100000,2692
55.439080239999996,67253.3854,67273.76,67193.37,67407,67183.6,1729152000000,2623
45.762566709999994,67222.2608,67193.39,67262.41,67299,67160.8,1729152900000,2594
60.535852510000005,67304.0972,67265.53,67319.36,67366,67223.6,1729153800000,2386
66.17746703,67404.0075,67319.37,67424.56,67491,67304.1,1729154700000,3004
78.45708065,67423.5999,67418.6,67396.53,67539,67343.2,1729155600000,2589
41.61785288,67380.535,67396.52,67336.96,67487,67308.17,1729156500000,3308
38.441237810000004,67307.3008,67336.96,67291.52,67393,67241.43,1729157400000,2261
44.34187873,67244.2914,67291.52,67170.18,67326,67159.92,1729158300000,2079
62.632741749999994,67226.7141,67169.07,67215.7,67321,67158.0,1729159200000,2623
59.35053731,67162.2472,67183.91,67065.26,67280,67060.04,1729160100000,2797
210.87497400000004,66948.6799,67065.26,66950.7,67141,66793.44,1729161000000,6359
77.87326869,67100.8933,67029.0,67199.9,67266,66934.68,1729161900000,3394
35.85914487,67157.9633,67185.8,67052.5,67301,67041.62,1729162800000,3086
65.25937958,66898.2809,67054.2,66886.61,67114,66824.63,1729163700000,3747
63.68544324,66892.909,66884.56,66850.36,66996,66805.33,1729164600000,4644
104.16787417000002,66834.8121,66870.1,66837.13,66913,66777.2,1729165500000,4895
113.54465377000001,66902.2916,66837.13,66900.33,66984,66770.0,1729166400000,4023
91.688433,66981.6804,66900.67,66976.84,67117,66843.93,1729167300000,3782
112.23448944,67071.5961,66976.86,67080.44,67198,66952.95,1729168200000,5092
54.578766859999995,67043.7045,67080.44,67143.54,67189,66971.19,1729169100000,3073
103.45369628999998,67132.491,67144.2,67088.68,67233,67052.53,1729170000000,4650
69.70806652999998,67001.7395,67122.1,66980.29,67157,66930.01,1729170900000,3836
503.69908028000003,66893.0674,66988.8,67199.61,67226,66629.97,1729171800000,12879
334.65444876999993,67201.1909,67199.47,66989.86,67362,66945.55,1729172700000,10400
505.87289089,66841.4122,66992.82,66976.45,67086,66664.25,1729173600000,15094
239.33893002,66889.8743,66974.81,66981.0,67087,66685.81,1729174500000,7862
287.93680787999995,66952.6844,66911.68,66978.38,67124,66779.7,1729175400000,6611
177.92707649000002,67137.4258,66980.33,67090.61,67300,66928.75,1729176300000,6877
161.29228052,67059.7628,67090.32,66990.8,67229,66885.77,1729177200000,6743
250.66996891,67126.624,66986.71,67245.1,67301,66979.19,1729178100000,7377
421.07183667000004,67427.2464,67245.1,67444.31,67700,67169.65,1729179000000,10041
92.13419427,67510.3629,67444.31,67567.62,67660,67351.22,1729179900000,5509
154.78897175,67389.3887,67567.63,67296.72,67650,67202.01,1729180800000,7810
71.45024065999999,67299.0698,67296.72,67310.0,67393,67184.92,1729181700000,5945
64.62529717,67234.7007,67310.47,67333.8,67400,67092.88,1729182600000,4631
64.55454066000001,67373.1616,67333.8,67370.25,67467,67302.47,1729183500000,4137
85.12267769,67429.9604,67417.0,67494.72,67544,67305.5,1729184400000,4854
68.80702614,67339.6557,67494.72,67229.91,67541,67136.63,1729185300000,4698
57.35393714,67330.3575,67229.91,67409.2,67437,67170.01,1729186200000,4199
36.72778429,67363.5023,67415.12,67273.3,67503,67235.59,1729187100000,4053
241.08072368999999,66993.8152,67276.87,66834.56,67345,66803.0,1729188000000,7513
223.63895890999999,66838.7164,66840.0,66892.87,67047,66684.79,1729188900000,8313
123.75000191,66914.2869,66979.0,66970.56,67098,66789.1,1729189800000,6073
97.18515839000001,66911.085,66970.56,66910.18,67065,66820.94,1729190700000,5414
133.10820331999997,66935.2518,66925.3,66979.03,67027,66849.09,1729191600000,5167
80.41590077,66944.4735,66979.03,66910.8,67033,66896.34,1729192500000,3996
99.84735749999999,66870.1241,66905.72,66871.91,66982,66807.68,1729193400000,4390
158.068486,66832.8828,66871.92,66825.0,66962,66754.4,1729194300000,5127
75.94038551999999,66934.147,66825.33,66950.91,67048,66799.92,1729195200000,4109
33.21471810999999,67031.2021,66957.9,67101.45,67150,66957.9,1729196100000,4376
45.52089849,67035.1773,67101.44,66998.02,67164,66991.72,1729197000000,4246
71.17065894000001,66987.1134,67002.38,66988.0,67064,66907.19,1729197900000,3864
32.6516809,66975.5238,66920.51,66998.5,67037,66905.06,1729198800000,2489
45.63548211,67053.0965,67008.86,67091.59,67154,66944.91,1729199700000,3304
78.09508736,67059.7183,67090.95,66986.84,67144,66985.76,1729200600000,3974
33.2548694,67032.4768,66986.76,67063.91,67127,66956.83,1729201500000,3198
56.64990121,67190.1373,67063.91,67315.0,67337,67061.4,1729202400000,4094
66.96101184,67269.3113,67313.28,67317.36,67367,67194.3,1729203300000,3717
43.85424235,67363.2851,67300.0,67426.68,67466,67299.9,1729204200000,3422
53.582031810000004,67398.5349,67384.1,67417.83,67487,67345.43,1729205100000,3350
60.620096890000006,67331.9854,67417.83,67266.16,67464,67262.13,1729206000000,4425
57.94602023,67333.5009,67266.17,67357.52,67412,67266.17,1729206900000,4439
48.17369946000001,67329.376,67357.52,67337.61,67408,67289.43,1729207800000,3249
58.280818169999996,67372.5533,67337.71,67402.33,67456,67285.0,1729208700000,3050
44.02601605,67358.7697,67399.86,67326.02,67453,67301.52,1729209600000,3359
78.16960789999999,67353.2886,67328.3,67340.1,67462,67222.01,1729210500000,5055
43.479274919999995,67260.3274,67346.46,67242.48,67397,67208.4,1729211400000,3697
51.66178105999999,67212.2889,67242.47,67189.33,67308,67149.24,1729212300000,2919
133.89936634,67458.2231,67190.0,67456.5,67626,67169.25,1729213200000,4112
107.40865774999999,67572.6731,67453.52,67684.29,67755,67453.51,1729214100000,3761
124.34457589000002,67640.3654,67684.55,67757.64,67822,67526.33,1729215000000,4594
357.93926686000003,67962.3898,67761.78,68058.53,68263,67702.7,1729215900000,8063
134.62973910999997,67948.2937,68058.1,67841.63,68177,67804.88,1729216800000,5106
76.35723909,67873.0377,67840.89,67891.23,68014,67771.64,1729217700000,3796
91.52399303000001,67981.5688,67884.4,67922.18,68121,67884.4,1729218600000,3948
105.29051679,68032.4665,67915.65,68081.88,68160,67903.79,1729219500000,3483
101.9276311,68035.3184,68082.9,67909.94,68160,67900.0,1729220400000,3722
96.90082073000002,67886.8169,67910.1,67898.33,68010,67836.51,1729221300000,3407
89.17174009000001,67806.0004,67898.33,67721.75,67967,67721.41,1729222200000,3092
136.06769895999997,67612.0886,67721.75,67513.8,67826,67490.58,1729223100000,3308
66.46166239000001,67579.8342,67513.8,67646.11,67736,67513.8,1729224000000,3034
47.54824736,67746.8073,67649.89,67787.6,67853,67625.83,1729224900000,2615
30.84448589,67798.4469,67787.6,67803.92,67894,67746.46,1729225800000,1902
39.11489392000001,67738.5272,67803.9,67711.91,67865,67666.75,1729226700000,2153
25.440213340000007,67681.7395,67704.6,67798.85,67850,67604.13,1729227600000,2151
37.19142379,67787.4349,67798.85,67789.91,67874,67735.79,1729228500000,1995
38.717061089999994,67835.7059,67776.3,67811.93,67928,67776.2,1729229400000,1812
46.019328419999994,67946.9859,67811.93,67980.35,68078,67790.3,1729230300000,2347
64.66965350000001,67969.2379,67980.35,68045.43,68099,67894.31,1729231200000,3543
220.40682300999998,68201.7922,68047.0,68250.0,68381,67983.0,1729232100000,6551
104.25563154,68152.0207,68147.63,68070.24,68310,68041.17,1729233000000,4693
85.66669356,68036.3431,68072.1,68081.83,68157,67969.12,1729233900000,3673
61.37043538,68050.5133,68148.0,67931.84,68189,67922.68,1729234800000,2943
117.66342651000001,68046.698,67938.94,68129.23,68225,67904.7,1729235700000,3527
65.76535377,68008.0097,68129.24,67965.86,68196,67939.79,1729236600000,2660
65.1667759,67927.348,67964.26,67945.79,68053,67842.54,1729237500000,2399
46.87479280000001,67919.6148,67945.8,67834.87,68077,67813.8,1729238400000,2371
47.23574632999999,67866.4746,67831.19,67883.55,67950,67802.01,1729239300000,1787
46.160037689999996,67881.3282,67879.61,67866.48,68006,67827.61,1729240200000,2120
42.226664320000005,67898.8013,67866.48,67895.46,68005,67832.71,1729241100000,1978
48.60619893999999,67926.0481,67900.0,67985.0,68065,67841.82,1729242000000,2437
41.473683109999996,67952.9029,67985.0,67929.0,68053,67859.73,1729242900000,2450
60.53630215,67850.851,67904.27,67776.59,67959,67774.94,1729243800000,2358
97.7484073,67785.3552,67776.59,67778.98,67860,67732.87,1729244700000,2537
47.434266959999995,67775.9145,67827.0,67792.9,67837,67749.15,1729245600000,2103
40.4540016,67864.7365,67792.83,67900.71,67984,67769.54,1729246500000,2329
22.39037816,67894.3809,67900.7,67874.05,67971,67854.64,1729247400000,1756
47.231144539999995,67886.3212,67914.0,67852.46,67966,67822.91,1729248300000,2294
63.716345020000006,67900.5089,67888.1,68006.84,68030,67830.0,1729249200000,2644
100.45807863000002,67908.7767,68006.85,67831.01,68025,67831.01,1729250100000,3525
71.74264046,67815.4371,67831.02,67759.72,67905,67744.35,1729251000000,3132
64.01577171,67715.4817,67752.5,67676.26,67848,67648.54,1729251900000,2594
60.974069899999996,67747.9477,67674.6,67752.3,67817,67674.5,1729252800000,2718
78.83296579,67707.9539,67790.73,67683.82,67816,67648.08,1729253700000,3186
75.69253219000001,67676.2374,67683.82,67708.68,67756,67643.26,1729254600000,2972
78.27281085999999,67644.1117,67708.69,67637.58,67748,67615.75,1729255500000,3928
83.6684335,67773.6064,67648.7,67811.14,67871,67631.02,1729256400000,4238
111.91269809,67826.5091,67811.14,67808.95,67904,67752.36,1729257300000,4691
456.08961032,67983.3316,67807.57,68171.8,68225,67724.85,1729258200000,12037
283.46659827,68059.8662,68171.8,68189.13,68206,67832.54,1729259100000,8683
774.00912832,68321.6245,68169.9,68056.55,68500,68005.01,1729260000000,20109
253.29081466,68119.5016,68057.04,68218.36,68245,67910.21,1729260900000,9847
880.6369108099999,68441.5514,68214.02,68483.82,68598,68170.2,1729261800000,19657
298.07468503,68438.0643,68492.8,68429.13,68557,68303.22,1729262700000,10327
398.78646582000005,68416.0611,68429.12,68397.0,68555,68286.83,1729263600000,10334
423.37768688000006,68510.8655,68396.31,68577.0,68692,68328.82,1729264500000,10146
704.9615933,68728.5365,68687.69,68818.49,68842,68577.0,1729265400000,14492
395.86443464000007,68806.8184,68818.49,68735.25,68888,68680.0,1729266300000,9348
270.71861472999996,68593.6459,68776.4,68469.04,68776,68323.0,1729267200000,9217
133.92075015999998,68610.3818,68469.03,68662.49,68744,68382.0,1729268100000,6321
241.70819907,68752.955,68662.49,68856.49,68888,68448.0,1729269000000,6327
355.02169302999994,68826.892,68852.54,68793.19,68918,68691.0,1729269900000,7704
208.75633233999997,68851.4566,68797.1,68869.48,68919,68714.0,1729270800000,5899
144.44251429,68802.6453,68870.63,68709.09,68913,68625.0,1729271700000,6278
145.97218015,68793.0582,68715.6,68824.39,68868,68638.0,1729272600000,6310
184.93890643999998,68807.1489,68817.54,68722.28,68888,68709.0,1729273500000,6661
238.41397228000002,68652.5909,68722.27,68675.65,68766,68543.0,1729274400000,6730
123.89342953,68797.118,68675.66,68867.1,68899,68626.0,1729275300000,4473
324.11964451,68893.5683,68867.1,68955.62,68988,68774.0,1729276200000,6844
349.37057558999993,68936.8371,68955.61,68912.24,69000,68768.0,1729277100000,8122
288.91311939999997,68913.7201,68912.25,68875.98,68998,68756.0,1729278000000,6504
292.31381455,68797.6385,68875.99,68803.9,68917,68694.0,1729278900000,6443
287.75285813999994,68726.6382,68770.51,68654.33,68851,68609.0,1729279800000,6441
362.10132823,68616.5438,68654.34,68602.94,68680,68556.0,1729280700000,8147
119.11165299000001,68599.1081,68606.2,68658.6,68682,68531.0,1729281600000,5267
81.68010505000001,68579.0027,68658.51,68538.74,68692,68482.0,1729282500000,4086
145.57304387,68489.6193,68549.1,68536.47,68556,68388.0,1729283400000,5103
116.09064092,68432.3526,68536.47,68423.62,68541,68357.0,1729284300000,5226
50.71039599,68409.6817,68424.76,68393.6,68466,68353.0,1729285200000,3522
53.15043671000001,68404.1389,68392.75,68412.7,68489,68356.0,1729286100000,3544
45.59667922,68448.9663,68420.1,68423.05,68492,68357.0,1729287000000,4230
82.05561408,68361.741,68424.45,68410.54,68466,68189.0,1729287900000,3995
85.91606345,68315.6657,68409.3,68335.6,68412,68236.0,1729288800000,4429
50.287632509999995,68358.9549,68334.58,68326.78,68409,68286.0,1729289700000,3680
57.42547485,68280.7453,68326.78,68295.69,68355,68173.0,1729290600000,3254
47.74905441999999,68229.7639,68295.69,68218.2,68295,68167.0,1729291500000,3081
49.1503532,68272.3476,68196.08,68326.85,68336,68166.0,1729292400000,2982
35.671106390000006,68355.5191,68326.84,68392.59,68396,68268.0,1729293300000,2809
46.868302629999995,68371.8999,68392.58,68373.49,68407,68280.0,1729294200000,3159
43.79003745999999,68422.9408,68369.86,68426.11,68471,68322.0,1729295100000,3170
40.79227492,68408.837,68440.2,68355.98,68477,68317.0,1729296000000,2905
25.195530490000003,68385.0981,68355.98,68421.4,68442,68300.0,1729296900000,2875
32.10440026,68335.6108,68421.39,68300.0,68426,68273.0,1729297800000,2624
28.164144649999997,68345.1501,68300.0,68334.7,68416,68266.0,1729298700000,2730
31.77071401,68367.0092,68334.7,68428.36,68428,68287.0,1729299600000,2452
31.92375449,68388.2807,68428.37,68378.99,68430,68313.0,1729300500000,2271
40.91396085,68371.0844,68378.99,68426.36,68437,68297.0,1729301400000,2344
43.96231924999999,68355.8035,68426.36,68322.21,68445,68249.0,1729302300000,2682
39.8522485,68345.5324,68322.21,68407.62,68411,68281.0,1729303200000,2482
51.05739604,68426.3912,68406.0,68438.83,68465,68342.0,1729304100000,2209
44.40535985,68420.038,68438.47,68418.77,68444,68362.0,1729305000000,2013
41.14636778,68418.5593,68418.78,68448.59,68457,68362.0,1729305900000,2245
55.81925249,68524.5907,68415.2,68595.97,68619,68395.0,1729306800000,2253
52.704239820000005,68591.1879,68598.76,68496.0,68689,68496.0,1729307700000,2335
41.75546065,68499.4354,68525.03,68493.44,68569,68445.0,1729308600000,2170
24.675472629999998,68468.0562,68494.39,68444.09,68494,68431.0,1729309500000,1823
17.95963657,68490.9488,68472.0,68509.09,68556,68428.0,1729310400000,1773
66.1240495,68471.3471,68509.09,68376.91,68536,68352.0,1729311300000,2472
29.67404704,68367.7822,68376.9,68359.56,68417,68334.0,1729312200000,1894
11.43604182,68359.321,68359.57,68330.11,68383,68326.04,1729313100000,1453
24.33764685,68371.7114,68369.9,68410.25,68428,68307.49,1729314000000,2233
7.96900864,68397.2117,68404.43,68406.75,68430,68365.55,1729314900000,1296
12.18449264,68396.6773,68407.96,68374.17,68429,68365.78,1729315800000,1294
86.22264209000002,68332.6384,68368.3,68377.54,68411,68231.9,1729316700000,2069
11.365580060000001,68356.9393,68377.55,68391.99,68392,68332.27,1729317600000,1502
28.38735039,68381.9928,68362.3,68355.12,68436,68355.11,1729318500000,1532
20.79853457,68378.4012,68355.12,68367.56,68414,68355.12,1729319400000,1384
5.912796280000001,68340.1802,68367.01,68329.9,68368,68312.73,1729320300000,1363
5.57562701,68330.1819,68330.0,68333.74,68352,68309.78,1729321200000,1072
16.20128969,68333.4223,68333.56,68385.98,68403,68285.86,1729322100000,1524
7.091114189999999,68348.9964,68385.97,68323.85,68385,68294.0,1729323000000,1265
9.514797760000002,68320.9733,68323.76,68342.04,68350,68283.0,1729323900000,1418
7.718017239999999,68356.4694,68340.2,68364.99,68370,68313.0,1729324800000,1294
14.002501839999999,68370.7862,68364.99,68416.49,68416,68305.0,1729325700000,1398
21.2151794,68384.5971,68416.49,68430.26,68436,68331.0,1729326600000,1725
14.318642070000001,68419.6279,68434.49,68402.82,68467,68347.0,1729327500000,1309
9.718102559999998,68399.3888,68403.7,68425.16,68429,68369.0,1729328400000,1158
12.645883549999999,68392.9511,68425.15,68391.02,68430,68369.0,1729329300000,1401
30.955415799999997,68366.4,68387.61,68346.33,68402,68330.0,1729330200000,1611
8.74117984,68337.4268,68343.61,68340.0,68371,68302.0,1729331100000,1674
38.636011690000004,68312.442,68308.0,68317.61,68372,68255.0,1729332000000,2201
18.9603239,68297.3361,68278.0,68315.2,68350,68222.0,1729332900000,1511
20.77658593,68273.9675,68271.87,68259.0,68315,68222.0,1729333800000,1709
22.023634499999996,68263.3765,68282.41,68258.0,68315,68200.0,1729334700000,1599
34.03467398,68220.783,68258.1,68288.72,68294,68158.0,1729335600000,1676
19.52943415,68244.7823,68287.83,68232.81,68294,68208.38,1729336500000,1322
52.94142226999999,68155.4119,68232.81,68165.91,68232,68088.04,1729337400000,2207
31.917249849999997,68108.2465,68132.8,68077.57,68190,68067.27,1729338300000,2535
58.26343781999999,68087.9933,68077.51,68172.1,68172,68071.74,1729339200000,2388
19.505823269999997,68183.3738,68074.0,68201.14,68206,68074.0,1729340100000,1759
32.12397074,68216.0685,68176.9,68218.51,68262,68153.0,1729341000000,2058
25.73335255,68220.912,68221.21,68215.52,68257,68152.0,1729341900000,1871
28.36240412,68174.3392,68215.51,68169.16,68215,68108.0,1729342800000,2042
27.20431128,68143.2209,68169.15,68165.56,68172,68117.0,1729343700000,1637
21.879082429999997,68135.0321,68146.4,68122.05,68165,68078.0,1729344600000,2000
13.214422549999997,68129.6018,68122.05,68110.94,68170,68088.0,1729345500000,1623
27.65578149,68146.9905,68107.1,68189.22,68193,68097.0,1729346400000,2027
22.18620088,68207.894,68182.4,68268.65,68277,68146.0,1729347300000,2148
53.74578002,68275.5823,68268.65,68305.47,68350,68223.83,1729348200000,2497
30.510525590000004,68278.506,68283.2,68296.01,68334,68238.47,1729349100000,2485
27.49331056,68301.1153,68283.2,68287.18,68338,68266.8,1729350000000,2486
36.846484960000005,68238.1204,68290.62,68205.3,68290,68164.81,1729350900000,2934
40.98173722,68185.5423,68203.31,68200.47,68228,68150.0,1729351800000,2172
23.426487839999997,68193.177,68200.46,68218.18,68228,68165.4,1729352700000,2211
19.41976636,68182.2464,68217.2,68138.87,68229,68133.0,1729353600000,2132
21.87604869,68122.2977,68130.62,68092.45,68185,68092.45,1729354500000,2194
43.34877854,68090.971,68092.46,68101.78,68150,68051.57,1729355400000,2260
23.79457086,68083.7383,68103.15,68033.88,68156,68025.58,1729356300000,2288
24.21310779,68058.8583,68036.38,68085.05,68100,68005.83,1729357200000,2060
22.116419259999997,68095.9287,68085.04,68128.17,68132,68050.0,1729358100000,2010
18.79117555,68116.2097,68128.16,68093.89,68142,68074.9,1729359000000,1886
19.132718829999998,68101.8098,68094.56,68120.16,68128,68069.06,1729359900000,1969
18.58931483,68111.7522,68120.15,68109.44,68133,68088.63,1729360800000,1943
17.213302860000002,68153.0621,68109.49,68169.97,68188,68101.0,1729361700000,1922
14.540356760000002,68160.6503,68171.28,68162.85,68178,68144.86,1729362600000,1756
11.47051127,68177.7087,68162.85,68171.35,68194,68160.1,1729363500000,1893
10.96483671,68169.0999,68171.35,68184.88,68190,68145.23,1729364400000,1690
13.01904699,68201.7625,68184.88,68213.99,68243,68169.0,1729365300000,1880
16.059077739999996,68197.667,68213.19,68181.84,68227,68171.92,1729366200000,1801
18.11713799,68167.0407,68191.0,68178.96,68191,68140.0,1729367100000,2055
13.409533739999999,68186.9844,68170.9,68188.0,68210,68158.96,1729368000000,1874
13.303966430000001,68210.1512,68200.65,68229.4,68240,68181.03,1729368900000,2013
15.019368440000003,68230.0267,68208.0,68243.88,68270,68202.63,1729369800000,1847
10.49970971,68234.6277,68248.0,68234.65,68254,68208.34,1729370700000,1626
14.771826650000001,68259.7312,68234.89,68269.41,68286,68214.58,1729371600000,1854
37.03031076,68303.7986,68269.41,68334.13,68353,68241.11,1729372500000,2131
18.800906190000003,68290.0246,68334.12,68263.0,68342,68243.93,1729373400000,1941
22.23295569,68258.6936,68263.35,68214.2,68315,68200.0,1729374300000,2022
31.038572060000003,68244.3448,68215.1,68235.98,68283,68190.5,1729375200000,2227
19.142837869999997,68260.2877,68234.27,68266.3,68291,68214.22,1729376100000,2159
20.895796490000002,68330.5929,68280.7,68368.85,68407,68245.72,1729377000000,2217
15.39313512,68338.7187,68387.0,68316.62,68406,68296.23,1729377900000,2205
11.889065010000001,68310.7021,68317.53,68325.1,68347,68283.92,1729378800000,1990
22.61793195,68368.8423,68325.46,68367.22,68414,68295.48,1729379700000,2115
18.36920937,68359.1361,68365.73,68345.35,68408,68296.83,1729380600000,2323
19.86064421,68363.4315,68345.35,68363.73,68403,68335.99,1729381500000,2356
27.20905027,68383.7748,68375.0,68374.9,68430,68359.0,1729382400000,2015
17.33663112,68402.6225,68417.67,68376.1,68433,68369.0,1729383300000,2092
21.135453249999998,68281.0576,68377.75,68263.36,68385,68230.23,1729384200000,2373
37.600182260000004,68258.1988,68263.35,68217.26,68279,68198.42,1729385100000,2303
54.04018281999999,68176.8096,68225.0,68187.94,68265,68110.9,1729386000000,2545
19.075980109999996,68193.596,68187.51,68225.57,68233,68137.35,1729386900000,1977
44.20793881000001,68198.2074,68225.28,68147.37,68230,68139.4,1729387800000,1828
16.50203369,68150.4088,68151.54,68137.92,68204,68131.12,1729388700000,1628
8.232134389999999,68178.2454,68140.37,68192.89,68218,68138.19,1729389600000,1472
9.475792180000003,68174.6944,68192.59,68191.5,68205,68134.45,1729390500000,1666
11.82311287,68154.2246,68146.0,68170.7,68191,68123.86,1729391400000,1683
22.140998390000004,68140.2722,68170.7,68160.88,68170,68095.21,1729392300000,1783
17.23945945,68131.7346,68166.1,68127.61,68166,68083.18,1729393200000,1632
18.4280985,68130.7523,68127.6,68101.82,68162,68095.87,1729394100000,1529
11.16676314,68136.2008,68106.42,68133.79,68162,68103.21,1729395000000,1575
40.12334869,68158.1917,68131.11,68181.04,68195,68130.0,1729395900000,1527
24.06948853999999,68177.3758,68183.3,68180.0,68188,68167.41,1729396800000,1312
114.52280504000001,68186.8164,68180.0,68275.29,68290,68174.8,1729397700000,1979
12.514010699999998,68269.4959,68275.28,68239.99,68309,68227.15,1729398600000,1346
14.964137130000001,68231.3086,68236.58,68224.35,68257,68208.08,1729399500000,1067
6.36344184,68260.4881,68221.7,68256.96,68282,68217.07,1729400400000,1279
17.642017319999997,68208.097,68254.06,68167.81,68274,68167.05,1729401300000,1441
16.159900290000003,68171.0829,68173.73,68198.56,68214,68116.0,1729402200000,1193
9.010852840000002,68197.7158,68197.2,68202.69,68211,68168.1,1729403100000,1222
6.05738748,68187.1898,68202.68,68201.47,68207,68153.09,1729404000000,1191
3.18260006,68216.4438,68202.93,68225.44,68236,68189.0,1729404900000,1038
4.355980069999999,68202.2336,68225.45,68205.05,68230,68188.01,1729405800000,1049
27.45869952,68301.2853,68204.71,68382.45,68403,68195.4,1729406700000,1744
9.388524599999998,68381.1078,68391.4,68408.97,68424,68341.62,1729407600000,1446
8.89167451,68393.9599,68408.97,68398.5,68421,68367.87,1729408500000,1218
7.100107469999999,68381.6377,68396.19,68355.51,68417,68350.23,1729409400000,1208
6.8611885699999995,68353.8213,68355.51,68361.15,68379,68347.27,1729410300000,976
13.728658980000002,68370.0797,68357.0,68376.4,68397,68355.37,1729411200000,1204
29.883745320000003,68420.6717,68376.4,68469.38,68490,68370.91,1729412100000,1886
13.791800440000001,68433.8619,68469.17,68385.87,68469,68385.87,1729413000000,1482
11.89545138,68362.5823,68386.17,68384.3,68424,68329.62,1729413900000,1194
4.673130869999999,68372.1114,68388.1,68376.98,68397,68334.42,1729414800000,1154
20.57407994999999,68376.583,68377.03,68387.76,68389,68357.89,1729415700000,1066
8.32529018,68395.6852,68388.7,68416.34,68437,68374.0,1729416600000,1139
15.220448510000002,68411.217,68419.17,68419.71,68438,68401.53,1729417500000,1098
13.27327503,68421.191,68423.64,68439.96,68454,68385.0,1729418400000,1052
5.99098924,68426.3846,68440.89,68412.44,68448,68408.0,1729419300000,962
12.47974731,68420.6572,68411.54,68382.71,68445,68378.95,1729420200000,1136
8.50567697,68372.6771,68384.78,68355.35,68421,68352.74,1729421100000,1010
8.598923130000001,68364.3029,68402.6,68375.81,68402,68353.63,1729422000000,1064
5.8039086399999995,68412.9547,68377.72,68430.19,68437,68377.72,1729422900000,1122
15.895890510000001,68406.5266,68429.94,68441.24,68444,68379.19,1729423800000,1504
14.14145205,68422.3227,68441.24,68415.6,68446,68391.68,1729424700000,1334
12.50539986,68414.9822,68418.81,68408.09,68437,68397.84,1729425600000,1294
20.633500949999995,68400.4925,68415.1,68380.37,68428,68363.69,1729426500000,1420
17.60601713,68376.6197,68380.37,68384.87,68411,68338.02,1729427400000,1714
22.79354736,68323.1004,68389.02,68248.38,68393,68240.58,1729428300000,2090
11.563865290000003,68299.6024,68252.93,68310.3,68336,68246.17,1729429200000,1675
22.53568655,68241.6102,68256.8,68280.0,68310,68195.01,1729430100000,2296
42.189475200000004,68395.4137,68271.5,68394.48,68468,68266.52,1729431000000,2780
26.64461322,68422.2716,68394.47,68449.13,68474,68389.8,1729431900000,2533
90.31798144999999,68527.836,68419.9,68574.11,68661,68419.9,1729432800000,4154
74.40457832000001,68667.6343,68574.11,68639.57,68750,68570.12,1729433700000,4132
64.10625182999999,68698.4596,68639.54,68681.3,68749,68625.85,1729434600000,3598
22.05519713,68622.1772,68690.23,68628.06,68695,68572.06,1729435500000,2839
57.50358015,68560.2105,68615.1,68501.54,68674,68477.28,1729436400000,3421
37.056442059999995,68443.324,68496.78,68454.64,68553,68335.54,1729437300000,3076
43.63827083999999,68517.1658,68454.63,68531.99,68570,68436.77,1729438200000,2573
22.97444834,68576.089,68531.99,68604.35,68640,68531.27,1729439100000,2552
34.421754,68558.3118,68574.0,68536.94,68650,68516.54,1729440000000,2783
22.99688444,68557.1932,68536.94,68559.59,68617,68504.44,1729440900000,2598
21.75888891,68555.9339,68561.1,68542.8,68611,68530.14,1729441800000,2606
20.803387400000002,68519.5759,68543.71,68482.7,68587,68472.02,1729442700000,2775
10.594474660000001,68523.0348,68480.29,68533.07,68556,68474.85,1729443600000,2219
16.485519349999997,68505.4284,68531.71,68495.02,68556,68470.0,1729444500000,2258
29.35475426,68451.6398,68496.69,68450.0,68525,68400.65,1729445400000,2583
25.075765670000003,68525.1637,68437.44,68542.01,68597,68432.74,1729446300000,2798
45.97690861000001,68601.3513,68546.85,68593.57,68670,68540.83,1729447200000,2671
33.21959821,68619.7267,68593.56,68625.75,68660,68587.34,1729448100000,2395
20.837648820000002,68628.4549,68625.75,68622.52,68663,68600.33,1729449000000,2495
25.94848679,68622.749,68623.8,68585.76,68662,68570.01,1729449900000,2944
20.49311876,68558.1477,68585.77,68579.02,68644,68526.65,1729450800000,2262
26.076786209999995,68537.1274,68579.03,68488.72,68605,68485.94,1729451700000,2649
21.62255496,68491.8162,68486.83,68497.0,68543,68470.49,1729452600000,2581
19.69486616,68498.7061,68496.73,68491.34,68542,68481.74,1729453500000,2399
24.89215005,68479.3473,68491.85,68514.86,68556,68440.0,1729454400000,2634
21.71316471,68550.1114,68514.87,68630.0,68652,68484.53,1729455300000,2543
50.75304085,68693.0703,68630.0,68681.44,68782,68599.9,1729456200000,3052
91.10308956,68805.0399,68681.43,68758.47,68888,68675.54,1729457100000,4499
68.69517296,68769.6717,68758.52,68745.54,68876,68687.9,1729458000000,4166
22.16362398,68706.2154,68745.53,68683.98,68770,68673.18,1729458900000,2801
33.12219548999999,68683.7745,68693.9,68689.5,68749,68636.74,1729459800000,3192
53.16385474,68721.8986,68689.49,68748.05,68809,68665.39,1729460700000,3118
392.06064896000004,68849.31,68752.63,68703.4,69062,68566.5,1729461600000,11890
253.13083843,68986.2529,68702.56,69084.19,69209,68656.1,1729462500000,8631
239.65571949,69100.7087,69089.9,69157.01,69210,68980.06,1729463400000,8555
265.29298933,69244.024,69157.79,69119.93,69402,69097.98,1729464300000,8416
110.28376203,69057.6414,69112.73,69093.19,69209,68909.53,1729465200000,5782
40.828675630000006,69078.4989,69089.37,69095.46,69158,69023.87,1729466100000,3889
51.18606758,69057.7042,69084.5,69002.47,69161,68951.39,1729467000000,4027
68.48224735999999,68941.5404,69002.47,69014.86,69049,68894.56,1729467900000,3392
57.82467511000001,69011.9472,69010.5,69108.96,69132,68941.32,1729468800000,3599
276.18856943,69306.3423,69103.93,69363.03,69586,69091.1,1729469700000,8226
202.38334018999996,69377.4959,69370.65,69219.26,69540,69202.44,1729470600000,5203
66.03828723999999,69131.053,69216.94,69136.18,69270,69030.3,1729471500000,3973
59.496622169999995,69151.3435,69127.9,69261.7,69288,69075.0,1729472400000,3646
176.24241327000004,69317.158,69260.5,69339.0,69489,69202.48,1729473300000,5519
47.89840376000001,69342.1823,69395.42,69287.43,69469,69262.01,1729474200000,4204
48.66572678999999,69238.2665,69280.39,69187.11,69377,69165.73,1729475100000,3385
38.62843384999999,69179.1827,69178.55,69161.35,69281,69125.51,1729476000000,2924
49.34539103,69102.0129,69154.64,69096.9,69223,69040.0,1729476900000,3023
116.08434067,69028.9847,69091.49,68950.0,69159,68888.0,1729477800000,3843
170.11635061999993,68804.9032,68952.77,68692.78,69020,68686.68,1729478700000,4615
158.66843144,68709.8102,68754.7,68620.76,68832,68572.93,1729479600000,4622
66.82824100999999,68707.3599,68653.0,68821.04,68858,68585.74,1729480500000,3755
47.209374299999986,68871.8111,68821.04,68884.29,68959,68794.48,1729481400000,2325
21.703627689999998,68875.4616,68892.56,68906.41,68950,68825.79,1729482300000,2054
21.60085369,68849.1554,68906.42,68826.79,68951,68774.32,1729483200000,2147
28.463024020000002,68809.0603,68816.78,68775.18,68880,68755.31,1729484100000,2062
45.72244053,68863.2839,68769.88,68930.0,68930,68762.29,1729485000000,2467
33.666359719999996,68961.3207,68892.92,69003.43,69030,68883.67,1729485900000,2707
85.38148837,69049.2997,69011.88,68942.13,69200,68924.06,1729486800000,3486
52.985696499999996,69046.8792,68942.14,69113.57,69134,68925.0,1729487700000,2410
56.79925057,69075.714,69111.05,69034.61,69134,69002.36,1729488600000,2543
30.77015861,69012.5366,69033.7,68959.42,69070,68959.42,1729489500000,2058
28.86068032,68947.5671,69014.1,68917.65,69033,68900.0,1729490400000,2318
31.374692080000003,69012.296,68924.3,69033.02,69109,68900.0,1729491300000,2413
84.59286787999999,69073.9835,69031.33,69080.57,69155,69007.55,1729492200000,2687
137.31293155999998,68879.8592,69077.57,68733.0,69109,68610.95,1729493100000,4094
231.30891571999996,68681.3722,68674.0,68711.21,68816,68591.65,1729494000000,4787
93.40581306,68664.993,68711.21,68638.41,68766,68603.45,1729494900000,2984
79.24809505,68598.2827,68639.12,68567.43,68696,68521.9,1729495800000,3185
77.81722006999999,68502.5036,68567.42,68481.04,68634,68438.7,1729496700000,2930
104.27563921000001,68576.1096,68481.09,68577.77,68665,68463.87,1729497600000,3260
52.74091481999999,68519.6822,68578.05,68488.7,68622,68461.06,1729498500000,2242
45.080216820000004,68490.1991,68488.97,68486.52,68583,68429.0,1729499400000,2406
109.05589315000002,68379.941,68486.52,68266.39,68529,68264.79,1729500300000,3758
92.65076526,68336.6331,68280.9,68365.0,68450,68212.15,1729501200000,3128
42.666225829999995,68308.5117,68379.31,68276.8,68446,68250.01,1729502100000,2270
132.05483359000004,68202.9014,68273.37,68224.66,68359,68100.01,1729503000000,4385
39.46636259,68275.3623,68220.39,68337.08,68399,68162.75,1729503900000,2286
39.14889779999999,68362.0895,68334.55,68418.94,68459,68280.46,1729504800000,2132
44.54717550000001,68393.9726,68421.68,68410.0,68481,68342.73,1729505700000,2007
38.91318887,68346.2739,68355.18,68288.55,68455,68281.35,1729506600000,2542
61.589736659999986,68284.5717,68288.55,68242.47,68382,68221.87,1729507500000,2488
66.54463279000001,68286.3524,68240.48,68390.81,68446,68161.92,1729508400000,3128
40.24061943000001,68347.6258,68350.0,68315.17,68446,68312.53,1729509300000,2112
52.84364826,68293.9522,68315.25,68224.75,68408,68224.75,1729510200000,2721
54.660889069999996,68183.5047,68252.3,68192.79,68312,68133.73,1729511100000,3188
59.574889420000005,68206.8741,68190.6,68231.87,68305,68167.52,1729512000000,2626
51.18799653000001,68211.7127,68231.86,68254.6,68306,68162.34,1729512900000,2523
108.51874013,68123.9242,68253.66,68038.87,68349,68029.43,1729513800000,4194
66.49030896999999,68110.9149,68033.85,68161.72,68229,68024.29,1729514700000,3349
82.18950668,68072.0337,68161.71,68007.23,68241,68000.01,1729515600000,3508
463.70941761,67833.2513,68007.22,67879.01,68097,67565.01,1729516500000,11879
246.45549391,67586.2724,67848.0,67513.56,67957,67368.52,1729517400000,8729
482.40542268999997,67356.6235,67517.23,67265.7,67650,67094.53,1729518300000,12391
381.89110378,67401.9012,67278.5,67313.91,67659,67221.34,1729519200000,8603
179.84212656,67386.858,67313.85,67365.62,67607,67289.16,1729520100000,6599
371.47125106000004,67207.4875,67362.26,67299.08,67506,66973.26,1729521000000,9861
344.75089122,67216.5691,67303.86,67266.4,67604,67001.02,1729521900000,7002
420.6079985,66955.2869,67266.4,67004.12,67342,66802.0,1729522800000,10349
179.74362807,67021.5642,66994.04,67050.0,67195,66896.86,1729523700000,5982
90.77506491,66904.0218,66901.33,66898.28,67087,66823.82,1729524600000,5251
137.16262157,67112.6142,66886.74,67310.58,67392,66886.74,1729525500000,6152
204.13794089,67216.0434,67314.0,67197.75,67405,67142.88,1729526400000,5678
220.35926114000003,67016.7259,67197.75,66951.19,67313,66903.54,1729527300000,6364
240.58358722999998,66967.515,66951.21,67124.62,67231,66847.67,1729528200000,8647
145.77442296,67179.4188,67126.52,67279.33,67391,67084.43,1729529100000,6282
285.73569645,67409.0002,67279.2,67408.75,67636,67210.61,1729530000000,7877
154.37568835000002,67439.0527,67408.75,67423.44,67636,67363.53,1729530900000,5357
184.30903801,67499.443,67423.44,67601.24,67743,67386.42,1729531800000,5637
117.43058215,67575.6453,67599.86,67474.11,67735,67471.56,1729532700000,5386
163.18236498,67337.3017,67474.11,67303.35,67609,67222.74,1729533600000,5106
297.4274837,67141.3207,67303.36,67122.16,67423,66991.63,1729534500000,5863
120.93510794000001,67144.841,67074.8,67143.4,67320,67026.07,1729535400000,4434
96.50227892,67232.4386,67147.89,67286.78,67438,67122.01,1729536300000,4844
326.49350956,67445.8791,67286.77,67538.61,67636,67281.88,1729537200000,9260
455.7538396599999,67539.5519,67540.21,67588.84,67676,67445.4,1729538100000,13974
386.0573722,67533.5742,67588.81,67580.29,67676,67465.5,1729539000000,11730
704.70434408,67759.9488,67568.63,67735.4,67989,67559.44,1729539900000,20434
104.80931509999998,67702.173,67740.66,67641.43,67887,67612.26,1729540800000,4697
111.45524252999999,67626.2327,67643.78,67617.7,67765,67589.86,1729541700000,4122
93.48176740999997,67648.0342,67620.0,67651.2,67777,67606.3,1729542600000,3921
77.35186630000001,67705.7369,67651.21,67721.97,67816,67651.2,1729543500000,4593
133.13199532,67818.306,67722.11,67858.17,67998,67699.9,1729544400000,4091
94.27283221999998,67848.6283,67857.21,67834.34,67962,67793.22,1729545300000,4242
101.93985292,67719.7082,67849.2,67668.82,67941,67663.2,1729546200000,4254
62.464590779999995,67733.0776,67668.9,67786.84,67866,67666.53,1729547100000,3843
86.4591822,67789.4155,67786.83,67802.41,67930,67678.54,1729548000000,4914
117.88240328999998,67765.3695,67798.67,67748.38,67899,67726.35,1729548900000,4331
124.19707729000001,67681.2643,67747.5,67663.78,67829,67581.01,1729549800000,5162
64.34254539,67740.6682,67663.78,67758.15,67865,67655.0,1729550700000,5429
156.20908129,67546.9615,67758.14,67510.91,67814,67421.53,1729551600000,6033
68.38935377,67510.0382,67576.5,67470.49,67623,67455.44,1729552500000,4448
96.19830270000001,67461.5847,67470.49,67491.38,67565,67387.45,1729553400000,3498
48.420250679999995,67402.5918,67491.38,67346.15,67560,67328.58,1729554300000,3295
56.43601564,67314.7172,67385.1,67251.06,67443,67231.13,1729555200000,3741
198.24126069000002,67088.3754,67251.05,67028.0,67360,66903.55,1729556100000,6252
306.13760184000006,66731.2076,66904.53,66924.19,67010,66535.0,1729557000000,10150
107.96967895000002,67145.5198,66924.24,67112.67,67362,66924.24,1729557900000,4875
102.30204605,67173.6589,67107.5,67251.92,67362,67008.97,1729558800000,3718
75.97645013,67378.3044,67251.92,67429.52,67534,67224.33,1729559700000,3796
42.799317030000005,67405.9691,67429.52,67382.68,67564,67326.98,1729560600000,3278
36.66071686,67435.9537,67380.74,67473.8,67563,67352.0,1729561500000,2704
124.34530284999998,67558.8152,67473.8,67593.54,67722,67454.37,1729562400000,3376
38.88296209,67539.0272,67593.34,67525.35,67670,67479.41,1729563300000,2880
41.90730769000001,67507.9217,67525.35,67478.81,67662,67429.38,1729564200000,2891
61.383103,67305.1413,67472.79,67270.99,67541,67233.48,1729565100000,3151
27.396392910000003,67362.5702,67285.0,67458.24,67502,67271.02,1729566000000,2477
42.73834909999999,67421.348,67458.23,67362.0,67578,67340.48,1729566900000,2484
60.40686425,67327.7925,67361.79,67316.33,67427,67262.67,1729567800000,2938
27.141247140000004,67334.5238,67316.33,67356.9,67423,67279.36,1729568700000,2165
22.914463010000002,67310.3491,67351.0,67326.0,67421,67269.02,1729569600000,1970
34.50688685,67306.7857,67287.11,67429.78,67476,67238.47,1729570500000,2388
31.87009676,67396.7972,67429.78,67394.81,67491,67329.26,1729571400000,1904
37.620422170000005,67396.6301,67397.5,67456.65,67494,67354.66,1729572300000,2557
48.255850470000006,67486.6398,67431.0,67568.98,67636,67414.19,1729573200000,2379
19.31105782,67550.8531,67572.96,67519.86,67642,67500.39,1729574100000,1854
29.66508082,67554.0713,67517.74,67573.48,67652,67494.89,1729575000000,2056
42.42201945000001,67536.2147,67573.48,67535.82,67634,67502.55,1729575900000,1712
59.55426586000001,67671.0513,67537.36,67669.13,67782,67527.4,1729576800000,2641
37.47453878,67714.0859,67669.13,67730.51,67815,67668.61,1729577700000,1997
74.14016058,67695.8509,67730.51,67651.4,67814,67606.44,1729578600000,3493
62.71943640999999,67608.8366,67645.94,67522.48,67730,67521.44,1729579500000,3201
49.218650870000005,67575.2002,67575.8,67624.29,67680,67521.45,1729580400000,2287
76.47555763000001,67625.8727,67624.29,67544.42,67717,67544.41,1729581300000,2172
47.76640057,67505.9335,67590.1,67525.06,67638,67431.69,1729582200000,2218
67.26220828000001,67438.7647,67525.06,67358.61,67588,67333.92,1729583100000,2439
72.65273826,67265.9377,67343.6,67266.47,67438,67171.99,1729584000000,2982
88.83527284,67090.331,67266.47,66984.38,67354,66954.7,1729584900000,3418
147.63064905,66973.7597,67027.9,67073.9,67204,66852.41,1729585800000,3663
82.67184850999999,66977.9748,67075.52,66900.1,67215,66865.44,1729586700000,3073
124.04776243,66925.1977,66900.2,67007.86,67137,66771.32,1729587600000,3870
115.32579245000001,66910.7123,67008.64,66817.34,67160,66774.75,1729588500000,3403
55.674065670000005,66799.8171,66817.34,66788.0,66986,66706.01,1729589400000,3379
45.272266880000004,66853.9233,66785.58,66920.01,67008,66739.26,1729590300000,2475
92.54121773,66916.7686,66920.0,66947.51,67034,66821.02,1729591200000,2887
78.89176693,66996.6836,66947.51,67079.91,67147,66876.37,1729592100000,3006
54.297862280000004,67100.9231,67079.92,67102.4,67232,67037.94,1729593000000,2444
36.26138476,67124.8627,67102.4,67140.36,67250,67062.44,1729593900000,2118
85.44174102999999,67242.3153,67207.0,67317.8,67405,67109.36,1729594800000,3072
68.80240672000001,67325.5723,67317.81,67404.66,67489,67269.25,1729595700000,2651
63.1339701,67373.6327,67404.66,67325.95,67527,67295.01,1729596600000,3072
91.28545594000002,67275.03,67320.1,67247.23,67380,67243.0,1729597500000,2580
68.32690595,67334.9672,67244.0,67327.03,67468,67237.6,1729598400000,2594
59.22928199,67157.1689,67330.73,67126.69,67417,67014.98,1729599300000,3359
154.66562575999998,66998.2838,67126.68,66855.71,67173,66843.9,1729600200000,4361
80.28872669999998,66956.5586,66851.68,66935.88,67114,66808.0,1729601100000,4405
78.63588822999999,66928.803,66984.4,66958.02,67031,66850.0,1729602000000,4319
68.73720792000002,67046.146,66956.16,67059.75,67150,66919.14,1729602900000,3685
238.63190049999997,66922.0899,67059.75,66811.03,67131,66785.47,1729603800000,8946
283.05582145,66787.7616,66820.18,66953.51,66992,66594.74,1729604700000,11083
382.81684093,67207.0676,66953.65,67398.13,67540,66783.55,1729605600000,10375
260.82877305,67309.5358,67390.58,67067.9,67535,67005.36,1729606500000,7819
353.84090835000006,67369.2599,67050.88,67406.37,67556,67050.82,1729607400000,10160
265.31769866,67483.9309,67403.14,67519.14,67675,67291.95,1729608300000,7681
278.30114072000003,67540.7321,67525.9,67438.74,67664,67404.86,1729609200000,7260
320.457257,67240.1998,67437.98,67170.89,67513,67059.78,1729610100000,8673
139.26558794,67302.6467,67170.89,67378.0,67451,67149.0,1729611000000,5364
141.08917078,67323.3546,67378.0,67230.38,67428,67218.61,1729611900000,4402
159.06505255000002,67137.7377,67266.1,67159.68,67275,67004.85,1729612800000,5268
226.19090176,67008.8431,67159.67,66950.87,67206,66900.0,1729613700000,5527
163.91354096999999,66983.5876,66950.0,66871.75,67100,66871.74,1729614600000,4624
139.11107331999997,66943.647,66871.75,66909.57,67017,66864.9,1729615500000,3826
180.59744553000002,67048.8775,66909.59,67133.52,67200,66886.54,1729616400000,4749
267.7313338799999,67300.9346,67136.88,67312.63,67405,67114.7,1729617300000,5696
188.81483031,67312.8801,67312.63,67331.67,67390,67189.85,1729618200000,5136
165.09468484,67285.4347,67336.24,67279.5,67361,67221.1,1729619100000,4305
161.25762688,67367.8696,67274.48,67272.81,67456,67267.39,1729620000000,3957
194.49350503000005,67355.154,67318.0,67461.97,67487,67189.92,1729620900000,4870
173.24455534999998,67392.1433,67461.96,67371.57,67487,67275.12,1729621800000,4124
113.97805266,67402.4758,67371.56,67334.26,67484,67309.46,1729622700000,4162
116.47789436000001,67399.0692,67335.81,67450.96,67507,67291.7,1729623600000,3639
152.2340148,67489.3182,67450.95,67532.16,67577,67411.79,1729624500000,4016
165.17117398,67482.0651,67535.07,67510.8,67592,67389.05,1729625400000,4207
208.05785133999998,67524.2587,67519.45,67439.11,67616,67418.48,1729626300000,5516
78.70590286999999,67464.2897,67430.7,67462.54,67554,67392.74,1729627200000,3182
41.492508120000004,67449.6279,67462.54,67389.42,67527,67369.42,1729628100000,2779
45.00927154,67432.4819,67390.8,67464.49,67490,67385.39,1729629000000,2429
26.580848269999997,67497.2673,67459.25,67481.81,67564,67422.7,1729629900000,2183
37.24430014,67428.8785,67498.1,67418.4,67537,67367.24,1729630800000,2386
28.076671260000005,67404.2779,67418.4,67380.02,67446,67363.22,1729631700000,1907
33.08425825,67384.8037,67380.9,67388.43,67427,67356.44,1729632600000,2057
22.84676486,67451.4011,67388.42,67487.83,67515,67377.3,1729633500000,2181
84.52215785000001,67610.3344,67486.71,67599.08,67728,67439.66,1729634400000,3914
60.123242069999996,67607.869,67599.06,67622.8,67686,67546.16,1729635300000,3300
37.15510967,67642.3102,67622.7,67694.26,67727,67549.19,1729636200000,2634
136.13985074,67730.5386,67694.24,67676.68,67824,67670.01,1729637100000,3527
41.979998419999994,67652.2643,67735.6,67555.48,67741,67550.39,1729638000000,2611
56.30691102000001,67538.9817,67555.48,67515.83,67612,67500.0,1729638900000,2582
185.446145,67439.5138,67515.83,67395.49,67556,67370.84,1729639800000,6251
66.97283871,67333.1392,67395.57,67387.6,67446,67249.37,1729640700000,2984
79.34924405,67300.6964,67384.2,67170.0,67436,67163.0,1729641600000,3668
94.63216219,67157.6911,67170.0,67207.7,67236,67084.18,1729642500000,3244
40.41373977,67177.8205,67213.29,67142.5,67255,67105.84,1729643400000,2360
90.93634365000001,67141.9902,67140.53,67124.05,67194,67075.0,1729644300000,2691
30.427614390000002,67172.3267,67121.8,67136.05,67231,67105.01,1729645200000,2102
23.737632259999998,67225.0894,67136.11,67260.51,67319,67133.21,1729646100000,2639
23.19878776,67265.2345,67260.5,67302.87,67355,67190.02,1729647000000,2876
28.190754320000003,67285.2176,67302.75,67297.92,67347,67228.56,1729647900000,3362
56.79063569,67285.4585,67297.91,67255.94,67359,67227.28,1729648800000,3737
43.16680212,67149.5608,67255.94,67040.82,67313,67024.88,1729649700000,2782
39.88138877,67075.3485,67040.82,67067.8,67161,67012.71,1729650600000,2568
25.159479260000005,67098.4349,67113.89,67042.84,67189,67022.88,1729651500000,2300
37.14177665,67048.1687,67065.0,67057.36,67165,67000.0,1729652400000,2246
81.60177003999999,66935.5632,67057.36,66903.23,67097,66834.13,1729653300000,3348
38.281325769999995,66934.683,66903.23,66977.92,67017,66856.32,1729654200000,2303
30.187950410000003,67012.1365,66977.91,67028.66,67078,66945.39,1729655100000,2260
35.960649610000004,67039.1747,66999.0,67076.77,67135,66979.78,1729656000000,2146
21.467281499999995,67038.5565,67076.78,67043.58,67124,66944.6,1729656900000,2080
36.527473830000005,67094.2726,67043.58,67155.13,67210,67005.94,1729657800000,2480
10.81077779,67148.036,67153.02,67166.04,67188,67117.69,1729658700000,1727
39.96854253,67136.5621,67148.1,67138.75,67197,67058.13,1729659600000,2537
19.43674113,67125.3492,67136.91,67081.88,67189,67045.43,1729660500000,1818
14.241812920000001,67043.27,67081.33,67058.0,67151,66994.86,1729661400000,1796
13.85020472,67034.2641,67035.88,67038.76,67090,67000.14,1729662300000,1744
23.853741780000004,67073.7863,67038.76,67129.8,67157,67011.5,1729663200000,1897
23.78901211,67188.6256,67089.6,67224.36,67276,67089.6,1729664100000,2109
39.69749029,67199.9738,67224.36,67153.2,67283,67135.0,1729665000000,2344
80.80458933000001,66977.6283,67153.2,66928.0,67206,66852.02,1729665900000,3524
100.17122272,66872.6066,66913.1,66835.03,66989,66790.11,1729666800000,3461
37.94690758000001,66897.3531,66835.02,66901.61,66966,66806.26,1729667700000,2622
32.92134746,66832.7542,66901.61,66772.05,66958,66768.31,1729668600000,2526
36.558638710000004,66783.5436,66772.05,66796.57,66851,66740.0,1729669500000,2418
95.30511454,66794.6381,66798.41,66932.6,67019,66649.56,1729670400000,3940
59.41228668999999,66773.2226,66928.14,66766.36,66979,66699.44,1729671300000,3108
69.65251354000002,66700.7509,66761.18,66653.84,66832,66624.74,1729672200000,2870
195.47016101,66512.6,66653.22,66476.79,66715,66366.0,1729673100000,5514
297.66232056,66297.6987,66514.0,66165.31,66581,66161.63,1729674000000,8008
117.25631560000001,66268.7861,66165.3,66290.18,66358,66142.21,1729674900000,3749
116.94422603000001,66424.5189,66311.0,66437.08,66543,66290.17,1729675800000,3711
79.91366440000002,66477.1692,66437.08,66467.11,66560,66400.0,1729676700000,2955
86.24959495,66498.6674,66467.11,66465.44,66583,66434.49,1729677600000,3076
55.91768906,66542.7543,66465.44,66564.51,66623,66450.41,1729678500000,2912
38.3318947,66518.6269,66564.52,66463.32,66621,66442.15,1729679400000,2518
45.58573853,66395.1374,66466.62,66400.2,66514,66342.0,1729680300000,2827
31.300405859999998,66429.4189,66353.42,66458.01,66523,66344.45,1729681200000,2510
22.10654886,66476.9922,66458.0,66505.05,66545,66436.71,1729682100000,2030
97.09819309999999,66393.0051,66502.98,66382.04,66570,66319.5,1729683000000,3352
84.33450338,66357.6829,66361.0,66366.78,66449,66266.61,1729683900000,3448
108.27532600999999,66317.5091,66371.51,66289.67,66477,66230.32,1729684800000,3799
99.47833388999999,66272.2768,66289.67,66185.03,66480,66154.13,1729685700000,4057
170.39792996999998,66194.7395,66185.02,66359.75,66421,66046.54,1729686600000,5713
68.71882649,66381.3197,66359.75,66366.29,66505,66263.55,1729687500000,3145
60.36694954999999,66344.0455,66362.17,66449.44,66467,66297.15,1729688400000,3016
66.71421219999999,66430.6469,66449.44,66471.7,66536,66381.91,1729689300000,3078
174.07860087,66490.6412,66489.87,66599.91,66639,66355.97,1729690200000,6112
286.16341484,66694.3532,66599.91,66744.61,66854,66548.5,1729691100000,6943
201.20323611,66584.3848,66744.62,66489.61,66784,66429.82,1729692000000,6097
132.08072787999998,66610.1576,66484.02,66670.37,66753,66453.0,1729692900000,4935
199.37806854999997,66727.4385,66670.35,66717.97,66846,66642.01,1729693800000,5157
148.2363207,66525.3794,66719.92,66425.78,66758,66371.15,1729694700000,4891
184.44597925,66278.0866,66430.7,66178.0,66463,66134.61,1729695600000,6588
246.63746160999997,66166.4972,66176.91,66079.08,66335,66031.7,1729696500000,7182
488.51301327000004,65983.1108,66079.07,65916.51,66207,65820.7,1729697400000,11166
195.85101145000002,66076.8073,65915.04,66152.33,66222,65914.11,1729698300000,7646
238.81346253,66056.0928,66159.8,65984.74,66274,65920.52,1729699200000,7868
259.1699206,65888.214,65970.4,65820.66,66071,65795.56,1729700100000,11573
285.22317833,65924.5053,65817.8,65877.63,66117,65750.0,1729701000000,9183
234.74780372,65824.1243,65875.59,65794.4,65997,65724.9,1729701900000,8673
347.24304237000007,65706.7773,65868.0,65666.0,65899,65556.59,1729702800000,12628
