v,vw,o,c,h,l,t,n
193.55312138999997,118629.0639,118679.9,118548.34,118850.0,118544.98,1753701300000,7103
146.66627247,118561.0685,118546.79,118701.22,118910.0,118468.15,1753702200000,5101
30.46500185,118798.8583,118701.22,118827.17,118960.0,118694.3,1753703100000,2132
350.87430248,118902.9565,118813.3,118999.9,119283.89,118520.95,1753704000000,4258
250.91137520000004,118980.463,118907.75,118912.53,119219.15,118778.93,1753704900000,3573
61.106980799999995,118888.035,118912.52,118978.9,119110.0,118786.2,1753705800000,2917
30.266207180000006,118929.6625,118977.48,118857.25,119110.0,118800.16,1753706700000,2580
56.668764089999996,118803.4125,118850.1,118684.85,119000.0,118682.94,1753707600000,3559
113.16616005,118614.0431,118685.43,118604.08,118900.0,118430.36,1753708500000,4985
314.26847954000004,118702.6797,118604.08,118682.4,119230.0,118287.9,1753709400000,11010
105.71039167,118463.0927,118676.34,118423.68,118930.0,118242.45,1753710300000,5644
73.80549921999999,118500.5498,118432.56,118480.2,118820.0,118300.01,1753711200000,5376
134.39704932,118209.0074,118452.0,118100.8,118620.0,118017.77,1753712100000,6438
371.49349551,118000.9717,118097.16,118255.98,118400.0,117880.0,1753713000000,9376
76.99578241,118066.6897,118200.0,117981.86,118450.0,117916.64,1753713900000,4870
95.17793276999998,118000.0003,118000.2,118188.51,118320.0,117894.24,1753714800000,4687
87.43553363,118262.8832,118186.89,118424.54,118580.0,118134.54,1753715700000,4525
48.263416369999995,118359.5251,118424.54,118234.93,118650.0,118175.01,1753716600000,3748
74.98703631999999,118185.6175,118234.93,118165.37,118520.0,118101.18,1753717500000,4467
51.74037407000001,118086.6682,118183.2,118069.09,118340.0,118000.0,1753718400000,4261
69.01024766999998,118130.7649,118069.09,118294.6,118450.0,118014.18,1753719300000,4131
81.77827661999999,118288.4235,118294.6,118317.35,118500.0,118162.51,1753720200000,4148
104.63496476000002,118157.9775,118323.45,118014.12,118510.0,118001.0,1753721100000,4136
156.39064853000002,117971.6876,118016.8,117852.02,118210.0,117852.0,1753722000000,5581
256.55346640000005,117807.2206,117852.02,118018.76,118160.0,117640.0,1753722900000,10300
158.25033306000003,117932.8842,118022.3,117856.49,118270.0,117792.98,1753723800000,7828
76.63007429000001,117725.2199,117856.49,117666.57,118000.0,117650.0,1753724700000,4899
221.60915876,117606.1807,117700.0,117758.75,117920.0,117494.5,1753725600000,8623
166.51214226000002,117589.8678,117766.87,117542.05,117970.0,117441.59,1753726500000,8472
285.1690261,117552.5017,117542.05,117727.45,117940.0,117380.6,1753727400000,9025
94.58246421,117752.3649,117727.45,117767.13,118020.0,117629.04,1753728300000,5330
198.35404540999997,118016.9416,117770.1,118134.95,118320.0,117753.45,1753729200000,5240
169.78555617999996,118155.0368,118134.96,118093.39,118400.0,118077.61,1753730100000,4765
131.59338829,117909.0533,118093.71,117677.37,118290.0,117665.59,1753731000000,5961
166.56015730000001,117820.8634,117677.36,118051.9,118230.0,117537.15,1753731900000,5969
140.61255844000002,117923.2121,118060.48,117761.5,118280.0,117737.5,1753732800000,4909
158.94003112,117688.1039,117761.5,117501.66,118040.0,117501.65,1753733700000,4514
167.52544801,117734.3976,117501.67,117837.18,118160.0,117482.18,1753734600000,6245
106.45021433,117948.7484,117837.17,118033.9,118260.0,117807.17,1753735500000,4502
75.93124586999998,118061.9812,118037.5,118049.21,118320.0,117946.47,1753736400000,3974
113.84788376000002,118076.3545,118041.2,118092.04,118290.0,117961.65,1753737300000,4885
75.45565074,118208.7288,118092.04,118334.48,118470.0,118018.59,1753738200000,4349
78.86569395000001,118143.7771,118334.47,118118.97,118470.0,117956.07,1753739100000,4715
107.46765592,118173.0551,118118.96,118105.2,118420.0,118068.48,1753740000000,5100
110.24491499,118102.9782,118105.2,118141.5,118380.0,118000.0,1753740900000,4418
119.50189562,118041.1006,118120.9,117865.88,118310.0,117780.41,1753741800000,4935
72.26448166000002,117900.7515,117865.89,117862.52,118130.0,117749.12,1753742700000,4081
57.76945071,117929.8038,117867.6,117952.26,118160.0,117819.52,1753743600000,3894
87.60119541,118056.3528,117952.27,117983.73,118320.0,117951.66,1753744500000,4041
48.01915961,118052.1894,117983.73,118020.58,118280.0,117962.1,1753745400000,3606
22.13229351,117982.8696,118020.58,117979.7,118330.0,117801.85,1753746300000,3378
35.45657071,118160.3115,117979.7,118291.46,118430.0,117950.0,1753747200000,3319
62.219205620000004,118415.9581,118291.46,118500.0,118610.0,118237.23,1753748100000,3759
160.19741783,118003.1853,118325.0,117706.76,118500.0,117550.74,1753749000000,6258
38.824331230000006,117900.1274,117706.76,117993.24,118150.0,117650.73,1753749900000,3509
25.91186644,118006.9008,117993.24,118093.59,118290.0,117839.36,1753750800000,3373
16.993108969999998,118188.5328,118038.0,118210.01,118390.0,118037.9,1753751700000,2880
38.03254911,118191.9688,118210.01,118145.54,118420.0,118130.44,1753752600000,3114
51.06504287999999,118029.4288,118145.53,117777.02,118390.0,117777.01,1753753500000,3809
43.198819240000006,117864.7254,117800.1,117863.1,118100.0,117756.88,1753754400000,3535
87.12011277,117639.8539,117904.36,117898.4,118090.0,117459.01,1753755300000,5000
42.3395113,117887.6263,117898.4,117964.38,118120.0,117763.3,1753756200000,3675
43.11096839,117990.3703,117964.39,118091.15,118270.0,117840.77,1753757100000,3550
94.1680334,118249.9547,118028.4,118400.0,118600.0,118028.4,1753758000000,3817
43.19430613,118336.6232,118400.0,118339.38,118560.0,118245.52,1753758900000,2997
47.2211786,118366.5572,118330.17,118500.01,118640.0,118254.84,1753759800000,3183
162.63380767,118690.0126,118500.01,118950.0,118950.0,118424.5,1753760700000,4468
105.71844686000003,118731.9457,118714.9,118758.65,118960.0,118661.05,1753761600000,3445
36.956197290000006,118620.0673,118758.65,118648.12,118940.0,118545.29,1753762500000,2933
30.43619902,118591.5693,118648.1,118512.59,118820.0,118500.0,1753763400000,2858
34.96143684,118501.6435,118512.58,118527.61,118750.0,118400.0,1753764300000,2882
23.57253542,118651.9526,118485.3,118658.84,118920.0,118485.2,1753765200000,2913
24.69642292,118625.2617,118910.0,118646.56,118910.0,118534.68,1753766100000,2441
58.12898008999999,118698.3662,118645.67,118746.56,118930.0,118594.47,1753767000000,3383
39.449264969999994,118801.1222,118746.56,118813.38,119040.0,118734.67,1753767900000,2904
45.44565118,118810.6463,118826.1,118878.16,119030.0,118722.05,1753768800000,2863
82.28425979000001,118991.5771,118878.17,118931.35,119220.0,118827.7,1753769700000,5353
46.83838963,118956.1453,118918.2,119000.91,119170.0,118864.33,1753770600000,2750
80.09583396,118863.3395,119005.06,118747.4,119140.0,118720.41,1753771500000,3587
34.255276480000006,118862.8913,118825.1,118837.39,119090.0,118747.4,1753772400000,2271
32.29425105,118825.6449,118840.7,118793.5,119050.0,118780.94,1753773300000,2283
28.44935549,118841.5689,118810.07,118983.36,119110.0,118749.88,1753774200000,2547
113.71182888999998,119052.1363,118983.35,118885.92,119410.0,118794.73,1753775100000,3979
32.19849945,118930.3315,118885.91,118989.04,119140.0,118816.4,1753776000000,2459
20.454842000000003,118961.0657,118987.94,118793.24,119200.0,118752.48,1753776900000,2397
16.75425226,118916.2275,118787.9,118982.87,119100.0,118785.06,1753777800000,1979
18.14128171,118904.0318,118982.87,118921.44,119130.0,118791.31,1753778700000,2253
21.472751989999995,118902.5526,118879.1,118822.1,119090.0,118821.6,1753779600000,2332
35.58297501000001,118794.5042,118822.11,118913.5,119040.0,118739.2,1753780500000,2338
17.387857570000005,118850.6664,118912.79,118824.9,119050.0,118780.36,1753781400000,2587
23.113923370000006,118840.6379,118916.05,118786.52,119020.0,118761.22,1753782300000,2204
55.10950845,118694.8351,118780.1,118593.8,118960.0,118562.31,1753783200000,3966
35.28275954,118619.3087,118594.04,118671.86,118800.0,118536.03,1753784100000,2694
25.396721149999994,118666.5938,118614.7,118500.0,118880.0,118500.0,1753785000000,2568
43.68274627000001,118423.2936,118504.07,118319.33,118680.0,118300.0,1753785900000,3302
68.03373848,118269.4317,118311.4,118424.84,118510.0,118144.32,1753786800000,3700
23.1551918,118454.8578,118424.04,118501.45,118620.0,118353.0,1753787700000,3123
14.6722718,118429.4254,118501.79,118441.37,118620.0,118339.86,1753788600000,2834
19.30093997,118506.0965,118441.45,118601.76,118700.0,118384.79,1753789500000,2809
43.67004269,118592.8351,118601.79,118489.22,118790.0,118459.25,1753790400000,3229
73.20233008,118832.2056,118489.22,118931.35,119150.0,118489.22,1753791300000,4176
152.2643432,118945.7877,118931.35,119057.68,119170.0,118767.81,1753792200000,4839
30.98029352,118951.7472,119058.01,118889.28,119110.0,118819.0,1753793100000,3190
35.443345289999996,118824.6947,118886.7,118868.32,118990.0,118725.85,1753794000000,3121
31.25860932,118876.6185,118865.23,118937.33,119020.0,118814.72,1753794900000,3208
170.0586146,118894.8879,118937.33,118831.93,119080.0,118644.4,1753795800000,5570
126.86961029999998,118728.5097,118836.92,118611.65,118940.0,118521.42,1753796700000,5543
143.53678955,118185.1126,118603.8,118280.0,118700.0,117954.3,1753797600000,6432
77.71220557000001,118245.1375,118222.5,118263.71,118440.0,118110.92,1753798500000,4702
46.39332086,118225.9196,118251.6,118257.5,118350.0,118060.08,1753799400000,3942
115.99721414,117884.5787,118275.1,117820.17,118321.9,117693.53,1753800300000,5822
132.99028909,117775.2834,117820.9,117762.05,117990.0,117640.3,1753801200000,5815
141.08662099000003,117641.6078,117762.05,117518.77,117910.0,117480.0,1753802100000,6937
300.56281916,117405.4194,117517.81,117424.44,117700.0,117250.08,1753803000000,9770
211.21607802999995,117471.7818,117420.46,117365.37,117710.0,117320.19,1753803900000,7871
117.91383379000003,117423.0682,117428.3,117411.98,117620.0,117286.41,1753804800000,6562
153.72413413,117361.8942,117411.98,117278.5,117670.0,117250.0,1753805700000,8589
774.71465361,117182.8245,117300.4,117435.95,117560.0,116900.0,1753806600000,17180
115.82149838,117602.3561,117435.96,117714.44,117870.0,117385.39,1753807500000,6574
93.09935326,117792.618,117707.6,117884.0,117990.0,117600.02,1753808400000,5488
97.84592220000002,117855.1673,117884.0,117899.15,118110.0,117691.0,1753809300000,5331
118.68421807,117868.2691,117899.1,117661.74,118170.0,117655.5,1753810200000,5758
62.010196629999996,117753.5013,117658.07,117758.49,118000.0,117658.07,1753811100000,4517
77.55362174,117666.8739,117763.2,117584.99,117990.0,117488.27,1753812000000,4658
77.13850914000001,117583.0862,117584.98,117705.33,117830.0,117443.84,1753812900000,4190
69.53261596,117746.6633,117705.32,117677.42,117950.0,117638.85,1753813800000,3850
63.937691789999995,117670.4904,117677.42,117586.35,117940.0,117476.66,1753814700000,4181
88.72577487000001,117646.6255,117582.7,117756.08,117920.0,117520.78,1753815600000,5337
197.30592211,117740.1854,117756.08,117422.92,118200.0,117373.01,1753816500000,9059
143.5848677,117459.3629,117422.91,117519.43,117750.0,117384.9,1753817400000,7770
108.32438251999999,117541.0112,117528.01,117483.28,117830.0,117462.24,1753818300000,6831
156.74819563999998,117215.6276,117489.15,117201.59,117780.0,117060.47,1753819200000,6779
117.87471889999999,117606.1654,117201.6,117770.0,118010.0,117125.0,1753820100000,6555
102.99366009,117286.2503,117527.63,117187.43,117760.0,117049.43,1753821000000,5566
43.10191076,117221.5809,117183.18,117491.2,117620.0,117074.65,1753821900000,4370
60.380495700000004,117396.9964,117491.2,117392.08,117710.0,117268.8,1753822800000,4779
80.52685473,117267.0848,117392.09,117307.13,117610.0,117150.2,1753823700000,4417
28.358383649999997,117307.7092,117307.1,117238.37,117540.0,117226.95,1753824600000,3638
29.74799254,117501.8675,117238.37,117566.63,117850.0,117237.9,1753825500000,3785
61.06578921,117581.8073,117657.4,117443.87,117890.0,117416.2,1753826400000,4686
32.283823690000006,117580.7641,117440.97,117714.67,117910.0,117416.2,1753827300000,4040
25.39494572,117745.2618,117680.9,117732.47,117990.0,117680.32,1753828200000,3631
22.990785640000006,117784.4789,117732.47,117827.65,118040.0,117699.9,1753829100000,3312
31.255599460000003,117844.4661,117784.5,117816.21,118060.0,117780.01,1753830000000,3743
32.549858459999996,117875.4103,117816.2,117925.0,118080.0,117810.69,1753830900000,3813
21.20057186,117858.4764,117925.0,117750.01,118110.0,117750.0,1753831800000,3283
29.31299152,117869.4738,117750.01,117933.39,118120.0,117706.37,1753832700000,3721
27.83459174,117882.6496,117916.9,117947.06,118150.0,117777.78,1753833600000,3558
35.01523161,117882.295,117947.14,117696.25,118130.0,117686.58,1753834500000,4352
37.24959835000001,117629.1619,117730.2,117598.74,117960.0,117520.89,1753835400000,4136
31.307658580000002,117638.29,117598.75,117738.95,117930.0,117517.69,1753836300000,3496
35.325306080000004,117761.5698,117722.5,117742.9,118000.0,117668.58,1753837200000,3013
30.03588421,117574.2021,117742.9,117562.5,117970.0,117403.51,1753838100000,4155
23.911889910000006,117779.1757,117562.39,117859.7,118050.0,117522.13,1753839000000,3675
22.86991811,117924.1327,117859.71,117838.46,118160.0,117817.87,1753839900000,3481
30.81870427,117936.6259,117843.2,118085.48,118230.0,117776.46,1753840800000,3226
27.120136569999996,117994.6568,118085.4,117926.77,118280.0,117866.93,1753841700000,3663
36.66792647,117982.6451,117928.34,118046.25,118250.0,117837.03,1753842600000,3791
16.811423569999995,118053.7319,118046.24,118045.1,118260.0,117975.65,1753843500000,2921
32.349359469999996,117970.9074,118045.1,117997.05,118230.0,117892.45,1753844400000,3104
42.710693590000005,118075.7334,117997.04,118085.27,118240.0,117902.9,1753845300000,3003
26.381881079999996,118081.796,118085.27,118148.1,118310.0,117999.9,1753846200000,2922
13.99578792,118169.3833,118148.1,118166.0,118370.0,118032.92,1753847100000,2771
14.987312629999998,118199.7369,118166.0,118207.07,118400.0,118130.41,1753848000000,2729
15.54826879,118191.6752,118207.07,118162.05,118410.0,118146.01,1753848900000,2734
33.10382174,118031.4031,118162.07,118043.5,118360.0,117952.8,1753849800000,2846
16.204846240000002,117994.8056,117999.0,117996.78,118200.0,117948.44,1753850700000,2561
28.063855229999998,117876.9844,118016.4,117698.58,118200.0,117692.4,1753851600000,3082
36.61365984,117821.4524,117698.58,117962.52,118110.0,117659.95,1753852500000,2962
12.46569786,117932.4341,117962.51,117921.94,118130.0,117879.0,1753853400000,2529
15.285623399999999,117945.9365,117918.87,117978.95,118160.0,117847.21,1753854300000,2810
14.344558949999998,118041.8697,117992.0,118049.01,118240.0,117974.2,1753855200000,2461
30.101327460000004,118140.2505,118079.4,118190.27,118350.0,118044.0,1753856100000,2260
27.815432070000004,118191.3562,118177.7,118277.62,118430.0,118086.5,1753857000000,2414
13.886184530000001,118283.4668,118277.62,118266.17,118450.0,118199.53,1753857900000,1800
34.12338269000001,118334.5231,118246.0,118210.49,118590.0,118186.86,1753858800000,2711
17.39215232,118265.6493,118210.5,118348.74,118510.0,118186.88,1753859700000,2450
26.084843890000002,118267.533,118348.74,118246.1,118520.0,118159.1,1753860600000,2321
61.68207721999999,118215.0284,118246.11,118121.0,118380.0,118105.0,1753861500000,1860
20.971389879999997,118213.771,118121.0,118007.81,118390.0,118007.65,1753862400000,2235
14.41006275,118063.1742,118007.81,118157.95,118280.0,117950.0,1753863300000,2071
12.43355066,118241.659,118162.8,118352.92,118490.0,118073.52,1753864200000,2175
11.913811549999998,118428.0752,118352.93,118363.15,118630.0,118281.9,1753865100000,1914
10.73324239,118336.7512,118382.0,118262.17,118570.0,118231.63,1753866000000,2252
5.7470146,118219.5192,118262.17,118154.58,118450.0,118143.46,1753866900000,2143
13.46219083,118073.3564,118154.58,118027.92,118360.0,117981.75,1753867800000,2189
7.67710441,118104.829,118027.93,118159.68,118350.0,118027.93,1753868700000,1958
11.115285349999999,118333.3504,118166.7,118333.51,118500.0,118159.68,1753869600000,2009
13.99263107,118280.1766,118333.5,118326.31,118480.0,118190.97,1753870500000,2094
21.955594050000002,118375.808,118299.8,118390.4,118570.0,118277.68,1753871400000,2523
61.55056837000001,118132.0621,118390.3,118150.0,118560.0,117937.78,1753872300000,3001
23.70172497,118068.3846,118000.1,118094.58,118310.0,117977.58,1753873200000,2617
25.49940348,117898.997,118094.58,117819.7,118280.0,117785.0,1753874100000,3390
34.40172944,117852.4775,117818.46,117786.23,118120.0,117775.5,1753875000000,2912
72.36353728,117602.7368,117786.2,117571.99,118010.0,117323.08,1753875900000,4880
32.166073430000004,117546.5345,117572.0,117476.81,117780.0,117350.0,1753876800000,3856
56.69936479999999,117658.0397,117476.81,117739.75,118000.0,117361.31,1753877700000,4428
59.30006536,117742.1576,117739.67,117573.93,118040.0,117519.62,1753878600000,4339
63.79301925,117740.3857,117573.93,117729.13,118040.0,117563.66,1753879500000,4164
94.35834009000001,117678.8932,117801.1,117540.1,118030.0,117366.9,1753880400000,5543
81.51019372,117600.7386,117545.12,117508.07,117960.0,117427.76,1753881300000,5364
77.10433320000001,117682.5561,117508.07,117662.72,117960.0,117418.4,1753882200000,5374
71.55734551,117652.1469,117651.39,117670.76,117970.0,117459.78,1753883100000,5321
37.297750519999994,117784.2449,117677.7,117777.7,118040.0,117611.57,1753884000000,4223
79.68611687,117943.3917,117777.7,117755.17,118160.0,117716.3,1753884900000,4796
74.52496593999999,118017.6229,117762.39,118119.43,118330.0,117736.0,1753885800000,5328
328.20349566000004,118547.2147,118100.0,118730.8,118880.0,118060.23,1753886700000,10833
221.51004452999996,118613.456,118637.6,118371.26,118930.0,118310.05,1753887600000,8748
68.39938905000001,118321.7425,118371.25,118142.6,118600.0,118095.61,1753888500000,4609
53.367530320000014,118164.6677,118166.31,118111.34,118410.0,118065.77,1753889400000,3861
48.19637329999999,118004.96,118111.34,118010.09,118360.0,117836.57,1753890300000,4309
58.934811200000006,117823.805,117957.9,117820.22,118160.0,117621.67,1753891200000,4839
65.83175852,117933.7799,117818.38,117806.85,118150.0,117752.7,1753892100000,5313
77.53997983,117785.7306,117806.86,117764.4,118050.0,117703.03,1753893000000,5121
32.170047180000005,117791.1638,117784.31,117746.9,118020.0,117673.92,1753893900000,3999
33.804641600000004,117808.6867,117746.9,117761.64,118070.0,117695.05,1753894800000,4256
35.318565420000006,117849.2006,117761.63,117832.4,118080.0,117710.05,1753895700000,4535
43.635015349999996,117829.7536,117832.5,117826.04,118030.0,117731.7,1753896600000,5408
43.37361758,117777.4667,117826.04,117803.34,118010.0,117655.0,1753897500000,5335
135.99068751999997,117623.5422,117784.3,117660.46,118180.0,117393.4,1753898400000,7883
48.06639457,117737.1824,117660.46,117746.43,118010.0,117513.0,1753899300000,5555
156.39571149,117498.1507,117744.1,117433.09,117970.0,117250.01,1753900200000,8333
401.86555610000005,116850.6933,117438.87,116500.68,117680.0,116474.16,1753901100000,17961
973.1472794399999,116061.478,116500.67,116241.69,116750.0,115728.49,1753902000000,30101
240.27759848999995,116283.3901,116254.31,116435.4,116610.0,116133.15,1753902900000,11032
175.97679041,116414.2165,116428.76,116727.08,116910.0,116213.25,1753903800000,9316
206.68923964999996,116947.5073,116721.74,116900.01,117310.0,116617.56,1753904700000,9203
96.31843726999998,117169.8078,116900.0,117295.22,117500.0,116858.0,1753905600000,6314
65.12209819,117209.0615,117284.58,117093.48,117520.0,117071.42,1753906500000,5051
48.64394041999999,117107.3545,117125.0,117004.17,117410.0,116956.2,1753907400000,4596
42.45367633,117057.9636,117004.17,117151.21,117380.0,116901.4,1753908300000,4029
32.26922677,117148.8851,117152.08,117075.65,117450.0,117062.38,1753909200000,3688
51.30225421,117103.0803,117075.75,116980.34,117400.0,116980.03,1753910100000,3915
38.21714591,117042.047,116980.34,117054.49,117330.0,116931.2,1753911000000,4006
30.80326445,117270.0678,117054.49,117337.52,117530.0,117033.8,1753911900000,3746
44.591277399999996,117351.9483,117289.4,117341.41,117630.0,117238.8,1753912800000,4357
27.78798952,117343.1925,117341.41,117313.54,117630.0,117257.17,1753913700000,3683
21.34111843,117382.2886,117307.3,117458.56,117610.0,117277.21,1753914600000,3470
30.007341529999994,117464.7225,117417.6,117489.01,117650.0,117390.0,1753915500000,3523
37.156772010000005,117542.7199,117470.7,117557.02,117760.0,117457.24,1753916400000,3824
20.28619329,117567.0756,117557.03,117592.88,117760.0,117512.98,1753917300000,3275
72.21502179,117693.9811,117592.88,117752.77,117880.0,117562.3,1753918200000,3698
42.79244085000001,117847.9238,117754.32,117830.15,118080.0,117735.5,1753919100000,3600
60.241021190000005,117943.0853,117820.7,117901.23,118100.0,117776.77,1753920000000,3489
47.51810571,117961.4398,117858.0,118076.71,118210.0,117857.9,1753920900000,3727
85.26755261,118139.6363,117999.9,118333.98,118490.0,117999.9,1753921800000,4267
83.81762951999998,118425.2822,118333.98,118405.03,118680.0,118255.1,1753922700000,5130
39.510141250000004,118373.154,118361.5,118444.29,118620.0,118292.64,1753923600000,3576
25.447528109999993,118281.3307,118362.3,118249.9,118600.0,118146.07,1753924500000,3481
18.935970990000005,118249.0824,118308.3,118250.68,118490.0,118197.8,1753925400000,2976
32.14717188,118095.1962,118250.67,118053.64,118380.0,117976.0,1753926300000,3596
68.17665991000001,118136.8813,118053.63,118230.01,118430.0,117965.03,1753927200000,3744
26.82462066,118210.7597,118237.7,118197.32,118440.0,118155.11,1753928100000,2818
22.43592311,118271.8134,118197.33,118434.27,118570.0,118180.6,1753929000000,3245
33.1712931,118427.2405,118438.57,118431.03,118630.0,118329.18,1753929900000,3151
27.9002994,118435.1553,118423.3,118404.95,118630.0,118369.42,1753930800000,3018
23.73454102,118427.7747,118404.95,118452.56,118620.0,118369.99,1753931700000,2862
35.06774969,118423.6465,118452.57,118480.02,118640.0,118372.74,1753932600000,3107
80.00183911,118510.9065,118480.02,118476.4,118740.0,118418.7,1753933500000,4468
22.28365327,118456.1767,118476.4,118458.4,118650.0,118432.6,1753934400000,3465
18.079379760000002,118412.0555,118458.4,118368.61,118640.0,118351.0,1753935300000,2257
26.45583884,118476.919,118377.63,118458.52,118710.0,118368.51,1753936200000,2903
33.98383024,118521.3734,118444.3,118499.29,118700.0,118444.3,1753937100000,3062
52.05338783999999,118491.6728,118498.1,118392.9,118710.0,118351.65,1753938000000,2561
17.62656545,118380.2991,118390.0,118393.1,118610.0,118332.83,1753938900000,2643
15.662761,118380.3526,118393.09,118339.8,118600.0,118339.8,1753939800000,2114
39.354414459999994,118360.1861,118350.84,118351.39,118550.0,118318.73,1753940700000,2048
35.5249989,118355.8615,118351.39,118282.69,118550.0,118271.56,1753941600000,2262
28.27883505,118358.7297,118282.69,118416.9,118560.0,118275.0,1753942500000,2018
34.48494897,118482.4389,118393.0,118561.29,118720.0,118382.32,1753943400000,2441
61.87720817000001,118623.0442,118561.29,118687.98,118870.0,118499.5,1753944300000,2592
52.213222859999995,118696.5257,118689.0,118725.99,118890.0,118592.2,1753945200000,2425
75.32307671,118836.6549,118725.99,118831.39,119100.0,118689.4,1753946100000,3332
23.86180386,118750.1312,118831.4,118647.39,119000.0,118609.51,1753947000000,2415
19.126138309999998,118656.988,118647.02,118677.41,118860.0,118632.7,1753947900000,1724
19.10941467,118670.2651,118677.4,118626.2,118870.0,118610.45,1753948800000,2219
15.684144690000002,118633.514,118622.9,118628.76,118820.0,118583.51,1753949700000,2249
13.24508126,118661.9041,118628.76,118762.03,118890.0,118582.6,1753950600000,2106
22.01480346,118707.7178,118762.04,118583.5,118910.0,118560.29,1753951500000,2088
11.011242570000002,118547.1587,118574.9,118503.62,118760.0,118486.22,1753952400000,1625
10.346774730000002,118487.5587,118487.5,118524.86,118670.0,118451.39,1753953300000,1940
17.96159996,118539.7843,118524.86,118534.89,118700.0,118482.91,1753954200000,2197
13.211527369999999,118570.5097,118534.9,118552.2,118770.0,118499.9,1753955100000,2071
50.8783384,118615.8598,118552.3,118551.84,118860.0,118524.31,1753956000000,2450
26.243331150000003,118471.572,118551.84,118456.18,118730.0,118410.8,1753956900000,2345
14.20125658,118471.2549,118450.1,118538.5,118660.0,118411.49,1753957800000,2545
16.60805732,118527.9379,118537.16,118495.85,118750.0,118470.0,1753958700000,2357
13.102953170000001,118494.661,118470.1,118529.54,118680.0,118439.8,1753959600000,2451
26.252863439999995,118481.5468,118529.55,118413.03,118670.0,118397.77,1753960500000,2387
17.4119072,118411.0447,118413.03,118352.45,118630.0,118310.08,1753961400000,2825
17.295267230000004,118343.1185,118352.44,118345.67,118540.0,118271.4,1753962300000,2872
43.9596735,118368.689,118350.5,118400.01,118600.0,118320.56,1753963200000,2851
29.0401642,118390.1949,118400.01,118640.0,118640.0,118292.23,1753964100000,3249
16.4934243,118378.9208,118502.39,118383.73,118600.0,118253.2,1753965000000,3076
41.58167231,118542.3679,118384.29,118604.02,118780.0,118335.04,1753965900000,3464
22.621490910000002,118403.4906,118601.6,118254.9,118780.0,118254.9,1753966800000,3299
73.84812751999999,118195.5034,118253.24,118119.98,118500.0,118077.77,1753967700000,4525
238.51351871,118117.872,118119.99,118318.87,118670.0,117777.4,1753968600000,9010
94.96827521,118521.7693,118318.87,118562.63,118800.0,118233.43,1753969500000,6450
125.64012625,118455.6534,118562.63,118319.17,118720.0,118237.31,1753970400000,6031
79.24524296,118129.07,118303.9,117955.68,118480.0,117894.85,1753971300000,5872
89.56035472999999,118017.459,117955.68,118032.61,118320.0,117872.13,1753972200000,5552
47.1540193,117979.355,118038.0,117903.93,118270.0,117869.02,1753973100000,4894
75.95077925999999,118092.2077,117933.3,118021.61,118280.0,117873.75,1753974000000,5385
55.34899817,118019.6337,118021.39,118022.2,118280.0,117889.74,1753974900000,4411
58.46361967000001,118231.3397,118022.2,118269.5,118420.0,118022.19,1753975800000,4018
44.693618640000004,118281.6503,118276.06,118277.5,118440.0,118100.01,1753976700000,3865
94.59850969999998,118346.7831,118277.5,118329.33,118500.0,118210.5,1753977600000,4857
82.59217159,118424.1064,118329.33,118534.01,118610.0,118329.32,1753978500000,4117
153.21866421000001,118750.1797,118517.9,118604.07,118960.0,118517.9,1753979400000,7006
45.257756130000004,118501.1949,118604.07,118523.25,118760.0,118382.58,1753980300000,4107
41.247295320000006,118335.9587,118487.2,118266.77,118660.0,118175.62,1753981200000,4119
114.63459044000001,117995.8772,118260.68,117850.48,118430.0,117728.15,1753982100000,5810
60.573897849999994,117986.5186,117850.49,118060.8,118170.0,117752.57,1753983000000,4132
93.42981362,117903.7513,118060.7,117726.08,118280.0,117683.97,1753983900000,4978
134.01519428,117596.0768,117760.1,117530.01,117890.0,117384.5,1753984800000,6337
60.075220230000006,117647.4041,117530.01,117921.22,118000.0,117380.8,1753985700000,4050
63.02312817999999,117909.9851,117916.02,117818.68,118040.0,117764.11,1753986600000,3670
21.72357445,117778.8589,117818.69,117640.87,118010.0,117581.1,1753987500000,3370
162.97097511,117448.9913,117642.0,117278.3,117810.0,117161.72,1753988400000,5605
95.39207178,117201.5387,117292.18,117137.32,117440.0,117085.45,1753989300000,4847
166.72207186999995,116992.7671,117138.33,116922.55,117320.0,116817.13,1753990200000,7267
103.7718898,116842.8975,116929.88,116757.77,117130.0,116722.22,1753991100000,6774
262.45198923,116699.219,116759.71,116572.59,117070.0,116527.0,1753992000000,10590
206.77264540000004,116552.4955,116598.63,116730.64,116950.0,116427.0,1753992900000,9099
66.10652705999999,116620.8796,116726.0,116536.29,117050.0,116421.84,1753993800000,5474
62.15742775,116520.3492,116539.14,116482.72,116800.0,116421.0,1753994700000,4878
79.59892892999999,116553.5434,116486.96,116517.05,116870.0,116450.65,1753995600000,4932
52.124871230000004,116645.7325,116517.05,116765.6,116920.0,116483.93,1753996500000,3901
37.57144539999999,116789.2093,116765.6,116726.34,117080.0,116622.02,1753997400000,3696
168.44353735000004,116458.2013,116718.16,116517.59,116960.0,116216.06,1753998300000,7083
135.3419509,116255.936,116517.11,116294.56,116670.0,116067.77,1753999200000,6664
90.11267946999999,116214.4545,116224.9,116274.07,116540.0,116087.49,1754000100000,5198
56.58559877,116172.3478,116201.5,116201.41,116460.0,116067.31,1754001000000,4628
71.50435189000001,116211.859,116201.41,116005.24,116420.0,116000.0,1754001900000,5037
291.43584008,116173.7958,116005.24,116324.9,116538.89,115934.05,1754002800000,7011
55.504068849999996,116194.1509,116354.66,116022.4,116520.0,116018.5,1754003700000,4055
274.9316103499999,115828.4958,116022.4,115753.87,116230.0,115500.0,1754004600000,10604
87.11737819,115714.6178,115753.81,115761.13,116020.0,115550.01,1754005500000,6264
134.57119018,115562.1063,115762.4,115285.0,116000.0,115264.86,1754006400000,8016
166.90100612,115766.2065,115291.29,115781.73,116110.0,115291.29,1754007300000,7748
104.24853249,115564.5121,115778.64,115513.72,115990.0,115400.0,1754008200000,7039
842.4669043800003,114863.2071,115504.98,115405.7,115690.0,114136.2,1754009100000,24503
209.52403183999996,115191.0937,115405.8,114639.36,115800.0,114591.91,1754010000000,14943
191.46980189999996,115007.2598,114633.6,115171.9,115460.0,114624.4,1754010900000,12781
131.02271467999998,115287.1826,115179.41,115285.49,115600.0,114983.1,1754011800000,7572
58.5817399,115279.9142,115277.8,115317.57,115580.0,115050.34,1754012700000,5615
80.90729477000001,115394.9913,115317.56,115580.0,115770.0,115213.01,1754013600000,4856
90.56398780000002,115683.0096,115576.9,115614.31,116010.0,115500.02,1754014500000,5154
79.59113817,115851.4747,115614.8,115897.01,116220.0,115560.06,1754015400000,5048
49.58396698999999,115976.147,115890.3,115969.67,116220.0,115841.5,1754016300000,3341
51.810386969999996,115889.8061,115942.4,115827.53,116190.0,115778.9,1754017200000,3217
51.29433815,115959.9619,115827.53,116019.82,116270.0,115801.5,1754018100000,3402
37.57627171,115965.8874,115998.5,115838.69,116240.0,115812.58,1754019000000,3263
43.61574503,115737.4725,115838.68,115638.66,116100.0,115596.6,1754019900000,3579
36.769014850000005,115499.796,115630.1,115408.08,115840.0,115251.25,1754020800000,3789
30.514363220000003,115471.5588,115408.81,115512.93,115760.0,115370.2,1754021700000,3307
38.77450584000001,115578.9615,115512.93,115577.35,115810.0,115452.95,1754022600000,3047
56.67710947,115630.4497,115572.1,115697.01,115910.0,115471.94,1754023500000,3052
46.119703599999994,115841.5847,115639.8,115850.8,116120.0,115639.7,1754024400000,3014
41.51070944,115665.9321,115850.82,115581.92,116030.0,115473.95,1754025300000,3362
32.6886274,115603.2225,115581.93,115500.0,115960.0,115417.1,1754026200000,3442
24.68790566,115564.4003,115586.0,115584.0,115850.0,115374.27,1754027100000,2724
30.857471679999996,115514.9639,115584.1,115423.38,115880.0,115393.39,1754028000000,2927
47.77918362,115396.1219,115423.38,115249.78,115700.0,115232.4,1754028900000,3026
66.99256033999998,115196.3797,115300.1,115067.03,115530.0,115034.84,1754029800000,3821
37.10647152,115177.7695,115066.03,115143.81,115390.0,115039.94,1754030700000,2813
60.510518790000006,115074.9111,115128.0,114971.32,115480.0,114861.35,1754031600000,4420
53.934746399999995,114942.1853,114971.82,114828.85,115290.0,114805.02,1754032500000,3849
108.73733704000001,114722.142,114829.69,114940.0,115060.0,114605.0,1754033400000,4949
41.92683802,114833.5151,114747.95,115034.22,115260.0,114690.6,1754034300000,3909
119.97062473,114671.5167,115032.4,114642.96,115190.0,114374.14,1754035200000,6482
79.46056872999999,114522.4369,114880.0,114394.38,114890.0,114307.51,1754036100000,5498
132.98354637999998,114314.9599,114328.9,114556.69,114740.0,114058.29,1754037000000,7200
110.65031533,114691.3234,114556.68,114566.42,114900.0,114526.09,1754037900000,5216
118.81548914999998,114937.0008,114625.1,114964.73,115270.0,114515.81,1754038800000,5974
59.73431987000001,115158.8707,114969.75,115286.12,115430.0,114923.68,1754039700000,4156
34.54162073,115201.7724,115237.2,115176.21,115480.0,115095.87,1754040600000,3712
36.82717932999999,115068.5581,115176.2,115000.1,115310.0,114907.4,1754041500000,3753
50.882971059999996,115015.8373,115000.1,115141.26,115290.0,114828.44,1754042400000,3931
28.15924642,115082.901,115132.99,114972.96,115350.0,114972.53,1754043300000,3471
90.4461132,114907.4315,114972.95,114908.48,115180.0,114752.65,1754044200000,4649
86.82096978000001,114808.9193,114908.49,114715.17,115150.0,114667.61,1754045100000,5205
128.91951121,114717.4654,114718.6,114944.62,115130.0,114545.95,1754046000000,5796
101.11411774999999,114888.8604,114944.62,115039.56,115220.0,114750.01,1754046900000,6372
50.70844147000001,115104.1323,115039.55,115131.06,115370.0,115016.97,1754047800000,4435
40.890752199999994,115239.3982,115131.05,115257.2,115510.0,115104.45,1754048700000,4575
63.78211549,115412.4188,115257.2,115464.82,115690.0,115220.0,1754049600000,5194
37.23643989,115326.4462,115464.82,115410.36,115660.0,115171.3,1754050500000,4815
185.9718096,115612.7728,115410.35,115843.16,116020.0,115111.0,1754051400000,9281
89.54360301999999,115780.0154,115838.26,115705.38,116070.0,115611.68,1754052300000,6723
83.03714738,115861.4625,115700.2,115750.0,116160.0,115658.88,1754053200000,5978
151.38326437,115680.7056,115750.01,115650.1,116070.0,115500.01,1754054100000,7759
439.30594034,115395.4787,115650.1,114939.24,115850.0,114920.0,1754055000000,12060
449.64088817000004,114414.2311,114956.7,114304.5,115180.0,114117.24,1754055900000,15535
500.58389397,114421.2386,114297.48,115008.18,115340.0,113916.85,1754056800000,18402
222.97464512,115388.3657,115037.7,115723.28,115860.0,114875.66,1754057700000,11147
301.0558467,115656.8706,115719.4,115381.28,115940.0,115316.37,1754058600000,10857
145.7579449,115582.1447,115381.28,115591.0,115840.0,115332.8,1754059500000,8148
113.9324878,115284.0772,115575.6,115094.79,115720.0,115008.1,1754060400000,8862
158.83416605,114829.6276,115094.78,114761.7,115300.0,114635.45,1754061300000,9627
113.62831252,114924.3516,114752.64,115191.23,115350.0,114645.0,1754062200000,7963
85.81781841,115299.1545,115350.0,115350.1,115630.0,115111.12,1754063100000,7613
68.71482117000001,115512.1438,115317.5,115603.46,115830.0,115266.39,1754064000000,7006
65.70054075,115575.5741,115555.1,115555.3,115830.0,115443.0,1754064900000,7120
105.17855515,115198.2561,115588.3,115388.7,115700.0,114947.9,1754065800000,7139
118.80047429999999,115154.0093,115373.94,114960.39,115620.0,114777.88,1754066700000,8173
158.46049469,114680.3639,114899.9,114541.95,115120.0,114458.3,1754067600000,9958
181.02703047000003,114552.1994,114569.4,114609.96,114950.0,114420.0,1754068500000,8767
119.82798657,114689.0341,114609.92,114394.85,115190.0,114373.74,1754069400000,8850
94.03164445,114417.8959,114393.93,114374.85,114710.0,114277.4,1754070300000,8017
248.56596982,114211.474,114358.4,114071.9,114610.0,114000.01,1754071200000,10624
371.82423546999996,113901.5057,114076.1,114097.49,114460.0,113600.0,1754072100000,16688
105.10546593,114181.1774,114097.48,114135.89,114410.0,114001.11,1754073000000,8355
196.87933457,113891.1114,114133.09,113780.32,114300.0,113677.0,1754073900000,9643
269.68895433,113735.9735,113779.5,113620.68,113990.0,113524.13,1754074800000,11087
441.10094316,113371.5918,113620.68,113330.04,113800.0,113192.1,1754075700000,15318
272.99216105,113477.5984,113330.03,113174.46,113970.0,113153.93,1754076600000,12385
224.53088047000006,113327.12,113178.55,113247.92,113660.0,113142.0,1754077500000,11869
167.06500788999998,113332.2009,113236.47,113233.34,113720.0,113080.63,1754078400000,10237
96.52870223,113337.8606,113243.7,113422.88,113690.0,113108.91,1754079300000,7880
57.74356661000001,113538.1879,113417.65,113605.01,113800.0,113352.01,1754080200000,6095
63.01380814,113726.5906,113608.76,113898.61,114060.0,113532.75,1754081100000,6410
61.819353819999996,113894.4093,113930.2,113804.17,114150.0,113770.89,1754082000000,6289
80.26600695999998,113806.5084,113804.17,113944.55,114100.0,113639.9,1754082900000,5880
47.84539897,114002.6277,113944.54,114004.1,114180.0,113878.26,1754083800000,5262
44.94262107,113973.4331,113899.36,113829.61,114170.0,113814.11,1754084700000,4607
113.74737330999999,113620.073,113829.61,113575.27,114110.0,113433.94,1754085600000,7511
91.66550733000001,113501.619,113575.26,113384.02,113930.0,113120.01,1754086500000,8535
239.92020205,113054.1183,113386.6,112999.0,113570.0,112806.78,1754087400000,13964
195.17932882,112907.0454,113003.3,113075.81,113330.0,112659.0,1754088300000,11180
90.83447876,113136.6797,113086.3,113251.06,113430.0,112843.49,1754089200000,7839
49.52502533000001,113368.2475,113247.57,113496.39,113670.0,113182.99,1754090100000,5906
52.57864612999999,113315.3625,113496.42,113284.23,113650.0,113172.74,1754091000000,5679
42.806315300000016,113279.253,113284.23,113248.73,113500.0,113152.78,1754091900000,5171
70.05119272,113261.9442,113290.1,113289.44,113490.0,113150.0,1754092800000,6028
46.50711597000001,113471.8222,113294.62,113508.77,113740.0,113276.91,1754093700000,5563
45.985706709999995,113536.9944,113508.67,113585.4,113830.0,113378.9,1754094600000,5156
68.60368267000001,113737.3407,113594.32,113785.2,113970.0,113569.8,1754095500000,5588
40.0710054,113787.9311,113742.7,113712.5,114040.0,113629.78,1754096400000,5172
49.53124393999999,113668.5855,113732.17,113543.12,114000.0,113471.26,1754097300000,5120
39.08064503,113538.165,113547.8,113510.86,113800.0,113378.89,1754098200000,4839
43.99739457,113551.2666,113508.47,113615.78,113820.0,113459.36,1754099100000,4540
23.87146332,113673.0541,113589.9,113692.48,113920.0,113559.45,1754100000000,4255
30.354901509999998,113622.5992,113702.12,113589.67,113910.0,113486.98,1754100900000,4687
18.95397978,113651.2982,113589.67,113633.17,113880.0,113562.4,1754101800000,4423
25.860382559999998,113689.2965,113633.16,113670.82,113900.0,113561.79,1754102700000,4783
34.41904243999999,113795.2456,113633.8,113833.94,114060.0,113633.7,1754103600000,4962
35.476773570000006,113819.1159,113833.94,113767.4,114060.0,113723.69,1754104500000,5187
24.118198390000003,113827.046,113774.37,113805.36,114050.0,113720.99,1754105400000,4139
25.186248399999997,113843.614,113805.36,113871.57,114110.0,113765.43,1754106300000,4116
20.14059983,113883.7607,113849.9,113813.77,114150.0,113788.35,1754107200000,3909
31.178303860000003,113895.8978,113810.5,113943.94,114200.0,113774.13,1754108100000,4025
37.00474776,114009.582,113943.94,113978.63,114250.0,113943.93,1754109000000,3004
44.0705802,113999.006,113978.63,113992.69,114250.0,113949.9,1754109900000,3290
28.677572629999997,113983.7687,113986.7,113854.1,114260.0,113850.11,1754110800000,3331
19.998399420000002,113944.2372,113854.09,114007.92,114240.0,113812.6,1754111700000,2789
14.547171280000002,114032.1758,114007.92,113930.01,114250.0,113918.86,1754112600000,2938
26.347280280000003,113960.9412,113930.01,113943.42,114210.0,113876.01,1754113500000,2911
27.526492169999997,113895.3625,113950.2,113786.27,114210.0,113784.4,1754114400000,3687
44.640793470000006,113630.2301,113786.28,113525.55,114070.0,113520.01,1754115300000,3861
41.01290755,113538.3222,113576.1,113523.63,113830.0,113424.52,1754116200000,3590
24.611766350000003,113645.4745,113523.64,113665.33,113930.0,113475.1,1754117100000,2747
31.3240533,113679.2844,113699.2,113645.95,113950.0,113516.3,1754118000000,2296
26.224582290000004,113782.7201,113645.94,113884.15,114140.0,113600.7,1754118900000,2049
17.687018039999998,113919.6524,113884.14,113874.73,114160.0,113810.01,1754119800000,1996
20.05686222,113991.081,113874.72,113942.01,114220.0,113854.5,1754120700000,1834
15.894755329999999,113988.0095,113960.4,113931.34,114200.0,113906.14,1754121600000,1672
23.976545919999996,113947.8897,113931.35,113838.22,114250.0,113836.97,1754122500000,2098
59.27375652,113771.4645,113838.23,113687.51,114110.0,113650.21,1754123400000,2469
17.295690699999998,113739.0631,113749.8,113651.51,114000.0,113646.15,1754124300000,2184
25.66035466,113764.3106,113719.5,113761.45,114030.0,113651.73,1754125200000,1618
24.750158889999994,113777.2275,113761.45,113685.93,114060.0,113685.92,1754126100000,2066
27.280176819999998,113626.8401,113685.93,113544.33,113960.0,113534.6,1754127000000,2307
20.377750210000002,113638.5729,113544.33,113650.0,113900.0,113544.32,1754127900000,1793
19.11063751,113659.3991,113622.6,113582.01,113920.0,113566.48,1754128800000,2370
23.41012061,113597.1493,113582.01,113615.1,113890.0,113475.68,1754129700000,2272
46.19064716,113525.3161,113560.1,113419.8,113850.0,113397.32,1754130600000,2861
23.762954789999995,113532.0417,113419.8,113525.76,113850.0,113412.28,1754131500000,2170
38.962179400000004,113550.5234,113545.7,113465.65,113860.0,113411.84,1754132400000,2598
93.8726631,113849.4649,113465.65,113825.01,114100.0,113423.4,1754133300000,2735
24.808266199999995,113870.749,113825.01,113773.1,114150.0,113773.1,1754134200000,2479
20.40113417,113797.0353,113773.11,113721.9,114090.0,113705.21,1754135100000,2716
18.9920784,113754.8862,113721.9,113689.92,114050.0,113662.16,1754136000000,2653
16.10832725,113728.4478,113689.91,113688.43,114010.0,113654.99,1754136900000,2338
29.407356120000003,113752.0458,113688.37,113550.01,114030.0,113537.9,1754137800000,3157
24.94301964,113619.5342,113550.01,113605.3,113940.0,113541.7,1754138700000,2359
42.031012780000005,113537.9368,113605.4,113426.15,113910.0,113425.08,1754139600000,3375
34.183265690000006,113437.2854,113426.15,113261.13,113740.0,113248.2,1754140500000,4182
54.487438749999995,113350.6482,113261.13,113317.57,113690.0,113200.01,1754141400000,4186
23.06837242,113461.3459,113324.85,113426.91,113780.0,113312.13,1754142300000,2919
24.387857310000005,113456.2226,113502.0,113320.06,113790.0,113309.57,1754143200000,3035
43.62352543999999,113251.2989,113330.1,113234.99,113640.0,113104.42,1754144100000,4192
82.87379351000001,113109.3409,113234.99,112977.15,113520.0,112947.96,1754145000000,5151
53.49193668,113031.2686,113024.6,113069.83,113400.0,112909.21,1754145900000,4683
54.28013185999999,113206.5219,113070.2,113242.04,113510.0,113066.1,1754146800000,3733
29.196653749999996,113307.9546,113242.03,113214.61,113650.0,113208.7,1754147700000,3624
67.46076556999999,113039.599,113214.61,113000.0,113540.0,112942.86,1754148600000,5190
75.92346356,112919.4671,112990.12,112805.74,113300.0,112780.0,1754149500000,5422
59.57867065999999,112825.5989,112810.4,112744.87,113210.0,112679.99,1754150400000,6136
140.81648832000002,112816.0954,112751.25,112897.86,113240.0,112350.0,1754151300000,5434
51.59188065,112963.3674,112912.7,113083.62,113360.0,112834.81,1754152200000,4642
40.054558449999995,113097.1877,113083.62,113112.6,113480.0,112943.7,1754153100000,4352
32.002919420000005,113302.158,113112.6,113289.9,113630.0,113112.6,1754154000000,4481
34.784091800000006,113326.5277,113331.18,113272.1,113670.0,113225.39,1754154900000,4079
25.854771539999998,113260.1446,113336.05,113103.57,113620.0,113075.99,1754155800000,3750
81.41301630999999,112759.136,113087.6,112970.0,113370.0,112542.14,1754156700000,7080
84.00724475999999,112651.9848,112702.98,112460.53,113150.0,112459.34,1754157600000,7312
124.57064472999998,112483.8549,112453.5,112346.0,112920.0,112300.93,1754158500000,7965
94.67708196000001,112404.5242,112348.79,112473.08,112780.0,112251.0,1754159400000,6773
144.89032093000003,112235.0267,112463.16,112307.19,112770.0,112042.5,1754160300000,8879
130.27078945000002,112151.0444,112322.6,112037.31,112640.0,112000.0,1754161200000,8567
84.53092161000001,112405.9239,112034.03,112685.17,112930.0,112002.85,1754162100000,6273
68.49174400000001,112777.4444,112685.36,112728.33,113120.0,112585.89,1754163000000,5546
60.771468170000006,112410.4906,112728.34,112203.87,112950.0,112187.58,1754163900000,5347
71.50066706000001,112191.5064,112197.1,112330.74,112600.0,112050.0,1754164800000,5327
48.62162322999999,112318.3696,112330.74,112400.0,112690.0,112063.2,1754165700000,5621
29.765973709999997,112374.7454,112580.0,112400.97,112650.0,112271.77,1754166600000,4027
43.892021570000004,112511.6656,112399.1,112769.24,113010.0,112341.1,1754167500000,4381
68.78941271,112700.7172,112737.1,112582.82,113130.0,112556.49,1754168400000,4993
52.90554485,112615.2437,112582.83,112566.41,112890.0,112523.55,1754169300000,4073
27.58312369,112794.2292,112566.41,112840.37,113110.0,112566.41,1754170200000,3749
39.84782683,112953.3396,112840.39,112838.78,113300.0,112795.6,1754171100000,4093
33.9477835,112946.0795,112849.0,112803.6,113240.0,112803.58,1754172000000,4034
51.30289584,112708.5412,112803.6,112571.19,113120.0,112523.0,1754172900000,4204
35.876320699999994,112729.3532,112564.3,112764.1,113110.0,112564.2,1754173800000,3345
33.72765877,112897.0344,112768.18,112830.55,113190.0,112753.84,1754174700000,3124
30.588335640000004,112730.9404,112889.9,112589.42,113120.0,112527.11,1754175600000,4228
55.31565045000001,112469.5414,112589.42,112288.03,112950.0,112288.0,1754176500000,5022
53.80330466000001,112506.9079,112332.2,112680.33,113010.0,112253.13,1754177400000,4271
23.58144456,112657.894,112696.26,112525.2,113020.0,112485.76,1754178300000,3283
39.50878058000001,112606.2336,112525.2,112626.05,113000.0,112468.08,1754179200000,3799
49.87859223000001,112539.1792,112626.04,112352.44,113050.0,112271.79,1754180100000,4421
127.35448031,112212.3907,112348.94,112605.59,112930.0,111897.1,1754181000000,8369
53.855187259999994,112823.1931,112611.16,112908.54,113210.0,112568.94,1754181900000,4269
47.632791999999995,113010.3597,112912.5,112979.96,113370.0,112806.75,1754182800000,4324
27.656053879999998,113076.2432,113036.7,113172.74,113470.0,112894.25,1754183700000,3330
34.060488819999996,113188.956,113172.74,113169.8,113480.0,113092.5,1754184600000,3031
42.80179827,113057.2417,113150.0,113074.62,113430.0,112948.87,1754185500000,3219
42.130476519999995,113272.1874,113106.0,113362.9,113640.0,113061.34,1754186400000,3270
40.06811060999999,113353.7643,113362.89,113324.52,113630.0,113254.9,1754187300000,2831
27.513283179999995,113407.6127,113590.0,113406.0,113660.0,113306.0,1754188200000,2623
34.795583380000004,113438.1466,113406.01,113490.44,113750.0,113325.12,1754189100000,2894
36.66847895,113503.8797,113483.8,113451.1,113760.0,113417.91,1754190000000,2487
76.78571770000002,113505.5747,113451.1,113492.88,113820.0,113407.21,1754190900000,2450
30.770470550000002,113630.1423,113487.4,113681.77,113970.0,113487.4,1754191800000,2588
22.758813990000004,113724.9197,113681.76,113653.4,113990.0,113580.62,1754192700000,2505
31.11207981,113503.0409,113580.3,113720.0,113870.0,113407.21,1754193600000,2595
17.259072529999997,113519.1327,113407.21,113514.13,113780.0,113405.03,1754194500000,2071
21.509567289999993,113429.9122,113514.12,113369.66,113760.0,113330.0,1754195400000,2180
13.965688189999998,113450.2247,113369.66,113374.4,113720.0,113319.19,1754196300000,1955
22.40349984,113560.6977,113374.4,113482.23,113770.0,113374.4,1754197200000,2088
13.173534740000001,113590.2691,113482.21,113579.46,113850.0,113450.5,1754198100000,1707
13.455313550000001,113652.9812,113579.46,113530.69,113910.0,113509.89,1754199000000,1951
16.75723052,113602.9761,113530.69,113604.88,113900.0,113468.24,1754199900000,1813
15.761444009999998,113658.0743,113570.0,113508.74,113890.0,113504.95,1754200800000,1721
10.9737641,113655.8615,113508.75,113529.99,113860.0,113490.73,1754201700000,1606
10.690320609999999,113592.0932,113570.1,113469.18,113850.0,113450.0,1754202600000,1695
9.26846732,113614.9939,113469.18,113551.32,113800.0,113469.18,1754203500000,1413
34.49178465000001,113673.359,113502.6,113662.68,113930.0,113502.5,1754204400000,1752
14.11878153,113692.1691,113662.67,113702.38,113960.0,113604.69,1754205300000,1379
13.19168063,113721.47,113702.13,113699.11,113980.0,113629.18,1754206200000,1329
14.223226830000002,113746.4231,113699.11,113701.61,113960.0,113637.5,1754207100000,1320
14.46572,113801.8911,113637.6,113782.27,114030.0,113637.5,1754208000000,1368
19.579524290000002,113772.485,113780.66,113670.71,114040.0,113656.63,1754208900000,1670
18.547713399999996,113673.4172,113725.1,113591.86,113940.0,113559.61,1754209800000,1698
29.67912578,113691.4103,113637.5,113682.22,113920.0,113533.5,1754210700000,1746
12.00563604,113721.1656,113600.7,113662.57,113920.0,113600.7,1754211600000,1397
17.89027469,113683.8841,113662.28,113653.75,113920.0,113604.4,1754212500000,1450
10.33577829,113710.4927,113648.5,113655.29,113910.0,113613.55,1754213400000,1249
7.11970222,113770.4582,113655.29,113645.1,113940.0,113632.23,1754214300000,1275
17.5098426,113782.263,113645.1,113726.1,114030.0,113639.67,1754215200000,1486
18.99021737,113870.8577,113750.0,113757.63,114050.0,113724.6,1754216100000,1540
19.900410309999998,113887.7171,113750.4,113796.37,114110.0,113710.33,1754217000000,1632
19.86127619,113956.7591,113770.0,113891.04,114180.0,113769.9,1754217900000,1789
104.2614772,114112.488,113891.3,114253.1,114480.0,113888.8,1754218800000,3791
55.590584140000004,114166.0838,114470.0,114003.85,114490.0,113994.29,1754219700000,3340
55.50153685,113969.2242,114008.21,113940.76,114270.0,113890.8,1754220600000,2627
30.66071582,114030.3987,113940.75,113857.28,114300.0,113852.75,1754221500000,2290
27.44591848,113865.0512,113866.7,113732.04,114120.0,113678.2,1754222400000,2508
25.278891500000004,113817.2014,113733.92,114020.0,114080.0,113651.45,1754223300000,2546
35.071743059999996,113911.9544,113776.72,113995.4,114270.0,113753.2,1754224200000,2663
44.808406659999996,114077.2192,113995.4,114001.77,114350.0,113952.79,1754225100000,2776
26.135337420000003,114108.2674,114027.7,114039.8,114350.0,113919.79,1754226000000,2738
36.955723989999996,113951.6814,114074.84,113847.84,114330.0,113794.8,1754226900000,3043
25.57228887,113998.1589,114090.0,113878.54,114240.0,113829.8,1754227800000,2577
28.952909089999995,113936.5004,114150.0,113952.01,114190.0,113808.46,1754228700000,2815
36.87555566,114045.4904,113850.1,113835.65,114320.0,113756.66,1754229600000,3089
48.74715383,113793.3673,113795.0,113642.4,114160.0,113573.09,1754230500000,4159
30.663047070000005,113784.7823,113646.41,114050.0,114070.0,113604.75,1754231400000,3246
27.09554617,113854.73,113812.6,113779.93,114060.0,113706.58,1754232300000,2980
32.99258839,113832.6922,113777.9,113768.76,114030.0,113675.0,1754233200000,3590
31.124198649999997,113878.4937,113768.76,113835.2,114120.0,113726.9,1754234100000,2832
49.320428109999995,113815.9347,113835.19,113938.1,114190.0,113662.69,1754235000000,3229
22.34686923,114011.1612,113939.25,113941.38,114200.0,113871.95,1754235900000,2887
38.6295119,113886.5404,113950.1,113777.06,114180.0,113749.99,1754236800000,3357
21.815030699999998,113930.5348,113777.06,113884.7,114110.0,113758.4,1754237700000,2836
27.05935987,114013.1549,113800.2,114180.0,114200.0,113800.1,1754238600000,2834
40.61262895,114033.7265,113967.25,114000.01,114260.0,113900.0,1754239500000,2962
56.54945083,114098.2185,114000.02,114135.89,114390.0,113959.9,1754240400000,3414
50.62487765,114111.2598,114116.1,114020.47,114420.0,114012.21,1754241300000,3424
33.730135749999995,114108.6241,114250.0,113969.72,114390.0,113948.0,1754242200000,2934
33.93289133999999,114106.0739,113958.3,114125.03,114370.0,113958.2,1754243100000,2777
23.3843341,114183.5176,114111.1,114131.12,114370.0,114054.69,1754244000000,2546
72.58921058,114341.8862,114131.11,114293.0,114660.0,114071.94,1754244900000,3925
47.851427089999994,114324.6537,114337.6,114343.33,114640.0,114131.1,1754245800000,3326
39.722745999999994,114421.5225,114343.33,114411.43,114660.0,114308.0,1754246700000,3175
77.66335643000001,114416.4792,114411.43,114403.95,114690.0,114290.97,1754247600000,4706
47.02528489,114570.2743,114403.94,114527.6,114870.0,114353.8,1754248500000,4021
131.22063756999998,114650.2478,114529.9,114423.06,114980.0,114414.38,1754249400000,5071
53.68146583000001,114413.7085,114630.0,114540.0,114670.0,114260.04,1754250300000,3968
46.75121491,114267.1754,114285.0,114250.76,114530.0,114178.3,1754251200000,3570
37.136323860000005,114246.3496,114250.76,114184.1,114480.0,114166.04,1754252100000,2792
44.03601248,114316.1813,114201.88,114398.15,114630.0,114162.86,1754253000000,3471
44.46897510000001,114438.279,114398.15,114419.75,114670.0,114370.67,1754253900000,2948
25.04375258,114470.059,114432.2,114532.21,114730.0,114377.39,1754254800000,2901
21.79150563,114533.2007,114532.22,114489.37,114740.0,114421.6,1754255700000,2920
51.78436000000001,114478.1804,114493.38,114371.6,114740.0,114369.26,1754256600000,3175
18.24126394,114458.7908,114371.6,114447.26,114690.0,114363.72,1754257500000,2913
56.19096786,114404.7923,114447.27,114237.0,114810.0,114215.99,1754258400000,4494
43.21550638,114157.7783,114236.99,114107.2,114460.0,114059.51,1754259300000,3708
36.247765830000006,114214.8773,114100.5,114272.84,114450.0,114100.0,1754260200000,3023
24.914378890000002,114346.6949,114272.83,114318.03,114570.0,114239.33,1754261100000,2832
33.71369736,114381.4884,114312.5,114406.59,114610.0,114262.07,1754262000000,3043
27.965519179999998,114428.9988,114406.59,114315.4,114700.0,114268.92,1754262900000,3311
21.92345832,114282.6695,114268.93,114236.98,114540.0,114216.66,1754263800000,2568
20.53689843,114258.521,114236.97,114215.73,114450.0,114182.01,1754264700000,2545
41.102608489999994,114227.9083,114215.7,114159.9,114520.0,114121.39,1754265600000,3660
44.592649310000006,114283.0369,114182.02,114411.0,114590.0,114131.56,1754266500000,3928
42.000806389999994,114468.8132,114360.33,114612.95,114730.0,114290.67,1754267400000,3759
101.08102070000001,114876.3368,114612.36,114913.62,115210.0,114598.49,1754268300000,5428
51.96979787,114852.8613,114913.62,114749.9,115190.0,114664.54,1754269200000,4240
26.55560252,114790.3588,114749.9,114844.81,115110.0,114625.0,1754270100000,3466
33.13795451,114886.623,114852.71,114739.54,115160.0,114717.6,1754271000000,3505
23.475388639999995,114737.6544,114739.54,114697.41,115000.0,114644.28,1754271900000,3218
49.6708317,114592.8928,114688.0,114470.8,114930.0,114436.71,1754272800000,3713
24.600571679999998,114646.9362,114498.9,114727.79,114950.0,114469.56,1754273700000,2773
112.31647258,114849.3333,114738.0,114603.3,115060.0,114575.42,1754274600000,3487
23.4933732,114736.3677,114603.3,114817.26,114970.0,114576.94,1754275500000,2795
20.23613431,114801.3223,114788.8,114724.97,114990.0,114707.55,1754276400000,2576
21.690035589999997,114770.8233,114724.98,114703.7,114970.0,114686.14,1754277300000,2397
19.249673190000003,114653.9843,114703.7,114674.35,114910.0,114533.6,1754278200000,2104
24.944119349999998,114648.0601,114674.35,114578.63,114860.0,114564.09,1754279100000,2300
36.888721280000006,114643.3496,114632.3,114625.99,114860.0,114580.09,1754280000000,3398
28.04317916,114585.4096,114632.3,114601.59,114830.0,114499.99,1754280900000,2847
20.52818582,114533.7353,114601.6,114389.38,114800.0,114389.38,1754281800000,2395
20.469839809999996,114430.0309,114389.37,114387.56,114640.0,114349.92,1754282700000,2253
30.748448670000002,114344.985,114380.6,114294.3,114620.0,114276.34,1754283600000,2278
30.125575310000002,114285.8887,114332.24,114223.91,114530.0,114212.6,1754284500000,2200
26.071888789999996,114266.6194,114290.1,114250.6,114480.0,114184.02,1754285400000,1977
11.99830063,114372.6093,114250.59,114398.04,114570.0,114215.5,1754286300000,1711
18.544764699999998,114420.6065,114415.6,114267.38,114590.0,114266.93,1754287200000,1838
17.09229466,114260.1062,114269.72,114194.4,114470.0,114153.95,1754288100000,2061
13.792105750000001,114337.9533,114194.5,114399.54,114600.0,114187.07,1754289000000,1848
19.96034028,114428.1016,114399.55,114428.22,114640.0,114307.87,1754289900000,1745
19.191548039999997,114517.0602,114440.4,114554.99,114720.0,114396.24,1754290800000,1901
20.23649865,114550.5458,114554.98,114511.76,114720.0,114488.89,1754291700000,1909
67.53908618999998,114588.7479,114512.6,114699.99,114870.0,114494.23,1754292600000,2027
25.68425419,114761.8855,114699.99,114665.21,114930.0,114632.3,1754293500000,1853
29.971883359999996,114697.6018,114665.2,114651.33,114910.0,114601.11,1754294400000,2291
32.5276759,114662.3591,114651.33,114660.0,114930.0,114465.01,1754295300000,2560
15.79747303,114554.0234,114504.4,114556.8,114770.0,114368.8,1754296200000,1932
71.38600416999999,114549.6276,114556.8,114563.89,114770.0,114465.47,1754297100000,1942
28.05664004,114631.3794,114563.89,114597.36,114820.0,114539.8,1754298000000,1854
61.79939256000001,114701.5924,114597.35,114637.02,114880.0,114467.24,1754298900000,2409
20.20214038,114629.0001,114680.9,114485.91,114860.0,114484.18,1754299800000,1691
46.509719909999994,114367.8361,114484.31,114317.0,114690.0,114294.42,1754300700000,1992
15.815137810000001,114410.7793,114317.0,114447.28,114600.0,114281.86,1754301600000,1947
16.4064801,114451.7908,114447.97,114530.0,114640.0,114339.52,1754302500000,1845
26.3187447,114375.8516,114402.6,114339.0,114590.0,114312.37,1754303400000,2069
52.46647824000001,114287.6586,114341.37,114242.7,114550.0,114224.46,1754304300000,2026
19.056091030000005,114336.9726,114242.84,114315.13,114570.0,114204.09,1754305200000,2069
19.590001089999998,114325.2458,114300.0,114378.43,114560.0,114228.09,1754306100000,2325
18.63224897,114416.3686,114376.53,114411.26,114600.0,114289.8,1754307000000,2317
40.34288356,114463.8126,114570.0,114620.0,114650.0,114364.01,1754307900000,2818
61.4437934,114494.6447,114504.62,114493.55,114690.0,114428.67,1754308800000,3397
22.98311438,114480.9084,114492.93,114420.4,114640.0,114372.48,1754309700000,2430
29.845714409999996,114407.7243,114435.75,114373.57,114560.0,114323.76,1754310600000,2567
35.09079252,114376.8693,114373.57,114444.0,114570.0,114313.89,1754311500000,2615
58.19556844000001,114399.1768,114437.5,114407.9,114580.0,114322.8,1754312400000,3206
52.98734186,114288.5476,114414.67,114188.92,114570.0,114131.91,1754313300000,3490
118.52245986000001,114417.9669,114188.92,114800.0,114870.0,114118.18,1754314200000,6313
101.49407698,114788.7605,114715.7,114921.05,114990.0,114558.6,1754315100000,5850
358.18764497,115345.2191,114916.4,115360.0,115641.9,114906.96,1754316000000,9875
168.04692749,115357.7095,115252.6,115451.28,115570.0,115186.51,1754316900000,6402
140.08094012,115229.7359,115451.28,115011.33,115600.0,114980.27,1754317800000,5756
147.72537857,114849.9374,115012.6,114750.1,115290.0,114647.99,1754318700000,7480
92.80824127999999,114840.1256,114751.1,115000.0,115130.0,114664.89,1754319600000,5199
150.51500409,114880.5742,115100.0,114776.3,115160.0,114769.0,1754320500000,7136
109.24333551,114743.2523,114769.87,114737.42,115020.0,114550.0,1754321400000,7024
36.92714495,114773.6318,114728.0,114818.95,115000.0,114593.77,1754322300000,3901
91.81958495999999,115066.6393,114859.6,115023.3,115320.0,114817.77,1754323200000,4885
41.74077243,115022.3473,115023.29,114900.18,115230.0,114900.01,1754324100000,4045
72.80520146,114987.9669,114977.1,115170.0,115250.0,114900.0,1754325000000,4249
105.20764408000001,115333.8687,115068.1,115299.98,115550.0,115068.1,1754325900000,4920
120.6049411,115508.8333,115294.3,115780.0,115800.0,115240.99,1754326800000,5737
89.2773479,115564.2103,115716.9,115532.55,115810.0,115428.4,1754327700000,5112
110.93462072999999,115320.7777,115610.0,115239.32,115640.0,115193.41,1754328600000,5611
96.5765065,115203.2456,115239.32,115192.01,115410.0,115132.17,1754329500000,5184
83.39946058999999,115183.2258,115197.0,115067.76,115400.0,115067.76,1754330400000,4676
88.5044129,115227.048,115190.0,115277.54,115420.0,115043.7,1754331300000,4883
119.04792433,115173.6674,115277.54,115062.42,115390.0,115046.95,1754332200000,5518
168.43631856000002,114985.1296,115064.86,114924.33,115210.0,114887.46,1754333100000,5307
135.13832058000003,114950.4185,114945.3,114965.59,115170.0,114858.33,1754334000000,4032
114.91454516,114990.8053,114965.6,114906.07,115190.0,114868.74,1754334900000,3995
137.82382097,114821.3924,114906.07,114777.09,115040.0,114741.62,1754335800000,4236
191.48603389000002,114743.1887,114777.09,114746.95,114910.0,114696.88,1754336700000,4773
171.78070557,114695.0523,114746.94,114667.4,114960.0,114578.7,1754337600000,5988
130.85130946,114722.2928,114667.5,114701.27,114900.0,114600.0,1754338500000,4493
115.36368143,114898.3288,114701.28,115006.28,115130.0,114699.11,1754339400000,5489
33.52481747,114897.3409,115006.27,114793.54,115120.0,114783.72,1754340300000,3607
39.39755603000001,114912.0709,114860.1,115016.0,115110.0,114788.98,1754341200000,3626
47.34211035,115041.5226,115027.75,114989.13,115230.0,114912.61,1754342100000,3749
37.72456127,115139.3398,114987.5,115251.98,115360.0,114953.26,1754343000000,3548
28.321262439999995,115231.012,115251.98,115126.63,115370.0,115072.79,1754343900000,3279
48.720459909999995,115184.0865,115120.4,115234.85,115330.0,115092.57,1754344800000,3881
24.629857730000005,115214.5006,115247.56,115091.0,115400.0,115072.94,1754345700000,3880
29.37375866,115193.5026,115102.1,115191.19,115350.0,115089.55,1754346600000,3430
112.11068362,115329.3905,115171.5,115349.17,115440.0,115145.77,1754347500000,3378
33.672845790000004,115334.0075,115349.16,115340.83,115460.0,115264.12,1754348400000,3039
21.405774510000004,115314.0496,115342.38,115319.32,115460.0,115250.92,1754349300000,2713
15.325180940000003,115268.838,115314.26,115229.8,115410.0,115200.0,1754350200000,3000
32.72783923,115138.326,115229.8,115051.85,115350.0,115037.72,1754351100000,3331
37.20530366,115020.8473,115092.1,115009.61,115220.0,114937.16,1754352000000,3316
41.558159749999994,114917.5231,115009.64,114880.35,115130.0,114840.1,1754352900000,3008
52.5855664,114996.2577,114887.38,114952.5,115180.0,114873.38,1754353800000,3703
39.55458473,114899.5742,114880.28,114877.0,115080.0,114818.58,1754354700000,3729
25.52257699,114949.8541,114874.9,114957.66,115140.0,114836.1,1754355600000,2785
23.934200829999998,114874.9777,114973.0,114877.06,115080.0,114788.01,1754356500000,2896
45.84939496,114829.0385,114877.06,114903.93,114980.0,114733.4,1754357400000,3188
52.33941386,114777.5296,114902.63,114700.0,114980.0,114677.08,1754358300000,3449
14.76955259,114743.0726,114729.7,114648.8,114900.0,114624.12,1754359200000,2780
14.708549,114688.5012,114702.3,114614.29,114820.0,114610.0,1754360100000,2591
12.26859908,114674.357,114644.9,114632.71,114800.0,114614.28,1754361000000,2605
52.05093785999999,114703.1603,114632.72,114721.72,114900.0,114624.92,1754361900000,2723
58.87455461000001,114540.8676,114702.2,114454.61,114850.0,114400.0,1754362800000,3569
37.809020939999996,114392.4749,114454.61,114450.0,114590.0,114278.0,1754363700000,3543
41.82504600000001,114303.3779,114333.48,114295.45,114500.0,114249.8,1754364600000,2985
25.78463251,114274.1274,114297.71,114241.62,114440.0,114236.33,1754365500000,2781
20.829770800000002,114320.4679,114277.8,114394.82,114500.0,114200.19,1754366400000,2646
38.25726672,114301.9772,114345.0,114238.07,114500.0,114192.91,1754367300000,2712
26.092854149999997,114229.0914,114238.07,114256.73,114370.0,114150.8,1754368200000,2406
25.83917949,114344.4203,114256.74,114323.16,114480.0,114242.2,1754369100000,2349
26.95701691,114430.5844,114323.8,114437.27,114550.0,114294.72,1754370000000,2288
22.326921379999995,114414.8701,114437.26,114401.71,114540.0,114327.13,1754370900000,2116
28.493172790000003,114341.6797,114401.71,114231.1,114520.0,114231.09,1754371800000,2212
20.502334660000002,114353.5178,114231.1,114407.71,114520.0,114231.07,1754372700000,2189
16.67231453,114438.2656,114362.3,114428.41,114550.0,114355.48,1754373600000,2279
14.36887099,114493.7146,114382.3,114469.39,114600.0,114382.3,1754374500000,1547
26.497376570000004,114361.8588,114460.2,114310.2,114580.0,114278.77,1754375400000,1952
52.22422361,114182.651,114308.1,114165.89,114410.0,114068.41,1754376300000,2853
33.615418119999994,114193.2719,114164.7,114268.77,114390.0,114119.26,1754377200000,1755
11.23218768,114347.6304,114267.64,114340.0,114490.0,114187.28,1754378100000,1682
93.84272145,113987.5534,114190.15,114038.26,114350.0,113700.0,1754379000000,4972
41.41657921,114041.6682,114038.26,113952.07,114280.0,113910.57,1754379900000,2710
55.7364995,113975.8595,113952.07,113977.96,114190.0,113900.0,1754380800000,2511
32.279299949999995,114190.1527,113977.96,114350.74,114460.0,113976.01,1754381700000,2278
19.369298769999997,114395.6784,114299.9,114300.72,114580.0,114243.32,1754382600000,2186
11.63619221,114277.9588,114300.85,114262.42,114420.0,114200.44,1754383500000,1777
13.228485960000004,114345.3748,114222.3,114449.59,114540.0,114222.3,1754384400000,1569
32.632618410000006,114455.3607,114449.58,114650.0,114650.0,114360.3,1754385300000,2223
56.6532549,114582.5364,114569.23,114723.47,114850.0,114491.1,1754386200000,2681
44.74662617,114679.9789,114722.82,114677.38,114880.0,114587.75,1754387100000,2360
52.42148619999999,114646.2384,114661.6,114624.45,114850.0,114562.8,1754388000000,2518
74.22108116,114864.282,114624.44,114939.36,115130.0,114562.8,1754388900000,2799
38.82248571000001,114975.2021,114932.5,114923.2,115130.0,114856.89,1754389800000,2344
19.275672229999998,114883.7922,114976.76,114832.22,115040.0,114800.01,1754390700000,1941
38.47863748,114791.0285,114805.2,114777.06,114950.0,114726.09,1754391600000,2195
18.27967044,114845.5101,114777.06,114895.12,114990.0,114749.62,1754392500000,2088
30.179324989999998,114845.3526,114894.6,114927.77,115050.0,114743.8,1754393400000,2369
33.797616160000004,114820.6424,114934.64,114807.47,115020.0,114740.96,1754394300000,2480
66.97878722,114799.2675,114814.1,114889.88,114970.0,114737.09,1754395200000,2976
110.21124114,114590.5079,114887.58,114523.17,114960.0,114341.49,1754396100000,5419
142.87185667,113941.0793,114523.17,113873.64,114590.0,113500.0,1754397000000,7207
48.20018169,113999.4249,113873.75,113930.71,114140.0,113854.2,1754397900000,3491
37.25054283000001,113996.7481,113960.1,114030.9,114140.0,113861.14,1754398800000,3682
64.89961086000001,114143.9223,114070.0,114151.1,114230.0,114008.8,1754399700000,3547
91.80413688,114249.1545,114170.98,114289.26,114479.03,114049.28,1754400600000,5471
109.0620281,114423.6369,114310.8,114370.17,114597.71,114289.95,1754401500000,6068
140.37840093,114007.4097,114382.65,113865.66,114460.0,113690.8,1754402400000,7573
322.49554159999997,113429.7491,113783.6,113251.89,113900.0,113115.75,1754403300000,11657
321.70384961,113006.311,113238.2,112775.93,113310.0,112726.01,1754404200000,12359
233.01523453,112776.0575,112771.36,113012.07,113140.0,112622.14,1754405100000,10800
106.75491214,113001.226,113016.7,113169.49,113300.0,112669.0,1754406000000,7064
107.90410686999998,113034.4926,113166.72,112958.5,113320.0,112823.56,1754406900000,7284
121.47453078000001,112840.6452,112959.47,112766.35,113120.0,112683.64,1754407800000,7488
69.4783719,112847.191,112766.35,112907.97,113060.0,112684.51,1754408700000,5732
78.14271040999999,113049.356,112906.96,113122.26,113210.0,112805.67,1754409600000,5732
199.92249539000002,113133.3222,113124.9,113165.05,113310.0,113001.45,1754410500000,6624
232.52038005999998,113109.0833,113165.06,113017.91,113420.0,112779.91,1754411400000,7592
309.74811402,113007.8291,113017.9,113131.78,113280.0,112818.14,1754412300000,9348
173.05156278000004,113151.814,113134.4,113201.49,113310.0,113052.01,1754413200000,6213
156.57031184999997,113285.3833,113201.33,113350.0,113580.0,113153.03,1754414100000,5173
104.22882894,113379.6732,113350.01,113301.88,113610.0,113267.93,1754415000000,4621
108.96037394,113460.585,113301.89,113637.6,113700.0,113225.83,1754415900000,4940
68.51893857999998,113568.4591,113637.6,113468.75,113730.0,113468.75,1754416800000,3821
67.79349651999999,113486.4194,113468.47,113417.63,113680.0,113350.0,1754417700000,4329
97.98570383,113382.5243,113417.52,113353.63,113590.0,113314.98,1754418600000,4646
76.71358135999999,113429.0734,113353.63,113624.55,113700.0,113227.18,1754419500000,5053
57.99339976000001,113708.6507,113600.0,113612.6,113830.0,113577.01,1754420400000,4677
43.91042487000001,113629.7477,113577.07,113582.24,113780.0,113519.07,1754421300000,4424
36.89969692,113629.4719,113582.24,113582.06,113740.0,113558.29,1754422200000,3508
84.22832573,113584.9837,113582.06,113602.75,113780.0,113369.61,1754423100000,5125
30.506475739999996,113747.9711,113602.75,113740.0,113890.0,113602.75,1754424000000,3636
46.88248532,113874.6866,113803.51,113979.12,114050.0,113739.9,1754424900000,3997
65.88304861,113768.0457,113979.11,113645.05,114050.0,113592.9,1754425800000,4726
41.955079549999994,113577.6634,113644.28,113689.75,113740.0,113464.3,1754426700000,6002
43.69856013999999,113761.7225,113582.0,113689.4,113960.0,113582.0,1754427600000,5363
31.56960602,113767.9664,113666.72,113827.11,113930.0,113596.34,1754428500000,5703
25.34663212,113798.2445,113827.11,113659.33,113930.0,113652.95,1754429400000,3480
16.8917703,113621.0136,113659.34,113578.38,113790.0,113550.3,1754430300000,2586
46.28446022999999,113519.2194,113567.7,113764.54,113870.0,113280.78,1754431200000,3988
25.30144708,113812.3102,113764.54,113875.42,113920.0,113708.3,1754432100000,2846
46.674955080000004,113911.5297,113782.6,113925.0,114000.0,113782.6,1754433000000,3057
53.63323870000001,113963.0456,113925.0,113957.97,114060.0,113896.24,1754433900000,3150
28.158828019999998,114038.1808,113926.1,114088.36,114160.0,113907.67,1754434800000,2908
54.25066155,114083.6878,114088.36,114049.9,114200.0,114000.0,1754435700000,3336
33.74438054,114116.5349,114055.18,114152.9,114270.0,114025.97,1754436600000,3137
21.530294749999996,114160.9303,114161.65,114180.0,114250.0,114097.54,1754437500000,2887
32.69042287,114057.8897,114112.95,114034.28,114230.0,113942.7,1754438400000,3432
22.85609034,113989.6097,114040.86,113934.32,114100.0,113904.29,1754439300000,5291
26.336582280000002,113948.3244,113924.51,113934.32,114090.0,113854.13,1754440200000,4573
33.973670940000005,113827.9155,113934.34,113879.35,114000.0,113732.84,1754441100000,3602
26.84982402,113864.7973,113851.9,113855.49,114000.0,113761.06,1754442000000,3343
25.73940441,113718.5576,113857.69,113588.76,113940.0,113572.64,1754442900000,3303
42.52490196000001,113694.7289,113588.51,113770.92,113920.0,113577.47,1754443800000,4044
38.74365401000001,113793.2748,113770.92,113824.31,113940.0,113662.91,1754444700000,4075
53.013882550000005,113619.0856,113817.5,113633.62,113890.0,113483.14,1754445600000,5030
24.772517470000004,113690.1608,113633.62,113680.09,113780.0,113535.4,1754446500000,4442
27.979958030000002,113668.1356,113680.42,113666.52,113790.0,113534.04,1754447400000,4066
19.9901872,113650.8677,113666.52,113661.0,113770.0,113561.09,1754448300000,3429
33.62225166,113603.058,113661.0,113623.12,113730.0,113484.96,1754449200000,3885
34.25083572,113499.8694,113623.12,113438.24,113690.0,113400.0,1754450100000,4048
27.24904933,113489.2435,113438.24,113549.4,113590.0,113417.9,1754451000000,2766
15.371052599999999,113600.4731,113549.38,113504.04,113700.0,113484.7,1754451900000,2349
35.57454388,113503.3812,113504.05,113398.0,113670.0,113377.33,1754452800000,2934
22.608144120000002,113467.7731,113398.0,113463.61,113580.0,113379.42,1754453700000,2387
15.873762329999998,113447.8001,113463.61,113408.78,113570.0,113347.87,1754454600000,2109
15.72257919,113456.4516,113408.78,113424.19,113560.0,113372.18,1754455500000,1964
42.159862630000006,113709.1086,113400.1,113928.34,113980.0,113383.58,1754456400000,3013
66.62236778,113976.656,113928.35,113924.33,114230.0,113796.46,1754457300000,3654
70.70994753000001,114238.0796,113924.33,114243.95,114530.0,113899.3,1754458200000,3675
53.93045457,114243.5222,114243.94,114147.94,114400.0,114100.98,1754459100000,2412
19.776465119999997,114122.7328,114121.6,113988.71,114270.0,113920.66,1754460000000,2016
22.42400706,114076.2306,113988.71,113979.45,114220.0,113920.59,1754460900000,1995
17.407495100000002,114101.8052,113980.1,114051.83,114260.0,113920.0,1754461800000,1838
14.200563999999998,114139.9792,114063.2,114081.89,114310.0,114015.08,1754462700000,1741
25.2232325,114148.4251,114063.1,114231.5,114420.0,114006.49,1754463600000,2112
48.46986857000001,114259.043,114231.49,114280.1,114420.0,114174.41,1754464500000,1908
27.840645539999997,114219.1915,114280.08,114167.19,114430.0,114086.37,1754465400000,1996
21.40744095,114217.7169,114167.17,114220.34,114370.0,114132.91,1754466300000,1751
78.61055118,114094.5045,114220.34,113999.9,114390.0,113998.3,1754467200000,2661
45.73481536000001,114054.8121,114036.97,114040.99,114280.0,113967.69,1754468100000,2139
23.1191915,113940.3064,114069.9,113766.41,114220.0,113754.9,1754469000000,2095
17.667368979999996,113895.3896,113768.4,113934.91,114090.0,113712.8,1754469900000,1797
35.19123537,114028.5212,113926.7,114173.95,114280.0,113895.79,1754470800000,1834
41.69744843,114217.6208,114173.95,114093.38,114470.0,114075.1,1754471700000,2529
42.03481517,114004.2026,114093.37,113969.36,114280.0,113923.2,1754472600000,1769
19.39650302,114073.7724,113976.76,114081.29,114310.0,113942.4,1754473500000,1534
14.933401009999999,114149.1498,114069.0,114120.37,114370.0,114031.93,1754474400000,1783
35.56967301,114061.4024,114120.37,113920.1,114360.0,113876.85,1754475300000,2325
16.83582205,114061.9007,113920.1,114123.07,114310.0,113910.83,1754476200000,1753
11.84366257,114091.4124,114123.07,114240.0,114290.0,114014.97,1754477100000,1661
21.892926539999998,114097.4703,114063.0,114147.56,114330.0,114002.09,1754478000000,2266
23.67160114,114212.1799,114147.56,114192.0,114420.0,114099.9,1754478900000,2103
31.06305317,114315.1436,114250.0,114299.9,114510.0,114191.9,1754479800000,2217
23.062312409999993,114272.229,114312.93,114183.8,114470.0,114158.14,1754480700000,2045
57.35816053000001,114160.5697,114183.8,113935.14,114500.0,113908.61,1754481600000,3026
68.0837837,113922.1949,113935.13,114062.5,114360.0,113770.35,1754482500000,3594
56.264138280000004,114171.7107,114050.36,114053.45,114410.0,114033.84,1754483400000,2834
49.31136142,113961.7571,114053.44,113918.1,114260.0,113861.26,1754484300000,4164
54.01774357,113899.8819,113882.7,113876.03,114160.0,113800.78,1754485200000,5186
54.17503588999999,113888.3339,113876.03,113899.35,114130.0,113800.82,1754486100000,4780
172.08972612,113960.2697,113899.36,114173.72,114350.0,113566.01,1754487000000,7846
93.42754307000001,114177.6813,114177.29,114254.46,114540.0,113889.0,1754487900000,6040
70.66981870000001,114388.2997,114300.0,114300.0,114660.0,114222.77,1754488800000,4701
58.188585419999995,114077.7815,114299.1,114094.09,114490.0,113856.57,1754489700000,4311
43.397165560000005,114241.1145,114059.0,114303.67,114490.0,114011.16,1754490600000,3807
436.52786452,114799.4479,114318.5,115360.0,115370.0,114141.72,1754491500000,9012
150.7408077,115048.9539,115184.4,115034.75,115460.0,114822.0,1754492400000,7516
64.39184946,115004.1915,115031.2,114949.64,115230.0,114859.13,1754493300000,4798
232.5977979,115268.0007,114948.3,115189.9,115500.0,114931.93,1754494200000,7815
128.97388917,115366.4619,115220.0,115417.96,115700.0,115130.02,1754495100000,6158
220.55373835999998,115344.6144,115475.1,115218.05,115630.0,115020.0,1754496000000,6633
48.97226689,115188.1754,115155.0,115151.83,115420.0,115055.23,1754496900000,4489
133.29051139999999,115072.8001,115132.8,114964.91,115340.0,114956.82,1754497800000,5420
135.33317618000004,115000.8926,114958.12,115149.36,115330.0,114936.4,1754498700000,5160
30.940212659999997,115142.1945,115098.0,115172.51,115340.0,115020.0,1754499600000,3124
44.76995965,115271.064,115164.12,115382.51,115480.0,115101.9,1754500500000,3239
60.1627173,115395.9659,115382.38,115485.28,115620.0,115233.73,1754501400000,3491
86.59175839999997,115492.5288,115485.27,115538.51,115650.0,115405.08,1754502300000,5480
310.2682327,115654.6081,115472.9,115730.85,115870.0,115472.8,1754503200000,10721
180.28217030000002,115618.1136,115730.85,115453.23,115840.0,115450.19,1754504100000,8633
102.94660986,115472.5308,115500.1,115346.93,115710.0,115304.17,1754505000000,6431
91.80615680999999,115412.6745,115344.79,115425.1,115630.0,115329.57,1754505900000,3731
58.79260798999999,115464.0451,115425.1,115435.63,115660.0,115363.14,1754506800000,3684
66.13968829,115456.8706,115435.62,115420.94,115640.0,115397.3,1754507700000,3327
67.17820084,115352.7603,115420.95,115296.08,115560.0,115279.9,1754508600000,4004
76.46227635,115237.1459,115297.23,115220.6,115480.0,115140.56,1754509500000,5033
27.22262851,115256.738,115293.85,115249.28,115460.0,115178.2,1754510400000,2743
29.13398193,115247.1997,115249.15,115217.4,115410.0,115206.2,1754511300000,2815
69.69683088,115092.879,115217.4,115090.75,115390.0,115024.99,1754512200000,4238
91.38552632000001,115114.2383,115088.68,115072.82,115290.0,115055.56,1754513100000,5437
37.12277917,115158.4399,115100.0,115256.84,115400.0,115050.98,1754514000000,3871
30.870155920000002,115227.4448,115257.55,115300.0,115400.0,115138.63,1754514900000,3294
58.88644464,114979.4996,115300.0,114945.77,115310.0,114815.28,1754515800000,4132
50.05456966999999,115048.0037,114944.49,115105.39,115230.0,114860.0,1754516700000,3863
80.18318414000001,115186.5842,115103.83,115192.36,115370.0,115012.6,1754517600000,5306
57.82283637,115158.4133,115187.27,115133.41,115340.0,115061.4,1754518500000,3687
46.74756124,115143.3098,115115.8,115104.53,115330.0,115058.4,1754519400000,3391
55.346581539999995,115160.244,115104.52,115125.78,115330.0,115068.4,1754520300000,3358
18.8010503,115122.4552,115114.6,115092.75,115280.0,115064.21,1754521200000,2808
17.8092505,115078.2811,115091.76,115030.9,115250.0,115009.82,1754522100000,2831
28.92988303,115040.6564,115030.92,115014.91,115210.0,114997.5,1754523000000,3007
29.652583890000002,115050.4071,115014.91,115028.83,115220.0,114997.7,1754523900000,2895
23.83311269,114990.6923,115010.0,114977.81,115160.0,114929.36,1754524800000,2854
26.99750543,114950.2683,114977.81,114978.85,115130.0,114890.39,1754525700000,2646
16.72358879,115013.0435,114978.85,114939.34,115190.0,114933.68,1754526600000,2364
41.298394329999994,114937.1898,114939.35,114925.45,115090.0,114878.42,1754527500000,2426
25.404104789999998,114947.111,114952.4,114964.2,115120.0,114893.55,1754528400000,2514
36.3383856,115128.3526,114950.1,115174.16,115370.0,114943.69,1754529300000,2602
19.09414453,115116.1839,115174.15,115044.74,115330.0,115033.46,1754530200000,2491
40.81817628,114810.7912,115044.73,114772.52,115200.0,114613.3,1754531100000,3338
35.649667099999995,114772.2822,114764.3,114864.85,115000.0,114663.3,1754532000000,2822
17.52514108,114849.9017,114864.84,114820.07,115030.0,114779.9,1754532900000,2915
23.011527490000002,114737.8324,114820.07,114613.96,114940.0,114613.96,1754533800000,4217
37.63076749000001,114572.6596,114613.96,114575.61,114800.0,114425.65,1754534700000,4105
39.895537,114545.14,114596.2,114464.41,114760.0,114461.23,1754535600000,3430
46.11286915000001,114467.1394,114464.41,114525.13,114690.0,114397.0,1754536500000,2916
31.66883207,114586.4078,114525.13,114580.24,114760.0,114497.5,1754537400000,2311
22.22318243,114610.5302,114580.25,114566.78,114790.0,114561.83,1754538300000,2063
30.104227070000004,114610.4815,114593.1,114595.05,114840.0,114521.86,1754539200000,2472
24.27882134,114600.7273,114595.05,114563.92,114800.0,114563.91,1754540100000,2195
36.87617939,114510.9527,114563.91,114500.0,114720.0,114421.54,1754541000000,2526
97.50364271,114367.5811,114464.32,114372.24,114640.0,114268.6,1754541900000,3925
20.41273089,114356.2704,114308.1,114367.53,114540.0,114284.85,1754542800000,2191
30.15775023,114482.233,114368.64,114476.88,114680.0,114365.5,1754543700000,2188
27.12859796,114509.5385,114476.88,114547.61,114720.0,114460.1,1754544600000,1848
22.309820249999998,114550.7486,114460.2,114593.52,114740.0,114460.1,1754545500000,1964
25.86813744,114675.7139,114593.52,114700.0,114860.0,114518.4,1754546400000,2837
109.54682636000001,114596.4461,114693.03,114612.3,114860.0,114465.67,1754547300000,2549
13.846703920000001,114604.583,114612.4,114600.43,114760.0,114524.25,1754548200000,1660
26.55942272,114765.0311,114600.43,114678.36,114950.0,114576.7,1754549100000,2136
15.97791781,114798.7932,114737.6,114815.3,114970.0,114661.2,1754550000000,1615
23.19622657,114851.5625,114815.3,114860.27,115040.0,114757.9,1754550900000,1854
10.25847069,114851.8464,114860.27,114763.96,115010.0,114757.56,1754551800000,1528
14.2923814,114810.4366,114763.96,114813.0,114980.0,114757.9,1754552700000,1392
27.358767729999997,114972.8481,114758.0,114965.84,115170.0,114757.9,1754553600000,2490
26.382641299999992,115078.5817,114965.39,115171.79,115350.0,114925.0,1754554500000,2348
26.3432139,115085.6378,115185.1,115081.21,115290.0,115012.17,1754555400000,2035
12.53280446,115067.6496,115081.21,114987.84,115230.0,114972.27,1754556300000,1525
21.608599919999996,115028.4354,115021.1,114936.79,115220.0,114900.89,1754557200000,1736
11.460072729999998,114979.8663,114936.79,115044.42,115160.0,114875.2,1754558100000,1387
22.355546240000002,115068.86,115044.41,115027.08,115210.0,114917.85,1754559000000,1657
17.996614259999998,115057.2387,115027.08,115078.1,115250.0,114979.42,1754559900000,2176
99.54184615999999,115396.6035,115078.1,115542.6,115720.0,115052.95,1754560800000,5357
125.05198396,115686.0331,115508.49,115886.97,116040.0,115490.99,1754561700000,5388
244.25643270000003,116138.5535,115794.9,116412.0,116500.0,115794.9,1754562600000,6804
81.37641974000002,116385.0648,116411.99,116362.4,116540.0,116263.37,1754563500000,3667
64.57794817,116445.4913,116362.4,116491.34,116600.0,116362.4,1754564400000,3658
149.52703154,116608.6778,116491.34,116842.32,116920.0,116450.43,1754565300000,5931
72.44574595,116663.4294,116842.3,116661.65,116900.0,116552.14,1754566200000,4316
78.58811906,116696.856,116661.66,116535.61,116910.0,116532.74,1754567100000,3676
71.22758241,116429.6424,116575.0,116310.86,116700.0,116281.88,1754568000000,4387
39.0690838,116364.9084,116309.71,116397.91,116600.0,116246.3,1754568900000,3099
21.37294358,116384.856,116397.9,116265.63,116580.0,116236.16,1754569800000,2805
61.1191374,116280.2213,116265.64,116390.83,116480.0,116040.6,1754570700000,3598
22.15893397,116332.1626,116342.3,116257.54,116500.0,116228.85,1754571600000,2754
49.454541430000006,116337.9629,116257.61,116428.3,116520.0,116201.45,1754572500000,3550
121.82350525000001,116628.9767,116428.3,116643.82,116860.0,116337.01,1754573400000,5529
130.01223505000002,116610.2612,116643.82,116673.7,116800.0,116419.9,1754574300000,5959
90.66088993,116496.3794,116684.54,116297.89,116800.0,116250.0,1754575200000,5036
52.09906976,116426.2349,116265.0,116384.06,116560.0,116264.9,1754576100000,3898
110.48032045,116514.9155,116384.06,116487.42,116740.0,116210.7,1754577000000,5755
57.75617348,116403.0638,116457.8,116450.0,116630.0,116275.41,1754577900000,4230
73.89791415,116414.6741,116362.6,116435.98,116580.0,116263.37,1754578800000,4805
107.72617181000001,116571.9563,116435.97,116574.59,116690.0,116374.08,1754579700000,5769
134.44469634,116681.9014,116576.56,116808.29,116860.0,116506.4,1754580600000,6079
131.17687209999997,116781.3049,116808.29,116732.65,116910.0,116634.01,1754581500000,6376
72.48679174,116690.55,116725.1,116695.97,116850.0,116547.04,1754582400000,4274
132.98579294,116721.1145,116699.98,116721.41,116870.0,116574.22,1754583300000,6101
127.25864093000001,116575.3048,116757.4,116150.22,116860.0,116129.7,1754584200000,5236
167.3655209,116030.0583,116146.59,116293.19,116410.0,115673.04,1754585100000,6481
94.81137011999999,116318.726,116286.0,116421.2,116570.0,116149.23,1754586000000,5278
138.67963632000001,116501.3941,116437.2,116418.72,116650.0,116378.91,1754586900000,6806
220.78583963,116359.1628,116479.1,116416.78,116590.0,116216.5,1754587800000,5105
31.951672670000004,116473.0547,116419.73,116541.03,116640.0,116370.0,1754588700000,3385
52.43238085,116406.2431,116500.0,116242.56,116620.0,116185.7,1754589600000,4303
37.37966267,116285.1802,116242.56,116384.42,116470.0,116180.03,1754590500000,3067
80.04732362000001,116349.469,116382.7,116298.97,116430.0,116275.64,1754591400000,4066
63.91378851,116478.8576,116298.98,116596.43,116660.0,116276.51,1754592300000,3575
81.01482753000002,116615.7191,116596.44,116588.53,116740.0,116524.09,1754593200000,4369
136.65695047,116647.0033,116588.52,116741.38,116800.0,116531.72,1754594100000,5595
364.68538498,116976.8864,116741.38,117099.9,117210.0,116713.3,1754595000000,7872
677.7772990399999,117447.566,117192.83,117525.79,117770.0,117100.0,1754595900000,18752
106.23270354,117458.3948,117512.4,117368.49,117650.0,117334.19,1754596800000,5767
72.67285025,117462.03,117363.05,117475.47,117600.0,117316.22,1754597700000,5446
65.6883861,117448.316,117470.0,117375.3,117570.0,117353.4,1754598600000,4218
98.17161306,117273.5173,117375.3,117241.81,117460.0,117186.77,1754599500000,5167
107.73160296000003,117292.4348,117204.0,117395.01,117460.0,117204.0,1754600400000,4811
33.10248542,117370.9253,117396.86,117355.4,117480.0,117291.0,1754601300000,3076
66.50364016,117242.8944,117355.37,117166.21,117480.0,117050.68,1754602200000,4349
46.74400981,117203.4524,117166.1,117140.17,117400.0,117091.85,1754603100000,4294
124.65681907999999,117308.9015,117138.3,117500.0,117570.0,117123.06,1754604000000,5490
75.3318468,117487.0171,117516.09,117545.51,117620.0,117324.7,1754604900000,4390
54.05835414,117449.4819,117537.5,117490.84,117600.0,117352.4,1754605800000,3736
141.3303956,117619.6554,117490.84,117614.78,117800.0,117449.9,1754606700000,5700
93.06644611,117524.7596,117614.78,117433.15,117720.0,117428.41,1754607600000,5838
75.89951005,117404.1255,117434.51,117372.24,117550.0,117358.38,1754608500000,3972
46.38784011,117381.0144,117383.0,117441.12,117490.0,117335.62,1754609400000,3481
33.022880320000006,117490.6765,117441.66,117515.49,117580.0,117382.9,1754610300000,3084
60.56394994999999,117457.8178,117498.1,117416.64,117640.0,117334.58,1754611200000,4021
201.79129574999996,117145.2272,117416.64,117178.14,117480.0,116890.0,1754612100000,10015
193.8497319,117567.3023,117186.77,117617.96,117900.0,117057.34,1754613000000,8292
80.12277631,117566.3418,117626.77,117400.0,117880.0,117306.0,1754613900000,4813
311.46659218,117167.5211,117400.0,117340.0,117410.0,116870.0,1754614800000,11445
147.38891866,117025.9761,117330.0,116966.5,117350.0,116820.0,1754615700000,6803
35.124830610000004,116952.2102,116966.51,116875.2,117040.58,116860.0,1754616600000,3389
22.21350693,116885.2983,116871.93,116923.73,116962.7,116804.32,1754617500000,3129
23.44391458,116882.9696,116908.5,116913.93,116962.7,116800.57,1754618400000,3195
25.086075429999998,116842.6743,116919.23,116822.07,116928.58,116787.9,1754619300000,3554
25.8957637,116798.7868,116822.07,116781.24,116872.53,116722.92,1754620200000,3655
22.482725730000002,116817.2408,116781.24,116736.93,116934.8,116716.71,1754621100000,2973
32.67084771,116759.9457,116724.0,116841.57,116841.58,116720.41,1754622000000,3064
42.447865160000006,116912.3509,116843.46,116957.77,117020.0,116781.16,1754622900000,3539
27.291397920000005,116831.1781,116960.1,116777.4,116960.1,116748.73,1754623800000,3544
20.50927147,116772.9832,116777.39,116777.39,116812.1,116740.0,1754624700000,2667
40.03069057,116759.994,116812.1,116849.11,116891.34,116689.0,1754625600000,3357
12.67321012,116826.6762,116849.12,116821.3,116907.26,116783.7,1754626500000,2518
13.19910379,116829.8372,116821.31,116776.42,116867.86,116776.01,1754627400000,2759
11.05802912,116797.6262,116776.42,116780.0,116830.0,116771.12,1754628300000,2317
36.09896104,116701.9923,116805.7,116689.8,116810.0,116623.7,1754629200000,2712
12.873247159999998,116699.0486,116689.8,116683.64,116734.24,116632.81,1754630100000,2090
12.571868030000001,116619.3838,116683.56,116603.45,116683.56,116589.3,1754631000000,1821
21.270736310000004,116577.3371,116600.98,116558.16,116610.0,116518.64,1754631900000,2180
177.53963235,116446.4044,116558.17,116591.29,116591.29,116389.06,1754632800000,4116
32.82578769,116561.7492,116591.29,116680.52,116697.76,116484.14,1754633700000,2104
18.463056350000002,116655.303,116612.5,116741.3,116741.3,116588.66,1754634600000,1842
23.65855043,116712.3988,116739.32,116780.78,116840.0,116652.22,1754635500000,2584
37.27956932000001,116716.6263,116787.5,116694.07,116840.0,116575.0,1754636400000,3909
103.24190555999999,117008.5781,116694.07,116997.05,117210.0,116677.3,1754637300000,4365
40.68978418,117019.8681,116997.04,116862.83,117210.0,116858.83,1754638200000,3036
30.494726500000002,116881.6708,116858.87,116900.1,117060.0,116851.94,1754639100000,1952
19.42319668,116862.7083,116851.96,116937.48,117080.0,116761.62,1754640000000,1915
19.254383230000006,116851.4325,116937.49,116705.1,117080.0,116704.53,1754640900000,2136
38.33494811,116559.294,116741.5,116535.9,116880.0,116466.31,1754641800000,2909
19.2990653,116577.8862,116563.37,116655.08,116790.0,116500.01,1754642700000,1779
13.02006463,116612.2732,116661.2,116612.64,116810.0,116557.81,1754643600000,1708
12.46403577,116607.8129,116612.65,116578.08,116770.0,116518.79,1754644500000,1557
15.88700796,116630.2075,116579.37,116625.58,116770.0,116543.9,1754645400000,1746
16.12711588,116720.2867,116625.54,116712.13,116860.0,116624.25,1754646300000,1610
20.953070960000005,116696.3847,116725.5,116634.85,116850.0,116631.17,1754647200000,1670
14.51233205,116602.2181,116635.68,116521.2,116790.0,116520.31,1754648100000,1776
22.418229209999996,116527.5243,116597.1,116471.32,116700.0,116471.31,1754649000000,1878
45.54000529,116451.1853,116471.31,116566.72,116700.0,116331.34,1754649900000,2474
22.523342109999998,116712.6451,116569.2,116790.01,116950.0,116568.14,1754650800000,2320
24.12357212,116867.1743,116790.0,116786.26,117000.0,116783.87,1754651700000,2232
14.37786048,116831.905,116786.1,116801.94,116990.0,116786.0,1754652600000,2184
17.509740559999997,116872.0776,116801.94,116931.4,117060.0,116778.75,1754653500000,3992
36.38700865,116849.0968,116926.53,116672.76,117030.0,116613.35,1754654400000,3578
36.019561679999995,116661.8993,116672.75,116672.97,116840.0,116607.17,1754655300000,2761
16.3034617,116658.793,116672.96,116641.68,116840.0,116593.75,1754656200000,3191
16.800343209999998,116566.6368,116641.68,116535.98,116740.0,116532.02,1754657100000,2634
23.5964858,116573.1536,116549.3,116595.52,116720.0,116535.99,1754658000000,2747
31.242294270000002,116697.5014,116595.51,116788.84,116880.0,116553.17,1754658900000,3071
75.86188539,116784.4308,116788.84,116878.19,117080.0,116546.92,1754659800000,5066
73.8385474,116866.367,116882.39,116953.25,117070.0,116717.87,1754660700000,5078
142.06373984,117033.4211,116937.1,116812.6,117350.0,116680.95,1754661600000,7901
67.53171001000001,116730.9298,116812.6,116775.31,116890.0,116663.84,1754662500000,4634
108.57152954,116564.0316,116733.8,116559.74,116880.0,116385.34,1754663400000,5486
75.75843771,116565.7391,116524.0,116517.13,116790.0,116446.29,1754664300000,4552
116.30858169,116362.66,116491.8,116285.0,116620.0,116215.01,1754665200000,5723
100.60581529,116347.9588,116354.98,116273.99,116630.0,116211.82,1754666100000,5101
258.26629158,116069.7749,116272.26,115971.3,116430.0,115898.67,1754667000000,8153
168.10507340000004,115960.7249,115915.03,116235.6,116360.0,115800.0,1754667900000,6925
83.37524299000002,116204.2881,116235.6,116240.0,116500.0,116071.02,1754668800000,4769
43.09942552,116172.8846,116133.21,116108.11,116380.0,116074.15,1754669700000,4140
50.152411230000006,116121.9067,116102.2,116126.89,116340.0,116001.61,1754670600000,4266
38.812318499999996,116194.061,116126.89,116213.47,116370.0,116126.89,1754671500000,3678
50.675310149999994,116327.9483,116181.5,116427.61,116590.0,116160.21,1754672400000,3995
38.17254686999999,116400.6416,116427.6,116364.15,116590.0,116311.79,1754673300000,4034
52.61571492,116525.6748,116364.01,116581.95,116700.0,116339.2,1754674200000,4160
57.945918109999994,116602.335,116581.95,116727.56,116790.0,116528.08,1754675100000,4054
86.09863374,116834.3595,116645.3,116774.53,116960.0,116645.2,1754676000000,4606
92.41501751,116815.4731,116774.54,116630.01,116980.0,116612.5,1754676900000,4523
94.27530585000002,116553.3105,116625.1,116421.36,116800.0,116366.8,1754677800000,5392
51.173569099999995,116507.3244,116421.36,116500.0,116620.0,116344.82,1754678700000,3875
199.71011355,116596.2922,116533.34,116657.36,116800.0,116481.36,1754679600000,4737
388.77889874000005,116644.2593,116657.35,116499.37,116830.0,116472.0,1754680500000,5521
292.8912401,116447.5623,116499.37,116475.9,116640.0,116359.62,1754681400000,5302
391.31683780000003,116491.2467,116472.6,116467.8,116630.0,116421.48,1754682300000,5869
50.40293017000001,116436.8441,116468.28,116500.45,116560.0,116332.84,1754683200000,3875
47.17747638,116496.253,116500.45,116532.24,116620.0,116401.5,1754684100000,3439
52.49604103,116631.3997,116532.25,116798.98,116860.0,116507.9,1754685000000,3159
33.18280195,116861.4521,116796.69,116923.59,116990.0,116774.8,1754685900000,3324
37.69184799,116835.8968,116859.2,116846.32,116970.0,116800.0,1754686800000,3370
40.98135787,116799.8979,116846.32,116821.26,116940.0,116742.1,1754687700000,3548
37.467482600000004,116918.1311,116821.26,116975.51,117050.0,116801.5,1754688600000,3582
23.56360288,116970.1905,116975.5,116977.1,117100.0,116928.63,1754689500000,3095
35.854671460000006,116878.4199,116977.1,116955.01,117040.0,116765.85,1754690400000,3658
24.05030463,116958.378,116955.02,116977.67,117070.0,116847.5,1754691300000,2868
24.246600970000003,116928.002,116968.5,116943.75,117050.0,116877.47,1754692200000,2728
33.240841,116920.5964,116943.74,116893.02,117030.0,116888.3,1754693100000,2556
27.566123170000004,116904.7284,116896.2,116885.73,117020.0,116869.84,1754694000000,2882
69.50905883,116861.4897,116885.73,116808.88,117000.0,116793.44,1754694900000,3475
70.82783565999999,116721.774,116859.1,116722.04,116940.0,116648.17,1754695800000,4137
71.21056768,116699.1082,116722.05,116683.79,116830.0,116664.65,1754696700000,3573
74.76197677,116682.2471,116676.0,116721.55,116820.0,116624.0,1754697600000,4024
63.697402090000004,116714.8766,116721.54,116722.05,116840.0,116660.77,1754698500000,3502
66.57470129,116656.6837,116722.05,116645.68,116820.0,116611.44,1754699400000,3959
61.87125985,116608.8693,116645.68,116596.6,116760.0,116570.57,1754700300000,3430
67.59527480000001,116606.1707,116600.1,116615.63,116770.0,116550.0,1754701200000,3952
52.56601543,116560.4024,116615.63,116555.24,116770.0,116523.31,1754702100000,3360
68.45082895,116581.5706,116555.24,116740.0,116740.0,116551.63,1754703000000,3618
64.23856247,116602.0777,116655.0,116560.98,116780.0,116560.65,1754703900000,3618
67.4650427,116510.5112,116560.98,116590.0,116710.0,116431.62,1754704800000,3872
53.59043585,116453.0463,116436.27,116441.29,116610.0,116415.54,1754705700000,3656
54.13064693999999,116411.2204,116465.0,116437.41,116570.0,116380.48,1754706600000,3666
54.711474399999986,116422.4692,116437.41,116392.06,116560.0,116389.92,1754707500000,3350
52.32189969999999,116380.8607,116463.9,116458.98,116570.0,116351.43,1754708400000,3580
13.60285897,116453.5003,116458.89,116462.38,116580.0,116414.49,1754709300000,2328
19.917161150000002,116412.5207,116464.0,116433.83,116580.0,116343.34,1754710200000,2317
9.844216309999998,116402.9868,116433.82,116394.98,116520.0,116368.76,1754711100000,1969
21.66574769,116483.9626,116400.2,116575.33,116660.0,116360.86,1754712000000,2318
9.6443075,116483.441,116575.32,116485.07,116660.0,116442.72,1754712900000,1765
25.23220963,116595.4021,116483.71,116448.71,116770.0,116425.02,1754713800000,2769
18.90526276,116429.3142,116444.99,116465.87,116560.0,116391.76,1754714700000,2504
52.816140589999996,116606.2554,116400.1,116560.22,116820.0,116400.0,1754715600000,3813
50.49953580999998,116844.2973,116560.21,116974.74,117040.0,116560.13,1754716500000,3534
42.87545507,116874.6637,116975.94,116893.3,117040.0,116731.0,1754717400000,3049
31.463497359999995,116844.6033,116900.0,116729.8,117010.0,116713.59,1754718300000,2651
18.52400897,116648.4026,116729.9,116598.8,116830.0,116590.84,1754719200000,2491
26.643545959999997,116698.7036,116592.36,116646.5,116810.0,116552.87,1754720100000,2411
35.430116510000005,116612.0169,116643.31,116614.97,116720.0,116551.18,1754721000000,2479
23.15272428,116639.3099,116614.97,116671.63,116750.0,116588.63,1754721900000,2078
26.73441562,116729.5467,116701.4,116751.31,116790.0,116649.3,1754722800000,1824
15.51199925,116852.6214,116751.55,116897.97,116930.0,116728.5,1754723700000,1679
27.00145979,116867.9899,116897.98,116795.1,116950.0,116786.55,1754724600000,2051
8.050112440000001,116779.2583,116795.63,116772.96,116850.0,116762.18,1754725500000,1208
14.72976072,116812.6832,116763.3,116789.67,116920.0,116762.03,1754726400000,1538
28.348866179999998,116819.3912,116789.66,116897.87,116900.0,116763.2,1754727300000,2259
49.88807286000001,116988.0078,116855.0,117167.99,117180.0,116850.0,1754728200000,2612
23.049882370000002,117028.2172,117167.99,117120.15,117210.0,116807.56,1754729100000,2275
45.73135858,117247.3166,117045.4,117422.38,117510.0,117045.4,1754730000000,3167
26.87911703,117335.528,117418.49,117306.21,117500.0,117242.29,1754730900000,2303
44.13083322,117301.9107,117306.21,117287.55,117430.0,117258.5,1754731800000,2396
29.295660720000004,117379.4961,117280.6,117512.88,117540.0,117245.66,1754732700000,2420
64.64449053999999,117631.2895,117445.7,117761.76,117790.0,117445.6,1754733600000,3501
72.50434952,117821.6535,117763.32,117769.5,117950.0,117674.63,1754734500000,3620
52.04558934000001,117583.4484,117769.6,117524.77,117800.0,117440.07,1754735400000,2827
26.743557559999996,117511.8203,117525.58,117437.46,117661.53,117390.61,1754736300000,2261
42.303163469999994,117396.863,117415.8,117250.86,117480.0,117230.21,1754737200000,2485
19.932276149999996,117270.3761,117250.86,117286.92,117320.0,117232.51,1754738100000,2336
18.94522235,117211.733,117281.76,117246.23,117330.0,117086.58,1754739000000,2154
26.21205268,117154.6718,117246.23,117114.5,117280.0,117092.5,1754739900000,2300
16.687524789999998,117150.5599,117120.2,117222.49,117300.0,117065.54,1754740800000,2288
26.65113274,117178.1226,117206.9,117180.02,117260.0,117126.8,1754741700000,2220
25.3106424,117111.5139,117180.01,117046.86,117250.0,117009.8,1754742600000,2672
11.443539749999998,117109.4008,117045.43,117112.71,117190.0,117009.8,1754743500000,2083
29.844064859999996,117023.1984,117146.7,116919.31,117170.0,116891.27,1754744400000,2906
25.896659099999997,116947.2328,116919.32,117013.85,117090.0,116880.19,1754745300000,2632
14.466016729999998,116955.637,117013.93,117001.05,117050.0,116878.0,1754746200000,2443
17.965852990000002,116996.3777,117001.05,116975.66,117070.0,116930.25,1754747100000,2510
38.3027051,116884.9468,116984.4,116984.63,117090.0,116755.42,1754748000000,3313
15.283740689999998,116954.4402,116954.1,116947.5,117040.0,116888.88,1754748900000,2487
25.653235280000004,116879.2036,116948.96,116849.5,116980.0,116838.9,1754749800000,2622
27.03386492,116922.4902,116839.3,116978.77,116999.38,116826.19,1754750700000,2765
20.241037970000008,116979.5127,116967.0,117008.43,117050.0,116911.91,1754751600000,2648
53.61003238999999,116928.0748,117013.67,116849.43,117170.0,116720.0,1754752500000,3891
30.95408589,116856.1721,116849.44,116862.1,116940.0,116805.16,1754753400000,2808
17.91802217,116859.431,116833.55,116912.04,116950.0,116802.01,1754754300000,2609
26.962834380000004,116897.1818,116882.6,116847.52,116972.03,116825.02,1754755200000,2885
25.920100610000006,116786.3255,116847.52,116749.73,116880.0,116735.82,1754756100000,2917
23.22994584,116736.0992,116770.6,116758.02,116820.0,116659.27,1754757000000,2878
17.87770873,116705.2757,116775.0,116665.42,116800.0,116651.0,1754757900000,2876
21.0127767,116740.0342,116714.6,116766.99,116830.0,116651.0,1754758800000,2669
20.340472139999996,116763.2213,116767.0,116761.85,116820.0,116714.96,1754759700000,2940
17.94839493,116736.7118,116761.84,116715.6,116830.0,116686.09,1754760600000,3254
21.074098329999998,116683.4184,116712.83,116697.91,116770.0,116632.94,1754761500000,2951
31.80015054,116693.962,116700.1,116680.58,116750.56,116661.94,1754762400000,2896
18.362618759999997,116701.7426,116680.6,116692.37,116760.0,116654.5,1754763300000,2642
17.02804762,116669.7795,116709.6,116700.0,116760.0,116625.0,1754764200000,2672
37.720602670000005,116633.1993,116625.49,116655.71,116740.0,116563.17,1754765100000,3232
19.635887340000004,116692.4061,116679.0,116662.72,116780.0,116649.8,1754766000000,2861
22.74418188,116616.6603,116662.73,116633.8,116740.0,116555.52,1754766900000,2989
30.248021509999997,116595.8422,116633.54,116593.44,116680.0,116561.72,1754767800000,2942
17.742713939999998,116570.2021,116593.44,116569.86,116654.63,116528.08,1754768700000,2669
25.927859979999997,116550.9496,116587.6,116562.72,116639.74,116520.0,1754769600000,2729
68.39500206999999,116658.521,116562.72,116760.63,116780.0,116510.7,1754770500000,3829
63.696380039999994,116872.2353,116760.64,116943.87,117062.29,116733.75,1754771400000,3888
30.92329384,116811.5515,116943.9,116793.13,116960.0,116739.58,1754772300000,3142
28.45378207,116777.9285,116800.1,116712.6,116840.0,116705.04,1754773200000,3070
162.02851350999998,116510.0882,116710.27,116438.15,116790.0,116361.7,1754774100000,4456
29.36238521,116482.9512,116438.14,116465.04,116580.0,116384.6,1754775000000,3262
17.622925079999998,116555.461,116465.04,116546.62,116650.0,116465.01,1754775900000,2814
16.44843189,116570.6162,116561.0,116604.98,116650.0,116518.56,1754776800000,2610
24.79722483,116711.0711,116604.99,116707.57,116780.0,116558.7,1754777700000,2802
23.42434459,116660.44,116687.5,116630.4,116750.0,116601.45,1754778600000,2744
30.25973215,116601.9314,116630.4,116573.12,116680.0,116525.1,1754779500000,3277
19.4378967,116544.3276,116559.4,116529.97,116640.0,116507.8,1754780400000,3037
121.92617592,116443.7682,116529.96,116471.0,116590.0,116282.1,1754781300000,3380
18.666374069999996,116492.6885,116471.0,116491.52,116560.0,116458.32,1754782200000,3021
8.021686490000002,116496.0434,116493.37,116492.51,116550.0,116467.3,1754783100000,2159
17.5673439,116535.9519,116467.4,116612.62,116650.0,116467.3,1754784000000,2420
8.53141221,116625.2262,116612.62,116614.38,116680.0,116549.8,1754784900000,1838
10.803435570000001,116607.4244,116614.39,116648.59,116710.0,116569.2,1754785800000,2006
17.132698740000002,116709.3908,116648.59,116773.9,116790.0,116588.9,1754786700000,2449
17.616246920000002,116705.4146,116698.9,116637.18,116810.0,116633.3,1754787600000,2403
9.889063499999999,116666.3346,116637.18,116638.88,116740.0,116632.82,1754788500000,1896
16.61128085,116658.8088,116638.88,116628.64,116730.0,116625.01,1754789400000,2720
12.379279559999997,116592.8103,116628.64,116606.82,116680.0,116559.99,1754790300000,2428
11.91813313,116611.5671,116564.3,116645.56,116700.0,116564.2,1754791200000,1989
12.20731514,116744.484,116645.55,116737.5,116830.0,116596.9,1754792100000,2306
30.869697390000002,116956.4799,116821.25,117049.27,117141.17,116737.5,1754793000000,4126
50.70079349,117201.1478,117049.27,117324.99,117350.0,116954.9,1754793900000,3170
142.41300022,117715.8134,117300.2,117913.78,117980.0,117260.11,1754794800000,5799
259.58318123000004,118122.2046,117910.66,118372.18,118520.0,117559.0,1754795700000,10339
75.91088842999999,118362.1492,118360.4,118218.96,118510.0,118161.83,1754796600000,5610
82.64425505,118319.7783,118218.86,118515.2,118540.0,118141.35,1754797500000,4419
274.0072861100001,118663.1527,118450.0,118703.2,118773.35,118450.0,1754798400000,5721
38.01208024,118636.1604,118724.12,118646.48,118750.0,118545.4,1754799300000,2893
28.215744799999996,118548.3644,118646.48,118406.26,118690.0,118406.25,1754800200000,2791
66.06527302,118494.612,118406.26,118507.77,118590.0,118360.82,1754801100000,2865
28.39645652,118382.7525,118417.8,118272.38,118560.0,118263.0,1754802000000,2750
61.08498511999999,118095.9916,118273.76,117921.19,118340.0,117909.68,1754802900000,3860
27.633273440000007,118133.4449,117982.6,118282.49,118320.0,117930.23,1754803800000,2686
19.10806558,118102.3683,118282.49,118065.13,118282.49,117952.47,1754804700000,2250
17.70589831,118105.9712,118037.9,118130.0,118230.0,118031.8,1754805600000,2135
31.912502089999993,117905.3339,118130.0,117860.03,118130.0,117832.4,1754806500000,2272
51.4124676,117905.4389,117878.0,117990.94,118050.0,117741.51,1754807400000,2240
22.37844975,118053.7789,117992.5,118072.5,118180.0,117950.0,1754808300000,1975
15.55584125,118178.061,118065.0,118154.67,118300.0,118064.9,1754809200000,1870
18.49814498,118163.8682,118154.0,118125.1,118290.0,118085.55,1754810100000,1730
35.771564729999994,117847.673,118095.83,117629.78,118170.0,117610.0,1754811000000,2532
59.26918341000001,117628.4801,117720.0,117814.16,117890.0,117477.71,1754811900000,3154
60.15596337,117830.4276,117790.9,117992.52,118080.0,117617.51,1754812800000,3002
14.003134739999998,118094.5067,118011.25,118129.57,118220.0,117951.9,1754813700000,1810
9.96153445,118172.4304,118136.3,118136.4,118250.0,118090.0,1754814600000,1538
26.507586579999998,118304.5995,118135.0,118314.02,118450.0,118135.0,1754815500000,1930
14.538051359999999,118329.4136,118339.6,118321.01,118420.0,118257.5,1754816400000,1667
9.683145829999997,118331.8778,118321.03,118268.47,118450.0,118260.26,1754817300000,1487
11.58747033,118197.6934,118268.47,118220.0,118340.0,118116.26,1754818200000,1501
48.795736290000015,118226.3159,118116.26,118285.99,118490.0,118101.4,1754819100000,2024
11.34191409,118224.1297,118301.4,118151.27,118350.0,118121.0,1754820000000,1579
13.809363879999998,118166.7159,118151.25,118180.42,118270.0,118087.5,1754820900000,1493
13.01417318,118103.195,118166.7,118198.03,118250.0,118001.8,1754821800000,1850
13.263203110000001,118108.2031,118198.31,118015.96,118310.0,118004.88,1754822700000,1641
19.678470750000002,117994.3663,118026.7,118018.64,118120.0,117934.58,1754823600000,1820
15.29800511,118136.8436,118022.53,118287.65,118330.0,117957.3,1754824500000,1805
31.03755662,118345.1271,118288.88,118414.2,118540.0,118198.78,1754825400000,2262
48.91089516,118406.5621,118414.3,118369.1,118560.0,118291.27,1754826300000,2513
57.544639280000005,118422.7676,118369.1,118518.75,118600.0,118236.36,1754827200000,3126
48.320547510000004,118615.1823,118518.75,118571.56,118740.0,118454.4,1754828100000,2832
43.59021298,118652.6305,118571.55,118706.89,118770.0,118571.55,1754829000000,2313
32.65218213,118659.2342,118706.9,118513.61,118800.0,118457.18,1754829900000,2465
18.553699079999998,118574.6736,118472.2,118578.44,118740.0,118457.5,1754830800000,3268
44.22592956,118527.0869,118660.0,118565.44,118676.9,118380.0,1754831700000,3841
28.42027234,118472.2268,118565.43,118500.0,118630.0,118364.99,1754832600000,3910
67.61233801,118562.0158,118562.37,118445.19,118730.0,118427.05,1754833500000,3950
72.70998804999999,118528.1968,118433.0,118590.34,118670.0,118317.92,1754834400000,3682
95.4806056,118716.407,118575.0,118820.26,118890.0,118543.05,1754835300000,4162
52.358376879999994,118730.229,118821.61,118779.46,118850.0,118624.92,1754836200000,3123
81.82501133000001,118764.5611,118755.5,118786.19,118900.0,118591.93,1754837100000,3189
142.99966948,118947.0982,118780.1,118899.99,119190.0,118740.0,1754838000000,5449
26.61461913,118766.4988,118891.65,118688.15,119040.0,118639.0,1754838900000,3219
22.53656746,118622.091,118688.24,118648.4,118830.0,118557.82,1754839800000,2988
35.076219849999994,118806.4689,118729.18,118803.04,118940.0,118648.3,1754840700000,3073
26.46265944,118887.7882,118803.03,118870.4,119010.0,118790.01,1754841600000,2865
41.54214899,118750.8707,118833.75,118712.56,118950.0,118659.3,1754842500000,2672
32.5224499,118693.9755,118701.1,118773.79,118860.0,118613.58,1754843400000,2605
13.065387150000003,118710.3872,118749.9,118669.23,118910.0,118632.51,1754844300000,2420
17.645157389999998,118638.5059,118662.5,118577.23,118770.0,118576.91,1754845200000,2491
52.77696298,118488.2951,118602.1,118458.74,118720.0,118440.7,1754846100000,3539
12.78276701,118537.1202,118458.74,118519.04,118660.0,118444.2,1754847000000,2833
13.813792879999998,118543.295,118519.06,118529.8,118670.0,118515.15,1754847900000,2404
14.42677932,118520.3184,118526.2,118540.05,118640.0,118482.31,1754848800000,2365
10.475266710000001,118475.5792,118540.05,118448.96,118630.0,118425.5,1754849700000,1994
20.99227839,118496.4999,118448.97,118547.79,118650.0,118429.2,1754850600000,2156
15.04756643,118568.2141,118547.79,118548.15,118700.0,118518.38,1754851500000,2330
32.01374173,118543.3743,118566.0,118651.85,118710.0,118445.22,1754852400000,2406
20.2910277,118594.759,118651.86,118565.93,118750.0,118556.01,1754853300000,2384
22.239201299999998,118640.1472,118563.59,118664.28,118800.0,118540.61,1754854200000,2129
9.75901764,118680.6231,118657.6,118675.53,118810.0,118625.5,1754855100000,2188
101.44473599,118396.0177,118657.7,118322.37,118790.0,118212.9,1754856000000,3379
114.95771019,118220.3153,118320.83,118298.5,118470.0,118081.6,1754856900000,4412
41.857964980000006,118565.2497,118298.49,118684.8,118810.0,118298.49,1754857800000,3214
48.45412646999999,118599.0602,118684.8,118331.38,118850.0,118331.37,1754858700000,3186
119.46310594,118182.633,118414.3,118244.27,118460.0,118041.7,1754859600000,4006
29.698203529999997,118299.7395,118244.27,118238.76,118540.0,118187.5,1754860500000,3155
28.77046906,118229.7105,118320.0,118264.52,118360.0,118162.17,1754861400000,2878
21.63722871,118500.8553,118264.51,118724.04,118760.0,118228.7,1754862300000,2948
113.4098816,118783.2262,118724.04,118880.41,119010.0,118618.0,1754863200000,4628
39.370246460000004,118909.8399,118880.4,118855.39,119050.0,118833.88,1754864100000,2901
30.0384146,118947.6547,118839.2,118982.5,119080.0,118839.1,1754865000000,2616
36.941095510000004,118991.8427,118960.0,119091.51,119140.0,118917.21,1754865900000,2734
105.40100319999999,119171.9862,119150.0,118960.23,119330.0,118960.23,1754866800000,4537
59.66959000999999,118933.567,119034.0,119030.0,119100.0,118857.01,1754867700000,3778
104.87445836999999,119199.1742,119039.31,119274.69,119430.0,118981.8,1754868600000,4342
48.80817043,119287.7056,119274.68,119309.37,119390.0,119219.04,1754869500000,2710
63.70868923,119263.3761,119288.4,119244.24,119370.0,119154.17,1754870400000,3418
115.94985498000001,119397.5882,119239.28,119420.9,119560.0,119200.0,1754871300000,4899
35.01688507,119323.6186,119420.89,119247.51,119530.0,119166.25,1754872200000,3467
57.2147582,119224.4324,119249.37,119153.98,119410.0,119123.76,1754873100000,3286
44.402271539999994,119180.3905,119153.98,119124.23,119310.0,119061.7,1754874000000,3201
50.69104445,119118.7692,119124.21,119193.6,119320.0,119000.91,1754874900000,3676
340.90797608,119674.4739,119193.6,119787.5,119860.0,119183.75,1754875800000,10167
235.86300724,119897.2707,119796.24,119999.35,120100.0,119645.1,1754876700000,6789
640.49460054,120645.0013,119999.36,121287.24,121380.0,119939.8,1754877600000,18824
294.19038235000005,121386.7285,121264.9,121502.3,121760.0,120938.15,1754878500000,13845
159.9713191,121621.3695,121502.3,121740.0,121840.0,121349.95,1754879400000,7741
151.48080356000003,121825.9809,121740.0,121876.03,121950.0,121634.56,1754880300000,6635
258.42063449000005,121857.3011,121820.0,121996.97,122050.0,121588.93,1754881200000,7794
194.38760610999998,121911.9826,121979.9,121770.22,122200.0,121651.0,1754882100000,9819
138.8123764,121635.293,121738.8,121565.74,121830.0,121528.2,1754883000000,5126
71.30171155,121753.3747,121640.0,121709.49,121980.0,121546.25,1754883900000,4175
70.33896818000001,121740.8301,121710.2,121705.57,121910.0,121635.0,1754884800000,4477
103.69325850999999,121712.887,121703.76,121702.0,121960.0,121598.69,1754885700000,4872
121.11015455,121711.7153,121680.3,121662.1,121880.0,121607.51,1754886600000,5244
282.78784559999997,121947.7147,121677.8,122120.0,122180.0,121660.02,1754887500000,7123
93.05383905,122169.6477,122087.3,122294.79,122340.0,122006.42,1754888400000,5943
70.23973764,122035.8422,122290.93,121939.5,122310.0,121806.73,1754889300000,4615
61.93093123999999,121902.874,121939.5,121832.92,122040.0,121801.0,1754890200000,3168
74.11575466,121932.3612,121832.93,122036.11,122130.0,121775.0,1754891100000,3618
51.09792816999999,122045.3378,121987.0,122070.0,122150.0,121975.4,1754892000000,3577
65.26198119,122047.693,122070.1,122087.48,122150.0,121900.01,1754892900000,3613
60.37890629,122154.451,122081.8,122219.31,122270.0,122054.6,1754893800000,3498
65.00964680000001,122250.8186,122219.97,122292.12,122370.0,122141.26,1754894700000,3193
55.2950845,122133.6836,122224.9,121971.34,122370.0,121962.4,1754895600000,4054
62.22652247,121976.3254,121962.4,121888.06,122160.0,121833.47,1754896500000,2772
54.0856716,121761.9308,121887.3,121792.0,121980.0,121653.2,1754897400000,2716
66.51313623,121614.687,121763.9,121466.3,121840.0,121452.53,1754898300000,3250
127.32538589999999,121379.6289,121522.07,121626.17,121690.0,121177.31,1754899200000,4544
26.11395748,121613.6681,121626.17,121750.0,121750.0,121547.78,1754900100000,2273
28.14944138,121666.841,121644.0,121676.58,121840.0,121555.0,1754901000000,2387
26.393870449999998,121676.8571,121669.68,121662.14,121830.0,121617.49,1754901900000,1858
55.130838510000004,121532.8705,121700.3,121471.39,121750.0,121452.4,1754902800000,2595
36.41725273,121347.9407,121471.4,121266.26,121550.0,121223.79,1754903700000,2350
59.83035201,121227.7564,121266.25,121431.78,121450.0,121094.37,1754904600000,2692
36.08242768,121382.7652,121428.65,121406.25,121490.0,121282.75,1754905500000,2454
38.528292910000005,121239.2408,121407.36,121281.25,121450.0,121121.16,1754906400000,2657
31.15756454,121297.7523,121281.24,121265.94,121420.0,121104.96,1754907300000,2698
26.212206140000003,121148.3026,121265.95,121113.74,121370.0,121075.0,1754908200000,2220
60.95080656,121058.0863,121112.42,121150.11,121260.0,120926.35,1754909100000,3186
71.8861601,121028.5617,121101.8,120921.43,121300.0,120777.77,1754910000000,3849
124.51924639,120723.0084,120921.42,120518.8,121010.0,120492.99,1754910900000,3765
136.60284131000003,120555.2555,120493.0,120687.1,120830.0,120316.91,1754911800000,5382
69.57971823999999,120484.8865,120662.48,120525.0,120770.0,120248.43,1754912700000,4192
114.48225527,120325.0501,120579.4,120155.23,120690.0,120026.24,1754913600000,5139
133.66279463,120103.1033,120152.23,120128.75,120340.0,119955.16,1754914500000,4928
132.32618842,119851.0663,120132.6,119561.85,120310.0,119561.85,1754915400000,6241
113.18012490000002,119596.0774,119635.0,119556.5,119830.0,119505.0,1754916300000,4565
116.61811599999999,119495.5294,119620.83,119509.2,119770.0,119333.35,1754917200000,5551
96.41150289,119528.1116,119509.22,119514.07,119800.0,119400.1,1754918100000,4288
158.87361118,119858.6369,119514.07,120166.52,120230.0,119451.3,1754919000000,6954
157.47134915000004,120047.2598,120161.98,119976.39,120330.0,119790.0,1754919900000,6542
76.07091989,120069.2954,119976.4,120004.5,120250.0,119910.38,1754920800000,4871
67.70605899,119933.6946,120032.56,119876.73,120140.0,119749.72,1754921700000,4910
120.20302976999999,120221.9127,119876.2,120093.75,120590.0,119830.0,1754922600000,5660
72.78828564,120110.0668,120150.1,120222.41,120310.0,119890.0,1754923500000,4261
104.59909655,120004.2886,120200.1,119987.96,120310.0,119821.48,1754924400000,5817
112.14466816000001,120095.4219,119987.97,120082.21,120350.0,119899.9,1754925300000,5182
80.30475135,120288.8361,120084.98,120358.43,120480.0,120064.91,1754926200000,4314
70.25074563000001,120253.1737,120357.65,120360.0,120440.0,120141.6,1754927100000,4351
111.42287710999997,120566.3147,120287.6,120699.62,120810.0,120214.8,1754928000000,6066
101.21672757,120639.5349,120699.99,120542.31,120860.0,120410.02,1754928900000,5571
130.46915252,120209.8266,120528.6,119959.2,120650.0,119950.0,1754929800000,5425
41.95017533,120064.4672,119968.18,119940.01,120250.0,119911.55,1754930700000,4224
56.660407899999996,120036.8803,119940.0,119906.31,120180.0,119890.96,1754931600000,4388
74.72738901999999,119785.9326,119901.44,119787.95,119970.0,119646.93,1754932500000,4782
59.040784009999996,119731.5471,119787.94,119755.73,119900.0,119637.69,1754933400000,3925
72.32118484,119560.2052,119755.73,119493.62,119850.0,119462.75,1754934300000,4725
127.38467933,119405.3045,119496.6,119496.86,119690.0,119249.8,1754935200000,5151
54.131047679999995,119621.3537,119496.86,119608.15,119770.0,119434.01,1754936100000,4496
43.19833694,119746.5824,119610.53,119552.22,119940.0,119548.15,1754937000000,4407
35.946314609999995,119675.1479,119547.06,119773.04,119870.0,119472.78,1754937900000,4576
50.975500530000005,119666.4029,119762.6,119598.82,119850.0,119598.8,1754938800000,4766
49.129232609999995,119567.1636,119598.81,119492.63,119710.0,119492.6,1754939700000,3878
138.71775206999996,119286.0432,119492.6,119194.7,119610.0,119152.35,1754940600000,5752
364.45667466000003,118911.8915,119162.57,119066.2,119280.0,118541.21,1754941500000,11626
142.57251681000005,118783.4923,119066.2,118724.72,119180.0,118621.07,1754942400000,6837
87.33747389000001,118699.3057,118724.72,118852.52,118970.0,118549.54,1754943300000,5091
40.723768490000005,118936.0422,118852.52,119005.8,119160.0,118848.5,1754944200000,3759
51.60288713,118959.3105,119005.81,118833.55,119170.0,118803.9,1754945100000,4045
69.67033529999999,118941.2648,118879.2,119064.18,119150.0,118780.41,1754946000000,4520
60.3989641,119081.8517,119062.84,119029.91,119240.0,118945.56,1754946900000,4271
229.63439862999996,118646.3711,119029.92,118718.32,119120.0,118286.78,1754947800000,7381
205.63245253000005,118418.6543,118718.33,118726.85,118830.0,118050.0,1754948700000,7956
107.25536154,118590.1156,118720.55,118580.88,118840.0,118379.1,1754949600000,5077
53.46132191000001,118512.5515,118584.85,118542.46,118800.0,118276.3,1754950500000,4621
38.191636949999996,118681.9099,118487.5,118742.86,118830.0,118341.89,1754951400000,3901
38.125879219999995,118845.9272,118742.88,118910.87,119000.0,118702.3,1754952300000,3383
36.287339949999996,118839.2366,118884.8,118875.76,118980.0,118761.06,1754953200000,3400
23.700092290000004,118785.0255,118875.76,118688.79,118960.0,118666.74,1754954100000,2711
27.03074419,118678.1682,118694.89,118767.19,118820.0,118600.11,1754955000000,3133
19.755933300000002,118772.8693,118768.22,118701.84,118910.0,118661.0,1754955900000,2962
37.281243100000005,118706.8651,118724.5,118746.74,118870.0,118607.84,1754956800000,3425
31.467870599999994,118888.2512,118746.73,118887.95,119060.0,118661.1,1754957700000,3557
55.711319169999996,118861.3974,118887.95,118765.92,119030.0,118661.73,1754958600000,3594
37.50344924000001,118853.0929,118765.92,118967.08,119110.0,118722.0,1754959500000,3157
70.12421682,119051.725,118966.93,118868.59,119180.0,118860.54,1754960400000,4023
31.89396442,118997.5803,118884.83,119071.74,119150.0,118779.26,1754961300000,3344
17.114769900000002,119012.1358,119071.75,119065.13,119090.0,118931.12,1754962200000,2639
13.558228799999998,119042.3178,119065.13,118989.34,119150.0,118975.0,1754963100000,2312
29.15825472,118977.3154,118989.34,119003.58,119140.0,118839.57,1754964000000,3019
25.246435679999998,119059.3321,119003.58,119128.68,119220.0,118922.14,1754964900000,2809
31.42218572,119204.6265,119128.68,119206.4,119380.0,119093.8,1754965800000,2840
15.66455701,119129.3331,119185.87,119065.86,119290.0,119065.31,1754966700000,2613
19.467444460000003,118983.8207,119093.9,118995.56,119200.0,118869.11,1754967600000,2821
55.39801891,118965.2531,118995.56,118939.5,119090.0,118886.23,1754968500000,3096
20.75401232,119001.5683,118939.6,118868.3,119170.0,118859.28,1754969400000,3066
18.115148959999996,118849.6716,118878.7,118857.75,118970.0,118750.9,1754970300000,2652
17.64577746,118890.0133,118807.7,118932.32,119030.0,118806.33,1754971200000,2377
10.597569219999999,118951.5161,118934.7,119042.93,119070.0,118892.51,1754972100000,2218
27.05427992,119074.8758,119042.92,119076.42,119190.0,118942.4,1754973000000,3327
27.704057790000004,119070.1651,119076.41,119067.05,119200.0,118985.0,1754973900000,2281
55.55480175000001,118844.3372,119077.9,118857.47,119160.0,118675.51,1754974800000,4217
28.55938841,118719.7069,118857.48,118631.59,118950.0,118617.73,1754975700000,3221
60.48845771000001,118539.3324,118631.59,118489.33,118730.0,118419.0,1754976600000,4329
45.65238996,118674.4512,118513.9,118828.04,118860.0,118489.32,1754977500000,2734
44.18109457,118810.4238,118762.0,118714.03,118920.0,118701.2,1754978400000,2247
25.24690956,118839.4171,118718.34,118999.92,119080.0,118606.57,1754979300000,2529
27.67797422,118943.8795,118965.2,118963.24,119070.0,118892.32,1754980200000,2649
86.71365888000001,118915.9084,118963.24,118843.65,119070.0,118823.83,1754981100000,2908
24.248264380000002,119029.4141,118843.66,119110.71,119140.0,118843.66,1754982000000,2486
17.84408212,119123.3143,119110.7,119133.75,119220.0,119036.3,1754982900000,2040
28.42670442,119045.15,119100.0,119020.02,119190.0,118979.7,1754983800000,2441
18.46234507,119024.87,119020.02,118993.98,119150.0,118957.92,1754984700000,1732
26.825366510000002,118925.9782,118975.1,118922.39,119070.0,118865.72,1754985600000,2176
28.46656622,118868.9601,118922.39,118836.82,118980.0,118778.3,1754986500000,2409
28.0983866,118875.5603,118836.83,119034.65,119120.0,118733.57,1754987400000,2881
23.923214499999993,118933.5398,119034.65,118817.52,119110.0,118797.79,1754988300000,2551
32.10974627,118718.6265,118829.7,118635.85,118970.0,118562.95,1754989200000,2858
35.95242484,118654.3646,118635.85,118619.1,118820.0,118531.43,1754990100000,2682
23.26790248,118593.7498,118780.0,118551.23,118780.0,118535.71,1754991000000,2148
23.03833573,118500.5694,118551.23,118413.72,118660.0,118400.0,1754991900000,2591
42.604798450000004,118321.0682,118417.69,118246.16,118530.0,118212.03,1754992800000,4644
29.12699042,118408.3629,118246.17,118526.1,118610.0,118246.17,1754993700000,2707
37.04181331,118461.4862,118526.22,118384.27,118700.0,118348.15,1754994600000,2552
34.458038710000004,118448.2831,118384.27,118449.55,118650.0,118326.41,1754995500000,3508
60.991217230000004,118346.2156,118440.6,118247.45,118570.0,118200.0,1754996400000,4696
61.990853679999994,118361.5016,118241.43,118475.59,118520.0,118190.81,1754997300000,5429
19.982973100000002,118533.2483,118436.1,118391.82,118680.0,118370.77,1754998200000,4022
21.25831881,118507.3438,118391.82,118502.05,118630.0,118391.81,1754999100000,3640
57.20320711,118423.7868,118502.08,118353.57,118600.0,118330.41,1755000000000,3989
81.05610226,118362.5906,118353.57,118471.27,118620.0,118255.6,1755000900000,4209
334.58884132,118949.3948,118471.26,119093.43,119250.0,118471.26,1755001800000,13417
122.59392092999998,119118.0603,119093.42,119266.8,119330.0,118951.96,1755002700000,8282
109.42777731,119039.6185,119272.72,119051.24,119340.0,118811.0,1755003600000,7084
58.16640858999999,119094.0848,119051.23,119195.19,119250.0,118959.51,1755004500000,5647
300.11084732999996,119312.6685,119202.14,118731.95,119770.0,118703.5,1755005400000,11430
162.10835742,118831.9864,118735.44,118851.38,119120.0,118617.74,1755006300000,9198
91.09689147,119005.9168,118848.26,119166.54,119290.0,118750.0,1755007200000,7434
68.9151161,119159.3069,119170.44,119200.01,119310.0,119001.55,1755008100000,5749
63.80678891,119191.6729,119235.0,119121.06,119360.0,119059.45,1755009000000,5935
88.7722983,119273.5748,119112.5,119449.49,119470.0,118970.8,1755009900000,5743
140.16754010000002,119460.1195,119375.0,119455.7,119610.0,119310.14,1755010800000,5660
93.59221795,119649.8763,119446.96,119779.01,119800.0,119446.95,1755011700000,4487
148.66199959,119800.1888,119781.03,119680.69,119989.0,119639.44,1755012600000,6650
53.64770504,119794.8294,119680.68,119919.4,119980.0,119604.0,1755013500000,4714
117.81521441999999,119983.1873,119938.7,119835.12,120210.0,119813.87,1755014400000,6362
64.54449772,119812.1047,119826.7,119727.61,119966.89,119588.1,1755015300000,4845
55.18636215,119626.0932,119645.4,119563.59,119730.0,119522.05,1755016200000,4589
44.62944789,119622.8886,119563.68,119655.0,119739.3,119534.0,1755017100000,4284
55.530783080000006,119751.0881,119628.8,119704.27,119853.06,119583.71,1755018000000,4596
109.52760018000001,119629.0467,119709.98,119435.15,119872.11,119294.63,1755018900000,5664
81.04197477000001,119469.0143,119435.14,119446.63,119579.05,119350.0,1755019800000,5076
73.61804166,119366.5465,119448.64,119233.0,119505.0,119191.0,1755020700000,5464
85.39598303,119562.4575,119233.0,119809.38,119809.38,119232.9,1755021600000,5423
120.44584893000003,119931.1407,119809.38,119784.19,120091.72,119720.01,1755022500000,6620
47.74677164000001,119619.7324,119784.21,119564.14,119845.59,119501.6,1755023400000,4904
110.26641738,119418.6088,119573.92,119351.26,119590.0,119258.72,1755024300000,7697
51.77748212,119450.5483,119320.0,119550.7,119556.49,119300.02,1755025200000,4694
69.95304181,119760.479,119550.53,119827.3,119892.93,119525.8,1755026100000,5032
70.80522993000001,119851.2302,119827.3,119745.03,119985.85,119698.44,1755027000000,5124
72.51463697,119699.1567,119745.03,119655.97,119787.1,119632.23,1755027900000,4796
41.949207269999995,119637.8915,119661.29,119759.99,119824.29,119499.38,1755028800000,4299
152.62797108,119880.4632,119759.99,119810.53,120042.32,119720.0,1755029700000,7999
121.08441697999999,120088.7839,119814.57,120047.95,120187.8,119785.1,1755030600000,6054
106.63079674,120202.2491,120047.95,120182.6,120327.0,119999.9,1755031500000,6215
107.84901047000001,120016.7333,120182.6,120011.96,120197.8,119837.21,1755032400000,7492
87.16723401,120083.2309,120011.96,120100.91,120141.62,119970.0,1755033300000,5386
80.78163357999998,119986.1624,120100.9,119994.0,120106.02,119819.6,1755034200000,5481
62.11447926000002,119917.6767,120000.02,119889.41,120000.02,119780.0,1755035100000,4754
62.784268389999994,119800.0642,119889.4,119748.66,120000.0,119667.68,1755036000000,4987
40.14288447,119734.9304,119748.66,119774.8,119830.68,119620.0,1755036900000,4020
35.313795600000006,119866.7907,119770.0,119867.37,119947.44,119720.0,1755037800000,3954
66.20345894,119977.01,119867.37,120090.27,120099.16,119780.0,1755038700000,4337
47.07789831000001,119987.0347,120070.5,120097.38,120099.16,119850.0,1755039600000,4250
41.12803373,120155.7434,120097.38,120175.02,120202.18,119990.0,1755040500000,3549
37.144904159999996,120129.0121,120175.02,120222.09,120239.19,120020.0,1755041400000,3681
65.8838817,120191.4151,120222.08,120113.18,120296.55,120040.0,1755042300000,4607
32.19725242,120063.339,120172.1,120047.62,120176.93,119950.0,1755043200000,3404
47.23660556,119967.0573,120036.3,119929.51,120057.58,119860.0,1755044100000,3324
31.51964306,119911.0891,119929.5,119880.31,120024.91,119800.0,1755045000000,3153
81.17521486,119745.5511,119880.31,119692.9,119962.82,119580.0,1755045900000,4401
115.79367199,119537.865,119702.0,119342.48,119702.0,119270.0,1755046800000,5037
160.18728029,119526.9619,119342.49,119486.56,119662.71,119300.0,1755047700000,4287
25.441171989999997,119443.5019,119489.46,119417.65,119551.08,119310.0,1755048600000,3043
25.75087246,119408.7682,119406.8,119456.37,119522.59,119310.0,1755049500000,2990
38.55625737999999,119291.8228,119456.37,119205.93,119461.3,119140.0,1755050400000,3458
43.494206580000004,119138.0129,119205.92,119281.71,119281.73,119010.0,1755051300000,4502
59.110682489999995,119405.2037,119281.7,119600.0,119694.54,119150.0,1755052200000,4073
27.873629830000006,119616.8558,119600.0,119547.6,119736.53,119480.0,1755053100000,3241
35.76315138,119459.8623,119530.6,119362.6,119631.2,119270.0,1755054000000,3878
29.83015135,119390.0857,119362.6,119408.35,119486.35,119250.0,1755054900000,3119
27.36559543,119503.331,119408.35,119461.3,119619.78,119280.0,1755055800000,3096
30.40953666,119478.9349,119461.2,119466.17,119597.16,119330.0,1755056700000,3299
41.36915483,119680.7172,119475.1,119709.31,119830.0,119380.0,1755057600000,3814
31.921414549999994,119678.9749,119709.31,119530.0,119792.99,119530.0,1755058500000,3234
67.84461707,119537.1234,119592.4,119409.0,119690.93,119290.0,1755059400000,3596
23.44793632,119363.4656,119409.95,119333.86,119431.27,119280.0,1755060300000,2603
21.770659209999998,119335.8703,119337.6,119389.15,119399.71,119260.0,1755061200000,2377
40.39738047,119449.8383,119389.14,119597.64,119679.0,119260.0,1755062100000,3170
55.44154039999999,119362.8999,119597.64,119176.09,119640.2,119030.0,1755063000000,4198
57.26722061,119046.8419,119146.8,119064.31,119215.5,118890.0,1755063900000,4280
24.449380170000005,119105.4831,118978.0,119241.99,119250.93,118890.0,1755064800000,2757
26.39258196,119188.0099,119242.0,119145.5,119282.1,118990.0,1755065700000,2549
29.011095980000004,119271.1975,119162.4,119177.09,119358.65,119030.0,1755066600000,2127
38.48169430000001,119282.6188,119177.08,119200.0,119434.93,119070.0,1755067500000,2439
36.57368231000001,119312.0851,119382.3,119340.32,119502.78,119190.0,1755068400000,2546
14.873472649999997,119388.9573,119340.32,119412.88,119443.81,119190.0,1755069300000,1825
18.35812642,119344.6063,119412.87,119327.25,119439.54,119170.0,1755070200000,1815
49.414234500000006,119446.2384,119328.57,119579.66,119644.04,119180.0,1755071100000,2637
55.06515993000001,119678.0569,119582.46,119790.86,119879.89,119250.0,1755072000000,3197
57.44073725,119771.6034,119792.75,119820.03,119880.18,119570.0,1755072900000,2925
69.09205439,119837.4773,119838.46,119935.0,119953.52,119590.0,1755073800000,2732
55.75309024,119931.2338,119935.0,120050.0,120050.0,119680.0,1755074700000,2980
130.82931145,120030.4548,120000.0,120082.1,120157.23,119780.0,1755075600000,3833
92.79293749999998,120017.626,120150.91,119849.67,120163.8,119670.0,1755076500000,3418
92.85464224999998,119944.6444,119849.67,120012.21,120073.23,119690.0,1755077400000,3044
47.375072540000005,120067.4138,120012.2,120117.96,120160.0,119890.0,1755078300000,2790
295.95430975,120234.194,120145.9,120372.16,120444.1,119940.0,1755079200000,7208
115.68449503000002,120378.1052,120372.01,120389.7,120474.97,120150.0,1755080100000,3860
83.07937834,120407.303,120389.69,120453.09,120462.91,120210.0,1755081000000,2785
81.54087711999999,120437.7347,120453.09,120487.19,120494.01,120220.0,1755081900000,2907
176.59929832000003,120555.1551,120425.0,120628.81,120699.99,120270.0,1755082800000,4500
73.73451952,120581.75,120632.19,120649.79,120720.0,120310.0,1755083700000,4013
43.60180573,120633.9416,120649.79,120709.03,120744.18,120460.0,1755084600000,3385
51.46084154999999,120634.557,120709.03,120554.93,120728.19,120440.0,1755085500000,2973
107.46645568999999,120521.0142,120620.1,120463.52,120686.83,120240.0,1755086400000,4055
69.22914698999999,120505.577,120463.52,120551.69,120600.0,120260.0,1755087300000,3693
57.676164140000004,120517.8473,120551.16,120537.54,120630.52,120250.0,1755088200000,4185
153.15127113999998,120383.2103,120537.55,120293.23,120550.5,119980.0,1755089100000,4709
67.91564244,120326.2184,120237.0,120501.76,120554.69,120020.0,1755090000000,4502
109.16440921999998,120645.2783,120501.75,120630.14,120765.7,120310.0,1755090900000,6220
167.33941468999998,120413.6481,120639.5,120338.68,120766.0,119920.0,1755091800000,7571
613.75584231,121493.8463,120337.83,121789.99,122076.44,120050.0,1755092700000,19228
613.8348670699999,122024.7791,121687.5,122088.69,122242.36,121530.0,1755093600000,14671
317.59535732,121833.9184,122090.51,121723.79,122198.22,121270.0,1755094500000,12877
255.87844918999997,121782.965,121723.75,121687.73,121974.66,121420.0,1755095400000,8669
293.20483860999997,121048.6859,121687.7,120880.1,121687.72,120670.0,1755096300000,8894
111.47414022,121069.7544,120880.1,121008.08,121281.92,120710.0,1755097200000,6191
236.07146066,120559.5884,121008.08,120598.01,121025.0,120230.0,1755098100000,10179
130.81403884,120896.146,120598.01,121360.03,121389.55,120350.0,1755099000000,7119
101.55663215000001,121171.4489,121360.03,120941.15,121374.93,120780.0,1755099900000,6096
181.17375378999998,121377.1958,120941.16,121557.04,121557.08,120820.0,1755100800000,8510
134.93814324999997,121644.845,121556.06,121420.0,121767.9,121310.0,1755101700000,7512
93.82506035,121519.6689,121410.0,121340.37,121742.02,121150.0,1755102600000,6307
81.98171271000001,121380.7682,121340.38,121451.37,121516.7,121050.0,1755103500000,6684
96.67754387999999,121572.7992,121389.0,121622.94,121723.03,121220.0,1755104400000,6464
155.31714901,121763.915,121616.05,121831.45,121880.39,121440.0,1755105300000,7418
81.04594042999999,121716.429,121812.2,121609.93,121875.0,121440.0,1755106200000,5207
70.86061404,121680.3552,121609.93,121833.85,121896.6,121440.0,1755107100000,5649
111.43201428999998,121837.9445,121829.9,121942.75,121988.44,121470.0,1755108000000,7132
86.37964016999999,121756.9035,121917.4,121618.1,121974.05,121400.0,1755108900000,5959
147.552129,121623.3738,121618.2,121541.39,121909.95,121320.0,1755109800000,7891
54.760807039999996,121589.5447,121541.38,121654.57,121733.42,121300.0,1755110700000,4985
205.63708377000003,121885.4973,121642.8,121962.79,122044.05,121380.0,1755111600000,7656
580.45252035,122345.6378,121962.78,122434.7,122593.85,121780.0,1755112500000,17768
198.82309097000004,122431.842,122434.7,122486.69,122632.0,122130.0,1755113400000,9024
299.53059507,122720.9835,122486.68,122804.64,122900.0,122270.0,1755114300000,13338
168.15917916,122742.7785,122806.9,122853.18,122931.9,122420.0,1755115200000,9137
108.07621260999998,122713.7627,122853.17,122661.61,122853.18,122540.0,1755116100000,7897
135.49444686999996,122790.6213,122661.4,122872.71,122872.71,122550.0,1755117000000,8187
220.25406944999997,122961.6346,122867.57,122977.64,123041.33,122660.0,1755117900000,9104
116.00778671999998,122881.766,122977.64,122776.14,123077.0,122580.0,1755118800000,8457
109.29305934,122835.1153,122776.22,122735.8,123000.0,122590.0,1755119700000,6817
113.64699190000002,122728.7956,122735.78,122519.3,122889.33,122470.0,1755120600000,6455
142.49025166,122519.7037,122530.96,122545.1,122720.67,122240.0,1755121500000,8141
137.74318129999997,122893.7402,122627.4,123044.18,123046.86,122450.0,1755122400000,8614
159.33750841,123007.4632,123033.45,123020.0,123141.54,122660.0,1755123300000,8558
380.78840093,123306.5915,123007.8,123573.39,123633.25,122810.0,1755124200000,11951
336.21538174000005,123378.3832,123573.39,123012.91,123698.75,122700.0,1755125100000,11554
126.85100752000001,123101.7486,123012.91,123068.39,123241.1,122730.0,1755126000000,8838
137.34502771000004,123264.3991,123069.6,123379.54,123400.0,122870.0,1755126900000,7504
219.14060615,123567.1122,123379.54,123522.3,123740.24,123000.0,1755127800000,8574
203.46121148,123464.7298,123516.96,123365.63,123644.04,123326.8,1755128700000,9178
213.41647983,123700.6469,123354.3,123926.61,123934.0,122810.0,1755129600000,9390
338.71053663,123958.9886,123926.62,124301.56,124311.46,123310.0,1755130500000,12798
186.48638201,124125.3819,124311.46,123779.33,124533.0,123310.0,1755131400000,13635
131.72504130999997,123742.0731,123779.34,123906.29,123912.49,123290.0,1755132300000,8728
85.86426190999998,123785.6488,123803.7,123654.11,123997.97,123310.0,1755133200000,7893
72.80736913999999,123591.096,123654.11,123591.2,123779.07,123170.0,1755134100000,8092
63.026778570000005,123670.1757,123620.69,123628.41,123845.77,122780.0,1755135000000,6719
72.10986381000001,123536.429,123628.41,123385.95,123668.5,122770.0,1755135900000,5007
98.03567009,123540.444,123412.8,123426.21,123655.9,123020.0,1755136800000,5574
99.91295432000001,123386.343,123427.09,123364.32,123500.1,123030.0,1755137700000,5382
56.18492625000001,123466.5215,123364.32,123631.74,123657.79,123120.0,1755138600000,5043
50.70775127000001,123668.4732,123630.99,123713.03,123749.98,123330.0,1755139500000,5425
48.51854316,123745.541,123662.5,123819.37,123912.0,123450.0,1755140400000,5046
43.12625933,123679.2266,123819.36,123623.73,123819.36,123400.0,1755141300000,4852
40.41429573,123516.8406,123623.72,123569.18,123644.57,123230.0,1755142200000,4636
31.03983428,123424.2118,123566.71,123396.86,123580.04,123160.0,1755143100000,4140
73.94861501000001,123317.6923,123376.3,123175.02,123477.15,122950.0,1755144000000,4326
46.60360525000001,123319.6404,123175.02,123372.55,123438.51,122950.0,1755144900000,4402
41.44144455,123244.697,123355.8,123244.41,123390.29,122900.0,1755145800000,4564
53.187262860000004,123116.6937,123244.41,123105.4,123261.26,122800.0,1755146700000,4769
74.41355385,123013.4253,123105.4,122930.2,123186.21,122710.0,1755147600000,4897
79.37148996,122891.5043,122914.35,122753.79,123046.69,122580.0,1755148500000,4634
65.20766716,122729.549,122757.44,122635.07,122867.93,122360.0,1755149400000,4609
173.78116398000006,122353.3026,122685.1,122180.62,122685.1,121960.0,1755150300000,7966
174.7275266,121916.48,122180.62,121801.59,122224.9,121580.0,1755151200000,8721
176.88321867,121579.1389,121801.59,121636.46,121850.0,121190.0,1755152100000,9342
123.60261841000002,121832.1833,121644.8,121837.4,121983.52,121540.0,1755153000000,5899
58.93653484999999,121879.5515,121813.84,121821.19,121985.29,121710.0,1755153900000,3706
49.87268434,121761.6348,121821.19,121718.86,121983.91,121590.0,1755154800000,3606
87.02820442999999,121649.9894,121721.17,121653.38,121804.3,121550.0,1755155700000,3882
104.74237616999999,121806.6891,121653.39,121957.96,122103.1,121600.0,1755156600000,5132
27.00432513,121800.6108,121957.95,121773.02,121980.17,121600.0,1755157500000,3428
51.98354767000001,121724.6867,121862.5,121866.21,121901.81,121570.0,1755158400000,4733
28.29298876,121929.0551,121866.22,122054.41,122084.58,121800.0,1755159300000,3273
59.494256199999995,121857.064,122067.9,121740.47,122068.0,121660.0,1755160200000,5093
30.119393640000002,121711.5471,121740.47,121680.88,121823.41,121601.94,1755161100000,4234
93.42711388999999,121797.9506,121668.4,121964.85,121973.43,121560.93,1755162000000,4207
14.72230382,121882.0676,121964.85,121867.85,121983.66,121770.0,1755162900000,2766
39.169890130000006,121748.4335,121867.85,121643.35,121953.9,121580.0,1755163800000,3373
30.182580149999996,121688.1483,121643.35,121700.18,121754.27,121570.0,1755164700000,2762
92.76054315000002,121563.834,121700.3,121547.48,121706.38,121450.0,1755165600000,4154
32.07405797,121637.7108,121547.6,121583.55,121835.34,121450.0,1755166500000,3669
101.13442639,121309.4356,121583.54,121199.99,121721.04,121040.0,1755167400000,5230
252.5181213,121019.8356,121200.0,120985.93,121293.19,120700.0,1755168300000,9994
193.7570058,120948.7319,120934.0,120880.81,121077.21,120760.0,1755169200000,8364
82.10136913,120857.2493,120880.81,120928.78,120973.51,120700.0,1755170100000,4617
45.749269,120829.2445,120928.78,120825.0,120960.89,120660.0,1755171000000,4996
88.35386574,120884.354,120825.0,121017.92,121030.36,120686.0,1755171900000,4858
228.87304436000005,120955.2512,120895.6,121039.49,121046.62,120760.0,1755172800000,5011
225.95681692000005,120869.6576,121039.49,121193.35,121216.64,120430.0,1755173700000,10734
1219.1347172600001,119265.1033,121193.35,119570.47,121194.29,117260.0,1755174600000,43914
233.02121366,119236.7992,119470.0,118921.99,119800.4,118580.0,1755175500000,15409
344.07324096,118722.7911,118921.98,119294.49,119345.19,118040.0,1755176400000,18590
346.40920203,118553.0555,119294.48,118297.63,119325.0,118050.0,1755177300000,17368
452.96215768,118226.262,118291.24,118297.98,118733.72,117690.0,1755178200000,20080
377.96912948,118615.1621,118308.83,118471.73,118939.37,118100.0,1755179100000,14060
198.60642041000003,118232.2011,118467.64,118085.24,118510.45,118000.0,1755180000000,11037
205.94886887999996,118473.4208,118085.24,118926.53,118948.79,117990.0,1755180900000,10543
351.70643013999995,119223.518,118926.54,119131.41,119545.0,118740.0,1755181800000,12906
388.33249993000004,119204.7946,119127.49,118871.3,119633.7,118750.0,1755182700000,10063
191.25579785,118752.9155,118887.6,118606.73,118983.93,118470.0,1755183600000,9049
248.36562646999997,118362.9136,118603.33,118212.28,118671.67,118070.0,1755184500000,11189
407.8341725500001,118173.1228,118206.2,118200.1,118415.4,117910.0,1755185400000,12773
137.45303469000004,118115.0325,118142.84,118298.79,118339.17,117940.0,1755186300000,8406
366.92238923,118007.3408,118317.7,117708.7,118460.1,117640.0,1755187200000,11993
283.59579852999997,117697.3557,117672.65,117663.27,117946.1,117450.0,1755188100000,14048
131.56305365,117687.6854,117661.0,117742.12,117934.82,117425.25,1755189000000,9573
146.77782591000005,117814.2818,117738.34,117912.28,118054.8,117566.46,1755189900000,8294
102.32630017000001,117730.5707,117942.2,117772.31,117942.2,117550.01,1755190800000,6952
139.43894472,117856.5237,117772.3,118171.99,118200.02,117530.0,1755191700000,7353
90.47429745000001,117927.3341,118161.1,117732.64,118187.47,117720.61,1755192600000,5573
120.43472023000002,117735.5258,117802.4,117968.85,117993.75,117600.0,1755193500000,6507
50.98231999,117874.8269,117992.2,117711.61,117992.2,117690.0,1755194400000,5367
269.75074469,117496.7723,117711.62,117901.07,117915.7,117190.0,1755195300000,10096
116.27680061999999,118044.8291,117901.07,118095.8,118169.55,117820.0,1755196200000,6312
141.09180695,118200.1336,118095.61,118155.76,118298.84,118030.0,1755197100000,6810
58.23762661,118182.8309,118212.6,118184.93,118258.2,118110.0,1755198000000,5068
123.96003490000001,118364.298,118166.5,118425.1,118489.18,118040.0,1755198900000,7123
90.96562224,118253.4882,118365.27,118263.27,118425.0,118165.81,1755199800000,5288
263.05417219,118341.8388,118263.26,117997.18,118629.81,117980.0,1755200700000,9542
110.95206057,117909.9028,118031.4,117904.33,118065.12,117774.4,1755201600000,6563
108.70209313999999,118041.6251,117904.34,118200.59,118225.68,117822.8,1755202500000,6496
111.64454556,118063.2347,118200.58,118007.74,118225.77,117943.57,1755203400000,6112
209.44995242,117946.6967,118007.74,117948.46,118060.0,117799.04,1755204300000,7897
113.18221179999999,118084.9583,117948.46,118223.98,118290.0,117900.01,1755205200000,5804
85.61971327999998,118052.0709,118224.48,117708.5,118280.0,117704.1,1755206100000,5971
176.68035997,117602.8043,117720.86,117654.15,117990.0,117388.41,1755207000000,9449
117.00142803000001,117828.2294,117654.16,117987.9,118040.0,117550.63,1755207900000,8271
77.93607519999999,117933.5312,117987.89,118157.23,118180.0,117715.6,1755208800000,5857
84.48529684,118220.4242,118157.22,118280.9,118330.0,118066.91,1755209700000,5785
86.78003581,118315.7071,118281.0,118274.42,118480.0,118196.75,1755210600000,5313
58.931073930000004,118363.0884,118274.42,118374.73,118460.0,118263.9,1755211500000,4680
60.219017470000004,118376.9643,118400.3,118468.41,118550.0,118312.91,1755212400000,4765
89.56180423,118570.7595,118468.41,118609.99,118630.0,118468.4,1755213300000,6174
89.69731184,118563.5875,118609.98,118538.41,118640.0,118470.49,1755214200000,6743
51.331336580000006,118472.16,118513.5,118389.79,118620.0,118312.48,1755215100000,4217
39.29237356999999,118455.4949,118383.1,118575.96,118600.0,118314.88,1755216000000,3917
38.453427300000016,118390.3777,118575.96,118332.07,118575.98,118303.54,1755216900000,4636
59.666804170000006,118276.8615,118332.72,118474.59,118560.0,118092.7,1755217800000,5091
43.55824032,118380.8221,118474.6,118286.32,118600.0,118250.0,1755218700000,3810
33.19297289,118227.8467,118314.9,118243.54,118340.0,118136.49,1755219600000,3404
35.01972345,118373.7504,118244.72,118509.7,118540.0,118126.54,1755220500000,3712
50.32767987,118587.7536,118509.69,118716.55,118760.0,118404.1,1755221400000,4422
42.26138132999999,118776.4267,118716.55,118780.68,118870.0,118655.78,1755222300000,4148
68.03194685000001,118826.8448,118780.68,118812.98,118930.0,118680.6,1755223200000,4654
49.35713885,118824.3109,118812.83,118893.97,118930.0,118743.74,1755224100000,3717
64.36419264999999,118972.4059,118893.96,118944.72,119089.46,118800.0,1755225000000,3744
44.101719349999996,118867.8889,118944.72,118814.84,119010.0,118758.42,1755225900000,3617
43.767566939999995,118908.8373,118821.7,118987.29,119050.0,118714.62,1755226800000,4107
88.77096845,119031.5377,118986.3,119125.85,119150.0,118903.58,1755227700000,6483
135.92786988999998,119121.6119,119125.85,119079.79,119209.6,119019.98,1755228600000,7316
115.20152569999999,119061.6979,119079.8,119091.68,119150.0,118990.06,1755229500000,6698
101.68530408000001,119138.0913,119090.99,119226.05,119250.0,119043.88,1755230400000,6893
79.24238044,119253.2825,119226.05,119292.58,119329.47,119153.39,1755231300000,4596
297.58638162,118975.1831,119280.0,119076.7,119340.0,116560.9,1755232200000,5701
103.94672546000001,118945.2458,119086.29,118945.68,119170.0,118872.3,1755233100000,3044
42.07035531,118924.5592,118945.68,118800.0,119110.0,118789.04,1755234000000,2882
18.148600910000003,118822.8656,118800.01,118864.73,118960.0,118732.11,1755234900000,2501
25.41122897,118851.8732,118864.72,118797.37,119000.0,118782.0,1755235800000,2456
61.49942783,118842.1,118803.8,119078.03,119110.0,118744.25,1755236700000,2859
37.2654955,119095.9833,119078.03,119019.89,119290.0,118987.36,1755237600000,2654
22.505267869999997,119168.3217,119019.89,119195.73,119280.0,118965.49,1755238500000,2565
43.37407419,119253.9584,119132.7,119328.69,119350.0,119132.6,1755239400000,2671
17.29798338,119258.0654,119312.7,119188.75,119360.0,119173.11,1755240300000,2650
23.917779529999997,119090.0811,119225.7,118973.6,119270.0,118962.1,1755241200000,3454
19.490293310000002,118987.4135,118973.6,118983.89,119110.0,118888.2,1755242100000,2800
28.308911769999998,118913.0856,118983.9,118889.62,119060.0,118836.78,1755243000000,3099
14.72226244,118936.2076,118885.76,119053.14,119080.0,118834.19,1755243900000,2525
29.74408593999999,119083.839,119037.4,119024.2,119180.0,119024.2,1755244800000,2951
26.424556270000007,119135.4275,119043.0,119157.22,119220.0,118971.31,1755245700000,2656
28.073836830000005,119210.6396,119153.0,119236.11,119280.0,119097.1,1755246600000,4316
31.87387903,119062.2124,119236.11,119000.6,119236.11,118949.02,1755247500000,3591
13.92387957,119065.2258,119000.6,119000.52,119160.0,118946.31,1755248400000,3962
37.071055130000005,118872.3441,119000.53,118794.73,119082.8,118769.0,1755249300000,4451
10.542113270000002,118870.8415,118794.73,118828.48,118980.0,118781.43,1755250200000,3577
27.66174082,118788.9382,118828.47,118789.15,118920.0,118682.86,1755251100000,3131
12.07749812,118919.5329,118709.1,118945.33,119070.0,118709.0,1755252000000,3147
14.7416434,119030.0452,118950.97,119059.01,119107.87,118917.33,1755252900000,2896
8.794368940000004,119024.1559,119059.0,119075.55,119110.0,118945.2,1755253800000,2751
22.560450360000004,119005.8988,119072.15,118966.31,119107.87,118947.1,1755254700000,2950
20.44942255,119112.249,118955.9,119153.38,119190.0,118955.8,1755255600000,3030
16.681890389999996,119109.0596,119150.0,119087.19,119190.0,119045.83,1755256500000,3312
17.4142325,119123.3533,119087.2,119156.8,119183.78,119067.3,1755257400000,3032
11.60258488,119121.7142,119156.8,119078.9,119187.14,119072.02,1755258300000,4224
14.163752310000001,119115.1761,119087.5,119165.25,119196.13,119016.84,1755259200000,4314
46.09559693999999,118903.1592,119165.26,118820.0,119171.45,118747.12,1755260100000,5192
76.17791555,118865.5186,118756.3,118736.23,119225.3,118525.8,1755261000000,7836
23.113733420000003,118761.1994,118736.37,118728.95,118870.94,118610.53,1755261900000,5269
63.72403459,118591.7561,118779.5,118567.85,118833.81,118406.24,1755262800000,5897
60.140859750000004,118564.6112,118567.85,118540.35,118690.0,118446.1,1755263700000,5732
218.82521081000004,118271.2871,118538.19,118085.01,118660.0,118031.58,1755264600000,8980
208.36634876000005,117969.027,118085.01,117820.76,118200.0,117784.21,1755265500000,9633
107.03923644999998,117933.6271,117820.76,118077.22,118230.0,117703.34,1755266400000,7814
107.5650691,118024.4679,118072.74,117959.14,118341.74,117833.46,1755267300000,7104
60.939696330000004,117917.4201,117962.6,117804.57,118100.0,117801.01,1755268200000,6139
235.01606589000005,117494.7413,117850.1,117424.3,117890.0,117288.3,1755269100000,11123
215.60284361,117223.1895,117424.3,117400.01,117600.0,116990.53,1755270000000,11953
101.90426627,117368.4933,117400.01,117121.28,117680.0,117051.01,1755270900000,8299
139.23522086000003,117187.9852,117121.28,116899.05,117500.0,116859.32,1755271800000,9415
130.47685263,117164.4766,116899.05,117322.9,117540.0,116890.06,1755272700000,8302
158.07949412,117074.746,117322.9,117096.29,117480.0,116865.0,1755273600000,9488
159.99277825000001,117047.3264,117096.28,117109.34,117270.0,116855.4,1755274500000,9011
87.16715219000001,117244.047,117150.0,117256.33,117370.0,117074.79,1755275400000,6890
50.18730325,117351.7405,117256.33,117415.96,117520.0,117201.43,1755276300000,5790
49.24884239,117309.6985,117466.5,117228.6,117520.0,117163.21,1755277200000,6215
132.47846257999998,117315.2977,117228.6,117603.89,117780.0,117050.0,1755278100000,8873
102.54774175999998,117679.6557,117603.89,117799.76,117980.0,117434.0,1755279000000,8292
42.240796970000005,117678.1948,117798.22,117694.0,117880.0,117605.53,1755279900000,5284
61.06857345,117516.2207,117694.0,117445.32,117760.0,117366.13,1755280800000,5599
47.97307679,117412.1494,117445.32,117394.45,117560.0,117322.73,1755281700000,5107
37.18812365000001,117417.9209,117394.45,117400.1,117570.0,117315.86,1755282600000,5236
67.02281334999999,117297.3139,117331.52,117330.0,117530.0,117069.53,1755283500000,6166
105.86320607999998,117180.203,117187.5,117351.14,117450.0,117057.36,1755284400000,5874
144.98384668,117280.1389,117351.11,117207.5,117550.0,117174.12,1755285300000,5688
137.73731854999997,117134.6742,117196.24,117046.98,117340.0,117000.0,1755286200000,5939
180.57400579999998,116982.1023,117048.8,116997.52,117210.0,116903.2,1755287100000,7293
104.20058678,117035.342,116975.1,117199.99,117280.0,116925.37,1755288000000,6908
53.001842870000004,117194.991,117194.4,117360.0,117370.0,117114.41,1755288900000,5990
49.688384600000006,117320.3012,117240.59,117288.08,117500.0,117220.58,1755289800000,5720
22.29714335,117368.4152,117288.08,117348.01,117500.0,117277.61,1755290700000,2596
84.56570599999998,117361.6853,117348.01,117143.74,117540.0,117143.73,1755291600000,5439
51.06018263000001,117225.6164,117143.74,117323.1,117460.0,117070.01,1755292500000,4435
31.14791558,117321.2302,117333.1,117326.82,117470.0,117228.58,1755293400000,4354
27.07150263,117373.0582,117330.12,117400.0,117510.0,117294.6,1755294300000,3626
36.39631738,117435.0626,117394.4,117403.46,117560.0,117364.12,1755295200000,4111
16.41876884,117447.635,117403.46,117471.02,117570.0,117395.7,1755296100000,3786
44.83066873,117551.0129,117460.1,117536.31,117710.0,117457.44,1755297000000,4921
71.17279477,117688.4209,117528.1,117792.66,117930.0,117528.0,1755297900000,5152
93.08892731999998,117596.3915,117788.3,117413.28,117940.0,117400.8,1755298800000,6848
79.35530621000001,117270.7289,117413.29,117264.7,117560.0,117123.02,1755299700000,6246
52.71399275,117256.0713,117271.47,117235.85,117400.0,117166.34,1755300600000,5433
40.98108240999999,117331.9726,117235.85,117436.96,117530.0,117197.0,1755301500000,4590
72.46118106999998,117443.2052,117426.7,117592.04,117660.0,117322.82,1755302400000,5940
57.70555987000001,117567.9512,117592.03,117575.37,117750.0,117446.74,1755303300000,5741
60.10372592,117716.0793,117575.38,117765.72,117860.0,117554.9,1755304200000,5444
52.18641588,117810.8135,117765.72,117832.99,117950.0,117737.8,1755305100000,5642
55.24184437000001,117798.1785,117802.4,117868.92,117970.0,117717.6,1755306000000,5094
41.57889642999999,117805.929,117868.91,117813.58,117970.0,117709.17,1755306900000,4736
51.199156190000004,117877.3501,117813.59,117891.86,118020.0,117783.0,1755307800000,4282
34.45558583999999,117963.1959,117862.5,117921.26,118070.0,117860.32,1755308700000,3980
43.113053900000004,117804.1981,117915.8,117727.48,118020.0,117700.22,1755309600000,5025
22.39854092,117738.4479,117726.3,117724.99,117870.0,117671.63,1755310500000,4259
83.83660912,117674.7289,117725.0,117643.12,117820.0,117599.5,1755311400000,5177
27.69267855,117619.1018,117646.89,117600.01,117790.0,117524.01,1755312300000,4612
21.442325730000004,117641.8326,117585.2,117704.77,117800.0,117509.43,1755313200000,3926
20.26781064,117713.6919,117696.7,117734.35,117820.0,117656.7,1755314100000,3515
16.90850612,117677.9781,117734.35,117650.1,117820.0,117605.43,1755315000000,3852
29.678818539999995,117602.9947,117605.45,117532.82,117760.0,117479.98,1755315900000,3794
12.23958485,117558.292,117524.9,117556.29,117700.0,117515.2,1755316800000,3259
27.69309171,117760.5309,117556.28,117905.21,117990.0,117531.2,1755317700000,3756
15.70341434,117856.6277,117905.21,117820.03,118040.0,117802.11,1755318600000,3211
32.48182298,117932.0213,117820.03,117919.49,118050.0,117820.02,1755319500000,3424
16.122502219999998,117874.3417,117894.9,117837.6,118050.0,117822.0,1755320400000,3195
13.772020869999999,117726.9608,117824.61,117680.05,117930.0,117647.37,1755321300000,3006
12.94428671,117689.9328,117680.03,117653.69,117830.0,117626.64,1755322200000,3097
11.35409504,117678.8137,117661.6,117700.0,117820.0,117624.31,1755323100000,3251
10.850532420000002,117648.3292,117694.2,117521.44,117830.0,117521.41,1755324000000,2964
20.970029829999998,117526.2611,117521.44,117559.21,117680.0,117457.9,1755324900000,3612
27.241968860000007,117463.2295,117554.6,117425.2,117680.0,117387.8,1755325800000,3135
18.919702039999997,117508.8171,117462.43,117488.05,117640.0,117425.1,1755326700000,3389
21.320037820000003,117535.5336,117456.6,117574.15,117700.0,117446.2,1755327600000,2504
13.53769668,117565.1154,117574.16,117614.18,117660.0,117481.42,1755328500000,2115
19.73115056,117690.6576,117614.19,117735.19,117830.0,117588.1,1755329400000,2415
10.47650048,117748.99,117735.18,117694.76,117840.0,117676.0,1755330300000,1492
15.01911114,117654.0084,117700.1,117638.44,117750.0,117599.82,1755331200000,1983
8.93426913,117619.3988,117638.44,117603.25,117720.0,117580.01,1755332100000,2168
12.938833769999999,117664.9771,117603.25,117717.6,117820.0,117603.25,1755333000000,1791
11.15132135,117717.193,117717.59,117709.71,117820.0,117659.41,1755333900000,2118
13.68199561,117717.7815,117714.9,117730.57,117850.0,117618.77,1755334800000,2708
6.17657699,117731.6226,117738.4,117741.39,117840.0,117691.39,1755335700000,2113
10.101124679999998,117734.037,117741.39,117745.43,117840.0,117691.37,1755336600000,2082
33.28791523,117561.3179,117745.43,117390.63,117810.0,117387.97,1755337500000,3108
46.31120551,117442.8929,117451.6,117375.3,117580.0,117319.95,1755338400000,3496
28.5357032,117374.2971,117375.3,117420.46,117530.0,117222.01,1755339300000,3410
20.204854010000002,117409.5532,117420.45,117424.86,117600.0,117309.47,1755340200000,2914
18.520030209999994,117461.319,117419.93,117449.9,117580.0,117387.5,1755341100000,2937
11.7912278,117539.3795,117450.0,117573.1,117650.0,117450.0,1755342000000,2101
16.25007,117596.2006,117579.61,117574.11,117690.0,117569.25,1755342900000,2082
11.08005998,117541.1626,117574.11,117488.73,117670.0,117483.61,1755343800000,2084
14.19093001,117502.0391,117503.5,117570.0,117630.0,117436.02,1755344700000,2903
25.302796129999997,117483.8716,117501.0,117525.39,117590.0,117427.21,1755345600000,3303
31.125457409999996,117509.4808,117525.39,117600.0,117660.0,117416.82,1755346500000,3266
29.699045899999998,117723.9464,117599.99,117746.44,117900.0,117575.8,1755347400000,3495
21.876478170000006,117776.7344,117746.44,117828.1,117890.0,117693.78,1755348300000,3279
31.849158390000003,117774.851,117729.9,117792.9,117930.0,117724.09,1755349200000,2698
11.38479557,117819.2661,117792.9,117828.25,117920.0,117735.7,1755350100000,3045
24.95109187,117814.522,117827.34,117745.15,117920.0,117715.71,1755351000000,4487
32.47837221000001,117745.716,117735.8,117719.42,117860.0,117662.24,1755351900000,3564
24.80725537,117726.5872,117728.4,117741.42,117840.0,117641.5,1755352800000,2981
32.514797890000004,117729.8257,117787.0,117838.54,117890.0,117620.0,1755353700000,3525
24.402283349999998,117780.1341,117836.62,117787.2,117880.0,117726.41,1755354600000,3658
16.939449529999997,117815.0342,117750.1,117857.26,117910.0,117750.0,1755355500000,4202
21.539637029999998,117826.1188,117840.8,117829.92,117950.0,117746.56,1755356400000,3713
22.49464194,117829.5924,117799.9,117855.55,117920.0,117777.0,1755357300000,3822
29.8482746,117803.4112,117855.55,117749.9,117910.0,117687.6,1755358200000,7375
14.082264370000003,117778.1986,117749.9,117768.19,117890.0,117695.4,1755359100000,3943
13.29768287,117819.2781,117774.5,117858.34,117930.0,117762.35,1755360000000,3545
22.41664729,117855.6886,117858.33,117884.8,117950.0,117773.5,1755360900000,3221
20.31264333,117846.0733,117875.1,117833.36,117950.0,117820.0,1755361800000,3289
23.346946380000006,117832.3159,117833.35,117839.13,117884.11,117821.0,1755362700000,2867
17.74280291,117802.2441,117824.6,117783.99,117920.0,117746.44,1755363600000,3278
8.854489830000002,117771.5446,117783.99,117811.85,117840.0,117729.9,1755364500000,2790
17.370556069999996,117772.8142,117811.85,117764.0,117880.0,117737.5,1755365400000,2534
9.642460550000001,117791.6289,117764.0,117770.7,117890.0,117739.9,1755366300000,2976
10.89694299,117794.5033,117770.7,117804.95,117890.0,117746.44,1755367200000,3220
10.480385620000002,117799.2568,117804.97,117777.83,117880.0,117740.27,1755368100000,3021
8.20464596,117763.6342,117777.82,117736.71,117860.0,117736.68,1755369000000,2802
25.397202679999996,117772.4613,117736.7,117753.1,117850.0,117700.0,1755369900000,3614
11.091245919999999,117746.344,117753.1,117748.47,117840.0,117716.1,1755370800000,3421
7.11948775,117762.5844,117748.48,117775.96,117840.0,117729.9,1755371700000,2290
22.24608102,117794.8256,117775.77,117829.61,117880.0,117729.9,1755372600000,2728
14.561049400000002,117782.3195,117829.67,117748.04,117870.0,117733.0,1755373500000,3442
17.516973690000004,117679.865,117734.3,117693.84,117830.0,117594.41,1755374400000,2986
15.41210239,117753.082,117693.84,117727.84,117830.0,117676.1,1755375300000,2604
12.74803502,117748.2019,117727.84,117755.7,117840.0,117702.87,1755376200000,3017
18.872955919999995,117744.0711,117755.7,117739.02,117850.0,117691.76,1755377100000,3440
18.356667209999998,117679.6818,117720.0,117652.63,117800.0,117642.0,1755378000000,3480
10.74882543,117662.3709,117652.63,117671.0,117760.0,117641.9,1755378900000,2535
22.11028206,117595.0583,117671.0,117577.7,117750.0,117505.33,1755379800000,3581
15.326573830000003,117585.4329,117577.7,117523.05,117680.0,117522.57,1755380700000,3548
63.19176191000001,117428.5889,117533.5,117478.28,117610.0,117300.0,1755381600000,5360
15.672683869999997,117517.411,117478.28,117512.11,117600.0,117462.0,1755382500000,3509
16.89620798,117579.9656,117509.9,117582.18,117680.0,117508.1,1755383400000,3177
17.65949111,117584.6187,117582.19,117566.6,117660.0,117537.07,1755384300000,3442
10.216389540000002,117532.0732,117566.7,117499.0,117630.0,117495.99,1755385200000,3024
16.949559479999998,117448.1875,117499.0,117369.62,117590.0,117369.61,1755386100000,3289
18.1441572,117409.4405,117369.62,117447.77,117510.0,117343.9,1755387000000,2906
11.27432197,117499.7336,117447.77,117455.68,117630.0,117350.0,1755387900000,2470
19.01611137,117433.1613,117487.5,117425.1,117580.0,117379.57,1755388800000,2583
15.928812450000002,117421.7991,117419.68,117426.95,117530.0,117360.97,1755389700000,2639
24.37141512,117426.0366,117426.95,117373.8,117600.0,117358.1,1755390600000,3040
21.53794941,117378.7946,117392.03,117341.5,117510.0,117334.04,1755391500000,3188
22.45817878,117334.3354,117341.5,117350.17,117460.0,117249.49,1755392400000,3084
17.4748072,117354.2574,117350.16,117391.99,117530.0,117279.94,1755393300000,2394
19.89412836,117503.493,117388.92,117470.34,117660.0,117383.64,1755394200000,2780
15.37834118,117497.3293,117499.0,117518.31,117630.0,117408.35,1755395100000,2731
14.07948214,117535.9724,117518.31,117491.93,117650.0,117475.0,1755396000000,2722
12.015409459999999,117551.5614,117491.93,117631.62,117700.0,117467.05,1755396900000,2269
23.33543162,117585.2708,117631.62,117630.66,117700.0,117535.7,1755397800000,2696
28.96498662,117616.579,117630.65,117680.21,117760.0,117547.9,1755398700000,2978
35.092058210000005,117651.2854,117682.0,117651.33,117770.0,117601.3,1755399600000,2026
29.43542533,117629.4278,117651.33,117661.11,117750.0,117579.99,1755400500000,2030
16.15307727,117715.0433,117616.6,117700.0,117860.0,117616.5,1755401400000,2091
62.43929075999999,117795.5314,117790.57,117746.3,117900.0,117699.9,1755402300000,2166
21.36329035,117773.2306,117769.66,117752.4,117900.0,117744.8,1755403200000,2090
13.82598628,117816.9032,117752.4,117858.78,117950.0,117752.4,1755404100000,1978
13.676223449999998,117864.4558,117848.8,117871.81,117950.0,117848.7,1755405000000,1810
82.62634818,118091.0785,117871.8,118160.85,118350.0,117859.9,1755405900000,4239
31.18049087,118202.578,118180.5,118261.58,118390.0,118113.6,1755406800000,3065
35.84044614,118240.5916,118259.84,118213.78,118380.0,118169.96,1755407700000,2763
10.623084299999999,118141.8942,118213.78,118112.3,118340.0,118076.43,1755408600000,2039
19.809833620000003,118153.1914,118112.3,118088.14,118220.0,118068.6,1755409500000,1953
9.58276511,118145.8274,118068.7,118194.65,118280.0,118068.6,1755410400000,1714
7.58402109,118160.9041,118194.64,118163.44,118280.0,118116.84,1755411300000,1564
12.422192089999998,118046.1936,118133.5,118064.46,118240.0,117993.8,1755412200000,1928
9.27395251,118022.8442,118064.47,118012.05,118130.0,117986.32,1755413100000,1587
16.20650414,118007.8747,118012.04,118106.63,118130.0,117927.37,1755414000000,1805
8.35055086,118094.4584,118106.63,118039.9,118180.0,118021.9,1755414900000,1989
14.109405559999999,118027.2634,118039.9,118074.4,118140.0,117974.27,1755415800000,1701
11.70861778,118077.3851,118074.39,118025.9,118170.0,118025.9,1755416700000,1651
21.090946080000002,118070.4564,118025.9,118010.85,118180.0,118010.84,1755417600000,1887
8.41347729,118040.7996,118010.84,118080.04,118130.0,118004.5,1755418500000,1310
13.64543439,118164.4596,118080.03,118230.7,118280.0,118024.9,1755419400000,1678
44.76659335,118324.0154,118199.74,118458.86,118500.0,118192.81,1755420300000,2326
36.61819592999999,118417.0455,118458.86,118380.24,118510.0,118309.84,1755421200000,2877
45.86738052000001,118460.5872,118380.24,118428.65,118610.0,118343.43,1755422100000,4967
38.8650905,118398.6434,118428.65,118364.06,118550.0,118293.8,1755423000000,4850
9.53706271,118400.9228,118364.06,118400.11,118500.0,118300.3,1755423900000,3208
109.29818335,118354.3209,118400.7,118307.2,118490.0,118283.34,1755424800000,6438
14.939052639999998,118302.2606,118307.2,118288.09,118410.0,118247.1,1755425700000,3319
18.31971626,118298.9335,118288.08,118359.99,118400.0,118247.69,1755426600000,3075
20.59589198,118364.7403,118359.99,118439.0,118500.0,118310.0,1755427500000,3134
20.69232355,118449.6692,118439.0,118377.13,118550.0,118337.4,1755428400000,2805
11.492628639999998,118388.1716,118377.13,118413.83,118530.0,118340.76,1755429300000,2453
29.836933870000003,118381.0256,118413.84,118396.41,118520.0,118339.91,1755430200000,4093
27.52985127,118401.7468,118396.4,118382.5,118500.0,118355.5,1755431100000,2973
23.30031249,118334.012,118382.5,118375.66,118480.0,118262.29,1755432000000,4897
48.754014899999994,118334.6476,118375.66,118320.37,118450.0,118303.3,1755432900000,3763
25.131405639999997,118309.9178,118320.38,118306.28,118400.0,118256.7,1755433800000,2651
14.563999829999998,118253.0712,118306.28,118227.33,118370.0,118203.02,1755434700000,2908
20.464706030000002,118193.1885,118247.1,118132.74,118300.0,118132.74,1755435600000,2540
44.1889974,118176.5374,118132.75,118245.44,118300.0,118132.02,1755436500000,2283
39.1297988,118306.3889,118245.44,118397.74,118450.0,118160.0,1755437400000,2592
58.17766013,118490.9587,118397.75,118507.36,118680.0,118362.7,1755438300000,4653
35.69181837,118481.2147,118476.6,118409.24,118580.0,118400.0,1755439200000,4111
36.11372421,118326.1515,118400.1,118318.44,118520.0,118220.64,1755440100000,3815
15.37541225,118288.6558,118318.45,118334.57,118400.0,118228.53,1755441000000,2806
19.520453540000005,118269.8977,118324.9,118219.87,118450.0,118191.8,1755441900000,2777
16.20353786,118258.6052,118191.9,118304.16,118400.0,118191.8,1755442800000,2975
31.84390284,118233.1521,118304.16,118211.67,118400.0,118197.9,1755443700000,3507
14.031336519999998,118268.3315,118211.66,118208.9,118390.0,118197.9,1755444600000,3140
104.44462998,118217.9809,118308.44,118293.9,118390.0,118145.8,1755445500000,4498
71.83387164,118268.8958,118294.0,118166.38,118430.0,118106.55,1755446400000,5178
26.380581839999998,118138.9554,118166.38,118140.5,118290.0,118033.59,1755447300000,4794
24.47286315000001,118061.1883,118140.5,118038.35,118230.0,117969.46,1755448200000,3832
60.891333579999994,117894.4315,118038.36,117888.98,118100.0,117779.21,1755449100000,4397
19.51595851,117887.1059,117825.1,117814.4,117990.0,117803.9,1755450000000,3203
48.242123109999994,117812.2637,117814.4,117882.23,118010.0,117711.0,1755450900000,4416
14.342350329999999,117953.0058,117882.23,117971.66,118050.0,117867.2,1755451800000,3146
7.894831570000001,117970.2077,117971.66,117966.91,118040.0,117915.38,1755452700000,2255
25.08685155,117981.7035,117956.6,117950.6,118060.0,117880.0,1755453600000,2512
16.41652922,117887.274,117990.97,117876.0,118050.0,117803.26,1755454500000,2931
16.02075597,117876.0461,117824.9,117886.57,117970.0,117824.9,1755455400000,2396
82.59320173,117593.3221,117864.5,117631.58,117950.0,117383.2,1755456300000,5509
37.2906336,117679.2909,117559.0,117754.21,117830.0,117532.83,1755457200000,3296
14.244728700000003,117771.7598,117754.2,117818.46,117880.0,117718.93,1755458100000,2672
38.332605359999995,117684.5045,117818.45,117584.82,117860.0,117556.8,1755459000000,3452
14.480514610000002,117633.4337,117573.23,117656.36,117714.41,117537.92,1755459900000,2992
19.935682749999998,117668.5725,117638.9,117726.39,117770.0,117571.4,1755460800000,3066
20.18629074,117702.8415,117726.37,117718.75,117790.0,117638.8,1755461700000,3157
13.336119349999999,117759.0069,117718.74,117815.77,117820.0,117698.9,1755462600000,2696
15.731120400000002,117760.1988,117815.77,117672.55,117830.0,117669.28,1755463500000,2793
13.870573239999999,117721.7097,117736.1,117775.73,117790.0,117667.38,1755464400000,3174
24.06273168,117716.2182,117775.72,117731.41,117810.0,117678.49,1755465300000,2993
28.027981099999998,117715.8814,117712.1,117804.6,117830.0,117688.0,1755466200000,3952
15.140518950000002,117803.1804,117800.0,117779.77,117910.0,117740.5,1755467100000,3956
42.74624488,117835.6634,117750.5,117875.1,117970.0,117713.1,1755468000000,5284
10.862004709999999,117859.673,117880.02,117849.61,117921.25,117808.31,1755468900000,3732
15.540646569999998,117982.5359,117875.1,118031.17,118050.0,117839.73,1755469800000,5059
16.43347626,118042.5921,118029.89,118031.67,118100.0,118005.22,1755470700000,4242
28.393667159999996,117971.3739,118021.2,117863.5,118070.0,117834.95,1755471600000,4481
36.950542999999996,117692.4238,117849.9,117638.48,117960.0,117557.87,1755472500000,3685
14.697184370000002,117623.0851,117625.1,117648.33,117700.0,117563.74,1755473400000,2938
42.49373968,117523.8403,117648.34,117488.6,117690.0,117441.2,1755474300000,3604
45.224495749999996,117510.0283,117441.3,117576.82,117640.0,117414.39,1755475200000,3801
82.81940218,117348.4131,117576.82,117236.69,117600.0,117150.0,1755476100000,5397
49.84326985999998,117245.2982,117236.69,117348.57,117480.0,117101.6,1755477000000,4980
23.685338350000002,117339.1147,117348.57,117271.0,117470.0,117235.17,1755477900000,3395
32.48116906,117400.4908,117271.1,117385.39,117510.0,117271.0,1755478800000,3761
126.59046647,117082.796,117385.39,116733.7,117520.0,116718.98,1755479700000,8005
319.25780863,116719.6697,116767.36,116506.75,117030.0,116460.0,1755480600000,13623
179.23658066,116413.0042,116503.12,116351.04,116577.75,116256.0,1755481500000,9437
228.21983177000004,116147.2876,116380.5,116060.86,116430.0,115992.2,1755482400000,11956
182.15545501,115940.3695,116060.86,115862.25,116125.6,115800.01,1755483300000,10431
103.99909236,115940.7152,115868.9,115975.1,116150.0,115764.05,1755484200000,7465
240.98420866000004,115576.8804,115983.75,115522.04,116060.0,115369.5,1755485100000,11937
124.98450405000004,115671.1767,115556.6,115542.2,115900.0,115503.69,1755486000000,6231
70.59341924,115466.0148,115542.2,115447.3,115680.0,115400.0,1755486900000,5270
97.03801827000001,115318.9267,115432.83,115241.02,115600.0,115178.01,1755487800000,8269
102.99116593,115227.2702,115243.36,115397.11,115540.0,115064.5,1755488700000,8829
74.47919911,115327.045,115397.12,115412.57,115540.0,115164.22,1755489600000,6237
72.36780349,115417.7529,115413.33,115514.95,115600.0,115262.42,1755490500000,6001
54.23020783000001,115514.833,115520.99,115491.08,115670.0,115448.02,1755491400000,4808
42.624424209999994,115565.3155,115489.27,115557.59,115710.0,115486.32,1755492300000,3879
42.55677681,115697.3849,115562.6,115763.2,115830.0,115557.59,1755493200000,3967
21.009645640000002,115719.6819,115763.2,115650.0,115840.0,115650.0,1755494100000,3702
167.23031674,115331.3971,115650.01,115252.54,115770.0,115200.1,1755495000000,7382
92.76356037999999,115370.7014,115251.5,115748.7,115830.0,115063.46,1755495900000,6177
50.546903349999994,115643.9418,115748.8,115511.92,115870.0,115491.21,1755496800000,3617
128.60663198000003,115307.9563,115525.0,115273.8,115660.0,115104.0,1755497700000,6399
112.77258774999999,115213.7061,115275.2,115124.07,115520.0,115000.0,1755498600000,7966
155.35799022999998,115076.4961,115129.69,115263.2,115430.0,114949.99,1755499500000,8153
80.16438412,115473.8257,115263.2,115322.7,115630.0,115263.2,1755500400000,4964
52.572309059999995,115428.6272,115334.87,115436.59,115610.0,115288.81,1755501300000,4418
28.64139004,115430.2014,115424.8,115461.26,115630.0,115263.01,1755502200000,2561
16.99001541,115402.002,115466.41,115283.52,115600.0,115263.02,1755503100000,2486
43.95555143,115313.5551,115283.51,115157.03,115550.0,115157.03,1755504000000,3238
29.88333233,115291.4901,115226.2,115411.41,115500.0,115132.86,1755504900000,2673
25.354418609999996,115439.8255,115411.41,115351.95,115580.0,115320.97,1755505800000,2443
30.916212839999996,115293.8097,115354.0,115206.88,115490.0,115175.0,1755506700000,2558
51.15583142,115080.7556,115200.1,115001.75,115340.0,114946.66,1755507600000,3474
128.49896148,114887.8757,115000.0,114737.22,115130.0,114708.97,1755508500000,6945
125.36346344000002,114904.721,114737.21,115078.64,115230.0,114703.26,1755509400000,5420
98.99628627000001,115124.1424,115230.0,115108.19,115310.0,115026.34,1755510300000,4825
34.939135650000004,115157.0752,115108.19,115160.51,115340.0,115063.19,1755511200000,3558
55.111438,115232.6262,115160.53,115051.21,115430.0,115045.0,1755512100000,3957
27.569054960000003,115228.9336,115097.0,115318.31,115450.0,115051.21,1755513000000,3283
25.09292869,115292.8954,115318.31,115135.61,115460.0,115100.0,1755513900000,3332
29.20189173,115186.6426,115162.0,115176.03,115340.0,115080.0,1755514800000,2875
68.02590623999998,115066.4981,115176.02,115068.8,115330.0,114960.0,1755515700000,3732
213.08008597999995,114976.5336,115066.81,115044.74,115170.0,114715.9,1755516600000,4894
131.72731632999998,115027.7072,115043.65,115015.51,115180.0,114924.01,1755517500000,4348
69.43797210999999,115111.1706,115034.9,115210.01,115390.0,114950.42,1755518400000,4689
38.57701769999999,115186.327,115210.01,115206.56,115380.0,115043.4,1755519300000,6304
71.9204851,115274.3266,115206.55,115383.75,115520.0,115145.16,1755520200000,5392
81.43871697,115389.3014,115384.58,115579.48,115680.0,115263.56,1755521100000,5260
141.18947083,115588.5227,115586.4,115600.92,115840.0,115492.98,1755522000000,6064
60.95803923999999,115689.7984,115600.93,115728.58,115890.0,115600.0,1755522900000,3978
175.92074882000003,115616.7969,115728.58,115434.21,115940.0,115339.47,1755523800000,7844
179.64309343999997,115213.2911,115434.2,114904.0,115710.0,114863.47,1755524700000,9156
192.78040864,115015.0207,114895.0,115277.42,115390.0,114890.6,1755525600000,8343
131.5205586,115388.7784,115214.1,115430.85,115700.0,115193.24,1755526500000,5838
144.78313606999998,115290.2391,115560.0,115250.0,115560.0,115194.71,1755527400000,6463
103.40534792,115280.6499,115242.4,115691.65,115810.0,114980.01,1755528300000,5548
68.45427418,115627.2652,115688.61,115527.65,115910.0,115500.0,1755529200000,5117
62.42041818,115668.4508,115550.0,115693.78,115890.0,115462.1,1755530100000,4869
87.28614775,115805.5904,115693.78,115873.0,116060.0,115606.74,1755531000000,5814
139.05843709,116096.6868,115824.31,116207.8,116360.0,115824.31,1755531900000,6585
123.70476553999998,116326.5671,116206.56,116152.4,116530.0,116123.12,1755532800000,7135
105.21731682,116130.3823,116141.05,116107.84,116350.0,116038.1,1755533700000,5924
86.08063623000001,116042.5889,116113.1,116121.85,116270.0,115893.8,1755534600000,5656
64.29969277,116128.0406,116122.8,116029.51,116410.0,116000.0,1755535500000,4318
72.48623643,116142.4994,116064.8,116317.19,116440.0,116029.5,1755536400000,4815
150.59249913999997,116525.5864,116317.19,116592.44,116870.0,116307.0,1755537300000,7011
131.78569514999998,116778.176,116592.43,116610.5,116990.0,116592.43,1755538200000,7262
54.26731461999999,116617.7236,116610.51,116484.25,116820.0,116484.25,1755539100000,4835
85.03503923,116450.3842,116511.8,116432.61,116640.0,116359.07,1755540000000,5568
70.37436937,116424.404,116432.61,116416.68,116650.0,116279.4,1755540900000,4833
78.71789102000001,116510.288,116416.68,116530.97,116740.0,116406.9,1755541800000,4384
67.00864421999998,116583.7781,116530.58,116546.01,116780.0,116522.27,1755542700000,4007
183.53233784000003,116481.0839,116580.1,116335.26,116820.0,116301.68,1755543600000,5614
58.547732090000004,116347.2504,116335.26,116413.03,116560.0,116253.94,1755544500000,4644
65.19123416,116351.8634,116410.15,116300.0,116580.0,116268.26,1755545400000,4123
129.77700301,116335.2571,116300.0,116365.53,116580.0,116268.4,1755546300000,4679
79.05039892,116397.2661,116362.4,116513.99,116650.0,116273.77,1755547200000,4160
72.52614228000002,116509.8257,116513.98,116574.99,116740.0,116384.18,1755548100000,4459
142.03503822,116336.6822,116574.99,116134.34,116740.0,116030.36,1755549000000,6958
122.9842241,116345.7226,116134.35,116466.71,116570.0,116134.35,1755549900000,7204
74.12426251,116536.1524,116465.46,116600.0,116740.0,116400.0,1755550800000,3738
39.89986143,116703.8426,116599.9,116711.15,116890.0,116594.83,1755551700000,2003
91.69127129,116680.2753,116700.0,116525.97,116880.0,116500.91,1755552600000,5067
54.13121056,116646.7773,116525.97,116726.0,116890.0,116525.96,1755553500000,7066
113.68925906,116932.7233,116699.9,116962.39,117190.0,116699.9,1755554400000,6619
42.126298430000006,117001.8509,116961.15,116982.78,117180.0,116931.1,1755555300000,4170
95.03665072,116887.3215,116987.5,116800.05,117120.0,116800.0,1755556200000,5707
56.091519,116628.8381,116800.05,116457.67,116940.0,116452.62,1755557100000,4479
34.61853187,116529.7945,116456.2,116471.62,116750.0,116456.2,1755558000000,3790
40.588115970000004,116412.3845,116471.61,116346.02,116640.0,116329.95,1755558900000,3764
31.467764790000004,116335.4942,116346.03,116257.53,116540.0,116248.24,1755559800000,3400
38.05276536,116265.3645,116257.53,116286.76,116450.0,116147.75,1755560700000,3740
71.25321511,116303.6465,116430.0,116332.42,116490.0,116206.68,1755561600000,3779
65.85392563,116147.7381,116332.41,115978.58,116490.0,115934.22,1755562500000,5120
150.60079192,115949.3601,115978.58,116073.53,116380.0,115576.44,1755563400000,7304
51.026594620000004,116431.7079,116073.53,116617.16,116720.0,116069.6,1755564300000,4405
66.38770339999999,116647.8771,116545.2,116474.61,116920.0,116460.18,1755565200000,4327
48.27079878999999,116416.6888,116473.88,116250.3,116690.0,116247.67,1755566100000,3852
55.98955971,116095.2362,116250.3,116050.39,116430.0,115980.5,1755567000000,4843
55.95055822999999,115872.0994,116050.4,115856.61,116250.0,115763.36,1755567900000,4506
28.876004450000003,115854.8677,115856.61,115911.52,116120.0,115750.0,1755568800000,4286
38.47861720999999,115830.8698,115910.92,115865.2,116100.0,115686.28,1755569700000,4682
38.485734900000004,115949.3972,115866.39,115928.57,116170.0,115798.86,1755570600000,4099
39.57605372999999,116004.6867,115928.57,115806.01,116250.0,115758.92,1755571500000,4676
67.28339326000001,115652.6033,115792.1,115662.96,115980.0,115527.07,1755572400000,7428
53.706106379999994,115495.3944,115662.95,115413.54,115850.0,115326.03,1755573300000,7264
222.10914024,115116.2874,115413.53,115029.34,115620.0,114932.7,1755574200000,10454
197.24580054000003,114944.9406,115029.34,114889.4,115210.0,114852.97,1755575100000,7579
419.67042224999994,114776.4218,114889.4,114813.53,115170.0,114420.0,1755576000000,11783
91.88979864999999,114944.8575,114815.16,114945.58,115270.0,114700.0,1755576900000,6360
37.00481604,115135.5876,114944.67,115287.65,115500.0,114921.37,1755577800000,4200
38.080110139999995,115336.3704,115287.65,115346.71,115590.0,115177.98,1755578700000,3350
88.58003106999999,115390.6138,115392.4,115251.75,115700.0,115175.99,1755579600000,4555
45.386631619999996,115361.1169,115251.85,115423.47,115650.0,115210.51,1755580500000,3436
25.885356440000002,115365.99,115423.47,115227.0,115650.0,115158.72,1755581400000,3243
37.57214735,115076.0567,115150.1,115005.65,115390.0,115000.0,1755582300000,3246
33.9221686,115078.9544,115032.3,115086.62,115350.0,114947.52,1755583200000,4762
22.53462146,115117.7186,115086.62,115166.02,115490.0,114945.2,1755584100000,4390
33.7874951,115082.5467,115171.0,115036.99,115380.0,115003.16,1755585000000,2802
59.17557541,115058.849,115036.99,115058.01,115310.0,114971.66,1755585900000,3063
84.80248031000002,114947.5368,115054.6,114926.25,115320.0,114871.05,1755586800000,4246
80.61845537,114838.603,114926.69,114750.01,115130.0,114700.0,1755587700000,4239
52.74700018000001,114856.0582,114758.6,114840.15,115140.0,114658.19,1755588600000,3710
61.23868050999999,114950.9149,114840.15,115220.0,115230.0,114833.57,1755589500000,3009
55.35601532,114960.4077,115029.27,115074.5,115270.0,114837.8,1755590400000,3101
45.500439070000006,115089.7268,115074.5,115003.39,115310.0,115000.01,1755591300000,2486
37.55350110999999,114956.7689,115003.38,115049.0,115260.0,114838.77,1755592200000,2941
42.686501899999996,115234.7127,115049.0,115229.83,115550.0,115012.01,1755593100000,2451
45.67082745999999,115382.9949,115286.0,115399.08,115630.0,115228.43,1755594000000,2727
54.18917552999999,115442.3607,115398.24,115479.21,115690.0,115312.09,1755594900000,2333
35.62902874999999,115513.0509,115480.41,115452.14,115740.0,115392.34,1755595800000,2602
35.51025073,115440.4878,115650.0,115372.56,115670.0,115312.1,1755596700000,2249
38.73535508,115495.0965,115369.3,115457.24,115760.0,115362.64,1755597600000,2436
26.551413160000003,115611.6106,115457.26,115558.6,115800.0,115457.23,1755598500000,1933
38.513868169999995,115514.4106,115552.53,115459.53,115790.0,115356.21,1755599400000,4503
28.352021419999996,115459.5361,115455.3,115435.5,115710.0,115354.71,1755600300000,3774
40.74184724,115611.78,115435.6,115599.4,115850.0,115435.6,1755601200000,2711
87.54013096999999,115657.2942,115635.45,115605.68,115830.0,115589.71,1755602100000,3637
33.506537879999996,115600.7408,115605.68,115515.39,115750.0,115507.48,1755603000000,2733
27.697317729999998,115622.0087,115515.39,115550.06,115750.0,115515.38,1755603900000,2587
31.93767050000001,115552.8164,115622.8,115613.94,115770.0,115457.64,1755604800000,2559
35.09070434,115613.5711,115613.95,115534.06,115800.0,115509.69,1755605700000,2711
24.04191323,115553.7815,115534.07,115540.0,115750.0,115439.03,1755606600000,2978
38.2473599,115476.2578,115542.92,115630.12,115750.0,115305.51,1755607500000,4029
38.70427846999999,115657.8442,115587.4,115548.19,115820.0,115535.6,1755608400000,3335
54.94346727999999,115715.3879,115548.18,115792.86,115970.0,115548.18,1755609300000,3604
238.91946309999997,115444.6769,115792.86,115157.47,116050.0,115062.1,1755610200000,9524
290.09481697,115149.4557,115157.47,115212.71,115570.0,114891.59,1755611100000,12038
206.17980185,115062.717,115212.71,114818.05,115560.0,114750.01,1755612000000,9986
618.16278601,114541.2007,114818.6,114130.36,115040.0,114115.37,1755612900000,17510
886.54416832,114217.0818,114135.28,113934.62,114730.0,113824.32,1755613800000,21963
493.09008222999995,113882.0142,113900.0,113886.29,114330.0,113530.0,1755614700000,12557
586.3155524900001,113867.3465,113888.1,113636.52,114280.0,113558.05,1755615600000,17259
237.88860972999998,113969.7132,113637.63,114080.0,114460.0,113621.98,1755616500000,11353
97.99086499,114035.9462,114075.59,114110.42,114390.0,113880.15,1755617400000,7109
90.03631095999998,113878.909,114110.42,113791.91,114320.0,113738.03,1755618300000,7288
76.81706898,113820.3278,113791.91,113699.58,114080.0,113682.19,1755619200000,7107
93.96105927,113749.0398,113699.58,113648.04,114020.0,113620.39,1755620100000,6768
199.53511104,113595.6142,113659.3,113588.14,113990.0,113392.4,1755621000000,11752
135.69167227000003,113471.0451,113588.14,113375.27,113830.0,113304.69,1755621900000,9780
367.31375831,113265.8146,113378.1,113291.04,113640.0,113091.5,1755622800000,14777
146.64324241,113305.7582,113291.04,113418.85,113700.0,113150.0,1755623700000,8763
111.57961710000001,113534.9801,113416.79,113475.44,113830.0,113403.54,1755624600000,7082
149.54032818999997,113390.0885,113475.44,113506.6,113760.0,113258.3,1755625500000,7522
145.23272544000002,113443.3547,113506.6,113360.24,113740.0,113336.19,1755626400000,7597
92.19718775000001,113345.7419,113360.24,113226.12,113730.0,113209.83,1755627300000,6013
278.1025128,113079.4688,113226.12,113000.0,113510.0,112908.05,1755628200000,10984
225.37581141000004,112998.53,113000.1,113034.75,113370.0,112810.11,1755629100000,11115
151.05213546999997,112835.9283,113034.75,112795.01,113320.0,112763.45,1755630000000,9541
184.77719933999998,113073.9509,112799.0,113369.78,113640.0,112720.0,1755630900000,9878
229.40707947,113433.0734,113400.1,113414.15,113710.0,113275.44,1755631800000,9765
198.7275029,113215.757,113414.15,113105.4,113710.0,113046.07,1755632700000,9693
149.35341891000002,113068.935,113097.95,112957.09,113550.0,112903.9,1755633600000,7563
85.07067213999999,113101.7177,112958.39,113295.7,113510.0,112937.38,1755634500000,5631
91.62048034999998,113424.1345,113295.69,113400.0,113710.0,113285.2,1755635400000,5667
64.74129106000001,113501.7069,113399.99,113560.28,113800.0,113372.44,1755636300000,5208
56.256537709999996,113542.2013,113525.0,113730.0,113790.0,113445.78,1755637200000,4657
43.83688071,113537.8311,113501.87,113517.64,113780.0,113452.76,1755638100000,4085
46.05617246999999,113544.1145,113517.65,113471.06,113810.0,113446.01,1755639000000,3570
36.41130548,113474.8276,113471.06,113402.36,113770.0,113390.56,1755639900000,3842
74.59730021000001,113284.84,113398.1,113148.89,113680.0,113089.0,1755640800000,5590
38.19166955,113227.042,113430.0,113278.2,113570.0,113045.0,1755641700000,4795
36.99683469000001,113242.0435,113275.74,113176.08,113580.0,113038.48,1755642600000,4118
40.91639304,113233.5446,113176.08,113157.32,113530.0,113100.2,1755643500000,4149
52.65190000000001,113047.4485,113154.2,112990.83,113440.0,112961.54,1755644400000,4984
127.80836587999998,112943.0601,112988.0,112916.26,113310.0,112818.33,1755645300000,6636
98.09507737,112928.3356,112916.26,112949.36,113370.0,112792.3,1755646200000,6669
157.00436814,112814.5116,112949.36,112856.19,113220.0,112696.56,1755647100000,6940
111.14344724000003,113088.751,112830.4,113000.28,113500.0,112822.49,1755648000000,6627
74.93650085999998,113064.1961,113000.27,112987.14,113430.0,112840.9,1755648900000,5561
67.96112113,113190.7747,112988.82,113236.62,113520.0,112943.72,1755649800000,4964
62.624217470000005,113288.3419,113236.62,113197.0,113580.0,113188.91,1755650700000,4525
57.93479335000001,113318.8344,113277.6,113212.5,113680.0,113166.99,1755651600000,4698
55.35036034,113160.2816,113232.31,112941.85,113570.0,112895.22,1755652500000,5038
88.28229862000002,112752.2719,112941.86,112694.55,113240.0,112555.0,1755653400000,7194
133.09797665,112927.2887,112694.56,112995.67,113360.0,112669.3,1755654300000,5385
45.00230664,113124.3969,112995.67,113285.3,113520.0,112916.81,1755655200000,4528
73.36460816,113321.9736,113285.3,113309.47,113580.0,113241.0,1755656100000,3570
46.4596971,113361.5802,113309.47,113362.24,113620.0,113287.13,1755657000000,5413
50.12646213,113453.2556,113362.24,113438.6,113760.0,113308.0,1755657900000,3512
87.76126292000001,113448.2508,113415.6,113378.53,113800.0,113316.21,1755658800000,6051
44.5701545,113559.5283,113378.52,113621.37,113860.0,113350.74,1755659700000,5785
47.63055491,113580.6916,113621.37,113487.33,113880.0,113432.73,1755660600000,4856
41.58511646000001,113514.2604,113487.33,113521.93,113780.0,113412.52,1755661500000,3702
33.0863387,113640.0863,113544.7,113608.76,113900.0,113521.92,1755662400000,3387
27.840090070000002,113693.3795,113608.76,113619.23,113940.0,113575.9,1755663300000,6192
51.4831227,113639.3702,113622.2,113549.95,113990.0,113461.61,1755664200000,5461
30.37628276,113637.7968,113549.94,113633.09,113910.0,113477.3,1755665100000,4678
28.326291890000004,113630.5228,113598.0,113523.7,113930.0,113482.89,1755666000000,3135
32.03584497999999,113601.4171,113550.1,113611.02,113910.0,113468.3,1755666900000,6328
24.109435640000004,113683.1958,113611.02,113627.47,113940.0,113565.82,1755667800000,3670
26.51108316,113733.7197,113622.4,113714.48,114020.0,113600.0,1755668700000,2627
48.53192344000001,113679.4049,113715.4,113521.13,114000.0,113500.01,1755669600000,3084
36.44151435,113622.2292,113521.13,113652.19,113870.0,113489.31,1755670500000,2743
30.88068781,113739.8152,113622.5,113670.55,113980.0,113622.4,1755671400000,2479
28.458465480000005,113715.0418,113670.55,113658.86,113960.0,113574.06,1755672300000,2319
24.830411039999994,113754.0617,113640.8,113734.67,114010.0,113638.01,1755673200000,2136
49.49720938,113809.7218,113713.5,113713.37,114090.0,113713.34,1755674100000,2322
32.1176368,113705.2022,113787.4,113613.2,113980.0,113580.01,1755675000000,2472
50.48251302,113601.8317,113613.21,113491.9,113920.0,113429.11,1755675900000,2646
50.776609640000004,113520.832,113491.9,113601.85,113850.0,113400.0,1755676800000,3000
39.73652577999999,113791.7509,113601.49,113850.83,114110.0,113566.4,1755677700000,4105
65.37341263,113894.2647,113850.83,113950.46,114210.0,113795.98,1755678600000,3316
104.80590889999999,113952.9813,113950.4,114000.26,114230.0,113845.35,1755679500000,2463
40.353043729999996,113929.1263,113947.6,113861.79,114210.0,113814.5,1755680400000,2698
26.305563659999997,113804.8113,113861.79,113788.42,114110.0,113756.14,1755681300000,5153
113.03611249999999,114020.9325,113788.42,113864.54,114270.0,113743.49,1755682200000,4229
53.82022944,113736.2658,113864.54,113682.56,114110.0,113609.84,1755683100000,3773
66.20950745,113708.7239,113682.56,113647.85,114000.0,113617.05,1755684000000,3326
42.272398890000005,113681.7068,113647.85,113562.89,113980.0,113557.42,1755684900000,2713
56.203967299999995,113652.4588,113576.1,113770.19,113930.0,113562.89,1755685800000,5581
57.02268298999999,113798.0676,113940.0,113774.64,114040.0,113730.19,1755686700000,2780
52.829516809999994,113698.2371,113774.65,113576.85,114010.0,113526.01,1755687600000,3300
71.10949255999999,113534.5945,113576.86,113426.82,113810.0,113425.38,1755688500000,3384
148.15682049000003,113212.2173,113426.82,113164.0,113660.0,113023.77,1755689400000,7304
106.79998177999998,113522.2892,113163.99,113667.96,113880.0,113100.01,1755690300000,4246
32.11864534,113874.6441,113628.5,113819.85,114160.0,113628.4,1755691200000,3998
31.79812105,113781.8513,113819.85,113726.48,114080.0,113508.36,1755692100000,3656
49.99058207,113825.7091,113726.47,113864.52,114050.0,113671.26,1755693000000,3879
87.12014101999998,113758.5527,113864.53,113665.52,114050.0,113653.6,1755693900000,3984
38.23028652,113541.727,113713.3,113333.13,113900.0,113318.8,1755694800000,4005
51.25444742,113382.6901,113328.55,113423.25,113670.0,113260.0,1755695700000,4432
121.68222459999998,113351.4219,113398.2,113147.2,113800.0,113125.82,1755696600000,8205
566.57688435,112710.3842,113147.2,112674.73,113360.0,112472.5,1755697500000,15293
306.52398483,112645.7825,112650.1,112700.0,113150.0,112400.0,1755698400000,13169
229.76124915,112775.5307,112654.8,113160.69,113470.0,112344.11,1755699300000,11574
184.00055380999999,113609.0831,113159.57,113509.63,114060.0,113140.1,1755700200000,9582
126.72868431000002,113614.6138,113492.7,113456.47,114030.0,113379.28,1755701100000,6764
157.21149345999999,113781.8905,113450.1,113897.58,114270.0,113369.57,1755702000000,7297
259.35385391,114197.1855,113897.57,114312.14,114570.0,113875.1,1755702900000,9115
132.76273281,114143.6641,114303.5,113900.01,114560.0,113900.0,1755703800000,6641
165.79684955000002,113611.2407,113902.68,113347.09,114190.0,113219.67,1755704700000,8275
97.03736127,113407.0491,113347.08,113650.52,113880.0,113232.0,1755705600000,6826
112.66869527,114049.2965,113643.86,114272.96,114550.0,113580.7,1755706500000,7336
69.81895028,114076.3172,114274.9,113959.65,114500.0,113854.53,1755707400000,6411
86.5485297,113976.2167,113961.46,113850.04,114360.0,113762.61,1755708300000,6236
128.68168760000003,114006.2348,113818.2,113915.42,114420.0,113780.72,1755709200000,6303
58.457351010000004,113928.396,113915.42,113796.29,114360.0,113795.53,1755710100000,5522
93.52325194000001,114037.3952,113796.28,114277.18,114520.0,113781.4,1755711000000,5806
69.95845915000001,114272.9467,114277.18,114215.27,114700.0,114111.63,1755711900000,6305
127.60120747,113842.9208,114204.0,113677.97,114550.0,113650.0,1755712800000,7454
152.65185219999998,113523.3888,113677.96,113330.23,113950.0,113302.29,1755713700000,7718
96.63835867,113489.5807,113333.7,113890.0,113950.0,113250.52,1755714600000,5483
52.390734630000004,113653.856,113613.49,113489.29,113940.0,113472.27,1755715500000,4565
42.00683624,113760.4567,113489.3,113937.88,114190.0,113468.24,1755716400000,5104
130.58220215,114085.5624,113937.87,114045.59,114540.0,113885.7,1755717300000,5796
85.20342576000002,114013.4395,114081.6,113985.0,114300.0,113887.08,1755718200000,5109
155.48628753,114198.6353,113980.1,114279.3,114540.0,113949.97,1755719100000,6378
103.67188362,114194.8959,114307.7,114091.67,114490.0,114077.52,1755720000000,7016
43.53651073,114114.0197,114091.67,114150.7,114400.0,114003.01,1755720900000,7314
36.13422356,114256.1996,114150.7,114236.76,114530.0,114128.4,1755721800000,4271
76.36411599,114350.9546,114236.75,114382.5,114650.0,114203.36,1755722700000,4611
101.62659099,114431.2294,114376.1,114389.0,114730.0,114365.55,1755723600000,4609
65.45276116999999,114173.3493,114389.0,114052.7,114650.0,114006.43,1755724500000,5157
50.18618115,114130.9021,114052.7,114351.83,114630.0,113992.42,1755725400000,4604
37.065893169999995,114419.032,114351.83,114362.66,114700.0,114251.11,1755726300000,4205
58.189594050000004,114358.2736,114399.9,114329.94,114700.0,114227.26,1755727200000,4605
49.769023419999996,114354.5231,114326.63,114400.1,114660.0,114202.92,1755728100000,4084
39.93540002,114464.0533,114400.1,114539.39,114790.0,114317.25,1755729000000,4509
52.40382842,114616.7762,114539.39,114603.21,114890.0,114500.0,1755729900000,5165
67.45287965,114448.6425,114604.06,114335.92,114870.0,114325.66,1755730800000,6573
45.26134414,114295.376,114335.95,114247.52,114610.0,114219.08,1755731700000,5105
42.1153128,114335.2955,114247.52,114353.64,114650.0,114222.57,1755732600000,5482
34.27108402,114285.4382,114353.56,114276.0,114610.0,114209.78,1755733500000,4579
64.92354893,114225.0295,114273.8,114144.56,114540.0,114132.9,1755734400000,4578
65.46489248999998,114087.5227,114144.56,114079.71,114420.0,114012.39,1755735300000,5058
65.41106236,114327.042,114084.98,114423.4,114670.0,114078.7,1755736200000,5568
48.05450343000001,114373.319,114421.14,114291.55,114730.0,114269.99,1755737100000,3576
48.82574379000002,114305.5377,114310.8,114480.0,114570.0,114193.73,1755738000000,3355
56.47660786,114104.1293,114189.23,114114.72,114450.0,113949.2,1755738900000,3765
50.47753990999999,114307.4759,114114.72,114339.12,114670.0,114100.97,1755739800000,3592
124.13012932,114466.9713,114339.11,114719.82,114930.0,114248.82,1755740700000,6396
99.63570072,114620.3111,114719.81,114256.64,115020.0,114242.07,1755741600000,7479
84.22640439999999,114035.0008,114256.64,114004.72,114550.0,113895.87,1755742500000,7348
31.36662837,114034.5295,114004.72,113984.36,114260.0,113911.47,1755743400000,4996
49.267303330000004,114022.5174,113984.36,114028.97,114320.0,113901.4,1755744300000,3525
71.43548859,114293.2722,113980.6,114382.9,114820.0,113980.6,1755745200000,4459
45.3014454,114314.785,114359.13,114217.11,114700.0,114200.02,1755746100000,3891
39.43409821,114240.6109,114217.11,114180.69,114500.0,114159.59,1755747000000,2975
28.85517565,114131.9018,114180.35,113953.7,114450.0,113947.16,1755747900000,2845
40.47876038,113992.7015,114000.1,113904.8,114270.0,113862.06,1755748800000,4004
26.59103109000001,113967.5851,113904.81,113917.65,114220.0,113866.33,1755749700000,4431
49.053812470000004,113979.5201,113917.64,113847.36,114320.0,113778.37,1755750600000,5936
20.26542059,113940.0726,113847.37,113788.75,114250.0,113777.78,1755751500000,4084
46.91304695999999,113741.6069,113865.6,113667.5,114090.0,113617.04,1755752400000,3047
43.71343642,113794.2044,113701.9,113737.03,114120.0,113664.43,1755753300000,2645
15.327858419999998,113934.2909,113737.03,113862.0,114150.0,113726.01,1755754200000,2153
36.219614539999995,113992.3206,113862.0,113977.78,114290.0,113849.9,1755755100000,2377
41.157123629999994,113799.7934,113925.0,113643.3,114250.0,113618.1,1755756000000,3180
23.814335690000004,113694.7933,113643.3,113602.77,113970.0,113602.76,1755756900000,1905
35.38742805,113756.8791,113637.6,113724.9,114060.0,113602.76,1755757800000,2636
20.007813619999997,113877.9559,113755.48,113795.44,114160.0,113723.96,1755758700000,1905
95.41550342000001,113743.0631,113820.9,113624.86,114160.0,113624.86,1755759600000,3722
76.84110994000001,113662.1965,113624.86,113693.55,114000.0,113550.19,1755760500000,3476
40.343692149999995,113837.8047,113693.55,113848.39,114170.0,113643.46,1755761400000,2211
23.99073472,113946.2111,113848.38,113873.16,114210.0,113822.45,1755762300000,1725
38.37521336999999,113948.5834,113873.16,113935.38,114270.0,113802.61,1755763200000,2068
56.68576951000001,113799.4805,113935.37,113751.75,114230.0,113648.92,1755764100000,3087
37.13807689,113792.4801,113778.9,113753.38,114090.0,113692.37,1755765000000,1914
40.72161836000001,113700.1653,113753.39,113566.94,114080.0,113566.93,1755765900000,2265
91.39714049000003,113501.7112,113622.6,113441.93,113860.0,113389.64,1755766800000,3717
136.60418195,113353.1156,113441.93,113399.28,113730.0,113261.29,1755767700000,4925
62.20646764999999,113549.6839,113399.28,113588.36,113830.0,113382.3,1755768600000,2691
55.60821410000001,113500.4152,113588.36,113352.92,113880.0,113352.92,1755769500000,2310
95.59647914000001,113359.1511,113362.6,113356.28,113670.0,113191.76,1755770400000,3569
55.61577467,113383.5684,113356.28,113426.71,113700.0,113237.28,1755771300000,2557
20.61395296,113441.2161,113426.73,113399.89,113680.0,113318.86,1755772200000,2109
29.4041334,113391.1234,113400.1,113311.2,113680.0,113263.8,1755773100000,2192
50.52650128,113484.1913,113311.2,113475.02,113770.0,113308.08,1755774000000,2523
30.709740229999994,113511.4429,113475.01,113459.24,113770.0,113408.33,1755774900000,2321
37.63726414,113443.2974,113459.24,113354.98,113790.0,113240.01,1755775800000,2838
69.86438317,113112.2373,113349.6,113121.25,113600.0,112975.93,1755776700000,4883
34.82065326000001,113192.4158,113149.8,113152.37,113370.0,113041.73,1755777600000,2881
50.93215981,113223.1252,113152.38,113216.17,113570.0,113008.25,1755778500000,3678
40.71945728,113287.969,113216.14,113196.6,113620.0,113127.8,1755779400000,3716
60.30723984,113011.8504,113131.65,113073.52,113400.0,112904.87,1755780300000,4824
72.89269473,113202.6809,113076.5,113148.42,113440.0,113019.38,1755781200000,3883
50.86295492999999,113278.78,113148.42,113295.91,113580.0,113085.97,1755782100000,3451
119.14884969999999,113387.2262,113295.92,113532.28,113800.0,113105.14,1755783000000,7048
140.06893787,113548.3796,113532.29,113459.78,113930.0,113125.45,1755783900000,7569
148.92263278000001,113719.0907,113460.19,113830.77,114130.0,113320.61,1755784800000,7893
82.43413001999998,113818.0057,113852.0,113710.1,114230.0,113580.0,1755785700000,5547
183.77951147000002,113176.7039,113710.09,113173.11,113970.0,112890.42,1755786600000,6702
143.5754116,113184.8885,113153.0,113269.6,113640.0,112999.01,1755787500000,6325
264.25046741,112881.742,113269.7,113000.0,113650.0,112643.56,1755788400000,10539
413.46478093,112892.2746,112695.6,112995.68,113400.0,112561.79,1755789300000,12509
173.24853801,113010.1406,112995.71,112993.81,113380.0,112840.99,1755790200000,5730
196.99262109999998,112827.2265,112993.81,112762.44,113270.0,112729.41,1755791100000,6480
187.09316,112778.209,112765.1,112798.94,113140.0,112598.28,1755792000000,6281
109.56071782000001,112794.9952,112798.95,112706.02,113210.0,112568.39,1755792900000,6397
149.39739346000002,112662.8815,112650.1,112585.47,113070.0,112536.09,1755793800000,6114
143.95139984000002,112479.7958,112585.48,112354.93,112880.0,112289.69,1755794700000,7678
156.23644964,112345.3287,112356.07,112192.01,112680.0,112159.9,1755795600000,8869
130.96740908,112288.8117,112192.0,112197.43,112630.0,112169.04,1755796500000,6159
112.43591081000001,112365.9582,112197.43,112396.48,112830.0,112150.0,1755797400000,5863
51.41600775999999,112429.0779,112399.85,112389.65,112780.0,112280.47,1755798300000,4295
92.16626721,112331.0557,112415.5,112329.23,112700.0,112185.2,1755799200000,5277
63.82108032999999,112483.7381,112329.23,112543.0,112810.0,112263.42,1755800100000,3953
53.2965758,112409.9747,112478.54,112324.75,112750.0,112285.75,1755801000000,4097
63.282415949999994,112398.3299,112325.26,112571.11,112880.0,112172.76,1755801900000,4310
67.45087640999999,112652.0847,112571.1,112542.49,112970.0,112516.68,1755802800000,3865
98.27654067,112367.4249,112539.92,112226.9,112890.0,112129.92,1755803700000,5126
446.75729028999996,112091.2382,112225.01,112066.7,112540.0,111968.15,1755804600000,12557
84.19135426999999,112095.5629,112066.69,112160.29,112430.0,111964.0,1755805500000,6408
73.06031824000002,112225.9527,112132.5,112279.42,112620.0,112090.29,1755806400000,4764
59.29161597000001,112420.622,112284.36,112415.4,112760.0,112259.7,1755807300000,4240
74.55227346000001,112283.223,112415.4,112334.79,112720.0,112031.34,1755808200000,5170
130.31021333,112647.5415,112334.78,112412.16,113100.0,112300.0,1755809100000,5548
76.52860995,112376.9699,112406.0,112481.95,112810.0,112062.49,1755810000000,5431
59.583568719999995,112486.4339,112481.95,112520.25,112890.0,112264.45,1755810900000,4901
50.738704059999996,112582.4046,112518.17,112456.93,113040.0,112416.66,1755811800000,4824
46.82119762,112565.6509,112456.93,112590.61,112940.0,112428.8,1755812700000,3403
39.88611464,112561.4354,112527.2,112596.06,112920.0,112461.82,1755813600000,3497
54.48631675,112634.7639,112596.06,112594.67,113000.0,112536.45,1755814500000,3273
50.46274707,112519.5467,112612.6,112398.22,112910.0,112387.49,1755815400000,3164
30.448396669999997,112516.5509,112398.22,112470.97,112830.0,112374.68,1755816300000,3102
32.090546589999995,112427.4026,112472.5,112293.14,112790.0,112281.71,1755817200000,3019
31.739796550000005,112340.2335,112293.12,112720.0,112750.0,112214.42,1755818100000,3526
33.593712409999995,112372.1418,112433.31,112250.01,112720.0,112250.0,1755819000000,3661
31.77685776,112386.5346,112250.01,112480.3,112770.0,112237.42,1755819900000,3462
137.89459987999996,112560.0262,112475.0,112665.41,113050.0,112439.75,1755820800000,5148
33.94870571,112713.7592,112665.4,112620.95,113070.0,112591.86,1755821700000,3320
63.152821110000005,112826.1464,112620.95,112662.87,113120.0,112591.91,1755822600000,3708
51.50286901,112617.8738,112662.88,112597.52,113010.0,112513.5,1755823500000,3311
40.95606657,112508.0336,112582.4,112363.24,112990.0,112290.84,1755824400000,3794
46.84504077,112646.9319,112359.48,112738.89,113090.0,112347.5,1755825300000,3592
51.70100816999999,112788.4094,112732.8,112871.36,113220.0,112664.57,1755826200000,3761
33.6598079,112868.3147,113190.0,112803.81,113230.0,112732.39,1755827100000,3033
104.47234972,112977.8566,112803.81,113062.2,113400.0,112741.51,1755828000000,4519
113.67831237,113368.0714,113062.2,113463.78,113800.0,112978.33,1755828900000,5693
67.36784107999999,113508.4648,113463.78,113261.7,113780.0,113232.89,1755829800000,3744
56.15858024999999,113309.0586,113266.12,113117.39,113700.0,113093.9,1755830700000,3183
55.49757807,113247.6874,113112.4,113318.66,113730.0,113076.31,1755831600000,3350
42.19153364,113244.8113,113319.69,113166.98,113640.0,113141.45,1755832500000,2807
40.331514880000015,113192.1008,113166.98,113064.8,113620.0,113039.83,1755833400000,3238
53.85935833999999,113002.854,113074.14,112890.92,113430.0,112840.99,1755834300000,3151
54.46254429000002,113040.14,112887.3,113060.61,113440.0,112887.3,1755835200000,3456
42.87852854999999,113158.2911,113060.6,113000.0,113570.0,112973.39,1755836100000,2990
28.54928595,113113.0003,113000.0,113038.19,113530.0,112945.8,1755837000000,2478
69.11378294000001,112860.0562,113038.18,112799.01,113370.0,112661.57,1755837900000,3221
54.86114377,112938.8538,112725.0,112986.31,113360.0,112725.0,1755838800000,3116
43.89857059000001,112931.7269,112987.4,112908.04,113360.0,112803.32,1755839700000,2652
48.4126497,113055.7471,112907.6,113088.82,113510.0,112907.6,1755840600000,2693
44.443270209999994,113222.3998,113088.83,113190.94,113580.0,113024.9,1755841500000,2467
67.52096239,113132.3762,113190.93,113270.46,113550.0,113002.26,1755842400000,3078
57.09261881,113259.9295,113270.45,113199.14,113590.0,113136.79,1755843300000,2539
66.14425533,112991.4913,113205.0,112880.0,113500.0,112800.79,1755844200000,2966
44.61071792,112963.2876,112890.21,112954.98,113290.0,112810.9,1755845100000,2376
52.11969881,113103.4158,112984.7,113104.27,113410.0,112908.01,1755846000000,2396
67.41881269,113056.7927,113106.77,113124.33,113450.0,112892.88,1755846900000,3199
43.256299599999984,113152.5467,113124.33,113174.01,113420.0,113052.88,1755847800000,2011
31.936452830000004,113132.7266,113163.87,113042.75,113420.0,113026.67,1755848700000,2020
39.83550845,113147.2109,113126.0,113208.8,113480.0,113007.06,1755849600000,2074
39.747630279999996,113193.129,113224.59,113198.45,113510.0,113055.76,1755850500000,2306
33.08645948,113086.0193,113198.45,113055.46,113460.0,112940.02,1755851400000,2126
40.28359085,112966.8838,113036.6,112944.33,113310.0,112894.69,1755852300000,3822
39.36153486,112892.899,112980.7,112841.2,113250.0,112788.33,1755853200000,3564
38.987269749999996,112897.4325,112841.19,112932.0,113190.0,112812.76,1755854100000,4705
57.26476111,112871.4242,112932.01,112856.94,113260.0,112768.32,1755855000000,4312
37.78703052,113070.8136,112856.94,113007.0,113350.0,112843.42,1755855900000,3367
43.27098227,112930.6523,113037.0,112732.72,113310.0,112732.72,1755856800000,3182
42.126113790000005,112716.6316,112732.72,112686.16,113020.0,112608.0,1755857700000,3323
37.98536707,112617.6448,112686.16,112543.25,112930.0,112516.5,1755858600000,3426
39.17407338,112546.6421,112542.24,112491.65,112830.0,112470.42,1755859500000,3137
70.02235229,112451.9909,112550.1,112259.95,112840.0,112245.14,1755860400000,7236
28.471263159999992,112307.0325,112266.11,112240.28,112590.0,112226.98,1755861300000,6014
39.82619275,112224.2402,112240.27,112219.28,112560.0,112141.38,1755862200000,5198
31.451252320000002,112345.6289,112217.12,112285.28,112620.0,112216.38,1755863100000,5396
84.43809993999999,112176.8803,112280.5,112046.64,112590.0,111957.0,1755864000000,8628
114.51498892,112059.9044,112046.63,112013.21,112320.0,111960.52,1755864900000,7168
369.39402423,111967.4841,112013.22,112249.34,112470.0,111649.75,1755865800000,13541
129.37199799,112526.3491,112247.07,112308.69,112960.0,112188.08,1755866700000,6131
58.90931757,112359.0376,112336.5,112174.45,112740.0,112149.8,1755867600000,4693
73.62202365,112178.6281,112174.46,112249.42,112530.0,112034.55,1755868500000,7197
257.51356988000003,112207.6915,112249.42,112446.67,112860.0,111904.18,1755869400000,10712
138.12112593,112510.5754,112446.67,112459.99,112900.0,112317.24,1755870300000,8324
1021.6460956399999,114374.344,112450.74,115191.64,115440.0,112450.0,1755871200000,33908
597.59048183,115184.4718,115212.4,115182.58,115980.0,114562.2,1755872100000,23857
522.50707059,115666.0535,115112.6,115773.03,116290.0,115112.5,1755873000000,18537
354.08226510000003,115966.716,115787.6,115805.63,116300.0,115725.0,1755873900000,16089
595.5585246200001,116509.5906,115940.0,116650.46,116850.0,115796.2,1755874800000,24302
410.35395335000004,116868.2204,116655.75,116743.76,117200.0,116606.19,1755875700000,19362
215.90109298,116872.2181,116742.68,116958.33,117050.0,116678.61,1755876600000,13180
286.4198503300001,116899.3056,116958.32,116362.5,117400.0,116359.2,1755877500000,13665
270.38551879,116545.7879,116370.1,116591.83,116890.0,116362.5,1755878400000,11614
280.54346244000004,116304.354,116591.82,116401.82,116710.0,116088.7,1755879300000,12530
151.34261053999995,116456.2144,116357.4,116452.54,116650.0,116357.3,1755880200000,10715
114.53604160999998,116266.4551,116447.04,116139.59,116590.0,116104.4,1755881100000,6267
150.53461396999998,116516.0903,116110.0,116734.08,116850.0,116109.9,1755882000000,8169
199.84658523,116859.668,116738.96,116928.25,117100.0,116703.8,1755882900000,9695
140.25591374999996,116685.4394,116924.01,116706.6,117080.0,116516.45,1755883800000,7369
100.11422968999999,116830.9976,116741.12,117005.79,117120.0,116656.13,1755884700000,7836
175.14799595000002,117199.5295,116979.0,117560.0,117570.0,116978.9,1755885600000,9757
187.86036885,117099.6123,117386.99,116874.98,117560.0,116813.09,1755886500000,10185
72.49476435,116960.149,116855.0,116902.41,117280.0,116855.0,1755887400000,5253
79.20367034999998,116804.2763,116902.42,116793.88,117070.0,116726.65,1755888300000,5143
107.73039573999999,116798.829,116783.0,116890.02,117050.0,116728.45,1755889200000,5722
117.08297964999998,116822.7902,116890.02,116731.9,117140.0,116727.2,1755890100000,4974
144.19382577,116686.9015,116737.83,116688.09,116970.0,116619.25,1755891000000,6388
168.92290342999996,116611.259,116688.09,116648.95,116910.0,116492.32,1755891900000,8016
97.87155030999999,116789.4435,116645.36,116850.78,117050.0,116565.24,1755892800000,8677
99.19159866000001,116982.2144,116850.79,117062.1,117270.0,116821.1,1755893700000,6714
55.685116840000006,116992.7349,117102.98,117027.06,117280.0,116884.45,1755894600000,4757
54.59517581999999,116962.2319,117027.06,117044.19,117230.0,116853.7,1755895500000,6258
89.35568094000001,116954.1255,116985.7,116863.56,117220.0,116850.01,1755896400000,5939
48.01961884000001,116916.9354,116861.49,116962.18,117170.0,116806.5,1755897300000,4447
44.91195847000001,116957.023,116963.25,117012.81,117170.0,116880.4,1755898200000,3773
32.33127434,117030.4819,116993.8,117011.44,117380.0,116949.55,1755899100000,4308
80.32368965999999,116914.2689,116971.3,116766.51,117200.0,116699.99,1755900000000,5069
38.68347662,116657.89,116766.51,116609.81,117000.0,116531.44,1755900900000,4700
61.78273054,116601.7841,116604.9,116654.44,116880.0,116517.9,1755901800000,4815
68.99045698,116727.0688,116654.43,116733.54,116910.0,116635.0,1755902700000,4082
31.950801130000002,116731.6687,116704.0,116648.74,116960.0,116641.77,1755903600000,3347
17.13533201,116696.2897,116648.74,116706.11,116860.0,116648.73,1755904500000,3348
34.23666443,116771.4887,116708.08,116861.7,117000.0,116704.1,1755905400000,4691
28.368009350000005,116853.0928,116861.7,116908.68,117040.0,116801.06,1755906300000,3204
51.111423910000006,116808.2675,116817.9,116691.78,117050.0,116691.78,1755907200000,3830
17.28922561,116831.8413,116691.78,116917.64,117100.0,116691.78,1755908100000,3126
18.71165401,116905.3023,116896.3,116814.1,117130.0,116791.5,1755909000000,3074
20.69394689,116894.9132,116802.33,116822.04,117150.0,116802.32,1755909900000,3026
29.039786309999997,116926.5178,116867.4,116776.3,117040.0,116734.1,1755910800000,2812
31.379822190000002,116713.4654,116776.28,116529.86,117030.0,116528.27,1755911700000,3364
50.39500333,116427.5097,116528.16,116257.43,116790.0,116238.38,1755912600000,4067
30.5466843,116379.0131,116257.43,116396.5,116640.0,116257.43,1755913500000,3374
50.33645632,116278.6233,116396.51,116176.15,116660.0,116130.0,1755914400000,3799
67.37269617000001,116018.0634,116176.15,115817.46,116410.0,115817.46,1755915300000,5240
137.8107626,115663.1571,115817.47,115813.76,116120.0,115450.27,1755916200000,7268
51.57857391,115972.9548,115818.79,115882.25,116300.0,115717.92,1755917100000,3974
29.57048275,115785.5854,115914.1,115941.33,116180.0,115646.11,1755918000000,3911
49.48736328000001,115711.2905,115941.33,115659.89,116180.0,115568.23,1755918900000,4060
29.36232824,115567.3823,115660.79,115409.17,115890.0,115409.16,1755919800000,3432
37.89334818,115554.2505,115409.27,115509.75,115830.0,115400.02,1755920700000,3046
28.118747579999997,115603.5331,115516.2,115711.15,115930.0,115492.2,1755921600000,2832
23.042673710000003,115672.6877,115711.14,115635.1,115930.0,115598.25,1755922500000,2522
42.063430870000005,115805.0237,115665.59,115828.72,116120.0,115635.0,1755923400000,3055
20.758566029999997,115800.9499,115828.71,115884.85,116050.0,115715.43,1755924300000,2507
27.98670837,115796.113,115780.4,115805.69,116090.0,115734.94,1755925200000,3879
27.96884791,115917.4352,115805.68,115887.72,116100.0,115794.57,1755926100000,2797
24.32764028,115952.9259,115887.71,115920.91,116160.0,115871.91,1755927000000,3020
13.15330804,115927.6214,115903.7,115891.23,116130.0,115845.2,1755927900000,3507
15.570494760000003,115886.7449,115891.24,115776.63,116150.0,115772.59,1755928800000,3292
63.76856632,115780.3234,115775.91,115708.2,116030.0,115679.76,1755929700000,2827
11.96866436,115752.8079,115706.55,115688.51,115990.0,115677.62,1755930600000,1798
15.34814016,115701.6797,115688.51,115720.0,115950.0,115627.15,1755931500000,1949
10.77150676,115719.5101,115720.0,115806.44,115990.0,115600.0,1755932400000,2014
10.738772050000001,115750.8705,115802.24,115662.01,116000.0,115659.82,1755933300000,1918
35.90980251,115728.4249,115662.01,115844.66,116050.0,115609.9,1755934200000,3044
37.84166617,115760.587,115844.66,115766.1,115990.0,115706.32,1755935100000,2578
10.65188111,115793.9549,115766.1,115776.5,116000.0,115761.93,1755936000000,1624
19.029952390000002,115714.8263,115776.5,115615.25,115990.0,115580.24,1755936900000,2072
22.66460813,115682.1176,115609.65,115782.49,115960.0,115555.88,1755937800000,2162
7.77125301,115747.9502,115782.48,115691.64,115990.0,115689.25,1755938700000,5901
13.89725248,115661.729,115757.3,115615.45,115930.0,115587.56,1755939600000,3406
11.53905937,115569.1187,115615.46,115557.95,115800.0,115543.27,1755940500000,2125
20.30358228,115617.0234,115557.96,115634.13,115840.0,115557.93,1755941400000,2042
51.31439087999999,115607.1363,115636.5,115709.35,115920.0,115568.81,1755942300000,2344
30.578302309999998,115660.6277,115707.5,115603.84,115930.0,115582.38,1755943200000,3076
15.902468419999998,115575.0938,115603.85,115549.83,115800.0,115544.26,1755944100000,2338
10.32845225,115574.0916,115620.1,115559.04,115800.0,115541.92,1755945000000,2549
5.551894939999999,115548.0837,115559.04,115521.18,115760.0,115521.18,1755945900000,3815
19.39206388,115545.8879,115572.9,115532.41,115760.0,115466.9,1755946800000,3316
9.136067720000002,115528.659,115532.42,115472.05,115770.0,115467.2,1755947700000,2270
15.558408960000003,115476.9937,115472.05,115407.9,115720.0,115407.9,1755948600000,2420
57.29785841,115282.6759,115407.91,115450.0,115670.0,115129.35,1755949500000,4115
22.769259970000004,115262.3958,115176.7,115349.82,115600.0,115148.9,1755950400000,2974
16.30181086,115342.5781,115349.82,115291.08,115650.0,115273.43,1755951300000,2699
20.351290589999998,115350.2399,115291.08,115339.76,115580.0,115262.64,1755952200000,2871
51.90575821000001,115317.4304,115363.7,115170.9,115550.0,115131.54,1755953100000,2968
30.849927060000002,115233.0959,115170.9,115128.8,115410.0,115100.26,1755954000000,3252
81.74393733999999,115162.7045,115129.6,114971.85,115390.0,114938.5,1755954900000,4160
141.74183307,114811.8538,114971.85,114903.68,115220.0,114695.01,1755955800000,6522
68.44655823000001,114943.2389,114903.68,114825.03,115250.0,114783.9,1755956700000,4147
55.558027149999994,114835.2993,114800.0,114877.14,115090.0,114770.91,1755957600000,3443
44.71806909000001,114942.3582,114905.6,115000.1,115220.0,114809.18,1755958500000,3668
62.81758195,114845.4025,114988.83,114681.06,115270.0,114665.02,1755959400000,5708
62.73435563000001,114661.8178,114700.1,114581.87,114990.0,114575.13,1755960300000,7878
65.32160508999999,114616.0027,114621.8,114679.2,114900.0,114505.0,1755961200000,4592
109.9891944,114791.0417,114678.38,114850.76,115100.0,114674.01,1755962100000,4276
27.270925170000005,114885.5165,114850.75,114836.19,115100.0,114787.13,1755963000000,2873
26.292074570000004,114879.501,114833.23,114770.0,115090.0,114766.62,1755963900000,3227
41.03375012,114777.024,114770.01,114679.31,115020.0,114637.4,1755964800000,3276
52.44727747,114818.8393,114700.0,114818.34,115160.0,114679.31,1755965700000,3439
24.94338898,114786.9962,114912.6,114748.86,115060.0,114713.36,1755966600000,3011
44.35378772000001,114923.6771,114745.03,114967.39,115250.0,114740.0,1755967500000,3054
24.087789960000002,115045.0364,114975.2,115087.04,115320.0,114948.1,1755968400000,2747
40.152482430000006,114999.3462,115087.04,114955.14,115260.0,114904.25,1755969300000,3155
33.130350199999995,115038.8916,114958.06,115043.24,115330.0,114937.37,1755970200000,2753
14.557646559999997,115063.3405,115043.24,115054.9,115330.0,115020.37,1755971100000,3264
26.85165879,115112.069,115054.91,115109.49,115360.0,115054.91,1755972000000,3155
19.41086628,115059.0422,115109.49,115068.0,115350.0,115007.48,1755972900000,2892
17.24300459,115038.5745,115032.17,115113.16,115330.0,115000.0,1755973800000,2311
20.768113679999995,115111.7941,115111.96,115108.64,115370.0,115051.4,1755974700000,2600
11.138361020000001,115087.3573,115101.1,115035.5,115350.0,115035.5,1755975600000,2475
29.920522310000003,115032.0593,115035.49,115048.45,115320.0,115000.0,1755976500000,2824
14.668038579999997,115052.2543,115042.4,115034.89,115290.0,115031.18,1755977400000,3481
13.617011579999998,115075.8629,115034.88,115098.49,115330.0,115028.54,1755978300000,3128
19.618599810000006,115072.4551,115055.4,115094.41,115340.0,115055.3,1755979200000,2702
13.756862990000002,115133.9357,115094.41,115190.62,115420.0,115080.5,1755980100000,2722
24.827452679999993,115157.9195,115190.61,115109.19,115460.0,115085.26,1755981000000,3623
21.251192309999997,115220.6123,115105.47,115288.99,115490.0,115100.06,1755981900000,4480
29.67594646,115154.7405,115254.0,115087.4,115490.0,115061.31,1755982800000,4415
21.78837626,115053.6458,115061.31,115021.33,115320.0,115018.36,1755983700000,3862
16.60530651,115012.7986,115020.79,115027.39,115260.0,114962.64,1755984600000,2583
24.974621539999998,115085.2017,115027.39,114983.8,115370.0,114983.71,1755985500000,3014
18.68463247,115143.1442,115067.9,115215.28,115470.0,114983.8,1755986400000,3135
16.66893217,115196.1313,115215.28,115243.17,115460.0,115149.9,1755987300000,2650
36.55511852,115173.8814,115150.0,115207.2,115460.0,115149.9,1755988200000,2604
13.438960730000002,115253.2069,115207.2,115278.45,115480.0,115199.53,1755989100000,2696
19.54336335,115255.7592,115252.2,115196.1,115490.0,115196.1,1755990000000,2587
13.197586820000001,115243.8311,115196.1,115235.41,115500.0,115195.74,1755990900000,2442
12.043318860000003,115208.6885,115233.86,115241.67,115470.0,115196.64,1755991800000,2047
13.487537599999998,115323.5054,115241.66,115383.87,115570.0,115209.9,1755992700000,2385
9.47925114,115318.4935,115383.87,115328.33,115550.0,115250.63,1755993600000,2312
14.011623700000001,115341.1272,115328.33,115373.37,115570.0,115294.79,1755994500000,2398
25.923146289999995,115397.3041,115373.36,115426.9,115680.0,115333.25,1755995400000,2708
35.99193267000001,115365.1241,115426.9,115329.99,115650.0,115299.02,1755996300000,2469
40.40921069,115309.7654,115355.6,115330.37,115580.0,115206.92,1755997200000,2890
24.280150130000003,115221.7014,115330.36,115244.41,115580.0,115135.96,1755998100000,2540
13.838283820000001,115309.0295,115244.41,115445.15,115630.0,115195.94,1755999000000,2360
34.17044469999999,115461.5102,115445.15,115422.46,115730.0,115392.05,1755999900000,2754
27.864171459999998,115516.659,115422.46,115564.74,115810.0,115376.91,1756000800000,2601
23.826746890000003,115486.2112,115564.73,115463.94,115810.0,115403.97,1756001700000,2407
37.61208129,115276.2436,115463.94,115156.05,115730.0,115127.22,1756002600000,3218
37.380845609999994,115102.0669,115156.04,114955.01,115430.0,114945.77,1756003500000,2983
22.831390049999996,115041.0535,115038.5,115320.0,115320.0,114880.12,1756004400000,2948
13.772758849999999,114988.8541,115020.31,114913.71,115280.0,114901.01,1756005300000,2468
13.56568627,114965.0703,114978.7,114924.67,115210.0,114912.01,1756006200000,2188
30.84020156,115027.4716,114924.68,114986.76,115320.0,114894.33,1756007100000,3720
17.2614299,115136.7151,115030.1,115161.91,115450.0,114986.76,1756008000000,5673
5.147854779999999,115202.2598,115161.91,115172.93,115460.0,115127.97,1756008900000,3518
21.887355449999998,115131.409,115172.92,115070.67,115410.0,115028.67,1756009800000,3819
14.774707080000002,115065.0522,115072.62,115124.88,115320.0,115032.42,1756010700000,2673
11.294839060000001,115110.2763,115061.3,115083.86,115380.0,115052.91,1756011600000,2088
19.909287680000002,115049.5006,115099.9,115020.72,115350.0,115013.5,1756012500000,2359
34.00296036,114926.2351,115020.71,114903.48,115280.0,114862.43,1756013400000,2458
13.891009819999997,114931.0572,114906.42,114944.39,115190.0,114870.51,1756014300000,1883
18.293608040000006,114895.529,114906.4,114890.77,115190.0,114843.74,1756015200000,1710
22.081647250000003,114875.283,114890.77,114971.78,115230.0,114811.24,1756016100000,2055
9.501842360000001,114956.6902,114980.6,114956.21,115240.0,114880.12,1756017000000,1547
35.33238009000001,114919.8957,114956.2,114810.6,115220.0,114795.39,1756017900000,1877
11.349548239999999,114861.8817,114800.1,114902.67,115160.0,114797.85,1756018800000,2013
11.082726789999999,114901.0054,114902.67,115200.0,115200.0,114822.88,1756019700000,1583
8.99850507,115032.9301,114999.19,114999.9,115290.0,114904.03,1756020600000,1637
8.24525243,114896.554,114944.64,114837.1,115200.0,114834.97,1756021500000,1311
23.472542989999997,114820.6837,114890.2,114827.48,115160.0,114701.0,1756022400000,2087
11.42925283,114809.6625,114826.88,114776.15,115090.0,114723.81,1756023300000,1576
15.996189160000002,114794.3428,114783.49,114748.7,115050.0,114704.58,1756024200000,1368
11.761910729999999,114784.5142,114721.49,114790.25,115030.0,114706.01,1756025100000,1568
53.31440506,114762.3305,114765.3,114627.45,115060.0,114615.04,1756026000000,2494
19.978027689999998,114739.582,114627.45,114778.04,115030.0,114627.45,1756026900000,1603
17.810728850000004,114944.6261,114778.04,114957.05,115220.0,114729.9,1756027800000,1858
12.073997460000001,114871.4432,114917.0,114792.84,115210.0,114790.83,1756028700000,1428
8.42548721,114801.7077,114849.6,114772.72,115120.0,114730.16,1756029600000,1450
11.969624260000002,114702.6723,114772.72,114686.82,115010.0,114650.0,1756030500000,1543
34.402688510000004,114654.6835,114686.82,114820.02,115060.0,114548.45,1756031400000,2157
13.53006472,114832.7976,114820.28,114739.3,115140.0,114715.25,1756032300000,1782
8.795318690000002,114775.2066,114816.2,114738.57,115090.0,114681.15,1756033200000,1665
27.871128010000003,114644.4772,114738.72,114607.95,115050.0,114550.0,1756034100000,2225
10.82929845,114689.0933,114607.95,114632.4,114920.0,114589.92,1756035000000,1718
13.321862020000001,114670.4225,114616.56,114697.43,114970.0,114616.55,1756035900000,1580
10.20844121,114749.1284,114664.1,114754.48,115050.0,114661.77,1756036800000,1655
16.68633598,114732.7439,114754.47,114645.95,115040.0,114632.7,1756037700000,1769
21.75635513,114666.5454,114645.94,114632.4,114970.0,114554.37,1756038600000,2134
19.54466836,114658.933,114597.86,114626.23,114910.0,114555.1,1756039500000,1924
14.45053747,114681.3702,114626.23,114632.3,114910.0,114594.11,1756040400000,2028
25.721761079999997,114747.793,114628.31,114619.43,115050.0,114619.37,1756041300000,2719
26.651240020000007,114664.9395,114619.43,114601.89,114990.0,114535.81,1756042200000,2903
37.17027142,114651.0237,114601.9,114525.18,114980.0,114518.76,1756043100000,3072
150.16800511000002,114461.4881,114563.4,114364.59,114780.0,114310.09,1756044000000,5399
181.92047211000002,114454.3185,114384.3,114414.61,114760.0,114343.12,1756044900000,4019
24.9991215,114439.481,114414.6,114396.72,114720.0,114354.01,1756045800000,2659
50.49053569,114518.8244,114428.5,114466.37,114850.0,114396.69,1756046700000,2699
46.65261782000001,114694.127,114537.6,114655.91,115010.0,114400.0,1756047600000,3729
38.67301702,114603.3491,114655.41,114606.87,114920.0,114533.35,1756048500000,3258
37.67325963,114608.2524,114605.07,114604.99,114900.0,114524.47,1756049400000,2920
18.02587706,114460.0572,114604.99,114368.38,114800.0,114362.57,1756050300000,2967
37.37110692,114390.0297,114400.1,114472.52,114690.0,114310.01,1756051200000,3693
19.124916260000006,114425.0077,114472.52,114384.58,114660.0,114318.8,1756052100000,3026
30.87098457,114391.3028,114384.6,114343.19,114630.0,114340.6,1756053000000,2855
78.44826009,114324.0244,114340.6,114229.61,114580.0,114210.16,1756053900000,4335
65.22668342,114381.1717,114293.5,114406.24,114650.0,114200.0,1756054800000,3886
45.69266848,114331.6801,114412.55,114243.34,114640.0,114227.99,1756055700000,3617
64.28222682,114385.9744,114244.5,114499.62,114710.0,114215.61,1756056600000,3994
36.798477420000005,114394.7615,114499.62,114375.7,114710.0,114261.26,1756057500000,3921
102.43021121,114445.3565,114375.7,114691.09,114800.0,114254.8,1756058400000,4661
79.57247041999999,114699.3624,114690.74,114623.76,114980.0,114555.18,1756059300000,4499
105.30164638000001,114744.8385,114627.2,114732.28,115000.0,114574.57,1756060200000,6438
72.76836841999999,114639.4248,114732.28,114582.51,114950.0,114492.69,1756061100000,5498
57.96625518000001,114556.1429,114534.9,114517.83,114830.0,114495.12,1756062000000,4228
46.046290490000004,114578.6389,114527.16,114683.89,114830.0,114449.16,1756062900000,4024
1800.29369512,112319.8493,114683.89,113049.76,114900.0,110635.0,1756063800000,52187
441.38859678,112490.0256,113240.0,112588.1,113250.0,111952.22,1756064700000,16855
449.8752818400001,112234.0419,112559.3,112132.52,112800.0,111613.24,1756065600000,16079
199.59438988000002,112706.4436,112143.88,112847.5,113160.0,112086.19,1756066500000,9861
87.20265233,112778.025,112847.39,112975.92,113200.0,112510.59,1756067400000,6914
87.85069846,112731.5448,112975.9,112764.29,113180.0,112505.32,1756068300000,6968
86.57373704999999,112577.4722,112704.4,112610.16,112990.0,112365.24,1756069200000,7002
49.28230756000001,112783.2267,112610.16,112905.84,113120.0,112580.45,1756070100000,4599
86.59611296,113166.8742,112905.81,112950.89,113550.0,112875.0,1756071000000,5363
33.209181900000004,113093.3006,112948.64,112975.77,113420.0,112914.01,1756071900000,3800
91.61781640999999,112960.4381,112978.96,112922.14,113330.0,112742.19,1756072800000,6204
72.15342747000001,112769.8235,112922.13,112643.76,113150.0,112602.01,1756073700000,5421
77.84321582,113114.6221,112719.0,113361.2,113600.0,112620.24,1756074600000,4751
35.42031281999999,113408.5814,113338.63,113434.27,113720.0,113213.5,1756075500000,3463
64.90512436,113456.0478,113402.0,113441.66,113800.0,113343.32,1756076400000,3884
32.22489778,113557.1028,113441.65,113627.3,113880.0,113421.46,1756077300000,3174
29.463216689999996,113606.2604,113628.91,113628.89,113890.0,113439.88,1756078200000,3596
31.91289258,113519.8338,113550.0,113478.0,113880.0,113382.7,1756079100000,3059
57.48753731000001,113453.5901,113456.1,113390.11,113730.0,113339.92,1756080000000,4142
63.5110497,113263.1879,113406.26,113051.32,113690.0,113041.78,1756080900000,4666
127.85741247999998,112621.1735,113058.71,112239.28,113310.0,112135.98,1756081800000,6753
77.89819918999999,112478.4302,112249.03,112628.06,112860.0,112150.01,1756082700000,5035
67.65900255000001,112797.5411,112604.3,112801.29,113120.0,112604.2,1756083600000,4452
101.50600967999998,112890.6441,112801.29,112972.5,113360.0,112593.22,1756084500000,4517
38.94971141,112870.0351,112970.32,112696.86,113220.0,112690.09,1756085400000,3651
42.1891905,113022.9544,112696.84,113058.64,113300.0,112696.84,1756086300000,3492
56.81096054999999,113187.5291,113058.61,113344.88,113550.0,113041.5,1756087200000,3588
60.979940039999995,113449.8522,113340.03,113409.87,113820.0,113275.8,1756088100000,4352
47.76726917,113401.8964,113417.3,113287.94,113740.0,113275.37,1756089000000,3606
41.88885621,113400.0054,113287.95,113384.2,113690.0,113273.46,1756089900000,3010
81.83545254999999,113522.2148,113397.6,113381.61,113880.0,113308.01,1756090800000,3544
36.821847989999995,113443.8214,113389.7,113343.75,113770.0,113296.06,1756091700000,2993
32.36599769,113387.215,113384.7,113319.71,113670.0,113257.97,1756092600000,3170
111.56176926,113165.4081,113318.36,112883.89,113600.0,112846.22,1756093500000,4208
68.45829589,112951.8883,112926.9,112809.1,113270.0,112809.09,1756094400000,3895
63.93743709,112770.5434,112810.87,112684.46,113100.0,112626.87,1756095300000,4238
46.17424984,112698.5626,112678.96,112754.0,113000.0,112575.04,1756096200000,3009
49.14883481999999,112756.6323,112753.57,112740.78,113040.0,112609.03,1756097100000,2814
53.61019811999999,112664.6182,112695.9,112520.78,113080.0,112485.26,1756098000000,3640
30.789694779999998,112549.0293,112520.77,112505.61,112830.0,112461.93,1756098900000,2912
65.53823513,112462.6761,112512.6,112445.1,112820.0,112352.6,1756099800000,3964
41.02256494,112425.2402,112478.8,112292.52,112790.0,112289.78,1756100700000,3203
52.26914289,112304.1244,112289.77,112259.16,112620.0,112211.01,1756101600000,3421
48.32836331,112282.6099,112265.26,112226.2,112630.0,112151.47,1756102500000,3563
90.42450845000002,112110.0931,112233.15,112017.2,112530.0,112010.29,1756103400000,4607
155.46315450999998,111887.7628,112017.2,111902.84,112270.0,111714.7,1756104300000,6853
71.78888660999999,111965.8177,111898.7,112019.39,112230.0,111760.01,1756105200000,3861
52.54225797000001,111965.64,112021.97,111862.28,112290.0,111856.58,1756106100000,3412
267.41086445999997,111637.4036,111893.7,111815.17,112130.0,111359.7,1756107000000,7425
117.05345436000002,111529.5094,111815.16,111479.54,112050.0,111265.62,1756107900000,6808
307.89008193999996,111292.9156,111480.85,111602.51,111810.0,110934.71,1756108800000,9719
46.59744682999999,111691.0123,111790.0,111648.3,111950.0,111568.01,1756109700000,3503
80.31657439,111675.1683,111648.3,111526.83,111990.0,111516.0,1756110600000,3498
49.41086041,111560.9015,111526.83,111387.22,111850.0,111373.44,1756111500000,3114
62.17997115,111353.0249,111461.4,111362.44,111680.0,111227.16,1756112400000,4386
31.83799577,111583.637,111362.44,111448.3,111850.0,111362.44,1756113300000,3472
63.89970692000001,111533.4342,111535.0,111624.62,111830.0,111352.02,1756114200000,2894
55.618098079999996,111703.4865,111631.1,111761.68,111990.0,111578.09,1756115100000,3100
39.90724245,111733.5669,111767.3,111638.23,112000.0,111600.0,1756116000000,3161
83.14538119000001,111335.2127,111638.23,111195.8,111890.0,111057.19,1756116900000,4757
95.24173569000001,111253.7991,111195.0,111163.63,111610.0,111018.47,1756117800000,5736
119.00781922,111059.5745,111163.62,110950.7,111440.0,110903.0,1756118700000,5413
105.92853190000001,111009.4248,110950.7,111107.8,111350.0,110894.14,1756119600000,5022
87.13716896,111075.0363,111108.83,111041.07,111360.0,110964.9,1756120500000,4132
126.91924407999998,111105.9087,111049.98,111074.08,111470.0,110911.87,1756121400000,5339
99.30271929,111191.1774,111074.08,111189.32,111490.0,111064.56,1756122300000,4589
182.55972997,111168.9094,111189.27,111167.18,111570.0,111014.96,1756123200000,6245
169.80773772,111345.3053,111167.18,111663.22,111940.0,111094.62,1756124100000,6348
90.02240121000001,111554.9283,111663.22,111561.9,111900.0,111300.01,1756125000000,6035
71.06398153,111515.6382,111582.58,111561.79,111830.0,111374.64,1756125900000,4901
84.13436727999999,111489.8574,111586.2,111429.3,111800.0,111306.61,1756126800000,5531
68.34220622,111584.1804,111470.39,111648.86,111950.0,111285.4,1756127700000,5269
431.81248144999995,111109.7349,111648.86,110791.55,111930.0,110771.1,1756128600000,13752
331.89530887999996,110999.6049,110796.01,111473.22,111720.0,110555.26,1756129500000,12725
212.75842128,111696.9649,111466.1,111818.8,112160.0,111301.01,1756130400000,9676
221.10759248,112049.7066,111818.8,111905.23,112390.0,111762.5,1756131300000,10673
161.79214653,112088.4965,111949.6,112270.0,112440.0,111844.0,1756132200000,7002
81.66576622,112209.5132,112037.6,112257.4,112520.0,112010.01,1756133100000,6118
140.74189982000001,112155.3623,112228.0,111998.03,112600.0,111820.5,1756134000000,7633
139.50589523,112330.9698,111998.69,112455.2,112760.0,111983.3,1756134900000,7064
94.46897746000002,112397.9412,112457.12,112415.04,112750.0,112204.19,1756135800000,5833
115.77623457000001,112257.108,112412.16,112187.03,112640.0,112112.01,1756136700000,6436
127.64890908,112261.01,112187.03,112800.0,112800.0,112018.92,1756137600000,6364
172.36143269000002,112776.4549,112573.73,112628.24,113170.0,112514.0,1756138500000,8548
44.00739378,112701.7531,112625.15,112696.52,113060.0,112545.14,1756139400000,4677
96.4283474,112624.6733,112724.9,112500.03,113020.0,112500.0,1756140300000,5900
101.20162642,112405.1713,112545.1,112496.15,112820.0,112144.87,1756141200000,6628
63.44324055999999,112553.6626,112507.16,112721.43,113030.0,112337.63,1756142100000,5947
61.275284150000005,112512.484,112721.43,112445.73,112980.0,112357.6,1756143000000,5130
54.22248571,112452.6177,112445.72,112434.9,112790.0,112250.0,1756143900000,4914
45.06025496000001,112387.6566,112425.1,112417.9,112690.0,112263.09,1756144800000,4493
56.35176029,112556.2157,112454.65,112566.29,112870.0,112419.3,1756145700000,4835
70.11881181,112425.1552,112566.28,112292.83,112820.0,112228.01,1756146600000,4999
41.815790979999996,112410.232,112292.81,112660.0,112720.0,112269.9,1756147500000,3934
64.87356827,112284.399,112399.1,112174.0,112660.0,112131.33,1756148400000,4793
146.37448425999997,111883.0497,112131.33,111956.72,112410.0,111709.3,1756149300000,7131
229.59902764,111350.9017,111950.0,111157.8,112140.0,111061.4,1756150200000,10876
196.81953339999998,110996.8743,111149.96,110693.42,111590.0,110641.09,1756151100000,10491
926.06901152,110379.1502,110673.2,110051.73,111310.0,109967.54,1756152000000,30256
311.4017267400001,110389.4237,110049.55,110513.8,110900.0,110049.0,1756152900000,13190
880.4790891100002,109873.1875,110515.89,109943.06,110820.0,109375.1,1756153800000,25805
208.1117514,109741.86,109943.06,109572.38,110320.0,109410.33,1756154700000,11979
246.15097191000007,109609.5475,109580.1,109479.65,110130.0,109425.01,1756155600000,11248
139.19553709000002,109707.1829,109479.64,109526.93,110110.0,109479.62,1756156500000,11643
252.63861939000006,109832.4576,109526.94,110064.08,110430.0,109275.74,1756157400000,12284
202.2485072,110195.3268,110064.13,109896.39,110530.0,109893.08,1756158300000,7284
115.89672686999998,110055.5622,109896.4,110026.18,110420.0,109896.4,1756159200000,7335
113.41005167999998,110200.7252,110026.18,110383.72,110620.0,109963.72,1756160100000,6637
115.52432793,110498.3643,110381.3,110596.01,110810.0,110345.72,1756161000000,5811
82.28230886,110420.6894,110594.17,110161.03,110810.0,110129.38,1756161900000,6975
96.70431284,110055.3581,110178.1,110065.8,110390.0,109826.92,1756162800000,7269
107.13805289999999,109923.7758,110065.79,109956.23,110350.0,109800.0,1756163700000,6343
47.80267878000001,110075.8893,109956.25,110192.01,110410.0,109910.46,1756164600000,5160
55.687888120000004,110198.1823,110192.92,110127.74,110500.0,110053.9,1756165500000,5739
208.22856721,109750.095,110145.0,109734.07,110390.0,109522.01,1756166400000,10045
262.68746143,109630.1581,109940.0,109679.66,110050.0,109411.73,1756167300000,10446
172.15102525999998,109513.7832,109674.35,109232.75,110110.0,109222.0,1756168200000,9810
342.87884591,109233.4601,109232.74,109105.48,109790.0,108922.13,1756169100000,15000
270.10423516000003,109119.4605,109152.2,109431.44,109910.0,108670.0,1756170000000,13762
85.19597483000001,109679.7853,109440.62,109766.03,110060.0,109312.78,1756170900000,6877
65.02221791,109702.0744,109766.03,109654.35,110070.0,109543.24,1756171800000,6422
230.26913651,109806.4881,109654.35,109915.09,110160.0,109601.33,1756172700000,7801
65.95981694,109883.6737,109883.0,110008.55,110220.0,109707.26,1756173600000,6399
63.461661140000004,109857.3465,109941.4,109855.99,110220.0,109680.83,1756174500000,5054
69.10684687999999,109710.3215,109775.0,109663.25,110060.0,109560.0,1756175400000,5432
67.02119907,109699.539,109840.0,109728.13,110010.0,109517.95,1756176300000,5094
70.42693521,109671.2416,109750.1,109591.49,109930.0,109545.03,1756177200000,5167
87.07513207000001,109725.6828,109591.5,109788.26,110130.0,109438.94,1756178100000,5184
75.82691132,109888.9572,109861.1,109885.34,110120.0,109788.26,1756179000000,4121
42.5997669,109895.8496,109885.84,109899.97,110110.0,109826.42,1756179900000,3618
40.00932378,110039.2421,109883.1,110168.16,110390.0,109883.0,1756180800000,4018
50.22073562000001,110127.0,110168.18,110184.85,110380.0,109984.59,1756181700000,4378
55.92802534,110128.9399,110186.37,110039.45,110420.0,110011.01,1756182600000,4424
57.31150797,110082.3148,110033.7,110100.0,110350.0,109941.01,1756183500000,3763
30.63505018,110228.8564,110100.0,110255.15,110480.0,110099.9,1756184400000,3432
54.07276771,110264.9766,110255.14,110173.56,110460.0,110170.54,1756185300000,3324
49.550021650000005,110279.3157,110173.56,110331.2,110540.0,110102.09,1756186200000,4215
52.00216162,110320.0538,110336.32,110212.23,110560.0,110207.15,1756187100000,3678
36.14786128,110276.3285,110237.6,110301.94,110540.0,110111.39,1756188000000,3225
54.87343460000001,110091.9847,110301.47,110042.05,110540.0,109902.4,1756188900000,3968
45.36101549,110070.4145,110053.3,110020.75,110290.0,109983.27,1756189800000,3276
39.00385595,110055.4922,110022.6,110007.83,110300.0,109922.8,1756190700000,2946
50.43302248,109960.991,109998.4,110000.0,110230.0,109780.05,1756191600000,3617
42.10632174,109894.7078,109813.19,109995.88,110170.0,109762.54,1756192500000,4312
68.80767909999999,110390.1652,109995.86,110322.38,110720.0,109955.86,1756193400000,4869
34.639288560000004,110325.7155,110330.1,110302.51,110560.0,110195.46,1756194300000,3444
33.901411519999996,110309.3903,110315.0,110277.89,110550.0,110192.29,1756195200000,4058
72.45653650999999,110215.0895,110277.88,110078.96,110630.0,109999.01,1756196100000,4328
27.43621499,110112.2127,110078.96,110156.9,110350.0,110017.95,1756197000000,2460
78.94284638,110248.3515,110156.8,110109.02,110630.0,110097.89,1756197900000,3543
27.59278048,110247.462,110149.0,110270.99,110520.0,110109.03,1756198800000,3324
37.99254616,110391.5882,110270.99,110328.5,110620.0,110237.97,1756199700000,2837
43.70425229000001,110292.6079,110328.5,110063.95,110560.0,110048.4,1756200600000,2883
45.39922341,110118.7337,110121.5,110164.49,110350.0,110031.11,1756201500000,3267
48.861302810000005,110273.2148,110106.1,110364.44,110580.0,110064.51,1756202400000,3348
54.51135489,110372.262,110364.44,110312.5,110630.0,110254.49,1756203300000,3308
56.5558379,110374.6674,110312.5,110365.87,110600.0,110273.49,1756204200000,2965
43.8471195,110276.3977,110365.88,110223.89,110600.0,110136.07,1756205100000,3211
45.00926360999999,110138.0477,110219.2,110260.0,110440.0,110008.34,1756206000000,4030
86.74562553000001,109904.719,110031.12,109857.07,110250.0,109804.99,1756206900000,5425
66.26204390999999,109729.3731,109857.07,109651.99,110070.0,109600.0,1756207800000,5644
96.53877545000002,109690.5793,109651.99,109876.0,110090.0,109550.0,1756208700000,5759
93.20434934000001,109713.9062,109876.0,109619.0,110090.0,109600.83,1756209600000,5560
47.934895250000004,109683.4677,109619.0,109723.87,109950.0,109596.93,1756210500000,3931
210.24912606,110339.7575,109723.87,110522.01,110980.0,109723.87,1756211400000,8406
177.08528597,110264.6031,110522.01,110205.6,110890.0,109769.32,1756212300000,8684
90.63616866999999,110168.8421,110205.6,110155.33,110480.0,110044.11,1756213200000,6173
124.75612917000001,109966.6682,110146.8,109845.35,110420.0,109766.04,1756214100000,6239
222.55122622000002,109996.9423,109844.02,109893.27,110450.0,109690.85,1756215000000,9109
219.23687807,109673.9252,109893.27,110081.06,110320.0,109337.48,1756215900000,9724
155.54234851999996,110055.2034,110045.1,109881.1,110530.0,109780.89,1756216800000,8696
246.00965672,110274.9583,109866.8,110185.84,110740.0,109783.69,1756217700000,8088
121.51839946000001,110317.6389,110200.1,110371.34,110730.0,110110.97,1756218600000,6401
133.1734513,110324.0577,110362.5,110387.6,110670.0,110134.51,1756219500000,6566
126.48727938000002,110414.8907,110350.0,110236.03,110770.0,110211.13,1756220400000,6442
115.74739764,110207.6956,110236.0,110063.73,110600.0,110025.7,1756221300000,6736
139.74582596000002,109782.8888,110060.54,109588.89,110300.0,109538.4,1756222200000,7163
117.49633093000001,109687.8213,109592.43,109657.06,109990.0,109570.41,1756223100000,6606
115.57289895000001,109636.0973,109670.1,109505.45,109990.0,109481.66,1756224000000,7207
89.86229763,109577.9431,109505.46,109658.1,109930.0,109432.81,1756224900000,5762
66.68427188000001,109757.2532,109662.4,109810.33,110060.0,109585.43,1756225800000,5212
94.77952317999998,109853.1541,109810.34,110159.26,110350.0,109684.55,1756226700000,6751
97.42320224000002,109997.7981,110150.3,109861.42,110370.0,109762.51,1756227600000,7196
87.06210005999999,109869.492,109861.42,109842.89,110120.0,109748.79,1756228500000,7100
70.62341473,109720.4494,109844.58,109667.3,110080.0,109577.17,1756229400000,5844
79.07619896000001,109813.483,109667.3,109993.39,110180.0,109648.89,1756230300000,5370
75.5749017,110130.8708,109944.9,110110.51,110410.0,109944.8,1756231200000,4545
299.02021076,110393.3827,110110.51,110503.97,110740.0,110075.0,1756232100000,6604
185.93411879,110707.4037,110447.6,110903.25,111240.0,110395.7,1756233000000,7231
119.91031197,110812.5318,110903.26,110711.14,111160.0,110665.64,1756233900000,5595
66.23613456,110628.7268,110695.0,110672.18,110940.0,110502.28,1756234800000,5016
201.42614333000003,111051.4841,110672.18,111133.25,111370.0,110601.69,1756235700000,9636
216.46382551000002,111036.22,111100.0,110836.15,111370.0,110827.11,1756236600000,7470
272.71592318999996,111051.3962,110836.15,111125.26,111400.0,110836.15,1756237500000,6912
155.16388171,111143.7074,111119.96,111281.37,111520.0,110921.91,1756238400000,6474
134.64208943,111292.3195,111281.37,111353.11,111630.0,111194.75,1756239300000,8291
139.51990179999999,111296.2289,111353.1,111232.76,111580.0,111209.98,1756240200000,8574
117.40693250999999,111285.4195,111227.21,111345.68,111620.0,111165.34,1756241100000,6888
40.43522834,111296.3266,111345.4,111142.19,111590.0,111120.45,1756242000000,5002
49.101318320000004,111285.6224,111139.56,111295.25,111580.0,111139.56,1756242900000,3990
68.51100938000002,111358.2372,111295.25,111270.15,111670.0,111220.49,1756243800000,4682
41.27119232,111440.0551,111267.54,111600.0,111840.0,111197.16,1756244700000,4164
116.16533448999999,111760.2506,111599.93,111905.82,112080.0,111550.7,1756245600000,9439
104.99882286999998,111806.6413,111905.81,111660.1,112140.0,111650.5,1756246500000,5094
30.793826610000004,111691.1277,111675.2,111613.61,111960.0,111574.58,1756247400000,3845
52.512815589999995,111808.3008,111616.38,111917.04,112140.0,111588.66,1756248300000,4005
92.63597816999997,112165.7392,111888.0,112341.0,112570.0,111887.9,1756249200000,6097
56.399359610000005,112148.0208,112343.2,111967.99,112560.0,111945.77,1756250100000,4887
53.06360832,111872.918,111960.75,111899.98,112190.0,111793.52,1756251000000,3929
70.72212232,111835.9509,111899.99,111788.01,112110.0,111747.39,1756251900000,4248
43.245029759999994,111708.322,111829.3,111711.03,112010.0,111616.31,1756252800000,3820
81.58099988000001,111709.2644,111711.05,111652.18,111990.0,111601.1,1756253700000,5455
128.84251916,111654.7072,111656.3,111567.72,112010.0,111539.06,1756254600000,5073
52.301296629999996,111454.0672,111571.4,111360.0,111790.0,111339.0,1756255500000,3890
41.74315535,111382.532,111351.1,111407.62,111670.0,111289.82,1756256400000,3764
33.24254404999999,111309.0226,111400.74,111246.6,111630.0,111188.29,1756257300000,3720
31.89664278,111247.7715,111246.6,111134.78,111600.0,111102.61,1756258200000,3515
36.988735659999996,111282.1981,111134.78,111321.42,111550.0,111121.1,1756259100000,3285
23.338602959999996,111259.8867,111321.42,111167.43,111550.0,111125.72,1756260000000,3409
48.594500530000005,111385.4185,111390.0,111332.33,111690.0,111167.4,1756260900000,3992
42.267732859999995,111486.0915,111380.3,111398.6,111680.0,111321.13,1756261800000,3832
14.956144120000001,111309.3619,111382.19,111158.76,111560.0,111118.38,1756262700000,3129
21.85416593,111151.8542,111178.6,111059.19,111460.0,111009.58,1756263600000,3320
44.745298389999995,111009.2108,111059.19,110982.97,111300.0,110922.63,1756264500000,3399
41.91635706000001,111139.235,110968.4,111213.19,111410.0,110968.3,1756265400000,3081
67.52367198,111561.1663,111215.31,111426.39,111920.0,111199.9,1756266300000,4782
44.538582569999996,111619.7297,111462.6,111528.4,111920.0,111410.88,1756267200000,4217
35.792424139999994,111542.4582,111524.19,111458.01,111840.0,111419.51,1756268100000,3273
24.13103043,111590.5988,111440.1,111573.85,111850.0,111421.48,1756269000000,2699
19.025490320000003,111632.511,111573.85,111576.1,111870.0,111522.0,1756269900000,2578
28.50445217,111518.8395,111576.11,111593.73,111790.0,111384.21,1756270800000,3118
63.34440752000001,111503.1159,111593.72,111373.48,111830.0,111338.28,1756271700000,3334
35.449517840000006,111418.4034,111373.45,111415.91,111680.0,111327.8,1756272600000,2536
22.28328476,111412.4765,111415.9,111365.77,111620.0,111333.59,1756273500000,2098
17.50310139,111361.4012,111374.8,111284.4,111580.0,111249.9,1756274400000,2091
21.729988820000003,111337.7467,111287.45,111262.21,111560.0,111164.24,1756275300000,2308
16.33810192,111250.6391,111262.6,111132.68,111500.0,111105.66,1756276200000,2186
17.682622360000003,111134.2721,111132.68,111034.53,111350.0,111012.84,1756277100000,2179
21.573912170000003,111070.9434,111016.1,110997.35,111330.0,110990.0,1756278000000,2142
125.09554755,110751.1218,110997.35,110831.77,111230.0,110607.4,1756278900000,4095
30.11349516,110849.7631,110831.77,110722.83,111120.0,110682.21,1756279800000,2647
47.27968525,110737.6043,110719.68,110737.17,111050.0,110639.9,1756280700000,3221
23.975241490000002,110754.2927,110674.5,110695.33,111020.0,110630.4,1756281600000,2303
41.68113021,110651.6104,110870.0,110593.5,110920.0,110557.95,1756282500000,2901
57.80456851000001,110573.2785,110593.14,110544.16,110820.0,110504.88,1756283400000,3799
79.82231062000001,110574.5887,110750.0,110747.55,110960.0,110351.11,1756284300000,5175
74.34291101000001,110838.562,110747.54,110843.11,111120.0,110710.3,1756285200000,4392
50.349557299999994,110917.7638,110843.1,110961.97,111220.0,110795.4,1756286100000,2866
27.255206870000006,111037.7517,110971.43,110903.75,111340.0,110879.19,1756287000000,2573
54.00327815999998,110868.966,110902.25,110815.1,111140.0,110799.01,1756287900000,2415
33.98872895,111007.9573,110815.1,111089.44,111300.0,110807.09,1756288800000,2575
37.91764032,111153.6023,111089.43,111047.02,111460.0,110956.59,1756289700000,4720
32.243842799999996,111062.8209,111036.1,111051.08,111350.0,110907.71,1756290600000,8813
30.712853250000006,111083.3025,111051.09,110976.65,111320.0,110971.2,1756291500000,6691
44.91488377999999,111191.2924,110976.64,111282.15,111490.0,110976.64,1756292400000,4593
14.18530799,111255.6835,111287.51,111201.1,111470.0,111149.25,1756293300000,2757
19.07589904,111301.9117,111201.1,111265.18,111540.0,111200.53,1756294200000,2497
42.72462202,111394.4947,111265.18,111340.0,111600.0,111232.1,1756295100000,3694
48.64766001,111371.0527,111340.1,111334.16,111620.0,111148.38,1756296000000,3425
26.495174390000003,111277.8855,111335.92,111147.36,111580.0,111142.3,1756296900000,3126
29.67829016,111149.2259,111153.51,111070.03,111390.0,111018.1,1756297800000,3260
84.92617945,111199.3041,111070.04,111324.8,111610.0,111055.71,1756298700000,4632
98.83409924,111261.7119,111324.9,111129.34,111580.0,111098.0,1756299600000,5173
60.29209128000001,111275.0651,111133.67,111329.99,111580.0,111090.85,1756300500000,4625
223.40477416,111413.1842,111318.2,111582.29,112030.0,111009.81,1756301400000,11038
221.38822226999997,111699.7483,111585.9,111508.3,112100.0,111373.3,1756302300000,10147
110.73724105,111582.1626,111508.3,111675.65,112010.0,111301.45,1756303200000,6993
157.57005747,111904.992,111677.2,112223.34,112440.0,111538.29,1756304100000,8205
231.44109279999998,112447.7783,112223.34,112000.1,112850.0,111947.96,1756305000000,10416
132.52889748,111961.0032,112200.0,111823.84,112360.0,111669.25,1756305900000,7190
99.8508241,111934.7788,111793.3,112008.73,112330.0,111690.36,1756306800000,6316
76.30965142999999,111906.9024,112009.15,112010.0,112250.0,111685.62,1756307700000,5369
70.94667630000001,111735.7716,111787.26,111809.0,112060.0,111516.46,1756308600000,5703
55.63519361000001,111955.0508,111818.64,112027.96,112250.0,111749.69,1756309500000,4681
88.73961848,111996.6572,112022.4,111939.0,112250.0,111821.98,1756310400000,8182
77.28310002999999,112002.584,111932.68,111853.11,112360.0,111686.16,1756311300000,8798
47.48419938,111753.8109,111793.6,111887.61,112090.0,111565.09,1756312200000,5153
100.36141703000001,112082.7517,111887.6,112131.73,112420.0,111802.36,1756313100000,6247
57.47632456000001,112031.7746,112155.3,111991.31,112290.0,111926.72,1756314000000,5752
129.56314746,112237.9691,111991.31,112318.68,112570.0,111900.62,1756314900000,8358
60.93330666,112361.7999,112335.02,112309.86,112600.0,112258.26,1756315800000,5715
44.10960592000001,112358.8679,112309.87,112337.9,112580.0,112275.51,1756316700000,4581
59.27356012,112459.9303,112337.9,112483.84,112700.0,112327.32,1756317600000,5108
153.77764824999997,112528.9892,112483.84,112478.4,112780.0,112393.01,1756318500000,6878
90.85573373999999,112347.2919,112478.5,112275.0,112660.0,112236.37,1756319400000,6716
45.51263332999999,112141.7534,112244.8,112000.0,112470.0,111930.8,1756320300000,4477
104.06628024,111888.3096,111964.37,111678.93,112300.0,111574.53,1756321200000,6701
119.18995191,111921.0177,111688.59,112024.86,112230.0,111654.87,1756322100000,5590
87.39255053999999,112161.3642,112000.0,112103.14,112390.0,112000.0,1756323000000,4627
93.95008899999999,112030.5755,112103.14,112078.96,112300.0,111915.68,1756323900000,5211
84.74465014999998,111783.9988,112060.2,111930.72,112270.0,111576.86,1756324800000,5439
447.54770105,111686.6312,111930.73,112080.51,112510.0,110930.48,1756325700000,17273
161.24525733000002,112176.4386,112077.24,112335.84,112550.0,111991.05,1756326600000,9421
76.06264680999999,112291.511,112335.84,112417.99,112590.0,112111.72,1756327500000,7216
67.3813791,112264.1108,112417.99,112108.79,112630.0,112049.3,1756328400000,6833
81.57130812,111821.3825,112106.77,111801.4,112290.0,111646.93,1756329300000,7048
81.57127161000001,111799.5732,112050.0,111662.25,112100.0,111579.25,1756330200000,5029
69.12114446,111544.1364,111662.25,111524.41,111880.0,111350.0,1756331100000,5341
114.57072581000001,111225.0504,111442.3,111170.26,111710.0,111047.85,1756332000000,8001
91.19705095999998,111290.3059,111170.27,111325.13,111550.0,111159.09,1756332900000,6782
74.74587792,111426.9796,111293.4,111601.87,111790.0,111288.99,1756333800000,4503
51.12565786999998,111519.1872,111604.9,111426.06,111790.0,111399.31,1756334700000,3965
35.889807000000005,111484.0898,111449.8,111361.79,111760.0,111360.01,1756335600000,4186
48.203957239999994,111332.6952,111361.79,111344.25,111600.0,111219.39,1756336500000,4341
51.42849579999999,111279.6486,111344.26,111110.8,111600.0,111097.59,1756337400000,4467
41.91387651000001,111237.2369,111110.8,111253.21,111470.0,111110.8,1756338300000,6124
40.861985770000004,111375.8099,111268.6,111467.38,111690.0,111203.23,1756339200000,4382
70.34906591,111213.369,111475.2,111137.65,111710.0,110941.3,1756340100000,5606
83.62199179,111036.9814,111137.65,111305.74,111470.0,110858.78,1756341000000,5901
36.21078144,111376.6014,111305.74,111340.78,111670.0,111144.1,1756341900000,4494
27.595492810000003,111475.6998,111520.0,111509.21,111750.0,111334.32,1756342800000,4685
33.325137469999994,111517.7248,111509.2,111446.18,111800.0,111393.79,1756343700000,4996
36.54809323,111577.4413,111450.81,111565.35,111830.0,111421.5,1756344600000,4797
32.36722168,111654.4844,111565.36,111652.8,111900.0,111524.01,1756345500000,4487
50.00002091,111660.5683,111652.79,111579.28,111950.0,111578.32,1756346400000,4588
48.78134541,111611.6668,111579.28,111610.26,111850.0,111465.23,1756347300000,4317
25.133232980000002,111583.3188,111629.3,111499.77,111880.0,111465.22,1756348200000,4044
23.21184996,111541.6343,111499.77,111493.63,111780.0,111439.36,1756349100000,3517
29.522924330000002,111691.7445,111507.9,111867.08,112080.0,111392.05,1756350000000,5186
48.74248528000001,111915.6457,111867.08,111933.02,112130.0,111784.16,1756350900000,5265
40.46714478,111970.2007,111900.0,111930.71,112200.0,111879.0,1756351800000,3936
26.288625550000003,111969.7934,111930.7,112013.83,112230.0,111862.9,1756352700000,3277
25.09007388,112107.0904,111986.4,112172.78,112370.0,111947.95,1756353600000,3643
50.76949665000001,112218.0898,112172.78,112302.84,112510.0,112108.36,1756354500000,4005
95.33422872000001,112580.1041,112302.84,112787.17,112990.0,112282.87,1756355400000,5297
115.88290165,112928.3985,112784.83,112971.9,113270.0,112764.38,1756356300000,5590
55.41175126000001,113071.3451,112971.9,112927.83,113330.0,112871.02,1756357200000,4350
43.00915735000001,112909.4012,112927.83,112862.33,113170.0,112811.23,1756358100000,3307
31.302950259999996,112892.6573,112859.76,112806.15,113110.0,112806.15,1756359000000,3112
40.50282708999999,112778.36,112806.15,112853.05,113040.0,112695.77,1756359900000,3072
45.89656878000001,112847.963,112853.05,112764.55,113070.0,112712.55,1756360800000,2791
74.11834004,112890.1869,112765.24,112976.5,113130.0,112740.76,1756361700000,2702
52.21590857,113034.8739,112976.6,113050.3,113250.0,112948.34,1756362600000,3318
41.252361,113139.2467,113050.3,113210.32,113400.0,112956.49,1756363500000,3730
41.081039909999994,113288.7955,113200.0,113331.64,113490.0,113199.9,1756364400000,3607
72.40823314000001,113230.0849,113331.66,113164.99,113500.0,113126.48,1756365300000,5380
53.31302659,113113.9961,113167.24,113150.66,113320.0,113009.0,1756366200000,4566
35.42385587,113145.386,113150.65,113127.51,113300.0,113068.55,1756367100000,4269
85.07841782999999,113229.6062,113127.5,113215.11,113500.0,113110.25,1756368000000,5681
28.839687870000002,113120.1662,113215.15,113055.09,113350.0,113041.43,1756368900000,3906
41.193407060000006,113173.9106,113059.34,113165.53,113400.0,113006.09,1756369800000,3250
44.64573764,113101.6479,113163.01,113128.89,113320.0,113008.2,1756370700000,3623
50.37129828,113149.3119,113128.88,113026.6,113290.0,113026.57,1756371600000,2665
27.25734776,112996.0876,113026.6,112978.14,113260.0,112904.11,1756372500000,2230
18.661892220000002,112939.2275,112978.14,112889.46,113130.0,112889.46,1756373400000,2416
18.45347351,112874.4759,112889.46,112864.1,113080.0,112842.28,1756374300000,2229
74.44312502,112929.0259,112864.09,113027.18,113311.2,112810.5,1756375200000,4445
16.2831872,112942.9816,113000.0,112916.25,113150.0,112880.81,1756376100000,2574
37.698796830000006,113032.1043,112905.0,113092.3,113230.0,112904.9,1756377000000,2843
54.520118599999996,113008.7226,113056.22,113133.77,113260.0,112921.71,1756377900000,3000
61.7617875,113091.4544,113103.6,113003.1,113320.0,112988.5,1756378800000,3037
68.27161925,112995.3618,112988.51,112950.65,113180.0,112936.83,1756379700000,3289
27.86902153,112917.4409,112950.65,112863.72,113120.0,112863.7,1756380600000,3386
39.919445659999994,112933.1223,112863.72,112924.36,113160.0,112848.55,1756381500000,3230
27.793112850000007,112903.5277,112924.6,112850.01,113080.0,112850.01,1756382400000,3476
60.19092071,112887.8778,112850.04,112852.85,113090.0,112825.0,1756383300000,4609
117.92408178999999,113060.657,112858.52,113150.73,113370.0,112780.31,1756384200000,7815
48.43046337,113205.0951,113147.49,113245.79,113480.0,113090.86,1756385100000,4184
38.82737297,113153.7189,113300.0,113124.34,113380.0,113080.42,1756386000000,4454
69.96088811000001,113237.2085,113124.34,113045.11,113630.0,112959.2,1756386900000,6739
140.996938,113016.1419,113045.12,112911.65,113370.0,112828.7,1756387800000,9199
118.17474458,112747.6818,112917.02,112822.66,113060.0,112582.56,1756388700000,9055
85.01040945,112985.0637,112749.9,113004.01,113330.0,112721.11,1756389600000,6554
53.949718069999996,112880.2999,113032.0,112638.66,113220.0,112631.66,1756390500000,6008
118.85947737000001,112905.9486,112643.89,112993.08,113370.0,112513.9,1756391400000,7004
127.09478121999999,113207.7681,113076.7,113160.26,113500.0,112951.0,1756392300000,7725
81.42329124,113082.9787,113162.7,113042.87,113370.0,113001.0,1756393200000,6445
110.51278669,112818.9708,113042.87,112568.8,113430.0,112441.08,1756394100000,7504
50.99618726,112701.5775,112568.81,112582.36,112980.0,112540.91,1756395000000,5544
174.93510346,112498.282,112582.36,112692.44,112850.0,112380.8,1756395900000,6852
115.06449741999998,112786.0784,112650.0,112937.47,113100.0,112633.0,1756396800000,7397
115.33285605999998,113048.4416,112937.47,113019.14,113310.0,112843.63,1756397700000,7623
123.57523463,112932.0246,113050.1,112884.44,113130.0,112780.97,1756398600000,8974
307.14059356,112611.4518,112884.44,112342.62,113070.0,112337.6,1756399500000,14512
137.11640371000004,112336.2833,112337.6,112269.92,112580.0,112212.6,1756400400000,7672
221.22079078000002,112412.8422,112269.92,112530.01,112700.0,112240.01,1756401300000,8675
45.46769026,112553.7016,112530.0,112618.43,112770.0,112388.43,1756402200000,4883
70.49563814,112484.4511,112618.43,112395.67,112760.0,112354.0,1756403100000,6117
66.55093111,112321.8832,112446.4,112286.81,112580.0,112227.59,1756404000000,5750
57.90027652999999,112422.6769,112286.81,112647.13,112780.0,112247.3,1756404900000,4738
61.19078513999999,112650.6313,112647.12,112538.98,112870.0,112538.97,1756405800000,6521
44.17934787,112394.8322,112538.98,112374.62,112740.0,112301.4,1756406700000,4910
50.8134468,112432.8467,112393.6,112420.59,112710.0,112304.18,1756407600000,4775
37.24429580000001,112278.2314,112422.34,112367.78,112620.0,112173.26,1756408500000,4363
53.99165961,112190.4141,112368.5,112037.4,112560.0,112001.12,1756409400000,4973
67.18994138000001,112025.4662,112047.06,111905.45,112350.0,111895.32,1756410300000,5746
67.60923161000001,111928.1902,111905.45,111996.24,112190.0,111862.39,1756411200000,4971
178.39239887,111997.5987,111996.23,112013.04,112310.0,111809.8,1756412100000,7204
89.28080827000001,111999.9709,112013.01,112033.7,112230.0,111900.0,1756413000000,5977
165.34296002,111985.5884,112033.7,111906.28,112270.0,111898.1,1756413900000,7060
34.72992498,111983.7854,111941.2,112134.35,112330.0,111897.19,1756414800000,4557
30.681539080000004,112042.4246,112134.35,111984.9,112320.0,111925.95,1756415700000,4924
29.34752345,111975.7452,111985.48,111911.02,112200.0,111908.09,1756416600000,4505
22.25909873,112042.3023,111911.01,112024.62,112250.0,111909.35,1756417500000,3234
25.10378327,112208.5628,112048.1,112295.14,112500.0,112024.61,1756418400000,3468
55.912656829999996,112364.1769,112295.14,112405.51,112620.0,112245.4,1756419300000,5028
40.987120420000004,112411.5292,112399.9,112386.56,112680.0,112337.61,1756420200000,4557
33.43412079,112404.5289,112386.57,112349.49,112670.0,112344.04,1756421100000,4035
40.31236464,112417.7302,112400.0,112418.9,112670.0,112303.75,1756422000000,4418
52.424848100000006,112406.2789,112382.14,112397.89,112650.0,112323.85,1756422900000,4464
75.9941218,112467.1246,112397.88,112503.4,112670.0,112337.61,1756423800000,5195
47.40726916999999,112524.264,112491.22,112574.85,112740.0,112450.02,1756424700000,4231
69.58851865000001,112476.7911,112563.7,112464.9,112740.0,112360.67,1756425600000,5714
125.47989617,112457.3648,112431.28,112596.46,112790.0,112340.1,1756426500000,7449
40.27703715,112374.9943,112595.48,112274.1,112780.0,112222.0,1756427400000,5552
35.27419069,112254.0088,112233.05,112209.65,112480.0,112133.73,1756428300000,4554
79.26478927000001,112026.1406,112203.4,111921.45,112490.0,111900.0,1756429200000,5844
151.71085589999998,111711.7763,111980.7,111552.93,112150.0,111412.43,1756430100000,9604
78.27446312,111663.084,111552.94,111665.6,111950.0,111459.08,1756431000000,6181
62.11566188,111563.388,111672.21,111537.5,111910.0,111449.69,1756431900000,5893
73.1364874,111605.3216,111537.5,111668.49,111860.0,111422.86,1756432800000,5753
51.76043431,111690.8254,111668.48,111556.59,112000.0,111468.61,1756433700000,4725
31.228378890000002,111522.3059,111599.3,111439.54,111790.0,111407.24,1756434600000,4793
55.11970438000001,111536.575,111439.55,111435.57,111700.0,111370.4,1756435500000,4781
66.77480693999999,111482.2393,111485.2,111535.0,111790.0,111315.03,1756436400000,5684
46.718932929999994,111638.9993,111535.01,111622.5,111820.0,111519.4,1756437300000,4049
25.43855199,111736.3248,111622.5,111757.99,111990.0,111580.3,1756438200000,3547
18.13530592,111828.7352,111757.99,111712.23,112000.0,111712.23,1756439100000,3275
27.960008539999997,111778.889,111778.1,111685.45,112040.0,111620.86,1756440000000,3701
21.77349189,111725.8454,111687.07,111685.04,111920.0,111621.87,1756440900000,3987
27.18586426,111619.8187,111685.05,111582.53,111870.0,111531.8,1756441800000,3666
33.638187300000006,111572.4574,111582.53,111512.56,111800.0,111422.85,1756442700000,3972
137.73802568,111451.0601,111512.5,111443.09,111780.0,111398.3,1756443600000,4863
33.650870520000005,111353.7575,111443.08,111315.21,111650.0,111250.74,1756444500000,3881
47.18366489,111230.6713,111315.21,111177.6,111480.0,111162.33,1756445400000,4280
24.92960108,111249.1029,111177.61,111317.08,111500.0,111135.1,1756446300000,3601
43.89715523,111228.7535,111317.08,111137.62,111550.0,111131.48,1756447200000,3700
54.062004310000006,111096.7912,111137.61,111010.04,111360.0,111002.27,1756448100000,3673
86.52597311999999,111071.7423,111045.1,111257.53,111450.0,110966.33,1756449000000,4964
60.39569661,111258.1882,111255.3,111287.62,111470.0,111140.77,1756449900000,4337
169.95182317,110958.4651,111292.5,110568.57,111470.0,110568.57,1756450800000,7137
201.94568066,110410.1515,110567.51,110150.01,110870.0,110125.21,1756451700000,7344
77.73690872,110179.7146,110150.01,110280.0,110530.0,110061.63,1756452600000,5580
115.45125276,110031.5219,110064.46,110020.05,110350.0,109898.7,1756453500000,6605
65.71416542,110186.47,110012.6,110059.19,110500.0,109957.54,1756454400000,5494
37.26269361000001,110092.9747,110119.9,110100.0,110410.0,109940.72,1756455300000,5212
138.62626387,109960.9313,110013.7,109887.03,110370.0,109708.79,1756456200000,6455
126.45305208,109688.98,109887.02,109625.2,110150.0,109602.0,1756457100000,5297
89.61177474,109582.2303,109632.4,109558.87,109860.0,109400.0,1756458000000,6169
49.66545369999999,109726.2272,109625.1,109747.1,110050.0,109554.14,1756458900000,4232
55.228873490000005,109752.1021,109747.1,109828.46,110040.0,109635.69,1756459800000,5933
43.03447148,109871.1595,109802.9,109765.91,110150.0,109765.86,1756460700000,4888
48.53144707,109928.571,109838.7,109847.9,110200.0,109742.18,1756461600000,4946
50.052671419999996,109991.9511,109847.9,110170.0,110270.0,109788.15,1756462500000,4324
63.03723446,109970.759,109990.1,110012.11,110230.0,109856.0,1756463400000,5512
39.19803841,109979.0586,110012.11,110003.77,110240.0,109840.1,1756464300000,5461
65.94470622,110084.3633,110003.77,110118.82,110380.0,109907.47,1756465200000,5616
58.562521149999995,110099.6856,110118.84,110066.83,110340.0,110018.97,1756466100000,5901
138.87941474000002,109924.0186,110066.84,109910.18,110270.0,109838.71,1756467000000,6059
39.41515075,110050.7317,109910.18,110115.36,110320.0,109910.18,1756467900000,5663
40.51058238,110211.2236,110091.0,110280.34,110500.0,110072.14,1756468800000,5635
88.19430168000001,110320.6716,110280.33,110360.4,110590.0,110169.51,1756469700000,5862
233.08002688000002,110919.217,110358.92,110554.14,111710.0,110294.9,1756470600000,13825
78.02632131,110691.4101,110554.13,110731.78,111020.0,110516.3,1756471500000,7027
41.12980727000001,110651.451,110734.4,110695.5,111010.0,110500.01,1756472400000,5951
54.7256839,110568.6128,110688.47,110518.2,110900.0,110423.9,1756473300000,6389
237.26731679,110038.2702,110521.82,109731.37,110810.0,109573.88,1756474200000,13140
419.77504465000004,109260.5991,109731.37,109100.0,109910.0,108898.66,1756475100000,18826
489.61961356999996,108881.9924,109100.0,108756.34,109710.0,108500.27,1756476000000,20914
422.45777946999993,108610.2173,108750.0,108641.3,109120.0,108283.16,1756476900000,16723
232.29115553999998,108631.7998,108632.49,108551.53,109040.0,108415.0,1756477800000,12273
254.46404655999996,108430.026,108629.3,108197.8,108900.0,108089.45,1756478700000,13500
156.71342372,108329.604,108200.0,108225.13,108690.0,108166.95,1756479600000,10782
164.02402936,108542.7375,108225.14,108359.42,108930.0,108225.14,1756480500000,10543
127.88354532999999,108451.2783,108359.84,108466.82,108850.0,108215.44,1756481400000,9884
153.09832699,108466.858,108462.83,108437.4,108790.0,108282.89,1756482300000,9454
127.77948495000001,108383.3207,108437.4,108640.0,108920.0,108130.03,1756483200000,9838
142.86900963,108657.8878,108640.0,108507.61,108970.0,108481.76,1756484100000,10239
162.33489115000003,108762.2606,108595.1,108763.23,109060.0,108504.24,1756485000000,10169
137.33380444999997,108758.3193,108763.23,108703.77,109040.0,108562.6,1756485900000,10262
106.43987881000001,108460.9978,108762.6,108240.21,108930.0,108215.0,1756486800000,9739
123.75769861,108389.3436,108240.2,108408.98,108780.0,108157.18,1756487700000,9461
79.54291167000001,108452.4039,108408.98,108449.01,108800.0,108320.38,1756488600000,7987
70.02903799,108533.2279,108449.01,108467.12,108810.0,108420.01,1756489500000,7392
96.48291793000001,108387.7449,108485.1,108339.77,108720.0,108287.9,1756490400000,8035
146.36939923999998,108205.3056,108339.77,108121.48,108610.0,108085.0,1756491300000,8563
153.77744629,108143.9341,108121.48,108128.69,108440.0,108090.72,1756492200000,7800
127.13914584999996,108169.0301,108128.68,108135.5,108430.0,108086.4,1756493100000,7202
260.40606488,108122.9963,108135.49,108367.19,108680.0,107900.35,1756494000000,12330
115.27934484000001,108621.7429,108367.18,108652.41,108930.0,108353.65,1756494900000,7176
135.5262035,108537.4805,108652.41,108535.78,108940.0,108386.64,1756495800000,7242
174.22976525999997,108431.5501,108535.77,108225.1,108810.0,108173.44,1756496700000,8889
202.06312817000003,107977.6362,108207.81,107901.04,108420.0,107716.96,1756497600000,11392
146.88696063,107943.7316,107905.7,107984.85,108210.0,107767.21,1756498500000,7999
187.42839432,107799.9904,107984.84,107654.33,108080.0,107654.32,1756499400000,8363
155.15651327999998,107694.1384,107654.32,107791.6,108040.0,107502.47,1756500300000,9514
95.28229308999998,107693.072,107788.1,107895.0,108040.0,107469.13,1756501200000,8747
85.96439408,107835.9186,107895.0,107962.88,108130.0,107711.12,1756502100000,6991
72.12546979999999,108277.1952,107962.88,108407.39,108590.0,107961.3,1756503000000,6229
47.29800466999999,108400.1802,108407.39,108451.91,108610.0,108244.44,1756503900000,4799
64.87194939,108385.5591,108410.9,108282.47,108620.0,108278.06,1756504800000,5114
60.55341601,108362.2588,108282.49,108343.4,108610.0,108257.8,1756505700000,4705
66.31120624,108337.6148,108351.0,108243.44,108580.0,108200.0,1756506600000,5143
46.78208307000001,108285.3515,108243.43,108383.69,108550.0,108201.04,1756507500000,4283
63.79202144,108419.0224,108350.0,108419.21,108630.0,108334.95,1756508400000,5096
59.85581695,108483.8457,108423.08,108453.21,108710.0,108401.15,1756509300000,4685
66.41665768,108535.9614,108453.21,108550.13,108740.0,108444.47,1756510200000,4682
70.78535136999999,108463.5254,108550.13,108378.32,108720.0,108333.02,1756511100000,5386
96.19646883,108319.1799,108378.32,108265.52,108560.0,108256.71,1756512000000,6588
63.250128610000004,108351.7924,108265.51,108311.6,108560.0,108226.87,1756512900000,5183
48.81774285,108236.4878,108317.63,108213.7,108510.0,108141.33,1756513800000,4839
61.63448907,108281.6906,108163.38,108297.96,108490.0,108163.38,1756514700000,6450
27.407804680000005,108323.6349,108296.07,108303.67,108520.0,108252.64,1756515600000,3691
56.09476919000001,108162.5476,108314.8,108027.86,108490.0,108027.85,1756516500000,4763
35.14518613000001,108086.5425,108027.86,108044.89,108290.0,108020.93,1756517400000,4052
164.37325808999998,107653.1329,108044.88,107456.71,108220.0,107352.6,1756518300000,9218
93.46862463000001,107677.3221,107455.36,107762.5,107950.0,107376.81,1756519200000,6763
48.602340510000005,107776.9817,107782.03,107831.0,108020.0,107593.83,1756520100000,5655
32.481567059999996,107917.6556,107831.0,107949.23,108110.0,107821.95,1756521000000,4240
30.95918438,107918.7017,107925.8,107781.66,108120.0,107776.52,1756521900000,5098
106.78064411,107980.7599,107832.3,108009.7,108220.0,107769.59,1756522800000,5053
78.11762194,108124.5807,108033.02,108229.52,108450.0,107991.54,1756523700000,4954
39.400958089999996,108353.1384,108236.9,108342.11,108570.0,108230.71,1756524600000,4450
41.54890738,108407.1929,108342.11,108434.84,108610.0,108324.9,1756525500000,4285
55.621820709999994,108461.7268,108434.85,108459.3,108670.0,108364.81,1756526400000,4082
56.52411919,108578.7234,108459.3,108639.3,108840.0,108453.66,1756527300000,4341
54.232238959999975,108559.7227,108639.3,108494.36,108810.0,108465.39,1756528200000,4411
24.32187727,108481.6239,108494.35,108425.65,108720.0,108404.58,1756529100000,3337
49.37917878,108370.9153,108486.5,108231.43,108630.0,108231.42,1756530000000,4822
35.46761174,108273.0124,108231.43,108200.04,108500.0,108200.02,1756530900000,2807
59.30195011,108299.1233,108200.03,108373.57,108590.0,108110.79,1756531800000,3980
50.91356924,108363.1405,108402.9,108347.37,108580.0,108272.16,1756532700000,4023
57.574533790000004,108498.7355,108362.6,108328.93,108730.0,108304.59,1756533600000,3745
48.065794600000004,108325.9491,108328.92,108262.34,108560.0,108250.01,1756534500000,4148
29.99341592,108298.7518,108262.34,108263.69,108500.0,108226.66,1756535400000,3990
69.94758109999998,108251.2537,108275.64,108315.03,108470.0,108196.06,1756536300000,4827
50.959190910000004,108252.2781,108281.3,108253.33,108540.0,108101.52,1756537200000,4471
38.154786300000005,108235.5922,108254.48,108269.59,108460.0,108186.64,1756538100000,3200
46.80953087,108412.1607,108269.59,108680.0,108680.0,108212.2,1756539000000,3074
38.42797678,108499.244,108485.33,108519.24,108710.0,108450.05,1756539900000,2882
31.362317000000004,108582.4896,108499.9,108640.02,108830.0,108470.5,1756540800000,2569
22.17614003,108684.9115,108640.02,108718.27,108950.0,108600.01,1756541700000,2682
29.185046470000003,108689.2095,108718.27,108608.23,108930.0,108570.0,1756542600000,2370
21.33213465,108615.5587,108608.23,108562.1,108810.0,108523.43,1756543500000,2685
25.57842733,108573.5531,108549.0,108501.93,108800.0,108495.69,1756544400000,2558
28.84944381,108551.4178,108501.93,108532.48,108750.0,108487.9,1756545300000,2260
28.216116950000007,108537.0946,108532.47,108479.41,108740.0,108465.25,1756546200000,2035
15.47080399,108594.8264,108525.1,108513.85,108790.0,108464.4,1756547100000,1934
65.99418793,108598.626,108522.3,108585.8,108810.0,108483.85,1756548000000,2703
39.66766377,108677.3699,108585.8,108690.63,108880.0,108585.79,1756548900000,2051
52.097784759999996,108588.2686,108690.63,108486.1,108870.0,108479.49,1756549800000,2734
34.4421539,108478.7777,108486.4,108428.26,108720.0,108394.7,1756550700000,2623
20.007911330000002,108512.3628,108474.3,108532.53,108730.0,108415.48,1756551600000,2069
13.71834543,108560.6169,108530.6,108544.98,108740.0,108464.4,1756552500000,1944
16.80074068,108604.2123,108544.98,108591.72,108780.0,108508.15,1756553400000,2014
40.80470608,108646.6048,108535.9,108641.2,108910.0,108535.8,1756554300000,2717
34.68673476,108564.4028,108641.2,108495.3,108870.0,108452.64,1756555200000,2924
38.52072397,108535.9813,108568.24,108512.22,108750.0,108467.18,1756556100000,3087
41.68803404999999,108439.0667,108512.23,108451.5,108730.0,108337.31,1756557000000,3744
49.08177982,108581.4664,108453.7,108612.94,108860.0,108448.68,1756557900000,2989
124.58337877,108548.2575,108609.2,108275.24,108830.0,108202.21,1756558800000,4937
47.10457573000001,108302.5828,108275.24,108427.74,108620.0,108207.14,1756559700000,3801
36.41477502,108500.6827,108427.74,108400.6,108720.0,108395.74,1756560600000,3169
26.948534679999995,108482.1312,108401.65,108541.56,108750.0,108348.02,1756561500000,2834
28.49451715,108513.0834,108541.3,108473.84,108750.0,108452.24,1756562400000,3299
31.574293609999998,108475.2653,108476.1,108561.96,108750.0,108400.86,1756563300000,3285
37.07388007,108618.6495,108560.26,108620.68,108840.0,108483.2,1756564200000,3334
61.47830255999999,108692.9014,108631.0,108663.95,108920.0,108621.18,1756565100000,4003
48.854031400000004,108646.5156,108662.6,108602.3,108880.0,108537.59,1756566000000,3739
70.98756884999999,108777.5695,108602.31,108779.95,109080.0,108582.3,1756566900000,4005
72.95927266000001,108845.7612,108779.95,108922.5,109120.0,108650.34,1756567800000,4259
35.21957187,108899.9318,108922.6,108866.31,109120.0,108831.15,1756568700000,4275
65.73537916,108810.2778,108850.1,108686.57,109080.0,108663.58,1756569600000,4792
62.24999491999999,108749.585,108686.57,108712.57,108970.0,108663.6,1756570500000,3468
28.211656229999996,108790.6134,108757.5,108820.1,109030.0,108681.99,1756571400000,3655
38.91111973,108907.2471,108820.1,108825.08,109070.0,108813.01,1756572300000,3364
36.27652329,108914.2167,108816.3,108889.11,109110.0,108792.07,1756573200000,3617
42.22878735999999,108848.3296,108887.5,108844.76,109090.0,108800.89,1756574100000,3237
40.83107731,108781.2386,108844.63,108713.66,109070.0,108690.85,1756575000000,3384
22.88565805,108704.7371,108714.95,108788.06,108940.0,108608.29,1756575900000,3323
66.67891992,108789.365,108784.9,108760.3,108990.0,108744.07,1756576800000,2809
24.592529539999997,108703.9311,108789.0,108704.0,108950.0,108653.04,1756577700000,3133
26.409832900000005,108676.3577,108703.99,108737.32,108900.0,108622.02,1756578600000,2889
26.73217722,108813.335,108737.32,108743.42,109020.0,108713.4,1756579500000,2920
16.72262771,108777.3892,108748.4,108728.76,108980.0,108701.81,1756580400000,2738
29.54319848,108772.4135,108728.75,108826.32,109010.0,108653.07,1756581300000,3200
21.009122620000003,108864.6067,108826.32,108896.35,109090.0,108800.37,1756582200000,2853
20.928609379999997,108864.2533,108896.35,108842.86,109100.0,108770.27,1756583100000,3168
19.94201438,108821.0797,108837.6,108730.6,109050.0,108697.0,1756584000000,2837
27.879258179999997,108768.6456,108739.11,108789.91,109000.0,108683.63,1756584900000,3049
36.87411956,108691.5012,108789.9,108637.6,108990.0,108586.81,1756585800000,3567
78.87996641000001,108656.5776,108637.58,108651.17,108880.0,108606.73,1756586700000,3957
47.50932488000001,108629.1533,108657.0,108660.71,108900.0,108506.87,1756587600000,3419
88.28119563999999,108815.6488,108660.7,108627.75,108920.0,108582.3,1756588500000,2954
35.71917818,108707.377,108627.75,108583.2,108880.0,108535.09,1756589400000,5251
23.202134100000002,108615.2757,108583.2,108594.73,108830.0,108552.43,1756590300000,3826
35.26112045,108559.6663,108582.3,108520.0,108830.0,108458.72,1756591200000,7568
15.931527419999998,108599.0417,108520.0,108563.42,108760.0,108503.5,1756592100000,5590
17.278511579999996,108577.7172,108510.0,108584.4,108780.0,108509.4,1756593000000,3824
14.80572621,108603.2858,108584.41,108536.37,108780.0,108519.9,1756593900000,3886
19.997082749999997,108637.3713,108520.0,108623.81,108840.0,108519.9,1756594800000,2842
17.72576875,108701.6255,108623.81,108707.8,108920.0,108611.62,1756595700000,2700
26.36504482,108792.8954,108652.8,108789.71,108990.0,108652.8,1756596600000,2619
15.180244019999996,108819.5506,108784.96,108750.0,109000.0,108749.9,1756597500000,2231
31.21763164,108871.2723,108750.0,108844.32,109080.0,108749.9,1756598400000,2875
43.09257233,108887.1758,108844.32,108879.91,109090.0,108799.9,1756599300000,3019
117.92057141999999,109010.0325,108879.9,109211.4,109380.0,108799.9,1756600200000,4526
128.07477053,109291.5829,109211.39,109397.01,109580.0,109142.21,1756601100000,4923
66.74329925,109308.5771,109350.0,109148.35,109570.0,109133.07,1756602000000,3778
44.28415044999999,109275.4203,109220.6,109540.0,109550.0,109142.25,1756602900000,3470
98.2346113,109398.3406,109334.06,109334.32,109660.0,109293.3,1756603800000,3817
51.87947626,109435.8402,109337.44,109425.3,109680.0,109304.32,1756604700000,3653
38.33603937,109393.4695,109425.3,109370.3,109650.0,109301.75,1756605600000,3118
27.70848383,109370.3459,109387.99,109335.29,109600.0,109286.49,1756606500000,2602
21.61653442,109296.7532,109297.0,109232.46,109510.0,109232.46,1756607400000,2634
11.769740859999999,109277.8017,109232.46,109246.0,109450.0,109179.14,1756608300000,2126
22.032695660000005,109350.9914,109246.0,109321.29,109530.0,109232.5,1756609200000,1999
21.129865860000002,109298.0686,109321.3,109226.84,109490.0,109200.0,1756610100000,2538
31.55361702,109291.1233,109285.1,109323.82,109490.0,109177.8,1756611000000,2469
36.360877699999996,109288.7748,109323.82,109220.5,109570.0,109151.27,1756611900000,3461
40.164255690000005,109105.9073,109220.6,109015.95,109380.0,109002.33,1756612800000,4025
32.5269036,108950.3523,109015.95,108834.02,109220.0,108819.62,1756613700000,3315
23.644511000000005,108854.0477,108834.02,108816.4,109050.0,108730.27,1756614600000,2507
30.87019976,108778.1342,108813.2,108818.06,109010.0,108667.53,1756615500000,3033
78.52577226,108692.6155,108785.9,108703.58,109000.0,108597.03,1756616400000,3103
50.889629899999996,108636.4493,108703.59,108581.3,108890.0,108559.17,1756617300000,2517
18.282820949999998,108719.069,108790.0,108738.14,108950.0,108573.25,1756618200000,1966
19.4107618,108768.0914,108738.13,108760.77,108960.0,108667.44,1756619100000,1884
14.353967,108794.8611,108747.1,108774.51,108980.0,108686.84,1756620000000,1608
25.344104520000005,108683.2502,108774.51,108577.85,108980.0,108562.64,1756620900000,2611
22.017688249999996,108650.1422,108585.1,108676.98,108900.0,108518.89,1756621800000,1996
32.08899598,108733.7986,108676.98,108712.88,108950.0,108663.6,1756622700000,1808
21.171722099999997,108811.2689,108740.6,108782.96,109020.0,108691.57,1756623600000,1562
28.16293772,108734.9983,108990.0,108703.32,108990.0,108662.9,1756624500000,1555
21.12673227,108774.9603,108703.32,108773.17,109010.0,108700.0,1756625400000,1595
14.6415244,108762.0058,108773.16,108714.38,108990.0,108683.0,1756626300000,1613
16.802475140000002,108803.2842,108710.0,108840.47,109030.0,108707.3,1756627200000,1365
16.91841701,108923.3915,108839.91,108897.81,109130.0,108749.9,1756628100000,1545
22.69962102,108926.701,108897.81,108960.5,109180.0,108807.03,1756629000000,1771
20.224713499999996,109030.9116,108999.0,109018.04,109210.0,108915.3,1756629900000,1573
22.793715439999996,109058.2834,109012.6,109052.15,109260.0,108965.49,1756630800000,1761
30.92726395,109054.9925,109052.15,109110.0,109300.0,108887.63,1756631700000,2501
45.35821374,108782.852,108891.55,108705.73,109100.0,108694.18,1756632600000,2848
50.59347837,108601.1423,108715.4,108506.98,108930.0,108444.37,1756633500000,3476
33.76766345,108489.0749,108489.7,108441.99,108730.0,108372.22,1756634400000,3062
23.621102729999997,108461.8093,108447.89,108470.82,108690.0,108350.01,1756635300000,2353
44.776130810000005,108440.2231,108435.2,108390.22,108650.0,108379.63,1756636200000,2409
44.95193623,108527.9319,108390.22,108606.22,108740.0,108311.7,1756637100000,2902
13.737969589999999,108597.2701,108560.5,108514.61,108780.0,108505.86,1756638000000,2002
32.23373195,108442.4987,108514.6,108533.85,108680.0,108320.11,1756638900000,2741
20.313038399999996,108480.6896,108533.84,108378.61,108710.0,108359.09,1756639800000,2041
29.83465219,108433.4656,108381.89,108400.1,108620.0,108366.06,1756640700000,2601
42.243840899999995,108401.0741,108400.1,108328.92,108610.0,108310.98,1756641600000,2960
28.538809849999996,108374.0275,108328.92,108404.33,108600.0,108310.35,1756642500000,2452
24.637821889999998,108430.9495,108404.33,108383.03,108620.0,108361.6,1756643400000,2596
32.9872871,108377.6583,108383.02,108319.37,108590.0,108294.5,1756644300000,3088
81.48913876,108270.1697,108320.0,108209.53,108560.0,108181.54,1756645200000,5239
70.87872552,108294.6041,108296.1,108287.08,108590.0,108190.58,1756646100000,3456
28.564533009999998,108297.165,108287.08,108325.1,108570.0,108207.36,1756647000000,2863
33.77022495999999,108398.6635,108381.93,108415.23,108600.0,108300.06,1756647900000,2820
48.960942960000004,108362.0666,108366.2,108317.55,108630.0,108248.08,1756648800000,3263
29.503339889999996,108355.9163,108287.5,108367.37,108550.0,108272.62,1756649700000,2960
47.088731800000005,108459.8246,108367.36,108436.99,108690.0,108361.28,1756650600000,2801
33.92851983999999,108491.0715,108437.7,108456.8,108670.0,108424.59,1756651500000,2666
56.90063017999999,108592.6025,108456.8,108450.0,108890.0,108450.0,1756652400000,4168
33.36509064,108540.5705,108455.2,108550.56,108760.0,108450.0,1756653300000,3054
28.502031490000004,108595.6316,108560.89,108711.73,108890.0,108467.01,1756654200000,3573
56.4649994,108808.7917,108700.0,108803.24,109020.0,108688.22,1756655100000,3461
50.82349309999999,108786.3549,108803.24,108781.46,109020.0,108683.52,1756656000000,4363
47.59067696000001,108676.145,108781.46,108670.0,108980.0,108550.52,1756656900000,3724
45.18308819,108784.5305,108670.0,108870.21,109070.0,108604.29,1756657800000,3571
69.05179816,108924.0617,108870.21,108914.83,109150.0,108826.23,1756658700000,3890
22.083562530000002,108934.5968,108926.9,108931.58,109120.0,108865.55,1756659600000,3085
24.501872029999998,108923.2885,108920.9,108953.82,109140.0,108842.88,1756660500000,3045
37.13149864,108988.7742,108953.82,108978.9,109180.0,108852.84,1756661400000,3433
21.596626250000003,108998.1038,108979.24,108985.8,109180.0,108914.2,1756662300000,2965
22.34467907,108997.3478,108985.8,108957.89,109200.0,108916.88,1756663200000,3232
65.55167370000001,109049.0554,108957.89,109005.61,109300.0,108957.88,1756664100000,4034
30.976540209999996,109133.0548,109005.62,109149.38,109380.0,108988.3,1756665000000,3174
39.477621760000005,109192.2225,109149.2,109138.41,109400.0,109100.01,1756665900000,3272
33.452739480000005,109149.4212,109143.9,108994.45,109360.0,108965.0,1756666800000,3047
30.322109240000003,109015.7782,108994.45,108964.2,109250.0,108930.92,1756667700000,2471
29.471620939999998,109065.0207,108960.2,109108.47,109320.0,108960.1,1756668600000,2150
28.24494493,109008.1307,109106.9,108932.62,109310.0,108903.51,1756669500000,2775
42.42226065,108990.5399,108921.0,109031.83,109310.0,108868.95,1756670400000,2884
29.951943760000002,109044.5533,109031.83,109062.78,109270.0,108944.96,1756671300000,3056
38.596040380000005,109082.0515,109062.78,109047.1,109330.0,108956.97,1756672200000,2710
30.230489580000004,109091.5558,109039.41,109125.86,109320.0,109012.93,1756673100000,2820
43.53130628,109069.758,109106.2,109026.68,109320.0,108942.48,1756674000000,3796
24.9589042,109067.4006,109026.67,109018.64,109270.0,109005.0,1756674900000,2768
23.18474577,109085.034,109018.63,109103.03,109280.0,109000.01,1756675800000,2336
11.46232132,109113.8154,109103.03,109046.01,109320.0,109009.61,1756676700000,2481
123.45638587,108957.0784,109061.1,109077.19,109250.0,108866.76,1756677600000,4868
44.585102539999994,109168.2477,109077.19,109176.11,109400.0,109000.0,1756678500000,4749
27.869976299999998,108969.7271,109181.5,108852.07,109350.0,108842.94,1756679400000,3674
28.997243479999995,108821.5835,108852.06,108885.55,109070.0,108750.4,1756680300000,3673
32.43396419,108705.7317,108884.7,108676.79,109050.0,108620.71,1756681200000,4359
71.7051188,108501.6239,108676.79,108383.13,108820.0,108344.83,1756682100000,5665
105.21134267000001,108260.8427,108383.12,108258.2,108570.0,108060.79,1756683000000,6178
70.64928121000001,108255.9173,108265.19,108247.95,108500.0,108157.91,1756683900000,3826
