v,vw,o,c,h,l,t,n
83.32346254000001,105808.0095,105956.02,105762.36,106030.63,105610,1747701900000,5058
78.94059840999999,105952.3835,105728.9,105848.71,106150.51,105630,1747702800000,5460
87.42665563999999,106060.5787,105848.73,106114.64,106297.84,105680,1747703700000,5631
181.91520426,106412.4392,106115.97,106364.46,106635.52,106030,1747704600000,8324
129.10421401,106543.2866,106361.79,106471.11,106800.0,106140,1747705500000,7136
87.80128973000001,106672.1524,106471.12,106667.9,106807.66,106410,1747706400000,6661
189.73510686000003,106721.0999,106667.9,106485.7,106895.0,106430,1747707300000,8071
156.59876480999998,106399.3645,106485.72,106254.18,106562.41,106170,1747708200000,7598
108.30541061000001,106140.2734,106254.18,106120.94,106313.5,105930,1747709100000,5006
76.07679215,106057.767,106120.93,106009.2,106200.58,105830,1747710000000,4597
69.64710996,106017.1182,105949.38,105990.0,106178.13,105780,1747710900000,4838
68.90559651,105796.8096,106110.3,105745.27,106110.3,105630,1747711800000,4272
55.60889438,105673.3767,105746.53,105780.46,105801.14,105470,1747712700000,4161
47.43706727000001,105689.5674,105754.9,105530.0,105850.24,105480,1747713600000,3662
52.100006310000005,105620.5894,105626.88,105591.32,105737.52,105500,1747714500000,3751
39.37512408000001,105681.9611,105591.33,105750.1,105816.55,105540,1747715400000,2886
66.95010897,106010.4375,105734.89,106198.9,106286.45,105640,1747716300000,4799
80.37886033,106227.4474,106198.9,106377.82,106429.59,106080,1747717200000,4723
45.82442034,106372.3413,106380.09,106374.25,106438.34,106290,1747718100000,3587
74.61888748,106243.3149,106399.9,106127.22,106399.9,106020,1747719000000,4161
30.13322741,106146.8239,106128.8,106135.86,106258.3,106010,1747719900000,2867
59.49928285,105987.9773,106133.0,105857.76,106239.74,105760,1747720800000,4191
69.46841727999998,105571.82,105859.76,105513.73,105859.76,105310,1747721700000,4983
45.47226757999999,105516.8768,105513.73,105542.22,105599.15,105360,1747722600000,3231
43.290132809999996,105576.8869,105430.0,105390.0,105682.23,105380,1747723500000,2586
64.70343799,105556.8757,105500.1,105718.58,105779.12,105180,1747724400000,4164
40.12284470000001,105539.8929,105718.58,105450.0,105749.63,105380,1747725300000,2748
54.20697435,105271.7966,105557.93,105134.43,105599.2,105010,1747726200000,4106
98.08718629,105075.7702,105134.44,105069.33,105183.0,104830,1747727100000,4966
60.05404065999999,105098.6806,105024.2,104980.33,105257.87,104840,1747728000000,4419
44.026754690000004,104997.2527,104980.33,104927.69,105128.63,104840,1747728900000,3101
39.67248473,105031.6788,104955.0,105188.15,105216.29,104820,1747729800000,2686
52.492487430000004,105197.1997,105188.14,105256.88,105283.61,105040,1747730700000,2496
41.35534327,105281.1762,105200.3,105294.66,105357.78,105130,1747731600000,2464
37.04560531,105302.2583,105294.67,105353.89,105381.43,105180,1747732500000,2524
36.16947346999999,105356.2082,105353.89,105399.31,105411.01,105240,1747733400000,2372
19.748598469999997,105337.3351,105399.31,105315.21,105422.49,105200,1747734300000,1954
37.06179226000001,105314.6132,105301.8,105269.98,105459.29,105130,1747735200000,2968
40.97709145,105242.6293,105250.0,105279.05,105372.77,105080,1747736100000,2509
19.13480178,105113.4638,105279.05,105205.4,105296.4,104960,1747737000000,2204
52.21284661,105114.8337,105205.41,105052.06,105234.86,104950,1747737900000,2456
30.199243890000005,104994.9469,105052.06,104960.0,105084.5,104870,1747738800000,2453
29.438569989999998,105014.1848,105048.29,105174.38,105200.49,104830,1747739700000,2409
48.369079,105302.6808,105177.47,105371.91,105381.42,105080,1747740600000,2967
36.51701877,105250.0454,105371.91,105241.6,105371.91,105090,1747741500000,2358
49.720149199999994,105113.8046,105214.7,105063.89,105250.41,104940,1747742400000,2547
50.21914156,104923.5744,105047.1,104852.69,105111.44,104730,1747743300000,3140
48.836571,104748.0178,104852.69,104773.53,104879.6,104590,1747744200000,3079
46.01890499,104766.8713,104773.52,104813.4,104887.2,104600,1747745100000,3170
51.84743013,104728.4186,104800.0,104619.34,104914.59,104510,1747746000000,4035
101.91890517000002,104681.041,104619.34,104647.97,104840.55,104500,1747746900000,3849
296.96328195000007,104473.3688,104696.0,104267.99,104696.0,104140,1747747800000,10666
150.00109235,104411.3047,104267.99,104477.87,104641.77,104120,1747748700000,7534
160.20779274,104536.124,104502.0,104536.02,104677.82,104240,1747749600000,7669
154.28792437,104839.1702,104430.0,104733.24,105007.3,104420,1747750500000,6643
160.4706214,104703.0481,104733.24,104796.5,104843.93,104470,1747751400000,6341
125.63434622999998,104774.2207,104764.1,104557.73,104983.09,104460,1747752300000,6803
84.47442588999999,104656.4211,104551.1,104832.64,104841.32,104410,1747753200000,5507
145.00054672,104862.9951,104832.65,105128.46,105140.41,104570,1747754100000,4680
180.12756496,105230.3259,105128.45,105158.18,105385.54,104970,1747755000000,6346
143.49429001,105266.4136,105158.17,105379.12,105448.21,105040,1747755900000,6171
138.24159813999998,105303.531,105409.5,105110.0,105522.29,105040,1747756800000,6756
156.70296585,105390.6896,105191.12,105293.04,105557.2,105070,1747757700000,6692
107.43797706999999,105407.0633,105293.05,105410.44,105506.58,105180,1747758600000,4377
55.89900643000001,105337.6796,105290.0,105242.22,105453.66,105110,1747759500000,4016
172.1123529,105844.0262,105223.8,106146.59,106232.67,105130,1747760400000,9114
211.00958024,106106.2698,106030.0,106183.57,106232.86,105920,1747761300000,7243
144.79524358,106140.0605,106183.57,106120.0,106271.84,105900,1747762200000,6848
166.48984937999998,106296.4966,106258.29,106249.57,106388.9,106120,1747763100000,7574
181.22713131,106318.412,106218.9,106375.3,106469.2,106030,1747764000000,7106
149.25466429,106056.5368,106310.49,105817.26,106375.7,105710,1747764900000,7233
159.54749166,105853.7445,105817.25,105696.06,106113.71,105570,1747765800000,8045
171.31210514000003,105471.7628,105697.52,105301.1,105755.38,105190,1747766700000,7525
211.76376464,105569.1422,105314.64,105887.8,105914.27,105180,1747767600000,7221
241.56307959,106172.7829,105887.8,106375.0,106466.86,105760,1747768500000,9076
386.06825492,106540.7964,106352.41,106577.01,106720.92,106260,1747769400000,11015
885.9206285700001,106972.2081,106577.48,107086.17,107307.0,106470,1747770300000,27271
238.78217553000005,106832.0455,107026.8,106657.13,107154.93,106570,1747771200000,10259
238.0367639,106715.9923,106657.47,106742.87,106886.23,106390,1747772100000,9344
111.45344066999999,106661.1166,106742.86,106787.76,106796.56,106400,1747773000000,5872
256.38169999,107091.3181,106787.75,106956.67,107355.0,106640,1747773900000,10766
262.35150487,106881.6116,106958.91,106530.37,107274.99,106410,1747774800000,10971
152.72440716,106621.1805,106530.37,106367.61,106868.31,106320,1747775700000,8999
93.64578565000001,106392.0797,106367.6,106545.3,106563.91,106080,1747776600000,6933
71.32759318,106675.9325,106544.77,106659.24,106812.07,106420,1747777500000,4677
131.13262422999998,106460.4977,106660.6,106374.91,106806.57,106200,1747778400000,7857
153.02863571999998,106168.3183,106354.4,106392.85,106442.55,105900,1747779300000,8970
92.99155157,106396.5444,106350.2,106605.12,106668.66,106120,1747780200000,6114
105.39609966,106719.108,106611.65,106710.0,106930.92,106420,1747781100000,6265
67.15532292,106873.4725,106805.35,106926.43,106999.98,106640,1747782000000,5532
123.36546978999998,107065.1626,106923.88,107028.19,107249.99,106820,1747782900000,7331
101.87098366,106925.715,107028.44,106789.35,107080.25,106670,1747783800000,6721
73.80896145000001,106786.2467,106785.15,106883.24,106939.62,106590,1747784700000,5212
68.66571713,106904.953,106883.24,107051.07,107055.0,106680,1747785600000,5484
140.18769669,106924.6423,107051.07,106650.45,107274.99,106510,1747786500000,8559
78.37823295000001,106677.8512,106653.0,106727.35,106899.99,106400,1747787400000,6592
56.35060590000001,106729.1933,106727.35,106788.66,106968.59,106540,1747788300000,5533
81.58552752,106926.4989,106788.67,106950.37,107137.44,106630,1747789200000,5890
76.65323031999999,106834.1309,106950.37,106834.38,107082.19,106610,1747790100000,4804
60.50567873999999,106816.4532,106834.38,106858.01,106949.9,106690,1747791000000,4312
49.56894834,106689.7811,106858.0,106544.8,106875.13,106350,1747791900000,4588
79.22634710999999,106381.5434,106430.0,106462.94,106607.43,106150,1747792800000,5500
47.904851359999995,106451.0865,106462.94,106533.75,106585.2,106240,1747793700000,4603
57.26858627,106769.8737,106533.75,106787.6,106869.62,106410,1747794600000,4679
53.56250676,106851.7356,106785.71,106888.52,106959.97,106660,1747795500000,4235
75.1290037,106913.7428,106910.8,106921.7,106995.94,106760,1747796400000,4043
65.83691261999999,106967.3157,106947.89,107061.68,107092.28,106820,1747797300000,4451
70.65428357,107073.5577,107061.68,107050.19,107150.83,106920,1747798200000,4510
42.20812545,106995.9374,107050.2,106892.96,107155.0,106790,1747799100000,4437
40.89794337000001,106902.6889,106873.7,106918.59,107069.02,106740,1747800000000,4194
22.186883169999998,106932.9783,106918.6,106868.19,106990.37,106840,1747800900000,2723
370.78177677,107458.3646,106868.19,107561.89,107748.04,106760,1747801800000,11252
81.80148079,107412.1031,107563.93,107300.0,107628.5,107240,1747802700000,5764
112.78713357000001,107541.0692,107372.0,107476.81,107691.89,107260,1747803600000,6737
59.89964138999999,107639.602,107476.85,107595.44,107750.0,107450,1747804500000,4529
90.77555658,107571.1712,107628.0,107503.54,107779.0,107380,1747805400000,5568
45.11912963,107574.6635,107416.7,107579.65,107696.63,107390,1747806300000,3916
84.81024785,107485.9276,107621.4,107477.36,107665.82,107338,1747807200000,5508
324.72932653000004,107870.617,107400.0,107923.2,108000.0,107366,1747808100000,8507
277.61698649,107966.0612,107919.1,107988.23,108050.53,107760,1747809000000,8236
98.62467018999999,107857.4919,107988.23,107804.33,107994.0,107740,1747809900000,4670
167.89338479000003,107683.1257,107804.32,107489.9,107924.93,107450,1747810800000,5870
550.18307519,107156.7177,107483.51,106950.0,107509.16,106800,1747811700000,19404
265.28124166999993,106761.0824,107052.63,106709.67,107087.74,106400,1747812600000,10973
73.49559501,106682.6856,106709.67,106559.41,106870.5,106460,1747813500000,4580
75.83379442,106653.304,106580.8,106793.53,106839.57,106450,1747814400000,4340
525.1033062600001,106488.1326,106793.53,106524.03,106800.24,106340,1747815300000,17812
155.52841064,106473.3969,106497.1,106462.44,106604.96,106160,1747816200000,4945
48.71687181,106438.7811,106459.18,106424.21,106534.11,106310,1747817100000,2662
71.41998939000001,106425.241,106414.5,106359.17,106572.16,106230,1747818000000,4468
51.048503339999996,106356.5833,106359.18,106383.11,106443.46,106180,1747818900000,3629
73.18906315999999,106236.7137,106390.26,106175.09,106400.0,106070,1747819800000,3596
49.27035657,106178.7283,106178.72,106239.23,106277.07,106020,1747820700000,3645
54.897080970000005,106244.9521,106210.1,106433.69,106493.52,106080,1747821600000,3179
63.4304703,106273.369,106433.69,106210.0,106434.4,106050,1747822500000,2845
114.82962266999999,106373.1637,106310.04,106394.47,106448.03,106200,1747823400000,3240
53.71502663000001,106352.6945,106394.47,106374.18,106402.33,106230,1747824300000,2611
70.17013929999999,106407.2981,106374.21,106538.45,106540.32,106210,1747825200000,3439
112.57798619999998,106673.0896,106538.44,106671.3,106803.18,106370,1747826100000,3862
56.886066809999996,106627.2119,106718.85,106637.34,106737.56,106420,1747827000000,3545
99.98107487,106534.2557,106637.33,106594.49,106647.16,106400,1747827900000,4457
60.19127800999999,106525.7807,106567.2,106564.84,106606.09,106380,1747828800000,4869
167.47797097999995,106741.1854,106564.84,106877.95,106927.85,106480,1747829700000,5136
99.49502346,106712.7312,106877.3,106677.4,106914.2,106560,1747830600000,4464
106.28394357999998,106586.1236,106677.4,106624.09,106689.92,106440,1747831500000,5067
164.55796979,106510.3099,106543.5,106457.28,106720.5,106230,1747832400000,7405
167.75651547999996,106464.817,106457.28,106500.03,106545.77,106320,1747833300000,5285
439.94413066000004,106819.6418,106500.04,107200.03,107257.18,106420,1747834200000,15311
382.6810702200001,107395.4515,107205.31,107317.95,107726.02,107080,1747835100000,15105
478.18102271,107390.4806,107319.7,107487.0,107583.9,107130,1747836000000,15176
470.97383032999994,107572.8679,107487.01,107402.14,107810.7,107300,1747836900000,14991
401.92937426000003,107398.8388,107402.14,107822.22,107859.05,106990,1747837800000,13093
810.1105587200001,108507.4844,107800.0,109075.65,109095.38,107680,1747838700000,21883
978.7252487,109154.1119,108984.9,108889.54,109528.1,108430,1747839600000,28024
730.9538261600001,109121.2967,108889.93,108973.36,109388.54,108850,1747840500000,20520
1090.7112966599998,108677.353,108970.58,108953.24,109165.95,108320,1747841400000,23786
291.69151589999996,108957.445,108953.24,109030.37,109298.71,108550,1747842300000,12632
293.07163820000005,109011.3,109027.8,109159.52,109202.55,108700,1747843200000,11681
252.8056613,109142.3517,109159.52,109157.68,109370.87,108930,1747844100000,10865
585.7037848700002,109506.9487,109159.41,109576.39,109747.0,109080,1747845000000,19897
488.35213640000006,109547.2043,109568.6,109190.5,109888.11,109040,1747845900000,19114
445.2665521800001,109106.8595,109190.7,109107.95,109419.04,108750,1747846800000,14975
1111.5220167100001,108164.471,109107.94,107009.5,109149.02,106939,1747847700000,28512
740.8580706199998,107180.9972,107010.96,106568.68,107730.56,106500,1747848600000,27376
553.5555323699999,106554.5635,106568.68,106649.54,107052.4,106167,1747849500000,20202
249.90715980000002,106869.288,106612.0,106905.34,107168.75,106385,1747850400000,11705
263.18810948000004,106833.1347,106906.57,106727.24,107165.26,106550,1747851300000,10233
225.62967869,107024.7822,106777.1,107391.27,107453.86,106690,1747852200000,9570
219.46826238,107253.1762,107391.26,107019.17,107489.82,106910,1747853100000,9488
234.17114096999998,107000.7228,107019.17,107071.49,107366.0,106650,1747854000000,9666
268.03051478,107059.4227,107071.17,107278.39,107288.69,106813,1747854900000,9818
496.13603297,107938.7009,107278.39,108169.38,108491.48,107230,1747855800000,15837
458.14652057999996,108505.0002,108169.39,108675.07,108938.33,108000,1747856700000,17476
207.06818173,108537.777,108675.09,108312.35,108832.76,108230,1747857600000,11097
115.84177385999998,108351.9051,108312.35,108200.0,108500.0,108180,1747858500000,7326
134.2071157,108146.8094,108259.8,108036.77,108323.03,107960,1747859400000,7265
146.54655847,108030.2208,108035.04,108297.51,108316.97,107720,1747860300000,7974
133.90560004000002,108354.692,108214.2,108392.9,108519.44,107960,1747861200000,7818
68.03540502,108269.8292,108398.27,108133.58,108398.27,108090,1747862100000,5786
68.96548360000001,108259.0772,108133.58,108470.57,108519.44,108040,1747863000000,5487
61.502297160000005,108530.7175,108468.75,108472.54,108622.89,108290,1747863900000,5162
68.73611654000001,108482.2708,108463.7,108359.99,108624.99,108260,1747864800000,7604
64.41859763,108508.4806,108359.99,108683.46,108687.59,108270,1747865700000,6083
151.99947324,108900.1016,108636.0,108993.02,109038.5,108580,1747866600000,9183
150.46922253999998,108931.4731,108993.03,108796.62,109133.09,108720,1747867500000,9169
191.78599391,109092.5754,108800.1,109423.77,109457.75,108650,1747868400000,9760
1361.76451096,110057.8459,109423.77,109776.61,110788.98,109330,1747869300000,37389
260.10743622999996,109752.6435,109767.02,109617.14,110160.98,109400,1747870200000,15259
168.75960322000003,109665.318,109625.32,109699.54,109817.61,109360,1747871100000,10771
216.27929248000004,109895.7439,109697.19,110010.17,110200.0,109490,1747872000000,13468
147.7104238,109944.2837,110010.74,109723.4,110109.01,109715,1747872900000,9482
122.71804774,109562.5252,109726.74,109382.87,109876.27,109217,1747873800000,8987
96.85452265,109711.4593,109369.9,109898.9,109999.0,109330,1747874700000,7644
291.6522111500001,110325.0718,109898.9,110155.87,110740.0,109898,1747875600000,12965
91.68296827000002,110000.3255,110155.87,110037.34,110300.0,109840,1747876500000,7987
87.35363024000002,110028.2353,110036.69,109859.31,110339.95,109768,1747877400000,7540
78.25109323,109868.3721,109858.51,109957.11,110027.72,109690,1747878300000,5911
91.45529631000001,110107.7782,109953.02,110143.04,110341.57,109856,1747879200000,7869
197.88129424000002,110262.1711,110143.04,110466.67,110637.42,109857,1747880100000,8804
219.63856903,110754.4896,110466.67,110484.05,110991.17,110406,1747881000000,12141
146.24423402,110499.3208,110484.26,110509.01,110664.66,110318,1747881900000,8703
111.54387532999999,110590.0124,110507.2,110531.93,110735.01,110330,1747882800000,7561
137.72577895,110662.2115,110531.92,110793.6,110928.73,110422,1747883700000,7752
513.0716562099999,111078.7323,110793.6,111339.65,111499.0,110720,1747884600000,17371
442.45707812,111632.321,111344.61,111805.99,111903.84,111344,1747885500000,18446
220.09583396,111544.7327,111738.7,111416.79,111820.37,111340,1747886400000,10693
181.52633162,111311.2627,111421.16,111501.97,111518.72,111229,1747887300000,8719
108.38424182,111517.7845,111489.99,111728.36,111728.4,111300,1747888200000,7522
65.43026711,111547.2117,111728.35,111495.62,111728.38,111400,1747889100000,5966
110.92347855999998,111387.8036,111448.8,111342.77,111683.85,111171,1747890000000,6628
85.99839132999999,111378.0431,111347.69,111454.47,111489.71,111270,1747890900000,6109
109.92241251,111386.2855,111450.21,111416.18,111500.0,111290,1747891800000,6048
232.13580693,111111.5175,111381.0,110803.8,111500.0,110803,1747892700000,7482
83.46402673,111000.1444,110803.9,111007.21,111185.04,110803,1747893600000,5719
132.36266104,110861.4353,111007.2,110842.47,111037.71,110700,1747894500000,6408
113.59799381999997,110724.5076,110851.3,110878.5,110964.8,110587,1747895400000,5128
100.27846812000001,110634.6726,110878.51,110612.08,110962.58,110460,1747896300000,5960
70.17399185,110609.2942,110612.09,110826.71,110837.14,110450,1747897200000,5813
55.302544610000005,110763.5243,110826.72,110745.02,111092.56,110560,1747898100000,4605
54.66682676,110912.1967,110745.01,110889.16,111072.04,110650,1747899000000,4422
80.02152994000001,110978.8765,110889.16,111061.79,111157.76,110760,1747899900000,5588
94.80363279999999,110999.883,111100.1,111003.92,111156.39,110900,1747900800000,4644
158.97762146000002,111013.6215,110960.0,110730.0,111172.5,110710,1747901700000,5970
93.92033856999998,110562.4805,110751.1,110500.0,110826.08,110390,1747902600000,6419
52.15192462,110472.6161,110555.67,110410.13,110651.26,110340,1747903500000,3692
53.07787182999999,110398.0262,110410.13,110424.7,110546.61,110250,1747904400000,4346
96.5896431,110543.6356,110424.7,110682.13,110701.81,110240,1747905300000,4690
57.66730507,110655.262,110678.96,110662.48,110801.0,110530,1747906200000,3342
105.27494127000001,110672.5166,110663.21,110830.27,110849.98,110530,1747907100000,3791
76.81031117,110754.0887,110794.0,110749.06,110887.97,110540,1747908000000,4032
60.640298859999994,110810.175,110749.08,110919.75,110962.14,110620,1747908900000,4462
60.81475661000001,110873.819,110909.15,110928.73,110972.11,110750,1747909800000,3873
62.609068920000006,110788.7732,110876.0,110794.22,110934.03,110630,1747910700000,4423
52.360579550000004,110724.7446,110800.3,110734.2,110875.2,110550,1747911600000,4505
94.71408165000001,110685.0961,110734.2,110508.52,110933.19,110440,1747912500000,5640
53.90038877000001,110577.3263,110508.51,110685.05,110685.05,110430,1747913400000,4189
113.73888402999998,110996.8305,110686.61,110985.64,111340.0,110580,1747914300000,6434
91.73268535000003,110997.5781,111000.1,110834.94,111182.72,110800,1747915200000,5896
172.79570529,111237.4719,110829.22,111290.13,111411.64,110750,1747916100000,8414
160.91184144,111426.5135,111285.94,111411.6,111579.97,111140,1747917000000,9252
117.53080392000001,111527.3541,111411.61,111619.05,111644.99,111340,1747917900000,8300
120.67993574,111362.8454,111566.4,111287.22,111634.23,111160,1747918800000,6505
83.88427775000001,111305.8693,111287.22,111419.71,111432.88,111100,1747919700000,6487
325.70662552,111322.591,111428.83,111325.24,111634.8,110860,1747920600000,15053
195.10179032,111187.9083,111325.01,110932.5,111476.11,110850,1747921500000,11443
248.05220644999997,110893.5732,110932.41,110771.54,111197.48,110610,1747922400000,10678
291.4752136,111040.8296,110696.9,111287.22,111344.83,110670,1747923300000,13510
248.48624508,111086.2097,111291.74,110941.19,111423.46,110680,1747924200000,12636
236.50311406000003,110780.9095,110920.7,110921.72,111058.58,110500,1747925100000,9012
233.83260757999994,110969.8772,110894.5,110966.75,111203.05,110770,1747926000000,10262
200.80263041,111131.8041,110966.75,111150.72,111340.61,110800,1747926900000,9630
212.37554350000005,111286.0519,111150.23,111538.73,111538.73,110980,1747927800000,9751
214.4996839,111429.1873,111540.76,111328.2,111597.63,111110,1747928700000,10593
160.59248979999995,111428.5003,111285.0,111565.04,111595.98,111140,1747929600000,8993
311.08697414,111619.9947,111565.03,111286.15,111850.0,111200,1747930500000,11081
141.16760155999998,111278.4826,111274.0,111460.32,111514.97,111010,1747931400000,7318
132.74530212,111325.2665,111460.04,111329.99,111477.45,111040,1747932300000,7733
165.92030108,111362.4914,111248.3,111415.18,111477.45,111090,1747933200000,7219
249.97102332000003,111735.5945,111415.17,111752.52,111999.0,111280,1747934100000,10907
156.13128084,111870.9892,111752.53,111789.79,112000.0,111590,1747935000000,9165
162.10973656000002,111550.7614,111784.03,111538.49,111785.01,111300,1747935900000,9309
121.99021716,111484.5621,111526.7,111486.12,111608.79,111290,1747936800000,8182
107.92911139,111657.8369,111486.13,111749.99,111763.98,111400,1747937700000,7075
171.57194909,111845.0008,111745.29,111781.05,111999.99,111610,1747938600000,9124
121.15313126999999,111810.8759,111781.06,111650.0,111893.09,111610,1747939500000,7462
301.74063323,111660.3277,111771.43,111808.37,111867.96,111380,1747940400000,8667
293.12745882,111831.008,111650.0,111951.71,111979.98,111600,1747941300000,10539
517.9564457399999,111539.242,111951.89,111416.04,111980.0,111240,1747942200000,15313
342.34943054,111182.4483,111410.04,111241.94,111411.2,110890,1747943100000,12929
135.56549718000002,111290.5327,111241.94,111323.57,111496.68,111000,1747944000000,7209
220.48613100999998,111119.309,111323.57,111106.57,111330.8,110920,1747944900000,9372
253.34499997999998,111026.0418,111106.57,111100.34,111186.91,110770,1747945800000,12329
59.84141039000001,111148.8952,111087.5,111106.44,111264.22,110900,1747946700000,5599
55.08147348,110979.0038,111092.3,111035.27,111109.12,110790,1747947600000,4962
66.27684413,110923.3435,111021.1,110833.92,111152.06,110650,1747948500000,4999
70.23939556000002,110903.0857,110833.92,111000.56,111048.73,110670,1747949400000,4618
90.26273168,110885.1328,110890.0,110857.9,111006.13,110680,1747950300000,5353
60.749455309999995,111058.1635,110868.89,111095.08,111174.31,110750,1747951200000,5454
44.95846815,111115.7134,111094.91,111089.53,111202.0,110950,1747952100000,3874
51.988279070000004,111194.7797,111072.7,111189.31,111289.29,110980,1747953000000,3897
52.39586044000001,111087.0222,111189.65,111055.01,111239.6,110900,1747953900000,4230
74.15427293000002,111179.0084,111055.1,111281.28,111306.34,110930,1747954800000,6097
67.9328438,111241.508,111281.05,111285.48,111320.0,111050,1747955700000,4043
84.49952252999998,111386.9128,111285.47,111406.03,111494.99,111160,1747956600000,4851
77.89739286999999,111603.1931,111406.03,111722.53,111749.99,111270,1747957500000,4955
80.10490728,111625.3927,111722.54,111799.88,111824.07,111410,1747958400000,5488
46.39814571,111618.0153,111793.57,111493.52,111793.58,111370,1747959300000,5009
40.866180729999996,111492.887,111495.18,111512.99,111624.83,111290,1747960200000,4559
37.09396006,111612.2127,111512.98,111607.5,111774.97,111340,1747961100000,4864
55.18217897,111468.9983,111607.4,111363.36,111759.41,111170,1747962000000,5668
46.73057155,111308.4499,111365.2,111307.48,111389.06,111150,1747962900000,4710
42.90842618,111382.5964,111315.72,111274.26,111552.81,111130,1747963800000,4975
40.93486129,111332.3827,111275.62,111330.2,111498.71,111160,1747964700000,4294
57.984578479999996,111412.3983,111348.74,111370.0,111509.97,111240,1747965600000,4531
51.98635566999999,111544.0467,111488.39,111603.53,111626.0,111360,1747966500000,4519
56.08287329,111416.877,111603.53,111254.88,111609.59,111170,1747967400000,4899
40.640538400000004,111238.1775,111254.88,111281.03,111366.97,111110,1747968300000,4487
72.35313339,111250.0232,111230.0,111217.54,111390.92,111070,1747969200000,3744
48.59154987,111159.1565,111217.54,111034.1,111303.56,111000,1747970100000,3476
61.86908666000001,111101.1717,111046.9,111149.97,111194.51,111000,1747971000000,3728
27.39143378,111128.4634,111149.97,111100.87,111203.86,111010,1747971900000,3057
51.63369841000001,111102.7735,111108.8,111033.38,111194.47,110900,1747972800000,3260
170.74587285,110851.2495,111033.38,110816.75,111060.34,110650,1747973700000,4634
63.641400730000015,110634.465,110749.9,110633.28,110850.36,110450,1747974600000,4298
57.03079713999999,110729.3285,110632.04,110850.7,110877.17,110540,1747975500000,3941
38.15321925,110811.194,110806.5,110884.51,110957.57,110650,1747976400000,3372
70.71808254,110811.3341,110884.5,110724.91,110905.34,110570,1747977300000,2879
67.51104167999999,110758.7167,110724.91,110784.21,110830.69,110590,1747978200000,2997
32.64591235,110769.9507,110807.0,110855.98,110859.99,110660,1747979100000,2660
175.45705597000003,110614.001,110837.0,110488.42,110858.57,110380,1747980000000,3542
82.65972785999999,110416.6262,110488.42,110578.21,110644.21,110120,1747980900000,3577
69.49203825,110565.968,110546.4,110648.05,110735.77,110360,1747981800000,3775
85.28331253,110440.0752,110648.05,110508.1,110660.54,110310,1747982700000,3542
38.817482330000004,110607.7782,110502.7,110785.44,110793.55,110410,1747983600000,2431
33.92976602,110751.8704,110784.48,110813.8,110829.07,110620,1747984500000,2371
54.14292038,110717.6642,110750.0,110762.26,110855.45,110580,1747985400000,2400
118.67026055000001,110658.1673,110762.26,110718.99,110838.86,110460,1747986300000,3242
37.250061300000006,110763.3887,110718.99,110831.73,110860.29,110620,1747987200000,2717
19.79409096,110790.7029,110831.72,110888.37,110912.2,110660,1747988100000,2057
21.177588679999996,110918.0688,110893.01,110962.6,111027.6,110780,1747989000000,2477
22.166773780000003,110908.7108,110962.61,110928.76,111013.16,110800,1747989900000,3052
23.839868089999996,110993.1933,110922.2,111014.3,111088.0,110830,1747990800000,2188
143.96493178000003,111135.0932,111012.41,111089.57,111241.3,110930,1747991700000,3257
28.357616570000005,111175.3146,111086.97,111156.46,111237.11,111020,1747992600000,2690
28.230163320000003,111275.8485,111153.75,111321.16,111377.2,111090,1747993500000,2598
83.28398543,111085.6768,111300.0,110930.27,111339.0,110840,1747994400000,3113
27.66363293,110940.2314,110929.92,110990.11,111103.41,110790,1747995300000,3171
32.580119159999995,110963.6404,110986.55,111045.76,111067.86,110830,1747996200000,3262
35.49817732,111061.248,111045.77,111048.84,111192.57,110900,1747997100000,2587
26.612230670000006,110964.0818,111054.59,110990.0,111090.0,110810,1747998000000,2717
75.62351625999999,110824.5714,110880.0,110780.0,111080.05,110590,1747998900000,5406
249.0069289,110527.3146,110871.8,110408.1,110968.92,110110,1747999800000,8494
1143.58263588,109760.8223,110410.98,109105.05,110494.55,108760,1748000700000,36184
554.63828241,108475.5064,109044.0,108070.0,109127.13,107880,1748001600000,21370
550.18018365,107994.4749,108141.36,108411.48,108470.5,107190,1748002500000,23062
252.23906101999995,108549.4533,108418.06,108599.66,108785.58,108180,1748003400000,12639
199.56119828,108565.8532,108599.67,108455.66,108785.36,108320,1748004300000,9938
338.50969357,108302.2124,108456.6,108456.37,108569.66,107950,1748005200000,12234
191.93602667999997,108641.4329,108456.38,108726.89,108890.67,108350,1748006100000,9805
368.62583860999996,109191.5264,108730.5,109067.4,109601.64,108600,1748007000000,15074
321.55990857999996,109372.0098,109072.0,109676.93,109762.16,108790,1748007900000,13612
320.9977367999999,109867.58,109661.05,109938.7,110069.81,109560,1748008800000,13346
163.54410890999998,109792.4125,109938.68,109588.88,110006.39,109460,1748009700000,9547
146.88896749000003,109678.0462,109624.1,109725.47,109843.7,109450,1748010600000,8976
113.04787192,109847.6879,109672.9,109700.0,109986.99,109610,1748011500000,8717
180.4086334,109377.0358,109753.1,109165.9,109904.88,108920,1748012400000,11393
103.34034667999998,109323.2002,109165.89,109421.05,109540.22,108940,1748013300000,8017
115.00138910000001,109610.2332,109428.89,109525.85,109794.96,109300,1748014200000,7414
118.24995518999998,109197.1753,109482.2,108973.71,109552.1,108860,1748015100000,7514
382.99171693000005,108820.7184,108937.2,108687.03,109265.69,108460,1748016000000,12293
370.0304638199999,108408.9227,108684.39,108741.8,108975.46,107980,1748016900000,14114
165.24030882999998,108813.3236,108745.28,108651.5,109000.0,108420,1748017800000,9013
128.86890965999999,108919.9311,108668.99,109101.06,109141.01,108550,1748018700000,7137
169.64080922000002,109362.8567,109077.6,109530.1,109530.11,108980,1748019600000,8234
169.43319082000002,109690.5611,109522.6,109814.78,109850.0,109320,1748020500000,8510
218.42595415,109558.495,109810.83,109383.53,109821.35,109220,1748021400000,9737
127.27226067999997,109541.0926,109382.46,109433.7,109641.84,109250,1748022300000,6729
101.84792296,109368.0682,109438.9,109270.85,109531.64,109090,1748023200000,6754
144.06192431000002,109020.4135,109270.84,109116.13,109322.88,108740,1748024100000,8353
117.52565588,109055.4421,109113.21,109000.43,109159.82,108830,1748025000000,6094
198.15771263999997,108830.4285,109000.43,108822.72,109000.43,108600,1748025900000,7404
310.7351391,108961.2004,108822.72,109149.18,109222.2,108570,1748026800000,10120
187.86308754,109010.4389,109149.18,108959.48,109159.59,108820,1748027700000,6438
223.96293007,108981.7626,108959.48,109001.49,109118.23,108730,1748028600000,6264
352.71182042,108828.9538,109001.48,108747.25,109001.48,108510,1748029500000,9893
166.12729968999997,108577.6152,108744.54,108542.29,108755.59,108380,1748030400000,5345
136.27226753,108644.3975,108542.3,108683.16,108732.7,108430,1748031300000,5086
134.64360982,108467.7917,108683.16,108446.54,108687.02,108220,1748032200000,5610
117.96131477,108386.6656,108446.54,108261.23,108555.24,108130,1748033100000,5013
109.94450498999998,108261.9932,108258.8,108354.2,108360.85,108080,1748034000000,5011
90.56679167000001,108511.472,108355.27,108431.18,108639.51,108210,1748034900000,5926
51.592480249999994,108361.5887,108425.81,108555.84,108568.74,108100,1748035800000,5591
62.13758991000001,108394.0265,108549.02,108320.71,108700.0,107970,1748036700000,4926
60.137612739999994,108368.5434,108320.71,108527.68,108552.74,108170,1748037600000,5921
45.71340463,108444.7226,108508.49,108410.5,108600.0,108230,1748038500000,5207
49.635160680000006,108274.3451,108400.1,108129.2,108435.99,107970,1748039400000,4644
167.13148656,107872.0167,108129.2,107818.56,108157.9,107560,1748040300000,8478
67.75297959,107752.2077,107834.2,107706.87,107940.28,107500,1748041200000,6301
93.38670051,107506.0674,107706.86,107425.26,107767.91,107280,1748042100000,6344
186.77937040999998,107232.3143,107435.91,107005.4,107703.03,106810,1748043000000,10102
149.86572103,107119.7442,107005.4,107329.61,107448.4,106710,1748043900000,9557
141.25530988999998,107224.6544,107332.08,107444.82,107501.72,106750,1748044800000,7932
75.29596593999999,107328.0392,107435.94,107258.0,107487.59,107030,1748045700000,6562
61.54378033,107546.5467,107258.01,107506.62,107714.99,107140,1748046600000,5489
41.104756290000005,107431.4453,107506.73,107396.59,107592.37,107220,1748047500000,4698
56.254314920000006,107603.4257,107389.8,107642.07,107829.54,107230,1748048400000,5156
37.43367582,107752.5295,107642.04,107801.3,107904.38,107470,1748049300000,4847
39.82775647,107668.7959,107600.0,107607.38,107803.44,107440,1748050200000,4697
48.46647730000001,107531.486,107606.04,107502.36,107701.81,107330,1748051100000,4096
37.1052768,107495.801,107502.31,107630.94,107668.22,107130,1748052000000,4419
36.007043489999994,107761.9374,107630.94,107808.33,107864.21,107500,1748052900000,3547
36.3733132,107817.4361,107808.77,107902.46,107940.09,107600,1748053800000,3665
37.19746452,107772.0127,107902.46,107816.73,107902.46,107550,1748054700000,3548
70.62873787999999,107991.741,107750.1,108070.0,108131.9,107620,1748055600000,4000
66.0514867,108138.2275,108070.0,108329.06,108340.33,107820,1748056500000,4238
30.800325120000004,108176.5665,108269.3,108194.28,108389.79,107900,1748057400000,3452
34.14327274,108234.663,108030.0,108390.96,108391.58,107880,1748058300000,3811
53.254335510000004,108350.9434,108308.2,108170.0,108434.63,108100,1748059200000,3919
34.82518493,108417.7375,108373.44,108469.13,108518.58,108160,1748060100000,3261
34.48081468,108462.9359,108469.12,108519.16,108573.01,108170,1748061000000,3050
50.02800439,108528.4638,108519.14,108502.36,108594.49,108250,1748061900000,3040
51.89908156,108400.7843,108505.7,108373.39,108549.76,108110,1748062800000,3156
31.790002940000004,108280.882,108170.0,108385.71,108387.39,108050,1748063700000,3036
26.77318127,108275.8018,108359.8,108250.62,108470.0,107970,1748064600000,2727
22.343082769999995,108132.5982,108242.0,108265.52,108277.07,107880,1748065500000,2625
53.84371216,108251.2564,108176.2,108240.99,108355.27,107970,1748066400000,3101
43.92041558000001,108093.4867,108240.98,108220.9,108267.31,107820,1748067300000,3456
109.90923167000001,107871.4792,108217.3,107740.0,108220.91,107520,1748068200000,4819
24.276868139999998,107794.9154,107937.8,107951.8,107988.68,107490,1748069100000,2890
29.66554543,108052.4307,107951.9,108145.84,108173.01,107740,1748070000000,2732
20.622932489999997,108122.5781,108145.84,108238.52,108264.72,107890,1748070900000,2104
16.429415810000002,108074.8424,108238.52,108069.37,108249.6,107760,1748071800000,1986
69.00468777,107787.9147,108069.37,107619.15,108069.39,107360,1748072700000,3176
28.983939549999995,107805.8031,107635.2,107884.15,108037.81,107400,1748073600000,3452
20.16092293,107757.2997,107887.26,107920.5,107921.46,107420,1748074500000,2421
18.72780219,107860.5269,107920.5,108080.0,108096.02,107590,1748075400000,1963
32.05769783,108123.2246,108096.01,108270.39,108322.4,107830,1748076300000,2582
38.39993682,108306.1186,108274.19,108236.04,108469.33,108080,1748077200000,3254
16.372076540000002,108274.9802,108236.04,108367.31,108449.43,108120,1748078100000,1930
16.66200868,108282.5842,108367.32,108266.33,108457.95,108150,1748079000000,1687
46.51958869999999,108242.3878,108266.23,108196.97,108325.99,108100,1748079900000,2301
15.078208629999999,108193.6095,108258.8,108190.74,108287.92,108110,1748080800000,1843
21.004568780000003,108233.6607,108190.74,108418.54,108449.72,108130,1748081700000,2550
144.63541635,108805.0059,108418.54,108984.69,109090.91,108340,1748082600000,5798
60.033043930000005,109133.4057,108984.68,109123.57,109287.3,108900,1748083500000,3659
90.66774106000001,109344.5993,109121.66,109327.67,109517.78,109060,1748084400000,4617
22.47344685,109298.5927,109327.06,109359.02,109436.54,109140,1748085300000,2781
29.736295530000003,109362.8893,109358.99,109200.0,109517.79,109130,1748086200000,3055
45.4096597,109273.1113,109200.02,109224.02,109381.55,109110,1748087100000,2783
60.736225090000005,109071.5889,109229.8,108951.44,109298.99,108845,1748088000000,3527
73.86502827,108831.3502,108949.17,108886.6,108998.56,108600,1748088900000,4113
32.78676927,108795.4515,108856.68,108855.02,108938.7,108700,1748089800000,3366
21.168182090000002,108797.4036,108855.03,108814.78,108923.76,108640,1748090700000,2850
32.55947541,108784.2918,108888.1,108699.9,108888.1,108610,1748091600000,3141
24.93928216,108770.9728,108735.01,108905.0,108941.67,108560,1748092500000,3182
34.910583800000005,108757.6814,108916.33,108718.0,108918.0,108580,1748093400000,3173
32.48350327,108617.22,108717.99,108630.22,108775.8,108480,1748094300000,3382
35.62400406,108686.8897,108615.9,108620.0,108831.2,108520,1748095200000,3369
43.06109694000001,108776.951,108743.9,108730.02,109019.64,108580,1748096100000,3923
33.25877999,108842.9556,108730.02,108869.88,109012.36,108580,1748097000000,3443
47.57609289,108911.3904,108922.2,108993.59,109065.99,108750,1748097900000,4064
51.682458849999996,109086.0575,109046.6,109202.6,109250.0,108740,1748098800000,4221
33.24012731,109088.2752,109202.6,109005.04,109202.6,108820,1748099700000,3663
30.00912519,108946.0529,108992.0,108927.34,109094.26,108770,1748100600000,3600
21.11391034,108875.8757,108965.9,108965.47,108987.16,108710,1748101500000,3478
44.84151635999999,108815.3604,108940.0,108784.19,109026.87,108620,1748102400000,3484
21.607593480000002,108799.1801,108783.23,108812.38,108932.67,108580,1748103300000,3304
30.46183043,108769.6893,108808.23,108895.84,108920.28,108610,1748104200000,3461
34.8303347,109033.896,108893.8,109044.7,109153.61,108730,1748105100000,3944
30.81567697,109096.1351,109071.4,109154.14,109247.8,108870,1748106000000,3284
60.90178706000001,108964.5977,109154.14,108993.43,109174.2,108800,1748106900000,3238
22.02717799,108972.7745,108993.43,109000.02,109091.64,108810,1748107800000,2772
28.085252939999997,109018.5985,109000.03,108959.97,109111.69,108820,1748108700000,3580
29.80713433,109010.3077,109031.6,109075.01,109125.73,108820,1748109600000,3273
34.42663498999999,109034.1134,109075.02,109042.53,109112.9,108880,1748110500000,3271
35.89070265,108915.082,109042.53,108938.2,109080.4,108770,1748111400000,3467
40.94692319999999,108794.5148,108950.24,108836.1,108950.24,108670,1748112300000,3452
41.28758722,108850.4123,108836.1,108880.59,108968.15,108680,1748113200000,3976
39.067334380000005,108809.5269,108880.59,108670.0,108934.05,108640,1748114100000,3100
33.63711241,108848.6221,108670.0,108670.0,109053.99,108650,1748115000000,3310
24.56752669,108799.4542,108884.33,108988.71,109002.01,108600,1748115900000,2729
24.207516330000004,108882.4026,108987.9,109030.94,109060.34,108670,1748116800000,2699
31.926153790000004,108878.4308,108760.0,109017.99,109099.99,108710,1748117700000,3078
22.828496730000005,108965.0731,109017.99,108976.92,109159.59,108700,1748118600000,2769
34.3475528,108879.9943,108976.93,108890.37,109013.4,108610,1748119500000,2601
19.179458719999996,108743.8592,108909.7,108857.36,108909.7,108500,1748120400000,2730
29.008516,108678.2775,108857.35,108734.81,108892.13,108330,1748121300000,3021
22.040664520000004,108725.4663,108735.5,108834.74,108894.75,108440,1748122200000,2729
15.797928979999998,108725.9459,108834.74,108864.9,108900.0,108480,1748123100000,2354
20.091090020000003,108649.5493,108854.14,108764.46,108864.9,108360,1748124000000,3273
68.73389617000001,108474.3739,108764.47,108556.94,108799.4,108200,1748124900000,4434
76.31883996,108263.5248,108561.7,108278.53,108634.38,107900,1748125800000,5533
29.98675217,108190.0116,108278.54,107870.0,108369.41,107730,1748126700000,3442
73.41657239000001,107887.3312,108100.1,108094.73,108160.51,107430,1748127600000,6530
63.36128667999999,108109.1942,108091.98,108038.28,108434.62,107630,1748128500000,5832
61.85498231,107984.1733,108038.26,107782.2,108215.68,107460,1748129400000,5141
63.78713284,107708.8607,107800.0,107794.01,107931.8,107300,1748130300000,5816
49.48708184,107927.7898,107824.2,108000.0,108073.46,107510,1748131200000,4270
25.03057847,107833.0717,107957.41,108051.01,108106.28,107580,1748132100000,3641
59.458601769999994,107659.9266,108053.0,107537.03,108167.98,107120,1748133000000,5047
53.35905737,107441.0853,107538.56,107489.29,107681.17,107030,1748133900000,5294
54.38269332,107402.8504,107450.7,107404.3,107671.91,107000,1748134800000,4994
71.67528738,107415.9758,107399.59,107921.44,107936.07,107000,1748135700000,5387
30.41340379,107877.0746,107923.39,107929.22,108050.0,107490,1748136600000,3760
33.7212352,107724.6123,107929.23,107699.63,107929.23,107340,1748137500000,3486
35.38106318,107602.2021,107699.63,107609.1,107845.02,107210,1748138400000,4012
69.79400094,107686.3065,107612.66,107885.78,107933.08,107260,1748139300000,3875
21.80868284,107786.0678,107885.77,107768.6,107994.77,107380,1748140200000,2851
22.09612323,107828.6354,107460.0,107962.82,108041.95,107460,1748141100000,2999
43.39964620000001,108152.6428,107960.9,108188.99,108287.24,107650,1748142000000,3608
18.13111873,108085.4123,108192.23,108191.47,108255.81,107780,1748142900000,2734
20.9201223,108159.6064,108191.47,108254.45,108283.52,107860,1748143800000,2559
20.6668228,108114.7483,108254.44,108134.39,108306.58,107800,1748144700000,2430
24.782786039999998,108032.921,108141.0,107740.0,108184.49,107700,1748145600000,2437
22.676688920000004,107953.6221,108018.93,108023.32,108119.4,107650,1748146500000,2367
20.596591410000002,108084.0677,108023.31,108212.9,108243.53,107710,1748147400000,2072
31.559498159999997,108178.6575,108217.69,108280.48,108320.64,107880,1748148300000,2293
15.768723519999998,108174.0083,108250.0,108153.97,108327.68,107820,1748149200000,2122
14.539088520000004,108030.5017,108153.98,108117.42,108204.19,107820,1748150100000,1997
14.86813281,107971.5987,108158.0,108065.08,108170.01,107710,1748151000000,1976
15.27473054,107971.8859,108065.08,108138.97,108149.06,107730,1748151900000,1708
16.42727599,108018.2899,108121.4,108050.85,108181.1,107760,1748152800000,2025
22.074537499999998,107916.1414,108050.84,108028.8,108094.7,107610,1748153700000,2112
16.805135919999998,107875.2125,108009.25,107996.23,108029.04,107570,1748154600000,1694
26.48816901,107842.3813,107994.96,107959.2,108045.65,107430,1748155500000,2964
19.878948419999997,107751.7277,107959.2,107751.2,107969.11,107440,1748156400000,2294
31.07257324,107588.7369,107751.2,107568.79,107828.69,107240,1748157300000,2615
38.310246830000004,107538.3698,107280.0,107648.02,107731.42,107070,1748158200000,2383
10.512870070000002,107613.6379,107648.02,107690.5,107721.92,107360,1748159100000,1803
22.017902399999997,107610.7455,107690.6,107517.52,107725.33,107210,1748160000000,2412
24.02997992,107498.3324,107509.69,107462.63,107646.95,107150,1748160900000,2603
23.286515270000002,107364.3384,107453.9,107349.75,107570.9,107060,1748161800000,2798
118.81778560000001,107098.5934,107349.75,107144.94,107355.37,106600,1748162700000,6022
50.29244242,107183.7921,107135.4,107209.23,107289.21,106780,1748163600000,3524
31.14524572,107062.1206,107209.22,107200.17,107289.89,106700,1748164500000,3240
112.05387059,106845.2214,107200.17,106914.75,107241.85,106400,1748165400000,5426
22.77648935,107048.5492,106918.78,107153.39,107160.91,106670,1748166300000,2306
20.48908355,107170.2947,107153.39,107219.15,107329.75,106860,1748167200000,2622
15.334340590000002,107253.7339,107225.96,107127.23,107317.96,106890,1748168100000,1966
13.42200291,107230.0344,107127.23,107210.21,107342.03,106900,1748169000000,2075
47.083705560000006,107119.118,107205.31,106976.48,107422.45,106650,1748169900000,3753
24.19118409,106956.9985,106984.5,107078.57,107085.43,106640,1748170800000,3224
18.093830360000002,107069.9762,107077.06,107196.8,107215.9,106790,1748171700000,2912
19.114979270000003,107124.8516,107196.8,107143.53,107256.98,106840,1748172600000,2563
13.616212140000002,107240.6206,107150.88,107286.33,107319.34,106930,1748173500000,2779
38.9026895,107337.3129,107286.33,107445.23,107469.04,107020,1748174400000,3460
26.620582590000005,107493.1097,107428.2,107504.12,107630.87,107090,1748175300000,3605
17.585328750000002,107525.8462,107499.32,107447.87,107647.8,107200,1748176200000,2930
17.7460207,107456.2406,107447.87,107548.93,107580.34,107200,1748177100000,2387
29.753211029999996,107426.5693,107551.7,107411.16,107618.16,107100,1748178000000,3278
18.97456562,107354.7317,107408.77,107584.94,107587.89,107050,1748178900000,2859
62.45894898999999,107653.2561,107548.0,107674.56,107802.0,107290,1748179800000,4466
46.058689400000006,107676.7446,107674.55,107565.63,107786.8,107290,1748180700000,4652
60.099182840000005,107546.0353,107565.63,107573.24,107652.14,107210,1748181600000,4308
27.580191870000004,107527.73,107611.0,107400.0,107680.26,107220,1748182500000,2903
35.91640742,107385.4404,107668.3,107246.34,107668.3,106960,1748183400000,4232
27.194636650000003,107267.2359,107251.3,107402.69,107404.2,106940,1748184300000,3767
41.9560319,107278.2217,107375.6,107318.46,107464.91,107000,1748185200000,3929
132.39870605,106974.3475,107318.46,106876.26,107342.38,106560,1748186100000,6224
77.72399623,106978.9855,106874.31,107167.5,107279.0,106410,1748187000000,6532
41.3170383,107019.4205,107173.81,107001.2,107261.97,106700,1748187900000,4252
43.54430179,106956.7701,107000.0,106947.15,107098.67,106700,1748188800000,4950
80.077426,106795.7572,106943.01,106754.97,106962.2,106510,1748189700000,6176
54.93965775,106949.6224,106748.33,107154.0,107191.75,106520,1748190600000,5343
79.58492129,107167.7759,107154.01,107225.56,107291.57,106940,1748191500000,6239
56.735560449999994,107295.26,107180.5,107289.32,107346.66,107080,1748192400000,5357
25.202215759999998,107220.341,107294.02,107339.7,107359.0,107040,1748193300000,3719
14.12310772,107263.9581,107339.73,107297.44,107360.02,107110,1748194200000,3123
16.204759090000003,107368.6777,107297.44,107412.31,107420.27,107190,1748195100000,2734
39.13365252,107334.1347,107387.1,107300.0,107425.9,107210,1748196000000,3068
44.15795835,107449.6499,107421.21,107573.65,107644.15,107290,1748196900000,3443
19.81058105,107477.4033,107573.65,107433.06,107621.6,107370,1748197800000,2907
16.57029821,107474.2165,107435.94,107449.08,107517.42,107360,1748198700000,2650
19.050629369999996,107495.0003,107441.0,107481.96,107530.66,107370,1748199600000,2550
21.54744806,107596.7536,107481.96,107670.39,107670.39,107400,1748200500000,2776
30.567772379999997,107704.3053,107671.11,107702.37,107752.56,107520,1748201400000,2856
28.356557950000003,107783.1556,107702.38,107745.28,107970.82,107570,1748202300000,3277
24.309858809999998,107648.965,107766.6,107585.35,107792.81,107470,1748203200000,3220
40.13639493,107566.1232,107564.0,107600.1,107649.51,107370,1748204100000,3391
21.015456160000003,107625.9053,107600.2,107733.28,107741.92,107470,1748205000000,2722
22.31774662,107672.3646,107697.6,107701.14,107739.36,107540,1748205900000,2491
28.012932550000002,107787.1093,107680.0,107906.55,107955.54,107550,1748206800000,3717
32.531626509999995,107644.9837,107906.55,107551.8,107907.84,107330,1748207700000,3744
26.69263933,107385.7806,107495.36,107484.51,107551.8,107070,1748208600000,4116
19.080651739999997,107575.1644,107484.51,107495.37,107714.72,107320,1748209500000,2946
284.69416179,108299.1394,107497.78,108386.15,108748.71,107280,1748210400000,13348
218.37586961,108459.0591,108389.96,108384.34,108750.0,108020,1748211300000,8818
83.81155293,108497.5681,108384.33,108670.49,108700.0,108180,1748212200000,5739
153.37247183000002,108959.3978,108641.6,109213.28,109272.99,108380,1748213100000,7767
98.36539057000002,109094.2913,109192.6,108972.81,109371.04,108780,1748214000000,7056
59.79862478999999,108831.814,108970.13,108684.38,109038.17,108450,1748214900000,4784
49.90529273,108827.7777,108684.38,108948.26,109100.0,108470,1748215800000,4548
43.63831361,108935.3769,108948.26,109048.68,109122.84,108760,1748216700000,3745
39.69918868999999,108981.3615,109040.4,108975.11,109108.52,108770,1748217600000,3934
52.77378701,108942.9782,108975.17,108856.79,109148.11,108550,1748218500000,3960
53.453288490000006,109108.0548,108856.79,109229.35,109340.34,108650,1748219400000,4630
110.89444761000001,109378.9055,109229.34,109593.27,109651.21,108990,1748220300000,6035
150.49537153,109606.202,109613.7,109441.93,109840.0,109140,1748221200000,6235
56.13299892999999,109348.4057,109439.14,109367.63,109513.99,109050,1748222100000,4419
58.65534823,109456.6408,109367.63,109700.02,109812.77,109030,1748223000000,4344
160.40931143000003,109707.7964,109700.0,109589.9,109920.0,109340,1748223900000,5650
42.4464432,109616.5576,109602.98,109578.84,109830.19,109370,1748224800000,4322
48.29609469,109601.7902,109582.24,109582.0,109775.8,109380,1748225700000,3730
42.82753280000001,109384.0124,109583.5,109190.0,109600.19,109160,1748226600000,3112
34.593043980000004,109335.7792,109354.9,109442.95,109501.66,109070,1748227500000,3074
28.612714350000005,109329.1842,109434.0,109385.38,109467.75,109160,1748228400000,2799
62.91456409,109518.4685,109383.24,109706.19,109750.0,109130,1748229300000,3849
49.82743746,109684.8241,109706.19,109701.91,109785.06,109420,1748230200000,3464
26.030236040000005,109672.7543,109708.1,109682.34,109836.31,109420,1748231100000,2869
59.604582830000005,109637.4938,109674.9,109584.74,109748.36,109340,1748232000000,3290
26.76777135,109645.9687,109370.0,109707.41,109735.71,109340,1748232900000,2467
20.27986267,109681.0004,109715.02,109694.9,109796.06,109440,1748233800000,2370
67.06531631999998,109685.3581,109694.96,109370.0,109775.16,109340,1748234700000,2627
28.496418479999996,109494.6188,109600.1,109492.27,109668.3,109140,1748235600000,2665
136.64133644,109560.0732,109492.26,109380.0,109666.15,109200,1748236500000,3138
22.23238159,109620.9903,109606.5,109698.97,109738.31,109300,1748237400000,2355
34.07828522,109666.0859,109711.8,109711.8,109731.27,109380,1748238300000,2236
34.99437223000001,109664.3954,109678.17,109370.0,109775.34,109320,1748239200000,3003
31.19216889,109690.5846,109605.03,109775.79,109817.27,109310,1748240100000,2855
23.49681545,109605.8553,109766.6,109602.24,109777.79,109280,1748241000000,2039
134.12056712999998,109903.0974,109602.24,109996.51,110000.21,109380,1748241900000,3847
243.72336167,110023.0325,109976.1,109720.0,110289.59,109720,1748242800000,9127
70.69906037,109907.7008,109900.63,109917.15,110115.13,109610,1748243700000,3803
69.80648213,109971.2057,109917.14,110060.72,110151.23,109650,1748244600000,3410
37.63589673,110029.7784,110060.72,110156.05,110162.51,109880,1748245500000,2976
42.81678263999999,110067.9889,110115.9,109968.78,110258.24,109800,1748246400000,2964
38.043513870000005,109912.0877,109968.77,109870.16,110037.58,109740,1748247300000,2081
41.44054946,109748.6049,109860.6,109779.29,109945.79,109600,1748248200000,2208
36.275265489999995,109683.8363,109779.29,109724.79,109858.57,109550,1748249100000,2127
47.054383640000005,109741.5541,109705.8,109872.55,109879.19,109510,1748250000000,2741
174.64444808999997,109965.74,109872.55,109999.24,110060.72,109760,1748250900000,5027
198.68239320999996,109936.0778,109985.94,109650.0,110030.8,109650,1748251800000,5907
153.56267868999998,109723.8547,109742.04,109732.9,109874.02,109580,1748252700000,2887
43.23932186,109745.4422,109733.0,109788.72,109891.22,109620,1748253600000,2192
19.895366759999995,109804.6535,109788.72,109864.5,109923.96,109660,1748254500000,2160
14.967294899999999,109785.0055,109864.5,109836.6,109896.16,109680,1748255400000,1841
42.90897639999999,109670.7372,109851.49,109695.35,109890.0,109570,1748256300000,2345
18.142479400000003,109642.6974,109693.87,109678.2,109769.9,109490,1748257200000,2254
15.17566017,109646.2682,109703.01,109758.44,109769.0,109540,1748258100000,2006
24.482374529999998,109685.8788,109751.01,109846.3,109888.61,109500,1748259000000,2250
17.71623247,109769.9461,109846.29,109843.01,109880.52,109680,1748259900000,2063
33.565801,109776.3184,109838.57,109762.91,109900.04,109650,1748260800000,2792
25.75582072,109790.6408,109762.91,109792.16,109880.7,109670,1748261700000,2807
24.787634580000006,109790.7325,109792.16,109768.52,109860.56,109690,1748262600000,2544
100.37086848,109916.6831,109768.5,109873.45,110124.99,109640,1748263500000,3853
56.49515271000001,109873.9187,109873.45,109789.67,110034.83,109680,1748264400000,4130
65.66624433,109807.7704,109789.68,109917.52,109972.83,109660,1748265300000,3832
37.43530545,109894.0903,109892.4,109901.22,110042.92,109780,1748266200000,3363
233.73038042,109647.9608,109907.48,109650.55,109910.94,109509,1748267100000,6074
83.82864029000002,109643.6855,109633.7,109766.08,109768.21,109540,1748268000000,4110
75.8364979,109649.8044,109742.5,109750.06,109786.4,109510,1748268900000,4542
78.64384964,109654.677,109750.06,109658.35,109797.29,109530,1748269800000,3777
119.11072828000002,109625.3639,109620.2,109706.39,109792.97,109500,1748270700000,4395
63.276449629999995,109673.9116,109706.4,109695.13,109792.25,109530,1748271600000,3929
61.921205439999994,109831.3007,109695.13,109935.39,109955.21,109600,1748272500000,4186
273.50379894,110190.7987,109935.4,110012.5,110474.41,109860,1748273400000,9950
107.34301785999999,110086.6318,110006.7,110047.43,110289.59,109920,1748274300000,6746
116.18813463,110258.3983,110047.52,110125.01,110467.81,110010,1748275200000,6103
269.37376155,109690.1379,110070.0,109363.85,110134.07,109090,1748276100000,11199
99.67438634,109440.0387,109363.85,109629.3,109670.24,109150,1748277000000,6553
89.74719659,109445.8532,109629.15,109429.17,109694.63,109320,1748277900000,4957
72.15318285,109459.327,109429.16,109499.39,109738.79,109310,1748278800000,4471
46.44888546,109395.2221,109499.38,109409.69,109572.4,109220,1748279700000,3830
104.93411324,109316.3665,109409.7,109241.21,109480.97,109140,1748280600000,4564
97.2348281,109090.3207,109241.21,109100.0,109242.2,108870,1748281500000,6474
50.060667460000005,109194.6665,109100.0,109313.01,109314.01,109020,1748282400000,4256
55.40152196999999,109198.9121,109313.02,109330.92,109365.98,108970,1748283300000,3844
98.45837932,109396.5714,109330.95,109309.16,109510.25,109240,1748284200000,5411
39.139164810000004,109205.5783,109318.03,109130.6,109382.9,109030,1748285100000,3333
52.684617270000004,109028.8618,109105.6,109075.04,109163.62,108870,1748286000000,4133
39.88557085,109115.5109,109077.73,109149.17,109229.6,108970,1748286900000,3990
45.63496545,108998.5345,109149.17,109038.38,109181.1,108830,1748287800000,4100
30.698264560000002,109078.1868,109038.38,109157.59,109207.52,108930,1748288700000,3214
142.91198842,109196.7485,109148.9,109285.22,109331.52,108930,1748289600000,7578
51.63590909999999,109273.2622,109300.0,109300.85,109360.33,109140,1748290500000,3961
76.24787539,109471.9917,109300.86,109487.56,109649.35,109220,1748291400000,4697
44.0653804,109482.9626,109487.57,109623.61,109638.86,109370,1748292300000,3610
21.614278399999996,109464.4097,109571.9,109385.44,109685.33,109320,1748293200000,3569
18.019581800000005,109268.6053,109385.43,109332.79,109402.42,109130,1748294100000,3238
56.89944661,109385.8656,109332.78,109224.93,109541.08,109180,1748295000000,4414
16.514400329999997,109288.0185,109224.92,109382.42,109438.91,109180,1748295900000,2660
50.05930011,109577.7044,109382.42,109709.98,109923.4,109310,1748296800000,4654
39.63334603,109600.9525,109710.0,109527.87,109777.29,109490,1748297700000,3667
20.58709825,109474.5421,109561.0,109439.94,109635.81,109340,1748298600000,3034
37.297615990000004,109276.0034,109439.69,109229.05,109463.38,109180,1748299500000,3084
27.69025101,109281.2795,109229.3,109352.38,109392.14,109070,1748300400000,3476
45.019838820000004,109242.1167,109352.38,109255.96,109380.31,109130,1748301300000,3764
26.36273695,109325.9067,109255.96,109362.75,109412.0,109190,1748302200000,3718
21.269999209999998,109437.9221,109362.74,109464.32,109510.13,109330,1748303100000,2853
52.8817208,109453.5115,109468.6,109540.66,109570.49,109340,1748304000000,4855
53.11001412000001,109518.1543,109540.66,109418.18,109718.96,109310,1748304900000,4585
14.456196589999998,109347.0011,109420.49,109295.21,109430.28,109230,1748305800000,2952
27.76177347,109229.0825,109295.24,109181.09,109355.35,109155,1748306700000,3376
92.93976512,108954.9055,109200.2,108700.0,109200.2,108670,1748307600000,5650
407.85330366,108049.8878,108775.36,108380.2,108783.0,107510,1748308500000,17925
93.23227435,108458.1364,108380.22,108398.31,108673.0,108170,1748309400000,6374
53.042748719999985,108330.9475,108390.8,108427.4,108451.77,108180,1748310300000,5126
37.70152349,108417.5902,108427.39,108390.63,108566.19,108260,1748311200000,4340
45.464107860000006,108473.563,108390.63,108610.59,108641.64,108260,1748312100000,4075
48.201289159999995,108595.483,108616.34,108564.55,108732.81,108400,1748313000000,3800
111.14673689000001,108207.8283,108564.54,108304.35,108577.7,107860,1748313900000,5942
108.30650001999999,108686.4067,108324.0,108967.89,109090.9,108220,1748314800000,6725
101.54791994999998,109071.4833,108967.89,108942.73,109337.16,108890,1748315700000,6241
58.71809829,108986.7307,108933.32,108984.92,109090.82,108880,1748316600000,4124
27.687632779999998,108947.9802,108984.92,108925.85,109031.6,108850,1748317500000,3403
28.402473760000003,108998.295,108925.86,108973.06,109123.22,108830,1748318400000,3093
25.891748640000003,109080.47,108940.0,109087.5,109198.63,108910,1748319300000,2786
27.89774017,109134.6453,109087.51,109133.09,109264.38,108990,1748320200000,3293
57.411570680000004,109141.049,109132.04,108980.74,109382.48,108930,1748321100000,3854
24.44865309,108924.1627,109000.1,108921.32,109000.1,108800,1748322000000,2918
60.43160922,108700.9433,108871.7,108682.92,108934.52,108560,1748322900000,4295
38.80131485,108718.6253,108682.7,108804.64,108860.27,108540,1748323800000,3149
21.92095554,108896.9656,108799.42,108942.34,108999.98,108690,1748324700000,2459
42.2717976,109091.5433,108928.1,109168.44,109262.54,108920,1748325600000,3862
41.47135784,109079.4883,109168.45,109140.45,109221.88,108920,1748326500000,3670
35.13977467,109190.8859,109077.9,109259.82,109300.0,109040,1748327400000,2911
62.90503936999999,109113.551,109259.82,108866.77,109300.0,108800,1748328300000,3192
22.31938341,109026.4488,108897.9,109000.0,109168.63,108800,1748329200000,2538
53.18086647999999,109225.9513,109102.42,109216.55,109330.69,109020,1748330100000,2823
40.46521656,109404.7444,109216.54,109509.27,109545.41,109150,1748331000000,3260
39.057867699999996,109548.0662,109517.66,109480.0,109662.0,109420,1748331900000,3091
51.46800612999999,109714.4701,109480.0,109693.01,109818.2,109480,1748332800000,4086
30.200571800000006,109702.8735,109693.01,109686.55,109793.3,109590,1748333700000,3040
32.80846975,109636.7455,109703.6,109661.89,109752.28,109500,1748334600000,3228
29.230295339999998,109660.1417,109657.81,109742.81,109745.19,109560,1748335500000,2374
38.432170559999996,109749.2884,109648.0,109755.74,109833.34,109648,1748336400000,2768
323.65499785,109590.1666,109755.75,109500.0,109767.24,109480,1748337300000,11012
72.89382053,109580.1754,109576.82,109626.53,109644.0,109465,1748338200000,5239
92.80888985000001,109806.0821,109560.6,109881.16,109950.0,109540,1748339100000,4527
25.514229869999998,109823.3322,109900.0,109740.0,109909.24,109700,1748340000000,2197
37.705665370000006,109826.2262,109846.66,109836.47,109896.0,109690,1748340900000,3191
40.103277229999996,109744.1205,109842.81,109706.89,109852.22,109620,1748341800000,2459
18.24986243,109724.5051,109707.18,109743.42,109783.21,109610,1748342700000,2118
43.58330121,109691.5112,109736.9,109663.6,109819.37,109560,1748343600000,3204
35.5285147,109576.3073,109666.14,109561.29,109694.68,109420,1748344500000,3333
29.5584253,109525.8884,109561.29,109555.87,109601.2,109390,1748345400000,2706
26.883194549999995,109575.168,109555.87,109629.01,109663.87,109430,1748346300000,2632
60.75849636,109711.9842,109630.64,109737.37,109843.96,109490,1748347200000,3598
67.59284436000002,109789.156,109737.36,109854.29,109883.84,109590,1748348100000,4631
46.11922421,109674.4788,109854.29,109529.59,109864.35,109420,1748349000000,3394
28.70425585,109573.5563,109420.0,109648.08,109666.87,109420,1748349900000,2943
310.33799286000004,110202.993,109567.8,110433.05,110661.75,109510,1748350800000,13345
428.78976525,110584.9315,110423.06,110536.64,110829.42,110160,1748351700000,18122
245.64977983,110427.0974,110534.91,110212.16,110807.47,109920,1748352600000,14576
290.85721862,110056.7303,110206.35,109904.86,110400.0,109660,1748353500000,9999
195.99253408000004,110100.247,109867.1,110202.03,110289.93,109770,1748354400000,9108
155.91646802,109930.7064,110193.1,109583.91,110276.73,109480,1748355300000,8574
314.01601675,109205.5728,109588.06,109570.0,109720.1,108610,1748356200000,14680
143.84381893999998,109462.7657,109628.9,109426.54,109708.6,109150,1748357100000,7871
187.77084934,109326.7102,109413.4,109460.0,109598.78,108970,1748358000000,8856
132.21428596,109641.4937,109597.36,109673.0,109789.77,109430,1748358900000,7603
143.75949978000003,109927.5667,109701.33,110054.65,110160.62,109580,1748359800000,8792
225.88015481999997,110185.0987,110054.2,110200.0,110290.03,109910,1748360700000,10411
168.53528262,110210.5533,110197.12,110120.1,110413.17,109890,1748361600000,7777
118.94636649,110269.2497,110202.0,110154.0,110358.52,110070,1748362500000,7063
224.85675525,110407.2094,110153.03,110504.88,110546.0,110020,1748363400000,8893
460.46776474,110242.2393,110505.2,110273.7,110567.26,109957,1748364300000,10792
507.19266474999995,110299.8217,110273.8,110181.41,110531.65,110060,1748365200000,11688
287.93688749000006,110163.5702,110181.41,110175.75,110301.77,109920,1748366100000,8757
138.08501844999998,110213.5879,110175.75,110378.3,110422.96,109980,1748367000000,6519
153.42499597,110361.062,110378.29,110296.06,110442.26,110200,1748367900000,6561
176.16824141,110317.5932,110313.6,110192.92,110488.9,110100,1748368800000,6579
155.37974795000002,110212.9532,110192.93,110114.99,110363.95,110000,1748369700000,6353
126.88895784,110067.003,110115.0,109983.12,110272.27,109810,1748370600000,5821
55.041155710000005,109954.5551,109983.11,109934.45,110041.9,109800,1748371500000,4484
152.02845872,109813.8627,109934.45,109810.98,109934.45,109540,1748372400000,6390
257.75798695,109708.6631,109810.98,109704.09,109810.98,109490,1748373300000,6581
167.03550248999997,109852.7389,109704.09,109965.71,110115.05,109550,1748374200000,6677
145.26487509999998,109915.3743,109830.0,109938.56,110061.78,109760,1748375100000,7815
109.44447116999997,109819.7478,109940.2,109810.99,109960.87,109737,1748376000000,6078
81.14372507999998,109876.1024,109810.99,109874.9,109953.77,109780,1748376900000,5646
107.87705167,109813.1037,109853.2,109756.27,109968.4,109711,1748377800000,5475
162.18262164,109701.309,109756.26,109596.88,109790.39,109590,1748378700000,5125
117.12585304000002,109583.9894,109655.3,109738.24,109738.24,109430,1748379600000,4844
175.89095292000002,109274.1555,109735.5,109094.98,109738.24,109010,1748380500000,6388
65.02623687,109070.2111,109010.0,108960.7,109311.65,108880,1748381400000,5269
89.22137984,108991.0723,108960.71,108978.63,109165.39,108810,1748382300000,4859
71.66771614000001,109025.1485,108960.2,108857.02,109219.98,108710,1748383200000,6168
81.82411302,108780.0071,108857.01,108951.84,108985.35,108600,1748384100000,5510
92.32143007,109029.076,108968.2,109101.19,109140.0,108830,1748385000000,5122
25.9248892,109035.125,109101.17,109065.44,109166.25,108860,1748385900000,3866
29.17888774,109099.2241,109067.0,109111.71,109187.53,108950,1748386800000,3980
102.36342633000001,109086.4515,109111.7,108970.58,109203.2,108870,1748387700000,5190
45.640754699999995,109067.4824,108970.57,109100.16,109200.0,108860,1748388600000,4042
52.94253327,109045.4996,109100.16,109004.9,109160.65,108840,1748389500000,4186
52.23828106,108857.707,109004.9,108753.23,109004.9,108610,1748390400000,4371
72.72431344,108909.7561,108753.23,109085.52,109095.95,108610,1748391300000,4669
72.45823501,108946.4957,109085.52,109064.79,109115.0,108840,1748392200000,4321
90.66066834,109038.447,108974.0,109255.2,109306.86,108810,1748393100000,5255
61.79343929,109080.1771,109255.2,108973.1,109344.89,108840,1748394000000,4584
71.78268697,108931.3114,109008.93,108918.7,109031.75,108750,1748394900000,4136
70.40278359,108901.6512,108931.33,108868.92,109025.7,108710,1748395800000,4513
75.54983062,108855.6622,108810.0,108727.2,109008.28,108600,1748396700000,4429
53.12918433,108758.6309,108728.62,108721.36,108887.24,108600,1748397600000,4789
99.13622693,108610.0249,108721.36,108400.0,108804.06,108340,1748398500000,5738
50.814056400000005,108725.3761,108528.06,108855.21,108929.91,108390,1748399400000,5084
38.46402709,108770.1725,108852.0,108667.28,108907.51,108580,1748400300000,3712
47.04725553,108714.2001,108736.1,108760.0,108887.24,108490,1748401200000,3744
29.627526609999997,108788.9147,108887.24,108767.87,108923.4,108600,1748402100000,3538
81.20649387000003,108803.2352,108767.88,108897.35,108925.49,108620,1748403000000,3531
52.90197367,108874.0537,108750.0,108770.0,109024.34,108740,1748403900000,3368
28.141753909999995,108835.0422,108940.1,108834.03,108941.61,108630,1748404800000,2682
38.02120344,108756.7157,108680.0,108713.77,108903.57,108500,1748405700000,3039
47.541584740000005,108941.4848,108713.78,109037.45,109117.18,108550,1748406600000,3607
63.1725174,109027.6664,109041.39,109032.6,109121.37,108810,1748407500000,3995
32.686100540000005,108914.6393,109012.1,108750.0,109030.21,108710,1748408400000,2710
40.37581015,108939.1744,108750.0,108993.6,109021.54,108700,1748409300000,2924
35.02051493,109021.4311,108993.7,108993.84,109126.89,108710,1748410200000,2966
45.54395765999999,109036.6553,108986.7,109042.11,109148.0,108760,1748411100000,2823
54.89104551,108819.5448,109066.8,108691.04,109066.8,108550,1748412000000,3635
67.33235535,108794.9618,108691.03,108855.52,108880.22,108550,1748412900000,4619
52.43357179000001,108756.64,108813.1,108796.23,108855.53,108500,1748413800000,3189
39.88220933,108792.5703,108795.99,108772.07,108880.14,108590,1748414700000,2332
32.441707019999996,108885.2997,108791.1,108950.1,109048.47,108580,1748415600000,2703
34.52131905,108934.0302,108958.72,108927.91,109039.09,108760,1748416500000,2432
17.46149757,108926.6033,108928.25,109014.1,109024.41,108780,1748417400000,2014
21.733194689999998,108941.5174,109014.09,108869.58,109064.15,108700,1748418300000,2294
37.126283310000005,108879.9557,108873.7,108797.07,108998.44,108620,1748419200000,2842
36.7476149,108828.2098,108800.1,108957.34,108968.01,108630,1748420100000,1983
82.78469649000002,108944.8327,108942.6,109139.28,109171.25,108540,1748421000000,5420
65.32691111,109085.2104,109139.28,109093.07,109189.68,108850,1748421900000,4235
28.63964256,108942.2873,109075.3,108821.75,109137.96,108700,1748422800000,2595
47.809938330000016,108718.8566,108826.39,108700.0,108881.15,108500,1748423700000,3730
60.65126191999999,108713.9593,108650.4,108850.0,108891.2,108450,1748424600000,4657
33.77183056,108809.5058,108844.29,108710.0,108901.27,108610,1748425500000,2955
71.68902241,108578.2974,108856.52,108561.8,108866.22,108380,1748426400000,4841
80.81958752999999,108495.221,108609.55,108692.49,108715.61,108230,1748427300000,5292
72.40189627000001,108738.8776,108692.48,108660.0,108837.4,108510,1748428200000,5131
57.391907630000006,108900.7054,108799.86,108872.26,108999.99,108660,1748429100000,3717
28.94136187,108923.3223,108911.8,108910.75,109004.86,108740,1748430000000,3000
59.89182795000001,108804.8068,108908.82,108796.4,108981.03,108690,1748430900000,2984
25.820179610000004,108813.7384,108796.39,108859.51,108904.45,108690,1748431800000,3023
26.70182003,108888.9571,108835.9,108916.32,108993.4,108710,1748432700000,3017
34.81801058,108912.9458,108916.6,108919.42,109000.0,108800,1748433600000,3771
47.03153746,109024.057,108919.41,109066.37,109098.99,108810,1748434500000,4467
27.460573670000002,109040.7564,109066.37,109070.85,109099.0,108900,1748435400000,3334
45.09825218,108917.2854,109070.86,108945.4,109077.85,108720,1748436300000,3571
44.09658587999999,108898.5383,108905.1,108888.23,108972.76,108690,1748437200000,3799
116.09087268999998,108781.0733,108888.23,108771.57,108978.86,108630,1748438100000,5734
285.76776906,108714.0687,108771.56,108533.7,109061.0,108434,1748439000000,12007
337.84215685000004,108303.57,108553.03,108101.34,108553.33,107980,1748439900000,17199
214.03247714999998,108064.5274,108093.69,107927.35,108301.38,107760,1748440800000,12652
223.18258413999996,107839.9177,107927.36,107999.59,108039.85,107610,1748441700000,12013
297.07973017,107687.0263,107999.59,107630.99,107999.59,107530,1748442600000,14481
187.66485342000001,107667.8291,107625.97,107558.19,107882.87,107450,1748443500000,11381
215.59511919000002,107436.2717,107570.1,107151.51,107722.72,107130,1748444400000,10572
144.38473091,107323.7509,107163.88,107329.34,107496.72,107140,1748445300000,8547
94.75479981,107397.1988,107329.34,107449.25,107527.19,107220,1748446200000,6071
182.56300838999996,107239.1925,107449.25,107149.25,107485.3,107020,1748447100000,6844
129.67094272,107288.1046,107140.8,107323.53,107403.47,107050,1748448000000,6884
116.36090025000001,107409.4356,107306.4,107439.46,107482.48,107230,1748448900000,6942
87.56640514,107293.5458,107439.46,107247.76,107460.9,107200,1748449800000,5838
77.77879024,107348.4396,107247.76,107447.84,107447.84,107200,1748450700000,5706
135.94190576,107689.5173,107422.0,107678.93,107826.76,107360,1748451600000,7180
67.01286275,107725.22,107678.87,107637.92,107884.52,107470,1748452500000,5701
97.11922928999999,107469.8495,107637.92,107487.1,107654.74,107310,1748453400000,5109
39.52333998,107607.9451,107489.1,107709.74,107745.83,107380,1748454300000,4688
58.80123844,107754.2309,107725.7,107872.45,107886.06,107500,1748455200000,5142
66.38976849,107727.5267,107867.02,107542.73,107897.04,107460,1748456100000,5365
95.77275143,107613.4817,107551.8,107745.04,107747.28,107450,1748457000000,4755
99.60400621000001,107601.9667,107745.03,107507.64,107819.45,107290,1748457900000,6408
86.33354127000001,107688.9118,107505.64,107701.29,107830.53,107370,1748458800000,5549
92.88337547,107604.5306,107753.8,107527.61,107753.8,107430,1748459700000,5507
196.64754038,107307.4775,107527.6,107147.7,107547.88,107060,1748460600000,6614
224.27922803,107096.4774,107139.37,106956.19,107265.99,106850,1748461500000,9506
150.88538458000002,106953.473,106956.94,107061.07,107105.48,106750,1748462400000,8774
134.88727861,107112.4348,107058.8,107192.53,107277.43,106860,1748463300000,7853
73.38643678,107325.5569,107192.53,107376.7,107438.21,107050,1748464200000,5182
159.62719440000004,107310.7093,107376.69,107344.6,107436.67,107150,1748465100000,7744
93.93478937999998,107260.9188,107349.7,107283.5,107368.04,107140,1748466000000,6263
64.4887319,107410.3355,107361.08,107391.92,107462.01,107270,1748466900000,4449
101.90526931,107435.1261,107391.92,107505.89,107519.77,107320,1748467800000,6880
82.19252587999999,107497.9762,107467.5,107535.1,107591.56,107350,1748468700000,4091
81.97785667999999,107413.279,107535.1,107347.38,107535.1,107160,1748469600000,5234
33.921776969999996,107304.1722,107347.37,107277.73,107359.33,107200,1748470500000,3520
56.25017192,107311.2183,107272.1,107359.68,107385.9,107140,1748471400000,4826
64.05852021,107432.3051,107359.68,107431.34,107505.66,107180,1748472300000,4963
109.02521897,107720.4222,107450.8,107916.19,107959.54,107400,1748473200000,7046
138.43119989999997,107953.2993,107911.01,107991.27,108063.77,107780,1748474100000,7501
95.86168204999998,108013.3552,107991.27,107959.77,108097.87,107880,1748475000000,6423
67.27535710999999,107855.6281,107970.0,107811.7,107970.48,107737,1748475900000,5067
114.42045059,107591.7791,107811.7,107573.47,107855.06,107410,1748476800000,5853
48.86814597,107812.1743,107573.48,108040.22,108064.75,107510,1748477700000,5120
58.86453331999999,107885.3201,108040.22,107829.13,108058.42,107800,1748478600000,5089
113.81542017,108059.1953,107829.12,108306.97,108330.86,107810,1748479500000,5639
125.85447942,108087.8804,108260.0,108058.57,108327.75,107950,1748480400000,5507
27.319186479999995,107989.236,108057.61,107928.6,108110.64,107890,1748481300000,4186
80.08635787,107952.9229,107960.51,108089.04,108194.65,107810,1748482200000,5436
96.96436299,108178.2171,108089.04,108202.33,108382.71,107900,1748483100000,5786
40.43993931000001,108127.7966,108184.1,108045.0,108202.34,108010,1748484000000,2999
52.14801486,108097.5181,108045.0,108129.2,108290.28,107950,1748484900000,3896
51.958516540000005,108153.1341,108128.87,108169.49,108257.65,108030,1748485800000,4830
96.54295331000002,108429.7812,108169.49,108449.8,108552.82,108100,1748486700000,5494
97.43096464000001,108334.1434,108449.9,108247.31,108479.77,108170,1748487600000,4462
44.03179974,108239.7199,108243.19,108213.27,108339.78,108178,1748488500000,3848
29.161691059999995,108121.2061,108213.54,108084.58,108273.26,107980,1748489400000,3645
21.479142690000003,108084.9796,108084.58,108092.72,108173.88,108010,1748490300000,3102
31.579732179999993,108038.1462,108073.0,107959.43,108158.55,107890,1748491200000,3198
29.07474428,107856.2379,107959.42,107910.2,107975.0,107710,1748492100000,3817
68.92347683,107575.3597,107910.18,107441.2,107939.51,107350,1748493000000,5529
134.22550868000002,107393.4281,107442.05,107608.76,107680.85,106960,1748493900000,10179
35.575400259999995,107627.7084,107617.1,107617.58,107730.14,107490,1748494800000,4121
33.95701513,107665.3326,107617.57,107665.86,107724.29,107590,1748495700000,3399
18.193827629999998,107703.2144,107657.7,107768.96,107771.99,107635,1748496600000,2280
23.40158192,107727.0994,107738.0,107721.78,107815.28,107640,1748497500000,2326
17.36773245,107748.9069,107697.4,107799.33,107830.34,107680,1748498400000,2283
22.77943629,107911.5555,107799.34,107975.49,107990.14,107753,1748499300000,2431
16.398117980000002,107952.5762,107919.1,107915.09,108000.0,107880,1748500200000,1983
14.27010901,107889.7929,107910.97,107920.0,107954.83,107790,1748501100000,2065
14.66507546,107883.2552,107920.0,108053.15,108056.14,107780,1748502000000,2338
15.71599921,108016.7011,108053.14,108024.85,108066.45,107952,1748502900000,2224
17.760999520000002,107938.5139,108024.85,107887.47,108043.19,107844,1748503800000,2634
25.53404278,107892.4557,107886.33,107925.69,107950.72,107840,1748504700000,3172
27.48515298999999,107870.7391,107925.7,107986.81,107998.05,107719,1748505600000,3088
86.59895576000001,108183.6417,107986.81,108225.71,108287.54,107950,1748506500000,4747
50.12001853,108280.9083,108208.8,108256.08,108369.54,108130,1748507400000,3231
76.76203493,108452.5088,108262.35,108503.3,108600.0,108230,1748508300000,4257
74.36142707,108492.1602,108526.55,108558.27,108676.83,108310,1748509200000,3836
36.167824180000004,108540.4904,108571.5,108492.22,108630.52,108390,1748510100000,3242
28.227812949999997,108474.2054,108483.97,108440.9,108560.84,108340,1748511000000,3216
30.270946020000004,108548.008,108440.89,108559.79,108638.88,108340,1748511900000,2747
36.63031804999999,108534.7126,108607.0,108504.91,108607.0,108400,1748512800000,3237
31.757963790000005,108560.3368,108504.93,108467.19,108632.24,108430,1748513700000,3195
28.397633460000005,108540.3809,108467.19,108568.3,108618.69,108410,1748514600000,2862
85.66951655999998,108767.8949,108568.3,108790.67,108943.35,108480,1748515500000,4879
41.97695245999999,108834.2565,108790.67,108931.59,108936.03,108769,1748516400000,3212
36.55315716999999,108880.8322,108931.58,108815.87,108938.85,108780,1748517300000,2323
111.74178543000001,108829.7356,108815.87,108771.99,108910.61,108750,1748518200000,3256
58.95352313000001,108783.5054,108767.1,108720.0,108890.74,108640,1748519100000,2317
105.42332168,108693.6126,108800.0,108666.89,108831.43,108550,1748520000000,4847
39.367803460000005,108649.0191,108666.89,108733.4,108790.01,108540,1748520900000,2900
72.29643902000001,108555.4138,108722.01,108480.2,108848.48,108400,1748521800000,4485
40.99797304000001,108510.624,108430.0,108460.97,108631.87,108406,1748522700000,4475
51.25182507999999,108494.0564,108480.3,108489.75,108632.16,108392,1748523600000,4086
131.38722313,108339.9547,108491.49,108326.37,108506.61,108211,1748524500000,7024
396.30685567000006,108042.6393,108326.37,107621.54,108388.04,107589,1748525400000,13097
214.73913245999998,107700.4182,107620.86,107644.98,107928.88,107459,1748526300000,11454
286.90267988,107469.8764,107644.97,107430.23,107812.35,107243,1748527200000,11895
298.91166351000004,107139.7156,107354.2,107073.67,107445.96,106950,1748528100000,13125
753.26793385,106863.4197,107073.65,107216.71,107270.0,106473,1748529000000,18769
271.65242129,107530.7428,107226.1,107642.47,107859.49,107117,1748529900000,12458
267.52651443,107625.7326,107642.48,107515.98,107770.0,107496,1748530800000,8368
131.39745463000003,107516.5176,107515.99,107525.0,107607.69,107406,1748531700000,5850
152.75763601,107411.788,107525.1,107303.65,107623.9,107225,1748532600000,6469
262.1472110799999,107144.1928,107303.64,107034.16,107351.5,106945,1748533500000,8919
262.8845491899999,106938.5566,107034.17,106944.95,107200.46,106641,1748534400000,9982
200.74605950999998,106916.1873,106941.13,106875.53,107156.62,106749,1748535300000,8303
116.74242707,106853.3235,106908.9,106896.5,107000.0,106750,1748536200000,7790
137.95382812,106901.1986,106896.49,106760.0,107083.62,106585,1748537100000,8093
131.01018362,106697.4682,106760.0,106701.08,106830.18,106585,1748538000000,8485
203.92334878,106705.9827,106701.08,106661.5,106897.0,106550,1748538900000,11264
331.74726946999994,106485.1688,106598.4,106152.0,106814.39,106101,1748539800000,14522
315.65969254,106438.5123,106148.93,106351.3,106748.95,106100,1748540700000,13982
388.42580124000006,106445.8309,106303.76,106486.09,106594.68,106151,1748541600000,11688
244.23338581,106447.7081,106487.69,106361.4,106612.55,106274,1748542500000,8168
96.21637142,106438.0126,106361.4,106224.19,106628.54,106199,1748543400000,6741
346.47967578,106058.8983,106222.45,105828.57,106347.57,105800,1748544300000,12937
420.13807332,105925.0886,105828.57,105692.36,106070.27,105600,1748545200000,12505
407.05202604,105809.6128,105694.62,105973.02,106009.05,105640,1748546100000,9861
290.20655605,105927.4284,105973.01,105792.04,106116.37,105690,1748547000000,8101
323.93745377999994,105802.0085,105792.04,105744.47,105932.0,105650,1748547900000,11063
111.8316899,105994.3509,105740.1,105950.1,106200.0,105730,1748548800000,7455
88.85339483,106149.212,105919.85,106167.8,106225.85,105919,1748549700000,7277
85.87955516,106151.2002,106150.56,105952.17,106226.03,105940,1748550600000,5390
65.16588741999999,106082.1311,105961.68,106181.4,106200.09,105900,1748551500000,5911
78.75403199000002,106292.5711,106180.0,106317.4,106356.22,106180,1748552400000,5161
56.00642414000001,106321.8484,106348.98,106164.49,106451.89,106093,1748553300000,5467
56.1195436,106272.3838,106159.01,106335.25,106360.0,106151,1748554200000,5098
66.02037456000001,106376.6621,106335.25,106456.36,106487.8,106282,1748555100000,3779
97.84503665999999,106380.7092,106463.1,106309.0,106474.92,106274,1748556000000,5751
37.23440573,106255.7205,106308.4,106202.32,106370.03,106147,1748556900000,3915
57.25617647000001,106132.8639,106191.5,106081.95,106233.54,106025,1748557800000,4256
63.662545640000005,106029.8124,106082.92,105910.0,106191.67,105906,1748558700000,5326
91.24605309,105993.1004,105974.5,105976.97,106094.0,105911,1748559600000,6902
80.66045026,105784.5429,105976.98,105758.31,105995.16,105654,1748560500000,6032
94.11769339,105811.0373,105752.82,105756.98,105912.97,105660,1748561400000,5440
189.17924231,105508.7543,105756.98,105590.0,105830.95,105300,1748562300000,9696
97.59988222999999,105745.1127,105632.5,105926.0,105997.89,105560,1748563200000,6080
73.13825027,106035.0346,105930.48,106069.03,106217.93,105928,1748564100000,5598
57.43162217000001,105901.0159,106069.0,105869.0,106084.8,105760,1748565000000,5270
323.58165103,105071.3907,105819.47,104880.0,105869.1,104604,1748565900000,15417
170.16767017000004,105239.8344,104913.56,105525.09,105543.59,104890,1748566800000,11018
107.61284682,105557.5511,105520.14,105742.75,105773.0,105340,1748567700000,8339
51.379595450000004,105770.1071,105742.75,105872.0,105900.82,105585,1748568600000,5546
42.51947272,105736.2687,105883.45,105679.95,105946.47,105588,1748569500000,4570
69.58399304,105864.8302,105674.91,105955.69,106050.0,105630,1748570400000,6088
43.74611145999999,106019.5902,105954.57,105990.14,106125.01,105860,1748571300000,4049
53.94495364,106068.3203,105990.14,106172.31,106189.47,105910,1748572200000,5072
60.88872551,106057.4043,106171.35,106025.37,106183.22,105930,1748573100000,4400
103.55797624000002,106001.3074,106036.6,106036.5,106099.57,105930,1748574000000,5957
29.52293726,106105.4596,106034.76,106177.07,106185.39,106023,1748574900000,3344
27.82635919,106165.6173,106177.07,106130.35,106221.01,106110,1748575800000,3308
29.261506279999995,106063.8746,106130.35,106051.67,106184.63,105920,1748576700000,3193
85.39404486999999,105999.0457,106030.0,105984.5,106118.07,105920,1748577600000,5366
121.71517833,105994.7688,105984.63,106018.65,106088.15,105910,1748578500000,5838
55.25477989,105964.1536,106018.66,106028.02,106045.61,105880,1748579400000,3244
24.189931550000004,106094.907,106028.02,106138.79,106176.96,105960,1748580300000,2405
35.595149129999996,106175.4466,106138.78,106125.1,106234.0,106080,1748581200000,2576
40.8758516,106142.6056,106125.1,106200.0,106242.24,106065,1748582100000,2373
37.65264112999999,106303.5947,106200.0,106326.8,106377.66,106120,1748583000000,2787
32.76227185,106169.8583,106326.9,106121.13,106326.9,106010,1748583900000,2606
18.82204821,106109.1504,106129.2,106110.57,106183.66,106010,1748584800000,2585
34.63349809,106031.7886,106111.45,105983.38,106137.7,105920,1748585700000,2767
27.43279807,105924.9362,105972.5,105861.19,106057.69,105790,1748586600000,2887
69.69745214000001,105715.7078,105861.18,105742.72,105876.0,105530,1748587500000,4646
68.58213038,105698.0815,105742.2,105571.4,105895.17,105450,1748588400000,4209
78.26526541,105691.2635,105571.41,105662.96,105891.58,105520,1748589300000,4005
126.92222071000002,105269.5253,105662.94,105112.35,105673.5,105030,1748590200000,6189
228.42254827,104991.7049,105107.35,105096.62,105120.0,104730,1748591100000,8720
124.21035165,105100.2885,105087.27,105011.61,105302.73,104860,1748592000000,5542
45.95951529999999,105053.4688,105011.62,105267.95,105271.11,104904,1748592900000,3853
64.33014246,105257.9628,105228.4,105303.91,105389.78,105090,1748593800000,3767
86.59522867,105301.5179,105303.92,105197.6,105408.67,105190,1748594700000,2347
24.925482199999998,105232.8641,105197.6,105158.31,105371.11,105100,1748595600000,3122
29.670737199999998,105289.8199,105158.31,105290.2,105392.6,105090,1748596500000,3078
74.39149136,104902.1785,105293.5,105088.44,105334.59,104550,1748597400000,5925
97.54285137999999,105371.6433,105086.21,105665.73,105696.27,105000,1748598300000,6702
81.25454584,105543.7869,105613.2,105374.6,105790.07,105350,1748599200000,5820
38.79544537999999,105578.6284,105356.17,105715.75,105738.22,105320,1748600100000,4541
23.692164520000002,105746.2052,105662.1,105824.18,105850.1,105640,1748601000000,3881
43.120405909999995,105900.5028,105824.84,105959.86,105973.38,105775,1748601900000,3864
36.275708970000004,105921.4184,105945.3,105900.1,106019.0,105831,1748602800000,4440
39.27757546,105829.3584,105845.01,105799.4,105979.76,105710,1748603700000,4506
39.69619073,105867.7674,105799.41,105817.86,105970.67,105770,1748604600000,4688
51.879900649999996,105850.3307,105817.86,105940.0,105994.85,105711,1748605500000,4871
124.07124322,105526.6935,105903.5,105366.8,106000.0,105170,1748606400000,7946
62.71119685,105458.2193,105365.15,105597.28,105601.64,105270,1748607300000,6190
86.92864409,105808.6993,105512.5,105950.5,106031.78,105490,1748608200000,6674
83.1080823,105893.5639,105950.5,105704.71,106028.46,105650,1748609100000,5552
92.92934066000001,105783.7556,105733.6,105652.78,105938.4,105610,1748610000000,5716
111.45812623999998,105555.9139,105652.78,105661.0,105713.41,105386,1748610900000,6320
138.68116689000001,105658.9076,105661.01,105811.3,105889.13,105430,1748611800000,9688
121.12042405,105704.1096,105863.32,105508.26,106017.76,105475,1748612700000,9099
111.03576810999999,105669.6018,105508.26,105585.2,105877.65,105480,1748613600000,9957
202.73449418999996,105312.4651,105585.2,105160.0,105736.62,105052,1748614500000,10373
72.48471588,105456.3787,105227.53,105467.99,105677.53,105154,1748615400000,7706
84.93950575999999,105388.5969,105467.98,105347.72,105557.3,105218,1748616300000,7434
74.71046807999998,105522.2273,105409.0,105610.85,105659.74,105314,1748617200000,7333
106.63650747,105658.2296,105610.84,105761.62,105842.28,105420,1748618100000,7036
142.55009499,105687.1956,105761.61,105724.85,105862.49,105483,1748619000000,7587
80.58094141000001,105663.5958,105724.84,105558.64,105792.63,105532,1748619900000,6682
190.2699754,105434.767,105557.9,105344.96,105579.93,105284,1748620800000,10814
198.87898289999998,105025.5101,105344.51,104710.21,105360.82,104630,1748621700000,11891
694.58364935,104328.6272,104707.87,104402.71,104732.1,104000,1748622600000,26970
715.07241328,103924.2551,104402.68,103901.99,104409.68,103460,1748623500000,23067
317.76618524,104070.5731,103900.8,104071.13,104251.0,103800,1748624400000,14304
197.67511734999997,104048.871,104117.5,103999.89,104236.1,103910,1748625300000,11242
119.43483316,104057.9878,103999.88,104088.39,104224.67,103900,1748626200000,7942
97.59462758,104161.7682,104097.16,104187.47,104313.63,104034,1748627100000,6261
89.82829796,104266.5263,104189.8,104304.41,104473.25,104070,1748628000000,7043
142.02648215999997,104631.1992,104304.39,104743.14,104820.0,104280,1748628900000,8117
112.67453958999998,104690.4302,104743.13,104698.87,104826.77,104580,1748629800000,6745
114.27281518000001,104813.0134,104698.87,104919.06,104934.47,104673,1748630700000,6179
83.19948885,104870.8771,104915.88,104823.26,105008.96,104650,1748631600000,6514
94.62279552,104860.0519,104823.25,104826.41,104999.99,104722,1748632500000,6152
197.58382502999999,104641.1184,104826.4,104622.3,104826.4,104490,1748633400000,6565
228.58792384999998,104620.6899,104634.3,104651.99,104791.0,104450,1748634300000,8546
110.77779579999999,104518.7433,104647.14,104473.36,104672.53,104380,1748635200000,5670
73.39041666,104522.4508,104473.36,104469.99,104657.2,104430,1748636100000,4453
42.61722129999999,104561.4882,104469.99,104740.73,104748.92,104394,1748637000000,4224
101.75774213,104657.3177,104740.73,104604.76,104866.87,104520,1748637900000,5284
50.371324539999996,104717.6147,104581.1,104794.17,104813.04,104581,1748638800000,4810
36.249503510000004,104865.4698,104794.17,104840.6,104918.57,104760,1748639700000,4337
60.93715247,104730.841,104840.6,104620.0,104910.59,104550,1748640600000,4974
28.577521239999996,104674.4328,104657.81,104657.58,104751.0,104580,1748641500000,3863
31.315680490000002,104636.5416,104657.57,104662.85,104725.34,104480,1748642400000,4675
60.27909490000001,104617.8474,104662.86,104501.66,104846.81,104480,1748643300000,4955
52.54064004999999,104336.1539,104567.9,104027.72,104567.9,104010,1748644200000,5518
57.373148799999996,104141.7558,104065.9,104017.77,104347.15,104010,1748645100000,5563
103.9352591,104012.8625,104017.76,104075.78,104305.72,103756,1748646000000,6765
134.198294,103931.9211,104075.78,103886.4,104260.06,103641,1748646900000,8300
89.76540894,103823.8615,103886.4,103850.63,103966.0,103634,1748647800000,6809
47.924396800000004,104031.905,103850.62,104033.26,104196.84,103814,1748648700000,5552
32.18411398999999,104111.4439,104033.0,103990.0,104239.38,103964,1748649600000,5538
90.84333946999999,103781.4158,104018.59,103840.66,104069.57,103523,1748650500000,6925
44.698744399999995,104103.194,103840.66,104211.83,104298.4,103793,1748651400000,5337
28.468235819999997,104134.7937,104209.03,104000.0,104334.23,103948,1748652300000,4551
54.37867156000001,103942.0655,104000.0,104094.46,104142.11,103774,1748653200000,6069
31.752397460000005,104041.9491,104094.46,103899.73,104245.15,103817,1748654100000,5116
90.07644663999999,103736.8356,103895.42,103860.12,104024.62,103454,1748655000000,7870
85.26581648000001,103527.2244,103859.08,103520.09,103859.08,103312,1748655900000,7724
58.92303036999999,103557.8848,103512.64,103763.84,103775.45,103312,1748656800000,6289
30.22207186,103826.8152,103763.83,103719.45,103899.99,103698,1748657700000,4501
32.83361461,103580.1443,103719.84,103567.34,103723.46,103409,1748658600000,4691
107.86613747,103344.9384,103578.97,103212.5,103629.14,103146,1748659500000,6346
52.42623316999999,103240.799,103212.6,103288.5,103406.34,103110,1748660400000,5471
57.90703279,103398.1343,103284.08,103515.33,103525.99,103110,1748661300000,4805
34.32647366,103473.9803,103511.9,103581.74,103604.21,103300,1748662200000,4174
35.187241889999996,103651.4943,103581.74,103719.33,103733.57,103501,1748663100000,3725
20.452103000000005,103623.824,103702.6,103668.13,103719.34,103560,1748664000000,3764
36.63520412,103713.5485,103663.57,103818.33,103852.32,103520,1748664900000,3956
17.849778779999998,103801.6303,103818.32,103789.14,103837.27,103760,1748665800000,3045
15.21481658,103826.9176,103789.13,103854.66,103866.69,103775,1748666700000,2721
21.09655859,103830.019,103791.5,103767.4,103963.11,103740,1748667600000,3197
26.19295531,103711.8248,103767.4,103693.7,103819.84,103638,1748668500000,2955
17.21949294,103724.0506,103693.7,103741.48,103784.81,103661,1748669400000,2396
10.4097589,103657.5068,103730.0,103575.42,103770.0,103550,1748670300000,1993
19.66776863,103601.5596,103569.1,103661.42,103693.44,103552,1748671200000,2543
8.405573490000002,103703.5883,103661.42,103734.65,103751.66,103600,1748672100000,1906
21.507333350000003,103846.2135,103728.2,103935.93,103953.37,103695,1748673000000,2263
11.244604270000002,103905.4393,103935.93,103897.9,103947.73,103860,1748673900000,1807
13.84799743,103848.6837,103887.7,103741.6,103897.92,103738,1748674800000,1895
16.623301100000003,103725.24,103800.0,103731.55,103800.0,103667,1748675700000,1920
8.83697391,103794.4512,103731.55,103762.07,103833.72,103724,1748676600000,1878
28.546393090000002,103768.9037,103762.07,103780.0,103887.71,103708,1748677500000,1901
25.794289280000008,103795.7708,103814.4,103647.08,103869.25,103642,1748678400000,2912
16.260165860000004,103684.2408,103647.32,103747.06,103786.5,103550,1748679300000,2464
17.20230642,103672.1278,103695.4,103611.2,103799.05,103574,1748680200000,1968
18.84945074,103751.5574,103611.2,103702.34,103817.93,103590,1748681100000,2242
14.51204021,103731.6784,103750.0,103720.0,103784.77,103673,1748682000000,1878
27.05277117,103631.997,103712.58,103543.4,103763.29,103527,1748682900000,2150
9.633978870000002,103569.7508,103543.39,103561.12,103606.1,103520,1748683800000,1737
14.372287589999997,103584.0055,103561.06,103580.7,103629.97,103520,1748684700000,2126
56.233568999999996,103473.6598,103575.0,103514.74,103652.61,103360,1748685600000,3397
25.52446504,103545.5802,103514.76,103445.16,103653.14,103410,1748686500000,2713
20.85393156,103393.2898,103445.15,103378.83,103488.03,103340,1748687400000,2389
26.01977368,103397.8962,103378.84,103456.27,103463.96,103313,1748688300000,2229
22.567100429999996,103407.4243,103400.0,103391.22,103469.58,103344,1748689200000,2376
18.77961955,103503.3865,103391.22,103528.09,103577.38,103367,1748690100000,2588
19.701674939999997,103510.9413,103528.09,103566.68,103567.77,103468,1748691000000,2360
13.86043438,103531.1651,103566.68,103546.34,103566.68,103490,1748691900000,2476
62.17716128,103784.8809,103525.1,103901.4,103988.0,103510,1748692800000,4650
26.81779076,103891.1483,103910.0,103839.01,103979.0,103820,1748693700000,3424
21.068184730000002,103864.947,103839.01,103928.08,103962.19,103785,1748694600000,2905
27.02639383,104006.3709,103928.09,104088.21,104088.21,103899,1748695500000,3258
33.02764227,104175.5216,104088.21,104170.95,104250.73,104029,1748696400000,4249
48.55480310000001,104167.5674,104170.95,104153.49,104258.47,104045,1748697300000,3911
26.036212900000002,104194.3256,104155.6,104146.14,104264.08,104114,1748698200000,3296
25.28322624,104119.1765,104146.16,104177.49,104185.1,104040,1748699100000,3174
55.14215007999999,104343.6299,104151.2,104464.29,104486.56,104120,1748700000000,4967
65.46725316,104450.1478,104434.0,104351.89,104543.76,104326,1748700900000,4690
32.116737719999996,104419.5336,104351.89,104490.59,104503.62,104346,1748701800000,3321
46.083562289999996,104511.7517,104475.7,104630.07,104644.9,104414,1748702700000,3839
61.20407941,104612.1192,104624.23,104649.29,104724.0,104490,1748703600000,4157
50.81130917,104746.4821,104649.83,104829.93,104840.69,104590,1748704500000,4500
106.64057082000001,104774.9625,104809.7,104591.4,104921.43,104540,1748705400000,4637
62.57293452000001,104579.4226,104587.59,104609.23,104721.88,104472,1748706300000,4750
45.21736928,104655.8106,104601.3,104670.95,104779.97,104440,1748707200000,4388
36.801159150000004,104759.5799,104670.95,104741.15,104800.0,104656,1748708100000,4219
47.50160775999999,104731.8314,104741.14,104512.98,104850.0,104490,1748709000000,4513
21.87073519,104536.4694,104518.12,104553.51,104618.16,104467,1748709900000,3811
24.746298709999998,104500.7501,104537.9,104615.21,104615.21,104420,1748710800000,3543
19.3229945,104595.6336,104610.86,104538.31,104691.77,104490,1748711700000,3757
17.48058156,104524.0614,104538.22,104518.21,104580.1,104440,1748712600000,3197
42.75383896,104431.5785,104518.18,104391.5,104537.56,104300,1748713500000,3886
17.41487739,104545.911,104391.5,104586.05,104621.31,104390,1748714400000,2733
15.635470470000001,104621.3773,104586.05,104592.91,104686.93,104555,1748715300000,2937
10.38042823,104553.0492,104589.68,104475.28,104611.24,104471,1748716200000,2752
12.890092719999998,104502.1081,104475.28,104564.36,104566.24,104433,1748717100000,2626
15.500677559999998,104696.571,104554.95,104704.95,104791.97,104540,1748718000000,2766
28.710438830000005,104710.0844,104704.95,104747.07,104789.17,104670,1748718900000,2988
22.289550390000002,104775.1239,104748.04,104778.2,104800.0,104700,1748719800000,2977
26.56808787,104776.6159,104760.6,104767.76,104820.86,104690,1748720700000,3067
21.685781940000005,104691.4939,104751.1,104609.37,104783.09,104570,1748721600000,3238
12.28795981,104690.1999,104609.36,104736.15,104756.47,104580,1748722500000,2361
22.66091016,104764.1493,104722.1,104771.56,104806.01,104710,1748723400000,2467
20.37574535,104805.3665,104771.56,104843.99,104878.68,104750,1748724300000,2914
65.03024432999999,104846.9706,104800.0,104721.6,104954.54,104710,1748725200000,4273
14.682179860000002,104768.6032,104736.08,104855.1,104856.87,104680,1748726100000,2786
21.37467668,104896.1373,104855.11,104887.48,104950.58,104790,1748727000000,3864
36.50256026,104862.5219,104887.48,104860.0,104941.28,104780,1748727900000,3107
41.68299143,104909.5434,104928.19,104895.3,104965.5,104850,1748728800000,3421
14.84565716,104865.7933,104896.23,104806.82,104900.1,104783,1748729700000,2597
40.72831731,104740.488,104824.5,104790.38,104828.09,104657,1748730600000,2845
14.655451530000002,104720.5133,104790.37,104682.5,104797.82,104660,1748731500000,2734
66.83891620000001,104700.041,104721.7,104819.99,104858.28,104510,1748732400000,3957
26.980379659999997,104797.8135,104810.1,104719.5,104905.38,104680,1748733300000,3100
13.45055629,104714.4135,104702.34,104709.09,104760.07,104660,1748734200000,2515
8.07033956,104679.5395,104709.1,104645.87,104721.59,104637,1748735100000,2135
21.260674359999996,104585.1985,104662.0,104538.04,104708.44,104500,1748736000000,2986
21.621651829999998,104486.1938,104539.08,104427.14,104560.1,104410,1748736900000,3180
29.79492803,104461.3702,104427.14,104520.13,104521.07,104370,1748737800000,3095
8.37229796,104489.9863,104516.87,104510.41,104539.58,104431,1748738700000,2212
12.010855850000002,104442.8038,104486.4,104529.33,104540.1,104388,1748739600000,2653
24.332402759999997,104412.4014,104529.32,104437.8,104569.28,104338,1748740500000,2816
46.078077969999995,104316.9369,104437.8,104267.02,104467.25,104200,1748741400000,3587
32.42697096,104192.1772,104210.0,104188.13,104365.06,104029,1748742300000,4531
26.042282560000004,104070.0426,104187.54,103997.06,104197.99,103970,1748743200000,4311
18.04380541,104153.2462,103997.06,104225.36,104271.16,103970,1748744100000,3281
12.161182880000002,104288.5688,104225.36,104296.91,104330.71,104200,1748745000000,2337
14.04572736,104293.3419,104292.73,104248.98,104388.91,104200,1748745900000,2590
26.86175797,104160.6696,104295.1,104125.67,104295.1,104090,1748746800000,2684
23.37731832,104138.8227,104125.68,104201.25,104201.26,104020,1748747700000,2557
12.96426674,104277.0651,104201.25,104360.09,104370.36,104125,1748748600000,2160
15.074443639999997,104457.0761,104359.87,104429.76,104520.32,104319,1748749500000,2300
10.521553959999999,104473.3644,104443.1,104468.37,104543.1,104400,1748750400000,2169
12.41224814,104538.8641,104468.42,104571.84,104579.86,104468,1748751300000,2101
17.87160945,104692.1366,104571.83,104749.12,104784.02,104520,1748752200000,2272
15.704326420000001,104716.5952,104749.12,104687.77,104800.0,104660,1748753100000,1963
18.80616591,104720.2589,104723.5,104747.72,104771.52,104638,1748754000000,2231
8.67289433,104694.8023,104747.72,104633.75,104768.2,104620,1748754900000,1793
8.39767996,104628.7163,104630.1,104570.59,104698.47,104560,1748755800000,1597
6.9937696,104557.4996,104622.5,104592.74,104622.5,104470,1748756700000,1550
19.721859420000005,104484.3355,104581.0,104420.4,104593.14,104390,1748757600000,2284
15.13917576,104352.2867,104431.81,104376.44,104433.43,104250,1748758500000,2087
12.804585079999999,104401.0096,104382.7,104400.1,104436.32,104350,1748759400000,1581
15.602490009999997,104350.724,104402.98,104314.69,104416.75,104260,1748760300000,1789
8.800102180000001,104309.2583,104323.2,104340.0,104387.4,104246,1748761200000,1917
9.065464809999998,104372.4366,104372.77,104385.6,104438.65,104307,1748762100000,2002
32.44203057,104354.0671,104406.46,104306.94,104406.49,104260,1748763000000,2035
8.554775439999998,104327.0282,104306.94,104339.62,104365.43,104287,1748763900000,1906
9.28728194,104317.5656,104307.0,104318.66,104373.27,104270,1748764800000,1952
6.377227619999999,104342.657,104328.3,104342.86,104389.98,104288,1748765700000,1886
5.88167761,104371.3419,104327.8,104404.0,104407.8,104300,1748766600000,1718
9.208650350000001,104374.7735,104404.0,104446.67,104452.97,104310,1748767500000,1909
11.773513050000002,104334.0313,104385.6,104260.0,104520.49,104198,1748768400000,2360
25.332399439999993,104127.3113,104276.57,104088.12,104285.59,104050,1748769300000,2935
91.33650655000002,103923.5571,104110.0,103943.67,104117.6,103840,1748770200000,3317
49.849365580000004,103956.9571,103949.27,103989.75,104088.22,103790,1748771100000,3139
35.94461304000001,104020.3398,103936.9,104021.88,104101.89,103897,1748772000000,2517
11.620752499999998,104014.3013,104021.45,104010.3,104067.43,103938,1748772900000,2272
9.812497810000002,103894.8713,103981.12,103877.28,104010.3,103820,1748773800000,2267
9.498832939999998,103902.3273,103872.19,103983.23,103989.02,103840,1748774700000,2184
14.60944866,103945.3469,103966.3,103923.24,104019.38,103880,1748775600000,2318
8.032463589999999,104021.7715,103923.24,104117.31,104126.27,103890,1748776500000,2077
17.52699386,104111.5516,104114.46,104191.04,104216.06,104050,1748777400000,2843
15.155369959999998,104157.922,104194.93,104110.0,104212.36,104099,1748778300000,2073
21.649592440000003,104141.847,104117.3,104238.73,104260.12,104080,1748779200000,2368
19.420398589999998,104164.3987,104238.73,104109.75,104256.87,104030,1748780100000,2649
31.507298509999995,103922.4045,104109.74,103991.33,104120.97,103800,1748781000000,3350
15.86378612,103969.7247,103991.29,104018.0,104031.2,103894,1748781900000,2679
30.441979830000005,104097.1809,103994.5,104278.78,104296.83,103990,1748782800000,2966
23.76717654,104334.9679,104278.78,104236.94,104413.61,104218,1748783700000,3124
23.93541909,104311.3018,104277.1,104367.4,104394.42,104224,1748784600000,2791
14.57686336,104372.0539,104355.7,104308.77,104473.25,104280,1748785500000,2642
33.18138037,104527.8692,104304.3,104550.06,104718.0,104290,1748786400000,3450
26.741282460000004,104693.5523,104535.1,104724.43,104775.71,104535,1748787300000,3394
39.07906462000001,104716.7136,104725.03,104732.49,104799.99,104640,1748788200000,3233
59.289175639999996,104721.0605,104724.0,104650.44,104821.81,104617,1748789100000,3341
36.99739731,104622.0025,104670.0,104596.03,104710.6,104538,1748790000000,3114
42.43659314000001,104719.5751,104596.03,104801.1,104875.46,104577,1748790900000,3292
31.41888649,104800.0483,104827.37,104801.35,104860.0,104723,1748791800000,3517
22.42555316,104766.7438,104798.7,104767.63,104853.72,104700,1748792700000,2915
157.06834633,105037.6026,104767.62,105154.2,105365.0,104707,1748793600000,6621
51.95178883,105156.7946,105154.2,105209.7,105353.62,105008,1748794500000,5349
50.79917469,105222.021,105209.67,105279.49,105320.0,105100,1748795400000,4082
46.028133239999995,105199.4496,105278.0,105093.59,105306.91,105011,1748796300000,4226
32.92556033999999,105139.3481,105114.9,105175.17,105265.44,105034,1748797200000,3722
12.889262389999999,105165.2827,105183.07,105164.63,105223.2,105133,1748798100000,3075
24.107838070000003,105162.3617,105164.64,105099.66,105261.01,105080,1748799000000,3316
23.144476160000004,105129.6732,105099.19,105106.98,105210.0,105064,1748799900000,3280
25.237021640000002,105021.2612,105125.0,105053.69,105125.0,104935,1748800800000,3497
26.778653990000002,104880.5639,105053.69,104785.51,105079.33,104741,1748801700000,3773
42.88568247999999,104592.6197,104785.52,104450.76,104785.52,104395,1748802600000,4335
69.45246206,104766.5169,104450.76,104959.48,105008.93,104427,1748803500000,4422
44.91529482,104975.4401,104903.0,104916.8,105121.64,104866,1748804400000,4430
22.476670669999994,105013.184,104916.8,105050.1,105108.34,104890,1748805300000,3133
31.8543111,105101.3862,105077.83,105101.13,105193.38,105010,1748806200000,3576
20.879362829999998,105158.9284,105101.14,105179.12,105221.91,105080,1748807100000,3108
55.25941919999999,105065.5499,105146.5,105038.39,105219.42,104931,1748808000000,3769
35.575554450000006,105135.0806,105038.39,105214.99,105231.17,104990,1748808900000,3167
42.23144069,105269.0617,105220.0,105317.71,105358.3,105166,1748809800000,3402
39.68394466999999,105119.2489,105317.7,105011.27,105320.76,104930,1748810700000,3668
38.74892171999999,105047.2866,105011.27,105119.88,105155.4,104960,1748811600000,3633
19.9164395,105175.7536,105119.88,105210.64,105228.84,105103,1748812500000,2696
95.11012740999998,105408.9521,105210.64,105428.8,105538.73,105180,1748813400000,5458
69.15435429000001,105489.5657,105428.83,105547.53,105574.0,105400,1748814300000,4415
114.04627902,105687.5172,105547.53,105789.58,105809.45,105473,1748815200000,6520
80.4424739,105663.2359,105789.58,105533.48,105789.58,105480,1748816100000,5999
97.08734927999998,105517.4741,105595.1,105545.0,105612.39,105485,1748817000000,5012
123.94520652,105514.7409,105520.0,105549.0,105611.26,105460,1748817900000,5270
74.03303917999999,105741.9971,105549.0,105842.5,105883.97,105490,1748818800000,4929
73.74522378,105843.567,105842.5,105766.26,105937.46,105740,1748819700000,5811
41.87376448,105757.1779,105766.27,105710.69,105865.02,105686,1748820600000,3776
30.257725399999998,105698.6165,105710.67,105697.94,105800.0,105620,1748821500000,3706
74.85764570000002,105662.7968,105712.4,105638.93,105788.12,105549,1748822400000,4853
97.12812033,105548.9322,105640.37,105519.63,105720.01,105449,1748823300000,4861
48.22477265,105566.5481,105519.62,105616.11,105634.68,105489,1748824200000,4040
40.69454848999999,105529.4258,105616.12,105475.65,105621.52,105474,1748825100000,3076
35.743149949999996,105568.2126,105500.1,105678.43,105692.65,105475,1748826000000,3131
23.565317260000008,105603.3775,105678.43,105528.9,105698.68,105500,1748826900000,3305
138.27697277,105448.311,105527.5,105453.05,105529.53,105390,1748827800000,5131
124.20226248,105459.2112,105430.5,105444.35,105500.0,105395,1748828700000,4060
66.16108222,105363.7278,105444.33,105294.84,105483.18,105210,1748829600000,3704
54.39564702,105267.0889,105294.84,105323.31,105370.87,105190,1748830500000,3485
19.33590828,105315.7382,105293.9,105363.61,105415.12,105230,1748831400000,3030
93.5730016,105123.4914,105363.62,105053.7,105374.43,105036,1748832300000,3457
49.75832144000001,104967.7346,105053.8,104834.0,105100.12,104818,1748833200000,4059
49.53543543,104765.2007,104834.0,104866.53,104904.84,104603,1748834100000,4124
28.924259749999994,104927.8063,104866.51,104976.8,105048.09,104800,1748835000000,3151
52.69277937999999,104949.8864,104976.8,104885.77,105022.2,104880,1748835900000,2857
35.53661083,104887.2308,104895.1,104959.63,104982.0,104777,1748836800000,2981
19.99628608,104983.6773,104959.63,104967.31,105049.58,104925,1748837700000,2468
11.516536440000001,104977.1978,104967.31,104946.35,105025.0,104928,1748838600000,2509
16.890263630000003,104842.7838,104946.35,104825.12,104981.0,104750,1748839500000,2370
16.10768723,104869.0082,104825.11,104958.33,104974.14,104736,1748840400000,2367
12.63567296,104879.1419,104958.33,104867.18,104975.97,104783,1748841300000,2113
14.37997632,104791.0651,104816.1,104741.32,104883.28,104723,1748842200000,2389
14.241385200000002,104783.5173,104741.31,104890.32,104895.41,104650,1748843100000,2253
16.945164729999995,104927.8435,104824.4,104898.98,104999.99,104824,1748844000000,2250
64.98246997000001,104829.3563,104897.95,104997.83,105014.93,104788,1748844900000,2639
22.503090869999998,105078.4849,104997.83,105190.37,105223.05,104935,1748845800000,2830
19.61292713,105214.1754,105190.47,105220.11,105317.86,105150,1748846700000,2440
20.09765348,105341.7565,105222.0,105349.13,105414.58,105210,1748847600000,2128
14.399975819999998,105397.9442,105351.93,105335.99,105464.92,105319,1748848500000,1752
20.97901587,105374.0964,105354.3,105485.06,105485.06,105230,1748849400000,2141
13.8639613,105427.3722,105485.01,105446.88,105495.99,105340,1748850300000,1790
47.37502311,105525.3819,105387.5,105574.32,105646.42,105387,1748851200000,3318
76.62244117,105755.2308,105574.32,105877.47,106000.0,105498,1748852100000,4172
54.79275624,105751.3606,105869.1,105555.91,105960.0,105500,1748853000000,3353
35.38057572,105452.2085,105555.92,105392.19,105596.28,105296,1748853900000,2710
77.14722727,105037.8189,105409.2,104925.2,105409.2,104810,1748854800000,4766
65.47470894,104832.6909,104952.17,104783.71,104952.17,104760,1748855700000,3567
55.5969029,104749.7995,104783.7,104658.82,104952.18,104644,1748856600000,3704
42.09740676,104606.9009,104654.4,104629.61,104704.7,104525,1748857500000,3570
46.63614874,104606.2216,104600.0,104681.23,104730.0,104455,1748858400000,3999
69.16924376,104443.5779,104681.23,104425.14,104681.23,104320,1748859300000,4329
42.93545644999999,104421.1421,104428.82,104360.16,104492.65,104300,1748860200000,3079
43.21133405999999,104427.8388,104360.15,104427.97,104506.76,104340,1748861100000,2530
86.60626001000001,104396.3285,104424.1,104431.6,104550.0,104250,1748862000000,3839
55.68267505000001,104348.3407,104402.18,104314.44,104440.0,104272,1748862900000,2745
118.7374552,104190.8768,104314.45,104090.0,104392.16,104021,1748863800000,3978
91.20060140999999,104096.0239,104069.56,104085.64,104247.49,103974,1748864700000,4580
75.71469625,104026.8703,104080.89,104015.52,104156.91,103912,1748865600000,5513
42.606700710000005,103985.6143,104015.52,104099.24,104111.11,103899,1748866500000,3738
66.41422995,104169.6332,104099.25,104264.3,104328.3,104068,1748867400000,3794
31.086941630000005,104218.2958,104264.29,104246.37,104292.6,104132,1748868300000,3020
32.25012762,104199.2535,104235.6,104200.0,104312.37,104058,1748869200000,3287
171.65852796,104027.8944,104193.47,104050.54,104242.29,103900,1748870100000,6595
251.33417680999997,104353.2193,104000.0,104265.73,104610.0,103993,1748871000000,10035
173.60154501,103975.5434,104276.77,103822.8,104315.17,103722,1748871900000,9679
160.21863398000002,103946.9686,103847.03,104146.63,104184.45,103670,1748872800000,9132
129.99699276,104347.8423,104100.0,104515.51,104590.98,104000,1748873700000,7294
144.0474795,104597.743,104490.0,104434.81,104740.14,104385,1748874600000,7049
64.150318,104173.6649,104431.6,104200.0,104469.71,104002,1748875500000,5950
102.38025066,104076.4202,104212.18,104259.99,104329.92,103917,1748876400000,7139
109.16147824999999,104400.1458,104259.99,104375.4,104635.84,104172,1748877300000,6340
89.22459818000002,104383.4492,104375.4,104439.45,104492.96,104273,1748878200000,5918
69.13033728999999,104455.7254,104439.6,104500.0,104585.06,104309,1748879100000,4853
54.83963857,104392.7398,104489.1,104324.1,104500.0,104258,1748880000000,5150
51.8250848,104261.853,104290.88,104146.48,104390.0,104082,1748880900000,4743
60.99611125999999,104190.1884,104146.48,104164.27,104273.06,104076,1748881800000,4545
69.11791984999999,104239.7244,104164.26,104320.97,104427.0,104088,1748882700000,4675
62.956667579999994,104312.2521,104345.2,104166.06,104440.04,104131,1748883600000,5457
49.97913227,104392.61,104178.83,104457.01,104550.0,104137,1748884500000,4780
99.38288867,104301.3467,104457.01,104234.19,104525.16,104182,1748885400000,5655
63.348230720000004,104334.4796,104231.52,104447.73,104490.0,104190,1748886300000,4789
119.18148012,104456.7577,104445.2,104444.63,104530.0,104368,1748887200000,4274
274.01366024,104580.1001,104443.65,104723.4,104800.0,104402,1748888100000,6533
155.61772917000005,104444.4486,104723.4,104429.0,104723.4,104330,1748889000000,7283
146.24603130000003,104323.4595,104422.92,104401.82,104454.5,104248,1748889900000,5799
77.15156174999998,104439.8356,104362.5,104297.01,104570.0,104287,1748890800000,3936
123.48145477999999,104422.8225,104297.01,104432.86,104550.0,104295,1748891700000,3743
88.95776991999998,104277.6992,104432.86,104171.09,104490.8,104088,1748892600000,4637
90.12190833,104389.8477,104171.09,104470.22,104550.0,104086,1748893500000,4788
83.34612297999999,104783.5332,104466.81,104952.6,104986.86,104466,1748894400000,4437
66.92384513,104910.9666,104953.73,104880.52,105043.47,104800,1748895300000,4233
43.07676889,104828.2646,104880.51,104856.7,104923.36,104757,1748896200000,4017
109.50924579999999,104863.1392,104861.42,104952.39,105001.65,104716,1748897100000,6656
122.11335996000001,105039.8836,104890.0,105048.46,105185.17,104890,1748898000000,7394
46.83109446,104918.7121,105048.94,104858.57,105082.34,104800,1748898900000,4138
30.559769689999996,104793.5908,104854.8,104817.4,104881.99,104632,1748899800000,4296
55.522118279999994,104901.8787,104756.15,105011.98,105018.24,104754,1748900700000,4328
149.29242679,105183.9581,104994.9,105276.45,105298.2,104960,1748901600000,8174
230.61120631999998,105612.255,105276.46,105818.38,105870.0,105238,1748902500000,8909
132.23439676000004,105697.9461,105788.6,105573.06,105845.38,105525,1748903400000,5766
71.37476201000001,105695.166,105573.05,105745.0,105781.72,105530,1748904300000,4309
88.35695078000002,105773.4294,105695.7,105812.66,105850.0,105610,1748905200000,4909
126.28227938999999,105904.2462,105812.67,105917.28,106000.0,105720,1748906100000,5765
76.62942089,105865.1919,105917.55,105962.86,105999.99,105760,1748907000000,5124
30.086544699999997,105930.7392,105962.86,105904.94,105988.17,105870,1748907900000,3509
105.09175499999999,105992.3795,105920.4,106223.78,106239.63,105798,1748908800000,5468
127.72298237999999,106308.3999,106194.5,106150.1,106474.89,106110,1748909700000,6978
53.057143280000005,106226.5077,106127.16,106273.31,106399.99,106020,1748910600000,4905
57.8777795,106321.0845,106276.28,106347.66,106400.0,106240,1748911500000,4501
72.94894227000002,106342.6504,106320.0,106283.1,106450.0,106160,1748912400000,4750
42.43320249,106337.0416,106220.61,106368.66,106428.46,106170,1748913300000,4168
47.63515412999999,106331.0791,106368.65,106291.1,106402.16,106270,1748914200000,4294
56.72115267,106418.4076,106291.14,106547.19,106577.55,106240,1748915100000,5881
51.01562912,106427.2784,106500.0,106305.18,106597.45,106286,1748916000000,6551
43.276486770000005,106188.997,106305.18,106123.8,106322.09,106100,1748916900000,4820
36.62987711,106136.9884,106164.6,106121.36,106212.06,106080,1748917800000,4242
73.68702547,105783.4003,106109.71,105660.0,106129.7,105570,1748918700000,6093
46.77933909000001,105566.6451,105696.4,105488.21,105787.14,105390,1748919600000,4308
32.81581369,105657.9794,105482.97,105552.57,105758.97,105450,1748920500000,3716
33.37555887,105560.4205,105546.33,105616.56,105640.96,105410,1748921400000,3267
25.749687180000002,105586.3152,105616.52,105556.21,105657.96,105518,1748922300000,3166
44.629453409999996,105458.811,105560.2,105409.66,105585.82,105340,1748923200000,3511
29.553358669999998,105384.1841,105411.4,105369.61,105449.99,105310,1748924100000,2392
51.24202215,105309.8887,105369.61,105314.25,105408.8,105210,1748925000000,2604
34.98620158,105229.6816,105314.25,105245.93,105327.93,105130,1748925900000,2494
20.656471370000006,105385.5556,105233.8,105436.1,105449.99,105180,1748926800000,2187
20.62539218,105373.7501,105436.1,105340.0,105442.24,105290,1748927700000,2378
32.45576351,105378.7102,105340.0,105380.44,105499.99,105260,1748928600000,2600
54.609852110000006,105405.4169,105330.0,105520.74,105533.93,105280,1748929500000,2691
23.018134510000003,105464.0379,105457.0,105436.2,105536.66,105380,1748930400000,1988
17.80050986,105376.4435,105390.0,105318.08,105461.38,105270,1748931300000,1968
22.12672409,105307.6745,105347.9,105312.5,105369.0,105240,1748932200000,1899
45.923044090000005,105373.8279,105313.41,105486.63,105504.13,105280,1748933100000,2063
31.547778939999997,105449.7997,105436.0,105428.73,105498.58,105380,1748934000000,2105
46.76018997999999,105364.4055,105428.72,105261.67,105472.46,105210,1748934900000,2676
21.725518470000004,105300.6413,105261.67,105312.5,105340.24,105210,1748935800000,1968
27.66209178,105253.989,105296.94,105233.05,105329.32,105180,1748936700000,1974
42.51571648000001,105192.0695,105233.05,105080.18,105306.08,105030,1748937600000,2552
97.93099701,105003.222,105083.32,104969.13,105143.0,104930,1748938500000,4139
47.371268529999995,104976.2799,105017.9,104993.01,105033.46,104880,1748939400000,2639
64.30924448,105082.7469,104993.01,105140.75,105149.8,104890,1748940300000,3567
30.606069460000004,105165.1027,105144.4,105202.83,105213.43,105050,1748941200000,1976
20.48454299,105160.2518,105202.83,105126.27,105212.87,105060,1748942100000,2290
20.944299230000002,105244.2572,105126.27,105315.21,105337.95,105060,1748943000000,2089
15.30192253,105287.0772,105315.2,105242.8,105315.2,105200,1748943900000,1751
40.61643904,105279.5075,105305.7,105357.82,105357.82,105140,1748944800000,2583
29.39498492,105326.3238,105355.71,105344.07,105360.01,105240,1748945700000,1937
50.55593434000001,105375.4592,105340.0,105366.25,105416.7,105250,1748946600000,2051
29.077838979999996,105336.0983,105366.25,105344.83,105383.63,105210,1748947500000,1851
64.26204991,105384.0472,105310.7,105384.43,105422.84,105250,1748948400000,2351
33.57677855,105286.9323,105384.43,105298.12,105395.3,105200,1748949300000,1893
18.76740027,105258.0699,105298.11,105281.05,105330.1,105180,1748950200000,1986
36.03472077,105291.9127,105278.14,105352.02,105382.33,105210,1748951100000,1949
39.83725955,105361.9599,105315.0,105432.71,105440.09,105240,1748952000000,2610
53.72297408,105442.0833,105432.61,105437.72,105500.0,105300,1748952900000,3109
47.46155751999999,105380.4768,105437.72,105344.67,105458.32,105260,1748953800000,2905
19.237427889999996,105377.812,105344.67,105375.52,105413.43,105280,1748954700000,2144
35.6631262,105439.4107,105404.1,105463.28,105507.35,105300,1748955600000,2923
33.077324250000004,105480.4271,105463.52,105497.92,105537.02,105420,1748956500000,2931
122.24230988,105400.6302,105505.7,105580.0,105743.15,105060,1748957400000,7204
90.31560228000001,105542.4093,105663.29,105500.71,105697.7,105260,1748958300000,6796
142.27797733000003,105428.6056,105500.71,105276.55,105672.13,105170,1748959200000,7847
233.27420004999996,105757.0373,105267.0,105885.01,105888.1,105220,1748960100000,9987
467.1083600899999,106036.85,105882.94,106438.79,106453.68,105790,1748961000000,17322
382.53209953,106515.3694,106438.76,106653.6,106801.67,106190,1748961900000,13993
248.57509871,106622.3996,106645.17,106534.31,106800.0,106360,1748962800000,10739
194.67687696,106719.3498,106534.3,106805.45,106901.68,106510,1748963700000,7232
162.06982287,106757.396,106805.45,106757.0,106859.0,106580,1748964600000,7560
150.58641038999997,106632.7362,106757.0,106702.16,106800.0,106420,1748965500000,7754
142.78194279,106556.0625,106702.15,106530.67,106764.98,106410,1748966400000,7274
127.14210791,106484.4146,106530.67,106334.9,106648.45,106290,1748967300000,7783
89.72874062000001,106403.9982,106331.1,106241.96,106522.29,106210,1748968200000,5508
218.53642073,106142.1241,106242.57,105890.9,106302.18,105830,1748969100000,11664
104.79695331000002,106013.8745,105930.5,106014.36,106105.54,105820,1748970000000,5840
46.25762357000001,106112.871,106014.36,106107.03,106235.49,105960,1748970900000,4882
101.77209445999999,106004.1023,106106.97,105937.19,106132.54,105880,1748971800000,7203
62.69536224,105969.4516,105936.92,106010.2,106052.55,105840,1748972700000,4306
115.40270052999998,105809.2414,106010.2,105724.9,106037.54,105630,1748973600000,5689
70.94446930000001,105741.5831,105724.89,105810.76,105881.7,105610,1748974500000,4114
186.13746039,105901.9197,105810.76,106082.14,106131.32,105720,1748975400000,5458
98.2153245,106030.551,106082.14,106081.03,106088.0,105920,1748976300000,3983
197.44383660000003,106156.0314,106081.5,106155.43,106239.54,106000,1748977200000,4515
186.98874755,106315.2177,106155.42,106420.16,106484.39,106140,1748978100000,4841
247.99561287999998,106409.8891,106421.43,106385.1,106521.24,106290,1748979000000,8158
166.94614777,106279.5752,106385.1,106301.7,106433.95,106100,1748979900000,6699
89.2513677,106151.3773,106304.14,106072.75,106329.95,105990,1748980800000,4360
107.49950555999999,105922.6985,106122.0,105690.02,106122.1,105650,1748981700000,6052
146.69345235999998,105652.4413,105690.03,105873.02,105966.74,105390,1748982600000,6881
55.78673805,105850.0678,105935.6,105814.4,105976.89,105730,1748983500000,3334
40.798867519999995,105784.6434,105814.4,105693.33,105934.21,105630,1748984400000,4272
37.486466500000006,105586.7582,105693.33,105712.36,105750.1,105330,1748985300000,5178
25.798934910000003,105639.6005,105712.7,105603.19,105796.26,105540,1748986200000,3816
66.86686926,105530.4268,105602.92,105451.54,105711.28,105320,1748987100000,5289
85.53685942,105580.3895,105500.9,105793.99,105803.54,105360,1748988000000,4670
26.927334170000005,105823.5713,105793.99,105889.26,105910.54,105730,1748988900000,3311
27.730141480000004,105912.8235,105834.6,105964.92,105971.45,105810,1748989800000,3098
32.54870666,105896.233,105965.02,105814.64,105979.78,105770,1748990700000,3278
27.58848663,105751.8414,105834.7,105760.04,105834.7,105670,1748991600000,3207
18.52215219,105636.6929,105760.04,105510.0,105760.04,105500,1748992500000,3335
70.43822749,105439.5989,105553.24,105430.1,105611.12,105320,1748993400000,4488
63.59612053,105406.7345,105430.2,105447.82,105517.36,105300,1748994300000,4967
40.0707531,105490.0708,105446.0,105450.02,105613.52,105370,1748995200000,3906
40.40769695,105443.0303,105450.02,105346.8,105582.41,105300,1748996100000,4226
61.297220380000006,105295.9065,105346.81,105302.4,105420.6,105150,1748997000000,4594
43.13773827999999,105409.6503,105306.21,105544.83,105549.97,105220,1748997900000,3404
51.369118029999996,105681.1872,105531.5,105692.0,105750.0,105440,1748998800000,3418
44.954191609999995,105693.2441,105716.8,105746.68,105807.46,105510,1748999700000,3729
24.63124127,105622.8467,105747.13,105660.82,105750.11,105480,1749000600000,3442
26.55511607,105597.6498,105660.81,105656.34,105731.0,105410,1749001500000,3570
37.264388049999994,105805.3841,105659.43,105891.9,105908.07,105540,1749002400000,3752
27.19996259,105770.3637,105835.17,105705.9,105891.9,105640,1749003300000,3389
25.98311415,105599.3688,105718.21,105579.07,105758.28,105430,1749004200000,3773
15.86407554,105546.5987,105575.37,105554.12,105635.69,105400,1749005100000,2551
25.046128119999995,105659.4603,105564.9,105692.08,105780.79,105430,1749006000000,3090
13.62162848,105753.7673,105692.08,105693.25,105827.86,105590,1749006900000,2644
25.04189743,105706.4078,105693.25,105673.97,105794.99,105560,1749007800000,2945
18.02992791,105653.3316,105673.96,105591.68,105700.2,105480,1749008700000,2557
18.88325636,105596.5611,105655.1,105610.24,105658.47,105500,1749009600000,2763
21.967300479999995,105600.328,105610.23,105654.82,105700.56,105470,1749010500000,2745
17.085627360000004,105558.712,105654.81,105531.57,105664.29,105400,1749011400000,2500
20.07209381,105488.4504,105530.18,105491.76,105545.63,105370,1749012300000,2107
15.856094799999997,105492.5567,105480.1,105560.07,105560.07,105340,1749013200000,2528
22.59679499,105534.5427,105560.07,105433.02,105607.56,105320,1749014100000,2404
28.28814397,105432.9924,105489.4,105438.26,105489.4,105310,1749015000000,2338
26.516728599999993,105464.0133,105438.26,105426.15,105525.09,105340,1749015900000,1948
30.307094820000003,105404.3706,105500.0,105400.0,105518.82,105260,1749016800000,2581
37.64529294,105350.1242,105381.82,105374.28,105401.44,105240,1749017700000,2491
27.3216651,105392.0012,105363.0,105451.31,105494.4,105240,1749018600000,2139
32.119984699999996,105416.0705,105451.31,105371.45,105484.47,105280,1749019500000,2362
26.34210378,105410.588,105363.1,105375.69,105449.86,105280,1749020400000,2156
29.12142045,105370.2946,105375.68,105363.84,105449.84,105240,1749021300000,2097
14.650894929999998,105386.6943,105363.84,105387.9,105432.49,105270,1749022200000,1954
24.14698324,105409.6156,105280.0,105371.91,105541.83,105280,1749023100000,1965
33.85418312,105422.6819,105430.6,105445.36,105476.93,105310,1749024000000,2426
22.55727603,105560.1816,105445.36,105589.87,105649.77,105340,1749024900000,2321
16.629709830000003,105541.4405,105584.81,105509.9,105594.9,105420,1749025800000,2180
16.48108819,105511.5151,105515.38,105503.79,105569.22,105430,1749026700000,1724
27.372066869999998,105459.0861,105509.1,105438.07,105569.58,105330,1749027600000,2100
19.68738762,105414.8761,105438.04,105486.56,105495.67,105310,1749028500000,2105
29.31129975,105549.4411,105478.0,105728.82,105730.49,105360,1749029400000,2563
51.99243448,105799.0732,105729.2,105882.81,105968.31,105620,1749030300000,3201
35.100002429999996,105907.6818,105882.8,106011.9,106058.47,105770,1749031200000,2648
26.94425437,105905.9096,106012.47,105797.09,106033.3,105750,1749032100000,2407
24.74131507,105762.0404,105797.09,105810.18,105836.6,105670,1749033000000,1946
14.17487939,105752.0076,105810.19,105763.98,105822.64,105630,1749033900000,1891
30.68977193,105747.021,105717.3,105705.02,105864.49,105540,1749034800000,2956
74.15955058000002,105589.8994,105705.01,105503.22,105729.68,105400,1749035700000,3310
42.12148149000001,105355.946,105502.22,105297.57,105527.2,105170,1749036600000,3593
126.44286892000001,105192.5387,105297.57,105143.88,105361.76,105060,1749037500000,5882
105.66037532,105133.1035,105148.4,105209.95,105220.65,104990,1749038400000,5576
134.46760829000002,105031.0582,105209.94,104880.0,105209.94,104830,1749039300000,5628
77.97412046,104987.0678,105008.02,105035.01,105058.4,104750,1749040200000,4358
45.0123951,105087.474,105035.0,105109.42,105152.37,104900,1749041100000,3446
63.03348626999999,105032.7963,105099.8,104979.75,105111.53,104810,1749042000000,4049
76.22443983000001,105104.7847,104860.0,104930.0,105251.08,104810,1749042900000,4258
149.15235299,105188.4,105087.1,105073.13,105346.7,104890,1749043800000,6586
210.93480895000002,104936.9881,105073.13,104793.26,105248.72,104660,1749044700000,8485
505.78877321999994,104466.8337,104794.82,104523.4,104795.0,104202,1749045600000,19543
93.28784018,104659.6028,104546.59,104716.27,104743.78,104440,1749046500000,7015
99.85164650999998,104713.8368,104717.55,104781.0,104828.93,104600,1749047400000,5978
47.875659240000005,104884.1035,104782.8,105079.15,105101.43,104650,1749048300000,4964
73.57889699,105101.0082,105044.3,105146.53,105221.91,104930,1749049200000,5559
125.37967238,105393.081,105157.9,105499.9,105543.92,105080,1749050100000,6426
115.94872094999998,105520.673,105469.1,105495.6,105611.83,105270,1749051000000,6045
54.56904299000001,105446.6945,105495.61,105353.24,105571.29,105190,1749051900000,4888
54.847002249999996,105373.3247,105329.5,105180.0,105446.46,105180,1749052800000,5029
61.273910300000004,105284.9918,105180.0,105174.95,105431.91,105060,1749053700000,4692
40.98077896,105258.0227,105174.95,105313.26,105369.99,105030,1749054600000,4187
33.03804556000001,105403.8882,105313.26,105510.2,105530.1,105160,1749055500000,3441
50.50896102,105433.3066,105510.2,105330.0,105547.59,105240,1749056400000,3761
41.242588500000004,105409.2224,105458.2,105271.26,105469.04,105160,1749057300000,3505
42.70973169999999,105215.5885,105271.25,105182.24,105348.25,105040,1749058200000,4003
51.46210439,105104.5758,105182.24,105080.2,105217.74,104890,1749059100000,3990
36.08880907,105216.6422,105080.2,105171.72,105350.0,104970,1749060000000,3977
50.75516646,105216.8891,105202.5,105204.4,105314.94,105080,1749060900000,4095
63.47997478,105177.4474,105214.6,105156.2,105255.94,105020,1749061800000,4962
50.609506960000004,105050.168,105156.2,104998.99,105195.1,104850,1749062700000,3578
76.35243454,105015.5482,105040.6,104949.65,105103.4,104810,1749063600000,3915
132.9414563,104989.2759,104949.65,104952.3,105084.98,104800,1749064500000,5070
72.98732958,105002.0488,104936.26,105123.52,105128.99,104790,1749065400000,4384
91.33376231999999,105070.6022,104930.0,104961.64,105147.99,104840,1749066300000,4913
80.11082775,104886.9071,104968.19,104817.39,105040.9,104680,1749067200000,4468
114.96207840999999,104624.1167,104817.38,104745.43,104839.7,104330,1749068100000,7200
59.16903007,104725.6876,104745.43,104816.5,104829.47,104490,1749069000000,4197
78.06766221,104693.9244,104816.5,104684.78,104816.51,104480,1749069900000,3921
51.18363167,104657.1413,104650.0,104817.32,104832.05,104460,1749070800000,3535
46.41889333,104718.664,104817.35,104745.92,104817.35,104520,1749071700000,3320
35.76432631,104926.7835,104745.92,104950.97,105078.65,104620,1749072600000,3814
43.554630679999995,105027.3012,104950.97,104985.77,105110.19,104810,1749073500000,3566
72.42805351,104914.4853,104985.77,104989.37,105019.73,104680,1749074400000,4864
64.36144362,104946.2834,104989.45,104857.97,105100.0,104700,1749075300000,4278
52.135691429999994,104860.467,104864.0,104933.08,104963.34,104650,1749076200000,4059
37.20129241,104854.2489,104933.08,104863.1,104955.0,104650,1749077100000,3253
43.013145679999994,104837.802,104863.1,104810.47,104939.24,104600,1749078000000,3501
44.926083299999995,104737.1314,104810.46,104722.33,104854.99,104540,1749078900000,3139
37.944741439999994,104762.4417,104722.33,104812.17,104850.55,104550,1749079800000,3203
37.95341928,104775.4731,104812.17,104753.38,104841.0,104580,1749080700000,2740
72.98772993000001,104801.1566,104745.4,104788.1,104841.0,104590,1749081600000,3143
123.37061728999998,104825.6628,104823.66,104834.59,104899.0,104580,1749082500000,3932
29.65369814,104960.2346,104834.59,104987.43,105027.49,104700,1749083400000,3388
16.17956178,104957.8845,104987.43,105038.09,105046.02,104760,1749084300000,3141
53.71542124,105048.4347,104968.1,105132.32,105156.0,104840,1749085200000,3185
33.78636608,105064.8848,105129.95,104850.0,105220.0,104800,1749086100000,3464
34.57025839,104928.664,105049.17,104922.37,105051.76,104680,1749087000000,3176
43.267127859999995,104781.2759,104919.92,104828.45,104919.93,104610,1749087900000,3795
40.30735293,104921.0174,104828.45,105026.08,105063.96,104650,1749088800000,3515
26.07533261,104965.6852,105026.07,104959.95,105040.11,104740,1749089700000,3210
57.39735448,105166.8567,104959.97,105218.98,105305.26,104800,1749090600000,4350
36.83372498,105170.3859,105218.98,105049.95,105291.98,104940,1749091500000,3793
23.5838473,105036.4066,105064.0,105057.91,105098.08,104880,1749092400000,3170
50.310815350000006,104964.0803,105057.92,104967.38,105092.39,104810,1749093300000,3362
18.978764449999996,104965.7978,104967.07,105002.3,105037.9,104810,1749094200000,2664
9.986609350000002,105056.6228,105018.99,105087.89,105122.36,104850,1749095100000,2365
26.231682029999998,105121.1707,105068.0,105167.64,105178.52,104960,1749096000000,3138
26.065530040000002,105199.4119,105167.65,105188.68,105260.19,105020,1749096900000,2899
20.32475084,105192.7842,105214.3,105110.0,105258.62,105030,1749097800000,2690
31.002721220000005,105225.2668,105240.24,105240.86,105289.14,105090,1749098700000,2614
15.402759289999999,105170.865,105214.4,105118.19,105255.29,104970,1749099600000,2265
18.453644890000003,105047.4431,105118.19,104970.11,105156.58,104840,1749100500000,2394
29.012562929999998,104868.6166,105000.1,104790.56,105000.1,104670,1749101400000,2761
46.86361092,104685.961,104790.21,104698.9,104834.0,104520,1749102300000,3873
41.4748125,104654.2515,104690.6,104647.44,104741.49,104510,1749103200000,3373
49.509264169999994,104631.7564,104647.44,104610.0,104747.16,104480,1749104100000,3913
61.91502969999999,104525.1591,104734.75,104457.42,104734.75,104330,1749105000000,3471
66.33019147,104474.627,104457.43,104380.0,104556.69,104310,1749105900000,3338
62.63311392,104463.5333,104479.1,104595.16,104624.08,104370,1749106800000,3271
31.307065650000002,104615.5595,104595.16,104637.47,104675.44,104500,1749107700000,2849
34.18535931,104564.4661,104637.47,104587.01,104653.24,104410,1749108600000,2671
18.150948319999994,104507.4707,104587.0,104570.76,104593.09,104370,1749109500000,1950
22.9351038,104616.3714,104541.6,104618.84,104705.25,104430,1749110400000,2223
37.932249410000004,104587.3705,104618.84,104670.73,104698.23,104360,1749111300000,2211
24.28015102,104611.5294,104670.73,104655.02,104680.83,104500,1749112200000,1817
24.546010159999998,104670.1675,104655.02,104728.41,104730.1,104540,1749113100000,1888
18.35136091,104751.223,104649.0,104785.33,104830.75,104620,1749114000000,1913
31.864967569999997,104813.3206,104785.33,104800.19,104878.06,104680,1749114900000,2011
22.82091325,104766.1895,104824.4,104750.0,104866.12,104650,1749115800000,1969
14.003087840000001,104917.7661,104862.79,104944.64,104975.34,104750,1749116700000,1902
40.788732780000004,104898.7802,104944.4,104870.13,104952.45,104770,1749117600000,3652
23.914979289999998,104798.4177,104870.14,104759.05,104901.27,104670,1749118500000,2639
34.63398345,104675.649,104759.05,104629.45,104787.99,104460,1749119400000,2996
18.435183139999996,104630.0999,104627.97,104711.06,104726.7,104470,1749120300000,2361
21.68717289,104647.5476,104708.0,104648.19,104751.31,104550,1749121200000,2528
27.288730750000003,104722.4758,104648.21,104818.11,104843.11,104550,1749122100000,3089
26.390323930000005,104836.0518,104818.1,104855.91,104908.86,104720,1749123000000,2853
35.0694388,104873.2428,104855.92,104875.47,104919.24,104760,1749123900000,2515
67.36998591,105047.9611,104900.0,105157.73,105218.57,104740,1749124800000,3979
109.36817638000001,105314.8974,105122.9,105455.62,105534.28,105030,1749125700000,4444
140.65678063,105491.8848,105455.62,105500.0,105575.22,105300,1749126600000,5650
308.44249926000003,105707.8184,105500.0,105704.85,105840.02,105390,1749127500000,10027
217.91444912999998,105885.6603,105716.2,105900.0,105999.68,105630,1749128400000,8636
114.55864684000001,105797.2688,105886.49,105762.73,105919.38,105660,1749129300000,5732
168.70044058999997,105582.5629,105766.22,105456.89,105781.76,105340,1749130200000,6750
344.24294683999995,104681.0443,105456.88,104557.29,105458.9,104320,1749131100000,14583
302.93259606,104366.807,104557.3,104309.39,104600.33,104200,1749132000000,14504
314.21650098,104097.4951,104309.47,104307.0,104337.65,103910,1749132900000,12733
119.77962311,104314.8527,104307.0,104632.76,104683.09,104020,1749133800000,8271
129.00247642000002,104653.3774,104632.75,104695.9,104970.0,104330,1749134700000,8033
66.96765189,104539.4209,104688.59,104399.99,104740.48,104350,1749135600000,5431
147.33070535000002,104660.6696,104399.99,104879.26,104919.19,104368,1749136500000,8356
57.19537915,104794.6621,104879.26,104778.41,104916.51,104690,1749137400000,4588
139.85924555,104684.2575,104784.18,104572.7,104826.54,104540,1749138300000,6396
120.95410425000001,104528.789,104572.69,104406.17,104638.54,104400,1749139200000,6902
221.73466204999997,104128.8735,104410.88,104059.06,104462.6,103960,1749140100000,13202
343.08824932,103901.5297,104060.6,103762.98,104112.36,103697,1749141000000,17606
852.1622353399999,103550.3943,103762.98,103280.0,103933.58,103256,1749141900000,36688
474.86226788000005,103387.2801,103274.35,103417.43,103600.0,103132,1749142800000,20505
157.36050656999998,103500.3787,103431.0,103470.21,103630.0,103319,1749143700000,9433
182.50524604999998,103389.7225,103470.03,103365.98,103490.0,103244,1749144600000,9608
181.76758986999997,103248.7244,103365.97,103245.78,103400.0,103150,1749145500000,10616
569.71017178,103079.4231,103245.8,102725.04,103350.0,102638,1749146400000,20908
377.65669185,102965.8795,102730.92,103294.49,103320.0,102553,1749147300000,18234
113.34063552,103133.7423,103294.52,102916.25,103420.0,102797,1749148200000,8710
142.12948764,103021.0772,102916.27,103012.88,103230.0,102826,1749149100000,7942
150.38190473999998,102854.3765,103059.1,102730.0,103120.0,102614,1749150000000,8826
1278.5994340999996,102099.7543,102637.89,102217.99,102740.0,101597,1749150900000,35241
192.54417135,102340.8921,102210.78,102212.36,102500.0,102153,1749151800000,10992
306.12387674999997,102006.7178,102212.35,101908.77,102290.0,101850,1749152700000,12021
650.7293602,101774.0473,101917.65,101607.47,102250.0,101352,1749153600000,19512
701.4319592600001,101354.4679,101607.48,101472.18,101780.0,100958,1749154500000,21481
460.60076504999995,101145.596,101471.34,100880.32,101580.0,100761,1749155400000,16852
561.54587588,100752.4646,100877.76,100496.42,101300.0,100345,1749156300000,20367
251.17452914,100852.4003,100507.3,100516.25,101250.0,100444,1749157200000,14930
214.27303009999997,100931.8257,100516.25,101022.81,101220.0,100500,1749158100000,13750
265.10013473000004,101461.5324,101030.02,101669.48,101730.0,100954,1749159000000,15853
174.01129279,101458.4805,101669.48,101589.19,101740.0,101232,1749159900000,12337
210.88363532,101286.055,101581.89,101188.89,101670.0,101063,1749160800000,10968
120.00493789999999,101307.3477,101188.88,101378.13,101480.0,101100,1749161700000,7774
99.30856912,101524.3386,101400.1,101584.92,101680.0,101328,1749162600000,7251
114.70793493999999,101645.9413,101584.87,101550.4,101820.0,101516,1749163500000,6849
128.92156877,101707.8796,101555.83,101710.41,101850.0,101550,1749164400000,7176
110.98764404,101766.5554,101713.83,101852.61,101950.0,101629,1749165300000,7000
63.72978557,101674.8756,101841.18,101585.08,101950.0,101562,1749166200000,6101
59.269163169999985,101638.632,101585.08,101570.2,101800.0,101519,1749167100000,5965
72.06446753,101514.2137,101579.7,101362.5,101730.0,101347,1749168000000,5998
100.31655883,101355.8058,101362.49,101529.24,101680.0,101132,1749168900000,6802
77.96845463999999,101752.602,101529.24,101810.99,101960.0,101500,1749169800000,5404
51.50032198,101865.4373,101794.1,101947.12,102070.0,101726,1749170700000,4368
56.45653707,101922.4246,101947.11,101928.43,102100.0,101839,1749171600000,4061
81.59433079,101856.9087,101928.43,101878.05,102110.0,101718,1749172500000,4904
48.631140789999996,101951.5429,101878.04,101955.23,102110.0,101812,1749173400000,4019
43.89808207000001,101896.0594,101955.23,101896.1,102100.0,101724,1749174300000,4037
65.34258086000001,101850.2484,101899.09,101809.28,102040.0,101752,1749175200000,4680
62.79843373,101666.1739,101809.27,101668.8,101940.0,101573,1749176100000,5218
42.874472520000005,101827.314,101681.43,101945.35,102090.0,101647,1749177000000,4771
64.5173977,102055.9217,101945.35,102241.87,102390.0,101886,1749177900000,5406
66.89926711,102169.0351,102209.5,102183.41,102400.0,102100,1749178800000,5847
51.44457611,102301.5142,102183.41,102356.87,102460.0,102177,1749179700000,4739
90.35312074000001,102488.7858,102356.87,102524.03,102660.0,102344,1749180600000,5337
60.77498688,102569.935,102524.04,102556.01,102720.0,102501,1749181500000,4929
150.14774694999997,102522.2278,102556.06,102587.45,102720.0,102446,1749182400000,9317
219.96648641,102576.3355,102587.45,102600.19,102820.0,102467,1749183300000,8632
170.19268650999996,102712.2544,102600.19,102805.5,102940.0,102540,1749184200000,8202
155.61041622,102842.5266,102805.48,102851.49,103000.0,102780,1749185100000,5803
104.47085003000001,102928.0475,102824.6,102973.54,103040.0,102824,1749186000000,4613
104.15289018,102855.7437,102973.6,102805.31,103040.0,102720,1749186900000,4857
77.58715894999999,102877.3321,102761.2,102955.84,103040.0,102761,1749187800000,3752
99.847949,102971.5088,102955.87,103015.15,103190.0,102874,1749188700000,4895
147.22059282,103087.2421,102997.5,103251.4,103350.0,102959,1749189600000,5549
110.08243719,103094.5191,103251.47,103145.6,103390.0,102978,1749190500000,4842
118.04281466999998,103164.7263,103100.0,103074.06,103430.0,103023,1749191400000,5118
104.01278135,103213.8572,103069.46,103245.48,103400.0,103051,1749192300000,4859
147.41825333,103296.098,103228.1,103284.75,103460.0,103216,1749193200000,8169
189.43798162000002,103363.9407,103288.3,103400.47,103640.0,103217,1749194100000,8373
98.40490137,103223.2634,103400.34,103214.83,103560.0,103110,1749195000000,5331
81.39614122000002,103204.3107,103214.83,103214.54,103380.0,103162,1749195900000,4559
91.74727680999999,103362.1241,103214.54,103433.53,103590.0,103196,1749196800000,3444
128.32191627,103498.152,103433.53,103469.73,103710.0,103373,1749197700000,4171
103.13646806999996,103519.337,103469.74,103605.24,103720.0,103435,1749198600000,3952
134.08669138,103630.6799,103605.24,103573.79,103790.0,103566,1749199500000,5651
121.26391263,103650.0873,103604.5,103665.47,103810.0,103573,1749200400000,5859
116.70435368,103726.1339,103665.47,103640.28,103900.0,103620,1749201300000,4945
90.9317901,103740.9847,103638.57,103764.42,103900.0,103614,1749202200000,4193
83.14636168000001,103727.6118,103764.42,103715.56,103890.0,103662,1749203100000,3598
75.39045142999998,103810.9186,103695.6,103854.62,103990.0,103695,1749204000000,3474
88.65713590999998,103826.6417,103854.62,103769.2,104000.0,103764,1749204900000,4130
105.86984215000003,103711.2961,103769.2,103724.76,103920.0,103618,1749205800000,5183
66.05037822999998,103770.4656,103724.46,103742.86,103910.0,103690,1749206700000,3743
86.60793676,103794.841,103735.1,103867.38,104010.0,103712,1749207600000,3664
232.42758926999997,103941.9953,103867.38,103949.72,104120.0,103831,1749208500000,7096
175.61827249,103894.9865,103949.96,103944.72,104080.0,103739,1749209400000,6760
139.9463885,104004.9967,103944.72,104005.75,104170.0,103902,1749210300000,5431
125.37567394,104078.8192,104005.77,104170.0,104220.0,104000,1749211200000,5279
181.01330263,103975.4988,104061.16,103931.25,104150.0,103880,1749212100000,7586
203.33022137,104091.4536,103931.25,103781.62,104460.0,103603,1749213000000,9874
150.5957789,103982.2897,103781.62,103841.24,104130.0,103707,1749213900000,6169
109.90912921000003,104018.6,103885.1,104086.6,104210.0,103841,1749214800000,4953
148.50595989,104016.766,104051.33,104000.01,104170.0,103959,1749215700000,6908
268.73231008,104332.9827,104016.1,104446.17,104660.0,103942,1749216600000,11586
166.89793445999996,104414.0951,104446.17,104169.86,104710.0,104100,1749217500000,9028
94.67508041999999,104259.2494,104168.82,104416.29,104470.0,104075,1749218400000,7813
173.20524129999998,104543.2235,104385.5,104656.38,104720.0,104351,1749219300000,6730
158.76157714999997,104649.91,104637.8,104894.29,104897.1,104447,1749220200000,7420
179.94769208,104866.0281,104827.2,104886.58,105000.0,104720,1749221100000,9775
251.58024299000004,104965.8992,104886.58,105283.97,105300.0,104778,1749222000000,9623
169.71423447,105109.0353,105283.96,104941.94,105439.01,104837,1749222900000,8266
227.95153157000001,104849.3288,104941.94,104810.64,105085.12,104601,1749223800000,8262
171.60750077000003,105082.7999,104810.65,105182.17,105207.24,104762,1749224700000,7412
227.83734336999996,105141.652,105167.5,105117.66,105236.0,105070,1749225600000,10189
191.90918287000002,105260.7083,105117.67,105155.3,105405.68,105100,1749226500000,9115
180.61989569999997,105042.0306,105175.01,105033.02,105190.06,104940,1749227400000,7749
130.70290817,104999.582,105033.02,104865.84,105200.48,104790,1749228300000,6961
96.48474037000001,104773.9079,104824.4,104620.91,104930.58,104530,1749229200000,5413
73.41359078,104717.4942,104614.66,104603.91,104885.01,104560,1749230100000,5165
41.66999029000001,104661.0299,104603.92,104663.66,104764.99,104543,1749231000000,4265
100.33106683,104855.8509,104659.69,105019.22,105062.56,104638,1749231900000,5387
145.46587091,104922.8611,105015.2,104737.03,105083.99,104730,1749232800000,7541
135.52524681,104663.6471,104737.02,104600.0,104811.0,104530,1749233700000,7392
99.54301372000002,104745.0467,104600.0,104733.52,104844.73,104570,1749234600000,5555
73.60186101,104648.3156,104733.51,104592.35,104809.81,104553,1749235500000,4832
88.20681017000001,104595.9047,104599.1,104646.59,104691.67,104478,1749236400000,4835
153.40254,104496.4533,104646.58,104383.66,104668.0,104360,1749237300000,5786
132.98436919,104358.5431,104360.0,104348.92,104452.45,104253,1749238200000,5714
115.73241384,104249.5979,104349.99,104304.24,104390.0,104131,1749239100000,5623
127.10081512000001,104352.4422,104309.01,104412.21,104470.0,104249,1749240000000,4979
119.79630503,104454.0635,104412.2,104433.11,104510.0,104388,1749240900000,4465
79.4240535,104473.3188,104448.0,104676.01,104704.42,104376,1749241800000,4202
81.06932318999999,104614.9377,104676.01,104575.74,104701.14,104504,1749242700000,4327
103.44203921,104463.7909,104581.1,104381.92,104606.82,104363,1749243600000,5707
83.98949546,104451.226,104389.66,104405.0,104529.18,104381,1749244500000,4218
87.38626427,104495.0523,104405.01,104560.83,104571.74,104400,1749245400000,4149
85.60489027,104529.3587,104560.84,104490.6,104609.4,104461,1749246300000,4540
87.26705251,104416.2167,104469.9,104400.1,104509.56,104361,1749247200000,4676
103.47438644000005,104410.3498,104372.3,104451.95,104490.0,104331,1749248100000,4794
94.10638613,104422.7869,104420.5,104424.05,104490.03,104379,1749249000000,4601
79.05929845,104517.1733,104424.04,104577.84,104619.99,104400,1749249900000,4070
67.64792983999999,104421.1477,104539.1,104369.22,104614.0,104296,1749250800000,4471
56.21799953000001,104391.5794,104369.22,104440.4,104500.0,104330,1749251700000,2814
67.46688962,104444.8701,104448.63,104416.5,104500.0,104370,1749252600000,3284
61.04765681,104438.0612,104429.41,104397.99,104520.0,104375,1749253500000,3921
80.57041346999999,104351.568,104376.0,104189.31,104470.0,104183,1749254400000,4858
84.87073511999998,104126.8815,104189.31,104269.33,104360.0,103969,1749255300000,5113
64.75119088,104368.1541,104269.33,104422.79,104490.0,104230,1749256200000,3427
62.04725568,104513.6786,104422.78,104585.1,104620.0,104367,1749257100000,3344
67.81697814999998,104566.9392,104585.1,104597.67,104678.11,104456,1749258000000,3962
40.55429692,104563.1297,104597.67,104540.64,104648.39,104457,1749258900000,3017
63.41696834,104511.1182,104540.64,104515.28,104593.5,104434,1749259800000,3964
56.97066347,104574.6142,104515.28,104540.33,104634.0,104511,1749260700000,3547
48.662888620000004,104493.7467,104540.32,104465.48,104580.0,104448,1749261600000,3333
58.434115250000005,104472.3972,104465.48,104479.09,104550.0,104418,1749262500000,3088
49.99623209,104554.1543,104479.08,104579.15,104640.0,104460,1749263400000,3081
59.251930050000006,104634.9748,104579.14,104630.36,104726.24,104561,1749264300000,3587
94.12855775999999,104776.4395,104666.7,104841.57,104927.92,104577,1749265200000,4827
82.89664033999999,104831.031,104841.57,104797.71,104928.44,104739,1749266100000,4873
46.349627999999996,104854.9013,104799.9,104901.69,104969.41,104764,1749267000000,3449
108.62440424,104959.1463,104901.7,104972.65,105028.65,104901,1749267900000,3930
176.25442024999998,104939.49,104972.65,104791.08,105010.0,104788,1749268800000,7452
37.548689970000005,104831.3322,104791.08,104782.5,104910.0,104782,1749269700000,2460
51.192979339999994,104770.5447,104782.5,104836.97,104852.7,104730,1749270600000,3919
44.33544626,104887.9286,104836.97,104912.19,104960.0,104787,1749271500000,2801
53.08755455,104913.5814,104901.4,104902.9,104970.0,104835,1749272400000,3565
46.68303161,104910.0889,104929.73,104884.5,104980.0,104863,1749273300000,3426
49.82623919,104917.8608,104884.5,104983.5,105013.43,104876,1749274200000,3282
45.851138039999995,105038.5216,104914.6,104983.5,105140.0,104914,1749275100000,2693
35.74237178,104931.3085,104983.6,104941.47,105020.0,104884,1749276000000,2165
37.30728208,104941.5059,104941.45,104873.73,105040.0,104873,1749276900000,2844
41.47017347,104947.1892,104914.1,104977.16,105030.0,104872,1749277800000,2633
254.72784742000005,105259.6407,104977.16,105450.0,105450.0,104950,1749278700000,5541
58.90914876000001,105116.2425,105347.4,105031.64,105440.0,104944,1749279600000,3038
52.40300275999999,105011.3013,105031.64,105028.9,105210.0,104910,1749280500000,2842
44.150130419999996,105055.4325,105028.89,105028.32,105102.1,105009,1749281400000,3085
45.416543239999996,104969.2079,105028.33,104955.07,105070.0,104929,1749282300000,2554
31.452642219999998,104989.9786,104947.7,104921.01,105060.0,104921,1749283200000,1974
42.530400900000004,104935.2771,104921.01,105009.85,105070.0,104870,1749284100000,2563
34.79866009,104962.8792,105009.84,104900.46,105060.0,104894,1749285000000,2133
44.39985483000001,104872.5347,104896.12,104818.75,104990.0,104772,1749285900000,2645
32.83487932,104948.3481,104824.4,104954.32,105050.0,104818,1749286800000,2035
88.31656858,104983.4135,104954.31,104999.62,105060.22,104913,1749287700000,2122
61.36601314,104905.232,104999.74,104851.45,105070.0,104851,1749288600000,3052
41.32824939999999,104913.2005,104851.45,104922.06,105030.0,104851,1749289500000,2235
47.60517628,104963.204,104899.9,104990.7,105060.0,104899,1749290400000,2262
73.91994849,105152.4177,105023.81,105224.79,105290.0,104990,1749291300000,2971
42.270279980000005,105139.0264,105224.79,105139.5,105280.0,105067,1749292200000,2651
46.98753728,105164.2412,105117.52,105213.77,105330.0,105000,1749293100000,3080
47.66892133,105249.7453,105223.7,105212.76,105340.0,105182,1749294000000,2738
42.68382733,105297.6363,105212.75,105293.92,105380.0,105212,1749294900000,2690
48.45908949,105290.6755,105293.93,105250.83,105370.0,105227,1749295800000,3340
38.767835780000006,105203.3103,105250.82,105208.82,105310.0,105119,1749296700000,3384
41.747395,105307.5737,105167.6,105333.06,105390.0,105167,1749297600000,2915
42.33691255,105334.7977,105333.06,105361.98,105420.0,105266,1749298500000,2637
135.30231050999998,105533.5674,105361.99,105652.5,105790.0,105291,1749299400000,5272
38.6793814,105541.4671,105652.4,105524.52,105760.0,105477,1749300300000,3392
55.77309311,105463.4153,105494.8,105529.33,105570.0,105369,1749301200000,4709
41.91230125,105584.6144,105529.33,105568.68,105670.0,105509,1749302100000,2979
62.22700090000001,105666.0646,105600.0,105728.45,105752.79,105568,1749303000000,3374
116.24302828000002,105777.4524,105721.12,105678.75,105889.42,105658,1749303900000,4911
45.26086909000001,105641.4662,105730.8,105617.41,105780.0,105554,1749304800000,3100
30.775221980000005,105536.3258,105627.6,105486.97,105700.0,105474,1749305700000,2869
35.694574970000005,105610.557,105486.97,105619.14,105770.0,105469,1749306600000,3386
31.65929305,105517.74,105599.9,105486.43,105650.0,105454,1749307500000,2910
35.37301088,105512.28,105522.8,105461.97,105640.0,105428,1749308400000,3447
29.13929793,105498.8162,105461.98,105522.68,105650.0,105386,1749309300000,3384
35.80983395,105530.0243,105522.8,105532.5,105700.0,105475,1749310200000,2921
36.26570482,105610.9092,105531.6,105628.18,105680.0,105510,1749311100000,3943
24.27931499,105688.565,105608.2,105682.29,105790.0,105608,1749312000000,2883
18.118642150000003,105643.3689,105681.02,105534.47,105780.0,105527,1749312900000,2565
15.498473679999996,105516.165,105534.47,105466.44,105640.0,105450,1749313800000,2329
30.123659689999997,105392.2784,105469.42,105405.01,105540.0,105313,1749314700000,2655
14.57464891,105470.3719,105395.5,105546.54,105620.0,105380,1749315600000,2149
14.529507080000002,105543.1195,105546.54,105578.64,105660.0,105494,1749316500000,2061
14.838104820000002,105516.229,105578.64,105554.78,105650.0,105451,1749317400000,2265
9.67319175,105480.0924,105555.49,105436.4,105610.0,105432,1749318300000,2393
39.57367079,105689.4828,105436.4,105761.61,105870.0,105436,1749319200000,3375
27.156607909999998,105813.18,105756.54,105821.14,105890.0,105733,1749320100000,2448
47.586808609999984,105796.7347,105821.14,105679.06,105980.0,105662,1749321000000,3358
24.525258680000007,105668.7765,105675.58,105632.4,105770.0,105594,1749321900000,2553
24.290949450000006,105751.4932,105632.5,105785.03,105880.0,105632,1749322800000,2666
40.46287886999999,105865.0492,105785.03,105913.36,105990.0,105763,1749323700000,3159
34.888821580000005,105833.2753,105913.35,105765.76,105990.0,105765,1749324600000,3077
24.53153194,105759.711,105765.76,105786.47,105850.0,105698,1749325500000,2424
29.03144265,105860.7335,105788.47,105929.53,105960.0,105777,1749326400000,2655
159.9063672,105965.5351,105929.52,105959.76,106000.0,105897,1749327300000,5428
30.578902999999997,105896.9872,105929.0,105894.68,105990.0,105856,1749328200000,2505
35.10711685,105922.3638,105894.68,105931.47,105970.0,105869,1749329100000,3131
28.580581499999997,105892.5371,105892.2,105861.3,105970.0,105850,1749330000000,3155
14.509241509999997,105874.4527,105859.1,105871.59,105940.0,105847,1749330900000,2347
17.80552689,105911.294,105871.6,105922.88,105960.0,105856,1749331800000,2205
23.39474525,105854.0443,105922.88,105832.66,105930.79,105777,1749332700000,2771
26.67608335,105809.3462,105834.4,105795.56,105910.0,105734,1749333600000,4276
25.22772147,105851.91,105795.55,105878.2,105940.0,105764,1749334500000,3966
29.742854089999994,105936.3473,105856.1,105926.77,106000.0,105846,1749335400000,4463
48.961124049999995,105911.3205,105926.76,105882.6,105990.0,105850,1749336300000,4613
37.656313,105813.1091,105882.6,105783.78,105940.0,105768,1749337200000,4523
47.47069331,105752.1526,105783.78,105733.5,105880.0,105674,1749338100000,4910
40.55761648000001,105665.3178,105743.47,105673.71,105820.0,105588,1749339000000,5318
16.044130929999998,105655.3625,105672.61,105619.02,105720.0,105596,1749339900000,3787
29.711808100000006,105582.97,105619.02,105519.24,105690.0,105511,1749340800000,3421
22.741543029999995,105572.448,105519.8,105587.89,105650.0,105519,1749341700000,2844
56.342627779999994,105595.8425,105587.9,105558.05,105780.0,105535,1749342600000,2898
20.2539159,105527.8911,105558.05,105544.35,105640.0,105498,1749343500000,2683
22.01471479,105541.7389,105520.7,105595.62,105690.0,105452,1749344400000,3067
12.51692459,105605.1733,105595.62,105591.49,105710.0,105541,1749345300000,2173
8.80978289,105656.3506,105591.5,105714.2,105760.0,105591,1749346200000,1951
11.119967560000001,105754.7048,105714.2,105756.42,105880.0,105632,1749347100000,2306
15.458978329999999,105632.0896,105756.4,105576.17,105810.0,105538,1749348000000,2464
18.7995955,105610.5803,105576.17,105561.75,105669.99,105533,1749348900000,2318
11.54009766,105608.5407,105563.45,105600.56,105640.0,105546,1749349800000,2051
8.221030680000002,105561.2205,105607.58,105505.12,105690.0,105492,1749350700000,1962
21.794629759999996,105523.4167,105555.1,105467.74,105590.0,105453,1749351600000,1865
7.5110665,105469.3334,105467.75,105465.48,105550.0,105451,1749352500000,1893
5.658483959999999,105516.1952,105465.48,105552.12,105610.0,105462,1749353400000,1879
9.44445679,105544.0799,105552.13,105548.75,105630.0,105492,1749354300000,1656
14.401682280000001,105527.7152,105531.6,105501.1,105620.0,105462,1749355200000,1941
14.39506023,105566.6335,105530.39,105563.31,105640.0,105501,1749356100000,1920
18.08873199,105614.1267,105501.1,105655.7,105730.0,105501,1749357000000,2117
9.954738300000002,105658.7181,105655.7,105674.79,105710.0,105632,1749357900000,1515
12.12856145,105630.4492,105650.0,105599.2,105730.0,105598,1749358800000,2010
18.2805992,105655.0117,105599.2,105663.3,105730.0,105589,1749359700000,2497
14.315482730000005,105614.1612,105687.3,105552.98,105700.0,105529,1749360600000,2168
14.332107480000001,105525.8906,105552.97,105499.82,105630.0,105464,1749361500000,2142
14.61799817,105526.6013,105490.7,105660.0,105660.0,105481,1749362400000,2029
8.062031849999999,105620.0895,105612.38,105591.36,105690.0,105531,1749363300000,1378
5.451009310000001,105617.4273,105600.7,105607.71,105700.0,105591,1749364200000,1451
61.831742299999995,105532.9052,105610.86,105499.8,105680.0,105488,1749365100000,1961
14.31507885,105522.5547,105490.5,105566.43,105610.0,105488,1749366000000,1767
12.07179122,105559.7646,105566.43,105518.59,105650.0,105503,1749366900000,2035
10.99954908,105518.4283,105518.59,105494.84,105610.0,105478,1749367800000,1629
7.8016257200000005,105493.6899,105494.86,105485.5,105550.0,105467,1749368700000,1642
7.9052297000000005,105528.7796,105484.1,105524.86,105590.0,105484,1749369600000,1569
7.007300209999999,105503.1621,105524.86,105494.8,105570.0,105459,1749370500000,1477
6.70797563,105499.7504,105494.79,105496.47,105550.0,105465,1749371400000,1268
16.67354619,105440.1439,105496.46,105427.11,105550.0,105392,1749372300000,1907
23.04955508,105381.3653,105399.0,105287.4,105480.0,105284,1749373200000,2558
69.53436632,105255.7312,105377.15,105253.75,105402.21,105125,1749374100000,3547
10.019212150000001,105254.6681,105253.73,105237.48,105313.14,105186,1749375000000,1775
13.56194829,105236.5447,105240.0,105196.46,105272.14,105191,1749375900000,1471
31.231835739999998,105130.2037,105196.46,105060.95,105228.08,105055,1749376800000,2292
11.52216404,105102.3749,105060.94,105122.5,105150.0,105028,1749377700000,1437
12.850211190000001,105323.7808,105135.53,105485.47,105517.36,105122,1749378600000,1897
11.23256705,105443.1488,105490.78,105402.8,105529.5,105397,1749379500000,1512
17.220767050000003,105532.7799,105397.5,105506.44,105613.0,105397,1749380400000,1873
23.702846990000005,105665.3675,105506.45,105639.92,105774.4,105506,1749381300000,2215
19.40219116,105675.732,105639.56,105690.0,105748.44,105569,1749382200000,1865
11.199430670000002,105696.9209,105660.69,105727.02,105750.0,105660,1749383100000,1901
21.52056669,105723.3086,105700.0,105811.77,105822.3,105647,1749384000000,2564
17.92020897,105697.8949,105811.93,105687.0,105820.0,105614,1749384900000,2422
28.91655762,105662.6481,105701.9,105640.17,105710.0,105566,1749385800000,2614
12.174126000000001,105701.979,105640.17,105768.82,105798.3,105610,1749386700000,2175
10.16721296,105759.1323,105733.5,105734.31,105812.65,105723,1749387600000,2081
7.977677430000001,105717.2025,105734.31,105798.45,105800.0,105664,1749388500000,2704
19.83181652,105873.6631,105741.0,105924.18,105942.38,105740,1749389400000,3078
154.48012218999997,105901.0528,105924.19,105670.02,106180.0,105610,1749390300000,5926
13.314449340000001,105712.7754,105650.1,105789.9,105810.0,105613,1749391200000,3120
21.68100429,105817.9993,105762.1,105782.73,105969.3,105733,1749392100000,2894
40.45511505,105725.5335,105782.73,105819.72,105850.0,105667,1749393000000,2914
14.86750308,105862.3191,105765.5,105875.74,105930.0,105765,1749393900000,2436
74.86591741999999,106071.922,105882.6,106091.03,106181.3,105875,1749394800000,3407
55.946854959999996,106050.053,106095.09,106061.95,106120.0,105942,1749395700000,3243
44.463886900000006,106038.9244,106043.8,106063.71,106100.0,106000,1749396600000,2788
28.3815916,106054.5515,106063.71,106039.35,106140.0,105993,1749397500000,2877
76.43204060999999,106149.4618,106036.4,106243.2,106320.0,106003,1749398400000,3951
65.17561239,106215.5098,106222.54,106144.15,106353.63,106093,1749399300000,4731
32.25777822999999,106234.9484,106144.16,106280.0,106330.0,106093,1749400200000,2728
39.885830490000004,106244.6757,106249.99,106257.49,106318.55,106175,1749401100000,3613
41.717174639999996,106284.9916,106238.3,106228.29,106380.6,106203,1749402000000,3958
41.38784338000001,106312.28,106228.29,106358.52,106420.0,106207,1749402900000,2742
40.933820729999994,106342.0572,106358.52,106311.93,106420.0,106296,1749403800000,3223
33.847383400000005,106261.4245,106311.93,106151.47,106370.0,106139,1749404700000,3267
27.055819860000003,106174.7466,106151.9,106200.0,106300.0,106088,1749405600000,2924
32.21612484,106332.252,106293.06,106344.21,106400.0,106199,1749406500000,2926
24.421865549999996,106360.4238,106344.22,106355.76,106400.0,106321,1749407400000,2776
18.91186437,106352.3213,106342.8,106369.09,106395.19,106296,1749408300000,2175
14.710214520000003,106384.9172,106354.0,106382.53,106430.0,106353,1749409200000,2226
11.604165149999998,106364.9018,106382.54,106363.18,106420.0,106351,1749410100000,1850
27.287219519999997,106346.8972,106360.26,106264.86,106410.0,106234,1749411000000,2415
18.12546241,106332.229,106264.87,106367.49,106370.0,106250,1749411900000,2239
22.47418885,106349.943,106300.0,106371.6,106390.0,106299,1749412800000,2481
17.966901339999996,106357.4597,106371.59,106369.47,106400.0,106331,1749413700000,2476
29.59006055,106349.493,106345.1,106340.8,106400.0,106315,1749414600000,4290
31.917555479999997,106260.9626,106340.8,106214.65,106360.0,106177,1749415500000,2918
15.06679083,106256.8414,106196.0,106312.0,106312.0,106195,1749416400000,2137
39.09621327999999,106300.6849,106312.0,106363.23,106379.98,106243,1749417300000,2252
18.571441869999997,106313.3911,106363.23,106352.48,106370.0,106260,1749418200000,2037
47.303796510000005,106437.0062,106352.47,106392.93,106550.0,106299,1749419100000,3982
135.24789793999997,106171.0324,106385.98,106004.29,106430.34,105939,1749420000000,6192
56.80489144,106056.1016,106004.28,106073.38,106177.15,105936,1749420900000,3712
82.14936389999998,105923.8109,105994.7,105971.36,106100.0,105807,1749421800000,4295
52.20498056999998,105823.8749,105937.9,105821.2,105980.0,105732,1749422700000,3272
64.89079813000001,105738.9048,105829.0,105711.78,105860.0,105654,1749423600000,4109
48.404116050000006,105689.6249,105711.81,105736.69,105806.8,105613,1749424500000,3465
31.24536014,105757.1405,105736.69,105727.19,105840.0,105650,1749425400000,2811
40.75814965000001,105733.0537,105727.19,105784.4,105830.85,105663,1749426300000,2588
45.8711469,105762.6083,105754.2,105746.85,105851.96,105640,1749427200000,3595
26.24068853,105780.3306,105749.49,105840.53,105928.65,105640,1749428100000,3774
38.32026013000001,105924.137,105849.44,105834.61,106035.51,105764,1749429000000,3008
29.444847009999997,105729.9829,105834.62,105764.12,105860.0,105664,1749429900000,2933
34.48929092,105677.8901,105733.4,105700.02,105790.0,105606,1749430800000,3024
35.316463299999995,105684.3945,105700.01,105743.1,105806.8,105606,1749431700000,2886
16.158372189999998,105661.1904,105743.1,105635.68,105760.0,105616,1749432600000,2187
56.234589590000006,105588.9462,105635.68,105577.19,105740.0,105495,1749433500000,2999
43.672601189999995,105613.5503,105567.6,105769.06,105773.55,105523,1749434400000,2949
28.712525309999997,105739.3823,105768.49,105699.6,105800.0,105695,1749435300000,2200
18.239393099999997,105656.4265,105745.7,105597.21,105750.0,105565,1749436200000,2309
16.06281305,105628.3017,105597.22,105611.0,105688.12,105581,1749437100000,2135
50.516277640000006,105523.2915,105659.5,105496.66,105680.0,105447,1749438000000,2817
56.21835113,105464.59,105486.3,105536.74,105567.93,105368,1749438900000,3039
26.62142092,105622.3834,105536.73,105637.87,105681.44,105530,1749439800000,2238
16.84765023,105703.8897,105637.87,105720.87,105770.0,105620,1749440700000,1803
19.189996049999998,105743.7517,105702.4,105741.97,105790.0,105699,1749441600000,1987
24.19151959,105720.4801,105741.97,105717.71,105774.29,105673,1749442500000,1854
16.99572826,105672.9298,105733.5,105611.6,105733.5,105600,1749443400000,1904
20.482724590000007,105541.6019,105614.7,105503.28,105680.0,105473,1749444300000,2233
13.72001611,105476.0171,105514.2,105508.04,105570.0,105432,1749445200000,1950
13.627498950000003,105513.9509,105508.04,105482.69,105593.69,105450,1749446100000,2072
16.41456174,105434.4267,105514.1,105436.16,105550.0,105390,1749447000000,1925
19.56650287,105438.7753,105436.16,105437.73,105530.0,105392,1749447900000,1697
18.902513040000002,105452.1413,105477.2,105446.55,105580.0,105375,1749448800000,1895
8.66814269,105522.1433,105450.18,105583.01,105590.0,105430,1749449700000,1439
12.759816360000002,105602.6911,105583.01,105626.82,105680.0,105550,1749450600000,1657
19.61464192,105692.0264,105626.83,105730.9,105790.0,105618,1749451500000,1594
19.761953780000002,105654.0845,105731.0,105612.65,105770.0,105603,1749452400000,1887
18.17090116,105587.6416,105612.66,105576.36,105660.0,105553,1749453300000,1655
12.304368319999998,105645.404,105590.0,105630.04,105696.0,105576,1749454200000,1391
18.80196931,105632.397,105630.04,105614.48,105660.0,105588,1749455100000,1453
13.04341673,105652.5247,105636.6,105654.23,105694.72,105614,1749456000000,1344
13.33087663,105605.1329,105654.2,105604.5,105680.0,105525,1749456900000,1654
30.35121032,105734.4183,105604.51,105779.36,105830.0,105547,1749457800000,1956
33.42108418,105879.0017,105779.36,105990.89,106020.0,105732,1749458700000,2236
20.17897528,105954.551,105994.0,105971.46,106021.77,105877,1749459600000,2012
32.62623558,106024.6164,105971.46,106214.05,106223.81,105906,1749460500000,2310
93.81303121,106483.0016,106207.44,106720.0,106820.0,106163,1749461400000,4122
246.88106767000002,106830.1806,106670.95,106670.09,106990.0,106615,1749462300000,7550
169.07323554,106944.6782,106675.8,107241.77,107338.99,106622,1749463200000,6200
142.25077939000002,107357.2056,107233.2,107146.1,107560.0,107127,1749464100000,6039
57.310566539999996,107193.7402,107146.1,107280.69,107320.0,107096,1749465000000,3246
31.435948600000003,107253.5881,107280.67,107250.0,107390.0,107150,1749465900000,2309
87.9686279,107376.7818,107226.0,107495.7,107550.0,107190,1749466800000,3544
107.52406522999999,107478.435,107495.69,107500.0,107610.0,107362,1749467700000,4403
71.04696352,107685.6857,107485.0,107787.41,107880.0,107422,1749468600000,4654
64.88981877,107704.9357,107787.4,107817.21,107841.03,107609,1749469500000,3433
89.66065375,107726.5267,107741.4,107618.56,107890.0,107590,1749470400000,4061
74.35985917000001,107664.6807,107618.56,107623.65,107772.99,107589,1749471300000,3167
133.1118024,107827.9322,107623.65,107965.81,107970.0,107614,1749472200000,4337
64.12821615,107864.5356,107965.81,107829.9,108000.0,107762,1749473100000,3056
96.62433687000001,107767.7148,107829.9,107717.77,107964.39,107673,1749474000000,4047
59.177878299999996,107658.7584,107719.21,107571.61,107751.34,107521,1749474900000,3400
179.21815784999998,107560.3251,107525.1,107488.08,107816.04,107229,1749475800000,7046
181.07859022,107167.4925,107488.08,107074.91,107524.02,106920,1749476700000,6324
104.41949453,107291.4854,107150.0,107477.27,107544.0,107073,1749477600000,5588
118.66667198,107576.7471,107476.07,107632.98,107780.0,107407,1749478500000,5170
144.31278469000003,107849.7874,107632.99,107908.0,107966.04,107618,1749479400000,7216
128.95073252,107819.8765,107897.4,107678.77,108090.42,107570,1749480300000,6924
115.03393064999999,107859.3014,107628.0,107919.04,108091.2,107571,1749481200000,5655
99.81133809999999,107898.579,107962.0,108010.56,108068.05,107781,1749482100000,5957
159.31317999000004,107888.2081,108010.6,107787.0,108054.47,107764,1749483000000,5995
110.81978456000002,107855.2597,107787.0,107689.6,107947.01,107689,1749483900000,5429
144.05546950000002,107895.0519,107726.1,107936.03,107999.99,107693,1749484800000,6579
143.87390232,107977.2554,107934.77,108005.1,108091.47,107808,1749485700000,6415
162.11032722,108041.2734,108005.1,108021.96,108135.02,107955,1749486600000,6350
161.11625209000002,107981.7523,108021.96,107778.93,108228.72,107730,1749487500000,7094
181.70133302000002,108079.0603,107768.5,108300.0,108370.0,107725,1749488400000,7405
132.43301879,108339.4231,108300.0,108397.27,108443.99,108238,1749489300000,6409
146.9766558,108335.4239,108397.27,108361.7,108430.99,108220,1749490200000,6846
151.01821738,108395.978,108361.7,108416.31,108499.99,108272,1749491100000,6670
144.41176491,108479.8645,108400.0,108526.61,108600.0,108354,1749492000000,7170
107.99438129,108538.5182,108526.61,108540.0,108630.85,108462,1749492900000,5856
99.35845308,108503.9341,108505.61,108437.96,108581.75,108371,1749493800000,4027
72.68472867000001,108450.986,108437.96,108517.51,108557.28,108350,1749494700000,3577
112.48795372999999,108592.3042,108521.2,108589.51,108657.0,108487,1749495600000,5429
188.06025742999998,108686.4598,108596.9,108750.29,108858.82,108555,1749496500000,8628
115.22238168999998,108620.8987,108750.28,108530.61,108770.0,108517,1749497400000,5226
147.47844669,108586.6023,108536.89,108679.24,108719.99,108425,1749498300000,7135
101.81462864000001,108695.3616,108647.2,108542.16,108793.12,108514,1749499200000,5722
79.04657902000001,108676.5377,108542.16,108770.12,108770.12,108514,1749500100000,4846
67.77593107,108781.7578,108770.09,108735.61,108828.63,108720,1749501000000,4174
52.88492629,108746.9849,108735.61,108762.75,108803.07,108678,1749501900000,4407
208.26432081000002,109106.0578,108756.1,109293.25,109471.8,108756,1749502800000,10305
452.78598701,109863.5298,109294.83,110549.97,110670.0,109230,1749503700000,17099
227.71162930999998,110178.0285,110549.84,109950.0,110680.0,109876,1749504600000,12277
129.64786866,109905.827,109950.0,110010.0,110150.37,109755,1749505500000,6885
114.29893965,109986.4934,109997.5,109953.37,110237.4,109775,1749506400000,7426
125.01743062999999,110078.8342,109953.37,110243.76,110297.99,109852,1749507300000,6456
101.80840477000001,110303.5067,110220.2,110296.65,110475.0,110124,1749508200000,6227
47.358265929999995,110213.9344,110239.8,110224.96,110314.42,110142,1749509100000,4358
77.97460842000001,110096.7676,110204.6,109971.42,110324.99,109929,1749510000000,4939
90.29235469000001,110088.6168,109971.41,110092.0,110321.48,109921,1749510900000,4599
139.20409196,110230.6967,110092.0,110252.34,110325.02,110020,1749511800000,4708
72.33517511999999,110261.1948,110245.92,110301.15,110355.4,110185,1749512700000,4185
65.90422568999999,110120.19,110280.0,110025.49,110325.19,109983,1749513600000,4293
99.10026871999999,110177.6914,110025.49,110323.79,110349.23,109998,1749514500000,4952
82.58882125000001,110233.6425,110277.1,110187.98,110371.19,110086,1749515400000,5120
65.97719773,110042.4156,110187.98,109950.96,110210.87,109933,1749516300000,4152
115.31918467999999,109879.7116,109975.1,109817.78,110017.31,109767,1749517200000,5300
49.29879802,109839.5437,109816.78,109890.36,109976.75,109763,1749518100000,3729
49.056124499999996,109865.64,109890.36,109916.69,109920.71,109768,1749519000000,3954
38.162121019999994,109797.4755,109917.99,109822.2,109934.82,109660,1749519900000,3629
116.01501882,109553.4308,109820.94,109652.84,109822.2,109401,1749520800000,5735
61.782231210000006,109608.8048,109606.5,109699.48,109731.18,109503,1749521700000,4041
50.25020463,109660.9836,109689.93,109666.92,109748.1,109600,1749522600000,3314
43.811216859999995,109701.328,109666.92,109691.33,109801.89,109613,1749523500000,3270
64.24537773,109541.9729,109691.35,109445.0,109739.43,109416,1749524400000,3445
31.431627859999992,109489.5776,109480.0,109511.32,109571.5,109438,1749525300000,2877
22.546267410000002,109483.1076,109511.12,109493.34,109560.07,109428,1749526200000,2473
35.03640705,109577.6325,109493.34,109614.65,109652.65,109459,1749527100000,2543
23.088577850000004,109603.632,109552.4,109456.02,109694.92,109455,1749528000000,2966
29.133687260000006,109432.8393,109456.02,109437.42,109490.1,109390,1749528900000,2637
18.34538031,109502.135,109420.9,109537.31,109590.0,109400,1749529800000,2289
24.93158126,109527.8021,109537.31,109577.54,109595.49,109460,1749530700000,1982
30.063322080000003,109547.2675,109560.9,109576.18,109618.52,109490,1749531600000,2392
76.70227908999999,109599.9429,109576.17,109464.99,109786.73,109422,1749532500000,4087
58.12258308000001,109346.3361,109450.0,109437.89,109492.58,109230,1749533400000,3719
25.027321230000002,109368.8834,109400.0,109356.2,109480.0,109263,1749534300000,2184
49.761231349999996,109272.382,109327.0,109246.38,109449.55,109178,1749535200000,3277
24.969986569999996,109377.6141,109246.39,109450.01,109460.35,109246,1749536100000,2074
49.081863350000006,109492.387,109400.0,109616.77,109691.6,109390,1749537000000,2502
16.56099971,109608.013,109616.77,109542.45,109686.64,109537,1749537900000,1770
41.44291217,109482.0057,109534.1,109437.84,109546.34,109391,1749538800000,1963
36.29539864,109450.7288,109437.2,109516.46,109578.62,109333,1749539700000,2356
48.49487811,109325.4994,109516.45,109240.0,109560.01,109198,1749540600000,3114
38.54557039,109218.3426,109220.0,109268.31,109339.39,109136,1749541500000,2607
31.76932946,109358.8457,109259.7,109363.9,109485.62,109220,1749542400000,2755
25.135606300000003,109318.4613,109304.15,109262.39,109392.9,109236,1749543300000,2103
23.05074372,109284.2461,109262.39,109299.86,109393.55,109160,1749544200000,2222
87.85234125000001,109146.3449,109299.87,109143.06,109325.96,109079,1749545100000,2180
24.805498940000003,109159.1201,109093.8,109216.29,109275.16,109093,1749546000000,2458
38.61239077999999,109290.4799,109216.28,109334.4,109438.43,109150,1749546900000,2548
46.279538599999995,109444.584,109334.4,109402.92,109524.26,109325,1749547800000,2462
18.69562933,109440.1552,109390.0,109556.09,109564.43,109379,1749548700000,1970
41.945101820000005,109515.262,109523.8,109560.94,109605.04,109456,1749549600000,2309
94.25929390999998,109594.6197,109499.9,109456.54,109719.79,109445,1749550500000,2986
29.623253730000002,109400.5491,109456.55,109314.84,109500.0,109313,1749551400000,2165
21.39507846,109340.8384,109376.6,109348.49,109391.75,109309,1749552300000,1916
33.634051840000005,109348.8109,109333.1,109496.68,109531.44,109242,1749553200000,2651
79.09851719999999,109661.7738,109496.69,109771.62,109815.82,109462,1749554100000,4898
84.91939405999999,109827.78,109778.54,109776.68,109898.28,109704,1749555000000,4438
87.78988463,109651.5878,109775.2,109581.05,109811.0,109526,1749555900000,4308
43.188445810000005,109549.0077,109550.6,109504.6,109820.0,109443,1749556800000,3171
55.02063953,109539.178,109499.75,109510.88,109644.42,109464,1749557700000,3367
46.07357723,109562.1734,109510.87,109595.1,109676.8,109440,1749558600000,3599
52.01506793000001,109659.2889,109617.52,109725.32,109732.74,109560,1749559500000,3331
43.920866460000006,109704.6826,109664.2,109805.56,109870.0,109620,1749560400000,3622
100.61500747999999,109841.5076,109805.56,109756.97,109927.98,109676,1749561300000,5383
222.95627896,109330.8634,109756.98,109050.91,109820.95,108954,1749562200000,9576
119.19559547000003,109075.2221,109050.9,109270.2,109349.99,108870,1749563100000,6936
62.890549639999996,109189.2659,109270.2,109116.1,109381.72,108946,1749564000000,5660
104.50519201,108950.7342,109116.09,108858.59,109192.6,108712,1749564900000,6371
117.10671951,108722.3939,108809.9,108632.06,108952.36,108566,1749565800000,7374
96.57823457,108617.2025,108605.1,108649.65,108781.77,108500,1749566700000,7219
84.78610933,108829.9716,108632.38,109128.53,109139.89,108514,1749567600000,5738
86.87934875000002,109128.6716,109130.76,109090.0,109242.18,108958,1749568500000,4785
228.21040076000006,108604.517,109096.81,108793.0,109135.1,108310,1749569400000,9069
87.83143027,108876.5326,108791.06,108990.0,109120.44,108701,1749570300000,5916
162.47611343,109153.0126,109066.9,109145.15,109295.71,109010,1749571200000,6641
64.53381918,109007.3154,109150.48,109036.48,109215.9,108800,1749572100000,5185
41.46150816,108962.0112,109036.48,108916.64,109098.58,108832,1749573000000,4137
90.94524010000002,108779.2645,108920.0,108753.61,108950.9,108704,1749573900000,5007
56.126138510000004,108890.0904,108725.0,108954.3,109021.96,108720,1749574800000,4906
27.464151409999996,108963.3062,108965.9,108866.01,109100.13,108866,1749575700000,3949
42.11728892999999,108819.0289,108866.01,108751.35,108992.57,108710,1749576600000,4299
57.60894549,108759.9075,108751.35,108750.99,108888.0,108640,1749577500000,4682
125.45750582000001,108690.0398,108763.9,108730.2,108859.61,108510,1749578400000,6231
61.38498617,108862.1891,108743.08,108945.64,108964.58,108680,1749579300000,4806
58.34930585,108973.137,108910.0,109113.37,109145.0,108830,1749580200000,4869
169.56395281000002,109295.0337,109089.8,109306.85,109500.0,109040,1749581100000,6943
150.5333233,109478.1907,109319.1,109520.58,109598.61,109250,1749582000000,6644
255.26909429,109834.2684,109520.58,110058.08,110200.0,109380,1749582900000,9353
296.06110424,110218.3299,110058.08,110006.35,110420.08,109850,1749583800000,10760
257.89999736,109652.3494,110006.35,109503.0,110016.99,109280,1749584700000,11374
121.24048536000001,109428.9109,109533.92,109371.58,109568.41,109230,1749585600000,6544
62.37575398,109487.3918,109370.2,109565.4,109626.44,109190,1749586500000,6527
51.84754309,109662.1332,109577.3,109724.63,109767.18,109410,1749587400000,5108
77.34260121999999,109829.3689,109724.62,109990.03,110060.5,109580,1749588300000,5227
59.63853268,109901.8834,109958.0,109799.91,110022.68,109710,1749589200000,5278
55.97655086,109645.7277,109799.81,109804.36,109861.22,109360,1749590100000,6083
57.21023067000001,109823.4884,109804.36,109838.59,109969.63,109670,1749591000000,5041
78.27913115,109833.2334,109838.6,109887.46,109887.5,109650,1749591900000,3820
79.34538818,110034.5748,109845.8,110034.4,110200.0,109770,1749592800000,6279
41.79010265000001,110023.8565,110040.21,109982.02,110127.16,109860,1749593700000,5371
64.74874014,109919.7711,109975.9,109795.41,110044.37,109720,1749594600000,4923
37.12388453,109752.4756,109802.09,109746.55,109838.59,109530,1749595500000,4156
57.742440819999985,109722.7622,109758.72,109717.62,109941.1,109550,1749596400000,4692
64.44085725000001,109747.2198,109717.62,109814.32,109859.87,109560,1749597300000,4413
126.47834664999998,110040.828,109823.1,110204.68,110240.0,109690,1749598200000,5679
54.09747154,110242.6727,110143.1,110300.24,110321.0,110040,1749599100000,4560
57.87593203,110138.1861,110273.6,110001.64,110306.91,109920,1749600000000,4349
43.04811058999999,109946.2638,110001.65,109854.05,110164.31,109760,1749600900000,4333
17.2046728,109952.4981,109856.72,109934.44,110090.6,109730,1749601800000,3666
35.74960645,109885.201,109934.43,109846.82,110074.49,109690,1749602700000,4139
29.799715240000005,109765.2485,109812.7,109829.47,109861.48,109600,1749603600000,3806
32.2040843,109659.9494,109744.4,109723.9,109854.95,109510,1749604500000,3852
25.502883389999997,109656.5461,109740.87,109713.35,109740.87,109480,1749605400000,3749
19.507747809999994,109634.841,109672.9,109621.73,109736.59,109500,1749606300000,3948
19.11356301,109761.0697,109628.9,109783.09,109877.59,109520,1749607200000,3937
22.993796940000003,109644.6666,109750.1,109615.16,109820.18,109450,1749608100000,3689
28.736571690000005,109631.1873,109608.55,109627.41,109706.63,109470,1749609000000,3609
29.94478931,109638.7478,109627.41,109713.9,109717.9,109500,1749609900000,4322
18.61678181,109745.5381,109696.1,109825.0,109835.03,109600,1749610800000,3314
32.57965995,109813.5488,109825.01,109780.23,109903.23,109640,1749611700000,4060
33.55663094,109739.6987,109780.23,109698.4,109859.42,109560,1749612600000,4061
34.21666808,109714.2823,109674.67,109742.64,109790.46,109540,1749613500000,3767
27.456605520000004,109663.2534,109750.1,109621.39,109768.15,109500,1749614400000,3901
31.222197920000003,109629.1896,109500.0,109696.4,109710.62,109500,1749615300000,3727
31.88450294,109603.9076,109640.9,109626.8,109766.96,109520,1749616200000,3307
17.45908078,109596.7546,109626.79,109596.57,109634.1,109450,1749617100000,2407
27.18450219,109537.1859,109600.1,109517.18,109610.08,109400,1749618000000,2666
32.881189500000005,109521.9923,109511.28,109664.88,109689.99,109360,1749618900000,3403
10.75063816,109557.0698,109647.9,109529.49,109664.88,109390,1749619800000,2600
16.453190829999997,109511.2679,109561.2,109494.31,109584.13,109350,1749620700000,2328
28.407606760000004,109563.2437,109509.9,109575.97,109618.06,109360,1749621600000,3105
11.77380699,109538.6451,109575.97,109470.26,109613.28,109300,1749622500000,2454
13.013707649999997,109446.4336,109484.4,109470.69,109491.5,109300,1749623400000,2560
17.24618364,109464.8925,109450.1,109608.64,109698.93,109300,1749624300000,2127
32.50788516,109671.2009,109607.3,109708.2,109764.66,109500,1749625200000,2608
15.243816910000003,109634.0535,109706.34,109608.1,109706.35,109500,1749626100000,2377
14.64811335,109558.7648,109608.12,109519.46,109644.34,109430,1749627000000,2254
19.526496290000004,109511.294,109519.47,109458.26,109610.16,109380,1749627900000,2050
16.51942422,109534.4908,109496.2,109563.45,109617.24,109400,1749628800000,2265
17.13354023,109529.4655,109565.0,109558.58,109604.13,109390,1749629700000,2246
31.574907349999997,109600.4733,109545.6,109598.24,109692.1,109450,1749630600000,2936
13.23055841,109584.4317,109596.78,109581.04,109651.31,109420,1749631500000,2028
43.708453639999995,109500.1033,109600.0,109504.57,109629.17,109350,1749632400000,2924
10.24734985,109512.1617,109504.57,109478.26,109586.22,109380,1749633300000,1979
48.03221706,109349.3617,109479.25,109287.09,109500.0,109190,1749634200000,2577
48.88113037,109253.3979,109285.35,109280.98,109311.99,109150,1749635100000,2590
33.51874197000001,109287.0406,109265.5,109283.25,109398.54,109150,1749636000000,2841
21.234964679999997,109290.2683,109337.9,109312.31,109337.9,109200,1749636900000,2126
36.83652366,109286.4114,109307.44,109306.7,109355.15,109190,1749637800000,2644
17.06376958,109407.7417,109306.69,109392.5,109493.77,109220,1749638700000,2167
19.48202633,109356.2755,109392.6,109315.73,109405.19,109250,1749639600000,2549
16.80027194,109264.9254,109315.73,109279.8,109335.72,109190,1749640500000,2562
32.66396343,109251.7907,109279.99,109246.42,109334.22,109190,1749641400000,2696
22.18644927,109249.4506,109246.47,109246.31,109301.48,109190,1749642300000,2565
74.34987964,109269.9104,109273.0,109384.55,109485.89,109144,1749643200000,5338
51.25973538000001,109167.1596,109382.36,109291.52,109403.3,108990,1749644100000,4263
241.64484656000002,109681.1304,109291.52,109819.9,109933.0,109230,1749645000000,9943
66.26592953999999,109670.746,109819.9,109729.04,109833.58,109550,1749645900000,4479
74.39981524,109646.9547,109672.9,109634.52,109753.57,109530,1749646800000,5009
83.76198775,109767.508,109634.52,109801.8,109900.0,109560,1749647700000,4393
259.03145005000005,109640.4886,109801.8,109709.17,109924.28,109270,1749648600000,9170
114.48904904,109628.0955,109700.53,109711.72,109819.86,109343,1749649500000,6605
129.89415671999998,109850.4821,109711.71,110023.08,110042.66,109640,1749650400000,6335
369.17093023000007,110213.2887,110013.16,110273.01,110400.0,109890,1749651300000,13365
168.63846533999998,110179.8229,110274.95,110064.14,110435.05,109750,1749652200000,8349
89.85936894999998,109945.7262,110074.7,109907.2,110163.59,109730,1749653100000,5787
85.31875974,109886.464,109886.8,109727.32,110077.55,109630,1749654000000,6070
47.28147003,109765.6881,109727.28,109802.29,109868.06,109580,1749654900000,5092
55.85878863,109828.27,109799.16,109774.81,109941.97,109650,1749655800000,5893
58.44378484999999,109809.4106,109774.79,109752.95,109990.83,109640,1749656700000,5351
155.67818136,109573.3869,109755.9,109490.48,109854.44,109330,1749657600000,9373
60.643746140000005,109559.232,109490.8,109630.51,109687.04,109390,1749658500000,6267
41.9603524,109537.1404,109639.32,109537.6,109664.6,109450,1749659400000,5125
31.43845792,109497.698,109506.37,109474.17,109662.3,109350,1749660300000,5098
47.88110645,109496.195,109474.18,109590.28,109654.98,109350,1749661200000,5451
41.807193760000004,109679.3764,109590.28,109732.0,109801.46,109500,1749662100000,4522
56.00255103000001,109491.871,109699.53,109314.21,109752.89,109280,1749663000000,4618
177.09907407000003,109139.2987,109314.21,109000.0,109340.0,108950,1749663900000,6516
151.10780742999998,108899.7809,109002.1,108801.01,109105.12,108750,1749664800000,9658
204.48535088999998,108621.7776,108801.0,108577.38,108813.1,108460,1749665700000,11022
129.69920228,108676.7776,108571.7,108851.92,108871.12,108420,1749666600000,7378
82.54037094,108859.7714,108851.91,108838.51,108988.34,108680,1749667500000,5708
114.86606092999999,108802.7281,108850.0,108874.05,108982.54,108550,1749668400000,6740
101.47981689,108900.1153,108874.05,108920.01,109000.0,108730,1749669300000,5928
91.74690552999999,108758.4412,108920.0,108701.94,108962.5,108560,1749670200000,5962
105.76912171999999,108731.2419,108701.96,108768.9,108820.98,108540,1749671100000,6639
97.60835397999999,108711.4728,108768.9,108872.53,108984.14,108450,1749672000000,6906
35.57070314,108926.2806,108872.52,108888.1,108990.18,108810,1749672900000,3875
49.60597583,108871.7851,108888.1,108932.91,108943.04,108810,1749673800000,4086
48.10727141,108882.9282,108932.91,108955.12,109051.28,108800,1749674700000,4057
37.810454719999996,109058.4638,108960.18,109253.05,109260.91,108860,1749675600000,4236
67.73232966,109065.6904,109253.06,108876.8,109253.06,108871,1749676500000,4144
104.23084625999998,108598.0353,108872.52,108704.72,108880.0,108444,1749677400000,5735
74.04800270999999,108618.9454,108704.72,108532.4,108846.76,108330,1749678300000,4964
75.7468537,108539.9132,108493.9,108638.92,108677.3,108340,1749679200000,6380
160.69627708,108256.7445,108638.92,108320.49,108643.0,108010,1749680100000,7789
63.002059880000004,108261.3789,108330.1,108351.45,108369.88,108110,1749681000000,5045
40.29679065,108426.325,108353.72,108480.0,108508.0,108260,1749681900000,4338
31.30650874,108475.4448,108444.9,108462.78,108554.45,108300,1749682800000,3833
33.65761027999999,108576.1419,108462.78,108627.39,108658.92,108400,1749683700000,3807
24.738544819999998,108669.1494,108627.38,108696.68,108734.34,108550,1749684600000,3097
26.780989560000002,108664.2588,108694.73,108669.37,108725.0,108580,1749685500000,3027
37.2886287,108652.0321,108701.9,108590.0,108721.34,108560,1749686400000,3581
43.89677544999999,108688.7764,108639.51,108544.11,108853.74,108520,1749687300000,4214
32.22307116,108505.566,108544.92,108662.8,108702.69,108348,1749688200000,4224
40.06444894999999,108717.6183,108699.58,108728.81,108789.51,108610,1749689100000,3790
22.392742359999996,108621.4496,108735.1,108592.49,108735.1,108500,1749690000000,3564
54.557274750000005,108528.6414,108590.7,108439.6,108704.7,108394,1749690900000,4123
58.72514226,108380.9943,108439.6,108502.32,108546.88,108240,1749691800000,4450
32.63153449,108428.0292,108502.32,108549.77,108551.27,108260,1749692700000,3652
53.200148840000004,108670.1934,108549.77,108664.89,108792.22,108420,1749693600000,3952
35.68774885,108618.4302,108664.89,108604.35,108719.2,108490,1749694500000,3378
42.301588849999995,108560.6842,108604.35,108489.94,108652.72,108440,1749695400000,3772
235.10511394999997,108347.6269,108489.94,108411.57,108646.76,106888,1749696300000,5035
32.50544316,108396.5218,108433.6,108344.03,108483.76,108260,1749697200000,3859
186.56716361999997,107941.3074,108357.4,107897.92,108357.5,107640,1749698100000,8341
53.009912050000004,107923.0914,107760.0,108050.96,108054.0,107750,1749699000000,4133
23.17749845,107947.3349,108062.08,107881.37,108098.74,107820,1749699900000,3314
34.56818896,107834.9046,107858.3,107753.6,107953.23,107660,1749700800000,3158
122.98250772,107564.6135,107753.6,107631.54,107817.31,107320,1749701700000,6692
39.55232083,107623.5795,107601.8,107601.8,107694.15,107520,1749702600000,3343
34.903349670000004,107711.3904,107605.35,107787.66,107795.3,107560,1749703500000,2887
37.96250738999999,107683.4056,107740.3,107738.72,107782.09,107550,1749704400000,2832
43.04568967,107849.975,107737.19,107871.62,107951.88,107660,1749705300000,3280
40.78226343,107802.5609,107932.2,107687.79,107932.2,107630,1749706200000,3039
29.039174759999998,107737.6383,107682.4,107767.88,107795.28,107630,1749707100000,2175
39.855882449999996,107769.5763,107772.15,107761.19,107820.14,107650,1749708000000,2405
40.18508127999999,107762.5296,107761.19,107750.0,107867.3,107620,1749708900000,2785
37.006134550000006,107919.1416,107802.1,107985.01,108016.44,107750,1749709800000,2448
13.189324930000002,107923.1189,107985.04,107931.25,107996.4,107860,1749710700000,1774
31.263603840000002,107916.0187,107931.25,107883.6,107992.3,107810,1749711600000,2555
22.762074629999997,107815.2213,107880.16,107750.1,107950.4,107660,1749712500000,2041
63.5761742,107587.8243,107682.89,107606.59,107750.1,107430,1749713400000,3247
56.108439690000004,107626.3253,107550.0,107637.67,107709.43,107500,1749714300000,2646
52.08571853,107580.2011,107637.67,107749.77,107777.31,107430,1749715200000,2736
65.10519994,107795.1254,107749.76,107822.92,107882.59,107600,1749716100000,2664
24.98839453,107796.8561,107831.15,107739.67,107871.58,107710,1749717000000,1909
13.98771684,107736.0429,107739.67,107749.74,107800.3,107656,1749717900000,1784
13.758569210000001,107703.3555,107766.6,107653.37,107803.35,107630,1749718800000,2121
14.9792101,107621.0591,107653.36,107605.39,107698.16,107559,1749719700000,1987
24.65265265,107683.5746,107605.38,107645.74,107749.99,107590,1749720600000,2214
29.788035880000002,107551.9919,107645.74,107534.34,107669.94,107440,1749721500000,2235
37.41222233,107425.5137,107536.6,107407.57,107560.69,107330,1749722400000,2603
45.05296261,107336.783,107407.57,107309.13,107471.98,107200,1749723300000,3412
41.65080741999999,107273.1599,107309.12,107230.0,107386.72,107230,1749724200000,2759
57.5843187,107293.6021,107260.87,107357.54,107410.0,107221,1749725100000,2996
29.523545800000004,107291.0643,107284.7,107323.99,107382.79,107221,1749726000000,3224
95.75454460999998,107126.5383,107322.91,107042.19,107322.91,106980,1749726900000,5350
91.88363076,107027.4836,107042.21,107140.32,107164.24,106970,1749727800000,4414
173.43754249,107012.067,107143.64,106931.3,107214.64,106900,1749728700000,5055
70.53807292,106949.313,106931.3,106930.61,107062.22,106895,1749729600000,4909
49.23529525,106977.7765,106930.6,106986.0,107044.93,106900,1749730500000,4335
130.62674438,107245.1088,106999.98,107386.9,107490.57,106950,1749731400000,7940
52.51151085000001,107182.4322,107426.8,107007.16,107426.81,106940,1749732300000,4661
57.55156342000001,107079.4698,107007.6,107059.76,107181.26,106970,1749733200000,5262
119.04007284000001,106904.0313,107059.76,106857.64,107072.02,106757,1749734100000,6504
221.32506449,106892.1691,106808.5,107144.8,107145.12,106586,1749735000000,11472
70.97242079,107045.3751,107114.0,107088.38,107221.14,106906,1749735900000,6722
102.4432616,107282.9247,107064.9,107487.44,107560.02,107030,1749736800000,6351
74.01062712,107476.4016,107484.49,107507.69,107572.89,107310,1749737700000,5620
100.57464719000001,107589.0443,107503.34,107581.78,107750.0,107388,1749738600000,5697
49.32665138000001,107663.181,107595.8,107642.73,107750.0,107560,1749739500000,5740
68.25704449,107747.2865,107627.6,107628.85,107858.05,107620,1749740400000,6289
109.30774025,107381.2629,107628.85,107237.5,107745.47,107087,1749741300000,7929
54.18657769,107333.2619,107233.42,107415.63,107500.91,107110,1749742200000,6470
106.93708767999999,107044.6452,107415.62,107029.39,107456.1,106901,1749743100000,6842
77.4959303,107317.5656,107047.4,107381.94,107519.34,106980,1749744000000,6766
73.09029155,107599.982,107378.37,107745.48,107880.8,107354,1749744900000,5646
77.90353791,107657.2314,107794.1,107688.99,107794.1,107493,1749745800000,5550
52.85026036000001,107663.818,107660.3,107757.41,107796.11,107511,1749746700000,4351
88.36776432,107880.2414,107746.0,107916.3,107988.62,107700,1749747600000,5099
116.69886667,108119.7384,107916.29,108189.87,108264.51,107890,1749748500000,5890
83.43787044999999,108277.7257,108189.86,108314.35,108358.48,108189,1749749400000,4745
102.15487760000002,108377.1001,108323.01,108328.51,108478.62,108231,1749750300000,6083
59.54892634,108229.9652,108315.0,108100.77,108473.07,108067,1749751200000,5164
209.54810057999998,107917.7105,108102.84,107822.69,108179.07,107750,1749752100000,6515
73.40265959,107839.4688,107822.7,107614.11,107998.88,107580,1749753000000,6224
183.96212654,107471.2922,107614.11,107593.44,107653.99,107226,1749753900000,7898
137.41826912,107599.734,107575.3,107790.84,107805.01,107440,1749754800000,7470
163.15560177999998,107779.732,107790.85,107854.8,107930.23,107620,1749755700000,9389
222.09946169,107772.3676,107834.05,107571.7,107895.61,107540,1749756600000,12438
286.96670804999997,107053.3508,107564.42,106828.55,107617.0,106710,1749757500000,14345
188.51276719999998,106746.5099,106857.6,106500.0,106993.65,106340,1749758400000,11309
84.22685533999999,106744.198,106513.84,106936.02,106954.95,106400,1749759300000,7652
315.65312507,106236.6543,106921.2,106052.99,107005.35,105890,1749760200000,11995
180.68022385,105989.4366,106052.99,106028.25,106252.13,105740,1749761100000,13384
90.80147951,106128.6063,106026.21,106253.24,106326.04,105850,1749762000000,9794
60.465535550000006,106320.5773,106247.75,106471.39,106482.91,106070,1749762900000,7773
49.00421155000001,106251.3104,106471.39,106105.85,106483.89,105890,1749763800000,7557
63.07716818000001,106124.7008,106108.47,105941.7,106251.98,105941,1749764700000,7487
81.90840574,106111.2196,105939.96,106222.47,106293.87,105900,1749765600000,8559
88.04900407000001,105981.4379,106222.48,105918.98,106249.38,105780,1749766500000,9614
54.49245635,105862.7987,105984.1,105864.02,106035.53,105785,1749767400000,8025
66.90042684,105904.2373,105856.09,105935.72,106003.0,105750,1749768300000,7314
91.13101257999998,106083.6477,105961.0,105859.33,106197.45,105780,1749769200000,6954
49.312596289999995,106065.7817,105855.56,106156.62,106167.93,105810,1749770100000,5647
51.980867329999995,106039.386,106156.63,106081.29,106156.63,105920,1749771000000,5416
49.989304139999994,105920.1824,106081.3,105700.0,106100.0,105700,1749771900000,5901
660.50765176,104830.3345,105760.1,104320.6,105760.1,104076,1749772800000,28294
391.8476045700001,104135.3034,104374.59,103787.21,104678.99,103630,1749773700000,18266
329.73817916,103704.8627,103787.22,103980.66,104210.53,103250,1749774600000,16803
222.41167850999997,103965.3742,103989.05,103859.25,104216.11,103560,1749775500000,10479
467.25608313000004,103203.1708,103877.9,103010.74,103877.9,102660,1749776400000,18624
189.52013507,103360.7169,102998.2,103344.67,103562.1,102950,1749777300000,12284
146.95529705,103275.8393,103344.66,103612.5,103642.1,103050,1749778200000,11616
161.99112556000003,103817.8655,103612.49,103864.3,103959.3,103584,1749779100000,10538
132.1242929,103828.7504,103860.08,103824.92,104005.9,103620,1749780000000,8408
116.92582495999997,103843.6249,103902.4,103784.45,104050.56,103640,1749780900000,8789
305.6373826,103747.4141,103784.46,103231.2,104018.98,103120,1749781800000,9231
182.8279186,103577.5355,103231.19,103707.88,103830.93,103200,1749782700000,11396
115.3807965,103933.5424,103728.5,104055.14,104170.98,103660,1749783600000,8414
115.31404388,104252.0021,104096.0,104167.4,104415.35,103980,1749784500000,8331
42.339279219999995,104244.0579,104167.38,104226.65,104362.59,104060,1749785400000,5546
149.33905677,104488.1566,104226.65,104372.23,104701.73,103990,1749786300000,7942
66.35488053,104102.8707,104420.5,104067.01,104420.5,103900,1749787200000,5999
43.96909155,103972.0885,104100.9,104137.67,104155.42,103810,1749788100000,5361
75.58120561999999,104306.2459,104121.1,104556.64,104568.81,104080,1749789000000,5171
137.93465818,104483.6141,104556.66,104483.43,104592.54,104270,1749789900000,5175
49.80125044,104429.6007,104500.1,104365.91,104538.23,104250,1749790800000,3945
29.939255869999997,104408.974,104358.25,104397.49,104539.41,104230,1749791700000,3705
44.773605630000006,104281.2464,104466.1,104320.1,104466.1,104090,1749792600000,4019
54.73921447000001,104270.8512,104320.1,104080.2,104449.75,104020,1749793500000,4149
37.578634720000004,104150.7871,104117.5,104146.36,104266.44,103980,1749794400000,3967
86.71204040999999,104018.4644,104148.51,103850.0,104178.6,103830,1749795300000,4682
44.79080645,103961.7795,103917.9,104016.2,104100.63,103830,1749796200000,3650
101.80670057,104403.6039,104056.35,104781.66,104800.0,103840,1749797100000,5912
58.893884279999995,104535.5532,104700.0,104530.9,104781.66,104320,1749798000000,4419
136.7122158,104645.0472,104410.0,104836.71,104871.4,104340,1749798900000,4862
36.80455681,104759.4253,104836.7,104743.91,104891.9,104580,1749799800000,3950
86.5138853,104851.3397,104744.27,104946.46,105000.0,104570,1749800700000,4352
183.97196452,105154.1474,104946.47,105439.99,105500.0,104830,1749801600000,6443
130.75365134,105254.9315,105310.0,105164.07,105484.47,105010,1749802500000,4613
61.98521893,105103.4088,105157.0,104973.48,105274.9,104820,1749803400000,4094
68.09170223999999,104926.6844,104973.47,104782.69,105000.0,104650,1749804300000,3356
76.40902156000001,104736.3237,104824.4,104769.47,104824.4,104570,1749805200000,3419
65.58654628,104723.9078,104771.03,104745.85,104843.36,104440,1749806100000,3770
30.879928520000004,104718.2093,104743.98,104731.4,104835.63,104500,1749807000000,2981
38.78011,104833.5933,104570.0,104887.74,104986.97,104570,1749807900000,3394
50.83677702,104613.5512,104926.0,104826.98,104937.13,104400,1749808800000,3669
101.81752082999999,104743.0653,104821.23,104709.54,104881.49,104550,1749809700000,3394
62.60019869,104729.9633,104709.53,104829.8,104902.0,104510,1749810600000,3930
39.49987493,104831.6503,104826.32,104925.48,104979.5,104580,1749811500000,3447
44.115809139999996,104985.9712,104888.0,104907.81,105111.04,104770,1749812400000,4005
39.79776027000001,104866.0927,104907.81,104811.45,104979.71,104670,1749813300000,3829
40.62322830000001,104822.009,104799.99,104964.2,104970.06,104610,1749814200000,3592
51.22152683,105001.2193,104964.19,105099.63,105116.99,104780,1749815100000,4310
58.65341702,105087.6975,105026.4,105238.24,105258.81,104960,1749816000000,5003
55.26121710000001,105200.2401,105238.23,105108.07,105358.16,104990,1749816900000,5045
65.76252048,105064.1625,105108.07,104963.76,105250.13,104890,1749817800000,4681
47.06154511,104956.3552,105000.0,104914.44,105089.26,104830,1749818700000,4228
77.6015697,104882.6143,104899.0,104866.04,104963.64,104730,1749819600000,4758
96.09401397,104881.419,104861.55,104904.89,105001.2,104710,1749820500000,5042
142.77125729,105177.0449,104921.95,105289.03,105373.53,104630,1749821400000,9354
94.99254469,104978.3402,105289.03,104790.71,105303.02,104670,1749822300000,7533
148.91248404,104717.0665,104796.86,104600.49,105057.1,104370,1749823200000,9153
133.49539552000002,104386.195,104618.8,104196.16,104618.8,104110,1749824100000,8114
84.03249903,104461.8775,104196.16,104716.89,104802.25,104110,1749825000000,6885
76.24995475,104825.7632,104692.5,105015.03,105067.4,104500,1749825900000,6232
204.45771434,105341.9292,105029.6,105552.79,105572.84,104860,1749826800000,9193
304.67980908,105592.7924,105544.36,105610.0,105825.22,105392,1749827700000,11693
156.48713870000003,105683.1181,105694.51,105720.07,105765.85,105510,1749828600000,8862
165.33447251,105571.6335,105691.5,105503.6,105785.43,105280,1749829500000,9243
154.29047463000003,105688.3907,105503.6,105924.77,105944.52,105280,1749830400000,8117
186.10828399,105957.2928,105924.76,105891.1,106041.61,105820,1749831300000,9409
87.57693268000001,105752.8223,105889.33,105675.47,105924.75,105460,1749832200000,8476
65.41344403000001,105602.559,105675.48,105851.59,105875.16,105390,1749833100000,7997
55.3340826,105648.9452,105823.1,105436.95,105851.59,105400,1749834000000,8098
85.1388759,105273.5652,105436.96,105116.98,105457.1,105109,1749834900000,8864
79.88158372999999,105228.0221,105115.48,105200.03,105397.91,105073,1749835800000,7963
95.68485086,105244.1736,105197.38,105420.0,105500.0,104930,1749836700000,8062
98.08081931000001,105251.4499,105457.1,105110.6,105550.64,105000,1749837600000,6444
123.31569694,105083.9058,105110.58,105053.7,105309.88,104899,1749838500000,7139
113.77717625,104822.8885,105026.4,104875.98,105068.92,104690,1749839400000,6569
109.31193975000001,105100.3409,104875.98,105236.87,105359.51,104800,1749840300000,6690
48.95386938,105241.7697,105190.5,105338.63,105413.95,105040,1749841200000,5045
73.96405313,105235.0072,105338.63,105096.86,105500.0,104942,1749842100000,7303
66.25543284,105158.7946,105096.16,105153.62,105308.91,104977,1749843000000,6702
162.24321417,105156.7181,105153.65,105153.75,105312.48,105040,1749843900000,7335
80.38839359,105190.9267,105164.62,105376.44,105388.01,105050,1749844800000,6274
59.31315555,105323.0935,105376.45,105324.7,105449.99,105165,1749845700000,5567
56.0760267,105356.6299,105324.7,105557.86,105569.28,105232,1749846600000,4758
35.85534656,105407.8885,105557.86,105480.93,105557.86,105240,1749847500000,4920
40.12983519,105449.4753,105455.1,105469.53,105516.2,105376,1749848400000,5487
33.58910337,105525.6686,105469.53,105625.36,105710.33,105359,1749849300000,5699
33.11437052,105633.674,105625.37,105685.28,105729.68,105477,1749850200000,5602
23.381403100000007,105709.3849,105685.27,105669.7,105848.85,105591,1749851100000,4273
44.87389966,105791.0582,105669.68,105765.43,105886.75,105632,1749852000000,5104
24.290562160000004,105721.986,105765.43,105684.09,105822.95,105650,1749852900000,4174
35.97364944,105672.709,105739.8,105639.81,105744.16,105590,1749853800000,3435
90.68442139,105832.1961,105639.82,105805.36,105915.2,105600,1749854700000,4312
75.10635059,105881.7591,105807.1,105834.74,105999.89,105780,1749855600000,4197
25.452857100000006,105926.9496,105834.74,105938.11,105975.79,105830,1749856500000,3242
37.58400946,105977.6298,105925.0,106084.05,106084.05,105890,1749857400000,4929
62.72244201,106105.3584,105989.0,106118.7,106250.0,105989,1749858300000,7166
46.430757240000005,106021.3013,106122.3,106000.0,106138.63,105962,1749859200000,6461
115.05951630999999,105955.9237,106000.0,105848.1,106094.25,105733,1749860100000,8832
38.152792330000004,105932.2984,105848.09,105988.19,106059.8,105830,1749861000000,5622
81.76907222000001,106061.7268,105988.22,105860.44,106264.36,105769,1749861900000,5917
70.14425663,105630.1522,105860.12,105515.55,105860.12,105483,1749862800000,5659
24.574172630000003,105574.3214,105514.66,105586.75,105640.83,105482,1749863700000,3706
23.752972590000002,105570.7148,105586.76,105579.22,105644.19,105521,1749864600000,3636
25.45102129,105574.1916,105579.22,105520.65,105636.98,105481,1749865500000,4083
18.44491658,105521.7564,105520.94,105526.08,105574.79,105420,1749866400000,3189
14.77903117,105545.5944,105526.09,105445.72,105676.05,105416,1749867300000,2666
10.23687137,105411.3631,105445.73,105375.28,105450.0,105373,1749868200000,2029
14.166852299999999,105424.1057,105375.28,105442.14,105492.38,105375,1749869100000,2285
20.444844099999997,105375.44,105395.7,105324.8,105450.82,105319,1749870000000,2471
7.14457919,105349.4705,105324.8,105407.49,105424.41,105300,1749870900000,2057
9.91229192,105428.5368,105386.0,105368.13,105516.01,105363,1749871800000,2410
8.717235800000001,105308.9813,105368.13,105296.44,105420.0,105251,1749872700000,2071
14.65419075,105344.8488,105285.1,105372.71,105456.12,105269,1749873600000,1955
10.58370256,105363.9205,105362.0,105400.51,105433.42,105307,1749874500000,2042
31.62305408,105359.3715,105400.5,105396.43,105475.47,105304,1749875400000,2115
10.97490898,105388.2866,105396.44,105425.45,105440.92,105349,1749876300000,1882
13.3336124,105392.4853,105408.0,105349.12,105471.93,105349,1749877200000,1896
15.679956089999996,105368.4983,105349.12,105377.83,105403.17,105320,1749878100000,1809
11.86417725,105364.8686,105390.3,105398.75,105412.71,105300,1749879000000,1864
9.61736435,105396.0003,105386.0,105342.51,105427.82,105338,1749879900000,1666
21.27565566,105330.2073,105373.1,105289.33,105394.92,105260,1749880800000,2089
27.916674479999998,105223.1423,105289.32,105222.49,105351.0,105165,1749881700000,3071
20.630125200000002,105217.0016,105222.48,105252.62,105280.0,105168,1749882600000,2292
10.76790188,105212.1451,105252.62,105157.55,105260.0,105157,1749883500000,2309
47.25636531999999,105094.2727,105192.2,105000.42,105192.2,104983,1749884400000,3458
33.49174477,104962.2415,105000.43,105041.4,105060.0,104836,1749885300000,3307
13.934054670000002,105127.631,105041.4,105199.28,105210.0,105016,1749886200000,2316
15.36661597,105134.221,105199.28,105126.03,105210.0,105096,1749887100000,1638
34.996065640000005,104997.3043,105120.8,104954.7,105180.0,104941,1749888000000,2199
12.018748400000002,105015.1378,104955.24,105056.09,105080.0,104914,1749888900000,2209
8.872138510000001,105034.0027,105034.6,105132.12,105140.0,104920,1749889800000,3032
8.426575190000001,105170.2461,105132.13,105154.95,105210.0,105095,1749890700000,3403
14.855215710000003,105116.2505,105161.7,105093.25,105190.0,105055,1749891600000,2544
9.83590203,105113.1468,105093.26,105056.17,105170.0,105056,1749892500000,1864
10.53733696,105036.8812,105056.17,105018.88,105110.0,105001,1749893400000,2017
19.570976159999997,104952.0591,105018.88,104918.82,105060.0,104894,1749894300000,2899
12.88631869,104960.5932,104937.7,105017.47,105060.0,104875,1749895200000,3893
37.60112016,104960.6875,105017.47,105040.97,105080.0,104914,1749896100000,2572
26.134097060000002,105100.9296,105040.96,105059.83,105190.0,105039,1749897000000,2818
26.829789890000004,105066.5828,105059.83,105054.4,105130.0,105038,1749897900000,2742
25.58059798,105049.544,105050.2,105033.32,105120.0,104998,1749898800000,3800
21.807130450000002,105105.2577,105033.32,105061.38,105170.0,105021,1749899700000,2911
35.65162727,105083.9435,105061.38,105027.27,105160.0,105008,1749900600000,3186
17.64142674,105094.0134,105027.27,105130.39,105200.0,105008,1749901500000,2684
21.149837039999994,105087.8302,105100.0,105008.8,105200.0,104961,1749902400000,3055
17.11327396,105008.2797,105005.09,104954.73,105130.0,104950,1749903300000,2865
52.46836183,104928.7983,104954.73,104866.42,105090.0,104788,1749904200000,3361
29.0004042,104999.4514,104866.43,105099.3,105170.0,104822,1749905100000,3499
20.749154690000005,105107.7424,105066.9,105075.3,105230.0,105050,1749906000000,2851
21.278582030000003,105029.2849,105071.94,104985.8,105170.0,104945,1749906900000,2792
18.11373514,105055.8392,104983.4,105031.22,105170.0,104954,1749907800000,3283
11.33631456,105045.2119,105031.22,105074.09,105160.0,104965,1749908700000,3293
11.102353199999998,105091.7841,105052.5,105109.18,105180.0,105049,1749909600000,2409
16.23874248,105094.1915,105059.5,105059.15,105170.0,105050,1749910500000,2770
19.45463007,105000.9935,105059.15,104950.42,105140.0,104903,1749911400000,3416
21.250062370000002,104973.2846,104972.1,104973.96,105060.0,104891,1749912300000,2717
15.27990166,105012.5783,104960.6,104988.18,105100.0,104960,1749913200000,2965
19.496895839999997,105003.1974,104988.21,104968.36,105100.0,104917,1749914100000,2845
51.50902282000001,104832.5508,104968.36,104795.02,105010.0,104680,1749915000000,4291
42.76050337,104837.0442,104799.61,104889.39,104960.0,104730,1749915900000,3875
31.074754200000005,104877.0115,104824.4,104872.73,105030.0,104736,1749916800000,3428
28.57076,104847.3462,104872.72,104764.0,104990.0,104742,1749917700000,2689
41.718026439999996,104701.4354,104747.8,104704.65,104850.0,104616,1749918600000,4028
101.90501439,104505.0219,104704.64,104500.9,104770.0,104410,1749919500000,5858
48.09314608000001,104600.7454,104450.0,104657.64,104770.0,104444,1749920400000,3212
28.998984299999996,104721.171,104657.63,104719.97,104840.0,104622,1749921300000,3324
28.993853449999996,104670.854,104699.0,104574.94,104840.0,104525,1749922200000,2988
26.97227442,104641.6305,104570.85,104642.7,104750.0,104528,1749923100000,2329
47.54871962,104809.2343,104642.7,104952.38,105090.0,104639,1749924000000,2945
137.23464361,104778.2409,104952.38,104652.51,105030.0,104631,1749924900000,5425
119.14755588000001,104463.7308,104655.18,104467.55,104750.0,104377,1749925800000,4863
84.03859302,104584.4275,104467.55,104938.41,105060.0,104389,1749926700000,3353
60.56564856,104983.0386,104910.0,105031.67,105140.0,104838,1749927600000,3278
19.229834,105010.7024,105040.4,104951.92,105130.0,104936,1749928500000,2465
25.518254770000002,105020.3796,104947.3,105021.51,105160.0,104931,1749929400000,2690
54.92728055,104811.5039,105021.51,104706.36,105100.0,104690,1749930300000,3288
60.49787029,104562.7834,104706.35,104419.33,104870.0,104351,1749931200000,4527
48.19911366,104581.2836,104419.33,104698.03,104820.0,104380,1749932100000,3953
40.72408483,104907.8011,104678.9,104969.31,105140.0,104678,1749933000000,3845
35.79721184,104970.6984,104969.31,104944.7,105150.0,104840,1749933900000,3377
20.27475653,105012.7796,104894.5,105057.92,105160.0,104894,1749934800000,2900
53.31673904,105087.8558,105057.89,105225.32,105340.0,104902,1749935700000,3863
47.019417569999995,105195.9527,105225.32,105179.05,105360.0,105080,1749936600000,3234
86.79667805000001,105414.5982,105179.1,105382.68,105760.0,105177,1749937500000,4181
42.909723220000004,105479.4009,105430.6,105504.16,105650.0,105347,1749938400000,3266
16.34522561,105527.4955,105504.2,105510.02,105660.0,105471,1749939300000,3167
21.781606720000003,105445.3813,105518.0,105366.8,105630.0,105333,1749940200000,3646
17.938886089999997,105403.9765,105366.81,105477.75,105560.0,105339,1749941100000,2838
19.61464665,105494.7851,105422.1,105481.8,105650.0,105422,1749942000000,3166
24.16114162,105519.633,105481.84,105421.3,105630.0,105393,1749942900000,3736
9.259432559999999,105429.2698,105423.2,105511.49,105620.0,105397,1749943800000,3143
10.138653280000002,105490.1784,105511.49,105465.42,105650.0,105441,1749944700000,3138
14.27743302,105450.553,105465.42,105508.89,105640.0,105396,1749945600000,3269
22.82312481,105476.3763,105506.68,105465.14,105660.0,105408,1749946500000,3494
19.36217349,105456.3787,105465.15,105525.38,105610.0,105296,1749947400000,2956
41.77413141,105683.9348,105525.38,105695.89,105880.0,105513,1749948300000,3399
24.51089013,105654.2315,105689.7,105620.07,105840.0,105551,1749949200000,3406
13.180707759999999,105556.7489,105620.07,105503.03,105720.0,105471,1749950100000,3398
18.369607549999998,105484.4728,105503.02,105539.46,105660.0,105454,1749951000000,2896
21.26400364,105477.2806,105539.46,105474.35,105640.0,105423,1749951900000,2788
23.045885500000004,105588.308,105474.35,105652.4,105820.0,105468,1749952800000,2944
7.44687747,105639.0208,105652.41,105666.5,105800.0,105592,1749953700000,3189
7.328236189999999,105611.0092,105666.51,105590.35,105780.0,105562,1749954600000,2465
9.876918020000002,105573.1575,105590.35,105527.78,105720.0,105524,1749955500000,2179
5.333718980000001,105549.6821,105530.2,105551.73,105700.0,105527,1749956400000,2188
7.33207943,105585.5414,105551.73,105595.03,105710.0,105541,1749957300000,2155
7.15217937,105606.3764,105595.03,105589.55,105730.0,105542,1749958200000,2093
7.56414428,105549.9937,105595.8,105534.24,105720.0,105512,1749959100000,2043
6.547139659999999,105553.9988,105521.3,105573.64,105690.0,105521,1749960000000,2091
6.05523555,105563.7979,105573.64,105565.77,105710.0,105536,1749960900000,2047
11.345831060000002,105560.1284,105565.77,105581.54,105710.0,105534,1749961800000,2175
7.68811521,105610.0988,105581.54,105620.25,105730.0,105545,1749962700000,2009
6.63000644,105599.5638,105604.0,105587.63,105720.0,105576,1749963600000,1738
7.349973220000001,105603.302,105587.62,105725.56,105800.0,105547,1749964500000,1896
20.558756409999997,105791.3676,105632.5,105881.75,105980.0,105632,1749965400000,3063
53.830475670000006,106016.0445,105803.4,106090.0,106240.0,105803,1749966300000,4310
43.29252191999999,106079.2159,106090.0,105856.65,106260.0,105821,1749967200000,3618
36.05660948,105746.5679,105856.65,105593.07,106030.0,105586,1749968100000,3681
10.0134089,105553.7723,105599.91,105577.5,105710.0,105469,1749969000000,2982
6.09568215,105537.5229,105680.0,105489.0,105690.0,105479,1749969900000,2794
20.450957719999998,105399.038,105493.9,105479.19,105620.0,105254,1749970800000,3791
11.830073620000002,105400.3359,105479.19,105330.63,105600.0,105299,1749971700000,3295
15.574129050000003,105388.4488,105330.63,105405.78,105590.0,105255,1749972600000,3961
10.03916958,105461.1254,105402.07,105470.67,105620.0,105392,1749973500000,4393
10.129305789999998,105406.7787,105465.85,105329.92,105610.0,105317,1749974400000,4701
8.06151413,105327.6381,105330.51,105289.95,105470.0,105282,1749975300000,4112
19.485516099999998,105273.5216,105320.1,105275.19,105390.0,105216,1749976200000,3733
10.228611870000002,105227.7847,105284.85,105236.83,105370.0,105173,1749977100000,3840
41.02113698,105039.7271,105236.83,104985.76,105330.0,104968,1749978000000,4606
14.074304099999999,104999.9055,104985.76,104982.25,105130.0,104950,1749978900000,3610
9.246637889999999,104979.0003,104982.24,105005.15,105140.0,104900,1749979800000,3577
8.06396667,104987.6821,105005.15,104963.99,105160.0,104925,1749980700000,3202
8.69947286,105081.4969,104963.99,105127.4,105270.0,104937,1749981600000,3424
35.52491891,105090.454,105181.58,105078.77,105290.0,105032,1749982500000,3488
8.06453355,105075.4908,105078.77,105136.97,105230.0,105005,1749983400000,3225
5.6415471,105162.8165,105136.96,105153.21,105300.0,105109,1749984300000,3365
9.555285129999998,105157.0176,105153.21,105142.29,105270.0,105097,1749985200000,3403
8.20560422,105101.8068,105136.83,105034.78,105230.0,105003,1749986100000,3360
13.050016499999998,105010.5906,105003.9,104980.03,105160.0,104951,1749987000000,3848
26.903636069999997,105029.3273,104980.03,105011.89,105210.0,104936,1749987900000,5151
22.701208649999998,105105.4518,104955.9,105164.98,105320.0,104955,1749988800000,4974
17.683681089999997,105174.0473,105164.98,105077.77,105330.0,105050,1749989700000,4548
14.161831,105119.3864,105077.77,105156.27,105280.0,105037,1749990600000,4759
40.30162335,105236.7816,105156.28,105329.32,105460.0,105062,1749991500000,5320
36.69146881,105432.4565,105329.32,105446.87,105690.0,105257,1749992400000,5390
26.867523359999996,105515.8327,105446.87,105515.34,105760.0,105348,1749993300000,4768
33.71590198,105416.2381,105531.6,105546.41,105650.0,105308,1749994200000,4255
26.227059600000004,105606.2731,105546.41,105565.67,105790.0,105454,1749995100000,3276
32.794186350000004,105489.437,105558.5,105430.53,105720.0,105392,1749996000000,3376
17.094877900000004,105416.805,105430.53,105407.37,105630.0,105335,1749996900000,2819
25.219070519999995,105492.6587,105407.38,105566.79,105780.0,105335,1749997800000,3740
49.52648476,105794.7157,105558.5,105685.71,105970.0,105558,1749998700000,4327
20.80527858,105689.3091,105685.0,105654.45,105870.0,105587,1749999600000,3163
12.161152979999999,105667.254,105648.15,105770.81,105850.0,105592,1750000500000,3856
13.640960200000002,105764.982,105770.81,105654.63,105920.0,105651,1750001400000,4589
23.310659310000002,105659.0158,105657.28,105597.85,105830.0,105560,1750002300000,5465
27.64521864,105617.3779,105597.86,105576.72,105810.0,105516,1750003200000,4913
28.96385903,105464.9418,105519.9,105448.66,105710.0,105370,1750004100000,3577
21.22412987,105484.4126,105443.19,105542.05,105690.0,105355,1750005000000,3051
14.040968249999999,105570.0597,105542.05,105605.84,105740.0,105477,1750005900000,2891
22.64787531,105565.212,105544.1,105513.39,105730.0,105500,1750006800000,3120
19.31533636,105575.3582,105512.87,105566.63,105730.0,105500,1750007700000,4170
32.148481319999995,105681.5493,105566.61,105746.73,105870.0,105521,1750008600000,5118
31.09489109,105824.6133,105746.73,105708.2,105940.0,105700,1750009500000,3215
22.789371859999996,105635.0819,105708.2,105595.36,105860.0,105530,1750010400000,3006
33.423147820000004,105563.8459,105595.33,105567.68,105740.0,105500,1750011300000,2962
22.75293477,105564.6268,105567.68,105539.13,105720.0,105509,1750012200000,2710
20.695591919999995,105581.3803,105534.01,105513.59,105740.0,105492,1750013100000,2875
19.66918914,105578.6029,105546.3,105573.26,105740.0,105492,1750014000000,2847
21.23031522,105552.8729,105573.15,105518.23,105730.0,105500,1750014900000,3236
152.34376202000004,105555.0005,105518.26,105167.77,105700.0,105103,1750015800000,6143
51.001969620000004,105278.1832,105167.78,105333.91,105520.0,105114,1750016700000,4665
29.708999979999998,105189.8875,105266.5,105109.16,105530.0,105086,1750017600000,3479
35.13687863,105033.1266,105109.12,105012.81,105330.0,104959,1750018500000,3967
61.04865455,104884.1827,105001.1,104707.5,105270.0,104707,1750019400000,4402
56.814647050000005,104746.6966,104720.35,104762.86,105080.0,104615,1750020300000,4969
78.1717015,104672.1812,104723.4,104582.72,105030.0,104505,1750021200000,5882
62.29998175,104762.2475,104582.72,104836.93,105010.0,104532,1750022100000,5911
30.04101963,104732.8328,104838.76,104702.29,105020.0,104545,1750023000000,5301
26.022903,104798.9073,104702.29,104814.61,105030.0,104671,1750023900000,3852
68.78068848,105094.1157,104814.6,105181.6,105420.0,104751,1750024800000,4930
39.17705129,105190.4535,105181.59,105190.02,105460.0,105044,1750025700000,3993
73.3806596,105157.6094,105127.5,105238.73,105400.0,105044,1750026600000,3710
27.539471149999994,105338.445,105247.83,105284.87,105530.0,105188,1750027500000,3159
19.706342109999998,105363.4733,105294.1,105278.0,105580.0,105230,1750028400000,2832
20.32074734,105400.5266,105266.55,105448.33,105650.0,105263,1750029300000,2924
35.53677185000001,105542.1214,105448.21,105621.26,105780.0,105430,1750030200000,3232
29.65476635,105566.4897,105621.26,105581.4,105750.0,105462,1750031100000,3150
28.089439599999995,105574.8213,105581.5,105530.01,105790.0,105475,1750032000000,3140
54.55647784,105571.8241,105528.5,105493.38,105910.0,105379,1750032900000,4089
57.14934793,105595.8093,105500.08,105578.84,105840.0,105386,1750033800000,4006
26.16174763,105485.1169,105578.83,105448.09,105760.0,105362,1750034700000,3319
52.057572160000014,105255.339,105443.5,105155.7,105660.0,105064,1750035600000,4012
44.66044109999999,105106.6518,105155.69,105117.21,105370.0,105002,1750036500000,3583
65.65187714,105286.3722,105117.27,105620.05,105800.0,104982,1750037400000,4576
71.60986189000002,105783.3039,105604.5,105824.33,106050.0,105516,1750038300000,5034
50.64208538,105875.669,105824.32,105942.38,106130.0,105784,1750039200000,4586
55.351271929999996,105906.5883,105942.39,105791.79,106130.0,105725,1750040100000,4372
20.965407700000004,105792.2089,105774.9,105848.34,106080.0,105691,1750041000000,3455
18.860435589999998,105841.0445,105842.37,105803.1,106030.0,105789,1750041900000,2863
30.064801770000003,105799.8447,105834.1,105891.56,106040.0,105722,1750042800000,3085
68.15313861,105861.6039,105891.56,105951.3,106180.0,105790,1750043700000,3095
29.024419520000002,105942.0019,105951.29,105906.67,106130.0,105872,1750044600000,2750
23.485313540000003,105919.3489,105903.75,105935.25,106110.0,105856,1750045500000,2721
35.68894336,105985.6718,105913.6,106062.79,106170.0,105886,1750046400000,2949
108.42842880999999,106207.5616,106066.32,106251.47,106570.0,105968,1750047300000,5200
29.117311809999997,106305.2819,106245.43,106314.04,106490.0,106200,1750048200000,3063
58.8967708,106359.8156,106314.01,106426.95,106570.0,106177,1750049100000,3401
36.43345657,106436.0628,106409.8,106397.01,106600.0,106332,1750050000000,3298
72.59544278,106629.7522,106397.01,106714.92,106850.0,106367,1750050900000,3559
58.13274751000001,106673.7113,106697.0,106563.81,106950.0,106555,1750051800000,4176
46.59557391,106578.548,106556.5,106597.74,106780.0,106525,1750052700000,2520
45.93448195,106573.5142,106572.4,106622.45,106760.0,106518,1750053600000,2855
34.64797781,106719.2717,106622.44,106725.65,106940.0,106582,1750054500000,2687
34.51237512,106717.9138,106727.89,106810.0,106900.0,106622,1750055400000,2375
30.82680481,106646.3799,106683.56,106599.38,106840.0,106550,1750056300000,2520
43.08794659,106668.0488,106582.9,106720.0,106860.0,106582,1750057200000,2274
41.16239078,106755.2553,106720.0,106825.9,106990.0,106647,1750058100000,2423
173.16207628000004,107075.1971,106883.12,107201.79,107340.0,106825,1750059000000,5427
65.70237629,107082.5981,107204.39,107080.07,107310.0,106994,1750059900000,2409
24.43945244,107133.2462,107080.07,107120.69,107260.0,107053,1750060800000,1938
46.55073459,107090.2122,107120.69,106980.25,107260.0,106957,1750061700000,2750
30.934741920000008,107052.0802,106990.7,107087.6,107220.0,106957,1750062600000,2358
26.077435029999997,107155.7526,107104.15,107310.0,107350.0,107072,1750063500000,2314
55.14643481,107169.3233,107163.1,107031.89,107370.0,107005,1750064400000,2794
32.35351487,107020.0659,107026.28,106968.84,107190.0,106960,1750065300000,2688
61.32617236,106987.3339,106968.84,107014.49,107160.0,106924,1750066200000,2561
33.87294427,106989.9804,107014.48,106972.99,107170.0,106895,1750067100000,2735
39.76462027000001,107076.1723,106963.0,107162.2,107300.0,106914,1750068000000,3213
26.023054600000002,107163.2642,107162.19,107095.59,107260.0,107091,1750068900000,2091
32.16047778,107034.9669,107095.59,106937.32,107180.0,106933,1750069800000,2735
29.690575339999995,106846.2061,106937.31,106849.0,107040.0,106750,1750070700000,4649
26.864662149999994,106812.3241,106856.72,106762.93,106950.0,106743,1750071600000,4493
38.27501865,106669.6777,106762.93,106699.69,106880.0,106577,1750072500000,5568
35.117543760000004,106822.0301,106699.69,106957.38,107020.0,106674,1750073400000,4214
34.38724805,106906.7727,106962.74,106900.0,107060.0,106845,1750074300000,4583
30.169888399999998,106851.3632,106892.6,106761.99,106990.0,106761,1750075200000,3611
34.51687035999999,106756.2797,106860.0,106685.14,106890.0,106657,1750076100000,3869
47.414540689999995,106721.7445,106685.14,106765.3,106801.01,106600,1750077000000,3494
30.580794800000003,106790.3057,106765.3,106697.02,106842.92,106672,1750077900000,3699
39.93274185,106675.5121,106720.1,106664.19,106830.0,106580,1750078800000,3812
31.06739063000001,106652.4258,106664.18,106666.46,106760.0,106609,1750079700000,4073
89.00687483,106685.1229,106647.0,106760.6,106820.0,106506,1750080600000,8101
223.21946464999996,106895.2848,106784.35,107194.33,107213.28,106595,1750081500000,9002
175.4027807,107115.0368,107180.95,106997.16,107260.0,106800,1750082400000,7989
170.34357929,107203.7852,106968.6,107387.86,107430.0,106862,1750083300000,7177
317.66885206,107662.5518,107395.37,107671.45,107868.12,107375,1750084200000,9891
183.18680995000003,107680.2809,107640.0,107574.63,107830.0,107503,1750085100000,7928
105.24984199000001,107623.5216,107574.63,107637.66,107770.0,107519,1750086000000,5504
84.63667306999999,107591.5784,107637.66,107508.08,107750.0,107433,1750086900000,4915
84.44373345999999,107522.6802,107506.45,107589.44,107649.32,107426,1750087800000,6022
119.05391789000001,107625.1605,107589.44,107478.21,107770.0,107331,1750088700000,6854
71.55335239,107571.7164,107456.2,107717.12,107740.0,107347,1750089600000,5527
81.32433628,107693.0225,107717.12,107657.93,107760.0,107617,1750090500000,5024
105.81165307999999,107762.739,107657.93,107764.01,107980.0,107641,1750091400000,6259
87.00957664,107768.8115,107764.0,107816.53,107950.0,107561,1750092300000,5679
85.38901489999999,107770.9887,107816.53,107790.27,107920.0,107683,1750093200000,5251
135.22959258999998,107944.378,107787.63,107930.05,108050.0,107725,1750094100000,6557
67.58919248999999,107972.9157,107930.04,107875.23,108110.0,107853,1750095000000,5353
54.895127769999995,107818.5234,107875.23,107790.18,107970.0,107657,1750095900000,5463
78.10399172999999,107904.4704,107790.17,107985.14,108021.74,107724,1750096800000,5469
105.56172115999999,108013.2716,107985.17,108122.02,108180.0,107843,1750097700000,4788
49.17834099,108114.0379,108122.02,108135.24,108190.0,108042,1750098600000,3713
104.01928050000001,108197.4694,108135.23,108313.05,108340.0,108042,1750099500000,5688
205.42202246000005,108579.3098,108299.7,108675.51,108818.97,108299,1750100400000,9529
195.0831165,108797.1862,108675.51,108821.68,108952.21,108598,1750101300000,8730
266.49934752999997,108676.116,108821.7,108579.46,108890.0,108459,1750102200000,10687
209.30505539999996,108594.3836,108576.02,108699.51,108720.57,108468,1750103100000,9144
127.98543656000001,108625.8833,108699.54,108696.19,108780.0,108449,1750104000000,6773
132.58408004,108634.6774,108696.19,108683.11,108770.0,108534,1750104900000,7383
52.22662027,108686.6473,108683.08,108793.3,108820.0,108606,1750105800000,3933
81.60507267999999,108735.5416,108792.37,108845.46,108900.0,108608,1750106700000,5587
57.265141580000005,108724.6858,108813.9,108601.99,108900.0,108600,1750107600000,5873
46.50315703,108648.405,108602.0,108694.81,108783.56,108575,1750108500000,6212
67.86306414,108497.8815,108696.92,108581.34,108711.52,108367,1750109400000,6694
39.68518724,108594.2244,108590.0,108563.94,108710.0,108500,1750110300000,4385
133.83846770999997,108785.4047,108563.95,108828.72,109030.0,108542,1750111200000,6974
46.9663689,108719.5102,108828.71,108718.25,108860.0,108640,1750112100000,3881
193.20822991999998,108088.8765,108718.24,107511.02,108760.0,107498,1750113000000,8947
200.46223415000003,107681.9858,107510.04,107732.0,107920.0,107467,1750113900000,9048
81.84445583000002,107745.4689,107732.1,107919.61,107970.0,107568,1750114800000,6361
97.2294033,107747.7434,107929.57,107629.13,108050.0,107489,1750115700000,6645
83.60154795999999,107309.1218,107625.76,107199.86,107716.99,107119,1750116600000,6699
155.10453781999996,106973.3339,107199.85,106853.38,107241.23,106738,1750117500000,7612
243.57081132999997,106475.8006,106800.1,106279.95,106896.48,106167,1750118400000,10628
206.29403139000001,106704.2664,106283.43,106864.07,107008.44,106147,1750119300000,9327
97.67535756999999,106884.4088,106864.07,106794.24,107064.33,106709,1750120200000,7016
100.22301323,107113.092,106794.24,107273.22,107318.96,106768,1750121100000,6700
53.98770500999999,107200.3817,107273.22,107165.17,107361.66,106956,1750122000000,5172
27.08830317,107125.0078,107165.17,107069.07,107267.3,107021,1750122900000,4185
49.24858096999999,107201.8528,107069.07,107121.92,107458.24,107020,1750123800000,4483
40.60668684,107257.5012,107121.91,107232.37,107417.28,107035,1750124700000,4869
41.36721179,107157.6909,107232.37,107091.16,107271.68,107026,1750125600000,5707
35.582830220000005,106894.2611,107089.45,106741.29,107120.0,106735,1750126500000,3786
58.21283478,106757.425,106741.29,106962.35,106986.79,106600,1750127400000,4196
77.66944799999999,107228.0477,106962.35,107517.68,107630.0,106737,1750128300000,5910
64.47284956000001,107596.8076,107525.1,107598.47,107792.9,107391,1750129200000,4596
36.04431743999999,107551.7632,107606.31,107455.94,107670.0,107431,1750130100000,3749
27.17553296,107589.3557,107454.13,107523.14,107689.32,107454,1750131000000,3201
42.080597270000005,107647.3703,107528.86,107630.24,107772.23,107486,1750131900000,3307
36.25710429000001,107673.4265,107600.1,107680.5,107764.13,107565,1750132800000,3368
22.44292244,107596.4458,107684.0,107535.13,107730.0,107500,1750133700000,3743
28.63909801,107415.1406,107529.98,107381.9,107590.0,107326,1750134600000,3469
36.52311288,107426.4807,107381.9,107362.47,107490.0,107345,1750135500000,3980
16.878419169999997,107354.0992,107359.2,107307.51,107438.64,107256,1750136400000,3620
35.43949071,107206.2381,107316.52,107261.91,107370.0,107066,1750137300000,3840
16.92792752,107256.0648,107222.7,107216.45,107338.7,107205,1750138200000,2406
24.15577699,107135.1155,107216.45,107123.9,107260.0,107069,1750139100000,2837
22.79498836,107186.9758,107150.68,107225.0,107280.0,107078,1750140000000,3675
35.40683265,107042.1829,107236.78,107034.27,107253.59,106967,1750140900000,2669
30.26852181,106987.0818,106983.6,106960.95,107060.0,106920,1750141800000,2371
91.68093921000002,106854.3854,106953.7,106868.23,107030.0,106744,1750142700000,3730
36.33452112,106826.1718,106869.9,106737.26,106940.0,106706,1750143600000,3992
38.19459725,106647.5896,106738.57,106509.84,106810.0,106503,1750144500000,4405
32.74474124000001,106635.7821,106505.57,106684.83,106750.0,106501,1750145400000,2764
26.360646189999997,106741.8252,106683.14,106792.45,106828.03,106657,1750146300000,2013
43.13445188000001,106748.1677,106792.45,106776.56,106800.0,106694,1750147200000,2385
31.01044651,106729.7371,106781.31,106839.93,106862.77,106623,1750148100000,2825
28.841125870000003,106661.423,106824.3,106522.99,106861.12,106510,1750149000000,2347
33.09782777,106584.6757,106522.98,106586.8,106701.45,106512,1750149900000,2590
63.361409949999995,106542.2899,106563.4,106493.61,106720.0,106397,1750150800000,3144
30.50302565,106451.8977,106492.95,106430.48,106550.0,106390,1750151700000,2621
61.26059634,106291.0561,106430.48,106320.0,106480.0,106149,1750152600000,3262
52.86307664,106208.6767,106291.73,106188.35,106321.56,106081,1750153500000,3319
50.45425589,106143.1227,106188.35,106112.87,106281.32,106070,1750154400000,3222
31.25217196,106131.0222,106105.77,106114.49,106198.45,106056,1750155300000,2781
104.00128602000001,105917.3798,106120.35,105800.0,106140.0,105763,1750156200000,5770
52.20542742999999,105886.2646,105800.0,105970.34,106010.0,105768,1750157100000,3689
49.05324736,105821.9268,105966.0,105748.13,105990.0,105731,1750158000000,3309
96.966921,105666.803,105748.14,105566.05,105820.0,105545,1750158900000,4679
44.39381355,105601.8066,105567.68,105541.55,105710.0,105523,1750159800000,3885
32.2277644,105586.9693,105540.01,105659.83,105730.0,105515,1750160700000,3756
70.37327918000001,105743.7921,105632.4,105805.24,105910.0,105590,1750161600000,5026
57.80343633999999,105752.6052,105805.24,105711.47,105850.0,105663,1750162500000,4836
47.09086454,105760.2627,105711.46,105790.83,105900.0,105642,1750163400000,4575
66.09131661999999,105602.583,105787.03,105540.7,105800.74,105454,1750164300000,4707
39.597720540000005,105531.4906,105535.7,105568.48,105650.0,105435,1750165200000,4058
63.178274689999995,105581.3476,105559.9,105655.01,105720.0,105448,1750166100000,4420
125.10026823,105614.6325,105630.0,105348.72,105800.0,105298,1750167000000,6619
155.50437481000003,105366.0,105358.09,105373.47,105590.0,105208,1750167900000,8071
167.6070025,105330.8729,105373.31,105706.57,105790.0,105002,1750168800000,9748
93.70474365999999,105421.6766,105696.6,105338.61,105750.0,105239,1750169700000,6764
140.67869005,105106.3246,105338.61,105073.89,105480.0,104874,1750170600000,7539
172.55681926,105001.2599,105073.9,104861.0,105360.0,104783,1750171500000,8004
332.75545012000003,104778.533,104850.0,104768.27,105000.0,104571,1750172400000,12031
222.18763399000002,104446.1196,104768.27,104291.1,104800.0,104220,1750173300000,10174
219.38273866999998,104386.8817,104315.27,104605.5,104670.0,104133,1750174200000,9621
177.13767503,104345.426,104605.48,104246.81,104660.0,104181,1750175100000,9646
135.31742270999996,104311.9635,104260.5,104409.91,104480.0,104200,1750176000000,8231
221.22242525000001,104276.1403,104409.91,104193.67,104490.0,104100,1750176900000,9463
171.61706508999998,104313.8809,104193.66,104138.46,104530.0,104100,1750177800000,8592
550.49920984,103783.0601,104138.45,103635.0,104230.0,103500,1750178700000,15796
304.79306615999997,103547.2051,103643.32,103659.12,103870.0,103363,1750179600000,14022
152.11821982,103747.7563,103659.11,103933.12,104010.0,103586,1750180500000,9726
260.69263812,104018.6521,103919.98,103858.11,104320.0,103816,1750181400000,13126
91.09099050000002,103860.6926,103869.13,103822.11,104050.0,103725,1750182300000,7714
98.59491119,103901.3581,103898.7,103927.21,104127.62,103729,1750183200000,8236
166.82116482000004,103826.7137,103927.2,103689.26,104020.0,103625,1750184100000,9076
110.46156301,103913.8526,103689.28,104072.33,104160.0,103678,1750185000000,8117
136.17215234,104251.0171,104072.05,104448.32,104480.0,104052,1750185900000,7319
248.88184988000003,104712.7196,104441.64,104883.4,104921.48,104422,1750186800000,9661
378.78857274999996,105113.1414,104883.4,105171.76,105410.0,104881,1750187700000,12371
399.72914772,105033.1155,105170.01,104942.92,105270.0,104857,1750188600000,11972
378.67752313,105093.2863,104935.92,104705.02,105270.0,104677,1750189500000,14035
104.75662232,104718.0273,104705.02,104630.1,104926.69,104517,1750190400000,6320
88.01303732999999,104521.5227,104619.35,104606.95,104780.0,104266,1750191300000,7062
73.87477412,104580.4291,104606.94,104606.85,104740.0,104440,1750192200000,7026
173.26486041,104529.9541,104606.85,104388.35,104700.0,104336,1750193100000,8048
82.93784641,104462.2735,104396.9,104457.45,104630.0,104279,1750194000000,6488
46.5323808,104467.671,104457.45,104553.43,104650.0,104340,1750194900000,6462
66.38197133,104717.2301,104553.43,104759.97,104940.0,104521,1750195800000,5522
78.62285388000001,104559.6394,104719.8,104591.9,104860.0,104393,1750196700000,5480
56.70608368,104567.2288,104586.01,104696.1,104840.0,104428,1750197600000,4721
70.24504674000002,104707.4951,104703.34,104625.02,104870.0,104621,1750198500000,4578
37.44235575,104591.9595,104638.1,104638.7,104780.0,104480,1750199400000,3894
265.92039605,104483.8637,104638.95,104253.55,104790.0,104222,1750200300000,5194
41.012805500000006,104386.2702,104248.2,104454.96,104630.0,104234,1750201200000,4131
37.56449331,104554.7388,104454.97,104595.02,104740.0,104434,1750202100000,3862
42.21373421,104695.6127,104595.02,104710.56,104890.0,104515,1750203000000,3600
43.80195353,104734.3563,104710.55,104622.4,104890.0,104559,1750203900000,3342
36.02518809,104641.1101,104622.5,104595.56,104810.0,104563,1750204800000,3549
40.16988251,104566.5909,104595.56,104435.82,104790.0,104370,1750205700000,3822
43.320484560000004,104672.4347,104435.82,104752.26,104970.0,104389,1750206600000,5062
57.35553006,104763.2267,104747.08,104856.06,105010.0,104591,1750207500000,5551
72.38677999000001,104961.9387,104824.4,104975.98,105220.0,104824,1750208400000,4779
41.017091210000004,105073.3149,104975.99,104841.15,105320.0,104825,1750209300000,3986
40.41334771,104874.3689,104841.14,104837.63,105070.0,104774,1750210200000,3366
43.375831070000004,104799.2294,104842.07,104817.94,104980.0,104696,1750211100000,3237
50.75618177999999,104845.7684,104817.94,104854.98,105060.0,104765,1750212000000,4039
48.20585202,104877.1805,104854.97,105087.69,105230.0,104710,1750212900000,4844
31.982919350000003,105048.9787,105087.7,104938.51,105230.0,104925,1750213800000,4039
14.212098319999999,105002.8982,104938.51,104872.56,105160.0,104868,1750214700000,3899
26.961622819999995,104949.5671,104925.6,105016.0,105190.0,104862,1750215600000,4757
28.199655810000003,105082.0159,105024.42,105066.42,105270.0,105006,1750216500000,3676
28.94420054,105178.7976,105065.9,105236.83,105350.0,105052,1750217400000,3858
30.991028789999994,105234.7605,105233.75,105207.65,105390.0,105157,1750218300000,4086
38.49294088,105212.6668,105195.0,105271.77,105390.0,105077,1750219200000,3289
21.072146889999996,105282.2659,105271.77,105231.31,105430.0,105168,1750220100000,5808
27.731033979999996,105311.3897,105229.47,105378.3,105490.0,105192,1750221000000,5995
35.22038243,105476.928,105378.3,105479.87,105650.0,105304,1750221900000,5468
18.66959931,105504.0322,105440.2,105459.5,105650.0,105436,1750222800000,3801
22.25333794,105503.4743,105459.5,105504.73,105660.0,105400,1750223700000,3379
23.04636009,105558.2954,105500.0,105554.7,105650.0,105469,1750224600000,3525
26.723433339999996,105484.118,105500.0,105437.95,105650.0,105404,1750225500000,3518
55.907985520000004,105449.6073,105438.52,105467.61,105610.0,105340,1750226400000,3323
34.97369356,105435.0129,105465.56,105346.52,105570.0,105263,1750227300000,3249
24.398903120000007,105248.4028,105317.1,105123.63,105400.0,105110,1750228200000,2578
38.70662696,105010.8022,105123.63,104990.27,105210.0,104908,1750229100000,4239
35.31702487,104887.149,104990.27,104877.33,105070.0,104731,1750230000000,4593
23.84915231,104957.1794,104869.73,104965.08,105080.0,104850,1750230900000,3859
29.927570560000003,104954.076,104965.09,104963.17,105100.0,104886,1750231800000,3586
19.691958489999998,104983.2096,104961.98,104996.51,105080.0,104936,1750232700000,2404
30.47330055,105196.8467,104970.0,105259.62,105400.0,104969,1750233600000,3234
24.695620350000002,105196.1365,105259.62,105114.2,105350.0,105110,1750234500000,3138
34.83721875,104978.9799,105138.2,104836.68,105220.0,104749,1750235400000,3396
19.390802869999998,104954.0277,104834.88,104977.93,105090.0,104811,1750236300000,2862
23.17929824,105067.2893,104940.4,105017.34,105250.0,104940,1750237200000,3063
15.128819129999998,104997.6666,105017.34,104888.89,105160.0,104883,1750238100000,2671
44.93517218999999,104794.9173,104888.89,104696.67,105010.0,104652,1750239000000,3515
43.11326817,104723.1219,104696.67,104707.41,104880.0,104579,1750239900000,3375
45.40003224,104634.324,104723.4,104708.19,104850.0,104541,1750240800000,3666
61.49986867,104625.9468,104711.14,104529.03,104920.0,104505,1750241700000,3681
60.46210594,104506.2603,104529.1,104474.23,104670.0,104427,1750242600000,4196
157.02094361000002,104413.7856,104477.08,104288.91,104590.0,104191,1750243500000,5346
33.98698919000001,104391.9008,104284.0,104483.21,104690.0,104205,1750244400000,4456
51.735695039999996,104434.0982,104483.22,104439.85,104660.0,104326,1750245300000,4591
83.52660811000001,104448.4485,104439.85,104614.3,104710.0,104342,1750246200000,5078
68.60645394000002,104801.9503,104635.9,104858.58,105030.0,104614,1750247100000,4257
47.24742199999999,104828.1315,104850.3,104842.61,105010.0,104726,1750248000000,3108
42.18142537,104790.2596,104840.22,104747.98,104980.0,104632,1750248900000,3686
32.48847946,104670.5479,104748.0,104522.26,104840.0,104507,1750249800000,3573
42.27536141,104548.8174,104522.26,104650.0,104690.0,104500,1750250700000,3424
184.84473662,104327.0905,104534.02,104083.98,104650.0,104060,1750251600000,5356
191.60152793000006,104130.9864,104083.98,104000.0,104300.0,103926,1750252500000,5759
245.45699782999995,104090.1121,104000.1,104239.3,104530.0,103837,1750253400000,8477
122.7577845,104216.8289,104239.3,104460.85,104640.0,103987,1750254300000,6518
185.64592819,104740.9127,104481.9,105200.0,105250.0,104233,1750255200000,7341
120.86623144,105196.7371,105075.6,105196.32,105430.0,104897,1750256100000,7158
96.6438306,105158.7549,105330.0,105151.9,105390.0,104980,1750257000000,6618
83.69590058,104712.7505,105127.5,104680.0,105250.0,104499,1750257900000,6432
81.63820471999999,104622.7332,104680.1,104445.51,104970.0,104359,1750258800000,5864
105.85391432,104418.8621,104447.33,104769.6,104950.0,104161,1750259700000,5637
75.97796525999999,104808.2379,104779.52,104922.74,105110.0,104640,1750260600000,6051
61.39761408,104913.9405,105010.0,104823.0,105160.0,104772,1750261500000,5080
57.07265351000001,104789.8705,104838.1,104689.99,104980.0,104639,1750262400000,5111
51.82845108,104485.8523,104698.61,104416.0,104840.0,104366,1750263300000,4837
55.52950215,104550.4763,104444.9,104593.06,104760.0,104366,1750264200000,4774
63.42027819,104541.3263,104593.06,104446.91,104780.0,104390,1750265100000,5151
99.33078087,104255.776,104465.6,104305.23,104570.0,104005,1750266000000,7115
75.11324737,104234.2799,104305.22,104104.1,104440.0,104073,1750266900000,5633
157.52875722999997,103928.0398,104104.11,104211.56,104340.0,103627,1750267800000,9214
76.66730435999999,104344.5635,104211.57,104366.33,104660.0,104160,1750268700000,5291
189.27608988,104274.9657,104344.5,104364.02,104860.0,103963,1750269600000,10013
97.95427930000002,104297.8229,104364.02,104252.08,104540.0,104137,1750270500000,6362
104.60833484,104463.4698,104247.6,104483.75,104760.0,104189,1750271400000,7589
146.00952934,104037.0913,104483.75,103641.86,104680.0,103591,1750272300000,7634
186.5702071,103942.3153,103618.4,104334.76,104540.0,103512,1750273200000,10383
197.62035546,104062.261,104334.75,103832.04,104500.0,103779,1750274100000,11083
116.84947785,104099.4739,103832.04,104185.59,104410.0,103772,1750275000000,8479
174.19188127,104037.2611,104185.62,103818.67,104300.0,103785,1750275900000,10212
172.80761780999998,103808.4043,103818.67,103806.96,104120.0,103645,1750276800000,8872
114.61675153,103984.6661,103811.72,104250.0,104340.0,103764,1750277700000,8395
76.6125976,104487.9968,104250.0,104717.99,104800.0,104212,1750278600000,4994
145.24607138,104888.7027,104717.99,104840.57,105110.0,104675,1750279500000,6618
128.03396046,104679.4952,104835.2,104448.27,104980.0,104391,1750280400000,6795
72.34778395000001,104647.6805,104448.73,104753.1,104910.0,104439,1750281300000,5616
50.658841649999985,104828.295,104742.37,104877.41,105010.0,104693,1750282200000,5230
149.07130089,105054.2808,104874.16,105116.71,105260.0,104803,1750283100000,7231
99.47984421,105061.6271,105064.0,104936.5,105280.0,104890,1750284000000,5412
44.95237378999999,104981.5646,104936.5,105011.04,105170.0,104867,1750284900000,4542
54.30806656,104936.2839,105041.1,104919.74,105140.0,104856,1750285800000,4655
40.99196613,104924.6152,104919.73,104855.27,105080.0,104822,1750286700000,4136
41.26572722,104930.7353,104824.4,104952.08,105100.0,104824,1750287600000,3968
35.36291458,104926.8287,104952.06,104841.06,105090.0,104837,1750288500000,4596
46.97873968,104786.8016,104838.18,104669.3,104980.0,104656,1750289400000,4592
28.450070419999996,104790.8838,104669.31,104915.6,105050.0,104665,1750290300000,4264
31.21735011,104888.9644,104891.9,104773.8,105090.0,104750,1750291200000,3694
33.23930998,104949.6092,104773.79,105093.75,105190.0,104705,1750292100000,3559
42.30905743999999,105126.9679,105093.74,105178.85,105280.0,104968,1750293000000,4563
64.44116776999999,105181.3181,105178.84,104995.97,105340.0,104963,1750293900000,4302
94.5299618,104707.8666,105000.1,104579.3,105110.0,104496,1750294800000,5761
27.209944419999996,104763.4756,104579.29,104813.63,104950.0,104564,1750295700000,3662
55.339645880000006,104696.4471,104813.63,104604.15,104930.0,104592,1750296600000,3845
39.85174129,104651.2178,104604.14,104649.11,104810.0,104555,1750297500000,3763
72.96634434,104692.6162,104649.12,104624.25,104940.0,104490,1750298400000,4561
46.29817364000001,104675.2308,104624.25,104728.16,104900.0,104554,1750299300000,3933
67.91106034,104957.7643,104728.17,105027.64,105180.0,104706,1750300200000,4031
143.30158491,104935.2479,105023.36,104742.32,105160.0,104723,1750301100000,5434
24.544783119999998,104900.5848,104742.31,104863.65,105030.0,104738,1750302000000,4956
37.87097589999999,104958.5892,104863.65,105009.59,105150.0,104850,1750302900000,4639
20.769968910000003,104986.6797,105009.58,104999.99,105130.0,104914,1750303800000,3042
118.47119927,105106.5868,104999.99,105122.1,105220.0,104941,1750304700000,3397
68.26226295,105032.3393,105129.91,105044.25,105230.0,104853,1750305600000,3981
20.142317699999996,104961.6395,105044.24,104869.28,105150.0,104868,1750306500000,2969
79.72428327,104839.9448,104869.28,104948.74,105020.0,104815,1750307400000,2541
120.56503588999999,105079.9929,104948.74,105109.79,105180.0,104912,1750308300000,3209
36.72119508,105136.0543,105074.0,105072.54,105340.0,105054,1750309200000,3384
20.06704195,105107.2847,105072.09,105065.11,105250.0,104988,1750310100000,3455
17.36679035,105073.8952,105065.12,105022.63,105170.0,104981,1750311000000,2579
42.45440608,104975.781,105026.5,104919.13,105110.0,104850,1750311900000,2198
26.53706506,104888.7085,104910.1,104767.73,105100.0,104750,1750312800000,2795
117.60369845999999,104720.9471,104767.73,104659.55,104860.0,104643,1750313700000,2526
23.495089240000002,104770.4701,104673.1,104757.49,104890.0,104654,1750314600000,2105
16.776413559999998,104788.6992,104757.49,104733.6,104880.0,104717,1750315500000,2076
15.42100142,104834.1563,104743.7,104842.24,104960.0,104730,1750316400000,2008
16.788518590000002,104842.8187,104842.24,104750.06,104960.0,104713,1750317300000,2368
16.072631469999997,104804.031,104750.07,104774.46,104880.0,104728,1750318200000,1876
23.1603151,104759.1983,104774.46,104662.53,104870.0,104636,1750319100000,2158
16.726831289999996,104809.0194,104640.5,104900.01,105030.0,104640,1750320000000,2189
8.21367086,104977.0007,104900.0,104896.55,105050.0,104882,1750320900000,1584
23.291947690000004,104880.2364,104886.0,104943.01,105030.0,104772,1750321800000,1862
17.2630482,104916.0212,104943.0,104761.56,105100.0,104753,1750322700000,1706
12.767131989999998,104822.2971,104753.4,104814.72,104920.0,104736,1750323600000,1489
32.04737933,104953.1845,104814.71,104996.72,105110.0,104799,1750324500000,2031
8.036858660000002,104978.7956,104996.7,104964.7,105080.0,104924,1750325400000,1430
15.275265209999997,105011.055,104946.88,105025.78,105140.0,104946,1750326300000,2036
11.332640660000003,105014.6687,104974.0,105036.88,105130.0,104957,1750327200000,1730
19.48433367,105035.7614,105036.85,105073.72,105130.0,104959,1750328100000,1930
12.311444800000002,105050.0504,105073.72,104998.64,105180.0,104978,1750329000000,1783
12.258679170000002,104950.5228,104990.7,104941.84,105060.0,104867,1750329900000,1752
38.65164337,104851.1645,104910.1,104877.02,105020.0,104800,1750330800000,2084
14.50755325,104895.3414,104877.02,104950.0,105020.0,104824,1750331700000,1987
14.036842930000002,104823.7918,104846.46,104803.75,104940.0,104750,1750332600000,1899
10.596674949999997,104817.701,104803.75,104802.4,104910.0,104757,1750333500000,1692
24.89707403,104810.6605,104807.5,104946.35,104970.0,104719,1750334400000,2456
27.286282769999993,104894.5168,104946.36,104871.66,104970.0,104840,1750335300000,2042
31.601433070000002,104844.7083,104871.66,104743.52,104970.0,104734,1750336200000,3330
22.031541969999996,104758.8201,104743.51,104775.18,104890.0,104689,1750337100000,2803
18.82012228,104754.9751,104764.6,104662.8,104910.0,104662,1750338000000,2734
21.422423690000002,104716.2433,104671.9,104814.36,104890.0,104609,1750338900000,2905
28.186003380000002,104648.4799,104736.4,104557.73,104880.0,104536,1750339800000,3469
70.75499768,104398.0372,104556.23,104304.63,104630.0,104261,1750340700000,4531
36.19379376999999,104429.6048,104324.4,104496.81,104590.0,104304,1750341600000,3277
34.68144076000001,104590.0566,104499.4,104626.43,104770.0,104458,1750342500000,2990
56.65559797,104408.6225,104629.48,104369.66,104700.0,104325,1750343400000,3700
83.76441261,104253.6545,104360.4,104171.72,104450.0,104121,1750344300000,4437
99.12103331,104306.5695,104174.9,104416.73,104520.0,104170,1750345200000,4511
34.470729369999994,104378.3754,104416.61,104333.3,104540.0,104267,1750346100000,3259
43.61590484999999,104224.6964,104333.26,104258.92,104430.0,104137,1750347000000,3683
54.17851676,104238.5439,104258.94,104127.74,104430.0,104100,1750347900000,4256
36.87730294000001,104282.2504,104127.73,104317.72,104460.0,104117,1750348800000,3633
28.977787929999998,104385.2044,104317.72,104392.38,104540.0,104281,1750349700000,3453
39.61169491999999,104277.0116,104379.7,104238.75,104470.0,104136,1750350600000,3692
63.172762,104069.0137,104350.0,104033.85,104380.0,103949,1750351500000,4798
61.85352703999998,104021.9289,103950.0,104084.83,104240.0,103916,1750352400000,4066
50.09855897000001,104100.3862,104084.38,104117.88,104270.0,104004,1750353300000,3907
91.20032850000001,104588.2651,104117.69,104740.3,104930.0,104066,1750354200000,6058
37.87496975,104700.9026,104740.3,104535.56,104940.0,104491,1750355100000,3893
43.83790707,104627.8152,104542.9,104636.5,104820.0,104491,1750356000000,3987
28.010972060000004,104576.9061,104640.0,104516.71,104760.0,104479,1750356900000,3776
16.13755028,104491.439,104517.88,104440.1,104680.0,104388,1750357800000,3329
30.20126729,104376.5089,104440.1,104409.99,104540.0,104311,1750358700000,3395
39.413892790000006,104388.3867,104404.5,104408.59,104580.0,104260,1750359600000,3689
23.49574064,104356.5184,104409.41,104319.5,104520.0,104287,1750360500000,2963
40.02471181000001,104269.1893,104315.31,104212.36,104400.0,104138,1750361400000,3364
42.05707285,104291.605,104213.02,104269.56,104410.0,104208,1750362300000,3438
25.989751959999992,104351.5109,104275.19,104380.13,104500.0,104266,1750363200000,3279
123.32589163,104475.1332,104376.4,104367.57,104590.0,104290,1750364100000,3483
92.51460011,104232.1572,104367.56,104163.0,104510.0,104153,1750365000000,3288
37.64046557,104243.6151,104165.07,104300.81,104410.0,104161,1750365900000,3047
17.703782580000002,104338.5663,104272.0,104318.88,104450.0,104271,1750366800000,2638
22.521206570000004,104395.5427,104318.89,104328.9,104540.0,104283,1750367700000,2983
34.43864347,104340.3228,104338.77,104373.42,104520.0,104236,1750368600000,3996
38.03141743,104350.7107,104373.41,104349.62,104520.0,104286,1750369500000,2697
71.10560831,104496.5927,104351.01,104565.92,104710.0,104328,1750370400000,4552
18.48906284,104566.467,104562.62,104536.49,104700.0,104457,1750371300000,3146
31.35634853,104712.0386,104525.7,104780.0,104840.0,104503,1750372200000,3501
25.058621730000002,104711.2806,104718.85,104620.34,104860.0,104601,1750373100000,3102
28.04285701,104610.9295,104648.9,104754.36,104850.0,104480,1750374000000,3189
45.07247514000001,104791.8444,104754.34,104672.4,104970.0,104648,1750374900000,3265
22.949819139999995,104725.2508,104678.81,104748.62,104900.0,104646,1750375800000,2739
15.522211279999999,104719.7865,104748.62,104671.9,104850.0,104671,1750376700000,2308
27.63130028,104735.5466,104675.2,104722.99,104890.0,104602,1750377600000,3105
14.034939179999999,104691.7523,104722.99,104604.83,104820.0,104583,1750378500000,2530
14.32021393,104670.2483,104604.83,104712.38,104800.0,104589,1750379400000,2462
25.29680393,104793.631,104712.38,104715.34,104940.0,104700,1750380300000,2880
21.303014309999995,104624.088,104723.5,104566.75,104850.0,104491,1750381200000,2881
21.67995186,104535.8127,104566.74,104423.41,104670.0,104406,1750382100000,4533
19.84205954,104534.4684,104423.22,104585.56,104720.0,104423,1750383000000,3528
16.809736830000002,104764.7189,104602.0,104807.97,104920.0,104576,1750383900000,3352
25.902985030000004,104809.1774,104807.97,104721.88,104940.0,104718,1750384800000,2913
21.464971160000005,104763.4141,104767.7,104731.7,104910.0,104679,1750385700000,2439
23.291682110000007,104602.2422,104693.8,104594.66,104830.0,104516,1750386600000,2762
15.35355725,104639.8528,104583.1,104654.78,104780.0,104541,1750387500000,2460
14.608275560000003,104602.5103,104620.8,104591.29,104760.0,104516,1750388400000,2722
24.67971492,104683.0099,104591.3,104718.5,104830.0,104548,1750389300000,3292
17.63928014,104686.0964,104718.5,104673.1,104810.0,104593,1750390200000,2066
14.439467780000001,104658.5064,104642.69,104618.04,104770.0,104611,1750391100000,1771
13.708770699999999,104631.1385,104673.1,104575.03,104740.0,104569,1750392000000,1961
11.814515010000001,104563.0181,104575.76,104514.99,104710.0,104476,1750392900000,2048
41.08666699,104430.8329,104515.04,104363.26,104630.0,104325,1750393800000,2428
24.053811960000004,104312.4312,104366.2,104390.0,104480.0,104237,1750394700000,2016
31.353881839999996,104357.3054,104270.0,104379.06,104440.0,104269,1750395600000,2118
20.49625606,104363.1849,104379.29,104315.2,104480.0,104287,1750396500000,1764
22.15921551,104451.5559,104315.2,104512.16,104590.0,104315,1750397400000,2122
12.369002699999998,104580.479,104472.7,104617.65,104700.0,104472,1750398300000,1790
20.42230074,104707.4386,104559.7,104683.28,104820.0,104559,1750399200000,2646
19.355262519999997,104717.5817,104683.28,104710.15,104820.0,104640,1750400100000,2340
16.883800689999998,104764.4667,104699.9,104775.0,104840.0,104693,1750401000000,1641
10.183328390000002,104758.945,104723.3,104743.49,104850.0,104700,1750401900000,1405
21.32706599,104725.6797,104722.6,104767.6,104810.0,104656,1750402800000,2119
128.86087244,105071.9239,104738.8,105196.6,105260.0,104738,1750403700000,4438
77.25141072999999,105387.0765,105196.6,105493.48,105550.0,105175,1750404600000,3844
122.29556459999999,105682.5296,105493.49,105837.99,105880.0,105413,1750405500000,5028
238.22534315,106077.1796,105799.0,106266.7,106300.0,105798,1750406400000,7008
103.76582796000001,106419.9147,106266.99,106430.44,106580.0,106200,1750407300000,4729
148.06161513,106324.9572,106430.26,106080.0,106580.0,105917,1750408200000,6551
99.57949296000001,106095.063,106080.0,105980.34,106250.0,105941,1750409100000,4516
53.15845662,105999.3622,106017.1,106063.96,106110.0,105775,1750410000000,3492
31.36503045,105887.2489,106063.96,105920.0,106100.0,105770,1750410900000,3374
14.62757741,105888.272,105847.22,105948.68,105980.0,105834,1750411800000,3398
13.377199599999997,105962.5814,105947.28,105961.74,106070.0,105858,1750412700000,3339
27.186563300000003,105937.1913,105995.2,105997.97,106070.0,105842,1750413600000,3548
15.220065199999997,106039.4347,105997.96,106034.11,106170.0,105917,1750414500000,2835
17.86611796,106099.937,106034.12,106146.6,106210.0,106000,1750415400000,3148
45.346957710000005,106069.5229,106146.59,105978.82,106250.0,105951,1750416300000,3214
19.881445450000005,106014.3774,105978.81,105951.15,106140.0,105945,1750417200000,2451
29.927751750000002,105944.4634,105951.16,105944.39,106040.0,105826,1750418100000,2757
22.61873501,105905.3584,105944.39,105999.99,106030.0,105820,1750419000000,3580
64.35924247,106037.9317,106000.0,106001.7,106140.0,105926,1750419900000,3975
34.79935528,105974.1372,106000.1,105976.22,106110.0,105879,1750420800000,3281
16.19456024,105965.6939,105977.53,105961.99,106070.0,105925,1750421700000,2620
30.220810380000003,106021.294,105961.99,105995.65,106170.0,105930,1750422600000,3987
69.35895519000002,106039.1014,105995.65,105994.06,106170.0,105950,1750423500000,4108
40.963456089999994,106113.9139,105982.5,106054.5,106210.0,105982,1750424400000,4301
122.63494311,106023.3153,106054.5,106086.25,106150.0,105943,1750425300000,5988
78.33665643,105936.1254,106089.84,105890.22,106150.0,105722,1750426200000,5745
112.93019781000002,105611.0743,105894.38,105686.0,105980.0,105388,1750427100000,6868
53.92081606,105656.4227,105682.03,105524.04,105822.82,105425,1750428000000,5327
106.2218362,105361.4169,105515.2,105309.5,105720.0,105091,1750428900000,7051
103.90110278,105111.2754,105309.5,104893.33,105500.0,104805,1750429800000,6823
363.54278494000005,104272.0066,104879.9,103928.42,104940.0,103858,1750430700000,11863
176.93107416,104205.343,103929.88,104307.9,104440.0,103890,1750431600000,8086
101.36945302000001,104319.0365,104287.04,104279.03,104470.0,104191,1750432500000,5693
102.31129589,104331.1492,104274.62,104600.46,104650.13,104027,1750433400000,5759
52.42863331,104358.1133,104592.5,104244.14,104640.0,104127,1750434300000,4299
55.98078241000001,104182.204,104224.6,104101.48,104360.0,104061,1750435200000,5001
92.26383501999999,104066.5127,104106.73,104110.2,104350.0,103905,1750436100000,5779
94.68372861000002,103989.7489,104102.21,103794.05,104280.0,103793,1750437000000,5648
113.3419827,103748.584,103800.05,103692.21,103970.0,103631,1750437900000,6753
133.34885452999998,103581.6003,103682.18,103536.86,103850.0,103454,1750438800000,8790
646.26524085,102950.1893,103536.86,102946.94,103610.0,102580,1750439700000,19037
329.44447783000004,102642.7605,102946.94,102900.01,103010.0,102357,1750440600000,15160
204.10719283999998,103007.6836,102900.0,103283.32,103390.0,102646,1750441500000,10894
163.81158470999998,103196.9127,103302.0,103240.45,103430.0,103050,1750442400000,9367
115.98346007,103273.3114,103240.46,103139.08,103470.0,103051,1750443300000,6642
98.45968978,103225.4399,103125.7,103219.74,103400.0,103115,1750444200000,5303
56.82372397,103284.1166,103219.74,103197.42,103440.0,103107,1750445100000,4904
96.44236697999999,103163.5326,103125.8,103084.25,103310.0,103039,1750446000000,5663
121.35137623999998,103143.9223,103089.9,103131.82,103270.0,103003,1750446900000,4705
168.15062948,103280.1248,103131.83,103327.93,103420.0,103120,1750447800000,5954
162.02992741000003,103394.3527,103325.26,103326.33,103570.0,103270,1750448700000,6190
79.22472248,103539.0909,103326.33,103623.9,103680.0,103304,1750449600000,4978
60.67385536,103604.8722,103623.89,103617.59,103890.0,103417,1750450500000,5161
53.91310415000001,103680.2206,103617.59,103676.25,103790.0,103571,1750451400000,4139
38.395989639999996,103712.7533,103676.25,103721.31,103830.0,103635,1750452300000,4128
49.566719109999994,103559.9992,103721.36,103620.0,103810.0,103450,1750453200000,4360
35.804961479999996,103524.0617,103548.92,103500.76,103660.0,103363,1750454100000,4065
39.32498519,103573.2023,103515.0,103632.5,103680.0,103486,1750455000000,3881
27.625271439999995,103595.8841,103632.49,103547.81,103770.0,103477,1750455900000,3458
69.22068715,103376.0795,103526.8,103331.67,103630.0,103189,1750456800000,5040
33.05806743,103257.1834,103331.67,103250.1,103410.0,103100,1750457700000,3995
90.56769171,103134.8072,103250.1,103166.36,103420.0,103023,1750458600000,4779
48.800516710000004,103072.6238,103162.66,103127.23,103230.0,102994,1750459500000,4766
45.55884651,103137.3804,103107.3,103052.05,103320.0,102980,1750460400000,4088
24.99723584,103198.4938,103052.06,103245.4,103310.0,103052,1750461300000,3457
26.050333560000002,103302.1552,103245.4,103319.09,103410.0,103224,1750462200000,3392
28.939741959999996,103301.9444,103319.09,103317.8,103400.0,103245,1750463100000,3089
55.7618167,103255.898,103300.0,103164.81,103370.0,103145,1750464000000,3445
26.556047400000004,103250.4948,103164.78,103358.14,103410.0,103133,1750464900000,3170
34.834609580000006,103299.6542,103358.15,103328.78,103420.0,103238,1750465800000,3370
53.98595632999999,103265.9629,103300.0,103280.05,103328.78,103200,1750466700000,3417
18.26164941,103262.8367,103258.7,103294.01,103320.0,103208,1750467600000,2761
27.75645746,103284.6926,103294.02,103350.99,103420.0,103160,1750468500000,3247
24.684348059999994,103425.1541,103350.97,103495.14,103550.0,103338,1750469400000,3804
23.452532809999994,103507.392,103495.14,103546.9,103590.0,103435,1750470300000,3486
17.13873693,103500.0856,103550.77,103443.3,103620.0,103426,1750471200000,3084
14.50966265,103452.9876,103443.29,103394.81,103540.0,103394,1750472100000,2471
17.855887190000004,103505.7331,103410.4,103519.98,103610.0,103394,1750473000000,2708
17.42740868,103533.1288,103519.98,103528.67,103620.0,103448,1750473900000,2476
32.384792069999996,103602.3522,103507.2,103571.71,103690.0,103507,1750474800000,3000
23.451826989999994,103665.9977,103571.71,103690.28,103770.0,103564,1750475700000,2804
23.04100085,103689.0186,103690.35,103612.98,103810.0,103595,1750476600000,2611
17.57356193,103634.4494,103612.97,103620.0,103730.0,103501,1750477500000,2621
16.97669048,103528.7137,103501.0,103442.79,103650.0,103404,1750478400000,2497
21.859176870000006,103475.9967,103442.79,103424.72,103540.0,103411,1750479300000,2217
30.631308350000005,103426.0906,103424.71,103402.35,103540.0,103381,1750480200000,2289
12.326384950000001,103434.3955,103402.35,103414.89,103530.0,103354,1750481100000,2065
12.15709386,103457.8597,103403.5,103376.12,103540.0,103363,1750482000000,2128
14.08367651,103453.9502,103376.12,103493.8,103590.0,103365,1750482900000,2445
12.248428590000001,103526.3014,103410.3,103409.81,103620.0,103408,1750483800000,2038
14.085241369999997,103478.6202,103409.81,103451.68,103570.0,103405,1750484700000,1994
25.068682269999996,103467.0874,103435.0,103443.62,103570.0,103407,1750485600000,2060
30.292221020000003,103481.3838,103443.4,103630.0,103650.0,103345,1750486500000,2252
19.283833389999998,103566.926,103477.7,103556.87,103660.0,103477,1750487400000,1756
25.673558059999998,103613.9276,103556.87,103700.0,103730.0,103511,1750488300000,1859
15.645902709999998,103529.9432,103577.6,103417.52,103730.0,103394,1750489200000,1690
14.334718360000002,103535.0803,103417.11,103530.32,103650.0,103392,1750490100000,1857
15.311940799999999,103542.9791,103530.32,103486.79,103650.0,103468,1750491000000,1773
17.61795049,103523.215,103486.79,103475.28,103620.0,103448,1750491900000,1626
24.10197371,103554.0551,103471.3,103524.0,103660.0,103471,1750492800000,1910
19.443385500000005,103575.6728,103521.22,103559.7,103680.0,103476,1750493700000,2314
13.16449412,103631.1107,103559.7,103637.59,103740.0,103542,1750494600000,2129
29.241435600000003,103733.9232,103637.59,103836.14,103930.0,103577,1750495500000,2803
35.11108307000001,103796.295,103785.6,103731.47,103920.0,103678,1750496400000,2486
17.912328770000002,103789.4888,103731.47,103777.22,103830.0,103731,1750497300000,2031
25.538830729999997,103799.7458,103777.22,103832.83,103930.0,103686,1750498200000,2419
39.88085419,103883.1195,103832.8,103870.29,104060.0,103753,1750499100000,3041
20.39756783,103981.895,103915.4,103935.85,104090.0,103856,1750500000000,2020
17.8902051,103988.3972,103935.84,104000.0,104100.0,103880,1750500900000,2035
19.430490329999998,103998.4489,103999.99,103928.8,104120.0,103903,1750501800000,2203
21.32008404,103894.0329,103928.79,103970.0,104040.0,103790,1750502700000,2009
22.289597080000004,103854.9839,103853.9,103855.73,103970.0,103750,1750503600000,2029
19.492784580000002,103903.8461,103855.74,103862.78,104000.0,103830,1750504500000,2057
14.52914709,103932.8934,103862.77,103877.77,104000.0,103862,1750505400000,2141
18.373817120000002,103931.2967,103877.78,103897.18,104000.0,103861,1750506300000,2145
16.88414419,103956.4546,103894.7,103953.86,103990.0,103889,1750507200000,2033
17.485427249999997,103923.5976,103953.85,103909.66,103990.0,103855,1750508100000,2679
25.079872789999996,103919.7036,103909.66,103848.55,104000.0,103848,1750509000000,2357
44.16132992,103838.8416,103848.55,103826.04,103960.0,103767,1750509900000,2832
28.461100390000002,103874.2,103815.7,103848.92,103980.0,103815,1750510800000,3249
34.48332193,103886.436,103848.93,103881.6,104000.0,103832,1750511700000,3642
39.30595323,103830.9464,103881.6,103735.06,104000.0,103715,1750512600000,2489
66.39458742,103644.6176,103735.09,103595.86,103840.0,103562,1750513500000,3764
35.762662510000006,103604.5985,103586.0,103566.77,103760.0,103502,1750514400000,3521
47.27565568,103541.3008,103556.2,103423.65,103720.0,103411,1750515300000,4267
44.20156662000001,103671.9748,103423.65,103719.6,103910.0,103418,1750516200000,3424
31.35016999,103562.3579,103744.0,103584.37,103800.0,103460,1750517100000,3514
36.001659690000004,103656.532,103584.37,103624.03,103790.0,103500,1750518000000,3218
29.76053127,103529.1907,103624.03,103429.91,103720.0,103422,1750518900000,3255
46.63965799,103431.6835,103429.91,103557.51,103660.0,103307,1750519800000,3689
52.85998213999999,103586.7839,103557.52,103587.05,103720.0,103430,1750520700000,3049
29.42121237,103573.8881,103584.7,103592.0,103730.0,103483,1750521600000,3510
26.36249675,103667.4625,103592.05,103679.11,103770.0,103567,1750522500000,3938
31.469175519999993,103571.7353,103679.11,103511.3,103780.0,103462,1750523400000,3394
29.199734630000002,103558.4186,103501.07,103511.4,103690.0,103480,1750524300000,3209
18.805154469999998,103592.5206,103511.4,103569.55,103680.0,103511,1750525200000,3455
17.7199942,103569.1841,103569.55,103403.37,103710.0,103400,1750526100000,2944
48.07057759,103313.3876,103403.37,103314.94,103520.0,103172,1750527000000,4081
31.204892230000006,103270.2273,103314.6,103209.11,103410.0,103176,1750527900000,3107
30.98101205,103364.0284,103250.1,103389.12,103510.0,103209,1750528800000,3344
32.40386743,103318.2772,103389.11,103285.71,103480.0,103215,1750529700000,3205
40.454923550000004,103269.7754,103285.72,103172.72,103480.0,103139,1750530600000,3237
157.07756709,102907.0711,103173.8,102684.2,103260.0,102625,1750531500000,6904
100.97423964999999,102643.2514,102663.2,102641.85,102830.0,102516,1750532400000,6003
92.95654191,102576.2779,102639.78,102515.0,102750.0,102500,1750533300000,5031
132.19289603,102440.0692,102515.0,102422.78,102660.0,102249,1750534200000,6900
157.35148986000002,102371.9782,102422.73,102272.72,102560.0,102217,1750535100000,5216
90.10803030000001,102377.0984,102260.1,102482.54,102600.0,102219,1750536000000,5046
60.77287247,102373.8117,102437.0,102448.26,102570.0,102269,1750536900000,4322
85.98316453,102572.0598,102443.9,102628.2,102810.0,102433,1750537800000,4137
258.43120167,102736.0142,102717.31,102795.05,103010.0,102628,1750538700000,4645
67.50533601999999,102633.8539,102846.1,102513.08,102920.0,102512,1750539600000,4389
272.45374488000004,101974.1022,102513.07,101881.0,102670.0,101541,1750540500000,13411
419.08007291000007,101435.8577,101852.71,101855.61,101950.0,101101,1750541400000,16085
73.63267395,101662.4706,101855.6,101479.07,101900.0,101428,1750542300000,6038
125.2066464,101802.6659,101491.2,101895.1,102100.0,101447,1750543200000,7206
85.32772105,101911.6958,101908.21,101934.41,102090.0,101743,1750544100000,5113
76.70903940000001,101837.2402,101913.9,101721.27,102040.0,101636,1750545000000,4688
76.18017033000001,101780.6973,101721.28,101810.83,102020.0,101646,1750545900000,4247
49.781601810000005,101737.3325,101824.3,101610.0,101970.0,101600,1750546800000,4245
73.19776476000001,101516.5999,101623.32,101453.91,101780.0,101401,1750547700000,4855
202.78372355999997,101171.4729,101449.67,101235.74,101530.0,101000,1750548600000,8589
281.05475486,101475.4655,101234.53,102160.03,102410.0,100919,1750549500000,12138
266.62698379999995,102263.741,102153.0,102020.24,102730.0,101870,1750550400000,9563
189.76007072999997,102433.6941,102011.44,102537.3,102870.0,102011,1750551300000,7907
222.9297167,103010.8643,102546.42,102948.38,103470.0,102488,1750552200000,8817
106.64779029000002,102971.6402,102935.6,102908.7,103280.0,102783,1750553100000,5603
135.94973465,102901.8595,102882.1,102850.1,103100.0,102720,1750554000000,5223
110.28884372,102622.7035,102850.1,102613.89,102960.0,102511,1750554900000,4798
124.36429923000003,102468.2956,102613.89,102639.79,102750.0,102261,1750555800000,4905
82.83528526999999,102566.8463,102648.83,102433.19,102840.0,102340,1750556700000,4208
143.08970269,102331.4993,102429.26,102448.27,102990.0,101906,1750557600000,7231
79.93670895999999,102205.2568,102448.29,102243.86,102570.0,102029,1750558500000,5146
84.21911215999998,102165.512,102243.1,102412.68,102510.0,101960,1750559400000,5233
88.55989386999998,102458.5155,102412.68,102381.14,102630.0,102282,1750560300000,4663
48.447031179999996,102540.5031,102420.3,102419.43,102700.0,102381,1750561200000,3672
43.774393180000004,102367.5131,102465.0,102206.67,102610.0,102179,1750562100000,4050
50.15439757000001,102278.3815,102206.67,102257.76,102440.0,102156,1750563000000,3993
34.29297264,102258.4722,102198.2,102416.01,102520.0,102161,1750563900000,3432
125.50582382,102624.5592,102375.4,102685.84,102830.0,102289,1750564800000,3961
26.62560603,102584.0484,102674.89,102553.84,102780.0,102463,1750565700000,2988
36.57817422,102614.3118,102553.83,102445.4,102840.0,102445,1750566600000,2836
30.46188784,102583.2952,102460.69,102582.11,102810.0,102438,1750567500000,2765
41.30859047,102752.0862,102619.0,102762.44,102930.0,102582,1750568400000,3110
36.00330403000001,102878.3509,102760.1,102970.0,103050.0,102760,1750569300000,2921
16.3314616,102798.8389,102833.1,102723.84,102960.0,102658,1750570200000,2061
24.764579339999997,102812.1915,102706.4,102875.2,103040.0,102650,1750571100000,2325
49.67047022999999,102925.5266,102875.5,102939.17,103090.0,102775,1750572000000,2790
22.228713539999998,102924.5044,102946.23,102860.01,103110.0,102840,1750572900000,1960
23.43726373,102896.52,102900.1,102774.22,103040.0,102767,1750573800000,2378
21.21013791,102786.9944,102767.25,102782.97,102920.0,102728,1750574700000,2676
16.548730799999998,102789.8744,102750.0,102682.68,102900.0,102682,1750575600000,2149
24.03131823,102714.4049,102682.68,102672.63,102880.0,102610,1750576500000,2000
63.72936938000001,102483.1371,102672.63,102354.95,102790.0,102300,1750577400000,2829
50.86006355,102481.4864,102360.26,102468.55,102590.0,102332,1750578300000,2479
58.21201285,102487.6513,102418.9,102445.99,102680.0,102338,1750579200000,2273
17.77254616,102557.9725,102560.0,102522.6,102720.0,102399,1750580100000,1992
21.086730120000002,102652.5218,102617.88,102662.78,102820.0,102507,1750581000000,1992
19.6392082,102683.2445,102663.66,102741.71,102840.0,102550,1750581900000,1685
26.746465980000004,102734.7282,102716.9,102634.35,102950.0,102564,1750582800000,1997
44.78392903,102526.6414,102632.08,102395.79,102780.0,102336,1750583700000,2772
27.582566739999997,102448.2067,102395.79,102460.66,102620.0,102320,1750584600000,2149
63.84093053,102273.375,102460.26,102232.26,102610.0,102111,1750585500000,2601
33.20609755,102302.5439,102198.3,102420.0,102420.0,102179,1750586400000,2202
21.07657819,102443.6993,102384.09,102453.88,102620.0,102241,1750587300000,1942
26.6733195,102544.8906,102590.0,102541.16,102650.0,102446,1750588200000,3114
16.92929922,102569.1428,102541.27,102491.9,102670.0,102470,1750589100000,3227
25.5254241,102594.38,102492.0,102643.68,102800.0,102444,1750590000000,3040
23.577965900000002,102691.1516,102643.69,102681.94,102900.0,102560,1750590900000,2093
34.66665776,102727.5409,102678.08,102725.51,102900.0,102602,1750591800000,2433
26.86448612,102762.974,102720.7,102765.41,102900.0,102664,1750592700000,2176
26.892190650000003,102792.4804,102720.0,102731.69,102970.0,102672,1750593600000,2570
60.69535841999999,102695.0669,102731.69,102675.56,102910.0,102591,1750594500000,3301
30.932492760000006,102667.2611,102675.56,102686.88,102850.0,102604,1750595400000,2134
27.481730799999998,102727.3858,102810.0,102779.22,102920.0,102637,1750596300000,1950
53.42811026,102561.4668,102764.1,102305.26,102960.0,102256,1750597200000,4014
203.91298808,101568.598,102305.36,101088.32,102430.0,101050,1750598100000,10549
430.44899195999994,100731.749,101131.1,100470.0,101230.0,100312,1750599000000,19359
221.49535859,100667.7999,100386.68,100883.33,101100.0,100338,1750599900000,9757
172.12348799,100860.9729,100878.7,100500.01,101380.0,100500,1750600800000,9119
954.87011545,99950.3703,100550.1,99560.88,100680.0,99416,1750601700000,29899
545.51332584,99670.3872,99567.1,99196.95,100330.0,99088,1750602600000,17309
387.10183249,99481.5313,99158.1,99660.81,99820.0,99099,1750603500000,15148
407.96509645,99644.2396,99647.0,99475.49,99959.0,99359,1750604400000,12694
254.11884197999998,99571.3779,99500.0,99505.0,99929.0,99235,1750605300000,11144
133.7387205,99447.4023,99505.0,99319.43,99698.0,99251,1750606200000,8608
485.77464263,99290.117,99319.42,99252.0,99573.0,98948,1750607100000,14309
309.2961835499999,99138.0435,98950.2,99026.56,99530.0,98860,1750608000000,13370
400.3724172,98974.6744,99015.82,98833.39,99240.0,98700,1750608900000,13633
263.86928206999994,99126.323,98834.13,99116.34,99550.0,98750,1750609800000,11705
203.5460915,99482.9749,99116.33,99698.88,99900.0,99104,1750610700000,13347
209.93174112999998,100062.9685,99673.9,100020.56,100560.0,99640,1750611600000,10867
164.67827845,99729.7947,100020.56,99560.61,100210.0,99462,1750612500000,10115
100.66996411,99757.4079,99560.6,99668.82,100050.0,99512,1750613400000,7056
89.62128926,99604.1274,99678.83,99521.3,99979.0,99450,1750614300000,6554
72.47462476,99619.8279,99500.1,99464.19,99977.0,99420,1750615200000,6453
55.06082515000001,99531.9711,99464.19,99578.01,99764.0,99403,1750616100000,6238
70.33103016000001,99531.4651,99573.04,99663.27,99751.0,99379,1750617000000,5996
74.42329696,99624.1991,99752.0,99463.75,99920.0,99430,1750617900000,6564
101.7581835,99323.0094,99463.75,99218.55,99639.0,99101,1750618800000,7308
66.72582579,99206.1394,99218.52,99129.6,99405.0,99093,1750619700000,5663
73.05914087,99228.1115,99129.6,99128.06,99445.0,99018,1750620600000,5831
126.57180718,98996.6584,99128.08,98914.74,99281.0,98825,1750621500000,7490
650.22209673,98747.0349,98900.9,98481.7,99121.0,98300,1750622400000,17230
229.10380900000004,98544.385,98514.68,98542.45,98990.0,98225,1750623300000,11795
145.54071186,98935.3716,98542.47,99227.34,99468.0,98459,1750624200000,9422
85.71706422000001,99500.0617,99227.34,99566.57,99940.0,98982,1750625100000,7230
100.43215722,99489.6687,99497.9,99410.29,99828.0,99228,1750626000000,7740
78.32720358,99397.3666,99409.49,99160.69,99679.0,99155,1750626900000,5942
72.00068375,99210.5083,99156.98,99414.07,99560.0,99034,1750627800000,5959
59.594254670000005,99333.1823,99414.08,99194.1,99590.0,99079,1750628700000,4651
388.7862108599999,100067.492,99212.39,100570.0,100720.0,99153,1750629600000,13662
167.26631287000004,100396.9361,100367.51,100340.01,100850.0,100010,1750630500000,8030
148.73822811,100650.0589,100384.0,100948.02,101090.0,100325,1750631400000,7303
188.65075376999994,100805.6503,100942.2,101016.54,101190.0,100652,1750632300000,8177
125.09016310000001,100890.81,101016.54,100785.2,101230.0,100684,1750633200000,7602
105.02164184000002,100973.4078,100785.4,101250.0,101250.0,100719,1750634100000,6277
52.64913112000001,100935.5527,101047.1,100867.34,101230.0,100807,1750635000000,4576
62.89859224999999,100880.5244,100867.4,100996.87,101200.0,100754,1750635900000,4223
77.61833085999999,100794.1656,100987.9,100667.12,101200.0,100611,1750636800000,4824
68.95394045,100742.7374,100667.11,100796.82,100980.0,100617,1750637700000,5243
91.15616113,100988.8196,100796.83,101440.0,101460.0,100522,1750638600000,6149
146.01208179,101294.5223,101232.01,100959.18,101790.0,100869,1750639500000,7361
65.15816106999999,100858.0573,100917.7,100902.89,101130.0,100671,1750640400000,5554
62.94691828,100761.0323,100902.89,100650.93,101090.0,100611,1750641300000,4200
63.07613603,100785.8437,100650.93,100902.6,101070.0,100588,1750642200000,4032
69.52840549,100999.1593,100886.9,101150.06,101330.0,100850,1750643100000,4387
52.78929509,101122.9653,101124.4,101082.81,101380.0,100958,1750644000000,4491
57.991755420000004,101201.2834,101082.8,101266.4,101510.0,101027,1750644900000,4458
73.80829288,101311.0358,101266.39,101241.46,101650.0,101160,1750645800000,4556
38.25117912,101321.0285,101240.36,101326.54,101580.0,101159,1750646700000,3376
49.511842319999985,101312.0522,101292.0,101315.17,101610.0,101151,1750647600000,4516
33.3431094,101298.8081,101315.16,101182.79,101560.0,101111,1750648500000,3498
46.28154548999999,101217.3699,101182.79,101145.29,101480.0,101113,1750649400000,3786
33.597942069999995,101210.4331,101145.29,101200.0,101420.0,101137,1750650300000,3212
59.93146625000001,101148.211,101199.99,101080.78,101420.0,101020,1750651200000,3588
73.23359775,101272.582,101080.79,101305.77,101490.0,101040,1750652100000,3432
32.16468191,101317.1412,101306.85,101235.86,101490.0,101219,1750653000000,2849
39.46723898,101263.093,101235.86,101215.05,101460.0,101179,1750653900000,2645
58.09877607,101406.2088,101220.21,101473.79,101690.0,101206,1750654800000,3476
32.50957276,101567.1287,101473.8,101562.71,101760.0,101466,1750655700000,2730
37.84585188999999,101599.6053,101541.0,101511.05,101760.0,101505,1750656600000,2292
95.41736916999999,101749.8797,101550.1,101804.66,102050.0,101496,1750657500000,4190
83.00337689,101995.2225,101830.0,101991.45,102160.0,101805,1750658400000,3936
74.84807823,101988.2721,101991.45,101885.81,102220.0,101856,1750659300000,3502
72.41722141,101930.4729,101922.2,101799.92,102130.0,101762,1750660200000,3541
54.779641119999994,101840.292,101795.37,101977.08,102180.0,101674,1750661100000,3690
70.56704575999998,102050.937,101958.0,101930.91,102280.0,101923,1750662000000,3813
26.087033490000007,101937.2094,101928.6,101900.0,102110.0,101840,1750662900000,2543
46.381647419999986,101895.4376,101907.64,101898.08,102140.0,101786,1750663800000,3318
97.20428836999999,101984.2425,101898.07,101976.06,102160.0,101852,1750664700000,2878
43.890381229999996,101988.2167,101976.06,102056.42,102250.0,101865,1750665600000,2921
33.31302851,102012.4231,102056.41,101980.41,102200.0,101904,1750666500000,2588
29.071368900000003,101881.101,101974.52,101835.97,102160.0,101780,1750667400000,2359
36.543478279999995,101952.8979,101818.6,102100.0,102100.0,101818,1750668300000,2417
85.09396793,101724.8103,101913.0,101715.7,102100.0,101675,1750669200000,2826
116.64675625,101597.127,101715.69,101740.0,101900.0,101439,1750670100000,3914
53.745917760000005,101557.2431,101545.1,101516.24,101770.0,101420,1750671000000,2734
18.8584579,101612.1942,101516.24,101594.96,101780.0,101464,1750671900000,1930
57.81230634,101549.7891,101545.1,101544.12,101790.0,101400,1750672800000,3404
24.19780078,101512.1566,101537.84,101401.61,101730.0,101394,1750673700000,2399
33.355783790000004,101388.5979,101398.11,101242.98,101660.0,101225,1750674600000,2794
28.63979407,101511.4059,101242.97,101499.77,101700.0,101239,1750675500000,2230
102.55608341,101468.8388,101495.7,101377.8,101700.0,101372,1750676400000,2910
111.88860195,101328.2882,101402.29,101252.61,101580.0,101163,1750677300000,3400
28.910870580000005,101321.3418,101252.6,101299.88,101480.0,101221,1750678200000,2043
50.783079799999996,101334.2304,101299.89,101328.51,101610.0,101140,1750679100000,2999
53.36983705,101253.6885,101361.1,101228.67,101510.0,101183,1750680000000,3088
46.28679103,101232.8359,101232.1,101205.98,101410.0,101144,1750680900000,3283
61.34920889,101371.6091,101205.98,101430.24,101630.0,101167,1750681800000,3616
83.21280394,101595.9541,101430.24,101800.0,101800.0,101418,1750682700000,4543
57.976451309999995,101553.6807,101680.5,101342.47,101800.0,101315,1750683600000,4371
112.43425185999999,101216.9269,101347.42,101186.22,101530.0,101120,1750684500000,4453
258.73071076,101621.1599,101171.2,102041.49,102510.0,100835,1750685400000,11046
322.30069076999996,102188.7934,102041.5,102411.9,102690.0,101857,1750686300000,12489
325.60264000999996,102434.786,102411.9,102319.62,102860.0,102127,1750687200000,12838
171.15811786999998,102119.6701,102311.0,101872.52,102530.0,101865,1750688100000,7843
283.08550483000005,101726.8172,101874.9,101839.47,102100.0,101548,1750689000000,8394
117.65729031,101708.9637,101821.1,101679.47,102040.0,101577,1750689900000,5718
82.72546884999998,101971.7069,101671.6,102055.64,102200.0,101671,1750690800000,5409
99.90044293,101874.9776,102055.64,101586.64,102190.0,101547,1750691700000,5789
123.83337313000003,101686.2571,101586.65,101630.59,101930.0,101432,1750692600000,6130
83.13226565000001,101494.7882,101628.01,101479.84,101760.0,101351,1750693500000,6050
111.35683861,101333.1971,101508.5,101125.72,101650.0,101116,1750694400000,6168
283.95114987,100726.9892,101125.71,100315.01,101250.0,100238,1750695300000,12112
575.4127498500001,100093.1018,100292.4,100622.59,100840.0,99677,1750696200000,18269
230.66872817000004,100623.5532,100622.59,100743.4,101013.99,100251,1750697100000,11906
379.37729659,101169.8474,100743.41,101325.48,101770.0,100528,1750698000000,11400
280.69592758,101743.5321,101325.48,102155.21,102520.0,101272,1750698900000,10201
251.91864189,102490.6412,102155.22,102447.21,102960.0,102138,1750699800000,10595
199.46402423000004,102323.0701,102455.38,102660.0,102720.0,102084,1750700700000,7917
