datetime;open;high;low;close
2026-09-30 00:00:00;83663.66;83731.46;83516.14;83529.04
2026-09-29 23:45:00;83660.01;83716;83645;83663.66
2026-09-29 23:30:00;83759.04;83759.04;83640;83660
2026-09-29 23:15:00;83845.93;83849;83725;83759.03
2026-09-29 23:00:00;83612;83845.93;83612;83845.93
2026-09-29 22:45:00;83606.02;83650;83580.44;83612.01
2026-09-29 22:30:00;83598.01;83620;83544.68;83606.02
2026-09-29 22:15:00;83658.4;83689.51;83550;83598.01
2026-09-29 22:00:00;83503.99;83722.01;83503.99;83658.41
2026-09-29 21:45:00;83506.43;83506.43;83420;83503.99
2026-09-29 21:30:00;83422.01;83538.01;83420;83506.43
2026-09-29 21:15:00;83558.84;83559.68;83384;83422.01
2026-09-29 21:00:00;83616.38;83616.39;83526;83558.83
2026-09-29 20:45:00;83641.94;83654.85;83616.38;83616.39
2026-09-29 20:30:00;83630.26;83645.69;83586.94;83641.94
2026-09-29 20:15:00;83537.74;83650.01;83537.74;83630.25
2026-09-29 20:00:00;83594.01;83603.36;83508;83537.74
2026-09-29 19:45:00;83436;83637.69;83398.5;83594.01
2026-09-29 19:30:00;83547.99;83621.28;83436;83436
2026-09-29 19:15:00;83599.89;83665.93;83544;83547.99
2026-09-29 19:00:00;83640;83700;83599.89;83599.89
2026-09-29 18:45:00;83632;83684.01;83586;83640
2026-09-29 18:30:00;83427.66;83700;83414;83632.01
2026-09-29 18:15:00;83428;83519;83400;83427.65
2026-09-29 18:00:00;83078.01;83432.01;83078.01;83428.01
2026-09-29 17:45:00;83132.01;83171.24;82985;83078.01
2026-09-29 17:30:00;83178.01;83218.01;83107.9;83132.01
2026-09-29 17:15:00;83166.48;83180.69;83050;83178
2026-09-29 17:00:00;83061.28;83188.6;83014.98;83166.47
2026-09-29 16:45:00;83044.01;83088.01;82900;83061.27
2026-09-29 16:30:00;83258.01;83276.01;83042;83044.01
2026-09-29 16:15:00;83030.01;83290;82997.32;83258
2026-09-29 16:00:00;83068;83145.81;82962.6;83030
2026-09-29 15:45:00;83179.58;83331.13;82929;83068
2026-09-29 15:30:00;82994.53;83242.4;82986;83179.58
2026-09-29 15:15:00;83430.83;83496.01;82910;82994.54
2026-09-29 15:00:00;83752;83756.25;83364;83430.82
2026-09-29 14:45:00;83890.85;84009.75;83688;83752.01
2026-09-29 14:30:00;83942.17;84014.96;83764;83890.85
2026-09-29 14:15:00;83925.31;84080.01;83854.26;83942.16
2026-09-29 14:00:00;84200.01;84288.01;83875.01;83925.3
2026-09-29 13:45:00;84192.01;84456.01;84082;84200.01
2026-09-29 13:30:00;84361.84;84361.85;84025.26;84192.01
2026-09-29 13:15:00;84410;84563.99;84338.01;84361.84
2026-09-29 13:00:00;84332.85;84450;84249.65;84410.01
2026-09-29 12:45:00;84353.78;84390;84256;84332.85
2026-09-29 12:30:00;84203.93;84480;84203.93;84353.78
2026-09-29 12:15:00;84327.45;84488.99;84133;84203.93
2026-09-29 12:00:00;84358;84429.79;84299.45;84327.44
2026-09-29 11:45:00;84262.5;84500;84252;84358.01
2026-09-29 11:30:00;84068.29;84272.01;84063.19;84262.5
2026-09-29 11:15:00;84030.2;84077.46;83986;84068.3
2026-09-29 11:00:00;84030.5;84090.01;83936.92;84030.19
2026-09-29 10:45:00;84018;84076.49;83987.99;84030.49
2026-09-29 10:30:00;84150.01;84159;84000;84018.01
2026-09-29 10:15:00;84208.51;84219.03;84068;84150
2026-09-29 10:00:00;84258.01;84332.76;84165.58;84208.52
2026-09-29 09:45:00;84000;84328.94;83992.8;84258.01
2026-09-29 09:30:00;83849.54;84000;83834.01;84000
2026-09-29 09:15:00;83782.01;83916.01;83760.4;83849.55
2026-09-29 09:00:00;83874.01;83878.01;83762;83782
2026-09-29 08:45:00;83856.01;83882.01;83800;83874.01
2026-09-29 08:30:00;84166.93;84166.94;83844;83856.01
2026-09-29 08:15:00;84044.76;84368.01;84044.75;84166.93
2026-09-29 08:00:00;83980.97;84086.22;83978.73;84044.75
2026-09-29 07:45:00;84017.64;84064.96;83954.37;83980.97
2026-09-29 07:30:00;83996.21;84200;83963.04;84017.64
2026-09-29 07:15:00;83987.39;84070;83923.62;83996.22
2026-09-29 07:00:00;84007.07;84046.72;83873.74;83987.4
2026-09-29 06:45:00;83899.91;84017.74;83862.76;84007.06
2026-09-29 06:30:00;83881.93;83955.17;83844.79;83899.91
2026-09-29 06:15:00;83892.88;83895;83746;83881.93
2026-09-29 06:00:00;83431.01;83892.89;83420.01;83892.89
2026-09-29 05:45:00;83298.01;83434.56;83215.49;83431.02
2026-09-29 05:30:00;83316.01;83326.01;82971.1;83298.01
2026-09-29 05:15:00;83260;83344.01;83228;83316.01
2026-09-29 05:00:00;83212.98;83262.52;83178;83260
2026-09-29 04:45:00;83163.84;83215.96;83078.64;83212.98
2026-09-29 04:30:00;83226.01;83226.01;83108.98;83163.83
2026-09-29 04:15:00;83128.02;83295.61;83128.01;83226
2026-09-29 04:00:00;83070;83158.01;83024.43;83128.02
2026-09-29 03:45:00;83123.14;83172.16;83044.79;83069.99
2026-09-29 03:30:00;83210;83210.01;83114.94;83123.14
2026-09-29 03:15:00;82895.43;83210.01;82866.01;83210.01
2026-09-29 03:00:00;82967.41;83048.89;82895.42;82895.43
2026-09-29 02:45:00;83034.3;83112.01;82903.42;82967.4
2026-09-29 02:30:00;82975.59;83036.32;82891.32;83034.3
2026-09-29 02:15:00;83020.1;83156.01;82914.83;82975.59
2026-09-29 02:00:00;83068.01;83100;82914.16;83020.1
2026-09-29 01:45:00;82968.54;83115.35;82910.89;83068
2026-09-29 01:30:00;82827.73;83009.64;82775.94;82968.55
2026-09-29 01:15:00;83035.72;83054.01;82827.72;82827.73
2026-09-29 01:00:00;83185.69;83241.99;82991.2;83035.72
2026-09-29 00:45:00;83532;83532.01;83183;83185.69
2026-09-29 00:30:00;83549.05;83620.01;83468;83532
2026-09-29 00:15:00;83525.66;83558.01;83350;83549.04
2026-09-29 00:00:00;83500.01;83544.01;83462;83525.65
2026-09-28 23:45:00;83602.84;83602.85;83500;83500.01
2026-09-28 23:30:00;83590.01;83621.8;83583.3;83602.85
2026-09-28 23:15:00;83455.01;83590.01;83455;83590
2026-09-28 23:00:00;83544.01;83636.7;83455;83455
2026-09-28 22:45:00;83488.63;83544.01;83486.86;83544.01
2026-09-28 22:30:00;83236.01;83488.64;83236;83488.64
2026-09-28 22:15:00;83181.98;83242.4;83158;83236
2026-09-28 22:00:00;83218.01;83236.01;83100;83181.98
2026-09-28 21:45:00;83427.64;83439.38;83214;83218.01
2026-09-28 21:30:00;83468.32;83475.48;83400;83427.64
2026-09-28 21:15:00;83586.01;83586.01;83458;83468.31
2026-09-28 21:00:00;83548.01;83664.01;83548;83586
2026-09-28 20:45:00;83500;83548.01;83442;83548
2026-09-28 20:30:00;83492.01;83581.51;83468;83500.01
2026-09-28 20:15:00;83570.53;83570.53;83472.93;83492
2026-09-28 20:00:00;83389.53;83613.8;83270;83570.53
2026-09-28 19:45:00;83320.53;83424;83274;83389.54
2026-09-28 19:30:00;83638.01;83652.84;83118.1;83320.53
2026-09-28 19:15:00;83727.59;83737.5;83634.09;83638
2026-09-28 19:00:00;84041.19;84045.23;83658.05;83727.59
2026-09-28 18:45:00;83869.49;84045.23;83810.35;84041.19
2026-09-28 18:30:00;83938.35;83954.89;83800;83869.49
2026-09-28 18:15:00;83972.15;84000;83899.37;83938.36
2026-09-28 18:00:00;83880.34;83974.01;83846.94;83972.15
2026-09-28 17:45:00;84014.98;84054.01;83842.01;83880.33
2026-09-28 17:30:00;83905.01;84026.01;83852;84014.99
2026-09-28 17:15:00;84249.99;84381.3;83880;83905.01
2026-09-28 17:00:00;83723.1;84250;83563.11;84249.99
2026-09-28 16:45:00;83724;83776.01;83580.28;83723.1
2026-09-28 16:30:00;84012.01;84114.26;83678.13;83724
2026-09-28 16:15:00;83420.92;84188.9;83378;84012.01
2026-09-28 16:00:00;83370;83480.01;83256;83420.93
2026-09-28 15:45:00;83211.33;83397.18;83211.32;83370
2026-09-28 15:30:00;83068;83365.23;83020;83211.33
2026-09-28 15:15:00;82956.87;83126.01;82792;83068
2026-09-28 15:00:00;83020.01;83266.19;82929;82956.86
2026-09-28 14:45:00;82948.33;83066.01;82563;83020
2026-09-28 14:30:00;83244;83480.01;82856;82948.33
2026-09-28 14:15:00;83401.65;83609.42;83100;83244
2026-09-28 14:00:00;83641.99;83642;83326;83401.65
2026-09-28 13:45:00;83741.62;83820;83480;83641.99
2026-09-28 13:30:00;83567.48;83816.95;83388.03;83741.62
2026-09-28 13:15:00;83406.19;83567.48;83360;83567.47
2026-09-28 13:00:00;83579.75;83579.76;83310.71;83406.2
2026-09-28 12:45:00;83340.92;83631.43;83340.92;83579.75
2026-09-28 12:30:00;83369.7;83430.01;83270.26;83340.91
2026-09-28 12:15:00;83383.9;83466.15;83278.24;83369.7
2026-09-28 12:00:00;83082.53;83500;83011.48;83383.9
2026-09-28 11:45:00;83069.98;83086;82981.08;83082.54
2026-09-28 11:30:00;83021.05;83111;82982.53;83069.98
2026-09-28 11:15:00;82994.01;83078.24;82969.97;83021.05
2026-09-28 11:00:00;82960.01;83055.65;82960;82994.01
2026-09-28 10:45:00;82950;83064.51;82862;82960
2026-09-28 10:30:00;82816.94;82958.18;82773.91;82950
2026-09-28 10:15:00;82762.03;82850;82734.19;82816.93
2026-09-28 10:00:00;82666.01;82868.41;82666.01;82762.04
2026-09-28 09:45:00;82626;82780.01;82613.71;82666.01
2026-09-28 09:30:00;82818;82844.32;82597.55;82626.01
2026-09-28 09:15:00;82879.11;82969.98;82751.81;82818.01
2026-09-28 09:00:00;82962.01;83003.67;82613.13;82879.11
2026-09-28 08:45:00;82922;83030.01;82910;82962
2026-09-28 08:30:00;82844.01;82972.01;82784;82922
2026-09-28 08:15:00;83040.06;83069.72;82824.12;82844.01
2026-09-28 08:00:00;82966;83160.33;82924.01;83040.06
2026-09-28 07:45:00;82944.71;83130.01;82934;82966.01
2026-09-28 07:30:00;82942.01;83057.85;82920;82944.71
2026-09-28 07:15:00;83086.01;83158.01;82938.98;82942.01
2026-09-28 07:00:00;83164.78;83291.66;83058.59;83086
2026-09-28 06:45:00;83186.94;83233.28;83122.16;83164.78
2026-09-28 06:30:00;83062;83218.01;83046;83186.95
2026-09-28 06:15:00;83247.34;83254.01;83057.75;83062
2026-09-28 06:00:00;83184;83295.84;83140.92;83247.35
2026-09-28 05:45:00;83140.67;83198.01;83052;83184.01
2026-09-28 05:30:00;83066.98;83150.01;82705.02;83140.66
2026-09-28 05:15:00;83335.38;83354.34;83026.17;83066.98
2026-09-28 05:00:00;83490.2;83534.01;83251.25;83335.38
2026-09-28 04:45:00;83500;83511.57;83436.58;83490.21
2026-09-28 04:30:00;83484.58;83526.01;83435.7;83500.01
2026-09-28 04:15:00;83430.52;83516.01;83370.71;83484.57
2026-09-28 04:00:00;83338.6;83450;83232;83430.53
2026-09-28 03:45:00;83445.03;83486;83302.99;83338.6
2026-09-28 03:30:00;83330;83488.01;83210;83445.02
2026-09-28 03:15:00;83438;83506.01;83304;83330.01
2026-09-28 03:00:00;83418.91;83536.48;83383.41;83438.01
2026-09-28 02:45:00;83493.09;83541.23;83389.07;83418.24
2026-09-28 02:30:00;83627.27;83629.72;83420.81;83493.1
2026-09-28 02:15:00;83745.42;83756.12;83554.86;83627.27
2026-09-28 02:00:00;83694.42;83782.07;83480;83745.42
2026-09-28 01:45:00;83815.43;83924.56;83613.8;83694.43
2026-09-28 01:30:00;84078;84142.01;83803.81;83815.43
2026-09-28 01:15:00;83959.63;84160.01;83880;84078
2026-09-28 01:00:00;84140;84238.87;83930;83959.63
2026-09-28 00:45:00;84300.01;84622.01;84140;84140
2026-09-28 00:30:00;84792.48;84792.48;84208;84300.01
2026-09-28 00:15:00;84430.01;84999;84422;84792.47
2026-09-28 00:00:00;84472.01;84567;84378;84430.01
2026-09-27 23:45:00;84340.63;84532.01;84340.62;84472
2026-09-27 23:30:00;84408;84470;84340.62;84340.63
2026-09-27 23:15:00;84224;84448.01;84206;84408
2026-09-27 23:00:00;84195.27;84302.68;84132;84224
2026-09-27 22:45:00;84184.35;84242.01;84135.78;84195.27
2026-09-27 22:30:00;84555.65;84555.65;84178.65;84184.36
2026-09-27 22:15:00;84329.32;84566.01;84272.79;84555.65
2026-09-27 22:00:00;84688.07;84756.01;84277.72;84329.32
2026-09-27 21:45:00;84548.72;84700.01;84548.71;84688.07
2026-09-27 21:30:00;84607.52;84622.01;84458;84548.72
2026-09-27 21:15:00;84682.01;84719.82;84607.51;84607.51
2026-09-27 21:00:00;84552.01;84682.01;84552;84682.01
2026-09-27 20:45:00;84639.98;84640.04;84548;84552
2026-09-27 20:30:00;84621.74;84643.87;84583.18;84639.98
2026-09-27 20:15:00;84813;84813;84615.09;84621.75
2026-09-27 20:00:00;84736.02;84813;84736.01;84812.99
2026-09-27 19:45:00;84771.41;84818.01;84736.01;84736.01
2026-09-27 19:30:00;84702;84796.01;84666;84771.4
2026-09-27 19:15:00;84795.95;84839.34;84671.37;84702.01
2026-09-27 19:00:00;84818.87;84843;84730;84795.96
2026-09-27 18:45:00;84758;84820.74;84706;84818.87
2026-09-27 18:30:00;84740.01;84771.67;84672;84758.01
2026-09-27 18:15:00;84604.45;84740.01;84604.44;84740.01
2026-09-27 18:00:00;84574;84604.45;84565.9;84604.44
2026-09-27 17:45:00;84476.78;84574.01;84476.78;84574
2026-09-27 17:30:00;84444;84520.01;84444;84476.79
2026-09-27 17:15:00;84390;84457.82;84390;84444
2026-09-27 17:00:00;84426;84473.58;84342;84390
2026-09-27 16:45:00;84392.01;84449.95;84392;84426
2026-09-27 16:30:00;84578;84578;84380;84392.01
2026-09-27 16:15:00;84563.99;84687.32;84506.63;84578.01
2026-09-27 16:00:00;84463.38;84593.12;84463.37;84563.99
2026-09-27 15:45:00;84436.23;84507.81;84430;84463.37
2026-09-27 15:30:00;84624;84644.01;84434.12;84436.23
2026-09-27 15:15:00;84514.32;84624.01;84458;84624
2026-09-27 15:00:00;84538.01;84592.24;84364;84514.32
2026-09-27 14:45:00;84734;84742.01;84450;84538.02
2026-09-27 14:30:00;84708.01;84796.14;84673.02;84734.01
2026-09-27 14:15:00;84996.74;85016.01;84700;84708
2026-09-27 14:00:00;85030.41;85048.14;84914.35;84996.74
2026-09-27 13:45:00;84798.94;85040;84743.8;85030.41
2026-09-27 13:30:00;84945;85159.03;84790;84798.93
2026-09-27 13:15:00;84649.99;84950;84649.99;84945.01
2026-09-27 13:00:00;84802.01;84806.73;84637.73;84649.99
2026-09-27 12:45:00;84996.01;84996.01;84802.01;84802.01
2026-09-27 12:30:00;84970.12;85027.48;84970;84996
2026-09-27 12:15:00;85002.83;85044.51;84957.78;84970.11
2026-09-27 12:00:00;84898;85007.49;84898;85002.83
2026-09-27 11:45:00;84912.33;84918.61;84850;84898
2026-09-27 11:30:00;84905.55;84912.34;84836.06;84912.34
2026-09-27 11:15:00;84910.01;84939.44;84841.93;84905.55
2026-09-27 11:00:00;84882.99;84946.01;84848;84910.02
2026-09-27 10:45:00;84858;84909.98;84800;84883
2026-09-27 10:30:00;84930.01;84930.14;84858;84858.01
2026-09-27 10:15:00;85032.4;85117.64;84910.55;84930
2026-09-27 10:00:00;84944.01;85048.13;84900;85032.41
2026-09-27 09:45:00;84804.24;84958.99;84804.23;84944.01
2026-09-27 09:30:00;84700.59;84804.24;84700.58;84804.24
2026-09-27 09:15:00;84658;84700.59;84631.59;84700.59
2026-09-27 09:00:00;84800;84800.01;84590;84658
2026-09-27 08:45:00;84749.01;84827.78;84709.98;84800
2026-09-27 08:30:00;84810.01;84883.98;84692.68;84749
2026-09-27 08:15:00;84816.38;84864.01;84754.02;84810.01
2026-09-27 08:00:00;84790.99;84840;84732.07;84816.39
2026-09-27 07:45:00;84626;84791;84614;84791
2026-09-27 07:30:00;84534.6;84632.01;84534.59;84626.01
2026-09-27 07:15:00;84540.78;84550.06;84500;84534.6
2026-09-27 07:00:00;84511.69;84548;84511.68;84540.77
2026-09-27 06:45:00;84528.54;84565.68;84482.98;84511.69
2026-09-27 06:30:00;84599.21;84605.82;84518.49;84528.54
2026-09-27 06:15:00;84605.95;84636.91;84546;84599.21
2026-09-27 06:00:00;84478.06;84608.01;84478.06;84605.94
2026-09-27 05:45:00;84548.01;84573.03;84468.98;84478.06
2026-09-27 05:30:00;84398.86;84654.02;84398.86;84548
2026-09-27 05:15:00;84391.55;84398.87;84391.54;84398.86
2026-09-27 05:00:00;84329.61;84398;84325;84391.54
2026-09-27 04:45:00;84315.39;84362;84305.35;84329.6
2026-09-27 04:30:00;84426;84426.01;84314.18;84315.38
2026-09-27 04:15:00;84490.01;84491.5;84426;84426
2026-09-27 04:00:00;84402.15;84510;84396;84490
2026-09-27 03:45:00;84403.7;84419.67;84372;84402.15
2026-09-27 03:30:00;84387.6;84436.75;84387.59;84403.71
2026-09-27 03:15:00;84488.82;84488.82;84378.46;84387.59
2026-09-27 03:00:00;84450.01;84518.6;84450;84488.81
2026-09-27 02:45:00;84479.84;84480.01;84448;84450
2026-09-27 02:30:00;84516.01;84536;84479.84;84479.84
2026-09-27 02:15:00;84498.01;84540.01;84475.51;84516.01
2026-09-27 02:00:00;84495.01;84535.97;84460;84498.01
2026-09-27 01:45:00;84401;84571.13;84401;84495.01
2026-09-27 01:30:00;84332.99;84401;84309.42;84400.99
2026-09-27 01:15:00;84391.98;84414.34;84332.99;84333
2026-09-27 01:00:00;84306.01;84391.99;84281.84;84391.99
2026-09-27 00:45:00;84350.5;84350.51;84306;84306.01
2026-09-27 00:30:00;84266;84384.77;84266;84350.5
2026-09-27 00:15:00;84328.37;84328.37;84257.07;84266.01
2026-09-27 00:00:00;84433.11;84443.26;84328.36;84328.37
2026-09-26 23:45:00;84349.78;84473.58;84349.78;84433.1
2026-09-26 23:30:00;84384.73;84434.01;84349.78;84349.79
2026-09-26 23:15:00;84356.92;84438.28;84329.69;84384.73
2026-09-26 23:00:00;84276.01;84376.01;84276;84356.91
2026-09-26 22:45:00;84275.11;84342.01;84269.77;84276.01
2026-09-26 22:30:00;84363.99;84363.99;84274.31;84275.11
2026-09-26 22:15:00;84345.26;84364;84256;84364
2026-09-26 22:00:00;84158.74;84420.59;84158.74;84345.26
2026-09-26 21:45:00;84164;84164;84118.48;84158.75
2026-09-26 21:30:00;84220.98;84262.85;84162;84163.99
2026-09-26 21:15:00;84118.05;84220.99;84105.4;84220.97
2026-09-26 21:00:00;84030.35;84118.06;84030.34;84118.06
2026-09-26 20:45:00;83890.01;84041.73;83838;84030.34
2026-09-26 20:30:00;84082.83;84097.88;83874;83890.01
2026-09-26 20:15:00;84018;84082.84;84018;84082.84
2026-09-26 20:00:00;84016.63;84060.01;83991.39;84018.01
2026-09-26 19:45:00;84016.79;84029.91;84004;84016.63
2026-09-26 19:30:00;84039.03;84039.17;83976.74;84016.78
2026-09-26 19:15:00;84022.94;84039.04;84022.16;84039.03
2026-09-26 19:00:00;83998.68;84048.14;83998.67;84022.95
2026-09-26 18:45:00;84006.06;84020.76;83990;83998.68
2026-09-26 18:30:00;84069.26;84073.8;84002;84006.06
2026-09-26 18:15:00;84100.61;84100.61;84063.18;84069.27
2026-09-26 18:00:00;84132.4;84162.52;84100.6;84100.61
2026-09-26 17:45:00;84101.73;84132.41;84101.72;84132.4
2026-09-26 17:30:00;84070.74;84101.73;84041.92;84101.72
2026-09-26 17:15:00;84087.97;84088.01;84050.39;84070.75
2026-09-26 17:00:00;84120;84128.62;84065.27;84087.98
2026-09-26 16:45:00;84152.32;84166.3;84100.02;84120
2026-09-26 16:30:00;84112.22;84174.33;84112.21;84152.32
2026-09-26 16:15:00;84135.75;84149.56;84098.18;84112.22
2026-09-26 16:00:00;84156;84164.48;84110.21;84135.75
2026-09-26 15:45:00;84134.77;84156;84082.45;84155.99
2026-09-26 15:30:00;84058.5;84190;84058.49;84134.77
2026-09-26 15:15:00;84020.02;84058.5;84020.01;84058.49
2026-09-26 15:00:00;84020.01;84036;84010.49;84020.02
2026-09-26 14:45:00;84021.69;84049.19;84007.36;84020
2026-09-26 14:30:00;83980.01;84034.48;83980;84021.7
2026-09-26 14:15:00;83960.01;83982.73;83960;83980
2026-09-26 14:00:00;83939.11;83968.01;83919.1;83960.01
2026-09-26 13:45:00;83932.26;83975.82;83923.44;83939.1
2026-09-26 13:30:00;83932;83932.27;83865.42;83932.26
2026-09-26 13:15:00;84008;84024.02;83856.23;83932
2026-09-26 13:00:00;84051.89;84125.45;83958.83;84008.01
2026-09-26 12:45:00;84050;84074.01;84050;84051.9
2026-09-26 12:30:00;84103.65;84125.97;84050;84050.01
2026-09-26 12:15:00;84150;84204.88;84103.65;84103.66
2026-09-26 12:00:00;84176;84183.45;84108;84150
2026-09-26 11:45:00;84176.05;84185.64;84166.01;84176
2026-09-26 11:30:00;84163.36;84198;84163.34;84176.05
2026-09-26 11:15:00;84171.85;84199.97;84161.98;84163.35
2026-09-26 11:00:00;84179.92;84192.01;84130.79;84171.85
2026-09-26 10:45:00;84148.01;84179.92;84130.02;84179.92
2026-09-26 10:30:00;84143.55;84163.36;84122.11;84148
2026-09-26 10:15:00;84113.3;84184.95;84113.29;84143.55
2026-09-26 10:00:00;84021.96;84122.01;84021.95;84113.29
2026-09-26 09:45:00;84019;84027.59;83994.54;84021.95
2026-09-26 09:30:00;84031.18;84041;83981.1;84018.99
2026-09-26 09:15:00;84018.89;84038.01;83966.03;84031.18
2026-09-26 09:00:00;84220.01;84220.01;83975.8;84018.89
2026-09-26 08:45:00;84293.1;84293.11;84208.06;84220.01
2026-09-26 08:30:00;84100.77;84336.96;84100.76;84293.1
2026-09-26 08:15:00;84080.08;84100.77;84032.06;84100.77
2026-09-26 08:00:00;84116.79;84119.37;84053.71;84080.08
2026-09-26 07:45:00;84038.01;84134.01;84038;84116.8
2026-09-26 07:30:00;84014.04;84069.91;84014.03;84038.01
2026-09-26 07:15:00;84010.32;84030.01;83995.76;84014.03
2026-09-26 07:00:00;83891.23;84021.25;83891.23;84010.32
2026-09-26 06:45:00;83913;83930;83886.03;83891.22
2026-09-26 06:30:00;83935.99;83968.01;83904.7;83913
2026-09-26 06:15:00;83893.19;83936;83876.58;83936
2026-09-26 06:00:00;83919.69;83939.89;83893.18;83893.18
2026-09-26 05:45:00;83960;83986.87;83900.58;83919.69
2026-09-26 05:30:00;83931.5;83960.01;83891.27;83960.01
2026-09-26 05:15:00;83967.96;83994.15;83899.32;83931.5
2026-09-26 05:00:00;83976.01;84012.93;83940.9;83967.97
2026-09-26 04:45:00;83983.24;83998;83972;83976
2026-09-26 04:30:00;83894.44;83983.25;83848.91;83983.24
2026-09-26 04:15:00;83985.68;84045.65;83893.67;83894.43
2026-09-26 04:00:00;83939.01;84013.48;83939;83985.68
2026-09-26 03:45:00;83951.28;83962.89;83939;83939
2026-09-26 03:30:00;84027.09;84049.83;83951.27;83951.28
2026-09-26 03:15:00;83944.01;84027.1;83909.98;84027.09
2026-09-26 03:00:00;84010;84010;83918;83944.01
2026-09-26 02:45:00;84009.99;84059.99;84009.99;84010
2026-09-26 02:30:00;84029.78;84044;84000;84010
2026-09-26 02:15:00;84136.02;84137.41;84029.77;84029.77
2026-09-26 02:00:00;84076.67;84138.6;83996;84136.01
2026-09-26 01:45:00;84041.37;84086.01;84036;84076.66
2026-09-26 01:30:00;83944.79;84078.9;83936.38;84041.37
2026-09-26 01:15:00;83933.72;84000;83927.86;83944.79
2026-09-26 01:00:00;83910.01;83981.11;83906.72;83933.73
2026-09-26 00:45:00;83881.41;83950;83881.4;83910.01
2026-09-26 00:30:00;83950.41;83950.41;83798;83881.4
2026-09-26 00:15:00;84074.04;84078.71;83922.74;83950.41
2026-09-26 00:00:00;84100;84145.26;84060;84074.05
2026-09-25 23:45:00;84080;84100;84038.11;84099.99
2026-09-25 23:30:00;84097.05;84106;84075.65;84080
2026-09-25 23:15:00;84059.93;84097.05;84020;84097.04
2026-09-25 23:00:00;84083.05;84100;84059.86;84059.94
2026-09-25 22:45:00;84079.69;84123.35;84041.73;84083.05
2026-09-25 22:30:00;83906;84098.5;83906;84079.69
2026-09-25 22:15:00;83933.94;83973.99;83900.57;83906
2026-09-25 22:00:00;83792;83933.94;83765.26;83933.94
2026-09-25 21:45:00;83814.6;83886;83789.92;83792
2026-09-25 21:30:00;83773.69;83840.87;83725.36;83814.6
2026-09-25 21:15:00;83696.49;83773.69;83632.03;83773.68
2026-09-25 21:00:00;83886.01;83921.36;83657.14;83696.49
2026-09-25 20:45:00;84122.01;84122.01;83817.89;83886
2026-09-25 20:30:00;84064.91;84193.39;84051.75;84122.01
2026-09-25 20:15:00;83974.49;84101.12;83974.49;84064.92
2026-09-25 20:00:00;84020.01;84043.9;83946;83974.49
2026-09-25 19:45:00;83986.47;84078.23;83986.46;84020.01
2026-09-25 19:30:00;84007.29;84072.01;83956.52;83986.47
2026-09-25 19:15:00;84049.97;84050;83954;84007.3
2026-09-25 19:00:00;83968.01;84050.01;83934;84049.97
2026-09-25 18:45:00;83980.54;84003.47;83938.6;83968
2026-09-25 18:30:00;83958.01;84020.01;83916.08;83980.54
2026-09-25 18:15:00;83998.76;84081.41;83902.69;83958
2026-09-25 18:00:00;83785.11;84019.97;83785.11;83998.76
2026-09-25 17:45:00;83803.7;83810.01;83704.04;83785.11
2026-09-25 17:30:00;83694.84;83840.53;83628;83803.7
2026-09-25 17:15:00;83959.92;83995.84;83694.83;83694.84
2026-09-25 17:00:00;83742.23;83962.01;83742.23;83959.93
2026-09-25 16:45:00;83906.01;83906.01;83720;83742.22
2026-09-25 16:30:00;83972.01;84037.92;83819.86;83906.01
2026-09-25 16:15:00;84010.48;84115.87;83926.57;83972.01
2026-09-25 16:00:00;83796.01;84077.64;83796.01;84010.48
2026-09-25 15:45:00;83474.35;83796.01;83363.63;83796.01
2026-09-25 15:30:00;83766.45;83892.01;83455;83474.35
2026-09-25 15:15:00;84001.9;84004.83;83730.81;83766.46
2026-09-25 15:00:00;84016.01;84092.01;83754;84001.9
2026-09-25 14:45:00;83684.46;84030.01;83564;84016.01
2026-09-25 14:30:00;83650.01;83928.01;83650;83684.46
2026-09-25 14:15:00;83580.01;83800;83462;83649.76
2026-09-25 14:00:00;83923.71;84017.47;83183;83580.01
2026-09-25 13:45:00;84010.01;84112.01;83530.06;83923.71
2026-09-25 13:30:00;84104.22;84342.01;83800;84010
2026-09-25 13:15:00;84460.01;84600.01;84104.22;84104.22
2026-09-25 13:00:00;84471.79;84574.01;84340;84460
2026-09-25 12:45:00;84435.99;84574.01;84340.01;84471.8
2026-09-25 12:30:00;84405.91;84542.01;84340;84435.99
2026-09-25 12:15:00;84368.42;84405.91;83900;84405.9
2026-09-25 12:00:00;84582.64;84704;84223.56;84368.41
2026-09-25 11:45:00;84716.69;84744.74;84567.02;84582.64
2026-09-25 11:30:00;84927;84973.66;84705.88;84716.69
2026-09-25 11:15:00;85221.94;85255;84841.04;84926.99
2026-09-25 11:00:00;84713.67;85222;84707.5;85221.94
2026-09-25 10:45:00;84784;84870;84713.66;84713.66
2026-09-25 10:30:00;84728.57;84819.31;84662.25;84784
2026-09-25 10:15:00;84496.01;84746.01;84451.55;84728.56
2026-09-25 10:00:00;84570.02;84570.02;84394;84496.01
2026-09-25 09:45:00;84630.7;84643.67;84570.01;84570.01
2026-09-25 09:30:00;84814.01;84870;84592.59;84630.7
2026-09-25 09:15:00;84596.81;84832.84;84545.67;84814.01
2026-09-25 09:00:00;84417.05;84721;84417.05;84596.82
2026-09-25 08:45:00;84322.49;84473.57;84294.49;84417.06
2026-09-25 08:30:00;84432;84446.46;84322.49;84322.49
2026-09-25 08:15:00;84121.75;84512;84121.74;84432
2026-09-25 08:00:00;84043.96;84191.58;84028.98;84121.75
2026-09-25 07:45:00;83915.18;84088.87;83887.16;84043.96
2026-09-25 07:30:00;84046;84096.01;83818.75;83915.18
2026-09-25 07:15:00;83820.79;84046.01;83819.42;84046
2026-09-25 07:00:00;84036.01;84058.01;83750.5;83820.79
2026-09-25 06:45:00;84031.55;84070.01;84010;84036
2026-09-25 06:30:00;84102.98;84102.99;83938;84031.56
2026-09-25 06:15:00;84120;84284.01;84063.18;84102.99
2026-09-25 06:00:00;84194;84233.78;83962;84120
2026-09-25 05:45:00;84256.22;84290.01;84194;84194.01
2026-09-25 05:30:00;84190.02;84347.86;84122.41;84256.23
2026-09-25 05:15:00;84168.45;84270.09;84096.94;84190.02
2026-09-25 05:00:00;84208;84254.01;84168.45;84168.45
2026-09-25 04:45:00;84278;84286.01;84165.8;84208.01
2026-09-25 04:30:00;84120;84298.01;84119.99;84278
2026-09-25 04:15:00;84072;84170;84061.22;84119.99
2026-09-25 04:00:00;84231.19;84231.2;84072;84072.01
2026-09-25 03:45:00;84213.19;84235.89;84138.47;84231.19
2026-09-25 03:30:00;84146.01;84385.1;84063.18;84213.2
2026-09-25 03:15:00;84253.94;84326.01;84121.25;84146.01
2026-09-25 03:00:00;84226.17;84328.01;84184;84253.93
2026-09-25 02:45:00;84485.06;84485.06;84180;84226.16
2026-09-25 02:30:00;84692;84727.65;84404.01;84485.06
2026-09-25 02:15:00;84841.54;84888;84650;84692.01
2026-09-25 02:00:00;84610.74;84881.55;84572;84841.53
2026-09-25 01:45:00;84479.69;84632.01;84479.69;84610.73
2026-09-25 01:30:00;84540.16;84540.16;84366;84479.69
2026-09-25 01:15:00;84700.02;84753.01;84510.36;84540.16
2026-09-25 01:00:00;84590.01;84796.51;84578.07;84700.03
2026-09-25 00:45:00;84598.87;84668;84564.96;84590.01
2026-09-25 00:30:00;84673.41;84687.58;84547.92;84598.86
2026-09-25 00:15:00;84657.86;84675.1;84549.55;84673.41
2026-09-25 00:00:00;84410.24;84718.02;84410.24;84657.87
2026-09-24 23:45:00;84412.08;84445.92;84380.01;84410.24
2026-09-24 23:30:00;84435.26;84473.58;84412.07;84412.08
2026-09-24 23:15:00;84306.72;84443.36;84294;84435.26
2026-09-24 23:00:00;84277.32;84373.37;84269.99;84306.72
2026-09-24 22:45:00;84150.01;84277.32;84143.83;84277.32
2026-09-24 22:30:00;84129.51;84193.62;84068.74;84150.01
2026-09-24 22:15:00;84333.97;84334.02;83948.43;84129.52
2026-09-24 22:00:00;84350;84368.01;84247.37;84333.97
2026-09-24 21:45:00;84488.92;84492.01;84340.01;84350
2026-09-24 21:30:00;84426.84;84501.16;84418;84488.92
2026-09-24 21:15:00;84340.01;84460.87;84336;84426.84
2026-09-24 21:00:00;84371.62;84404.01;84290;84340
2026-09-24 20:45:00;84387.33;84500;84272;84371.63
2026-09-24 20:30:00;84266.01;84412.82;84206;84387.33
2026-09-24 20:15:00;84250.01;84317.91;84170;84266
2026-09-24 20:00:00;84412.64;84442.61;84244;84250
2026-09-24 19:45:00;84451.24;84576.9;84309.06;84412.65
2026-09-24 19:30:00;84643.87;84643.88;84416.12;84451.24
2026-09-24 19:15:00;84584;84660;84540;84643.87
2026-09-24 19:00:00;84476.01;84629.72;84298;84583.99
2026-09-24 18:45:00;84423.84;84540.01;84367.8;84476.01
2026-09-24 18:30:00;84424.01;84554;84258;84423.84
2026-09-24 18:15:00;84258;84482.29;84242;84424.01
2026-09-24 18:00:00;84110;84258.01;83888;84258
2026-09-24 17:45:00;84172;84222.01;84017.68;84110
2026-09-24 17:30:00;84329.71;84439.63;84144.15;84172.01
2026-09-24 17:15:00;84478;84542.01;84210.12;84329.71
2026-09-24 17:00:00;84500.32;84562.01;84369.31;84478
2026-09-24 16:45:00;84555.65;84710.01;84426;84500.33
2026-09-24 16:30:00;84706.73;84924.01;84444;84555.65
2026-09-24 16:15:00;84262.01;84837;84262.01;84706.72
2026-09-24 16:00:00;84418.01;84432.01;84044.02;84262.01
2026-09-24 15:45:00;84428;84468.01;84292;84418
2026-09-24 15:30:00;84125.71;84457.39;84108;84428
2026-09-24 15:15:00;83901.06;84249.99;83885.35;84125.71
2026-09-24 15:00:00;83673.77;83930.01;83508;83901.07
2026-09-24 14:45:00;84413.66;84414.5;83388.88;83673.77
2026-09-24 14:30:00;84875.22;84875.22;84391.49;84413.67
2026-09-24 14:15:00;84230;84942.45;84144;84875.22
2026-09-24 14:00:00;84258.42;84368.17;84132;84230
2026-09-24 13:45:00;83942.01;84258.43;83856;84258.43
2026-09-24 13:30:00;83780.01;84340.01;83759.21;83942
2026-09-24 13:15:00;83755.88;83960;83728;83780
2026-09-24 13:00:00;83604.26;83760.01;83600;83755.87
2026-09-24 12:45:00;83500.01;83657.5;83427.69;83604.26
2026-09-24 12:30:00;83550.01;83579.36;83346.66;83500.01
2026-09-24 12:15:00;83533.16;83670.01;83525;83550.01
2026-09-24 12:00:00;83494.59;83600.01;83394;83533.16
2026-09-24 11:45:00;83455.61;83549.65;83399.47;83494.58
2026-09-24 11:30:00;83522;83549.35;83410.69;83455.32
2026-09-24 11:15:00;83572.01;83616.01;83491.7;83522
2026-09-24 11:00:00;83512.2;83595.54;83506.76;83572.01
2026-09-24 10:45:00;83397.34;83566.66;83370.8;83512.2
2026-09-24 10:30:00;83264;83454.61;83166;83397.34
2026-09-24 10:15:00;83302;83366.01;83174.24;83264.01
2026-09-24 10:00:00;83263.96;83390;83156;83302
2026-09-24 09:45:00;83170.52;83278.01;83036;83263.95
2026-09-24 09:30:00;83364;83364.01;82874.93;83170.52
2026-09-24 09:15:00;83460.72;83522.01;83338.01;83364
2026-09-24 09:00:00;83660.01;83743.43;83459.36;83460.72
2026-09-24 08:45:00;83738;83777.15;83301;83660
2026-09-24 08:30:00;83778.01;83972.01;83630;83738
2026-09-24 08:15:00;84402;84463.99;83778;83778.01
2026-09-24 08:00:00;84524.02;84622.01;84401.49;84401.99
2026-09-24 07:45:00;84430.18;84612.01;84372;84524.02
2026-09-24 07:30:00;84411.55;84578.01;84378.77;84430.17
2026-09-24 07:15:00;84089.38;84411.55;84062.01;84411.55
2026-09-24 07:00:00;84114;84146.01;83950;84089.38
2026-09-24 06:45:00;84190.01;84199.81;84090.11;84113.99
2026-09-24 06:30:00;84193.98;84225.07;84153.9;84190.01
2026-09-24 06:15:00;84118.01;84206.27;84072.06;84193.98
2026-09-24 06:00:00;83978.02;84189.52;83918.84;84118.01
2026-09-24 05:45:00;84194;84240.01;83959.55;83978.02
2026-09-24 05:30:00;84183;84248.01;84110;84194
2026-09-24 05:15:00;84200.01;84234.01;84132;84183
2026-09-24 05:00:00;84046;84400;84041.64;84200
2026-09-24 04:45:00;83875.41;84054.05;83794;84046
2026-09-24 04:30:00;83934.54;83934.55;83854.38;83875.41
2026-09-24 04:15:00;83822.01;83937.96;83781.89;83934.54
2026-09-24 04:00:00;83934.01;83962.01;83810.09;83822
2026-09-24 03:45:00;84010.01;84023.33;83850;83934.01
2026-09-24 03:30:00;84056.01;84056.01;83878;84010.01
2026-09-24 03:15:00;84333.55;84360.01;84000;84056
2026-09-24 03:00:00;84365.55;84480.01;84242;84333.55
2026-09-24 02:45:00;84332;84372.01;84332;84365.54
2026-09-24 02:30:00;84164.2;84337;84137.48;84332.01
2026-09-24 02:15:00;83946.57;84250;83946.57;84164.19
2026-09-24 02:00:00;84104.35;84126.13;83744.7;83946.56
2026-09-24 01:45:00;84138.08;84188.16;84064;84104.35
2026-09-24 01:30:00;84230;84470.47;84077.45;84138.08
2026-09-24 01:15:00;84281.96;84334.04;84186;84230
2026-09-24 01:00:00;84318;84401.17;84252;84281.96
2026-09-24 00:45:00;84364;84371.76;84213.99;84318
2026-09-24 00:30:00;84338;84452.52;84274.1;84364
2026-09-24 00:15:00;84358;84440.87;84337.98;84338
2026-09-24 00:00:00;84397.6;84494.5;84300;84358
2026-09-23 23:45:00;84464.01;84476.01;84352;84397.6
2026-09-23 23:30:00;84483.95;84512;84440;84464
2026-09-23 23:15:00;84492.08;84508.01;84432;84483.95
2026-09-23 23:00:00;84563.01;84566;84480.33;84492.08
2026-09-23 22:45:00;84496.01;84620;84493.48;84563.01
2026-09-23 22:30:00;84484;84522.68;84396.25;84496
2026-09-23 22:15:00;84594;84600.01;84484;84484.01
2026-09-23 22:00:00;84419.49;84670.01;84344.51;84594
2026-09-23 21:45:00;84499.29;84516.01;84419.48;84419.48
2026-09-23 21:30:00;84418;84514.17;84417.99;84499.29
2026-09-23 21:15:00;84370.74;84418.01;84328.88;84418
2026-09-23 21:00:00;84232.86;84372.69;84212.68;84370.73
2026-09-23 20:45:00;84401.2;84414.01;84224.01;84232.86
2026-09-23 20:30:00;84303.34;84424.01;84300.92;84401.19
2026-09-23 20:15:00;84340.01;84398.01;84256;84303.33
2026-09-23 20:00:00;84518;84569.94;84280;84340
2026-09-23 19:45:00;84448;84565.21;84436.68;84518
2026-09-23 19:30:00;84410;84493.42;84398.12;84448
2026-09-23 19:15:00;84370.91;84465;84308;84410
2026-09-23 19:00:00;84330;84399.57;84228;84370.9
2026-09-23 18:45:00;84230.01;84411;84197;84330
2026-09-23 18:30:00;84158;84234.31;84136;84230.23
2026-09-23 18:15:00;84203.36;84275.57;84143.17;84158.01
2026-09-23 18:00:00;84326.55;84340.42;84162;84203.35
2026-09-23 17:45:00;84259.24;84392.56;84256.62;84326.56
2026-09-23 17:30:00;84064.49;84259.25;83983.23;84259.24
2026-09-23 17:15:00;83810.48;84225.8;83786;84064.49
2026-09-23 17:00:00;84038.01;84182;83699.27;83810.47
2026-09-23 16:45:00;84091.13;84146.37;83846.94;84038
2026-09-23 16:30:00;84239.38;84335;83939.23;84091.13
2026-09-23 16:15:00;84345.88;84350;84139.31;84239.38
2026-09-23 16:00:00;83996;84363.19;83500.01;84345.88
2026-09-23 15:45:00;84296.89;84337.55;83950;83996.01
2026-09-23 15:30:00;84505.45;84534.01;84277.17;84296.89
2026-09-23 15:15:00;84652.63;84794.01;84491.88;84505.46
2026-09-23 15:00:00;84534;84722.68;84456.25;84652.63
2026-09-23 14:45:00;84312.51;84580;84200;84533.99
2026-09-23 14:30:00;84041.66;84496.59;83864.07;84312.51
2026-09-23 14:15:00;84875.87;84886.92;83928.57;84041.66
2026-09-23 14:00:00;85792.01;85940.32;84535.6;84875.88
2026-09-23 13:45:00;85835.09;85838.01;85550.3;85792.01
2026-09-23 13:30:00;85548.01;85878.01;85524.36;85835.08
2026-09-23 13:15:00;85371.99;85588.01;85371.99;85548
2026-09-23 13:00:00;85510.9;85519.88;85288;85372
2026-09-23 12:45:00;85463.04;85550.95;85410;85510.91
2026-09-23 12:30:00;85485.41;85600;85463.03;85463.04
2026-09-23 12:15:00;85472.63;85518.01;85267.32;85485.41
2026-09-23 12:00:00;85649.96;85675.04;85459.4;85472.63
2026-09-23 11:45:00;85509.99;85677;85509.99;85649.95
2026-09-23 11:30:00;85506.01;85596.01;85450.88;85509.99
2026-09-23 11:15:00;85742.46;85748.6;85467.88;85506.01
2026-09-23 11:00:00;85923.07;85966.04;85699.11;85742.47
2026-09-23 10:45:00;85876;85923.07;85828;85923.07
2026-09-23 10:30:00;85800.01;85876;85730.69;85876
2026-09-23 10:15:00;85859.25;85859.25;85658.75;85800.01
2026-09-23 10:00:00;85854.34;85934.02;85819.44;85859.25
2026-09-23 09:45:00;85800;85924.01;85734.01;85854.33
2026-09-23 09:30:00;85888.42;85933.64;85790;85800.01
2026-09-23 09:15:00;85945.31;86024.01;85867.29;85888.43
2026-09-23 09:00:00;85899.99;86014.34;85880.49;85945.31
2026-09-23 08:45:00;86088.01;86092.01;85688;85899.99
2026-09-23 08:30:00;86151.37;86213.02;86082.19;86088.01
2026-09-23 08:15:00;86179.52;86264.01;86142.7;86151.37
2026-09-23 08:00:00;86124.77;86250;86082.03;86179.52
2026-09-23 07:45:00;86057.26;86223.77;86055.69;86124.77
2026-09-23 07:30:00;86406.03;86417.74;86000;86057.27
2026-09-23 07:15:00;86358.71;86443.36;86310.26;86406.04
2026-09-23 07:00:00;86469.67;86469.67;86309.94;86358.7
2026-09-23 06:45:00;86562.61;86562.61;86443.4;86469.66
2026-09-23 06:30:00;86424.01;86564.01;86375;86562.61
2026-09-23 06:15:00;86606.01;86606.01;86424;86424
2026-09-23 06:00:00;86496;86609.93;86445.17;86606.01
2026-09-23 05:45:00;86740.64;86770.36;86424;86496.01
2026-09-23 05:30:00;86781.65;86830.01;86710.73;86740.63
2026-09-23 05:15:00;86930.25;86958.01;86747.99;86781.65
2026-09-23 05:00:00;87166.94;87166.95;86888;86930.26
2026-09-23 04:45:00;87142.42;87223.88;87118.39;87166.95
2026-09-23 04:30:00;87020.01;87278.54;87020.01;87142.43
2026-09-23 04:15:00;86842.01;87246.42;86770.55;87020.02
2026-09-23 04:00:00;86704.27;86898.01;86636;86842
2026-09-23 03:45:00;86887.99;86888;86704.26;86704.27
2026-09-23 03:30:00;86691.94;86975.51;86660.21;86887.99
2026-09-23 03:15:00;86546.56;86822.7;86506;86691.93
2026-09-23 03:00:00;86552.27;86554.58;86436.35;86546.57
2026-09-23 02:45:00;86488.01;86552.27;86452.04;86552.26
2026-09-23 02:30:00;86589.01;86590;86472;86488
2026-09-23 02:15:00;86378.01;86638.15;86377.68;86589
2026-09-23 02:00:00;86370.01;86386.42;86260.01;86378.01
2026-09-23 01:45:00;86277.85;86370.86;86169.74;86370
2026-09-23 01:30:00;86632.68;86640.01;86270.29;86277.85
2026-09-23 01:15:00;86721.44;86735.88;86585.79;86632.68
2026-09-23 01:00:00;86457.31;86845.39;86438;86721.43
2026-09-23 00:45:00;86444.01;86504.01;86419.6;86457.3
2026-09-23 00:30:00;86449.99;86588.3;86424;86444.01
2026-09-23 00:15:00;86349.63;86525;86349;86450
2026-09-23 00:00:00;86208.57;86377.76;86133.4;86349.62
2026-09-22 23:45:00;86132.01;86215.38;86106.98;86208.56
2026-09-22 23:30:00;86226.01;86267.15;86095.31;86132.01
2026-09-22 23:15:00;86383.94;86462.01;86169.99;86226.01
2026-09-22 23:00:00;86124.01;86504.17;86124;86383.94
2026-09-22 22:45:00;86216.01;86274.01;86119.2;86124.01
2026-09-22 22:30:00;86164.01;86282.64;86163.02;86216
2026-09-22 22:15:00;86038.01;86210.01;86032.81;86164.01
2026-09-22 22:00:00;86184;86284.01;86000;86038.01
2026-09-22 21:45:00;86208.96;86300;86184;86184.01
2026-09-22 21:30:00;86248.8;86305.39;86178;86208.95
2026-09-22 21:15:00;86253.78;86262;86219.2;86248.8
2026-09-22 21:00:00;86264.01;86344.01;86210.72;86253.78
2026-09-22 20:45:00;86322;86322.01;86192.6;86264.01
2026-09-22 20:30:00;86329.33;86362.9;86236.01;86322.01
2026-09-22 20:15:00;86208;86378.32;86199.99;86329.33
2026-09-22 20:00:00;86192.45;86274.01;86132;86207.99
2026-09-22 19:45:00;86376.02;86404.48;86139.37;86192.44
2026-09-22 19:30:00;86531.87;86531.87;86267.13;86376.02
2026-09-22 19:15:00;86477.22;86584.55;86451.15;86531.87
2026-09-22 19:00:00;86461.45;86530;86397.94;86477.22
2026-09-22 18:45:00;86402.8;86581.04;86402.8;86461.44
2026-09-22 18:30:00;86289.88;86445.03;86241.4;86402.81
2026-09-22 18:15:00;86525.23;86643.87;86289.88;86289.88
2026-09-22 18:00:00;86570.24;86649.06;86440.88;86525.23
2026-09-22 17:45:00;86478.03;86660;86410.8;86570.24
2026-09-22 17:30:00;86584.76;86635.35;86451.28;86477.77
2026-09-22 17:15:00;86430.01;86584.76;86247.8;86584.76
2026-09-22 17:00:00;86421.13;86560.36;86376.83;86430
2026-09-22 16:45:00;86232.01;86588.3;86214.79;86421.13
2026-09-22 16:30:00;86090.12;86303.99;86033.18;86232
2026-09-22 16:15:00;86184;86300;86088.33;86090.12
2026-09-22 16:00:00;86413.11;86527.55;86154;86184
2026-09-22 15:45:00;86560;86717.6;86331.33;86413.12
2026-09-22 15:30:00;86284.52;86580;86250;86560.01
2026-09-22 15:15:00;86314.01;86334.01;86124.3;86284.52
2026-09-22 15:00:00;86258;86392.05;86132.39;86314
2026-09-22 14:45:00;85900.96;86264.01;85891.99;86258.01
2026-09-22 14:30:00;85930.87;86002.01;85461.53;85900.96
2026-09-22 14:15:00;86350.01;86388.12;85930.86;85930.86
2026-09-22 14:00:00;86346.01;86470.58;86081.23;86350.01
2026-09-22 13:45:00;85938.22;86370;85883.98;86346.01
2026-09-22 13:30:00;85742.75;86170.7;85569.46;85938.22
2026-09-22 13:15:00;86062.59;86062.59;85700.1;85743.06
2026-09-22 13:00:00;86024.01;86213.12;86015.08;86062.59
2026-09-22 12:45:00;85982;86060;85941.81;86024.01
2026-09-22 12:30:00;86104;86182.2;85981.36;85982.01
2026-09-22 12:15:00;85918;86104.01;85782.52;86104.01
2026-09-22 12:00:00;85986.62;86041.52;85918.01;85918.01
2026-09-22 11:45:00;86106.18;86136.77;85894.09;85986.62
2026-09-22 11:30:00;85924.32;86142.01;85861.91;86106.18
2026-09-22 11:15:00;85980.78;86093.83;85924.31;85924.31
2026-09-22 11:00:00;85904;85994.64;85774.27;85980.78
2026-09-22 10:45:00;85846.01;85980.01;85790.64;85904
2026-09-22 10:30:00;85866.01;85938.88;85723.04;85846
2026-09-22 10:15:00;86044.01;86094.01;85822.45;85866.02
2026-09-22 10:00:00;86253.99;86262.01;86012;86044
2026-09-22 09:45:00;86043.87;86271.22;86022;86253.99
2026-09-22 09:30:00;85900.43;86064.01;85850;86043.87
2026-09-22 09:15:00;85934;85998.44;85824;85900.42
2026-09-22 09:00:00;86223.77;86223.78;85681.83;85934.01
2026-09-22 08:45:00;86149.66;86377.77;86033.72;86223.77
2026-09-22 08:30:00;85419.7;86149.67;85327.42;86149.66
2026-09-22 08:15:00;85488.01;85646.75;85406;85419.69
2026-09-22 08:00:00;85344.01;85529.41;85344;85488
2026-09-22 07:45:00;85247.09;85344.01;85247.09;85344
2026-09-22 07:30:00;85322.71;85333.9;85157.31;85247.1
2026-09-22 07:15:00;85443.16;85462.66;85214;85322.71
2026-09-22 07:00:00;85384.02;85500;85300;85443.16
2026-09-22 06:45:00;85494.74;85502.26;85358;85384.01
2026-09-22 06:30:00;85372.01;85581.52;85350.54;85494.73
2026-09-22 06:15:00;85349.01;85374;85250;85372
2026-09-22 06:00:00;85397.38;85472.94;85258.01;85349.01
2026-09-22 05:45:00;85424.01;85600;85394;85397.37
2026-09-22 05:30:00;85215.06;85430.57;85114;85424.01
2026-09-22 05:15:00;85404.73;85416.01;85140.33;85215.06
2026-09-22 05:00:00;85452.01;85505.36;85374;85404.72
2026-09-22 04:45:00;85526;85534.18;85425.2;85452
2026-09-22 04:30:00;85565.99;85616.24;85460;85526.01
2026-09-22 04:15:00;85624;85645.33;85500;85565.99
2026-09-22 04:00:00;85692.83;85730.23;85616.24;85624
2026-09-22 03:45:00;85486.84;85742.74;85466.18;85692.83
2026-09-22 03:30:00;85612.01;85612.01;85421.16;85486.84
2026-09-22 03:15:00;85544.02;85646.01;85300.01;85612
2026-09-22 03:00:00;85714.91;85750.01;85453;85544.03
2026-09-22 02:45:00;85812.51;85879.25;85666.14;85714.9
2026-09-22 02:30:00;85744;85845.6;85644;85812.52
2026-09-22 02:15:00;85605.09;85845.8;85518.62;85744
2026-09-22 02:00:00;85616.23;85698.79;85300;85605.08
2026-09-22 01:45:00;85681.71;85723.9;85539.38;85616.23
2026-09-22 01:30:00;85772.8;85840;85636.44;85681.72
2026-09-22 01:15:00;85780.02;85876.53;85395.27;85772.81
2026-09-22 01:00:00;85890.72;85973.79;85602.87;85786.21
2026-09-22 00:45:00;86357.78;86411.55;85867.68;85890.71
2026-09-22 00:30:00;86406.98;86517.12;86156.2;86357.77
2026-09-22 00:15:00;86478.16;86497.93;86333;86406.97
2026-09-22 00:00:00;86620.01;86625.82;86292.31;86478.16
2026-09-21 23:45:00;86462.01;86654.64;86438.13;86620
2026-09-21 23:30:00;86500.01;86530;86364.05;86462.01
2026-09-21 23:15:00;86649.17;86697.52;86500;86500
2026-09-21 23:00:00;86453.73;86696.74;86416.63;86649.18
2026-09-21 22:45:00;86428.29;86454.01;86295.78;86453.74
2026-09-21 22:30:00;86418.95;86597.61;86389.36;86428.29
2026-09-21 22:15:00;86622.01;86758.01;86373.27;86418.95
2026-09-21 22:00:00;86588.29;86711.27;86550;86622.02
2026-09-21 21:45:00;86790.35;86790.35;86588.29;86588.29
2026-09-21 21:30:00;86625.94;86870.62;86625.94;86790.35
2026-09-21 21:15:00;86594.75;86704.15;86537.53;86625.94
2026-09-21 21:00:00;87001.68;87001.68;86594.75;86594.76
2026-09-21 20:45:00;86948.99;87086.75;86863.44;87001.68
2026-09-21 20:30:00;87278.42;87303.49;86895.95;86949
2026-09-21 20:15:00;86750.41;87395.67;86707.58;87278.42
2026-09-21 20:00:00;86490.11;86799.9;86490.11;86750.4
2026-09-21 19:45:00;86577.64;86670.15;86474.42;86490.11
2026-09-21 19:30:00;86372.67;86895.7;86318.07;86577.63
2026-09-21 19:15:00;86055.66;86462.24;86045.7;86372.66
2026-09-21 19:00:00;86051.75;86067.95;85980.76;86055.65
2026-09-21 18:45:00;85923.14;86063.36;85886.15;86051.75
2026-09-21 18:30:00;85923.01;85980.77;85800;85923.13
2026-09-21 18:15:00;85987.64;86071.19;85891.73;85923.02
2026-09-21 18:00:00;85897.2;86010.48;85812.54;85987.64
2026-09-21 17:45:00;85893.89;85900.82;85667.5;85897.21
2026-09-21 17:30:00;85884.93;85971.3;85823.97;85893.89
2026-09-21 17:15:00;85950.14;85990.17;85754.7;85884.93
2026-09-21 17:00:00;85961.91;86108;85891.78;85950.14
2026-09-21 16:45:00;85857.21;86103.73;85842.13;85961.91
2026-09-21 16:30:00;85846.89;85957.12;85607.42;85857.2
2026-09-21 16:15:00;85727.3;85974.98;85727.3;85846.89
2026-09-21 16:00:00;85927.71;85965.88;85673.04;85727.3
2026-09-21 15:45:00;86119.99;86179.76;85903.5;85927.71
2026-09-21 15:30:00;85849.99;86119.99;85800;86119.99
2026-09-21 15:15:00;86289.14;86289.15;85814.61;85849.99
2026-09-21 15:00:00;85844.13;86344.7;85799.99;86289.14
2026-09-21 14:45:00;85799;86125;85698.12;85844.14
2026-09-21 14:30:00;85722.71;85999.95;85572.94;85799
2026-09-21 14:15:00;85321.82;85787.39;85229.82;85722.72
2026-09-21 14:00:00;85466.35;85540.81;85050;85321.82
2026-09-21 13:45:00;85080.57;85845.27;85038.63;85466.34
2026-09-21 13:30:00;84946.89;85230;84778;85080.58
2026-09-21 13:15:00;85169.15;85219.44;84926;84946.89
2026-09-21 13:00:00;85323;85449.93;85084.23;85169.14
2026-09-21 12:45:00;85290.36;85422.38;85162.84;85323
2026-09-21 12:30:00;85084.48;85414.25;85040;85290.37
2026-09-21 12:15:00;85000.49;85473.68;84980.69;85084.49
2026-09-21 12:00:00;84887.19;85171.46;84820;85000.49
2026-09-21 11:45:00;84828.85;84917.36;84720;84887.19
2026-09-21 11:30:00;84674;84885.76;84616;84828.84
2026-09-21 11:15:00;84600.01;84709.65;84532;84674.01
2026-09-21 11:00:00;84441.77;84644.18;84392.41;84600.01
2026-09-21 10:45:00;84262.45;84446.01;84152.1;84441.77
2026-09-21 10:30:00;84368.16;84466;84130.21;84262.44
2026-09-21 10:15:00;84565.25;84741.35;84368.15;84368.16
2026-09-21 10:00:00;84653.7;84816.42;84500;84565.25
2026-09-21 09:45:00;85030.4;85069.46;84560.14;84653.71
2026-09-21 09:30:00;84457.18;85299.87;84327.82;85030.4
2026-09-21 09:15:00;83925.54;84600;83900;84457.18
2026-09-21 09:00:00;83760;84050.37;83700;83925.54
2026-09-21 08:45:00;83531.22;83886.01;83298.21;83760
2026-09-21 08:30:00;82240;84174.1;82188;83531.23
2026-09-21 08:15:00;81894.01;82265.32;81871.4;82240
2026-09-21 08:00:00;81720.01;81997.78;81720;81894
2026-09-21 07:45:00;81503.74;81725.74;81481.8;81720.01
2026-09-21 07:30:00;81614.02;81614.02;81458.42;81503.75
2026-09-21 07:15:00;81561.46;81660.96;81538;81614.01
2026-09-21 07:00:00;81639.91;81678.01;81475.82;81561.46
2026-09-21 06:45:00;81400.01;81751.67;81400;81639.9
2026-09-21 06:30:00;81814.01;81833.81;81400;81400.01
2026-09-21 06:15:00;81668.73;81878.98;81668.73;81814.01
2026-09-21 06:00:00;81550.01;81683.56;81544;81668.73
2026-09-21 05:45:00;81628;81680.01;81530;81550
2026-09-21 05:30:00;81582.02;81792.01;81582.01;81628
2026-09-21 05:15:00;81326.01;81648.01;81326;81582.02
2026-09-21 05:00:00;81400;81416.87;81302.05;81326.01
2026-09-21 04:45:00;81419.38;81509.25;81368.66;81400.01
2026-09-21 04:30:00;81304.93;81424.43;81228.15;81419.39
2026-09-21 04:15:00;81282.55;81348.01;81246;81304.94
2026-09-21 04:00:00;81425.24;81462.75;81277.04;81282.56
2026-09-21 03:45:00;81470.01;81513.96;81365.62;81425.23
2026-09-21 03:30:00;81444.96;81576.01;81444.96;81470.01
2026-09-21 03:15:00;81324;81500;81324;81444.97
2026-09-21 03:00:00;81310.61;81454;81250;81324
2026-09-21 02:45:00;81257.03;81396.59;81200;81310.61
2026-09-21 02:30:00;81430;81430.01;81151.97;81257.02
2026-09-21 02:15:00;81368.01;81514.01;81322;81430
2026-09-21 02:00:00;80996.98;81368.01;80952.35;81368.01
2026-09-21 01:45:00;81468.01;81491.2;80850.22;80996.97
2026-09-21 01:30:00;81584;81667.82;81273.32;81468.06
2026-09-21 01:15:00;81794;82100;81502;81584
2026-09-21 01:00:00;81607.72;81804.83;81513.98;81794
2026-09-21 00:45:00;81694.01;81849.15;81583.64;81607.72
2026-09-21 00:30:00;81738.76;81842.58;81518.52;81693.92
2026-09-21 00:15:00;81683.96;81832.86;81517.45;81738.75
2026-09-21 00:00:00;81178.01;81713.97;81178.01;81683.96
2026-09-20 23:45:00;81262.01;81332.01;81164;81178
2026-09-20 23:30:00;81163.03;81284.01;81135.15;81262.01
2026-09-20 23:15:00;81157.52;81300.01;81143;81163.03
2026-09-20 23:00:00;81222.84;81258.62;81135.15;81157.52
2026-09-20 22:45:00;81112.83;81276.01;81112.82;81222.85
2026-09-20 22:30:00;81162.01;81272.35;81112.82;81112.83
2026-09-20 22:15:00;81295.1;81295.1;81079.19;81162
2026-09-20 22:00:00;80932.01;81295.5;80774.56;81295.11
2026-09-20 21:45:00;80804.32;80955.15;80796.89;80932.01
2026-09-20 21:30:00;80882;80941.17;80804.32;80804.32
2026-09-20 21:15:00;80769.55;80930.01;80769.55;80882
2026-09-20 21:00:00;81091.86;81091.86;80579.43;80769.55
2026-09-20 20:45:00;81139.73;81221.62;81078.18;81091.85
2026-09-20 20:30:00;81187.34;81187.34;81082;81139.73
2026-09-20 20:15:00;81154.01;81218.01;81100;81187.34
2026-09-20 20:00:00;81177.32;81224.27;81153.48;81154.01
2026-09-20 19:45:00;81230;81292.01;81160.64;81177.32
2026-09-20 19:30:00;81116.63;81294.01;81116.63;81230.01
2026-09-20 19:15:00;81090.01;81116.64;81070;81116.64
2026-09-20 19:00:00;81036;81137.75;81036;81090.01
2026-09-20 18:45:00;81218.06;81220.02;81032.65;81036
2026-09-20 18:30:00;81271.2;81314.01;81188.42;81218.05
2026-09-20 18:15:00;81104.01;81272.01;81104;81271.2
2026-09-20 18:00:00;81147.94;81203.64;81030.97;81104.01
2026-09-20 17:45:00;81392.01;81418.57;81068.08;81147.94
2026-09-20 17:30:00;81161.31;81420.34;81161.3;81392
2026-09-20 17:15:00;81240;81317.96;81140;81161.31
2026-09-20 17:00:00;81334.01;81462;81168.75;81240.01
2026-09-20 16:45:00;81376;81448.01;81220;81334.01
2026-09-20 16:30:00;81182.65;81497.33;81105.37;81376.01
2026-09-20 16:15:00;81160.07;81279.75;81044.28;81182.64
2026-09-20 16:00:00;80912;81209.99;80811.03;81160.08
2026-09-20 15:45:00;80839.51;80969.84;80839.5;80912
2026-09-20 15:30:00;80667.2;80875.98;80667.19;80839.5
2026-09-20 15:15:00;80766;80885.46;80666.66;80667.2
2026-09-20 15:00:00;80682.01;80928.95;80682;80766
2026-09-20 14:45:00;80633.32;80769.56;80608;80682.01
2026-09-20 14:30:00;80529.88;80680.01;80508;80633.33
2026-09-20 14:15:00;80592.01;80592.01;80414;80529.89
2026-09-20 14:00:00;80564.58;80789.33;80564.58;80592.01
2026-09-20 13:45:00;80562.98;80585.11;80538.3;80564.57
2026-09-20 13:30:00;80502.39;80562.98;80428;80562.98
2026-09-20 13:15:00;80574.5;80574.5;80486.72;80502.38
2026-09-20 13:00:00;80493.76;80650.58;80493.1;80574.49
2026-09-20 12:45:00;80356;80493.76;80356;80493.76
2026-09-20 12:30:00;80368.2;80387.98;80327.64;80356.01
2026-09-20 12:15:00;80488.01;80500.01;80360.65;80368.19
2026-09-20 12:00:00;80493.21;80534.01;80436;80488.01
2026-09-20 11:45:00;80458.96;80534.64;80454;80493.2
2026-09-20 11:30:00;80372.45;80499.68;80372.45;80458.96
2026-09-20 11:15:00;80366.18;80392;80312;80372.45
2026-09-20 11:00:00;80319.58;80412.01;80286;80366.18
2026-09-20 10:45:00;80357.67;80394.01;80319.58;80319.58
2026-09-20 10:30:00;80380;80433.97;80326;80357.67
2026-09-20 10:15:00;80411.11;80444.78;80333;80380.01
2026-09-20 10:00:00;80470.01;80515.83;80335.46;80411.1
2026-09-20 09:45:00;80552.01;80552.01;80466.86;80470.01
2026-09-20 09:30:00;80382.01;80581.82;80382;80552
2026-09-20 09:15:00;80267.88;80400;80258.51;80382.01
2026-09-20 09:00:00;80264.85;80332.01;80256.82;80267.89
2026-09-20 08:45:00;80256.01;80290.69;80165.49;80264.85
2026-09-20 08:30:00;80378.94;80409.85;80250;80256
2026-09-20 08:15:00;80420.1;80427.72;80378.93;80378.94
2026-09-20 08:00:00;80311.6;80453.9;80311.6;80420.09
2026-09-20 07:45:00;80340;80389.88;80305.26;80311.61
2026-09-20 07:30:00;80397.57;80397.58;80298;80340.01
2026-09-20 07:15:00;80344.01;80420.01;80288;80397.58
2026-09-20 07:00:00;80309.45;80366.14;80300.5;80344.01
2026-09-20 06:45:00;80379.07;80438.4;80227.27;80309.44
2026-09-20 06:30:00;80465.11;80480;80267.95;80379.06
2026-09-20 06:15:00;80520;80607.5;80464;80465.12
2026-09-20 06:00:00;80494.31;80528.01;80433.99;80520
2026-09-20 05:45:00;80540.01;80550.21;80457.26;80494.31
2026-09-20 05:30:00;80554.48;80634.14;80458;80540
2026-09-20 05:15:00;80600;80602.52;80450;80554.48
2026-09-20 05:00:00;80432.4;80668.15;80408.7;80600
2026-09-20 04:45:00;80383.94;80492.17;80311.01;80432.4
2026-09-20 04:30:00;80426.41;80492.82;80383.95;80383.95
2026-09-20 04:15:00;80429.6;80541.11;80330.96;80426.42
2026-09-20 04:00:00;80486.38;80524.53;80382.03;80429.6
2026-09-20 03:45:00;80388;80508.05;80327.03;80486.38
2026-09-20 03:30:00;80382.65;80404.13;80295.97;80387.99
2026-09-20 03:15:00;80247.39;80525.83;80126.04;80382.66
2026-09-20 03:00:00;80331.52;80524.52;80210.46;80247.39
2026-09-20 02:45:00;80562.87;80690.01;80263.66;80331.52
2026-09-20 02:30:00;80984.49;80990.01;80562.86;80562.86
2026-09-20 02:15:00;81152.03;81175.62;80984.48;80984.49
2026-09-20 02:00:00;81098;81152.03;81084;81152.03
2026-09-20 01:45:00;81078.01;81116.01;81031.71;81097.99
2026-09-20 01:30:00;81122;81122.01;81027.11;81078.01
2026-09-20 01:15:00;81138.5;81211.99;81104;81122
2026-09-20 01:00:00;81293.37;81300;81138.49;81138.5
2026-09-20 00:45:00;81330;81330.01;81277.3;81293.37
2026-09-20 00:30:00;81318;81330.01;81264.45;81330
2026-09-20 00:15:00;81286;81330.01;81214;81318.01
2026-09-20 00:00:00;81249.99;81286;81208.83;81285.99
2026-09-19 23:45:00;81279.67;81319.26;81243.46;81249.99
2026-09-19 23:30:00;81306.01;81373.34;81279.67;81279.67
2026-09-19 23:15:00;81281.03;81307.38;81221.33;81306
2026-09-19 23:00:00;81261.35;81281.03;81245.75;81281.02
2026-09-19 22:45:00;81246.01;81268.01;81204.06;81261.35
2026-09-19 22:30:00;81062.83;81246.01;81062.82;81246.01
2026-09-19 22:15:00;81006;81095.49;81000;81062.82
2026-09-19 22:00:00;81100.42;81100.42;80962;81006.01
2026-09-19 21:45:00;81020;81164.01;81020;81100.41
2026-09-19 21:30:00;81060;81066.01;80937.58;81020
2026-09-19 21:15:00;81000;81070.96;80904.46;81060
2026-09-19 21:00:00;81155.33;81222.15;80994.94;81000
2026-09-19 20:45:00;81287.1;81287.1;81080.24;81155.33
2026-09-19 20:30:00;81249.04;81296.84;81244.44;81287.1
2026-09-19 20:15:00;81412.93;81412.93;81249.03;81249.04
2026-09-19 20:00:00;81354.01;81431.13;81354;81412.93
2026-09-19 19:45:00;81327.69;81386.01;81320;81354.01
2026-09-19 19:30:00;81397.69;81397.69;81309.68;81327.69
2026-09-19 19:15:00;81380.86;81448.01;81354.37;81397.69
2026-09-19 19:00:00;81428.07;81454.01;81374.33;81380.86
2026-09-19 18:45:00;81490;81490;81410.74;81428.07
2026-09-19 18:30:00;81443.92;81516.01;81368.88;81489.99
2026-09-19 18:15:00;81382.73;81484.01;81334;81443.93
2026-09-19 18:00:00;81464;81534.01;81342;81382.74
2026-09-19 17:45:00;81498.02;81541.93;81454;81464.01
2026-09-19 17:30:00;81538.01;81601.67;81457.61;81498.02
2026-09-19 17:15:00;81716;81829.9;81447.9;81538.01
2026-09-19 17:00:00;81839.48;81857.21;81716;81716
2026-09-19 16:45:00;81861.08;81863.92;81827.49;81839.49
2026-09-19 16:30:00;81825.97;81914.01;81817.89;81861.08
2026-09-19 16:15:00;81760.21;81881.96;81746;81825.97
2026-09-19 16:00:00;81636.01;81779.38;81472;81760.21
2026-09-19 15:45:00;81919.05;81919.05;81609.26;81636.01
2026-09-19 15:30:00;81569.4;81951;81569.4;81919.05
2026-09-19 15:15:00;81700.01;81764.7;81566.79;81569.41
2026-09-19 15:00:00;81586.02;81751.14;81578;81700
2026-09-19 14:45:00;81536.79;81618.36;81499.14;81586.01
2026-09-19 14:30:00;81574.21;81639.61;81478;81536.78
2026-09-19 14:15:00;81383.63;81574.21;81383.62;81574.21
2026-09-19 14:00:00;81364;81468.24;81342;81383.62
2026-09-19 13:45:00;81263.09;81366.46;81228.36;81364.01
2026-09-19 13:30:00;81233.1;81282.64;81200;81263.09
2026-09-19 13:15:00;81238.54;81338.58;81233.09;81233.1
2026-09-19 13:00:00;81330.01;81337.33;81183.28;81238.54
2026-09-19 12:45:00;81280.05;81342.49;81244;81330
2026-09-19 12:30:00;81223.25;81286;81223.24;81280.04
2026-09-19 12:15:00;81347.99;81361.36;81223.16;81223.24
2026-09-19 12:00:00;81302.63;81369.86;81277.82;81347.99
2026-09-19 11:45:00;81286;81319.01;81286;81302.63
2026-09-19 11:30:00;81272.01;81300;81239.8;81286.01
2026-09-19 11:15:00;81313.5;81374.15;81272;81272
2026-09-19 11:00:00;81216.71;81373.61;81212.98;81313.5
2026-09-19 10:45:00;81258.01;81329.75;81199.99;81216.7
2026-09-19 10:30:00;81306.86;81306.86;81226.96;81258
2026-09-19 10:15:00;81308.01;81330.01;81260;81306.86
2026-09-19 10:00:00;81325.38;81330.29;81227.64;81308
2026-09-19 09:45:00;81262.77;81347.03;81262.76;81325.77
2026-09-19 09:30:00;81410;81435.88;81246.5;81262.77
2026-09-19 09:15:00;81435.11;81500;81390.12;81410
2026-09-19 09:00:00;81312.01;81528.01;81292;81435.11
2026-09-19 08:45:00;81322;81378.01;81286.08;81312.01
2026-09-19 08:30:00;81298;81390;81275.38;81322.01
2026-09-19 08:15:00;81242.01;81413.27;81200;81298
2026-09-19 08:00:00;81100.17;81248;81075.28;81242
2026-09-19 07:45:00;81054;81177.91;81032;81100.16
2026-09-19 07:30:00;81103.2;81118.61;81042;81054.01
2026-09-19 07:15:00;81164;81250;81078;81103.2
2026-09-19 07:00:00;81052.02;81164.01;81052.01;81164
2026-09-19 06:45:00;81069.85;81101.68;81030;81052.01
2026-09-19 06:30:00;80966.55;81086.2;80966.55;81069.85
2026-09-19 06:15:00;81001.51;81046.01;80925.76;80966.54
2026-09-19 06:00:00;81040.01;81067.53;81001.5;81001.51
2026-09-19 05:45:00;81026.62;81084.32;81012;81040.01
2026-09-19 05:30:00;81073.32;81116.01;81024.02;81026.62
2026-09-19 05:15:00;81044.32;81146.01;81018;81073.32
2026-09-19 05:00:00;81024.01;81136.01;81024;81044.32
2026-09-19 04:45:00;80971.95;81026.01;80942.01;81024
2026-09-19 04:30:00;81137.7;81137.7;80911.12;80971.95
2026-09-19 04:15:00;81208.29;81228.03;81128.02;81137.69
2026-09-19 04:00:00;81136.02;81224.6;81114.08;81208.3
2026-09-19 03:45:00;81168.01;81189.99;81136.01;81136.01
2026-09-19 03:30:00;81142.2;81168.33;81114.08;81168.01
2026-09-19 03:15:00;81288.01;81288.01;81142;81142.2
2026-09-19 03:00:00;81304.73;81402.01;81288;81288
2026-09-19 02:45:00;81322;81322;81280;81304.72
2026-09-19 02:30:00;81355.01;81439.52;81301;81322.01
2026-09-19 02:15:00;81375.93;81445.71;81328;81355
2026-09-19 02:00:00;81281;81418.01;81264;81375.93
2026-09-19 01:45:00;81172.01;81440;81172;81280.99
2026-09-19 01:30:00;81260.96;81266.01;81050;81172
2026-09-19 01:15:00;81281.08;81323.19;81088.65;81260.97
2026-09-19 01:00:00;81668.99;81741;81281.06;81281.07
2026-09-19 00:45:00;81322.04;81668.99;81271.02;81668.98
2026-09-19 00:30:00;81100;81333.9;81099.99;81322.03
2026-09-19 00:15:00;80976;81100;80975.14;81100
2026-09-19 00:00:00;80883.86;80976.01;80844.58;80976.01
2026-09-18 23:45:00;80899.99;80976.01;80880.93;80883.87
2026-09-18 23:30:00;80999.13;81030.01;80862.61;80899.99
2026-09-18 23:15:00;81175.65;81195.38;80999.13;80999.14
2026-09-18 23:00:00;81139.03;81200;81092;81175.64
2026-09-18 22:45:00;81124;81166;81088.85;81139.02
2026-09-18 22:30:00;81265;81265.01;81077.55;81124
2026-09-18 22:15:00;81241.98;81347.26;81237.42;81265
2026-09-18 22:00:00;81238.2;81370.57;81202.55;81241.98
2026-09-18 21:45:00;81220.7;81251.55;81146.67;81238.2
2026-09-18 21:30:00;81190;81300;81142.99;81220.69
2026-09-18 21:15:00;81277.61;81290.01;81108.17;81190.01
2026-09-18 21:00:00;81110.01;81291.95;81092;81277.61
2026-09-18 20:45:00;81168;81188;81070;81110.01
2026-09-18 20:30:00;81022.01;81176.47;80956.37;81168.01
2026-09-18 20:15:00;81078.01;81220;80941.65;81022
2026-09-18 20:00:00;81204.77;81235;80962;81078.01
2026-09-18 19:45:00;81244.68;81350.01;81135.03;81204.76
2026-09-18 19:30:00;81257.43;81257.43;81058;81244.68
2026-09-18 19:15:00;81196.01;81400;81118;81257.43
2026-09-18 19:00:00;80938.44;81208;80912;81196
2026-09-18 18:45:00;80943.38;81072.88;80879.91;80938.43
2026-09-18 18:30:00;80990.25;81148;80915.81;80943.39
2026-09-18 18:15:00;80872;80994.1;80812;80990.25
2026-09-18 18:00:00;81019;81019.01;80796.92;80872
2026-09-18 17:45:00;80774;81019.01;80758.25;81019
2026-09-18 17:30:00;80745.19;80774.01;80555.54;80774
2026-09-18 17:15:00;80898.95;80941.96;80622.74;80745.2
2026-09-18 17:00:00;80846.75;80898.96;80766.43;80898.95
2026-09-18 16:45:00;80999.99;80999.99;80770;80846.74
2026-09-18 16:30:00;81051.56;81258.01;80900;80999.99
2026-09-18 16:15:00;80967.33;81074.61;80868.15;81051.56
2026-09-18 16:00:00;80725.6;80970.27;80671.53;80967.33
2026-09-18 15:45:00;80644.8;80818.4;80501;80725.6
2026-09-18 15:30:00;80966;80976.59;80644.8;80644.8
2026-09-18 15:15:00;80768.43;81154.67;80768.43;80965.99
2026-09-18 15:00:00;80937.83;81050;80566.66;80768.43
2026-09-18 14:45:00;80784.67;80967.72;80717;80937.83
2026-09-18 14:30:00;80705.08;80815.72;80500;80784.67
2026-09-18 14:15:00;80303.25;80989.99;80303.25;80705.08
2026-09-18 14:00:00;80073.09;80626.58;80073.09;80303.26
2026-09-18 13:45:00;79297.04;80500;79226.6;80073.09
2026-09-18 13:30:00;78178.01;79320;78146.04;79297.04
2026-09-18 13:15:00;78029.01;78178.01;78029;78178
2026-09-18 13:00:00;78043.12;78084.67;77972.3;78029
2026-09-18 12:45:00;78120;78146.01;78026.32;78043.11
2026-09-18 12:30:00;78023.29;78182.01;77988;78120
2026-09-18 12:15:00;78083.44;78110.01;77982.88;78023.29
2026-09-18 12:00:00;78062.01;78124.99;77990.5;78083.43
2026-09-18 11:45:00;78026.01;78098.94;78026;78062
2026-09-18 11:30:00;78053.42;78172.56;78026;78026.01
2026-09-18 11:15:00;78118;78165.36;78040.4;78053.43
2026-09-18 11:00:00;78285.35;78450.01;78044.96;78118.01
2026-09-18 10:45:00;78230;78369.86;78211.62;78285.34
2026-09-18 10:30:00;78280.94;78319.67;78190.01;78230.01
2026-09-18 10:15:00;78196.59;78280.94;78167.55;78280.93
2026-09-18 10:00:00;78212;78222.01;78102;78196.59
2026-09-18 09:45:00;78054;78220.07;78054;78212.01
2026-09-18 09:30:00;78162.97;78164.01;77961.57;78054
2026-09-18 09:15:00;78377.29;78394.15;78161.1;78162.96
2026-09-18 09:00:00;78271.48;78490.79;78227.34;78377.3
2026-09-18 08:45:00;77987.5;78279.8;77972.6;78272.15
2026-09-18 08:30:00;77960.01;78028.01;77919.92;77963.04
2026-09-18 08:15:00;77767.1;78066.65;77760;77960.01
2026-09-18 08:00:00;77798;77973.45;77660;77767.1
2026-09-18 07:45:00;77822;77822;77730.57;77798.01
2026-09-18 07:30:00;77798.01;77850;77732.49;77822.01
2026-09-18 07:15:00;77627.36;77847.3;77618;77798.01
2026-09-18 07:00:00;77604.01;77787.83;77566.11;77627.36
2026-09-18 06:45:00;77526.01;77607.69;77402.32;77604
2026-09-18 06:30:00;77544;77582.02;77494.39;77526.01
2026-09-18 06:15:00;77496.01;77679.62;77488;77544.01
2026-09-18 06:00:00;77493.8;77611.7;77493.79;77496
2026-09-18 05:45:00;77590.65;77594.95;77460;77493.8
2026-09-18 05:30:00;77600.72;77715.48;77515.43;77590.64
2026-09-18 05:15:00;77528.19;77619.49;77442.93;77600.72
2026-09-18 05:00:00;77575.98;77669;77454.54;77528.2
2026-09-18 04:45:00;77450.63;77575.98;77346.61;77575.97
2026-09-18 04:30:00;77276.61;77450.63;77216.76;77450.63
2026-09-18 04:15:00;77291.34;77372.42;77250.91;77276.61
2026-09-18 04:00:00;77383.47;77417.39;77227.08;77291.22
2026-09-18 03:45:00;77343.06;77469.3;77343.05;77383.47
2026-09-18 03:30:00;77426.91;77497.42;77321.24;77343.05
2026-09-18 03:15:00;77322.99;77597.83;77287.44;77426.9
2026-09-18 03:00:00;76988.31;77323;76981.94;77322.99
2026-09-18 02:45:00;76946.63;77042.2;76924;76988.3
2026-09-18 02:30:00;76931.66;77042.06;76931.65;76946.63
2026-09-18 02:15:00;76770.01;76931.66;76752;76931.65
2026-09-18 02:00:00;76744.01;76817.79;76644;76770
2026-09-18 01:45:00;76696.59;76763.86;76693.58;76744.01
2026-09-18 01:30:00;76588;76720;76579.96;76696.59
2026-09-18 01:15:00;76550;76640.01;76520;76588.01
2026-09-18 01:00:00;76589.99;76678;76544;76550
2026-09-18 00:45:00;76431.36;76590;76410;76590
2026-09-18 00:30:00;76374;76455.09;76350;76431.35
2026-09-18 00:15:00;76472.34;76472.35;76296;76374
2026-09-18 00:00:00;76417.01;76472.35;76377.31;76472.35
2026-09-17 23:45:00;76436.1;76500.05;76403.99;76417.01
2026-09-17 23:30:00;76490;76490.01;76389.77;76436.09
2026-09-17 23:15:00;76494.51;76500;76468.26;76490
2026-09-17 23:00:00;76419.99;76510.01;76384.04;76494.5
2026-09-17 22:45:00;76418.01;76430;76323.37;76420
2026-09-17 22:30:00;76273.7;76447.87;76262;76418.01
2026-09-17 22:15:00;76367.21;76367.21;76259.98;76273.69
2026-09-17 22:00:00;76415.85;76458.55;76335.61;76367.21
2026-09-17 21:45:00;76525.01;76525.01;76395.51;76415.85
2026-09-17 21:30:00;76560.04;76580.86;76525;76525.01
2026-09-17 21:15:00;76506.87;76568.97;76506.86;76560.04
2026-09-17 21:00:00;76556.01;76616.01;76500;76506.87
2026-09-17 20:45:00;76527.44;76556.02;76500;76556.01
2026-09-17 20:30:00;76711.46;76711.46;76512;76527.45
2026-09-17 20:15:00;76636.01;76732.99;76600;76711.46
2026-09-17 20:00:00;76594.01;76650.01;76540.73;76636
2026-09-17 19:45:00;76603.6;76677.42;76506.18;76594.01
2026-09-17 19:30:00;76581.18;76625;76540;76603.59
2026-09-17 19:15:00;76564.61;76625;76504.62;76581.17
2026-09-17 19:00:00;76575.97;76624.18;76560.19;76564.62
2026-09-17 18:45:00;76626.81;76695.22;76575.96;76575.96
2026-09-17 18:30:00;76744.4;76757.98;76470.4;76626.82
2026-09-17 18:15:00;76720;76781.85;76719.99;76744.39
2026-09-17 18:00:00;76667.87;76720;76650;76719.99
2026-09-17 17:45:00;76716;76716;76576;76667.86
2026-09-17 17:30:00;76924.97;76970.01;76716;76716
2026-09-17 17:15:00;76820.01;76950;76768.53;76924.97
2026-09-17 17:00:00;76753.46;76920.7;76736.13;76820.01
2026-09-17 16:45:00;76706.01;76753.46;76591.58;76753.46
2026-09-17 16:30:00;76710.79;76713.66;76534;76706.01
2026-09-17 16:15:00;76731.47;76796.38;76676;76710.79
2026-09-17 16:00:00;76780.01;76811.39;76668;76731.47
2026-09-17 15:45:00;76766.28;76800;76604.58;76780.01
2026-09-17 15:30:00;76464.01;76862.85;76451.88;76766.28
2026-09-17 15:15:00;76350.25;76464.01;76287.23;76464.01
2026-09-17 15:00:00;76502.45;76502.46;76275;76350.26
2026-09-17 14:45:00;76620.53;76727.94;76500;76502.46
2026-09-17 14:30:00;76943.57;77014.01;76612;76620.54
2026-09-17 14:15:00;76965.72;77088.05;76706;76943.57
2026-09-17 14:00:00;76694.06;76983.14;76391.44;76965.72
2026-09-17 13:45:00;76152.01;76694.07;76054;76694.07
2026-09-17 13:30:00;76472.01;76584.01;76000;76152
2026-09-17 13:15:00;76659.3;76745.53;76465.11;76472.01
2026-09-17 13:00:00;76736.59;76889.66;76637;76659.3
2026-09-17 12:45:00;76870.18;76907.73;76734.65;76736.59
2026-09-17 12:30:00;76996.76;77179.47;76865.78;76870.18
2026-09-17 12:15:00;76819.99;76999.01;76814.29;76996.77
2026-09-17 12:00:00;76482;76820;76398.93;76820
2026-09-17 11:45:00;76192.01;76488.73;76192.01;76482
2026-09-17 11:30:00;76394.32;76394.33;76179;76192
2026-09-17 11:15:00;76434.35;76457.79;76346.14;76394.33
2026-09-17 11:00:00;76402.01;76455.01;76350;76434.35
2026-09-17 10:45:00;76325.01;76402.01;76270;76402.01
2026-09-17 10:30:00;76350;76410.01;76322.85;76325.01
2026-09-17 10:15:00;76398;76398.01;76318.93;76350
2026-09-17 10:00:00;76468.04;76470.49;76314;76398
2026-09-17 09:45:00;76597.03;76640.01;76468.04;76468.05
2026-09-17 09:30:00;76689.04;76770;76597.03;76597.04
2026-09-17 09:15:00;76689.51;76741.74;76650;76689.05
2026-09-17 09:00:00;76574.63;76717.42;76574.62;76689.51
2026-09-17 08:45:00;76494;76591.46;76477.45;76574.63
2026-09-17 08:30:00;76462;76545.01;76415.94;76494
2026-09-17 08:15:00;76418.01;76534.62;76396.97;76462
2026-09-17 08:00:00;76462.77;76527.66;76418;76418.01
2026-09-17 07:45:00;76512.61;76528;76425.34;76462.76
2026-09-17 07:30:00;76522.94;76535.92;76492;76512.61
2026-09-17 07:15:00;76536;76640.01;76518;76522.93
2026-09-17 07:00:00;76477.46;76682.01;76477.45;76536.01
2026-09-17 06:45:00;76561.31;76598.01;76472.7;76477.45
2026-09-17 06:30:00;76448.01;76584.1;76448.01;76561.32
2026-09-17 06:15:00;76464.96;76464.96;76342.89;76448
2026-09-17 06:00:00;76333.87;76479.35;76308.42;76464.95
2026-09-17 05:45:00;76359.18;76430.16;76318;76333.88
2026-09-17 05:30:00;76491.27;76491.28;76329.61;76359.19
2026-09-17 05:15:00;76477.37;76549.99;76420;76491.27
2026-09-17 05:00:00;76539.82;76632.14;76449.9;76477.36
2026-09-17 04:45:00;76370;76598;76339.03;76539.81
2026-09-17 04:30:00;76214.27;76384.9;76187;76370.1
2026-09-17 04:15:00;76320.13;76324.01;76187;76214.26
2026-09-17 04:00:00;76442;76442;76300;76320.14
2026-09-17 03:45:00;76482.01;76504.01;76409.54;76441.99
2026-09-17 03:30:00;76500.01;76535.03;76444.53;76482.01
2026-09-17 03:15:00;76439.99;76530;76420;76500
2026-09-17 03:00:00;76370.01;76502.69;76370.01;76440
2026-09-17 02:45:00;76426;76485.13;76338.49;76370.01
2026-09-17 02:30:00;76179.22;76446.01;76156;76426.01
2026-09-17 02:15:00;76220;76220;76055.34;76179.23
2026-09-17 02:00:00;76374.22;76390.01;76111;76220
2026-09-17 01:45:00;76607.89;76607.89;76342.76;76374.21
2026-09-17 01:30:00;76631.36;76774.08;76510.55;76607.89
2026-09-17 01:15:00;76301.82;76658.39;76222;76631.36
2026-09-17 01:00:00;76342.77;76363.65;76222.01;76301.82
2026-09-17 00:45:00;76434;76456.88;76342.76;76342.77
2026-09-17 00:30:00;76404.97;76511.18;76376.01;76434
2026-09-17 00:15:00;76328.01;76494;76324;76404.96
2026-09-17 00:00:00;76206;76443.78;76188;76328
2026-09-16 23:45:00;76207.72;76276.02;76161.99;76206.01
2026-09-16 23:30:00;76076.49;76224.01;76063.77;76207.72
2026-09-16 23:15:00;75845.32;76140.62;75844.24;76076.49
2026-09-16 23:00:00;75675.88;75845.33;75643.61;75845.32
2026-09-16 22:45:00;75816;75820.01;75632.7;75675.88
2026-09-16 22:30:00;75758.21;75816.01;75654.81;75816.01
2026-09-16 22:15:00;75892;75937.52;75667.24;75758.21
2026-09-16 22:00:00;75976.01;75986.01;75671;75892
2026-09-16 21:45:00;75960.12;76024.01;75944;75976
2026-09-16 21:30:00;76074.56;76099.98;75933.11;75960.13
2026-09-16 21:15:00;76116;76146.01;76044.94;76074.56
2026-09-16 21:00:00;76178.35;76213.34;76092.63;76116.01
2026-09-16 20:45:00;76130.01;76196.01;76068.64;76178.34
2026-09-16 20:30:00;76216;76262.01;76039.1;76130.01
2026-09-16 20:15:00;76219.98;76373.34;76120;76216.01
2026-09-16 20:00:00;76080;76422.01;76024;76219.99
2026-09-16 19:45:00;75976.35;76150;75968.01;76080
2026-09-16 19:30:00;75550.63;75999.97;75436.16;75976.41
2026-09-16 19:15:00;75949.61;76018.01;75250;75550.98
2026-09-16 19:00:00;75632.01;76180;75632.01;75949.61
2026-09-16 18:45:00;75978.36;76089.03;75500;75632
2026-09-16 18:30:00;76015.09;76332.01;75064.82;75978.36
2026-09-16 18:15:00;75798.01;76104.01;75655.35;76015.09
2026-09-16 18:00:00;75770.45;76560.76;75298.43;75798.01
2026-09-16 17:45:00;75460.66;75937.45;75353.07;75768.01
2026-09-16 17:30:00;75715.35;75738.01;75391.67;75460.65
2026-09-16 17:15:00;75727.06;75820;75640.82;75715.36
2026-09-16 17:00:00;75768;75793.91;75666.44;75727.06
2026-09-16 16:45:00;75688.01;75834.01;75682.94;75768
2026-09-16 16:30:00;75788.01;75838.54;75682.94;75688.01
2026-09-16 16:15:00;75842.01;75883.75;75750;75788
2026-09-16 16:00:00;75788.41;75868.01;75650;75842
2026-09-16 15:45:00;75730;75950;75724.01;75788.41
2026-09-16 15:30:00;75638.52;75788;75556.45;75730.01
2026-09-16 15:15:00;75762;75800;75638.52;75638.53
2026-09-16 15:00:00;75697.83;75796;75552.79;75762.01
2026-09-16 14:45:00;75762;75762;75476.17;75697.82
2026-09-16 14:30:00;75828.01;75830.48;75616.42;75762.01
2026-09-16 14:15:00;75570.66;75830.01;75543.72;75828
2026-09-16 14:00:00;75646.01;75669.68;75423.04;75570.66
2026-09-16 13:45:00;75776.16;75941.17;75612.27;75646.01
2026-09-16 13:30:00;75770.29;75797.67;75585.09;75776.16
2026-09-16 13:15:00;75799.46;75880.68;75709.03;75770.29
2026-09-16 13:00:00;75967.98;75967.98;75684.3;75799.46
2026-09-16 12:45:00;75961.46;76049.23;75904.95;75967.99
2026-09-16 12:30:00;75934.8;76018.93;75794.02;75961.45
2026-09-16 12:15:00;76115.98;76160.47;75912.5;75934.8
2026-09-16 12:00:00;76250;76300;76114;76115.98
2026-09-16 11:45:00;76236.01;76304.01;76152.47;76250
2026-09-16 11:30:00;75978;76278.64;75958;76236
2026-09-16 11:15:00;75916.01;75994.01;75874;75978.01
2026-09-16 11:00:00;75990.2;76049.94;75910.04;75916
2026-09-16 10:45:00;75987.79;75993.52;75900;75990.2
2026-09-16 10:30:00;75972;76008.98;75948;75987.79
2026-09-16 10:15:00;75944.34;76015.75;75922;75972.01
2026-09-16 10:00:00;75993.01;76046.05;75933.11;75944.35
2026-09-16 09:45:00;75919.01;75994;75892.43;75993
2026-09-16 09:30:00;75834.58;75944.01;75830.03;75919.01
2026-09-16 09:15:00;75796.24;75877.35;75763.53;75834.58
2026-09-16 09:00:00;75736.01;75950;75730;75796.23
2026-09-16 08:45:00;75558.4;75736.01;75543.36;75736.01
2026-09-16 08:30:00;75436.78;75574.78;75428;75558.41
2026-09-16 08:15:00;75523.47;75632.34;75350;75436.78
2026-09-16 08:00:00;75766.62;75766.62;75468.18;75523.47
2026-09-16 07:45:00;75819.68;75894.01;75739.36;75766.63
2026-09-16 07:30:00;75817.86;75912.01;75758.02;75819.67
2026-09-16 07:15:00;75880.01;75928.01;75807.19;75817.86
2026-09-16 07:00:00;76030.01;76097.54;75820;75880.02
2026-09-16 06:45:00;75932;76038.83;75924;76030.01
2026-09-16 06:30:00;75916.81;75944.01;75830;75932.01
2026-09-16 06:15:00;75996.02;76015.38;75882.35;75916.81
2026-09-16 06:00:00;75962.01;76028.67;75952.43;75996.02
2026-09-16 05:45:00;75966.11;75966.12;75886.08;75962.01
2026-09-16 05:30:00;75884.18;75981.36;75836.7;75966.12
2026-09-16 05:15:00;75802.01;75920.01;75802;75884.18
2026-09-16 05:00:00;75864.02;75877.33;75677.64;75802.01
2026-09-16 04:45:00;75929.02;75970.09;75805.7;75864.02
2026-09-16 04:30:00;75870.1;76022.67;75853.37;75929.02
2026-09-16 04:15:00;75889.99;75986.01;75838;75870.1
2026-09-16 04:00:00;75824;75918.01;75819.7;75889.99
2026-09-16 03:45:00;75792.02;75832.01;75768.25;75824.01
2026-09-16 03:30:00;75856.77;75908.01;75779.03;75792.02
2026-09-16 03:15:00;75956.98;76076.01;75856.76;75856.77
2026-09-16 03:00:00;75886.36;75988.01;75822.52;75956.98
2026-09-16 02:45:00;75964.79;76000;75817.46;75886.35
2026-09-16 02:30:00;75940.5;76111;75931.75;75964.78
2026-09-16 02:15:00;75659.07;75940.5;75648.91;75940.5
2026-09-16 02:00:00;75489.14;75674.04;75483.32;75659.07
2026-09-16 01:45:00;75659.55;75714.01;75457.52;75489.14
2026-09-16 01:30:00;75871.47;75871.47;75547.73;75659.55
2026-09-16 01:15:00;75786.07;75964.01;75721;75871.46
2026-09-16 01:00:00;75772.1;75862.43;75693.96;75786.07
2026-09-16 00:45:00;75802.28;75878.87;75731.65;75772.1
2026-09-16 00:30:00;75850.07;75915.49;75777;75802.27
2026-09-16 00:15:00;75702.64;75850.07;75682.83;75850.07
2026-09-16 00:00:00;75644.48;75793.59;75578.61;75702.64
2026-09-15 23:45:00;75673.74;75718.91;75625;75644.48
2026-09-15 23:30:00;75734.22;75741.06;75562.01;75673.74
2026-09-15 23:15:00;75896.99;75942.13;75734.22;75734.22
2026-09-15 23:00:00;75667.99;75898.85;75658.47;75896.99
2026-09-15 22:45:00;75613.72;75747.98;75600;75668
2026-09-15 22:30:00;75493;75664.56;75489.36;75613.72
2026-09-15 22:15:00;75381.88;75554.41;75140.64;75493
2026-09-15 22:00:00;75453.85;75597.4;75302.11;75381.89
2026-09-15 21:45:00;75748.78;75756.83;75392.35;75453.85
2026-09-15 21:30:00;75680.5;75766.42;75558.01;75748.77
2026-09-15 21:15:00;75874.76;75901.21;75660;75680.51
2026-09-15 21:00:00;75935.24;75956.58;75726.7;75874.76
2026-09-15 20:45:00;75862.19;76000;75862.19;75935.24
2026-09-15 20:30:00;75744.94;75862.19;75613.2;75862.19
2026-09-15 20:15:00;76041.99;76042;75742.18;75744.94
2026-09-15 20:00:00;76186.48;76245.98;75936;76042
2026-09-15 19:45:00;75897.54;76187.75;75868.05;76186.48
2026-09-15 19:30:00;75919.82;76063.77;75874.94;75897.53
2026-09-15 19:15:00;75978.94;76305.99;75875.51;75919.82
2026-09-15 19:00:00;76000;76269.76;75813.75;75978.93
2026-09-15 18:45:00;75773.03;76205.14;74967.97;76000
2026-09-15 18:30:00;76919.08;76950.96;75700.79;75773.02
2026-09-15 18:15:00;76878;77205.39;76495.54;76919.08
2026-09-15 18:00:00;76962;76969.2;76830;76878.01
2026-09-15 17:45:00;76772.01;77081.77;76772;76962
2026-09-15 17:30:00;76522.01;77343.44;76522;76772
2026-09-15 17:15:00;76273.85;76542.01;76242.03;76522.01
2026-09-15 17:00:00;76388.01;76417.51;76194.21;76273.85
2026-09-15 16:45:00;76368;76505.65;76366.5;76388
2026-09-15 16:30:00;76482.38;76487.4;76300;76368
2026-09-15 16:15:00;76282.01;76501.63;76282.01;76482.38
2026-09-15 16:00:00;76512.01;76576.47;76274;76282.02
2026-09-15 15:45:00;76439.42;76603.59;76426;76512
2026-09-15 15:30:00;76348.01;76462.69;76278;76439.42
2026-09-15 15:15:00;76023.25;76514.01;75904.63;76348.01
2026-09-15 15:00:00;75942.01;76105.91;75832;76023.25
2026-09-15 14:45:00;75912.01;75994;75605;75942.01
2026-09-15 14:30:00;76347.22;76347.22;75700.87;75912.01
2026-09-15 14:15:00;76406.35;76514.01;76307.47;76347.23
2026-09-15 14:00:00;76618.77;76696;76329.6;76406.35
2026-09-15 13:45:00;76422.56;76620.01;76152;76618.77
2026-09-15 13:30:00;76952.01;76952.01;76123.42;76422.56
2026-09-15 13:15:00;76987.36;77003.69;76910.12;76952
2026-09-15 13:00:00;76956.75;77126.01;76954.28;76987.35
2026-09-15 12:45:00;76947.5;77143.15;76878.17;76957.65
2026-09-15 12:30:00;76953.8;76967.07;76858.66;76947.51
2026-09-15 12:15:00;76922.59;76986.5;76902;76953.81
2026-09-15 12:00:00;76940.01;76978.01;76859.64;76922.6
2026-09-15 11:45:00;76926.69;76951.63;76843.75;76940.01
2026-09-15 11:30:00;77001.08;77001.09;76850;76926.33
2026-09-15 11:15:00;77040;77110.34;76972;77001.08
2026-09-15 11:00:00;77053.8;77223.32;77012;77038.51
2026-09-15 10:45:00;77052.01;77176.07;77008.51;77053.8
2026-09-15 10:30:00;76892;77052.01;76872.9;77052.01
2026-09-15 10:15:00;76996.25;77042.01;76892;76892
2026-09-15 10:00:00;76984.05;77054.64;76910;76996.25
2026-09-15 09:45:00;76991.62;77059.87;76959.99;76984.05
2026-09-15 09:30:00;76912;76991.62;76906.17;76991.62
2026-09-15 09:15:00;76933.35;76998.16;76869.99;76912
2026-09-15 09:00:00;77000.01;77000.01;76900;76933.35
2026-09-15 08:45:00;76844.01;77007.84;76844;77000.01
2026-09-15 08:30:00;76856.01;76894.67;76832;76844
2026-09-15 08:15:00;76810.01;76885.21;76707.62;76856.01
2026-09-15 08:00:00;76930;76938.31;76703.59;76810.01
2026-09-15 07:45:00;77034.29;77099.02;76889.22;76930.01
2026-09-15 07:30:00;77279.55;77279.55;77019.79;77034.28
2026-09-15 07:15:00;77217.99;77309.65;77193.56;77279.55
2026-09-15 07:00:00;77286.71;77310.71;77164.57;77218
2026-09-15 06:45:00;77442.75;77446.01;77191.02;77286.7
2026-09-15 06:30:00;77410.16;77450.38;77400;77442.76
2026-09-15 06:15:00;77573.55;77599.22;77392.26;77410.16
2026-09-15 06:00:00;77630;77727.83;77573.55;77573.56
2026-09-15 05:45:00;77462.01;77666.66;77462;77630
2026-09-15 05:30:00;77466;77500;77378;77462
2026-09-15 05:15:00;77409.47;77466.01;77324.43;77465.99
2026-09-15 05:00:00;77567.11;77646.01;77300.01;77409.46
2026-09-15 04:45:00;77646.64;77646.65;77567.11;77567.12
2026-09-15 04:30:00;77624.22;77665.97;77542;77646.65
2026-09-15 04:15:00;77642.38;77686.01;77555.8;77624.21
2026-09-15 04:00:00;77676.99;77744.31;77630.87;77642.39
2026-09-15 03:45:00;77801.76;77811.25;77658;77676.99
2026-09-15 03:30:00;77842.88;77864.46;77777.8;77801.75
2026-09-15 03:15:00;77720.01;77843.78;77708.81;77842.88
2026-09-15 03:00:00;77913.73;77913.73;77702;77720.01
2026-09-15 02:45:00;77878.5;77919.44;77776.25;77913.72
2026-09-15 02:30:00;77956.58;77959.94;77842.14;77878.5
2026-09-15 02:15:00;77986.35;78018.04;77915.64;77956.59
2026-09-15 02:00:00;77917.86;78015.77;77874.91;77986.34
2026-09-15 01:45:00;78017.51;78080;77917.85;77917.86
2026-09-15 01:30:00;77856.47;78024.84;77845.16;78017.52
2026-09-15 01:15:00;77828.1;78030.79;77800;77856.46
2026-09-15 01:00:00;77952.92;77952.93;77750;77828.1
2026-09-15 00:45:00;77965.09;78024.26;77943.97;77952.93
2026-09-15 00:30:00;78017.99;78093.6;77941.18;77965.63
2026-09-15 00:15:00;78121.25;78130.01;78000;78017.99
2026-09-15 00:00:00;78189.2;78250.46;78120;78121.25
2026-09-14 23:45:00;78311.19;78311.19;78131.3;78189.21
2026-09-14 23:30:00;78394.14;78394.15;78260;78311.18
2026-09-14 23:15:00;78425.8;78469.48;78364.3;78394.65
2026-09-14 23:00:00;78557.99;78568.01;78353.5;78425.8
2026-09-14 22:45:00;78655.09;78657.46;78557.98;78557.98
2026-09-14 22:30:00;78590.01;78673.06;78520;78655.1
2026-09-14 22:15:00;78827.34;78836.45;78511;78590
2026-09-14 22:00:00;78757.82;78854.01;78716.27;78827.34
2026-09-14 21:45:00;78817.48;78832.01;78746;78757.83
2026-09-14 21:30:00;78907.24;78960.47;78782;78817.47
2026-09-14 21:15:00;78890.95;78989.28;78815.91;78907.23
2026-09-14 21:00:00;79100;79117.93;78761.27;78890.96
2026-09-14 20:45:00;79334.84;79382.01;79088;79100
2026-09-14 20:30:00;79438;79489.97;79334.84;79334.84
2026-09-14 20:15:00;79184;79600;79184;79438
2026-09-14 20:00:00;78982.01;79227.69;78978.56;79184
2026-09-14 19:45:00;79136;79150.01;78981.99;78982
2026-09-14 19:30:00;79143.03;79184.01;78951.67;79136
2026-09-14 19:15:00;79072.1;79227.69;79072.1;79143.03
2026-09-14 19:00:00;79226;79226;79014;79072.09
2026-09-14 18:45:00;79181.83;79325;79177.12;79226.01
2026-09-14 18:30:00;79135.72;79240.02;78990;79181.83
2026-09-14 18:15:00;78848.18;79253.73;78838.57;79135.72
2026-09-14 18:00:00;78937.98;79000;78848.18;78848.19
2026-09-14 17:45:00;78845.37;79048.44;78832;78937.98
2026-09-14 17:30:00;78887.16;78899.74;78698.37;78845.36
2026-09-14 17:15:00;78828;78985.76;78787.42;78887.16
2026-09-14 17:00:00;78769.42;78890.01;78734.96;78828.01
2026-09-14 16:45:00;78638;78904.72;78638;78769.42
2026-09-14 16:30:00;78662.19;78751.24;78622;78638
2026-09-14 16:15:00;78433.76;78882.01;78433.76;78662.18
2026-09-14 16:00:00;78578.02;78605.85;78426.17;78433.76
2026-09-14 15:45:00;78559.26;78684.01;78360;78578.02
2026-09-14 15:30:00;78407.67;78612.01;78342;78559.25
2026-09-14 15:15:00;78502;78602.25;78401;78407.67
2026-09-14 15:00:00;78521.05;78588;78301.41;78502.01
2026-09-14 14:45:00;78424.31;78623.06;78402;78521.06
2026-09-14 14:30:00;78398.01;78712.29;78340.57;78424.31
2026-09-14 14:15:00;78512;78649.17;78212;78398.01
2026-09-14 14:00:00;78168.01;78532.01;78164.01;78512
2026-09-14 13:45:00;78150.01;78490;78054;78168.01
2026-09-14 13:30:00;77860.74;78257;77840;78150.01
2026-09-14 13:15:00;77714.01;77860.3;77714.01;77860.3
2026-09-14 13:00:00;77698.01;77736.01;77481.98;77714.01
2026-09-14 12:45:00;77918;77930.01;77615.06;77698.01
2026-09-14 12:30:00;77999.99;78082.67;77762;77918.01
2026-09-14 12:15:00;77831.35;78000;77831.35;77999.99
2026-09-14 12:00:00;77776;77850.48;77710.47;77831.35
2026-09-14 11:45:00;77825;77836.01;77692.55;77776
2026-09-14 11:30:00;77910.76;77920.01;77699.95;77824.99
2026-09-14 11:15:00;77761.8;77912.01;77752;77910.75
2026-09-14 11:00:00;77906.61;77924.02;77718;77761.8
2026-09-14 10:45:00;77954.33;78024;77900;77906.6
2026-09-14 10:30:00;77971.17;78000;77928;77954.32
2026-09-14 10:15:00;78039.8;78068.26;77938.66;77971.16
2026-09-14 10:00:00;78141.57;78167.87;78014.21;78039.79
2026-09-14 09:45:00;77892;78374.01;77892;78141.57
2026-09-14 09:30:00;77778;77924.01;77777.99;77892.01
2026-09-14 09:15:00;77708.01;77778;77593.8;77778
2026-09-14 09:00:00;77728.8;77826.01;77703.47;77708.01
2026-09-14 08:45:00;77752.01;77764.01;77654;77728.8
2026-09-14 08:30:00;77760;77804.01;77704.92;77752
2026-09-14 08:15:00;77774.09;77999.99;77696.67;77760
2026-09-14 08:00:00;77892.24;77895;77705.83;77774.1
2026-09-14 07:45:00;77858.34;77892.24;77788.28;77892.24
2026-09-14 07:30:00;77711.89;77886.06;77690;77858.35
2026-09-14 07:15:00;77667.63;77749.99;77650.04;77711.88
2026-09-14 07:00:00;77593.15;77732.67;77524.41;77667.63
2026-09-14 06:45:00;77742.99;77762.93;77593.14;77593.15
2026-09-14 06:30:00;77569.9;77770.59;77379.41;77742.99
2026-09-14 06:15:00;77778.26;77778.27;77569.9;77569.9
2026-09-14 06:00:00;77611.79;77895.35;77599.95;77778.27
2026-09-14 05:45:00;77558.4;77611.79;77494.34;77611.79
2026-09-14 05:30:00;77514.19;77627.68;77514.19;77558.4
2026-09-14 05:15:00;77644.77;77644.77;77514.18;77514.18
2026-09-14 05:00:00;77681.79;77691.05;77564.83;77644.76
2026-09-14 04:45:00;77634.69;77700.78;77580.81;77681.78
2026-09-14 04:30:00;77636.15;77680;77541.8;77634.68
2026-09-14 04:15:00;77588.47;77697.32;77549.88;77636.15
2026-09-14 04:00:00;77596.32;77638.23;77537.8;77588.47
2026-09-14 03:45:00;77541.38;77596.33;77504.01;77596.33
2026-09-14 03:30:00;77817.76;77817.76;77526.37;77541.38
2026-09-14 03:15:00;77791.12;77869.82;77741.39;77817.76
2026-09-14 03:00:00;77600;77840.66;77582.72;77791.12
2026-09-14 02:45:00;77496.74;77725.5;77494.26;77600
2026-09-14 02:30:00;77534;77665;77440;77496.74
2026-09-14 02:15:00;77381.47;77666.66;77279.89;77533.99
2026-09-14 02:00:00;77118.96;77399.95;77016;77381.48
2026-09-14 01:45:00;76822;77170.76;76774.94;77118.97
2026-09-14 01:30:00;76854;76963.24;76636.41;76822
2026-09-14 01:15:00;76758.01;76902.37;76654.01;76854.01
2026-09-14 01:00:00;76808.01;76884.01;76702;76758
2026-09-14 00:45:00;76801.11;76885.72;76761.27;76808
2026-09-14 00:30:00;76472.96;76815.97;76451.7;76801.11
2026-09-14 00:15:00;76906;76934.01;76388.72;76472.96
2026-09-14 00:00:00;76842.01;77083.34;76830;76906
2026-09-13 23:45:00;76828.56;76876.8;76789.99;76842.01
2026-09-13 23:30:00;76743.83;76875.68;76736;76828.57
2026-09-13 23:15:00;76728;76759.64;76622.97;76743.83
2026-09-13 23:00:00;76714;76770.59;76674.41;76728
2026-09-13 22:45:00;76740;76816.01;76667.68;76714
2026-09-13 22:30:00;76836.01;76886.01;76727.61;76740
2026-09-13 22:15:00;76934.01;76934.01;76720.2;76836
2026-09-13 22:00:00;77316;77316;76827.22;76934
2026-09-13 21:45:00;77385.49;77385.86;77316;77316
2026-09-13 21:30:00;77420.41;77420.42;77350.29;77385.49
2026-09-13 21:15:00;77362.81;77450;77362.8;77420.41
2026-09-13 21:00:00;77348.01;77368.01;77314;77362.81
2026-09-13 20:45:00;77326.01;77368;77326;77348.01
2026-09-13 20:30:00;77326;77362;77302;77326.01
2026-09-13 20:15:00;77300;77332.01;77299.85;77326.01
2026-09-13 20:00:00;77284.01;77300;77262;77300
2026-09-13 19:45:00;77245.66;77284.01;77240;77284
2026-09-13 19:30:00;77269.49;77272.01;77230;77245.66
2026-09-13 19:15:00;77284.01;77284.05;77223.16;77269.49
2026-09-13 19:00:00;77338.87;77409.04;77284;77284.01
2026-09-13 18:45:00;77369.03;77380.01;77338.7;77338.87
2026-09-13 18:30:00;77332.55;77369.05;77319;77369.03
2026-09-13 18:15:00;77365.49;77383.4;77332.54;77332.55
2026-09-13 18:00:00;77328.94;77365.5;77312.12;77365.5
2026-09-13 17:45:00;77274;77362.01;77274;77328.94
2026-09-13 17:30:00;77302.02;77302.02;77249.35;77274.01
2026-09-13 17:15:00;77370.16;77395.49;77302.01;77302.02
2026-09-13 17:00:00;77276.14;77413.52;77276.13;77370.17
2026-09-13 16:45:00;77314.01;77331.33;77248.18;77276.14
2026-09-13 16:30:00;77244.01;77359;77235.44;77314
2026-09-13 16:15:00;77206;77298;77190.33;77244.01
2026-09-13 16:00:00;77134.82;77260.21;77125.66;77206
2026-09-13 15:45:00;77171.53;77171.53;77122;77134.83
2026-09-13 15:30:00;77038;77178.01;77038;77171.53
2026-09-13 15:15:00;77117.7;77207.32;77011.33;77038.01
2026-09-13 15:00:00;77216.01;77216.01;77098.63;77117.71
2026-09-13 14:45:00;77186;77252.87;77166.29;77216.01
2026-09-13 14:30:00;77110;77254.45;77092.03;77186.01
2026-09-13 14:15:00;77009.51;77120.01;77009.51;77110.01
2026-09-13 14:00:00;76853.01;77016.46;76850.56;77009.52
2026-09-13 13:45:00;76770.4;76922.01;76770.4;76853.02
2026-09-13 13:30:00;76584.67;76774.09;76584.66;76770.4
2026-09-13 13:15:00;76768.82;76781.65;76560;76584.67
2026-09-13 13:00:00;76763.33;76768.82;76680.98;76768.82
2026-09-13 12:45:00;76738.8;76764.01;76690;76763.33
2026-09-13 12:30:00;76834;76866.01;76716;76738.8
2026-09-13 12:15:00;76802.01;76853.1;76802;76834.01
2026-09-13 12:00:00;76792.31;76808.01;76760;76802
2026-09-13 11:45:00;76776.01;76800;76758.01;76792.32
2026-09-13 11:30:00;76665.77;76796.01;76658.09;76776
2026-09-13 11:15:00;76533.3;76666.1;76532.79;76665.76
2026-09-13 11:00:00;76677.3;76706.01;76500;76533.29
2026-09-13 10:45:00;76690.36;76748.01;76628.45;76677.29
2026-09-13 10:30:00;76755.19;76810.8;76690.35;76690.36
2026-09-13 10:15:00;76792.32;76800;76745.18;76755.19
2026-09-13 10:00:00;76808;76813.26;76759.53;76792.32
2026-09-13 09:45:00;76720.02;76824.01;76720.01;76808.01
2026-09-13 09:30:00;76650.01;76773.36;76570;76720.01
2026-09-13 09:15:00;76824.41;76824.42;76600.01;76650
2026-09-13 09:00:00;76813.71;76893.91;76790.89;76824.42
2026-09-13 08:45:00;76821.69;76876.61;76764;76813.71
2026-09-13 08:30:00;77026.62;77026.62;76756;76821.68
2026-09-13 08:15:00;77066.19;77066.2;77012;77026.63
2026-09-13 08:00:00;77127.99;77182;77041.04;77066.19
2026-09-13 07:45:00;77162.51;77168.01;77091.88;77127.99
2026-09-13 07:30:00;77142.03;77162.51;77100;77162.51
2026-09-13 07:15:00;77170.73;77180;77134;77142.04
2026-09-13 07:00:00;77122.35;77177.03;77100;77170.73
2026-09-13 06:45:00;77306.01;77306.01;77058.42;77122.35
2026-09-13 06:30:00;77296.42;77320.01;77273.45;77306.01
2026-09-13 06:15:00;77310;77310;77290;77296.43
2026-09-13 06:00:00;77322.01;77325.82;77302;77310
2026-09-13 05:45:00;77310.01;77324.46;77310;77322.01
2026-09-13 05:30:00;77282;77310.01;77281.99;77310.01
2026-09-13 05:15:00;77246;77282;77246;77281.99
2026-09-13 05:00:00;77210;77246.01;77210;77246.01
2026-09-13 04:45:00;77214.01;77217.35;77189.84;77210.01
2026-09-13 04:30:00;77217;77235.23;77214;77214.01
2026-09-13 04:15:00;77202.01;77252.38;77202;77216.99
2026-09-13 04:00:00;77192;77254.03;77192;77202.01
2026-09-13 03:45:00;77213.47;77223.08;77184.01;77192.01
2026-09-13 03:30:00;77257.2;77257.2;77202;77213.47
2026-09-13 03:15:00;77277.38;77282.01;77244.8;77257.19
2026-09-13 03:00:00;77289.97;77310.78;77269.99;77277.38
2026-09-13 02:45:00;77308;77314.01;77279.74;77289.96
2026-09-13 02:30:00;77260.01;77308.01;77244.78;77308
2026-09-13 02:15:00;77280.01;77289.58;77247.98;77260
2026-09-13 02:00:00;77319.97;77319.97;77280;77280.01
2026-09-13 01:45:00;77292.01;77320.01;77282.47;77319.97
2026-09-13 01:30:00;77254.5;77307.02;77241.51;77292.01
2026-09-13 01:15:00;77272.84;77341.37;77254.49;77254.5
2026-09-13 01:00:00;77276.02;77295.68;77249.99;77272.84
2026-09-13 00:45:00;77210.65;77282.01;77210.65;77276.02
2026-09-13 00:30:00;77270.3;77270.31;77162.36;77210.65
2026-09-13 00:15:00;77274.18;77276.01;77268;77270.31
2026-09-13 00:00:00;77278.73;77299.99;77266;77274.19
2026-09-12 23:45:00;77246;77292.83;77246;77278.73
2026-09-12 23:30:00;77251.65;77262.03;77235.83;77246.01
2026-09-12 23:15:00;77272.61;77282.01;77244.84;77251.65
2026-09-12 23:00:00;77232.17;77277.32;77232.16;77272.61
2026-09-12 22:45:00;77193.07;77242.12;77193.06;77232.17
2026-09-12 22:30:00;77202;77240;77193.06;77193.07
2026-09-12 22:15:00;77262.01;77300;77198.7;77202.01
2026-09-12 22:00:00;77264;77295.87;77215.37;77262.01
2026-09-12 21:45:00;77244.86;77283.05;77210.6;77264.01
2026-09-12 21:30:00;77206.01;77275.7;77206;77244.86
2026-09-12 21:15:00;77165.53;77206.01;77165.52;77206.01
2026-09-12 21:00:00;77170;77237.1;77148.5;77165.52
2026-09-12 20:45:00;77180;77227.71;77162;77170
2026-09-12 20:30:00;77194;77207.73;77164.01;77180.01
2026-09-12 20:15:00;77181.96;77194;77162;77194
2026-09-12 20:00:00;77115;77188.01;77114.99;77181.95
2026-09-12 19:45:00;77070.01;77154.01;77070.01;77114.99
2026-09-12 19:30:00;77121.79;77143.11;77059.75;77070
2026-09-12 19:15:00;77178.13;77186.01;77121.78;77121.79
2026-09-12 19:00:00;77131;77184.75;77130.99;77178.14
2026-09-12 18:45:00;77179.99;77189.16;77130.99;77131
2026-09-12 18:30:00;77196;77196.76;77125.03;77179.99
2026-09-12 18:15:00;77168.89;77206.01;77125.03;77195.99
2026-09-12 18:00:00;77210.58;77216.01;77168.89;77168.9
2026-09-12 17:45:00;77232.22;77232.23;77170.57;77210.58
2026-09-12 17:30:00;77288.08;77288.08;77217.33;77232.22
2026-09-12 17:15:00;77353.25;77357.28;77266.86;77288.07
2026-09-12 17:00:00;77358;77404.37;77345.84;77353.25
2026-09-12 16:45:00;77355.96;77372.01;77336;77358.01
2026-09-12 16:30:00;77378.02;77380.01;77355.96;77355.96
2026-09-12 16:15:00;77361.99;77378.02;77361.98;77378.01
2026-09-12 16:00:00;77380.38;77414.01;77344;77361.99
2026-09-12 15:45:00;77403.31;77438.01;77380;77380.37
2026-09-12 15:30:00;77453.21;77453.22;77376;77403.3
2026-09-12 15:15:00;77435.01;77479.99;77434.45;77453.21
2026-09-12 15:00:00;77461.25;77463.77;77412.52;77435
2026-09-12 14:45:00;77454.01;77505.67;77454;77461.24
2026-09-12 14:30:00;77420.83;77481.17;77420.83;77454.01
2026-09-12 14:15:00;77368.95;77420.85;77368.94;77420.83
2026-09-12 14:00:00;77366.52;77377.08;77366;77368.94
2026-09-12 13:45:00;77296.03;77366.53;77277.79;77366.52
2026-09-12 13:30:00;77318.76;77322;77270;77296.04
2026-09-12 13:15:00;77309.99;77330.01;77255.19;77318.76
2026-09-12 13:00:00;77340.01;77397.27;77309.02;77309.99
2026-09-12 12:45:00;77319.98;77350.01;77290;77340
2026-09-12 12:30:00;77328.01;77344.01;77319.92;77319.98
2026-09-12 12:15:00;77330.01;77339.47;77315.98;77328.01
2026-09-12 12:00:00;77356.05;77360.77;77330;77330
2026-09-12 11:45:00;77342.19;77356.05;77342.18;77356.04
2026-09-12 11:30:00;77292.28;77342.19;77292.27;77342.19
2026-09-12 11:15:00;77327.51;77327.52;77292;77292.27
2026-09-12 11:00:00;77332.94;77345.45;77307.08;77327.51
2026-09-12 10:45:00;77374;77376.86;77310.55;77332.94
2026-09-12 10:30:00;77380.1;77380.11;77350.88;77374
2026-09-12 10:15:00;77398;77398.01;77380.1;77380.1
2026-09-12 10:00:00;77349.44;77400.75;77349.43;77398
2026-09-12 09:45:00;77340;77369.81;77335.14;77349.44
2026-09-12 09:30:00;77383.69;77386.76;77335.99;77339.99
2026-09-12 09:15:00;77366;77383.7;77350;77383.69
2026-09-12 09:00:00;77360;77380;77343.7;77366.01
2026-09-12 08:45:00;77350.83;77374.01;77342.26;77360.01
2026-09-12 08:30:00;77303.53;77350.84;77303.52;77350.83
2026-09-12 08:15:00;77296.01;77345.88;77296;77303.53
2026-09-12 08:00:00;77269.54;77351.3;77269.54;77296.01
2026-09-12 07:45:00;77286.48;77298.87;77266;77269.55
2026-09-12 07:30:00;77311.1;77311.1;77284;77286.48
2026-09-12 07:15:00;77342.55;77343.95;77310.09;77311.1
2026-09-12 07:00:00;77289.73;77347.99;77289.72;77342.54
2026-09-12 06:45:00;77316.4;77359.2;77289.71;77289.73
2026-09-12 06:30:00;77239.01;77316.41;77239;77316.41
2026-09-12 06:15:00;77209.95;77239.01;77209.94;77239
2026-09-12 06:00:00;77218;77229.44;77199.99;77209.94
2026-09-12 05:45:00;77239.99;77260.8;77218;77218
2026-09-12 05:30:00;77202;77260.01;77201.38;77240
2026-09-12 05:15:00;77233.78;77258.01;77196;77202.01
2026-09-12 05:00:00;77222.75;77257.99;77164.06;77233.78
2026-09-12 04:45:00;77251.5;77258.36;77215.86;77222.75
2026-09-12 04:30:00;77252.01;77293.77;77219.99;77251.5
2026-09-12 04:15:00;77294.01;77294.01;77226.07;77252.01
2026-09-12 04:00:00;77268.09;77314.01;77268.08;77294
2026-09-12 03:45:00;77246.01;77268.09;77238;77268.09
2026-09-12 03:30:00;77287.69;77290.01;77244;77246.01
2026-09-12 03:15:00;77281.02;77309.11;77229.99;77287.69
2026-09-12 03:00:00;77288.01;77347.82;77250.89;77281.03
2026-09-12 02:45:00;77234.73;77311.98;77220;77288
2026-09-12 02:30:00;77286.09;77286.89;77220;77234.72
2026-09-12 02:15:00;77306.01;77322.27;77286;77286.09
2026-09-12 02:00:00;77272.36;77319.97;77272.36;77306.01
2026-09-12 01:45:00;77277.02;77337.61;77272;77272.37
2026-09-12 01:30:00;77329.61;77329.61;77264.01;77277.03
2026-09-12 01:15:00;77365.87;77378.37;77300;77329.08
2026-09-12 01:00:00;77287.43;77365.88;77262.29;77365.88
2026-09-12 00:45:00;77288.77;77320;77276;77287.43
2026-09-12 00:30:00;77279.91;77290.01;77248.13;77288.76
2026-09-12 00:15:00;77304.06;77308;77279.9;77279.91
2026-09-12 00:00:00;77225.71;77304.29;77207.65;77304.07
2026-09-11 23:45:00;77184.02;77225.71;77172.84;77225.7
2026-09-11 23:30:00;77190;77220;77152.01;77184.01
2026-09-11 23:15:00;77119.69;77190.01;77119.68;77190
2026-09-11 23:00:00;77150;77210;77119.68;77119.69
2026-09-11 22:45:00;77118.1;77171;76994.22;77150
2026-09-11 22:30:00;77120;77200.01;76996;77118.11
2026-09-11 22:15:00;77184;77231.31;77100.33;77120.47
2026-09-11 22:00:00;77108.01;77184;76967.13;77184
2026-09-11 21:45:00;77340.01;77348.01;77078.01;77108.01
2026-09-11 21:30:00;77361.17;77396.01;77338;77340.01
2026-09-11 21:15:00;77362.68;77422.71;77356;77361.18
2026-09-11 21:00:00;77339.33;77424.01;77328.57;77362.68
2026-09-11 20:45:00;77408.01;77411.28;77192;77339.33
2026-09-11 20:30:00;77384;77458.01;77273.5;77408
2026-09-11 20:15:00;77458.9;77458.9;77375.99;77384
2026-09-11 20:00:00;77286;77504.01;77286;77458.9
2026-09-11 19:45:00;77306.66;77372.01;77250;77286.01
2026-09-11 19:30:00;77234.42;77328.02;77202.34;77306.65
2026-09-11 19:15:00;77217.56;77292.83;77088;77235.76
2026-09-11 19:00:00;77054;77242.01;77006;77217.56
2026-09-11 18:45:00;77118.01;77214.98;76951.77;77054
2026-09-11 18:30:00;77212;77287;77100.2;77118
2026-09-11 18:15:00;77088.01;77250;77060;77212
2026-09-11 18:00:00;77534;77538.01;76883;77088.01
2026-09-11 17:45:00;77610;77626.01;77490.34;77534
2026-09-11 17:30:00;77836.01;77875.25;77576;77610.01
2026-09-11 17:15:00;77753.01;77907.23;77702;77836
2026-09-11 17:00:00;77916;77960.01;77753;77753.01
2026-09-11 16:45:00;77798.01;77997.93;77798;77916
2026-09-11 16:30:00;77668.61;77798.01;77542;77798.01
2026-09-11 16:15:00;77799.9;77835.69;77381.88;77668.61
2026-09-11 16:00:00;77732.25;78068.01;77661.27;77799.9
2026-09-11 15:45:00;78652;78658.01;77303;77732.25
2026-09-11 15:30:00;78720.75;78836.01;78652;78652.01
2026-09-11 15:15:00;78512.23;78780.63;78483.73;78720.76
2026-09-11 15:00:00;78798.4;78849.98;78509.09;78512.23
2026-09-11 14:45:00;78652.01;78872.01;78509.09;78798.51
2026-09-11 14:30:00;79048.01;79048.01;78558.27;78652.01
2026-09-11 14:15:00;79065.46;79189.18;78949.06;79048
2026-09-11 14:00:00;79242.56;79890;78815.84;79065.47
2026-09-11 13:45:00;77877.29;79333;77758;79242.56
2026-09-11 13:30:00;77526;77938.06;77253.8;77877.29
2026-09-11 13:15:00;77726;77836;77508.35;77526.01
2026-09-11 13:00:00;78032.98;78032.99;77558.29;77726
2026-09-11 12:45:00;77590.01;78148.74;77566.3;78032.99
2026-09-11 12:30:00;77094.01;77700.48;76046.58;77590.01
2026-09-11 12:15:00;76924.46;77417.15;76906;77095.12
2026-09-11 12:00:00;77036.12;77125;76900.96;76924.46
2026-09-11 11:45:00;76906.13;77049.25;76902;77036.12
2026-09-11 11:30:00;76850.66;76906.14;76800;76906.14
2026-09-11 11:15:00;76786.01;76912.01;76746.95;76850.65
2026-09-11 11:00:00;76993.25;77000;76761.28;76786
2026-09-11 10:45:00;77017.38;77040.63;76993.24;76993.25
2026-09-11 10:30:00;77041.74;77058.72;76966;77017.38
2026-09-11 10:15:00;77082.01;77149.82;77038;77041.73
2026-09-11 10:00:00;77042;77163.25;76968.4;77082.01
2026-09-11 09:45:00;76964.23;77067.64;76964.23;77042
2026-09-11 09:30:00;77150.01;77164.01;76865.58;76964.22
2026-09-11 09:15:00;77284;77300.01;77150;77150.01
2026-09-11 09:00:00;77364.94;77370.01;77266;77284.01
2026-09-11 08:45:00;77424;77424.01;77330;77364.93
2026-09-11 08:30:00;77384.92;77500;77362.49;77424
2026-09-11 08:15:00;77182;77465.46;77182;77384.92
2026-09-11 08:00:00;77230.7;77270.02;77144.59;77182
2026-09-11 07:45:00;77263.83;77263.85;77203.73;77230.7
2026-09-11 07:30:00;77336.01;77347.59;77250.05;77263.82
2026-09-11 07:15:00;77323.37;77403.19;77300;77336.01
2026-09-11 07:00:00;77298.01;77397.61;77291.6;77323.37
2026-09-11 06:45:00;77238.7;77298.01;77238.7;77298.01
2026-09-11 06:30:00;77276;77276.01;77182;77238.7
2026-09-11 06:15:00;77410;77410.01;77260;77276.01
2026-09-11 06:00:00;77252.87;77431.48;77229.05;77410.01
2026-09-11 05:45:00;77188.46;77252.88;77163.74;77252.86
2026-09-11 05:30:00;77101.3;77188.47;77080.01;77188.47
2026-09-11 05:15:00;77143.6;77150.01;77092.01;77101.31
2026-09-11 05:00:00;77114.01;77159.38;77069.06;77143.6
2026-09-11 04:45:00;77096.01;77146.32;77096;77114.01
2026-09-11 04:30:00;77183.41;77196.01;77088.06;77096.01
2026-09-11 04:15:00;76982.32;77189.78;76946.43;77183.41
2026-09-11 04:00:00;76891.81;76999.99;76889.23;76982.31
2026-09-11 03:45:00;76874.17;76896.12;76770.56;76891.8
2026-09-11 03:30:00;76824.32;76897.54;76702.7;76874.17
2026-09-11 03:15:00;76883.04;76895.73;76763.32;76824.33
2026-09-11 03:00:00;76838.68;76897.54;76705.88;76883.03
2026-09-11 02:45:00;76868.4;76933.33;76806.29;76838.68
2026-09-11 02:30:00;76809.5;76925.68;76782.42;76868.39
2026-09-11 02:15:00;76990.01;76990.01;76769.69;76809.51
2026-09-11 02:00:00;76971.44;77013.62;76900;76990
2026-09-11 01:45:00;76891.62;76971.44;76800.23;76971.43
2026-09-11 01:30:00;76813.08;76918.16;76670.57;76891.61
2026-09-11 01:15:00;76901.3;76957.45;76795.93;76813.09
2026-09-11 01:00:00;76908.59;77000;76890.56;76901.29
2026-09-11 00:45:00;76762.38;76939.8;76741.76;76908.59
2026-09-11 00:30:00;76848.85;76848.86;76686.09;76762.37
2026-09-11 00:15:00;76818.08;76876.31;76772.81;76848.85
2026-09-11 00:00:00;76568.73;76851.6;76563.01;76818.09
2026-09-10 23:45:00;76776.71;76782.54;76544.17;76568.72
2026-09-10 23:30:00;76734.29;76821.92;76710.63;76776.71
2026-09-10 23:15:00;76516.23;76790.91;76464;76734.29
2026-09-10 23:00:00;76836.45;76876.31;76501.44;76516.23
2026-09-10 22:45:00;76862.99;76970.84;76817.6;76836.45
2026-09-10 22:30:00;77070;77082.57;76830;76862.99
2026-09-10 22:15:00;77144.01;77218.01;77070;77070.01
2026-09-10 22:00:00;77144.01;77191.69;77080;77144.01
2026-09-10 21:45:00;77158.01;77201.84;77130;77144
2026-09-10 21:30:00;77230.69;77238.01;77100.02;77158.01
2026-09-10 21:15:00;77258.01;77258.01;77200;77230.69
2026-09-10 21:00:00;77268.08;77303.02;77223.36;77258.01
2026-09-10 20:45:00;77298.01;77305.13;77221.64;77268.08
2026-09-10 20:30:00;77277.8;77298.01;77234;77298.01
2026-09-10 20:15:00;77323.82;77347.45;77256;77277.8
2026-09-10 20:00:00;77160.83;77323.82;77116;77323.82
2026-09-10 19:45:00;77254.01;77258.01;77083.17;77160.83
2026-09-10 19:30:00;77190;77298.48;77120.1;77254
2026-09-10 19:15:00;77172.01;77254.01;77120.1;77190.01
2026-09-10 19:00:00;77252;77252.01;77130;77172.01
2026-09-10 18:45:00;77158.01;77298.48;77100;77252
2026-09-10 18:30:00;77074.01;77166.01;77050;77158.01
2026-09-10 18:15:00;77020.01;77169.64;77005.27;77074
2026-09-10 18:00:00;77328.72;77340;76982.6;77020.01
2026-09-10 17:45:00;77361.94;77432.01;77324.51;77328.72
2026-09-10 17:30:00;77321.53;77544;77299.58;77361.93
2026-09-10 17:15:00;77180.01;77339.37;77135.15;77321.54
2026-09-10 17:00:00;77200;77244.6;77126.26;77180.01
2026-09-10 16:45:00;77044.89;77234.9;77044.88;77200.01
2026-09-10 16:30:00;76932.01;77073.79;76804.99;77044.88
2026-09-10 16:15:00;76986;77077.02;76884.27;76932
2026-09-10 16:00:00;77250;77312.01;76910;76986
2026-09-10 15:45:00;77216;77250.01;77120;77250
2026-09-10 15:30:00;77108;77337.9;77092.16;77216.01
2026-09-10 15:15:00;77336;77355.62;77098;77108.01
2026-09-10 15:00:00;77412.01;77412.89;77250;77336.01
2026-09-10 14:45:00;77282;77424.98;77272;77412.01
2026-09-10 14:30:00;77276.01;77365.75;77184.28;77282.01
2026-09-10 14:15:00;77085.9;77380;76943.45;77276.01
2026-09-10 14:00:00;77174.43;77345.85;76959.23;77085.9
2026-09-10 13:45:00;76936.23;77234;76924;77174.44
2026-09-10 13:30:00;76934.01;77106.01;76774;76936.22
2026-09-10 13:15:00;76835.32;76970.01;76745;76934
2026-09-10 13:00:00;76896.01;77088;76780;76835.33
2026-09-10 12:45:00;77130.26;77166;76676.07;76896.01
2026-09-10 12:30:00;77796.93;77959.2;77019.63;77130.25
2026-09-10 12:15:00;77823.75;77836.02;77650;77796.93
2026-09-10 12:00:00;77840.64;77888.45;77702.84;77823.75
2026-09-10 11:45:00;78006;78025.92;77830;77840.8
2026-09-10 11:30:00;78004.01;78050;77984;78006
2026-09-10 11:15:00;77916.7;78054.84;77908.59;78004.01
2026-09-10 11:00:00;77863.2;77920.01;77688;77908.56
2026-09-10 10:45:00;77986.78;78032.01;77860.62;77863.21
2026-09-10 10:30:00;77979.87;78044.57;77821.21;77986.78
2026-09-10 10:15:00;77985.1;78020.01;77927.11;77979.86
2026-09-10 10:00:00;77992;78038.01;77952.01;77985.1
2026-09-10 09:45:00;77962.63;78023.5;77944.01;77992.01
2026-09-10 09:30:00;78206.01;78206.01;77910.86;77962.63
2026-09-10 09:15:00;78150.01;78229.22;78139.35;78206.02
2026-09-10 09:00:00;78110;78210.01;78110;78150.01
2026-09-10 08:45:00;78100.54;78170.01;78096;78110
2026-09-10 08:30:00;78170.74;78170.74;78038;78100.53
2026-09-10 08:15:00;78080.69;78170.74;78041.64;78170.73
2026-09-10 08:00:00;78112;78160;78066;78080.7
2026-09-10 07:45:00;78021.14;78160.89;78018.17;78112
2026-09-10 07:30:00;78025.38;78046.83;77906.48;78021.14
2026-09-10 07:15:00;78214.02;78215.68;78025.31;78025.38
2026-09-10 07:00:00;78416.01;78422.01;78157.17;78214.01
2026-09-10 06:45:00;78198;78528.01;78198;78416.01
2026-09-10 06:30:00;78216.64;78268.9;78147.98;78198
2026-09-10 06:15:00;78308.91;78308.92;78148.65;78216.65
2026-09-10 06:00:00;78536.71;78542.05;78306;78308.92
2026-09-10 05:45:00;78418.84;78564.39;78408.64;78536.71
2026-09-10 05:30:00;78476.59;78520.04;78401.75;78418.85
2026-09-10 05:15:00;78477.5;78516.66;78358.63;78476.6
2026-09-10 05:00:00;78400.01;78486.35;78270.75;78477.5
2026-09-10 04:45:00;78339.99;78437.99;78300;78400
2026-09-10 04:30:00;78387.63;78416.41;78339.99;78339.99
2026-09-10 04:15:00;78344.85;78429.24;78344.85;78387.63
2026-09-10 04:00:00;78328.08;78404.42;78303.28;78344.86
2026-09-10 03:45:00;78368.69;78450;78278;78328.08
2026-09-10 03:30:00;78395.74;78450;78321.86;78368.68
2026-09-10 03:15:00;78382.07;78400;78306.4;78395.74
2026-09-10 03:00:00;78357.87;78550;78338.52;78382.07
2026-09-10 02:45:00;78262.19;78373.1;78251.67;78357.86
2026-09-10 02:30:00;78024;78268.9;78006.6;78262.19
2026-09-10 02:15:00;78040;78070.01;77980;78024.01
2026-09-10 02:00:00;78094.01;78100.54;78003.48;78040.01
2026-09-10 01:45:00;78174.92;78174.92;77990.38;78094
2026-09-10 01:30:00;78176.01;78242.01;77952;78174.92
2026-09-10 01:15:00;78334.79;78338.24;78170;78176
2026-09-10 01:00:00;78180.7;78508.49;78172;78334.8
2026-09-10 00:45:00;78159.97;78244.59;78073.8;78180.7
2026-09-10 00:30:00;78325.3;78325.3;78159.97;78159.97
2026-09-10 00:15:00;78269.29;78330.84;78215.55;78325.31
2026-09-10 00:00:00;78306.43;78382.35;78263.99;78269.28
2026-09-09 23:45:00;78230;78321.09;78222.73;78306.43
2026-09-09 23:30:00;78184.01;78259.35;78177.91;78230
2026-09-09 23:15:00;78157.55;78184;78100;78184
2026-09-09 23:00:00;77924;78200;77920.56;78157.56
2026-09-09 22:45:00;78032.01;78046;77918;77924.06
2026-09-09 22:30:00;78031.46;78053.82;77944;78031.97
2026-09-09 22:15:00;77859.74;78058.01;77770.81;78031.46
2026-09-09 22:00:00;78145.02;78196;77770;77859.73
2026-09-09 21:45:00;78244.39;78244.39;77994.15;78145.02
2026-09-09 21:30:00;78282.54;78282.54;78146;78244.39
2026-09-09 21:15:00;78241.62;78294.03;78136.67;78282.53
2026-09-09 21:00:00;78324.07;78339.56;78169.58;78241.61
2026-09-09 20:45:00;78277.62;78330.84;78100.53;78324.07
2026-09-09 20:30:00;78107.47;78317.46;78104.97;78277.61
2026-09-09 20:15:00;78254.67;78340.01;77917.09;78107.48
2026-09-09 20:00:00;78234.94;78295.52;78192.07;78254.67
2026-09-09 19:45:00;78296.83;78332.01;78150;78234.94
2026-09-09 19:30:00;78534;78547.18;78290.73;78296.82
2026-09-09 19:15:00;78484.07;78575.32;78470;78534
2026-09-09 19:00:00;78414.42;78488;78340.11;78484.07
2026-09-09 18:45:00;78534.01;78559.66;78403.36;78414.42
2026-09-09 18:30:00;78624.01;78642;78499.72;78534.01
2026-09-09 18:15:00;78600;78640.54;78568;78624
2026-09-09 18:00:00;78776;78792.25;78598;78600
2026-09-09 17:45:00;78702.48;78823.99;78674;78776.01
2026-09-09 17:30:00;78854.16;78862.01;78692;78702.49
2026-09-09 17:15:00;78871.62;78934.4;78794;78854.17
2026-09-09 17:00:00;78804.9;78919.76;78724;78871.62
2026-09-09 16:45:00;78806.01;78812.19;78738.78;78804.9
2026-09-09 16:30:00;78634.01;78938.55;78634.01;78806.02
2026-09-09 16:15:00;78666.97;78667;78460.34;78634.01
2026-09-09 16:00:00;78596.7;78789.42;78493.19;78666.96
2026-09-09 15:45:00;78643.4;78689.36;78555.39;78596.7
2026-09-09 15:30:00;78377.23;78750;78340.3;78643.39
2026-09-09 15:15:00;78478.01;78625.19;78060.03;78377.23
2026-09-09 15:00:00;78958.01;79394.99;78280;78478.01
2026-09-09 14:45:00;78999.99;79136.01;78885.53;78958.01
2026-09-09 14:30:00;79274.74;79413.74;78965.69;79000
2026-09-09 14:15:00;79086;79274.74;78877.36;79274.74
2026-09-09 14:00:00;79140.69;79205.43;78890.43;79086.01
2026-09-09 13:45:00;79246.68;79390;79103.19;79140.69
2026-09-09 13:30:00;79620.05;79678.84;79103.81;79246.68
2026-09-09 13:15:00;79523.46;79640.84;79464.08;79620.05
2026-09-09 13:00:00;79606.15;79629.57;79498.55;79523.45
2026-09-09 12:45:00;79528.58;79662.56;79528.55;79606.14
2026-09-09 12:30:00;79405.25;79610.6;79405.24;79528.58
2026-09-09 12:15:00;79390;79460.04;79326;79405.25
2026-09-09 12:00:00;79324.75;79452.93;79281.51;79390
2026-09-09 11:45:00;79024.44;79379.28;79024.44;79324.75
2026-09-09 11:30:00;78995.97;79098;78962;79024.44
2026-09-09 11:15:00;78870;78995.98;78790.88;78995.98
2026-09-09 11:00:00;78920.01;78956.93;78725.29;78869.61
2026-09-09 10:45:00;79071.45;79071.46;78878.11;78920.01
2026-09-09 10:30:00;79082;79183.91;79060;79071.45
2026-09-09 10:15:00;79004.13;79130.89;78928.72;79082.01
2026-09-09 10:00:00;78952.01;79048;78941.93;79004.13
2026-09-09 09:45:00;79082.87;79124.47;78900;78952.01
2026-09-09 09:30:00;79430.54;79448;79069.42;79082.87
2026-09-09 09:15:00;79534.37;79551.36;79430.53;79430.53
2026-09-09 09:00:00;79698.02;79716;79471.02;79534.36
2026-09-09 08:45:00;79639.99;79707.78;79579.7;79698.02
2026-09-09 08:30:00;79683.38;79760;79564.85;79640
2026-09-09 08:15:00;79411.45;79708.03;79400;79683.38
2026-09-09 08:00:00;79277.44;79544.65;79264;79411.46
2026-09-09 07:45:00;79196.26;79283.56;79195.92;79277.43
2026-09-09 07:30:00;79277.42;79292.03;79182.65;79196.25
2026-09-09 07:15:00;79249.35;79292.04;79220.17;79277.42
2026-09-09 07:00:00;79159.03;79400;79151.34;79249.36
2026-09-09 06:45:00;79187.42;79198.69;79117.88;79159.03
2026-09-09 06:30:00;79156.19;79236.02;79135.9;79187.41
2026-09-09 06:15:00;79121.65;79290.63;79099.16;79156.19
2026-09-09 06:00:00;78923.43;79135.64;78865.71;79121.65
2026-09-09 05:45:00;78926.68;78962;78840.59;78923.43
2026-09-09 05:30:00;79131.19;79137.75;78900;78926.67
2026-09-09 05:15:00;79273.84;79370.01;79131.18;79131.18
2026-09-09 05:00:00;79171.5;79330;79058.77;79273.85
2026-09-09 04:45:00;79195.07;79215.83;79080.89;79171.5
2026-09-09 04:30:00;78896.01;79206.26;78879.76;79195.07
2026-09-09 04:15:00;78841.62;78945.99;78790;78896.01
2026-09-09 04:00:00;78638.01;78941.65;78638;78841.62
2026-09-09 03:45:00;78650;78679.99;78604;78638.01
2026-09-09 03:30:00;78577.71;78662.92;78577.71;78650.01
2026-09-09 03:15:00;78592.46;78622;78548.46;78577.71
2026-09-09 03:00:00;78726.01;78726.01;78592.45;78592.45
2026-09-09 02:45:00;78791.99;78800;78726;78726.01
2026-09-09 02:30:00;78821.99;78841.75;78758;78792
2026-09-09 02:15:00;78802.46;78833.22;78686.46;78821.99
2026-09-09 02:00:00;78891.49;78928.65;78796.49;78802.45
2026-09-09 01:45:00;78840;78891.5;78818.66;78891.5
2026-09-09 01:30:00;78734;78879.54;78702;78839.99
2026-09-09 01:15:00;78740;78769.3;78633.53;78734.01
2026-09-09 01:00:00;78774.66;78863;78701.25;78740.01
2026-09-09 00:45:00;78698.14;78796.97;78698.13;78774.65
2026-09-09 00:30:00;78630;78698.14;78564.96;78698.13
2026-09-09 00:15:00;78719.23;78747.23;78604;78630
2026-09-09 00:00:00;78455.8;78732.12;78455.79;78719.22
2026-09-08 23:45:00;78448.12;78464.81;78408.64;78455.8
2026-09-08 23:30:00;78460;78467.84;78446.89;78448.12
2026-09-08 23:15:00;78498.01;78506.57;78432.87;78460
2026-09-08 23:00:00;78562.43;78575.31;78462.53;78498.01
2026-09-08 22:45:00;78490;78577.99;78490;78562.44
2026-09-08 22:30:00;78504.56;78532;78468.69;78490
2026-09-08 22:15:00;78505.99;78581.99;78474;78504.56
2026-09-08 22:00:00;78492.19;78662.75;78458;78505.99
2026-09-08 21:45:00;78523.96;78534;78406;78492.18
2026-09-08 21:30:00;78542.36;78565.58;78446;78523.97
2026-09-08 21:15:00;78555.78;78623.21;78512;78542.36
2026-09-08 21:00:00;78487.99;78581.33;78471.35;78555.77
2026-09-08 20:45:00;78526;78563.5;78474;78487.99
2026-09-08 20:30:00;78583.17;78583.18;78419.61;78526.01
2026-09-08 20:15:00;78610;78614;78458;78583.18
2026-09-08 20:00:00;78445.99;78621.77;78410.05;78610
2026-09-08 19:45:00;78420.5;78446;78325.39;78446
2026-09-08 19:30:00;78473.99;78521.28;78340.9;78420.5
2026-09-08 19:15:00;78468;78528;78350;78474
2026-09-08 19:00:00;78436.01;78520;78400;78468
2026-09-08 18:45:00;78608.22;78656;78271.49;78436
2026-09-08 18:30:00;78732;78772;78586;78608.21
2026-09-08 18:15:00;78676;78822.47;78676;78731.99
2026-09-08 18:00:00;78504.38;78724.99;78500;78676.01
2026-09-08 17:45:00;78535.59;78652;78500;78504.38
2026-09-08 17:30:00;78594.96;78668;78535.59;78535.6
2026-09-08 17:15:00;78709.93;78718;78550.21;78594.96
2026-09-08 17:00:00;78735.88;78892;78668;78709.94
2026-09-08 16:45:00;78796.01;78878;78654;78735.89
2026-09-08 16:30:00;78633.98;78978.39;78624;78796
2026-09-08 16:15:00;78648.82;78682;78581.33;78633.98
2026-09-08 16:00:00;78904;78908;78634.13;78648.82
2026-09-08 15:45:00;78721.55;78910.88;78682;78904
2026-09-08 15:30:00;78465.01;78770;78453.52;78721.54
2026-09-08 15:15:00;78644.96;78708.08;78451.39;78465
2026-09-08 15:00:00;78567.52;78664;78477.32;78644.96
2026-09-08 14:45:00;78407.73;78630.81;78385.26;78567.52
2026-09-08 14:30:00;78337.46;78432;78248;78407.73
2026-09-08 14:15:00;78151.63;78375.73;78151.63;78337.46
2026-09-08 14:00:00;77961.66;78190;77854;78151.64
2026-09-08 13:45:00;77844.27;78087.99;77620.01;77961.66
2026-09-08 13:30:00;78335.09;78372;77675.75;77844.27
2026-09-08 13:15:00;78472.98;78484;78309.23;78335.09
2026-09-08 13:00:00;78450;78545.46;78392.36;78472.97
2026-09-08 12:45:00;78334;78483.42;78280.35;78449.99
2026-09-08 12:30:00;78377.85;78450;78287.43;78333.99
2026-09-08 12:15:00;78222.01;78401.94;78222;78377.84
2026-09-08 12:00:00;78430;78430.01;78215.36;78222.01
2026-09-08 11:45:00;78440.27;78463.64;78370;78430.01
2026-09-08 11:30:00;78443.02;78492;78396.82;78440.26
2026-09-08 11:15:00;78313.89;78480;78297.47;78443.02
2026-09-08 11:00:00;78568.01;78576;78271.63;78313.89
2026-09-08 10:45:00;78670.1;78692;78568;78568
2026-09-08 10:30:00;78847.93;78871.24;78656.77;78670.1
2026-09-08 10:15:00;78741.98;78994.5;78736;78847.93
2026-09-08 10:00:00;78762;78762;78670;78741.98
2026-09-08 09:45:00;78762;78800;78730;78761.99
2026-09-08 09:30:00;78476.65;78780;78435.18;78761.99
2026-09-08 09:15:00;78490.01;78506;78340.5;78476.65
2026-09-08 09:00:00;78418;78496;78317.03;78490.01
2026-09-08 08:45:00;78530.71;78581.8;78368;78418
2026-09-08 08:30:00;78476.89;78561.18;78450.02;78530.71
2026-09-08 08:15:00;78389.17;78508.32;78281.3;78476.89
2026-09-08 08:00:00;78482;78482;78286.01;78389.16
2026-09-08 07:45:00;78434.3;78482;78179.98;78482
2026-09-08 07:30:00;78468.09;78609.99;78434.3;78434.31
2026-09-08 07:15:00;78410.01;78516.61;78374.41;78468.08
2026-09-08 07:00:00;78323.59;78447.99;78287.55;78410
2026-09-08 06:45:00;78426.37;78494.65;78261.61;78323.59
2026-09-08 06:30:00;78387.63;78448;78357.1;78426.37
2026-09-08 06:15:00;78589.99;78632;78366;78387.63
2026-09-08 06:00:00;78577.99;78630.99;78453.73;78589.99
2026-09-08 05:45:00;78626.01;78714;78568.7;78578
2026-09-08 05:30:00;78825.87;78825.88;78626;78626.01
2026-09-08 05:15:00;78708.01;78882;78660;78825.88
2026-09-08 05:00:00;78678.7;78819.97;78555;78708
2026-09-08 04:45:00;78781.98;78814;78678.7;78678.71
2026-09-08 04:30:00;78815.01;78870.87;78738.98;78781.98
2026-09-08 04:15:00;78812.1;78860.35;78762;78815.02
2026-09-08 04:00:00;78906.27;78929.24;78787.1;78812.11
2026-09-08 03:45:00;78949.24;78951.98;78868.34;78906.28
2026-09-08 03:30:00;78773.36;78990;78763.2;78949.23
2026-09-08 03:15:00;78921.16;78945.7;78725.1;78773.36
2026-09-08 03:00:00;78930.01;79002;78876.62;78921.17
2026-09-08 02:45:00;79134.01;79149.57;78930;78930.01
2026-09-08 02:30:00;79265.61;79268.75;79100;79134.01
2026-09-08 02:15:00;79339.24;79485;79254;79265.61
2026-09-08 02:00:00;79441.98;79441.99;79254.37;79339.24
2026-09-08 01:45:00;79319.66;79456.82;79302.07;79441.99
2026-09-08 01:30:00;79398;79398;79307.07;79319.66
2026-09-08 01:15:00;79298.01;79463.06;79268;79397.99
2026-09-08 01:00:00;79313.09;79370;79266.48;79298
2026-09-08 00:45:00;79218;79313.09;79202;79313.08
2026-09-08 00:30:00;79004.01;79280;78983.57;79218
2026-09-08 00:15:00;79053.79;79146;78972.51;79004
2026-09-08 00:00:00;79112;79114;78986.14;79053.78
2026-09-07 23:45:00;79119.99;79210;79107.95;79112.01
2026-09-07 23:30:00;79012.99;79120;78988.52;79119.99
2026-09-07 23:15:00;79132;79140.33;78969.99;79013
2026-09-07 23:00:00;78952.18;79166;78938.38;79132.01
2026-09-07 22:45:00;78812.96;78965.93;78812.96;78952.19
2026-09-07 22:30:00;79104.01;79104.01;78781.07;78812.96
2026-09-07 22:15:00;79154.47;79200;79028.05;79104
2026-09-07 22:00:00;79164.01;79218.18;79077.93;79154.47
2026-09-07 21:45:00;79192.72;79216;79164;79164
2026-09-07 21:30:00;79232;79235;79168.02;79192.72
2026-09-07 21:15:00;79266;79278;79215.64;79232.01
2026-09-07 21:00:00;79238;79266;79207.99;79266
2026-09-07 20:45:00;79188.41;79261.33;79168.01;79238
2026-09-07 20:30:00;79213.96;79241.28;79188.41;79188.42
2026-09-07 20:15:00;79236.75;79259.51;79184.2;79213.97
2026-09-07 20:00:00;79365.81;79394.92;79212;79236.76
2026-09-07 19:45:00;79342.38;79382.98;79342.38;79365.82
2026-09-07 19:30:00;79243.43;79419.17;79240.44;79342.39
2026-09-07 19:15:00;79165.99;79243.43;79165.98;79243.43
2026-09-07 19:00:00;79196.15;79196.16;79150;79165.98
2026-09-07 18:45:00;79158.9;79244;79144;79196.16
2026-09-07 18:30:00;79141.91;79163.41;79096;79158.9
2026-09-07 18:15:00;79174.95;79207.64;79133.44;79141.91
2026-09-07 18:00:00;79185.74;79215.33;79148.78;79174.96
2026-09-07 17:45:00;79153.01;79223.53;79144;79185.73
2026-09-07 17:30:00;79121.44;79172.63;79076.1;79153.02
2026-09-07 17:15:00;79152;79157.54;79094.77;79121.43
2026-09-07 17:00:00;79028.88;79152;79018;79152
2026-09-07 16:45:00;78999.02;79028.88;78970.32;79028.87
2026-09-07 16:30:00;78832;79035.23;78831.99;78999.01
2026-09-07 16:15:00;78911.99;78911.99;78807.69;78832
2026-09-07 16:00:00;78822;78920;78817.01;78911.99
2026-09-07 15:45:00;78776.43;78861.44;78700;78821.99
2026-09-07 15:30:00;79027.84;79034;78680;78776.42
2026-09-07 15:15:00;79048.01;79138;78832;79027.84
2026-09-07 15:00:00;79191.96;79191.96;79036.01;79048
2026-09-07 14:45:00;79030.17;79276.94;79028;79191.95
2026-09-07 14:30:00;79053.79;79104;78956.94;79030.17
2026-09-07 14:15:00;79176.33;79222;79046;79053.8
2026-09-07 14:00:00;79352;79396.36;79119.13;79176.33
2026-09-07 13:45:00;79375;79417.7;79324;79352.01
2026-09-07 13:30:00;79643.21;79643.22;79318.92;79374.99
2026-09-07 13:15:00;79624;79643.22;79578.18;79643.21
2026-09-07 13:00:00;79606.84;79643.5;79530;79623.99
2026-09-07 12:45:00;79472.82;79627.43;79472.81;79606.84
2026-09-07 12:30:00;79529.99;79530;79459.98;79472.82
2026-09-07 12:15:00;79425.61;79530.92;79413.91;79530
2026-09-07 12:00:00;79420.16;79500;79400.48;79425.61
2026-09-07 11:45:00;79414.02;79438.55;79374;79420.16
2026-09-07 11:30:00;79445.72;79487.01;79414.01;79414.02
2026-09-07 11:15:00;79411.98;79468.73;79402.03;79445.71
2026-09-07 11:00:00;79360;79411.99;79282;79411.99
2026-09-07 10:45:00;79447.98;79459.5;79350;79360
2026-09-07 10:30:00;79421.76;79447.99;79388.58;79447.98
2026-09-07 10:15:00;79377.31;79429.35;79370;79421.75
2026-09-07 10:00:00;79313.85;79408.71;79313.85;79377.32
2026-09-07 09:45:00;79392.26;79453.99;79291.15;79313.85
2026-09-07 09:30:00;79479.99;79480;79326;79392.27
2026-09-07 09:15:00;79528.39;79537.25;79430;79480
2026-09-07 09:00:00;79437.39;79550;79420;79528.39
2026-09-07 08:45:00;79480.62;79500;79423.56;79437.38
2026-09-07 08:30:00;79466.13;79530.47;79433.93;79480.62
2026-09-07 08:15:00;79466.34;79522.87;79453.92;79466.13
2026-09-07 08:00:00;79397.83;79509.9;79397.83;79466.34
2026-09-07 07:45:00;79284;79410.89;79284;79397.83
2026-09-07 07:30:00;79424.33;79522.89;79001.1;79284
2026-09-07 07:15:00;79618.82;79629.99;79404.71;79424.32
2026-09-07 07:00:00;79659.28;79691.06;79588;79618.82
2026-09-07 06:45:00;79680;79682;79659.27;79659.27
2026-09-07 06:30:00;79717.44;79739.98;79644.55;79680
2026-09-07 06:15:00;79812.77;79813.06;79702;79717.44
2026-09-07 06:00:00;79759.47;79825.7;79748.84;79812.77
2026-09-07 05:45:00;79865.11;79865.48;79759.46;79759.47
2026-09-07 05:30:00;79856;79869.63;79808.89;79865.1
2026-09-07 05:15:00;79778.91;79926.04;79768;79855.99
2026-09-07 05:00:00;79724.01;79778.92;79666.79;79778.91
2026-09-07 04:45:00;79680.85;79732.15;79648;79724
2026-09-07 04:30:00;79605.16;79682.49;79540.38;79680.85
2026-09-07 04:15:00;79683.95;79693.88;79605.15;79605.15
2026-09-07 04:00:00;79596.38;79683.96;79554.85;79683.95
2026-09-07 03:45:00;79631.88;79687.04;79568.6;79596.39
2026-09-07 03:30:00;79729.42;79769.99;79587.08;79631.88
2026-09-07 03:15:00;79792.79;79836.63;79727.77;79729.42
2026-09-07 03:00:00;79874.25;79986.02;79768.18;79792.78
2026-09-07 02:45:00;80264;80280;79827.89;79874.24
2026-09-07 02:30:00;80032.01;80426;80003.74;80264
2026-09-07 02:15:00;79837.04;80041.61;79837.03;80032.01
2026-09-07 02:00:00;79926.14;79939.17;79800;79837.03
2026-09-07 01:45:00;79854.46;79986.47;79826.28;79926.14
2026-09-07 01:30:00;79918.57;79992;79829.68;79854.46
2026-09-07 01:15:00;79958.55;80014.07;79856.15;79918.56
2026-09-07 01:00:00;80160.01;80243.81;79947.27;79958.55
2026-09-07 00:45:00;80150;80198.21;80059.11;80160.01
2026-09-07 00:30:00;80199.89;80272;80103.9;80150.01
2026-09-07 00:15:00;80328.01;80336;80061.9;80199.89
2026-09-07 00:00:00;80341.83;80443.99;80230.29;80328
2026-09-06 23:45:00;80383.25;80559.99;80298.58;80341.83
2026-09-06 23:30:00;80121.99;80487.49;80121.99;80383.25
2026-09-06 23:15:00;80191.66;80280;80100;80122
2026-09-06 23:00:00;80055.18;80352.18;80010;80191.67
2026-09-06 22:45:00;79972.97;80093.79;79947.51;80055.17
2026-09-06 22:30:00;79823.99;80015.84;79816.01;79972.98
2026-09-06 22:15:00;79753.25;79837.47;79647.04;79824
2026-09-06 22:00:00;79944.39;79944.8;79676.03;79753.25
2026-09-06 21:45:00;79910.6;80000;79893.68;79944.38
2026-09-06 21:30:00;79907.72;79986.02;79875.24;79910.6
2026-09-06 21:15:00;80003.7;80034;79900;79907.72
2026-09-06 21:00:00;79912;80016;79912;80003.7
2026-09-06 20:45:00;79954;79973.56;79899.35;79912
2026-09-06 20:30:00;79934;79969.83;79916;79953.99
2026-09-06 20:15:00;79809.56;79951.69;79809.56;79934.01
2026-09-06 20:00:00;79830;79830;79776.59;79809.56
2026-09-06 19:45:00;79807.92;79830;79799.52;79829.99
2026-09-06 19:30:00;79850.62;79850.63;79806.62;79807.92
2026-09-06 19:15:00;79867.66;79868;79822.41;79850.63
2026-09-06 19:00:00;79955.34;79955.34;79866.34;79867.66
2026-09-06 18:45:00;79953.07;79959.1;79902.62;79955.34
2026-09-06 18:30:00;79916.46;79970;79916.45;79953.06
2026-09-06 18:15:00;79835.97;79919.63;79826.71;79916.45
2026-09-06 18:00:00;79745.34;79871;79745.34;79835.97
2026-09-06 17:45:00;79748.22;79766;79732;79745.34
2026-09-06 17:30:00;79696.42;79766;79676.59;79748.22
2026-09-06 17:15:00;79626;79773.88;79625.99;79696.42
2026-09-06 17:00:00;79682;79682;79584.73;79626
2026-09-06 16:45:00;79720.24;79722.95;79645.02;79682
2026-09-06 16:30:00;79712.85;79786;79691.28;79720.24
2026-09-06 16:15:00;79698.01;79725;79641.62;79712.85
2026-09-06 16:00:00;79716.51;79734.58;79606.04;79698
2026-09-06 15:45:00;79692;79734.59;79656.22;79716.5
2026-09-06 15:30:00;79635.92;79716;79596.36;79692.01
2026-09-06 15:15:00;79538.51;79662;79538.51;79635.92
2026-09-06 15:00:00;79543.07;79585.95;79383.32;79538.51
2026-09-06 14:45:00;79718.18;79718.18;79528;79543.06
2026-09-06 14:30:00;79671.82;79756.76;79233;79718.18
2026-09-06 14:15:00;79749.99;79796;79591.39;79671.82
2026-09-06 14:00:00;79829.99;79840.25;79744;79750
2026-09-06 13:45:00;79794.23;79845.17;79772.59;79829.98
2026-09-06 13:30:00;79794.07;79857.99;79760.39;79794.23
2026-09-06 13:15:00;79886.01;79886.01;79790.03;79794.07
2026-09-06 13:00:00;79922.04;79968;79874;79886
2026-09-06 12:45:00;79938.02;80000;79920.06;79922.04
2026-09-06 12:30:00;79972.04;80010;79938.01;79938.01
2026-09-06 12:15:00;79930;80004.01;79929.99;79972.04
2026-09-06 12:00:00;79919.17;79942;79858.1;79930
2026-09-06 11:45:00;79953.91;79963.62;79908;79919.17
2026-09-06 11:30:00;79902.77;79971.99;79890;79953.92
2026-09-06 11:15:00;79979.34;79990;79896;79902.77
2026-09-06 11:00:00;80003.92;80003.93;79922.14;79979.33
2026-09-06 10:45:00;80013.02;80020;79978.41;80003.93
2026-09-06 10:30:00;79973.56;80014.65;79968.94;80013.02
2026-09-06 10:15:00;79921.86;79984.12;79921.86;79973.57
2026-09-06 10:00:00;79885.78;79938.01;79885.77;79921.87
2026-09-06 09:45:00;79856.05;79905.1;79848.5;79885.77
2026-09-06 09:30:00;79967.94;79990;79840.25;79856.05
2026-09-06 09:15:00;79927.75;79989.57;79917.11;79967.93
2026-09-06 09:00:00;79837.17;79927.75;79806.01;79927.74
2026-09-06 08:45:00;79779.74;79876;79762;79837.17
2026-09-06 08:30:00;79804;79814.02;79752.7;79779.74
2026-09-06 08:15:00;79873.51;79873.51;79798.09;79804
2026-09-06 08:00:00;79804.68;79889.99;79804.68;79873.5
2026-09-06 07:45:00;79846;79854.44;79805;79805
2026-09-06 07:30:00;79823.23;79865.89;79782.61;79846
2026-09-06 07:15:00;79678.51;79850;79677.66;79823.23
2026-09-06 07:00:00;79784.65;79799.05;79577;79678.51
2026-09-06 06:45:00;79824.25;79824.26;79676.66;79784.65
2026-09-06 06:30:00;79834.46;79847.38;79764.63;79824.25
2026-09-06 06:15:00;79925.12;79925.13;79829.57;79834.46
2026-09-06 06:00:00;79989.12;79989.13;79925.12;79925.12
2026-09-06 05:45:00;80020;80030;79948;79989.13
2026-09-06 05:30:00;79845;80107.99;79845;80020
2026-09-06 05:15:00;79804;79875.99;79796;79845
2026-09-06 05:00:00;79866.01;79900;79794.04;79804
2026-09-06 04:45:00;79912.99;79948;79854;79866.01
2026-09-06 04:30:00;79931.99;79932;79901.58;79913
2026-09-06 04:15:00;79971.14;79986;79877.99;79932
2026-09-06 04:00:00;80028.01;80028.01;79957.03;79971.13
2026-09-06 03:45:00;80107.99;80107.99;80010.32;80028.01
2026-09-06 03:30:00;79899.13;80107.99;79899.13;80107.99
2026-09-06 03:15:00;79937.07;79968.16;79893.86;79899.13
2026-09-06 03:00:00;79907.28;79937.08;79898.83;79937.08
2026-09-06 02:45:00;79878.05;79914.95;79876;79907.28
2026-09-06 02:30:00;79911.46;79952.9;79878.05;79878.05
2026-09-06 02:15:00;79997.86;79997.87;79910;79911.46
2026-09-06 02:00:00;79951.38;80019.11;79896;79997.86
2026-09-06 01:45:00;79981.38;80013.29;79932.44;79951.39
2026-09-06 01:30:00;79922;80067.45;79922;79981.37
2026-09-06 01:15:00;79962;79991.34;79900;79922
2026-09-06 01:00:00;79868.01;79999.48;79868.01;79962.01
2026-09-06 00:45:00;79880;79932.57;79860.84;79868
2026-09-06 00:30:00;79927.37;79940.68;79874;79880.01
2026-09-06 00:15:00;79910.01;79936;79870.14;79927.37
2026-09-06 00:00:00;79831.75;79915.15;79829.98;79910
2026-09-05 23:45:00;79820.67;79912.83;79784;79831.75
2026-09-05 23:30:00;79803.93;79843.96;79706.04;79820.68
2026-09-05 23:15:00;79755.01;79825.27;79748.68;79803.94
2026-09-05 23:00:00;79783.99;79784;79716;79755
2026-09-05 22:45:00;79769.99;79814.67;79749.41;79783.99
2026-09-05 22:30:00;79812;79857.99;79759.46;79769.99
2026-09-05 22:15:00;79930.01;79947.99;79770;79811.99
2026-09-05 22:00:00;79906.02;79939.16;79856.69;79930
2026-09-05 21:45:00;79918.01;79938;79864;79906.02
2026-09-05 21:30:00;79858.13;79930.03;79834.77;79918.01
2026-09-05 21:15:00;79788;79878;79775.15;79858.13
2026-09-05 21:00:00;79737.83;79792.86;79724.87;79788
2026-09-05 20:45:00;79778.91;79793.37;79730.1;79737.83
2026-09-05 20:30:00;79720;79778.92;79694;79778.91
2026-09-05 20:15:00;79737.99;79830;79694;79719.99
2026-09-05 20:00:00;79753.99;79840.25;79720.59;79737.99
2026-09-05 19:45:00;79855.35;79856.41;79712.86;79754
2026-09-05 19:30:00;79962.93;79970.92;79760.83;79855.36
2026-09-05 19:15:00;79940;79985.86;79906;79962.93
2026-09-05 19:00:00;79999.99;79999.99;79928;79940.01
2026-09-05 18:45:00;79965.99;80000;79930;79999.98
2026-09-05 18:30:00;79954.71;80045.11;79936;79965.99
2026-09-05 18:15:00;80001.99;80024;79954.71;79954.71
2026-09-05 18:00:00;80058.6;80078;79974;80001.99
2026-09-05 17:45:00;80043.34;80087.66;80020;80058.6
2026-09-05 17:30:00;80029.3;80134.15;79984.02;80043.33
2026-09-05 17:15:00;80132;80152;79973.85;80029.29
2026-09-05 17:00:00;80041.99;80162.29;80011.32;80131.99
2026-09-05 16:45:00;79936.74;80200;79930;80042
2026-09-05 16:30:00;79891.99;79989.02;79891.98;79936.74
2026-09-05 16:15:00;79784.11;79901.59;79780;79891.99
2026-09-05 16:00:00;79806;79847.46;79754;79784.11
2026-09-05 15:45:00;79751.23;79816;79736;79806.01
2026-09-05 15:30:00;79693.36;79785.43;79693.36;79751.23
2026-09-05 15:15:00;79724.01;79774.86;79678.62;79693.36
2026-09-05 15:00:00;79719.75;79762.79;79702.45;79724.01
2026-09-05 14:45:00;79707.3;79755.94;79707.29;79719.76
2026-09-05 14:30:00;79730.03;79756.32;79697.92;79707.3
2026-09-05 14:15:00;79664.75;79734.49;79664.75;79730.03
2026-09-05 14:00:00;79613.67;79686;79613.67;79664.76
2026-09-05 13:45:00;79654.31;79695.92;79545.96;79613.67
2026-09-05 13:30:00;79754.06;79755.57;79642.44;79654.31
2026-09-05 13:15:00;79721.96;79762;79680.9;79754.06
2026-09-05 13:00:00;79704.13;79721.96;79657.27;79721.96
2026-09-05 12:45:00;79726.91;79765.14;79698.85;79704.14
2026-09-05 12:30:00;79654.97;79774;79612.25;79726.91
2026-09-05 12:15:00;79662.46;79679.99;79654.96;79654.97
2026-09-05 12:00:00;79609.29;79673.99;79609.28;79662.46
2026-09-05 11:45:00;79608.01;79674.33;79608;79609.28
2026-09-05 11:30:00;79623.94;79640.48;79608;79608
2026-09-05 11:15:00;79649.5;79649.5;79620;79623.95
2026-09-05 11:00:00;79618;79673.96;79618;79649.5
2026-09-05 10:45:00;79600;79656.23;79593.92;79618.01
2026-09-05 10:30:00;79615.99;79664;79600;79600.01
2026-09-05 10:15:00;79622;79660;79600.02;79615.99
2026-09-05 10:00:00;79631.29;79636.91;79619.55;79622
2026-09-05 09:45:00;79689.48;79689.48;79612;79631.28
2026-09-05 09:30:00;79697.72;79708.35;79657.34;79689.48
2026-09-05 09:15:00;79719.41;79719.41;79693.15;79697.72
2026-09-05 09:00:00;79650.01;79735.97;79650;79719.41
2026-09-05 08:45:00;79615.29;79667.99;79600;79650
2026-09-05 08:30:00;79639.44;79639.44;79568;79615.3
2026-09-05 08:15:00;79662.01;79727.95;79608.22;79639.43
2026-09-05 08:00:00;79709.96;79709.96;79633.38;79662.01
2026-09-05 07:45:00;79731.17;79763.41;79694.71;79709.96
2026-09-05 07:30:00;79717.58;79749.7;79708.14;79730.74
2026-09-05 07:15:00;79692.44;79717.59;79672.68;79717.58
2026-09-05 07:00:00;79644.01;79698;79639.22;79692.44
2026-09-05 06:45:00;79664;79684.78;79644;79644.01
2026-09-05 06:30:00;79643.03;79715.72;79630;79664
2026-09-05 06:15:00;79626.54;79645.45;79613.4;79643.03
2026-09-05 06:00:00;79577.53;79635.97;79576;79626.54
2026-09-05 05:45:00;79522.01;79600.01;79493.82;79577.53
2026-09-05 05:30:00;79586.04;79594;79522;79522.01
2026-09-05 05:15:00;79558.73;79586.04;79520;79586.04
2026-09-05 05:00:00;79500.01;79558.73;79442;79558.73
2026-09-05 04:45:00;79533.29;79559.88;79500;79500.01
2026-09-05 04:30:00;79558.28;79560.12;79530;79533.28
2026-09-05 04:15:00;79540;79576;79539.99;79558.28
2026-09-05 04:00:00;79581.99;79589.84;79513.29;79539.99
2026-09-05 03:45:00;79622.75;79630.74;79581.57;79582
2026-09-05 03:30:00;79584.01;79630;79584;79622.75
2026-09-05 03:15:00;79545.76;79614;79545.75;79584
2026-09-05 03:00:00;79569.09;79569.09;79510.93;79545.75
2026-09-05 02:45:00;79619.44;79619.45;79538.58;79569.09
2026-09-05 02:30:00;79521.55;79622;79521.55;79619.45
2026-09-05 02:15:00;79564.01;79596.8;79512;79521.56
2026-09-05 02:00:00;79533.34;79578;79472.22;79564
2026-09-05 01:45:00;79635.74;79664;79533.34;79533.34
2026-09-05 01:30:00;79693.99;79710;79610;79635.74
2026-09-05 01:15:00;79626.02;79700;79604;79693.99
2026-09-05 01:00:00;79573.37;79682.05;79550.75;79626.03
2026-09-05 00:45:00;79627.21;79649.23;79562;79573.36
2026-09-05 00:30:00;79652.72;79699.68;79624;79627.21
2026-09-05 00:15:00;79672.68;79672.68;79600;79652.71
2026-09-05 00:00:00;79660.77;79721.57;79616.58;79672.68
2026-09-04 23:45:00;79668.02;79668.02;79617.16;79660.77
2026-09-04 23:30:00;79736.02;79736.03;79668.01;79668.01
2026-09-04 23:15:00;79611.12;79758;79611.11;79736.03
2026-09-04 23:00:00;79636.09;79650;79600.89;79611.11
2026-09-04 22:45:00;79662;79679.87;79622.58;79636.09
2026-09-04 22:30:00;79706;79716;79662;79662.01
2026-09-04 22:15:00;79692.56;79713.88;79604;79706
2026-09-04 22:00:00;79624;79692.56;79624;79692.56
2026-09-04 21:45:00;79762.27;79800;79512;79624
2026-09-04 21:30:00;79772.56;79819.3;79746.74;79762.26
2026-09-04 21:15:00;79769.6;79811.98;79736.01;79772.57
2026-09-04 21:00:00;79697.03;79789.98;79697.03;79769.59
2026-09-04 20:45:00;79724.02;79769.25;79667.99;79697.04
2026-09-04 20:30:00;79759.46;79777.53;79700;79724.01
2026-09-04 20:15:00;79815.59;79837.98;79747.76;79759.46
2026-09-04 20:00:00;79793.35;79862.15;79768.28;79815.59
2026-09-04 19:45:00;79682.73;79810;79642;79793.34
2026-09-04 19:30:00;79808.23;79808.23;79636.95;79682.72
2026-09-04 19:15:00;79705.99;79819.99;79691.65;79808.23
2026-09-04 19:00:00;79618.15;79728;79618.14;79706
2026-09-04 18:45:00;79638;79655.86;79594.9;79618.15
2026-09-04 18:30:00;79534.56;79650;79534.56;79638.01
2026-09-04 18:15:00;79527.55;79614;79527.54;79534.55
2026-09-04 18:00:00;79472.22;79592;79472.22;79527.54
2026-09-04 17:45:00;79479.46;79518;79383;79472.22
2026-09-04 17:30:00;79511.59;79582;79439.21;79479.45
2026-09-04 17:15:00;79616.01;79648.98;79511.58;79511.59
2026-09-04 17:00:00;79745.72;79752.92;79616;79616
2026-09-04 16:45:00;79852.96;79877.07;79730.47;79745.73
2026-09-04 16:30:00;79549.35;79862.46;79543.3;79852.96
2026-09-04 16:15:00;79454;79586.09;79440;79549.34
2026-09-04 16:00:00;79429.33;79530.43;79378.19;79454
2026-09-04 15:45:00;79520.96;79555.32;79388.97;79429.33
2026-09-04 15:30:00;79413.03;79543.47;79361.18;79520.97
2026-09-04 15:15:00;79198.84;79436.3;79172;79413.03
2026-09-04 15:00:00;78915.71;79199;78800;79198.84
2026-09-04 14:45:00;79036.05;79144;78660;78915.71
2026-09-04 14:30:00;79378.59;79470;78868.58;79036.05
2026-09-04 14:15:00;79414;79508.95;79080.55;79378.58
2026-09-04 14:00:00;79378.66;79572;79250;79414.01
2026-09-04 13:45:00;79401.99;79704;79237.54;79378.67
2026-09-04 13:30:00;79312;79545.15;79000;79401.99
2026-09-04 13:15:00;79233.99;79492.84;79205.9;79312
2026-09-04 13:00:00;79453.95;79583.97;79189;79233.99
2026-09-04 12:45:00;79686;79690.78;79177.77;79453.96
2026-09-04 12:30:00;81340;81340;79414;79686
2026-09-04 12:15:00;81250.38;81350;81130;81340
2026-09-04 12:00:00;81224.86;81273.99;81138;81250.38
2026-09-04 11:45:00;81247.99;81351.56;81208;81224.86
2026-09-04 11:30:00;81336.2;81336.2;81200;81247.99
2026-09-04 11:15:00;81187.14;81423.03;81134;81336.21
2026-09-04 11:00:00;81179.64;81229.3;81080.01;81187.15
2026-09-04 10:45:00;81069.84;81194;81028;81179.63
2026-09-04 10:30:00;80961.18;81116.9;80906.26;81069.83
2026-09-04 10:15:00;80964;80976;80831.14;80961.18
2026-09-04 10:00:00;81056.63;81124;80887.28;80963.99
2026-09-04 09:45:00;81169.09;81223.97;81031.96;81056.63
2026-09-04 09:30:00;81037.66;81224.76;80984;81169.09
2026-09-04 09:15:00;81091.16;81310;80934.24;81037.65
2026-09-04 09:00:00;81147.16;81230;81081.94;81091.16
2026-09-04 08:45:00;81048.29;81237;81000;81147.16
2026-09-04 08:30:00;80982.57;81154.4;80974;81048.29
2026-09-04 08:15:00;80773.96;80997.36;80773.96;80982.57
2026-09-04 08:00:00;80656.86;80773.97;80502.87;80773.96
2026-09-04 07:45:00;80769.92;80785.36;80641.65;80656.87
2026-09-04 07:30:00;80862.05;80905.06;80744;80769.91
2026-09-04 07:15:00;80938.01;80964.76;80846;80862.05
2026-09-04 07:00:00;80797.4;80966.75;80789.61;80938.02
2026-09-04 06:45:00;80847.84;80859.05;80700.02;80797.39
2026-09-04 06:30:00;80725.37;80856.36;80573.21;80847.84
2026-09-04 06:15:00;81018.27;81036;80700;80725.38
2026-09-04 06:00:00;80996.15;81090;80910;81018.28
2026-09-04 05:45:00;80986;81060;80863.03;80996.15
2026-09-04 05:30:00;81024.16;81024.16;80905.05;80985.99
2026-09-04 05:15:00;80980.01;81143.3;80951;81024.32
2026-09-04 05:00:00;81070.54;81079.69;80974.45;80980.01
2026-09-04 04:45:00;81039.3;81142;81028.31;81070.54
2026-09-04 04:30:00;81267.65;81275.58;81019;81039.29
2026-09-04 04:15:00;80973.99;81288;80962.12;81267.64
2026-09-04 04:00:00;80850.01;80973.99;80820;80973.99
2026-09-04 03:45:00;80873.7;80969.84;80850;80850
2026-09-04 03:30:00;80842;80887.18;80806;80873.69
2026-09-04 03:15:00;80931.78;80947.99;80842;80842.01
2026-09-04 03:00:00;80832;81021.8;80831.99;80931.78
2026-09-04 02:45:00;80744.01;80831.99;80669.45;80831.99
2026-09-04 02:30:00;80716.64;80846.25;80686;80744.01
2026-09-04 02:15:00;80799.51;80871.16;80685;80716.65
2026-09-04 02:00:00;80968.01;80968.01;80777.98;80799.5
2026-09-04 01:45:00;80785.01;81031.63;80774.39;80968.01
2026-09-04 01:30:00;80827.08;80931.4;80759.52;80785
2026-09-04 01:15:00;80944.19;81022;80786.44;80827.07
2026-09-04 01:00:00;80972.11;81097.92;80906.43;80944.19
2026-09-04 00:45:00;81224;81240;80960;80972.12
2026-09-04 00:30:00;81148;81427.75;81126;81224
2026-09-04 00:15:00;81244;81349.1;81148.01;81148.01
2026-09-04 00:00:00;81270.37;81270.38;81084;81244
2026-09-03 23:45:00;81234.01;81328.76;81181.95;81270.37
2026-09-03 23:30:00;81281.99;81338;81126;81234
2026-09-03 23:15:00;81172.01;81282;81160;81281.99
2026-09-03 23:00:00;81140;81213.01;81078;81172.02
2026-09-03 22:45:00;81194.94;81272;81064.04;81140
2026-09-03 22:30:00;81131.81;81239.6;80905.05;81194.93
2026-09-03 22:15:00;81378.35;81399.39;81124.51;81131.82
2026-09-03 22:00:00;81590;81604.65;81260.99;81378.35
2026-09-03 21:45:00;81522.54;81748;81416;81590
2026-09-03 21:30:00;81762;82300;81522.54;81522.54
2026-09-03 21:15:00;81598.01;81777.75;81506.55;81762
2026-09-03 21:00:00;81473;81620.67;81288;81598.01
2026-09-03 20:45:00;81470.01;81576.02;81416.01;81473
2026-09-03 20:30:00;81535.57;81632;81407.81;81470.01
2026-09-03 20:15:00;81412.3;81595.95;81392.74;81535.58
2026-09-03 20:00:00;81755.41;81780;81401.99;81412.3
2026-09-03 19:45:00;81540;81790;81460.92;81755.41
2026-09-03 19:30:00;81546.71;81613.57;81377.69;81540
2026-09-03 19:15:00;81200;81606.96;81177.69;81546.71
2026-09-03 19:00:00;81254.31;81640;81171.98;81199.99
2026-09-03 18:45:00;80979.5;81263.63;80963.24;81254.32
2026-09-03 18:30:00;80948.01;81046;80904;80979.49
2026-09-03 18:15:00;81259.55;81281.07;80948;80948
2026-09-03 18:00:00;81042;81333.33;81019.57;81259.55
2026-09-03 17:45:00;81078.58;81188.17;81006;81042
2026-09-03 17:30:00;80997.24;81165;80997.23;81078.58
2026-09-03 17:15:00;81109.5;81145.88;80932;80997.23
2026-09-03 17:00:00;80969.37;81112.06;80886;81109.5
2026-09-03 16:45:00;80801.01;81035.99;80777.03;80969.37
2026-09-03 16:30:00;80765.96;80942.4;80765.61;80801.01
2026-09-03 16:15:00;80944.5;80952.49;80613.52;80765.96
2026-09-03 16:00:00;81348;81360;80782.69;80944.5
2026-09-03 15:45:00;80861.2;81370.33;80731.18;81348
2026-09-03 15:30:00;80743.76;81000;80690;80861.2
2026-09-03 15:15:00;80557.83;80782.53;80465.54;80743.75
2026-09-03 15:00:00;80549.97;80966.63;80354.65;80557.84
2026-09-03 14:45:00;79764.71;80561;79760.45;80549.97
2026-09-03 14:30:00;79664;79875;79599.99;79764.72
2026-09-03 14:15:00;78990;79678.77;78988.66;79664.01
2026-09-03 14:00:00;78840.52;79000;78704;78990
2026-09-03 13:45:00;78896.01;79000;78729.78;78840.52
2026-09-03 13:30:00;78494.84;78926;78458.36;78896.01
2026-09-03 13:15:00;78548.61;78600;78450.25;78494.83
2026-09-03 13:00:00;78652.37;78712;78516;78548.6
2026-09-03 12:45:00;78307.99;78782.75;78239.77;78652.38
2026-09-03 12:30:00;77970.09;78446.54;77970.09;78308
2026-09-03 12:15:00;78085.01;78142.01;77948.96;77970.09
2026-09-03 12:00:00;77948.39;78100;77896.07;78085
2026-09-03 11:45:00;77929.91;78004.94;77884;77948.39
2026-09-03 11:30:00;77927.21;77982;77838.01;77929.91
2026-09-03 11:15:00;77822.89;77959.03;77822.88;77927.21
2026-09-03 11:00:00;77735.88;77822.89;77709.52;77822.89
2026-09-03 10:45:00;77508.65;77773.26;77502.33;77735.88
2026-09-03 10:30:00;77630.97;77650.59;77478;77508.66
2026-09-03 10:15:00;77562.9;77708;77528.73;77630.96
2026-09-03 10:00:00;77615.25;77680.8;77540;77562.89
2026-09-03 09:45:00;77724.36;77783.57;77608;77615.24
2026-09-03 09:30:00;77742.66;77779.89;77660.63;77724.36
2026-09-03 09:15:00;77874.36;77913.76;77742.66;77742.67
2026-09-03 09:00:00;77843.34;77975.46;77807.99;77874.35
2026-09-03 08:45:00;77882.77;77910.93;77766;77843.34
2026-09-03 08:30:00;77979.14;77993.46;77872.33;77882.78
2026-09-03 08:15:00;77928;77979.14;77826.18;77979.13
2026-09-03 08:00:00;77663.14;78066;77663.14;77928
2026-09-03 07:45:00;77900.01;77938.9;77600;77663.15
2026-09-03 07:30:00;77954.02;78070;77862.05;77900
2026-09-03 07:15:00;78061.83;78061.84;77887.13;77954.01
2026-09-03 07:00:00;77835.2;78183.91;77812;78061.84
2026-09-03 06:45:00;77828.66;77852;77770.4;77835.19
2026-09-03 06:30:00;77748.46;77828.67;77724;77828.67
2026-09-03 06:15:00;77709.85;77790;77706.27;77748.46
2026-09-03 06:00:00;77809.91;77856.16;77698.75;77709.85
2026-09-03 05:45:00;77486.73;77829.8;77407.43;77809.91
2026-09-03 05:30:00;77200.01;77514;77172.11;77486.74
2026-09-03 05:15:00;77636.34;77648;77101.01;77200.01
2026-09-03 05:00:00;77775.99;77824;77608;77636.35
2026-09-03 04:45:00;77557.56;77792.24;77557.55;77776
2026-09-03 04:30:00;77576.15;77623.66;77547.16;77557.55
2026-09-03 04:15:00;77644.26;77658;77550;77576.15
2026-09-03 04:00:00;77708.01;77833.1;77618.5;77644.27
2026-09-03 03:45:00;77670.54;77741.99;77642.09;77708
2026-09-03 03:30:00;77750.01;77776;77647.93;77670.53
2026-09-03 03:15:00;77834.01;77880;77718.91;77750
2026-09-03 03:00:00;77816.02;77860;77704.88;77834
2026-09-03 02:45:00;77772.25;77873.08;77734.85;77816.01
2026-09-03 02:30:00;77598.66;77900;77558;77772.25
2026-09-03 02:15:00;77487.99;77617.64;77432.09;77598.67
2026-09-03 02:00:00;77356.69;77488;77238.89;77488
2026-09-03 01:45:00;77350.47;77468;77295.05;77356.7
2026-09-03 01:30:00;77438;77546.8;77324;77350.47
2026-09-03 01:15:00;77417.63;77442.86;77288.41;77438
2026-09-03 01:00:00;77068;77428;76968;77417.64
2026-09-03 00:45:00;77109.48;77138;77032.83;77068.01
2026-09-03 00:30:00;77035.88;77134.37;76980.01;77109.48
2026-09-03 00:15:00;77171.5;77171.51;77035.87;77035.87
2026-09-03 00:00:00;77340.01;77394;77171.5;77171.51
2026-09-02 23:45:00;77145.99;77372.62;77145.99;77340.01
2026-09-02 23:30:00;77195.09;77258;77112.28;77145.99
2026-09-02 23:15:00;77221.82;77221.82;77142;77195.08
2026-09-02 23:00:00;77034.03;77221.82;77007.36;77221.82
2026-09-02 22:45:00;77124.29;77124.29;77032.76;77034.03
2026-09-02 22:30:00;77024.52;77157.58;77024.52;77124.28
2026-09-02 22:15:00;77158.8;77171.51;77023.11;77024.53
2026-09-02 22:00:00;77284.01;77284.01;77076;77158.8
2026-09-02 21:45:00;77426.68;77426.69;77268.4;77284
2026-09-02 21:30:00;77283.49;77431.78;77242;77426.69
2026-09-02 21:15:00;77328.01;77332.76;77243;77283.48
2026-09-02 21:00:00;77406;77406.01;77316;77328
2026-09-02 20:45:00;77369.99;77474.62;77300;77406.01
2026-09-02 20:30:00;77382.35;77481.41;77320;77369.99
2026-09-02 20:15:00;77364.34;77464.18;77207.47;77382.36
2026-09-02 20:00:00;77341.48;77520;77287.02;77364.33
2026-09-02 19:45:00;77230.12;77354.08;77152;77341.47
2026-09-02 19:30:00;77168.66;77249.55;77124;77230.12
2026-09-02 19:15:00;77391.77;77416;77168.66;77168.66
2026-09-02 19:00:00;77377.76;77401.88;77328;77391.78
2026-09-02 18:45:00;77314.01;77413.8;77296.52;77377.76
2026-09-02 18:30:00;77447.28;77454.78;77298;77314
2026-09-02 18:15:00;77411.85;77524;77382;77447.28
2026-09-02 18:00:00;77381.65;77442.85;77326.05;77411.84
2026-09-02 17:45:00;77308.91;77406;77308.91;77381.66
2026-09-02 17:30:00;77099.99;77308.91;77083.76;77308.9
2026-09-02 17:15:00;77128.83;77162.12;76950.56;77100
2026-09-02 17:00:00;77171.51;77246;77066.42;77128.83
2026-09-02 16:45:00;77264.29;77330;77171.5;77171.5
2026-09-02 16:30:00;77464.03;77567.42;77264.28;77264.28
2026-09-02 16:15:00;77356.01;77582;77332.66;77464.02
2026-09-02 16:00:00;77288.97;77396;77210;77356.01
2026-09-02 15:45:00;77369.78;77372;77140;77288.98
2026-09-02 15:30:00;77039.91;77386;76994.01;77369.78
2026-09-02 15:15:00;76819.99;77147.7;76816.87;77039.92
2026-09-02 15:00:00;77066.42;77182;76748.01;76819.99
2026-09-02 14:45:00;77324.97;77334.2;77066.42;77066.42
2026-09-02 14:30:00;77336.52;77396.97;77110;77324.96
2026-09-02 14:15:00;77346.83;77490;77232.28;77336.51
2026-09-02 14:00:00;77146;77346.84;77010.24;77346.83
2026-09-02 13:45:00;77381.66;77443.61;76996;77146
2026-09-02 13:30:00;76881.12;77400.56;76625;77381.65
2026-09-02 13:15:00;76744.01;76960.02;76712;76881.11
2026-09-02 13:00:00;76613.87;76881.23;76613.87;76744.02
2026-09-02 12:45:00;76822.55;76825.18;76611.67;76613.88
2026-09-02 12:30:00;76988.49;76991.83;76800;76822.56
2026-09-02 12:15:00;76827.99;77049.4;76772;76988.5
2026-09-02 12:00:00;76828.75;76841.9;76677.76;76827.99
2026-09-02 11:45:00;76646.1;76848.73;76600;76828.76
2026-09-02 11:30:00;76502;76738.98;76488;76646.1
2026-09-02 11:15:00;76727.47;76758;76356;76502
2026-09-02 11:00:00;76680.88;76727.47;76519.99;76727.46
2026-09-02 10:45:00;76605.98;76695.4;76264;76680.88
2026-09-02 10:30:00;76571.8;76610;76478;76605.99
2026-09-02 10:15:00;76640;76703.12;76571.8;76571.8
2026-09-02 10:00:00;76752.26;76753.83;76569.56;76640.01
2026-09-02 09:45:00;76563.52;76760;76484.64;76752.26
2026-09-02 09:30:00;76891.96;76897.98;76517.24;76563.51
2026-09-02 09:15:00;76945.13;76968;76600;76891.96
2026-09-02 09:00:00;76854.11;77049.4;76852.88;76945.13
2026-09-02 08:45:00;76970.88;77046.93;76746.81;76854.11
2026-09-02 08:30:00;77248.02;77248.02;76945.35;76970.87
2026-09-02 08:15:00;77417.58;77475.14;77248.01;77248.01
2026-09-02 08:00:00;77473.86;77546;77381.65;77417.57
2026-09-02 07:45:00;77560;77599.76;77473.84;77473.85
2026-09-02 07:30:00;77598.01;77631.58;77560;77560.01
2026-09-02 07:15:00;77670.99;77696.81;77594;77598
2026-09-02 07:00:00;77611.53;77765.99;77594;77671
2026-09-02 06:45:00;77614.01;77620.01;77500;77611.54
2026-09-02 06:30:00;77545.94;77683.47;77462;77614
2026-09-02 06:15:00;77581.73;77666.9;77545.93;77545.93
2026-09-02 06:00:00;77651.08;77724;77576.51;77581.73
2026-09-02 05:45:00;77704.68;77756.51;77567.8;77651.07
2026-09-02 05:30:00;77744.78;77749.24;77672.1;77704.68
2026-09-02 05:15:00;77600.02;77761.93;77600.02;77744.78
2026-09-02 05:00:00;77561.82;77600.02;77438;77600.02
2026-09-02 04:45:00;77589.31;77612.84;77537.31;77561.82
2026-09-02 04:30:00;77431.27;77591.82;77431.27;77589.32
2026-09-02 04:15:00;77376.38;77446.64;77294.56;77431.27
2026-09-02 04:00:00;77563.5;77563.5;77359.99;77376.39
2026-09-02 03:45:00;77552;77640;77508.02;77563.5
2026-09-02 03:30:00;77660.56;77660.56;77514;77552
2026-09-02 03:15:00;77512;77792;77494;77660.56
2026-09-02 03:00:00;77329.2;77600;77314.51;77512
2026-09-02 02:45:00;77225.99;77329.2;77204;77329.2
2026-09-02 02:30:00;77325.47;77325.47;77171.51;77226
2026-09-02 02:15:00;77088.39;77343.74;77080.73;77325.48
2026-09-02 02:00:00;77020.67;77210;76948.97;77088.4
2026-09-02 01:45:00;76886.93;77044;76718.48;77020.68
2026-09-02 01:30:00;77150.01;77188;76848;76886.93
2026-09-02 01:15:00;77351.46;77351.46;77150;77150
2026-09-02 01:00:00;77213.24;77372;77154.37;77351.46
2026-09-02 00:45:00;77229.31;77273.41;77182.79;77213.25
2026-09-02 00:30:00;77262.91;77338.22;77132;77229.31
2026-09-02 00:15:00;77397.02;77462;77255.86;77262.9
2026-09-02 00:00:00;77439.01;77512;77358;77397.03
2026-09-01 23:45:00;77537.5;77638.18;77418;77439
2026-09-01 23:30:00;77396.83;77591.82;77383.99;77537.5
2026-09-01 23:15:00;77262;77396.84;77262;77396.84
2026-09-01 23:00:00;77274.02;77320;77218;77262.01
2026-09-01 22:45:00;77151.44;77364.01;77151.43;77274.02
2026-09-01 22:30:00;77072.01;77189.23;77030;77151.43
2026-09-01 22:15:00;77295.35;77295.35;77072;77072
2026-09-01 22:00:00;77211.32;77312;77188;77295.35
2026-09-01 21:45:00;77146.1;77272.72;77135;77211.32
2026-09-01 21:30:00;77188.69;77225.73;77035.12;77146.1
2026-09-01 21:15:00;77114.43;77268;76920.36;77188.68
2026-09-01 21:00:00;77448.46;77516.3;77068.24;77114.44
2026-09-01 20:45:00;77386.72;77469.01;77349.66;77448.45
2026-09-01 20:30:00;77400;77471.9;77340.36;77386.72
2026-09-01 20:15:00;77425.99;77469.87;77325.12;77400
2026-09-01 20:00:00;77312;77425.99;77236.48;77425.99
2026-09-01 19:45:00;77309.79;77332;77200;77312
2026-09-01 19:30:00;77362.45;77385.53;77298;77309.79
2026-09-01 19:15:00;77204.16;77466.55;77138;77362.45
2026-09-01 19:00:00;77153.89;77306.22;77112;77204.16
2026-09-01 18:45:00;76577;77157.52;76420;77153.9
2026-09-01 18:30:00;77057.21;77122;76577;76577.01
2026-09-01 18:15:00;77224.16;77248;76737;77057.21
2026-09-01 18:00:00;77265.79;77319.64;77141.09;77224.15
2026-09-01 17:45:00;77520;77520.01;77241.12;77265.79
2026-09-01 17:30:00;77513.93;77721.26;77508.33;77520
2026-09-01 17:15:00;77523.04;77620;77416.83;77513.92
2026-09-01 17:00:00;77596.01;77652;77504.73;77523.04
2026-09-01 16:45:00;77443.01;77652;77430.57;77596.01
2026-09-01 16:30:00;77623.12;77623.13;77318;77443.01
2026-09-01 16:15:00;77668.89;77746.61;77468;77623.13
2026-09-01 16:00:00;77919.07;77976;77647.45;77668.9
2026-09-01 15:45:00;78018.44;78104;77918.96;77919.06
2026-09-01 15:30:00;77869.22;78023.12;77811.73;78018.45
2026-09-01 15:15:00;77826.24;77886;77762.11;77869.21
2026-09-01 15:00:00;78168;78169.69;77727.61;77826.25
2026-09-01 14:45:00;78400;78424;78144;78167.99
2026-09-01 14:30:00;78262.14;78405;78232.36;78399.99
2026-09-01 14:15:00;78269.1;78411.8;78147.16;78262.15
2026-09-01 14:00:00;78072;78420;78052;78269.11
2026-09-01 13:45:00;77924.01;78202;77858.43;78071.99
2026-09-01 13:30:00;77888.39;78038.8;77510;77924
2026-09-01 13:15:00;77818.9;77897.69;77732;77888.39
2026-09-01 13:00:00;78004.01;78016.01;77515.07;77818.91
2026-09-01 12:45:00;77970.52;78074.68;77928.48;78004
2026-09-01 12:30:00;77994;77994.01;77742.01;77970.53
2026-09-01 12:15:00;78032;78100.96;77913.86;77994.01
2026-09-01 12:00:00;78098.96;78156;77954;78031.99
2026-09-01 11:45:00;78106.54;78198.65;78056.72;78098.97
2026-09-01 11:30:00;78009.12;78202.52;77958;78106.55
2026-09-01 11:15:00;77989.14;78023.86;77890;78009.12
2026-09-01 11:00:00;78029.67;78054;77922.79;77989.14
2026-09-01 10:45:00;78136.01;78174.29;77987.49;78029.67
2026-09-01 10:30:00;78005.85;78196;78005.84;78136.01
2026-09-01 10:15:00;77881.88;78048;77758.69;78005.85
2026-09-01 10:00:00;77915;77999.16;77806;77881.88
2026-09-01 09:45:00;78062.23;78062.24;77910;77915
2026-09-01 09:30:00;77931.3;78062.24;77852.04;78062.24
2026-09-01 09:15:00;77827.27;77977.61;77804.07;77931.29
2026-09-01 09:00:00;77883.28;77928.22;77786.18;77827.28
2026-09-01 08:45:00;77979.87;78040;77820;77883.28
2026-09-01 08:30:00;77887.99;78052.64;77835.77;77979.87
2026-09-01 08:15:00;78309.99;78338.5;77870.5;77888
2026-09-01 08:00:00;78632.37;78658.01;78272.72;78309.99
2026-09-01 07:45:00;78622.71;78686;78594;78632.37
2026-09-01 07:30:00;78781.5;78796;78500;78622.71
2026-09-01 07:15:00;78724.46;78797.53;78707.42;78781.5
2026-09-01 07:00:00;78745.39;78806;78718.6;78724.46
2026-09-01 06:45:00;78878;78886.45;78745.38;78745.39
2026-09-01 06:30:00;78897.64;78950.34;78865.44;78878
2026-09-01 06:15:00;79030.64;79030.64;78821.67;78897.64
2026-09-01 06:00:00;79179.99;79179.99;78974;79030.64
2026-09-01 05:45:00;79167.5;79220.61;79091.96;79179.99
2026-09-01 05:30:00;78993.19;79177.18;78968.78;79167.51
2026-09-01 05:15:00;78858.76;79000;78792;78993.19
2026-09-01 05:00:00;78727.11;78970.82;78727.11;78858.76
2026-09-01 04:45:00;78720.01;78778;78683.88;78727.11
2026-09-01 04:30:00;78829.53;78853.45;78708.07;78720.01
2026-09-01 04:15:00;78672.6;78915.09;78672.59;78829.54
2026-09-01 04:00:00;78679.01;78800;78653.96;78672.6
2026-09-01 03:45:00;78792.9;78794;78670.95;78679.01
2026-09-01 03:30:00;78477.87;78874;78477.87;78792.91
2026-09-01 03:15:00;78430.86;78506.01;78400.18;78477.87
2026-09-01 03:00:00;78449.99;78500;78406.29;78430.86
2026-09-01 02:45:00;78362;78457.55;78340.91;78449.99
2026-09-01 02:30:00;78215.99;78407.28;78215.99;78362
2026-09-01 02:15:00;78293.99;78329.62;78200.01;78215.99
2026-09-01 02:00:00;78410.62;78410.62;78189.93;78293.99
2026-09-01 01:45:00;78575.99;78576;78388;78410.62
2026-09-01 01:30:00;78421.38;78585.01;78375.83;78575.99
2026-09-01 01:15:00;78545.83;78643.46;78412.7;78421.38
2026-09-01 01:00:00;78652;78797.99;78530;78545.83
2026-09-01 00:45:00;78707.97;78808;78584;78652
2026-09-01 00:30:00;78872.73;78891.93;78678;78707.98
2026-09-01 00:15:00;78754.73;78900.01;78742.42;78872.73
2026-09-01 00:00:00;78581.3;78796.51;78562;78754.74
2026-08-31 23:45:00;78559.42;78582;78550.3;78581.29
2026-08-31 23:30:00;78580.57;78586;78504.6;78559.41
2026-08-31 23:15:00;78457.57;78593.61;78457.56;78580.57
2026-08-31 23:00:00;78593.15;78593.16;78405.01;78457.56
2026-08-31 22:45:00;78665.37;78665.37;78579.3;78593.15
2026-08-31 22:30:00;78761.91;78769;78654.72;78665.36
2026-08-31 22:15:00;78894.01;78894.01;78746.56;78761.92
2026-08-31 22:00:00;78964.33;79015.83;78894;78894
2026-08-31 21:45:00;79054;79071.12;78958;78964.32
2026-08-31 21:30:00;78960.39;79066.32;78960.39;79054
2026-08-31 21:15:00;78838;78964;78817.01;78960.38
2026-08-31 21:00:00;78864.73;78890.87;78732.22;78838
2026-08-31 20:45:00;78883.69;78920.21;78832;78864.72
2026-08-31 20:30:00;78923.07;78950;78784.32;78883.68
2026-08-31 20:15:00;78960.51;79172;78923.07;78923.08
2026-08-31 20:00:00;78898.06;78966;78864;78960.51
2026-08-31 19:45:00;78981.99;79100;78851.93;78898.06
2026-08-31 19:30:00;79090.01;79140;78930;78981.99
2026-08-31 19:15:00;79188.08;79188.08;79025;79090.01
2026-08-31 19:00:00;79016.01;79250;79016;79188.08
2026-08-31 18:45:00;79188.08;79188.08;78992.49;79016
2026-08-31 18:30:00;78908;79212;78885.59;79188.07
2026-08-31 18:15:00;78956.92;79087.38;78844.03;78908
2026-08-31 18:00:00;78897.35;78956.93;78779.24;78956.93
2026-08-31 17:45:00;78911.34;78960;78840.68;78897.36
2026-08-31 17:30:00;78534.25;79019.86;78534.25;78911.33
2026-08-31 17:15:00;78737.23;78743.52;78494;78534.26
2026-08-31 17:00:00;78639.57;78808;78616;78737.22
2026-08-31 16:45:00;78726;78884.48;78638;78639.57
2026-08-31 16:30:00;78647.2;78766;78581.45;78726
2026-08-31 16:15:00;78675.98;78752;78524;78647.2
2026-08-31 16:00:00;78580.43;78794.94;78530.45;78675.99
2026-08-31 15:45:00;78718.01;78770.51;78542;78580.42
2026-08-31 15:30:00;78462.94;78777.9;78408;78718
2026-08-31 15:15:00;78325.59;78543.56;78212.3;78462.94
2026-08-31 15:00:00;78601.93;78695.4;78317.46;78325.59
2026-08-31 14:45:00;78517.18;78657.51;78378;78600.14
2026-08-31 14:30:00;78030.08;78686.94;77970;78517.19
2026-08-31 14:15:00;77902.01;78080;77746.6;78030.08
2026-08-31 14:00:00;77867.39;78072.65;77806;77902.01
2026-08-31 13:45:00;78000.01;78060;77716.75;77867.39
2026-08-31 13:30:00;78055.65;78282;77838;78000
2026-08-31 13:15:00;78086.55;78086.56;77892.52;78055.64
2026-08-31 13:00:00;77930.4;78200;77930.4;78086.55
2026-08-31 12:45:00;77885.55;77930.4;77776.48;77930.39
2026-08-31 12:30:00;78092;78158.2;77675.04;77885.56
2026-08-31 12:15:00;78410;78482;78060;78092.01
2026-08-31 12:00:00;78315.43;78543.86;78276;78410.01
2026-08-31 11:45:00;78387.86;78419.86;78302;78315.43
2026-08-31 11:30:00;78480.09;78482.97;78356.43;78387.85
2026-08-31 11:15:00;78623.71;78640.01;78472;78480.08
2026-08-31 11:00:00;78710.02;78710.02;78567.1;78623.71
2026-08-31 10:45:00;78534.1;78732;78510.01;78710.01
2026-08-31 10:30:00;78438.16;78547.38;78376;78534.1
2026-08-31 10:15:00;78519.99;78520;78402;78438.16
2026-08-31 10:00:00;78511.03;78525.39;78316.91;78519.99
2026-08-31 09:45:00;78699.25;78800;78511.02;78511.03
2026-08-31 09:30:00;78652.07;78715.96;78597.21;78699.26
2026-08-31 09:15:00;78652.01;78799.78;78596.01;78652.06
2026-08-31 09:00:00;78480.79;78802;78396.35;78652
2026-08-31 08:45:00;78323.99;78521.89;78320;78480.8
2026-08-31 08:30:00;78094;78464;78077.44;78324
2026-08-31 08:15:00;78157.59;78157.6;77982;78094
2026-08-31 08:00:00;78196.01;78348.88;78048;78157.6
2026-08-31 07:45:00;78270.72;78289.86;78194;78196.01
2026-08-31 07:30:00;78213;78290;78128;78270.72
2026-08-31 07:15:00;78127.91;78322.56;78127.9;78213.01
2026-08-31 07:00:00;78093.88;78170;78034.01;78127.9
2026-08-31 06:45:00;78084.01;78123.8;78011.74;78093.87
2026-08-31 06:30:00;78007.99;78156.77;77924;78084
2026-08-31 06:15:00;78023.13;78122;77972;78007.99
2026-08-31 06:00:00;78016.01;78079.18;77864.16;78023.13
2026-08-31 05:45:00;77974.01;78062.88;77949.01;78016
2026-08-31 05:30:00;77998.83;78061.99;77872.66;77974.02
2026-08-31 05:15:00;77762;78156.78;77758.01;77998.84
2026-08-31 05:00:00;77622.29;77800;77514;77762
2026-08-31 04:45:00;77568;77651.86;77471.99;77622.28
2026-08-31 04:30:00;77514;77583.01;77458.83;77568
2026-08-31 04:15:00;77590.42;77604.28;77492.03;77514.01
2026-08-31 04:00:00;77756.7;77769.11;77572.25;77590.42
2026-08-31 03:45:00;77818.31;77872;77752;77756.71
2026-08-31 03:30:00;77731.1;77838;77676;77818.31
2026-08-31 03:15:00;77658;77756.5;77590.01;77731.11
2026-08-31 03:00:00;77474;77691.56;77394;77658.01
2026-08-31 02:45:00;77716.42;77764;77392;77473.99
2026-08-31 02:30:00;77875.05;77931.78;77716.41;77716.42
2026-08-31 02:15:00;77952.81;77954;77824;77875.05
2026-08-31 02:00:00;77640.93;78000;77526.01;77952.8
2026-08-31 01:45:00;77749.99;77854;77622;77640.94
2026-08-31 01:30:00;77775.27;77953.99;77654;77750
2026-08-31 01:15:00;77660.17;77851.41;77578;77775.26
2026-08-31 01:00:00;77937.03;77993.03;77565.08;77660.16
2026-08-31 00:45:00;78032.02;78034.01;77922;77937.04
2026-08-31 00:30:00;77901.34;78185.89;77892;78032.01
2026-08-31 00:15:00;77754.71;77971.47;77720.88;77901.33
2026-08-31 00:00:00;77682;77827.99;77436.4;77754.7
2026-08-30 23:45:00;77476.78;77734.61;77000;77682
2026-08-30 23:30:00;77678.1;77882.16;77350;77476.77
2026-08-30 23:15:00;78366.16;78404;77646.28;77678.09
2026-08-30 23:00:00;78422.01;78454;78311.6;78366.16
2026-08-30 22:45:00;78460;78508;78380;78422.01
2026-08-30 22:30:00;78382.11;78540;78280;78460.01
2026-08-30 22:15:00;78571.28;78571.28;78304.47;78382.11
2026-08-30 22:00:00;78653;78804;78530;78571.28
2026-08-30 21:45:00;78635.87;78690;78550.47;78653
2026-08-30 21:30:00;78644;78733.77;78602;78635.87
2026-08-30 21:15:00;78503.59;78667.87;78476;78644
2026-08-30 21:00:00;78597.32;78597.33;78229.82;78503.59
2026-08-30 20:45:00;78476;78742.31;78476;78597.33
2026-08-30 20:30:00;78842;78887.02;78438.23;78475.99
2026-08-30 20:15:00;78864.02;78931.49;78842;78842
2026-08-30 20:00:00;78856.39;78918.01;78838.02;78864.01
2026-08-30 19:45:00;78794;78871.46;78721.98;78856.39
2026-08-30 19:30:00;78917.24;78944;78778;78794
2026-08-30 19:15:00;79035.58;79038.09;78912.3;78917.24
2026-08-30 19:00:00;79036.68;79041.96;78942;79035.59
2026-08-30 18:45:00;79088.55;79088.56;79020;79036.69
2026-08-30 18:30:00;79009.61;79181.99;79009.61;79088.56
2026-08-30 18:15:00;78839.3;79009.61;78839.29;79009.61
2026-08-30 18:00:00;79021.02;79074;78776;78839.29
2026-08-30 17:45:00;79044.81;79080.01;78962.83;79021.02
2026-08-30 17:30:00;78940.61;79060;78882;79044.82
2026-08-30 17:15:00;79178.49;79178.49;78774.85;78940.62
2026-08-30 17:00:00;79337.93;79337.93;79137.35;79178.49
2026-08-30 16:45:00;79204;79400;79144;79337.93
2026-08-30 16:30:00;79043.78;79266.85;79014.92;79204
2026-08-30 16:15:00;79124;79250;79012;79043.77
2026-08-30 16:00:00;78823.62;79187.5;78750;79124
2026-08-30 15:45:00;78860;78912.94;78790.79;78823.63
2026-08-30 15:30:00;78791.67;78860;78787.3;78859.99
2026-08-30 15:15:00;78665.64;78841.58;78626;78791.68
2026-08-30 15:00:00;78783.7;78876.11;78646.88;78665.63
2026-08-30 14:45:00;78761.96;78825.6;78724;78783.71
2026-08-30 14:30:00;78868.75;78935.71;78722;78761.96
2026-08-30 14:15:00;78929.02;78939.2;78800;78868.74
2026-08-30 14:00:00;78860.01;78945.94;78778;78929.01
2026-08-30 13:45:00;78790.93;78966.76;78790.92;78860
2026-08-30 13:30:00;78729.89;78821.59;78680;78790.92
2026-08-30 13:15:00;78633.86;78729.9;78590.14;78729.9
2026-08-30 13:00:00;78785.06;78826;78625.54;78633.85
2026-08-30 12:45:00;78658.01;78785.54;78590.04;78785.06
2026-08-30 12:30:00;78627.99;78850.81;78550;78658.01
2026-08-30 12:15:00;78660;78660;78496.69;78627.99
2026-08-30 12:00:00;78165.99;78725.98;78165.99;78660
2026-08-30 11:45:00;78190.9;78190.9;78117.11;78166
2026-08-30 11:30:00;78219.99;78242;78153.18;78190.9
2026-08-30 11:15:00;78167.76;78220;78153.18;78220
2026-08-30 11:00:00;78145.29;78198.26;78144.18;78167.75
2026-08-30 10:45:00;78112.51;78145.29;78112.5;78145.29
2026-08-30 10:30:00;78050.01;78122.12;78050;78112.5
2026-08-30 10:15:00;78017.51;78122.44;77998;78050
2026-08-30 10:00:00;78000.01;78072.01;77962.49;78017.51
2026-08-30 09:45:00;78035.02;78060;78000;78000.01
2026-08-30 09:30:00;77991.65;78052.76;77989.03;78035.03
2026-08-30 09:15:00;78099.99;78118.87;77986;77991.65
2026-08-30 09:00:00;78074.01;78100;78074.01;78100
2026-08-30 08:45:00;78061.99;78086;78034;78074.01
2026-08-30 08:30:00;78154.09;78154.1;78040;78062
2026-08-30 08:15:00;78148.06;78207.22;78148.06;78154.09
2026-08-30 08:00:00;78118;78195.57;78118;78148.07
2026-08-30 07:45:00;78146.01;78162;78118;78118
2026-08-30 07:30:00;78230.01;78230.01;78146;78146.01
2026-08-30 07:15:00;78256.01;78256.01;78230;78230
2026-08-30 07:00:00;78280.34;78291.27;78256;78256.01
2026-08-30 06:45:00;78245.91;78310.71;78233.67;78280.34
2026-08-30 06:30:00;78177.41;78298.59;78177.41;78245.91
2026-08-30 06:15:00;78123.33;78194;78123.32;78177.41
2026-08-30 06:00:00;78127.72;78146;78106.07;78123.32
2026-08-30 05:45:00;78126.23;78135.28;78121.81;78127.71
2026-08-30 05:30:00;78140;78140;78122;78126.23
2026-08-30 05:15:00;78146;78146.01;78136.78;78140
2026-08-30 05:00:00;78109.74;78214;78109.74;78146.01
2026-08-30 04:45:00;78021.63;78109.75;77990;78109.75
2026-08-30 04:30:00;78122.03;78122.04;78020.06;78021.62
2026-08-30 04:15:00;78157.22;78173.04;78093.01;78122.04
2026-08-30 04:00:00;78144.68;78220;78144.68;78157.21
2026-08-30 03:45:00;78190.44;78191.37;78144.68;78144.68
2026-08-30 03:30:00;78168;78233.7;78146.22;78190.43
2026-08-30 03:15:00;78084.93;78168;78065.99;78168
2026-08-30 03:00:00;78106;78127.85;78066.46;78084.93
2026-08-30 02:45:00;78102.45;78178.02;78090.57;78106.01
2026-08-30 02:30:00;78042.49;78121.9;78014.74;78102.45
2026-08-30 02:15:00;78086.32;78087.92;78018.06;78042.5
2026-08-30 02:00:00;78081.49;78129.98;78066.64;78086.33
2026-08-30 01:45:00;78061.65;78131.99;78044.9;78081.5
2026-08-30 01:30:00;78016.17;78069.97;77994.02;78061.66
2026-08-30 01:15:00;78072.01;78072.01;77995.81;78016.17
2026-08-30 01:00:00;78179.86;78190;78070;78072.01
2026-08-30 00:45:00;78209.29;78251.93;78179.85;78179.86
2026-08-30 00:30:00;78216.52;78299.79;78194.24;78209.3
2026-08-30 00:15:00;78177.5;78330;78177.49;78216.52
2026-08-30 00:00:00;78230;78238.22;78147.17;78177.5
2026-08-29 23:45:00;78218.49;78282.53;78218.49;78230
2026-08-29 23:30:00;78261.44;78283.7;78218.48;78218.49
2026-08-29 23:15:00;78241.67;78265.27;78190;78261.43
2026-08-29 23:00:00;78228.33;78250;78200.58;78241.68
2026-08-29 22:45:00;78180;78239.4;78179.99;78228.34
2026-08-29 22:30:00;78146.79;78184.92;78134.99;78180
2026-08-29 22:15:00;78137.38;78158;78086;78146.78
2026-08-29 22:00:00;78161.62;78220;78110;78137.37
2026-08-29 21:45:00;78098.97;78198;78098.54;78161.63
2026-08-29 21:30:00;78107.61;78119.53;78070;78098.96
2026-08-29 21:15:00;78154.92;78175.01;78102;78107.61
2026-08-29 21:00:00;78129.92;78188.65;78062;78154.91
2026-08-29 20:45:00;78137.63;78153.22;78117.95;78129.92
2026-08-29 20:30:00;78182;78182;78117.95;78137.64
2026-08-29 20:15:00;78227.99;78263.51;78182;78182.01
2026-08-29 20:00:00;78181.99;78298;78170.72;78227.99
2026-08-29 19:45:00;78252.3;78260;78138.87;78182
2026-08-29 19:30:00;78240.9;78260.44;78193.59;78252.29
2026-08-29 19:15:00;78309.15;78330;78240.87;78240.9
2026-08-29 19:00:00;78158.01;78309.16;78158;78309.16
2026-08-29 18:45:00;78145.99;78250;78145.99;78158.01
2026-08-29 18:30:00;78053.27;78212.81;78018.02;78145.99
2026-08-29 18:15:00;78072.89;78099.4;78028.08;78053.27
2026-08-29 18:00:00;78099.99;78158;78069.31;78072.89
2026-08-29 17:45:00;78020;78100;77990.05;78100
2026-08-29 17:30:00;77990.78;78029.66;77896;78020
2026-08-29 17:15:00;78048.43;78100;77989.52;77990.77
2026-08-29 17:00:00;78027.17;78086.81;78019.65;78048.43
2026-08-29 16:45:00;78018;78099.99;78000;78027.17
2026-08-29 16:30:00;77946;78027.02;77894.01;78018
2026-08-29 16:15:00;77988;78130.43;77914;77946
2026-08-29 16:00:00;77865.36;77988;77858.29;77987.99
2026-08-29 15:45:00;77834.74;77936.85;77806.9;77865.36
2026-08-29 15:30:00;77903.84;77903.84;77811.04;77834.73
2026-08-29 15:15:00;77935.92;77989.8;77864;77903.95
2026-08-29 15:00:00;78014.37;78014.37;77857.93;77935.92
2026-08-29 14:45:00;77926;78150;77926;78014.37
2026-08-29 14:30:00;77694.52;78034.4;77687.38;77926.01
2026-08-29 14:15:00;77686.7;77756.4;77671.87;77694.52
2026-08-29 14:00:00;77704.32;77722;77663.83;77686.7
2026-08-29 13:45:00;77662.01;77720.96;77658;77704.32
2026-08-29 13:30:00;77659.14;77714;77640;77662
2026-08-29 13:15:00;77658.54;77722;77642.34;77659.14
2026-08-29 13:00:00;77583.74;77668;77559.45;77658.54
2026-08-29 12:45:00;77575.05;77596;77554;77583.74
2026-08-29 12:30:00;77583.99;77600;77506.63;77575.05
2026-08-29 12:15:00;77596.59;77657.99;77538;77584
2026-08-29 12:00:00;77584.66;77612;77567.49;77596.58
2026-08-29 11:45:00;77643;77668;77573.32;77584.67
2026-08-29 11:30:00;77700;77702;77643;77643.01
2026-08-29 11:15:00;77720;77724.99;77679.53;77700.01
2026-08-29 11:00:00;77635.17;77720;77627.03;77720
2026-08-29 10:45:00;77688.48;77732;77635.16;77635.17
2026-08-29 10:30:00;77671.5;77724.55;77671.47;77688.47
2026-08-29 10:15:00;77581.67;77720;77581.66;77671.51
2026-08-29 10:00:00;77650.02;77650.03;77526;77581.67
2026-08-29 09:45:00;77661.85;77674;77650.02;77650.03
2026-08-29 09:30:00;77626.49;77754.23;77626.49;77661.84
2026-08-29 09:15:00;77644;77664.28;77612.07;77626.5
2026-08-29 09:00:00;77634;77679.58;77566.01;77644
2026-08-29 08:45:00;77580;77634;77538;77633.99
2026-08-29 08:30:00;77589.76;77590.03;77514.04;77580
2026-08-29 08:15:00;77525.99;77593.06;77516.58;77589.75
2026-08-29 08:00:00;77626.01;77626.01;77487.73;77525.99
2026-08-29 07:45:00;77655.15;77672;77625.63;77626.01
2026-08-29 07:30:00;77524.73;77660.04;77514.41;77655.14
2026-08-29 07:15:00;77466.65;77530.6;77450.34;77524.73
2026-08-29 07:00:00;77466.83;77536.68;77438.01;77466.65
2026-08-29 06:45:00;77446.13;77475.84;77427.24;77466.82
2026-08-29 06:30:00;77409.86;77491.16;77409.86;77446.12
2026-08-29 06:15:00;77478.61;77516.78;77382.37;77409.86
2026-08-29 06:00:00;77632.52;77632.53;77478.61;77478.62
2026-08-29 05:45:00;77688.35;77694;77604.06;77632.53
2026-08-29 05:30:00;77660.01;77714;77634.71;77688.35
2026-08-29 05:15:00;77701.36;77702.6;77634.47;77660.01
2026-08-29 05:00:00;77648.91;77716.12;77624.81;77701.35
2026-08-29 04:45:00;77620.49;77678.67;77613.9;77648.91
2026-08-29 04:30:00;77602.46;77646.6;77590.27;77620.49
2026-08-29 04:15:00;77583.76;77615.13;77583.75;77602.46
2026-08-29 04:00:00;77507.17;77597.2;77507.17;77583.76
2026-08-29 03:45:00;77622.72;77622.72;77507.16;77507.17
2026-08-29 03:30:00;77684.45;77707.09;77580.01;77622.73
2026-08-29 03:15:00;77680.97;77715.56;77634.81;77684.45
2026-08-29 03:00:00;77671.18;77731.43;77671.18;77680.96
2026-08-29 02:45:00;77618.04;77717.78;77618.04;77671.18
2026-08-29 02:30:00;77629.43;77677.78;77596;77618.04
2026-08-29 02:15:00;77748.01;77748.01;77584.53;77629.44
2026-08-29 02:00:00;77794.11;77829.72;77748;77748.01
2026-08-29 01:45:00;77828.39;77849.29;77759.14;77794.11
2026-08-29 01:30:00;77789.49;77832.67;77758.1;77828.38
2026-08-29 01:15:00;77637.65;77789.5;77637.65;77789.49
2026-08-29 01:00:00;77733.63;77733.63;77631.28;77637.65
2026-08-29 00:45:00;77788.72;77818.12;77722;77733.63
2026-08-29 00:30:00;77903.86;77903.86;77772.07;77788.72
2026-08-29 00:15:00;77818.24;77963.92;77818.24;77903.85
2026-08-29 00:00:00;77845.88;77895.94;77776;77818.24
2026-08-28 23:45:00;77696.07;77846.72;77640.74;77845.87
2026-08-28 23:30:00;77684.41;77720.07;77666.02;77696.07
2026-08-28 23:15:00;77774.76;77774.78;77666.45;77684.41
2026-08-28 23:00:00;77758.69;77807.18;77678.76;77774.76
2026-08-28 22:45:00;77738.73;77773.2;77686;77758.69
2026-08-28 22:30:00;77572.99;77746;77565.24;77738.72
2026-08-28 22:15:00;77448.8;77594.48;77403.33;77573
2026-08-28 22:00:00;77364;77454.5;77342;77448.8
2026-08-28 21:45:00;77476;77476;77255.69;77364
2026-08-28 21:30:00;77412.9;77537.33;77412.86;77476
2026-08-28 21:15:00;77405.15;77432;77325.37;77412.9
2026-08-28 21:00:00;77407.34;77437.74;77328.44;77405.15
2026-08-28 20:45:00;77402.01;77470;77346;77407.34
2026-08-28 20:30:00;77510.71;77510.71;77310.24;77402.01
2026-08-28 20:15:00;77562.71;77562.71;77406.41;77510.72
2026-08-28 20:00:00;77580.03;77609.83;77480;77562.7
2026-08-28 19:45:00;77536.79;77595.6;77376;77580.03
2026-08-28 19:30:00;77705.07;77708.48;77536.79;77536.79
2026-08-28 19:15:00;77678.17;77797.35;77633.28;77705.07
2026-08-28 19:00:00;77554;77742;77522;77678.18
2026-08-28 18:45:00;77408.14;77554;77270;77554
2026-08-28 18:30:00;77592.01;77621.61;77332.21;77408.13
2026-08-28 18:15:00;77744;77793.27;77500.01;77592
2026-08-28 18:00:00;77904;77935.5;77742;77744
2026-08-28 17:45:00;77783.58;77986;77783.57;77904
2026-08-28 17:30:00;77940.01;77997.4;77698;77783.58
2026-08-28 17:15:00;78000;78131.86;77832;77940.01
2026-08-28 17:00:00;77788.45;78000;77642.78;78000
2026-08-28 16:45:00;77800.03;77993.15;77778;77788.46
2026-08-28 16:30:00;77530.5;77965.6;77512;77800.03
2026-08-28 16:15:00;77825.73;77856;76888;77530.5
2026-08-28 16:00:00;78331.13;78404;77816.57;77825.73
2026-08-28 15:45:00;78789.09;78908.97;78312.64;78331.13
2026-08-28 15:30:00;79334;79346;78774.42;78789.09
2026-08-28 15:15:00;79306.13;79512;79236.92;79334
2026-08-28 15:00:00;79542.44;79838.73;79290;79306.13
2026-08-28 14:45:00;79416.88;79599.26;79100;79542.44
2026-08-28 14:30:00;78946.07;79703.11;78848;79416.87
2026-08-28 14:15:00;78626;79030.9;78512;78946.08
2026-08-28 14:00:00;79330.34;79706.64;78423.03;78626
2026-08-28 13:45:00;79087.99;79635.01;79072.56;79330.75
2026-08-28 13:30:00;79199.21;79356.08;79034.56;79088
2026-08-28 13:15:00;79371.28;79375.24;79070;79199.22
2026-08-28 13:00:00;79421.04;79477.67;79288;79371.28
2026-08-28 12:45:00;79416.88;79440;79356.07;79421.05
2026-08-28 12:30:00;79526;79532.52;79306.11;79416.88
2026-08-28 12:15:00;79535.73;79727.36;79526;79526
2026-08-28 12:00:00;79604.12;79672.77;79512.34;79535.73
2026-08-28 11:45:00;79626.03;79644.88;79560.12;79604.13
2026-08-28 11:30:00;79668.83;79745.2;79582.9;79626.03
2026-08-28 11:15:00;79694;79770.29;79650;79668.83
2026-08-28 11:00:00;79565.9;79720.36;79555.22;79694
2026-08-28 10:45:00;79328.75;79571.99;79316.17;79565.89
2026-08-28 10:30:00;79303.65;79373.39;79294.57;79328.76
2026-08-28 10:15:00;79220.49;79308.39;79152;79303.65
2026-08-28 10:00:00;79285.19;79308.01;79001.01;79220.48
2026-08-28 09:45:00;79277.81;79350;79273.78;79285.19
2026-08-28 09:30:00;79377.34;79445;79276;79277.82
2026-08-28 09:15:00;79382.86;79460.41;79377.33;79377.34
2026-08-28 09:00:00;79516.77;79516.78;79259.43;79382.86
2026-08-28 08:45:00;79716.48;79724.53;79480;79516.78
2026-08-28 08:30:00;79788.73;79819.45;79716.48;79716.48
2026-08-28 08:15:00;79738.51;79835.81;79738.51;79788.72
2026-08-28 08:00:00;79660;79840;79659.99;79738.52
2026-08-28 07:45:00;79578.15;79675.61;79575.27;79660
2026-08-28 07:30:00;79805.27;79805.28;79573.36;79578.15
2026-08-28 07:15:00;79687.62;79813.74;79678;79805.27
2026-08-28 07:00:00;79904.21;79904.21;79662.13;79687.62
2026-08-28 06:45:00;79861.99;79999;79861.98;79904.21
2026-08-28 06:30:00;79827.14;79874;79800;79861.98
2026-08-28 06:15:00;79903.26;79903.26;79800.45;79827.15
2026-08-28 06:00:00;79686;79903.26;79685.99;79903.26
2026-08-28 05:45:00;79806.23;79872.6;79647.64;79686
2026-08-28 05:30:00;79731.49;79861.46;79703.83;79806.23
2026-08-28 05:15:00;79634;79731.5;79574.38;79731.5
2026-08-28 05:00:00;79643.8;79720.87;79558.11;79634
2026-08-28 04:45:00;79705.26;79744.75;79617.74;79643.81
2026-08-28 04:30:00;79816;79840;79630.05;79705.26
2026-08-28 04:15:00;79844.68;79970.5;79816;79816.01
2026-08-28 04:00:00;79810.48;79844.69;79603.81;79844.69
2026-08-28 03:45:00;79814.56;79863.04;79778.66;79810.49
2026-08-28 03:30:00;79910.01;79991.32;79812;79814.57
2026-08-28 03:15:00;79876;80060.01;79874;79910
2026-08-28 03:00:00;79926.11;79974;79775.61;79876
2026-08-28 02:45:00;80038;80038;79723.02;79926.11
2026-08-28 02:30:00;79917.88;80153.48;79822.4;80037.99
2026-08-28 02:15:00;80235.83;80293.92;79917.88;79917.89
2026-08-28 02:00:00;80500.38;80500.38;80229.04;80235.83
2026-08-28 01:45:00;80844.03;80884;80434.15;80500.38
2026-08-28 01:30:00;81130.97;81478.87;80810.81;80844.03
2026-08-28 01:15:00;80754.45;81175.94;80692;81130.98
2026-08-28 01:00:00;80575.99;80876.04;80575.99;80754.45
2026-08-28 00:45:00;80418.22;80705.37;80349.1;80576
2026-08-28 00:30:00;80421.58;80500;80358.61;80418.23
2026-08-28 00:15:00;80216.59;80460.52;80216.58;80421.58
2026-08-28 00:00:00;80249.59;80270;80153.99;80216.59
2026-08-27 23:45:00;80262.06;80315.25;80192.08;80249.58
2026-08-27 23:30:00;80321.95;80327.04;80248;80262.06
2026-08-27 23:15:00;80167.02;80393.6;80134;80321.96
2026-08-27 23:00:00;80303.21;80312.86;80150;80167.03
2026-08-27 22:45:00;80284.03;80303.22;80218;80303.21
2026-08-27 22:30:00;80238.71;80289.61;80150;80284.04
2026-08-27 22:15:00;80250.11;80432.36;80204.33;80238.71
2026-08-27 22:00:00;80184;80321.04;80183.99;80250.1
2026-08-27 21:45:00;80024;80184;80008.01;80184
2026-08-27 21:30:00;80034.19;80126;79975.74;80023.99
2026-08-27 21:15:00;80097.55;80129.9;79992;80034.19
2026-08-27 21:00:00;80096;80155.99;80018;80097.55
2026-08-27 20:45:00;80020.01;80096;79966.05;80096
2026-08-27 20:30:00;79988.03;80051.75;79978;80020.02
2026-08-27 20:15:00;79957.21;80120;79952.01;79988.02
2026-08-27 20:00:00;79910.19;80051.68;79882.86;79957.2
2026-08-27 19:45:00;80007.61;80051.4;79886;79910.19
2026-08-27 19:30:00;80177.04;80226;79980;80007.6
2026-08-27 19:15:00;80163.26;80232;80042.41;80177.03
2026-08-27 19:00:00;80150.69;80294.11;80115.45;80163.26
2026-08-27 18:45:00;79964.06;80159.11;79910;80150.69
2026-08-27 18:30:00;79911.99;80014.81;79826.9;79964.07
2026-08-27 18:15:00;80076.76;80194;79749.7;79912
2026-08-27 18:00:00;80442.47;80442.47;79982.38;80076.76
2026-08-27 17:45:00;80484;80566.39;80432;80442.46
2026-08-27 17:30:00;80713.59;80806.76;80462;80484
2026-08-27 17:15:00;80623.71;80848.74;80593.58;80713.59
2026-08-27 17:00:00;80374;80662;80230;80623.72
2026-08-27 16:45:00;80572.01;80603.36;80350;80374
2026-08-27 16:30:00;80412;80624;80268;80572
2026-08-27 16:15:00;80408;80533.99;80392;80412
2026-08-27 16:00:00;80302.32;80536;80189.39;80408
2026-08-27 15:45:00;80491.78;80508.09;80299.14;80302.32
2026-08-27 15:30:00;80600;80608;80342.1;80491.78
2026-08-27 15:15:00;80677.09;80729.99;80397.23;80600
2026-08-27 15:00:00;80204.06;80799.91;80094;80677.08
2026-08-27 14:45:00;80365.09;80365.09;80004.47;80204.05
2026-08-27 14:30:00;79911.45;80388;79804;80365.08
2026-08-27 14:15:00;79457.23;79911.45;79395.29;79911.45
2026-08-27 14:00:00;79533.16;79799.99;79354.47;79457.22
2026-08-27 13:45:00;79236.24;79568;78920;79533.15
2026-08-27 13:30:00;79352.63;79364;79090.27;79236.23
2026-08-27 13:15:00;79362.5;79486;79300.14;79352.62
2026-08-27 13:00:00;79282.31;79377.99;79269.52;79362.46
2026-08-27 12:45:00;79273.62;79355.92;79266;79282.31
2026-08-27 12:30:00;79551;79551;79268.77;79273.63
2026-08-27 12:15:00;79498.01;79596;79394;79551
2026-08-27 12:00:00;79477.66;79555.98;79378;79498.01
2026-08-27 11:45:00;79438.5;79500;79172.65;79477.67
2026-08-27 11:30:00;79524;79562.38;79390;79438.51
2026-08-27 11:15:00;79753.99;79766.3;79496;79523.99
2026-08-27 11:00:00;79625.99;79754;79553.23;79754
2026-08-27 10:45:00;79609.11;79626;79496;79626
2026-08-27 10:30:00;79664.56;79676;79368.5;79609.1
2026-08-27 10:15:00;79932.76;80020;79342;79664.56
2026-08-27 10:00:00;79986;80158.15;79806.17;79932.76
2026-08-27 09:45:00;80253.57;80277;79919.6;79986
2026-08-27 09:30:00;80493.87;80520;80199.53;80253.57
2026-08-27 09:15:00;79877.27;80497.76;79787.58;80493.86
2026-08-27 09:00:00;79756;79884.54;79683.09;79877.28
2026-08-27 08:45:00;79917.32;80022;79700;79755.99
2026-08-27 08:30:00;79749.99;79995.85;79718;79917.32
2026-08-27 08:15:00;79635.94;79749.99;79442.55;79749.99
2026-08-27 08:00:00;79082.18;79875;79048;79635.93
2026-08-27 07:45:00;78838;79095.99;78838;79082.17
2026-08-27 07:30:00;78795.45;78877.93;78795.44;78838
2026-08-27 07:15:00;78832.41;78841.33;78754;78795.45
2026-08-27 07:00:00;78817.5;78861.46;78768.87;78832.42
2026-08-27 06:45:00;78749.99;78842.38;78749.99;78817.49
2026-08-27 06:30:00;78651.85;78794;78651.84;78750
2026-08-27 06:15:00;78677.77;78796;78604.78;78651.85
2026-08-27 06:00:00;78912.54;78912.55;78651.73;78677.77
2026-08-27 05:45:00;78715.88;78928;78707.95;78912.55
2026-08-27 05:30:00;78662.52;78800;78600;78715.87
2026-08-27 05:15:00;78650.01;78804;78629.75;78662.52
2026-08-27 05:00:00;78783.99;78784;78650;78650.01
2026-08-27 04:45:00;78814;78820;78708.95;78783.99
2026-08-27 04:30:00;78785.06;78814;78684.18;78813.99
2026-08-27 04:15:00;78862.46;78900;78785.05;78785.06
2026-08-27 04:00:00;78830.68;78888.69;78800;78862.47
2026-08-27 03:45:00;78876.51;78919.97;78775.44;78830.68
2026-08-27 03:30:00;78896;78926;78834.51;78876.5
2026-08-27 03:15:00;78677.34;78990;78643.23;78896.01
2026-08-27 03:00:00;78717.76;78778;78670;78677.34
2026-08-27 02:45:00;78736.64;78791.99;78704.62;78717.76
2026-08-27 02:30:00;78757.22;78800;78712;78736.64
2026-08-27 02:15:00;78884.27;78884.27;78727.42;78757.21
2026-08-27 02:00:00;78898.68;78978;78852;78884.26
2026-08-27 01:45:00;78717.97;79017.99;78708.01;78898.67
2026-08-27 01:30:00;78936.04;78979.76;78717.97;78717.98
2026-08-27 01:15:00;78667.63;78961.48;78546.13;78936.04
2026-08-27 01:00:00;78690.02;78778;78633.3;78667.63
2026-08-27 00:45:00;78897.99;78897.99;78690.01;78690.01
2026-08-27 00:30:00;78902;78907.77;78791.99;78897.99
2026-08-27 00:15:00;78837.5;78940;78819.88;78902
2026-08-27 00:00:00;79023.75;79028.49;78818;78837.5
2026-08-26 23:45:00;79050;79174.12;78999.83;79023.75
2026-08-26 23:30:00;78865.35;79058;78863.65;79049.99
2026-08-26 23:15:00;78708.73;78903.38;78670.7;78865.34
2026-08-26 23:00:00;78700;78752;78654;78708.74
2026-08-26 22:45:00;78687.66;78738;78554;78700
2026-08-26 22:30:00;78821.04;78821.04;78590;78687.67
2026-08-26 22:15:00;78782.97;78975.85;78763.47;78821.05
2026-08-26 22:00:00;78724;78871.15;78680;78782.98
2026-08-26 21:45:00;78714.99;78802.38;78669.61;78724.01
2026-08-26 21:30:00;78750.01;78840.01;78652.15;78714.99
2026-08-26 21:15:00;78794.28;78845.06;78707.99;78750
2026-08-26 21:00:00;78452.04;78800;78392.19;78794.28
2026-08-26 20:45:00;78404.9;78466.16;78388;78452.04
2026-08-26 20:30:00;78396.59;78433.86;78293.85;78404.9
2026-08-26 20:15:00;78420;78459.78;78200;78396.6
2026-08-26 20:00:00;78475.49;78521.7;78400;78420
2026-08-26 19:45:00;78436.57;78546;78436.56;78475.49
2026-08-26 19:30:00;78531.97;78551.65;78384.01;78436.56
2026-08-26 19:15:00;78381.98;78572;78292;78531.97
2026-08-26 19:00:00;78472.41;78514;78381.27;78381.98
2026-08-26 18:45:00;78296.62;78502.91;78293.82;78472.41
2026-08-26 18:30:00;78468;78490;78280.01;78296.62
2026-08-26 18:15:00;78562.52;78601.3;78442.16;78468
2026-08-26 18:00:00;78442.84;78650.26;78402.8;78562.52
2026-08-26 17:45:00;78514.77;78514.81;78368;78442.83
2026-08-26 17:30:00;78512.05;78603;78493.54;78514.76
2026-08-26 17:15:00;78128.9;78512.05;78128.9;78512.05
2026-08-26 17:00:00;77991.29;78128.91;77991.29;78128.91
2026-08-26 16:45:00;77874;78161.73;77874;77991.3
2026-08-26 16:30:00;78060.62;78145.2;77858;77873.99
2026-08-26 16:15:00;78077.51;78130.55;77984;78060.62
2026-08-26 16:00:00;78011.64;78159.99;77976.5;78077.51
2026-08-26 15:45:00;78035.7;78145.79;77974.86;78011.65
2026-08-26 15:30:00;78159.65;78167.26;77918;78035.7
2026-08-26 15:15:00;77836.99;78161.4;77732;78159.64
2026-08-26 15:00:00;77790.48;77957.98;77632.58;77836.99
2026-08-26 14:45:00;77979.86;78041.41;77774;77790.48
2026-08-26 14:30:00;78247.98;78278.02;77935;77979.87
2026-08-26 14:15:00;78455.99;78572;78202.86;78247.99
2026-08-26 14:00:00;78448.66;78603.41;78297.71;78456
2026-08-26 13:45:00;78491.99;78554;78116;78448.66
2026-08-26 13:30:00;78052.01;78495.03;78052;78492
2026-08-26 13:15:00;78120.68;78172.79;77913.19;78052.01
2026-08-26 13:00:00;78319.58;78444;77983.74;78120.67
2026-08-26 12:45:00;78265.99;78448;78206;78319.59
2026-08-26 12:30:00;78713.7;78713.7;77918.25;78265.99
2026-08-26 12:15:00;78400.01;78713.79;78288;78713.71
2026-08-26 12:00:00;78487.26;78562;78359.12;78400.01
2026-08-26 11:45:00;78482.4;78574;78380;78487.26
2026-08-26 11:30:00;78629.78;78629.78;78317;78482.41
2026-08-26 11:15:00;78709.31;78736.57;78617.75;78629.78
2026-08-26 11:00:00;78727.46;78782;78662.44;78709.31
2026-08-26 10:45:00;78722.01;78879.75;78700;78727.45
2026-08-26 10:30:00;78624.13;78808.15;78570.77;78722
2026-08-26 10:15:00;78430.46;78636;78424.4;78624.13
2026-08-26 10:00:00;78444.5;78474;78291.09;78430.46
2026-08-26 09:45:00;78327.11;78492;78244.83;78444.49
2026-08-26 09:30:00;78525.05;78592;78325;78327.12
2026-08-26 09:15:00;78775.31;78775.31;78387.12;78525.05
2026-08-26 09:00:00;78707.59;78877.02;78668.48;78775.3
2026-08-26 08:45:00;78998.97;79011.09;78600;78707.59
2026-08-26 08:30:00;78989.69;79022.44;78896.02;78998.98
2026-08-26 08:15:00;79044.01;79116.3;78914.16;78989.68
2026-08-26 08:00:00;78925.57;79119.37;78828;79044.01
2026-08-26 07:45:00;78997.46;79062;78920;78925.56
2026-08-26 07:30:00;78950;79050.5;78888.88;78997.46
2026-08-26 07:15:00;78987.75;79047.99;78900.92;78950
2026-08-26 07:00:00;78947.92;79096;78867;78987.75
2026-08-26 06:45:00;78935.64;78969.06;78866.37;78947.92
2026-08-26 06:30:00;78898.18;78962;78816;78935.64
2026-08-26 06:15:00;79008;79056;78817.42;78898.18
2026-08-26 06:00:00;79085.98;79206;78970;79008
2026-08-26 05:45:00;79120.09;79120.1;78956.83;79085.98
2026-08-26 05:30:00;79026.23;79143.62;78984.82;79120.1
2026-08-26 05:15:00;78902;79073.33;78752;79026.22
2026-08-26 05:00:00;78826;78952.46;78638;78902
2026-08-26 04:45:00;78965.1;78965.11;78790.68;78826
2026-08-26 04:30:00;79010;79050.08;78892.11;78965.1
2026-08-26 04:15:00;79039.51;79140;78980;79009.99
2026-08-26 04:00:00;79088.61;79200;78968.95;79039.5
2026-08-26 03:45:00;79060.66;79112.21;78950.91;79088.62
2026-08-26 03:30:00;79043.52;79120;78900;79060.66
2026-08-26 03:15:00;79046;79135.22;78993.72;79043.51
2026-08-26 03:00:00;79108.01;79184;79046;79046.01
2026-08-26 02:45:00;79148.2;79194.51;79044.01;79108
2026-08-26 02:30:00;79230.54;79243.86;79124;79148.2
2026-08-26 02:15:00;78782.01;79251.6;78762.08;79230.54
2026-08-26 02:00:00;78815.13;78879.08;78748.56;78782
2026-08-26 01:45:00;78872.35;78872.35;78764.2;78815.13
2026-08-26 01:30:00;78711.96;78960;78711.96;78872.34
2026-08-26 01:15:00;78745.99;78879.88;78693.29;78711.95
2026-08-26 01:00:00;78631.7;78902;78607.29;78746
2026-08-26 00:45:00;78390.62;78721.48;78369.36;78631.79
2026-08-26 00:30:00;78591.99;78668;78367.29;78390.63
2026-08-26 00:15:00;78356;78605.99;78338;78591.98
2026-08-26 00:00:00;78539.13;78625.99;78312;78356
2026-08-25 23:45:00;78591.66;78620.61;78396.88;78539.14
2026-08-25 23:30:00;78734.93;78796;78516.45;78591.66
2026-08-25 23:15:00;78952.91;78966.4;78630.29;78734.93
2026-08-25 23:00:00;78889.51;78977.49;78807.97;78952.92
2026-08-25 22:45:00;78780;78979.57;78777.17;78889.51
2026-08-25 22:30:00;78643.48;78866;78596;78780.01
2026-08-25 22:15:00;78932.43;79000;78606;78643.48
2026-08-25 22:00:00;78569.99;78944;78569.99;78932.43
2026-08-25 21:45:00;78583.99;78664;78542;78570
2026-08-25 21:30:00;78466.47;78654;78380.86;78584
2026-08-25 21:15:00;78286;78480;78208;78466.47
2026-08-25 21:00:00;78206.14;78298;77851;78285.99
2026-08-25 20:45:00;78466;78545.99;78165.27;78206.13
2026-08-25 20:30:00;78772.03;78788;78366;78465.99
2026-08-25 20:15:00;78881.99;78962;78768;78772.03
2026-08-25 20:00:00;78925.96;78976;78668.15;78881.98
2026-08-25 19:45:00;78746.72;78944.79;78737.56;78925.95
2026-08-25 19:30:00;78933.88;78946.42;78728.35;78746.72
2026-08-25 19:15:00;79161.49;79233.57;78909.28;78933.89
2026-08-25 19:00:00;79128.01;79190;79018;79161.49
2026-08-25 18:45:00;79172.02;79236.95;79048.44;79128
2026-08-25 18:30:00;79276;79276.01;79108;79172.02
2026-08-25 18:15:00;79317.56;79332.59;79237.18;79276.01
2026-08-25 18:00:00;79240.02;79380;79217.51;79317.55
2026-08-25 17:45:00;79139.92;79256.08;79139.92;79240.01
2026-08-25 17:30:00;78798;79184.15;78797.99;79139.91
2026-08-25 17:15:00;78966;79020;78752.06;78798
2026-08-25 17:00:00;79156.02;79156.02;78862;78966
2026-08-25 16:45:00;79228.01;79372.08;79092.1;79156.02
2026-08-25 16:30:00;79149.99;79357.99;79145.05;79228
2026-08-25 16:15:00;79168.99;79270;79067.72;79150
2026-08-25 16:00:00;79502.01;79563.71;79158.22;79168.98
2026-08-25 15:45:00;79400.53;79527.09;79263.09;79502.01
2026-08-25 15:30:00;79235.79;79475;79184;79400.54
2026-08-25 15:15:00;79108;79280;79020.04;79235.8
2026-08-25 15:00:00;79236;79360;79060.28;79107.28
2026-08-25 14:45:00;79167.52;79376;79158.36;79235.99
2026-08-25 14:30:00;79211.89;79386.94;79033.01;79167.53
2026-08-25 14:15:00;78995.31;79305.2;78909.15;79211.88
2026-08-25 14:00:00;78648;79050;78531.55;78995.3
2026-08-25 13:45:00;78646.01;78662;78120.74;78647.99
2026-08-25 13:30:00;78648;79222;78604.89;78646.01
2026-08-25 13:15:00;78812;78820;78571.62;78648.01
2026-08-25 13:00:00;78980.01;79078;78720;78812
2026-08-25 12:45:00;78933.32;79090.09;78898.59;78980
2026-08-25 12:30:00;78883.99;79000;78772;78933.31
2026-08-25 12:15:00;79080.83;79083.6;78640;78884
2026-08-25 12:00:00;79118;79171.88;78682;79080.82
2026-08-25 11:45:00;79160.75;79185.65;79044.18;79117.99
2026-08-25 11:30:00;79253.99;79463.59;79160.74;79160.74
2026-08-25 11:15:00;79100.9;79300.15;79064.89;79253.99
2026-08-25 11:00:00;79309.63;79396;79086.52;79100.89
2026-08-25 10:45:00;79320.75;79484.01;79306;79309.63
2026-08-25 10:30:00;79274;79327.77;79235.09;79320.74
2026-08-25 10:15:00;79314;79429.94;79219.96;79274.01
2026-08-25 10:00:00;79187.2;79342;78992;79313.99
2026-08-25 09:45:00;79748.01;79776;78888;79187.2
2026-08-25 09:30:00;79821.99;79940;79748;79748
2026-08-25 09:15:00;79844;79958;79776;79822
2026-08-25 09:00:00;79930.76;79952.06;79704.28;79844.01
2026-08-25 08:45:00;80111.99;80124;79840;79930.77
2026-08-25 08:30:00;80198.4;80228.93;79907.45;80111.99
2026-08-25 08:15:00;79926.07;80249;79926.07;80198.39
2026-08-25 08:00:00;79705.79;79975.67;79622;79926.08
2026-08-25 07:45:00;80513.17;80529.84;79369.17;79705.79
2026-08-25 07:30:00;80670;80697.79;80484;80513.18
2026-08-25 07:15:00;80718;80742.71;80606.31;80670.01
2026-08-25 07:00:00;80574.09;80819.67;80541.67;80718.01
2026-08-25 06:45:00;80532.35;80574.09;80420;80574.09
2026-08-25 06:30:00;80747.66;80748.14;80512.01;80532.34
2026-08-25 06:15:00;80852.19;80923.69;80747.66;80747.66
2026-08-25 06:00:00;80731.9;80860;80683.25;80852.19
2026-08-25 05:45:00;80708.01;80816.23;80640;80731.9
2026-08-25 05:30:00;80641.99;80821.53;80598;80708
2026-08-25 05:15:00;80554;80739.5;80486;80642
2026-08-25 05:00:00;80363.74;80577.62;80322;80554
2026-08-25 04:45:00;80237.25;80363.74;80214.18;80363.73
2026-08-25 04:30:00;80256;80391.14;80150;80237.25
2026-08-25 04:15:00;80496.13;80498.65;80233.62;80256
2026-08-25 04:00:00;80488.01;80608;80266;80496.13
2026-08-25 03:45:00;80592;80674;80314.31;80488.01
2026-08-25 03:30:00;80636.69;80880.17;80544;80592
2026-08-25 03:15:00;80791.98;80820;80508.76;80636.69
2026-08-25 03:00:00;80649.62;80956;80590.67;80791.98
2026-08-25 02:45:00;80827.01;80866;80433.83;80649.63
2026-08-25 02:30:00;81010;81272.62;80776;80827.01
2026-08-25 02:15:00;79868;81090;79826;81010.01
2026-08-25 02:00:00;79828;79930;79742;79867.99
2026-08-25 01:45:00;79700.01;79846;79512;79828
2026-08-25 01:30:00;79823.19;79920;79670.27;79700.01
2026-08-25 01:15:00;79648;79958.33;79478;79823.2
2026-08-25 01:00:00;79739.99;79985.41;79609.84;79648
2026-08-25 00:45:00;79372;79888;79336.91;79739.99
2026-08-25 00:30:00;78800.08;79372;78743.32;79372
2026-08-25 00:15:00;78963.99;78963.99;78715.63;78800.09
2026-08-25 00:00:00;78992.76;79083.49;78900.83;78963.99
2026-08-24 23:45:00;78956.01;79017.76;78823.03;78992.75
2026-08-24 23:30:00;78904.01;78999.82;78867.17;78956.01
2026-08-24 23:15:00;78740.44;78977.38;78739.99;78904
2026-08-24 23:00:00;78740;78822;78622.13;78740.44
2026-08-24 22:45:00;78772;78838;78692;78740
2026-08-24 22:30:00;78774;78926;78740.44;78772.01
2026-08-24 22:15:00;78870;78931.89;78753.43;78773.99
2026-08-24 22:00:00;78984.23;78988;78833.33;78870
2026-08-24 21:45:00;78982;79049.4;78922;78984.23
2026-08-24 21:30:00;78918;79023.72;78918;78982
2026-08-24 21:15:00;79027.19;79036;78853.43;78918
2026-08-24 21:00:00;78932.33;79044;78932.32;79027.19
2026-08-24 20:45:00;78904.53;78942.73;78824;78932.33
2026-08-24 20:30:00;78695.55;78996;78637.95;78904.54
2026-08-24 20:15:00;78686.07;78792;78617.11;78695.56
2026-08-24 20:00:00;78757.99;78820;78560;78686.07
2026-08-24 19:45:00;78885.99;78892;78600;78758
2026-08-24 19:30:00;78875.95;78962.54;78766.53;78886
2026-08-24 19:15:00;79030;79045.99;78621.39;78875.95
2026-08-24 19:00:00;78928.35;79118.42;78783.11;79030
2026-08-24 18:45:00;78968;79080;78862;78928.35
2026-08-24 18:30:00;79014;79084.22;78718.01;78968
2026-08-24 18:15:00;79012;79077.4;78933.86;79013.99
2026-08-24 18:00:00;78761.14;79018;78746.9;79012
2026-08-24 17:45:00;78635.97;78825.99;78561.98;78761.14
2026-08-24 17:30:00;78546;78851.25;78485.13;78635.96
2026-08-24 17:15:00;79103.96;79173.92;78468.61;78546
2026-08-24 17:00:00;79047.61;79198;78601.44;79103.97
2026-08-24 16:45:00;79371.01;79389.97;78901.1;79047.6
2026-08-24 16:30:00;79668;79771.91;79368;79371.01
2026-08-24 16:15:00;79488.01;79877.87;79486;79668
2026-08-24 16:00:00;79100.01;79539.27;79100.01;79488
2026-08-24 15:45:00;79298.3;79552.09;78824.78;79100.01
2026-08-24 15:30:00;79895.87;80000;79016;79298.3
2026-08-24 15:15:00;79548.82;79989;79528;79895.88
2026-08-24 15:00:00;79510.93;79733.58;79364;79548.83
2026-08-24 14:45:00;79662.16;79773.77;79279.5;79510.92
2026-08-24 14:30:00;79391.72;79841.12;79337.16;79662.16
2026-08-24 14:15:00;79202;79651.59;78883.01;79391.73
2026-08-24 14:00:00;78597.99;79243.72;78597.99;79202.01
2026-08-24 13:45:00;78288.4;78622;77851.9;78597.99
2026-08-24 13:30:00;79024;79049.36;78210;78288.4
2026-08-24 13:15:00;79223.02;79238.53;78885.73;79023.99
2026-08-24 13:00:00;79159.98;79450;78961.76;79223.01
2026-08-24 12:45:00;78729.25;79326.48;78724;79159.99
2026-08-24 12:30:00;78460;78882;78380;78729.26
2026-08-24 12:15:00;78154;78517.27;77982;78460.01
2026-08-24 12:00:00;78443.65;78451.69;78110;78154
2026-08-24 11:45:00;78568.7;78600;78090.04;78443.65
2026-08-24 11:30:00;77835.22;78569.99;77822.41;78568.7
2026-08-24 11:15:00;77819.05;77896;77723.07;77835.23
2026-08-24 11:00:00;77617.23;77854;77450;77819.05
2026-08-24 10:45:00;77726.3;77827.79;77534.09;77617.22
2026-08-24 10:30:00;77858.36;78017;77696.03;77726.31
2026-08-24 10:15:00;77846.41;77946.34;77774.94;77858.35
2026-08-24 10:00:00;77554.08;77885.23;77542;77846.42
2026-08-24 09:45:00;77467.96;77602.8;77442.42;77554.08
2026-08-24 09:30:00;77418.79;77510.09;77399.82;77467.96
2026-08-24 09:15:00;77288.25;77420;77217;77418.79
2026-08-24 09:00:00;77041.46;77306.87;77028;77288.25
2026-08-24 08:45:00;77129.96;77145.07;77020.06;77041.47
2026-08-24 08:30:00;76923.67;77129.97;76913.99;77129.97
2026-08-24 08:15:00;77248.97;77248.97;76838;76923.67
2026-08-24 08:00:00;77307.14;77414.88;77206;77248.97
2026-08-24 07:45:00;77344.06;77425.34;77281.68;77307.15
2026-08-24 07:30:00;77593.27;77593.28;77344.06;77344.06
2026-08-24 07:15:00;77759.99;77760;77550;77593.27
2026-08-24 07:00:00;77464.33;77790.19;77464.31;77760
2026-08-24 06:45:00;77351.9;77525.09;77344.01;77464.33
2026-08-24 06:30:00;77360.91;77382.7;77232;77351.9
2026-08-24 06:15:00;77396.01;77470.23;77296.16;77360.91
2026-08-24 06:00:00;77149.39;77435.64;77071;77396.01
2026-08-24 05:45:00;77079.22;77177.33;76992.45;77149.4
2026-08-24 05:30:00;77055.02;77181.72;76842.72;77079.22
2026-08-24 05:15:00;77208.6;77226.93;76946.01;77055.03
2026-08-24 05:00:00;76897.44;77208.6;76844;77208.6
2026-08-24 04:45:00;77098.94;77122.01;76670.01;76897.44
2026-08-24 04:30:00;77208.45;77219.85;77050;77098.94
2026-08-24 04:15:00;77009;77247.12;77009;77208.45
2026-08-24 04:00:00;76933.02;77091.16;76933.02;77009.01
2026-08-24 03:45:00;76987.01;77152;76933;76933.02
2026-08-24 03:30:00;77122.8;77161.36;76964.01;76987.01
2026-08-24 03:15:00;77204.91;77273;77122.8;77122.81
2026-08-24 03:00:00;77478.7;77532.37;77204.87;77204.92
2026-08-24 02:45:00;77453.05;77528.52;77244.42;77478.69
2026-08-24 02:30:00;77447.93;77545.08;77404.83;77453.04
2026-08-24 02:15:00;77372;77509.05;77371.99;77447.93
2026-08-24 02:00:00;76922.11;77420;76883.61;77372
2026-08-24 01:45:00;77213.99;77264;76918;76922.1
2026-08-24 01:30:00;77246;77368;77178.06;77213.99
2026-08-24 01:15:00;77439.29;77464.29;77226.01;77246.01
2026-08-24 01:00:00;77679.51;77717.28;77439.28;77439.29
2026-08-24 00:45:00;77236.04;77679.51;77142.85;77679.5
2026-08-24 00:30:00;77432;77597.84;77219.34;77236.04
2026-08-24 00:15:00;77627.9;77643.88;77268;77432
2026-08-24 00:00:00;77734;77742;77514;77627.9
2026-08-23 23:45:00;77483.99;77793.85;77483.99;77734
2026-08-23 23:30:00;77667.51;77829.7;77400;77483.99
2026-08-23 23:15:00;77470.6;77670;77445.34;77667.51
2026-08-23 23:00:00;77598.87;77622.86;77290.22;77470.6
2026-08-23 22:45:00;77648.01;77704.79;77560.02;77598.88
2026-08-23 22:30:00;77668;77727.16;77600;77648.01
2026-08-23 22:15:00;77703.56;77808;77638;77668
2026-08-23 22:00:00;77833.23;77979;77579.99;77703.56
2026-08-23 21:45:00;77622;77864.26;77621.99;77833.23
2026-08-23 21:30:00;78024.18;78037.99;77545.84;77622
2026-08-23 21:15:00;77697.69;78052.85;77697.69;78024.18
2026-08-23 21:00:00;77401.59;77709.87;77401.59;77697.68
2026-08-23 20:45:00;77428;77434.89;77390.94;77401.6
2026-08-23 20:30:00;77387.2;77460;77385.99;77428.01
2026-08-23 20:15:00;77272;77410.43;77272;77387.19
2026-08-23 20:00:00;77346;77346.01;77200.03;77272
2026-08-23 19:45:00;77443.86;77487.04;77329.27;77346.01
2026-08-23 19:30:00;77355.25;77445.11;77257.99;77443.86
2026-08-23 19:15:00;77322;77396.94;77300.83;77355.24
2026-08-23 19:00:00;77341.99;77411.03;77255.99;77322
2026-08-23 18:45:00;77345.51;77349.77;77261.16;77341.98
2026-08-23 18:30:00;77356.01;77369.91;77311.95;77345.51
2026-08-23 18:15:00;77353.95;77415.33;77275.18;77356.01
2026-08-23 18:00:00;77176.41;77411.07;77116;77353.94
2026-08-23 17:45:00;77245.05;77327.09;77176.41;77176.41
2026-08-23 17:30:00;77250;77314;77161.81;77245.05
2026-08-23 17:15:00;77283.26;77380;77196.18;77250
2026-08-23 17:00:00;77429.87;77443.95;77148.2;77283.26
2026-08-23 16:45:00;77388;77475;77360;77429.88
2026-08-23 16:30:00;77328;77440.42;77318.05;77388
2026-08-23 16:15:00;77277.66;77328;77216.8;77327.99
2026-08-23 16:00:00;77156.14;77303.31;77156.13;77277.66
2026-08-23 15:45:00;77282.01;77282.01;77144;77156.13
2026-08-23 15:30:00;77200;77324.71;77144;77282.01
2026-08-23 15:15:00;77170;77244;76913.49;77199.99
2026-08-23 15:00:00;77186;77336.93;77070.01;77170
2026-08-23 14:45:00;77025.13;77315.01;77025.13;77186
2026-08-23 14:30:00;77452.54;77487.99;76802;77025.14
2026-08-23 14:15:00;77552.72;77640.58;77421.06;77452.55
2026-08-23 14:00:00;77487.62;77617.89;77330.4;77552.72
2026-08-23 13:45:00;77521.99;77564;77373.89;77487.62
2026-08-23 13:30:00;77439.65;77629;77350.72;77522
2026-08-23 13:15:00;77338.87;77765.8;77338.22;77438.77
2026-08-23 13:00:00;77206.01;77341.35;77192.21;77338.87
2026-08-23 12:45:00;77238.1;77260;77164;77206
2026-08-23 12:30:00;77047.84;77248;77047.83;77238.1
2026-08-23 12:15:00;77080.01;77127.72;77020;77047.83
2026-08-23 12:00:00;77311.02;77311.99;76975.63;77080.02
2026-08-23 11:45:00;77283.25;77400;77189.99;77311.02
2026-08-23 11:30:00;77169.99;77393.69;77132;77283.25
2026-08-23 11:15:00;76884.62;77314;76824;77170
2026-08-23 11:00:00;76790.35;76892;76744.94;76883.38
2026-08-23 10:45:00;76856.68;76877.19;76780.15;76790.35
2026-08-23 10:30:00;76757.53;76924.29;76749.27;76856.67
2026-08-23 10:15:00;76656.55;76923.52;76646;76757.53
2026-08-23 10:00:00;76549.99;76732.36;76542;76656.55
2026-08-23 09:45:00;76564.5;76640.21;76505.01;76549.98
2026-08-23 09:30:00;76556;76576.39;76467;76564.5
2026-08-23 09:15:00;76579.18;76605.32;76476.36;76556.01
2026-08-23 09:00:00;76486.49;76639.99;76470;76579.18
2026-08-23 08:45:00;76519.76;76612.39;76448.37;76486.49
2026-08-23 08:30:00;76236.35;76654.78;76236.34;76519.75
2026-08-23 08:15:00;76206.12;76299;76203.83;76236.35
2026-08-23 08:00:00;76007.12;76300;75952.09;76206.13
2026-08-23 07:45:00;76058.72;76148;75907.82;76007.13
2026-08-23 07:30:00;76230.01;76231.68;76051.17;76058.72
2026-08-23 07:15:00;76300;76345.31;76230;76230.01
2026-08-23 07:00:00;76096.96;76318;76029.46;76299.99
2026-08-23 06:45:00;76254.9;76270.76;76025.4;76096.95
2026-08-23 06:30:00;76226;76357.51;76176.79;76254.89
2026-08-23 06:15:00;76078.01;76302.4;76069.11;76226
2026-08-23 06:00:00;76053.38;76148;75872.89;76078.02
2026-08-23 05:45:00;76166.88;76247.08;76030;76053.37
2026-08-23 05:30:00;76228.07;76333.83;76100;76166.88
2026-08-23 05:15:00;75889.21;76315.2;75545.67;76228.07
2026-08-23 05:00:00;76602;76730.99;75810.01;75889.21
2026-08-23 04:45:00;76821.23;76823.4;76477.04;76602
2026-08-23 04:30:00;76961.81;76974;76812.16;76821.23
2026-08-23 04:15:00;77004.31;77036.58;76795.83;76961.8
2026-08-23 04:00:00;76927.87;77025.99;76706.45;77004.3
2026-08-23 03:45:00;76849.99;76985.01;76849.99;76927.87
2026-08-23 03:30:00;76988;76988.01;76837;76849.99
2026-08-23 03:15:00;77083.78;77136.78;76988;76988.01
2026-08-23 03:00:00;77079.46;77114;77002.39;77083.77
2026-08-23 02:45:00;77175.96;77232.55;77064.22;77079.46
2026-08-23 02:30:00;77114.48;77207.3;77114.47;77175.95
2026-08-23 02:15:00;77050.02;77125.02;77005.88;77114.47
2026-08-23 02:00:00;77190.29;77211.08;77050.01;77050.02
2026-08-23 01:45:00;77253.04;77329.42;77158;77190.29
2026-08-23 01:30:00;77268.09;77318.26;77169.08;77253.04
2026-08-23 01:15:00;77400;77400;77260;77268.09
2026-08-23 01:00:00;77302.65;77400;77172;77399.99
2026-08-23 00:45:00;77282.47;77359.53;77256;77302.65
2026-08-23 00:30:00;77227.91;77356;77227.9;77282.47
2026-08-23 00:15:00;77080.01;77250;77055.99;77227.91
2026-08-23 00:00:00;77074.94;77143.94;77042.91;77080.01
2026-08-22 23:45:00;77022.58;77126.53;77008;77074.93
2026-08-22 23:30:00;76940;77034;76900;77022.58
2026-08-22 23:15:00;76974.79;77021.57;76939.99;76939.99
2026-08-22 23:00:00;76997.77;77084.23;76946.46;76974.79
2026-08-22 22:45:00;77070.01;77148;76958.1;76997.76
2026-08-22 22:30:00;77048.21;77090.01;76876;77070.01
2026-08-22 22:15:00;77101.68;77154.01;77042.46;77048.2
2026-08-22 22:00:00;76856;77155.46;76772;77101.69
2026-08-22 21:45:00;77030.33;77030.33;76828.78;76856.01
2026-08-22 21:30:00;77183.46;77196.03;76924.28;77030.33
2026-08-22 21:15:00;77048.01;77206.8;77048.01;77183.47
2026-08-22 21:00:00;77311.69;77311.69;77026;77048
2026-08-22 20:45:00;77352.19;77374.62;77264.5;77311.69
2026-08-22 20:30:00;77298.16;77408;77258;77352.18
2026-08-22 20:15:00;77412.25;77428.1;77298.15;77298.15
2026-08-22 20:00:00;77418.26;77467.53;77366.02;77412.25
2026-08-22 19:45:00;77422;77469.64;77410.07;77418.25
2026-08-22 19:30:00;77281.97;77422;77281.97;77422
2026-08-22 19:15:00;77329.78;77337.69;77254;77281.98
2026-08-22 19:00:00;77257.87;77337.72;77206.53;77329.77
2026-08-22 18:45:00;77227.9;77257.87;77138;77257.86
2026-08-22 18:30:00;77295.99;77320;77220.81;77227.9
2026-08-22 18:15:00;77240.24;77344;77240.24;77295.99
2026-08-22 18:00:00;77278.01;77360.92;77207.09;77240.25
2026-08-22 17:45:00;77220.74;77369.99;77220.73;77278.01
2026-08-22 17:30:00;77084.95;77220.75;77084.95;77220.74
2026-08-22 17:15:00;77275.03;77334.57;77066.66;77084.94
2026-08-22 17:00:00;77288.01;77334.86;77240;77275.02
2026-08-22 16:45:00;77395.87;77547.96;77288;77288.01
2026-08-22 16:30:00;77198;77460;77150.45;77395.88
2026-08-22 16:15:00;77053.39;77232;77046.8;77198
2026-08-22 16:00:00;76978.83;77066.25;76956.36;77053.38
2026-08-22 15:45:00;77060;77091.91;76922;76978.83
2026-08-22 15:30:00;76992;77100.77;76989.79;77060.01
2026-08-22 15:15:00;76944.77;77033.43;76880;76992.01
2026-08-22 15:00:00;77003.62;77086.56;76944.77;76944.77
2026-08-22 14:45:00;76960.01;77081.73;76930;77003.62
2026-08-22 14:30:00;77093.22;77163.53;76960;76960
2026-08-22 14:15:00;77030;77093.22;76957.82;77093.21
2026-08-22 14:00:00;77288.62;77305.14;76949.56;77030.01
2026-08-22 13:45:00;77149.99;77362.03;77149.99;77288.62
2026-08-22 13:30:00;77170.86;77185.99;77116;77150
2026-08-22 13:15:00;77225.92;77252;77126.03;77170.86
2026-08-22 13:00:00;77300.27;77310.29;77194.55;77225.91
2026-08-22 12:45:00;77344;77387.99;77258;77300.27
2026-08-22 12:30:00;77330.01;77344;77208.13;77344
2026-08-22 12:15:00;77242.63;77341.3;77199.72;77330.01
2026-08-22 12:00:00;77130.01;77284.21;77073.86;77242.62
2026-08-22 11:45:00;77175.02;77204.68;77061.81;77130.02
2026-08-22 11:30:00;76987.22;77190.22;76946.89;77175.01
2026-08-22 11:15:00;76863.56;76999.7;76772.05;76987.23
2026-08-22 11:00:00;76976.01;77062;76822;76863.56
2026-08-22 10:45:00;77167.18;77187.46;76884.85;76976
2026-08-22 10:30:00;76934.02;77177.49;76870;77167.17
2026-08-22 10:15:00;76714.42;76946;76533.87;76934.02
2026-08-22 10:00:00;77062;77088.92;76680;76714.41
2026-08-22 09:45:00;77203.45;77203.46;76851.25;77061.99
2026-08-22 09:30:00;77222.35;77261.81;77158;77203.45
2026-08-22 09:15:00;77376.05;77395.04;77176.46;77222.35
2026-08-22 09:00:00;77210.55;77376.05;77050;77376.04
2026-08-22 08:45:00;77297.52;77297.53;77117.11;77210.55
2026-08-22 08:30:00;77226.01;77322;77037.42;77297.52
2026-08-22 08:15:00;77424.28;77445.6;77115.33;77226
2026-08-22 08:00:00;77289.18;77435.34;77194;77424.28
2026-08-22 07:45:00;77418.24;77442;77274.4;77289.18
2026-08-22 07:30:00;77485.44;77506;77302;77418.24
2026-08-22 07:15:00;77375.3;77488.3;77220;77485.44
2026-08-22 07:00:00;77486.09;77669.28;77278;77375.3
2026-08-22 06:45:00;77394.61;77541.19;77383.45;77486.09
2026-08-22 06:30:00;77245.6;77572.16;76985.14;77394.6
2026-08-22 06:15:00;77181.07;77399.51;77181.07;77245.6
2026-08-22 06:00:00;77380.75;77454.18;77150.01;77181.07
2026-08-22 05:45:00;77175.88;77508.96;77074.31;77380.75
2026-08-22 05:30:00;77305.15;77571.29;76920.62;77175.88
2026-08-22 05:15:00;77336.61;77549.52;76724.68;77305.15
2026-08-22 05:00:00;78470;78584;76500;77336.61
2026-08-22 04:45:00;78660.89;78686;78456;78470
2026-08-22 04:30:00;78590.43;78818;78522;78660.9
2026-08-22 04:15:00;78397.06;78590.43;78207.61;78590.42
2026-08-22 04:00:00;78410.98;78466.86;78244.6;78397.05
2026-08-22 03:45:00;78647.57;78685.28;78394.01;78410.98
2026-08-22 03:30:00;78768.01;78828.15;78561.38;78647.58
2026-08-22 03:15:00;78394.21;78797.99;78372;78768.01
2026-08-22 03:00:00;78470;78696.25;78380;78394.21
2026-08-22 02:45:00;78510.25;78563.83;78320.92;78470
2026-08-22 02:30:00;78398;78519.99;78172;78510.26
2026-08-22 02:15:00;78058.01;78473.72;78048;78398
2026-08-22 02:00:00;77830.01;78113.89;77791.19;78058.01
2026-08-22 01:45:00;77923.9;78014;77816.66;77830.01
2026-08-22 01:30:00;78016;78234;77896.51;77923.91
2026-08-22 01:15:00;78110.71;78168.1;77902;78016
2026-08-22 01:00:00;77953.3;78197.99;77908;78110.7
2026-08-22 00:45:00;77832.84;77988;77683.37;77953.3
2026-08-22 00:30:00;77919.99;78059.99;77755.05;77832.85
2026-08-22 00:15:00;77909.02;78105.9;77864;77919.99
2026-08-22 00:00:00;78338.03;78500;77738;77909.02
2026-08-21 23:45:00;78389;78404;78136;78338.03
2026-08-21 23:30:00;78409.44;78507.99;78100.26;78389
2026-08-21 23:15:00;78550;78720;78360;78409.45
2026-08-21 23:00:00;78460.13;78618;78344;78550
2026-08-21 22:45:00;78514;78618;78238.85;78460.14
2026-08-21 22:30:00;78499.84;78582.15;78081.8;78514.01
2026-08-21 22:15:00;78749.85;78749.85;78349.99;78499.84
2026-08-21 22:00:00;78505.14;78760.68;78178.59;78749.86
2026-08-21 21:45:00;78240.72;78675.1;78233;78505.15
2026-08-21 21:30:00;78090;78500;78000;78240.71
2026-08-21 21:15:00;77690.01;78203.38;77588;78090
2026-08-21 21:00:00;77520.19;77814.99;77388;77690.01
2026-08-21 20:45:00;77474.01;77543.4;77316;77520.19
2026-08-21 20:30:00;77489.99;77545.77;77354;77474.01
2026-08-21 20:15:00;77275.03;77548.99;77275.03;77490
2026-08-21 20:00:00;77028.94;77321.98;76863.56;77275.02
2026-08-21 19:45:00;77173.99;77273.76;77014.32;77028.94
2026-08-21 19:30:00;77322.8;77360;77106.45;77174
2026-08-21 19:15:00;77145.47;77349.35;76973.72;77322.81
2026-08-21 19:00:00;77145.99;77195.76;76856.2;77145.46
2026-08-21 18:45:00;76946;77146;76643.72;77146
2026-08-21 18:30:00;77388;77462.3;76860.32;76945.99
2026-08-21 18:15:00;77326.01;77495.58;77266;77388
2026-08-21 18:00:00;77392.69;77550;77278.62;77326
2026-08-21 17:45:00;77395.49;77513.26;77324;77392.68
2026-08-21 17:30:00;77558.64;77650;77349.34;77395.48
2026-08-21 17:15:00;77561.3;77562;77189.95;77558.64
2026-08-21 17:00:00;77486.01;77722.12;77468.46;77561.3
2026-08-21 16:45:00;77362.04;77563.53;77318;77486.01
2026-08-21 16:30:00;77383.88;77416;77239.63;77362.04
2026-08-21 16:15:00;76858.57;77390.68;76784.81;77383.87
2026-08-21 16:00:00;77221.98;77310;76858.57;76858.57
2026-08-21 15:45:00;77503.54;77544;77170;77221.98
2026-08-21 15:30:00;77614.36;77749.39;77487.98;77503.54
2026-08-21 15:15:00;77703.04;77871.33;77524;77614.36
2026-08-21 15:00:00;77384.69;77794;77328;77703.03
2026-08-21 14:45:00;77143.99;77448.26;77124;77384.68
2026-08-21 14:30:00;77067.99;77235.95;76856.16;77143.99
2026-08-21 14:15:00;76764.01;77200;76552.74;77067.99
2026-08-21 14:00:00;77266.88;77266.88;76701;76764.01
2026-08-21 13:45:00;77308;77700;77116.59;77266.87
2026-08-21 13:30:00;77083.94;77325.51;76243.04;77308
2026-08-21 13:15:00;77194;77206.21;76846;77083.93
2026-08-21 13:00:00;77223.66;77397.83;77051.4;77194
2026-08-21 12:45:00;77428.01;77477.24;77121.45;77223.66
2026-08-21 12:30:00;76680.5;77437.99;76620.81;77428.01
2026-08-21 12:15:00;76912.29;76912.29;76640;76680.5
2026-08-21 12:00:00;76722.31;76999.99;76538;76912.29
2026-08-21 11:45:00;76836.21;77024;76516.57;76722.32
2026-08-21 11:30:00;77419.01;77442.44;76411.38;76836.21
2026-08-21 11:15:00;77551.2;77675.09;77240;77419.01
2026-08-21 11:00:00;77810.01;77855.78;77338.65;77551.19
2026-08-21 10:45:00;77844.21;78000;77744;77810.02
2026-08-21 10:30:00;77928.54;77966.73;77625.01;77844.21
2026-08-21 10:15:00;78048.9;78250;77666.37;77928.54
2026-08-21 10:00:00;77910.71;78110;77621.8;78048.89
2026-08-21 09:45:00;78194.16;78367.89;77577.01;77910.71
2026-08-21 09:30:00;77711.1;78366.65;77626;78194.16
2026-08-21 09:15:00;77883.88;77945.9;77465.26;77711.09
2026-08-21 09:00:00;79258.02;79363.79;77251;77883.87
2026-08-21 08:45:00;77647.34;79500;77582;79258.03
2026-08-21 08:30:00;77240.33;77800;77179.06;77647.34
2026-08-21 08:15:00;76892.01;77426.83;76852.32;77240.33
2026-08-21 08:00:00;76308.66;77200;76235.76;76892.01
2026-08-21 07:45:00;76595.88;76640.06;76199.48;76308.65
2026-08-21 07:30:00;76410.37;76809.94;76300;76595.89
2026-08-21 07:15:00;75970;76916.95;75931.79;76410.38
2026-08-21 07:00:00;75646.2;76013.5;75620;75969.99
2026-08-21 06:45:00;75394.98;75660.95;75300;75646.21
2026-08-21 06:30:00;75342;75753;75324;75394.97
2026-08-21 06:15:00;75289.61;75511.33;75104;75342.01
2026-08-21 06:00:00;75472.73;75524;75274.01;75289.6
2026-08-21 05:45:00;75277.52;75472.73;75214;75472.73
2026-08-21 05:30:00;75200.81;75386;75096.96;75277.51
2026-08-21 05:15:00;75325.99;75500;75053;75200.82
2026-08-21 05:00:00;75026;75365.23;74918.79;75325.98
2026-08-21 04:45:00;74958.92;75054.46;74926;75026
2026-08-21 04:30:00;74818.07;75000;74783.01;74958.93
2026-08-21 04:15:00;74870.83;74950;74787.5;74818.07
2026-08-21 04:00:00;74510.77;74900;74510.77;74870.82
2026-08-21 03:45:00;74674.55;74882.24;74500;74510.77
2026-08-21 03:30:00;74609.12;74733.77;74442.83;74674.56
2026-08-21 03:15:00;74459.31;74645.08;74316.99;74609.12
2026-08-21 03:00:00;74439.75;74500;74247.46;74459.31
2026-08-21 02:45:00;74725.62;74730.62;74384.63;74439.74
2026-08-21 02:30:00;74970.92;75095.16;74574.81;74725.27
2026-08-21 02:15:00;74876.05;74991.7;74652.95;74970.92
2026-08-21 02:00:00;75129.23;75197.08;74681.88;74876.05
2026-08-21 01:45:00;74744.05;75785.82;74701.95;75129.23
2026-08-21 01:30:00;74726.78;75045.2;74540.96;74744.04
2026-08-21 01:15:00;73990.5;74866.66;73960;74726.77
2026-08-21 01:00:00;73707.82;73999;73668;73990.5
2026-08-21 00:45:00;73690;73850;73588.24;73708.02
2026-08-21 00:30:00;73716;73990;73530.85;73690.01
2026-08-21 00:15:00;73495.41;73899;73356;73716
2026-08-21 00:00:00;73027.02;73500;73027.02;73495.4
2026-08-20 23:45:00;73108.01;73155.37;72981.31;73025.15
2026-08-20 23:30:00;73212;73390.15;73073.57;73108.01
2026-08-20 23:15:00;72927.99;73400;72906;73212
2026-08-20 23:00:00;72676.23;72928;72664.56;72927.99
2026-08-20 22:45:00;72692.74;72878;72674;72676.22
2026-08-20 22:30:00;72791.99;72804;72678;72692.73
2026-08-20 22:15:00;72610.01;72827.74;72562;72792
2026-08-20 22:00:00;72741.81;72754.62;72498;72610
2026-08-20 21:45:00;72742;72776;72710;72741.81
2026-08-20 21:30:00;72655.45;72837.16;72655.44;72742
2026-08-20 21:15:00;72701.87;72848;72651.65;72655.45
2026-08-20 21:00:00;72671.76;72701.87;72557;72701.87
2026-08-20 20:45:00;72764;72792.36;72594;72671.75
2026-08-20 20:30:00;72830;73110.7;72706;72763.99
2026-08-20 20:15:00;72695.86;72919.44;72630;72830
2026-08-20 20:00:00;72690.76;72786;72630.19;72695.87
2026-08-20 19:45:00;72719.53;72750.43;72588;72690.76
2026-08-20 19:30:00;72610.01;72774;72544.98;72719.54
2026-08-20 19:15:00;72484.61;72637.34;72476.74;72610
2026-08-20 19:00:00;72431.35;72508;72330;72484.61
2026-08-20 18:45:00;72501.43;72622;72418;72431.36
2026-08-20 18:30:00;72688.01;72700;72394;72501.42
2026-08-20 18:15:00;72617.78;72741.52;72488.09;72688
2026-08-20 18:00:00;72737.51;72810;72470;72617.78
2026-08-20 17:45:00;72761.99;72966;72716;72737.5
2026-08-20 17:30:00;72810.01;72859.13;72666;72762
2026-08-20 17:15:00;72692;72843.36;72566;72810
2026-08-20 17:00:00;72837.15;72876;72534.71;72692
2026-08-20 16:45:00;72630.89;72905;72517.22;72837.15
2026-08-20 16:30:00;72406.82;72693.21;72284;72630.89
2026-08-20 16:15:00;72308.97;72417.29;72205.88;72406.83
2026-08-20 16:00:00;72470.84;72508;72275.17;72308.97
2026-08-20 15:45:00;72247.35;72570;72170;72470.83
2026-08-20 15:30:00;72414;72830;72174.97;72247.34
2026-08-20 15:15:00;72246.94;72414;71978.53;72413.99
2026-08-20 15:00:00;71826.85;72564.01;71789.01;72246.95
2026-08-20 14:45:00;71548;71830;71416;71826.85
2026-08-20 14:30:00;71450.16;71717.14;71416;71548
2026-08-20 14:15:00;71822.01;71828;71364.01;71450.16
2026-08-20 14:00:00;71692;71990.09;71615.98;71822.01
2026-08-20 13:45:00;71672.93;71843.65;71442.85;71691.99
2026-08-20 13:30:00;71964.87;71964.87;71132;71672.93
2026-08-20 13:15:00;72052.85;72052.85;71847.74;71964.87
2026-08-20 13:00:00;71952.04;72108.8;71899.86;72052.85
2026-08-20 12:45:00;71686;71954;71502.94;71952.04
2026-08-20 12:30:00;71844.76;72015.42;71660;71686
2026-08-20 12:15:00;71792.11;71884.19;71690.36;71844.76
2026-08-20 12:00:00;71927.07;71983.06;71501;71792.11
2026-08-20 11:45:00;72154.01;72284.75;71820;71927.07
2026-08-20 11:30:00;71898.19;72322;71862.77;72154.01
2026-08-20 11:15:00;71983.99;72043.93;71872.08;71898.19
2026-08-20 11:00:00;71995.99;72147.54;71837.56;71983.99
2026-08-20 10:45:00;71809.79;71995.99;71809.79;71995.99
2026-08-20 10:30:00;72039.99;72048;71766;71809.78
2026-08-20 10:15:00;72145.86;72490;71975.13;72039.99
2026-08-20 10:00:00;71789.97;72172.72;71686.58;72145.86
2026-08-20 09:45:00;72000;72036;71678.66;71789.97
2026-08-20 09:30:00;71828.74;72053.83;71732.92;72000.01
2026-08-20 09:15:00;71940.53;72067.46;71762;71828.74
2026-08-20 09:00:00;71592.11;71979.75;71500;71940.52
2026-08-20 08:45:00;71508.63;71826.26;71448.04;71592.1
2026-08-20 08:30:00;71349.73;71667.04;71180.74;71508.62
2026-08-20 08:15:00;71300;71570.17;71019.67;71349.73
2026-08-20 08:00:00;69816.45;71365.02;69772.36;71300.01
2026-08-20 07:45:00;69602.56;69816.45;69559.62;69816.45
2026-08-20 07:30:00;69692.43;69692.43;69506.91;69602.56
2026-08-20 07:15:00;69804;69804.01;69618.9;69692.43
2026-08-20 07:00:00;69851.99;70022;69758.04;69804
2026-08-20 06:45:00;69782.8;69927.97;69777.01;69851.99
2026-08-20 06:30:00;69600.09;69793.63;69600.08;69782.8
2026-08-20 06:15:00;69370.48;69694;69336.97;69600.09
2026-08-20 06:00:00;69406.53;69435.26;69350.49;69370.48
2026-08-20 05:45:00;69552.55;69552.56;69349.16;69406.54
2026-08-20 05:30:00;69592.01;69632.42;69520.4;69552.56
2026-08-20 05:15:00;69471.23;69668;69450.49;69592
2026-08-20 05:00:00;69492;69558.61;69465.08;69471.24
2026-08-20 04:45:00;69346.01;69599.01;69346.01;69492.01
2026-08-20 04:30:00;69359.93;69381.46;69234;69346
2026-08-20 04:15:00;69369.57;69403.32;69296.46;69359.93
2026-08-20 04:00:00;69195.64;69383.03;69166;69369.58
2026-08-20 03:45:00;69190.36;69340;69159.44;69195.64
2026-08-20 03:30:00;68966.08;69200;68966.07;69190.35
2026-08-20 03:15:00;68986.58;69197.63;68942;68966.07
2026-08-20 03:00:00;69301.27;69304.21;68902.22;68986.59
2026-08-20 02:45:00;69320.01;69366.17;69268;69301.27
2026-08-20 02:30:00;69510;69544;69320;69320.01
2026-08-20 02:15:00;69677.99;69700.58;69488;69510.01
2026-08-20 02:00:00;69721.92;69824;69572.03;69678
2026-08-20 01:45:00;69633.99;69894.5;69633.99;69721.92
2026-08-20 01:30:00;69329.99;69638;69294.07;69634
2026-08-20 01:15:00;69382;69440;69283.25;69330
2026-08-20 01:00:00;69420;69516;69289.09;69382.01
2026-08-20 00:45:00;69571.98;69715.17;69382;69420
2026-08-20 00:30:00;69629.95;69696;69480.99;69571.98
2026-08-20 00:15:00;69572.86;69793.21;69566;69629.96
2026-08-20 00:00:00;69334.78;69665.84;69314.01;69572.72
2026-08-19 23:45:00;69317.99;69334.79;69160;69334.79
2026-08-19 23:30:00;69369.07;69389.58;69239.54;69317.98
2026-08-19 23:15:00;69356.87;69453.88;69270;69369.06
2026-08-19 23:00:00;69258.9;69407.5;69213.39;69356.87
2026-08-19 22:45:00;69344.92;69344.93;69105.75;69258.9
2026-08-19 22:30:00;69144;69473.14;68980;69344.93
2026-08-19 22:15:00;69304.35;69405.52;69143.7;69144.01
2026-08-19 22:00:00;69709.47;69833.99;69304.35;69304.35
2026-08-19 21:45:00;69672;70000;69500;69709.46
2026-08-19 21:30:00;69639.28;69842.73;69384;69671.99
2026-08-19 21:15:00;69433.99;69760;69266;69639.28
2026-08-19 21:00:00;69048.06;69910.37;68984.78;69434
2026-08-19 20:45:00;68671.35;69579.99;68624;69048.06
2026-08-19 20:30:00;68702.01;68799.63;68647.1;68671.35
2026-08-19 20:15:00;68683.99;68813.46;68556;68702.02
2026-08-19 20:00:00;68429.44;68706.71;68390;68683.99
2026-08-19 19:45:00;68399.99;68483.52;68367.33;68429.44
2026-08-19 19:30:00;68181.99;68417.81;68130;68399.99
2026-08-19 19:15:00;68122.01;68392;68122;68181.99
2026-08-19 19:00:00;68396;68453.86;68103.71;68122.01
2026-08-19 18:45:00;68431.42;68453.43;68322;68395.99
2026-08-19 18:30:00;68279.63;68434;68225.29;68431.41
2026-08-19 18:15:00;68193.4;68320.75;68177.96;68279.63
2026-08-19 18:00:00;68197.3;68250.76;68042;68193.4
2026-08-19 17:45:00;68045.35;68261.4;68044.78;68197.29
2026-08-19 17:30:00;68005.91;68052.06;67825.03;68045.35
2026-08-19 17:15:00;68242.38;68314.85;67836.01;68005.9
2026-08-19 17:00:00;68465.26;68546.22;68224;68242.39
2026-08-19 16:45:00;68589.64;68704.14;68416.36;68465.27
2026-08-19 16:30:00;68892.66;68892.67;68551.16;68589.64
2026-08-19 16:15:00;68565.54;68921.42;68565.53;68892.66
2026-08-19 16:00:00;68554;68997;68525.45;68565.53
2026-08-19 15:45:00;68679.62;68686.34;68234.19;68554
2026-08-19 15:30:00;68292.16;68865.82;67718.27;68679.98
2026-08-19 15:15:00;66654;69500;66583.22;68291.89
2026-08-19 15:00:00;65923.21;66799.66;65892;66654
2026-08-19 14:45:00;65456.97;65970;65446;65923.21
2026-08-19 14:30:00;65410.89;65505.48;65350;65456.96
2026-08-19 14:15:00;65407.43;65473;65322.17;65410.89
2026-08-19 14:00:00;65012.12;65440;65012.11;65407.43
2026-08-19 13:45:00;65044.01;65180;64986.22;65012.12
2026-08-19 13:30:00;65005.37;65217.86;64808;65044.01
2026-08-19 13:15:00;64920.54;65035.8;64918.43;65005.36
2026-08-19 13:00:00;64882.15;64990.1;64793.29;64920.53
2026-08-19 12:45:00;64943.42;64988;64826.35;64882.15
2026-08-19 12:30:00;64493.53;64947.49;64481.59;64943.45
2026-08-19 12:15:00;64505.81;64505.81;64488.63;64493.52
2026-08-19 12:00:00;64515.62;64515.63;64474.86;64505.8
2026-08-19 11:45:00;64471.2;64527.23;64471.19;64515.63
2026-08-19 11:30:00;64506.78;64523.86;64461.54;64471.2
2026-08-19 11:15:00;64506.87;64526.71;64480.35;64506.78
2026-08-19 11:00:00;64456.71;64539.05;64454.99;64506.88
2026-08-19 10:45:00;64409.75;64456.71;64397.9;64456.71
2026-08-19 10:30:00;64397.02;64422.17;64381.25;64409.75
2026-08-19 10:15:00;64389.96;64398.07;64373.24;64397.02
2026-08-19 10:00:00;64427.07;64427.07;64377.51;64389.96
2026-08-19 09:45:00;64365.1;64427.07;64365.09;64427.06
2026-08-19 09:30:00;64383;64395.61;64360.7;64365.09
2026-08-19 09:15:00;64391.64;64416;64374;64382.99
2026-08-19 09:00:00;64413.95;64470.66;64391.64;64391.64
2026-08-19 08:45:00;64450.12;64473.58;64413.95;64413.95
2026-08-19 08:30:00;64288;64510.95;64287.99;64450.12
2026-08-19 08:15:00;64262.01;64288;64255;64288
2026-08-19 08:00:00;64296.01;64325.93;64262;64262
2026-08-19 07:45:00;64364.31;64374;64296;64296
2026-08-19 07:30:00;64342.59;64395.78;64340;64364.31
2026-08-19 07:15:00;64363.57;64366;64306.73;64342.58
2026-08-19 07:00:00;64339.8;64394.74;64271.78;64363.57
2026-08-19 06:45:00;64270;64344;64259.99;64339.8
2026-08-19 06:30:00;64277.53;64293.8;64261.99;64270
2026-08-19 06:15:00;64176.58;64303.46;64176.58;64277.52
2026-08-19 06:00:00;64236.01;64249.04;64166;64176.59
2026-08-19 05:45:00;64316.13;64317.16;64236;64236.01
2026-08-19 05:30:00;64360.6;64360.6;64316.12;64316.13
2026-08-19 05:15:00;64406.13;64406.14;64316;64360.6
2026-08-19 05:00:00;64316.22;64409.93;64316.21;64406.13
2026-08-19 04:45:00;64349.99;64371.97;64307.92;64316.22
2026-08-19 04:30:00;64359.28;64376.29;64330.69;64350
2026-08-19 04:15:00;64314.56;64391.8;64314.55;64359.27
2026-08-19 04:00:00;64330.7;64330.7;64293.43;64314.55
2026-08-19 03:45:00;64339.18;64370.36;64330;64330.71
2026-08-19 03:30:00;64361.77;64361.78;64330.1;64339.19
2026-08-19 03:15:00;64348.64;64414;64348.64;64361.78
2026-08-19 03:00:00;64351.86;64357.55;64278;64348.65
2026-08-19 02:45:00;64385.51;64414.65;64350.28;64351.9
2026-08-19 02:30:00;64389.71;64408.04;64373.92;64385.51
2026-08-19 02:15:00;64405.44;64413.86;64350;64389.71
2026-08-19 02:00:00;64400.47;64413.01;64360;64405.44
2026-08-19 01:45:00;64415.71;64440.56;64389.27;64400.48
2026-08-19 01:30:00;64487.16;64490;64396;64415.72
2026-08-19 01:15:00;64530;64530;64450;64487.16
2026-08-19 01:00:00;64488;64551.47;64436;64530
2026-08-19 00:45:00;64563.1;64581.41;64488;64488
2026-08-19 00:30:00;64603.79;64654.1;64549;64563.1
2026-08-19 00:15:00;64582.97;64668;64548;64603.79
2026-08-19 00:00:00;64725.42;64736.27;64582.97;64582.97
2026-08-18 23:45:00;64773.34;64780;64725.41;64725.42
2026-08-18 23:30:00;64722.81;64775.43;64722.8;64773.35
2026-08-18 23:15:00;64696.25;64732;64696.24;64722.81
2026-08-18 23:00:00;64634;64710.75;64631.15;64696.25
2026-08-18 22:45:00;64637.7;64637.7;64601.8;64634
2026-08-18 22:30:00;64592.14;64648;64592.13;64637.69
2026-08-18 22:15:00;64571.96;64604;64562.25;64592.13
2026-08-18 22:00:00;64604.58;64608;64568.77;64571.96
2026-08-18 21:45:00;64583.37;64612.46;64577.32;64604.58
2026-08-18 21:30:00;64624.38;64624.38;64571.48;64583.37
2026-08-18 21:15:00;64624.38;64624.38;64607.68;64624.38
2026-08-18 21:00:00;64582.38;64653.97;64582.38;64624.38
2026-08-18 20:45:00;64611.04;64617.64;64568;64582.39
2026-08-18 20:30:00;64614.11;64647.99;64601.05;64611.04
2026-08-18 20:15:00;64653.35;64653.35;64614.1;64614.1
2026-08-18 20:00:00;64643.27;64654.87;64592;64653.35
2026-08-18 19:45:00;64676;64683.41;64642.36;64643.26
2026-08-18 19:30:00;64779.62;64779.63;64676;64676
2026-08-18 19:15:00;64719.31;64796;64705.89;64779.62
2026-08-18 19:00:00;64771.99;64772;64716;64719.31
2026-08-18 18:45:00;64760;64800;64753.52;64772
2026-08-18 18:30:00;64799.75;64822;64760;64760.01
2026-08-18 18:15:00;64734.34;64806;64727.99;64799.74
2026-08-18 18:00:00;64670.02;64734.99;64656;64734.34
2026-08-18 17:45:00;64725.4;64728.55;64670.02;64670.02
2026-08-18 17:30:00;64822.32;64825.99;64714;64725.4
2026-08-18 17:15:00;64798.83;64822.33;64751.93;64822.33
2026-08-18 17:00:00;64840;64840.01;64770.2;64798.82
2026-08-18 16:45:00;64781.03;64870.89;64780.33;64840
2026-08-18 16:30:00;64704;64818;64675.5;64781.04
2026-08-18 16:15:00;64750.01;64750.26;64696.83;64704
2026-08-18 16:00:00;64855.06;64891.81;64744;64750
2026-08-18 15:45:00;64820.37;64888;64800.1;64855.06
2026-08-18 15:30:00;64807.43;64875.02;64798.26;64820.36
2026-08-18 15:15:00;64743.79;64837.45;64722;64807.43
2026-08-18 15:00:00;64714.16;64808;64652;64743.78
2026-08-18 14:45:00;64786.01;64846.83;64668.92;64714.16
2026-08-18 14:30:00;64995.08;65058.81;64740;64786
2026-08-18 14:15:00;64261.76;65052.39;64259.62;64995.07
2026-08-18 14:00:00;64219.99;64379.3;64219.99;64261.76
2026-08-18 13:45:00;64192.81;64284;64124.39;64219.99
2026-08-18 13:30:00;64073.72;64250.03;64027.85;64192.82
2026-08-18 13:15:00;64196.02;64196.02;64061.96;64073.72
2026-08-18 13:00:00;64230.02;64230.02;64164.84;64196.01
2026-08-18 12:45:00;64254;64254;64218.45;64230.02
2026-08-18 12:30:00;64298.01;64305.55;64254;64254.01
2026-08-18 12:15:00;64296.62;64330.06;64284.92;64298.01
2026-08-18 12:00:00;64351.18;64355.64;64284.52;64296.62
2026-08-18 11:45:00;64385.2;64402.35;64340.51;64351.19
2026-08-18 11:30:00;64374.03;64392;64344.17;64385.2
2026-08-18 11:15:00;64323.56;64375.4;64323.56;64374.03
2026-08-18 11:00:00;64202.81;64338.93;64192.42;64323.56
2026-08-18 10:45:00;64188.19;64210.01;64185.23;64202.8
2026-08-18 10:30:00;64159.65;64216;64159.65;64188.19
2026-08-18 10:15:00;64153.32;64176;64123.42;64159.66
2026-08-18 10:00:00;64171.95;64203.82;64136.39;64153.32
2026-08-18 09:45:00;64150;64185.48;64140;64171.95
2026-08-18 09:30:00;64164.01;64183.03;64140;64150
2026-08-18 09:15:00;64246.25;64246.25;64150.35;64164.01
2026-08-18 09:00:00;64296.01;64296.01;64233.39;64246.25
2026-08-18 08:45:00;64286.82;64296.07;64244;64296.02
2026-08-18 08:30:00;64210.87;64336;64206.57;64286.81
2026-08-18 08:15:00;64156;64238.55;64155.99;64210.86
2026-08-18 08:00:00;64198.97;64210.01;64087.98;64156
2026-08-18 07:45:00;64248.46;64248.47;64164;64198.97
2026-08-18 07:30:00;64280;64280;64236;64248.46
2026-08-18 07:15:00;64338.82;64350;64280;64280
2026-08-18 07:00:00;64318.03;64342.33;64282.9;64338.82
2026-08-18 06:45:00;64430.67;64440.01;64272.86;64318.03
2026-08-18 06:30:00;64339.11;64446;64339.11;64430.66
2026-08-18 06:15:00;64229.99;64355.39;64229.99;64339.11
2026-08-18 06:00:00;64242.76;64279.93;64170;64230
2026-08-18 05:45:00;64256.13;64263.01;64200.08;64242.76
2026-08-18 05:30:00;64254.46;64259.01;64140;64256.12
2026-08-18 05:15:00;64225.01;64255.01;64199.99;64254.46
2026-08-18 05:00:00;64210.33;64276;64181.47;64225.01
2026-08-18 04:45:00;64216.9;64226.19;64188;64210.32
2026-08-18 04:30:00;64155.74;64250.69;64155.73;64216.9
2026-08-18 04:15:00;64148;64155.74;64124.2;64155.73
2026-08-18 04:00:00;64185;64185.01;64090;64148
2026-08-18 03:45:00;64179.99;64195.45;64146;64185.01
2026-08-18 03:30:00;64112;64180;64047.73;64179.99
2026-08-18 03:15:00;64088.68;64144;64088.68;64112
2026-08-18 03:00:00;64103.22;64132.47;64088.67;64088.67
2026-08-18 02:45:00;64128.57;64136;64048;64103.22
2026-08-18 02:30:00;64157.68;64204.82;64128;64128.57
2026-08-18 02:15:00;64192;64204;64157.68;64157.69
2026-08-18 02:00:00;64200.06;64272;64191.1;64192.01
2026-08-18 01:45:00;64284.01;64284.01;64156;64200.06
2026-08-18 01:30:00;64325.92;64345.4;64243.58;64284
2026-08-18 01:15:00;64347.79;64360;64305.39;64325.92
2026-08-18 01:00:00;64383.72;64387.71;64296.97;64347.78
2026-08-18 00:45:00;64397.06;64398;64367.27;64383.71
2026-08-18 00:30:00;64457.49;64457.5;64388;64397.06
2026-08-18 00:15:00;64440;64501.83;64440;64457.49
2026-08-18 00:00:00;64532.11;64568.46;64420;64440.01
2026-08-17 23:45:00;64481.83;64578;64476.42;64532.1
2026-08-17 23:30:00;64486.8;64563.1;64460.95;64481.82
2026-08-17 23:15:00;64365.23;64486.8;64365.22;64486.79
2026-08-17 23:00:00;64291.26;64372;64288.24;64365.22
2026-08-17 22:45:00;64310.1;64319.86;64290.35;64291.25
2026-08-17 22:30:00;64295.44;64340;64283.49;64310.1
2026-08-17 22:15:00;64310;64340;64288.91;64295.45
2026-08-17 22:00:00;64382.02;64416;64310;64310
2026-08-17 21:45:00;64338.01;64392;64338;64382.02
2026-08-17 21:30:00;64329.18;64377.92;64296;64338
2026-08-17 21:15:00;64373.11;64409.41;64328.24;64329.18
2026-08-17 21:00:00;64392.72;64434.76;64364.73;64373.11
2026-08-17 20:45:00;64393.27;64409.15;64332;64392.73
2026-08-17 20:30:00;64416.1;64416.1;64354;64393.27
2026-08-17 20:15:00;64309.19;64434;64293.54;64416.09
2026-08-17 20:00:00;64309.95;64309.96;64266;64309.19
2026-08-17 19:45:00;64368.8;64373.99;64288.35;64309.96
2026-08-17 19:30:00;64404.01;64414.78;64340.67;64368.8
2026-08-17 19:15:00;64332.01;64417.66;64331.28;64404
2026-08-17 19:00:00;64428.88;64428.88;64320;64332.01
2026-08-17 18:45:00;64461.55;64490;64413.03;64428.87
2026-08-17 18:30:00;64487.64;64513.85;64398;64461.56
2026-08-17 18:15:00;64376.54;64610.01;64372.37;64487.44
2026-08-17 18:00:00;64325.99;64383.68;64280.49;64376.55
2026-08-17 17:45:00;64224.54;64343.61;64224.53;64325.99
2026-08-17 17:30:00;64207.28;64284.82;64066;64224.53
2026-08-17 17:15:00;63984;64425;63979.3;64207.27
2026-08-17 17:00:00;64115.76;64116;63984;63984
2026-08-17 16:45:00;64084.01;64138.62;64076.1;64115.76
2026-08-17 16:30:00;64097.08;64174;64080;64084
2026-08-17 16:15:00;64078.02;64145.99;64058;64097.07
2026-08-17 16:00:00;64200;64216.42;64060.87;64078.03
2026-08-17 15:45:00;64083.07;64227.27;64080.45;64200
2026-08-17 15:30:00;64044.83;64120;63988;64083.07
2026-08-17 15:15:00;63869.02;64115.96;63812.35;64044.83
2026-08-17 15:00:00;63902.63;63990;63864;63869.03
2026-08-17 14:45:00;63625.04;63904.76;63616;63902.63
2026-08-17 14:30:00;63623.65;63704;63594;63625.04
2026-08-17 14:15:00;63699.43;63740;63592;63623.66
2026-08-17 14:00:00;63672.37;63730;63588;63699.42
2026-08-17 13:45:00;63655.84;63730;63596;63672.36
2026-08-17 13:30:00;63499.05;63799.64;63481.06;63655.83
2026-08-17 13:15:00;63566.01;63566.01;63444.17;63499.05
2026-08-17 13:00:00;63554.7;63578;63509.82;63566.01
2026-08-17 12:45:00;63569.71;63628;63548.07;63554.69
2026-08-17 12:30:00;63579.58;63644;63534;63569.71
2026-08-17 12:15:00;63662.95;63663.82;63533.06;63579.57
2026-08-17 12:00:00;63631.11;63680;63589.59;63662.95
2026-08-17 11:45:00;63692.99;63781.69;63587.05;63631.1
2026-08-17 11:30:00;63660;63693;63659.99;63692.99
2026-08-17 11:15:00;63664.5;63694.18;63636.87;63660
2026-08-17 11:00:00;63692.2;63705.46;63634.97;63664.5
2026-08-17 10:45:00;63640;63694.26;63600.06;63692.21
2026-08-17 10:30:00;63448;63646.68;63448;63639.99
2026-08-17 10:15:00;63336.91;63448;63304;63447.99
2026-08-17 10:00:00;63323.97;63338.3;63300.25;63336.9
2026-08-17 09:45:00;63310.11;63323.99;63295;63323.96
2026-08-17 09:30:00;63381.57;63381.58;63310;63310.11
2026-08-17 09:15:00;63423.29;63428;63334.37;63381.58
2026-08-17 09:00:00;63380.83;63423.3;63380.83;63423.29
2026-08-17 08:45:00;63377.75;63408.01;63350;63380.84
2026-08-17 08:30:00;63418.23;63435.08;63377.75;63377.75
2026-08-17 08:15:00;63433.77;63450.61;63405;63418.22
2026-08-17 08:00:00;63514.45;63545.08;63422.58;63433.77
2026-08-17 07:45:00;63538.5;63557.7;63500;63514.45
2026-08-17 07:30:00;63596.91;63596.92;63538.5;63538.5
2026-08-17 07:15:00;63584.66;63596.92;63534.63;63596.91
2026-08-17 07:00:00;63668;63668;63566.73;63584.65
2026-08-17 06:45:00;63600.14;63717.17;63600.14;63667.99
2026-08-17 06:30:00;63583;63604.8;63566.41;63600.14
2026-08-17 06:15:00;63574.03;63589.72;63560.7;63583.01
2026-08-17 06:00:00;63520.18;63616;63477.95;63574.03
2026-08-17 05:45:00;63463.17;63523.25;63460.96;63520.18
2026-08-17 05:30:00;63482.66;63500;63446.59;63463.18
2026-08-17 05:15:00;63537;63594.76;63474.63;63482.65
2026-08-17 05:00:00;63532.43;63552.01;63449.03;63537.01
2026-08-17 04:45:00;63479.99;63580;63479.99;63532.44
2026-08-17 04:30:00;63518;63520;63473.2;63480
2026-08-17 04:15:00;63486.53;63524.41;63472;63518.01
2026-08-17 04:00:00;63429.21;63520;63429.21;63486.53
2026-08-17 03:45:00;63342.99;63520;63342.99;63429.21
2026-08-17 03:30:00;63355.51;63382;63339.78;63343
2026-08-17 03:15:00;63420;63420.16;63345.32;63355.51
2026-08-17 03:00:00;63403.33;63447.99;63366.9;63420
2026-08-17 02:45:00;63256.7;63500;63253.18;63403.34
2026-08-17 02:30:00;63186;63359.25;63136;63256.69
2026-08-17 02:15:00;63082;63206.74;63049.36;63186.01
2026-08-17 02:00:00;63116.12;63133.45;63037.09;63082
2026-08-17 01:45:00;63214;63237.42;63116.11;63116.12
2026-08-17 01:30:00;63121.72;63246.91;63121.72;63214
2026-08-17 01:15:00;63054.68;63160;63028;63121.72
2026-08-17 01:00:00;62917.54;63192;62896;63054.68
2026-08-17 00:45:00;62947.84;62947.85;62846.57;62917.54
2026-08-17 00:30:00;62866.02;62956;62751.1;62947.84
2026-08-17 00:15:00;62909.53;62909.53;62760;62866.02
2026-08-17 00:00:00;62900;62932.87;62865;62909.53
2026-08-16 23:45:00;62898.13;62927.55;62880.98;62900
2026-08-16 23:30:00;62845.99;62898.13;62840;62898.12
2026-08-16 23:15:00;62842.69;62913.92;62830;62846
2026-08-16 23:00:00;62913.7;62993.77;62842.69;62842.7
2026-08-16 22:45:00;62790;62913.7;62742;62913.7
2026-08-16 22:30:00;62845.22;62845.23;62716;62790
2026-08-16 22:15:00;62922.45;62954;62834.39;62845.22
2026-08-16 22:00:00;62929.61;62931.68;62790.05;62922.44
2026-08-16 21:45:00;62939.59;62978;62886;62929.61
2026-08-16 21:30:00;63032;63041;62754;62939.59
2026-08-16 21:15:00;63058;63085.15;63031.41;63032
2026-08-16 21:00:00;63067.79;63067.8;63030;63057.99
2026-08-16 20:45:00;63071.57;63072.2;63027.6;63067.79
2026-08-16 20:30:00;63094.58;63110;63046;63071.58
2026-08-16 20:15:00;63135.96;63135.96;63094.58;63094.58
2026-08-16 20:00:00;63108.8;63140;63108.8;63135.97
2026-08-16 19:45:00;63157.91;63170.15;63100.89;63108.81
2026-08-16 19:30:00;63219.99;63230;63155.86;63157.91
2026-08-16 19:15:00;63182.01;63220;63182;63219.99
2026-08-16 19:00:00;63140.05;63190;63140.05;63182.01
2026-08-16 18:45:00;63145.15;63145.15;63140.05;63140.06
2026-08-16 18:30:00;63157.45;63157.45;63145.14;63145.14
2026-08-16 18:15:00;63139.99;63173.71;63139.99;63157.44
2026-08-16 18:00:00;63159.31;63166.39;63120;63140
2026-08-16 17:45:00;63126;63164;63120.22;63159.3
2026-08-16 17:30:00;63190;63190;63126;63126
2026-08-16 17:15:00;63220;63231.73;63185;63190
2026-08-16 17:00:00;63260;63276.61;63209.4;63219.99
2026-08-16 16:45:00;63290.01;63290.01;63205.32;63260.01
2026-08-16 16:30:00;63324.51;63390;63290;63290.01
2026-08-16 16:15:00;63207.99;63352.94;63206.96;63324.5
2026-08-16 16:00:00;63146.39;63212;63137.35;63207.99
2026-08-16 15:45:00;63114.01;63146.4;63114.01;63146.39
2026-08-16 15:30:00;63110.26;63140;63110.25;63114.02
2026-08-16 15:15:00;63110.26;63110.26;63110.25;63110.26
2026-08-16 15:00:00;63102.86;63120;63102.86;63110.25
2026-08-16 14:45:00;63100.89;63102.86;63100.89;63102.85
2026-08-16 14:30:00;63080.01;63100.9;63075.18;63100.89
2026-08-16 14:15:00;63063.05;63100.9;63063.04;63080.01
2026-08-16 14:00:00;63060.01;63063.05;63060;63063.04
2026-08-16 13:45:00;63067.02;63067.02;63060;63060.01
2026-08-16 13:30:00;63063;63070.05;63062.99;63067.01
2026-08-16 13:15:00;63063.34;63070;63058.02;63063
2026-08-16 13:00:00;63021.99;63063.34;63021.98;63063.34
2026-08-16 12:45:00;62997.77;63021.99;62997.77;63021.98
2026-08-16 12:30:00;63025.35;63025.36;62997.77;62997.77
2026-08-16 12:15:00;63025.4;63025.4;63025.35;63025.36
2026-08-16 12:00:00;63013.66;63025.42;63013.65;63025.39
2026-08-16 11:45:00;62999.64;63013.66;62983.97;63013.66
2026-08-16 11:30:00;62981.94;63003.5;62981.94;62999.63
2026-08-16 11:15:00;63006.55;63006.55;62981.93;62981.95
2026-08-16 11:00:00;63008.56;63008.57;63006.54;63006.54
2026-08-16 10:45:00;63008.56;63008.57;63008.56;63008.57
2026-08-16 10:30:00;63013.62;63013.62;63008.56;63008.57
2026-08-16 10:15:00;62987.78;63013.62;62987.78;63013.62
2026-08-16 10:00:00;62992.68;62992.69;62968.45;62987.79
2026-08-16 09:45:00;63000;63008.69;62968.45;62992.69
2026-08-16 09:30:00;63072.42;63072.43;63000;63000
2026-08-16 09:15:00;63072.42;63072.43;63072.42;63072.42
2026-08-16 09:00:00;63072.43;63072.43;63072.42;63072.43
2026-08-16 08:45:00;63072.43;63072.43;63072.42;63072.42
2026-08-16 08:30:00;63079.76;63079.76;63071.71;63072.42
2026-08-16 08:15:00;63064.1;63079.76;63064.1;63079.76
2026-08-16 08:00:00;63061.03;63064.11;63061.02;63064.1
2026-08-16 07:45:00;63061.03;63061.03;63061.02;63061.02
2026-08-16 07:30:00;63061.03;63063.03;63061.02;63061.03
2026-08-16 07:15:00;63054.35;63061.03;63054.34;63061.02
2026-08-16 07:00:00;63069.32;63069.32;63054.34;63054.34
2026-08-16 06:45:00;63058.49;63083.79;63058.48;63069.31
2026-08-16 06:30:00;63072.31;63072.32;63057.03;63058.48
2026-08-16 06:15:00;63044;63072.32;63043.99;63072.32
2026-08-16 06:00:00;63069.43;63078.41;63043.21;63044
2026-08-16 05:45:00;63053.27;63070;63040;63069.43
2026-08-16 05:30:00;63070;63075;63051.99;63053.27
2026-08-16 05:15:00;63093.99;63094;63070;63070.01
2026-08-16 05:00:00;63090;63094;63074.27;63093.99
2026-08-16 04:45:00;63116.89;63124.43;63090;63090.01
2026-08-16 04:30:00;63153.55;63153.56;63116.89;63116.9
2026-08-16 04:15:00;63134.73;63158.8;63134.72;63153.56
2026-08-16 04:00:00;63130.01;63134.73;63130;63134.72
2026-08-16 03:45:00;63124.03;63130.01;63120.93;63130
2026-08-16 03:30:00;63120;63124.04;63119.99;63124.03
2026-08-16 03:15:00;63122.99;63122.99;63115.61;63119.99
2026-08-16 03:00:00;63121.92;63125;63121.91;63122.98
2026-08-16 02:45:00;63151.58;63151.59;63115.6;63121.91
2026-08-16 02:30:00;63115;63151.59;63115;63151.58
2026-08-16 02:15:00;63024.23;63120.99;63024.22;63115.01
2026-08-16 02:00:00;63084.78;63084.78;63024.22;63024.22
2026-08-16 01:45:00;63066.94;63084.78;63054.68;63084.78
2026-08-16 01:30:00;63059.67;63066.94;63012;63066.94
2026-08-16 01:15:00;63052.26;63078.75;63052.25;63059.68
2026-08-16 01:00:00;63085.81;63085.82;63052.25;63052.25
2026-08-16 00:45:00;63070;63085.82;63069.99;63085.82
2026-08-16 00:30:00;63071.74;63071.75;63061.47;63070
2026-08-16 00:15:00;63071.75;63071.75;63071.74;63071.75
2026-08-16 00:00:00;63086.01;63086.01;63067.47;63071.74
2026-08-15 23:45:00;63102.76;63104;63086;63086.01
2026-08-15 23:30:00;63112.01;63112.01;63100;63102.75
2026-08-15 23:15:00;63134;63134;63112;63112
2026-08-15 23:00:00;63135.52;63139.96;63112.9;63134
2026-08-15 22:45:00;63158.81;63175;63135.52;63135.52
2026-08-15 22:30:00;63152.63;63159.33;63152.62;63158.8
2026-08-15 22:15:00;63150.01;63152.63;63135.52;63152.62
2026-08-15 22:00:00;63159.04;63165.53;63150;63150
2026-08-15 21:45:00;63168.17;63168.95;63155.07;63159.04
2026-08-15 21:30:00;63154.98;63168.17;63139.57;63168.17
2026-08-15 21:15:00;63104.55;63154.98;63104.55;63154.97
2026-08-15 21:00:00;63103.29;63104.57;63103.29;63104.56
2026-08-15 20:45:00;63081.17;63103.3;63081.16;63103.29
2026-08-15 20:30:00;63078.62;63081.17;63078.62;63081.17
2026-08-15 20:15:00;63078.62;63078.63;63078.62;63078.63
2026-08-15 20:00:00;63126.07;63126.08;63076.96;63078.62
2026-08-15 19:45:00;63115.58;63126.08;63115.57;63126.08
2026-08-15 19:30:00;63101.31;63127.4;63101.31;63115.58
2026-08-15 19:15:00;63086.61;63125;63086.6;63101.31
2026-08-15 19:00:00;63057.58;63090.98;63057.57;63086.6
2026-08-15 18:45:00;63050.05;63057.58;63044.37;63057.58
2026-08-15 18:30:00;63050.06;63050.06;63050.05;63050.06
2026-08-15 18:15:00;63097.15;63097.16;63050.05;63050.05
2026-08-15 18:00:00;63070.49;63115.58;63070;63097.16
2026-08-15 17:45:00;63070.49;63070.5;63070.48;63070.5
2026-08-15 17:30:00;63070.49;63070.5;63070.49;63070.49
2026-08-15 17:15:00;63096.58;63100.69;63066.21;63070.5
2026-08-15 17:00:00;63096.62;63096.63;63096.58;63096.59
2026-08-15 16:45:00;63096.6;63096.63;63095.56;63096.63
2026-08-15 16:30:00;63121.6;63124.99;63092.92;63096.6
2026-08-15 16:15:00;63083.03;63121.6;63066.73;63121.59
2026-08-15 16:00:00;63100.55;63100.56;63076;63083.03
2026-08-15 15:45:00;63115.59;63115.6;63100.55;63100.55
2026-08-15 15:30:00;63073.55;63120.09;63073.54;63115.59
2026-08-15 15:15:00;63040.01;63078.96;63032;63073.55
2026-08-15 15:00:00;63040.01;63045.7;63040;63040.01
2026-08-15 14:45:00;63040;63051.43;63040;63040
2026-08-15 14:30:00;63040.01;63040.08;63029.89;63040
2026-08-15 14:15:00;63055.01;63055.01;62996.77;63040
2026-08-15 14:00:00;63060.34;63060.35;63034.45;63055.01
2026-08-15 13:45:00;63031.44;63060.35;63031.43;63060.35
2026-08-15 13:30:00;63036;63049.6;63031.43;63031.43
2026-08-15 13:15:00;63073.14;63078.96;63036;63036.01
2026-08-15 13:00:00;63050.12;63080.88;63028.11;63073.14
2026-08-15 12:45:00;62960.46;63055.36;62946.58;63050.13
2026-08-15 12:30:00;62987.25;62987.26;62960.46;62960.47
2026-08-15 12:15:00;62986.36;62987.26;62984.73;62987.26
2026-08-15 12:00:00;63022.01;63022.01;62986.36;62986.37
2026-08-15 11:45:00;63047.78;63054.69;62996.85;63022.01
2026-08-15 11:30:00;63032.53;63047.78;63032.53;63047.77
2026-08-15 11:15:00;63030;63044.95;63030;63032.54
2026-08-15 11:00:00;63046.1;63046.11;63029.67;63030
2026-08-15 10:45:00;63036;63051.74;63027.12;63046.1
2026-08-15 10:30:00;63020;63044;63018.76;63035.99
2026-08-15 10:15:00;63018.81;63020;63018.8;63019.99
2026-08-15 10:00:00;63030.39;63033.25;63002.12;63018.81
2026-08-15 09:45:00;63026.62;63045.83;63026.61;63030.38
2026-08-15 09:30:00;62981.38;63029.15;62981.37;63026.61
2026-08-15 09:15:00;62956.64;62982.76;62956.63;62981.37
2026-08-15 09:00:00;62935.72;62960.27;62920;62956.64
2026-08-15 08:45:00;63020;63057.58;62933.71;62935.72
2026-08-15 08:30:00;63052.71;63052.72;63020;63020.01
2026-08-15 08:15:00;63061.87;63065.97;63052.7;63052.71
2026-08-15 08:00:00;63075.43;63085.8;63061.87;63061.88
2026-08-15 07:45:00;63079.92;63082;63042;63075.43
2026-08-15 07:30:00;63076.75;63099.48;63063.01;63079.93
2026-08-15 07:15:00;63134.83;63134.83;63069.83;63076.75
2026-08-15 07:00:00;63114.68;63134.83;63068;63134.83
2026-08-15 06:45:00;63069.29;63134.84;63069.28;63114.68
2026-08-15 06:30:00;63036.5;63069.29;63036.5;63069.29
2026-08-15 06:15:00;63037.77;63067.85;63027.89;63036.5
2026-08-15 06:00:00;63089;63095.32;63037.76;63037.76
2026-08-15 05:45:00;63075.07;63094.64;63039.99;63089
2026-08-15 05:30:00;63124.53;63124.54;63056.18;63075.07
2026-08-15 05:15:00;63149.54;63155.76;63124.53;63124.54
2026-08-15 05:00:00;63122.01;63149.54;63122;63149.54
2026-08-15 04:45:00;63151.64;63151.65;63122;63122
2026-08-15 04:30:00;63124.57;63151.64;63123.29;63151.64
2026-08-15 04:15:00;63099.99;63130;63099.99;63124.57
2026-08-15 04:00:00;63051.25;63100;63051.25;63099.99
2026-08-15 03:45:00;63064.34;63075.03;63039.99;63051.25
2026-08-15 03:30:00;63091.75;63091.75;63046;63064.34
2026-08-15 03:15:00;63154;63187.98;63088;63091.75
2026-08-15 03:00:00;63134.41;63155;63134.4;63154
2026-08-15 02:45:00;63121.12;63134.41;63121.12;63134.41
2026-08-15 02:30:00;63102.58;63134.82;63102.57;63121.12
2026-08-15 02:15:00;63052;63118.41;63052;63102.57
2026-08-15 02:00:00;63045.14;63065.8;63035.95;63051.99
2026-08-15 01:45:00;63030.01;63045.14;63023.64;63045.13
2026-08-15 01:30:00;63034;63051.78;63015.7;63030
2026-08-15 01:15:00;63012.89;63037.92;62999.89;63034
2026-08-15 01:00:00;63019.89;63035.27;62993.57;63012.89
2026-08-15 00:45:00;63019.99;63031.81;62992.91;63019.88
2026-08-15 00:30:00;63010;63023.97;63000.67;63019.98
2026-08-15 00:15:00;63012.37;63033.41;63000;63010
2026-08-15 00:00:00;63043.56;63059.5;63008.01;63012.37
2026-08-14 23:45:00;63008.89;63066.13;63008.88;63043.56
2026-08-14 23:30:00;62948.11;63029.53;62905.99;63008.89
2026-08-14 23:15:00;62930;62956.81;62865.03;62948.11
2026-08-14 23:00:00;62886.87;62930;62884.35;62929.99
2026-08-14 22:45:00;62884;62895.99;62868.53;62886.88
2026-08-14 22:30:00;62823.99;62884;62823.99;62883.99
2026-08-14 22:15:00;62833.33;62840.16;62800;62823.99
2026-08-14 22:00:00;62928.49;62957.28;62833.33;62833.33
2026-08-14 21:45:00;62889.01;62928.49;62876.89;62928.49
2026-08-14 21:30:00;62892.71;62912;62873.25;62889.01
2026-08-14 21:15:00;62904.01;62922.53;62888;62892.71
2026-08-14 21:00:00;62907.59;62937.22;62898.58;62904
2026-08-14 20:45:00;62912.51;62937.22;62896.85;62907.59
2026-08-14 20:30:00;62949.73;62957.28;62912;62912.51
2026-08-14 20:15:00;62974.77;62987.44;62934;62949.74
2026-08-14 20:00:00;62968.06;63020.74;62964.78;62974.76
2026-08-14 19:45:00;62982.99;62996;62943.39;62968.05
2026-08-14 19:30:00;62929.1;62982.99;62888.91;62982.99
2026-08-14 19:15:00;62859.26;62936.49;62830;62929.1
2026-08-14 19:00:00;62930.01;62930.01;62852.34;62859.26
2026-08-14 18:45:00;62972.02;62974.53;62894.85;62930.01
2026-08-14 18:30:00;63037.81;63039.15;62948.03;62972.02
2026-08-14 18:15:00;63004;63088.21;63004;63037.82
2026-08-14 18:00:00;63013.7;63070;62958;63004
2026-08-14 17:45:00;63109.98;63127.16;63000;63013.69
2026-08-14 17:30:00;63202;63220;63075.72;63109.97
2026-08-14 17:15:00;63179.76;63247.05;63166.14;63202
2026-08-14 17:00:00;63133.49;63179.77;63116;63179.76
2026-08-14 16:45:00;63210.32;63210.32;63105.26;63133.48
2026-08-14 16:30:00;63118.51;63215.58;63096.68;63210.31
2026-08-14 16:15:00;63043.31;63166.48;63035.51;63118.52
2026-08-14 16:00:00;62990.94;63103.96;62966.86;63043.3
2026-08-14 15:45:00;63006.14;63089.18;62950.78;62990.95
2026-08-14 15:30:00;62855.32;63030;62792.01;63006.14
2026-08-14 15:15:00;62705.56;62855.32;62681.29;62855.32
2026-08-14 15:00:00;62620.01;62720;62612;62705.55
2026-08-14 14:45:00;62746.02;62784.86;62535.24;62620.01
2026-08-14 14:30:00;62673.26;62797.88;62658.77;62746.02
2026-08-14 14:15:00;62610;62707.23;62573.23;62673.25
2026-08-14 14:00:00;62668;62734;62600.33;62610
2026-08-14 13:45:00;62718.39;62750.61;62607.02;62668
2026-08-14 13:30:00;62782.56;62822.33;62612.01;62718.39
2026-08-14 13:15:00;62688.42;62796.18;62640.5;62782.56
2026-08-14 13:00:00;62741.68;62754.95;62605;62688.43
2026-08-14 12:45:00;62761.91;62811.79;62726.26;62741.69
2026-08-14 12:30:00;62891.99;62913.3;62761.96;62761.96
2026-08-14 12:15:00;62824.77;62891.99;62802.01;62891.99
2026-08-14 12:00:00;62868.83;62902;62764.18;62824.77
2026-08-14 11:45:00;62896.31;62930.52;62853.83;62868.83
2026-08-14 11:30:00;62894.79;62936.82;62842.62;62896.3
2026-08-14 11:15:00;62859.8;62920.84;62840.59;62894.78
2026-08-14 11:00:00;62814.14;62889.69;62814;62859.8
2026-08-14 10:45:00;62874.85;62893.54;62803.1;62814.14
2026-08-14 10:30:00;62888.45;62946;62858.04;62874.84
2026-08-14 10:15:00;62861.16;62919.99;62850.29;62888.45
2026-08-14 10:00:00;62792.75;62864.95;62739.98;62861.17
2026-08-14 09:45:00;62763.78;62841.37;62763.78;62792.75
2026-08-14 09:30:00;62794.99;62817.59;62744;62763.78
2026-08-14 09:15:00;62877.05;62912.32;62794.98;62794.98
2026-08-14 09:00:00;62940.01;62940.01;62856;62877.04
2026-08-14 08:45:00;62843.48;62942.58;62818.08;62940.01
2026-08-14 08:30:00;62781.17;62876.19;62700;62843.49
2026-08-14 08:15:00;62913.84;62997.83;62735.2;62781.17
2026-08-14 08:00:00;62920.78;62946.88;62900;62913.54
2026-08-14 07:45:00;63024.42;63024.42;62920;62920.78
2026-08-14 07:30:00;63103.18;63104.13;62965.9;63024.42
2026-08-14 07:15:00;63072;63110;63071.99;63103.18
2026-08-14 07:00:00;62974.14;63086.16;62952.17;63072
2026-08-14 06:45:00;63180.54;63207.78;62942;62974.14
2026-08-14 06:30:00;63183.88;63243.53;63174.04;63180.53
2026-08-14 06:15:00;63294.53;63299.6;63183.87;63183.87
2026-08-14 06:00:00;63379.83;63379.83;63294.52;63294.52
2026-08-14 05:45:00;63350.01;63395.81;63345.95;63379.83
2026-08-14 05:30:00;63322.64;63370.91;63306;63350.01
2026-08-14 05:15:00;63337.22;63356;63286.67;63322.65
2026-08-14 05:00:00;63372.56;63400.3;63332.73;63337.22
2026-08-14 04:45:00;63390;63397.99;63367.72;63372.56
2026-08-14 04:30:00;63423.49;63429;63383;63389.99
2026-08-14 04:15:00;63408.27;63472.5;63370.75;63423.5
2026-08-14 04:00:00;63310;63408.27;63276;63408.26
2026-08-14 03:45:00;63380.09;63380.1;63301.58;63310
2026-08-14 03:30:00;63464;63464.01;63357.34;63380.1
2026-08-14 03:15:00;63492.11;63576;63453.3;63464
2026-08-14 03:00:00;63465.39;63492.11;63418.74;63492.11
2026-08-14 02:45:00;63516.42;63559.76;63465.38;63465.39
2026-08-14 02:30:00;63487.55;63557.79;63487.54;63516.42
2026-08-14 02:15:00;63568.83;63582;63479.85;63487.54
2026-08-14 02:00:00;63575.86;63617.45;63502.34;63568.83
2026-08-14 01:45:00;63557.99;63585.01;63521.12;63575.86
2026-08-14 01:30:00;63486.09;63558;63468.07;63557.99
2026-08-14 01:15:00;63507.83;63566.27;63458;63486.09
2026-08-14 01:00:00;63541.45;63585.92;63482;63507.83
2026-08-14 00:45:00;63526.01;63552.99;63478.46;63541.45
2026-08-14 00:30:00;63444.34;63548.87;63410;63526.01
2026-08-14 00:15:00;63503.23;63552.99;63422.77;63444.34
2026-08-14 00:00:00;63490.86;63508;63421.64;63503.24
2026-08-13 23:45:00;63459.97;63495.57;63400;63490.86
2026-08-13 23:30:00;63479.51;63501.14;63448;63459.97
2026-08-13 23:15:00;63478;63488.88;63455.41;63479.52
2026-08-13 23:00:00;63530.01;63539.03;63450;63478.01
2026-08-13 22:45:00;63554.97;63560.46;63530;63530.01
2026-08-13 22:30:00;63620;63626;63554.97;63554.97
2026-08-13 22:15:00;63612.66;63640;63574;63619.99
2026-08-13 22:00:00;63474;63628;63473.99;63612.66
2026-08-13 21:45:00;63450.11;63474;63438.4;63474
2026-08-13 21:30:00;63455.59;63500;63449.46;63450.12
2026-08-13 21:15:00;63432.58;63455.68;63415.76;63455.59
2026-08-13 21:00:00;63415.56;63477.13;63390;63432.58
2026-08-13 20:45:00;63417.94;63417.95;63382.5;63415.55
2026-08-13 20:30:00;63453.31;63474.34;63408.9;63417.95
2026-08-13 20:15:00;63414.26;63459.78;63414.26;63453.32
2026-08-13 20:00:00;63408;63466;63368;63414.25
2026-08-13 19:45:00;63415.28;63466;63392.93;63407.99
2026-08-13 19:30:00;63418.25;63442;63388;63415.28
2026-08-13 19:15:00;63406.17;63428;63381.45;63418.24
2026-08-13 19:00:00;63310;63519.39;63310;63406.17
2026-08-13 18:45:00;63200;63369.63;63184.39;63310
2026-08-13 18:30:00;63120.01;63200;63105.44;63200
2026-08-13 18:15:00;63209.64;63251.3;63120;63120.01
2026-08-13 18:00:00;63144.37;63288;63122;63209.63
2026-08-13 17:45:00;63244.7;63294.61;63144.37;63144.38
2026-08-13 17:30:00;63184.6;63264.26;63107.63;63244.7
2026-08-13 17:15:00;63129.78;63262;63104.68;63184.6
2026-08-13 17:00:00;63160.13;63160.14;63074.44;63129.78
2026-08-13 16:45:00;62995.99;63237;62930.74;63160.13
2026-08-13 16:30:00;63361.48;63438.29;62802.27;62996
2026-08-13 16:15:00;63464.29;63568.97;63323.34;63361.48
2026-08-13 16:00:00;63420.01;63509.4;63390.23;63464.29
2026-08-13 15:45:00;63727.29;63727.29;63420;63420.01
2026-08-13 15:30:00;63627.15;63752;63607.87;63727.29
2026-08-13 15:15:00;63826.2;63888;63590.8;63627.15
2026-08-13 15:00:00;63859.46;63940.08;63819.19;63826.21
2026-08-13 14:45:00;63960;63968;63854.01;63859.45
2026-08-13 14:30:00;63810.47;63999;63772;63960
2026-08-13 14:15:00;63812;63884.07;63768.17;63810.47
2026-08-13 14:00:00;63723.99;63846.17;63686;63812.01
2026-08-13 13:45:00;63807.92;63845.83;63690;63724
2026-08-13 13:30:00;63607.68;63850;63566;63807.92
2026-08-13 13:15:00;63743.67;63743.67;63570.13;63607.68
2026-08-13 13:00:00;63697.76;63804.28;63697.76;63743.66
2026-08-13 12:45:00;63587.16;63710;63564;63697.76
2026-08-13 12:30:00;63582.11;63691.99;63468;63587.16
2026-08-13 12:15:00;63563.45;63590.01;63555.49;63582.11
2026-08-13 12:00:00;63484.31;63563.45;63450;63563.45
2026-08-13 11:45:00;63465.66;63502.4;63460;63484.3
2026-08-13 11:30:00;63442.63;63480;63350;63465.66
2026-08-13 11:15:00;63622.96;63632.48;63442.63;63442.64
2026-08-13 11:00:00;63651.2;63660.76;63613.96;63622.97
2026-08-13 10:45:00;63637.37;63651.2;63637.36;63651.19
2026-08-13 10:30:00;63628.01;63637.87;63586;63637.37
2026-08-13 10:15:00;63621.07;63676;63617.36;63628.01
2026-08-13 10:00:00;63782.65;63818.16;63617.36;63621.06
2026-08-13 09:45:00;63700.47;63786.49;63700.47;63782.64
2026-08-13 09:30:00;63657.72;63703.94;63657.72;63700.48
2026-08-13 09:15:00;63620;63710;63587.99;63657.73
2026-08-13 09:00:00;63766.8;63768.77;63620;63620.01
2026-08-13 08:45:00;63801.99;63801.99;63742;63766.8
2026-08-13 08:30:00;63784.61;63801.99;63774.99;63801.99
2026-08-13 08:15:00;63836.01;63840.01;63774.29;63784.61
2026-08-13 08:00:00;63865.84;63915;63836;63836
2026-08-13 07:45:00;63875.52;63875.52;63856.13;63865.84
2026-08-13 07:30:00;63899.21;63903.19;63875.51;63875.52
2026-08-13 07:15:00;63878.02;63919.98;63862;63899.21
2026-08-13 07:00:00;63942.36;63947.09;63864.81;63878.02
2026-08-13 06:45:00;63760.88;63942.36;63757.47;63942.35
2026-08-13 06:30:00;63826.38;63826.38;63760.88;63760.89
2026-08-13 06:15:00;63835.88;63850.08;63814.35;63826.38
2026-08-13 06:00:00;63878.01;63886.73;63815.28;63835.88
2026-08-13 05:45:00;63926.63;63933.08;63878;63878
2026-08-13 05:30:00;63942.67;63955.2;63901.45;63926.64
2026-08-13 05:15:00;63881.19;64010;63881.19;63942.66
2026-08-13 05:00:00;63693.73;63881.99;63671.64;63881.18
2026-08-13 04:45:00;63696.48;63778;63691.18;63693.74
2026-08-13 04:30:00;63595.13;63711.09;63595.12;63696.47
2026-08-13 04:15:00;63679.55;63679.55;63591.56;63595.13
2026-08-13 04:00:00;63647;63679.6;63624.97;63679.55
2026-08-13 03:45:00;63576.22;63686.4;63576.22;63646.99
2026-08-13 03:30:00;63570;63635.76;63567.86;63576.21
2026-08-13 03:15:00;63576.77;63639.61;63559.37;63570
2026-08-13 03:00:00;63550.01;63584.82;63514.21;63576.77
2026-08-13 02:45:00;63498.26;63582;63478;63550.01
2026-08-13 02:30:00;63470.01;63498.26;63380;63498.26
2026-08-13 02:15:00;63470;63483.99;63426.72;63470.01
2026-08-13 02:00:00;63456.1;63480;63426.58;63470.01
2026-08-13 01:45:00;63412.35;63516;63382.45;63456.11
2026-08-13 01:30:00;63416.37;63539.95;63407.67;63412.36
2026-08-13 01:15:00;63631.66;63631.67;63400;63416.37
2026-08-13 01:00:00;63556.91;63631.67;63519.89;63631.66
2026-08-13 00:45:00;63515.71;63602;63501.36;63556.92
2026-08-13 00:30:00;63626.19;63626.19;63504.59;63515.71
2026-08-13 00:15:00;63602.96;63717.31;63584.76;63626.66
2026-08-13 00:00:00;63479.99;63602.96;63460.32;63602.96
2026-08-12 23:45:00;63416.96;63482.89;63406.67;63479.99
2026-08-12 23:30:00;63430.51;63482.89;63389.99;63416.97
2026-08-12 23:15:00;63413.14;63444.36;63378.23;63430.51
2026-08-12 23:00:00;63432.28;63439.99;63383.54;63413.13
2026-08-12 22:45:00;63406.2;63438;63396.01;63432.28
2026-08-12 22:30:00;63490.34;63494.69;63370;63406.2
2026-08-12 22:15:00;63496.82;63532;63485.33;63490.35
2026-08-12 22:00:00;63469.84;63536;63425.08;63496.82
2026-08-12 21:45:00;63535.27;63580;63456.58;63469.83
2026-08-12 21:30:00;63485.18;63544;63421.61;63535.27
2026-08-12 21:15:00;63584.62;63595.81;63468;63485.18
2026-08-12 21:00:00;63600;63661.24;63558.6;63584.63
2026-08-12 20:45:00;63546;63600;63528.57;63599.99
2026-08-12 20:30:00;63506.82;63570.01;63506.82;63546.01
2026-08-12 20:15:00;63462.4;63517.35;63427.08;63506.82
2026-08-12 20:00:00;63421.11;63514.57;63421.11;63462.4
2026-08-12 19:45:00;63340.32;63429.83;63322.52;63421.11
2026-08-12 19:30:00;63380.37;63402;63340.32;63340.32
2026-08-12 19:15:00;63386.16;63465.13;63310.34;63380.38
2026-08-12 19:00:00;63386.58;63431.94;63386.15;63386.16
2026-08-12 18:45:00;63443.02;63443.02;63373.97;63386.59
2026-08-12 18:30:00;63435.69;63522.56;63415.82;63443.01
2026-08-12 18:15:00;63474.8;63474.8;63380;63435.69
2026-08-12 18:00:00;63470.99;63504.15;63422.77;63474.8
2026-08-12 17:45:00;63476.01;63541.22;63455.03;63471
2026-08-12 17:30:00;63447.4;63504;63416.4;63476.01
2026-08-12 17:15:00;63540.72;63556;63426.36;63447.4
2026-08-12 17:00:00;63492.12;63541.99;63476.25;63540.73
2026-08-12 16:45:00;63520.39;63520.39;63468;63492.12
2026-08-12 16:30:00;63564.59;63578;63510;63520.39
2026-08-12 16:15:00;63476.06;63571.78;63466;63564.59
2026-08-12 16:00:00;63441.48;63500;63368.35;63476.06
2026-08-12 15:45:00;63530.01;63560.75;63419.23;63441.47
2026-08-12 15:30:00;63501.38;63570.01;63401;63530
2026-08-12 15:15:00;63500.01;63544;63438.96;63501.37
2026-08-12 15:00:00;63363.39;63528.63;63316;63500.01
2026-08-12 14:45:00;63608;63639.37;63362.74;63363.39
2026-08-12 14:30:00;63658;63695.07;63528.86;63608
2026-08-12 14:15:00;63792.12;63832;63649.99;63658.01
2026-08-12 14:00:00;63840;63926.13;63600;63792.12
2026-08-12 13:45:00;63983.14;64070.28;63840;63840
2026-08-12 13:30:00;63960;64014.96;63868;63983.15
2026-08-12 13:15:00;63983.99;64044;63912.36;63960
2026-08-12 13:00:00;64119.72;64159.36;63939.4;63984
2026-08-12 12:45:00;64097.99;64183.66;63976.37;64119.71
2026-08-12 12:30:00;64412;64500;64047.82;64097.99
2026-08-12 12:15:00;64265.67;64444;64262.5;64412
2026-08-12 12:00:00;64240.04;64319.32;64215;64265.67
2026-08-12 11:45:00;64196.58;64249.5;64195;64240.04
2026-08-12 11:30:00;64200;64218;64160;64196.58
2026-08-12 11:15:00;64136.47;64208;64130;64200.01
2026-08-12 11:00:00;64143.36;64213.68;64113.5;64136.47
2026-08-12 10:45:00;64146;64156.13;64080.01;64143.36
2026-08-12 10:30:00;64068;64160.89;64068;64146
2026-08-12 10:15:00;64123.64;64133.61;64059.99;64068
2026-08-12 10:00:00;64108.82;64218;64102.4;64123.63
2026-08-12 09:45:00;64042.55;64130.47;64034;64108.81
2026-08-12 09:30:00;63983.99;64088;63983.99;64042.55
2026-08-12 09:15:00;63856;64002;63855.99;63983.99
2026-08-12 09:00:00;63794.95;63862.29;63768.01;63856
2026-08-12 08:45:00;63779.37;63824.13;63779.36;63794.94
2026-08-12 08:30:00;63824.47;63824.47;63773.98;63779.37
2026-08-12 08:15:00;63791.77;63836;63791.76;63824.47
2026-08-12 08:00:00;63838;63867.2;63784.01;63791.77
2026-08-12 07:45:00;63700.97;63838;63644.1;63837.99
2026-08-12 07:30:00;63736.01;63772.82;63685.13;63700.97
2026-08-12 07:15:00;63760.57;63760.57;63729.25;63736.01
2026-08-12 07:00:00;63711.97;63799.15;63710;63760.57
2026-08-12 06:45:00;63653.77;63711.97;63630.88;63711.97
2026-08-12 06:30:00;63636.94;63678;63606.15;63653.77
2026-08-12 06:15:00;63709.58;63754;63622.26;63636.95
2026-08-12 06:00:00;63849.94;63849.94;63709.58;63709.58
2026-08-12 05:45:00;63852.63;63865.01;63821.44;63849.94
2026-08-12 05:30:00;63838.53;63869.56;63824.72;63852.62
2026-08-12 05:15:00;63816.98;63838.53;63814.76;63838.53
2026-08-12 05:00:00;63769.58;63816.98;63724.25;63816.98
2026-08-12 04:45:00;63771.12;63830;63749.99;63769.58
2026-08-12 04:30:00;63796.8;63796.8;63739.99;63771.13
2026-08-12 04:15:00;63785.63;63891.42;63785.62;63796.81
2026-08-12 04:00:00;63835.58;63840.37;63768;63785.62
2026-08-12 03:45:00;63814.79;63844.79;63780;63835.59
2026-08-12 03:30:00;63756.57;63845.91;63738.08;63814.79
2026-08-12 03:15:00;63713.08;63779.17;63709.85;63756.58
2026-08-12 03:00:00;63749.77;63798;63709.85;63713.08
2026-08-12 02:45:00;63778.47;63783.1;63730.72;63749.76
2026-08-12 02:30:00;63898.3;63908.01;63764.29;63778.48
2026-08-12 02:15:00;63851.84;63898.3;63782.41;63898.29
2026-08-12 02:00:00;63813.8;63879.99;63813.8;63851.84
2026-08-12 01:45:00;63820.58;63855.5;63789.99;63813.8
2026-08-12 01:30:00;63752.18;63820.58;63698.18;63820.58
2026-08-12 01:15:00;63784.34;63784.34;63742;63752.19
2026-08-12 01:00:00;63742.07;63784.34;63713.4;63784.33
2026-08-12 00:45:00;63718;63745.53;63717.99;63742.07
2026-08-12 00:30:00;63666.91;63721.06;63666.91;63718
2026-08-12 00:15:00;63607.57;63698;63578;63666.91
2026-08-12 00:00:00;63600.01;63607.58;63534.01;63607.57
2026-08-11 23:45:00;63639.85;63650;63600;63600
2026-08-11 23:30:00;63593.17;63639.85;63582;63639.84
2026-08-11 23:15:00;63580;63614.72;63543.55;63593.17
2026-08-11 23:00:00;63668.5;63668.5;63565.21;63580.01
2026-08-11 22:45:00;63655;63675.59;63626.25;63668.49
2026-08-11 22:30:00;63720.28;63730.01;63655;63655.01
2026-08-11 22:15:00;63736.01;63763.94;63703.07;63720.28
2026-08-11 22:00:00;63672.73;63768;63672.72;63736
2026-08-11 21:45:00;63666.78;63691.3;63648.36;63672.73
2026-08-11 21:30:00;63671.61;63689.05;63622;63666.78
2026-08-11 21:15:00;63735.29;63768.58;63653.75;63671.6
2026-08-11 21:00:00;63740;63753.34;63732.36;63735.29
2026-08-11 20:45:00;63678.01;63748.37;63678;63740
2026-08-11 20:30:00;63676;63748.21;63657.26;63678
2026-08-11 20:15:00;63673.27;63675.99;63610.51;63675.99
2026-08-11 20:00:00;63536;63715.78;63536;63673.28
2026-08-11 19:45:00;63453.69;63536;63388.51;63536
2026-08-11 19:30:00;63355.1;63460.47;63355.1;63453.69
2026-08-11 19:15:00;63248.53;63384.69;63248.53;63355.1
2026-08-11 19:00:00;63373.07;63380;63238;63248.54
2026-08-11 18:45:00;63307.67;63387.82;63306.49;63373.07
2026-08-11 18:30:00;63475.67;63506.68;63251.59;63307.68
2026-08-11 18:15:00;63589.98;63603.47;63475.2;63475.66
2026-08-11 18:00:00;63607.87;63626.03;63550;63589.98
2026-08-11 17:45:00;63554;63632.94;63536.01;63607.88
2026-08-11 17:30:00;63575.51;63588.51;63522.3;63554
2026-08-11 17:15:00;63508.01;63606.39;63492;63575.51
2026-08-11 17:00:00;63512.59;63536.85;63461.88;63508.01
2026-08-11 16:45:00;63493.15;63545.29;63459.54;63512.59
2026-08-11 16:30:00;63594.05;63619.15;63491.83;63493.14
2026-08-11 16:15:00;63602.01;63648;63579.97;63594.05
2026-08-11 16:00:00;63609.86;63660;63542.22;63602
2026-08-11 15:45:00;63564;63635.1;63475;63609.87
2026-08-11 15:30:00;63866.52;63866.52;63451;63564
2026-08-11 15:15:00;63782;63868;63710.01;63866.53
2026-08-11 15:00:00;63770.03;63864.36;63730;63782
2026-08-11 14:45:00;63958;64005.29;63714.75;63770.03
2026-08-11 14:30:00;64026.66;64062;63898.29;63957.64
2026-08-11 14:15:00;64219.63;64263.83;63918.01;64026.67
2026-08-11 14:00:00;64200.29;64230;64116;64219.62
2026-08-11 13:45:00;64169.73;64216;64051;64200.28
2026-08-11 13:30:00;64199.57;64240;64050;64169.73
2026-08-11 13:15:00;64319.61;64327.41;64174;64199.57
2026-08-11 13:00:00;64330;64368.42;64278.61;64319.62
2026-08-11 12:45:00;64328.88;64338.6;64274.57;64330.01
2026-08-11 12:30:00;64324.69;64383.87;64319.08;64328.89
2026-08-11 12:15:00;64475.59;64475.59;64294.07;64324.7
2026-08-11 12:00:00;64389.58;64515.43;64380;64475.58
2026-08-11 11:45:00;64340;64400;64330;64389.57
2026-08-11 11:30:00;64340.33;64349.51;64333.46;64340
2026-08-11 11:15:00;64358.48;64364.68;64339.99;64340.32
2026-08-11 11:00:00;64233.23;64390.48;64233.23;64358.48
2026-08-11 10:45:00;64275.99;64275.99;64219.62;64233.23
2026-08-11 10:30:00;64307.23;64312;64258.61;64275.98
2026-08-11 10:15:00;64244;64312.46;64200;64307.23
2026-08-11 10:00:00;64300;64312.7;64244;64244
2026-08-11 09:45:00;64243.13;64300;64243.13;64300
2026-08-11 09:30:00;64190.01;64246.97;64180.6;64243.13
2026-08-11 09:15:00;64129.98;64200;64129.98;64190
2026-08-11 09:00:00;64136.41;64160;64121.51;64129.98
2026-08-11 08:45:00;64117.99;64148.78;64096.01;64136.41
2026-08-11 08:30:00;64060.01;64118;64060;64117.99
2026-08-11 08:15:00;64049;64085.19;64044.72;64060.01
2026-08-11 08:00:00;64066;64110.82;64048.99;64048.99
2026-08-11 07:45:00;64073.26;64108;64047.99;64065.99
2026-08-11 07:30:00;63913.1;64087.7;63913.09;64073.26
2026-08-11 07:15:00;63970.22;63970.23;63911.09;63913.1
2026-08-11 07:00:00;63969.29;64010.73;63969.28;63970.22
2026-08-11 06:45:00;63919.99;63969.29;63852;63969.28
2026-08-11 06:30:00;63936;63968.41;63910;63920
2026-08-11 06:15:00;64034.72;64034.72;63936;63936
2026-08-11 06:00:00;64000;64050.43;63975;64034.72
2026-08-11 05:45:00;64036;64042.26;64000;64000
2026-08-11 05:30:00;63972.87;64041.88;63972.85;64036
2026-08-11 05:15:00;64046.8;64051.59;63964;63972.86
2026-08-11 05:00:00;64023.51;64051.93;64002;64046.81
2026-08-11 04:45:00;64100.35;64102.45;64021.02;64023.51
2026-08-11 04:30:00;64108.58;64110.19;64100.34;64100.34
2026-08-11 04:15:00;64119.99;64132;64106;64108.57
2026-08-11 04:00:00;64155;64159.65;64119.99;64120
2026-08-11 03:45:00;64129.93;64155.01;64119.96;64155.01
2026-08-11 03:30:00;64138.01;64160.01;64129.91;64129.92
2026-08-11 03:15:00;64100.8;64176;64100.79;64138
2026-08-11 03:00:00;64044.6;64102;64044.59;64100.8
2026-08-11 02:45:00;64045.04;64052.96;64035.28;64044.59
2026-08-11 02:30:00;64054.53;64055.72;64032.02;64045.04
2026-08-11 02:15:00;64030;64070;64030;64054.54
2026-08-11 02:00:00;64060.8;64086;64030;64030
2026-08-11 01:45:00;63991.27;64073.32;63987.02;64060.8
2026-08-11 01:30:00;64076.23;64076.23;63958.2;63991.26
2026-08-11 01:15:00;64061.89;64080.1;63980.51;64076.23
2026-08-11 01:00:00;64040.01;64079.88;63986;64061.88
2026-08-11 00:45:00;63974;64058;63974;64040
2026-08-11 00:30:00;63986.19;64006.03;63947.8;63973.99
2026-08-11 00:15:00;63995;63999.99;63926;63986.18
2026-08-11 00:00:00;63970.01;63995.01;63895.64;63995.01
2026-08-10 23:45:00;63968;63984.86;63947.25;63970.01
2026-08-10 23:30:00;63993.01;63993.01;63920.69;63968
2026-08-10 23:15:00;63984.01;63998.45;63948.54;63993.01
2026-08-10 23:00:00;64015.99;64020;63980.69;63984
2026-08-10 22:45:00;63986;64016;63985.99;64016
2026-08-10 22:30:00;64014.51;64014.52;63944;63986
2026-08-10 22:15:00;64040.66;64055.95;64010;64014.51
2026-08-10 22:00:00;63987;64045.42;63960;64040.65
2026-08-10 21:45:00;64040.81;64045.86;63987;63987
2026-08-10 21:30:00;64117.17;64119.03;64033.25;64040.81
2026-08-10 21:15:00;64113.83;64119.03;64072.72;64117.16
2026-08-10 21:00:00;64158.49;64158.5;64094;64113.83
2026-08-10 20:45:00;64176.34;64176.35;64140.59;64158.5
2026-08-10 20:30:00;64122.75;64215.21;64106;64176.35
2026-08-10 20:15:00;64051.99;64122.75;64046.76;64122.75
2026-08-10 20:00:00;64045.7;64089.97;64023.06;64051.99
2026-08-10 19:45:00;64031.36;64049.15;63986.23;64045.7
2026-08-10 19:30:00;64025.88;64101.34;63931.07;64031.35
2026-08-10 19:15:00;63927.27;64025.88;63906.15;64025.87
2026-08-10 19:00:00;63889.39;63932;63888.01;63927.28
2026-08-10 18:45:00;63888;63928;63843.98;63889.39
2026-08-10 18:30:00;63900.13;63931.18;63806.27;63888
2026-08-10 18:15:00;63938.05;64003.8;63881.75;63900.13
2026-08-10 18:00:00;63953.04;64020.64;63895.49;63938.06
2026-08-10 17:45:00;63949.61;63976;63876;63953.04
2026-08-10 17:30:00;63923.07;64027.12;63903.98;63949.62
2026-08-10 17:15:00;63996.01;64004.87;63923.07;63923.08
2026-08-10 17:00:00;63904.65;64014;63832;63996
2026-08-10 16:45:00;63966;63972.29;63830.57;63904.65
2026-08-10 16:30:00;64123.62;64180.71;63949.99;63966
2026-08-10 16:15:00;64218;64218.01;63988;64123.63
2026-08-10 16:00:00;64299.99;64354;64196.01;64218.01
2026-08-10 15:45:00;64338.65;64357.41;64203.15;64299.99
2026-08-10 15:30:00;64396;64413.46;64239.22;64338.64
2026-08-10 15:15:00;64562;64639.79;64310;64396
2026-08-10 15:00:00;64625.77;64711.43;64534;64562
2026-08-10 14:45:00;64828.56;64861.67;64608;64625.77
2026-08-10 14:30:00;64786;64888.32;64759.95;64828.55
2026-08-10 14:15:00;64752;64829.74;64715.7;64786.01
2026-08-10 14:00:00;64561.98;64753.6;64544.01;64752
2026-08-10 13:45:00;64646;64685.84;64518.01;64561.98
2026-08-10 13:30:00;64929.46;64940.31;64607.26;64646.01
2026-08-10 13:15:00;64884.15;64973.72;64883.52;64929.45
2026-08-10 13:00:00;64870.74;64912.32;64848.38;64884.16
2026-08-10 12:45:00;65018;65018;64850;64870.75
2026-08-10 12:30:00;65055;65056.8;64911.18;65018
2026-08-10 12:15:00;65126.01;65126.01;65041.45;65055
2026-08-10 12:00:00;65125.99;65237.8;65106;65126
2026-08-10 11:45:00;65061.6;65130.16;65061.6;65125.98
2026-08-10 11:30:00;65079.72;65099.09;65059.12;65061.6
2026-08-10 11:15:00;65011.37;65090;65011.36;65079.72
2026-08-10 11:00:00;65013.07;65033.81;64977.93;65011.37
2026-08-10 10:45:00;65002.62;65053.88;65002.61;65013.06
2026-08-10 10:30:00;65017.08;65056.14;64999.97;65002.61
2026-08-10 10:15:00;65043.61;65064.9;65001.04;65017.08
2026-08-10 10:00:00;64967.25;65074.61;64967.24;65043.6
2026-08-10 09:45:00;65052.58;65052.58;64958.87;64967.24
2026-08-10 09:30:00;65164.61;65164.61;65040.43;65052.58
2026-08-10 09:15:00;65224;65224.01;65162;65164.62
2026-08-10 09:00:00;65245.59;65245.59;65186;65224.01
2026-08-10 08:45:00;65224.8;65266.8;65212;65245.58
2026-08-10 08:30:00;65289.29;65300;65192;65224.79
2026-08-10 08:15:00;65262.16;65328.73;65230;65289.28
2026-08-10 08:00:00;65202.72;65309.09;65202.72;65262.15
2026-08-10 07:45:00;65326.45;65332;65196.53;65202.73
2026-08-10 07:30:00;65323.6;65379.13;65312.01;65326.46
2026-08-10 07:15:00;65266;65334.34;65232.58;65323.6
2026-08-10 07:00:00;65299.4;65307.28;65258.98;65266.01
2026-08-10 06:45:00;65245.65;65339.7;65241.92;65299.4
2026-08-10 06:30:00;65168;65270;65167.99;65245.64
2026-08-10 06:15:00;65200.98;65237.94;65150;65167.99
2026-08-10 06:00:00;65134;65281.54;65130.01;65200.99
2026-08-10 05:45:00;65083.6;65159.25;65054.75;65134
2026-08-10 05:30:00;65041.18;65083.8;65028;65083.59
2026-08-10 05:15:00;64987.6;65064;64987.6;65041.17
2026-08-10 05:00:00;65006.74;65052.99;64979.88;64987.59
2026-08-10 04:45:00;65009.34;65052.99;64982.25;65006.73
2026-08-10 04:30:00;65025.53;65037.03;64924;65009.33
2026-08-10 04:15:00;65071.99;65100;65025.53;65025.54
2026-08-10 04:00:00;64982;65072;64960.01;65071.99
2026-08-10 03:45:00;65024.82;65059.77;64957.01;64982.01
2026-08-10 03:30:00;65028.94;65095.62;65004.75;65024.81
2026-08-10 03:15:00;64962.8;65172;64904.99;65028.95
2026-08-10 03:00:00;65099.99;65104.73;64962.79;64962.8
2026-08-10 02:45:00;65200.22;65200.22;65078.01;65099.99
2026-08-10 02:30:00;64955.78;65220;64955.78;65200.48
2026-08-10 02:15:00;65103.38;65103.38;64903.54;64955.78
2026-08-10 02:00:00;65190;65205.84;65078;65103.37
2026-08-10 01:45:00;64970.7;65391.14;64970.7;65189.99
2026-08-10 01:30:00;65008;65013.74;64900;64970.71
2026-08-10 01:15:00;65001.39;65070;65001.38;65008.01
2026-08-10 01:00:00;64968.21;65030;64900.79;65001.38
2026-08-10 00:45:00;64838;65040.61;64838;64968.01
2026-08-10 00:30:00;65006;65045.65;64826.78;64838
2026-08-10 00:15:00;65144.66;65169.78;64980.59;65006.01
2026-08-10 00:00:00;64901.59;65322.58;64846.69;65144.67
2026-08-09 23:45:00;64903.04;64930;64842.59;64901.59
2026-08-09 23:30:00;64915.84;64940.16;64851.01;64903.04
2026-08-09 23:15:00;65022;65052;64901;64915.85
2026-08-09 23:00:00;65077.13;65108;64989;65022
2026-08-09 22:45:00;65029.7;65099.59;64971.5;65077.13
2026-08-09 22:30:00;65230.62;65243.9;64971.41;65029.69
2026-08-09 22:15:00;65408.05;65443.27;65212.15;65230.62
2026-08-09 22:00:00;65192.99;65474.46;65192.99;65408.05
2026-08-09 21:45:00;65222.96;65223.76;65184.38;65192.99
2026-08-09 21:30:00;65133.47;65250;65133.46;65222.95
2026-08-09 21:15:00;65126;65141.89;65115.05;65133.46
2026-08-09 21:00:00;65137.96;65137.98;65126;65126
2026-08-09 20:45:00;65139.96;65139.96;65127.53;65137.96
2026-08-09 20:30:00;65127.73;65163.31;65127.73;65139.96
2026-08-09 20:15:00;65073.3;65149.34;65073.29;65127.73
2026-08-09 20:00:00;65180.66;65181.99;65046.25;65073.3
2026-08-09 19:45:00;65197.94;65197.94;65179.72;65180.66
2026-08-09 19:30:00;65208.27;65208.28;65197.94;65197.94
2026-08-09 19:15:00;65199.98;65210;65198.87;65208.28
2026-08-09 19:00:00;65199.69;65199.99;65190.26;65199.99
2026-08-09 18:45:00;65220;65220;65199.68;65199.68
2026-08-09 18:30:00;65213.78;65220;65213.78;65220
2026-08-09 18:15:00;65203.51;65213.78;65192;65213.78
2026-08-09 18:00:00;65198.68;65203.51;65198.68;65203.5
2026-08-09 17:45:00;65229.23;65229.23;65198.68;65198.68
2026-08-09 17:30:00;65239.16;65239.16;65229.22;65229.22
2026-08-09 17:15:00;65222;65239.18;65222;65239.15
2026-08-09 17:00:00;65232.15;65232.16;65222;65222
2026-08-09 16:45:00;65255.98;65255.99;65232.14;65232.14
2026-08-09 16:30:00;65195.71;65258.68;65195.71;65255.99
2026-08-09 16:15:00;65233.55;65243.88;65182.36;65195.71
2026-08-09 16:00:00;65228.68;65266.06;65220;65233.54
2026-08-09 15:45:00;65226.25;65238;65226.25;65228.68
2026-08-09 15:30:00;65236;65236.01;65226.25;65226.26
2026-08-09 15:15:00;65250.7;65250.7;65229.39;65236
2026-08-09 15:00:00;65260.01;65264;65214;65250.7
2026-08-09 14:45:00;65167.64;65300;65167.64;65260.01
2026-08-09 14:30:00;65184.99;65222;65150.95;65167.64
2026-08-09 14:15:00;65237.8;65237.8;65160.49;65184.99
2026-08-09 14:00:00;65219.78;65239.26;65198;65237.79
2026-08-09 13:45:00;65219.8;65222;65197.48;65219.78
2026-08-09 13:30:00;65088;65266;65087.99;65219.79
2026-08-09 13:15:00;65017.9;65088;65017.89;65087.99
2026-08-09 13:00:00;64960.12;65032.51;64960.11;65017.89
2026-08-09 12:45:00;64938.52;64962.41;64938.52;64960.11
2026-08-09 12:30:00;64942;64942;64938.5;64938.52
2026-08-09 12:15:00;64937.59;64949.99;64937.58;64942
2026-08-09 12:00:00;64950.01;64950.01;64914.73;64937.58
2026-08-09 11:45:00;64990.46;65000;64950;64950
2026-08-09 11:30:00;64978;64994.92;64978;64990.46
2026-08-09 11:15:00;64975.99;64978.01;64975.99;64978
2026-08-09 11:00:00;64959.87;64978.01;64959.86;64975.99
2026-08-09 10:45:00;64944.01;64977.22;64944;64959.86
2026-08-09 10:30:00;64970.37;64973.93;64942;64944
2026-08-09 10:15:00;64951;64994.07;64944.45;64970.37
2026-08-09 10:00:00;64877.86;64951.26;64877.85;64950.99
2026-08-09 09:45:00;64814.56;64877.86;64814.53;64877.85
2026-08-09 09:30:00;64809.69;64814.56;64809.68;64814.56
2026-08-09 09:15:00;64824.18;64831.27;64809.68;64809.69
2026-08-09 09:00:00;64824.17;64830.69;64824.16;64824.17
2026-08-09 08:45:00;64792.1;64824.17;64792.1;64824.16
2026-08-09 08:30:00;64886.82;64893.83;64792.1;64792.11
2026-08-09 08:15:00;64922.67;64933.7;64886.81;64886.82
2026-08-09 08:00:00;64826.15;64960.06;64826.14;64922.67
2026-08-09 07:45:00;64840.76;64840.76;64826.14;64826.14
2026-08-09 07:30:00;64840.86;64842.7;64829.99;64840.75
2026-08-09 07:15:00;64853.57;64856;64840.85;64840.85
2026-08-09 07:00:00;64850;64860.01;64848.34;64853.56
2026-08-09 06:45:00;64867.11;64867.11;64849.99;64849.99
2026-08-09 06:30:00;64841.19;64867.11;64841.19;64867.1
2026-08-09 06:15:00;64815.44;64845.98;64815.44;64841.2
2026-08-09 06:00:00;64801.57;64815.45;64801.57;64815.45
2026-08-09 05:45:00;64786;64801.58;64777;64801.58
2026-08-09 05:30:00;64790.85;64790.85;64786;64786.01
2026-08-09 05:15:00;64786.29;64793.01;64786;64790.84
2026-08-09 05:00:00;64785.01;64786.3;64785;64786.29
2026-08-09 04:45:00;64809.95;64809.96;64785;64785
2026-08-09 04:30:00;64826;64826.01;64809.95;64809.96
2026-08-09 04:15:00;64816.85;64826.13;64809.01;64826.01
2026-08-09 04:00:00;64788.8;64816.85;64788.79;64816.85
2026-08-09 03:45:00;64800.19;64800.19;64788.79;64788.8
2026-08-09 03:30:00;64779.99;64802.8;64774.76;64800.18
2026-08-09 03:15:00;64732.01;64784.16;64730.08;64780
2026-08-09 03:00:00;64820.01;64820.01;64732.01;64732.01
2026-08-09 02:45:00;64777.92;64820.01;64777.92;64820.01
2026-08-09 02:30:00;64842.61;64845.23;64777.99;64777.99
2026-08-09 02:15:00;64858.58;64858.59;64840.69;64842.61
2026-08-09 02:00:00;64861.46;64863.16;64809.73;64858.58
2026-08-09 01:45:00;64889.68;64889.68;64838.33;64861.46
2026-08-09 01:30:00;64863.03;64891.39;64858;64889.67
2026-08-09 01:15:00;64983.49;64985.29;64863.03;64863.03
2026-08-09 01:00:00;64973.65;65002;64972.1;64983.49
2026-08-09 00:45:00;64977.11;64980.72;64965.67;64973.65
2026-08-09 00:30:00;64969.49;64991.93;64969.48;64977.1
2026-08-09 00:15:00;64960.27;64969.49;64958.17;64969.49
2026-08-09 00:00:00;64962.6;64969.5;64960.27;64960.27
2026-08-08 23:45:00;64970.71;64974.76;64951.25;64962.6
2026-08-08 23:30:00;64938;64975.99;64938;64970.7
2026-08-08 23:15:00;64936.01;64970;64936.01;64938.01
2026-08-08 23:00:00;64950.62;64950.62;64936.01;64936.01
2026-08-08 22:45:00;64977.51;64977.52;64948.17;64950.61
2026-08-08 22:30:00;64993.5;64999.29;64963.85;64977.51
2026-08-08 22:15:00;65000.01;65015.01;64993.5;64993.51
