datetime;open;high;low;close
2026-09-30;83663.66;85649.95;82956.11;83623.6
2026-09-29;83500.01;84563.99;82775.94;83663.66
2026-09-28;84472.01;84999;82563;83500.01
2026-09-27;84433.11;85159.03;84132;84472
2026-09-26;84100;84473.58;83798;84433.1
2026-09-25;84410.24;85255;83183;84099.99
2026-09-24;84397.6;84942.45;82874.93;84410.24
2026-09-23;86208.57;87278.54;83500.01;84397.6
2026-09-22;86620.01;86717.6;85114;86208.56
2026-09-21;81178.01;87395.67;80850.22;86620
2026-09-20;81249.99;81497.33;80126.04;81178
2026-09-19;80883.86;81951;80844.58;81249.99
2026-09-18;76417.01;81400;76296;80883.87
2026-09-17;76206;77179.47;76000;76417.01
2026-09-16;75644.48;76560.76;75064.82;76206.01
2026-09-15;78189.2;78250.46;74967.97;75644.48
2026-09-14;76842.01;79600;76388.72;78189.21
2026-09-13;77278.73;77450;76500;76842.01
2026-09-12;77225.71;77505.67;77059.75;77278.73
2026-09-11;76568.73;79890;76046.58;77225.7
2026-09-10;78306.43;78564.39;76464;76568.72
2026-09-09;78455.8;79760;77770;78306.43
2026-09-08;79112;79485;77620.01;78455.8
2026-09-07;80341.83;80443.99;78680;79112.01
2026-09-06;79831.75;80559.99;79233;80341.83
2026-09-05;79660.77;80200;79442;79831.75
2026-09-04;81270.37;81427.75;78660;79660.77
2026-09-03;77340.01;82300;76968;81270.37
2026-09-02;77439.01;77792;76264;77340.01
2026-09-01;78581.3;79220.61;76420;77439
2026-08-31;77682;79250;77392;78581.29
2026-08-30;78230;79400;77000;77682
2026-08-29;77845.88;78330;77382.37;78230
2026-08-28;80249.59;81478.87;76888;77845.87
2026-08-27;79023.75;80848.74;78546.13;80249.58
2026-08-26;78539.13;79251.6;77632.58;79023.75
2026-08-25;78992.76;81272.62;77851;78539.14
2026-08-24;77734;80000;76670.01;78992.75
2026-08-23;77074.94;78052.85;75545.67;77734
2026-08-22;78338.03;78828.15;76500;77074.93
2026-08-21;73027.02;79500;73027.02;78338.03
2026-08-20;69334.78;73400;68902.22;73025.15
2026-08-19;64725.42;70000;64166;69334.79
2026-08-18;64532.11;65058.81;64027.85;64725.42
2026-08-17;62900;64610.01;62751.1;64532.1
2026-08-16;63086.01;63390;62716;62900
2026-08-15;63043.56;63187.98;62920;63086.01
2026-08-14;63490.86;63617.45;62535.24;63043.56
2026-08-13;63479.99;64010;62802.27;63490.86
2026-08-12;63600.01;64500;63310.34;63479.99
2026-08-11;63970.01;64515.43;63238;63600
2026-08-10;64901.59;65391.14;63806.27;63970.01
2026-08-09;64962.6;65474.46;64730.08;64901.59
2026-08-08;64923.2;65192.54;64784.19;64962.6
2026-08-07;64323.61;65390.99;64166;64923.19
2026-08-06;64665.24;64999;64172;64323.61
2026-08-05;64106.55;65025.22;63880;64665.23
2026-08-04;63520;64549.16;63322.01;64106.56
2026-08-03;63570.01;64080;62300;63520
2026-08-02;62823.65;63796.33;62806.58;63570
2026-08-01;62887.88;63150;62275;62823.64
2026-07-31;64780.03;65409.56;62466;62887.88
2026-07-30;63984.29;65176.6;63603.92;64780.02
2026-07-29;63915;64744.81;63267.34;63984.28
2026-07-28;63755.86;64100;62742.47;63915
2026-07-27;65400;65744.6;63605.56;63755.86
2026-07-26;64375.01;65577;64293.81;65399.99
2026-07-25;64140;64475.28;63810;64375
2026-07-24;65098.98;65808.59;63739.75;64139.99
2026-07-23;66114.5;66313.14;64650;65098.97
2026-07-22;66556.15;66739.89;65553.67;66114.49
2026-07-21;65255.51;66956.15;65148.75;66556.16
2026-07-20;64722.55;65799;63100;65255.51
2026-07-19;64834.21;64967.25;64280;64722.54
2026-07-18;63931.67;64865;63886.65;64834.22
2026-07-17;63830.2;64387.99;62537.56;63931.67
2026-07-16;64756.28;64997.52;63748.74;63830.2
2026-07-15;65043.99;65600;64485;64756.28
2026-07-14;62334.52;65100;62272.2;65043.98
2026-07-13;63780;64425;61824.97;62334.52
2026-07-12;63819.01;64290.11;63640.83;63780
2026-07-11;64161.72;64504.11;63819;63819
2026-07-10;63230.01;64692.83;62926.01;64161.72
2026-07-09;62290.01;63500;61705.29;63230
2026-07-08;63364;63761.99;61544.56;62290
2026-07-07;64042.93;64314;62671.39;63363.99
2026-07-06;63650.01;64700;61306.84;64042.02
2026-07-05;63144.01;63999;62436.59;63650
2026-07-04;62583.26;63461.99;62328.24;63144.01
2026-07-03;61560;62979.86;61248.86;62583.26
2026-07-02;60024;62200;59588;61560
2026-07-01;58624.71;61334;57800.19;60024
2026-06-30;60260.2;60276.54;58201;58624.71
2026-06-29;59577.01;60780.57;58900.01;60260.21
2026-06-28;60029.01;60545.01;58905;59577.01
2026-06-27;60097.27;60941.17;59855.16;60029
2026-06-26;59794.64;60759.99;58337;60097.27
2026-06-25;61078;61962.4;58115.01;59794
2026-06-24;62734.57;63239.06;59102.7;61077.99
2026-06-23;64020.01;64275.38;61938;62734.57
2026-06-22;63312;65622.83;63312;64020.01
2026-06-21;64298.01;64588;63270;63311.99
2026-06-20;63543.9;64388;63184.21;64298.01
2026-06-19;62958.01;63666;62316.44;63543.91
2026-06-18;64509.4;64806;62272.07;62958.01
2026-06-17;65675.02;66445.93;63915.77;64509.4
2026-06-16;66328.74;66992;65360.92;65675.01
2026-06-15;65746.45;67292.15;65354;66328.74
2026-06-14;64458.01;65800;63678.83;65746.45
2026-06-13;63580;64762.77;63418.66;64458.01
2026-06-12;63626;64394.44;62829.81;63580.01
2026-06-11;61510.99;63933.02;61510.99;63625.99
2026-06-10;61730;62857.99;60755;61510.99
2026-06-09;63086;63526.01;60780;61730
2026-06-08;63332.01;64200;62408;63085.99
2026-06-07;60884.62;64234.68;60746;63332.01
2026-06-06;61056.47;61530.05;59500;60884.62
2026-06-05;63885.99;63978;59130.91;61056.47
2026-06-04;64142.75;64764.32;61383.56;63885.99
2026-06-03;66760.84;67516;64092.49;64142.75
2026-06-02;71408.9;71408.9;66193;66760.83
2026-06-01;73674.39;74092;70686.68;71408.9
2026-05-31;73884.38;74275.66;73400;73674.39
2026-05-30;73460.78;74143.76;73216;73884.38
2026-05-29;73617.52;74514.1;72512.49;73460.78
2026-05-28;74449.31;74590.77;72582.82;73617.51
2026-05-27;75930.01;76174.15;74243.99;74449.3
2026-05-26;77322.01;78080;75677.97;75930.01
2026-05-25;77064.96;77905.52;76914.25;77322.01
2026-05-24;76752;77543.15;76108;77064.96
2026-05-23;75539.5;77404.18;74289.6;76752.01
2026-05-22;77615.52;77900;75359.18;75539.5
2026-05-21;77552.24;78200;76719.47;77615.52
2026-05-20;76834.36;77853.04;76516.74;77552.23
2026-05-19;77001.88;77414.62;76144.71;76834.36
2026-05-18;77457.67;77800;76051;77001.87
2026-05-17;78148.05;78599.99;76735.16;77457.67
2026-05-16;79113.2;79227.77;77640;78148.05
2026-05-15;81090;81664.45;78659;79113.21
2026-05-14;79313.61;82048.13;78922;81089.99
2026-05-13;80504.47;81324.64;78754.65;79313.61
2026-05-12;81745.66;81788;79843.59;80504.47
2026-05-11;82210.07;82380;80462.97;81745.65
2026-05-10;80678.41;82479.32;80279.77;82210.07
2026-05-09;80193.18;81080;80129.85;80678.4
2026-05-08;80006;80500;79181.48;80193.17
2026-05-07;81447.01;81708.32;79500;80006
2026-05-06;80905.53;82850;80731.14;81447.01
2026-05-05;79861.01;81791.48;79808.72;80905.52
2026-05-04;78568.58;80776.99;78202;79861.01
2026-05-03;78686.84;79447;78084.08;78568.57
2026-05-02;78231.13;79199.48;78040;78686.85
2026-05-01;76346.58;78914.12;76320.42;78231.13
2026-04-30;75780;76669.14;75323.65;76346.57
2026-04-29;76342.78;77904.93;74937.52;75780
2026-04-28;77371.32;77478;75666.6;76342.77
2026-04-27;78657.55;79485.66;76459.64;77371.32
2026-04-26;77625;78961;77326.51;78657.55
2026-04-25;77437.13;77885.35;77140.23;77625
2026-04-24;78257.48;78581.93;77264.08;77437.13
2026-04-23;78178.22;78662.5;76960;78257.48
2026-04-22;76336.14;79472.82;76132.95;78178.23
2026-04-21;75840.97;76927.57;74821.57;76336.15
2026-04-20;73801.8;76558.62;73724.31;75840.97
2026-04-19;75691.76;76240.66;73762.9;73801.79
2026-04-18;77072.01;77420.08;75445.16;75691.76
2026-04-17;75154.28;78333;74529.4;77072
2026-04-16;74809.99;75534.76;73309.85;75154.29
2026-04-15;74131.55;75425;73514;74809.99
2026-04-14;74418;76038;73795.47;74131.55
2026-04-13;70741.56;74900;70566.99;74417.99
2026-04-12;73043.16;73137.24;70505.88;70740.98
2026-04-11;72962.71;73790;72513.09;73043.16
2026-04-10;71787.98;73434;71426.15;72962.7
2026-04-09;71069.93;73145;70466;71787.97
2026-04-08;71924.22;72857;70707.23;71069.93
2026-04-07;68853.66;72761;67732.01;71924.22
2026-04-06;69034.18;70351.46;68300;68853.66
2026-04-05;67300.42;69136.2;66611.66;69034.18
2026-04-04;66964.29;67562.93;66775.91;67300.42
2026-04-03;66901.99;67370.42;66282;66964.3
2026-04-02;68113.92;68653.38;65712.12;66901.99
2026-04-01;68284.49;69310;67578.75;68113.92
2026-03-31;66797.38;68589.49;65998.05;68284.48
2026-03-30;66010.93;68169.65;65800.59;66797.37
2026-03-29;66377.04;67130.5;65000;66010.93
2026-03-28;66407.28;67288.94;65932.09;66377.03
2026-03-27;68820.31;69179.05;65548.25;66407.28
2026-03-26;71336.53;71436.82;68153;68820.31
2026-03-25;70556.74;72026.09;70408;71336.53
2026-03-24;70906.45;71400;68923.07;70556.74
2026-03-23;67859;71817.09;67445.18;70906.45
2026-03-22;68918.12;69588.79;67360.66;67859
2026-03-21;70510.73;71100.94;68571.42;68918.12
2026-03-20;69930.01;71367;69388;70510.73
2026-03-19;71246.55;71613.79;68793.35;69930
2026-03-18;73909.37;74672.34;70500;71246.54
2026-03-17;74884.67;76000;73399.19;73909.36
2026-03-16;72815.25;74909.08;72270.41;74884.67
2026-03-15;71211.95;73199;70858.82;72815.24
2026-03-14;70930.01;71307.92;70317;71211.95
2026-03-13;70541.34;73913.74;70386.01;70930
2026-03-12;70191.86;70800;69205.91;70541.34
2026-03-11;69948.64;71321;68977.91;70191.86
2026-03-10;68432.16;71777;68391.41;69948.63
2026-03-09;65971.2;69516.65;65821.97;68432.16
2026-03-08;67262.91;68200;65618.49;65971.2
2026-03-07;68114.02;68551.04;66915.26;67262.91
2026-03-06;70891.02;71419.98;67744.78;68114.02
2026-03-05;72666.77;73558.15;70645.47;70890.72
2026-03-04;68338.01;74050;67400;72666.77
2026-03-03;68830.06;69258.08;66158;68338
2026-03-02;65776.48;70096;65259.21;68830.06
2026-03-01;66973.26;68199.99;65056;65776.47
2026-02-28;65872.09;67760;63030;66973.26
2026-02-27;67485.19;68216.8;64914.46;65872.1
2026-02-26;67988.04;68860;66500;67485.18
2026-02-25;64058.15;69988.83;63913.27;67988.04
2026-02-24;64656.01;65026.75;62510.28;64058.15
2026-02-23;67643.39;67684.86;63888.79;64656.02
2026-02-22;67975.93;68245;67190;67643.4
2026-02-21;68020;68698.7;67534.69;67975.93
2026-02-20;67003.73;68318.39;66280.2;68020.01
2026-02-19;66461;67320;65631.83;67003.73
2026-02-18;67503.52;68476.22;65870;66461
2026-02-17;68892.43;69241.5;66621.06;67503.52
2026-02-16;68832.59;70126.67;67294.11;68892.43
2026-02-15;69822.94;70983;68000;68832.58
2026-02-14;68853.97;70560.01;68730.13;69822.95
2026-02-13;66272.17;69482.97;65872.46;68853.96
2026-02-12;67082.52;68410.52;65118;66272.17
2026-02-11;68841.28;69292.88;65756;67082.52
2026-02-10;70138;70527.59;67800;68841.29
2026-02-09;70330.38;71453.53;68308;70138
2026-02-08;69289.37;72271.41;68888;70330.38
2026-02-07;70580.26;71690.07;67300;69289.38
2026-02-06;62909.87;71751.33;60000;70580.26
2026-02-05;73165.84;73341.18;62345;62909.86
2026-02-04;75770.21;76971.52;71888;73165.83
2026-02-03;78738.6;79186.81;72945.5;75770.21
2026-02-02;76968.22;79360;74604;78738.61
2026-02-01;78741.1;79424;75700;76968.21
2026-01-31;84260.5;84270.02;75719.9;78741.09
2026-01-30;84650.16;84735.75;81118;84260.49
2026-01-29;89300;89348;83383.33;84650.16
2026-01-28;89249.99;90600;88833.65;89299.99
2026-01-27;88347.08;89523.16;87304.33;89250
2026-01-26;86670.36;88860;86509.63;88347.08
2026-01-25;89225.34;89319.13;86074.72;86670.36
2026-01-24;89600.26;89957.39;89162.08;89225.34
2026-01-23;89559.68;91224.99;88578.36;89600.26
2026-01-22;89454.73;90359.99;88515.37;89559.67
2026-01-21;88427.66;90574;87263.53;89454.73
2026-01-20;92630.99;92870;87895.98;88427.66
2026-01-19;93673.14;93673.14;91910.2;92631
2026-01-18;95147.77;95531.12;93615.4;93673.14
2026-01-17;95550.94;95639.45;95021.67;95147.77
2026-01-16;95604.81;95871.47;94293.46;95550.94
2026-01-15;96951.78;97193.34;95134.48;95604.8
2026-01-14;95413.99;97924.49;94559.28;96951.78
2026-01-13;91296.2;96495;91042.66;95414
2026-01-12;91013.66;92519.95;90128.44;91296.2
2026-01-11;90504.7;91283.89;90236;91013.65
2026-01-10;90641.27;90832;90404;90504.7
2026-01-09;91100;92082.55;89694.66;90641.28
2026-01-08;91364.16;91687.99;89311;91099.99
2026-01-07;93747.97;93747.97;90675.52;91364.16
2026-01-06;93859.71;94444.44;91262.94;93747.97
2026-01-05;91529.74;94789.08;91514.81;93859.71
2026-01-04;90628.01;91810;90628;91529.73
2026-01-03;89995.14;90741.16;89314.01;90628.01
2026-01-02;88839.05;90961.81;88379.88;89995.13
2026-01-01;87648.21;88919.45;87550.43;88839.04
2025-12-31;88485.5;89200;87250;87648.22
2025-12-30;87237.13;89400;86845.66;88485.49
2025-12-29;87952.71;90406.08;86806.5;87237.13
2025-12-28;87877;88088.75;87435;87952.71
2025-12-27;87369.56;87984;87253.05;87877.01
2025-12-26;87225.27;89567.75;86655.08;87369.56
2025-12-25;87669.44;88592.74;86934.72;87225.27
2025-12-24;87486;88049.89;86420;87669.45
2025-12-23;88620.79;88940;86601.9;87486
2025-12-22;88658.87;90588.23;87900;88620.79
2025-12-21;88360.91;89081.77;87600.04;88658.86
2025-12-20;88136.95;88573.07;87795.76;88360.9
2025-12-19;85516.41;89399.97;85110.24;88136.94
2025-12-18;86243.23;89477.61;84450.01;85516.41
2025-12-17;87863.43;90365.85;85314;86243.22
2025-12-16;86432.08;88175.98;85266;87863.42
2025-12-15;88172.16;90052.64;85146.64;86432.08
2025-12-14;90240;90472.4;87577.36;88172.17
2025-12-13;90268.43;90634.55;89766.39;90240.01
2025-12-12;92513.38;92754;89480;90268.42
2025-12-11;92015.38;93555;89260.63;92513.38
2025-12-10;92678.81;94476;91563.15;92015.37
2025-12-09;90634.35;94588.99;89500;92678.8
2025-12-08;90395.32;92287.15;89612;90634.34
2025-12-07;89236.8;91760;87719.28;90395.31
2025-12-06;89330.04;90289.97;88908.01;89236.79
2025-12-05;92078.06;92692.36;88056;89330.04
2025-12-04;93429.95;94080;90889;92078.06
2025-12-03;91277.88;94150;90990.23;93429.95
2025-12-02;86286.01;92307.65;86184.39;91277.88
2025-12-01;90360.01;90417;83822.76;86286.01
2025-11-30;90802.44;92000.01;90336.9;90360
2025-11-29;90890.71;91165.65;90155.47;90802.44
2025-11-28;91333.94;93092;90180.63;90890.7
2025-11-27;90484.01;91950;90089.91;91333.95
2025-11-26;87369.97;90656.08;86306.77;90484.02
2025-11-25;88300.01;88519.99;86116;87369.96
2025-11-24;86830;89228;85272;88300.01
2025-11-23;84739.75;88127.64;84667.57;86830
2025-11-22;85129.42;85620;83500;84739.74
2025-11-21;86637.22;87498.94;80600;85129.43
2025-11-20;91554.96;93160;86100;86637.23
2025-11-19;92960.83;92980.22;88608;91554.96
2025-11-18;92215.14;93836.01;89253.78;92960.83
2025-11-17;94261.45;96043;91220;92215.14
2025-11-16;95596.23;96635.11;93005.55;94261.44
2025-11-15;94594;96846.68;94558.49;95596.24
2025-11-14;99692.03;99866.02;94012.45;94594
2025-11-13;101654.37;104085.01;98000.4;99692.02
2025-11-12;103059;105333.33;100813.59;101654.37
2025-11-11;106011.13;107500;102476.09;103058.99
2025-11-10;104722.95;106670.11;104265.02;106011.13
2025-11-09;102312.95;105495.62;101400;104722.96
2025-11-08;103339.09;103406.22;101454;102312.94
2025-11-07;101346.04;104096.36;99260.86;103339.08
2025-11-06;103885.16;104200;100300.95;101346.04
2025-11-05;101497.23;104534.74;98966.8;103885.16
2025-11-04;106583.05;107299;98944.36;101497.22
2025-11-03;110540.69;110750;105306.56;106583.04
2025-11-02;110098.1;111250.01;109471.34;110540.68
2025-11-01;109608.01;110564.49;109394.81;110098.1
2025-10-31;108322.87;111190;108275.28;109608.01
2025-10-30;110021.3;111592;106304.34;108322.88
2025-10-29;112898.44;113643.73;109200;110021.29
2025-10-28;114107.65;116086;112211;112898.45
2025-10-27;114559.41;116400;113830.01;114107.65
2025-10-26;111646.27;115466.8;111260.45;114559.4
2025-10-25;111004.9;111943.19;110672.86;111646.27
2025-10-24;110078.19;112104.98;109700.01;111004.89
2025-10-23;107567.45;111293.61;107500;110078.18
2025-10-22;108297.66;109163.88;106666.69;107567.44
2025-10-21;110532.09;114000;107473.72;108297.67
2025-10-20;108642.77;111705.56;107402.52;110532.09
2025-10-19;107185;109450.07;106103.36;108642.78
2025-10-18;106431.68;107499;106322.2;107185.01
2025-10-17;108194.27;109240;103528.23;106431.68
2025-10-16;110763.28;111982.45;107427;108194.28
2025-10-15;113028.13;113612.35;110164;110763.28
2025-10-14;115166;115409.96;109866;113028.14
2025-10-13;114958.81;115963.81;113616.5;115166
2025-10-12;110644.4;115770;109565.06;114958.8
2025-10-11;112774.49;113322.39;109561.59;110644.4
2025-10-10;121662.41;122550;102000;112774.5
2025-10-09;123306.01;123762.94;119651.47;121662.4
2025-10-08;121332.96;124197.25;121066.14;123306
2025-10-07;124658.54;125126;120574.94;121332.95
2025-10-06;123482.32;126199.63;123084;124658.54
2025-10-05;122390.99;125708.42;122136;123482.31
2025-10-04;122232.21;122800;121510;122391
2025-10-03;120529.35;123894.99;119248.3;122232
2025-10-02;118594.99;121022.07;118279.31;120529.35
2025-10-01;114048.94;118649.1;113966.67;118594.99
2025-09-30;114311.97;114792;112656.27;114048.93
2025-09-29;112163.96;114400;111560.65;114311.96
2025-09-28;109635.85;112350;109189.99;112163.95
2025-09-27;109643.46;109743.91;109064.4;109635.85
2025-09-26;108994.49;110300;108620.07;109643.46
2025-09-25;113307.01;113510.23;108631.51;108994.49
2025-09-24;111998.8;113940;111042.66;113307
2025-09-23;112650.99;113290.5;111458.73;111998.8
2025-09-22;115232.29;115379.25;111800;112650.99
2025-09-21;115685.63;115819.06;115188;115232.29
2025-09-20;115632.39;116121.81;115408.47;115685.63
2025-09-19;117073.53;117459.99;115100;115632.38
2025-09-18;116447.6;117900;116092.76;117073.53
2025-09-17;116788.96;117286.73;114720.81;116447.59
2025-09-16;115349.71;116964.27;114737.11;116788.96
2025-09-15;115268.01;116757.99;114384;115349.71
2025-09-14;115918.29;116165.19;115135;115268.01
2025-09-13;116029.41;116298.78;115127.27;115918.29
2025-09-12;115482.69;116665.63;114740.99;116029.42
2025-09-11;113960;115488.09;113430;115482.69
2025-09-10;111546.38;114313.13;110917.45;113960
2025-09-09;112065.23;113293.29;110766.66;111546.39
2025-09-08;111137.35;112924.37;110621.78;112065.23
2025-09-07;110187.98;111600;110180;111137.34
2025-09-06;110660;111307.7;109977;110187.97
2025-09-05;110730.87;113384.62;110206.96;110659.99
2025-09-04;111705.72;112180;109329.12;110730.87
2025-09-03;111240.01;112575.27;110528.71;111705.71
2025-09-02;109237.43;111771.52;108393.39;111240.01
2025-09-01;108246.36;109912.4;107255;109237.42
2025-08-31;108816.33;109480.02;108076.93;108246.35
2025-08-30;108377.4;108926.15;107350.1;108816.33
2025-08-29;112566.9;112638.64;107463.9;108377.4
2025-08-28;111262.01;113485.9;110862.42;112566.9
2025-08-27;111763.22;112625;110345.42;111262.01
2025-08-26;110111.98;112371;108666.66;111763.22
2025-08-25;113493.59;113667.28;109274.1;110111.98
2025-08-24;115438.06;115666.68;110680;113493.59
2025-08-23;116936;117030;114560;115438.05
2025-08-22;112500;117429.05;111684.79;116935.99
2025-08-21;114271.23;114821.76;112015.67;112500
2025-08-20;112872.95;114615.38;112380;114271.24
2025-08-19;116227.05;116725.69;112732.58;112872.94
2025-08-18;117405.01;117543.75;114640.14;116227.05
2025-08-17;117380.66;118575;117172.21;117405.01
2025-08-16;117342.04;117898.99;117143.98;117380.66
2025-08-15;118295.09;119216.82;116803.99;117342.05
2025-08-14;123306.44;124474;117180;118295.09
2025-08-13;120134.09;123667.79;118920.92;123306.43
2025-08-12;118686;120324.43;118207.47;120134.08
2025-08-11;119294.27;122335.16;118050.11;118686
2025-08-10;116462.25;119311.11;116460.63;119294.01
2025-08-09;116674.74;117944.05;116299.13;116462.25
2025-08-08;117472.02;117630;115878.71;116674.74
2025-08-07;114992.27;117621;114259;117472.01
2025-08-06;114129.75;115716;113355.13;114992.27
2025-08-05;115055.03;115127.81;112650;114129.75
2025-08-04;114208.81;115720;114107.6;115055.03
2025-08-03;112546.35;114799.97;111920;114208.8
2025-08-02;113297.92;114063.49;112003;112546.35
2025-08-01;115764.07;116052;112722.58;113297.93
2025-07-31;117840.29;118922.45;115500;115764.08
2025-07-30;117950.75;118792;115796.23;117840.3
2025-07-29;118062.32;119273.36;116950.75;117950.76
2025-07-28;119415.56;119800;117427.5;118062.32
2025-07-27;117919.99;119766.65;117825.5;119415.55
2025-07-26;117614.31;118297.35;117138.38;117919.99
2025-07-25;118340.98;118451.57;114723.16;117614.31
2025-07-24;118756;119450;117103.1;118340.99
2025-07-23;119954.43;120090;117301;118755.99
2025-07-22;117380.36;120247.8;116128;119954.42
2025-07-21;117265.11;119676.73;116515;117380.36
2025-07-20;117840.01;118856.8;116467.02;117265.12
2025-07-19;117924.84;118499.9;117277.34;117840
2025-07-18;119177.56;120820.71;116812.76;117924.84
2025-07-17;118630.44;120998.71;117453.57;119177.56
2025-07-16;117758.08;120063.84;117017.29;118630.43
2025-07-15;119841.17;119940.83;115736.92;117758.09
2025-07-14;119086.65;123218;118905.18;119841.18
2025-07-13;117420;119488;117224.79;119086.64
2025-07-12;117527.66;118200;116900.05;117420
2025-07-11;116010.01;118869.98;115222.22;117527.66
2025-07-10;111234;116868;110500;116010
2025-07-09;108922.99;111999.79;108324.53;111233.99
2025-07-08;108262.94;109216.56;107429.57;108922.98
2025-07-07;109203.85;109700;107513.2;108262.94
2025-07-06;108198.12;109700;107800.01;109203.84
2025-07-05;107984.25;108420.56;107756.31;108198.12
2025-07-04;109584.77;109767.59;107245;107984.24
2025-07-03;108849.59;110529.18;108530.4;109584.78
2025-07-02;105681.13;109730;105100.19;108849.6
2025-07-01;107146.51;107540;105250.85;105681.14
2025-06-30;108356.93;108789.99;106733.33;107146.5
2025-06-29;107296.79;108528.5;107172.52;108356.93
2025-06-28;107047.58;107577.75;106811.51;107296.79
2025-06-27;106947.06;107735.34;106356.76;107047.59
2025-06-26;107340.59;108272.45;106562.5;106947.06
2025-06-25;106083;108135.3;105808.03;107340.58
2025-06-24;105333.94;106290;104622.02;106083
2025-06-23;100963.87;106074.2;99613.33;105333.93
2025-06-22;102120.02;103399.62;98200;100963.87
2025-06-21;103297.98;103982.64;100837.9;102120.01
2025-06-20;104658.59;106524.65;102345;103297.99
2025-06-19;104886.79;105226.17;103929.27;104658.59
2025-06-18;104551.17;105550.27;103500;104886.78
2025-06-17;106794.53;107771.34;103371.02;104551.17
2025-06-16;105594.02;108952.38;104980.37;106794.53
2025-06-15;105414.63;106128.57;104494.53;105594.01
2025-06-14;106066.59;106252;104300;105414.64
2025-06-13;105671.74;106179.53;102664.31;106066.59
2025-06-12;108645.13;108813.55;105671.72;105671.73
2025-06-11;110274.39;110392.01;108064;108645.12
2025-06-10;110263.02;110400;108331.03;110274.39
2025-06-09;105734.01;110530.17;105318.37;110263.02
2025-06-08;105552.15;106488.14;104964.14;105734
2025-06-07;104288.43;105900;103871.09;105552.15
2025-06-06;101508.69;105333;101095.8;104288.44
2025-06-05;104696.86;105909.71;100372.26;101508.68
2025-06-04;105376.9;106000;104179;104696.86
2025-06-03;105858;106794.67;104872.5;105376.89
2025-06-02;105642.93;105935.63;103659.88;105857.99
2025-06-01;104591.88;105866.91;103752.49;105642.93
2025-05-31;103985.47;104900;103068.55;104591.88
2025-05-30;105589.75;106313.12;103621;103985.48
2025-05-29;107781.78;108891.91;105322.86;105589.75
2025-05-28;108938.17;109284.7;106769.43;107781.78
2025-05-27;109434.78;110718;107516.57;108938.17
2025-05-26;109004.2;110422.22;108670.58;109434.79
2025-05-25;107761.9;109299.99;106600.64;109004.19
2025-05-24;107318.3;109506.03;106875.41;107761.91
2025-05-23;111696.22;111800;106800;107318.3
2025-05-22;109643.99;111980;109177.37;111696.21
2025-05-21;106850;110797.38;106100.01;109643.99
2025-05-20;105573.73;107320;104184.72;106849.99
2025-05-19;106454.27;107108.62;102000;105573.74
2025-05-18;103126.65;106660;103105.09;106454.26
2025-05-17;103463.9;103709.86;102612.5;103126.65
2025-05-16;103763.71;104550.33;103100.49;103463.9
2025-05-15;103507.83;104192.7;101383.07;103763.71
2025-05-14;104103.72;104356.95;102602.05;103507.82
2025-05-13;102791.32;104976.25;101429.7;104103.72
2025-05-12;104118;105819.45;100718.37;102791.32
2025-05-11;104809.53;104972;103345.06;104118
2025-05-10;102971.99;104984.57;102818.76;104809.53
2025-05-09;103261.61;104361.3;102315.14;102971.99
2025-05-08;97030.5;104145.76;96876.29;103261.6
2025-05-07;96834.02;97732;95784.61;97030.5
2025-05-06;94733.68;96920.65;93377;96834.02
2025-05-05;94277.61;95199;93514.1;94733.68
2025-05-04;95856.42;96304.48;94151.38;94277.62
2025-05-03;96887.13;96935.67;95753.01;95856.42
2025-05-02;96489.9;97895.68;96350;96887.14
2025-05-01;94172;97424.02;94130.43;96489.91
2025-04-30;94256.82;95228.45;92910;94172
2025-04-29;95011.18;95461.53;93742.54;94256.82
2025-04-28;93749.29;95630;92800.01;95011.18
2025-04-27;94628;95369;93602.58;93749.3
2025-04-26;94638.68;95199;93870.69;94628
2025-04-25;93980.47;95758.04;92855.96;94638.68
2025-04-24;93691.07;94005;91660.01;93980.47
2025-04-23;93442.99;94696.05;91935.41;93691.08
2025-04-22;87516.22;93888;87076.03;93442.99
2025-04-21;85179.24;88465.99;85144.76;87516.23
2025-04-20;85077;85320.76;83949.52;85179.24
2025-04-19;84474.7;85677.99;84364.45;85077.01
2025-04-18;84947.92;85132.08;84303.96;84474.69
2025-04-17;84030.38;85470.01;83736.26;84947.91
2025-04-16;83643.99;85500;83111.64;84030.38
2025-04-15;84591.58;86496.42;83600;83643.99
2025-04-14;83760;85799.99;83678;84591.58
2025-04-13;85276.91;86100;83034.23;83760
2025-04-12;83423.83;85905;82792.95;85276.9
2025-04-11;79607.3;84300;78969.58;83423.84
2025-04-10;82615.22;82753.21;78464.36;79607.3
2025-04-09;76322.42;83588;74620;82615.22
2025-04-08;79163.24;80867.99;76239.9;76322.42
2025-04-07;78430;81243.58;74508;79163.24
2025-04-06;83537.99;83817.63;77153.83;78430
2025-04-05;83889.87;84266;82379.95;83537.99
2025-04-04;83213.09;84720;81659;83889.87
2025-04-03;82516.28;83998.02;81211.24;83213.09
2025-04-02;85158.35;88500;82320;82516.29
2025-04-01;82550;85579.46;82432.74;85158.34
2025-03-31;82390;83943.08;81278.52;82550.01
2025-03-30;82648.53;83534.64;81565;82389.99
2025-03-29;84424.38;84624.73;81644.81;82648.54
2025-03-28;87232.01;87515.67;83585;84424.38
2025-03-27;86909.17;87756.39;85800;87232.01
2025-03-26;87392.88;88275;85860;86909.17
2025-03-25;87498.16;88539.63;86310;87392.87
2025-03-24;86082.5;88765.43;85519.09;87498.16
2025-03-23;83840.59;86129.64;83809.75;86082.5
2025-03-22;84088.79;84539.17;83625.1;83840.59
2025-03-21;84223.38;84850.33;83175.25;84088.79
2025-03-20;86845.93;87453.67;83655.23;84223.39
2025-03-19;82715.03;87000;82547.16;86845.94
2025-03-18;84010.02;84021.74;81134.66;82715.03
2025-03-17;82574.52;84756.83;82456;84010.03
2025-03-16;84338.44;85117.04;81981.12;82574.53
2025-03-15;83983.19;84676.28;83618;84338.44
2025-03-14;81115.78;85309.71;80818.84;83983.2
2025-03-13;83680.12;84336.33;79939.9;81115.78
2025-03-12;82932.99;84539.85;80607.65;83680.12
2025-03-11;78595.86;83617.4;76606;82932.99
2025-03-10;80734.48;84123.46;77459.91;78595.86
2025-03-09;86222.46;86500;80000;80734.37
2025-03-08;86801.74;86897.25;85218.47;86222.45
2025-03-07;89931.88;91283.02;84667.03;86801.75
2025-03-06;90606;92810.64;87836;89931.89
2025-03-05;87281.98;91000;86334.53;90606.01
2025-03-04;86221.16;88967.52;81500;87281.98
2025-03-03;94269.99;94416.46;85117.11;86220.61
2025-03-02;86064.54;95000;85050.6;94270
2025-03-01;84349.95;86558;83824.78;86064.53
2025-02-28;84708.57;85120;78258.52;84349.94
2025-02-27;84250.09;87078.46;82716.49;84708.58
2025-02-26;88680.39;89414.15;82256.01;84250.09
2025-02-25;91552.88;92540.69;86050.99;88680.4
2025-02-24;96258;96500;91349.26;91552.88
2025-02-23;96551.01;96650;95227.94;96258
2025-02-22;96181.99;96980;95770.49;96551.01
2025-02-21;98305.01;99475;94871.95;96181.98
2025-02-20;96644.37;98711.36;96415.09;98305
2025-02-19;95671.74;96899.99;95029.99;96644.37
2025-02-18;95780.01;96753.91;93388.09;95671.74
2025-02-17;96118.12;97046.59;95205;95780
2025-02-16;97569.67;97704.47;96046.18;96118.12
2025-02-15;97500.47;97972.26;97223.58;97569.66
2025-02-14;96608.13;98826;96252.82;97500.48
2025-02-13;97870;98083.91;95217.36;96608.14
2025-02-12;95778.21;98119.99;94088.23;97869.99
2025-02-11;97430.82;98478.42;94876.88;95778.2
2025-02-10;96462.75;98345;95256;97430.82
2025-02-09;96444.75;97323.09;94713;96462.75
2025-02-08;96506.8;96880;95688;96444.74
2025-02-07;96554.35;100137.99;95620.34;96506.8
2025-02-06;96612.44;99120;95676.64;96554.35
2025-02-05;97763.14;99149;96155;96612.43
2025-02-04;101328.51;101732.31;96150;97763.13
2025-02-03;97700.59;102500.01;91231;101328.52
2025-02-02;100635.66;101456.6;96150;97700.59
2025-02-01;102429.56;102783.71;100279.51;100635.65
2025-01-31;104722.94;106012;101560;102429.56
2025-01-30;103733.25;106457.44;103278.54;104722.94
2025-01-29;101335.52;104782.68;101328.01;103733.24
2025-01-28;102082.83;103800;100272.68;101335.52
2025-01-27;102620.01;103260;97777.77;102082.83
2025-01-26;104746.86;105500;102520.44;102620
2025-01-25;104870.51;105286.52;104106.09;104746.85
2025-01-24;103910.35;107120;102750;104870.5
2025-01-23;103706.66;106850;101262.28;103910.34
2025-01-22;106143.82;106394.46;103339.12;103706.66
2025-01-21;102260;107240.81;100119.04;106143.82
2025-01-20;101331.57;109588;99550;102260.01
2025-01-19;104556.23;106422.43;99651.6;101331.57
2025-01-18;104077.47;104988.88;102277.55;104556.23
2025-01-17;99987.3;105865.22;99950.77;104077.48
2025-01-16;100497.35;100866.66;97335.13;99987.3
2025-01-15;96560.85;100681.94;96500;100497.35
2025-01-14;94536.11;97371;94346.22;96560.86
2025-01-13;94545.07;95940;89256.69;94536.1
2025-01-12;94599.99;95450.1;93711.19;94545.06
2025-01-11;94726.1;95050.94;93831.73;94599.99
2025-01-10;92552.49;95836;92206.02;94726.11
2025-01-09;95060.61;95382.32;91203.67;92552.49
2025-01-08;96954.6;97268.65;92500.9;95060.61
2025-01-07;102235.6;102724.38;96181.81;96954.61
2025-01-06;98363.61;102480;97920;102235.6
2025-01-05;98220.51;98836.85;97276.79;98363.61
2025-01-04;98174.17;98778.43;97514.79;98220.5
2025-01-03;96984.79;98976.91;96100.01;98174.18
2025-01-02;94591.78;97839.5;94392;96984.79
2025-01-01;93576;95151.15;92888;94591.79
2024-12-31;92792.05;96250;92033.73;93576
2024-12-30;93738.19;95024.5;91530.45;92792.05
2024-12-29;95300;95340;93009.52;93738.2
2024-12-28;94299.03;95733.99;94135.66;95300
2024-12-27;95791.6;97544.58;93500.01;94299.03
2024-12-26;99429.61;99963.7;95199.14;95791.6
2024-12-25;98663.58;99569.15;97632.02;99429.6
2024-12-24;94881.47;99487.99;93569.02;98663.58
2024-12-23;95186.28;96538.92;92520;94881.47
2024-12-22;97292;97448.08;94250.35;95186.27
2024-12-21;97805.44;99540.61;96398.39;97291.99
2024-12-20;97461.86;98233;92232.54;97805.44
2024-12-19;100204.01;102800.11;95700;97461.86
2024-12-18;106133.74;106524.98;100000;100204.01
2024-12-17;106058.65;108353;105321.49;106133.74
2024-12-16;104463.99;107793.07;103333;106058.66
2024-12-15;101420;105250;101237.14;104463.99
2024-12-14;101424.24;102650;100609.41;101420
2024-12-13;100004.29;101895.26;99205;101424.25
2024-12-12;101125;102540;99311.64;100004.29
2024-12-11;96593;101888;95658.24;101125
2024-12-10;97276.48;98270;94256.54;96593
2024-12-09;101109.6;101215.93;94150.05;97276.47
2024-12-08;99831.99;101351;98657.7;101109.59
2024-12-07;99740.84;100439.18;98844;99831.99
2024-12-06;96945.63;101898.99;95981.72;99740.84
2024-12-05;98587.32;104088;90500;96945.63
2024-12-04;95849.69;99000;94587.83;98587.32
2024-12-03;95840.61;96305.52;93578.17;95849.69
2024-12-02;97185.17;98130;94395;95840.62
2024-12-01;96407.99;97836;95693.88;97185.18
2024-11-30;97460;97463.95;96092.01;96407.99
2024-11-29;95643.99;98619.99;95364.99;97460
2024-11-28;95863.11;96564;94640;95643.98
2024-11-27;91965.16;97208.21;91792.14;95863.11
2024-11-26;93010.01;94973.37;90791.1;91965.16
2024-11-25;97900.05;98871.8;92600.19;93010.01
2024-11-24;97672.4;98564;95734.77;97900.04
2024-11-23;98892;98908.85;97136;97672.4
2024-11-22;98317.12;99588.01;97122.11;98892
2024-11-21;94286.56;98988;94040;98317.12
2024-11-20;92310.8;94831.97;91500;94286.56
2024-11-19;90464.07;93905.51;90357;92310.79
2024-11-18;89855.98;92594;89376.9;90464.08
2024-11-17;90587.98;91449.99;88722;89855.99
2024-11-16;91032.08;91779.66;90056.17;90586.92
2024-11-15;87325.59;91850;87073.38;91032.07
2024-11-14;90375.21;91790;86668.21;87325.59
2024-11-13;87952;93265.64;86127.99;90375.2
2024-11-12;88648;89940;85072;87952.01
2024-11-11;80370.01;89530.54;80216.01;88647.99
2024-11-10;76677.46;81500;76492;80370.01
2024-11-09;76509.78;76900;75714.66;76677.46
2024-11-08;75857.89;77199.99;75555;76509.78
2024-11-07;75571.99;76849.99;74416;75857.89
2024-11-06;69372.01;76400;69298;75571.99
2024-11-05;67850.01;70577.91;67476.63;69372.01
2024-11-04;68775.99;69500;66835;67850.01
2024-11-03;69374.74;69391;67478.73;68775.99
2024-11-02;69496;69914.37;69000.14;69374.74
2024-11-01;70292.01;71632.95;68820.14;69496.01
2024-10-31;72344.75;72700;69685.76;70292.01
2024-10-30;72736.41;72961;71436;72344.74
2024-10-29;69962.21;73620.12;69760;72736.42
2024-10-28;68021.69;70270;67618;69962.21
2024-10-27;67092.76;68332.05;66913.73;68021.7
2024-10-26;66698.32;67454.55;66439.9;67092.76
2024-10-25;68198.27;68771.49;65596.29;66698.33
2024-10-24;66668.65;68850;66510;68198.28
2024-10-23;67426.01;67472.83;65260;66668.65
2024-10-22;67377.5;67836.01;66571.42;67426
2024-10-21;69032;69519.52;66840.67;67377.5
2024-10-20;68377.99;69400;68100;69031.99
2024-10-19;68427.99;68693.26;68010;68378
2024-10-18;67421.78;69000;67192.36;68428
2024-10-17;67620;67939.4;66666;67421.78
2024-10-16;67074.14;68424;66750.49;67620.01
2024-10-15;66084;67950;64800.01;67074.14
2024-10-14;62870.02;66500;62457.81;66083.99
2024-10-13;63206.23;63285.72;62050;62870.02
2024-10-12;62539.99;63480;62487.23;63206.22
2024-10-11;60326.4;63417.56;60087.64;62540
2024-10-10;60636.01;61321.68;58946;60326.39
2024-10-09;62160.5;62543.75;60301;60636.02
2024-10-08;62255.98828;63199.69922;61906.019531;62160.49
2024-10-07;62821.98828;64452;62178.85938;62224
2024-10-06;62079.96094;62914.98047;61822;62820.011719
2024-10-05;62093.019531;62363.64062;61714;62066.83984
2024-10-04;60746.011719;62468.82031;60472.011719;62079.98828
2024-10-03;60635.98828;61470;59950.46875;60750.011719
2024-10-02;60796;62314;60006;60644.26172
2024-10-01;63327.58984;64130.28125;60237.64062;60845.16016
2024-09-30;65606.53125;65606.53125;62892.94141;63348
2024-09-29;65863.89062;66056.0078125;65438;65615.17969
2024-09-28;65775.78906;66229.99219;65436.94141;65869.070312
2024-09-27;65166.48828;66439.99219;64839.91016;65775.78906
2024-09-26;63152;65761.99219;62681.98828;65173.98828
2024-09-25;64279;64780;62960.011719;63161.39844
2024-09-24;63349.98828;64665.96094;62750.96094;64256
2024-09-23;63582.23828;64705.85938;62706.5;63328.87891
2024-09-22;63389.53906;63993.96875;62378.21875;63564.42188
2024-09-21;63196;63525.98828;62790.10156;63346.91016
2024-09-20;62971.71875;64079.98828;62373.98828;63201.050781
2024-09-19;61720.12891;63847.96094;61620.011719;62925.76953
2024-09-18;60323.23828;61740.011719;59211.91016;61740.011719
2024-09-17;58199.98828;61263.98047;57641.60156;60298.46875
2024-09-16;59122.23047;59200.058594;57528.011719;58213.98828
2024-09-15;59993.03125;60379.98828;58711.10156;59140
2024-09-14;60532;60600.62109;59468.011719;59993.019531
2024-09-13;58141.089844;60621.91016;57655.80078;60497.5
2024-09-12;57324.011719;58445.98828;57324.011719;58132
2024-09-11;57665.98828;57970.71875;55583.17969;57332.011719
2024-09-10;57013.98828;58021.98828;56416;57634
2024-09-09;54871;57953.64062;54592.5;57048
2024-09-08;54180;55267.019531;53640;54855.98828
2024-09-07;53946.011719;54810;53750.5;54153.12109
2024-09-06;56194.37109;56969.011719;52684;53965
2024-09-05;58006;58327.058594;55668;56180.011719
2024-09-04;57499.14844;58513.98828;55827.21094;57970.89062
2024-09-03;59144.98828;59784.98828;57447.98828;57480.98828
2024-09-02;57296;59410.46875;57210.011719;59132.14062
2024-09-01;58967.011719;59055.42188;57246.98828;57316.011719
2024-08-31;59123.019531;59444.98828;58752;58974
2024-08-30;59363.12109;59862;57900.42188;59115.011719
2024-08-29;59012.21094;61139;58750.33984;59381.011719
2024-08-28;59415;60203.98828;57918.78906;59012.92188
2024-08-27;62819.98047;63192;58260.39844;59479.011719
2024-08-26;64261.03125;64466.67188;62838.011719;62845
2024-08-25;64160.39844;64914.23828;63787.51172;64228
2024-08-24;64037.23047;64443.98828;63600;64157.19922
2024-08-23;60381.82031;64845.69922;60354;64069.98047
2024-08-22;61176.39062;61394.011719;59794;60369.98828
2024-08-21;59002.39844;61798.21875;58840;61156.019531
2024-08-20;59463.28125;61371.30859;58588;58992.80859
2024-08-19;58425.98828;59606;57884.011719;59476
2024-08-18;59496.96875;60204.011719;58434.5;58454
2024-08-17;58902.89844;59654;58822.28906;59485.03125
2024-08-16;57497.89062;59811.48828;57124.85156;58870.78125
2024-08-15;58707.98047;59831.62891;56261.19141;57547.73828
2024-08-14;60582.16016;61518;58488.32812;58715.98828
2024-08-13;59334.89844;61525.17969;58482;60587.87109
2024-08-12;58718.42969;60552.94922;57690.57812;59347.98828
2024-08-11;60926.92969;61698;58383.5;58712.58984
2024-08-10;60838;61252.98828;60262.050781;60923.51172
2024-08-09;61663.98828;61691.62891;59545.37109;60852.46875
2024-08-08;55082.19922;62609.98828;54808;61688.03125
2024-08-07;56039.98828;57656.011719;54596.011719;55118.30078
2024-08-06;54016.078125;57022.011719;53993.94922;56052.26953
2024-08-05;58189.98828;58294.96875;49551;53968
2024-08-04;60682.011719;61092;57367.070312;58148.011719
2024-08-03;61441.85156;62193.69922;59904;60705.26172
2024-08-02;65390;65576.3125;61233.26172;61499.98828
2024-08-01;64610.011719;65610;62313.60938;65354.019531
2024-07-31;66176;66828;64544;64627.98047
2024-07-30;66805.39844;67000;65330.92969;66188.0078125
2024-07-29;68263.0078125;69992.61719;66550.078125;66800.0078125
2024-07-28;67788.0078125;68296.0078125;67070.34375;68255.64062
2024-07-27;67946.0078125;69386;66764;67888.47656
2024-07-26;65830.11719;68199.99219;65770;67902.0078125
2024-07-25;65384;66083.99219;63511.98828;65799.95312
2024-07-24;65950;67056;65153.53906;65359.75
2024-07-23;67546.0078125;67750.96875;65527.28125;65934.0078125
2024-07-22;68214;68466.0078125;66606;67532
2024-07-21;67181;68363.1875;65843.95312;68150
2024-07-20;66699.78125;67577.15625;66246.17969;67141.60938
2024-07-19;63952.011719;67365.46875;63340.078125;66665.97656
2024-07-18;64104;65107.011719;63250.011719;63980
2024-07-17;65068.039062;66056.77344;63891;64088
2024-07-16;64776.011719;65312;62400;65038.011719
2024-07-15;60795.76953;64853.19141;60676.80859;64727.03125
2024-07-14;59200.71094;61276.35938;59200.71094;60786.35156
2024-07-13;57889.10938;59842;57763.23047;59200
2024-07-12;57368.96875;58516;56570;57889.089844
2024-07-11;57674.32031;59420;57094.011719;57331.32812
2024-07-10;58036.089844;59414;57188.35156;57753.85156
2024-07-09;56690.011719;58228;56306.011719;58035.03125
2024-07-08;55846.17969;58126.92969;54316;56724.92188
2024-07-07;58230.14062;58392.64844;55731.10938;55858
2024-07-06;56599.87109;58458.011719;56018.60938;58276.75
2024-07-05;57023.14844;57514;53885.98828;56640.5
2024-07-04;60240;60475.89844;56808.011719;57026.76953
2024-07-03;62135.46094;62285.94141;59481.37891;60208.57812
2024-07-02;62917.98047;63264.23828;61816.28906;62128.011719
2024-07-01;62783.078125;63850.12891;62588;62906
2024-06-30;60986.67969;63014.23828;60712.21875;62762.32031
2024-06-29;60449.98828;61217.33984;60397.46875;60986.67188
2024-06-28;61693.94922;62192.21875;60127.98828;60427.82812
2024-06-27;60864.98828;62366.46094;60648.17188;61706.46875
2024-06-26;61805.32031;62476.98047;60717.71094;60854
2024-06-25;60278.28125;62241;60268.17188;61824
2024-06-24;63178.011719;63369.78906;58562.89062;60299.55859
2024-06-23;64262;64521;63202.011719;63202.011719
2024-06-22;64143.55078;64528.94922;63947.050781;64262
2024-06-21;64869.98828;65062;63443.94141;64131.10938
2024-06-20;64974.37891;66475;64570;64848.69922
2024-06-19;65183.98828;65709.28125;64707.48828;64995.17969
2024-06-18;66515.46875;66573.99219;64116.011719;65154.25
2024-06-17;66673.14844;67255.97656;65134.011719;66505.49219
2024-06-16;66216.10938;66945.88281;66039.99219;66682.9375
2024-06-15;66051.21094;66455.67969;65907.20312;66228.25
2024-06-14;66790.14844;67360.070312;65090.57812;66043.99219
2024-06-13;68280.24219;68387.99219;66345.35156;66783.10156
2024-06-12;67294.11719;69972;66915.99219;68263.97656
2024-06-11;69520.0078125;69580.039062;66209.22656;67330.0078125
2024-06-10;69655.10938;70162.59375;69275.078125;69549.6875
2024-06-09;69310.4375;69851.99219;69131.60938;69653.74219
2024-06-08;69308;69582.20312;69232.84375;69311.21875
2024-06-07;70799.99219;71989.6875;68532;69355.60156
2024-06-06;71120;71620;70213.20312;70799.0625
2024-06-05;70574.10156;71742.89844;70396.49219;71071.82031
2024-06-04;68814.78906;71024.023438;68567.32812;70548
2024-06-03;67768.96094;70255.88281;67619.49219;68809.89844
2024-06-02;67767.99219;68460;67330;67765.63281
2024-06-01;67564.75;67868.22656;67470.67188;67768.54688
2024-05-31;68352.17;69044.1;66692.0078125;67548.0078125
2024-05-30;67652.41;69500;67128;68352.17
2024-05-29;68398.4;68935.68;67124.65;67652.42
2024-05-28;69436.43;69591.81;67277.91;68398.39
2024-05-27;68507.67;70687.56;68250;69436.43
2024-05-26;69290.56;69562.23;68128.01;68507.67
2024-05-25;68549.99;69610;68500;69290.57
2024-05-24;67969.66;69250;66600.12;68549.99
2024-05-23;69166.62;70096.12;66312.16;67969.65
2024-05-22;70148.34;70666;68842.19;69166.62
2024-05-21;71446.62;71979;69162.94;70148.34
2024-05-20;66274;71515.56;66060.31;71446.62
2024-05-19;66915.2;67700;65857.25;66274.01
2024-05-18;67024;67400.01;66600;66915.2
2024-05-17;65235.21;67451.2;65106.38;67024
2024-05-16;66206.51;66752.01;64602.77;65235.21
2024-05-15;61558.66016;66414.45312;61357.60156;66206.5
2024-05-14;62933.41016;63105.98828;61162.64062;61577.5
2024-05-13;61535.42188;63432;60782.21094;62940.078125
2024-05-12;60818;61847.32031;60650;61483.98828
2024-05-11;60816;61494.019531;60487.10156;60825.98828
2024-05-10;63088;63443.98828;60247.89062;60800
2024-05-09;61145.32812;63424;60663.92188;63074.011719
2024-05-08;62312.078125;62999.98828;60900;61217.41016
2024-05-07;63165.19141;64359.80859;62290;62320.058594
2024-05-06;64019.87109;65440.011719;62720.14062;63162.039062
2024-05-05;63892.039062;64574;62919.64062;63991.12109
2024-05-04;62882.011719;64410;62592.26953;63878.039062
2024-05-03;59061.78906;63291.64062;58826.011719;62858
2024-05-02;58405.44922;59553.44141;56992.14844;59118.66016
2024-05-01;60709.98828;60834.011719;56630.011719;58351.69922
2024-04-30;63826;64699.98047;59276.82031;60679.46094
2024-04-29;63083.51953;64200.42188;61834.011719;63852
2024-04-28;63480;64347.98828;62836;63109.60938
2024-04-27;63779.26172;63916.019531;62484.85156;63461.98047
2024-04-26;64537.48828;64759.98828;63354.011719;63770.011719
2024-04-25;64265.85156;65234.64844;62926;64498.33984
2024-04-24;66390.0078125;67058;63606.070312;64300
2024-04-23;66799.078125;67174;65832.11719;66414
2024-04-22;64915.87109;67188.39062;64522.011719;66822.21094
2024-04-21;64932.76953;65664;64280;64936.32031
2024-04-20;63810.80859;65362.32031;63106;64962
2024-04-19;63416.011719;65429.89844;59738.98828;63818.011719
2024-04-18;61259.53906;64048.21094;60804.019531;63470.078125
2024-04-17;63798.35156;64445.12891;59854.87109;61280.039062
2024-04-16;63369.55078;64247.011719;61709.19922;63793.39062
2024-04-15;65599.64062;66785.0625;62412.33984;63399.98828
2024-04-14;63866.41016;65737.72656;62173.51172;65680.85156
2024-04-13;67048.023438;67922.09375;60725.37109;63916.67188
2024-04-12;70004.86719;71224.0078125;65771.9375;67120.88281
2024-04-11;70604;71256.27344;69581.21094;70010.85938
2024-04-10;69139.72656;71089.21094;67608.32812;70631.09375
2024-04-09;71620;71736.5625;68224.79688;69155.99219
2024-04-08;69359.92188;72740;69095.8125;71623.34375
2024-04-07;68895.99219;70290;68854.28906;69360.39062
2024-04-06;67857.14844;69657.99219;67458.0078125;68889.27344
2024-04-05;68487.42188;68684;66007.86719;67820.61719
2024-04-04;65942.86719;69180.11719;65091.80078;68487.42969
2024-04-03;65437.39062;66812.0078125;64558.46094;65963.27344
2024-04-02;69671.78906;69671.78906;64630.12891;65425.42188
2024-04-01;71281.28906;71281.28906;68188;69657.40625
2024-03-31;69578.64844;71360;69578.64844;71360
2024-03-30;69868.1875;70315.75;69562.50781;69614.99219
2024-03-29;70750.20312;70905.77344;69111.11719;69874.74219
2024-03-28;69442.92188;71537.96875;68985.13281;70752.39844
2024-03-27;69999.71875;71622.17188;68445.54688;69430.88281
2024-03-26;69929.09375;71489.39062;69317.42188;70004.4375
2024-03-25;67219.50781;71094.20312;66395.11719;69890
2024-03-24;63971.050781;67572.84375;63806;67229.99219
2024-03-23;63750;65964.90625;63093.019531;64036.46094
2024-03-22;65496;66639.79688;62327.37891;63774
2024-03-21;67863.99219;68155.57812;64621.58984;65501.26953
2024-03-20;61867.98828;68021.5625;60844.46875;67847.99219
2024-03-19;67567.71875;68097.046875;61564;62057.69141
2024-03-18;68350;68931.023438;66600.0078125;67595.99219
2024-03-17;65496;68866.03125;64607.98828;68393.46875
2024-03-16;69500;70039.99219;65008.25;65323.94922
2024-03-15;71428.54688;72407.32812;65835.34375;69475.63281
2024-03-14;73061.09375;73721.10156;68662.79688;71390.1875
2024-03-13;71475.99219;73605.49219;71346.57031;73060.78125
2024-03-12;72078.10156;72905.71094;68910.38281;71478.57031
2024-03-11;68947.078125;72743;67440.42188;72101.11719
2024-03-10;68340.8125;69880;68131.17969;68949.78125
2024-03-09;68127.97656;68537.9375;67877.20312;68320.97656
2024-03-08;66798.046875;69804.023438;66146;68130.10938
2024-03-07;66066.52344;67956;65569.78125;66823.17969
2024-03-06;63781.089844;67603.21094;62823.21094;66057.3125
2024-03-05;68147.89844;68990;60000.76172;63798
2024-03-04;63086.58984;68492;62805.82812;68238
2024-03-03;61933.60156;63220.35938;61385.51172;63127.050781
2024-03-02;62379.019531;62430.23828;61600.011719;61983.26172
2024-03-01;61167.94141;63100.011719;60784.011719;62382.30859
2024-02-29;62438.21094;63659.78906;60520.64844;61153.14844
2024-02-28;57040.011719;63890;56697.98828;62451.089844
2024-02-27;54476.46875;57542.42188;54452.87109;57037.33984
2024-02-26;51728.83984;54891.10156;50925.85938;54484.62891
2024-02-25;51572.69922;51950.89062;51300.011719;51723
2024-02-24;50735.89062;51691.089844;50592.03125;51568.21094
2024-02-23;51288.42188;51542.67969;50534.12109;50742.64844
2024-02-22;51825.011719;52021.51953;50951.98828;51326.80859
2024-02-21;52278.46875;52366.78906;50675.58984;51849.39062
2024-02-20;51774.73047;52932.73828;50803.57812;52258.82031
2024-02-19;52138.85156;52483.87109;51694;51783.96875
2024-02-18;51652.94922;52348.98828;51195.76953;52117.98047
2024-02-17;52124.10938;52162.82031;50637.98828;51642.64844
2024-02-16;51886.058594;52544.39844;51596.92188;52124.10156
2024-02-15;51795.17188;52809.32812;51318.12891;51886.82812
2024-02-14;49697.89844;51999.98828;49255.98828;51763.26172
2024-02-13;49910.64062;50308.12891;48395.64062;49707.058594
2024-02-12;48299.98828;50264.82031;47731.98828;49934.98047
2024-02-11;47748.41016;48528.92969;47585.28125;48274.050781
2024-02-10;47156.19141;48152.35938;46854.12109;47754.67969
2024-02-09;45292.058594;48101.87891;45250.35156;47122.12109
2024-02-08;44383;45575.55859;44333.33984;45288.64062
2024-02-07;43085.19141;44348.35156;42788.011719;44347.48828
2024-02-06;42708.69922;43378.92188;42577.64062;43090.60938
2024-02-05;42582.87891;43539.19922;42277.14844;42708.67188
2024-02-04;43004.039062;43115.75;42375.69141;42582.85156
2024-02-03;43204.60156;43375.66016;42883.25;43006.67969
2024-02-02;43086.12109;43465.66016;42599.87109;43200
2024-02-01;42597.53906;43260.94141;41891.51953;43082.92188
2024-01-31;42928.33984;43742.011719;42322.42969;42587.19922
2024-01-30;43290.019531;43814.62891;42709.98828;42948.28125
2024-01-29;42036;43304.57812;41826.011719;43302.71094
2024-01-28;42134.66016;42819.32031;41645.44922;42031.050781
2024-01-27;41825.28125;42192.19922;41411.98828;42120.62109
2024-01-26;39940.80078;42220.80859;39831.82812;41812.55859
2024-01-25;40084.87891;40290.078125;39555.82812;39938.26172
2024-01-24;39882.71094;40542.94141;39518.62109;40084.91016
2024-01-23;39574;40168.070312;38558.92188;39893.71875
2024-01-22;41575.87109;41684.25;39473.011719;39569.23047
2024-01-21;41690.98047;41877.14844;41501.87891;41580.32031
2024-01-20;41674;41861.10156;41456.30859;41696.039062
2024-01-19;41291.10156;42175.98828;40316.23828;41659.039062
2024-01-18;42776.089844;42924.46094;40711.89844;41299
2024-01-17;43136.57031;43195.48828;42226.16016;42783.87109
2024-01-16;42517.92969;43564.30078;42096.48828;43142.17969
2024-01-15;41756.089844;43357.87109;41721.10938;42521.089844
2024-01-14;42823.69922;43077.019531;41747.39844;41747.39844
2024-01-13;42779.92969;43253.070312;42449.98047;42851.98828
2024-01-12;46305.19141;46500;41905.83984;42842.011719
2024-01-11;46639.44922;48885.10938;45650;46341.94141
2024-01-10;46083.76953;47657.23047;44423.60156;46615.98828
2024-01-09;46965.98828;47885.48047;45373.39062;46110
2024-01-08;43931.089844;47187.17969;43246.53125;46951.03125
2024-01-07;43968.32031;44479.98828;43625.89062;43922.28125
2024-01-06;44158.89062;44195.66016;43401.80078;43962.26953
2024-01-05;44152.39062;44316;42500;44145.10938
2024-01-04;42809.98828;44729.19141;42614.91016;44143.94141
2024-01-03;44977.42969;45481.21094;40800;42829.87891
2024-01-02;44150;45874.98828;44150;44936.80078
2024-01-01;42261.019531;44184;42190.48047;44179.55078
2023-12-31;42140.28125;42897.19141;41966.011719;42270.76953
2023-12-30;42066.94141;42602.98828;41523.98828;42136.98047
2023-12-29;42568.050781;43096.011719;41417;42071.10938
2023-12-28;43417.98828;43770.32812;42306.67969;42575.46094
2023-12-27;42529.039062;43667.98828;42108.60938;43435.30859
2023-12-26;43588.53125;43592.67188;41819.85938;42509.80859
2023-12-25;42953.14062;43787.67969;42739;43576.12891
2023-12-24;43704.92188;43926.67969;42739.25;42976.011719
2023-12-23;43982.98828;43982.98828;43318.12891;43702.14844
2023-12-22;43861.78906;44384.12891;43416.66016;43956.71875
2023-12-21;43670;44238.019531;43312.039062;43861.80078
2023-12-20;42276;44279.98828;42221.87891;43661.98828
2023-12-19;42688.87109;43497;41850.019531;42261.10938
2023-12-18;41378.80078;42732.28125;40559.26172;42661.089844
2023-12-17;42262.26953;42424;41282.58984;41374.62891
2023-12-16;41950;42694.92969;41717.48828;42278.019531
2023-12-15;43038.55078;43078.17969;41701.19922;41929.23828
2023-12-14;42877.60156;43393.55859;41453.12891;43022.25
2023-12-13;41502.17188;43434.28125;40640;42881.35156
2023-12-12;41231.10938;42074.011719;40699.98828;41492.37891
2023-12-11;43776.25;43804.5;40305.39844;41260.12891
2023-12-10;43713.60156;44045.98828;43572.37891;43789.51172
2023-12-09;44207.51172;44357.28125;43611.089844;43713.58984
2023-12-08;43281.050781;44684.21875;43109.17188;44171
2023-12-07;43768.46094;44040.89062;42848.19141;43284.62891
2023-12-06;44070.12109;44287.51172;43461.058594;43773.48047
2023-12-05;41891.19141;44428.44922;41428.73047;44072.32812
2023-12-04;39989.98828;42400;39979.39062;41991.10156
2023-12-03;39455;40178.98828;39279.48047;39968.011719
2023-12-02;38688.30078;39663.98047;38641.60938;39453.73828
2023-12-01;37744.71875;38940.42969;37615.87109;38682.51172
2023-11-30;37851.51172;38142.76172;37508.91016;37712.32031
2023-11-29;37822.10938;38354.14844;37595.69141;37854.64062
2023-11-28;37250;38365.98828;36876.55078;37816.64844
2023-11-27;37456.12109;37562.51953;36751.019531;37244.44922
2023-11-26;37775.92969;37814.62891;37170;37443
2023-11-25;37716.76953;37880.67969;37593;37780.66016
2023-11-24;37294.26953;38385.53125;37256;37709.089844
2023-11-23;37421.10156;37639.12109;36911.10938;37291.57812
2023-11-22;35682.78125;37861.089844;35682.78125;37401.98047
2023-11-21;37445.64844;37628.19922;35796.98828;35801.87891
2023-11-20;37377.58984;37724;36840;37445.44141
2023-11-19;36572.050781;37498.71094;36390.011719;37349.17969
2023-11-18;36613.91016;36843.73828;36216.019531;36563.98828
2023-11-17;36154.011719;36684;35869.19141;36594
2023-11-16;37889.14844;37890;35557.69141;36160.64062
2023-11-15;35538;37949.070312;35378;37871.32812
2023-11-14;36461.87109;36741.089844;35016.33984;35551.19141
2023-11-13;37063.87891;37406.35156;36356.050781;36474.25
2023-11-12;37124.82812;37213.058594;36762.37109;37064.14062
2023-11-11;37289.92188;37396.26172;36768.058594;37148.42969
2023-11-10;36671.83984;37491.96875;36345.89062;37301.62109
2023-11-09;35600.67969;37938.19922;35575.17188;36694.69141
2023-11-08;35402.96094;36051.69141;35146.42969;35627.39844
2023-11-07;35052.37109;35856.42188;34534.48828;35421.10156
2023-11-06;34999.12109;35270.85156;34737.28906;35043.19922
2023-11-05;35062.10156;35351.46094;34543.19141;35011.89062
2023-11-04;34701.5;35235.46875;34594.92188;35058.51172
2023-11-03;34937.46094;34937.46094;34125;34715.76172
2023-11-02;35421.44141;35894.55859;34366;34930
2023-11-01;34644.78125;35536.98828;34141.25;35418.011719
2023-10-31;34466.94141;34704;34043.32812;34642.94922
2023-10-30;34543.28906;34855.98828;34083.62891;34473.12891
2023-10-29;34081;34735.42188;33935;34523.23828
2023-10-28;33890;34388.070312;33862.69922;34081.011719
2023-10-27;34127.19141;34244.98828;33411.25;33898.44141
2023-10-26;34480.67969;34819.98828;33751.019531;34151.66016
2023-10-25;33909.87109;35126.5;33700.89062;34494.41016
2023-10-24;33096.60156;35238.35938;32870.82812;33919.10156
2023-10-23;29998.99023;34321.60156;29889.86914;33026.69922
2023-10-22;29902.0097656;30186.68945;29706.60938;29981.48047
2023-10-21;29664.63086;30257.25;29464.76953;29909.78906
2023-10-20;28707.83008;30166.55078;28580.36914;29669.039062
2023-10-19;28315.0097656;28880;28170;28717.82031
2023-10-18;28394.83008;28875.63086;28168.75977;28320
2023-10-17;28500.76953;28603.63086;28089.40039;28400.39062
2023-10-16;27142.029297;29952.36914;27112.66992;28503.71094
2023-10-15;26852.48047;27284.99023;26812.64062;27154.14062
2023-10-14;26860.55078;26975;26804.81055;26852.48047
2023-10-13;26751.58984;27115.31055;26685;26861.99023
2023-10-12;26873.35938;26944.99023;26569.99023;26761.28906
2023-10-11;27390.11914;27475;26559.99023;26878.5
2023-10-10;27584.90039;27723.99023;27300.0097656;27389.17969
2023-10-09;27915.51953;27982.75977;27268.49023;27577.48047
2023-10-08;27956.66992;28095;27712.14062;27919.42969
2023-10-07;27934.59961;28018.13086;27854.59961;27956.66016
2023-10-06;27412.099609;28236.56055;27191.77930;27931.089844
2023-10-05;27778.56055;28087.27930;27370.64062;27409.88086
2023-10-04;27412.78906;27833.0097656;27238.94922;27788.71094
2023-10-03;27510;27671.58984;27202.31055;27428.019531
2023-10-02;27982.69922;28549.13086;27293.070312;27497.74023
2023-10-01;26962.56055;28033.17969;26954.099609;27967.46094
2023-09-30;26906.96094;27082.40039;26886.32031;26962.56055
2023-09-29;27026.78906;27229.019531;26727.47070;26909.58008
2023-09-28;26372.99023;27286.99023;26344.68945;27021.39062
2023-09-27;26217.49023;26841.099609;26112.21094;26369.99023
2023-09-26;26307.73047;26397.46094;26095.029297;26221.66992
2023-09-25;26222.51953;26423.93945;26013.25977;26304.81055
2023-09-24;26575.97070;26724.99023;26157.25977;26246.47070
2023-09-23;26580.14062;26632.80078;26515.019531;26575.96094
2023-09-22;26562.10938;26736.39062;26488.33008;26580.66992
2023-09-21;27125.0097656;27156.26953;26385.88086;26568.55078
2023-09-20;27196.30078;27376.84961;26857.21094;27125
2023-09-19;26758.94922;27474.89062;26669.91016;27207.57031
2023-09-18;26529.34961;27407.99023;26402.41992;26758.94922
2023-09-17;26559.66992;26613.22070;26404.93945;26528
2023-09-16;26618.26953;26767.099609;26462.86914;26559.67969
2023-09-15;26522.080078;26836.17969;26233.16992;26600
2023-09-14;26229.86914;26757.10938;26148.26953;26520
2023-09-13;25840.089844;26374.86914;25764.17969;26222.0097656
2023-09-12;25160.11914;26457.56055;25134.82031;25834.82031
2023-09-11;25844.35938;25899.30078;24923.96094;25168.90039
2023-09-10;25902.66992;25992.91016;25621.98047;25841.59961
2023-09-09;25910.49023;25940.59961;25816.099609;25901.59961
2023-09-08;26258.86914;26405.61914;25710.34961;25910.46094
2023-09-07;25762.32031;26430.59961;25631.31055;26242.25977
2023-09-06;25796.14062;26033.59961;25401.26953;25759.94922
2023-09-05;25830.48047;25864.10938;25595.63086;25792.099609
2023-09-04;25974.18945;26097.21094;25664.19922;25826.029297
2023-09-03;25872.61914;26092.019531;25817.67969;25971.21094
2023-09-02;25809.99023;25975.16992;25755.38086;25869.51953
2023-09-01;25950.75;26148.41016;25367.68945;25805.050781
2023-08-31;27298.070312;27462.39062;25728.89062;25937.83984
2023-08-30;27717.050781;27755.76953;27023.41016;27299.99023
2023-08-29;26124.15039;28040.070312;25922.0097656;27721.080078
2023-08-28;26101.77930;26219.56055;25891.11914;26120.90039
2023-08-27;26011.99023;26177.61914;25969.10938;26101.76953
2023-08-26;26061.76953;26120;25996.94922;26017.91016
2023-08-25;26179.070312;26273.039062;25824.27930;26060
2023-08-24;26437.99023;26560.67969;25946.49023;26180.060547
2023-08-23;26066;26808.77930;25815.99023;26436.91016
2023-08-22;26130.41992;26139.30078;25472.64062;26042.0097656
2023-08-21;26190;26218.0097656;25852.98047;26126.91992
2023-08-20;26090.0097656;26268;25997.98047;26190
2023-08-19;26059.91016;26265.77930;25801.099609;26100.0097656
2023-08-18;26606;26799.10938;25693.99023;26053.99023
2023-08-17;28724.19922;28778.28906;25300.0097656;26633.33984
2023-08-16;29198.0097656;29257.46094;28723.58008;28732.99023
2023-08-15;29429.93945;29477.029297;29126.0097656;29200
2023-08-14;29296.26953;29694.0097656;29120.019531;29430.92969
2023-08-13;29430.17969;29472.60938;29274.0097656;29303.83984
2023-08-12;29426.029297;29481.33984;29381.61914;29430.16992
2023-08-11;29455.75977;29552.78906;29271.99023;29426.019531
2023-08-10;29587.39062;29723.59961;29384.90039;29455.75
2023-08-09;29770.41992;30099.57031;29390.099609;29581.99023
2023-08-08;29212.49023;30168;29146.44922;29778.75
2023-08-07;29086.68945;29276.77930;28729.15039;29211.18945
2023-08-06;29072.11914;29205;28991.89062;29088.42969
2023-08-05;29114;29148.64062;28990;29072.13086
2023-08-04;29193.019531;29323.99023;28909.089844;29113.99023
2023-08-03;29175.27930;29420.77930;28992.039062;29193.64062
2023-08-02;29746.30078;30029.48047;28961.99023;29186.0097656
2023-08-01;29232.25;29717.97070;28625;29717.97070
2023-07-31;29279.5;29499.99023;29127.0097656;29232.25
2023-07-30;29352.91016;29445.49023;29052;29281.080078
2023-07-29;29312.21094;29398.060547;29256.18945;29352.90039
2023-07-28;29222.53906;29534.15039;29126;29314.15039
2023-07-27;29351.96094;29567.49023;29097.80078;29223.60938
2023-07-26;29230.38086;29682;29111.13086;29351.94922
2023-07-25;29172.0097656;29367.050781;29056;29228.91992
2023-07-24;30083.75;30097.99023;28883.32031;29176.5
2023-07-23;29797.91992;30341.10938;29734.0097656;30085
2023-07-22;29901.71094;29987.99023;29655.0097656;29788.73047
2023-07-21;29806.76953;30060;29739.28906;29901.71094
2023-07-20;29909.22070;30404.35938;29626;29800
2023-07-19;29857.64062;30184;29792;29909.21094
2023-07-18;30139.78906;30239.76953;29642.050781;29864.99023
2023-07-17;30224;30333.97070;29695.070312;30138.0097656
2023-07-16;30289.52930;30432;30070.50977;30231.30078
2023-07-15;30312;30390.90039;30240.99023;30289.52930
2023-07-14;31459.77930;31599.050781;29941.11914;30313
2023-07-13;30377.98047;31745.84961;30258.96094;31460.60938
2023-07-12;30629.84961;30946.83008;30226;30387.89062
2023-07-11;30411.58008;30784.019531;30325.82031;30622.089844
2023-07-10;30166.72070;31014.80078;29967.97070;30411.58008
2023-07-09;30289.99023;30426.060547;30070;30164.49023
2023-07-08;30341.50977;30377.80078;30052;30286.019531
2023-07-07;29880.81055;30440.83984;29754.80078;30344.69922
2023-07-06;30501.31055;31456.57031;29869.61914;29910.93945
2023-07-05;30764.0097656;30874.16992;30232.24023;30512.71094
2023-07-04;31167.99023;31325.75;30656.58008;30766.50977
2023-07-03;30617.019531;31377.16016;30581.5;31148.91016
2023-07-02;30586.0097656;30769.99023;30225.36914;30617.029297
2023-07-01;30473.53906;30649.76953;30330.0097656;30585.90039
2023-06-30;30446;31277.97070;29720;30474
2023-06-29;30077.40039;30823.25977;30051.58984;30446
2023-06-28;30692.43945;30698.97070;29925.99023;30078.93945
2023-06-27;30267.98047;30988;30231.27930;30689.050781
2023-06-26;30465.39062;30642.16992;29994.91992;30264.98047
2023-06-25;30528.58008;31038.33008;30315.25;30462.66016
2023-06-24;30692.17969;30790.0097656;30266.43945;30530
2023-06-23;29887.49023;31395.99023;29820.86914;30672.25977
2023-06-22;29993.88086;30496.0097656;29598;29890.53906
2023-06-21;28305;30764.13086;28268.060547;29999.30078
2023-06-20;26850.039062;28391.77930;26666;28304.0097656
2023-06-19;26325.49023;27035.46094;26300.71094;26847.80078
2023-06-18;26523.75;26680.81055;26285.81055;26339.97070
2023-06-17;26345.33008;26788;26185.76953;26516.99023
2023-06-16;25598.49023;26482.91016;25290.0097656;26345
2023-06-15;25108.77930;25735.060547;24856.67969;25598.49023
2023-06-14;25938.089844;26052.32031;24846.41016;25129.84961
2023-06-13;25909.22070;26429.89062;25727.76953;25929.99023
2023-06-12;25928.13086;26080.0097656;25628.80078;25905.18945
2023-06-11;25849.99023;26184.40039;25658.75977;25925.53906
2023-06-10;26481.65039;26524.26953;25469.44922;25840.42969
2023-06-09;26498.61914;26771.75;26320.80078;26477.75
2023-06-08;26339.33984;26779.97070;26228.41016;26498.60938
2023-06-07;27241.57031;27329.41992;26137.050781;26339.33984
2023-06-06;25725.84961;27321.16992;25426.16016;27227.72070
2023-06-05;27100;27123.38086;25440.94922;25745.22070
2023-06-04;27062.21094;27410.41016;26954.65039;27120.99023
2023-06-03;27242.59961;27316.16016;26924.039062;27069.23047
2023-06-02;26811.38086;27297.46094;26543.65039;27242.58984
2023-06-01;27210.35938;27338.75;26662.77930;26817.91992
2023-05-31;27690.30078;27821.33984;26862.23047;27215.19922
2023-05-30;27732.56055;28030.5;27583.19922;27695.78906
2023-05-29;28086.41992;28430.57031;27546.88086;27736.73047
2023-05-28;26851.91016;28177.11914;26784.63086;28067.66992
2023-05-27;26712.16016;26879.74023;26594.18945;26854.27930
2023-05-26;26479.44922;26904.44922;26327.25;26708.83008
2023-05-25;26327.24023;26586.40039;25899.32031;26473.78906
2023-05-24;27218.25977;27218.97070;26088.51953;26330
2023-05-23;26850.11914;27448.57031;26801.83008;27219.57031
2023-05-22;26744.21094;27048.49023;26545.099609;26845.14062
2023-05-21;27109.19922;27257.71094;26676.019531;26747.77930
2023-05-20;26871.029297;27144.71094;26829.15039;27114.33008
2023-05-19;26821.27930;27153.75977;26725.96094;26880.26953
2023-05-18;27414.46094;27465.46094;26454.59961;26827.26953
2023-05-17;27033.84961;27462.58008;26596.27930;27402.18945
2023-05-16;27161.33984;27293.76953;26877.050781;27033.83984
2023-05-15;26919.98047;27645.22070;26748.69922;27182.98047
2023-05-14;26771.10938;27174.35938;26602.33008;26917.60938
2023-05-13;26797.48047;27008.039062;26692.029297;26775.26953
2023-05-12;26971.60938;27040.23047;25851.24023;26795.93945
2023-05-11;27600.26953;27615.19922;26764.64062;26979.50977
2023-05-10;27631.65039;28310.34961;26878.28906;27598.77930
2023-05-09;27660.94922;27812.89062;27362.34961;27630.67969
2023-05-08;28391.089844;28619.97070;27274.99023;27665.50977
2023-05-07;28858.15039;29112.40039;28414.32031;28420.61914
2023-05-06;29498.61914;29810.83984;28413.26953;28848.19922
2023-05-05;28840.60938;29651.75;28820.0097656;29505.90039
2023-05-04;29029.58984;29351.60938;28685.52930;28838.16992
2023-05-03;28680.67969;29241;28164.72070;29021.25
2023-05-02;28053.82031;28873.46094;27911.71094;28666.39062
2023-05-01;29250.32031;29327.72070;27688.25;28075.039062
2023-04-30;29230.44922;29940.10938;29091.039062;29247.31055
2023-04-29;29315.57031;29420.0097656;29054.39062;29230.46094
2023-04-28;29485.57031;29584.52930;28919.41016;29311.69922
2023-04-27;28407.66016;29854.83984;28390.58008;29472.76953
2023-04-26;28302.83008;29996.17969;27302.30078;28420.27930
2023-04-25;27510.93945;28373.74023;27200.0097656;28297.80078
2023-04-24;27583.85938;27977.23047;27058.84961;27508.67969
2023-04-23;27814.59961;27814.59961;27387.22070;27590.59961
2023-04-22;27263;27870;27171.21094;27812.90039
2023-04-21;28240.38086;28354.11914;27171.050781;27262.83008
2023-04-20;28795.97070;29078.90039;28036.52930;28240.39062
2023-04-19;30371.68945;30404.67969;28632.51953;28809.050781
2023-04-18;29430.0097656;30469.0097656;29149.68945;30380
2023-04-17;30305.25;30309.65039;29271;29430.27930
2023-04-16;30290.66016;30542.25;30130;30307.39062
2023-04-15;30465.92969;30579.93945;30202.0097656;30295.089844
2023-04-14;30375.029297;30957.74023;30021.71094;30467.80078
2023-04-13;29888.080078;30514.51953;29859.83008;30380.75
2023-04-12;30208.69922;30473.63086;29675.30078;29880.41992
2023-04-11;29659.27930;30469.63086;29594.43945;30203.83008
2023-04-10;28333.92969;29748.57031;28182.25;29637.50977
2023-04-09;27938.38086;28520.52930;27805.080078;28323.75
2023-04-08;27906.33984;28150;27859.099609;27938.38086
2023-04-07;28033.82031;28098.94922;27771.76953;27906.33984
2023-04-06;28170.0097656;28170.0097656;27729.99023;28032.69922
2023-04-05;28167.90039;28734.81055;27821.98047;28172.029297
2023-04-04;27805.56055;28430.28906;27665.94922;28161.74023
2023-04-03;28171.59961;28454.41016;27259.60938;27800
2023-04-02;28453.41016;28523.49023;27865.99023;28196.27930
2023-04-01;28476.83984;28794.11914;28282.24023;28452.74023
2023-03-31;28026.019531;28647.85938;27586.67969;28473.13086
2023-03-30;28349.99023;29158.73047;27713;28028.52930
2023-03-29;27284.75;28628;27248.050781;28348.59961
2023-03-28;27124.91016;27458.72070;26661.099609;27261.070312
2023-03-27;27957.96094;28019.25977;26602.11914;27126.91016
2023-03-26;27461.64062;28148.56055;27426.080078;27970.18945
2023-03-25;27458.22070;27756.80078;27167.92969;27470.99023
2023-03-24;28305.41016;28362.68945;27019.050781;27454.21094
2023-03-23;27244.50977;28729.50977;27136.51953;28295.41992
2023-03-22;28105.92969;28753.56055;26660.26953;27251.66016
2023-03-21;27722.72070;28435.42969;27346.96094;28110.21094
2023-03-20;27985.96094;28453.61914;27152.88086;27714.92969
2023-03-19;26921.40039;28344.44922;26841.96094;27955.47070
2023-03-18;27410.83008;27654;26689.25;26911.060547
2023-03-17;24991.27930;27741.30078;24897.28906;27388.75977
2023-03-16;24280.53906;25135.52930;24142.93945;25001.5
2023-03-15;24687.060547;25101.67969;23931.26953;24277.90039
2023-03-14;24139.65039;26359.33008;23988.65039;24693.61914
2023-03-13;22100.41992;24399.52930;21855.75977;24115.84961
2023-03-12;20450.14062;22018.75;20287.14062;21984.57031
2023-03-11;20150.60938;20656.28906;19789.50977;20456.75
2023-03-10;20361.84961;20361.84961;19592.17969;20152.38086
2023-03-09;21700;21826.89062;20079.32031;20361.75977
2023-03-08;22194.099609;22274.17969;21661.41992;21711.16992
2023-03-07;22416.75;22534.30078;21967.31055;22197.65039
2023-03-06;22428.099609;22595.72070;22320.13086;22410.30078
2023-03-05;22341.42969;22636.53906;22212.38086;22428.26953
2023-03-04;22339.099609;22403.73047;22167.089844;22347.060547
2023-03-03;23470.60938;23473.34961;22051.80078;22354.60938
2023-03-02;23629.33984;23780.24023;23208.58008;23465.47070
2023-03-01;23139.65039;23914.24023;23024.57031;23642.39062
2023-02-28;23476.31055;23594.92969;23033.5;23130.51953
2023-02-27;23563.98047;23875.78906;23168.18945;23494.089844
2023-02-26;23163.36914;23671.58008;23065.89062;23558.71094
2023-02-25;23184.070312;23215.060547;22774.81055;23166.019531
2023-02-24;23961.28906;24123;22973.67969;23191.43945
2023-02-23;24187.82031;24589.98047;23638.52930;23936.13086
2023-02-22;24443.59961;24474.47070;23593.089844;24186.75977
2023-02-21;24845.69922;25240.25;24160.49023;24450.56055
2023-02-20;24269.019531;25084.5;23868.77930;24839.50977
2023-02-19;24623.53906;25175.070312;24273.93945;24303.16992
2023-02-18;24565.89062;24838.019531;24457.19922;24631.24023
2023-02-17;23527.57031;24983.49023;23371.98047;24573.58008
2023-02-16;24348.55078;25233.91016;23524.039062;23538.46094
2023-02-15;22193.22070;24330.35938;22050.15039;24327.77930
2023-02-14;21776.33984;22309.42969;21554.60938;22197.99023
2023-02-13;21776.32031;21887.41992;21418.58008;21771.93945
2023-02-12;21863.34961;22080.71094;21653.029297;21782.41016
2023-02-11;21626.97070;21902.91016;21605.050781;21859.73047
2023-02-10;21798.22070;21933.59961;21492.070312;21626.91016
2023-02-09;22972.92969;23003.49023;21745.089844;21792.26953
2023-02-08;23254.51953;23425.75977;22691.65039;22964.51953
2023-02-07;22748.11914;23338.88086;22748.11914;23251.65039
2023-02-06;22926.38086;23130.51953;22630.51953;22761.75
2023-02-05;23326.82031;23423.32031;22766.48047;22935.96094
2023-02-04;23425.14062;23571.46094;23269.75;23323.74023
2023-02-03;23514.73047;23693.86914;23233.48047;23431.10938
2023-02-02;23736.88086;24204.21094;23398.75977;23425.27930
2023-02-01;23129.58984;23783.65039;22809.88086;23725.90039
2023-01-31;22827.080078;23261.81055;22724.58008;23124.41016
2023-01-30;23745.33984;23793.78906;22554.84961;22830.93945
2023-01-29;23028;23953.26953;22972.85938;23753.070312
2023-01-28;23073.15039;23182.33008;22889.67969;23022.94922
2023-01-27;23027.61914;23481.41992;22597.38086;23073.88086
2023-01-26;23081.47070;23258.96094;22866.5;23015.76953
2023-01-25;22612.91992;23776.69922;22366.25;23055.14062
2023-01-24;22909.98047;23155.63086;22517.019531;22632.27930
2023-01-23;22699.66992;23163.47070;22519.83984;22915.96094
2023-01-22;22767.15039;23068.77930;22313.66016;22707.52930
2023-01-21;22683.90039;23305.11914;22460.77930;22775.94922
2023-01-20;21079.48047;22720.16016;20878.50977;22675.51953
2023-01-19;20670.98047;21167.41016;20670.56055;21073.93945
2023-01-18;21149.34961;21584.46094;20452.58984;20670
2023-01-17;21188.13086;21499.69922;20923.39062;21136.84961
2023-01-16;20865.65039;21419.40039;20695.75977;21183.55078
2023-01-15;20952.85938;21031.73047;20583.41016;20879.089844
2023-01-14;19922.56055;21177;19898.11914;20956.59961
2023-01-13;18851.63086;19981.84961;18723.51953;19926.85938
2023-01-12;17953.30078;19053.18945;17915.050781;18851.080078
2023-01-11;17440.22070;17990.58008;17324.060547;17942.070312
2023-01-10;17181.43945;17490.86914;17152.19922;17438.65039
2023-01-09;17139.97070;17390.83984;17106.82031;17180.070312
2023-01-08;16947.58984;17119.11914;16913.82031;17119.11914
2023-01-07;16953.66016;16979.92969;16909.86914;16943.67969
2023-01-06;16831.25;17012.43945;16708.41992;16951.029297
2023-01-05;16850.50977;16878.58984;16772.93945;16830.21094
2023-01-04;16675.84961;16976.35938;16657.019531;16852.78906
2023-01-03;16664.67969;16773.68945;16607.56055;16674.61914
2023-01-02;16617.96094;16767.57031;16551;16673.50977
2023-01-01;16539.25977;16622.78906;16500.50977;16619.099609
2022-12-31;16614.67969;16636.71094;16487.97070;16538.55078
2022-12-30;16636.35938;16645.19922;16360.94043;16608.070312
2022-12-29;16546.77930;16660.089844;16497.81055;16637.0097656
2022-12-28;16705.84961;16781.75;16474.53906;16547.070312
2022-12-27;16949.66992;16963.98047;16610.58984;16706.67969
2022-12-26;16833.41992;16936.029297;16799.52930;16918.17969
2022-12-25;16836.39062;16853.17969;16732.84961;16831.82031
2022-12-24;16778.49023;16856.050781;16777.88086;16835.28906
2022-12-23;16823.11914;16911.019531;16768.74023;16778.96094
2022-12-22;16818.41992;16861.98047;16566;16821.16016
2022-12-21;16896.32031;16918.61914;16734.77930;16833.029297
2022-12-20;16435.82031;17031.10938;16400.42969;16902.66016
2022-12-19;16747.88086;16808.75977;16332.98047;16441.18945
2022-12-18;16780.019531;16825.19922;16666.070312;16740.60938
2022-12-17;16609.76953;16794.070312;16585.67969;16776.19922
2022-12-16;17355.90039;17518.18945;16541.90039;16627.28906
2022-12-15;17802.47070;17845;17296.52930;17355.75
2022-12-14;17764.82031;18350.19922;17678.83984;17795.51953
2022-12-13;17208.68945;17952.98047;17092.80078;17779
2022-12-12;17080.32031;17231.81055;16877.90039;17210.66016
2022-12-11;17128.85938;17263.42969;17080.44922;17093.10938
2022-12-10;17128.43945;17220.75977;17105.72070;17127.050781
2022-12-09;17223.099609;17288.57031;17081.81055;17125.48047
2022-12-08;16838.90039;17294.21094;16765.66992;17225.41016
2022-12-07;17092.33008;17127.41992;16715.14062;16834.91016
2022-12-06;16970.48047;17100.90039;16914.73047;17089.80078
2022-12-05;17102.41016;17394.24023;16886.94922;16966.24023
2022-12-04;16881.36914;17202.74023;16881.36914;17106.10938
2022-12-03;17094.16992;17132.41016;16861.66016;16884.43945
2022-12-02;16973.96094;17095.48047;16795.19922;17093.58984
2022-12-01;17162.77930;17245.38086;16868;16972.35938
2022-11-30;16447.67969;17214.74023;16433.60938;17163.28906
2022-11-29;16213.21973;16532.32031;16100.37012;16441
2022-11-28;16427.66992;16481.74023;16014.13965;16212.41992
2022-11-27;16453.51953;16595.96094;16415.38086;16426.52930
2022-11-26;16523.11914;16686.35938;16386.91016;16456.91016
2022-11-25;16601.50977;16612.93945;16361.87988;16513.28906
2022-11-24;16606.0097656;16786.17969;16472.80078;16601.56055
2022-11-23;16216.44043;16680.83984;16165.73047;16627.81055
2022-11-22;15788.41992;16277.089844;15622.62012;16220.69043
2022-11-21;16280.86035;16291.38965;15504.69043;15779.019531
2022-11-20;16691.61914;16750.94922;16211.79980;16289.87012
2022-11-19;16649.47070;16816.35938;16610.91992;16700.43945
2022-11-18;16841.51953;16847.66992;16555.31055;16640.33984
2022-11-17;16691.11914;16741.55078;16425.21094;16715.56055
2022-11-16;16898;16996.92969;16411.58984;16542.33008
2022-11-15;16618.38086;17118.78906;16545.49023;16898.16992
2022-11-14;16324.75;17162.57031;15838.51953;16616.92969
2022-11-13;16808.63086;16949.99023;16276.30957;16327.33984
2022-11-12;17063.77930;17106.98047;16638.83008;16798.63086
2022-11-11;17589.63086;17687.92969;16437.27930;17055.92969
2022-11-10;15915.91016;18144.15039;15803.59961;17596.93945
2022-11-09;18537.23047;18583.72070;15606.12012;15892.17969
2022-11-08;20584.97070;20667.26953;17219.099609;18528.31055
2022-11-07;20904.88086;21054.63086;20410.94922;20588.75
2022-11-06;21305.39062;21360.36914;20901.25;20916.050781
2022-11-05;21153.43945;21464.59961;21084;21298.33008
2022-11-04;20209.029297;21282.38086;20184.65039;21145.47070
2022-11-03;20147.11914;20384.66992;20067.39062;20206.28906
2022-11-02;20483;20776.82031;20066.029297;20154.5
2022-11-01;20492.76953;20677.16016;20348.66016;20483.66016
2022-10-31;20628.15039;20822.21094;20260.56055;20496.34961
2022-10-30;20810.97070;20921.82031;20522.019531;20625.83984
2022-10-29;20589.30078;21035.31055;20561.44922;20808.21094
2022-10-28;20289.89062;20743.48047;20058.28906;20593.48047
2022-10-27;20762.76953;20866.89062;20232.58008;20292.66016
2022-10-26;20085.58984;20979.56055;20062.97070;20768.36914
2022-10-25;19331.019531;20406.26953;19248.59961;20081.40039
2022-10-24;19562.28906;19588.28906;19177.080078;19331.38086
2022-10-23;19206.24023;19681.13086;19092.21094;19571.19922
2022-10-22;19169.39062;19249.5;19115.77930;19204.42969
2022-10-21;19042.18945;19245.44922;18705.73047;19162.25
2022-10-20;19125.25;19333.88086;18935.25;19042.47070
2022-10-19;19321.38086;19358.89062;19101.029297;19123.66016
2022-10-18;19562.43945;19691.97070;19102.28906;19328.11914
2022-10-17;19258.38086;19663.16992;19163.48047;19548.10938
2022-10-16;19065.86914;19411.33008;19065.86914;19261.97070
2022-10-15;19183.89062;19218.60938;19001.070312;19068.73047
2022-10-14;19381.53906;19934.80078;19098.99023;19181.22070
2022-10-13;19155.97070;19494.26953;18206.73047;19379.36914
2022-10-12;19067.21094;19213.73047;19007.43945;19154.48047
2022-10-11;19120.039062;19262.66016;18869.48047;19059.24023
2022-10-10;19436.61914;19520.49023;19056.99023;19134.59961
2022-10-09;19416.0097656;19551.84961;19329.76953;19441.22070
2022-10-08;19526.17969;19612.10938;19274.72070;19414.55078
2022-10-07;19958.74023;20050.82031;19355.25977;19530.070312
2022-10-06;20144.39062;20436.33008;19872.81055;19961.66992
2022-10-05;20331.99023;20352.75;19761.90039;20157.10938
2022-10-04;19631.65039;20433.33984;19505.99023;20340.019531
2022-10-03;19071.25977;19676.35938;19000.58984;19628.66992
2022-10-02;19305.93945;19389.65039;18936.86914;19057.5
2022-10-01;19414.66016;19480.21094;19170.94922;19311.77930
2022-09-30;19598.42969;20174.78906;19207.98047;19422.80078
2022-09-29;19420.99023;19630.83008;18878.029297;19593.24023
2022-09-28;19085.84961;19757.44922;18505.55078;19410.44922
2022-09-27;19228.40039;20360.90039;18850.83008;19080.73047
2022-09-26;18812.47070;19304.83984;18693.83984;19225.39062
2022-09-25;18913.72070;19151.16016;18661.14062;18802.75
2022-09-24;19287.59961;19311.25;18811.71094;18925
2022-09-23;19410.10938;19477.17969;18555.72070;19293.5
2022-09-22;18463.40039;19490.53906;18371.49023;19403.42969
2022-09-21;18873.56055;19771.49023;18187.75;18489.33008
2022-09-20;19548.28906;19626.15039;18740.35938;18874.83984
2022-09-19;19416.41016;19664.71094;18275.99023;19538.68945
2022-09-18;20112.26953;20112.26953;19347.68945;19417.65039
2022-09-17;19801.41016;20177.19922;19760.77930;20112.38086
2022-09-16;19709.27930;19882.77930;19352.39062;19803.039062
2022-09-15;20222.32031;20321.25977;19531.93945;19701.66016
2022-09-14;20167.83984;20502.64062;19655.36914;20221.91016
2022-09-13;22393.51953;22702.0097656;19907.58984;20175.38086
2022-09-12;21831.10938;22464.33008;21581.41016;22395.34961
2022-09-11;21655.69922;21836.85938;21362.070312;21836.85938
2022-09-10;21365.85938;21789.74023;21138.69922;21650.13086
2022-09-09;19312.81055;21542.57031;19293.44922;21362.88086
2022-09-08;19302.71094;19445.30078;19034.18945;19318.72070
2022-09-07;18791.64062;19445.66992;18546.060547;19281.66992
2022-09-06;19805.27930;20169.029297;18727.69922;18786.14062
2022-09-05;20005.52930;20042.55078;19650.85938;19793.46094
2022-09-04;19835.97070;20017.61914;19594.71094;19999.66992
2022-09-03;19951.82031;20043.099609;19660.019531;19831.94922
2022-09-02;20131.94922;20427.36914;19763.33008;19951.97070
2022-09-01;20039.32031;20202.75;19584.83008;20125.49023
2022-08-31;19818.51953;20474.99023;19809.65039;20049.80078
2022-08-30;20284.85938;20558.39062;19560.52930;19791.99023
2022-08-29;19563.67969;20395.019531;19563.67969;20295.58984
2022-08-28;20036.039062;20150.53906;19545.039062;19551.080078
2022-08-27;20214.85938;20341.019531;19849.019531;20034.15039
2022-08-26;21557.25;21814.76953;20121.86914;20248.81055
2022-08-25;21356.88086;21802.019531;21325.72070;21563.91016
2022-08-24;21526.72070;21831.94922;21170.91016;21365.25
2022-08-23;21402.65039;21660.30078;20920.77930;21515.64062
2022-08-22;21510.25;21514.33984;20911.76953;21417.050781
2022-08-21;21139.64062;21692.039062;21076.98047;21517.50977
2022-08-20;20854.52930;21357.83984;20785.74023;21138.83984
2022-08-19;23182.88086;23195.58984;20807.33984;20829.71094
2022-08-18;23331.22070;23577.84961;23132.56055;23202.0097656
2022-08-17;23857.80078;24422.90039;23191.32031;23337.83008
2022-08-16;24086.84961;24241.15039;23693.59961;23855.64062
2022-08-15;24315.88086;25205;23781.94922;24102.86914
2022-08-14;24447.40039;24994.88086;24172.61914;24301.34961
2022-08-13;24395.40039;24882.31055;24317.72070;24441.33984
2022-08-12;23938.099609;24439.64062;23615.47070;24397.76953
2022-08-11;23956.86914;24872.78906;23862.90039;23933.91992
2022-08-10;23149.94922;24211.13086;22718.92969;23963.82031
2022-08-09;23809.58008;23911.43945;22881.48047;23146
2022-08-08;23171.83008;24233.92969;23159.89062;23816.36914
2022-08-07;22952.38086;23387.83008;22852;23174.72070
2022-08-06;23304.46094;23343.72070;22921.25977;22944.34961
2022-08-05;22620.029297;23445.43945;22592.92969;23309.80078
2022-08-04;22792.52930;23216.41992;22436.59961;22613
2022-08-03;22984.13086;23626.85938;22695.17969;22818.76953
2022-08-02;23272.52930;23422.5;22668.83984;22988.13086
2022-08-01;23288.83984;23483.75;22862.099609;23269.89062
2022-07-31;23643.40039;24178.39062;23233.73047;23302.82031
2022-07-30;23792.23047;24608.15039;23521.019531;23633.19922
2022-07-29;23846.92969;24338.66992;23448.83984;23773.41992
2022-07-28;22965.44922;24189.75;22611.41016;23848.77930
2022-07-27;21248.88086;23024.71094;21047.019531;22957.85938
2022-07-26;21308.41016;21324.029297;20735.63086;21245.41992
2022-07-25;22585.68945;22653.26953;21278.080078;21300.57031
2022-07-24;22462.050781;22987.13086;22281.050781;22582.019531
2022-07-23;22684.11914;22991.40039;21973.60938;22448.99023
2022-07-22;23158.82031;23740.73047;22525.050781;22674.41016
2022-07-21;23223.49023;23403.27930;22361.71094;23149.27930
2022-07-20;23399.0097656;24255.17969;22936.18945;23220.85938
2022-07-19;22437.97070;23754.060547;21579.67969;23412.14062
2022-07-18;20795.28906;22721.67969;20770.83984;22532.47070
2022-07-17;21195.16992;21655.47070;20755.49023;20786.39062
2022-07-16;20830.44922;21559.73047;20484.36914;21209.98047
2022-07-15;20585.80078;21177.51953;20395.33008;20825.91992
2022-07-14;20235.78906;20864.060547;19667.50977;20587.88086
2022-07-13;19349.56055;20252.49023;18942.63086;20252.49023
2022-07-12;19952.66992;20055.029297;19284.11914;19334.98047
2022-07-11;20856.029297;20856.029297;19898.19922;19965.91992
2022-07-10;21591.58984;21599.82031;20689.53906;20847.83008
2022-07-09;21600.86914;21944.16016;21338.61914;21588
2022-07-08;21651.81055;22490;21206.060547;21611.52930
2022-07-07;20568.060547;21811.73047;20286.66992;21640.30078
2022-07-06;20180.0097656;20659.72070;19790.66992;20562.55078
2022-07-05;20225.44922;20707.39062;19324.34961;20205.75
2022-07-04;19329.41992;20307.76953;19055.32031;20219.21094
2022-07-03;19259.61914;19635.34961;18793.30078;19314.81055
2022-07-02;19281.65039;19436.34961;19012.68945;19249.31055
2022-07-01;19968.5;20798.96094;18979.42969;19266.17969
2022-06-30;20123.0097656;20161.94922;18682.75;19921.36914
2022-06-29;20279.92969;20418.35938;19879.099609;20117.92969
2022-06-28;20731.94922;21203.050781;20215.73047;20282.93945
2022-06-27;21038.080078;21498.96094;20579.36914;20735.58008
2022-06-26;21510.16992;21838.58008;20989.60938;21044.86914
2022-06-25;21237.97070;21554.58984;20922.71094;21492.63086
2022-06-24;21107.24023;21492.97070;20749.91992;21232.75977
2022-06-23;19974.68945;21195.60938;19910.0097656;21101.039062
2022-06-22;20710.66992;20872.84961;19786.33008;19970.94922
2022-06-21;20570.88086;21691.56055;20378.050781;20726.81055
2022-06-20;20569.81055;21021.21094;19666.16016;20577.55078
2022-06-19;18985;20764.41992;17996.59961;20583.23047
2022-06-18;20454.5;20762.78906;17635.83008;18992.13086
2022-06-17;20421.39062;21318.38086;20251.80078;20456.75977
2022-06-16;22604.94922;22946.65039;20238.16016;20399.41016
2022-06-15;22132.73047;22757.61914;20134;22581.84961
2022-06-14;22477.029297;23188.31055;20859.97070;22161.44922
2022-06-13;26576.91992;26858.66992;22004.93945;22448.56055
2022-06-12;28450;28538.43945;26602.90039;26602.90039
2022-06-11;29091.88086;29432.019531;28166.099609;28406.91016
2022-06-10;30113.72070;30324.88086;28894.55078;29089.22070
2022-06-09;30225.21094;30699.99023;29956.39062;30104.73047
2022-06-08;31092.18945;31314.99023;29876.33008;30204.77930
2022-06-07;31373.099609;31557.76953;29241.55078;31130.50977
2022-06-06;29926.64062;31758.82031;29891.64062;31373.089844
2022-06-05;29865.84961;30172.91992;29544.67969;29913.099609
2022-06-04;29700.22070;29968.039062;29491.029297;29869.39062
2022-06-03;30452.63086;30677.019531;29341.17969;29705.80078
2022-06-02;29814.25;30640.63086;29600.0097656;30461.089844
2022-06-01;31811.25977;31978.94922;29407.52930;29800.56055
2022-05-31;31737.41992;32384.58008;31226.019531;31797.72070
2022-05-30;29454.060547;32191.71094;29311.75977;31723.82031
2022-05-29;29037.070312;29560.83008;28842.97070;29468.099609
2022-05-28;28636.60938;29187.32031;28541.39062;29031.33008
2022-05-27;29222.21094;29385.22070;28290.0097656;28629.80078
2022-05-26;29549.42969;29876.43945;28058.13086;29208.30078
2022-05-25;29643.69922;30209.63086;29359.66016;29546.99023
2022-05-24;29126.46094;29815.59961;28721.46094;29654.58984
2022-05-23;30273.14062;30651.99023;28921.25;29101.15039
2022-05-22;29445.060547;30473.41992;29273.51953;30296.17969
2022-05-21;29205.65039;29635.050781;28950.85938;29447.47070
2022-05-20;30319.24023;30750.24023;28756.58984;29205.25977
2022-05-19;28755.65039;30534.75;28691.75977;30319.82031
2022-05-18;30422.36914;30699.99023;28667.080078;28719.11914
2022-05-17;29875.36914;30733.22070;29486.78906;30444.93945
2022-05-16;31319.16016;31319.16016;29141.16992;29864.66016
2022-05-15;30068.90039;31390.92969;29505.52930;31316.74023
2022-05-14;29313.35938;30287.73047;28669.31055;30089.25
2022-05-13;29017.76953;31030.91992;28763.76953;29299.98047
2022-05-12;29174.23047;30149.92969;26801.42969;28991.41992
2022-05-11;31006.25;32111.63086;27835.18945;29113.58008
2022-05-10;30222.070312;32614.33984;29817.48047;31005.71094
2022-05-09;34041.67188;34221.03125;30088.91016;30088.91016
2022-05-08;35459.011719;35514.21094;33781.94141;34054.050781
2022-05-07;36005.32031;36134.070312;34891.55078;35472.39062
2022-05-06;36552.98047;36640.019531;35321.44922;36013.78125
2022-05-05;39696.96094;39839.98828;36205.44922;36563.94922
2022-05-04;37728.96094;39997.67188;37674.73828;39690.039062
2022-05-03;38518.83984;38646.66016;37525.30859;37723.62109
2022-05-02;38467.78125;39103.96875;38069.070312;38518.85156
2022-05-01;37622.73047;38657.73047;37442.46875;38465.51953
2022-04-30;38603.37109;38780;37588.67188;37640.98828
2022-04-29;39742.070312;39909.85938;38197.37891;38596.12109
2022-04-28;39197.35938;40318.64062;38899.42969;39746.69141
2022-04-27;38087.53906;39446.87109;37910;39235.73047
2022-04-26;40432.53125;40786.48828;37730.03125;38117.23828
2022-04-25;39443.050781;40567.85156;38278.23047;40426.070312
2022-04-24;39435.98047;39919.33984;39089.57031;39462.039062
2022-04-23;39709.17969;39957.17188;39303.21094;39437.62891
2022-04-22;40473.41016;40778.55078;39205.92188;39715.14844
2022-04-21;41338.64844;42940.87891;39877.64844;40480.39844
2022-04-20;41467.92188;42172.87109;40909.82031;41350.80859
2022-04-19;40801.14062;41693.48047;40580;41493.19141
2022-04-18;39650.070312;41052.73828;38584.011719;40799.73828
2022-04-17;40389.12891;40581.44141;39567.19141;39696.03125
2022-04-16;40551.55859;40673.66016;39995.55859;40374.37109
2022-04-15;39916.14844;40770.87109;39790;40554.46094
2022-04-14;41147.78906;41499.98828;39587.058594;39933.87891
2022-04-13;40087.82812;41488.5;39601.73828;41131.80078
2022-04-12;39535.51953;40642.48828;39275.71094;40065.62891
2022-04-11;42136.10938;42411.67969;39299.98828;39496.28906
2022-04-10;42765.16016;43395.23047;41894.42188;42128.26172
2022-04-09;42233.28906;42788.17188;42128.011719;42760.35156
2022-04-08;43453.98828;43935.80078;42124.42969;42277.80859
2022-04-07;43136.26953;43889.12891;42748.83984;43462.85156
2022-04-06;45452.62109;45499.91016;43126.51172;43169.98828
2022-04-05;46574.69922;47179.46875;45409.98828;45480.011719
2022-04-04;46413.011719;46881.5;45145.21875;46615.51172
2022-04-03;45818.019531;47378.89844;45553.78906;46407.019531
2022-04-02;46275;47154.41016;45670.98828;45802.96094
2022-04-01;45533.23828;46685.28125;44245.71094;46284.62891
2022-03-31;47043.5;47565.058594;45240.5;45514.96094
2022-03-30;47429.33984;47690;46590.48047;47063.55078
2022-03-29;47133.92188;48072.30859;47046.51172;47442.19922
2022-03-28;46808.82812;48162.91016;46675.62109;47115.60938
2022-03-27;44511.26172;46911.21094;44427.26953;46834.96094
2022-03-26;44331.019531;44785.98828;44092.98828;44517.98047
2022-03-25;43965.48828;45056.96094;43618.53125;44312.67188
2022-03-24;42882.76953;44188;42681.55859;43995
2022-03-23;42357.23828;42993.98828;41789.011719;42882.78125
2022-03-22;40997.011719;43235.53125;40884.87891;42364.12891
2022-03-21;41281.82031;41499.039062;40528.98828;41017.41016
2022-03-20;42201.12891;42287.019531;40920;41256.14844
2022-03-19;41779.44141;42357;41530;42204.35938
2022-03-18;40930.73828;42296.76172;40237.33984;41760.92969
2022-03-17;41132;41397.85938;40551.35938;40910.039062
2022-03-16;39309.42969;41700;38951.019531;41115.5
2022-03-15;39678.26953;39850.87109;38236.87109;39280.32812
2022-03-14;37778.48047;39913.80078;37617.62891;39671.35938
2022-03-13;38798.53125;39270.011719;37607.30078;37793.60156
2022-03-12;38691.71094;39358.089844;38665.51172;38815.42188
2022-03-11;39419.73047;40175.87109;38234.37891;38729.57812
2022-03-10;41944.42188;42022.51953;38604.46094;39411.82031
2022-03-09;38703.87109;42528.14844;38663.32031;41926.12891
2022-03-08;38021.30078;39348.48828;37889.10156;38727.26953
2022-03-07;38445.96875;39531.30859;37184.69141;38025.19922
2022-03-06;39393.57031;39666.57812;38112.19141;38420.80859
2022-03-05;39142.51953;39598.89062;38627.41016;39394.25
2022-03-04;42442.89062;42520.39062;38600;39140.51953
2022-03-03;43903.85156;44078.73828;41848.26172;42458.5
2022-03-02;44450.87891;45298.41016;43340.64844;43901.73047
2022-03-01;43204.25;44884.42188;42853.69141;44412.48828
2022-02-28;37700;44046.87891;37452.21094;43169.33984
2022-02-27;39094.62891;39838.21094;37038.53906;37674.16016
2022-02-26;39220.03125;40088.73047;38627.039062;39116.73047
2022-02-25;38336.28125;39683.53125;38031.16016;39203.44922
2022-02-24;37248.51953;39578.10156;34350.011719;38322.12891
2022-02-23;38273.32031;39192.87109;37067.82031;37212.92969
2022-02-22;37066.21094;38414.21875;36395.21875;38239.23047
2022-02-21;38383.69141;39455.55859;36857.14844;37008.82031
2022-02-20;40077.57031;40115.60156;38036.78125;38340.51172
2022-02-19;39978.60938;40428.75;39656.37109;40077.058594
2022-02-18;40519.35156;40926.64844;39506.91016;39989.91016
2022-02-17;43870.23828;44159.23047;40087.80859;40550.85156
2022-02-16;44485.85938;44485.85938;43371.42969;43881.73828
2022-02-15;42568.64062;44729.35156;42451.71875;44544.85938
2022-02-14;42082.51953;42800;41582.55859;42535.60938
2022-02-13;42197.76953;42716.85156;41870.019531;42062.87891
2022-02-12;42376.089844;42998.92188;41735.85156;42194.51172
2022-02-11;43486.85938;43901.32812;42017.44141;42385.30078
2022-02-10;44385.55078;45757.23047;43224.058594;43512.26953
2022-02-09;44073.98828;44780.60938;43146.76172;44375.011719
2022-02-08;43862.17969;45400;42689.55078;44027
2022-02-07;42425.46875;44460.5;41658.44922;43825.73047
2022-02-06;41398.82812;42628.32812;41173.28125;42379
2022-02-05;41558.64062;41899.98828;40961.92969;41394.71875
2022-02-04;37320.58984;41693.058594;37027.089844;41563.57812
2022-02-03;36898.69922;37309.85938;36288.67969;37282.76172
2022-02-02;38729.78906;38844.82031;36671.73828;36872.12891
2022-02-01;38465.16016;39228.66016;38026.83984;38699.5
2022-01-31;37905.48047;38723.89844;36660.30078;38480.92188
2022-01-30;38163.89062;38314.92969;37381.67969;37917.66016
2022-01-29;37718.46094;38683.30078;37344.48047;38167.089844
2022-01-28;37131.98047;37990.011719;36169.12109;37728.78125
2022-01-27;36780.30859;37206.98828;35528.69922;37187.96875
2022-01-26;36968.17969;38871.55859;36252.011719;36786.71875
2022-01-25;36675.94922;37486.73047;35717.94922;36948.80859
2022-01-24;36228.96094;37395.60156;32968.89844;36682.98047
2022-01-23;35059.33984;36498.51953;34643.73828;36255.14844
2022-01-22;36446.60156;36723.85938;34107.66016;35069.17969
2022-01-21;40700;41098.71875;35511.21875;36473.91016
2022-01-20;41671.67969;43488.64062;40570.35938;40720.011719
2022-01-19;42389.87891;42546.64844;41160;41681.17969
2022-01-18;42226.67969;42676.64062;41298.92969;42358.46875
2022-01-17;43081.14844;43172.57031;41552.011719;42205.23047
2022-01-16;43085.011719;43454;42643.80859;43072.28125
2022-01-15;43075.69922;43767.67969;42582.57031;43078.44922
2022-01-14;42573.76172;43424.96094;41846.33984;43063.64844
2022-01-13;43897.19141;44384.5;42336.51172;42553.98828
2022-01-12;42699.35938;44236.94141;42470;43888.85938
2022-01-11;41828.19141;43083.85938;41288.14844;42724.96875
2022-01-10;41842.5;42236.67188;39692.12109;41830.28906
2022-01-09;41679.73828;42755.62891;41260.011719;41841.89844
2022-01-08;41620.44922;42297.83984;40572.46875;41664.78125
2022-01-07;43111.83984;43133.011719;40859.070312;41551.10938
2022-01-06;43438.71094;43771.80859;42478.23047;43103.050781
2022-01-05;45884.46094;47029.64062;42543.12109;43421.30859
2022-01-04;46473.5;47501;45605.89062;45841.078125
2022-01-03;47263.21094;47549.98047;45696.10156;46425.23828
2022-01-02;47719.64062;47941;46726.23047;47288
2022-01-01;46220.82812;47911.57812;46220.82812;47738.58984
2021-12-31;47080.011719;48538.55078;45706.51172;46224.39062
2021-12-30;46492.44922;47888.37891;45999.96094;47120.87109
2021-12-29;47589.66016;48119.26172;46132.58984;46471.070312
2021-12-28;50658.58984;50671.89062;47349.98828;47549.71094
2021-12-27;50774.64062;52008.16016;50449.011719;50699.98828
2021-12-26;50394.10156;51243.46094;49522.80859;50774.64062
2021-12-25;50821.28125;51133.78125;50186.94922;50393.82031
2021-12-24;50842.019531;51778.91016;50408.019531;50768.76953
2021-12-23;48596.28906;51340.55859;48047.92188;50791.73828
2021-12-22;48885.39844;49530.76953;48446.19141;48593.03125
2021-12-21;46970.21875;49295.011719;46650.058594;48892.28125
2021-12-20;46669.30078;47482.37891;45571.089844;46881.44922
2021-12-19;46829.26953;48261.85156;46428.37891;46706.39844
2021-12-18;46149.48828;47317.92969;45505.050781;46851.57812
2021-12-17;47625.019531;47993.30078;45524.62109;46171.16016
2021-12-16;48881;49363.21875;47540.89844;47625.011719
2021-12-15;48349.98828;49469.67188;46567.57031;48865.039062
2021-12-14;46716.41016;48622.71875;46333.058594;48356.78125
2021-12-13;50047.78906;50183.67188;45843.64062;46690
2021-12-12;49399.87891;50771.44922;48664.76953;50066.67188
2021-12-11;47127.41016;49474.011719;46812.37109;49286.57812
2021-12-10;47536.26953;49955.85156;47000;47110.10156
2021-12-09;50478.80078;50776.96875;47333.76953;47598.64844
2021-12-08;50584.69141;51194.37891;48694.92188;50457.91016
2021-12-07;50467.89844;51891.55859;50059.23047;50581.23828
2021-12-06;49406.73828;50882.53125;47216.64062;50551.76172
2021-12-05;49189.78125;49657.12891;47768.96094;49369.96875
2021-12-04;53608.75;53833.75;42567.26953;49165.039062
2021-12-03;56498.41016;57529.67188;51993.76172;53593.16016
2021-12-02;57161.69922;57363.21875;55791.57031;56483.69922
2021-12-01;56969.19141;59049.44922;56500;57197.71875
2021-11-30;57781.14062;59155.10938;55940.28125;56864.35156
2021-11-29;57351.98828;58838.039062;56707.23047;57774.48828
2021-11-28;54658.26172;57373.16016;53432.25;57275.35156
2021-11-27;53810.83984;55259.66016;53638.23828;54750
2021-11-26;58961.64844;59135.30078;53522.58984;53726.070312
2021-11-25;57174.050781;59374.019531;57020.60156;58920.019531
2021-11-24;57549.21094;57716.67188;55900;57164.57031
2021-11-23;56245.62891;57849.96094;55559.089844;57570.80859
2021-11-22;58670.37109;59257.78906;55640.69922;56311.039062
2021-11-21;59726.85156;59988.5;58515.60938;58711.87109
2021-11-20;58057.78906;59842.80078;57430.51172;59705.98047
2021-11-19;56978.67969;58304.94922;55610.16016;58061.57812
2021-11-18;60344.87109;60930.26172;56511.039062;56908.35938
2021-11-17;60052.058594;60808.44922;58533.19922;60375.37891
2021-11-16;63606.73828;63606.73828;58610.48828;60064.67188
2021-11-15;65677.42969;66304.28906;63443.71875;63594.019531
2021-11-14;64404.44922;65512.14844;63606.60156;65512.14844
2021-11-13;64163.37109;64905.21875;63373.37891;64395.67969
2021-11-12;64749.019531;65446.37109;62306.46875;64128.39844
2021-11-11;64846.85938;65588;64116;64774.26172
2021-11-10;66972.47656;68999.99219;62964.14062;64920.011719
2021-11-09;67531.25781;68492.96094;66323.85156;66943.023438
2021-11-08;63354.92969;67784.84375;63338.51172;67520.023438
2021-11-07;61477.75;63267.050781;61327.96094;63267.050781
2021-11-06;60944.011719;61523.48047;60079.44922;61468.69922
2021-11-05;61409.94922;62546.67188;60730;60957.53906
2021-11-04;62896.48047;63070.78125;60732.98828;61400.73828
2021-11-03;63230.019531;63493.011719;60930.57812;62911.98047
2021-11-02;60909.80859;64250.75;60639.80859;63207.019531
2021-11-01;61317.25;62416.39062;59613.019531;60900.60156
2021-10-31;61911.55859;62390.070312;60000.019531;61300.35938
2021-10-30;62251.82031;62334.62109;60773.51953;61830.12109
2021-10-29;60576.75;62950;60314.078125;62235.12109
2021-10-28;58434.37891;62237.12109;58107.26172;60571.48828
2021-10-27;60310.32031;61444.89062;58096.058594;58431.16016
2021-10-26;63077.67969;63272.51953;59916.48047;60307.67969
2021-10-25;60854.070312;63696.21094;60655.53125;63060.78906
2021-10-24;61285.48828;61466.25;59522.85938;60868.64062
2021-10-23;60688.73828;61729.98047;59733.44922;61310.78125
2021-10-22;62202.35938;63700.48047;60068.12109;60690.30078
2021-10-21;66001.39844;66602.8125;62088;62198.058594
2021-10-20;64268.39844;66973.64062;63540.14844;65961.0078125
2021-10-19;62008.41016;64449.39844;61431.73828;64275.53906
2021-10-18;61528.32812;62625.73047;60053.23047;62024.35938
2021-10-17;60875.76953;61659.98828;59156.71875;61526
2021-10-16;61720;62332.91016;60160.28906;60860.85938
2021-10-15;57344.98828;62913.039062;56870.96875;61659.76953
2021-10-14;57370.83984;58513.32812;56858.10938;57340.96875
2021-10-13;56002.92188;57697.83984;54320.011719;57382.64844
2021-10-12;57425.75;57644.30078;54172.69922;56022.44141
2021-10-11;54652.17969;57819.28906;54456.96875;57477.011719
2021-10-10;54949.19141;56435.039062;54089.83984;54685.64844
2021-10-09;53947.82031;55429.21875;53704.85938;54939.039062
2021-10-08;53787.070312;55955.44141;53653.42188;53911.19922
2021-10-07;55311.12891;55311.12891;53491.23828;53779.80078
2021-10-06;51457.39844;55658.55078;50436.57812;55315.89062
2021-10-05;49222.44922;51864.23047;49056.35156;51456.10938
2021-10-04;48198.76172;49473.73047;46960.011719;49227.46875
2021-10-03;47632.28906;49159;47122.19141;48186.67188
2021-10-02;48136.82031;48300;47443.78125;47665.48828
2021-10-01;43816.23047;48430.80859;43289.26953;48141.12109
2021-09-30;41541.070312;44102.011719;41414.14062;43822.5
2021-09-29;41019.66016;42561.070312;40816.98828;41535.57812
2021-09-28;42140.28906;42755.078125;40902;41016.55078
2021-09-27;43134.39062;44283.92969;42141.070312;42169.62891
2021-09-26;42670.62891;43903.46094;40772.39844;43204.98828
2021-09-25;42804.78906;42948.14844;41659.39062;42678.89062
2021-09-24;44856.32812;45098.71094;40878.75;42803.66016
2021-09-23;43543.60938;44938.69141;43081.60156;44856.32812
2021-09-22;40781.46094;43968.30859;40580.98828;43536.078125
2021-09-21;43014;43620.60938;39644.12109;40643.80078
2021-09-20;47284.10156;47324.46094;42532.69141;42968.23047
2021-09-19;48294.35156;48338.62109;46865.53906;47236.53906
2021-09-18;47312.23047;48754.42969;47066.89062;48304.98828
2021-09-17;47761.91016;48149.98828;46789.60938;47277.91016
2021-09-16;48152.35938;48476.19922;47034.17969;47739.98828
2021-09-15;47075.30859;48429.41016;46739.39844;48124.85156
2021-09-14;44945.98828;47243.28906;44711.87891;47068.82812
2021-09-13;46035.46094;46805.96875;43445.39062;44945
2021-09-12;45158.058594;46385.57812;44750;46060.28906
2021-09-11;44877;45977.14844;44746.10938;45159.98828
2021-09-10;46391.48828;47019.53125;44280.53125;44841.85938
2021-09-09;46043.51172;47315.60938;45597.35938;46383.98047
2021-09-08;46847.30078;47310;44484.14844;46051.39844
2021-09-07;52666.19922;52880;43066.35938;46767.96875
2021-09-06;51751.53906;52722.64844;50987.17969;52663.89844
2021-09-05;49926.71094;51876.92969;49480.60938;51762.71094
2021-09-04;49977.48828;50529;49437;49912.98047
2021-09-03;49245.12109;50999.96875;48350.96094;49990.71094
2021-09-02;48784.070312;50351.14844;48600.28906;49264.85938
2021-09-01;47090.66016;49150;46521.35938;48807.64062
2021-08-31;46929.011719;48211.64844;46700.35156;47130.35938
2021-08-30;48737.26953;48877.89844;46872.17969;46989.67188
2021-08-29;48904.21875;49613.85938;47820.21094;48767.82812
2021-08-28;49068.03125;49284;48411.12891;48888.21094
2021-08-27;46839.58984;49135.21094;46371.03125;49054.078125
2021-08-26;48977.23047;49344.53906;46365;46823.91016
2021-08-25;47666.87109;49227.78125;47162.17969;48995.51172
2021-08-24;49459.92969;49843.46094;47609.94141;47711.039062
2021-08-23;49248.37891;50496.10938;49031.03125;49538.019531
2021-08-22;48809.21875;49473.37891;48148;49246.39062
2021-08-21;49323.62109;49699.58984;48271.44922;48830.039062
2021-08-20;46760.37891;49334.83984;46644.44141;49315.73047
2021-08-19;44758.62891;47000;43980.80078;46752.51172
2021-08-18;44681.46094;45997.71875;44222.12109;44686.17969
2021-08-17;45901.73828;47135.46875;44431.10156;44692.48047
2021-08-16;47014.039062;47999.98828;45667.19922;45926.011719
2021-08-15;47092.17188;47337.82812;45558.53125;46979.66016
2021-08-14;47813.78906;48083.94141;46032.19922;47074.42969
2021-08-13;44416.83984;47821.30859;44234.17188;47794.5
2021-08-12;45508.44141;46213.94922;43814.87109;44396.039062
2021-08-11;45581.17969;46726.51953;45347.17969;45561.30078
2021-08-10;46293.39844;46658.17969;44674.75;45588.21094
2021-08-09;43814.42188;46453.12109;42823.26953;46278.39062
2021-08-08;44572.53906;45277.62109;43315;43780.011719
2021-08-07;42834.69141;44684.17969;42525;44615.91016
2021-08-06;40863.12891;43348.85156;39900.39062;42775.32812
2021-08-05;39746.12891;41348.64062;37367.67188;40857.28906
2021-08-04;38210;39960.48828;37560.55078;39737.011719
2021-08-03;39136.21094;39764.35156;37663.80859;38186.26172
2021-08-02;39850.94141;40457.73828;38691;39170.60156
2021-08-01;41461.83984;42566.58984;39544.62109;39862.91016
2021-07-31;42332.71094;42332.71094;41063.62109;41553.69922
2021-07-30;40023.53125;42257.089844;38353.69922;42198.71094
2021-07-29;39977.21875;40628.83984;39339.78906;39988.92969
2021-07-28;39445.53906;40854.46094;38856.16016;40001.26953
2021-07-27;37239.46875;39448.46875;36421.17188;39448.46875
2021-07-26;35398.98828;40517.98828;35226.78906;37275
2021-07-25;34718.51953;35381.89062;33875.30078;35381.89062
2021-07-24;33713.42969;33930.78125;33408;33818.5
2021-07-23;32295.49023;33600;32040.84961;33600
2021-07-22;32116.48047;32580.050781;31729.44922;32297.41016
2021-07-21;29806.89062;32800;29518.41992;32130.88086
2021-07-20;30841.77930;31035.16016;29303.099609;29793.49023
2021-07-19;31739.67969;31879.99023;30457.93945;30835.74023
2021-07-18;31507.84961;32399.91992;31226.99023;31770
2021-07-17;31379.51953;31914.15039;31203.88086;31499.83984
2021-07-16;31879.18945;32237.94922;31071.97070;31392.17969
2021-07-15;32806.82031;33153.53906;31181.44922;31835.57031
2021-07-14;32761.72070;33053.73828;31608.91992;32822.23828
2021-07-13;33092.5;33306.94141;32260.43945;32726.76953
2021-07-12;34248;34593.51172;32665.71094;33115.39062
2021-07-11;33530.39062;34580.87891;33316.32812;34227.51953
2021-07-10;33825.42188;34220.85156;33066.019531;33510
2021-07-09;32357.47070;34096.44141;32310.59961;33796.019531
2021-07-08;33852.10938;33921.19141;32096.43945;32866.32031
2021-07-07;34177.30078;35031.37109;33795.76172;33862.33984
2021-07-06;33682.67969;34749.92188;33682.67969;34169.17969
2021-07-05;35235.12891;35235.12891;33509.46875;33687.17969
2021-07-04;35495.35938;35835.71094;35298.71094;35298.71094
2021-07-03;33796.53906;34742.48047;33555.75;34742.48047
2021-07-02;33496.53906;33815.53125;32767.86914;33815.53125
2021-07-01;35024.41016;35024.41016;33252.82031;33511.85156
2021-06-30;35882.058594;36054.48828;34206.85156;35021.46094
2021-06-29;34522.64062;36391.58984;34522.64062;35832.53906
2021-06-28;34657.30859;34886.30078;34133.14062;34473.98828
2021-06-27;32284.74023;34669.64844;32284.74023;34669.64844
2021-06-26;31568.43945;32260.89062;30404.35938;32216.74023
2021-06-25;34663.078125;35391.87109;31595.53906;31595.53906
2021-06-24;33615.55859;34925;32482.83008;34673.62891
2021-06-23;32439.99023;34159;32439.99023;33673.60938
2021-06-22;31710.14062;32920.78125;29933.24023;32482.13086
2021-06-21;35589.019531;35589.019531;31694.39062;31694.39062
2021-06-20;35510.39062;35782.17969;34000;35594.46875
2021-06-19;35757.55078;36154.26953;34996.67969;35505.19141
2021-06-18;38090.5;38090.5;35448.83984;35747.039062
2021-06-17;38342.17969;39348.76953;37685.011719;38043.19922
2021-06-16;40143.80078;40285.011719;38333.39844;38333.39844
2021-06-15;40518.089844;40628.10938;39984.26172;40155.85156
2021-06-14;39152;40647.98047;38933.46094;40532.26953
2021-06-13;35539.55078;39024.19141;34962.10938;39024.19141
2021-06-12;37334.25;37334.25;35240.050781;35467.48047
2021-06-11;36712.10938;37307.78906;36166.25;37307.78906
2021-06-10;37405.62109;38025.96875;36432.089844;36641.33984
2021-06-09;33314;37374.82812;32571.85938;37374.82812
2021-06-08;33504.89062;33577.71875;31610.31055;33371.96094
2021-06-07;35776.85156;36675.87109;33573.94922;33573.94922
2021-06-06;35509.03125;36268.85938;35509.03125;35818.94141
2021-06-05;36859.87109;37752.78125;35347.96875;35512.39844
2021-06-04;39251.41016;39251.41016;36472.57812;36835.14844
2021-06-03;37553.53906;39177.51953;37341.87891;39177.51953
2021-06-02;36750.011719;37982.019531;36238.46875;37545
2021-06-01;37221.69922;37606.48828;36160;36689.71094
2021-05-31;35538.78906;37297.53125;34470.058594;37297.53125
2021-05-30;34603.16016;36161.35938;33843.25;35647.76953
2021-05-29;35658.64062;36895.011719;33711.19141;34574.058594
2021-05-28;38540.92969;38540.92969;35090.73828;35654.03125
2021-05-27;39196.96094;39965.42188;37500.28906;38381.82031
2021-05-26;38336.53906;40603.058594;38336.53906;39230
2021-05-25;38667.82812;38835.28125;37040.21875;38377.42188
2021-05-24;34715.39844;39007.42969;34715.39844;38742.03125
2021-05-23;37420;37880.17969;32149.81055;34663.058594
2021-05-22;37252.64844;38293.41016;35701.80078;37418.30078
2021-05-21;40514.98047;41708.44922;35807.85938;37258.98828
2021-05-20;37123.19922;42102.30078;37123.19922;40754.53906
2021-05-19;43010.82031;43010.82031;33784.64062;36678.55859
2021-05-18;43595.26953;45435.96875;42500.011719;42899.98828
2021-05-17;46454.32812;46454.32812;42553.71875;43531.60938
2021-05-16;46921.82031;49559.85156;44222.39062;46393.80078
2021-05-15;49884.28906;50261.87109;46717.75;46717.75
2021-05-14;49644.67969;51078.039062;49435.070312;49820
2021-05-13;49158.98047;51033.35938;48715.26953;49704.53125
2021-05-12;56657.57031;57259.011719;49322.14844;49322.14844
2021-05-11;55809.44922;56669.96875;54924.76953;56669.96875
2021-05-10;58352.82031;59197.5;54889.80078;55833.60938
2021-05-09;58872.92188;58872.92188;56980.019531;58214.39844
2021-05-08;57310.78906;59087.60938;57188.070312;58795.57031
2021-05-07;56433.28906;57835.011719;55443.75;57322.23828
2021-05-06;57469.92969;58061.42969;55976.050781;56392.87891
2021-05-05;54909.96094;57407.039062;54747.32031;57407.039062
2021-05-04;57194.89062;57194.89062;54032.12109;54032.12109
2021-05-03;56565.51953;58778.98047;56565.51953;57160.53125
2021-05-02;57829.76953;57829.76953;56383.019531;56600.44922
2021-05-01;57697.23828;58214.058594;57402.71875;57791.57812
2021-04-30;53552.30859;57700.64844;53475.91016;57700.64844
2021-04-29;54861.03125;54861.03125;52902.089844;53549.28125
2021-04-28;55060.62109;55591.011719;54318.66016;54813.21875
2021-04-27;53925.78125;55022.039062;53498.37109;55022.039062
2021-04-26;49078.35938;54003.28125;49078.35938;54003.28125
2021-04-25;50099.03125;50276.91016;47683.23828;48961.85156
2021-04-24;51161.51953;51161.51953;48968.71094;50075.14062
2021-04-23;51635.87109;51635.87109;48214.98828;51125.14062
2021-04-22;53849.98828;55051.44922;51703.64844;51703.64844
2021-04-21;56495.71875;56495.71875;53828.73047;53828.73047
2021-04-20;55724.14844;56943.5;54796.69922;56472.23047
2021-04-19;56137.16016;57079.14062;54782;55627.69141
2021-04-18;60056.67188;60056.67188;53000.019531;56185.55078
2021-04-17;61360.10938;62398.94922;60045.89844;60045.89844
2021-04-16;63183.32812;63183.32812;60534.76953;61335.21875
2021-04-15;63137.51953;63348.32031;62464.12891;63207.23828
2021-04-14;63681.21875;64513.32031;62250.64062;62985.73047
2021-04-13;59860;63533.76172;59860;63533.76172
2021-04-12;60150;60657.82031;59684;59868.28906
2021-04-11;59763.17969;60436.57812;59456.19922;59976.48047
2021-04-10;58155.44922;60758.42188;58109.98828;59722.55859
2021-04-09;58100;58543.14844;57760.14844;58127.58984
2021-04-08;55973.48047;58073.53906;55973.48047;58073.53906
2021-04-07;57989.019531;58327.10156;55703.37109;55947.17969
2021-04-06;59161.98828;59277.46875;57647.71875;57991.30859
2021-04-05;58242.35156;59024.71875;56986.76953;58993.44922
2021-04-04;56818.51172;58192.76172;56818.51172;58192.76172
2021-04-03;58957.98828;59622.55859;57053.55078;57053.55078
2021-04-02;58786;59742.67188;58687.73828;58973.17969
2021-04-01;58726.69922;59217.44922;58624.019531;58714.89844
2021-03-31;58767.42188;59222.64062;57611.71094;58744.82812
2021-03-30;57658.42188;59011.57031;57150.98047;58757.32812
2021-03-29;55794.39062;58148.78906;55302.16016;57610.14844
2021-03-28;55956.55078;56249.94141;54965.44141;55756.69141
2021-03-27;55205.078125;56455.78906;54536.39062;55855.76953
2021-03-26;51310.89062;55022.089844;51310.89062;55022.089844
2021-03-25;52428.98047;52929.46094;51092.64062;51310.26172
2021-03-24;54270.42188;56993.87891;52338.51172;52338.51172
2021-03-23;54088.87891;55639.48828;53282.69922;54310.011719
2021-03-22;57440.92969;57815.21094;54185.23828;54185.23828
2021-03-21;58040.35938;58364.14062;56159.98828;57385.011719
2021-03-20;58007.85938;59553.71094;58007.85938;58090
2021-03-19;57573.17188;58958.050781;57500.011719;58097.76953
2021-03-18;59108.44141;59340.94141;57645.35938;57645.35938
2021-03-17;56911.57812;58914.21094;54525.050781;58914.21094
2021-03-16;55677.14844;56874.37891;54350.011719;56874.37891
2021-03-15;59149.55859;60386.73828;55603.23828;55603.23828
2021-03-14;61192.42969;61296.21094;59176.12109;59176.12109
2021-03-13;57286.5;61360.26953;56435.03125;61200.011719
2021-03-12;57895.55859;57895.55859;55974.14062;57266.28125
2021-03-11;56049.98828;57840.32812;54635.21094;57786.98047
2021-03-10;54900.10938;56928.19922;53567.011719;55827.19141
2021-03-09;52436.58984;54858.10938;51987.39062;54858.10938
2021-03-08;50871.19141;52310;49675.48828;52310
2021-03-07;48890.51172;50984.011719;48890.51172;50984.011719
2021-03-06;48841.73828;48946.28906;47571.82812;48837.92969
2021-03-05;48363.44141;49120.011719;46733.60156;48800
2021-03-04;50167.21094;51272.57812;48046.30078;48408.050781
2021-03-03;48404.26953;51470.011719;48404.26953;50341.14062
2021-03-02;49567.92969;49567.92969;47417.85156;48381.42188
2021-03-01;45202.85938;49705.80859;45202.85938;49581.48047
2021-02-28;45892.82031;46271.33984;43657.78906;45106.73047
2021-02-27;46336;47592.48828;46116.57031;46116.57031
2021-02-26;47040.17969;47809.12109;44462.82031;46337.14062
2021-02-25;49727.92188;51357.69922;46928.51953;46928.51953
2021-02-24;48915.60156;51172.57812;48759.26172;49669.62109
2021-02-23;54061.30078;54061.30078;46224.78125;48922.30859
2021-02-22;57461.83984;57461.83984;52751.14062;54094.57812
2021-02-21;55904.64062;58004.070312;55610.69141;57420.16016
2021-02-20;56030.69922;57424.83984;55583.10156;55915.55859
2021-02-19;51640.55859;56197.26172;50915.96094;55886.39844
2021-02-18;52186.66016;52293.96875;51392.23047;51578.51953
2021-02-17;49193.39844;52341.82031;49193.39844;52050.78906
2021-02-16;47853.80859;49246.91016;47686.37109;49161.64844
2021-02-15;48621.53906;48621.53906;46188;47931.73828
2021-02-14;47138.98828;49474.83984;47138.98828;48599.96875
2021-02-13;47446.98828;47863.91016;46576.85156;47153.55078
2021-02-12;47994.039062;48299.98828;46889.85156;47345.21094
2021-02-11;44857.42188;48004.57031;44270.32031;48004.57031
2021-02-10;46446.14062;46660.92188;44632.10938;44828.78125
2021-02-09;46584.48047;47558.48828;45704.62109;46511.44922
2021-02-08;38817.94141;46364.96875;38478.96094;46364.96875
2021-02-07;38730.23047;39575.14062;38192.76172;38850
2021-02-06;38400;40733.30859;38400;39213.91016
2021-02-05;36954.33984;38293.92969;36954.33984;38293.92969
2021-02-04;37699.96875;38123.92969;36583.050781;36970.28906
2021-02-03;35502.60156;37625.71875;35502.60156;37625.71875
2021-02-02;33468.39844;35720.26172;33468.39844;35468.91016
2021-02-01;33064.19922;34268.48047;32581.46094;33506.32031
2021-01-31;34272.14844;34272.14844;32674.41016;33094.28125
2021-01-30;34237.80859;34719.98828;33344.42188;34265.57812
2021-01-29;33351.48828;37855.078125;33023.67969;34311.87109
2021-01-28;30379.82031;33330.41016;30379.82031;33330.41016
2021-01-27;32486.21094;32486.21094;30388.16016;30388.16016
2021-01-26;32189.58008;32489.029297;31378.73047;32489.029297
2021-01-25;32239.57031;34795.71875;32239.49023;32239.49023
2021-01-24;32023.41992;32805.42188;31500.24023;32224.51953
2021-01-23;32879.85156;32879.85156;31781.83984;32079.73047
2021-01-22;30829.65039;33554.050781;29728.71094;32994.14062
2021-01-21;35501.51953;35501.51953;30531.85938;30842.47070
2021-01-20;35851.57812;36339.66016;34127.78125;35450.011719
2021-01-19;36812;37392.83984;36002.85156;36002.85156
2021-01-18;35906.26172;36843.35156;35068.19922;36619.03125
2021-01-17;35910.39062;36375.71875;34734.011719;35838.42969
2021-01-16;36821.60156;37407.5;36017.82812;36017.82812
2021-01-15;39182.37109;39419.87109;35847.25;36745.94141
2021-01-14;37402.96094;39521.46875;37376.94141;39182.21094
2021-01-13;33946.10156;37380.33984;33200;37380.33984
2021-01-12;35404.46094;36357.42188;33651.76172;34080.92188
2021-01-11;38193.17969;38193.17969;30900;35544.28906
2021-01-10;40177.92969;40971.80078;36601.51172;38194.71875
2021-01-09;40635.76953;40819.91016;38957.60156;40092.011719
2021-01-08;39542.011719;41297.5;38123.25;40579.75
2021-01-07;36870.94922;39761.85938;36870.94922;39436.039062
2021-01-06;34016.19141;36748.37109;34010.42969;36748.37109
2021-01-05;32046.65039;34233.64062;31026.98047;33958.71094
2021-01-04;33013.26172;33251.58984;30945.69922;32009.27930
2021-01-03;32227.81055;34194.03125;32080;32942.14844
2021-01-02;29301.89062;32916;29301.89062;32178.089844
2021-01-01;28915.44922;29474.16992;28915.0097656;29329.65039
2020-12-31;28879.41016;29038.019531;28145.21094;28935.16992
2020-12-30;27418.68945;28852.33008;27418.68945;28852.33008
2020-12-29;27079.41992;27385.099609;26202.039062;27385.099609
2020-12-28;26293.99023;27211.94922;26293.99023;27068.35938
2020-12-27;26491.27930;28203.83984;26239.64062;26270.83008
2020-12-26;24715.16992;26460.67969;24715.16992;26460.67969
2020-12-25;23768.52930;24703.49023;23541.14062;24703.49023
2020-12-24;23222.40039;23729.18945;22785.16992;23729.18945
2020-12-23;23810.77930;24009;23266.089844;23266.089844
2020-12-22;22720.039062;23820.28906;22624.78906;23820.28906
2020-12-21;23454.85938;23813.88086;22265.61914;22737
2020-12-20;23820.5;24176.89062;23462.25977;23479.57031
2020-12-19;23126.47070;23879.39062;22935.40039;23844.83008
2020-12-18;22831.66016;23122.60938;22551.59961;23122.60938
2020-12-17;21337.11914;23616.65039;21337.11914;22821.22070
2020-12-16;19428.58984;21349.26953;19380.050781;21349.26953
2020-12-15;19279.58008;19479.60938;19103.39062;19429.53906
2020-12-14;19166.31055;19273.080078;19103.76953;19273.080078
2020-12-13;18807.57031;19343.49023;18779.18945;19180.060547
2020-12-12;18050.74023;18806.49023;18050.74023;18806.49023
2020-12-11;18274.40039;18274.40039;17788.019531;18020.80078
2020-12-10;18549.94922;18549.94922;18158.82031;18244.85938
2020-12-09;18277.22070;18608.40039;17985.83984;18542.50977
2020-12-08;19175.85938;19200.86914;18327.44922;18327.44922
2020-12-07;19391.31055;19391.31055;19091.91016;19165.48047
2020-12-06;19147.73047;19359.39062;18924.14062;19359.39062
2020-12-05;18666.30078;19142.029297;18666.30078;19142.029297
2020-12-04;19405.72070;19405.72070;18655.039062;18655.039062
2020-12-03;19219.0097656;19425.21094;18975.60938;19425
2020-12-02;18756.94922;19216.66992;18606.089844;19216.66992
2020-12-01;19694.66016;19837.43945;18758.49023;18758.49023
2020-11-30;18202.68945;19694.43945;18202.68945;19694.43945
2020-11-29;17720.42969;18181.65039;17627.96094;18181.65039
2020-11-28;17140;17788.13086;16932.25;17725.89062
2020-11-27;17157.13086;17392.43945;16745.67969;17134.66992
2020-11-26;18700.18945;18812.17969;16668.34961;17147.5
2020-11-25;19150.029297;19272.35938;18720.71094;18720.71094
2020-11-24;18358.17969;19390.81055;18315.75977;19148.26953
2020-11-23;18449.25;18654.019531;18251.029297;18375.50977
2020-11-22;18707.89062;18707.89062;18095.36914;18425.25
2020-11-21;18661.57031;18880;18621.050781;18681.47070
2020-11-20;17800;18799.47070;17800;18671.61914
2020-11-19;17780.10938;17987.76953;17480.75;17794.96094
2020-11-18;17647.75;18276.56055;17641.57031;17769.82031
2020-11-17;16707.31055;17653.41992;16624.63086;17653.41992
2020-11-16;15948.91992;16765.99023;15948.91992;16714.029297
2020-11-15;16073.92969;16078.29980;15800;15949.41016
2020-11-14;16319.65039;16319.65039;15880.69043;16068.92969
2020-11-13;16300.11035;16414.99023;16147.66016;16319.95020
2020-11-12;15686.65039;16288.34961;15580.95020;16288.34961
2020-11-11;15311.75977;15867.37988;15311.75977;15690.0097656
2020-11-10;15329.25977;15346.70996;15235.28027;15297.20020
2020-11-09;15483.80957;15608.5;15208.76953;15324.45020
2020-11-08;14801.90039;15518.37988;14801.90039;15481.76953
2020-11-07;15566.049805;15589.98047;14820.71973;14821.059570
2020-11-06;15592.19043;15824.80957;15472.030273;15570.25977
2020-11-05;14147.74023;15579.13965;14106.76953;15579.13965
2020-11-04;14023.67969;14148.70996;13679.20020;14138
2020-11-03;13558.79980;14030.29004;13413.91992;14018.44043
2020-11-02;13765.73047;13765.73047;13420.58984;13558.71973
2020-11-01;13764.70020;13811.65039;13705.38965;13758.070312
2020-10-31;13563.78027;13880;13506.67969;13794.48047
2020-10-30;13452.62988;13556.13965;13193.089844;13556.13965
2020-10-29;13264.92969;13549.94043;13104.94043;13455.20020
2020-10-28;13639.82031;13785.26953;13104.78027;13277.25
2020-10-27;13051.67969;13648.0097656;13051.67969;13634.95996
2020-10-26;13032.45996;13179.82031;12865.19043;13058.32031
2020-10-25;13103.37012;13127.34961;12972;13028.48047
2020-10-24;12929.70020;13114.59961;12929.70020;13113.24023
2020-10-23;12968.45020;12985.0097656;12835.87988;12931.63965
2020-10-22;12791.33008;13120.16992;12726.95996;12964.79980
2020-10-21;11909.40039;12881.36035;11909.40039;12800.61035
2020-10-20;11751.20996;11961.69043;11711.51953;11908.75
2020-10-19;11508.95996;11766.40039;11437.48047;11751
2020-10-18;11359.33984;11504.61035;11354.65039;11504.61035
2020-10-17;11325.76953;11360.32031;11325.76953;11360.32031
2020-10-16;11505.23047;11533.75977;11308.20996;11319.69043
2020-10-15;11424.95020;11518.67969;11332;11500.76953
2020-10-14;11425.48047;11442.38965;11307.25;11417.78027
2020-10-13;11531.32031;11531.32031;11371.16992;11420.55957
2020-10-12;11365.48047;11574.90039;11243.19043;11529.0097656
2020-10-11;11291.62012;11409.19043;11291.62012;11369.030273
2020-10-10;11051.29004;11386.58984;11051.29004;11293.21973
2020-10-09;10927.51953;11074.16016;10870.089844;11052.41016
2020-10-08;10667.30957;10920.79004;10568.34961;10920.63965
2020-10-07;10600.16992;10670.54980;10594.63965;10670.54980
2020-10-06;10797.94043;10797.94043;10592.19043;10602.070312
2020-10-05;10663.099609;10787;10663.099609;10787
2020-10-04;10536.41016;10672.48047;10536.41016;10672.48047
2020-10-03;10572;10576.98047;10528.0097656;10542.070312
2020-10-02;10603.33984;10605.40039;10450.049805;10569.87988
2020-10-01;10780.55957;10898.83008;10619.70996;10619.70996
2020-09-30;10843.84961;10843.84961;10711.69043;10774.75
2020-09-29;10669.67969;10840.62012;10652.59961;10840.62012
2020-09-28;10787.79004;10923.45020;10692.23047;10692.23047
2020-09-27;10727.17969;10774.29980;10638.24023;10774.29980
2020-09-26;10695.69043;10742.28027;10671.99023;10726.58008
2020-09-25;10737.12988;10737.12988;10582.34961;10686.83984
2020-09-24;10241.61035;10745.80957;10241.61035;10738.59961
2020-09-23;10533.13965;10533.13965;10228.48047;10237.13965
2020-09-22;10419.94043;10530.32031;10419.94043;10530.32031
2020-09-21;10912.019531;10979.99023;10396.37988;10417.32031
2020-09-20;11074.29980;11074.29980;10841.73047;10918.91016
2020-09-19;10935.059570;11080.98047;10896.30957;11080.98047
2020-09-18;10943.40039;10981.42969;10849.87988;10932.20020
2020-09-17;10951.91016;10951.91016;10816.58984;10939.99023
2020-09-16;10788.44043;11031.88965;10712.080078;10947.80957
2020-09-15;10666.61035;10870.92969;10643.88965;10784.92969
2020-09-14;10332;10717.58008;10272.019531;10673.71973
2020-09-13;10437.16992;10572;10267.44043;10322.79004
2020-09-12;10387.059570;10469.79980;10323;10439.74023
2020-09-11;10347.53027;10387.87988;10247.12012;10387.87988
2020-09-10;10218.16992;10381.96973;10218.16992;10336.86035
2020-09-09;10125.11035;10324.080078;9994.99023;10222.53027
2020-09-08;10383.70996;10383.70996;9985;10125.40039
2020-09-07;10241.54980;10371.95020;9930.019531;10371.95020
2020-09-06;10155.65039;10273.11035;10123.030273;10251.12012
2020-09-05;10445.54980;10465;10059.84961;10161.57031
2020-09-04;10188.49023;10543.42969;10188.49023;10450.37988
2020-09-03;11381.15039;11404.41992;10147.54980;10147.54980
2020-09-02;11916;11916;11297.98047;11388.90039
2020-09-01;11663.45020;11966.16992;11617.82031;11922.5
2020-08-31;11721.76953;11728.50977;11614.15039;11649.5
2020-08-30;11465.62988;11718.91016;11465.62988;11718.91016
2020-08-29;11531.16992;11543.019531;11466.12988;11466.12988
2020-08-28;11341.83984;11523.88965;11341.83984;11523.88965
2020-08-27;11457.65039;11457.65039;11238.99023;11325.36035
2020-08-26;11317.59961;11466.79980;11272.5;11456.84961
2020-08-25;11754.25;11754.25;11192.019531;11324.36035
2020-08-24;11648.13965;11791.040039;11617.33984;11751.49023
2020-08-23;11668.62012;11678.99023;11528.23047;11646.74023
2020-08-22;11526.79980;11669.66016;11435.96973;11663.30957
2020-08-21;11853;11872.16992;11529.36035;11529.36035
2020-08-20;11754.54980;11876.30957;11702.0097656;11855.75
2020-08-19;11945.099609;11945.099609;11674.95996;11745.24023
2020-08-18;12283.37012;12346.53027;11963.62012;11964.73047
2020-08-17;11916.48047;12392.99023;11832.40039;12275.45996
2020-08-16;11849.089844;11910.73047;11800;11910.73047
2020-08-15;11764.089844;11913.40039;11764.089844;11851.25
2020-08-14;11799;11799;11671.83984;11760
2020-08-13;11558.87012;11775.17969;11389.049805;11775.17969
2020-08-12;11393.15039;11583.69043;11343.059570;11564.33008
2020-08-11;11888.80957;11888.80957;11338.45996;11394.88965
2020-08-10;11686.62988;12000.80957;11686.62988;11891.28027
2020-08-09;11769.41016;11769.41016;11570.76953;11682.089844
2020-08-08;11587.99023;11776.25;11582.28027;11769.089844
2020-08-07;11762.089844;11874.23047;11538.30957;11591.95996
2020-08-06;11744.91016;11866.51953;11649.73047;11761.62988
2020-08-05;11198.33984;11743.25;11178.54980;11743.25
2020-08-04;11226.33008;11360.24023;11117.099609;11189.54980
2020-08-03;11071.36035;11414.13965;11071.36035;11223.080078
2020-08-02;11800.57031;11926.24023;11076.28027;11076.28027
2020-08-01;11333.82031;11810;11324.57031;11810
2020-07-31;11098.88965;11365.19043;11012.26953;11337.38965
2020-07-30;10984.62012;11123.54980;10936.57031;11097.84961
2020-07-29;10914.50977;11250.45996;10914.50977;11099.99023
2020-07-28;11087.75;11087.75;10766;10912.36035
2020-07-27;9932.62988;11024.44043;9932.62988;11020
2020-07-26;9700.38965;9945;9668.49023;9929.45020
2020-07-25;9538.75977;9699.99023;9538.75977;9699.99023
2020-07-24;9603.16992;9603.16992;9517.75;9539.29980
2020-07-23;9523.019531;9605.78027;9477;9605.78027
2020-07-22;9387.98047;9526.50977;9327.20020;9526.50977
2020-07-21;9158.030273;9402.82031;9158.030273;9386.45996
2020-07-20;9218.57031;9218.57031;9155;9160.83008
2020-07-19;9169.75977;9207.82031;9128.67969;9207.82031
2020-07-18;9153.12988;9186.76953;9133.36035;9169.94043
2020-07-17;9135.25;9161.12012;9121.70020;9154.83984
2020-07-16;9202.62012;9210.0097656;9086.44043;9134.49023
2020-07-15;9255.62988;9255.62988;9197;9197
2020-07-14;9236.030273;9264.83008;9181.36035;9253.58008
2020-07-13;9312.36035;9314.57031;9242.45020;9242.45020
2020-07-12;9235;9304.21973;9218.12988;9304.21973
2020-07-11;9294.99023;9294.99023;9202.019531;9233.98047
2020-07-10;9232.42969;9285.99023;9158.70020;9285.99023
2020-07-09;9431.25977;9431.25977;9219.26953;9233.42969
2020-07-08;9263.12988;9440.20996;9251.25;9436.90039
2020-07-07;9336;9336;9246.25;9258.030273
2020-07-06;9076.58008;9340.78027;9076.58008;9340.78027
2020-07-05;9134.19043;9142.13965;9004.98047;9084.32031
2020-07-04;9053.070312;9187.75;9047.75977;9138.059570
2020-07-03;9086.54004;9122.91016;9038;9061.41992
2020-07-02;9231.37988;9259.20020;8958.96973;9085.67969
2020-07-01;9136.70996;9290.38965;9099.33008;9232
2020-06-30;9190.95020;9201.48047;9072.16992;9136.049805
2020-06-29;9124.75977;9236.12988;9027.88965;9187.080078
2020-06-28;9007.049805;9188.019531;8949.25;9110
2020-06-27;9168.20996;9196.019531;8856.49023;9012
2020-06-26;9244.51953;9295.46973;9058.41992;9162.11035
2020-06-25;9294.12012;9328.83984;9026.0097656;9250.29980
2020-06-24;9622.66992;9667.90039;9223.79004;9302.29980
2020-06-23;9687.73047;9718.74023;9582.28027;9625
2020-06-22;9294.69043;9756.20020;9284.69043;9685.54980
2020-06-21;9361.19043;9416;9288;9294.75977
2020-06-20;9305.99023;9394.0097656;9185.90039;9358.51953
2020-06-19;9376.58984;9423.95020;9244.79004;9310.19043
2020-06-18;9470;9478.34961;9287.70020;9385.75
2020-06-17;9532.82031;9549;9269.28027;9464.12988
2020-06-16;9432.32031;9585;9375.0097656;9525.83008
2020-06-15;9337.53027;9494.51953;8932.40039;9425
2020-06-14;9475.74023;9475.74023;9261.29980;9340.88965
2020-06-13;9467.75;9492.36035;9365.90039;9471.45020
2020-06-12;9272.51953;9545.45020;9249.37012;9464.99023
2020-06-11;9891.23047;9948.45020;9188;9275.73047
2020-06-10;9769.87988;9977.90039;9706.20996;9884.059570
2020-06-09;9821.55957;9872.040039;9632;9770.20996
2020-06-08;9754.33008;9790.29980;9641.0097656;9780.25
2020-06-07;9667.57031;9784.25;9427.91992;9745.75
2020-06-06;9578.25;9732;9541.91992;9669.74023
2020-06-05;9797.38965;9850;9590;9627.34961
2020-06-04;9667.83008;9872.86035;9477.19043;9793.58008
2020-06-03;9515.91992;9665.99023;9428.12012;9657.83984
2020-06-02;10223.87988;10223.87988;9351.84961;9527.070312
2020-06-01;9449.25977;10350;9432.29980;10190.0097656
2020-05-31;9699.90039;9699.90039;9400.24023;9461.20020
2020-05-30;9432.12988;9733.69043;9353.17969;9695
2020-05-29;9591.099609;9601.12988;9355.20996;9425.19043
2020-05-28;9205;9610.86035;9119.030273;9565.33984
2020-05-27;8836.99023;9217.41992;8818.82031;9197.040039
2020-05-26;8902.50977;9002.049805;8700.11035;8843
2020-05-25;8687.20996;8963.38965;8673.20020;8900.21973
2020-05-24;9170;9296.45996;8710.46973;8710.46973
2020-05-23;9174.13965;9303.33008;9085;9179.83984
2020-05-22;9065.95996;9257.94043;8952.66016;9168.99023
2020-05-21;9501.73047;9568.66992;8823.40039;9036.57031
2020-05-20;9780.5;9840.13965;9369.90039;9511.42969
2020-05-19;9735;9889.80957;9488.19043;9774.049805
2020-05-18;9704.62988;9950;9529.12988;9729.42969
2020-05-17;9356.73047;9875.65039;9335;9680
2020-05-16;9332.87988;9576.26953;9228.88965;9382.65039
2020-05-15;9789.73047;9835.76953;9155;9317.50977
2020-05-14;9323.040039;9925.99023;9267.059570;9787.66992
2020-05-13;8794.20020;9390.92969;8794.20020;9306.62012
2020-05-12;8560.019531;8968.37012;8546.83008;8812.96973
2020-05-11;8744.65039;9148.049805;8243.29004;8605.030273
2020-05-10;9546.53027;9549.86035;8164.22998;8745
2020-05-09;9790.41016;9913.71973;9530.62988;9546.70020
2020-05-08;10000;10028.50977;9725.0097656;9804.75977
2020-05-07;9123.53027;10059.99023;9046.87012;9980.84961
2020-05-06;9025.86035;9384.99023;8926.91016;9147
2020-05-05;8885;9100.66016;8770.030273;9023.5
2020-05-04;8901.76953;8948.63965;8529.29980;8875.33984
2020-05-03;8973.28027;9190.87012;8726.95996;8892.62012
2020-05-02;8809;9006.87988;8769.19043;8970.95020
2020-05-01;8618.92969;9049.41992;8618.92969;8827.34961
2020-04-30;8781.92969;9450.58008;8417.30957;8638.11035
2020-04-29;7749.83008;8950;7731.64014;8779.12988
2020-04-28;7777.85010;7777.85010;7663.89990;7748.64990
2020-04-27;7723.0097656;7773.79004;7626.49023;7773.79004
2020-04-26;7527.12012;7692.16992;7524.43018;7692.16992
2020-04-25;7505;7674.25977;7453.89014;7539.43018
2020-04-24;7472.66016;7601.58008;7417.87988;7505
2020-04-23;7125.080078;7695;7034.87012;7483.60986
2020-04-22;6836.62988;7147.47021;6820.39990;7124.35010
2020-04-21;6821.37012;6931.27979;6771.43994;6842.0097656
2020-04-20;7122.33984;7206.14990;6767.16016;6832.12988
2020-04-19;7250.41992;7260.24023;7062.16016;7121.99023
2020-04-18;7014.41016;7281;7014.41016;7248.89014
2020-04-17;7106.29980;7142.45020;6994.25977;7025.47998
2020-04-16;6616.20020;7171.95020;6494.33008;7103.79004
2020-04-15;6858.62012;6927.79980;6612.10010;6622.87988
2020-04-14;6846.14990;6967.20996;6765.37012;6867.91016
2020-04-13;6853.81006;6881.99023;6610.58008;6840.45996
2020-04-12;6877.24023;7171.70996;6780.27979;6899.16992
2020-04-11;6877.22021;6935.97998;6765.43994;6877.62012
2020-04-10;7287.58008;7292.79980;6751.47021;6860.20020
2020-04-09;7335.97998;7368.020020;7140.89990;7284.89990
2020-04-08;7200;7413.79004;7157.66016;7359.54004
2020-04-07;7313.27002;7445.70020;7093;7202.040039
2020-04-06;6771.54004;7333.83984;6769.25977;7333.83984
2020-04-05;6889.60986;6889.60986;6684.79980;6772.16992
2020-04-04;6722.45996;6982.85010;6658.18994;6856.83008
2020-04-03;6792.41992;7033.10986;6615.97998;6728.99023
2020-04-02;6699.58008;7154.56982;6562.25977;6806.35010
2020-04-01;6423.12988;6669.81006;6153.66992;6639.93994
2020-03-31;6384;6515.29980;6341.29004;6410.77002
2020-03-30;5892.29004;6560;5865.97998;6394.43018
2020-03-29;6242.029785;6261.040039;5877.54004;5882.18994
2020-03-28;6297.52002;6322.70020;6051.35010;6245.29004
2020-03-27;6745.43018;6831.70996;6299.74023;6359.74023
2020-03-26;6687.5;6775.72021;6534.70996;6737.37012
2020-03-25;6734.0097656;6938.49023;6470.089844;6679.68018
2020-03-24;6466.58984;6827.66992;6388.20996;6747.72021
2020-03-23;5803.37988;6566.20020;5694.91016;6482.14014
2020-03-22;6179.060059;6403.95996;5747.93018;5817.85986
2020-03-21;6213.31006;6443.54980;5890.5;6190
2020-03-20;6165.56006;6898.029785;5757.020020;6208.43018
2020-03-19;5406.39014;6389.080078;5264.75977;6168.45020
2020-03-18;5325.18994;5426.39990;5012.85010;5395.85010
2020-03-17;5084.95996;5510.0097656;4945.069824;5331.58008
2020-03-16;5360.16992;5363.049805;4468.10986;5024.35010
2020-03-15;5174.68018;5901.29004;5109.95996;5364.49023
2020-03-14;5534.68994;5629.47021;5061.91016;5177.10010
2020-03-13;4846.49023;5886.60986;3783.51001;5580.83984
2020-03-12;7944.60010;7961.50977;4509.95020;4858.37988
2020-03-11;7886.16016;7973.31006;7599.14990;7932.81006
2020-03-10;7930.49023;8145.77002;7758.54980;7886.43018
2020-03-09;8037.029785;8152.58984;7649.37012;7934.89990
2020-03-08;8885;8885;8009.58984;8029.56982
2020-03-07;9134.48047;9167.53027;8846.54980;8885.91016
2020-03-06;9044.24023;9165.049805;8992.79980;9133.59961
2020-03-05;8757.65039;9153.040039;8757.65039;9059.99023
2020-03-04;8766.75;8844.69043;8674.16992;8753.29004
2020-03-03;8912.29980;8912.75977;8667.019531;8760.36035
2020-03-02;8530.51953;8964.84961;8499.92969;8911.44043
2020-03-01;8553.71973;8742.70996;8432.16992;8542.33008
2020-02-29;8699.75;8790;8524.080078;8524.080078
2020-02-28;8823.5;8898.62012;8456.26953;8690.83984
2020-02-27;8784.75977;8969.61035;8535.040039;8818
2020-02-26;9314.12988;9377.099609;8666;8790.11035
2020-02-25;9655;9670.58984;9255.73047;9320
2020-02-24;9936.13965;9987.95020;9493.51953;9659.0097656
2020-02-23;9650;9970.54980;9649;9944.21973
2020-02-22;9678.40039;9705.41992;9560.58984;9651.75
2020-02-21;9597.34961;9754.95996;9571.29004;9677.70020
2020-02-20;9588.57031;9681.66016;9456.38965;9604.23047
2020-02-19;10168.76953;10230;9380.16992;9595.63965
2020-02-18;9707.12012;10249.98047;9596.69043;10156.12012
2020-02-17;9904.26953;9952.71973;9453;9697.94043
2020-02-16;9904.34961;10047.29004;9646.54004;9925.92969
2020-02-15;10352.75;10372.99023;9814.75;9906.28027
2020-02-14;10229.92969;10372.53027;10113.20020;10344.49023
2020-02-13;10316.95020;10496.54980;10110;10240.38965
2020-02-12;10231.36035;10436.83984;10231.36035;10324.24023
2020-02-11;9856.33008;10323.44043;9717.96973;10225
2020-02-10;10157.79980;10186.080078;9771;9852.57031
2020-02-09;9895;10158.99023;9881;10153.83008
2020-02-08;9813.71973;9937.30957;9671.91992;9898.11035
2020-02-07;9773.030273;9883.059570;9736.030273;9819.59961
2020-02-06;9620.83008;9859.36035;9536.73047;9770
2020-02-05;9196.5;9727.38965;9179.58984;9612.95020
2020-02-04;9301.95020;9347.83008;9100.28027;9197.24023
2020-02-03;9326.91016;9580.080078;9242.95020;9295.080078
2020-02-02;9383.080078;9467.33984;9204.75;9326.75
2020-02-01;9354.70996;9463.040039;9302;9387.71973
2020-01-31;9512.46973;9529.99023;9232.070312;9352.79004
2020-01-30;9290;9576.41016;9213.69043;9513.29004
2020-01-29;9396.15039;9432.32031;9256.59961;9300.54980
2020-01-28;8917.25;9388.95020;8910.95020;9367.049805
2020-01-27;8621.33008;9000;8584.95996;8907.58008
2020-01-26;8327.48047;8615.24023;8304.16016;8612.54980
2020-01-25;8439.54004;8450.049805;8272.90039;8340
2020-01-24;8405;8522.87988;8238.80957;8437.48047
2020-01-23;8686.58008;8686.58008;8310.34961;8409.83984
2020-01-22;8744.98047;8807.28027;8600.53027;8682.11035
2020-01-21;8649.059570;8777.49023;8518.030273;8733.33008
2020-01-20;8711.42969;8743.29980;8523.38965;8641.83984
2020-01-19;8912.37012;9196.84961;8542.20020;8701.55957
2020-01-18;8905.78027;8985.17969;8806.78027;8919.34961
2020-01-17;8722.49023;9018;8676.71973;8912.58984
2020-01-16;8824.57031;8859.21973;8601.78027;8731.99023
2020-01-15;8802.63965;8912.38965;8573.66992;8829.16992
2020-01-14;8112.64014;8876.13965;8112.64014;8840
2020-01-13;8184.62988;8195.0097656;8060.020020;8107.75977
2020-01-12;8005.85010;8189.41992;7968.029785;8182.41016
2020-01-11;8176.39014;8284.84961;8006.22998;8020.0097656
2020-01-10;7817.75977;8197.37012;7684.74023;8194.87988
2020-01-09;8052.75977;8052.75977;7753.72998;7822.22998
2020-01-08;8147.089844;8450.54980;7880.79980;8049.77002
2020-01-07;7769.20996;8186.81006;7740;8158.56982
2020-01-06;7352.39014;7783.45996;7348.39014;7757.18994
2020-01-05;7355.080078;7489.43994;7323.89014;7357.16992
2020-01-04;7340.45996;7398.50977;7284;7351.87988
2020-01-03;6964.39990;7399;6878.79980;7335.56006
2020-01-02;7193.35010;7212.5;6943.75977;6962.74023
2020-01-01;7190.64014;7254.91992;7175.81006;7200.56006
2019-12-31;7246.41992;7316.95020;7146.20020;7194.85986
2019-12-30;7382.040039;7405.5;7220.049805;7244.64014
2019-12-29;7314.43018;7525.24023;7288;7389.97021
2019-12-28;7256.16016;7363.16992;7239.62012;7315.58008
2019-12-27;7199.70020;7268.080078;7103.47021;7253.97998
2019-12-26;7204.45996;7427.47021;7159.52979;7202.52979
2019-12-25;7260.95020;7267.54980;7129.029785;7202.56982
2019-12-24;7322.70020;7422.080078;7163.85986;7255.77002
2019-12-23;7513.29004;7689.99023;7270;7317.14014
2019-12-22;7129.66992;7505.83008;7123.20996;7501.87988
2019-12-21;7188.040039;7188.040039;7113.66016;7132.74023
2019-12-20;7156.75;7212.72021;7083.040039;7187.60986
2019-12-19;7285.29004;7349.91992;7047.040039;7151.81006
2019-12-18;6623.85986;7397.99023;6439.89014;7272.29980
2019-12-17;6893.95020;6938.77979;6577.66992;6620.049805
2019-12-16;7121.040039;7147;6847.16016;6892.43994
2019-12-15;7064.049805;7194.12988;7013.91016;7119.14014
2019-12-14;7254.43994;7271.54980;7012.70996;7067.93018
2019-12-13;7201.50977;7297.060059;7193.45996;7257.14014
2019-12-12;7242.56006;7274.52002;7101.47998;7197.22998
2019-12-11;7223;7269.5;7142.35010;7208.75
2019-12-10;7333.16016;7393.39014;7173.0097656;7225.020020
2019-12-09;7510.10010;7636.25;7292.64014;7341.33008
2019-12-08;7488.20996;7552.77002;7383.66992;7510.39990
2019-12-07;7534.60010;7584.89990;7477.12988;7489.31006
2019-12-06;7382.35986;7558.64990;7317.47998;7531.81006
2019-12-05;7186.64014;7468.52979;7166.37988;7389.49023
2019-12-04;7288;7720.43018;7091.069824;7189.25977
2019-12-03;7303.91016;7390.75;7243.069824;7293.029785
2019-12-02;7396.41016;7415.54004;7158.79004;7295.22998
2019-12-01;7541.89014;7541.89014;7239.91992;7396.20020
2019-11-30;7738.060059;7792.020020;7465.60986;7539.89014
2019-11-29;7413.72998;7849.85986;7405.18994;7741.89014
2019-11-28;7512.95996;7632.29004;7364.89014;7417.83008
2019-11-27;7155.75;7641.41016;6858.77979;7508.040039
2019-11-26;7110.45020;7330.62012;7035.52002;7154.91992
2019-11-25;6887.43018;7351.81006;6520.72021;7110.45020
2019-11-24;7311.33984;7326.81006;6871.72998;6907.060059
2019-11-23;7268.22998;7341.72021;7084.85010;7307.52002
2019-11-22;7627.60010;7721;6800;7272.33984
2019-11-21;8097.89014;8129.95020;7527.25;7624.25
2019-11-20;8134.77979;8226.11035;8041.97021;8096.64014
2019-11-19;8183.72021;8212;8019.020020;8133.77002
2019-11-18;8502.76953;8502.76953;8074.97998;8189.35010
2019-11-17;8491.61035;8610.40039;8388;8501.51953
2019-11-16;8472;8529.62988;8440.91016;8489.73047
2019-11-15;8650;8777.019531;8415.0097656;8472.059570
2019-11-14;8777.42969;8797.99023;8591.54004;8650.67969
2019-11-13;8821.94043;8832.019531;8715.080078;8779.53027
2019-11-12;8733.29004;8850.26953;8590.40039;8808.45996
2019-11-11;9047.86035;9067.86035;8636.40039;8732.82031
2019-11-10;8801;9135.86035;8754.25;9039.58008
2019-11-09;8766.54004;8876.83008;8728.17969;8808.76953
2019-11-08;9211.55957;9257.54004;8708.059570;8775.45020
2019-11-07;9340.67969;9371.79004;9122.74023;9213.11035
2019-11-06;9307.12988;9430;9258.87012;9335.34961
2019-11-05;9390.11035;9451.90039;9179.87012;9301.53027
2019-11-04;9201;9504.25;9125.75977;9396.40039
2019-11-03;9290.16016;9358.37012;9074.25;9194.030273
2019-11-02;9238.58008;9362.37988;9193.17969;9291.19043
2019-11-01;9134.099609;9270.37012;9042.80957;9230
2019-10-31;9165.75;9380.70996;8956.12988;9141.99023
2019-10-30;9405.019531;9408.62988;9010.42969;9154.20996
2019-10-29;9203.92969;9537.48047;9116.59961;9407.019531
2019-10-28;9528.29004;9889.33984;9201.76953;9204.65039
2019-10-27;9246.84961;9773.69043;9075.059570;9533.080078
2019-10-26;8664.71973;10328.99023;8643.54004;9229.41992
2019-10-25;7421.83984;8719;7394.31982;8655.53027
2019-10-24;7466.31982;7498.49023;7347.45020;7412.58008
2019-10-23;8007.41992;8046.14990;7322;7466.66992
2019-10-22;8204.099609;8285.75;8000;8021.56982
2019-10-21;8224.46973;8319.20996;8150.5;8210.040039
2019-10-20;7949.14014;8289;7884.93018;8219.089844
2019-10-19;7947.25977;8058.77002;7882.89990;7948
2019-10-18;8070.58008;8111.56982;7829;7943.60010
2019-10-17;7993.20996;8114.97998;7933.83008;8063.79980
2019-10-16;8153.52979;8180.93018;7930;7996.91016
2019-10-15;8346.92969;8393.16016;8121.24023;8159.91992
2019-10-14;8270.88965;8372.099609;8209.089844;8344.73047
2019-10-13;8299.46973;8449.92969;8175;8278.73047
2019-10-12;8251.45020;8392.58984;8251.45020;8304
2019-10-11;8563.62012;8757.54980;8244.99023;8262.080078
2019-10-10;8560.95020;8641.80957;8437.63965;8557.79004
2019-10-09;8177.47998;8656.79980;8115.080078;8563.75977
2019-10-08;8197.019531;8323.83008;8111.60010;8171.10010
2019-10-07;7861.89990;8291.71973;7772.60010;8191.97998
2019-10-06;8132.99023;8147.58008;7800.0097656;7857.68018
2019-10-05;8139.66992;8178.020020;8020.35010;8127.020020
2019-10-04;8226.78027;8231.089844;8011.54980;8137.12988
2019-10-03;8370;8386.32031;8079.77979;8218.70996
2019-10-02;8291.20996;8368.66992;8154.56006;8360.17969
2019-10-01;8295.070312;8499.73047;8179.39990;8295.66016
2019-09-30;8052.060059;8318.74023;7739.95020;8283.29004
2019-09-29;8212.96973;8223.34961;7908.52002;8042.12012
2019-09-28;8180.0097656;8300.88965;8021.43018;8205.0097656
2019-09-27;8060.64990;8251.99023;7869.68018;8178.24023
2019-09-26;8428.17969;8460.059570;7770;8063.35010
2019-09-25;8510.66992;8725.57031;8231.95996;8426.030273
2019-09-24;9700.75;9791.71973;7813.24023;8493.16016
2019-09-23;10034.12988;10048;9647;9690.17969
2019-09-22;9988.83008;10073.83984;9859.69043;10026.54004
2019-09-21;10172.33984;10173.0097656;9921.99023;9985.16016
2019-09-20;10258.98047;10273.82031;10080.78027;10166.98047
2019-09-19;10156.91992;10323.50977;9672.63965;10246.13965
2019-09-18;10184.57031;10254.87012;10108.28027;10156.99023
2019-09-17;10256;10267.16992;10143.82031;10192.69043
2019-09-16;10305.12012;10354.44043;10100;10256.37012
2019-09-15;10337;10359.38965;10262;10303.59961
2019-09-14;10349.99023;10419.90039;10249.13965;10332.0097656
2019-09-13;10426.030273;10437.88965;10155.90039;10342.37012
2019-09-12;10164.080078;10446.29980;10041.79980;10413.83984
2019-09-11;10093.15039;10282.36035;9901.29004;10160.86035
2019-09-10;10303.70020;10377.98047;9963.58008;10102.33008
2019-09-09;10391.51953;10471.030273;10076.75;10307.26953
2019-09-08;10461.040039;10578.36035;10283.63965;10395.42969
2019-09-07;10297.87988;10547.49023;10297.87988;10454.16992
2019-09-06;10563.75;10893;10223.62988;10302.34961
2019-09-05;10565.91016;10635.24023;10475.83984;10566.82031
2019-09-04;10611.58984;10787.46973;10383.12988;10571.33984
2019-09-03;10358.11035;10757.50977;10279.0097656;10609.69043
2019-09-02;9724.70020;10443.76953;9714.84961;10347.79004
2019-09-01;9583.57031;9805;9524.78027;9724
2019-08-31;9581.95020;9674.25;9456.20996;9589.51953
2019-08-30;9496.16992;9675.0097656;9366.58008;9583.49023
2019-08-29;9720.29980;9720.29980;9341.67969;9487.83008
2019-08-28;10183.089844;10266.96973;9610;9721.23047
2019-08-27;10390.16992;10390.86035;10058.19043;10183.67969
2019-08-26;10145.26953;10578.34961;10145.26953;10373.59961
2019-08-25;10144.20996;10322;9952.54980;10132.41992
2019-08-24;10393.25;10413.78027;9902.66016;10132.17969
2019-08-23;10092.79980;10429.74023;10030.65039;10388.36035
2019-08-22;10151.70020;10228.23047;9786.79980;10098.65039
2019-08-21;10765.040039;10799.58008;9880.99023;10140.49023
2019-08-20;10931.13965;10947.36035;10563.96973;10744.84961
2019-08-19;10303.96973;10922.28027;10258.94043;10905.57031
2019-08-18;10215.66016;10498.58008;10082.17969;10308.44043
2019-08-17;10328.23047;10462.80957;10013.88965;10214.33984
2019-08-16;10286.79980;10531.030273;9789.48047;10335.16016
2019-08-15;10102.62988;10449.87012;9929.83008;10307.059570
2019-08-14;10893.70996;10893.70996;9950;10054.63965
2019-08-13;11391.28027;11445.049805;10802.48047;10886.63965
2019-08-12;11554.36035;11554.36035;11267.30957;11387.15039
2019-08-11;11316.37988;11587.45996;11143.41016;11587.45996
2019-08-10;11880;11979;11270.57031;11310.20996
2019-08-09;12036.59961;12040.12988;11700.0097656;11880
2019-08-08;12002.049805;12054.37988;11546.51953;12013.40039
2019-08-07;11478.34961;12129.96973;11411.059570;11962.87988
2019-08-06;11816.50977;12291.98047;11230.25977;11483.25
2019-08-05;10945.75977;11930;10941.32031;11815.019531
2019-08-04;10814.099609;11024.57031;10557.75;10926.5
2019-08-03;10525.040039;10899.91992;10502.62012;10814.099609
2019-08-02;10382.54004;10660;10320.50977;10521.049805
2019-08-01;10094.12012;10464.41016;9885.33984;10374.12012
2019-07-31;9574.26953;10089.50977;9555.21973;10080.48047
2019-07-30;9510.87988;9711.19043;9402;9577.23047
2019-07-29;9549.82031;9718.62012;9398.80957;9514.28027
2019-07-28;9476.66016;9588.49023;9194.50977;9534.62988
2019-07-27;9819.98047;10164.91992;9342.13965;9486.66016
2019-07-26;9869.98047;9874.99023;9638.080078;9824.070312
2019-07-25;9757.45996;10174.63965;9730;9882.45996
2019-07-24;9862.65039;9931;9558.24023;9758.83984
2019-07-23;10318.45996;10334.54980;9846.70020;9850
2019-07-22;10597.089844;10669.65039;10117.16992;10340.79980
2019-07-21;10737.80957;10807.070312;10302.79004;10582.51953
2019-07-20;10515.74023;11053.41016;10385.94043;10740.83984
2019-07-19;10639.95996;10729.13965;10122.61035;10497.41016
2019-07-18;9688.41992;10770.12988;9276.55957;10626.059570
2019-07-17;9435.25977;9957;9060;9667.91992
2019-07-16;10839.20996;11021.49023;9370.76953;9430.49023
2019-07-15;10170.95996;11066.059570;9888;10837.71973
2019-07-14;11360.91016;11450.59961;10105;10186.58984
2019-07-13;11768.73047;11794.95020;10836.5;11372.040039
2019-07-12;11342.88965;11879.96973;11113.46973;11757.41016
2019-07-11;12105;12105;11004.99023;11341
2019-07-10;12547.69043;13130;11588.030273;12105.33008
2019-07-09;12247.41992;12778.099609;12086.29004;12542.92969
2019-07-08;11417.45996;12336.66992;11306.0097656;12237.95996
2019-07-07;11214.51953;11520.040039;11111.40039;11412.12988
2019-07-06;10978.71973;11641.15039;10978.71973;11260
2019-07-05;11137.25;11394.25;10826.36035;10957.099609
2019-07-04;11970.66016;11998.0097656;11098.99023;11167.089844
2019-07-03;10882.049805;11990.15039;10882.049805;11948.88965
2019-07-02;10616.45996;10931.30957;9739.070312;10845.059570
2019-07-01;10848.59961;11266.91992;10043.11035;10626.16016
2019-06-30;11938.40039;12178.54004;10776.17969;10827.95996
2019-06-29;12396.54004;12440.70996;11520.51953;11898.41992
2019-06-28;11307.29980;12475.80957;11018.46973;12425.5
2019-06-27;13083.87012;13472.099609;10535.70020;11337.070312
2019-06-26;11822.21973;13960;11765.71973;13100.080078
2019-06-25;11066.79004;11849.58008;11038.070312;11839.11035
2019-06-24;10892.23047;11134.73047;10622.0097656;11054.30957
2019-06-23;10722.20020;11383.96973;10571.98047;10906.50977
2019-06-22;10159.87988;11149.54004;9950;10730.0097656
2019-06-21;9530.95996;10173.099609;9526.30957;10173.099609
2019-06-20;9266.76953;9586.95020;9182.15039;9514.75977
2019-06-19;9096.87012;9295.99023;9042.79980;9253.73047
2019-06-18;9329.070312;9333.62988;8963.25;9082.62012
2019-06-17;8956.45996;9421.29004;8956.45996;9313.40039
2019-06-16;8812.95996;9326.92969;8762.21973;8967.46973
2019-06-15;8650.0097656;8852.50977;8576.11035;8811.11035
2019-06-14;8219.12988;8681.99023;8151.81006;8651.53027
2019-06-13;8126.77002;8308.76953;8029.16016;8216.44043
2019-06-12;7887.68994;8198;7795.16016;8134.069824
2019-06-11;7990;8007.29980;7713.12012;7884.79980
2019-06-10;7619;8018.10010;7522.87012;7987.29004
2019-06-09;7894.47998;7935;7512.22998;7635.16016
2019-06-08;7980.47998;8043.0097656;7767.25977;7894.62012
2019-06-07;7787.56982;8095.60986;7743.35010;7989.25977
2019-06-06;7760.87988;7862.56006;7479.16016;7778.68018
2019-06-05;7690.069824;7887.37988;7594.52002;7775.56982
2019-06-04;8102.62012;8102.62012;7500;7693.85010
2019-06-03;8731.070312;8733.99023;8099.99023;8138
2019-06-02;8538.95020;8810.019531;8527.12988;8718.37988
2019-06-01;8553.83008;8620.29980;8446;8544.44043
2019-05-31;8262.69043;8578.84961;8123.31006;8561.79004
2019-05-30;8639;9059.059570;8054.91992;8263.49023
2019-05-29;8710.26953;8747.94043;8430.32031;8646.080078
2019-05-28;8753.089844;8796.98047;8554.16992;8720
2019-05-27;8614.98047;8904.30957;8590.95020;8758.63965
2019-05-26;8025.33008;8730.95996;7859.91992;8623.79980
2019-05-25;7961.72021;8087.93994;7915.74023;8025.10010
2019-05-24;7854.45996;8119.62988;7768.72021;7966.56982
2019-05-23;7619.58008;7935;7478.5;7846.62988
2019-05-22;7904.81006;7990;7538.58984;7631.81982
2019-05-21;7936.49023;8035.0097656;7784.41016;7909.43994
2019-05-20;8151.12988;8151.12988;7581.89990;7940.60010
2019-05-19;7247.68994;8270.019531;7247.68994;8145.91992
2019-05-18;7366.35010;7452.58984;7202.0097656;7258.41992
2019-05-17;7863.29980;7921.83984;6954.069824;7358.089844
2019-05-16;8163.089844;8314.28027;7719.37988;7869.75
2019-05-15;7946.45996;8249;7855.41016;8171.83984
2019-05-14;7795.95020;8347;7600;7942.91016
2019-05-13;6962.47021;8093.97998;6880.64014;7795.85010
2019-05-12;7069.20020;7514.56982;6761.47021;6970.72021
2019-05-11;6378.25977;7333.43994;6378.25977;7110.12988
2019-05-10;6211.89990;6466.12988;6176.77979;6375.45996
2019-05-09;5985.62012;6221.0097656;5985.62012;6208.77979
2019-05-08;5838;6014;5789.93018;5983.83984
2019-05-07;5752.47998;6016.020020;5751.87988;5840.14014
2019-05-06;5777.99023;5802.83008;5630.29980;5747.089844
2019-05-05;5831.52002;5837.22998;5699.62012;5772.029785
2019-05-04;5771.52002;5897.87988;5606.33008;5831.22998
2019-05-03;5490.79980;5842.58008;5479.0097656;5768.68994
2019-05-02;5384.12012;5535.0097656;5370.020020;5492.87012
2019-05-01;5320.81006;5398.16992;5317.64990;5385
2019-04-30;5237.069824;5336.49023;5194.31982;5317.97998
2019-04-29;5307.060059;5330.85010;5193.79004;5236.95020
2019-04-28;5296.52979;5337.29004;5270.45020;5310.45020
2019-04-27;5311.24023;5341.91992;5259.54980;5294.77979
2019-04-26;5215.85010;5499.020020;5170.64014;5313.020020
2019-04-25;5409.58008;5487.41016;5135.27979;5221.12988
2019-04-24;5488.14014;5582;5345.41016;5417.31982
2019-04-23;5357.81982;5594.31006;5334.89990;5495.20996
2019-04-22;5259.080078;5390.0097656;5215.20020;5356
2019-04-21;5289.87988;5312.25977;5172.70996;5259.39990
2019-04-20;5258.37988;5330.14990;5230.99023;5290.029785
2019-04-19;5259.37988;5317.68994;5182.58984;5257.81006
2019-04-18;5204.060059;5286.99023;5198.83984;5258.58984
2019-04-17;5171.0097656;5227.74023;5158.62988;5204
2019-04-16;5022.89990;5195.91992;5007.22998;5175.33984
2019-04-15;5131.29980;5166.10010;4950;5031.87988
2019-04-14;5043.93018;5152.35986;5002.64014;5130
2019-04-13;5046.66016;5089.81006;5007.089844;5045.16992
2019-04-12;5015.060059;5075.049805;4886.85986;5048.99023
2019-04-11;5315;5330.72998;4930.39990;5015.50977
2019-04-10;5150.91016;5405.39014;5137.95020;5304.58984
2019-04-09;5237.24023;5237.24023;5078;5151.25
2019-04-08;5169.81006;5298.47021;5046.70996;5238.85986
2019-04-07;5042.22021;5218.35986;5031;5170.68994
2019-04-06;5004.95020;5195.12012;4949;5043.049805
2019-04-05;4905.93994;5026.99023;4883.22021;5002.66016
2019-04-04;4931.0097656;5036.069824;4779.95020;4898.49023
2019-04-03;4859.45020;5268.31982;4770.0097656;4934.14990
2019-04-02;4144.52002;4890.83008;4140.56006;4860
2019-04-01;4101.95020;4157.47998;4071.23999;4145.16992
2019-03-31;4107.54004;4116.069824;4083.62012;4103
2019-03-30;4102.95996;4139.29980;4056.71997;4106.64014
2019-03-29;4027.47998;4122;4025.14990;4102.060059
2019-03-28;4035;4035.25;4004.86011;4027.81006
2019-03-27;3948.55005;4046.11011;3936.83008;4039.68994
2019-03-26;3937.32007;3950.35010;3897.84009;3946.89990
2019-03-25;3991.57007;3998.87988;3892;3935
2019-03-24;4001.95996;4004.070068;3964.31006;3991.20996
2019-03-23;3986.79004;4017.37988;3979.40991;4006.010010
2019-03-22;3980.63989;4005.31006;3970;3988.62988
2019-03-21;4042.98999;4060.020020;3900;3980.89990
2019-03-20;4016.16992;4046.13989;3985;4042.90991
2019-03-19;3988.010010;4030.90991;3971.5;4018.26001
2019-03-18;3980.95996;4034.080078;3954.93994;3987.83008
2019-03-17;4005.79004;4007.28003;3954.65991;3981.92993
2019-03-16;3922.98999;4051;3922.41992;4006
2019-03-15;3879.48999;3936.19995;3877.42993;3924.31006
2019-03-14;3864.39990;3917.92993;3819.17993;3876.65991
2019-03-13;3884.86011;3892.050049;3843.35010;3865.96997
2019-03-12;3870.96997;3903.86011;3826.88989;3882.78003
2019-03-11;3918.93994;3936.010010;3838.35010;3871.65991
2019-03-10;3939.88989;3939.88989;3889.37012;3917.71997
2019-03-09;3862.85010;3965.60010;3855.97998;3941.93994
2019-03-08;3874.11011;3928.34009;3805.10010;3866.89990
2019-03-07;3862.95996;3904.89990;3846.81006;3874.36011
2019-03-06;3857.69995;3882.54004;3817.70996;3860.81006
2019-03-05;3716.060059;3876.040039;3705.39990;3857.46997
2019-03-04;3807.75;3828.010010;3674.94995;3715
2019-03-03;3820.25;3834.73999;3784.81006;3806.37988
2019-03-02;3820.47998;3840.40991;3774.95996;3820
2019-03-01;3813.55005;3856.33008;3813.43994;3823.19995
2019-02-28;3818.13989;3879.98999;3787.27002;3814.18994
2019-02-27;3808.26001;3833.79004;3690.54004;3817.13989
2019-02-26;3828.68994;3841.46997;3784.87012;3810.39990
2019-02-25;3742.060059;3870.87988;3742.060059;3828.050049
2019-02-24;4117.47998;4194.77002;3717.98999;3744.60010
2019-02-23;3963.12012;4156.080078;3934.020020;4115.70996
2019-02-22;3937.37988;3985.94995;3930.34009;3962.71997
2019-02-21;3971.020020;4011;3905.13989;3937.59009
2019-02-20;3907.78003;3983.43994;3873.68994;3969.71997
2019-02-19;3896.96997;3992.030029;3858.97998;3909.95996
2019-02-18;3666.54004;3922.72998;3659;3899.35010
2019-02-17;3617.18994;3693.64990;3605.80005;3668.73999
2019-02-16;3602.13989;3646.46997;3598.59009;3615.61011
2019-02-15;3587.90991;3650;3574.93994;3601.60010
2019-02-14;3609.44995;3625.17993;3576.12988;3590.62988
2019-02-13;3631.45996;3664.38989;3595;3609.19995
2019-02-12;3630.54004;3662.43994;3590.84009;3631.92993
2019-02-11;3680;3683.030029;3617.93994;3631.93994
2019-02-10;3666.040039;3680.85010;3610.34009;3680.85010
2019-02-09;3661.64990;3676.060059;3630;3665.030029
2019-02-08;3398.13989;3730.94995;3378.040039;3658.020020
2019-02-07;3405.64990;3425.55005;3391.36011;3398.19995
2019-02-06;3471.54004;3479.37988;3384.010010;3406.41992
2019-02-05;3461.21997;3478.95996;3448.63989;3469
2019-02-04;3457.97998;3483.060059;3434.22998;3463.64990
2019-02-03;3509.44995;3510.64990;3427.23999;3458.090088
2019-02-02;3462.19995;3516.48999;3440.78003;3503.87988
2019-02-01;3433.57007;3484.12988;3403.020020;3463.5
2019-01-31;3457.39990;3487.59009;3419.97998;3427.98999
2019-01-30;3409.92993;3477.15991;3388.62988;3459
2019-01-29;3434.75;3443;3359.44995;3412.91992
2019-01-28;3550.30005;3557.54004;3386.25;3434.16992
2019-01-27;3564.38989;3578.86011;3500.010010;3550.97998
2019-01-26;3566.82007;3654.29004;3547.20996;3565.63989
2019-01-25;3570.67993;3579.17993;3537.040039;3567
2019-01-24;3552.56006;3585.39990;3529.32007;3570.14990
2019-01-23;3568.59009;3607.40991;3517.46997;3553
2019-01-22;3525.66992;3603.77002;3453.030029;3571
2019-01-21;3542.62988;3554.45996;3493;3526.89990
2019-01-20;3664.40991;3692.64990;3481.79004;3534.97998
2019-01-19;3594.87012;3712.69995;3594.22998;3668.93994
2019-01-18;3615.29004;3619.72998;3566.33008;3595.52002
2019-01-17;3595.63989;3627.84009;3538.95996;3619.12012
2019-01-16;3552.14990;3633.030029;3544.82007;3587.34009
2019-01-15;3626.5;3646.46997;3519.87988;3554.12012
2019-01-14;3478.18994;3661.070068;3467.27002;3626.13989
2019-01-13;3583.12988;3597.23999;3448.76001;3476.65991
2019-01-12;3598.12988;3615.55005;3543.52002;3584.080078
2019-01-11;3586.10010;3647.18994;3543.96997;3603.060059
2019-01-10;3966.11011;3995.94995;3542;3585.92993
2019-01-09;3957.040039;4000.20996;3941.37012;3964.010010
2019-01-08;3975.20996;4055.52002;3929.73999;3954.96997
2019-01-07;3986.40991;4015;3934.32007;3976.71997
2019-01-06;3772.10010;4019.64990;3743.93994;3987.40991
2019-01-05;3790.060059;3837.80005;3755.60010;3771.95996
2019-01-04;3765.45996;3820;3705.23999;3790
2019-01-03;3857.98999;3861.44995;3732.20996;3766.64990
2019-01-02;3810;3878.93994;3754.56006;3857.39990
2019-01-01;3702.65991;3804.69995;3643.76001;3796.43994
2018-12-31;3807.61011;3807.61011;3647.52002;3702.64990
2018-12-30;3710.95996;3819.71997;3662.62988;3802.28003
2018-12-29;3847.5;3885.36011;3678.56006;3696.71997
2018-12-28;3567.020020;3873;3540.17993;3839.96997
2018-12-27;3775.44995;3813.97998;3535;3566
2018-12-26;3741.27002;3827.040039;3658.070068;3777.75
2018-12-25;4008.010010;4017.67993;3649;3745.070068
2018-12-24;3927.15991;4194.29004;3927.15991;4012.13989
2018-12-23;3945.29004;4020.19995;3885.41992;3928.75
2018-12-22;3842.96997;3963.20996;3788;3946.47998
2018-12-21;4048.89990;4135.20996;3765.010010;3837.71997
2018-12-20;3657.020020;4117.81982;3640.63989;4049.78003
2018-12-19;3673.22998;3908.86011;3626.92993;3666.010010
2018-12-18;3511.58008;3668.27002;3441.94995;3652
2018-12-17;3226.85010;3583.48999;3220;3510.17993
2018-12-16;3209.76001;3289.15991;3209.76001;3229.86011
2018-12-15;3223.22998;3264.95996;3157.98999;3212.72998
2018-12-14;3302;3322.5;3177.98999;3225.96997
2018-12-13;3445.010010;3455.51001;3265;3301.29004
2018-12-12;3383.53003;3491.97998;3365.040039;3446.070068
2018-12-11;3435.86011;3458.64990;3331.87988;3384.12012
2018-12-10;3551.69995;3606.040039;3381.53003;3436.36011
2018-12-09;3409.28003;3652.95996;3395.11011;3547.55005
2018-12-08;3401.19995;3487.010010;3281.78003;3411.62012
2018-12-07;3507.11011;3532.20996;3226.88989;3404
2018-12-06;3765.070068;3888.080078;3504.37012;3508.75
2018-12-05;3955.93994;3969;3750.78003;3756.92993
2018-12-04;3884.76001;4074.76001;3803.55005;3954.070068
2018-12-03;4160.70020;4174.93018;3835.98999;3884.5
2018-12-02;4190.47021;4308.47021;4104.83984;4159.72021
2018-12-01;4043.86011;4295.12988;3963.69995;4190.10986
2018-11-30;4313.14990;4335.049805;3946.31006;4038
2018-11-29;4262.10010;4440.60986;4131.99023;4294.83984
2018-11-28;3878.66992;4389.0097656;3878.66992;4266.31006
2018-11-27;3860;3936.44995;3698.14990;3877.85010
2018-11-26;4092.97998;4199.31006;3701.29004;3857.96997
2018-11-25;3935.82007;4223.54004;3655.60010;4088.030029
2018-11-24;4415.60986;4523.16992;3829.66992;3934.21997
2018-11-23;4378.83984;4478.50977;4231.87988;4419.24023
2018-11-22;4667.45020;4719.54980;4353.77979;4370
2018-11-21;4575.24023;4786;4416.77979;4658.91992
2018-11-20;4913.39990;5044.97998;4329.95996;4560
2018-11-19;5664;5664;4868;4913.0097656
2018-11-18;5631.75977;5735.39990;5617.79980;5661.79980
2018-11-17;5651.52002;5655.12988;5565.43018;5631.75977
2018-11-16;5742.49023;5776.5;5549.60010;5650.58008
2018-11-15;5922.41016;5938.72998;5407;5750
2018-11-14;6461.79980;6480.54980;5672.29980;5916.089844
2018-11-13;6454.10010;6498;6400.81982;6459.18994
2018-11-12;6466.0097656;6482.24023;6421.0097656;6453.069824
2018-11-11;6435.040039;6462;6361.22998;6451.68018
2018-11-10;6419.99023;6472.029785;6415.18994;6435.16016
2018-11-09;6479.79980;6509;6394.81982;6418.39014
2018-11-08;6578.43994;6592.93994;6473.0097656;6479.93994
2018-11-07;6520.77002;6608.99023;6512.39014;6578.50977
2018-11-06;6466.24023;6527.95020;6445.18994;6515.47998
2018-11-05;6487;6495.97021;6433.64990;6469.43994
2018-11-04;6388;6518.39990;6359.060059;6485.22998
2018-11-03;6432.41992;6439.83984;6348.39990;6386.95020
2018-11-02;6407.68018;6455;6396.95996;6432.66992
2018-11-01;6376.85010;6435.97021;6353.95996;6410
2018-10-31;6332.25977;6415;6248.020020;6371.91016
2018-10-30;6345;6387.20020;6317.97021;6330
2018-10-29;6487.87988;6504.39990;6317.0097656;6345
2018-10-28;6501.52002;6514;6460;6489
2018-10-27;6539.83008;6555.83984;6476.49023;6506.85010
2018-10-26;6528.14990;6596.029785;6517.54004;6539.45020
2018-10-25;6563.0097656;6575.080078;6508.54004;6528.0097656
2018-10-24;6552.99023;6628.18994;6548.95996;6562.12012
2018-10-23;6579.68994;6594.79980;6516.5;6553.50977
2018-10-22;6587.70020;6637.99023;6546.68018;6582.43994
2018-10-21;6582.75;6657;6580;6590.18018
2018-10-20;6524.99023;6613.68018;6505.58008;6590
2018-10-19;6619.83984;6643.0097656;6524.79980;6529.85010
2018-10-18;6739.91992;6795.99023;6567;6618.87012
2018-10-17;6756.10010;6801.0097656;6683.64990;6739.58984
2018-10-16;6752.5;6894.37012;6675.0097656;6763.27979
2018-10-15;6335;7568.22021;6306.22021;6752.75977
2018-10-14;6330.080078;6410;6308.14014;6335.72998
2018-10-13;6285.18018;6341.49023;6285.18018;6332.049805
2018-10-12;6257.25;6359.95996;6210.080078;6298.0097656
2018-10-11;6629;6629.89990;6213.68994;6252.62988
2018-10-10;6658.64014;6658.64014;6532.85986;6630.20996
2018-10-09;6674.39990;6682.39014;6609.97998;6659.25
2018-10-08;6612.20020;6707.029785;6589.020020;6672.029785
2018-10-07;6596.45020;6637.72021;6526;6615
2018-10-06;6637;6649.99023;6567.37012;6594.37988
2018-10-05;6596.080078;6689.16016;6549.70020;6636.87012
2018-10-04;6512.66016;6639.83984;6505.22998;6593.91016
2018-10-03;6524.56982;6548.049805;6435.35010;6509.81006
2018-10-02;6608.68994;6632.79980;6504;6535.99023
2018-10-01;6626.0097656;6663.83984;6511.0097656;6611.62012
2018-09-30;6595.47021;6661.99023;6540;6625.81982
2018-09-29;6634.50977;6635.95020;6465.43018;6597.66016
2018-09-28;6689.95996;6798;6549.31006;6634.87988
2018-09-27;6465.64014;6735.70996;6435.58008;6689.049805
2018-09-26;6445.18018;6555.020020;6384.66992;6464.060059
2018-09-25;6580.14990;6580.14990;6335.77002;6442.58008
2018-09-24;6704.22998;6729.97998;6561.060059;6584.0097656
2018-09-23;6726.47021;6786.79004;6661.75;6702.45020
2018-09-22;6759.99023;6833.20020;6635;6723.37988
2018-09-21;6498.77002;6776.99023;6495.25977;6758.54980
2018-09-20;6396.79004;6535.27979;6335.060059;6491
2018-09-19;6336.33008;6505;6133.040039;6390.29980
2018-09-18;6245.93994;6388.37988;6229.45020;6332.99023
2018-09-17;6507.99023;6532.85986;6211.0097656;6252.27002
2018-09-16;6515.25;6522;6380.91016;6502.35010
2018-09-15;6482.62988;6562.99023;6472.0097656;6514.95996
2018-09-14;6488;6583.87988;6402.68994;6485.39990
2018-09-13;6338.43994;6526.029785;6338.43994;6487.37988
2018-09-12;6288.37988;6353.45996;6199.87012;6337.39990
2018-09-11;6315.27979;6395.81006;6174;6296.58008
2018-09-10;6250.81006;6349;6239.54980;6311.99023
2018-09-09;6184.99023;6431.66016;6149.77002;6246.45020
2018-09-08;6399.020020;6477.97998;6111;6181.97998
2018-09-07;6516.029785;6543;6327.99023;6391.99023
2018-09-06;6690.77002;6723.56006;6310;6517.0097656
2018-09-05;7356.72021;7392.99023;6688;6711.39014
2018-09-04;7261.0097656;7408;7239.99023;7359.62988
2018-09-03;7300.58984;7335.10986;7198;7263.069824
2018-09-02;7204.43994;7332;7127.52002;7302.16016
2018-09-01;7015.33008;7260.89990;7015.33008;7200
2018-08-31;6984.83984;7086.20020;6896.97021;7010.74023
2018-08-30;7031.20996;7062;6797.62012;6980.97021
2018-08-29;7075.049805;7127.70996;6920.62012;7034.20020
2018-08-28;6905.040039;7127.069824;6867.18018;7076.62012
2018-08-27;6703.39014;6919.56006;6652.089844;6904
2018-08-26;6729.64014;6772.52002;6572.54004;6701.33984
2018-08-25;6681.74023;6784.79004;6655.52979;6733.97021
2018-08-24;6525.020020;6715.93994;6469.89990;6687.029785
2018-08-23;6357.31006;6549.97998;6342.27979;6524.97998
2018-08-22;6485.47021;6872.93994;6255;6348.20996
2018-08-21;6245.20996;6495.85010;6239.91992;6478.52002
2018-08-20;6476.99023;6527.93018;6236.52979;6254
2018-08-19;6386.83008;6536.97021;6305.049805;6475
2018-08-18;6575.97021;6615;6289.12988;6387.77002
2018-08-17;6311.77002;6583;6291;6583
2018-08-16;6259.040039;6472.85986;6210.74023;6311.75
2018-08-15;6182.58008;6600;6176.16992;6265
2018-08-14;6246.43994;6246.52002;5882.37988;6188.080078
2018-08-13;6311.47021;6513.52979;6150;6246.33984
2018-08-12;6230;6456.79004;6159.95996;6308.33008
2018-08-11;6148.12988;6470.97998;6008.24023;6217
2018-08-10;6536.14990;6566.50977;6028.16016;6145.68994
2018-08-09;6272.97998;6619.020020;6192.68994;6530
2018-08-08;6716.43994;6716.43994;6126;6285
2018-08-07;6935.93994;7150;6681.049805;6720.62988
2018-08-06;7026.47021;7150.020020;6842.79980;6943.85010
2018-08-05;7009.79980;7086.56982;6889.99023;7021.41016
2018-08-04;7417.83008;7489.0097656;6943.25977;7013.79980
2018-08-03;7520.72021;7535.31982;7284.99023;7413.64990
2018-08-02;7602.14990;7697.31982;7466.97021;7529.87012
2018-08-01;7743.64990;7749;7440.020020;7606.29004
2018-07-31;8166;8176.72021;7636.39014;7727.99023
2018-07-30;8223.20020;8260.50977;7866.0097656;8171.41016
2018-07-29;8226.16992;8285;8115.040039;8214
2018-07-28;8193.92969;8234.5;8075.060059;8228
2018-07-27;7924.58984;8281.80957;7811.22998;8185.43018
2018-07-26;8181.35986;8310.92969;7853;7930
2018-07-25;8385.040039;8486.089844;8051.95996;8175.60010
2018-07-24;7718.89014;8471.98047;7698.54980;8400.34961
2018-07-23;7393.16992;7811.81006;7377;7720.97021
2018-07-22;7399.25;7576;7340;7395.5
2018-07-21;7335.64014;7454.91016;7214.040039;7398.79004
2018-07-20;7473.089844;7680;7280.020020;7337.60986
2018-07-19;7372.60010;7550;7277.16992;7471.58008
2018-07-18;7313.70020;7578.52979;7232.56006;7381.049805
2018-07-17;6705;7450;6654.91016;7313.020020
2018-07-16;6352.27979;6743.39014;6333.33008;6723.33008
2018-07-15;6254.089844;6394.77002;6230.43018;6354.14014
2018-07-14;6214.45020;6319.68994;6179;6250
2018-07-13;6233.16992;6328.14014;6134.16992;6222.72021
2018-07-12;6374.040039;6374.040039;6071.22021;6250
2018-07-11;6302.0097656;6397.41992;6281.16016;6380.27002
2018-07-10;6653.75977;6679.39014;6277.87988;6299.27002
2018-07-09;6712.10010;6799.97021;6632.99023;6662.12012
2018-07-08;6771.35010;6780;6676.60986;6710.60010
2018-07-07;6609.77979;6800.83984;6512;6756.99023
2018-07-06;6525.91992;6634.16016;6447.47021;6603.79004
2018-07-05;6586.97998;6683.14990;6460.10986;6530.50977
2018-07-04;6516;6775.62012;6466;6585.020020
2018-07-03;6616.99023;6679.29980;6467;6508
2018-07-02;6356.75;6683;6274.56982;6617.58984
2018-07-01;6391.27979;6438.93018;6256.12012;6358.29004
2018-06-30;6199.069824;6495.14014;6186.029785;6390
2018-06-29;5851.91992;6287.97998;5799.87988;6199.060059
2018-06-28;6134.72021;6161.81982;5827.0097656;5861
2018-06-27;6070.87988;6175.62012;6007.47998;6134.72998
2018-06-26;6252.0097656;6261.72998;6039.87988;6080
2018-06-25;6131.5;6341.85010;6084.22998;6250.0097656
2018-06-24;6166.68994;6235.87012;5751.43994;6136.97021
2018-06-23;6045.020020;6250.020020;6008.91016;6148.89014
2018-06-22;6717.68994;6733.52979;5931.37012;6042.029785
2018-06-21;6755.52002;6790.89990;6680.50977;6717.68994
2018-06-20;6735.41992;6808.47998;6552.0097656;6762.040039
2018-06-19;6712;6835;6667.16016;6735.41016
2018-06-18;6437.54980;6786.020020;6381.43018;6711.39014
2018-06-17;6483.97998;6588.87012;6433;6441.79004
2018-06-16;6375.95996;6545.31006;6329.77979;6483.99023
2018-06-15;6638.89014;6640.0097656;6369;6385
2018-06-14;6295.99023;6710;6263.77002;6633.33984
2018-06-13;6527.39014;6615;6134.14014;6293.25977
2018-06-12;6878.25977;6878.25977;6440.0097656;6539.97998
2018-06-11;6764.97998;6906;6623.18994;6872.99023
2018-06-10;7476.29004;7476.29004;6634.0097656;6767.0097656
2018-06-09;7610;7681.93018;7457.27979;7491.75
2018-06-08;7691.080078;7701.45996;7531.37988;7603.56006
2018-06-07;7657.83008;7755.81982;7637.10986;7688.54004
2018-06-06;7637.45020;7694.97021;7479.029785;7658.83984
2018-06-05;7489.27002;7675.35986;7367.47998;7624.049805
2018-06-04;7714.25977;7742.27002;7450.79980;7488
2018-06-03;7642.39990;7774.99023;7605;7714.25977
2018-06-02;7525;7695;7445.81982;7639
2018-06-01;7480.70020;7600;7369.97021;7520.0097656
2018-05-31;7380.68018;7620;7328.049805;7487.85986
2018-05-30;7463.069824;7549.97998;7264.10010;7384.31006
2018-05-29;7104;7527.77002;7034.72998;7453.27979
2018-05-28;7350.81982;7434.47021;7061;7094.93018
2018-05-27;7333.95996;7388.97021;7234.089844;7338.39990
2018-05-26;7452.18018;7614.16992;7300.97998;7335.45996
2018-05-25;7580.020020;7645.0097656;7328.58008;7458.5
2018-05-24;7500.020020;7719.45020;7270.020020;7578.99023
2018-05-23;7977.12012;8027.97021;7430;7491.41016
2018-05-22;8389;8399;7948.60010;7980
2018-05-21;8526;8584.94043;8311.11035;8386.12012
2018-05-20;8215.91992;8589.98047;8167.56006;8526.99023
2018-05-19;8239;8384.98047;8130.77979;8235.95996
2018-05-18;8040.50977;8270.099609;7912.0097656;8238
2018-05-17;8343.29004;8439.99023;7982.60010;8041.47021
2018-05-16;8460.20020;8486.16992;8094.35010;8337.25977
2018-05-15;8672;8845;8410.71973;8462.96973
2018-05-14;8676.040039;8872.62988;8286.0097656;8664.90039
2018-05-13;8480.0097656;8754.99023;8309.37012;8679.99023
2018-05-12;8405;8641.61035;8157;8471
2018-05-11;9000;9013.030273;8350;8400
2018-05-10;9323.21973;9394;8983.62012;9006.71973
2018-05-09;9178;9388.44043;8965.33008;9310
2018-05-08;9365.86035;9473.50977;9069.95020;9190.45996
2018-05-07;9651.019531;9689.58984;9190;9358.29004
2018-05-06;9855.20020;9970;9429.74023;9662
2018-05-05;9697;10002.019531;9686.26953;9864
2018-05-04;9749;9820.15039;9530.030273;9710
2018-05-03;9249.45020;9825.70020;9175.11035;9751
2018-05-02;9078.34961;9264.99023;8980;9247.83984
2018-05-01;9240.0097656;9240.0097656;8821;9071.48047
2018-04-30;9427.70020;9456;9125.36035;9246.90039
2018-04-29;9343.99023;9569;9170;9416.37988
2018-04-28;8900;9427.0097656;8870.089844;9348.030273
2018-04-27;9274.0097656;9394.99023;8890;8920
2018-04-26;8849.99023;9305.36035;8660;9285.019531
2018-04-25;9630;9750;8730.030273;8869.98047
2018-04-24;8943.12988;9730.12988;8922;9626.90039
2018-04-23;8776.019531;8981.49023;8759;8939.99023
2018-04-22;8905.12988;9020;8733.75;8787.0097656
2018-04-21;8860;9022;8575;8917.99023
2018-04-20;8278;8915.030273;8192.040039;8860.019531
2018-04-19;8166.089844;8293.45020;8112.25;8272.99023
2018-04-18;7880;8222;7870.14990;8172
2018-04-17;8065.97021;8169.089844;7829;7892.77002
2018-04-16;8357.87988;8411;7877.0097656;8065.99023
2018-04-15;8009.99023;8413.57031;8009.99023;8354.84961
2018-04-14;7877.43018;8180;7819.99023;7998
2018-04-13;7923;8227.16992;7747.39014;7861.080078
2018-04-12;6954.39014;7984;6760;7922.22021
2018-04-11;6843.89990;6982;6790.58984;6946
2018-04-10;6784;6884.35010;6660;6844.95996
2018-04-09;7020;7184;6612;6779
2018-04-08;6895.79980;7106.99023;6889;7019
2018-04-07;6601.62012;7060.89990;6586.39014;6895.79980
2018-04-06;6775;6849.87012;6501.99023;6607.43994
2018-04-05;6795.95996;6898.99023;6575;6769.95996
2018-04-04;7405.20020;7426.89990;6715.029785;6796.10010
2018-04-03;7064;7514.97998;7016;7406.029785
2018-04-02;6813.049805;7120;6765;7064.89014
2018-04-01;6926.18018;7040.20996;6435;6812.39990
2018-03-31;6845.99023;7218.29980;6779.24023;6922.0097656
2018-03-30;7090.16016;7289.22998;6617;6840.22998
2018-03-29;7954.97998;7974.56006;6949.97021;7090
2018-03-28;7787;8108.83008;7735;7948.56006
2018-03-27;8137;8210;7731.20996;7785.029785
2018-03-26;8458.62988;8501.20996;7850;8122.93018
2018-03-25;8517.19043;8669.84961;8372.79004;8468.32031
2018-03-24;8898.040039;8990;8500.0097656;8530.019531
2018-03-23;8719.99023;8900.0097656;8275.25977;8900
2018-03-22;8885;9096.40039;8471;8723.080078
2018-03-21;8907.98047;9164;8751.049805;8890.71973
2018-03-20;8580;9036.0097656;8293;8905.99023
2018-03-19;8205.019531;8695;8099.99023;8595.0097656
2018-03-18;7830.029785;8290;7322.10986;8192
2018-03-17;8241.49023;8326.86035;7730;7835.080078
2018-03-16;8250;8590;7905.12012;8265
2018-03-15;8179.97021;8422.0097656;7654;8250
2018-03-14;9145.15039;9331;7920;8182.68994
2018-03-13;9132.089844;9470;8830.50977;9142.32031
2018-03-12;9533.57031;9887.96973;8781.099609;9131.25
2018-03-11;8755;9720.78027;8454.24023;9516.26953
2018-03-10;9231;9489.55957;8680;8769.99023
2018-03-09;9267.070312;9390.95020;8339.83008;9232
2018-03-08;9890;10096;9080.62988;9272
2018-03-07;10716.48047;10891.19043;9405;9883.25977
2018-03-06;11417;11425;10557.12012;10716.48047
2018-03-05;11512.12012;11710;11430.11035;11454.26953
2018-03-04;11461.94043;11564;11065;11512
2018-03-03;11045.0097656;11541.66016;11039.41016;11464.23047
2018-03-02;10930;11199.99023;10774.99023;11031.63965
2018-03-01;10330;11060;10250;10918.70020
2018-02-28;10577.019531;11095.83008;10300;10335
2018-02-27;10318;10860.34961;10128.019531;10564
2018-02-26;9577.83984;10440.0097656;9355.099609;10321.0097656
2018-02-25;9680.20020;9843;9279;9574.12988
2018-02-24;10134.42969;10494.99023;9359;9694.50977
2018-02-23;9812;10427;9574;10145.0097656
2018-02-22;10427.33008;10930;9697.75;9811.019531
2018-02-21;11180.5;11297.96973;10201.20996;10444.12988
2018-02-20;11155;11785.51953;11105.21973;11195.030273
2018-02-19;10383.42969;11245.95020;10282.61035;11144.78027
2018-02-18;11040;11265;10087;10365.92969
2018-02-17;10152.41016;11069.94043;10051.049805;11040
2018-02-16;10012.59961;10300.28027;9680;10156.049805
2018-02-15;9446.88965;10209.95020;9316;10002.87988
2018-02-14;8544.34961;9484.20020;8544.34961;9450
2018-02-13;8903.049805;8946.70996;8351;8539
2018-02-12;8072.41992;8980.49023;8072.41992;8905
2018-02-11;8544.96973;8544.96973;7744.95996;8064.47021
2018-02-10;8683.91992;9064;8124.97021;8533.33984
2018-02-09;8346;8734.54004;8318.70996;8690.36035
2018-02-08;7585.52002;7838.99023;7583;7784.020020
2018-02-07;7667.14014;8470.90039;7150.0097656;7594.29004
2018-02-06;6963.31006;7864.99023;6005.99023;7666.089844
2018-02-05;8180;8374.96973;6625;6919.10010
2018-02-04;9200;9359.32031;7954;8182
2018-02-03;8880.49023;9469.57031;8235.23047;9199.95996
2018-02-02;9236.70996;9242.91992;8010.5;8890.20020
2018-02-01;10300;10333;8755;9231.20996
2018-01-31;10237.5;10410;9703.13965;10280.96973
2018-01-30;11270.37988;11302.79004;9901.0097656;10228.5
2018-01-29;11879.95020;11962.0097656;11149.99023;11251
2018-01-28;11491.019531;12240;11413.33984;11877.74023
2018-01-27;11089.94043;11640;10842.69043;11500
2018-01-26;11184.69043;11640;10323.69043;11089
2018-01-25;11349.99023;11774;10960;11184.75977
2018-01-24;10798;11555;10500.95020;11390
2018-01-23;10754;11385;9909.0097656;10799.84961
2018-01-22;11545;11920.13965;9930;10758
2018-01-21;12784.90039;12789.99023;10988.53027;11520.53027
2018-01-20;11470;13036.91016;11417.29004;12782.99023
2018-01-19;10941.099609;11793.99023;10400.80957;11474.98047
2018-01-18;11042.040039;11860;10440;10970
2018-01-17;10870.040039;11677.23047;9045;10972.58008
2018-01-16;13520.080078;13520.080078;9050.030273;10901.049805
2018-01-15;13477.98047;14243.94043;13184.24023;13503.91992
2018-01-14;14210.16016;14335;12569.87012;13477.87012
2018-01-13;13755.95996;14561;13750.049805;14222.98047
2018-01-12;13118.88965;14085.019531;12566;13717.94043
2018-01-11;14917.099609;14917.099609;11453.049805;13250
2018-01-10;14467.76953;14885.90039;13300;14885.90039
2018-01-09;14900;15404.0097656;14073.91992;14359.98047
2018-01-08;16200;16287.63965;13180;14944.24023
2018-01-07;17090.90039;17090.90039;15658.5;16180.0097656
2018-01-06;16960.25977;17132.17969;16167.91992;17066.98047
2018-01-05;15094.99023;17169.97070;14750;16998.99023
2018-01-04;14917;15267.82031;14100;15099.99023
2018-01-03;14710.95020;15299.62988;14225.20996;14919.50977
2018-01-02;13416.75977;15265.69043;12991;14678.71973
2018-01-01;13716.36035;13800;12810.040039;13387
2017-12-31;12300.12988;14011.24023;12229.94043;13695.50977
2017-12-30;14308.25977;14360;11855.91992;12344.75
2017-12-29;14199.030273;14950.49023;13896.96973;14394.019531
2017-12-28;15499.99023;15499.99023;13217.66992;14200
2017-12-27;15689.98047;16471.019531;14280.5;15459.88965
2017-12-26;13732.48047;16030;13601;15688.83984
2017-12-25;13519.99023;14220;12797.62012;13699.25
2017-12-24;13250;13794.96973;11641;13459
2017-12-23;13250.070312;14916;13057;13304.23047
2017-12-22;15533.12988;15693.96973;11050;13250
2017-12-21;16446.10938;17305.69922;14220;15432.049805
2017-12-20;17471.019531;17690;15930;16480.5
2017-12-19;18522.019531;18920;16600;17471.019531
2017-12-18;18900.029297;19212.23047;17100;18501
2017-12-17;19102.66016;19767;18525.019531;18750
2017-12-16;17516.83984;19500;17201.22070;19111.25977
2017-12-15;16334.94043;17989.97070;16334.94043;17516.80078
2017-12-14;15999.99023;16440;15453.62012;16297.95020
2017-12-13;16350;16455;14919.98047;16000.0097656
2017-12-12;16582.69922;16975;15877.41016;16349.99023
2017-12-11;15089.98047;17413.94922;14950.48047;16540.019531
2017-12-10;14698.98047;15700;12465;14866.51953
2017-12-09;15879.99023;16208.089844;12700;14688.98047
2017-12-08;16599;17204.96094;14015;15880
2017-12-07;13550.040039;16600;13260;16551
2017-12-06;11697;13615.23047;11685.58008;13550
2017-12-05;11608.32031;11850;11450.0097656;11699.98047
2017-12-04;11178.25;11590.0097656;10802;11571.0097656
2017-12-03;10889;11820.91992;10520.099609;11178.87988
2017-12-02;10751.12012;11190;10651.0097656;10890.0097656
2017-12-01;9829.99023;10863;9380;10775.019531
2017-11-30;9689.99023;10565.94043;8851.33984;9800
2017-11-29;9899;11283.13965;8642.66016;9640.30957
2017-11-28;9650;9937.98047;9581.99023;9896.79980
2017-11-27;9128.79004;9654.28027;9128.79004;9650
2017-11-26;8689.20020;9339.0097656;8655.019531;9127.99023
2017-11-25;8137.97021;8734.78027;8090;8700.0097656
2017-11-24;8029.45996;8365.98047;7874.95996;8139.040039
2017-11-23;8239.95020;8258.080078;8019.99023;8019.99023
2017-11-22;8119.50977;8318.99023;8108.60986;8234.62988
2017-11-21;8218.50977;8397.99023;7801.040039;8119.50977
2017-11-20;8057.10986;8319.95020;7954;8212.11035
2017-11-19;7761.93994;8118;7651;8054.089844
2017-11-18;7699.18994;7819.95996;7430.49023;7761.93994
2017-11-17;7860.10010;7988.93018;7485;7655.040039
2017-11-16;7279.45020;7940;7076;7855
2017-11-15;6592.64014;7297.91992;6592.64014;7250.029785
2017-11-14;6465.99023;6684.97998;6320.79980;6574.99023
2017-11-13;5811.12988;6690;5810;6471.99023
2017-11-12;6245.049805;6600;5325.0097656;5849.93018
2017-11-11;6506.97998;6797.89014;6100.020020;6245.83008
2017-11-10;7079.99023;7279.91016;6255.040039;6508.97998
2017-11-09;7303.0097656;7392;7020;7079.99023
2017-11-08;7064.040039;7770;6665.040039;7313.5
2017-11-07;6981.72021;7198.47998;6960.29980;7064.040039
2017-11-06;7345.080078;7400.97998;6906;6960.12012
2017-11-05;7357.27002;7590.25;7279.99023;7345.0097656
2017-11-04;7115.020020;7480.97021;6919;7357.089844
2017-11-03;7020;7346.33984;6939.93994;7115.040039
2017-11-02;6739.049805;7300;6685.10010;7019.97998
2017-11-01;6463.069824;6768.83008;6340.41992;6753.97998
2017-10-31;6120.5;6482.83984;6100;6463.060059
2017-10-30;6169.97998;6248.68018;6030;6120.5
2017-10-29;5719.64014;6189.87012;5648.0097656;6133.0097656
2017-10-28;5768.83008;5850;5630.029785;5703.95020
2017-10-27;5861.77002;5979.99023;5650.41992;5748.50977
2017-10-26;5689.99023;5939.99023;5650.0097656;5879.0097656
2017-10-25;5477.029785;5704.95996;5286.99023;5689.99023
2017-10-24;5909.45996;5925;5450;5477.029785
2017-10-23;5950.020020;6080;5621.029785;5915.93018
2017-10-22;6024.97021;6060;5723.91016;5950.020020
2017-10-21;6010.0097656;6170.89014;5880.020020;6024.97021
2017-10-20;5683.89990;6100;5600.029785;6010.0097656
2017-10-19;5513;5710;5490.25977;5665.040039
2017-10-18;5595;5595.020020;5042.24023;5547.10010
2017-10-17;5760;5774.97998;5519.89014;5595
2017-10-16;5710;5788.91016;5585.18994;5760.0097656
2017-10-15;5855.029785;5922.27979;5400.0097656;5700
2017-10-14;5650;5898.99023;5580.0097656;5855.029785
2017-10-13;5430;5846.16992;5391.31006;5624.020020
2017-10-12;4821.43018;5430;4810.16016;5430
2017-10-11;4783.060059;4880;4710;4821.43018
2017-10-10;4780.020020;4950;4718.81006;4783.060059
2017-10-09;4640;4889.97998;4560;4786.95020
2017-10-08;4425;4658;4425;4640
2017-10-07;4369;4479;4317;4423
2017-10-06;4318.99023;4417;4292;4369
2017-10-05;4208.58984;4354.85010;4110;4292.43018
2017-10-04;4310;4372.93018;4142;4208.58984
2017-10-03;4380;4440;4182.14990;4310
2017-10-02;4378.47998;4561.62988;4360;4380
2017-10-01;4378.49023;4405.5;4240.41016;4378.47998
2017-09-30;4174.68994;4379.99023;4138.10010;4378.50977
2017-09-29;4174.5;4259.99023;3970;4174.68994
2017-09-28;4193;4299.95020;4101.020020;4174.5
2017-09-27;3882.35010;4249.93994;3872.81006;4193
2017-09-26;3920.75;3976.98999;3850.050049;3882.35010
2017-09-25;3660.020020;3979.86011;3653.68994;3920.75
2017-09-24;3779.54004;3789.98999;3622.76001;3679.98999
2017-09-23;3595.87012;3817.18994;3542.90991;3785
2017-09-22;3609.98999;3747.48999;3505.55005;3595.87012
2017-09-21;3900;3910;3567;3609.98999
2017-09-20;3910.040039;4046.080078;3820;3890
2017-09-19;4035.010010;4089.96997;3830.90991;3910.040039
2017-09-18;3699.98999;4123.20020;3690;4035
2017-09-17;3685.22998;3748.20996;3499.020020;3699.98999
2017-09-16;3674.010010;3937.97998;3470.65991;3714.94995
2017-09-15;3189.020020;3853;2817;3700
2017-09-14;3944;3993;3169.55005;3200.12012
2017-09-13;4159.72021;4165.37988;3760;3944.68994
2017-09-12;4208.60010;4394.58984;4040.80005;4163.72021
2017-09-11;4153.62012;4329.27002;4098.91016;4208.47021
2017-09-10;4258.81006;4282.99023;3801;4176.89014
2017-09-09;4282.79980;4426.62012;4155.35010;4258.81006
2017-09-08;4691.60986;4735.39014;4028.92993;4282.79980
2017-09-07;4619.77002;4788.58984;4438.20020;4691.60986
2017-09-06;4366.49023;4662.87012;4335.25977;4619.77002
2017-09-05;4100.10986;4484.97998;3603;4366.47021
2017-09-04;4509.080078;4527.49023;3972.51001;4100.10986
2017-09-03;4472.14014;4714.75977;4298.33008;4509.080078
2017-09-02;4834.91016;4939.18994;4286.87012;4472.14014
2017-09-01;4724.89014;4885.54980;4654.87988;4834.91016
2017-08-31;4555.14014;4745.41992;4555.14014;4724.89014
2017-08-30;4587.47998;4647.50977;4416.049805;4555.14014
2017-08-29;4386.68994;4625.85010;4313.54980;4587.47998
2017-08-28;4306.12988;4399.81982;4271.029785;4386.68994
