datetime;open;high;low;close
2026-09-30 00:00:00;83663.66;83731.46;83344.78;83453.36
2026-09-29 23:00:00;83612;83849;83612;83663.66
2026-09-29 22:00:00;83503.99;83722.01;83503.99;83612.01
2026-09-29 21:00:00;83616.38;83616.39;83384;83503.99
2026-09-29 20:00:00;83594.01;83654.85;83508;83616.39
2026-09-29 19:00:00;83640;83700;83398.5;83594.01
2026-09-29 18:00:00;83078.01;83700;83078.01;83640
2026-09-29 17:00:00;83061.28;83218.01;82985;83078.01
2026-09-29 16:00:00;83068;83290;82900;83061.27
2026-09-29 15:00:00;83752;83756.25;82910;83068
2026-09-29 14:00:00;84200.01;84288.01;83688;83752.01
2026-09-29 13:00:00;84332.85;84563.99;84025.26;84200.01
2026-09-29 12:00:00;84358;84488.99;84133;84332.85
2026-09-29 11:00:00;84030.5;84500;83936.92;84358.01
2026-09-29 10:00:00;84258.01;84332.76;83987.99;84030.49
2026-09-29 09:00:00;83874.01;84328.94;83760.4;84258.01
2026-09-29 08:00:00;83980.97;84368.01;83800;83874.01
2026-09-29 07:00:00;84007.07;84200;83873.74;83980.97
2026-09-29 06:00:00;83431.01;84017.74;83420.01;84007.06
2026-09-29 05:00:00;83212.98;83434.56;82971.1;83431.02
2026-09-29 04:00:00;83070;83295.61;83024.43;83212.98
2026-09-29 03:00:00;82967.41;83210.01;82866.01;83069.99
2026-09-29 02:00:00;83068.01;83156.01;82891.32;82967.4
2026-09-29 01:00:00;83185.69;83241.99;82775.94;83068
2026-09-29 00:00:00;83500.01;83620.01;83183;83185.69
2026-09-28 23:00:00;83544.01;83636.7;83455;83500.01
2026-09-28 22:00:00;83218.01;83544.01;83100;83544.01
2026-09-28 21:00:00;83548.01;83664.01;83214;83218.01
2026-09-28 20:00:00;83389.53;83613.8;83270;83548
2026-09-28 19:00:00;84041.19;84045.23;83118.1;83389.54
2026-09-28 18:00:00;83880.34;84045.23;83800;84041.19
2026-09-28 17:00:00;83723.1;84381.3;83563.11;83880.33
2026-09-28 16:00:00;83370;84188.9;83256;83723.1
2026-09-28 15:00:00;83020.01;83397.18;82792;83370
2026-09-28 14:00:00;83641.99;83642;82563;83020
2026-09-28 13:00:00;83579.75;83820;83310.71;83641.99
2026-09-28 12:00:00;83082.53;83631.43;83011.48;83579.75
2026-09-28 11:00:00;82960.01;83111;82960;83082.54
2026-09-28 10:00:00;82666.01;83064.51;82666.01;82960
2026-09-28 09:00:00;82962.01;83003.67;82597.55;82666.01
2026-09-28 08:00:00;82966;83160.33;82784;82962
2026-09-28 07:00:00;83164.78;83291.66;82920;82966.01
2026-09-28 06:00:00;83184;83295.84;83046;83164.78
2026-09-28 05:00:00;83490.2;83534.01;82705.02;83184.01
2026-09-28 04:00:00;83338.6;83526.01;83232;83490.21
2026-09-28 03:00:00;83418.91;83536.48;83210;83338.6
2026-09-28 02:00:00;83694.42;83782.07;83389.07;83418.24
2026-09-28 01:00:00;84140;84238.87;83613.8;83694.43
2026-09-28 00:00:00;84472.01;84999;84140;84140
2026-09-27 23:00:00;84195.27;84532.01;84132;84472
2026-09-27 22:00:00;84688.07;84756.01;84135.78;84195.27
2026-09-27 21:00:00;84552.01;84719.82;84458;84688.07
2026-09-27 20:00:00;84736.02;84813;84548;84552
2026-09-27 19:00:00;84818.87;84843;84666;84736.01
2026-09-27 18:00:00;84574;84820.74;84565.9;84818.87
2026-09-27 17:00:00;84426;84574.01;84342;84574
2026-09-27 16:00:00;84463.38;84687.32;84380;84426
2026-09-27 15:00:00;84538.01;84644.01;84364;84463.37
2026-09-27 14:00:00;85030.41;85048.14;84450;84538.02
2026-09-27 13:00:00;84802.01;85159.03;84637.73;85030.41
2026-09-27 12:00:00;84898;85044.51;84802.01;84802.01
2026-09-27 11:00:00;84882.99;84946.01;84836.06;84898
2026-09-27 10:00:00;84944.01;85117.64;84800;84883
2026-09-27 09:00:00;84800;84958.99;84590;84944.01
2026-09-27 08:00:00;84790.99;84883.98;84692.68;84800
2026-09-27 07:00:00;84511.69;84791;84500;84791
2026-09-27 06:00:00;84478.06;84636.91;84478.06;84511.69
2026-09-27 05:00:00;84329.61;84654.02;84325;84478.06
2026-09-27 04:00:00;84402.15;84510;84305.35;84329.6
2026-09-27 03:00:00;84450.01;84518.6;84372;84402.15
2026-09-27 02:00:00;84495.01;84540.01;84448;84450
2026-09-27 01:00:00;84306.01;84571.13;84281.84;84495.01
2026-09-27 00:00:00;84433.11;84443.26;84257.07;84306.01
2026-09-26 23:00:00;84276.01;84473.58;84276;84433.1
2026-09-26 22:00:00;84158.74;84420.59;84158.74;84276.01
2026-09-26 21:00:00;84030.35;84262.85;84030.34;84158.75
2026-09-26 20:00:00;84016.63;84097.88;83838;84030.34
2026-09-26 19:00:00;83998.68;84048.14;83976.74;84016.63
2026-09-26 18:00:00;84132.4;84162.52;83990;83998.68
2026-09-26 17:00:00;84120;84132.41;84041.92;84132.4
2026-09-26 16:00:00;84156;84174.33;84098.18;84120
2026-09-26 15:00:00;84020.01;84190;84010.49;84155.99
2026-09-26 14:00:00;83939.11;84049.19;83919.1;84020
2026-09-26 13:00:00;84051.89;84125.45;83856.23;83939.1
2026-09-26 12:00:00;84176;84204.88;84050;84051.9
2026-09-26 11:00:00;84179.92;84199.97;84130.79;84176
2026-09-26 10:00:00;84021.96;84184.95;84021.95;84179.92
2026-09-26 09:00:00;84220.01;84220.01;83966.03;84021.95
2026-09-26 08:00:00;84116.79;84336.96;84032.06;84220.01
2026-09-26 07:00:00;83891.23;84134.01;83891.23;84116.8
2026-09-26 06:00:00;83919.69;83968.01;83876.58;83891.22
2026-09-26 05:00:00;83976.01;84012.93;83891.27;83919.69
2026-09-26 04:00:00;83939.01;84045.65;83848.91;83976
2026-09-26 03:00:00;84010;84049.83;83909.98;83939
2026-09-26 02:00:00;84076.67;84138.6;83996;84010
2026-09-26 01:00:00;83910.01;84086.01;83906.72;84076.66
2026-09-26 00:00:00;84100;84145.26;83798;83910.01
2026-09-25 23:00:00;84083.05;84106;84020;84099.99
2026-09-25 22:00:00;83792;84123.35;83765.26;84083.05
2026-09-25 21:00:00;83886.01;83921.36;83632.03;83792
2026-09-25 20:00:00;84020.01;84193.39;83817.89;83886
2026-09-25 19:00:00;83968.01;84078.23;83934;84020.01
2026-09-25 18:00:00;83785.11;84081.41;83785.11;83968
2026-09-25 17:00:00;83742.23;83995.84;83628;83785.11
2026-09-25 16:00:00;83796.01;84115.87;83720;83742.22
2026-09-25 15:00:00;84016.01;84092.01;83363.63;83796.01
2026-09-25 14:00:00;83923.71;84030.01;83183;84016.01
2026-09-25 13:00:00;84471.79;84600.01;83530.06;83923.71
2026-09-25 12:00:00;84582.64;84704;83900;84471.8
2026-09-25 11:00:00;84713.67;85255;84567.02;84582.64
2026-09-25 10:00:00;84570.02;84870;84394;84713.66
2026-09-25 09:00:00;84417.05;84870;84417.05;84570.01
2026-09-25 08:00:00;84043.96;84512;84028.98;84417.06
2026-09-25 07:00:00;84036.01;84096.01;83750.5;84043.96
2026-09-25 06:00:00;84194;84284.01;83938;84036
2026-09-25 05:00:00;84208;84347.86;84096.94;84194.01
2026-09-25 04:00:00;84231.19;84298.01;84061.22;84208.01
2026-09-25 03:00:00;84226.17;84385.1;84063.18;84231.19
2026-09-25 02:00:00;84610.74;84888;84180;84226.16
2026-09-25 01:00:00;84590.01;84796.51;84366;84610.73
2026-09-25 00:00:00;84410.24;84718.02;84410.24;84590.01
2026-09-24 23:00:00;84277.32;84473.58;84269.99;84410.24
2026-09-24 22:00:00;84350;84368.01;83948.43;84277.32
2026-09-24 21:00:00;84371.62;84501.16;84290;84350
2026-09-24 20:00:00;84412.64;84500;84170;84371.63
2026-09-24 19:00:00;84476.01;84660;84298;84412.65
2026-09-24 18:00:00;84110;84554;83888;84476.01
2026-09-24 17:00:00;84500.32;84562.01;84017.68;84110
2026-09-24 16:00:00;84418.01;84924.01;84044.02;84500.33
2026-09-24 15:00:00;83673.77;84468.01;83508;84418
2026-09-24 14:00:00;84258.42;84942.45;83388.88;83673.77
2026-09-24 13:00:00;83604.26;84340.01;83600;84258.43
2026-09-24 12:00:00;83494.59;83670.01;83346.66;83604.26
2026-09-24 11:00:00;83512.2;83616.01;83399.47;83494.58
2026-09-24 10:00:00;83263.96;83566.66;83156;83512.2
2026-09-24 09:00:00;83660.01;83743.43;82874.93;83263.95
2026-09-24 08:00:00;84524.02;84622.01;83301;83660
2026-09-24 07:00:00;84114;84612.01;83950;84524.02
2026-09-24 06:00:00;83978.02;84225.07;83918.84;84113.99
2026-09-24 05:00:00;84046;84400;83959.55;83978.02
2026-09-24 04:00:00;83934.01;84054.05;83781.89;84046
2026-09-24 03:00:00;84365.55;84480.01;83850;83934.01
2026-09-24 02:00:00;84104.35;84372.01;83744.7;84365.54
2026-09-24 01:00:00;84318;84470.47;84064;84104.35
2026-09-24 00:00:00;84397.6;84494.5;84213.99;84318
2026-09-23 23:00:00;84563.01;84566;84352;84397.6
2026-09-23 22:00:00;84419.49;84670.01;84344.51;84563.01
2026-09-23 21:00:00;84232.86;84516.01;84212.68;84419.48
2026-09-23 20:00:00;84518;84569.94;84224.01;84232.86
2026-09-23 19:00:00;84330;84565.21;84228;84518
2026-09-23 18:00:00;84326.55;84411;84136;84330
2026-09-23 17:00:00;84038.01;84392.56;83699.27;84326.56
2026-09-23 16:00:00;83996;84363.19;83500.01;84038
2026-09-23 15:00:00;84534;84794.01;83950;83996.01
2026-09-23 14:00:00;85792.01;85940.32;83864.07;84533.99
2026-09-23 13:00:00;85510.9;85878.01;85288;85792.01
2026-09-23 12:00:00;85649.96;85675.04;85267.32;85510.91
2026-09-23 11:00:00;85923.07;85966.04;85450.88;85649.95
2026-09-23 10:00:00;85854.34;85934.02;85658.75;85923.07
2026-09-23 09:00:00;85899.99;86024.01;85734.01;85854.33
2026-09-23 08:00:00;86124.77;86264.01;85688;85899.99
2026-09-23 07:00:00;86469.67;86469.67;86000;86124.77
2026-09-23 06:00:00;86496;86609.93;86375;86469.66
2026-09-23 05:00:00;87166.94;87166.95;86424;86496.01
2026-09-23 04:00:00;86704.27;87278.54;86636;87166.95
2026-09-23 03:00:00;86552.27;86975.51;86436.35;86704.27
2026-09-23 02:00:00;86370.01;86638.15;86260.01;86552.26
2026-09-23 01:00:00;86457.31;86845.39;86169.74;86370
2026-09-23 00:00:00;86208.57;86588.3;86133.4;86457.3
2026-09-22 23:00:00;86124.01;86504.17;86095.31;86208.56
2026-09-22 22:00:00;86184;86284.01;86000;86124.01
2026-09-22 21:00:00;86264.01;86344.01;86178;86184.01
2026-09-22 20:00:00;86192.45;86378.32;86132;86264.01
2026-09-22 19:00:00;86461.45;86584.55;86139.37;86192.44
2026-09-22 18:00:00;86570.24;86649.06;86241.4;86461.44
2026-09-22 17:00:00;86421.13;86660;86247.8;86570.24
2026-09-22 16:00:00;86413.11;86588.3;86033.18;86421.13
2026-09-22 15:00:00;86258;86717.6;86124.3;86413.12
2026-09-22 14:00:00;86346.01;86470.58;85461.53;86258.01
2026-09-22 13:00:00;86024.01;86370;85569.46;86346.01
2026-09-22 12:00:00;85986.62;86182.2;85782.52;86024.01
2026-09-22 11:00:00;85904;86142.01;85774.27;85986.62
2026-09-22 10:00:00;86253.99;86262.01;85723.04;85904
2026-09-22 09:00:00;86223.77;86271.22;85681.83;86253.99
2026-09-22 08:00:00;85344.01;86377.77;85327.42;86223.77
2026-09-22 07:00:00;85384.02;85500;85157.31;85344
2026-09-22 06:00:00;85397.38;85581.52;85250;85384.01
2026-09-22 05:00:00;85452.01;85600;85114;85397.37
2026-09-22 04:00:00;85692.83;85730.23;85425.2;85452
2026-09-22 03:00:00;85714.91;85750.01;85300.01;85692.83
2026-09-22 02:00:00;85616.23;85879.25;85300;85714.9
2026-09-22 01:00:00;85890.72;85973.79;85395.27;85616.23
2026-09-22 00:00:00;86620.01;86625.82;85867.68;85890.71
2026-09-21 23:00:00;86453.73;86697.52;86364.05;86620
2026-09-21 22:00:00;86588.29;86758.01;86295.78;86453.74
2026-09-21 21:00:00;87001.68;87001.68;86537.53;86588.29
2026-09-21 20:00:00;86490.11;87395.67;86490.11;87001.68
2026-09-21 19:00:00;86051.75;86895.7;85980.76;86490.11
2026-09-21 18:00:00;85897.2;86071.19;85800;86051.75
2026-09-21 17:00:00;85961.91;86108;85667.5;85897.21
2026-09-21 16:00:00;85927.71;86103.73;85607.42;85961.91
2026-09-21 15:00:00;85844.13;86344.7;85799.99;85927.71
2026-09-21 14:00:00;85466.35;86125;85050;85844.14
2026-09-21 13:00:00;85323;85845.27;84778;85466.34
2026-09-21 12:00:00;84887.19;85473.68;84820;85323
2026-09-21 11:00:00;84441.77;84917.36;84392.41;84887.19
2026-09-21 10:00:00;84653.7;84816.42;84130.21;84441.77
2026-09-21 09:00:00;83760;85299.87;83700;84653.71
2026-09-21 08:00:00;81720.01;84174.1;81720;83760
2026-09-21 07:00:00;81639.91;81725.74;81458.42;81720.01
2026-09-21 06:00:00;81550.01;81878.98;81400;81639.9
2026-09-21 05:00:00;81400;81792.01;81302.05;81550
2026-09-21 04:00:00;81425.24;81509.25;81228.15;81400.01
2026-09-21 03:00:00;81310.61;81576.01;81250;81425.23
2026-09-21 02:00:00;80996.98;81514.01;80952.35;81310.61
2026-09-21 01:00:00;81607.72;82100;80850.22;80996.97
2026-09-21 00:00:00;81178.01;81849.15;81178.01;81607.72
2026-09-20 23:00:00;81222.84;81332.01;81135.15;81178
2026-09-20 22:00:00;80932.01;81295.5;80774.56;81222.85
2026-09-20 21:00:00;81091.86;81091.86;80579.43;80932.01
2026-09-20 20:00:00;81177.32;81224.27;81078.18;81091.85
2026-09-20 19:00:00;81036;81294.01;81036;81177.32
2026-09-20 18:00:00;81147.94;81314.01;81030.97;81036
2026-09-20 17:00:00;81334.01;81462;81068.08;81147.94
2026-09-20 16:00:00;80912;81497.33;80811.03;81334.01
2026-09-20 15:00:00;80682.01;80969.84;80666.66;80912
2026-09-20 14:00:00;80564.58;80789.33;80414;80682.01
2026-09-20 13:00:00;80493.76;80650.58;80428;80564.57
2026-09-20 12:00:00;80493.21;80534.01;80327.64;80493.76
2026-09-20 11:00:00;80319.58;80534.64;80286;80493.2
2026-09-20 10:00:00;80470.01;80515.83;80319.58;80319.58
2026-09-20 09:00:00;80264.85;80581.82;80256.82;80470.01
2026-09-20 08:00:00;80311.6;80453.9;80165.49;80264.85
2026-09-20 07:00:00;80309.45;80420.01;80288;80311.61
2026-09-20 06:00:00;80494.31;80607.5;80227.27;80309.44
2026-09-20 05:00:00;80432.4;80668.15;80408.7;80494.31
2026-09-20 04:00:00;80486.38;80541.11;80311.01;80432.4
2026-09-20 03:00:00;80331.52;80525.83;80126.04;80486.38
2026-09-20 02:00:00;81098;81175.62;80263.66;80331.52
2026-09-20 01:00:00;81293.37;81300;81027.11;81097.99
2026-09-20 00:00:00;81249.99;81330.01;81208.83;81293.37
2026-09-19 23:00:00;81261.35;81373.34;81221.33;81249.99
2026-09-19 22:00:00;81100.42;81268.01;80962;81261.35
2026-09-19 21:00:00;81155.33;81222.15;80904.46;81100.41
2026-09-19 20:00:00;81354.01;81431.13;81080.24;81155.33
2026-09-19 19:00:00;81428.07;81454.01;81309.68;81354.01
2026-09-19 18:00:00;81464;81534.01;81334;81428.07
2026-09-19 17:00:00;81839.48;81857.21;81447.9;81464.01
2026-09-19 16:00:00;81636.01;81914.01;81472;81839.49
2026-09-19 15:00:00;81586.02;81951;81566.79;81636.01
2026-09-19 14:00:00;81364;81639.61;81342;81586.01
2026-09-19 13:00:00;81330.01;81366.46;81183.28;81364.01
2026-09-19 12:00:00;81302.63;81369.86;81223.16;81330
2026-09-19 11:00:00;81216.71;81374.15;81212.98;81302.63
2026-09-19 10:00:00;81325.38;81330.29;81199.99;81216.7
2026-09-19 09:00:00;81312.01;81528.01;81246.5;81325.77
2026-09-19 08:00:00;81100.17;81413.27;81075.28;81312.01
2026-09-19 07:00:00;81052.02;81250;81032;81100.16
2026-09-19 06:00:00;81040.01;81101.68;80925.76;81052.01
2026-09-19 05:00:00;81024.01;81146.01;81012;81040.01
2026-09-19 04:00:00;81136.02;81228.03;80911.12;81024
2026-09-19 03:00:00;81304.73;81402.01;81114.08;81136.01
2026-09-19 02:00:00;81281;81445.71;81264;81304.72
2026-09-19 01:00:00;81668.99;81741;81050;81280.99
2026-09-19 00:00:00;80883.86;81668.99;80844.58;81668.98
2026-09-18 23:00:00;81139.03;81200;80862.61;80883.87
2026-09-18 22:00:00;81238.2;81370.57;81077.55;81139.02
2026-09-18 21:00:00;81110.01;81300;81092;81238.2
2026-09-18 20:00:00;81204.77;81235;80941.65;81110.01
2026-09-18 19:00:00;80938.44;81400;80912;81204.76
2026-09-18 18:00:00;81019;81148;80796.92;80938.43
2026-09-18 17:00:00;80846.75;81019.01;80555.54;81019
2026-09-18 16:00:00;80725.6;81258.01;80671.53;80846.74
2026-09-18 15:00:00;80937.83;81154.67;80501;80725.6
2026-09-18 14:00:00;80073.09;80989.99;80073.09;80937.83
2026-09-18 13:00:00;78043.12;80500;77972.3;80073.09
2026-09-18 12:00:00;78062.01;78182.01;77982.88;78043.11
2026-09-18 11:00:00;78285.35;78450.01;78026;78062
2026-09-18 10:00:00;78212;78369.86;78102;78285.34
2026-09-18 09:00:00;78271.48;78490.79;77961.57;78212.01
2026-09-18 08:00:00;77798;78279.8;77660;78272.15
2026-09-18 07:00:00;77604.01;77850;77566.11;77798.01
2026-09-18 06:00:00;77493.8;77679.62;77402.32;77604
2026-09-18 05:00:00;77575.98;77715.48;77442.93;77493.8
2026-09-18 04:00:00;77383.47;77575.98;77216.76;77575.97
2026-09-18 03:00:00;76988.31;77597.83;76981.94;77383.47
2026-09-18 02:00:00;76744.01;77042.2;76644;76988.3
2026-09-18 01:00:00;76589.99;76763.86;76520;76744.01
2026-09-18 00:00:00;76417.01;76590;76296;76590
2026-09-17 23:00:00;76419.99;76510.01;76384.04;76417.01
2026-09-17 22:00:00;76415.85;76458.55;76259.98;76420
2026-09-17 21:00:00;76556.01;76616.01;76395.51;76415.85
2026-09-17 20:00:00;76594.01;76732.99;76500;76556.01
2026-09-17 19:00:00;76575.97;76677.42;76504.62;76594.01
2026-09-17 18:00:00;76667.87;76781.85;76470.4;76575.96
2026-09-17 17:00:00;76753.46;76970.01;76576;76667.86
2026-09-17 16:00:00;76780.01;76811.39;76534;76753.46
2026-09-17 15:00:00;76502.45;76862.85;76275;76780.01
2026-09-17 14:00:00;76694.06;77088.05;76391.44;76502.46
2026-09-17 13:00:00;76736.59;76889.66;76000;76694.07
2026-09-17 12:00:00;76482;77179.47;76398.93;76736.59
2026-09-17 11:00:00;76402.01;76488.73;76179;76482
2026-09-17 10:00:00;76468.04;76470.49;76270;76402.01
2026-09-17 09:00:00;76574.63;76770;76468.04;76468.05
2026-09-17 08:00:00;76462.77;76591.46;76396.97;76574.63
2026-09-17 07:00:00;76477.46;76682.01;76425.34;76462.76
2026-09-17 06:00:00;76333.87;76598.01;76308.42;76477.45
2026-09-17 05:00:00;76539.82;76632.14;76318;76333.88
2026-09-17 04:00:00;76442;76598;76187;76539.81
2026-09-17 03:00:00;76370.01;76535.03;76370.01;76441.99
2026-09-17 02:00:00;76374.22;76485.13;76055.34;76370.01
2026-09-17 01:00:00;76342.77;76774.08;76222;76374.21
2026-09-17 00:00:00;76206;76511.18;76188;76342.77
2026-09-16 23:00:00;75675.88;76276.02;75643.61;76206.01
2026-09-16 22:00:00;75976.01;75986.01;75632.7;75675.88
2026-09-16 21:00:00;76178.35;76213.34;75933.11;75976
2026-09-16 20:00:00;76080;76422.01;76024;76178.34
2026-09-16 19:00:00;75632.01;76180;75250;76080
2026-09-16 18:00:00;75770.45;76560.76;75064.82;75632
2026-09-16 17:00:00;75768;75937.45;75353.07;75768.01
2026-09-16 16:00:00;75788.41;75883.75;75650;75768
2026-09-16 15:00:00;75697.83;75950;75552.79;75788.41
2026-09-16 14:00:00;75646.01;75830.48;75423.04;75697.82
2026-09-16 13:00:00;75967.98;75967.98;75585.09;75646.01
2026-09-16 12:00:00;76250;76300;75794.02;75967.99
2026-09-16 11:00:00;75990.2;76304.01;75874;76250
2026-09-16 10:00:00;75993.01;76046.05;75900;75990.2
2026-09-16 09:00:00;75736.01;75994;75730;75993
2026-09-16 08:00:00;75766.62;75766.62;75350;75736.01
2026-09-16 07:00:00;76030.01;76097.54;75739.36;75766.63
2026-09-16 06:00:00;75962.01;76038.83;75830;76030.01
2026-09-16 05:00:00;75864.02;75981.36;75677.64;75962.01
2026-09-16 04:00:00;75824;76022.67;75805.7;75864.02
2026-09-16 03:00:00;75886.36;76076.01;75768.25;75824.01
2026-09-16 02:00:00;75489.14;76111;75483.32;75886.35
2026-09-16 01:00:00;75772.1;75964.01;75457.52;75489.14
2026-09-16 00:00:00;75644.48;75915.49;75578.61;75772.1
2026-09-15 23:00:00;75667.99;75942.13;75562.01;75644.48
2026-09-15 22:00:00;75453.85;75747.98;75140.64;75668
2026-09-15 21:00:00;75935.24;75956.58;75392.35;75453.85
2026-09-15 20:00:00;76186.48;76245.98;75613.2;75935.24
2026-09-15 19:00:00;76000;76305.99;75813.75;76186.48
2026-09-15 18:00:00;76962;77205.39;74967.97;76000
2026-09-15 17:00:00;76388.01;77343.44;76194.21;76962
2026-09-15 16:00:00;76512.01;76576.47;76274;76388
2026-09-15 15:00:00;75942.01;76603.59;75832;76512
2026-09-15 14:00:00;76618.77;76696;75605;75942.01
2026-09-15 13:00:00;76956.75;77126.01;76123.42;76618.77
2026-09-15 12:00:00;76940.01;77143.15;76858.66;76957.65
2026-09-15 11:00:00;77053.8;77223.32;76843.75;76940.01
2026-09-15 10:00:00;76984.05;77176.07;76872.9;77053.8
2026-09-15 09:00:00;77000.01;77059.87;76869.99;76984.05
2026-09-15 08:00:00;76930;77007.84;76703.59;77000.01
2026-09-15 07:00:00;77286.71;77310.71;76889.22;76930.01
2026-09-15 06:00:00;77630;77727.83;77191.02;77286.7
2026-09-15 05:00:00;77567.11;77666.66;77300.01;77630
2026-09-15 04:00:00;77676.99;77744.31;77542;77567.12
2026-09-15 03:00:00;77913.73;77913.73;77658;77676.99
2026-09-15 02:00:00;77917.86;78018.04;77776.25;77913.72
2026-09-15 01:00:00;77952.92;78080;77750;77917.86
2026-09-15 00:00:00;78189.2;78250.46;77941.18;77952.93
2026-09-14 23:00:00;78557.99;78568.01;78131.3;78189.21
2026-09-14 22:00:00;78757.82;78854.01;78511;78557.98
2026-09-14 21:00:00;79100;79117.93;78746;78757.83
2026-09-14 20:00:00;78982.01;79600;78978.56;79100
2026-09-14 19:00:00;79226;79227.69;78951.67;78982
2026-09-14 18:00:00;78937.98;79325;78838.57;79226.01
2026-09-14 17:00:00;78769.42;79048.44;78698.37;78937.98
2026-09-14 16:00:00;78578.02;78904.72;78426.17;78769.42
2026-09-14 15:00:00;78521.05;78684.01;78301.41;78578.02
2026-09-14 14:00:00;78168.01;78712.29;78164.01;78521.06
2026-09-14 13:00:00;77698.01;78490;77481.98;78168.01
2026-09-14 12:00:00;77776;78082.67;77615.06;77698.01
2026-09-14 11:00:00;77906.61;77924.02;77692.55;77776
2026-09-14 10:00:00;78141.57;78167.87;77900;77906.6
2026-09-14 09:00:00;77728.8;78374.01;77593.8;78141.57
2026-09-14 08:00:00;77892.24;77999.99;77654;77728.8
2026-09-14 07:00:00;77593.15;77892.24;77524.41;77892.24
2026-09-14 06:00:00;77611.79;77895.35;77379.41;77593.15
2026-09-14 05:00:00;77681.79;77691.05;77494.34;77611.79
2026-09-14 04:00:00;77596.32;77700.78;77537.8;77681.78
2026-09-14 03:00:00;77600;77869.82;77504.01;77596.33
2026-09-14 02:00:00;77118.96;77725.5;77016;77600
2026-09-14 01:00:00;76808.01;77170.76;76636.41;77118.97
2026-09-14 00:00:00;76842.01;77083.34;76388.72;76808
2026-09-13 23:00:00;76714;76876.8;76622.97;76842.01
2026-09-13 22:00:00;77316;77316;76667.68;76714
2026-09-13 21:00:00;77348.01;77450;77314;77316
2026-09-13 20:00:00;77284.01;77368;77262;77348.01
2026-09-13 19:00:00;77338.87;77409.04;77223.16;77284
2026-09-13 18:00:00;77328.94;77383.4;77312.12;77338.87
2026-09-13 17:00:00;77276.14;77413.52;77249.35;77328.94
2026-09-13 16:00:00;77134.82;77359;77125.66;77276.14
2026-09-13 15:00:00;77216.01;77216.01;77011.33;77134.83
2026-09-13 14:00:00;76853.01;77254.45;76850.56;77216.01
2026-09-13 13:00:00;76763.33;76922.01;76560;76853.02
2026-09-13 12:00:00;76792.31;76866.01;76690;76763.33
2026-09-13 11:00:00;76677.3;76800;76500;76792.32
2026-09-13 10:00:00;76808;76813.26;76628.45;76677.29
2026-09-13 09:00:00;76813.71;76893.91;76570;76808.01
2026-09-13 08:00:00;77127.99;77182;76756;76813.71
2026-09-13 07:00:00;77122.35;77180;77091.88;77127.99
2026-09-13 06:00:00;77322.01;77325.82;77058.42;77122.35
2026-09-13 05:00:00;77210;77324.46;77210;77322.01
2026-09-13 04:00:00;77192;77254.03;77189.84;77210.01
2026-09-13 03:00:00;77289.97;77310.78;77184.01;77192.01
2026-09-13 02:00:00;77319.97;77319.97;77244.78;77289.96
2026-09-13 01:00:00;77276.02;77341.37;77241.51;77319.97
2026-09-13 00:00:00;77278.73;77299.99;77162.36;77276.02
2026-09-12 23:00:00;77232.17;77292.83;77232.16;77278.73
2026-09-12 22:00:00;77264;77300;77193.06;77232.17
2026-09-12 21:00:00;77170;77283.05;77148.5;77264.01
2026-09-12 20:00:00;77115;77227.71;77114.99;77170
2026-09-12 19:00:00;77131;77186.01;77059.75;77114.99
2026-09-12 18:00:00;77210.58;77216.01;77125.03;77131
2026-09-12 17:00:00;77358;77404.37;77170.57;77210.58
2026-09-12 16:00:00;77380.38;77414.01;77336;77358.01
2026-09-12 15:00:00;77461.25;77479.99;77376;77380.37
2026-09-12 14:00:00;77366.52;77505.67;77366;77461.24
2026-09-12 13:00:00;77340.01;77397.27;77255.19;77366.52
2026-09-12 12:00:00;77356.05;77360.77;77290;77340
2026-09-12 11:00:00;77332.94;77356.05;77292;77356.04
2026-09-12 10:00:00;77349.44;77400.75;77310.55;77332.94
2026-09-12 09:00:00;77360;77386.76;77335.14;77349.44
2026-09-12 08:00:00;77269.54;77374.01;77269.54;77360.01
2026-09-12 07:00:00;77289.73;77347.99;77266;77269.55
2026-09-12 06:00:00;77218;77359.2;77199.99;77289.73
2026-09-12 05:00:00;77222.75;77260.8;77164.06;77218
2026-09-12 04:00:00;77268.09;77314.01;77215.86;77222.75
2026-09-12 03:00:00;77288.01;77347.82;77229.99;77268.09
2026-09-12 02:00:00;77272.36;77322.27;77220;77288
2026-09-12 01:00:00;77287.43;77378.37;77262.29;77272.37
2026-09-12 00:00:00;77225.71;77320;77207.65;77287.43
2026-09-11 23:00:00;77150;77225.71;77119.68;77225.7
2026-09-11 22:00:00;77108.01;77231.31;76967.13;77150
2026-09-11 21:00:00;77339.33;77424.01;77078.01;77108.01
2026-09-11 20:00:00;77286;77504.01;77192;77339.33
2026-09-11 19:00:00;77054;77372.01;77006;77286.01
2026-09-11 18:00:00;77534;77538.01;76883;77054
2026-09-11 17:00:00;77916;77960.01;77490.34;77534
2026-09-11 16:00:00;77732.25;78068.01;77381.88;77916
2026-09-11 15:00:00;78798.4;78849.98;77303;77732.25
2026-09-11 14:00:00;79242.56;79890;78509.09;78798.51
2026-09-11 13:00:00;78032.98;79333;77253.8;79242.56
2026-09-11 12:00:00;77036.12;78148.74;76046.58;78032.99
2026-09-11 11:00:00;76993.25;77049.25;76746.95;77036.12
2026-09-11 10:00:00;77042;77163.25;76966;76993.25
2026-09-11 09:00:00;77364.94;77370.01;76865.58;77042
2026-09-11 08:00:00;77230.7;77500;77144.59;77364.93
2026-09-11 07:00:00;77298.01;77403.19;77203.73;77230.7
2026-09-11 06:00:00;77252.87;77431.48;77182;77298.01
2026-09-11 05:00:00;77114.01;77252.88;77069.06;77252.86
2026-09-11 04:00:00;76891.81;77196.01;76889.23;77114.01
2026-09-11 03:00:00;76838.68;76897.54;76702.7;76891.8
2026-09-11 02:00:00;76971.44;77013.62;76769.69;76838.68
2026-09-11 01:00:00;76908.59;77000;76670.57;76971.43
2026-09-11 00:00:00;76568.73;76939.8;76563.01;76908.59
2026-09-10 23:00:00;76836.45;76876.31;76464;76568.72
2026-09-10 22:00:00;77144.01;77218.01;76817.6;76836.45
2026-09-10 21:00:00;77268.08;77303.02;77100.02;77144
2026-09-10 20:00:00;77160.83;77347.45;77116;77268.08
2026-09-10 19:00:00;77252;77298.48;77083.17;77160.83
2026-09-10 18:00:00;77328.72;77340;76982.6;77252
2026-09-10 17:00:00;77200;77544;77126.26;77328.72
2026-09-10 16:00:00;77250;77312.01;76804.99;77200.01
2026-09-10 15:00:00;77412.01;77412.89;77092.16;77250
2026-09-10 14:00:00;77174.43;77424.98;76943.45;77412.01
2026-09-10 13:00:00;76896.01;77234;76745;77174.44
2026-09-10 12:00:00;77840.64;77959.2;76676.07;76896.01
2026-09-10 11:00:00;77863.2;78054.84;77688;77840.8
2026-09-10 10:00:00;77992;78044.57;77821.21;77863.21
2026-09-10 09:00:00;78110;78229.22;77910.86;77992.01
2026-09-10 08:00:00;78112;78170.74;78038;78110
2026-09-10 07:00:00;78416.01;78422.01;77906.48;78112
2026-09-10 06:00:00;78536.71;78542.05;78147.98;78416.01
2026-09-10 05:00:00;78400.01;78564.39;78270.75;78536.71
2026-09-10 04:00:00;78328.08;78437.99;78300;78400
2026-09-10 03:00:00;78357.87;78550;78278;78328.08
2026-09-10 02:00:00;78094.01;78373.1;77980;78357.86
2026-09-10 01:00:00;78180.7;78508.49;77952;78094
2026-09-10 00:00:00;78306.43;78382.35;78073.8;78180.7
2026-09-09 23:00:00;77924;78321.09;77920.56;78306.43
2026-09-09 22:00:00;78145.02;78196;77770;77924.06
2026-09-09 21:00:00;78324.07;78339.56;77994.15;78145.02
2026-09-09 20:00:00;78234.94;78340.01;77917.09;78324.07
2026-09-09 19:00:00;78414.42;78575.32;78150;78234.94
2026-09-09 18:00:00;78776;78792.25;78403.36;78414.42
2026-09-09 17:00:00;78804.9;78934.4;78674;78776.01
2026-09-09 16:00:00;78596.7;78938.55;78460.34;78804.9
2026-09-09 15:00:00;78958.01;79394.99;78060.03;78596.7
2026-09-09 14:00:00;79140.69;79413.74;78877.36;78958.01
2026-09-09 13:00:00;79606.15;79678.84;79103.19;79140.69
2026-09-09 12:00:00;79324.75;79662.56;79281.51;79606.14
2026-09-09 11:00:00;78920.01;79379.28;78725.29;79324.75
2026-09-09 10:00:00;78952.01;79183.91;78878.11;78920.01
2026-09-09 09:00:00;79698.02;79716;78900;78952.01
2026-09-09 08:00:00;79277.44;79760;79264;79698.02
2026-09-09 07:00:00;79159.03;79400;79151.34;79277.43
2026-09-09 06:00:00;78923.43;79290.63;78865.71;79159.03
2026-09-09 05:00:00;79171.5;79370.01;78840.59;78923.43
2026-09-09 04:00:00;78638.01;79215.83;78638;79171.5
2026-09-09 03:00:00;78726.01;78726.01;78548.46;78638.01
2026-09-09 02:00:00;78891.49;78928.65;78686.46;78726.01
2026-09-09 01:00:00;78774.66;78891.5;78633.53;78891.5
2026-09-09 00:00:00;78455.8;78796.97;78455.79;78774.65
2026-09-08 23:00:00;78562.43;78575.31;78408.64;78455.8
2026-09-08 22:00:00;78492.19;78662.75;78458;78562.44
2026-09-08 21:00:00;78487.99;78623.21;78406;78492.18
2026-09-08 20:00:00;78445.99;78621.77;78410.05;78487.99
2026-09-08 19:00:00;78436.01;78528;78325.39;78446
2026-09-08 18:00:00;78504.38;78822.47;78271.49;78436
2026-09-08 17:00:00;78735.88;78892;78500;78504.38
2026-09-08 16:00:00;78904;78978.39;78581.33;78735.89
2026-09-08 15:00:00;78567.52;78910.88;78451.39;78904
2026-09-08 14:00:00;77961.66;78630.81;77854;78567.52
2026-09-08 13:00:00;78450;78545.46;77620.01;77961.66
2026-09-08 12:00:00;78430;78483.42;78215.36;78449.99
2026-09-08 11:00:00;78568.01;78576;78271.63;78430.01
2026-09-08 10:00:00;78762;78994.5;78568;78568
2026-09-08 09:00:00;78418;78800;78317.03;78761.99
2026-09-08 08:00:00;78482;78581.8;78281.3;78418
2026-09-08 07:00:00;78323.59;78609.99;78179.98;78482
2026-09-08 06:00:00;78577.99;78632;78261.61;78323.59
2026-09-08 05:00:00;78678.7;78882;78555;78578
2026-09-08 04:00:00;78906.27;78929.24;78678.7;78678.71
2026-09-08 03:00:00;78930.01;79002;78725.1;78906.28
2026-09-08 02:00:00;79441.98;79485;78930;78930.01
2026-09-08 01:00:00;79313.09;79463.06;79266.48;79441.99
2026-09-08 00:00:00;79112;79313.09;78972.51;79313.08
2026-09-07 23:00:00;78952.18;79210;78938.38;79112.01
2026-09-07 22:00:00;79164.01;79218.18;78781.07;78952.19
2026-09-07 21:00:00;79238;79278;79164;79164
2026-09-07 20:00:00;79365.81;79394.92;79168.01;79238
2026-09-07 19:00:00;79196.15;79419.17;79150;79365.82
2026-09-07 18:00:00;79185.74;79244;79096;79196.16
2026-09-07 17:00:00;79028.88;79223.53;79018;79185.73
2026-09-07 16:00:00;78822;79035.23;78807.69;79028.87
2026-09-07 15:00:00;79191.96;79191.96;78680;78821.99
2026-09-07 14:00:00;79352;79396.36;78956.94;79191.95
2026-09-07 13:00:00;79606.84;79643.5;79318.92;79352.01
2026-09-07 12:00:00;79420.16;79627.43;79400.48;79606.84
2026-09-07 11:00:00;79360;79487.01;79282;79420.16
2026-09-07 10:00:00;79313.85;79459.5;79313.85;79360
2026-09-07 09:00:00;79437.39;79550;79291.15;79313.85
2026-09-07 08:00:00;79397.83;79530.47;79397.83;79437.38
2026-09-07 07:00:00;79659.28;79691.06;79001.1;79397.83
2026-09-07 06:00:00;79759.47;79825.7;79644.55;79659.27
2026-09-07 05:00:00;79724.01;79926.04;79666.79;79759.47
2026-09-07 04:00:00;79596.38;79732.15;79540.38;79724
2026-09-07 03:00:00;79874.25;79986.02;79568.6;79596.39
2026-09-07 02:00:00;79926.14;80426;79800;79874.24
2026-09-07 01:00:00;80160.01;80243.81;79826.28;79926.14
2026-09-07 00:00:00;80341.83;80443.99;80059.11;80160.01
2026-09-06 23:00:00;80055.18;80559.99;80010;80341.83
2026-09-06 22:00:00;79944.39;80093.79;79647.04;80055.17
2026-09-06 21:00:00;79912;80034;79875.24;79944.38
2026-09-06 20:00:00;79830;79973.56;79776.59;79912
2026-09-06 19:00:00;79955.34;79955.34;79799.52;79829.99
2026-09-06 18:00:00;79745.34;79970;79745.34;79955.34
2026-09-06 17:00:00;79682;79773.88;79584.73;79745.34
2026-09-06 16:00:00;79716.51;79786;79606.04;79682
2026-09-06 15:00:00;79543.07;79734.59;79383.32;79716.5
2026-09-06 14:00:00;79829.99;79840.25;79233;79543.06
2026-09-06 13:00:00;79922.04;79968;79760.39;79829.98
2026-09-06 12:00:00;79919.17;80010;79858.1;79922.04
2026-09-06 11:00:00;80003.92;80003.93;79890;79919.17
2026-09-06 10:00:00;79885.78;80020;79885.77;80003.93
2026-09-06 09:00:00;79837.17;79990;79806.01;79885.77
2026-09-06 08:00:00;79804.68;79889.99;79752.7;79837.17
2026-09-06 07:00:00;79784.65;79865.89;79577;79805
2026-09-06 06:00:00;79989.12;79989.13;79676.66;79784.65
2026-09-06 05:00:00;79866.01;80107.99;79794.04;79989.13
2026-09-06 04:00:00;80028.01;80028.01;79854;79866.01
2026-09-06 03:00:00;79907.28;80107.99;79893.86;80028.01
2026-09-06 02:00:00;79951.38;80019.11;79876;79907.28
2026-09-06 01:00:00;79868.01;80067.45;79868.01;79951.39
2026-09-06 00:00:00;79831.75;79940.68;79829.98;79868
2026-09-05 23:00:00;79783.99;79912.83;79706.04;79831.75
2026-09-05 22:00:00;79906.02;79947.99;79749.41;79783.99
2026-09-05 21:00:00;79737.83;79938;79724.87;79906.02
2026-09-05 20:00:00;79753.99;79840.25;79694;79737.83
2026-09-05 19:00:00;79999.99;79999.99;79712.86;79754
2026-09-05 18:00:00;80058.6;80078;79930;79999.98
2026-09-05 17:00:00;80041.99;80162.29;79973.85;80058.6
2026-09-05 16:00:00;79806;80200;79754;80042
2026-09-05 15:00:00;79719.75;79816;79678.62;79806.01
2026-09-05 14:00:00;79613.67;79756.32;79613.67;79719.76
2026-09-05 13:00:00;79704.13;79762;79545.96;79613.67
2026-09-05 12:00:00;79609.29;79774;79609.28;79704.14
2026-09-05 11:00:00;79618;79674.33;79608;79609.28
2026-09-05 10:00:00;79631.29;79664;79593.92;79618.01
2026-09-05 09:00:00;79650.01;79735.97;79612;79631.28
2026-09-05 08:00:00;79709.96;79727.95;79568;79650
2026-09-05 07:00:00;79644.01;79763.41;79639.22;79709.96
2026-09-05 06:00:00;79577.53;79715.72;79576;79644.01
2026-09-05 05:00:00;79500.01;79600.01;79442;79577.53
2026-09-05 04:00:00;79581.99;79589.84;79500;79500.01
2026-09-05 03:00:00;79569.09;79630.74;79510.93;79582
2026-09-05 02:00:00;79533.34;79622;79472.22;79569.09
2026-09-05 01:00:00;79573.37;79710;79533.34;79533.34
2026-09-05 00:00:00;79660.77;79721.57;79562;79573.36
2026-09-04 23:00:00;79636.09;79758;79600.89;79660.77
2026-09-04 22:00:00;79624;79716;79604;79636.09
2026-09-04 21:00:00;79697.03;79819.3;79512;79624
2026-09-04 20:00:00;79793.35;79862.15;79667.99;79697.04
2026-09-04 19:00:00;79618.15;79819.99;79618.14;79793.34
2026-09-04 18:00:00;79472.22;79655.86;79472.22;79618.15
2026-09-04 17:00:00;79745.72;79752.92;79383;79472.22
2026-09-04 16:00:00;79429.33;79877.07;79378.19;79745.73
2026-09-04 15:00:00;78915.71;79555.32;78800;79429.33
2026-09-04 14:00:00;79378.66;79572;78660;78915.71
2026-09-04 13:00:00;79453.95;79704;79000;79378.67
2026-09-04 12:00:00;81224.86;81350;79177.77;79453.96
2026-09-04 11:00:00;81179.64;81423.03;81080.01;81224.86
2026-09-04 10:00:00;81056.63;81194;80831.14;81179.63
2026-09-04 09:00:00;81147.16;81310;80934.24;81056.63
2026-09-04 08:00:00;80656.86;81237;80502.87;81147.16
2026-09-04 07:00:00;80797.4;80966.75;80641.65;80656.87
2026-09-04 06:00:00;80996.15;81090;80573.21;80797.39
2026-09-04 05:00:00;81070.54;81143.3;80863.03;80996.15
2026-09-04 04:00:00;80850.01;81288;80820;81070.54
2026-09-04 03:00:00;80832;81021.8;80806;80850
2026-09-04 02:00:00;80968.01;80968.01;80669.45;80831.99
2026-09-04 01:00:00;80972.11;81097.92;80759.52;80968.01
2026-09-04 00:00:00;81270.37;81427.75;80960;80972.12
2026-09-03 23:00:00;81140;81338;81078;81270.37
2026-09-03 22:00:00;81590;81604.65;80905.05;81140
2026-09-03 21:00:00;81473;82300;81288;81590
2026-09-03 20:00:00;81755.41;81780;81392.74;81473
2026-09-03 19:00:00;81254.31;81790;81171.98;81755.41
2026-09-03 18:00:00;81042;81333.33;80904;81254.32
2026-09-03 17:00:00;80969.37;81188.17;80886;81042
2026-09-03 16:00:00;81348;81360;80613.52;80969.37
2026-09-03 15:00:00;80549.97;81370.33;80354.65;81348
2026-09-03 14:00:00;78840.52;80561;78704;80549.97
2026-09-03 13:00:00;78652.37;79000;78450.25;78840.52
2026-09-03 12:00:00;77948.39;78782.75;77896.07;78652.38
2026-09-03 11:00:00;77735.88;78004.94;77709.52;77948.39
2026-09-03 10:00:00;77615.25;77773.26;77478;77735.88
2026-09-03 09:00:00;77843.34;77975.46;77608;77615.24
2026-09-03 08:00:00;77663.14;78066;77663.14;77843.34
2026-09-03 07:00:00;77835.2;78183.91;77600;77663.15
2026-09-03 06:00:00;77809.91;77856.16;77698.75;77835.19
2026-09-03 05:00:00;77775.99;77829.8;77101.01;77809.91
2026-09-03 04:00:00;77708.01;77833.1;77547.16;77776
2026-09-03 03:00:00;77816.02;77880;77642.09;77708
2026-09-03 02:00:00;77356.69;77900;77238.89;77816.01
2026-09-03 01:00:00;77068;77546.8;76968;77356.7
2026-09-03 00:00:00;77340.01;77394;76980.01;77068.01
2026-09-02 23:00:00;77034.03;77372.62;77007.36;77340.01
2026-09-02 22:00:00;77284.01;77284.01;77023.11;77034.03
2026-09-02 21:00:00;77406;77431.78;77242;77284
2026-09-02 20:00:00;77341.48;77520;77207.47;77406.01
2026-09-02 19:00:00;77377.76;77416;77124;77341.47
2026-09-02 18:00:00;77381.65;77524;77296.52;77377.76
2026-09-02 17:00:00;77171.51;77406;76950.56;77381.66
2026-09-02 16:00:00;77288.97;77582;77171.5;77171.5
2026-09-02 15:00:00;77066.42;77386;76748.01;77288.98
2026-09-02 14:00:00;77146;77490;77010.24;77066.42
2026-09-02 13:00:00;76613.87;77443.61;76613.87;77146
2026-09-02 12:00:00;76828.75;77049.4;76611.67;76613.88
2026-09-02 11:00:00;76680.88;76848.73;76356;76828.76
2026-09-02 10:00:00;76752.26;76753.83;76264;76680.88
2026-09-02 09:00:00;76854.11;77049.4;76484.64;76752.26
2026-09-02 08:00:00;77473.86;77546;76746.81;76854.11
2026-09-02 07:00:00;77611.53;77765.99;77473.84;77473.85
2026-09-02 06:00:00;77651.08;77724;77462;77611.54
2026-09-02 05:00:00;77561.82;77761.93;77438;77651.07
2026-09-02 04:00:00;77563.5;77612.84;77294.56;77561.82
2026-09-02 03:00:00;77329.2;77792;77314.51;77563.5
2026-09-02 02:00:00;77020.67;77343.74;76948.97;77329.2
2026-09-02 01:00:00;77213.24;77372;76718.48;77020.68
2026-09-02 00:00:00;77439.01;77512;77132;77213.25
2026-09-01 23:00:00;77274.02;77638.18;77218;77439
2026-09-01 22:00:00;77211.32;77364.01;77030;77274.02
2026-09-01 21:00:00;77448.46;77516.3;76920.36;77211.32
2026-09-01 20:00:00;77312;77471.9;77236.48;77448.45
2026-09-01 19:00:00;77153.89;77466.55;77112;77312
2026-09-01 18:00:00;77265.79;77319.64;76420;77153.9
2026-09-01 17:00:00;77596.01;77721.26;77241.12;77265.79
2026-09-01 16:00:00;77919.07;77976;77318;77596.01
2026-09-01 15:00:00;78168;78169.69;77727.61;77919.06
2026-09-01 14:00:00;78072;78424;78052;78167.99
2026-09-01 13:00:00;78004.01;78202;77510;78071.99
2026-09-01 12:00:00;78098.96;78156;77742.01;78004
2026-09-01 11:00:00;78029.67;78202.52;77890;78098.97
2026-09-01 10:00:00;77915;78196;77758.69;78029.67
2026-09-01 09:00:00;77883.28;78062.24;77786.18;77915
2026-09-01 08:00:00;78632.37;78658.01;77820;77883.28
2026-09-01 07:00:00;78745.39;78806;78500;78632.37
2026-09-01 06:00:00;79179.99;79179.99;78745.38;78745.39
2026-09-01 05:00:00;78727.11;79220.61;78727.11;79179.99
2026-09-01 04:00:00;78679.01;78915.09;78653.96;78727.11
2026-09-01 03:00:00;78449.99;78874;78400.18;78679.01
2026-09-01 02:00:00;78410.62;78457.55;78189.93;78449.99
2026-09-01 01:00:00;78652;78797.99;78375.83;78410.62
2026-09-01 00:00:00;78581.3;78900.01;78562;78652
2026-08-31 23:00:00;78593.15;78593.61;78405.01;78581.29
2026-08-31 22:00:00;78964.33;79015.83;78579.3;78593.15
2026-08-31 21:00:00;78864.73;79071.12;78732.22;78964.32
2026-08-31 20:00:00;78898.06;79172;78784.32;78864.72
2026-08-31 19:00:00;79016.01;79250;78851.93;78898.06
2026-08-31 18:00:00;78897.35;79212;78779.24;79016
2026-08-31 17:00:00;78639.57;79019.86;78494;78897.36
2026-08-31 16:00:00;78580.43;78884.48;78524;78639.57
2026-08-31 15:00:00;78601.93;78777.9;78212.3;78580.42
2026-08-31 14:00:00;77867.39;78686.94;77746.6;78600.14
2026-08-31 13:00:00;77930.4;78282;77716.75;77867.39
2026-08-31 12:00:00;78315.43;78543.86;77675.04;77930.39
2026-08-31 11:00:00;78710.02;78710.02;78302;78315.43
2026-08-31 10:00:00;78511.03;78732;78316.91;78710.01
2026-08-31 09:00:00;78480.79;78802;78396.35;78511.03
2026-08-31 08:00:00;78196.01;78521.89;77982;78480.8
2026-08-31 07:00:00;78093.88;78322.56;78034.01;78196.01
2026-08-31 06:00:00;78016.01;78156.77;77864.16;78093.87
2026-08-31 05:00:00;77622.29;78156.78;77514;78016
2026-08-31 04:00:00;77756.7;77769.11;77458.83;77622.28
2026-08-31 03:00:00;77474;77872;77394;77756.71
2026-08-31 02:00:00;77640.93;78000;77392;77473.99
2026-08-31 01:00:00;77937.03;77993.03;77565.08;77640.94
2026-08-31 00:00:00;77682;78185.89;77436.4;77937.04
2026-08-30 23:00:00;78422.01;78454;77000;77682
2026-08-30 22:00:00;78653;78804;78280;78422.01
2026-08-30 21:00:00;78597.32;78733.77;78229.82;78653
2026-08-30 20:00:00;78856.39;78931.49;78438.23;78597.33
2026-08-30 19:00:00;79036.68;79041.96;78721.98;78856.39
2026-08-30 18:00:00;79021.02;79181.99;78776;79036.69
2026-08-30 17:00:00;79337.93;79337.93;78774.85;79021.02
2026-08-30 16:00:00;78823.62;79400;78750;79337.93
2026-08-30 15:00:00;78783.7;78912.94;78626;78823.63
2026-08-30 14:00:00;78860.01;78945.94;78722;78783.71
2026-08-30 13:00:00;78785.06;78966.76;78590.14;78860
2026-08-30 12:00:00;78165.99;78850.81;78165.99;78785.06
2026-08-30 11:00:00;78145.29;78242;78117.11;78166
2026-08-30 10:00:00;78000.01;78145.29;77962.49;78145.29
2026-08-30 09:00:00;78074.01;78118.87;77986;78000.01
2026-08-30 08:00:00;78118;78207.22;78034;78074.01
2026-08-30 07:00:00;78280.34;78291.27;78118;78118
2026-08-30 06:00:00;78127.72;78310.71;78106.07;78280.34
2026-08-30 05:00:00;78109.74;78214;78109.74;78127.71
2026-08-30 04:00:00;78144.68;78220;77990;78109.75
2026-08-30 03:00:00;78106;78233.7;78065.99;78144.68
2026-08-30 02:00:00;78081.49;78178.02;78014.74;78106.01
2026-08-30 01:00:00;78179.86;78190;77994.02;78081.5
2026-08-30 00:00:00;78230;78330;78147.17;78179.86
2026-08-29 23:00:00;78228.33;78283.7;78190;78230
2026-08-29 22:00:00;78161.62;78239.4;78086;78228.34
2026-08-29 21:00:00;78129.92;78198;78062;78161.63
2026-08-29 20:00:00;78181.99;78298;78117.95;78129.92
2026-08-29 19:00:00;78158.01;78330;78138.87;78182
2026-08-29 18:00:00;78099.99;78250;78018.02;78158.01
2026-08-29 17:00:00;78027.17;78100;77896;78100
2026-08-29 16:00:00;77865.36;78130.43;77858.29;78027.17
2026-08-29 15:00:00;78014.37;78014.37;77806.9;77865.36
2026-08-29 14:00:00;77704.32;78150;77663.83;78014.37
2026-08-29 13:00:00;77583.74;77722;77559.45;77704.32
2026-08-29 12:00:00;77584.66;77657.99;77506.63;77583.74
2026-08-29 11:00:00;77635.17;77724.99;77573.32;77584.67
2026-08-29 10:00:00;77650.02;77732;77526;77635.17
2026-08-29 09:00:00;77634;77754.23;77566.01;77650.03
2026-08-29 08:00:00;77626.01;77634;77487.73;77633.99
2026-08-29 07:00:00;77466.83;77672;77438.01;77626.01
2026-08-29 06:00:00;77632.52;77632.53;77382.37;77466.82
2026-08-29 05:00:00;77648.91;77716.12;77604.06;77632.53
2026-08-29 04:00:00;77507.17;77678.67;77507.17;77648.91
2026-08-29 03:00:00;77671.18;77731.43;77507.16;77507.17
2026-08-29 02:00:00;77794.11;77829.72;77584.53;77671.18
2026-08-29 01:00:00;77733.63;77849.29;77631.28;77794.11
2026-08-29 00:00:00;77845.88;77963.92;77722;77733.63
2026-08-28 23:00:00;77758.69;77846.72;77640.74;77845.87
2026-08-28 22:00:00;77364;77773.2;77342;77758.69
2026-08-28 21:00:00;77407.34;77537.33;77255.69;77364
2026-08-28 20:00:00;77580.03;77609.83;77310.24;77407.34
2026-08-28 19:00:00;77554;77797.35;77376;77580.03
2026-08-28 18:00:00;77904;77935.5;77270;77554
2026-08-28 17:00:00;77788.45;78131.86;77642.78;77904
2026-08-28 16:00:00;78331.13;78404;76888;77788.46
2026-08-28 15:00:00;79542.44;79838.73;78312.64;78331.13
2026-08-28 14:00:00;79330.34;79706.64;78423.03;79542.44
2026-08-28 13:00:00;79421.04;79635.01;79034.56;79330.75
2026-08-28 12:00:00;79604.12;79727.36;79306.11;79421.05
2026-08-28 11:00:00;79565.9;79770.29;79555.22;79604.13
2026-08-28 10:00:00;79285.19;79571.99;79001.01;79565.89
2026-08-28 09:00:00;79516.77;79516.78;79259.43;79285.19
2026-08-28 08:00:00;79660;79840;79480;79516.78
2026-08-28 07:00:00;79904.21;79904.21;79573.36;79660
2026-08-28 06:00:00;79686;79999;79685.99;79904.21
2026-08-28 05:00:00;79643.8;79872.6;79558.11;79686
2026-08-28 04:00:00;79810.48;79970.5;79603.81;79643.81
2026-08-28 03:00:00;79926.11;80060.01;79775.61;79810.49
2026-08-28 02:00:00;80500.38;80500.38;79723.02;79926.11
2026-08-28 01:00:00;80575.99;81478.87;80434.15;80500.38
2026-08-28 00:00:00;80249.59;80705.37;80153.99;80576
2026-08-27 23:00:00;80303.21;80393.6;80134;80249.58
2026-08-27 22:00:00;80184;80432.36;80150;80303.21
2026-08-27 21:00:00;80096;80184;79975.74;80184
2026-08-27 20:00:00;79910.19;80120;79882.86;80096
2026-08-27 19:00:00;80150.69;80294.11;79886;79910.19
2026-08-27 18:00:00;80442.47;80442.47;79749.7;80150.69
2026-08-27 17:00:00;80374;80848.74;80230;80442.46
2026-08-27 16:00:00;80302.32;80624;80189.39;80374
2026-08-27 15:00:00;80204.06;80799.91;80094;80302.32
2026-08-27 14:00:00;79533.16;80388;79354.47;80204.05
2026-08-27 13:00:00;79282.31;79568;78920;79533.15
2026-08-27 12:00:00;79477.66;79596;79266;79282.31
2026-08-27 11:00:00;79625.99;79766.3;79172.65;79477.67
2026-08-27 10:00:00;79986;80158.15;79342;79626
2026-08-27 09:00:00;79756;80520;79683.09;79986
2026-08-27 08:00:00;79082.18;80022;79048;79755.99
2026-08-27 07:00:00;78817.5;79095.99;78754;79082.17
2026-08-27 06:00:00;78912.54;78912.55;78604.78;78817.49
2026-08-27 05:00:00;78783.99;78928;78600;78912.55
2026-08-27 04:00:00;78830.68;78900;78684.18;78783.99
2026-08-27 03:00:00;78717.76;78990;78643.23;78830.68
2026-08-27 02:00:00;78898.68;78978;78704.62;78717.76
2026-08-27 01:00:00;78690.02;79017.99;78546.13;78898.67
2026-08-27 00:00:00;79023.75;79028.49;78690.01;78690.01
2026-08-26 23:00:00;78700;79174.12;78654;79023.75
2026-08-26 22:00:00;78724;78975.85;78554;78700
2026-08-26 21:00:00;78452.04;78845.06;78392.19;78724.01
2026-08-26 20:00:00;78475.49;78521.7;78200;78452.04
2026-08-26 19:00:00;78472.41;78572;78292;78475.49
2026-08-26 18:00:00;78442.84;78650.26;78280.01;78472.41
2026-08-26 17:00:00;77991.29;78603;77991.29;78442.83
2026-08-26 16:00:00;78011.64;78161.73;77858;77991.3
2026-08-26 15:00:00;77790.48;78167.26;77632.58;78011.65
2026-08-26 14:00:00;78448.66;78603.41;77774;77790.48
2026-08-26 13:00:00;78319.58;78554;77913.19;78448.66
2026-08-26 12:00:00;78487.26;78713.79;77918.25;78319.59
2026-08-26 11:00:00;78727.46;78782;78317;78487.26
2026-08-26 10:00:00;78444.5;78879.75;78291.09;78727.45
2026-08-26 09:00:00;78707.59;78877.02;78244.83;78444.49
2026-08-26 08:00:00;78925.57;79119.37;78600;78707.59
2026-08-26 07:00:00;78947.92;79096;78867;78925.56
2026-08-26 06:00:00;79085.98;79206;78816;78947.92
2026-08-26 05:00:00;78826;79143.62;78638;79085.98
2026-08-26 04:00:00;79088.61;79200;78790.68;78826
2026-08-26 03:00:00;79108.01;79184;78900;79088.62
2026-08-26 02:00:00;78815.13;79251.6;78748.56;79108
2026-08-26 01:00:00;78631.7;78960;78607.29;78815.13
2026-08-26 00:00:00;78539.13;78721.48;78312;78631.79
2026-08-25 23:00:00;78889.51;78977.49;78396.88;78539.14
2026-08-25 22:00:00;78569.99;79000;78569.99;78889.51
2026-08-25 21:00:00;78206.14;78664;77851;78570
2026-08-25 20:00:00;78925.96;78976;78165.27;78206.13
2026-08-25 19:00:00;79128.01;79233.57;78728.35;78925.95
2026-08-25 18:00:00;79240.02;79380;79048.44;79128
2026-08-25 17:00:00;79156.02;79256.08;78752.06;79240.01
2026-08-25 16:00:00;79502.01;79563.71;79067.72;79156.02
2026-08-25 15:00:00;79236;79527.09;79020.04;79502.01
2026-08-25 14:00:00;78648;79386.94;78531.55;79235.99
2026-08-25 13:00:00;78980.01;79222;78120.74;78647.99
2026-08-25 12:00:00;79118;79171.88;78640;78980
2026-08-25 11:00:00;79309.63;79463.59;79044.18;79117.99
2026-08-25 10:00:00;79187.2;79484.01;78992;79309.63
2026-08-25 09:00:00;79930.76;79958;78888;79187.2
2026-08-25 08:00:00;79705.79;80249;79622;79930.77
2026-08-25 07:00:00;80574.09;80819.67;79369.17;79705.79
2026-08-25 06:00:00;80731.9;80923.69;80420;80574.09
2026-08-25 05:00:00;80363.74;80821.53;80322;80731.9
2026-08-25 04:00:00;80488.01;80608;80150;80363.73
2026-08-25 03:00:00;80649.62;80956;80314.31;80488.01
2026-08-25 02:00:00;79828;81272.62;79742;80649.63
2026-08-25 01:00:00;79739.99;79985.41;79478;79828
2026-08-25 00:00:00;78992.76;79888;78715.63;79739.99
2026-08-24 23:00:00;78740;79017.76;78622.13;78992.75
2026-08-24 22:00:00;78984.23;78988;78692;78740
2026-08-24 21:00:00;78932.33;79049.4;78853.43;78984.23
2026-08-24 20:00:00;78757.99;78996;78560;78932.33
2026-08-24 19:00:00;78928.35;79118.42;78600;78758
2026-08-24 18:00:00;78761.14;79084.22;78718.01;78928.35
2026-08-24 17:00:00;79047.61;79198;78468.61;78761.14
2026-08-24 16:00:00;79100.01;79877.87;78901.1;79047.6
2026-08-24 15:00:00;79510.93;80000;78824.78;79100.01
2026-08-24 14:00:00;78597.99;79841.12;78597.99;79510.92
2026-08-24 13:00:00;79159.98;79450;77851.9;78597.99
2026-08-24 12:00:00;78443.65;79326.48;77982;79159.99
2026-08-24 11:00:00;77617.23;78600;77450;78443.65
2026-08-24 10:00:00;77554.08;78017;77534.09;77617.22
2026-08-24 09:00:00;77041.46;77602.8;77028;77554.08
2026-08-24 08:00:00;77307.14;77414.88;76838;77041.47
2026-08-24 07:00:00;77464.33;77790.19;77281.68;77307.15
2026-08-24 06:00:00;77149.39;77525.09;77071;77464.33
2026-08-24 05:00:00;76897.44;77226.93;76842.72;77149.4
2026-08-24 04:00:00;76933.02;77247.12;76670.01;76897.44
2026-08-24 03:00:00;77478.7;77532.37;76933;76933.02
2026-08-24 02:00:00;76922.11;77545.08;76883.61;77478.69
2026-08-24 01:00:00;77679.51;77717.28;76918;76922.1
2026-08-24 00:00:00;77734;77742;77142.85;77679.5
2026-08-23 23:00:00;77598.87;77829.7;77290.22;77734
2026-08-23 22:00:00;77833.23;77979;77560.02;77598.88
2026-08-23 21:00:00;77401.59;78052.85;77401.59;77833.23
2026-08-23 20:00:00;77346;77460;77200.03;77401.6
2026-08-23 19:00:00;77341.99;77487.04;77255.99;77346.01
2026-08-23 18:00:00;77176.41;77415.33;77116;77341.98
2026-08-23 17:00:00;77429.87;77443.95;77148.2;77176.41
2026-08-23 16:00:00;77156.14;77475;77156.13;77429.88
2026-08-23 15:00:00;77186;77336.93;76913.49;77156.13
2026-08-23 14:00:00;77487.62;77640.58;76802;77186
2026-08-23 13:00:00;77206.01;77765.8;77192.21;77487.62
2026-08-23 12:00:00;77311.02;77311.99;76975.63;77206
2026-08-23 11:00:00;76790.35;77400;76744.94;77311.02
2026-08-23 10:00:00;76549.99;76924.29;76542;76790.35
2026-08-23 09:00:00;76486.49;76640.21;76467;76549.98
2026-08-23 08:00:00;76007.12;76654.78;75952.09;76486.49
2026-08-23 07:00:00;76096.96;76345.31;75907.82;76007.13
2026-08-23 06:00:00;76053.38;76357.51;75872.89;76096.95
2026-08-23 05:00:00;76602;76730.99;75545.67;76053.37
2026-08-23 04:00:00;76927.87;77036.58;76477.04;76602
2026-08-23 03:00:00;77079.46;77136.78;76837;76927.87
2026-08-23 02:00:00;77190.29;77232.55;77005.88;77079.46
2026-08-23 01:00:00;77302.65;77400;77158;77190.29
2026-08-23 00:00:00;77074.94;77359.53;77042.91;77302.65
2026-08-22 23:00:00;76997.77;77126.53;76900;77074.93
2026-08-22 22:00:00;76856;77155.46;76772;76997.76
2026-08-22 21:00:00;77311.69;77311.69;76828.78;76856.01
2026-08-22 20:00:00;77418.26;77467.53;77258;77311.69
2026-08-22 19:00:00;77257.87;77469.64;77206.53;77418.25
2026-08-22 18:00:00;77278.01;77360.92;77138;77257.86
2026-08-22 17:00:00;77288.01;77369.99;77066.66;77278.01
2026-08-22 16:00:00;76978.83;77547.96;76956.36;77288.01
2026-08-22 15:00:00;77003.62;77100.77;76880;76978.83
2026-08-22 14:00:00;77288.62;77305.14;76930;77003.62
2026-08-22 13:00:00;77300.27;77362.03;77116;77288.62
2026-08-22 12:00:00;77130.01;77387.99;77073.86;77300.27
2026-08-22 11:00:00;76976.01;77204.68;76772.05;77130.02
2026-08-22 10:00:00;77062;77187.46;76533.87;76976
2026-08-22 09:00:00;77210.55;77395.04;76851.25;77061.99
2026-08-22 08:00:00;77289.18;77445.6;77037.42;77210.55
2026-08-22 07:00:00;77486.09;77669.28;77220;77289.18
2026-08-22 06:00:00;77380.75;77572.16;76985.14;77486.09
2026-08-22 05:00:00;78470;78584;76500;77380.75
2026-08-22 04:00:00;78410.98;78818;78207.61;78470
2026-08-22 03:00:00;78470;78828.15;78372;78410.98
2026-08-22 02:00:00;77830.01;78563.83;77791.19;78470
2026-08-22 01:00:00;77953.3;78234;77816.66;77830.01
2026-08-22 00:00:00;78338.03;78500;77683.37;77953.3
2026-08-21 23:00:00;78460.13;78720;78100.26;78338.03
2026-08-21 22:00:00;78505.14;78760.68;78081.8;78460.14
2026-08-21 21:00:00;77520.19;78675.1;77388;78505.15
2026-08-21 20:00:00;77028.94;77548.99;76863.56;77520.19
2026-08-21 19:00:00;77145.99;77360;76856.2;77028.94
2026-08-21 18:00:00;77392.69;77550;76643.72;77146
2026-08-21 17:00:00;77486.01;77722.12;77189.95;77392.68
2026-08-21 16:00:00;77221.98;77563.53;76784.81;77486.01
2026-08-21 15:00:00;77384.69;77871.33;77170;77221.98
2026-08-21 14:00:00;77266.88;77448.26;76552.74;77384.68
2026-08-21 13:00:00;77223.66;77700;76243.04;77266.87
2026-08-21 12:00:00;76722.31;77477.24;76538;77223.66
2026-08-21 11:00:00;77810.01;77855.78;76411.38;76722.32
2026-08-21 10:00:00;77910.71;78250;77621.8;77810.02
2026-08-21 09:00:00;79258.02;79363.79;77251;77910.71
2026-08-21 08:00:00;76308.66;79500;76235.76;79258.03
2026-08-21 07:00:00;75646.2;76916.95;75620;76308.65
2026-08-21 06:00:00;75472.73;75753;75104;75646.21
2026-08-21 05:00:00;75026;75500;74918.79;75472.73
2026-08-21 04:00:00;74510.77;75054.46;74510.77;75026
2026-08-21 03:00:00;74439.75;74882.24;74247.46;74510.77
2026-08-21 02:00:00;75129.23;75197.08;74384.63;74439.74
2026-08-21 01:00:00;73707.82;75785.82;73668;75129.23
2026-08-21 00:00:00;73027.02;73990;73027.02;73708.02
2026-08-20 23:00:00;72676.23;73400;72664.56;73025.15
2026-08-20 22:00:00;72741.81;72878;72498;72676.22
2026-08-20 21:00:00;72671.76;72848;72557;72741.81
2026-08-20 20:00:00;72690.76;73110.7;72594;72671.75
2026-08-20 19:00:00;72431.35;72774;72330;72690.76
2026-08-20 18:00:00;72737.51;72810;72394;72431.36
2026-08-20 17:00:00;72837.15;72966;72534.71;72737.5
2026-08-20 16:00:00;72470.84;72905;72205.88;72837.15
2026-08-20 15:00:00;71826.85;72830;71789.01;72470.83
2026-08-20 14:00:00;71692;71990.09;71364.01;71826.85
2026-08-20 13:00:00;71952.04;72108.8;71132;71691.99
2026-08-20 12:00:00;71927.07;72015.42;71501;71952.04
2026-08-20 11:00:00;71995.99;72322;71820;71927.07
2026-08-20 10:00:00;71789.97;72490;71686.58;71995.99
2026-08-20 09:00:00;71592.11;72067.46;71500;71789.97
2026-08-20 08:00:00;69816.45;71826.26;69772.36;71592.1
2026-08-20 07:00:00;69851.99;70022;69506.91;69816.45
2026-08-20 06:00:00;69406.53;69927.97;69336.97;69851.99
2026-08-20 05:00:00;69492;69668;69349.16;69406.54
2026-08-20 04:00:00;69195.64;69599.01;69166;69492.01
2026-08-20 03:00:00;69301.27;69340;68902.22;69195.64
2026-08-20 02:00:00;69721.92;69824;69268;69301.27
2026-08-20 01:00:00;69420;69894.5;69283.25;69721.92
2026-08-20 00:00:00;69334.78;69793.21;69314.01;69420
2026-08-19 23:00:00;69258.9;69453.88;69160;69334.79
2026-08-19 22:00:00;69709.47;69833.99;68980;69258.9
2026-08-19 21:00:00;69048.06;70000;68984.78;69709.46
2026-08-19 20:00:00;68429.44;69579.99;68390;69048.06
2026-08-19 19:00:00;68396;68483.52;68103.71;68429.44
2026-08-19 18:00:00;68197.3;68453.43;68042;68395.99
2026-08-19 17:00:00;68465.26;68546.22;67825.03;68197.29
2026-08-19 16:00:00;68554;68997;68416.36;68465.27
2026-08-19 15:00:00;65923.21;69500;65892;68554
2026-08-19 14:00:00;65012.12;65970;65012.11;65923.21
2026-08-19 13:00:00;64882.15;65217.86;64793.29;65012.12
2026-08-19 12:00:00;64515.62;64988;64474.86;64882.15
2026-08-19 11:00:00;64456.71;64539.05;64454.99;64515.63
2026-08-19 10:00:00;64427.07;64456.71;64373.24;64456.71
2026-08-19 09:00:00;64413.95;64470.66;64360.7;64427.06
2026-08-19 08:00:00;64296.01;64510.95;64255;64413.95
2026-08-19 07:00:00;64339.8;64395.78;64271.78;64296
2026-08-19 06:00:00;64236.01;64344;64166;64339.8
2026-08-19 05:00:00;64316.22;64409.93;64236;64236.01
2026-08-19 04:00:00;64330.7;64391.8;64293.43;64316.22
2026-08-19 03:00:00;64351.86;64414;64278;64330.71
2026-08-19 02:00:00;64400.47;64414.65;64350;64351.9
2026-08-19 01:00:00;64488;64551.47;64389.27;64400.48
2026-08-19 00:00:00;64725.42;64736.27;64488;64488
2026-08-18 23:00:00;64634;64780;64631.15;64725.42
2026-08-18 22:00:00;64604.58;64648;64562.25;64634
2026-08-18 21:00:00;64582.38;64653.97;64571.48;64604.58
2026-08-18 20:00:00;64643.27;64654.87;64568;64582.39
2026-08-18 19:00:00;64771.99;64796;64642.36;64643.26
2026-08-18 18:00:00;64670.02;64822;64656;64772
2026-08-18 17:00:00;64840;64840.01;64670.02;64670.02
2026-08-18 16:00:00;64855.06;64891.81;64675.5;64840
2026-08-18 15:00:00;64714.16;64888;64652;64855.06
2026-08-18 14:00:00;64219.99;65058.81;64219.99;64714.16
2026-08-18 13:00:00;64230.02;64284;64027.85;64219.99
2026-08-18 12:00:00;64351.18;64355.64;64218.45;64230.02
2026-08-18 11:00:00;64202.81;64402.35;64192.42;64351.19
2026-08-18 10:00:00;64171.95;64216;64123.42;64202.8
2026-08-18 09:00:00;64296.01;64296.01;64140;64171.95
2026-08-18 08:00:00;64198.97;64336;64087.98;64296.02
2026-08-18 07:00:00;64318.03;64350;64164;64198.97
2026-08-18 06:00:00;64242.76;64446;64170;64318.03
2026-08-18 05:00:00;64210.33;64276;64140;64242.76
2026-08-18 04:00:00;64185;64250.69;64090;64210.32
2026-08-18 03:00:00;64103.22;64195.45;64047.73;64185.01
2026-08-18 02:00:00;64200.06;64272;64048;64103.22
2026-08-18 01:00:00;64383.72;64387.71;64156;64200.06
2026-08-18 00:00:00;64532.11;64568.46;64367.27;64383.71
2026-08-17 23:00:00;64291.26;64578;64288.24;64532.1
2026-08-17 22:00:00;64382.02;64416;64283.49;64291.25
2026-08-17 21:00:00;64392.72;64434.76;64296;64382.02
2026-08-17 20:00:00;64309.95;64434;64266;64392.73
2026-08-17 19:00:00;64428.88;64428.88;64288.35;64309.96
2026-08-17 18:00:00;64325.99;64610.01;64280.49;64428.87
2026-08-17 17:00:00;64115.76;64425;63979.3;64325.99
2026-08-17 16:00:00;64200;64216.42;64058;64115.76
2026-08-17 15:00:00;63902.63;64227.27;63812.35;64200
2026-08-17 14:00:00;63672.37;63904.76;63588;63902.63
2026-08-17 13:00:00;63554.7;63799.64;63444.17;63672.36
2026-08-17 12:00:00;63631.11;63680;63533.06;63554.69
2026-08-17 11:00:00;63692.2;63781.69;63587.05;63631.1
2026-08-17 10:00:00;63323.97;63694.26;63300.25;63692.21
2026-08-17 09:00:00;63380.83;63428;63295;63323.96
2026-08-17 08:00:00;63514.45;63545.08;63350;63380.84
2026-08-17 07:00:00;63668;63668;63500;63514.45
2026-08-17 06:00:00;63520.18;63717.17;63477.95;63667.99
2026-08-17 05:00:00;63532.43;63594.76;63446.59;63520.18
2026-08-17 04:00:00;63429.21;63580;63429.21;63532.44
2026-08-17 03:00:00;63403.33;63520;63339.78;63429.21
2026-08-17 02:00:00;63116.12;63500;63037.09;63403.34
2026-08-17 01:00:00;62917.54;63246.91;62896;63116.12
2026-08-17 00:00:00;62900;62956;62751.1;62917.54
2026-08-16 23:00:00;62913.7;62993.77;62830;62900
2026-08-16 22:00:00;62929.61;62954;62716;62913.7
2026-08-16 21:00:00;63067.79;63085.15;62754;62929.61
2026-08-16 20:00:00;63108.8;63140;63027.6;63067.79
2026-08-16 19:00:00;63140.05;63230;63100.89;63108.81
2026-08-16 18:00:00;63159.31;63173.71;63120;63140.06
2026-08-16 17:00:00;63260;63276.61;63120.22;63159.3
2026-08-16 16:00:00;63146.39;63390;63137.35;63260.01
2026-08-16 15:00:00;63102.86;63146.4;63102.86;63146.39
2026-08-16 14:00:00;63060.01;63102.86;63060;63102.85
2026-08-16 13:00:00;63021.99;63070.05;63021.98;63060.01
2026-08-16 12:00:00;63013.66;63025.42;62997.77;63021.98
2026-08-16 11:00:00;63008.56;63013.66;62981.93;63013.66
2026-08-16 10:00:00;62992.68;63013.62;62968.45;63008.57
2026-08-16 09:00:00;63072.43;63072.43;62968.45;62992.69
2026-08-16 08:00:00;63061.03;63079.76;63061.02;63072.42
2026-08-16 07:00:00;63069.32;63069.32;63054.34;63061.02
2026-08-16 06:00:00;63069.43;63083.79;63043.21;63069.31
2026-08-16 05:00:00;63090;63094;63040;63069.43
2026-08-16 04:00:00;63130.01;63158.8;63090;63090.01
2026-08-16 03:00:00;63121.92;63130.01;63115.61;63130
2026-08-16 02:00:00;63084.78;63151.59;63024.22;63121.91
2026-08-16 01:00:00;63085.81;63085.82;63012;63084.78
2026-08-16 00:00:00;63086.01;63086.01;63061.47;63085.82
2026-08-15 23:00:00;63135.52;63139.96;63086;63086.01
2026-08-15 22:00:00;63159.04;63175;63135.52;63135.52
2026-08-15 21:00:00;63103.29;63168.95;63103.29;63159.04
2026-08-15 20:00:00;63126.07;63126.08;63076.96;63103.29
2026-08-15 19:00:00;63057.58;63127.4;63057.57;63126.08
2026-08-15 18:00:00;63070.49;63115.58;63044.37;63057.58
2026-08-15 17:00:00;63096.62;63100.69;63066.21;63070.5
2026-08-15 16:00:00;63100.55;63124.99;63066.73;63096.63
2026-08-15 15:00:00;63040.01;63120.09;63032;63100.55
2026-08-15 14:00:00;63060.34;63060.35;62996.77;63040
2026-08-15 13:00:00;63050.12;63080.88;63028.11;63060.35
2026-08-15 12:00:00;63022.01;63055.36;62946.58;63050.13
2026-08-15 11:00:00;63046.1;63054.69;62996.85;63022.01
2026-08-15 10:00:00;63030.39;63051.74;63002.12;63046.1
2026-08-15 09:00:00;62935.72;63045.83;62920;63030.38
2026-08-15 08:00:00;63075.43;63085.8;62933.71;62935.72
2026-08-15 07:00:00;63114.68;63134.83;63042;63075.43
2026-08-15 06:00:00;63089;63134.84;63027.89;63114.68
2026-08-15 05:00:00;63122.01;63155.76;63039.99;63089
2026-08-15 04:00:00;63051.25;63151.65;63051.25;63122
2026-08-15 03:00:00;63134.41;63187.98;63039.99;63051.25
2026-08-15 02:00:00;63045.14;63134.82;63035.95;63134.41
2026-08-15 01:00:00;63019.89;63051.78;62993.57;63045.13
2026-08-15 00:00:00;63043.56;63059.5;62992.91;63019.88
2026-08-14 23:00:00;62886.87;63066.13;62865.03;63043.56
2026-08-14 22:00:00;62928.49;62957.28;62800;62886.88
2026-08-14 21:00:00;62907.59;62937.22;62873.25;62928.49
2026-08-14 20:00:00;62968.06;63020.74;62896.85;62907.59
2026-08-14 19:00:00;62930.01;62996;62830;62968.05
2026-08-14 18:00:00;63013.7;63088.21;62894.85;62930.01
2026-08-14 17:00:00;63133.49;63247.05;63000;63013.69
2026-08-14 16:00:00;62990.94;63215.58;62966.86;63133.48
2026-08-14 15:00:00;62620.01;63089.18;62612;62990.95
2026-08-14 14:00:00;62668;62797.88;62535.24;62620.01
2026-08-14 13:00:00;62741.68;62822.33;62605;62668
2026-08-14 12:00:00;62868.83;62913.3;62726.26;62741.69
2026-08-14 11:00:00;62814.14;62936.82;62814;62868.83
2026-08-14 10:00:00;62792.75;62946;62739.98;62814.14
2026-08-14 09:00:00;62940.01;62940.01;62744;62792.75
2026-08-14 08:00:00;62920.78;62997.83;62700;62940.01
2026-08-14 07:00:00;62974.14;63110;62920;62920.78
2026-08-14 06:00:00;63379.83;63379.83;62942;62974.14
2026-08-14 05:00:00;63372.56;63400.3;63286.67;63379.83
2026-08-14 04:00:00;63310;63472.5;63276;63372.56
2026-08-14 03:00:00;63465.39;63576;63301.58;63310
2026-08-14 02:00:00;63575.86;63617.45;63465.38;63465.39
2026-08-14 01:00:00;63541.45;63585.92;63458;63575.86
2026-08-14 00:00:00;63490.86;63552.99;63410;63541.45
2026-08-13 23:00:00;63530.01;63539.03;63400;63490.86
2026-08-13 22:00:00;63474;63640;63473.99;63530.01
2026-08-13 21:00:00;63415.56;63500;63390;63474
2026-08-13 20:00:00;63408;63474.34;63368;63415.55
2026-08-13 19:00:00;63310;63519.39;63310;63407.99
2026-08-13 18:00:00;63144.37;63369.63;63105.44;63310
2026-08-13 17:00:00;63160.13;63294.61;63074.44;63144.38
2026-08-13 16:00:00;63420.01;63568.97;62802.27;63160.13
2026-08-13 15:00:00;63859.46;63940.08;63420;63420.01
2026-08-13 14:00:00;63723.99;63999;63686;63859.45
2026-08-13 13:00:00;63697.76;63850;63566;63724
2026-08-13 12:00:00;63484.31;63710;63450;63697.76
2026-08-13 11:00:00;63651.2;63660.76;63350;63484.3
2026-08-13 10:00:00;63782.65;63818.16;63586;63651.19
2026-08-13 09:00:00;63766.8;63786.49;63587.99;63782.64
2026-08-13 08:00:00;63865.84;63915;63742;63766.8
2026-08-13 07:00:00;63942.36;63947.09;63856.13;63865.84
2026-08-13 06:00:00;63878.01;63942.36;63757.47;63942.35
2026-08-13 05:00:00;63693.73;64010;63671.64;63878
2026-08-13 04:00:00;63647;63778;63591.56;63693.74
2026-08-13 03:00:00;63550.01;63686.4;63514.21;63646.99
2026-08-13 02:00:00;63456.1;63582;63380;63550.01
2026-08-13 01:00:00;63556.91;63631.67;63382.45;63456.11
2026-08-13 00:00:00;63479.99;63717.31;63460.32;63556.92
2026-08-12 23:00:00;63432.28;63482.89;63378.23;63479.99
2026-08-12 22:00:00;63469.84;63536;63370;63432.28
2026-08-12 21:00:00;63600;63661.24;63421.61;63469.83
2026-08-12 20:00:00;63421.11;63600;63421.11;63599.99
2026-08-12 19:00:00;63386.58;63465.13;63310.34;63421.11
2026-08-12 18:00:00;63470.99;63522.56;63373.97;63386.59
2026-08-12 17:00:00;63492.12;63556;63416.4;63471
2026-08-12 16:00:00;63441.48;63578;63368.35;63492.12
2026-08-12 15:00:00;63363.39;63570.01;63316;63441.47
2026-08-12 14:00:00;63840;63926.13;63362.74;63363.39
2026-08-12 13:00:00;64119.72;64159.36;63840;63840
2026-08-12 12:00:00;64240.04;64500;63976.37;64119.71
2026-08-12 11:00:00;64143.36;64249.5;64113.5;64240.04
2026-08-12 10:00:00;64108.82;64218;64059.99;64143.36
2026-08-12 09:00:00;63794.95;64130.47;63768.01;64108.81
2026-08-12 08:00:00;63838;63867.2;63773.98;63794.94
2026-08-12 07:00:00;63711.97;63838;63644.1;63837.99
2026-08-12 06:00:00;63849.94;63849.94;63606.15;63711.97
2026-08-12 05:00:00;63769.58;63869.56;63724.25;63849.94
2026-08-12 04:00:00;63835.58;63891.42;63739.99;63769.58
2026-08-12 03:00:00;63749.77;63845.91;63709.85;63835.59
2026-08-12 02:00:00;63813.8;63908.01;63730.72;63749.76
2026-08-12 01:00:00;63742.07;63855.5;63698.18;63813.8
2026-08-12 00:00:00;63600.01;63745.53;63534.01;63742.07
2026-08-11 23:00:00;63668.5;63668.5;63543.55;63600
2026-08-11 22:00:00;63672.73;63768;63626.25;63668.49
2026-08-11 21:00:00;63740;63768.58;63622;63672.73
2026-08-11 20:00:00;63536;63748.37;63536;63740
2026-08-11 19:00:00;63373.07;63536;63238;63536
2026-08-11 18:00:00;63607.87;63626.03;63251.59;63373.07
2026-08-11 17:00:00;63512.59;63632.94;63461.88;63607.88
2026-08-11 16:00:00;63609.86;63660;63459.54;63512.59
2026-08-11 15:00:00;63770.03;63868;63451;63609.87
2026-08-11 14:00:00;64200.29;64263.83;63714.75;63770.03
2026-08-11 13:00:00;64330;64368.42;64050;64200.28
2026-08-11 12:00:00;64389.58;64515.43;64274.57;64330.01
2026-08-11 11:00:00;64233.23;64400;64233.23;64389.57
2026-08-11 10:00:00;64300;64312.7;64200;64233.23
2026-08-11 09:00:00;64136.41;64300;64121.51;64300
2026-08-11 08:00:00;64066;64148.78;64044.72;64136.41
2026-08-11 07:00:00;63969.29;64108;63911.09;64065.99
2026-08-11 06:00:00;64000;64050.43;63852;63969.28
2026-08-11 05:00:00;64023.51;64051.93;63964;64000
2026-08-11 04:00:00;64155;64159.65;64021.02;64023.51
2026-08-11 03:00:00;64044.6;64176;64044.59;64155.01
2026-08-11 02:00:00;64060.8;64086;64030;64044.59
2026-08-11 01:00:00;64040.01;64080.1;63958.2;64060.8
2026-08-11 00:00:00;63970.01;64058;63895.64;64040
2026-08-10 23:00:00;64015.99;64020;63920.69;63970.01
2026-08-10 22:00:00;63987;64055.95;63944;64016
2026-08-10 21:00:00;64158.49;64158.5;63987;63987
2026-08-10 20:00:00;64045.7;64215.21;64023.06;64158.5
2026-08-10 19:00:00;63889.39;64101.34;63888.01;64045.7
2026-08-10 18:00:00;63953.04;64020.64;63806.27;63889.39
2026-08-10 17:00:00;63904.65;64027.12;63832;63953.04
2026-08-10 16:00:00;64299.99;64354;63830.57;63904.65
2026-08-10 15:00:00;64625.77;64711.43;64203.15;64299.99
2026-08-10 14:00:00;64561.98;64888.32;64544.01;64625.77
2026-08-10 13:00:00;64870.74;64973.72;64518.01;64561.98
2026-08-10 12:00:00;65125.99;65237.8;64850;64870.75
2026-08-10 11:00:00;65013.07;65130.16;64977.93;65125.98
2026-08-10 10:00:00;64967.25;65074.61;64967.24;65013.06
2026-08-10 09:00:00;65245.59;65245.59;64958.87;64967.24
2026-08-10 08:00:00;65202.72;65328.73;65192;65245.58
2026-08-10 07:00:00;65299.4;65379.13;65196.53;65202.73
2026-08-10 06:00:00;65134;65339.7;65130.01;65299.4
2026-08-10 05:00:00;65006.74;65159.25;64979.88;65134
2026-08-10 04:00:00;64982;65100;64924;65006.73
2026-08-10 03:00:00;65099.99;65172;64904.99;64982.01
2026-08-10 02:00:00;65190;65220;64903.54;65099.99
2026-08-10 01:00:00;64968.21;65391.14;64900;65189.99
2026-08-10 00:00:00;64901.59;65322.58;64826.78;64968.01
2026-08-09 23:00:00;65077.13;65108;64842.59;64901.59
2026-08-09 22:00:00;65192.99;65474.46;64971.41;65077.13
2026-08-09 21:00:00;65137.96;65250;65115.05;65192.99
2026-08-09 20:00:00;65180.66;65181.99;65046.25;65137.96
2026-08-09 19:00:00;65199.69;65210;65179.72;65180.66
2026-08-09 18:00:00;65198.68;65220;65192;65199.68
2026-08-09 17:00:00;65232.15;65239.18;65198.68;65198.68
2026-08-09 16:00:00;65228.68;65266.06;65182.36;65232.14
2026-08-09 15:00:00;65260.01;65264;65214;65228.68
2026-08-09 14:00:00;65219.78;65300;65150.95;65260.01
2026-08-09 13:00:00;64960.12;65266;64960.11;65219.78
2026-08-09 12:00:00;64950.01;64962.41;64914.73;64960.11
2026-08-09 11:00:00;64959.87;65000;64950;64950
2026-08-09 10:00:00;64877.86;64994.07;64877.85;64959.86
2026-08-09 09:00:00;64824.17;64877.86;64809.68;64877.85
2026-08-09 08:00:00;64826.15;64960.06;64792.1;64824.16
2026-08-09 07:00:00;64850;64860.01;64826.14;64826.14
2026-08-09 06:00:00;64801.57;64867.11;64801.57;64849.99
2026-08-09 05:00:00;64785.01;64801.58;64777;64801.58
2026-08-09 04:00:00;64788.8;64826.13;64785;64785
2026-08-09 03:00:00;64820.01;64820.01;64730.08;64788.8
2026-08-09 02:00:00;64861.46;64863.16;64777.92;64820.01
2026-08-09 01:00:00;64973.65;65002;64838.33;64861.46
2026-08-09 00:00:00;64962.6;64991.93;64958.17;64973.65
2026-08-08 23:00:00;64950.62;64975.99;64936.01;64962.6
2026-08-08 22:00:00;65012.95;65038;64948.17;64950.61
2026-08-08 21:00:00;65082.42;65082.42;65000.53;65012.96
2026-08-08 20:00:00;65075.4;65100.61;65060;65082.41
2026-08-08 19:00:00;65044.08;65093.7;65017.39;65075.41
2026-08-08 18:00:00;65119.75;65119.75;65025.54;65044.07
2026-08-08 17:00:00;65086.46;65150;65075.46;65119.75
2026-08-08 16:00:00;65080.83;65116.82;65039;65086.45
2026-08-08 15:00:00;65129.01;65149.57;65061.31;65080.82
2026-08-08 14:00:00;65015.27;65192.54;65015.27;65129.02
2026-08-08 13:00:00;65008.33;65018;65000;65015.27
2026-08-08 12:00:00;64967.36;65050.55;64924;65008.34
2026-08-08 11:00:00;65005.88;65024.1;64957;64967.35
2026-08-08 10:00:00;64994.31;65022.43;64994.31;65005.87
2026-08-08 09:00:00;64993.88;65050;64992.98;64994.31
2026-08-08 08:00:00;64959.99;65020.5;64948.56;64993.87
2026-08-08 07:00:00;65006.61;65006.61;64951.34;64960
2026-08-08 06:00:00;64995.39;65014;64959.81;65006.61
2026-08-08 05:00:00;65013.58;65018.64;64976;64995.39
2026-08-08 04:00:00;65033;65071.15;64971.18;65013.58
2026-08-08 03:00:00;64923.98;65074.18;64918.28;65033
2026-08-08 02:00:00;64911.8;64957.47;64894.49;64923.97
2026-08-08 01:00:00;64929.01;64965;64908.97;64911.79
2026-08-08 00:00:00;64923.2;64954;64784.19;64929.01
2026-08-07 23:00:00;64888;64923.2;64869.99;64923.19
2026-08-07 22:00:00;64928.02;64947.7;64846;64888
2026-08-07 21:00:00;64972;65102;64928;64928.01
2026-08-07 20:00:00;64960.46;65053.56;64948;64972
2026-08-07 19:00:00;64735.52;65039.42;64735.52;64960.47
2026-08-07 18:00:00;64764.33;64881.13;64676;64735.51
2026-08-07 17:00:00;64814.01;64828.82;64525;64764.33
2026-08-07 16:00:00;64912.71;65072.31;64814;64814
2026-08-07 15:00:00;64957.98;65136.17;64894.83;64912.72
2026-08-07 14:00:00;65009.23;65275.03;64788;64957.98
2026-08-07 13:00:00;65292.31;65338;64984.68;65009.24
2026-08-07 12:00:00;65029.98;65390.99;64986.26;65292.32
2026-08-07 11:00:00;64893.99;65213.33;64893.64;65029.98
2026-08-07 10:00:00;64839.32;64916;64802;64893.98
2026-08-07 09:00:00;64600;64965;64599.99;64839.32
2026-08-07 08:00:00;64319.84;64672.1;64304.22;64600
2026-08-07 07:00:00;64304.12;64436.13;64264;64319.84
2026-08-07 06:00:00;64336.42;64463.75;64283.91;64304.12
2026-08-07 05:00:00;64255.14;64400;64177.62;64336.43
2026-08-07 04:00:00;64289.99;64364.08;64166;64255.13
2026-08-07 03:00:00;64399.88;64407.73;64260;64289.99
2026-08-07 02:00:00;64422.54;64544;64252.09;64399.87
2026-08-07 01:00:00;64318;64476.78;64300;64422.55
2026-08-07 00:00:00;64323.61;64410;64230.59;64317.99
2026-08-06 23:00:00;64351.48;64360.01;64200;64323.61
2026-08-06 22:00:00;64440.74;64450;64330.4;64351.49
2026-08-06 21:00:00;64439.71;64513.99;64404.74;64440.74
2026-08-06 20:00:00;64446.01;64536.32;64439.7;64439.7
2026-08-06 19:00:00;64418.48;64474.71;64365;64446
2026-08-06 18:00:00;64621.68;64621.69;64378.67;64418.47
2026-08-06 17:00:00;64758;64834;64548.81;64621.69
2026-08-06 16:00:00;64631.88;64778;64592.37;64757.99
2026-08-06 15:00:00;64778.01;64987.26;64624.29;64631.87
2026-08-06 14:00:00;64434.01;64850;64362;64778
2026-08-06 13:00:00;64424.01;64524.21;64172;64434.01
2026-08-06 12:00:00;64622.08;64637.68;64381.96;64424
2026-08-06 11:00:00;64615.95;64661.26;64503.54;64622.09
2026-08-06 10:00:00;64683.62;64685.05;64581.21;64615.95
2026-08-06 09:00:00;64942;64944;64630;64683.62
2026-08-06 08:00:00;64809.7;64999;64760;64941.99
2026-08-06 07:00:00;64860;64965.66;64776;64809.7
2026-08-06 06:00:00;64908.1;64908.1;64745.69;64860
2026-08-06 05:00:00;64734.65;64996;64730.26;64908.09
2026-08-06 04:00:00;64531.03;64755.72;64496.27;64734.65
2026-08-06 03:00:00;64579.36;64583.63;64493.2;64531.03
2026-08-06 02:00:00;64580.08;64650.62;64439.34;64579.36
2026-08-06 01:00:00;64644.92;64659.65;64498;64580.07
2026-08-06 00:00:00;64665.24;64724.38;64572;64644.99
2026-08-05 23:00:00;64636;64749.99;64579.15;64665.23
2026-08-05 22:00:00;64733.13;64783.84;64629.81;64636
2026-08-05 21:00:00;64822.88;64825.78;64657.69;64733.13
2026-08-05 20:00:00;64840.27;65025.22;64806.46;64822.89
2026-08-05 19:00:00;64799.1;64936.18;64781.79;64840.28
2026-08-05 18:00:00;64770;64844.99;64670.01;64799.1
2026-08-05 17:00:00;64661.99;64804;64541.71;64770
2026-08-05 16:00:00;64388.01;64760.99;64388;64661.99
2026-08-05 15:00:00;64476.4;64744;64385.49;64388.01
2026-08-05 14:00:00;64407.99;64578;64300;64476.39
2026-08-05 13:00:00;64332.43;64412;63880;64407.99
2026-08-05 12:00:00;64075.28;64581.43;64050;64332.43
2026-08-05 11:00:00;64062.23;64150;64044.5;64075.28
2026-08-05 10:00:00;64155.06;64242.93;64020;64062.23
2026-08-05 09:00:00;64120.81;64210.83;64102.95;64155.05
2026-08-05 08:00:00;64164;64280;64098;64120.81
2026-08-05 07:00:00;64253.59;64272;63995.89;64163.99
2026-08-05 06:00:00;64330.86;64373.31;64229.34;64253.58
2026-08-05 05:00:00;64176.69;64525.97;64163.36;64330.87
2026-08-05 04:00:00;64183.27;64218;64088.01;64176.7
2026-08-05 03:00:00;64368.27;64446;64046;64183.27
2026-08-05 02:00:00;64333.85;64504;64322.59;64368.26
2026-08-05 01:00:00;63988;64346;63950;64333.84
2026-08-05 00:00:00;64106.55;64193.25;63978.44;63988
2026-08-04 23:00:00;64270.62;64549.16;64081.26;64106.56
2026-08-04 22:00:00;64193.99;64293.91;64140;64270.61
2026-08-04 21:00:00;64341;64341.99;64175.52;64194
2026-08-04 20:00:00;64233.35;64420;64001.68;64341
2026-08-04 19:00:00;64305.99;64413.21;64193.57;64233.36
2026-08-04 18:00:00;63972.09;64400;63965.73;64305.99
2026-08-04 17:00:00;63950.94;64184;63892;63972.09
2026-08-04 16:00:00;64125.14;64130;63897.22;63950.93
2026-08-04 15:00:00;64128.73;64238;63814.29;64125.14
2026-08-04 14:00:00;63683.95;64193.54;63615.38;64128.72
2026-08-04 13:00:00;63906.41;64097.74;63656;63683.94
2026-08-04 12:00:00;63926;64062.46;63788;63906.41
2026-08-04 11:00:00;63763.99;63950;63712;63926
2026-08-04 10:00:00;63603.73;63842;63451.8;63764
2026-08-04 09:00:00;63589.04;63610;63516.43;63603.73
2026-08-04 08:00:00;63685.73;63748.22;63564.99;63588.94
2026-08-04 07:00:00;63670;63763.63;63506.78;63685.74
2026-08-04 06:00:00;63818.47;63859.71;63654.16;63670
2026-08-04 05:00:00;64029.01;64056;63788.23;63818.48
2026-08-04 04:00:00;63800.01;64243.81;63762;64029
2026-08-04 03:00:00;63822.45;63860;63649;63800.01
2026-08-04 02:00:00;63847.92;63972;63686.44;63822.44
2026-08-04 01:00:00;63362;63927.99;63361.99;63847.93
2026-08-04 00:00:00;63520;63585.09;63322.01;63361.99
2026-08-03 23:00:00;63618.01;63621.35;63465.43;63520
2026-08-03 22:00:00;63590.15;63680;63392.01;63618
2026-08-03 21:00:00;63775.43;63791.98;63548;63590.15
2026-08-03 20:00:00;63869.38;64023.61;63769.92;63775.43
2026-08-03 19:00:00;63870.87;64080;63846;63869.38
2026-08-03 18:00:00;63905.99;64000;63768;63870.87
2026-08-03 17:00:00;63776.46;64059.75;63714.55;63906
2026-08-03 16:00:00;63694.9;63939.99;63664;63776.46
2026-08-03 15:00:00;63967.19;63989.75;63646.59;63694.91
2026-08-03 14:00:00;63351.09;63992.71;63136;63967.19
2026-08-03 13:00:00;62700.01;63390;62562.42;63351.09
2026-08-03 12:00:00;62560.01;62799.3;62445.26;62700
2026-08-03 11:00:00;62742.01;62778.92;62540.95;62560.01
2026-08-03 10:00:00;62837.4;62860;62615.11;62742.01
2026-08-03 09:00:00;62541.5;62863.1;62520;62837.4
2026-08-03 08:00:00;62621.1;62647.69;62300;62541.5
2026-08-03 07:00:00;62623.6;62700;62552.04;62621.1
2026-08-03 06:00:00;62827.17;62872.58;62613;62623.6
2026-08-03 05:00:00;62790;62875.02;62751.3;62827.17
2026-08-03 04:00:00;62870.48;63001.77;62770.37;62790
2026-08-03 03:00:00;63141.39;63168.44;62786.04;62870.49
2026-08-03 02:00:00;63212.16;63286;63100;63141.4
2026-08-03 01:00:00;63317.61;63350;63111.1;63212.16
2026-08-03 00:00:00;63570.01;63596;63208.3;63317.6
2026-08-02 23:00:00;63424.58;63596;63344;63570
2026-08-02 22:00:00;63578.01;63796.33;63376.71;63424.58
2026-08-02 21:00:00;63494.51;63785;63479.45;63578
2026-08-02 20:00:00;63456;63501.48;63404.69;63494.52
2026-08-02 19:00:00;63382.01;63479.85;63323.89;63456.01
2026-08-02 18:00:00;63300;63610.01;63290;63382.01
2026-08-02 17:00:00;63180.36;63342;63152;63300.28
2026-08-02 16:00:00;63109.13;63273.49;63064.01;63180.36
2026-08-02 15:00:00;63069.37;63186;63050;63109.14
2026-08-02 14:00:00;63126.92;63186;63062;63069.37
2026-08-02 13:00:00;63125.49;63146.89;63010;63126.92
2026-08-02 12:00:00;63031.99;63231.67;63031.99;63125.49
2026-08-02 11:00:00;63205.03;63206;62982.38;63031.99
2026-08-02 10:00:00;63273.94;63273.94;63125.06;63205.03
2026-08-02 09:00:00;63194;63320;63094;63273.94
2026-08-02 08:00:00;63506.23;63530;63172;63193.99
2026-08-02 07:00:00;63482.49;63544.51;63480;63506.24
2026-08-02 06:00:00;63453.27;63498.15;63435.99;63482.49
2026-08-02 05:00:00;63590;63634;63415.26;63453.27
2026-08-02 04:00:00;63461.95;63612;63461.95;63590
2026-08-02 03:00:00;63451.58;63550;63380;63461.95
2026-08-02 02:00:00;62981.87;63547.7;62958.54;63451.58
2026-08-02 01:00:00;62834;63088;62834;62981.87
2026-08-02 00:00:00;62823.65;62979.99;62806.58;62833.99
2026-08-01 23:00:00;62831.29;62862.8;62769.97;62823.64
2026-08-01 22:00:00;62812.76;62866.62;62794.17;62831.28
2026-08-01 21:00:00;62662.14;62864;62662.13;62812.75
2026-08-01 20:00:00;62529.81;62674.98;62482.99;62662.13
2026-08-01 19:00:00;62580.55;62624;62461.17;62529.82
2026-08-01 18:00:00;62708.06;62734;62275;62580.56
2026-08-01 17:00:00;62932.32;62996;62666;62708.07
2026-08-01 16:00:00;63007.06;63027.65;62874;62932.32
2026-08-01 15:00:00;63126.53;63126.53;63007.05;63007.06
2026-08-01 14:00:00;63069.31;63127.07;63069.31;63126.52
2026-08-01 13:00:00;63103.68;63106.83;63051;63069.32
2026-08-01 12:00:00;63076;63119.4;63076;63103.68
2026-08-01 11:00:00;63055.99;63091.97;63037.72;63076
2026-08-01 10:00:00;63053.17;63111.09;62986.31;63056
2026-08-01 09:00:00;63126.25;63139.54;63046.33;63053.17
2026-08-01 08:00:00;63050.45;63150;63050.45;63126.25
2026-08-01 07:00:00;63080.65;63110.89;63034;63050.46
2026-08-01 06:00:00;63020;63086.65;62992.82;63080.64
2026-08-01 05:00:00;63115;63142.85;63000.85;63020
2026-08-01 04:00:00;63004.47;63115.37;62993.2;63115.01
2026-08-01 03:00:00;63075.08;63075.08;62970.65;63004.48
2026-08-01 02:00:00;62975;63106.55;62975;63075.07
2026-08-01 01:00:00;62938.01;62990;62923.47;62975.01
2026-08-01 00:00:00;62887.88;63024.04;62887.87;62938.01
2026-07-31 23:00:00;62950.01;63013.52;62860.64;62887.88
2026-07-31 22:00:00;62947.77;63020;62870.01;62950
2026-07-31 21:00:00;62953.7;63062.47;62846;62947.78
2026-07-31 20:00:00;62972;63034;62928.35;62953.7
2026-07-31 19:00:00;63097.57;63158;62936.29;62972
2026-07-31 18:00:00;63245.44;63302;62966;63097.57
2026-07-31 17:00:00;62870.87;63301.68;62800;63245.44
2026-07-31 16:00:00;62716.57;62931.79;62709.01;62870.88
2026-07-31 15:00:00;62682.05;62769.36;62490.24;62716.57
2026-07-31 14:00:00;63270.72;63310;62466;62682.06
2026-07-31 13:00:00;63754.01;63849.19;63241.71;63270.73
2026-07-31 12:00:00;63805.5;63830.62;63627.66;63754.01
2026-07-31 11:00:00;63918.68;64011.99;63792.01;63805.51
2026-07-31 10:00:00;63715.91;63951.77;63610;63918.67
2026-07-31 09:00:00;63834.01;63847.13;63638.18;63715.9
2026-07-31 08:00:00;63950.01;63987.36;63784.67;63834.01
2026-07-31 07:00:00;64231.97;64245.57;63878.11;63950.01
2026-07-31 06:00:00;64363.06;64496.64;64196.08;64231.97
2026-07-31 05:00:00;64299.99;64421.68;64268.47;64363.06
2026-07-31 04:00:00;64370;64438;64236;64300
2026-07-31 03:00:00;64297.79;64439.81;64172;64370
2026-07-31 02:00:00;64564;64614;64203.58;64297.79
2026-07-31 01:00:00;64724.92;65409.56;64480.44;64564.01
2026-07-31 00:00:00;64780.03;64901.55;64690.29;64724.91
2026-07-30 23:00:00;64851.16;65086.4;64740;64780.02
2026-07-30 22:00:00;64735.53;65029.29;64668.91;64851.16
2026-07-30 21:00:00;64777.38;64802.48;64700.34;64735.53
2026-07-30 20:00:00;64800;64936;64752.12;64777.37
2026-07-30 19:00:00;64702.8;64904;64702.79;64800
2026-07-30 18:00:00;64871.99;64899.8;64688;64702.8
2026-07-30 17:00:00;64818.01;64988;64772;64872
2026-07-30 16:00:00;64730.29;64963.64;64729.56;64818.01
2026-07-30 15:00:00;64683.97;64888;64607.31;64730.3
2026-07-30 14:00:00;65022;65042;64620;64683.97
2026-07-30 13:00:00;64925;65176.6;64689.02;65022.01
2026-07-30 12:00:00;64788.01;65043.94;64788;64925
2026-07-30 11:00:00;64570.72;64885.18;64542.73;64788
2026-07-30 10:00:00;64567.55;64631.99;64562;64570.72
2026-07-30 09:00:00;64308.01;64641.37;64283.8;64567.56
2026-07-30 08:00:00;64026;64358.99;63980.54;64308.01
2026-07-30 07:00:00;64001.99;64144.06;63943.29;64026
2026-07-30 06:00:00;64033.9;64080;63957.2;64002
2026-07-30 05:00:00;64024;64182;63907.85;64033.89
2026-07-30 04:00:00;64161.98;64180;64008.5;64023.99
2026-07-30 03:00:00;64190;64300.91;64133.99;64161.98
2026-07-30 02:00:00;64266.01;64411.76;64159.63;64189.99
2026-07-30 01:00:00;63696.73;64370;63690;64266
2026-07-30 00:00:00;63984.29;64125.61;63603.92;63696.72
2026-07-29 23:00:00;63942.5;64067.12;63899;63984.28
2026-07-29 22:00:00;63860;64131.44;63859.99;63942.5
2026-07-29 21:00:00;63522.01;63860;63267.34;63860
2026-07-29 20:00:00;63589.46;63746.42;63378.09;63522.01
2026-07-29 19:00:00;64501.52;64600;63511;63589.46
2026-07-29 18:00:00;64269.83;64648.79;63758;64501.52
2026-07-29 17:00:00;63808.33;64286.71;63709.19;64269.83
2026-07-29 16:00:00;63964.01;64146.53;63624.15;63808.33
2026-07-29 15:00:00;64108.01;64195;63886;63964.01
2026-07-29 14:00:00;64664.69;64718.87;64047.71;64108.01
2026-07-29 13:00:00;64276.82;64667.18;64139.68;64664.7
2026-07-29 12:00:00;64507.53;64507.54;64215.93;64276.81
2026-07-29 11:00:00;64469.84;64591.73;64422.5;64507.54
2026-07-29 10:00:00;64698.01;64718;64410.24;64469.83
2026-07-29 09:00:00;64417.31;64744.81;64386.94;64698
2026-07-29 08:00:00;64561.01;64588;64283.83;64417.31
2026-07-29 07:00:00;64435.63;64575.99;64402.67;64561
2026-07-29 06:00:00;64067.32;64471;64026.64;64435.62
2026-07-29 05:00:00;63968.34;64094.2;63890.07;64067.32
2026-07-29 04:00:00;63753.04;63970.92;63598;63968.34
2026-07-29 03:00:00;63979.96;64002;63710;63753.03
2026-07-29 02:00:00;63705.07;64132.42;63658;63979.96
2026-07-29 01:00:00;63954;63999;63690;63705.06
2026-07-29 00:00:00;63915;64200;63873.54;63953.99
2026-07-28 23:00:00;63783.72;63956.4;63562;63915
2026-07-28 22:00:00;63972.44;64020.76;63768.47;63783.71
2026-07-28 21:00:00;63917.55;64073.3;63892;63972.44
2026-07-28 20:00:00;63904;64018.39;63880;63917.55
2026-07-28 19:00:00;63734.49;63904;63675.93;63904
2026-07-28 18:00:00;63685.88;63849.09;63672.26;63734.49
2026-07-28 17:00:00;64043.27;64043.27;63504;63685.88
2026-07-28 16:00:00;63928.46;64100;63773.65;64043.26
2026-07-28 15:00:00;63412.45;64026.62;63269.28;63928.47
2026-07-28 14:00:00;63104;63550;62965.38;63412.45
2026-07-28 13:00:00;63546.65;63588;62742.47;63104
2026-07-28 12:00:00;63449.99;63570;63364.96;63546.65
2026-07-28 11:00:00;63473.48;63593;63352;63450
2026-07-28 10:00:00;63393.99;63555.18;63294;63473.47
2026-07-28 09:00:00;63428.07;63581.33;63368.81;63393.99
2026-07-28 08:00:00;63506;63546.36;63406.11;63428.08
2026-07-28 07:00:00;63640.63;63668.71;63455.58;63505.99
2026-07-28 06:00:00;63451.62;63660.72;63395.13;63640.63
2026-07-28 05:00:00;63350.95;63623.5;63323.09;63451.61
2026-07-28 04:00:00;63343.82;63361.85;63221.26;63350.95
2026-07-28 03:00:00;63185.59;63375.39;63168.01;63343.83
2026-07-28 02:00:00;63230.82;63305.94;63108;63185.59
2026-07-28 01:00:00;63487.88;63529.89;63059.39;63230.83
2026-07-28 00:00:00;63755.86;63827.49;63469.3;63487.88
2026-07-27 23:00:00;63792.01;63940.27;63605.56;63755.86
2026-07-27 22:00:00;64821.26;64821.26;63792;63792
2026-07-27 21:00:00;64960.64;64960.65;64790.28;64821.25
2026-07-27 20:00:00;64983.99;65056;64908.01;64960.65
2026-07-27 19:00:00;64878;65078;64810.9;64984
2026-07-27 18:00:00;65019.81;65058.32;64755.67;64878
2026-07-27 17:00:00;64898.53;65090;64794.37;65019.81
2026-07-27 16:00:00;64554;64970.93;64517.78;64898.52
2026-07-27 15:00:00;64687.45;64776;64418.01;64554.01
2026-07-27 14:00:00;65217.38;65431.9;64459.82;64687.45
2026-07-27 13:00:00;65086;65718;64913.12;65217.37
2026-07-27 12:00:00;65100.79;65255.76;64836;65086
2026-07-27 11:00:00;65333.35;65333.36;65092;65100.79
2026-07-27 10:00:00;65262.18;65432;65230.01;65333.35
2026-07-27 09:00:00;65162.98;65348.17;65100;65262.17
2026-07-27 08:00:00;65221.99;65258;65128.85;65162.98
2026-07-27 07:00:00;65416.77;65447.02;65217.16;65221.99
2026-07-27 06:00:00;65468.38;65744.6;65404.9;65416.76
2026-07-27 05:00:00;65282.81;65493.38;65282.8;65468.38
2026-07-27 04:00:00;65284;65500;65242.69;65282.8
2026-07-27 03:00:00;65172.02;65367.73;65161.99;65284
2026-07-27 02:00:00;65206.21;65281.64;65118.08;65172
2026-07-27 01:00:00;65131.96;65225.75;64892.03;65206.21
2026-07-27 00:00:00;65400;65418.81;65065.46;65131.95
2026-07-26 23:00:00;65412.69;65577;65273.76;65399.99
2026-07-26 22:00:00;64858.03;65502.6;64858.03;65412.68
2026-07-26 21:00:00;64649.04;64924;64649.03;64858.02
2026-07-26 20:00:00;64695.52;64703.36;64631.57;64649.04
2026-07-26 19:00:00;64734.39;64753;64671.91;64695.52
2026-07-26 18:00:00;64697.21;64769.99;64668.91;64734.38
2026-07-26 17:00:00;64734.17;64794.45;64668.91;64697.2
2026-07-26 16:00:00;64768;64940.51;64703.23;64734.17
2026-07-26 15:00:00;64713;64827;64673.42;64768
2026-07-26 14:00:00;64517.99;64768.23;64517.99;64712.99
2026-07-26 13:00:00;64466.68;64571.42;64414;64518
2026-07-26 12:00:00;64507.36;64662.99;64434;64466.67
2026-07-26 11:00:00;64515.39;64535.99;64495.17;64507.35
2026-07-26 10:00:00;64538.01;64573.73;64497.62;64515.4
2026-07-26 09:00:00;64480.02;64549.02;64478.38;64538
2026-07-26 08:00:00;64370;64493.99;64353;64480.01
2026-07-26 07:00:00;64438.01;64460;64341.99;64370
2026-07-26 06:00:00;64417.68;64457.55;64293.81;64438
2026-07-26 05:00:00;64530.06;64530.07;64403.95;64417.69
2026-07-26 04:00:00;64557;64599.95;64491.73;64530.06
2026-07-26 03:00:00;64527.57;64582;64488.73;64557
2026-07-26 02:00:00;64462;64527.59;64427.59;64527.56
2026-07-26 01:00:00;64506.99;64541.66;64456.67;64462
2026-07-26 00:00:00;64375.01;64507;64350;64506.99
2026-07-25 23:00:00;64412.01;64429.38;64363;64375
2026-07-25 22:00:00;64344.02;64426;64344.01;64412
2026-07-25 21:00:00;64339.75;64430;64263.03;64344.02
2026-07-25 20:00:00;64388.39;64392.74;64313;64339.75
2026-07-25 19:00:00;64415.99;64438.12;64388.38;64388.38
2026-07-25 18:00:00;64267.41;64475.28;64267.41;64415.99
2026-07-25 17:00:00;64206.61;64356;64194.37;64267.4
2026-07-25 16:00:00;64182.01;64241.71;64123;64206.6
2026-07-25 15:00:00;64214.05;64272;64169.99;64182
2026-07-25 14:00:00;64172.01;64217.09;64126;64214.04
2026-07-25 13:00:00;64123.8;64267.78;64106.74;64172
2026-07-25 12:00:00;64064.01;64123.8;64043;64123.8
2026-07-25 11:00:00;64069.99;64113;64047.09;64064.01
2026-07-25 10:00:00;64000;64070;63996;64070
2026-07-25 09:00:00;63876.07;64024.72;63830;63999.99
2026-07-25 08:00:00;64003.2;64010.01;63810;63876.06
2026-07-25 07:00:00;64010;64038.52;64000;64003.2
2026-07-25 06:00:00;64024;64063.37;63964.57;64010
2026-07-25 05:00:00;64181.45;64199.76;63980.01;64024
2026-07-25 04:00:00;64085.36;64205.67;64085.15;64181.46
2026-07-25 03:00:00;64052.01;64105.61;64016.65;64085.36
2026-07-25 02:00:00;64068;64099.99;64017.87;64052
2026-07-25 01:00:00;64073.61;64160;64006.55;64068.01
2026-07-25 00:00:00;64140;64179.03;64033.18;64073.61
2026-07-24 23:00:00;64169.01;64187.4;64134.71;64139.99
2026-07-24 22:00:00;64155;64216.27;64121.86;64169.01
2026-07-24 21:00:00;64170.24;64258.73;64122.29;64155
2026-07-24 20:00:00;64225.32;64288.02;64128.89;64170.23
2026-07-24 19:00:00;64272.01;64292.44;64141.18;64225.32
2026-07-24 18:00:00;64180;64290.1;64129.75;64272
2026-07-24 17:00:00;63958.01;64202.91;63905.51;64180
2026-07-24 16:00:00;64093.86;64200;63881.46;63958
2026-07-24 15:00:00;64055.11;64333.33;63858;64093.85
2026-07-24 14:00:00;64155.47;64198.3;63739.75;64055.12
2026-07-24 13:00:00;64780;64802;63920.01;64155.46
2026-07-24 12:00:00;65083.42;65133.99;64766;64780.01
2026-07-24 11:00:00;64950.01;65099.99;64857.14;65083.43
2026-07-24 10:00:00;65113.13;65157.99;64906.85;64950
2026-07-24 09:00:00;65302.18;65314.66;64952.38;65113.13
2026-07-24 08:00:00;65499.94;65508.17;65302.18;65302.18
2026-07-24 07:00:00;65472;65808.59;65320.69;65499.95
2026-07-24 06:00:00;65325.01;65519.93;65278.07;65472
2026-07-24 05:00:00;65318.01;65394;65248;65325
2026-07-24 04:00:00;65456.7;65469.86;65272.26;65318
2026-07-24 03:00:00;65116.99;65464.35;65078;65456.7
2026-07-24 02:00:00;65086;65187.57;64925.45;65116.99
2026-07-24 01:00:00;64974;65168;64944.37;65086
2026-07-24 00:00:00;65098.98;65113.86;64762.18;64973.99
2026-07-23 23:00:00;65195.43;65235.43;65052.01;65098.97
2026-07-23 22:00:00;65169.82;65227.99;65013.94;65195.43
2026-07-23 21:00:00;65147.5;65210.35;65014;65169.81
2026-07-23 20:00:00;64846.93;65217.93;64834.52;65147.5
2026-07-23 19:00:00;64869.13;64934.75;64686.56;64846.94
2026-07-23 18:00:00;64681.26;64948.05;64680;64869.12
2026-07-23 17:00:00;64756.84;64900;64650;64681.27
2026-07-23 16:00:00;64958.37;64961.15;64704.57;64756.84
2026-07-23 15:00:00;64910;65023.68;64728;64958.36
2026-07-23 14:00:00;64880;65216.24;64822.13;64909.99
2026-07-23 13:00:00;65167.05;65221.29;64863.62;64880
2026-07-23 12:00:00;65555.21;65589.41;64988.05;65167.04
2026-07-23 11:00:00;65740;65740.01;65540.93;65555.21
2026-07-23 10:00:00;65638.92;65792.09;65589.69;65740
2026-07-23 09:00:00;65632.99;65757.99;65608.18;65638.92
2026-07-23 08:00:00;65442.12;65665.99;65419.75;65633
2026-07-23 07:00:00;65790;65790;65351.02;65442.13
2026-07-23 06:00:00;65691.01;65821.17;65625.2;65790
2026-07-23 05:00:00;65616.49;65797.93;65570.12;65691.01
2026-07-23 04:00:00;65662.53;65738.99;65590.12;65616.48
2026-07-23 03:00:00;65805.35;65816;65585.11;65662.53
2026-07-23 02:00:00;65830;65843.25;65653.23;65805.34
2026-07-23 01:00:00;66058.2;66208;65751;65830
2026-07-23 00:00:00;66114.5;66313.14;66054.58;66058.19
2026-07-22 23:00:00;66044.17;66138.24;65844.3;66114.49
2026-07-22 22:00:00;66072.48;66080.94;65932;66044.17
2026-07-22 21:00:00;65919.67;66133.98;65892.64;66072.47
2026-07-22 20:00:00;65923.19;65986;65791.79;65919.68
2026-07-22 19:00:00;65895.46;65958.56;65691.93;65923.19
2026-07-22 18:00:00;66024.02;66075.91;65726.08;65895.46
2026-07-22 17:00:00;66229.01;66275.29;65944;66024.03
2026-07-22 16:00:00;66047.38;66384;65911.6;66229.01
2026-07-22 15:00:00;65793.98;66125;65793.98;66047.39
2026-07-22 14:00:00;65951.38;66204.98;65588;65793.98
2026-07-22 13:00:00;65636.01;65982.28;65559.66;65951.39
2026-07-22 12:00:00;66013.36;66013.37;65553.67;65636.01
2026-07-22 11:00:00;66046.01;66092.59;65909.16;66013.36
2026-07-22 10:00:00;65928.01;66116.36;65898;66046.02
2026-07-22 09:00:00;65987.97;66082.5;65850;65928
2026-07-22 08:00:00;65843.48;66164.57;65843.47;65987.96
2026-07-22 07:00:00;65934.34;65968.9;65701;65843.48
2026-07-22 06:00:00;65974.9;66026.93;65830.94;65934.33
2026-07-22 05:00:00;66381.05;66381.05;65944.51;65974.9
2026-07-22 04:00:00;66209.99;66424;66198;66381.05
2026-07-22 03:00:00;66314.12;66371.27;66176;66210
2026-07-22 02:00:00;66433.29;66532.26;66298;66314.12
2026-07-22 01:00:00;66620.97;66661.79;66282.65;66433.3
2026-07-22 00:00:00;66556.15;66739.89;66525.54;66620.97
2026-07-21 23:00:00;66304.02;66576;66228.55;66556.16
2026-07-21 22:00:00;66385;66388.35;66204;66304.02
2026-07-21 21:00:00;66406.58;66408.26;66290;66385
2026-07-21 20:00:00;66444.76;66496;66359.3;66406.57
2026-07-21 19:00:00;66319.96;66502.8;66264.12;66444.76
2026-07-21 18:00:00;66207.96;66358;66098.71;66319.95
2026-07-21 17:00:00;66542.01;66567.59;66052.63;66207.95
2026-07-21 16:00:00;66676.53;66764;66462.32;66542.01
2026-07-21 15:00:00;66842.29;66842.3;66517.52;66676.54
2026-07-21 14:00:00;66786;66956.15;66648.27;66842.3
2026-07-21 13:00:00;66558.81;66810.97;66315.62;66786
2026-07-21 12:00:00;66345.59;66640;66255.73;66558.82
2026-07-21 11:00:00;66180;66350;66147.82;66345.59
2026-07-21 10:00:00;66292;66420.65;66176.55;66180
2026-07-21 09:00:00;66226.43;66350;66144;66291.99
2026-07-21 08:00:00;66186.86;66354;66129.19;66226.44
2026-07-21 07:00:00;65913;66245.64;65866;66186.86
2026-07-21 06:00:00;65751.56;65991.05;65634;65913
2026-07-21 05:00:00;65522;65933.24;65485.55;65751.56
2026-07-21 04:00:00;65566.77;65742.58;65471.69;65522.01
2026-07-21 03:00:00;65414.01;65593.11;65411.74;65566.78
2026-07-21 02:00:00;65235.56;65500;65176.2;65414.01
2026-07-21 01:00:00;65568;65658.78;65232.65;65235.55
2026-07-21 00:00:00;65255.51;65585;65148.75;65568.01
2026-07-20 23:00:00;65142;65272.21;65128.17;65255.51
2026-07-20 22:00:00;65286.02;65286.02;65092.66;65141.99
2026-07-20 21:00:00;65367.57;65445.27;65272.32;65286.02
2026-07-20 20:00:00;65142;65438;65061.92;65367.58
2026-07-20 19:00:00;65240.01;65274.58;65041.05;65142
2026-07-20 18:00:00;65587.99;65799;65204;65240.01
2026-07-20 17:00:00;65508.5;65646.55;65342.52;65587.98
2026-07-20 16:00:00;65598.75;65637.7;65336;65508.5
2026-07-20 15:00:00;64416.01;65666.8;64398.15;65598.75
2026-07-20 14:00:00;64344.01;64575.37;64077.76;64416.01
2026-07-20 13:00:00;64640;64763.67;64208;64344.01
2026-07-20 12:00:00;65002;65002.83;64599.89;64640
2026-07-20 11:00:00;64301.18;65068;64273.33;65002.01
2026-07-20 10:00:00;64199.51;64415.42;64162;64301.18
2026-07-20 09:00:00;64050;64276;64012.8;64199.5
2026-07-20 08:00:00;64280.01;64356;63100;64049.99
2026-07-20 07:00:00;63917.99;64315.96;63896;64280.01
2026-07-20 06:00:00;64128.01;64220;63765.83;63917.98
2026-07-20 05:00:00;64540;64562;64082.7;64128
2026-07-20 04:00:00;64869.79;64869.99;64540;64540.01
2026-07-20 03:00:00;64827.19;64914.93;64644.01;64869.8
2026-07-20 02:00:00;64628.01;64964;64585;64827.2
2026-07-20 01:00:00;64553.85;65029.4;64506;64628.01
2026-07-20 00:00:00;64722.55;65107.99;64416;64553.84
2026-07-19 23:00:00;64674.66;64772;64572;64722.54
2026-07-19 22:00:00;64415.75;64900;64347.89;64674.67
2026-07-19 21:00:00;64536;64562.55;64350;64415.75
2026-07-19 20:00:00;64462.58;64560;64462.57;64535.99
2026-07-19 19:00:00;64420;64467.82;64352;64462.58
2026-07-19 18:00:00;64547.86;64554;64280;64419.99
2026-07-19 17:00:00;64538.72;64752;64406.3;64547.86
2026-07-19 16:00:00;64585.33;64644;64505.21;64538.72
2026-07-19 15:00:00;64593.07;64620;64500;64585.32
2026-07-19 14:00:00;64483.32;64663.04;64425.24;64593.07
2026-07-19 13:00:00;64441.16;64516.33;64307.72;64483.31
2026-07-19 12:00:00;64467.65;64467.65;64285.24;64441.15
2026-07-19 11:00:00;64595;64636.28;64445;64467.64
2026-07-19 10:00:00;64510;64700;64482;64595
2026-07-19 09:00:00;64707.48;64725.74;64500;64509.99
2026-07-19 08:00:00;64711.04;64743;64631.54;64707.49
2026-07-19 07:00:00;64711.69;64784;64675;64711.05
2026-07-19 06:00:00;64724;64759.33;64694.66;64711.69
2026-07-19 05:00:00;64720.17;64815.65;64676;64724.01
2026-07-19 04:00:00;64706.18;64795.43;64610.89;64720.17
2026-07-19 03:00:00;64826.01;64842.92;64620.44;64706.18
2026-07-19 02:00:00;64766;64967.25;64700.84;64826.01
2026-07-19 01:00:00;64792.08;64792.09;64765.99;64765.99
2026-07-19 00:00:00;64834.21;64906.4;64769.47;64792.08
2026-07-18 23:00:00;64805.04;64843.3;64709.28;64834.22
2026-07-18 22:00:00;64731.73;64865;64712.29;64805.05
2026-07-18 21:00:00;64693.02;64846.83;64614.36;64731.72
2026-07-18 20:00:00;64552.8;64739.64;64528.69;64693.01
2026-07-18 19:00:00;64512.41;64597.9;64482;64552.79
2026-07-18 18:00:00;64480.28;64669.5;64462;64512.41
2026-07-18 17:00:00;64303.48;64492;64280.22;64480.29
2026-07-18 16:00:00;64123.13;64314;64091.48;64303.47
2026-07-18 15:00:00;64126;64163.99;64037.45;64123.12
2026-07-18 14:00:00;64105.99;64195.01;64101.42;64126
2026-07-18 13:00:00;64218.01;64218.01;63963;64106
2026-07-18 12:00:00;64069.89;64274.47;64057.27;64218
2026-07-18 11:00:00;64016.43;64097.22;64010.99;64069.89
2026-07-18 10:00:00;63987.77;64026.39;63982.34;64016.43
2026-07-18 09:00:00;64006.01;64006.01;63887.73;63987.76
2026-07-18 08:00:00;64002.75;64019.64;63960;64006.01
2026-07-18 07:00:00;63979.67;64026.03;63974.94;64002.75
2026-07-18 06:00:00;63967.95;64005.99;63950;63979.67
2026-07-18 05:00:00;63968;63998;63926.39;63967.95
2026-07-18 04:00:00;64017.84;64017.85;63947.09;63967.99
2026-07-18 03:00:00;63967.61;64017.85;63928.15;64017.84
2026-07-18 02:00:00;63952.97;64032.6;63930.54;63967.61
2026-07-18 01:00:00;63910.05;64000;63886.65;63952.98
2026-07-18 00:00:00;63931.67;64012.39;63895.33;63910.04
2026-07-17 23:00:00;63986.01;64011.08;63884.35;63931.67
2026-07-17 22:00:00;64110.01;64147;63903.63;63986
2026-07-17 21:00:00;64120.01;64216.61;64064;64110
2026-07-17 20:00:00;64160.8;64192.57;63958.19;64120
2026-07-17 19:00:00;64259.73;64259.73;63981.2;64160.8
2026-07-17 18:00:00;64049.85;64387.99;63894;64259.73
2026-07-17 17:00:00;63594;64228.27;63594;64049.86
2026-07-17 16:00:00;63452;63706.75;63312.01;63594
2026-07-17 15:00:00;63174.01;63452;62856.16;63452
2026-07-17 14:00:00;63154;63518;63051.77;63174
2026-07-17 13:00:00;63099.75;63180;62537.56;63153.99
2026-07-17 12:00:00;63298;63348;63069.09;63099.75
2026-07-17 11:00:00;63179.91;63361.7;63063.67;63298.01
2026-07-17 10:00:00;62989.47;63201.91;62989.47;63179.92
2026-07-17 09:00:00;62888.01;63069.06;62852.89;62989.46
2026-07-17 08:00:00;62828.11;62939.04;62666;62888
2026-07-17 07:00:00;62948;62983.99;62800;62828.11
2026-07-17 06:00:00;62839.77;62998.52;62710;62948
2026-07-17 05:00:00;63486.01;63486.01;62804.3;62839.76
2026-07-17 04:00:00;63570;63576;63320;63486.01
2026-07-17 03:00:00;63482;63720;63482;63570
2026-07-17 02:00:00;63546.25;63657.99;63380.28;63482
2026-07-17 01:00:00;63886;64067.69;63476;63546.24
2026-07-17 00:00:00;63830.2;63912;63612.62;63886
2026-07-16 23:00:00;63968.01;64010.58;63748.74;63830.2
2026-07-16 22:00:00;64162;64240.12;63950.01;63968
2026-07-16 21:00:00;64114.25;64253.25;64101.18;64161.99
2026-07-16 20:00:00;64271.85;64276;64108;64114.27
2026-07-16 19:00:00;64246.01;64301.99;64152;64271.84
2026-07-16 18:00:00;64069.04;64330;64052.14;64246.01
2026-07-16 17:00:00;64484.01;64484.01;63984.09;64069.03
2026-07-16 16:00:00;64704.73;64712;64333.33;64484
2026-07-16 15:00:00;64543.51;64896;64320;64704.73
2026-07-16 14:00:00;64375.99;64863.07;64332.57;64543.51
2026-07-16 13:00:00;63966.01;64480;63961.14;64376
2026-07-16 12:00:00;64256.52;64256.52;63838.28;63966.01
2026-07-16 11:00:00;64221.34;64269.42;64101;64256.53
2026-07-16 10:00:00;64090;64269.42;64077.75;64221.34
2026-07-16 09:00:00;64126.86;64186.83;64019.02;64090
2026-07-16 08:00:00;64238;64380;63888;64126.85
2026-07-16 07:00:00;64777.33;64777.33;64086.12;64238
2026-07-16 06:00:00;64917.99;64978;64630.01;64777.32
2026-07-16 05:00:00;64650.05;64997.52;64592.67;64917.99
2026-07-16 04:00:00;64619.96;64692;64544.04;64650.05
2026-07-16 03:00:00;64642;64745.55;64555;64619.95
2026-07-16 02:00:00;64730;64735.09;64574.02;64642.01
2026-07-16 01:00:00;64584.07;64830;64392.01;64730.01
2026-07-16 00:00:00;64756.28;64845.5;64500;64584.07
2026-07-15 23:00:00;64866.93;64938;64691.89;64756.28
2026-07-15 22:00:00;64834.31;64982.47;64772;64866.93
2026-07-15 21:00:00;64968.02;65018.74;64789.89;64834.31
2026-07-15 20:00:00;64977.34;65055.39;64899;64968.01
2026-07-15 19:00:00;64860;65000;64738.49;64977.34
2026-07-15 18:00:00;65056.1;65143.57;64847.42;64860
2026-07-15 17:00:00;65120.8;65194.72;64972.95;65056.1
2026-07-15 16:00:00;65427.6;65470;64784.83;65120.79
2026-07-15 15:00:00;65399.8;65600;65261.71;65427.61
2026-07-15 14:00:00;65118;65517.05;65070;65399.81
2026-07-15 13:00:00;65164;65577;64888;65117.99
2026-07-15 12:00:00;64732.15;65249.9;64606;65164
2026-07-15 11:00:00;64663;64767.37;64616.11;64732.15
2026-07-15 10:00:00;64671.84;64855.56;64614;64663
2026-07-15 09:00:00;64768;64917.94;64653.18;64671.83
2026-07-15 08:00:00;64549.33;64797.02;64549.33;64768.01
2026-07-15 07:00:00;64814.01;64876;64485;64549.34
2026-07-15 06:00:00;64944.06;65277.37;64814;64814
2026-07-15 05:00:00;64746.01;64964.96;64602.5;64944.06
2026-07-15 04:00:00;64792;64885.99;64714;64746.01
2026-07-15 03:00:00;64490.87;64840;64490.86;64792.01
2026-07-15 02:00:00;64674.35;64755.99;64488;64490.87
2026-07-15 01:00:00;64824.57;64853.08;64644.48;64674.35
2026-07-15 00:00:00;65043.99;65065.01;64765.12;64824.58
2026-07-14 23:00:00;64860.89;65048;64782;65043.98
2026-07-14 22:00:00;64676.89;65100;64516;64860.89
2026-07-14 21:00:00;64572.02;64893.92;64526;64676.9
2026-07-14 20:00:00;64569.59;64599;64419.99;64572.02
2026-07-14 19:00:00;64571.99;64704;64487.38;64569.59
2026-07-14 18:00:00;64621.43;64648.88;64477.23;64571.98
2026-07-14 17:00:00;64730.01;64730.01;64231.77;64621.43
2026-07-14 16:00:00;64744;64896.86;64606;64730
2026-07-14 15:00:00;64305.01;64966.43;64194.64;64743.99
2026-07-14 14:00:00;63840.01;64346.49;63580.99;64305.02
2026-07-14 13:00:00;63959.99;64181.99;63699.03;63840.01
2026-07-14 12:00:00;62844.99;63989.54;62780.84;63960
2026-07-14 11:00:00;62800.01;62923.06;62713.6;62844.99
2026-07-14 10:00:00;62629.56;62908.8;62609.47;62800
2026-07-14 09:00:00;62713.85;62742;62534.29;62629.55
2026-07-14 08:00:00;62560.92;62807.94;62500;62713.85
2026-07-14 07:00:00;62624.06;62655.99;62516.93;62560.92
2026-07-14 06:00:00;62737;62772.48;62566.01;62624.05
2026-07-14 05:00:00;62745.24;62872;62697.69;62737
2026-07-14 04:00:00;62572.88;62768.95;62539.71;62745.23
2026-07-14 03:00:00;62544;62604;62314;62572.89
2026-07-14 02:00:00;62540.41;62645;62329.98;62544
2026-07-14 01:00:00;62549.55;62640;62460.03;62540.42
2026-07-14 00:00:00;62334.52;62666.66;62272.2;62549.54
2026-07-13 23:00:00;61924;62347.46;61882.88;62334.52
2026-07-13 22:00:00;62065.05;62224;61911.31;61924
2026-07-13 21:00:00;62211;62216.35;61897.45;62065.06
2026-07-13 20:00:00;62288.23;62324.74;62050.71;62210.99
2026-07-13 19:00:00;62020;62292.84;61990;62288.23
2026-07-13 18:00:00;61904.99;62100;61824.97;62020
2026-07-13 17:00:00;62276.01;62370;61900;61904.99
2026-07-13 16:00:00;62618;62629.35;62212;62276
2026-07-13 15:00:00;62791.85;62983.83;62559.58;62618.01
2026-07-13 14:00:00;62318.01;62794.97;62101;62791.85
2026-07-13 13:00:00;62625.15;62766.37;62164;62318
2026-07-13 12:00:00;62901.99;62990.04;62570;62625.15
2026-07-13 11:00:00;62867.9;63135.55;62867.9;62901.99
2026-07-13 10:00:00;63100.02;63157.85;62862.28;62867.89
2026-07-13 09:00:00;63206.98;63210;63086.12;63100.02
2026-07-13 08:00:00;62985.53;63302.88;62935.92;63206.97
2026-07-13 07:00:00;62797.55;63070.01;62753.69;62985.52
2026-07-13 06:00:00;62799.01;62880;62710.45;62797.55
2026-07-13 05:00:00;62672;62905.68;62500.76;62799
2026-07-13 04:00:00;62806.41;62911.94;62620.13;62672
2026-07-13 03:00:00;63376;63382.95;62741.04;62806.41
2026-07-13 02:00:00;63412.01;63541.94;63237.26;63375.99
2026-07-13 01:00:00;64072;64072.01;63376.53;63412.01
2026-07-13 00:00:00;63780;64425;63568;64072.01
2026-07-12 23:00:00;63886.86;63914.85;63726.62;63780
2026-07-12 22:00:00;63920.4;63923.99;63668;63886.87
2026-07-12 21:00:00;64198.9;64232.02;63891.84;63920.4
2026-07-12 20:00:00;64228.59;64254;64178.03;64198.89
2026-07-12 19:00:00;64148;64270;64147.3;64228.59
2026-07-12 18:00:00;64078;64150;64018.69;64147.99
2026-07-12 17:00:00;64177.7;64177.74;64029.12;64078
2026-07-12 16:00:00;64176;64209.64;64042;64177.7
2026-07-12 15:00:00;64203.08;64262.15;64117.97;64176
2026-07-12 14:00:00;64023.13;64290.11;63958.71;64203.08
2026-07-12 13:00:00;64026.01;64097.99;63987.4;64023.14
2026-07-12 12:00:00;64018;64135;63970.55;64026
2026-07-12 11:00:00;63865.76;64030;63826.01;64018.01
2026-07-12 10:00:00;63961.6;63961.6;63843.4;63865.76
2026-07-12 09:00:00;63983.18;64062.17;63764;63961.61
2026-07-12 08:00:00;63885.28;64100.32;63884.2;63983.18
2026-07-12 07:00:00;63762.47;63908.39;63740.12;63885.27
2026-07-12 06:00:00;63959.93;63962.85;63640.83;63762.46
2026-07-12 05:00:00;63999.94;64024.48;63900;63959.93
2026-07-12 04:00:00;64223.73;64245.87;63943.68;63999.93
2026-07-12 03:00:00;64070.4;64223.74;64035.68;64223.73
2026-07-12 02:00:00;64133.61;64133.62;64029.51;64070.39
2026-07-12 01:00:00;63828.48;64172.66;63812;64133.61
2026-07-12 00:00:00;63819.01;63909.92;63702.16;63828.47
2026-07-11 23:00:00;64203.09;64246;63819;63819
2026-07-11 22:00:00;64355.99;64424.03;64144.47;64203.08
2026-07-11 21:00:00;64382.44;64427.56;64338.09;64355.99
2026-07-11 20:00:00;64286;64463.83;64285.99;64382.45
2026-07-11 19:00:00;64327.99;64338;64233.23;64286
2026-07-11 18:00:00;64315.53;64395.17;64288.91;64327.99
2026-07-11 17:00:00;64180;64402;64164.08;64315.53
2026-07-11 16:00:00;64175.75;64273.63;64084;64180.01
2026-07-11 15:00:00;64350.07;64484.01;63896.18;64175.75
2026-07-11 14:00:00;64235.67;64504.11;64235.66;64350.07
2026-07-11 13:00:00;64195.48;64266;64159.99;64235.66
2026-07-11 12:00:00;64197.99;64228;64130.65;64195.49
2026-07-11 11:00:00;64196;64215.32;64167.99;64198
2026-07-11 10:00:00;64167.35;64204.02;64129.99;64196
2026-07-11 09:00:00;64265.98;64300;64159.7;64167.34
2026-07-11 08:00:00;64162.18;64300;64153.87;64265.98
2026-07-11 07:00:00;64219.09;64256.55;64152;64162.18
2026-07-11 06:00:00;64176;64278;64124;64219.1
2026-07-11 05:00:00;64152;64221.99;64121.07;64176.01
2026-07-11 04:00:00;64150.42;64213.55;64080.26;64152
2026-07-11 03:00:00;64158.04;64195.04;64068;64150.42
2026-07-11 02:00:00;64012.95;64166;63984.07;64158.04
2026-07-11 01:00:00;64123.99;64310;64004.01;64012.95
2026-07-11 00:00:00;64161.72;64168.49;64028.43;64124
2026-07-10 23:00:00;64112.3;64222.61;64024;64161.72
2026-07-10 22:00:00;64012;64169.39;63981.37;64112.29
2026-07-10 21:00:00;63841.25;64099.56;63835.05;64011.99
2026-07-10 20:00:00;63917.88;63946.36;63656;63841.25
2026-07-10 19:00:00;63809.99;64077.56;63780;63917.88
2026-07-10 18:00:00;63824;64003.99;63732.66;63810
2026-07-10 17:00:00;64140;64158.58;63821.88;63823.99
2026-07-10 16:00:00;64039.99;64220;63826.57;64140.01
2026-07-10 15:00:00;63914.88;64210;63898;64040
2026-07-10 14:00:00;64484;64516;63793.43;63914.87
2026-07-10 13:00:00;64286.65;64692.83;64152.84;64484
2026-07-10 12:00:00;64425.18;64608;63999;64286.64
2026-07-10 11:00:00;64407.8;64480;64341.83;64425.18
2026-07-10 10:00:00;64385.09;64494.84;64274.47;64407.8
2026-07-10 09:00:00;64246;64480.01;64102;64385.09
2026-07-10 08:00:00;63963;64392;63962.99;64246.01
2026-07-10 07:00:00;63854.71;64011.9;63802.02;63963
2026-07-10 06:00:00;64116;64162;63836;63854.71
2026-07-10 05:00:00;64047.89;64200;63944.05;64115.99
2026-07-10 04:00:00;63947.2;64176.86;63857.64;64047.88
2026-07-10 03:00:00;63961.99;64050;63822.8;63947.2
2026-07-10 02:00:00;63749.86;64050.23;63692.76;63961.99
2026-07-10 01:00:00;63113.92;63999.99;62962;63749.86
2026-07-10 00:00:00;63230.01;63255.49;62926.01;63113.93
2026-07-09 23:00:00;63218.78;63325;63060.91;63230
2026-07-09 22:00:00;63274.6;63418;63218.77;63218.78
2026-07-09 21:00:00;63313.38;63397.94;63208.91;63274.59
2026-07-09 20:00:00;63248.09;63330.85;63177.36;63313.38
2026-07-09 19:00:00;63219.03;63375.73;63118.45;63248.1
2026-07-09 18:00:00;63142.79;63500;63080;63219.03
2026-07-09 17:00:00;62700.01;63165.12;62668;63142.79
2026-07-09 16:00:00;62868.06;62996;62559.59;62700.01
2026-07-09 15:00:00;63016;63261;62811.1;62868.05
2026-07-09 14:00:00;63028.36;63144.79;62666.66;63016
2026-07-09 13:00:00;62614.01;63240.15;62523.08;63028.35
2026-07-09 12:00:00;62786.33;62952;62465.39;62614.02
2026-07-09 11:00:00;62786.05;62830;62614.66;62786.34
2026-07-09 10:00:00;62953.4;63056.98;62688;62786.04
2026-07-09 09:00:00;62903.66;63002;62786.82;62953.4
2026-07-09 08:00:00;62999.99;63100.1;62855.63;62903.65
2026-07-09 07:00:00;62959.96;63283.26;62788.06;63000
2026-07-09 06:00:00;62589.61;62980;62485.58;62959.96
2026-07-09 05:00:00;62453.74;62624.61;62236;62589.61
2026-07-09 04:00:00;61974.34;62456.29;61956.46;62453.74
2026-07-09 03:00:00;61788.79;62062.99;61730;61974.34
2026-07-09 02:00:00;61916;62121.21;61705.29;61788.8
2026-07-09 01:00:00;62129.99;62642;61837.1;61916
2026-07-09 00:00:00;62290.01;62309.88;62058.51;62129.99
2026-07-08 23:00:00;62330.4;62346.6;62174;62290
2026-07-08 22:00:00;62187.17;62350.63;62178;62330.4
2026-07-08 21:00:00;62099.62;62251.22;61956;62187.17
2026-07-08 20:00:00;62277.98;62306.54;62082.8;62099.61
2026-07-08 19:00:00;62185.33;62292.19;62068;62277.98
2026-07-08 18:00:00;62104.62;62351.97;62045.2;62185.32
2026-07-08 17:00:00;62113.02;62394.32;62032;62104.62
2026-07-08 16:00:00;61704.01;62164.6;61692;62113.03
2026-07-08 15:00:00;61889.83;61922;61544.56;61704.01
2026-07-08 14:00:00;61945.49;62173.56;61712;61889.83
2026-07-08 13:00:00;61957.74;62090;61632.23;61945.49
2026-07-08 12:00:00;62300;62451.08;61953.58;61957.73
2026-07-08 11:00:00;62183.11;62392.04;62055.63;62299.99
2026-07-08 10:00:00;62057.68;62199.97;61903.45;62183.12
2026-07-08 09:00:00;62018.36;62190.01;61743.83;62057.67
2026-07-08 08:00:00;62888.34;62941.46;61855.26;62018.36
2026-07-08 07:00:00;62657.82;62894.89;62550;62888.35
2026-07-08 06:00:00;62637.88;62746;62477.04;62657.81
2026-07-08 05:00:00;62800.01;62876.95;62558;62637.88
2026-07-08 04:00:00;62766;62901.49;62676;62800
2026-07-08 03:00:00;62979.98;63094;62700.18;62766
2026-07-08 02:00:00;63038;63066;62525.47;62979.99
2026-07-08 01:00:00;63612.78;63649.5;62921.78;63038.01
2026-07-08 00:00:00;63364;63761.99;63307.36;63612.77
2026-07-07 23:00:00;63551.02;63708;63320;63363.99
2026-07-07 22:00:00;63423.93;63660;63218;63551.02
2026-07-07 21:00:00;63698;63866;63313.1;63423.94
2026-07-07 20:00:00;63818;63901.75;63585;63697.99
2026-07-07 19:00:00;63679.99;63894.58;63379.69;63817.99
2026-07-07 18:00:00;64185.99;64188;63672.01;63679.99
2026-07-07 17:00:00;63983.28;64232;63896.21;64186
2026-07-07 16:00:00;63930.5;64243.75;63810;63983.27
2026-07-07 15:00:00;63562.05;64105;63376.22;63930.51
2026-07-07 14:00:00;63056;63634;62671.39;63562.05
2026-07-07 13:00:00;63481.39;63482.5;63000;63056
2026-07-07 12:00:00;63405.99;63872;63396.58;63481.39
2026-07-07 11:00:00;63284;63452;63116.02;63406
2026-07-07 10:00:00;63256.01;63467.15;63228.17;63284
2026-07-07 09:00:00;63104;63348.73;63063.28;63256
2026-07-07 08:00:00;63083.19;63184;62984.58;63104
2026-07-07 07:00:00;63340.01;63445.7;63072.1;63083.18
2026-07-07 06:00:00;63128;63400;62984.42;63340
2026-07-07 05:00:00;63100;63278.99;62800;63128.01
2026-07-07 04:00:00;63191.01;63288.33;63064;63100.01
2026-07-07 03:00:00;63322.01;63414;63150;63191.01
2026-07-07 02:00:00;63840;63908;63288.01;63322.01
2026-07-07 01:00:00;64203.99;64204;63767.04;63840
2026-07-07 00:00:00;64042.93;64314;63997.5;64203.99
2026-07-06 23:00:00;64244;64340.76;64017.78;64042.02
2026-07-06 22:00:00;64489.97;64500;64151.01;64244
2026-07-06 21:00:00;63828;64700;63810;64489.98
2026-07-06 20:00:00;63738.52;63892.65;63589.41;63828
2026-07-06 19:00:00;63696.4;63887.93;63652.42;63738.52
2026-07-06 18:00:00;63587.38;63886;63560;63696.4
2026-07-06 17:00:00;63732;63976.16;63570.16;63587.38
2026-07-06 16:00:00;63545.98;63863;63386.01;63732
2026-07-06 15:00:00;62052;63550;62052;63545.98
2026-07-06 14:00:00;61768.2;62411.41;61712.54;62052
2026-07-06 13:00:00;61754.01;62034;61306.84;61768.21
2026-07-06 12:00:00;62483.84;62487.98;61668.2;61754.01
2026-07-06 11:00:00;62822.07;63000;62483.83;62483.84
2026-07-06 10:00:00;62664.77;63030;62664.76;62822.06
2026-07-06 09:00:00;62904.01;62914;62630.85;62664.77
2026-07-06 08:00:00;63089.42;63244;62800.13;62904.01
2026-07-06 07:00:00;62976;63120;62890;63089.42
2026-07-06 06:00:00;63113.99;63152.7;62972;62976
2026-07-06 05:00:00;63267.99;63268;62950;63114
2026-07-06 04:00:00;63294;63402.77;63187.98;63267.99
2026-07-06 03:00:00;63460.01;63495.14;63136.01;63294
2026-07-06 02:00:00;63576;63669.45;63373.13;63460.01
2026-07-06 01:00:00;63761.98;63920;63550;63576
2026-07-06 00:00:00;63650.01;63772.52;63350;63761.99
2026-07-05 23:00:00;63735.99;63999;63577.36;63650
2026-07-05 22:00:00;63092;63964.48;63005.04;63736
2026-07-05 21:00:00;62730.61;63220;62609.47;63092.01
2026-07-05 20:00:00;62768.87;62836.01;62700;62730.61
2026-07-05 19:00:00;62820.33;62888.14;62714.98;62768.88
2026-07-05 18:00:00;62624.93;62880;62616;62820.33
2026-07-05 17:00:00;62637.48;62820;62594.38;62624.93
2026-07-05 16:00:00;62740.01;62772.86;62590.02;62637.48
2026-07-05 15:00:00;62812.25;62943.59;62679.76;62740.01
2026-07-05 14:00:00;62791.99;62818.37;62656.02;62812.25
2026-07-05 13:00:00;62745;62819.66;62644.12;62792
2026-07-05 12:00:00;62658.92;62772;62569.37;62745.01
2026-07-05 11:00:00;62756.12;62812;62600.03;62658.92
2026-07-05 10:00:00;62622.18;62756.25;62536.57;62756.12
2026-07-05 09:00:00;62915;62930.16;62436.59;62622.18
2026-07-05 08:00:00;63020.21;63104;62900;62915
2026-07-05 07:00:00;62782.18;63059.99;62718.31;63020.21
2026-07-05 06:00:00;62740.5;62819.91;62669.99;62782.18
2026-07-05 05:00:00;62815.99;62815.99;62659.65;62740.5
2026-07-05 04:00:00;62769.03;62952.93;62712;62815.99
2026-07-05 03:00:00;62693.57;62796.39;62658;62769.04
2026-07-05 02:00:00;62887.93;62926;62596.08;62693.56
2026-07-05 01:00:00;62991.3;63043.15;62800;62887.94
2026-07-05 00:00:00;63144.01;63144.01;62888.86;62991.29
2026-07-04 23:00:00;63185;63241.33;62927.98;63144.01
2026-07-04 22:00:00;63297.83;63310;63160;63184.99
2026-07-04 21:00:00;63233.79;63448;63202;63297.84
2026-07-04 20:00:00;63294.72;63392;63155.37;63233.78
2026-07-04 19:00:00;63172.79;63461.99;63123.49;63294.72
2026-07-04 18:00:00;63280.38;63346;63092.02;63172.78
2026-07-04 17:00:00;62927.3;63439.62;62803;63280.38
2026-07-04 16:00:00;62943.29;62968.29;62786;62927.29
2026-07-04 15:00:00;62693.99;63075.46;62687.89;62943.29
2026-07-04 14:00:00;62588.84;62738.28;62585.53;62693.99
2026-07-04 13:00:00;62664.01;62776.92;62542;62588.84
2026-07-04 12:00:00;62482;62696.78;62482;62664.01
2026-07-04 11:00:00;62512.99;62563.84;62456.24;62482.01
2026-07-04 10:00:00;62494.01;62545.02;62445.38;62513
2026-07-04 09:00:00;62553.78;62583.99;62415.87;62494
2026-07-04 08:00:00;62576;62674.47;62516.46;62553.78
2026-07-04 07:00:00;62500.01;62634.24;62470;62576
2026-07-04 06:00:00;62471.53;62559.43;62328.24;62500.01
2026-07-04 05:00:00;62700;62700.01;62441.29;62471.52
2026-07-04 04:00:00;62627.28;62749.97;62590.06;62700
2026-07-04 03:00:00;62538.96;62750;62484.01;62627.29
2026-07-04 02:00:00;62468.44;62576;62432;62538.96
2026-07-04 01:00:00;62756.29;62756.29;62404.25;62468.44
2026-07-04 00:00:00;62583.26;62946;62578.55;62756.29
2026-07-03 23:00:00;62578;62707.67;62529.03;62583.26
2026-07-03 22:00:00;62732;62748.01;62538.47;62578
2026-07-03 21:00:00;62776.91;62979.86;62518.72;62732
2026-07-03 20:00:00;62210;62907.77;62186.01;62776.92
2026-07-03 19:00:00;62204;62317.64;62146;62210
2026-07-03 18:00:00;62193.99;62250;62118;62204.01
2026-07-03 17:00:00;62104.81;62292.51;62068.78;62194
2026-07-03 16:00:00;61922.71;62125.99;61911.65;62104.81
2026-07-03 15:00:00;62167.47;62400;61820;61922.72
2026-07-03 14:00:00;62116;62280;61700;62167.48
2026-07-03 13:00:00;61984;62282;61944;62116.01
2026-07-03 12:00:00;62024.01;62174.47;61871.66;61983.99
2026-07-03 11:00:00;61916.46;62103.1;61840;62024.02
2026-07-03 10:00:00;61718.69;62038;61663.98;61916.46
2026-07-03 09:00:00;61583.99;61783.89;61510.01;61718.68
2026-07-03 08:00:00;61750.47;61896.99;61554.07;61584
2026-07-03 07:00:00;61710.01;61864.99;61659.32;61750.47
2026-07-03 06:00:00;61700.49;61850;61612;61710.01
2026-07-03 05:00:00;61448;61808;61430;61700.49
2026-07-03 04:00:00;61434;61524.01;61332.76;61448
2026-07-03 03:00:00;61440.01;61575.15;61324;61434
2026-07-03 02:00:00;61588;61664.62;61294;61440.01
2026-07-03 01:00:00;61308.75;61733.11;61286;61588
2026-07-03 00:00:00;61560;61578;61248.86;61308.75
2026-07-02 23:00:00;61465.26;61606;61350.02;61560
2026-07-02 22:00:00;61592.26;61596.62;61406.28;61465.26
2026-07-02 21:00:00;61584.77;61653.43;61516;61592.26
2026-07-02 20:00:00;61479.59;61596;61342;61584.78
2026-07-02 19:00:00;61761.36;61763.81;61424;61479.6
2026-07-02 18:00:00;61667.4;61900.29;61664.39;61761.36
2026-07-02 17:00:00;61682.34;61962.43;61619.69;61667.39
2026-07-02 16:00:00;61612.93;61790.13;61108.99;61682.34
2026-07-02 15:00:00;61696.61;61850.86;61427.39;61612.93
2026-07-02 14:00:00;61939.04;62200;61394.49;61696.61
2026-07-02 13:00:00;61542.53;62053;61506;61939.04
2026-07-02 12:00:00;61358;61614;61147.23;61542.53
2026-07-02 11:00:00;61263.93;61388;61125.58;61358.01
2026-07-02 10:00:00;61184;61350;61051.07;61263.68
2026-07-02 09:00:00;60512;61437.49;60376.13;61184
2026-07-02 08:00:00;60149.99;60555.06;60132.51;60511.99
2026-07-02 07:00:00;60274.01;60315.93;60104;60149.99
2026-07-02 06:00:00;60504.54;60652.74;60260;60274.01
2026-07-02 05:00:00;60787.98;60877.69;60488;60504.54
2026-07-02 04:00:00;61057.99;61058;60728;60787.98
2026-07-02 03:00:00;60423.11;61121.78;60300.02;61058
2026-07-02 02:00:00;60175.91;60495.24;60015.68;60423.1
2026-07-02 01:00:00;59761.74;60324.99;59715.8;60175.92
2026-07-02 00:00:00;60024;60028;59588;59761.73
2026-07-01 23:00:00;60478;60478;59984.86;60024
2026-07-01 22:00:00;60815.99;61334;60339;60478.01
2026-07-01 21:00:00;60126;60846.95;60124.89;60815.99
2026-07-01 20:00:00;60029.39;60198;59876;60126
2026-07-01 19:00:00;60171.16;60352.93;60000;60028.67
2026-07-01 18:00:00;60190.59;60298;60016.4;60171.16
2026-07-01 17:00:00;59920;60239.84;59787.35;60190.6
2026-07-01 16:00:00;60147.15;60267.17;59865.75;59920
2026-07-01 15:00:00;59541.99;60536.55;59520.51;60147.15
2026-07-01 14:00:00;59498.03;60092;59278;59542
2026-07-01 13:00:00;58538;59508;58536;59498.03
2026-07-01 12:00:00;58622.02;58676;58326;58538.01
2026-07-01 11:00:00;58659.97;58755.9;58550;58622.03
2026-07-01 10:00:00;58944.55;58948.47;58624;58659.98
2026-07-01 09:00:00;58973.99;59091.99;58825.61;58944.55
2026-07-01 08:00:00;58768.64;58984;58500;58973.99
2026-07-01 07:00:00;58755.8;58823.9;58600;58768.65
2026-07-01 06:00:00;59154.33;59156;58534.31;58755.8
2026-07-01 05:00:00;59339.99;59376.48;59126.42;59154.33
2026-07-01 04:00:00;59197.12;59457;59062;59339.99
2026-07-01 03:00:00;59085;59318;58850;59197.13
2026-07-01 02:00:00;58770.58;59171.63;58663.95;59085
2026-07-01 01:00:00;58575.99;59022.81;57800.19;58770.57
2026-07-01 00:00:00;58624.71;58750.68;58310;58576
2026-06-30 23:00:00;58607.99;58664;58555;58624.71
2026-06-30 22:00:00;58639.99;58806.91;58513.8;58607.99
2026-06-30 21:00:00;58732;58770;58509.99;58639.99
2026-06-30 20:00:00;58818;58874.99;58648.26;58732.01
2026-06-30 19:00:00;58680.86;58839.16;58586.01;58818.05
2026-06-30 18:00:00;58417.99;58699.98;58351.56;58680.87
2026-06-30 17:00:00;58497.65;58618.65;58310.72;58417.99
2026-06-30 16:00:00;58382;58632;58241.79;58497.65
2026-06-30 15:00:00;58482.81;58796;58201;58381.99
2026-06-30 14:00:00;58737.17;59276.6;58433;58482.81
2026-06-30 13:00:00;58411.99;58802.66;58228.33;58737.18
2026-06-30 12:00:00;59192.71;59192.71;58403.51;58412
2026-06-30 11:00:00;59334.01;59413.27;59123.01;59192.7
2026-06-30 10:00:00;59374.96;59420;59286.36;59334.01
2026-06-30 09:00:00;59311.26;59420;59252;59374.96
2026-06-30 08:00:00;59524.01;59551.03;59189;59311.92
2026-06-30 07:00:00;59592;59632;59444;59524.01
2026-06-30 06:00:00;59652.13;59712.88;59513.72;59592
2026-06-30 05:00:00;59492.01;59656.89;59360;59652.13
2026-06-30 04:00:00;59627.47;59700;59433.36;59492.01
2026-06-30 03:00:00;59948.24;60031.75;59600;59627.48
2026-06-30 02:00:00;59939.94;60042.54;59755;59948.24
2026-06-30 01:00:00;59838.01;60048.98;59771;59939.94
2026-06-30 00:00:00;60260.2;60276.54;59700;59838.01
2026-06-29 23:00:00;60352.31;60379.23;60194.01;60260.21
2026-06-29 22:00:00;60479.71;60516;60350;60352.31
2026-06-29 21:00:00;60296.01;60585.99;60261.89;60479.72
2026-06-29 20:00:00;60433.5;60553.06;60295.32;60296
2026-06-29 19:00:00;60295;60557.5;60153.35;60433.49
2026-06-29 18:00:00;60413.99;60520;60193.87;60295
2026-06-29 17:00:00;59892.87;60683.84;59892;60413.99
2026-06-29 16:00:00;59824.01;60030;59584.48;59892.86
2026-06-29 15:00:00;59469.45;59960;59097.58;59824.01
2026-06-29 14:00:00;59580;59699.99;59011;59469.67
2026-06-29 13:00:00;59948.79;60340;59319.9;59580
2026-06-29 12:00:00;59956.05;60780.57;59595.09;59948.78
2026-06-29 11:00:00;60088;60216;59796;59956.05
2026-06-29 10:00:00;60057;60311.95;60056.99;60088
2026-06-29 09:00:00;59840.01;60104;59778.76;60057
2026-06-29 08:00:00;60026.01;60093.99;59745.46;59840
2026-06-29 07:00:00;60075.5;60186.94;59936;60026
2026-06-29 06:00:00;60102.8;60346.27;60050.67;60075.49
2026-06-29 05:00:00;59830.01;60102.8;59392.02;60102.8
2026-06-29 04:00:00;60049.45;60053.99;59746;59830
2026-06-29 03:00:00;59757.47;60233;59757.47;60049.46
2026-06-29 02:00:00;59440.95;59812;58900.01;59757.46
2026-06-29 01:00:00;59667;59697;59206;59440.95
2026-06-29 00:00:00;59577.01;59700;59000.01;59667.01
2026-06-28 23:00:00;59067;59848;59011.99;59577.01
2026-06-28 22:00:00;59445.96;59906;58905;59067.01
2026-06-28 21:00:00;59660;59796.66;59333.33;59445.95
2026-06-28 20:00:00;59481.78;59765.9;59474.28;59660
2026-06-28 19:00:00;59614.46;59682;59270.26;59481.79
2026-06-28 18:00:00;59586;59700;59502;59614.46
2026-06-28 17:00:00;59690.62;59848;59403.77;59586.01
2026-06-28 16:00:00;59890.35;59943.9;59582.34;59690.62
2026-06-28 15:00:00;60033.01;60130;59817.28;59890
2026-06-28 14:00:00;60071.89;60250;60018;60033
2026-06-28 13:00:00;60293.5;60293.51;59963.86;60071.88
2026-06-28 12:00:00;60341.99;60457.02;60190;60293.51
2026-06-28 11:00:00;60166.71;60374.05;60100;60342
2026-06-28 10:00:00;60258.85;60292.48;60068;60166.71
2026-06-28 09:00:00;60370.01;60462;60250.81;60258.84
2026-06-28 08:00:00;60220;60545.01;60140.14;60370
2026-06-28 07:00:00;60002.82;60259.68;60000;60219.99
2026-06-28 06:00:00;59989.18;60030;59808;60002.82
2026-06-28 05:00:00;60133.01;60140;59753.48;59989.17
2026-06-28 04:00:00;60197.03;60231.83;60088.04;60133
2026-06-28 03:00:00;60150.46;60275;60150.45;60197.04
2026-06-28 02:00:00;60222.21;60339.99;60054;60150.45
2026-06-28 01:00:00;60146;60273.38;59986;60222.22
2026-06-28 00:00:00;60029.01;60190;60018;60146
2026-06-27 23:00:00;60228.96;60320;59952;60029
2026-06-27 22:00:00;60203.83;60256.56;59855.16;60228.95
2026-06-27 21:00:00;60300;60482.18;60142;60203.82
2026-06-27 20:00:00;60175.95;60306;60173.07;60300
2026-06-27 19:00:00;60570.86;60605.41;60085.88;60175.95
2026-06-27 18:00:00;60524.89;60576.03;60446.25;60570.86
2026-06-27 17:00:00;60808;60818.76;60413.15;60524.88
2026-06-27 16:00:00;60840.06;60855.03;60673.64;60807.99
2026-06-27 15:00:00;60611.49;60941.17;60570;60840.06
2026-06-27 14:00:00;60588.35;60728;60510;60611.5
2026-06-27 13:00:00;60430;60665.74;60394;60588.35
2026-06-27 12:00:00;60363.65;60430.01;60257.03;60430
2026-06-27 11:00:00;60420.28;60447.8;60198.94;60363.65
2026-06-27 10:00:00;60414.62;60487.31;60380;60420.28
2026-06-27 09:00:00;60456;60511.99;60289.55;60414.62
2026-06-27 08:00:00;60548.06;60548.74;60371.62;60456
2026-06-27 07:00:00;60370.63;60574;60300;60548.07
2026-06-27 06:00:00;60236.75;60500;60093.33;60370.62
2026-06-27 05:00:00;60240;60311;60136;60236.76
2026-06-27 04:00:00;60305.73;60482;60217.26;60239.99
2026-06-27 03:00:00;60290.01;60412;60159.91;60305.73
2026-06-27 02:00:00;59945.53;60378.23;59921.68;60290.01
2026-06-27 01:00:00;60059.09;60068;59936.07;59945.53
2026-06-27 00:00:00;60097.27;60197;59876.22;60059.07
2026-06-26 23:00:00;60048;60117.64;59923.27;60097.27
2026-06-26 22:00:00;59918.7;60080;59754;60048
2026-06-26 21:00:00;59717.99;60050;59678;59918.7
2026-06-26 20:00:00;59751.96;59994;59571.31;59718
2026-06-26 19:00:00;59668.01;60098;59617.37;59751.97
2026-06-26 18:00:00;60023.96;60158;59556;59668.01
2026-06-26 17:00:00;60041.76;60287.9;59952;60023.97
2026-06-26 16:00:00;60328.18;60583;59970;60041.75
2026-06-26 15:00:00;59590.73;60500;59584.01;60328.32
2026-06-26 14:00:00;60175.42;60294;59390;59590.73
2026-06-26 13:00:00;59185.02;60216.14;58500.1;60175.43
2026-06-26 12:00:00;59413.24;60007.91;58969.9;59185.02
2026-06-26 11:00:00;59313.26;59588;59259.78;59413.24
2026-06-26 10:00:00;59736.01;59858.93;59239.78;59313.26
2026-06-26 09:00:00;60245.9;60259.37;59583.33;59736.01
2026-06-26 08:00:00;60532;60580;60150.56;60245.67
2026-06-26 07:00:00;60324;60759.99;60283.08;60532
2026-06-26 06:00:00;59953.3;60459.55;59702;60324
2026-06-26 05:00:00;59920.47;60047.68;59736;59953.3
2026-06-26 04:00:00;60036;60238.77;59836.17;59920.47
2026-06-26 03:00:00;58562;60131.37;58337;60036.01
2026-06-26 02:00:00;59431.49;59456;58358.77;58561.99
2026-06-26 01:00:00;59667.09;59789.07;59228;59431.5
2026-06-26 00:00:00;59794.64;59906.71;59642.77;59667.09
2026-06-25 23:00:00;59851.27;60191.55;59739.99;59794
2026-06-25 22:00:00;60211.86;60211.86;59740;59851.27
2026-06-25 21:00:00;59456.62;60273.81;59452.01;60211.87
2026-06-25 20:00:00;59319.99;59741.95;59319.99;59456.62
2026-06-25 19:00:00;59512.71;59516;59168.82;59320
2026-06-25 18:00:00;59676;59793.34;59364;59512.71
2026-06-25 17:00:00;59312.64;59740.9;59139.96;59676.01
2026-06-25 16:00:00;59557.99;60067;59157.63;59312.64
2026-06-25 15:00:00;59471.49;59655.86;58874.85;59557.99
2026-06-25 14:00:00;58291.7;60485.51;58291.7;59471.5
2026-06-25 13:00:00;61244.01;61369.18;58115.01;58290.17
2026-06-25 12:00:00;61282;61761.35;61080;61244.01
2026-06-25 11:00:00;61269.95;61422.52;61066;61282.01
2026-06-25 10:00:00;61739.29;61751.07;61257.79;61269.94
2026-06-25 09:00:00;61712.36;61792;61614.32;61739.29
2026-06-25 08:00:00;61911.03;61920;61684.87;61712.35
2026-06-25 07:00:00;61732.06;61962.4;61670;61911.04
2026-06-25 06:00:00;61600.02;61869.02;61600.01;61732.06
2026-06-25 05:00:00;61357.63;61807.04;61280;61600.01
2026-06-25 04:00:00;60883.66;61410;60792;61357.63
2026-06-25 03:00:00;60799.08;60910.63;60684.94;60883.65
2026-06-25 02:00:00;60928;60966;60700.01;60799.08
2026-06-25 01:00:00;60832;60988;60720.23;60928
2026-06-25 00:00:00;61078;61163.16;60726.77;60832
2026-06-24 23:00:00;60874;61112;60830.01;61077.99
2026-06-24 22:00:00;61109.99;61276;60802.66;60873.99
2026-06-24 21:00:00;60956;61144.63;60665.75;61110
2026-06-24 20:00:00;59958.3;61208.48;59854;60956
2026-06-24 19:00:00;59600;60000;59530;59958.3
2026-06-24 18:00:00;59404;59930;59310.85;59599.99
2026-06-24 17:00:00;59850;60057.18;59102.7;59404
2026-06-24 16:00:00;60250;60678.1;59622;59850
2026-06-24 15:00:00;61113.1;61150.13;60249.82;60250
2026-06-24 14:00:00;61338;61456;60888;61113.1
2026-06-24 13:00:00;62618.31;62628.75;61255.74;61338.01
2026-06-24 12:00:00;62921.19;62973.2;62585.2;62618.31
2026-06-24 11:00:00;62445.99;63239.06;62318.88;62921.19
2026-06-24 10:00:00;62681.7;62681.7;62412.05;62445.99
2026-06-24 09:00:00;62800;62800.01;62637.08;62681.7
2026-06-24 08:00:00;62658;62807.46;62605.28;62800
2026-06-24 07:00:00;62780.01;62844;62610.11;62657.99
2026-06-24 06:00:00;62889.99;62909.98;62728.73;62780
2026-06-24 05:00:00;62744.41;63073.44;62706;62890
2026-06-24 04:00:00;62729.78;62799.62;62525.49;62744.42
2026-06-24 03:00:00;62630.01;62830;62461.87;62729.78
2026-06-24 02:00:00;62932.19;63013.12;62606.09;62630
2026-06-24 01:00:00;63014;63119.45;62772.15;62932.19
2026-06-24 00:00:00;62734.57;63024.4;62733.29;63014
2026-06-23 23:00:00;62590;62799.99;62480.39;62734.57
2026-06-23 22:00:00;62599.77;62779.82;62526;62590
2026-06-23 21:00:00;62470.7;62658.93;62470.7;62599.77
2026-06-23 20:00:00;62388.49;62531.27;62380.25;62470.7
2026-06-23 19:00:00;62242;62480;62230;62388.49
2026-06-23 18:00:00;62358.03;62445.21;62104.7;62241.99
2026-06-23 17:00:00;62558;62693.48;62327.95;62358.02
2026-06-23 16:00:00;62487.79;62846;62428.01;62558
2026-06-23 15:00:00;62493.63;62507.99;62198;62487.79
2026-06-23 14:00:00;62476;62855.98;62406.25;62493.63
2026-06-23 13:00:00;62256.61;62538.72;61960;62475.99
2026-06-23 12:00:00;62507.05;62558;62189.42;62256.6
2026-06-23 11:00:00;62328.01;62643.99;62328;62507.06
2026-06-23 10:00:00;62386;62586;62247.2;62328.01
2026-06-23 09:00:00;62386;62528.13;62350.44;62386
2026-06-23 08:00:00;62886.04;62945.08;61938;62385.99
2026-06-23 07:00:00;62936.01;63095;62872;62886.03
2026-06-23 06:00:00;63400;63400;62568.9;62936.01
2026-06-23 05:00:00;63623.03;63728;63342.34;63400
2026-06-23 04:00:00;64065.34;64095.55;63612.62;63623.02
2026-06-23 03:00:00;64204.01;64204.01;63968.42;64065.35
2026-06-23 02:00:00;64156;64275.38;64042.01;64204.01
2026-06-23 01:00:00;64154.99;64273.09;63893.33;64156
2026-06-23 00:00:00;64020.01;64162.02;63828.93;64154.99
2026-06-22 23:00:00;63971.13;64053.33;63877.61;64020.01
2026-06-22 22:00:00;64320.57;64396.45;63804.59;63971.12
2026-06-22 21:00:00;64433.8;64480;64134.39;64320.57
2026-06-22 20:00:00;64472.51;64659.43;64356.95;64433.8
2026-06-22 19:00:00;64334.01;64499.28;64276;64472
2026-06-22 18:00:00;64602;64730.15;64311;64334.01
2026-06-22 17:00:00;64719.77;64769.98;64388.16;64602
2026-06-22 16:00:00;64836.95;64862;64519;64719.77
2026-06-22 15:00:00;64980.39;65146;64757.11;64836.95
2026-06-22 14:00:00;65577.99;65622.83;64835;64980.39
2026-06-22 13:00:00;65149.58;65589.76;64945.53;65578
2026-06-22 12:00:00;64657.22;65222.45;64579.08;65149.57
2026-06-22 11:00:00;64139.21;64768.46;64097.08;64657.22
2026-06-22 10:00:00;64145.4;64272;64065.18;64139.21
2026-06-22 09:00:00;64166;64256.2;64052.17;64145.39
2026-06-22 08:00:00;64211.2;64350.58;64044;64165.99
2026-06-22 07:00:00;63989.96;64397.57;63968.23;64211.19
2026-06-22 06:00:00;64247.74;64326;63946;63989.95
2026-06-22 05:00:00;64100.01;64344.17;64088.64;64247.74
2026-06-22 04:00:00;63974.01;64116.44;63868.41;64100.02
2026-06-22 03:00:00;64258;64459.44;63894.98;63974.01
2026-06-22 02:00:00;64606;64663.99;64250;64257.99
2026-06-22 01:00:00;63896;64823.52;63850.8;64606
2026-06-22 00:00:00;63312;64094;63312;63896.01
2026-06-21 23:00:00;63801.6;63801.6;63270;63311.99
2026-06-21 22:00:00;63808;63864;63575.04;63801.59
2026-06-21 21:00:00;63848;63969.59;63510;63808.01
2026-06-21 20:00:00;64207.13;64271.21;63700;63848
2026-06-21 19:00:00;64213.82;64298.84;64168.73;64207.12
2026-06-21 18:00:00;64151.47;64240;63933.47;64213.81
2026-06-21 17:00:00;64145.32;64221.44;64080;64151.46
2026-06-21 16:00:00;64224;64254.38;64046;64145.31
2026-06-21 15:00:00;64145.97;64355.88;64120;64224
2026-06-21 14:00:00;64146;64154;64004;64145.97
2026-06-21 13:00:00;64200;64200;64020.01;64146
2026-06-21 12:00:00;64176;64235.13;63952;64200
2026-06-21 11:00:00;64366;64483.95;64112.01;64176
2026-06-21 10:00:00;64209.16;64408;64204;64365.99
2026-06-21 09:00:00;64014;64246;63961.28;64209.16
2026-06-21 08:00:00;64191.06;64228;63900.17;64014
2026-06-21 07:00:00;64303.47;64303.47;64173.08;64191.07
2026-06-21 06:00:00;64256.56;64323.99;64200;64303.46
2026-06-21 05:00:00;64276.12;64365.43;64225.6;64256.55
2026-06-21 04:00:00;64426;64588;64269.45;64276.12
2026-06-21 03:00:00;64241.26;64472.99;64234;64426
2026-06-21 02:00:00;64248;64275.12;64216.05;64241.25
2026-06-21 01:00:00;64294;64323.68;64206.17;64248
2026-06-21 00:00:00;64298.01;64322.91;64237.31;64294
2026-06-20 23:00:00;64272;64336.91;64250.02;64298.01
2026-06-20 22:00:00;64012.39;64350;63978.12;64272.01
2026-06-20 21:00:00;63926;64092.91;63918.29;64012.4
2026-06-20 20:00:00;63935.99;63981.09;63853.31;63925.99
2026-06-20 19:00:00;63805.9;63968;63798;63936
2026-06-20 18:00:00;63834.7;63928.4;63788;63805.89
2026-06-20 17:00:00;64034.31;64041.07;63730.21;63834.7
2026-06-20 16:00:00;64160.04;64167.26;63902.58;64034.31
2026-06-20 15:00:00;63949.9;64388;63836;64160.04
2026-06-20 14:00:00;63397.77;64150;63184.21;63949.9
2026-06-20 13:00:00;63655.1;63655.1;63278;63397.78
2026-06-20 12:00:00;63688;63785.76;63537.99;63655.09
2026-06-20 11:00:00;63674.71;63798.76;63620.74;63688
2026-06-20 10:00:00;63741.16;63777.5;63592.44;63674.7
2026-06-20 09:00:00;63417.98;63787.74;63417.98;63741.16
2026-06-20 08:00:00;63655.21;63664.39;63392.41;63417.97
2026-06-20 07:00:00;63744.61;63800;63594.37;63655.21
2026-06-20 06:00:00;63678.07;63761.99;63640.36;63744.61
2026-06-20 05:00:00;63583.53;63907.07;63543.46;63678.07
2026-06-20 04:00:00;63476.79;63613.59;63402;63583.53
2026-06-20 03:00:00;63340.58;63510;63320.14;63476.79
2026-06-20 02:00:00;63586.27;63586.27;63336.01;63340.57
2026-06-20 01:00:00;63530.01;63616.23;63404;63586.28
2026-06-20 00:00:00;63543.9;63777;63470;63530.01
2026-06-19 23:00:00;63315.29;63666;63276;63543.91
2026-06-19 22:00:00;63075.99;63369.48;63048;63315.28
2026-06-19 21:00:00;63250.01;63275.64;63060;63075.98
2026-06-19 20:00:00;63021.6;63274;62958.59;63250.01
2026-06-19 19:00:00;63110.01;63140;62942;63021.6
2026-06-19 18:00:00;63198;63201.95;62991.37;63110.01
2026-06-19 17:00:00;62972;63263.49;62866.99;63198.01
2026-06-19 16:00:00;63214.01;63387.8;62918.98;62971.99
2026-06-19 15:00:00;63203.54;63283.86;63019.26;63214.01
2026-06-19 14:00:00;63210;63419.27;63010;63203.53
2026-06-19 13:00:00;62830.01;63415;62666;63210
2026-06-19 12:00:00;62626;62872.99;62353;62830.01
2026-06-19 11:00:00;62533.24;62684;62452.52;62626
2026-06-19 10:00:00;62390.01;62587.27;62383.76;62533.25
2026-06-19 09:00:00;62604;62654;62316.44;62390
2026-06-19 08:00:00;62630;62782;62533.33;62603.99
2026-06-19 07:00:00;62894.09;62917.32;62504.27;62629.99
2026-06-19 06:00:00;62739.2;62914.73;62728;62894.08
2026-06-19 05:00:00;62452.01;62744.92;62452;62739.2
2026-06-19 04:00:00;62773.52;62916.66;62409.55;62452.01
2026-06-19 03:00:00;63006.01;63029.64;62386.9;62773.51
2026-06-19 02:00:00;63021.86;63110.29;62893.71;63006
2026-06-19 01:00:00;63020;63100;62852.01;63021.86
2026-06-19 00:00:00;62958.01;63086;62840;63020
2026-06-18 23:00:00;62885.84;62985.12;62756.6;62958.01
2026-06-18 22:00:00;62971.32;62990;62742;62885.85
2026-06-18 21:00:00;63086;63121.81;62870.39;62971.32
2026-06-18 20:00:00;62950.79;63274.19;62950.79;63086
2026-06-18 19:00:00;62708.93;63008.33;62636;62950.79
2026-06-18 18:00:00;62606;62959.75;62580.01;62708.92
2026-06-18 17:00:00;62688;62750;62272.07;62606
2026-06-18 16:00:00;62369.43;62814;62349.42;62688
2026-06-18 15:00:00;63816.61;63825.99;62293.76;62369.44
2026-06-18 14:00:00;63983.99;64203.66;63587.3;63816.61
2026-06-18 13:00:00;64378.06;64445.19;63800;63984
2026-06-18 12:00:00;63974.4;64402.01;63922;64378.07
2026-06-18 11:00:00;64078.61;64196;63878.14;63974.4
2026-06-18 10:00:00;64199.53;64223.79;63910;64078.61
2026-06-18 09:00:00;64399.93;64478;64196.14;64199.53
2026-06-18 08:00:00;64510.45;64646.75;64378.25;64399.92
2026-06-18 07:00:00;64084;64510.5;64015.42;64510.44
2026-06-18 06:00:00;63994;64134.33;63850;64083.41
2026-06-18 05:00:00;63883.26;64020;63696.29;63994
2026-06-18 04:00:00;64282.82;64347.09;63826.93;63883.41
2026-06-18 03:00:00;64689.5;64689.5;64267.86;64282.82
2026-06-18 02:00:00;64548.75;64776.66;64488;64689.5
2026-06-18 01:00:00;64468.01;64806;64466.3;64548.74
2026-06-18 00:00:00;64509.4;64702;64457.67;64468.01
2026-06-17 23:00:00;64300.01;64529.2;64248;64509.4
2026-06-17 22:00:00;64257.77;64434.84;63915.77;64300.01
2026-06-17 21:00:00;64434.36;64452;64142;64257.77
2026-06-17 20:00:00;64301.85;64488.96;64181.33;64434.36
2026-06-17 19:00:00;65516;65666;63998.35;64301.85
2026-06-17 18:00:00;66107.99;66107.99;64800;65516
2026-06-17 17:00:00;65864.13;66191.98;65800;66104.08
2026-06-17 16:00:00;65751.99;66445.93;65722;65864.12
2026-06-17 15:00:00;65101.45;65855.66;64987.74;65752
2026-06-17 14:00:00;65278;65461.38;64772.72;65101.45
2026-06-17 13:00:00;65040.88;65369.53;64850;65278
2026-06-17 12:00:00;64810.01;65108;64590.53;65040.88
2026-06-17 11:00:00;64798;64868.21;64565;64810.01
2026-06-17 10:00:00;64909.44;64993.97;64768;64798
2026-06-17 09:00:00;64926.02;65076.76;64842.01;64909.44
2026-06-17 08:00:00;65539.51;65574;64833.07;64926.02
2026-06-17 07:00:00;65624.01;65710;65251;65539.5
2026-06-17 06:00:00;65836.3;65896.45;65582.63;65624
2026-06-17 05:00:00;65892.01;65978;65746.51;65836.3
2026-06-17 04:00:00;65852;66048.19;65788.31;65892
2026-06-17 03:00:00;65903.99;65904;65703.45;65851.99
2026-06-17 02:00:00;65940;66200;65788;65904
2026-06-17 01:00:00;65700;65956.56;65477.5;65940
2026-06-17 00:00:00;65675.02;65848;65675.02;65700
2026-06-16 23:00:00;65780.01;65834.19;65626.9;65675.01
2026-06-16 22:00:00;65776.97;65882;65680;65780
2026-06-16 21:00:00;65854;65938;65654.9;65776.97
2026-06-16 20:00:00;65675.89;65865.92;65592;65854
2026-06-16 19:00:00;65848;65848;65560;65675.88
2026-06-16 18:00:00;65978.78;66248.69;65802;65847.99
2026-06-16 17:00:00;65758.07;66011.47;65710.34;65978.79
2026-06-16 16:00:00;65859.76;65953.97;65706;65758.07
2026-06-16 15:00:00;65654.9;65999.78;65614.3;65859.76
2026-06-16 14:00:00;66052.01;66265.8;65360.92;65654.9
2026-06-16 13:00:00;66429.84;66463.13;65928.16;66052
2026-06-16 12:00:00;66481.73;66818;66368;66429.83
2026-06-16 11:00:00;66514.01;66643.23;66368.36;66481.73
2026-06-16 10:00:00;66510.01;66778;66486.38;66514
2026-06-16 09:00:00;66899.61;66923.99;66474.74;66510
2026-06-16 08:00:00;66372;66992;66345.06;66899.61
2026-06-16 07:00:00;66446.01;66527.23;66300.1;66372
2026-06-16 06:00:00;66044.99;66572.99;66044.99;66446
2026-06-16 05:00:00;65840.1;66150.22;65840.09;66045
2026-06-16 04:00:00;66165.21;66301.83;65802;65840.09
2026-06-16 03:00:00;65742;66166.61;65650;66165.21
2026-06-16 02:00:00;66346.51;66367.69;65678.14;65741.99
2026-06-16 01:00:00;66250;66418.01;66248.93;66346.52
2026-06-16 00:00:00;66328.74;66463.26;66242;66250
2026-06-15 23:00:00;66206.34;66368;66116.59;66328.74
2026-06-15 22:00:00;66368.15;66476.64;66076.56;66206.34
2026-06-15 21:00:00;66519.99;66567.38;66314.34;66368.15
2026-06-15 20:00:00;66615.98;66681.3;66489.86;66519.98
2026-06-15 19:00:00;66766.13;66889.85;66348;66614.35
2026-06-15 18:00:00;66851.8;66933.86;66715.61;66766.12
2026-06-15 17:00:00;67158;67158;66585.26;66851.79
2026-06-15 16:00:00;67292.15;67292.15;67088.83;67157.99
2026-06-15 15:00:00;66591.54;67292.15;66580.42;67292.14
2026-06-15 14:00:00;66447.06;66675.83;66251.58;66591.55
2026-06-15 13:00:00;66563.48;66949.22;66412;66447.05
2026-06-15 12:00:00;66233.89;66600.91;66106;66563.49
2026-06-15 11:00:00;65917.37;66385.12;65832.78;66233.9
2026-06-15 10:00:00;65596.86;65973.15;65584.37;65917.37
2026-06-15 09:00:00;65662;65779.5;65512;65596.86
2026-06-15 08:00:00;65674.76;65800;65620;65662.01
2026-06-15 07:00:00;65812.01;66000;65628.45;65674.76
2026-06-15 06:00:00;65858;65967.27;65775.45;65812.01
2026-06-15 05:00:00;65644;65872;65611.01;65858.01
2026-06-15 04:00:00;65927.11;65927.11;65633.28;65644.01
2026-06-15 03:00:00;65472.01;65995;65422.83;65927.1
2026-06-15 02:00:00;65525.01;65775.15;65415.02;65472.01
2026-06-15 01:00:00;65626;65734.87;65354;65525
2026-06-15 00:00:00;65746.45;65923;65480.69;65625.99
2026-06-14 23:00:00;65426.78;65800;65256.21;65746.45
2026-06-14 22:00:00;65311.59;65580;64946.12;65426.78
2026-06-14 21:00:00;64008.64;65666;64007.24;65311.59
2026-06-14 20:00:00;63801.99;64092.4;63794.09;64008.64
2026-06-14 19:00:00;63813.3;63861.86;63734.71;63802
2026-06-14 18:00:00;63732.65;63813.3;63678.83;63813.3
2026-06-14 17:00:00;63942.63;64019.38;63694.11;63732.64
2026-06-14 16:00:00;64025.06;64208.92;63936;63942.63
2026-06-14 15:00:00;63983.56;64153.75;63980.35;64025.07
2026-06-14 14:00:00;64318;64341.43;63866.66;63983.55
2026-06-14 13:00:00;64327.54;64398.14;64244;64317.99
2026-06-14 12:00:00;64546.01;64560.66;64295.06;64327.53
2026-06-14 11:00:00;64521.13;64641.9;64460;64546
2026-06-14 10:00:00;64616;64664;64498.01;64521.13
2026-06-14 09:00:00;64456.33;64617.99;64321.18;64616
2026-06-14 08:00:00;64429.39;64513.82;64392;64456.33
2026-06-14 07:00:00;64286.1;64445.95;64214;64429.39
2026-06-14 06:00:00;64338;64487.8;64232.12;64286.1
2026-06-14 05:00:00;64339.07;64411.2;64293.41;64338
2026-06-14 04:00:00;64545.3;64563.48;64325.61;64339.07
2026-06-14 03:00:00;64490.01;64545.4;64466;64545.3
2026-06-14 02:00:00;64563;64636;64476.01;64490.01
2026-06-14 01:00:00;64565.01;64710;64507.25;64563
2026-06-14 00:00:00;64458.01;64579.03;64380.7;64565
2026-06-13 23:00:00;64456.46;64596.99;64382.42;64458.01
2026-06-13 22:00:00;64471.04;64556;64383.61;64456.47
2026-06-13 21:00:00;64278.31;64762.77;64226.38;64471.04
2026-06-13 20:00:00;64296.59;64296.6;64226.83;64278.31
2026-06-13 19:00:00;64161.46;64333.62;64152;64296.59
2026-06-13 18:00:00;63971.2;64282.19;63971.19;64161.46
2026-06-13 17:00:00;64029.17;64120;63944;63971.19
2026-06-13 16:00:00;64296.15;64307.52;63920.05;64029.17
2026-06-13 15:00:00;64220.96;64350;64186.97;64296.15
2026-06-13 14:00:00;64102.61;64233.73;64090.09;64220.97
2026-06-13 13:00:00;64133.12;64245.88;64060;64102.69
2026-06-13 12:00:00;63971.28;64214;63921.33;64133.12
2026-06-13 11:00:00;63843.01;63984.53;63843.01;63971.28
2026-06-13 10:00:00;63743.13;63908.48;63726.57;63843.01
2026-06-13 09:00:00;63806;63867.65;63742.57;63743.12
2026-06-13 08:00:00;63845.99;63910;63766.18;63806
2026-06-13 07:00:00;63736;63883.47;63674.98;63846
2026-06-13 06:00:00;63584.03;63740;63550.51;63735.74
2026-06-13 05:00:00;63512.01;63596;63493.16;63584.03
2026-06-13 04:00:00;63532;63663.91;63484;63512.01
2026-06-13 03:00:00;63646.01;63720.88;63418.66;63532
2026-06-13 02:00:00;63837.88;63837.89;63558;63646.01
2026-06-13 01:00:00;63600.01;63840;63600.01;63837.89
2026-06-13 00:00:00;63580;63652.11;63507.39;63600.01
2026-06-12 23:00:00;63502;63580.01;63426.83;63580.01
2026-06-12 22:00:00;63471.99;63658;63471.99;63502
2026-06-12 21:00:00;63449.01;63624.62;63440.01;63472
2026-06-12 20:00:00;63589.28;63696.41;63400;63449
2026-06-12 19:00:00;63694.01;63830.93;63589.27;63589.27
2026-06-12 18:00:00;63865.45;63934.34;63686;63694
2026-06-12 17:00:00;63982.48;64111.1;63745.99;63865.44
2026-06-12 16:00:00;63593.02;63996;63510.16;63982.48
2026-06-12 15:00:00;63999.99;64394.44;63551.9;63593.02
2026-06-12 14:00:00;63229.1;64000;63190;63999.99
2026-06-12 13:00:00;63465.52;63532.59;63045.29;63229.1
2026-06-12 12:00:00;63766.01;63775;63378;63465.51
2026-06-12 11:00:00;63702.01;63884.49;63684.44;63766.01
2026-06-12 10:00:00;63752.93;63852;63588.34;63702.01
2026-06-12 09:00:00;63470.81;63953.84;63438;63752.93
2026-06-12 08:00:00;63100.8;63615.84;63100.8;63470.81
2026-06-12 07:00:00;62980.46;63211.74;62956;63100.8
2026-06-12 06:00:00;63358.2;63411.5;62829.81;62980.45
2026-06-12 05:00:00;63700;63721.31;63310;63358.2
2026-06-12 04:00:00;63524.81;63863.98;63426.48;63700
2026-06-12 03:00:00;63624.07;63649.99;63357.7;63524.82
2026-06-12 02:00:00;63426.21;63779.11;63426.2;63624.07
2026-06-12 01:00:00;63648.8;63648.8;63301.53;63426.2
2026-06-12 00:00:00;63626;63810.01;63520.86;63648.8
2026-06-11 23:00:00;63500;63700;63362;63625.99
2026-06-11 22:00:00;63519.99;63670;63462;63500.01
2026-06-11 21:00:00;63393.67;63599.99;63393.66;63519.99
2026-06-11 20:00:00;63605.69;63663.4;63270;63393.67
2026-06-11 19:00:00;63461.12;63933.02;63390;63605.68
2026-06-11 18:00:00;63644.18;63788;63324.35;63461.12
2026-06-11 17:00:00;62582.45;63655.83;62348;63644.19
2026-06-11 16:00:00;62749.44;62842;62548.79;62582.45
2026-06-11 15:00:00;62734.02;62887.88;62518.1;62749.44
2026-06-11 14:00:00;63077.71;63100;62732.6;62734.02
2026-06-11 13:00:00;63010;63239.43;62677.84;63077.57
2026-06-11 12:00:00;63108.01;63190;62500;63010.01
2026-06-11 11:00:00;63148;63257.21;63040.01;63108
2026-06-11 10:00:00;62927.49;63214.97;62789.62;63148
2026-06-11 09:00:00;62958;62989.97;62790;62927.49
2026-06-11 08:00:00;62719.39;63050;62719.38;62957.99
2026-06-11 07:00:00;62772.01;62842.92;62612.01;62719.39
2026-06-11 06:00:00;62610;62997.53;62544.89;62772
2026-06-11 05:00:00;62726.85;62726.86;62556.84;62610
2026-06-11 04:00:00;62689.47;62854;62546.34;62726.86
2026-06-11 03:00:00;62148.01;62848;62012;62689.48
2026-06-11 02:00:00;62206.01;62304;61944.19;62148
2026-06-11 01:00:00;61812;62378;61812;62206.01
2026-06-11 00:00:00;61510.99;61974.7;61510.99;61812
2026-06-10 23:00:00;61381.46;61604;61166;61510.99
2026-06-10 22:00:00;61356.18;61574;61104.24;61381.46
2026-06-10 21:00:00;61805.5;61805.51;61179.19;61356.18
2026-06-10 20:00:00;61942.45;61949.21;61688;61805.51
2026-06-10 19:00:00;61881.99;62062.98;61673.79;61942.44
2026-06-10 18:00:00;61969.99;62162.9;61588.8;61882
2026-06-10 17:00:00;62219.33;62360;61654.54;61969.99
2026-06-10 16:00:00;62639.23;62646;61930;62219.33
2026-06-10 15:00:00;62195.99;62857.99;61852;62639.23
2026-06-10 14:00:00;62146.43;62258.01;61814.79;62195.99
2026-06-10 13:00:00;61564;62446;61444.87;62146.42
2026-06-10 12:00:00;61034.04;61950;60960;61564.01
2026-06-10 11:00:00;61386.09;61430;60867.19;61034.04
2026-06-10 10:00:00;61334.95;61456;61151.4;61386.09
2026-06-10 09:00:00;61261.56;61421.46;60755;61334.94
2026-06-10 08:00:00;61687.56;61736;61168;61261.55
2026-06-10 07:00:00;61472.89;61813.34;61440;61687.56
2026-06-10 06:00:00;61361.17;61521.99;61145.5;61472.89
2026-06-10 05:00:00;61296;61400.01;61080;61361.17
2026-06-10 04:00:00;61549.64;61560;61182.65;61295.99
2026-06-10 03:00:00;61302.37;61594;61286;61549.64
2026-06-10 02:00:00;61714;61837.67;61235.29;61302.36
2026-06-10 01:00:00;61923.16;61974.7;61590;61714
2026-06-10 00:00:00;61730;61930;61440;61923.16
2026-06-09 23:00:00;61717.5;61878;61556;61730
2026-06-09 22:00:00;61761.21;61976;61666.66;61717.5
2026-06-09 21:00:00;62159.99;62176.86;61698;61761.2
2026-06-09 20:00:00;62098.09;62272;61954.39;62160
2026-06-09 19:00:00;61792;62103.39;61722;62098.09
2026-06-09 18:00:00;61692.01;61964;61602;61792.01
2026-06-09 17:00:00;61390.51;61889;61390.51;61692.01
2026-06-09 16:00:00;61131.85;61484.67;60780;61390.51
2026-06-09 15:00:00;61541.95;61706.86;61037;61131.84
2026-06-09 14:00:00;62273.62;62395.01;61148.07;61541.95
2026-06-09 13:00:00;62645.14;62738;62140;62273.61
2026-06-09 12:00:00;62711.12;62895.18;62421.24;62645.15
2026-06-09 11:00:00;62786;62818;62498.75;62711.12
2026-06-09 10:00:00;62715.37;62835.37;62596;62786.01
2026-06-09 09:00:00;62849.75;62944.43;62590;62715.37
2026-06-09 08:00:00;63198.44;63208.86;62769.52;62849.75
2026-06-09 07:00:00;63300;63443.6;63012;63198.44
2026-06-09 06:00:00;63338.69;63506;63230;63300
2026-06-09 05:00:00;63242.36;63526.01;63120.24;63338.68
2026-06-09 04:00:00;62875.18;63424;62748;63242.36
2026-06-09 03:00:00;62867.99;62979.94;62702;62875.17
2026-06-09 02:00:00;62764;62874;62544.11;62868
2026-06-09 01:00:00;62562;62879.1;62546.62;62764.01
2026-06-09 00:00:00;63086;63184;62423.07;62562
2026-06-08 23:00:00;63440;63594;62978.66;63085.99
2026-06-08 22:00:00;63728.96;63728.96;63210;63440.01
2026-06-08 21:00:00;63485.49;63850;63483.41;63728.96
2026-06-08 20:00:00;63372.01;63485.49;63160.31;63485.49
2026-06-08 19:00:00;63466.83;63596;63356;63372.01
2026-06-08 18:00:00;63549.99;63690;63339.98;63466.83
2026-06-08 17:00:00;63532.01;63646;63268.01;63550
2026-06-08 16:00:00;63774.48;64046.86;63472;63532.01
2026-06-08 15:00:00;63964.07;64200;63711;63774.48
2026-06-08 14:00:00;63758;64077.57;63560.68;63964.08
2026-06-08 13:00:00;63872;63943.56;63362.1;63758
2026-06-08 12:00:00;63479.62;63933.18;62718.3;63872
2026-06-08 11:00:00;63172.3;63873.08;63058;63479.61
2026-06-08 10:00:00;63501.99;63568.19;63096.88;63172.3
2026-06-08 09:00:00;63132.84;63577.86;63128.47;63502
2026-06-08 08:00:00;63284;63284;62992.01;63132.83
2026-06-08 07:00:00;62988.58;63350;62812;63283.99
2026-06-08 06:00:00;62763.99;63144;62734;62988.03
2026-06-08 05:00:00;62684.61;62825.27;62408;62764
2026-06-08 04:00:00;63130.12;63171.1;62657.07;62684.61
2026-06-08 03:00:00;63129.94;63458;62978.36;63130.12
2026-06-08 02:00:00;63211.41;63260;62918;63129.93
2026-06-08 01:00:00;63631.43;63643.99;62720.86;63211.41
2026-06-08 00:00:00;63332.01;63863.06;63138.37;63631.42
2026-06-07 23:00:00;62865.87;63444.11;62803.42;63332.01
2026-06-07 22:00:00;61778.42;64234.68;61728.11;62865.87
2026-06-07 21:00:00;61878;62017.71;61652.01;61778.41
2026-06-07 20:00:00;61327.99;61962.47;61217.17;61878.01
2026-06-07 19:00:00;62030.15;62036.78;61184;61328
2026-06-07 18:00:00;62160.01;62296;62022;62030.14
2026-06-07 17:00:00;62083.64;62330;62046.62;62160.01
2026-06-07 16:00:00;62093.99;62332;61966;62083.64
2026-06-07 15:00:00;61905.49;62219.92;61674.51;62093.99
2026-06-07 14:00:00;61700.14;62312.67;61696.98;61905.49
2026-06-07 13:00:00;61900.66;61907.64;61649.12;61700.13
2026-06-07 12:00:00;62621.97;62643.97;61577.12;61900.67
2026-06-07 11:00:00;62370.53;62754.45;62359.44;62621.96
2026-06-07 10:00:00;62530;62570.31;62298.39;62370.52
2026-06-07 09:00:00;62855;62900;62374.63;62530
2026-06-07 08:00:00;62404.72;62960;62259.37;62855.01
2026-06-07 07:00:00;62101.01;62416.26;61983.46;62404.73
2026-06-07 06:00:00;61748.11;62272;61619.4;62101
2026-06-07 05:00:00;61890.92;62159;61647;61748.1
2026-06-07 04:00:00;61701.06;61907.07;61482.46;61890.92
2026-06-07 03:00:00;61506.73;61778.33;61416.1;61701.07
2026-06-07 02:00:00;61479.75;61568;61184;61506.74
2026-06-07 01:00:00;60782;61664.13;60758;61479.75
2026-06-07 00:00:00;60884.62;60987.99;60746;60782.01
2026-06-06 23:00:00;60543.52;60942.75;60543.52;60884.62
2026-06-06 22:00:00;60751.22;60818;60429.09;60543.53
2026-06-06 21:00:00;60711.69;61000;60707.93;60751.21
2026-06-06 20:00:00;60600;60756;60522;60711.69
2026-06-06 19:00:00;60637.2;60786;60536;60600.01
2026-06-06 18:00:00;60576.19;60754.74;60393.96;60637.21
2026-06-06 17:00:00;60774;60844;60501;60576.2
2026-06-06 16:00:00;60784.01;60971.24;60466.56;60774
2026-06-06 15:00:00;60791.06;60929.2;60396;60784
2026-06-06 14:00:00;60801.2;61016;60768;60791.05
2026-06-06 13:00:00;61030.63;61100;60701.41;60801.2
2026-06-06 12:00:00;60802.9;61185.26;60641.2;61030.63
2026-06-06 11:00:00;60593;60968;60552.95;60802.91
2026-06-06 10:00:00;60981.24;60981.24;60198;60593
2026-06-06 09:00:00;61264;61322;60875.55;60981.24
2026-06-06 08:00:00;61004.95;61500;60884;61264
2026-06-06 07:00:00;60786.96;61229.17;60733.14;61004.95
2026-06-06 06:00:00;60942.37;61276.95;60681;60786.96
2026-06-06 05:00:00;60101.28;61062;59621.22;60942.38
2026-06-06 04:00:00;60687.05;60866;59500;60101.27
2026-06-06 03:00:00;60951.63;60966.86;60520;60687.04
2026-06-06 02:00:00;61058.95;61176;60678;60951.64
2026-06-06 01:00:00;61273.29;61380;60954.36;61058.95
2026-06-06 00:00:00;61056.47;61530.05;61045.01;61273.29
2026-06-05 23:00:00;61584.49;61776;60518;61056.47
2026-06-05 22:00:00;61670.38;61966;61207.82;61584.49
2026-06-05 21:00:00;61620.01;62000;61444.2;61670.38
2026-06-05 20:00:00;60300.24;61787.01;59940.01;61620.01
2026-06-05 19:00:00;59396;60459.41;59130.91;60300.24
2026-06-05 18:00:00;60814;60950;59141;59395.99
2026-06-05 17:00:00;61394.38;61508.85;60660;60813.99
2026-06-05 16:00:00;60438;61547.24;59786;61394.39
2026-06-05 15:00:00;60868.98;61126;60000;60438.01
2026-06-05 14:00:00;60732.36;61227.98;60334.97;60868.97
2026-06-05 13:00:00;61959.72;62326;60732.35;60732.36
2026-06-05 12:00:00;61964.99;62457.86;61620.47;61959.73
2026-06-05 11:00:00;62536.87;62644.48;61964.98;61964.99
2026-06-05 10:00:00;62860.09;62931.81;62375;62536.87
2026-06-05 09:00:00;62454.64;63259.9;62442;62860.09
2026-06-05 08:00:00;63115.99;63120.98;62288.88;62454.64
2026-06-05 07:00:00;61946.57;63116;61378.38;63115.99
2026-06-05 06:00:00;62329.36;62634.53;61126.01;61946.57
2026-06-05 05:00:00;63615.22;63688;62278;62329.35
2026-06-05 04:00:00;62730;63646;62487.24;63615.23
2026-06-05 03:00:00;62617.72;62888;62339;62730
2026-06-05 02:00:00;63374.67;63436;62588.77;62617.72
2026-06-05 01:00:00;63426.73;63566;63052;63374.67
2026-06-05 00:00:00;63885.99;63978;63396.57;63426.72
2026-06-04 23:00:00;63735.42;63918;63376;63885.99
2026-06-04 22:00:00;63286.21;63772;63194;63735.43
2026-06-04 21:00:00;63638.4;63876;63106.04;63286.21
2026-06-04 20:00:00;63629.38;63653.2;63182.84;63638.4
2026-06-04 19:00:00;63819.62;64163.93;63544;63629.38
2026-06-04 18:00:00;63540.96;64110.28;63149.76;63819.62
2026-06-04 17:00:00;63563.51;63722;62944.91;63540.97
2026-06-04 16:00:00;63896.16;63920;63456;63563.51
2026-06-04 15:00:00;63958.97;64404;63691.7;63896.17
2026-06-04 14:00:00;64230;64494.92;63785.33;63958.97
2026-06-04 13:00:00;63766.82;64244;63068.41;64230
2026-06-04 12:00:00;62546;63966.48;62392;63766.82
2026-06-04 11:00:00;62420.01;62833.82;62205;62545.99
2026-06-04 10:00:00;63266.01;63276;62301.21;62420
2026-06-04 09:00:00;63629.99;63644;62703.33;63266
2026-06-04 08:00:00;63603.15;63904.63;63245.9;63629.99
2026-06-04 07:00:00;64027.99;64062.81;63492.89;63603.15
2026-06-04 06:00:00;63955.48;64481.22;63892;64027.99
2026-06-04 05:00:00;64399.99;64400;63648.01;63955.47
2026-06-04 04:00:00;64363.49;64764.32;64265.73;64399.99
2026-06-04 03:00:00;63232;64540.3;63218.48;64363.49
2026-06-04 02:00:00;62178.1;63622.7;61383.56;63231.99
2026-06-04 01:00:00;63344.98;63500;62100.01;62178.1
2026-06-04 00:00:00;64142.75;64428;63000;63344.97
2026-06-03 23:00:00;64912.97;64979.99;64092.49;64142.75
2026-06-03 22:00:00;65768.89;65841.23;64778.15;64912.98
2026-06-03 21:00:00;65007.27;65860;64960.87;65768.88
2026-06-03 20:00:00;65461.99;65614.74;64766;65007.27
2026-06-03 19:00:00;66036.56;66054;65251;65462
2026-06-03 18:00:00;65964.08;66161.24;65744.01;66036.57
2026-06-03 17:00:00;66061.83;66189.8;65704.8;65964.08
2026-06-03 16:00:00;66076.01;66373.18;65555;66061.83
2026-06-03 15:00:00;66864.95;66898;66076;66076.01
2026-06-03 14:00:00;66906;66990.66;66643.96;66864.95
2026-06-03 13:00:00;67078.72;67244.62;66635;66906.01
2026-06-03 12:00:00;67067.37;67163.82;66782.65;67078.72
2026-06-03 11:00:00;67294.51;67366.82;67056.58;67067.37
2026-06-03 10:00:00;67075.18;67476.69;67068.51;67294.52
2026-06-03 09:00:00;67028.01;67322;66656.48;67075.17
2026-06-03 08:00:00;67220.03;67264.34;66974;67028
2026-06-03 07:00:00;66983.27;67334.4;66872.01;67220.03
2026-06-03 06:00:00;67330;67516;66962.95;66983.27
2026-06-03 05:00:00;66465.99;67398.28;66465.99;67330.01
2026-06-03 04:00:00;65849.9;66623.44;65834;66465.98
2026-06-03 03:00:00;66620;66653.67;65426.34;65849.9
2026-06-03 02:00:00;66920;66920.01;66586.17;66620.01
2026-06-03 01:00:00;66938.01;67050;66472.65;66920
2026-06-03 00:00:00;66760.84;67204.15;66654;66938.01
2026-06-02 23:00:00;66385.2;66868.62;66193;66760.83
2026-06-02 22:00:00;67566.01;67566.01;66244.02;66385.2
2026-06-02 21:00:00;67587.78;67923.24;67412;67566.01
2026-06-02 20:00:00;67315.14;67689.65;66911.2;67587.77
2026-06-02 19:00:00;67341.99;67498;66432;67315.14
2026-06-02 18:00:00;67492.34;67661.7;67124.2;67341.99
2026-06-02 17:00:00;67413.44;67837.53;67378;67492.34
2026-06-02 16:00:00;67304.29;68146.3;67228.45;67413.44
2026-06-02 15:00:00;68019.3;68094.6;67076;67304.28
2026-06-02 14:00:00;68809.93;68836;67617.85;68019.3
2026-06-02 13:00:00;69010.41;69180;68757.03;68811.91
2026-06-02 12:00:00;69461.73;69548.13;68989.61;69010.42
2026-06-02 11:00:00;69652.18;69659.47;69397.83;69461.72
2026-06-02 10:00:00;69426.01;69756;69336.98;69652.19
2026-06-02 09:00:00;69822;69849;69324.65;69426.01
2026-06-02 08:00:00;70118.42;70172;69705.3;69821.99
2026-06-02 07:00:00;70106.31;70275.86;69733;70118.42
2026-06-02 06:00:00;70268.97;70442;69958.49;70106.31
2026-06-02 05:00:00;70810;70847.66;70267.79;70268.96
2026-06-02 04:00:00;70953.7;71048;70713.54;70810
2026-06-02 03:00:00;70846.48;71041.04;70806;70953.69
2026-06-02 02:00:00;70652.47;70880.63;70111;70846.49
2026-06-02 01:00:00;71289.24;71372;70607.57;70652.47
2026-06-02 00:00:00;71408.9;71408.9;71100;71289.23
2026-06-01 23:00:00;71407.99;71583.29;71225.29;71408.9
2026-06-01 22:00:00;71038.01;71460;70840.9;71408
2026-06-01 21:00:00;71445.99;71449.98;70941.95;71038.01
2026-06-01 20:00:00;71595.24;71690;71419.64;71446
2026-06-01 19:00:00;71498.64;71666;71386;71595.24
2026-06-01 18:00:00;71646;71687.28;71382;71498.64
2026-06-01 17:00:00;71564.01;71800.73;71469.64;71646.01
2026-06-01 16:00:00;71129.62;71599.95;70686.68;71564.01
2026-06-01 15:00:00;71567.91;71677.55;71066.33;71129.62
2026-06-01 14:00:00;71711.89;71887.6;71363.43;71567.91
2026-06-01 13:00:00;72221.74;72243.52;71389.88;71711.89
2026-06-01 12:00:00;72480;72610;71902.98;72221.73
2026-06-01 11:00:00;72748.88;72768.11;72290;72479.99
2026-06-01 10:00:00;72880;72900.73;72592.27;72748.88
2026-06-01 09:00:00;72902.64;73095.64;72600;72880
2026-06-01 08:00:00;72818;72921.38;72610.03;72902.65
2026-06-01 07:00:00;73135.75;73203.85;72704;72818
2026-06-01 06:00:00;73349.99;73368;72950.01;73135.74
2026-06-01 05:00:00;73536.01;73541.48;73328.32;73350
2026-06-01 04:00:00;73769.06;73841.37;73348.74;73536.01
2026-06-01 03:00:00;73789.99;74019.58;73735.47;73769.06
2026-06-01 02:00:00;73292.92;73892.52;73222;73790
2026-06-01 01:00:00;73885.01;73916.01;73278.02;73292.92
2026-06-01 00:00:00;73674.39;74092;73654.06;73885
2026-05-31 23:00:00;73944.62;74198;73500;73674.39
2026-05-31 22:00:00;73892.52;73997.56;73686;73944.62
2026-05-31 21:00:00;73739.67;73924;73626.67;73892.52
2026-05-31 20:00:00;73563.41;73760;73563.41;73739.66
2026-05-31 19:00:00;73603.68;73649.93;73456.48;73563.42
2026-05-31 18:00:00;73709.43;73713.34;73585.49;73603.69
2026-05-31 17:00:00;73526.15;73734;73466.67;73709.44
2026-05-31 16:00:00;73655.2;73730;73400;73526.14
2026-05-31 15:00:00;73602.18;73775.79;73588.8;73655.21
2026-05-31 14:00:00;73872.8;73872.8;73483.05;73602.17
2026-05-31 13:00:00;73920;74023.99;73807.43;73872.8
2026-05-31 12:00:00;73937.63;73995.88;73874;73920
2026-05-31 11:00:00;73900;73972;73899.99;73937.79
2026-05-31 10:00:00;73841.79;73900;73699.2;73900
2026-05-31 09:00:00;73937.62;74024;73813.44;73841.79
2026-05-31 08:00:00;73871.25;73980;73850.05;73937.61
2026-05-31 07:00:00;74054.86;74054.87;73836;73871.24
2026-05-31 06:00:00;74055.99;74109.39;73985.34;74054.87
2026-05-31 05:00:00;74178.41;74207.2;74055.16;74055.98
2026-05-31 04:00:00;74150.64;74221.33;74109;74178.4
2026-05-31 03:00:00;74090.84;74226.78;74074.05;74150.64
2026-05-31 02:00:00;74058.01;74243.94;73890.49;74090.84
2026-05-31 01:00:00;74038.2;74275.66;74028.64;74058.01
2026-05-31 00:00:00;73884.38;74041.72;73858.56;74038.2
2026-05-30 23:00:00;73883.3;73995.98;73781.3;73884.38
2026-05-30 22:00:00;73981.99;73982;73796.01;73883.3
2026-05-30 21:00:00;73979.85;74054;73929.07;73981.99
2026-05-30 20:00:00;74016.64;74016.65;73926.68;73979.84
2026-05-30 19:00:00;74043.39;74072;73971.3;74016.65
2026-05-30 18:00:00;74020.06;74143.76;73945;74043.38
2026-05-30 17:00:00;73935;74047.26;73811.3;74020.07
2026-05-30 16:00:00;73930.13;73985.84;73880.1;73934.99
2026-05-30 15:00:00;73929.11;74042.88;73836.7;73930.14
2026-05-30 14:00:00;73829.31;74100;73820.91;73929.11
2026-05-30 13:00:00;73698.17;73837.06;73676.1;73829.31
2026-05-30 12:00:00;73602.01;73717.07;73594.4;73698.18
2026-05-30 11:00:00;73655.85;73655.86;73564.62;73602.02
2026-05-30 10:00:00;73615.46;73680.75;73592.57;73655.85
2026-05-30 09:00:00;73530.07;73615.47;73503.07;73615.46
2026-05-30 08:00:00;73548.6;73567.59;73500.02;73530.07
2026-05-30 07:00:00;73584.99;73588.2;73486;73548.6
2026-05-30 06:00:00;73604.99;73709.91;73530;73584.99
2026-05-30 05:00:00;73402.85;73635;73346.85;73604.99
2026-05-30 04:00:00;73524.01;73575;73216;73402.84
2026-05-30 03:00:00;73786.7;73796.43;73524.01;73524.01
2026-05-30 02:00:00;73657.9;73786.7;73613.85;73786.69
2026-05-30 01:00:00;73498.8;73663.08;73472.8;73657.9
2026-05-30 00:00:00;73460.78;73579.82;73408.62;73498.8
2026-05-29 23:00:00;73483.51;73510;73320;73460.78
2026-05-29 22:00:00;73409.27;73571.81;73379.79;73483.52
2026-05-29 21:00:00;73673.62;73844;73408.8;73409.27
2026-05-29 20:00:00;73520.29;73760;73514;73673.61
2026-05-29 19:00:00;73374.51;73727.95;73239.36;73520.28
2026-05-29 18:00:00;73980.94;74065.29;73187.25;73374.52
2026-05-29 17:00:00;74056.49;74514.1;73925.33;73980.94
2026-05-29 16:00:00;73808.25;74124.73;73565.73;74056.5
2026-05-29 15:00:00;73096.84;74200;73008.98;73808.26
2026-05-29 14:00:00;73135.7;73198.17;72512.49;73096.85
2026-05-29 13:00:00;73295.73;73346.04;72900.46;73135.7
2026-05-29 12:00:00;73487.98;73487.98;73202;73295.73
2026-05-29 11:00:00;73634.64;73700.41;73341.85;73487.98
2026-05-29 10:00:00;73744.96;73749.53;73588.13;73634.64
2026-05-29 09:00:00;73653.4;73902.85;73649.58;73744.96
2026-05-29 08:00:00;73528.55;73835.58;73524;73653.4
2026-05-29 07:00:00;73786.32;73830.01;73373.37;73528.56
2026-05-29 06:00:00;73706;73939.19;73641.05;73786.32
2026-05-29 05:00:00;73507.68;73719.39;73500;73706
2026-05-29 04:00:00;73301.53;73508.97;73210.21;73507.69
2026-05-29 03:00:00;73225.07;73456.63;73225.07;73301.52
2026-05-29 02:00:00;73586.83;73646.68;73189.11;73225.06
2026-05-29 01:00:00;73716.37;73868.33;73463.52;73586.83
2026-05-29 00:00:00;73617.52;73854.77;73617.51;73716.37
2026-05-28 23:00:00;73464.8;73714.9;73464.79;73617.51
2026-05-28 22:00:00;73817.31;73949.22;73448.55;73464.8
2026-05-28 21:00:00;73580;73926.22;73560.45;73817.31
2026-05-28 20:00:00;73419.31;73721.45;73241.48;73579.99
2026-05-28 19:00:00;73652.87;73652.88;73381.81;73419.32
2026-05-28 18:00:00;73554.81;73749.69;73514.57;73652.88
2026-05-28 17:00:00;73440.66;73734.72;73316.31;73554.82
2026-05-28 16:00:00;72928.73;73440.67;72741.4;73440.67
2026-05-28 15:00:00;73033.06;73180.01;72700;72928.73
2026-05-28 14:00:00;73022.01;73573.21;72582.82;73033.06
2026-05-28 13:00:00;73518.01;73574.6;72771.64;73022.02
2026-05-28 12:00:00;73505.65;73580.75;73245.56;73518.01
2026-05-28 11:00:00;73400.01;73532.01;73319.36;73505.66
2026-05-28 10:00:00;73541.25;73616;73349.91;73400.01
2026-05-28 09:00:00;73325.88;73560;73261.6;73541.24
2026-05-28 08:00:00;73498;73500;73193.13;73325.88
2026-05-28 07:00:00;73202.71;73512.14;73158;73498
2026-05-28 06:00:00;72990.87;73213.11;72761.11;73202.7
2026-05-28 05:00:00;73181.95;73181.95;72908.67;72990.87
2026-05-28 04:00:00;73258;73260.01;72728.85;73181.95
2026-05-28 03:00:00;74287.43;74380.39;73060.59;73258.01
2026-05-28 02:00:00;74344.07;74400;74127.57;74287.42
2026-05-28 01:00:00;74570.67;74590.77;74156;74344.08
2026-05-28 00:00:00;74449.31;74580;74366.89;74570.66
2026-05-27 23:00:00;74418.12;74572;74243.99;74449.3
2026-05-27 22:00:00;74473.01;74775.5;74260.91;74418.13
2026-05-27 21:00:00;75274.58;75274.58;74341.76;74473.01
2026-05-27 20:00:00;75066.09;75415.81;75056.25;75274.58
2026-05-27 19:00:00;75026.67;75105.17;74952.36;75066.08
2026-05-27 18:00:00;74860.42;75032.01;74663.45;75026.67
2026-05-27 17:00:00;75304.01;75344.01;74685.58;74860.42
2026-05-27 16:00:00;75326.02;75408.01;75000;75304.01
2026-05-27 15:00:00;75031.92;75502.29;74983.77;75326.01
2026-05-27 14:00:00;75073.4;75274.11;74758.33;75031.92
2026-05-27 13:00:00;75688.01;75760;74866.18;75073.4
2026-05-27 12:00:00;75769.18;76174.15;75575.75;75688
2026-05-27 11:00:00;75909.82;76029.24;75754.1;75769.18
2026-05-27 10:00:00;75912.61;76043.94;75880;75909.82
2026-05-27 09:00:00;75873.25;75978.01;75710.76;75912.6
2026-05-27 08:00:00;75977.16;76071.41;75843.02;75873.24
2026-05-27 07:00:00;75838.65;75980;75764;75977.17
2026-05-27 06:00:00;75697.99;75900;75690.01;75838.65
2026-05-27 05:00:00;75579.01;75739.36;75579;75697.99
2026-05-27 04:00:00;75683;75706.77;75310.9;75579.01
2026-05-27 03:00:00;75879.01;75966.91;75607.62;75683
2026-05-27 02:00:00;75877.44;75890.59;75682.99;75879
2026-05-27 01:00:00;76085;76104.02;75824;75877.44
2026-05-27 00:00:00;75930.01;76089.7;75872.71;76085.01
2026-05-26 23:00:00;75749.02;75986.45;75749.02;75930.01
2026-05-26 22:00:00;75890;75998.94;75677.97;75749.02
2026-05-26 21:00:00;76106.86;76117.31;75850;75890
2026-05-26 20:00:00;76052;76180;75982.64;76106.86
2026-05-26 19:00:00;75840.55;76104.49;75805.23;76052
2026-05-26 18:00:00;75935.09;76273.66;75779.3;75840.55
2026-05-26 17:00:00;76558;76649.91;75850;75935.08
2026-05-26 16:00:00;76518.1;76710.01;76209.58;76558
2026-05-26 15:00:00;76908.01;77012;76272.63;76518.1
2026-05-26 14:00:00;77231.56;78080;76724.63;76908.01
2026-05-26 13:00:00;77132.51;77464.01;76691.88;77231.56
2026-05-26 12:00:00;77183.56;77232.52;76877.94;77132.5
2026-05-26 11:00:00;77430;77516.93;77174.94;77183.55
2026-05-26 10:00:00;76672.2;77621.75;76586.94;77430
2026-05-26 09:00:00;76726.37;76804;76649.79;76672.19
2026-05-26 08:00:00;76730.84;76852.01;76693.21;76726.37
2026-05-26 07:00:00;76908;76924.55;76603.73;76730.84
2026-05-26 06:00:00;76930;77059.74;76775;76908.01
2026-05-26 05:00:00;76749.51;76989.23;76704.8;76930.01
2026-05-26 04:00:00;76664;76817.28;76606.79;76749.5
2026-05-26 03:00:00;76660;76705.71;76475.59;76664.01
2026-05-26 02:00:00;76756.98;76810;76512.98;76660
2026-05-26 01:00:00;76792.24;76888.01;76590.9;76756.98
2026-05-26 00:00:00;77322.01;77345;76575.49;76792.71
2026-05-25 23:00:00;77116.21;77367.44;77072.36;77322.01
2026-05-25 22:00:00;77367.03;77449.94;77019.82;77116.21
2026-05-25 21:00:00;77273.06;77396.08;77273.05;77367.03
2026-05-25 20:00:00;77441.85;77500;77220;77273.06
2026-05-25 19:00:00;77543.39;77543.39;77343.61;77441.86
2026-05-25 18:00:00;77564;77658.01;77543.38;77543.39
2026-05-25 17:00:00;77735.69;77804.48;77550.39;77564.01
2026-05-25 16:00:00;77628.82;77807.29;77508.88;77735.69
2026-05-25 15:00:00;77713.99;77905.52;77557;77628.82
2026-05-25 14:00:00;77341.05;77773.69;77304.84;77714
2026-05-25 13:00:00;77367.98;77450;77286.5;77341.05
2026-05-25 12:00:00;77357.5;77440.46;77286.5;77367.98
2026-05-25 11:00:00;77545.65;77545.65;77333.33;77357.5
2026-05-25 10:00:00;77604.56;77681.37;77490.37;77545.65
2026-05-25 09:00:00;77456.94;77699.97;77425.17;77604.56
2026-05-25 08:00:00;77401.11;77469.64;77280.32;77456.94
2026-05-25 07:00:00;77419.87;77520;77184.62;77401.12
2026-05-25 06:00:00;77406.99;77650;77222.22;77419.87
2026-05-25 05:00:00;77391.07;77498;77324;77407
2026-05-25 04:00:00;77026.68;77450;76990.78;77391.07
2026-05-25 03:00:00;77108.77;77169.88;77002.3;77026.67
2026-05-25 02:00:00;76945.28;77485;76945.28;77108.77
2026-05-25 01:00:00;77153.01;77245.67;76914.25;76945.27
2026-05-25 00:00:00;77064.96;77288;77064.95;77153.01
2026-05-24 23:00:00;76803.99;77225.97;76803.99;77064.96
2026-05-24 22:00:00;76151.14;77012.01;76132;76803.99
2026-05-24 21:00:00;76668.41;76748.12;76108;76151.14
2026-05-24 20:00:00;76773.33;76796.18;76596.37;76668.4
2026-05-24 19:00:00;76665.72;76783.51;76611.17;76773.34
2026-05-24 18:00:00;76693.34;76788.01;76596;76665.73
2026-05-24 17:00:00;76671.69;76799.99;76566.15;76693.34
2026-05-24 16:00:00;76371.59;76734.3;76371.59;76671.7
2026-05-24 15:00:00;76465.15;76539.38;76362.78;76371.59
2026-05-24 14:00:00;76802.23;76840.01;76195.36;76465.16
2026-05-24 13:00:00;77118.72;77127.54;76688.89;76802.23
2026-05-24 12:00:00;77320.06;77325.72;77044.73;77118.73
2026-05-24 11:00:00;77190.73;77356.62;77190.73;77320.06
2026-05-24 10:00:00;77020.54;77543.15;76927.04;77190.74
2026-05-24 09:00:00;76830.69;77046.67;76821.86;77020.53
2026-05-24 08:00:00;76799.99;76861.77;76734.42;76830.69
2026-05-24 07:00:00;76987.58;77014.24;76786.2;76799.99
2026-05-24 06:00:00;76822.23;77065.94;76716.02;76987.58
2026-05-24 05:00:00;76786.5;76861.78;76651.59;76822.23
2026-05-24 04:00:00;76750.01;76858.26;76730;76786.5
2026-05-24 03:00:00;76830.01;77011.62;76738.5;76750
2026-05-24 02:00:00;76890.04;76968.04;76704.32;76830
2026-05-24 01:00:00;76835.16;76921.45;76754.53;76890.04
2026-05-24 00:00:00;76752;76930.65;76629.02;76835.16
2026-05-23 23:00:00;76584.45;76822;76538.36;76752.01
2026-05-23 22:00:00;76805;76885;76396.06;76584.45
2026-05-23 21:00:00;77286.08;77404.18;76538.04;76804.99
2026-05-23 20:00:00;75983.45;77300;75953.94;77287.58
2026-05-23 19:00:00;75845.82;76012.22;75780.9;75983.45
2026-05-23 18:00:00;75488.17;75986.24;75472.04;75845.82
2026-05-23 17:00:00;75444.71;75522;75371.72;75488.18
2026-05-23 16:00:00;75519.99;75638.62;75415.17;75444.7
2026-05-23 15:00:00;75537.73;75676;75405.4;75520
2026-05-23 14:00:00;75213.9;75726.3;75108.15;75537.72
2026-05-23 13:00:00;74753.94;75262.86;74753.93;75213.9
2026-05-23 12:00:00;74789.99;74798.41;74660.05;74753.93
2026-05-23 11:00:00;74705;74873.55;74704.99;74789.99
2026-05-23 10:00:00;74656.91;74797.01;74656.91;74705
2026-05-23 09:00:00;74684.29;74752.45;74624.5;74656.91
2026-05-23 08:00:00;74609.37;74746.67;74303.56;74684.3
2026-05-23 07:00:00;75398.33;75443.44;74289.6;74609.36
2026-05-23 06:00:00;75482.68;75501.09;75394.54;75398.33
2026-05-23 05:00:00;75539.77;75562.4;75469.89;75482.68
2026-05-23 04:00:00;75635.22;75650.63;75507.01;75539.77
2026-05-23 03:00:00;75572.07;75664.62;75563.33;75635.22
2026-05-23 02:00:00;75489.83;75581.27;75417.56;75572.07
2026-05-23 01:00:00;75352.64;75500;75350;75489.84
2026-05-23 00:00:00;75539.5;75635.59;75220;75352.64
2026-05-22 23:00:00;75737.53;75881.18;75359.18;75539.5
2026-05-22 22:00:00;75978.83;75978.84;75558.28;75737.52
2026-05-22 21:00:00;75984.47;76087.85;75926.2;75978.83
2026-05-22 20:00:00;75860.44;76080.95;75826;75984.47
2026-05-22 19:00:00;76537.47;76590.68;75668.76;75860.44
2026-05-22 18:00:00;76750.01;76898;76101;76537.47
2026-05-22 17:00:00;76950.67;77093.72;76750;76750
2026-05-22 16:00:00;76790.6;77006.69;76767;76950.68
2026-05-22 15:00:00;76774.23;77030.64;76570;76790.59
2026-05-22 14:00:00;77290;77290;76751;76774.23
2026-05-22 13:00:00;77533.91;77547.56;77130.99;77290.01
2026-05-22 12:00:00;77428.83;77584.94;77395.45;77533.9
2026-05-22 11:00:00;77311.99;77430.55;77184.45;77428.84
2026-05-22 10:00:00;77307.12;77363.01;77261.73;77312
2026-05-22 09:00:00;77267.39;77360;77200;77307.11
2026-05-22 08:00:00;77408.07;77535;77216;77267.38
2026-05-22 07:00:00;77423.41;77543.38;77288.77;77408.06
2026-05-22 06:00:00;77489;77525.85;77370.4;77423.41
2026-05-22 05:00:00;77655.43;77726;77454.56;77489
2026-05-22 04:00:00;77779.98;77900;77637.99;77655.42
2026-05-22 03:00:00;77673.37;77817.8;77673.36;77779.98
2026-05-22 02:00:00;77616;77728.01;77593.16;77673.36
2026-05-22 01:00:00;77373.57;77673.5;77327.28;77616
2026-05-22 00:00:00;77615.52;77628.38;77369.49;77373.57
2026-05-21 23:00:00;77628.01;77745.39;77534.43;77615.52
2026-05-21 22:00:00;77672.3;77750.61;77555.33;77628
2026-05-21 21:00:00;77705.8;77813.35;77645.4;77672.29
2026-05-21 20:00:00;77690.56;77804.75;77647.75;77705.81
2026-05-21 19:00:00;77387.74;77802.51;77365.97;77690.56
2026-05-21 18:00:00;77869.38;77922.01;77230;77387.74
2026-05-21 17:00:00;77207.92;78098.16;77181.83;77869.38
2026-05-21 16:00:00;77259.45;77344.01;77008.75;77207.93
2026-05-21 15:00:00;76984.61;77402.12;76900;77259.46
2026-05-21 14:00:00;77122.67;77240.82;76788.8;76984.61
2026-05-21 13:00:00;77278.52;77358.05;76719.47;77122.68
2026-05-21 12:00:00;77189.1;77363.32;77080.72;77278.53
2026-05-21 11:00:00;77198.09;77372;77147.15;77189.1
2026-05-21 10:00:00;77633.03;77678.01;77190.09;77198.08
2026-05-21 09:00:00;77924.63;77977.53;77633.02;77633.02
2026-05-21 08:00:00;77889.01;78200;77885.53;77924.63
2026-05-21 07:00:00;77622.14;77901.06;77521;77889.01
2026-05-21 06:00:00;77828;77873.15;77533.45;77622.14
2026-05-21 05:00:00;78035.8;78147.07;77714.94;77828
2026-05-21 04:00:00;78078.72;78180.01;77965.36;78035.8
2026-05-21 03:00:00;77955.78;78098.85;77908;78078.72
2026-05-21 02:00:00;77863.85;78100;77820.1;77955.78
2026-05-21 01:00:00;77967.09;78173.15;77800;77863.85
2026-05-21 00:00:00;77552.24;78071.42;77525;77967.09
2026-05-20 23:00:00;77504.69;77559.34;77386.93;77552.23
2026-05-20 22:00:00;77500.01;77504.69;77226.61;77504.69
2026-05-20 21:00:00;77720.01;77766.6;77500;77500.01
2026-05-20 20:00:00;77667.49;77760;77476.19;77720.01
2026-05-20 19:00:00;77415.09;77709.68;77350.71;77667.49
2026-05-20 18:00:00;77568.95;77634.52;77398.63;77415.09
2026-05-20 17:00:00;77338.6;77713.66;77230.86;77568.95
2026-05-20 16:00:00;77455.45;77557;77018.38;77338.6
2026-05-20 15:00:00;77446.01;77853.04;77300;77455.46
2026-05-20 14:00:00;77204.61;77574.29;76891.61;77446.08
2026-05-20 13:00:00;77617.26;77650.62;76968.05;77204.61
2026-05-20 12:00:00;77382.5;77748.05;77365.52;77617.26
2026-05-20 11:00:00;77517.46;77569.1;77328.2;77382.49
2026-05-20 10:00:00;77485.14;77663;77485.14;77517.45
2026-05-20 09:00:00;77458.05;77543.59;77365.94;77485.13
2026-05-20 08:00:00;77282.65;77635.52;77210.33;77458.04
2026-05-20 07:00:00;77414.1;77472.21;77241.13;77282.64
2026-05-20 06:00:00;77196.99;77422;77179.93;77414.11
2026-05-20 05:00:00;76780.37;77320;76780.37;77196.99
2026-05-20 04:00:00;76723.55;76836.82;76692;76780.37
2026-05-20 03:00:00;76690.42;76829.61;76604.99;76723.54
2026-05-20 02:00:00;76820.98;76909.62;76600;76690.42
2026-05-20 01:00:00;76788.83;76922.46;76536.59;76820.98
2026-05-20 00:00:00;76834.36;76896.5;76516.74;76788.83
2026-05-19 23:00:00;76712.22;76980.07;76670.52;76834.36
2026-05-19 22:00:00;76982.34;76982.34;76642.95;76712.21
2026-05-19 21:00:00;77022.22;77040.83;76973.76;76982.34
2026-05-19 20:00:00;76818.73;77040.24;76818.73;77022.23
2026-05-19 19:00:00;76803.28;77065.8;76765.14;76818.74
2026-05-19 18:00:00;76856.76;76947.2;76744.8;76803.28
2026-05-19 17:00:00;76894.59;77015.41;76759.39;76856.76
2026-05-19 16:00:00;76521.24;76911;76407.72;76894.59
2026-05-19 15:00:00;76392.43;76675.76;76337.97;76521.23
2026-05-19 14:00:00;76872.74;77023.75;76144.71;76392.43
2026-05-19 13:00:00;76940.2;77048.72;76596;76872.75
2026-05-19 12:00:00;76714.61;76982.89;76650.06;76940.21
2026-05-19 11:00:00;77041.87;77076.53;76633.83;76714.62
2026-05-19 10:00:00;76818.8;77103.97;76704;77041.87
2026-05-19 09:00:00;77048.72;77074.05;76709.29;76818.8
2026-05-19 08:00:00;77233.68;77317.02;76972.96;77048.71
2026-05-19 07:00:00;77029.41;77278.57;76974.72;77233.69
2026-05-19 06:00:00;76911.25;77108.68;76886.13;77029.4
2026-05-19 05:00:00;76927.25;77000;76644.98;76911.24
2026-05-19 04:00:00;76787.1;76943.75;76700;76927.25
2026-05-19 03:00:00;76617.46;76867.23;76586.11;76787.11
2026-05-19 02:00:00;76667.01;76997.33;76487.83;76617.47
2026-05-19 01:00:00;77140.86;77156.2;76667;76667.01
2026-05-19 00:00:00;77001.88;77414.62;76955.99;77140.87
2026-05-18 23:00:00;77078.22;77160.79;76948.8;77001.87
2026-05-18 22:00:00;77103.04;77222.79;76937.19;77078.22
2026-05-18 21:00:00;76909.92;77174.23;76800;77103.05
2026-05-18 20:00:00;76928;77182.14;76874.73;76909.92
2026-05-18 19:00:00;76252.01;76995;76235;76928
2026-05-18 18:00:00;76706.38;76706.38;76144.24;76252.5
2026-05-18 17:00:00;76410;76757.21;76366.13;76706.39
2026-05-18 16:00:00;76409.46;76665.68;76218;76410.01
2026-05-18 15:00:00;76393.66;76485.29;76051;76409.46
2026-05-18 14:00:00;76937.7;76954.25;76230.02;76393.65
2026-05-18 13:00:00;77639.99;77639.99;76695.31;76937.7
2026-05-18 12:00:00;77285.83;77800;77275.96;77639.98
2026-05-18 11:00:00;76764.75;77403.48;76668.58;77285.83
2026-05-18 10:00:00;76933.17;76957.35;76716.99;76764.74
2026-05-18 09:00:00;77040.43;77048.14;76877.17;76933.16
2026-05-18 08:00:00;77073.69;77181.88;76890.34;77040.42
2026-05-18 07:00:00;76912.53;77089.29;76771.53;77073.69
2026-05-18 06:00:00;76931.4;76967.8;76583.33;76912.52
2026-05-18 05:00:00;77038.49;77080.93;76884.33;76931.4
2026-05-18 04:00:00;76924.66;77069.77;76772.01;77038.49
2026-05-18 03:00:00;76835.41;77030.42;76817.14;76924.65
2026-05-18 02:00:00;77109.21;77222.03;76707.61;76835.41
2026-05-18 01:00:00;77209.95;77291.54;76744.95;77109.22
2026-05-18 00:00:00;77457.67;77477.99;76916.6;77209.95
2026-05-17 23:00:00;77997.24;78008.18;76735.16;77457.67
2026-05-17 22:00:00;78405.72;78414.16;77830;77997.24
2026-05-17 21:00:00;78277.36;78485.36;78243.5;78405.72
2026-05-17 20:00:00;78415.29;78435.32;78248.8;78277.36
2026-05-17 19:00:00;78268.04;78468.46;78209.96;78415.3
2026-05-17 18:00:00;78089.99;78271.59;78014.33;78268.05
2026-05-17 17:00:00;78034.37;78092.44;77856.69;78089.98
2026-05-17 16:00:00;78051.42;78193.66;78025.23;78034.36
2026-05-17 15:00:00;78051.51;78119.42;77920.76;78051.41
2026-05-17 14:00:00;78202.91;78217.33;77850;78051.51
2026-05-17 13:00:00;78364.83;78364.83;78173.15;78202.91
2026-05-17 12:00:00;78415.99;78550;78333.8;78364.83
2026-05-17 11:00:00;78465.99;78473.82;78289;78415.99
2026-05-17 10:00:00;78249.33;78599.99;78249.03;78465.99
2026-05-17 09:00:00;78089.8;78293.97;78073.52;78249.33
2026-05-17 08:00:00;78180;78200.91;78033.01;78089.8
2026-05-17 07:00:00;78104.79;78208.69;78053.79;78180.01
2026-05-17 06:00:00;78121.41;78204.01;78017;78104.8
2026-05-17 05:00:00;78158.08;78323.96;78102.42;78121.41
2026-05-17 04:00:00;78028.88;78203.93;78003.35;78158.09
2026-05-17 03:00:00;77895.5;78079.3;77888;78028.88
2026-05-17 02:00:00;77725.72;77938;77725.71;77895.51
2026-05-17 01:00:00;77945.85;78114;77721.19;77725.71
2026-05-17 00:00:00;78148.05;78243.19;77812;77945.85
2026-05-16 23:00:00;78186.25;78267.46;78125.32;78148.05
2026-05-16 22:00:00;78265.73;78279.28;78171.02;78186.25
2026-05-16 21:00:00;78261;78308.33;78206.85;78265.73
2026-05-16 20:00:00;78259.67;78318.94;78201.42;78261
2026-05-16 19:00:00;78229.82;78314.69;78204.22;78259.66
2026-05-16 18:00:00;78201.5;78327.75;78142.99;78229.81
2026-05-16 17:00:00;78205.96;78320.41;78199;78201.5
2026-05-16 16:00:00;78238.68;78364.65;78119.72;78205.96
2026-05-16 15:00:00;78130.55;78285;78078.22;78238.67
2026-05-16 14:00:00;78014.6;78346;77895.2;78130.55
2026-05-16 13:00:00;78007.24;78014.6;77833.4;78014.6
2026-05-16 12:00:00;78080.46;78133.38;77918.62;78007.23
2026-05-16 11:00:00;77959.99;78193.88;77959.99;78081.71
2026-05-16 10:00:00;78083.47;78101.43;77640;77960
2026-05-16 09:00:00;78426.55;78440.81;77906.1;78083.48
2026-05-16 08:00:00;78369.78;78530.52;78334.21;78426.56
2026-05-16 07:00:00;78648;78651.63;78066;78369.77
2026-05-16 06:00:00;79027.36;79047.94;78459.87;78648
2026-05-16 05:00:00;79035.25;79039.49;78933.63;79027.37
2026-05-16 04:00:00;79083.19;79129.71;78860;79035.26
2026-05-16 03:00:00;79155.55;79187.71;79059.77;79083.18
2026-05-16 02:00:00;79168;79211.77;79080.1;79155.54
2026-05-16 01:00:00;79111.92;79186.05;79010;79168
2026-05-16 00:00:00;79113.2;79227.77;79075.09;79111.92
2026-05-15 23:00:00;79107.38;79161.86;79077.96;79113.21
2026-05-15 22:00:00;78973.5;79145.44;78973.49;79107.38
2026-05-15 21:00:00;79123.13;79200;78911.42;78973.5
2026-05-15 20:00:00;79146.5;79217.07;79000;79123.12
2026-05-15 19:00:00;79284.01;79290;79051;79146.5
2026-05-15 18:00:00;79460;79561.94;79170.47;79284
2026-05-15 17:00:00;79294.31;79504.83;79224;79460
2026-05-15 16:00:00;79150.26;79382.3;79131.01;79294.31
2026-05-15 15:00:00;79150.36;79369.36;79013.81;79150.27
2026-05-15 14:00:00;78758.59;79353.32;78659;79150.37
2026-05-15 13:00:00;80385.1;80385.11;78698.69;78758.59
2026-05-15 12:00:00;80628.52;80635.44;80340.83;80385.11
2026-05-15 11:00:00;80716.22;80750.56;80590.08;80628.53
2026-05-15 10:00:00;80489.81;80776.33;80407.6;80716.23
2026-05-15 09:00:00;80638;80670.51;80369;80489.8
2026-05-15 08:00:00;80814.88;80822.95;80415.84;80638
2026-05-15 07:00:00;80580;81003.37;80559.88;80814.88
2026-05-15 06:00:00;80360.01;80644.5;80314.01;80580
2026-05-15 05:00:00;80724.71;80882.45;80314;80360.01
2026-05-15 04:00:00;81059.15;81100;80709.09;80724.71
2026-05-15 03:00:00;81299.14;81340.81;80930.82;81059.15
2026-05-15 02:00:00;81131;81350;80750;81299.14
2026-05-15 01:00:00;81518.66;81612.73;81106.2;81131.01
2026-05-15 00:00:00;81090;81664.45;81068.52;81518.67
2026-05-14 23:00:00;81456;81456;81059.93;81089.99
2026-05-14 22:00:00;81396.61;81559.71;81335.48;81456
2026-05-14 21:00:00;81412.05;81526.08;81268.38;81396.61
2026-05-14 20:00:00;81419.75;81590.19;81166.22;81412.04
2026-05-14 19:00:00;81582;81718.73;81330.12;81419.74
2026-05-14 18:00:00;81668.49;81949.15;81440.38;81581.99
2026-05-14 17:00:00;81888.4;82048.13;81271;81668.48
2026-05-14 16:00:00;81301.22;81904.44;81080.25;81888.4
2026-05-14 15:00:00;80964.84;81332.23;80816.08;81301.23
2026-05-14 14:00:00;79701.73;81020;79561.52;80964.85
2026-05-14 13:00:00;79767.1;80059.71;79670.88;79701.73
2026-05-14 12:00:00;79258.27;79775.02;79230.31;79767.11
2026-05-14 11:00:00;79570.01;79600;79234;79258.27
2026-05-14 10:00:00;79635.53;79756.98;79409.42;79570.01
2026-05-14 09:00:00;79821.55;79905.99;79569.81;79635.52
2026-05-14 08:00:00;79745.99;79936.98;79644.44;79821.56
2026-05-14 07:00:00;79804.72;79937.59;79702.05;79745.98
2026-05-14 06:00:00;79809.15;79953.35;79769.12;79804.71
2026-05-14 05:00:00;79451.62;79998;79359.49;79809.16
2026-05-14 04:00:00;79044.86;79474.41;78982.06;79451.63
2026-05-14 03:00:00;79370.24;79460;78922;79044.85
2026-05-14 02:00:00;79604.61;79676.11;79222.22;79370.24
2026-05-14 01:00:00;79580;79681.73;79409.42;79604.6
2026-05-14 00:00:00;79313.61;79681.73;79308;79580
2026-05-13 23:00:00;79428.46;79499.01;79233.83;79313.61
2026-05-13 22:00:00;79398.54;79470;79228;79428.46
2026-05-13 21:00:00;79698.95;79705.73;79340.39;79398.54
2026-05-13 20:00:00;79642.41;79760;79622.7;79698.95
2026-05-13 19:00:00;79598.15;79646.29;79400;79642.41
2026-05-13 18:00:00;79514.97;79800;79514.97;79598.15
2026-05-13 17:00:00;79108.39;79556.36;79100;79514.97
2026-05-13 16:00:00;78827.21;79222.22;78754.65;79108.39
2026-05-13 15:00:00;79756.02;79856.08;78807.22;78827.21
2026-05-13 14:00:00;79656.01;79898;79481.56;79756.01
2026-05-13 13:00:00;80202.78;80345.45;79576.47;79656.01
2026-05-13 12:00:00;80501.22;80592.65;79852;80202.78
2026-05-13 11:00:00;80809.01;80843.87;80494.98;80501.22
2026-05-13 10:00:00;81291.37;81298.5;80809.01;80809.01
2026-05-13 09:00:00;81196.57;81324.64;81137.77;81291.38
2026-05-13 08:00:00;81026.92;81200;80943.63;81196.57
2026-05-13 07:00:00;80980.06;81049.01;80889.12;81026.92
2026-05-13 06:00:00;81020;81160.36;80972.94;80980.05
2026-05-13 05:00:00;81231.96;81247.22;80999.99;81019.99
2026-05-13 04:00:00;81249.99;81281.07;81124.87;81231.96
2026-05-13 03:00:00;81050;81299.99;80976.27;81249.99
2026-05-13 02:00:00;81005.99;81281.66;80934.69;81050
2026-05-13 01:00:00;80718;81195.69;80683.12;81006
2026-05-13 00:00:00;80504.47;80768.95;80412.15;80718
2026-05-12 23:00:00;80656.44;80714;80439.91;80504.47
2026-05-12 22:00:00;80587.45;80791.94;80587.45;80656.43
2026-05-12 21:00:00;80696.87;80738;80497;80587.44
2026-05-12 20:00:00;80835.3;80896.25;80642.85;80696.87
2026-05-12 19:00:00;80679.11;80874.42;80679.11;80834.64
2026-05-12 18:00:00;80527.69;80763.81;80430;80679.12
2026-05-12 17:00:00;80000.01;80593.06;79951.05;80527.69
2026-05-12 16:00:00;80336.01;80435.99;79843.59;80000.01
2026-05-12 15:00:00;80540;80676.78;80188.65;80336.01
2026-05-12 14:00:00;80466.91;80888.01;80397.88;80540
2026-05-12 13:00:00;80881.25;80928.26;80397.07;80466.91
2026-05-12 12:00:00;80784.86;80999;80619.19;80881.26
2026-05-12 11:00:00;80666.38;80785.38;80496.57;80784.87
2026-05-12 10:00:00;80837.15;80848.27;80601.27;80666.37
2026-05-12 09:00:00;80843.3;80963.35;80720;80837.15
2026-05-12 08:00:00;80865.4;80964.13;80760.53;80843.31
2026-05-12 07:00:00;81022.44;81137.27;80800.77;80865.4
2026-05-12 06:00:00;81224.04;81300;81010.01;81022.44
2026-05-12 05:00:00;81240.01;81305.24;81181.56;81224.03
2026-05-12 04:00:00;81058.79;81303.99;81000;81240.01
2026-05-12 03:00:00;81249.93;81294.42;81024.41;81058.8
2026-05-12 02:00:00;81199.18;81332.29;81087.63;81249.93
2026-05-12 01:00:00;81545.2;81615.67;80714.28;81199.18
2026-05-12 00:00:00;81745.66;81788;81478.75;81545.2
2026-05-11 23:00:00;81833.92;81833.92;81596.31;81745.65
2026-05-11 22:00:00;81821.18;81969.99;81729.99;81833.92
2026-05-11 21:00:00;81821.03;81906.35;81600;81821.18
2026-05-11 20:00:00;81961.99;82078.91;81758.5;81821.02
2026-05-11 19:00:00;81858.97;82091.11;81739.09;81961.99
2026-05-11 18:00:00;81941.09;82137.26;81836.15;81858.96
2026-05-11 17:00:00;81575.84;82071.77;81369.42;81941.09
2026-05-11 16:00:00;81445.89;81910.35;81344.72;81575.85
2026-05-11 15:00:00;80953.39;81458;80826.02;81445.9
2026-05-11 14:00:00;81072.01;81252.72;80462.97;80953.38
2026-05-11 13:00:00;81054.65;81332.29;80739.63;81072
2026-05-11 12:00:00;81196.95;81356.46;81029.77;81054.65
2026-05-11 11:00:00;80940;81196.95;80900;81196.94
2026-05-11 10:00:00;80966.58;81200;80940;80940
2026-05-11 09:00:00;80767.97;80997.63;80758.3;80966.57
2026-05-11 08:00:00;80740.4;80863.42;80621.87;80767.97
2026-05-11 07:00:00;80822.86;80840.3;80663.11;80740.4
2026-05-11 06:00:00;80832.34;81049.51;80762;80822.86
2026-05-11 05:00:00;80824.61;80981.8;80761.73;80832.33
2026-05-11 04:00:00;80736;80879.12;80639.99;80824.61
2026-05-11 03:00:00;81169.09;81188.97;80525;80736.01
2026-05-11 02:00:00;81501.73;81572.4;81117.64;81169.08
2026-05-11 01:00:00;81471.13;81744.85;81291.23;81501.72
2026-05-11 00:00:00;82210.07;82380;81280;81471.13
2026-05-10 23:00:00;82044.49;82479.32;82044.49;82210.07
2026-05-10 22:00:00;80720.47;82171.96;80666.66;82044.49
2026-05-10 21:00:00;80734.88;80944.44;80571.97;80720.47
2026-05-10 20:00:00;81437.83;81459.66;80279.77;80734.88
2026-05-10 19:00:00;81271.96;81481.92;81148;81437.83
2026-05-10 18:00:00;81476.18;81493.11;81231.14;81271.96
2026-05-10 17:00:00;81378.25;81583.11;81220;81476.18
2026-05-10 16:00:00;81418.01;81500;81200;81378.25
2026-05-10 15:00:00;80990.11;81442.81;80936;81418.01
2026-05-10 14:00:00;80971.66;80999.36;80816.22;80990.11
2026-05-10 13:00:00;80927.71;81000.01;80865.44;80971.67
2026-05-10 12:00:00;80821.21;80950;80784.2;80927.72
2026-05-10 11:00:00;80873.8;80975.4;80750;80821.21
2026-05-10 10:00:00;80807.95;80883.48;80691;80873.79
2026-05-10 09:00:00;80830.34;80913.8;80756.53;80807.96
2026-05-10 08:00:00;80736.03;80909.65;80715.33;80830.33
2026-05-10 07:00:00;80733.75;80827.14;80720.1;80736.03
2026-05-10 06:00:00;80700.76;80753.04;80658.97;80733.75
2026-05-10 05:00:00;80759.93;80816.52;80682;80700.77
2026-05-10 04:00:00;80774.99;80840;80722.78;80759.93
2026-05-10 03:00:00;80777.42;80887.15;80709.59;80775
2026-05-10 02:00:00;80685.55;80790;80611;80777.42
2026-05-10 01:00:00;80680.03;80690.73;80572.77;80685.56
2026-05-10 00:00:00;80678.41;80770.51;80610.64;80680.04
2026-05-09 23:00:00;80782.38;80850;80621.88;80678.4
2026-05-09 22:00:00;80780.83;80823.24;80670.01;80782.38
2026-05-09 21:00:00;80805.51;80896;80744.98;80780.83
2026-05-09 20:00:00;80938.53;80938.53;80744.98;80805.5
2026-05-09 19:00:00;80907.66;80958;80776.99;80938.53
2026-05-09 18:00:00;80812.69;81080;80787.39;80907.65
2026-05-09 17:00:00;80625;80928.56;80625;80812.7
2026-05-09 16:00:00;80527.92;80777;80487.4;80625.01
2026-05-09 15:00:00;80332.23;80600;80234;80527.92
2026-05-09 14:00:00;80391.18;80426.9;80254.71;80332.22
2026-05-09 13:00:00;80397.97;80422;80318.7;80391.18
2026-05-09 12:00:00;80345.47;80416.21;80274.03;80397.97
2026-05-09 11:00:00;80264.01;80366.07;80256.95;80345.46
2026-05-09 10:00:00;80242.54;80346.94;80166.26;80264.02
2026-05-09 09:00:00;80407.12;80415.83;80214;80242.53
2026-05-09 08:00:00;80228.88;80452.44;80220;80407.12
2026-05-09 07:00:00;80263.93;80309.05;80135;80228.89
2026-05-09 06:00:00;80379.5;80428.01;80201.6;80263.92
2026-05-09 05:00:00;80379.9;80480.49;80343;80379.49
2026-05-09 04:00:00;80383.96;80666.66;80373.55;80379.9
2026-05-09 03:00:00;80417.88;80550.67;80307.76;80383.95
2026-05-09 02:00:00;80327.75;80477.47;80327.75;80417.87
2026-05-09 01:00:00;80238.75;80446.58;80217.46;80327.75
2026-05-09 00:00:00;80193.18;80240.87;80129.85;80238.76
2026-05-08 23:00:00;80262;80299.27;80111.02;80193.17
2026-05-08 22:00:00;80264;80409.09;80238.42;80262
2026-05-08 21:00:00;80133.08;80264;80116.32;80263.99
2026-05-08 20:00:00;80180;80299.93;80089.76;80133.09
2026-05-08 19:00:00;80078.39;80181.66;79954.54;80179.94
2026-05-08 18:00:00;80060;80299.99;80059.99;80078.4
2026-05-08 17:00:00;79802.35;80261.87;79738.75;80060
2026-05-08 16:00:00;80142.13;80182.18;79741.3;79802.34
2026-05-08 15:00:00;80150.97;80200;79625;80142.14
2026-05-08 14:00:00;79647.81;80441.79;79647.8;80150.97
2026-05-08 13:00:00;80025.81;80095.99;79549.54;79647.8
2026-05-08 12:00:00;80231.22;80500;79966.14;80025.82
2026-05-08 11:00:00;80212.55;80340.94;80127.54;80231.22
2026-05-08 10:00:00;79872.72;80278.92;79788.01;80212.56
2026-05-08 09:00:00;79886;80061.17;79794.88;79872.72
2026-05-08 08:00:00;79682.4;79987.27;79666.05;79886.01
2026-05-08 07:00:00;79525.77;79727;79248.58;79682.4
2026-05-08 06:00:00;79600.01;79654;79411;79525.76
2026-05-08 05:00:00;79655.22;79778.95;79600;79600.01
2026-05-08 04:00:00;79578.84;79748;79551.26;79655.23
2026-05-08 03:00:00;79488.47;79666.66;79181.48;79578.85
2026-05-08 02:00:00;79740.01;79761.61;79316.99;79488.46
2026-05-08 01:00:00;79831.98;79900.11;79612.63;79740.01
2026-05-08 00:00:00;80006;80142.84;79729.72;79831.99
2026-05-07 23:00:00;79919;80068.03;79871.98;80006
2026-05-07 22:00:00;79735;79990;79582.95;79919.01
2026-05-07 21:00:00;79880;79934.92;79660;79735.01
2026-05-07 20:00:00;80146.77;80371.23;79859.51;79879.99
2026-05-07 19:00:00;80200.6;80224;79934.3;80146.11
2026-05-07 18:00:00;80094.52;80269.06;80004.4;80200.59
2026-05-07 17:00:00;79801.08;80135.17;79500;80094.52
2026-05-07 16:00:00;79890;80020;79646.79;79801.08
2026-05-07 15:00:00;80171.37;80271.42;79699.52;79890.63
2026-05-07 14:00:00;80503.69;80685.7;80046;80171.38
2026-05-07 13:00:00;81162;81162.01;80260.98;80503.68
2026-05-07 12:00:00;80866.65;81180;80846.87;81162.01
2026-05-07 11:00:00;80850.76;81041.15;80786.5;80866.65
2026-05-07 10:00:00;80929;80997;80572.4;80850.75
2026-05-07 09:00:00;81231.25;81231.25;80852.33;80929
2026-05-07 08:00:00;81518.57;81590;81194.74;81231.24
2026-05-07 07:00:00;81438.62;81708.32;81390.3;81518.58
2026-05-07 06:00:00;81088;81443.21;80874.41;81438.61
2026-05-07 05:00:00;80979.19;81172.27;80974.06;81088
2026-05-07 04:00:00;80834.92;80989.59;80725.09;80979.19
2026-05-07 03:00:00;81113.35;81113.35;80834.61;80834.91
2026-05-07 02:00:00;81167.79;81180.74;80883.54;81113.34
2026-05-07 01:00:00;81016.96;81284.67;80830.23;81167.8
2026-05-07 00:00:00;81447.01;81490.03;80980;81016.96
2026-05-06 23:00:00;81342.39;81447.3;81000;81447.01
2026-05-06 22:00:00;81539.16;81540.91;81240;81342.39
2026-05-06 21:00:00;81427.52;81618.77;81294.64;81539.16
2026-05-06 20:00:00;81464.86;81700;81302.35;81427.52
2026-05-06 19:00:00;81353.15;81522.41;81200;81464.87
2026-05-06 18:00:00;81452.63;81559.17;81271.06;81353.14
2026-05-06 17:00:00;81630.94;81709.32;81394;81452.63
2026-05-06 16:00:00;81704.25;81907.51;81431.16;81630.94
2026-05-06 15:00:00;81526.74;81823;81316.28;81704.25
2026-05-06 14:00:00;81670.9;81980.72;81136;81526.73
2026-05-06 13:00:00;82220.47;82220.47;81600;81670.89
2026-05-06 12:00:00;82522.88;82539.33;82164.61;82220.47
2026-05-06 11:00:00;82290.03;82850;82261.6;82522.89
2026-05-06 10:00:00;81997;82390;81953.25;82290.04
2026-05-06 09:00:00;81945.66;82060;81682.7;81997
2026-05-06 08:00:00;81359.82;81986;81328.68;81945.66
2026-05-06 07:00:00;81476.71;81611;81307.81;81359.82
2026-05-06 06:00:00;81333;81516.9;81211.34;81476.71
2026-05-06 05:00:00;81331.1;81360.3;81060;81333
2026-05-06 04:00:00;81581.7;81649.99;81270;81331.1
2026-05-06 03:00:00;81363.54;81760.84;81358.17;81581.69
2026-05-06 02:00:00;81439.34;81449.04;81047.01;81363.54
2026-05-06 01:00:00;81030;81534.23;80996;81439.34
2026-05-06 00:00:00;80905.53;81262.28;80731.14;81030.01
2026-05-05 23:00:00;81111.27;81222.03;80790;80905.52
2026-05-05 22:00:00;81407.11;81600;80817.72;81111.27
2026-05-05 21:00:00;81646.39;81791.48;81305.27;81407.11
2026-05-05 20:00:00;81606.35;81770;81510.13;81646.38
2026-05-05 19:00:00;81515;81680;81407.58;81606.35
2026-05-05 18:00:00;81270.61;81599;81270.61;81515
2026-05-05 17:00:00;81285.75;81458.26;81185.02;81270.6
2026-05-05 16:00:00;81525.19;81615.33;81050.04;81285.75
2026-05-05 15:00:00;81336.59;81689.2;81235;81525.19
2026-05-05 14:00:00;81330;81500;80939.87;81336.59
2026-05-05 13:00:00;81279.4;81712.32;81196;81330
2026-05-05 12:00:00;81014.05;81329.61;80932.54;81279.41
2026-05-05 11:00:00;80823.61;81095.48;80780;81014.05
2026-05-05 10:00:00;80586.02;80831.87;80530.82;80823.61
2026-05-05 09:00:00;80815.24;80815.24;80527.76;80586.02
2026-05-05 08:00:00;80855.59;80895.5;80723.2;80815.24
2026-05-05 07:00:00;80976;81136.59;80826;80855.59
2026-05-05 06:00:00;80969.99;81016.42;80800;80976
2026-05-05 05:00:00;80902.44;81323.52;80830.06;80970
2026-05-05 04:00:00;80893.08;80982.59;80725;80902.44
2026-05-05 03:00:00;80554.69;81083.98;80457.93;80893.08
2026-05-05 02:00:00;80351.99;80900;80300;80554.68
2026-05-05 01:00:00;80170.66;80385.06;80080.76;80352
2026-05-05 00:00:00;79861.01;80183.33;79808.72;80170.66
2026-05-04 23:00:00;80067.22;80067.22;79744.91;79861.01
2026-05-04 22:00:00;80259.18;80397.19;80042.84;80067.23
2026-05-04 21:00:00;79936.7;80383.15;79936.7;80259.17
2026-05-04 20:00:00;80053.31;80154.12;79901;79936.7
2026-05-04 19:00:00;80114.91;80138;79900;80053.31
2026-05-04 18:00:00;80390.8;80439.18;80035.32;80114.91
2026-05-04 17:00:00;80025.03;80776.99;80021.5;80390.81
2026-05-04 16:00:00;80028.85;80395.68;79619.33;80025.03
2026-05-04 15:00:00;80216.15;80367.93;79320.28;80028.85
2026-05-04 14:00:00;78790.01;80545.17;78500;80216.16
2026-05-04 13:00:00;78857.18;79124.83;78581.74;78790
2026-05-04 12:00:00;78793.67;79020;78718.55;78857.18
2026-05-04 11:00:00;78940.27;79124.83;78708.87;78793.67
2026-05-04 10:00:00;79838.49;79880;78202;78940.26
2026-05-04 09:00:00;79708.3;79930;79647.87;79838.48
2026-05-04 08:00:00;79696.75;79800;79602.32;79708.3
2026-05-04 07:00:00;79877.91;79946.33;79672;79696.75
2026-05-04 06:00:00;80027.26;80048.64;79500;79877.9
2026-05-04 05:00:00;80332.06;80395.96;79956.25;80027.26
2026-05-04 04:00:00;80316.3;80635.51;80233.04;80332.06
2026-05-04 03:00:00;80173.3;80458;79926.9;80316.31
2026-05-04 02:00:00;79769.43;80420.9;79540.05;80173.3
2026-05-04 01:00:00;78547.15;79848.84;78412.49;79769.43
2026-05-04 00:00:00;78568.58;78572.57;78288.88;78547.14
2026-05-03 23:00:00;79177.29;79287.82;78484.42;78568.57
2026-05-03 22:00:00;78831.6;79447;78831.6;79177.29
2026-05-03 21:00:00;78915.99;79056.59;78650;78831.59
2026-05-03 20:00:00;78760.32;79268;78732.04;78915.99
2026-05-03 19:00:00;78739.68;78853.32;78676.67;78760.32
2026-05-03 18:00:00;78725.76;78763.57;78631.61;78739.67
2026-05-03 17:00:00;78654.01;78822.83;78558.65;78725.76
2026-05-03 16:00:00;78668.36;78784.56;78600;78654
2026-05-03 15:00:00;78741;78815.19;78633.4;78668.36
2026-05-03 14:00:00;78670.01;78786.57;78608.7;78741
2026-05-03 13:00:00;78747.09;78769.63;78586.99;78670.01
2026-05-03 12:00:00;78656.01;78878.77;78656;78747.09
2026-05-03 11:00:00;78408.01;78849.22;78380;78656.01
2026-05-03 10:00:00;78529.57;78534.4;78406.97;78408.01
2026-05-03 09:00:00;78387.87;78604.67;78354.53;78529.57
2026-05-03 08:00:00;78363.24;78505.92;78363.24;78387.86
2026-05-03 07:00:00;78288.3;78483.67;78288.29;78363.25
2026-05-03 06:00:00;78249.41;78337.26;78084.08;78288.3
2026-05-03 05:00:00;78163.19;78260.75;78163.17;78249.42
2026-05-03 04:00:00;78203.07;78236.45;78120;78163.19
2026-05-03 03:00:00;78171.86;78217.59;78109.94;78203.08
2026-05-03 02:00:00;78240.84;78309.09;78108.75;78171.85
2026-05-03 01:00:00;78542.33;78542.33;78152.25;78240.83
2026-05-03 00:00:00;78686.84;78754.55;78490.61;78542.32
2026-05-02 23:00:00;78832.98;78832.98;78631.9;78686.85
2026-05-02 22:00:00;78719.78;78872.39;78610.46;78832.98
2026-05-02 21:00:00;78451.37;79199.48;78439.51;78719.78
2026-05-02 20:00:00;78486.23;78491.26;78418.32;78451.38
2026-05-02 19:00:00;78466.63;78521.68;78440.11;78486
2026-05-02 18:00:00;78398.03;78493.31;78310.54;78466.62
2026-05-02 17:00:00;78455.02;78485.53;78368.24;78398.02
2026-05-02 16:00:00;78487.67;78596.61;78430.07;78455.02
2026-05-02 15:00:00;78423.98;78487.68;78365.96;78487.67
2026-05-02 14:00:00;78367.06;78484.42;78309.84;78423.98
2026-05-02 13:00:00;78211.24;78423.85;78211.24;78367.06
2026-05-02 12:00:00;78143.09;78262.37;78108.41;78211.24
2026-05-02 11:00:00;78249.31;78249.31;78094.43;78143.08
2026-05-02 10:00:00;78293.57;78311.97;78225.22;78249.3
2026-05-02 09:00:00;78315.36;78394;78220;78293.57
2026-05-02 08:00:00;78220;78356.51;78165.3;78315.37
2026-05-02 07:00:00;78327.8;78342.18;78207.2;78220
2026-05-02 06:00:00;78174;78363.21;78148.24;78327.8
2026-05-02 05:00:00;78175.5;78235.25;78040;78174
2026-05-02 04:00:00;78399.99;78448.99;78123.53;78175.5
2026-05-02 03:00:00;78353.93;78514.82;78237.25;78400
2026-05-02 02:00:00;78355;78513.7;78260.95;78353.93
2026-05-02 01:00:00;78341.75;78441.31;78294.19;78355
2026-05-02 00:00:00;78231.13;78393.39;78166.48;78341.75
2026-05-01 23:00:00;78153.37;78249.6;78043.28;78231.13
2026-05-01 22:00:00;78200;78411.13;78144.7;78153.38
2026-05-01 21:00:00;77880.18;78200;77857.97;78199.99
2026-05-01 20:00:00;78360.01;78422.81;77752;77880.18
2026-05-01 19:00:00;78423.91;78540;78313.16;78360
2026-05-01 18:00:00;78552.93;78623.37;78375.53;78423.9
2026-05-01 17:00:00;78214.36;78584.61;78131.02;78552.94
2026-05-01 16:00:00;78445.88;78683.23;78167.53;78214.36
2026-05-01 15:00:00;78358.74;78735.92;78176.06;78445.89
2026-05-01 14:00:00;78737.26;78871.8;78051.86;78358.75
2026-05-01 13:00:00;77896.01;78914.12;77896;78737.25
2026-05-01 12:00:00;77463.98;78170.2;77408.73;77896.01
2026-05-01 11:00:00;77303.8;77600;77263.66;77463.98
2026-05-01 10:00:00;77268.56;77433.72;77146.48;77304.34
2026-05-01 09:00:00;77377.48;77391.99;77200.15;77268.55
2026-05-01 08:00:00;77130.54;77500;77048;77377.47
2026-05-01 07:00:00;76993.49;77140.36;76957.04;77130.54
2026-05-01 06:00:00;77165.99;77179.53;76882;76993.48
2026-05-01 05:00:00;77042.44;77184.96;77033.91;77165.98
2026-05-01 04:00:00;77131.08;77206.38;76653.6;77042.44
2026-05-01 03:00:00;76592.54;77453.74;76555.06;77131.08
2026-05-01 02:00:00;76686.12;76744.6;76533.74;76592.54
2026-05-01 01:00:00;76458.06;76776.21;76449.5;76686.13
2026-05-01 00:00:00;76346.58;76591;76320.42;76458.05
2026-04-30 23:00:00;76237.07;76380.2;76217.96;76346.57
2026-04-30 22:00:00;76241.77;76449.16;76206.02;76237.06
2026-04-30 21:00:00;76492.45;76535.42;76240.78;76241.78
2026-04-30 20:00:00;76412.8;76568.9;76318.31;76492.46
2026-04-30 19:00:00;76350;76514.8;76308.33;76412.8
2026-04-30 18:00:00;76250;76468.84;76204.4;76350
2026-04-30 17:00:00;76261.04;76328.71;76111;76250.01
2026-04-30 16:00:00;76473.6;76484.6;76228.27;76261.03
2026-04-30 15:00:00;76301.25;76653.6;76163.16;76473.6
2026-04-30 14:00:00;76420.45;76597.51;76093.81;76301.24
2026-04-30 13:00:00;76308.48;76669.14;76116.2;76420.44
2026-04-30 12:00:00;76059.42;76511.22;76042.75;76308.48
2026-04-30 11:00:00;76028.66;76244.36;75876.29;76059.43
2026-04-30 10:00:00;76097.19;76163.52;75974.93;76028.66
2026-04-30 09:00:00;76058.17;76339.38;76012.6;76097.19
2026-04-30 08:00:00;76161.67;76208.92;76019.57;76058.17
2026-04-30 07:00:00;75753.54;76179.91;75718.5;76161.67
2026-04-30 06:00:00;75600.09;75867.9;75569.99;75753.53
2026-04-30 05:00:00;75497.01;75750;75323.65;75600.09
2026-04-30 04:00:00;75928.09;75963.92;75414.57;75497
2026-04-30 03:00:00;75704.74;75994.26;75659.85;75928.1
2026-04-30 02:00:00;76232.81;76351.04;75494.7;75704.74
2026-04-30 01:00:00;76248.76;76473.26;76178.73;76232.8
2026-04-30 00:00:00;75780;76344.61;75656.03;76248.74
2026-04-29 23:00:00;75927.38;75990.06;75692.33;75780
2026-04-29 22:00:00;75933.94;76004.14;75818.14;75927.38
2026-04-29 21:00:00;75676.79;76088.9;75607.7;75933.93
2026-04-29 20:00:00;75563.87;75857.32;75497.43;75676.79
2026-04-29 19:00:00;75513.92;75591.83;75302.31;75563.86
2026-04-29 18:00:00;76184;76274.8;74937.52;75513.91
2026-04-29 17:00:00;75803.55;76184.01;75803.55;76184.01
2026-04-29 16:00:00;75924.24;76125.47;75696.13;75803.54
2026-04-29 15:00:00;76570;76634.61;75705.32;75924.25
2026-04-29 14:00:00;76783.42;76927.69;76489.99;76570
2026-04-29 13:00:00;77143.68;77240;76425.62;76783.43
2026-04-29 12:00:00;77590.04;77596.39;76850;77143.68
2026-04-29 11:00:00;77619.62;77694.61;77485.81;77590.03
2026-04-29 10:00:00;77642;77904.93;77559.19;77619.61
2026-04-29 09:00:00;77046.31;77800;76972.32;77642
2026-04-29 08:00:00;77053.65;77148.79;76972.32;77046.32
2026-04-29 07:00:00;77031.07;77182.91;77031.06;77053.64
2026-04-29 06:00:00;77288.39;77337.57;76907.07;77031.06
2026-04-29 05:00:00;77269.76;77329.31;77198.07;77288.38
2026-04-29 04:00:00;76994.77;77455.71;76880;77269.76
2026-04-29 03:00:00;76531.29;77127.62;76519.94;76994.78
2026-04-29 02:00:00;76571;76666.82;76402.72;76531.29
2026-04-29 01:00:00;76511.99;76668.02;76187.75;76571
2026-04-29 00:00:00;76342.78;76557.97;76276;76512
2026-04-28 23:00:00;76242.17;76370;76197.02;76342.77
2026-04-28 22:00:00;76357.15;76446.26;76218;76242.17
2026-04-28 21:00:00;76463.95;76481.3;76267.61;76357.15
2026-04-28 20:00:00;76330.97;76480;76323.71;76463.95
2026-04-28 19:00:00;76242.17;76380.83;76066.35;76330.97
2026-04-28 18:00:00;76187.3;76280.91;76137.86;76242.18
2026-04-28 17:00:00;76125.04;76262.63;75959.05;76187.3
2026-04-28 16:00:00;76066.37;76218.06;75881.28;76125.04
2026-04-28 15:00:00;75950;76085.42;75836.88;76066.38
2026-04-28 14:00:00;76189.85;76199.99;75666.6;75949.99
2026-04-28 13:00:00;76372.04;76411.72;75924.98;76189.84
2026-04-28 12:00:00;76228.99;76421.94;76168.84;76372.05
2026-04-28 11:00:00;76618.35;76649.86;76130.1;76229
2026-04-28 10:00:00;76597.99;76692.19;76484.7;76618.35
2026-04-28 09:00:00;76858.59;76863.54;76495.91;76598
2026-04-28 08:00:00;76879.28;77013.63;76741.12;76858.59
2026-04-28 07:00:00;76720.01;76922.22;76424.9;76879.28
2026-04-28 06:00:00;76885.97;77027.91;76588;76720
2026-04-28 05:00:00;76888.08;77154;76811.01;76885.98
2026-04-28 04:00:00;76815.18;76950;76701.35;76888.08
2026-04-28 03:00:00;76890.92;76890.92;76672;76815.18
2026-04-28 02:00:00;77084.69;77227.03;76672.56;76890.93
2026-04-28 01:00:00;77379.62;77394.1;77038.1;77084.68
2026-04-28 00:00:00;77371.32;77478;77210.92;77379.62
2026-04-27 23:00:00;77066.42;77450;77018.56;77371.32
2026-04-27 22:00:00;76786.81;77082.78;76763.71;77066.42
2026-04-27 21:00:00;76960.43;76981.53;76786.8;76786.81
2026-04-27 20:00:00;76878.23;77067.8;76844.16;76960.43
2026-04-27 19:00:00;76834.05;76894.7;76459.64;76878.07
2026-04-27 18:00:00;76743.23;76890.99;76668.52;76834.06
2026-04-27 17:00:00;76618.59;76990.43;76618.59;76743.24
2026-04-27 16:00:00;76793.1;76868.01;76546;76618.59
2026-04-27 15:00:00;77815.26;77827.17;76564.33;76793.09
2026-04-27 14:00:00;77746.74;78265.34;77680;77815.25
2026-04-27 13:00:00;77667.36;77966.8;77571.79;77746.74
2026-04-27 12:00:00;77844.25;77867.33;77620;77667.36
2026-04-27 11:00:00;77850.01;77885.46;77740.39;77844.26
2026-04-27 10:00:00;77900.01;77935.66;77792.46;77850.01
2026-04-27 09:00:00;77804.34;77980;77700;77900.01
2026-04-27 08:00:00;77606.59;77816.18;77553.23;77804.34
2026-04-27 07:00:00;77700.12;77734.79;77562.08;77606.6
2026-04-27 06:00:00;77785.55;77871.9;77465.05;77700.12
2026-04-27 05:00:00;78924.21;78938;77562.63;77785.54
2026-04-27 04:00:00;79105.5;79160;78872.42;78924.22
2026-04-27 03:00:00;79130.01;79316.5;79077.81;79105.49
2026-04-27 02:00:00;79283.65;79304;79030.91;79130.01
2026-04-27 01:00:00;79309;79485.66;78730.71;79283.66
2026-04-27 00:00:00;78657.55;79392.4;78400.03;79308.6
2026-04-26 23:00:00;78313.52;78901.63;78041.05;78657.55
2026-04-26 22:00:00;78417.41;78850.3;77953.26;78313.52
2026-04-26 21:00:00;78194.21;78961;77843.75;78417.41
2026-04-26 20:00:00;78221.17;78377.77;78158.04;78194.22
2026-04-26 19:00:00;78283.97;78500;78013.76;78221.16
2026-04-26 18:00:00;78018.57;78346.89;77988.11;78283.96
2026-04-26 17:00:00;77919.43;78050;77850;78018.57
2026-04-26 16:00:00;78049;78086.47;77919.42;77919.43
2026-04-26 15:00:00;78095.65;78121.92;77988.89;78049
2026-04-26 14:00:00;77977.79;78173.15;77871.85;78095.66
2026-04-26 13:00:00;77833.08;77996.69;77797.13;77977.79
2026-04-26 12:00:00;78101.43;78101.5;77770;77833.08
2026-04-26 11:00:00;78002.43;78149.99;78002.42;78101.44
2026-04-26 10:00:00;78000;78050.19;77954;78002.43
2026-04-26 09:00:00;78032.59;78058.45;77926.59;77999.99
2026-04-26 08:00:00;78102.53;78210;78019.65;78032.59
2026-04-26 07:00:00;77999.04;78121.45;77968.36;78102.53
2026-04-26 06:00:00;77983.31;78045;77899.45;77999.04
2026-04-26 05:00:00;77774.29;78200;77719.77;77983.31
2026-04-26 04:00:00;77400.21;77814.43;77383.46;77774.29
2026-04-26 03:00:00;77512.67;77541.96;77326.51;77400.21
2026-04-26 02:00:00;77461.16;77590.97;77452.07;77512.67
2026-04-26 01:00:00;77502.39;77572.81;77451.16;77461.16
2026-04-26 00:00:00;77625;77642.43;77445.94;77502.4
2026-04-25 23:00:00;77557.01;77650;77530;77625
2026-04-25 22:00:00;77525.83;77634.77;77498.81;77557.01
2026-04-25 21:00:00;77479.14;77530;77415.2;77525.84
2026-04-25 20:00:00;77330;77481.7;77311.05;77479.13
2026-04-25 19:00:00;77313;77343.81;77193.79;77330.01
2026-04-25 18:00:00;77245.78;77389.01;77216.29;77313
2026-04-25 17:00:00;77397.27;77407.03;77210.96;77245.77
2026-04-25 16:00:00;77330.25;77454.31;77140.23;77397.27
2026-04-25 15:00:00;77656.74;77722.7;77299.89;77330.26
2026-04-25 14:00:00;77691.7;77752.54;77638;77656.75
2026-04-25 13:00:00;77557.14;77710.91;77557.14;77691.69
2026-04-25 12:00:00;77682.29;77717.95;77550.61;77557.14
2026-04-25 11:00:00;77787.76;77787.77;77607.03;77682.3
2026-04-25 10:00:00;77714.56;77885.35;77714.55;77787.77
2026-04-25 09:00:00;77643.38;77779.65;77587.1;77714.55
2026-04-25 08:00:00;77501.19;77654.41;77491.36;77643.37
2026-04-25 07:00:00;77503.63;77566.26;77450;77501.19
2026-04-25 06:00:00;77510.27;77582.28;77489.35;77503.63
2026-04-25 05:00:00;77619.05;77619.05;77485.51;77510.28
2026-04-25 04:00:00;77679.08;77691.23;77596.37;77619.05
2026-04-25 03:00:00;77607.8;77711.87;77550.27;77679.07
2026-04-25 02:00:00;77541.63;77644.04;77504.43;77607.8
2026-04-25 01:00:00;77456.88;77620.52;77440.8;77541.63
2026-04-25 00:00:00;77437.13;77502.99;77309.92;77456.88
2026-04-24 23:00:00;77328.92;77456.87;77328.92;77437.13
2026-04-24 22:00:00;77536.49;77616.78;77264.08;77328.91
2026-04-24 21:00:00;77718.31;77756.15;77536.48;77536.48
2026-04-24 20:00:00;77628.84;77757.14;77458;77718.31
2026-04-24 19:00:00;77618.25;77748.66;77532.46;77628.85
2026-04-24 18:00:00;77681.72;77717.08;77363.63;77618.24
2026-04-24 17:00:00;77776.76;77829.17;77489.6;77681.71
2026-04-24 16:00:00;78038.63;78060.29;77586.86;77777.28
2026-04-24 15:00:00;78037.65;78233.18;77577.22;78038.62
2026-04-24 14:00:00;78093.8;78093.8;77681.74;78037.64
2026-04-24 13:00:00;78275.65;78479.37;77913.27;78093.79
2026-04-24 12:00:00;78240.27;78345.15;78016.51;78275.66
2026-04-24 11:00:00;77752.37;78372.58;77752.37;78240.26
2026-04-24 10:00:00;77527.7;77784;77444.95;77752.36
2026-04-24 09:00:00;77785.7;77804.23;77402.01;77527.69
2026-04-24 08:00:00;77644.59;78000;77550.73;77785.71
2026-04-24 07:00:00;77789.75;77855.67;77543.52;77644.6
2026-04-24 06:00:00;77953.48;77979.54;77761.2;77789.75
2026-04-24 05:00:00;77670.01;78057.65;77457;77953.48
2026-04-24 04:00:00;77737.84;77854.57;77482.49;77670
2026-04-24 03:00:00;78125.65;78178.4;77555;77737.85
2026-04-24 02:00:00;78429.73;78581.93;78067.17;78125.65
2026-04-24 01:00:00;78417.22;78450;77952.16;78429.73
2026-04-24 00:00:00;78257.48;78490.83;78172.01;78417.22
2026-04-23 23:00:00;78235.29;78298.01;78030;78257.48
2026-04-23 22:00:00;77864.84;78331;77864.83;78235.3
2026-04-23 21:00:00;77886.97;78070;77800;77864.83
2026-04-23 20:00:00;77727.25;78050;77637.5;77886.97
2026-04-23 19:00:00;77678.65;77886.88;77592.92;77727.26
2026-04-23 18:00:00;77769.2;78146.75;77678.65;77678.65
2026-04-23 17:00:00;78103.72;78184.85;76960;77769.21
2026-04-23 16:00:00;78376.77;78509.82;78030;78103.72
2026-04-23 15:00:00;78180.78;78662.5;77983.25;78376.76
2026-04-23 14:00:00;77532.23;78201.53;77414;78180.77
2026-04-23 13:00:00;77870.54;77904.37;77379.92;77532.23
2026-04-23 12:00:00;77704.61;77870.54;77491.18;77870.53
2026-04-23 11:00:00;77403.63;77757.31;77365.57;77704.62
2026-04-23 10:00:00;77655.35;77709.16;77174.01;77403.63
2026-04-23 09:00:00;77858.34;77860.8;77440.85;77655.34
2026-04-23 08:00:00;78048.61;78175.52;77714.86;77858.35
2026-04-23 07:00:00;78211.43;78248.39;77981.88;78048.62
2026-04-23 06:00:00;78034;78339.35;78034;78211.43
2026-04-23 05:00:00;77920.09;78110.01;77750;78033.87
2026-04-23 04:00:00;77746.47;77949.09;77675.8;77920.09
2026-04-23 03:00:00;77939.91;78025.99;77453.43;77746.46
2026-04-23 02:00:00;78359.71;78359.72;77761.2;77939.92
2026-04-23 01:00:00;78424.3;78472.95;78057.5;78359.23
2026-04-23 00:00:00;78178.22;78574.44;77582.17;78424.29
2026-04-22 23:00:00;78607.95;78607.95;78155.83;78178.23
2026-04-22 22:00:00;78762.68;78824;78456.15;78607.95
2026-04-22 21:00:00;78436.69;78821.86;78425;78762.69
2026-04-22 20:00:00;78846.62;78915.84;78410;78436.68
2026-04-22 19:00:00;79022.4;79067.6;78706.81;78846.62
2026-04-22 18:00:00;78900.01;79163.66;78828.76;79022.39
2026-04-22 17:00:00;78743.6;79034.73;78705.71;78900
2026-04-22 16:00:00;79272.91;79472.82;78632.37;78743.59
2026-04-22 15:00:00;79045.75;79400;78837.66;79272.9
2026-04-22 14:00:00;78840.94;79174.68;78577.86;79045.75
2026-04-22 13:00:00;78236.05;78850;78162.64;78840.94
2026-04-22 12:00:00;78300;78508.18;78114.04;78236.05
2026-04-22 11:00:00;78157.41;78399;78102;78300
2026-04-22 10:00:00;78001.96;78180;77951.17;78157.41
2026-04-22 09:00:00;78010.92;78184.7;77956.76;78001.95
2026-04-22 08:00:00;78012.78;78219.41;77941.59;78010.92
2026-04-22 07:00:00;78010.73;78111;77825;78012.79
2026-04-22 06:00:00;77994.92;78042.84;77900;78010.72
2026-04-22 05:00:00;77523.01;78452.18;77450;77994.93
2026-04-22 04:00:00;77521.47;77700;77364.25;77523
2026-04-22 03:00:00;77604.7;77733.11;77397.88;77521.48
2026-04-22 02:00:00;76297.99;77645.35;76223.9;77604.71
2026-04-22 01:00:00;76370.46;76416.24;76132.95;76297.99
2026-04-22 00:00:00;76336.14;76500;76220.4;76370.45
2026-04-21 23:00:00;75650.03;76425.37;75622;76336.15
2026-04-21 22:00:00;75549.99;75650.04;75302.01;75650.04
2026-04-21 21:00:00;75698.51;75777.38;75431.62;75549.99
2026-04-21 20:00:00;75023.43;75859.56;74967.58;75698.51
2026-04-21 19:00:00;75610.21;75919.5;74821.57;75023.43
2026-04-21 18:00:00;75545.62;75668.24;75310.88;75610.21
2026-04-21 17:00:00;75781.19;75912.98;75052.64;75545.62
2026-04-21 16:00:00;75834.66;76190.72;75760;75781.18
2026-04-21 15:00:00;75675.04;75979.78;75430.62;75834.65
2026-04-21 14:00:00;75899.98;76595.3;75625.28;75675.05
2026-04-21 13:00:00;76009.46;76179.75;75736.33;75899.98
2026-04-21 12:00:00;76452.94;76528.11;75709.03;76009.46
2026-04-21 11:00:00;76746.41;76750.68;76342;76452.94
2026-04-21 10:00:00;76362.78;76866.55;76349.59;76746.41
2026-04-21 09:00:00;76507.21;76587.82;76155;76362.77
2026-04-21 08:00:00;76084.34;76927.57;76063.98;76507.21
2026-04-21 07:00:00;75974.12;76300;75814.26;76084.34
2026-04-21 06:00:00;75802;76129.95;75703.85;75974.11
2026-04-21 05:00:00;75813.8;75981.1;75782.75;75802
2026-04-21 04:00:00;75710.31;75823.49;75600;75813.81
2026-04-21 03:00:00;75581.33;75721.12;75474.77;75710.3
2026-04-21 02:00:00;75927.58;75932.7;75580;75581.33
2026-04-21 01:00:00;76092.46;76263.4;75866.01;75927.59
2026-04-21 00:00:00;75840.97;76099.19;75700;76092.45
2026-04-20 23:00:00;75974.24;75974.24;75617.6;75840.97
2026-04-20 22:00:00;75954.72;76143.71;75904.39;75974.24
2026-04-20 21:00:00;76276.18;76357.2;75784.05;75954.71
2026-04-20 20:00:00;76296.97;76558.62;76113.07;76276.17
2026-04-20 19:00:00;76423.69;76486.67;76154.49;76296.96
2026-04-20 18:00:00;75898.14;76453.19;75898.14;76423.69
2026-04-20 17:00:00;75338.75;75991.47;75289.92;75898.14
2026-04-20 16:00:00;75716.78;75723.99;75299.26;75338.74
2026-04-20 15:00:00;75034.79;75772.72;74702;75716.77
2026-04-20 14:00:00;75269.37;75766.74;74921.42;75034.79
2026-04-20 13:00:00;75289.91;75434.41;74859.11;75269.38
2026-04-20 12:00:00;75192.72;75650;75043.86;75289.9
2026-04-20 11:00:00;75027.26;75287.88;74957.51;75192.71
2026-04-20 10:00:00;75062.77;75404.63;75003.63;75027.26
2026-04-20 09:00:00;74728.92;75233;74706.87;75062.77
2026-04-20 08:00:00;74837.18;74998.83;74619.41;74728.91
2026-04-20 07:00:00;74786.59;75572;74670.86;74837.17
2026-04-20 06:00:00;74264.16;74894.11;74250;74786.59
2026-04-20 05:00:00;74567.63;74567.63;74095.18;74264.15
2026-04-20 04:00:00;74634.01;74637.43;74435.19;74567.64
2026-04-20 03:00:00;74410.01;74640.65;74359.04;74634
2026-04-20 02:00:00;74595.12;74627.99;74304.84;74410.01
2026-04-20 01:00:00;74280.01;74746.93;74214.67;74595.13
2026-04-20 00:00:00;73801.8;74360.43;73724.31;74280.01
2026-04-19 23:00:00;74047.34;74054.22;73790;73801.79
2026-04-19 22:00:00;74425.16;74425.16;73762.9;74047.34
2026-04-19 21:00:00;74630.01;74810;74368.6;74425.15
2026-04-19 20:00:00;74965.46;74965.47;74427.53;74630
2026-04-19 19:00:00;74770.11;75071.61;74770.11;74965.47
2026-04-19 18:00:00;74791.27;74908.62;74608;74770.11
2026-04-19 17:00:00;75382.87;75382.87;74638.31;74791.26
2026-04-19 16:00:00;75846.63;75853.26;75311.11;75382.86
2026-04-19 15:00:00;76024.02;76155.3;75401.44;75846.63
2026-04-19 14:00:00;75921.75;76147.01;75674.55;76024.01
2026-04-19 13:00:00;75571.61;76240.66;75552.44;75921.75
2026-04-19 12:00:00;75604.11;75700;75432.07;75571.6
2026-04-19 11:00:00;75222.46;75641.99;75216.96;75604.11
2026-04-19 10:00:00;75015;75243.02;74933.87;75222.45
2026-04-19 09:00:00;75257.59;75265;74921.74;75015
2026-04-19 08:00:00;75252.33;75299.99;75071.58;75257.6
2026-04-19 07:00:00;75400.09;75400.09;74867.72;75252.34
2026-04-19 06:00:00;75545.6;75545.6;75280.92;75400.09
2026-04-19 05:00:00;75664.62;75687.04;75516.39;75545.6
2026-04-19 04:00:00;75515.76;75782.63;75424.4;75664.62
2026-04-19 03:00:00;75496.01;75637.44;75357;75515.77
2026-04-19 02:00:00;75621.96;75722.21;75407.84;75496
2026-04-19 01:00:00;75693;75798.47;75457.11;75621.95
2026-04-19 00:00:00;75691.76;75847.42;75551.73;75693.01
2026-04-18 23:00:00;75813.53;75891.64;75685.69;75691.76
2026-04-18 22:00:00;75821.35;75873.1;75608.89;75813.53
2026-04-18 21:00:00;75754.77;75839.1;75599.64;75821.34
2026-04-18 20:00:00;75649.86;75834.3;75608.44;75754.78
2026-04-18 19:00:00;75651.78;75796.32;75574.22;75649.85
2026-04-18 18:00:00;75828.51;75844.66;75445.16;75651.78
2026-04-18 17:00:00;75943.34;75958.23;75778.69;75828.51
2026-04-18 16:00:00;76167.33;76211.57;75691.03;75943.35
2026-04-18 15:00:00;76250;76363.75;76003.97;76167.34
2026-04-18 14:00:00;76122.88;76288.4;75959.68;76249.99
2026-04-18 13:00:00;76206.98;76212.7;75797.53;76122.87
2026-04-18 12:00:00;76039.06;76300;76039.05;76206.97
2026-04-18 11:00:00;76189.55;76189.56;75763.76;76039.05
2026-04-18 10:00:00;76599.89;76599.9;76132.32;76189.56
2026-04-18 09:00:00;76738.62;76738.63;76409.37;76599.89
2026-04-18 08:00:00;76997.79;77048;76501;76738.63
2026-04-18 07:00:00;77136.01;77136.01;76890;76997.8
2026-04-18 06:00:00;77134.66;77217;77058.4;77136.01
2026-04-18 05:00:00;77100.73;77278.58;77100.73;77134.66
2026-04-18 04:00:00;77005.47;77162.08;76884.1;77100.74
2026-04-18 03:00:00;77292.53;77296.95;76962.67;77005.47
2026-04-18 02:00:00;77218.06;77420.08;77124.63;77292.52
2026-04-18 01:00:00;77168.22;77330;77115.77;77218.07
2026-04-18 00:00:00;77072.01;77258.55;76978.17;77168
2026-04-17 23:00:00;77301.25;77302;76911;77072
2026-04-17 22:00:00;77445.74;77510;77274.56;77301.25
2026-04-17 21:00:00;77337.64;77494.69;77278.72;77445.73
2026-04-17 20:00:00;77393.58;77611.68;77160.12;77337.64
2026-04-17 19:00:00;77159.88;77473.44;77000;77393.58
2026-04-17 18:00:00;77520.59;77565.63;77088.23;77159.89
2026-04-17 17:00:00;77857.15;77917.77;77101.49;77520.59
2026-04-17 16:00:00;77785.03;78333;77705.2;77857.14
2026-04-17 15:00:00;77886.77;77999;77444.44;77785.02
2026-04-17 14:00:00;77340.11;78052.49;77015.39;77886.77
2026-04-17 13:00:00;76233.06;77417.61;76061.57;77340.12
2026-04-17 12:00:00;75589.7;76265.82;75531.97;76233.05
2026-04-17 11:00:00;75278.77;75609.77;75246.65;75589.7
2026-04-17 10:00:00;75779.99;75886.01;75095.93;75278.77
2026-04-17 09:00:00;75780.38;76370.25;75518.78;75779.99
2026-04-17 08:00:00;75074.76;75881.95;74993.24;75780.38
2026-04-17 07:00:00;74938.53;75089.51;74930;75074.77
2026-04-17 06:00:00;74637.77;74950;74604.62;74938.52
2026-04-17 05:00:00;74791.39;74801.13;74555.12;74637.77
2026-04-17 04:00:00;74615.82;74871.11;74589.88;74791.39
2026-04-17 03:00:00;74700;74839.31;74606.12;74615.82
2026-04-17 02:00:00;74750;74802.98;74529.4;74700
2026-04-17 01:00:00;74944.99;75034.49;74569.99;74750
2026-04-17 00:00:00;75154.28;75154.77;74886.82;74944.98
2026-04-16 23:00:00;74867.92;75177.76;74840.92;75154.29
2026-04-16 22:00:00;74934.24;75117;74833.14;74867.92
2026-04-16 21:00:00;75223.48;75286.51;74789.5;74934.24
2026-04-16 20:00:00;75343;75534.76;75001;75223.47
2026-04-16 19:00:00;75026.71;75410.71;74717.97;75342.99
2026-04-16 18:00:00;74343.25;75089;74240;75026.71
2026-04-16 17:00:00;74175.58;74438.31;73912.23;74343.25
2026-04-16 16:00:00;74697.2;74932;74063;74175.57
2026-04-16 15:00:00;73973.33;74878.99;73934.44;74697.19
2026-04-16 14:00:00;73788.03;74197.32;73426.94;73973.33
2026-04-16 13:00:00;74624.01;75030.39;73309.85;73788.03
2026-04-16 12:00:00;74574.8;74872;74574.79;74624
2026-04-16 11:00:00;74312.99;74663.27;74285;74574.79
2026-04-16 10:00:00;74594.02;74653.12;74277.34;74313
2026-04-16 09:00:00;74677.91;74901.5;74594.01;74594.02
2026-04-16 08:00:00;74707.02;74744.35;74500;74677.91
2026-04-16 07:00:00;75045.01;75082.78;74636;74707.03
2026-04-16 06:00:00;75043.47;75115.12;74853.72;75045.01
2026-04-16 05:00:00;74944.15;75139.82;74900;75043.48
2026-04-16 04:00:00;74888.21;75174.38;74728;74944.15
2026-04-16 03:00:00;74887.23;75159.26;74865.5;74888.21
2026-04-16 02:00:00;74657.67;75267.85;74601.27;74887.24
2026-04-16 01:00:00;74815.09;74815.09;74454.09;74657.66
2026-04-16 00:00:00;74809.99;74874.93;74451.49;74815.1
2026-04-15 23:00:00;74964.01;74964.01;74620.95;74809.99
2026-04-15 22:00:00;74743.1;75425;74740.02;74964
2026-04-15 21:00:00;74841.67;74855.16;74540.23;74743.1
2026-04-15 20:00:00;75002.6;75039.92;74512.06;74841.68
2026-04-15 19:00:00;74390.29;75281;74355.46;75002.6
2026-04-15 18:00:00;74134.95;74399.75;74073.61;74390.29
2026-04-15 17:00:00;73941.09;74242;73915.48;74134.95
2026-04-15 16:00:00;73844.07;74176;73762.89;73941.09
2026-04-15 15:00:00;74151.81;74299.07;73580.85;73844.08
2026-04-15 14:00:00;74063.91;74506.84;73830;74151.81
2026-04-15 13:00:00;74273.77;74434.51;73817.23;74063.92
2026-04-15 12:00:00;74201.78;74466.1;74051.64;74273.77
2026-04-15 11:00:00;73864.76;74256.44;73864.76;74201.78
2026-04-15 10:00:00;74011.7;74250;73789.5;73864.75
2026-04-15 09:00:00;74110.52;74176.49;73909.49;74011.69
2026-04-15 08:00:00;73730.43;74181.9;73675.96;74110.51
2026-04-15 07:00:00;73891.62;74016.67;73514;73730.43
2026-04-15 06:00:00;74021.5;74048.95;73855.49;73891.62
2026-04-15 05:00:00;74340.38;74434;73864.01;74021.5
2026-04-15 04:00:00;74345.98;74434.51;74261.47;74340.38
2026-04-15 03:00:00;74322.01;74372.84;74173.75;74345.97
2026-04-15 02:00:00;74613.28;74697.47;74188;74322
2026-04-15 01:00:00;74568.37;74786.72;74500;74613.28
2026-04-15 00:00:00;74131.55;74677.19;74126.32;74568.36
2026-04-14 23:00:00;74023.16;74232.83;74001.08;74131.55
2026-04-14 22:00:00;74277.16;74373.19;73806.09;74023.15
2026-04-14 21:00:00;74102.28;74320.44;73951.64;74277.15
2026-04-14 20:00:00;74223.3;74434.33;74015.53;74102.29
2026-04-14 19:00:00;74093.18;74398.43;73882.79;74223.18
2026-04-14 18:00:00;74748.89;74814.99;73795.47;74093.19
2026-04-14 17:00:00;74652.2;74948.78;74244.63;74748.9
2026-04-14 16:00:00;75317.06;75688;74527.02;74652.2
2026-04-14 15:00:00;75013.61;75441.99;74564.34;75317.07
2026-04-14 14:00:00;75525.94;76038;75013.61;75013.62
2026-04-14 13:00:00;74452;75532.94;74407.74;75525.94
2026-04-14 12:00:00;74376.52;74485.06;74277.19;74452
2026-04-14 11:00:00;74350.01;74450.63;74307.35;74376.52
2026-04-14 10:00:00;74500;74617.92;74333.46;74350.01
2026-04-14 09:00:00;74750;74830.93;74435.12;74500
2026-04-14 08:00:00;74545.99;74910;74460.64;74750
2026-04-14 07:00:00;74522.72;74924.64;74430.92;74546
2026-04-14 06:00:00;74210.12;74550;74210.12;74522.73
2026-04-14 05:00:00;74387.85;74434.41;74150.6;74210.11
2026-04-14 04:00:00;74444.44;74504.52;74351.55;74387.85
2026-04-14 03:00:00;74330.99;74496.9;74252.35;74444.43
2026-04-14 02:00:00;74386.03;74579.32;74283.2;74330.98
2026-04-14 01:00:00;74163.82;74431;73954.86;74386.02
2026-04-14 00:00:00;74418;74517.31;74102.39;74163.82
2026-04-13 23:00:00;74627.04;74900;74405.64;74417.99
2026-04-13 22:00:00;73179.71;74746.61;73172.01;74627.04
2026-04-13 21:00:00;73149.36;73368.08;73072.85;73179.71
2026-04-13 20:00:00;73322;73394.37;73007.08;73149.36
2026-04-13 19:00:00;72424.86;73480;72298.93;73322.82
2026-04-13 18:00:00;72148.87;72460.42;72053.78;72424.86
2026-04-13 17:00:00;72202.37;72600;72069.01;72148.87
2026-04-13 16:00:00;71866.59;72437.25;71679.8;72202.36
2026-04-13 15:00:00;72400.15;72464.28;71652.65;71866.59
2026-04-13 14:00:00;71662.65;72401;71375.24;72400.15
2026-04-13 13:00:00;71074.92;71700.82;70818.57;71662.65
2026-04-13 12:00:00;70929.68;71219.8;70758.5;71074.91
2026-04-13 11:00:00;70755.89;70997.12;70736.29;70929.68
2026-04-13 10:00:00;70792.89;70846.9;70688.28;70755.88
2026-04-13 09:00:00;70680.7;70910.68;70678;70792.88
2026-04-13 08:00:00;70813.88;70861.01;70566.99;70680.7
2026-04-13 07:00:00;71017.66;71067.91;70685.25;70813.88
2026-04-13 06:00:00;70878.82;71106.54;70878.82;71017.66
2026-04-13 05:00:00;70890.3;70920;70672.72;70878.82
2026-04-13 04:00:00;70975.99;71144;70854.29;70890.3
2026-04-13 03:00:00;71073.14;71155.42;70917.27;70976
2026-04-13 02:00:00;71197.64;71271.78;70986.71;71073.14
2026-04-13 01:00:00;71172.63;71227.28;71027.26;71197.64
2026-04-13 00:00:00;70741.56;71262.63;70615.3;71172.62
2026-04-12 23:00:00;70912.73;70912.73;70571.66;70740.98
2026-04-12 22:00:00;71364.03;71367.85;70505.88;70912.73
2026-04-12 21:00:00;71335.43;71452;71163.01;71364.02
2026-04-12 20:00:00;71084.18;71440;70956.83;71335.43
2026-04-12 19:00:00;71137.65;71222.58;71078.76;71084.18
2026-04-12 18:00:00;71140.51;71214.08;71056.2;71137.64
2026-04-12 17:00:00;70936.27;71202;70900;71140.51
2026-04-12 16:00:00;70892.04;70959.51;70821.05;70936.27
2026-04-12 15:00:00;70748.34;70932;70604.07;70892.03
2026-04-12 14:00:00;70889.42;71092.78;70700;70748.34
2026-04-12 13:00:00;71084.01;71146.03;70866.82;70889.42
2026-04-12 12:00:00;71468.54;71500;71077.44;71084.01
2026-04-12 11:00:00;71452.89;71556.12;71412.57;71468.55
2026-04-12 10:00:00;71531.95;71682.72;71357.76;71452.89
2026-04-12 09:00:00;71629.21;71633.01;71488.45;71531.94
2026-04-12 08:00:00;71664.99;71805.85;71595;71629.21
2026-04-12 07:00:00;71668.01;71747.31;71588.57;71665
2026-04-12 06:00:00;71710.19;71753.33;71633.77;71668.01
2026-04-12 05:00:00;71466.53;71781;71417.22;71710.2
2026-04-12 04:00:00;71593.18;71685.31;71444.68;71466.53
2026-04-12 03:00:00;71761.35;71861.33;71593.18;71593.19
2026-04-12 02:00:00;71643.69;71982.46;71352.47;71761.35
2026-04-12 01:00:00;73079.96;73137.24;71310;71643.69
2026-04-12 00:00:00;73043.16;73117.32;72873.25;73079.96
2026-04-11 23:00:00;73376.01;73376.01;72907.4;73043.16
2026-04-11 22:00:00;73427.04;73574;73234.25;73376.01
2026-04-11 21:00:00;73290.43;73548.08;73200.48;73427.04
2026-04-11 20:00:00;73687.16;73689.97;73226.28;73290.43
2026-04-11 19:00:00;73547.9;73790;73472.38;73687.15
2026-04-11 18:00:00;73095.97;73726.13;73032.61;73547.89
2026-04-11 17:00:00;73034.34;73169.04;72942.06;73095.97
2026-04-11 16:00:00;72858.18;73204.74;72812.94;73034.33
2026-04-11 15:00:00;72704.66;72896.03;72678;72858.17
2026-04-11 14:00:00;72658.07;72770.91;72609.27;72704.67
2026-04-11 13:00:00;72940.5;72940.5;72513.09;72658.07
2026-04-11 12:00:00;72907.05;72982.4;72814.97;72940.49
2026-04-11 11:00:00;72843.7;72912;72826.37;72907.05
2026-04-11 10:00:00;72907.12;72915.95;72760.9;72843.71
2026-04-11 09:00:00;72664.16;72908;72617.75;72907.11
2026-04-11 08:00:00;72745.38;72799.57;72638.44;72664.17
2026-04-11 07:00:00;72762.01;72832;72672.56;72745.38
2026-04-11 06:00:00;72722.28;72771.32;72612.16;72762
2026-04-11 05:00:00;72806.08;72836.55;72679.08;72722.28
2026-04-11 04:00:00;72866.62;72954.28;72681.9;72806.08
2026-04-11 03:00:00;72966.58;73075.34;72814.42;72866.63
2026-04-11 02:00:00;72954.39;73094.89;72910.93;72966.57
2026-04-11 01:00:00;72828.42;72999.99;72670;72954.39
2026-04-11 00:00:00;72962.71;72962.71;72787.94;72828.42
2026-04-10 23:00:00;72877.01;72967.79;72791.96;72962.7
2026-04-10 22:00:00;73190.68;73244.03;72700.6;72877
2026-04-10 21:00:00;73361.68;73364.47;72934.53;73190.67
2026-04-10 20:00:00;73236.11;73434;73051.97;73361.68
2026-04-10 19:00:00;73107.07;73264.76;72900;73236.11
2026-04-10 18:00:00;73121.66;73159.81;72880.95;73107.07
2026-04-10 17:00:00;72992.32;73146;72802.96;73121.66
2026-04-10 16:00:00;72460.52;73069.4;72387.41;72992.33
2026-04-10 15:00:00;72909;73289.96;72355.87;72460.51
2026-04-10 14:00:00;72321.39;73155.58;72258;72909
2026-04-10 13:00:00;72258.69;72409.41;71899.51;72321.4
2026-04-10 12:00:00;72127.59;72458;72007.5;72258.68
2026-04-10 11:00:00;71910.1;72261.93;71903.69;72127.59
2026-04-10 10:00:00;71787.41;71928.29;71711.6;71910.09
2026-04-10 09:00:00;71606.08;71873;71583.47;71787.41
2026-04-10 08:00:00;71481.85;71769.41;71426.15;71606.07
2026-04-10 07:00:00;71805.39;71837.59;71428;71481.85
2026-04-10 06:00:00;72127.84;72179.85;71792.01;71805.38
2026-04-10 05:00:00;72117.29;72267.89;72010.4;72127.84
2026-04-10 04:00:00;71868.67;72212.84;71820.47;72117.29
2026-04-10 03:00:00;71965.36;72027.37;71813.73;71868.67
2026-04-10 02:00:00;72157.93;72291.04;71921.59;71965.36
2026-04-10 01:00:00;71963.04;72387;71673.48;72157.93
2026-04-10 00:00:00;71787.98;72028.4;71573.35;71963.03
2026-04-09 23:00:00;71946.01;72025.53;71585.25;71787.97
2026-04-09 22:00:00;72264.96;73145;71945.94;71946.01
2026-04-09 21:00:00;72413.96;72700;72142.79;72264.95
2026-04-09 20:00:00;72096.33;72458.31;71985.95;72413.97
2026-04-09 19:00:00;71888.69;72300;71750;72096.32
2026-04-09 18:00:00;72348;72380.7;71747.68;71888.69
2026-04-09 17:00:00;72080.86;72550;72062.38;72347.49
2026-04-09 16:00:00;72142;72399;71729.66;72080.87
2026-04-09 15:00:00;71123.71;72358;70929.44;72141.99
2026-04-09 14:00:00;70801.97;71250.39;70522.77;71123.71
2026-04-09 13:00:00;71279.63;71355.24;70629.3;70801.98
2026-04-09 12:00:00;71150.17;71328.79;71040;71279.63
2026-04-09 11:00:00;71276.45;71350;71038.5;71150.17
2026-04-09 10:00:00;71534.69;71534.69;71276.44;71276.45
2026-04-09 09:00:00;71249.51;71575;71109.99;71534.68
2026-04-09 08:00:00;70982.01;71380;70865.42;71249.51
2026-04-09 07:00:00;71031.83;71116;70955.4;70982.01
2026-04-09 06:00:00;70983.99;71082.71;70809.94;71031.84
2026-04-09 05:00:00;70781.99;71087.12;70689.38;70984
2026-04-09 04:00:00;70992.37;71006.13;70734.77;70782
2026-04-09 03:00:00;71060.64;71124.05;70845.27;70992.39
2026-04-09 02:00:00;70928.9;71198.8;70816.36;71060.64
2026-04-09 01:00:00;70815.5;70956.7;70466;70928.89
2026-04-09 00:00:00;71069.93;71133.71;70650;70815.5
2026-04-08 23:00:00;71064.84;71204;70901.89;71069.93
2026-04-08 22:00:00;71551.4;71571.6;71064.84;71064.84
2026-04-08 21:00:00;71372.94;71748;71330.86;71551.39
2026-04-08 20:00:00;71318.47;71481.7;71267.91;71372.93
2026-04-08 19:00:00;71099.63;71372.22;71019;71318.48
2026-04-08 18:00:00;71888.19;71888.2;71085.22;71099.63
2026-04-08 17:00:00;71602.11;71963.94;71490.55;71888.19
2026-04-08 16:00:00;71309.99;71699;71250.93;71602.1
2026-04-08 15:00:00;70912.89;71349.05;70833.3;71310
2026-04-08 14:00:00;71600;71751.42;70707.23;70912.88
2026-04-08 13:00:00;72071.95;72857;71510;71600.01
2026-04-08 12:00:00;71675.12;72181.81;71581.76;72071.95
2026-04-08 11:00:00;71476.97;71739.67;71407.77;71675.12
2026-04-08 10:00:00;71678.87;71790;71457.61;71476.98
2026-04-08 09:00:00;71799.99;71955;71588.75;71678.87
2026-04-08 08:00:00;71627.59;71831.08;71627.59;71800
2026-04-08 07:00:00;71732.7;71902;71573.04;71627.59
2026-04-08 06:00:00;71731.1;71941.42;71581.14;71732.69
2026-04-08 05:00:00;71566.66;71831.6;71560;71731.1
2026-04-08 04:00:00;71287.39;71676.77;71287.38;71566.18
2026-04-08 03:00:00;71364.95;71479.97;71277.18;71287.39
2026-04-08 02:00:00;71476.98;71727.01;71240.99;71364.94
2026-04-08 01:00:00;71710.19;71758.6;71452.68;71476.97
2026-04-08 00:00:00;71924.22;72110.65;71541.51;71710.19
2026-04-07 23:00:00;71514.1;72761;71194.9;71924.22
2026-04-07 22:00:00;69927.65;71528;69927.65;71514.09
2026-04-07 21:00:00;69319.39;70216.68;69311.84;69927.64
2026-04-07 20:00:00;69011.29;69535.26;69011.29;69319.39
2026-04-07 19:00:00;68442.52;69098.44;68358.1;69011.29
2026-04-07 18:00:00;68705.82;68773.24;68358.1;68442.53
2026-04-07 17:00:00;68230;69000;68198.22;68705.81
2026-04-07 16:00:00;68168.11;68454.23;68085.01;68229.99
2026-04-07 15:00:00;67860.49;68268.6;67732.01;68168.1
2026-04-07 14:00:00;68231.99;68258.26;67763.64;67860.48
2026-04-07 13:00:00;68392.19;68633.87;68198.12;68231.99
2026-04-07 12:00:00;68345.75;68599.13;68080;68392.18
2026-04-07 11:00:00;68237.93;68455.96;68071.96;68345.75
2026-04-07 10:00:00;69150.06;69199.87;68200;68237.93
2026-04-07 09:00:00;68936.71;69247.9;68930.04;69150.05
2026-04-07 08:00:00;68624.6;68984.48;68603.6;68936.71
2026-04-07 07:00:00;68568.35;68703.72;68500;68624.61
2026-04-07 06:00:00;68669;68669.01;68443;68568.35
2026-04-07 05:00:00;68854.65;68866;68613.2;68669
2026-04-07 04:00:00;68779.2;68981.83;68540.84;68854.65
2026-04-07 03:00:00;68674.01;68800.94;68625.59;68779.21
2026-04-07 02:00:00;68400.01;68713.92;68273.34;68674
2026-04-07 01:00:00;68775.71;68900.63;68352.52;68400.01
2026-04-07 00:00:00;68853.66;69128.2;68723.81;68775.7
2026-04-06 23:00:00;68811.01;68912.97;68300;68853.66
2026-04-06 22:00:00;69504.99;69581.92;68811;68811
2026-04-06 21:00:00;69826;69826;69423.09;69504.99
2026-04-06 20:00:00;69739.52;69974.08;69625;69826.01
2026-04-06 19:00:00;69888.97;69899.99;69583.33;69739.53
2026-04-06 18:00:00;69574.62;69967.78;69479.49;69888.97
2026-04-06 17:00:00;69799.14;69820;69282.02;69574.61
2026-04-06 16:00:00;69968.87;70351.46;69782.11;69799.14
2026-04-06 15:00:00;69654.39;69973.25;69526.87;69968.87
2026-04-06 14:00:00;69428.23;69809.99;69163.86;69654.38
2026-04-06 13:00:00;69366.76;69550;69235.09;69428.23
2026-04-06 12:00:00;69614.91;69635.87;69329.23;69366.75
2026-04-06 11:00:00;69770.88;69770.96;69565.01;69614.91
2026-04-06 10:00:00;69728.01;69950;69708.13;69770.88
2026-04-06 09:00:00;69224.63;70283.32;69214.46;69728
2026-04-06 08:00:00;69115.91;69347.85;69081.88;69224.63
2026-04-06 07:00:00;68976.67;69215.37;68821.07;69115.91
2026-04-06 06:00:00;69199.31;69354.26;68806.53;68976.67
2026-04-06 05:00:00;69141.81;69247;69086;69199.31
2026-04-06 04:00:00;69123.69;69217.68;68980.36;69141.8
2026-04-06 03:00:00;69207.99;69259.06;69056.86;69123.69
2026-04-06 02:00:00;68810.17;69408.39;68776.61;69207.99
2026-04-06 01:00:00;69083.79;69139.63;68787.13;68810.18
2026-04-06 00:00:00;69034.18;69588;69034.18;69083.78
2026-04-05 23:00:00;68338.43;69136.2;68266.13;69034.18
2026-04-05 22:00:00;67553.44;68374.75;67347.05;68338.43
2026-04-05 21:00:00;67658.35;67682.42;67408.07;67553.43
2026-04-05 20:00:00;67361.01;67705.74;67332.66;67658.35
2026-04-05 19:00:00;67413.78;67560.45;67276.67;67361.01
2026-04-05 18:00:00;67373.64;67451.78;67281.38;67413.78
2026-04-05 17:00:00;67212.61;67402;67187.95;67373.64
2026-04-05 16:00:00;67306.65;67410;67173.4;67212.62
2026-04-05 15:00:00;66918.03;67856.16;66829.02;67306.64
2026-04-05 14:00:00;66890.7;66963.95;66820.54;66918.03
2026-04-05 13:00:00;66783.59;66918.03;66693.91;66890.7
2026-04-05 12:00:00;66998.99;66999;66680.57;66783.58
2026-04-05 11:00:00;67046.01;67087.22;66973.67;66999
2026-04-05 10:00:00;67035.15;67150;66968.35;67046.01
2026-04-05 09:00:00;66933.18;67048.64;66902.15;67035.15
2026-04-05 08:00:00;66820.64;66940;66819.42;66933.18
2026-04-05 07:00:00;66802.24;66914.48;66715.43;66820.64
2026-04-05 06:00:00;66931.65;66940;66611.66;66802.24
2026-04-05 05:00:00;67101.65;67154.98;66888;66931.65
2026-04-05 04:00:00;67145.98;67188.51;67073.56;67101.65
2026-04-05 03:00:00;67170.17;67188.09;67089.33;67145.98
2026-04-05 02:00:00;67085;67174.92;66955.72;67170.16
2026-04-05 01:00:00;67225;67230;67080;67085
2026-04-05 00:00:00;67300.42;67307.28;67168.08;67225
2026-04-04 23:00:00;67399.91;67399.99;67261.32;67300.42
2026-04-04 22:00:00;67359.21;67470.93;67341.19;67399.92
2026-04-04 21:00:00;67268.4;67504.54;67215;67359.2
2026-04-04 20:00:00;67288.42;67295.81;67186.62;67268.4
2026-04-04 19:00:00;67295.47;67543.6;67275;67288.42
2026-04-04 18:00:00;67329.41;67380.98;67265;67295.47
2026-04-04 17:00:00;67366.68;67416.48;67292;67329.4
2026-04-04 16:00:00;67383.66;67520.85;67331.06;67366.68
2026-04-04 15:00:00;67215.24;67562.93;67177.39;67383.66
2026-04-04 14:00:00;67193.45;67223.51;67029.07;67215.24
2026-04-04 13:00:00;67097.87;67267;67082.41;67193.44
2026-04-04 12:00:00;67156.93;67185;67060.56;67097.87
2026-04-04 11:00:00;67167;67232.72;67083.43;67156.93
2026-04-04 10:00:00;66988.06;67167;66918;67167
2026-04-04 09:00:00;66940;66994.52;66918;66988.05
2026-04-04 08:00:00;67014.95;67057.42;66918;66940
2026-04-04 07:00:00;67013.25;67052.99;66943.34;67014.96
2026-04-04 06:00:00;66916.3;67049.94;66911.2;67013.24
2026-04-04 05:00:00;66860.73;66936.72;66844.14;66916.29
2026-04-04 04:00:00;66832.18;66876.32;66775.91;66860.73
2026-04-04 03:00:00;66844.84;66910.22;66830.23;66832.18
2026-04-04 02:00:00;66852;66919.41;66814;66844.83
2026-04-04 01:00:00;66893.4;66924.48;66827.22;66852
2026-04-04 00:00:00;66964.29;66968.28;66876.7;66893.39
2026-04-03 23:00:00;66888.76;66964.3;66826.13;66964.3
2026-04-03 22:00:00;66964.21;66970.17;66842.76;66888.76
2026-04-03 21:00:00;66831.97;66970.18;66827.6;66964.21
2026-04-03 20:00:00;66885.73;66919.61;66831.97;66831.98
2026-04-03 19:00:00;66812.04;66911.19;66774.02;66885.74
2026-04-03 18:00:00;66855;66930;66786.12;66812.03
2026-04-03 17:00:00;67010.45;67067;66751.86;66855.01
2026-04-03 16:00:00;66827.15;67069;66827.14;67010.46
2026-04-03 15:00:00;66929.8;67028.37;66823.3;66827.15
2026-04-03 14:00:00;66671.99;66990.59;66634;66929.81
2026-04-03 13:00:00;66722.16;66735.62;66508.1;66672
2026-04-03 12:00:00;67017.43;67370.42;66646.36;66722.16
2026-04-03 11:00:00;66883.09;67057.42;66823.18;67017.44
2026-04-03 10:00:00;66859.58;66898.97;66674.72;66883.08
2026-04-03 09:00:00;66965.39;67007.93;66749.35;66859.58
2026-04-03 08:00:00;67042.08;67288;66900.56;66965.39
2026-04-03 07:00:00;66796.8;67247.38;66758;67042.08
2026-04-03 06:00:00;66600.35;66800;66558.76;66796.79
2026-04-03 05:00:00;66602.67;66808.5;66416.68;66600.35
2026-04-03 04:00:00;66579.98;66699.99;66500.04;66602.66
2026-04-03 03:00:00;66533.82;66724.17;66495.69;66579.97
2026-04-03 02:00:00;66630.01;66750.57;66282;66533.81
2026-04-03 01:00:00;66785.87;66905.61;66483.9;66630
2026-04-03 00:00:00;66901.99;67000;66702.83;66785.86
2026-04-02 23:00:00;66982.48;67096.68;66855.5;66901.99
2026-04-02 22:00:00;66935.94;67037.48;66825.61;66982.48
2026-04-02 21:00:00;66939.25;67012.09;66731.08;66935.93
2026-04-02 20:00:00;66976;67100;66798;66939.25
2026-04-02 19:00:00;66981.99;67109.09;66878;66975.99
2026-04-02 18:00:00;66679.16;67065.35;66596.8;66981.99
2026-04-02 17:00:00;67095.85;67430.99;66666.66;66679.16
2026-04-02 16:00:00;66852.91;67300;66759.28;67095.85
2026-04-02 15:00:00;66868.17;66994.51;66646.36;66852.91
2026-04-02 14:00:00;66270.87;67104.86;66168.07;66868.18
2026-04-02 13:00:00;66052.71;66285.81;65712.12;66270.87
2026-04-02 12:00:00;66220.28;66248.51;65961.66;66052.71
2026-04-02 11:00:00;66457.28;66516.06;66167.1;66220.28
2026-04-02 10:00:00;66469.6;66511.79;66229.55;66457.28
2026-04-02 09:00:00;66439.12;66517.43;66294;66469.6
2026-04-02 08:00:00;66930.79;66930.79;66180;66439.12
2026-04-02 07:00:00;66681.48;66961.26;66557.33;66930.79
2026-04-02 06:00:00;66591.54;66824.95;66548.45;66681.49
2026-04-02 05:00:00;66330.27;66667.92;66311;66591.54
2026-04-02 04:00:00;66576.25;66655.46;66217.07;66330.27
2026-04-02 03:00:00;66852.99;66969.54;66500;66576.25
2026-04-02 02:00:00;67359.27;67359.27;66624.64;66852.99
2026-04-02 01:00:00;68600.29;68600.29;67050.84;67359.27
2026-04-02 00:00:00;68113.92;68653.38;68050;68600.29
2026-04-01 23:00:00;68122.99;68250;67996.89;68113.92
2026-04-01 22:00:00;68362.53;68362.53;68070.38;68122.99
2026-04-01 21:00:00;68191.09;68534;68171.56;68362.53
2026-04-01 20:00:00;68176.84;68249;67964.48;68191.09
2026-04-01 19:00:00;68084.76;68287.39;68028.19;68176.84
2026-04-01 18:00:00;68266.62;68330.31;67939.28;68084.76
2026-04-01 17:00:00;68816.35;69171.77;68247.17;68266.62
2026-04-01 16:00:00;68918.52;68986.66;68610;68816.34
2026-04-01 15:00:00;68593.56;68965;68428.94;68918.52
2026-04-01 14:00:00;68116.06;68690.98;68059.38;68593.55
2026-04-01 13:00:00;68393.6;68681.25;67918.83;68116.07
2026-04-01 12:00:00;68712.52;68786;68248.3;68393.6
2026-04-01 11:00:00;68585.55;68736.15;68505.91;68712.52
2026-04-01 10:00:00;68644.01;68662.26;68407.08;68585.55
2026-04-01 09:00:00;68670.15;68733.78;68390.25;68644
2026-04-01 08:00:00;68692;68851.35;68389.21;68670.16
2026-04-01 07:00:00;69102.8;69310;68667.02;68692
2026-04-01 06:00:00;68456.01;69236.78;68456.01;69102.85
2026-04-01 05:00:00;68303.83;68755.51;68150;68456.02
2026-04-01 04:00:00;68170.67;68476.26;68005.33;68303.83
2026-04-01 03:00:00;67668.9;68250;67668.9;68170.67
2026-04-01 02:00:00;67782.74;67913.98;67578.75;67668.89
2026-04-01 01:00:00;68330.76;68378.64;67760.33;67782.73
2026-04-01 00:00:00;68284.49;68343.77;67853.3;68330.75
2026-03-31 23:00:00;68173.59;68371.1;68090.2;68284.48
2026-03-31 22:00:00;68278;68341.16;67962.27;68172.87
2026-03-31 21:00:00;68265.53;68410.3;67884;68277.99
2026-03-31 20:00:00;67838.79;68267.27;67831.7;68265.53
2026-03-31 19:00:00;67854.04;68029.41;67716.35;67838.8
2026-03-31 18:00:00;67526.76;67947.98;67526.3;67854.05
2026-03-31 17:00:00;67665.83;68589.49;67403.81;67526.75
2026-03-31 16:00:00;66736.79;68030.19;66729.28;67665.83
2026-03-31 15:00:00;66587.46;67283.25;66587.46;66736.8
2026-03-31 14:00:00;67302.28;67767.87;66427.53;66587.45
2026-03-31 13:00:00;66653.27;67412.11;66653.27;67302.29
2026-03-31 12:00:00;66685.69;66939.9;66520.71;66653.26
2026-03-31 11:00:00;66363.38;66922.58;66240.14;66685.69
2026-03-31 10:00:00;66125;66471.08;66100.01;66363.38
2026-03-31 09:00:00;66778.34;66924.33;65998.05;66124.99
2026-03-31 08:00:00;67367.7;67496;66688.68;66778.33
2026-03-31 07:00:00;67492.86;67524.65;67103.32;67367.69
2026-03-31 06:00:00;67681.69;67711.02;67333.33;67492.85
2026-03-31 05:00:00;67544.01;67780.34;67400;67681.68
2026-03-31 04:00:00;67704.74;67979.38;67405.89;67544.01
2026-03-31 03:00:00;67943.43;68009.99;67648.2;67704.74
2026-03-31 02:00:00;67938.05;68096.87;67775.18;67943.43
2026-03-31 01:00:00;67208.74;68408.37;67050;67938.54
2026-03-31 00:00:00;66797.38;67303.33;66544.51;67208.75
2026-03-30 23:00:00;66784.97;66797.38;66419.79;66797.37
2026-03-30 22:00:00;66809.3;66989.1;66683.72;66784.98
2026-03-30 21:00:00;66651.41;66994.17;66587.32;66809.3
2026-03-30 20:00:00;66550.06;66691.48;66523.75;66651.4
2026-03-30 19:00:00;66653.45;66664.57;66233.13;66550.05
2026-03-30 18:00:00;66828.02;66929.18;66508.25;66653.46
2026-03-30 17:00:00;67368.1;67465.2;66650;66828.02
2026-03-30 16:00:00;67629.4;67641.65;67222;67368.1
2026-03-30 15:00:00;67799.54;67896.89;67407.63;67629.4
2026-03-30 14:00:00;67529.52;67864.49;67088.73;67799.54
2026-03-30 13:00:00;67899.59;68169.65;67428.57;67529.52
2026-03-30 12:00:00;67680.44;67979.93;67666.17;67899.59
2026-03-30 11:00:00;67488.88;68042.3;67488.88;67680.45
2026-03-30 10:00:00;67495.46;67518.37;67360.41;67488.53
2026-03-30 09:00:00;67666.44;67698.62;67460;67495.46
2026-03-30 08:00:00;67624.39;67946.02;67604.56;67666.44
2026-03-30 07:00:00;67305.14;67624.39;67227.88;67624.39
2026-03-30 06:00:00;67492.46;67585.97;67278.53;67305.14
2026-03-30 05:00:00;67616.28;67800;67442;67492.46
2026-03-30 04:00:00;67173.8;67650.01;67167.92;67616.29
2026-03-30 03:00:00;67121.01;67319.33;66977.62;67173.8
2026-03-30 02:00:00;66653.74;67450;66580.01;67121.01
2026-03-30 01:00:00;66280.24;66834.79;66280.24;66653.74
2026-03-30 00:00:00;66010.93;67059.66;65800.59;66280.25
2026-03-29 23:00:00;65860.31;66382.98;65859.91;66010.93
2026-03-29 22:00:00;66710.12;66710.12;65000;65860.31
2026-03-29 21:00:00;66614.04;66756.51;66509.41;66710.12
2026-03-29 20:00:00;66348.61;66793.83;66348.61;66614.05
2026-03-29 19:00:00;66427.27;66477.81;66323.3;66348.62
2026-03-29 18:00:00;66385.84;66540.43;66321.66;66427.26
2026-03-29 17:00:00;66499.36;66546;66158.26;66385.84
2026-03-29 16:00:00;66523.01;66665.05;66435.75;66499.35
2026-03-29 15:00:00;66589.64;66730.6;66334.37;66523
2026-03-29 14:00:00;66580.36;66797.01;66461;66589.64
2026-03-29 13:00:00;66849.88;66875.24;66524.28;66580.36
2026-03-29 12:00:00;66816.29;66870.34;66703.07;66849.88
2026-03-29 11:00:00;66502.8;66988.01;66502.79;66816.28
2026-03-29 10:00:00;66634.01;66634.02;66418;66502.79
2026-03-29 09:00:00;66724;66773.02;66549.54;66634.01
2026-03-29 08:00:00;66671;66772.83;66600;66724
2026-03-29 07:00:00;66738.5;66752.61;66556.78;66671
2026-03-29 06:00:00;66771.94;66872;66636;66738.5
2026-03-29 05:00:00;66735.14;66828.05;66597.1;66771.94
2026-03-29 04:00:00;66912;66936.6;66717.51;66735.14
2026-03-29 03:00:00;66818.01;67130.5;66760.48;66912
2026-03-29 02:00:00;66569.22;66843.66;66540.96;66818
2026-03-29 01:00:00;66487.93;66620;66385.88;66569.22
2026-03-29 00:00:00;66377.04;66500;66281.4;66487.93
2026-03-28 23:00:00;66755.88;66755.88;66283.38;66377.03
2026-03-28 22:00:00;66685.53;66788.88;66588.22;66755.88
2026-03-28 21:00:00;66906;66926.31;66600.01;66685.53
2026-03-28 20:00:00;66916.52;67010;66906;66906
2026-03-28 19:00:00;66908.03;66954;66804.71;66916.52
2026-03-28 18:00:00;66846.2;66963.51;66834.87;66908.03
2026-03-28 17:00:00;66926.94;66996.61;66704;66846.21
2026-03-28 16:00:00;67014.92;67096.77;66855.24;66926.95
2026-03-28 15:00:00;66742.09;67288.94;66717.15;67014.91
2026-03-28 14:00:00;66835.1;66967.01;66666.66;66742.1
2026-03-28 13:00:00;66455.1;67163.99;66407.65;66835.1
2026-03-28 12:00:00;66319.46;66527.01;66240.87;66455.09
2026-03-28 11:00:00;66221.37;66358;66201.91;66319.47
2026-03-28 10:00:00;66311.32;66411.79;66124.4;66221.38
2026-03-28 09:00:00;66409.34;66416.77;66243.01;66311.32
2026-03-28 08:00:00;66561.49;66570.09;66387.06;66409.33
2026-03-28 07:00:00;66382;66573.61;66379.8;66561.48
2026-03-28 06:00:00;66341.9;66500;66308.93;66382
2026-03-28 05:00:00;66285.01;66407.96;66202.01;66341.9
2026-03-28 04:00:00;66240;66304.72;66110;66285.01
2026-03-28 03:00:00;66053.2;66259.66;66053.19;66240
2026-03-28 02:00:00;66178.86;66251.67;65932.09;66053.2
2026-03-28 01:00:00;66431.54;66431.55;66056.09;66178.85
2026-03-28 00:00:00;66407.28;66520.46;66293.35;66431.55
2026-03-27 23:00:00;66020.79;66420.75;65970.25;66407.28
2026-03-27 22:00:00;66098;66098.01;65920;66020.79
2026-03-27 21:00:00;66020.77;66186.01;66013;66098
2026-03-27 20:00:00;66040.65;66152.51;65817.44;66020.76
2026-03-27 19:00:00;65836.69;66145;65700;66040.66
2026-03-27 18:00:00;65632.93;65951.96;65548.25;65836.69
2026-03-27 17:00:00;65979.29;66290;65600;65632.92
2026-03-27 16:00:00;66112.82;66177.99;65812.43;65979.29
2026-03-27 15:00:00;66205.07;66638.25;65958.75;66112.82
2026-03-27 14:00:00;66188.31;66404;65730.17;66205.06
2026-03-27 13:00:00;66619.75;66757.3;66025;66188.32
2026-03-27 12:00:00;66702.78;66773.25;66432.19;66619.76
2026-03-27 11:00:00;66502.41;66848.05;66231.96;66702.78
2026-03-27 10:00:00;67695.81;67778.99;66326.38;66502.41
2026-03-27 09:00:00;67920.51;67960.32;67548.67;67695.81
2026-03-27 08:00:00;68540.49;68635.07;67609.29;67920.5
2026-03-27 07:00:00;68656.16;68955.53;68399.18;68540.48
2026-03-27 06:00:00;68630.76;68846;68567.62;68656.15
2026-03-27 05:00:00;68577.99;68865.88;68511.79;68630.77
2026-03-27 04:00:00;68767.5;68791.4;68304.14;68578
2026-03-27 03:00:00;68903.58;68924;68668.72;68767.51
2026-03-27 02:00:00;69051.27;69179.05;68862;68903.59
2026-03-27 01:00:00;68785;69066.51;68700;69051.27
2026-03-27 00:00:00;68820.31;68965.15;68531.37;68785.01
2026-03-26 23:00:00;68892.66;68994.16;68640;68820.31
2026-03-26 22:00:00;68921.1;69028.89;68603.24;68892.67
2026-03-26 21:00:00;69005.21;69205.43;68879.05;68921.1
2026-03-26 20:00:00;68534.37;69478.42;68436.74;69005.21
2026-03-26 19:00:00;68497.25;68681.54;68358.8;68534.36
2026-03-26 18:00:00;68486.86;68603.75;68153;68497.25
2026-03-26 17:00:00;68932.53;69162;68377.83;68486.86
2026-03-26 16:00:00;69082.64;69142.94;68823.21;68932.52
2026-03-26 15:00:00;69479.91;69497.73;68632.4;69082.64
2026-03-26 14:00:00;69646.59;69837.12;69259.25;69479.92
2026-03-26 13:00:00;69436.42;69877.45;69218;69646.59
2026-03-26 12:00:00;69276.01;69461.28;69226.34;69436.42
2026-03-26 11:00:00;69517.68;69667.56;69192.96;69276.01
2026-03-26 10:00:00;69562.41;69719.96;69464.58;69517.68
2026-03-26 09:00:00;70024.78;70144.44;69409.67;69562.41
2026-03-26 08:00:00;70087.44;70127.69;69806.39;70024.77
2026-03-26 07:00:00;70097.19;70167.6;69805;70087.44
2026-03-26 06:00:00;70016.97;70152.63;69855.73;70097.18
2026-03-26 05:00:00;70772.01;70796.32;69942.96;70016.98
2026-03-26 04:00:00;70921.47;70921.47;70721.46;70772.01
2026-03-26 03:00:00;70893.01;70968.66;70685.69;70921.47
2026-03-26 02:00:00;71252.11;71289.49;70672.37;70893.01
2026-03-26 01:00:00;71299.27;71377.04;71159.06;71252.11
2026-03-26 00:00:00;71336.53;71436.82;71142.38;71299.27
2026-03-25 23:00:00;71369.07;71511.83;71189.55;71336.53
2026-03-25 22:00:00;71035.25;71594.11;70947.61;71369.08
2026-03-25 21:00:00;71009.5;71175;70949.3;71035.24
2026-03-25 20:00:00;70883.32;71058.82;70646.34;71009.5
2026-03-25 19:00:00;70810.34;71093.37;70777.51;70883.31
2026-03-25 18:00:00;70778.99;71149.07;70681.07;70810.34
2026-03-25 17:00:00;71324.01;71389.14;70720.38;70779
2026-03-25 16:00:00;70832.99;71752.88;70719.26;71324.01
2026-03-25 15:00:00;71234.28;71301.37;70530.47;70832.99
2026-03-25 14:00:00;71581.42;71699.87;71230.51;71234.28
2026-03-25 13:00:00;71715.24;71963.71;71515.84;71581.42
2026-03-25 12:00:00;71678.97;71955.17;71105.43;71715.24
2026-03-25 11:00:00;71501.4;72026.09;71470.49;71678.97
2026-03-25 10:00:00;71345.91;71641.91;71291.69;71501.39
2026-03-25 09:00:00;71248.4;71415.12;71101.99;71345.91
2026-03-25 08:00:00;70926.88;71503.94;70800;71248.39
2026-03-25 07:00:00;70991.82;71270.11;70891.31;70926.88
2026-03-25 06:00:00;71117.65;71260;70984.67;70991.83
2026-03-25 05:00:00;70968.64;71345;70940;71117.66
2026-03-25 04:00:00;70716.7;70977.49;70703.83;70968.64
2026-03-25 03:00:00;70531.1;70808.37;70408;70716.7
2026-03-25 02:00:00;70677.19;70781.39;70490.77;70531.09
2026-03-25 01:00:00;70840.75;70977.35;70629.72;70677.18
2026-03-25 00:00:00;70556.74;71100.28;70476.9;70840.75
2026-03-24 23:00:00;70316.96;70832.54;70270;70556.74
2026-03-24 22:00:00;70332.93;70586.86;70140.5;70316.96
2026-03-24 21:00:00;70093.19;70400;69901.39;70332.93
2026-03-24 20:00:00;69377.33;70295.54;69296.15;70093.19
2026-03-24 19:00:00;69430.25;69700;69277.04;69377.33
2026-03-24 18:00:00;69238.44;69746.4;69168.64;69430.24
2026-03-24 17:00:00;69476.88;69512.73;68923.07;69238.43
2026-03-24 16:00:00;69873.04;70001.92;69340.08;69476.87
2026-03-24 15:00:00;69869.93;70255.37;69770.85;69873.04
2026-03-24 14:00:00;70100.46;70462.91;69507.34;69869.93
2026-03-24 13:00:00;70956.48;71059.59;69968.02;70100.46
2026-03-24 12:00:00;71157.77;71177.66;70860.18;70956.48
2026-03-24 11:00:00;71272.87;71327.26;70964.94;71157.77
2026-03-24 10:00:00;71316.98;71328.59;71078.09;71272.87
2026-03-24 09:00:00;70964.16;71368.61;70851.77;71316.97
2026-03-24 08:00:00;71291.7;71349.1;70850.11;70964.15
2026-03-24 07:00:00;70541.39;71400;70488;71291.7
2026-03-24 06:00:00;70283.84;70572.83;70253.23;70541.38
2026-03-24 05:00:00;70372.45;70374.38;70119.06;70283.85
2026-03-24 04:00:00;70542.9;70741.64;70247.91;70372.44
2026-03-24 03:00:00;70453.38;70583.36;70404.54;70542.9
2026-03-24 02:00:00;70516.57;70698;70369.46;70453.37
2026-03-24 01:00:00;70679.2;70891.53;70278.46;70516.57
2026-03-24 00:00:00;70906.45;71099.96;70423.36;70679.2
2026-03-23 23:00:00;70780.22;70998;70404.39;70906.45
2026-03-23 22:00:00;70851.36;70896.76;70520.22;70780.22
2026-03-23 21:00:00;70915.59;70998;70827.66;70851.35
2026-03-23 20:00:00;70679.04;70983.33;70559.03;70915.59
2026-03-23 19:00:00;71076.22;71246.01;70649.4;70679.05
2026-03-23 18:00:00;71085.16;71195.21;70879.85;71076.22
2026-03-23 17:00:00;70561.54;71119.09;70363.63;71085.16
2026-03-23 16:00:00;70131.48;70753.43;70131.47;70561.54
2026-03-23 15:00:00;71446.46;71660.01;70103.21;70131.48
2026-03-23 14:00:00;71481.13;71817.09;71127.14;71446.46
2026-03-23 13:00:00;70752.14;71587.98;70600;71481.13
2026-03-23 12:00:00;70122.15;70877.35;69671.95;70752.15
2026-03-23 11:00:00;68551.02;71499;68544.15;70122.15
2026-03-23 10:00:00;68334.01;68714.28;68299.82;68551.02
2026-03-23 09:00:00;68434.27;68471.11;67916.14;68334.01
2026-03-23 08:00:00;68333.16;68696.91;68328.55;68434.26
2026-03-23 07:00:00;67874.2;68464.42;67502.48;68333.16
2026-03-23 06:00:00;68899.92;68904.42;67698.86;67874.19
2026-03-23 05:00:00;68541;68915.4;68541;68899.92
2026-03-23 04:00:00;68074.6;68550;68057.56;68541
2026-03-23 03:00:00;68320.72;68585.12;68059.88;68074.6
2026-03-23 02:00:00;67905;68400;67801.67;68320.72
2026-03-23 01:00:00;67670;68157.31;67536.01;67905
2026-03-23 00:00:00;67859;68161.41;67445.18;67669.99
2026-03-22 23:00:00;68339.38;68474;67839.99;67859
2026-03-22 22:00:00;67899.97;68396.94;67571.67;68339.37
2026-03-22 21:00:00;68176.47;68228.71;67360.66;67899.97
2026-03-22 20:00:00;68199.93;68498.4;68080;68176.46
2026-03-22 19:00:00;68618.57;68626.07;68145.01;68199.93
2026-03-22 18:00:00;68672.85;68743.18;68344.57;68618.58
2026-03-22 17:00:00;68805.58;68848.32;68665.34;68673.02
2026-03-22 16:00:00;68847.97;68885.53;68665.62;68805.58
2026-03-22 15:00:00;68711.66;69005.71;68700;68847.96
2026-03-22 14:00:00;68700.02;68915.27;68542.1;68711.66
2026-03-22 13:00:00;68654.83;68957.24;68548.32;68700.02
2026-03-22 12:00:00;68217.94;68763.18;68199.04;68654.83
2026-03-22 11:00:00;68648.16;68691.03;68110.55;68217.95
2026-03-22 10:00:00;68826.21;68847.83;68584.27;68648.17
2026-03-22 09:00:00;68804.77;68901.65;68587.78;68826.2
2026-03-22 08:00:00;68919.37;68990.67;68523.96;68804.77
2026-03-22 07:00:00;69164.06;69250.08;68892.93;68919.38
2026-03-22 06:00:00;69153.41;69245.79;69059.87;69164.06
2026-03-22 05:00:00;69358;69358;69150;69153.41
2026-03-22 04:00:00;69340;69526.85;69215.89;69358
2026-03-22 03:00:00;69278.12;69588.79;69123.13;69339.99
2026-03-22 02:00:00;68962.4;69411.1;68951.21;69278.12
2026-03-22 01:00:00;68954.7;69100;68762.31;68962.4
2026-03-22 00:00:00;68918.12;69155.86;68228.5;68954.71
2026-03-21 23:00:00;70277.21;70293.82;68571.42;68918.12
2026-03-21 22:00:00;70345.57;70384.95;70265.55;70277.22
2026-03-21 21:00:00;70462.27;70516.82;70268.06;70345.57
2026-03-21 20:00:00;70396.01;70508.11;70358.9;70462.28
2026-03-21 19:00:00;70389.18;70448.79;70324.7;70396
2026-03-21 18:00:00;70303.45;70534.38;70290.48;70389.19
2026-03-21 17:00:00;70301.66;70426.18;70210;70304.08
2026-03-21 16:00:00;70630.02;70652.64;70251;70301.66
2026-03-21 15:00:00;70629.09;70760;70453.09;70630.02
2026-03-21 14:00:00;70740.18;71100.94;70592.53;70629.1
2026-03-21 13:00:00;70722.61;70812.74;70707.12;70740.18
2026-03-21 12:00:00;70652.73;70800;70652.73;70722.61
2026-03-21 11:00:00;70605.64;70652.73;70567.79;70652.72
2026-03-21 10:00:00;70661.59;70695.32;70559.69;70605.64
2026-03-21 09:00:00;70594.42;70735.36;70570.4;70661.59
2026-03-21 08:00:00;70727.33;70753.79;70492.02;70594.43
2026-03-21 07:00:00;70773.55;70879.76;70677.44;70727.33
2026-03-21 06:00:00;70697.94;70831.14;70693.06;70774.65
2026-03-21 05:00:00;70642.14;70834.46;70635.1;70697.94
2026-03-21 04:00:00;70657.35;70819;70617.05;70642.13
2026-03-21 03:00:00;70737.6;70784.07;70632.39;70657.35
2026-03-21 02:00:00;70464.6;70785.9;70431.67;70737.6
2026-03-21 01:00:00;70682.2;70758.5;70445.36;70464.59
2026-03-21 00:00:00;70510.73;70826;70467.36;70682.19
2026-03-20 23:00:00;70767.85;70771.13;70430;70510.73
2026-03-20 22:00:00;70540.72;70923.75;70532;70767.85
2026-03-20 21:00:00;70057.66;70726.13;69946.65;70540.73
2026-03-20 20:00:00;70177.85;70259.28;69754.71;70057.66
2026-03-20 19:00:00;69770.01;70190.18;69673.76;70177.86
2026-03-20 18:00:00;69999.99;70071.81;69525.33;69770
2026-03-20 17:00:00;69829.27;70039.78;69388;70000
2026-03-20 16:00:00;69860.09;70100;69608.54;69829.26
2026-03-20 15:00:00;69731.2;70002.68;69480;69860.09
2026-03-20 14:00:00;69863.85;70268.66;69589.38;69731.21
2026-03-20 13:00:00;70342.63;70613.75;69795.7;69863.84
2026-03-20 12:00:00;70478.71;70685.63;70251;70342.63
2026-03-20 11:00:00;70611.68;70810.81;70303.36;70478.71
2026-03-20 10:00:00;70583.81;70670.43;70218.68;70611.68
2026-03-20 09:00:00;71042.23;71042.23;70419.65;70583.8
2026-03-20 08:00:00;70854.66;71367;70800;71042.23
2026-03-20 07:00:00;70502.91;70939.58;70160.06;70854.66
2026-03-20 06:00:00;70606.23;70646.93;70346.49;70502.9
2026-03-20 05:00:00;70783.7;70867.44;70521.73;70606.24
2026-03-20 04:00:00;70729.93;70969.71;70557.91;70783.69
2026-03-20 03:00:00;70415.48;70809.43;70388;70729.92
2026-03-20 02:00:00;70403.8;70516.16;70086.86;70415.47
2026-03-20 01:00:00;70181;70588.5;70181;70403.79
2026-03-20 00:00:00;69930.01;70311.12;69837.1;70181
2026-03-19 23:00:00;70184;70282.47;69718.23;69930
2026-03-19 22:00:00;70413.46;70501.89;69954.05;70183.99
2026-03-19 21:00:00;70483.03;70695.6;70371.19;70413.47
2026-03-19 20:00:00;70272;70676;70201;70483.03
2026-03-19 19:00:00;69821.21;70596.42;69805.33;70271.99
2026-03-19 18:00:00;69854.15;69931.1;69581.55;69821.21
2026-03-19 17:00:00;69455.86;69954.18;69122.03;69854.16
2026-03-19 16:00:00;69412.52;69642.35;69177.19;69455.86
2026-03-19 15:00:00;69482.24;69917.87;68793.35;69412.51
2026-03-19 14:00:00;69905.65;70179.53;69096.16;69482.25
2026-03-19 13:00:00;69290.28;70084.35;69081.51;69905.65
2026-03-19 12:00:00;69952.75;69952.76;69105.49;69290.27
2026-03-19 11:00:00;70133.73;70259.37;69909.09;69952.75
2026-03-19 10:00:00;70513;70538.74;70117;70133.72
2026-03-19 09:00:00;69985.19;70560.91;69971.99;70513
2026-03-19 08:00:00;70191.16;70300;69900;69985.19
2026-03-19 07:00:00;70583.22;70600.04;69478.51;70191.17
2026-03-19 06:00:00;70826.55;70979.99;70505;70583.22
2026-03-19 05:00:00;70822.06;70909.88;70661.56;70826.54
2026-03-19 04:00:00;71215.39;71215.39;70654.86;70822.07
2026-03-19 03:00:00;71055.44;71613.79;71053.33;71215.39
2026-03-19 02:00:00;71115.24;71252.83;70902.37;71055.44
2026-03-19 01:00:00;71002.18;71182.44;70951.93;71115.23
2026-03-19 00:00:00;71246.55;71321.81;70976.69;71002.17
2026-03-18 23:00:00;71153.67;71365.4;71069.69;71246.54
2026-03-18 22:00:00;71263.67;71269.02;70944.56;71153.66
2026-03-18 21:00:00;71214.67;71451.22;71167.15;71263.67
2026-03-18 20:00:00;71072.38;71333.33;70500;71214.67
2026-03-18 19:00:00;71096.75;71486.14;70933.85;71072.38
2026-03-18 18:00:00;71595.21;72000.5;70947.78;71096.74
2026-03-18 17:00:00;71314.07;71750;71199.87;71595.21
2026-03-18 16:00:00;71467.82;71565.78;71037.34;71314.08
2026-03-18 15:00:00;71193.23;71531.54;70857.21;71467.82
2026-03-18 14:00:00;72133.48;72222.45;71100;71193.23
2026-03-18 13:00:00;72361.13;72556.81;71980;72133.49
2026-03-18 12:00:00;72952.85;72981.79;72271.11;72361.24
2026-03-18 11:00:00;73946.35;74074.84;72800;72952.85
2026-03-18 10:00:00;74181.08;74267.77;73816.26;73946.35
2026-03-18 09:00:00;74044.9;74281.33;74042.85;74181.08
2026-03-18 08:00:00;73883.8;74130.02;73863.31;74044.89
2026-03-18 07:00:00;73954.03;73997.04;73700.01;73883.8
2026-03-18 06:00:00;73950.01;74225.82;73938.1;73954.03
2026-03-18 05:00:00;74175.48;74312.11;73830.76;73950
2026-03-18 04:00:00;74446.14;74486.3;74137.02;74175.49
2026-03-18 03:00:00;74338.93;74672.34;74250.27;74446.14
2026-03-18 02:00:00;74072.3;74476;74051.78;74338.93
2026-03-18 01:00:00;73867.88;74211.43;73820.69;74072.3
2026-03-18 00:00:00;73909.37;74063.22;73535.36;73867.88
2026-03-17 23:00:00;74307.08;74398.74;73871.74;73909.36
2026-03-17 22:00:00;74685.42;74772.14;73934;74307.08
2026-03-17 21:00:00;74506.75;74799;74450.01;74685.42
2026-03-17 20:00:00;74511.21;74685.5;74359.87;74506.75
2026-03-17 19:00:00;74683.04;74800;74427.25;74512.17
2026-03-17 18:00:00;74523.76;74769.17;74386.11;74683.04
2026-03-17 17:00:00;74155.68;74594;74006.58;74523.75
2026-03-17 16:00:00;73914.4;74350;73855.24;74155.69
2026-03-17 15:00:00;74381.69;74893.94;73669.91;73914.39
2026-03-17 14:00:00;73615.49;74425.31;73424.79;74381.7
2026-03-17 13:00:00;73739.74;74167.39;73399.19;73615.48
2026-03-17 12:00:00;74033.1;74170.55;73672.25;73739.74
2026-03-17 11:00:00;73729.45;74224.16;73682.01;74033.11
2026-03-17 10:00:00;73937.16;73960.74;73560.98;73729.45
2026-03-17 09:00:00;74188.38;74406.03;73841.62;73937.16
2026-03-17 08:00:00;74249.32;74452.97;74108.01;74188.38
2026-03-17 07:00:00;74085.46;74457.72;74066.4;74249.32
2026-03-17 06:00:00;74036.74;74276.66;73877.56;74085.45
2026-03-17 05:00:00;74252;74459.99;73784;74036.74
2026-03-17 04:00:00;74463.98;74712.89;73980.16;74252.01
2026-03-17 03:00:00;75198.02;75326.15;74268.73;74463.98
2026-03-17 02:00:00;75623.91;75677.66;75114.67;75198.02
2026-03-17 01:00:00;75318.48;76000;75074.37;75623.91
2026-03-17 00:00:00;74884.67;75520.23;74614.18;75318.48
2026-03-16 23:00:00;74773.56;74909.08;74250.21;74884.67
2026-03-16 22:00:00;74401.35;74899.99;74378.43;74772.66
2026-03-16 21:00:00;74236.9;74799;74150;74401.36
2026-03-16 20:00:00;73963;74248.95;73863.2;74236.9
2026-03-16 19:00:00;73913.6;74418.6;73781.54;73963
2026-03-16 18:00:00;73943.17;74356.32;73860;73913.6
2026-03-16 17:00:00;73760.63;74065.7;73648.7;73943.18
2026-03-16 16:00:00;73274.75;73901.95;73160.66;73760.63
2026-03-16 15:00:00;73565.54;74030;73186.5;73274.76
2026-03-16 14:00:00;74109.56;74460.19;72990.52;73565.54
2026-03-16 13:00:00;73864.81;74509.52;73787;74109.55
2026-03-16 12:00:00;73552.78;74044;73465.46;73864.8
2026-03-16 11:00:00;73783.42;73838.76;73515.33;73552.77
2026-03-16 10:00:00;73260.92;73783.42;73202.89;73783.42
2026-03-16 09:00:00;73135;73331.88;73057.25;73260.92
2026-03-16 08:00:00;73456.69;73776.13;72888.8;73135
2026-03-16 07:00:00;73714.36;73924.83;73385.18;73456.68
2026-03-16 06:00:00;74207.49;74207.5;73610;73714.36
2026-03-16 05:00:00;73835.62;74258.07;73720;74207.49
2026-03-16 04:00:00;73573.31;74451.03;73573.31;73835.62
2026-03-16 03:00:00;72514.69;74330.34;72436.02;73573.32
2026-03-16 02:00:00;72752.9;72852.28;72368.08;72514.69
2026-03-16 01:00:00;72531.27;72852.28;72270.41;72752.9
2026-03-16 00:00:00;72815.25;73008.94;72452.26;72531.26
2026-03-15 23:00:00;72749.45;73199;72420.44;72815.24
2026-03-15 22:00:00;72109.59;73081.77;71725.74;72749.44
2026-03-15 21:00:00;71730.81;72222;71629.99;72109.58
2026-03-15 20:00:00;71549.94;71930;71433.75;71730.81
2026-03-15 19:00:00;71390.53;71582.83;71338.67;71549.94
2026-03-15 18:00:00;71819.96;71885.55;71321.87;71390.53
2026-03-15 17:00:00;71437.35;71989.93;71409.74;71819.95
2026-03-15 16:00:00;71481.24;71586.75;71320.08;71437.35
2026-03-15 15:00:00;71622.04;71626;71410;71481.24
2026-03-15 14:00:00;71607.54;71635.56;71341.68;71622.03
2026-03-15 13:00:00;71610.33;71679.81;71263.99;71607.54
2026-03-15 12:00:00;71839.41;71839.42;71560.21;71610.33
2026-03-15 11:00:00;71783.1;71888;71659.71;71839.42
2026-03-15 10:00:00;71791.11;71919.19;71714.37;71783.09
2026-03-15 09:00:00;71717.5;71940.49;71713.9;71791.1
2026-03-15 08:00:00;71453.59;71736.72;71453.59;71717.5
2026-03-15 07:00:00;71458.41;71658.44;71411.88;71453.59
2026-03-15 06:00:00;71489.67;71595.43;71373.75;71458.41
2026-03-15 05:00:00;71606.31;71800.68;71476;71489.68
2026-03-15 04:00:00;71363.13;71661.55;71330.66;71606.32
2026-03-15 03:00:00;71450.54;71538.03;71240.68;71363.14
2026-03-15 02:00:00;70985.84;71634.08;70985.84;71450.53
2026-03-15 01:00:00;70985.29;71037.41;70858.82;70985.83
2026-03-15 00:00:00;71211.95;71220.74;70967.59;70985.28
2026-03-14 23:00:00;70710.9;71253.17;70710.9;71211.95
2026-03-14 22:00:00;70799.99;70805.15;70695.29;70710.91
2026-03-14 21:00:00;70805.71;70825.04;70661.06;70799.99
2026-03-14 20:00:00;70699.99;70856.4;70650.09;70805.71
2026-03-14 19:00:00;70668.23;70740.34;70595.14;70700
2026-03-14 18:00:00;70617.01;70708.88;70559.35;70668.23
2026-03-14 17:00:00;70672.52;70733.02;70590;70617.01
2026-03-14 16:00:00;70580.09;70709.4;70500;70672.53
2026-03-14 15:00:00;70599.23;70728.59;70501;70580.09
2026-03-14 14:00:00;70847.34;70941.17;70578.76;70599.22
2026-03-14 13:00:00;70780.59;70930.56;70711.54;70847.35
2026-03-14 12:00:00;70751.42;70835.48;70616.44;70780.59
2026-03-14 11:00:00;70570.44;70784.38;70562.66;70751.42
2026-03-14 10:00:00;70501.16;70575.1;70389.08;70570.44
2026-03-14 09:00:00;70585.64;70728.07;70400;70501.16
2026-03-14 08:00:00;70596.68;70710.76;70536.58;70585.63
2026-03-14 07:00:00;70622.09;70743.88;70489.03;70596.68
2026-03-14 06:00:00;71013.75;71013.75;70317;70622.08
2026-03-14 05:00:00;71039.57;71151.3;70916.96;71013.75
2026-03-14 04:00:00;71081.31;71307.92;71021.11;71039.58
2026-03-14 03:00:00;70783.27;71185.23;70783.26;71081.3
2026-03-14 02:00:00;70831.7;70948.66;70735.21;70783.27
2026-03-14 01:00:00;70631.96;70941.05;70481.7;70831.7
2026-03-14 00:00:00;70930.01;70951.8;70555;70631.97
2026-03-13 23:00:00;70814;71005.3;70688.45;70930
2026-03-13 22:00:00;71104.65;71189.26;70559.02;70814
2026-03-13 21:00:00;71346.84;71491.03;71058.25;71104.65
2026-03-13 20:00:00;71189.96;71469.53;71150;71346.84
2026-03-13 19:00:00;71055.45;71309.94;71006.19;71189.95
2026-03-13 18:00:00;71037.93;71350.94;70841.23;71055.45
2026-03-13 17:00:00;71885.56;72249.99;70914.09;71037.93
2026-03-13 16:00:00;71831.46;72100;71154.54;71885.57
2026-03-13 15:00:00;72382.72;72829.12;71736.34;71831.46
2026-03-13 14:00:00;73379.18;73913.74;72350;72382.72
2026-03-13 13:00:00;72784.73;73585.27;72684.88;73379.18
2026-03-13 12:00:00;72228.81;72884.68;72210;72784.73
2026-03-13 11:00:00;72458.11;72526.12;72207.41;72228.82
2026-03-13 10:00:00;72006.56;72575.98;71995.53;72458.12
2026-03-13 09:00:00;71821.01;72100.37;71589.81;72006.57
2026-03-13 08:00:00;71612.23;72142.85;71385.28;71821.02
2026-03-13 07:00:00;71342;71672.76;71236.08;71612.22
2026-03-13 06:00:00;71546.28;71593.22;71180.19;71342
2026-03-13 05:00:00;71393.93;71637.54;71242.02;71546.29
2026-03-13 04:00:00;71405.76;71493.77;71214.01;71393.94
2026-03-13 03:00:00;71143.8;71508.87;70964.43;71405.75
2026-03-13 02:00:00;71672.38;71696.68;71045.52;71143.8
2026-03-13 01:00:00;71475.6;71759.95;71283.99;71672.39
2026-03-13 00:00:00;70541.34;72000;70386.01;71475.61
2026-03-12 23:00:00;70175.64;70734.25;70159.35;70541.34
2026-03-12 22:00:00;70268.54;70305.26;70013.17;70175.64
2026-03-12 21:00:00;70164.5;70470;70164.5;70268.55
2026-03-12 20:00:00;70432.33;70555.2;70111.28;70164.49
2026-03-12 19:00:00;69819.64;70548.81;69770.85;70432.32
2026-03-12 18:00:00;70212.05;70303.51;69800;69819.64
2026-03-12 17:00:00;70381.15;70547.19;70076.16;70212.06
2026-03-12 16:00:00;70334.89;70569.15;69905.71;70381.16
2026-03-12 15:00:00;69590.09;70565.43;69476.14;70334.88
2026-03-12 14:00:00;69972.2;70660.69;69355.34;69590.09
2026-03-12 13:00:00;70381.8;70534.65;69645;69972.15
2026-03-12 12:00:00;70427.9;70617.66;70277.38;70381.8
2026-03-12 11:00:00;70412.1;70800;70367.97;70427.91
2026-03-12 10:00:00;69952.51;70511;69856;70412.11
2026-03-12 09:00:00;69917.36;70400;69580;69952.51
2026-03-12 08:00:00;69826.19;70116.37;69698.33;69917.37
2026-03-12 07:00:00;69501.45;69865.98;69408.88;69826.19
2026-03-12 06:00:00;69480.54;69561.84;69315.63;69501.44
2026-03-12 05:00:00;69372;69539.61;69205.91;69480.54
2026-03-12 04:00:00;69446.61;69676.88;69296.43;69372
2026-03-12 03:00:00;69286.55;69628.25;69246.23;69446.61
2026-03-12 02:00:00;69841.3;69887.93;69226.52;69286.56
2026-03-12 01:00:00;70225.34;70226.94;69754.94;69841.31
2026-03-12 00:00:00;70191.86;70353.87;70130.23;70225.34
2026-03-11 23:00:00;70373.01;70505;70125.83;70191.86
2026-03-11 22:00:00;70741.27;70950;70241.53;70373.01
2026-03-11 21:00:00;70634.96;70777.17;70499.94;70741.26
2026-03-11 20:00:00;70641.81;70700;70394.23;70634.96
2026-03-11 19:00:00;70617.63;70742.38;70375.68;70641.82
2026-03-11 18:00:00;70785.99;70895.31;70415.27;70617.64
2026-03-11 17:00:00;70570.71;71321;70512.01;70785.99
2026-03-11 16:00:00;70227.92;70826.39;70161.78;70570.71
2026-03-11 15:00:00;70578.7;70654.43;69702.25;70227.91
2026-03-11 14:00:00;70186.08;70987;69906.77;70578.7
2026-03-11 13:00:00;69361.13;71091.18;69331.04;70186.09
2026-03-11 12:00:00;69172.99;69777.66;68977.91;69361.13
2026-03-11 11:00:00;69604.9;69755.1;69150.28;69173
2026-03-11 10:00:00;69466.75;69726.45;69390.91;69604.9
2026-03-11 09:00:00;69662.24;69752.06;69384.5;69466.75
2026-03-11 08:00:00;69648.28;69786.32;69500;69662.24
2026-03-11 07:00:00;69950.01;70018.49;69500.67;69648.29
2026-03-11 06:00:00;69510.37;69996;69500.01;69950.01
2026-03-11 05:00:00;70130.99;70200.96;69420;69510.36
2026-03-11 04:00:00;69551.91;70281.87;69501.55;70130.99
2026-03-11 03:00:00;69810.73;69887.11;69488.7;69551.91
2026-03-11 02:00:00;70071.26;70119.59;69614;69810.72
2026-03-11 01:00:00;70044.87;70144;69880;70071.26
2026-03-11 00:00:00;69948.64;70173.25;69759.63;70044.87
2026-03-10 23:00:00;69721.58;69981.8;69698.46;69948.63
2026-03-10 22:00:00;69763.02;69869.9;69452.42;69721.58
2026-03-10 21:00:00;70236.34;70417.3;69541.91;69763.01
2026-03-10 20:00:00;70043.63;70350;70007.52;70235.6
2026-03-10 19:00:00;70013.87;70290;69739;70043.63
2026-03-10 18:00:00;70868.62;70914.9;69901;70013.87
2026-03-10 17:00:00;71268.58;71452;70512.64;70868.61
2026-03-10 16:00:00;71346.17;71700;70943.31;71268.59
2026-03-10 15:00:00;71467.81;71777;70900.05;71346.16
2026-03-10 14:00:00;69921.12;71527.54;69266.06;71467.81
2026-03-10 13:00:00;70519.86;70926.46;69723.25;69921.12
2026-03-10 12:00:00;70580.95;70628.19;70290.88;70519.86
2026-03-10 11:00:00;70774.04;70865.73;70540.4;70580.94
2026-03-10 10:00:00;71078.92;71086.86;70660.89;70774.04
2026-03-10 09:00:00;70709.37;71300;70653.24;71078.92
2026-03-10 08:00:00;70406.01;71097.64;70369;70709.37
2026-03-10 07:00:00;69910.91;70546.74;69805.7;70406.01
2026-03-10 06:00:00;69971.34;70185.24;69750.62;69910.91
2026-03-10 05:00:00;70072.95;70355.06;69885.71;69971.34
2026-03-10 04:00:00;69429.85;70132.27;69429.85;70072.94
2026-03-10 03:00:00;70272;70370.86;69390;69429.85
2026-03-10 02:00:00;69260;70578.29;69103.12;70272.01
2026-03-10 01:00:00;69157.36;69389.06;68786.04;69260.01
2026-03-10 00:00:00;68432.16;69290.42;68391.41;69157.37
2026-03-09 23:00:00;68635.88;68694.73;68384.69;68432.16
2026-03-09 22:00:00;68919.71;69030.56;68597;68635.88
2026-03-09 21:00:00;68961.15;69102.53;68660.94;68919.72
2026-03-09 20:00:00;68991.93;69145.28;68762.2;68961.71
2026-03-09 19:00:00;68356.37;69516.65;68356.37;68991.93
2026-03-09 18:00:00;68600.71;68705.76;68179.12;68356.37
2026-03-09 17:00:00;68960.12;69088.49;68270.34;68600.71
2026-03-09 16:00:00;68863.67;69225;68614.47;68960.12
2026-03-09 15:00:00;69151.5;69254.87;68717.86;68863.66
2026-03-09 14:00:00;68975.8;69480;68696.28;69151.5
2026-03-09 13:00:00;68151.93;69300;68133.93;68976
2026-03-09 12:00:00;67764.99;68348.26;67759.57;68151.93
2026-03-09 11:00:00;67608.13;67855.82;67344.45;67764.98
2026-03-09 10:00:00;67981.03;68088.92;67556.72;67608.13
2026-03-09 09:00:00;67814.69;68460.09;67566.65;67981.02
2026-03-09 08:00:00;67555.13;67929.19;67391.89;67814.69
2026-03-09 07:00:00;67267.18;67575.81;66853.48;67555.13
2026-03-09 06:00:00;67911.15;67939.55;67236.78;67267.18
2026-03-09 05:00:00;67131.1;68069.29;67113.02;67911.16
2026-03-09 04:00:00;67205.06;67610;67093.09;67130.14
2026-03-09 03:00:00;66537.32;67668.64;66512.88;67205.05
2026-03-09 02:00:00;66196.01;66707.58;65959;66537.32
2026-03-09 01:00:00;66370.01;66698.05;66131.25;66196.01
2026-03-09 00:00:00;65971.2;66773;65821.97;66370.01
2026-03-08 23:00:00;66236.8;66569.24;65930.3;65971.2
2026-03-08 22:00:00;67020.01;67020.01;65618.49;66236.8
2026-03-08 21:00:00;67238.79;67266;66712.69;67020.01
2026-03-08 20:00:00;67337.41;67609.08;67028.45;67238.8
2026-03-08 19:00:00;66803.99;67485.24;66779.82;67337.42
2026-03-08 18:00:00;67065;67076;66745.54;66804
2026-03-08 17:00:00;66872.15;67179.98;66800.01;67065
2026-03-08 16:00:00;67218.23;67268.44;66802.47;66872.15
2026-03-08 15:00:00;67339.75;67369.36;67080;67218.23
2026-03-08 14:00:00;67234.86;67426.69;67055.73;67339.76
2026-03-08 13:00:00;67324.71;67431.81;66761.68;67234.86
2026-03-08 12:00:00;67515;67650.94;66888;67324.72
2026-03-08 11:00:00;67904.15;67904.15;67411.76;67515
2026-03-08 10:00:00;67681;68200;67680.99;67904.14
2026-03-08 09:00:00;67539.34;67905.03;67474;67681
2026-03-08 08:00:00;67319.9;67577.36;67156.93;67539.33
2026-03-08 07:00:00;67161.52;67465.11;67154.91;67319.91
2026-03-08 06:00:00;67149.93;67231.86;67035.18;67161.52
2026-03-08 05:00:00;66637.35;67250.24;66617.76;67149.93
2026-03-08 04:00:00;67000.26;67100.01;66547.15;66637.36
2026-03-08 03:00:00;66925.45;67083.1;66850;67000.26
2026-03-08 02:00:00;67297.27;67426.52;66833.58;66925.44
2026-03-08 01:00:00;67194.77;67353.57;67090;67297.27
2026-03-08 00:00:00;67262.91;67481.96;67181.04;67194.77
2026-03-07 23:00:00;67258.65;67403.85;67183.39;67262.91
2026-03-07 22:00:00;67452.97;67469.87;67101.31;67258.65
2026-03-07 21:00:00;67402.98;67483.05;67281.34;67452.98
2026-03-07 20:00:00;67080.33;67437.5;67068.01;67402.98
2026-03-07 19:00:00;67568.13;67572.35;66915.26;67080.34
2026-03-07 18:00:00;67788.4;67788.41;67480;67568.13
2026-03-07 17:00:00;67783.63;67935.01;67768.97;67788.41
2026-03-07 16:00:00;67877.45;67889.68;67702.2;67783.63
2026-03-07 15:00:00;68016.7;68034.67;67769.89;67877.45
2026-03-07 14:00:00;67931.06;68083.79;67609.44;68016.7
2026-03-07 13:00:00;67992.54;68081.16;67855.82;67931.06
2026-03-07 12:00:00;68010;68085.41;67900.01;67992.54
2026-03-07 11:00:00;67880.31;68232.27;67841.67;68010.01
2026-03-07 10:00:00;68000;68102.73;67870.43;67880.31
2026-03-07 09:00:00;67795.4;68074.97;67738.31;68000
2026-03-07 08:00:00;67842.67;68045.07;67720.98;67795.4
2026-03-07 07:00:00;67690.86;67865.23;67446.41;67842.67
2026-03-07 06:00:00;68018.27;68021.14;67612.21;67690.86
2026-03-07 05:00:00;68063.42;68140.49;67908;68018.26
2026-03-07 04:00:00;68095.5;68147.73;67817;68063.43
2026-03-07 03:00:00;68350.05;68551.04;68095.5;68095.5
2026-03-07 02:00:00;68262.01;68367.73;68060.6;68350.04
2026-03-07 01:00:00;68290.46;68369.11;68180.95;68262.01
2026-03-07 00:00:00;68114.02;68394.09;68105.73;68290.45
2026-03-06 23:00:00;68319.9;68371.24;68105.71;68114.02
2026-03-06 22:00:00;68289.11;68440.92;68221.38;68319.89
2026-03-06 21:00:00;68111.03;68333.33;67919.72;68289.1
2026-03-06 20:00:00;68131.79;68285.71;67777;68111.03
2026-03-06 19:00:00;68181.2;68485.01;68004.15;68131.79
2026-03-06 18:00:00;67955.1;68476.47;67955.1;68181.2
2026-03-06 17:00:00;68446.52;68642.69;67744.78;67955.1
2026-03-06 16:00:00;68504.71;68795.44;68222;68446.52
2026-03-06 15:00:00;68409.89;69100;68306;68504.71
2026-03-06 14:00:00;69213.18;69273.87;68176.47;68409.89
2026-03-06 13:00:00;69907;70341.76;69208;69208
2026-03-06 12:00:00;70212.94;70224.84;69660;69907
2026-03-06 11:00:00;70527.93;70643.27;70184.01;70212.95
2026-03-06 10:00:00;70565.56;70800;70467.88;70527.93
2026-03-06 09:00:00;70789.49;70808.65;70300;70565.56
2026-03-06 08:00:00;71056.44;71067.58;70735.85;70789.49
2026-03-06 07:00:00;70597.23;71192.76;70468.97;71056.44
2026-03-06 06:00:00;70436.18;70853.37;70261.23;70597.23
2026-03-06 05:00:00;70613.61;70658.01;70143.19;70436.19
2026-03-06 04:00:00;71080.37;71120.17;70270.21;70613.61
2026-03-06 03:00:00;71252.43;71305.42;71000;71080.38
2026-03-06 02:00:00;71257.2;71419.98;71036;71252.43
2026-03-06 01:00:00;70988.19;71301.74;70344.03;71257.2
2026-03-06 00:00:00;70891.02;71047.95;70784;70988.19
2026-03-05 23:00:00;71208.54;71292.44;70777;70890.72
2026-03-05 22:00:00;71141.93;71364.45;71074.45;71208.54
2026-03-05 21:00:00;71236.51;71572.3;71023.52;71141.93
2026-03-05 20:00:00;70918.08;71394.45;70840;71236.51
2026-03-05 19:00:00;70990.66;71430.78;70870;70918.07
2026-03-05 18:00:00;70703.37;71090.32;70656.63;70990.65
2026-03-05 17:00:00;71305.92;71572;70645.47;70704.41
