datetime;open;high;low;close
2026-09-30 00:00:00;119.15;119.3;118.51;118.95
2026-09-29 23:00:00;119.11;119.68;118.88;119.15
2026-09-29 22:00:00;118.94;119.6;118.86;119.12
2026-09-29 21:00:00;119.04;119.19;118.52;118.94
2026-09-29 20:00:00;118.81;119.25;118.61;119.05
2026-09-29 19:00:00;119.16;119.53;118.58;118.8
2026-09-29 18:00:00;117.71;119.29;117.71;119.17
2026-09-29 17:00:00;118.05;118.35;117.36;117.71
2026-09-29 16:00:00;118.22;118.72;117.53;118.06
2026-09-29 15:00:00;120.21;120.29;117.95;118.22
2026-09-29 14:00:00;121.02;121.31;120.16;120.21
2026-09-29 13:00:00;120.88;121.69;120.67;121.02
2026-09-29 12:00:00;120.15;121.05;119.95;120.87
2026-09-29 11:00:00;119.44;120.4;119.22;120.14
2026-09-29 10:00:00;119.93;120.04;119.21;119.44
2026-09-29 09:00:00;119.19;120.1;118.88;119.92
2026-09-29 08:00:00;119.55;120;118.9;119.18
2026-09-29 07:00:00;119.26;119.92;119;119.54
2026-09-29 06:00:00;118.26;119.29;118.23;119.26
2026-09-29 05:00:00;117.69;118.27;117.11;118.27
2026-09-29 04:00:00;117.86;118.1;117.27;117.7
2026-09-29 03:00:00;116.96;118.06;116.92;117.86
2026-09-29 02:00:00;117.14;117.33;116.44;116.95
2026-09-29 01:00:00;118.09;118.44;116.32;117.14
2026-09-29 00:00:00;118.89;119.13;118.06;118.1
2026-09-28 23:00:00;118.6;119;118.55;118.89
2026-09-28 22:00:00;117.73;118.63;117.26;118.61
2026-09-28 21:00:00;118.84;119.15;117.69;117.73
2026-09-28 20:00:00;118.37;119.08;118.15;118.84
2026-09-28 19:00:00;119.98;120.01;118.01;118.37
2026-09-28 18:00:00;119.73;120.14;119.36;119.99
2026-09-28 17:00:00;119.29;120.73;118.58;119.74
2026-09-28 16:00:00;118.71;120.37;118.27;119.28
2026-09-28 15:00:00;118.08;118.84;117.47;118.71
2026-09-28 14:00:00;119.84;119.84;117.36;118.07
2026-09-28 13:00:00;120.04;120.39;119.4;119.84
2026-09-28 12:00:00;118.72;120.25;118.52;120.03
2026-09-28 11:00:00;118.47;118.84;118.38;118.73
2026-09-28 10:00:00;117.77;118.78;117.77;118.46
2026-09-28 09:00:00;118.36;118.71;117.58;117.76
2026-09-28 08:00:00;118.05;118.61;118.02;118.36
2026-09-28 07:00:00;118.75;119.15;117.9;118.06
2026-09-28 06:00:00;119.16;119.48;118.21;118.75
2026-09-28 05:00:00;119.96;120.18;118.14;119.16
2026-09-28 04:00:00;119.86;120.23;119.21;119.96
2026-09-28 03:00:00;120.05;120.43;119.45;119.85
2026-09-28 02:00:00;120.71;121.45;119.88;120.05
2026-09-28 01:00:00;121.66;122.25;120.33;120.72
2026-09-28 00:00:00;122;122.93;121.44;121.66
2026-09-27 23:00:00;121.42;122.2;121.35;121.99
2026-09-27 22:00:00;122.85;123;120.96;121.41
2026-09-27 21:00:00;122.71;123.29;122.19;122.85
2026-09-27 20:00:00;123.04;123.45;122.55;122.71
2026-09-27 19:00:00;123.29;123.43;122.88;123.03
2026-09-27 18:00:00;122.06;123.3;121.94;123.28
2026-09-27 17:00:00;121.82;122.19;121.72;122.07
2026-09-27 16:00:00;121.76;122.35;121.69;121.83
2026-09-27 15:00:00;121.7;121.9;121.28;121.75
2026-09-27 14:00:00;123.16;123.21;121.4;121.7
2026-09-27 13:00:00;123.36;123.69;122.34;123.16
2026-09-27 12:00:00;123.94;124.42;123.36;123.37
2026-09-27 11:00:00;124.03;124.22;123.64;123.94
2026-09-27 10:00:00;124.46;124.82;123.89;124.04
2026-09-27 09:00:00;124.13;124.57;123.37;124.47
2026-09-27 08:00:00;124.13;124.95;123.96;124.12
2026-09-27 07:00:00;121.33;124.4;121.32;124.12
2026-09-27 06:00:00;121.11;121.58;121.1;121.33
2026-09-27 05:00:00;120.15;121.48;120.12;121.1
2026-09-27 04:00:00;120.61;120.86;120.1;120.15
2026-09-27 03:00:00;121.15;121.38;120.56;120.61
2026-09-27 02:00:00;121.43;121.69;121.09;121.15
2026-09-27 01:00:00;120.83;121.59;120.66;121.43
2026-09-27 00:00:00;121.41;121.44;120.72;120.83
2026-09-26 23:00:00;121.14;121.83;121.14;121.41
2026-09-26 22:00:00;121.32;121.83;121.09;121.14
2026-09-26 21:00:00;120.36;121.72;120.29;121.32
2026-09-26 20:00:00;121.15;121.56;120.07;120.35
2026-09-26 19:00:00;121.06;121.31;120.82;121.14
2026-09-26 18:00:00;121.5;121.68;120.81;121.06
2026-09-26 17:00:00;121.64;121.64;120.96;121.5
2026-09-26 16:00:00;121.89;121.9;121.38;121.64
2026-09-26 15:00:00;120.94;122.1;120.8;121.88
2026-09-26 14:00:00;120.77;121.2;120.62;120.95
2026-09-26 13:00:00;121.08;121.33;120.22;120.78
2026-09-26 12:00:00;121.29;121.58;120.93;121.08
2026-09-26 11:00:00;120.62;121.45;120.26;121.28
2026-09-26 10:00:00;119.99;120.74;119.95;120.63
2026-09-26 09:00:00;120.7;120.71;119.82;119.99
2026-09-26 08:00:00;120.76;121.27;120.26;120.69
2026-09-26 07:00:00;120.22;120.82;120.16;120.76
2026-09-26 06:00:00;120.52;120.53;120.14;120.21
2026-09-26 05:00:00;120.68;120.76;120.21;120.52
2026-09-26 04:00:00;120.64;120.97;120.26;120.68
2026-09-26 03:00:00;121.59;121.61;120.53;120.64
2026-09-26 02:00:00;122.05;122.3;121.57;121.59
2026-09-26 01:00:00;121.54;122.28;121.48;122.05
2026-09-26 00:00:00;122.15;122.44;121.22;121.55
2026-09-25 23:00:00;122.19;122.38;121.89;122.15
2026-09-25 22:00:00;121;122.44;120.87;122.19
2026-09-25 21:00:00;121.58;121.76;120.82;121
2026-09-25 20:00:00;121.92;122.94;121.48;121.59
2026-09-25 19:00:00;121.95;122.19;121.46;121.91
2026-09-25 18:00:00;121.01;122.78;120.95;121.95
2026-09-25 17:00:00;120.89;121.64;120.26;121
2026-09-25 16:00:00;120.14;121.89;120.09;120.89
2026-09-25 15:00:00;120.44;121.48;119.03;120.13
2026-09-25 14:00:00;119.51;120.52;118.27;120.44
2026-09-25 13:00:00;120.73;121.1;118.5;119.5
2026-09-25 12:00:00;120.83;121.17;118.62;120.74
2026-09-25 11:00:00;119.18;122.33;119.14;120.82
2026-09-25 10:00:00;118.37;119.57;117.9;119.18
2026-09-25 09:00:00;117.32;118.9;117.3;118.37
2026-09-25 08:00:00;116.38;117.56;116.34;117.32
2026-09-25 07:00:00;116.28;116.62;115.86;116.38
2026-09-25 06:00:00;116.45;116.74;116.09;116.28
2026-09-25 05:00:00;116.4;116.67;116.16;116.44
2026-09-25 04:00:00;116.9;117.34;116.27;116.4
2026-09-25 03:00:00;116.91;117.32;116.5;116.9
2026-09-25 02:00:00;117.48;118.44;116.84;116.91
2026-09-25 01:00:00;117.44;117.94;117.15;117.47
2026-09-25 00:00:00;117.04;117.68;117.04;117.43
2026-09-24 23:00:00;116.61;117.22;116.55;117.04
2026-09-24 22:00:00;116.85;116.96;116.12;116.6
2026-09-24 21:00:00;116.84;117.3;116.64;116.86
2026-09-24 20:00:00;117.29;117.45;116.66;116.83
2026-09-24 19:00:00;117.39;117.7;117.1;117.3
2026-09-24 18:00:00;116.77;117.56;116.25;117.38
2026-09-24 17:00:00;117.09;117.34;116.48;116.77
2026-09-24 16:00:00;116.33;117.79;115.92;117.09
2026-09-24 15:00:00;114.59;116.63;114.36;116.33
2026-09-24 14:00:00;114.98;116.44;114.07;114.6
2026-09-24 13:00:00;113.84;115.42;113.82;114.97
2026-09-24 12:00:00;113.34;113.92;113.11;113.84
2026-09-24 11:00:00;113.36;113.6;113.06;113.35
2026-09-24 10:00:00;113.14;113.58;112.73;113.37
2026-09-24 09:00:00;114.15;114.33;112.52;113.15
2026-09-24 08:00:00;115.52;115.64;113.34;114.14
2026-09-24 07:00:00;114.85;115.67;114.5;115.52
2026-09-24 06:00:00;114.86;115.28;114.74;114.85
2026-09-24 05:00:00;115.39;116.13;114.86;114.87
2026-09-24 04:00:00;114.71;115.49;114.4;115.4
2026-09-24 03:00:00;115.3;115.71;114.54;114.7
2026-09-24 02:00:00;114.71;115.44;114.07;115.29
2026-09-24 01:00:00;115.14;115.5;114.56;114.7
2026-09-24 00:00:00;114.99;115.68;114.87;115.13
2026-09-23 23:00:00;115.15;115.19;114.72;114.99
2026-09-23 22:00:00;114.71;115.63;114.62;115.15
2026-09-23 21:00:00;114.03;114.74;113.88;114.71
2026-09-23 20:00:00;114.53;114.7;114;114.04
2026-09-23 19:00:00;114.29;114.9;114;114.52
2026-09-23 18:00:00;114.56;114.6;113.98;114.29
2026-09-23 17:00:00;114.41;114.82;113.59;114.56
2026-09-23 16:00:00;113.86;115.27;113.16;114.4
2026-09-23 15:00:00;115.15;115.93;113.8;113.86
2026-09-23 14:00:00;116.81;117.04;113;115.15
2026-09-23 13:00:00;116.91;117.19;115.97;116.8
2026-09-23 12:00:00;117.09;117.27;116.58;116.92
2026-09-23 11:00:00;117.63;117.71;116.44;117.1
2026-09-23 10:00:00;117.39;117.63;116.82;117.63
2026-09-23 09:00:00;117.4;117.74;117.08;117.39
2026-09-23 08:00:00;117.9;118.34;117;117.39
2026-09-23 07:00:00;118.96;119.1;117.56;117.9
2026-09-23 06:00:00;118.42;119.29;118.37;118.96
2026-09-23 05:00:00;119.52;119.53;118.27;118.42
2026-09-23 04:00:00;119.12;119.77;118.77;119.53
2026-09-23 03:00:00;118.49;119.66;118.27;119.12
2026-09-23 02:00:00;118.36;118.53;117.9;118.49
2026-09-23 01:00:00;118.82;119.39;117.85;118.35
2026-09-23 00:00:00;118.57;119.21;118.3;118.82
2026-09-22 23:00:00;118.48;119.28;118.23;118.57
2026-09-22 22:00:00;118.09;118.78;117.62;118.48
2026-09-22 21:00:00;117.97;118.28;117.7;118.08
2026-09-22 20:00:00;118.25;118.38;117.81;117.98
2026-09-22 19:00:00;118.14;118.72;117.8;118.26
2026-09-22 18:00:00;117.97;118.46;117.62;118.13
2026-09-22 17:00:00;117.47;118.2;117.35;117.97
2026-09-22 16:00:00;117.38;117.82;116.7;117.48
2026-09-22 15:00:00;116.9;117.93;116.8;117.38
2026-09-22 14:00:00;117.98;117.98;115.89;116.89
2026-09-22 13:00:00;117.46;118;116.84;117.98
2026-09-22 12:00:00;117.34;117.76;116.87;117.47
2026-09-22 11:00:00;116.85;117.5;116.42;117.34
2026-09-22 10:00:00;117.47;117.49;116.38;116.85
2026-09-22 09:00:00;117.52;117.59;116.67;117.46
2026-09-22 08:00:00;116.32;118.03;115.79;117.52
2026-09-22 07:00:00;116.54;116.84;116.01;116.32
2026-09-22 06:00:00;116.86;117.06;116.39;116.53
2026-09-22 05:00:00;116.4;117.18;115.54;116.86
2026-09-22 04:00:00;116.8;117.11;116.24;116.4
2026-09-22 03:00:00;116.9;117.07;116.3;116.8
2026-09-22 02:00:00;117.59;118.09;116.51;116.9
2026-09-22 01:00:00;118.34;118.45;117;117.59
2026-09-22 00:00:00;118.91;119.48;118.04;118.33
2026-09-21 23:00:00;119.45;119.92;118.4;118.9
2026-09-21 22:00:00;119.11;119.84;118.79;119.45
2026-09-21 21:00:00;119.19;119.99;118.67;119.12
2026-09-21 20:00:00;118.37;119.5;118.21;119.19
2026-09-21 19:00:00;117.73;118.48;117.27;118.36
2026-09-21 18:00:00;117.19;117.86;116.86;117.73
2026-09-21 17:00:00;117.52;117.93;116.68;117.2
2026-09-21 16:00:00;117.94;118.33;116.76;117.51
2026-09-21 15:00:00;118.04;119.15;117.36;117.94
2026-09-21 14:00:00;118.05;118.9;117.34;118.05
2026-09-21 13:00:00;116.81;118.41;116.7;118.06
2026-09-21 12:00:00;116.8;117.13;116.2;116.82
2026-09-21 11:00:00;116.01;117.18;115.84;116.8
2026-09-21 10:00:00;115.93;116.12;115.49;116.01
2026-09-21 09:00:00;115.31;116.85;114.95;115.93
2026-09-21 08:00:00;112.11;116.39;112.07;115.32
2026-09-21 07:00:00;112.18;112.4;111.35;112.11
2026-09-21 06:00:00;111.76;112.57;111.52;112.19
2026-09-21 05:00:00;111.47;112.23;111.26;111.76
2026-09-21 04:00:00;111.58;111.83;111.05;111.48
2026-09-21 03:00:00;111.22;111.93;111.18;111.58
2026-09-21 02:00:00;110.96;112;110.69;111.22
2026-09-21 01:00:00;112.32;113.42;110.74;110.96
2026-09-21 00:00:00;111.17;112.92;111.16;112.32
2026-09-20 23:00:00;111.02;111.46;110.58;111.17
2026-09-20 22:00:00;109.89;111.06;109.6;111.03
2026-09-20 21:00:00;110.12;110.13;109.01;109.88
2026-09-20 20:00:00;110.45;110.65;110.09;110.13
2026-09-20 19:00:00;109.41;110.85;109.35;110.45
2026-09-20 18:00:00;109.92;110.35;109.14;109.4
2026-09-20 17:00:00;110.33;110.58;109.5;109.92
2026-09-20 16:00:00;108.81;110.69;108.51;110.33
2026-09-20 15:00:00;108.14;108.85;108.06;108.82
2026-09-20 14:00:00;108.22;108.65;107.95;108.14
2026-09-20 13:00:00;108.41;108.6;107.94;108.23
2026-09-20 12:00:00;108.48;108.86;108.14;108.41
2026-09-20 11:00:00;108.03;108.68;107.93;108.48
2026-09-20 10:00:00;108.31;108.43;107.91;108.04
2026-09-20 09:00:00;108.08;108.85;108.06;108.31
2026-09-20 08:00:00;108.47;108.71;107.71;108.08
2026-09-20 07:00:00;108.46;108.82;108.46;108.47
2026-09-20 06:00:00;108.76;108.91;108.1;108.46
2026-09-20 05:00:00;109.04;109.26;108.61;108.77
2026-09-20 04:00:00;108.9;109.23;108.65;109.03
2026-09-20 03:00:00;107.66;109.11;107.4;108.89
2026-09-20 02:00:00;110.17;110.52;107.4;107.67
2026-09-20 01:00:00;110.95;110.98;109.72;110.16
2026-09-20 00:00:00;111.06;111.17;110.62;110.95
2026-09-19 23:00:00;110.67;111.22;110.63;111.06
2026-09-19 22:00:00;110.54;110.78;110.08;110.67
2026-09-19 21:00:00;111.12;111.3;110.16;110.54
2026-09-19 20:00:00;111.17;111.37;110.97;111.12
2026-09-19 19:00:00;111.15;111.61;110.76;111.18
2026-09-19 18:00:00;111.4;111.65;110.68;111.15
2026-09-19 17:00:00;112;112.46;111.35;111.4
2026-09-19 16:00:00;111.65;112.02;111.23;112
2026-09-19 15:00:00;111.79;112.15;111.5;111.64
2026-09-19 14:00:00;111.63;112.21;111.47;111.79
2026-09-19 13:00:00;111.79;111.85;111.29;111.62
2026-09-19 12:00:00;111.89;112.06;111.63;111.79
2026-09-19 11:00:00;111.64;112.09;111.61;111.9
2026-09-19 10:00:00;111.84;112.14;111.63;111.63
2026-09-19 09:00:00;112.27;112.5;111.47;111.84
2026-09-19 08:00:00;111.61;112.48;111.53;112.26
2026-09-19 07:00:00;111.86;112.24;111.59;111.61
2026-09-19 06:00:00;111.92;112.06;111.18;111.86
2026-09-19 05:00:00;112.36;112.98;111.83;111.92
2026-09-19 04:00:00;113.24;113.44;112;112.37
2026-09-19 03:00:00;113.61;113.84;113.12;113.25
2026-09-19 02:00:00;113.43;113.85;113.33;113.62
2026-09-19 01:00:00;113.67;114.09;112.88;113.43
2026-09-19 00:00:00;112.72;113.78;112.33;113.66
2026-09-18 23:00:00;113.18;113.48;112.51;112.72
2026-09-18 22:00:00;113.19;113.6;112.76;113.19
2026-09-18 21:00:00;113.51;113.79;113.06;113.19
2026-09-18 20:00:00;114.22;114.23;113.12;113.5
2026-09-18 19:00:00;112.18;114.32;112.18;114.23
2026-09-18 18:00:00;112.62;112.9;112.04;112.18
2026-09-18 17:00:00;111.7;112.74;111.39;112.62
2026-09-18 16:00:00;111.15;112.3;111.01;111.7
2026-09-18 15:00:00;110.76;111.59;109.28;111.15
2026-09-18 14:00:00;108.53;110.99;108.39;110.76
2026-09-18 13:00:00;105.78;109.39;105.45;108.54
2026-09-18 12:00:00;105.74;106.13;105.36;105.79
2026-09-18 11:00:00;106.27;106.4;105.36;105.74
2026-09-18 10:00:00;106.42;106.67;106.26;106.28
2026-09-18 09:00:00;106.3;106.6;105.93;106.42
2026-09-18 08:00:00;105.78;106.38;105.29;106.31
2026-09-18 07:00:00;105.57;106.1;105.45;105.78
2026-09-18 06:00:00;105.36;105.84;105.32;105.57
2026-09-18 05:00:00;105.82;106.12;105.33;105.37
2026-09-18 04:00:00;104.6;105.92;104.42;105.82
2026-09-18 03:00:00;102.76;105.09;102.67;104.59
2026-09-18 02:00:00;102.49;102.91;102.18;102.76
2026-09-18 01:00:00;101.41;102.88;101.4;102.48
2026-09-18 00:00:00;101.63;101.71;100.9;101.42
2026-09-17 23:00:00;101.44;101.76;101.34;101.64
2026-09-17 22:00:00;101.14;101.53;100.77;101.44
2026-09-17 21:00:00;101.3;101.46;101.09;101.14
2026-09-17 20:00:00;100.97;101.38;100.89;101.29
2026-09-17 19:00:00;100.84;101.1;100.69;100.96
2026-09-17 18:00:00;101.52;101.63;100.84;100.85
2026-09-17 17:00:00;101.4;102.05;101.2;101.52
2026-09-17 16:00:00;101.28;101.51;100.71;101.39
2026-09-17 15:00:00;101.08;101.34;100.25;101.29
2026-09-17 14:00:00;100.75;101.8;100.08;101.07
2026-09-17 13:00:00;100.74;101;99.66;100.75
2026-09-17 12:00:00;100.13;101.45;100.07;100.74
2026-09-17 11:00:00;99.86;100.25;99.53;100.13
2026-09-17 10:00:00;100.24;100.26;99.57;99.85
2026-09-17 09:00:00;100.34;100.89;100.17;100.24
2026-09-17 08:00:00;100.03;100.34;99.88;100.33
2026-09-17 07:00:00;99.75;100.36;99.72;100.03
2026-09-17 06:00:00;99.56;99.99;99.48;99.74
2026-09-17 05:00:00;99.91;100.11;99.5;99.56
2026-09-17 04:00:00;99.96;100;99.11;99.92
2026-09-17 03:00:00;99.37;100.04;99.37;99.95
2026-09-17 02:00:00;99.26;99.74;98.83;99.37
2026-09-17 01:00:00;98.71;99.64;98.47;99.25
2026-09-17 00:00:00;98.66;99.2;98.47;98.71
2026-09-16 23:00:00;97.49;98.85;97.39;98.66
2026-09-16 22:00:00;98.4;98.44;97.38;97.49
2026-09-16 21:00:00;98.71;98.81;98.12;98.39
2026-09-16 20:00:00;98.08;98.9;98.02;98.71
2026-09-16 19:00:00;97.84;98.74;96.91;98.08
2026-09-16 18:00:00;97.03;98.94;96.28;97.84
2026-09-16 17:00:00;97.23;97.38;96.09;97.03
2026-09-16 16:00:00;97.11;97.52;96.96;97.24
2026-09-16 15:00:00;97.05;97.6;96.85;97.1
2026-09-16 14:00:00;97.18;97.29;96.65;97.04
2026-09-16 13:00:00;97.58;97.65;96.87;97.18
2026-09-16 12:00:00;98.02;98.12;97.19;97.59
2026-09-16 11:00:00;97.31;98.32;97.04;98.02
2026-09-16 10:00:00;97.31;97.38;97.13;97.31
2026-09-16 09:00:00;97.02;97.35;97.02;97.32
2026-09-16 08:00:00;96.97;97.03;96.41;97.02
2026-09-16 07:00:00;97.41;97.54;96.93;96.98
2026-09-16 06:00:00;97.23;97.43;96.89;97.41
2026-09-16 05:00:00;97.27;97.32;96.87;97.23
2026-09-16 04:00:00;97.26;97.73;97.16;97.27
2026-09-16 03:00:00;97.25;97.59;97.04;97.25
2026-09-16 02:00:00;96.5;97.6;96.45;97.25
2026-09-16 01:00:00;97.08;97.31;96.38;96.49
2026-09-16 00:00:00;96.88;97.32;96.84;97.08
2026-09-15 23:00:00;97.16;97.68;96.87;96.88
2026-09-15 22:00:00;96.55;97.31;96.31;97.16
2026-09-15 21:00:00;97.44;97.44;96.54;96.55
2026-09-15 20:00:00;97.9;98.09;96.67;97.45
2026-09-15 19:00:00;98.19;98.67;97.51;97.9
2026-09-15 18:00:00;100.21;100.34;95.82;98.2
2026-09-15 17:00:00;99.1;100.71;98.69;100.21
2026-09-15 16:00:00;99.37;99.46;98.9;99.11
2026-09-15 15:00:00;98.88;99.77;98.56;99.36
2026-09-15 14:00:00;100.57;100.76;98.02;98.87
2026-09-15 13:00:00;101;101.39;99.74;100.58
2026-09-15 12:00:00;100.86;101.21;100.82;101
2026-09-15 11:00:00;100.98;101.03;100.43;100.86
2026-09-15 10:00:00;100.82;101.11;100.68;100.98
2026-09-15 09:00:00;100.66;101.1;100.52;100.82
2026-09-15 08:00:00;100.44;100.73;100.08;100.65
2026-09-15 07:00:00;100.9;101.05;100.35;100.44
2026-09-15 06:00:00;101.34;101.59;100.74;100.9
2026-09-15 05:00:00;101.28;101.4;100.57;101.33
2026-09-15 04:00:00;101.55;101.72;101.17;101.28
2026-09-15 03:00:00;101.98;101.99;101.19;101.55
2026-09-15 02:00:00;102.27;102.41;101.98;101.98
2026-09-15 01:00:00;102.47;102.6;102.15;102.27
2026-09-15 00:00:00;102.54;102.86;102.37;102.46
2026-09-14 23:00:00;102.88;103.01;102.43;102.53
2026-09-14 22:00:00;103.21;103.58;102.79;102.88
2026-09-14 21:00:00;103.99;104.03;103.07;103.21
2026-09-14 20:00:00;103.26;104.82;103.19;103.98
2026-09-14 19:00:00;103.63;103.63;102.95;103.25
2026-09-14 18:00:00;103.06;103.85;102.92;103.62
2026-09-14 17:00:00;102.6;103.3;102.52;103.06
2026-09-14 16:00:00;101.96;102.87;101.86;102.6
2026-09-14 15:00:00;101.64;102.28;101.35;101.97
2026-09-14 14:00:00;101.36;102;101.19;101.63
2026-09-14 13:00:00;101.38;101.91;100.67;101.37
2026-09-14 12:00:00;101.38;101.99;101.21;101.39
2026-09-14 11:00:00;101.79;101.92;101.31;101.38
2026-09-14 10:00:00;101.95;102.02;101.69;101.78
2026-09-14 09:00:00;101.49;102.34;101.24;101.94
2026-09-14 08:00:00;101.61;101.83;101.32;101.49
2026-09-14 07:00:00;101.55;101.74;101.43;101.61
2026-09-14 06:00:00;101.12;102;101.09;101.55
2026-09-14 05:00:00;101.18;101.23;100.93;101.12
2026-09-14 04:00:00;100.99;101.38;100.88;101.17
2026-09-14 03:00:00;101.01;101.34;100.79;100.98
2026-09-14 02:00:00;100.17;101.07;99.97;101.01
2026-09-14 01:00:00;99.65;100.22;99.18;100.18
2026-09-14 00:00:00;99.31;99.93;99;99.66
2026-09-13 23:00:00;99.75;100.02;99.19;99.3
2026-09-13 22:00:00;101.35;101.35;99.38;99.74
2026-09-13 21:00:00;101.48;101.62;101.2;101.36
2026-09-13 20:00:00;100.97;101.52;100.97;101.48
2026-09-13 19:00:00;101.19;101.33;100.85;100.97
2026-09-13 18:00:00;101;101.3;100.96;101.19
2026-09-13 17:00:00;100.82;101.23;100.81;101.01
2026-09-13 16:00:00;100.26;101;100.25;100.82
2026-09-13 15:00:00;100.67;100.69;100.18;100.26
2026-09-13 14:00:00;100.11;100.89;100.11;100.67
2026-09-13 13:00:00;99.71;100.21;99.43;100.11
2026-09-13 12:00:00;99.83;99.83;99.54;99.71
2026-09-13 11:00:00;99.57;99.87;99.45;99.83
2026-09-13 10:00:00;99.86;99.91;99.42;99.57
2026-09-13 09:00:00;100.01;100.2;99.42;99.87
2026-09-13 08:00:00;100.72;100.87;99.92;100.01
2026-09-13 07:00:00;101.25;101.4;100.67;100.72
2026-09-13 06:00:00;101.81;101.82;101.09;101.25
2026-09-13 05:00:00;101.72;101.93;101.69;101.82
2026-09-13 04:00:00;101.63;101.81;101.53;101.72
2026-09-13 03:00:00;101.9;102.06;101.55;101.63
2026-09-13 02:00:00;102.29;102.34;101.77;101.89
2026-09-13 01:00:00;101.74;102.33;101.73;102.28
2026-09-13 00:00:00;101.77;101.78;101.55;101.74
2026-09-12 23:00:00;101.68;101.9;101.64;101.76
2026-09-12 22:00:00;101.47;101.8;101.4;101.68
2026-09-12 21:00:00;101.37;101.64;101.35;101.47
2026-09-12 20:00:00;101.28;101.57;101.25;101.37
2026-09-12 19:00:00;101.65;101.71;101.23;101.27
2026-09-12 18:00:00;101.97;101.98;101.56;101.64
2026-09-12 17:00:00;102.08;102.16;101.96;101.97
2026-09-12 16:00:00;102.06;102.12;101.94;102.08
2026-09-12 15:00:00;102.01;102.16;101.88;102.06
2026-09-12 14:00:00;102;102.13;101.89;102
2026-09-12 13:00:00;102.06;102.23;101.77;101.99
2026-09-12 12:00:00;102.14;102.42;101.95;102.06
2026-09-12 11:00:00;102.14;102.24;101.99;102.13
2026-09-12 10:00:00;102.02;102.26;101.96;102.14
2026-09-12 09:00:00;101.84;102.23;101.76;102.02
2026-09-12 08:00:00;101.66;101.88;101.56;101.83
2026-09-12 07:00:00;101.69;101.94;101.61;101.66
2026-09-12 06:00:00;101.64;101.89;101.48;101.68
2026-09-12 05:00:00;101.59;101.73;101.41;101.65
2026-09-12 04:00:00;101.65;101.9;101.55;101.59
2026-09-12 03:00:00;101.87;101.93;101.44;101.64
2026-09-12 02:00:00;102;102.06;101.64;101.86
2026-09-12 01:00:00;101.93;102.24;101.85;102
2026-09-12 00:00:00;102.45;102.59;101.79;101.93
2026-09-11 23:00:00;101.87;102.49;101.79;102.46
2026-09-11 22:00:00;102.09;102.48;101.54;101.88
2026-09-11 21:00:00;102.48;103.1;102.05;102.09
2026-09-11 20:00:00;102.02;102.98;102;102.47
2026-09-11 19:00:00;101.09;102.15;100.81;102.02
2026-09-11 18:00:00;101.96;102.04;100.38;101.09
2026-09-11 17:00:00;102.33;102.48;101.82;101.96
2026-09-11 16:00:00;101.6;102.4;101.31;102.33
2026-09-11 15:00:00;103.29;103.6;101.25;101.61
2026-09-11 14:00:00;104.88;105.8;102.86;103.28
2026-09-11 13:00:00;101.69;104.92;100.61;104.88
2026-09-11 12:00:00;99.49;101.85;98;101.69
2026-09-11 11:00:00;99.18;99.6;98.6;99.49
2026-09-11 10:00:00;99.4;99.74;99.18;99.18
2026-09-11 09:00:00;99.93;99.96;99.01;99.4
2026-09-11 08:00:00;99.75;100.29;99.49;99.93
2026-09-11 07:00:00;99.82;100.13;99.71;99.75
2026-09-11 06:00:00;99.9;100;99.54;99.82
2026-09-11 05:00:00;99.69;99.91;99.56;99.9
2026-09-11 04:00:00;99.32;99.97;99.24;99.68
2026-09-11 03:00:00;99.3;99.48;98.95;99.31
2026-09-11 02:00:00;99.45;99.53;99.06;99.31
2026-09-11 01:00:00;99.17;99.51;98.72;99.46
2026-09-11 00:00:00;98.67;99.42;98.6;99.16
2026-09-10 23:00:00;99.27;99.39;98.6;98.67
2026-09-10 22:00:00;99.83;100.11;99.26;99.27
2026-09-10 21:00:00;100.05;100.15;99.78;99.82
2026-09-10 20:00:00;99.69;100.14;99.63;100.05
2026-09-10 19:00:00;99.92;100.12;99.6;99.69
2026-09-10 18:00:00;99.97;99.99;99.23;99.93
2026-09-10 17:00:00;99.69;100.46;99.56;99.97
2026-09-10 16:00:00;99.74;99.91;98.84;99.68
2026-09-10 15:00:00;100.2;100.22;99.44;99.74
2026-09-10 14:00:00;99.75;100.37;99.27;100.21
2026-09-10 13:00:00;98.94;99.85;98.88;99.74
2026-09-10 12:00:00;101;101.49;98.5;98.94
2026-09-10 11:00:00;101.06;101.54;100.82;101.01
2026-09-10 10:00:00;101.13;101.39;100.85;101.06
2026-09-10 09:00:00;101.17;101.42;100.81;101.13
2026-09-10 08:00:00;101.3;101.41;101.02;101.17
2026-09-10 07:00:00;101.95;101.95;100.83;101.31
2026-09-10 06:00:00;102.11;102.13;101.4;101.95
2026-09-10 05:00:00;101.97;102.19;101.64;102.11
2026-09-10 04:00:00;101.83;102.19;101.8;101.98
2026-09-10 03:00:00;101.9;102.07;101.66;101.83
2026-09-10 02:00:00;101.07;101.9;101;101.9
2026-09-10 01:00:00;101;101.75;100.5;101.06
2026-09-10 00:00:00;101.57;101.72;100.95;101.01
2026-09-09 23:00:00;100.82;101.78;100.75;101.57
2026-09-09 22:00:00;102.1;102.2;100.33;100.82
2026-09-09 21:00:00;102.58;102.63;101.84;102.1
2026-09-09 20:00:00;102.34;102.68;101.85;102.58
2026-09-09 19:00:00;103.28;103.39;102.16;102.35
2026-09-09 18:00:00;103.55;103.74;103.22;103.27
2026-09-09 17:00:00;103.4;103.83;103.23;103.54
2026-09-09 16:00:00;103.08;103.52;102.76;103.39
2026-09-09 15:00:00;103.49;104.11;102.07;103.08
2026-09-09 14:00:00;103.81;104.19;103.36;103.49
2026-09-09 13:00:00;104.68;104.7;103.54;103.8
2026-09-09 12:00:00;104.25;104.83;104.11;104.67
2026-09-09 11:00:00;103.79;104.31;103.3;104.25
2026-09-09 10:00:00;103.5;104.08;103.47;103.79
2026-09-09 09:00:00;104.83;104.86;103.46;103.5
2026-09-09 08:00:00;104.58;105.05;104.56;104.82
2026-09-09 07:00:00;104.54;105.2;104.49;104.58
2026-09-09 06:00:00;104.1;104.78;104;104.54
2026-09-09 05:00:00;104.42;104.71;103.75;104.1
2026-09-09 04:00:00;103.31;104.43;103.3;104.41
2026-09-09 03:00:00;103.47;103.51;102.92;103.3
2026-09-09 02:00:00;103.79;104.02;103.34;103.47
2026-09-09 01:00:00;103.78;103.94;103.38;103.79
2026-09-09 00:00:00;103.37;103.88;103.35;103.78
2026-09-08 23:00:00;103.42;103.6;103.27;103.37
2026-09-08 22:00:00;103.02;103.46;102.97;103.42
2026-09-08 21:00:00;103.1;103.36;102.82;103.02
2026-09-08 20:00:00;103.24;103.8;103.06;103.09
2026-09-08 19:00:00;103.38;103.61;102.89;103.24
2026-09-08 18:00:00;103.71;104.49;103.19;103.38
2026-09-08 17:00:00;104.2;104.44;103.69;103.7
2026-09-08 16:00:00;104.3;104.83;103.6;104.2
2026-09-08 15:00:00;103.33;104.39;103.24;104.31
2026-09-08 14:00:00;102.68;103.44;102.45;103.33
2026-09-08 13:00:00;103.09;103.17;101.72;102.69
2026-09-08 12:00:00;102.88;103.33;102.5;103.09
2026-09-08 11:00:00;103.4;103.46;102.66;102.87
2026-09-08 10:00:00;103.7;104.09;103.39;103.39
2026-09-08 09:00:00;103.04;103.85;102.93;103.69
2026-09-08 08:00:00;102.95;103.5;102.49;103.05
2026-09-08 07:00:00;102.69;103.14;102.61;102.95
2026-09-08 06:00:00;102.97;103.1;102.44;102.68
2026-09-08 05:00:00;103.01;103.51;102.89;102.96
2026-09-08 04:00:00;103.36;103.46;103;103
2026-09-08 03:00:00;103.29;103.45;102.74;103.36
2026-09-08 02:00:00;104.4;104.53;103.29;103.3
2026-09-08 01:00:00;104.09;104.43;104.01;104.39
2026-09-08 00:00:00;103.81;104.16;103.45;104.09
2026-09-07 23:00:00;103.54;104.04;103.5;103.8
2026-09-07 22:00:00;103.91;104.07;103.18;103.55
2026-09-07 21:00:00;104.1;104.16;103.8;103.91
2026-09-07 20:00:00;104.36;104.41;103.92;104.1
2026-09-07 19:00:00;103.91;104.43;103.81;104.35
2026-09-07 18:00:00;104;104.09;103.58;103.91
2026-09-07 17:00:00;103.87;104.25;103.8;104
2026-09-07 16:00:00;103.27;103.88;103.21;103.88
2026-09-07 15:00:00;104.66;104.67;102.96;103.26
2026-09-07 14:00:00;105.08;105.19;104.03;104.66
2026-09-07 13:00:00;105.74;105.84;104.83;105.09
2026-09-07 12:00:00;104.93;105.93;104.9;105.74
2026-09-07 11:00:00;105.01;105.14;104.74;104.92
2026-09-07 10:00:00;104.67;105.15;104.66;105.01
2026-09-07 09:00:00;104.7;105.18;104.6;104.66
2026-09-07 08:00:00;104.48;104.9;104.41;104.71
2026-09-07 07:00:00;105.08;105.54;103.8;104.48
2026-09-07 06:00:00;105.13;105.4;104.87;105.08
2026-09-07 05:00:00;105.09;105.83;105.05;105.12
2026-09-07 04:00:00;104.95;105.3;104.75;105.09
2026-09-07 03:00:00;105.8;105.9;104.93;104.95
2026-09-07 02:00:00;105.33;107.06;104.93;105.8
2026-09-07 01:00:00;106.16;106.35;105.06;105.32
2026-09-07 00:00:00;106.55;106.65;105.89;106.16
2026-09-06 23:00:00;105.86;106.77;105.81;106.55
2026-09-06 22:00:00;105.93;106.04;104.97;105.85
2026-09-06 21:00:00;105.73;106.25;105.73;105.93
2026-09-06 20:00:00;105.49;105.87;105.36;105.73
2026-09-06 19:00:00;105.98;105.99;105.36;105.48
2026-09-06 18:00:00;106.2;106.59;105.85;105.98
2026-09-06 17:00:00;106.09;106.44;105.57;106.19
2026-09-06 16:00:00;105.75;106.38;105.49;106.09
2026-09-06 15:00:00;105.74;105.99;104.93;105.76
2026-09-06 14:00:00;107.09;107.12;105.17;105.74
2026-09-06 13:00:00;106.81;107.17;105.92;107.08
2026-09-06 12:00:00;106.46;107.36;106.37;106.81
2026-09-06 11:00:00;106.66;106.73;106.27;106.47
2026-09-06 10:00:00;106.49;106.94;106.37;106.65
2026-09-06 09:00:00;105.2;107.3;105.18;106.5
2026-09-06 08:00:00;105.24;105.41;105;105.2
2026-09-06 07:00:00;105.37;105.57;104.69;105.23
2026-09-06 06:00:00;106.44;106.45;105.32;105.37
2026-09-06 05:00:00;105.74;106.83;105.48;106.44
2026-09-06 04:00:00;105.95;106.36;105.59;105.75
2026-09-06 03:00:00;104.37;107.07;104.35;105.95
2026-09-06 02:00:00;104.05;104.74;103.88;104.36
2026-09-06 01:00:00;103.3;104.21;103.26;104.05
2026-09-06 00:00:00;103.18;103.52;103.17;103.31
2026-09-05 23:00:00;103.38;103.39;102.94;103.18
2026-09-05 22:00:00;103.74;103.87;103.22;103.38
2026-09-05 21:00:00;103.23;103.99;103.22;103.73
2026-09-05 20:00:00;103.4;103.62;103.13;103.23
2026-09-05 19:00:00;103.92;103.97;103.22;103.41
2026-09-05 18:00:00;104.23;104.37;103.74;103.92
2026-09-05 17:00:00;103.4;104.31;103.28;104.22
2026-09-05 16:00:00;102.95;103.53;102.79;103.4
2026-09-05 15:00:00;102.86;102.99;102.64;102.95
2026-09-05 14:00:00;102.65;102.96;102.64;102.87
2026-09-05 13:00:00;103.23;103.43;102.56;102.65
2026-09-05 12:00:00;102.34;103.24;102.29;103.23
2026-09-05 11:00:00;102.52;102.58;102.22;102.35
2026-09-05 10:00:00;102.55;102.71;102.39;102.51
2026-09-05 09:00:00;102.58;102.82;102.52;102.55
2026-09-05 08:00:00;102.22;102.6;102.11;102.59
2026-09-05 07:00:00;102.29;102.62;102.17;102.23
2026-09-05 06:00:00;101.87;102.4;101.82;102.29
2026-09-05 05:00:00;101.76;101.94;101.6;101.86
2026-09-05 04:00:00;101.89;101.94;101.7;101.75
2026-09-05 03:00:00;101.98;102.02;101.76;101.89
2026-09-05 02:00:00;101.86;101.99;101.7;101.98
2026-09-05 01:00:00;101.82;102.2;101.74;101.87
2026-09-05 00:00:00;101.93;102.01;101.72;101.81
2026-09-04 23:00:00;101.74;101.98;101.66;101.93
2026-09-04 22:00:00;101.58;101.87;101.57;101.74
2026-09-04 21:00:00;101.76;101.94;101.47;101.57
2026-09-04 20:00:00;101.7;101.87;101.62;101.76
2026-09-04 19:00:00;101.66;101.96;101.63;101.69
2026-09-04 18:00:00;101.25;101.7;101.22;101.65
2026-09-04 17:00:00;101.83;101.86;101.08;101.24
2026-09-04 16:00:00;101.45;102.09;101.35;101.83
2026-09-04 15:00:00;100.8;101.68;100.67;101.46
2026-09-04 14:00:00;101.67;101.82;100.31;100.81
2026-09-04 13:00:00;101.58;102.28;101.03;101.67
2026-09-04 12:00:00;104.09;104.45;100.21;101.59
2026-09-04 11:00:00;104.14;104.51;103.96;104.09
2026-09-04 10:00:00;104.07;104.15;103.56;104.14
2026-09-04 09:00:00;104.39;104.79;103.97;104.06
2026-09-04 08:00:00;103.61;104.51;103.21;104.39
2026-09-04 07:00:00;103.62;104.05;103.55;103.6
2026-09-04 06:00:00;103.7;104.06;103.34;103.62
2026-09-04 05:00:00;103.9;104.06;103.46;103.71
2026-09-04 04:00:00;103.72;104.37;103.6;103.91
2026-09-04 03:00:00;103.79;104.14;103.71;103.72
2026-09-04 02:00:00;103.81;103.82;103.34;103.79
2026-09-04 01:00:00;103.49;103.87;103.24;103.81
2026-09-04 00:00:00;103.95;104.33;103.44;103.48
2026-09-03 23:00:00;104.15;104.24;103.83;103.94
2026-09-03 22:00:00;105.19;105.32;103.66;104.15
2026-09-03 21:00:00;104.91;105.72;104.77;105.2
2026-09-03 20:00:00;105.29;105.47;104.76;104.91
2026-09-03 19:00:00;105.22;105.91;105.05;105.28
2026-09-03 18:00:00;105.1;105.28;104.63;105.22
2026-09-03 17:00:00;104.57;105.21;104.4;105.1
2026-09-03 16:00:00;105.17;105.19;103.85;104.56
2026-09-03 15:00:00;104.81;105.66;103.78;105.17
2026-09-03 14:00:00;101.49;104.86;101.25;104.81
2026-09-03 13:00:00;101.68;102.02;101.11;101.49
2026-09-03 12:00:00;100.8;101.84;100.63;101.67
2026-09-03 11:00:00;100.44;100.99;100.33;100.81
2026-09-03 10:00:00;100.16;100.49;99.93;100.44
2026-09-03 09:00:00;100.64;100.8;100.12;100.17
2026-09-03 08:00:00;100.41;101.13;100.39;100.63
2026-09-03 07:00:00;100.9;101.39;100.28;100.41
2026-09-03 06:00:00;100.88;101;100.59;100.89
2026-09-03 05:00:00;100.99;101.04;99.72;100.87
2026-09-03 04:00:00;100.52;100.99;100.08;100.98
2026-09-03 03:00:00;101.12;101.2;100.2;100.51
2026-09-03 02:00:00;100.16;101.34;99.96;101.11
2026-09-03 01:00:00;99.52;100.62;99.23;100.17
2026-09-03 00:00:00;100.44;100.46;99.5;99.52
2026-09-02 23:00:00;99.54;100.53;99.42;100.43
2026-09-02 22:00:00;99.66;99.77;99.21;99.54
2026-09-02 21:00:00;99.72;99.85;99.44;99.66
2026-09-02 20:00:00;99.43;100.03;99.34;99.71
2026-09-02 19:00:00;99.52;99.64;99.07;99.43
2026-09-02 18:00:00;99.33;99.69;99.17;99.52
2026-09-02 17:00:00;98.81;99.33;98.21;99.33
2026-09-02 16:00:00;99.33;99.81;98.78;98.81
2026-09-02 15:00:00;98.92;99.53;98.47;99.33
2026-09-02 14:00:00;99.21;99.8;98.91;98.92
2026-09-02 13:00:00;97.71;99.67;97.7;99.21
2026-09-02 12:00:00;98.11;98.51;97.65;97.7
2026-09-02 11:00:00;98.22;98.28;97.38;98.12
2026-09-02 10:00:00;98.63;98.67;97.45;98.23
2026-09-02 09:00:00;99.01;99.34;98.2;98.64
2026-09-02 08:00:00;99.85;100.02;98.8;99.01
2026-09-02 07:00:00;100.09;100.43;99.83;99.85
2026-09-02 06:00:00;100.27;100.39;99.68;100.08
2026-09-02 05:00:00;100.1;100.4;99.77;100.27
2026-09-02 04:00:00;100.3;100.31;99.74;100.1
2026-09-02 03:00:00;99.93;100.71;99.84;100.29
2026-09-02 02:00:00;99.09;99.93;98.77;99.93
2026-09-02 01:00:00;99.66;99.94;98.52;99.09
2026-09-02 00:00:00;100.01;100.28;99.62;99.67
2026-09-01 23:00:00;99.69;100.25;99.61;100
2026-09-01 22:00:00;99.6;99.95;99.33;99.69
2026-09-01 21:00:00;100.11;100.22;98.94;99.61
2026-09-01 20:00:00;100.09;100.35;99.67;100.11
2026-09-01 19:00:00;99.61;100.33;99.52;100.08
2026-09-01 18:00:00;100.6;100.71;98.33;99.61
2026-09-01 17:00:00;100.93;101.25;100.45;100.6
2026-09-01 16:00:00;102.05;102.07;100.62;100.94
2026-09-01 15:00:00;102.02;102.35;101.01;102.05
2026-09-01 14:00:00;101.96;102.59;101.86;102.03
2026-09-01 13:00:00;101.93;102.49;101.33;101.96
2026-09-01 12:00:00;102.28;102.49;101.41;101.94
2026-09-01 11:00:00;102.38;102.63;102.08;102.29
2026-09-01 10:00:00;101.98;102.74;101.95;102.38
2026-09-01 09:00:00;102.08;102.28;101.87;101.98
2026-09-01 08:00:00;103.15;103.22;101.8;102.07
2026-09-01 07:00:00;103.38;103.57;102.8;103.15
2026-09-01 06:00:00;104.31;104.31;103.36;103.38
2026-09-01 05:00:00;103.64;104.38;103.59;104.31
2026-09-01 04:00:00;103.66;104.09;103.54;103.63
2026-09-01 03:00:00;103.41;104.2;103.29;103.66
2026-09-01 02:00:00;103.25;103.46;102.81;103.4
2026-09-01 01:00:00;103.2;103.53;102.74;103.26
2026-09-01 00:00:00;103.06;103.55;102.94;103.19
2026-08-31 23:00:00;103.2;103.22;102.88;103.06
2026-08-31 22:00:00;103.67;103.79;103.12;103.21
2026-08-31 21:00:00;103.74;103.97;103.24;103.67
2026-08-31 20:00:00;103.6;104.29;103.53;103.75
2026-08-31 19:00:00;104.47;104.76;103.55;103.61
2026-08-31 18:00:00;103.64;105;103.38;104.47
2026-08-31 17:00:00;102.84;103.8;102.65;103.64
2026-08-31 16:00:00;102.88;103.33;102.45;102.83
2026-08-31 15:00:00;103.54;103.67;102.77;102.88
2026-08-31 14:00:00;102.36;103.93;102.21;103.53
2026-08-31 13:00:00;102.77;103.08;102.18;102.36
2026-08-31 12:00:00;103.4;103.76;102.5;102.76
2026-08-31 11:00:00;103.68;104.17;103.27;103.4
2026-08-31 10:00:00;103.09;104.07;102.66;103.68
2026-08-31 09:00:00;103.23;103.49;103;103.09
2026-08-31 08:00:00;102.99;103.47;102.46;103.24
2026-08-31 07:00:00;102.73;103.18;102.64;102.98
2026-08-31 06:00:00;102.63;102.89;102.34;102.72
2026-08-31 05:00:00;101.44;103.04;101.27;102.63
2026-08-31 04:00:00;101.95;102;100.9;101.45
2026-08-31 03:00:00;101.46;102.21;101.29;101.94
2026-08-31 02:00:00;101.51;102.35;101.18;101.45
2026-08-31 01:00:00;102.14;102.26;101.4;101.52
2026-08-31 00:00:00;101.75;102.62;101.12;102.14
2026-08-30 23:00:00;103.82;103.82;100.31;101.75
2026-08-30 22:00:00;104.46;104.75;103.33;103.82
2026-08-30 21:00:00;104.77;104.79;103.38;104.45
2026-08-30 20:00:00;105.82;106.03;104.42;104.77
2026-08-30 19:00:00;106.69;106.82;105.45;105.82
2026-08-30 18:00:00;106.41;106.86;106.03;106.68
2026-08-30 17:00:00;106.9;106.9;105.26;106.42
2026-08-30 16:00:00;106.29;107.15;106.13;106.91
2026-08-30 15:00:00;106.73;106.84;105.98;106.29
2026-08-30 14:00:00;107.12;107.25;106.63;106.73
2026-08-30 13:00:00;106.11;107.48;105.87;107.13
2026-08-30 12:00:00;105.11;106.19;105.08;106.11
2026-08-30 11:00:00;105.1;105.32;104.93;105.12
2026-08-30 10:00:00;104.6;105.24;104.5;105.09
2026-08-30 09:00:00;104.75;104.97;104.47;104.6
2026-08-30 08:00:00;104.84;105.08;104.47;104.75
2026-08-30 07:00:00;105.42;105.44;104.72;104.85
2026-08-30 06:00:00;105.07;105.42;104.89;105.41
2026-08-30 05:00:00;105.12;105.27;104.91;105.08
2026-08-30 04:00:00;105.07;105.13;104.68;105.11
2026-08-30 03:00:00;105.22;105.34;104.96;105.07
2026-08-30 02:00:00;105.24;105.49;105.18;105.22
2026-08-30 01:00:00;105.26;105.39;105.01;105.24
2026-08-30 00:00:00;105.61;105.71;105.23;105.25
2026-08-29 23:00:00;105.52;105.78;105.42;105.61
2026-08-29 22:00:00;105.04;105.56;104.9;105.51
2026-08-29 21:00:00;105.23;105.4;104.76;105.05
2026-08-29 20:00:00;105.36;105.52;105.07;105.23
2026-08-29 19:00:00;105.13;105.88;105.12;105.35
2026-08-29 18:00:00;104.87;105.3;104.75;105.13
2026-08-29 17:00:00;104.87;105.15;104.37;104.87
2026-08-29 16:00:00;105.03;105.39;104.84;104.87
2026-08-29 15:00:00;105.39;105.51;104.65;105.03
2026-08-29 14:00:00;103.8;105.5;103.79;105.38
2026-08-29 13:00:00;103.61;103.97;103.51;103.8
2026-08-29 12:00:00;103.51;104.01;103.38;103.62
2026-08-29 11:00:00;103.44;103.71;103.41;103.5
2026-08-29 10:00:00;103.33;103.6;103.03;103.45
2026-08-29 09:00:00;103.47;103.63;103.3;103.33
2026-08-29 08:00:00;103.73;103.73;103.11;103.46
2026-08-29 07:00:00;103.59;103.98;103.58;103.74
2026-08-29 06:00:00;104.02;104.02;103.32;103.59
2026-08-29 05:00:00;103.88;104.2;103.82;104.02
2026-08-29 04:00:00;103.88;104.05;103.46;103.87
2026-08-29 03:00:00;103.94;104.24;103.82;103.87
2026-08-29 02:00:00;104.17;104.41;103.66;103.95
2026-08-29 01:00:00;103.91;104.37;103.8;104.17
2026-08-29 00:00:00;104.14;104.59;103.86;103.91
2026-08-28 23:00:00;104.13;104.39;103.98;104.15
2026-08-28 22:00:00;103.45;104.21;103.41;104.14
2026-08-28 21:00:00;103.86;104.03;103.27;103.44
2026-08-28 20:00:00;103.4;104.31;102.82;103.86
2026-08-28 19:00:00;103.11;103.88;103.01;103.41
2026-08-28 18:00:00;104.67;104.72;102.28;103.12
2026-08-28 17:00:00;105.16;105.26;104.3;104.67
2026-08-28 16:00:00;105.25;105.72;103;105.16
2026-08-28 15:00:00;106.31;107.94;105.21;105.24
2026-08-28 14:00:00;105.17;106.7;103.63;106.31
2026-08-28 13:00:00;104.88;105.61;104.65;105.18
2026-08-28 12:00:00;105.84;106.01;104.55;104.89
2026-08-28 11:00:00;106.19;107.05;105.56;105.84
2026-08-28 10:00:00;105.94;106.22;104.53;106.2
2026-08-28 09:00:00;106.04;106.62;105.52;105.93
2026-08-28 08:00:00;106.35;106.88;105.77;106.04
2026-08-28 07:00:00;107.54;107.55;106.27;106.35
2026-08-28 06:00:00;107.21;107.85;107.19;107.54
2026-08-28 05:00:00;106.78;107.47;106.63;107.2
2026-08-28 04:00:00;106.84;107.66;106.26;106.79
2026-08-28 03:00:00;106.51;107.34;105.86;106.85
2026-08-28 02:00:00;107.84;107.97;106.16;106.52
2026-08-28 01:00:00;109.11;109.75;107.72;107.85
2026-08-28 00:00:00;109.15;110;108.67;109.11
2026-08-27 23:00:00;109.19;110.03;108.86;109.14
2026-08-27 22:00:00;108.73;110.6;108.73;109.2
2026-08-27 21:00:00;109.03;109.15;108.21;108.73
2026-08-27 20:00:00;109.39;109.77;108.44;109.03
2026-08-27 19:00:00;108.39;109.92;108.27;109.39
2026-08-27 18:00:00;108.19;108.39;106.69;108.39
2026-08-27 17:00:00;108.94;109.62;107.72;108.18
2026-08-27 16:00:00;107.2;109.49;106.87;108.94
2026-08-27 15:00:00;106.8;108;106.5;107.2
2026-08-27 14:00:00;106.06;107.94;105.21;106.8
2026-08-27 13:00:00;104.42;106.32;104.16;106.06
2026-08-27 12:00:00;103.95;104.77;103.93;104.43
2026-08-27 11:00:00;104.1;104.96;103.4;103.95
2026-08-27 10:00:00;104.4;105.03;103.1;104.1
2026-08-27 09:00:00;104.67;105.79;104;104.4
2026-08-27 08:00:00;101.81;105.06;101.73;104.66
2026-08-27 07:00:00;101.28;102.1;101.03;101.8
2026-08-27 06:00:00;102.04;102.06;100.88;101.28
2026-08-27 05:00:00;101.08;102.29;100.77;102.04
2026-08-27 04:00:00;101.09;101.55;100.7;101.09
2026-08-27 03:00:00;101.18;101.81;100.89;101.08
2026-08-27 02:00:00;101.44;101.94;100.87;101.17
2026-08-27 01:00:00;100.59;101.93;100.52;101.45
2026-08-27 00:00:00;102.08;102.14;100.59;100.59
2026-08-26 23:00:00;99.69;102.46;99.5;102.07
2026-08-26 22:00:00;98.26;100.92;98.07;99.7
2026-08-26 21:00:00;96.94;98.35;96.89;98.26
2026-08-26 20:00:00;96.79;97.04;96.3;96.93
2026-08-26 19:00:00;96.83;96.93;96.35;96.8
2026-08-26 18:00:00;96.98;97.16;96.63;96.84
2026-08-26 17:00:00;95.95;97.25;95.87;96.97
2026-08-26 16:00:00;95.93;96.19;95.47;95.95
2026-08-26 15:00:00;95.47;96.34;94.95;95.94
2026-08-26 14:00:00;96.55;96.98;95.41;95.48
2026-08-26 13:00:00;97.01;97.23;95.79;96.55
2026-08-26 12:00:00;97.04;97.57;96.05;97.02
2026-08-26 11:00:00;97.48;97.66;96.68;97.03
2026-08-26 10:00:00;96.16;97.88;96;97.48
2026-08-26 09:00:00;96.81;97.02;95.78;96.17
2026-08-26 08:00:00;96.95;97.4;96.7;96.81
2026-08-26 07:00:00;96.8;97.17;96.66;96.95
2026-08-26 06:00:00;97.09;97.33;96.52;96.8
2026-08-26 05:00:00;96.62;97.19;96.25;97.09
2026-08-26 04:00:00;97.06;97.32;96.56;96.63
2026-08-26 03:00:00;97.28;97.38;96.82;97.06
2026-08-26 02:00:00;97.04;97.56;96.79;97.28
2026-08-26 01:00:00;96.65;97.28;96.63;97.03
2026-08-26 00:00:00;96.6;96.94;96.17;96.66
2026-08-25 23:00:00;97.21;97.43;96.39;96.6
2026-08-25 22:00:00;97.19;97.77;97.15;97.22
2026-08-25 21:00:00;96.68;97.28;95.32;97.19
2026-08-25 20:00:00;97.95;98.05;96.64;96.68
2026-08-25 19:00:00;98.49;98.64;97.48;97.94
2026-08-25 18:00:00;98.2;98.83;98.07;98.5
2026-08-25 17:00:00;98.2;98.22;97.45;98.2
2026-08-25 16:00:00;98.38;98.66;97.77;98.19
2026-08-25 15:00:00;98.22;98.5;97.61;98.38
2026-08-25 14:00:00;97.16;98.42;96.91;98.21
2026-08-25 13:00:00;98.59;98.82;96.21;97.15
2026-08-25 12:00:00;98.61;98.82;97.48;98.6
2026-08-25 11:00:00;99.64;99.72;98.49;98.6
2026-08-25 10:00:00;99.82;99.9;99.05;99.64
2026-08-25 09:00:00;100.41;100.65;99.29;99.82
2026-08-25 08:00:00;100.24;101.13;99.73;100.41
2026-08-25 07:00:00;100.77;101.95;99.54;100.23
2026-08-25 06:00:00;101.89;102.07;100.42;100.76
2026-08-25 05:00:00;101.33;103.08;101.24;101.89
2026-08-25 04:00:00;101.61;101.73;100.82;101.33
2026-08-25 03:00:00;100.93;102.05;100.85;101.61
2026-08-25 02:00:00;100.48;102.35;100.21;100.92
2026-08-25 01:00:00;101.76;102.55;100.09;100.47
2026-08-25 00:00:00;98.98;102.77;98.56;101.77
2026-08-24 23:00:00;97.44;98.99;97.26;98.97
2026-08-24 22:00:00;97.48;98.71;97.17;97.43
2026-08-24 21:00:00;96.55;97.57;96.55;97.47
2026-08-24 20:00:00;96.54;96.77;95.75;96.55
2026-08-24 19:00:00;95.93;96.65;95.42;96.54
2026-08-24 18:00:00;95.4;96.44;95.4;95.92
2026-08-24 17:00:00;96.07;96.2;94.81;95.4
2026-08-24 16:00:00;96.46;97.58;95.8;96.07
2026-08-24 15:00:00;96.11;97.61;95.99;96.45
2026-08-24 14:00:00;95.02;96.73;94.85;96.1
2026-08-24 13:00:00;96.29;96.53;94.3;95.02
2026-08-24 12:00:00;95.84;96.64;94.18;96.29
2026-08-24 11:00:00;94.71;96.33;94.25;95.84
2026-08-24 10:00:00;94.66;95.11;94.57;94.72
2026-08-24 09:00:00;93.93;94.89;93.89;94.67
2026-08-24 08:00:00;94.11;94.38;93.26;93.94
2026-08-24 07:00:00;94.56;95.45;94;94.11
2026-08-24 06:00:00;94.27;94.64;93.8;94.56
2026-08-24 05:00:00;94.21;94.66;93.47;94.28
2026-08-24 04:00:00;93.66;94.35;93.66;94.22
2026-08-24 03:00:00;94.59;94.66;93.47;93.66
2026-08-24 02:00:00;93.87;95.05;93.67;94.59
2026-08-24 01:00:00;95.55;95.56;93.74;93.88
2026-08-24 00:00:00;95.44;95.56;93.87;95.54
2026-08-23 23:00:00;95.59;95.88;95.01;95.43
2026-08-23 22:00:00;95.36;95.75;94.78;95.59
2026-08-23 21:00:00;95.07;96.25;95.07;95.36
2026-08-23 20:00:00;95.08;95.4;94.76;95.07
2026-08-23 19:00:00;95.3;95.47;94.83;95.07
2026-08-23 18:00:00;95.11;95.47;94.94;95.29
2026-08-23 17:00:00;95.42;95.52;94.82;95.11
2026-08-23 16:00:00;95.37;95.72;95.17;95.41
2026-08-23 15:00:00;95.07;95.9;94.67;95.36
2026-08-23 14:00:00;95.38;95.68;93.4;95.07
2026-08-23 13:00:00;94.59;95.81;94.58;95.39
2026-08-23 12:00:00;94.62;94.8;94.04;94.59
2026-08-23 11:00:00;93.64;94.82;93.55;94.63
2026-08-23 10:00:00;93.32;94.12;93.29;93.63
2026-08-23 09:00:00;93.2;93.55;92.9;93.32
2026-08-23 08:00:00;92.48;93.53;92.31;93.2
2026-08-23 07:00:00;92.25;92.97;92.13;92.49
2026-08-23 06:00:00;92.29;92.77;91.77;92.25
2026-08-23 05:00:00;92.55;93.28;91.58;92.3
2026-08-23 04:00:00;93.71;94.1;92.22;92.56
2026-08-23 03:00:00;94.9;95.02;93.43;93.7
2026-08-23 02:00:00;96;96.59;93.94;94.89
2026-08-23 01:00:00;96.36;96.58;95.65;96
2026-08-23 00:00:00;93.83;97.21;93.59;96.35
2026-08-22 23:00:00;93.62;93.99;93.31;93.82
2026-08-22 22:00:00;92.82;94.01;92.58;93.62
2026-08-22 21:00:00;94.4;94.4;92.73;92.83
2026-08-22 20:00:00;94.49;94.78;94.29;94.39
2026-08-22 19:00:00;94.46;94.8;94.27;94.49
2026-08-22 18:00:00;94.27;94.52;94.03;94.46
2026-08-22 17:00:00;94.28;94.55;93.77;94.27
2026-08-22 16:00:00;93.08;94.67;93.07;94.29
2026-08-22 15:00:00;93.25;93.58;92.82;93.07
2026-08-22 14:00:00;94.12;94.29;92.9;93.25
2026-08-22 13:00:00;93.83;94.23;93.53;94.12
2026-08-22 12:00:00;93.29;94.35;93.14;93.82
2026-08-22 11:00:00;92.88;93.54;92.58;93.3
2026-08-22 10:00:00;93.92;93.99;91.34;92.88
2026-08-22 09:00:00;94.1;94.61;92.99;93.92
2026-08-22 08:00:00;94.46;95.01;93.06;94.1
2026-08-22 07:00:00;94.31;95.52;94.05;94.46
2026-08-22 06:00:00;94.23;95.12;93.08;94.3
2026-08-22 05:00:00;99.14;99.98;87.72;94.23
2026-08-22 04:00:00;96.8;102.74;96.18;99.15
2026-08-22 03:00:00;95.64;97.59;95.49;96.79
2026-08-22 02:00:00;93.69;95.79;93.69;95.63
2026-08-22 01:00:00;93.89;94.44;93.49;93.69
2026-08-22 00:00:00;93.72;94.42;92.86;93.89
2026-08-21 23:00:00;94.3;94.99;93.37;93.72
2026-08-21 22:00:00;93.74;94.62;93.3;94.3
2026-08-21 21:00:00;91.86;93.85;91.66;93.74
2026-08-21 20:00:00;90.96;91.97;90.59;91.87
2026-08-21 19:00:00;91.56;91.62;90.78;90.96
2026-08-21 18:00:00;91.8;92.06;91.09;91.56
2026-08-21 17:00:00;91.63;91.98;91.18;91.8
2026-08-21 16:00:00;91.37;91.92;90.75;91.63
2026-08-21 15:00:00;91.88;92.16;91.25;91.37
2026-08-21 14:00:00;91.07;91.95;90.56;91.87
2026-08-21 13:00:00;90.88;91.37;89.78;91.07
2026-08-21 12:00:00;90.3;91.15;90.03;90.88
2026-08-21 11:00:00;91.48;91.62;89.91;90.29
2026-08-21 10:00:00;91.67;91.76;90.86;91.49
2026-08-21 09:00:00;93.28;93.33;90.31;91.68
2026-08-21 08:00:00;90.42;93.39;90.36;93.29
2026-08-21 07:00:00;90.25;91.18;89.94;90.41
2026-08-21 06:00:00;90.45;91.33;89.77;90.24
2026-08-21 05:00:00;89.46;90.74;89.18;90.46
2026-08-21 04:00:00;89.11;89.5;88.88;89.47
2026-08-21 03:00:00;89.26;89.56;88.76;89.1
2026-08-21 02:00:00;89.01;90.2;88.51;89.25
2026-08-21 01:00:00;88.23;89.5;88.12;89.01
2026-08-21 00:00:00;87.65;88.8;87.57;88.23
2026-08-20 23:00:00;87.23;87.99;87.23;87.66
2026-08-20 22:00:00;87.5;87.59;87.19;87.24
2026-08-20 21:00:00;87.59;87.88;87.42;87.5
2026-08-20 20:00:00;87.32;87.68;87.25;87.59
2026-08-20 19:00:00;86.86;87.53;86.85;87.31
2026-08-20 18:00:00;87.5;87.66;86.68;86.87
2026-08-20 17:00:00;87.76;87.93;87.28;87.5
2026-08-20 16:00:00;87.37;87.84;86.87;87.76
2026-08-20 15:00:00;86.61;87.47;86.57;87.37
2026-08-20 14:00:00;86.58;86.88;86.16;86.62
2026-08-20 13:00:00;87.07;87.48;86.21;86.58
2026-08-20 12:00:00;87.22;87.42;86.52;87.07
2026-08-20 11:00:00;87.46;88.1;87.1;87.21
2026-08-20 10:00:00;87.36;87.82;87.01;87.45
2026-08-20 09:00:00;87.52;87.82;87.11;87.36
2026-08-20 08:00:00;86.17;87.98;86.04;87.53
2026-08-20 07:00:00;85.92;86.2;85.78;86.18
2026-08-20 06:00:00;84.96;85.92;84.7;85.92
2026-08-20 05:00:00;84.84;85.08;84.82;84.96
2026-08-20 04:00:00;84.48;84.96;84.42;84.84
2026-08-20 03:00:00;84.77;84.78;84.01;84.48
2026-08-20 02:00:00;85.37;85.45;84.68;84.78
2026-08-20 01:00:00;85.01;85.41;84.65;85.37
2026-08-20 00:00:00;85.39;85.79;84.91;85
2026-08-19 23:00:00;85.49;85.78;85.04;85.38
2026-08-19 22:00:00;86.64;86.84;84.93;85.49
2026-08-19 21:00:00;83.72;87.21;83.72;86.64
2026-08-19 20:00:00;82.37;84.3;82.28;83.72
2026-08-19 19:00:00;82.27;82.5;82;82.36
2026-08-19 18:00:00;81.65;82.29;81.27;82.27
2026-08-19 17:00:00;81.58;81.72;81.01;81.65
2026-08-19 16:00:00;81.83;82.39;81.55;81.58
2026-08-19 15:00:00;80.9;83;80.7;81.83
2026-08-19 14:00:00;78.41;81.01;78.37;80.89
2026-08-19 13:00:00;78.41;78.71;78.18;78.41
2026-08-19 12:00:00;77.54;79.05;77.43;78.41
2026-08-19 11:00:00;77.38;77.62;77.38;77.55
2026-08-19 10:00:00;77.33;77.39;77.23;77.39
2026-08-19 09:00:00;77.39;77.48;77.22;77.32
2026-08-19 08:00:00;76.96;77.65;76.92;77.38
2026-08-19 07:00:00;77.08;77.1;76.94;76.96
2026-08-19 06:00:00;76.81;77.17;76.63;77.07
2026-08-19 05:00:00;76.86;77.07;76.78;76.8
2026-08-19 04:00:00;76.99;77.14;76.8;76.86
2026-08-19 03:00:00;76.81;77.1;76.7;77
2026-08-19 02:00:00;76.8;76.93;76.7;76.81
2026-08-19 01:00:00;76.92;77.07;76.64;76.8
2026-08-19 00:00:00;77.05;77.12;76.83;76.91
2026-08-18 23:00:00;76.95;77.23;76.94;77.05
2026-08-18 22:00:00;77;77.21;76.88;76.94
2026-08-18 21:00:00;76.89;77.12;76.89;77
2026-08-18 20:00:00;77.18;77.22;76.75;76.89
2026-08-18 19:00:00;77.26;77.41;77.08;77.18
2026-08-18 18:00:00;76.89;77.31;76.88;77.27
2026-08-18 17:00:00;77.08;77.1;76.88;76.89
2026-08-18 16:00:00;77.2;77.32;76.85;77.08
2026-08-18 15:00:00;76.8;77.25;76.79;77.19
2026-08-18 14:00:00;76.21;77.33;76.12;76.8
2026-08-18 13:00:00;76.25;76.3;76.05;76.21
2026-08-18 12:00:00;76.32;76.52;76.23;76.25
2026-08-18 11:00:00;75.85;76.45;75.83;76.31
2026-08-18 10:00:00;75.94;75.99;75.8;75.84
2026-08-18 09:00:00;76.17;76.17;75.88;75.94
2026-08-18 08:00:00;76.1;76.2;75.85;76.18
2026-08-18 07:00:00;76.02;76.27;75.95;76.1
2026-08-18 06:00:00;75.73;76.07;75.65;76.01
2026-08-18 05:00:00;75.85;75.97;75.59;75.74
2026-08-18 04:00:00;75.5;75.85;75.41;75.84
2026-08-18 03:00:00;75.27;75.53;75.25;75.5
2026-08-18 02:00:00;75.59;75.64;75.2;75.27
2026-08-18 01:00:00;76.05;76.06;75.55;75.6
2026-08-18 00:00:00;76.02;76.09;75.87;76.04
2026-08-17 23:00:00;75.74;76.12;75.71;76.02
2026-08-17 22:00:00;75.96;76.03;75.71;75.74
2026-08-17 21:00:00;76;76.05;75.87;75.95
2026-08-17 20:00:00;75.81;76.1;75.63;75.99
2026-08-17 19:00:00;75.9;75.96;75.75;75.81
2026-08-17 18:00:00;75.92;76.17;75.86;75.9
2026-08-17 17:00:00;76.03;76.12;75.7;75.93
2026-08-17 16:00:00;76.11;76.15;75.94;76.03
2026-08-17 15:00:00;75.99;76.22;75.79;76.11
2026-08-17 14:00:00;75.63;76.02;75.51;75.99
2026-08-17 13:00:00;75.42;75.78;75.28;75.63
2026-08-17 12:00:00;75.7;75.71;75.35;75.43
2026-08-17 11:00:00;75.79;75.95;75.68;75.71
2026-08-17 10:00:00;75.34;75.8;75.3;75.78
2026-08-17 09:00:00;75.24;75.42;75.22;75.35
2026-08-17 08:00:00;75.79;75.81;75.17;75.24
2026-08-17 07:00:00;75.85;75.96;75.74;75.79
2026-08-17 06:00:00;75.4;76;75.36;75.84
2026-08-17 05:00:00;75.57;75.63;75.39;75.4
2026-08-17 04:00:00;75.52;75.64;75.5;75.56
2026-08-17 03:00:00;75.49;75.59;75.46;75.51
2026-08-17 02:00:00;75.1;75.6;75.05;75.48
2026-08-17 01:00:00;74.62;75.35;74.58;75.1
2026-08-17 00:00:00;74.62;74.75;74.43;74.62
2026-08-16 23:00:00;74.52;74.66;74.46;74.61
2026-08-16 22:00:00;74.34;74.53;74.18;74.52
2026-08-16 21:00:00;75.03;75.09;74.1;74.34
2026-08-16 20:00:00;75.22;75.33;74.97;75.04
2026-08-16 19:00:00;75.19;75.37;75.18;75.23
2026-08-16 18:00:00;75.27;75.28;75.03;75.19
2026-08-16 17:00:00;75.56;75.6;75.27;75.28
2026-08-16 16:00:00;75.57;75.71;75.5;75.56
2026-08-16 15:00:00;75.4;75.64;75.39;75.58
2026-08-16 14:00:00;75.31;75.42;75.25;75.4
2026-08-16 13:00:00;75.23;75.42;75.22;75.31
2026-08-16 12:00:00;75.29;75.3;75.2;75.22
2026-08-16 11:00:00;75.27;75.32;75.23;75.29
2026-08-16 10:00:00;75.32;75.33;75.17;75.27
2026-08-16 09:00:00;75.48;75.48;75.26;75.32
2026-08-16 08:00:00;75.47;75.49;75.4;75.47
2026-08-16 07:00:00;75.38;75.48;75.35;75.47
2026-08-16 06:00:00;75.36;75.53;75.28;75.38
2026-08-16 05:00:00;75.45;75.52;75.34;75.36
2026-08-16 04:00:00;75.59;75.62;75.43;75.45
2026-08-16 03:00:00;75.57;75.66;75.57;75.58
2026-08-16 02:00:00;75.43;75.66;75.27;75.57
2026-08-16 01:00:00;75.47;75.49;75.3;75.43
2026-08-16 00:00:00;75.35;75.5;75.27;75.48
2026-08-15 23:00:00;75.59;75.59;75.31;75.35
2026-08-15 22:00:00;75.64;75.7;75.56;75.59
2026-08-15 21:00:00;75.54;75.74;75.53;75.64
2026-08-15 20:00:00;75.57;75.59;75.42;75.54
2026-08-15 19:00:00;75.56;75.58;75.52;75.57
2026-08-15 18:00:00;75.68;75.69;75.51;75.56
2026-08-15 17:00:00;75.49;75.69;75.49;75.68
2026-08-15 16:00:00;75.52;75.54;75.41;75.5
2026-08-15 15:00:00;75.46;75.56;75.38;75.53
2026-08-15 14:00:00;75.58;75.59;75.46;75.46
2026-08-15 13:00:00;75.42;75.58;75.4;75.57
2026-08-15 12:00:00;75.25;75.43;75.21;75.43
2026-08-15 11:00:00;75.29;75.31;75.22;75.26
2026-08-15 10:00:00;75.24;75.36;75.21;75.3
2026-08-15 09:00:00;75.09;75.26;75.05;75.23
2026-08-15 08:00:00;75.23;75.31;75.08;75.09
2026-08-15 07:00:00;75.44;75.44;75.21;75.24
2026-08-15 06:00:00;75.35;75.5;75.28;75.44
2026-08-15 05:00:00;75.54;75.6;75.31;75.36
2026-08-15 04:00:00;75.41;75.6;75.17;75.53
2026-08-15 03:00:00;75.66;75.71;75.41;75.42
2026-08-15 02:00:00;75.42;75.68;75.39;75.65
2026-08-15 01:00:00;75.36;75.48;75.29;75.42
2026-08-15 00:00:00;75.4;75.43;75.33;75.36
2026-08-14 23:00:00;75.19;75.41;75.16;75.4
2026-08-14 22:00:00;75.2;75.29;74.97;75.2
2026-08-14 21:00:00;75.16;75.24;75.1;75.19
2026-08-14 20:00:00;75.02;75.25;74.98;75.15
2026-08-14 19:00:00;74.97;75.11;74.69;75.02
2026-08-14 18:00:00;75.3;75.31;74.95;74.97
2026-08-14 17:00:00;75.48;75.68;75.16;75.3
2026-08-14 16:00:00;75.65;75.71;75.45;75.47
2026-08-14 15:00:00;75.28;75.78;75.21;75.65
2026-08-14 14:00:00;75.37;75.42;75.06;75.28
2026-08-14 13:00:00;75.47;75.49;75.24;75.37
2026-08-14 12:00:00;75.54;75.61;75.35;75.47
2026-08-14 11:00:00;75.41;75.61;75.4;75.54
2026-08-14 10:00:00;75.49;75.65;75.36;75.41
2026-08-14 09:00:00;75.87;75.87;75.42;75.49
2026-08-14 08:00:00;75.6;75.88;75.57;75.87
2026-08-14 07:00:00;75.55;75.74;75.5;75.59
2026-08-14 06:00:00;75.92;75.93;75.52;75.54
2026-08-14 05:00:00;75.85;76;75.81;75.93
2026-08-14 04:00:00;75.76;76.04;75.75;75.85
2026-08-14 03:00:00;76.02;76.07;75.75;75.76
2026-08-14 02:00:00;76.09;76.2;75.98;76.03
2026-08-14 01:00:00;76.07;76.18;75.91;76.08
2026-08-14 00:00:00;76.28;76.33;75.99;76.08
2026-08-13 23:00:00;76.25;76.3;76.15;76.28
2026-08-13 22:00:00;76.21;76.45;76.2;76.25
2026-08-13 21:00:00;76.23;76.31;76.12;76.21
2026-08-13 20:00:00;76.2;76.34;76.14;76.22
2026-08-13 19:00:00;76.01;76.28;75.98;76.2
2026-08-13 18:00:00;75.77;76.1;75.68;76.01
2026-08-13 17:00:00;75.61;75.94;75.56;75.78
2026-08-13 16:00:00;75.64;75.87;75.1;75.61
2026-08-13 15:00:00;76.46;76.55;75.63;75.64
2026-08-13 14:00:00;76.2;76.59;76.14;76.46
2026-08-13 13:00:00;76.13;76.37;76.06;76.2
2026-08-13 12:00:00;75.66;76.15;75.65;76.14
2026-08-13 11:00:00;75.76;75.76;75.56;75.67
2026-08-13 10:00:00;76.16;76.18;75.7;75.75
2026-08-13 09:00:00;76.2;76.22;75.9;76.16
2026-08-13 08:00:00;76.44;76.49;76.17;76.21
2026-08-13 07:00:00;76.53;76.54;76.4;76.44
2026-08-13 06:00:00;76.52;76.55;76.32;76.53
2026-08-13 05:00:00;76.14;76.62;76.09;76.52
2026-08-13 04:00:00;76.26;76.29;76.03;76.13
2026-08-13 03:00:00;75.99;76.33;75.97;76.26
2026-08-13 02:00:00;75.64;75.99;75.53;75.98
2026-08-13 01:00:00;75.62;75.81;75.48;75.65
2026-08-13 00:00:00;75.64;75.89;75.56;75.63
2026-08-12 23:00:00;75.53;75.66;75.4;75.63
2026-08-12 22:00:00;75.49;75.67;75.35;75.53
2026-08-12 21:00:00;75.94;76.02;75.44;75.5
2026-08-12 20:00:00;75.76;76.02;75.75;75.93
2026-08-12 19:00:00;75.89;76.01;75.6;75.77
2026-08-12 18:00:00;75.91;76.1;75.85;75.89
2026-08-12 17:00:00;75.69;76.07;75.67;75.91
2026-08-12 16:00:00;75.75;75.85;75.57;75.7
2026-08-12 15:00:00;75.47;75.88;75.38;75.75
2026-08-12 14:00:00;76.23;76.26;75.42;75.48
2026-08-12 13:00:00;76.66;76.68;76.05;76.23
2026-08-12 12:00:00;76.83;77.33;76.38;76.65
2026-08-12 11:00:00;76.78;76.88;76.7;76.84
2026-08-12 10:00:00;76.75;76.89;76.69;76.78
2026-08-12 09:00:00;76.18;76.9;76.14;76.75
2026-08-12 08:00:00;76.26;76.46;76.16;76.19
2026-08-12 07:00:00;76.05;76.27;75.94;76.27
2026-08-12 06:00:00;76.33;76.37;75.98;76.05
2026-08-12 05:00:00;76.3;76.38;76.19;76.33
2026-08-12 04:00:00;76.42;76.58;76.28;76.3
2026-08-12 03:00:00;76.43;76.53;76.26;76.42
2026-08-12 02:00:00;76.44;76.6;76.42;76.43
2026-08-12 01:00:00;76.37;76.6;76.31;76.44
2026-08-12 00:00:00;76.3;76.38;76.24;76.37
2026-08-11 23:00:00;76.42;76.42;76.2;76.3
2026-08-11 22:00:00;76.45;76.67;76.25;76.42
2026-08-11 21:00:00;76.05;76.45;76.01;76.45
2026-08-11 20:00:00;75.67;76.26;75.66;76.05
2026-08-11 19:00:00;75.28;75.71;75.06;75.67
2026-08-11 18:00:00;75.17;75.35;75.08;75.27
2026-08-11 17:00:00;74.94;75.22;74.92;75.18
2026-08-11 16:00:00;74.93;75.08;74.79;74.93
2026-08-11 15:00:00;75.2;75.42;74.63;74.93
2026-08-11 14:00:00;76.01;76.16;75.08;75.21
2026-08-11 13:00:00;75.87;76.11;75.72;76.02
2026-08-11 12:00:00;76.24;76.26;75.8;75.87
2026-08-11 11:00:00;75.95;76.37;75.95;76.24
2026-08-11 10:00:00;75.89;76.07;75.77;75.96
2026-08-11 09:00:00;75.95;75.95;75.68;75.9
2026-08-11 08:00:00;75.7;75.99;75.63;75.94
2026-08-11 07:00:00;75.82;75.87;75.42;75.69
2026-08-11 06:00:00;75.81;76.06;75.65;75.82
2026-08-11 05:00:00;76.08;76.09;75.79;75.81
2026-08-11 04:00:00;76.08;76.23;76.07;76.08
2026-08-11 03:00:00;76.04;76.25;76.04;76.08
2026-08-11 02:00:00;76.09;76.15;75.99;76.05
2026-08-11 01:00:00;75.9;76.1;75.71;76.09
2026-08-11 00:00:00;76;76.04;75.76;75.9
2026-08-10 23:00:00;76.21;76.22;75.98;75.99
2026-08-10 22:00:00;76.3;76.38;76.04;76.21
2026-08-10 21:00:00;76.43;76.49;76.29;76.3
2026-08-10 20:00:00;76.19;76.49;76.17;76.43
2026-08-10 19:00:00;75.83;76.28;75.8;76.19
2026-08-10 18:00:00;75.97;76.07;75.7;75.82
2026-08-10 17:00:00;75.71;76.11;75.61;75.97
2026-08-10 16:00:00;75.96;76.11;75.58;75.7
2026-08-10 15:00:00;76.26;76.42;75.83;75.96
2026-08-10 14:00:00;76.31;76.69;76.24;76.26
2026-08-10 13:00:00;76.64;76.77;76.14;76.31
2026-08-10 12:00:00;77.05;77.13;76.6;76.64
2026-08-10 11:00:00;76.82;77.05;76.67;77.05
2026-08-10 10:00:00;76.57;76.89;76.53;76.83
2026-08-10 09:00:00;76.96;77.03;76.56;76.57
2026-08-10 08:00:00;76.99;77.16;76.68;76.96
2026-08-10 07:00:00;76.99;77.11;76.83;76.98
2026-08-10 06:00:00;76.89;77.08;76.82;76.98
2026-08-10 05:00:00;76.56;76.97;76.55;76.89
2026-08-10 04:00:00;76.64;76.75;76.43;76.56
2026-08-10 03:00:00;76.82;76.93;76.38;76.64
2026-08-10 02:00:00;76.91;76.94;76.44;76.82
2026-08-10 01:00:00;76.55;77.17;76.4;76.9
2026-08-10 00:00:00;76.26;77.02;76.21;76.54
2026-08-09 23:00:00;76.81;76.91;76.21;76.27
2026-08-09 22:00:00;77.36;77.84;76.66;76.82
2026-08-09 21:00:00;77.26;77.51;77.15;77.36
2026-08-09 20:00:00;77.22;77.28;77.06;77.27
2026-08-09 19:00:00;77.21;77.36;77.14;77.23
2026-08-09 18:00:00;77.17;77.25;77.07;77.21
2026-08-09 17:00:00;77.32;77.34;77.13;77.18
2026-08-09 16:00:00;77.42;77.57;77.09;77.33
2026-08-09 15:00:00;77.01;77.47;76.84;77.43
2026-08-09 14:00:00;76.58;77.08;76.57;77.02
2026-08-09 13:00:00;76.36;76.88;76.34;76.57
2026-08-09 12:00:00;76.5;76.6;76.3;76.37
2026-08-09 11:00:00;76.38;76.53;76.32;76.5
2026-08-09 10:00:00;76.44;76.65;76.37;76.37
2026-08-09 09:00:00;76.32;76.52;76.25;76.44
2026-08-09 08:00:00;76.36;76.58;76.1;76.32
2026-08-09 07:00:00;76.42;76.48;76.23;76.36
2026-08-09 06:00:00;76;76.5;75.95;76.41
2026-08-09 05:00:00;75.98;76.03;75.88;76.01
2026-08-09 04:00:00;75.98;76.13;75.95;75.98
2026-08-09 03:00:00;75.86;76.05;75.76;75.99
2026-08-09 02:00:00;75.88;76;75.8;75.86
2026-08-09 01:00:00;76.02;76.1;75.73;75.87
2026-08-09 00:00:00;76.02;76.05;75.86;76.02
2026-08-08 23:00:00;75.91;76.1;75.78;76.01
2026-08-08 22:00:00;76.21;76.29;75.86;75.91
2026-08-08 21:00:00;76.25;76.36;76.14;76.2
2026-08-08 20:00:00;76.15;76.28;76.14;76.25
2026-08-08 19:00:00;76.14;76.27;75.97;76.16
2026-08-08 18:00:00;76.38;76.38;76.07;76.14
2026-08-08 17:00:00;76.38;76.5;76.27;76.39
2026-08-08 16:00:00;76.4;76.5;76.16;76.38
2026-08-08 15:00:00;76.49;76.81;76.25;76.4
2026-08-08 14:00:00;75.52;76.62;75.52;76.48
2026-08-08 13:00:00;75.42;75.55;75.41;75.52
2026-08-08 12:00:00;75.61;75.69;75.35;75.43
2026-08-08 11:00:00;75.07;75.71;75.05;75.6
2026-08-08 10:00:00;74.87;75.17;74.87;75.06
2026-08-08 09:00:00;74.81;75.04;74.8;74.87
2026-08-08 08:00:00;74.83;74.93;74.7;74.8
2026-08-08 07:00:00;74.71;74.84;74.65;74.82
2026-08-08 06:00:00;74.66;74.82;74.57;74.7
2026-08-08 05:00:00;74.64;74.75;74.49;74.66
2026-08-08 04:00:00;74.84;75.14;74.58;74.64
2026-08-08 03:00:00;73.87;74.99;73.86;74.83
2026-08-08 02:00:00;73.89;73.97;73.86;73.86
2026-08-08 01:00:00;73.7;73.96;73.68;73.88
2026-08-08 00:00:00;73.67;73.74;73.57;73.71
2026-08-07 23:00:00;73.65;73.78;73.62;73.66
2026-08-07 22:00:00;73.65;73.72;73.58;73.65
2026-08-07 21:00:00;73.84;73.89;73.6;73.65
2026-08-07 20:00:00;74.02;74.1;73.8;73.84
2026-08-07 19:00:00;73.41;74.03;73.4;74.02
2026-08-07 18:00:00;73.43;73.58;73.25;73.41
2026-08-07 17:00:00;73.57;73.58;73.17;73.43
2026-08-07 16:00:00;73.89;74.13;73.57;73.57
2026-08-07 15:00:00;73.72;73.97;73.69;73.88
2026-08-07 14:00:00;74.13;74.24;73.58;73.72
2026-08-07 13:00:00;73.9;74.35;73.79;74.13
2026-08-07 12:00:00;73.63;74.31;73.62;73.9
2026-08-07 11:00:00;73.52;73.78;73.52;73.62
2026-08-07 10:00:00;73.62;73.77;73.49;73.53
2026-08-07 09:00:00;73.19;73.73;73.19;73.63
2026-08-07 08:00:00;72.92;73.33;72.91;73.2
2026-08-07 07:00:00;72.84;73.03;72.75;72.93
2026-08-07 06:00:00;72.87;73.07;72.81;72.83
2026-08-07 05:00:00;72.67;72.95;72.43;72.88
2026-08-07 04:00:00;72.63;72.8;72.51;72.67
2026-08-07 03:00:00;72.71;72.76;72.54;72.62
2026-08-07 02:00:00;72.74;72.93;72.49;72.71
2026-08-07 01:00:00;72.65;72.87;72.58;72.74
2026-08-07 00:00:00;72.7;72.81;72.56;72.65
2026-08-06 23:00:00;72.68;72.73;72.34;72.7
2026-08-06 22:00:00;72.86;72.87;72.65;72.69
2026-08-06 21:00:00;72.85;72.99;72.8;72.86
2026-08-06 20:00:00;72.81;73;72.8;72.86
2026-08-06 19:00:00;72.83;72.95;72.55;72.8
2026-08-06 18:00:00;73.19;73.22;72.71;72.83
2026-08-06 17:00:00;73.44;73.55;73.07;73.2
2026-08-06 16:00:00;73.31;73.49;73.1;73.45
2026-08-06 15:00:00;73.47;73.63;73.3;73.3
2026-08-06 14:00:00;73.26;73.59;73.11;73.47
2026-08-06 13:00:00;73.15;73.33;72.85;73.26
2026-08-06 12:00:00;73.46;73.48;73.14;73.16
2026-08-06 11:00:00;73.32;73.58;73.18;73.46
2026-08-06 10:00:00;73.29;73.45;73.17;73.32
2026-08-06 09:00:00;74;74.01;73.2;73.3
2026-08-06 08:00:00;73.87;74.12;73.7;73.99
2026-08-06 07:00:00;74.06;74.13;73.87;73.87
2026-08-06 06:00:00;74.25;74.27;73.96;74.06
2026-08-06 05:00:00;73.87;74.35;73.86;74.25
2026-08-06 04:00:00;73.49;73.87;73.4;73.86
2026-08-06 03:00:00;73.54;73.59;73.44;73.5
2026-08-06 02:00:00;73.74;73.78;73.38;73.55
2026-08-06 01:00:00;74.07;74.12;73.73;73.75
2026-08-06 00:00:00;74.04;74.26;74.04;74.07
2026-08-05 23:00:00;74.01;74.11;73.85;74.04
2026-08-05 22:00:00;74.13;74.2;74;74.01
2026-08-05 21:00:00;74.37;74.39;74.08;74.12
2026-08-05 20:00:00;74.47;74.59;74.31;74.38
2026-08-05 19:00:00;74.53;74.63;74.42;74.46
2026-08-05 18:00:00;74.56;74.83;74.44;74.54
2026-08-05 17:00:00;74.29;74.66;74.13;74.55
2026-08-05 16:00:00;73.96;74.45;73.94;74.29
2026-08-05 15:00:00;73.96;74.31;73.85;73.96
2026-08-05 14:00:00;73.96;74.15;73.62;73.96
2026-08-05 13:00:00;74.08;74.11;73.27;73.96
2026-08-05 12:00:00;73.77;74.38;73.72;74.08
2026-08-05 11:00:00;73.85;74;73.73;73.77
2026-08-05 10:00:00;74.01;74.12;73.8;73.84
2026-08-05 09:00:00;74.08;74.22;74.01;74.01
2026-08-05 08:00:00;73.98;74.16;73.95;74.08
2026-08-05 07:00:00;74.02;74.05;73.68;73.98
2026-08-05 06:00:00;74.14;74.25;73.99;74.01
2026-08-05 05:00:00;73.79;74.3;73.74;74.15
2026-08-05 04:00:00;73.79;73.85;73.62;73.79
2026-08-05 03:00:00;74.21;74.31;73.71;73.78
2026-08-05 02:00:00;74.12;74.49;74.08;74.22
2026-08-05 01:00:00;73.5;74.11;73.39;74.11
2026-08-05 00:00:00;73.76;73.81;73.46;73.5
2026-08-04 23:00:00;74.1;74.3;73.74;73.75
2026-08-04 22:00:00;74.14;74.23;73.98;74.11
2026-08-04 21:00:00;74.27;74.28;74.01;74.13
2026-08-04 20:00:00;74.19;74.45;73.88;74.27
2026-08-04 19:00:00;74.16;74.39;74.12;74.19
2026-08-04 18:00:00;73.77;74.39;73.77;74.15
2026-08-04 17:00:00;73.73;74.24;73.72;73.78
2026-08-04 16:00:00;73.99;74.01;73.61;73.72
2026-08-04 15:00:00;73.83;74.2;73.41;73.99
2026-08-04 14:00:00;73.64;73.93;73.33;73.82
2026-08-04 13:00:00;73.81;74.05;73.59;73.63
2026-08-04 12:00:00;73.95;74.09;73.76;73.82
2026-08-04 11:00:00;73.6;73.98;73.55;73.95
2026-08-04 10:00:00;73.29;73.7;73.1;73.61
2026-08-04 09:00:00;73.35;73.35;73.16;73.29
2026-08-04 08:00:00;73.68;73.76;73.29;73.36
2026-08-04 07:00:00;73.42;73.74;73.2;73.68
2026-08-04 06:00:00;73.74;73.91;73.41;73.42
2026-08-04 05:00:00;73.83;73.88;73.69;73.74
2026-08-04 04:00:00;73.7;74.1;73.59;73.82
2026-08-04 03:00:00;73.88;73.91;73.47;73.7
2026-08-04 02:00:00;73.77;74.13;73.68;73.87
2026-08-04 01:00:00;73.08;73.78;73.05;73.77
2026-08-04 00:00:00;73.56;73.63;73.04;73.08
2026-08-03 23:00:00;73.54;73.56;73.39;73.56
2026-08-03 22:00:00;73.71;73.73;73.37;73.54
2026-08-03 21:00:00;73.85;73.88;73.66;73.71
2026-08-03 20:00:00;74.03;74.14;73.77;73.86
2026-08-03 19:00:00;73.98;74.19;73.96;74.02
2026-08-03 18:00:00;73.7;74.28;73.69;73.98
2026-08-03 17:00:00;73.42;73.86;73.31;73.69
2026-08-03 16:00:00;73.62;73.82;73.23;73.42
2026-08-03 15:00:00;73.79;73.83;73.45;73.62
2026-08-03 14:00:00;73.26;73.81;73.02;73.79
2026-08-03 13:00:00;72.43;73.28;72.32;73.26
2026-08-03 12:00:00;72.45;72.56;72.34;72.43
2026-08-03 11:00:00;72.61;72.65;72.39;72.45
2026-08-03 10:00:00;72.75;72.81;72.52;72.62
2026-08-03 09:00:00;72.37;72.8;72.33;72.74
2026-08-03 08:00:00;72.52;72.57;71.98;72.37
2026-08-03 07:00:00;72.6;72.69;72.43;72.52
2026-08-03 06:00:00;72.92;72.98;72.51;72.59
2026-08-03 05:00:00;72.85;73.05;72.82;72.92
2026-08-03 04:00:00;72.9;73.08;72.84;72.85
2026-08-03 03:00:00;73.03;73.12;72.69;72.9
2026-08-03 02:00:00;73.01;73.16;72.91;73.04
2026-08-03 01:00:00;73.22;73.26;72.94;73.01
2026-08-03 00:00:00;73.64;73.67;73.18;73.22
2026-08-02 23:00:00;73.64;73.66;73.46;73.63
2026-08-02 22:00:00;74;74.21;73.64;73.64
2026-08-02 21:00:00;73.69;74.33;73.67;74
2026-08-02 20:00:00;73.72;73.74;73.56;73.69
2026-08-02 19:00:00;73.56;73.79;73.53;73.72
2026-08-02 18:00:00;73.31;73.84;73.24;73.57
2026-08-02 17:00:00;73.14;73.4;73.09;73.31
2026-08-02 16:00:00;73.03;73.3;72.92;73.14
2026-08-02 15:00:00;73.09;73.2;73.01;73.03
2026-08-02 14:00:00;72.96;73.23;72.93;73.09
2026-08-02 13:00:00;72.9;73.01;72.69;72.97
2026-08-02 12:00:00;72.99;73.23;72.9;72.9
2026-08-02 11:00:00;73.27;73.31;72.94;72.99
2026-08-02 10:00:00;73.38;73.39;73.15;73.26
2026-08-02 09:00:00;73.18;73.42;73;73.38
2026-08-02 08:00:00;73.46;73.53;73.16;73.17
2026-08-02 07:00:00;73.46;73.51;73.4;73.46
2026-08-02 06:00:00;73.59;73.65;73.43;73.45
2026-08-02 05:00:00;73.54;73.66;73.46;73.59
2026-08-02 04:00:00;73.2;73.54;73.2;73.53
2026-08-02 03:00:00;73.15;73.24;73.08;73.2
2026-08-02 02:00:00;72.65;73.4;72.58;73.15
2026-08-02 01:00:00;72.11;72.75;72.11;72.66
2026-08-02 00:00:00;71.95;72.15;71.93;72.12
2026-08-01 23:00:00;71.91;72.09;71.82;71.95
2026-08-01 22:00:00;71.86;72.03;71.86;71.92
2026-08-01 21:00:00;71.56;71.86;71.55;71.86
2026-08-01 20:00:00;71.26;71.56;71.19;71.56
2026-08-01 19:00:00;71.09;71.36;71.05;71.27
2026-08-01 18:00:00;71.92;71.97;70.58;71.09
2026-08-01 17:00:00;72.7;72.79;71.62;71.93
2026-08-01 16:00:00;72.79;72.94;72.47;72.7
2026-08-01 15:00:00;73.02;73.02;72.72;72.8
2026-08-01 14:00:00;72.98;73.05;72.86;73.02
2026-08-01 13:00:00;72.93;72.99;72.91;72.98
2026-08-01 12:00:00;72.89;72.94;72.87;72.93
2026-08-01 11:00:00;72.85;72.91;72.79;72.89
2026-08-01 10:00:00;72.84;72.9;72.67;72.85
2026-08-01 09:00:00;73.04;73.08;72.83;72.85
2026-08-01 08:00:00;72.98;73.08;72.96;73.04
2026-08-01 07:00:00;73;73.11;72.92;72.98
2026-08-01 06:00:00;72.94;73.02;72.89;73
2026-08-01 05:00:00;73.17;73.2;72.86;72.93
2026-08-01 04:00:00;73.03;73.21;73.02;73.17
2026-08-01 03:00:00;73.07;73.1;72.86;73.03
2026-08-01 02:00:00;73.04;73.15;72.99;73.08
2026-08-01 01:00:00;73.01;73.14;72.97;73.04
2026-08-01 00:00:00;72.87;73.16;72.87;73.01
2026-07-31 23:00:00;72.85;72.96;72.8;72.87
2026-07-31 22:00:00;72.72;72.95;72.67;72.85
2026-07-31 21:00:00;72.96;73.1;72.56;72.73
2026-07-31 20:00:00;73.08;73.23;72.93;72.95
2026-07-31 19:00:00;73.11;73.29;72.92;73.08
2026-07-31 18:00:00;73.35;73.48;72.94;73.12
2026-07-31 17:00:00;73.29;73.44;73.17;73.35
2026-07-31 16:00:00;73.11;73.35;72.98;73.3
2026-07-31 15:00:00;73.05;73.22;72.88;73.1
2026-07-31 14:00:00;73.28;73.69;72.8;73.05
2026-07-31 13:00:00;73.63;73.82;73.17;73.29
2026-07-31 12:00:00;73.57;73.65;73.37;73.63
2026-07-31 11:00:00;73.55;73.71;73.47;73.57
2026-07-31 10:00:00;73.48;73.65;73.29;73.56
2026-07-31 09:00:00;73.66;73.71;73.39;73.48
2026-07-31 08:00:00;73.68;73.8;73.52;73.66
2026-07-31 07:00:00;74.1;74.1;73.51;73.68
2026-07-31 06:00:00;74.25;74.54;74.01;74.11
2026-07-31 05:00:00;73.83;74.32;73.82;74.24
2026-07-31 04:00:00;74.14;74.15;73.72;73.83
2026-07-31 03:00:00;74.16;74.35;73.88;74.14
2026-07-31 02:00:00;74.39;74.56;74.08;74.15
2026-07-31 01:00:00;74.49;75.29;74.28;74.4
2026-07-31 00:00:00;74.52;74.66;74.43;74.49
2026-07-30 23:00:00;74.75;74.99;74.47;74.51
2026-07-30 22:00:00;74.49;74.89;74.4;74.75
2026-07-30 21:00:00;74.48;74.61;74.43;74.49
2026-07-30 20:00:00;74.78;74.92;74.44;74.49
2026-07-30 19:00:00;74.53;74.82;74.52;74.78
2026-07-30 18:00:00;74.77;74.98;74.49;74.52
2026-07-30 17:00:00;74.59;74.89;74.42;74.76
2026-07-30 16:00:00;74.65;74.84;74.45;74.58
2026-07-30 15:00:00;74.64;74.86;74.46;74.65
2026-07-30 14:00:00;74.68;74.78;74.29;74.64
2026-07-30 13:00:00;74.4;74.9;74.12;74.69
2026-07-30 12:00:00;74.22;74.49;74.08;74.41
2026-07-30 11:00:00;73.9;74.33;73.9;74.23
2026-07-30 10:00:00;74.06;74.21;73.83;73.9
2026-07-30 09:00:00;73.81;74.22;73.8;74.05
2026-07-30 08:00:00;73.42;73.83;73.3;73.81
2026-07-30 07:00:00;73.53;73.81;73.39;73.41
2026-07-30 06:00:00;73.7;73.76;73.48;73.53
2026-07-30 05:00:00;73.52;73.86;73.42;73.7
2026-07-30 04:00:00;73.71;73.74;73.5;73.52
2026-07-30 03:00:00;73.84;74;73.66;73.71
2026-07-30 02:00:00;74.03;74.14;73.82;73.83
2026-07-30 01:00:00;73.29;74.2;73.27;74.02
2026-07-30 00:00:00;73.69;73.87;73.14;73.3
2026-07-29 23:00:00;73.64;73.75;73.42;73.68
2026-07-29 22:00:00;73.19;73.8;73.19;73.65
2026-07-29 21:00:00;72.65;73.18;72.32;73.18
2026-07-29 20:00:00;72.76;73.21;72.44;72.65
2026-07-29 19:00:00;74.23;74.38;72.73;72.76
2026-07-29 18:00:00;73.94;74.53;73.44;74.23
2026-07-29 17:00:00;73.28;73.95;73.17;73.94
2026-07-29 16:00:00;73.13;73.37;72.91;73.28
2026-07-29 15:00:00;73.28;73.46;72.98;73.12
2026-07-29 14:00:00;73.73;73.92;73.1;73.28
2026-07-29 13:00:00;73.53;73.77;73.34;73.72
2026-07-29 12:00:00;73.96;73.96;73.46;73.52
2026-07-29 11:00:00;73.92;74.1;73.84;73.96
2026-07-29 10:00:00;74.14;74.14;73.79;73.91
2026-07-29 09:00:00;73.95;74.32;73.92;74.14
2026-07-29 08:00:00;74.25;74.33;73.72;73.95
2026-07-29 07:00:00;74.08;74.28;73.99;74.26
2026-07-29 06:00:00;73.67;74.1;73.53;74.08
2026-07-29 05:00:00;73.45;73.8;73.34;73.68
2026-07-29 04:00:00;73.09;73.48;72.73;73.45
2026-07-29 03:00:00;73.7;73.76;73.01;73.09
2026-07-29 02:00:00;73.27;73.98;73.08;73.69
2026-07-29 01:00:00;73.77;73.81;73.22;73.27
2026-07-29 00:00:00;73.83;74.2;73.77;73.78
2026-07-28 23:00:00;73.44;73.86;73.17;73.83
2026-07-28 22:00:00;74.15;74.24;73.43;73.44
2026-07-28 21:00:00;74.05;74.4;74;74.15
2026-07-28 20:00:00;74.32;74.37;74.01;74.05
2026-07-28 19:00:00;73.89;74.39;73.83;74.33
2026-07-28 18:00:00;73.83;74.06;73.8;73.88
2026-07-28 17:00:00;74.42;74.44;73.56;73.83
2026-07-28 16:00:00;74.35;74.58;74.05;74.42
2026-07-28 15:00:00;73.43;74.59;73.31;74.35
2026-07-28 14:00:00;72.71;73.5;72.54;73.43
2026-07-28 13:00:00;73.39;73.44;72.36;72.72
2026-07-28 12:00:00;73.2;73.46;73.12;73.39
2026-07-28 11:00:00;73.15;73.35;72.89;73.2
2026-07-28 10:00:00;73.26;73.33;73.13;73.15
2026-07-28 09:00:00;73.37;73.51;73.2;73.26
2026-07-28 08:00:00;73.29;73.44;73.15;73.37
2026-07-28 07:00:00;73.45;73.49;73.14;73.3
2026-07-28 06:00:00;73.27;73.49;73.13;73.44
2026-07-28 05:00:00;73.22;73.55;73.2;73.27
2026-07-28 04:00:00;73.28;73.29;73;73.22
2026-07-28 03:00:00;73.38;73.42;73.17;73.28
2026-07-28 02:00:00;73.2;73.47;73.07;73.37
2026-07-28 01:00:00;73.73;73.75;72.86;73.21
2026-07-28 00:00:00;74.21;74.29;73.68;73.73
2026-07-27 23:00:00;74.06;74.41;73.74;74.2
2026-07-27 22:00:00;75.6;75.62;74.02;74.06
2026-07-27 21:00:00;75.98;75.99;75.51;75.6
2026-07-27 20:00:00;75.98;76.14;75.8;75.98
2026-07-27 19:00:00;75.62;76.06;75.5;75.98
2026-07-27 18:00:00;75.91;75.99;75.27;75.62
2026-07-27 17:00:00;75.96;76.25;75.82;75.91
2026-07-27 16:00:00;75.29;75.99;75.15;75.95
2026-07-27 15:00:00;75.48;75.62;75.09;75.28
2026-07-27 14:00:00;76.91;77;75.03;75.48
2026-07-27 13:00:00;76.86;77.5;76.46;76.92
2026-07-27 12:00:00;76.51;77.06;76.25;76.86
2026-07-27 11:00:00;76.62;76.69;76.48;76.5
2026-07-27 10:00:00;76.48;76.68;76.41;76.61
2026-07-27 09:00:00;76.29;76.56;76.13;76.49
2026-07-27 08:00:00;76.48;76.51;76.23;76.3
2026-07-27 07:00:00;76.73;76.76;76.4;76.47
2026-07-27 06:00:00;76.56;76.99;76.53;76.73
2026-07-27 05:00:00;76.3;76.64;76.26;76.56
2026-07-27 04:00:00;76.41;76.64;76.26;76.3
2026-07-27 03:00:00;76.44;76.55;76.33;76.4
2026-07-27 02:00:00;76.53;76.68;76.37;76.44
2026-07-27 01:00:00;76.34;76.53;75.98;76.52
2026-07-27 00:00:00;76.77;76.8;76.19;76.35
2026-07-26 23:00:00;76.72;77.1;76.52;76.76
2026-07-26 22:00:00;75.65;76.82;75.65;76.71
2026-07-26 21:00:00;75.33;75.77;75.32;75.65
2026-07-26 20:00:00;75.34;75.4;75.31;75.34
2026-07-26 19:00:00;75.4;75.46;75.25;75.34
2026-07-26 18:00:00;75.38;75.45;75.28;75.39
2026-07-26 17:00:00;75.53;75.6;75.3;75.38
2026-07-26 16:00:00;75.48;75.99;75.31;75.53
2026-07-26 15:00:00;75.05;75.5;74.97;75.49
2026-07-26 14:00:00;74.94;75.23;74.89;75.06
2026-07-26 13:00:00;74.89;74.97;74.75;74.94
2026-07-26 12:00:00;74.95;75.14;74.81;74.89
2026-07-26 11:00:00;75.12;75.17;74.9;74.95
2026-07-26 10:00:00;75.08;75.25;75.03;75.12
2026-07-26 09:00:00;74.99;75.28;74.98;75.07
2026-07-26 08:00:00;74.88;75.06;74.85;74.98
2026-07-26 07:00:00;75.13;75.15;74.85;74.87
2026-07-26 06:00:00;75.02;75.13;74.74;75.12
2026-07-26 05:00:00;75.07;75.18;74.95;75.02
2026-07-26 04:00:00;75.04;75.23;74.95;75.07
2026-07-26 03:00:00;74.9;75.05;74.82;75.03
2026-07-26 02:00:00;74.82;74.93;74.72;74.9
2026-07-26 01:00:00;74.78;74.9;74.67;74.82
2026-07-26 00:00:00;74.53;74.96;74.47;74.79
2026-07-25 23:00:00;74.5;74.55;74.41;74.52
2026-07-25 22:00:00;74.46;74.53;74.3;74.5
2026-07-25 21:00:00;74.45;74.6;74.28;74.46
2026-07-25 20:00:00;74.57;74.58;74.4;74.45
2026-07-25 19:00:00;74.67;74.73;74.53;74.57
2026-07-25 18:00:00;74.47;74.72;74.46;74.66
2026-07-25 17:00:00;74.32;74.67;74.3;74.48
2026-07-25 16:00:00;74.18;74.42;74.09;74.32
2026-07-25 15:00:00;74.06;74.31;74;74.18
2026-07-25 14:00:00;73.99;74.08;73.78;74.06
2026-07-25 13:00:00;73.97;74.2;73.94;73.98
2026-07-25 12:00:00;73.92;73.99;73.85;73.97
2026-07-25 11:00:00;73.99;74.05;73.86;73.92
2026-07-25 10:00:00;73.99;74.04;73.91;73.98
2026-07-25 09:00:00;73.8;74.04;73.76;74
2026-07-25 08:00:00;73.79;73.87;73.56;73.79
2026-07-25 07:00:00;74.03;74.06;73.79;73.79
2026-07-25 06:00:00;73.98;74.03;73.77;74.03
2026-07-25 05:00:00;74.32;74.36;73.91;73.99
2026-07-25 04:00:00;74.14;74.36;74.13;74.32
2026-07-25 03:00:00;74.12;74.33;74.05;74.14
2026-07-25 02:00:00;74.12;74.22;74.05;74.11
2026-07-25 01:00:00;74.13;74.26;74;74.13
2026-07-25 00:00:00;73.97;74.16;73.94;74.13
2026-07-24 23:00:00;73.94;74.03;73.85;73.96
2026-07-24 22:00:00;73.64;73.99;73.63;73.94
2026-07-24 21:00:00;73.77;73.84;73.44;73.63
2026-07-24 20:00:00;73.97;74.03;73.73;73.77
2026-07-24 19:00:00;73.98;74.05;73.79;73.97
2026-07-24 18:00:00;74.04;74.08;73.9;73.98
2026-07-24 17:00:00;73.9;74.15;73.86;74.05
2026-07-24 16:00:00;74.04;74.22;73.71;73.9
2026-07-24 15:00:00;74.03;74.3;73.69;74.04
2026-07-24 14:00:00;74.21;74.27;73.61;74.03
2026-07-24 13:00:00;74.86;74.93;73.99;74.22
2026-07-24 12:00:00;75.2;75.3;74.81;74.86
2026-07-24 11:00:00;75.49;75.51;74.97;75.2
2026-07-24 10:00:00;75.62;75.65;75.38;75.49
2026-07-24 09:00:00;75.78;75.83;75.36;75.62
2026-07-24 08:00:00;76.08;76.11;75.71;75.78
2026-07-24 07:00:00;75.85;76.45;75.78;76.07
2026-07-24 06:00:00;75.8;76.02;75.73;75.85
2026-07-24 05:00:00;75.66;75.92;75.59;75.8
2026-07-24 04:00:00;75.84;75.86;75.6;75.66
2026-07-24 03:00:00;75.54;75.96;75.48;75.83
2026-07-24 02:00:00;75.7;75.92;75.3;75.53
2026-07-24 01:00:00;75.83;76.13;75.66;75.7
2026-07-24 00:00:00;75.88;75.9;75.53;75.82
2026-07-23 23:00:00;76.19;76.26;75.87;75.88
2026-07-23 22:00:00;76.05;76.25;75.86;76.19
2026-07-23 21:00:00;76.12;76.28;75.92;76.05
2026-07-23 20:00:00;75.74;76.18;75.71;76.12
2026-07-23 19:00:00;75.81;75.85;75.43;75.75
2026-07-23 18:00:00;75.65;75.85;75.56;75.81
2026-07-23 17:00:00;76;76.17;75.47;75.65
2026-07-23 16:00:00;76.39;76.39;75.83;76.01
2026-07-23 15:00:00;76.44;76.45;75.86;76.39
2026-07-23 14:00:00;76.7;76.89;76.34;76.43
2026-07-23 13:00:00;76.94;77.05;76.57;76.7
2026-07-23 12:00:00;77.67;77.74;76.5;76.94
2026-07-23 11:00:00;77.75;77.87;77.57;77.67
2026-07-23 10:00:00;77.49;77.81;77.43;77.74
2026-07-23 09:00:00;77.47;77.65;77.4;77.49
2026-07-23 08:00:00;77.16;77.5;77.11;77.47
2026-07-23 07:00:00;77.58;77.58;77.04;77.16
2026-07-23 06:00:00;77.53;77.59;77.37;77.57
2026-07-23 05:00:00;77.53;77.72;77.4;77.53
2026-07-23 04:00:00;77.6;77.83;77.38;77.53
2026-07-23 03:00:00;77.76;77.79;77.47;77.6
2026-07-23 02:00:00;77.9;77.9;77.4;77.76
2026-07-23 01:00:00;78.27;78.41;77.87;77.9
2026-07-23 00:00:00;77.97;78.54;77.97;78.27
2026-07-22 23:00:00;78.01;78.03;77.5;77.97
2026-07-22 22:00:00;78.02;78.12;77.7;78.01
2026-07-22 21:00:00;77.8;78.08;77.68;78.02
2026-07-22 20:00:00;77.66;77.96;77.58;77.8
2026-07-22 19:00:00;77.75;77.81;77.31;77.66
2026-07-22 18:00:00;78.22;78.29;77.46;77.74
2026-07-22 17:00:00;78.57;78.65;78.15;78.21
2026-07-22 16:00:00;78.46;78.81;78.1;78.58
2026-07-22 15:00:00;77.9;78.85;77.9;78.47
2026-07-22 14:00:00;77.87;78.47;77.4;77.9
2026-07-22 13:00:00;77.24;77.95;77.14;77.87
2026-07-22 12:00:00;77.56;77.57;77.02;77.24
2026-07-22 11:00:00;77.68;77.82;77.48;77.56
2026-07-22 10:00:00;77.56;77.74;77.45;77.68
2026-07-22 09:00:00;77.43;77.59;77.29;77.55
2026-07-22 08:00:00;77.11;77.52;77.06;77.43
2026-07-22 07:00:00;77.3;77.32;77;77.1
2026-07-22 06:00:00;77.43;77.5;77.01;77.29
2026-07-22 05:00:00;78.06;78.08;77.41;77.43
2026-07-22 04:00:00;77.87;78.23;77.83;78.06
2026-07-22 03:00:00;78.12;78.24;77.81;77.87
2026-07-22 02:00:00;78.35;78.51;78.09;78.13
2026-07-22 01:00:00;78.45;78.52;78.15;78.34
2026-07-22 00:00:00;78.13;78.59;78.11;78.46
2026-07-21 23:00:00;77.99;78.2;77.81;78.12
2026-07-21 22:00:00;78.04;78.06;77.85;78
2026-07-21 21:00:00;77.9;78.14;77.8;78.05
2026-07-21 20:00:00;77.86;78.11;77.8;77.91
2026-07-21 19:00:00;77.86;78;77.71;77.87
2026-07-21 18:00:00;77.72;78;77.6;77.85
2026-07-21 17:00:00;78.2;78.24;77.42;77.72
2026-07-21 16:00:00;78.15;78.25;77.97;78.19
2026-07-21 15:00:00;78.01;78.16;77.79;78.14
2026-07-21 14:00:00;78.58;78.64;77.9;78
2026-07-21 13:00:00;78.53;78.64;78.21;78.58
2026-07-21 12:00:00;78.36;78.55;78.27;78.52
2026-07-21 11:00:00;78.22;78.43;78.1;78.36
2026-07-21 10:00:00;78.43;78.49;78.07;78.22
2026-07-21 09:00:00;78.37;78.51;78.15;78.43
2026-07-21 08:00:00;78.57;78.75;78.34;78.36
2026-07-21 07:00:00;78.67;78.75;78.48;78.56
2026-07-21 06:00:00;78.46;78.88;78.3;78.67
2026-07-21 05:00:00;78.12;78.67;78.11;78.45
2026-07-21 04:00:00;78.2;78.39;78.02;78.13
2026-07-21 03:00:00;78.03;78.55;78.02;78.19
2026-07-21 02:00:00;77.84;78.25;77.66;78.02
2026-07-21 01:00:00;78.11;78.22;77.83;77.84
2026-07-21 00:00:00;77.85;78.29;77.75;78.12
2026-07-20 23:00:00;77.44;77.89;77.43;77.85
2026-07-20 22:00:00;77.74;77.84;77.44;77.44
2026-07-20 21:00:00;77.88;78.03;77.74;77.74
2026-07-20 20:00:00;77.64;78.05;77.54;77.88
2026-07-20 19:00:00;77.66;77.73;77.29;77.63
2026-07-20 18:00:00;77.75;78.38;77.6;77.67
2026-07-20 17:00:00;77.66;77.91;77.36;77.74
2026-07-20 16:00:00;77.77;77.88;77.45;77.66
2026-07-20 15:00:00;76.16;77.92;76.11;77.76
2026-07-20 14:00:00;76.29;76.47;75.79;76.15
2026-07-20 13:00:00;76.75;77.14;76.14;76.29
2026-07-20 12:00:00;77.14;77.15;76.67;76.75
2026-07-20 11:00:00;76.35;77.24;76.31;77.14
2026-07-20 10:00:00;76.47;76.69;76.34;76.34
2026-07-20 09:00:00;76.16;76.75;76.08;76.47
2026-07-20 08:00:00;76.22;76.44;75.9;76.15
2026-07-20 07:00:00;75.64;76.25;75.54;76.22
2026-07-20 06:00:00;75.93;76.05;75.5;75.64
2026-07-20 05:00:00;76.46;76.5;75.78;75.92
2026-07-20 04:00:00;76.76;76.95;76.3;76.46
2026-07-20 03:00:00;76.98;77.09;76.54;76.76
2026-07-20 02:00:00;76.39;77.2;76.37;76.98
2026-07-20 01:00:00;76.57;77.4;76.29;76.39
2026-07-20 00:00:00;76.38;77.12;76.13;76.57
2026-07-19 23:00:00;76.1;76.57;75.88;76.38
2026-07-19 22:00:00;75.78;76.42;75.63;76.1
2026-07-19 21:00:00;76.14;76.24;75.71;75.78
2026-07-19 20:00:00;75.89;76.15;75.87;76.14
2026-07-19 19:00:00;75.76;75.89;75.63;75.88
2026-07-19 18:00:00;75.96;75.98;75.37;75.75
2026-07-19 17:00:00;75.92;76.23;75.59;75.97
2026-07-19 16:00:00;76.22;76.29;75.87;75.92
2026-07-19 15:00:00;76.43;76.48;76.08;76.21
2026-07-19 14:00:00;76.12;76.7;76.05;76.43
2026-07-19 13:00:00;76.02;76.15;75.88;76.12
2026-07-19 12:00:00;76.07;76.18;75.76;76.01
2026-07-19 11:00:00;76.26;76.41;76.04;76.06
2026-07-19 10:00:00;75.99;76.53;75.9;76.26
2026-07-19 09:00:00;76.28;76.31;75.93;75.99
2026-07-19 08:00:00;76.14;76.38;76.08;76.28
2026-07-19 07:00:00;76.12;76.34;76.01;76.14
2026-07-19 06:00:00;75.98;76.17;75.95;76.11
2026-07-19 05:00:00;76.01;76.1;75.9;75.97
2026-07-19 04:00:00;75.95;76.08;75.74;76
2026-07-19 03:00:00;76.2;76.45;75.81;75.96
2026-07-19 02:00:00;75.68;76.57;75.67;76.21
2026-07-19 01:00:00;75.64;75.74;75.51;75.68
2026-07-19 00:00:00;75.53;75.68;75.45;75.63
2026-07-18 23:00:00;75.57;75.6;75.4;75.52
2026-07-18 22:00:00;75.48;75.61;75.39;75.57
2026-07-18 21:00:00;75.47;75.64;75.35;75.49
2026-07-18 20:00:00;75.45;75.58;75.34;75.47
2026-07-18 19:00:00;75.28;75.45;75.23;75.44
2026-07-18 18:00:00;75.36;75.67;75.18;75.29
2026-07-18 17:00:00;75.17;75.41;75.06;75.35
2026-07-18 16:00:00;74.96;75.29;74.84;75.17
2026-07-18 15:00:00;74.99;75.04;74.81;74.97
2026-07-18 14:00:00;74.73;75.01;74.65;74.98
2026-07-18 13:00:00;75;75.01;74.5;74.73
2026-07-18 12:00:00;74.96;75.19;74.72;75.01
2026-07-18 11:00:00;74.91;75.02;74.89;74.97
2026-07-18 10:00:00;74.84;74.95;74.8;74.91
2026-07-18 09:00:00;74.96;75.01;74.66;74.85
2026-07-18 08:00:00;74.97;75.04;74.79;74.96
2026-07-18 07:00:00;74.98;75.05;74.9;74.97
2026-07-18 06:00:00;74.93;75.09;74.92;74.98
2026-07-18 05:00:00;75.11;75.12;74.87;74.92
2026-07-18 04:00:00;75.37;75.39;75.05;75.1
2026-07-18 03:00:00;75.21;75.38;75.14;75.38
2026-07-18 02:00:00;75.23;75.45;75.15;75.21
2026-07-18 01:00:00;75.1;75.24;75.04;75.23
2026-07-18 00:00:00;75.04;75.27;74.99;75.09
2026-07-17 23:00:00;75.03;75.14;74.85;75.04
2026-07-17 22:00:00;75.01;75.13;74.84;75.02
2026-07-17 21:00:00;75.11;75.24;74.96;75.01
2026-07-17 20:00:00;75.2;75.21;74.89;75.11
2026-07-17 19:00:00;75.32;75.37;74.86;75.2
2026-07-17 18:00:00;75.24;75.41;74.98;75.32
2026-07-17 17:00:00;74.95;75.6;74.95;75.24
2026-07-17 16:00:00;74.78;75.12;74.61;74.94
2026-07-17 15:00:00;74.32;74.78;73.8;74.77
2026-07-17 14:00:00;74.34;74.81;74.09;74.32
2026-07-17 13:00:00;74.4;74.4;73.39;74.33
2026-07-17 12:00:00;74.86;74.88;74.37;74.4
2026-07-17 11:00:00;74.8;75;74.64;74.86
2026-07-17 10:00:00;74.66;74.88;74.63;74.8
2026-07-17 09:00:00;74.53;74.82;74.47;74.65
2026-07-17 08:00:00;74.62;74.69;74.2;74.53
2026-07-17 07:00:00;74.6;74.76;74.42;74.61
2026-07-17 06:00:00;74.39;74.77;74.31;74.6
2026-07-17 05:00:00;75.23;75.23;74.29;74.4
2026-07-17 04:00:00;75.23;75.34;74.75;75.24
2026-07-17 03:00:00;75;75.45;74.99;75.23
2026-07-17 02:00:00;75.09;75.28;74.75;75
2026-07-17 01:00:00;75.56;75.75;74.98;75.1
2026-07-17 00:00:00;75.33;75.56;74.92;75.55
2026-07-16 23:00:00;75.32;75.42;75.01;75.32
2026-07-16 22:00:00;75.95;76.04;75.24;75.32
2026-07-16 21:00:00;75.79;76.08;75.77;75.94
2026-07-16 20:00:00;75.8;75.9;75.7;75.8
2026-07-16 19:00:00;75.73;75.94;75.62;75.81
2026-07-16 18:00:00;75.62;75.92;75.43;75.74
2026-07-16 17:00:00;76.27;76.27;75.39;75.61
2026-07-16 16:00:00;76.63;76.63;76.1;76.27
2026-07-16 15:00:00;76.5;76.86;76;76.63
2026-07-16 14:00:00;76.36;76.8;76.19;76.49
2026-07-16 13:00:00;75.92;76.63;75.91;76.36
2026-07-16 12:00:00;76.27;76.29;75.69;75.93
2026-07-16 11:00:00;76.21;76.29;76.04;76.28
2026-07-16 10:00:00;76.03;76.35;76.01;76.21
2026-07-16 09:00:00;76.16;76.26;75.99;76.02
2026-07-16 08:00:00;76.42;76.48;75.64;76.16
2026-07-16 07:00:00;77.35;77.35;76.14;76.41
2026-07-16 06:00:00;77.49;77.64;77.12;77.35
2026-07-16 05:00:00;76.82;77.52;76.74;77.48
2026-07-16 04:00:00;76.95;77.02;76.59;76.81
2026-07-16 03:00:00;77.13;77.28;76.81;76.95
2026-07-16 02:00:00;77.09;77.15;76.86;77.13
2026-07-16 01:00:00;76.94;77.15;76.7;77.09
2026-07-16 00:00:00;77.28;77.48;76.7;76.95
2026-07-15 23:00:00;77.48;77.61;77.21;77.29
2026-07-15 22:00:00;77.41;77.74;77.3;77.48
2026-07-15 21:00:00;77.38;77.52;77.24;77.41
2026-07-15 20:00:00;77.18;77.54;77.1;77.38
2026-07-15 19:00:00;77.59;77.69;76.94;77.18
2026-07-15 18:00:00;77.82;78.09;77.51;77.58
2026-07-15 17:00:00;77.63;78.05;77.5;77.82
2026-07-15 16:00:00;78.06;78.12;77.07;77.63
2026-07-15 15:00:00;78.22;78.25;77.76;78.07
2026-07-15 14:00:00;78.11;78.39;77.78;78.22
2026-07-15 13:00:00;78.28;79.04;77.71;78.11
2026-07-15 12:00:00;77.53;78.31;77.26;78.28
2026-07-15 11:00:00;77.37;77.53;77.34;77.52
2026-07-15 10:00:00;77.49;77.71;77.23;77.37
2026-07-15 09:00:00;77.57;77.91;77.43;77.49
2026-07-15 08:00:00;77.42;77.62;77.23;77.58
2026-07-15 07:00:00;77.95;78.01;77.4;77.42
2026-07-15 06:00:00;78.26;78.7;77.94;77.94
2026-07-15 05:00:00;78.02;78.33;77.65;78.26
2026-07-15 04:00:00;77.78;78.18;77.54;78.02
2026-07-15 03:00:00;77.3;77.9;77.23;77.78
2026-07-15 02:00:00;77.43;77.59;77.03;77.29
2026-07-15 01:00:00;77.67;77.82;77.28;77.44
2026-07-15 00:00:00;77.87;77.92;77.47;77.66
2026-07-14 23:00:00;77.63;77.92;77.55;77.87
2026-07-14 22:00:00;77.22;77.95;77.1;77.62
2026-07-14 21:00:00;77.18;77.41;77.13;77.21
2026-07-14 20:00:00;77.18;77.22;76.93;77.18
2026-07-14 19:00:00;77.3;77.53;77.11;77.17
2026-07-14 18:00:00;77.18;77.34;77;77.29
2026-07-14 17:00:00;77.29;77.3;76.81;77.18
2026-07-14 16:00:00;77.39;77.65;77.12;77.28
2026-07-14 15:00:00;77.35;77.95;77.18;77.38
2026-07-14 14:00:00;76.94;77.5;76.68;77.35
2026-07-14 13:00:00;76.86;77.73;76.5;76.94
2026-07-14 12:00:00;75.4;76.98;75.19;76.86
2026-07-14 11:00:00;75.48;75.62;75.34;75.4
2026-07-14 10:00:00;75.08;75.6;74.96;75.47
2026-07-14 09:00:00;75.16;75.31;74.88;75.08
2026-07-14 08:00:00;74.98;75.39;74.85;75.16
2026-07-14 07:00:00;75.16;75.26;74.91;74.97
2026-07-14 06:00:00;75.41;75.44;75.1;75.16
2026-07-14 05:00:00;75.16;75.48;75.1;75.42
2026-07-14 04:00:00;75.15;75.34;75.04;75.15
2026-07-14 03:00:00;75.08;75.17;74.56;75.15
2026-07-14 02:00:00;75.31;75.33;74.87;75.08
2026-07-14 01:00:00;75.45;75.56;75.22;75.3
2026-07-14 00:00:00;75.02;75.49;74.83;75.45
2026-07-13 23:00:00;74.52;75.02;74.41;75.01
2026-07-13 22:00:00;74.41;74.75;74.4;74.52
2026-07-13 21:00:00;74.81;74.81;74.1;74.42
2026-07-13 20:00:00;75.19;75.35;74.59;74.8
2026-07-13 19:00:00;74.87;75.25;74.75;75.2
2026-07-13 18:00:00;74.6;75.04;74.57;74.86
2026-07-13 17:00:00;75.3;75.47;74.52;74.59
2026-07-13 16:00:00;75.82;76.04;75.2;75.3
2026-07-13 15:00:00;76.16;76.31;75.75;75.81
2026-07-13 14:00:00;75.4;76.18;75.34;76.16
2026-07-13 13:00:00;75.85;75.95;75.11;75.4
2026-07-13 12:00:00;76.35;76.41;75.74;75.85
2026-07-13 11:00:00;76.29;76.59;76.28;76.34
2026-07-13 10:00:00;76.63;76.63;76.1;76.29
2026-07-13 09:00:00;76.74;76.75;76.6;76.62
2026-07-13 08:00:00;76.45;76.9;76.36;76.73
2026-07-13 07:00:00;76.34;76.69;76.23;76.44
2026-07-13 06:00:00;76.4;76.59;76.28;76.34
2026-07-13 05:00:00;75.93;76.47;75.74;76.4
2026-07-13 04:00:00;75.87;76.17;75.72;75.92
2026-07-13 03:00:00;76.48;76.5;75.43;75.86
2026-07-13 02:00:00;76.32;76.67;76.13;76.48
2026-07-13 01:00:00;77.52;77.66;76.29;76.32
2026-07-13 00:00:00;76.92;78.2;76.82;77.52
2026-07-12 23:00:00;76.77;76.95;76.65;76.92
2026-07-12 22:00:00;77.1;77.1;76.46;76.77
2026-07-12 21:00:00;77.46;77.7;76.97;77.1
2026-07-12 20:00:00;77.67;77.71;77.44;77.46
2026-07-12 19:00:00;77.58;77.78;77.44;77.68
2026-07-12 18:00:00;77.35;77.65;77.24;77.57
2026-07-12 17:00:00;77.55;77.61;77.23;77.35
2026-07-12 16:00:00;77.47;77.67;77.38;77.54
2026-07-12 15:00:00;77.55;77.62;77.28;77.46
2026-07-12 14:00:00;77.16;77.71;76.97;77.55
2026-07-12 13:00:00;77.19;77.49;77.13;77.15
2026-07-12 12:00:00;76.94;77.24;76.78;77.19
2026-07-12 11:00:00;76.72;77.28;76.53;76.95
2026-07-12 10:00:00;76.76;76.85;76.66;76.71
2026-07-12 09:00:00;76.71;76.91;76.39;76.75
2026-07-12 08:00:00;76.52;76.83;76.47;76.7
2026-07-12 07:00:00;76.37;76.71;76.31;76.51
2026-07-12 06:00:00;76.44;76.44;75.85;76.37
2026-07-12 05:00:00;76.71;76.83;76.38;76.44
2026-07-12 04:00:00;77.05;77.08;76.61;76.71
2026-07-12 03:00:00;76.86;77.09;76.75;77.04
2026-07-12 02:00:00;76.83;76.92;76.63;76.86
2026-07-12 01:00:00;76.1;76.88;76.04;76.84
2026-07-12 00:00:00;76.79;76.88;75.65;76.11
2026-07-11 23:00:00;77.89;77.93;76.77;76.79
2026-07-11 22:00:00;78.23;78.27;77.75;77.89
2026-07-11 21:00:00;78.17;78.32;78.13;78.23
2026-07-11 20:00:00;78.15;78.28;78.11;78.17
2026-07-11 19:00:00;78.08;78.15;77.88;78.15
2026-07-11 18:00:00;78.08;78.31;78;78.08
2026-07-11 17:00:00;77.93;78.19;77.82;78.09
2026-07-11 16:00:00;78.39;78.4;77.63;77.94
2026-07-11 15:00:00;78.5;78.88;77.97;78.38
2026-07-11 14:00:00;78.17;78.74;78.17;78.5
2026-07-11 13:00:00;78.09;78.45;78.03;78.18
2026-07-11 12:00:00;78.13;78.21;77.95;78.08
2026-07-11 11:00:00;78.05;78.15;77.99;78.13
2026-07-11 10:00:00;77.84;78.11;77.75;78.05
2026-07-11 09:00:00;78.16;78.34;77.83;77.84
2026-07-11 08:00:00;77.99;78.18;77.95;78.17
2026-07-11 07:00:00;78.07;78.11;77.93;78
2026-07-11 06:00:00;77.91;78.12;77.79;78.06
2026-07-11 05:00:00;77.74;77.98;77.6;77.9
2026-07-11 04:00:00;77.8;77.86;77.65;77.74
2026-07-11 03:00:00;77.78;77.88;77.6;77.79
2026-07-11 02:00:00;77.54;77.83;77.49;77.78
2026-07-11 01:00:00;77.85;78.07;77.47;77.54
2026-07-11 00:00:00;78.14;78.14;77.79;77.85
2026-07-10 23:00:00;78.17;78.18;77.93;78.13
2026-07-10 22:00:00;78;78.25;77.94;78.17
2026-07-10 21:00:00;77.75;78.11;77.73;78
2026-07-10 20:00:00;77.9;77.99;77.71;77.76
2026-07-10 19:00:00;77.52;78.05;77.45;77.89
2026-07-10 18:00:00;77.58;77.91;77.33;77.53
2026-07-10 17:00:00;78.14;78.17;77.58;77.59
2026-07-10 16:00:00;78.15;78.26;77.66;78.14
2026-07-10 15:00:00;77.9;78.36;77.78;78.14
2026-07-10 14:00:00;78.98;78.98;77.07;77.91
2026-07-10 13:00:00;78.92;79.35;78.77;78.99
2026-07-10 12:00:00;79.37;79.56;78.9;78.92
2026-07-10 11:00:00;79.4;79.52;79.18;79.36
2026-07-10 10:00:00;79.23;79.68;79.15;79.39
2026-07-10 09:00:00;79.19;79.38;78.95;79.22
2026-07-10 08:00:00;78.87;79.42;78.81;79.2
2026-07-10 07:00:00;78.92;79.08;78.75;78.87
2026-07-10 06:00:00;79.18;79.24;78.86;78.92
2026-07-10 05:00:00;78.97;79.37;78.87;79.18
2026-07-10 04:00:00;79.07;79.11;78.84;78.97
2026-07-10 03:00:00;79.05;79.13;78.73;79.07
2026-07-10 02:00:00;79.06;79.16;78.83;79.05
2026-07-10 01:00:00;78.12;79.45;77.94;79.05
2026-07-10 00:00:00;78.05;78.16;77.79;78.12
2026-07-09 23:00:00;78.11;78.21;77.74;78.04
2026-07-09 22:00:00;78.05;78.29;77.99;78.11
2026-07-09 21:00:00;78.16;78.29;77.9;78.04
2026-07-09 20:00:00;78.16;78.32;77.98;78.15
2026-07-09 19:00:00;78.2;78.32;77.91;78.15
2026-07-09 18:00:00;78.06;78.43;78;78.19
2026-07-09 17:00:00;77.69;78.16;77.63;78.06
2026-07-09 16:00:00;77.63;77.81;77.26;77.69
2026-07-09 15:00:00;77.88;78.2;77.51;77.63
2026-07-09 14:00:00;78.22;78.35;77.58;77.88
2026-07-09 13:00:00;77.64;78.49;77.35;78.22
2026-07-09 12:00:00;77.61;78.21;77.41;77.64
2026-07-09 11:00:00;77.69;77.78;77.32;77.61
2026-07-09 10:00:00;78.13;78.22;77.52;77.68
2026-07-09 09:00:00;78.11;78.18;77.86;78.14
2026-07-09 08:00:00;78.22;78.41;77.96;78.11
2026-07-09 07:00:00;78.5;78.83;78.14;78.21
2026-07-09 06:00:00;78.4;78.62;78.11;78.49
2026-07-09 05:00:00;77.98;78.4;77.74;78.4
2026-07-09 04:00:00;77.39;78.04;77.22;77.99
2026-07-09 03:00:00;77.06;77.41;76.71;77.38
2026-07-09 02:00:00;77.35;77.84;76.98;77.07
2026-07-09 01:00:00;77.72;78.78;77.25;77.35
2026-07-09 00:00:00;77.83;77.9;77.52;77.71
2026-07-08 23:00:00;77.54;77.95;77.43;77.83
2026-07-08 22:00:00;77.26;77.59;77.18;77.55
2026-07-08 21:00:00;77.18;77.35;76.93;77.26
2026-07-08 20:00:00;77.42;77.57;77.05;77.17
2026-07-08 19:00:00;77.15;77.49;76.95;77.42
2026-07-08 18:00:00;77.13;77.36;76.82;77.14
2026-07-08 17:00:00;77.29;77.68;77.04;77.13
2026-07-08 16:00:00;76.76;77.36;76.76;77.29
2026-07-08 15:00:00;77.11;77.15;76.29;76.75
2026-07-08 14:00:00;77.3;77.42;76.71;77.11
2026-07-08 13:00:00;77.03;77.47;76.64;77.31
2026-07-08 12:00:00;77.56;77.66;77.02;77.03
2026-07-08 11:00:00;77.33;77.71;77.08;77.56
2026-07-08 10:00:00;77.19;77.5;76.94;77.33
2026-07-08 09:00:00;77.26;77.49;77.01;77.19
2026-07-08 08:00:00;78.29;78.43;76.9;77.25
2026-07-08 07:00:00;78.23;78.34;77.8;78.28
2026-07-08 06:00:00;78.43;78.46;77.95;78.23
2026-07-08 05:00:00;78.65;78.82;78.35;78.42
2026-07-08 04:00:00;78.73;78.93;78.35;78.64
2026-07-08 03:00:00;79.07;79.34;78.62;78.73
2026-07-08 02:00:00;79.09;79.18;78.22;79.06
2026-07-08 01:00:00;80.37;80.42;78.82;79.1
2026-07-08 00:00:00;80.58;80.78;80.35;80.37
2026-07-07 23:00:00;80.87;81.15;80.51;80.58
2026-07-07 22:00:00;80.83;81.1;80.34;80.88
2026-07-07 21:00:00;81.17;81.42;80.57;80.84
2026-07-07 20:00:00;81.38;81.49;81.01;81.17
2026-07-07 19:00:00;81.3;81.56;80.78;81.37
2026-07-07 18:00:00;82.73;82.73;81.24;81.3
2026-07-07 17:00:00;82.21;82.79;82.09;82.72
2026-07-07 16:00:00;82.11;82.57;81.82;82.22
2026-07-07 15:00:00;81.81;82.36;81.5;82.11
2026-07-07 14:00:00;80.85;81.92;80.51;81.81
2026-07-07 13:00:00;81.45;81.62;80.66;80.84
2026-07-07 12:00:00;81.32;82;81.3;81.45
2026-07-07 11:00:00;80.99;81.4;80.76;81.32
2026-07-07 10:00:00;81.31;81.59;80.93;80.99
2026-07-07 09:00:00;81.28;81.49;81.14;81.31
2026-07-07 08:00:00;81.51;81.6;81.21;81.28
2026-07-07 07:00:00;81.55;81.76;81.35;81.5
2026-07-07 06:00:00;81.11;81.64;80.81;81.54
2026-07-07 05:00:00;80.91;81.22;80.46;81.11
2026-07-07 04:00:00;81.05;81.1;80.65;80.92
2026-07-07 03:00:00;81.36;81.48;80.97;81.05
2026-07-07 02:00:00;81.9;81.99;81.29;81.35
2026-07-07 01:00:00;82.36;82.37;81.81;81.9
2026-07-07 00:00:00;81.94;82.5;81.82;82.36
2026-07-06 23:00:00;82.33;82.43;81.91;81.94
2026-07-06 22:00:00;82.83;82.88;82.25;82.32
2026-07-06 21:00:00;82.1;83.74;82.06;82.82
2026-07-06 20:00:00;82.08;82.25;81.68;82.1
2026-07-06 19:00:00;81.99;82.18;81.81;82.07
2026-07-06 18:00:00;81.64;82.3;81.31;81.99
2026-07-06 17:00:00;82.1;82.19;81.45;81.65
2026-07-06 16:00:00;81.5;82.4;81.29;82.1
2026-07-06 15:00:00;80.3;81.54;80.29;81.5
2026-07-06 14:00:00;80.17;80.79;79.86;80.29
2026-07-06 13:00:00;79.46;80.91;79.23;80.16
2026-07-06 12:00:00;80.39;80.64;79.27;79.46
2026-07-06 11:00:00;80.66;81;80.38;80.39
2026-07-06 10:00:00;80.07;80.71;80.06;80.67
2026-07-06 09:00:00;80.49;80.5;80.06;80.08
2026-07-06 08:00:00;80.83;81.08;80.3;80.49
2026-07-06 07:00:00;80.36;81.02;80.27;80.82
2026-07-06 06:00:00;80.42;80.53;80.26;80.35
2026-07-06 05:00:00;80.81;80.82;80.15;80.42
2026-07-06 04:00:00;80.8;81.02;80.7;80.82
2026-07-06 03:00:00;81.01;81.05;80.45;80.8
2026-07-06 02:00:00;81.54;81.68;80.82;81.01
2026-07-06 01:00:00;82.2;82.33;81.48;81.55
2026-07-06 00:00:00;81.59;82.24;81.11;82.2
2026-07-05 23:00:00;81.82;82.08;81.44;81.59
2026-07-05 22:00:00;81.8;82.43;81.65;81.82
2026-07-05 21:00:00;81.08;82.22;80.79;81.8
2026-07-05 20:00:00;81.04;81.18;80.96;81.07
2026-07-05 19:00:00;81.01;81.13;80.81;81.04
2026-07-05 18:00:00;81.14;81.27;81;81.01
2026-07-05 17:00:00;81.09;81.38;81.01;81.14
2026-07-05 16:00:00;81.36;81.54;80.91;81.1
2026-07-05 15:00:00;81.45;81.75;81.12;81.36
2026-07-05 14:00:00;81.25;81.6;81.03;81.46
2026-07-05 13:00:00;80.76;81.25;80.69;81.25
2026-07-05 12:00:00;80.57;81.32;80.37;80.76
2026-07-05 11:00:00;80.44;80.66;80.36;80.57
2026-07-05 10:00:00;79.9;80.45;79.75;80.44
2026-07-05 09:00:00;80.5;80.55;79.68;79.9
2026-07-05 08:00:00;80.72;80.87;80.46;80.5
2026-07-05 07:00:00;80.6;80.77;80.37;80.72
2026-07-05 06:00:00;80.48;80.67;80.34;80.6
2026-07-05 05:00:00;80.59;80.59;80.24;80.48
2026-07-05 04:00:00;80.56;80.87;80.41;80.6
2026-07-05 03:00:00;80.37;80.61;80.35;80.56
2026-07-05 02:00:00;80.85;80.89;80.2;80.36
2026-07-05 01:00:00;81.31;81.46;80.54;80.84
2026-07-05 00:00:00;81.8;81.84;81.12;81.3
2026-07-04 23:00:00;81.93;81.94;81.45;81.8
2026-07-04 22:00:00;81.99;82.04;81.79;81.94
2026-07-04 21:00:00;81.99;82.23;81.85;82
2026-07-04 20:00:00;81.88;82.29;81.58;81.98
2026-07-04 19:00:00;82.27;82.34;81.71;81.88
2026-07-04 18:00:00;82.53;82.62;82.1;82.27
2026-07-04 17:00:00;82.21;82.83;81.9;82.52
2026-07-04 16:00:00;82.24;82.39;82;82.22
2026-07-04 15:00:00;81.8;82.42;81.72;82.23
2026-07-04 14:00:00;81.65;81.87;81.55;81.8
2026-07-04 13:00:00;81.59;81.92;81.39;81.66
2026-07-04 12:00:00;81.82;82;81.36;81.59
2026-07-04 11:00:00;81.64;81.93;81.53;81.82
2026-07-04 10:00:00;81.74;81.94;81.42;81.65
2026-07-04 09:00:00;82.31;82.34;81.61;81.74
2026-07-04 08:00:00;82.72;82.78;82.25;82.32
2026-07-04 07:00:00;82.55;82.83;82.26;82.72
2026-07-04 06:00:00;83.38;83.59;82.39;82.55
2026-07-04 05:00:00;83.47;83.49;82.9;83.38
2026-07-04 04:00:00;82.74;83.98;82.66;83.48
2026-07-04 03:00:00;82.18;82.85;82.05;82.74
2026-07-04 02:00:00;81.94;82.4;81.9;82.18
2026-07-04 01:00:00;82.39;82.39;81.8;81.95
2026-07-04 00:00:00;82.35;82.74;82.26;82.39
2026-07-03 23:00:00;82.35;82.51;82.18;82.34
2026-07-03 22:00:00;82.67;82.68;82.25;82.34
2026-07-03 21:00:00;82.72;83.05;82.16;82.66
2026-07-03 20:00:00;82.47;83;82.24;82.72
2026-07-03 19:00:00;82.12;83.22;82.08;82.48
2026-07-03 18:00:00;81.79;82.37;81.63;82.12
2026-07-03 17:00:00;81.54;81.98;81.47;81.78
2026-07-03 16:00:00;81.21;81.57;81.08;81.54
2026-07-03 15:00:00;81.69;82.06;81.15;81.21
2026-07-03 14:00:00;81.61;81.84;80.91;81.69
2026-07-03 13:00:00;81.54;81.85;81.43;81.61
2026-07-03 12:00:00;81.57;81.78;81.23;81.53
2026-07-03 11:00:00;81.55;81.71;81.25;81.58
2026-07-03 10:00:00;81.02;81.88;80.87;81.54
2026-07-03 09:00:00;80.91;81.3;80.67;81.02
2026-07-03 08:00:00;81.23;81.53;80.84;80.92
2026-07-03 07:00:00;80.97;81.51;80.83;81.22
2026-07-03 06:00:00;81.16;81.39;80.73;80.96
2026-07-03 05:00:00;80.5;81.26;80.47;81.15
2026-07-03 04:00:00;80.72;80.81;80.44;80.51
2026-07-03 03:00:00;80.81;80.98;80.34;80.73
2026-07-03 02:00:00;81.49;81.68;80.66;80.82
2026-07-03 01:00:00;80.74;81.69;80.71;81.48
2026-07-03 00:00:00;80.72;80.92;80.52;80.75
2026-07-02 23:00:00;80.66;80.78;80.5;80.73
2026-07-02 22:00:00;80.79;80.89;80.41;80.66
2026-07-02 21:00:00;81.03;81.17;80.5;80.8
2026-07-02 20:00:00;80.84;81.11;80.58;81.03
2026-07-02 19:00:00;81.04;81.32;80.8;80.83
2026-07-02 18:00:00;80.64;81.26;80.64;81.04
2026-07-02 17:00:00;80.55;81.24;80.51;80.63
2026-07-02 16:00:00;80.87;81.11;80.15;80.56
2026-07-02 15:00:00;80.54;80.92;80.09;80.86
2026-07-02 14:00:00;81.5;81.53;80.12;80.54
2026-07-02 13:00:00;81.4;81.99;80.72;81.51
2026-07-02 12:00:00;82.37;82.45;81.12;81.41
2026-07-02 11:00:00;82.09;82.78;81.51;82.38
2026-07-02 10:00:00;79.49;82.18;79.43;82.09
2026-07-02 09:00:00;78.48;79.8;78.29;79.5
2026-07-02 08:00:00;78;78.52;77.94;78.48
2026-07-02 07:00:00;77.91;78.2;77.59;77.99
2026-07-02 06:00:00;78.11;78.64;77.74;77.9
2026-07-02 05:00:00;78.28;78.36;77.79;78.11
2026-07-02 04:00:00;78.71;78.72;78.06;78.29
2026-07-02 03:00:00;78.44;78.96;77.76;78.72
2026-07-02 02:00:00;78.2;78.6;77.8;78.44
2026-07-02 01:00:00;77.27;78.71;77.23;78.2
2026-07-02 00:00:00;77.46;77.46;76.9;77.26
2026-07-01 23:00:00;77.86;77.9;77.26;77.46
2026-07-01 22:00:00;78.41;78.96;77.77;77.87
2026-07-01 21:00:00;77.43;78.7;77.43;78.42
2026-07-01 20:00:00;77.01;77.51;76.59;77.42
2026-07-01 19:00:00;77.42;77.69;76.8;77
2026-07-01 18:00:00;77.77;77.91;77.29;77.42
2026-07-01 17:00:00;77.17;77.98;76.85;77.77
2026-07-01 16:00:00;77.43;78.25;76.91;77.17
2026-07-01 15:00:00;76.97;77.8;76.82;77.43
2026-07-01 14:00:00;76.04;77.27;75.64;76.97
2026-07-01 13:00:00;74.61;76.34;74.61;76.04
2026-07-01 12:00:00;74.84;74.96;74.27;74.62
2026-07-01 11:00:00;74.99;75.32;74.64;74.84
2026-07-01 10:00:00;75.46;75.57;74.97;74.99
2026-07-01 09:00:00;75.44;75.58;75.05;75.45
2026-07-01 08:00:00;74.87;75.52;74.46;75.44
2026-07-01 07:00:00;74.32;74.96;74.1;74.87
2026-07-01 06:00:00;75.24;75.28;73.96;74.31
2026-07-01 05:00:00;75.56;75.79;75.14;75.25
2026-07-01 04:00:00;75.48;75.87;75.25;75.57
2026-07-01 03:00:00;74.78;75.69;74.35;75.48
2026-07-01 02:00:00;73.95;75.03;73.79;74.78
2026-07-01 01:00:00;73.65;74.36;72.25;73.95
2026-07-01 00:00:00;73.67;73.88;73.36;73.65
2026-06-30 23:00:00;73.44;73.71;73.32;73.67
2026-06-30 22:00:00;73.5;73.75;73.27;73.43
2026-06-30 21:00:00;73.69;73.8;73.19;73.49
2026-06-30 20:00:00;73.74;73.94;73.53;73.69
2026-06-30 19:00:00;73.6;73.97;73.35;73.75
2026-06-30 18:00:00;73.17;73.8;72.95;73.6
2026-06-30 17:00:00;73.52;73.93;73.16;73.18
2026-06-30 16:00:00;73.14;73.72;72.73;73.52
2026-06-30 15:00:00;72.96;74.1;72.6;73.13
2026-06-30 14:00:00;72.87;73.91;72.74;72.95
2026-06-30 13:00:00;72.08;72.94;71.9;72.88
2026-06-30 12:00:00;73.41;73.42;72.06;72.08
2026-06-30 11:00:00;73.69;73.78;73.34;73.4
2026-06-30 10:00:00;73.8;73.9;73.48;73.69
2026-06-30 09:00:00;73.63;73.88;73.55;73.8
2026-06-30 08:00:00;74.16;75.8;73.3;73.64
2026-06-30 07:00:00;74.17;74.25;73.86;74.16
2026-06-30 06:00:00;74.23;74.26;73.91;74.17
2026-06-30 05:00:00;74.03;74.23;73.85;74.23
2026-06-30 04:00:00;74.19;74.25;73.69;74.02
2026-06-30 03:00:00;74.6;74.89;74.14;74.19
2026-06-30 02:00:00;74.41;74.84;74.04;74.59
2026-06-30 01:00:00;74.43;74.67;74.05;74.41
2026-06-30 00:00:00;75.17;75.24;74.19;74.42
2026-06-29 23:00:00;75.28;75.44;74.89;75.16
2026-06-29 22:00:00;75.52;75.66;75.05;75.27
2026-06-29 21:00:00;75.38;75.8;75.23;75.53
2026-06-29 20:00:00;75.98;76;75.27;75.37
2026-06-29 19:00:00;75.6;76.22;75.41;75.98
2026-06-29 18:00:00;75.31;75.84;75.14;75.59
2026-06-29 17:00:00;74.02;76.49;74;75.31
2026-06-29 16:00:00;73.92;74.16;72.89;74.03
2026-06-29 15:00:00;73.74;74.43;72.79;73.92
2026-06-29 14:00:00;73.74;74.01;72.32;73.73
2026-06-29 13:00:00;73.52;74.35;72.72;73.74
2026-06-29 12:00:00;72.53;74.55;72.12;73.52
2026-06-29 11:00:00;73.25;73.28;72.25;72.52
2026-06-29 10:00:00;72.94;73.68;72.94;73.25
2026-06-29 09:00:00;72.72;73.17;72.61;72.94
2026-06-29 08:00:00;72.72;73.02;72.39;72.73
2026-06-29 07:00:00;72.39;72.93;72.08;72.72
2026-06-29 06:00:00;72.33;73.12;72.21;72.39
2026-06-29 05:00:00;71.69;72.35;71.03;72.32
2026-06-29 04:00:00;72.68;72.69;71.64;71.68
2026-06-29 03:00:00;72.19;73.33;72.18;72.68
2026-06-29 02:00:00;71.49;72.21;70.51;72.18
2026-06-29 01:00:00;71.66;71.7;70.95;71.49
2026-06-29 00:00:00;71.39;71.7;70.35;71.66
2026-06-28 23:00:00;70.23;71.82;70.14;71.38
2026-06-28 22:00:00;70.47;71.53;69.74;70.24
2026-06-28 21:00:00;70.92;71.07;70.26;70.46
2026-06-28 20:00:00;70.73;71.29;70.66;70.92
2026-06-28 19:00:00;71.18;71.32;70.25;70.74
2026-06-28 18:00:00;71.55;71.73;71;71.18
2026-06-28 17:00:00;71.56;71.98;70.97;71.55
2026-06-28 16:00:00;72.09;72.13;71.16;71.56
2026-06-28 15:00:00;71.66;72.12;71.45;72.09
2026-06-28 14:00:00;71.74;72.2;71.65;71.65
2026-06-28 13:00:00;71.87;72.1;71.33;71.74
2026-06-28 12:00:00;71.92;72.41;71.65;71.88
2026-06-28 11:00:00;71.48;72.03;71.41;71.92
2026-06-28 10:00:00;71.53;71.6;71.11;71.48
2026-06-28 09:00:00;71.91;72.05;71.45;71.54
2026-06-28 08:00:00;71.08;72.2;71.06;71.91
2026-06-28 07:00:00;70.45;71.09;70.44;71.08
2026-06-28 06:00:00;70.52;70.56;70.17;70.45
2026-06-28 05:00:00;70.77;70.77;70.14;70.52
2026-06-28 04:00:00;70.86;70.99;70.55;70.77
2026-06-28 03:00:00;70.72;70.98;70.72;70.87
2026-06-28 02:00:00;70.84;71.01;70.49;70.73
2026-06-28 01:00:00;70.72;70.93;70.44;70.83
2026-06-28 00:00:00;70.49;70.82;70.45;70.72
2026-06-27 23:00:00;71.09;71.16;70.42;70.5
2026-06-27 22:00:00;70.98;71.1;70.25;71.09
2026-06-27 21:00:00;71.31;71.63;70.81;70.98
2026-06-27 20:00:00;71.11;71.35;71.09;71.3
2026-06-27 19:00:00;71.92;72.01;70.94;71.11
2026-06-27 18:00:00;72.05;72.18;71.76;71.92
2026-06-27 17:00:00;72.64;72.65;71.9;72.06
2026-06-27 16:00:00;72.83;73.01;72.63;72.64
2026-06-27 15:00:00;72.71;73.19;72.62;72.84
2026-06-27 14:00:00;72.36;72.9;72.21;72.7
2026-06-27 13:00:00;72.17;72.61;72.13;72.36
2026-06-27 12:00:00;71.81;72.18;71.64;72.17
2026-06-27 11:00:00;72.04;72.09;71.53;71.81
2026-06-27 10:00:00;71.85;72.05;71.83;72.04
2026-06-27 09:00:00;72.03;72.11;71.72;71.86
2026-06-27 08:00:00;72.31;72.33;71.88;72.03
2026-06-27 07:00:00;72.13;72.35;72.01;72.31
2026-06-27 06:00:00;71.81;72.33;71.62;72.13
2026-06-27 05:00:00;71.93;72.03;71.51;71.81
2026-06-27 04:00:00;72.26;72.59;71.9;71.94
2026-06-27 03:00:00;72.11;72.43;71.84;72.27
2026-06-27 02:00:00;71.44;72.26;71.39;72.12
2026-06-27 01:00:00;71.83;71.83;71.36;71.44
2026-06-27 00:00:00;71.9;72.5;71.58;71.82
2026-06-26 23:00:00;71.82;72.02;71.68;71.9
2026-06-26 22:00:00;71.98;72.09;71.41;71.83
2026-06-26 21:00:00;72.18;72.4;71.8;71.99
2026-06-26 20:00:00;73.01;73.68;72.05;72.17
2026-06-26 19:00:00;72.6;73.93;72.48;73.01
2026-06-26 18:00:00;72.57;73.1;72.37;72.6
2026-06-26 17:00:00;72.49;72.88;72.18;72.56
2026-06-26 16:00:00;72.06;73.53;72.01;72.48
2026-06-26 15:00:00;70.47;72.24;70.31;72.07
2026-06-26 14:00:00;70.71;71.99;70.24;70.46
2026-06-26 13:00:00;68.87;70.94;68.19;70.71
2026-06-26 12:00:00;68.61;69.74;68.37;68.87
2026-06-26 11:00:00;68.78;69.1;68.39;68.61
2026-06-26 10:00:00;69.01;69.25;68.64;68.78
2026-06-26 09:00:00;69.95;69.95;68.85;69.01
2026-06-26 08:00:00;70.78;70.88;69.72;69.94
2026-06-26 07:00:00;70;70.99;69.93;70.77
2026-06-26 06:00:00;68.37;70.01;68.01;69.99
2026-06-26 05:00:00;68.07;68.47;67.97;68.38
2026-06-26 04:00:00;68.22;68.38;67.96;68.06
2026-06-26 03:00:00;66.21;68.5;65.91;68.21
2026-06-26 02:00:00;67.32;67.36;65.93;66.2
2026-06-26 01:00:00;67.74;67.91;67.14;67.32
2026-06-26 00:00:00;67.72;68.1;67.62;67.74
2026-06-25 23:00:00;67.16;68.81;67;67.72
2026-06-25 22:00:00;67.28;67.35;66.94;67.15
2026-06-25 21:00:00;66.28;67.31;66.27;67.28
2026-06-25 20:00:00;66.19;66.8;66.08;66.27
2026-06-25 19:00:00;66.19;66.22;65.65;66.2
2026-06-25 18:00:00;67.12;67.16;65.91;66.18
2026-06-25 17:00:00;65.98;67.35;65.82;67.13
2026-06-25 16:00:00;66.32;67.05;65.65;65.98
2026-06-25 15:00:00;66.37;66.39;65.24;66.32
2026-06-25 14:00:00;64.23;67.24;64.23;66.36
2026-06-25 13:00:00;68.29;68.45;64.04;64.23
2026-06-25 12:00:00;68.18;68.92;67.79;68.29
2026-06-25 11:00:00;68.3;68.44;68;68.18
2026-06-25 10:00:00;68.83;68.88;68.13;68.29
2026-06-25 09:00:00;69.06;69.19;68.8;68.83
2026-06-25 08:00:00;69.44;69.45;68.99;69.05
2026-06-25 07:00:00;69.48;69.58;69.24;69.45
2026-06-25 06:00:00;69.03;69.66;69.01;69.47
2026-06-25 05:00:00;68.47;69.31;68.35;69.04
2026-06-25 04:00:00;67.7;68.51;67.5;68.46
2026-06-25 03:00:00;67.75;67.87;67.47;67.7
2026-06-25 02:00:00;67.89;67.94;67.61;67.74
2026-06-25 01:00:00;67.72;68.01;67.4;67.89
2026-06-25 00:00:00;68.12;68.32;67.57;67.72
2026-06-24 23:00:00;67.84;68.2;67.76;68.11
2026-06-24 22:00:00;68.08;68.55;67.69;67.83
2026-06-24 21:00:00;67.69;68.12;67.22;68.09
2026-06-24 20:00:00;66.13;68.01;65.98;67.68
2026-06-24 19:00:00;66.04;66.39;65.54;66.13
2026-06-24 18:00:00;64.98;66.5;64.83;66.03
2026-06-24 17:00:00;66.52;66.92;64.71;64.98
2026-06-24 16:00:00;67.32;68.03;66.28;66.52
2026-06-24 15:00:00;68.86;68.9;67.24;67.33
2026-06-24 14:00:00;68.87;69.43;68.59;68.85
2026-06-24 13:00:00;69.46;69.5;68.37;68.88
2026-06-24 12:00:00;69.82;69.93;69.41;69.46
2026-06-24 11:00:00;69.05;70.44;68.77;69.82
2026-06-24 10:00:00;69.31;69.35;68.96;69.05
2026-06-24 09:00:00;69.48;69.55;69.2;69.31
2026-06-24 08:00:00;69.38;69.63;69.25;69.48
2026-06-24 07:00:00;69.75;69.79;69.28;69.38
2026-06-24 06:00:00;69.95;70.04;69.7;69.75
2026-06-24 05:00:00;69.59;70.22;69.52;69.95
2026-06-24 04:00:00;69.57;69.7;69;69.58
2026-06-24 03:00:00;69.46;69.77;69.1;69.56
2026-06-24 02:00:00;70.09;70.15;69.43;69.46
2026-06-24 01:00:00;70;70.41;69.67;70.09
2026-06-24 00:00:00;69.7;70.14;69.59;69.99
2026-06-23 23:00:00;69.56;69.82;69.31;69.71
2026-06-23 22:00:00;69.27;69.84;69.26;69.56
2026-06-23 21:00:00;69.02;69.31;68.97;69.27
2026-06-23 20:00:00;68.84;69.06;68.83;69.01
2026-06-23 19:00:00;68.9;69.11;68.73;68.84
2026-06-23 18:00:00;68.78;69.05;68.69;68.91
2026-06-23 17:00:00;68.89;69.19;68.64;68.78
2026-06-23 16:00:00;68.93;69.41;68.81;68.9
2026-06-23 15:00:00;69.2;69.2;68.4;68.92
2026-06-23 14:00:00;69.2;69.68;69.06;69.2
2026-06-23 13:00:00;68.98;69.37;68.64;69.2
2026-06-23 12:00:00;69.33;69.38;68.87;68.98
2026-06-23 11:00:00;68.82;69.38;68.82;69.33
2026-06-23 10:00:00;68.93;69.22;68.61;68.82
2026-06-23 09:00:00;68.71;69.06;68.68;68.93
2026-06-23 08:00:00;70.01;70.11;68.16;68.7
2026-06-23 07:00:00;70.33;70.56;69.97;70.01
2026-06-23 06:00:00;71.03;71.07;69.68;70.33
2026-06-23 05:00:00;71.46;71.6;70.9;71.02
2026-06-23 04:00:00;71.99;72.03;71.37;71.45
2026-06-23 03:00:00;71.99;72.01;71.73;72
2026-06-23 02:00:00;71.71;72.06;71.54;72
2026-06-23 01:00:00;71.89;72.04;71.31;71.72
2026-06-23 00:00:00;71.95;72.01;71.46;71.88
2026-06-22 23:00:00;72.11;72.17;71.82;71.95
2026-06-22 22:00:00;72.74;72.96;71.37;72.11
2026-06-22 21:00:00;72.82;72.89;72.28;72.73
2026-06-22 20:00:00;72.71;72.97;72.49;72.83
2026-06-22 19:00:00;72.64;72.81;72.45;72.71
2026-06-22 18:00:00;73.28;73.57;72.58;72.64
2026-06-22 17:00:00;72.95;73.34;72.63;73.28
2026-06-22 16:00:00;73.15;73.21;72.55;72.95
2026-06-22 15:00:00;73.45;73.8;72.98;73.14
2026-06-22 14:00:00;74.97;75;73.19;73.44
2026-06-22 13:00:00;74.42;74.98;74.24;74.98
2026-06-22 12:00:00;74.18;74.56;74;74.41
2026-06-22 11:00:00;73.77;74.44;73.64;74.17
2026-06-22 10:00:00;73.79;74.01;73.6;73.78
2026-06-22 09:00:00;73.89;74.03;73.57;73.8
2026-06-22 08:00:00;74.1;74.33;73.71;73.9
2026-06-22 07:00:00;73.72;74.48;73.67;74.1
2026-06-22 06:00:00;73.96;74.21;73.56;73.71
2026-06-22 05:00:00;73.87;74.15;73.8;73.95
2026-06-22 04:00:00;73.53;73.91;73.36;73.86
2026-06-22 03:00:00;73.84;74.06;73.29;73.52
2026-06-22 02:00:00;74.37;74.46;73.77;73.83
2026-06-22 01:00:00;73.37;74.99;73.27;74.37
2026-06-22 00:00:00;72.47;73.59;72.46;73.36
2026-06-21 23:00:00;73.05;73.1;72.31;72.46
2026-06-21 22:00:00;73.14;73.26;72.63;73.06
2026-06-21 21:00:00;73.43;73.47;72.42;73.15
2026-06-21 20:00:00;74.42;74.55;73.34;73.42
2026-06-21 19:00:00;74.21;74.47;74.11;74.42
2026-06-21 18:00:00;74.25;74.44;73.86;74.22
2026-06-21 17:00:00;74.34;74.64;74.04;74.24
2026-06-21 16:00:00;74.14;74.68;73.8;74.34
2026-06-21 15:00:00;74.11;74.29;73.91;74.14
2026-06-21 14:00:00;73.92;74.15;73.63;74.11
2026-06-21 13:00:00;73.65;73.93;73.47;73.91
2026-06-21 12:00:00;73.21;73.69;72.93;73.65
2026-06-21 11:00:00;73.91;74.04;73.07;73.21
2026-06-21 10:00:00;74.04;74.4;73.87;73.9
2026-06-21 09:00:00;73.16;74.1;73.08;74.05
2026-06-21 08:00:00;73.21;73.25;72.75;73.15
2026-06-21 07:00:00;73.25;73.45;73.07;73.21
2026-06-21 06:00:00;73.09;73.36;73.04;73.24
2026-06-21 05:00:00;73.44;73.52;73.01;73.09
2026-06-21 04:00:00;73.63;73.84;73.39;73.44
2026-06-21 03:00:00;73.34;73.86;73.13;73.63
2026-06-21 02:00:00;73.19;73.39;73.08;73.34
2026-06-21 01:00:00;73.2;73.32;72.88;73.19
2026-06-21 00:00:00;73.22;73.28;73.02;73.2
2026-06-20 23:00:00;73.56;73.65;73.21;73.22
2026-06-20 22:00:00;72.41;74.3;72.36;73.56
2026-06-20 21:00:00;72.02;72.45;71.96;72.41
2026-06-20 20:00:00;71.86;72.07;71.7;72.01
2026-06-20 19:00:00;71.75;71.92;71.6;71.86
2026-06-20 18:00:00;71.56;71.99;71.53;71.75
2026-06-20 17:00:00;71.67;71.68;71.09;71.55
2026-06-20 16:00:00;72.03;72.05;71.32;71.67
2026-06-20 15:00:00;71.94;72.62;71.49;72.02
2026-06-20 14:00:00;71.19;72.18;70.47;71.93
2026-06-20 13:00:00;71.55;71.58;70.75;71.19
2026-06-20 12:00:00;71.78;71.94;71.38;71.56
2026-06-20 11:00:00;71.69;72.1;71.45;71.78
2026-06-20 10:00:00;71.57;71.72;71.41;71.69
2026-06-20 09:00:00;71.34;71.63;71.21;71.57
2026-06-20 08:00:00;71.6;71.65;71.27;71.34
2026-06-20 07:00:00;72.12;72.15;71.45;71.6
2026-06-20 06:00:00;71.8;72.39;71.71;72.12
2026-06-20 05:00:00;70.87;72.46;70.72;71.8
2026-06-20 04:00:00;70;71.09;69.89;70.86
2026-06-20 03:00:00;69.66;70.11;69.62;70
2026-06-20 02:00:00;69.8;69.86;69.48;69.65
2026-06-20 01:00:00;69.62;69.95;69.54;69.8
2026-06-20 00:00:00;69.73;70.12;69.61;69.63
2026-06-19 23:00:00;69.43;69.87;69.24;69.74
2026-06-19 22:00:00;69.01;69.44;69;69.42
2026-06-19 21:00:00;69.25;69.31;68.91;69.02
2026-06-19 20:00:00;68.97;69.31;68.72;69.25
2026-06-19 19:00:00;69.05;69.16;68.78;68.97
2026-06-19 18:00:00;69.32;69.37;68.8;69.06
2026-06-19 17:00:00;68.72;69.52;68.63;69.31
2026-06-19 16:00:00;69.34;69.57;68.69;68.71
2026-06-19 15:00:00;69.14;69.54;68.93;69.33
2026-06-19 14:00:00;69.28;69.48;68.83;69.15
2026-06-19 13:00:00;68.62;69.58;68.4;69.28
2026-06-19 12:00:00;68.25;68.71;67.92;68.62
2026-06-19 11:00:00;68.31;68.47;68.09;68.25
2026-06-19 10:00:00;68.32;68.46;68.05;68.3
2026-06-19 09:00:00;68.69;68.76;68.22;68.33
2026-06-19 08:00:00;68.37;68.75;68.23;68.68
2026-06-19 07:00:00;68.75;68.77;67.98;68.38
2026-06-19 06:00:00;68.69;68.84;68.46;68.75
2026-06-19 05:00:00;68.33;68.75;68.32;68.7
2026-06-19 04:00:00;69.06;69.27;68.1;68.33
2026-06-19 03:00:00;69.65;69.74;68.64;69.05
2026-06-19 02:00:00;69.94;70.09;69.41;69.66
2026-06-19 01:00:00;69.8;70.03;69.54;69.94
2026-06-19 00:00:00;69.72;69.9;69.53;69.81
2026-06-18 23:00:00;69.51;69.79;69.27;69.71
2026-06-18 22:00:00;69.56;69.69;69.26;69.52
2026-06-18 21:00:00;69.81;69.9;69.41;69.57
2026-06-18 20:00:00;69.38;69.96;69.38;69.82
2026-06-18 19:00:00;68.66;69.53;68.57;69.37
2026-06-18 18:00:00;68.64;68.99;68.23;68.66
2026-06-18 17:00:00;69.07;69.15;68.5;68.64
2026-06-18 16:00:00;68.43;69.13;68.38;69.06
2026-06-18 15:00:00;71.08;71.1;68.35;68.44
2026-06-18 14:00:00;71.06;71.72;70.7;71.08
2026-06-18 13:00:00;71.57;71.8;70.73;71.05
2026-06-18 12:00:00;70.94;71.62;70.87;71.57
2026-06-18 11:00:00;71.39;71.56;70.72;70.94
2026-06-18 10:00:00;71.85;71.85;71.08;71.39
2026-06-18 09:00:00;71.86;72.16;71.75;71.85
2026-06-18 08:00:00;71.77;72.08;71.64;71.85
2026-06-18 07:00:00;71.35;71.85;71.16;71.78
2026-06-18 06:00:00;71.13;71.41;70.99;71.34
2026-06-18 05:00:00;71.05;71.14;70.64;71.14
2026-06-18 04:00:00;71.66;71.73;70.91;71.06
2026-06-18 03:00:00;72.53;72.55;71.54;71.65
2026-06-18 02:00:00;72.22;72.68;72.13;72.54
2026-06-18 01:00:00;72.22;72.64;72.09;72.21
2026-06-18 00:00:00;72.05;72.5;72.03;72.22
2026-06-17 23:00:00;71.71;72.13;71.69;72.05
2026-06-17 22:00:00;71.61;71.95;70.83;71.7
2026-06-17 21:00:00;72.19;72.23;71.38;71.62
2026-06-17 20:00:00;71.66;72.25;71.55;72.2
2026-06-17 19:00:00;73.49;73.71;71.43;71.66
2026-06-17 18:00:00;74.21;74.38;72.19;73.5
2026-06-17 17:00:00;73.77;74.35;73.47;74.22
2026-06-17 16:00:00;73.8;74.69;73.71;73.76
2026-06-17 15:00:00;72.39;73.87;72.36;73.81
2026-06-17 14:00:00;72.42;72.67;71.82;72.39
2026-06-17 13:00:00;72.33;72.77;72.16;72.43
2026-06-17 12:00:00;72.04;72.36;71.59;72.33
2026-06-17 11:00:00;72.15;72.24;71.71;72.04
2026-06-17 10:00:00;72.54;72.69;72.12;72.15
2026-06-17 09:00:00;72.34;72.67;72.31;72.54
2026-06-17 08:00:00;73.27;73.3;72.16;72.34
2026-06-17 07:00:00;73.41;73.61;72.99;73.26
2026-06-17 06:00:00;73.65;73.83;73.19;73.41
2026-06-17 05:00:00;73.84;74.01;73.44;73.65
2026-06-17 04:00:00;73.68;74.11;73.6;73.83
2026-06-17 03:00:00;74.05;74.06;73.52;73.68
2026-06-17 02:00:00;73.94;74.47;73.69;74.05
2026-06-17 01:00:00;73.37;74;73.17;73.93
2026-06-17 00:00:00;73.53;73.78;73.32;73.37
2026-06-16 23:00:00;73.85;73.97;73.42;73.52
2026-06-16 22:00:00;73.94;74.1;73.62;73.84
2026-06-16 21:00:00;74.14;74.22;73.73;73.94
2026-06-16 20:00:00;73.85;74.26;73.67;74.14
2026-06-16 19:00:00;74;74.23;73.48;73.84
2026-06-16 18:00:00;73.68;74.34;73.58;74
2026-06-16 17:00:00;73.11;73.84;73.06;73.67
2026-06-16 16:00:00;73.29;73.48;73.01;73.1
2026-06-16 15:00:00;72.97;73.65;72.87;73.29
2026-06-16 14:00:00;73.99;74.3;72.29;72.98
2026-06-16 13:00:00;74.94;74.97;73.87;73.99
2026-06-16 12:00:00;74.67;75.53;74.49;74.94
2026-06-16 11:00:00;74.7;74.9;74.38;74.66
2026-06-16 10:00:00;74.85;75.12;74.69;74.7
2026-06-16 09:00:00;75.39;75.46;74.81;74.85
2026-06-16 08:00:00;74.45;75.65;74.35;75.4
2026-06-16 07:00:00;74.19;74.54;74.13;74.46
2026-06-16 06:00:00;73.67;74.32;73.67;74.19
2026-06-16 05:00:00;73.37;73.84;73.36;73.67
2026-06-16 04:00:00;73.75;73.94;73.19;73.36
2026-06-16 03:00:00;73.02;73.81;72.87;73.74
2026-06-16 02:00:00;73.89;73.89;72.77;73.01
2026-06-16 01:00:00;74.05;74.35;73.85;73.88
2026-06-16 00:00:00;73.99;74.42;73.85;74.04
2026-06-15 23:00:00;73.77;74.07;73.62;73.98
2026-06-15 22:00:00;74.46;74.61;73.62;73.78
2026-06-15 21:00:00;74.95;75.03;74.4;74.45
2026-06-15 20:00:00;75.27;75.46;74.77;74.95
2026-06-15 19:00:00;75.3;75.81;74.58;75.28
2026-06-15 18:00:00;75.28;75.69;75.1;75.3
2026-06-15 17:00:00;75.47;75.48;74.65;75.28
2026-06-15 16:00:00;75.25;76.09;74.97;75.48
2026-06-15 15:00:00;73.81;75.26;73.79;75.25
2026-06-15 14:00:00;73.63;73.98;73.2;73.82
2026-06-15 13:00:00;72.85;74.23;72.72;73.64
2026-06-15 12:00:00;72.61;73;72.31;72.86
2026-06-15 11:00:00;71.88;72.82;71.65;72.61
2026-06-15 10:00:00;71.23;72.12;71.19;71.88
2026-06-15 09:00:00;71.3;71.48;70.8;71.23
2026-06-15 08:00:00;71.28;71.62;71.17;71.3
2026-06-15 07:00:00;71.36;71.5;71.12;71.28
2026-06-15 06:00:00;71.22;71.5;71.11;71.36
2026-06-15 05:00:00;70.92;71.31;70.81;71.22
2026-06-15 04:00:00;71.24;71.27;70.88;70.93
2026-06-15 03:00:00;70.98;71.37;70.91;71.24
2026-06-15 02:00:00;71;71.59;70.9;70.99
2026-06-15 01:00:00;71.13;71.35;70.66;71.01
2026-06-15 00:00:00;71.29;71.73;70.94;71.12
2026-06-14 23:00:00;70.45;71.29;70.15;71.28
2026-06-14 22:00:00;70.16;70.73;69.68;70.45
2026-06-14 21:00:00;67.8;70.55;67.8;70.16
2026-06-14 20:00:00;67.57;68.07;67.44;67.81
2026-06-14 19:00:00;67.43;67.75;67.35;67.57
2026-06-14 18:00:00;67.34;67.5;67.19;67.43
2026-06-14 17:00:00;67.48;67.74;67.3;67.34
2026-06-14 16:00:00;67.43;67.76;67.41;67.49
2026-06-14 15:00:00;67.27;67.55;67.26;67.43
2026-06-14 14:00:00;67.77;67.83;66.94;67.27
2026-06-14 13:00:00;67.78;67.87;67.51;67.77
2026-06-14 12:00:00;68.11;68.17;67.7;67.78
2026-06-14 11:00:00;68.16;68.35;68.02;68.11
2026-06-14 10:00:00;68.48;68.52;68.15;68.16
2026-06-14 09:00:00;68.25;68.5;67.92;68.47
2026-06-14 08:00:00;68.23;68.37;68.11;68.25
2026-06-14 07:00:00;68.2;68.25;68.04;68.23
2026-06-14 06:00:00;68.25;68.5;68.1;68.19
2026-06-14 05:00:00;68.53;68.6;67.88;68.24
2026-06-14 04:00:00;68.95;69.01;68.44;68.52
2026-06-14 03:00:00;68.83;69.04;68.76;68.94
2026-06-14 02:00:00;68.82;69.11;68.72;68.83
2026-06-14 01:00:00;68.75;69.1;68.64;68.82
2026-06-14 00:00:00;68.94;68.94;68.65;68.75
2026-06-13 23:00:00;68.9;69.18;68.79;68.94
2026-06-13 22:00:00;69.27;69.28;68.88;68.91
2026-06-13 21:00:00;68.28;69.59;68.23;69.27
2026-06-13 20:00:00;68.24;68.29;68.05;68.28
2026-06-13 19:00:00;68.13;68.4;68.03;68.23
2026-06-13 18:00:00;68;68.38;67.97;68.13
2026-06-13 17:00:00;68.09;68.28;67.84;68
2026-06-13 16:00:00;68.6;68.63;67.83;68.1
2026-06-13 15:00:00;68.29;68.71;68.18;68.6
2026-06-13 14:00:00;68.02;68.43;67.99;68.29
2026-06-13 13:00:00;67.98;68.45;67.83;68.02
2026-06-13 12:00:00;67.91;68.06;67.77;67.99
2026-06-13 11:00:00;67.44;67.96;67.38;67.9
2026-06-13 10:00:00;67.37;67.61;67.34;67.44
2026-06-13 09:00:00;67.32;67.54;67.29;67.37
2026-06-13 08:00:00;67.38;67.57;67.26;67.33
2026-06-13 07:00:00;67.16;67.47;66.96;67.37
2026-06-13 06:00:00;66.79;67.22;66.67;67.16
2026-06-13 05:00:00;66.67;66.88;66.59;66.79
2026-06-13 04:00:00;66.87;66.96;66.64;66.67
2026-06-13 03:00:00;66.97;67.05;66.7;66.88
2026-06-13 02:00:00;67.44;67.51;66.87;66.97
2026-06-13 01:00:00;67;67.51;66.98;67.45
2026-06-13 00:00:00;66.83;67.08;66.78;66.99
2026-06-12 23:00:00;66.64;66.83;66.48;66.82
2026-06-12 22:00:00;66.57;66.76;66.43;66.63
2026-06-12 21:00:00;66.69;66.95;66.47;66.57
2026-06-12 20:00:00;66.79;66.83;66.42;66.68
2026-06-12 19:00:00;67.07;67.42;66.68;66.78
2026-06-12 18:00:00;67.4;67.48;67.01;67.07
2026-06-12 17:00:00;68.02;68.22;67.27;67.4
2026-06-12 16:00:00;67.26;68.01;67.09;68.01
2026-06-12 15:00:00;67.93;68.82;67.18;67.25
2026-06-12 14:00:00;66.73;67.99;66.65;67.94
2026-06-12 13:00:00;66.77;67.01;66.37;66.72
2026-06-12 12:00:00;66.92;67;66.63;66.77
2026-06-12 11:00:00;66.79;67.1;66.78;66.93
2026-06-12 10:00:00;67.18;67.35;66.59;66.79
2026-06-12 09:00:00;66.92;67.49;66.85;67.17
2026-06-12 08:00:00;66.32;67.05;66.31;66.92
2026-06-12 07:00:00;66.12;66.49;66.12;66.32
2026-06-12 06:00:00;66.75;66.82;65.95;66.11
2026-06-12 05:00:00;67.07;67.08;66.63;66.74
2026-06-12 04:00:00;67.04;67.24;66.85;67.07
2026-06-12 03:00:00;67.15;67.18;66.68;67.04
2026-06-12 02:00:00;66.69;67.3;66.68;67.14
2026-06-12 01:00:00;66.87;66.87;66.42;66.7
2026-06-12 00:00:00;66.93;67.11;66.75;66.87
2026-06-11 23:00:00;66.89;67.13;66.69;66.93
2026-06-11 22:00:00;66.91;67.14;66.87;66.9
2026-06-11 21:00:00;66.6;67.1;66.58;66.91
2026-06-11 20:00:00;66.93;67.04;66.36;66.6
2026-06-11 19:00:00;66.8;67.42;66.6;66.93
2026-06-11 18:00:00;67.15;67.31;66.64;66.8
2026-06-11 17:00:00;65.39;67.19;65.05;67.15
2026-06-11 16:00:00;65.56;65.8;65.31;65.38
2026-06-11 15:00:00;65.35;65.87;65;65.55
2026-06-11 14:00:00;65.52;65.78;64.99;65.35
2026-06-11 13:00:00;65.26;65.74;65.06;65.53
2026-06-11 12:00:00;65.89;65.93;64.89;65.26
2026-06-11 11:00:00;65.5;66.15;65.33;65.88
2026-06-11 10:00:00;65.39;65.66;65.28;65.5
2026-06-11 09:00:00;65.31;65.56;65.01;65.38
2026-06-11 08:00:00;65.04;65.53;65.03;65.31
2026-06-11 07:00:00;65.12;65.18;64.77;65.04
2026-06-11 06:00:00;64.97;65.43;64.81;65.12
2026-06-11 05:00:00;65.21;65.26;64.95;64.97
2026-06-11 04:00:00;65.27;65.35;64.95;65.21
2026-06-11 03:00:00;64.53;65.48;64.33;65.27
2026-06-11 02:00:00;64.91;65;64.37;64.52
2026-06-11 01:00:00;63.67;65.16;63.67;64.9
2026-06-11 00:00:00;63.19;63.77;63.19;63.67
2026-06-10 23:00:00;62.78;63.31;62.46;63.19
2026-06-10 22:00:00;62.6;63.07;62.37;62.77
2026-06-10 21:00:00;63.32;63.32;62.34;62.59
2026-06-10 20:00:00;63.56;63.66;63.18;63.33
2026-06-10 19:00:00;63.84;63.95;63.39;63.56
2026-06-10 18:00:00;64.05;64.22;63.36;63.84
2026-06-10 17:00:00;64.62;64.97;63.63;64.04
2026-06-10 16:00:00;65.44;65.49;64.24;64.62
2026-06-10 15:00:00;65.07;65.77;64.56;65.44
2026-06-10 14:00:00;65.08;65.28;64.59;65.06
2026-06-10 13:00:00;64.12;65.54;64.01;65.08
2026-06-10 12:00:00;63.5;64.68;63.3;64.13
2026-06-10 11:00:00;63.68;63.77;62.95;63.49
2026-06-10 10:00:00;63.64;63.79;63.27;63.68
2026-06-10 09:00:00;63.62;63.76;63.07;63.64
2026-06-10 08:00:00;64.5;64.52;63.43;63.61
2026-06-10 07:00:00;64.21;64.8;64.14;64.5
2026-06-10 06:00:00;64.13;64.37;63.83;64.2
2026-06-10 05:00:00;64.29;64.38;63.92;64.13
2026-06-10 04:00:00;64.52;64.66;64.12;64.29
2026-06-10 03:00:00;64.31;64.86;64.27;64.51
2026-06-10 02:00:00;65.1;65.25;64.25;64.31
2026-06-10 01:00:00;65.18;65.32;64.81;65.09
2026-06-10 00:00:00;64.97;65.22;64.49;65.19
2026-06-09 23:00:00;64.89;65.18;64.69;64.96
2026-06-09 22:00:00;65.02;65.35;64.82;64.89
2026-06-09 21:00:00;65.63;65.65;64.88;65.02
2026-06-09 20:00:00;65.42;65.7;65.29;65.62
2026-06-09 19:00:00;65.29;65.65;65.05;65.41
2026-06-09 18:00:00;64.8;65.55;64.66;65.3
2026-06-09 17:00:00;64.15;65.17;64.09;64.79
2026-06-09 16:00:00;64.33;64.5;63.54;64.14
2026-06-09 15:00:00;65.08;65.31;64.26;64.33
2026-06-09 14:00:00;65.86;65.99;64.39;65.08
2026-06-09 13:00:00;66.22;66.38;65.6;65.86
2026-06-09 12:00:00;66.11;66.52;65.95;66.21
2026-06-09 11:00:00;66.41;66.47;65.9;66.11
2026-06-09 10:00:00;66.18;66.49;66;66.42
2026-06-09 09:00:00;66.6;66.83;66.08;66.18
2026-06-09 08:00:00;66.9;66.94;66.39;66.6
2026-06-09 07:00:00;67.06;67.34;66.62;66.89
2026-06-09 06:00:00;67.19;67.47;66.98;67.05
2026-06-09 05:00:00;67.02;67.39;66.7;67.18
2026-06-09 04:00:00;66.01;67.41;65.83;67.02
2026-06-09 03:00:00;65.92;66.1;65.68;66.01
2026-06-09 02:00:00;65.99;66.08;65.53;65.91
2026-06-09 01:00:00;65.41;66.08;65.39;65.99
2026-06-09 00:00:00;66.82;66.89;65.29;65.42
2026-06-08 23:00:00;67.2;67.42;66.65;66.82
2026-06-08 22:00:00;67.48;67.48;66.84;67.2
2026-06-08 21:00:00;67.48;68.17;67.42;67.48
2026-06-08 20:00:00;67.46;67.53;66.94;67.48
2026-06-08 19:00:00;67.43;67.82;67.28;67.46
2026-06-08 18:00:00;67.38;67.62;67.16;67.43
2026-06-08 17:00:00;66.95;67.39;66.56;67.38
2026-06-08 16:00:00;67.19;67.75;66.9;66.96
2026-06-08 15:00:00;67.28;67.82;67.06;67.18
2026-06-08 14:00:00;66.78;67.31;66.45;67.28
2026-06-08 13:00:00;67.26;67.29;66.42;66.78
2026-06-08 12:00:00;66.69;67.32;65.99;67.26
2026-06-08 11:00:00;66.21;67.06;66.04;66.68
2026-06-08 10:00:00;66.37;66.47;65.81;66.21
2026-06-08 09:00:00;65.63;66.39;65.6;66.38
2026-06-08 08:00:00;66.1;66.11;65.45;65.63
2026-06-08 07:00:00;65.68;66.23;65.38;66.11
2026-06-08 06:00:00;65.33;65.89;65.27;65.68
2026-06-08 05:00:00;65.44;65.65;64.98;65.34
2026-06-08 04:00:00;66.37;66.42;65.37;65.44
2026-06-08 03:00:00;66.46;66.75;66.18;66.37
2026-06-08 02:00:00;66.19;66.65;66.06;66.46
2026-06-08 01:00:00;66.72;66.81;65.4;66.19
2026-06-08 00:00:00;66.5;67.11;66.02;66.71
2026-06-07 23:00:00;65.82;66.67;65.77;66.5
2026-06-07 22:00:00;64.64;67.92;64.53;65.83
2026-06-07 21:00:00;64.69;64.93;64.31;64.63
2026-06-07 20:00:00;63.94;64.8;63.75;64.7
2026-06-07 19:00:00;64.96;64.98;63.64;63.95
2026-06-07 18:00:00;65.33;65.58;64.91;64.95
2026-06-07 17:00:00;65.15;65.62;65.09;65.32
2026-06-07 16:00:00;64.99;65.33;64.75;65.15
2026-06-07 15:00:00;64.92;65.24;64.63;64.99
2026-06-07 14:00:00;64.34;65.35;64.33;64.92
2026-06-07 13:00:00;64.33;64.44;64.09;64.34
2026-06-07 12:00:00;65.05;65.11;63.67;64.33
2026-06-07 11:00:00;64.67;65.25;64.55;65.04
2026-06-07 10:00:00;65.03;65.09;64.46;64.67
2026-06-07 09:00:00;65.96;66.11;64.85;65.02
2026-06-07 08:00:00;64.92;65.97;64.5;65.97
2026-06-07 07:00:00;64.85;65.02;64.61;64.93
2026-06-07 06:00:00;64.27;65;64.03;64.85
2026-06-07 05:00:00;64.09;64.5;63.9;64.26
2026-06-07 04:00:00;63.84;64.13;63.31;64.1
2026-06-07 03:00:00;63.55;64.15;63.41;63.84
2026-06-07 02:00:00;63.67;63.79;63.07;63.55
2026-06-07 01:00:00;62.11;63.86;62.04;63.67
2026-06-07 00:00:00;62.21;62.64;61.96;62.11
2026-06-06 23:00:00;61.72;62.3;61.68;62.2
2026-06-06 22:00:00;61.9;61.98;61.47;61.73
2026-06-06 21:00:00;61.85;62.38;61.83;61.91
2026-06-06 20:00:00;61.64;61.94;61.38;61.84
2026-06-06 19:00:00;61.74;62.2;61.62;61.64
2026-06-06 18:00:00;61.62;62.14;61.41;61.73
2026-06-06 17:00:00;62.13;62.28;61.46;61.63
2026-06-06 16:00:00;62.04;62.4;61.38;62.13
2026-06-06 15:00:00;62.33;62.48;61.32;62.03
2026-06-06 14:00:00;62.45;62.93;62.3;62.33
2026-06-06 13:00:00;62.93;63.06;62.17;62.45
2026-06-06 12:00:00;62.46;63.11;62.04;62.92
2026-06-06 11:00:00;61.84;62.69;61.77;62.46
2026-06-06 10:00:00;62.7;62.71;61.2;61.84
2026-06-06 09:00:00;63.17;63.56;62.49;62.71
2026-06-06 08:00:00;62.79;63.6;62.54;63.18
2026-06-06 07:00:00;62.22;63.16;62.06;62.78
2026-06-06 06:00:00;62.62;63.35;62.08;62.22
2026-06-06 05:00:00;60.89;62.72;60.13;62.62
2026-06-06 04:00:00;62.84;63.12;60.35;60.88
2026-06-06 03:00:00;63.52;63.54;62.58;62.84
2026-06-06 02:00:00;63.86;63.96;63.27;63.53
2026-06-06 01:00:00;64.68;64.86;63.78;63.85
2026-06-06 00:00:00;63.64;64.83;63.63;64.68
2026-06-05 23:00:00;64.41;64.79;62.64;63.64
2026-06-05 22:00:00;64.88;64.91;63.78;64.41
2026-06-05 21:00:00;64.63;65.42;64.53;64.89
2026-06-05 20:00:00;63.44;64.82;62.68;64.64
2026-06-05 19:00:00;62.9;63.84;61.48;63.44
2026-06-05 18:00:00;65.1;65.39;62.63;62.91
2026-06-05 17:00:00;65.86;66.06;64.8;65.09
2026-06-05 16:00:00;64.25;65.98;63.18;65.86
2026-06-05 15:00:00;65.27;65.34;63.78;64.24
2026-06-05 14:00:00;64.33;65.85;63.94;65.27
2026-06-05 13:00:00;65.82;66.83;64.3;64.32
2026-06-05 12:00:00;66.08;66.37;65.2;65.83
2026-06-05 11:00:00;66.41;66.8;65.84;66.08
2026-06-05 10:00:00;66.56;66.74;66.16;66.42
2026-06-05 09:00:00;65.32;66.62;65.31;66.55
2026-06-05 08:00:00;66.18;66.2;65.1;65.31
2026-06-05 07:00:00;65.05;66.31;63.93;66.18
2026-06-05 06:00:00;66.24;66.56;63.87;65.05
2026-06-05 05:00:00;67.95;68.1;66.07;66.24
2026-06-05 04:00:00;67.1;68.01;66.52;67.94
2026-06-05 03:00:00;67.33;67.87;66.94;67.09
2026-06-05 02:00:00;68.52;68.62;67.21;67.33
2026-06-05 01:00:00;68.3;68.82;67.58;68.52
2026-06-05 00:00:00;68.87;69.1;68.27;68.31
2026-06-04 23:00:00;68.48;68.93;68;68.88
2026-06-04 22:00:00;67.79;68.58;67.57;68.49
2026-06-04 21:00:00;68.81;69.06;67.61;67.8
2026-06-04 20:00:00;69.09;69.15;68.44;68.82
2026-06-04 19:00:00;69.49;69.71;69.03;69.1
2026-06-04 18:00:00;69.25;69.89;68.65;69.5
2026-06-04 17:00:00;69.41;69.74;68.48;69.25
2026-06-04 16:00:00;69.64;69.67;68.98;69.41
2026-06-04 15:00:00;69.76;70.5;69.38;69.64
2026-06-04 14:00:00;70.38;70.64;69.56;69.77
2026-06-04 13:00:00;70.12;70.58;69.02;70.38
2026-06-04 12:00:00;68.69;70.38;68.32;70.12
2026-06-04 11:00:00;67.89;68.71;67.37;68.7
2026-06-04 10:00:00;68.87;68.94;67.51;67.89
2026-06-04 09:00:00;69.24;69.27;67.74;68.86
2026-06-04 08:00:00;69.16;69.44;68.33;69.25
2026-06-04 07:00:00;70.36;70.4;69.14;69.15
2026-06-04 06:00:00;70.34;71.21;70.26;70.35
2026-06-04 05:00:00;70.89;70.89;69.91;70.35
2026-06-04 04:00:00;71.49;71.8;70.8;70.9
2026-06-04 03:00:00;70.07;71.65;70.04;71.48
2026-06-04 02:00:00;68.63;70.47;66.8;70.07
2026-06-04 01:00:00;70.76;70.96;68.42;68.63
2026-06-04 00:00:00;71.61;72.09;70.33;70.75
2026-06-03 23:00:00;72.22;72.28;71.57;71.61
2026-06-03 22:00:00;72.81;73.18;71.94;72.22
2026-06-03 21:00:00;71.22;72.86;71.03;72.82
2026-06-03 20:00:00;71.99;72.43;70.93;71.23
2026-06-03 19:00:00;73.1;73.17;71.71;71.99
2026-06-03 18:00:00;73.17;73.49;72.46;73.09
2026-06-03 17:00:00;73.01;74.1;72.4;73.17
2026-06-03 16:00:00;73.31;73.48;72.02;73.01
2026-06-03 15:00:00;74.46;74.48;73.24;73.31
2026-06-03 14:00:00;74.56;74.61;73.84;74.46
2026-06-03 13:00:00;75.19;75.37;74.39;74.57
2026-06-03 12:00:00;75.12;75.27;74.68;75.18
2026-06-03 11:00:00;75.55;75.71;75;75.12
2026-06-03 10:00:00;75.01;75.6;74.97;75.55
2026-06-03 09:00:00;75;75.41;74.73;75.01
2026-06-03 08:00:00;75.26;75.33;74.86;75.01
2026-06-03 07:00:00;74.86;75.4;74.76;75.27
2026-06-03 06:00:00;74.75;75.33;74.67;74.86
2026-06-03 05:00:00;74.06;74.92;74.05;74.75
2026-06-03 04:00:00;72.71;74.11;72.69;74.06
2026-06-03 03:00:00;74.41;74.54;72.28;72.71
2026-06-03 02:00:00;74.75;74.81;74.21;74.4
2026-06-03 01:00:00;74.85;75.05;74.15;74.75
2026-06-03 00:00:00;74.23;75.13;74;74.85
2026-06-02 23:00:00;73.68;74.32;72.73;74.23
2026-06-02 22:00:00;75.66;75.67;73.37;73.67
2026-06-02 21:00:00;75.44;76.08;75.33;75.67
2026-06-02 20:00:00;75.53;75.95;74.77;75.44
2026-06-02 19:00:00;76.16;76.27;74.5;75.53
2026-06-02 18:00:00;76.84;77.08;75.81;76.15
2026-06-02 17:00:00;76.72;77.19;76.48;76.84
2026-06-02 16:00:00;76.38;77.67;76.15;76.71
2026-06-02 15:00:00;77.44;77.49;75.58;76.38
2026-06-02 14:00:00;78.95;78.99;76.75;77.44
2026-06-02 13:00:00;78.97;79.22;78.8;78.95
2026-06-02 12:00:00;78.93;79.16;78.66;78.98
2026-06-02 11:00:00;79.43;79.45;78.85;78.94
2026-06-02 10:00:00;79.11;79.48;78.97;79.44
2026-06-02 09:00:00;79.62;79.64;78.78;79.1
2026-06-02 08:00:00;79.67;79.8;79.45;79.61
2026-06-02 07:00:00;79.6;79.94;79.16;79.67
2026-06-02 06:00:00;79.63;79.82;79.33;79.59
2026-06-02 05:00:00;80.44;80.59;79.57;79.63
2026-06-02 04:00:00;80.92;81.02;80.38;80.44
2026-06-02 03:00:00;80.78;81.05;80.64;80.92
2026-06-02 02:00:00;80.11;80.78;79.41;80.78
2026-06-02 01:00:00;80.89;81.01;80.04;80.11
2026-06-02 00:00:00;81.28;81.3;80.87;80.89
2026-06-01 23:00:00;81.41;81.65;81.07;81.28
2026-06-01 22:00:00;80.67;81.48;80.32;81.4
2026-06-01 21:00:00;81.14;81.14;80.5;80.68
2026-06-01 20:00:00;81.19;81.24;80.96;81.13
2026-06-01 19:00:00;80.86;81.31;80.6;81.2
2026-06-01 18:00:00;80.92;81.22;80.58;80.86
2026-06-01 17:00:00;80.4;81.21;80.29;80.93
2026-06-01 16:00:00;79.61;80.46;79.11;80.41
2026-06-01 15:00:00;79.71;80.05;79.2;79.6
2026-06-01 14:00:00;79.84;80.11;79.43;79.71
2026-06-01 13:00:00;80.82;80.86;79.28;79.84
2026-06-01 12:00:00;80.82;81.07;80.23;80.82
2026-06-01 11:00:00;81.1;81.26;80.6;80.81
2026-06-01 10:00:00;81.08;81.19;80.83;81.1
2026-06-01 09:00:00;80.99;81.29;80.99;81.08
2026-06-01 08:00:00;80.74;81.05;80.46;80.99
2026-06-01 07:00:00;81.45;81.58;80.63;80.74
2026-06-01 06:00:00;81.82;81.87;81.13;81.45
2026-06-01 05:00:00;82.03;82.11;81.63;81.82
2026-06-01 04:00:00;82.63;82.78;81.77;82.04
2026-06-01 03:00:00;82.68;82.99;82.56;82.63
2026-06-01 02:00:00;81.76;82.9;81.63;82.68
2026-06-01 01:00:00;82.83;82.87;81.75;81.76
2026-06-01 00:00:00;82.45;83.1;82.37;82.83
2026-05-31 23:00:00;82.52;82.92;81.95;82.44
2026-05-31 22:00:00;82.31;82.69;82.04;82.53
2026-05-31 21:00:00;81.97;82.37;81.88;82.3
2026-05-31 20:00:00;81.59;82.01;81.59;81.97
2026-05-31 19:00:00;81.75;81.8;81.33;81.58
2026-05-31 18:00:00;81.87;81.87;81.61;81.76
2026-05-31 17:00:00;81.58;81.9;81.46;81.87
2026-05-31 16:00:00;81.88;82.04;81.42;81.59
2026-05-31 15:00:00;81.96;82.27;81.81;81.88
2026-05-31 14:00:00;82.76;82.77;81.79;81.96
2026-05-31 13:00:00;82.82;83.12;82.66;82.77
2026-05-31 12:00:00;82.76;82.94;82.57;82.82
2026-05-31 11:00:00;82.71;82.85;82.67;82.76
2026-05-31 10:00:00;82.75;82.75;82.49;82.71
2026-05-31 09:00:00;82.8;83.05;82.64;82.75
2026-05-31 08:00:00;82.67;82.86;82.59;82.81
2026-05-31 07:00:00;82.96;82.96;82.52;82.66
2026-05-31 06:00:00;83.03;83.03;82.84;82.95
2026-05-31 05:00:00;83.21;83.22;83;83.03
2026-05-31 04:00:00;83.24;83.3;83.09;83.22
2026-05-31 03:00:00;83.16;83.35;83.1;83.25
2026-05-31 02:00:00;83.03;83.42;82.88;83.15
2026-05-31 01:00:00;82.93;83.25;82.92;83.02
2026-05-31 00:00:00;82.74;82.96;82.62;82.93
2026-05-30 23:00:00;82.64;82.89;82.52;82.73
2026-05-30 22:00:00;83.02;83.02;82.45;82.65
2026-05-30 21:00:00;82.96;83.17;82.91;83.02
2026-05-30 20:00:00;82.99;83.08;82.86;82.96
2026-05-30 19:00:00;83.02;83.05;82.78;82.99
2026-05-30 18:00:00;83.05;83.14;82.87;83.03
2026-05-30 17:00:00;82.88;83.06;82.63;83.05
2026-05-30 16:00:00;82.68;82.92;82.63;82.89
2026-05-30 15:00:00;82.63;82.92;82.48;82.69
2026-05-30 14:00:00;82.48;82.79;82.43;82.63
2026-05-30 13:00:00;82.43;82.57;82.25;82.48
2026-05-30 12:00:00;82.33;82.44;82.25;82.43
2026-05-30 11:00:00;82.39;82.55;82.22;82.33
2026-05-30 10:00:00;82.34;82.51;82.3;82.38
2026-05-30 09:00:00;82.23;82.39;82.2;82.34
2026-05-30 08:00:00;82.37;82.41;82.19;82.23
2026-05-30 07:00:00;82.48;82.52;82.26;82.37
2026-05-30 06:00:00;82.59;82.74;82.39;82.47
2026-05-30 05:00:00;82.32;82.77;82.2;82.6
2026-05-30 04:00:00;82.67;82.8;81.86;82.33
2026-05-30 03:00:00;82.97;83.1;82.62;82.67
2026-05-30 02:00:00;82.82;83.03;82.77;82.98
2026-05-30 01:00:00;82.3;83;82.22;82.82
2026-05-30 00:00:00;82.04;82.35;81.94;82.29
2026-05-29 23:00:00;81.98;82.11;81.76;82.04
2026-05-29 22:00:00;81.71;82.02;81.62;81.99
2026-05-29 21:00:00;82.23;82.4;81.7;81.71
2026-05-29 20:00:00;82.06;82.39;82.01;82.22
2026-05-29 19:00:00;82.06;82.41;81.6;82.06
2026-05-29 18:00:00;82.8;83;81.82;82.07
2026-05-29 17:00:00;82.93;83.22;82.67;82.79
2026-05-29 16:00:00;82.58;83.13;82.2;82.93
2026-05-29 15:00:00;81.33;83.24;81.2;82.59
2026-05-29 14:00:00;81.44;81.58;80.35;81.33
2026-05-29 13:00:00;81.48;81.78;81.1;81.44
2026-05-29 12:00:00;81.76;81.79;81.31;81.48
2026-05-29 11:00:00;82.15;82.21;81.52;81.77
2026-05-29 10:00:00;82.44;82.45;82.09;82.15
2026-05-29 09:00:00;82.23;82.65;82.21;82.44
2026-05-29 08:00:00;82.25;82.49;82.18;82.22
2026-05-29 07:00:00;82.31;82.46;81.92;82.24
2026-05-29 06:00:00;82.06;82.49;82.02;82.31
2026-05-29 05:00:00;81.93;82.2;81.82;82.07
2026-05-29 04:00:00;81.62;81.94;81.36;81.93
2026-05-29 03:00:00;81.57;81.96;81.52;81.61
2026-05-29 02:00:00;82.21;82.32;81.47;81.57
2026-05-29 01:00:00;82.33;82.48;82.06;82.21
2026-05-29 00:00:00;82.12;82.48;82.12;82.33
2026-05-28 23:00:00;82.03;82.28;82;82.11
2026-05-28 22:00:00;82.44;82.63;81.91;82.04
2026-05-28 21:00:00;82.3;82.7;82.22;82.44
2026-05-28 20:00:00;82.18;82.6;81.78;82.3
2026-05-28 19:00:00;82.89;82.89;82.17;82.19
2026-05-28 18:00:00;82.3;83.01;82.25;82.9
2026-05-28 17:00:00;82.08;82.64;81.84;82.3
2026-05-28 16:00:00;81.15;82.18;80.91;82.07
2026-05-28 15:00:00;81.2;81.38;80.56;81.14
2026-05-28 14:00:00;80.79;81.66;80.02;81.19
2026-05-28 13:00:00;81.14;81.36;80.53;80.79
2026-05-28 12:00:00;80.88;81.25;80.59;81.13
2026-05-28 11:00:00;80.75;80.93;80.6;80.88
2026-05-28 10:00:00;81.23;81.32;80.72;80.75
2026-05-28 09:00:00;80.99;81.32;80.83;81.22
2026-05-28 08:00:00;81.26;81.3;80.83;80.99
2026-05-28 07:00:00;80.97;81.3;80.86;81.26
2026-05-28 06:00:00;80.7;81.12;80.53;80.97
2026-05-28 05:00:00;80.9;81;80.42;80.7
2026-05-28 04:00:00;80.7;80.98;80;80.9
2026-05-28 03:00:00;82.11;82.25;80.5;80.7
2026-05-28 02:00:00;82.28;82.44;82;82.1
2026-05-28 01:00:00;82.72;82.76;81.93;82.27
2026-05-28 00:00:00;82.43;82.74;82.36;82.71
2026-05-27 23:00:00;82.46;82.7;82.2;82.44
2026-05-27 22:00:00;82.49;83.03;82.22;82.47
2026-05-27 21:00:00;83.82;83.82;82.1;82.49
2026-05-27 20:00:00;83.92;84.14;83.76;83.82
2026-05-27 19:00:00;83.94;84.14;83.87;83.91
2026-05-27 18:00:00;83.4;83.99;83.2;83.94
2026-05-27 17:00:00;84.18;84.2;83.16;83.41
2026-05-27 16:00:00;84.44;84.75;83.87;84.18
2026-05-27 15:00:00;83.91;84.84;83.88;84.44
2026-05-27 14:00:00;83.64;84.12;83.22;83.91
2026-05-27 13:00:00;83.94;84.06;82.98;83.63
2026-05-27 12:00:00;83.95;84.68;83.55;83.95
2026-05-27 11:00:00;83.95;84.23;83.91;83.94
2026-05-27 10:00:00;83.78;84.09;83.67;83.95
2026-05-27 09:00:00;83.93;83.96;83.6;83.78
2026-05-27 08:00:00;84.2;84.42;83.89;83.93
2026-05-27 07:00:00;84.06;84.21;83.89;84.21
2026-05-27 06:00:00;83.89;84.07;83.74;84.06
2026-05-27 05:00:00;83.64;83.93;83.57;83.89
2026-05-27 04:00:00;83.62;83.68;82.86;83.64
2026-05-27 03:00:00;83.96;84.07;83.48;83.63
2026-05-27 02:00:00;83.85;83.96;83.55;83.96
2026-05-27 01:00:00;84.13;84.19;83.8;83.86
2026-05-27 00:00:00;83.73;84.18;83.72;84.14
2026-05-26 23:00:00;83.66;83.85;83.63;83.72
2026-05-26 22:00:00;83.7;83.88;83.54;83.65
2026-05-26 21:00:00;83.94;83.97;83.57;83.7
2026-05-26 20:00:00;83.8;83.98;83.74;83.94
2026-05-26 19:00:00;83.63;84.02;83.36;83.8
2026-05-26 18:00:00;83.59;84.09;83.49;83.63
2026-05-26 17:00:00;84.23;84.39;83.15;83.59
2026-05-26 16:00:00;84.49;84.57;83.95;84.23
2026-05-26 15:00:00;85.23;85.36;84.03;84.49
2026-05-26 14:00:00;85.51;86.13;84.77;85.24
2026-05-26 13:00:00;85.32;85.77;84.69;85.5
2026-05-26 12:00:00;85.22;85.4;84.81;85.32
2026-05-26 11:00:00;85.57;85.66;85.21;85.21
2026-05-26 10:00:00;84.47;85.8;84.36;85.56
2026-05-26 09:00:00;84.44;84.72;84.29;84.48
2026-05-26 08:00:00;84.36;84.57;84.34;84.44
2026-05-26 07:00:00;84.61;84.63;84.1;84.35
2026-05-26 06:00:00;84.66;84.83;84.4;84.6
2026-05-26 05:00:00;84.37;84.97;84.28;84.67
2026-05-26 04:00:00;84.23;84.52;84.01;84.37
2026-05-26 03:00:00;84.03;84.27;83.85;84.22
2026-05-26 02:00:00;84.12;84.23;83.9;84.03
2026-05-26 01:00:00;84.4;84.57;83.85;84.11
2026-05-26 00:00:00;85.06;85.09;83.9;84.4
2026-05-25 23:00:00;84.8;85.21;84.73;85.06
2026-05-25 22:00:00;85.38;85.54;84.71;84.81
2026-05-25 21:00:00;85.4;85.56;85.27;85.38
2026-05-25 20:00:00;85.64;85.87;85.3;85.41
2026-05-25 19:00:00;85.91;85.92;85.52;85.64
2026-05-25 18:00:00;86.12;86.3;85.88;85.91
2026-05-25 17:00:00;86.26;86.38;86.06;86.13
2026-05-25 16:00:00;86.26;86.44;85.98;86.27
2026-05-25 15:00:00;86.34;86.52;86.06;86.26
2026-05-25 14:00:00;86.01;86.45;85.9;86.34
2026-05-25 13:00:00;85.87;86.03;85.77;86.01
2026-05-25 12:00:00;85.77;86.07;85.66;85.87
2026-05-25 11:00:00;86.07;86.14;85.7;85.76
2026-05-25 10:00:00;85.94;86.11;85.9;86.08
2026-05-25 09:00:00;86.03;86.22;85.93;85.94
2026-05-25 08:00:00;85.95;86.08;85.75;86.02
2026-05-25 07:00:00;85.99;86.16;85.48;85.96
2026-05-25 06:00:00;85.99;86.19;85.65;85.99
2026-05-25 05:00:00;85.85;86.18;85.76;85.98
2026-05-25 04:00:00;84.95;85.93;84.93;85.84
2026-05-25 03:00:00;85.08;85.18;84.8;84.95
2026-05-25 02:00:00;84.87;85.85;84.87;85.08
2026-05-25 01:00:00;85.5;85.59;84.83;84.87
2026-05-25 00:00:00;85.27;85.67;85.26;85.5
2026-05-24 23:00:00;85;85.52;85;85.27
2026-05-24 22:00:00;83.96;85.33;83.94;84.99
2026-05-24 21:00:00;84.76;84.96;83.7;83.97
2026-05-24 20:00:00;85.38;85.43;84.49;84.76
2026-05-24 19:00:00;85.41;85.51;85.23;85.37
2026-05-24 18:00:00;85.64;85.68;85.27;85.4
2026-05-24 17:00:00;85.65;85.79;85.49;85.65
2026-05-24 16:00:00;85.3;85.88;85.11;85.64
2026-05-24 15:00:00;85.25;85.46;85.14;85.31
2026-05-24 14:00:00;85.9;86.01;84.48;85.25
2026-05-24 13:00:00;86.36;86.46;85.73;85.9
2026-05-24 12:00:00;86.67;86.69;86.18;86.35
2026-05-24 11:00:00;86.5;86.92;86.41;86.66
2026-05-24 10:00:00;86.55;86.73;86.24;86.5
2026-05-24 09:00:00;86.51;87;86.37;86.55
2026-05-24 08:00:00;86.07;86.54;86.01;86.51
2026-05-24 07:00:00;86.46;86.7;86;86.07
2026-05-24 06:00:00;86.16;86.49;85.93;86.45
2026-05-24 05:00:00;85.94;86.18;85.58;86.16
2026-05-24 04:00:00;85.81;86.12;85.78;85.93
2026-05-24 03:00:00;85.99;86.13;85.63;85.81
2026-05-24 02:00:00;86.02;86.11;85.7;85.98
2026-05-24 01:00:00;85.89;86.23;85.87;86.01
2026-05-24 00:00:00;85.76;86.03;85.62;85.89
2026-05-23 23:00:00;85.81;85.94;85.67;85.75
2026-05-23 22:00:00;86.28;86.61;85.52;85.81
2026-05-23 21:00:00;87.08;87.5;86;86.28
2026-05-23 20:00:00;84.97;87.09;84.8;87.08
2026-05-23 19:00:00;84.72;85.11;84.62;84.96
2026-05-23 18:00:00;84.22;85.14;84.17;84.71
2026-05-23 17:00:00;84.11;84.35;83.99;84.21
2026-05-23 16:00:00;84.09;84.31;83.93;84.11
2026-05-23 15:00:00;84.14;84.54;83.63;84.1
2026-05-23 14:00:00;83.23;84.47;83.1;84.13
2026-05-23 13:00:00;82.5;83.49;82.49;83.22
2026-05-23 12:00:00;82.3;82.56;82.15;82.49
2026-05-23 11:00:00;82.27;82.49;82.23;82.31
2026-05-23 10:00:00;82.01;82.39;82.01;82.26
2026-05-23 09:00:00;82.13;82.25;81.99;82.01
2026-05-23 08:00:00;82.25;82.36;81.63;82.13
2026-05-23 07:00:00;84.27;84.33;81.5;82.25
2026-05-23 06:00:00;84.45;84.49;84.18;84.27
2026-05-23 05:00:00;84.41;84.47;84.18;84.46
2026-05-23 04:00:00;84.69;84.72;84.35;84.42
2026-05-23 03:00:00;84.53;84.75;84.49;84.68
2026-05-23 02:00:00;84.53;84.86;84.21;84.54
2026-05-23 01:00:00;84.44;84.65;84.32;84.53
2026-05-23 00:00:00;84.4;84.55;84.07;84.44
2026-05-22 23:00:00;84.95;85.15;84;84.4
2026-05-22 22:00:00;85.17;85.22;84.78;84.96
2026-05-22 21:00:00;84.99;85.28;84.93;85.17
2026-05-22 20:00:00;84.55;85.07;84.55;85
2026-05-22 19:00:00;85.46;85.63;84;84.55
2026-05-22 18:00:00;86.63;86.69;84.62;85.46
2026-05-22 17:00:00;86.92;87.19;86.5;86.63
2026-05-22 16:00:00;86.76;87;86.66;86.92
2026-05-22 15:00:00;86.61;86.98;86.27;86.77
2026-05-22 14:00:00;87.39;87.39;86.37;86.62
2026-05-22 13:00:00;87.76;87.85;87.1;87.4
2026-05-22 12:00:00;87.33;87.77;87.25;87.76
2026-05-22 11:00:00;87;87.33;86.72;87.32
2026-05-22 10:00:00;87.26;87.28;86.89;86.99
2026-05-22 09:00:00;87.15;87.4;87.05;87.27
2026-05-22 08:00:00;86.98;87.53;86.87;87.14
2026-05-22 07:00:00;86.72;87.15;86.53;86.97
2026-05-22 06:00:00;86.81;86.85;86.52;86.71
2026-05-22 05:00:00;86.98;87.15;86.73;86.81
2026-05-22 04:00:00;87.04;87.38;86.93;86.98
2026-05-22 03:00:00;87.17;87.31;86.92;87.03
2026-05-22 02:00:00;87.08;87.26;86.99;87.17
2026-05-22 01:00:00;86.84;87.1;86.59;87.08
2026-05-22 00:00:00;87.35;87.36;86.81;86.85
2026-05-21 23:00:00;87.19;87.38;87.02;87.36
2026-05-21 22:00:00;87.35;87.5;87.13;87.19
2026-05-21 21:00:00;87.56;87.71;87.31;87.35
2026-05-21 20:00:00;87.83;87.92;87.49;87.55
2026-05-21 19:00:00;87.07;87.88;87.07;87.83
2026-05-21 18:00:00;87.59;87.79;86.78;87.07
2026-05-21 17:00:00;86.27;88;86.18;87.59
2026-05-21 16:00:00;86.46;86.59;86.04;86.26
2026-05-21 15:00:00;86.01;86.9;85.9;86.46
2026-05-21 14:00:00;86.07;86.47;85.62;86.01
2026-05-21 13:00:00;85.75;86.13;85.32;86.07
2026-05-21 12:00:00;85.58;85.85;85.42;85.75
2026-05-21 11:00:00;85.75;85.94;85.57;85.58
2026-05-21 10:00:00;86.49;86.68;85.71;85.74
2026-05-21 09:00:00;86.86;87.06;86.46;86.5
2026-05-21 08:00:00;86.64;87.27;86.63;86.86
2026-05-21 07:00:00;86.31;86.73;86.26;86.64
2026-05-21 06:00:00;86.51;86.62;86.2;86.31
2026-05-21 05:00:00;86.98;87.11;86.36;86.51
2026-05-21 04:00:00;86.85;87.22;86.76;86.98
2026-05-21 03:00:00;86.61;86.91;86.54;86.85
2026-05-21 02:00:00;86.54;86.88;86.44;86.61
2026-05-21 01:00:00;86.64;87.06;86.39;86.54
2026-05-21 00:00:00;86.17;86.83;86.11;86.64
2026-05-20 23:00:00;86.03;86.18;85.88;86.17
2026-05-20 22:00:00;85.98;86.24;85.64;86.04
2026-05-20 21:00:00;86.17;86.33;85.95;85.99
2026-05-20 20:00:00;86.16;86.24;85.55;86.18
2026-05-20 19:00:00;85.83;86.29;85.61;86.16
2026-05-20 18:00:00;86.52;86.58;85.53;85.83
2026-05-20 17:00:00;86.49;87.09;86.32;86.52
2026-05-20 16:00:00;85.92;86.85;85.54;86.49
2026-05-20 15:00:00;85.85;86.27;85.43;85.92
2026-05-20 14:00:00;84.69;86.16;84.33;85.86
2026-05-20 13:00:00;85.1;85.15;84.19;84.69
2026-05-20 12:00:00;84.7;85.33;84.62;85.1
2026-05-20 11:00:00;84.98;85.06;84.58;84.7
2026-05-20 10:00:00;84.89;85.21;84.88;84.98
2026-05-20 09:00:00;84.99;85.1;84.85;84.9
2026-05-20 08:00:00;84.76;85.19;84.72;84.98
2026-05-20 07:00:00;84.99;85.13;84.7;84.77
2026-05-20 06:00:00;84.77;85.02;84.72;84.99
2026-05-20 05:00:00;84.23;84.95;84.22;84.78
2026-05-20 04:00:00;84.1;84.23;83.88;84.23
2026-05-20 03:00:00;83.99;84.28;83.86;84.1
2026-05-20 02:00:00;84.36;84.49;83.93;83.99
2026-05-20 01:00:00;84.23;84.54;83.85;84.36
2026-05-20 00:00:00;84.3;84.41;83.92;84.23
2026-05-19 23:00:00;84.1;84.59;84.03;84.29
2026-05-19 22:00:00;84.43;84.43;84;84.1
2026-05-19 21:00:00;84.52;84.66;84.39;84.44
2026-05-19 20:00:00;84.36;84.58;84.3;84.51
2026-05-19 19:00:00;84.37;84.74;84.22;84.35
2026-05-19 18:00:00;84.68;84.8;84.25;84.37
2026-05-19 17:00:00;84.85;85.04;84.47;84.68
2026-05-19 16:00:00;84.38;84.91;84.15;84.85
2026-05-19 15:00:00;84.12;84.58;84.03;84.37
2026-05-19 14:00:00;84.8;84.94;83.7;84.11
2026-05-19 13:00:00;84.78;85.1;84.39;84.8
2026-05-19 12:00:00;84.39;84.79;84.3;84.78
2026-05-19 11:00:00;84.71;84.83;84.27;84.39
2026-05-19 10:00:00;84.76;84.88;84.31;84.7
2026-05-19 09:00:00;85.24;85.31;84.5;84.77
2026-05-19 08:00:00;85.51;85.59;85.04;85.25
2026-05-19 07:00:00;85.27;85.64;85.13;85.51
2026-05-19 06:00:00;85.18;85.62;85.12;85.26
2026-05-19 05:00:00;85.15;85.28;84.47;85.19
2026-05-19 04:00:00;85.08;85.31;84.79;85.15
2026-05-19 03:00:00;84.85;85.23;84.73;85.07
2026-05-19 02:00:00;84.9;85.3;84.62;84.86
2026-05-19 01:00:00;85.58;85.6;84.9;84.9
2026-05-19 00:00:00;85.38;85.97;85.32;85.58
2026-05-18 23:00:00;85.45;85.64;85.26;85.38
2026-05-18 22:00:00;85.58;85.77;85.27;85.46
2026-05-18 21:00:00;84.93;85.67;84.79;85.57
2026-05-18 20:00:00;85;85.41;84.85;84.93
2026-05-18 19:00:00;83.53;85.23;83.51;84.99
2026-05-18 18:00:00;84.41;84.43;83.5;83.53
2026-05-18 17:00:00;84.33;84.7;84.25;84.41
2026-05-18 16:00:00;84.21;84.55;83.99;84.33
2026-05-18 15:00:00;83.98;84.4;83.62;84.2
2026-05-18 14:00:00;84.69;84.69;83.72;83.98
2026-05-18 13:00:00;85.57;85.57;84.33;84.69
2026-05-18 12:00:00;84.97;85.8;84.97;85.57
2026-05-18 11:00:00;84.27;85.32;84.08;84.96
2026-05-18 10:00:00;84.49;84.51;84.21;84.26
2026-05-18 09:00:00;84.9;84.93;84.46;84.49
2026-05-18 08:00:00;84.76;85.01;84.6;84.91
2026-05-18 07:00:00;84.74;85.01;84.41;84.76
2026-05-18 06:00:00;84.86;84.98;84.27;84.74
2026-05-18 05:00:00;85.26;85.36;84.64;84.86
2026-05-18 04:00:00;84.85;85.3;84.58;85.26
2026-05-18 03:00:00;84.88;85.25;84.69;84.85
2026-05-18 02:00:00;84.98;85.35;84.72;84.89
2026-05-18 01:00:00;85.35;85.47;84.54;84.98
2026-05-18 00:00:00;85.23;85.36;84.4;85.36
2026-05-17 23:00:00;86.24;86.25;83.5;85.24
2026-05-17 22:00:00;86.93;86.93;86;86.23
2026-05-17 21:00:00;86.68;86.97;86.6;86.94
2026-05-17 20:00:00;86.8;86.85;86.57;86.68
2026-05-17 19:00:00;86.43;86.94;86.43;86.79
2026-05-17 18:00:00;86.24;86.44;86.02;86.43
2026-05-17 17:00:00;86.31;86.36;86;86.24
2026-05-17 16:00:00;86.46;86.69;86.11;86.3
2026-05-17 15:00:00;86.31;86.49;86.17;86.46
2026-05-17 14:00:00;86.41;86.46;85.95;86.31
2026-05-17 13:00:00;86.76;86.78;86.3;86.41
2026-05-17 12:00:00;86.89;87.02;86.72;86.76
2026-05-17 11:00:00;86.99;87.02;86.78;86.89
2026-05-17 10:00:00;86.9;87.26;86.81;87
2026-05-17 09:00:00;86.82;87.02;86.72;86.89
2026-05-17 08:00:00;86.98;87.03;86.6;86.83
2026-05-17 07:00:00;86.85;87.1;86.78;86.97
2026-05-17 06:00:00;86.9;87.01;86.71;86.85
2026-05-17 05:00:00;86.87;87.29;86.85;86.91
2026-05-17 04:00:00;86.52;86.98;86.47;86.86
2026-05-17 03:00:00;86.01;86.63;85.99;86.53
2026-05-17 02:00:00;85.76;86.27;85.76;86
2026-05-17 01:00:00;86.12;86.34;85.59;85.75
2026-05-17 00:00:00;86.53;86.72;85.97;86.13
2026-05-16 23:00:00;86.53;86.7;86.49;86.54
2026-05-16 22:00:00;86.59;86.69;86.45;86.54
2026-05-16 21:00:00;86.67;86.77;86.49;86.59
2026-05-16 20:00:00;86.69;86.88;86.66;86.68
2026-05-16 19:00:00;86.81;86.85;86.65;86.69
2026-05-16 18:00:00;86.81;86.97;86.6;86.81
2026-05-16 17:00:00;86.64;86.96;86.63;86.81
2026-05-16 16:00:00;86.49;86.78;86.37;86.63
2026-05-16 15:00:00;86.39;86.67;86.27;86.5
2026-05-16 14:00:00;86.26;86.71;86.07;86.4
2026-05-16 13:00:00;86.26;86.35;86.11;86.26
2026-05-16 12:00:00;86.12;86.44;86.01;86.26
2026-05-16 11:00:00;86.02;86.33;86.02;86.11
2026-05-16 10:00:00;86.04;86.15;85.52;86.01
2026-05-16 09:00:00;87.48;87.51;85.78;86.05
2026-05-16 08:00:00;87.46;87.62;87.33;87.48
2026-05-16 07:00:00;88.01;88.01;86.72;87.47
2026-05-16 06:00:00;88.58;88.66;87.81;88.01
2026-05-16 05:00:00;88.86;88.93;88.28;88.57
2026-05-16 04:00:00;89.05;89.09;88.19;88.86
2026-05-16 03:00:00;89.2;89.27;89;89.05
2026-05-16 02:00:00;89.3;89.39;88.97;89.2
2026-05-16 01:00:00;89.22;89.35;88.95;89.3
2026-05-16 00:00:00;89.23;89.44;89.14;89.22
2026-05-15 23:00:00;89.33;89.39;89.21;89.24
2026-05-15 22:00:00;89.06;89.36;89.05;89.33
2026-05-15 21:00:00;89.28;89.43;89;89.05
2026-05-15 20:00:00;89.41;89.5;89.08;89.28
2026-05-15 19:00:00;89.79;89.8;89.35;89.42
2026-05-15 18:00:00;89.81;90.09;89.47;89.8
2026-05-15 17:00:00;89.51;89.9;89.49;89.82
2026-05-15 16:00:00;89.04;89.7;88.81;89.5
2026-05-15 15:00:00;89.05;89.28;88.7;89.04
2026-05-15 14:00:00;88.91;89.55;88.55;89.06
2026-05-15 13:00:00;90.66;90.66;88.69;88.9
2026-05-15 12:00:00;91.26;91.27;90.57;90.66
2026-05-15 11:00:00;91.47;91.54;91.18;91.27
2026-05-15 10:00:00;91.17;91.57;91.01;91.47
2026-05-15 09:00:00;91.27;91.33;90.92;91.17
2026-05-15 08:00:00;91.61;91.65;90.94;91.27
2026-05-15 07:00:00;91.02;91.72;90.94;91.6
2026-05-15 06:00:00;90.6;91.08;90.47;91.02
2026-05-15 05:00:00;91.29;91.54;90.26;90.6
2026-05-15 04:00:00;92.05;92.05;91.27;91.28
2026-05-15 03:00:00;92.36;92.47;91.88;92.06
2026-05-15 02:00:00;91.75;92.44;91.47;92.36
2026-05-15 01:00:00;92.43;92.55;91.69;91.74
2026-05-15 00:00:00;92.16;92.66;92.1;92.43
2026-05-14 23:00:00;92.65;92.67;92.11;92.15
2026-05-14 22:00:00;92.71;92.92;92.57;92.66
2026-05-14 21:00:00;92.73;92.95;92.54;92.7
2026-05-14 20:00:00;92.91;93;92.37;92.73
2026-05-14 19:00:00;93.44;93.64;92.8;92.9
2026-05-14 18:00:00;93.01;93.64;92.7;93.43
2026-05-14 17:00:00;93.32;93.59;92.29;93.02
2026-05-14 16:00:00;93.16;93.68;92.34;93.33
2026-05-14 15:00:00;92.29;93.25;91.96;93.16
2026-05-14 14:00:00;90.78;92.35;90.63;92.28
2026-05-14 13:00:00;91.22;91.5;90.74;90.78
2026-05-14 12:00:00;90.64;91.29;90.54;91.22
2026-05-14 11:00:00;91.05;91.1;90.62;90.64
2026-05-14 10:00:00;90.86;91.14;90.66;91.05
2026-05-14 09:00:00;91.07;91.15;90.59;90.86
2026-05-14 08:00:00;90.88;91.3;90.67;91.06
2026-05-14 07:00:00;91.42;92.02;90.69;90.88
2026-05-14 06:00:00;91.29;91.47;91.16;91.41
2026-05-14 05:00:00;90.48;91.47;90.4;91.29
2026-05-14 04:00:00;89.93;90.62;89.86;90.48
2026-05-14 03:00:00;90.58;90.78;89.82;89.93
2026-05-14 02:00:00;91.16;91.26;90.46;90.58
2026-05-14 01:00:00;91.21;91.37;91;91.16
2026-05-14 00:00:00;91.17;91.42;91.07;91.21
2026-05-13 23:00:00;91.17;91.33;91.06;91.17
2026-05-13 22:00:00;90.9;91.25;90.64;91.18
2026-05-13 21:00:00;91.25;91.27;90.73;90.89
2026-05-13 20:00:00;90.95;91.35;90.93;91.24
2026-05-13 19:00:00;90.93;91.02;90.49;90.96
2026-05-13 18:00:00;90.9;91.41;90.77;90.93
2026-05-13 17:00:00;90.87;91.16;90.71;90.89
2026-05-13 16:00:00;90.43;91.26;90.41;90.87
2026-05-13 15:00:00;91.77;91.94;90.27;90.43
2026-05-13 14:00:00;92.29;92.33;91.38;91.78
2026-05-13 13:00:00;93.17;93.44;91.95;92.28
2026-05-13 12:00:00;94.33;94.64;92.24;93.16
2026-05-13 11:00:00;94.8;94.83;94.25;94.33
2026-05-13 10:00:00;95.73;95.78;94.74;94.79
2026-05-13 09:00:00;95.57;95.89;95.57;95.73
2026-05-13 08:00:00;95.14;95.77;95.02;95.57
2026-05-13 07:00:00;95.14;95.31;94.88;95.14
2026-05-13 06:00:00;95.26;95.7;95.12;95.14
2026-05-13 05:00:00;95.49;95.51;95.1;95.26
2026-05-13 04:00:00;95.56;95.99;95.43;95.5
2026-05-13 03:00:00;95.24;95.59;95.08;95.56
2026-05-13 02:00:00;95.2;95.57;95.02;95.25
2026-05-13 01:00:00;94.48;95.44;94.48;95.2
2026-05-13 00:00:00;94.28;94.64;94.05;94.48
2026-05-12 23:00:00;94.67;94.75;94.23;94.28
2026-05-12 22:00:00;94.68;95.05;94.64;94.67
2026-05-12 21:00:00;94.75;94.86;94.54;94.67
2026-05-12 20:00:00;94.92;94.98;94.62;94.74
2026-05-12 19:00:00;94.56;95;94.56;94.92
2026-05-12 18:00:00;94.51;95.01;94.35;94.56
2026-05-12 17:00:00;93.84;94.68;93.82;94.52
2026-05-12 16:00:00;93.85;94.32;93.6;93.83
2026-05-12 15:00:00;94.55;94.78;93.55;93.85
2026-05-12 14:00:00;94.71;95.24;94.38;94.54
2026-05-12 13:00:00;95.22;95.4;94.55;94.7
2026-05-12 12:00:00;94.97;95.56;94.39;95.22
2026-05-12 11:00:00;95;95.05;94.6;94.98
2026-05-12 10:00:00;95.78;95.97;94.94;95
2026-05-12 09:00:00;95.65;96.06;95.29;95.78
2026-05-12 08:00:00;96.05;96.15;95.4;95.65
2026-05-12 07:00:00;96.2;96.31;95.82;96.05
2026-05-12 06:00:00;96.58;97;96.16;96.21
2026-05-12 05:00:00;96.37;96.77;96.23;96.58
2026-05-12 04:00:00;96.14;96.5;96.07;96.36
2026-05-12 03:00:00;96.55;96.64;96.05;96.14
2026-05-12 02:00:00;96.29;96.72;96.14;96.55
2026-05-12 01:00:00;97.54;97.67;95.54;96.28
2026-05-12 00:00:00;97.37;97.68;97.18;97.54
2026-05-11 23:00:00;97.65;97.65;97.1;97.37
2026-05-11 22:00:00;97.41;97.84;97.36;97.65
2026-05-11 21:00:00;97.64;97.81;97.33;97.41
2026-05-11 20:00:00;98.19;98.41;97.61;97.63
2026-05-11 19:00:00;97.29;98.39;97.01;98.19
2026-05-11 18:00:00;97.77;98.1;97.26;97.29
2026-05-11 17:00:00;97.34;97.97;96.9;97.77
2026-05-11 16:00:00;96.79;98;96.5;97.35
2026-05-11 15:00:00;95.18;96.8;94.9;96.8
2026-05-11 14:00:00;95.22;95.87;94.3;95.17
2026-05-11 13:00:00;94.8;95.48;94.56;95.23
2026-05-11 12:00:00;95.26;95.39;94.67;94.81
2026-05-11 11:00:00;95.06;95.49;94.89;95.25
2026-05-11 10:00:00;95.3;95.57;95.05;95.07
2026-05-11 09:00:00;94.78;95.35;94.76;95.3
2026-05-11 08:00:00;95.34;95.37;94.58;94.79
2026-05-11 07:00:00;95.5;95.58;95.17;95.33
2026-05-11 06:00:00;95.71;96.16;95.42;95.49
2026-05-11 05:00:00;94.97;95.88;94.94;95.71
2026-05-11 04:00:00;94.76;95.21;94.43;94.97
2026-05-11 03:00:00;95.3;95.34;94.46;94.76
2026-05-11 02:00:00;96.05;96.14;95.19;95.3
2026-05-11 01:00:00;95.79;96.4;95.32;96.05
2026-05-11 00:00:00;96.46;96.67;95.33;95.79
2026-05-10 23:00:00;96.24;96.86;95.99;96.47
2026-05-10 22:00:00;95.07;96.36;94.89;96.23
2026-05-10 21:00:00;94.51;95.6;94.47;95.08
2026-05-10 20:00:00;96.47;96.6;93.43;94.52
2026-05-10 19:00:00;96.43;96.88;95.75;96.47
2026-05-10 18:00:00;96.49;97;96.12;96.44
2026-05-10 17:00:00;94.84;96.5;94.84;96.49
2026-05-10 16:00:00;94.53;94.98;94.18;94.84
2026-05-10 15:00:00;93.89;94.73;93.89;94.53
2026-05-10 14:00:00;93.76;94.13;93.68;93.89
2026-05-10 13:00:00;93.31;93.94;93.24;93.77
2026-05-10 12:00:00;93.56;93.62;93.2;93.32
2026-05-10 11:00:00;93.86;94.02;92.91;93.55
2026-05-10 10:00:00;94.31;94.37;93.59;93.87
2026-05-10 09:00:00;94.06;94.8;94.06;94.3
2026-05-10 08:00:00;93.46;94.09;93.42;94.06
2026-05-10 07:00:00;93.41;93.63;93.37;93.46
2026-05-10 06:00:00;93.34;93.46;93.25;93.41
2026-05-10 05:00:00;93.36;93.5;93.24;93.34
2026-05-10 04:00:00;93.41;93.5;93.24;93.35
2026-05-10 03:00:00;93.05;93.51;92.98;93.42
2026-05-10 02:00:00;92.96;93.11;92.81;93.04
2026-05-10 01:00:00;93.03;93.03;92.6;92.97
2026-05-10 00:00:00;93.12;93.34;92.92;93.03
2026-05-09 23:00:00;93.33;93.49;93.05;93.13
2026-05-09 22:00:00;93.5;93.53;93.22;93.33
2026-05-09 21:00:00;93.25;93.56;93.25;93.49
2026-05-09 20:00:00;93.51;93.51;93.15;93.26
2026-05-09 19:00:00;93.37;93.58;93.22;93.51
2026-05-09 18:00:00;93.21;93.65;93.15;93.37
2026-05-09 17:00:00;92.77;93.48;92.76;93.21
2026-05-09 16:00:00;93.01;93.31;92.69;92.76
2026-05-09 15:00:00;92.88;93.01;92.39;93.01
2026-05-09 14:00:00;93.46;93.47;92.77;92.88
2026-05-09 13:00:00;93.45;93.47;93.01;93.47
2026-05-09 12:00:00;93.61;93.74;93.27;93.45
2026-05-09 11:00:00;93.38;93.69;93.33;93.62
2026-05-09 10:00:00;93.29;93.6;93.09;93.38
2026-05-09 09:00:00;93.71;93.71;93.05;93.29
2026-05-09 08:00:00;93.76;93.95;93.66;93.72
2026-05-09 07:00:00;93.54;94;93.34;93.76
2026-05-09 06:00:00;93.75;94.13;93.21;93.54
2026-05-09 05:00:00;93.24;93.78;92.84;93.75
2026-05-09 04:00:00;93.65;94.17;93.12;93.24
2026-05-09 03:00:00;93.51;93.77;93.41;93.64
2026-05-09 02:00:00;93.52;93.8;93.3;93.51
2026-05-09 01:00:00;92.48;93.91;92.42;93.51
2026-05-09 00:00:00;92.02;92.62;91.85;92.48
2026-05-08 23:00:00;92.3;92.3;91.73;92.01
2026-05-08 22:00:00;92.31;92.71;92.25;92.3
2026-05-08 21:00:00;92.12;92.39;91.75;92.3
2026-05-08 20:00:00;92.61;92.67;92.01;92.11
2026-05-08 19:00:00;92.32;92.8;92.04;92.6
2026-05-08 18:00:00;91.66;92.56;91.65;92.32
2026-05-08 17:00:00;89.6;91.95;89.56;91.65
2026-05-08 16:00:00;89.6;89.79;89.34;89.59
2026-05-08 15:00:00;89.16;89.6;88.43;89.59
2026-05-08 14:00:00;88.34;89.38;88.34;89.15
2026-05-08 13:00:00;88.47;88.56;88.01;88.34
2026-05-08 12:00:00;88.64;88.87;88.37;88.46
2026-05-08 11:00:00;88.64;88.74;88.47;88.64
2026-05-08 10:00:00;88.44;89.1;88.28;88.63
2026-05-08 09:00:00;88.38;88.72;88.23;88.44
2026-05-08 08:00:00;88.23;88.63;88.01;88.38
2026-05-08 07:00:00;88.05;88.23;87.65;88.22
2026-05-08 06:00:00;88.05;88.29;87.83;88.05
2026-05-08 05:00:00;88.17;88.42;88.05;88.05
2026-05-08 04:00:00;88.23;88.37;88.01;88.18
2026-05-08 03:00:00;88.06;88.37;87.63;88.22
2026-05-08 02:00:00;88.14;88.35;87.6;88.06
2026-05-08 01:00:00;88.27;88.37;87.92;88.13
2026-05-08 00:00:00;88.43;88.65;88.1;88.27
2026-05-07 23:00:00;88.09;88.48;88.06;88.42
2026-05-07 22:00:00;87.97;88.22;87.68;88.1
2026-05-07 21:00:00;88.07;88.23;87.67;87.97
2026-05-07 20:00:00;88.45;88.88;88.04;88.07
2026-05-07 19:00:00;88.58;88.74;88.22;88.45
2026-05-07 18:00:00;88.8;89.05;88.24;88.58
2026-05-07 17:00:00;88.44;88.86;87.96;88.8
2026-05-07 16:00:00;88.32;88.79;88.08;88.43
2026-05-07 15:00:00;88.15;88.58;87.79;88.32
2026-05-07 14:00:00;88.67;88.91;87.83;88.15
2026-05-07 13:00:00;89.76;89.76;88.38;88.68
2026-05-07 12:00:00;89.56;90.1;89.52;89.77
2026-05-07 11:00:00;89.17;89.69;89.17;89.57
2026-05-07 10:00:00;89.46;89.53;88.76;89.17
2026-05-07 09:00:00;89.59;89.6;89.2;89.46
2026-05-07 08:00:00;90.17;90.27;89.48;89.58
2026-05-07 07:00:00;89.28;90.44;89.14;90.16
2026-05-07 06:00:00;88.66;89.28;88.22;89.27
2026-05-07 05:00:00;88.37;88.91;88.32;88.65
2026-05-07 04:00:00;87.75;88.38;87.69;88.36
2026-05-07 03:00:00;88.14;88.15;87.63;87.75
2026-05-07 02:00:00;88.31;88.37;87.8;88.15
2026-05-07 01:00:00;88.32;88.53;87.9;88.31
2026-05-07 00:00:00;89.16;89.27;88.21;88.32
2026-05-06 23:00:00;89.07;89.18;88.65;89.16
2026-05-06 22:00:00;89.48;89.57;89.01;89.07
2026-05-06 21:00:00;89.19;89.6;89.07;89.47
2026-05-06 20:00:00;89.27;89.62;88.92;89.19
2026-05-06 19:00:00;88.98;89.32;88.9;89.27
2026-05-06 18:00:00;88.83;89.15;88.5;88.99
2026-05-06 17:00:00;89.18;89.44;88.53;88.83
2026-05-06 16:00:00;88.97;89.51;88.59;89.18
2026-05-06 15:00:00;88.4;89.06;88.3;88.97
2026-05-06 14:00:00;88.33;88.85;87.47;88.4
2026-05-06 13:00:00;89.66;89.66;88.07;88.33
2026-05-06 12:00:00;89.87;89.97;89.5;89.66
2026-05-06 11:00:00;89.38;90.03;89.31;89.87
2026-05-06 10:00:00;89.48;89.69;89.21;89.38
2026-05-06 09:00:00;89.02;89.54;88.59;89.48
2026-05-06 08:00:00;87.71;89.22;87.64;89.02
2026-05-06 07:00:00;87.49;87.89;87.46;87.7
2026-05-06 06:00:00;87.4;87.54;87.17;87.49
2026-05-06 05:00:00;86.8;87.46;86.75;87.41
2026-05-06 04:00:00;87.34;87.43;86.67;86.81
2026-05-06 03:00:00;86.89;87.51;86.88;87.33
2026-05-06 02:00:00;86.86;86.93;86.39;86.88
2026-05-06 01:00:00;86.38;87;86.31;86.86
2026-05-06 00:00:00;86.29;86.55;86.1;86.38
2026-05-05 23:00:00;86.57;86.67;86.17;86.29
2026-05-05 22:00:00;86.71;86.98;86.2;86.58
2026-05-05 21:00:00;86.65;86.93;86.26;86.72
2026-05-05 20:00:00;86.49;86.9;86.42;86.64
2026-05-05 19:00:00;85.87;86.56;85.8;86.49
2026-05-05 18:00:00;85.46;85.88;85.43;85.87
2026-05-05 17:00:00;85.32;85.53;85.12;85.45
2026-05-05 16:00:00;85.5;85.7;85;85.31
2026-05-05 15:00:00;85.47;85.88;85.35;85.5
2026-05-05 14:00:00;85.63;85.75;85.19;85.48
2026-05-05 13:00:00;85.31;86.1;85.31;85.63
2026-05-05 12:00:00;84.97;85.35;84.9;85.31
2026-05-05 11:00:00;84.9;85.01;84.7;84.97
2026-05-05 10:00:00;84.54;84.93;84.43;84.9
2026-05-05 09:00:00;84.79;84.8;84.45;84.53
2026-05-05 08:00:00;84.88;84.91;84.69;84.78
2026-05-05 07:00:00;84.99;85.06;84.78;84.87
2026-05-05 06:00:00;84.93;85;84.54;84.98
2026-05-05 05:00:00;84.78;85.12;84.72;84.92
2026-05-05 04:00:00;84.77;84.9;84.59;84.78
2026-05-05 03:00:00;84.51;84.97;84.41;84.78
2026-05-05 02:00:00;84.41;84.8;84.34;84.51
2026-05-05 01:00:00;84.33;84.47;84.14;84.41
2026-05-05 00:00:00;84.11;84.38;84.04;84.33
2026-05-04 23:00:00;84.22;84.23;84.02;84.1
2026-05-04 22:00:00;84.42;84.56;84.18;84.22
2026-05-04 21:00:00;84.09;84.51;84.08;84.43
2026-05-04 20:00:00;84.45;84.47;84.06;84.09
2026-05-04 19:00:00;84.74;84.76;84.36;84.44
2026-05-04 18:00:00;84.94;85.04;84.58;84.74
2026-05-04 17:00:00;84.48;85.19;84.48;84.93
2026-05-04 16:00:00;84.47;84.8;83.98;84.49
2026-05-04 15:00:00;84.99;85.18;83.99;84.47
2026-05-04 14:00:00;84;85.32;83.78;84.99
2026-05-04 13:00:00;83.89;84.34;83.59;84
2026-05-04 12:00:00;83.96;84.16;83.85;83.9
2026-05-04 11:00:00;84.04;84.15;83.83;83.95
2026-05-04 10:00:00;85.04;85.07;83.23;84.04
2026-05-04 09:00:00;84.77;85.2;84.68;85.03
2026-05-04 08:00:00;84.87;84.91;84.62;84.77
2026-05-04 07:00:00;84.88;85.01;84.68;84.87
2026-05-04 06:00:00;85.39;85.41;84.51;84.88
2026-05-04 05:00:00;85.77;85.8;85.28;85.38
2026-05-04 04:00:00;85.4;85.9;85.38;85.76
2026-05-04 03:00:00;85.26;85.58;85.11;85.41
2026-05-04 02:00:00;84.77;85.67;84.74;85.26
2026-05-04 01:00:00;83.78;84.93;83.43;84.77
2026-05-04 00:00:00;83.91;83.91;83.35;83.78
2026-05-03 23:00:00;84.67;84.79;83.87;83.91
2026-05-03 22:00:00;84.14;84.97;84.14;84.68
2026-05-03 21:00:00;84.34;84.46;83.88;84.14
2026-05-03 20:00:00;84.37;84.73;84.25;84.34
2026-05-03 19:00:00;84.26;84.5;84.24;84.38
2026-05-03 18:00:00;84.2;84.32;84.11;84.26
2026-05-03 17:00:00;84.15;84.33;84;84.2
2026-05-03 16:00:00;84.16;84.29;84.01;84.14
2026-05-03 15:00:00;84.37;84.44;84.11;84.16
2026-05-03 14:00:00;84.1;84.45;84.1;84.37
2026-05-03 13:00:00;84.11;84.22;83.99;84.1
2026-05-03 12:00:00;83.96;84.24;83.95;84.11
2026-05-03 11:00:00;83.82;84.2;83.75;83.96
2026-05-03 10:00:00;84.06;84.06;83.82;83.83
2026-05-03 09:00:00;83.89;84.11;83.88;84.06
2026-05-03 08:00:00;83.88;84.03;83.83;83.9
2026-05-03 07:00:00;83.76;84.02;83.75;83.88
2026-05-03 06:00:00;83.75;83.88;83.6;83.76
2026-05-03 05:00:00;83.7;83.86;83.67;83.76
2026-05-03 04:00:00;83.66;83.76;83.58;83.7
2026-05-03 03:00:00;83.66;83.74;83.58;83.67
2026-05-03 02:00:00;83.74;83.81;83.6;83.66
2026-05-03 01:00:00;84.08;84.08;83.72;83.75
2026-05-03 00:00:00;84.26;84.31;83.83;84.08
2026-05-02 23:00:00;84.45;84.51;84.22;84.26
2026-05-02 22:00:00;84.55;84.64;84.07;84.46
2026-05-02 21:00:00;84.19;84.97;84.15;84.55
2026-05-02 20:00:00;84.23;84.23;84.09;84.18
2026-05-02 19:00:00;84.2;84.31;84.17;84.22
2026-05-02 18:00:00;84.04;84.22;83.95;84.19
2026-05-02 17:00:00;84.2;84.21;84;84.05
2026-05-02 16:00:00;84.04;84.28;84.02;84.2
2026-05-02 15:00:00;83.98;84.07;83.93;84.04
2026-05-02 14:00:00;83.95;84.1;83.91;83.98
2026-05-02 13:00:00;83.87;84.08;83.86;83.94
2026-05-02 12:00:00;83.7;84.11;83.67;83.86
2026-05-02 11:00:00;83.94;83.94;83.52;83.7
2026-05-02 10:00:00;84.01;84.01;83.87;83.95
2026-05-02 09:00:00;83.85;84.17;83.83;84
2026-05-02 08:00:00;83.73;83.89;83.64;83.85
2026-05-02 07:00:00;83.83;83.86;83.72;83.74
2026-05-02 06:00:00;83.71;83.85;83.58;83.82
2026-05-02 05:00:00;83.64;83.75;83.54;83.7
2026-05-02 04:00:00;83.82;83.83;83.56;83.64
2026-05-02 03:00:00;83.94;83.98;83.7;83.82
2026-05-02 02:00:00;84.04;84.18;83.86;83.95
2026-05-02 01:00:00;83.83;84.05;83.77;84.03
2026-05-02 00:00:00;83.76;83.87;83.44;83.82
2026-05-01 23:00:00;83.74;83.9;83.56;83.76
2026-05-01 22:00:00;83.72;83.89;83.57;83.75
2026-05-01 21:00:00;83.48;83.8;83.41;83.72
2026-05-01 20:00:00;83.9;83.93;83.33;83.49
2026-05-01 19:00:00;83.99;84.07;83.79;83.9
2026-05-01 18:00:00;84.23;84.31;83.98;83.99
2026-05-01 17:00:00;83.99;84.28;83.92;84.23
2026-05-01 16:00:00;84.46;84.63;83.98;83.99
2026-05-01 15:00:00;84.21;84.62;84.01;84.47
2026-05-01 14:00:00;84.61;84.73;83.89;84.22
2026-05-01 13:00:00;84.27;84.86;84.24;84.6
2026-05-01 12:00:00;84.01;84.59;83.92;84.27
2026-05-01 11:00:00;83.96;84.22;83.87;84.01
2026-05-01 10:00:00;83.96;84.08;83.69;83.95
2026-05-01 09:00:00;84.18;84.19;83.89;83.97
2026-05-01 08:00:00;83.96;84.3;83.9;84.18
2026-05-01 07:00:00;83.86;83.97;83.67;83.96
2026-05-01 06:00:00;84.06;84.18;83.69;83.85
2026-05-01 05:00:00;83.81;84.23;83.74;84.05
2026-05-01 04:00:00;83.9;84.06;83.69;83.82
2026-05-01 03:00:00;83.62;84.38;83.56;83.89
2026-05-01 02:00:00;83.62;83.84;83.45;83.63
2026-05-01 01:00:00;83.2;83.69;83.19;83.61
2026-05-01 00:00:00;83.09;83.41;83.08;83.2
2026-04-30 23:00:00;82.85;83.09;82.85;83.09
2026-04-30 22:00:00;82.86;83.04;82.78;82.85
2026-04-30 21:00:00;83.1;83.14;82.83;82.85
2026-04-30 20:00:00;83.04;83.19;82.97;83.09
2026-04-30 19:00:00;83.06;83.29;83;83.04
2026-04-30 18:00:00;83.03;83.31;82.98;83.07
2026-04-30 17:00:00;83.02;83.14;82.87;83.04
2026-04-30 16:00:00;83.36;83.43;82.94;83.02
2026-04-30 15:00:00;83.23;83.83;83.03;83.36
2026-04-30 14:00:00;83.22;83.42;82.69;83.23
2026-04-30 13:00:00;83.22;83.56;82.88;83.21
2026-04-30 12:00:00;83.01;83.48;82.99;83.22
2026-04-30 11:00:00;83.01;83.39;82.79;83.01
2026-04-30 10:00:00;83.14;83.22;82.92;83
2026-04-30 09:00:00;83.12;83.55;83.06;83.15
2026-04-30 08:00:00;83.35;83.43;83.12;83.13
2026-04-30 07:00:00;82.95;83.39;82.9;83.35
2026-04-30 06:00:00;82.57;83.05;82.53;82.94
2026-04-30 05:00:00;82.4;82.79;82.16;82.57
2026-04-30 04:00:00;83.06;83.09;82.37;82.39
2026-04-30 03:00:00;82.98;83.24;82.86;83.06
2026-04-30 02:00:00;83.75;83.96;82.7;82.98
2026-04-30 01:00:00;83.8;84;83.66;83.75
2026-04-30 00:00:00;83.05;84.01;83.05;83.81
2026-04-29 23:00:00;83.07;83.11;82.82;83.04
2026-04-29 22:00:00;82.91;83.13;82.81;83.07
2026-04-29 21:00:00;82.62;83.22;82.52;82.91
2026-04-29 20:00:00;82.2;82.81;82.17;82.62
2026-04-29 19:00:00;82.3;82.36;82;82.19
2026-04-29 18:00:00;83.36;83.44;81.4;82.3
2026-04-29 17:00:00;83.14;83.37;82.74;83.36
2026-04-29 16:00:00;83.25;83.65;82.97;83.13
2026-04-29 15:00:00;83.85;83.93;83;83.26
2026-04-29 14:00:00;84.01;84.05;83.65;83.85
2026-04-29 13:00:00;84.24;84.28;83.65;84
2026-04-29 12:00:00;84.91;84.92;83.93;84.24
2026-04-29 11:00:00;85.14;85.16;84.8;84.91
2026-04-29 10:00:00;85.3;85.55;85.13;85.14
2026-04-29 09:00:00;84.51;85.56;83.2;85.29
2026-04-29 08:00:00;84.71;84.75;84.36;84.52
2026-04-29 07:00:00;84.63;84.86;84.6;84.71
2026-04-29 06:00:00;84.84;85;84.54;84.63
2026-04-29 05:00:00;84.96;85;84.71;84.85
2026-04-29 04:00:00;84.6;85.06;84.45;84.95
2026-04-29 03:00:00;84.05;84.74;84.05;84.59
2026-04-29 02:00:00;84.1;84.22;83.93;84.06
2026-04-29 01:00:00;84.06;84.22;83.81;84.1
2026-04-29 00:00:00;84.06;84.19;83.82;84.07
2026-04-28 23:00:00;83.72;84.15;83.65;84.06
2026-04-28 22:00:00;83.73;83.99;83.58;83.72
2026-04-28 21:00:00;83.78;83.95;83.62;83.73
2026-04-28 20:00:00;83.89;83.99;83.78;83.79
2026-04-28 19:00:00;83.81;84.02;83.7;83.89
2026-04-28 18:00:00;83.61;83.83;83.59;83.81
2026-04-28 17:00:00;83.58;83.81;83.37;83.61
2026-04-28 16:00:00;83.46;83.69;83.32;83.59
2026-04-28 15:00:00;83.41;83.51;83.22;83.46
2026-04-28 14:00:00;83.54;83.54;82.98;83.4
2026-04-28 13:00:00;83.68;84;83.2;83.55
2026-04-28 12:00:00;83.42;83.74;83.25;83.69
2026-04-28 11:00:00;83.82;83.85;83.3;83.42
2026-04-28 10:00:00;83.64;83.82;83.63;83.82
2026-04-28 09:00:00;83.95;83.97;83.42;83.64
2026-04-28 08:00:00;84.01;84.19;83.76;83.95
2026-04-28 07:00:00;83.95;84.06;83.65;84.02
2026-04-28 06:00:00;84.21;84.31;83.68;83.95
2026-04-28 05:00:00;84.06;84.43;84.02;84.2
2026-04-28 04:00:00;84.18;84.43;83.79;84.06
2026-04-28 03:00:00;84.17;84.2;84.02;84.17
2026-04-28 02:00:00;84.4;84.64;83.9;84.18
2026-04-28 01:00:00;84.82;84.87;84.39;84.4
2026-04-28 00:00:00;84.82;84.93;84.59;84.83
2026-04-27 23:00:00;84.53;84.9;84.46;84.82
2026-04-27 22:00:00;84.27;84.61;84.19;84.54
2026-04-27 21:00:00;84.28;84.51;84.11;84.27
2026-04-27 20:00:00;84.18;84.35;84.14;84.29
2026-04-27 19:00:00;84.57;84.66;83.83;84.19
2026-04-27 18:00:00;84.47;84.7;84.42;84.57
2026-04-27 17:00:00;84.28;84.69;84.27;84.47
2026-04-27 16:00:00;84.17;84.4;84.04;84.29
2026-04-27 15:00:00;85.23;85.24;83.63;84.17
2026-04-27 14:00:00;85.13;85.83;85;85.23
2026-04-27 13:00:00;85.09;85.38;84.72;85.13
2026-04-27 12:00:00;85.26;85.26;84.91;85.09
2026-04-27 11:00:00;85.19;85.28;85.07;85.26
2026-04-27 10:00:00;85.48;85.58;85.15;85.18
2026-04-27 09:00:00;85.51;85.63;85.15;85.49
2026-04-27 08:00:00;85.27;85.53;85.05;85.51
2026-04-27 07:00:00;85.72;85.79;85.26;85.27
2026-04-27 06:00:00;85.95;86.06;85.42;85.72
2026-04-27 05:00:00;87.52;87.54;85.8;85.95
2026-04-27 04:00:00;87.72;87.84;87.41;87.51
2026-04-27 03:00:00;87.81;88.07;87.69;87.72
2026-04-27 02:00:00;87.82;88.08;87.36;87.81
2026-04-27 01:00:00;87.34;87.87;87.25;87.82
2026-04-27 00:00:00;86.93;87.4;86.53;87.35
2026-04-26 23:00:00;86.73;87.17;86.53;86.93
2026-04-26 22:00:00;86.82;87.32;86.33;86.73
2026-04-26 21:00:00;86.69;87.14;86.19;86.83
2026-04-26 20:00:00;86.89;86.94;86.6;86.68
2026-04-26 19:00:00;86.82;87.2;86.68;86.88
2026-04-26 18:00:00;86.53;86.99;86.43;86.82
2026-04-26 17:00:00;86.42;86.59;86.27;86.53
2026-04-26 16:00:00;86.55;86.6;86.38;86.41
2026-04-26 15:00:00;86.42;86.59;86.36;86.56
2026-04-26 14:00:00;86.12;86.5;86.06;86.42
2026-04-26 13:00:00;86.09;86.27;85.97;86.12
2026-04-26 12:00:00;86.49;86.49;85.9;86.09
2026-04-26 11:00:00;86.47;86.64;86.46;86.48
2026-04-26 10:00:00;86.54;86.61;86.42;86.48
2026-04-26 09:00:00;86.57;86.59;86.46;86.55
2026-04-26 08:00:00;86.63;86.76;86.51;86.57
2026-04-26 07:00:00;86.5;86.63;86.44;86.62
2026-04-26 06:00:00;86.44;86.59;86.38;86.5
2026-04-26 05:00:00;86.44;86.7;86.15;86.45
2026-04-26 04:00:00;85.99;86.73;85.92;86.45
2026-04-26 03:00:00;86.4;86.46;85.84;85.99
2026-04-26 02:00:00;85.97;86.4;85.97;86.4
2026-04-26 01:00:00;86.03;86.13;85.97;85.97
2026-04-26 00:00:00;86.19;86.22;85.93;86.03
2026-04-25 23:00:00;86.11;86.2;86.04;86.18
2026-04-25 22:00:00;85.91;86.18;85.86;86.11
2026-04-25 21:00:00;85.9;86.11;85.74;85.91
2026-04-25 20:00:00;85.68;85.92;85.61;85.9
2026-04-25 19:00:00;85.69;85.72;85.55;85.68
2026-04-25 18:00:00;85.56;85.82;85.53;85.7
2026-04-25 17:00:00;85.88;85.88;85.55;85.57
2026-04-25 16:00:00;86.22;86.33;85.61;85.88
2026-04-25 15:00:00;86.46;86.64;86.1;86.22
2026-04-25 14:00:00;86.61;86.66;86.46;86.47
2026-04-25 13:00:00;86.39;86.67;86.38;86.61
2026-04-25 12:00:00;86.36;86.43;86.23;86.39
2026-04-25 11:00:00;86.63;86.64;86.25;86.36
2026-04-25 10:00:00;86.58;86.73;86.57;86.63
2026-04-25 09:00:00;86.62;86.8;86.57;86.58
2026-04-25 08:00:00;86.36;86.8;86.3;86.63
2026-04-25 07:00:00;86.45;86.51;86.25;86.36
2026-04-25 06:00:00;86.2;86.66;86.19;86.45
2026-04-25 05:00:00;86.34;86.34;86.11;86.2
2026-04-25 04:00:00;86.46;86.51;86.29;86.34
2026-04-25 03:00:00;86.28;86.5;86.27;86.46
2026-04-25 02:00:00;86.28;86.4;86.16;86.29
2026-04-25 01:00:00;86.23;86.36;86.13;86.27
2026-04-25 00:00:00;86.18;86.26;86.03;86.23
2026-04-24 23:00:00;86.18;86.3;86.15;86.18
2026-04-24 22:00:00;86.45;86.46;86.1;86.17
2026-04-24 21:00:00;86.85;86.94;86.36;86.46
2026-04-24 20:00:00;86.32;86.9;86.22;86.85
2026-04-24 19:00:00;86.37;86.53;86.25;86.33
2026-04-24 18:00:00;86.49;86.54;85.95;86.36
2026-04-24 17:00:00;86.34;86.56;86.12;86.49
2026-04-24 16:00:00;86.52;86.58;86.09;86.35
2026-04-24 15:00:00;86.05;86.56;85.53;86.52
2026-04-24 14:00:00;86.08;86.23;85.67;86.05
2026-04-24 13:00:00;86.34;86.6;85.86;86.09
2026-04-24 12:00:00;86.2;86.79;86.06;86.33
2026-04-24 11:00:00;85.72;86.28;85.71;86.19
2026-04-24 10:00:00;85.47;85.76;85.18;85.71
2026-04-24 09:00:00;85.35;85.48;84.92;85.48
2026-04-24 08:00:00;85.5;85.73;85.29;85.34
2026-04-24 07:00:00;85.44;85.62;85.34;85.51
2026-04-24 06:00:00;85.7;85.73;85.33;85.44
2026-04-24 05:00:00;85.31;85.82;85.15;85.7
2026-04-24 04:00:00;85.69;85.71;85.14;85.32
2026-04-24 03:00:00;85.89;85.94;85.4;85.69
2026-04-24 02:00:00;86.28;86.36;85.78;85.89
2026-04-24 01:00:00;86.19;86.32;85.82;86.28
2026-04-24 00:00:00;86.12;86.36;86.04;86.19
2026-04-23 23:00:00;85.96;86.2;85.58;86.12
2026-04-23 22:00:00;85.8;86.25;85.8;85.97
2026-04-23 21:00:00;85.61;86.01;85.52;85.79
2026-04-23 20:00:00;85.3;85.85;85.29;85.61
2026-04-23 19:00:00;85.26;85.58;85.15;85.3
2026-04-23 18:00:00;85.35;85.68;85.23;85.26
2026-04-23 17:00:00;85.82;85.88;84.48;85.34
2026-04-23 16:00:00;86.36;86.42;85.78;85.81
2026-04-23 15:00:00;86.05;86.66;85.81;86.35
2026-04-23 14:00:00;85.76;86.19;85.55;86.06
2026-04-23 13:00:00;85.97;86.04;85.57;85.77
2026-04-23 12:00:00;85.82;86.1;85.69;85.97
2026-04-23 11:00:00;85.42;85.9;85.36;85.81
2026-04-23 10:00:00;85.51;85.6;85.2;85.41
2026-04-23 09:00:00;85.68;85.69;85.25;85.51
2026-04-23 08:00:00;85.91;85.94;85.54;85.69
2026-04-23 07:00:00;86.19;86.24;85.86;85.9
2026-04-23 06:00:00;85.87;86.23;85.84;86.18
2026-04-23 05:00:00;85.96;86.13;85.51;85.87
2026-04-23 04:00:00;85.78;86;85.65;85.96
2026-04-23 03:00:00;85.94;86.09;85.48;85.79
2026-04-23 02:00:00;86.43;86.44;85.73;85.95
2026-04-23 01:00:00;86.87;86.87;86.12;86.44
2026-04-23 00:00:00;86.86;87.18;85.97;86.86
2026-04-22 23:00:00;87.43;87.47;86.81;86.87
2026-04-22 22:00:00;87.59;87.72;87.3;87.43
2026-04-22 21:00:00;87.14;87.67;87.12;87.6
2026-04-22 20:00:00;87.38;87.49;87.09;87.14
2026-04-22 19:00:00;87.82;87.83;87.09;87.37
2026-04-22 18:00:00;87.83;88.37;87.8;87.81
2026-04-22 17:00:00;87.65;88.02;87.63;87.83
2026-04-22 16:00:00;88.19;88.46;87.53;87.65
2026-04-22 15:00:00;88.74;88.81;87.99;88.18
2026-04-22 14:00:00;89.1;89.32;88.47;88.75
2026-04-22 13:00:00;88.58;89.18;88.44;89.1
2026-04-22 12:00:00;88.31;88.67;88.22;88.58
2026-04-22 11:00:00;88.34;88.5;88.16;88.31
2026-04-22 10:00:00;88.3;88.43;88.13;88.33
2026-04-22 09:00:00;88;88.88;87.83;88.3
2026-04-22 08:00:00;88.06;88.29;87.6;88.01
2026-04-22 07:00:00;87.96;88.27;87.7;88.05
2026-04-22 06:00:00;88.02;88.19;87.79;87.96
2026-04-22 05:00:00;87.08;88.33;87.01;88.02
2026-04-22 04:00:00;87.25;87.33;86.97;87.08
2026-04-22 03:00:00;87.42;87.87;87.12;87.24
2026-04-22 02:00:00;86.27;87.57;86.2;87.42
2026-04-22 01:00:00;86.49;86.53;86.09;86.27
2026-04-22 00:00:00;86.04;86.51;86.01;86.48
2026-04-21 23:00:00;85.35;86.13;85.34;86.03
2026-04-21 22:00:00;85.15;85.45;84.99;85.36
2026-04-21 21:00:00;85.42;85.59;85.01;85.16
2026-04-21 20:00:00;84.57;85.75;84.43;85.42
2026-04-21 19:00:00;85.24;85.72;84.31;84.57
2026-04-21 18:00:00;85.32;85.39;84.73;85.25
2026-04-21 17:00:00;85.7;85.8;84.73;85.31
2026-04-21 16:00:00;86.05;86.3;85.66;85.69
2026-04-21 15:00:00;85.77;86.28;85.4;86.05
2026-04-21 14:00:00;85.82;86.89;85.61;85.76
2026-04-21 13:00:00;85.51;85.85;85.3;85.81
2026-04-21 12:00:00;85.85;86.04;85.17;85.52
2026-04-21 11:00:00;86.16;86.17;85.72;85.85
2026-04-21 10:00:00;85.89;86.32;85.84;86.16
2026-04-21 09:00:00;85.8;85.91;85.52;85.89
2026-04-21 08:00:00;85.71;86.38;85.63;85.81
2026-04-21 07:00:00;85.68;85.98;85.41;85.71
2026-04-21 06:00:00;85.68;85.95;85.19;85.67
2026-04-21 05:00:00;85.43;85.83;85.41;85.67
2026-04-21 04:00:00;85.17;85.47;85.02;85.44
2026-04-21 03:00:00;85.26;85.55;85;85.17
2026-04-21 02:00:00;85.44;85.46;85.17;85.27
2026-04-21 01:00:00;85.66;85.83;85.35;85.43
2026-04-21 00:00:00;85.29;85.77;85.22;85.66
2026-04-20 23:00:00;85.71;85.71;85.21;85.28
2026-04-20 22:00:00;85.8;86.07;85.6;85.7
2026-04-20 21:00:00;85.95;86.21;85.58;85.79
2026-04-20 20:00:00;85.8;86.17;85.66;85.95
2026-04-20 19:00:00;86.07;86.11;85.77;85.8
2026-04-20 18:00:00;85.7;86.22;85.7;86.07
2026-04-20 17:00:00;85.31;86.12;85.25;85.69
2026-04-20 16:00:00;85.86;85.88;85.26;85.31
2026-04-20 15:00:00;84.8;85.88;84.42;85.86
2026-04-20 14:00:00;85.31;85.81;84.54;84.8
2026-04-20 13:00:00;85.32;85.54;84.87;85.31
2026-04-20 12:00:00;85.06;85.54;84.85;85.32
2026-04-20 11:00:00;84.85;85.37;84.78;85.07
2026-04-20 10:00:00;85.08;85.4;84.82;84.86
2026-04-20 09:00:00;84.68;85.26;84.64;85.08
2026-04-20 08:00:00;84.74;85.14;84.57;84.69
2026-04-20 07:00:00;84.47;85.76;84.44;84.73
2026-04-20 06:00:00;83.88;84.75;83.78;84.46
2026-04-20 05:00:00;84.58;84.59;83.75;83.87
2026-04-20 04:00:00;84.59;84.62;84.26;84.58
2026-04-20 03:00:00;84.21;84.62;84.13;84.59
2026-04-20 02:00:00;84.36;84.39;83.72;84.21
2026-04-20 01:00:00;84;84.56;83.96;84.35
2026-04-20 00:00:00;83.47;84.19;83.34;84
2026-04-19 23:00:00;83.76;83.77;83.32;83.47
2026-04-19 22:00:00;84.69;84.69;82.94;83.77
2026-04-19 21:00:00;84.95;85.24;84.61;84.7
2026-04-19 20:00:00;85.33;85.35;84.72;84.94
2026-04-19 19:00:00;85.1;85.55;85.1;85.33
2026-04-19 18:00:00;85.14;85.3;84.88;85.11
2026-04-19 17:00:00;85.85;85.99;85;85.13
2026-04-19 16:00:00;86.35;86.5;85.72;85.86
2026-04-19 15:00:00;86.53;86.67;85.59;86.36
2026-04-19 14:00:00;86.34;87.12;85.98;86.53
2026-04-19 13:00:00;85.79;86.96;85.76;86.33
2026-04-19 12:00:00;85.61;85.96;85.55;85.79
2026-04-19 11:00:00;84.79;85.71;84.76;85.6
2026-04-19 10:00:00;84.59;84.9;84.44;84.79
2026-04-19 09:00:00;84.8;85.08;84.57;84.59
2026-04-19 08:00:00;84.88;85.14;84.62;84.8
2026-04-19 07:00:00;85.45;85.45;84.43;84.88
2026-04-19 06:00:00;85.49;85.66;85.14;85.45
2026-04-19 05:00:00;85.57;85.8;85.4;85.48
2026-04-19 04:00:00;85.6;85.96;85.14;85.58
2026-04-19 03:00:00;85.53;85.79;85.3;85.6
2026-04-19 02:00:00;85.76;85.86;85.24;85.53
2026-04-19 01:00:00;86.02;86.23;85.6;85.76
2026-04-19 00:00:00;86.15;86.38;85.86;86.01
2026-04-18 23:00:00;86.29;86.46;86.13;86.16
2026-04-18 22:00:00;86.23;86.36;85.92;86.3
2026-04-18 21:00:00;86.18;86.27;86.03;86.23
2026-04-18 20:00:00;86.12;86.3;86;86.18
2026-04-18 19:00:00;85.95;86.29;85.93;86.13
2026-04-18 18:00:00;86.74;86.75;85.78;85.95
2026-04-18 17:00:00;86.69;86.84;86.5;86.74
2026-04-18 16:00:00;86.75;86.98;86.43;86.7
2026-04-18 15:00:00;86.83;86.96;86.57;86.75
2026-04-18 14:00:00;86.73;86.86;86.43;86.82
2026-04-18 13:00:00;86.9;86.98;86.41;86.74
2026-04-18 12:00:00;86.54;86.96;86.51;86.91
2026-04-18 11:00:00;86.96;86.97;86.28;86.53
2026-04-18 10:00:00;87.62;87.63;86.77;86.97
2026-04-18 09:00:00;87.55;87.68;87.14;87.62
2026-04-18 08:00:00;88.45;88.5;87.1;87.56
2026-04-18 07:00:00;88.51;88.55;88.3;88.45
2026-04-18 06:00:00;88.4;88.62;88.3;88.5
2026-04-18 05:00:00;88.35;88.64;88.16;88.4
2026-04-18 04:00:00;88.34;88.55;88.24;88.36
2026-04-18 03:00:00;88.93;88.93;88.23;88.33
2026-04-18 02:00:00;88.86;89.1;88.67;88.94
2026-04-18 01:00:00;88.97;89.16;88.69;88.86
2026-04-18 00:00:00;88.77;89.14;88.66;88.96
2026-04-17 23:00:00;89.22;89.22;88.5;88.76
2026-04-17 22:00:00;89.12;89.47;88.94;89.22
2026-04-17 21:00:00;89;89.27;88.8;89.13
2026-04-17 20:00:00;89.24;89.37;88.51;89
2026-04-17 19:00:00;89.17;89.51;88.92;89.23
2026-04-17 18:00:00;89.74;89.83;88.88;89.17
2026-04-17 17:00:00;90.43;90.43;89.08;89.74
2026-04-17 16:00:00;89.95;90.59;89.89;90.42
2026-04-17 15:00:00;90.03;90.19;89.49;89.95
2026-04-17 14:00:00;90.13;90.73;89.63;90.03
2026-04-17 13:00:00;88.89;90.51;88.57;90.12
2026-04-17 12:00:00;88.22;88.92;87.91;88.89
2026-04-17 11:00:00;87.67;88.33;87.62;88.21
2026-04-17 10:00:00;88.71;88.74;87.34;87.67
2026-04-17 09:00:00;88.94;89.53;88.3;88.72
2026-04-17 08:00:00;88.13;89.08;88.11;88.93
2026-04-17 07:00:00;88.01;88.47;87.96;88.12
2026-04-17 06:00:00;87.41;88.1;87.36;88
2026-04-17 05:00:00;88.01;88.01;87.41;87.41
2026-04-17 04:00:00;87.73;88.28;87.69;88
2026-04-17 03:00:00;87.87;87.97;87.48;87.72
2026-04-17 02:00:00;88.24;88.36;87.55;87.86
2026-04-17 01:00:00;88.81;89.01;87.91;88.24
2026-04-17 00:00:00;89.06;89.19;88.58;88.82
2026-04-16 23:00:00;88.99;89.22;88.81;89.05
2026-04-16 22:00:00;88.94;89.46;88.87;89
2026-04-16 21:00:00;89.59;89.77;88.72;88.93
2026-04-16 20:00:00;90.1;90.53;89.24;89.59
2026-04-16 19:00:00;89.01;90.16;88.66;90.1
2026-04-16 18:00:00;86.65;89.09;86.5;89.01
2026-04-16 17:00:00;85.93;86.78;85.69;86.64
2026-04-16 16:00:00;86.62;87.09;85.63;85.94
2026-04-16 15:00:00;85.39;87.13;85.29;86.62
2026-04-16 14:00:00;84.79;85.7;84.06;85.39
2026-04-16 13:00:00;85.38;86.28;83.8;84.79
2026-04-16 12:00:00;85.07;85.5;85.06;85.38
2026-04-16 11:00:00;85.04;85.17;84.94;85.07
2026-04-16 10:00:00;85.2;85.25;84.64;85.04
2026-04-16 09:00:00;85.04;85.51;84.96;85.2
2026-04-16 08:00:00;85.21;85.31;84.9;85.03
2026-04-16 07:00:00;85.48;85.71;85.11;85.21
2026-04-16 06:00:00;85.41;85.54;85.18;85.47
2026-04-16 05:00:00;85.23;85.52;85.06;85.4
2026-04-16 04:00:00;85.29;85.56;84.99;85.24
2026-04-16 03:00:00;85.1;85.5;85.08;85.28
2026-04-16 02:00:00;84.84;85.58;84.71;85.1
2026-04-16 01:00:00;84.93;84.93;84.45;84.85
2026-04-16 00:00:00;84.9;85.06;84.48;84.92
2026-04-15 23:00:00;85.02;85.03;84.62;84.9
2026-04-15 22:00:00;84.78;85.59;84.73;85.02
2026-04-15 21:00:00;84.79;84.89;84.18;84.78
2026-04-15 20:00:00;85.51;85.56;84.63;84.79
2026-04-15 19:00:00;85.03;85.83;84.93;85.51
2026-04-15 18:00:00;84.7;85.06;84.59;85.03
2026-04-15 17:00:00;84.54;85.14;84.44;84.69
2026-04-15 16:00:00;84;84.7;83.9;84.54
2026-04-15 15:00:00;84.31;84.47;83.5;84
2026-04-15 14:00:00;83.63;84.49;83.41;84.3
2026-04-15 13:00:00;83.71;83.81;83.21;83.63
2026-04-15 12:00:00;83.6;83.89;83.38;83.72
2026-04-15 11:00:00;83.16;83.68;83.06;83.61
2026-04-15 10:00:00;83.16;83.66;82.9;83.15
2026-04-15 09:00:00;83.14;83.24;82.87;83.16
2026-04-15 08:00:00;82.92;83.29;82.71;83.14
2026-04-15 07:00:00;83.01;83.22;82.65;82.92
2026-04-15 06:00:00;83.13;83.14;82.86;83.01
2026-04-15 05:00:00;83.6;83.79;82.95;83.14
2026-04-15 04:00:00;83.45;83.66;83.32;83.61
2026-04-15 03:00:00;83.4;83.52;83.29;83.45
2026-04-15 02:00:00;83.92;84.02;83.13;83.4
2026-04-15 01:00:00;83.78;84.03;83.55;83.91
2026-04-15 00:00:00;83.72;84.06;83.53;83.78
2026-04-14 23:00:00;83.51;84.06;83.46;83.72
2026-04-14 22:00:00;83.81;83.94;83.3;83.51
2026-04-14 21:00:00;83.61;83.95;83.54;83.82
2026-04-14 20:00:00;83.94;84.14;83.41;83.61
2026-04-14 19:00:00;84.08;84.32;83.71;83.95
2026-04-14 18:00:00;85.25;85.42;83.89;84.08
2026-04-14 17:00:00;85.04;85.45;84.7;85.24
2026-04-14 16:00:00;85.95;86.17;84.77;85.04
2026-04-14 15:00:00;86.02;86.32;85.25;85.95
2026-04-14 14:00:00;87.3;87.67;86.01;86.02
2026-04-14 13:00:00;85.96;87.41;85.92;87.29
2026-04-14 12:00:00;85.78;86;85.6;85.96
2026-04-14 11:00:00;86.01;86.11;85.6;85.78
2026-04-14 10:00:00;86.08;86.56;86;86.01
2026-04-14 09:00:00;86.13;86.26;85.97;86.08
2026-04-14 08:00:00;85.88;86.38;85.72;86.12
2026-04-14 07:00:00;85.95;86.2;85.79;85.88
2026-04-14 06:00:00;85.5;86.09;85.5;85.94
2026-04-14 05:00:00;85.89;85.92;85.43;85.5
2026-04-14 04:00:00;86.05;86.06;85.56;85.89
2026-04-14 03:00:00;86.21;86.27;85.98;86.05
2026-04-14 02:00:00;85.96;86.39;85.8;86.22
2026-04-14 01:00:00;85.9;86.12;85.67;85.95
2026-04-14 00:00:00;86.51;86.75;85.37;85.91
2026-04-13 23:00:00;86.22;86.81;85.91;86.51
2026-04-13 22:00:00;83.95;86.47;83.94;86.22
2026-04-13 21:00:00;83.93;84.14;83.83;83.95
2026-04-13 20:00:00;84.09;84.36;83.81;83.93
2026-04-13 19:00:00;83.21;84.25;83.1;84.08
2026-04-13 18:00:00;83.05;83.27;82.58;83.22
2026-04-13 17:00:00;83.35;83.84;83.01;83.05
2026-04-13 16:00:00;82.66;83.62;82.34;83.35
2026-04-13 15:00:00;83.76;83.82;82.35;82.65
2026-04-13 14:00:00;83.6;83.81;82.76;83.77
2026-04-13 13:00:00;82.54;83.67;82.29;83.6
2026-04-13 12:00:00;81.86;82.79;81.82;82.54
2026-04-13 11:00:00;81.73;82.05;81.69;81.86
2026-04-13 10:00:00;81.86;81.97;81.64;81.73
2026-04-13 09:00:00;81.87;82.22;81.76;81.86
2026-04-13 08:00:00;82.17;82.32;81.74;81.86
2026-04-13 07:00:00;82.36;82.41;81.86;82.17
2026-04-13 06:00:00;81.85;82.6;81.81;82.36
2026-04-13 05:00:00;81.91;81.99;81.54;81.85
2026-04-13 04:00:00;81.9;82.25;81.85;81.9
2026-04-13 03:00:00;81.95;82.07;81.73;81.91
2026-04-13 02:00:00;82.33;82.44;81.89;81.94
2026-04-13 01:00:00;82.15;82.35;81.97;82.33
2026-04-13 00:00:00;81.54;82.22;81.4;82.15
2026-04-12 23:00:00;81.98;81.98;81.27;81.53
2026-04-12 22:00:00;82.79;82.82;81.37;81.98
2026-04-12 21:00:00;82.68;82.88;82.44;82.8
2026-04-12 20:00:00;81.98;82.88;81.94;82.67
2026-04-12 19:00:00;82.14;82.32;81.92;81.99
2026-04-12 18:00:00;82.19;82.32;82.04;82.13
2026-04-12 17:00:00;81.88;82.3;81.75;82.18
2026-04-12 16:00:00;81.59;81.88;81.53;81.88
2026-04-12 15:00:00;81.57;81.82;81.27;81.59
2026-04-12 14:00:00;81.89;82.1;81.29;81.56
2026-04-12 13:00:00;82.01;82.23;81.77;81.89
2026-04-12 12:00:00;82.21;82.56;81.88;82.02
2026-04-12 11:00:00;82.04;82.36;81.92;82.22
2026-04-12 10:00:00;82.21;82.34;81.93;82.04
2026-04-12 09:00:00;82.29;82.41;82.13;82.21
2026-04-12 08:00:00;82.28;82.31;82.15;82.29
2026-04-12 07:00:00;82.27;82.45;82.23;82.27
2026-04-12 06:00:00;82.4;82.5;82.2;82.27
2026-04-12 05:00:00;82.22;82.49;82.06;82.4
2026-04-12 04:00:00;82.32;82.46;82.15;82.21
2026-04-12 03:00:00;82.67;82.79;82.32;82.33
2026-04-12 02:00:00;82.3;83.03;81.84;82.67
2026-04-12 01:00:00;84.89;84.98;82.04;82.31
2026-04-12 00:00:00;84.94;85;84.7;84.9
2026-04-11 23:00:00;85.28;85.28;84.52;84.93
2026-04-11 22:00:00;85.33;86.19;85.05;85.28
2026-04-11 21:00:00;85.41;85.54;85.2;85.34
2026-04-11 20:00:00;86.01;86.08;85.12;85.4
2026-04-11 19:00:00;85.48;86.26;85.42;86.01
2026-04-11 18:00:00;84.8;85.8;84.64;85.48
2026-04-11 17:00:00;84.98;85.01;84.68;84.8
2026-04-11 16:00:00;84.67;85.4;84.6;84.98
2026-04-11 15:00:00;84.38;84.88;84.21;84.66
2026-04-11 14:00:00;84.11;84.42;84.02;84.38
2026-04-11 13:00:00;84.23;84.32;83.84;84.11
2026-04-11 12:00:00;84.24;84.57;84.06;84.24
2026-04-11 11:00:00;84.06;84.28;83.8;84.24
2026-04-11 10:00:00;84.49;84.53;83.95;84.05
2026-04-11 09:00:00;84.16;84.8;84.14;84.5
2026-04-11 08:00:00;84.27;84.43;84.17;84.17
2026-04-11 07:00:00;84.13;84.35;84.07;84.28
2026-04-11 06:00:00;84.09;84.19;83.87;84.13
2026-04-11 05:00:00;84.38;84.4;84.05;84.09
2026-04-11 04:00:00;84.4;84.62;84.21;84.38
2026-04-11 03:00:00;84.81;84.9;84.31;84.4
2026-04-11 02:00:00;84.68;84.93;84.59;84.8
2026-04-11 01:00:00;84.68;84.73;84.38;84.67
2026-04-11 00:00:00;84.83;84.85;84.52;84.68
2026-04-10 23:00:00;84.87;84.95;84.75;84.83
2026-04-10 22:00:00;85.24;85.28;84.65;84.87
2026-04-10 21:00:00;85.44;85.45;84.97;85.23
2026-04-10 20:00:00;85.45;85.67;85.05;85.45
2026-04-10 19:00:00;85.21;85.47;85.11;85.44
2026-04-10 18:00:00;84.88;85.27;84.62;85.21
2026-04-10 17:00:00;84.84;84.9;84.45;84.87
2026-04-10 16:00:00;84.25;84.91;84.14;84.84
2026-04-10 15:00:00;85.08;85.58;84.07;84.24
2026-04-10 14:00:00;84.27;85.24;84.19;85.08
2026-04-10 13:00:00;84.11;84.4;83.59;84.27
2026-04-10 12:00:00;83.52;84.42;83.36;84.11
2026-04-10 11:00:00;83.31;83.74;83.3;83.52
2026-04-10 10:00:00;83.52;83.54;83.11;83.31
2026-04-10 09:00:00;82.92;83.59;82.9;83.53
2026-04-10 08:00:00;82.95;83.11;82.7;82.92
2026-04-10 07:00:00;83.2;83.27;82.86;82.95
2026-04-10 06:00:00;83.39;83.47;83.1;83.2
2026-04-10 05:00:00;83.35;83.59;83.12;83.39
2026-04-10 04:00:00;82.89;83.53;82.87;83.36
2026-04-10 03:00:00;83.25;83.27;82.62;82.9
2026-04-10 02:00:00;83.16;83.46;83.03;83.25
2026-04-10 01:00:00;83.12;83.79;82.82;83.16
2026-04-10 00:00:00;83.33;83.39;82.89;83.13
2026-04-09 23:00:00;83.99;84.06;83.15;83.33
2026-04-09 22:00:00;84.27;85.95;83.95;83.99
2026-04-09 21:00:00;84.26;84.72;84.13;84.27
2026-04-09 20:00:00;84.16;84.53;84.09;84.27
2026-04-09 19:00:00;83.83;84.31;83.41;84.17
2026-04-09 18:00:00;84.65;84.7;83.45;83.83
2026-04-09 17:00:00;83.68;84.69;83.66;84.65
2026-04-09 16:00:00;83.75;84.24;82.92;83.68
2026-04-09 15:00:00;82.19;83.94;81.91;83.75
2026-04-09 14:00:00;81.87;82.32;81.4;82.19
2026-04-09 13:00:00;82.28;82.42;81.57;81.87
2026-04-09 12:00:00;82.18;82.39;81.94;82.28
2026-04-09 11:00:00;82.58;82.71;82.03;82.18
2026-04-09 10:00:00;82.6;82.66;82.37;82.58
2026-04-09 09:00:00;82.47;82.69;82.11;82.61
2026-04-09 08:00:00;82.29;82.65;82.16;82.48
2026-04-09 07:00:00;82.18;82.48;82.18;82.29
2026-04-09 06:00:00;82.17;82.37;81.85;82.18
2026-04-09 05:00:00;81.83;82.33;81.74;82.17
2026-04-09 04:00:00;82.02;82.03;81.82;81.84
2026-04-09 03:00:00;82.12;82.18;81.87;82.03
2026-04-09 02:00:00;82.23;82.44;82.06;82.12
2026-04-09 01:00:00;82.21;82.35;81.7;82.22
2026-04-09 00:00:00;82.56;82.67;82.08;82.21
2026-04-08 23:00:00;82.63;83.02;82.24;82.57
2026-04-08 22:00:00;83.4;83.44;82.6;82.63
2026-04-08 21:00:00;83.27;83.61;83.18;83.4
2026-04-08 20:00:00;83.19;83.38;83.02;83.28
2026-04-08 19:00:00;82.93;83.24;82.77;83.19
2026-04-08 18:00:00;83.98;84.03;82.82;82.93
2026-04-08 17:00:00;83.49;84.18;83.3;83.97
2026-04-08 16:00:00;83.33;83.6;83.05;83.48
2026-04-08 15:00:00;82.9;83.46;82.8;83.34
2026-04-08 14:00:00;84.05;84.16;82.51;82.9
2026-04-08 13:00:00;84.54;84.98;83.92;84.05
2026-04-08 12:00:00;84.46;84.69;84.09;84.54
2026-04-08 11:00:00;84.5;84.83;84.11;84.45
2026-04-08 10:00:00;84.66;84.8;84.49;84.5
2026-04-08 09:00:00;84.86;84.98;84.53;84.66
2026-04-08 08:00:00;84.51;84.88;84.43;84.86
2026-04-08 07:00:00;84.55;84.71;84.21;84.5
2026-04-08 06:00:00;84.22;84.71;83.89;84.55
2026-04-08 05:00:00;84.5;84.76;84.16;84.22
2026-04-08 04:00:00;84.56;85.03;84.49;84.49
2026-04-08 03:00:00;84.6;84.68;84.37;84.56
2026-04-08 02:00:00;84.68;84.97;84.4;84.61
2026-04-08 01:00:00;84.77;84.98;84.45;84.69
2026-04-08 00:00:00;85.56;85.9;84.26;84.76
2026-04-07 23:00:00;85.24;87.02;85.1;85.56
2026-04-07 22:00:00;82.92;85.24;82.91;85.24
2026-04-07 21:00:00;81.94;83.24;81.87;82.91
2026-04-07 20:00:00;81.63;82.41;81.63;81.93
2026-04-07 19:00:00;79.93;81.83;79.89;81.63
2026-04-07 18:00:00;80.07;80.23;79.51;79.94
2026-04-07 17:00:00;78.89;81;78.83;80.07
2026-04-07 16:00:00;78.86;79.19;78.65;78.89
2026-04-07 15:00:00;78.59;78.99;78.38;78.86
2026-04-07 14:00:00;78.88;79.06;78.4;78.59
2026-04-07 13:00:00;79.14;79.24;78.83;78.87
2026-04-07 12:00:00;79.22;79.39;78.69;79.14
2026-04-07 11:00:00;79.37;79.55;78.95;79.21
2026-04-07 10:00:00;80.38;80.46;79.22;79.37
2026-04-07 09:00:00;80.15;80.59;80.15;80.39
2026-04-07 08:00:00;79.87;80.36;79.82;80.14
2026-04-07 07:00:00;79.54;79.94;79.45;79.87
2026-04-07 06:00:00;79.6;79.65;79.31;79.53
2026-04-07 05:00:00;79.93;79.97;79.46;79.61
2026-04-07 04:00:00;79.8;80.17;79.67;79.92
2026-04-07 03:00:00;79.73;79.91;79.7;79.8
2026-04-07 02:00:00;79.53;79.9;79.47;79.72
2026-04-07 01:00:00;79.91;80.14;79.38;79.53
2026-04-07 00:00:00;80.03;80.23;79.6;79.91
2026-04-06 23:00:00;80.17;80.29;79.6;80.03
2026-04-06 22:00:00;81.48;81.51;80.16;80.17
2026-04-06 21:00:00;82;82;81.38;81.49
2026-04-06 20:00:00;81.91;82.15;81.81;82
2026-04-06 19:00:00;81.87;81.98;81.56;81.9
2026-04-06 18:00:00;81.64;82.22;81.55;81.88
2026-04-06 17:00:00;81.6;81.79;81.19;81.64
2026-04-06 16:00:00;82.28;82.48;81.58;81.59
2026-04-06 15:00:00;82.22;82.46;82;82.27
2026-04-06 14:00:00;82.46;82.81;81.73;82.23
2026-04-06 13:00:00;82.3;82.67;82.18;82.46
2026-04-06 12:00:00;82.44;82.53;82.21;82.3
2026-04-06 11:00:00;82.68;82.68;82.31;82.45
2026-04-06 10:00:00;82.47;82.9;82.47;82.68
2026-04-06 09:00:00;81.99;83.2;81.88;82.47
2026-04-06 08:00:00;81.83;82.26;81.71;82
2026-04-06 07:00:00;81.5;81.97;81.35;81.82
2026-04-06 06:00:00;81.9;82.14;80.97;81.5
2026-04-06 05:00:00;81.99;82.08;81.84;81.91
2026-04-06 04:00:00;82.11;82.34;81.79;82
2026-04-06 03:00:00;82.41;82.48;81.94;82.11
2026-04-06 02:00:00;81.7;82.8;81.66;82.41
2026-04-06 01:00:00;82.33;82.42;81.68;81.69
2026-04-06 00:00:00;81.89;82.97;81.89;82.32
2026-04-05 23:00:00;80.58;82.13;80.46;81.89
2026-04-05 22:00:00;79.74;80.69;79.1;80.58
2026-04-05 21:00:00;80.16;80.19;79.51;79.75
2026-04-05 20:00:00;79.83;80.22;79.81;80.16
2026-04-05 19:00:00;79.96;80.23;79.54;79.83
2026-04-05 18:00:00;79.89;80.14;79.71;79.95
2026-04-05 17:00:00;79.47;79.93;79.37;79.9
2026-04-05 16:00:00;79.59;79.82;79.39;79.46
2026-04-05 15:00:00;79.29;80.33;79;79.6
2026-04-05 14:00:00;79.21;79.48;79.13;79.29
2026-04-05 13:00:00;79.01;79.25;78.52;79.21
2026-04-05 12:00:00;79.91;79.95;78.8;79
2026-04-05 11:00:00;79.84;79.92;79.75;79.9
2026-04-05 10:00:00;79.83;80.24;79.78;79.84
2026-04-05 09:00:00;79.62;79.88;79.62;79.84
2026-04-05 08:00:00;79.59;79.71;79.54;79.62
2026-04-05 07:00:00;79.59;79.88;79.51;79.6
2026-04-05 06:00:00;80.3;80.38;79.41;79.59
2026-04-05 05:00:00;80.33;80.43;80.14;80.31
2026-04-05 04:00:00;80.55;80.58;80.29;80.33
2026-04-05 03:00:00;80.59;80.62;80.41;80.55
2026-04-05 02:00:00;80.5;80.64;80.37;80.59
2026-04-05 01:00:00;80.7;80.79;80.49;80.51
2026-04-05 00:00:00;80.84;80.85;80.54;80.7
2026-04-04 23:00:00;81;81;80.7;80.83
2026-04-04 22:00:00;80.93;81.06;80.88;81
2026-04-04 21:00:00;80.8;81.04;80.76;80.92
2026-04-04 20:00:00;80.86;80.87;80.62;80.81
2026-04-04 19:00:00;80.84;81.32;80.75;80.85
2026-04-04 18:00:00;80.93;81.13;80.7;80.84
2026-04-04 17:00:00;80.75;81.03;80.61;80.93
2026-04-04 16:00:00;81.1;81.35;80.7;80.74
2026-04-04 15:00:00;80.35;81.61;80.27;81.1
2026-04-04 14:00:00;80.03;80.37;79.57;80.36
2026-04-04 13:00:00;80.11;80.26;79.93;80.03
2026-04-04 12:00:00;80.2;80.25;80.01;80.1
2026-04-04 11:00:00;80.23;80.29;80.04;80.21
2026-04-04 10:00:00;80.04;80.29;80.02;80.24
2026-04-04 09:00:00;79.98;80.1;79.92;80.04
2026-04-04 08:00:00;80.32;80.4;79.93;79.99
2026-04-04 07:00:00;80.47;80.49;80.21;80.32
2026-04-04 06:00:00;80.19;80.54;80.14;80.46
2026-04-04 05:00:00;80.26;80.3;80.11;80.2
2026-04-04 04:00:00;80.18;80.32;80.15;80.26
2026-04-04 03:00:00;80.18;80.29;80.16;80.18
2026-04-04 02:00:00;80.14;80.34;80.07;80.19
2026-04-04 01:00:00;80.23;80.34;80.06;80.14
2026-04-04 00:00:00;80.39;80.42;80.15;80.24
2026-04-03 23:00:00;80.16;80.54;80.13;80.4
2026-04-03 22:00:00;80.41;80.5;79.92;80.15
2026-04-03 21:00:00;80.2;80.73;80.12;80.4
2026-04-03 20:00:00;80.21;80.33;80.16;80.2
2026-04-03 19:00:00;80.13;80.3;79.87;80.21
2026-04-03 18:00:00;80.19;80.45;80.08;80.13
2026-04-03 17:00:00;80.55;80.56;79.89;80.2
2026-04-03 16:00:00;80.33;80.67;80.23;80.56
2026-04-03 15:00:00;80.24;80.65;80.14;80.33
2026-04-03 14:00:00;79.6;80.33;79.43;80.25
2026-04-03 13:00:00;79.34;79.62;79.17;79.6
2026-04-03 12:00:00;80.18;80.91;79.23;79.34
2026-04-03 11:00:00;80.16;80.47;79.89;80.18
2026-04-03 10:00:00;79.96;80.2;79.69;80.15
2026-04-03 09:00:00;79.77;80.21;79.65;79.96
2026-04-03 08:00:00;79.96;80.17;79.64;79.77
2026-04-03 07:00:00;79.65;80.16;79.45;79.96
2026-04-03 06:00:00;79.33;79.71;79.2;79.65
2026-04-03 05:00:00;79.32;79.65;79.06;79.33
2026-04-03 04:00:00;79;79.53;78.99;79.32
2026-04-03 03:00:00;79.34;79.45;78.99;79
2026-04-03 02:00:00;79.18;79.6;78.85;79.34
2026-04-03 01:00:00;79.23;79.79;79;79.17
2026-04-03 00:00:00;78.95;79.38;78.87;79.23
2026-04-02 23:00:00;78.99;79.15;78.8;78.94
2026-04-02 22:00:00;78.96;79.14;78.73;78.99
2026-04-02 21:00:00;79.17;79.24;78.63;78.97
2026-04-02 20:00:00;78.99;79.37;78.77;79.16
2026-04-02 19:00:00;79.13;79.25;78.7;78.98
2026-04-02 18:00:00;78.59;79.28;78.43;79.13
2026-04-02 17:00:00;79.42;79.67;78.55;78.59
2026-04-02 16:00:00;79.03;79.88;78.71;79.43
2026-04-02 15:00:00;79.07;79.25;78.35;79.03
2026-04-02 14:00:00;77.74;79.73;77.51;79.07
2026-04-02 13:00:00;77.96;78.25;76.7;77.74
2026-04-02 12:00:00;78.32;78.59;77.9;77.97
2026-04-02 11:00:00;78.9;78.99;78.2;78.31
2026-04-02 10:00:00;79.27;79.32;78.8;78.9
2026-04-02 09:00:00;79.12;79.36;78.93;79.26
2026-04-02 08:00:00;79.64;79.64;79.04;79.12
2026-04-02 07:00:00;79.13;79.67;79;79.65
2026-04-02 06:00:00;79.26;79.43;78.95;79.12
2026-04-02 05:00:00;78.83;79.43;78.62;79.26
2026-04-02 04:00:00;79.01;79.19;78.75;78.82
2026-04-02 03:00:00;78.87;79.41;78.69;79.01
2026-04-02 02:00:00;79.34;79.34;78.3;78.87
2026-04-02 01:00:00;81.63;81.63;78.97;79.34
2026-04-02 00:00:00;81.19;81.77;80.92;81.63
2026-04-01 23:00:00;81.17;81.45;81.02;81.18
2026-04-01 22:00:00;81.85;81.94;80.77;81.17
2026-04-01 21:00:00;82.57;83.18;81.42;81.86
2026-04-01 20:00:00;83.83;83.88;82.3;82.57
2026-04-01 19:00:00;83.65;84.43;83.64;83.82
2026-04-01 18:00:00;84.43;84.49;83.55;83.66
2026-04-01 17:00:00;85.25;86.65;84.25;84.44
2026-04-01 16:00:00;83.62;85.33;83.08;85.26
2026-04-01 15:00:00;83.39;83.88;83.09;83.63
2026-04-01 14:00:00;82.66;83.56;82.51;83.39
2026-04-01 13:00:00;83.04;83.44;82.4;82.67
2026-04-01 12:00:00;83.37;83.73;82.8;83.03
2026-04-01 11:00:00;83.37;83.58;83.17;83.37
2026-04-01 10:00:00;83.38;83.5;83.07;83.38
2026-04-01 09:00:00;83.63;83.77;83.14;83.38
2026-04-01 08:00:00;83.84;84.06;83.43;83.62
2026-04-01 07:00:00;84.46;84.74;83.81;83.84
2026-04-01 06:00:00;84.14;84.74;84.02;84.45
2026-04-01 05:00:00;83.75;84.32;83.36;84.14
2026-04-01 04:00:00;83.44;83.86;83.26;83.74
2026-04-01 03:00:00;82.65;83.49;82.65;83.43
2026-04-01 02:00:00;82.74;82.91;82.48;82.65
2026-04-01 01:00:00;83.41;83.47;82.72;82.73
2026-04-01 00:00:00;83.19;83.58;82.85;83.4
2026-03-31 23:00:00;82.77;83.26;82.67;83.2
2026-03-31 22:00:00;82.86;82.91;82.33;82.76
2026-03-31 21:00:00;83.17;83.19;82.63;82.86
2026-03-31 20:00:00;82.7;83.4;82.61;83.16
2026-03-31 19:00:00;82.89;82.97;82.47;82.7
2026-03-31 18:00:00;82.38;83.09;82.38;82.9
2026-03-31 17:00:00;82.39;83.47;82.18;82.37
2026-03-31 16:00:00;80.87;82.9;80.87;82.39
2026-03-31 15:00:00;80.63;81.68;80.63;80.86
2026-03-31 14:00:00;81.85;82.59;80.4;80.63
2026-03-31 13:00:00;80.78;82.04;80.74;81.86
2026-03-31 12:00:00;80.85;81.09;80.4;80.78
2026-03-31 11:00:00;80.47;80.98;80.28;80.85
2026-03-31 10:00:00;80.55;80.94;80.33;80.47
2026-03-31 09:00:00;82.25;82.47;80.08;80.55
2026-03-31 08:00:00;83.1;83.35;82.24;82.25
2026-03-31 07:00:00;83.41;83.44;82.68;83.1
2026-03-31 06:00:00;83.76;83.83;83.05;83.41
2026-03-31 05:00:00;83.33;83.77;82.9;83.77
2026-03-31 04:00:00;83.6;83.91;83.28;83.34
2026-03-31 03:00:00;83.82;83.92;83.28;83.6
2026-03-31 02:00:00;83.85;84.07;83.59;83.83
2026-03-31 01:00:00;82.73;84.62;82.6;83.85
2026-03-31 00:00:00;82.55;82.96;82.15;82.72
2026-03-30 23:00:00;82.81;82.82;82.14;82.54
2026-03-30 22:00:00;83.16;83.5;82.65;82.81
2026-03-30 21:00:00;82.79;83.68;82.69;83.15
2026-03-30 20:00:00;82.38;82.9;82.36;82.79
2026-03-30 19:00:00;82.68;82.7;81.96;82.39
2026-03-30 18:00:00;83.25;83.43;82.45;82.69
2026-03-30 17:00:00;84.22;84.42;83.08;83.26
2026-03-30 16:00:00;84.5;84.55;83.93;84.22
2026-03-30 15:00:00;84.4;84.76;83.88;84.51
2026-03-30 14:00:00;84.01;84.64;83.65;84.39
2026-03-30 13:00:00;84.5;84.99;83.93;84.01
2026-03-30 12:00:00;84.25;84.61;84.12;84.49
2026-03-30 11:00:00;83.92;84.68;83.85;84.24
2026-03-30 10:00:00;84.14;84.21;83.55;83.92
2026-03-30 09:00:00;84.52;84.52;84.11;84.14
2026-03-30 08:00:00;84.01;84.88;84;84.52
2026-03-30 07:00:00;83.47;84.26;83.34;84.02
2026-03-30 06:00:00;83.63;83.87;83.41;83.47
2026-03-30 05:00:00;83.76;84.18;83.47;83.64
2026-03-30 04:00:00;83.27;83.86;83.26;83.77
2026-03-30 03:00:00;83.34;83.56;82.92;83.27
2026-03-30 02:00:00;82.72;83.94;82.46;83.35
2026-03-30 01:00:00;81.89;82.89;81.89;82.71
2026-03-30 00:00:00;81.45;83.02;81.15;81.89
2026-03-29 23:00:00;80.94;81.71;80.9;81.44
2026-03-29 22:00:00;82.15;82.15;78.96;80.94
2026-03-29 21:00:00;81.93;82.21;81.84;82.16
2026-03-29 20:00:00;81.62;82.23;81.6;81.94
2026-03-29 19:00:00;81.81;81.88;81.56;81.62
2026-03-29 18:00:00;81.56;81.92;81.4;81.81
2026-03-29 17:00:00;81.71;81.86;81.12;81.56
2026-03-29 16:00:00;81.82;82.12;81.63;81.71
2026-03-29 15:00:00;81.94;82.15;81.36;81.81
2026-03-29 14:00:00;81.92;82.44;81.72;81.93
2026-03-29 13:00:00;82.45;82.47;81.7;81.92
2026-03-29 12:00:00;82.59;82.65;82.23;82.44
2026-03-29 11:00:00;82.13;82.84;82.12;82.58
2026-03-29 10:00:00;82.35;82.35;81.98;82.12
2026-03-29 09:00:00;82.47;82.54;82.17;82.36
2026-03-29 08:00:00;82.45;82.61;82.34;82.47
2026-03-29 07:00:00;82.5;82.62;82.23;82.45
2026-03-29 06:00:00;82.72;82.84;82.3;82.5
2026-03-29 05:00:00;82.78;82.88;82.41;82.73
2026-03-29 04:00:00;83.01;83.04;82.73;82.79
2026-03-29 03:00:00;82.77;83.24;82.7;83
2026-03-29 02:00:00;82.48;82.84;82.42;82.78
2026-03-29 01:00:00;82.21;82.53;82.1;82.48
2026-03-29 00:00:00;82.09;82.28;81.87;82.21
2026-03-28 23:00:00;82.8;82.8;81.69;82.09
2026-03-28 22:00:00;82.71;82.91;82.47;82.8
2026-03-28 21:00:00;83.41;83.45;82.36;82.72
2026-03-28 20:00:00;83.28;83.52;83.28;83.42
2026-03-28 19:00:00;83.38;83.43;83.04;83.28
2026-03-28 18:00:00;83.32;83.54;83.3;83.39
2026-03-28 17:00:00;83.57;83.74;83.14;83.32
2026-03-28 16:00:00;83.84;83.95;83.49;83.57
2026-03-28 15:00:00;83.23;84.29;83.19;83.83
2026-03-28 14:00:00;83.37;83.55;83;83.24
2026-03-28 13:00:00;82.68;84.12;82.67;83.38
2026-03-28 12:00:00;82.94;83.2;82.6;82.68
2026-03-28 11:00:00;83.01;83.06;82.9;82.94
2026-03-28 10:00:00;83.05;83.33;82.69;83.01
2026-03-28 09:00:00;83.4;83.4;82.94;83.06
2026-03-28 08:00:00;83.62;83.73;83.38;83.4
2026-03-28 07:00:00;83.18;83.67;83.17;83.62
2026-03-28 06:00:00;82.75;83.27;82.66;83.18
2026-03-28 05:00:00;82.58;82.79;82.38;82.75
2026-03-28 04:00:00;82.6;82.79;82.4;82.58
2026-03-28 03:00:00;82.57;82.73;82.52;82.6
2026-03-28 02:00:00;82.66;82.91;82.38;82.56
2026-03-28 01:00:00;82.85;82.87;82.25;82.66
2026-03-28 00:00:00;83.11;83.11;82.72;82.86
2026-03-27 23:00:00;82.74;83.14;82.48;83.11
2026-03-27 22:00:00;82.75;82.84;82.54;82.73
2026-03-27 21:00:00;82.77;83.07;82.69;82.76
2026-03-27 20:00:00;82.81;82.98;82.38;82.77
2026-03-27 19:00:00;82.39;82.91;82.08;82.81
2026-03-27 18:00:00;82.24;82.5;81.86;82.39
2026-03-27 17:00:00;83.02;83.44;82.09;82.23
2026-03-27 16:00:00;83.36;83.38;82.66;83.03
2026-03-27 15:00:00;83.17;84.03;82.98;83.35
2026-03-27 14:00:00;82.94;83.36;82.6;83.18
2026-03-27 13:00:00;83.11;83.56;82.5;82.95
2026-03-27 12:00:00;83.39;83.44;83.06;83.1
2026-03-27 11:00:00;83.02;83.64;82.63;83.39
2026-03-27 10:00:00;85.08;85.15;82.66;83.02
2026-03-27 09:00:00;85.12;85.26;84.42;85.08
2026-03-27 08:00:00;85.92;86.14;84.38;85.12
2026-03-27 07:00:00;86.07;86.34;85.69;85.92
2026-03-27 06:00:00;86.1;86.39;85.89;86.07
2026-03-27 05:00:00;86.16;86.75;85.93;86.1
2026-03-27 04:00:00;86.42;86.44;85.74;86.17
2026-03-27 03:00:00;86.69;86.79;86.35;86.42
2026-03-27 02:00:00;86.89;87.04;86.53;86.7
2026-03-27 01:00:00;86.54;86.9;86.44;86.88
2026-03-27 00:00:00;86.52;86.8;86.19;86.55
2026-03-26 23:00:00;86.82;86.96;86.19;86.53
2026-03-26 22:00:00;86.83;86.89;86.22;86.81
2026-03-26 21:00:00;86.35;87.14;86.22;86.84
2026-03-26 20:00:00;85.48;87.12;85.45;86.34
2026-03-26 19:00:00;86.06;86.08;85.45;85.48
2026-03-26 18:00:00;86.62;86.82;85.73;86.06
2026-03-26 17:00:00;87.2;87.49;86.51;86.63
2026-03-26 16:00:00;87.53;87.73;87.14;87.2
2026-03-26 15:00:00;87.54;87.81;86.73;87.54
2026-03-26 14:00:00;87.93;88.19;87.17;87.54
2026-03-26 13:00:00;87.56;88.24;87.33;87.92
2026-03-26 12:00:00;87.58;87.81;87.41;87.56
2026-03-26 11:00:00;87.95;88.13;87.45;87.58
2026-03-26 10:00:00;88.12;88.34;87.79;87.94
2026-03-26 09:00:00;88.88;89.02;87.73;88.12
2026-03-26 08:00:00;89.1;89.11;88.65;88.88
2026-03-26 07:00:00;89.06;89.36;88.81;89.1
2026-03-26 06:00:00;89.25;89.31;88.81;89.05
2026-03-26 05:00:00;90.82;90.85;89.12;89.26
2026-03-26 04:00:00;91.07;91.08;90.68;90.82
2026-03-26 03:00:00;90.95;91.16;90.61;91.07
2026-03-26 02:00:00;91.83;91.85;90.67;90.96
2026-03-26 01:00:00;91.7;91.96;91.6;91.84
2026-03-26 00:00:00;91.7;91.98;91.49;91.7
2026-03-25 23:00:00;91.74;91.84;91.47;91.7
2026-03-25 22:00:00;91.27;91.96;91.03;91.75
2026-03-25 21:00:00;91.48;91.62;91.16;91.27
2026-03-25 20:00:00;91.76;91.78;91.1;91.48
2026-03-25 19:00:00;91.69;91.99;91.4;91.75
2026-03-25 18:00:00;91.71;92.19;91.46;91.69
2026-03-25 17:00:00;92.21;92.34;91.6;91.71
2026-03-25 16:00:00;91.77;92.73;91.59;92.21
2026-03-25 15:00:00;91.95;92.07;91;91.77
2026-03-25 14:00:00;92.74;92.91;91.92;91.95
2026-03-25 13:00:00;93.04;93.41;92.69;92.74
2026-03-25 12:00:00;92.99;93.43;92.34;93.04
2026-03-25 11:00:00;92.64;93.47;92.45;92.99
2026-03-25 10:00:00;92.54;92.7;92.39;92.65
2026-03-25 09:00:00;92.36;92.67;92.13;92.55
2026-03-25 08:00:00;91.82;92.74;91.82;92.36
2026-03-25 07:00:00;92.4;92.5;91.76;91.81
2026-03-25 06:00:00;92.42;92.93;92.27;92.39
2026-03-25 05:00:00;92.06;92.96;91.97;92.42
2026-03-25 04:00:00;91.69;92.11;91.59;92.05
2026-03-25 03:00:00;91.13;91.95;90.79;91.69
2026-03-25 02:00:00;90.95;91.5;90.82;91.13
2026-03-25 01:00:00;91.32;91.47;90.94;90.94
2026-03-25 00:00:00;90.8;91.62;90.71;91.32
2026-03-24 23:00:00;90.32;91.13;90.23;90.8
2026-03-24 22:00:00;90.39;90.77;90.07;90.32
2026-03-24 21:00:00;90.04;90.6;89.69;90.39
2026-03-24 20:00:00;88.53;90.24;88.51;90.04
2026-03-24 19:00:00;88.91;89.31;88.42;88.52
2026-03-24 18:00:00;89.18;89.69;88.89;88.9
2026-03-24 17:00:00;89.29;89.4;88.72;89.18
2026-03-24 16:00:00;89.74;89.98;89.09;89.28
2026-03-24 15:00:00;89.57;90.3;89.51;89.74
2026-03-24 14:00:00;89.86;90.23;88.7;89.57
2026-03-24 13:00:00;91.58;91.75;89.54;89.86
2026-03-24 12:00:00;91.78;91.86;91.36;91.59
2026-03-24 11:00:00;91.86;92.17;91.36;91.77
2026-03-24 10:00:00;92.12;92.22;91.74;91.86
2026-03-24 09:00:00;91.57;92.15;91.12;92.11
2026-03-24 08:00:00;91.71;91.95;91.26;91.58
2026-03-24 07:00:00;90.47;91.89;90.4;91.72
2026-03-24 06:00:00;90.13;90.53;90.06;90.47
2026-03-24 05:00:00;90.35;90.41;89.99;90.13
2026-03-24 04:00:00;90.34;90.82;90.14;90.34
2026-03-24 03:00:00;90.15;90.35;89.96;90.35
2026-03-24 02:00:00;90.41;90.76;90.12;90.16
2026-03-24 01:00:00;90.99;91.05;90.14;90.41
2026-03-24 00:00:00;91.44;91.68;90.6;91
2026-03-23 23:00:00;91.52;91.57;90.98;91.43
2026-03-23 22:00:00;91.62;91.9;91.17;91.52
2026-03-23 21:00:00;91.79;91.97;91.51;91.62
2026-03-23 20:00:00;91.38;92.02;91.24;91.79
2026-03-23 19:00:00;91.61;91.9;91.24;91.39
2026-03-23 18:00:00;91.28;91.8;90.93;91.62
2026-03-23 17:00:00;90.35;91.44;89.7;91.28
2026-03-23 16:00:00;89.96;90.47;89.4;90.35
2026-03-23 15:00:00;91.52;92.26;89.8;89.95
2026-03-23 14:00:00;91.34;91.73;91.04;91.51
2026-03-23 13:00:00;90.24;91.49;89.9;91.34
2026-03-23 12:00:00;88.78;90.5;88.33;90.23
2026-03-23 11:00:00;86.06;91.93;86.05;88.78
2026-03-23 10:00:00;85.76;86.32;85.66;86.06
2026-03-23 09:00:00;85.96;86.02;85.19;85.76
2026-03-23 08:00:00;86;86.46;85.85;85.95
2026-03-23 07:00:00;85.75;86.23;85.11;85.99
2026-03-23 06:00:00;87.18;87.18;85.44;85.75
2026-03-23 05:00:00;86.9;87.33;86.85;87.19
2026-03-23 04:00:00;86.39;86.92;86.32;86.91
2026-03-23 03:00:00;86.71;87.22;86.38;86.4
2026-03-23 02:00:00;86.1;86.98;86.05;86.7
2026-03-23 01:00:00;85.9;86.61;85.74;86.09
2026-03-23 00:00:00;86.21;86.61;85.47;85.9
2026-03-22 23:00:00;86.75;87.02;86.01;86.2
2026-03-22 22:00:00;86;86.77;85.51;86.75
2026-03-22 21:00:00;86.58;86.64;85.14;85.99
2026-03-22 20:00:00;86.87;87.19;86.55;86.58
2026-03-22 19:00:00;87.01;87.02;86.57;86.86
2026-03-22 18:00:00;87.26;87.32;86.51;87.01
2026-03-22 17:00:00;87.48;87.56;87.2;87.26
2026-03-22 16:00:00;87.58;87.71;87.26;87.48
2026-03-22 15:00:00;87.2;87.59;87.17;87.57
2026-03-22 14:00:00;87.32;87.6;87.04;87.21
2026-03-22 13:00:00;87.27;87.74;87.01;87.33
2026-03-22 12:00:00;86.84;87.47;86.82;87.27
2026-03-22 11:00:00;87.34;87.51;86.84;86.85
2026-03-22 10:00:00;87.32;87.51;87.23;87.34
2026-03-22 09:00:00;87.37;87.66;87.19;87.32
2026-03-22 08:00:00;87.7;87.74;86.85;87.38
2026-03-22 07:00:00;88.2;88.33;87.67;87.7
2026-03-22 06:00:00;88.48;88.48;88.14;88.2
2026-03-22 05:00:00;89.02;89.02;88.44;88.48
2026-03-22 04:00:00;88.67;89.2;88.6;89.03
2026-03-22 03:00:00;88.15;89.17;87.77;88.68
2026-03-22 02:00:00;87.46;88.48;87.36;88.16
2026-03-22 01:00:00;87.32;87.72;86.96;87.45
2026-03-22 00:00:00;87.55;87.78;86.26;87.33
2026-03-21 23:00:00;89.9;89.9;87.14;87.56
2026-03-21 22:00:00;90;90.07;89.82;89.9
2026-03-21 21:00:00;90.16;90.22;89.92;90.01
2026-03-21 20:00:00;89.8;90.29;89.78;90.16
2026-03-21 19:00:00;89.77;89.91;89.7;89.79
2026-03-21 18:00:00;89.55;89.95;89.55;89.78
2026-03-21 17:00:00;89.69;89.71;89.41;89.56
2026-03-21 16:00:00;89.83;90;89.57;89.69
2026-03-21 15:00:00;89.68;89.94;89.39;89.82
2026-03-21 14:00:00;90.04;90.42;89.66;89.67
2026-03-21 13:00:00;90.19;90.29;89.98;90.04
2026-03-21 12:00:00;89.95;90.2;89.88;90.2
2026-03-21 11:00:00;89.97;90.02;89.82;89.94
2026-03-21 10:00:00;90.2;90.24;89.89;89.97
2026-03-21 09:00:00;89.99;90.4;89.97;90.19
2026-03-21 08:00:00;90.12;90.13;89.81;90
2026-03-21 07:00:00;90.17;90.4;89.93;90.12
2026-03-21 06:00:00;89.97;90.32;89.91;90.16
2026-03-21 05:00:00;90.29;90.52;89.96;89.97
2026-03-21 04:00:00;90.45;90.81;90.16;90.28
2026-03-21 03:00:00;90.47;90.6;90.33;90.45
2026-03-21 02:00:00;89.86;90.65;89.76;90.47
2026-03-21 01:00:00;90.01;90.34;89.73;89.87
2026-03-21 00:00:00;89.85;90.24;89.84;90.02
2026-03-20 23:00:00;90.09;90.13;89.72;89.84
2026-03-20 22:00:00;89.59;90.26;89.59;90.1
2026-03-20 21:00:00;89.01;90.04;88.92;89.6
2026-03-20 20:00:00;88.99;89.36;88.65;89.01
2026-03-20 19:00:00;88.56;89.06;88.22;88.99
2026-03-20 18:00:00;88.89;89;88.16;88.56
2026-03-20 17:00:00;88.91;89.04;88.13;88.89
2026-03-20 16:00:00;88.94;89.23;88.62;88.9
2026-03-20 15:00:00;88.92;89.32;88.61;88.94
2026-03-20 14:00:00;88.81;89.73;88.51;88.92
2026-03-20 13:00:00;89.15;89.64;88.61;88.82
2026-03-20 12:00:00;89.15;89.53;89.02;89.15
2026-03-20 11:00:00;89.33;89.6;88.88;89.15
2026-03-20 10:00:00;88.97;89.49;88.61;89.33
2026-03-20 09:00:00;89.78;89.78;88.65;88.97
2026-03-20 08:00:00;89.38;90.45;89.32;89.78
2026-03-20 07:00:00;89.1;89.5;88.5;89.37
2026-03-20 06:00:00;89.36;89.36;88.94;89.09
2026-03-20 05:00:00;89.28;89.55;88.87;89.36
2026-03-20 04:00:00;89.57;89.75;88.73;89.28
2026-03-20 03:00:00;89.31;89.71;89.24;89.57
2026-03-20 02:00:00;89.47;89.6;88.88;89.31
2026-03-20 01:00:00;89.41;89.8;89.33;89.47
2026-03-20 00:00:00;88.9;89.43;88.87;89.41
2026-03-19 23:00:00;88.77;89.19;88.59;88.89
2026-03-19 22:00:00;89.12;89.17;88.37;88.76
2026-03-19 21:00:00;88.98;89.32;88.88;89.11
2026-03-19 20:00:00;88.71;89.21;88.66;88.99
2026-03-19 19:00:00;88.13;89.26;88.12;88.72
2026-03-19 18:00:00;88.13;88.32;87.66;88.13
2026-03-19 17:00:00;87.68;88.35;87.07;88.14
2026-03-19 16:00:00;87.63;87.8;87;87.69
2026-03-19 15:00:00;88.23;88.76;87.15;87.63
2026-03-19 14:00:00;88.52;88.9;87.45;88.23
2026-03-19 13:00:00;88.11;88.74;87.55;88.52
2026-03-19 12:00:00;89.62;89.62;88.03;88.11
2026-03-19 11:00:00;89.81;90.03;89.47;89.62
2026-03-19 10:00:00;90.19;90.48;89.78;89.81
2026-03-19 09:00:00;89.35;90.39;89.17;90.2
2026-03-19 08:00:00;89.41;89.64;89.09;89.34
2026-03-19 07:00:00;89.87;90.05;88.63;89.42
2026-03-19 06:00:00;89.77;90.12;89.52;89.86
2026-03-19 05:00:00;89.91;90.11;89.66;89.76
2026-03-19 04:00:00;90.74;90.74;89.75;89.91
2026-03-19 03:00:00;89.99;91.41;89.92;90.74
2026-03-19 02:00:00;90.18;90.39;89.79;89.99
2026-03-19 01:00:00;90.11;90.38;89.92;90.19
2026-03-19 00:00:00;90.07;90.3;89.82;90.11
2026-03-18 23:00:00;90.02;90.16;89.69;90.08
2026-03-18 22:00:00;90.46;90.48;89.92;90.02
2026-03-18 21:00:00;89.99;90.62;89.94;90.47
2026-03-18 20:00:00;89.7;90.13;88.99;89.99
2026-03-18 19:00:00;89.58;90.07;89.44;89.71
2026-03-18 18:00:00;89.94;90.86;89.38;89.58
2026-03-18 17:00:00;88.97;90.36;88.83;89.94
2026-03-18 16:00:00;89.36;89.36;88.61;88.97
2026-03-18 15:00:00;88.95;89.49;88.55;89.37
2026-03-18 14:00:00;90.32;90.4;88.85;88.96
2026-03-18 13:00:00;90.43;90.75;89.9;90.32
2026-03-18 12:00:00;92;92.03;90.31;90.43
2026-03-18 11:00:00;93.85;94.08;91.82;92
2026-03-18 10:00:00;94.28;94.43;93.51;93.86
2026-03-18 09:00:00;94.04;94.44;93.95;94.28
2026-03-18 08:00:00;93.95;94.26;93.94;94.04
2026-03-18 07:00:00;94.22;94.3;93.83;93.95
2026-03-18 06:00:00;93.92;94.64;93.92;94.21
2026-03-18 05:00:00;94.13;94.39;93.72;93.92
2026-03-18 04:00:00;95.06;95.12;94;94.13
2026-03-18 03:00:00;94.94;95.65;94.82;95.05
2026-03-18 02:00:00;94.43;95.23;94.41;94.94
2026-03-18 01:00:00;94.54;94.93;94.32;94.43
2026-03-18 00:00:00;94.61;94.93;94.1;94.53
2026-03-17 23:00:00;95.32;95.44;94.58;94.62
2026-03-17 22:00:00;95.27;95.62;94.59;95.33
2026-03-17 21:00:00;94.89;95.46;94.84;95.26
2026-03-17 20:00:00;94.66;95.03;94.41;94.9
2026-03-17 19:00:00;95.33;95.57;94.61;94.67
2026-03-17 18:00:00;94.57;95.59;94.45;95.32
2026-03-17 17:00:00;94.39;94.72;94.15;94.57
2026-03-17 16:00:00;93.82;94.79;93.72;94.39
2026-03-17 15:00:00;94.5;95.13;93.25;93.82
2026-03-17 14:00:00;93.8;94.68;93.5;94.5
2026-03-17 13:00:00;93.41;94.56;93.35;93.8
2026-03-17 12:00:00;93.67;94.08;93.15;93.42
2026-03-17 11:00:00;93.58;93.91;93.4;93.66
2026-03-17 10:00:00;93.9;94.06;93.25;93.57
2026-03-17 09:00:00;94.41;95.09;93.69;93.9
2026-03-17 08:00:00;94.43;94.95;94.29;94.41
2026-03-17 07:00:00;93.9;94.66;93.87;94.44
2026-03-17 06:00:00;93.8;94.3;93.47;93.89
2026-03-17 05:00:00;93.8;94.1;93.36;93.8
2026-03-17 04:00:00;94.07;94.28;93.2;93.8
2026-03-17 03:00:00;95.14;95.29;93.71;94.07
2026-03-17 02:00:00;95.72;95.77;94.88;95.15
2026-03-17 01:00:00;95.49;96.09;94.95;95.72
2026-03-17 00:00:00;96.19;96.95;95.13;95.49
2026-03-16 23:00:00;96.36;96.47;95.41;96.2
2026-03-16 22:00:00;96.17;97.68;96.17;96.37
2026-03-16 21:00:00;95.77;96.88;95.5;96.17
2026-03-16 20:00:00;95.21;95.97;95.06;95.78
2026-03-16 19:00:00;94.39;95.48;94.16;95.21
2026-03-16 18:00:00;94.08;95.09;94.05;94.38
2026-03-16 17:00:00;93.82;94.4;93.7;94.08
2026-03-16 16:00:00;93.2;94.06;93.13;93.81
2026-03-16 15:00:00;93.61;94.35;93.09;93.2
2026-03-16 14:00:00;93.68;94.54;92.37;93.6
2026-03-16 13:00:00;93.78;95.13;93.43;93.68
2026-03-16 12:00:00;93.75;94.2;93.4;93.77
2026-03-16 11:00:00;93.9;93.99;93.53;93.75
2026-03-16 10:00:00;93.3;93.96;93.26;93.9
2026-03-16 09:00:00;92.86;93.47;92.73;93.29
2026-03-16 08:00:00;93.56;94.02;92.57;92.86
2026-03-16 07:00:00;93.41;93.86;93.32;93.56
2026-03-16 06:00:00;94.05;94.05;93.15;93.4
2026-03-16 05:00:00;93.63;94.32;93.21;94.04
2026-03-16 04:00:00;93.17;94.24;92.94;93.62
2026-03-16 03:00:00;91.48;94;91.27;93.16
2026-03-16 02:00:00;92.11;92.28;91.18;91.48
2026-03-16 01:00:00;92.02;92.25;91.49;92.11
2026-03-16 00:00:00;92.31;93.06;91.88;92.01
2026-03-15 23:00:00;92.65;93.23;91.61;92.3
2026-03-15 22:00:00;90;92.93;89.84;92.64
2026-03-15 21:00:00;88.76;90.3;88.56;90
2026-03-15 20:00:00;88.19;89;87.98;88.76
2026-03-15 19:00:00;87.92;88.29;87.82;88.19
2026-03-15 18:00:00;88.44;88.69;87.85;87.92
2026-03-15 17:00:00;87.55;88.8;87.5;88.43
2026-03-15 16:00:00;87.9;88.05;87.45;87.55
2026-03-15 15:00:00;87.98;88.12;87.77;87.9
2026-03-15 14:00:00;87.84;88;87.57;87.97
2026-03-15 13:00:00;88.27;88.4;87.36;87.85
2026-03-15 12:00:00;88.56;88.56;88.19;88.26
2026-03-15 11:00:00;88.48;88.68;88.24;88.55
2026-03-15 10:00:00;88.55;88.71;88.38;88.47
2026-03-15 09:00:00;88.49;88.88;88.42;88.54
2026-03-15 08:00:00;88.22;88.52;88.14;88.5
2026-03-15 07:00:00;88.35;88.53;88.11;88.22
2026-03-15 06:00:00;88.32;88.59;88.09;88.35
2026-03-15 05:00:00;88.32;88.66;88.11;88.31
2026-03-15 04:00:00;87.86;88.33;87.85;88.32
2026-03-15 03:00:00;88.3;88.43;87.7;87.86
2026-03-15 02:00:00;87.69;88.65;87.68;88.3
2026-03-15 01:00:00;87.75;87.92;87.58;87.69
2026-03-15 00:00:00;88.04;88.21;87.67;87.76
2026-03-14 23:00:00;87.32;88.16;87.32;88.03
2026-03-14 22:00:00;87.29;87.46;87.22;87.31
2026-03-14 21:00:00;87.09;87.35;86.87;87.28
2026-03-14 20:00:00;87.01;87.18;86.87;87.08
2026-03-14 19:00:00;87.03;87.1;86.9;87
2026-03-14 18:00:00;86.89;87.11;86.79;87.04
2026-03-14 17:00:00;87.07;87.09;86.84;86.9
2026-03-14 16:00:00;86.72;87.13;86.62;87.07
2026-03-14 15:00:00;86.72;86.92;86.63;86.72
2026-03-14 14:00:00;87.11;87.24;86.63;86.72
2026-03-14 13:00:00;87.1;87.36;87.03;87.11
2026-03-14 12:00:00;86.95;87.13;86.81;87.11
2026-03-14 11:00:00;86.65;87.01;86.64;86.96
2026-03-14 10:00:00;86.84;86.93;86.51;86.65
2026-03-14 09:00:00;87.16;87.31;86.65;86.85
2026-03-14 08:00:00;87.32;87.55;87.08;87.15
2026-03-14 07:00:00;87.26;87.45;87.18;87.33
2026-03-14 06:00:00;88.08;88.1;86.92;87.25
2026-03-14 05:00:00;88.26;88.41;87.89;88.08
2026-03-14 04:00:00;88.4;88.71;88.21;88.25
2026-03-14 03:00:00;88.23;88.62;88.23;88.4
2026-03-14 02:00:00;88.24;88.32;88;88.23
2026-03-14 01:00:00;87.94;88.38;87.79;88.23
2026-03-14 00:00:00;88.17;88.39;87.84;87.94
2026-03-13 23:00:00;88.01;88.26;87.8;88.18
2026-03-13 22:00:00;88.56;88.66;87.73;88.01
2026-03-13 21:00:00;88.91;89.16;88.34;88.56
2026-03-13 20:00:00;88.91;89.11;88.54;88.91
2026-03-13 19:00:00;88.82;89.05;88.39;88.92
2026-03-13 18:00:00;88.88;89.14;88.37;88.82
2026-03-13 17:00:00;89.6;90.15;88.58;88.87
2026-03-13 16:00:00;89.49;89.96;88.84;89.61
2026-03-13 15:00:00;90.7;91.24;89.3;89.49
2026-03-13 14:00:00;91.88;92.98;90.46;90.69
2026-03-13 13:00:00;91;92.31;90.92;91.87
2026-03-13 12:00:00;90.32;91.38;90.14;91
2026-03-13 11:00:00;90.2;90.45;89.97;90.33
2026-03-13 10:00:00;89.5;90.31;89.46;90.19
2026-03-13 09:00:00;89.15;89.65;88.79;89.5
2026-03-13 08:00:00;88.68;89.67;88.32;89.16
2026-03-13 07:00:00;88.41;88.97;88.15;88.68
2026-03-13 06:00:00;89.09;89.22;88.27;88.4
2026-03-13 05:00:00;89.34;89.47;88.87;89.09
2026-03-13 04:00:00;89.7;89.74;89.19;89.35
2026-03-13 03:00:00;89.08;89.98;88.89;89.69
2026-03-13 02:00:00;90.46;90.59;88.93;89.09
2026-03-13 01:00:00;89.77;90.74;89.77;90.45
2026-03-13 00:00:00;86.83;91.14;86.71;89.78
2026-03-12 23:00:00;86.3;87.23;86.28;86.84
2026-03-12 22:00:00;86.54;86.6;85.96;86.3
2026-03-12 21:00:00;86.45;86.68;86.18;86.54
2026-03-12 20:00:00;86.79;86.96;86.42;86.45
2026-03-12 19:00:00;85.86;86.94;85.68;86.8
2026-03-12 18:00:00;86.6;86.82;85.81;85.86
2026-03-12 17:00:00;86.8;86.99;86.33;86.59
2026-03-12 16:00:00;86.57;87.09;85.8;86.79
2026-03-12 15:00:00;85.54;87.03;85.12;86.58
2026-03-12 14:00:00;86.75;87.66;85.2;85.54
2026-03-12 13:00:00;87.25;87.69;86.34;86.74
2026-03-12 12:00:00;86.8;87.51;86.55;87.25
2026-03-12 11:00:00;86.76;87.13;86.63;86.79
2026-03-12 10:00:00;86.19;87.04;86.04;86.76
2026-03-12 09:00:00;85.95;86.7;85.45;86.18
2026-03-12 08:00:00;85.82;86.16;85.39;85.96
2026-03-12 07:00:00;85.39;85.9;85;85.82
2026-03-12 06:00:00;85.13;85.42;84.97;85.39
2026-03-12 05:00:00;85.11;85.33;84.89;85.13
2026-03-12 04:00:00;85.02;85.42;84.9;85.11
2026-03-12 03:00:00;85.21;85.43;84.72;85.01
2026-03-12 02:00:00;86.05;86.16;85.17;85.21
2026-03-12 01:00:00;86.68;86.71;85.95;86.05
2026-03-12 00:00:00;86.58;86.78;86.37;86.68
2026-03-11 23:00:00;87.04;87.22;86.46;86.58
2026-03-11 22:00:00;87.53;87.94;86.84;87.05
2026-03-11 21:00:00;87.28;87.61;87.14;87.52
2026-03-11 20:00:00;87.28;87.43;87.01;87.29
2026-03-11 19:00:00;87.82;87.86;87.02;87.29
2026-03-11 18:00:00;87.26;88.09;87.15;87.81
2026-03-11 17:00:00;86.45;87.84;86.44;87.27
2026-03-11 16:00:00;85.41;86.59;85.3;86.44
2026-03-11 15:00:00;86.54;86.65;84.57;85.4
2026-03-11 14:00:00;85.97;87.2;85.75;86.53
2026-03-11 13:00:00;85.2;87.4;85.12;85.98
2026-03-11 12:00:00;84.54;85.72;84.36;85.2
2026-03-11 11:00:00;85.25;85.32;84.39;84.55
2026-03-11 10:00:00;84.88;85.53;84.84;85.25
2026-03-11 09:00:00;85.49;85.6;84.72;84.88
2026-03-11 08:00:00;85.44;85.61;85.09;85.5
2026-03-11 07:00:00;86.03;86.15;85.14;85.45
2026-03-11 06:00:00;85.72;86.17;85.66;86.02
2026-03-11 05:00:00;86.71;86.88;85.6;85.72
2026-03-11 04:00:00;85.63;86.84;85.49;86.72
2026-03-11 03:00:00;85.92;86.18;85.53;85.63
2026-03-11 02:00:00;86.09;86.21;85.48;85.92
2026-03-11 01:00:00;86.02;86.28;85.66;86.09
2026-03-11 00:00:00;85.88;86.24;85.59;86.01
2026-03-10 23:00:00;85.52;85.89;85.35;85.88
2026-03-10 22:00:00;85.7;85.84;85.01;85.53
2026-03-10 21:00:00;86.24;86.44;85.25;85.71
2026-03-10 20:00:00;86.01;86.4;85.94;86.24
2026-03-10 19:00:00;86.25;86.46;85.66;86.02
2026-03-10 18:00:00;87.94;88;86.1;86.25
2026-03-10 17:00:00;88.39;88.8;87.63;87.94
2026-03-10 16:00:00;88.34;88.7;87.65;88.39
2026-03-10 15:00:00;88.1;88.61;87.26;88.33
2026-03-10 14:00:00;86.09;88.23;84.91;88.1
2026-03-10 13:00:00;86.7;87.3;85.75;86.08
2026-03-10 12:00:00;86.8;86.86;86.29;86.7
2026-03-10 11:00:00;87.1;87.2;86.62;86.79
2026-03-10 10:00:00;87.23;87.67;86.8;87.09
2026-03-10 09:00:00;86.71;87.48;86.64;87.24
2026-03-10 08:00:00;86.71;87.43;86.58;86.71
2026-03-10 07:00:00;86.36;86.9;86.2;86.7
2026-03-10 06:00:00;86.41;86.69;85.99;86.35
2026-03-10 05:00:00;86.54;86.99;86.34;86.4
2026-03-10 04:00:00;85.56;86.65;85.41;86.54
2026-03-10 03:00:00;86.62;86.75;85.5;85.55
2026-03-10 02:00:00;85.73;86.91;85.46;86.62
2026-03-10 01:00:00;85.56;85.97;85.11;85.74
2026-03-10 00:00:00;84.95;85.96;84.83;85.57
2026-03-09 23:00:00;85.73;86.02;84.84;84.96
2026-03-09 22:00:00;86.01;86.3;85.59;85.74
2026-03-09 21:00:00;85.8;86.36;85.69;86
2026-03-09 20:00:00;85.97;86.18;85.28;85.81
2026-03-09 19:00:00;85.18;87.06;85.07;85.97
2026-03-09 18:00:00;85.09;85.58;84.48;85.19
2026-03-09 17:00:00;85.14;85.42;84.26;85.09
2026-03-09 16:00:00;85.05;85.63;84.7;85.14
2026-03-09 15:00:00;85.3;85.45;84.62;85.05
2026-03-09 14:00:00;85.15;85.71;84.56;85.3
2026-03-09 13:00:00;84.01;85.75;83.98;85.16
2026-03-09 12:00:00;83.58;84.22;83.41;84
2026-03-09 11:00:00;83.75;83.93;83.12;83.59
2026-03-09 10:00:00;84.05;84.26;83.49;83.75
2026-03-09 09:00:00;83.73;84.6;83.32;84.05
2026-03-09 08:00:00;83.18;83.86;82.94;83.73
2026-03-09 07:00:00;83.13;83.3;82.33;83.18
2026-03-09 06:00:00;84.28;84.31;83.1;83.13
2026-03-09 05:00:00;83.2;84.61;83.13;84.27
2026-03-09 04:00:00;83.16;83.89;83.09;83.19
2026-03-09 03:00:00;82.67;84.5;82.62;83.16
2026-03-09 02:00:00;82.11;82.93;81.65;82.67
2026-03-09 01:00:00;82.35;82.9;81.86;82.1
2026-03-09 00:00:00;81.6;83.29;81.54;82.35
2026-03-08 23:00:00;81.99;82.44;81.48;81.59
2026-03-08 22:00:00;82.26;82.51;80.26;81.99
2026-03-08 21:00:00;82.34;82.44;81.71;82.25
2026-03-08 20:00:00;82.48;82.96;82.11;82.33
2026-03-08 19:00:00;81.6;82.65;81.5;82.49
2026-03-08 18:00:00;81.69;81.8;81.31;81.6
2026-03-08 17:00:00;81.53;82;81.38;81.69
2026-03-08 16:00:00;82.06;82.17;81.36;81.52
2026-03-08 15:00:00;82.31;82.41;81.83;82.06
2026-03-08 14:00:00;82.09;82.37;81.95;82.32
2026-03-08 13:00:00;82.32;82.47;81.18;82.08
2026-03-08 12:00:00;82.81;83.01;81.61;82.31
2026-03-08 11:00:00;83.66;83.66;82.64;82.81
2026-03-08 10:00:00;83.16;84.13;83.16;83.67
2026-03-08 09:00:00;83.1;83.39;82.78;83.17
2026-03-08 08:00:00;82.95;83.12;82.51;83.1
2026-03-08 07:00:00;82.46;83.1;82.4;82.95
2026-03-08 06:00:00;82.5;82.61;82.27;82.45
2026-03-08 05:00:00;81.97;82.79;81.94;82.5
2026-03-08 04:00:00;82.34;82.56;81.74;81.97
2026-03-08 03:00:00;82.4;82.75;82.27;82.34
2026-03-08 02:00:00;82.97;83.1;82.11;82.39
2026-03-08 01:00:00;83.07;83.22;82.7;82.98
2026-03-08 00:00:00;83.22;83.49;82.93;83.06
2026-03-07 23:00:00;82.99;83.26;82.93;83.22
2026-03-07 22:00:00;83.28;83.32;82.66;82.98
2026-03-07 21:00:00;83.03;83.3;82.89;83.28
2026-03-07 20:00:00;82.52;83.13;82.51;83.02
2026-03-07 19:00:00;83.39;83.39;82.28;82.53
2026-03-07 18:00:00;83.62;83.63;83.01;83.38
2026-03-07 17:00:00;83.59;84.08;83.56;83.61
2026-03-07 16:00:00;83.75;83.8;83.5;83.59
2026-03-07 15:00:00;84.23;84.23;83.42;83.75
2026-03-07 14:00:00;84.3;84.42;83.67;84.23
2026-03-07 13:00:00;84.3;84.55;84.13;84.31
2026-03-07 12:00:00;84.66;84.78;84.28;84.3
2026-03-07 11:00:00;84.5;84.91;84.26;84.66
2026-03-07 10:00:00;84.57;84.76;84.41;84.5
2026-03-07 09:00:00;84.36;84.69;84.21;84.58
2026-03-07 08:00:00;84.33;84.66;84.12;84.37
2026-03-07 07:00:00;84.04;84.49;83.9;84.32
2026-03-07 06:00:00;84.34;84.34;83.9;84.03
2026-03-07 05:00:00;84.27;84.5;84.09;84.34
2026-03-07 04:00:00;84.53;84.56;84;84.27
2026-03-07 03:00:00;84.66;85.07;84.35;84.52
2026-03-07 02:00:00;84.71;84.74;84.32;84.65
2026-03-07 01:00:00;84.75;84.89;84.59;84.71
2026-03-07 00:00:00;84.69;85.07;84.52;84.75
2026-03-06 23:00:00;84.97;85.04;84.63;84.7
2026-03-06 22:00:00;84.73;85.06;84.54;84.96
2026-03-06 21:00:00;85;85.11;84.44;84.72
2026-03-06 20:00:00;85.21;85.47;84.56;85.01
2026-03-06 19:00:00;85.27;85.9;85.15;85.21
2026-03-06 18:00:00;84.21;85.63;84.18;85.28
2026-03-06 17:00:00;84.36;84.69;83.64;84.21
2026-03-06 16:00:00;84.65;85.02;84.1;84.36
2026-03-06 15:00:00;84.34;85.33;84.2;84.65
2026-03-06 14:00:00;85.59;85.75;83.96;84.34
2026-03-06 13:00:00;86.47;87.1;85.5;85.59
2026-03-06 12:00:00;87.25;87.27;85.9;86.47
2026-03-06 11:00:00;87.7;88;87.1;87.26
2026-03-06 10:00:00;87.5;87.96;87.41;87.71
2026-03-06 09:00:00;88.36;88.49;87.17;87.5
2026-03-06 08:00:00;88.7;88.7;88.2;88.35
2026-03-06 07:00:00;88.09;88.92;87.8;88.7
2026-03-06 06:00:00;87.89;88.44;87.67;88.09
2026-03-06 05:00:00;88.16;88.26;87.51;87.9
2026-03-06 04:00:00;88.4;88.59;87.67;88.15
2026-03-06 03:00:00;88.38;88.71;88.14;88.41
2026-03-06 02:00:00;89.13;89.31;88.21;88.38
2026-03-06 01:00:00;88.86;89.27;88.02;89.13
2026-03-06 00:00:00;88.78;89.04;88.58;88.86
2026-03-05 23:00:00;89.1;89.2;88.62;88.77
2026-03-05 22:00:00;89.12;89.41;88.86;89.09
2026-03-05 21:00:00;89.2;89.85;88.87;89.11
2026-03-05 20:00:00;88.72;89.57;88.54;89.21
2026-03-05 19:00:00;88.8;89.39;88.66;88.73
2026-03-05 18:00:00;88.11;88.89;88;88.8
2026-03-05 17:00:00;88.96;89.41;87.91;88.12
