datetime;open;high;low;close
2026-09-30 00:00:00;83663.66;83731.46;83175.67;83300.65
2026-09-29 20:00:00;83594.01;83849;83384;83663.66
2026-09-29 16:00:00;83068;83700;82900;83594.01
2026-09-29 12:00:00;84358;84563.99;82910;83068
2026-09-29 08:00:00;83980.97;84500;83760.4;84358.01
2026-09-29 04:00:00;83070;84200;82971.1;83980.97
2026-09-29 00:00:00;83500.01;83620.01;82775.94;83069.99
2026-09-28 20:00:00;83389.53;83664.01;83100;83500.01
2026-09-28 16:00:00;83370;84381.3;83118.1;83389.54
2026-09-28 12:00:00;83082.53;83820;82563;83370
2026-09-28 08:00:00;82966;83160.33;82597.55;83082.54
2026-09-28 04:00:00;83338.6;83534.01;82705.02;82966.01
2026-09-28 00:00:00;84472.01;84999;83210;83338.6
2026-09-27 20:00:00;84736.02;84813;84132;84472
2026-09-27 16:00:00;84463.38;84843;84342;84736.01
2026-09-27 12:00:00;84898;85159.03;84364;84463.37
2026-09-27 08:00:00;84790.99;85117.64;84590;84898
2026-09-27 04:00:00;84402.15;84791;84305.35;84791
2026-09-27 00:00:00;84433.11;84571.13;84257.07;84402.15
2026-09-26 20:00:00;84016.63;84473.58;83838;84433.1
2026-09-26 16:00:00;84156;84174.33;83976.74;84016.63
2026-09-26 12:00:00;84176;84204.88;83856.23;84155.99
2026-09-26 08:00:00;84116.79;84336.96;83966.03;84176
2026-09-26 04:00:00;83939.01;84134.01;83848.91;84116.8
2026-09-26 00:00:00;84100;84145.26;83798;83939
2026-09-25 20:00:00;84020.01;84193.39;83632.03;84099.99
2026-09-25 16:00:00;83796.01;84115.87;83628;84020.01
2026-09-25 12:00:00;84582.64;84704;83183;83796.01
2026-09-25 08:00:00;84043.96;85255;84028.98;84582.64
2026-09-25 04:00:00;84231.19;84347.86;83750.5;84043.96
2026-09-25 00:00:00;84410.24;84888;84063.18;84231.19
2026-09-24 20:00:00;84412.64;84501.16;83948.43;84410.24
2026-09-24 16:00:00;84418.01;84924.01;83888;84412.65
2026-09-24 12:00:00;83494.59;84942.45;83346.66;84418
2026-09-24 08:00:00;84524.02;84622.01;82874.93;83494.58
2026-09-24 04:00:00;83934.01;84612.01;83781.89;84524.02
2026-09-24 00:00:00;84397.6;84494.5;83744.7;83934.01
2026-09-23 20:00:00;84518;84670.01;84212.68;84397.6
2026-09-23 16:00:00;83996;84565.21;83500.01;84518
2026-09-23 12:00:00;85649.96;85940.32;83864.07;83996.01
2026-09-23 08:00:00;86124.77;86264.01;85450.88;85649.95
2026-09-23 04:00:00;86704.27;87278.54;86000;86124.77
2026-09-23 00:00:00;86208.57;86975.51;86133.4;86704.27
2026-09-22 20:00:00;86192.45;86504.17;86000;86208.56
2026-09-22 16:00:00;86413.11;86660;86033.18;86192.44
2026-09-22 12:00:00;85986.62;86717.6;85461.53;86413.12
2026-09-22 08:00:00;85344.01;86377.77;85327.42;85986.62
2026-09-22 04:00:00;85692.83;85730.23;85114;85344
2026-09-22 00:00:00;86620.01;86625.82;85300;85692.83
2026-09-21 20:00:00;86490.11;87395.67;86295.78;86620
2026-09-21 16:00:00;85927.71;86895.7;85607.42;86490.11
2026-09-21 12:00:00;84887.19;86344.7;84778;85927.71
2026-09-21 08:00:00;81720.01;85299.87;81720;84887.19
2026-09-21 04:00:00;81425.24;81878.98;81228.15;81720.01
2026-09-21 00:00:00;81178.01;82100;80850.22;81425.23
2026-09-20 20:00:00;81177.32;81332.01;80579.43;81178
2026-09-20 16:00:00;80912;81497.33;80811.03;81177.32
2026-09-20 12:00:00;80493.21;80969.84;80327.64;80912
2026-09-20 08:00:00;80311.6;80581.82;80165.49;80493.2
2026-09-20 04:00:00;80486.38;80668.15;80227.27;80311.61
2026-09-20 00:00:00;81249.99;81330.01;80126.04;80486.38
2026-09-19 20:00:00;81354.01;81431.13;80904.46;81249.99
2026-09-19 16:00:00;81636.01;81914.01;81309.68;81354.01
2026-09-19 12:00:00;81302.63;81951;81183.28;81636.01
2026-09-19 08:00:00;81100.17;81528.01;81075.28;81302.63
2026-09-19 04:00:00;81136.02;81250;80911.12;81100.16
2026-09-19 00:00:00;80883.86;81741;80844.58;81136.01
2026-09-18 20:00:00;81204.77;81370.57;80862.61;80883.87
2026-09-18 16:00:00;80725.6;81400;80555.54;81204.76
2026-09-18 12:00:00;78062.01;81154.67;77972.3;80725.6
2026-09-18 08:00:00;77798;78490.79;77660;78062
2026-09-18 04:00:00;77383.47;77850;77216.76;77798.01
2026-09-18 00:00:00;76417.01;77597.83;76296;77383.47
2026-09-17 20:00:00;76594.01;76732.99;76259.98;76417.01
2026-09-17 16:00:00;76780.01;76970.01;76470.4;76594.01
2026-09-17 12:00:00;76482;77179.47;76000;76780.01
2026-09-17 08:00:00;76462.77;76770;76179;76482
2026-09-17 04:00:00;76442;76682.01;76187;76462.76
2026-09-17 00:00:00;76206;76774.08;76055.34;76441.99
2026-09-16 20:00:00;76080;76422.01;75632.7;76206.01
2026-09-16 16:00:00;75788.41;76560.76;75064.82;76080
2026-09-16 12:00:00;76250;76300;75423.04;75788.41
2026-09-16 08:00:00;75766.62;76304.01;75350;76250
2026-09-16 04:00:00;75824;76097.54;75677.64;75766.63
2026-09-16 00:00:00;75644.48;76111;75457.52;75824.01
2026-09-15 20:00:00;76186.48;76245.98;75140.64;75644.48
2026-09-15 16:00:00;76512.01;77343.44;74967.97;76186.48
2026-09-15 12:00:00;76940.01;77143.15;75605;76512
2026-09-15 08:00:00;76930;77223.32;76703.59;76940.01
2026-09-15 04:00:00;77676.99;77744.31;76889.22;76930.01
2026-09-15 00:00:00;78189.2;78250.46;77658;77676.99
2026-09-14 20:00:00;78982.01;79600;78131.3;78189.21
2026-09-14 16:00:00;78578.02;79325;78426.17;78982
2026-09-14 12:00:00;77776;78712.29;77481.98;78578.02
2026-09-14 08:00:00;77892.24;78374.01;77593.8;77776
2026-09-14 04:00:00;77596.32;77895.35;77379.41;77892.24
2026-09-14 00:00:00;76842.01;77869.82;76388.72;77596.33
2026-09-13 20:00:00;77284.01;77450;76622.97;76842.01
2026-09-13 16:00:00;77134.82;77413.52;77125.66;77284
2026-09-13 12:00:00;76792.31;77254.45;76560;77134.83
2026-09-13 08:00:00;77127.99;77182;76500;76792.32
2026-09-13 04:00:00;77192;77325.82;77058.42;77127.99
2026-09-13 00:00:00;77278.73;77341.37;77162.36;77192.01
2026-09-12 20:00:00;77115;77300;77114.99;77278.73
2026-09-12 16:00:00;77380.38;77414.01;77059.75;77114.99
2026-09-12 12:00:00;77356.05;77505.67;77255.19;77380.37
2026-09-12 08:00:00;77269.54;77400.75;77269.54;77356.04
2026-09-12 04:00:00;77268.09;77359.2;77164.06;77269.55
2026-09-12 00:00:00;77225.71;77378.37;77207.65;77268.09
2026-09-11 20:00:00;77286;77504.01;76967.13;77225.7
2026-09-11 16:00:00;77732.25;78068.01;76883;77286.01
2026-09-11 12:00:00;77036.12;79890;76046.58;77732.25
2026-09-11 08:00:00;77230.7;77500;76746.95;77036.12
2026-09-11 04:00:00;76891.81;77431.48;76889.23;77230.7
2026-09-11 00:00:00;76568.73;77013.62;76563.01;76891.8
2026-09-10 20:00:00;77160.83;77347.45;76464;76568.72
2026-09-10 16:00:00;77250;77544;76804.99;77160.83
2026-09-10 12:00:00;77840.64;77959.2;76676.07;77250
2026-09-10 08:00:00;78112;78229.22;77688;77840.8
2026-09-10 04:00:00;78328.08;78564.39;77906.48;78112
2026-09-10 00:00:00;78306.43;78550;77952;78328.08
2026-09-09 20:00:00;78234.94;78340.01;77770;78306.43
2026-09-09 16:00:00;78596.7;78938.55;78150;78234.94
2026-09-09 12:00:00;79324.75;79678.84;78060.03;78596.7
2026-09-09 08:00:00;79277.44;79760;78725.29;79324.75
2026-09-09 04:00:00;78638.01;79400;78638;79277.43
2026-09-09 00:00:00;78455.8;78928.65;78455.79;78638.01
2026-09-08 20:00:00;78445.99;78662.75;78406;78455.8
2026-09-08 16:00:00;78904;78978.39;78271.49;78446
2026-09-08 12:00:00;78430;78910.88;77620.01;78904
2026-09-08 08:00:00;78482;78994.5;78271.63;78430.01
2026-09-08 04:00:00;78906.27;78929.24;78179.98;78482
2026-09-08 00:00:00;79112;79485;78725.1;78906.28
2026-09-07 20:00:00;79365.81;79394.92;78781.07;79112.01
2026-09-07 16:00:00;78822;79419.17;78807.69;79365.82
2026-09-07 12:00:00;79420.16;79643.5;78680;78821.99
2026-09-07 08:00:00;79397.83;79550;79282;79420.16
2026-09-07 04:00:00;79596.38;79926.04;79001.1;79397.83
2026-09-07 00:00:00;80341.83;80443.99;79568.6;79596.39
2026-09-06 20:00:00;79830;80559.99;79647.04;80341.83
2026-09-06 16:00:00;79716.51;79970;79584.73;79829.99
2026-09-06 12:00:00;79919.17;80010;79233;79716.5
2026-09-06 08:00:00;79804.68;80020;79752.7;79919.17
2026-09-06 04:00:00;80028.01;80107.99;79577;79805
2026-09-06 00:00:00;79831.75;80107.99;79829.98;80028.01
2026-09-05 20:00:00;79753.99;79947.99;79694;79831.75
2026-09-05 16:00:00;79806;80200;79712.86;79754
2026-09-05 12:00:00;79609.29;79816;79545.96;79806.01
2026-09-05 08:00:00;79709.96;79735.97;79568;79609.28
2026-09-05 04:00:00;79581.99;79763.41;79442;79709.96
2026-09-05 00:00:00;79660.77;79721.57;79472.22;79582
2026-09-04 20:00:00;79793.35;79862.15;79512;79660.77
2026-09-04 16:00:00;79429.33;79877.07;79378.19;79793.34
2026-09-04 12:00:00;81224.86;81350;78660;79429.33
2026-09-04 08:00:00;80656.86;81423.03;80502.87;81224.86
2026-09-04 04:00:00;80850.01;81288;80573.21;80656.87
2026-09-04 00:00:00;81270.37;81427.75;80669.45;80850
2026-09-03 20:00:00;81755.41;82300;80905.05;81270.37
2026-09-03 16:00:00;81348;81790;80613.52;81755.41
2026-09-03 12:00:00;77948.39;81370.33;77896.07;81348
2026-09-03 08:00:00;77663.14;78066;77478;77948.39
2026-09-03 04:00:00;77708.01;78183.91;77101.01;77663.15
2026-09-03 00:00:00;77340.01;77900;76968;77708
2026-09-02 20:00:00;77341.48;77520;77007.36;77340.01
2026-09-02 16:00:00;77288.97;77582;76950.56;77341.47
2026-09-02 12:00:00;76828.75;77490;76611.67;77288.98
2026-09-02 08:00:00;77473.86;77546;76264;76828.76
2026-09-02 04:00:00;77563.5;77765.99;77294.56;77473.85
2026-09-02 00:00:00;77439.01;77792;76718.48;77563.5
2026-09-01 20:00:00;77312;77638.18;76920.36;77439
2026-09-01 16:00:00;77919.07;77976;76420;77312
2026-09-01 12:00:00;78098.96;78424;77510;77919.06
2026-09-01 08:00:00;78632.37;78658.01;77758.69;78098.97
2026-09-01 04:00:00;78679.01;79220.61;78500;78632.37
2026-09-01 00:00:00;78581.3;78900.01;78189.93;78679.01
2026-08-31 20:00:00;78898.06;79172;78405.01;78581.29
2026-08-31 16:00:00;78580.43;79250;78494;78898.06
2026-08-31 12:00:00;78315.43;78777.9;77675.04;78580.42
2026-08-31 08:00:00;78196.01;78802;77982;78315.43
2026-08-31 04:00:00;77756.7;78322.56;77458.83;78196.01
2026-08-31 00:00:00;77682;78185.89;77392;77756.71
2026-08-30 20:00:00;78856.39;78931.49;77000;77682
2026-08-30 16:00:00;78823.62;79400;78721.98;78856.39
2026-08-30 12:00:00;78165.99;78966.76;78165.99;78823.63
2026-08-30 08:00:00;78118;78242;77962.49;78166
2026-08-30 04:00:00;78144.68;78310.71;77990;78118
2026-08-30 00:00:00;78230;78330;77994.02;78144.68
2026-08-29 20:00:00;78181.99;78298;78062;78230
2026-08-29 16:00:00;77865.36;78330;77858.29;78182
2026-08-29 12:00:00;77584.66;78150;77506.63;77865.36
2026-08-29 08:00:00;77626.01;77754.23;77487.73;77584.67
2026-08-29 04:00:00;77507.17;77716.12;77382.37;77626.01
2026-08-29 00:00:00;77845.88;77963.92;77507.16;77507.17
2026-08-28 20:00:00;77580.03;77846.72;77255.69;77845.87
2026-08-28 16:00:00;78331.13;78404;76888;77580.03
2026-08-28 12:00:00;79604.12;79838.73;78312.64;78331.13
2026-08-28 08:00:00;79660;79840;79001.01;79604.13
2026-08-28 04:00:00;79810.48;79999;79558.11;79660
2026-08-28 00:00:00;80249.59;81478.87;79723.02;79810.49
2026-08-27 20:00:00;79910.19;80432.36;79882.86;80249.58
2026-08-27 16:00:00;80302.32;80848.74;79749.7;79910.19
2026-08-27 12:00:00;79477.66;80799.91;78920;80302.32
2026-08-27 08:00:00;79082.18;80520;79048;79477.67
2026-08-27 04:00:00;78830.68;79095.99;78600;79082.17
2026-08-27 00:00:00;79023.75;79028.49;78546.13;78830.68
2026-08-26 20:00:00;78475.49;79174.12;78200;79023.75
2026-08-26 16:00:00;78011.64;78650.26;77858;78475.49
2026-08-26 12:00:00;78487.26;78713.79;77632.58;78011.65
2026-08-26 08:00:00;78925.57;79119.37;78244.83;78487.26
2026-08-26 04:00:00;79088.61;79206;78638;78925.56
2026-08-26 00:00:00;78539.13;79251.6;78312;79088.62
2026-08-25 20:00:00;78925.96;79000;77851;78539.14
2026-08-25 16:00:00;79502.01;79563.71;78728.35;78925.95
2026-08-25 12:00:00;79118;79527.09;78120.74;79502.01
2026-08-25 08:00:00;79705.79;80249;78888;79117.99
2026-08-25 04:00:00;80488.01;80923.69;79369.17;79705.79
2026-08-25 00:00:00;78992.76;81272.62;78715.63;80488.01
2026-08-24 20:00:00;78757.99;79049.4;78560;78992.75
2026-08-24 16:00:00;79100.01;79877.87;78468.61;78758
2026-08-24 12:00:00;78443.65;80000;77851.9;79100.01
2026-08-24 08:00:00;77307.14;78600;76838;78443.65
2026-08-24 04:00:00;76933.02;77790.19;76670.01;77307.15
2026-08-24 00:00:00;77734;77742;76883.61;76933.02
2026-08-23 20:00:00;77346;78052.85;77200.03;77734
2026-08-23 16:00:00;77156.14;77487.04;77116;77346.01
2026-08-23 12:00:00;77311.02;77765.8;76802;77156.13
2026-08-23 08:00:00;76007.12;77400;75952.09;77311.02
2026-08-23 04:00:00;76927.87;77036.58;75545.67;76007.13
2026-08-23 00:00:00;77074.94;77400;76837;76927.87
2026-08-22 20:00:00;77418.26;77467.53;76772;77074.93
2026-08-22 16:00:00;76978.83;77547.96;76956.36;77418.25
2026-08-22 12:00:00;77130.01;77387.99;76880;76978.83
2026-08-22 08:00:00;77289.18;77445.6;76533.87;77130.02
2026-08-22 04:00:00;78410.98;78818;76500;77289.18
2026-08-22 00:00:00;78338.03;78828.15;77683.37;78410.98
2026-08-21 20:00:00;77028.94;78760.68;76863.56;78338.03
2026-08-21 16:00:00;77221.98;77722.12;76643.72;77028.94
2026-08-21 12:00:00;76722.31;77871.33;76243.04;77221.98
2026-08-21 08:00:00;76308.66;79500;76235.76;76722.32
2026-08-21 04:00:00;74510.77;76916.95;74510.77;76308.65
2026-08-21 00:00:00;73027.02;75785.82;73027.02;74510.77
2026-08-20 20:00:00;72690.76;73400;72498;73025.15
2026-08-20 16:00:00;72470.84;72966;72205.88;72690.76
2026-08-20 12:00:00;71927.07;72830;71132;72470.83
2026-08-20 08:00:00;69816.45;72490;69772.36;71927.07
2026-08-20 04:00:00;69195.64;70022;69166;69816.45
2026-08-20 00:00:00;69334.78;69894.5;68902.22;69195.64
2026-08-19 20:00:00;68429.44;70000;68390;69334.79
2026-08-19 16:00:00;68554;68997;67825.03;68429.44
2026-08-19 12:00:00;64515.62;69500;64474.86;68554
2026-08-19 08:00:00;64296.01;64539.05;64255;64515.63
2026-08-19 04:00:00;64330.7;64409.93;64166;64296
2026-08-19 00:00:00;64725.42;64736.27;64278;64330.71
2026-08-18 20:00:00;64643.27;64780;64562.25;64725.42
2026-08-18 16:00:00;64855.06;64891.81;64642.36;64643.26
2026-08-18 12:00:00;64351.18;65058.81;64027.85;64855.06
2026-08-18 08:00:00;64198.97;64402.35;64087.98;64351.19
2026-08-18 04:00:00;64185;64446;64090;64198.97
2026-08-18 00:00:00;64532.11;64568.46;64047.73;64185.01
2026-08-17 20:00:00;64309.95;64578;64266;64532.1
2026-08-17 16:00:00;64200;64610.01;63979.3;64309.96
2026-08-17 12:00:00;63631.11;64227.27;63444.17;64200
2026-08-17 08:00:00;63514.45;63781.69;63295;63631.1
2026-08-17 04:00:00;63429.21;63717.17;63429.21;63514.45
2026-08-17 00:00:00;62900;63520;62751.1;63429.21
2026-08-16 20:00:00;63108.8;63140;62716;62900
2026-08-16 16:00:00;63146.39;63390;63100.89;63108.81
2026-08-16 12:00:00;63013.66;63146.4;62997.77;63146.39
2026-08-16 08:00:00;63061.03;63079.76;62968.45;63013.66
2026-08-16 04:00:00;63130.01;63158.8;63040;63061.02
2026-08-16 00:00:00;63086.01;63151.59;63012;63130
2026-08-15 20:00:00;63126.07;63175;63076.96;63086.01
2026-08-15 16:00:00;63100.55;63127.4;63044.37;63126.08
2026-08-15 12:00:00;63022.01;63120.09;62946.58;63100.55
2026-08-15 08:00:00;63075.43;63085.8;62920;63022.01
2026-08-15 04:00:00;63051.25;63155.76;63027.89;63075.43
2026-08-15 00:00:00;63043.56;63187.98;62992.91;63051.25
2026-08-14 20:00:00;62968.06;63066.13;62800;63043.56
2026-08-14 16:00:00;62990.94;63247.05;62830;62968.05
2026-08-14 12:00:00;62868.83;63089.18;62535.24;62990.95
2026-08-14 08:00:00;62920.78;62997.83;62700;62868.83
2026-08-14 04:00:00;63310;63472.5;62920;62920.78
2026-08-14 00:00:00;63490.86;63617.45;63301.58;63310
2026-08-13 20:00:00;63408;63640;63368;63490.86
2026-08-13 16:00:00;63420.01;63568.97;62802.27;63407.99
2026-08-13 12:00:00;63484.31;63999;63420;63420.01
2026-08-13 08:00:00;63865.84;63915;63350;63484.3
2026-08-13 04:00:00;63647;64010;63591.56;63865.84
2026-08-13 00:00:00;63479.99;63717.31;63380;63646.99
2026-08-12 20:00:00;63421.11;63661.24;63370;63479.99
2026-08-12 16:00:00;63441.48;63578;63310.34;63421.11
2026-08-12 12:00:00;64240.04;64500;63316;63441.47
2026-08-12 08:00:00;63838;64249.5;63768.01;64240.04
2026-08-12 04:00:00;63835.58;63891.42;63606.15;63837.99
2026-08-12 00:00:00;63600.01;63908.01;63534.01;63835.59
2026-08-11 20:00:00;63536;63768.58;63536;63600
2026-08-11 16:00:00;63609.86;63660;63238;63536
2026-08-11 12:00:00;64389.58;64515.43;63451;63609.87
2026-08-11 08:00:00;64066;64400;64044.72;64389.57
2026-08-11 04:00:00;64155;64159.65;63852;64065.99
2026-08-11 00:00:00;63970.01;64176;63895.64;64155.01
2026-08-10 20:00:00;64045.7;64215.21;63920.69;63970.01
2026-08-10 16:00:00;64299.99;64354;63806.27;64045.7
2026-08-10 12:00:00;65125.99;65237.8;64203.15;64299.99
2026-08-10 08:00:00;65202.72;65328.73;64958.87;65125.98
2026-08-10 04:00:00;64982;65379.13;64924;65202.73
2026-08-10 00:00:00;64901.59;65391.14;64826.78;64982.01
2026-08-09 20:00:00;65180.66;65474.46;64842.59;64901.59
2026-08-09 16:00:00;65228.68;65266.06;65179.72;65180.66
2026-08-09 12:00:00;64950.01;65300;64914.73;65228.68
2026-08-09 08:00:00;64826.15;65000;64792.1;64950
2026-08-09 04:00:00;64788.8;64867.11;64777;64826.14
2026-08-09 00:00:00;64962.6;65002;64730.08;64788.8
2026-08-08 20:00:00;65075.4;65100.61;64936.01;64962.6
2026-08-08 16:00:00;65080.83;65150;65017.39;65075.41
2026-08-08 12:00:00;64967.36;65192.54;64924;65080.82
2026-08-08 08:00:00;64959.99;65050;64948.56;64967.35
2026-08-08 04:00:00;65033;65071.15;64951.34;64960
2026-08-08 00:00:00;64923.2;65074.18;64784.19;65033
2026-08-07 20:00:00;64960.46;65102;64846;64923.19
2026-08-07 16:00:00;64912.71;65072.31;64525;64960.47
2026-08-07 12:00:00;65029.98;65390.99;64788;64912.72
2026-08-07 08:00:00;64319.84;65213.33;64304.22;65029.98
2026-08-07 04:00:00;64289.99;64463.75;64166;64319.84
2026-08-07 00:00:00;64323.61;64544;64230.59;64289.99
2026-08-06 20:00:00;64446.01;64536.32;64200;64323.61
2026-08-06 16:00:00;64631.88;64834;64365;64446
2026-08-06 12:00:00;64622.08;64987.26;64172;64631.87
2026-08-06 08:00:00;64809.7;64999;64503.54;64622.09
2026-08-06 04:00:00;64531.03;64996;64496.27;64809.7
2026-08-06 00:00:00;64665.24;64724.38;64439.34;64531.03
2026-08-05 20:00:00;64840.27;65025.22;64579.15;64665.23
2026-08-05 16:00:00;64388.01;64936.18;64388;64840.28
2026-08-05 12:00:00;64075.28;64744;63880;64388.01
2026-08-05 08:00:00;64164;64280;64020;64075.28
2026-08-05 04:00:00;64183.27;64525.97;63995.89;64163.99
2026-08-05 00:00:00;64106.55;64504;63950;64183.27
2026-08-04 20:00:00;64233.35;64549.16;64001.68;64106.56
2026-08-04 16:00:00;64125.14;64413.21;63892;64233.36
2026-08-04 12:00:00;63926;64238;63615.38;64125.14
2026-08-04 08:00:00;63685.73;63950;63451.8;63926
2026-08-04 04:00:00;63800.01;64243.81;63506.78;63685.74
2026-08-04 00:00:00;63520;63972;63322.01;63800.01
2026-08-03 20:00:00;63869.38;64023.61;63392.01;63520
2026-08-03 16:00:00;63694.9;64080;63664;63869.38
2026-08-03 12:00:00;62560.01;63992.71;62445.26;63694.91
2026-08-03 08:00:00;62621.1;62863.1;62300;62560.01
2026-08-03 04:00:00;62870.48;63001.77;62552.04;62621.1
2026-08-03 00:00:00;63570.01;63596;62786.04;62870.49
2026-08-02 20:00:00;63456;63796.33;63344;63570
2026-08-02 16:00:00;63109.13;63610.01;63064.01;63456.01
2026-08-02 12:00:00;63031.99;63231.67;63010;63109.14
2026-08-02 08:00:00;63506.23;63530;62982.38;63031.99
2026-08-02 04:00:00;63461.95;63634;63415.26;63506.24
2026-08-02 00:00:00;62823.65;63550;62806.58;63461.95
2026-08-01 20:00:00;62529.81;62866.62;62482.99;62823.64
2026-08-01 16:00:00;63007.06;63027.65;62275;62529.82
2026-08-01 12:00:00;63076;63127.07;63007.05;63007.06
2026-08-01 08:00:00;63050.45;63150;62986.31;63076
2026-08-01 04:00:00;63004.47;63142.85;62992.82;63050.46
2026-08-01 00:00:00;62887.88;63106.55;62887.87;63004.48
2026-07-31 20:00:00;62972;63062.47;62846;62887.88
2026-07-31 16:00:00;62716.57;63302;62709.01;62972
2026-07-31 12:00:00;63805.5;63849.19;62466;62716.57
2026-07-31 08:00:00;63950.01;64011.99;63610;63805.51
2026-07-31 04:00:00;64370;64496.64;63878.11;63950.01
2026-07-31 00:00:00;64780.03;65409.56;64172;64370
2026-07-30 20:00:00;64800;65086.4;64668.91;64780.02
2026-07-30 16:00:00;64730.29;64988;64688;64800
2026-07-30 12:00:00;64788.01;65176.6;64607.31;64730.3
2026-07-30 08:00:00;64026;64885.18;63980.54;64788
2026-07-30 04:00:00;64161.98;64182;63907.85;64026
2026-07-30 00:00:00;63984.29;64411.76;63603.92;64161.98
2026-07-29 20:00:00;63589.46;64131.44;63267.34;63984.28
2026-07-29 16:00:00;63964.01;64648.79;63511;63589.46
2026-07-29 12:00:00;64507.53;64718.87;63886;63964.01
2026-07-29 08:00:00;64561.01;64744.81;64283.83;64507.54
2026-07-29 04:00:00;63753.04;64575.99;63598;64561
2026-07-29 00:00:00;63915;64200;63658;63753.03
2026-07-28 20:00:00;63904;64073.3;63562;63915
2026-07-28 16:00:00;63928.46;64100;63504;63904
2026-07-28 12:00:00;63449.99;64026.62;62742.47;63928.47
2026-07-28 08:00:00;63506;63593;63294;63450
2026-07-28 04:00:00;63343.82;63668.71;63221.26;63505.99
2026-07-28 00:00:00;63755.86;63827.49;63059.39;63343.83
2026-07-27 20:00:00;64983.99;65056;63605.56;63755.86
2026-07-27 16:00:00;64554;65090;64517.78;64984
2026-07-27 12:00:00;65100.79;65718;64418.01;64554.01
2026-07-27 08:00:00;65221.99;65432;65092;65100.79
2026-07-27 04:00:00;65284;65744.6;65217.16;65221.99
2026-07-27 00:00:00;65400;65418.81;64892.03;65284
2026-07-26 20:00:00;64695.52;65577;64631.57;65399.99
2026-07-26 16:00:00;64768;64940.51;64668.91;64695.52
2026-07-26 12:00:00;64507.36;64827;64414;64768
2026-07-26 08:00:00;64370;64573.73;64353;64507.35
2026-07-26 04:00:00;64557;64599.95;64293.81;64370
2026-07-26 00:00:00;64375.01;64582;64350;64557
2026-07-25 20:00:00;64388.39;64430;64263.03;64375
2026-07-25 16:00:00;64182.01;64475.28;64123;64388.38
2026-07-25 12:00:00;64064.01;64272;64043;64182
2026-07-25 08:00:00;64003.2;64113;63810;64064.01
2026-07-25 04:00:00;64085.36;64205.67;63964.57;64003.2
2026-07-25 00:00:00;64140;64179.03;64006.55;64085.36
2026-07-24 20:00:00;64225.32;64288.02;64121.86;64139.99
2026-07-24 16:00:00;64093.86;64292.44;63881.46;64225.32
2026-07-24 12:00:00;65083.42;65133.99;63739.75;64093.85
2026-07-24 08:00:00;65499.94;65508.17;64857.14;65083.43
2026-07-24 04:00:00;65456.7;65808.59;65248;65499.95
2026-07-24 00:00:00;65098.98;65464.35;64762.18;65456.7
2026-07-23 20:00:00;64846.93;65235.43;64834.52;65098.97
2026-07-23 16:00:00;64958.37;64961.15;64650;64846.94
2026-07-23 12:00:00;65555.21;65589.41;64728;64958.36
2026-07-23 08:00:00;65442.12;65792.09;65419.75;65555.21
2026-07-23 04:00:00;65662.53;65821.17;65351.02;65442.13
2026-07-23 00:00:00;66114.5;66313.14;65585.11;65662.53
2026-07-22 20:00:00;65923.19;66138.24;65791.79;66114.49
2026-07-22 16:00:00;66047.38;66384;65691.93;65923.19
2026-07-22 12:00:00;66013.36;66204.98;65553.67;66047.39
2026-07-22 08:00:00;65843.48;66164.57;65843.47;66013.36
2026-07-22 04:00:00;66209.99;66424;65701;65843.48
2026-07-22 00:00:00;66556.15;66739.89;66176;66210
2026-07-21 20:00:00;66444.76;66576;66204;66556.16
2026-07-21 16:00:00;66676.53;66764;66052.63;66444.76
2026-07-21 12:00:00;66345.59;66956.15;66255.73;66676.54
2026-07-21 08:00:00;66186.86;66420.65;66129.19;66345.59
2026-07-21 04:00:00;65566.77;66245.64;65471.69;66186.86
2026-07-21 00:00:00;65255.51;65658.78;65148.75;65566.78
2026-07-20 20:00:00;65142;65445.27;65061.92;65255.51
2026-07-20 16:00:00;65598.75;65799;65041.05;65142
2026-07-20 12:00:00;65002;65666.8;64077.76;65598.75
2026-07-20 08:00:00;64280.01;65068;63100;65002.01
2026-07-20 04:00:00;64869.79;64869.99;63765.83;64280.01
2026-07-20 00:00:00;64722.55;65107.99;64416;64869.8
2026-07-19 20:00:00;64462.58;64900;64347.89;64722.54
2026-07-19 16:00:00;64585.33;64752;64280;64462.58
2026-07-19 12:00:00;64467.65;64663.04;64285.24;64585.32
2026-07-19 08:00:00;64711.04;64743;64445;64467.64
2026-07-19 04:00:00;64706.18;64815.65;64610.89;64711.05
2026-07-19 00:00:00;64834.21;64967.25;64620.44;64706.18
2026-07-18 20:00:00;64552.8;64865;64528.69;64834.22
2026-07-18 16:00:00;64123.13;64669.5;64091.48;64552.79
2026-07-18 12:00:00;64069.89;64274.47;63963;64123.12
2026-07-18 08:00:00;64002.75;64097.22;63887.73;64069.89
2026-07-18 04:00:00;64017.84;64026.03;63926.39;64002.75
2026-07-18 00:00:00;63931.67;64032.6;63886.65;64017.84
2026-07-17 20:00:00;64160.8;64216.61;63884.35;63931.67
2026-07-17 16:00:00;63452;64387.99;63312.01;64160.8
2026-07-17 12:00:00;63298;63518;62537.56;63452
2026-07-17 08:00:00;62828.11;63361.7;62666;63298.01
2026-07-17 04:00:00;63570;63576;62710;62828.11
2026-07-17 00:00:00;63830.2;64067.69;63380.28;63570
2026-07-16 20:00:00;64271.85;64276;63748.74;63830.2
2026-07-16 16:00:00;64704.73;64712;63984.09;64271.84
2026-07-16 12:00:00;64256.52;64896;63838.28;64704.73
2026-07-16 08:00:00;64238;64380;63888;64256.53
2026-07-16 04:00:00;64619.96;64997.52;64086.12;64238
2026-07-16 00:00:00;64756.28;64845.5;64392.01;64619.95
2026-07-15 20:00:00;64977.34;65055.39;64691.89;64756.28
2026-07-15 16:00:00;65427.6;65470;64738.49;64977.34
2026-07-15 12:00:00;64732.15;65600;64606;65427.61
2026-07-15 08:00:00;64549.33;64917.94;64549.33;64732.15
2026-07-15 04:00:00;64792;65277.37;64485;64549.34
2026-07-15 00:00:00;65043.99;65065.01;64488;64792.01
2026-07-14 20:00:00;64569.59;65100;64419.99;65043.98
2026-07-14 16:00:00;64744;64896.86;64231.77;64569.59
2026-07-14 12:00:00;62844.99;64966.43;62780.84;64743.99
2026-07-14 08:00:00;62560.92;62923.06;62500;62844.99
2026-07-14 04:00:00;62572.88;62872;62516.93;62560.92
2026-07-14 00:00:00;62334.52;62666.66;62272.2;62572.89
2026-07-13 20:00:00;62288.23;62347.46;61882.88;62334.52
2026-07-13 16:00:00;62618;62629.35;61824.97;62288.23
2026-07-13 12:00:00;62901.99;62990.04;62101;62618.01
2026-07-13 08:00:00;62985.53;63302.88;62862.28;62901.99
2026-07-13 04:00:00;62806.41;63070.01;62500.76;62985.52
2026-07-13 00:00:00;63780;64425;62741.04;62806.41
2026-07-12 20:00:00;64228.59;64254;63668;63780
2026-07-12 16:00:00;64176;64270;64018.69;64228.59
2026-07-12 12:00:00;64018;64290.11;63958.71;64176
2026-07-12 08:00:00;63885.28;64100.32;63764;64018.01
2026-07-12 04:00:00;64223.73;64245.87;63640.83;63885.27
2026-07-12 00:00:00;63819.01;64223.74;63702.16;64223.73
2026-07-11 20:00:00;64286;64463.83;63819;63819
2026-07-11 16:00:00;64175.75;64402;64084;64286
2026-07-11 12:00:00;64197.99;64504.11;63896.18;64175.75
2026-07-11 08:00:00;64162.18;64300;64129.99;64198
2026-07-11 04:00:00;64150.42;64278;64080.26;64162.18
2026-07-11 00:00:00;64161.72;64310;63984.07;64150.42
2026-07-10 20:00:00;63917.88;64222.61;63656;64161.72
2026-07-10 16:00:00;64039.99;64220;63732.66;63917.88
2026-07-10 12:00:00;64425.18;64692.83;63793.43;64040
2026-07-10 08:00:00;63963;64494.84;63962.99;64425.18
2026-07-10 04:00:00;63947.2;64200;63802.02;63963
2026-07-10 00:00:00;63230.01;64050.23;62926.01;63947.2
2026-07-09 20:00:00;63248.09;63418;63060.91;63230
2026-07-09 16:00:00;62868.06;63500;62559.59;63248.1
2026-07-09 12:00:00;62786.33;63261;62465.39;62868.05
2026-07-09 08:00:00;62999.99;63100.1;62614.66;62786.34
2026-07-09 04:00:00;61974.34;63283.26;61956.46;63000
2026-07-09 00:00:00;62290.01;62642;61705.29;61974.34
2026-07-08 20:00:00;62277.98;62350.63;61956;62290
2026-07-08 16:00:00;61704.01;62394.32;61692;62277.98
2026-07-08 12:00:00;62300;62451.08;61544.56;61704.01
2026-07-08 08:00:00;62888.34;62941.46;61743.83;62299.99
2026-07-08 04:00:00;62766;62901.49;62477.04;62888.35
2026-07-08 00:00:00;63364;63761.99;62525.47;62766
2026-07-07 20:00:00;63818;63901.75;63218;63363.99
2026-07-07 16:00:00;63930.5;64243.75;63379.69;63817.99
2026-07-07 12:00:00;63405.99;64105;62671.39;63930.51
2026-07-07 08:00:00;63083.19;63467.15;62984.58;63406
2026-07-07 04:00:00;63191.01;63445.7;62800;63083.18
2026-07-07 00:00:00;64042.93;64314;63150;63191.01
2026-07-06 20:00:00;63738.52;64700;63589.41;64042.02
2026-07-06 16:00:00;63545.98;63976.16;63386.01;63738.52
2026-07-06 12:00:00;62483.84;63550;61306.84;63545.98
2026-07-06 08:00:00;63089.42;63244;62483.83;62483.84
2026-07-06 04:00:00;63294;63402.77;62890;63089.42
2026-07-06 00:00:00;63650.01;63920;63136.01;63294
2026-07-05 20:00:00;62768.87;63999;62609.47;63650
2026-07-05 16:00:00;62740.01;62888.14;62590.02;62768.88
2026-07-05 12:00:00;62658.92;62943.59;62569.37;62740.01
2026-07-05 08:00:00;63020.21;63104;62436.59;62658.92
2026-07-05 04:00:00;62769.03;63059.99;62659.65;63020.21
2026-07-05 00:00:00;63144.01;63144.01;62596.08;62769.04
2026-07-04 20:00:00;63294.72;63448;62927.98;63144.01
2026-07-04 16:00:00;62943.29;63461.99;62786;63294.72
2026-07-04 12:00:00;62482;63075.46;62482;62943.29
2026-07-04 08:00:00;62576;62674.47;62415.87;62482.01
2026-07-04 04:00:00;62627.28;62749.97;62328.24;62576
2026-07-04 00:00:00;62583.26;62946;62404.25;62627.29
2026-07-03 20:00:00;62210;62979.86;62186.01;62583.26
2026-07-03 16:00:00;61922.71;62317.64;61911.65;62210
2026-07-03 12:00:00;62024.01;62400;61700;61922.72
2026-07-03 08:00:00;61750.47;62103.1;61510.01;62024.02
2026-07-03 04:00:00;61434;61864.99;61332.76;61750.47
2026-07-03 00:00:00;61560;61733.11;61248.86;61434
2026-07-02 20:00:00;61479.59;61653.43;61342;61560
2026-07-02 16:00:00;61612.93;61962.43;61108.99;61479.6
2026-07-02 12:00:00;61358;62200;61147.23;61612.93
2026-07-02 08:00:00;60149.99;61437.49;60132.51;61358.01
2026-07-02 04:00:00;61057.99;61058;60104;60149.99
2026-07-02 00:00:00;60024;61121.78;59588;61058
2026-07-01 20:00:00;60029.39;61334;59876;60024
2026-07-01 16:00:00;60147.15;60352.93;59787.35;60028.67
2026-07-01 12:00:00;58622.02;60536.55;58326;60147.15
2026-07-01 08:00:00;58768.64;59091.99;58500;58622.03
2026-07-01 04:00:00;59197.12;59457;58534.31;58768.65
2026-07-01 00:00:00;58624.71;59318;57800.19;59197.13
2026-06-30 20:00:00;58818;58874.99;58509.99;58624.71
2026-06-30 16:00:00;58382;58839.16;58241.79;58818.05
2026-06-30 12:00:00;59192.71;59276.6;58201;58381.99
2026-06-30 08:00:00;59524.01;59551.03;59123.01;59192.7
2026-06-30 04:00:00;59627.47;59712.88;59360;59524.01
2026-06-30 00:00:00;60260.2;60276.54;59600;59627.48
2026-06-29 20:00:00;60433.5;60585.99;60194.01;60260.21
2026-06-29 16:00:00;59824.01;60683.84;59584.48;60433.49
2026-06-29 12:00:00;59956.05;60780.57;59011;59824.01
2026-06-29 08:00:00;60026.01;60311.95;59745.46;59956.05
2026-06-29 04:00:00;60049.45;60346.27;59392.02;60026
2026-06-29 00:00:00;59577.01;60233;58900.01;60049.46
2026-06-28 20:00:00;59481.78;59906;58905;59577.01
2026-06-28 16:00:00;59890.35;59943.9;59270.26;59481.79
2026-06-28 12:00:00;60341.99;60457.02;59817.28;59890
2026-06-28 08:00:00;60220;60545.01;60068;60342
2026-06-28 04:00:00;60197.03;60259.68;59753.48;60219.99
2026-06-28 00:00:00;60029.01;60339.99;59986;60197.04
2026-06-27 20:00:00;60175.95;60482.18;59855.16;60029
2026-06-27 16:00:00;60840.06;60855.03;60085.88;60175.95
2026-06-27 12:00:00;60363.65;60941.17;60257.03;60840.06
2026-06-27 08:00:00;60548.06;60548.74;60198.94;60363.65
2026-06-27 04:00:00;60305.73;60574;60093.33;60548.07
2026-06-27 00:00:00;60097.27;60412;59876.22;60305.73
2026-06-26 20:00:00;59751.96;60117.64;59571.31;60097.27
2026-06-26 16:00:00;60328.18;60583;59556;59751.97
2026-06-26 12:00:00;59413.24;60500;58500.1;60328.32
2026-06-26 08:00:00;60532;60580;59239.78;59413.24
2026-06-26 04:00:00;60036;60759.99;59702;60532
2026-06-26 00:00:00;59794.64;60131.37;58337;60036.01
2026-06-25 20:00:00;59319.99;60273.81;59319.99;59794
2026-06-25 16:00:00;59557.99;60067;59139.96;59320
2026-06-25 12:00:00;61282;61761.35;58115.01;59557.99
2026-06-25 08:00:00;61911.03;61920;61066;61282.01
2026-06-25 04:00:00;60883.66;61962.4;60792;61911.04
2026-06-25 00:00:00;61078;61163.16;60684.94;60883.65
2026-06-24 20:00:00;59958.3;61276;59854;61077.99
2026-06-24 16:00:00;60250;60678.1;59102.7;59958.3
2026-06-24 12:00:00;62921.19;62973.2;60249.82;60250
2026-06-24 08:00:00;62658;63239.06;62318.88;62921.19
2026-06-24 04:00:00;62729.78;63073.44;62525.49;62657.99
2026-06-24 00:00:00;62734.57;63119.45;62461.87;62729.78
2026-06-23 20:00:00;62388.49;62799.99;62380.25;62734.57
2026-06-23 16:00:00;62487.79;62846;62104.7;62388.49
2026-06-23 12:00:00;62507.05;62855.98;61960;62487.79
2026-06-23 08:00:00;62886.04;62945.08;61938;62507.06
2026-06-23 04:00:00;64065.34;64095.55;62568.9;62886.03
2026-06-23 00:00:00;64020.01;64275.38;63828.93;64065.35
2026-06-22 20:00:00;64472.51;64659.43;63804.59;64020.01
2026-06-22 16:00:00;64836.95;64862;64276;64472
2026-06-22 12:00:00;64657.22;65622.83;64579.08;64836.95
2026-06-22 08:00:00;64211.2;64768.46;64044;64657.22
2026-06-22 04:00:00;63974.01;64397.57;63868.41;64211.19
2026-06-22 00:00:00;63312;64823.52;63312;63974.01
2026-06-21 20:00:00;64207.13;64271.21;63270;63311.99
2026-06-21 16:00:00;64224;64298.84;63933.47;64207.12
2026-06-21 12:00:00;64176;64355.88;63952;64224
2026-06-21 08:00:00;64191.06;64483.95;63900.17;64176
2026-06-21 04:00:00;64426;64588;64173.08;64191.07
2026-06-21 00:00:00;64298.01;64472.99;64206.17;64426
2026-06-20 20:00:00;63935.99;64350;63853.31;64298.01
2026-06-20 16:00:00;64160.04;64167.26;63730.21;63936
2026-06-20 12:00:00;63688;64388;63184.21;64160.04
2026-06-20 08:00:00;63655.21;63798.76;63392.41;63688
2026-06-20 04:00:00;63476.79;63907.07;63402;63655.21
2026-06-20 00:00:00;63543.9;63777;63320.14;63476.79
2026-06-19 20:00:00;63021.6;63666;62958.59;63543.91
2026-06-19 16:00:00;63214.01;63387.8;62866.99;63021.6
2026-06-19 12:00:00;62626;63419.27;62353;63214.01
2026-06-19 08:00:00;62630;62782;62316.44;62626
2026-06-19 04:00:00;62773.52;62917.32;62409.55;62629.99
2026-06-19 00:00:00;62958.01;63110.29;62386.9;62773.51
2026-06-18 20:00:00;62950.79;63274.19;62742;62958.01
2026-06-18 16:00:00;62369.43;63008.33;62272.07;62950.79
2026-06-18 12:00:00;63974.4;64445.19;62293.76;62369.44
2026-06-18 08:00:00;64510.45;64646.75;63878.14;63974.4
2026-06-18 04:00:00;64282.82;64510.5;63696.29;64510.44
2026-06-18 00:00:00;64509.4;64806;64267.86;64282.82
2026-06-17 20:00:00;64301.85;64529.2;63915.77;64509.4
2026-06-17 16:00:00;65751.99;66445.93;63998.35;64301.85
2026-06-17 12:00:00;64810.01;65855.66;64590.53;65752
2026-06-17 08:00:00;65539.51;65574;64565;64810.01
2026-06-17 04:00:00;65852;66048.19;65251;65539.5
2026-06-17 00:00:00;65675.02;66200;65477.5;65851.99
2026-06-16 20:00:00;65675.89;65938;65592;65675.01
2026-06-16 16:00:00;65859.76;66248.69;65560;65675.88
2026-06-16 12:00:00;66481.73;66818;65360.92;65859.76
2026-06-16 08:00:00;66372;66992;66345.06;66481.73
2026-06-16 04:00:00;66165.21;66572.99;65802;66372
2026-06-16 00:00:00;66328.74;66463.26;65650;66165.21
2026-06-15 20:00:00;66615.98;66681.3;66076.56;66328.74
2026-06-15 16:00:00;67292.15;67292.15;66348;66614.35
2026-06-15 12:00:00;66233.89;67292.15;66106;67292.14
2026-06-15 08:00:00;65674.76;66385.12;65512;66233.9
2026-06-15 04:00:00;65927.11;66000;65611.01;65674.76
2026-06-15 00:00:00;65746.45;65995;65354;65927.1
2026-06-14 20:00:00;63801.99;65800;63794.09;65746.45
2026-06-14 16:00:00;64025.06;64208.92;63678.83;63802
2026-06-14 12:00:00;64546.01;64560.66;63866.66;64025.07
2026-06-14 08:00:00;64429.39;64664;64321.18;64546
2026-06-14 04:00:00;64545.3;64563.48;64214;64429.39
2026-06-14 00:00:00;64458.01;64710;64380.7;64545.3
2026-06-13 20:00:00;64296.59;64762.77;64226.38;64458.01
2026-06-13 16:00:00;64296.15;64333.62;63920.05;64296.59
2026-06-13 12:00:00;63971.28;64350;63921.33;64296.15
2026-06-13 08:00:00;63845.99;63984.53;63726.57;63971.28
2026-06-13 04:00:00;63532;63883.47;63484;63846
2026-06-13 00:00:00;63580;63840;63418.66;63532
2026-06-12 20:00:00;63589.28;63696.41;63400;63580.01
2026-06-12 16:00:00;63593.02;64111.1;63510.16;63589.27
2026-06-12 12:00:00;63766.01;64394.44;63045.29;63593.02
2026-06-12 08:00:00;63100.8;63953.84;63100.8;63766.01
2026-06-12 04:00:00;63524.81;63863.98;62829.81;63100.8
2026-06-12 00:00:00;63626;63810.01;63301.53;63524.82
2026-06-11 20:00:00;63605.69;63700;63270;63625.99
2026-06-11 16:00:00;62749.44;63933.02;62348;63605.68
2026-06-11 12:00:00;63108.01;63239.43;62500;62749.44
2026-06-11 08:00:00;62719.39;63257.21;62719.38;63108
2026-06-11 04:00:00;62689.47;62997.53;62544.89;62719.39
2026-06-11 00:00:00;61510.99;62848;61510.99;62689.48
2026-06-10 20:00:00;61942.45;61949.21;61104.24;61510.99
2026-06-10 16:00:00;62639.23;62646;61588.8;61942.44
2026-06-10 12:00:00;61034.04;62857.99;60960;62639.23
2026-06-10 08:00:00;61687.56;61736;60755;61034.04
2026-06-10 04:00:00;61549.64;61813.34;61080;61687.56
2026-06-10 00:00:00;61730;61974.7;61235.29;61549.64
2026-06-09 20:00:00;62098.09;62272;61556;61730
2026-06-09 16:00:00;61131.85;62103.39;60780;62098.09
2026-06-09 12:00:00;62711.12;62895.18;61037;61131.84
2026-06-09 08:00:00;63198.44;63208.86;62498.75;62711.12
2026-06-09 04:00:00;62875.18;63526.01;62748;63198.44
2026-06-09 00:00:00;63086;63184;62423.07;62875.17
2026-06-08 20:00:00;63372.01;63850;62978.66;63085.99
2026-06-08 16:00:00;63774.48;64046.86;63268.01;63372.01
2026-06-08 12:00:00;63479.62;64200;62718.3;63774.48
2026-06-08 08:00:00;63284;63873.08;62992.01;63479.61
2026-06-08 04:00:00;63130.12;63350;62408;63283.99
2026-06-08 00:00:00;63332.01;63863.06;62720.86;63130.12
2026-06-07 20:00:00;61327.99;64234.68;61217.17;63332.01
2026-06-07 16:00:00;62093.99;62332;61184;61328
2026-06-07 12:00:00;62621.97;62643.97;61577.12;62093.99
2026-06-07 08:00:00;62404.72;62960;62259.37;62621.96
2026-06-07 04:00:00;61701.06;62416.26;61482.46;62404.73
2026-06-07 00:00:00;60884.62;61778.33;60746;61701.07
2026-06-06 20:00:00;60600;61000;60429.09;60884.62
2026-06-06 16:00:00;60784.01;60971.24;60393.96;60600.01
2026-06-06 12:00:00;60802.9;61185.26;60396;60784
2026-06-06 08:00:00;61004.95;61500;60198;60802.91
2026-06-06 04:00:00;60687.05;61276.95;59500;61004.95
2026-06-06 00:00:00;61056.47;61530.05;60520;60687.04
2026-06-05 20:00:00;60300.24;62000;59940.01;61056.47
2026-06-05 16:00:00;60438;61547.24;59130.91;60300.24
2026-06-05 12:00:00;61964.99;62457.86;60000;60438.01
2026-06-05 08:00:00;63115.99;63259.9;61964.98;61964.99
2026-06-05 04:00:00;62730;63688;61126.01;63115.99
2026-06-05 00:00:00;63885.99;63978;62339;62730
2026-06-04 20:00:00;63629.38;63918;63106.04;63885.99
2026-06-04 16:00:00;63896.16;64163.93;62944.91;63629.38
2026-06-04 12:00:00;62546;64494.92;62392;63896.17
2026-06-04 08:00:00;63603.15;63904.63;62205;62545.99
2026-06-04 04:00:00;64363.49;64764.32;63492.89;63603.15
2026-06-04 00:00:00;64142.75;64540.3;61383.56;64363.49
2026-06-03 20:00:00;65461.99;65860;64092.49;64142.75
2026-06-03 16:00:00;66076.01;66373.18;65251;65462
2026-06-03 12:00:00;67067.37;67244.62;66076;66076.01
2026-06-03 08:00:00;67220.03;67476.69;66656.48;67067.37
2026-06-03 04:00:00;65849.9;67516;65834;67220.03
2026-06-03 00:00:00;66760.84;67204.15;65426.34;65849.9
2026-06-02 20:00:00;67315.14;67923.24;66193;66760.83
2026-06-02 16:00:00;67304.29;68146.3;66432;67315.14
2026-06-02 12:00:00;69461.73;69548.13;67076;67304.28
2026-06-02 08:00:00;70118.42;70172;69324.65;69461.72
2026-06-02 04:00:00;70953.7;71048;69733;70118.42
2026-06-02 00:00:00;71408.9;71408.9;70111;70953.69
2026-06-01 20:00:00;71595.24;71690;70840.9;71408.9
2026-06-01 16:00:00;71129.62;71800.73;70686.68;71595.24
2026-06-01 12:00:00;72480;72610;71066.33;71129.62
2026-06-01 08:00:00;72818;73095.64;72290;72479.99
2026-06-01 04:00:00;73769.06;73841.37;72704;72818
2026-06-01 00:00:00;73674.39;74092;73222;73769.06
2026-05-31 20:00:00;73563.41;74198;73500;73674.39
2026-05-31 16:00:00;73655.2;73734;73400;73563.42
2026-05-31 12:00:00;73937.63;74023.99;73483.05;73655.21
2026-05-31 08:00:00;73871.25;74024;73699.2;73937.79
2026-05-31 04:00:00;74150.64;74221.33;73836;73871.24
2026-05-31 00:00:00;73884.38;74275.66;73858.56;74150.64
2026-05-30 20:00:00;74016.64;74054;73781.3;73884.38
2026-05-30 16:00:00;73930.13;74143.76;73811.3;74016.65
2026-05-30 12:00:00;73602.01;74100;73594.4;73930.14
2026-05-30 08:00:00;73548.6;73680.75;73500.02;73602.02
2026-05-30 04:00:00;73524.01;73709.91;73216;73548.6
2026-05-30 00:00:00;73460.78;73796.43;73408.62;73524.01
2026-05-29 20:00:00;73520.29;73844;73320;73460.78
2026-05-29 16:00:00;73808.25;74514.1;73187.25;73520.28
2026-05-29 12:00:00;73487.98;74200;72512.49;73808.26
2026-05-29 08:00:00;73528.55;73902.85;73341.85;73487.98
2026-05-29 04:00:00;73301.53;73939.19;73210.21;73528.56
2026-05-29 00:00:00;73617.52;73868.33;73189.11;73301.52
2026-05-28 20:00:00;73419.31;73949.22;73241.48;73617.51
2026-05-28 16:00:00;72928.73;73749.69;72741.4;73419.32
2026-05-28 12:00:00;73505.65;73580.75;72582.82;72928.73
2026-05-28 08:00:00;73498;73616;73193.13;73505.66
2026-05-28 04:00:00;73258;73512.14;72728.85;73498
2026-05-28 00:00:00;74449.31;74590.77;73060.59;73258.01
2026-05-27 20:00:00;75066.09;75415.81;74243.99;74449.3
2026-05-27 16:00:00;75326.02;75408.01;74663.45;75066.08
2026-05-27 12:00:00;75769.18;76174.15;74758.33;75326.01
2026-05-27 08:00:00;75977.16;76071.41;75710.76;75769.18
2026-05-27 04:00:00;75683;75980;75310.9;75977.17
2026-05-27 00:00:00;75930.01;76104.02;75607.62;75683
2026-05-26 20:00:00;76052;76180;75677.97;75930.01
2026-05-26 16:00:00;76518.1;76710.01;75779.3;76052
2026-05-26 12:00:00;77183.56;78080;76272.63;76518.1
2026-05-26 08:00:00;76730.84;77621.75;76586.94;77183.55
2026-05-26 04:00:00;76664;77059.74;76603.73;76730.84
2026-05-26 00:00:00;77322.01;77345;76475.59;76664.01
2026-05-25 20:00:00;77441.85;77500;77019.82;77322.01
2026-05-25 16:00:00;77628.82;77807.29;77343.61;77441.86
2026-05-25 12:00:00;77357.5;77905.52;77286.5;77628.82
2026-05-25 08:00:00;77401.11;77699.97;77280.32;77357.5
2026-05-25 04:00:00;77026.68;77650;76990.78;77401.12
2026-05-25 00:00:00;77064.96;77485;76914.25;77026.67
2026-05-24 20:00:00;76773.33;77225.97;76108;77064.96
2026-05-24 16:00:00;76371.59;76799.99;76371.59;76773.34
2026-05-24 12:00:00;77320.06;77325.72;76195.36;76371.59
2026-05-24 08:00:00;76799.99;77543.15;76734.42;77320.06
2026-05-24 04:00:00;76750.01;77065.94;76651.59;76799.99
2026-05-24 00:00:00;76752;77011.62;76629.02;76750
2026-05-23 20:00:00;75983.45;77404.18;75953.94;76752.01
2026-05-23 16:00:00;75519.99;76012.22;75371.72;75983.45
2026-05-23 12:00:00;74789.99;75726.3;74660.05;75520
2026-05-23 08:00:00;74609.37;74873.55;74303.56;74789.99
2026-05-23 04:00:00;75635.22;75650.63;74289.6;74609.36
2026-05-23 00:00:00;75539.5;75664.62;75220;75635.22
2026-05-22 20:00:00;75860.44;76087.85;75359.18;75539.5
2026-05-22 16:00:00;76790.6;77093.72;75668.76;75860.44
2026-05-22 12:00:00;77428.83;77584.94;76570;76790.59
2026-05-22 08:00:00;77408.07;77535;77184.45;77428.84
2026-05-22 04:00:00;77779.98;77900;77288.77;77408.06
2026-05-22 00:00:00;77615.52;77817.8;77327.28;77779.98
2026-05-21 20:00:00;77690.56;77813.35;77534.43;77615.52
2026-05-21 16:00:00;77259.45;78098.16;77008.75;77690.56
2026-05-21 12:00:00;77189.1;77402.12;76719.47;77259.46
2026-05-21 08:00:00;77889.01;78200;77147.15;77189.1
2026-05-21 04:00:00;78078.72;78180.01;77521;77889.01
2026-05-21 00:00:00;77552.24;78173.15;77525;78078.72
2026-05-20 20:00:00;77667.49;77766.6;77226.61;77552.23
2026-05-20 16:00:00;77455.45;77713.66;77018.38;77667.49
2026-05-20 12:00:00;77382.5;77853.04;76891.61;77455.46
2026-05-20 08:00:00;77282.65;77663;77210.33;77382.49
2026-05-20 04:00:00;76723.55;77472.21;76692;77282.64
2026-05-20 00:00:00;76834.36;76922.46;76516.74;76723.54
2026-05-19 20:00:00;76818.73;77040.83;76642.95;76834.36
2026-05-19 16:00:00;76521.24;77065.8;76407.72;76818.74
2026-05-19 12:00:00;76714.61;77048.72;76144.71;76521.23
2026-05-19 08:00:00;77233.68;77317.02;76633.83;76714.62
2026-05-19 04:00:00;76787.1;77278.57;76644.98;77233.69
2026-05-19 00:00:00;77001.88;77414.62;76487.83;76787.11
2026-05-18 20:00:00;76928;77222.79;76800;77001.87
2026-05-18 16:00:00;76409.46;76995;76144.24;76928
2026-05-18 12:00:00;77285.83;77800;76051;76409.46
2026-05-18 08:00:00;77073.69;77403.48;76668.58;77285.83
2026-05-18 04:00:00;76924.66;77089.29;76583.33;77073.69
2026-05-18 00:00:00;77457.67;77477.99;76707.61;76924.65
2026-05-17 20:00:00;78415.29;78485.36;76735.16;77457.67
2026-05-17 16:00:00;78051.42;78468.46;77856.69;78415.3
2026-05-17 12:00:00;78415.99;78550;77850;78051.41
2026-05-17 08:00:00;78180;78599.99;78033.01;78415.99
2026-05-17 04:00:00;78028.88;78323.96;78003.35;78180.01
2026-05-17 00:00:00;78148.05;78243.19;77721.19;78028.88
2026-05-16 20:00:00;78259.67;78318.94;78125.32;78148.05
2026-05-16 16:00:00;78238.68;78364.65;78119.72;78259.66
2026-05-16 12:00:00;78080.46;78346;77833.4;78238.67
2026-05-16 08:00:00;78369.78;78530.52;77640;78081.71
2026-05-16 04:00:00;79083.19;79129.71;78066;78369.77
2026-05-16 00:00:00;79113.2;79227.77;79010;79083.18
2026-05-15 20:00:00;79146.5;79217.07;78911.42;79113.21
2026-05-15 16:00:00;79150.26;79561.94;79051;79146.5
2026-05-15 12:00:00;80628.52;80635.44;78659;79150.27
2026-05-15 08:00:00;80814.88;80822.95;80369;80628.53
2026-05-15 04:00:00;81059.15;81100;80314;80814.88
2026-05-15 00:00:00;81090;81664.45;80750;81059.15
2026-05-14 20:00:00;81419.75;81590.19;81059.93;81089.99
2026-05-14 16:00:00;81301.22;82048.13;81080.25;81419.74
2026-05-14 12:00:00;79258.27;81332.23;79230.31;81301.23
2026-05-14 08:00:00;79745.99;79936.98;79234;79258.27
2026-05-14 04:00:00;79044.86;79998;78982.06;79745.98
2026-05-14 00:00:00;79313.61;79681.73;78922;79044.85
2026-05-13 20:00:00;79642.41;79760;79228;79313.61
2026-05-13 16:00:00;78827.21;79800;78754.65;79642.41
2026-05-13 12:00:00;80501.22;80592.65;78807.22;78827.21
2026-05-13 08:00:00;81026.92;81324.64;80494.98;80501.22
2026-05-13 04:00:00;81249.99;81281.07;80889.12;81026.92
2026-05-13 00:00:00;80504.47;81299.99;80412.15;81249.99
2026-05-12 20:00:00;80835.3;80896.25;80439.91;80504.47
2026-05-12 16:00:00;80336.01;80874.42;79843.59;80834.64
2026-05-12 12:00:00;80784.86;80999;80188.65;80336.01
2026-05-12 08:00:00;80865.4;80964.13;80496.57;80784.87
2026-05-12 04:00:00;81058.79;81305.24;80800.77;80865.4
2026-05-12 00:00:00;81745.66;81788;80714.28;81058.8
2026-05-11 20:00:00;81961.99;82078.91;81596.31;81745.65
2026-05-11 16:00:00;81445.89;82137.26;81344.72;81961.99
2026-05-11 12:00:00;81196.95;81458;80462.97;81445.9
2026-05-11 08:00:00;80740.4;81200;80621.87;81196.94
2026-05-11 04:00:00;80736;81049.51;80639.99;80740.4
2026-05-11 00:00:00;82210.07;82380;80525;80736.01
2026-05-10 20:00:00;81437.83;82479.32;80279.77;82210.07
2026-05-10 16:00:00;81418.01;81583.11;81148;81437.83
2026-05-10 12:00:00;80821.21;81442.81;80784.2;81418.01
2026-05-10 08:00:00;80736.03;80975.4;80691;80821.21
2026-05-10 04:00:00;80774.99;80840;80658.97;80736.03
2026-05-10 00:00:00;80678.41;80887.15;80572.77;80775
2026-05-09 20:00:00;80938.53;80938.53;80621.88;80678.4
2026-05-09 16:00:00;80527.92;81080;80487.4;80938.53
2026-05-09 12:00:00;80345.47;80600;80234;80527.92
2026-05-09 08:00:00;80228.88;80452.44;80166.26;80345.46
2026-05-09 04:00:00;80383.96;80666.66;80135;80228.89
2026-05-09 00:00:00;80193.18;80550.67;80129.85;80383.95
2026-05-08 20:00:00;80180;80409.09;80089.76;80193.17
2026-05-08 16:00:00;80142.13;80299.99;79738.75;80179.94
2026-05-08 12:00:00;80231.22;80500;79549.54;80142.14
2026-05-08 08:00:00;79682.4;80340.94;79666.05;80231.22
2026-05-08 04:00:00;79578.84;79778.95;79248.58;79682.4
2026-05-08 00:00:00;80006;80142.84;79181.48;79578.85
2026-05-07 20:00:00;80146.77;80371.23;79582.95;80006
2026-05-07 16:00:00;79890;80269.06;79500;80146.11
2026-05-07 12:00:00;80866.65;81180;79699.52;79890.63
2026-05-07 08:00:00;81518.57;81590;80572.4;80866.65
2026-05-07 04:00:00;80834.92;81708.32;80725.09;81518.58
2026-05-07 00:00:00;81447.01;81490.03;80830.23;80834.91
2026-05-06 20:00:00;81464.86;81700;81000;81447.01
2026-05-06 16:00:00;81704.25;81907.51;81200;81464.87
2026-05-06 12:00:00;82522.88;82539.33;81136;81704.25
2026-05-06 08:00:00;81359.82;82850;81328.68;82522.89
2026-05-06 04:00:00;81581.7;81649.99;81060;81359.82
2026-05-06 00:00:00;80905.53;81760.84;80731.14;81581.69
2026-05-05 20:00:00;81606.35;81791.48;80790;80905.52
2026-05-05 16:00:00;81525.19;81680;81050.04;81606.35
2026-05-05 12:00:00;81014.05;81712.32;80932.54;81525.19
2026-05-05 08:00:00;80855.59;81095.48;80527.76;81014.05
2026-05-05 04:00:00;80893.08;81323.52;80725;80855.59
2026-05-05 00:00:00;79861.01;81083.98;79808.72;80893.08
2026-05-04 20:00:00;80053.31;80397.19;79744.91;79861.01
2026-05-04 16:00:00;80028.85;80776.99;79619.33;80053.31
2026-05-04 12:00:00;78793.67;80545.17;78500;80028.85
2026-05-04 08:00:00;79696.75;79930;78202;78793.67
2026-05-04 04:00:00;80316.3;80635.51;79500;79696.75
2026-05-04 00:00:00;78568.58;80458;78288.88;80316.31
2026-05-03 20:00:00;78760.32;79447;78484.42;78568.57
2026-05-03 16:00:00;78668.36;78853.32;78558.65;78760.32
2026-05-03 12:00:00;78656.01;78878.77;78586.99;78668.36
2026-05-03 08:00:00;78363.24;78849.22;78354.53;78656.01
2026-05-03 04:00:00;78203.07;78483.67;78084.08;78363.25
2026-05-03 00:00:00;78686.84;78754.55;78108.75;78203.08
2026-05-02 20:00:00;78486.23;79199.48;78418.32;78686.85
2026-05-02 16:00:00;78487.67;78596.61;78310.54;78486
2026-05-02 12:00:00;78143.09;78487.68;78108.41;78487.67
2026-05-02 08:00:00;78220;78394;78094.43;78143.08
2026-05-02 04:00:00;78399.99;78448.99;78040;78220
2026-05-02 00:00:00;78231.13;78514.82;78166.48;78400
2026-05-01 20:00:00;78360.01;78422.81;77752;78231.13
2026-05-01 16:00:00;78445.88;78683.23;78131.02;78360
2026-05-01 12:00:00;77463.98;78914.12;77408.73;78445.89
2026-05-01 08:00:00;77130.54;77600;77048;77463.98
2026-05-01 04:00:00;77131.08;77206.38;76653.6;77130.54
2026-05-01 00:00:00;76346.58;77453.74;76320.42;77131.08
2026-04-30 20:00:00;76412.8;76568.9;76206.02;76346.57
2026-04-30 16:00:00;76473.6;76514.8;76111;76412.8
2026-04-30 12:00:00;76059.42;76669.14;76042.75;76473.6
2026-04-30 08:00:00;76161.67;76339.38;75876.29;76059.43
2026-04-30 04:00:00;75928.09;76179.91;75323.65;76161.67
2026-04-30 00:00:00;75780;76473.26;75494.7;75928.1
2026-04-29 20:00:00;75563.87;76088.9;75497.43;75780
2026-04-29 16:00:00;75924.24;76274.8;74937.52;75563.86
2026-04-29 12:00:00;77590.04;77596.39;75705.32;75924.25
2026-04-29 08:00:00;77053.65;77904.93;76972.32;77590.03
2026-04-29 04:00:00;76994.77;77455.71;76880;77053.64
2026-04-29 00:00:00;76342.78;77127.62;76187.75;76994.78
2026-04-28 20:00:00;76330.97;76481.3;76197.02;76342.77
2026-04-28 16:00:00;76066.37;76380.83;75881.28;76330.97
2026-04-28 12:00:00;76228.99;76421.94;75666.6;76066.38
2026-04-28 08:00:00;76879.28;77013.63;76130.1;76229
2026-04-28 04:00:00;76815.18;77154;76424.9;76879.28
2026-04-28 00:00:00;77371.32;77478;76672;76815.18
2026-04-27 20:00:00;76878.23;77450;76763.71;77371.32
2026-04-27 16:00:00;76793.1;76990.43;76459.64;76878.07
2026-04-27 12:00:00;77844.25;78265.34;76564.33;76793.09
2026-04-27 08:00:00;77606.59;77980;77553.23;77844.26
2026-04-27 04:00:00;79105.5;79160;77465.05;77606.6
2026-04-27 00:00:00;78657.55;79485.66;78400.03;79105.49
2026-04-26 20:00:00;78221.17;78961;77843.75;78657.55
2026-04-26 16:00:00;78049;78500;77850;78221.16
2026-04-26 12:00:00;78101.43;78173.15;77770;78049
2026-04-26 08:00:00;78102.53;78210;77926.59;78101.44
2026-04-26 04:00:00;77400.21;78200;77383.46;78102.53
2026-04-26 00:00:00;77625;77642.43;77326.51;77400.21
2026-04-25 20:00:00;77330;77650;77311.05;77625
2026-04-25 16:00:00;77330.25;77454.31;77140.23;77330.01
2026-04-25 12:00:00;77682.29;77752.54;77299.89;77330.26
2026-04-25 08:00:00;77501.19;77885.35;77491.36;77682.3
2026-04-25 04:00:00;77679.08;77691.23;77450;77501.19
2026-04-25 00:00:00;77437.13;77711.87;77309.92;77679.07
2026-04-24 20:00:00;77628.84;77757.14;77264.08;77437.13
2026-04-24 16:00:00;78038.63;78060.29;77363.63;77628.85
2026-04-24 12:00:00;78240.27;78479.37;77577.22;78038.62
2026-04-24 08:00:00;77644.59;78372.58;77402.01;78240.26
2026-04-24 04:00:00;77737.84;78057.65;77457;77644.6
2026-04-24 00:00:00;78257.48;78581.93;77555;77737.85
2026-04-23 20:00:00;77727.25;78331;77637.5;78257.48
2026-04-23 16:00:00;78376.77;78509.82;76960;77727.26
2026-04-23 12:00:00;77704.61;78662.5;77379.92;78376.76
2026-04-23 08:00:00;78048.61;78175.52;77174.01;77704.62
2026-04-23 04:00:00;77746.47;78339.35;77675.8;78048.62
2026-04-23 00:00:00;78178.22;78574.44;77453.43;77746.46
2026-04-22 20:00:00;78846.62;78915.84;78155.83;78178.23
2026-04-22 16:00:00;79272.91;79472.82;78632.37;78846.62
2026-04-22 12:00:00;78300;79400;78114.04;79272.9
2026-04-22 08:00:00;78012.78;78399;77941.59;78300
2026-04-22 04:00:00;77521.47;78452.18;77364.25;78012.79
2026-04-22 00:00:00;76336.14;77733.11;76132.95;77521.48
2026-04-21 20:00:00;75023.43;76425.37;74967.58;76336.15
2026-04-21 16:00:00;75834.66;76190.72;74821.57;75023.43
2026-04-21 12:00:00;76452.94;76595.3;75430.62;75834.65
2026-04-21 08:00:00;76084.34;76927.57;76063.98;76452.94
2026-04-21 04:00:00;75710.31;76300;75600;76084.34
2026-04-21 00:00:00;75840.97;76263.4;75474.77;75710.3
2026-04-20 20:00:00;76296.97;76558.62;75617.6;75840.97
2026-04-20 16:00:00;75716.78;76486.67;75289.92;76296.96
2026-04-20 12:00:00;75192.72;75772.72;74702;75716.77
2026-04-20 08:00:00;74837.18;75404.63;74619.41;75192.71
2026-04-20 04:00:00;74634.01;75572;74095.18;74837.17
2026-04-20 00:00:00;73801.8;74746.93;73724.31;74634
2026-04-19 20:00:00;74965.46;74965.47;73762.9;73801.79
2026-04-19 16:00:00;75846.63;75853.26;74608;74965.47
2026-04-19 12:00:00;75604.11;76240.66;75401.44;75846.63
2026-04-19 08:00:00;75252.33;75641.99;74921.74;75604.11
2026-04-19 04:00:00;75515.76;75782.63;74867.72;75252.34
2026-04-19 00:00:00;75691.76;75847.42;75357;75515.77
2026-04-18 20:00:00;75649.86;75891.64;75599.64;75691.76
2026-04-18 16:00:00;76167.33;76211.57;75445.16;75649.85
2026-04-18 12:00:00;76039.06;76363.75;75797.53;76167.34
2026-04-18 08:00:00;76997.79;77048;75763.76;76039.05
2026-04-18 04:00:00;77005.47;77278.58;76884.1;76997.8
2026-04-18 00:00:00;77072.01;77420.08;76962.67;77005.47
2026-04-17 20:00:00;77393.58;77611.68;76911;77072
2026-04-17 16:00:00;77785.03;78333;77000;77393.58
2026-04-17 12:00:00;75589.7;78052.49;75531.97;77785.02
2026-04-17 08:00:00;75074.76;76370.25;74993.24;75589.7
2026-04-17 04:00:00;74615.82;75089.51;74555.12;75074.77
2026-04-17 00:00:00;75154.28;75154.77;74529.4;74615.82
2026-04-16 20:00:00;75343;75534.76;74789.5;75154.29
2026-04-16 16:00:00;74697.2;75410.71;73912.23;75342.99
2026-04-16 12:00:00;74574.8;75030.39;73309.85;74697.19
2026-04-16 08:00:00;74707.02;74901.5;74277.34;74574.79
2026-04-16 04:00:00;74888.21;75174.38;74636;74707.03
2026-04-16 00:00:00;74809.99;75267.85;74451.49;74888.21
2026-04-15 20:00:00;75002.6;75425;74512.06;74809.99
2026-04-15 16:00:00;73844.07;75281;73762.89;75002.6
2026-04-15 12:00:00;74201.78;74506.84;73580.85;73844.08
2026-04-15 08:00:00;73730.43;74256.44;73675.96;74201.78
2026-04-15 04:00:00;74345.98;74434.51;73514;73730.43
2026-04-15 00:00:00;74131.55;74786.72;74126.32;74345.97
2026-04-14 20:00:00;74223.3;74434.33;73806.09;74131.55
2026-04-14 16:00:00;75317.06;75688;73795.47;74223.18
2026-04-14 12:00:00;74376.52;76038;74277.19;75317.07
2026-04-14 08:00:00;74545.99;74910;74307.35;74376.52
2026-04-14 04:00:00;74444.44;74924.64;74150.6;74546
2026-04-14 00:00:00;74418;74579.32;73954.86;74444.43
2026-04-13 20:00:00;73322;74900;73007.08;74417.99
2026-04-13 16:00:00;71866.59;73480;71679.8;73322.82
2026-04-13 12:00:00;70929.68;72464.28;70758.5;71866.59
2026-04-13 08:00:00;70813.88;70997.12;70566.99;70929.68
2026-04-13 04:00:00;70975.99;71144;70672.72;70813.88
2026-04-13 00:00:00;70741.56;71271.78;70615.3;70976
2026-04-12 20:00:00;71084.18;71452;70505.88;70740.98
2026-04-12 16:00:00;70892.04;71222.58;70821.05;71084.18
2026-04-12 12:00:00;71468.54;71500;70604.07;70892.03
2026-04-12 08:00:00;71664.99;71805.85;71357.76;71468.55
2026-04-12 04:00:00;71593.18;71781;71417.22;71665
2026-04-12 00:00:00;73043.16;73137.24;71310;71593.19
2026-04-11 20:00:00;73687.16;73689.97;72907.4;73043.16
2026-04-11 16:00:00;72858.18;73790;72812.94;73687.15
2026-04-11 12:00:00;72907.05;72982.4;72513.09;72858.17
2026-04-11 08:00:00;72745.38;72915.95;72617.75;72907.05
2026-04-11 04:00:00;72866.62;72954.28;72612.16;72745.38
2026-04-11 00:00:00;72962.71;73094.89;72670;72866.63
2026-04-10 20:00:00;73236.11;73434;72700.6;72962.7
2026-04-10 16:00:00;72460.52;73264.76;72387.41;73236.11
2026-04-10 12:00:00;72127.59;73289.96;71899.51;72460.51
2026-04-10 08:00:00;71481.85;72261.93;71426.15;72127.59
2026-04-10 04:00:00;71868.67;72267.89;71428;71481.85
2026-04-10 00:00:00;71787.98;72387;71573.35;71868.67
2026-04-09 20:00:00;72096.33;73145;71585.25;71787.97
2026-04-09 16:00:00;72142;72550;71729.66;72096.32
2026-04-09 12:00:00;71150.17;72358;70522.77;72141.99
2026-04-09 08:00:00;70982.01;71575;70865.42;71150.17
2026-04-09 04:00:00;70992.37;71116;70689.38;70982.01
2026-04-09 00:00:00;71069.93;71198.8;70466;70992.39
2026-04-08 20:00:00;71318.47;71748;70901.89;71069.93
2026-04-08 16:00:00;71309.99;71963.94;71019;71318.48
2026-04-08 12:00:00;71675.12;72857;70707.23;71310
2026-04-08 08:00:00;71627.59;71955;71407.77;71675.12
2026-04-08 04:00:00;71287.39;71941.42;71287.38;71627.59
2026-04-08 00:00:00;71924.22;72110.65;71240.99;71287.39
2026-04-07 20:00:00;69011.29;72761;69011.29;71924.22
2026-04-07 16:00:00;68168.11;69098.44;68085.01;69011.29
2026-04-07 12:00:00;68345.75;68633.87;67732.01;68168.1
2026-04-07 08:00:00;68624.6;69247.9;68071.96;68345.75
2026-04-07 04:00:00;68779.2;68981.83;68443;68624.61
2026-04-07 00:00:00;68853.66;69128.2;68273.34;68779.21
2026-04-06 20:00:00;69739.52;69974.08;68300;68853.66
2026-04-06 16:00:00;69968.87;70351.46;69282.02;69739.53
2026-04-06 12:00:00;69614.91;69973.25;69163.86;69968.87
2026-04-06 08:00:00;69115.91;70283.32;69081.88;69614.91
2026-04-06 04:00:00;69123.69;69354.26;68806.53;69115.91
2026-04-06 00:00:00;69034.18;69588;68776.61;69123.69
2026-04-05 20:00:00;67361.01;69136.2;67332.66;69034.18
2026-04-05 16:00:00;67306.65;67560.45;67173.4;67361.01
2026-04-05 12:00:00;66998.99;67856.16;66680.57;67306.64
2026-04-05 08:00:00;66820.64;67150;66819.42;66999
2026-04-05 04:00:00;67145.98;67188.51;66611.66;66820.64
2026-04-05 00:00:00;67300.42;67307.28;66955.72;67145.98
2026-04-04 20:00:00;67288.42;67504.54;67186.62;67300.42
2026-04-04 16:00:00;67383.66;67543.6;67265;67288.42
2026-04-04 12:00:00;67156.93;67562.93;67029.07;67383.66
2026-04-04 08:00:00;67014.95;67232.72;66918;67156.93
2026-04-04 04:00:00;66832.18;67052.99;66775.91;67014.96
2026-04-04 00:00:00;66964.29;66968.28;66814;66832.18
2026-04-03 20:00:00;66885.73;66970.18;66826.13;66964.3
2026-04-03 16:00:00;66827.15;67069;66751.86;66885.74
2026-04-03 12:00:00;67017.43;67370.42;66508.1;66827.15
2026-04-03 08:00:00;67042.08;67288;66674.72;67017.44
2026-04-03 04:00:00;66579.98;67247.38;66416.68;67042.08
2026-04-03 00:00:00;66901.99;67000;66282;66579.97
2026-04-02 20:00:00;66976;67100;66731.08;66901.99
2026-04-02 16:00:00;66852.91;67430.99;66596.8;66975.99
2026-04-02 12:00:00;66220.28;67104.86;65712.12;66852.91
2026-04-02 08:00:00;66930.79;66930.79;66167.1;66220.28
2026-04-02 04:00:00;66576.25;66961.26;66217.07;66930.79
2026-04-02 00:00:00;68113.92;68653.38;66500;66576.25
2026-04-01 20:00:00;68176.84;68534;67964.48;68113.92
2026-04-01 16:00:00;68918.52;69171.77;67939.28;68176.84
2026-04-01 12:00:00;68712.52;68965;67918.83;68918.52
2026-04-01 08:00:00;68692;68851.35;68389.21;68712.52
2026-04-01 04:00:00;68170.67;69310;68005.33;68692
2026-04-01 00:00:00;68284.49;68378.64;67578.75;68170.67
2026-03-31 20:00:00;67838.79;68410.3;67831.7;68284.48
2026-03-31 16:00:00;66736.79;68589.49;66729.28;67838.8
2026-03-31 12:00:00;66685.69;67767.87;66427.53;66736.8
2026-03-31 08:00:00;67367.7;67496;65998.05;66685.69
2026-03-31 04:00:00;67704.74;67979.38;67103.32;67367.69
2026-03-31 00:00:00;66797.38;68408.37;66544.51;67704.74
2026-03-30 20:00:00;66550.06;66994.17;66419.79;66797.37
2026-03-30 16:00:00;67629.4;67641.65;66233.13;66550.05
2026-03-30 12:00:00;67680.44;68169.65;67088.73;67629.4
2026-03-30 08:00:00;67624.39;68042.3;67360.41;67680.45
2026-03-30 04:00:00;67173.8;67800;67167.92;67624.39
2026-03-30 00:00:00;66010.93;67450;65800.59;67173.8
2026-03-29 20:00:00;66348.61;66793.83;65000;66010.93
2026-03-29 16:00:00;66523.01;66665.05;66158.26;66348.62
2026-03-29 12:00:00;66816.29;66875.24;66334.37;66523
2026-03-29 08:00:00;66671;66988.01;66418;66816.28
2026-03-29 04:00:00;66912;66936.6;66556.78;66671
2026-03-29 00:00:00;66377.04;67130.5;66281.4;66912
2026-03-28 20:00:00;66916.52;67010;66283.38;66377.03
2026-03-28 16:00:00;67014.92;67096.77;66704;66916.52
2026-03-28 12:00:00;66319.46;67288.94;66240.87;67014.91
2026-03-28 08:00:00;66561.49;66570.09;66124.4;66319.47
2026-03-28 04:00:00;66240;66573.61;66110;66561.48
2026-03-28 00:00:00;66407.28;66520.46;65932.09;66240
2026-03-27 20:00:00;66040.65;66420.75;65817.44;66407.28
2026-03-27 16:00:00;66112.82;66290;65548.25;66040.66
2026-03-27 12:00:00;66702.78;66773.25;65730.17;66112.82
2026-03-27 08:00:00;68540.49;68635.07;66231.96;66702.78
2026-03-27 04:00:00;68767.5;68955.53;68304.14;68540.48
2026-03-27 00:00:00;68820.31;69179.05;68531.37;68767.51
2026-03-26 20:00:00;68534.37;69478.42;68436.74;68820.31
2026-03-26 16:00:00;69082.64;69162;68153;68534.36
2026-03-26 12:00:00;69276.01;69877.45;68632.4;69082.64
2026-03-26 08:00:00;70087.44;70144.44;69192.96;69276.01
2026-03-26 04:00:00;70921.47;70921.47;69805;70087.44
2026-03-26 00:00:00;71336.53;71436.82;70672.37;70921.47
2026-03-25 20:00:00;70883.32;71594.11;70646.34;71336.53
2026-03-25 16:00:00;70832.99;71752.88;70681.07;70883.31
2026-03-25 12:00:00;71678.97;71963.71;70530.47;70832.99
2026-03-25 08:00:00;70926.88;72026.09;70800;71678.97
2026-03-25 04:00:00;70716.7;71345;70703.83;70926.88
2026-03-25 00:00:00;70556.74;71100.28;70408;70716.7
2026-03-24 20:00:00;69377.33;70832.54;69296.15;70556.74
2026-03-24 16:00:00;69873.04;70001.92;68923.07;69377.33
2026-03-24 12:00:00;71157.77;71177.66;69507.34;69873.04
2026-03-24 08:00:00;71291.7;71368.61;70850.11;71157.77
2026-03-24 04:00:00;70542.9;71400;70119.06;71291.7
2026-03-24 00:00:00;70906.45;71099.96;70278.46;70542.9
2026-03-23 20:00:00;70679.04;70998;70404.39;70906.45
2026-03-23 16:00:00;70131.48;71246.01;70131.47;70679.05
2026-03-23 12:00:00;70122.15;71817.09;69671.95;70131.48
2026-03-23 08:00:00;68333.16;71499;67916.14;70122.15
2026-03-23 04:00:00;68074.6;68915.4;67502.48;68333.16
2026-03-23 00:00:00;67859;68585.12;67445.18;68074.6
2026-03-22 20:00:00;68199.93;68498.4;67360.66;67859
2026-03-22 16:00:00;68847.97;68885.53;68145.01;68199.93
2026-03-22 12:00:00;68217.94;69005.71;68199.04;68847.96
2026-03-22 08:00:00;68919.37;68990.67;68110.55;68217.95
2026-03-22 04:00:00;69340;69526.85;68892.93;68919.38
2026-03-22 00:00:00;68918.12;69588.79;68228.5;69339.99
2026-03-21 20:00:00;70396.01;70516.82;68571.42;68918.12
2026-03-21 16:00:00;70630.02;70652.64;70210;70396
2026-03-21 12:00:00;70652.73;71100.94;70453.09;70630.02
2026-03-21 08:00:00;70727.33;70753.79;70492.02;70652.72
2026-03-21 04:00:00;70657.35;70879.76;70617.05;70727.33
2026-03-21 00:00:00;70510.73;70826;70431.67;70657.35
2026-03-20 20:00:00;70177.85;70923.75;69754.71;70510.73
2026-03-20 16:00:00;69860.09;70190.18;69388;70177.86
2026-03-20 12:00:00;70478.71;70685.63;69480;69860.09
2026-03-20 08:00:00;70854.66;71367;70218.68;70478.71
2026-03-20 04:00:00;70729.93;70969.71;70160.06;70854.66
2026-03-20 00:00:00;69930.01;70809.43;69837.1;70729.92
2026-03-19 20:00:00;70272;70695.6;69718.23;69930
2026-03-19 16:00:00;69412.52;70596.42;69122.03;70271.99
2026-03-19 12:00:00;69952.75;70179.53;68793.35;69412.51
2026-03-19 08:00:00;70191.16;70560.91;69900;69952.75
2026-03-19 04:00:00;71215.39;71215.39;69478.51;70191.17
2026-03-19 00:00:00;71246.55;71613.79;70902.37;71215.39
2026-03-18 20:00:00;71072.38;71451.22;70500;71246.54
2026-03-18 16:00:00;71467.82;72000.5;70933.85;71072.38
2026-03-18 12:00:00;72952.85;72981.79;70857.21;71467.82
2026-03-18 08:00:00;73883.8;74281.33;72800;72952.85
2026-03-18 04:00:00;74446.14;74486.3;73700.01;73883.8
2026-03-18 00:00:00;73909.37;74672.34;73535.36;74446.14
2026-03-17 20:00:00;74511.21;74799;73871.74;73909.36
2026-03-17 16:00:00;73914.4;74800;73855.24;74512.17
2026-03-17 12:00:00;74033.1;74893.94;73399.19;73914.39
2026-03-17 08:00:00;74249.32;74452.97;73560.98;74033.11
2026-03-17 04:00:00;74463.98;74712.89;73784;74249.32
2026-03-17 00:00:00;74884.67;76000;74268.73;74463.98
2026-03-16 20:00:00;73963;74909.08;73863.2;74884.67
2026-03-16 16:00:00;73274.75;74418.6;73160.66;73963
2026-03-16 12:00:00;73552.78;74509.52;72990.52;73274.76
2026-03-16 08:00:00;73456.69;73838.76;72888.8;73552.77
2026-03-16 04:00:00;73573.31;74451.03;73385.18;73456.68
2026-03-16 00:00:00;72815.25;74330.34;72270.41;73573.32
2026-03-15 20:00:00;71549.94;73199;71433.75;72815.24
2026-03-15 16:00:00;71481.24;71989.93;71320.08;71549.94
2026-03-15 12:00:00;71839.41;71839.42;71263.99;71481.24
2026-03-15 08:00:00;71453.59;71940.49;71453.59;71839.42
2026-03-15 04:00:00;71363.13;71800.68;71330.66;71453.59
2026-03-15 00:00:00;71211.95;71634.08;70858.82;71363.14
2026-03-14 20:00:00;70699.99;71253.17;70650.09;71211.95
2026-03-14 16:00:00;70580.09;70740.34;70500;70700
2026-03-14 12:00:00;70751.42;70941.17;70501;70580.09
2026-03-14 08:00:00;70596.68;70784.38;70389.08;70751.42
2026-03-14 04:00:00;71081.31;71307.92;70317;70596.68
2026-03-14 00:00:00;70930.01;71185.23;70481.7;71081.3
2026-03-13 20:00:00;71189.96;71491.03;70559.02;70930
2026-03-13 16:00:00;71831.46;72249.99;70841.23;71189.95
2026-03-13 12:00:00;72228.81;73913.74;71736.34;71831.46
2026-03-13 08:00:00;71612.23;72575.98;71385.28;72228.82
2026-03-13 04:00:00;71405.76;71672.76;71180.19;71612.22
2026-03-13 00:00:00;70541.34;72000;70386.01;71405.75
2026-03-12 20:00:00;70432.33;70734.25;70013.17;70541.34
2026-03-12 16:00:00;70334.89;70569.15;69770.85;70432.32
2026-03-12 12:00:00;70427.9;70660.69;69355.34;70334.88
2026-03-12 08:00:00;69826.19;70800;69580;70427.91
2026-03-12 04:00:00;69446.61;69865.98;69205.91;69826.19
2026-03-12 00:00:00;70191.86;70353.87;69226.52;69446.61
2026-03-11 20:00:00;70641.81;70950;70125.83;70191.86
2026-03-11 16:00:00;70227.92;71321;70161.78;70641.82
2026-03-11 12:00:00;69172.99;71091.18;68977.91;70227.91
2026-03-11 08:00:00;69648.28;69786.32;69150.28;69173
2026-03-11 04:00:00;69551.91;70281.87;69420;69648.29
2026-03-11 00:00:00;69948.64;70173.25;69488.7;69551.91
2026-03-10 20:00:00;70043.63;70417.3;69452.42;69948.63
2026-03-10 16:00:00;71346.17;71700;69739;70043.63
2026-03-10 12:00:00;70580.95;71777;69266.06;71346.16
2026-03-10 08:00:00;70406.01;71300;70369;70580.94
2026-03-10 04:00:00;69429.85;70546.74;69429.85;70406.01
2026-03-10 00:00:00;68432.16;70578.29;68391.41;69429.85
2026-03-09 20:00:00;68991.93;69145.28;68384.69;68432.16
2026-03-09 16:00:00;68863.67;69516.65;68179.12;68991.93
2026-03-09 12:00:00;67764.99;69480;67759.57;68863.66
2026-03-09 08:00:00;67555.13;68460.09;67344.45;67764.98
2026-03-09 04:00:00;67205.06;68069.29;66853.48;67555.13
2026-03-09 00:00:00;65971.2;67668.64;65821.97;67205.05
2026-03-08 20:00:00;67337.41;67609.08;65618.49;65971.2
2026-03-08 16:00:00;67218.23;67485.24;66745.54;67337.42
2026-03-08 12:00:00;67515;67650.94;66761.68;67218.23
2026-03-08 08:00:00;67319.9;68200;67156.93;67515
2026-03-08 04:00:00;67000.26;67465.11;66547.15;67319.91
2026-03-08 00:00:00;67262.91;67481.96;66833.58;67000.26
2026-03-07 20:00:00;67080.33;67483.05;67068.01;67262.91
2026-03-07 16:00:00;67877.45;67935.01;66915.26;67080.34
2026-03-07 12:00:00;68010;68085.41;67609.44;67877.45
2026-03-07 08:00:00;67842.67;68232.27;67720.98;68010.01
2026-03-07 04:00:00;68095.5;68147.73;67446.41;67842.67
2026-03-07 00:00:00;68114.02;68551.04;68060.6;68095.5
2026-03-06 20:00:00;68131.79;68440.92;67777;68114.02
2026-03-06 16:00:00;68504.71;68795.44;67744.78;68131.79
2026-03-06 12:00:00;70212.94;70341.76;68176.47;68504.71
2026-03-06 08:00:00;71056.44;71067.58;70184.01;70212.95
2026-03-06 04:00:00;71080.37;71192.76;70143.19;71056.44
2026-03-06 00:00:00;70891.02;71419.98;70344.03;71080.38
2026-03-05 20:00:00;70918.08;71572.3;70777;70890.72
2026-03-05 16:00:00;71652.77;71654.65;70645.47;70918.07
2026-03-05 12:00:00;72915.8;73063.38;71168.65;71652.77
2026-03-05 08:00:00;72055.5;73558.15;71757.17;72915.79
2026-03-05 04:00:00;72497.89;73081.08;71759.95;72055.5
2026-03-05 00:00:00;72666.77;73306.82;72336.76;72497.89
2026-03-04 20:00:00;73611.67;73716;72313.04;72666.77
2026-03-04 16:00:00;73396.87;74050;72541.69;73611.1
2026-03-04 12:00:00;71111.4;73479.75;70588;73396.88
2026-03-04 08:00:00;69493.14;71893;69098.91;71111.4
2026-03-04 04:00:00;67732.19;69668;67467.6;69493.13
2026-03-04 00:00:00;68338.01;68909.34;67400;67732.2
2026-03-03 20:00:00;68435;68860;67832.3;68338
2026-03-03 16:00:00;67725.82;68999;67473.09;68435
2026-03-03 12:00:00;67026.6;67973.2;66158;67725.81
2026-03-03 08:00:00;68172.79;68311.83;66340.14;67026.61
2026-03-03 04:00:00;68377.94;68617.42;67800;68172.8
2026-03-03 00:00:00;68830.06;69258.08;68210.71;68377.94
2026-03-02 20:00:00;68966.52;69539.77;68584.9;68830.06
2026-03-02 16:00:00;69130.2;70096;68576.18;68966.53
2026-03-02 12:00:00;66359.67;69617.74;65259.21;69130.2
2026-03-02 08:00:00;66007.8;66720.84;65654.54;66359.68
2026-03-02 04:00:00;66820.03;66995.64;65542.6;66007.52
2026-03-02 00:00:00;65776.48;67079;65761.04;66820.03
2026-03-01 20:00:00;65962.16;66491.43;65056;65776.47
2026-03-01 16:00:00;66842.42;67112.37;65699.98;65962.17
2026-03-01 12:00:00;66468.04;67360.57;66132.27;66842.42
2026-03-01 08:00:00;67141.4;67292.3;66215.71;66468.03
2026-03-01 04:00:00;67502.16;67612.14;66749.35;67141.39
2026-03-01 00:00:00;66973.26;68199.99;66042.72;67502.16
2026-02-28 20:00:00;66362.01;67760;66190.61;66973.26
2026-02-28 16:00:00;64841.17;66666.65;64681.81;66362.01
2026-02-28 12:00:00;63844.2;65360.51;63827.2;64841.18
2026-02-28 08:00:00;63825.99;64307.44;63372.1;63844.2
2026-02-28 04:00:00;65797.42;65818.44;63030;63826
2026-02-28 00:00:00;65872.09;66025.52;65721.13;65797.42
2026-02-27 20:00:00;65392.18;65953.2;64914.46;65872.1
2026-02-27 16:00:00;66095.4;66121.03;65113.72;65392.18
2026-02-27 12:00:00;66126.99;66344.9;65649.34;66095.4
2026-02-27 08:00:00;67690.6;68149.93;65960.01;66126.99
2026-02-27 04:00:00;67600.84;68216.8;67459.3;67690.6
2026-02-27 00:00:00;67485.19;67712.16;66885;67600.84
2026-02-26 20:00:00;67589.21;67831.11;67150.14;67485.18
2026-02-26 16:00:00;67382;67903.12;66500;67589.22
2026-02-26 12:00:00;68051.3;68303.83;66761.16;67382
2026-02-26 08:00:00;67825.05;68722.64;67792;68051.31
2026-02-26 04:00:00;68216.87;68860;67817.87;67825.04
2026-02-26 00:00:00;67988.04;68700;67727.52;68216.86
2026-02-25 20:00:00;69038.26;69988.83;67600;67988.04
2026-02-25 16:00:00;67412.32;69550;67404;69038.26
2026-02-25 12:00:00;65430.04;67578;65324.62;67412.33
2026-02-25 08:00:00;65028.3;65692.62;64955.79;65430.04
2026-02-25 04:00:00;65391.74;65650;64755.26;65028.3
2026-02-25 00:00:00;64058.15;66310;63913.27;65391.73
2026-02-24 20:00:00;64435.03;64591.99;63820.5;64058.15
2026-02-24 16:00:00;63973.98;64743.11;63689.54;64435.03
2026-02-24 12:00:00;63227.11;64031.76;62510.28;63973.97
2026-02-24 08:00:00;63192.79;63444.66;62908.92;63227.1
2026-02-24 04:00:00;63595.51;63628.52;62700.8;63192.96
2026-02-24 00:00:00;64656.01;65026.75;63342.9;63595.51
2026-02-23 20:00:00;64295.11;65035.98;63888.79;64656.02
2026-02-23 16:00:00;65660.1;65724.28;64048.71;64295.1
2026-02-23 12:00:00;66207.23;66511.51;65529.73;65660.1
2026-02-23 08:00:00;65958.94;66600;65565.78;66207.23
2026-02-23 04:00:00;64934.18;66015.22;64685.64;65958.94
2026-02-23 00:00:00;67643.39;67684.86;64290.71;64934.17
2026-02-22 20:00:00;67428.32;67751.44;67350;67643.4
2026-02-22 16:00:00;67684.15;67718.13;67190;67428.32
2026-02-22 12:00:00;68219.97;68232.4;67303.5;67684.14
2026-02-22 08:00:00;68005.3;68245;67912.02;68219.97
2026-02-22 04:00:00;68041.42;68178.79;67881.81;68005.3
2026-02-22 00:00:00;67975.93;68222.16;67809.78;68041.43
2026-02-21 20:00:00;68543.51;68605.63;67900;67975.93
2026-02-21 16:00:00;68615.01;68658.5;68101.78;68543.51
2026-02-21 12:00:00;68092.45;68698.7;67915;68615
2026-02-21 08:00:00;67856.01;68314.54;67807.3;68092.45
2026-02-21 04:00:00;67667.77;67924.39;67593.99;67856.01
2026-02-21 00:00:00;68020;68099.54;67534.69;67667.77
2026-02-20 20:00:00;67646.03;68233.99;67520.3;68020.01
2026-02-20 16:00:00;67582.95;68000;66952.11;67646.03
2026-02-20 12:00:00;67318.41;68083.98;66280.2;67582.95
2026-02-20 08:00:00;67825.91;68318.39;67280.6;67318.41
2026-02-20 04:00:00;67366.25;68006;67115.38;67825.91
2026-02-20 00:00:00;67003.73;67488.67;66949.41;67366.25
2026-02-19 20:00:00;67050;67168.86;66652.34;67003.73
2026-02-19 16:00:00;66398.01;67198.1;65899.25;67050
2026-02-19 12:00:00;66496.03;66755.39;65631.83;66398
2026-02-19 08:00:00;67206.45;67206.45;66478.02;66496.02
2026-02-19 04:00:00;66980.91;67320;66679.76;67206.45
2026-02-19 00:00:00;66461;66997.07;66345;66980.91
2026-02-18 20:00:00;66177.15;66550;66053.6;66461
2026-02-18 16:00:00;67694.01;67706.94;65870;66177.14
2026-02-18 12:00:00;67369.75;68347.72;66717.3;67694.01
2026-02-18 08:00:00;68106.44;68476.22;67076.9;67369.75
2026-02-18 04:00:00;67629.1;68219.81;67500.1;68106.44
2026-02-18 00:00:00;67503.52;67705.65;66892.03;67629.11
2026-02-17 20:00:00;67793.32;67928.08;67394;67503.52
2026-02-17 16:00:00;67392.06;68235.39;66881.08;67793.32
2026-02-17 12:00:00;67854.6;68360.5;66621.06;67392.05
2026-02-17 08:00:00;68388.12;68479.17;67690;67854.6
2026-02-17 04:00:00;68474.9;68707.49;67892;68388.12
2026-02-17 00:00:00;68892.43;69241.5;68387.2;68474.9
2026-02-16 20:00:00;67913.44;68978.88;67827.11;68892.43
2026-02-16 16:00:00;67539.53;68245.34;67513.94;67913.43
2026-02-16 12:00:00;68812.84;70126.67;67294.11;67539.52
2026-02-16 08:00:00;68587.89;69060.77;68338.9;68812.83
2026-02-16 04:00:00;68424.82;68900;68228.76;68587.9
2026-02-16 00:00:00;68832.59;69065.5;68143.22;68424.82
2026-02-15 20:00:00;68286.64;69078.49;68120;68832.58
2026-02-15 16:00:00;69100;69100;68000;68286.63
2026-02-15 12:00:00;70295.22;70418.48;68772.2;69099.99
2026-02-15 08:00:00;70828.43;70983;70182.31;70295.22
2026-02-15 04:00:00;69954.5;70926.42;69459.35;70828.42
2026-02-15 00:00:00;69822.94;69990.02;69251.5;69954.5
2026-02-14 20:00:00;69873.99;70250.46;69668.05;69822.95
2026-02-14 16:00:00;69778.28;69930.9;69283.02;69873.99
2026-02-14 12:00:00;70505.74;70533.67;69064.6;69778.28
2026-02-14 08:00:00;69219.27;70560.01;69218.71;70505.74
2026-02-14 04:00:00;68982;69343;68730.13;69219.26
2026-02-14 00:00:00;68853.97;69137.5;68768.56;68981.99
2026-02-13 20:00:00;68938.91;69079.4;68683.32;68853.96
2026-02-13 16:00:00;68692.12;69482.97;68540.83;68938.91
2026-02-13 12:00:00;67171.41;69309.8;66867.47;68692.12
2026-02-13 08:00:00;66208.96;67226.66;66191.52;67171.42
2026-02-13 04:00:00;66553.09;66671.62;66002.98;66208.96
2026-02-13 00:00:00;66272.17;66814;65872.46;66553.08
2026-02-12 20:00:00;65788.36;66488.9;65215.06;66272.17
2026-02-12 16:00:00;67134.74;67232.04;65118;65788.36
2026-02-12 12:00:00;68076.01;68410.52;67014.98;67134.74
2026-02-12 08:00:00;67217.71;68299;66891.6;68076.01
2026-02-12 04:00:00;67581;67682.69;66670.45;67217.72
2026-02-12 00:00:00;67082.52;68047.48;67055.53;67580.99
2026-02-11 20:00:00;67586.66;68369.77;66787.7;67082.52
2026-02-11 16:00:00;66519.72;67860.44;65876;67586.67
2026-02-11 12:00:00;67053.03;68834.34;65756;66519.73
2026-02-11 08:00:00;67032.71;67134.42;66369.49;67053.03
2026-02-11 04:00:00;68188;68325;66557.99;67032.72
2026-02-11 00:00:00;68841.28;69292.88;68011.11;68187.99
2026-02-10 20:00:00;69062;69136.91;68362;68841.29
2026-02-10 16:00:00;69293.37;69993.65;68604.63;69062.01
2026-02-10 12:00:00;68535.02;69591.2;67800;69293.37
2026-02-10 08:00:00;68919.66;69417.7;68459.89;68535.01
2026-02-10 04:00:00;69511.83;69906.5;68682;68919.66
2026-02-10 00:00:00;70138;70527.59;69208.61;69511.83
2026-02-09 20:00:00;70957.01;71126;69823.52;70138
2026-02-09 16:00:00;69563.37;71075.31;69100;70957.01
2026-02-09 12:00:00;68928.71;69884.82;68308;69563.37
2026-02-09 08:00:00;70422.59;70608.83;68420.58;68928.72
2026-02-09 04:00:00;71307.56;71359.37;70311.7;70422.59
2026-02-09 00:00:00;70330.38;71453.53;70068.18;71307.56
2026-02-08 20:00:00;71422.96;72271.41;70000;70330.38
2026-02-08 16:00:00;71188.99;71538.05;70251.33;71422.97
2026-02-08 12:00:00;70999.99;71554.95;70707.39;71188.99
2026-02-08 08:00:00;69710.69;71220;69514.15;70999.98
2026-02-08 04:00:00;69100;69719.07;68952.01;69710.69
2026-02-08 00:00:00;69289.37;69696.57;68888;69099.99
2026-02-07 20:00:00;69373.61;69728.83;68787.34;69289.38
2026-02-07 16:00:00;69151.5;69898;68531.5;69373.61
2026-02-07 12:00:00;67972.65;69999.99;67901.89;69151.5
2026-02-07 08:00:00;68087.13;68790;67582.48;67972.65
2026-02-07 04:00:00;70918.99;71690.07;67300;68087.14
2026-02-07 00:00:00;70580.26;70928.75;69718;70918.99
2026-02-06 20:00:00;70731.45;71751.33;69837.35;70580.26
2026-02-06 16:00:00;68625.99;71500;68428.19;70731.46
2026-02-06 12:00:00;66631.32;69192;66114.49;68626
2026-02-06 08:00:00;64856;66755.13;64500;66631.32
2026-02-06 04:00:00;64168.33;66826.5;63914.62;64856
2026-02-06 00:00:00;62909.87;66010;60000;64168.33
2026-02-05 20:00:00;65265.66;65700;62345;62909.86
2026-02-05 16:00:00;67489.08;68681.81;65200;65265.65
2026-02-05 12:00:00;70318.35;70872.04;66720.15;67489.07
2026-02-05 08:00:00;70756.86;71978.58;69922;70318.35
2026-02-05 04:00:00;71223.25;71622.82;70140;70756.85
2026-02-05 00:00:00;73165.84;73341.18;71152.78;71223.25
2026-02-04 20:00:00;73923.3;74144;71888;73165.83
2026-02-04 16:00:00;74136.48;74249.83;72169;73923.29
2026-02-04 12:00:00;76017.25;76260.85;73794.11;74136.36
2026-02-04 08:00:00;76514.3;76607.69;75666;76017.25
2026-02-04 04:00:00;76698.17;76830.69;76105.3;76514.3
2026-02-04 00:00:00;75770.21;76971.52;75467.22;76698.17
2026-02-03 20:00:00;74935;76960;74586.54;75770.21
2026-02-03 16:00:00;78132.34;78134.53;72945.5;74935
2026-02-03 12:00:00;78079.5;78458.89;77055.54;78132.33
2026-02-03 08:00:00;78794.67;79084.29;77950;78079.5
2026-02-03 04:00:00;78753.32;78999.99;77950;78794.67
2026-02-03 00:00:00;78738.6;79186.81;77644.09;78753.32
2026-02-02 20:00:00;78341.5;78962.78;77888;78738.61
2026-02-02 16:00:00;78850.06;79288.28;78283.27;78341.5
2026-02-02 12:00:00;77760;79360;77564.62;78850.06
2026-02-02 08:00:00;76660.78;77970.62;76628.28;77759.99
2026-02-02 04:00:00;76292.98;76958;74911.14;76660.79
2026-02-02 00:00:00;76968.22;78231.26;74604;76292.98
2026-02-01 20:00:00;77174.77;77779.63;75700;76968.21
2026-02-01 16:00:00;77593.4;78443.1;77000.01;77174.78
2026-02-01 12:00:00;78743.57;78768.68;76761.98;77593.4
2026-02-01 08:00:00;78343;79220.72;78148.1;78743.56
2026-02-01 04:00:00;78868.29;79119.3;77967.69;78343
2026-02-01 00:00:00;78741.1;79424;78284;78868.28
2026-01-31 20:00:00;77750.01;79240;77092.34;78741.09
2026-01-31 16:00:00;81302.16;82200;75719.9;77750.01
2026-01-31 12:00:00;83020;83140;80825.76;81302.15
2026-01-31 08:00:00;83546.82;83629.08;82560.75;83020
2026-01-31 04:00:00;84022.7;84146.22;83404.67;83546.81
2026-01-31 00:00:00;84260.5;84270.02;83815.02;84022.69
2026-01-30 20:00:00;84243;84523.11;83539.2;84260.49
2026-01-30 16:00:00;82882.84;84621.16;81871.37;84242.99
2026-01-30 12:00:00;83151.36;83797.99;82382.01;82883.94
2026-01-30 08:00:00;82816.98;83314.85;82160;83151.36
2026-01-30 04:00:00;82676.42;83332.2;82056.08;82816.98
2026-01-30 00:00:00;84650.16;84735.75;81118;82676.43
2026-01-29 20:00:00;84012.11;84737.69;83824.9;84650.16
2026-01-29 16:00:00;84934.02;85638.3;83383.33;84012.11
2026-01-29 12:00:00;87846.5;88182.29;84366.56;84934.02
2026-01-29 08:00:00;88352.96;88500;87750.01;87846.5
2026-01-29 04:00:00;88053.71;88430.05;87901.23;88352.97
2026-01-29 00:00:00;89300;89348;87704;88053.71
2026-01-28 20:00:00;89402.57;89896;88878.01;89299.99
2026-01-28 16:00:00;89479.66;90600;89006.36;89402.58
2026-01-28 12:00:00;90079.99;90488;88904.61;89479.66
2026-01-28 08:00:00;89134.35;90156.72;88833.65;90080
2026-01-28 04:00:00;89126.68;89400;88840;89134.35
2026-01-28 00:00:00;89249.99;89497.96;88985;89126.67
2026-01-27 20:00:00;88408.78;89523.16;88373.49;89250
2026-01-27 16:00:00;88047.46;88819.89;87304.33;88408.77
2026-01-27 12:00:00;87992.74;88474.23;87578.67;88047.46
2026-01-27 08:00:00;88320.41;88397.85;87743.52;87992.74
2026-01-27 04:00:00;88787.99;89010;88278.03;88320.41
2026-01-27 00:00:00;88347.08;88898;88194.82;88788
2026-01-26 20:00:00;88013.19;88659.09;87542.05;88347.08
2026-01-26 16:00:00;87641.41;88537.95;87035.51;88013.19
2026-01-26 12:00:00;87855.01;88860;87325.03;87641.41
2026-01-26 08:00:00;88000.64;88424.45;87600.69;87855
2026-01-26 04:00:00;87282.04;88074.48;87244.27;88000.64
2026-01-26 00:00:00;86670.36;87973.11;86509.63;87282.05
2026-01-25 20:00:00;86495.17;87013.79;86074.72;86670.36
2026-01-25 16:00:00;88446.51;88448.85;86194.85;86495.16
2026-01-25 12:00:00;88570.17;88971.89;88340.75;88446.5
2026-01-25 08:00:00;88659.99;88760;88136;88570.17
2026-01-25 04:00:00;88960.36;89090.13;88635.84;88659.99
2026-01-25 00:00:00;89225.34;89319.13;88838.72;88960.35
2026-01-24 20:00:00;89331.36;89489.84;89215.59;89225.34
2026-01-24 16:00:00;89275.77;89461.4;89162.08;89331.36
2026-01-24 12:00:00;89595.41;89595.41;89171.75;89275.77
2026-01-24 08:00:00;89620.11;89686.43;89577.97;89595.4
2026-01-24 04:00:00;89770.03;89853.38;89572.81;89620.1
2026-01-24 00:00:00;89600.26;89957.39;89424.39;89770.02
2026-01-23 20:00:00;89982.79;90156.06;89200.68;89600.26
2026-01-23 16:00:00;89761.61;91224.99;89489;89982.79
2026-01-23 12:00:00;89202.47;89865.53;88578.36;89761.61
2026-01-23 08:00:00;89549.45;89632.18;88860.44;89202.48
2026-01-23 04:00:00;89924.78;90088.94;89400;89549.45
2026-01-23 00:00:00;89559.68;89979.97;89450.48;89924.78
2026-01-22 20:00:00;89777.89;89946.13;89140.13;89559.67
2026-01-22 16:00:00;89000;89924.46;88676.95;89777.9
2026-01-22 12:00:00;89941.26;90340;88515.37;89000.01
2026-01-22 08:00:00;89818.79;90150;89760;89941.26
2026-01-22 04:00:00;89899.51;90215.79;89802;89818.79
2026-01-22 00:00:00;89454.73;90359.99;89454.72;89899.51
2026-01-21 20:00:00;90355.56;90377;89344.98;89454.73
2026-01-21 16:00:00;90288.04;90450;87263.53;90355.56
2026-01-21 12:00:00;88789.99;90574;88196.72;90288.04
2026-01-21 08:00:00;89213.96;89493.46;88700;88789.99
2026-01-21 04:00:00;89432.33;90120.44;89093.28;89213.95
2026-01-21 00:00:00;88427.66;89598.8;88250;89432.33
2026-01-20 20:00:00;89725.77;89854.2;87895.98;88427.66
2026-01-20 16:00:00;90684.95;90974.49;89292.48;89725.76
2026-01-20 12:00:00;91218.99;91371.11;89859.06;90684.95
2026-01-20 08:00:00;91177.99;91442.88;90693;91218.99
2026-01-20 04:00:00;92434.93;92470.37;90771.78;91177.98
2026-01-20 00:00:00;92630.99;92870;92264.7;92434.92
2026-01-19 20:00:00;93105.85;93342.36;92158.48;92631
2026-01-19 16:00:00;93068.62;93420;92930;93105.85
2026-01-19 12:00:00;93191.96;93226.44;92700;93068.62
2026-01-19 08:00:00;92841.62;93368.44;92702.56;93191.96
2026-01-19 04:00:00;92690.08;92861.41;92385.07;92841.62
2026-01-19 00:00:00;93673.14;93673.14;91910.2;92690.09
2026-01-18 20:00:00;95380.99;95531.12;93615.4;93673.14
2026-01-18 16:00:00;95119.27;95521.71;95073.02;95380.99
2026-01-18 12:00:00;95168.06;95376.24;94910;95119.28
2026-01-18 08:00:00;95028.27;95295.39;95021.44;95168.06
2026-01-18 04:00:00;95200.29;95260;95028.27;95028.27
2026-01-18 00:00:00;95147.77;95250;94876.33;95200.29
2026-01-17 20:00:00;95291.37;95412.86;95050;95147.77
2026-01-17 16:00:00;95573.65;95576.14;95212.25;95291.38
2026-01-17 12:00:00;95323.85;95639.45;95198.81;95573.64
2026-01-17 08:00:00;95101.67;95323.86;95021.67;95323.86
2026-01-17 04:00:00;95372.94;95373.64;95041.7;95101.67
2026-01-17 00:00:00;95550.94;95578.2;95200;95372.95
2026-01-16 20:00:00;95002.09;95600;94682;95550.94
2026-01-16 16:00:00;94585.99;95215.74;94508;95002.09
2026-01-16 12:00:00;95429.09;95809.08;94293.46;94585.98
2026-01-16 08:00:00;95653.16;95871.47;95261.43;95429.09
2026-01-16 04:00:00;95354.69;95816.83;95133.03;95653.16
2026-01-16 00:00:00;95604.81;95855.12;95321.58;95354.69
2026-01-15 20:00:00;95516.01;95871;95134.48;95604.8
2026-01-15 16:00:00;96737.04;97163;95183.13;95516.01
2026-01-15 12:00:00;96581.07;97165.03;95435.91;96737.04
2026-01-15 08:00:00;96630.47;97193.34;96289.98;96581.08
2026-01-15 04:00:00;95985.11;96760.15;95952.89;96630.48
2026-01-15 00:00:00;96951.78;97000;95777;95985.1
2026-01-14 20:00:00;97267.42;97924.49;96772.02;96951.78
2026-01-14 16:00:00;96764.57;97777;96246.56;97267.42
2026-01-14 12:00:00;94793;97084.68;94680.67;96764.57
2026-01-14 08:00:00;95205.11;95315.15;94737.95;94792.99
2026-01-14 04:00:00;95720.99;95799.22;94559.28;95205.1
2026-01-14 00:00:00;95413.99;95722.01;95116.03;95720.99
2026-01-13 20:00:00;94226.85;96495;94062;95414
2026-01-13 16:00:00;93449.99;94231.82;93078.31;94226.84
2026-01-13 12:00:00;92000.73;93450;91787.61;93449.99
2026-01-13 08:00:00;91941.99;92672.11;91924.27;92000.74
2026-01-13 04:00:00;91408.9;92275.38;91350.71;91942
2026-01-13 00:00:00;91296.2;91546.08;91042.66;91408.91
2026-01-12 20:00:00;91861.27;92046.23;90938.2;91296.2
2026-01-12 16:00:00;91664.99;92332;91000.53;91861.27
2026-01-12 12:00:00;90620.95;91665;90128.44;91665
2026-01-12 08:00:00;91408.09;91630.13;90370;90620.96
2026-01-12 04:00:00;91808.12;92290.81;91381.36;91408.09
2026-01-12 00:00:00;91013.66;92519.95;90700.29;91808.12
2026-01-11 20:00:00;90690.81;91041.79;90236;91013.65
2026-01-11 16:00:00;90875.79;91283.89;90673.3;90690.8
2026-01-11 12:00:00;90754.99;91191.5;90708.25;90875.79
2026-01-11 08:00:00;90710.8;90816;90610.27;90754.99
2026-01-11 04:00:00;90733.49;90850;90585.34;90710.79
2026-01-11 00:00:00;90504.7;90737.95;90451.1;90733.5
2026-01-10 20:00:00;90626.54;90659.03;90404;90504.7
2026-01-10 16:00:00;90665.76;90746;90504.55;90626.54
2026-01-10 12:00:00;90723.87;90788.78;90538.46;90665.75
2026-01-10 08:00:00;90678.5;90832;90618.28;90723.86
2026-01-10 04:00:00;90626.15;90682.7;90408.23;90678.5
2026-01-10 00:00:00;90641.27;90782.23;90527.99;90626.14
2026-01-09 20:00:00;90332.14;90732.01;90113.87;90641.28
2026-01-09 16:00:00;91176.48;91783.32;90190;90332.15
2026-01-09 12:00:00;90463.12;92082.55;89850;91176.47
2026-01-09 08:00:00;90741.85;90843.77;89694.66;90463.11
2026-01-09 04:00:00;91220.24;91236.72;90738.34;90741.84
2026-01-09 00:00:00;91100;91632.1;90850;91220.23
2026-01-08 20:00:00;90937.42;91493;90568.11;91099.99
2026-01-08 16:00:00;90781.57;91469;90312.89;90937.41
2026-01-08 12:00:00;90226.77;90847.52;89311;90781.57
2026-01-08 08:00:00;90548.02;90917.22;89777.25;90226.77
2026-01-08 04:00:00;90813.4;91188;89641.84;90548.02
2026-01-08 00:00:00;91364.16;91687.99;90616.36;90813.4
2026-01-07 20:00:00;91186.07;91489.6;90778.32;91364.16
2026-01-07 16:00:00;91349.95;91790;90675.52;91186.07
2026-01-07 12:00:00;92087.21;92299.4;91024;91349.96
2026-01-07 08:00:00;92879.14;92961.53;91600;92087.21
2026-01-07 04:00:00;92815.83;92930.35;92500;92879.13
2026-01-07 00:00:00;93747.97;93747.97;92236.07;92815.83
2026-01-06 20:00:00;92104.49;93845.03;92098.29;93747.97
2026-01-06 16:00:00;93649;93775.6;91262.94;92104.5
2026-01-06 12:00:00;93839.99;94444.44;93352.01;93648.99
2026-01-06 08:00:00;93255.08;93895;93167.29;93840
2026-01-06 04:00:00;93769.25;94000;93137.98;93255.08
2026-01-06 00:00:00;93859.71;94161.86;93529.18;93769.24
2026-01-05 20:00:00;94303.4;94789.08;93800;93859.71
2026-01-05 16:00:00;93957.74;94500;93250;94303.4
2026-01-05 12:00:00;93134.25;94000;92407.13;93957.73
2026-01-05 08:00:00;92520.63;93151;92320.17;93134.26
2026-01-05 04:00:00;92878.22;92947.87;92155;92520.63
2026-01-05 00:00:00;91529.74;93388;91514.81;92878.22
2026-01-04 20:00:00;91138.06;91590;91132;91529.73
2026-01-04 16:00:00;91334.94;91455.9;90863.47;91138.07
2026-01-04 12:00:00;91300.01;91419.22;91014.1;91334.94
2026-01-04 08:00:00;91532;91620.5;91174.46;91300
2026-01-04 04:00:00;91236.78;91810;91183.15;91532
2026-01-04 00:00:00;90628.01;91610.17;90628;91236.78
2026-01-03 20:00:00;90123.76;90741.16;90017.23;90628.01
2026-01-03 16:00:00;89969.31;90219.67;89918.59;90123.77
2026-01-03 12:00:00;89752.75;90249.99;89664.93;89969.31
2026-01-03 08:00:00;89577.13;89982.11;89420.75;89752.74
2026-01-03 04:00:00;90321.23;90480.62;89314.01;89577.13
2026-01-03 00:00:00;89995.14;90418.32;89966.48;90321.22
2026-01-02 20:00:00;89897.23;90400;89636.77;89995.13
2026-01-02 16:00:00;89418.1;90961.81;89205.92;89897.23
2026-01-02 12:00:00;89502.94;90135;88459.96;89418.11
2026-01-02 08:00:00;88857.6;89942.44;88758.94;89502.95
2026-01-02 04:00:00;88950.64;89079.44;88576.56;88857.61
2026-01-02 00:00:00;88839.05;89120.01;88379.88;88950.65
2026-01-01 20:00:00;88391.16;88919.45;88240;88839.04
2026-01-01 16:00:00;88032.17;88500;87879.03;88391.15
2026-01-01 12:00:00;88024.64;88113.45;87810.66;88032.18
2026-01-01 08:00:00;87631.88;88024.64;87631.87;88024.64
2026-01-01 04:00:00;87846.01;87854.81;87550.43;87631.88
2026-01-01 00:00:00;87648.21;88088.1;87632.74;87846.02
2025-12-31 20:00:00;87541.85;87879.04;87250;87648.22
2025-12-31 16:00:00;87953.97;88053.49;87400.41;87541.85
2025-12-31 12:00:00;89011.51;89200;87766.59;87953.97
2025-12-31 08:00:00;88613.11;89046.6;88393.52;89011.52
2025-12-31 04:00:00;88453.04;88638.76;88325.06;88613.12
2025-12-31 00:00:00;88485.5;88819.8;88172.15;88453.04
2025-12-30 20:00:00;88226.15;88573.65;87886.46;88485.49
2025-12-30 16:00:00;89016.36;89400;87960.2;88226.16
2025-12-30 12:00:00;87903.89;89159.52;87834.01;89016.35
2025-12-30 08:00:00;87502.85;88224.76;87502.84;87903.89
2025-12-30 04:00:00;87378.99;87600;87157.07;87502.85
2025-12-30 00:00:00;87237.13;87423.65;86845.66;87379
2025-12-29 20:00:00;87366.23;87597.59;87071.49;87237.13
2025-12-29 16:00:00;87691.62;87996.22;87312.34;87366.23
2025-12-29 12:00:00;87567.65;88190.71;86806.5;87691.62
2025-12-29 08:00:00;89617.71;89825.01;87567.65;87567.66
2025-12-29 04:00:00;90123.55;90406.08;89507.03;89617.71
2025-12-29 00:00:00;87952.71;90169.06;87813.17;90123.55
2025-12-28 20:00:00;87520.75;88049.53;87435;87952.71
2025-12-28 16:00:00;87836.27;87931.59;87500.26;87520.75
2025-12-28 12:00:00;87883.25;88088.75;87794.86;87836.27
2025-12-28 08:00:00;87730.86;88010;87720;87883.25
2025-12-28 04:00:00;87740;87837.99;87614.79;87730.85
2025-12-28 00:00:00;87877;87961.37;87705.97;87740.01
2025-12-27 20:00:00;87569.39;87984;87499.99;87877.01
2025-12-27 16:00:00;87551.26;87591;87442.08;87569.39
2025-12-27 12:00:00;87475.99;87589.99;87308.05;87551.25
2025-12-27 08:00:00;87539.26;87677;87370.73;87475.98
2025-12-27 04:00:00;87514.23;87702;87417.93;87539.26
2025-12-27 00:00:00;87369.56;87532;87253.05;87514.22
2025-12-26 20:00:00;87501.83;87792.7;87321.4;87369.56
2025-12-26 16:00:00;87137.81;87580.29;86818.18;87501.83
2025-12-26 12:00:00;88533.43;89050;86655.08;87137.81
2025-12-26 08:00:00;88470.75;88918.59;88414.81;88533.42
2025-12-26 04:00:00;88844.88;89567.75;88347.45;88470.75
2025-12-26 00:00:00;87225.27;89440;86891.7;88844.87
2025-12-25 20:00:00;88151.19;88167.65;86934.72;87225.27
2025-12-25 16:00:00;88371.27;88478;87993.21;88151.18
2025-12-25 12:00:00;87519.45;88592.74;87398.78;88371.27
2025-12-25 08:00:00;87837.59;87888;87251.6;87519.44
2025-12-25 04:00:00;87840.42;87862.2;87661.17;87837.59
2025-12-25 00:00:00;87669.44;87967.5;87508.52;87840.42
2025-12-24 20:00:00;87566.07;88049.89;87516.77;87669.45
2025-12-24 16:00:00;87050;87670;86917.25;87566.06
2025-12-24 12:00:00;87203.94;87478.59;86420;87049.99
2025-12-24 08:00:00;86911.53;87359.59;86724.05;87203.94
2025-12-24 04:00:00;87336.23;87458.54;86796.65;86911.53
2025-12-24 00:00:00;87486;87839.66;86863.88;87336.23
2025-12-23 20:00:00;87752.88;88372.35;87180;87486
2025-12-23 16:00:00;87443.45;88275.4;87162.39;87752.87
2025-12-23 12:00:00;87856.66;87963.03;86601.9;87443.45
2025-12-23 08:00:00;87574.78;87890;87297.69;87856.65
2025-12-23 04:00:00;88170;88368.1;87051.52;87574.79
2025-12-23 00:00:00;88620.79;88940;87800;88170
2025-12-22 20:00:00;88052.42;88833.33;87911.79;88620.79
2025-12-22 16:00:00;89726.93;90127;87965.76;88052.43
2025-12-22 12:00:00;89945.43;90588.23;89196.42;89726.92
2025-12-22 08:00:00;89170.1;90118;89093.44;89945.43
2025-12-22 04:00:00;88774.13;89200;88712.11;89170.1
2025-12-22 00:00:00;88658.87;89627.24;87900;88774.12
2025-12-21 20:00:00;88484.01;88823.52;88091.96;88658.86
2025-12-21 16:00:00;88067.96;88600;87950;88484.01
2025-12-21 12:00:00;88601.57;88920.01;87600.04;88067.95
2025-12-21 08:00:00;88174.79;89081.77;88141.87;88601.57
2025-12-21 04:00:00;88070.64;88201.59;88050;88174.79
2025-12-21 00:00:00;88360.91;88433.64;87869.35;88070.64
2025-12-20 20:00:00;88232.92;88443.44;88154.06;88360.9
2025-12-20 16:00:00;88178.72;88418.73;88103.54;88232.92
2025-12-20 12:00:00;88277.66;88343.73;87795.76;88178.71
2025-12-20 08:00:00;88275.41;88428;88107.35;88277.66
2025-12-20 04:00:00;88214.98;88573.07;88123.07;88275.41
2025-12-20 00:00:00;88136.95;88339.27;87961.6;88214.98
2025-12-19 20:00:00;87845.92;88426.85;87614.79;88136.94
2025-12-19 16:00:00;87951.86;88882.55;86846.16;87845.92
2025-12-19 12:00:00;88198.7;89399.97;87514.59;87951.87
2025-12-19 08:00:00;87953.39;88385.06;87742.6;88198.7
2025-12-19 04:00:00;86891.39;88449.06;86647.51;87953.4
2025-12-19 00:00:00;85516.41;87568.99;85110.24;86891.39
2025-12-18 20:00:00;84483.8;85835.9;84450.01;85516.41
2025-12-18 16:00:00;88513.43;88533.61;84481.31;84483.79
2025-12-18 12:00:00;87300.5;89477.61;87109.76;88513.44
2025-12-18 08:00:00;86833.83;87453.63;86685.14;87300.74
2025-12-18 04:00:00;86618.35;86901.4;86384.61;86833.84
2025-12-18 00:00:00;86243.23;86863.75;85863.93;86618.34
2025-12-17 20:00:00;86018.53;86431.14;85644.09;86243.22
2025-12-17 16:00:00;87233.44;87769.23;85314;86018.53
2025-12-17 12:00:00;86983.26;90365.85;86817.27;87233.44
2025-12-17 08:00:00;87045.59;87137.42;86238.91;86983.26
2025-12-17 04:00:00;87213.6;87398.54;86209.11;87045.59
2025-12-17 00:00:00;87863.43;87950;87150.01;87213.59
2025-12-16 20:00:00;87585.76;87931.48;87343.75;87863.42
2025-12-16 16:00:00;87977.44;88050.17;87061.23;87585.77
2025-12-16 12:00:00;87261.46;88175.98;86107.43;87977.43
2025-12-16 08:00:00;86021.51;87330;85930.97;87261.45
2025-12-16 04:00:00;85875.91;86615.38;85266;86021.51
2025-12-16 00:00:00;86432.08;86535.22;85386;85875.92
2025-12-15 20:00:00;86149.96;86472.7;85530.01;86432.08
2025-12-15 16:00:00;87033.21;87220;85146.64;86149.96
2025-12-15 12:00:00;89641.28;89876.42;86621.91;87033.22
2025-12-15 08:00:00;89753.43;89986.68;89572.05;89641.28
2025-12-15 04:00:00;89282.6;89918.48;89272.88;89753.42
2025-12-15 00:00:00;88172.16;90052.64;88074.37;89282.6
2025-12-14 20:00:00;88644.88;88827.71;87577.36;88172.17
2025-12-14 16:00:00;89022.92;89398.71;88497.02;88644.88
2025-12-14 12:00:00;89360.01;89666;88882.66;89022.91
2025-12-14 08:00:00;90245.6;90280.01;88687.27;89360
2025-12-14 04:00:00;90258.99;90329.24;90050.74;90245.6
2025-12-14 00:00:00;90240;90472.4;90117.05;90258.98
2025-12-13 20:00:00;90178.17;90280.76;89766.39;90240.01
2025-12-13 16:00:00;90092.17;90268.13;89981;90178.16
2025-12-13 12:00:00;90330.36;90470.3;89932.99;90092.16
2025-12-13 08:00:00;90329.98;90634.55;90290;90330.36
2025-12-13 04:00:00;90345.55;90410.5;90268.91;90329.97
2025-12-13 00:00:00;90268.43;90469.71;90120;90345.54
2025-12-12 20:00:00;90198.23;90404.13;89898.61;90268.42
2025-12-12 16:00:00;89935.13;90666;89480;90198.22
2025-12-12 12:00:00;92418.19;92660.74;89780;89935.14
2025-12-12 08:00:00;92425.33;92650.01;92044.8;92418.19
2025-12-12 04:00:00;92283.4;92720;92078.91;92425.34
2025-12-12 00:00:00;92513.38;92754;91448.31;92283.4
2025-12-11 20:00:00;90839.81;93555;90797.76;92513.38
2025-12-11 16:00:00;89872.51;91538.26;89333;90839.81
2025-12-11 12:00:00;90242.36;90653.33;89260.63;89872.51
2025-12-11 08:00:00;90272.76;90504.19;89971.11;90242.35
2025-12-11 04:00:00;89880;90480.14;89694.81;90272.75
2025-12-11 00:00:00;92015.38;92080.32;89389.63;89880.01
2025-12-10 20:00:00;92957.67;94476;91878;92015.37
2025-12-10 16:00:00;92063.69;93243.59;91684.39;92957.67
2025-12-10 12:00:00;92120.45;92226;91563.15;92063.69
2025-12-10 08:00:00;92782.91;93291.5;91763.69;92120.45
2025-12-10 04:00:00;92410.62;92782.92;92386.83;92782.91
2025-12-10 00:00:00;92678.81;92786.35;91976;92410.62
2025-12-09 20:00:00;93800.83;93857.47;92254.92;92678.8
2025-12-09 16:00:00;92707.5;94588.99;92693.5;93800.83
2025-12-09 12:00:00;90384.54;92876.92;90004.73;92707.51
2025-12-09 08:00:00;90496.8;90600;89912.48;90384.55
2025-12-09 04:00:00;90405.02;90528.67;89500;90496.8
2025-12-09 00:00:00;90634.35;90846.26;89795.84;90405.01
2025-12-08 20:00:00;90124.49;91374;90124.49;90634.34
2025-12-08 16:00:00;89961.36;90527.3;89679.79;90124.48
2025-12-08 12:00:00;91968.29;92122.08;89612;89961.37
2025-12-08 08:00:00;91565.46;92287.15;91486.46;91968.29
2025-12-08 04:00:00;91068.3;91868.76;91023.06;91565.46
2025-12-08 00:00:00;90395.32;91700;89860;91068.29
2025-12-07 20:00:00;91425.51;91510.4;88995.33;90395.31
2025-12-07 16:00:00;89554.52;91760;89115.85;91425.52
2025-12-07 12:00:00;89149.18;89707.54;87719.28;89554.52
2025-12-07 08:00:00;89379.73;89538.7;89050.01;89149.18
2025-12-07 04:00:00;89722.37;89799.96;89200;89379.72
2025-12-07 00:00:00;89236.8;89749.59;89176.52;89722.37
2025-12-06 20:00:00;89405.65;89615.34;88908.01;89236.79
2025-12-06 16:00:00;89758.77;89981.2;89077.6;89405.64
2025-12-06 12:00:00;89631.29;90289.97;89490.98;89758.77
2025-12-06 08:00:00;89597.14;89750.01;89217.59;89631.28
2025-12-06 04:00:00;89688.35;89764.19;89459.19;89597.13
2025-12-06 00:00:00;89330.04;89806.43;89030.67;89688.35
2025-12-05 20:00:00;89629.27;89745.37;88901.6;89330.04
2025-12-05 16:00:00;90459.34;90498.59;88056;89629.26
2025-12-05 12:00:00;91351.44;91478.67;89874.7;90459.35
2025-12-05 08:00:00;92258.64;92258.65;90956.25;91351.43
2025-12-05 04:00:00;92142.75;92497.51;91813.37;92258.65
2025-12-05 00:00:00;92078.06;92692.36;91959.92;92142.75
2025-12-04 20:00:00;91975.43;92718.53;91688.92;92078.06
2025-12-04 16:00:00;92971.49;93174.55;90889;91975.44
2025-12-04 12:00:00;92948.32;93257;91801;92971.49
2025-12-04 08:00:00;93397.67;93621.31;92736.9;92948.31
2025-12-04 04:00:00;93543.03;93588.48;92775;93397.67
2025-12-04 00:00:00;93429.95;94080;92669.82;93543.04
2025-12-03 20:00:00;93025;94150;92825.56;93429.95
2025-12-03 16:00:00;92373.3;93500;91786.99;93024.99
2025-12-03 12:00:00;93005.68;93700;91697;92373.3
2025-12-03 08:00:00;93000;93389.62;92666;93005.68
2025-12-03 04:00:00;92628.91;93958.58;92625;92999.99
2025-12-03 00:00:00;91277.88;93087.09;90990.23;92628.91
2025-12-02 20:00:00;91903.38;92000;90720.87;91277.88
2025-12-02 16:00:00;90850.01;92307.65;90201;91903.39
2025-12-02 12:00:00;87368.92;91200;87032.75;90850.01
2025-12-02 08:00:00;87012.64;87628.78;86296.21;87368.92
2025-12-02 04:00:00;86977;87288.48;86818.14;87012.65
2025-12-02 00:00:00;86286.01;87350;86184.39;86976.99
2025-12-01 20:00:00;85024.5;86860;85007.69;86286.01
2025-12-01 16:00:00;84677.87;85555;84030.95;85024.5
2025-12-01 12:00:00;86146.59;86674;83822.76;84677.87
2025-12-01 08:00:00;86550.3;86938.01;86131.01;86149.15
2025-12-01 04:00:00;86346.13;86578.06;85604;86550.3
2025-12-01 00:00:00;90360.01;90417;86161.61;86346.13
2025-11-30 20:00:00;91460.79;91626.75;90336.9;90360
2025-11-30 16:00:00;91435.31;91850;91159.42;91460.79
2025-11-30 12:00:00;91048.79;92000.01;91009;91435.31
2025-11-30 08:00:00;90968.16;91632;90927.16;91048.78
2025-11-30 04:00:00;90909.35;91037.72;90670.4;90968.16
2025-11-30 00:00:00;90802.44;91055.5;90471;90909.35
2025-11-29 20:00:00;90640.77;91051.87;90400.21;90802.44
2025-11-29 16:00:00;91063.5;91165.65;90155.47;90640.78
2025-11-29 12:00:00;90673.2;91110.36;90530.93;91063.5
2025-11-29 08:00:00;90567.66;90738.17;90376.37;90673.19
2025-11-29 04:00:00;90680.26;90931.56;90311.92;90567.67
2025-11-29 00:00:00;90890.71;91119.99;90546.36;90680.26
2025-11-28 20:00:00;91157.44;91247.16;90705.57;90890.7
2025-11-28 16:00:00;92362.5;92376;90180.63;91157.44
2025-11-28 12:00:00;91437.64;93092;91380.94;92362.49
2025-11-28 08:00:00;90910.87;92030;90907.98;91437.64
2025-11-28 04:00:00;91208.85;91707.79;90867.43;90910.87
2025-11-28 00:00:00;91333.94;91417.99;90652.55;91208.85
2025-11-27 20:00:00;91528.22;91600;91114.52;91333.95
2025-11-27 16:00:00;90958.29;91843.59;90850.77;91528.21
2025-11-27 12:00:00;91371.87;91457.36;90438.43;90958.3
2025-11-27 08:00:00;91408.34;91940.18;91221.17;91371.88
2025-11-27 04:00:00;91091.68;91554.49;90889.11;91408.34
2025-11-27 00:00:00;90484.01;91950;90089.91;91091.68
2025-11-26 20:00:00;89957.37;90656.08;89508.85;90484.02
2025-11-26 16:00:00;86977.99;90418.39;86956.61;89957.36
2025-11-26 12:00:00;87095.78;87693.21;86306.77;86978
2025-11-26 08:00:00;87935.05;87941.58;86670.36;87095.79
2025-11-26 04:00:00;87119.93;87970;86909.99;87935.05
2025-11-26 00:00:00;87369.97;88224;87069.97;87119.92
2025-11-25 20:00:00;86882.84;87889.38;86565.48;87369.96
2025-11-25 16:00:00;86988.93;88155.65;86182.49;86882.85
2025-11-25 12:00:00;87361.71;87792.2;86116;86988.94
2025-11-25 08:00:00;87384.81;87606.57;86666;87361.71
2025-11-25 04:00:00;87822.12;88519.99;87300;87384.81
2025-11-25 00:00:00;88300.01;88300.01;87457.53;87822.12
2025-11-24 20:00:00;88327.29;89228;88252.5;88300.01
2025-11-24 16:00:00;86616.44;88834.62;86616.43;88327.29
2025-11-24 12:00:00;86264.71;86741.5;85272;86616.44
2025-11-24 08:00:00;87050.39;87050.39;85696.56;86264.72
2025-11-24 04:00:00;87460.03;87837.57;86450;87050.39
2025-11-24 00:00:00;86830;88059.44;85946.65;87460.02
2025-11-23 20:00:00;87325.01;88127.64;86701.54;86830
2025-11-23 16:00:00;87087.44;87689.47;86502.47;87325.01
2025-11-23 12:00:00;86331.28;87244.51;86271.1;87087.44
2025-11-23 08:00:00;85782.18;86465.24;85768.22;86331.28
2025-11-23 04:00:00;86308.54;86860;85420;85782.19
2025-11-23 00:00:00;84739.75;86349.84;84667.57;86308.54
2025-11-22 20:00:00;84609.77;85260;84237.7;84739.74
2025-11-22 16:00:00;84284.01;84899;84219.62;84609.76
2025-11-22 12:00:00;84098.94;84755.83;83620.16;84284.01
2025-11-22 08:00:00;84580.06;84586.62;83500;84098.94
2025-11-22 04:00:00;84440.48;84799.54;83832.91;84580.06
2025-11-22 00:00:00;85129.42;85620;84212.39;84440.47
2025-11-21 20:00:00;84209.3;85416.66;83464.96;85129.43
2025-11-21 16:00:00;82932.46;85572.82;82333;84209.3
2025-11-21 12:00:00;82309.67;85496;80600;82932.47
2025-11-21 08:00:00;84049.38;84709.89;81648;82309.66
2025-11-21 04:00:00;85821.35;86459.53;82000;84049.39
2025-11-21 00:00:00;86637.22;87498.94;85360;85821.34
2025-11-20 20:00:00;86921.27;88250;86325.23;86637.23
2025-11-20 16:00:00;89869.88;89911.73;86100;86921.28
2025-11-20 12:00:00;91934.01;92541.92;89835.34;89869.88
2025-11-20 08:00:00;92320.18;92400.94;91440.55;91934
2025-11-20 04:00:00;92440.33;93160;91687.07;92320.18
2025-11-20 00:00:00;91554.96;92798.14;91185.26;92440.32
2025-11-19 20:00:00;88884.56;91594;88608;91554.96
2025-11-19 16:00:00;89951.7;90232.56;88630.71;88884.56
2025-11-19 12:00:00;91410.23;92384.61;89880;89951.7
2025-11-19 08:00:00;91863.64;91950;91072.41;91410.22
2025-11-19 04:00:00;91874.51;92028.92;90025.06;91863.64
2025-11-19 00:00:00;92960.83;92980.22;91660.49;91874.52
2025-11-18 20:00:00;93195.61;93423.74;92462.72;92960.83
2025-11-18 16:00:00;92910.1;93836.01;92579.23;93195.61
2025-11-18 12:00:00;91517.83;93049.91;90905.7;92910.1
2025-11-18 08:00:00;90512.1;91617.17;90509.79;91517.82
2025-11-18 04:00:00;90842.72;90851.66;89253.78;90512.1
2025-11-18 00:00:00;92215.14;92357.51;89700;90842.72
2025-11-17 20:00:00;91678.93;92399.48;91220;92215.14
2025-11-17 16:00:00;93959.68;94419.88;91588;91678.93
2025-11-17 12:00:00;95565.38;96043;93571.3;93959.67
2025-11-17 08:00:00;95653.78;96026.71;95309.68;95565.38
2025-11-17 04:00:00;95496.77;95880;94849.37;95653.77
2025-11-17 00:00:00;94261.45;95559.99;93767.27;95496.77
2025-11-16 20:00:00;94020.49;94739.74;93005.55;94261.44
2025-11-16 16:00:00;94573.46;95567.79;93770.48;94020
2025-11-16 12:00:00;95627.13;95900;94368.24;94573.46
2025-11-16 08:00:00;96099.98;96635.11;95500;95627.13
2025-11-16 04:00:00;95825.02;96192;95650.72;96099.99
2025-11-16 00:00:00;95596.23;95979.79;94841.62;95825.02
2025-11-15 20:00:00;96012.01;96012.01;95119.94;95596.24
2025-11-15 16:00:00;96259.99;96419.65;95731.32;96012.01
2025-11-15 12:00:00;95696.86;96471.22;95565.17;96260
2025-11-15 08:00:00;96333.87;96350.52;95630;95696.87
2025-11-15 04:00:00;96417.12;96570.65;95921.21;96333.86
2025-11-15 00:00:00;94594;96846.68;94558.49;96417.12
2025-11-14 20:00:00;95778.3;95940;94012.45;94594
2025-11-14 16:00:00;96796.14;97411.11;94800.55;95778.29
2025-11-14 12:00:00;96167.45;97322.35;94560.48;96796.14
2025-11-14 08:00:00;97151.97;97553.7;95711;96167.44
2025-11-14 04:00:00;99139.38;99178.58;95933.75;97151.98
2025-11-14 00:00:00;99692.03;99866.02;98700;99139.38
2025-11-13 20:00:00;98682.13;100501.31;98000.4;99692.02
2025-11-13 16:00:00;101382.63;101540.93;98147.4;98682.14
2025-11-13 12:00:00;102936.49;103483.83;101184.14;101382.64
2025-11-13 08:00:00;103475.66;103811.49;102553.63;102936.5
2025-11-13 04:00:00;102130.21;104085.01;101665.59;103475.66
2025-11-13 00:00:00;101654.37;102604;100922.55;102130.21
2025-11-12 20:00:00;101297.31;101999.35;101141.03;101654.37
2025-11-12 16:00:00;102173.51;102285.18;100813.59;101297.31
2025-11-12 12:00:00;105020.82;105333.33;101961.97;102173.51
2025-11-12 08:00:00;103112.65;105200;103112.24;105020.83
2025-11-12 04:00:00;103310;103654.38;103011;103112.66
2025-11-12 00:00:00;103059;103440.96;102687.72;103310
2025-11-11 20:00:00;103126.39;103224.29;102476.09;103058.99
2025-11-11 16:00:00;103455.99;103730;102840.22;103126.39
2025-11-11 12:00:00;105311.9;105500;103170.33;103455.99
2025-11-11 08:00:00;104783.99;105497.99;104762.23;105311.9
2025-11-11 04:00:00;106456;106546;104741.2;104783.98
2025-11-11 00:00:00;106011.13;107500;105500;106456
2025-11-10 20:00:00;105818;106299.22;105280;106011.13
2025-11-10 16:00:00;105079.99;106094.31;104784.36;105817.99
2025-11-10 12:00:00;106176.5;106589.89;104667;105079.99
2025-11-10 08:00:00;106461.46;106599.47;105836;106176.5
2025-11-10 04:00:00;106027.97;106539.4;105846.26;106461.45
2025-11-10 00:00:00;104722.95;106670.11;104265.02;106027.97
2025-11-09 20:00:00;104805.57;105495.62;104058.59;104722.96
2025-11-09 16:00:00;103762.18;104805.57;103316.23;104805.57
2025-11-09 12:00:00;102239.41;104168;102050.64;103762.17
2025-11-09 08:00:00;101944.6;102307.68;101500;102239.41
2025-11-09 04:00:00;101662.05;102130.61;101635.96;101944.59
2025-11-09 00:00:00;102312.95;102337.89;101400;101662.05
2025-11-08 20:00:00;101989.65;102482.2;101957.94;102312.94
2025-11-08 16:00:00;101711.46;102219.39;101522.08;101989.65
2025-11-08 12:00:00;101857.1;102186.99;101454;101711.45
2025-11-08 08:00:00;102352.96;102687.72;101715.76;101857.1
2025-11-08 04:00:00;102592.76;102836;101902.64;102352.96
2025-11-08 00:00:00;103339.09;103406.22;102539.49;102592.76
2025-11-07 20:00:00;103395.92;104096.36;102958;103339.08
2025-11-07 16:00:00;100797.95;103395.25;100517.06;103395.25
2025-11-07 12:00:00;100411.89;101253.99;99260.86;100797.95
2025-11-07 08:00:00;102009.99;102050;99803.58;100411.89
2025-11-07 04:00:00;101916.3;102527;101582.92;102010
2025-11-07 00:00:00;101346.04;102500;100749.94;101916.29
2025-11-06 20:00:00;101388.82;101643.28;100541.17;101346.04
2025-11-06 16:00:00;102014.49;102393.51;100300.95;101388.81
2025-11-06 12:00:00;103227.59;103626.46;101630;102014.48
2025-11-06 08:00:00;103184.75;103440;102651.63;103227.58
2025-11-06 04:00:00;103636.92;104200;102910.66;103185.48
2025-11-06 00:00:00;103885.16;103933.33;102716.26;103636.03
2025-11-05 20:00:00;104008.09;104534.74;103305.05;103885.16
2025-11-05 16:00:00;103728.3;104529.41;103057.56;104008.09
2025-11-05 12:00:00;102070.62;103798.37;101916.77;103728.3
2025-11-05 08:00:00;101993.03;102203.48;101176.47;102070.61
2025-11-05 04:00:00;102130;102370;101500;101993.02
2025-11-05 00:00:00;101497.23;102272.23;98966.8;102130
2025-11-04 20:00:00;100542.64;101893.09;98944.36;101497.22
2025-11-04 16:00:00;103197.02;103500.05;100010.73;100542.64
2025-11-04 12:00:00;104584.75;104842.63;102915.05;103197.01
2025-11-04 08:00:00;104490.73;104699.07;103605;104584.76
2025-11-04 04:00:00;107158.79;107299;104200;104490.72
2025-11-04 00:00:00;106583.05;107298.74;105852.37;107158.79
2025-11-03 20:00:00;107090;107169.68;105755.59;106583.04
2025-11-03 16:00:00;105745.71;107783.2;105306.56;107090
2025-11-03 12:00:00;107787.42;108333;105511;105745.71
2025-11-03 08:00:00;107468.23;107920.92;106726.63;107787.42
2025-11-03 04:00:00;107937.45;108075;107006.05;107468.23
2025-11-03 00:00:00;110540.69;110750;107907.44;107937.45
2025-11-02 20:00:00;110180.85;110742.26;109471.34;110540.68
2025-11-02 16:00:00;110117.49;110331;109735.59;110180.84
2025-11-02 12:00:00;111196.99;111250.01;110096.32;110117.48
2025-11-02 08:00:00;110895.53;111229.78;110346.15;111196.99
2025-11-02 04:00:00;110053.22;111045.09;110030.06;110895.53
2025-11-02 00:00:00;110098.1;110263.91;109879.39;110053.23
2025-11-01 20:00:00;110300;110516.17;109858.44;110098.1
2025-11-01 16:00:00;110310.65;110529.99;110192;110299.99
2025-11-01 12:00:00;110137.59;110348;109702.66;110310.65
2025-11-01 08:00:00;110071.4;110270.9;109854.72;110137.59
2025-11-01 04:00:00;110226.38;110564.49;109933.86;110071.4
2025-11-01 00:00:00;109608.01;110315.54;109394.81;110226.37
2025-10-31 20:00:00;109828.78;109828.79;109329.15;109608.01
2025-10-31 16:00:00;110202.9;110300;108635;109828.78
2025-10-31 12:00:00;110415.62;111190;109366.91;110202.9
2025-10-31 08:00:00;109449.32;110550;109214.13;110415.61
2025-10-31 04:00:00;109227.87;110215;109114.88;109449.31
2025-10-31 00:00:00;108322.87;110042.16;108275.28;109227.86
2025-10-30 20:00:00;106536.39;108334.53;106316.17;108322.88
2025-10-30 16:00:00;107711.56;108214.85;106304.34;106536.39
2025-10-30 12:00:00;109717.19;109777.93;107328;107711.56
2025-10-30 08:00:00;111366.72;111467.01;109692.3;109717.29
2025-10-30 04:00:00;110751.48;111592;107925.06;111366.72
2025-10-30 00:00:00;110021.3;111011.99;109703.43;110751.47
2025-10-29 20:00:00;110640;111800;109733.22;110021.29
2025-10-29 16:00:00;111509.74;112030.23;109200;110640
2025-10-29 12:00:00;113132.35;113643.73;111401.5;111509.74
2025-10-29 08:00:00;113577.9;113624.12;112732.91;113132.36
2025-10-29 04:00:00;112523.49;113577.9;112505.58;113577.9
2025-10-29 00:00:00;112898.44;112975.75;112100;112523.49
2025-10-28 20:00:00;113689;113703.32;112211;112898.45
2025-10-28 16:00:00;114641.38;115591.41;113566.44;113689.99
2025-10-28 12:00:00;114357.72;116086;114138.06;114641.38
2025-10-28 08:00:00;114188.38;114673.68;114113.3;114357.73
2025-10-28 04:00:00;113908.25;114364.99;113483.3;114188.37
2025-10-28 00:00:00;114107.65;114547.2;113569.91;113908.24
2025-10-27 20:00:00;114942.64;114942.64;113830.01;114107.65
2025-10-27 16:00:00;114969.68;115790;114790.81;114942.64
2025-10-27 12:00:00;115362.02;115437.48;114503.99;114969.68
2025-10-27 08:00:00;115554.59;115607.48;114814.69;115362.02
2025-10-27 04:00:00;114958.52;116400;114938.01;115554.6
2025-10-27 00:00:00;114559.41;115445.39;114362.26;114958.51
2025-10-26 20:00:00;113585.98;115466.8;112901;114559.4
2025-10-26 16:00:00;113694.97;113793.93;113290.62;113585.99
2025-10-26 12:00:00;113286.09;114000;113279.85;113694.97
2025-10-26 08:00:00;111723.98;113466.23;111708.63;113286.09
2025-10-26 04:00:00;111260.46;111724.96;111260.46;111723.98
2025-10-26 00:00:00;111646.27;111899.56;111260.45;111260.46
2025-10-25 20:00:00;111623.46;111683.64;111342.25;111646.27
2025-10-25 16:00:00;111385.18;111731.78;111164.39;111623.45
2025-10-25 12:00:00;111563.81;111943.19;111311.19;111385.18
2025-10-25 08:00:00;111489.59;111850.13;111375.81;111563.81
2025-10-25 04:00:00;111029.99;111820.87;111029.99;111489.6
2025-10-25 00:00:00;111004.9;111226.67;110672.86;111029.99
2025-10-24 20:00:00;110615.07;111138.62;110478;111004.89
2025-10-24 16:00:00;110046.92;110945.39;109797.13;110615.07
2025-10-24 12:00:00;111066.29;112104.98;109700.01;110046.91
2025-10-24 08:00:00;111054.61;111482.99;110600;111066.29
2025-10-24 04:00:00;110441.46;111522.3;110332;111054.61
2025-10-24 00:00:00;110078.19;110829.67;109983.93;110441.46
2025-10-23 20:00:00;110200.01;110200.01;109341.28;110078.18
2025-10-23 16:00:00;109908.29;111293.61;109647.34;110200
2025-10-23 12:00:00;109253.88;110109.99;108685.72;109908.28
2025-10-23 08:00:00;109269.9;109903.83;109100.4;109253.89
2025-10-23 04:00:00;108377.96;110298.29;108350.36;109269.9
2025-10-23 00:00:00;107567.45;108720.39;107500;108377.96
2025-10-22 20:00:00;107870.35;108069.93;106666.69;107567.44
2025-10-22 16:00:00;108416.5;108796.42;107463.29;107870.35
2025-10-22 12:00:00;107555.04;109163.88;107443.01;108416.5
2025-10-22 08:00:00;108321.64;108358.76;106708.18;107555.05
2025-10-22 04:00:00;108216.03;108638.99;107610;108321.63
2025-10-22 00:00:00;108297.66;108678.21;107841.2;108216.02
2025-10-21 20:00:00;111780.4;111801.41;108045.81;108297.67
2025-10-21 16:00:00;113422.6;114000;111324.29;111780.39
2025-10-21 12:00:00;108580;113557.62;107922.06;113422.61
2025-10-21 08:00:00;108086.38;108811.47;107484.22;108580.01
2025-10-21 04:00:00;109059.23;109059.23;107473.72;108086.37
2025-10-21 00:00:00;110532.09;110532.09;109052.09;109059.22
2025-10-20 20:00:00;110803.22;111272;110418.25;110532.09
2025-10-20 16:00:00;111144.55;111303.05;109855.83;110803.22
2025-10-20 12:00:00;111016.75;111705.56;110588.23;111144.55
2025-10-20 08:00:00;111169.91;111679.25;110608.27;111016.75
2025-10-20 04:00:00;110145.45;111445.67;109951.96;111169.92
2025-10-20 00:00:00;108642.77;110427.86;107402.52;110145.44
2025-10-19 20:00:00;108908.43;109370.99;108471.1;108642.78
2025-10-19 16:00:00;108486.71;109450.07;108240;108908.43
2025-10-19 12:00:00;107783.47;108621.68;107355.02;108486.7
2025-10-19 08:00:00;106786;108260.5;106103.36;107783.47
2025-10-19 04:00:00;107275.79;107290;106558.61;106786
2025-10-19 00:00:00;107185;107367.16;106734.17;107275.78
2025-10-18 20:00:00;107080.14;107339.03;106851.84;107185.01
2025-10-18 16:00:00;106948.75;107091.87;106484;107080.14
2025-10-18 12:00:00;107208.61;107300;106739.33;106948.75
2025-10-18 08:00:00;106665.01;107222;106605.93;107208.6
2025-10-18 04:00:00;107070.41;107499;106439.38;106665
2025-10-18 00:00:00;106431.68;107306.06;106322.2;107070.4
2025-10-17 20:00:00;106457.24;107440.02;106342.47;106431.68
2025-10-17 16:00:00;106803.52;107575.6;106071.42;106454.72
2025-10-17 12:00:00;105683.71;106852.14;104533.21;106803.53
2025-10-17 08:00:00;105633.75;106651.22;103528.23;105683.72
2025-10-17 04:00:00;109176.74;109236.01;105542.09;105633.75
2025-10-17 00:00:00;108194.27;109240;107934.4;109176.74
2025-10-16 20:00:00;108197.67;108500;107427;108194.28
2025-10-16 16:00:00;108549.21;109254;107577.57;108197.66
2025-10-16 12:00:00;111404.73;111982.45;108361.69;108549.21
2025-10-16 08:00:00;110584.21;111728.7;109635.15;111404.72
2025-10-16 04:00:00;111329.48;111773.7;110553.19;110584.2
2025-10-16 00:00:00;110763.28;111867.17;110361;111329.48
2025-10-15 20:00:00;111271.73;111556.27;110500;110763.28
2025-10-15 16:00:00;110798.01;111557.7;110164;111271.73
2025-10-15 12:00:00;111905.72;112238.41;110400;110798.01
2025-10-15 08:00:00;112584.49;113520.88;111693.26;111905.73
2025-10-15 04:00:00;112024.3;112680;111746.76;112584.5
2025-10-15 00:00:00;113028.13;113612.35;111825.93;112024.29
2025-10-14 20:00:00;112613.69;113577;112230.46;113028.14
2025-10-14 16:00:00;112900.44;113544.53;111692.31;112613.7
2025-10-14 12:00:00;111313.98;112943.82;109866;112900.43
2025-10-14 08:00:00;111724.41;112140;110012.24;111313.98
2025-10-14 04:00:00;113500;113691;111355.01;111724.41
2025-10-14 00:00:00;115166;115409.96;113279.76;113500
2025-10-13 20:00:00;115792.84;115868;115005.44;115166
2025-10-13 16:00:00;114312.09;115891.3;114215.79;115792.84
2025-10-13 12:00:00;114180;115530;113800.01;114312.1
2025-10-13 08:00:00;115399.66;115438.17;113616.5;114180
2025-10-13 04:00:00;114821.13;115554.83;114398.24;115399.67
2025-10-13 00:00:00;114958.81;115963.81;114619.45;114821.12
2025-10-12 20:00:00;114342.28;115770;114217.75;114958.8
2025-10-12 16:00:00;113198.2;114700;113198.2;114342.28
2025-10-12 12:00:00;111848.35;113745.84;111177.75;113198.2
2025-10-12 08:00:00;111525.19;112133.33;111139.87;111848.36
2025-10-12 04:00:00;110676;112125.51;110617.1;111525.2
2025-10-12 00:00:00;110644.4;111368.14;109565.06;110676
2025-10-11 20:00:00;111178.3;111368.29;109561.59;110644.4
2025-10-11 16:00:00;111793.21;112185.53;110865.82;111178.31
2025-10-11 12:00:00;112280.01;112500;111793.2;111793.2
2025-10-11 08:00:00;110384.6;112359.67;110162.23;112280
2025-10-11 04:00:00;112300;112991.16;110090.29;110384.61
2025-10-11 00:00:00;112774.49;113322.39;111019.43;112300.01
2025-10-10 20:00:00;116661.5;117214.64;102000;112774.5
2025-10-10 16:00:00;119018.99;119456.28;115952.47;116661.5
2025-10-10 12:00:00;121554.55;122550;118500;119018.98
2025-10-10 08:00:00;120932.05;121777.07;120916.44;121554.55
2025-10-10 04:00:00;121026;121754.34;120855.41;120932.05
2025-10-10 00:00:00;121662.41;121874.13;120900;121026.01
2025-10-09 20:00:00;120951.72;121900;120838;121662.4
2025-10-09 16:00:00;121147.15;121481.9;119651.47;120951.72
2025-10-09 12:00:00;122737.56;123762.94;120673.99;121147.14
2025-10-09 08:00:00;121906.09;122833.02;121145.49;122737.57
2025-10-09 04:00:00;122038.01;122264;121724.71;121906.1
2025-10-09 00:00:00;123306.01;123348.32;121475.98;122038.01
2025-10-08 20:00:00;123450.01;123737;122794.4;123306
2025-10-08 16:00:00;122189.72;124197.25;122110.08;123450
2025-10-08 12:00:00;122884.14;123350;121649.68;122189.72
2025-10-08 08:00:00;121597.05;123200;121524.01;122884.14
2025-10-08 04:00:00;121374.76;121910.24;121066.14;121597.06
2025-10-08 00:00:00;121332.96;122229.66;121200;121374.75
2025-10-07 20:00:00;121637.18;122292.62;121258.08;121332.95
2025-10-07 16:00:00;121846.01;122084.14;120574.94;121637.17
2025-10-07 12:00:00;124453.37;125126;121172.89;121846.01
2025-10-07 08:00:00;123668;124509.6;123322.9;124453.38
2025-10-07 04:00:00;124329.74;124654.47;123567.6;123667.99
2025-10-07 00:00:00;124658.54;125082.27;124101.26;124329.74
2025-10-06 20:00:00;125410.8;125534;124511.15;124658.54
2025-10-06 16:00:00;125000;126199.63;124800;125410.81
2025-10-06 12:00:00;124215;125408.29;124178;125000
2025-10-06 08:00:00;123390.47;124531.66;123390.46;124215
2025-10-06 04:00:00;123839.09;124165.56;123280.49;123390.47
2025-10-06 00:00:00;123482.32;124358.46;123084;123839.09
2025-10-05 20:00:00;122591.8;123548.83;122473.62;123482.31
2025-10-05 16:00:00;122803.17;123464;122301.63;122591.79
2025-10-05 12:00:00;123464.64;123464.65;122675;122803.17
2025-10-05 08:00:00;124713.63;124838.37;122520.24;123464.64
2025-10-05 04:00:00;123776.23;125708.42;123734;124713.63
2025-10-05 00:00:00;122390.99;124362.28;122136;123776.22
2025-10-04 20:00:00;121959.25;122410;121871.01;122391
2025-10-04 16:00:00;121791.31;121964.95;121510;121959.25
2025-10-04 12:00:00;121973.26;122509.52;121698.88;121791.31
2025-10-04 08:00:00;122324.08;122539.83;121962.81;121973.26
2025-10-04 04:00:00;122243.99;122800;122219.3;122324.08
2025-10-04 00:00:00;122232.21;122325.6;121684.97;122243.99
2025-10-03 20:00:00;122661;122734.92;121999.33;122232
2025-10-03 16:00:00;122258.04;123894.99;121466.25;122660.99
2025-10-03 12:00:00;120334.51;122366;119881.24;122258.05
2025-10-03 08:00:00;119640.22;120515.89;119248.3;120334.5
2025-10-03 04:00:00;120225.88;120324.53;119610.59;119640.21
2025-10-03 00:00:00;120529.35;120550.9;119820;120225.89
2025-10-02 20:00:00;120836.49;120914;120072.46;120529.35
2025-10-02 16:00:00;119910.78;121022.07;119359.63;120836.49
2025-10-02 12:00:00;118765.72;119910.79;118516.39;119910.78
2025-10-02 08:00:00;118489.76;118926.49;118354.61;118765.73
2025-10-02 04:00:00;118733.99;118930.29;118279.31;118489.76
2025-10-02 00:00:00;118594.99;119456.92;118368.05;118733.99
2025-10-01 20:00:00;117439.53;118649.1;117163.25;118594.99
2025-10-01 16:00:00;117423.73;118199;116724.56;117439.53
2025-10-01 12:00:00;116789.57;117649.99;116363.38;117423.73
2025-10-01 08:00:00;114539.02;116795.85;114484.43;116789.58
2025-10-01 04:00:00;114176.93;114740;114151;114539.02
2025-10-01 00:00:00;114048.94;114551.76;113966.67;114176.92
2025-09-30 20:00:00;114359.99;114754.87;113765.42;114048.93
2025-09-30 16:00:00;113106.15;114563.46;112800;114359.99
2025-09-30 12:00:00;113055;113677.23;112866.11;113106.16
2025-09-30 08:00:00;113699.24;113741.37;112656.27;113055.01
2025-09-30 04:00:00;114376.39;114376.4;113585;113699.23
2025-09-30 00:00:00;114311.97;114792;114040.35;114376.39
2025-09-29 20:00:00;114265.56;114400;114020;114311.96
2025-09-29 16:00:00;113815.57;114390.93;113449.74;114265.55
2025-09-29 12:00:00;112100;114231.56;111901.26;113815.57
2025-09-29 08:00:00;111865.96;112421.99;111865.95;112100
2025-09-29 04:00:00;111857.51;111904.34;111560.65;111865.95
2025-09-29 00:00:00;112163.96;112310;111588.07;111857.51
2025-09-28 20:00:00;110337.61;112350;110294.78;112163.95
2025-09-28 16:00:00;110037.92;110393.63;110008.54;110337.6
2025-09-28 12:00:00;109369.02;110037.93;109189.99;110037.93
2025-09-28 08:00:00;109513.06;109585.39;109250;109369.02
2025-09-28 04:00:00;109436;109537.8;109260;109513.06
2025-09-28 00:00:00;109635.85;109787.75;109325.05;109436
2025-09-27 20:00:00;109424.21;109699.98;109362.72;109635.85
2025-09-27 16:00:00;109402.25;109440;109243.89;109424.2
2025-09-27 12:00:00;109310.22;109477.59;109193;109402.24
2025-09-27 08:00:00;109411.19;109477.69;109064.4;109310.21
2025-09-27 04:00:00;109553.77;109742.27;109332.02;109411.2
2025-09-27 00:00:00;109643.46;109743.91;109324.42;109553.77
2025-09-26 20:00:00;109172.21;109687.69;109087.57;109643.46
2025-09-26 16:00:00;109027.79;110300;109027.78;109172.2
2025-09-26 12:00:00;109133.5;109779.73;108764.76;109027.78
2025-09-26 08:00:00;109320.02;109690.98;108620.07;109133.5
2025-09-26 04:00:00;109580;109625.94;108913;109320.02
2025-09-26 00:00:00;108994.49;109798.84;108809.24;109580.01
2025-09-25 20:00:00;109360;109685.72;108765;108994.49
2025-09-25 16:00:00;111580.77;111672.58;108631.51;109360
2025-09-25 12:00:00;111347.99;111729.52;110629.99;111580.77
2025-09-25 08:00:00;111766.73;112246.46;111283.63;111348
2025-09-25 04:00:00;112546.22;112614.43;111450.42;111766.72
2025-09-25 00:00:00;113307.01;113510.23;112214.74;112546.21
2025-09-24 20:00:00;113420;113647.58;113204.71;113307
2025-09-24 16:00:00;113346.4;113940;113163.21;113420.01
2025-09-24 12:00:00;113029.45;113890;112808;113346.41
2025-09-24 08:00:00;112583.54;113162.17;112405.62;113029.46
2025-09-24 04:00:00;111683.1;112779.37;111042.66;112583.54
2025-09-24 00:00:00;111998.8;112500;111683.09;111683.09
2025-09-23 20:00:00;111655.29;112220.54;111458.73;111998.8
2025-09-23 16:00:00;112882.2;112958.58;111540.2;111655.29
2025-09-23 12:00:00;112975.99;113290.5;112496.61;112882.19
2025-09-23 08:00:00;113090.13;113281.5;112683.33;112975.99
2025-09-23 04:00:00;112339.99;113114.01;111876.15;113090.13
2025-09-23 00:00:00;112650.99;112833.09;111478;112339.99
2025-09-22 20:00:00;112122.9;112977.41;111975.28;112650.99
2025-09-22 16:00:00;112815.5;112888;111936.4;112122.9
2025-09-22 12:00:00;112876.97;113432.76;112380;112815.5
2025-09-22 08:00:00;112520;112976.02;112173.52;112876.97
2025-09-22 04:00:00;114649.89;114649.9;111800;112519.99
2025-09-22 00:00:00;115232.29;115379.25;114150;114649.89
2025-09-21 20:00:00;115480.05;115545.43;115188;115232.29
2025-09-21 16:00:00;115531.62;115665.52;115209.02;115480.05
2025-09-21 12:00:00;115603.45;115747.23;115473.19;115531.61
2025-09-21 08:00:00;115815.98;115819.06;115329.03;115603.45
2025-09-21 04:00:00;115669.42;115815.98;115487.56;115815.97
2025-09-21 00:00:00;115685.63;115732.94;115441.83;115669.41
2025-09-20 20:00:00;115702;115944.7;115603.42;115685.63
2025-09-20 16:00:00;115986.7;116079.46;115698.08;115702
2025-09-20 12:00:00;115894.05;116121.81;115804.47;115986.69
2025-09-20 08:00:00;115968.56;115968.57;115664.11;115894.06
2025-09-20 04:00:00;115445;115985.2;115409.08;115968.56
2025-09-20 00:00:00;115632.39;115730.41;115408.47;115445
2025-09-19 20:00:00;115125.13;115657.28;115100;115632.38
2025-09-19 16:00:00;115884.03;116136;115112.58;115125.12
2025-09-19 12:00:00;116394.72;116529.08;115464.19;115884.03
2025-09-19 08:00:00;116909.98;117090.36;116300;116394.72
2025-09-19 04:00:00;116977.58;117100;116633.86;116909.97
2025-09-19 00:00:00;117073.53;117459.99;116871.61;116977.58
2025-09-18 20:00:00;117450.21;117657.17;116612.03;117073.53
2025-09-18 16:00:00;117583.56;117900;117196.33;117450.21
2025-09-18 12:00:00;117063.41;117843.83;116977.59;117583.56
2025-09-18 08:00:00;117086.01;117413.04;117010.59;117063.4
2025-09-18 04:00:00;117581.67;117750;116888.02;117086.01
2025-09-18 00:00:00;116447.6;117896;116092.76;117581.66
2025-09-17 20:00:00;115652.02;116990.68;115307.33;116447.59
2025-09-17 16:00:00;115875.33;116333.33;114720.81;115652.02
2025-09-17 12:00:00;116258.12;116516.93;115432;115875.32
2025-09-17 08:00:00;117162.48;117189.86;116253.27;116258.13
2025-09-17 04:00:00;116372.05;117286.73;116160.22;117162.48
2025-09-17 00:00:00;116788.96;117077.16;116371.81;116372.04
2025-09-16 20:00:00;116800.13;116964.27;116584.45;116788.96
2025-09-16 16:00:00;115905.88;116870.76;115608.28;116800.12
2025-09-16 12:00:00;115287.84;115905.89;114737.11;115905.88
2025-09-16 08:00:00;115839.99;115981.17;115206.15;115287.83
2025-09-16 04:00:00;115307.26;116009.62;114930;115840
2025-09-16 00:00:00;115349.71;115520;114945.01;115307.25
2025-09-15 20:00:00;115307.78;115605.07;115200.07;115349.71
2025-09-15 16:00:00;114842.9;115570;114600;115307.78
2025-09-15 12:00:00;115070.01;115099;114384;114842.9
2025-09-15 08:00:00;115806.62;115806.62;114625.87;115070
2025-09-15 04:00:00;115445.46;116757.99;115400;115806.62
2025-09-15 00:00:00;115268.01;115594.9;114825;115445.45
2025-09-14 20:00:00;115634.99;116087.35;115135;115268.01
2025-09-14 16:00:00;115224.01;115657.5;115193.9;115634.99
2025-09-14 12:00:00;115794.92;115878.49;115141.8;115224.01
2025-09-14 08:00:00;115805.39;116165.19;115748.78;115794.91
2025-09-14 04:00:00;115679.99;115936;115449.59;115805.39
2025-09-14 00:00:00;115918.29;116109;115651.99;115679.98
2025-09-13 20:00:00;115797.12;115991.29;115797.11;115918.29
2025-09-13 16:00:00;115768.68;115817.37;115127.27;115797.12
2025-09-13 12:00:00;115974.11;116060;115603.98;115768.68
2025-09-13 08:00:00;115778.72;116166.71;115767.33;115974.11
2025-09-13 04:00:00;115957;115957.01;115657.81;115778.71
2025-09-13 00:00:00;116029.41;116298.78;115576.26;115957
2025-09-12 20:00:00;116632.51;116632.51;115752.68;116029.42
2025-09-12 16:00:00;115121.18;116665.63;115030.3;116632.51
2025-09-12 12:00:00;114913.45;115500.95;114740.99;115121.18
2025-09-12 08:00:00;115086.7;115273.12;114888.01;114913.45
2025-09-12 04:00:00;115194.14;115656.87;115086.7;115086.7
2025-09-12 00:00:00;115482.69;116331.81;115045.45;115194.14
2025-09-11 20:00:00;114420;115488.09;114246.04;115482.69
2025-09-11 16:00:00;114180.32;114605.54;114102;114419.99
2025-09-11 12:00:00;113999.99;114715.02;113430;114180.31
2025-09-11 08:00:00;114083.58;114200;113776;113999.99
2025-09-11 04:00:00;114400.01;114459.65;113957.2;114083.58
2025-09-11 00:00:00;113960;114434.23;113669.82;114400.01
2025-09-10 20:00:00;113574.53;114025.78;113528.01;113960
2025-09-10 16:00:00;113853.99;114074.46;113155.03;113574.52
2025-09-10 12:00:00;112300;114313.13;112299.99;113853.99
2025-09-10 08:00:00;112553.65;112859.8;112097.2;112299.99
2025-09-10 04:00:00;111545.88;112602.35;111372.42;112553.65
2025-09-10 00:00:00;111546.38;111586.26;110917.45;111545.88
2025-09-09 20:00:00;111301.53;111745.69;111090.07;111546.39
2025-09-09 16:00:00;110880.76;111388.04;110788;111301.53
2025-09-09 12:00:00;112433.59;112950;110766.66;110880.76
2025-09-09 08:00:00;112991.11;113176.51;112403.91;112433.59
2025-09-09 04:00:00;111708.01;113293.29;111624.12;112991.11
2025-09-09 00:00:00;112065.23;112104.41;111111;111708
2025-09-08 20:00:00;112097.31;112512.71;111896;112065.23
2025-09-08 16:00:00;112631.74;112670.06;111978.67;112097.31
2025-09-08 12:00:00;112052.43;112924.37;111877.64;112631.75
2025-09-08 08:00:00;111280.4;112186.98;111252.9;112052.43
2025-09-08 04:00:00;111052.11;111609.04;110899.69;111280.39
2025-09-08 00:00:00;111137.35;111372;110621.78;111052.11
2025-09-07 20:00:00;111259.99;111600;111001.45;111137.34
2025-09-07 16:00:00;111329.99;111371.35;110861.2;111259.99
2025-09-07 12:00:00;111292.12;111412;111042.6;111329.99
2025-09-07 08:00:00;110753.41;111377.19;110720.01;111292.13
2025-09-07 04:00:00;110629.15;110911.42;110463.1;110753.42
2025-09-07 00:00:00;110187.98;110733.12;110180;110629.15
2025-09-06 20:00:00;110038.42;110282.82;110034.44;110187.97
2025-09-06 16:00:00;110384.16;110402;109977;110038.41
2025-09-06 12:00:00;110781.03;110999.83;110358.11;110384.15
2025-09-06 08:00:00;110825.59;110968;110675.58;110781.02
2025-09-06 04:00:00;111082.23;111082.23;110687.69;110825.6
2025-09-06 00:00:00;110660;111307.7;110552.56;111082.22
2025-09-05 20:00:00;111614.54;111700;110375.6;110659.99
2025-09-05 16:00:00;110716.82;111627.51;110206.96;111614.54
2025-09-05 12:00:00;112354;113384.62;110286.91;110716.82
2025-09-05 08:00:00;112954.32;112985;112131.02;112354
2025-09-05 04:00:00;111311.78;112999;111144.51;112954.32
2025-09-05 00:00:00;110730.87;111482.09;110435.75;111311.77
2025-09-04 20:00:00;109800;111765.31;109755.59;110730.87
2025-09-04 16:00:00;109510.32;110218.39;109363.26;109799.99
2025-09-04 12:00:00;110810;111123.99;109329.12;109510.31
2025-09-04 08:00:00;110463.36;111154.93;110415.72;110810
2025-09-04 04:00:00;111148.97;111318.84;110279.68;110463.36
2025-09-04 00:00:00;111705.72;112180;111136;111148.97
2025-09-03 20:00:00;112193.74;112250;111613.98;111705.71
2025-09-03 16:00:00;112222.73;112575.27;111686.24;112193.74
2025-09-03 12:00:00;111437.77;112500;111031.61;112222.74
2025-09-03 08:00:00;111099.87;111708;110889.29;111437.77
2025-09-03 04:00:00;111054;111151.99;110528.71;111099.88
2025-09-03 00:00:00;111240.01;111782.21;110892.14;111054.01
2025-09-02 20:00:00;110806.01;111538.17;110716.77;111240.01
2025-09-02 16:00:00;110829.16;111119.58;110200;110806
2025-09-02 12:00:00;109733.33;111771.52;108393.39;110829.17
2025-09-02 08:00:00;110233.91;110711.1;109563.87;109733.34
2025-09-02 04:00:00;110322.19;110610.5;110000;110233.92
2025-09-02 00:00:00;109237.43;110623.97;108883.8;110322.18
2025-09-01 20:00:00;109217.65;109442.95;107459.49;109237.42
2025-09-01 16:00:00;108784.33;109329.65;108391.3;109217.64
2025-09-01 12:00:00;108782.89;109520;108566;108784.33
2025-09-01 08:00:00;109432.99;109912.4;108186.41;108782.88
2025-09-01 04:00:00;107660;109432.99;107255;109432.99
2025-09-01 00:00:00;108246.36;108482.98;107393;107660.01
2025-08-31 20:00:00;108930;109230;108076.93;108246.35
2025-08-31 16:00:00;108818.69;109237.51;108555;108930
2025-08-31 12:00:00;108389.77;108858.43;108191.29;108818.69
2025-08-31 08:00:00;108708.25;109100;108303.21;108389.76
2025-08-31 04:00:00;109223.84;109231.41;108523.49;108708.26
2025-08-31 00:00:00;108816.33;109480.02;108801.35;109223.84
2025-08-30 20:00:00;108828.32;108838.27;108468.77;108816.33
2025-08-30 16:00:00;108869.98;108900;108625.46;108828.33
2025-08-30 12:00:00;108680.01;108926.15;108190.52;108869.98
2025-08-30 08:00:00;108524.26;108777.43;108400;108680.01
2025-08-30 04:00:00;108436.21;108697.28;108120;108524.26
2025-08-30 00:00:00;108377.4;108436.21;107350.1;108436.2
2025-08-29 20:00:00;108212.01;108549.99;107463.9;108377.4
2025-08-29 16:00:00;108386.23;108832;107934.24;108212.01
2025-08-29 12:00:00;110098.81;111517.07;108103;108386.23
2025-08-29 08:00:00;110019.38;110270.3;109414.18;110098.81
2025-08-29 04:00:00;111704.24;111850.56;109899.99;110019.38
2025-08-29 00:00:00;112566.9;112638.64;111302.27;111704.23
2025-08-28 20:00:00;111901.36;112575.98;111872.06;112566.9
2025-08-28 16:00:00;112678.53;113186.56;111901.35;111901.36
2025-08-28 12:00:00;112909.18;113485.9;112391.56;112678.53
2025-08-28 08:00:00;113114.11;113351.51;112826.22;112909.18
2025-08-28 04:00:00;112000;113360;111945.07;113114.11
2025-08-28 00:00:00;111262.01;112042.04;110862.42;112000.01
2025-08-27 20:00:00;112080.68;112452.05;110921.79;111262.01
2025-08-27 16:00:00;111999.99;112600;111541.23;112080.69
2025-08-27 12:00:00;111322.07;112625;111019.02;112000
2025-08-27 08:00:00;110725.19;111374.45;110345.42;111322.07
2025-08-27 04:00:00;111418.15;111737.26;110622.5;110725.18
2025-08-27 00:00:00;111763.22;111825.16;110918.26;111418.15
2025-08-26 20:00:00;111116.03;112371;110918.26;111763.22
2025-08-26 16:00:00;109666.34;111162.59;109450;111116.03
2025-08-26 12:00:00;109876.53;110818.6;109393.93;109666.33
2025-08-26 08:00:00;110303.2;110455.13;109570.34;109876.52
2025-08-26 04:00:00;109879.57;110547.31;109765.93;110303.2
2025-08-26 00:00:00;110111.98;110111.98;108666.66;109879.56
2025-08-25 20:00:00;110716.13;111092.54;109274.1;110111.98
2025-08-25 16:00:00;112200.65;112937.26;110655.01;110716.13
2025-08-25 12:00:00;111214.97;112580;110588;112200.64
2025-08-25 08:00:00;111511.56;111850.13;110929.48;111214.97
2025-08-25 04:00:00;112916.84;113059.52;111284.05;111511.55
2025-08-25 00:00:00;113493.59;113667.28;112159;112916.84
2025-08-24 20:00:00;112600;113692.97;111632.85;113493.59
2025-08-24 16:00:00;114400.01;114917.1;110680;112600
2025-08-24 12:00:00;114730.22;114869.41;114350.57;114400
2025-08-24 08:00:00;114888.19;115060.99;114600;114730.22
2025-08-24 04:00:00;115036.01;115283.21;114846.14;114888.19
2025-08-24 00:00:00;115438.06;115666.68;114934.21;115036
2025-08-23 20:00:00;115133.92;115454.12;115001.88;115438.05
2025-08-23 16:00:00;114812.88;115190.74;114684.11;115133.91
2025-08-23 12:00:00;115310.13;115486.97;114560;114812.87
2025-08-23 08:00:00;115799.46;115861.8;115223.43;115310.13
2025-08-23 04:00:00;115568.77;116034.53;115551.2;115799.47
2025-08-23 00:00:00;116936;117030;115458.2;115568.77
2025-08-22 20:00:00;116655.79;117174.43;116550.96;116935.99
2025-08-22 16:00:00;116370.75;117429.05;116116;116655.79
2025-08-22 12:00:00;112320.01;117296.12;111684.79;116370.75
2025-08-22 08:00:00;113094.83;113319.3;112177.27;112320
2025-08-22 04:00:00;112929.24;113394.76;112708.81;113094.83
2025-08-22 00:00:00;112500;113525;112335.6;112929.24
2025-08-21 20:00:00;112193.71;112870.94;112067.46;112500
2025-08-21 16:00:00;112792.08;112969.47;112015.67;112193.71
2025-08-21 12:00:00;113148.65;113995.11;112608.64;112792.08
2025-08-21 08:00:00;113896.03;113990;113000;113148.66
2025-08-21 04:00:00;113954.62;114033.84;113582.43;113896.03
2025-08-21 00:00:00;114271.23;114821.76;113906.01;113954.62
2025-08-20 20:00:00;114276.66;114615.38;114000;114271.24
2025-08-20 16:00:00;113353.94;114444;113264.01;114276.66
2025-08-20 12:00:00;113666.69;114326.35;112380;113353.94
2025-08-20 08:00:00;113490.14;114016.77;113060.08;113666.68
2025-08-20 04:00:00;113525.9;113837.93;113432;113490.13
2025-08-20 00:00:00;112872.95;113636.13;112566.01;113525.91
2025-08-19 20:00:00;113132.49;113589.48;112732.58;112872.94
2025-08-19 16:00:00;113786.39;113897.58;112767.06;113132.48
2025-08-19 12:00:00;115508.71;115875.84;113587.68;113786.38
2025-08-19 08:00:00;114978.15;115650;114804;115508.71
2025-08-19 04:00:00;114810.01;115483.24;114366;114978.14
2025-08-19 00:00:00;116227.05;116725.69;114787.23;114810
2025-08-18 20:00:00;116314;116980;115980.32;116227.05
2025-08-18 16:00:00;116145.34;116800;115818.86;116313.99
2025-08-18 12:00:00;114947.27;116186.97;114825;116145.34
2025-08-18 08:00:00;115205.99;115402.51;114640.14;114947.27
2025-08-18 04:00:00;115319;115712.49;114878.71;115205.98
2025-08-18 00:00:00;117405.01;117543.75;115000;115319
2025-08-17 20:00:00;117570.07;117995.37;117371.65;117405.01
2025-08-17 16:00:00;118246.15;118316.01;117321.53;117570.07
2025-08-17 12:00:00;118308;118575;118059.12;118246.16
2025-08-17 08:00:00;118005.98;118484;117922;118308.01
2025-08-17 04:00:00;117684.96;118230.82;117684.95;118005.98
2025-08-17 00:00:00;117380.66;117771.37;117172.21;117684.95
2025-08-16 20:00:00;117672.13;117713.51;117219.34;117380.66
2025-08-16 16:00:00;117676.7;117817.65;117629.94;117672.12
2025-08-16 12:00:00;117378.52;117825;117327.63;117676.7
2025-08-16 08:00:00;117596.07;117703.92;117143.98;117378.52
2025-08-16 04:00:00;117429.63;117884;117278;117596.07
2025-08-16 00:00:00;117342.04;117898.99;117231.14;117429.63
2025-08-15 20:00:00;116936.28;117761.88;116862.5;117342.05
2025-08-15 16:00:00;117275.23;117882.35;116803.99;116936.27
2025-08-15 12:00:00;119006.01;119130.77;116827.29;117275.22
2025-08-15 08:00:00;118956.45;119144.5;118600;119006.01
2025-08-15 04:00:00;118968.91;119216.82;118629.58;118956.45
2025-08-15 00:00:00;118295.09;119077.71;118032.32;118968.91
2025-08-14 20:00:00;117945.92;118516.81;117302.33;118295.09
2025-08-14 16:00:00;118257.26;118535;117180;117945.92
2025-08-14 12:00:00;120949.66;121183.06;117632;118257.25
2025-08-14 08:00:00;121725.31;122045.9;120694;120949.67
2025-08-14 04:00:00;123337.14;123428.6;121313.86;121725.31
2025-08-14 00:00:00;123306.44;124474;123250.5;123337.14
2025-08-13 20:00:00;122744.22;123667.79;122298.2;123306.43
2025-08-13 16:00:00;120920.61;122839.47;120920.61;122744.21
2025-08-13 12:00:00;120570.41;122200;120106.02;120920.62
2025-08-13 08:00:00;119580.4;120732.94;119446.22;120570.41
2025-08-13 04:00:00;119482.01;119820.18;118920.92;119580.4
2025-08-13 00:00:00;120134.09;120192.1;119094.28;119482.01
2025-08-12 20:00:00;119665.27;120324.43;119485.84;120134.08
2025-08-12 16:00:00;119933;120192.1;119172.62;119665.27
2025-08-12 12:00:00;118522.22;119960;118285;119933
2025-08-12 08:00:00;118986.73;119058.43;118207.47;118522.22
2025-08-12 04:00:00;118857.7;119158.06;118424.86;118986.72
2025-08-12 00:00:00;118686;119275.46;118593.39;118857.7
2025-08-11 20:00:00;119089.3;119172.63;118050.11;118686
2025-08-11 16:00:00;120314.4;120794.05;118604.17;119089.3
2025-08-11 12:00:00;120561.53;120667.54;119382.91;120314.4
2025-08-11 08:00:00;121537.14;121823;120286.4;120561.54
2025-08-11 04:00:00;121729;122335.16;121466.08;121537.15
2025-08-11 00:00:00;119294.27;122164.07;118972.59;121728.99
2025-08-10 20:00:00;118663.09;119311.11;118074.99;119294.01
2025-08-10 16:00:00;118815;118944.24;118433.8;118663.08
2025-08-10 12:00:00;118330.58;119113.94;118232;118815
2025-08-10 08:00:00;117808.29;118500;117608.01;118330.58
2025-08-10 04:00:00;118500;118741.77;117466.34;117808.3
2025-08-10 00:00:00;116462.25;118500;116460.63;118500
2025-08-09 20:00:00;116535.68;117021.16;116359.89;116462.25
2025-08-09 16:00:00;116892.48;116947.16;116500;116535.69
2025-08-09 12:00:00;117110;117238.04;116700.01;116892.47
2025-08-09 08:00:00;116756;117944.05;116756;117110
2025-08-09 04:00:00;116384.01;116980;116339.45;116756.01
2025-08-09 00:00:00;116674.74;116750;116299.13;116384.01
2025-08-08 20:00:00;116453.41;116980;116319.06;116674.74
2025-08-08 16:00:00;116207.7;116900;116006.14;116453.41
2025-08-08 12:00:00;116891.51;117271.73;115878.71;116207.69
2025-08-08 08:00:00;116817.2;116914.6;116317.08;116891.51
2025-08-08 04:00:00;116737.34;116973.3;116401;116817.19
2025-08-08 00:00:00;117472.02;117630;116694.28;116737.35
2025-08-07 20:00:00;117461.99;117621;117012;117472.01
2025-08-07 16:00:00;116689.8;117520;115632.31;117461.98
2025-08-07 12:00:00;116519.54;116791.11;116035.84;116689.81
2025-08-07 08:00:00;114787.99;116828.93;114787.98;116519.53
2025-08-07 04:00:00;114546.03;114876.79;114259;114787.99
2025-08-07 00:00:00;114992.27;115185.58;114404.22;114546.03
2025-08-06 20:00:00;115260;115260;114793.01;114992.27
2025-08-06 16:00:00;115413.87;115716;114942.18;115259.99
2025-08-06 12:00:00;114226.68;115515.09;113579.9;115413.87
2025-08-06 08:00:00;114227.9;114404.23;113727.57;114226.69
2025-08-06 04:00:00;113509.98;114417.02;113355.13;114227.91
2025-08-06 00:00:00;114129.75;114139.38;113400;113509.97
2025-08-05 20:00:00;113616.51;114228.88;113304;114129.75
2025-08-05 16:00:00;112934;113763.27;112815.68;113616.52
2025-08-05 12:00:00;114827.07;114893.13;112650;112934
2025-08-05 08:00:00;113969.7;115096.73;113928.87;114827.07
2025-08-05 04:00:00;114256.85;114500.66;113725.72;113969.7
2025-08-05 00:00:00;115055.03;115127.81;114256.85;114256.85
2025-08-04 20:00:00;114777.62;115340;114616.33;115055.03
2025-08-04 16:00:00;114826.01;115720;114732.65;114777.62
2025-08-04 12:00:00;114493.09;115466;114121;114826
2025-08-04 08:00:00;114652.98;114750;114217.97;114493.09
2025-08-04 04:00:00;114570.61;114778.5;114148.58;114652.97
2025-08-04 00:00:00;114208.81;115000;114107.6;114570.61
2025-08-03 20:00:00;114313.19;114612.24;114066.56;114208.8
2025-08-03 16:00:00;113959.06;114799.97;113775.55;114313.19
2025-08-03 12:00:00;113862.19;114098.45;113579.69;113959.06
2025-08-03 08:00:00;113700;114260.31;113551;113862.18
2025-08-03 04:00:00;113604.2;113720.16;113341.06;113700
2025-08-03 00:00:00;112546.35;113740.69;111920;113604.2
2025-08-02 20:00:00;112229.42;113058.82;112069.86;112546.35
2025-08-02 16:00:00;112840.7;113420;112003;112229.42
2025-08-02 12:00:00;113787.11;113787.12;112802.31;112840.71
2025-08-02 08:00:00;113982.49;114040.29;113425.58;113787.12
2025-08-02 04:00:00;113909.87;114063.49;113469.43;113982.49
2025-08-02 00:00:00;113297.92;113921.94;113198.63;113909.86
2025-08-01 20:00:00;113328.67;114094.08;112722.58;113297.93
2025-08-01 16:00:00;115357.82;115695.52;113221.93;113328.68
2025-08-01 12:00:00;115305.64;116019.3;113988.47;115357.82
2025-08-01 08:00:00;115081.76;115340;114116;115305.65
2025-08-01 04:00:00;115648.03;115916.43;114633.18;115081.77
2025-08-01 00:00:00;115764.07;116052;114313.13;115648.03
2025-07-31 20:00:00;116785.78;116990.04;115500;115764.08
2025-07-31 16:00:00;118306.18;118879.14;116763.43;116785.79
2025-07-31 12:00:00;118371.25;118702.1;117807.35;118306.18
2025-07-31 08:00:00;118665.98;118770.07;118278.91;118371.25
2025-07-31 04:00:00;118466.15;118922.45;118287.63;118665.97
2025-07-31 00:00:00;117840.29;118600;117781.87;118466.14
2025-07-30 20:00:00;116916.73;117908.4;116880.64;117840.3
2025-07-30 16:00:00;118000.01;118037.18;115796.23;116916.73
2025-07-30 12:00:00;117579.99;118792;117358.84;118000.01
2025-07-30 08:00:00;118123;118481.81;117358.84;117579.99
2025-07-30 04:00:00;118161.86;118412.11;117667.33;118123.01
2025-07-30 00:00:00;117950.75;118250;117412.53;118161.87
2025-07-29 20:00:00;117525.28;118000;117094.96;117950.76
2025-07-29 16:00:00;117400.02;118057.05;116950.75;117525.29
2025-07-29 12:00:00;118592.38;119080.81;117272;117400.01
2025-07-29 08:00:00;118882.37;119051;118160.87;118592.38
2025-07-29 04:00:00;118764.85;119273.36;118416.66;118882.37
2025-07-29 00:00:00;118062.32;118800;117450;118764.85
2025-07-28 20:00:00;118068.73;118350.01;117500.09;118062.32
2025-07-28 16:00:00;118174.89;118376.61;117427.5;118068.73
2025-07-28 12:00:00;118827.49;119093.68;117895.73;118174.9
2025-07-28 08:00:00;118900.01;119102.69;118475.47;118827.49
2025-07-28 04:00:00;119287.99;119701.07;118774.31;118900
2025-07-28 00:00:00;119415.56;119800;118960.5;119287.99
2025-07-27 20:00:00;118960.01;119766.65;118713.74;119415.55
2025-07-27 16:00:00;118585.75;119540.01;118585.75;118960
2025-07-27 12:00:00;118072.71;118588;117890;118585.74
2025-07-27 08:00:00;118095.95;118292.86;117859.98;118072.71
2025-07-27 04:00:00;118182.83;118438.83;118066.74;118095.95
2025-07-27 00:00:00;117919.99;118358.18;117825.5;118182.83
2025-07-26 20:00:00;118232.11;118276.66;117883.86;117919.99
2025-07-26 16:00:00;118130.1;118297.35;117941.96;118232.11
2025-07-26 12:00:00;117776.1;118220;117772.13;118130.1
2025-07-26 08:00:00;117304.47;118217.45;117304.46;117776.11
2025-07-26 04:00:00;117489.61;117547.92;117304.46;117304.47
2025-07-26 00:00:00;117614.31;117750;117138.38;117489.62
2025-07-25 20:00:00;116688.6;117630;116578.02;117614.31
2025-07-25 16:00:00;115727.07;116997.21;115455.46;116688.6
2025-07-25 12:00:00;116543.59;116656.99;114908;115727.08
2025-07-25 08:00:00;115320.01;116782.13;115008.85;116543.58
2025-07-25 04:00:00;115419.65;116144.63;114723.16;115320.01
2025-07-25 00:00:00;118340.98;118451.57;115330.86;115419.66
2025-07-24 20:00:00;118943.42;119010.64;118166.94;118340.99
2025-07-24 16:00:00;119092.65;119395.81;118350;118943.42
2025-07-24 12:00:00;118600;119450;117832.32;119092.65
2025-07-24 08:00:00;118416.21;118814.47;117955.59;118600
2025-07-24 04:00:00;118488.92;118610.25;117103.1;118416.21
2025-07-24 00:00:00;118756;119273.36;118466.71;118488.92
2025-07-23 20:00:00;118393.64;118756;117381.8;118755.99
2025-07-23 16:00:00;118567.39;118567.39;117331.63;118393.64
2025-07-23 12:00:00;118538.46;118708.24;117301;118567.39
2025-07-23 08:00:00;118350.35;118619.79;117844.24;118538.46
2025-07-23 04:00:00;118614.16;119006.05;118288.2;118350.35
2025-07-23 00:00:00;119954.43;120090;118532.96;118614.17
2025-07-22 20:00:00;119282.11;120247.8;119203.2;119954.42
2025-07-22 16:00:00;118912.04;120183.96;118368.19;119282.1
2025-07-22 12:00:00;119154.99;119573.53;117550;118912.04
2025-07-22 08:00:00;117983.69;119188.3;117488.19;119154.99
2025-07-22 04:00:00;117210;118594.55;116552.18;117983.68
2025-07-22 00:00:00;117380.36;117950;116128;117210
2025-07-21 20:00:00;116767.67;117633.66;116656.88;117380.36
2025-07-21 16:00:00;118313.16;118399.1;116666;116767.67
2025-07-21 12:00:00;118070.17;119233.71;117778.7;118313.16
2025-07-21 08:00:00;119364.18;119500;118070.16;118070.17
2025-07-21 04:00:00;118404.01;119676.73;118188.95;119362.67
2025-07-21 00:00:00;117265.11;118614.7;116515;118404
2025-07-20 20:00:00;118155;118263;116467.02;117265.12
2025-07-20 16:00:00;118671.12;118856.8;117960;118155.01
2025-07-20 12:00:00;117878.46;118799.8;117723.23;118671.11
2025-07-20 08:00:00;118029.49;118277.17;117819.88;117878.46
2025-07-20 04:00:00;117958;118218;117760.67;118029.49
2025-07-20 00:00:00;117840.01;118165.38;117650;117958.01
2025-07-19 20:00:00;118007.88;118141;117277.34;117840
2025-07-19 16:00:00;118058.1;118161.51;117605.26;118007.88
2025-07-19 12:00:00;118327.05;118327.06;117627.71;118058.11
2025-07-19 08:00:00;118163.07;118499.9;117943.25;118327.06
2025-07-19 04:00:00;118322.53;118364;118044.19;118163.06
2025-07-19 00:00:00;117924.84;118371.42;117613.35;118322.54
2025-07-18 20:00:00;117374.75;118021.62;116812.76;117924.84
2025-07-18 16:00:00;117860.24;118054.92;117120.53;117374.76
2025-07-18 12:00:00;119171.35;119531.48;117315.69;117860.25
2025-07-18 08:00:00;119339.51;119469.21;118395;119171.34
2025-07-18 04:00:00;120223.08;120820.71;119287.72;119339.51
2025-07-18 00:00:00;119177.56;120785.49;119020.48;120223.09
2025-07-17 20:00:00;118959.66;120998.71;118383.97;119177.56
2025-07-17 16:00:00;118881.99;119880.13;118333.6;118959.66
2025-07-17 12:00:00;117995;119073.46;117453.57;118881.99
2025-07-17 08:00:00;118311.75;119192;117974.99;117995
2025-07-17 04:00:00;118128.8;118772;117857.03;118311.75
2025-07-17 00:00:00;118630.44;119158.28;117683.53;118128.8
2025-07-16 20:00:00;119230.16;120063.84;118420;118630.43
2025-07-16 16:00:00;119095.76;119904.13;118471.38;119230.16
2025-07-16 12:00:00;118769.06;119794.8;118181.14;119095.76
2025-07-16 08:00:00;118189.24;119310.75;118113.82;118769.06
2025-07-16 04:00:00;117482.67;118300;117275.63;118189.25
2025-07-16 00:00:00;117758.08;118195;117017.29;117482.67
2025-07-15 20:00:00;116416.07;117972.86;116192.27;117758.09
2025-07-15 16:00:00;116391.43;117800.6;116019.05;116416.07
2025-07-15 12:00:00;117113.98;118490.71;115736.92;116391.43
2025-07-15 08:00:00;116779.13;117224.08;116300;117113.98
2025-07-15 04:00:00;117148.46;117765.4;116250;116779.12
2025-07-15 00:00:00;119841.17;119940.83;116840.01;117148.47
2025-07-14 20:00:00;119939.42;120447;119522.72;119841.18
2025-07-14 16:00:00;119878.22;120526.03;119202;119939.41
2025-07-14 12:00:00;121467.23;122120;119611.7;119878.23
2025-07-14 08:00:00;122736.04;122769.19;121355.55;121467.24
2025-07-14 04:00:00;120750.25;123218;120557.63;122736.04
2025-07-14 00:00:00;119086.65;121492.48;118905.18;120750.24
2025-07-13 20:00:00;118961.09;119367.37;118243.68;119086.64
2025-07-13 16:00:00;118672.23;119488;118382.56;118961.08
2025-07-13 12:00:00;118072.01;119376;117989.53;118672.24
2025-07-13 08:00:00;117998.99;118086.66;117689.63;118072.01
2025-07-13 04:00:00;117753.59;118054.79;117684.22;117999
2025-07-13 00:00:00;117420;117824.76;117224.79;117753.6
2025-07-12 20:00:00;117550.96;117563.75;117000.01;117420
2025-07-12 16:00:00;117100;117639.98;117045.86;117550.96
2025-07-12 12:00:00;117810;117861.19;116900.05;117100.01
2025-07-12 08:00:00;117731.99;118200;117625;117810
2025-07-12 04:00:00;117774.42;118054.79;117506.37;117731.99
2025-07-12 00:00:00;117527.66;117847.66;117141.13;117774.42
2025-07-11 20:00:00;118108.81;118108.81;117146.8;117527.66
2025-07-11 16:00:00;116902.58;118138.75;116604.87;118108.81
2025-07-11 12:00:00;117821.91;118259.24;116724.66;116902.59
2025-07-11 08:00:00;117526.88;118869.98;117526.88;117821.91
2025-07-11 04:00:00;116881.69;118404.22;116500;117526.88
2025-07-11 00:00:00;116010.01;116950;115222.22;116881.7
2025-07-10 20:00:00;113301.8;116868;113270.98;116010
2025-07-10 16:00:00;111408.4;113788.23;111322.32;113301.81
2025-07-10 12:00:00;111019.99;111408.41;110500;111408.4
2025-07-10 08:00:00;111229.99;111398.96;110870.33;111019.99
2025-07-10 04:00:00;111074.52;111432.46;110898;111230
2025-07-10 00:00:00;111234;111581;110880;111074.51
2025-07-09 20:00:00;111749.99;111952.33;110559.4;111233.99
2025-07-09 16:00:00;109071.32;111999.79;109047.49;111750
2025-07-09 12:00:00;109058.27;109769.39;108503;109071.32
2025-07-09 08:00:00;108714.39;109117;108553.18;109058.27
2025-07-09 04:00:00;108376.41;108942.2;108324.53;108714.39
2025-07-09 00:00:00;108922.99;109136;108348;108376.41
2025-07-08 20:00:00;108771.87;108974;108624;108922.98
2025-07-08 16:00:00;108268.35;109147.56;108096.55;108771.88
2025-07-08 12:00:00;108756.37;109216.56;108217.07;108268.35
2025-07-08 08:00:00;108484.61;109005;108229.15;108756.37
2025-07-08 04:00:00;107901.52;108499;107750;108484.61
2025-07-08 00:00:00;108262.94;108525;107429.57;107901.52
2025-07-07 20:00:00;108056.67;108300;107800.01;108262.94
2025-07-07 16:00:00;108292.59;108493.56;107513.2;108056.68
2025-07-07 12:00:00;108642.01;108660;107970;108292.59
2025-07-07 08:00:00;109061.07;109087.86;108572.52;108642.01
2025-07-07 04:00:00;109389.46;109447.54;108654.94;109061.08
2025-07-07 00:00:00;109203.85;109700;108679.75;109389.47
2025-07-06 20:00:00;108538.45;109700;108536.86;109203.84
2025-07-06 16:00:00;108906;108966.62;108266.67;108538.46
2025-07-06 12:00:00;108076;109127.03;108045.76;108905.99
2025-07-06 08:00:00;108040.31;108111;107800.01;108076.01
2025-07-06 04:00:00;108050.49;108218;107930.45;108040.31
2025-07-06 00:00:00;108198.12;108268.35;108025.97;108050.49
2025-07-05 20:00:00;108141.78;108250;107993.39;108198.12
2025-07-05 16:00:00;108058;108167.23;107864.75;108141.78
2025-07-05 12:00:00;108112.2;108232.29;107971;108058
2025-07-05 08:00:00;108053.46;108219.19;107870.42;108112.21
2025-07-05 04:00:00;108154.72;108420.56;108000;108053.46
2025-07-05 00:00:00;107984.25;108259.99;107756.31;108154.72
2025-07-04 20:00:00;107469.22;108279.33;107440.63;107984.24
2025-07-04 16:00:00;107573.29;107922.5;107245;107469.23
2025-07-04 12:00:00;108888;108978.64;107505;107573.29
2025-07-04 08:00:00;108700;109111;108518.83;108888
2025-07-04 04:00:00;109235.58;109329.6;108700;108700
2025-07-04 00:00:00;109584.77;109767.59;109103.71;109235.57
2025-07-03 20:00:00;109803.41;110000;109510;109584.78
2025-07-03 16:00:00;109127.85;109910.1;109020.8;109803.41
2025-07-03 12:00:00;109599.18;110529.18;108749.99;109127.84
2025-07-03 08:00:00;109279.99;110273.21;109279.99;109599.19
2025-07-03 04:00:00;108628.2;109548;108566.14;109280
2025-07-03 00:00:00;108849.59;109115.03;108530.4;108628.21
2025-07-02 20:00:00;109676.14;109676.14;108720;108849.6
2025-07-02 16:00:00;108737.75;109730;108650.97;109676.14
2025-07-02 12:00:00;107479.98;108759.2;107186.1;108737.74
2025-07-02 08:00:00;107080;107860.23;107080;107479.99
2025-07-02 04:00:00;106194.7;107186.78;106131.55;107080
2025-07-02 00:00:00;105681.13;106216.08;105100.19;106194.7
2025-07-01 20:00:00;105398.52;106100;105250.85;105681.14
2025-07-01 16:00:00;105955.19;106287.95;105387.68;105398.53
2025-07-01 12:00:00;106605.79;107179.99;105623.39;105955.18
2025-07-01 08:00:00;107178.99;107178.99;106301.86;106605.8
2025-07-01 04:00:00;107192.39;107203.11;106615.97;107178.99
2025-07-01 00:00:00;107146.51;107540;107026.93;107192.38
2025-06-30 20:00:00;107745.97;107764.73;106900.02;107146.5
2025-06-30 16:00:00;107580.47;107807.94;107116.4;107745.97
2025-06-30 12:00:00;107654.21;107858.79;106733.33;107580.46
2025-06-30 08:00:00;107614.07;107964.33;107400;107654.2
2025-06-30 04:00:00;108503.74;108538.76;107481.31;107614.08
2025-06-30 00:00:00;108356.93;108789.99;108255.81;108503.74
2025-06-29 20:00:00;107406.8;108436.47;107250;108356.93
2025-06-29 16:00:00;107750.72;107792.05;107316.46;107406.81
2025-06-29 12:00:00;108477.12;108528.5;107650;107750.72
2025-06-29 08:00:00;107402.17;108484;107402.17;108477.11
2025-06-29 04:00:00;107210.78;107402.18;107205.82;107402.18
2025-06-29 00:00:00;107296.79;107500;107172.52;107210.78
2025-06-28 20:00:00;107225.74;107378.37;107154.62;107296.79
2025-06-28 16:00:00;107449.28;107542.5;107225.74;107225.74
2025-06-28 12:00:00;107373.39;107577.75;107084.15;107449.28
2025-06-28 08:00:00;107485.01;107493.07;107252.6;107373.39
2025-06-28 04:00:00;107300.13;107496.12;107183.29;107485
2025-06-28 00:00:00;107047.58;107347.1;106811.51;107300.13
2025-06-27 20:00:00;106801.02;107277.99;106794.33;107047.59
2025-06-27 16:00:00;107308.25;107709.22;106446.45;106801.02
2025-06-27 12:00:00;106983.6;107407.14;106356.76;107308.25
2025-06-27 08:00:00;106869.72;107159.95;106679.98;106983.6
2025-06-27 04:00:00;107477.76;107735.34;106850;106869.71
2025-06-27 00:00:00;106947.06;107515.28;106438.33;107477.76
2025-06-26 20:00:00;107532.97;108000;106850;106947.06
2025-06-26 16:00:00;107313.61;107669.74;107009.28;107532.98
2025-06-26 12:00:00;107325.42;107765.55;106562.5;107313.6
2025-06-26 08:00:00;107813.99;108174.86;107117.65;107325.41
2025-06-26 04:00:00;107853.79;108085.92;107520;107813.99
2025-06-26 00:00:00;107340.59;108272.45;107105.43;107853.79
2025-06-25 20:00:00;107761.67;108000;107079.9;107340.58
2025-06-25 16:00:00;107027.99;107905.37;106931;107761.68
2025-06-25 12:00:00;107198.02;108135.3;106752.36;107028
2025-06-25 08:00:00;106600;107237.44;106343.13;107198.02
2025-06-25 04:00:00;106232.01;106702;106001;106600.01
2025-06-25 00:00:00;106083;106791.18;105808.03;106232.01
2025-06-24 20:00:00;105643.2;106119.11;105435.45;106083
2025-06-24 16:00:00;105244.72;106290;105172.64;105643.19
2025-06-24 12:00:00;105169.99;105731.92;104800.98;105244.73
2025-06-24 08:00:00;104933.74;105571.4;104622.02;105170
2025-06-24 04:00:00;104919.6;105811;104704.91;104933.74
2025-06-24 00:00:00;105333.94;105500;104720.82;104919.6
2025-06-23 20:00:00;103161.3;106074.2;102880;105333.93
2025-06-23 16:00:00;101420.71;103300;99613.33;103161.29
2025-06-23 12:00:00;101289;102613.09;100792.16;101420.7
2025-06-23 08:00:00;101931.04;102080;101102.76;101289.01
2025-06-23 04:00:00;101154.13;102137;100980;101931.04
2025-06-23 00:00:00;100963.87;101620;100494.25;101154.14
2025-06-22 20:00:00;98882.85;101034.65;98200;100963.87
2025-06-22 16:00:00;98906.21;100380;98673.66;98882.84
2025-06-22 12:00:00;102739.47;102831;98889.35;98906.21
2025-06-22 08:00:00;102424.61;102804.05;102080;102739.48
2025-06-22 04:00:00;102375.4;102946.47;102256.01;102424.61
2025-06-22 00:00:00;102120.02;103399.62;101839.96;102375.4
2025-06-21 20:00:00;102245.11;102888.88;100837.9;102120.01
2025-06-21 16:00:00;103560.9;103640;102210.43;102245.1
2025-06-21 12:00:00;103874.63;103946.47;103281.82;103560.9
2025-06-21 08:00:00;103458.5;103982.64;103458.49;103874.64
2025-06-21 04:00:00;103495.86;103599.04;103330;103458.5
2025-06-21 00:00:00;103297.98;103691.67;103127.48;103495.87
2025-06-20 20:00:00;103307.21;103828;102963.67;103297.99
2025-06-20 16:00:00;104218;104269.64;102345;103307.22
2025-06-20 12:00:00;105977.82;106149.17;103888;104217.99
2025-06-20 08:00:00;105811.74;106524.65;105757.48;105977.82
2025-06-20 04:00:00;104596.64;105825.66;104238.02;105811.74
2025-06-20 00:00:00;104658.59;104820;104391.38;104596.63
2025-06-19 20:00:00;104250.45;104898.31;104150;104658.59
2025-06-19 16:00:00;104096.94;104814.73;103929.27;104250.44
2025-06-19 12:00:00;104776.23;104917.05;104078;104096.93
2025-06-19 08:00:00;104642.85;105073.53;104631.26;104776.23
2025-06-19 04:00:00;105100.01;105220;104617.69;104642.85
2025-06-19 00:00:00;104886.79;105226.17;104457.12;105100.02
2025-06-18 20:00:00;103808.41;105139.87;103652;104886.78
2025-06-18 16:00:00;104801.01;104836.64;103500;103808.41
2025-06-18 12:00:00;104840.58;105325.83;103814.04;104801.01
2025-06-18 08:00:00;104973.24;105310.62;104175.87;104840.59
2025-06-18 04:00:00;105184.84;105550.27;104713.24;104973.24
2025-06-18 00:00:00;104551.17;105240;104379.52;105184.84
2025-06-17 20:00:00;104686.12;104898.81;104203.85;104551.17
2025-06-17 16:00:00;104241.62;105336.82;103371.02;104686.12
2025-06-17 12:00:00;105641.48;105862.03;104130.95;104241.63
2025-06-17 08:00:00;106758.52;106822.78;105508.23;105641.47
2025-06-17 04:00:00;107590.41;107711.06;106481.6;106758.52
2025-06-17 00:00:00;106794.53;107771.34;106115.35;107590.41
2025-06-16 20:00:00;108652.01;108952.38;106700;106794.53
2025-06-16 16:00:00;107424.96;108888;107309.15;108652
2025-06-16 12:00:00;106884;107784.26;106495.09;107424.96
2025-06-16 08:00:00;107061.8;107255.01;106582.25;106883.99
2025-06-16 04:00:00;105921.85;107262.31;105874.48;107061.8
2025-06-16 00:00:00;105594.02;105970.59;104980.37;105921.84
2025-06-15 20:00:00;105294.19;105617.82;104494.53;105594.01
2025-06-15 16:00:00;105563.99;105777.09;105082.97;105294.19
2025-06-15 12:00:00;104970.51;105838.24;104955.48;105564
2025-06-15 08:00:00;105428;105482.4;104867.64;104970.51
2025-06-15 04:00:00;105473.54;106128.57;105200;105428
2025-06-15 00:00:00;105414.63;105680;105264.75;105473.55
2025-06-14 20:00:00;104645.66;105480;104300;105414.64
2025-06-14 16:00:00;104841.29;105045.78;104359.08;104645.67
2025-06-14 12:00:00;105082.01;105131.25;104615.38;104841.3
2025-06-14 08:00:00;105076.59;105132.36;104836.06;105082.01
2025-06-14 04:00:00;105228.83;105397.06;104792.98;105076.59
2025-06-14 00:00:00;106066.59;106252;105197.96;105228.82
2025-06-13 20:00:00;105110.01;106179.53;105020.87;106066.59
2025-06-13 16:00:00;105436.87;105981;104668.73;105110
2025-06-13 12:00:00;105039.48;105747.47;104118;105436.87
2025-06-13 08:00:00;104895.01;105434.34;104425.79;105039.48
2025-06-13 04:00:00;104277.22;104970.12;103782.75;104895
2025-06-13 00:00:00;105671.74;105694;102664.31;104277.22
2025-06-12 20:00:00;106789.8;106960.77;105671.72;105671.73
2025-06-12 16:00:00;107020.96;108450.16;106680;106788.8
2025-06-12 12:00:00;106900.95;107822.5;106600;107020.95
2025-06-12 08:00:00;107633.53;107835.83;106874.47;106900.95
2025-06-12 04:00:00;107860.04;107993.58;107320;107633.53
2025-06-12 00:00:00;108645.13;108813.55;107730;107860.05
2025-06-11 20:00:00;108742.37;109219.51;108064;108645.12
2025-06-11 16:00:00;109735.7;109815.84;108412.01;108742.37
2025-06-11 12:00:00;109252.1;110392.01;109008.82;109735.7
2025-06-11 08:00:00;109446.74;109675.69;109193.89;109252.09
2025-06-11 04:00:00;109722.95;109745.29;109373.67;109446.74
2025-06-11 00:00:00;110274.39;110274.4;109533.97;109722.95
2025-06-10 20:00:00;109526.3;110299.73;109239.68;110274.39
2025-06-10 16:00:00;109015.41;110400;108518.86;109526.3
2025-06-10 12:00:00;109541.93;109900.81;108331.03;109015.42
2025-06-10 08:00:00;109205.14;109851.8;109056.9;109541.28
2025-06-10 04:00:00;109568.03;109737.68;109095.67;109205.14
2025-06-10 00:00:00;110263.02;110311.82;109381.24;109568.02
2025-06-09 20:00:00;108565.86;110530.17;108456.08;110263.02
2025-06-09 16:00:00;107635.91;108767.24;107635.91;108564.72
2025-06-09 12:00:00;107759.21;108020;106860;107635.91
2025-06-09 08:00:00;105560.71;107806;105473.57;107759.21
2025-06-09 04:00:00;105659.14;105717.3;105319;105560.71
2025-06-09 00:00:00;105734.01;105966.33;105318.37;105659.13
2025-06-08 20:00:00;106289.99;106488.14;105545.71;105734
2025-06-08 16:00:00;105984.53;106360;105943.91;106289.99
2025-06-08 12:00:00;105686.71;106160.19;105520.25;105984.52
2025-06-08 08:00:00;105426.46;105720.94;104964.14;105686.71
2025-06-08 04:00:00;105471.59;105653.13;105408.38;105426.45
2025-06-08 00:00:00;105552.15;105786.33;105394.03;105471.59
2025-06-07 20:00:00;105725.91;105900;105534.88;105552.15
2025-06-07 16:00:00;105558.11;105884.46;105279.06;105725.91
2025-06-07 12:00:00;105150.01;105800;105150;105558.11
2025-06-07 08:00:00;104867.03;105264;104689.81;105150.01
2025-06-07 04:00:00;104871.59;105319.13;104643.62;104867.04
2025-06-07 00:00:00;104288.43;104910.77;103871.09;104871.58
2025-06-06 20:00:00;104219.8;104617.56;104167.98;104288.44
2025-06-06 16:00:00;105092.28;105284;104013.21;104219.8
2025-06-06 12:00:00;103927.99;105333;103513.7;105092.28
2025-06-06 08:00:00;103150.44;103991.45;103150.43;103927.99
2025-06-06 04:00:00;102493.3;103468.66;102387.38;103150.44
2025-06-06 00:00:00;101508.69;102520;101095.8;102493.3
2025-06-05 20:00:00;101914.76;102171.44;100372.26;101508.68
2025-06-05 16:00:00;104531.5;104598.87;101596.62;101914.77
2025-06-05 12:00:00;104827.79;105909.71;103900;104531.49
2025-06-05 08:00:00;104518.05;104920;104424.52;104827.8
2025-06-05 04:00:00;105047.15;105226.14;104380;104518.05
2025-06-05 00:00:00;104696.86;105240.84;104651.16;105047.15
2025-06-04 20:00:00;104913.52;105045.79;104407.16;104696.86
2025-06-04 16:00:00;105298.26;105483.14;104865.25;104913.52
2025-06-04 12:00:00;105084.36;105542;104179;105298.27
2025-06-04 08:00:00;105320.75;106000;105080.26;105084.36
2025-06-04 04:00:00;105519.26;105611.96;105250;105320.75
2025-06-04 00:00:00;105376.9;105839.63;105132.27;105519.27
2025-06-03 20:00:00;106238.81;106254.92;105266.02;105376.89
2025-06-03 16:00:00;106610.66;106666.67;105592.17;106238.81
2025-06-03 12:00:00;105287.24;106794.67;105031.6;106610.66
2025-06-03 08:00:00;105170.76;105349.94;104872.5;105287.24
2025-06-03 04:00:00;105482.03;105513.02;105116.2;105170.75
2025-06-03 00:00:00;105858;106500;105340.18;105482.02
2025-06-02 20:00:00;104425.64;105931.44;104425.64;105857.99
2025-06-02 16:00:00;104438.79;104731.95;104030.01;104425.63
2025-06-02 12:00:00;104047.63;104679.25;103659.88;104438.79
2025-06-02 08:00:00;105387.67;105935.63;103941;104047.64
2025-06-02 04:00:00;104829.27;105438.87;104610.13;105387.67
2025-06-02 00:00:00;105642.93;105735.42;104571.42;104829.27
2025-06-01 20:00:00;105121.95;105866.91;104893.72;105642.93
2025-06-01 16:00:00;104715.1;105299.21;104319.79;105121.94
2025-06-01 12:00:00;104082.67;104809.53;103783.01;104715.1
2025-06-01 08:00:00;104275.95;104459.07;103752.49;104082.68
2025-06-01 04:00:00;104381.03;104729.99;104195.12;104275.95
2025-06-01 00:00:00;104591.88;104647.11;103924.52;104381.03
2025-05-31 20:00:00;104698.03;104900;104473.2;104591.88
2025-05-31 16:00:00;104556.08;104780.49;104261.39;104698.02
2025-05-31 12:00:00;103498.17;104846.15;103480.11;104556.08
2025-05-31 08:00:00;103747.03;103809.51;103285.71;103498.18
2025-05-31 04:00:00;103684;103911.1;103487.99;103747.02
2025-05-31 00:00:00;103985.47;104292.69;103068.55;103684.01
2025-05-30 20:00:00;104640.49;104878.05;103621;103985.48
2025-05-30 16:00:00;105543;105560.98;103706.71;104640.5
2025-05-30 12:00:00;105880.5;106000;105047.61;105543
2025-05-30 08:00:00;105028.03;105981.75;104606.01;105880.51
2025-05-30 04:00:00;106024.33;106313.12;104727.72;105028.02
2025-05-30 00:00:00;105589.75;106214.93;104600.5;106024.33
2025-05-29 20:00:00;105731.74;106470.69;105322.86;105589.75
2025-05-29 16:00:00;107019.9;107168.23;105639.3;105731.74
2025-05-29 12:00:00;108779.83;108797.25;106474;107019.89
2025-05-29 08:00:00;107880.73;108891.91;107681.81;108779.84
2025-05-29 04:00:00;108044.87;108106.94;106948.01;107880.72
2025-05-29 00:00:00;107781.78;108484.61;107421.12;108044.88
2025-05-28 20:00:00;106946;108043.95;106769.43;107781.78
2025-05-28 16:00:00;107107.31;107842.29;106938.24;106946.01
2025-05-28 12:00:00;108870.39;109053.39;107045.45;107107.31
2025-05-28 08:00:00;108816.44;109130.44;108258.01;108870.38
2025-05-28 04:00:00;108863.64;109089.68;108624.43;108816.44
2025-05-28 00:00:00;108938.17;109284.7;108400;108863.64
2025-05-27 20:00:00;109877.87;109897.49;108600;108938.17
2025-05-27 16:00:00;110140.11;110499.64;109574.46;109877.87
2025-05-27 12:00:00;109585.49;110718;108670.29;110140.11
2025-05-27 08:00:00;109540;109899;109428.98;109585.49
2025-05-27 04:00:00;108892.15;109636.37;108550;109547.16
2025-05-27 00:00:00;109434.78;109666;107516.57;108892.16
2025-05-26 20:00:00;109130.44;109888.89;108940;109434.79
2025-05-26 16:00:00;110009.83;110422.22;108858.28;109130.44
2025-05-26 12:00:00;109772.73;110420.74;109494.74;110009.82
2025-05-26 08:00:00;110094.62;110173.92;109556.69;109772.72
2025-05-26 04:00:00;109623.54;110228.11;109365.29;110094.62
2025-05-26 00:00:00;109004.2;109844.91;108670.58;109623.53
2025-05-25 20:00:00;107717.02;109299.99;107176;109004.19
2025-05-25 16:00:00;106967.97;107940.95;106640.52;107717.01
2025-05-25 12:00:00;107259.99;107743.34;106600.64;106967.97
2025-05-25 08:00:00;107681.82;107700.65;106708.98;107260
2025-05-25 04:00:00;108095.76;108288.69;107454.54;107681.81
2025-05-25 00:00:00;107761.9;108257.14;107206;108095.75
2025-05-24 20:00:00;108960;109125;107500;107761.91
2025-05-24 16:00:00;108929.71;109200;108682.36;108960
2025-05-24 12:00:00;109208.57;109282.81;108540;108929.7
2025-05-24 08:00:00;107587.75;109506.03;107587.74;109208.56
2025-05-24 04:00:00;108366.31;108582.33;107566.37;107587.75
2025-05-24 00:00:00;107318.3;108367.54;106875.41;108366.3
2025-05-23 20:00:00;108714.01;108727.28;106800;107318.3
2025-05-23 16:00:00;108940;109809.53;108001;108716.07
2025-05-23 12:00:00;109076.36;109992.75;107316;108940
2025-05-23 08:00:00;110715.41;111381.61;108888;109076.35
2025-05-23 04:00:00;111100;111181.82;110407.89;110715.42
2025-05-23 00:00:00;111696.22;111800;111000.13;111100.01
2025-05-22 20:00:00;111188;111717.34;110763.27;111696.21
2025-05-22 16:00:00;111290.85;111980;110916.4;111188
2025-05-22 12:00:00;110981.98;111626.43;110550;111290.86
2025-05-22 08:00:00;111045.45;111326.2;110272.72;110981.97
2025-05-22 04:00:00;111780.84;111795.04;110461.87;111045.45
2025-05-22 00:00:00;109643.99;111880;109177.37;111780.84
2025-05-21 20:00:00;108603.79;110797.38;107725;109643.99
2025-05-21 16:00:00;108973.34;109845;106117.67;108603.79
2025-05-21 12:00:00;106546.43;109458;106329.47;108973.35
2025-05-21 08:00:00;106527.17;106797.98;106100.01;106546.44
2025-05-21 04:00:00;106843.6;107985.05;106454.54;106527.16
2025-05-21 00:00:00;106850;107206.94;106186.79;106843.59
2025-05-20 20:00:00;107026.47;107320;105935.83;106849.99
2025-05-20 16:00:00;105333.67;107238.37;105090.9;107026.47
2025-05-20 12:00:00;105203.75;105391.27;104184.72;105333.68
2025-05-20 08:00:00;105021.7;105416.66;104847.16;105203.76
2025-05-20 04:00:00;105761.92;106399;104928.44;105021.71
2025-05-20 00:00:00;105573.73;106853.27;105533.01;105761.92
2025-05-19 20:00:00;105517.64;105829.99;105016.27;105573.74
2025-05-19 16:00:00;104786.42;105561.76;104491.53;105517.7
2025-05-19 12:00:00;102963.4;104968.75;102126.16;104786.41
2025-05-19 08:00:00;103226.29;103425.53;102782.6;102963.41
2025-05-19 04:00:00;103605.9;103779.99;102000;103226.29
2025-05-19 00:00:00;106454.27;107108.62;103534.47;103605.88
2025-05-18 20:00:00;103883.98;106660;103285.71;106454.26
2025-05-18 16:00:00;105518;105980;103851.01;103883.97
2025-05-18 12:00:00;103800.55;105680;103701.4;105518
2025-05-18 08:00:00;103919.39;104088.2;103800;103800.54
2025-05-18 04:00:00;103295.7;103988;103295.69;103919.39
2025-05-18 00:00:00;103126.65;103409.98;103105.09;103295.7
2025-05-17 20:00:00;103158.6;103477.87;102900.72;103126.65
2025-05-17 16:00:00;102939.52;103350;102761.9;103158.6
2025-05-17 12:00:00;102994.18;103180;102640.02;102939.53
2025-05-17 08:00:00;103451.13;103568.58;102753.67;102994.17
2025-05-17 04:00:00;103508.48;103709.86;103285.71;103451.14
2025-05-17 00:00:00;103463.9;103600;102612.5;103508.48
2025-05-16 20:00:00;104032.6;104032.6;103397.5;103463.9
2025-05-16 16:00:00;104183.32;104550.33;103587;104032.6
2025-05-16 12:00:00;103651.72;104286;103343.07;104183.33
2025-05-16 08:00:00;103710.17;103900;103100.49;103651.71
2025-05-16 04:00:00;104023.49;104190.48;103694.18;103710.17
2025-05-16 00:00:00;103763.71;104466.01;103467.91;104023.49
2025-05-15 20:00:00;103157.26;103980.84;102708.46;103763.71
2025-05-15 16:00:00;103251.36;104192.7;102552.35;103157.26
2025-05-15 12:00:00;102371.62;103291.99;101383.07;103251.35
2025-05-15 08:00:00;101779.99;102441;101500;102371.61
2025-05-15 04:00:00;102753.62;102962.38;101724.17;101779.99
2025-05-15 00:00:00;103507.83;103866.51;102720;102753.63
2025-05-14 20:00:00;103321.73;103667.52;103304.66;103507.82
2025-05-14 16:00:00;103514.24;103720.44;102602.05;103321.72
2025-05-14 12:00:00;103944.93;104356.95;102833.55;103514.24
2025-05-14 08:00:00;103716.55;104145;102875.22;103944.93
2025-05-14 04:00:00;103587.44;103971;103381.02;103716.55
2025-05-14 00:00:00;104103.72;104115.86;103453.26;103587.44
2025-05-13 20:00:00;104792.21;104928;103869.01;104103.72
2025-05-13 16:00:00;103682.54;104976.25;103532.18;104792.22
2025-05-13 12:00:00;103729.2;103966;102811.32;103682.55
2025-05-13 08:00:00;102665.5;103822.03;102540.18;103729.2
2025-05-13 04:00:00;101719.4;102943.28;101610.56;102665.5
2025-05-13 00:00:00;102791.32;102791.32;101429.7;101719.4
2025-05-12 20:00:00;101859.99;103127.92;101770.2;102791.32
2025-05-12 16:00:00;102527.27;103088.88;100718.37;101860
2025-05-12 12:00:00;103762.89;104629.96;102388;102527.26
2025-05-12 08:00:00;104467.99;104736.45;103625;103762.9
2025-05-12 04:00:00;104100.13;105819.45;103750;104467.99
2025-05-12 00:00:00;104118;105086.42;103702.15;104100.13
2025-05-11 20:00:00;104420;104578.62;103569.77;104118
2025-05-11 16:00:00;104150;104832.82;103750;104420
2025-05-11 12:00:00;104652.01;104888;103775.91;104150
2025-05-11 08:00:00;103385.46;104777;103380.95;104652.01
2025-05-11 04:00:00;104007.03;104400;103345.06;103385.47
2025-05-11 00:00:00;104809.53;104972;103466.05;104007.03
2025-05-10 20:00:00;103191.35;104984.57;103068.87;104809.53
2025-05-10 16:00:00;103138.76;103619.68;103005.33;103191.35
2025-05-10 12:00:00;103434.94;103825.4;103100;103138.77
2025-05-10 08:00:00;103759.71;104079.37;103366;103434.94
2025-05-10 04:00:00;103226.25;104100;103034.5;103759.71
2025-05-10 00:00:00;102971.99;103265.82;102818.76;103226.24
2025-05-09 20:00:00;103189.17;103408;102727.25;102971.99
2025-05-09 16:00:00;102895.99;103370.54;102315.14;103189.17
2025-05-09 12:00:00;102958.31;103793.66;102411.99;102895.99
2025-05-09 08:00:00;103628.76;103930;102421;102958.31
2025-05-09 04:00:00;102451.04;104361.3;102374.03;103628.77
2025-05-09 00:00:00;103261.61;103268.44;102364;102451.04
2025-05-08 20:00:00;101300;104145.76;101285.71;103261.6
2025-05-08 16:00:00;100758.08;101707.02;100596;101299.99
2025-05-08 12:00:00;99409.15;101525.03;99090.66;100758.08
2025-05-08 08:00:00;99252.34;99888;99209.04;99409.14
2025-05-08 04:00:00;99152.79;99419;98723.25;99252.34
2025-05-08 00:00:00;97030.5;99222.22;96876.29;99152.79
2025-05-07 20:00:00;96180;97390;96076.92;97030.5
2025-05-07 16:00:00;96923.91;96961.04;95784.61;96180.01
2025-05-07 12:00:00;97047.43;97478.27;96713.14;96923.91
2025-05-07 08:00:00;96994.82;97111;96833.33;97047.43
2025-05-07 04:00:00;96506.9;97013.53;96310.89;96994.82
2025-05-07 00:00:00;96834.02;97732;96208.1;96506.9
2025-05-06 20:00:00;94963.5;96920.65;94452.75;96834.02
2025-05-06 16:00:00;94558.94;95157;94216;94963.5
2025-05-06 12:00:00;93812.53;94733.38;93377;94558.95
2025-05-06 08:00:00;94400.98;94400.99;93720.63;93812.54
2025-05-06 04:00:00;94454.01;94638.01;94308.63;94400.99
2025-05-06 00:00:00;94733.68;94926.99;94012.78;94454.01
2025-05-05 20:00:00;94347.16;95199;93876;94733.68
2025-05-05 16:00:00;93770.32;94900;93759.63;94347.17
2025-05-05 12:00:00;94038.19;94531.74;93613.66;93770.31
2025-05-05 08:00:00;94761.91;94798.01;93888;94038.18
2025-05-05 04:00:00;94031.47;94825.46;94020.66;94761.91
2025-05-05 00:00:00;94277.61;94808.4;93514.1;94031.47
2025-05-04 20:00:00;95584.07;95758.08;94151.38;94277.62
2025-05-04 16:00:00;95467.6;95640.98;95239.33;95584.07
2025-05-04 12:00:00;95423.19;95690.48;95209.07;95467.6
2025-05-04 08:00:00;95879.99;95923.54;95286.78;95423.2
2025-05-04 04:00:00;95722.22;96142.86;95692.7;95879.99
2025-05-04 00:00:00;95856.42;96304.48;95588;95722.23
2025-05-03 20:00:00;96354.34;96441.49;95753.01;95856.42
2025-05-03 16:00:00;96418.68;96428.33;95869.68;96354.34
2025-05-03 12:00:00;95942.01;96509.44;95880.65;96418.68
2025-05-03 08:00:00;96322.68;96421.91;95852.29;95942.02
2025-05-03 04:00:00;96337.5;96593;96132.67;96322.68
2025-05-03 00:00:00;96887.13;96935.67;96300.02;96337.5
2025-05-02 20:00:00;96924.23;97136;96561.57;96887.14
2025-05-02 16:00:00;97330.19;97783.02;96769.84;96924.23
2025-05-02 12:00:00;96928.97;97895.68;96650.94;97330.19
2025-05-02 08:00:00;96350.01;97100;96350;96928.97
2025-05-02 04:00:00;97102.32;97309.78;96350;96350
2025-05-02 00:00:00;96489.9;97233.1;96466.21;97102.32
2025-05-01 20:00:00;96523.26;96885.77;96184.19;96489.91
2025-05-01 16:00:00;96854.31;97367.26;96424.44;96523.26
2025-05-01 12:00:00;96180.01;97424.02;95769.66;96854.3
2025-05-01 08:00:00;95025.84;96396.31;94913.04;96180.01
2025-05-01 04:00:00;94782.6;95180;94714.38;95025.84
2025-05-01 00:00:00;94172;95040.3;94130.43;94782.6
2025-04-30 20:00:00;94152.01;94784.1;94005;94172
2025-04-30 16:00:00;94004.63;94500;93528.71;94152.01
2025-04-30 12:00:00;95176.66;95214.9;92910;94004.63
2025-04-30 08:00:00;94620.99;95228.45;94527.58;95176.66
2025-04-30 04:00:00;95032.84;95180;94500;94620.99
2025-04-30 00:00:00;94256.82;95111.01;94136.48;95032.84
2025-04-29 20:00:00;95300.79;95408;93742.54;94256.82
2025-04-29 16:00:00;94843.1;95459.99;94658.99;95300.79
2025-04-29 12:00:00;95129.74;95300;94531.85;94843.1
2025-04-29 08:00:00;94917.61;95285.71;94743.01;95129.74
2025-04-29 04:00:00;94658.75;94960;94200;94917.61
2025-04-29 00:00:00;95011.18;95461.53;94443.7;94658.76
2025-04-28 20:00:00;94786.73;95180;94305.95;95011.18
2025-04-28 16:00:00;93833.5;94920;93444;94787.2
2025-04-28 12:00:00;95319.99;95630;93583.9;93833.51
2025-04-28 08:00:00;94692.49;95550;94339.48;95319.99
2025-04-28 04:00:00;93849.93;94800;93849.93;94692.49
2025-04-28 00:00:00;93749.29;93987.3;92800.01;93849.93
2025-04-27 20:00:00;94433.49;94545.45;93641.7;93749.3
2025-04-27 16:00:00;93901.09;94434.79;93727.08;94433.5
2025-04-27 12:00:00;93920;94173.91;93602.58;93901.08
2025-04-27 08:00:00;94065.99;94331.85;93883.81;93920.01
2025-04-27 04:00:00;94156.22;94288.65;93655;94065.98
2025-04-27 00:00:00;94628;95369;94041.6;94156.21
2025-04-26 20:00:00;94307.51;94888;94087;94628
2025-04-26 16:00:00;94373.24;94378.87;94041;94307.5
2025-04-26 12:00:00;94144.07;94394;93870.69;94373.24
2025-04-26 08:00:00;94570.31;94733.54;93990.6;94144.06
2025-04-26 04:00:00;94739.99;94830.93;94380.72;94570.31
2025-04-26 00:00:00;94638.68;95199;94527.84;94739.99
2025-04-25 20:00:00;95291;95345.45;94441.61;94638.68
2025-04-25 16:00:00;95061.21;95554.99;94370.35;95291
2025-04-25 12:00:00;94635.67;95758.04;93929.41;95061.22
2025-04-25 08:00:00;93772.27;94660;93539.82;94635.67
2025-04-25 04:00:00;93311.83;93860;93013.56;93772.26
2025-04-25 00:00:00;93980.47;94444;92855.96;93311.83
2025-04-24 20:00:00;93556.12;94005;93024;93980.47
2025-04-24 16:00:00;93202.52;93649.56;92666.62;93556.12
2025-04-24 12:00:00;92619.94;93450;92434.78;93202.51
2025-04-24 08:00:00;92203.54;92657.69;91660.01;92619.94
2025-04-24 04:00:00;92673.95;92903.94;92101.63;92203.55
2025-04-24 00:00:00;93691.07;93787.65;92650;92673.95
2025-04-23 20:00:00;93497.88;93917.53;93238.1;93691.08
2025-04-23 16:00:00;93195.28;94219.93;92913.04;93497.88
2025-04-23 12:00:00;93466.01;94696.05;91935.41;93195.28
2025-04-23 08:00:00;94133.82;94521.79;93324.45;93466.01
2025-04-23 04:00:00;93168.91;94264;93017.46;94133.82
2025-04-23 00:00:00;93442.99;93909.05;92580.18;93168.91
2025-04-22 20:00:00;91414.78;93888;91060;93442.99
2025-04-22 16:00:00;90934.61;91695;90624.03;91414.79
2025-04-22 12:00:00;88614.09;91439.46;88482;90934.61
2025-04-22 08:00:00;88476.82;88701.93;88241.33;88614.1
2025-04-22 04:00:00;88157.55;88486;87953.86;88476.83
2025-04-22 00:00:00;87516.22;88877;87076.03;88157.55
2025-04-21 20:00:00;87415.09;87625.68;86887.15;87516.23
2025-04-21 16:00:00;88044.81;88270.88;86389.78;87415.1
2025-04-21 12:00:00;86971.92;88465.99;86779.97;88044.8
2025-04-21 08:00:00;87434.79;87795.26;86644.29;86971.92
2025-04-21 04:00:00;87205.56;87738;87038;87434.78
2025-04-21 00:00:00;85179.24;87640;85144.76;87205.56
2025-04-20 20:00:00;84651.61;85298;84616.73;85179.24
2025-04-20 16:00:00;84344.65;84664.09;84272.74;84651.61
2025-04-20 12:00:00;84129.82;84664;84099.3;84344.66
2025-04-20 08:00:00;84784.01;84785;83949.52;84129.83
2025-04-20 04:00:00;85168.82;85248;84678.18;84784.01
2025-04-20 00:00:00;85077;85320.76;85050.27;85168.81
2025-04-19 20:00:00;85085.56;85367.93;85015.63;85077.01
2025-04-19 16:00:00;85191.18;85330.06;84694.49;85085.55
2025-04-19 12:00:00;85217.4;85677.99;85070;85191.19
2025-04-19 08:00:00;85217.38;85436.72;85115.45;85217.4
2025-04-19 04:00:00;84883.72;85300;84883.71;85217.39
2025-04-19 00:00:00;84474.7;84986.76;84364.45;84883.71
2025-04-18 20:00:00;84562.83;84684.49;84342.15;84474.69
2025-04-18 16:00:00;84374.6;84649.99;84303.96;84562.83
2025-04-18 12:00:00;84669.11;84769.95;84338;84374.59
2025-04-18 08:00:00;84654.68;84764;84472.25;84669.11
2025-04-18 04:00:00;84827.99;84838.52;84413.23;84654.68
2025-04-18 00:00:00;84947.92;85132.08;84724.6;84828
2025-04-17 20:00:00;84849.05;85140;84720.21;84947.91
2025-04-17 16:00:00;84531.72;85470.01;84393.59;84849.06
2025-04-17 12:00:00;84562;84862.93;83736.26;84531.71
2025-04-17 08:00:00;84669.98;84764.44;84191.17;84562
2025-04-17 04:00:00;83994.23;85053.38;83900;84669.98
2025-04-17 00:00:00;84030.38;84496;83814.48;83994.23
2025-04-16 20:00:00;84334;84679.53;84024;84030.38
2025-04-16 16:00:00;84846.58;85500;83275;84334.01
2025-04-16 12:00:00;84048.36;85270.27;83512.2;84846.58
2025-04-16 08:00:00;83363.17;84127.05;83140.89;84048.11
2025-04-16 04:00:00;83695.66;83814;83212.64;83363.17
2025-04-16 00:00:00;83643.99;83960;83111.64;83695.66
2025-04-15 20:00:00;83998.51;84235.85;83600;83643.99
2025-04-15 16:00:00;84918.15;85146.55;83921.19;83998.52
2025-04-15 12:00:00;85589.23;86496.42;84623.73;84918.14
2025-04-15 08:00:00;85716.77;86000;85351;85589.23
2025-04-15 04:00:00;85379.97;85879.1;85157.6;85716.77
2025-04-15 00:00:00;84591.58;85415.1;84347.97;85379.96
2025-04-14 20:00:00;84923.07;84971.7;84424.52;84591.58
2025-04-14 16:00:00;84101.16;85208.1;83863.63;84923.07
2025-04-14 12:00:00;84927.56;85799.99;83709.25;84101.16
2025-04-14 08:00:00;84580.77;84965.34;84250;84927.55
2025-04-14 04:00:00;84566.04;85110;84211.06;84580.76
2025-04-14 00:00:00;83760;85544.3;83678;84566.03
2025-04-13 20:00:00;83981.32;84446.31;83034.23;83760
2025-04-13 16:00:00;83849.66;84990.22;83050;83981.31
2025-04-13 12:00:00;84528.66;84700;83480.67;83849.66
2025-04-13 08:00:00;84413.1;84949.86;84216.15;84528.66
2025-04-13 04:00:00;85432.31;85436.68;84399.42;84413.1
2025-04-13 00:00:00;85276.91;86100;84724.91;85432.31
2025-04-12 20:00:00;84943.39;85905;84877.61;85276.9
2025-04-12 16:00:00;85008.4;85258.29;84421.95;84943.4
2025-04-12 12:00:00;83528.3;85402.9;83474.94;85008.4
2025-04-12 08:00:00;83724.92;84031.87;83305.91;83528.3
2025-04-12 04:00:00;82973.14;83830.62;82856.86;83724.92
2025-04-12 00:00:00;83423.83;83572;82792.95;82973.13
2025-04-11 20:00:00;83858.28;84300;83162;83423.84
2025-04-11 16:00:00;82521.74;84220;82015.08;83858.28
2025-04-11 12:00:00;82129.67;83333;81341.22;82521.74
2025-04-11 08:00:00;81266.76;82985.71;80782.43;82129.67
2025-04-11 04:00:00;80843;81440.73;80512.22;81266.76
2025-04-11 00:00:00;79607.3;80906.63;78969.58;80842.99
2025-04-10 20:00:00;79647.37;80035.54;79377.04;79607.3
2025-04-10 16:00:00;78757.24;80058.96;78464.36;79649.34
2025-04-10 12:00:00;81882;82466.35;78606.06;78757
2025-04-10 08:00:00;81595.81;82130.43;81349;81882.01
2025-04-10 04:00:00;81775.2;82344.3;81292.99;81595.81
2025-04-10 00:00:00;82615.22;82753.21;81472.84;81775.2
2025-04-09 20:00:00;82332.08;83588;81987.89;82615.22
2025-04-09 16:00:00;77258.01;82990;77136;82332.08
2025-04-09 12:00:00;76230.01;78318.46;76010.21;77258
2025-04-09 08:00:00;77694.12;77880;75756.86;76230.01
2025-04-09 04:00:00;75073.34;77979.3;75000;77694.12
2025-04-09 00:00:00;76322.42;76868.28;74620;75073.33
2025-04-08 20:00:00;76854.05;77285.5;76239.9;76322.42
2025-04-08 16:00:00;78498;78522.72;76334.65;76854.05
2025-04-08 12:00:00;79982;80375;78175.14;78497.99
2025-04-08 08:00:00;79496.01;80077.65;78819.65;79982
2025-04-08 04:00:00;79904;80413.49;79219.9;79496
2025-04-08 00:00:00;79163.24;80867.99;78772.14;79904
2025-04-07 20:00:00;78130.43;80218.88;78102.91;79163.24
2025-04-07 16:00:00;78479.91;79365.46;77313.2;78130.44
2025-04-07 12:00:00;76685.62;81243.58;75789.01;78479.9
2025-04-07 08:00:00;75126.01;77577.88;75085.74;76685.62
2025-04-07 04:00:00;77707.78;77984;74508;75126.01
2025-04-07 00:00:00;78430;79347.46;77354;77707.77
2025-04-06 20:00:00;79614.34;79890.16;77153.83;78430
2025-04-06 16:00:00;82548.36;82554.15;78694.99;79614.35
2025-04-06 12:00:00;82855.99;82981.14;82217.83;82548.36
2025-04-06 08:00:00;83024.97;83172;82666;82855.99
2025-04-06 04:00:00;83344.14;83533.01;83024.96;83024.96
2025-04-06 00:00:00;83537.99;83817.63;83163.45;83344.14
2025-04-05 20:00:00;82859.99;83688;82833;83537.99
2025-04-05 16:00:00;82618.25;83146;82607.05;82860
2025-04-05 12:00:00;83452.69;83550.68;82379.95;82618.26
2025-04-05 08:00:00;83525.33;83894.7;83359.64;83452.69
2025-04-05 04:00:00;83624.01;83868;83297.66;83525.34
2025-04-05 00:00:00;83889.87;84266;83395.46;83624.01
2025-04-04 20:00:00;84010;84450;83492.95;83889.87
2025-04-04 16:00:00;82860;84620.01;82736;84009.99
2025-04-04 12:00:00;82680.44;83716;81849.05;82860
2025-04-04 08:00:00;83992.85;84720;81659;82680.45
2025-04-04 04:00:00;82818.53;84000;82615.36;83992.85
2025-04-04 00:00:00;83213.09;83413.46;82577.63;82818.52
2025-04-03 20:00:00;82009.76;83332.2;81800;83213.09
2025-04-03 16:00:00;82039.32;82448.21;81540;82008.7
2025-04-03 12:00:00;83096.01;83147.95;81211.24;82039.31
2025-04-03 08:00:00;83456.76;83788.23;83047;83096.01
2025-04-03 04:00:00;83483.97;83735.85;83000;83456.75
2025-04-03 00:00:00;82516.28;83998.02;82175.98;83483.97
2025-04-02 20:00:00;86900.01;88500;82320;82516.29
2025-04-02 16:00:00;86757.67;87333;86186.19;86900.02
2025-04-02 12:00:00;84566.91;87333;84462.69;86757.67
2025-04-02 08:00:00;84426.32;85450;84262.73;84566.91
2025-04-02 04:00:00;84550;84726.42;83904.72;84426.33
2025-04-02 00:00:00;85158.35;85255.95;84504.21;84550
2025-04-01 20:00:00;84972;85579.46;84773.58;85158.34
2025-04-01 16:00:00;85280.88;85493;84720;84972.01
2025-04-01 12:00:00;83930.31;85499.55;82544;85280.87
2025-04-01 08:00:00;83445.5;84504.74;83410;83930.3
2025-04-01 04:00:00;82962.84;83597.07;82886.87;83445.5
2025-04-01 00:00:00;82550;83256.8;82432.74;82962.84
2025-03-31 20:00:00;82462.26;82886.8;82265.1;82550.01
2025-03-31 16:00:00;83418.78;83694.29;82400;82462.27
2025-03-31 12:00:00;82205.5;83943.08;81656;83418.78
2025-03-31 08:00:00;81933.51;82272;81290.88;82205.51
2025-03-31 04:00:00;81530;82305.57;81400;81933.51
2025-03-31 00:00:00;82390;82444.89;81278.52;81530
2025-03-30 20:00:00;82548.8;82757.7;81565;82389.99
2025-03-30 16:00:00;82729.57;82908.11;82050.4;82548.81
2025-03-30 12:00:00;83111.76;83268.05;82543.83;82729.57
2025-03-30 08:00:00;83076.58;83534.64;82975.36;83111.76
2025-03-30 04:00:00;83088.82;83321.16;82868.96;83076.59
2025-03-30 00:00:00;82648.53;83503.53;82500;83088.81
2025-03-29 20:00:00;82758.4;82787.29;82258.86;82648.54
2025-03-29 16:00:00;82414.22;82758.41;81644.81;82758.4
2025-03-29 12:00:00;82293.56;82882.01;82145.22;82414.23
2025-03-29 08:00:00;83731.83;83947.42;82007;82293.56
2025-03-29 04:00:00;84166.3;84258.45;83662.86;83731.82
2025-03-29 00:00:00;84424.38;84624.73;83709.67;84166.3
2025-03-28 20:00:00;83790.74;84538.69;83697.83;84424.38
2025-03-28 16:00:00;84051.15;84217.61;83585;83790.73
2025-03-28 12:00:00;85255.25;85609.74;83953.86;84051.16
2025-03-28 08:00:00;85212.98;85441.25;84800;85255.26
2025-03-28 04:00:00;86787.17;86832.64;85162.48;85212.99
2025-03-28 00:00:00;87232.01;87515.67;86750;86787.16
2025-03-27 20:00:00;87060.4;87728.27;86943.04;87232.01
2025-03-27 16:00:00;86974.07;87429.21;86796;87060.41
2025-03-27 12:00:00;86943.51;87575;85800;86974.07
2025-03-27 08:00:00;87399.99;87597.6;86787;86943.52
2025-03-27 04:00:00;87670.17;87691.34;87249.68;87399.99
2025-03-27 00:00:00;86909.17;87756.39;86796.26;87670.18
2025-03-26 20:00:00;86567.18;87404.34;86520.1;86909.17
2025-03-26 16:00:00;86752.52;87058.4;85860;86567.19
2025-03-26 12:00:00;87954.97;88000;86434.36;86752.52
2025-03-26 08:00:00;88140.45;88259.81;87837.49;87954.96
2025-03-26 04:00:00;87153.5;88275;87052;88140.45
2025-03-26 00:00:00;87392.88;87892.14;87030.56;87153.51
2025-03-25 20:00:00;88116.23;88539.63;87132.65;87392.87
2025-03-25 16:00:00;87774.37;88321.27;87588.59;88116.23
2025-03-25 12:00:00;87370.44;88258.8;86929.46;87774.37
2025-03-25 08:00:00;86436.82;87500;86406.49;87370.43
2025-03-25 04:00:00;86520.89;86879.77;86310;86436.82
2025-03-25 00:00:00;87498.16;87679.25;86330.66;86520.88
2025-03-24 20:00:00;88222.01;88481.14;87050.6;87498.16
2025-03-24 16:00:00;88350.01;88536;87690.59;88222
2025-03-24 12:00:00;87689.52;88765.43;87138.6;88350.01
2025-03-24 08:00:00;86874.52;87909.99;86838.76;87689.52
2025-03-24 04:00:00;86532.07;87300;86532.06;86874.52
2025-03-24 00:00:00;86082.5;86641.13;85519.09;86532.07
2025-03-23 20:00:00;85011.2;86129.64;84923.91;86082.5
2025-03-23 16:00:00;85189.41;85413.05;84800;85011.19
2025-03-23 12:00:00;84680;85254.17;84573.4;85189.41
2025-03-23 08:00:00;84279.82;85027.32;84263.05;84679.99
2025-03-23 04:00:00;84224.39;84328.24;84070.22;84279.82
2025-03-23 00:00:00;83840.59;84277.07;83809.75;84224.39
2025-03-22 20:00:00;84171.59;84204.19;83625.1;83840.59
2025-03-22 16:00:00;84109.08;84320;84063.53;84171.59
2025-03-22 12:00:00;84239.24;84296.39;83975.42;84109.09
2025-03-22 08:00:00;84274.71;84539.17;84109;84239.25
2025-03-22 04:00:00;84256.73;84429.09;84153.21;84274.72
2025-03-22 00:00:00;84088.79;84338.98;83989.58;84256.74
2025-03-21 20:00:00;83956.35;84584;83813.21;84088.79
2025-03-21 16:00:00;83565.47;84435.87;83379;83956.36
2025-03-21 12:00:00;84046.52;84358.51;83175.25;83565.48
2025-03-21 08:00:00;83937.99;84337.66;83732.09;84046.52
2025-03-21 04:00:00;84451.97;84798.93;83700.47;83937.98
2025-03-21 00:00:00;84223.38;84850.33;84180.09;84451.96
2025-03-20 20:00:00;84176.87;84609.21;83922.01;84223.39
2025-03-20 16:00:00;84691.27;84908;83655.23;84174.79
2025-03-20 12:00:00;85502.16;86532.04;84565.16;84691.76
2025-03-20 08:00:00;85816.39;86300;84755.14;85502.17
2025-03-20 04:00:00;85891.01;86013.05;85430.38;85816.39
2025-03-20 00:00:00;86845.93;87453.67;85619.56;85891.02
2025-03-19 20:00:00;85433.38;87000;85200.1;86845.94
2025-03-19 16:00:00;84733.05;85950;83578.32;85433.38
2025-03-19 12:00:00;83881.4;84888;83510.21;84733.05
2025-03-19 08:00:00;83190;84119.09;83178.74;83881.4
2025-03-19 04:00:00;83037.17;83364.16;82792.91;83190
2025-03-19 00:00:00;82715.03;83280;82547.16;83037.17
2025-03-18 20:00:00;82317.2;82810.95;81870.23;82715.03
2025-03-18 16:00:00;81610.22;82476.26;81245.65;82317.21
2025-03-18 12:00:00;82581.09;82821.6;81134.66;81610.21
2025-03-18 08:00:00;83163.81;83452.3;82500;82581.1
2025-03-18 04:00:00;83147.6;83280;82244.68;83163.81
2025-03-18 00:00:00;84010.02;84021.74;82960;83147.6
2025-03-17 20:00:00;84482.55;84506.8;83746.12;84010.03
2025-03-17 16:00:00;83531.07;84756.83;83103.6;84482.55
2025-03-17 12:00:00;83514.73;84000;82456;83531.06
2025-03-17 08:00:00;83567.88;83783.02;83220.11;83514.73
2025-03-17 04:00:00;83675.64;83869.77;82682.62;83567.87
2025-03-17 00:00:00;82574.52;83725.39;82523;83675.65
2025-03-16 20:00:00;83098.47;83453.01;81981.12;82574.53
2025-03-16 16:00:00;83320.83;85117.04;82562.36;83098.47
2025-03-16 12:00:00;82410.01;83508.95;82400;83320.83
2025-03-16 08:00:00;84273.95;84335.43;82381.46;82410.02
2025-03-16 04:00:00;84332.35;84418;83972.57;84273.96
2025-03-16 00:00:00;84338.44;84393.72;83733.86;84332.34
2025-03-15 20:00:00;84299.99;84467.7;84237.58;84338.44
2025-03-15 16:00:00;84346.03;84498.72;84076.92;84299.98
2025-03-15 12:00:00;84103.74;84499.74;84010.58;84346.02
2025-03-15 08:00:00;83827.32;84184.58;83618;84103.74
2025-03-15 04:00:00;84492;84559;83791.09;83827.31
2025-03-15 00:00:00;83983.19;84676.28;83964.57;84491.99
2025-03-14 20:00:00;84554;84554.01;83717.69;83983.2
2025-03-14 16:00:00;84724.58;84950;83949.19;84554
2025-03-14 12:00:00;83253.15;85309.71;82640.59;84724.58
2025-03-14 08:00:00;82170.84;83348.46;82170.84;83253.15
2025-03-14 04:00:00;81888.77;82454.5;81780.08;82170.85
2025-03-14 00:00:00;81115.78;82270.51;80818.84;81888.77
2025-03-13 20:00:00;80210.4;81484.23;80189.89;81115.78
2025-03-13 16:00:00;81044.72;81264.73;79939.9;80211.4
2025-03-13 12:00:00;82975.86;83900;80954.29;81044.72
2025-03-13 08:00:00;83152;83522.61;82400.04;82975.86
2025-03-13 04:00:00;83577.14;83709.03;82851;83151.99
2025-03-13 00:00:00;83680.12;84336.33;83312.92;83577.14
2025-03-12 20:00:00;82915.94;83887.26;82709.36;83680.12
2025-03-12 16:00:00;81738.97;83165.46;81626.64;82915.93
2025-03-12 12:00:00;83004.45;84539.85;80607.65;81738.97
2025-03-12 08:00:00;82447.78;83076.79;82000.29;83004.45
2025-03-12 04:00:00;82127.73;82541.47;81296;82447.79
2025-03-12 00:00:00;82932.99;83783.26;82100.61;82127.72
2025-03-11 20:00:00;83104.01;83306.87;82550.52;82932.99
2025-03-11 16:00:00;81232.23;83617.4;80609.96;83104.01
2025-03-11 12:00:00;81720.33;82225.21;79058;81232.24
2025-03-11 08:00:00;80424.94;82092.34;80325.22;81720.34
2025-03-11 04:00:00;79522.29;80614.89;79439.9;80424.95
2025-03-11 00:00:00;78595.86;79938.27;76606;79522.29
2025-03-10 20:00:00;79060.84;79886.03;78409.4;78595.86
2025-03-10 16:00:00;80043.84;80250;77459.91;79060.84
2025-03-10 12:00:00;83582;83771.94;79177.03;80043.85
2025-03-10 08:00:00;82318.78;84123.46;81151;83582
2025-03-10 04:00:00;82047.49;82797.95;81977.27;82318.77
2025-03-10 00:00:00;80734.48;82744;80037.62;82047.49
2025-03-09 20:00:00;82640.86;83539.66;80000;80734.37
2025-03-09 16:00:00;83080.4;83758.22;82223;82640.86
2025-03-09 12:00:00;85024;85058.34;82711.5;83080.41
2025-03-09 08:00:00;86004.61;86098;84625.01;85024.01
2025-03-09 04:00:00;86115.71;86158.83;85809.48;86004.61
2025-03-09 00:00:00;86222.46;86500;85939.85;86115.71
2025-03-08 20:00:00;86233.52;86500;85852.12;86222.45
2025-03-08 16:00:00;86400;86500;85661.76;86233.52
2025-03-08 12:00:00;85955.89;86627.51;85808.82;86400
2025-03-08 08:00:00;86197.14;86450.01;85762.72;85955.88
2025-03-08 04:00:00;85919.12;86662;85653.66;86197.14
2025-03-08 00:00:00;86801.74;86897.25;85218.47;85919.12
2025-03-07 20:00:00;87820.09;88511;85573.07;86801.75
2025-03-07 16:00:00;88457.99;89023.41;86554.77;87820.1
2025-03-07 12:00:00;88966.96;91100;88022.47;88457.99
2025-03-07 08:00:00;88365.19;89704;87985.3;88966.96
2025-03-07 04:00:00;86991.26;88612.96;86857.14;88365.18
2025-03-07 00:00:00;89931.88;91283.02;84667.03;86991.25
2025-03-06 20:00:00;88526.23;90781.2;88461.22;89931.89
2025-03-06 16:00:00;90820.69;91066.44;87836;88526.18
2025-03-06 12:00:00;91350;91457.03;89117.68;90820.69
2025-03-06 08:00:00;91346.49;91667.5;90613.17;91350
2025-03-06 04:00:00;91605.02;92810.64;91265.96;91346.48
2025-03-06 00:00:00;90606;92025;89986.73;91605.01
2025-03-05 20:00:00;89750;91000;89677.8;90606.01
2025-03-05 16:00:00;88344.25;90475.3;87600;89750
2025-03-05 12:00:00;89814.26;90933.82;87926.06;88344.25
2025-03-05 08:00:00;87619.49;90660;87600;89814.26
2025-03-05 04:00:00;86843.4;87727.27;86722.81;87619.49
2025-03-05 00:00:00;87281.98;87888.88;86334.53;86843.4
2025-03-04 20:00:00;88206.19;88967.52;86582.27;87281.98
2025-03-04 16:00:00;82985.05;88487.91;82013.11;88206.19
2025-03-04 12:00:00;83937.93;84977.65;81500;82985.06
2025-03-04 08:00:00;83186.4;84373.84;83040.29;83937.94
2025-03-04 04:00:00;83983.73;84581.6;83140;83186.4
2025-03-04 00:00:00;86221.16;86807.98;82464.84;83983.72
2025-03-03 20:00:00;85606.01;87038.46;85117.11;86220.61
2025-03-03 16:00:00;90035.38;91000;85555.45;85606
2025-03-03 12:00:00;92740;93721.37;89117;90035.37
2025-03-03 08:00:00;92363.58;92917.99;91142;92739.99
2025-03-03 04:00:00;92709.98;93361.46;91181;92363.58
2025-03-03 00:00:00;94269.99;94416.46;92433.5;92709.98
2025-03-02 20:00:00;93522.01;94883.51;93502;94270
2025-03-02 16:00:00;87428;95000;87278.51;93522
2025-03-02 12:00:00;86105.88;88673.09;85050.6;87427.99
2025-03-02 08:00:00;86232.42;86263.23;85633.13;86105.89
2025-03-02 04:00:00;85873.06;86589.97;85531.87;86232.42
2025-03-02 00:00:00;86064.54;86498;85611.79;85873.07
2025-03-01 20:00:00;85485.41;86262.74;85285.88;86064.53
2025-03-01 16:00:00;84800.01;85591.84;84700;85485.41
2025-03-01 12:00:00;84632.79;84943.08;84334.39;84800
2025-03-01 08:00:00;84740.16;85508.79;84382.62;84632.79
2025-03-01 04:00:00;85330.83;86558;84740.15;84740.15
2025-03-01 00:00:00;84349.95;85678.11;83824.78;85330.84
2025-02-28 20:00:00;84450;84795.03;83600;84349.94
2025-02-28 16:00:00;84005.05;85120;83196.71;84449.99
2025-02-28 12:00:00;80512.97;84425.89;80075.47;84005.05
2025-02-28 08:00:00;79204.6;80854.46;78258.52;80513.38
2025-02-28 04:00:00;80452.89;80969.69;78820.06;79204.59
2025-02-28 00:00:00;84708.57;84892.85;79532;80452.44
2025-02-27 20:00:00;84113.98;84927.84;82716.49;84708.58
2025-02-27 16:00:00;85500.84;85691.51;83614.75;84113.98
2025-02-27 12:00:00;86698.6;86795.9;84640.75;85500.84
2025-02-27 08:00:00;86272.01;87078.46;85846.87;86698.6
2025-02-27 04:00:00;85226.32;86737;84694.29;86272.01
2025-02-27 00:00:00;84250.09;85466.55;84026.96;85226.32
2025-02-26 20:00:00;83856.98;85400;82256.01;84250.09
2025-02-26 16:00:00;87567.53;87806.62;83418;83856.99
2025-02-26 12:00:00;88616.8;88674;85418.72;87567.53
2025-02-26 08:00:00;88720.01;89314.45;88138;88616.8
2025-02-26 04:00:00;88900.01;89245.29;88392.45;88720.02
2025-02-26 00:00:00;88680.39;89414.15;88148.48;88900
2025-02-25 20:00:00;87947.24;89460.17;87622.64;88680.4
2025-02-25 16:00:00;87231.63;88065.45;86157.69;87947.25
2025-02-25 12:00:00;89239.39;89544.4;86050.99;87231.26
2025-02-25 08:00:00;89320.01;90000;86888.1;89239.39
2025-02-25 04:00:00;92153.93;92327.88;88200;89320.01
2025-02-25 00:00:00;91552.88;92540.69;90912.01;92153.93
2025-02-24 20:00:00;93943.52;94571.43;91349.26;91552.88
2025-02-24 16:00:00;94323.95;95194.59;93666.22;93943.51
2025-02-24 12:00:00;95821.45;96095.32;93817.06;94323.95
2025-02-24 08:00:00;95872.02;96177.18;95355;95821.45
2025-02-24 04:00:00;95433.21;95945;95078.01;95872.02
2025-02-24 00:00:00;96258;96500;95311;95433.21
2025-02-23 20:00:00;95756;96332.44;95522.78;96258
2025-02-23 16:00:00;95436.19;95876;95227.94;95755.99
2025-02-23 12:00:00;96115.99;96158.5;95414.25;95436.18
2025-02-23 08:00:00;96508.85;96508.86;96083.33;96115.99
2025-02-23 04:00:00;96414;96558.01;96143.99;96508.85
2025-02-23 00:00:00;96551.01;96650;96355.17;96414
2025-02-22 20:00:00;96640;96700;96472.22;96551.01
2025-02-22 16:00:00;96592.01;96823.53;96345.49;96639.99
2025-02-22 12:00:00;96580;96980;96485.37;96592
2025-02-22 08:00:00;96288.09;96611.53;96151;96580
2025-02-22 04:00:00;96299.08;96578.99;96273.85;96288.09
2025-02-22 00:00:00;96181.99;96455.97;95770.49;96299.07
2025-02-21 20:00:00;95285.11;96202.68;94871.95;96181.98
2025-02-21 16:00:00;98104.04;98757;95247.15;95285.11
2025-02-21 12:00:00;98629.31;99475;97177.31;98104.04
2025-02-21 08:00:00;98179.77;98896.81;98111.11;98629.3
2025-02-21 04:00:00;98141.99;98610.17;98117.73;98179.76
2025-02-21 00:00:00;98305.01;98505;98084.06;98141.99
2025-02-20 20:00:00;98422.8;98711.36;98000;98305
2025-02-20 16:00:00;96903.76;98518;96888;98422.8
2025-02-20 12:00:00;97207.93;98062.15;96799.42;96903.77
2025-02-20 08:00:00;96867.92;97384.03;96801.61;97207.92
2025-02-20 04:00:00;97055.24;97339.11;96781.57;96867.92
2025-02-20 00:00:00;96644.37;97362.83;96415.09;97055.25
2025-02-19 20:00:00;96206.54;96899.99;96058.38;96644.37
2025-02-19 16:00:00;95943.74;96480;95407.41;96206.54
2025-02-19 12:00:00;96422.6;96700;95536.36;95943.74
2025-02-19 08:00:00;95687.71;96468.99;95616.6;96422.6
2025-02-19 04:00:00;95710.25;95846.15;95029.99;95687.71
2025-02-19 00:00:00;95671.74;95961.54;95055;95710.26
2025-02-18 20:00:00;94104.15;95685;93730.72;95671.74
2025-02-18 16:00:00;95546.49;95633.15;93388.09;94104.14
2025-02-18 12:00:00;95640.35;96753.91;95200;95546.48
2025-02-18 08:00:00;95456.92;95872.17;95050;95640.34
2025-02-18 04:00:00;96200;96300.73;95254.12;95456.93
2025-02-18 00:00:00;95780.01;96322.97;95538.01;96200
2025-02-17 20:00:00;95531.36;96413.43;95488.9;95780
2025-02-17 16:00:00;95659.45;95945.49;95205;95531.36
2025-02-17 12:00:00;96063.17;97046.59;95564;95659.46
2025-02-17 08:00:00;96068.21;96395.68;95937.05;96063.18
2025-02-17 04:00:00;96215.32;96463.2;95800;96068.22
2025-02-17 00:00:00;96118.12;96638.05;96023.17;96215.33
2025-02-16 20:00:00;97058.47;97282.38;96046.18;96118.12
2025-02-16 16:00:00;96911.01;97169.15;96609.05;97058.47
2025-02-16 12:00:00;97335.99;97336;96645.35;96911.01
2025-02-16 08:00:00;97248.98;97388.89;97061.58;97336
2025-02-16 04:00:00;97547.17;97682.04;97212;97248.98
2025-02-16 00:00:00;97569.67;97704.47;97411.11;97547.17
2025-02-15 20:00:00;97531.91;97741.35;97414.05;97569.66
2025-02-15 16:00:00;97633.21;97714.39;97304.38;97531.9
2025-02-15 12:00:00;97615.59;97962.51;97426.57;97633.22
2025-02-15 08:00:00;97346.27;97731.09;97301.77;97615.59
2025-02-15 04:00:00;97653.19;97780.73;97345.5;97346.26
2025-02-15 00:00:00;97500.47;97972.26;97223.58;97653.19
2025-02-14 20:00:00;97940.44;98264.85;96697.56;97500.48
2025-02-14 16:00:00;96924.57;98826;96494.17;97940.45
2025-02-14 12:00:00;96887.55;97568.28;96252.82;96924.39
2025-02-14 08:00:00;96944.09;97196;96799.99;96887.56
2025-02-14 04:00:00;97129.98;97248.6;96561.36;96944.09
2025-02-14 00:00:00;96608.13;97190;96356.41;97129.98
2025-02-13 20:00:00;95627.75;96774.71;95600;96608.14
2025-02-13 16:00:00;95998;96361.58;95217.36;95627.76
2025-02-13 12:00:00;95925.12;96480.06;95336;95998
2025-02-13 08:00:00;96070.23;96336;95599.57;95925.11
2025-02-13 04:00:00;97498.43;97564.83;95800;96070.23
2025-02-13 00:00:00;97870;98083.91;97367.45;97498.42
2025-02-12 20:00:00;97205.06;98119.99;96854.97;97869.99
2025-02-12 16:00:00;95816.18;97700;95120.3;97205.06
2025-02-12 12:00:00;96094.65;96631.66;94088.23;95816.18
2025-02-12 08:00:00;96069.58;96469.78;95913.49;96094.65
2025-02-12 04:00:00;95299.28;96188.68;95267.71;96069.58
2025-02-12 00:00:00;95778.21;96263.99;95100;95299.27
2025-02-11 20:00:00;95040.81;96512.7;94928.47;95778.2
2025-02-11 16:00:00;97007.54;97045.53;94876.88;95040.82
2025-02-11 12:00:00;98151.51;98158.89;96595.33;97007.53
2025-02-11 08:00:00;98268.98;98330;97885.62;98151.52
2025-02-11 04:00:00;97607.31;98478.42;97558.99;98268.97
2025-02-11 00:00:00;97430.82;98149.92;97416.62;97607.3
2025-02-10 20:00:00;97376;97490.71;97128.79;97430.82
2025-02-10 16:00:00;97218.68;97643.29;96866.39;97376
2025-02-10 12:00:00;97661.15;98345;96866.66;97218.69
2025-02-10 08:00:00;97429.83;97954.69;97358.79;97661.16
2025-02-10 04:00:00;96814.97;97640.02;96632.81;97429.83
2025-02-10 00:00:00;96462.75;97131.47;95256;96814.98
2025-02-09 20:00:00;96064.73;96760;94713;96462.75
2025-02-09 16:00:00;96488.14;96567.8;95888.88;96064.74
2025-02-09 12:00:00;96554.01;96703.99;95700;96488.15
2025-02-09 08:00:00;97057.83;97294.46;96509.96;96554.01
2025-02-09 04:00:00;97299.99;97323.09;96777.77;97057.83
2025-02-09 00:00:00;96444.75;97300;96360.14;97300
2025-02-08 20:00:00;96579.99;96712;96358.5;96444.74
2025-02-08 16:00:00;95843.74;96750;95749.88;96579.99
2025-02-08 12:00:00;96120;96517.52;95688;95843.74
2025-02-08 08:00:00;96209.92;96293.48;95865.71;96120
2025-02-08 04:00:00;96699.24;96699.24;95785.09;96209.92
2025-02-08 00:00:00;96506.8;96880;96335.42;96699.23
2025-02-07 20:00:00;96898.56;96944.1;95620.34;96506.8
2025-02-07 16:00:00;98283.98;98563.55;96856.78;96898.56
2025-02-07 12:00:00;97749.99;100137.99;97165.51;98283.98
2025-02-07 08:00:00;96757.04;97750;96613.24;97750
2025-02-07 04:00:00;97444.04;97883.12;96566;96757.05
2025-02-07 00:00:00;96554.35;97805.6;96409.65;97444.04
2025-02-06 20:00:00;95982.99;97093.5;95800;96554.35
2025-02-06 16:00:00;97333.09;97547.71;95676.64;95983
2025-02-06 12:00:00;98877.99;99040.09;96930.17;97333.09
2025-02-06 08:00:00;98195.6;99120;97910.01;98877.99
2025-02-06 04:00:00;97355.66;98436.61;97273.71;98195.61
2025-02-06 00:00:00;96612.44;97493.07;96430.78;97355.67
2025-02-05 20:00:00;97370;97706.37;96155;96612.43
2025-02-05 16:00:00;98116.24;98277.02;96500;97370
2025-02-05 12:00:00;98198;99149;97734.69;98116.24
2025-02-05 08:00:00;97864.43;98256;97257.05;98198
2025-02-05 04:00:00;98040.01;98332.41;97352.77;97864.43
2025-02-05 00:00:00;97763.14;98930.44;97131.43;98040
2025-02-04 20:00:00;98859.78;99444.02;96150;97763.13
2025-02-04 16:00:00;99347.18;100777.93;98778.58;98859.77
2025-02-04 12:00:00;98967.7;100415;98275.98;99347.19
2025-02-04 08:00:00;98448.01;99445.17;97860;98967.7
2025-02-04 04:00:00;100629.7;100764.11;98229.82;98448.02
2025-02-04 00:00:00;101328.51;101732.31;100534.03;100629.7
2025-02-03 20:00:00;101879.99;102500.01;100918;101328.52
2025-02-03 16:00:00;98842;101880;98038.58;101880
2025-02-03 12:00:00;95107.89;99500;94131.14;98842
2025-02-03 08:00:00;95333.01;95950.68;94799.29;95107.89
2025-02-03 04:00:00;94038.75;95426.63;92646.36;95333.01
2025-02-03 00:00:00;97700.59;97782.79;91231;94038.74
2025-02-02 20:00:00;98273.17;98628.74;96150;97700.59
2025-02-02 16:00:00;99346.87;99361.97;96821.54;98273.16
2025-02-02 12:00:00;98864.6;99439.05;98157;99346.87
2025-02-02 08:00:00;99643.3;100100;98645;98864.6
2025-02-02 04:00:00;99206.85;100515.99;99031.19;99643.3
2025-02-02 00:00:00;100635.66;101456.6;99148.91;99206.86
2025-02-01 20:00:00;101669.6;101669.6;100279.51;100635.65
2025-02-01 16:00:00;102073.89;102297.99;101448;101669.6
2025-02-01 12:00:00;102028.82;102329.01;101730.79;102073.89
2025-02-01 08:00:00;102166.49;102276.99;101412;102028.81
2025-02-01 04:00:00;102249.19;102588.57;102118.56;102166.49
2025-02-01 00:00:00;102429.56;102783.71;102198.52;102249.19
2025-01-31 20:00:00;102312.31;102482.94;101560;102429.56
2025-01-31 16:00:00;105464;105574.4;102122;102312.32
2025-01-31 12:00:00;104736.01;106012;104106;105464.01
2025-01-31 08:00:00;104188.57;104848.65;103936.54;104736
2025-01-31 04:00:00;104344.46;104814.46;103972.13;104188.56
2025-01-31 00:00:00;104722.94;105029.72;103930.09;104344.46
2025-01-30 20:00:00;105711.28;105821.62;104693.82;104722.94
2025-01-30 16:00:00;105563.99;106013.01;104762.59;105711.27
2025-01-30 12:00:00;105300.63;106457.44;104660;105564
2025-01-30 08:00:00;105132.07;105534;104925.26;105300.63
2025-01-30 04:00:00;105196;105595.81;104799.66;105132.07
2025-01-30 00:00:00;103733.25;105300;103278.54;105196
2025-01-29 20:00:00;103584;104782.68;102868;103733.24
2025-01-29 16:00:00;101980.78;103999;101400.01;103583.99
2025-01-29 12:00:00;102646;102842.04;101582.37;101980.78
2025-01-29 08:00:00;102755.81;103000;102180.65;102646
2025-01-29 04:00:00;102038.21;102853.53;101955.51;102755.82
2025-01-29 00:00:00;101335.52;102319.69;101328.01;102038.2
2025-01-28 20:00:00;102424.24;102538;100272.68;101335.52
2025-01-28 16:00:00;102777.99;103108;101820.15;102424.24
2025-01-28 12:00:00;102762.02;103800;101815.26;102777.99
2025-01-28 08:00:00;102789.72;103181.82;102393.94;102762.01
2025-01-28 04:00:00;102636.32;103371.24;102527.39;102789.72
2025-01-28 00:00:00;102082.83;102892;101334.55;102636.32
2025-01-27 20:00:00;99700.01;102405;99606.46;102082.83
2025-01-27 16:00:00;101112.03;101250.56;98864;99700.02
2025-01-27 12:00:00;98761.12;102317.94;98714.28;101112.03
2025-01-27 08:00:00;99048.01;99533.33;98263.49;98761.13
2025-01-27 04:00:00;101395.64;101399.99;97777.77;99048.02
2025-01-27 00:00:00;102620.01;103260;100720.53;101395.64
2025-01-26 20:00:00;105081.64;105200;102520.44;102620
2025-01-26 16:00:00;104967.02;105260.36;104896;105081.63
2025-01-26 12:00:00;104818.68;105126.11;104703.58;104967.01
2025-01-26 08:00:00;104998.36;105221.36;104444.01;104818.69
2025-01-26 04:00:00;105062.41;105500;104950;104998.35
2025-01-26 00:00:00;104746.86;105273.24;104503.7;105062.42
2025-01-25 20:00:00;105055.16;105250;104696;104746.85
2025-01-25 16:00:00;104897.79;105286.52;104449.75;105055.16
2025-01-25 12:00:00;104670.99;105111.11;104456;104897.79
2025-01-25 08:00:00;104385.99;104700.01;104106.09;104670.99
2025-01-25 04:00:00;105202.4;105202.4;104216.81;104385.98
2025-01-25 00:00:00;104870.51;105280.82;104361.89;105202.4
2025-01-24 20:00:00;105760.93;105781;104456.89;104870.5
2025-01-24 16:00:00;105859.99;107120;105589;105760.94
2025-01-24 12:00:00;105420.11;106321.66;104669.17;105859.98
2025-01-24 08:00:00;105046.79;105759;104922.41;105420.1
2025-01-24 04:00:00;103891.75;105355;103804.77;105046.8
2025-01-24 00:00:00;103910.35;104298;102750;103891.75
2025-01-23 20:00:00;103770.05;106421.03;102195.7;103910.34
2025-01-23 16:00:00;105263.52;106850;103399.98;103770.04
2025-01-23 12:00:00;101944.5;106050.86;101281.62;105263.52
2025-01-23 08:00:00;102710.28;102724.94;101262.28;101944.49
2025-01-23 04:00:00;102461.24;102968.31;101575.5;102710.27
2025-01-23 00:00:00;103706.66;103819.99;102100;102461.25
2025-01-22 20:00:00;104630;104830.12;103611.66;103706.66
2025-01-22 16:00:00;104180.01;104754.64;103339.12;104630
2025-01-22 12:00:00;105100.38;105584.23;103662.58;104180.01
2025-01-22 08:00:00;105084.77;105464.83;104647.75;105100.39
2025-01-22 04:00:00;105600.01;105952;105043.88;105084.77
2025-01-22 00:00:00;106143.82;106394.46;105448.99;105600.01
2025-01-21 20:00:00;107031.34;107199.99;105420;106143.82
2025-01-21 16:00:00;103942.99;107240.81;103822.02;107031.34
2025-01-21 12:00:00;103758.25;105320;102803.43;103943
2025-01-21 08:00:00;101989.06;103973.02;101740.82;103758.25
2025-01-21 04:00:00;102936.01;102974.14;101111.68;101989.05
2025-01-21 00:00:00;102260;103260.1;100119.04;102936.01
2025-01-20 20:00:00;103691.64;104331;101701.01;102260.01
2025-01-20 16:00:00;104957.99;107050;100333;103691.63
2025-01-20 12:00:00;108239.19;108700.01;104480;104957.99
2025-01-20 08:00:00;107120.65;109193.23;107093.33;108239.19
2025-01-20 04:00:00;101891.94;109588;101535.28;107120.65
2025-01-20 00:00:00;101331.57;102321.42;99550;101891.93
2025-01-19 20:00:00;106200;106422.43;99651.6;101331.57
2025-01-19 16:00:00;104936.35;106200.74;104520.01;106200
2025-01-19 12:00:00;104363.24;105706.48;104300.75;104936.35
2025-01-19 08:00:00;105167.11;105496.03;103450.69;104363.23
2025-01-19 04:00:00;104984.01;105634.78;104191.19;105167.12
2025-01-19 00:00:00;104556.23;105458.55;104013.51;104984.01
2025-01-18 20:00:00;104382;104750;103765.44;104556.23
2025-01-18 16:00:00;104568.96;104719.29;103156.02;104382.01
2025-01-18 12:00:00;103589.29;104988.88;103107.65;104568.96
2025-01-18 08:00:00;102821.75;103883.01;102277.55;103589.29
2025-01-18 04:00:00;103559.82;103771.21;102602.48;102821.75
2025-01-18 00:00:00;104077.47;104656.87;103000.25;103559.82
2025-01-17 20:00:00;105834.93;105847.02;104065.25;104077.48
2025-01-17 16:00:00;104000;105865.22;103841.18;105834.93
2025-01-17 12:00:00;102237.6;104254.19;102195.9;104000
2025-01-17 08:00:00;101440.51;102581.45;101439.77;102237.6
2025-01-17 04:00:00;101051.73;101899.49;100952.1;101440.5
2025-01-17 00:00:00;99987.3;102148.13;99950.77;101051.73
2025-01-16 20:00:00;100417.2;100641.99;99377;99987.3
2025-01-16 16:00:00;99296.17;100448.72;99079.05;100417.2
2025-01-16 12:00:00;99158.7;99517.93;97335.13;99296.17
2025-01-16 08:00:00;99800;99820;98617.55;99158.71
2025-01-16 04:00:00;99478.04;99921.86;99322.19;99799.99
2025-01-16 00:00:00;100497.35;100866.66;99170;99478.03
2025-01-15 20:00:00;99844.91;100681.94;99460.8;100497.35
2025-01-15 16:00:00;98992.42;99990;98602.05;99844.9
2025-01-15 12:00:00;96762.19;99799.98;96539.77;98992.42
2025-01-15 08:00:00;97301.35;97524;96521;96762.18
2025-01-15 04:00:00;97317.12;97724.96;96750;97301.35
2025-01-15 00:00:00;96560.85;97554.63;96500;97317.12
2025-01-14 20:00:00;96537.23;96921.13;96152.31;96560.86
2025-01-14 16:00:00;96471.65;97088.57;95351.76;96537.8
2025-01-14 12:00:00;96548.04;97265.48;95748.93;96471.65
2025-01-14 08:00:00;94863.99;97371;94860.11;96548.04
2025-01-14 04:00:00;94861.39;95464.71;94753.42;94864
2025-01-14 00:00:00;94536.11;95280.8;94346.22;94861.4
2025-01-13 20:00:00;92312.18;94727.15;91908.2;94536.1
2025-01-13 16:00:00;92123.75;92534.1;91250;92312.18
2025-01-13 12:00:00;90851.23;93100;89256.69;92123.75
2025-01-13 08:00:00;93590.24;93661.55;90833.12;90851.22
2025-01-13 04:00:00;94269.23;94913.03;93281;93590.24
2025-01-13 00:00:00;94545.07;95940;93899.99;94269.23
2025-01-12 20:00:00;94650.26;94800;93800;94545.06
2025-01-12 16:00:00;95071.91;95314.12;94578.54;94650.26
2025-01-12 12:00:00;94255.1;95450.1;94173.48;95071.9
2025-01-12 08:00:00;94323.85;94393.57;93711.19;94255.1
2025-01-12 04:00:00;94622.4;94650;94274.01;94323.85
2025-01-12 00:00:00;94599.99;94699;94296.99;94622.4
2025-01-11 20:00:00;94249.27;95050.94;94200.89;94599.99
2025-01-11 16:00:00;94410.26;94708.12;93984.55;94249.26
2025-01-11 12:00:00;94625.66;94655.2;94307.25;94410.26
2025-01-11 08:00:00;94246.36;94791.67;94031.22;94625.65
2025-01-11 04:00:00;94206.96;94441.87;93831.73;94246.36
2025-01-11 00:00:00;94726.1;94746.37;94106.49;94206.95
2025-01-10 20:00:00;95327.07;95442.15;94586.02;94726.11
2025-01-10 16:00:00;93730.93;95836;93177.4;95327.06
2025-01-10 12:00:00;95073.95;95117.26;92206.02;93730.92
2025-01-10 08:00:00;94492.62;95293.4;94388.5;95073.95
2025-01-10 04:00:00;93696.13;95000;93500;94492.63
2025-01-10 00:00:00;92552.49;93727.83;92431.73;93696.13
2025-01-09 20:00:00;91909.59;92720.67;91203.67;92552.49
2025-01-09 16:00:00;94244.02;94685.25;91900.01;91909.59
2025-01-09 12:00:00;93465.23;94588.23;91800;94244.02
2025-01-09 08:00:00;93221.59;93877.46;92750;93465.23
2025-01-09 04:00:00;94027.91;94618.63;93186.38;93221.59
2025-01-09 00:00:00;95060.61;95382.32;93422.89;94027.9
2025-01-08 20:00:00;94243.89;95310.94;93600;95060.61
2025-01-08 16:00:00;95493.77;95555.25;92500.9;94243.89
2025-01-08 12:00:00;95134.92;96079.32;94624.43;95493.77
2025-01-08 08:00:00;95657.09;96132.47;94543.86;95134.92
2025-01-08 04:00:00;96525.2;96654.61;95250.76;95657.09
2025-01-08 00:00:00;96954.6;97268.65;96216.83;96525.2
2025-01-07 20:00:00;96451.99;97220.76;96181.81;96954.61
2025-01-07 16:00:00;97952.26;98347.81;96323.67;96451.98
2025-01-07 12:00:00;100830.86;100960.06;97153.5;97952.26
2025-01-07 08:00:00;101664.81;101995.64;100472.45;100830.86
2025-01-07 04:00:00;101708.09;102015.01;101582.79;101664.81
2025-01-07 00:00:00;102235.6;102724.38;101512.91;101708.08
2025-01-06 20:00:00;101817.22;102329.98;101600.05;102235.6
2025-01-06 16:00:00;102147.95;102480;101250;101817.22
2025-01-06 12:00:00;99259.99;102468.92;98711.94;102147.95
2025-01-06 08:00:00;99318.7;99625.69;98709.28;99259.99
2025-01-06 04:00:00;99037.57;99892;99037.57;99318.7
2025-01-06 00:00:00;98363.61;99333;97920;99037.57
2025-01-05 20:00:00;98079.64;98836.85;98024;98363.61
2025-01-05 16:00:00;98028.98;98332.54;97577.46;98079.63
2025-01-05 12:00:00;97641.62;98281.89;97276.79;98028.98
2025-01-05 08:00:00;98268.77;98268.78;97600;97641.63
2025-01-05 04:00:00;98187.97;98522.76;98187.96;98268.77
2025-01-05 00:00:00;98220.51;98391.59;98050;98187.96
2025-01-04 20:00:00;98166.26;98778.43;98143.2;98220.5
2025-01-04 16:00:00;97657.95;98350;97549.99;98166.26
2025-01-04 12:00:00;97889.4;98152.02;97514.79;97657.94
2025-01-04 08:00:00;98271.87;98306.22;97532.58;97889.39
2025-01-04 04:00:00;98200.01;98350.04;97862.87;98271.88
2025-01-04 00:00:00;98174.17;98314.15;97800;98200
2025-01-03 20:00:00;98592.02;98748;98067.99;98174.18
2025-01-03 16:00:00;97521.36;98976.91;97406.54;98592.01
2025-01-03 12:00:00;96757.57;97660;96472.43;97521.35
2025-01-03 08:00:00;96304;96830;96100.01;96757.58
2025-01-03 04:00:00;97062.3;97066.18;96280.65;96304
2025-01-03 00:00:00;96984.79;97342.44;96650;97062.3
2025-01-02 20:00:00;97317.74;97839.5;96666.66;96984.79
2025-01-02 16:00:00;96455.01;97777;96040.04;97317.74
2025-01-02 12:00:00;96733;97440.91;95924.6;96455.01
2025-01-02 08:00:00;95822.01;96876.38;95640.05;96732.99
2025-01-02 04:00:00;95010.34;96000;94984.84;95822
2025-01-02 00:00:00;94591.78;95516;94392;95010.33
2025-01-01 20:00:00;94627.08;95151.15;94542;94591.79
2025-01-01 16:00:00;94432.94;94823.75;93760.93;94627.07
2025-01-01 12:00:00;93444.65;94500;93407.07;94432.94
2025-01-01 08:00:00;93684.11;93756.02;92888;93444.64
2025-01-01 04:00:00;93838.04;93937.19;93500;93684.1
2025-01-01 00:00:00;93576;94509.42;93489.03;93838.04
2024-12-31 20:00:00;94166.88;94222.5;93375.38;93576
2024-12-31 16:00:00;95412;95590.52;93189.59;94166.88
2024-12-31 12:00:00;94232.68;96250;94232.67;95412
2024-12-31 08:00:00;92860.75;94741.68;92842.88;94232.68
2024-12-31 04:00:00;92509.6;93040.1;92344.07;92860.75
2024-12-31 00:00:00;92792.05;92907.03;92033.73;92509.59
2024-12-30 20:00:00;94417.04;95024.5;91901.57;92792.05
2024-12-30 16:00:00;92130.21;94684.09;91800;94417.04
2024-12-30 12:00:00;93923.14;94277.23;91530.45;92130.21
2024-12-30 08:00:00;93731.66;94068.56;93469.56;93923.14
2024-12-30 04:00:00;93722.72;94060.35;93240.03;93731.65
2024-12-30 00:00:00;93738.19;94274.29;93368.93;93722.71
2024-12-29 20:00:00;93612.89;93949.52;93009.52;93738.2
2024-12-29 16:00:00;94511.11;94578.89;93367.52;93612.89
2024-12-29 12:00:00;95032.58;95231.58;94010;94511.12
2024-12-29 08:00:00;95272.05;95315.5;95010;95032.57
2024-12-29 04:00:00;95172.41;95283.99;94971.44;95272.04
2024-12-29 00:00:00;95300;95340;94808;95172.4
2024-12-28 20:00:00;95027.75;95733.99;94878.26;95300
2024-12-28 16:00:00;94447.28;95245.24;94389.45;95027.76
2024-12-28 12:00:00;94754.83;95340.36;94375.8;94447.29
2024-12-28 08:00:00;94381.98;94883;94312.67;94754.83
2024-12-28 04:00:00;94594.91;94800;94307;94381.99
2024-12-28 00:00:00;94299.03;94720;94135.66;94594.91
2024-12-27 20:00:00;94750.11;94823.09;94100.6;94299.03
2024-12-27 16:00:00;94573.75;94996.16;93500.01;94750
2024-12-27 12:00:00;96952.38;97035.8;94011.11;94573.75
2024-12-27 08:00:00;95104.76;97544.58;95104.76;96952.38
2024-12-27 04:00:00;96417.84;96604.24;94646.03;95104.76
2024-12-27 00:00:00;95791.6;96443.68;95401.03;96417.84
2024-12-26 20:00:00;96102.24;96114.46;95302;95791.6
2024-12-26 16:00:00;96042.89;96621.95;95444.44;96102.25
2024-12-26 12:00:00;95695.81;96280.25;95234.93;96042.88
2024-12-26 08:00:00;97719.99;97772.13;95199.14;95695.81
2024-12-26 04:00:00;98995.18;98995.18;97711.17;97719.99
2024-12-26 00:00:00;99429.61;99963.7;98468.26;98995.17
2024-12-25 20:00:00;99018.52;99569.15;98384.61;99429.6
2024-12-25 16:00:00;98519.99;99299.99;98134.4;99018.52
2024-12-25 12:00:00;97907.61;98832.89;97632.02;98519.98
2024-12-25 08:00:00;98084.33;99349.31;97773.83;97907.61
2024-12-25 04:00:00;98029.49;98581.9;97844.18;98084.33
2024-12-25 00:00:00;98663.58;98878.44;97725.27;98029.48
2024-12-24 20:00:00;97581.1;99068.9;97250;98663.58
2024-12-24 16:00:00;98299.99;99487.99;97546.57;97581.09
2024-12-24 12:00:00;94398.6;98300;94075.1;98300
2024-12-24 08:00:00;94233.2;94635.7;93840;94398.6
2024-12-24 04:00:00;94348.75;94653.45;93810.45;94233.19
2024-12-24 00:00:00;94881.47;94881.47;93569.02;94348.75
2024-12-23 20:00:00;93044.79;95509.09;92520;94881.47
2024-12-23 16:00:00;93250.38;94260;92690;93044.79
2024-12-23 12:00:00;95932.41;96423;93107.52;93250.37
2024-12-23 08:00:00;95404.01;96538.92;95036.77;95932.42
2024-12-23 04:00:00;96025.15;96509.98;94705.07;95404.01
2024-12-23 00:00:00;95186.28;96043.99;93700.42;96025.15
2024-12-22 20:00:00;94836.55;95824;94250.35;95186.27
2024-12-22 16:00:00;95377.71;96444.45;94700;94836.55
2024-12-22 12:00:00;97101.29;97300;95109.13;95377.72
2024-12-22 08:00:00;96210.25;97351.57;96196.85;97101.28
2024-12-22 04:00:00;96994.37;97071.97;95890.28;96210.24
2024-12-22 00:00:00;97292;97448.08;96549.37;96994.37
2024-12-21 20:00:00;97269.03;98057.51;96539.91;97291.99
2024-12-21 16:00:00;97527.96;97723.18;96819.36;97269.03
2024-12-21 12:00:00;98262.08;98283.95;96398.39;97527.97
2024-12-21 08:00:00;99040;99187.95;97800;98262.08
2024-12-21 04:00:00;97487.47;99540.61;97378.5;99040
2024-12-21 00:00:00;97805.44;97813.59;97188.09;97487.46
2024-12-20 20:00:00;97116;97816.44;95393.84;97805.44
2024-12-20 16:00:00;96991.63;97748;96300;97116
2024-12-20 12:00:00;92723.99;97572;92232.54;96991.62
2024-12-20 08:00:00;97832.52;97864.91;92612.1;92723.98
2024-12-20 04:00:00;97106.02;98233;96374.03;97832.53
2024-12-20 00:00:00;97461.86;97814.09;96000;97106.02
2024-12-19 20:00:00;97199.72;98500;95700;97461.86
2024-12-19 16:00:00;100679.86;101200;96251.32;97199.72
2024-12-19 12:00:00;102450;102800.11;99500;100679.86
2024-12-19 08:00:00;101656.57;102609.72;101380.1;102449.99
2024-12-19 04:00:00;101193.15;101727.28;100629.99;101656.57
2024-12-19 00:00:00;100204.01;101310.25;98802;101193.15
2024-12-18 20:00:00;102817.82;102997.77;100000;100204.01
2024-12-18 16:00:00;104428.54;104999.98;102817.82;102817.82
2024-12-18 12:00:00;105028.33;105350;103650;104428.54
2024-12-18 08:00:00;104250.75;105033.33;103729.18;105028.33
2024-12-18 04:00:00;104763.99;104763.99;103137.82;104250.75
2024-12-18 00:00:00;106133.74;106524.98;104581.58;104763.98
2024-12-17 20:00:00;106475.89;106903.99;105321.49;106133.74
2024-12-17 16:00:00;106478.48;107633;106148;106475.89
2024-12-17 12:00:00;106808.31;108353;105725.99;106478.47
2024-12-17 08:00:00;106805.75;107550.02;106708.86;106808.31
2024-12-17 04:00:00;106866.5;107143.29;106368.45;106805.75
2024-12-17 00:00:00;106058.65;107000;105657.34;106866.49
2024-12-16 20:00:00;106583.13;106648.48;105480.02;106058.66
2024-12-16 16:00:00;106332;107793.07;105797.41;106583.12
2024-12-16 12:00:00;103758;106499.99;103333;106332.01
2024-12-16 08:00:00;104992.79;105016.85;103625.78;103757.99
2024-12-16 04:00:00;104582.28;105420.76;104469.89;104992.79
2024-12-16 00:00:00;104463.99;106648;104259.48;104582.28
2024-12-15 20:00:00;103252.96;105250;102621.5;104463.99
2024-12-15 16:00:00;102704;103490;102583.65;103252.95
2024-12-15 12:00:00;102671.44;103359.97;102473.01;102704.01
2024-12-15 08:00:00;101732.09;102691.01;101581.07;102671.44
2024-12-15 04:00:00;101733.83;102850;101534.01;101732.09
2024-12-15 00:00:00;101420;102196.97;101237.14;101733.82
2024-12-14 20:00:00;101313.54;101499.08;100609.41;101420
2024-12-14 16:00:00;101625.12;101737.7;100831.63;101313.54
2024-12-14 12:00:00;101584;101742.43;100826.38;101625.12
2024-12-14 08:00:00;101824;101863.64;101321;101583.99
2024-12-14 04:00:00;102088;102138;101590.9;101824
2024-12-14 00:00:00;101424.24;102650;101148.35;102088
2024-12-13 20:00:00;101462.34;101879.98;101090.9;101424.25
2024-12-13 16:00:00;99873.16;101895.26;99800;101462.34
2024-12-13 12:00:00;100353.37;101375.26;99700;99873.16
2024-12-13 08:00:00;100130.01;100789;99896;100353.37
2024-12-13 04:00:00;99729.09;100225.52;99500;100130
2024-12-13 00:00:00;100004.29;100356.85;99205;99729.09
2024-12-12 20:00:00;99481.33;100476.19;99465.33;100004.29
2024-12-12 16:00:00;101797.14;102540;99311.64;99481.32
2024-12-12 12:00:00;100358.42;101861.6;100348.35;101797.14
2024-12-12 08:00:00;100499.99;101126.54;100178.32;100358.42
2024-12-12 04:00:00;101025.88;101191.85;100402.82;100499.99
2024-12-12 00:00:00;101125;101829;100331.61;101025.87
2024-12-11 20:00:00;101122.71;101888;100866.42;101125
2024-12-11 16:00:00;100361.64;101141.01;99608.23;101122.71
2024-12-11 12:00:00;98292.61;100800;98072.33;100361.64
2024-12-11 08:00:00;97334.59;98472.57;97316.78;98292.61
2024-12-11 04:00:00;97398.42;97790.36;97181.7;97334.6
2024-12-11 00:00:00;96593;97625.76;95658.24;97398.43
2024-12-10 20:00:00;95856.5;97200.7;95616;96593
2024-12-10 16:00:00;95658.79;96500;94256.54;95856.5
2024-12-10 12:00:00;97722.53;98270;95555;95658.79
2024-12-10 08:00:00;97196.44;97937.5;96938.19;97722.52
2024-12-10 04:00:00;96931.99;97519.2;95900;97196.44
2024-12-10 00:00:00;97276.48;98138;95565.41;96931.99
2024-12-09 20:00:00;97070.33;97572.52;94150.05;97276.47
2024-12-09 16:00:00;97812;98398;97000;97070.32
2024-12-09 12:00:00;98088.47;100421.8;97508.58;97812
2024-12-09 08:00:00;99576.51;99679.71;98035.57;98088.47
2024-12-09 04:00:00;99090.84;99729.88;98328;99576.51
2024-12-09 00:00:00;101109.6;101215.93;98432.18;99090.84
2024-12-08 20:00:00;100100.99;101351;99736.06;101109.59
2024-12-08 16:00:00;99912.01;100198;99480;100100.98
2024-12-08 12:00:00;99701.17;100500;99357.16;99912.01
2024-12-08 08:00:00;99675.11;99844.28;98657.7;99701.16
2024-12-08 04:00:00;99934.83;100030;99336;99675.11
2024-12-08 00:00:00;99831.99;100328.88;99632.28;99934.82
2024-12-07 20:00:00;100077.45;100439.18;99595.11;99831.99
2024-12-07 16:00:00;99756;100263.64;99460.37;100077.45
2024-12-07 12:00:00;99620;99800;99036.01;99756.01
2024-12-07 08:00:00;99405.2;99821.83;99260;99620
2024-12-07 04:00:00;99299.64;99666.31;98844;99405.2
2024-12-07 00:00:00;99740.84;100428;99285.71;99299.63
2024-12-06 20:00:00;101439.99;101898.99;99053.03;99740.84
2024-12-06 16:00:00;99310;101799;98762.6;101439.99
2024-12-06 12:00:00;98069.61;99483.81;97512.26;99309.99
2024-12-06 08:00:00;98138.53;98705.23;97622.86;98069.62
2024-12-06 04:00:00;97735.29;98288;97370.19;98138.54
2024-12-06 00:00:00;96945.63;98828.7;95981.72;97735.29
2024-12-05 20:00:00;99028.01;99479.72;90500;96945.63
2024-12-05 16:00:00;101292;101999;98599.36;99028
2024-12-05 12:00:00;102566.91;103550;100925.97;101292.01
2024-12-05 08:00:00;102236.1;103159.76;102236.1;102566.91
2024-12-05 04:00:00;102964;103544.71;101324.16;102236.1
2024-12-05 00:00:00;98587.32;104088;97888.89;102964
2024-12-04 20:00:00;97209.64;99000;97128.52;98587.32
2024-12-04 16:00:00;95742.8;97232.01;94587.83;97209.64
2024-12-04 12:00:00;96190.41;96560;95352.41;95742.81
2024-12-04 08:00:00;96588.81;96950;96172;96190.41
2024-12-04 04:00:00;95770.32;96714.41;95717.54;96588.81
2024-12-04 00:00:00;95849.69;96614.16;95224.17;95770.32
2024-12-03 20:00:00;95428.61;96140.01;95272.5;95849.69
2024-12-03 16:00:00;95682.54;96169.99;94860;95428.6
2024-12-03 12:00:00;94988;96250;93578.17;95682.54
2024-12-03 08:00:00;95550;95662.94;94595.38;94988.01
2024-12-03 04:00:00;96079.36;96238.1;95277.35;95550
2024-12-03 00:00:00;95840.61;96305.52;95400;96079.36
2024-12-02 20:00:00;95816.01;96327.87;95112.01;95840.62
2024-12-02 16:00:00;97048.01;97356.69;94395;95816
2024-12-02 12:00:00;95128.67;97214.77;94766;97048
2024-12-02 08:00:00;95999.99;96112;94820.41;95128.68
2024-12-02 04:00:00;96483.75;96924;95749.97;95999.99
2024-12-02 00:00:00;97185.17;98130;96350;96483.75
2024-12-01 20:00:00;97178.73;97836;96800.01;97185.18
2024-12-01 16:00:00;97028.02;97523.41;96958.48;97178.73
2024-12-01 12:00:00;97108.89;97388.78;96660.88;97028.02
2024-12-01 08:00:00;96472.97;97179.04;96424.99;97108.89
2024-12-01 04:00:00;96336.76;96515.52;96195.99;96472.97
2024-12-01 00:00:00;96407.99;96672.49;95693.88;96336.75
2024-11-30 20:00:00;97019.69;97040;96320.99;96407.99
2024-11-30 16:00:00;96645.42;97062.5;96531.35;97019.68
2024-11-30 12:00:00;96267.99;96732.15;96242.14;96645.41
2024-11-30 08:00:00;96783.38;96968.78;96092.01;96267.99
2024-11-30 04:00:00;96640.02;97234.02;96532.7;96783.38
2024-11-30 00:00:00;97460;97463.95;96309.85;96640.02
2024-11-29 20:00:00;97329.73;97624.62;96981.01;97460
2024-11-29 16:00:00;98019.46;98440;96853.82;97329.73
2024-11-29 12:00:00;97237.91;98619.99;96768;98019.47
2024-11-29 08:00:00;95625.05;97358.21;95616;97237.91
2024-11-29 04:00:00;96590.35;96630.09;95600.03;95625.05
2024-11-29 00:00:00;95643.99;96859;95364.99;96590.36
2024-11-28 20:00:00;95119.48;96023.48;94698;95643.98
2024-11-28 16:00:00;95007.15;95435.68;94817;95119.48
2024-11-28 12:00:00;95452;96221.8;94900;95007.14
2024-11-28 08:00:00;95299.66;95780;94640;95452.01
2024-11-28 04:00:00;95471.44;95922.39;95063.15;95299.66
2024-11-28 00:00:00;95863.11;96564;94822.54;95471.43
2024-11-27 20:00:00;96627.99;97208.21;95731.72;95863.11
2024-11-27 16:00:00;95556;96631.68;95184.79;96627.99
2024-11-27 12:00:00;93367.99;95850;92847.84;95556.01
2024-11-27 08:00:00;93597.16;93885.6;93109.12;93367.99
2024-11-27 04:00:00;92588;93648;92361.66;93597.16
2024-11-27 00:00:00;91965.16;93037.38;91792.14;92588
2024-11-26 20:00:00;91683.9;92364;90791.1;91965.16
2024-11-26 16:00:00;92812.99;94685.6;91554.11;91683.89
2024-11-26 12:00:00;92356.84;93559;91739.7;92813
2024-11-26 08:00:00;93785.72;93785.72;91466.52;92356.85
2024-11-26 04:00:00;94464;94973.37;93500.08;93785.71
2024-11-26 00:00:00;93010.01;94923.69;92727.9;94464
2024-11-25 20:00:00;94669.49;95300;92600.19;93010.01
2024-11-25 16:00:00;96000.57;96500;94400;94669.48
2024-11-25 12:00:00;98188.09;98313.08;94525;96000.56
2024-11-25 08:00:00;98047.34;98871.8;97850;98188.09
2024-11-25 04:00:00;97898.81;98376.99;97491.66;98047.34
2024-11-25 00:00:00;97900.05;98050;96888;97898.8
2024-11-24 20:00:00;96320.01;98369.46;96195.47;97900.04
2024-11-24 16:00:00;95901.52;96747.98;95734.77;96320.02
2024-11-24 12:00:00;97280.04;97606.52;95900.01;95901.51
2024-11-24 08:00:00;98431.05;98472.98;97239.29;97280.03
2024-11-24 04:00:00;98200.1;98431.06;97872.2;98431.05
2024-11-24 00:00:00;97672.4;98564;97620.74;98200.1
2024-11-23 20:00:00;97504;98015.82;97136;97672.4
2024-11-23 16:00:00;98400.01;98459.56;97336.06;97504
2024-11-23 12:00:00;98430;98847.68;98400;98400
2024-11-23 08:00:00;98560.84;98623.76;98300;98429.99
2024-11-23 04:00:00;98666.66;98800;98284.61;98560.85
2024-11-23 00:00:00;98892;98908.85;98300;98666.67
2024-11-22 20:00:00;99079.74;99449;98535;98892
2024-11-22 16:00:00;98663.99;99588.01;98220;99079.74
2024-11-22 12:00:00;98870.39;98949;97122.11;98664
2024-11-22 08:00:00;99173.7;99267.19;98219.84;98870.38
2024-11-22 04:00:00;98836.49;99419.99;98517.21;99173.7
2024-11-22 00:00:00;98317.12;99299.99;97840;98836.5
2024-11-21 20:00:00;97829.84;98723.65;97533.18;98317.12
2024-11-21 16:00:00;96672;98988;96276.69;97829.83
2024-11-21 12:00:00;97975;98250;95600;96672
2024-11-21 08:00:00;96912.01;98384.86;96723.96;97974.99
2024-11-21 04:00:00;95798.12;97852;95798.11;96912.01
2024-11-21 00:00:00;94286.56;95904;94040;95798.12
2024-11-20 20:00:00;94000;94599.98;93770.07;94286.56
2024-11-20 16:00:00;94739.98;94831.97;93138;94000
2024-11-20 12:00:00;93454.65;94807.62;93314.49;94739.97
2024-11-20 08:00:00;92850.38;93669.98;92720;93454.65
2024-11-20 04:00:00;92039.99;92851.09;91850;92850.38
2024-11-20 00:00:00;92310.8;92418.68;91500;92039.99
2024-11-19 20:00:00;93227.87;93571.08;91320;92310.79
2024-11-19 16:00:00;92391.99;93905.51;92147.12;93227.87
2024-11-19 12:00:00;91652.01;92788;90975.8;92391.99
2024-11-19 08:00:00;91620;91950;91200;91652.02
2024-11-19 04:00:00;91428;92000;91238.09;91620.01
2024-11-19 00:00:00;90464.07;91529;90357;91428
2024-11-18 20:00:00;90608.26;91980;90224.02;90464.08
2024-11-18 16:00:00;92309.51;92584.95;89667.66;90608.26
2024-11-18 12:00:00;90275.13;92594;89376.9;92309.51
2024-11-18 08:00:00;91719.9;92211.99;90051.1;90275.13
2024-11-18 04:00:00;90668.58;92300;90438.85;91719.9
2024-11-18 00:00:00;89855.98;90935.44;89617.96;90668.58
2024-11-17 20:00:00;90044;90212.13;88722;89855.99
2024-11-17 16:00:00;90260.01;90640.18;89664.34;90044
2024-11-17 12:00:00;90684.19;91189.88;89925.91;90260.01
2024-11-17 08:00:00;90550.8;91449.99;90478.99;90684.19
2024-11-17 04:00:00;90247.86;90888;90158.56;90550.8
2024-11-17 00:00:00;90587.98;90888;89364;90247.86
2024-11-16 20:00:00;91100.23;91181.82;90300;90586.92
2024-11-16 16:00:00;90521.2;91396.03;90186.64;91100.24
2024-11-16 12:00:00;91169.69;91320;90056.17;90521.2
2024-11-16 08:00:00;91117.52;91598.13;90993.15;91169.69
2024-11-16 04:00:00;91252.04;91779.66;91064.24;91117.53
2024-11-16 00:00:00;91032.08;91709.06;90850;91252.03
2024-11-15 20:00:00;90377.89;91850;90324.85;91032.07
2024-11-15 16:00:00;88445.4;90844.9;88386.99;90377.89
2024-11-15 12:00:00;89741.24;90709.74;87754.45;88445.41
2024-11-15 08:00:00;87612.01;89771.99;87368;89741.25
2024-11-15 04:00:00;88218.22;88391.99;87073.38;87612
2024-11-15 00:00:00;87325.59;88473.7;87252;88218.21
2024-11-14 20:00:00;89463.99;89464;86668.21;87325.59
2024-11-14 16:00:00;87947.99;89775.24;87526.74;89463.99
2024-11-14 12:00:00;91491.85;91790;87829.57;87947.99
2024-11-14 08:00:00;90769.42;91657.77;90329.8;91491.86
2024-11-14 04:00:00;89937.03;90850;89104.54;90769.42
2024-11-14 00:00:00;90375.21;90566;89458.13;89937.02
2024-11-13 20:00:00;90193.5;91184.02;87970.98;90375.2
2024-11-13 16:00:00;92540;93265.64;89969.87;90193.51
2024-11-13 12:00:00;87669.4;92690;87502.49;92540.01
2024-11-13 08:00:00;87356.01;88083;87082.42;87669.39
2024-11-13 04:00:00;87136;87692.69;86127.99;87356
2024-11-13 00:00:00;87952;88562.94;87004;87136
2024-11-12 20:00:00;88704.28;89876.94;87379.59;87952.01
2024-11-12 16:00:00;86632;89764.38;85730.35;88704.28
2024-11-12 12:00:00;87155.55;87860;85072;86632
2024-11-12 08:00:00;88983.35;89372;85229;87155.55
2024-11-12 04:00:00;88047.45;89940;87700;88983.35
2024-11-12 00:00:00;88648;89470;86561.35;88047.46
2024-11-11 20:00:00;86102.21;89530.54;86052;88647.99
2024-11-11 16:00:00;84059.53;86650;83831.84;86102.21
2024-11-11 12:00:00;82133.99;84263.51;81460.19;84059.54
2024-11-11 08:00:00;81109.11;82380.94;81023.29;82134
2024-11-11 04:00:00;81612.23;81727.47;80432;81109.1
2024-11-11 00:00:00;80370.01;81846.71;80216.01;81612.23
2024-11-10 20:00:00;79748.99;81500;78473.13;80370.01
2024-11-10 16:00:00;79694.03;81069.99;79324.59;79748.99
2024-11-10 12:00:00;79844;80080;79200;79694.03
2024-11-10 08:00:00;78832.36;80040;78832.36;79844.01
2024-11-10 04:00:00;77205.97;79788.96;77138;78832.37
2024-11-10 00:00:00;76677.46;77498;76492;77205.96
2024-11-09 20:00:00;76204.91;76900;76179;76677.46
2024-11-09 16:00:00;76319.91;76700;75714.66;76204.92
2024-11-09 12:00:00;76487.11;76541.53;76272.72;76319.9
2024-11-09 08:00:00;76529.07;76735.59;76358.91;76487.11
2024-11-09 04:00:00;76341.47;76795.69;76294;76529.08
2024-11-09 00:00:00;76509.78;76639.84;76136;76341.47
2024-11-08 20:00:00;76912.58;77097;76300.23;76509.78
2024-11-08 16:00:00;76427.72;77199.99;75822.07;76912.58
2024-11-08 12:00:00;75934.47;76584.6;75630.76;76427.72
2024-11-08 08:00:00;76148.49;76320;75760;75934.46
2024-11-08 04:00:00;75890.79;76220;75686;76148.49
2024-11-08 00:00:00;75857.89;76358;75555;75890.79
2024-11-07 20:00:00;76530.4;76849.99;75494;75857.89
2024-11-07 16:00:00;76059.68;76718.99;75555.17;76530.39
2024-11-07 12:00:00;74745.99;76059.69;74512.19;76059.69
2024-11-07 08:00:00;74757.58;75150.11;74649.54;74746
2024-11-07 04:00:00;75048.01;75048.01;74416;74757.58
2024-11-07 00:00:00;75571.99;76022.79;75003.83;75048.01
2024-11-06 20:00:00;75823.55;76400;75507.1;75571.99
2024-11-06 16:00:00;74297.99;75850;74150;75823.55
2024-11-06 12:00:00;74272;74757.58;73488;74298
2024-11-06 08:00:00;73370.89;74475.47;72656.31;74272.01
2024-11-06 04:00:00;74348.53;75407.1;72727;73370.89
2024-11-06 00:00:00;69372.01;75000;69298;74348.53
2024-11-05 20:00:00;68995.99;69898.02;68786.91;69372.01
2024-11-05 16:00:00;69640;70577.91;68732.77;68995.99
2024-11-05 12:00:00;68810.03;70325.06;68666;69639.99
2024-11-05 08:00:00;68894;69100;68615.11;68810.03
2024-11-05 04:00:00;68243.01;68976;68218.51;68893.99
2024-11-05 00:00:00;67850.01;68255;67476.63;68243
2024-11-04 20:00:00;67856.01;68106.07;66835;67850.01
2024-11-04 16:00:00;68646.01;68814.32;67251.5;67856
2024-11-04 12:00:00;68792.72;69264.52;68202.99;68646.01
2024-11-04 08:00:00;68618;69036;68470;68792.71
2024-11-04 04:00:00;69047.86;69401.55;68618;68618
2024-11-04 00:00:00;68775.99;69500;68240.61;69047.86
2024-11-03 20:00:00;68679;69358;68492.82;68775.99
2024-11-03 16:00:00;68090.91;68693.81;67667.21;68679
2024-11-03 12:00:00;68358.86;68560;67478.73;68090.9
2024-11-03 08:00:00;68397.42;68603.58;68200.01;68358.86
2024-11-03 04:00:00;68379.9;68771.58;68303.99;68397.42
2024-11-03 00:00:00;69374.74;69391;67864.16;68379.89
2024-11-02 20:00:00;69510;69571.99;69149;69374.74
2024-11-02 16:00:00;69393.18;69616;69215;69510
2024-11-02 12:00:00;69608;69711.59;69000.14;69393.17
2024-11-02 08:00:00;69813.91;69838.62;69417.88;69608
2024-11-02 04:00:00;69599.99;69823.94;69446;69813.91
2024-11-02 00:00:00;69496;69914.37;69479.91;69599.99
2024-11-01 20:00:00;69268;69627;68854.5;69496.01
2024-11-01 16:00:00;69387.78;70515.16;68820.14;69268
2024-11-01 12:00:00;70002.01;71632.95;69044;69387.77
2024-11-01 08:00:00;69273.7;70228;69237.26;70002.01
2024-11-01 04:00:00;69369.99;69699.14;69080;69273.7
2024-11-01 00:00:00;70292.01;70470;68830;69369.99
2024-10-31 20:00:00;70092.07;70654.76;69685.76;70292.01
2024-10-31 16:00:00;70620.01;70949.51;70036;70092.07
2024-10-31 12:00:00;72226;72276;70431.77;70620
2024-10-31 08:00:00;72417.19;72700;72149.79;72226
2024-10-31 04:00:00;72353.75;72478;72150;72417.19
2024-10-31 00:00:00;72344.75;72599.99;72030.08;72353.74
2024-10-30 20:00:00;71822.01;72961;71644.19;72344.74
2024-10-30 16:00:00;72061.34;72197.5;71641.77;71822.01
2024-10-30 12:00:00;71984;72470;71436;72061.34
2024-10-30 08:00:00;72227.99;72604.97;71926.82;71983.99
2024-10-30 04:00:00;72234;72610;72100;72227.99
2024-10-30 00:00:00;72736.41;72785.72;72000.01;72234
2024-10-29 20:00:00;72536.38;72978.9;71864.65;72736.42
2024-10-29 16:00:00;72402;73620.12;72350.7;72536.16
2024-10-29 12:00:00;71452.02;72429.99;70929;72402.01
2024-10-29 08:00:00;71017.96;71578.95;70974;71452.01
2024-10-29 04:00:00;70938.15;71370;70837.83;71017.97
2024-10-29 00:00:00;69962.21;71587.88;69760;70938.14
2024-10-28 20:00:00;69629.99;70270;69427.79;69962.21
2024-10-28 16:00:00;68494.2;69900;68452.54;69629.98
2024-10-28 12:00:00;68753.78;69280;68426.67;68494.2
2024-10-28 08:00:00;68415.52;68833.57;68238.81;68753.78
2024-10-28 04:00:00;67727.59;68680;67618;68415.52
2024-10-28 00:00:00;68021.69;68116.78;67677.77;67727.59
2024-10-27 20:00:00;67850;68332.05;67688.09;68021.7
2024-10-27 16:00:00;67792;68000;67540.88;67850
2024-10-27 12:00:00;67128.03;67858;67121.45;67791.99
2024-10-27 08:00:00;67204;67266.49;67036.85;67128.04
2024-10-27 04:00:00;67289.57;67317.78;67120;67204.01
2024-10-27 00:00:00;67092.76;67325.46;66913.73;67289.57
2024-10-26 20:00:00;67178;67454.55;67084;67092.76
2024-10-26 16:00:00;66886.49;67181.82;66788;67177.99
2024-10-26 12:00:00;67138;67180;66744;66886.49
2024-10-26 08:00:00;67007.99;67264.34;66953.02;67138
2024-10-26 04:00:00;66914;67240.02;66784.26;67007.99
2024-10-26 00:00:00;66698.32;67050.2;66439.9;66914
2024-10-25 20:00:00;66849.99;67392.52;65596.29;66698.33
2024-10-25 16:00:00;67690.01;67890.52;66006.6;66850
2024-10-25 12:00:00;68105.79;68771.49;67429.87;67690.01
2024-10-25 08:00:00;67531.96;68183.78;67286.28;68105.79
2024-10-25 04:00:00;68007.99;68045.36;67250;67531.97
2024-10-25 00:00:00;68198.27;68286.56;67836;68008
2024-10-24 20:00:00;68309.79;68850;67978.04;68198.28
2024-10-24 16:00:00;67701.21;68323;67350.01;68309.79
2024-10-24 12:00:00;67286;67998;67262;67701.22
2024-10-24 08:00:00;67123.09;67322.26;66700;67285.99
2024-10-24 04:00:00;67213.16;67479.55;67068.75;67123.08
2024-10-24 00:00:00;66668.65;67612.12;66510;67213.16
2024-10-23 20:00:00;66472;66807.37;66338.99;66668.65
2024-10-23 16:00:00;66223.45;66573.58;65260;66472
2024-10-23 12:00:00;66414;66910.15;65923.01;66223.44
2024-10-23 08:00:00;66852.33;67048;66200;66414
2024-10-23 04:00:00;67082.1;67302.83;66800;66852.34
2024-10-23 00:00:00;67426.01;67472.83;66890;67082.1
2024-10-22 20:00:00;67482.99;67836.01;67292;67426
2024-10-22 16:00:00;67282.27;67635.72;66920;67482.98
2024-10-22 12:00:00;67299.15;67693.34;66644.18;67282.27
2024-10-22 08:00:00;67402;67526.67;66740;67299.15
2024-10-22 04:00:00;67390.01;67800;67278.02;67402
2024-10-22 00:00:00;67377.5;67694.92;66571.42;67390.02
2024-10-21 20:00:00;67763.99;67933.79;67366.66;67377.5
2024-10-21 16:00:00;67341.02;67941.17;66894;67763
2024-10-21 12:00:00;68238;68328.68;66840.67;67341.02
2024-10-21 08:00:00;68513.99;68661;68119.01;68238.01
2024-10-21 04:00:00;68940;69185.18;68488.33;68514
2024-10-21 00:00:00;69032;69519.52;68588.51;68939.99
2024-10-20 20:00:00;68508.3;69400;68461.93;69031.99
2024-10-20 16:00:00;68625.99;68660;68422;68508.29
2024-10-20 12:00:00;68420.01;68772.7;68198.22;68625.99
2024-10-20 08:00:00;68378.01;68500;68355;68420.01
2024-10-20 04:00:00;68188.01;68433.5;68176.26;68378
2024-10-20 00:00:00;68377.99;68446;68100;68188
2024-10-19 20:00:00;68181.98;68413.96;68168.45;68378
2024-10-19 16:00:00;68226.94;68242.43;68010;68181.98
2024-10-19 12:00:00;68090.3;68350;68088;68226.93
2024-10-19 08:00:00;68346.54;68475.7;68090.3;68090.3
2024-10-19 04:00:00;68450;68560;68302.31;68346.54
2024-10-19 00:00:00;68427.99;68693.26;68303.03;68450.01
2024-10-18 20:00:00;68608.01;68690;68204.1;68428
2024-10-18 16:00:00;68735.34;69000;68360;68608.01
2024-10-18 12:00:00;67702;68870.68;67642.71;68735.35
2024-10-18 08:00:00;67969.69;68050;67674.98;67702
2024-10-18 04:00:00;67555.41;68378.95;67544;67969.7
2024-10-18 00:00:00;67421.78;68260.92;67192.36;67555.4
2024-10-17 20:00:00;66840;67480;66827.68;67421.78
2024-10-17 16:00:00;67590.67;67590.67;66720;66840
2024-10-17 12:00:00;66872.44;67680;66666;67590.66
2024-10-17 08:00:00;67303.18;67530.01;66741.09;66872.43
2024-10-17 04:00:00;67601.4;67601.4;67087.35;67303.18
2024-10-17 00:00:00;67620;67939.4;67406.99;67601.4
2024-10-16 20:00:00;67728.01;67954.03;67500;67620.01
2024-10-16 16:00:00;67750;68100;67482;67728
2024-10-16 12:00:00;67894.73;68308.91;67117.18;67749.99
2024-10-16 08:00:00;66972.53;68424;66917.52;67894.72
2024-10-16 04:00:00;67095.99;67361.41;66775.67;66972.53
2024-10-16 00:00:00;67074.14;67561.04;66750.49;67095.98
2024-10-15 20:00:00;66970.18;67156.47;66130.64;67074.14
2024-10-15 16:00:00;66022.01;67390.89;65982.55;66970.18
2024-10-15 12:00:00;65399.68;67950;64800.01;66022
2024-10-15 08:00:00;65638.74;65850;65280;65399.69
2024-10-15 04:00:00;65399.99;65846;65201;65638.74
2024-10-15 00:00:00;66084;66330;65324.4;65400
2024-10-14 20:00:00;65939.41;66500;65730;66083.99
2024-10-14 16:00:00;65870;66072.3;65459;65939.4
2024-10-14 12:00:00;64920.05;66299.93;64660.56;65870
2024-10-14 08:00:00;64620.87;65188.57;64340.98;64920.06
2024-10-14 04:00:00;64300;64686;63778.62;64620.87
2024-10-14 00:00:00;62870.02;64392.49;62457.81;64299.99
2024-10-13 20:00:00;62734.31;63125;62610.67;62870.02
2024-10-13 16:00:00;62229.32;62887.78;62177.67;62734.32
2024-10-13 12:00:00;62561.34;62818;62050;62229.31
2024-10-13 08:00:00;62843.48;62962;62520.18;62561.33
2024-10-13 04:00:00;62712.31;62990;62707.21;62843.48
2024-10-13 00:00:00;63206.23;63285.72;62654.91;62712.31
2024-10-12 20:00:00;63000.01;63388;63000;63206.22
2024-10-12 16:00:00;63157.5;63400;62911;63000.01
2024-10-12 12:00:00;62936.91;63480;62824.03;63157.49
2024-10-12 08:00:00;62767.57;63260.53;62672.34;62936.91
2024-10-12 04:00:00;62568;62800;62565.51;62767.57
2024-10-12 00:00:00;62539.99;63073.78;62487.23;62568
2024-10-11 20:00:00;63086;63160;62357.7;62540
2024-10-11 16:00:00;62259.04;63417.56;62123;63086.01
2024-10-11 12:00:00;61174.88;62450;61129.72;62259.05
2024-10-11 08:00:00;60674.68;61263.4;60650.44;61174.87
2024-10-11 04:00:00;60614.01;60925.16;60578;60674.69
2024-10-11 00:00:00;60326.4;60768.64;60087.64;60614
2024-10-10 20:00:00;59727.27;60329.27;59586.29;60326.39
2024-10-10 16:00:00;60789.36;61030.31;58946;59727.28
2024-10-10 12:00:00;61262.01;61320;60444.99;60789.36
2024-10-10 08:00:00;60900.01;61321.68;60630.71;61262
2024-10-10 04:00:00;60865.29;61149.58;60814.9;60900
2024-10-10 00:00:00;60636.01;60956;60355;60865.29
2024-10-09 20:00:00;61031.99;61122.53;60301;60636.02
2024-10-09 16:00:00;62316;62350;60835;61031.98
2024-10-09 12:00:00;62199.99;62412.09;61634.61;62316
2024-10-09 08:00:00;62276.79;62287.07;62046.69;62200
2024-10-09 04:00:00;62394.07;62543.75;62200;62276.78
2024-10-09 00:00:00;62160.5;62494;62002.5;62394.07
2024-10-08 20:00:00;62264.73828;62565.94141;62026.13;62160.49
2024-10-08 16:00:00;62269.69922;62590.011719;61906.019531;62277.98828
2024-10-08 12:00:00;62630.10156;63199.69922;61939.98828;62303.76172
2024-10-08 08:00:00;62278.019531;62659.98828;62220.62109;62624.011719
2024-10-08 04:00:00;62659.98828;62778.039062;62052;62306.55078
2024-10-08 00:00:00;62255.98828;62787.73047;62185.078125;62628.28906
2024-10-07 20:00:00;63396;63396;62178.85938;62224
2024-10-07 16:00:00;63685.78125;63896;62781.98828;63326.76172
2024-10-07 12:00:00;63134;64452;62844.12891;63665.30078
2024-10-07 08:00:00;63547.75;63706;62659.98828;63069.98828
2024-10-07 04:00:00;63559.98047;63723.44141;63353.58984;63525
2024-10-07 00:00:00;62821.98828;63949.98828;62682;63530.51953
2024-10-06 20:00:00;62618.42969;62910.19922;62303.039062;62820.011719
2024-10-06 16:00:00;62746.019531;62914.98047;62550.03125;62628.12891
2024-10-06 12:00:00;62106.019531;62771.75;62065.32031;62720.019531
2024-10-06 08:00:00;61950;62147.66016;61922;62106.011719
2024-10-06 04:00:00;61884;62010;61822;61949.011719
2024-10-06 00:00:00;62079.96094;62149.98828;61878.64844;61878.64844
2024-10-05 20:00:00;61835.28125;62089.98828;61721.80859;62066.83984
2024-10-05 16:00:00;62167.64844;62180;61790;61848.48828
2024-10-05 12:00:00;62191.76953;62363.64062;62110;62177.98828
2024-10-05 08:00:00;62084;62324.03125;62084;62171.60156
2024-10-05 04:00:00;61867;62268.26953;61824.011719;62076.19141
2024-10-05 00:00:00;62093.019531;62198.011719;61714;61856.98828
2024-10-04 20:00:00;62368.67188;62468.82031;61971.83984;62079.98828
2024-10-04 16:00:00;61866;62448.21875;61656.53906;62384.23828
2024-10-04 12:00:00;61458.85938;62004.46875;60817.92969;61850
2024-10-04 08:00:00;61429.98828;61638.30078;61270.011719;61448.87109
2024-10-04 04:00:00;60950;61482.011719;60950;61443.64062
2024-10-04 00:00:00;60746.011719;61265.98828;60472.011719;60949.64062
2024-10-03 20:00:00;60974;61091.98828;60616.011719;60750.011719
2024-10-03 16:00:00;60624;61018.53906;59974.60156;61018.53906
2024-10-03 12:00:00;60726.91016;60869.98047;59950.46875;60635.98828
2024-10-03 08:00:00;60954;61064;60139.98828;60770.60156
2024-10-03 04:00:00;61470;61470;60916;60956.011719
2024-10-03 00:00:00;60635.98828;61464;60539.89844;61464
2024-10-02 20:00:00;60279.98828;60984.37109;60140;60644.26172
2024-10-02 16:00:00;61862;62314;60006;60168
2024-10-02 12:00:00;61150.011719;61921.96875;60588;61860.46875
2024-10-02 08:00:00;61748;61902;60916;61170
2024-10-02 04:00:00;61750.44922;61930;61358.011719;61739.85938
2024-10-02 00:00:00;60796;61880.21875;60763.98828;61750.46094
2024-10-01 20:00:00;61715.71875;61733.98828;60237.64062;60845.16016
2024-10-01 16:00:00;62620.011719;62752.011719;61175.96875;61698.011719
2024-10-01 12:00:00;63690;63804.03125;61949.98828;62699.98828
2024-10-01 08:00:00;64048.53125;64112.011719;63732;63736.011719
2024-10-01 04:00:00;63708.058594;64130.28125;63652.058594;64040.03125
2024-10-01 00:00:00;63327.58984;63743.98828;63016.66016;63728.03125
2024-09-30 20:00:00;63466.85156;63859.98828;62892.94141;63348
2024-09-30 16:00:00;63554;63726;63068;63430.92969
2024-09-30 12:00:00;63819.44141;64153.17188;63552.62109;63552.62109
2024-09-30 08:00:00;64568;64568;63268;63851.64062
2024-09-30 04:00:00;64547.12109;64704.37109;64346;64600
2024-09-30 00:00:00;65606.53125;65606.53125;64209.87109;64539.30859
2024-09-29 20:00:00;65940;66056.0078125;65528;65615.17969
2024-09-29 16:00:00;65739.99219;65967.99219;65654.023438;65959.5
2024-09-29 12:00:00;65709.023438;65846.14844;65584;65751.34375
2024-09-29 08:00:00;65473.98828;65720;65438;65691.90625
2024-09-29 04:00:00;65815.92969;65815.92969;65446;65477.011719
2024-09-29 00:00:00;65863.89062;65974.15625;65647.28906;65816.39844
2024-09-28 20:00:00;65724.0078125;65973.32812;65436.94141;65869.070312
2024-09-28 16:00:00;65619.13281;65815.99219;65492.58984;65724.0078125
2024-09-28 12:00:00;65763.99219;65803.77344;65440.011719;65619.13281
2024-09-28 08:00:00;65790;65799.99219;65484;65798
2024-09-28 04:00:00;66063.75;66082;65740;65824
2024-09-28 00:00:00;65775.78906;66229.99219;65732.0078125;66052.63281
2024-09-27 20:00:00;65676;65956;65631.42188;65775.78906
2024-09-27 16:00:00;66046;66356;65556.023438;65696
2024-09-27 12:00:00;65425.30859;66439.99219;65337.51953;66006.0078125
2024-09-27 08:00:00;65416.89844;65907.92188;65350.19922;65434.011719
2024-09-27 04:00:00;65346;65541.99219;65108.011719;65469.26172
2024-09-27 00:00:00;65166.48828;65399.98828;64839.91016;65376
2024-09-26 20:00:00;64759.57031;65236.51172;64663.16016;65173.98828
2024-09-26 16:00:00;65263.23047;65761.99219;64769.28906;64769.28906
2024-09-26 12:00:00;64419.98828;65491.33984;64168.57031;65242
2024-09-26 08:00:00;63865;64494.16016;63599.96875;64391.14062
2024-09-26 04:00:00;63514.33984;63864;63345.98828;63852.070312
2024-09-26 00:00:00;63152;63533.82031;62681.98828;63488.98828
2024-09-25 20:00:00;63239.92188;63551.80859;62960.011719;63161.39844
2024-09-25 16:00:00;63501.48828;63660.011719;63011.98828;63177.17969
2024-09-25 12:00:00;63819.89844;63983.96875;63356.011719;63490.98828
2024-09-25 08:00:00;63835.16016;63912.32031;63409.39062;63838.011719
2024-09-25 04:00:00;64456;64456;63676.26172;63843.33984
2024-09-25 00:00:00;64279;64780;64045.28125;64444
2024-09-24 20:00:00;64288.82031;64665.96094;63966.67969;64256
2024-09-24 16:00:00;63198;64365.98828;63104.76172;64365.98828
2024-09-24 12:00:00;63490;63752.5;62758.019531;63160.51953
2024-09-24 08:00:00;63550.89844;63937.98828;63400.42188;63472
2024-09-24 04:00:00;63127.98047;63568.19922;62961.16016;63552
2024-09-24 00:00:00;63349.98828;63389.98047;62750.96094;63123.98828
2024-09-23 20:00:00;63272.71094;63481.26172;63095.75;63328.87891
2024-09-23 16:00:00;63602;63800;63110.69141;63307.10938
2024-09-23 12:00:00;63428;63750.011719;63077.98047;63618
2024-09-23 08:00:00;63555.42969;63694.011719;63320;63411.070312
2024-09-23 04:00:00;64380.78125;64452.57031;63408.011719;63546.35938
2024-09-23 00:00:00;63582.23828;64705.85938;62706.5;64358.85156
2024-09-22 20:00:00;63171.60938;63993.96875;62378.21875;63564.42188
2024-09-22 16:00:00;62640;63212.71094;62482.011719;63177.98047
2024-09-22 12:00:00;62777.98828;62919.48828;62471.33984;62664
2024-09-22 08:00:00;62911.98828;63026.60938;62557.98828;62786.92969
2024-09-22 04:00:00;63115.5;63193.42969;62848.12109;62935.94141
2024-09-22 00:00:00;63389.53906;63438.26172;62837.98828;63105.98047
2024-09-21 20:00:00;63205.98828;63525.98828;63058.011719;63346.91016
2024-09-21 16:00:00;63173.98828;63395.67969;63096;63203.58984
2024-09-21 12:00:00;63090;63286;63036.92188;63167.98047
2024-09-21 08:00:00;63118;63136;62966.011719;63089.76953
2024-09-21 04:00:00;62906;63133.98828;62790.10156;63091.019531
2024-09-21 00:00:00;63196;63288;62829.82031;62889.57031
2024-09-20 20:00:00;62835.55078;63283.98828;62728.80859;63201.050781
2024-09-20 16:00:00;63219.98828;63256.23828;62373.98828;62902.011719
2024-09-20 12:00:00;63440;63542.91016;62598.51953;63208.26953
2024-09-20 08:00:00;63516;63696.011719;63116.85156;63450
2024-09-20 04:00:00;63716.51172;64079.98828;63400;63505.98828
2024-09-20 00:00:00;62971.71875;63696.011719;62628.17188;63696.011719
2024-09-19 20:00:00;63249.98828;63249.98828;62666.011719;62925.76953
2024-09-19 16:00:00;63156.21875;63847.96094;62979.57812;63280
2024-09-19 12:00:00;62684.011719;63498.85938;62624.011719;63149.28906
2024-09-19 08:00:00;62044.12109;62676.92188;61894.019531;62652.011719
2024-09-19 04:00:00;62131.98828;62168;61821.98828;62085.80078
2024-09-19 00:00:00;61720.12891;62542;61620.011719;62110.71875
2024-09-18 20:00:00;60028;61740.011719;59541.71875;61740.011719
2024-09-18 16:00:00;59407.5;61264;59211.91016;60074.23828
2024-09-18 12:00:00;59843.51172;60158.16016;59360.98828;59446
2024-09-18 08:00:00;60428.011719;60428.011719;59396.78125;59864.41016
2024-09-18 04:00:00;60513.98047;60682.011719;60203.98828;60438.64844
2024-09-18 00:00:00;60323.23828;60754.14062;59915.98828;60509.98828
2024-09-17 20:00:00;59934.03125;60411.070312;59771.10156;60298.46875
2024-09-17 16:00:00;61174.85156;61252;59656.73828;59996.78125
2024-09-17 12:00:00;59080.98828;61263.98047;58903.98828;61125.98828
2024-09-17 08:00:00;58729.32031;59286.75;58659.82031;59101.19141
2024-09-17 04:00:00;58060.011719;58752.011719;58044.64062;58695.39844
2024-09-17 00:00:00;58199.98828;58341.10156;57641.60156;58053.98828
2024-09-16 20:00:00;57924.12109;58400;57608.011719;58213.98828
2024-09-16 16:00:00;57898;58244.96094;57528.011719;57926.011719
2024-09-16 12:00:00;58657.070312;58784.03125;57579.82031;57905.96875
2024-09-16 08:00:00;58878.51172;59154;58510.03125;58657.078125
2024-09-16 04:00:00;58566;58952;58337.78906;58914
2024-09-16 00:00:00;59122.23047;59200.058594;58130;58575.10156
2024-09-15 20:00:00;59856.011719;59915.98828;58711.10156;59140
2024-09-15 16:00:00;60352.64844;60352.64844;59751.17188;59874.011719
2024-09-15 12:00:00;59986.011719;60379.98828;59899.78906;60335.42188
2024-09-15 08:00:00;60201.96094;60204;59896.011719;60000.5
2024-09-15 04:00:00;60155.92188;60215.98828;60091.98828;60196
2024-09-15 00:00:00;59993.03125;60266.011719;59992.28125;60155.92188
2024-09-14 20:00:00;59814;60115.98828;59774;59993.019531
2024-09-14 16:00:00;59864.80078;59981.089844;59468.011719;59810.011719
2024-09-14 12:00:00;59691.26953;60005.98828;59634.10156;59875.98828
2024-09-14 08:00:00;60155.98828;60155.98828;59616.019531;59706.39844
2024-09-14 04:00:00;60329.37109;60334.30859;59900;60138.14844
2024-09-14 00:00:00;60532;60600.62109;60285.55859;60319.87109
2024-09-13 20:00:00;59672;60621.91016;59644.011719;60497.5
2024-09-13 16:00:00;59699.98047;59976.89844;59333.98047;59751.089844
2024-09-13 12:00:00;57880.87891;59692.011719;57655.80078;59633.98828
2024-09-13 08:00:00;58086;58342.019531;57826.058594;57826.058594
2024-09-13 04:00:00;57828.011719;58135.46875;57752;58109.30859
2024-09-13 00:00:00;58141.089844;58238.011719;57841.98828;57845.96875
2024-09-12 20:00:00;58388;58388;57822;58132
2024-09-12 16:00:00;57527.76953;58445.98828;57527.76953;58388.10156
2024-09-12 12:00:00;58060.011719;58413.67188;57352;57518
2024-09-12 08:00:00;58103.64844;58338;57894;58052.011719
2024-09-12 04:00:00;58247.98828;58417.98828;57844.011719;58138.16016
2024-09-12 00:00:00;57324.011719;58444.011719;57324.011719;58239.98828
2024-09-11 20:00:00;57573.98828;57672;57250;57332.011719
2024-09-11 16:00:00;56648;57970.71875;56648;57631.98828
2024-09-11 12:00:00;56781.10938;57085.53125;55583.17969;56713.78125
2024-09-11 08:00:00;56704.011719;56857.98828;56365.98828;56786.30078
2024-09-11 04:00:00;56796;56796;56100.011719;56721.42188
2024-09-11 00:00:00;57665.98828;57741.46094;56720;56814
2024-09-10 20:00:00;57905.69141;57905.69141;57463.42188;57634
2024-09-10 16:00:00;56592;58021.98828;56592;57957.98828
2024-09-10 12:00:00;57226;57380.85938;56522.011719;56626
2024-09-10 08:00:00;57180.011719;57369.98828;56912.67969;57241.78906
2024-09-10 04:00:00;56550.011719;57286;56416;57209.98828
2024-09-10 00:00:00;57013.98828;57029.98828;56558;56572.011719
2024-09-09 20:00:00;57031.10938;57953.64062;56834;57048
2024-09-09 16:00:00;55448.019531;57149.48828;55448.019531;57116.011719
2024-09-09 12:00:00;55276;55768;54846.64062;55390
2024-09-09 08:00:00;55007.57812;55544.011719;55007.57812;55256.92969
2024-09-09 04:00:00;55133.66016;55142.011719;54592.5;54981.98828
2024-09-09 00:00:00;54871;55316;54746.51953;55109
2024-09-08 20:00:00;54337.019531;55267.019531;54195.011719;54855.98828
2024-09-08 16:00:00;53716.71875;54518.73828;53640;54339.011719
2024-09-08 12:00:00;54541.10938;54562.17969;53711.21875;53711.21875
2024-09-08 08:00:00;54440.98828;54695.76953;54359.011719;54547
2024-09-08 04:00:00;54400;54565;54261.10938;54436.25
2024-09-08 00:00:00;54180;54490;53977.48828;54383
2024-09-07 20:00:00;54393.28125;54437.96094;53831.10938;54153.12109
2024-09-07 16:00:00;54796;54805;54057.37109;54404
2024-09-07 12:00:00;54390.48828;54810;54386.98828;54780
2024-09-07 08:00:00;54290.96875;54485.011719;54181.48828;54326.011719
2024-09-07 04:00:00;53837.98828;54381.89062;53817.011719;54285
2024-09-07 00:00:00;53946.011719;54062.011719;53750.5;53818
2024-09-06 20:00:00;53544.80078;53965;52684;53965
2024-09-06 16:00:00;54056.67969;54434.98828;53346;53591
2024-09-06 12:00:00;55999.67188;56969.011719;53860.011719;54046.89844
2024-09-06 08:00:00;55822;56247;55681.73047;55999.078125
2024-09-06 04:00:00;56619.98828;56738.98828;55345;55798
2024-09-06 00:00:00;56194.37109;56857.83984;56000;56600.60938
2024-09-05 20:00:00;56057;56245.73828;55668;56180.011719
2024-09-05 16:00:00;55968.19141;56704.98828;55862;56004
2024-09-05 12:00:00;56709.98828;57240;55879.98828;55986.089844
2024-09-05 08:00:00;57150;57231.089844;56623;56685.96875
2024-09-05 04:00:00;57110;57276.98828;56583.5;57158.69922
2024-09-05 00:00:00;58006;58327.058594;56965.76172;57107
2024-09-04 20:00:00;58078.89844;58380;57896.44141;57970.89062
2024-09-04 16:00:00;58150.98828;58513.98828;57648.48047;58042.42969
2024-09-04 12:00:00;56569.16016;58136.98828;56210.011719;58136.98828
2024-09-04 08:00:00;56762.050781;56906.14062;56456.44141;56582.48828
2024-09-04 04:00:00;56647.23047;56863.66016;56235.96094;56743
2024-09-04 00:00:00;57499.14844;57929.011719;55827.21094;56644.011719
2024-09-03 20:00:00;58096.98828;58229.98828;57447.98828;57480.98828
2024-09-03 16:00:00;57722;58243;57610.011719;58016
2024-09-03 12:00:00;59062;59340.011719;57586;57704.011719
2024-09-03 08:00:00;59112;59174.19141;58749.98828;59072
2024-09-03 04:00:00;59114;59251.98828;58880.57812;59131.011719
2024-09-03 00:00:00;59144.98828;59784.98828;59055.67969;59107.64844
2024-09-02 20:00:00;58463;59410.46875;58396.011719;59132.14062
2024-09-02 16:00:00;58549;58653;58299.76953;58439.98828
2024-09-02 12:00:00;58436.011719;58780;58104.011719;58539.87109
2024-09-02 08:00:00;57547.98828;58676.011719;57535.25;58435
2024-09-02 04:00:00;57737;57956;57410;57535
2024-09-02 00:00:00;57296;57757.30859;57210.011719;57757.30859
2024-09-01 20:00:00;58494.019531;58630;57246.98828;57316.011719
2024-09-01 16:00:00;58194.011719;58758;57881.10938;58522.69922
2024-09-01 12:00:00;58281;58352.011719;57569.23828;58210.16016
2024-09-01 08:00:00;58464.80078;58500;57856;58230.011719
2024-09-01 04:00:00;58518.011719;58599.96875;57803.98828;58460.75
2024-09-01 00:00:00;58967.011719;59055.42188;58284.011719;58521.10156
2024-08-31 20:00:00;58869.30859;59128;58788.64062;58974
2024-08-31 16:00:00;58982.71875;59138;58752;58855
2024-08-31 12:00:00;59120.98047;59233;58922;59001.83984
2024-08-31 08:00:00;59095;59178.011719;58834;59115
2024-08-31 04:00:00;59232.011719;59350;59065.28906;59100
2024-08-31 00:00:00;59123.019531;59444.98828;59070.39844;59235.12109
2024-08-30 20:00:00;58772.14844;59282;58772.14844;59115.011719
2024-08-30 16:00:00;58099.96875;59358.98828;57900.42188;58749
2024-08-30 12:00:00;59375;59862;58009.60156;58065.98828
2024-08-30 08:00:00;59280;59656.23047;59280;59400
2024-08-30 04:00:00;59051.10156;59581.71094;58708;59285
2024-08-30 00:00:00;59363.12109;59479;58923;59032
2024-08-29 20:00:00;59271.089844;59638.35938;58750.33984;59381.011719
2024-08-29 16:00:00;60802;60957.76172;58942;59248.69141
2024-08-29 12:00:00;60094;61139;60022;60785.98828
2024-08-29 08:00:00;59565;60476.98828;59391.35938;60112
2024-08-29 04:00:00;59157;59741.10938;59089.011719;59585.67969
2024-08-29 00:00:00;59012.21094;59305;58918.011719;59141.10156
2024-08-28 20:00:00;58967.98047;59594.011719;58701.10156;59012.92188
2024-08-28 16:00:00;58903.17969;59798.23828;57918.78906;58932
2024-08-28 12:00:00;59904;60160;58530.28906;59006
2024-08-28 08:00:00;58604.89062;60203.98828;58551.66016;59934.98828
2024-08-28 04:00:00;59618.019531;59642.75;58598.92969;58598.92969
2024-08-28 00:00:00;59415;59646.83984;58933.011719;59646.83984
2024-08-27 20:00:00;62074;62074;58260.39844;59479.011719
2024-08-27 16:00:00;61615;62183.16016;61560.12109;62108.39062
2024-08-27 12:00:00;62392.98828;62475;61485.011719;61688.98828
2024-08-27 08:00:00;62906;62973.87109;62250.16016;62411
2024-08-27 04:00:00;62984.011719;63189.78125;62741;62902.32031
2024-08-27 00:00:00;62819.98047;63192;62669;62970.011719
2024-08-26 20:00:00;63304.98828;63557.57812;62838.011719;62845
2024-08-26 16:00:00;63517.011719;63867;63218.011719;63289.46875
2024-08-26 12:00:00;63854.050781;63958.94922;63105;63532.019531
2024-08-26 08:00:00;63619.14844;64030.011719;63413.12109;63875.089844
2024-08-26 04:00:00;64128.011719;64194.98828;63586;63628.011719
2024-08-26 00:00:00;64261.03125;64466.67188;63814.011719;64115
2024-08-25 20:00:00;64187.26953;64914.23828;64128.48828;64228
2024-08-25 16:00:00;64132.17969;64245.011719;64013;64187.42188
2024-08-25 12:00:00;63879.98828;64264;63805.019531;64136.12109
2024-08-25 08:00:00;63855.94141;64009.82812;63787.51172;63873.92188
2024-08-25 04:00:00;64103.98828;64195.98828;63792.98828;63869.011719
2024-08-25 00:00:00;64160.39844;64453;64000;64101
2024-08-24 20:00:00;64195.35156;64316.011719;63600;64157.19922
2024-08-24 16:00:00;63976;64443.98828;63951.96875;64219.011719
2024-08-24 12:00:00;63921.019531;64239.42969;63910;63968
2024-08-24 08:00:00;64280;64430.011719;63909;63924
2024-08-24 04:00:00;63849.98828;64324.019531;63849.98828;64324.019531
2024-08-24 00:00:00;64037.23047;64170;63634;63832.011719
2024-08-23 20:00:00;63630;64845.69922;63508.42969;64069.98047
2024-08-23 16:00:00;61507.58984;63816.42969;61401.32031;63677.12891
2024-08-23 12:00:00;60746.53906;62276.80859;60746.53906;61539.57031
2024-08-23 08:00:00;61069.26172;61337.57031;60729.14062;60734.078125
2024-08-23 04:00:00;60593.30859;61317.37109;60582.67969;61075.33984
2024-08-23 00:00:00;60381.82031;60916.41016;60354;60596.96875
2024-08-22 20:00:00;60322;60663.98828;60302;60369.98828
2024-08-22 16:00:00;60386;60585.96875;60144.011719;60284
2024-08-22 12:00:00;61300.16016;61381.39062;60119.23828;60409.41016
2024-08-22 08:00:00;60999.98828;61394.011719;60821.98828;61336.089844
2024-08-22 04:00:00;60533.82812;61043.32031;60469.53906;60991.23047
2024-08-22 00:00:00;61176.39062;61207.82812;59794;60548.89062
2024-08-21 20:00:00;61632.73828;61798.21875;60923.51953;61156.019531
2024-08-21 16:00:00;59487.69141;61592;59391.26953;61540.25
2024-08-21 12:00:00;59353.98047;60153.67188;58936.011719;59522
2024-08-21 08:00:00;59728.011719;59891.32812;59112;59366.019531
2024-08-21 04:00:00;59304.28125;59728.51172;59206;59711.98828
2024-08-21 00:00:00;59002.39844;59513.14062;58840;59319.98828
2024-08-20 20:00:00;59475.48828;59635.46875;58925.30078;58992.80859
2024-08-20 16:00:00;58730.011719;59588.17969;58588;59528.21094
2024-08-20 12:00:00;60506.12109;60930.28125;58718.85938;58818.80078
2024-08-20 08:00:00;60947.39844;60971.78125;60459.35156;60518.82031
2024-08-20 04:00:00;60619.19141;61371.30859;60595.5;60924.32031
2024-08-20 00:00:00;59463.28125;60867.44922;59382.19141;60583.30859
2024-08-19 20:00:00;58969.98828;59606;58955.73828;59476
2024-08-19 16:00:00;58544;59253.19922;58406;59123.98828
2024-08-19 12:00:00;58393.87109;58963.98828;58125.76953;58572
2024-08-19 08:00:00;58502.19141;58666;57884.011719;58381.83984
2024-08-19 04:00:00;58730.12109;58739.98828;58394.48047;58505.71875
2024-08-19 00:00:00;58425.98828;58755.46094;58276.39844;58740.019531
2024-08-18 20:00:00;59712;59826.41016;58434.5;58454
2024-08-18 16:00:00;59856.011719;59945.82031;59412.76172;59695.98828
2024-08-18 12:00:00;60006.12109;60204.011719;59700.98828;59863.98828
2024-08-18 08:00:00;59563.83984;60146;59440.5;60024.14062
2024-08-18 04:00:00;59319.85938;59690.30859;59305.57031;59573.39062
2024-08-18 00:00:00;59496.96875;60188;59341.98828;59341.98828
2024-08-17 20:00:00;59497.42969;59497.42969;59151.55078;59485.03125
2024-08-17 16:00:00;59391.39844;59654;59312.48828;59469.21094
2024-08-17 12:00:00;59115.48047;59579.14062;59100.28125;59388.12109
2024-08-17 08:00:00;59254.44141;59456.51953;59070;59128.26953
2024-08-17 04:00:00;59136.011719;59261.19922;59060.10938;59261.19922
2024-08-17 00:00:00;58902.89844;59382.51172;58822.28906;59151.57031
2024-08-16 20:00:00;59676.21875;59676.21875;58766.011719;58870.78125
2024-08-16 16:00:00;58077.91016;59811.48828;58018.87891;59724.03125
2024-08-16 12:00:00;58415.60156;58802.30078;57557.48828;58096.60156
2024-08-16 08:00:00;58477.98047;58666.12891;58261.71094;58393.19922
2024-08-16 04:00:00;57876.011719;58639.73828;57809.92188;58461.89844
2024-08-16 00:00:00;57497.89062;58324.85156;57124.85156;57890
2024-08-15 20:00:00;57042.10156;57850;56261.19141;57547.73828
2024-08-15 16:00:00;59713.76953;59831.62891;56716.51172;57041.039062
2024-08-15 12:00:00;58744.73828;59740.19141;58618.98047;59686.23828
2024-08-15 08:00:00;58027.55859;58832.98828;57977.51953;58740.03125
2024-08-15 04:00:00;58448.019531;58577.73047;57734.011719;58084.85938
2024-08-15 00:00:00;58707.98047;59022.070312;58017.98828;58442.98047
2024-08-14 20:00:00;58939.30859;59178.46875;58488.32812;58715.98828
2024-08-14 16:00:00;59346.26172;59424.58984;58760.23047;58913.98828
2024-08-14 12:00:00;61274.089844;61518;58929.98828;59418.03125
2024-08-14 08:00:00;60886.98828;61408;60640.39844;61265.62109
2024-08-14 04:00:00;60976;61150.32031;60646.089844;60914.011719
2024-08-14 00:00:00;60582.16016;61251.53125;60432.57031;60952.82812
2024-08-13 20:00:00;60856.39062;61118.83984;60407;60587.87109
2024-08-13 16:00:00;59495.10938;61525.17969;59459.070312;60828
2024-08-13 12:00:00;58840;59760.011719;58775.98828;59493.011719
2024-08-13 08:00:00;59200;59309.85938;58482;58836
2024-08-13 04:00:00;59031.039062;59461.070312;58847.011719;59223.98047
2024-08-13 00:00:00;59334.89844;59898.98828;58888.011719;59016
2024-08-12 20:00:00;59058.98828;59710.011719;58559.21094;59347.98828
2024-08-12 16:00:00;60154.60938;60363.76172;58453.71875;58988.42969
2024-08-12 12:00:00;59860.46094;60552.94922;57831.39062;60191.98828
2024-08-12 08:00:00;58723.82031;59955.050781;58145.51172;59854.42969
2024-08-12 04:00:00;58524.32031;58934.98047;57690.57812;58674.60156
2024-08-12 00:00:00;58718.42969;59071.83984;58292.011719;58510.94141
2024-08-11 20:00:00;59625.80859;59653.69141;58383.5;58712.58984
2024-08-11 16:00:00;60122.12891;60341.44922;59550.011719;59627.37109
2024-08-11 12:00:00;60662;60686.89062;59972.5;60117.30859
2024-08-11 08:00:00;61282.53125;61698;60469.48047;60674
2024-08-11 04:00:00;61100;61262.011719;60881.35938;61257.011719
2024-08-11 00:00:00;60926.92969;61359.35938;60900;61100
2024-08-10 20:00:00;61029.46875;61160;60757.39062;60923.51172
2024-08-10 16:00:00;60539.98828;61150.011719;60402;61005.32031
2024-08-10 12:00:00;60931.23047;60931.23047;60419.39062;60515.89844
2024-08-10 08:00:00;60862.83984;61100;60654.64844;60914.011719
2024-08-10 04:00:00;60437.83984;60842;60262.050781;60842
2024-08-10 00:00:00;60838;61252.98828;60313.62109;60437.83984
2024-08-09 20:00:00;60638.058594;60982.011719;59917.41016;60852.46875
2024-08-09 16:00:00;59819.69922;60730.03125;59814.82031;60676.019531
2024-08-09 12:00:00;60659.78906;61094;59545.37109;59800.011719
2024-08-09 08:00:00;60881.83984;61200.058594;60226.011719;60681.82031
2024-08-09 04:00:00;61320;61345;60588.64062;60863.57031
2024-08-09 00:00:00;61663.98828;61691.62891;60810;61358.41016
2024-08-08 20:00:00;59424.98828;62609.98828;59326.30078;61688.03125
2024-08-08 16:00:00;59410.12109;59819.60156;59285;59414.51172
2024-08-08 12:00:00;57354.48828;59471.96875;56857.37109;59411.53125
2024-08-08 08:00:00;57187.33984;57599.98047;57028.46875;57322.16016
2024-08-08 04:00:00;57113.98828;57390.070312;56739.62109;57182.050781
2024-08-08 00:00:00;55082.19922;57627.39062;54808;57081.46875
2024-08-07 20:00:00;54796.76172;55565.21094;54596.011719;55118.30078
2024-08-07 16:00:00;56070;56274.070312;54685.75;54823.14062
2024-08-07 12:00:00;56984;57471.42188;55718.011719;56098.98828
2024-08-07 08:00:00;56918;57656.011719;56898.019531;56936
2024-08-07 04:00:00;56834;57211.14844;56574;56916.5
2024-08-07 00:00:00;56039.98828;57268;55668;56870
2024-08-06 20:00:00;56724.48047;56906;55909.98828;56052.26953
2024-08-06 16:00:00;56436;57022.011719;56323.98828;56808
2024-08-06 12:00:00;55160.55859;56540.37109;54536;56410.011719
2024-08-06 08:00:00;55948;56080;54650;55238
2024-08-06 04:00:00;55658;56120.69141;55268;56016
2024-08-06 00:00:00;54016.078125;56226;53993.94922;55674.011719
2024-08-05 20:00:00;53550;55154.32812;53550;53968
2024-08-05 16:00:00;54264.23828;55457.73047;52614;53493.17188
2024-08-05 12:00:00;51259.26953;54898.94141;49603.80078;54311.55859
2024-08-05 08:00:00;52594.011719;53155.98828;50696;51409.46875
2024-08-05 04:00:00;53888;54524.80859;49551;52630.019531
2024-08-05 00:00:00;58189.98828;58294.96875;52555.011719;54000
2024-08-04 20:00:00;59228.85156;59546.33984;58010.011719;58148.011719
2024-08-04 16:00:00;59119.98828;59426.80078;57367.070312;59236
2024-08-04 12:00:00;60890.37109;61072;58975.98828;59086.019531
2024-08-04 08:00:00;60366.011719;60998.98828;60146.019531;60901.070312
2024-08-04 04:00:00;60734;60917.12891;60290.21094;60371.35938
2024-08-04 00:00:00;60682.011719;61092;60336;60731.12109
2024-08-03 20:00:00;60245.32812;60820.94141;59904;60705.26172
2024-08-03 16:00:00;60928.011719;61240;59972.26953;60280
2024-08-03 12:00:00;61886;62193.69922;60884.78125;60906.53125
2024-08-03 08:00:00;61656.23828;61991.98047;61457.89062;61919.39062
2024-08-03 04:00:00;61890;61963.98828;61398.019531;61662.019531
2024-08-03 00:00:00;61441.85156;61965.98828;60574.80859;61863.98828
2024-08-02 20:00:00;62668;63181.30078;61233.26172;61499.98828
2024-08-02 16:00:00;63406;63528;62540.011719;62668
2024-08-02 12:00:00;64656.011719;65509.98828;62498.87109;63428
2024-08-02 08:00:00;64187.46094;64967.73828;64074.011719;64660.011719
2024-08-02 04:00:00;64609.17969;64641.26172;63844.26953;64196.03125
2024-08-02 00:00:00;65390;65576.3125;63723.14062;64616
2024-08-01 20:00:00;63467.98828;65610;63348.011719;65354.019531
2024-08-01 16:00:00;62867.28125;63487.039062;62313.60938;63424
2024-08-01 12:00:00;64658;64912;62794.53906;62928.011719
2024-08-01 08:00:00;64334;64688;64334;64674.21094
2024-08-01 04:00:00;63920;64471.98828;63616.98828;64335.46094
2024-08-01 00:00:00;64610.011719;64841.28125;63779.83984;63950
2024-07-31 20:00:00;65210.011719;65385.78125;64544;64627.98047
2024-07-31 16:00:00;66398;66814.0078125;65000.17188;65215.30078
2024-07-31 12:00:00;66100;66828;66049.5;66377.99219
2024-07-31 08:00:00;66229.25;66370.35938;65966;66096.0078125
2024-07-31 04:00:00;66080;66514.39062;65500;66224.0078125
2024-07-31 00:00:00;66176;66396.0078125;65898.74219;66072
2024-07-30 20:00:00;65914.90625;66354.0078125;65330.92969;66188.0078125
2024-07-30 16:00:00;66214.0078125;66545.46094;65604;65990.71875
2024-07-30 12:00:00;66566;66909.50781;65612;66252.0078125
2024-07-30 08:00:00;66954.0078125;66988.67188;66414.67969;66598.13281
2024-07-30 04:00:00;66600.0078125;67000;66332;66934
2024-07-30 00:00:00;66805.39844;66885.99219;65880.21875;66610
2024-07-29 20:00:00;67270;67553.46094;66651.22656;66800.0078125
2024-07-29 16:00:00;68104;68104;66550.078125;67324.15625
2024-07-29 12:00:00;69598.90625;69992.61719;67700;68104.0078125
2024-07-29 08:00:00;69536.0078125;69816.070312;69400;69600.0078125
2024-07-29 04:00:00;69378;69864;69275.5;69523.99219
2024-07-29 00:00:00;68263.0078125;69758;68183.49219;69347.86719
2024-07-28 20:00:00;68135.46875;68273.36719;67836;68255.64062
2024-07-28 16:00:00;67640;68296.0078125;67624.0078125;68108.0078125
2024-07-28 12:00:00;67829.97656;68104;67610.0078125;67640.0078125
2024-07-28 08:00:00;67520.79688;67966;67250.0078125;67826.70312
2024-07-28 04:00:00;67949.96094;68024.17969;67070.34375;67560.85938
2024-07-28 00:00:00;67788.0078125;68284.070312;67386;67941.39844
2024-07-27 20:00:00;68139.64062;69070;66764;67888.47656
2024-07-27 16:00:00;68843.99219;68990;67923.20312;68267.17969
2024-07-27 12:00:00;68209.86719;69386;68209.86719;68843.99219
2024-07-27 08:00:00;68083.86719;68268;67897.89062;68209.078125
2024-07-27 04:00:00;67790;68276.0078125;67788;68039.4375
2024-07-27 00:00:00;67946.0078125;68079.82031;67639.90625;67797.99219
2024-07-26 20:00:00;67921.99219;68199.99219;67413.50781;67902.0078125
2024-07-26 16:00:00;67572.0078125;68117.95312;67315.97656;67989.99219
2024-07-26 12:00:00;67353.75;67982.25781;66916.0078125;67560.0078125
2024-07-26 08:00:00;66915.25;67483.1875;66915.25;67322
2024-07-26 04:00:00;67066;67186;66883.24219;66891.75781
2024-07-26 00:00:00;65830.11719;67456;65770;67060.023438
2024-07-25 20:00:00;64733.98828;66083.99219;64447.25;65799.95312
2024-07-25 16:00:00;64808.011719;65187.82031;64401.73047;64722.92188
2024-07-25 12:00:00;64100;64978;63511.98828;64754.011719
2024-07-25 08:00:00;64126.011719;64476;63928.89062;64104.011719
2024-07-25 04:00:00;64040.011719;64382.39844;63871.5;64124
2024-07-25 00:00:00;65384;65620;63918;64132.011719
2024-07-24 20:00:00;65648.71875;66066.64844;65153.53906;65359.75
2024-07-24 16:00:00;66209.99219;66697.36719;65590;65726.0078125
2024-07-24 12:00:00;66365.92188;67056;66094;66210
2024-07-24 08:00:00;66093.070312;66600;66011.45312;66374.0078125
2024-07-24 04:00:00;66042.023438;66077.99219;65615.85938;66077.99219
2024-07-24 00:00:00;65950;66109.97656;65480.35938;66052.71094
2024-07-23 20:00:00;65570.42188;66043.70312;65556.35156;65934.0078125
2024-07-23 16:00:00;66584;66720;65527.28125;65561.95312
2024-07-23 12:00:00;66668.0078125;67300;65984.25;66585.99219
2024-07-23 08:00:00;66576.0078125;67152.40625;66486.0078125;66678.10156
2024-07-23 04:00:00;67458;67516.0078125;66302;66538.0078125
2024-07-23 00:00:00;67546.0078125;67750.96875;67236.3125;67457.99219
2024-07-22 20:00:00;68250;68250;67252.17188;67532
2024-07-22 16:00:00;67099.99219;68226.25;66816.1875;68226.25
2024-07-22 12:00:00;67526;67919.97656;66606;67069.99219
2024-07-22 08:00:00;67232.71094;67578.36719;66998.0078125;67506
2024-07-22 04:00:00;67858.64062;67986.14062;67200;67220.67969
2024-07-22 00:00:00;68214;68466.0078125;67784.0078125;67880
2024-07-21 20:00:00;67390;68363.1875;67278.0078125;68150
2024-07-21 16:00:00;67162.0078125;67696.0078125;65843.95312;67424
2024-07-21 12:00:00;66865.64062;67489.99219;66624;67164
2024-07-21 08:00:00;66680.0078125;67044.0078125;66680.0078125;66872
2024-07-21 04:00:00;67171.32031;67220.52344;66618;66692
2024-07-21 00:00:00;67181;67389.99219;66968.78125;67171.32031
2024-07-20 20:00:00;67223.99219;67430;66851.99219;67141.60938
2024-07-20 16:00:00;66827.99219;67577.15625;66688.71094;67224
2024-07-20 12:00:00;66487.99219;66823.60156;66310.0078125;66799.84375
2024-07-20 08:00:00;66550;66725.54688;66464;66483.67969
2024-07-20 04:00:00;66611.82031;66762.0078125;66436.4375;66564.023438
2024-07-20 00:00:00;66699.78125;66816.0078125;66246.17969;66604
2024-07-19 20:00:00;67169.89844;67352.4375;66632.49219;66665.97656
2024-07-19 16:00:00;65860.82812;67365.46875;65860.82812;67141.75781
2024-07-19 12:00:00;64126;65865.42969;64055.80078;65813.15625
2024-07-19 08:00:00;63726;64171.98047;63420;64104.050781
2024-07-19 04:00:00;64325.16016;64468.011719;63637.98828;63698.71094
2024-07-19 00:00:00;63952.011719;64363.26172;63340.078125;64318.32031
2024-07-18 20:00:00;63568.12891;64121.26953;63444;63980
2024-07-18 16:00:00;63524.28906;63949.98828;63250.011719;63531.98828
2024-07-18 12:00:00;64767.98828;65107.011719;63462;63551.55078
2024-07-18 08:00:00;64684.011719;64950;64447.19141;64758.48047
2024-07-18 04:00:00;64879.98828;65056.80859;64437.73047;64661.12891
2024-07-18 00:00:00;64104;65042.011719;63917.98828;64875
2024-07-17 20:00:00;64581.23047;64672.87891;64058.011719;64088
2024-07-17 16:00:00;64724.011719;64747.98828;63891;64567.23047
2024-07-17 12:00:00;64722.44141;65362.58984;64575.98828;64733.98047
2024-07-17 08:00:00;65258;65468;64566.011719;64698.94922
2024-07-17 04:00:00;65729.63281;65981.99219;65224.019531;65270
2024-07-17 00:00:00;65068.039062;66056.77344;64974;65707.21094
2024-07-16 20:00:00;65122.51953;65312;64179.44922;65038.011719
2024-07-16 16:00:00;64935.19141;65177.76953;64180.96094;65177.76953
2024-07-16 12:00:00;63774;64939.17969;63114.71094;64880.73828
2024-07-16 08:00:00;62888.73047;63854;62400;63729.98828
2024-07-16 04:00:00;64746.76172;64966;62766.011719;62866.82031
2024-07-16 00:00:00;64776.011719;64948.011719;64441.96094;64752.12891
2024-07-15 20:00:00;63346;64853.19141;63273.33984;64727.03125
2024-07-15 16:00:00;63018;63768;62878.41016;63308.92969
2024-07-15 12:00:00;62488.98828;63276.78906;62460;63029.98828
2024-07-15 08:00:00;62854.011719;63155.98828;62322.76953;62454
2024-07-15 04:00:00;62685.87109;63030;62441.98828;62840.12109
2024-07-15 00:00:00;60795.76953;62716.87109;60676.80859;62647.85938
2024-07-14 20:00:00;59915.98828;61276.35938;59888.14062;60786.35156
2024-07-14 16:00:00;60034;60157.03125;59900;59915.98828
2024-07-14 12:00:00;60098.66016;60143.82031;59503.011719;60084
2024-07-14 08:00:00;60104.12109;60352;59905.71094;60099.089844
2024-07-14 04:00:00;59466.14844;60284;59418.67969;60062.011719
2024-07-14 00:00:00;59200.71094;59831.96875;59200.71094;59475.23047
2024-07-13 20:00:00;58570.48828;59842;58308;59200
2024-07-13 16:00:00;58837.14062;58954;58581.98828;58633.51172
2024-07-13 12:00:00;58531.92969;58890.33984;58444;58829.76172
2024-07-13 08:00:00;58193.48047;58742.35938;57914.17969;58533.98828
2024-07-13 04:00:00;57810.82031;58192.82031;57769.82812;58170.32031
2024-07-13 00:00:00;57889.10938;57979.42188;57763.23047;57798.69922
2024-07-12 20:00:00;57634.32031;57906.089844;57186;57889.089844
2024-07-12 16:00:00;58213.98828;58516;57620;57620
2024-07-12 12:00:00;57218.96094;58262.19922;57151.98047;58229.98828
2024-07-12 08:00:00;57097.17188;57328.011719;56803.98828;57195.17188
2024-07-12 04:00:00;56985.98828;57392;56730;57097.89844
2024-07-12 00:00:00;57368.96875;57562.96094;56570;56914.19141
2024-07-11 20:00:00;57386;57608.011719;57165.98828;57331.32812
2024-07-11 16:00:00;57451.98047;57990;57219.73828;57365.62109
2024-07-11 12:00:00;58776.53125;59420;57298.011719;57368.011719
2024-07-11 08:00:00;58196;58879.98828;58071.87891;58804.011719
2024-07-11 04:00:00;57563.98047;58277.33984;57499.44141;58191.51172
2024-07-11 00:00:00;57674.32031;58356.76172;57094.011719;57564
2024-07-10 20:00:00;57392.03125;57867;57188.35156;57753.85156
2024-07-10 16:00:00;57744.78906;58000.28906;57367.78125;57445.64062
2024-07-10 12:00:00;58468.46094;58549.98828;57509.89844;57708.73047
2024-07-10 08:00:00;58981.75;59017.35938;58350;58491.98828
2024-07-10 04:00:00;58204;59414;58204;58977.98047
2024-07-10 00:00:00;58036.089844;58189.98828;57379.98828;58189.98828
2024-07-09 20:00:00;57870;58211.71094;57714;58035.03125
2024-07-09 16:00:00;57476;58228;57370.83984;57875.98828
2024-07-09 12:00:00;57482.48047;58027.98828;57004.92188;57498
2024-07-09 08:00:00;57116;57811;57027.85156;57440.41016
2024-07-09 04:00:00;57180.23828;57664.98828;57024.46875;57086
2024-07-09 00:00:00;56690.011719;57297.98828;56306.011719;57175.98828
2024-07-08 20:00:00;56490;56946.75;56200.011719;56724.92188
2024-07-08 16:00:00;55792;56544.48828;55463.98828;56496.011719
2024-07-08 12:00:00;57169.94922;57558;55220.64062;55758
2024-07-08 08:00:00;55812;58126.92969;55758.57812;57141.91016
2024-07-08 04:00:00;55173.98828;55896.98828;54977.51172;55860.21875
2024-07-08 00:00:00;55846.17969;56005.98828;54316;55168.011719
2024-07-07 20:00:00;57135.10156;57300.011719;55731.10938;55858
2024-07-07 16:00:00;56821.10938;57386.87891;56778;57131.10938
2024-07-07 12:00:00;57446;57620.82812;56612.89062;56832.011719
2024-07-07 08:00:00;57371.089844;57891.46875;57369.60156;57446
2024-07-07 04:00:00;57953.64062;58004.011719;57092.21875;57369.98828
2024-07-07 00:00:00;58230.14062;58392.64844;57854.011719;57963.98828
2024-07-06 20:00:00;57836.011719;58458.011719;57823.89062;58276.75
2024-07-06 16:00:00;57296;57999.98828;57198.019531;57848.10938
2024-07-06 12:00:00;56730;57404.75;56524.011719;57304
2024-07-06 08:00:00;56612;56848.32031;56448.75;56731.42188
2024-07-06 04:00:00;56388.011719;56665.53125;56018.60938;56615.67969
2024-07-06 00:00:00;56599.87109;56965.64844;56196;56401.10156
2024-07-05 20:00:00;56471.10156;56843.98828;56316.89062;56640.5
2024-07-05 16:00:00;56689.46875;56915.98828;55890.62109;56410.011719
2024-07-05 12:00:00;55476.16016;56627.98828;54859.98828;56627.98828
2024-07-05 08:00:00;54410;55617.98828;53924;55486.66016
2024-07-05 04:00:00;55210;55346.019531;53885.98828;54352
2024-07-05 00:00:00;57023.14844;57514;55082.85156;55228
2024-07-04 20:00:00;58283.62891;58748.089844;57026.76953;57026.76953
2024-07-04 16:00:00;58058.82812;58663.058594;57782;58283.62109
2024-07-04 12:00:00;57724.39844;58256.011719;56808.011719;58117.98828
2024-07-04 08:00:00;58194;58506.17969;57111.011719;57758
2024-07-04 04:00:00;59092.039062;59147.96875;58112.011719;58217.039062
2024-07-04 00:00:00;60240;60475.89844;58051.30078;59107.98828
2024-07-03 20:00:00;59744;60371.55859;59481.37891;60208.57812
2024-07-03 16:00:00;60176.69922;60630.30859;59703.82812;59703.82812
2024-07-03 12:00:00;60356;60612.64062;59773.98828;60180.76172
2024-07-03 08:00:00;60868;60976;59810.82812;60386.39062
2024-07-03 04:00:00;60946;61173.85156;60816.011719;60898.23047
2024-07-03 00:00:00;62135.46094;62285.94141;60815.58984;60985.92188
2024-07-02 20:00:00;61964.011719;62181.23828;61885.98828;62128.011719
2024-07-02 16:00:00;61928.058594;62368.80859;61816.28906;61903.48047
2024-07-02 12:00:00;62828.019531;63144;61890.011719;61916
2024-07-02 08:00:00;62621.98828;62854.011719;62453.98828;62823.98828
2024-07-02 04:00:00;63143.87109;63236;62580.011719;62632.019531
2024-07-02 00:00:00;62917.98047;63264.23828;62816.30078;63138.67969
2024-07-01 20:00:00;63177.23047;63416.011719;62810.12891;62906
2024-07-01 16:00:00;63167.76953;63850.12891;63006.60938;63339.98828
2024-07-01 12:00:00;62686.35156;63132.89844;62588;63132.89844
2024-07-01 08:00:00;63268;63311.69922;62597.57812;62661
2024-07-01 04:00:00;63442;63461.96094;63223.21094;63277.82812
2024-07-01 00:00:00;62783.078125;63800;62605.73047;63437.69141
2024-06-30 20:00:00;62025.62109;63014.23828;61866.39844;62762.32031
2024-06-30 16:00:00;61729.98828;62072.80859;61596.42969;62024.011719
2024-06-30 12:00:00;61583.98828;61824.85156;61350.011719;61707.37109
2024-06-30 08:00:00;61580;61687.98828;61412.42188;61560
2024-06-30 04:00:00;60890.011719;61759.75;60712.21875;61520.12891
2024-06-30 00:00:00;60986.67969;61074;60767.76953;60898.32031
2024-06-29 20:00:00;61036;61089.60938;60904.78906;60986.67188
2024-06-29 16:00:00;61106.10156;61106.10156;60919.21875;61057.39062
2024-06-29 12:00:00;61113.46875;61179.98828;60959.070312;61105.98828
2024-06-29 08:00:00;61075.019531;61217.33984;60890.21094;61102.32031
2024-06-29 04:00:00;60762;61134.53125;60710.67969;61051.44922
2024-06-29 00:00:00;60449.98828;61009.28125;60397.46875;60753.89844
2024-06-28 20:00:00;60127.98828;60449.98828;60127.98828;60427.82812
2024-06-28 16:00:00;61082.98047;61114.44141;60208.94141;60208.94141
2024-06-28 12:00:00;61689.98828;61809.92969;60767.69141;61066.26953
2024-06-28 08:00:00;61370;61751.69141;61225.98828;61657.66016
2024-06-28 04:00:00;61830.011719;61830.011719;61250;61377.98828
2024-06-28 00:00:00;61693.94922;62192.21875;61489.53125;61828.17188
2024-06-27 20:00:00;61468.62109;61706.46875;61391.98828;61706.46875
2024-06-27 16:00:00;61609.98828;62013.28125;61437.21094;61500.26172
2024-06-27 12:00:00;61191.21875;62366.46094;61160;61616
2024-06-27 08:00:00;60798;61418.76172;60739.011719;61213.75
2024-06-27 04:00:00;61050.73047;61176.80078;60648.17188;60796
2024-06-27 00:00:00;60864.98828;61214.96875;60799.98828;61016.48047
2024-06-26 20:00:00;61000;61110;60717.71094;60854
2024-06-26 16:00:00;61442.03125;61547.019531;60736.89062;61070
2024-06-26 12:00:00;61420.011719;61970;61210.62891;61459.98828
2024-06-26 08:00:00;61742.011719;61742.011719;61193.57812;61445.25
2024-06-26 04:00:00;61943.98828;61989.98828;61520.011719;61720
2024-06-26 00:00:00;61805.32031;62476.98047;61649.53125;61939.98828
2024-06-25 20:00:00;62020;62162.48047;61675.83984;61824
2024-06-25 16:00:00;61827.98828;62241;61231.46094;61978.28125
2024-06-25 12:00:00;61160.12891;62085.96875;61002.23828;61851.98828
2024-06-25 08:00:00;60682.25;61528.73047;60682.25;61203.33984
2024-06-25 04:00:00;61317.51953;61414.58984;60628;60640
2024-06-25 00:00:00;60278.28125;61589.53906;60268.17188;61302
2024-06-24 20:00:00;59529.39844;60432.87891;58562.89062;60299.55859
2024-06-24 16:00:00;60822.011719;61019.32031;59132.011719;59132.011719
2024-06-24 12:00:00;61272.19141;61683.98828;60723.98828;60838.019531
2024-06-24 08:00:00;62463.98828;62949.98828;60866.011719;61282.011719
2024-06-24 04:00:00;62854.10156;62950;62205.078125;62447.98828
2024-06-24 00:00:00;63178.011719;63369.78906;62740.019531;62862.011719
2024-06-23 20:00:00;64159;64159;63202.011719;63202.011719
2024-06-23 16:00:00;64094.011719;64184.5;63927.51172;64136.64844
2024-06-23 12:00:00;64341.44922;64425.17969;64072;64094.011719
2024-06-23 08:00:00;64415.26953;64437.26953;64256.019531;64341.44922
2024-06-23 04:00:00;64419.71875;64433.019531;64349.48828;64415.26172
2024-06-23 00:00:00;64262;64521;64262;64426.71875
2024-06-22 20:00:00;64295.019531;64330;64246.011719;64262
2024-06-22 16:00:00;64321.69922;64362;64220;64295.019531
2024-06-22 12:00:00;64277.48047;64387.51172;64253.62109;64307.089844
2024-06-22 08:00:00;64522.011719;64528.91016;64232.83984;64265.26953
2024-06-22 04:00:00;64333.011719;64528.94922;64253.070312;64508.25
2024-06-22 00:00:00;64143.55078;64342.53125;63947.050781;64325.98828
2024-06-21 20:00:00;64322.48047;64395;63838;64131.10938
2024-06-21 16:00:00;63694.011719;64230;63484.12109;64164
2024-06-21 12:00:00;63765.078125;64338.17969;63443.94141;63680.58984
2024-06-21 08:00:00;64236.87109;64370.83984;63594.019531;63775.37109
2024-06-21 04:00:00;64509.98828;64735.35156;64236;64236
2024-06-21 00:00:00;64869.98828;65062;64509.87109;64509.87109
2024-06-20 20:00:00;65066.19141;65188.23047;64848.69922;64848.69922
2024-06-20 16:00:00;64822.26172;65202.87891;64570;65030
2024-06-20 12:00:00;66198.13281;66282;64658.070312;64868.26172
2024-06-20 08:00:00;65874.39844;66475;65615.15625;66170.5625
2024-06-20 04:00:00;65194.25;65956.89062;65083.98828;65840.64062
2024-06-20 00:00:00;64974.37891;65360.28906;64839.98828;65175.41016
2024-06-19 20:00:00;64893.98828;65087.75;64707.48828;64995.17969
2024-06-19 16:00:00;64917.87891;65200;64801.16016;64882.011719
2024-06-19 12:00:00;65210.011719;65298.87109;64812.48828;64921.98828
2024-06-19 08:00:00;65326.89062;65524.51172;65032;65215.070312
2024-06-19 04:00:00;65410.011719;65709.28125;65230;65326.89062
2024-06-19 00:00:00;65183.98828;65562.0078125;64855.32812;65416.66016
2024-06-18 20:00:00;64403.28125;65305;64234.21094;65154.25
