datetime;open;high;low;close
2026-09-30 00:00:00;119.15;120.07;118.51;119.14
2026-09-29 20:00:00;118.81;119.68;118.52;119.15
2026-09-29 16:00:00;118.22;119.53;117.36;118.8
2026-09-29 12:00:00;120.15;121.69;117.95;118.22
2026-09-29 08:00:00;119.55;120.4;118.88;120.14
2026-09-29 04:00:00;117.86;119.92;117.11;119.54
2026-09-29 00:00:00;118.89;119.13;116.32;117.86
2026-09-28 20:00:00;118.37;119.15;117.26;118.89
2026-09-28 16:00:00;118.71;120.73;118.01;118.37
2026-09-28 12:00:00;118.72;120.39;117.36;118.71
2026-09-28 08:00:00;118.05;118.84;117.58;118.73
2026-09-28 04:00:00;119.86;120.23;117.9;118.06
2026-09-28 00:00:00;122;122.93;119.45;119.85
2026-09-27 20:00:00;123.04;123.45;120.96;121.99
2026-09-27 16:00:00;121.76;123.43;121.69;123.03
2026-09-27 12:00:00;123.94;124.42;121.28;121.75
2026-09-27 08:00:00;124.13;124.95;123.37;123.94
2026-09-27 04:00:00;120.61;124.4;120.1;124.12
2026-09-27 00:00:00;121.41;121.69;120.56;120.61
2026-09-26 20:00:00;121.15;121.83;120.07;121.41
2026-09-26 16:00:00;121.89;121.9;120.81;121.14
2026-09-26 12:00:00;121.29;122.1;120.22;121.88
2026-09-26 08:00:00;120.76;121.45;119.82;121.28
2026-09-26 04:00:00;120.64;120.97;120.14;120.76
2026-09-26 00:00:00;122.15;122.44;120.53;120.64
2026-09-25 20:00:00;121.92;122.94;120.82;122.15
2026-09-25 16:00:00;120.14;122.78;120.09;121.91
2026-09-25 12:00:00;120.83;121.48;118.27;120.13
2026-09-25 08:00:00;116.38;122.33;116.34;120.82
2026-09-25 04:00:00;116.9;117.34;115.86;116.38
2026-09-25 00:00:00;117.04;118.44;116.5;116.9
2026-09-24 20:00:00;117.29;117.45;116.12;117.04
2026-09-24 16:00:00;116.33;117.79;115.92;117.3
2026-09-24 12:00:00;113.34;116.63;113.11;116.33
2026-09-24 08:00:00;115.52;115.64;112.52;113.35
2026-09-24 04:00:00;114.71;116.13;114.4;115.52
2026-09-24 00:00:00;114.99;115.71;114.07;114.7
2026-09-23 20:00:00;114.53;115.63;113.88;114.99
2026-09-23 16:00:00;113.86;115.27;113.16;114.52
2026-09-23 12:00:00;117.09;117.27;113;113.86
2026-09-23 08:00:00;117.9;118.34;116.44;117.1
2026-09-23 04:00:00;119.12;119.77;117.56;117.9
2026-09-23 00:00:00;118.57;119.66;117.85;119.12
2026-09-22 20:00:00;118.25;119.28;117.62;118.57
2026-09-22 16:00:00;117.38;118.72;116.7;118.26
2026-09-22 12:00:00;117.34;118;115.89;117.38
2026-09-22 08:00:00;116.32;118.03;115.79;117.34
2026-09-22 04:00:00;116.8;117.18;115.54;116.32
2026-09-22 00:00:00;118.91;119.48;116.3;116.8
2026-09-21 20:00:00;118.37;119.99;118.21;118.9
2026-09-21 16:00:00;117.94;118.48;116.68;118.36
2026-09-21 12:00:00;116.8;119.15;116.2;117.94
2026-09-21 08:00:00;112.11;117.18;112.07;116.8
2026-09-21 04:00:00;111.58;112.57;111.05;112.11
2026-09-21 00:00:00;111.17;113.42;110.69;111.58
2026-09-20 20:00:00;110.45;111.46;109.01;111.17
2026-09-20 16:00:00;108.81;110.85;108.51;110.45
2026-09-20 12:00:00;108.48;108.86;107.94;108.82
2026-09-20 08:00:00;108.47;108.85;107.71;108.48
2026-09-20 04:00:00;108.9;109.26;108.1;108.47
2026-09-20 00:00:00;111.06;111.17;107.4;108.89
2026-09-19 20:00:00;111.17;111.37;110.08;111.06
2026-09-19 16:00:00;111.65;112.46;110.68;111.18
2026-09-19 12:00:00;111.89;112.21;111.29;111.64
2026-09-19 08:00:00;111.61;112.5;111.47;111.9
2026-09-19 04:00:00;113.24;113.44;111.18;111.61
2026-09-19 00:00:00;112.72;114.09;112.33;113.25
2026-09-18 20:00:00;114.22;114.23;112.51;112.72
2026-09-18 16:00:00;111.15;114.32;111.01;114.23
2026-09-18 12:00:00;105.74;111.59;105.36;111.15
2026-09-18 08:00:00;105.78;106.67;105.29;105.74
2026-09-18 04:00:00;104.6;106.12;104.42;105.78
2026-09-18 00:00:00;101.63;105.09;100.9;104.59
2026-09-17 20:00:00;100.97;101.76;100.77;101.64
2026-09-17 16:00:00;101.28;102.05;100.69;100.96
2026-09-17 12:00:00;100.13;101.8;99.66;101.29
2026-09-17 08:00:00;100.03;100.89;99.53;100.13
2026-09-17 04:00:00;99.96;100.36;99.11;100.03
2026-09-17 00:00:00;98.66;100.04;98.47;99.95
2026-09-16 20:00:00;98.08;98.9;97.38;98.66
2026-09-16 16:00:00;97.11;98.94;96.09;98.08
2026-09-16 12:00:00;98.02;98.12;96.65;97.1
2026-09-16 08:00:00;96.97;98.32;96.41;98.02
2026-09-16 04:00:00;97.26;97.73;96.87;96.98
2026-09-16 00:00:00;96.88;97.6;96.38;97.25
2026-09-15 20:00:00;97.9;98.09;96.31;96.88
2026-09-15 16:00:00;99.37;100.71;95.82;97.9
2026-09-15 12:00:00;100.86;101.39;98.02;99.36
2026-09-15 08:00:00;100.44;101.11;100.08;100.86
2026-09-15 04:00:00;101.55;101.72;100.35;100.44
2026-09-15 00:00:00;102.54;102.86;101.19;101.55
2026-09-14 20:00:00;103.26;104.82;102.43;102.53
2026-09-14 16:00:00;101.96;103.85;101.86;103.25
2026-09-14 12:00:00;101.38;102.28;100.67;101.97
2026-09-14 08:00:00;101.61;102.34;101.24;101.38
2026-09-14 04:00:00;100.99;102;100.88;101.61
2026-09-14 00:00:00;99.31;101.34;99;100.98
2026-09-13 20:00:00;100.97;101.62;99.19;99.3
2026-09-13 16:00:00;100.26;101.33;100.25;100.97
2026-09-13 12:00:00;99.83;100.89;99.43;100.26
2026-09-13 08:00:00;100.72;100.87;99.42;99.83
2026-09-13 04:00:00;101.63;101.93;100.67;100.72
2026-09-13 00:00:00;101.77;102.34;101.55;101.63
2026-09-12 20:00:00;101.28;101.9;101.25;101.76
2026-09-12 16:00:00;102.06;102.16;101.23;101.27
2026-09-12 12:00:00;102.14;102.42;101.77;102.06
2026-09-12 08:00:00;101.66;102.26;101.56;102.13
2026-09-12 04:00:00;101.65;101.94;101.41;101.66
2026-09-12 00:00:00;102.45;102.59;101.44;101.64
2026-09-11 20:00:00;102.02;103.1;101.54;102.46
2026-09-11 16:00:00;101.6;102.48;100.38;102.02
2026-09-11 12:00:00;99.49;105.8;98;101.61
2026-09-11 08:00:00;99.75;100.29;98.6;99.49
2026-09-11 04:00:00;99.32;100.13;99.24;99.75
2026-09-11 00:00:00;98.67;99.53;98.6;99.31
2026-09-10 20:00:00;99.69;100.15;98.6;98.67
2026-09-10 16:00:00;99.74;100.46;98.84;99.69
2026-09-10 12:00:00;101;101.49;98.5;99.74
2026-09-10 08:00:00;101.3;101.54;100.81;101.01
2026-09-10 04:00:00;101.83;102.19;100.83;101.31
2026-09-10 00:00:00;101.57;102.07;100.5;101.83
2026-09-09 20:00:00;102.34;102.68;100.33;101.57
2026-09-09 16:00:00;103.08;103.83;102.16;102.35
2026-09-09 12:00:00;104.25;104.83;102.07;103.08
2026-09-09 08:00:00;104.58;105.05;103.3;104.25
2026-09-09 04:00:00;103.31;105.2;103.3;104.58
2026-09-09 00:00:00;103.37;104.02;102.92;103.3
2026-09-08 20:00:00;103.24;103.8;102.82;103.37
2026-09-08 16:00:00;104.3;104.83;102.89;103.24
2026-09-08 12:00:00;102.88;104.39;101.72;104.31
2026-09-08 08:00:00;102.95;104.09;102.49;102.87
2026-09-08 04:00:00;103.36;103.51;102.44;102.95
2026-09-08 00:00:00;103.81;104.53;102.74;103.36
2026-09-07 20:00:00;104.36;104.41;103.18;103.8
2026-09-07 16:00:00;103.27;104.43;103.21;104.35
2026-09-07 12:00:00;104.93;105.93;102.96;103.26
2026-09-07 08:00:00;104.48;105.18;104.41;104.92
2026-09-07 04:00:00;104.95;105.83;103.8;104.48
2026-09-07 00:00:00;106.55;107.06;104.93;104.95
2026-09-06 20:00:00;105.49;106.77;104.97;106.55
2026-09-06 16:00:00;105.75;106.59;105.36;105.48
2026-09-06 12:00:00;106.46;107.36;104.93;105.76
2026-09-06 08:00:00;105.24;107.3;105;106.47
2026-09-06 04:00:00;105.95;106.83;104.69;105.23
2026-09-06 00:00:00;103.18;107.07;103.17;105.95
2026-09-05 20:00:00;103.4;103.99;102.94;103.18
2026-09-05 16:00:00;102.95;104.37;102.79;103.41
2026-09-05 12:00:00;102.34;103.43;102.29;102.95
2026-09-05 08:00:00;102.22;102.82;102.11;102.35
2026-09-05 04:00:00;101.89;102.62;101.6;102.23
2026-09-05 00:00:00;101.93;102.2;101.7;101.89
2026-09-04 20:00:00;101.7;101.98;101.47;101.93
2026-09-04 16:00:00;101.45;102.09;101.08;101.69
2026-09-04 12:00:00;104.09;104.45;100.21;101.46
2026-09-04 08:00:00;103.61;104.79;103.21;104.09
2026-09-04 04:00:00;103.72;104.37;103.34;103.6
2026-09-04 00:00:00;103.95;104.33;103.24;103.72
2026-09-03 20:00:00;105.29;105.72;103.66;103.94
2026-09-03 16:00:00;105.17;105.91;103.85;105.28
2026-09-03 12:00:00;100.8;105.66;100.63;105.17
2026-09-03 08:00:00;100.41;101.13;99.93;100.81
2026-09-03 04:00:00;100.52;101.39;99.72;100.41
2026-09-03 00:00:00;100.44;101.34;99.23;100.51
2026-09-02 20:00:00;99.43;100.53;99.21;100.43
2026-09-02 16:00:00;99.33;99.81;98.21;99.43
2026-09-02 12:00:00;98.11;99.8;97.65;99.33
2026-09-02 08:00:00;99.85;100.02;97.38;98.12
2026-09-02 04:00:00;100.3;100.43;99.68;99.85
2026-09-02 00:00:00;100.01;100.71;98.52;100.29
2026-09-01 20:00:00;100.09;100.35;98.94;100
2026-09-01 16:00:00;102.05;102.07;98.33;100.08
2026-09-01 12:00:00;102.28;102.59;101.01;102.05
2026-09-01 08:00:00;103.15;103.22;101.8;102.29
2026-09-01 04:00:00;103.66;104.38;102.8;103.15
2026-09-01 00:00:00;103.06;104.2;102.74;103.66
2026-08-31 20:00:00;103.6;104.29;102.88;103.06
2026-08-31 16:00:00;102.88;105;102.45;103.61
2026-08-31 12:00:00;103.4;103.93;102.18;102.88
2026-08-31 08:00:00;102.99;104.17;102.46;103.4
2026-08-31 04:00:00;101.95;103.18;100.9;102.98
2026-08-31 00:00:00;101.75;102.62;101.12;101.94
2026-08-30 20:00:00;105.82;106.03;100.31;101.75
2026-08-30 16:00:00;106.29;107.15;105.26;105.82
2026-08-30 12:00:00;105.11;107.48;105.08;106.29
2026-08-30 08:00:00;104.84;105.32;104.47;105.12
2026-08-30 04:00:00;105.07;105.44;104.68;104.85
2026-08-30 00:00:00;105.61;105.71;104.96;105.07
2026-08-29 20:00:00;105.36;105.78;104.76;105.61
2026-08-29 16:00:00;105.03;105.88;104.37;105.35
2026-08-29 12:00:00;103.51;105.51;103.38;105.03
2026-08-29 08:00:00;103.73;103.73;103.03;103.5
2026-08-29 04:00:00;103.88;104.2;103.32;103.74
2026-08-29 00:00:00;104.14;104.59;103.66;103.87
2026-08-28 20:00:00;103.4;104.39;102.82;104.15
2026-08-28 16:00:00;105.25;105.72;102.28;103.41
2026-08-28 12:00:00;105.84;107.94;103.63;105.24
2026-08-28 08:00:00;106.35;107.05;104.53;105.84
2026-08-28 04:00:00;106.84;107.85;106.26;106.35
2026-08-28 00:00:00;109.15;110;105.86;106.85
2026-08-27 20:00:00;109.39;110.6;108.21;109.14
2026-08-27 16:00:00;107.2;109.92;106.69;109.39
2026-08-27 12:00:00;103.95;108;103.93;107.2
2026-08-27 08:00:00;101.81;105.79;101.73;103.95
2026-08-27 04:00:00;101.09;102.29;100.7;101.8
2026-08-27 00:00:00;102.08;102.14;100.52;101.08
2026-08-26 20:00:00;96.79;102.46;96.3;102.07
2026-08-26 16:00:00;95.93;97.25;95.47;96.8
2026-08-26 12:00:00;97.04;97.57;94.95;95.94
2026-08-26 08:00:00;96.95;97.88;95.78;97.03
2026-08-26 04:00:00;97.06;97.33;96.25;96.95
2026-08-26 00:00:00;96.6;97.56;96.17;97.06
2026-08-25 20:00:00;97.95;98.05;95.32;96.6
2026-08-25 16:00:00;98.38;98.83;97.45;97.94
2026-08-25 12:00:00;98.61;98.82;96.21;98.38
2026-08-25 08:00:00;100.24;101.13;98.49;98.6
2026-08-25 04:00:00;101.61;103.08;99.54;100.23
2026-08-25 00:00:00;98.98;102.77;98.56;101.61
2026-08-24 20:00:00;96.54;98.99;95.75;98.97
2026-08-24 16:00:00;96.46;97.58;94.81;96.54
2026-08-24 12:00:00;95.84;97.61;94.18;96.45
2026-08-24 08:00:00;94.11;96.33;93.26;95.84
2026-08-24 04:00:00;93.66;95.45;93.47;94.11
2026-08-24 00:00:00;95.44;95.56;93.47;93.66
2026-08-23 20:00:00;95.08;96.25;94.76;95.43
2026-08-23 16:00:00;95.37;95.72;94.82;95.07
2026-08-23 12:00:00;94.62;95.9;93.4;95.36
2026-08-23 08:00:00;92.48;94.82;92.31;94.63
2026-08-23 04:00:00;93.71;94.1;91.58;92.49
2026-08-23 00:00:00;93.83;97.21;93.43;93.7
2026-08-22 20:00:00;94.49;94.78;92.58;93.82
2026-08-22 16:00:00;93.08;94.8;93.07;94.49
2026-08-22 12:00:00;93.29;94.35;92.82;93.07
2026-08-22 08:00:00;94.46;95.01;91.34;93.3
2026-08-22 04:00:00;96.8;102.74;87.72;94.46
2026-08-22 00:00:00;93.72;97.59;92.86;96.79
2026-08-21 20:00:00;90.96;94.99;90.59;93.72
2026-08-21 16:00:00;91.37;92.06;90.75;90.96
2026-08-21 12:00:00;90.3;92.16;89.78;91.37
2026-08-21 08:00:00;90.42;93.39;89.91;90.29
2026-08-21 04:00:00;89.11;91.33;88.88;90.41
2026-08-21 00:00:00;87.65;90.2;87.57;89.1
2026-08-20 20:00:00;87.32;87.99;87.19;87.66
2026-08-20 16:00:00;87.37;87.93;86.68;87.31
2026-08-20 12:00:00;87.22;87.48;86.16;87.37
2026-08-20 08:00:00;86.17;88.1;86.04;87.21
2026-08-20 04:00:00;84.48;86.2;84.42;86.18
2026-08-20 00:00:00;85.39;85.79;84.01;84.48
2026-08-19 20:00:00;82.37;87.21;82.28;85.38
2026-08-19 16:00:00;81.83;82.5;81.01;82.36
2026-08-19 12:00:00;77.54;83;77.43;81.83
2026-08-19 08:00:00;76.96;77.65;76.92;77.55
2026-08-19 04:00:00;76.99;77.17;76.63;76.96
2026-08-19 00:00:00;77.05;77.12;76.64;77
2026-08-18 20:00:00;77.18;77.23;76.75;77.05
2026-08-18 16:00:00;77.2;77.41;76.85;77.18
2026-08-18 12:00:00;76.32;77.33;76.05;77.19
2026-08-18 08:00:00;76.1;76.45;75.8;76.31
2026-08-18 04:00:00;75.5;76.27;75.41;76.1
2026-08-18 00:00:00;76.02;76.09;75.2;75.5
2026-08-17 20:00:00;75.81;76.12;75.63;76.02
2026-08-17 16:00:00;76.11;76.17;75.7;75.81
2026-08-17 12:00:00;75.7;76.22;75.28;76.11
2026-08-17 08:00:00;75.79;75.95;75.17;75.71
2026-08-17 04:00:00;75.52;76;75.36;75.79
2026-08-17 00:00:00;74.62;75.6;74.43;75.51
2026-08-16 20:00:00;75.22;75.33;74.1;74.61
2026-08-16 16:00:00;75.57;75.71;75.03;75.23
2026-08-16 12:00:00;75.29;75.64;75.2;75.58
2026-08-16 08:00:00;75.47;75.49;75.17;75.29
2026-08-16 04:00:00;75.59;75.62;75.28;75.47
2026-08-16 00:00:00;75.35;75.66;75.27;75.58
2026-08-15 20:00:00;75.57;75.74;75.31;75.35
2026-08-15 16:00:00;75.52;75.69;75.41;75.57
2026-08-15 12:00:00;75.25;75.59;75.21;75.53
2026-08-15 08:00:00;75.23;75.36;75.05;75.26
2026-08-15 04:00:00;75.41;75.6;75.17;75.24
2026-08-15 00:00:00;75.4;75.71;75.29;75.42
2026-08-14 20:00:00;75.02;75.41;74.97;75.4
2026-08-14 16:00:00;75.65;75.71;74.69;75.02
2026-08-14 12:00:00;75.54;75.78;75.06;75.65
2026-08-14 08:00:00;75.6;75.88;75.36;75.54
2026-08-14 04:00:00;75.76;76.04;75.5;75.59
2026-08-14 00:00:00;76.28;76.33;75.75;75.76
2026-08-13 20:00:00;76.2;76.45;76.12;76.28
2026-08-13 16:00:00;75.64;76.28;75.1;76.2
2026-08-13 12:00:00;75.66;76.59;75.63;75.64
2026-08-13 08:00:00;76.44;76.49;75.56;75.67
2026-08-13 04:00:00;76.26;76.62;76.03;76.44
2026-08-13 00:00:00;75.64;76.33;75.48;76.26
2026-08-12 20:00:00;75.76;76.02;75.35;75.63
2026-08-12 16:00:00;75.75;76.1;75.57;75.77
2026-08-12 12:00:00;76.83;77.33;75.38;75.75
2026-08-12 08:00:00;76.26;76.9;76.14;76.84
2026-08-12 04:00:00;76.42;76.58;75.94;76.27
2026-08-12 00:00:00;76.3;76.6;76.24;76.42
2026-08-11 20:00:00;75.67;76.67;75.66;76.3
2026-08-11 16:00:00;74.93;75.71;74.79;75.67
2026-08-11 12:00:00;76.24;76.26;74.63;74.93
2026-08-11 08:00:00;75.7;76.37;75.63;76.24
2026-08-11 04:00:00;76.08;76.23;75.42;75.69
2026-08-11 00:00:00;76;76.25;75.71;76.08
2026-08-10 20:00:00;76.19;76.49;75.98;75.99
2026-08-10 16:00:00;75.96;76.28;75.58;76.19
2026-08-10 12:00:00;77.05;77.13;75.83;75.96
2026-08-10 08:00:00;76.99;77.16;76.53;77.05
2026-08-10 04:00:00;76.64;77.11;76.43;76.98
2026-08-10 00:00:00;76.26;77.17;76.21;76.64
2026-08-09 20:00:00;77.22;77.84;76.21;76.27
2026-08-09 16:00:00;77.42;77.57;77.07;77.23
2026-08-09 12:00:00;76.5;77.47;76.3;77.43
2026-08-09 08:00:00;76.36;76.65;76.1;76.5
2026-08-09 04:00:00;75.98;76.5;75.88;76.36
2026-08-09 00:00:00;76.02;76.1;75.73;75.99
2026-08-08 20:00:00;76.15;76.36;75.78;76.01
2026-08-08 16:00:00;76.4;76.5;75.97;76.16
2026-08-08 12:00:00;75.61;76.81;75.35;76.4
2026-08-08 08:00:00;74.83;75.71;74.7;75.6
2026-08-08 04:00:00;74.84;75.14;74.49;74.82
2026-08-08 00:00:00;73.67;74.99;73.57;74.83
2026-08-07 20:00:00;74.02;74.1;73.58;73.66
2026-08-07 16:00:00;73.89;74.13;73.17;74.02
2026-08-07 12:00:00;73.63;74.35;73.58;73.88
2026-08-07 08:00:00;72.92;73.78;72.91;73.62
2026-08-07 04:00:00;72.63;73.07;72.43;72.93
2026-08-07 00:00:00;72.7;72.93;72.49;72.62
2026-08-06 20:00:00;72.81;73;72.34;72.7
2026-08-06 16:00:00;73.31;73.55;72.55;72.8
2026-08-06 12:00:00;73.46;73.63;72.85;73.3
2026-08-06 08:00:00;73.87;74.12;73.17;73.46
2026-08-06 04:00:00;73.49;74.35;73.4;73.87
2026-08-06 00:00:00;74.04;74.26;73.38;73.5
2026-08-05 20:00:00;74.47;74.59;73.85;74.04
2026-08-05 16:00:00;73.96;74.83;73.94;74.46
2026-08-05 12:00:00;73.77;74.38;73.27;73.96
2026-08-05 08:00:00;73.98;74.22;73.73;73.77
2026-08-05 04:00:00;73.79;74.3;73.62;73.98
2026-08-05 00:00:00;73.76;74.49;73.39;73.78
2026-08-04 20:00:00;74.19;74.45;73.74;73.75
2026-08-04 16:00:00;73.99;74.39;73.61;74.19
2026-08-04 12:00:00;73.95;74.2;73.33;73.99
2026-08-04 08:00:00;73.68;73.98;73.1;73.95
2026-08-04 04:00:00;73.7;74.1;73.2;73.68
2026-08-04 00:00:00;73.56;74.13;73.04;73.7
2026-08-03 20:00:00;74.03;74.14;73.37;73.56
2026-08-03 16:00:00;73.62;74.28;73.23;74.02
2026-08-03 12:00:00;72.45;73.83;72.32;73.62
2026-08-03 08:00:00;72.52;72.81;71.98;72.45
2026-08-03 04:00:00;72.9;73.08;72.43;72.52
2026-08-03 00:00:00;73.64;73.67;72.69;72.9
2026-08-02 20:00:00;73.72;74.33;73.46;73.63
2026-08-02 16:00:00;73.03;73.84;72.92;73.72
2026-08-02 12:00:00;72.99;73.23;72.69;73.03
2026-08-02 08:00:00;73.46;73.53;72.94;72.99
2026-08-02 04:00:00;73.2;73.66;73.2;73.46
2026-08-02 00:00:00;71.95;73.4;71.93;73.2
2026-08-01 20:00:00;71.26;72.09;71.19;71.95
2026-08-01 16:00:00;72.79;72.94;70.58;71.27
2026-08-01 12:00:00;72.89;73.05;72.72;72.8
2026-08-01 08:00:00;72.98;73.08;72.67;72.89
2026-08-01 04:00:00;73.03;73.21;72.86;72.98
2026-08-01 00:00:00;72.87;73.16;72.86;73.03
2026-07-31 20:00:00;73.08;73.23;72.56;72.87
2026-07-31 16:00:00;73.11;73.48;72.92;73.08
2026-07-31 12:00:00;73.57;73.82;72.8;73.1
2026-07-31 08:00:00;73.68;73.8;73.29;73.57
2026-07-31 04:00:00;74.14;74.54;73.51;73.68
2026-07-31 00:00:00;74.52;75.29;73.88;74.14
2026-07-30 20:00:00;74.78;74.99;74.4;74.51
2026-07-30 16:00:00;74.65;74.98;74.42;74.78
2026-07-30 12:00:00;74.22;74.9;74.08;74.65
2026-07-30 08:00:00;73.42;74.33;73.3;74.23
2026-07-30 04:00:00;73.71;73.86;73.39;73.41
2026-07-30 00:00:00;73.69;74.2;73.14;73.71
2026-07-29 20:00:00;72.76;73.8;72.32;73.68
2026-07-29 16:00:00;73.13;74.53;72.73;72.76
2026-07-29 12:00:00;73.96;73.96;72.98;73.12
2026-07-29 08:00:00;74.25;74.33;73.72;73.96
2026-07-29 04:00:00;73.09;74.28;72.73;74.26
2026-07-29 00:00:00;73.83;74.2;73.01;73.09
2026-07-28 20:00:00;74.32;74.4;73.17;73.83
2026-07-28 16:00:00;74.35;74.58;73.56;74.33
2026-07-28 12:00:00;73.2;74.59;72.36;74.35
2026-07-28 08:00:00;73.29;73.51;72.89;73.2
2026-07-28 04:00:00;73.28;73.55;73;73.3
2026-07-28 00:00:00;74.21;74.29;72.86;73.28
2026-07-27 20:00:00;75.98;76.14;73.74;74.2
2026-07-27 16:00:00;75.29;76.25;75.15;75.98
2026-07-27 12:00:00;76.51;77.5;75.03;75.28
2026-07-27 08:00:00;76.48;76.69;76.13;76.5
2026-07-27 04:00:00;76.41;76.99;76.26;76.47
2026-07-27 00:00:00;76.77;76.8;75.98;76.4
2026-07-26 20:00:00;75.34;77.1;75.31;76.76
2026-07-26 16:00:00;75.48;75.99;75.25;75.34
2026-07-26 12:00:00;74.95;75.5;74.75;75.49
2026-07-26 08:00:00;74.88;75.28;74.85;74.95
2026-07-26 04:00:00;75.04;75.23;74.74;74.87
2026-07-26 00:00:00;74.53;75.05;74.47;75.03
2026-07-25 20:00:00;74.57;74.6;74.28;74.52
2026-07-25 16:00:00;74.18;74.73;74.09;74.57
2026-07-25 12:00:00;73.92;74.31;73.78;74.18
2026-07-25 08:00:00;73.79;74.05;73.56;73.92
2026-07-25 04:00:00;74.14;74.36;73.77;73.79
2026-07-25 00:00:00;73.97;74.33;73.94;74.14
2026-07-24 20:00:00;73.97;74.03;73.44;73.96
2026-07-24 16:00:00;74.04;74.22;73.71;73.97
2026-07-24 12:00:00;75.2;75.3;73.61;74.04
2026-07-24 08:00:00;76.08;76.11;74.97;75.2
2026-07-24 04:00:00;75.84;76.45;75.59;76.07
2026-07-24 00:00:00;75.88;76.13;75.3;75.83
2026-07-23 20:00:00;75.74;76.28;75.71;75.88
2026-07-23 16:00:00;76.39;76.39;75.43;75.75
2026-07-23 12:00:00;77.67;77.74;75.86;76.39
2026-07-23 08:00:00;77.16;77.87;77.11;77.67
2026-07-23 04:00:00;77.6;77.83;77.04;77.16
2026-07-23 00:00:00;77.97;78.54;77.4;77.6
2026-07-22 20:00:00;77.66;78.12;77.5;77.97
2026-07-22 16:00:00;78.46;78.81;77.31;77.66
2026-07-22 12:00:00;77.56;78.85;77.02;78.47
2026-07-22 08:00:00;77.11;77.82;77.06;77.56
2026-07-22 04:00:00;77.87;78.23;77;77.1
2026-07-22 00:00:00;78.13;78.59;77.81;77.87
2026-07-21 20:00:00;77.86;78.2;77.8;78.12
2026-07-21 16:00:00;78.15;78.25;77.42;77.87
2026-07-21 12:00:00;78.36;78.64;77.79;78.14
2026-07-21 08:00:00;78.57;78.75;78.07;78.36
2026-07-21 04:00:00;78.2;78.88;78.02;78.56
2026-07-21 00:00:00;77.85;78.55;77.66;78.19
2026-07-20 20:00:00;77.64;78.05;77.43;77.85
2026-07-20 16:00:00;77.77;78.38;77.29;77.63
2026-07-20 12:00:00;77.14;77.92;75.79;77.76
2026-07-20 08:00:00;76.22;77.24;75.9;77.14
2026-07-20 04:00:00;76.76;76.95;75.5;76.22
2026-07-20 00:00:00;76.38;77.4;76.13;76.76
2026-07-19 20:00:00;75.89;76.57;75.63;76.38
2026-07-19 16:00:00;76.22;76.29;75.37;75.88
2026-07-19 12:00:00;76.07;76.7;75.76;76.21
2026-07-19 08:00:00;76.14;76.53;75.9;76.06
2026-07-19 04:00:00;75.95;76.34;75.74;76.14
2026-07-19 00:00:00;75.53;76.57;75.45;75.96
2026-07-18 20:00:00;75.45;75.64;75.34;75.52
2026-07-18 16:00:00;74.96;75.67;74.84;75.44
2026-07-18 12:00:00;74.96;75.19;74.5;74.97
2026-07-18 08:00:00;74.97;75.04;74.66;74.97
2026-07-18 04:00:00;75.37;75.39;74.87;74.97
2026-07-18 00:00:00;75.04;75.45;74.99;75.38
2026-07-17 20:00:00;75.2;75.24;74.84;75.04
2026-07-17 16:00:00;74.78;75.6;74.61;75.2
2026-07-17 12:00:00;74.86;74.88;73.39;74.77
2026-07-17 08:00:00;74.62;75;74.2;74.86
2026-07-17 04:00:00;75.23;75.34;74.29;74.61
2026-07-17 00:00:00;75.33;75.75;74.75;75.23
2026-07-16 20:00:00;75.8;76.08;75.01;75.32
2026-07-16 16:00:00;76.63;76.63;75.39;75.81
2026-07-16 12:00:00;76.27;76.86;75.69;76.63
2026-07-16 08:00:00;76.42;76.48;75.64;76.28
2026-07-16 04:00:00;76.95;77.64;76.14;76.41
2026-07-16 00:00:00;77.28;77.48;76.7;76.95
2026-07-15 20:00:00;77.18;77.74;77.1;77.29
2026-07-15 16:00:00;78.06;78.12;76.94;77.18
2026-07-15 12:00:00;77.53;79.04;77.26;78.07
2026-07-15 08:00:00;77.42;77.91;77.23;77.52
2026-07-15 04:00:00;77.78;78.7;77.4;77.42
2026-07-15 00:00:00;77.87;77.92;77.03;77.78
2026-07-14 20:00:00;77.18;77.95;76.93;77.87
2026-07-14 16:00:00;77.39;77.65;76.81;77.17
2026-07-14 12:00:00;75.4;77.95;75.19;77.38
2026-07-14 08:00:00;74.98;75.62;74.85;75.4
2026-07-14 04:00:00;75.15;75.48;74.91;74.97
2026-07-14 00:00:00;75.02;75.56;74.56;75.15
2026-07-13 20:00:00;75.19;75.35;74.1;75.01
2026-07-13 16:00:00;75.82;76.04;74.52;75.2
2026-07-13 12:00:00;76.35;76.41;75.11;75.81
2026-07-13 08:00:00;76.45;76.9;76.1;76.34
2026-07-13 04:00:00;75.87;76.69;75.72;76.44
2026-07-13 00:00:00;76.92;78.2;75.43;75.86
2026-07-12 20:00:00;77.67;77.71;76.46;76.92
2026-07-12 16:00:00;77.47;77.78;77.23;77.68
2026-07-12 12:00:00;76.94;77.71;76.78;77.46
2026-07-12 08:00:00;76.52;77.28;76.39;76.95
2026-07-12 04:00:00;77.05;77.08;75.85;76.51
2026-07-12 00:00:00;76.79;77.09;75.65;77.04
2026-07-11 20:00:00;78.15;78.32;76.77;76.79
2026-07-11 16:00:00;78.39;78.4;77.63;78.15
2026-07-11 12:00:00;78.13;78.88;77.95;78.38
2026-07-11 08:00:00;77.99;78.34;77.75;78.13
2026-07-11 04:00:00;77.8;78.12;77.6;78
2026-07-11 00:00:00;78.14;78.14;77.47;77.79
2026-07-10 20:00:00;77.9;78.25;77.71;78.13
2026-07-10 16:00:00;78.15;78.26;77.33;77.89
2026-07-10 12:00:00;79.37;79.56;77.07;78.14
2026-07-10 08:00:00;78.87;79.68;78.81;79.36
2026-07-10 04:00:00;79.07;79.37;78.75;78.87
2026-07-10 00:00:00;78.05;79.45;77.79;79.07
2026-07-09 20:00:00;78.16;78.32;77.74;78.04
2026-07-09 16:00:00;77.63;78.43;77.26;78.15
2026-07-09 12:00:00;77.61;78.49;77.35;77.63
2026-07-09 08:00:00;78.22;78.41;77.32;77.61
2026-07-09 04:00:00;77.39;78.83;77.22;78.21
2026-07-09 00:00:00;77.83;78.78;76.71;77.38
2026-07-08 20:00:00;77.42;77.95;76.93;77.83
2026-07-08 16:00:00;76.76;77.68;76.76;77.42
2026-07-08 12:00:00;77.56;77.66;76.29;76.75
2026-07-08 08:00:00;78.29;78.43;76.9;77.56
2026-07-08 04:00:00;78.73;78.93;77.8;78.28
2026-07-08 00:00:00;80.58;80.78;78.22;78.73
2026-07-07 20:00:00;81.38;81.49;80.34;80.58
2026-07-07 16:00:00;82.11;82.79;80.78;81.37
2026-07-07 12:00:00;81.32;82.36;80.51;82.11
2026-07-07 08:00:00;81.51;81.6;80.76;81.32
2026-07-07 04:00:00;81.05;81.76;80.46;81.5
2026-07-07 00:00:00;81.94;82.5;80.97;81.05
2026-07-06 20:00:00;82.08;83.74;81.68;81.94
2026-07-06 16:00:00;81.5;82.4;81.29;82.07
2026-07-06 12:00:00;80.39;81.54;79.23;81.5
2026-07-06 08:00:00;80.83;81.08;80.06;80.39
2026-07-06 04:00:00;80.8;81.02;80.15;80.82
2026-07-06 00:00:00;81.59;82.33;80.45;80.8
2026-07-05 20:00:00;81.04;82.43;80.79;81.59
2026-07-05 16:00:00;81.36;81.54;80.81;81.04
2026-07-05 12:00:00;80.57;81.75;80.37;81.36
2026-07-05 08:00:00;80.72;80.87;79.68;80.57
2026-07-05 04:00:00;80.56;80.87;80.24;80.72
2026-07-05 00:00:00;81.8;81.84;80.2;80.56
2026-07-04 20:00:00;81.88;82.29;81.45;81.8
2026-07-04 16:00:00;82.24;82.83;81.71;81.88
2026-07-04 12:00:00;81.82;82.42;81.36;82.23
2026-07-04 08:00:00;82.72;82.78;81.42;81.82
2026-07-04 04:00:00;82.74;83.98;82.26;82.72
2026-07-04 00:00:00;82.35;82.85;81.8;82.74
2026-07-03 20:00:00;82.47;83.05;82.16;82.34
2026-07-03 16:00:00;81.21;83.22;81.08;82.48
2026-07-03 12:00:00;81.57;82.06;80.91;81.21
2026-07-03 08:00:00;81.23;81.88;80.67;81.58
2026-07-03 04:00:00;80.72;81.51;80.44;81.22
2026-07-03 00:00:00;80.72;81.69;80.34;80.73
2026-07-02 20:00:00;80.84;81.17;80.41;80.73
2026-07-02 16:00:00;80.87;81.32;80.15;80.83
2026-07-02 12:00:00;82.37;82.45;80.09;80.86
2026-07-02 08:00:00;78;82.78;77.94;82.38
2026-07-02 04:00:00;78.71;78.72;77.59;77.99
2026-07-02 00:00:00;77.46;78.96;76.9;78.72
2026-07-01 20:00:00;77.01;78.96;76.59;77.46
2026-07-01 16:00:00;77.43;78.25;76.8;77
2026-07-01 12:00:00;74.84;77.8;74.27;77.43
2026-07-01 08:00:00;74.87;75.58;74.46;74.84
2026-07-01 04:00:00;75.48;75.87;73.96;74.87
2026-07-01 00:00:00;73.67;75.69;72.25;75.48
2026-06-30 20:00:00;73.74;73.94;73.19;73.67
2026-06-30 16:00:00;73.14;73.97;72.73;73.75
2026-06-30 12:00:00;73.41;74.1;71.9;73.13
2026-06-30 08:00:00;74.16;75.8;73.3;73.4
2026-06-30 04:00:00;74.19;74.26;73.69;74.16
2026-06-30 00:00:00;75.17;75.24;74.04;74.19
2026-06-29 20:00:00;75.98;76;74.89;75.16
2026-06-29 16:00:00;73.92;76.49;72.89;75.98
2026-06-29 12:00:00;72.53;74.55;72.12;73.92
2026-06-29 08:00:00;72.72;73.68;72.25;72.52
2026-06-29 04:00:00;72.68;73.12;71.03;72.72
2026-06-29 00:00:00;71.39;73.33;70.35;72.68
2026-06-28 20:00:00;70.73;71.82;69.74;71.38
2026-06-28 16:00:00;72.09;72.13;70.25;70.74
2026-06-28 12:00:00;71.92;72.41;71.33;72.09
2026-06-28 08:00:00;71.08;72.2;71.06;71.92
2026-06-28 04:00:00;70.86;71.09;70.14;71.08
2026-06-28 00:00:00;70.49;71.01;70.44;70.87
2026-06-27 20:00:00;71.11;71.63;70.25;70.5
2026-06-27 16:00:00;72.83;73.01;70.94;71.11
2026-06-27 12:00:00;71.81;73.19;71.64;72.84
2026-06-27 08:00:00;72.31;72.33;71.53;71.81
2026-06-27 04:00:00;72.26;72.59;71.51;72.31
2026-06-27 00:00:00;71.9;72.5;71.36;72.27
2026-06-26 20:00:00;73.01;73.68;71.41;71.9
2026-06-26 16:00:00;72.06;73.93;72.01;73.01
2026-06-26 12:00:00;68.61;72.24;68.19;72.07
2026-06-26 08:00:00;70.78;70.88;68.39;68.61
2026-06-26 04:00:00;68.22;70.99;67.96;70.77
2026-06-26 00:00:00;67.72;68.5;65.91;68.21
2026-06-25 20:00:00;66.19;68.81;66.08;67.72
2026-06-25 16:00:00;66.32;67.35;65.65;66.2
2026-06-25 12:00:00;68.18;68.92;64.04;66.32
2026-06-25 08:00:00;69.44;69.45;68;68.18
2026-06-25 04:00:00;67.7;69.66;67.5;69.45
2026-06-25 00:00:00;68.12;68.32;67.4;67.7
2026-06-24 20:00:00;66.13;68.55;65.98;68.11
2026-06-24 16:00:00;67.32;68.03;64.71;66.13
2026-06-24 12:00:00;69.82;69.93;67.24;67.33
2026-06-24 08:00:00;69.38;70.44;68.77;69.82
2026-06-24 04:00:00;69.57;70.22;69;69.38
2026-06-24 00:00:00;69.7;70.41;69.1;69.56
2026-06-23 20:00:00;68.84;69.84;68.83;69.71
2026-06-23 16:00:00;68.93;69.41;68.64;68.84
2026-06-23 12:00:00;69.33;69.68;68.4;68.92
2026-06-23 08:00:00;70.01;70.11;68.16;69.33
2026-06-23 04:00:00;71.99;72.03;69.68;70.01
2026-06-23 00:00:00;71.95;72.06;71.31;72
2026-06-22 20:00:00;72.71;72.97;71.37;71.95
2026-06-22 16:00:00;73.15;73.57;72.45;72.71
2026-06-22 12:00:00;74.18;75;72.98;73.14
2026-06-22 08:00:00;74.1;74.44;73.57;74.17
2026-06-22 04:00:00;73.53;74.48;73.36;74.1
2026-06-22 00:00:00;72.47;74.99;72.46;73.52
2026-06-21 20:00:00;74.42;74.55;72.31;72.46
2026-06-21 16:00:00;74.14;74.68;73.8;74.42
2026-06-21 12:00:00;73.21;74.29;72.93;74.14
2026-06-21 08:00:00;73.21;74.4;72.75;73.21
2026-06-21 04:00:00;73.63;73.84;73.01;73.21
2026-06-21 00:00:00;73.22;73.86;72.88;73.63
2026-06-20 20:00:00;71.86;74.3;71.7;73.22
2026-06-20 16:00:00;72.03;72.05;71.09;71.86
2026-06-20 12:00:00;71.78;72.62;70.47;72.02
2026-06-20 08:00:00;71.6;72.1;71.21;71.78
2026-06-20 04:00:00;70;72.46;69.89;71.6
2026-06-20 00:00:00;69.73;70.12;69.48;70
2026-06-19 20:00:00;68.97;69.87;68.72;69.74
2026-06-19 16:00:00;69.34;69.57;68.63;68.97
2026-06-19 12:00:00;68.25;69.58;67.92;69.33
2026-06-19 08:00:00;68.37;68.76;68.05;68.25
2026-06-19 04:00:00;69.06;69.27;67.98;68.38
2026-06-19 00:00:00;69.72;70.09;68.64;69.05
2026-06-18 20:00:00;69.38;69.96;69.26;69.71
2026-06-18 16:00:00;68.43;69.53;68.23;69.37
2026-06-18 12:00:00;70.94;71.8;68.35;68.44
2026-06-18 08:00:00;71.77;72.16;70.72;70.94
2026-06-18 04:00:00;71.66;71.85;70.64;71.78
2026-06-18 00:00:00;72.05;72.68;71.54;71.65
2026-06-17 20:00:00;71.66;72.25;70.83;72.05
2026-06-17 16:00:00;73.8;74.69;71.43;71.66
2026-06-17 12:00:00;72.04;73.87;71.59;73.81
2026-06-17 08:00:00;73.27;73.3;71.71;72.04
2026-06-17 04:00:00;73.68;74.11;72.99;73.26
2026-06-17 00:00:00;73.53;74.47;73.17;73.68
2026-06-16 20:00:00;73.85;74.26;73.42;73.52
2026-06-16 16:00:00;73.29;74.34;73.01;73.84
2026-06-16 12:00:00;74.67;75.53;72.29;73.29
2026-06-16 08:00:00;74.45;75.65;74.35;74.66
2026-06-16 04:00:00;73.75;74.54;73.19;74.46
2026-06-16 00:00:00;73.99;74.42;72.77;73.74
2026-06-15 20:00:00;75.27;75.46;73.62;73.98
2026-06-15 16:00:00;75.25;76.09;74.58;75.28
2026-06-15 12:00:00;72.61;75.26;72.31;75.25
2026-06-15 08:00:00;71.28;72.82;70.8;72.61
2026-06-15 04:00:00;71.24;71.5;70.81;71.28
2026-06-15 00:00:00;71.29;71.73;70.66;71.24
2026-06-14 20:00:00;67.57;71.29;67.44;71.28
2026-06-14 16:00:00;67.43;67.76;67.19;67.57
2026-06-14 12:00:00;68.11;68.17;66.94;67.43
2026-06-14 08:00:00;68.23;68.52;67.92;68.11
2026-06-14 04:00:00;68.95;69.01;67.88;68.23
2026-06-14 00:00:00;68.94;69.11;68.64;68.94
2026-06-13 20:00:00;68.24;69.59;68.05;68.94
2026-06-13 16:00:00;68.6;68.63;67.83;68.23
2026-06-13 12:00:00;67.91;68.71;67.77;68.6
2026-06-13 08:00:00;67.38;67.96;67.26;67.9
2026-06-13 04:00:00;66.87;67.47;66.59;67.37
2026-06-13 00:00:00;66.83;67.51;66.7;66.88
2026-06-12 20:00:00;66.79;66.95;66.42;66.82
2026-06-12 16:00:00;67.26;68.22;66.68;66.78
2026-06-12 12:00:00;66.92;68.82;66.37;67.25
2026-06-12 08:00:00;66.32;67.49;66.31;66.93
2026-06-12 04:00:00;67.04;67.24;65.95;66.32
2026-06-12 00:00:00;66.93;67.3;66.42;67.04
2026-06-11 20:00:00;66.93;67.14;66.36;66.93
2026-06-11 16:00:00;65.56;67.42;65.05;66.93
2026-06-11 12:00:00;65.89;65.93;64.89;65.55
2026-06-11 08:00:00;65.04;66.15;65.01;65.88
2026-06-11 04:00:00;65.27;65.43;64.77;65.04
2026-06-11 00:00:00;63.19;65.48;63.19;65.27
2026-06-10 20:00:00;63.56;63.66;62.34;63.19
2026-06-10 16:00:00;65.44;65.49;63.36;63.56
2026-06-10 12:00:00;63.5;65.77;63.3;65.44
2026-06-10 08:00:00;64.5;64.52;62.95;63.49
2026-06-10 04:00:00;64.52;64.8;63.83;64.5
2026-06-10 00:00:00;64.97;65.32;64.25;64.51
2026-06-09 20:00:00;65.42;65.7;64.69;64.96
2026-06-09 16:00:00;64.33;65.65;63.54;65.41
2026-06-09 12:00:00;66.11;66.52;64.26;64.33
2026-06-09 08:00:00;66.9;66.94;65.9;66.11
2026-06-09 04:00:00;66.01;67.47;65.83;66.89
2026-06-09 00:00:00;66.82;66.89;65.29;66.01
2026-06-08 20:00:00;67.46;68.17;66.65;66.82
2026-06-08 16:00:00;67.19;67.82;66.56;67.46
2026-06-08 12:00:00;66.69;67.82;65.99;67.18
2026-06-08 08:00:00;66.1;67.06;65.45;66.68
2026-06-08 04:00:00;66.37;66.42;64.98;66.11
2026-06-08 00:00:00;66.5;67.11;65.4;66.37
2026-06-07 20:00:00;63.94;67.92;63.75;66.5
2026-06-07 16:00:00;64.99;65.62;63.64;63.95
2026-06-07 12:00:00;65.05;65.35;63.67;64.99
2026-06-07 08:00:00;64.92;66.11;64.46;65.04
2026-06-07 04:00:00;63.84;65.02;63.31;64.93
2026-06-07 00:00:00;62.21;64.15;61.96;63.84
2026-06-06 20:00:00;61.64;62.38;61.38;62.2
2026-06-06 16:00:00;62.04;62.4;61.38;61.64
2026-06-06 12:00:00;62.46;63.11;61.32;62.03
2026-06-06 08:00:00;62.79;63.6;61.2;62.46
2026-06-06 04:00:00;62.84;63.35;60.13;62.78
2026-06-06 00:00:00;63.64;64.86;62.58;62.84
2026-06-05 20:00:00;63.44;65.42;62.64;63.64
2026-06-05 16:00:00;64.25;66.06;61.48;63.44
2026-06-05 12:00:00;66.08;66.83;63.78;64.24
2026-06-05 08:00:00;66.18;66.8;65.1;66.08
2026-06-05 04:00:00;67.1;68.1;63.87;66.18
2026-06-05 00:00:00;68.87;69.1;66.94;67.09
2026-06-04 20:00:00;69.09;69.15;67.57;68.88
2026-06-04 16:00:00;69.64;69.89;68.48;69.1
2026-06-04 12:00:00;68.69;70.64;68.32;69.64
2026-06-04 08:00:00;69.16;69.44;67.37;68.7
2026-06-04 04:00:00;71.49;71.8;69.14;69.15
2026-06-04 00:00:00;71.61;72.09;66.8;71.48
2026-06-03 20:00:00;71.99;73.18;70.93;71.61
2026-06-03 16:00:00;73.31;74.1;71.71;71.99
2026-06-03 12:00:00;75.12;75.37;73.24;73.31
2026-06-03 08:00:00;75.26;75.71;74.73;75.12
2026-06-03 04:00:00;72.71;75.4;72.69;75.27
2026-06-03 00:00:00;74.23;75.13;72.28;72.71
2026-06-02 20:00:00;75.53;76.08;72.73;74.23
2026-06-02 16:00:00;76.38;77.67;74.5;75.53
2026-06-02 12:00:00;78.93;79.22;75.58;76.38
2026-06-02 08:00:00;79.67;79.8;78.78;78.94
2026-06-02 04:00:00;80.92;81.02;79.16;79.67
2026-06-02 00:00:00;81.28;81.3;79.41;80.92
2026-06-01 20:00:00;81.19;81.65;80.32;81.28
2026-06-01 16:00:00;79.61;81.31;79.11;81.2
2026-06-01 12:00:00;80.82;81.07;79.2;79.6
2026-06-01 08:00:00;80.74;81.29;80.46;80.81
2026-06-01 04:00:00;82.63;82.78;80.63;80.74
2026-06-01 00:00:00;82.45;83.1;81.63;82.63
2026-05-31 20:00:00;81.59;82.92;81.59;82.44
2026-05-31 16:00:00;81.88;82.04;81.33;81.58
2026-05-31 12:00:00;82.76;83.12;81.79;81.88
2026-05-31 08:00:00;82.67;83.05;82.49;82.76
2026-05-31 04:00:00;83.24;83.3;82.52;82.66
2026-05-31 00:00:00;82.74;83.42;82.62;83.25
2026-05-30 20:00:00;82.99;83.17;82.45;82.73
2026-05-30 16:00:00;82.68;83.14;82.63;82.99
2026-05-30 12:00:00;82.33;82.92;82.25;82.69
2026-05-30 08:00:00;82.37;82.55;82.19;82.33
2026-05-30 04:00:00;82.67;82.8;81.86;82.37
2026-05-30 00:00:00;82.04;83.1;81.94;82.67
2026-05-29 20:00:00;82.06;82.4;81.62;82.04
2026-05-29 16:00:00;82.58;83.22;81.6;82.06
2026-05-29 12:00:00;81.76;83.24;80.35;82.59
2026-05-29 08:00:00;82.25;82.65;81.52;81.77
2026-05-29 04:00:00;81.62;82.49;81.36;82.24
2026-05-29 00:00:00;82.12;82.48;81.47;81.61
2026-05-28 20:00:00;82.18;82.7;81.78;82.11
2026-05-28 16:00:00;81.15;83.01;80.91;82.19
2026-05-28 12:00:00;80.88;81.66;80.02;81.14
2026-05-28 08:00:00;81.26;81.32;80.6;80.88
2026-05-28 04:00:00;80.7;81.3;80;81.26
2026-05-28 00:00:00;82.43;82.76;80.5;80.7
2026-05-27 20:00:00;83.92;84.14;82.1;82.44
2026-05-27 16:00:00;84.44;84.75;83.16;83.91
2026-05-27 12:00:00;83.95;84.84;82.98;84.44
2026-05-27 08:00:00;84.2;84.42;83.6;83.94
2026-05-27 04:00:00;83.62;84.21;82.86;84.21
2026-05-27 00:00:00;83.73;84.19;83.48;83.63
2026-05-26 20:00:00;83.8;83.98;83.54;83.72
2026-05-26 16:00:00;84.49;84.57;83.15;83.8
2026-05-26 12:00:00;85.22;86.13;84.03;84.49
2026-05-26 08:00:00;84.36;85.8;84.29;85.21
2026-05-26 04:00:00;84.23;84.97;84.01;84.35
2026-05-26 00:00:00;85.06;85.09;83.85;84.22
2026-05-25 20:00:00;85.64;85.87;84.71;85.06
2026-05-25 16:00:00;86.26;86.44;85.52;85.64
2026-05-25 12:00:00;85.77;86.52;85.66;86.26
2026-05-25 08:00:00;85.95;86.22;85.7;85.76
2026-05-25 04:00:00;84.95;86.19;84.93;85.96
2026-05-25 00:00:00;85.27;85.85;84.8;84.95
2026-05-24 20:00:00;85.38;85.52;83.7;85.27
2026-05-24 16:00:00;85.3;85.88;85.11;85.37
2026-05-24 12:00:00;86.67;86.69;84.48;85.31
2026-05-24 08:00:00;86.07;87;86.01;86.66
2026-05-24 04:00:00;85.81;86.7;85.58;86.07
2026-05-24 00:00:00;85.76;86.23;85.62;85.81
2026-05-23 20:00:00;84.97;87.5;84.8;85.75
2026-05-23 16:00:00;84.09;85.14;83.93;84.96
2026-05-23 12:00:00;82.3;84.54;82.15;84.1
2026-05-23 08:00:00;82.25;82.49;81.63;82.31
2026-05-23 04:00:00;84.69;84.72;81.5;82.25
2026-05-23 00:00:00;84.4;84.86;84.07;84.68
2026-05-22 20:00:00;84.55;85.28;84;84.4
2026-05-22 16:00:00;86.76;87.19;84;84.55
2026-05-22 12:00:00;87.33;87.85;86.27;86.77
2026-05-22 08:00:00;86.98;87.53;86.72;87.32
2026-05-22 04:00:00;87.04;87.38;86.52;86.97
2026-05-22 00:00:00;87.35;87.36;86.59;87.03
2026-05-21 20:00:00;87.83;87.92;87.02;87.36
2026-05-21 16:00:00;86.46;88;86.04;87.83
2026-05-21 12:00:00;85.58;86.9;85.32;86.46
2026-05-21 08:00:00;86.64;87.27;85.57;85.58
2026-05-21 04:00:00;86.85;87.22;86.2;86.64
2026-05-21 00:00:00;86.17;87.06;86.11;86.85
2026-05-20 20:00:00;86.16;86.33;85.55;86.17
2026-05-20 16:00:00;85.92;87.09;85.53;86.16
2026-05-20 12:00:00;84.7;86.27;84.19;85.92
2026-05-20 08:00:00;84.76;85.21;84.58;84.7
2026-05-20 04:00:00;84.1;85.13;83.88;84.77
2026-05-20 00:00:00;84.3;84.54;83.85;84.1
2026-05-19 20:00:00;84.36;84.66;84;84.29
2026-05-19 16:00:00;84.38;85.04;84.15;84.35
2026-05-19 12:00:00;84.39;85.1;83.7;84.37
2026-05-19 08:00:00;85.51;85.59;84.27;84.39
2026-05-19 04:00:00;85.08;85.64;84.47;85.51
2026-05-19 00:00:00;85.38;85.97;84.62;85.07
2026-05-18 20:00:00;85;85.77;84.79;85.38
2026-05-18 16:00:00;84.21;85.23;83.5;84.99
2026-05-18 12:00:00;84.97;85.8;83.62;84.2
2026-05-18 08:00:00;84.76;85.32;84.08;84.96
2026-05-18 04:00:00;84.85;85.36;84.27;84.76
2026-05-18 00:00:00;85.23;85.47;84.4;84.85
2026-05-17 20:00:00;86.8;86.97;83.5;85.24
2026-05-17 16:00:00;86.46;86.94;86;86.79
2026-05-17 12:00:00;86.89;87.02;85.95;86.46
2026-05-17 08:00:00;86.98;87.26;86.6;86.89
2026-05-17 04:00:00;86.52;87.29;86.47;86.97
2026-05-17 00:00:00;86.53;86.72;85.59;86.53
2026-05-16 20:00:00;86.69;86.88;86.45;86.54
2026-05-16 16:00:00;86.49;86.97;86.37;86.69
2026-05-16 12:00:00;86.12;86.71;86.01;86.5
2026-05-16 08:00:00;87.46;87.62;85.52;86.11
2026-05-16 04:00:00;89.05;89.09;86.72;87.47
2026-05-16 00:00:00;89.23;89.44;88.95;89.05
2026-05-15 20:00:00;89.41;89.5;89;89.24
2026-05-15 16:00:00;89.04;90.09;88.81;89.42
2026-05-15 12:00:00;91.26;91.27;88.55;89.04
2026-05-15 08:00:00;91.61;91.65;90.92;91.27
2026-05-15 04:00:00;92.05;92.05;90.26;91.6
2026-05-15 00:00:00;92.16;92.66;91.47;92.06
2026-05-14 20:00:00;92.91;93;92.11;92.15
2026-05-14 16:00:00;93.16;93.68;92.29;92.9
2026-05-14 12:00:00;90.64;93.25;90.54;93.16
2026-05-14 08:00:00;90.88;91.3;90.59;90.64
2026-05-14 04:00:00;89.93;92.02;89.86;90.88
2026-05-14 00:00:00;91.17;91.42;89.82;89.93
2026-05-13 20:00:00;90.95;91.35;90.64;91.17
2026-05-13 16:00:00;90.43;91.41;90.41;90.96
2026-05-13 12:00:00;94.33;94.64;90.27;90.43
2026-05-13 08:00:00;95.14;95.89;94.25;94.33
2026-05-13 04:00:00;95.56;95.99;94.88;95.14
2026-05-13 00:00:00;94.28;95.59;94.05;95.56
2026-05-12 20:00:00;94.92;95.05;94.23;94.28
2026-05-12 16:00:00;93.85;95.01;93.6;94.92
2026-05-12 12:00:00;94.97;95.56;93.55;93.85
2026-05-12 08:00:00;96.05;96.15;94.6;94.98
2026-05-12 04:00:00;96.14;97;95.82;96.05
2026-05-12 00:00:00;97.37;97.68;95.54;96.14
2026-05-11 20:00:00;98.19;98.41;97.1;97.37
2026-05-11 16:00:00;96.79;98.39;96.5;98.19
2026-05-11 12:00:00;95.26;96.8;94.3;96.8
2026-05-11 08:00:00;95.34;95.57;94.58;95.25
2026-05-11 04:00:00;94.76;96.16;94.43;95.33
2026-05-11 00:00:00;96.46;96.67;94.46;94.76
2026-05-10 20:00:00;96.47;96.86;93.43;96.47
2026-05-10 16:00:00;94.53;97;94.18;96.47
2026-05-10 12:00:00;93.56;94.73;93.2;94.53
2026-05-10 08:00:00;93.46;94.8;92.91;93.55
2026-05-10 04:00:00;93.41;93.63;93.24;93.46
2026-05-10 00:00:00;93.12;93.51;92.6;93.42
2026-05-09 20:00:00;93.51;93.56;93.05;93.13
2026-05-09 16:00:00;93.01;93.65;92.69;93.51
2026-05-09 12:00:00;93.61;93.74;92.39;93.01
2026-05-09 08:00:00;93.76;93.95;93.05;93.62
2026-05-09 04:00:00;93.65;94.17;92.84;93.76
2026-05-09 00:00:00;92.02;93.91;91.85;93.64
2026-05-08 20:00:00;92.61;92.71;91.73;92.01
2026-05-08 16:00:00;89.6;92.8;89.34;92.6
2026-05-08 12:00:00;88.64;89.6;88.01;89.59
2026-05-08 08:00:00;88.23;89.1;88.01;88.64
2026-05-08 04:00:00;88.23;88.42;87.65;88.22
2026-05-08 00:00:00;88.43;88.65;87.6;88.22
2026-05-07 20:00:00;88.45;88.88;87.67;88.42
2026-05-07 16:00:00;88.32;89.05;87.96;88.45
2026-05-07 12:00:00;89.56;90.1;87.79;88.32
2026-05-07 08:00:00;90.17;90.27;88.76;89.57
2026-05-07 04:00:00;87.75;90.44;87.69;90.16
2026-05-07 00:00:00;89.16;89.27;87.63;87.75
2026-05-06 20:00:00;89.27;89.62;88.65;89.16
2026-05-06 16:00:00;88.97;89.51;88.5;89.27
2026-05-06 12:00:00;89.87;89.97;87.47;88.97
2026-05-06 08:00:00;87.71;90.03;87.64;89.87
2026-05-06 04:00:00;87.34;87.89;86.67;87.7
2026-05-06 00:00:00;86.29;87.51;86.1;87.33
2026-05-05 20:00:00;86.49;86.98;86.17;86.29
2026-05-05 16:00:00;85.5;86.56;85;86.49
2026-05-05 12:00:00;84.97;86.1;84.9;85.5
2026-05-05 08:00:00;84.88;85.01;84.43;84.97
2026-05-05 04:00:00;84.77;85.12;84.54;84.87
2026-05-05 00:00:00;84.11;84.97;84.04;84.78
2026-05-04 20:00:00;84.45;84.56;84.02;84.1
2026-05-04 16:00:00;84.47;85.19;83.98;84.44
2026-05-04 12:00:00;83.96;85.32;83.59;84.47
2026-05-04 08:00:00;84.87;85.2;83.23;83.95
2026-05-04 04:00:00;85.4;85.9;84.51;84.87
2026-05-04 00:00:00;83.91;85.67;83.35;85.41
2026-05-03 20:00:00;84.37;84.97;83.87;83.91
2026-05-03 16:00:00;84.16;84.5;84;84.38
2026-05-03 12:00:00;83.96;84.45;83.95;84.16
2026-05-03 08:00:00;83.88;84.2;83.75;83.96
2026-05-03 04:00:00;83.66;84.02;83.58;83.88
2026-05-03 00:00:00;84.26;84.31;83.58;83.67
2026-05-02 20:00:00;84.23;84.97;84.07;84.26
2026-05-02 16:00:00;84.04;84.31;83.95;84.22
2026-05-02 12:00:00;83.7;84.11;83.67;84.04
2026-05-02 08:00:00;83.73;84.17;83.52;83.7
2026-05-02 04:00:00;83.82;83.86;83.54;83.74
2026-05-02 00:00:00;83.76;84.18;83.44;83.82
2026-05-01 20:00:00;83.9;83.93;83.33;83.76
2026-05-01 16:00:00;84.46;84.63;83.79;83.9
2026-05-01 12:00:00;84.01;84.86;83.89;84.47
2026-05-01 08:00:00;83.96;84.3;83.69;84.01
2026-05-01 04:00:00;83.9;84.23;83.67;83.96
2026-05-01 00:00:00;83.09;84.38;83.08;83.89
2026-04-30 20:00:00;83.04;83.19;82.78;83.09
2026-04-30 16:00:00;83.36;83.43;82.87;83.04
2026-04-30 12:00:00;83.01;83.83;82.69;83.36
2026-04-30 08:00:00;83.35;83.55;82.79;83.01
2026-04-30 04:00:00;83.06;83.39;82.16;83.35
2026-04-30 00:00:00;83.05;84.01;82.7;83.06
2026-04-29 20:00:00;82.2;83.22;82.17;83.04
2026-04-29 16:00:00;83.25;83.65;81.4;82.19
2026-04-29 12:00:00;84.91;84.92;83;83.26
2026-04-29 08:00:00;84.71;85.56;83.2;84.91
2026-04-29 04:00:00;84.6;85.06;84.45;84.71
2026-04-29 00:00:00;84.06;84.74;83.81;84.59
2026-04-28 20:00:00;83.89;84.15;83.58;84.06
2026-04-28 16:00:00;83.46;84.02;83.32;83.89
2026-04-28 12:00:00;83.42;84;82.98;83.46
2026-04-28 08:00:00;84.01;84.19;83.3;83.42
2026-04-28 04:00:00;84.18;84.43;83.65;84.02
2026-04-28 00:00:00;84.82;84.93;83.9;84.17
2026-04-27 20:00:00;84.18;84.9;84.11;84.82
2026-04-27 16:00:00;84.17;84.7;83.83;84.19
2026-04-27 12:00:00;85.26;85.83;83.63;84.17
2026-04-27 08:00:00;85.27;85.63;85.05;85.26
2026-04-27 04:00:00;87.72;87.84;85.26;85.27
2026-04-27 00:00:00;86.93;88.08;86.53;87.72
2026-04-26 20:00:00;86.89;87.32;86.19;86.93
2026-04-26 16:00:00;86.55;87.2;86.27;86.88
2026-04-26 12:00:00;86.49;86.59;85.9;86.56
2026-04-26 08:00:00;86.63;86.76;86.42;86.48
2026-04-26 04:00:00;85.99;86.73;85.92;86.62
2026-04-26 00:00:00;86.19;86.46;85.84;85.99
2026-04-25 20:00:00;85.68;86.2;85.61;86.18
2026-04-25 16:00:00;86.22;86.33;85.53;85.68
2026-04-25 12:00:00;86.36;86.67;86.1;86.22
2026-04-25 08:00:00;86.36;86.8;86.25;86.36
2026-04-25 04:00:00;86.46;86.66;86.11;86.36
2026-04-25 00:00:00;86.18;86.5;86.03;86.46
2026-04-24 20:00:00;86.32;86.94;86.1;86.18
2026-04-24 16:00:00;86.52;86.58;85.95;86.33
2026-04-24 12:00:00;86.2;86.79;85.53;86.52
2026-04-24 08:00:00;85.5;86.28;84.92;86.19
2026-04-24 04:00:00;85.69;85.82;85.14;85.51
2026-04-24 00:00:00;86.12;86.36;85.4;85.69
2026-04-23 20:00:00;85.3;86.25;85.29;86.12
2026-04-23 16:00:00;86.36;86.42;84.48;85.3
2026-04-23 12:00:00;85.82;86.66;85.55;86.35
2026-04-23 08:00:00;85.91;85.94;85.2;85.81
2026-04-23 04:00:00;85.78;86.24;85.51;85.9
2026-04-23 00:00:00;86.86;87.18;85.48;85.79
2026-04-22 20:00:00;87.38;87.72;86.81;86.87
2026-04-22 16:00:00;88.19;88.46;87.09;87.37
2026-04-22 12:00:00;88.31;89.32;87.99;88.18
2026-04-22 08:00:00;88.06;88.88;87.6;88.31
2026-04-22 04:00:00;87.25;88.33;86.97;88.05
2026-04-22 00:00:00;86.04;87.87;86.01;87.24
2026-04-21 20:00:00;84.57;86.13;84.43;86.03
2026-04-21 16:00:00;86.05;86.3;84.31;84.57
2026-04-21 12:00:00;85.85;86.89;85.17;86.05
2026-04-21 08:00:00;85.71;86.38;85.52;85.85
2026-04-21 04:00:00;85.17;85.98;85.02;85.71
2026-04-21 00:00:00;85.29;85.83;85;85.17
2026-04-20 20:00:00;85.8;86.21;85.21;85.28
2026-04-20 16:00:00;85.86;86.22;85.25;85.8
2026-04-20 12:00:00;85.06;85.88;84.42;85.86
2026-04-20 08:00:00;84.74;85.4;84.57;85.07
2026-04-20 04:00:00;84.59;85.76;83.75;84.73
2026-04-20 00:00:00;83.47;84.62;83.34;84.59
2026-04-19 20:00:00;85.33;85.35;82.94;83.47
2026-04-19 16:00:00;86.35;86.5;84.88;85.33
2026-04-19 12:00:00;85.61;87.12;85.55;86.36
2026-04-19 08:00:00;84.88;85.71;84.44;85.6
2026-04-19 04:00:00;85.6;85.96;84.43;84.88
2026-04-19 00:00:00;86.15;86.38;85.24;85.6
2026-04-18 20:00:00;86.12;86.46;85.92;86.16
2026-04-18 16:00:00;86.75;86.98;85.78;86.13
2026-04-18 12:00:00;86.54;86.98;86.41;86.75
2026-04-18 08:00:00;88.45;88.5;86.28;86.53
2026-04-18 04:00:00;88.34;88.64;88.16;88.45
2026-04-18 00:00:00;88.77;89.16;88.23;88.33
2026-04-17 20:00:00;89.24;89.47;88.5;88.76
2026-04-17 16:00:00;89.95;90.59;88.88;89.23
2026-04-17 12:00:00;88.22;90.73;87.91;89.95
2026-04-17 08:00:00;88.13;89.53;87.34;88.21
2026-04-17 04:00:00;87.73;88.47;87.36;88.12
2026-04-17 00:00:00;89.06;89.19;87.48;87.72
2026-04-16 20:00:00;90.1;90.53;88.72;89.05
2026-04-16 16:00:00;86.62;90.16;85.63;90.1
2026-04-16 12:00:00;85.07;87.13;83.8;86.62
2026-04-16 08:00:00;85.21;85.51;84.64;85.07
2026-04-16 04:00:00;85.29;85.71;84.99;85.21
2026-04-16 00:00:00;84.9;85.58;84.45;85.28
2026-04-15 20:00:00;85.51;85.59;84.18;84.9
2026-04-15 16:00:00;84;85.83;83.9;85.51
2026-04-15 12:00:00;83.6;84.49;83.21;84
2026-04-15 08:00:00;82.92;83.68;82.71;83.61
2026-04-15 04:00:00;83.45;83.79;82.65;82.92
2026-04-15 00:00:00;83.72;84.06;83.13;83.45
2026-04-14 20:00:00;83.94;84.14;83.3;83.72
2026-04-14 16:00:00;85.95;86.17;83.71;83.95
2026-04-14 12:00:00;85.78;87.67;85.25;85.95
2026-04-14 08:00:00;85.88;86.56;85.6;85.78
2026-04-14 04:00:00;86.05;86.2;85.43;85.88
2026-04-14 00:00:00;86.51;86.75;85.37;86.05
2026-04-13 20:00:00;84.09;86.81;83.81;86.51
2026-04-13 16:00:00;82.66;84.25;82.34;84.08
2026-04-13 12:00:00;81.86;83.82;81.82;82.65
2026-04-13 08:00:00;82.17;82.32;81.64;81.86
2026-04-13 04:00:00;81.9;82.6;81.54;82.17
2026-04-13 00:00:00;81.54;82.44;81.4;81.91
2026-04-12 20:00:00;81.98;82.88;81.27;81.53
2026-04-12 16:00:00;81.59;82.32;81.53;81.99
2026-04-12 12:00:00;82.21;82.56;81.27;81.59
2026-04-12 08:00:00;82.28;82.41;81.92;82.22
2026-04-12 04:00:00;82.32;82.5;82.06;82.27
2026-04-12 00:00:00;84.94;85;81.84;82.33
2026-04-11 20:00:00;86.01;86.19;84.52;84.93
2026-04-11 16:00:00;84.67;86.26;84.6;86.01
2026-04-11 12:00:00;84.24;84.88;83.84;84.66
2026-04-11 08:00:00;84.27;84.8;83.8;84.24
2026-04-11 04:00:00;84.4;84.62;83.87;84.28
2026-04-11 00:00:00;84.83;84.93;84.31;84.4
2026-04-10 20:00:00;85.45;85.67;84.65;84.83
2026-04-10 16:00:00;84.25;85.47;84.14;85.44
2026-04-10 12:00:00;83.52;85.58;83.36;84.24
2026-04-10 08:00:00;82.95;83.74;82.7;83.52
2026-04-10 04:00:00;82.89;83.59;82.86;82.95
2026-04-10 00:00:00;83.33;83.79;82.62;82.9
2026-04-09 20:00:00;84.16;85.95;83.15;83.33
2026-04-09 16:00:00;83.75;84.7;82.92;84.17
2026-04-09 12:00:00;82.18;83.94;81.4;83.75
2026-04-09 08:00:00;82.29;82.71;82.03;82.18
2026-04-09 04:00:00;82.02;82.48;81.74;82.29
2026-04-09 00:00:00;82.56;82.67;81.7;82.03
2026-04-08 20:00:00;83.19;83.61;82.24;82.57
2026-04-08 16:00:00;83.33;84.18;82.77;83.19
2026-04-08 12:00:00;84.46;84.98;82.51;83.34
2026-04-08 08:00:00;84.51;84.98;84.11;84.45
2026-04-08 04:00:00;84.56;85.03;83.89;84.5
2026-04-08 00:00:00;85.56;85.9;84.26;84.56
2026-04-07 20:00:00;81.63;87.02;81.63;85.56
2026-04-07 16:00:00;78.86;81.83;78.65;81.63
2026-04-07 12:00:00;79.22;79.39;78.38;78.86
2026-04-07 08:00:00;79.87;80.59;78.95;79.21
2026-04-07 04:00:00;79.8;80.17;79.31;79.87
2026-04-07 00:00:00;80.03;80.23;79.38;79.8
2026-04-06 20:00:00;81.91;82.15;79.6;80.03
2026-04-06 16:00:00;82.28;82.48;81.19;81.9
2026-04-06 12:00:00;82.44;82.81;81.73;82.27
2026-04-06 08:00:00;81.83;83.2;81.71;82.45
2026-04-06 04:00:00;82.11;82.34;80.97;81.82
2026-04-06 00:00:00;81.89;82.97;81.66;82.11
2026-04-05 20:00:00;79.83;82.13;79.1;81.89
2026-04-05 16:00:00;79.59;80.23;79.37;79.83
2026-04-05 12:00:00;79.91;80.33;78.52;79.6
2026-04-05 08:00:00;79.59;80.24;79.54;79.9
2026-04-05 04:00:00;80.55;80.58;79.41;79.6
2026-04-05 00:00:00;80.84;80.85;80.37;80.55
2026-04-04 20:00:00;80.86;81.06;80.62;80.83
2026-04-04 16:00:00;81.1;81.35;80.61;80.85
2026-04-04 12:00:00;80.2;81.61;79.57;81.1
2026-04-04 08:00:00;80.32;80.4;79.92;80.21
2026-04-04 04:00:00;80.18;80.54;80.11;80.32
2026-04-04 00:00:00;80.39;80.42;80.06;80.18
2026-04-03 20:00:00;80.21;80.73;79.92;80.4
2026-04-03 16:00:00;80.33;80.67;79.87;80.21
2026-04-03 12:00:00;80.18;80.91;79.17;80.33
2026-04-03 08:00:00;79.96;80.47;79.64;80.18
2026-04-03 04:00:00;79;80.16;78.99;79.96
2026-04-03 00:00:00;78.95;79.79;78.85;79
2026-04-02 20:00:00;78.99;79.37;78.63;78.94
2026-04-02 16:00:00;79.03;79.88;78.43;78.98
2026-04-02 12:00:00;78.32;79.73;76.7;79.03
2026-04-02 08:00:00;79.64;79.64;78.2;78.31
2026-04-02 04:00:00;79.01;79.67;78.62;79.65
2026-04-02 00:00:00;81.19;81.77;78.3;79.01
2026-04-01 20:00:00;83.83;83.88;80.77;81.18
2026-04-01 16:00:00;83.62;86.65;83.08;83.82
2026-04-01 12:00:00;83.37;83.88;82.4;83.63
2026-04-01 08:00:00;83.84;84.06;83.07;83.37
2026-04-01 04:00:00;83.44;84.74;83.26;83.84
2026-04-01 00:00:00;83.19;83.58;82.48;83.43
2026-03-31 20:00:00;82.7;83.4;82.33;83.2
2026-03-31 16:00:00;80.87;83.47;80.87;82.7
2026-03-31 12:00:00;80.85;82.59;80.4;80.86
2026-03-31 08:00:00;83.1;83.35;80.08;80.85
2026-03-31 04:00:00;83.6;83.91;82.68;83.1
2026-03-31 00:00:00;82.55;84.62;82.15;83.6
2026-03-30 20:00:00;82.38;83.68;82.14;82.54
2026-03-30 16:00:00;84.5;84.55;81.96;82.39
2026-03-30 12:00:00;84.25;84.99;83.65;84.51
2026-03-30 08:00:00;84.01;84.88;83.55;84.24
2026-03-30 04:00:00;83.27;84.26;83.26;84.02
2026-03-30 00:00:00;81.45;83.94;81.15;83.27
2026-03-29 20:00:00;81.62;82.23;78.96;81.44
2026-03-29 16:00:00;81.82;82.12;81.12;81.62
2026-03-29 12:00:00;82.59;82.65;81.36;81.81
2026-03-29 08:00:00;82.45;82.84;81.98;82.58
2026-03-29 04:00:00;83.01;83.04;82.23;82.45
2026-03-29 00:00:00;82.09;83.24;81.87;83
2026-03-28 20:00:00;83.28;83.52;81.69;82.09
2026-03-28 16:00:00;83.84;83.95;83.04;83.28
2026-03-28 12:00:00;82.94;84.29;82.6;83.83
2026-03-28 08:00:00;83.62;83.73;82.69;82.94
2026-03-28 04:00:00;82.6;83.67;82.38;83.62
2026-03-28 00:00:00;83.11;83.11;82.25;82.6
2026-03-27 20:00:00;82.81;83.14;82.38;83.11
2026-03-27 16:00:00;83.36;83.44;81.86;82.81
2026-03-27 12:00:00;83.39;84.03;82.5;83.35
2026-03-27 08:00:00;85.92;86.14;82.63;83.39
2026-03-27 04:00:00;86.42;86.75;85.69;85.92
2026-03-27 00:00:00;86.52;87.04;86.19;86.42
2026-03-26 20:00:00;85.48;87.14;85.45;86.53
2026-03-26 16:00:00;87.53;87.73;85.45;85.48
2026-03-26 12:00:00;87.58;88.24;86.73;87.54
2026-03-26 08:00:00;89.1;89.11;87.45;87.58
2026-03-26 04:00:00;91.07;91.08;88.81;89.1
2026-03-26 00:00:00;91.7;91.98;90.61;91.07
2026-03-25 20:00:00;91.76;91.96;91.03;91.7
2026-03-25 16:00:00;91.77;92.73;91.4;91.75
2026-03-25 12:00:00;92.99;93.43;91;91.77
2026-03-25 08:00:00;91.82;93.47;91.82;92.99
2026-03-25 04:00:00;91.69;92.96;91.59;91.81
2026-03-25 00:00:00;90.8;91.95;90.71;91.69
2026-03-24 20:00:00;88.53;91.13;88.51;90.8
2026-03-24 16:00:00;89.74;89.98;88.42;88.52
2026-03-24 12:00:00;91.78;91.86;88.7;89.74
2026-03-24 08:00:00;91.71;92.22;91.12;91.77
2026-03-24 04:00:00;90.34;91.89;89.99;91.72
2026-03-24 00:00:00;91.44;91.68;89.96;90.35
2026-03-23 20:00:00;91.38;92.02;90.98;91.43
2026-03-23 16:00:00;89.96;91.9;89.4;91.39
2026-03-23 12:00:00;88.78;92.26;88.33;89.95
2026-03-23 08:00:00;86;91.93;85.19;88.78
2026-03-23 04:00:00;86.39;87.33;85.11;85.99
2026-03-23 00:00:00;86.21;87.22;85.47;86.4
2026-03-22 20:00:00;86.87;87.19;85.14;86.2
2026-03-22 16:00:00;87.58;87.71;86.51;86.86
2026-03-22 12:00:00;86.84;87.74;86.82;87.57
2026-03-22 08:00:00;87.7;87.74;86.84;86.85
2026-03-22 04:00:00;88.67;89.2;87.67;87.7
2026-03-22 00:00:00;87.55;89.17;86.26;88.68
2026-03-21 20:00:00;89.8;90.29;87.14;87.56
2026-03-21 16:00:00;89.83;90;89.41;89.79
2026-03-21 12:00:00;89.95;90.42;89.39;89.82
2026-03-21 08:00:00;90.12;90.4;89.81;89.94
2026-03-21 04:00:00;90.45;90.81;89.91;90.12
2026-03-21 00:00:00;89.85;90.65;89.73;90.45
2026-03-20 20:00:00;88.99;90.26;88.65;89.84
2026-03-20 16:00:00;88.94;89.23;88.13;88.99
2026-03-20 12:00:00;89.15;89.73;88.51;88.94
2026-03-20 08:00:00;89.38;90.45;88.61;89.15
2026-03-20 04:00:00;89.57;89.75;88.5;89.37
2026-03-20 00:00:00;88.9;89.8;88.87;89.57
2026-03-19 20:00:00;88.71;89.32;88.37;88.89
2026-03-19 16:00:00;87.63;89.26;87;88.72
2026-03-19 12:00:00;89.62;89.62;87.15;87.63
2026-03-19 08:00:00;89.41;90.48;89.09;89.62
2026-03-19 04:00:00;90.74;90.74;88.63;89.42
2026-03-19 00:00:00;90.07;91.41;89.79;90.74
2026-03-18 20:00:00;89.7;90.62;88.99;90.08
2026-03-18 16:00:00;89.36;90.86;88.61;89.71
2026-03-18 12:00:00;92;92.03;88.55;89.37
2026-03-18 08:00:00;93.95;94.44;91.82;92
2026-03-18 04:00:00;95.06;95.12;93.72;93.95
2026-03-18 00:00:00;94.61;95.65;94.1;95.05
2026-03-17 20:00:00;94.66;95.62;94.41;94.62
2026-03-17 16:00:00;93.82;95.59;93.72;94.67
2026-03-17 12:00:00;93.67;95.13;93.15;93.82
2026-03-17 08:00:00;94.43;95.09;93.25;93.66
2026-03-17 04:00:00;94.07;94.66;93.2;94.44
2026-03-17 00:00:00;96.19;96.95;93.71;94.07
2026-03-16 20:00:00;95.21;97.68;95.06;96.2
2026-03-16 16:00:00;93.2;95.48;93.13;95.21
2026-03-16 12:00:00;93.75;95.13;92.37;93.2
2026-03-16 08:00:00;93.56;94.02;92.57;93.75
2026-03-16 04:00:00;93.17;94.32;92.94;93.56
2026-03-16 00:00:00;92.31;94;91.18;93.16
2026-03-15 20:00:00;88.19;93.23;87.98;92.3
2026-03-15 16:00:00;87.9;88.8;87.45;88.19
2026-03-15 12:00:00;88.56;88.56;87.36;87.9
2026-03-15 08:00:00;88.22;88.88;88.14;88.55
2026-03-15 04:00:00;87.86;88.66;87.85;88.22
2026-03-15 00:00:00;88.04;88.65;87.58;87.86
2026-03-14 20:00:00;87.01;88.16;86.87;88.03
2026-03-14 16:00:00;86.72;87.13;86.62;87
2026-03-14 12:00:00;86.95;87.36;86.63;86.72
2026-03-14 08:00:00;87.32;87.55;86.51;86.96
2026-03-14 04:00:00;88.4;88.71;86.92;87.33
2026-03-14 00:00:00;88.17;88.62;87.79;88.4
2026-03-13 20:00:00;88.91;89.16;87.73;88.18
2026-03-13 16:00:00;89.49;90.15;88.37;88.92
2026-03-13 12:00:00;90.32;92.98;89.3;89.49
2026-03-13 08:00:00;88.68;90.45;88.32;90.33
2026-03-13 04:00:00;89.7;89.74;88.15;88.68
2026-03-13 00:00:00;86.83;91.14;86.71;89.69
2026-03-12 20:00:00;86.79;87.23;85.96;86.84
2026-03-12 16:00:00;86.57;87.09;85.68;86.8
2026-03-12 12:00:00;86.8;87.69;85.12;86.58
2026-03-12 08:00:00;85.82;87.13;85.39;86.79
2026-03-12 04:00:00;85.02;85.9;84.89;85.82
2026-03-12 00:00:00;86.58;86.78;84.72;85.01
2026-03-11 20:00:00;87.28;87.94;86.46;86.58
2026-03-11 16:00:00;85.41;88.09;85.3;87.29
2026-03-11 12:00:00;84.54;87.4;84.36;85.4
2026-03-11 08:00:00;85.44;85.61;84.39;84.55
2026-03-11 04:00:00;85.63;86.88;85.14;85.45
2026-03-11 00:00:00;85.88;86.28;85.48;85.63
2026-03-10 20:00:00;86.01;86.44;85.01;85.88
2026-03-10 16:00:00;88.34;88.8;85.66;86.02
2026-03-10 12:00:00;86.8;88.61;84.91;88.33
2026-03-10 08:00:00;86.71;87.67;86.58;86.79
2026-03-10 04:00:00;85.56;86.99;85.41;86.7
2026-03-10 00:00:00;84.95;86.91;84.83;85.55
2026-03-09 20:00:00;85.97;86.36;84.84;84.96
2026-03-09 16:00:00;85.05;87.06;84.26;85.97
2026-03-09 12:00:00;83.58;85.75;83.41;85.05
2026-03-09 08:00:00;83.18;84.6;82.94;83.59
2026-03-09 04:00:00;83.16;84.61;82.33;83.18
2026-03-09 00:00:00;81.6;84.5;81.54;83.16
2026-03-08 20:00:00;82.48;82.96;80.26;81.59
2026-03-08 16:00:00;82.06;82.65;81.31;82.49
2026-03-08 12:00:00;82.81;83.01;81.18;82.06
2026-03-08 08:00:00;82.95;84.13;82.51;82.81
2026-03-08 04:00:00;82.34;83.1;81.74;82.95
2026-03-08 00:00:00;83.22;83.49;82.11;82.34
2026-03-07 20:00:00;82.52;83.32;82.51;83.22
2026-03-07 16:00:00;83.75;84.08;82.28;82.53
2026-03-07 12:00:00;84.66;84.78;83.42;83.75
2026-03-07 08:00:00;84.33;84.91;84.12;84.66
2026-03-07 04:00:00;84.53;84.56;83.9;84.32
2026-03-07 00:00:00;84.69;85.07;84.32;84.52
2026-03-06 20:00:00;85.21;85.47;84.44;84.7
2026-03-06 16:00:00;84.65;85.9;83.64;85.21
2026-03-06 12:00:00;87.25;87.27;83.96;84.65
2026-03-06 08:00:00;88.7;88.7;87.1;87.26
2026-03-06 04:00:00;88.4;88.92;87.51;88.7
2026-03-06 00:00:00;88.78;89.31;88.02;88.41
2026-03-05 20:00:00;88.72;89.85;88.54;88.77
2026-03-05 16:00:00;89.61;89.63;87.91;88.73
2026-03-05 12:00:00;91.84;92.22;88.8;89.62
2026-03-05 08:00:00;90.16;92.96;89.66;91.84
2026-03-05 04:00:00;90.03;91.32;89.7;90.16
2026-03-05 00:00:00;90.86;91.42;89.61;90.03
2026-03-04 20:00:00;93.19;93.76;90.29;90.85
2026-03-04 16:00:00;92.94;94.05;90.66;93.19
2026-03-04 12:00:00;89.76;93.12;88.69;92.94
2026-03-04 08:00:00;87.43;91.48;86.98;89.76
2026-03-04 04:00:00;85.77;87.52;84.78;87.43
2026-03-04 00:00:00;86.98;88.08;85.18;85.77
2026-03-03 20:00:00;85.08;87.46;84.17;86.97
2026-03-03 16:00:00;85.03;87.34;84.15;85.08
2026-03-03 12:00:00;84.22;85.37;82.5;85.04
2026-03-03 08:00:00;85.58;85.77;83.7;84.21
2026-03-03 04:00:00;86.31;86.82;85.38;85.58
2026-03-03 00:00:00;86.65;87.32;85.23;86.31
2026-03-02 20:00:00;87.65;88.25;86.35;86.64
2026-03-02 16:00:00;88.77;90.29;86.39;87.65
2026-03-02 12:00:00;83.88;88.98;82.78;88.77
2026-03-02 08:00:00;82.96;84.29;82.37;83.89
2026-03-02 04:00:00;84.78;84.84;82.38;82.95
2026-03-02 00:00:00;83.61;86.18;83.46;84.78
2026-03-01 20:00:00;83.23;84.12;81.69;83.6
2026-03-01 16:00:00;85.67;86.1;83.03;83.23
2026-03-01 12:00:00;85.18;86.98;84.51;85.67
2026-03-01 08:00:00;86.63;86.83;84.71;85.18
2026-03-01 04:00:00;88.02;88.26;86.16;86.63
2026-03-01 00:00:00;84.35;88.9;84.25;88.02
2026-02-28 20:00:00;82.22;85.65;81.97;84.35
2026-02-28 16:00:00;80.91;82.91;80.5;82.21
2026-02-28 12:00:00;78.78;81.51;78.59;80.92
2026-02-28 08:00:00;78.7;79.6;77.74;78.78
2026-02-28 04:00:00;81.75;81.9;77.12;78.71
2026-02-28 00:00:00;81.84;82.27;81.55;81.74
2026-02-27 20:00:00;81.57;82.11;80.32;81.85
2026-02-27 16:00:00;82.7;82.7;81.11;81.57
2026-02-27 12:00:00;83.59;83.76;81.95;82.7
2026-02-27 08:00:00;87.31;87.93;83.35;83.59
2026-02-27 04:00:00;87.63;88.29;86.81;87.31
2026-02-27 00:00:00;85.91;87.82;85.19;87.63
2026-02-26 20:00:00;86.47;86.87;85.73;85.91
2026-02-26 16:00:00;86.57;86.75;84.34;86.47
2026-02-26 12:00:00;86.82;88.26;85.27;86.56
2026-02-26 08:00:00;87.24;88.71;86.6;86.82
2026-02-26 04:00:00;87.95;89.05;87.22;87.24
2026-02-26 00:00:00;88.05;89.27;87.53;87.95
2026-02-25 20:00:00;89.43;91.91;87.07;88.06
2026-02-25 16:00:00;85.98;89.65;85.97;89.43
2026-02-25 12:00:00;83.38;86.46;82.89;85.98
2026-02-25 08:00:00;82.19;83.42;81.93;83.39
2026-02-25 04:00:00;81.75;82.43;80.98;82.19
2026-02-25 00:00:00;78.99;82.99;78.73;81.75
2026-02-24 20:00:00;78.38;79.62;78.12;78.99
2026-02-24 16:00:00;77.3;78.51;77.23;78.38
2026-02-24 12:00:00;76.78;77.49;75.63;77.3
2026-02-24 08:00:00;76.85;77.2;76;76.77
2026-02-24 04:00:00;76.88;77.36;76.11;76.84
2026-02-24 00:00:00;77.91;78.53;75.74;76.87
2026-02-23 20:00:00;78.28;78.92;77.63;77.9
2026-02-23 16:00:00;79.39;79.8;77.27;78.29
2026-02-23 12:00:00;80.06;81.13;79.2;79.4
2026-02-23 08:00:00;79.4;80.69;78.53;80.05
2026-02-23 04:00:00;77.66;79.69;77.15;79.4
2026-02-23 00:00:00;82.8;82.85;77.28;77.66
2026-02-22 20:00:00;83.3;83.71;82.48;82.79
2026-02-22 16:00:00;83.49;83.63;82.82;83.3
2026-02-22 12:00:00;85.28;85.33;82.98;83.5
2026-02-22 08:00:00;85.25;85.47;84.87;85.27
2026-02-22 04:00:00;85.08;85.58;84.81;85.24
2026-02-22 00:00:00;85.17;85.6;84.73;85.08
2026-02-21 20:00:00;86.21;86.21;85.12;85.17
2026-02-21 16:00:00;86.59;86.72;85.82;86.22
2026-02-21 12:00:00;85.4;86.72;85;86.58
2026-02-21 08:00:00;84.24;85.7;84.19;85.4
2026-02-21 04:00:00;84.35;84.78;83.97;84.24
2026-02-21 00:00:00;84.68;85.03;84.24;84.35
2026-02-20 20:00:00;84.75;85.23;84.12;84.67
2026-02-20 16:00:00;84.38;85.49;82.82;84.75
2026-02-20 12:00:00;83.58;84.78;81.77;84.38
2026-02-20 08:00:00;83.45;84.84;83.3;83.58
2026-02-20 04:00:00;83.05;83.93;82.38;83.46
2026-02-20 00:00:00;82.5;83.54;82.33;83.04
2026-02-19 20:00:00;81.94;82.57;81.68;82.5
2026-02-19 16:00:00;80.63;82.2;79.92;81.95
2026-02-19 12:00:00;81.24;81.32;79.61;80.64
2026-02-19 08:00:00;82.4;82.42;80.91;81.24
2026-02-19 04:00:00;81.77;82.67;81.38;82.41
2026-02-19 00:00:00;81.61;82.07;81.25;81.77
2026-02-18 20:00:00;80.93;81.64;80.85;81.61
2026-02-18 16:00:00;83;83.09;80.48;80.93
2026-02-18 12:00:00;82.87;84.01;81.72;83.01
2026-02-18 08:00:00;85.28;86.09;82.83;82.86
2026-02-18 04:00:00;85.34;85.54;84.68;85.28
2026-02-18 00:00:00;85.09;85.49;83.92;85.33
2026-02-17 20:00:00;84.86;85.44;84.53;85.08
2026-02-17 16:00:00;83.8;85.76;83.13;84.87
2026-02-17 12:00:00;85.11;85.58;82.92;83.81
2026-02-17 08:00:00;86.48;86.77;84.75;85.1
2026-02-17 04:00:00;86.37;86.8;85.45;86.49
2026-02-17 00:00:00;86.45;87.69;85.76;86.37
2026-02-16 20:00:00;84.62;86.66;84.5;86.45
2026-02-16 16:00:00;83.21;85.16;83.1;84.61
2026-02-16 12:00:00;85.52;86.93;82.55;83.21
2026-02-16 08:00:00;85.07;86.26;84.49;85.52
2026-02-16 04:00:00;85.15;85.91;84.47;85.06
2026-02-16 00:00:00;86.15;86.63;84.79;85.14
2026-02-15 20:00:00;85.35;86.7;84.89;86.16
2026-02-15 16:00:00;87.41;87.88;85.2;85.34
2026-02-15 12:00:00;89.18;89.63;86.66;87.42
2026-02-15 08:00:00;90.74;91.26;89.01;89.17
2026-02-15 04:00:00;88.6;90.98;88.35;90.74
2026-02-15 00:00:00;88.06;88.78;87.31;88.61
2026-02-14 20:00:00;88.21;88.9;87.29;88.06
2026-02-14 16:00:00;87.44;88.47;86.99;88.2
2026-02-14 12:00:00;87.29;87.69;86;87.44
2026-02-14 08:00:00;85.19;87.33;85.16;87.29
2026-02-14 04:00:00;85.07;85.27;84.35;85.19
2026-02-14 00:00:00;84.34;85.3;84.21;85.06
2026-02-13 20:00:00;84.65;85.19;84.12;84.33
2026-02-13 16:00:00;83.2;85.63;82.92;84.66
2026-02-13 12:00:00;80.31;84.34;79.73;83.2
2026-02-13 08:00:00;78.99;80.62;78.86;80.31
2026-02-13 04:00:00;79.05;79.27;77.85;78.99
2026-02-13 00:00:00;78.39;79.48;77.53;79.05
2026-02-12 20:00:00;77.62;78.52;76.6;78.4
2026-02-12 16:00:00;80.13;80.22;77.03;77.62
2026-02-12 12:00:00;81.87;82.13;80.1;80.12
2026-02-12 08:00:00;80.77;82.25;80.32;81.87
2026-02-12 04:00:00;80.63;80.99;79.5;80.77
2026-02-12 00:00:00;79.31;80.79;79.26;80.62
2026-02-11 20:00:00;79.72;81.11;78.8;79.3
2026-02-11 16:00:00;79.72;80.94;78.04;79.72
2026-02-11 12:00:00;81.25;83.17;78.56;79.72
2026-02-11 08:00:00;81;81.47;80.38;81.26
2026-02-11 04:00:00;83.34;83.54;80.28;81
2026-02-11 00:00:00;82.99;84.39;82.59;83.34
2026-02-10 20:00:00;83.08;83.23;81.91;82.99
2026-02-10 16:00:00;84.3;85.14;82.44;83.08
2026-02-10 12:00:00;83.85;85.24;83.2;84.3
2026-02-10 08:00:00;84.64;85.09;83.77;83.85
2026-02-10 04:00:00;85.86;86.67;84.3;84.63
2026-02-10 00:00:00;86.77;87.49;85.26;85.87
2026-02-09 20:00:00;87.96;88.31;86.53;86.77
2026-02-09 16:00:00;85.28;88.69;84.81;87.97
2026-02-09 12:00:00;83.48;85.8;83.45;85.28
2026-02-09 08:00:00;85.5;85.64;82.86;83.47
2026-02-09 04:00:00;87.67;87.72;85.19;85.5
2026-02-09 00:00:00;86.99;87.98;85.75;87.67
2026-02-08 20:00:00;88.41;89.08;86.06;86.99
2026-02-08 16:00:00;87.78;88.61;85.77;88.41
2026-02-08 12:00:00;88.25;88.89;87.35;87.77
2026-02-08 08:00:00;87.41;88.99;86.44;88.25
2026-02-08 04:00:00;86.82;87.56;86.63;87.42
2026-02-08 00:00:00;87.59;88.22;86.7;86.82
2026-02-07 20:00:00;88.3;89.2;86.86;87.59
2026-02-07 16:00:00;86.56;89.19;86.17;88.3
2026-02-07 12:00:00;84.9;87.2;84.85;86.57
2026-02-07 08:00:00;85.29;85.74;84.51;84.91
2026-02-07 04:00:00;88.09;89.04;84.16;85.29
2026-02-07 00:00:00;87.45;88.39;85.91;88.1
2026-02-06 20:00:00;87.09;89.84;86.6;87.46
2026-02-06 16:00:00;84.48;88.72;83.66;87.09
2026-02-06 12:00:00;81.36;85.19;80.85;84.49
2026-02-06 08:00:00;79.6;82.04;78.67;81.36
2026-02-06 04:00:00;76.71;81.65;76.22;79.59
2026-02-06 00:00:00;78.34;80.3;67.5;76.71
2026-02-05 20:00:00;81.68;82.3;77.6;78.35
2026-02-05 16:00:00;84.61;86.2;81.21;81.68
2026-02-05 12:00:00;89.98;91.43;83.44;84.61
2026-02-05 08:00:00;90.55;93.43;88.66;89.98
2026-02-05 04:00:00;91.14;92.11;89.68;90.54
2026-02-05 00:00:00;92.11;92.89;90.24;91.15
2026-02-04 20:00:00;94.38;94.5;89.3;92.12
2026-02-04 16:00:00;92.8;94.71;90;94.38
2026-02-04 12:00:00;96.12;96.73;91.31;92.79
2026-02-04 08:00:00;97.91;97.96;94.71;96.11
2026-02-04 04:00:00;99.12;99.35;96.46;97.9
2026-02-04 00:00:00;97.89;99.67;97.17;99.13
2026-02-03 20:00:00;99.01;102.07;97.21;97.89
2026-02-03 16:00:00;102.56;102.56;96.64;99.02
2026-02-03 12:00:00;103.01;103.65;100.41;102.56
2026-02-03 08:00:00;104.7;105.04;102.5;103.01
2026-02-03 04:00:00;104.17;105.1;102.96;104.7
2026-02-03 00:00:00;104.54;104.67;102.18;104.16
2026-02-02 20:00:00;103.88;105.2;103.32;104.55
2026-02-02 16:00:00;104.69;105.78;103.51;103.89
2026-02-02 12:00:00;102.78;106.12;102.39;104.7
2026-02-02 08:00:00;101.42;103.45;101.36;102.78
2026-02-02 04:00:00;100.08;102.43;97.07;101.43
2026-02-02 00:00:00;100.78;103.14;95.95;100.07
2026-02-01 20:00:00;101.94;102.88;98.02;100.79
2026-02-01 16:00:00;101.7;104.27;100.93;101.94
2026-02-01 12:00:00;105.06;106.69;100.21;101.69
2026-02-01 08:00:00;105.2;106.06;103.59;105.05
2026-02-01 04:00:00;104.97;106.02;103.96;105.2
2026-02-01 00:00:00;105.58;106.43;104.23;104.97
2026-01-31 20:00:00;101.77;106.55;100.4;105.58
2026-01-31 16:00:00;108.65;109.83;96.4;101.78
2026-01-31 12:00:00;116.06;116.19;108.23;108.65
2026-01-31 08:00:00;117.38;117.53;114.29;116.05
2026-01-31 04:00:00;118.39;118.85;117.2;117.37
2026-01-31 00:00:00;117.6;118.66;117.39;118.39
2026-01-30 20:00:00;118.29;118.43;116.52;117.59
2026-01-30 16:00:00;116.8;119.12;114.34;118.3
2026-01-30 12:00:00;117.08;117.64;114.58;116.8
2026-01-30 08:00:00;115.78;117.28;114.67;117.08
2026-01-30 04:00:00;114.44;116.13;113.01;115.78
2026-01-30 00:00:00;117.82;118.14;112.14;114.43
2026-01-29 20:00:00;116.84;117.91;116.56;117.82
2026-01-29 16:00:00;117.69;119.96;115.39;116.84
2026-01-29 12:00:00;122.76;123.34;116.12;117.69
2026-01-29 08:00:00;123.78;123.93;122.66;122.76
2026-01-29 04:00:00;123.07;123.98;122.5;123.78
2026-01-29 00:00:00;125.34;125.51;122.7;123.07
2026-01-28 20:00:00;126;126.68;124.78;125.35
2026-01-28 16:00:00;126.06;127.04;125.26;126.01
2026-01-28 12:00:00;128.16;128.25;125.52;126.07
2026-01-28 08:00:00;127.09;128.34;125.97;128.17
2026-01-28 04:00:00;126.96;127.54;126.45;127.1
2026-01-28 00:00:00;127.18;127.52;126.65;126.96
2026-01-27 20:00:00;125.84;127.84;125.73;127.19
2026-01-27 16:00:00;125.01;126.79;123.55;125.85
2026-01-27 12:00:00;124.12;125.06;123.12;125.01
2026-01-27 08:00:00;124.52;124.79;123.57;124.12
2026-01-27 04:00:00;124.51;125.15;124;124.52
2026-01-27 00:00:00;124.24;125.17;123.73;124.51
2026-01-26 20:00:00;124.31;124.88;123.42;124.24
2026-01-26 16:00:00;123.53;125.6;123.03;124.31
2026-01-26 12:00:00;122.51;125.2;122.35;123.53
2026-01-26 08:00:00;122.9;123.59;121.76;122.5
2026-01-26 04:00:00;121.58;123.62;121.57;122.89
2026-01-26 00:00:00;118.85;122.77;118.53;121.57
2026-01-25 20:00:00;117.96;119.45;117.38;118.85
2026-01-25 16:00:00;125.58;125.58;117.15;117.96
2026-01-25 12:00:00;126.77;127.12;125.48;125.59
2026-01-25 08:00:00;126.47;127.2;125.98;126.77
2026-01-25 04:00:00;126.64;127;126.35;126.47
2026-01-25 00:00:00;127.22;127.46;126.35;126.64
2026-01-24 20:00:00;127.3;127.76;127.1;127.21
2026-01-24 16:00:00;126.85;127.51;126.64;127.3
2026-01-24 12:00:00;127.17;127.41;126.8;126.85
2026-01-24 08:00:00;127.12;127.4;126.93;127.17
2026-01-24 04:00:00;127.91;128.11;126.89;127.11
2026-01-24 00:00:00;127.43;128.12;127.29;127.91
2026-01-23 20:00:00;128.08;128.26;126.54;127.43
2026-01-23 16:00:00;127.9;130.2;127.46;128.08
2026-01-23 12:00:00;127.54;128.1;125.28;127.9
2026-01-23 08:00:00;127.93;128;126.94;127.54
2026-01-23 04:00:00;128.76;129.29;127.23;127.93
2026-01-23 00:00:00;128.47;128.98;128.08;128.76
2026-01-22 20:00:00;129.26;129.76;128.02;128.47
2026-01-22 16:00:00;127.42;129.37;126.92;129.26
2026-01-22 12:00:00;130.11;130.94;126.73;127.41
2026-01-22 08:00:00;129.8;130.35;129.35;130.11
2026-01-22 04:00:00;129.85;130.5;129.75;129.81
2026-01-22 00:00:00;129.53;130.62;129.53;129.86
2026-01-21 20:00:00;131.49;132.17;129.16;129.54
2026-01-21 16:00:00;130.43;131.68;125.26;131.5
2026-01-21 12:00:00;126.94;131.18;126.17;130.43
2026-01-21 08:00:00;127.61;128.19;126.8;126.94
2026-01-21 04:00:00;127.61;128.75;127.45;127.62
2026-01-21 00:00:00;125.81;127.86;125.75;127.61
2026-01-20 20:00:00;127.24;128.08;124.68;125.8
2026-01-20 16:00:00;127.86;128.59;126.3;127.25
2026-01-20 12:00:00;128.81;129.77;127.24;127.86
2026-01-20 08:00:00;130.62;130.8;128.36;128.81
2026-01-20 04:00:00;134.25;134.27;130.56;130.62
2026-01-20 00:00:00;133.44;134.63;133.07;134.24
2026-01-19 20:00:00;134.46;135.16;132.74;133.44
2026-01-19 16:00:00;133.55;134.71;133.48;134.45
2026-01-19 12:00:00;134.12;134.19;133.27;133.55
2026-01-19 08:00:00;133.47;134.37;133.28;134.13
2026-01-19 04:00:00;133.93;134.09;132.71;133.47
2026-01-19 00:00:00;137.87;137.87;130;133.94
2026-01-18 20:00:00;142.28;143.04;137.74;137.87
2026-01-18 16:00:00;141.99;143.25;141.75;142.27
2026-01-18 12:00:00;142.39;142.73;141.5;142
2026-01-18 08:00:00;142.12;142.65;141.93;142.39
2026-01-18 04:00:00;142.82;143.04;142.03;142.11
2026-01-18 00:00:00;143.73;144;141.95;142.83
2026-01-17 20:00:00;144.26;144.58;143.51;143.72
2026-01-17 16:00:00;144.33;144.55;143.64;144.27
2026-01-17 12:00:00;144;144.35;143.6;144.33
2026-01-17 08:00:00;143.64;144.65;143.32;144
2026-01-17 04:00:00;144.36;144.5;143.64;143.64
2026-01-17 00:00:00;144.9;144.99;144.2;144.37
2026-01-16 20:00:00;144.17;145.55;143.49;144.89
2026-01-16 16:00:00;140.77;144.52;140.65;144.18
2026-01-16 12:00:00;143.14;143.86;140.26;140.78
2026-01-16 08:00:00;142.95;143.55;142.71;143.14
2026-01-16 04:00:00;141.97;143.63;141.39;142.95
2026-01-16 00:00:00;142.41;142.82;141.68;141.97
2026-01-15 20:00:00;141.53;142.66;141.02;142.4
2026-01-15 16:00:00;143.48;144.2;140.9;141.53
2026-01-15 12:00:00;144.85;145.65;141.78;143.48
2026-01-15 08:00:00;145;146;144.02;144.86
2026-01-15 04:00:00;143.49;145.29;143.28;144.99
2026-01-15 00:00:00;146.7;146.73;143.21;143.49
2026-01-14 20:00:00;146.8;147.73;145.84;146.69
2026-01-14 16:00:00;147.07;148.44;145.32;146.8
2026-01-14 12:00:00;143.76;147.56;143.37;147.07
2026-01-14 08:00:00;144.85;145.76;143.53;143.77
2026-01-14 04:00:00;146.28;146.46;143.92;144.86
2026-01-14 00:00:00;145.52;146.6;144.33;146.29
2026-01-13 20:00:00;144.24;148.74;143;145.51
2026-01-13 16:00:00;143.51;144.55;142.43;144.24
2026-01-13 12:00:00;141.84;143.84;141.21;143.51
2026-01-13 08:00:00;139.97;143.12;139.97;141.84
2026-01-13 04:00:00;138.75;140.76;138.39;139.97
2026-01-13 00:00:00;139.21;139.58;137.82;138.74
2026-01-12 20:00:00;141;141.86;138.34;139.22
2026-01-12 16:00:00;142.58;144.33;140.58;140.99
2026-01-12 12:00:00;140.02;142.74;138.69;142.58
2026-01-12 08:00:00;141.42;142.05;139.04;140.03
2026-01-12 04:00:00;142.54;143.35;141.36;141.41
2026-01-12 00:00:00;139.69;144.4;138.92;142.54
2026-01-11 20:00:00;139.42;139.77;137.49;139.7
2026-01-11 16:00:00;138.44;141.6;138.43;139.43
2026-01-11 12:00:00;136.58;139.55;136.52;138.43
2026-01-11 08:00:00;136.2;136.91;136.1;136.58
2026-01-11 04:00:00;136.26;136.43;135.88;136.2
2026-01-11 00:00:00;135.85;136.47;135.75;136.26
2026-01-10 20:00:00;136.22;136.27;135.37;135.84
2026-01-10 16:00:00;136.42;136.71;135.85;136.22
2026-01-10 12:00:00;136.58;137.04;136.01;136.42
2026-01-10 08:00:00;136.09;137.05;136;136.58
2026-01-10 04:00:00;136.15;136.34;135.75;136.09
2026-01-10 00:00:00;135.96;136.69;135.68;136.15
2026-01-09 20:00:00;135.8;136.45;134.98;135.97
2026-01-09 16:00:00;138.82;140.25;135.44;135.81
2026-01-09 12:00:00;138.27;140.89;136.13;138.82
2026-01-09 08:00:00;139.55;139.68;137.04;138.28
2026-01-09 04:00:00;140.81;141.08;139.46;139.54
2026-01-09 00:00:00;138.37;141.17;137.74;140.81
2026-01-08 20:00:00;137.53;140.07;136.52;138.37
2026-01-08 16:00:00;136.41;139.06;136.25;137.53
2026-01-08 12:00:00;134.8;136.55;132.67;136.41
2026-01-08 08:00:00;135.9;136.22;133.92;134.79
2026-01-08 04:00:00;136.74;138.33;133.79;135.9
2026-01-08 00:00:00;136.39;138.32;136;136.75
2026-01-07 20:00:00;135.76;137.05;135;136.39
2026-01-07 16:00:00;135.7;136.68;134.41;135.76
2026-01-07 12:00:00;137.93;138.51;135.25;135.7
2026-01-07 08:00:00;139.39;139.8;136.56;137.93
2026-01-07 04:00:00;139.59;139.72;138.15;139.39
2026-01-07 00:00:00;141.08;141.4;138.52;139.58
2026-01-06 20:00:00;137.53;141.99;137.51;141.08
2026-01-06 16:00:00;141.59;141.95;136.19;137.53
2026-01-06 12:00:00;139.5;143.48;138.72;141.6
2026-01-06 08:00:00;137.6;139.7;137.4;139.5
2026-01-06 04:00:00;138.38;140.08;137.35;137.61
2026-01-06 00:00:00;137.91;138.63;136.89;138.38
2026-01-05 20:00:00;138.23;139.87;137.72;137.9
2026-01-05 16:00:00;136.13;138.82;134.31;138.23
2026-01-05 12:00:00;135.77;136.47;133.18;136.13
2026-01-05 08:00:00;135.45;136.06;134.75;135.77
2026-01-05 04:00:00;136.64;136.79;134.63;135.45
2026-01-05 00:00:00;134.12;137.75;134.01;136.64
2026-01-04 20:00:00;133.55;134.86;133.4;134.12
2026-01-04 16:00:00;134.91;135.54;133.12;133.56
2026-01-04 12:00:00;134.39;135.35;133.75;134.91
2026-01-04 08:00:00;133.8;134.88;133.2;134.39
2026-01-04 04:00:00;134.62;135;133.66;133.8
2026-01-04 00:00:00;133.37;134.97;133.31;134.62
2026-01-03 20:00:00;131.78;133.99;131.35;133.37
2026-01-03 16:00:00;131.48;132.12;131.47;131.78
2026-01-03 12:00:00;130.71;132.18;130.5;131.47
2026-01-03 08:00:00;130.09;131.44;129.8;130.71
2026-01-03 04:00:00;132.83;132.93;129.6;130.1
2026-01-03 00:00:00;132.28;133.17;132.06;132.83
2026-01-02 20:00:00;131.63;133.25;130.83;132.29
2026-01-02 16:00:00;128.98;132.3;128.68;131.63
2026-01-02 12:00:00;128.21;129.65;126.82;128.98
2026-01-02 08:00:00;127.14;129.99;127.13;128.22
2026-01-02 04:00:00;127.53;127.72;126.75;127.13
2026-01-02 00:00:00;126.91;127.99;125.84;127.53
2026-01-01 20:00:00;125.76;127.25;125.31;126.9
2026-01-01 16:00:00;124.96;125.79;124.28;125.76
2026-01-01 12:00:00;125.23;125.28;124.39;124.96
2026-01-01 08:00:00;124.24;125.29;124.15;125.22
2026-01-01 04:00:00;125.22;125.32;124.22;124.24
2026-01-01 00:00:00;124.64;125.8;124.6;125.21
2025-12-31 20:00:00;124.38;132.75;122.99;124.65
2025-12-31 16:00:00;125.58;125.74;124.31;124.39
2025-12-31 12:00:00;126.73;127.44;125.01;125.59
2025-12-31 08:00:00;125.99;126.85;125.44;126.73
2025-12-31 04:00:00;125.81;126.1;125.38;125.99
2025-12-31 00:00:00;125.02;126.09;124.41;125.82
2025-12-30 20:00:00;124.71;125.14;123.5;125.01
2025-12-30 16:00:00;125.16;126.52;123.78;124.71
2025-12-30 12:00:00;124.29;125.35;123.54;125.16
2025-12-30 08:00:00;124.02;125.15;124;124.3
2025-12-30 04:00:00;123.79;124.35;123.2;124.02
2025-12-30 00:00:00;123.28;123.93;122.58;123.8
2025-12-29 20:00:00;123.07;123.62;122.86;123.28
2025-12-29 16:00:00;123.43;123.98;122.63;123.06
2025-12-29 12:00:00;125.08;125.41;122.36;123.44
2025-12-29 08:00:00;127.88;128.47;125.01;125.08
2025-12-29 04:00:00;128.58;129.15;127.2;127.88
2025-12-29 00:00:00;125.27;130.16;125.01;128.58
2025-12-28 20:00:00;123.3;125.64;123.1;125.27
2025-12-28 16:00:00;124.44;124.77;123.08;123.3
2025-12-28 12:00:00;124.65;125.03;124.3;124.44
2025-12-28 08:00:00;124.23;124.84;124;124.65
2025-12-28 04:00:00;124.12;124.34;123.61;124.23
2025-12-28 00:00:00;124.74;124.9;123.9;124.13
2025-12-27 20:00:00;123.27;125.08;123.27;124.73
2025-12-27 16:00:00;123.32;123.45;122.76;123.28
2025-12-27 12:00:00;122.98;123.66;122.74;123.31
2025-12-27 08:00:00;123.15;123.34;122.51;122.99
2025-12-27 04:00:00;123.67;123.74;122.77;123.16
2025-12-27 00:00:00;122.27;123.8;121.86;123.67
2025-12-26 20:00:00;122.16;122.67;121.82;122.26
2025-12-26 16:00:00;121.55;122.4;121.17;122.15
2025-12-26 12:00:00;123.83;125.14;120.45;121.55
2025-12-26 08:00:00;122.71;124.13;122.29;123.84
2025-12-26 04:00:00;122.67;123.99;121.8;122.72
2025-12-26 00:00:00;120.05;124.39;119.24;122.67
2025-12-25 20:00:00;123.47;123.52;119.71;120.06
2025-12-25 16:00:00;123.68;124.46;122.8;123.47
2025-12-25 12:00:00;121.65;124.1;121.58;123.68
2025-12-25 08:00:00;122.27;122.65;121.31;121.65
2025-12-25 04:00:00;122.7;122.86;122.1;122.27
2025-12-25 00:00:00;122.52;123.15;122.09;122.7
2025-12-24 20:00:00;122.86;123.4;122.47;122.53
2025-12-24 16:00:00;122.73;123.46;121.77;122.86
2025-12-24 12:00:00;122.04;122.94;120.7;122.73
2025-12-24 08:00:00;121.32;122.23;121.11;122.04
2025-12-24 04:00:00;122.71;123.06;120.63;121.31
2025-12-24 00:00:00;124.02;124.3;121.76;122.72
2025-12-23 20:00:00;123.99;125.65;123.46;124.01
2025-12-23 16:00:00;123.36;124.94;122.78;123.99
2025-12-23 12:00:00;124.85;124.93;122.16;123.37
2025-12-23 08:00:00;124.19;125.23;123.93;124.86
2025-12-23 04:00:00;125.62;126.08;123.77;124.19
2025-12-23 00:00:00;125.93;126.93;124.9;125.63
2025-12-22 20:00:00;124.66;126.03;124.2;125.93
2025-12-22 16:00:00;128.07;128.37;124.64;124.66
2025-12-22 12:00:00;127;128.78;126.32;128.07
2025-12-22 08:00:00;126.3;127.46;125.49;127.01
2025-12-22 04:00:00;126.02;126.73;125.56;126.31
2025-12-22 00:00:00;126.03;128.56;124.5;126.02
2025-12-21 20:00:00;125.67;126.3;124.7;126.03
2025-12-21 16:00:00;125.05;126.35;124.37;125.67
2025-12-21 12:00:00;125.47;126.06;123.4;125.05
2025-12-21 08:00:00;125.29;126.62;124.8;125.48
2025-12-21 04:00:00;125.22;125.54;125.07;125.3
2025-12-21 00:00:00;125.8;126.11;124.68;125.22
2025-12-20 20:00:00;126.05;126.55;125.63;125.81
2025-12-20 16:00:00;126.59;126.71;125.75;126.05
2025-12-20 12:00:00;126.47;126.67;125.45;126.58
2025-12-20 08:00:00;126.18;126.89;125.87;126.47
2025-12-20 04:00:00;126.21;126.69;125.87;126.17
2025-12-20 00:00:00;126.27;126.49;125.3;126.21
2025-12-19 20:00:00;126.25;127.87;126.08;126.27
2025-12-19 16:00:00;125.09;126.97;123.59;126.25
2025-12-19 12:00:00;125.36;127.66;124.68;125.09
2025-12-19 08:00:00;124.43;125.74;123.86;125.36
2025-12-19 04:00:00;121.58;125.34;121.35;124.44
2025-12-19 00:00:00;119.6;122.54;117.61;121.59
2025-12-18 20:00:00;117.55;120.2;116.88;119.6
2025-12-18 16:00:00;127.41;127.5;117.44;117.56
2025-12-18 12:00:00;124.07;129.05;123.65;127.4
2025-12-18 08:00:00;122.83;124.15;122.46;124.07
2025-12-18 04:00:00;123.64;124.13;122.21;122.83
2025-12-18 00:00:00;123.28;124.16;122.98;123.65
2025-12-17 20:00:00;122.39;123.76;121.95;123.27
2025-12-17 16:00:00;126.76;127.98;121.36;122.39
2025-12-17 12:00:00;127.62;133.99;126.58;126.77
2025-12-17 08:00:00;128.26;128.26;125.96;127.62
2025-12-17 04:00:00;128.25;128.57;127.02;128.27
2025-12-17 00:00:00;129.15;129.82;128.21;128.24
2025-12-16 20:00:00;127.72;129.52;127.43;129.15
2025-12-16 16:00:00;129.75;129.85;126.77;127.73
2025-12-16 12:00:00;128.62;130.14;126.11;129.75
2025-12-16 08:00:00;125.57;129.04;125.43;128.63
2025-12-16 04:00:00;126.5;127.48;124.87;125.57
2025-12-16 00:00:00;127.81;128.03;124.94;126.51
2025-12-15 20:00:00;125.01;127.87;123.88;127.81
2025-12-15 16:00:00;126.89;127.3;123.63;125.02
2025-12-15 12:00:00;132.25;135.43;126.45;126.89
2025-12-15 08:00:00;132.34;133.03;132.06;132.26
2025-12-15 04:00:00;131.17;132.71;130.88;132.34
2025-12-15 00:00:00;129.39;133.25;129.29;131.16
2025-12-14 20:00:00;130.3;130.8;127.98;129.4
2025-12-14 16:00:00;130.67;131.6;129.4;130.31
2025-12-14 12:00:00;131.46;131.9;130.33;130.67
2025-12-14 08:00:00;133.28;133.5;130.14;131.47
2025-12-14 04:00:00;132.95;133.39;132.08;133.29
2025-12-14 00:00:00;133.13;133.66;132.71;132.95
2025-12-13 20:00:00;132.73;133.27;131.6;133.14
2025-12-13 16:00:00;133.3;133.82;132.11;132.72
2025-12-13 12:00:00;133.31;133.68;132.61;133.31
2025-12-13 08:00:00;132.94;134.28;132.93;133.32
2025-12-13 04:00:00;132.88;133.02;132.33;132.93
2025-12-13 00:00:00;132.28;133;132.28;132.88
2025-12-12 20:00:00;131.27;133.07;131;132.27
2025-12-12 16:00:00;133.48;133.95;130.35;131.27
2025-12-12 12:00:00;138.72;139.86;132.85;133.49
2025-12-12 08:00:00;139.09;139.15;137.19;138.71
2025-12-12 04:00:00;137.08;140.12;136.52;139.09
2025-12-12 00:00:00;136.41;137.95;135.35;137.08
2025-12-11 20:00:00;133.9;137.79;133.82;136.41
2025-12-11 16:00:00;131.17;135.58;130.12;133.91
2025-12-11 12:00:00;130.93;132.82;129.84;131.18
2025-12-11 08:00:00;131.03;131.41;130.15;130.93
2025-12-11 04:00:00;129.39;131.52;129.04;131.03
2025-12-11 00:00:00;136.26;136.43;129;129.39
2025-12-10 20:00:00;138.67;142.57;135.39;136.26
2025-12-10 16:00:00;136.16;139.64;135.73;138.67
2025-12-10 12:00:00;137.23;138.16;135.71;136.17
2025-12-10 08:00:00;139.2;139.88;136.33;137.24
2025-12-10 04:00:00;138.15;140.22;138.05;139.2
2025-12-10 00:00:00;137.87;138.61;137.19;138.15
2025-12-09 20:00:00;142.11;142.34;136.71;137.88
2025-12-09 16:00:00;138.46;144.93;138.45;142.1
2025-12-09 12:00:00;132.95;138.5;131.62;138.45
2025-12-09 08:00:00;133.21;133.42;132.01;132.95
2025-12-09 04:00:00;134.18;134.26;131.77;133.2
2025-12-09 00:00:00;133.24;134.42;132.47;134.18
2025-12-08 20:00:00;133.66;134.94;132.45;133.25
2025-12-08 16:00:00;135.54;136.54;133.02;133.67
2025-12-08 12:00:00;138.37;139.32;135.24;135.55
2025-12-08 08:00:00;135.85;139.36;135.65;138.37
2025-12-08 04:00:00;134.32;136;134.07;135.85
2025-12-08 00:00:00;132.25;134.71;131.52;134.32
2025-12-07 20:00:00;135.73;136.35;129.8;132.24
2025-12-07 16:00:00;132.03;136.29;130.49;135.72
2025-12-07 12:00:00;132.43;133.07;127.7;132.03
2025-12-07 08:00:00;132.09;132.59;131.53;132.44
2025-12-07 04:00:00;133.5;133.54;131.91;132.08
2025-12-07 00:00:00;132.2;133.59;131.93;133.5
2025-12-06 20:00:00;132.07;132.93;131.28;132.19
2025-12-06 16:00:00;132.88;133.54;131.78;132.06
2025-12-06 12:00:00;133.23;133.99;132.21;132.87
2025-12-06 08:00:00;132.73;133.29;131.88;133.22
2025-12-06 04:00:00;133.73;133.75;132.56;132.72
2025-12-06 00:00:00;133.29;134.13;132.8;133.74
2025-12-05 20:00:00;132.49;133.43;131.96;133.29
2025-12-05 16:00:00;135.04;135.2;130.73;132.5
2025-12-05 12:00:00;137.01;137.2;134.41;135.05
2025-12-05 08:00:00;139.67;139.67;136.13;137.02
2025-12-05 04:00:00;138.55;140.75;137.77;139.68
2025-12-05 00:00:00;139.01;140.2;138.3;138.56
2025-12-04 20:00:00;139.66;140.5;138.5;139.01
2025-12-04 16:00:00;143.2;143.85;137.8;139.67
2025-12-04 12:00:00;143.05;144.26;141.44;143.21
2025-12-04 08:00:00;143.47;144.2;142.7;143.06
2025-12-04 04:00:00;144.68;144.9;142.64;143.47
2025-12-04 00:00:00;144.67;146.91;143.64;144.67
2025-12-03 20:00:00;141.27;146.08;140.74;144.67
2025-12-03 16:00:00;141;142.39;139.87;141.28
2025-12-03 12:00:00;141.72;143.59;138.78;141
2025-12-03 08:00:00;141.89;142.67;140.75;141.72
2025-12-03 04:00:00;140.33;144.26;140.18;141.88
2025-12-03 00:00:00;138.67;140.65;137.76;140.33
2025-12-02 20:00:00;140.26;140.38;138.2;138.68
2025-12-02 16:00:00;137.83;140.88;137.38;140.25
2025-12-02 12:00:00;128.32;139.87;128.2;137.84
2025-12-02 08:00:00;127.26;128.84;126.01;128.31
2025-12-02 04:00:00;127.23;127.85;126.44;127.26
2025-12-02 00:00:00;126.66;128.54;126.02;127.23
2025-12-01 20:00:00;123.86;127.43;123.83;126.66
2025-12-01 16:00:00;125.11;125.34;123.27;123.86
2025-12-01 12:00:00;127.12;127.72;123.11;125.11
2025-12-01 08:00:00;127.41;128.09;126.86;127.12
2025-12-01 04:00:00;126.97;127.47;125.81;127.42
2025-12-01 00:00:00;133.48;133.74;126.53;126.97
2025-11-30 20:00:00;137.62;137.93;133.26;133.48
2025-11-30 16:00:00;138.34;139.82;137.37;137.63
2025-11-30 12:00:00;136.43;140.19;136.2;138.33
2025-11-30 08:00:00;136.52;137.1;136.12;136.42
2025-11-30 04:00:00;136.41;136.95;135.52;136.53
2025-11-30 00:00:00;135.92;136.8;135.25;136.4
2025-11-29 20:00:00;135.67;136.52;135.33;135.91
2025-11-29 16:00:00;137.58;138.1;134.76;135.68
2025-11-29 12:00:00;137.33;137.66;136.5;137.58
2025-11-29 08:00:00;137.28;137.48;136.39;137.33
2025-11-29 04:00:00;136.84;137.72;136.22;137.28
2025-11-29 00:00:00;137.33;137.89;136.7;136.83
2025-11-28 20:00:00;137.54;138.3;136.59;137.33
2025-11-28 16:00:00;141.62;141.65;136.01;137.53
2025-11-28 12:00:00;140.99;143.6;140.43;141.61
2025-11-28 08:00:00;138.98;142.64;138.95;140.99
2025-11-28 04:00:00;139.68;140.6;138.97;138.97
2025-11-28 00:00:00;140.85;141.45;138.59;139.68
2025-11-27 20:00:00;142.73;142.91;140.47;140.85
2025-11-27 16:00:00;142.15;143.15;141.43;142.73
2025-11-27 12:00:00;142.08;142.54;140.67;142.15
2025-11-27 08:00:00;143.77;143.9;141.51;142.08
2025-11-27 04:00:00;142.52;144.29;142.33;143.77
2025-11-27 00:00:00;143.01;144.14;142.07;142.52
2025-11-26 20:00:00;143.99;144.23;142.51;143.02
2025-11-26 16:00:00;136.67;144.75;136.46;143.99
2025-11-26 12:00:00;136.86;138.29;135.5;136.66
2025-11-26 08:00:00;139.88;139.93;136.21;136.87
2025-11-26 04:00:00;138.15;139.95;137.72;139.89
2025-11-26 00:00:00;138.96;140.68;137.92;138.15
2025-11-25 20:00:00;136.73;140.5;135.98;138.96
2025-11-25 16:00:00;134.86;138.02;134.24;136.72
2025-11-25 12:00:00;136.29;136.98;133.13;134.86
2025-11-25 08:00:00;136.33;136.84;134.73;136.29
2025-11-25 04:00:00;137.8;138.97;136.3;136.33
2025-11-25 00:00:00;138.43;138.99;137.25;137.8
2025-11-24 20:00:00;137.24;139.87;137.24;138.44
2025-11-24 16:00:00;131.93;138;131.82;137.24
2025-11-24 12:00:00;129.61;132.6;128.54;131.94
2025-11-24 08:00:00;130.33;130.76;128.44;129.62
2025-11-24 04:00:00;133.42;133.93;130.19;130.34
2025-11-24 00:00:00;130.58;134.41;129.31;133.43
2025-11-23 20:00:00;132.39;133.54;130.52;130.58
2025-11-23 16:00:00;132.88;133.47;130.84;132.38
2025-11-23 12:00:00;129.76;133.13;129.65;132.87
2025-11-23 08:00:00;128.86;130.99;128.83;129.75
2025-11-23 04:00:00;129.95;131.9;128.11;128.86
2025-11-23 00:00:00;127.6;130.8;127.56;129.96
2025-11-22 20:00:00;127.2;128.92;126.1;127.59
2025-11-22 16:00:00;127.13;128.6;126.79;127.2
2025-11-22 12:00:00;126.68;127.79;125.08;127.13
2025-11-22 08:00:00;127.74;127.74;125.32;126.68
2025-11-22 04:00:00;127.13;128.39;125.35;127.74
2025-11-22 00:00:00;128.69;129.94;126.82;127.13
2025-11-21 20:00:00;128.12;129.36;125.11;128.68
2025-11-21 16:00:00;125.4;130.62;123.58;128.12
2025-11-21 12:00:00;124.32;129.61;121.66;125.41
2025-11-21 08:00:00;127.55;129.45;123.79;124.32
2025-11-21 04:00:00;132.62;133.1;124.44;127.55
2025-11-21 00:00:00;133.67;135.06;131.03;132.62
2025-11-20 20:00:00;133.91;136.68;132.66;133.67
2025-11-20 16:00:00;138.56;138.74;131.11;133.92
2025-11-20 12:00:00;142.12;143.39;138.35;138.57
2025-11-20 08:00:00;143.8;143.96;141.07;142.12
2025-11-20 04:00:00;143.18;144.8;142.19;143.8
2025-11-20 00:00:00;137.06;144.46;136.38;143.18
2025-11-19 20:00:00;131.74;137.06;131.36;137.06
2025-11-19 16:00:00;134.61;135.45;130.53;131.74
2025-11-19 12:00:00;138.57;139.23;134.42;134.62
2025-11-19 08:00:00;140.57;141.03;138.35;138.56
2025-11-19 04:00:00;139.8;141.14;137.12;140.58
2025-11-19 00:00:00;140.68;142.84;139.29;139.81
2025-11-18 20:00:00;141.45;142.12;139.66;140.69
2025-11-18 16:00:00;139.7;142.12;138.77;141.44
2025-11-18 12:00:00;137.88;142.17;136.84;139.7
2025-11-18 08:00:00;136.93;139.12;136.47;137.88
2025-11-18 04:00:00;134.52;137.81;132.52;136.92
2025-11-18 00:00:00;131;135.23;129;134.51
2025-11-17 20:00:00;129.64;131.97;128.82;130.99
2025-11-17 16:00:00;137.16;137.21;129.37;129.65
2025-11-17 12:00:00;141.9;143.28;136.8;137.16
2025-11-17 08:00:00;141.33;142.8;140.94;141.9
2025-11-17 04:00:00;140.28;141.85;139.66;141.33
2025-11-17 00:00:00;137.17;140.79;136.09;140.28
2025-11-16 20:00:00;136.83;138.17;134.91;137.17
2025-11-16 16:00:00;137.47;138.51;134.42;136.83
2025-11-16 12:00:00;139.91;140.85;137.15;137.48
2025-11-16 08:00:00;142.31;143.38;139.5;139.92
2025-11-16 04:00:00;141.43;142.46;140.73;142.31
2025-11-16 00:00:00;139.6;141.52;137.39;141.43
2025-11-15 20:00:00;141.78;141.96;138.61;139.61
2025-11-15 16:00:00;141.72;144.69;140.81;141.77
2025-11-15 12:00:00;140.21;142.26;139.98;141.72
2025-11-15 08:00:00;142.75;142.84;139.97;140.22
2025-11-15 04:00:00;142.54;143.59;141.81;142.76
2025-11-15 00:00:00;138.93;143.35;138.75;142.53
2025-11-14 20:00:00;143.14;143.24;137.2;138.92
2025-11-14 16:00:00;142.23;144.22;140.57;143.14
2025-11-14 12:00:00;140.76;143.76;135.76;142.23
2025-11-14 08:00:00;142.85;143.19;139.84;140.77
2025-11-14 04:00:00;144.27;144.48;138.71;142.85
2025-11-14 00:00:00;144.74;145.68;142.8;144.28
2025-11-13 20:00:00;142.73;146.25;141.04;144.73
2025-11-13 16:00:00;153.12;153.41;142.04;142.73
2025-11-13 12:00:00;156.3;156.96;152.26;153.13
2025-11-13 08:00:00;155.3;156.5;153.86;156.3
2025-11-13 04:00:00;154.33;157.2;153.4;155.31
2025-11-13 00:00:00;153.43;155.78;150.42;154.33
2025-11-12 20:00:00;153.04;154.68;152.54;153.42
2025-11-12 16:00:00;155.73;156.21;151.2;153.05
2025-11-12 12:00:00;160.03;161.06;155.23;155.73
2025-11-12 08:00:00;155.03;161.14;155;160.03
2025-11-12 04:00:00;154.58;156.57;154.2;155.02
2025-11-12 00:00:00;154.63;155.58;153.59;154.57
2025-11-11 20:00:00;157.59;157.87;153.93;154.63
2025-11-11 16:00:00;160.88;161.22;157.42;157.58
2025-11-11 12:00:00;163.69;164.37;160;160.89
2025-11-11 08:00:00;163.98;164.97;162.7;163.69
2025-11-11 04:00:00;169.97;170.11;163.57;163.98
2025-11-11 00:00:00;167.31;171.94;166;169.97
2025-11-10 20:00:00;167.19;168.41;164.81;167.31
2025-11-10 16:00:00;166.26;168.49;165.25;167.19
2025-11-10 12:00:00;168.32;170.48;165.2;166.26
2025-11-10 08:00:00;167.38;169.81;166.11;168.33
2025-11-10 04:00:00;168.13;168.92;166.38;167.38
2025-11-10 00:00:00;164.53;168.76;163.42;168.12
2025-11-09 20:00:00;166.16;166.57;163.93;164.53
2025-11-09 16:00:00;162.53;166.31;161.23;166.15
2025-11-09 12:00:00;159.06;163.98;158.59;162.53
2025-11-09 08:00:00;159.29;159.94;157.28;159.06
2025-11-09 04:00:00;155.89;159.58;155.85;159.3
2025-11-09 00:00:00;158.01;158.32;155.11;155.88
2025-11-08 20:00:00;157.36;158.44;157.22;158.02
2025-11-08 16:00:00;156.65;158.18;155.8;157.36
2025-11-08 12:00:00;159.39;159.7;155.9;156.65
2025-11-08 08:00:00;161.05;162.34;159.01;159.39
2025-11-08 04:00:00;162.52;163.66;159.58;161.06
2025-11-08 00:00:00;161.8;164.89;160.59;162.52
2025-11-07 20:00:00;164.17;164.41;161.61;161.79
2025-11-07 16:00:00;155.42;164.48;154.4;164.17
2025-11-07 12:00:00;153.86;156.27;149.82;155.42
2025-11-07 08:00:00;157.79;158.21;151.67;153.85
2025-11-07 04:00:00;156.86;158.28;155.24;157.79
2025-11-07 00:00:00;155.27;158.62;154.22;156.85
2025-11-06 20:00:00;156.89;157.82;153.45;155.28
2025-11-06 16:00:00;155.92;158.67;153.8;156.89
2025-11-06 12:00:00;158.85;161.51;155.4;155.92
2025-11-06 08:00:00;158.84;159.9;157.66;158.85
2025-11-06 04:00:00;162.46;162.75;158.25;158.84
2025-11-06 00:00:00;162.37;162.91;159.7;162.45
2025-11-05 20:00:00;162.53;163.97;161.12;162.37
2025-11-05 16:00:00;160.5;163.93;158.57;162.53
2025-11-05 12:00:00;157.48;160.57;156.77;160.5
2025-11-05 08:00:00;156.47;157.63;153.67;157.48
2025-11-05 04:00:00;156.93;158.62;155.66;156.47
2025-11-05 00:00:00;155.04;157.42;147.29;156.93
2025-11-04 20:00:00;154.62;155.9;145.85;155.03
2025-11-04 16:00:00;161.5;162.36;152.26;154.62
2025-11-04 12:00:00;161.71;165.27;159.32;161.5
2025-11-04 08:00:00;157.07;162.25;156.41;161.71
2025-11-04 04:00:00;167.66;168.13;155.87;157.07
2025-11-04 00:00:00;166.06;168.42;164.18;167.66
2025-11-03 20:00:00;166.75;167.24;163.15;166.06
2025-11-03 16:00:00;166.79;171;165.61;166.74
2025-11-03 12:00:00;175.32;176.95;165;166.79
2025-11-03 08:00:00;176.51;176.92;173;175.32
2025-11-03 04:00:00;177.56;178.75;174.22;176.5
2025-11-03 00:00:00;187.71;189.13;176.73;177.57
2025-11-02 20:00:00;184.02;188.1;183.58;187.71
2025-11-02 16:00:00;183.77;184.68;182;184.02
2025-11-02 12:00:00;186.14;186.5;183.53;183.77
2025-11-02 08:00:00;187.72;187.95;184.45;186.15
2025-11-02 04:00:00;185.3;188.34;185.02;187.72
2025-11-02 00:00:00;186.35;186.37;184.66;185.29
2025-11-01 20:00:00;186.28;186.96;184.98;186.35
2025-11-01 16:00:00;186.42;187.12;184.87;186.27
2025-11-01 12:00:00;186.22;186.65;183.79;186.42
2025-11-01 08:00:00;185.79;186.72;185.28;186.22
2025-11-01 04:00:00;187.2;187.55;185;185.8
2025-11-01 00:00:00;187.21;187.48;185.5;187.2
2025-10-31 20:00:00;188.41;188.78;186.54;187.21
2025-10-31 16:00:00;188.12;189.04;184.38;188.42
2025-10-31 12:00:00;188.89;190.26;186;188.13
2025-10-31 08:00:00;185.36;189.22;184.58;188.89
2025-10-31 04:00:00;185.14;187.03;184.77;185.36
2025-10-31 00:00:00;184.69;186.91;183.7;185.15
2025-10-30 20:00:00;179.05;184.74;178.79;184.69
2025-10-30 16:00:00;185.01;186.35;178.65;179.06
2025-10-30 12:00:00;191.85;192.06;184.49;185.02
2025-10-30 08:00:00;195.79;196.11;191.01;191.85
2025-10-30 04:00:00;197.09;197.18;190.35;195.8
2025-10-30 00:00:00;193.89;198.19;192.12;197.1
2025-10-29 20:00:00;192.75;197.06;191.92;193.88
2025-10-29 16:00:00;196.78;198.77;189.37;192.76
2025-10-29 12:00:00;198.74;201.7;196.37;196.78
2025-10-29 08:00:00;195.65;199.37;193.78;198.74
2025-10-29 04:00:00;193.9;196.07;193.75;195.65
2025-10-29 00:00:00;194.16;195.09;192.68;193.89
2025-10-28 20:00:00;195.34;195.36;190.22;194.15
2025-10-28 16:00:00;198.86;201.28;194.48;195.35
2025-10-28 12:00:00;199.73;203.03;196.58;198.85
2025-10-28 08:00:00;202.36;203.99;199.14;199.73
2025-10-28 04:00:00;201.27;203;198.62;202.35
2025-10-28 00:00:00;198.71;202.05;198.41;201.27
2025-10-27 20:00:00;200.03;200.23;197.34;198.7
2025-10-27 16:00:00;200.11;203.25;199.82;200.03
2025-10-27 12:00:00;200.18;200.58;198.3;200.11
2025-10-27 08:00:00;202.5;202.54;198.02;200.18
2025-10-27 04:00:00;204.33;205.33;202.26;202.51
2025-10-27 00:00:00;200.03;205.08;199.48;204.33
2025-10-26 20:00:00;198.87;202.43;196.86;200.03
2025-10-26 16:00:00;199.53;199.67;198.18;198.87
2025-10-26 12:00:00;197.74;199.96;196.91;199.53
2025-10-26 08:00:00;193.85;197.9;193.73;197.75
2025-10-26 04:00:00;192.98;194.31;192.73;193.86
2025-10-26 00:00:00;193.84;194.36;191.9;192.97
2025-10-25 20:00:00;194.53;194.91;193.76;193.84
2025-10-25 16:00:00;191.88;194.65;191.42;194.53
2025-10-25 12:00:00;192.7;194.22;191.8;191.89
2025-10-25 08:00:00;193.97;195.25;191.19;192.71
2025-10-25 04:00:00;193.48;194.91;193.44;193.96
2025-10-25 00:00:00;193.58;194.49;192.45;193.47
2025-10-24 20:00:00;193.1;194.14;192.84;193.59
2025-10-24 16:00:00;189.45;193.64;188.83;193.09
2025-10-24 12:00:00;192.13;197;188.83;189.45
2025-10-24 08:00:00;192.15;193.45;190.58;192.13
2025-10-24 04:00:00;191.31;194.6;190.82;192.15
2025-10-24 00:00:00;191.36;193.85;190.85;191.31
2025-10-23 20:00:00;191.14;191.51;188.31;191.35
2025-10-23 16:00:00;191.04;193.45;190.1;191.15
2025-10-23 12:00:00;187.98;192.62;186.6;191.04
2025-10-23 08:00:00;187.48;189.49;187.48;187.98
2025-10-23 04:00:00;182.87;188;182.7;187.48
2025-10-23 00:00:00;180.13;183.4;179.68;182.86
2025-10-22 20:00:00;180.21;180.78;177.04;180.12
2025-10-22 16:00:00;183.99;184.96;177.07;180.2
2025-10-22 12:00:00;185.05;186.91;181.28;183.98
2025-10-22 08:00:00;185.01;185.98;181.92;185.05
2025-10-22 04:00:00;185.23;186.31;183.28;185.01
2025-10-22 00:00:00;185.62;187.45;184.14;185.24
2025-10-21 20:00:00;193.97;194.22;185.11;185.63
2025-10-21 16:00:00;196.22;197.71;192.11;193.96
2025-10-21 12:00:00;186.28;197.15;183.94;196.22
2025-10-21 08:00:00;185.04;186.75;183.77;186.29
2025-10-21 04:00:00;185.57;185.63;182.72;185.03
2025-10-21 00:00:00;189.71;190.21;185.31;185.57
2025-10-20 20:00:00;188.83;191.18;188.26;189.71
2025-10-20 16:00:00;190.51;190.51;185.56;188.83
2025-10-20 12:00:00;192.21;192.99;190.44;190.5
2025-10-20 08:00:00;193.02;194.18;191;192.2
2025-10-20 04:00:00;191.21;194.5;190.6;193.02
2025-10-20 00:00:00;187.86;191.75;183.82;191.21
2025-10-19 20:00:00;188.88;190.16;186.83;187.86
2025-10-19 16:00:00;190.77;192.29;188.33;188.88
2025-10-19 12:00:00;189;191.7;188.11;190.78
2025-10-19 08:00:00;185.89;190.05;183.19;188.99
2025-10-19 04:00:00;187.03;187.69;185.19;185.9
2025-10-19 00:00:00;187.55;187.87;184.88;187.04
2025-10-18 20:00:00;186.35;187.84;185.9;187.56
2025-10-18 16:00:00;185.04;186.41;183.2;186.34
2025-10-18 12:00:00;186.11;187.4;183.96;185.03
2025-10-18 08:00:00;186.26;187.18;184.4;186.1
2025-10-18 04:00:00;184.8;188.26;183.11;186.27
2025-10-18 00:00:00;181.97;185.54;181.75;184.8
2025-10-17 20:00:00;181.98;186.04;181.47;181.96
2025-10-17 16:00:00;182.71;185.41;181.42;181.98
2025-10-17 12:00:00;181.44;182.82;176.25;182.72
2025-10-17 08:00:00;177.75;182.7;174.06;181.45
2025-10-17 04:00:00;187.09;187.46;177.34;177.75
2025-10-17 00:00:00;184.84;187.55;184.27;187.09
2025-10-16 20:00:00;185.05;186.11;182.03;184.85
2025-10-16 16:00:00;187.61;192.33;183.56;185.04
2025-10-16 12:00:00;196.82;198.42;186.56;187.61
2025-10-16 08:00:00;192.93;197.16;186.37;196.81
2025-10-16 04:00:00;193.64;195.6;191.38;192.93
2025-10-16 00:00:00;193.84;196.19;193.17;193.63
2025-10-15 20:00:00;194.81;196.62;192.04;193.84
2025-10-15 16:00:00;197.14;198.73;194.18;194.81
2025-10-15 12:00:00;202.59;204.87;196.18;197.13
2025-10-15 08:00:00;204.65;208.91;202.04;202.6
2025-10-15 04:00:00;201.65;205.45;200.47;204.66
2025-10-15 00:00:00;202.45;205.82;200.89;201.65
2025-10-14 20:00:00;198.54;203.42;198.17;202.44
2025-10-14 16:00:00;202.23;206.48;197.05;198.54
2025-10-14 12:00:00;195.33;202.64;191.5;202.22
2025-10-14 08:00:00;194.46;197.58;191.03;195.32
2025-10-14 04:00:00;205.72;205.95;192;194.47
2025-10-14 00:00:00;208.69;211.25;204.96;205.71
2025-10-13 20:00:00;207.1;209.28;206.81;208.69
2025-10-13 16:00:00;196.42;208.75;196.23;207.1
2025-10-13 12:00:00;192.56;197.66;191.31;196.42
2025-10-13 08:00:00;196.8;198.68;190.02;192.56
2025-10-13 04:00:00;194.82;199.5;192.91;196.81
2025-10-13 00:00:00;196.99;199.99;194.34;194.81
2025-10-12 20:00:00;195.86;199;193.12;197
2025-10-12 16:00:00;191.23;196.6;191.22;195.85
2025-10-12 12:00:00;180.96;191.8;178.2;191.23
2025-10-12 08:00:00;182.54;182.8;180.33;180.96
2025-10-12 04:00:00;177.06;182.97;176.61;182.55
2025-10-12 00:00:00;177.63;178.5;173;177.06
2025-10-11 20:00:00;177.57;178.78;172.58;177.62
2025-10-11 16:00:00;183.71;184.64;176.6;177.57
2025-10-11 12:00:00;183.85;185.05;180.77;183.71
2025-10-11 08:00:00;182.75;189.5;181.76;183.85
2025-10-11 04:00:00;184.86;186.88;180;182.75
2025-10-11 00:00:00;188.43;191.05;182.16;184.85
2025-10-10 20:00:00;205.31;207.8;168.79;188.43
2025-10-10 16:00:00;210.69;213.06;203.43;205.32
2025-10-10 12:00:00;221.15;224.46;209.01;210.7
2025-10-10 08:00:00;218.13;221.56;217.4;221.14
2025-10-10 04:00:00;221.64;222.9;217.92;218.12
2025-10-10 00:00:00;220.93;222.87;219.5;221.65
2025-10-09 20:00:00;218.29;221.64;217.56;220.93
2025-10-09 16:00:00;219.11;220.14;216.53;218.29
2025-10-09 12:00:00;223.14;226.32;218.62;219.11
2025-10-09 08:00:00;224.49;224.81;219.32;223.14
2025-10-09 04:00:00;226.19;228.87;224.14;224.5
2025-10-09 00:00:00;229.03;229.69;223.84;226.19
2025-10-08 20:00:00;229.34;229.72;227.42;229.02
2025-10-08 16:00:00;221.2;229.67;220.71;229.34
2025-10-08 12:00:00;221.2;224.18;218.78;221.19
2025-10-08 08:00:00;220.95;222.64;220.65;221.2
2025-10-08 04:00:00;218.3;220.98;217.3;220.95
2025-10-08 00:00:00;219.98;222.78;217.91;218.31
2025-10-07 20:00:00;221.7;224.28;219.7;219.97
2025-10-07 16:00:00;223.79;225.31;220.71;221.69
2025-10-07 12:00:00;230.44;231.59;220.8;223.79
2025-10-07 08:00:00;231.01;231.64;228.22;230.44
2025-10-07 04:00:00;233.95;235.21;229.41;231.01
2025-10-07 00:00:00;232.35;233.98;231;233.95
2025-10-06 20:00:00;235.34;236.15;231.64;232.35
2025-10-06 16:00:00;235.64;237.79;234.05;235.35
2025-10-06 12:00:00;233.02;236.67;232.63;235.64
2025-10-06 08:00:00;231.37;234.15;231.37;233.02
2025-10-06 04:00:00;232.23;234.86;230.17;231.36
2025-10-06 00:00:00;228.56;233.3;227.55;232.24
2025-10-05 20:00:00;227.07;229.26;226.7;228.56
2025-10-05 16:00:00;230.13;231.47;226.72;227.07
2025-10-05 12:00:00;232.66;232.67;228.42;230.14
2025-10-05 08:00:00;236.58;237.22;230.76;232.66
2025-10-05 04:00:00;230.91;236.93;230.9;236.59
2025-10-05 00:00:00;227.86;232.29;226.45;230.91
2025-10-04 20:00:00;226.91;228.29;226.91;227.86
2025-10-04 16:00:00;224.87;227.02;224.07;226.91
2025-10-04 12:00:00;229.19;229.84;224.31;224.88
2025-10-04 08:00:00;229.1;229.92;228.21;229.19
2025-10-04 04:00:00;229.24;230.53;228.73;229.11
2025-10-04 00:00:00;232.84;234.05;227.93;229.25
2025-10-03 20:00:00;233.18;233.99;230.72;232.84
2025-10-03 16:00:00;234.79;237;228.33;233.17
2025-10-03 12:00:00;230.79;234.98;227.13;234.79
2025-10-03 08:00:00;229.42;231.79;227.76;230.78
2025-10-03 04:00:00;232.26;233.23;227.68;229.41
2025-10-03 00:00:00;234.74;234.84;230.56;232.26
2025-10-02 20:00:00;232.29;234.99;230.81;234.74
2025-10-02 16:00:00;227.19;233.79;226.24;232.3
2025-10-02 12:00:00;225.28;227.44;222.61;227.18
2025-10-02 08:00:00;222.91;226.7;222.69;225.27
2025-10-02 04:00:00;223.81;226.74;222.43;222.9
2025-10-02 00:00:00;222.04;225.06;219.52;223.8
2025-10-01 20:00:00;220.05;222.77;218.41;222.04
2025-10-01 16:00:00;220.24;221;217.34;220.05
2025-10-01 12:00:00;217.75;220.66;217.16;220.25
2025-10-01 08:00:00;210.18;217.95;209.86;217.75
2025-10-01 04:00:00;206.68;210.34;206.31;210.18
2025-10-01 00:00:00;208.68;210.9;206.43;206.69
2025-09-30 20:00:00;208.92;210.98;207.42;208.68
2025-09-30 16:00:00;205.99;209.21;204.29;208.92
2025-09-30 12:00:00;207.07;209.64;204.65;206
2025-09-30 08:00:00;208.99;209;205.53;207.08
2025-09-30 04:00:00;210.71;211.72;208.55;209
2025-09-30 00:00:00;212.74;213.67;209.83;210.71
2025-09-29 20:00:00;212.93;214.74;212.43;212.75
2025-09-29 16:00:00;210.07;213.5;207.67;212.93
2025-09-29 12:00:00;207.07;213.5;204.58;210.07
2025-09-29 08:00:00;208.94;209.69;206.02;207.07
2025-09-29 04:00:00;210.27;210.64;207.37;208.95
2025-09-29 00:00:00;210.83;210.89;208.74;210.28
2025-09-28 20:00:00;206.18;211;206.02;210.83
2025-09-28 16:00:00;203.43;206.67;203.26;206.18
2025-09-28 12:00:00;199.86;203.55;198;203.42
2025-09-28 08:00:00;202.1;202.7;199.23;199.86
2025-09-28 04:00:00;201.4;202.45;200.38;202.1
2025-09-28 00:00:00;203.47;204.07;200.74;201.4
2025-09-27 20:00:00;202.19;204.89;201.89;203.46
2025-09-27 16:00:00;203.52;203.61;200.85;202.19
2025-09-27 12:00:00;201.71;203.77;200.97;203.52
2025-09-27 08:00:00;202.05;202.21;199.88;201.71
2025-09-27 04:00:00;203.88;204.12;201.52;202.05
2025-09-27 00:00:00;205.16;205.43;203.57;203.88
2025-09-26 20:00:00;200.68;205.52;199.56;205.17
2025-09-26 16:00:00;196.02;202.66;195.81;200.68
2025-09-26 12:00:00;193.46;198.31;192.15;196.02
2025-09-26 08:00:00;196.31;196.98;190.8;193.47
2025-09-26 04:00:00;196.47;197.42;193.75;196.31
2025-09-26 00:00:00;192.73;197.55;192.53;196.47
2025-09-25 20:00:00;198.09;198.7;191.32;192.74
2025-09-25 16:00:00;201.14;201.95;193.6;198.09
2025-09-25 12:00:00;201.34;204.06;197.03;201.15
2025-09-25 08:00:00;204.19;205.91;200.69;201.35
2025-09-25 04:00:00;207.3;207.63;202.76;204.19
2025-09-25 00:00:00;211.61;212.44;206.02;207.3
2025-09-24 20:00:00;213.18;213.24;210.72;211.6
2025-09-24 16:00:00;213.6;215.51;212.41;213.18
2025-09-24 12:00:00;212.36;216.24;211.41;213.61
2025-09-24 08:00:00;210.63;212.6;209.83;212.35
2025-09-24 04:00:00;208.5;211.43;204.81;210.63
2025-09-24 00:00:00;213.29;216.45;207.41;208.51
2025-09-23 20:00:00;214.51;216.68;212.96;213.3
2025-09-23 16:00:00;219.27;221.71;214.35;214.52
2025-09-23 12:00:00;219.33;220.65;216.97;219.28
2025-09-23 08:00:00;219;220.86;217.87;219.34
2025-09-23 04:00:00;216.94;220.26;214.02;219
2025-09-23 00:00:00;220.39;221.41;212.34;216.94
2025-09-22 20:00:00;217.1;221.1;216.45;220.38
2025-09-22 16:00:00;220.73;221.53;216.56;217.1
2025-09-22 12:00:00;221.49;224.03;219.91;220.73
2025-09-22 08:00:00;221.88;222.78;219.32;221.49
2025-09-22 04:00:00;232.81;233.16;214.5;221.88
2025-09-22 00:00:00;236.16;236.96;230.5;232.81
2025-09-21 20:00:00;237.99;238.11;235.32;236.16
2025-09-21 16:00:00;237.91;238.41;236.08;237.99
2025-09-21 12:00:00;238.64;240.28;237.7;237.91
2025-09-21 08:00:00;239.87;240.09;237.1;238.64
2025-09-21 04:00:00;241.78;241.82;239.45;239.87
2025-09-21 00:00:00;239.48;241.79;238.96;241.78
2025-09-20 20:00:00;238.64;240.31;238.44;239.48
2025-09-20 16:00:00;240.11;241.1;237.97;238.64
2025-09-20 12:00:00;238.14;241.22;237.05;240.1
2025-09-20 08:00:00;239.77;239.78;236.91;238.14
2025-09-20 04:00:00;238.09;239.78;237.73;239.78
2025-09-20 00:00:00;238.53;239.96;237.36;238.09
2025-09-19 20:00:00;235.98;238.85;235.98;238.53
2025-09-19 16:00:00;237.54;238.87;235.12;235.98
2025-09-19 12:00:00;240.92;242.71;235.81;237.54
2025-09-19 08:00:00;243.81;244.83;240;240.91
2025-09-19 04:00:00;245;245.73;242.83;243.82
2025-09-19 00:00:00;247.5;248.57;244.66;245
2025-09-18 20:00:00;248.36;249.22;245.88;247.5
2025-09-18 16:00:00;248.25;253.51;247.33;248.36
2025-09-18 12:00:00;245.96;248.99;245.01;248.24
2025-09-18 08:00:00;244.75;247.17;244.34;245.97
2025-09-18 04:00:00;246.71;246.97;242.58;244.75
2025-09-18 00:00:00;244.84;247.99;244.16;246.72
2025-09-17 20:00:00;238.74;246.62;236.01;244.84
2025-09-17 16:00:00;233.9;239.1;232.23;238.74
2025-09-17 12:00:00;234.18;235.99;233.56;233.9
2025-09-17 08:00:00;237.69;237.73;233.66;234.17
2025-09-17 04:00:00;234.07;238.09;233.2;237.69
2025-09-17 00:00:00;236.96;237.85;233.84;234.07
2025-09-16 20:00:00;237.82;239.03;236.44;236.96
2025-09-16 16:00:00;237.79;240.95;236.24;237.82
2025-09-16 12:00:00;235.36;238.09;231.26;237.79
2025-09-16 08:00:00;235.77;236.93;234.77;235.37
2025-09-16 04:00:00;235.09;237.03;232.97;235.77
2025-09-16 00:00:00;234.32;235.8;232.87;235.08
2025-09-15 20:00:00;232.99;235.37;232.78;234.31
2025-09-15 16:00:00;233;234.67;230.15;233
2025-09-15 12:00:00;236.46;238.16;231.96;233
2025-09-15 08:00:00;237.98;238.11;231.55;236.45
2025-09-15 04:00:00;242.65;244;236.17;237.98
2025-09-15 00:00:00;239.75;243.41;239.15;242.64
2025-09-14 20:00:00;242.5;244.72;239.23;239.76
2025-09-14 16:00:00;243.81;248.45;242.13;242.51
2025-09-14 12:00:00;246.1;246.77;241.53;243.81
2025-09-14 08:00:00;246.4;248.09;245.58;246.09
2025-09-14 04:00:00;246.89;248.4;244.5;246.39
2025-09-14 00:00:00;242.38;249.6;242.2;246.89
2025-09-13 20:00:00;238.98;243.18;238.84;242.38
2025-09-13 16:00:00;239.43;239.69;235.73;238.98
2025-09-13 12:00:00;241.93;243.09;237.93;239.43
2025-09-13 08:00:00;242.45;243.72;241.26;241.93
2025-09-13 04:00:00;243.62;243.67;241.23;242.46
2025-09-13 00:00:00;242.18;244.14;240.68;243.61
2025-09-12 20:00:00;241;244.04;238.33;242.18
2025-09-12 16:00:00;239.32;241.48;237.94;241
2025-09-12 12:00:00;239.18;241.84;237.56;239.31
2025-09-12 08:00:00;237.33;239.55;236.72;239.18
2025-09-12 04:00:00;235.08;239.86;234.22;237.33
2025-09-12 00:00:00;228.73;235.81;228.11;235.09
2025-09-11 20:00:00;226.69;228.94;225.47;228.73
2025-09-11 16:00:00;226.82;228.37;225.3;226.71
2025-09-11 12:00:00;225.04;228.95;222.79;226.82
2025-09-11 08:00:00;223.23;225.85;222.28;225.03
2025-09-11 04:00:00;224.17;224.29;221.72;223.23
2025-09-11 00:00:00;224.06;225.59;222.94;224.17
2025-09-10 20:00:00;221.23;224.65;220.95;224.07
2025-09-10 16:00:00;223.16;224.13;220.53;221.23
2025-09-10 12:00:00;220.24;226;219.74;223.17
2025-09-10 08:00:00;222.25;222.45;218.77;220.25
2025-09-10 04:00:00;219.2;222.89;217.82;222.25
2025-09-10 00:00:00;217.22;219.65;215.09;219.2
2025-09-09 20:00:00;216.35;217.8;215.01;217.21
2025-09-09 16:00:00;213.07;216.99;213;216.34
2025-09-09 12:00:00;217.24;218.54;211.69;213.07
2025-09-09 08:00:00;219.23;219.5;217;217.25
2025-09-09 04:00:00;214.62;219.79;213.96;219.23
2025-09-09 00:00:00;214.11;214.91;210.79;214.63
2025-09-08 20:00:00;216.16;216.22;213.55;214.11
2025-09-08 16:00:00;215.04;217.11;213.88;216.15
2025-09-08 12:00:00;214.28;216.83;212.8;215.04
2025-09-08 08:00:00;207.91;215.84;207.39;214.28
2025-09-08 04:00:00;207.64;208.87;206.66;207.92
2025-09-08 00:00:00;206.35;209;205.59;207.65
2025-09-07 20:00:00;203.08;207.95;202.58;206.35
2025-09-07 16:00:00;205.2;205.48;201.48;203.08
2025-09-07 12:00:00;203.96;205.55;203.08;205.2
2025-09-07 08:00:00;203;203.99;202.72;203.96
2025-09-07 04:00:00;202.85;203.3;202.23;202.99
2025-09-07 00:00:00;200.17;203.27;200.12;202.86
2025-09-06 20:00:00;199.7;201.2;199.7;200.16
2025-09-06 16:00:00;201.26;202.37;199.32;199.71
2025-09-06 12:00:00;202.38;202.87;201.01;201.26
2025-09-06 08:00:00;203.03;203.56;201.8;202.38
2025-09-06 04:00:00;204.06;204.07;202.07;203.03
2025-09-06 00:00:00;203.37;204.68;203.14;204.07
2025-09-05 20:00:00;205.43;205.69;202.7;203.36
2025-09-05 16:00:00;203.55;205.55;201.91;205.44
2025-09-05 12:00:00;206.67;210;201.61;203.56
2025-09-05 08:00:00;207.87;207.96;204.52;206.67
2025-09-05 04:00:00;203.53;208.43;203;207.87
2025-09-05 00:00:00;202.32;204.05;200.95;203.53
2025-09-04 20:00:00;202.11;204.82;201.88;202.32
2025-09-04 16:00:00;203.77;205.18;201.84;202.12
2025-09-04 12:00:00;207.23;208.5;203.38;203.76
2025-09-04 08:00:00;206.68;208.79;206.58;207.22
2025-09-04 04:00:00;208.19;208.56;205.68;206.68
2025-09-04 00:00:00;210.77;211.94;207.47;208.19
2025-09-03 20:00:00;210.38;210.96;208.38;210.77
2025-09-03 16:00:00;211.37;211.97;208.83;210.38
2025-09-03 12:00:00;210.37;213.02;208.69;211.37
2025-09-03 08:00:00;209.36;211.34;208.15;210.38
2025-09-03 04:00:00;210.02;210.48;207.94;209.36
2025-09-03 00:00:00;209.64;211.97;207.42;210.03
2025-09-02 20:00:00;205.53;209.68;204.91;209.65
2025-09-02 16:00:00;200.29;207;199.48;205.54
2025-09-02 12:00:00;201.97;205.15;197.37;200.3
2025-09-02 08:00:00;202.12;204.45;201.67;201.98
2025-09-02 04:00:00;201.86;204.45;201.39;202.12
2025-09-02 00:00:00;197.32;203.36;196.77;201.85
2025-09-01 20:00:00;200.16;200.17;194.19;197.32
2025-09-01 16:00:00;198.36;200.16;197.27;200.16
2025-09-01 12:00:00;199.41;201.13;197.67;198.37
2025-09-01 08:00:00;202.92;204.58;198.36;199.4
2025-09-01 04:00:00;198.41;202.93;196.61;202.92
2025-09-01 00:00:00;200.62;202.49;196.03;198.42
2025-08-31 20:00:00;204.61;205.78;200.28;200.62
2025-08-31 16:00:00;204.58;205.99;203.68;204.62
2025-08-31 12:00:00;203.65;204.89;201.5;204.58
2025-08-31 08:00:00;203.56;206;202.23;203.65
2025-08-31 04:00:00;205.57;205.65;202.73;203.55
2025-08-31 00:00:00;202.7;206.66;202.69;205.58
2025-08-30 20:00:00;201.25;203.33;199.75;202.7
2025-08-30 16:00:00;201.05;201.61;199.74;201.25
2025-08-30 12:00:00;202.64;202.67;197.52;201.05
2025-08-30 08:00:00;205.13;205.56;201.65;202.64
2025-08-30 04:00:00;205.61;207.06;204.37;205.14
2025-08-30 00:00:00;205.09;206.65;200.68;205.61
2025-08-29 20:00:00;202.95;205.5;199.85;205.08
2025-08-29 16:00:00;204.46;205.5;201.34;202.95
2025-08-29 12:00:00;207.61;214.94;203.81;204.46
2025-08-29 08:00:00;208.78;210.07;205.34;207.62
2025-08-29 04:00:00;216.86;218;207.8;208.77
2025-08-29 00:00:00;214.43;217.97;212;216.86
2025-08-28 20:00:00;209.95;215.73;209.64;214.43
2025-08-28 16:00:00;211.06;214;207.17;209.94
2025-08-28 12:00:00;213.15;216.89;210.2;211.06
2025-08-28 08:00:00;213.11;216.5;211.07;213.14
2025-08-28 04:00:00;208.16;213.33;207.47;213.11
2025-08-28 00:00:00;202.95;208.35;201.72;208.15
2025-08-27 20:00:00;206.4;209.49;202.57;202.95
2025-08-27 16:00:00;208.66;212.08;205.95;206.4
2025-08-27 12:00:00;205.01;209.4;202.62;208.66
2025-08-27 08:00:00;202.44;205.38;201.48;205.01
2025-08-27 04:00:00;201.91;205.7;200.81;202.43
2025-08-27 00:00:00;195.85;202.81;193.78;201.92
2025-08-26 20:00:00;197.43;198.1;195.37;195.86
2025-08-26 16:00:00;190.76;197.51;190.58;197.43
2025-08-26 12:00:00;187.98;192.55;187.18;190.77
2025-08-26 08:00:00;188.92;190.37;186.67;187.97
2025-08-26 04:00:00;186.9;189.92;186.9;188.92
2025-08-26 00:00:00;187.19;189.29;185.58;186.9
2025-08-25 20:00:00;191.47;192.12;185.33;187.2
2025-08-25 16:00:00;196.57;198.36;190.98;191.47
2025-08-25 12:00:00;197.54;199.5;195.56;196.56
2025-08-25 08:00:00;199.81;200.8;195;197.55
2025-08-25 04:00:00;209.24;209.71;198.69;199.82
2025-08-25 00:00:00;205.99;213.6;202.23;209.24
2025-08-24 20:00:00;205.01;207.15;201.09;205.98
2025-08-24 16:00:00;205.62;211.97;201.44;205.01
2025-08-24 12:00:00;204.48;209.35;203.57;205.62
2025-08-24 08:00:00;206.67;209;203.41;204.48
2025-08-24 04:00:00;209.06;210.76;206.6;206.66
2025-08-24 00:00:00;204.15;211.99;204.14;209.05
2025-08-23 20:00:00;204.08;204.86;202.8;204.14
2025-08-23 16:00:00;202.57;204.57;202.2;204.09
2025-08-23 12:00:00;201.99;203.8;200.58;202.58
2025-08-23 08:00:00;205.18;205.66;201.53;201.98
2025-08-23 04:00:00;198.15;208.62;198.1;205.18
2025-08-23 00:00:00;200.69;200.82;195.26;198.16
2025-08-22 20:00:00;198.97;202.4;198.38;200.69
2025-08-22 16:00:00;193.48;199.73;193.48;198.97
2025-08-22 12:00:00;179.63;195.42;177.27;193.47
2025-08-22 08:00:00;183.97;185.1;179.6;179.63
2025-08-22 04:00:00;181.76;184.36;181.75;183.98
2025-08-22 00:00:00;180.3;183.5;180;181.76
2025-08-21 20:00:00;180.15;181.86;179.43;180.29
2025-08-21 16:00:00;181.65;182.93;179.85;180.15
2025-08-21 12:00:00;184.03;186.42;181.44;181.65
2025-08-21 08:00:00;186.99;187.04;183.48;184.03
2025-08-21 04:00:00;188.43;188.7;185.89;186.98
2025-08-21 00:00:00;187.95;190.1;185.51;188.43
2025-08-20 20:00:00;187.6;187.95;185.78;187.94
2025-08-20 16:00:00;183.02;187.97;182.59;187.59
2025-08-20 12:00:00;180.28;185.06;177.53;183.03
2025-08-20 08:00:00;180.53;182.25;178.32;180.29
2025-08-20 04:00:00;180.49;181.7;179.83;180.53
2025-08-20 00:00:00;176.22;181.5;176.04;180.49
2025-08-19 20:00:00;176.75;179.54;175.88;176.22
2025-08-19 16:00:00;177.98;178.78;175.69;176.74
2025-08-19 12:00:00;182.67;183.42;177.46;177.98
2025-08-19 08:00:00;180.12;182.81;179.11;182.66
2025-08-19 04:00:00;178.52;180.59;177.32;180.11
2025-08-19 00:00:00;182.94;185.87;178.17;178.52
2025-08-18 20:00:00;183.21;185;182.07;182.94
2025-08-18 16:00:00;183.1;185.7;181.76;183.21
2025-08-18 12:00:00;181.37;183.34;180.52;183.1
2025-08-18 08:00:00;180.63;181.98;180;181.36
2025-08-18 04:00:00;182.67;183.51;180.22;180.62
2025-08-18 00:00:00;191;191.33;181.82;182.67
2025-08-17 20:00:00;191.17;193.44;190.88;190.99
2025-08-17 16:00:00;195.48;195.89;189.94;191.18
2025-08-17 12:00:00;193.58;195.49;191.91;195.47
2025-08-17 08:00:00;191.89;193.87;191.53;193.58
2025-08-17 04:00:00;191.61;193.55;191.33;191.88
2025-08-17 00:00:00;189.61;191.94;187.35;191.61
2025-08-16 20:00:00;188.68;190.06;187.94;189.6
2025-08-16 16:00:00;188.78;189.36;187.08;188.69
2025-08-16 12:00:00;185.75;189.47;185.2;188.79
2025-08-16 08:00:00;189.12;189.23;185.39;185.74
2025-08-16 04:00:00;187.09;189.65;186.11;189.12
2025-08-16 00:00:00;185.71;188.36;185.34;187.1
2025-08-15 20:00:00;183.88;188.26;183.37;185.72
2025-08-15 16:00:00;185.55;186.9;183.3;183.89
2025-08-15 12:00:00;194.32;196.19;184.36;185.55
2025-08-15 08:00:00;196.95;197.59;193.63;194.32
2025-08-15 04:00:00;195.14;198.07;194.44;196.95
2025-08-15 00:00:00;192.46;195.6;191.94;195.15
2025-08-14 20:00:00;192.91;193.24;187.32;192.47
2025-08-14 16:00:00;194.86;195.51;190.25;192.91
2025-08-14 12:00:00;203.61;205.46;186.68;194.85
2025-08-14 08:00:00;205.67;205.85;201.77;203.62
2025-08-14 04:00:00;207.94;209.86;204.02;205.66
2025-08-14 00:00:00;201.51;209.04;200.59;207.94
2025-08-13 20:00:00;202.09;203.33;199.83;201.51
2025-08-13 16:00:00;197.43;202.2;197.01;202.08
2025-08-13 12:00:00;201;204.96;194.15;197.44
2025-08-13 08:00:00;198.74;202.71;197.61;201
2025-08-13 04:00:00;197.74;200.1;195.18;198.74
2025-08-13 00:00:00;191.77;199.54;191.48;197.73
2025-08-12 20:00:00;190.65;193.76;189.59;191.78
2025-08-12 16:00:00;181.7;191.14;180.77;190.64
2025-08-12 12:00:00;175.23;182.1;174.73;181.7
2025-08-12 08:00:00;175.9;176.51;173.72;175.23
2025-08-12 04:00:00;175.53;176.64;173.6;175.9
2025-08-12 00:00:00;174.83;176.74;174.64;175.53
2025-08-11 20:00:00;176.62;176.88;173.43;174.84
2025-08-11 16:00:00;180.19;181.77;175.54;176.62
2025-08-11 12:00:00;179.07;180.52;177.23;180.19
2025-08-11 08:00:00;182.97;184.67;178.35;179.08
2025-08-11 04:00:00;185.13;186.8;182.79;182.97
2025-08-11 00:00:00;182.67;185.8;181.27;185.14
2025-08-10 20:00:00;182.8;183.94;181.27;182.66
2025-08-10 16:00:00;181.54;183.3;181.21;182.8
2025-08-10 12:00:00;179.98;182.4;178.52;181.54
2025-08-10 08:00:00;178.94;181.05;177.51;179.97
2025-08-10 04:00:00;184.98;186.18;177.66;178.94
2025-08-10 00:00:00;179.96;185.99;179.81;184.98
2025-08-09 20:00:00;182.13;183.45;179.72;179.95
2025-08-09 16:00:00;180.1;182.7;179.46;182.14
2025-08-09 12:00:00;180.78;182.49;178.92;180.09
2025-08-09 08:00:00;180.62;183.35;180.39;180.79
2025-08-09 04:00:00;177.26;182.15;176.94;180.62
2025-08-09 00:00:00;176.79;179.02;176.64;177.26
2025-08-08 20:00:00;178.46;178.76;176.62;176.78
2025-08-08 16:00:00;175.23;179.66;175.01;178.47
2025-08-08 12:00:00;177.65;179.14;174.21;175.23
2025-08-08 08:00:00;177.13;177.95;174.88;177.65
2025-08-08 04:00:00;174.71;177.87;173.88;177.14
2025-08-08 00:00:00;175.37;175.92;173.43;174.71
2025-08-07 20:00:00;171.76;175.51;171.52;175.36
2025-08-07 16:00:00;170.48;171.94;167;171.75
2025-08-07 12:00:00;172.83;173.18;169.7;170.49
2025-08-07 08:00:00;169.99;173.49;169.06;172.82
2025-08-07 04:00:00;166.9;170.45;166.76;169.99
2025-08-07 00:00:00;168.1;169;166.7;166.89
2025-08-06 20:00:00;168.82;168.85;167.32;168.09
2025-08-06 16:00:00;169.05;169.93;167.18;168.82
2025-08-06 12:00:00;164.2;169.42;162.65;169.04
2025-08-06 08:00:00;164.26;164.64;162.72;164.2
2025-08-06 04:00:00;161.86;164.79;161.25;164.25
2025-08-06 00:00:00;164.09;164.17;161.13;161.86
2025-08-05 20:00:00;162.76;164.54;161.3;164.09
2025-08-05 16:00:00;163.77;164.94;162.28;162.76
2025-08-05 12:00:00;170.89;171.04;162.9;163.78
2025-08-05 08:00:00;166.21;171.73;165.66;170.89
2025-08-05 04:00:00;167.92;169.28;165.78;166.22
2025-08-05 00:00:00;169.55;169.97;167.57;167.92
2025-08-04 20:00:00;165.64;169.78;165.3;169.55
2025-08-04 16:00:00;165.49;169.8;165;165.65
2025-08-04 12:00:00;162.39;166.91;162.14;165.49
2025-08-04 08:00:00;163.04;164.08;161.64;162.38
2025-08-04 04:00:00;162.98;163.41;161.26;163.03
2025-08-04 00:00:00;161.98;164.98;161.42;162.98
2025-08-03 20:00:00;161.64;163.14;160.75;161.97
2025-08-03 16:00:00;162.1;162.75;161.12;161.65
2025-08-03 12:00:00;161.47;162.35;160.37;162.11
2025-08-03 08:00:00;161.37;162.9;160.68;161.47
2025-08-03 04:00:00;160.86;161.59;160.03;161.37
2025-08-03 00:00:00;158.49;161.07;156.28;160.86
2025-08-02 20:00:00;157.45;159.81;157.04;158.48
2025-08-02 16:00:00;161.51;162.2;155.83;157.44
2025-08-02 12:00:00;164.5;164.94;161.03;161.5
2025-08-02 08:00:00;164.44;165.13;162.22;164.51
2025-08-02 04:00:00;164.37;165.3;161.82;164.43
2025-08-02 00:00:00;162.71;165.02;162.56;164.36
2025-08-01 20:00:00;166.47;166.82;159.2;162.71
2025-08-01 16:00:00;168.56;169.75;165.1;166.47
2025-08-01 12:00:00;169.19;170.35;164.58;168.57
2025-08-01 08:00:00;169.41;169.41;166.19;169.2
2025-08-01 04:00:00;171.14;171.14;167.96;169.4
2025-08-01 00:00:00;172.22;172.26;167.42;171.14
2025-07-31 20:00:00;175.31;175.74;171.44;172.22
2025-07-31 16:00:00;177.34;179.77;174.75;175.32
2025-07-31 12:00:00;180.75;180.89;175.25;177.35
2025-07-31 08:00:00;181.24;182.7;180.24;180.74
2025-07-31 04:00:00;180.31;181.62;179.81;181.24
2025-07-31 00:00:00;177.77;180.55;177.62;180.31
2025-07-30 20:00:00;176.12;178.09;174.76;177.77
2025-07-30 16:00:00;179.17;180.15;170.29;176.12
2025-07-30 12:00:00;177.29;180.59;176.65;179.18
2025-07-30 08:00:00;180.83;181.49;176.42;177.3
2025-07-30 04:00:00;181.69;182.56;179.34;180.83
2025-07-30 00:00:00;181.47;182.37;178.81;181.69
2025-07-29 20:00:00;181.11;182;179.3;181.48
2025-07-29 16:00:00;180.81;182.37;178.3;181.11
2025-07-29 12:00:00;182.93;184.99;179.23;180.81
2025-07-29 08:00:00;186.04;186.51;182.24;182.93
2025-07-29 04:00:00;184.34;186.68;183.21;186.05
2025-07-29 00:00:00;183.1;184.72;180.67;184.33
2025-07-28 20:00:00;185.25;185.53;182.16;183.11
2025-07-28 16:00:00;187.18;187.99;183.45;185.26
2025-07-28 12:00:00;192;193.52;186.55;187.18
2025-07-28 08:00:00;192.36;193.36;190.63;192
2025-07-28 04:00:00;193.34;195.26;191.64;192.37
2025-07-28 00:00:00;188.64;193.82;187.66;193.35
2025-07-27 20:00:00;186.92;190.7;186.44;188.64
2025-07-27 16:00:00;186.48;189.76;185.95;186.92
2025-07-27 12:00:00;187.02;187.34;184.9;186.47
2025-07-27 08:00:00;187.22;188.57;186.18;187.01
2025-07-27 04:00:00;187.19;188.33;186.62;187.22
2025-07-27 00:00:00;184.89;187.59;184.53;187.19
2025-07-26 20:00:00;186.44;186.76;184.29;184.88
2025-07-26 16:00:00;187.53;187.8;185.06;186.45
2025-07-26 12:00:00;187.75;188.48;186.05;187.52
2025-07-26 08:00:00;186.43;189.78;186.42;187.74
2025-07-26 04:00:00;185.97;187.14;185.63;186.43
2025-07-26 00:00:00;186.75;186.93;184.48;185.97
2025-07-25 20:00:00;182.16;186.85;182.08;186.76
2025-07-25 16:00:00;178.19;182.84;177.47;182.17
2025-07-25 12:00:00;181.12;181.89;176.24;178.2
2025-07-25 08:00:00;177.51;182.08;176.86;181.12
2025-07-25 04:00:00;177.72;179.78;175.91;177.51
2025-07-25 00:00:00;182.88;183.54;175.63;177.71
2025-07-24 20:00:00;187.99;189.06;182.01;182.87
2025-07-24 16:00:00;188.54;190.04;184.85;187.99
2025-07-24 12:00:00;186.41;191.76;183.36;188.53
2025-07-24 08:00:00;184.2;186.92;182.92;186.4
2025-07-24 04:00:00;189.85;190.12;179.21;184.21
2025-07-24 00:00:00;189.4;191.87;188.48;189.85
2025-07-23 20:00:00;188.09;190.04;183.97;189.4
2025-07-23 16:00:00;192.72;192.75;186.01;188.08
2025-07-23 12:00:00;197.41;197.57;187.61;192.72
2025-07-23 08:00:00;199.47;200;195.86;197.42
2025-07-23 04:00:00;201.4;202.26;198.88;199.46
2025-07-23 00:00:00;205.7;205.75;200.99;201.39
2025-07-22 20:00:00;198.91;206.3;198.39;205.7
2025-07-22 16:00:00;201.82;204.24;198.39;198.92
2025-07-22 12:00:00;199.91;204.99;196.95;201.83
2025-07-22 08:00:00;198.1;200.15;194.05;199.91
2025-07-22 04:00:00;200.08;201.32;194.1;198.1
2025-07-22 00:00:00;195.72;204.67;193.75;200.09
2025-07-21 20:00:00;194.64;197.78;193.64;195.72
2025-07-21 16:00:00;196.79;197.25;193.01;194.63
2025-07-21 12:00:00;191.39;199.28;190.22;196.79
2025-07-21 08:00:00;190.06;192.99;189.69;191.4
2025-07-21 04:00:00;186.71;191.08;185.06;190.07
2025-07-21 00:00:00;181.44;187.04;178.25;186.71
2025-07-20 20:00:00;182;182.39;177.8;181.43
2025-07-20 16:00:00;181.97;183.66;180.25;181.99
2025-07-20 12:00:00;180.44;183.17;179.96;181.96
2025-07-20 08:00:00;177.95;181.51;177.95;180.44
2025-07-20 04:00:00;177.97;178.67;176.94;177.94
2025-07-20 00:00:00;176.97;179.75;176.33;177.98
2025-07-19 20:00:00;177.04;178.61;174.91;176.96
2025-07-19 16:00:00;177.41;178.19;176.12;177.04
2025-07-19 12:00:00;176.6;177.88;174.8;177.4
2025-07-19 08:00:00;176.99;177.81;175.41;176.59
2025-07-19 04:00:00;177.45;177.77;176.1;176.99
2025-07-19 00:00:00;177.28;177.69;174;177.45
2025-07-18 20:00:00;176.98;177.62;173.24;177.28
2025-07-18 16:00:00;177.02;179.11;176.15;176.99
2025-07-18 12:00:00;178.45;182.02;174.86;177.02
2025-07-18 08:00:00;180.93;181.97;177.1;178.46
2025-07-18 04:00:00;180.79;184.67;179.86;180.94
2025-07-18 00:00:00;175.88;181.15;175.29;180.8
2025-07-17 20:00:00;173.05;177.4;171.34;175.87
2025-07-17 16:00:00;174.12;175.42;171.21;173.05
2025-07-17 12:00:00;176.16;177.54;172.78;174.13
2025-07-17 08:00:00;174.02;178.19;172.67;176.17
2025-07-17 04:00:00;169.53;174.17;169.24;174.02
2025-07-17 00:00:00;173.62;174.85;168.71;169.54
2025-07-16 20:00:00;174.15;176;172.37;173.63
2025-07-16 16:00:00;168.45;174.7;168.4;174.16
2025-07-16 12:00:00;166.66;168.84;165.4;168.45
2025-07-16 08:00:00;164.05;167.58;163.81;166.66
2025-07-16 04:00:00;162.51;164.64;161.79;164.05
2025-07-16 00:00:00;163.98;165.26;161.51;162.5
2025-07-15 20:00:00;160.22;164.26;159.71;163.98
2025-07-15 16:00:00;160.46;163.7;159.98;160.22
2025-07-15 12:00:00;159.87;162.17;157.23;160.47
2025-07-15 08:00:00;159.54;160.14;158.39;159.86
2025-07-15 04:00:00;159.14;160.87;158.26;159.54
2025-07-15 00:00:00;162.21;162.89;158.17;159.15
2025-07-14 20:00:00;164.31;164.31;161.67;162.21
2025-07-14 16:00:00;163.96;165.35;162.42;164.3
2025-07-14 12:00:00;166.53;168.6;163.04;163.96
2025-07-14 08:00:00;167.26;168.15;166.04;166.53
2025-07-14 04:00:00;167.11;168.65;165.37;167.25
2025-07-14 00:00:00;161.15;168.2;160.61;167.11
2025-07-13 20:00:00;162.53;163.06;159.63;161.15
2025-07-13 16:00:00;162.04;163.55;160.53;162.54
2025-07-13 12:00:00;162.06;164.19;161.79;162.04
2025-07-13 08:00:00;162.67;162.74;161.57;162.06
2025-07-13 04:00:00;161.21;162.98;161.04;162.67
2025-07-13 00:00:00;160.7;161.78;160.2;161.21
2025-07-12 20:00:00;160.71;160.94;158.94;160.69
2025-07-12 16:00:00;158.14;160.75;157.93;160.71
2025-07-12 12:00:00;161.62;161.81;157.74;158.14
2025-07-12 08:00:00;163.21;163.43;161.41;161.62
2025-07-12 04:00:00;163.46;163.84;162.03;163.22
2025-07-12 00:00:00;162.92;163.9;161.78;163.45
2025-07-11 20:00:00;164.58;164.83;159.54;162.93
2025-07-11 16:00:00;162.34;165.03;161.27;164.58
2025-07-11 12:00:00;163.88;168.2;161.78;162.34
2025-07-11 08:00:00;163.28;165.38;163.28;163.87
2025-07-11 04:00:00;165.22;166.8;163.14;163.27
2025-07-11 00:00:00;164.33;165.4;161.94;165.22
2025-07-10 20:00:00;159.34;165.43;159.23;164.34
2025-07-10 16:00:00;156.44;161.18;156.16;159.34
2025-07-10 12:00:00;157.66;158.37;155.64;156.43
2025-07-10 08:00:00;157.9;159.17;157.16;157.65
2025-07-10 04:00:00;157.35;158.63;156.67;157.89
2025-07-10 00:00:00;157.06;159.34;155.93;157.35
2025-07-09 20:00:00;157.26;157.93;155.46;157.05
2025-07-09 16:00:00;153.98;157.86;153.23;157.27
2025-07-09 12:00:00;153.74;155.53;152.87;153.97
2025-07-09 08:00:00;153.01;154.43;152.33;153.73
2025-07-09 04:00:00;151.29;153.88;150.53;153.01
2025-07-09 00:00:00;151.68;152.34;151.06;151.29
2025-07-08 20:00:00;151.63;151.94;150;151.67
2025-07-08 16:00:00;149.84;152.83;149.03;151.63
2025-07-08 12:00:00;151.31;152.88;149.77;149.83
2025-07-08 08:00:00;149.65;151.67;149.54;151.31
2025-07-08 04:00:00;148.64;149.75;148.2;149.66
2025-07-08 00:00:00;148.89;150.1;147.85;148.64
2025-07-07 20:00:00;148.96;148.96;147.7;148.88
2025-07-07 16:00:00;151.07;151.59;148.63;148.97
2025-07-07 12:00:00;152.79;153.43;151.02;151.07
2025-07-07 08:00:00;152.37;153.6;151.65;152.78
2025-07-07 04:00:00;151.86;152.45;150.89;152.38
2025-07-07 00:00:00;151.86;152.9;150.24;151.86
2025-07-06 20:00:00;151.28;153.89;151.23;151.86
2025-07-06 16:00:00;151.53;153.2;150.68;151.27
2025-07-06 12:00:00;147.99;152.09;147.86;151.53
2025-07-06 08:00:00;147.89;148.04;146.78;147.98
2025-07-06 04:00:00;147.35;148.5;147.08;147.9
2025-07-06 00:00:00;147.55;147.65;146.85;147.35
2025-07-05 20:00:00;146.89;148.02;146.47;147.55
2025-07-05 16:00:00;147.11;147.26;145.9;146.89
2025-07-05 12:00:00;148.19;148.7;147.05;147.12
2025-07-05 08:00:00;147.85;148.55;146.81;148.18
2025-07-05 04:00:00;147.76;148.52;146.72;147.86
2025-07-05 00:00:00;147.69;148.56;147.2;147.75
2025-07-04 20:00:00;146.73;148.37;146.37;147.7
2025-07-04 16:00:00;146.56;147;145.22;146.72
2025-07-04 12:00:00;150.22;151.25;146.29;146.57
2025-07-04 08:00:00;150.48;150.98;149.02;150.21
2025-07-04 04:00:00;151.7;153.88;150.27;150.48
2025-07-04 00:00:00;152.35;153.16;150.9;151.69
2025-07-03 20:00:00;151.81;153.26;151.81;152.36
2025-07-03 16:00:00;150.18;152.04;149.91;151.81
2025-07-03 12:00:00;154.53;155.26;149.86;150.18
2025-07-03 08:00:00;155.61;156.35;154.13;154.53
2025-07-03 04:00:00;153.41;155.95;153.22;155.61
2025-07-03 00:00:00;152.28;154.02;151.77;153.42
2025-07-02 20:00:00;153.02;154.47;151.97;152.27
2025-07-02 16:00:00;151.31;153.64;150.33;153.02
2025-07-02 12:00:00;148.61;151.58;147.12;151.31
2025-07-02 08:00:00;149.1;149.99;148.39;148.62
2025-07-02 04:00:00;148.86;149.92;148.32;149.09
2025-07-02 00:00:00;146.87;149.25;145.85;148.87
2025-07-01 20:00:00;145.46;147.02;144.85;146.88
2025-07-01 16:00:00;147.22;148.45;145.33;145.46
2025-07-01 12:00:00;148.85;149.29;146.24;147.22
2025-07-01 08:00:00;150.06;150.07;148.14;148.84
2025-07-01 04:00:00;153.93;153.93;148.82;150.07
2025-07-01 00:00:00;154.82;155.64;153.17;153.94
2025-06-30 20:00:00;157.77;157.8;154.5;154.81
2025-06-30 16:00:00;157.83;158.46;155.32;157.77
2025-06-30 12:00:00;150.38;159.99;149.67;157.83
2025-06-30 08:00:00;150.63;151.07;149.45;150.38
2025-06-30 04:00:00;151.77;152.02;149.7;150.64
2025-06-30 00:00:00;153.32;154.08;151.26;151.77
2025-06-29 20:00:00;151.19;154.77;150.35;153.32
2025-06-29 16:00:00;150.76;152.24;149.72;151.18
2025-06-29 12:00:00;151.68;152.55;150.72;150.75
2025-06-29 08:00:00;150.33;152.24;149.93;151.68
2025-06-29 04:00:00;149.47;150.33;149.36;150.32
2025-06-29 00:00:00;150.73;151.08;149.42;149.47
2025-06-28 20:00:00;150.67;151.37;150.04;150.72
2025-06-28 16:00:00;148.16;152.7;148.1;150.67
2025-06-28 12:00:00;147.14;148.67;145.87;148.17
2025-06-28 08:00:00;146.56;147.62;145.61;147.15
2025-06-28 04:00:00;143.39;146.81;143.08;146.57
2025-06-28 00:00:00;142.09;143.55;141.13;143.4
2025-06-27 20:00:00;141.77;143.36;141.63;142.09
2025-06-27 16:00:00;143.47;144.85;140.12;141.78
2025-06-27 12:00:00;142.15;143.85;141.15;143.47
2025-06-27 08:00:00;140.33;142.8;140.32;142.15
2025-06-27 04:00:00;141.37;142.22;140.18;140.33
2025-06-27 00:00:00;139.05;141.58;137.14;141.36
2025-06-26 20:00:00;142.28;143.96;138.62;139.06
2025-06-26 16:00:00;143;143.24;140.89;142.29
2025-06-26 12:00:00;143.65;143.96;141.41;143
2025-06-26 08:00:00;145.16;145.81;143.2;143.65
2025-06-26 04:00:00;145.91;146.07;144.02;145.15
2025-06-26 00:00:00;143.57;148;143.43;145.9
2025-06-25 20:00:00;144.74;145.61;142.25;143.57
2025-06-25 16:00:00;143.7;144.74;142.82;144.74
2025-06-25 12:00:00;146.26;147.95;143.12;143.69
2025-06-25 08:00:00;147.01;147.13;145.03;146.26
2025-06-25 04:00:00;145.51;147.49;144.88;147.01
2025-06-25 00:00:00;145.93;146.9;145.02;145.52
2025-06-24 20:00:00;143.61;145.96;143.19;145.92
2025-06-24 16:00:00;144.31;146.62;142.84;143.61
2025-06-24 12:00:00;144.56;145.7;143.44;144.31
2025-06-24 08:00:00;144.01;145.81;143.02;144.57
2025-06-24 04:00:00;143.23;146.77;142.84;144.01
2025-06-24 00:00:00;144.51;144.77;142.31;143.24
2025-06-23 20:00:00;139.79;146.92;139.21;144.51
2025-06-23 16:00:00;133.44;140.27;130.68;139.79
2025-06-23 12:00:00;134.1;137.5;132.91;133.43
2025-06-23 08:00:00;134.38;134.88;133.25;134.09
2025-06-23 04:00:00;132.67;135.01;132.35;134.38
2025-06-23 00:00:00;131.71;133.53;131.53;132.67
2025-06-22 20:00:00;129.07;132.56;126;131.71
2025-06-22 16:00:00;128.56;131.48;128.29;129.06
2025-06-22 12:00:00;133.26;133.88;126.51;128.55
2025-06-22 08:00:00;134.82;135.36;131.95;133.25
2025-06-22 04:00:00;135.12;136.5;134.6;134.82
2025-06-22 00:00:00;135.43;137.62;133.24;135.11
2025-06-21 20:00:00;137.29;138.9;130.9;135.43
2025-06-21 16:00:00;140.29;141.05;137.22;137.28
2025-06-21 12:00:00;142.08;142.46;139.15;140.3
2025-06-21 08:00:00;140.64;142.6;140.29;142.08
2025-06-21 04:00:00;140.75;140.98;139.85;140.64
2025-06-21 00:00:00;140.11;141.34;139.54;140.76
2025-06-20 20:00:00;139.81;141.71;138.67;140.11
2025-06-20 16:00:00;142.86;143;135.69;139.82
2025-06-20 12:00:00;148.17;148.37;142.35;142.86
2025-06-20 08:00:00;147.48;148.81;146.91;148.17
2025-06-20 04:00:00;145.45;147.78;144.3;147.47
2025-06-20 00:00:00;147.04;147.54;145.41;145.44
2025-06-19 20:00:00;145.48;147.45;145.03;147.04
2025-06-19 16:00:00;143.16;146.04;143.11;145.48
2025-06-19 12:00:00;145.1;145.5;142.92;143.16
2025-06-19 08:00:00;145.08;146.5;144.85;145.09
2025-06-19 04:00:00;146.58;147.16;145;145.07
2025-06-19 00:00:00;146.35;147.9;144.96;146.58
2025-06-18 20:00:00;144.71;147.92;144.09;146.34
2025-06-18 16:00:00;145.74;146.51;143.65;144.71
2025-06-18 12:00:00;146.52;146.77;143.76;145.74
2025-06-18 08:00:00;147.99;148.56;145.34;146.52
2025-06-18 04:00:00;148.38;149.28;146.89;147.99
2025-06-18 00:00:00;147.58;149.1;146.54;148.37
2025-06-17 20:00:00;148.87;149.25;146.26;147.57
2025-06-17 16:00:00;147.62;150.39;145.61;148.87
2025-06-17 12:00:00;150.53;151.43;146.52;147.62
2025-06-17 08:00:00;152.67;152.9;150.18;150.53
2025-06-17 04:00:00;153.37;154.33;151.91;152.67
2025-06-17 00:00:00;150.73;153.98;147.47;153.36
2025-06-16 20:00:00;157.8;157.86;150.3;150.72
2025-06-16 16:00:00;156.58;158.8;156.35;157.79
2025-06-16 12:00:00;156.48;157.78;154.68;156.58
2025-06-16 08:00:00;157.27;157.5;154.81;156.48
2025-06-16 04:00:00;155.59;157.95;155.51;157.28
2025-06-16 00:00:00;152.97;157.41;150.99;155.58
2025-06-15 20:00:00;152.23;153;148.15;152.97
2025-06-15 16:00:00;150.84;153.54;150.18;152.23
2025-06-15 12:00:00;146.35;152.97;146.16;150.84
2025-06-15 08:00:00;145.87;146.71;144.22;146.36
2025-06-15 04:00:00;145.75;148.1;145.68;145.87
2025-06-15 00:00:00;144.65;146.05;144.6;145.75
2025-06-14 20:00:00;143.51;145.01;141.97;144.64
2025-06-14 16:00:00;144.53;145.11;142.92;143.5
2025-06-14 12:00:00;145.85;145.95;143.8;144.54
2025-06-14 08:00:00;146.17;146.21;144.93;145.86
2025-06-14 04:00:00;146.71;147.15;145.54;146.18
2025-06-14 00:00:00;148.6;148.7;146.42;146.71
2025-06-13 20:00:00;145.17;148.94;144.75;148.6
2025-06-13 16:00:00;147.18;148.52;144.3;145.17
2025-06-13 12:00:00;145.45;147.78;143.92;147.18
2025-06-13 08:00:00;145.02;146.67;143.66;145.45
2025-06-13 04:00:00;144.76;145.46;142.58;145.02
2025-06-13 00:00:00;152.32;152.59;140.21;144.76
2025-06-12 20:00:00;154.84;155.47;152.02;152.32
2025-06-12 16:00:00;157.02;160.46;154.5;154.84
2025-06-12 12:00:00;157.72;160.64;156.44;157.02
2025-06-12 08:00:00;158.8;159.92;157.42;157.72
2025-06-12 04:00:00;159.87;160.56;158.28;158.8
2025-06-12 00:00:00;160.98;161.28;159.28;159.87
2025-06-11 20:00:00;162.64;163.86;159.21;160.97
2025-06-11 16:00:00;167.27;167.44;162.39;162.64
2025-06-11 12:00:00;164.5;168.36;163.73;167.26
2025-06-11 08:00:00;166.65;167.19;164;164.5
2025-06-11 04:00:00;166.67;167.15;164.35;166.65
2025-06-11 00:00:00;165.12;167.46;163.43;166.67
2025-06-10 20:00:00;163.61;165.67;162.86;165.12
2025-06-10 16:00:00;158.03;165.48;157.1;163.61
2025-06-10 12:00:00;160.85;161.99;156.32;158.02
2025-06-10 08:00:00;158.46;161.51;157.15;160.85
2025-06-10 04:00:00;159.18;159.61;157.4;158.45
2025-06-10 00:00:00;161.16;161.82;158.69;159.17
2025-06-09 20:00:00;155.76;161.73;155.72;161.16
2025-06-09 16:00:00;155.02;157.01;155;155.75
2025-06-09 12:00:00;155.62;155.83;153.07;155.02
2025-06-09 08:00:00;150.87;156.61;150.4;155.62
2025-06-09 04:00:00;151.54;151.87;149.58;150.88
2025-06-09 00:00:00;152.45;153.17;150.79;151.54
2025-06-08 20:00:00;154.47;155.3;152.13;152.45
2025-06-08 16:00:00;150.69;154.52;150.64;154.46
2025-06-08 12:00:00;149.62;151.19;149.02;150.7
2025-06-08 08:00:00;149.3;149.71;147.88;149.62
2025-06-08 04:00:00;149.85;150.51;149.13;149.31
2025-06-08 00:00:00;150.07;150.35;149.15;149.85
2025-06-07 20:00:00;150.57;151.49;149.76;150.06
2025-06-07 16:00:00;151;151.61;150.15;150.58
2025-06-07 12:00:00;151.45;152.42;150.71;150.99
2025-06-07 08:00:00;152.37;152.72;151.23;151.45
2025-06-07 04:00:00;149.47;152.84;148.99;152.38
2025-06-07 00:00:00;147.82;149.71;146.84;149.46
2025-06-06 20:00:00;149.1;149.97;147.68;147.83
2025-06-06 16:00:00;151.09;151.56;148.46;149.09
2025-06-06 12:00:00;149.11;152.39;149.11;151.08
2025-06-06 08:00:00;147.4;149.61;147.24;149.1
2025-06-06 04:00:00;146.84;148.25;146.65;147.4
2025-06-06 00:00:00;144.28;146.85;144.11;146.84
2025-06-05 20:00:00;146.2;146.6;141.53;144.29
2025-06-05 16:00:00;150.9;151.11;144.15;146.2
2025-06-05 12:00:00;152.38;154.41;148.54;150.9
2025-06-05 08:00:00;152.44;153.04;151.28;152.37
2025-06-05 04:00:00;153.84;154.15;151.9;152.44
2025-06-05 00:00:00;153.27;154.61;153;153.83
2025-06-04 20:00:00;155.36;155.59;152.94;153.26
2025-06-04 16:00:00;157.13;157.57;155.28;155.37
2025-06-04 12:00:00;155.92;157.97;154.58;157.13
2025-06-04 08:00:00;156.42;157.92;155.72;155.92
2025-06-04 04:00:00;156.57;157.02;155.72;156.42
2025-06-04 00:00:00;155.19;157.63;154.18;156.56
2025-06-03 20:00:00;160.56;160.59;154.14;155.19
2025-06-03 16:00:00;162.21;162.41;159.98;160.56
2025-06-03 12:00:00;160.56;163.64;159.44;162.2
2025-06-03 08:00:00;159.83;161.65;158.28;160.56
2025-06-03 04:00:00;159.45;160.2;158.22;159.82
2025-06-03 00:00:00;156.83;162.38;156.39;159.44
2025-06-02 20:00:00;152.96;157.24;152.92;156.83
2025-06-02 16:00:00;153.16;155.13;151.77;152.95
2025-06-02 12:00:00;153.44;154.5;151.67;153.16
2025-06-02 08:00:00;155.54;156.55;152.95;153.45
2025-06-02 04:00:00;155.46;156.73;154.66;155.55
2025-06-02 00:00:00;157.68;158.93;155.36;155.46
2025-06-01 20:00:00;155.88;157.92;155.18;157.68
2025-06-01 16:00:00;154.18;156.73;153.47;155.89
2025-06-01 12:00:00;152.05;154.57;150.66;154.17
2025-06-01 08:00:00;154.45;154.64;150.59;152.05
2025-06-01 04:00:00;154.72;155.94;154.14;154.45
2025-06-01 00:00:00;156.45;156.73;153.4;154.72
2025-05-31 20:00:00;157.53;158.01;156.31;156.45
2025-05-31 16:00:00;155.64;157.97;155.19;157.52
2025-05-31 12:00:00;152.92;156.77;152.57;155.63
2025-05-31 08:00:00;154.85;155.26;152.62;152.92
2025-05-31 04:00:00;154.15;155.86;153.03;154.84
2025-05-31 00:00:00;156.2;157.24;152.14;154.16
2025-05-30 20:00:00;160.81;161.03;155.22;156.2
2025-05-30 16:00:00;161.23;161.77;156.01;160.81
2025-05-30 12:00:00;163.83;163.96;160.1;161.23
2025-05-30 08:00:00;162.68;164.16;161.48;163.83
2025-05-30 04:00:00;165.15;165.86;162.57;162.68
2025-05-30 00:00:00;166.71;167.51;160.13;165.16
2025-05-29 20:00:00;166.83;168.55;165.96;166.71
2025-05-29 16:00:00;169.76;170.3;166.03;166.84
2025-05-29 12:00:00;172.87;172.92;169.03;169.75
2025-05-29 08:00:00;172.23;173.46;171.64;172.88
2025-05-29 04:00:00;173.69;173.95;170.12;172.23
2025-05-29 00:00:00;172.22;175.34;171.35;173.7
2025-05-28 20:00:00;169.42;172.66;169.23;172.21
2025-05-28 16:00:00;169.71;172.03;169.13;169.42
2025-05-28 12:00:00;174.52;175.13;168.92;169.7
2025-05-28 08:00:00;173.9;174.53;172.86;174.51
2025-05-28 04:00:00;175.13;175.33;173.7;173.89
2025-05-28 00:00:00;176.72;177.45;174.22;175.12
2025-05-27 20:00:00;177.51;178.64;175.42;176.71
2025-05-27 16:00:00;178.45;179.3;177.43;177.5
2025-05-27 12:00:00;176.8;179.41;175.02;178.44
2025-05-27 08:00:00;175.47;177.17;175.01;176.8
2025-05-27 04:00:00;173.5;175.9;172.5;175.46
2025-05-27 00:00:00;174.92;175.79;171.24;173.51
2025-05-26 20:00:00;174.05;176.04;173.64;174.91
2025-05-26 16:00:00;177.49;178.06;173.48;174.05
2025-05-26 12:00:00;177.91;178.8;175.89;177.49
2025-05-26 08:00:00;178.15;178.36;176.42;177.91
2025-05-26 04:00:00;177.02;179.02;176.6;178.16
2025-05-26 00:00:00;175.75;177.83;175.04;177.01
2025-05-25 20:00:00;172.53;175.91;170.96;175.74
2025-05-25 16:00:00;170.29;172.77;169.18;172.52
2025-05-25 12:00:00;171.99;172.66;169.14;170.29
2025-05-25 08:00:00;172.35;172.36;170.13;171.98
2025-05-25 04:00:00;173.64;174.41;171.88;172.34
2025-05-25 00:00:00;175.87;176.88;170.36;173.64
2025-05-24 20:00:00;177.14;177.91;175.35;175.87
2025-05-24 16:00:00;176.32;177.68;175.31;177.14
2025-05-24 12:00:00;176.89;177.13;175.05;176.31
2025-05-24 08:00:00;173.93;178.33;173.24;176.9
2025-05-24 04:00:00;175.11;176.39;173.46;173.92
2025-05-24 00:00:00;174;176.02;172.5;175.11
2025-05-23 20:00:00;179.13;179.26;173.23;174.01
2025-05-23 16:00:00;180.67;182.25;178.41;179.14
2025-05-23 12:00:00;177.91;183.76;173.29;180.66
2025-05-23 08:00:00;182.56;187.71;177.1;177.91
2025-05-23 04:00:00;185.01;185.32;179.99;182.55
2025-05-23 00:00:00;179.68;185.4;179.28;185
2025-05-22 20:00:00;177.86;180.02;177.31;179.68
2025-05-22 16:00:00;179.03;180.36;177.5;177.85
2025-05-22 12:00:00;178.07;179.89;176.94;179.02
2025-05-22 08:00:00;178.49;180.87;177.16;178.08
2025-05-22 04:00:00;176.83;178.79;175.26;178.49
2025-05-22 00:00:00;173.54;177.52;172.59;176.82
2025-05-21 20:00:00;171.14;175.99;169.12;173.53
2025-05-21 16:00:00;172.17;174.95;165.51;171.14
2025-05-21 12:00:00;169.33;173.65;168.37;172.17
2025-05-21 08:00:00;168.85;169.64;167.35;169.34
2025-05-21 04:00:00;169.97;171.76;168.32;168.85
2025-05-21 00:00:00;168.59;170.92;166.78;169.97
2025-05-20 20:00:00;168.16;169.38;166.26;168.59
2025-05-20 16:00:00;166.63;169.13;164.56;168.17
2025-05-20 12:00:00;166.46;167.36;164.51;166.64
2025-05-20 08:00:00;167.35;168.14;165.23;166.47
2025-05-20 04:00:00;169.18;170.64;167.08;167.34
2025-05-20 00:00:00;166.87;173.11;166.78;169.19
2025-05-19 20:00:00;166.6;167.8;165.14;166.86
2025-05-19 16:00:00;164.2;167.39;162.78;166.61
2025-05-19 12:00:00;162.19;164.76;160.16;164.21
2025-05-19 08:00:00;161.9;162.7;160.44;162.19
2025-05-19 04:00:00;165.35;166.84;159.44;161.89
2025-05-19 00:00:00;173.3;173.94;165;165.35
2025-05-18 20:00:00;166.64;174.28;164.54;173.3
2025-05-18 16:00:00;176.26;176.77;166.51;166.65
2025-05-18 12:00:00;170.78;176.67;170.2;176.26
2025-05-18 08:00:00;170.68;172;170.56;170.79
2025-05-18 04:00:00;166.91;170.72;166.88;170.68
2025-05-18 00:00:00;165.94;167.9;165.85;166.9
2025-05-17 20:00:00;165.25;167.93;164.36;165.94
2025-05-17 16:00:00;167.31;167.52;164.4;165.25
2025-05-17 12:00:00;167.6;168.23;165.82;167.31
2025-05-17 08:00:00;168.55;169.38;166.71;167.6
2025-05-17 04:00:00;168.26;169.99;166.97;168.55
2025-05-17 00:00:00;167.4;168.65;164.01;168.26
2025-05-16 20:00:00;171.43;171.43;166.36;167.4
2025-05-16 16:00:00;172.09;172.72;169.73;171.44
2025-05-16 12:00:00;172.82;174.2;170.85;172.08
2025-05-16 08:00:00;172.13;174.21;169.35;172.81
2025-05-16 04:00:00;172.62;173.52;170.98;172.13
2025-05-16 00:00:00;169.16;173.68;168.69;172.62
2025-05-15 20:00:00;169.77;170.66;166.7;169.16
2025-05-15 16:00:00;172.23;174.49;167.72;169.76
2025-05-15 12:00:00;171.08;172.84;166.98;172.23
2025-05-15 08:00:00;170.4;173.06;168.67;171.09
2025-05-15 04:00:00;174.06;175.29;169.76;170.4
2025-05-15 00:00:00;176.63;178.33;174.06;174.06
2025-05-14 20:00:00;177.07;177.69;175.22;176.64
2025-05-14 16:00:00;177.34;177.68;173.23;177.06
2025-05-14 12:00:00;181.06;181.89;175.6;177.35
2025-05-14 08:00:00;181.73;182.62;177.57;181.06
2025-05-14 04:00:00;180.28;183.99;179.86;181.72
2025-05-14 00:00:00;183.75;184.88;179.11;180.28
2025-05-13 20:00:00;182.05;184.83;180.35;183.75
2025-05-13 16:00:00;176.08;184.45;175.72;182.05
2025-05-13 12:00:00;174;176.31;172.11;176.09
2025-05-13 08:00:00;171.49;175.15;170.93;174
2025-05-13 04:00:00;166.98;172.44;166.18;171.49
2025-05-13 00:00:00;174.22;174.38;166.94;166.97
2025-05-12 20:00:00;171.22;174.81;170.41;174.22
2025-05-12 16:00:00;174.39;176.67;168.31;171.22
2025-05-12 12:00:00;174.1;181.46;174;174.4
2025-05-12 08:00:00;176.08;177.01;173.64;174.11
2025-05-12 04:00:00;174.9;179.79;173.63;176.09
2025-05-12 00:00:00;173.2;176.88;171.74;174.9
2025-05-11 20:00:00;172.72;173.85;171.26;173.19
2025-05-11 16:00:00;170.48;173.43;169.4;172.73
2025-05-11 12:00:00;174.76;175.22;169.35;170.48
2025-05-11 08:00:00;172.61;175.04;172.58;174.76
2025-05-11 04:00:00;175.86;177.7;172.29;172.6
2025-05-11 00:00:00;177.89;180.26;172.92;175.86
2025-05-10 20:00:00;172.22;178.98;171.41;177.89
2025-05-10 16:00:00;171.07;173.83;170.86;172.22
2025-05-10 12:00:00;169;172.03;169;171.07
2025-05-10 08:00:00;172.32;173.4;168.72;169
2025-05-10 04:00:00;171.59;172.54;169.76;172.32
2025-05-10 00:00:00;172.77;175.19;170.66;171.59
2025-05-09 20:00:00;171.9;173.81;171.15;172.78
2025-05-09 16:00:00;170.76;172.58;168.59;171.89
2025-05-09 12:00:00;172.33;173.44;167.36;170.75
2025-05-09 08:00:00;165.08;176.15;164.3;172.32
2025-05-09 04:00:00;161.37;166.91;161.07;165.08
2025-05-09 00:00:00;164.46;164.46;161.34;161.37
2025-05-08 20:00:00;160.54;164.6;159.75;164.46
2025-05-08 16:00:00;160.23;161.07;158.52;160.53
2025-05-08 12:00:00;154.57;163.18;154.18;160.24
2025-05-08 08:00:00;151.57;155.28;151.53;154.57
2025-05-08 04:00:00;150.88;151.97;149.97;151.57
2025-05-08 00:00:00;147.32;151.19;147.08;150.87
2025-05-07 20:00:00;145.77;148.35;145.48;147.32
2025-05-07 16:00:00;145.75;147.34;144.68;145.77
2025-05-07 12:00:00;147.6;147.74;145.43;145.75
2025-05-07 08:00:00;147.27;148.29;146.93;147.59
2025-05-07 04:00:00;146.23;147.32;145.43;147.27
2025-05-07 00:00:00;146.89;149.54;145.43;146.24
2025-05-06 20:00:00;144.85;147.23;143.52;146.88
2025-05-06 16:00:00;143.18;145.28;142.42;144.85
2025-05-06 12:00:00;142.57;143.96;141.41;143.18
2025-05-06 08:00:00;145.27;145.28;142;142.57
2025-05-06 04:00:00;144.63;145.88;144.32;145.28
2025-05-06 00:00:00;146.72;146.83;143.8;144.63
2025-05-05 20:00:00;146.48;147.73;144.95;146.72
2025-05-05 16:00:00;143.76;147.14;143.68;146.48
2025-05-05 12:00:00;144.18;145.42;143.16;143.76
2025-05-05 08:00:00;146.88;147.05;143.56;144.19
2025-05-05 04:00:00;144.91;147.36;144.89;146.88
2025-05-05 00:00:00;143.94;145.44;142.5;144.91
2025-05-04 20:00:00;146.18;147.14;143.5;143.95
2025-05-04 16:00:00;146.83;147.81;146;146.18
2025-05-04 12:00:00;145.46;147.27;144.94;146.84
2025-05-04 08:00:00;145.62;146.01;144.68;145.45
2025-05-04 04:00:00;145.61;146.54;145.17;145.62
2025-05-04 00:00:00;146.71;147.71;145.5;145.61
2025-05-03 20:00:00;147.42;147.91;146.63;146.71
2025-05-03 16:00:00;148.47;148.47;145.82;147.42
2025-05-03 12:00:00;147.14;149;147.13;148.46
2025-05-03 08:00:00;148.08;148.4;146.68;147.14
2025-05-03 04:00:00;148.3;148.58;147.38;148.08
2025-05-03 00:00:00;148.04;149.05;147.52;148.3
2025-05-02 20:00:00;148.09;148.65;147.3;148.05
2025-05-02 16:00:00;149.89;151.43;147.7;148.08
2025-05-02 12:00:00;150.72;151.91;149.28;149.88
2025-05-02 08:00:00;148.52;150.81;148.4;150.73
2025-05-02 04:00:00;150.78;151.05;148.37;148.52
2025-05-02 00:00:00;150.85;151.72;149.99;150.78
2025-05-01 20:00:00;150.26;150.96;149.87;150.85
2025-05-01 16:00:00;151.8;152.86;150.04;150.26
2025-05-01 12:00:00;151.75;153.99;150.62;151.8
2025-05-01 08:00:00;149.79;152.47;149.56;151.75
2025-05-01 04:00:00;148.71;150.25;147.99;149.8
2025-05-01 00:00:00;147.54;149.62;147.54;148.71
2025-04-30 20:00:00;145.62;148.12;145.36;147.54
2025-04-30 16:00:00;142.21;146.06;141.37;145.62
2025-04-30 12:00:00;147.93;147.99;140.32;142.22
2025-04-30 08:00:00;146.39;148;146.04;147.94
2025-04-30 04:00:00;148.17;148.38;146.11;146.4
2025-04-30 00:00:00;146.3;148.67;145.06;148.17
2025-04-29 20:00:00;149.28;149.52;145;146.31
2025-04-29 16:00:00;148.01;150.39;147.7;149.29
2025-04-29 12:00:00;148.99;149.24;146.86;148.02
2025-04-29 08:00:00;148.88;149.5;147.61;149
2025-04-29 04:00:00;147.46;148.96;145.55;148.88
2025-04-29 00:00:00;147.84;149.21;146.92;147.47
2025-04-28 20:00:00;148.42;148.45;146.54;147.84
2025-04-28 16:00:00;146.33;148.88;145.38;148.43
2025-04-28 12:00:00;151.69;151.84;145.54;146.34
2025-04-28 08:00:00;151.09;153.4;148.97;151.7
2025-04-28 04:00:00;148.38;151.5;148.38;151.09
2025-04-28 00:00:00;147.97;149.6;144.63;148.39
2025-04-27 20:00:00;150.02;150.1;147.83;147.98
2025-04-27 16:00:00;149.02;150.25;148.2;150.03
2025-04-27 12:00:00;147.96;149.75;147;149.01
2025-04-27 08:00:00;147.43;148.77;147.35;147.95
2025-04-27 04:00:00;147.56;147.88;145.51;147.43
2025-04-27 00:00:00;149.22;150.41;146.07;147.55
2025-04-26 20:00:00;149.24;149.66;148.34;149.21
2025-04-26 16:00:00;149.32;149.46;148.33;149.25
2025-04-26 12:00:00;148.51;149.58;147.75;149.31
2025-04-26 08:00:00;151.36;152.33;148;148.51
2025-04-26 04:00:00;151.36;152.35;150;151.36
2025-04-26 00:00:00;150.82;153.17;150.82;151.36
2025-04-25 20:00:00;151.39;152.5;149.87;150.82
2025-04-25 16:00:00;152.94;153.24;150.43;151.4
2025-04-25 12:00:00;154.75;157;152.2;152.94
2025-04-25 08:00:00;154.85;155.02;152.94;154.75
2025-04-25 04:00:00;151.73;155;150.73;154.86
2025-04-25 00:00:00;152.55;154.5;150.53;151.74
2025-04-24 20:00:00;151.54;152.9;150;152.55
2025-04-24 16:00:00;149.35;152.45;148.84;151.54
2025-04-24 12:00:00;147.7;151.46;147.07;149.34
2025-04-24 08:00:00;147.16;147.8;144.87;147.7
2025-04-24 04:00:00;147.76;149.17;146.95;147.17
2025-04-24 00:00:00;151.1;151.45;147.66;147.76
2025-04-23 20:00:00;150.16;151.82;149.83;151.1
2025-04-23 16:00:00;151.41;152.49;148.94;150.16
2025-04-23 12:00:00;152.09;154.21;148.71;151.41
2025-04-23 08:00:00;151.58;153.74;151;152.09
2025-04-23 04:00:00;149.24;152.3;148.58;151.58
2025-04-23 00:00:00;148.78;149.47;147.13;149.24
2025-04-22 20:00:00;144.24;150.23;143.46;148.79
2025-04-22 16:00:00;145.31;147.71;143.52;144.24
2025-04-22 12:00:00;140.45;145.52;140.05;145.32
2025-04-22 08:00:00;140.19;140.77;138.96;140.45
2025-04-22 04:00:00;139.35;140.62;138.43;140.19
2025-04-22 00:00:00;136.57;139.87;134.68;139.35
2025-04-21 20:00:00;136.94;137.43;135.35;136.56
2025-04-21 16:00:00;138.32;138.81;133.82;136.94
2025-04-21 12:00:00;138.98;140.11;136.76;138.33
2025-04-21 08:00:00;140.18;141.14;138.31;138.99
2025-04-21 04:00:00;139.39;141.85;139.22;140.17
2025-04-21 00:00:00;137.86;143.25;137.66;139.39
2025-04-20 20:00:00;137.19;138.5;136.37;137.86
2025-04-20 16:00:00;135.94;137.25;135.72;137.2
2025-04-20 12:00:00;136.38;138.03;135.64;135.94
2025-04-20 08:00:00;139.61;139.8;135.82;136.38
2025-04-20 04:00:00;140.96;141.62;138.6;139.61
2025-04-20 00:00:00;139.86;141.96;139.4;140.96
2025-04-19 20:00:00;138.7;139.9;138.34;139.87
2025-04-19 16:00:00;138.96;139.49;137.67;138.71
2025-04-19 12:00:00;138.77;140.5;138.51;138.95
2025-04-19 08:00:00;138.76;139.96;138.47;138.77
2025-04-19 04:00:00;138.82;139.47;137.78;138.76
2025-04-19 00:00:00;134.05;139.16;133.58;138.82
2025-04-18 20:00:00;134.21;134.4;133.23;134.04
2025-04-18 16:00:00;132.91;134.47;132.69;134.21
2025-04-18 12:00:00;134.27;135.21;132.47;132.91
2025-04-18 08:00:00;134.91;135.54;133.56;134.27
2025-04-18 04:00:00;134.52;135.03;133.26;134.91
2025-04-18 00:00:00;134.84;136.02;133.78;134.51
2025-04-17 20:00:00;132.91;135.29;132.91;134.83
2025-04-17 16:00:00;133.45;136.2;132;132.91
2025-04-17 12:00:00;133.12;134.5;130.55;133.45
2025-04-17 08:00:00;134.25;135;132.43;133.12
2025-04-17 04:00:00;129.79;135.59;129.62;134.26
2025-04-17 00:00:00;131.33;132.67;129.5;129.79
2025-04-16 20:00:00;132.45;133.71;130.78;131.33
2025-04-16 16:00:00;128.4;133.91;124.86;132.45
2025-04-16 12:00:00;126.26;129.6;124.46;128.39
2025-04-16 08:00:00;124.78;126.68;123.49;126.27
2025-04-16 04:00:00;126.45;126.68;124.37;124.78
2025-04-16 00:00:00;126.1;127.35;124.8;126.44
2025-04-15 20:00:00;127.89;128.59;125.82;126.11
2025-04-15 16:00:00;129.62;130.6;127.31;127.88
2025-04-15 12:00:00;132.14;134.45;129.07;129.61
2025-04-15 08:00:00;131.55;133.92;131.34;132.15
2025-04-15 04:00:00;130.54;132.3;129.68;131.55
2025-04-15 00:00:00;129.41;130.75;127.71;130.54
2025-04-14 20:00:00;131.09;131.19;128.65;129.42
2025-04-14 16:00:00;128.8;131.99;128.08;131.08
2025-04-14 12:00:00;133.5;134.79;128.12;128.8
2025-04-14 08:00:00;132.31;134.17;131.5;133.5
2025-04-14 04:00:00;131.74;134.34;131.1;132.3
2025-04-14 00:00:00;128.38;136.13;127.98;131.73
2025-04-13 20:00:00;128.22;130;125.32;128.38
2025-04-13 16:00:00;128.71;132.56;127.05;128.21
2025-04-13 12:00:00;129.82;130.43;126.78;128.72
2025-04-13 08:00:00;128.55;131.61;128.2;129.82
2025-04-13 04:00:00;131.81;132.03;128.17;128.55
2025-04-13 00:00:00;132.24;133.96;130.87;131.81
2025-04-12 20:00:00;130.72;134.11;130.6;132.24
2025-04-12 16:00:00;130.47;131.55;128.2;130.71
2025-04-12 12:00:00;124.6;131.77;124.39;130.47
2025-04-12 08:00:00;124.26;125.52;124.01;124.6
2025-04-12 04:00:00;120.18;124.57;119.82;124.26
2025-04-12 00:00:00;121.41;122.23;119.41;120.18
2025-04-11 20:00:00;120.87;122.65;119.99;121.41
2025-04-11 16:00:00;119.91;122;118.66;120.87
2025-04-11 12:00:00;118.03;121.57;117.58;119.91
2025-04-11 08:00:00;116.6;119.4;115.87;118.02
2025-04-11 04:00:00;115.42;117.76;115;116.59
2025-04-11 00:00:00;112.8;115.78;112.16;115.41
2025-04-10 20:00:00;111.34;113.4;111.27;112.81
2025-04-10 16:00:00;109.6;111.9;108.21;111.34
2025-04-10 12:00:00;113.94;115.76;109.39;109.6
2025-04-10 08:00:00;114.79;115.24;113.39;113.95
2025-04-10 04:00:00;115.5;116.99;114.05;114.78
2025-04-10 00:00:00;119.05;119.3;114.5;115.49
2025-04-09 20:00:00;118.95;120.5;118.07;119.05
2025-04-09 16:00:00;106.54;121;106.22;118.95
2025-04-09 12:00:00;103.42;107.43;102.31;106.54
2025-04-09 08:00:00;107.37;108.26;102.75;103.43
2025-04-09 04:00:00;103.14;107.85;103.04;107.37
2025-04-09 00:00:00;105.4;106.6;101.26;103.15
2025-04-08 20:00:00;104.06;106.48;103.67;105.4
2025-04-08 16:00:00;107.19;107.29;102.96;104.06
2025-04-08 12:00:00;111.56;112.2;106.68;107.2
2025-04-08 08:00:00;108.69;111.82;107.15;111.56
2025-04-08 04:00:00;111.3;112.16;107.97;108.7
2025-04-08 00:00:00;106.98;112.58;106.65;111.31
2025-04-07 20:00:00;105.75;109.3;105.74;106.99
2025-04-07 16:00:00;106.65;107.98;103.56;105.75
2025-04-07 12:00:00;100.3;113;99.74;106.65
2025-04-07 08:00:00;97.14;102.64;96.93;100.29
2025-04-07 04:00:00;103.27;103.77;95.26;97.14
2025-04-07 00:00:00;105.9;107.82;102.22;103.27
2025-04-06 20:00:00;108.08;108.55;103.81;105.91
2025-04-06 16:00:00;114.96;115.26;106.28;108.07
2025-04-06 12:00:00;118.61;118.86;114.3;114.97
2025-04-06 08:00:00;119.2;120.18;118.18;118.62
2025-04-06 04:00:00;119.99;120.6;118.82;119.21
2025-04-06 00:00:00;120.33;121.13;119.43;119.98
2025-04-05 20:00:00;118.63;120.56;118.41;120.32
2025-04-05 16:00:00;117.55;119.35;117.52;118.63
2025-04-05 12:00:00;120.29;120.33;117.15;117.55
2025-04-05 08:00:00;121.07;121.96;119.86;120.28
2025-04-05 04:00:00;120.72;121.32;120.18;121.07
2025-04-05 00:00:00;122.8;122.85;120.66;120.73
2025-04-04 20:00:00;122.61;124;121.78;122.79
2025-04-04 16:00:00;118.6;123.98;118.23;122.61
2025-04-04 12:00:00;114.53;120.99;113.96;118.6
2025-04-04 08:00:00;118.17;119.94;113.25;114.54
2025-04-04 04:00:00;115.41;118.35;114.73;118.18
2025-04-04 00:00:00;117.17;117.5;114.63;115.4
2025-04-03 20:00:00;115.43;117.45;115.08;117.17
2025-04-03 16:00:00;114.17;116;113.26;115.42
2025-04-03 12:00:00;115.74;116.04;112.24;114.16
2025-04-03 08:00:00;118.64;119.22;115.11;115.74
2025-04-03 04:00:00;119.81;120.86;117.9;118.64
2025-04-03 00:00:00;117.42;120.94;116.25;119.8
2025-04-02 20:00:00;131.42;136.21;117;117.42
2025-04-02 16:00:00;130.43;131.79;129.17;131.43
2025-04-02 12:00:00;125.7;131.16;125.12;130.43
2025-04-02 08:00:00;124.54;126.73;124.28;125.69
2025-04-02 04:00:00;124.32;125.03;123.5;124.55
2025-04-02 00:00:00;126.68;126.96;124.1;124.32
2025-04-01 20:00:00;126.82;127.53;125.3;126.67
2025-04-01 16:00:00;129.27;129.64;125.52;126.82
2025-04-01 12:00:00;127.6;130.55;124.68;129.27
2025-04-01 08:00:00;126.69;129.97;126.68;127.61
2025-04-01 04:00:00;126.07;126.78;125.59;126.69
2025-04-01 00:00:00;124.53;126.72;123.74;126.06
2025-03-31 20:00:00;125.25;126.27;124.47;124.54
2025-03-31 16:00:00;126.77;127.36;123.83;125.25
2025-03-31 12:00:00;124.27;127.81;123.22;126.78
2025-03-31 08:00:00;125.89;126.7;123.05;124.28
2025-03-31 04:00:00;124.57;127.08;124.33;125.88
2025-03-31 00:00:00;124.83;127.63;122.75;124.56
2025-03-30 20:00:00;125.74;126.15;123.19;124.82
2025-03-30 16:00:00;124.92;127.08;123;126.06
2025-03-30 12:00:00;125.12;125.59;123.15;124.92
2025-03-30 08:00:00;125.48;126.43;124.66;125.12
2025-03-30 04:00:00;125.7;126.56;125.16;125.48
2025-03-30 00:00:00;124.58;126.6;123.49;125.71
2025-03-29 20:00:00;125.3;125.43;122.68;124.58
2025-03-29 16:00:00;126.32;126.79;123.71;125.3
2025-03-29 12:00:00;125.3;126.82;125;126.32
2025-03-29 08:00:00;126.39;127.1;124.31;125.3
2025-03-29 04:00:00;128.83;129.13;125.45;126.39
2025-03-29 00:00:00;129.5;130.54;126.58;128.84
2025-03-28 20:00:00;129.43;130.46;127.69;129.49
2025-03-28 16:00:00;129.92;130.3;129.03;129.43
2025-03-28 12:00:00;131.92;132.46;129.14;129.92
2025-03-28 08:00:00;131.63;132.67;130.36;131.93
2025-03-28 04:00:00;136.79;137.35;131.38;131.62
2025-03-28 00:00:00;138.44;139.05;135.9;136.78
2025-03-27 20:00:00;139.07;139.95;138.12;138.43
2025-03-27 16:00:00;137.79;139.71;137.36;139.06
2025-03-27 12:00:00;137.4;139.83;135.63;137.79
2025-03-27 08:00:00;138.88;139.29;137.1;137.4
2025-03-27 04:00:00;139.91;140.07;137.91;138.88
2025-03-27 00:00:00;137.35;140.22;136.82;139.91
2025-03-26 20:00:00;137.45;138.51;135.89;137.34
2025-03-26 16:00:00;139.33;140.21;136.23;137.45
2025-03-26 12:00:00;144.61;145.07;139;139.34
2025-03-26 08:00:00;144.5;145.49;143.77;144.61
2025-03-26 04:00:00;141.84;144.89;141.64;144.5
2025-03-26 00:00:00;143.64;144.63;141.5;141.84
2025-03-25 20:00:00;145.02;146.09;142.48;143.64
2025-03-25 16:00:00;145.28;146.25;143.61;145.03
2025-03-25 12:00:00;142.14;147.48;141.06;145.28
2025-03-25 08:00:00;139.46;143.43;139.43;142.15
2025-03-25 04:00:00;138.57;140.35;138.17;139.46
2025-03-25 00:00:00;141.01;142.29;138.2;138.57
2025-03-24 20:00:00;142.76;143.64;139.64;141.01
2025-03-24 16:00:00;143.24;143.44;141.29;142.77
2025-03-24 12:00:00;143.42;144.96;142.3;143.25
2025-03-24 08:00:00;138.89;144.13;138.6;143.41
2025-03-24 04:00:00;138.16;139.36;137.77;138.88
2025-03-24 00:00:00;132.85;138.46;132.04;138.16
2025-03-23 20:00:00;130.54;132.85;130.2;132.84
2025-03-23 16:00:00;132.52;132.74;130.35;130.55
2025-03-23 12:00:00;133.11;133.83;132.14;132.51
2025-03-23 08:00:00;131.15;134.06;130.95;133.1
2025-03-23 04:00:00;130.85;131.49;129.73;131.15
2025-03-23 00:00:00;128.5;130.85;128.21;130.85
2025-03-22 20:00:00;129.97;130.06;128.12;128.51
2025-03-22 16:00:00;129.24;130.27;128.9;129.97
2025-03-22 12:00:00;130.35;130.55;128.64;129.25
2025-03-22 08:00:00;128.81;131.84;128.77;130.34
2025-03-22 04:00:00;128.88;129.75;128.54;128.82
2025-03-22 00:00:00;128.47;129.38;127.8;128.88
2025-03-21 20:00:00;128.25;130.18;127.57;128.48
2025-03-21 16:00:00;125.98;129.73;124.81;128.24
2025-03-21 12:00:00;126.4;127.77;125.39;125.98
2025-03-21 08:00:00;128.08;129.1;125.74;126.39
2025-03-21 04:00:00;127.95;128.76;127.4;128.07
2025-03-21 00:00:00;127.6;129.07;127.33;127.94
2025-03-20 20:00:00;127.93;128.49;127.17;127.6
2025-03-20 16:00:00;128.9;129.38;126.65;127.94
2025-03-20 12:00:00;130.65;132.3;128.51;128.91
2025-03-20 08:00:00;134.01;134.55;130.31;130.65
2025-03-20 04:00:00;133.92;134.96;132.76;134.01
2025-03-20 00:00:00;135.33;136.12;132.82;133.91
2025-03-19 20:00:00;133.03;136.08;133;135.33
2025-03-19 16:00:00;132.33;134.33;128.18;133.03
2025-03-19 12:00:00;128.69;132.73;126.97;132.32
2025-03-19 08:00:00;125.73;129.53;125.7;128.69
2025-03-19 04:00:00;126.48;126.88;125.39;125.73
2025-03-19 00:00:00;125.33;126.72;124.2;126.47
2025-03-18 20:00:00;124.22;125.71;123.53;125.33
2025-03-18 16:00:00;122.57;124.5;122.44;124.22
2025-03-18 12:00:00;123.53;123.78;121.76;122.57
2025-03-18 08:00:00;125.2;125.96;123.2;123.54
2025-03-18 04:00:00;124.14;125.24;123;125.2
2025-03-18 00:00:00;128.01;128.19;123.49;124.15
2025-03-17 20:00:00;129.83;129.95;127.77;128.01
2025-03-17 16:00:00;127.5;130.64;126.66;129.84
2025-03-17 12:00:00;129.17;130.11;125.55;127.51
2025-03-17 08:00:00;129.26;129.65;128.42;129.18
2025-03-17 04:00:00;128.96;129.5;126.5;129.26
2025-03-17 00:00:00;126.13;129.23;125.85;128.96
2025-03-16 20:00:00;126.94;127.77;125.21;126.13
2025-03-16 16:00:00;128.77;131.28;126.04;126.94
2025-03-16 12:00:00;129.92;130.87;127.49;128.78
2025-03-16 08:00:00;134.64;134.97;129.68;129.91
2025-03-16 04:00:00;135.5;136.23;133.86;134.64
2025-03-16 00:00:00;135.86;136.71;134.13;135.5
2025-03-15 20:00:00;134.5;136.5;134.37;135.86
2025-03-15 16:00:00;135.12;136.53;133.58;134.49
2025-03-15 12:00:00;133.37;135.8;133.09;135.12
2025-03-15 08:00:00;132.91;133.69;132.44;133.37
2025-03-15 04:00:00;135.03;135.52;132.71;132.91
2025-03-15 00:00:00;133.53;135.3;132.91;135.02
2025-03-14 20:00:00;134.29;136.03;131.96;133.54
2025-03-14 16:00:00;132.13;134.71;130.87;134.28
2025-03-14 12:00:00;126.16;134.01;125.46;132.12
2025-03-14 08:00:00;124.68;126.6;124.62;126.17
2025-03-14 04:00:00;124.48;125.63;124.41;124.68
2025-03-14 00:00:00;123.36;125.47;122.98;124.48
2025-03-13 20:00:00;121.47;124.36;120.76;123.37
2025-03-13 16:00:00;124.34;124.41;121.08;121.46
2025-03-13 12:00:00;126.88;128.76;123.6;124.34
2025-03-13 08:00:00;124.25;128.03;123.64;126.88
2025-03-13 04:00:00;124.97;125.36;123.03;124.24
2025-03-13 00:00:00;126.61;127.46;124.73;124.97
2025-03-12 20:00:00;125.05;127.08;123.97;126.62
2025-03-12 16:00:00;124.56;126.31;123.31;125.05
2025-03-12 12:00:00;126.77;131.33;123.04;124.57
2025-03-12 08:00:00;123.19;126.84;122.88;126.76
2025-03-12 04:00:00;122.52;123.53;121.22;123.19
2025-03-12 00:00:00;125.35;127.03;122.47;122.53
2025-03-11 20:00:00;128.14;128.25;125.07;125.35
2025-03-11 16:00:00;125.01;128.43;122.84;128.15
2025-03-11 12:00:00;124.71;126.27;118.59;125.02
2025-03-11 08:00:00;123.07;125.81;122.93;124.71
2025-03-11 04:00:00;119.95;124.02;119.75;123.07
2025-03-11 00:00:00;118.32;121.9;112;119.96
2025-03-10 20:00:00;119.72;120.24;117.56;118.32
2025-03-10 16:00:00;121.95;122.36;115.47;119.71
2025-03-10 12:00:00;129.94;130.89;120.18;121.96
2025-03-10 08:00:00;128.11;131.57;125.91;129.94
2025-03-10 04:00:00;126.59;129.25;126.46;128.11
2025-03-10 00:00:00;126.52;129.11;124.03;126.59
2025-03-09 20:00:00;129.19;130.59;125.41;126.51
2025-03-09 16:00:00;130.16;131.54;125.81;129.19
2025-03-09 12:00:00;136.32;136.43;129.75;130.16
2025-03-09 08:00:00;139.63;139.78;135.61;136.32
2025-03-09 04:00:00;137.91;139.88;137.67;139.63
2025-03-09 00:00:00;137.01;138.51;136.53;137.92
2025-03-08 20:00:00;138.45;138.59;136.32;137.01
2025-03-08 16:00:00;137.21;138.92;135.29;138.45
2025-03-08 12:00:00;137.57;138.75;136.07;137.21
2025-03-08 08:00:00;138.77;139.21;136.64;137.58
2025-03-08 04:00:00;139.67;141.03;138.33;138.78
2025-03-08 00:00:00;139.39;141.09;137.8;139.68
2025-03-07 20:00:00;146.35;147.62;137.5;139.39
2025-03-07 16:00:00;144.89;150.88;141.34;146.36
2025-03-07 12:00:00;143.57;148.13;141.75;144.89
2025-03-07 08:00:00;144.34;146.21;141.8;143.58
2025-03-07 04:00:00;140.79;144.63;140.63;144.34
2025-03-07 00:00:00;143.3;145.57;135.04;140.79
2025-03-06 20:00:00;143.59;145.92;143.19;143.31
2025-03-06 16:00:00;149.04;149.43;142.44;143.58
2025-03-06 12:00:00;151.71;151.92;145.06;149.03
2025-03-06 08:00:00;148.63;152.9;148.34;151.71
2025-03-06 04:00:00;148.73;150.66;147.62;148.62
2025-03-06 00:00:00;146.27;150.68;144.54;148.73
2025-03-05 20:00:00;144.78;146.84;143.91;146.28
2025-03-05 16:00:00;141.66;146.47;140.18;144.77
2025-03-05 12:00:00;147.13;149.23;140.32;141.66
2025-03-05 08:00:00;142.89;149.73;142.74;147.13
2025-03-05 04:00:00;141.82;144.1;140.82;142.88
2025-03-05 00:00:00;144.8;145.55;141.76;141.82
2025-03-04 20:00:00;143.15;147;141.55;144.79
2025-03-04 16:00:00;138.59;144.77;130.66;143.16
2025-03-04 12:00:00;136.97;143.39;132.64;138.59
2025-03-04 08:00:00;136.02;138.58;134.62;136.98
2025-03-04 04:00:00;136.39;139.58;135.64;136.02
2025-03-04 00:00:00;142.16;145.08;132.46;136.38
2025-03-03 20:00:00;141.87;144.97;139.21;142.16
2025-03-03 16:00:00;157.78;159.61;140.05;141.87
2025-03-03 12:00:00;161.08;167.07;154.07;157.78
2025-03-03 08:00:00;162.27;163.37;156.83;161.09
2025-03-03 04:00:00;169.89;170.57;159.8;162.26
2025-03-03 00:00:00;178.72;179.47;168.11;169.88
2025-03-02 20:00:00;172.17;179.32;171.66;178.71
2025-03-02 16:00:00;157.47;179.85;157.47;172.18
2025-03-02 12:00:00;143.5;163.39;140.04;157.46
2025-03-02 08:00:00;143.78;144.88;142.47;143.49
2025-03-02 04:00:00;143.86;145.17;142.23;143.79
2025-03-02 00:00:00;143.66;146.01;142.03;143.85
2025-03-01 20:00:00;140.53;143.82;139.9;143.66
2025-03-01 16:00:00;140.39;141.51;138.7;140.53
2025-03-01 12:00:00;140.35;141.72;138.57;140.39
2025-03-01 08:00:00;142.49;144.29;139.53;140.35
2025-03-01 04:00:00;145.68;147.16;142.2;142.49
2025-03-01 00:00:00;148.18;151.25;145.54;145.67
2025-02-28 20:00:00;146.35;148.72;144.62;148.18
2025-02-28 16:00:00;145.67;147.25;143.74;146.36
2025-02-28 12:00:00;133.52;147.86;133;145.68
2025-02-28 08:00:00;128.54;134.72;127.9;133.52
2025-02-28 04:00:00;127.62;129.6;125.55;128.55
2025-02-28 00:00:00;137.68;137.98;127.17;127.62
2025-02-27 20:00:00;136.28;138.21;134.71;137.68
2025-02-27 16:00:00;139.62;140.15;135.63;136.29
2025-02-27 12:00:00;140.48;141.26;136.28;139.63
2025-02-27 08:00:00;141;142.46;139.25;140.48
2025-02-27 04:00:00;138.57;142.9;137.05;140.99
2025-02-27 00:00:00;135.33;139.05;134.96;138.57
2025-02-26 20:00:00;131.94;137.87;130.89;135.32
2025-02-26 16:00:00;139.27;139.79;130.65;131.93
2025-02-26 12:00:00;138.13;140.47;134.61;139.27
2025-02-26 08:00:00;140.19;142.21;138.01;138.14
2025-02-26 04:00:00;143.33;144.7;139.63;140.19
2025-02-26 00:00:00;144.33;145.19;141.63;143.32
2025-02-25 20:00:00;145.42;147.09;143.26;144.33
2025-02-25 16:00:00;138.89;145.57;137.96;145.43
2025-02-25 12:00:00;141.27;141.83;134.53;138.89
2025-02-25 08:00:00;136.26;141.36;131.91;141.28
2025-02-25 04:00:00;138.95;142.08;133;136.25
2025-02-25 00:00:00;141.81;144.45;138.17;138.95
2025-02-24 20:00:00;150.13;152.68;138;141.81
2025-02-24 16:00:00;152.67;155.15;147.86;150.12
2025-02-24 12:00:00;159.27;160.41;150.65;152.66
2025-02-24 08:00:00;160.99;161.1;155.38;159.28
2025-02-24 04:00:00;161.02;161.75;156.88;160.99
2025-02-24 00:00:00;167.94;169.69;160.56;161.01
2025-02-23 20:00:00;167.71;168.86;166.42;167.94
2025-02-23 16:00:00;166.76;168.72;166.75;167.71
2025-02-23 12:00:00;169.6;169.92;166.6;166.76
2025-02-23 08:00:00;172.85;172.91;169.36;169.59
2025-02-23 04:00:00;170.61;173.07;169.95;172.85
2025-02-23 00:00:00;172.07;172.3;170.19;170.61
2025-02-22 20:00:00;172.63;173.62;171.89;172.07
2025-02-22 16:00:00;174.23;174.68;172.3;172.64
2025-02-22 12:00:00;173.56;174.6;172.66;174.23
2025-02-22 08:00:00;171.74;174.14;171.36;173.56
2025-02-22 04:00:00;170.35;173.14;170.09;171.74
2025-02-22 00:00:00;168.94;172.76;168.07;170.35
2025-02-21 20:00:00;168.42;169.97;167.15;168.94
2025-02-21 16:00:00;173.16;175.66;168.18;168.42
2025-02-21 12:00:00;177.2;180.52;170.56;173.17
2025-02-21 08:00:00;175.86;180.28;175.83;177.21
2025-02-21 04:00:00;173.27;176.8;173.27;175.86
2025-02-21 00:00:00;176;176.47;173;173.28
2025-02-20 20:00:00;174.97;176.54;173.17;176
2025-02-20 16:00:00;171.62;175.46;171.22;174.98
2025-02-20 12:00:00;173.99;176.65;171.21;171.61
2025-02-20 08:00:00;171.77;175.15;170.92;173.99
2025-02-20 04:00:00;172.43;174.96;170.86;171.77
2025-02-20 00:00:00;168.94;172.89;167.66;172.44
2025-02-19 20:00:00;168.7;169.96;166.41;168.93
2025-02-19 16:00:00;169.74;173.44;168.15;168.7
2025-02-19 12:00:00;173.92;174.13;168.14;169.74
2025-02-19 08:00:00;168.96;174.3;168.42;173.92
2025-02-19 04:00:00;167.48;169.84;163.75;168.95
2025-02-19 00:00:00;169.32;170.86;166.66;167.48
2025-02-18 20:00:00;165.31;169.78;163.93;169.32
2025-02-18 16:00:00;165.95;167.11;160.88;165.31
2025-02-18 12:00:00;168.71;171.5;164.34;165.95
2025-02-18 08:00:00;165.73;170.92;163.17;168.72
2025-02-18 04:00:00;177.98;178.01;163.93;165.72
2025-02-18 00:00:00;177.53;179.09;175.46;177.98
2025-02-17 20:00:00;177.1;181.3;177.01;177.53
2025-02-17 16:00:00;180.37;181.41;174.63;177.09
2025-02-17 12:00:00;184.25;186.94;179.84;180.36
2025-02-17 08:00:00;181.36;185.5;180.12;184.25
2025-02-17 04:00:00;186.33;186.49;180.77;181.35
2025-02-17 00:00:00;188.26;189.72;185.28;186.34
2025-02-16 20:00:00;189.22;189.92;186.3;188.27
2025-02-16 16:00:00;190.32;191.27;187.64;189.23
2025-02-16 12:00:00;193.72;193.78;189.23;190.32
2025-02-16 08:00:00;192.9;194;192.21;193.73
2025-02-16 04:00:00;194.72;196.24;192.34;192.89
2025-02-16 00:00:00;194.47;195.51;193.05;194.73
2025-02-15 20:00:00;194.18;195.03;192.61;194.48
2025-02-15 16:00:00;194.66;195.1;193.32;194.17
2025-02-15 12:00:00;194.85;196.06;193.26;194.66
2025-02-15 08:00:00;195.9;196.74;193.89;194.85
2025-02-15 04:00:00;198.36;198.87;195.25;195.9
2025-02-15 00:00:00;199.4;200.27;196.76;198.36
2025-02-14 20:00:00;201.56;202.24;198.09;199.39
2025-02-14 16:00:00;200.85;205.34;198.84;201.56
2025-02-14 12:00:00;199.59;202.12;196.45;200.86
2025-02-14 08:00:00;196.59;201.4;196.35;199.59
2025-02-14 04:00:00;197;197.37;194.72;196.59
2025-02-14 00:00:00;194.24;197.35;194.11;197
2025-02-13 20:00:00;192.68;195.45;192.57;194.25
2025-02-13 16:00:00;191.93;194.6;190.02;192.68
2025-02-13 12:00:00;191.91;193.12;188.78;191.94
2025-02-13 08:00:00;193.07;193.52;191.1;191.91
2025-02-13 04:00:00;198.19;198.47;192.75;193.07
2025-02-13 00:00:00;196.78;198.19;194.96;198.19
2025-02-12 20:00:00;193.71;198.48;193.02;196.78
2025-02-12 16:00:00;192.01;196.66;189.34;193.7
2025-02-12 12:00:00;197.36;198.55;188.48;192
2025-02-12 08:00:00;195.2;198.01;195.09;197.37
2025-02-12 04:00:00;194.33;196.24;193.13;195.19
2025-02-12 00:00:00;197.95;198.56;193.85;194.33
2025-02-11 20:00:00;195.65;199.49;195.52;197.96
2025-02-11 16:00:00;199.47;200.12;195.12;195.65
2025-02-11 12:00:00;203.39;203.4;197.8;199.47
2025-02-11 08:00:00;204.39;205.95;201.2;203.4
2025-02-11 04:00:00;201.11;206.18;201.04;204.39
2025-02-11 00:00:00;200.47;204.66;199.94;201.11
2025-02-10 20:00:00;201.36;203;199.27;200.47
2025-02-10 16:00:00;203.07;204.41;201.03;201.37
2025-02-10 12:00:00;204.5;209.05;201.48;203.07
2025-02-10 08:00:00;202.77;205.97;202.56;204.5
2025-02-10 04:00:00;201.97;204.6;199.95;202.77
2025-02-10 00:00:00;200.47;205.1;195.85;201.97
2025-02-09 20:00:00;199.07;203;193.53;200.47
2025-02-09 16:00:00;200.7;202.24;197.81;199.08
2025-02-09 12:00:00;201.44;203.05;196.44;200.7
2025-02-09 08:00:00;203.96;204.58;201.22;201.44
2025-02-09 04:00:00;206.95;207.37;203.8;203.96
2025-02-09 00:00:00;199.32;207;198.52;206.95
2025-02-08 20:00:00;196.89;200.88;196.74;199.32
2025-02-08 16:00:00;193.42;198.4;193.2;196.9
2025-02-08 12:00:00;194.39;196.45;192.74;193.41
2025-02-08 08:00:00;192.79;194.99;191.65;194.39
2025-02-08 04:00:00;192.98;193.34;189.81;192.79
2025-02-08 00:00:00;192;194.34;191.38;192.98
2025-02-07 20:00:00;195.44;195.64;188.12;191.99
2025-02-07 16:00:00;198.08;199.15;194.62;195.44
2025-02-07 12:00:00;198.47;203.42;195.84;198.07
2025-02-07 08:00:00;192.54;198.66;191.69;198.47
2025-02-07 04:00:00;193.3;195.36;189.02;192.54
2025-02-07 00:00:00;189.53;195.87;189.18;193.31
2025-02-06 20:00:00;189.91;194.66;187.39;189.54
2025-02-06 16:00:00;191.23;192.95;188.36;189.9
2025-02-06 12:00:00;200.27;200.65;190.52;191.23
2025-02-06 08:00:00;202;202.93;198.66;200.26
2025-02-06 04:00:00;200.71;203.98;200.27;202
2025-02-06 00:00:00;196.12;201.27;195.93;200.71
2025-02-05 20:00:00;199.56;200.67;195.14;196.12
2025-02-05 16:00:00;201.76;202.12;196.42;199.56
2025-02-05 12:00:00;206.32;207.62;201.42;201.77
2025-02-05 08:00:00;205.06;206.94;202.92;206.33
2025-02-05 04:00:00;207.38;208.32;203.54;205.07
2025-02-05 00:00:00;206.64;209.39;205.11;207.38
2025-02-04 20:00:00;208.29;210.49;202.52;206.64
2025-02-04 16:00:00;215.65;218.35;208.27;208.29
2025-02-04 12:00:00;207.67;216.74;207.67;215.65
2025-02-04 08:00:00;204.22;210.8;202.43;207.67
2025-02-04 04:00:00;215.48;216.08;201.87;204.23
2025-02-04 00:00:00;216.27;219.97;213.89;215.48
2025-02-03 20:00:00;215.19;218.7;209.89;216.28
2025-02-03 16:00:00;207.01;215.27;203.61;215.2
2025-02-03 12:00:00;198.74;210;189.9;207.02
2025-02-03 08:00:00;199.09;202.15;193.38;198.74
2025-02-03 04:00:00;197.92;199.97;189.27;199.09
2025-02-03 00:00:00;203.52;203.89;175.89;197.92
2025-02-02 20:00:00;203.53;206.78;192.31;203.51
2025-02-02 16:00:00;212.06;212.13;195;203.54
2025-02-02 12:00:00;208.67;214.19;208.24;212.07
2025-02-02 08:00:00;211.77;215.79;207.71;208.68
2025-02-02 04:00:00;207.11;214.08;206.74;211.78
2025-02-02 00:00:00;213.03;218.9;206.83;207.11
2025-02-01 20:00:00;221.76;221.76;212.74;213.03
2025-02-01 16:00:00;226.38;227.66;220.86;221.75
2025-02-01 12:00:00;228.1;229.53;224.83;226.38
2025-02-01 08:00:00;230.67;230.93;226.29;228.11
2025-02-01 04:00:00;231.47;233.08;230;230.68
2025-02-01 00:00:00;231.77;236.46;230.61;231.46
2025-01-31 20:00:00;230.51;231.86;228.24;231.77
2025-01-31 16:00:00;240.1;240.18;230.17;230.52
2025-01-31 12:00:00;238.77;241.82;236.05;240.09
2025-01-31 08:00:00;235.73;239.05;234.19;238.76
2025-01-31 04:00:00;235.95;238.41;234.92;235.73
2025-01-31 00:00:00;238.3;239.19;235.13;235.95
2025-01-30 20:00:00;241.14;242.2;238.3;238.31
2025-01-30 16:00:00;241.08;243.42;238.72;241.13
2025-01-30 12:00:00;241.77;244.7;239.11;241.09
2025-01-30 08:00:00;238.9;241.94;238.01;241.77
2025-01-30 04:00:00;240.25;242.13;237.2;238.9
2025-01-30 00:00:00;228.16;241.01;226.84;240.24
2025-01-29 20:00:00;231.68;238.49;227.61;228.16
2025-01-29 16:00:00;228.41;236.12;222.63;231.68
2025-01-29 12:00:00;231.98;232.03;226;228.4
2025-01-29 08:00:00;234.42;235.9;230.14;231.99
2025-01-29 04:00:00;231.2;234.78;229.83;234.41
2025-01-29 00:00:00;227.06;232;226.79;231.2
2025-01-28 20:00:00;232.2;232.6;225.01;227.06
2025-01-28 16:00:00;237.49;237.78;230.3;232.19
2025-01-28 12:00:00;238.25;240.23;233.75;237.49
2025-01-28 08:00:00;238.74;239.72;235.32;238.25
2025-01-28 04:00:00;236.68;244;236.66;238.74
2025-01-28 00:00:00;234.9;237.8;233.06;236.69
2025-01-27 20:00:00;226.54;237.9;226.48;234.89
2025-01-27 16:00:00;233.67;235.9;223.92;226.53
2025-01-27 12:00:00;225.84;237.67;223.71;233.66
2025-01-27 08:00:00;227.52;227.99;220.89;225.85
2025-01-27 04:00:00;235.81;235.81;221.71;227.53
2025-01-27 00:00:00;240.49;242.68;232.88;235.8
2025-01-26 20:00:00;256.29;256.63;240.32;240.5
2025-01-26 16:00:00;254.59;258;253.83;256.28
2025-01-26 12:00:00;255.58;257.55;253.32;254.58
2025-01-26 08:00:00;258.95;258.95;252.79;255.59
2025-01-26 04:00:00;258.43;260.16;257.36;258.95
2025-01-26 00:00:00;256.4;259.96;253.58;258.42
2025-01-25 20:00:00;258.49;259.75;255.59;256.41
2025-01-25 16:00:00;253.68;260.78;253.08;258.5
2025-01-25 12:00:00;249.97;254.7;248.25;253.68
2025-01-25 08:00:00;247.27;250.78;246.33;249.97
2025-01-25 04:00:00;252.73;252.74;246.49;247.28
2025-01-25 00:00:00;253.36;253.71;248.08;252.74
2025-01-24 20:00:00;262.06;262.39;252.74;253.37
2025-01-24 16:00:00;262.28;265.49;260.45;262.06
2025-01-24 12:00:00;266.83;270.18;260.84;262.28
2025-01-24 08:00:00;259.7;267.34;259.68;266.82
2025-01-24 04:00:00;252.23;264.44;250.6;259.7
2025-01-24 00:00:00;253.12;256.46;247.18;252.23
2025-01-23 20:00:00;246.84;258.38;243.62;253.11
2025-01-23 16:00:00;249.4;256.32;245.27;246.84
2025-01-23 12:00:00;244.19;254.76;242.19;249.39
2025-01-23 08:00:00;249.52;249.92;242.33;244.19
2025-01-23 04:00:00;248.84;250.71;245.02;249.53
2025-01-23 00:00:00;257.37;258.48;246.38;248.85
2025-01-22 20:00:00;265.29;272.03;255.64;257.36
2025-01-22 16:00:00;257.31;266.31;253.22;265.29
2025-01-22 12:00:00;257.75;264.98;254.48;257.3
2025-01-22 08:00:00;258.51;258.94;252.22;257.76
2025-01-22 04:00:00;254.11;259.78;252.4;258.51
2025-01-22 00:00:00;250.33;256.97;248.43;254.11
2025-01-21 20:00:00;253.41;255.99;246.69;250.33
2025-01-21 16:00:00;240.92;260.06;239.79;253.41
2025-01-21 12:00:00;239.44;244.84;235.77;240.92
2025-01-21 08:00:00;236.83;242.15;235.59;239.44
2025-01-21 04:00:00;237.87;239.15;230;236.84
2025-01-21 00:00:00;242.18;245.21;232.1;237.86
2025-01-20 20:00:00;246.27;250.99;241.51;242.19
2025-01-20 16:00:00;254.07;256.77;232.07;246.26
2025-01-20 12:00:00;260.6;261.74;249.91;254.06
2025-01-20 08:00:00;261.91;273.29;256.64;260.6
2025-01-20 04:00:00;241.38;264.3;239;261.9
2025-01-20 00:00:00;252.4;252.76;229.44;241.38
2025-01-19 20:00:00;269.5;278.43;236.68;252.42
2025-01-19 16:00:00;270.58;275.41;264.04;269.5
2025-01-19 12:00:00;286.23;289.72;262.95;270.58
2025-01-19 08:00:00;271.52;295.83;266.28;286.24
2025-01-19 04:00:00;255.6;277.99;254.17;271.53
2025-01-19 00:00:00;261.97;265;252.08;255.6
2025-01-18 20:00:00;255.35;264.68;247.22;261.97
2025-01-18 16:00:00;257.75;270.67;242.51;255.35
2025-01-18 12:00:00;238.95;260;238.91;257.75
2025-01-18 08:00:00;232.89;245;230.75;238.95
2025-01-18 04:00:00;220.47;238.15;219.85;232.89
2025-01-18 00:00:00;219.52;228.8;217.29;220.47
2025-01-17 20:00:00;217.17;221.22;216.46;219.51
2025-01-17 16:00:00;218.6;221.93;215.66;217.16
2025-01-17 12:00:00;218.77;222.11;216.39;218.6
2025-01-17 08:00:00;213.27;219.7;213.22;218.77
2025-01-17 04:00:00;211.1;213.83;210.94;213.27
2025-01-17 00:00:00;211.15;215.35;209.84;211.1
2025-01-16 20:00:00;214.2;214.54;208.53;211.14
2025-01-16 16:00:00;209.07;215.44;208.83;214.19
2025-01-16 12:00:00;212.77;217.14;205.36;209.07
2025-01-16 08:00:00;203.15;212.98;198.47;212.78
2025-01-16 04:00:00;201.98;203.5;201.46;203.14
2025-01-16 00:00:00;205.86;206.29;201.36;201.99
2025-01-15 20:00:00;201.9;206.04;201.89;205.86
2025-01-15 16:00:00;196.52;202.35;196.43;201.9
2025-01-15 12:00:00;186.98;198.03;185.99;196.52
2025-01-15 08:00:00;189.99;190.7;185.84;186.98
2025-01-15 04:00:00;189.73;190.77;188.35;190
2025-01-15 00:00:00;187.57;189.74;187.03;189.73
2025-01-14 20:00:00;187.08;188.81;185.82;187.57
2025-01-14 16:00:00;186.85;187.91;185.72;187.08
2025-01-14 12:00:00;187.05;190.11;184.69;186.85
2025-01-14 08:00:00;185.61;190.09;185.6;187.06
2025-01-14 04:00:00;184.2;186.91;184.2;185.61
2025-01-14 00:00:00;182.86;184.63;181.88;184.19
2025-01-13 20:00:00;177.6;183.81;176.61;182.87
2025-01-13 16:00:00;178.81;179.81;174.45;177.6
2025-01-13 12:00:00;175.41;180.34;168.88;178.8
2025-01-13 08:00:00;182.46;182.53;175.23;175.41
2025-01-13 04:00:00;185.02;186.98;181.5;182.46
2025-01-13 00:00:00;188.5;191.99;184.21;185.03
2025-01-12 20:00:00;188.9;189.98;186.59;188.51
2025-01-12 16:00:00;190.45;190.76;188.63;188.9
2025-01-12 12:00:00;186.68;191;186.17;190.45
2025-01-12 08:00:00;186.57;186.99;185.17;186.68
2025-01-12 04:00:00;187.31;187.5;185.6;186.57
2025-01-12 00:00:00;188.09;188.6;186.54;187.31
2025-01-11 20:00:00;187.74;191.91;187.49;188.09
2025-01-11 16:00:00;186.96;187.99;185.66;187.75
2025-01-11 12:00:00;186.69;188.25;185.87;186.95
2025-01-11 08:00:00;186.24;186.88;184.01;186.69
2025-01-11 04:00:00;186.37;187.2;185.04;186.24
2025-01-11 00:00:00;187.69;188.79;185.61;186.37
2025-01-10 20:00:00;190.22;190.5;186.71;187.68
2025-01-10 16:00:00;187.28;192.07;183.85;190.22
2025-01-10 12:00:00;191.98;192.18;183.51;187.28
2025-01-10 08:00:00;191.77;192.87;191.13;191.97
2025-01-10 04:00:00;189.14;193.02;188.38;191.78
2025-01-10 00:00:00;184.96;189.56;184.95;189.14
2025-01-09 20:00:00;185.9;187.59;182;184.95
2025-01-09 16:00:00;192.22;192.81;185.72;185.89
2025-01-09 12:00:00;191.17;193.07;185.07;192.22
2025-01-09 08:00:00;190.11;192.83;189.12;191.18
2025-01-09 04:00:00;194.35;195.55;189.76;190.11
2025-01-09 00:00:00;197.48;199.06;194.15;194.35
2025-01-08 20:00:00;194.31;198.3;193.67;197.48
2025-01-08 16:00:00;197.8;197.97;188.34;194.32
2025-01-08 12:00:00;195.51;199.57;194.86;197.8
2025-01-08 08:00:00;195.71;198;194.45;195.5
2025-01-08 04:00:00;198.68;199.57;193.14;195.71
2025-01-08 00:00:00;202.17;203.28;196.71;198.67
2025-01-07 20:00:00;204.56;204.99;201.8;202.17
2025-01-07 16:00:00;207.76;209.09;203.52;204.56
2025-01-07 12:00:00;214.07;214.36;205.36;207.76
2025-01-07 08:00:00;216.04;216.77;212.88;214.06
2025-01-07 04:00:00;217.35;217.45;215.49;216.04
2025-01-07 00:00:00;218.22;219.11;216.23;217.34
2025-01-06 20:00:00;220;220.44;217.55;218.22
2025-01-06 16:00:00;221.62;223.18;217.34;220
2025-01-06 12:00:00;216.26;222.14;215.77;221.62
2025-01-06 08:00:00;215.22;216.27;213.23;216.26
2025-01-06 04:00:00;215.61;216.9;213.9;215.22
2025-01-06 00:00:00;213.41;216.99;211.56;215.61
2025-01-05 20:00:00;212.79;214.54;212.54;213.41
2025-01-05 16:00:00;213.58;214.29;211.46;212.79
2025-01-05 12:00:00;213.94;214.61;211.61;213.59
2025-01-05 08:00:00;216.47;216.57;212.91;213.93
2025-01-05 04:00:00;217.96;219.05;215.97;216.47
2025-01-05 00:00:00;216.67;218.99;215.27;217.96
2025-01-04 20:00:00;215.58;217.27;215.41;216.67
2025-01-04 16:00:00;214.31;215.96;213.73;215.58
2025-01-04 12:00:00;216.46;217.66;213.54;214.32
2025-01-04 08:00:00;216.7;216.73;214.4;216.45
2025-01-04 04:00:00;216.97;217.96;215.58;216.71
2025-01-04 00:00:00;218;218.18;215.67;216.97
2025-01-03 20:00:00;217.1;218.04;215.81;217.99
2025-01-03 16:00:00;217.37;219.83;216.46;217.1
2025-01-03 12:00:00;214.52;218.7;212.09;217.36
2025-01-03 08:00:00;207.95;215.18;207.6;214.51
2025-01-03 04:00:00;208.05;210;207.09;207.95
2025-01-03 00:00:00;208.3;208.45;205.63;208.05
2025-01-02 20:00:00;206.69;208.44;205.2;208.31
2025-01-02 16:00:00;206.77;209.07;204.67;206.69
2025-01-02 12:00:00;208.52;210.48;205.45;206.77
2025-01-02 08:00:00;205.91;208.88;205.66;208.51
2025-01-02 04:00:00;198.55;206.89;198.54;205.91
2025-01-02 00:00:00;194.28;199.7;193.43;198.54
2025-01-01 20:00:00;193.1;195.33;193.1;194.28
2025-01-01 16:00:00;191.91;193.91;189.25;193.1
2025-01-01 12:00:00;191.35;192.15;189.14;191.91
2025-01-01 08:00:00;190.06;191.86;188;191.36
2025-01-01 04:00:00;190.42;190.62;189.32;190.06
2025-01-01 00:00:00;189.31;192.66;189.08;190.43
2024-12-31 20:00:00;193.81;194.82;189.2;189.31
2024-12-31 16:00:00;198.44;199.27;193.22;193.81
2024-12-31 12:00:00;193.8;198.76;193.01;198.44
2024-12-31 08:00:00;190.07;194.96;190;193.79
2024-12-31 04:00:00;189.95;190.77;188.04;190.07
2024-12-31 00:00:00;191.37;192.05;188.33;189.96
2024-12-30 20:00:00;196.2;196.47;189.1;191.38
2024-12-30 16:00:00;187.32;196.3;185.89;196.21
2024-12-30 12:00:00;193.52;194.82;185.99;187.32
2024-12-30 08:00:00;192.37;194.14;191.52;193.51
2024-12-30 04:00:00;191.37;193.73;189.58;192.36
2024-12-30 00:00:00;189.94;194.4;189.08;191.38
2024-12-29 20:00:00;192.71;192.81;188.57;189.94
2024-12-29 16:00:00;195.15;195.48;192.16;192.71
2024-12-29 12:00:00;196.1;197.71;192.91;195.14
2024-12-29 08:00:00;196.03;197.34;194.88;196.09
2024-12-29 04:00:00;194.79;197.37;194.07;196.04
2024-12-29 00:00:00;195.5;195.7;192.42;194.78
2024-12-28 20:00:00;193.76;196.1;192.71;195.5
2024-12-28 16:00:00;190.19;195.35;189.64;193.76
2024-12-28 12:00:00;187.19;191.3;186.5;190.18
2024-12-28 08:00:00;185.13;187.36;185;187.19
2024-12-28 04:00:00;185.03;186.32;184.26;185.13
2024-12-28 00:00:00;184.22;186.01;183.82;185.03
2024-12-27 20:00:00;186.9;187;183.13;184.22
2024-12-27 16:00:00;184.12;187.33;182.74;186.9
2024-12-27 12:00:00;191.31;191.42;183.3;184.13
2024-12-27 08:00:00;186.67;194.39;186.65;191.32
2024-12-27 04:00:00;189.45;191.17;185.58;186.67
2024-12-27 00:00:00;188.46;190.5;187.28;189.44
2024-12-26 20:00:00;189.16;190.05;186.54;188.46
2024-12-26 16:00:00;188.7;190.97;187.4;189.17
2024-12-26 12:00:00;189.81;190.16;187.57;188.7
2024-12-26 08:00:00;193.43;193.84;188.23;189.8
2024-12-26 04:00:00;196.61;196.61;193.35;193.43
2024-12-26 00:00:00;197.45;199.71;195.71;196.62
2024-12-25 20:00:00;199.25;200.13;195.61;197.44
2024-12-25 16:00:00;198.26;199.45;196;199.25
2024-12-25 12:00:00;195.8;199.45;195.05;198.27
2024-12-25 08:00:00;198.14;200.54;195;195.79
2024-12-25 04:00:00;199.86;200.59;197.69;198.13
2024-12-25 00:00:00;197.09;201.85;196.4;199.87
2024-12-24 20:00:00;195.25;198;193.35;197.09
2024-12-24 16:00:00;197.79;198.64;194.99;195.25
2024-12-24 12:00:00;192.95;199;191.28;197.79
2024-12-24 08:00:00;191.51;193.98;190.56;192.95
2024-12-24 04:00:00;189.97;191.96;189.29;191.51
2024-12-24 00:00:00;190.12;190.41;186.13;189.97
2024-12-23 20:00:00;187.43;193.48;186.73;190.11
2024-12-23 16:00:00;180.87;189.66;180.74;187.43
2024-12-23 12:00:00;183.59;185.76;180.73;180.87
2024-12-23 08:00:00;182.24;186.67;181.74;183.59
2024-12-23 04:00:00;186.24;187.73;179.91;182.25
2024-12-23 00:00:00;180.53;187.38;176.48;186.24
2024-12-22 20:00:00;178.5;182.41;176.88;180.52
2024-12-22 16:00:00;181.88;184.05;177.85;178.49
2024-12-22 12:00:00;186.69;187.87;179.03;181.87
2024-12-22 08:00:00;184.31;186.98;183.71;186.69
2024-12-22 04:00:00;182.55;184.81;177.88;184.32
2024-12-22 00:00:00;181.46;183.95;179.96;182.56
2024-12-21 20:00:00;181.51;183.39;178.72;181.45
2024-12-21 16:00:00;186.65;187.5;178.3;181.52
2024-12-21 12:00:00;192.93;193.1;183.21;186.65
2024-12-21 08:00:00;198.8;198.97;192.2;192.94
2024-12-21 04:00:00;194.29;201.98;194.2;198.81
2024-12-21 00:00:00;194.48;196.69;193.05;194.28
2024-12-20 20:00:00;191.63;194.78;187.91;194.48
2024-12-20 16:00:00;189.89;193.16;188.29;191.63
2024-12-20 12:00:00;176.02;191.27;175.83;189.89
2024-12-20 08:00:00;191.36;191.59;175.26;176.01
2024-12-20 04:00:00;196.37;197.4;188.11;191.37
2024-12-20 00:00:00;193.82;199.81;191.7;196.36
2024-12-19 20:00:00;191.88;198.14;187.64;193.81
2024-12-19 16:00:00;205.44;206.92;187;191.88
2024-12-19 12:00:00;210.47;211.09;202.4;205.44
2024-12-19 08:00:00;211.82;211.82;207.82;210.48
2024-12-19 04:00:00;208.85;212.14;207.23;211.81
2024-12-19 00:00:00;206.53;209.27;199.39;208.84
2024-12-18 20:00:00;211.68;212.8;204.8;206.53
2024-12-18 16:00:00;217.73;218.34;211.68;211.69
2024-12-18 12:00:00;217.85;218.78;214.64;217.73
2024-12-18 08:00:00;215.92;218.94;215.31;217.85
2024-12-18 04:00:00;217.5;218.3;213.55;215.91
2024-12-18 00:00:00;223.16;226.04;217.13;217.5
2024-12-17 20:00:00;227.46;228.6;221.65;223.15
2024-12-17 16:00:00;220.53;228.95;219.86;227.45
2024-12-17 12:00:00;221.6;227.55;217;220.53
2024-12-17 08:00:00;215.57;223.84;215.5;221.59
2024-12-17 04:00:00;215.45;216.54;213;215.57
2024-12-17 00:00:00;216.19;216.69;211.36;215.45
2024-12-16 20:00:00;218.34;218.97;215.86;216.19
2024-12-16 16:00:00;216.97;221.74;216.81;218.33
2024-12-16 12:00:00;214.11;218.09;213.26;216.98
2024-12-16 08:00:00;223.12;223.33;213.61;214.1
2024-12-16 04:00:00;221.25;223.89;220.6;223.13
2024-12-16 00:00:00;224.26;227.56;220.45;221.25
2024-12-15 20:00:00;221.24;225.5;216.22;224.27
2024-12-15 16:00:00;220.89;222.49;220.49;221.24
2024-12-15 12:00:00;218.41;221.5;217.38;220.88
2024-12-15 08:00:00;217.26;220.14;216.47;218.41
2024-12-15 04:00:00;219.44;221.86;215.68;217.27
2024-12-15 00:00:00;219.94;221.79;218.87;219.44
2024-12-14 20:00:00;218.04;220.91;215.13;219.93
2024-12-14 16:00:00;222.55;222.55;216.73;218.03
2024-12-14 12:00:00;224.36;224.64;220.42;222.56
2024-12-14 08:00:00;225.98;226.75;224.06;224.36
2024-12-14 04:00:00;226.23;227.51;225.14;225.97
2024-12-14 00:00:00;224.79;227;223.62;226.23
2024-12-13 20:00:00;223.28;224.92;223.07;224.79
2024-12-13 16:00:00;221.12;223.89;220.6;223.28
2024-12-13 12:00:00;225.6;226.71;220.7;221.13
2024-12-13 08:00:00;224.82;227.27;223.89;225.61
2024-12-13 04:00:00;227.18;227.51;223.09;224.81
2024-12-13 00:00:00;226.95;228.44;224.27;227.17
2024-12-12 20:00:00;227.25;229.73;225.71;226.96
2024-12-12 16:00:00;231.3;234.69;226.59;227.24
2024-12-12 12:00:00;229.59;233.28;228.61;231.3
2024-12-12 08:00:00;230;233.53;228.3;229.59
2024-12-12 04:00:00;230.37;232.98;228.98;230.01
2024-12-12 00:00:00;227.29;231.97;225.67;230.36
2024-12-11 20:00:00;229.78;230.65;226.77;227.29
2024-12-11 16:00:00;228.38;230.51;227.29;229.77
2024-12-11 12:00:00;224.78;230.29;224.06;228.38
2024-12-11 08:00:00;218.45;225.41;218.31;224.79
2024-12-11 04:00:00;219.39;220.32;216.9;218.44
2024-12-11 00:00:00;213.6;219.4;211.51;219.39
2024-12-10 20:00:00;212.09;216.29;211.34;213.6
2024-12-10 16:00:00;206.58;212.77;203.21;212.1
2024-12-10 12:00:00;216.21;218.6;206.27;206.55
2024-12-10 08:00:00;217.33;218.59;215.08;216.21
2024-12-10 04:00:00;215.79;218.74;212.14;217.34
2024-12-10 00:00:00;216.62;221.06;206.96;215.8
2024-12-09 20:00:00;221.95;225.75;203;216.63
2024-12-09 16:00:00;224.3;226.15;221.7;221.95
2024-12-09 12:00:00;225.99;231.76;222.89;224.29
2024-12-09 08:00:00;231.59;231.82;225.29;225.99
2024-12-09 04:00:00;231.82;232.8;228.11;231.59
2024-12-09 00:00:00;237.02;237.28;230.17;231.83
2024-12-08 20:00:00;236.51;237.75;234.6;237.02
2024-12-08 16:00:00;237.34;237.68;234.09;236.51
2024-12-08 12:00:00;235.95;237.64;234.47;237.35
2024-12-08 08:00:00;237.6;237.78;233.22;235.96
2024-12-08 04:00:00;240.67;241.07;236.6;237.6
2024-12-08 00:00:00;238.14;241.51;237.6;240.66
2024-12-07 20:00:00;241.67;243.61;237.83;238.14
2024-12-07 16:00:00;240.85;242.54;238.88;241.67
2024-12-07 12:00:00;238.15;243.2;237.17;240.84
2024-12-07 08:00:00;236.21;239.36;235.01;238.15
2024-12-07 04:00:00;234.86;236.59;234.32;236.21
2024-12-07 00:00:00;236.87;237.44;234.12;234.86
2024-12-06 20:00:00;239.7;240.73;235.34;236.87
2024-12-06 16:00:00;238.01;240.43;237.04;239.7
2024-12-06 12:00:00;234.12;240;230.92;238.02
2024-12-06 08:00:00;239.31;240.51;233.61;234.13
2024-12-06 04:00:00;241.98;242.93;237.67;239.3
2024-12-06 00:00:00;235.84;247;234.31;241.98
2024-12-05 20:00:00;233.08;240.65;225;235.84
2024-12-05 16:00:00;239.07;242.93;232.35;233.07
2024-12-05 12:00:00;241.79;244.77;236.21;239.06
2024-12-05 08:00:00;233.9;242.37;233.51;241.79
2024-12-05 04:00:00;232.92;238.23;231.39;233.89
2024-12-05 00:00:00;229.15;238.59;222.95;232.93
2024-12-04 20:00:00;232.68;236.23;225.78;229.15
2024-12-04 16:00:00;233.73;234.04;224.67;232.67
2024-12-04 12:00:00;235.98;236.15;229.92;233.72
2024-12-04 08:00:00;236.57;237.87;235.02;235.98
2024-12-04 04:00:00;237.7;241;235.79;236.58
2024-12-04 00:00:00;233.92;240.6;233.92;237.7
2024-12-03 20:00:00;228.16;239.6;227.73;233.92
2024-12-03 16:00:00;223.21;228.43;220.27;228.16
2024-12-03 12:00:00;225.58;226.34;215;223.22
2024-12-03 08:00:00;226.92;228.5;222.9;225.59
2024-12-03 04:00:00;227.95;230.98;225.14;226.92
2024-12-03 00:00:00;225.73;229.32;223.15;227.95
2024-12-02 20:00:00;223.97;225.86;221.21;225.72
2024-12-02 16:00:00;229.21;229.94;220;223.98
2024-12-02 12:00:00;224.78;229.6;221.61;229.21
2024-12-02 08:00:00;228.62;228.8;222.84;224.77
2024-12-02 04:00:00;228.46;230.3;225.93;228.62
2024-12-02 00:00:00;236.79;238.2;228;228.47
2024-12-01 20:00:00;236.28;239.08;234.2;236.8
2024-12-01 16:00:00;238.51;239.41;235.05;236.29
2024-12-01 12:00:00;237.09;239.32;236.15;238.5
2024-12-01 08:00:00;235.46;238.74;235.35;237.09
2024-12-01 04:00:00;235.66;236.89;235.02;235.46
2024-12-01 00:00:00;237.6;239.89;234.1;235.67
2024-11-30 20:00:00;239.91;241.17;237.5;237.6
2024-11-30 16:00:00;239.87;240.55;238.82;239.92
2024-11-30 12:00:00;241.47;243.08;238.65;239.87
2024-11-30 08:00:00;244.22;245.4;240.06;241.46
2024-11-30 04:00:00;242.89;245.13;241.57;244.23
2024-11-30 00:00:00;243.33;243.35;239.01;242.88
2024-11-29 20:00:00;241.14;245.3;240.95;243.33
2024-11-29 16:00:00;243.51;244.55;239.97;241.14
2024-11-29 12:00:00;245.22;246.77;242.09;243.5
2024-11-29 08:00:00;237.66;245.49;237.66;245.22
2024-11-29 04:00:00;241.97;242.2;237.54;237.65
2024-11-29 00:00:00;237.58;243.11;236.55;241.98
2024-11-28 20:00:00;235.47;238.35;234.9;237.59
2024-11-28 16:00:00;233.06;237.04;233.06;235.47
2024-11-28 12:00:00;236.89;237.73;232.8;233.06
2024-11-28 08:00:00;238.03;239.14;234.37;236.9
2024-11-28 04:00:00;240.01;241.15;236.61;238.02
2024-11-28 00:00:00;241.96;245.28;238.1;240.01
2024-11-27 20:00:00;239.06;243.33;238.78;241.96
2024-11-27 16:00:00;240.59;241.14;237.71;239.07
2024-11-27 12:00:00;234.99;240.91;232.61;240.59
2024-11-27 08:00:00;234.35;237.08;232.04;235
2024-11-27 04:00:00;231.51;234.99;227.51;234.34
2024-11-27 00:00:00;230.69;233.81;228.14;231.51
2024-11-26 20:00:00;229.03;232.2;227.4;230.69
2024-11-26 16:00:00;227.36;232.49;223.4;229.03
2024-11-26 12:00:00;227.73;232.64;225.81;227.36
2024-11-26 08:00:00;235.72;236.6;221.8;227.73
2024-11-26 04:00:00;237.44;239.66;234.97;235.73
2024-11-26 00:00:00;234.18;239.62;233.57;237.45
2024-11-25 20:00:00;239.65;241.15;231.21;234.18
2024-11-25 16:00:00;244.97;246.13;237.26;239.65
2024-11-25 12:00:00;252.17;252.55;235.04;244.97
2024-11-25 08:00:00;253.28;256.7;251.26;252.17
2024-11-25 04:00:00;252.45;254.06;251.65;253.28
2024-11-25 00:00:00;252.74;253.18;245.7;252.46
2024-11-24 20:00:00;248.57;254.76;248.14;252.73
2024-11-24 16:00:00;244.18;250.44;243.66;248.58
2024-11-24 12:00:00;248.39;250.21;240.93;244.17
2024-11-24 08:00:00;256.63;256.75;248;248.39
2024-11-24 04:00:00;258.58;259.2;254.06;256.63
2024-11-24 00:00:00;254.9;259.78;254.49;258.57
2024-11-23 20:00:00;254.38;256.06;252.69;254.89
2024-11-23 16:00:00;259.71;260.3;254.15;254.39
2024-11-23 12:00:00;256.13;263.6;255.91;259.71
2024-11-23 08:00:00;258.27;259.46;255.8;256.14
2024-11-23 04:00:00;257.2;264;256.9;258.26
2024-11-23 00:00:00;256.9;257.74;253.34;257.2
2024-11-22 20:00:00;254.04;257.91;253.28;256.9
2024-11-22 16:00:00;256.38;256.38;251.47;254.04
2024-11-22 12:00:00;259.26;260.35;252.48;256.38
2024-11-22 08:00:00;259.23;260.96;256.23;259.26
2024-11-22 04:00:00;262.48;262.8;257.84;259.22
2024-11-22 00:00:00;256.38;264.39;252.37;262.48
2024-11-21 20:00:00;253.93;257.5;252.89;256.37
2024-11-21 16:00:00;248.87;259.8;248.3;253.93
2024-11-21 12:00:00;239.98;253;239.95;248.86
2024-11-21 08:00:00;241.48;243.49;239.79;239.97
2024-11-21 04:00:00;235.82;242.78;235.66;241.47
2024-11-21 00:00:00;235.48;238.7;229.6;235.82
2024-11-20 20:00:00;233;238.06;231.73;235.48
2024-11-20 16:00:00;238.37;239.14;230.95;233
2024-11-20 12:00:00;237.55;242.54;235.5;238.37
2024-11-20 08:00:00;235.94;238.78;234.77;237.55
2024-11-20 04:00:00;233.81;236.36;231.47;235.94
2024-11-20 00:00:00;237.64;237.91;230.37;233.81
2024-11-19 20:00:00;243.54;244.23;233.4;237.63
2024-11-19 16:00:00;240.59;244.54;240.09;243.54
2024-11-19 12:00:00;246.07;247.5;238.36;240.58
2024-11-19 08:00:00;243.32;247;241.93;246.07
2024-11-19 04:00:00;240.6;244.62;238.7;243.32
2024-11-19 00:00:00;239.79;243.39;237.54;240.61
2024-11-18 20:00:00;236.29;240.9;235.7;239.79
2024-11-18 16:00:00;243.33;243.94;234.26;236.28
2024-11-18 12:00:00;242.51;245;238.04;243.33
2024-11-18 08:00:00;242.06;248.44;239.74;242.5
2024-11-18 04:00:00;244.18;245.27;239.39;242.05
2024-11-18 00:00:00;237.47;244.47;234.01;244.18
2024-11-17 20:00:00;235.4;238.4;231.59;237.47
2024-11-17 16:00:00;233.96;235.59;231.21;235.4
2024-11-17 12:00:00;234.81;236.01;229.4;233.96
2024-11-17 08:00:00;237.22;242.33;234.29;234.81
2024-11-17 04:00:00;221.37;239.9;221.37;237.23
2024-11-17 00:00:00;215.72;221.5;212.1;221.37
2024-11-16 20:00:00;216.27;217.36;214.01;215.71
2024-11-16 16:00:00;215.03;217;213.35;216.27
2024-11-16 12:00:00;218.9;221.8;213.72;215.03
2024-11-16 08:00:00;218.91;219.76;216.61;218.9
2024-11-16 04:00:00;221.34;221.99;218.45;218.91
2024-11-16 00:00:00;218.44;221.61;215.88;221.35
2024-11-15 20:00:00;212.38;220.5;212.25;218.45
2024-11-15 16:00:00;208.32;213.52;208.04;212.38
2024-11-15 12:00:00;213.57;215.33;206.71;208.32
2024-11-15 08:00:00;209.19;213.93;207.82;213.58
2024-11-15 04:00:00;209.01;210.66;204.48;209.18
2024-11-15 00:00:00;209.57;212.88;208.03;209.02
2024-11-14 20:00:00;215.61;215.61;206.78;209.57
2024-11-14 16:00:00;210.84;217.12;209.85;215.62
2024-11-14 12:00:00;216.03;217.96;209.03;210.84
2024-11-14 08:00:00;218.12;222.8;213.51;216.04
2024-11-14 04:00:00;219.44;220.73;215.16;218.12
2024-11-14 00:00:00;215.14;219.5;212.05;219.44
2024-11-13 20:00:00;210.87;215.5;205.93;215.13
2024-11-13 16:00:00;216.39;220.44;210.31;210.87
2024-11-13 12:00:00;207.71;217.3;205.95;216.4
2024-11-13 08:00:00;205.22;209.45;203.85;207.71
2024-11-13 04:00:00;203.19;207.27;200.67;205.22
2024-11-13 00:00:00;211.63;213.2;203.02;203.18
2024-11-12 20:00:00;213.17;215.46;210.08;211.64
2024-11-12 16:00:00;210.54;215.35;206.61;213.17
2024-11-12 12:00:00;211.12;213.98;204.71;210.53
2024-11-12 08:00:00;221.84;225.21;208.49;211.13
2024-11-12 04:00:00;220.63;221.92;216.02;221.84
2024-11-12 00:00:00;222.12;222.57;215;220.64
2024-11-11 20:00:00;217.81;224;216.67;222.13
2024-11-11 16:00:00;219;222;216.03;217.82
2024-11-11 12:00:00;217.62;221;214.47;219
2024-11-11 08:00:00;208;217.67;206.6;217.62
2024-11-11 04:00:00;210;210.26;204.16;208.01
2024-11-11 00:00:00;210.07;212.38;208.13;210
2024-11-10 20:00:00;208.48;213.97;199.73;210.07
2024-11-10 16:00:00;212.23;215.27;206.25;208.47
2024-11-10 12:00:00;206.59;213.3;203.47;212.23
2024-11-10 08:00:00;205.06;207.39;204.02;206.59
2024-11-10 04:00:00;201.41;209;200.92;205.06
2024-11-10 00:00:00;199.89;204.91;198.68;201.42
2024-11-09 20:00:00;197.75;201.99;197.4;199.89
2024-11-09 16:00:00;198.39;199.59;194.86;197.75
2024-11-09 12:00:00;202.17;202.56;197.35;198.4
2024-11-09 08:00:00;200.27;203.45;199.91;202.18
2024-11-09 04:00:00;198.96;202.41;198.96;200.26
2024-11-09 00:00:00;199.86;200.26;197.21;198.97
2024-11-08 20:00:00;199.54;200.19;197.1;199.85
2024-11-08 16:00:00;200.98;202.1;196.21;199.55
2024-11-08 12:00:00;203.05;205;198.41;200.99
2024-11-08 08:00:00;200.38;205;198.09;203.06
2024-11-08 04:00:00;198.16;200.8;197.39;200.38
2024-11-08 00:00:00;196.36;201;195.64;198.15
2024-11-07 20:00:00;196.99;197.78;194.13;196.35
2024-11-07 16:00:00;192.65;197.84;190.94;197
2024-11-07 12:00:00;186.05;192.78;185.96;192.66
2024-11-07 08:00:00;188.01;189.35;185.96;186.04
2024-11-07 04:00:00;189.08;190.04;186;188.01
2024-11-07 00:00:00;186.59;191.95;185.84;189.08
2024-11-06 20:00:00;188.36;190.01;186.42;186.59
2024-11-06 16:00:00;185.51;188.37;184.74;188.36
2024-11-06 12:00:00;186.72;188.7;184.26;185.51
2024-11-06 08:00:00;183.82;186.85;180.11;186.72
2024-11-06 04:00:00;184.94;188.36;182.69;183.83
2024-11-06 00:00:00;166.63;185;166.4;184.94
2024-11-05 20:00:00;164.09;167.71;163.11;166.62
2024-11-05 16:00:00;165.95;169.3;163.36;164.09
2024-11-05 12:00:00;162.38;167.94;161.84;165.94
2024-11-05 08:00:00;162.04;163.08;161.03;162.39
2024-11-05 04:00:00;159.65;162.47;159.35;162.04
2024-11-05 00:00:00;157.95;159.71;156.86;159.66
2024-11-04 20:00:00;159.59;160;155.11;157.95
2024-11-04 16:00:00;163.04;163.47;159.14;159.59
2024-11-04 12:00:00;164.08;165;161.62;163.03
2024-11-04 08:00:00;161.41;164.93;160.07;164.08
2024-11-04 04:00:00;162.83;163.85;161.35;161.41
2024-11-04 00:00:00;162.52;165.04;160.48;162.82
2024-11-03 20:00:00;161.06;163.83;160.5;162.53
2024-11-03 16:00:00;159.99;161.83;158.06;161.06
2024-11-03 12:00:00;163.62;164.61;157.82;159.99
2024-11-03 08:00:00;163.53;164.85;162.65;163.62
2024-11-03 04:00:00;161.95;164.08;161.79;163.53
2024-11-03 00:00:00;166.16;166.61;160.84;161.94
2024-11-02 20:00:00;165.15;166.93;164.94;166.17
2024-11-02 16:00:00;163.82;165.41;163;165.15
2024-11-02 12:00:00;166.03;166.44;162.11;163.82
2024-11-02 08:00:00;167.63;167.86;165.85;166.04
2024-11-02 04:00:00;166.99;167.7;165.66;167.64
2024-11-02 00:00:00;166.11;168.61;166.05;167
2024-11-01 20:00:00;166.6;167.12;163.93;166.1
2024-11-01 16:00:00;164.1;167.81;163.69;166.6
2024-11-01 12:00:00;167.88;174;163.43;164.09
2024-11-01 08:00:00;165.96;168.77;165.55;167.88
2024-11-01 04:00:00;167.14;167.63;165.05;165.96
2024-11-01 00:00:00;168.69;169.42;165.38;167.15
2024-10-31 20:00:00;168.69;170.29;167.56;168.69
2024-10-31 16:00:00;170.65;170.73;168.53;168.7
2024-10-31 12:00:00;175;175.45;169.3;170.65
2024-10-31 08:00:00;174.5;176.36;173.31;175
2024-10-31 04:00:00;174.35;176;173.11;174.5
2024-10-31 00:00:00;174.87;176.56;174.1;174.35
2024-10-30 20:00:00;174.3;177.06;173.03;174.87
2024-10-30 16:00:00;173.94;175.79;173.01;174.29
2024-10-30 12:00:00;175.7;177.29;173.15;173.93
2024-10-30 08:00:00;178.69;179.33;175.2;175.71
2024-10-30 04:00:00;180.08;181.36;178.16;178.69
2024-10-30 00:00:00;179.43;180.84;176.94;180.09
2024-10-29 20:00:00;178.17;180.31;176.41;179.42
2024-10-29 16:00:00;180.6;183.38;178.1;178.17
2024-10-29 12:00:00;180.79;180.97;178.37;180.61
2024-10-29 08:00:00;180.16;181.84;180;180.8
2024-10-29 04:00:00;181.81;182.78;179.5;180.16
2024-10-29 00:00:00;178.28;182.3;177.14;181.81
2024-10-28 20:00:00;176.4;179.8;175.75;178.29
2024-10-28 16:00:00;173.39;178.05;172.45;176.42
2024-10-28 12:00:00;176.95;177.95;173.25;173.39
2024-10-28 08:00:00;175.69;178.59;175.62;176.95
2024-10-28 04:00:00;175.74;176.75;173.14;175.69
2024-10-28 00:00:00;176.63;177.19;174.68;175.74
2024-10-27 20:00:00;177.21;178.27;176.58;176.63
2024-10-27 16:00:00;175.78;177.8;174.74;177.21
2024-10-27 12:00:00;174.03;177.05;174.02;175.77
2024-10-27 08:00:00;173.26;175.53;173.17;174.02
2024-10-27 04:00:00;172.14;173.52;171.66;173.27
2024-10-27 00:00:00;170.87;173.26;170.26;172.14
2024-10-26 20:00:00;171.52;173.25;170.65;170.88
2024-10-26 16:00:00;168.63;172.31;168.36;171.52
2024-10-26 12:00:00;168.66;169.5;167.23;168.63
2024-10-26 08:00:00;167.35;170.3;167.33;168.65
2024-10-26 04:00:00;165.64;169.18;165.3;167.35
2024-10-26 00:00:00;164.91;165.94;162.43;165.64
2024-10-25 20:00:00;167.95;168.84;159.12;164.9
2024-10-25 16:00:00;172.45;173.04;165.11;167.95
2024-10-25 12:00:00;173.65;177.6;171.15;172.45
2024-10-25 08:00:00;171.9;174.14;170.66;173.65
2024-10-25 04:00:00;174.69;175.06;171.46;171.9
2024-10-25 00:00:00;177.19;177.47;174.38;174.68
2024-10-24 20:00:00;177.41;179.3;176.49;177.19
2024-10-24 16:00:00;175.43;177.9;174.65;177.4
2024-10-24 12:00:00;173.85;177.22;173.72;175.43
2024-10-24 08:00:00;173.55;174.38;171;173.85
2024-10-24 04:00:00;174.14;175.26;172.78;173.56
2024-10-24 00:00:00;170.86;175.03;170.5;174.14
2024-10-23 20:00:00;173.02;174.3;170;170.85
2024-10-23 16:00:00;168.14;173.76;164.7;173.02
2024-10-23 12:00:00;166.41;169.48;164.97;168.13
2024-10-23 08:00:00;165.73;166.94;164.13;166.41
2024-10-23 04:00:00;165.51;166.51;164.34;165.74
2024-10-23 00:00:00;167.6;167.96;164.49;165.51
2024-10-22 20:00:00;168.47;169.26;166.77;167.59
2024-10-22 16:00:00;167.79;169.16;166;168.48
2024-10-22 12:00:00;167.88;170.99;164.79;167.78
2024-10-22 08:00:00;167.1;169.21;163.53;167.88
2024-10-22 04:00:00;166.45;168.96;166.18;167.11
2024-10-22 00:00:00;166.16;167.9;162.99;166.45
2024-10-21 20:00:00;167.81;168.16;166.06;166.17
2024-10-21 16:00:00;165.27;168.08;163.02;167.81
2024-10-21 12:00:00;166.42;167.07;160.99;165.27
2024-10-21 08:00:00;168.65;169.62;165.72;166.42
2024-10-21 04:00:00;169.5;171.76;168.58;168.64
2024-10-21 00:00:00;167.4;170.14;167.2;169.51
2024-10-20 20:00:00;160.38;167.94;160.14;167.4
2024-10-20 16:00:00;160.02;161.22;159.3;160.38
2024-10-20 12:00:00;159.19;161.5;157.58;160.01
2024-10-20 08:00:00;158.78;159.42;158.38;159.2
2024-10-20 04:00:00;159.03;160.64;158.58;158.78
2024-10-20 00:00:00;159.79;160.62;158.14;159.03
2024-10-19 20:00:00;156.38;159.85;156.13;159.79
2024-10-19 16:00:00;156.51;156.97;155.32;156.37
2024-10-19 12:00:00;153.83;157.5;153.8;156.51
2024-10-19 08:00:00;154.56;155.04;153.45;153.83
2024-10-19 04:00:00;154.56;155.14;154.12;154.56
2024-10-19 00:00:00;154.93;156.05;154.2;154.56
2024-10-18 20:00:00;154.84;155.18;153.77;154.94
2024-10-18 16:00:00;154.71;156.65;153.62;154.84
2024-10-18 12:00:00;152.99;155.24;152.14;154.72
2024-10-18 08:00:00;153.9;154.3;152.85;153
2024-10-18 04:00:00;151.88;154.23;151.88;153.89
2024-10-18 00:00:00;150.5;153.25;149.56;151.88
2024-10-17 20:00:00;149.39;150.98;149.27;150.5
2024-10-17 16:00:00;152.89;152.92;147.66;149.38
2024-10-17 12:00:00;151.31;153.25;150.77;152.89
2024-10-17 08:00:00;152.61;153.47;151.11;151.31
2024-10-17 04:00:00;154.62;154.78;151.6;152.61
2024-10-17 00:00:00;154.28;155.73;153.56;154.62
2024-10-16 20:00:00;154.34;155.14;153.64;154.28
2024-10-16 16:00:00;155.71;155.97;154.1;154.35
2024-10-16 12:00:00;155.88;156.89;153.69;155.71
2024-10-16 08:00:00;153.67;158.41;153.4;155.88
2024-10-16 04:00:00;154.22;154.96;153.01;153.67
2024-10-16 00:00:00;154.76;156.1;153;154.23
2024-10-15 20:00:00;155.17;155.28;152;154.76
2024-10-15 16:00:00;153.3;156.4;153.07;155.16
2024-10-15 12:00:00;152.42;159.73;150.3;153.29
2024-10-15 08:00:00;155.13;155.5;151.8;152.41
2024-10-15 04:00:00;155.47;156.34;153.71;155.13
2024-10-15 00:00:00;157.59;158.44;155;155.46
2024-10-14 20:00:00;155.65;158.08;155.41;157.59
2024-10-14 16:00:00;156.7;156.9;154.56;155.66
2024-10-14 12:00:00;153.15;158.1;152.57;156.71
2024-10-14 08:00:00;153.04;154.02;152.04;153.16
2024-10-14 04:00:00;152.51;153.5;150.9;153.04
2024-10-14 00:00:00;147.74;152.58;146.8;152.51
2024-10-13 20:00:00;146.02;148.86;145.65;147.74
2024-10-13 16:00:00;145.34;146.53;144.7;146.03
2024-10-13 12:00:00;146.47;148.11;144.45;145.34
2024-10-13 08:00:00;146.42;148.39;146.4;146.47
2024-10-13 04:00:00;145.31;146.99;145.27;146.42
2024-10-13 00:00:00;146.39;147.06;145.13;145.3
2024-10-12 20:00:00;146.79;147.32;146.34;146.4
2024-10-12 16:00:00;146.08;147.19;146.08;146.79
2024-10-12 12:00:00;146.26;147.27;145.71;146.09
2024-10-12 08:00:00;145.58;147.28;145.47;146.26
2024-10-12 04:00:00;145.15;145.98;145.15;145.58
2024-10-12 00:00:00;145.52;146.6;144.71;145.14
2024-10-11 20:00:00;145.44;146.41;145.15;145.53
2024-10-11 16:00:00;144.41;146.62;143.92;145.45
2024-10-11 12:00:00;141.98;145.52;141.88;144.41
2024-10-11 08:00:00;141.17;142.7;140.98;141.97
2024-10-11 04:00:00;140.83;142.12;140.64;141.17
2024-10-11 00:00:00;139.04;141.56;138.68;140.83
2024-10-10 20:00:00;138.11;139.07;137.14;139.03
2024-10-10 16:00:00;138.66;139.09;135.52;138.11
2024-10-10 12:00:00;140.44;140.83;136.2;138.67
2024-10-10 08:00:00;139.7;140.5;137.43;140.44
2024-10-10 04:00:00;139.89;140.92;139.48;139.69
2024-10-10 00:00:00;139.33;140.41;137.66;139.89
2024-10-09 20:00:00;141.11;141.11;138.66;139.33
2024-10-09 16:00:00;142.83;142.9;139.75;141.12
2024-10-09 12:00:00;143.19;143.34;140.19;142.83
2024-10-09 08:00:00;143.16;143.5;142.47;143.2
2024-10-09 04:00:00;143.93;144.31;142.68;143.17
2024-10-09 00:00:00;143.5;145.34;143.09;143.94
2024-10-08 20:00:00;143.67000;144.60001;142.67;143.49
2024-10-08 16:00:00;142.61000;144.050003;141.89000;143.73000
2024-10-08 12:00:00;144.50999;145.34000;141.22000;142.81000
2024-10-08 08:00:00;142.89999;144.55000;142.78000;144.47000
2024-10-08 04:00:00;144.71001;145.020004;142.33000;143.080002
2024-10-08 00:00:00;144.24001;145.55000;143.52000;144.69000
2024-10-07 20:00:00;147.070007;147.12000;143.58000;143.91000
2024-10-07 16:00:00;148.71001;149.37000;145.71001;147.039993
2024-10-07 12:00:00;147.20000;152.23000;146.42000;148.81000
2024-10-07 08:00:00;147.99001;149.19000;145.67999;147.37000
2024-10-07 04:00:00;150.039993;150.53000;147.96001;148
2024-10-07 00:00:00;146.46001;150.84000;146.050003;149.97000
2024-10-06 20:00:00;145.42000;146.67999;144.35001;146.48000
2024-10-06 16:00:00;146.059998;146.5;144.94000;145.42000
2024-10-06 12:00:00;144.17000;146.62000;143.96001;146
2024-10-06 08:00:00;143.0099945;144.32001;142.64000;144.070007
2024-10-06 04:00:00;142.74001;143.39999;142.089996;142.96001
2024-10-06 00:00:00;142.62000;143.64000;142;142.70000
2024-10-05 20:00:00;142.14000;142.92999;141.089996;142.58000
2024-10-05 16:00:00;142.89000;142.99001;142.050003;142.17000
2024-10-05 12:00:00;143.52000;144.14999;142.56000;142.95000
2024-10-05 08:00:00;143.81000;144.88000;143.38000;143.44000
2024-10-05 04:00:00;141.78000;144.52000;141.61000;143.87000
2024-10-05 00:00:00;143.28999;144;141.73000;141.83000
2024-10-04 20:00:00;143.88000;144.45000;142.62000;143.14999
2024-10-04 16:00:00;142.52000;144.47000;141.94000;144
2024-10-04 12:00:00;140.14000;142.58000;138.23000;142.41000
2024-10-04 08:00:00;139.59000;140.94000;139.17000;140.14999
2024-10-04 04:00:00;137.33000;139.75;137.33000;139.53999
2024-10-04 00:00:00;136.82001;138.53000;135.98000;137.28000
2024-10-03 20:00:00;137.20000;137.82001;135.31000;136.85001
2024-10-03 16:00:00;135.53000;137.41000;133.67999;137.32001
2024-10-03 12:00:00;136.85001;138.23000;133.37000;135.63000
2024-10-03 08:00:00;139.89999;139.98000;135.42000;136.97000
2024-10-03 04:00:00;142.81000;142.81000;140.0099945;140.020004
2024-10-03 00:00:00;140.19000;142.89999;138.87000;142.89999
2024-10-02 20:00:00;140.31000;141.63000;138.67000;140.23000
2024-10-02 16:00:00;147.41000;148.35001;138.82001;140.020004
2024-10-02 12:00:00;146.059998;147.61000;142.84000;147.38000
2024-10-02 08:00:00;147.75;148.42999;145.19000;146.13000
2024-10-02 04:00:00;147.14000;148.91000;146.25999;147.85001
2024-10-02 00:00:00;145.19000;147.92999;143.46001;147.24001
2024-10-01 20:00:00;145.39999;146.35001;142.70000;145.25
2024-10-01 16:00:00;149.25;149.83000;142.86000;145.57001
2024-10-01 12:00:00;156.5;156.67000;146.64999;149.72000
2024-10-01 08:00:00;156.77000;157.30000;156.020004;156.47000
2024-10-01 04:00:00;155.070007;157.0099945;154.89999;156.78999
2024-10-01 00:00:00;152.64000;155.22000;151.50999;155.089996
2024-09-30 20:00:00;155.12000;156.94000;151.89999;152.63000
2024-09-30 16:00:00;154.25;155.67999;154;155.020004
2024-09-30 12:00:00;155.47000;157.30000;154.16000;154.16000
2024-09-30 08:00:00;156.85001;156.85001;153.81000;155.67000
2024-09-30 04:00:00;156.089996;157.75;155.34000;156.85001
2024-09-30 00:00:00;158.53999;159.71001;155.36000;156.14999
2024-09-29 20:00:00;159.52000;161.73000;157.91000;158.46001
2024-09-29 16:00:00;157.27000;159.64999;156.70000;159.42999
2024-09-29 12:00:00;156.75999;157.53000;155.72000;157.20000
2024-09-29 08:00:00;155.53000;156.86000;155.14000;156.75999
2024-09-29 04:00:00;157.84000;158.17000;155.20000;155.49001
2024-09-29 00:00:00;156.86000;158.5;156.33000;157.77000
2024-09-28 20:00:00;156.88000;157.039993;155.63000;156.71001
2024-09-28 16:00:00;156.81000;157.28999;156.42999;156.88000
2024-09-28 12:00:00;157.19000;157.98000;156.25999;156.88000
2024-09-28 08:00:00;156.42000;157.57001;155.14999;157.17000
2024-09-28 04:00:00;158.60001;158.83000;156.27000;156.48000
2024-09-28 00:00:00;157.70000;159.39999;157.70000;158.62000
2024-09-27 20:00:00;157.67999;158.39999;157.35001;157.64000
2024-09-27 16:00:00;159.070007;159.55000;157.16000;157.61000
2024-09-27 12:00:00;155.98000;160.99001;155.61000;159.14999
2024-09-27 08:00:00;157.46001;159.080002;155.75;156.11000
2024-09-27 04:00:00;155.63000;158.85001;155.63000;157.47000
2024-09-27 00:00:00;155.50999;156.30000;154.0099945;155.67000
2024-09-26 20:00:00;155.70000;156.28999;154.11000;155.55000
2024-09-26 16:00:00;157.22000;157.86000;155.47000;155.53999
2024-09-26 12:00:00;152.91000;158;151.45000;157.039993
2024-09-26 08:00:00;151.85001;153.10001;150.53000;152.92999
2024-09-26 04:00:00;149.16000;151.85001;148.74001;151.85001
2024-09-26 00:00:00;148.020004;149.56000;146.58000;149.21001
2024-09-25 20:00:00;150.19000;150.88000;147.37000;148
2024-09-25 16:00:00;150.39999;151.91000;148.89999;150.070007
2024-09-25 12:00:00;150.98000;152.80000;149.87000;150.49001
2024-09-25 08:00:00;149.71001;151.0099945;149.55000;151.0099945
2024-09-25 04:00:00;152.0099945;152.22000;149.039993;149.77000
2024-09-25 00:00:00;152.89999;153.75999;151.13000;152
2024-09-24 20:00:00;148.34000;153.96001;148.080002;152.66000
2024-09-24 16:00:00;145.75999;148.41000;145.39000;148.41000
2024-09-24 12:00:00;146.64999;148.48000;144.49001;145.53000
2024-09-24 08:00:00;147.30000;148.70000;146.0099945;146.46001
2024-09-24 04:00:00;146.87000;147.31000;145.47000;147.19000
2024-09-24 00:00:00;144.78999;146.78999;143.33000;146.64999
2024-09-23 20:00:00;143.22000;145.19000;142.58000;144.69000
2024-09-23 16:00:00;144.24001;144.86000;142.77000;143.28000
2024-09-23 12:00:00;143.52000;145.30000;142.64000;144.17000
2024-09-23 08:00:00;145.44000;145.64999;143.14999;143.45000
2024-09-23 04:00:00;147.73000;148.19000;145.19000;145.48000
2024-09-23 00:00:00;144.75999;148.99001;142.19000;147.74001
2024-09-22 20:00:00;144.61000;145.75;141.28000;144.69000
2024-09-22 16:00:00;143.080002;145.34000;142.45000;144.64999
2024-09-22 12:00:00;144.88000;145.16000;142.64999;143.17000
2024-09-22 08:00:00;147.16000;147.53999;144.19000;144.86000
2024-09-22 04:00:00;148.070007;148.98000;146.39000;147.13000
2024-09-22 00:00:00;149.42999;149.87000;147.16000;148.070007
2024-09-21 20:00:00;147.37000;149.80000;147.25;149.39000
2024-09-21 16:00:00;147.64999;148.72000;147.27000;147.36000
2024-09-21 12:00:00;147.27000;149.36000;146.75999;147.63000
2024-09-21 08:00:00;147.52000;147.92999;146.44000;147.21001
2024-09-21 04:00:00;145.96001;147.71001;144.67000;147.47000
2024-09-21 00:00:00;146.55000;147.91000;145.039993;146
2024-09-20 20:00:00;146.78999;147.89999;146.35001;146.70000
2024-09-20 16:00:00;147.92000;148.39999;144.88000;146.70000
2024-09-20 12:00:00;150.57001;151.080002;146.070007;147.86000
2024-09-20 08:00:00;150.99001;151.64000;150.080002;150.59000
2024-09-20 04:00:00;144.55000;152.10001;144.55000;151.050003
2024-09-20 00:00:00;143.14999;144.25999;141.22000;144.25999
2024-09-19 20:00:00;143.16000;143.74001;141.17000;142.88000
2024-09-19 16:00:00;143;143.89999;142.63000;143.16000
2024-09-19 12:00:00;139.50999;142.98000;139.50999;142.98000
2024-09-19 08:00:00;138.56000;139.60001;138.27000;139.55000
2024-09-19 04:00:00;138.31000;139.10001;137.61000;138.58000
2024-09-19 00:00:00;134.50999;138.58000;134.32001;138.0099945
2024-09-18 20:00:00;129.49001;134.34000;128.71001;134.34000
2024-09-18 16:00:00;127.63000;132.88000;127.40000;129.48000
2024-09-18 12:00:00;129.25;130.23000;127.17000;127.66000
2024-09-18 08:00:00;131.31000;131.33000;128.12000;129.37000
2024-09-18 04:00:00;131.66000;131.84000;130.61000;131.36000
2024-09-18 00:00:00;131.44000;132.10001;130.28999;131.72000
2024-09-17 20:00:00;132.17999;132.71001;131.21001;131.53999
2024-09-17 16:00:00;134.75999;134.89000;131.16000;132.16000
2024-09-17 12:00:00;132;135.50999;131.029999;134.61000
2024-09-17 08:00:00;132.30000;133.25999;131.78000;131.94000
2024-09-17 04:00:00;131.080002;132.83000;130.75999;132.25999
2024-09-17 00:00:00;131.41000;131.95000;130.36000;131.12000
2024-09-16 20:00:00;130.98000;131.86000;130.089996;131.41000
2024-09-16 16:00:00;131.60001;131.73000;129.050003;130.92000
2024-09-16 12:00:00;131.87000;132.32001;130.17000;131.53999
2024-09-16 08:00:00;131.25;132.28000;130.69000;131.88000
2024-09-16 04:00:00;130.58000;131.34000;130.44000;131.25999
2024-09-16 00:00:00;131.36000;131.80000;129.32001;130.62000
2024-09-15 20:00:00;133.42000;133.5;130.78999;131.39000
2024-09-15 16:00:00;135.77000;135.81000;133.020004;133.46001
2024-09-15 12:00:00;135.41000;136.30000;134.73000;135.78999
2024-09-15 08:00:00;137.16000;137.16000;135.24001;135.62000
2024-09-15 04:00:00;137.46001;137.57001;136.84000;137.16000
2024-09-15 00:00:00;137.16000;137.92000;137.080002;137.44000
2024-09-14 20:00:00;136.67999;137.34000;136.62000;137.14999
2024-09-14 16:00:00;137.42000;137.83000;135.73000;136.59000
2024-09-14 12:00:00;136.75999;138.11000;136.57001;137.41000
2024-09-14 08:00:00;137.5;137.53999;136.53000;136.80000
2024-09-14 04:00:00;139.44000;139.50999;137.45000;137.50999
2024-09-14 00:00:00;139.13000;139.74001;138.49001;139.39000
2024-09-13 20:00:00;138.039993;139.74001;137.99001;139.050003
2024-09-13 16:00:00;136.88000;138.17000;136.13000;138.0099945
2024-09-13 12:00:00;132.61000;136.66000;131.81000;136.57001
2024-09-13 08:00:00;134.59000;134.63000;132.55000;132.57001
2024-09-13 04:00:00;134.39999;134.81000;133.80000;134.59000
2024-09-13 00:00:00;136.14000;136.21001;134.38000;134.44000
2024-09-12 20:00:00;135.61000;136.64999;135.080002;136.039993
2024-09-12 16:00:00;133.52000;135.70000;133.52000;135.70000
2024-09-12 12:00:00;134.80000;136.66000;133.53999;133.56000
2024-09-12 08:00:00;134.89000;135.33000;134.25;134.81000
2024-09-12 04:00:00;135.69000;136.20000;134.46001;134.85001
2024-09-12 00:00:00;132.49001;136;132.42999;135.66000
2024-09-11 20:00:00;132.82001;133.059998;132.059998;132.39999
2024-09-11 16:00:00;131.14000;133.53999;131.14000;132.81000
2024-09-11 12:00:00;131.78999;133.21001;128.39000;131.11000
2024-09-11 08:00:00;132.42000;132.42000;130.53000;131.99001
2024-09-11 04:00:00;133.45000;133.5;131.19000;132.42000
2024-09-11 00:00:00;135.63000;135.87000;133.39000;133.64999
2024-09-10 20:00:00;136.67999;136.71001;135.23000;135.61000
2024-09-10 16:00:00;134.38000;137.86000;133.80000;136.87000
2024-09-10 12:00:00;135.35001;136.28000;133.42000;134.32001
2024-09-10 08:00:00;134.89000;135.37000;134.089996;135.23000
2024-09-10 04:00:00;133.029999;135.22000;132.58000;134.95000
2024-09-10 00:00:00;135.080002;135.080002;132.84000;132.96001
2024-09-09 20:00:00;134.99001;136.84000;133.77000;135.050003
2024-09-09 16:00:00;128.39000;134.92000;128.39000;134.92000
2024-09-09 12:00:00;129.39999;130.050003;127.089996;128.39000
2024-09-09 08:00:00;129.24001;130.80000;129.24001;129.41000
2024-09-09 04:00:00;128.64000;129.39999;127.53000;129.33000
2024-09-09 00:00:00;130.23000;130.99001;128.0099945;128.57001
2024-09-08 20:00:00;128.82001;131.53000;128.36000;130.14999
2024-09-08 16:00:00;126.81000;129.30000;126.71000;128.75
2024-09-08 12:00:00;130;130.20000;126.65000;126.65000
2024-09-08 08:00:00;129.64000;130.97000;129.21001;130.070007
2024-09-08 04:00:00;128.24001;130.070007;127.87000;129.60001
2024-09-08 00:00:00;127.81000;128.42999;126.93000;128.19000
2024-09-07 20:00:00;128.37000;128.38000;126.45000;127.74000
2024-09-07 16:00:00;128.88000;129.050003;126.41000;128.34000
2024-09-07 12:00:00;127.099998;129.32001;126.93000;128.87000
2024-09-07 08:00:00;127.60000;127.68000;126.79000;127.080002
2024-09-07 04:00:00;125.28000;128.33000;125.12000;127.71000
2024-09-07 00:00:00;124.93000;125.64000;124.24000;125.16000
2024-09-06 20:00:00;125.080002;125.94000;120.90000;125.040001
2024-09-06 16:00:00;127.91000;128.32001;124.010002;125.22000
2024-09-06 12:00:00;130.30000;134.23000;127.36000;128.19000
2024-09-06 08:00:00;128.11000;131;128.11000;130.27000
2024-09-06 04:00:00;130.88000;131.14000;127.49000;128.33000
2024-09-06 00:00:00;129.36000;131.50999;128.70000;130.71001
2024-09-05 20:00:00;128.24001;129.89999;128.17000;129.47000
2024-09-05 16:00:00;130.70000;131.029999;127.93000;128.35001
2024-09-05 12:00:00;132.89000;135.39000;130.17999;130.64000
2024-09-05 08:00:00;133.080002;133.72000;131.75999;132.82001
2024-09-05 04:00:00;131.48000;134.14000;130.89999;133.080002
2024-09-05 00:00:00;133.50999;134.34000;131.48000;131.58000
2024-09-04 20:00:00;133.25;134.55000;132.89999;133.64999
2024-09-04 16:00:00;133.91000;134.83000;132.62000;133.22000
2024-09-04 12:00:00;128.53999;134.039993;127.96000;134.039993
2024-09-04 08:00:00;130.44000;130.64999;128.17000;128.49001
2024-09-04 04:00:00;127.63000;131.19000;126.65000;130.30000
2024-09-04 00:00:00;127.62000;128.86000;122.72000;127.77000
2024-09-03 20:00:00;130.96001;131.55000;127.36000;127.51000
2024-09-03 16:00:00;129.67999;132.12000;129.36000;130.88000
2024-09-03 12:00:00;134.31000;135.45000;129.5;129.75
2024-09-03 08:00:00;134.62000;134.62000;132.89000;134.42999
2024-09-03 04:00:00;135.56000;135.81000;133.71001;134.61000
2024-09-03 00:00:00;134.94000;137.25;134.24001;135.42999
2024-09-02 20:00:00;133.10001;135.38000;132.83000;134.95000
2024-09-02 16:00:00;132.57001;133.83000;131.74001;133.020004
2024-09-02 12:00:00;131.86000;133.31000;130.14000;132.49001
2024-09-02 08:00:00;127.75;132.80000;127.31000;131.83000
2024-09-02 04:00:00;130.27000;130.27000;127.13000;127.51000
2024-09-02 00:00:00;128.80000;130.52000;128.5;130.19000
2024-09-01 20:00:00;135.27000;136.050003;127.85000;128.53999
2024-09-01 16:00:00;134.14000;135.77000;131.95000;135.17000
2024-09-01 12:00:00;131.86000;134.80000;130.28000;134.21001
2024-09-01 08:00:00;132.77000;132.78999;130.30000;131.85001
2024-09-01 04:00:00;134.070007;134.080002;131.14999;132.69000
2024-09-01 00:00:00;135.36000;135.58000;132.92000;134.089996
2024-08-31 20:00:00;134.83000;136.28000;134.55000;135.35001
2024-08-31 16:00:00;136.66000;136.66000;134.64000;134.99001
2024-08-31 12:00:00;136.99001;137.27000;135.64999;136.63000
2024-08-31 08:00:00;137.64999;137.85001;135.96001;136.98000
2024-08-31 04:00:00;138.31000;138.77000;137.52000;137.63000
2024-08-31 00:00:00;138.020004;139.19000;137.57001;138.28000
2024-08-30 20:00:00;136.13000;138.47000;135.67000;137.98000
2024-08-30 16:00:00;133.029999;137.67000;132.33000;135.87000
2024-08-30 12:00:00;138.59000;140.57001;132.85001;133.22000
2024-08-30 08:00:00;139.070007;140.0099945;138.42000;138.64999
2024-08-30 04:00:00;138.78000;139.82001;137.31000;139.020004
2024-08-30 00:00:00;139.74001;141.059998;138.45000;138.85001
2024-08-29 20:00:00;140.19000;141.24001;138.13000;140.0099945
2024-08-29 16:00:00;146.029999;146.78000;138.70000;140.27000
2024-08-29 12:00:00;145.56000;147.30000;144.75;146.12000
2024-08-29 08:00:00;144.69000;146.85001;144.45000;145.83000
2024-08-29 04:00:00;143.36000;145.14999;143.22000;144.75
2024-08-29 00:00:00;143.80000;144.97000;143.070007;143.28000
2024-08-28 20:00:00;144.34000;145.75;141.75;143.91000
2024-08-28 16:00:00;144.020004;145.57001;140.63000;144.25999
2024-08-28 12:00:00;147.12000;148.5;143.39000;144.21001
2024-08-28 08:00:00;143.88000;147.99001;142.96001;147.17000
2024-08-28 04:00:00;148.13000;148.70000;143.86000;143.86000
2024-08-28 00:00:00;146.67999;148.24001;145.42999;148.17000
2024-08-27 20:00:00;154.91000;155.029999;145.28999;146.89000
2024-08-27 16:00:00;153.55000;155.50999;153.28999;154.64999
2024-08-27 12:00:00;153.95000;155.59000;153.11000;153.75
2024-08-27 08:00:00;157.72000;157.97000;153.5;154.24001
2024-08-27 04:00:00;158.52000;159.55000;157.39000;157.70000
2024-08-27 00:00:00;157.11000;158.99001;157.11000;158.56000
2024-08-26 20:00:00;158.0099945;159.25;156.5;157.14000
2024-08-26 16:00:00;157.45000;159.32001;155.57001;157.69000
2024-08-26 12:00:00;160.42999;161.41000;156.020004;157.56000
2024-08-26 08:00:00;159.13000;161.87000;158.57001;160.35001
2024-08-26 04:00:00;160.11000;161.11000;158.41000;159.14999
2024-08-26 00:00:00;159.27000;160.16000;157.78000;160.16000
2024-08-25 20:00:00;159.11000;161.96001;158.52000;159.10001
2024-08-25 16:00:00;159.31000;160.17000;158.56000;159.12000
2024-08-25 12:00:00;157.27000;159.88000;156.98000;159.24001
2024-08-25 08:00:00;156.059998;157.94000;155.85001;157.28000
2024-08-25 04:00:00;158.28999;159.029999;155.31000;156.22000
2024-08-25 00:00:00;160.64000;160.64000;157.38000;158.23000
2024-08-24 20:00:00;160.62000;161.11000;157.39999;160.66000
2024-08-24 16:00:00;159.44000;162.14000;159.37000;160.62000
2024-08-24 12:00:00;157.63000;159.69000;157.020004;159.10001
2024-08-24 08:00:00;154.52000;158.69000;154.35001;157.39999
2024-08-24 04:00:00;153.24001;155.28999;153.16000;154.63000
2024-08-24 00:00:00;153.28999;154.52000;152.0099945;153.17999
2024-08-23 20:00:00;149.75999;153.75;149.75999;153.13000
2024-08-23 16:00:00;144.13000;150.020004;144.13000;149.71001
2024-08-23 12:00:00;143.53000;147.020004;142.70000;144.39999
2024-08-23 08:00:00;145.14999;145.44000;143.44000;143.5
2024-08-23 04:00:00;144.49001;145.89000;144.39000;145.089996
2024-08-23 00:00:00;143.25999;145.60001;143.20000;144.49001
2024-08-22 20:00:00;142.73000;143.73000;142.70000;143.22000
2024-08-22 16:00:00;142.57001;143.50999;142.44000;142.67000
2024-08-22 12:00:00;144.57001;144.75999;142.14999;142.64999
2024-08-22 08:00:00;143.42000;144.77000;142.66000;144.55000
2024-08-22 04:00:00;141.70000;143.64000;141.42999;143.33000
2024-08-22 00:00:00;142.94000;143.22000;140.84000;141.74001
2024-08-21 20:00:00;143.57001;144.33000;142.10001;142.72000
2024-08-21 16:00:00;140.37000;143.64999;139.67999;143.49001
2024-08-21 12:00:00;141.28999;142.37000;139;140.33000
2024-08-21 08:00:00;143.21001;143.52000;141.0099945;141.47000
2024-08-21 04:00:00;142.53999;143.77000;142.30000;143.12000
2024-08-21 00:00:00;142.28999;143.039993;141.69000;142.45000
2024-08-20 20:00:00;143.97000;144.39000;142.27000;142.28999
2024-08-20 16:00:00;141.85001;144.25;141.67000;143.95000
2024-08-20 12:00:00;145.39999;146.39999;141.19000;142.10001
2024-08-20 08:00:00;147.49001;147.64999;145.23000;145.32001
2024-08-20 04:00:00;145.66000;148.60001;145.46001;147.47000
2024-08-20 00:00:00;144.16000;147.59000;143.49001;145.46001
2024-08-19 20:00:00;142.86000;144.46001;142.81000;144.32001
2024-08-19 16:00:00;143.84000;145.39999;142.64999;143.19000
2024-08-19 12:00:00;142.25999;144.52000;141.78999;143.94000
2024-08-19 08:00:00;142.36000;143.27000;140.36000;142.34000
2024-08-19 04:00:00;143.20000;143.50999;141.92000;142.33000
2024-08-19 00:00:00;142.25999;143.47000;141.61000;143.24001
2024-08-18 20:00:00;146.44000;147.0099945;142.37000;142.38000
2024-08-18 16:00:00;145.89000;146.60001;144.31000;146.46001
2024-08-18 12:00:00;144.63000;146.52000;144.10001;145.75999
2024-08-18 08:00:00;141.50999;145.85001;141.34000;144.52000
2024-08-18 04:00:00;141.070007;141.92999;140.75999;141.55000
2024-08-18 00:00:00;141.95000;143.16000;141.039993;141.17000
2024-08-17 20:00:00;141.14000;141.95000;140.74001;141.92999
2024-08-17 16:00:00;140.31000;141.64999;140.13000;141.080002
2024-08-17 12:00:00;139.0099945;141.49001;139.0099945;140.17000
2024-08-17 08:00:00;139.47000;140.080002;138.20000;139.12000
2024-08-17 04:00:00;138.84000;139.72000;138.63000;139.48000
2024-08-17 00:00:00;138.89999;140.20000;137.64999;138.81000
2024-08-16 20:00:00;140.92999;141.82001;139.029999;139.029999
2024-08-16 16:00:00;137.91000;141.34000;136.20000;140.88000
2024-08-16 12:00:00;142.11000;142.56000;136.80000;137.94000
2024-08-16 08:00:00;144.53000;144.83000;141.94000;141.95000
2024-08-16 04:00:00;141.92000;144.77000;141.69000;144.48000
2024-08-16 00:00:00;142.28000;144.33000;140.78999;142.050003
2024-08-15 20:00:00;139.98000;144.75;138.91000;142.49001
2024-08-15 16:00:00;145.95000;147.39000;138.10001;140.17000
2024-08-15 12:00:00;143.21001;146.25999;142.23000;146.050003
2024-08-15 08:00:00;142.36000;143.42999;141.34000;143.14999
2024-08-15 04:00:00;144.72000;144.85001;141.089996;142.48000
2024-08-15 00:00:00;143.77000;145.39000;143.23000;144.70000
2024-08-14 20:00:00;144.25999;144.67000;142.56000;143.75999
2024-08-14 16:00:00;146.41000;147.17999;143.81000;144.25
2024-08-14 12:00:00;148.070007;151.82001;144.84000;146.67000
2024-08-14 08:00:00;145.71001;148.99001;144.91000;148.020004
2024-08-14 04:00:00;145.13000;145.72000;144.20000;145.71001
2024-08-14 00:00:00;146.63000;147.13000;143.77000;145.17999
2024-08-13 20:00:00;146.56000;147.86000;145.89000;146.64999
2024-08-13 16:00:00;146.070007;149.70000;144.92999;146.57001
2024-08-13 12:00:00;145.99001;147.62000;144.82001;146.14000
2024-08-13 08:00:00;145.96001;146.28000;143.38000;145.67999
2024-08-13 04:00:00;143.66000;146.97000;143.029999;145.98000
2024-08-13 00:00:00;146.020004;147.24001;142.98000;143.58000
2024-08-12 20:00:00;143.82001;147.42000;141.87000;146.28999
2024-08-12 16:00:00;146.97000;147.73000;143.029999;143.75
2024-08-12 12:00:00;150.25999;150.34000;143.17000;147.58000
2024-08-12 08:00:00;145.95000;150.66000;143.67999;150.37000
2024-08-12 04:00:00;143.91000;146.67000;142.25;146.11000
2024-08-12 00:00:00;141.41000;144.66000;141.41000;143.94000
2024-08-11 20:00:00;145.75;145.75;141.25;141.47000
2024-08-11 16:00:00;148.60001;149.60001;145.70000;145.78000
2024-08-11 12:00:00;153.64000;153.74001;148.089996;148.73000
2024-08-11 08:00:00;156.72000;157.77000;153.080002;153.67999
2024-08-11 04:00:00;155.97000;156.83000;154.81000;156.73000
2024-08-11 00:00:00;154.039993;156.94000;153.74001;155.67000
2024-08-10 20:00:00;154.63000;155.13000;153.64999;154.0099945
2024-08-10 16:00:00;153.95000;155.25999;153.089996;154.48000
2024-08-10 12:00:00;154.91000;155.12000;152.91000;154.20000
2024-08-10 08:00:00;155.46001;155.72000;153.64000;154.85001
2024-08-10 04:00:00;154.070007;155.41000;152.69000;155.41000
2024-08-10 00:00:00;156.14999;158.48000;153.53000;154.039993
2024-08-09 20:00:00;153.62000;157.11000;151.55000;156.23000
2024-08-09 16:00:00;151.32001;154.21001;151.10001;153.58000
2024-08-09 12:00:00;156.59000;157.050003;151.19000;151.19000
2024-08-09 08:00:00;157.95000;159.64000;155.44000;156.64999
2024-08-09 04:00:00;158.78999;159.029999;155.85001;157.81000
2024-08-09 00:00:00;163.25;163.53000;158.35001;159.020004
2024-08-08 20:00:00;155.62000;163.23000;155.44000;162.99001
2024-08-08 16:00:00;160.48000;162.74001;155.32001;155.32001
2024-08-08 12:00:00;154.21001;160.46001;152.60001;160.42999
2024-08-08 08:00:00;153.73000;155.58000;153.17999;154.10001
2024-08-08 04:00:00;153.38000;155.50999;151.67000;153.64999
2024-08-08 00:00:00;144.71001;156.25999;141.47000;153.070007
2024-08-07 20:00:00;143.059998;147.44000;142.48000;144.42999
2024-08-07 16:00:00;148.24001;149.31000;142.5;143.10001
2024-08-07 12:00:00;151.84000;154.35001;146.50999;148.25999
2024-08-07 08:00:00;152.27000;154.86000;150.78999;151.63000
2024-08-07 04:00:00;151.49001;154.96001;150.53000;152.36000
2024-08-07 00:00:00;144.38000;151.58000;142.67000;151.58000
2024-08-06 20:00:00;146.13000;149.31000;143.39000;144.39999
2024-08-06 16:00:00;146;148.22000;145.050003;146.56000
2024-08-06 12:00:00;139.49001;146.19000;136.42000;145.92999
2024-08-06 08:00:00;141.86000;142.059998;136.63000;139.89000
2024-08-06 04:00:00;138.64000;143.77000;137.59000;142.029999
2024-08-06 00:00:00;129.50999;141.029999;129.50999;138.67999
2024-08-05 20:00:00;128.70000;134.84000;128.70000;129.67000
2024-08-05 16:00:00;130.16000;135.27000;126.92000;128.50999
2024-08-05 12:00:00;115.86000;132.23000;110.27000;130.39999
2024-08-05 08:00:00;122.61000;123.72000;110.69000;115.98000
2024-08-05 04:00:00;125.87000;129.66000;110.070000;122.80000
2024-08-05 00:00:00;138.30000;139.050003;122.67000;126.66000
2024-08-04 20:00:00;142.12000;143.86000;137.42999;138.19000
2024-08-04 16:00:00;135.23000;142.71001;132;142.050003
2024-08-04 12:00:00;143.45000;145;135.0099945;135.30000
2024-08-04 08:00:00;140.87000;144.44000;139.61000;143.50999
2024-08-04 04:00:00;144.36000;144.42999;140.70000;140.78000
2024-08-04 00:00:00;142.48000;146.029999;141.89000;144.34000
2024-08-03 20:00:00;140.44000;143.88000;140.12000;142.44000
2024-08-03 16:00:00;146.67000;147.56000;140.31000;140.63000
2024-08-03 12:00:00;152.39999;153.50999;146.16000;146.30000
2024-08-03 08:00:00;151.47000;152.56000;148.41000;152.25
2024-08-03 04:00:00;153.42000;153.44000;151.23000;151.67999
2024-08-03 00:00:00;152.83000;153.95000;148.84000;153.45000
2024-08-02 20:00:00;151.77000;154.94000;150.38000;152.88000
2024-08-02 16:00:00;156.66000;157.27000;150.11000;151.25
2024-08-02 12:00:00;164.41000;167.60001;153.23000;156.89000
2024-08-02 08:00:00;161.41000;165.38000;160.53999;164.37000
2024-08-02 04:00:00;164.46001;165.21001;159.20000;161.42999
2024-08-02 00:00:00;167.39999;169.37000;161.66000;164.42999
2024-08-01 20:00:00;162.16000;168.39000;161.28999;167.52000
2024-08-01 16:00:00;162.58000;162.88000;158.029999;162.32001
2024-08-01 12:00:00;169.67999;171.46001;161.84000;162.85001
2024-08-01 08:00:00;168.19000;169.89999;168.089996;169.66000
2024-08-01 04:00:00;168.64999;169.67999;166.12000;168.17999
2024-08-01 00:00:00;171.88000;172.78999;168.61000;168.71001
2024-07-31 20:00:00;176.21001;176.97000;171.73000;171.73000
2024-07-31 16:00:00;180.029999;182.57001;175.19000;176.60001
2024-07-31 12:00:00;181.74001;184.17000;179.84000;180.039993
2024-07-31 08:00:00;183.35001;184.24001;181.42000;181.71001
2024-07-31 04:00:00;180.89000;183.78999;178.17999;183.14000
2024-07-31 00:00:00;179.19000;181.64999;178.16000;181.039993
2024-07-30 20:00:00;177.61000;179.89000;175.70000;179.089996
2024-07-30 16:00:00;181.050003;181.55000;176.39999;177.88000
2024-07-30 12:00:00;180.81000;182.60001;178.80000;181
2024-07-30 08:00:00;182.13000;182.75999;180.089996;181.050003
2024-07-30 04:00:00;182.57001;184.75999;181.39999;182.39000
2024-07-30 00:00:00;183.19000;183.77000;179.57001;182.59000
2024-07-29 20:00:00;186.57001;186.84000;181.66000;182.55000
2024-07-29 16:00:00;186.77000;187.39000;184.44000;186.77000
2024-07-29 12:00:00;191.0099945;192.99001;185.73000;186.92000
2024-07-29 08:00:00;192.32001;192.32001;190.33000;190.84000
2024-07-29 04:00:00;192.5;193.89999;191.30000;192.37000
2024-07-29 00:00:00;184.89999;193.25999;184.44000;192.27000
2024-07-28 20:00:00;185;185.36000;182.69000;184.89999
2024-07-28 16:00:00;184.12000;185.53999;183.19000;184.78000
2024-07-28 12:00:00;185.25999;186.56000;183.81000;184.089996
2024-07-28 08:00:00;183.92999;185.84000;183.13000;185.35001
2024-07-28 04:00:00;184.31000;184.86000;181.31000;183.84000
2024-07-28 00:00:00;183.64999;186.58000;182.55000;184.31000
2024-07-27 20:00:00;181.059998;186.72000;178.12000;183.83000
2024-07-27 16:00:00;182.45000;183.10001;179.66000;181.42999
2024-07-27 12:00:00;185.42000;188.10001;181.63000;182.49001
2024-07-27 08:00:00;186.11000;187.32001;184.33000;185.41000
2024-07-27 04:00:00;182.66000;186.059998;182.60001;185.89000
2024-07-27 00:00:00;183.14999;184.25999;181.36000;182.66000
2024-07-26 20:00:00;182.32001;183.50999;181.17999;183.059998
2024-07-26 16:00:00;181.66000;182.91000;180.73000;182.070007
2024-07-26 12:00:00;178.97000;183.039993;177.56000;181.62000
2024-07-26 08:00:00;176.86000;179.98000;176.86000;178.78999
2024-07-26 04:00:00;175.83000;177.72000;175.67000;176.71001
2024-07-26 00:00:00;171.99001;176.89000;171.92999;175.71001
2024-07-25 20:00:00;167.92999;172.78000;165.71001;171.85001
2024-07-25 16:00:00;170.32001;172.39999;166.72000;168.10001
2024-07-25 12:00:00;168.81000;171.98000;165.89000;170.32001
2024-07-25 08:00:00;169.34000;171.25;167.31000;169.070007
2024-07-25 04:00:00;170.37000;172.85001;169.31000;169.31000
2024-07-25 00:00:00;178.0099945;179.53999;168.89000;170.74001
2024-07-24 20:00:00;178.30000;180.33000;176.10001;178.16000
2024-07-24 16:00:00;177.73000;182.39999;176.63000;178.14999
2024-07-24 12:00:00;177.89999;181.75999;176.36000;177.75999
2024-07-24 08:00:00;174.22000;178.28999;173.70000;177.92000
2024-07-24 04:00:00;173.64999;174.57001;172.27000;174.23000
2024-07-24 00:00:00;173.050003;174.46001;171.039993;173.64999
2024-07-23 20:00:00;171.91000;174.72000;171.24001;173.0099945
2024-07-23 16:00:00;176.33000;176.91000;170.87000;172
2024-07-23 12:00:00;175.80000;178.22000;172.21001;176.62000
2024-07-23 08:00:00;175.77000;178.60001;174.28999;175.58000
2024-07-23 04:00:00;178.99001;178.99001;173.86000;175.97000
2024-07-23 00:00:00;178.78000;180.48000;177.22000;179.089996
2024-07-22 20:00:00;182.70000;183.21001;177.21001;178.95000
2024-07-22 16:00:00;179.92000;182.99001;178.72000;182.78999
2024-07-22 12:00:00;180.30000;181.66000;177.12000;179.85001
2024-07-22 08:00:00;178.32001;180.87000;176.84000;180.57001
2024-07-22 04:00:00;180.98000;181.64999;177.88000;178.49001
2024-07-22 00:00:00;184.52000;184.86000;180.81000;180.95000
2024-07-21 20:00:00;178;184.97000;177.53999;184.42000
2024-07-21 16:00:00;175.38000;177.98000;170.70000;177.97000
2024-07-21 12:00:00;172.81000;176.45000;171.49001;175.35001
2024-07-21 08:00:00;171.25999;173;171.25999;172.92999
2024-07-21 04:00:00;173.13000;173.77000;171.029999;171.33000
2024-07-21 00:00:00;173.88000;175.28999;172.83000;173.13000
2024-07-20 20:00:00;172.55000;175.0099945;172.55000;173.60001
2024-07-20 16:00:00;169.22000;174.5;169.029999;172.42999
2024-07-20 12:00:00;168.0099945;169.66000;167.35001;169.25
2024-07-20 08:00:00;168.63000;169.77000;167.67000;168.0099945
2024-07-20 04:00:00;169.55000;170.35001;168.55000;168.55000
2024-07-20 00:00:00;169.23000;171.74001;168.36000;169.57001
2024-07-19 20:00:00;170.53000;170.53000;168.029999;169.13000
2024-07-19 16:00:00;168.78999;171.24001;168.36000;170.42999
2024-07-19 12:00:00;162.84000;168.98000;162.39999;168.66000
2024-07-19 08:00:00;161.39999;163.36000;159.39999;162.55000
2024-07-19 04:00:00;161.92999;165.57001;160.75999;161.42999
2024-07-19 00:00:00;159.21001;161.96001;156.25999;161.94000
2024-07-18 20:00:00;156.81000;160.25999;156.36000;159.22000
2024-07-18 16:00:00;156.34000;157.66000;155.31000;156.88000
2024-07-18 12:00:00;159.49001;161.55000;156.24001;156.41000
2024-07-18 08:00:00;158.73000;159.85001;158.17000;159.39999
2024-07-18 04:00:00;159.020004;160;157.070007;158.64999
2024-07-18 00:00:00;155.52000;159.78000;155.52000;158.98000
2024-07-17 20:00:00;156.73000;157.21001;154.98000;155.30000
2024-07-17 16:00:00;157.91000;158.089996;154.71001;156.82001
2024-07-17 12:00:00;160.75999;162.029999;157.96001;158.23000
2024-07-17 08:00:00;160.69000;163.57001;159.60001;160.77000
2024-07-17 04:00:00;160.89999;162.48000;160.089996;160.59000
2024-07-17 00:00:00;160.63000;163.57001;160.12000;160.95000
2024-07-16 20:00:00;161.86000;161.94000;159.20000;160.5
2024-07-16 16:00:00;160.97000;162.42000;159.039993;162
2024-07-16 12:00:00;157.5;161.34000;154.67999;161.050003
2024-07-16 08:00:00;154.70000;157.50999;152.74001;157.32001
2024-07-16 04:00:00;157.85001;158.69000;153.82001;154.39999
2024-07-16 00:00:00;159.38000;160.059998;156.16000;157.86000
2024-07-15 20:00:00;155.25999;159.89999;155.25999;159.62000
2024-07-15 16:00:00;152.91000;156.94000;152.60001;155.36000
2024-07-15 12:00:00;151.71001;153.98000;151.71001;152.86000
2024-07-15 08:00:00;153.23000;154.0099945;151.050003;151.64000
2024-07-15 04:00:00;151.46001;154.0099945;150.75999;153.33000
2024-07-15 00:00:00;147.67999;152.020004;147.039993;151.39000
2024-07-14 20:00:00;145.22000;148.53000;145.13000;147.72000
2024-07-14 16:00:00;145.91000;145.92000;144.70000;145.25999
2024-07-14 12:00:00;144.86000;146;143.59000;145.89000
2024-07-14 08:00:00;144.89999;146.88000;144.84000;144.84000
2024-07-14 04:00:00;143.92000;145.92000;143.92000;144.78000
2024-07-14 00:00:00;142.11000;145.089996;142.089996;144.039993
2024-07-13 20:00:00;139.77000;143.48000;139.14999;141.87000
2024-07-13 16:00:00;140.42000;140.77000;139.24001;139.88000
2024-07-13 12:00:00;140.14999;140.53000;139.32001;140.39999
2024-07-13 08:00:00;139.39000;140.72000;138.45000;140.070007
2024-07-13 04:00:00;138.83000;139.46001;137.98000;139.38000
2024-07-13 00:00:00;139.48000;139.88000;138.28999;138.75
2024-07-12 20:00:00;138.64000;139.53000;136.85001;139.48000
2024-07-12 16:00:00;138.85001;140.48000;137.83000;138.5
2024-07-12 12:00:00;135.64000;139.24001;135.53999;138.92999
2024-07-12 08:00:00;135.35001;135.87000;134.17000;135.57001
2024-07-12 04:00:00;136.67999;137.029999;134.67999;135.42999
2024-07-12 00:00:00;135.72000;138.17000;134.089996;136.52000
2024-07-11 20:00:00;136.53000;137.39999;135.72000;135.77000
2024-07-11 16:00:00;138.28000;138.95000;136.56000;136.62000
2024-07-11 12:00:00;143.60001;145.39999;137.82001;138.31000
2024-07-11 08:00:00;142.30000;143.94000;142.13000;143.56000
2024-07-11 04:00:00;140.14000;142.46001;140.12000;142.089996
2024-07-11 00:00:00;141.96001;143.11000;139.25;140.31000
2024-07-10 20:00:00;141.27000;142.37000;140.28999;142.080002
2024-07-10 16:00:00;141.23000;142.52000;140.38000;141.22000
2024-07-10 12:00:00;142.78999;143.12000;140.059998;141.17000
2024-07-10 08:00:00;144.33000;144.47000;142.36000;142.86000
2024-07-10 04:00:00;141.75999;145.95000;141.75999;144.17999
2024-07-10 00:00:00;141.42000;141.80000;138.67999;141.78999
2024-07-09 20:00:00;142.10001;143.42000;140.97000;141.37000
2024-07-09 16:00:00;140.55000;142.96001;140.20000;142.17000
2024-07-09 12:00:00;142.029999;142.82001;138.74001;140.60001
2024-07-09 08:00:00;142.11000;144.059998;140.44000;142
2024-07-09 04:00:00;140.47000;143.37000;140.11000;141.94000
2024-07-09 00:00:00;139.81000;141.070007;136.53000;140.42999
2024-07-08 20:00:00;138.33000;140.99001;137.36000;139.71001
2024-07-08 16:00:00;137.64000;138.5;135.33000;138.35001
2024-07-08 12:00:00;140.62000;141.60001;134.48000;137.34000
2024-07-08 08:00:00;132.35001;141.73000;132.35001;140.61000
2024-07-08 04:00:00;130.82001;133.91000;129.95000;132.57001
2024-07-08 00:00:00;131.83000;132.92000;128.089996;130.74001
2024-07-07 20:00:00;137.28000;137.80000;131.39999;131.53000
2024-07-07 16:00:00;137.38000;139.38000;136.92000;137.30000
2024-07-07 12:00:00;139.78000;140.67999;135.74001;137.070007
2024-07-07 08:00:00;139.19000;140.58000;138.75999;139.91000
2024-07-07 04:00:00;142.059998;142.059998;138.10001;139.070007
2024-07-07 00:00:00;143.31000;143.31000;140.35001;142.12000
2024-07-06 20:00:00;142.92999;144.13000;142.25999;143.13000
2024-07-06 16:00:00;141.88000;143.48000;141;142.85001
2024-07-06 12:00:00;138.74001;142.020004;137.82001;141.58000
2024-07-06 08:00:00;136.92999;140.49001;136.49001;138.85001
2024-07-06 04:00:00;134.34000;137.32001;133.58000;136.99001
2024-07-06 00:00:00;134.20000;137.66000;132.47000;134.42000
2024-07-05 20:00:00;134.94000;135.77000;134.13000;134.30000
2024-07-05 16:00:00;134.53000;136.10001;133.91000;134.92000
2024-07-05 12:00:00;129.78000;134.92999;128.64000;134.92999
2024-07-05 08:00:00;126.74000;130.74001;122.30000;130.13000
2024-07-05 04:00:00;123.70000;127.64000;121.070000;126.63000
2024-07-05 00:00:00;128.039993;128.99001;121.73000;123.73000
2024-07-04 20:00:00;133.95000;135.60001;127.23000;127.66000
2024-07-04 16:00:00;135.34000;135.91000;133.75999;133.99001
2024-07-04 12:00:00;132.45000;135.61000;129.87000;135.33000
2024-07-04 08:00:00;134.25999;135.81000;132.39000;132.74001
2024-07-04 04:00:00;136.89000;137.30000;134.070007;134.30000
2024-07-04 00:00:00;140.83000;142.71001;133.5;137.029999
2024-07-03 20:00:00;140.75999;142.039993;139.55000;140.78000
2024-07-03 16:00:00;141.52000;143.13000;139.64000;140.39999
2024-07-03 12:00:00;143.85001;144.10001;141.22000;141.72000
2024-07-03 08:00:00;146.24001;147.27000;143.039993;144.070007
2024-07-03 04:00:00;150.39999;150.39999;146.47000;146.80000
2024-07-03 00:00:00;154.080002;154.48000;149.48000;150.53999
2024-07-02 20:00:00;152.85001;154.99001;152.35001;153.92999
2024-07-02 16:00:00;148.25999;153.41000;147.75;152.64999
2024-07-02 12:00:00;149.61000;151.47000;147.39000;148.37000
2024-07-02 08:00:00;147.48000;150.029999;146.92999;149.69000
2024-07-02 04:00:00;149.24001;149.82001;147.029999;147.41000
2024-07-02 00:00:00;146.67999;149.62000;146.16000;149.16000
2024-07-01 20:00:00;147.25999;148.24001;146.059998;146.71001
2024-07-01 16:00:00;148.39999;149.12000;146.71001;147.45000
2024-07-01 12:00:00;146.11000;148.61000;146.11000;148.45000
2024-07-01 08:00:00;148.33000;148.97000;145.89999;146.12000
2024-07-01 04:00:00;147.67999;148.59000;147.19000;148.28000
2024-07-01 00:00:00;146.74001;148.71001;146.029999;147.52000
2024-06-30 20:00:00;144.92000;147.47000;144.059998;146.60001
2024-06-30 16:00:00;143.82001;145.80000;142.78000;144.81000
2024-06-30 12:00:00;141.21001;143.95000;140.59000;143.81000
2024-06-30 08:00:00;140.67000;141.78000;140.36000;141.16000
2024-06-30 04:00:00;138.24001;141.089996;137.24001;140.55000
2024-06-30 00:00:00;140.17999;141.089996;138.28999;138.28999
2024-06-29 20:00:00;141.71001;141.81000;139.77000;140.25
2024-06-29 16:00:00;142.64999;142.64999;141.10001;141.72000
2024-06-29 12:00:00;142.70000;143;141.53000;142.66000
2024-06-29 08:00:00;142.089996;143.080002;141.50999;142.66000
2024-06-29 04:00:00;141.77000;142.52000;140.24001;142
2024-06-29 00:00:00;140.050003;142.50999;140.050003;141.78999
2024-06-28 20:00:00;140.99001;141.63000;139.029999;140.029999
2024-06-28 16:00:00;143.33000;143.66000;140.42999;140.89999
2024-06-28 12:00:00;145.42999;146.74001;141.14000;144.36000
2024-06-28 08:00:00;145.32001;146.14999;144.88000;145.52000
2024-06-28 04:00:00;147.50999;147.55000;143.84000;145.33000
2024-06-28 00:00:00;149.63000;150.38000;146.71001;147.53000
2024-06-27 20:00:00;148.56000;150.35001;148.12000;149.74001
2024-06-27 16:00:00;147.81000;149.37000;146.67000;148.39000
2024-06-27 12:00:00;139.089996;151.0099945;138.78999;147.60001
2024-06-27 08:00:00;135.99001;139.41000;135.57001;139.12000
2024-06-27 04:00:00;137.58000;137.66000;135.23000;135.94000
2024-06-27 00:00:00;136.85001;137.87000;135.72000;137.42999
2024-06-26 20:00:00;137.67999;138.36000;136.27000;136.81000
2024-06-26 16:00:00;136.95000;137.75999;134.92000;137.73000
2024-06-26 12:00:00;137.39000;139.36000;136.13000;136.94000
2024-06-26 08:00:00;137.99001;137.99001;136.039993;137.32001
2024-06-26 04:00:00;138.57001;138.75;136.33000;137.96001
2024-06-26 00:00:00;136.56000;140.32001;136.16000;138.50999
2024-06-25 20:00:00;138.88000;138.98000;135.99001;136.59000
2024-06-25 16:00:00;139.55000;139.57001;137.13000;138.74001
2024-06-25 12:00:00;138.020004;139.82001;136.55000;139.47000
2024-06-25 08:00:00;134.97000;139.050003;133.64999;137.95000
2024-06-25 04:00:00;135.99001;136.80000;134.78999;134.78999
2024-06-25 00:00:00;132.27000;136.50999;131.22000;135.81000
2024-06-24 20:00:00;128.28999;132.57001;125.66000;132.34000
2024-06-24 16:00:00;126.12000;130.34000;125.88000;127.13000
2024-06-24 12:00:00;126.96000;129.82001;125.87000;126.080002
2024-06-24 08:00:00;125.27000;127.40000;123.64000;127.15000
2024-06-24 04:00:00;126.22000;126.66000;123.55000;125.11000
2024-06-24 00:00:00;128.53999;129.75999;126.019997;126.19000
2024-06-23 20:00:00;131.34000;131.50999;128.24001;128.66000
2024-06-23 16:00:00;131.50999;132.5;130.52000;131.39999
2024-06-23 12:00:00;134.080002;134.36000;131.5;131.55000
2024-06-23 08:00:00;134.75999;134.83000;133.55000;134.029999
2024-06-23 04:00:00;134.87000;134.95000;134.25999;134.73000
2024-06-23 00:00:00;133.71001;135.080002;133.60001;134.72000
2024-06-22 20:00:00;134.52000;134.60001;133.20000;133.70000
2024-06-22 16:00:00;134.22000;134.91000;133.96001;134.41000
2024-06-22 12:00:00;134.60001;134.75999;133.89999;134.25999
2024-06-22 08:00:00;134.80000;134.86000;133.78999;134.47000
2024-06-22 04:00:00;135.14000;136.64000;134.53999;134.82001
2024-06-22 00:00:00;134.67000;135.24001;133.070007;134.92000
2024-06-21 20:00:00;133.32001;135.31000;131.98000;134.55000
2024-06-21 16:00:00;131.36000;133.85001;128.81000;132.69000
2024-06-21 12:00:00;132.19000;133.70000;129.75999;131.36000
2024-06-21 08:00:00;131.55000;132.70000;129.77000;132.13000
2024-06-21 04:00:00;132.35001;133.28999;130.67000;131.48000
2024-06-21 00:00:00;133.57001;134.70000;131.94000;132.69000
2024-06-20 20:00:00;134.11000;134.87000;133.47000;133.53000
2024-06-20 16:00:00;133.27000;135.78000;131.99001;133.92999
2024-06-20 12:00:00;139.35001;139.69000;132.62000;133.28000
2024-06-20 08:00:00;137.059998;141.059998;136.5;139.14999
2024-06-20 04:00:00;133.029999;137.86000;132.63000;137.12000
2024-06-20 00:00:00;135.49001;137.17999;132.67000;133.039993
2024-06-19 20:00:00;136.73000;136.78999;134.67000;135.66000
2024-06-19 16:00:00;136.91000;138.81000;135.67000;136.66000
2024-06-19 12:00:00;137.83000;138.75;135.56000;136.89000
2024-06-19 08:00:00;140.11000;140.14000;137.17000;138
2024-06-19 04:00:00;140.19000;141.77000;139.58000;139.99001
2024-06-19 00:00:00;137.17999;141.28000;136.13000;140.14999
2024-06-18 20:00:00;133.33000;138.37000;132.27000;137.41000
